symbol,date,time,window,direction,mfe,entry,LONG_SCORE,bar1_rvol,bar1_body_pct,bar2_body_pct,vwap_slope,is_runner
TSLA,2025-01-03,14:37:00,2:30-4PM,long,0.79,386.88,0,3.1,0.44,0.25,0.21,0
TSLA,2025-01-07,14:31:00,2:30-4PM,long,1.3,409.01,0,6.5,0.5,0.26,0.055,0
TSLA,2025-01-08,14:31:00,2:30-4PM,long,0.69,396.63,0,7.0,0.57,0.27,0.108,0
TSLA,2025-01-10,14:31:00,2:30-4PM,long,0.86,395.87,2,6.2,1.12,0.5,-0.223,0
TSLA,2025-01-10,14:32:00,2:30-4PM,long,0.36,397.86,1,5.6,0.5,0.53,-0.148,0
TSLA,2025-01-14,14:37:00,2:30-4PM,long,0.66,419.87,1,3.0,0.4,0.18,0.386,0
TSLA,2025-01-15,14:39:00,2:30-4PM,long,1.28,412.5,1,2.5,0.87,0.31,0.343,0
TSLA,2025-01-17,14:32:00,2:30-4PM,long,0.65,424.43,1,2.6,0.54,0.29,0.54,0
TSLA,2025-01-22,14:30:00,2:30-4PM,long,1.32,422.44,2,15.2,0.57,0.77,-0.059,0
TSLA,2025-01-22,14:31:00,2:30-4PM,long,0.5,425.88,1,5.5,0.77,0.8,0.041,0
TSLA,2025-01-27,14:30:00,2:30-4PM,long,1.35,400.11,3,15.5,0.41,0.95,0.303,0
TSLA,2025-01-29,14:32:00,2:30-4PM,long,-0.02,398.58,1,5.8,0.43,0.5,-0.101,0
TSLA,2025-01-31,14:30:00,2:30-4PM,long,2.18,406.0,3,15.3,0.43,0.75,0.288,1
TSLA,2025-02-07,14:30:00,2:30-4PM,long,1.64,374.42,2,15.8,0.44,0.7,0.042,0
TSLA,2025-02-07,14:31:00,2:30-4PM,long,1.01,376.76,1,6.9,0.7,0.59,0.15,0
TSLA,2025-02-12,14:30:00,2:30-4PM,long,1.05,334.58,2,14.0,0.85,0.56,0.07,0
TSLA,2025-02-12,14:35:00,2:30-4PM,long,1.03,334.64,1,2.5,0.44,0.68,0.234,0
TSLA,2025-02-12,14:36:00,2:30-4PM,long,0.59,336.13,1,2.4,0.68,0.42,0.281,0
TSLA,2025-02-13,14:31:00,2:30-4PM,long,0.9,347.69,1,5.8,0.42,0.65,-0.012,0
TSLA,2025-02-13,14:32:00,2:30-4PM,long,0.71,348.33,0,4.5,0.65,0.14,0.052,0
TSLA,2025-02-18,14:31:00,2:30-4PM,long,0.2,358.39,1,5.4,1.14,0.17,-0.336,0
TSLA,2025-02-19,14:30:00,2:30-4PM,long,2.27,357.4,2,17.0,0.51,0.56,0.112,1
TSLA,2025-02-20,10:02:00,9:30-11AM,long,0.12,362.45,1,12.3,0.62,0.02,0.069,0
TSLA,2025-02-21,14:32:00,2:30-4PM,long,0.03,354.52,0,3.8,0.48,0.11,-0.249,0
TSLA,2025-02-26,14:35:00,2:30-4PM,long,0.16,308.5,0,2.8,0.6,0.47,-0.512,0
TSLA,2025-02-27,14:31:00,2:30-4PM,long,0.81,294.84,0,4.4,0.69,0.38,-0.349,0
TSLA,2025-03-03,14:35:00,2:30-4PM,long,0.15,303.47,1,2.5,0.58,0.52,-0.124,0
TSLA,2025-03-07,14:30:00,2:30-4PM,long,1.39,262.59,2,15.9,1.17,0.15,0.03,0
TSLA,2025-03-19,15:25:00,2:30-4PM,long,0.8,235.2,0,2.6,0.42,0.21,0.042,0
TSLA,2025-04-02,15:20:00,2:30-4PM,long,3.45,272.23,1,3.7,1.03,0.22,0.23,1
TSLA,2025-04-02,15:22:00,2:30-4PM,long,2.25,275.42,2,2.8,1.06,0.12,0.433,1
TSLA,2025-06-06,14:46:00,2:30-4PM,long,1.52,300.94,0,2.1,0.45,0.15,0.044,0
TSLA,2025-06-10,15:08:00,2:30-4PM,long,0.8,318.68,0,2.9,0.46,0.07,0.053,0
NVDA,2025-01-08,14:30:00,2:30-4PM,long,0.1,143.17,2,15.5,0.53,0.94,0.105,0
NVDA,2025-01-22,14:31:00,2:30-4PM,long,0.83,146.21,1,6.9,0.97,0.46,-0.056,0
NVDA,2025-01-31,14:59:00,2:30-4PM,long,1.07,125.3,0,2.1,0.44,0.24,0.074,0
NVDA,2025-02-10,14:30:00,2:30-4PM,long,2.09,131.74,2,15.6,0.48,0.8,0.166,1
NVDA,2025-02-18,14:30:00,2:30-4PM,long,0.44,142.8,2,16.5,0.68,0.41,0.323,0
NVDA,2025-02-24,14:30:00,2:30-4PM,long,0.74,137.57,1,17.0,0.41,0.13,0.209,0
NVDA,2025-02-28,14:35:00,2:30-4PM,long,0.47,119.03,1,2.1,1.04,0.07,-0.599,0
NVDA,2025-03-04,14:33:00,2:30-4PM,long,1.57,113.36,1,2.8,0.98,0.34,0.146,0
NVDA,2025-03-07,14:30:00,2:30-4PM,long,1.37,111.95,1,15.4,0.49,0.12,-0.064,0
NVDA,2025-04-07,10:02:00,9:30-11AM,long,1.42,91.23,1,5.5,1.43,0.27,0.082,0
NVDA,2025-05-01,15:16:00,2:30-4PM,long,0.28,114.62,0,5.2,0.48,0.17,0.058,0
AAPL,2025-01-15,14:30:00,2:30-4PM,long,0.67,236.54,1,17.7,0.45,0.35,0.09,0
AAPL,2025-01-27,14:30:00,2:30-4PM,long,0.48,226.62,3,16.4,0.61,0.55,0.492,0
AAPL,2025-01-28,14:30:00,2:30-4PM,long,1.1,233.04,2,13.4,0.79,0.15,0.404,0
AAPL,2025-02-11,14:30:00,2:30-4PM,long,0.73,230.22,1,13.4,0.58,0.29,0.228,0
AAPL,2025-02-13,14:30:00,2:30-4PM,long,0.14,238.67,2,19.0,0.65,0.1,0.287,0
AAPL,2025-02-24,14:30:00,2:30-4PM,long,0.56,246.76,2,16.4,0.44,0.27,0.44,0
AAPL,2025-03-03,14:32:00,2:30-4PM,long,0.32,243.25,0,3.0,0.44,0.22,0.033,0
AAPL,2025-03-06,14:36:00,2:30-4PM,long,0.1,236.22,0,3.6,0.62,0.11,0.045,0
AMZN,2025-02-03,14:30:00,2:30-4PM,long,1.18,235.51,2,17.7,0.42,0.26,0.277,0
AMZN,2025-04-07,10:02:00,9:30-11AM,long,1.41,165.64,0,2.9,0.82,0.08,0.029,0
MSFT,2025-03-06,14:32:00,2:30-4PM,long,0.23,397.22,0,3.6,0.47,0.08,-0.329,0
META,2025-01-15,14:31:00,2:30-4PM,long,0.38,611.56,1,3.5,0.53,0.11,0.61,0
META,2025-01-27,14:30:00,2:30-4PM,long,0.13,640.1,3,16.6,1.32,0.78,0.211,0
META,2025-01-30,14:36:00,2:30-4PM,long,2.19,695.55,1,2.4,0.64,0.52,0.183,1
META,2025-01-30,14:38:00,2:30-4PM,long,0.78,705.26,2,3.0,1.04,0.45,0.295,0
META,2025-02-03,14:30:00,2:30-4PM,long,2.03,683.62,3,18.2,0.97,0.25,0.415,1
META,2025-02-03,14:34:00,2:30-4PM,long,1.28,688.68,2,2.8,0.51,0.5,0.664,0
META,2025-03-07,14:34:00,2:30-4PM,long,1.11,627.84,0,3.4,0.62,0.09,-0.149,0
META,2025-04-07,10:02:00,9:30-11AM,long,1.47,489.82,0,4.5,0.58,0.26,0.046,0
META,2025-04-07,10:05:00,9:30-11AM,long,1.25,490.87,0,2.3,0.42,0.18,0.067,0
GOOGL,2025-01-21,14:30:00,2:30-4PM,long,0.55,201.18,2,18.5,0.71,0.47,0.718,0
GOOGL,2025-01-30,14:30:00,2:30-4PM,long,0.9,199.6,2,18.1,0.59,0.21,0.468,0
GOOGL,2025-02-03,15:21:00,2:30-4PM,long,0.85,201.62,0,2.1,0.42,0.14,-0.019,0
GOOGL,2025-02-11,14:32:00,2:30-4PM,long,0.07,186.8,0,4.0,0.42,0.08,0.09,0
GOOGL,2025-03-03,14:31:00,2:30-4PM,long,0.21,173.0,0,4.6,0.77,0.06,0.093,0
GOOGL,2025-04-07,10:02:00,9:30-11AM,long,1.05,140.95,0,2.7,0.59,0.07,0.016,0
NFLX,2025-01-13,14:33:00,2:30-4PM,long,0.33,844.3,1,2.6,0.5,0.15,0.449,0
NFLX,2025-01-21,14:31:00,2:30-4PM,long,0.25,867.85,0,3.8,0.67,0.19,-0.338,0
NFLX,2025-01-23,14:32:00,2:30-4PM,long,0.66,971.63,2,5.0,0.64,0.64,0.283,0
NFLX,2025-01-30,14:37:00,2:30-4PM,long,0.19,992.66,0,5.6,0.59,0.33,-0.023,0
NFLX,2025-02-04,14:32:00,2:30-4PM,long,1.34,992.72,1,6.5,0.56,0.33,0.272,0
NFLX,2025-02-28,14:35:00,2:30-4PM,long,0.42,965.55,0,2.8,0.57,0.21,-0.165,0
NFLX,2025-03-03,14:31:00,2:30-4PM,long,0.03,993.47,0,6.1,0.64,0.27,-0.256,0
AMD,2025-01-03,14:33:00,2:30-4PM,long,0.3,123.0,1,3.6,0.46,0.13,0.369,0
AMD,2025-01-06,14:36:00,2:30-4PM,long,0.38,129.67,0,2.0,0.54,0.23,-0.158,0
AMD,2025-01-30,14:30:00,2:30-4PM,long,0.24,120.15,3,18.5,0.9,0.46,0.476,0
AMD,2025-02-11,14:30:00,2:30-4PM,long,1.3,109.93,1,17.3,0.72,0.19,-0.066,0
AMD,2025-02-20,14:34:00,2:30-4PM,long,0.61,115.84,0,3.6,0.68,0.32,0.102,0
AMD,2025-02-28,14:35:00,2:30-4PM,long,0.46,100.18,0,2.4,0.49,0.42,-0.278,0
AMD,2025-03-04,14:30:00,2:30-4PM,long,1.55,97.42,2,17.1,0.83,0.64,0.008,0
AMD,2025-03-04,14:34:00,2:30-4PM,long,1.08,97.87,1,2.6,0.51,0.42,0.262,0
AMD,2025-03-06,14:37:00,2:30-4PM,long,0.67,99.82,0,2.1,0.43,0.31,-0.604,0
AMD,2025-06-23,10:01:00,9:30-11AM,long,0.31,129.8,2,13.6,0.79,0.76,0.029,0
CRM,2025-01-27,14:30:00,2:30-4PM,long,2.29,336.2,3,18.6,0.53,0.6,0.744,1
CRM,2025-01-27,14:31:00,2:30-4PM,long,1.6,338.5,2,6.1,0.6,0.65,0.957,0
CRM,2025-01-27,14:32:00,2:30-4PM,long,0.92,340.76,2,5.3,0.65,0.68,1.292,0
CRM,2025-01-28,14:58:00,2:30-4PM,long,1.82,359.77,0,2.7,0.43,0.21,0.132,0
CRM,2025-01-30,14:30:00,2:30-4PM,long,0.76,345.38,2,18.8,1.08,0.33,-0.174,0
CRM,2025-02-27,14:32:00,2:30-4PM,long,0.1,299.64,1,2.3,0.4,0.81,-0.052,0
CRM,2025-03-07,14:30:00,2:30-4PM,long,0.42,287.1,2,18.0,0.46,0.86,-0.858,0
AVGO,2025-01-13,14:30:00,2:30-4PM,long,2.07,224.61,4,17.3,1.64,0.56,0.891,1
AVGO,2025-01-13,14:31:00,2:30-4PM,long,1.87,225.05,1,3.2,0.56,0.19,1.07,0
AVGO,2025-01-27,14:32:00,2:30-4PM,long,0.73,216.84,1,2.9,1.47,0.5,-0.95,0
AVGO,2025-01-30,14:31:00,2:30-4PM,long,1.24,219.24,1,4.9,0.69,0.43,0.276,0
AVGO,2025-01-30,14:32:00,2:30-4PM,long,0.86,220.07,1,3.6,0.43,0.41,0.363,0
AVGO,2025-02-03,14:33:00,2:30-4PM,long,1.06,215.74,0,2.2,0.62,0.3,0.106,0
AVGO,2025-02-10,14:30:00,2:30-4PM,long,0.84,229.24,1,18.0,0.63,0.17,0.027,0
AVGO,2025-02-12,14:32:00,2:30-4PM,long,0.69,232.5,0,2.6,0.41,0.08,-0.287,0
AVGO,2025-02-24,14:31:00,2:30-4PM,long,0.2,219.04,0,3.1,0.6,0.16,0.003,0
AVGO,2025-04-07,10:02:00,9:30-11AM,long,1.43,140.21,1,6.1,0.93,0.49,0.054,0
SHOP,2025-02-07,14:30:00,2:30-4PM,long,0.45,119.12,1,17.5,0.58,0.22,0.104,0
SHOP,2025-02-10,14:30:00,2:30-4PM,long,0.32,123.02,3,17.7,0.68,0.6,0.461,0
SHOP,2025-02-24,14:31:00,2:30-4PM,long,0.38,116.58,0,2.8,0.66,0.14,-0.221,0
SHOP,2025-03-03,14:30:00,2:30-4PM,long,0.93,114.15,1,17.5,0.72,0.36,0.128,0
SHOP,2025-03-06,14:31:00,2:30-4PM,long,2.44,103.89,0,3.4,0.67,0.34,-0.755,1
SHOP,2025-06-05,14:41:00,2:30-4PM,long,0.63,105.53,0,4.5,0.63,0.41,0.129,0
UBER,2025-01-06,14:33:00,2:30-4PM,long,0.26,67.18,0,2.4,0.6,0.17,-0.473,0
UBER,2025-01-30,14:30:00,2:30-4PM,long,4.28,64.46,2,17.3,1.39,0.3,-0.943,1
UBER,2025-02-03,14:30:00,2:30-4PM,long,2.21,66.11,1,19.0,0.75,0.43,0.249,1
UBER,2025-02-03,14:31:00,2:30-4PM,long,1.56,66.53,2,3.8,0.43,0.64,0.337,0
UBER,2025-02-03,14:32:00,2:30-4PM,long,1.07,66.98,2,5.5,0.64,0.66,0.587,0
UBER,2025-02-04,14:33:00,2:30-4PM,long,0.4,69.26,1,3.6,0.48,0.3,0.872,0
UBER,2025-02-06,14:30:00,2:30-4PM,long,1.76,66.49,3,18.8,0.41,0.86,0.781,0
UBER,2025-02-06,14:35:00,2:30-4PM,long,1.02,66.98,1,2.5,0.44,0.13,1.4,0
UBER,2025-02-07,14:31:00,2:30-4PM,long,1.8,71.29,2,6.3,1.11,0.45,0.385,0
UBER,2025-02-07,14:32:00,2:30-4PM,long,1.6,71.42,1,5.6,0.45,0.22,0.641,0
UBER,2025-02-07,15:24:00,2:30-4PM,long,0.49,74.2,1,3.3,0.5,0.26,0.465,0
UBER,2025-02-10,14:30:00,2:30-4PM,long,1.03,77.74,2,17.6,0.55,0.28,0.795,0
UBER,2025-03-03,14:31:00,2:30-4PM,long,0.47,77.38,0,4.1,0.64,0.34,0.052,0
COIN,2025-01-08,14:31:00,2:30-4PM,long,1.11,264.07,1,3.2,0.4,0.05,0.265,0
COIN,2025-01-14,14:34:00,2:30-4PM,long,0.22,262.0,1,2.5,0.59,0.17,0.273,0
COIN,2025-01-17,14:32:00,2:30-4PM,long,0.9,295.62,2,6.0,1.44,0.48,0.317,0
COIN,2025-01-21,14:30:00,2:30-4PM,long,-0.05,301.09,2,16.5,0.89,0.06,0.661,0
COIN,2025-01-22,14:34:00,2:30-4PM,long,0.78,293.95,1,2.7,1.18,0.16,0.109,0
COIN,2025-01-22,15:13:00,2:30-4PM,long,0.32,297.29,0,2.4,0.5,0.49,0.056,0
COIN,2025-01-23,14:31:00,2:30-4PM,long,2.43,294.73,1,4.9,0.89,0.65,0.173,1
COIN,2025-01-23,14:32:00,2:30-4PM,long,2.17,295.46,1,4.4,0.65,0.33,0.363,1
COIN,2025-01-23,14:34:00,2:30-4PM,long,1.3,298.0,1,2.9,0.52,0.32,0.906,0
COIN,2025-01-24,14:39:00,2:30-4PM,long,0.09,306.0,0,3.3,0.51,0.04,0.169,0
COIN,2025-01-29,14:30:00,2:30-4PM,long,1.23,285.5,2,15.7,0.48,0.84,-0.056,0
COIN,2025-01-29,14:31:00,2:30-4PM,long,0.45,287.71,2,8.8,0.84,0.77,0.074,0
COIN,2025-01-29,14:32:00,2:30-4PM,long,0.15,288.55,2,8.7,0.77,0.29,0.412,0
COIN,2025-01-30,14:31:00,2:30-4PM,long,1.6,299.16,2,5.7,1.08,0.64,0.187,0
COIN,2025-01-30,14:32:00,2:30-4PM,long,1.39,301.16,2,5.1,0.64,0.63,0.456,0
COIN,2025-02-04,14:33:00,2:30-4PM,long,1.0,283.16,1,2.5,0.94,0.17,-0.519,0
COIN,2025-02-07,14:30:00,2:30-4PM,long,0.8,279.01,4,13.7,1.17,0.56,0.521,0
COIN,2025-02-10,14:30:00,2:30-4PM,long,0.92,282.94,2,18.2,0.43,0.47,0.372,0
COIN,2025-02-10,14:33:00,2:30-4PM,long,0.05,284.98,1,4.4,0.68,0.08,0.826,0
COIN,2025-02-13,14:30:00,2:30-4PM,long,0.44,289.48,3,17.1,1.44,0.34,0.663,0
COIN,2025-02-28,14:35:00,2:30-4PM,long,2.05,205.49,1,3.4,0.49,1.15,0.24,1
COIN,2025-03-04,14:35:00,2:30-4PM,long,1.1,203.22,1,2.1,0.88,0.63,-0.302,0
COIN,2025-03-04,14:36:00,2:30-4PM,long,0.14,205.01,1,3.0,0.63,0.87,-0.222,0
COIN,2025-03-07,14:40:00,2:30-4PM,long,1.56,218.64,1,2.2,0.77,0.52,0.185,0
COIN,2025-04-07,10:02:00,9:30-11AM,long,2.58,147.2,0,2.2,0.41,0.42,0.153,1
COIN,2025-05-12,14:42:00,2:30-4PM,long,0.06,213.17,1,5.0,0.96,0.35,0.019,0
COIN,2025-05-13,15:08:00,2:30-4PM,long,1.54,244.78,0,3.4,0.42,0.26,0.106,0
COIN,2025-06-18,15:25:00,2:30-4PM,long,6.99,260.89,0,4.6,0.49,0.32,0.174,1
COIN,2025-06-18,15:28:00,2:30-4PM,long,5.64,265.0,1,4.2,0.8,0.39,0.546,1
PLTR,2025-01-03,14:35:00,2:30-4PM,long,1.87,76.64,1,2.8,0.43,0.27,0.664,0
PLTR,2025-01-03,14:38:00,2:30-4PM,long,0.56,77.64,1,2.3,0.65,0.3,1.152,0
PLTR,2025-01-08,14:31:00,2:30-4PM,long,0.8,68.98,1,3.1,0.89,0.9,-0.491,0
PLTR,2025-01-10,14:32:00,2:30-4PM,long,0.17,67.17,1,3.1,0.81,0.5,-0.145,0
PLTR,2025-01-16,14:31:00,2:30-4PM,long,0.76,69.39,0,4.2,0.67,0.33,-0.034,0
PLTR,2025-01-16,14:34:00,2:30-4PM,long,0.6,69.5,0,2.2,0.47,0.39,0.068,0
PLTR,2025-01-23,14:30:00,2:30-4PM,long,2.11,76.8,2,17.0,0.6,0.38,0.263,1
PLTR,2025-01-23,14:35:00,2:30-4PM,long,0.51,78.03,1,2.8,0.5,0.29,1.063,0
PLTR,2025-01-24,14:32:00,2:30-4PM,long,1.38,79.93,1,4.2,0.66,0.85,-0.081,0
PLTR,2025-01-31,14:30:00,2:30-4PM,long,1.74,82.77,3,17.7,0.9,1.31,0.222,0
PLTR,2025-01-31,14:31:00,2:30-4PM,long,1.55,83.1,3,9.7,1.31,0.38,0.716,0
PLTR,2025-02-05,14:33:00,2:30-4PM,long,0.91,102.64,0,2.3,0.74,0.43,-0.764,0
PLTR,2025-02-12,14:30:00,2:30-4PM,long,2.62,112.73,2,15.7,0.83,1.36,-0.166,1
PLTR,2025-02-13,14:32:00,2:30-4PM,long,0.03,117.94,1,3.2,0.53,0.73,-0.054,0
PLTR,2025-02-18,14:30:00,2:30-4PM,long,2.15,122.37,2,16.2,0.8,0.31,0.399,1
PLTR,2025-02-18,14:37:00,2:30-4PM,long,1.03,123.72,1,2.5,0.75,0.1,1.164,0
PLTR,2025-02-24,14:33:00,2:30-4PM,long,1.02,98.01,1,3.0,0.56,0.56,-1.114,0
PLTR,2025-02-24,14:34:00,2:30-4PM,long,0.69,98.34,0,2.2,0.56,0.29,-1.063,0
PLTR,2025-02-27,14:31:00,2:30-4PM,long,0.8,92.88,2,7.0,1.03,0.63,0.078,0
PLTR,2025-02-27,14:35:00,2:30-4PM,long,0.08,93.54,1,2.2,0.53,0.33,0.475,0
PLTR,2025-03-03,14:30:00,2:30-4PM,long,1.54,89.11,2,15.9,0.8,1.47,0.249,0
PLTR,2025-03-03,14:31:00,2:30-4PM,long,1.08,89.51,2,6.0,1.47,0.44,0.412,0
PLTR,2025-03-04,14:30:00,2:30-4PM,long,2.55,81.91,3,14.8,1.2,1.1,0.043,1
PLTR,2025-03-07,14:30:00,2:30-4PM,long,3.37,81.36,2,13.5,1.71,0.01,0.088,1
PLTR,2025-04-07,10:02:00,9:30-11AM,long,2.04,69.19,1,4.7,1.81,0.14,0.042,1
HOOD,2025-01-07,14:30:00,2:30-4PM,long,0.27,43.07,2,16.7,1.18,0.35,0.077,0
HOOD,2025-01-10,14:32:00,2:30-4PM,long,0.02,40.51,0,2.7,0.5,0.4,-0.205,0
HOOD,2025-01-14,14:32:00,2:30-4PM,long,1.52,42.03,2,2.4,0.42,1.17,2.74,0
HOOD,2025-01-14,14:34:00,2:30-4PM,long,1.26,42.14,2,2.2,0.54,0.84,2.887,0
HOOD,2025-01-14,15:07:00,2:30-4PM,long,1.07,42.79,1,2.4,0.7,0.51,0.096,0
HOOD,2025-01-15,14:35:00,2:30-4PM,long,2.83,44.45,2,2.2,0.85,1.07,0.538,1
HOOD,2025-01-15,14:38:00,2:30-4PM,long,2.81,44.46,1,2.1,0.68,0.2,0.703,1
HOOD,2025-01-24,14:32:00,2:30-4PM,long,1.29,51.08,0,2.6,0.45,0.16,-0.276,0
HOOD,2025-01-24,14:36:00,2:30-4PM,long,1.33,51.06,0,2.2,0.56,0.22,-0.272,0
HOOD,2025-01-29,14:31:00,2:30-4PM,long,0.23,49.23,0,3.1,0.48,0.33,-0.437,0
HOOD,2025-02-03,14:30:00,2:30-4PM,long,3.4,49.11,1,15.7,0.84,0.38,-0.437,1
HOOD,2025-02-03,14:33:00,2:30-4PM,long,2.44,49.57,1,3.1,0.49,0.88,-0.23,1
HOOD,2025-02-03,14:34:00,2:30-4PM,long,2.13,49.72,0,2.2,0.88,0.29,-0.143,1
HOOD,2025-02-07,14:30:00,2:30-4PM,long,0.58,55.0,3,16.3,0.65,0.75,0.675,0
HOOD,2025-02-07,14:31:00,2:30-4PM,long,0.44,55.08,2,9.8,0.75,0.2,1.137,0
HOOD,2025-02-12,14:31:00,2:30-4PM,long,2.3,54.14,1,4.7,1.94,0.45,-0.646,1
HOOD,2025-02-13,14:33:00,2:30-4PM,long,3.43,64.69,1,2.8,0.88,0.95,-0.111,1
HOOD,2025-02-13,14:34:00,2:30-4PM,long,3.02,64.95,1,3.0,0.95,0.33,0.067,1
HOOD,2025-02-19,14:35:00,2:30-4PM,long,0.98,61.31,0,2.0,0.89,0.32,-0.136,0
HOOD,2025-02-20,14:35:00,2:30-4PM,long,0.46,58.76,1,2.2,0.55,0.27,0.26,0
HOOD,2025-02-25,14:31:00,2:30-4PM,long,1.43,48.15,2,4.4,1.11,0.57,-0.303,0
HOOD,2025-02-25,14:32:00,2:30-4PM,long,1.08,48.32,0,3.1,0.57,0.42,-0.25,0
HOOD,2025-02-26,14:37:00,2:30-4PM,long,3.67,48.22,2,2.1,0.91,0.57,0.027,1
HOOD,2025-02-27,14:31:00,2:30-4PM,long,0.49,52.55,2,5.8,0.54,0.88,0.488,0
HOOD,2025-02-27,14:32:00,2:30-4PM,long,-0.02,52.67,1,4.0,0.88,0.21,0.694,0
HOOD,2025-02-28,14:35:00,2:30-4PM,long,0.44,48.98,2,2.3,1.52,0.8,-0.041,0
HOOD,2025-03-14,14:38:00,2:30-4PM,long,2.29,38.27,0,2.3,0.59,0.38,0.019,1
HOOD,2025-04-07,10:02:00,9:30-11AM,long,3.56,32.05,2,4.2,1.08,0.56,0.075,1
HOOD,2025-04-07,10:15:00,9:30-11AM,long,1.64,32.83,1,2.1,0.43,1.17,0.219,0
RKLB,2025-01-03,14:31:00,2:30-4PM,long,7.73,25.5,2,7.4,1.35,0.22,0.412,1
RKLB,2025-01-06,14:32:00,2:30-4PM,long,1.08,29.67,2,2.7,0.86,1.3,0.413,0
RKLB,2025-01-06,14:33:00,2:30-4PM,long,0.13,29.95,3,2.2,1.3,1.01,0.522,0
RKLB,2025-01-07,14:32:00,2:30-4PM,long,2.22,29.31,1,2.2,0.65,0.76,-0.289,1
RKLB,2025-01-07,14:33:00,2:30-4PM,long,2.15,29.33,0,4.0,0.76,0.0,-0.152,1
RKLB,2025-01-08,14:30:00,2:30-4PM,long,2.91,27.52,1,18.0,0.54,0.35,-0.164,1
RKLB,2025-01-08,14:35:00,2:30-4PM,long,0.21,28.26,3,2.0,0.97,0.65,0.288,0
RKLB,2025-01-10,14:31:00,2:30-4PM,long,0.59,27.4,0,3.1,0.59,0.21,-0.72,0
RKLB,2025-01-14,14:34:00,2:30-4PM,long,0.32,24.78,0,3.3,0.51,0.49,-0.366,0
RKLB,2025-01-17,14:32:00,2:30-4PM,long,1.44,25.29,2,4.0,1.87,0.9,-0.2,0
RKLB,2025-01-17,14:34:00,2:30-4PM,long,0.86,25.44,1,4.2,0.57,1.13,0.142,0
RKLB,2025-01-21,14:30:00,2:30-4PM,long,10.25,26.55,3,13.7,0.42,2.63,0.431,1
RKLB,2025-01-21,14:31:00,2:30-4PM,long,7.0,27.36,4,9.3,2.63,3.04,1.068,1
RKLB,2025-01-21,14:32:00,2:30-4PM,long,4.92,27.9,3,6.1,3.04,1.95,2.015,1
RKLB,2025-01-21,14:34:00,2:30-4PM,long,3.48,28.28,2,2.2,0.44,1.85,3.421,1
RKLB,2025-01-21,15:26:00,2:30-4PM,long,3.64,30.53,3,2.2,1.58,0.76,1.128,1
RKLB,2025-01-23,14:30:00,2:30-4PM,long,2.85,29.49,2,15.8,0.57,2.24,-0.069,1
RKLB,2025-01-23,14:31:00,2:30-4PM,long,0.76,30.1,2,5.2,2.24,2.14,0.193,0
RKLB,2025-01-24,14:30:00,2:30-4PM,long,1.18,32.95,4,17.8,0.94,1.84,0.257,0
RKLB,2025-01-24,14:31:00,2:30-4PM,long,0.68,33.12,3,7.5,1.84,0.61,0.703,0
RKLB,2025-01-28,14:31:00,2:30-4PM,long,0.64,30.11,2,5.9,1.08,0.59,0.079,0
RKLB,2025-01-29,14:30:00,2:30-4PM,long,2.27,29.58,3,15.2,1.23,0.01,0.75,1
RKLB,2025-01-30,14:32:00,2:30-4PM,long,2.99,29.92,2,3.4,1.1,2.13,0.234,1
RKLB,2025-01-30,14:33:00,2:30-4PM,long,2.45,30.07,4,8.2,2.13,0.55,0.777,1
RKLB,2025-01-30,14:34:00,2:30-4PM,long,1.52,30.35,2,6.3,0.55,0.9,1.372,0
RKLB,2025-01-30,14:35:00,2:30-4PM,long,0.6,30.62,2,6.0,0.9,0.91,2.036,0
RKLB,2025-01-31,14:31:00,2:30-4PM,long,0.94,29.14,2,5.5,1.41,1.06,0.056,0
RKLB,2025-01-31,14:32:00,2:30-4PM,long,0.17,29.37,4,8.4,1.06,0.93,0.509,0
RKLB,2025-01-31,15:25:00,2:30-4PM,long,1.23,30.15,2,3.6,0.45,0.5,0.439,0
RKLB,2025-02-03,15:23:00,2:30-4PM,long,1.64,28.04,1,2.1,0.43,0.68,0.052,0
RKLB,2025-02-04,14:31:00,2:30-4PM,long,2.49,29.43,1,5.7,0.62,0.77,0.16,1
RKLB,2025-02-04,14:32:00,2:30-4PM,long,0.84,29.91,2,5.0,0.77,1.64,0.297,0
RKLB,2025-02-07,14:31:00,2:30-4PM,long,4.07,28.53,2,6.4,1.19,1.4,0.065,1
RKLB,2025-02-07,14:32:00,2:30-4PM,long,3.45,28.7,3,6.7,1.4,0.62,0.399,1
RKLB,2025-02-07,14:39:00,2:30-4PM,long,2.31,29.02,1,3.3,0.65,0.48,1.736,1
RKLB,2025-02-07,14:44:00,2:30-4PM,long,1.13,29.36,3,2.2,0.9,0.65,1.306,0
RKLB,2025-02-10,14:33:00,2:30-4PM,long,0.12,28.66,2,4.5,1.65,1.03,-0.201,0
RKLB,2025-02-10,15:04:00,2:30-4PM,long,1.62,28.67,0,2.9,0.65,0.14,0.128,0
RKLB,2025-02-10,15:06:00,2:30-4PM,long,0.6,28.96,1,3.0,0.65,0.35,0.263,0
RKLB,2025-02-13,15:19:00,2:30-4PM,long,0.68,27.87,0,2.4,0.65,0.44,-0.109,0
RKLB,2025-02-18,14:30:00,2:30-4PM,long,0.17,29.09,4,18.5,1.9,0.87,0.595,0
RKLB,2025-02-19,14:31:00,2:30-4PM,long,0.3,28.18,1,3.8,0.65,0.61,-0.171,0
RKLB,2025-02-28,14:31:00,2:30-4PM,long,11.34,17.11,2,3.5,1.07,0.71,-0.996,1
RKLB,2025-02-28,14:36:00,2:30-4PM,long,4.19,18.38,2,2.2,2.01,2.51,-0.189,1
RKLB,2025-03-11,15:06:00,2:30-4PM,long,1.97,17.79,1,4.4,0.75,1.25,0.092,0
RKLB,2025-03-25,14:39:00,2:30-4PM,long,0.15,20.18,0,6.3,0.8,0.12,-0.048,0
RKLB,2025-04-02,15:20:00,2:30-4PM,long,2.27,18.72,0,2.7,0.65,0.0,0.106,1
RKLB,2025-04-30,15:00:00,2:30-4PM,long,0.97,21.71,0,3.1,0.56,0.18,0.073,0
RKLB,2025-05-01,14:49:00,2:30-4PM,long,0.18,22.32,0,5.2,0.45,0.13,0.065,0
RKLB,2025-05-14,15:22:00,2:30-4PM,long,0.98,23.55,1,4.9,1.19,0.38,0.213,0
RKLB,2025-06-05,14:37:00,2:30-4PM,long,1.34,26.58,0,5.3,0.46,0.4,-0.023,0
RKLB,2025-06-06,15:01:00,2:30-4PM,long,0.78,28.3,0,3.0,0.72,0.09,0.05,0
RKLB,2025-06-20,14:57:00,2:30-4PM,long,0.89,29.3,0,2.5,0.46,0.14,0.063,0
MSTR,2025-01-03,14:31:00,2:30-4PM,long,1.56,305.94,2,5.5,0.65,0.61,0.561,0
MSTR,2025-01-03,14:32:00,2:30-4PM,long,1.05,307.49,2,4.8,0.61,0.52,0.739,0
MSTR,2025-01-03,14:38:00,2:30-4PM,long,0.8,308.26,1,2.0,0.59,0.23,1.234,0
MSTR,2025-01-03,15:28:00,2:30-4PM,long,1.69,312.31,1,2.8,0.45,0.52,0.067,0
MSTR,2025-01-07,14:32:00,2:30-4PM,long,0.41,369.75,0,4.4,0.69,0.09,-0.706,0
MSTR,2025-01-08,14:32:00,2:30-4PM,long,0.66,342.08,2,4.5,1.4,0.75,-0.129,0
MSTR,2025-01-10,14:33:00,2:30-4PM,long,0.1,333.65,1,3.2,1.46,0.27,-0.116,0
MSTR,2025-01-14,14:33:00,2:30-4PM,long,1.29,345.25,1,2.5,0.52,0.21,0.404,0
MSTR,2025-01-17,14:32:00,2:30-4PM,long,1.17,386.9,0,5.5,0.8,0.39,0.242,0
MSTR,2025-01-17,14:35:00,2:30-4PM,long,0.46,390.5,1,3.3,0.67,0.38,0.609,0
MSTR,2025-01-23,14:30:00,2:30-4PM,long,2.96,378.97,4,16.7,1.04,0.95,0.259,1
MSTR,2025-01-23,14:31:00,2:30-4PM,long,2.26,381.59,4,8.2,0.95,0.79,0.547,1
MSTR,2025-01-30,14:31:00,2:30-4PM,long,1.64,350.36,1,6.2,0.52,0.74,0.221,0
MSTR,2025-01-30,14:32:00,2:30-4PM,long,1.14,352.1,1,6.6,0.74,0.47,0.442,0
MSTR,2025-02-03,14:30:00,2:30-4PM,long,2.62,315.24,2,14.7,1.44,0.25,-0.049,1
MSTR,2025-02-04,14:30:00,2:30-4PM,long,1.72,345.07,2,16.1,0.55,0.58,0.073,0
MSTR,2025-02-04,14:31:00,2:30-4PM,long,0.95,347.86,1,5.6,0.58,0.85,0.192,0
MSTR,2025-02-06,14:32:00,2:30-4PM,long,1.01,341.05,1,5.0,0.54,0.93,-0.347,0
MSTR,2025-02-06,15:27:00,2:30-4PM,long,0.01,337.78,0,2.8,0.83,0.13,-0.053,0
MSTR,2025-02-07,14:30:00,2:30-4PM,long,0.88,340.94,3,13.5,0.87,0.86,0.777,0
MSTR,2025-02-07,14:31:00,2:30-4PM,long,0.26,343.08,2,8.0,0.86,0.52,1.265,0
MSTR,2025-02-10,14:31:00,2:30-4PM,long,1.19,336.39,1,6.1,0.55,0.6,-0.07,0
MSTR,2025-02-10,14:32:00,2:30-4PM,long,0.25,339.54,1,3.5,0.6,0.96,-0.027,0
MSTR,2025-02-12,14:37:00,2:30-4PM,long,0.62,320.3,1,2.8,0.99,0.37,-0.393,0
MSTR,2025-02-14,14:32:00,2:30-4PM,long,0.81,328.31,1,5.5,0.91,0.25,-0.091,0
MSTR,2025-02-27,14:35:00,2:30-4PM,long,0.13,271.1,1,2.5,0.5,0.7,-0.318,0
MSTR,2025-02-28,14:35:00,2:30-4PM,long,2.1,240.84,3,2.0,1.71,1.2,0.327,1
MSTR,2025-02-28,14:36:00,2:30-4PM,long,1.97,241.15,2,2.3,1.2,0.13,0.445,0
MSTR,2025-03-04,14:34:00,2:30-4PM,long,3.42,246.0,1,2.7,0.81,1.08,-0.378,1
MSTR,2025-03-04,14:35:00,2:30-4PM,long,1.93,249.58,2,2.9,1.08,1.4,-0.27,0
MSTR,2025-03-04,14:36:00,2:30-4PM,long,0.98,251.93,2,2.5,1.4,1.1,-0.074,0
MSTR,2025-03-25,14:41:00,2:30-4PM,long,0.42,341.94,0,3.4,0.59,0.06,0.208,0
MSTR,2025-05-19,14:47:00,2:30-4PM,long,0.88,406.38,0,3.1,0.42,0.09,0.075,0
MSTR,2025-06-05,14:37:00,2:30-4PM,long,0.83,380.98,0,4.4,0.47,0.16,0.01,0
MSTR,2025-06-20,14:37:00,2:30-4PM,long,0.03,374.07,0,3.1,0.47,0.05,0.023,0
GME,2025-01-06,14:32:00,2:30-4PM,long,0.66,31.87,0,2.5,0.57,0.34,-0.142,0
GME,2025-01-17,14:32:00,2:30-4PM,long,0.74,27.82,0,5.0,0.51,0.27,0.092,0
GME,2025-01-22,14:35:00,2:30-4PM,long,1.21,27.68,1,2.8,0.44,0.25,0.602,0
GME,2025-01-22,14:44:00,2:30-4PM,long,0.56,27.86,1,3.2,0.43,0.18,0.617,0
GME,2025-01-23,14:53:00,2:30-4PM,long,0.26,28.58,1,2.5,0.6,0.22,0.256,0
GME,2025-01-30,14:30:00,2:30-4PM,long,0.61,28.06,1,15.7,0.43,0.29,0.174,0
GME,2025-02-10,15:01:00,2:30-4PM,long,0.71,26.58,2,2.5,0.81,0.61,0.47,0
GME,2025-02-11,14:45:00,2:30-4PM,long,0.72,27.4,0,2.3,0.66,0.05,0.234,0
GME,2025-02-20,14:35:00,2:30-4PM,long,0.02,26.22,0,3.3,0.54,0.48,0.133,0
GME,2025-02-25,14:31:00,2:30-4PM,long,0.72,25.11,0,4.8,0.59,0.09,-0.027,0
GME,2025-03-14,14:59:00,2:30-4PM,long,0.65,23.0,0,2.1,0.5,0.23,0.166,0
GME,2025-03-26,14:50:00,2:30-4PM,long,0.17,29.75,1,2.7,0.71,0.54,0.159,0
GME,2025-04-30,15:06:00,2:30-4PM,long,0.97,27.32,1,10.2,0.59,0.09,0.098,0
GME,2025-05-09,14:31:00,2:30-4PM,long,0.29,27.65,1,2.6,0.58,0.47,0.275,0
AMC,2025-01-03,14:32:00,2:30-4PM,long,0.5,4.04,0,3.7,0.47,0.37,-0.127,0
AMC,2025-01-07,14:31:00,2:30-4PM,long,1.47,4.07,0,2.7,0.62,0.2,-0.339,0
AMC,2025-01-17,14:33:00,2:30-4PM,long,0.97,3.71,2,3.4,0.68,0.51,0.427,0
AMC,2025-01-28,14:34:00,2:30-4PM,long,0.61,3.28,0,2.7,0.77,0.46,-0.538,0
AMC,2025-02-10,15:00:00,2:30-4PM,long,0.31,3.18,0,4.3,0.75,0.01,0.078,0
AMC,2025-02-11,14:30:00,2:30-4PM,long,3.58,3.21,3,16.8,0.95,0.32,0.522,1
AMC,2025-02-12,14:30:00,2:30-4PM,long,2.06,3.37,2,11.4,1.2,0.02,-0.004,1
AMC,2025-02-12,14:34:00,2:30-4PM,long,0.0,3.44,2,3.7,1.19,1.03,0.219,0
AMC,2025-02-14,14:30:00,2:30-4PM,long,0.97,3.6,4,17.9,2.3,0.84,1.195,0
AMC,2025-02-18,14:30:00,2:30-4PM,long,1.52,3.62,1,17.5,0.56,0.43,0.213,0
AMC,2025-02-24,14:32:00,2:30-4PM,long,2.91,3.44,0,3.9,0.59,0.15,-0.29,1
AMC,2025-02-24,14:43:00,2:30-4PM,long,0.3,3.53,2,6.4,0.43,0.88,0.916,0
AMC,2025-02-25,14:31:00,2:30-4PM,long,0.0,3.39,1,3.9,0.74,0.28,0.283,0
AMC,2025-03-03,14:33:00,2:30-4PM,long,0.15,3.38,1,4.6,0.6,0.45,0.612,0
AMC,2025-03-17,14:43:00,2:30-4PM,long,0.5,2.98,0,7.3,0.51,0.26,0.015,0
AMC,2025-05-06,15:00:00,2:30-4PM,long,0.19,2.7,0,3.2,0.75,0.21,-0.007,0
AMC,2025-05-16,14:52:00,2:30-4PM,long,10.23,2.89,2,10.3,1.57,0.33,0.247,1
AMC,2025-05-21,15:14:00,2:30-4PM,long,0.17,3.02,1,10.1,0.5,0.5,0.066,0
AMC,2025-05-27,15:18:00,2:30-4PM,long,2.4,3.96,1,2.4,0.51,0.13,1.84,1
AMC,2025-06-04,15:09:00,2:30-4PM,long,0.45,3.36,0,4.1,0.48,0.3,0.106,0
BB,2025-01-02,14:31:00,2:30-4PM,long,3.58,3.92,3,6.1,1.17,1.03,1.054,1
BB,2025-01-02,14:32:00,2:30-4PM,long,2.92,3.94,3,7.4,1.03,0.77,1.701,1
BB,2025-01-06,14:31:00,2:30-4PM,long,3.41,3.96,3,5.5,2.23,1.41,0.861,1
BB,2025-01-06,14:35:00,2:30-4PM,long,2.76,3.98,2,2.8,1.27,0.18,2.061,1
BB,2025-01-06,15:01:00,2:30-4PM,long,0.12,4.04,2,2.1,0.62,0.87,0.506,0
BB,2025-01-07,14:31:00,2:30-4PM,long,4.57,4.16,1,4.0,1.97,0.36,-0.419,1
BB,2025-01-07,14:37:00,2:30-4PM,long,2.62,4.24,1,4.9,0.7,0.22,0.785,1
BB,2025-01-14,14:34:00,2:30-4PM,long,0.16,4.08,2,2.8,1.25,0.24,1.664,0
BB,2025-01-15,14:41:00,2:30-4PM,long,1.45,4.15,1,3.3,1.18,0.48,-0.046,0
BB,2025-01-30,14:31:00,2:30-4PM,long,2.25,4.44,1,3.9,1.26,0.34,-0.27,1
BB,2025-01-30,14:34:00,2:30-4PM,long,1.0,4.5,1,3.0,0.56,0.56,0.21,0
BB,2025-01-30,14:35:00,2:30-4PM,long,0.78,4.5,1,3.5,0.56,0.22,0.484,0
BB,2025-02-05,14:32:00,2:30-4PM,long,1.71,4.69,1,5.1,0.62,0.54,0.23,0
BB,2025-02-05,14:33:00,2:30-4PM,long,1.3,4.71,2,3.4,0.54,0.51,0.327,0
BB,2025-02-05,14:38:00,2:30-4PM,long,1.28,4.71,1,2.2,0.64,0.32,0.638,0
BB,2025-02-18,14:46:00,2:30-4PM,long,4.12,5.94,1,2.8,0.44,0.25,0.824,1
BB,2025-02-24,14:31:00,2:30-4PM,long,1.23,5.28,0,7.5,0.57,0.0,-0.318,0
BB,2025-02-25,14:31:00,2:30-4PM,long,-0.03,5.31,1,6.4,0.95,0.31,-0.916,0
BB,2025-02-26,14:31:00,2:30-4PM,long,1.5,5.01,3,8.7,0.91,0.5,0.029,0
BB,2025-02-26,14:35:00,2:30-4PM,long,1.02,5.04,2,2.9,0.9,0.27,0.332,0
BB,2025-03-03,14:32:00,2:30-4PM,long,0.92,4.92,1,7.8,0.83,1.04,0.181,0
BB,2025-03-05,14:40:00,2:30-4PM,long,1.44,4.49,0,3.0,0.76,0.12,-1.018,0
BB,2025-03-06,14:37:00,2:30-4PM,long,2.63,4.56,1,5.8,0.99,0.34,-0.779,1
BB,2025-04-02,15:20:00,2:30-4PM,long,3.09,3.36,0,3.5,0.45,0.23,0.044,1
KOSS,2025-01-06,14:33:00,2:30-4PM,long,2.57,7.77,1,2.3,0.86,1.44,,1
KOSS,2025-05-20,14:58:00,2:30-4PM,long,6.34,6.33,2,2.4,0.96,0.46,0.255,1
BBBY,2025-01-02,14:30:00,2:30-4PM,long,6.18,5.18,3,12.9,0.6,2.47,0.765,1
BBBY,2025-01-02,14:36:00,2:30-4PM,long,6.35,5.2,2,3.5,0.75,0.97,2.723,1
BBBY,2025-01-02,14:37:00,2:30-4PM,long,5.53,5.24,3,3.3,0.97,0.58,2.882,1
BBBY,2025-01-06,14:33:00,2:30-4PM,long,4.04,6.18,2,3.3,0.74,0.82,1.189,1
BBBY,2025-01-06,14:55:00,2:30-4PM,long,4.05,6.39,2,4.0,0.48,1.27,0.621,1
BBBY,2025-01-06,14:56:00,2:30-4PM,long,3.56,6.42,3,2.1,1.27,0.63,0.763,1
BBBY,2025-01-10,14:31:00,2:30-4PM,long,4.28,5.98,2,3.0,0.94,0.74,0.029,1
BBBY,2025-01-21,14:30:00,2:30-4PM,long,3.65,6.13,3,9.8,1.34,1.93,-0.145,1
BBBY,2025-01-21,14:31:00,2:30-4PM,long,3.25,6.15,3,5.2,1.93,0.82,0.489,1
BBBY,2025-01-21,14:45:00,2:30-4PM,long,0.79,6.3,2,2.1,0.81,0.64,0.411,0
BBBY,2025-01-24,14:31:00,2:30-4PM,long,0.94,7.48,4,8.1,3.54,1.91,1.362,0
BBBY,2025-01-28,14:31:00,2:30-4PM,long,0.55,7.29,2,5.3,1.26,0.28,1.207,0
BBBY,2025-01-29,14:30:00,2:30-4PM,long,0.26,7.73,3,11.6,1.05,0.78,-0.951,0
BBBY,2025-01-30,15:08:00,2:30-4PM,long,3.81,7.61,2,4.0,0.47,0.73,0.379,1
BBBY,2025-01-30,15:09:00,2:30-4PM,long,2.2,7.73,2,3.3,0.73,1.31,0.57,1
BBBY,2025-02-03,14:35:00,2:30-4PM,long,1.05,8.65,2,3.7,2.66,2.11,-0.688,0
BBBY,2025-02-04,14:31:00,2:30-4PM,long,1.83,7.65,2,6.0,2.53,2.02,-0.31,0
BBBY,2025-02-05,14:59:00,2:30-4PM,long,0.18,9.41,2,2.5,0.98,0.91,0.123,0
BBBY,2025-02-10,14:30:00,2:30-4PM,long,0.61,9.06,3,13.1,1.57,0.5,1.154,0
BBBY,2025-02-11,14:30:00,2:30-4PM,long,1.56,8.68,2,15.4,1.65,0.29,-0.709,0
BBBY,2025-02-14,14:30:00,2:30-4PM,long,0.57,8.7,3,14.4,2.24,0.46,1.64,0
BBBY,2025-02-20,15:28:00,2:30-4PM,long,0.16,9.04,1,2.1,0.76,0.44,0.343,0
BBBY,2025-02-25,14:32:00,2:30-4PM,long,3.78,7.4,3,3.2,1.75,1.93,2.221,1
BBBY,2025-02-25,14:34:00,2:30-4PM,long,1.05,7.6,2,3.6,0.51,3.4,2.783,0
BBBY,2025-02-25,14:35:00,2:30-4PM,long,0.65,7.63,3,4.0,3.4,0.57,3.488,0
BBBY,2025-02-27,15:06:00,2:30-4PM,long,0.44,6.77,1,2.1,0.57,2.19,-0.054,0
BBBY,2025-04-24,14:31:00,2:30-4PM,long,0.0,4.32,1,4.8,1.18,0.47,0.12,0
BBBY,2025-04-30,14:36:00,2:30-4PM,long,0.52,3.88,1,4.7,0.91,0.0,-0.022,0
BBBY,2025-05-08,15:26:00,2:30-4PM,long,1.82,4.12,0,3.1,0.45,0.48,0.104,0
BBBY,2025-05-08,15:27:00,2:30-4PM,long,1.57,4.13,0,4.7,0.48,0.26,0.189,0
BBBY,2025-05-15,15:23:00,2:30-4PM,long,0.33,6.02,2,6.2,0.5,0.67,0.621,0
BBBY,2025-05-28,14:52:00,2:30-4PM,long,0.83,6.62,1,5.0,0.61,0.7,0.243,0
BBBY,2025-06-05,15:02:00,2:30-4PM,long,0.42,7.2,1,3.5,1.13,0.49,0.204,0
BBBY,2025-06-09,14:31:00,2:30-4PM,long,0.29,6.96,2,2.2,0.43,0.65,0.832,0
SPCE,2025-01-03,14:33:00,2:30-4PM,long,5.34,6.15,0,4.7,0.74,0.16,-0.225,1
SPCE,2025-01-03,14:35:00,2:30-4PM,long,5.76,6.19,0,2.9,0.41,0.21,0.035,1
SPCE,2025-01-03,15:04:00,2:30-4PM,long,0.23,6.56,2,3.3,0.54,0.54,1.157,0
SPCE,2025-01-21,15:26:00,2:30-4PM,long,7.62,5.27,0,6.4,0.57,0.15,0.018,1
SPCE,2025-01-24,15:19:00,2:30-4PM,long,0.88,5.69,2,3.3,0.71,0.53,0.756,0
SPCE,2025-01-30,14:32:00,2:30-4PM,long,3.56,4.63,0,2.6,0.76,0.11,0.151,1
SPCE,2025-01-30,14:34:00,2:30-4PM,long,2.24,4.69,1,3.1,0.68,0.32,0.491,1
SPCE,2025-01-30,15:00:00,2:30-4PM,long,0.7,4.77,1,3.0,0.96,0.43,0.217,0
SPCE,2025-01-31,15:11:00,2:30-4PM,long,2.18,4.81,0,2.9,0.67,0.42,-0.034,1
SPCE,2025-01-31,15:12:00,2:30-4PM,long,1.76,4.83,0,3.2,0.42,0.42,0.004,0
SPCE,2025-02-14,14:44:00,2:30-4PM,long,0.08,4.45,2,2.8,0.56,0.52,0.552,0
SPCE,2025-02-27,14:31:00,2:30-4PM,long,5.39,4.27,3,4.4,2.44,1.91,0.911,1
SPCE,2025-02-27,14:33:00,2:30-4PM,long,3.49,4.35,2,3.4,0.7,1.6,3.297,1
SPCE,2025-02-27,14:34:00,2:30-4PM,long,2.04,4.41,3,3.1,1.6,1.56,3.838,1
SPCE,2025-02-27,14:36:00,2:30-4PM,long,1.01,4.46,1,2.9,0.9,0.22,4.838,0
SPCE,2025-02-28,14:59:00,2:30-4PM,long,2.09,3.82,2,2.7,1.07,0.79,0.112,1
SPCE,2025-03-06,14:30:00,2:30-4PM,long,0.99,3.53,4,15.3,2.48,0.86,0.635,0
SPCE,2025-03-19,14:32:00,2:30-4PM,long,2.14,4.21,3,2.2,1.52,1.08,0.475,1
SPCE,2025-05-14,14:55:00,2:30-4PM,long,1.53,3.27,2,8.4,0.93,0.15,0.105,0
SPCE,2025-05-16,15:20:00,2:30-4PM,long,8.88,4.98,2,2.3,0.46,2.43,0.542,1
SPCE,2025-05-23,14:30:00,2:30-4PM,long,3.42,3.8,2,2.4,1.2,0.13,0.67,1
SPCE,2025-05-23,14:32:00,2:30-4PM,long,0.1,3.88,2,5.5,1.78,0.26,1.367,0
SPCE,2025-06-09,15:17:00,2:30-4PM,long,0.13,3.76,1,3.1,0.7,0.13,0.493,0
TLRY,2025-01-06,14:31:00,2:30-4PM,long,0.67,1.5,2,4.6,1.02,1.01,0.116,0
TLRY,2025-01-15,14:30:00,2:30-4PM,long,1.23,1.22,4,18.3,1.26,1.25,0.666,0
TLRY,2025-01-17,14:47:00,2:30-4PM,long,1.65,1.21,1,2.2,0.83,0.01,0.352,0
TLRY,2025-01-23,14:31:00,2:30-4PM,long,0.88,1.14,1,10.1,0.89,0.01,-0.107,0
TLRY,2025-02-03,14:56:00,2:30-4PM,long,0.0,1.01,2,3.0,1.13,1.02,-0.102,0
TLRY,2025-02-05,14:34:00,2:30-4PM,long,7.56,1.06,2,4.0,0.97,2.41,-0.39,1
TLRY,2025-02-06,14:36:00,2:30-4PM,long,0.91,1.1,1,3.1,1.4,0.46,-0.211,0
TLRY,2025-02-06,15:06:00,2:30-4PM,long,1.8,1.11,1,5.3,0.46,1.83,0.038,0
TLRY,2025-02-11,14:46:00,2:30-4PM,long,0.13,0.97,1,2.8,1.24,0.16,-0.546,0
TLRY,2025-02-14,14:33:00,2:30-4PM,long,1.14,0.96,1,9.2,0.85,0.26,-0.038,0
TLRY,2025-02-14,14:39:00,2:30-4PM,long,0.43,0.97,1,2.4,0.74,0.02,0.527,0
TLRY,2025-02-21,14:35:00,2:30-4PM,long,1.6,0.9,2,3.7,1.01,2.04,-0.276,0
TLRY,2025-02-26,14:52:00,2:30-4PM,long,1.83,0.82,0,2.1,0.42,0.18,0.175,0
TLRY,2025-03-18,09:41:00,9:30-11AM,long,3.45,0.67,1,3.8,0.62,0.45,0.383,1
TLRY,2025-03-18,10:08:00,9:30-11AM,long,1.02,0.69,1,2.1,0.74,0.23,0.967,0
TLRY,2025-03-27,15:09:00,2:30-4PM,long,1.05,0.72,3,3.0,0.98,0.59,0.461,0
TLRY,2025-03-27,15:18:00,2:30-4PM,long,0.57,0.72,2,2.2,0.62,1.27,0.811,0
TLRY,2025-04-01,15:08:00,2:30-4PM,long,1.1,0.66,0,3.5,0.61,0.09,0.091,0
TLRY,2025-04-02,15:23:00,2:30-4PM,long,0.72,0.66,1,2.3,0.93,0.17,0.028,0
TLRY,2025-06-05,14:41:00,2:30-4PM,long,-0.12,0.41,0,2.9,0.77,0.42,0.018,0
TLRY,2025-06-11,14:54:00,2:30-4PM,long,3.72,0.44,0,2.1,0.55,0.48,0.072,1
TLRY,2025-06-11,14:55:00,2:30-4PM,long,3.32,0.45,0,2.3,0.48,0.5,0.116,1
TLRY,2025-06-11,14:56:00,2:30-4PM,long,0.46,0.46,1,4.5,0.5,2.65,0.233,0
SNDL,2025-01-02,14:32:00,2:30-4PM,long,1.36,1.84,1,2.1,0.54,0.27,2.09,0
SNDL,2025-01-15,14:30:00,2:30-4PM,long,0.0,1.86,3,14.1,2.76,0.27,1.426,0
SNDL,2025-01-21,14:35:00,2:30-4PM,long,0.28,1.8,0,5.8,0.5,0.28,-0.119,0
SNDL,2025-01-23,14:30:00,2:30-4PM,long,1.06,1.75,1,15.9,0.87,0.25,-0.038,0
SNDL,2025-01-28,14:30:00,2:30-4PM,long,0.0,1.76,4,10.4,1.45,1.15,1.169,0
SNDL,2025-02-05,15:22:00,2:30-4PM,long,0.78,1.92,2,2.7,0.8,0.52,0.283,0
SNDL,2025-02-06,14:30:00,2:30-4PM,long,1.04,1.92,4,15.4,1.36,1.05,0.699,0
SNDL,2025-02-10,15:21:00,2:30-4PM,long,0.27,1.86,0,5.5,0.82,0.27,0.014,0
SNDL,2025-02-12,14:30:00,2:30-4PM,long,1.94,1.8,1,15.4,0.56,0.14,-0.054,0
SNDL,2025-02-13,14:39:00,2:30-4PM,long,2.82,1.86,2,5.6,0.54,0.96,0.882,1
SNDL,2025-02-13,14:40:00,2:30-4PM,long,2.68,1.86,1,4.0,0.96,0.11,0.16,1
SNDL,2025-02-26,15:06:00,2:30-4PM,long,0.3,1.66,1,3.0,0.41,0.61,0.126,0
SNDL,2025-02-26,15:07:00,2:30-4PM,long,0.0,1.66,1,5.5,0.61,0.61,0.233,0
SNDL,2025-03-04,15:11:00,2:30-4PM,long,0.65,1.55,1,3.5,0.5,0.65,0.04,0
SNDL,2025-04-14,14:44:00,2:30-4PM,long,0.39,1.35,1,6.9,1.13,0.01,-0.335,0
SNDL,2025-05-05,14:39:00,2:30-4PM,long,0.0,1.36,2,8.3,0.74,0.73,0.007,0
SNDL,2025-06-18,15:10:00,2:30-4PM,long,0.25,1.29,0,3.6,0.75,0.24,0.036,0
MARA,2025-01-02,14:41:00,2:30-4PM,long,3.33,17.63,0,2.1,0.78,0.42,-0.266,1
MARA,2025-01-03,14:31:00,2:30-4PM,long,3.6,17.52,2,4.0,0.93,0.92,0.031,1
MARA,2025-01-03,14:32:00,2:30-4PM,long,2.49,17.71,2,3.6,0.92,1.03,0.141,1
MARA,2025-01-08,14:31:00,2:30-4PM,long,0.57,18.77,0,4.7,0.81,0.19,-0.198,0
MARA,2025-01-14,14:34:00,2:30-4PM,long,0.28,18.08,2,5.9,1.06,0.19,0.353,0
MARA,2025-01-17,14:32:00,2:30-4PM,long,0.87,19.45,2,5.2,1.16,0.46,0.369,0
MARA,2025-01-23,14:31:00,2:30-4PM,long,3.68,19.47,1,6.3,0.63,0.59,0.147,1
MARA,2025-01-23,14:34:00,2:30-4PM,long,2.64,19.67,1,2.6,0.57,0.47,0.514,1
MARA,2025-01-23,14:44:00,2:30-4PM,long,1.08,19.98,1,2.0,0.81,0.48,1.142,0
MARA,2025-01-30,14:30:00,2:30-4PM,long,2.73,19.02,2,12.5,0.51,1.12,0.213,1
MARA,2025-01-30,14:31:00,2:30-4PM,long,1.93,19.17,4,9.6,1.12,0.79,0.61,0
MARA,2025-01-30,14:32:00,2:30-4PM,long,1.4,19.27,2,5.9,0.79,0.52,0.939,0
MARA,2025-02-03,14:30:00,2:30-4PM,long,0.06,17.33,3,16.1,1.15,1.43,-0.157,0
MARA,2025-02-04,14:32:00,2:30-4PM,long,0.61,17.93,2,4.2,0.94,0.73,-0.266,0
MARA,2025-02-06,14:30:00,2:30-4PM,long,1.0,17.37,1,15.9,0.46,0.23,0.096,0
MARA,2025-02-07,14:30:00,2:30-4PM,long,1.25,17.64,3,13.6,0.52,1.32,0.678,0
MARA,2025-02-07,14:31:00,2:30-4PM,long,0.51,17.77,4,9.0,1.32,0.79,1.314,0
MARA,2025-02-14,14:31:00,2:30-4PM,long,0.32,17.24,1,7.5,0.5,1.11,0.094,0
MARA,2025-02-19,14:30:00,2:30-4PM,long,0.42,16.34,1,16.8,0.56,0.5,-0.07,0
MARA,2025-02-27,10:14:00,9:30-11AM,long,0.5,14.02,2,5.8,0.58,0.65,0.353,0
MARA,2025-02-27,14:31:00,2:30-4PM,long,3.16,14.4,2,7.6,0.49,2.02,0.536,1
MARA,2025-02-27,14:32:00,2:30-4PM,long,2.27,14.52,3,4.4,2.02,0.76,0.697,1
MARA,2025-02-27,14:34:00,2:30-4PM,long,0.71,14.75,2,2.2,0.58,1.06,1.243,0
MARA,2025-02-28,14:34:00,2:30-4PM,long,5.5,13.28,2,3.5,0.54,1.3,1.139,1
MARA,2025-02-28,14:35:00,2:30-4PM,long,3.81,13.51,3,2.7,1.3,1.69,1.307,1
MARA,2025-02-28,14:36:00,2:30-4PM,long,3.46,13.57,2,3.2,1.69,0.49,1.654,1
MARA,2025-02-28,14:37:00,2:30-4PM,long,3.44,13.66,2,2.7,0.49,0.59,1.988,1
MARA,2025-03-04,14:34:00,2:30-4PM,long,2.74,13.66,2,2.4,1.05,1.71,0.043,1
MARA,2025-03-04,14:35:00,2:30-4PM,long,1.52,13.83,2,3.4,1.71,1.17,0.204,0
MARA,2025-03-04,14:36:00,2:30-4PM,long,1.01,13.9,3,2.6,1.17,0.54,0.417,0
MARA,2025-03-10,10:06:00,9:30-11AM,long,0.07,15.25,0,6.4,0.46,0.13,0.198,0
MARA,2025-04-07,10:16:00,9:30-11AM,long,1.65,10.28,1,2.8,1.18,0.19,0.051,0
MARA,2025-04-14,14:48:00,2:30-4PM,long,0.56,13.38,1,2.0,0.5,0.22,0.372,0
MARA,2025-04-22,15:05:00,2:30-4PM,long,1.36,13.6,0,2.2,0.48,0.3,0.085,0
MARA,2025-05-08,15:25:00,2:30-4PM,long,1.22,14.32,0,2.2,0.49,0.25,0.109,0
MARA,2025-05-21,15:05:00,2:30-4PM,long,1.51,16.9,1,2.5,0.4,0.39,0.36,0
RIOT,2025-01-03,14:31:00,2:30-4PM,long,4.7,10.61,2,2.2,1.05,0.58,0.226,1
RIOT,2025-01-03,14:32:00,2:30-4PM,long,3.73,10.71,2,2.9,0.58,0.85,0.306,1
RIOT,2025-01-03,14:35:00,2:30-4PM,long,3.88,10.7,2,2.8,0.49,0.71,0.83,1
RIOT,2025-01-03,14:36:00,2:30-4PM,long,4.0,10.76,3,8.5,0.71,0.65,1.222,1
RIOT,2025-01-03,14:37:00,2:30-4PM,long,3.05,10.87,2,3.9,0.65,1.11,1.42,1
RIOT,2025-01-03,14:38:00,2:30-4PM,long,2.89,10.95,3,4.0,1.11,0.76,1.76,1
RIOT,2025-01-03,15:07:00,2:30-4PM,long,3.82,11.28,1,2.9,0.49,0.3,0.474,1
RIOT,2025-01-14,14:34:00,2:30-4PM,long,0.8,12.53,1,2.5,0.5,0.4,0.823,0
RIOT,2025-01-14,14:37:00,2:30-4PM,long,0.48,12.57,1,2.1,0.6,0.36,1.278,0
RIOT,2025-01-15,14:30:00,2:30-4PM,long,2.14,12.85,2,10.6,0.54,0.16,0.727,1
RIOT,2025-01-15,14:56:00,2:30-4PM,long,0.34,13.12,1,2.7,0.74,0.31,0.363,0
RIOT,2025-01-15,15:27:00,2:30-4PM,long,1.17,13.2,0,2.6,0.65,0.19,0.129,0
RIOT,2025-01-16,14:34:00,2:30-4PM,long,0.51,13.56,1,3.1,1.08,0.23,-0.257,0
RIOT,2025-01-17,14:32:00,2:30-4PM,long,0.77,14.02,2,4.2,0.69,0.94,0.369,0
RIOT,2025-01-17,14:33:00,2:30-4PM,long,0.27,14.09,3,8.1,0.94,0.5,0.709,0
RIOT,2025-01-21,14:30:00,2:30-4PM,long,0.56,14.24,4,16.3,1.25,0.67,0.675,0
RIOT,2025-01-22,14:30:00,2:30-4PM,long,-0.0,13.33,4,14.5,1.77,1.03,0.695,0
RIOT,2025-01-23,14:31:00,2:30-4PM,long,5.49,13.18,2,6.5,0.96,1.6,0.036,1
RIOT,2025-01-23,14:32:00,2:30-4PM,long,4.08,13.36,3,5.9,1.6,1.35,0.333,1
RIOT,2025-01-23,14:33:00,2:30-4PM,long,3.12,13.48,3,7.2,1.35,1.03,1.041,1
RIOT,2025-01-23,14:34:00,2:30-4PM,long,2.7,13.54,2,5.9,1.03,0.41,1.764,1
RIOT,2025-01-30,14:30:00,2:30-4PM,long,4.12,11.66,3,17.4,0.73,0.78,0.498,1
RIOT,2025-01-30,14:31:00,2:30-4PM,long,3.18,11.77,2,6.4,0.78,0.91,0.778,1
RIOT,2025-01-30,14:32:00,2:30-4PM,long,2.66,11.83,3,5.4,0.91,0.55,1.141,1
RIOT,2025-01-30,14:33:00,2:30-4PM,long,2.45,11.85,1,4.2,0.55,0.17,1.506,1
RIOT,2025-01-30,14:37:00,2:30-4PM,long,1.82,11.92,1,2.3,0.64,0.34,2.729,0
RIOT,2025-01-31,14:30:00,2:30-4PM,long,0.58,12.1,1,17.3,0.58,0.41,0.176,0
RIOT,2025-02-04,14:32:00,2:30-4PM,long,0.7,12.1,1,7.1,1.47,0.37,0.062,0
RIOT,2025-02-04,15:27:00,2:30-4PM,long,0.99,11.98,0,3.0,0.42,0.21,-0.08,0
RIOT,2025-02-06,14:32:00,2:30-4PM,long,1.17,11.91,0,2.1,0.46,0.17,-0.685,0
RIOT,2025-02-07,14:30:00,2:30-4PM,long,0.91,12.16,3,16.0,0.61,0.91,0.828,0
RIOT,2025-02-10,14:32:00,2:30-4PM,long,0.59,11.82,1,2.8,0.56,0.51,-0.949,0
RIOT,2025-02-10,14:33:00,2:30-4PM,long,-0.08,11.86,0,2.6,0.51,0.25,-0.891,0
RIOT,2025-02-20,14:30:00,2:30-4PM,long,1.69,11.81,3,15.0,0.42,0.63,0.376,0
RIOT,2025-02-20,14:31:00,2:30-4PM,long,1.54,11.83,1,4.6,0.63,0.1,0.454,0
RIOT,2025-02-20,14:33:00,2:30-4PM,long,0.68,11.93,1,3.9,0.68,0.08,0.754,0
RIOT,2025-02-25,14:32:00,2:30-4PM,long,2.2,9.75,2,4.1,1.79,0.63,-0.602,1
RIOT,2025-02-25,14:35:00,2:30-4PM,long,0.3,9.93,1,2.5,1.49,0.35,-0.138,0
RIOT,2025-02-27,14:32:00,2:30-4PM,long,0.53,9.64,2,5.1,1.37,0.04,1.196,0
RIOT,2025-02-28,14:35:00,2:30-4PM,long,2.74,8.75,3,3.3,0.94,0.86,1.291,1
RIOT,2025-05-08,15:20:00,2:30-4PM,long,2.63,8.47,0,5.4,0.58,0.26,0.117,1
RIOT,2025-05-16,15:10:00,2:30-4PM,long,0.44,9.32,0,2.2,0.59,0.2,0.066,0
RIOT,2025-05-21,14:42:00,2:30-4PM,long,2.36,8.99,0,2.3,0.48,0.2,-0.036,1
RIOT,2025-06-05,15:24:00,2:30-4PM,long,0.42,9.51,0,3.7,0.42,0.26,0.045,0
HUT,2025-01-14,14:33:00,2:30-4PM,long,0.61,24.46,1,2.2,0.56,0.33,1.439,0
HUT,2025-01-15,15:27:00,2:30-4PM,long,0.68,26.51,2,2.8,1.15,0.08,0.417,0
HUT,2025-01-16,14:30:00,2:30-4PM,long,1.6,26.21,3,16.6,1.78,0.96,-0.412,0
HUT,2025-01-16,14:34:00,2:30-4PM,long,0.49,26.5,0,2.1,0.63,0.29,0.109,0
HUT,2025-01-22,14:30:00,2:30-4PM,long,-0.03,26.01,2,17.4,1.06,0.46,-0.947,0
HUT,2025-01-23,14:30:00,2:30-4PM,long,3.53,25.46,1,15.2,0.86,0.39,-0.185,1
HUT,2025-01-23,14:32:00,2:30-4PM,long,2.29,25.77,1,4.3,0.67,0.78,0.132,1
HUT,2025-02-03,15:21:00,2:30-4PM,long,3.96,20.32,2,2.4,1.36,0.67,0.145,1
HUT,2025-02-06,14:30:00,2:30-4PM,long,1.9,21.37,2,16.3,0.47,0.91,0.029,0
HUT,2025-02-07,14:30:00,2:30-4PM,long,1.33,22.55,4,14.7,1.29,2.31,1.855,0
HUT,2025-02-07,14:31:00,2:30-4PM,long,0.79,22.67,4,9.2,2.31,0.51,2.965,0
HUT,2025-02-11,14:45:00,2:30-4PM,long,0.57,20.96,1,2.2,0.63,0.48,0.431,0
HUT,2025-02-27,14:34:00,2:30-4PM,long,0.1,16.11,1,2.2,0.6,0.43,2.528,0
HUT,2025-02-28,14:35:00,2:30-4PM,long,1.67,14.4,2,3.5,0.88,0.91,0.265,0
HUT,2025-03-03,14:30:00,2:30-4PM,long,3.25,16.9,3,17.3,1.64,0.9,0.022,1
HUT,2025-03-03,14:31:00,2:30-4PM,long,1.72,17.16,1,5.7,0.9,1.51,0.184,0
HUT,2025-03-03,14:32:00,2:30-4PM,long,0.29,17.38,3,4.7,1.51,1.61,0.486,0
HUT,2025-03-14,15:07:00,2:30-4PM,long,1.8,12.49,0,2.4,0.48,0.08,0.165,0
HUT,2025-03-31,09:31:00,9:30-11AM,long,20.94,12.32,4,10.6,2.0,6.02,1.965,1
HUT,2025-03-31,09:32:00,9:30-11AM,long,-0.07,14.7,3,5.1,6.02,19.32,2.756,0
HUT,2025-03-31,09:56:00,9:30-11AM,long,3.52,13.62,2,2.1,0.9,2.02,0.637,1
HUT,2025-03-31,09:57:00,9:30-11AM,long,0.07,14.01,3,2.0,2.02,3.01,0.928,0
HUT,2025-04-16,15:23:00,2:30-4PM,long,1.79,11.16,0,2.2,0.5,0.13,-0.048,0
HUT,2025-05-01,15:09:00,2:30-4PM,long,0.33,13.59,1,6.4,0.89,0.37,0.371,0
HUT,2025-05-02,14:54:00,2:30-4PM,long,0.25,14.23,1,2.7,0.44,0.6,0.164,0
HUT,2025-05-22,14:59:00,2:30-4PM,long,0.64,17.07,0,2.9,0.77,0.18,-0.04,0
HUT,2025-05-23,14:40:00,2:30-4PM,long,0.3,16.85,0,2.2,0.45,0.24,0.083,0
HUT,2025-05-23,15:09:00,2:30-4PM,long,0.39,16.76,0,2.5,0.46,0.09,0.071,0
HUT,2025-06-05,14:37:00,2:30-4PM,long,1.14,17.09,0,2.1,0.77,0.47,0.028,0
BITF,2025-01-17,14:32:00,2:30-4PM,long,1.44,1.74,1,3.8,0.62,0.54,0.081,0
BITF,2025-01-23,14:31:00,2:30-4PM,long,3.02,1.66,1,6.3,0.69,1.03,0.025,1
BITF,2025-01-31,14:30:00,2:30-4PM,long,0.01,1.52,3,17.6,0.67,0.65,0.303,0
BITF,2025-02-06,14:30:00,2:30-4PM,long,3.08,1.44,2,17.5,1.41,0.06,0.157,1
BITF,2025-02-06,14:32:00,2:30-4PM,long,1.73,1.46,2,9.0,0.5,0.34,0.998,0
BITF,2025-02-07,14:30:00,2:30-4PM,long,0.31,1.5,4,16.1,1.71,0.7,2.52,0
BITF,2025-02-19,14:30:00,2:30-4PM,long,1.05,1.42,1,14.3,0.71,0.35,-0.08,0
BITF,2025-02-27,14:31:00,2:30-4PM,long,0.83,1.2,3,9.8,0.85,1.27,0.363,0
BITF,2025-02-27,14:32:00,2:30-4PM,long,0.01,1.21,3,2.1,1.27,1.18,0.48,0
BITF,2025-02-28,14:35:00,2:30-4PM,long,2.76,1.09,2,2.8,0.92,1.39,0.064,1
BITF,2025-02-28,14:36:00,2:30-4PM,long,1.83,1.1,2,3.5,1.39,0.91,0.235,0
BITF,2025-03-04,14:35:00,2:30-4PM,long,0.94,1.11,1,2.1,0.6,1.33,-0.465,0
BITF,2025-03-07,14:38:00,2:30-4PM,long,6.12,1.11,0,2.6,0.47,0.19,-1.585,1
BITF,2025-03-24,15:16:00,2:30-4PM,long,0.0,1.1,2,5.7,0.91,1.85,0.13,0
BITF,2025-04-01,14:54:00,2:30-4PM,long,1.84,0.79,0,2.3,0.53,0.35,0.126,0
BITF,2025-04-14,14:36:00,2:30-4PM,long,1.9,0.83,0,2.3,0.62,0.05,0.136,0
BITF,2025-04-14,14:38:00,2:30-4PM,long,1.28,0.84,1,4.0,0.43,0.17,0.294,0
BITF,2025-04-25,14:54:00,2:30-4PM,long,0.48,1.04,2,2.5,0.97,1.46,0.073,0
BITF,2025-05-07,14:31:00,2:30-4PM,long,0.62,1.02,3,11.5,1.49,0.36,0.467,0
BITF,2025-05-19,14:55:00,2:30-4PM,long,0.44,1.12,1,3.4,0.45,0.69,0.019,0
BITF,2025-05-27,14:35:00,2:30-4PM,long,0.47,1.08,2,5.4,1.09,0.92,-0.038,0
BITF,2025-06-24,15:10:00,2:30-4PM,long,0.01,0.8,1,2.2,0.45,0.59,0.005,0
CLSK,2025-01-02,14:30:00,2:30-4PM,long,2.41,9.56,1,17.5,0.9,0.31,-0.026,1
CLSK,2025-01-03,14:30:00,2:30-4PM,long,4.48,9.6,3,17.0,0.42,1.37,0.345,1
CLSK,2025-01-03,14:32:00,2:30-4PM,long,3.62,9.68,2,3.9,0.42,0.65,0.745,1
CLSK,2025-01-03,14:33:00,2:30-4PM,long,3.3,9.71,1,4.7,0.65,0.21,1.072,1
CLSK,2025-01-03,14:38:00,2:30-4PM,long,2.34,9.85,2,3.3,1.25,0.41,1.861,1
CLSK,2025-01-13,15:15:00,2:30-4PM,long,1.69,9.95,2,2.1,0.55,0.82,0.577,0
CLSK,2025-01-17,14:31:00,2:30-4PM,long,1.35,11.82,2,3.0,0.51,0.6,0.839,0
CLSK,2025-01-17,14:32:00,2:30-4PM,long,0.84,11.88,2,2.2,0.6,0.51,0.879,0
CLSK,2025-01-23,14:31:00,2:30-4PM,long,3.89,11.04,1,4.8,0.81,1.28,-0.085,1
CLSK,2025-01-23,14:32:00,2:30-4PM,long,3.22,11.11,2,3.2,1.28,0.65,0.027,1
CLSK,2025-01-23,14:33:00,2:30-4PM,long,2.96,11.14,0,2.8,0.65,0.22,0.197,1
CLSK,2025-01-30,14:31:00,2:30-4PM,long,3.31,10.73,2,7.6,0.66,0.71,0.776,1
CLSK,2025-01-30,14:32:00,2:30-4PM,long,2.64,10.8,2,6.5,0.71,0.61,1.163,1
CLSK,2025-01-30,14:33:00,2:30-4PM,long,2.33,10.83,1,5.3,0.61,0.35,1.594,1
CLSK,2025-01-30,14:41:00,2:30-4PM,long,2.02,10.88,2,3.1,0.91,0.04,1.898,1
CLSK,2025-02-04,14:31:00,2:30-4PM,long,1.22,10.62,1,4.4,0.67,0.57,-0.144,0
CLSK,2025-02-04,14:32:00,2:30-4PM,long,0.56,10.69,0,7.7,0.57,0.47,0.194,0
CLSK,2025-02-06,14:30:00,2:30-4PM,long,2.05,10.72,4,18.0,1.25,0.57,0.262,1
CLSK,2025-02-06,14:31:00,2:30-4PM,long,1.47,10.78,2,7.1,0.57,0.58,0.481,0
CLSK,2025-02-06,14:32:00,2:30-4PM,long,1.02,10.83,1,5.1,0.58,0.37,0.698,0
CLSK,2025-02-07,14:30:00,2:30-4PM,long,2.76,12.14,4,15.3,2.64,2.41,2.516,1
CLSK,2025-02-07,14:31:00,2:30-4PM,long,1.26,12.31,4,8.9,2.41,1.52,4.228,0
CLSK,2025-02-10,15:22:00,2:30-4PM,long,0.15,11.38,0,3.4,0.89,0.06,0.084,0
CLSK,2025-02-27,14:32:00,2:30-4PM,long,0.72,8.33,1,6.6,1.34,0.45,0.144,0
CLSK,2025-02-28,14:35:00,2:30-4PM,long,3.03,7.59,3,2.7,1.15,1.18,1.587,1
CLSK,2025-03-14,15:02:00,2:30-4PM,long,2.38,7.89,0,3.3,0.51,0.24,-0.046,1
CLSK,2025-05-01,09:51:00,9:30-11AM,long,2.0,8.51,1,5.4,0.47,0.12,0.317,0
CLSK,2025-05-08,15:24:00,2:30-4PM,long,2.24,8.7,0,5.1,0.66,0.23,0.115,1
ARBK,2025-01-17,15:02:00,2:30-4PM,long,2.3,0.62,1,5.4,0.75,0.0,0.259,1
ARBK,2025-01-30,14:43:00,2:30-4PM,long,7.06,0.52,3,9.6,3.47,0.0,2.278,1
ARBK,2025-01-30,14:49:00,2:30-4PM,long,1.13,0.55,3,3.0,2.92,1.44,4.134,0
ARBK,2025-01-30,15:27:00,2:30-4PM,long,6.14,0.6,3,4.6,4.63,5.86,0.849,1
ARBK,2025-01-31,14:40:00,2:30-4PM,long,5.66,0.53,3,4.1,1.94,1.28,1.723,1
ARBK,2025-01-31,14:41:00,2:30-4PM,long,3.92,0.54,3,2.8,1.28,1.68,1.949,1
ARBK,2025-03-07,15:12:00,2:30-4PM,long,1.35,0.4,2,3.2,1.02,1.19,0.133,0
ARBK,2025-03-07,15:13:00,2:30-4PM,long,0.0,0.4,2,3.5,1.19,2.51,0.211,0
ARBK,2025-05-16,15:16:00,2:30-4PM,long,2.79,0.44,3,3.9,1.33,2.3,0.911,1
ARBK,2025-05-21,15:06:00,2:30-4PM,long,4.95,0.44,0,3.1,0.64,0.3,0.181,1
BTBT,2025-01-03,14:33:00,2:30-4PM,long,4.6,3.23,2,6.7,1.78,0.2,0.849,1
BTBT,2025-01-22,14:30:00,2:30-4PM,long,0.11,3.7,2,15.6,0.82,1.35,-0.056,0
BTBT,2025-01-23,14:32:00,2:30-4PM,long,2.5,3.67,1,2.4,0.97,0.5,-0.121,1
BTBT,2025-01-23,14:33:00,2:30-4PM,long,2.17,3.68,0,2.1,0.5,0.28,0.02,1
BTBT,2025-01-23,14:36:00,2:30-4PM,long,1.48,3.72,1,3.6,0.4,0.2,1.106,0
BTBT,2025-01-30,14:30:00,2:30-4PM,long,4.73,3.17,1,15.7,0.48,0.48,0.174,1
BTBT,2025-01-30,14:31:00,2:30-4PM,long,4.27,3.18,2,8.7,0.48,0.43,0.342,1
BTBT,2025-01-30,14:32:00,2:30-4PM,long,2.63,3.23,2,3.1,0.43,1.56,0.444,1
BTBT,2025-02-06,14:30:00,2:30-4PM,long,2.19,3.2,4,18.5,1.44,0.95,0.519,1
BTBT,2025-02-06,14:35:00,2:30-4PM,long,0.31,3.26,2,2.3,0.62,0.93,1.784,0
BTBT,2025-02-07,14:30:00,2:30-4PM,long,1.29,3.28,4,13.1,1.74,1.95,0.992,0
BTBT,2025-02-13,15:01:00,2:30-4PM,long,2.12,3.06,1,4.5,1.48,0.5,0.059,1
BTBT,2025-02-13,15:02:00,2:30-4PM,long,1.79,3.08,0,2.9,0.5,0.22,0.138,0
BTBT,2025-02-19,15:17:00,2:30-4PM,long,0.49,3.06,1,2.6,0.5,0.66,0.008,0
BTBT,2025-02-26,14:37:00,2:30-4PM,long,2.66,2.44,1,2.8,0.4,0.62,-0.312,1
BTBT,2025-02-26,15:02:00,2:30-4PM,long,1.8,2.5,2,2.6,0.4,0.6,0.888,0
BTBT,2025-02-26,15:07:00,2:30-4PM,long,1.8,2.5,1,3.1,0.81,0.2,0.938,0
BTBT,2025-02-27,14:31:00,2:30-4PM,long,1.13,2.62,2,5.4,0.78,1.18,1.364,0
BTBT,2025-02-28,14:44:00,2:30-4PM,long,4.8,2.4,2,2.7,0.42,1.05,1.666,1
BTBT,2025-03-06,15:07:00,2:30-4PM,long,1.64,2.44,2,4.5,0.62,0.62,0.462,0
BTBT,2025-03-07,14:42:00,2:30-4PM,long,3.29,2.43,1,2.6,0.42,0.76,0.059,1
BTBT,2025-03-07,14:50:00,2:30-4PM,long,2.02,2.46,1,2.0,0.61,0.21,1.589,1
BTBT,2025-03-07,15:00:00,2:30-4PM,long,1.0,2.48,2,2.5,0.82,1.43,1.175,0
BTBT,2025-03-17,15:22:00,2:30-4PM,long,0.0,2.36,1,3.0,0.69,0.64,0.023,0
BTBT,2025-03-18,15:13:00,2:30-4PM,long,0.53,2.35,0,2.2,0.41,0.32,-0.012,0
BTBT,2025-04-07,14:53:00,2:30-4PM,long,0.03,2.04,2,2.4,0.5,1.24,0.259,0
BTBT,2025-04-08,14:33:00,2:30-4PM,long,0.0,2.08,0,3.7,0.7,0.48,-0.013,0
BTBT,2025-04-16,15:24:00,2:30-4PM,long,0.28,1.78,1,2.1,0.75,0.62,0.055,0
BTBT,2025-05-08,15:24:00,2:30-4PM,long,0.95,2.11,0,4.1,0.48,0.24,0.02,0
BTBT,2025-06-03,14:50:00,2:30-4PM,long,0.4,2.43,0,2.5,0.61,0.22,0.06,0
SDIG,2025-01-06,14:48:00,2:30-4PM,long,0.69,4.34,0,2.3,0.46,0.0,-0.441,0
SDIG,2025-01-31,14:53:00,2:30-4PM,long,1.06,3.76,0,2.4,0.67,0.27,-0.528,0
WGMI,2025-01-17,14:35:00,2:30-4PM,long,0.56,26.02,1,2.9,0.54,0.17,1.604,0
WGMI,2025-01-22,14:30:00,2:30-4PM,long,-0.12,25.39,2,5.9,0.68,0.79,0.915,0
WGMI,2025-01-30,14:30:00,2:30-4PM,long,3.05,21.94,0,2.3,0.51,0.14,,1
WGMI,2025-02-27,14:30:00,2:30-4PM,long,2.11,18.51,2,6.5,0.98,0.22,3.255,1
WGMI,2025-02-27,14:32:00,2:30-4PM,long,0.96,18.72,2,4.4,0.97,0.21,3.928,0
WGMI,2025-03-03,14:32:00,2:30-4PM,long,0.31,19.33,0,2.0,0.82,0.31,-1.79,0
WGMI,2025-03-04,14:37:00,2:30-4PM,long,-0.25,16.27,0,2.1,0.49,0.0,-0.719,0
WGMI,2025-03-05,14:40:00,2:30-4PM,long,1.3,16.55,0,3.4,0.61,0.42,-1.64,0
WGMI,2025-03-07,14:39:00,2:30-4PM,long,3.3,15.76,1,2.3,0.45,0.45,0.651,1
RIVN,2025-01-03,14:31:00,2:30-4PM,long,6.77,14.47,2,7.6,2.86,1.83,0.226,1
RIVN,2025-01-03,14:32:00,2:30-4PM,long,6.32,14.55,2,7.4,1.83,0.48,1.004,1
RIVN,2025-01-03,14:33:00,2:30-4PM,long,5.93,14.66,2,4.3,0.48,0.72,1.528,1
RIVN,2025-01-03,14:34:00,2:30-4PM,long,5.06,14.81,2,3.6,0.72,1.08,2.021,1
RIVN,2025-01-07,14:31:00,2:30-4PM,long,1.9,16.04,3,9.8,0.96,0.22,0.311,0
RIVN,2025-01-07,14:47:00,2:30-4PM,long,0.06,16.28,2,2.8,0.93,0.31,0.371,0
RIVN,2025-01-16,14:34:00,2:30-4PM,long,1.16,14.26,1,2.2,0.66,0.81,-1.261,0
RIVN,2025-01-16,14:35:00,2:30-4PM,long,0.87,14.3,0,2.5,0.81,0.26,-1.199,0
RIVN,2025-01-17,14:31:00,2:30-4PM,long,1.59,15.1,2,7.0,1.34,1.04,-0.261,0
RIVN,2025-01-17,14:32:00,2:30-4PM,long,1.19,15.16,1,5.1,1.04,0.41,-0.098,0
RIVN,2025-01-24,14:30:00,2:30-4PM,long,0.78,12.79,2,16.0,0.47,0.2,0.304,0
RIVN,2025-01-27,09:36:00,9:30-11AM,long,-0.16,12.49,0,4.9,0.4,0.08,0.137,0
RIVN,2025-01-27,14:37:00,2:30-4PM,long,0.97,13.2,1,2.3,0.5,0.31,2.897,0
RIVN,2025-01-27,15:28:00,2:30-4PM,long,0.86,13.44,0,4.0,0.83,0.15,0.172,0
RIVN,2025-01-29,14:30:00,2:30-4PM,long,0.32,12.57,2,13.8,0.81,1.05,-0.199,0
RIVN,2025-01-31,14:30:00,2:30-4PM,long,0.63,12.68,2,15.0,0.72,0.84,-0.131,0
RIVN,2025-01-31,14:52:00,2:30-4PM,long,1.33,12.75,1,2.4,1.03,0.1,0.113,0
RIVN,2025-02-04,14:30:00,2:30-4PM,long,2.64,12.49,2,17.1,0.49,0.64,-0.169,1
RIVN,2025-02-04,14:31:00,2:30-4PM,long,1.1,12.68,1,6.2,0.64,1.52,-0.08,0
RIVN,2025-02-10,14:31:00,2:30-4PM,long,0.16,12.84,3,8.1,0.87,0.55,0.405,0
RIVN,2025-02-12,14:30:00,2:30-4PM,long,1.77,12.44,1,17.1,0.57,0.48,-0.192,0
RIVN,2025-02-12,14:31:00,2:30-4PM,long,1.28,12.5,0,3.9,0.48,0.48,-0.18,0
RIVN,2025-02-13,15:01:00,2:30-4PM,long,2.35,12.87,0,3.2,0.51,0.45,0.087,1
RIVN,2025-02-13,15:02:00,2:30-4PM,long,1.37,12.99,1,2.5,0.45,0.95,0.149,0
RIVN,2025-02-13,15:03:00,2:30-4PM,long,1.23,13.01,2,7.1,0.95,0.12,0.528,0
RIVN,2025-02-14,14:30:00,2:30-4PM,long,1.21,13.76,4,16.8,1.26,0.87,0.728,0
RIVN,2025-02-14,14:31:00,2:30-4PM,long,1.05,13.78,1,5.8,0.87,0.16,1.036,0
RIVN,2025-02-21,14:31:00,2:30-4PM,long,0.61,13.15,2,5.0,1.41,1.62,-0.102,0
RIVN,2025-02-25,14:33:00,2:30-4PM,long,0.95,12.07,2,2.1,0.42,0.84,0.471,0
RIVN,2025-02-26,14:38:00,2:30-4PM,long,1.7,11.77,0,2.7,0.77,0.38,0.186,0
RIVN,2025-02-28,14:35:00,2:30-4PM,long,2.59,11.58,2,2.1,1.01,0.56,-1.017,1
RIVN,2025-02-28,14:36:00,2:30-4PM,long,2.15,11.63,1,2.3,0.56,0.52,-0.947,1
RIVN,2025-03-03,14:30:00,2:30-4PM,long,0.73,12.26,4,18.7,1.33,0.83,0.341,0
RIVN,2025-03-21,14:56:00,2:30-4PM,long,0.97,11.29,0,2.6,0.42,0.18,0.228,0
RIVN,2025-04-01,14:35:00,2:30-4PM,long,2.7,12.94,1,2.2,0.47,1.01,0.098,1
RIVN,2025-05-09,14:58:00,2:30-4PM,long,1.07,14.54,1,2.0,0.66,0.38,0.459,0
RIVN,2025-06-04,15:10:00,2:30-4PM,long,0.18,14.18,0,2.6,0.57,0.21,-0.002,0
LCID,2025-01-03,14:31:00,2:30-4PM,long,3.2,3.09,2,6.4,2.31,0.85,-0.3,1
LCID,2025-01-03,14:32:00,2:30-4PM,long,2.73,3.12,1,3.8,0.85,0.81,-0.122,1
LCID,2025-01-03,14:33:00,2:30-4PM,long,1.91,3.14,2,6.6,0.81,0.77,0.415,0
LCID,2025-01-07,14:31:00,2:30-4PM,long,4.87,3.45,2,7.0,1.33,0.35,0.272,1
LCID,2025-01-07,14:37:00,2:30-4PM,long,3.39,3.5,2,4.5,0.86,0.61,1.143,1
LCID,2025-01-10,14:30:00,2:30-4PM,long,2.86,2.98,2,15.3,0.86,0.86,0.032,1
LCID,2025-01-14,14:33:00,2:30-4PM,long,0.99,3.13,2,2.2,0.64,1.13,0.272,0
LCID,2025-01-15,14:32:00,2:30-4PM,long,0.48,3.12,2,2.5,0.65,1.47,1.116,0
LCID,2025-01-23,14:31:00,2:30-4PM,long,0.36,2.73,3,5.9,1.12,0.56,0.765,0
LCID,2025-01-24,14:33:00,2:30-4PM,long,0.35,2.82,2,4.6,0.54,0.53,1.325,0
LCID,2025-02-04,14:30:00,2:30-4PM,long,1.92,2.86,3,18.2,1.43,0.35,0.653,0
LCID,2025-02-18,15:19:00,2:30-4PM,long,1.61,3.42,1,2.6,0.74,0.59,0.202,0
LCID,2025-02-18,15:20:00,2:30-4PM,long,1.45,3.44,1,3.6,0.59,0.44,0.31,0
LCID,2025-03-03,09:59:00,9:30-11AM,long,0.44,2.27,0,7.0,0.44,0.0,0.054,0
LCID,2025-03-04,14:36:00,2:30-4PM,long,0.0,2.12,2,2.4,1.44,0.71,-0.987,0
LCID,2025-03-05,14:39:00,2:30-4PM,long,0.69,2.18,1,3.4,0.7,1.16,-0.703,0
LCID,2025-04-01,14:51:00,2:30-4PM,long,1.15,2.6,0,2.1,0.79,0.48,0.109,0
LCID,2025-04-17,15:00:00,2:30-4PM,long,1.14,2.36,0,4.2,0.83,0.13,0.018,0
LCID,2025-05-01,15:17:00,2:30-4PM,long,0.0,2.62,0,3.4,0.58,0.48,0.034,0
NIO,2025-01-06,14:30:00,2:30-4PM,long,0.2,4.9,1,2.6,0.52,2.3,-0.046,0
NIO,2025-01-14,14:30:00,2:30-4PM,long,0.48,4.18,1,15.8,0.48,0.38,0.064,0
NIO,2025-01-27,14:30:00,2:30-4PM,long,0.57,4.39,3,17.6,1.04,0.59,0.237,0
NIO,2025-01-27,14:33:00,2:30-4PM,long,0.23,4.41,1,3.1,0.46,0.34,0.602,0
NIO,2025-01-28,15:27:00,2:30-4PM,long,0.26,4.29,0,4.0,0.59,0.21,0.116,0
NIO,2025-02-04,14:31:00,2:30-4PM,long,0.11,4.47,2,3.8,0.45,1.02,0.411,0
NIO,2025-02-14,14:30:00,2:30-4PM,long,3.06,4.42,2,16.8,1.03,0.46,0.188,1
NIO,2025-02-14,14:36:00,2:30-4PM,long,0.11,4.55,2,4.8,0.56,0.56,1.601,0
NIO,2025-02-19,14:30:00,2:30-4PM,long,0.9,4.46,2,16.6,0.8,0.56,0.117,0
NIO,2025-02-19,14:31:00,2:30-4PM,long,0.67,4.47,0,5.8,0.56,0.34,0.242,0
NIO,2025-02-19,15:24:00,2:30-4PM,long,0.2,4.51,0,5.2,0.81,0.41,0.061,0
NIO,2025-02-20,14:30:00,2:30-4PM,long,1.12,4.47,3,16.5,0.48,1.13,0.277,0
NIO,2025-02-26,14:43:00,2:30-4PM,long,3.51,4.56,3,5.1,1.01,0.66,0.782,1
NIO,2025-02-26,14:44:00,2:30-4PM,long,2.94,4.58,2,3.4,0.66,0.77,1.052,1
NIO,2025-02-26,14:45:00,2:30-4PM,long,2.28,4.62,2,2.2,0.77,0.65,1.302,1
NIO,2025-02-26,14:46:00,2:30-4PM,long,1.29,4.66,2,2.8,0.65,0.86,1.648,0
NIO,2025-02-27,14:31:00,2:30-4PM,long,2.3,4.81,2,5.4,1.6,0.82,-0.343,1
NIO,2025-02-27,14:34:00,2:30-4PM,long,0.82,4.88,1,2.0,0.47,1.04,0.105,0
NIO,2025-02-27,14:35:00,2:30-4PM,long,0.61,4.89,2,3.8,1.04,0.41,0.401,0
NIO,2025-02-27,15:26:00,2:30-4PM,long,3.22,4.97,1,2.3,0.41,0.66,0.215,1
NIO,2025-02-27,15:27:00,2:30-4PM,long,3.01,4.98,1,3.1,0.66,0.3,0.323,1
NIO,2025-03-07,14:31:00,2:30-4PM,long,3.25,4.31,0,3.7,0.7,0.23,-0.049,1
NIO,2025-03-07,14:41:00,2:30-4PM,long,2.03,4.38,1,3.3,0.46,0.25,0.507,1
NIO,2025-03-13,09:52:00,9:30-11AM,long,0.2,5.05,0,2.3,0.5,0.4,0.029,0
XPEV,2025-01-16,14:34:00,2:30-4PM,long,0.6,13.9,4,16.3,0.95,0.92,0.308,0
XPEV,2025-01-17,14:51:00,2:30-4PM,long,0.35,14.16,0,2.6,0.46,0.36,0.151,0
XPEV,2025-01-22,14:33:00,2:30-4PM,long,-0.1,14.84,0,7.9,0.82,0.07,-0.3,0
XPEV,2025-02-03,14:32:00,2:30-4PM,long,3.58,15.09,2,7.8,1.0,0.67,-0.223,1
XPEV,2025-02-03,15:24:00,2:30-4PM,long,0.51,15.78,1,3.1,0.83,0.19,0.342,0
XPEV,2025-02-04,14:30:00,2:30-4PM,long,2.14,16.83,2,15.1,0.73,0.9,-0.142,1
XPEV,2025-02-04,14:31:00,2:30-4PM,long,1.21,16.98,1,3.4,0.9,0.86,-0.04,0
XPEV,2025-02-04,14:32:00,2:30-4PM,long,0.88,17.04,0,3.9,0.86,0.29,0.175,0
XPEV,2025-02-05,14:31:00,2:30-4PM,long,0.33,16.7,1,2.7,0.44,0.51,-0.23,0
XPEV,2025-02-13,14:33:00,2:30-4PM,long,0.89,15.69,2,12.0,1.33,0.32,-0.107,0
XPEV,2025-02-21,14:30:00,2:30-4PM,long,2.59,18.55,2,18.5,0.65,0.08,0.403,1
XPEV,2025-02-21,14:32:00,2:30-4PM,long,1.97,18.74,2,2.3,0.49,0.54,0.606,0
XPEV,2025-02-26,14:39:00,2:30-4PM,long,2.64,21.02,1,2.7,0.7,0.65,0.063,1
XPEV,2025-02-27,14:31:00,2:30-4PM,long,0.98,22.44,2,5.1,1.53,1.04,-0.686,0
XPEV,2025-03-06,15:11:00,2:30-4PM,long,0.22,22.45,0,2.7,0.43,0.16,0.243,0
XPEV,2025-03-07,14:42:00,2:30-4PM,long,0.64,23.55,1,2.6,0.74,0.77,-0.191,0
XPEV,2025-05-06,14:46:00,2:30-4PM,long,0.58,19.68,0,2.2,0.49,0.38,-0.027,0
XPEV,2025-05-21,09:30:00,9:30-11AM,long,1.38,20.96,4,15.0,2.03,2.14,1.051,0
XPEV,2025-05-21,09:33:00,9:30-11AM,long,0.62,21.12,3,2.5,1.31,0.81,1.814,0
XPEV,2025-05-21,15:17:00,2:30-4PM,long,0.71,22.16,0,2.5,0.41,0.5,-0.021,0
XPEV,2025-06-12,10:24:00,9:30-11AM,long,0.0,20.84,4,8.0,4.22,1.56,1.231,0
LI,2025-01-02,14:32:00,2:30-4PM,long,0.49,24.42,0,2.6,0.5,0.33,0.164,0
LI,2025-02-12,14:33:00,2:30-4PM,long,0.23,25.94,0,2.1,0.5,0.15,0.146,0
LI,2025-02-21,14:31:00,2:30-4PM,long,0.76,28.14,3,9.7,1.34,0.66,-0.217,0
LI,2025-02-21,15:05:00,2:30-4PM,long,0.25,28.56,1,2.3,0.51,0.58,0.215,0
GOEV,2025-01-08,14:38:00,2:30-4PM,long,7.19,1.39,2,5.1,0.74,2.21,0.443,1
GOEV,2025-01-08,14:44:00,2:30-4PM,long,4.93,1.42,2,2.7,0.68,1.7,2.954,1
GOEV,2025-01-08,15:18:00,2:30-4PM,long,2.41,1.46,1,3.6,1.77,0.4,0.034,1
GOEV,2025-01-14,15:15:00,2:30-4PM,long,1.95,1.35,2,2.6,1.14,0.66,0.121,0
GOEV,2025-01-17,14:30:00,2:30-4PM,long,1.46,1.54,3,9.9,0.66,1.22,0.56,0
GOEV,2025-01-21,14:48:00,2:30-4PM,long,5.65,0.51,3,4.5,2.04,8.88,2.784,1
GOEV,2025-01-21,14:49:00,2:30-4PM,long,1.89,0.53,3,2.8,8.88,4.74,4.855,0
GOEV,2025-01-23,15:23:00,2:30-4PM,long,1.84,0.36,2,4.5,1.01,1.73,0.154,0
GOEV,2025-01-24,14:36:00,2:30-4PM,long,29.28,0.35,3,2.7,2.16,2.48,0.356,1
GOEV,2025-01-24,14:57:00,2:30-4PM,long,55.16,0.37,2,2.5,0.68,4.41,1.569,1
GOEV,2025-01-24,14:58:00,2:30-4PM,long,61.78,0.38,4,11.9,4.41,2.21,4.701,1
GOEV,2025-01-24,14:59:00,2:30-4PM,long,61.36,0.41,3,7.5,2.21,5.79,7.228,1
GOEV,2025-01-24,15:03:00,2:30-4PM,long,62.11,0.43,3,2.2,2.18,13.2,10.828,1
GOEV,2025-01-24,15:05:00,2:30-4PM,long,51.63,0.46,2,2.9,0.72,6.86,13.449,1
GOEV,2025-01-24,15:06:00,2:30-4PM,long,48.78,0.47,3,3.9,6.86,3.84,16.549,1
GOEV,2025-01-24,15:15:00,2:30-4PM,long,55.26,0.52,3,2.2,2.29,6.3,15.135,1
GOEV,2025-01-24,15:16:00,2:30-4PM,long,51.15,0.53,3,2.3,6.3,1.96,13.781,1
GOEV,2025-01-24,15:17:00,2:30-4PM,long,40.99,0.57,3,2.2,1.96,5.55,13.173,1
GOEV,2025-01-24,15:27:00,2:30-4PM,long,29.48,0.65,3,2.4,17.28,6.46,8.105,1
WKHS,2025-01-03,14:40:00,2:30-4PM,long,0.0,0.79,2,2.2,1.12,2.93,0.093,0
WKHS,2025-01-29,15:18:00,2:30-4PM,long,-0.72,0.54,2,3.9,1.48,1.15,0.134,0
WKHS,2025-02-04,14:55:00,2:30-4PM,long,2.81,0.51,3,8.2,1.9,0.02,0.574,1
WKHS,2025-02-12,14:33:00,2:30-4PM,long,0.0,0.5,0,5.2,0.76,0.02,0.1,0
WKHS,2025-03-07,15:04:00,2:30-4PM,long,-0.03,0.36,3,3.7,1.58,0.5,0.46,0
WKHS,2025-03-25,15:07:00,2:30-4PM,long,4.96,2.34,1,3.7,0.73,0.04,0.458,1
WKHS,2025-04-04,15:15:00,2:30-4PM,long,3.79,1.32,3,5.1,2.34,1.1,0.299,1
WKHS,2025-05-27,15:09:00,2:30-4PM,long,4.02,0.91,1,5.6,0.47,0.71,0.077,1
WKHS,2025-05-27,15:12:00,2:30-4PM,long,2.87,0.92,2,6.1,1.1,0.11,0.321,1
WKHS,2025-05-28,14:31:00,2:30-4PM,long,8.76,1.01,3,2.6,0.91,1.25,0.822,1
WKHS,2025-05-28,14:39:00,2:30-4PM,long,1.84,1.08,3,2.3,0.91,0.75,5.4,0
WKHS,2025-06-06,15:01:00,2:30-4PM,long,1.42,0.93,1,2.4,0.59,0.0,0.29,0
BLNK,2025-01-03,14:30:00,2:30-4PM,long,1.64,1.52,2,9.3,0.65,1.0,0.245,0
BLNK,2025-01-03,14:31:00,2:30-4PM,long,1.31,1.52,3,7.6,1.0,0.66,0.436,0
BLNK,2025-01-03,14:32:00,2:30-4PM,long,0.65,1.54,3,8.4,0.66,0.99,0.759,0
BLNK,2025-01-07,14:30:00,2:30-4PM,long,3.41,1.76,3,16.9,2.65,0.86,-0.348,1
BLNK,2025-01-07,14:31:00,2:30-4PM,long,3.17,1.76,1,5.5,0.86,0.8,-0.199,1
BLNK,2025-01-17,14:33:00,2:30-4PM,long,0.67,1.5,0,3.0,0.83,0.44,0.037,0
BLNK,2025-01-17,14:34:00,2:30-4PM,long,0.0,1.51,1,3.1,0.44,1.34,0.145,0
BLNK,2025-01-29,14:51:00,2:30-4PM,long,1.27,1.18,2,3.3,0.93,1.28,-0.302,0
BLNK,2025-02-03,14:30:00,2:30-4PM,long,2.14,1.16,2,8.2,0.77,0.88,-0.042,1
BLNK,2025-02-03,15:21:00,2:30-4PM,long,0.83,1.2,2,4.8,1.14,1.69,0.061,0
BLNK,2025-02-06,15:14:00,2:30-4PM,long,0.44,1.2,1,3.5,1.32,0.4,-0.032,0
BLNK,2025-02-12,15:19:00,2:30-4PM,long,1.83,1.03,2,2.4,0.98,1.59,0.218,0
BLNK,2025-02-12,15:20:00,2:30-4PM,long,0.95,1.04,2,3.1,1.59,0.49,0.252,0
BLNK,2025-02-13,15:02:00,2:30-4PM,long,1.25,1.1,1,3.8,0.92,0.31,0.031,0
BLNK,2025-02-18,14:52:00,2:30-4PM,long,0.0,1.12,2,3.2,1.83,0.03,0.333,0
BLNK,2025-02-26,14:38:00,2:30-4PM,long,1.83,0.98,1,3.2,0.43,0.2,0.791,0
BLNK,2025-03-07,15:18:00,2:30-4PM,long,0.93,1.08,3,6.2,0.94,0.93,0.586,0
BLNK,2025-03-31,14:38:00,2:30-4PM,long,0.07,0.91,0,7.4,0.42,0.15,0.182,0
BLNK,2025-03-31,15:01:00,2:30-4PM,long,1.76,0.9,1,6.5,0.47,0.63,0.029,0
BLNK,2025-04-10,14:36:00,2:30-4PM,long,2.22,0.73,1,2.7,0.54,0.15,0.373,1
BLNK,2025-04-11,14:47:00,2:30-4PM,long,1.44,0.71,2,8.8,0.7,0.54,0.022,0
BLNK,2025-05-08,15:14:00,2:30-4PM,long,3.2,0.8,0,6.4,0.51,0.1,0.045,1
BLNK,2025-05-21,15:13:00,2:30-4PM,long,0.1,0.73,0,2.8,0.48,0.05,-0.025,0
BLNK,2025-06-06,14:47:00,2:30-4PM,long,0.39,0.87,1,4.2,0.77,0.29,0.307,0
BLNK,2025-06-10,14:30:00,2:30-4PM,long,1.92,1.02,1,2.6,0.78,0.53,0.054,0
BLNK,2025-06-26,14:37:00,2:30-4PM,long,0.0,1.02,2,6.5,1.74,1.49,0.223,0
CHPT,2025-01-02,14:43:00,2:30-4PM,long,3.08,1.14,2,2.4,0.58,0.63,0.42,1
CHPT,2025-01-03,14:31:00,2:30-4PM,long,1.31,1.14,1,6.1,0.58,0.88,0.247,0
CHPT,2025-01-03,14:53:00,2:30-4PM,long,0.36,1.16,1,2.5,0.79,0.5,0.184,0
CHPT,2025-01-06,14:30:00,2:30-4PM,long,1.68,1.2,4,18.0,1.33,0.55,0.534,0
CHPT,2025-01-07,14:31:00,2:30-4PM,long,5.7,1.23,2,6.6,1.67,0.81,-0.009,1
CHPT,2025-01-07,14:32:00,2:30-4PM,long,4.84,1.24,3,8.6,0.81,1.22,0.489,1
CHPT,2025-01-30,14:33:00,2:30-4PM,long,1.3,1.0,3,3.0,1.39,0.71,0.605,0
CHPT,2025-02-04,14:31:00,2:30-4PM,long,2.11,0.94,1,3.3,0.56,0.52,-0.021,1
CHPT,2025-02-05,14:30:00,2:30-4PM,long,0.01,0.93,1,16.1,0.48,0.45,-0.063,0
CHPT,2025-02-05,14:59:00,2:30-4PM,long,0.7,0.93,0,3.1,0.72,0.49,0.02,0
CHPT,2025-02-06,14:33:00,2:30-4PM,long,0.85,0.94,0,6.0,0.42,0.32,0.054,0
CHPT,2025-02-06,14:37:00,2:30-4PM,long,0.21,0.94,1,5.2,0.61,0.19,0.369,0
CHPT,2025-02-13,14:30:00,2:30-4PM,long,6.04,0.71,2,18.5,1.17,0.25,-0.12,1
CHPT,2025-02-13,14:48:00,2:30-4PM,long,2.03,0.74,2,2.3,1.55,0.2,0.664,1
CHPT,2025-02-13,14:50:00,2:30-4PM,long,1.55,0.75,2,2.8,1.15,0.28,1.408,0
CHPT,2025-02-13,15:22:00,2:30-4PM,long,1.43,0.77,1,2.8,0.82,0.46,0.63,0
CHPT,2025-02-14,14:30:00,2:30-4PM,long,2.44,0.81,3,16.1,1.06,1.1,0.023,1
CHPT,2025-02-14,14:31:00,2:30-4PM,long,1.56,0.81,2,5.6,1.1,0.67,0.213,0
CHPT,2025-02-14,14:32:00,2:30-4PM,long,1.03,0.82,1,6.3,0.67,0.43,0.608,0
CHPT,2025-02-14,14:33:00,2:30-4PM,long,0.13,0.83,2,7.0,0.43,0.81,1.194,0
CHPT,2025-03-05,14:35:00,2:30-4PM,long,2.9,0.69,3,4.3,2.07,1.14,1.064,1
CHPT,2025-03-05,15:16:00,2:30-4PM,long,2.27,0.71,1,3.9,0.82,1.41,0.198,1
CHPT,2025-03-05,15:22:00,2:30-4PM,long,1.3,0.72,2,3.8,1.59,0.01,0.582,0
CHPT,2025-03-07,14:31:00,2:30-4PM,long,7.33,0.73,2,4.0,0.65,0.93,2.064,1
CHPT,2025-03-07,14:32:00,2:30-4PM,long,7.08,0.73,2,6.2,0.93,0.23,2.485,1
CHPT,2025-03-07,14:34:00,2:30-4PM,long,4.49,0.75,3,4.2,1.62,0.89,3.207,1
CHPT,2025-03-07,14:37:00,2:30-4PM,long,4.0,0.75,1,3.4,0.44,0.24,4.695,1
CHPT,2025-03-07,14:39:00,2:30-4PM,long,1.43,0.77,3,5.0,1.01,1.46,5.873,0
CHPT,2025-03-07,14:44:00,2:30-4PM,long,0.03,0.78,2,2.1,0.89,1.27,3.58,0
CHPT,2025-03-07,15:16:00,2:30-4PM,long,0.48,0.79,3,2.3,0.92,1.06,0.672,0
CHPT,2025-04-01,14:34:00,2:30-4PM,long,2.65,0.6,2,9.3,0.82,0.75,0.037,1
CHPT,2025-04-16,15:22:00,2:30-4PM,long,0.27,0.59,1,9.9,0.44,0.03,0.023,0
CHPT,2025-06-03,14:45:00,2:30-4PM,long,1.61,0.78,1,3.2,0.84,0.09,0.706,0
CHPT,2025-06-09,15:01:00,2:30-4PM,long,0.8,0.79,0,5.1,0.7,0.33,0.029,0
CHPT,2025-06-25,15:25:00,2:30-4PM,long,1.25,0.73,1,6.0,1.02,0.23,0.195,0
MRNA,2025-01-03,14:33:00,2:30-4PM,long,0.64,42.35,0,3.1,0.63,0.36,-0.225,0
MRNA,2025-01-07,14:32:00,2:30-4PM,long,6.64,44.59,2,3.5,1.51,0.57,-0.946,1
MRNA,2025-01-07,14:33:00,2:30-4PM,long,5.74,44.97,1,5.4,0.57,1.03,-0.66,1
MRNA,2025-01-22,14:30:00,2:30-4PM,long,6.61,36.91,2,16.5,0.77,0.71,-0.535,1
MRNA,2025-01-22,14:31:00,2:30-4PM,long,6.26,37.05,0,4.4,0.71,0.24,-0.443,1
MRNA,2025-01-22,14:46:00,2:30-4PM,long,7.01,38.4,3,2.9,1.2,0.52,0.746,1
MRNA,2025-01-22,14:52:00,2:30-4PM,long,4.74,39.23,1,2.7,0.58,0.12,2.122,1
MRNA,2025-01-22,15:02:00,2:30-4PM,long,1.33,40.55,2,2.2,0.86,1.26,1.706,0
MRNA,2025-01-23,14:30:00,2:30-4PM,long,0.17,39.33,3,15.8,1.01,1.41,-0.255,0
MRNA,2025-01-24,14:31:00,2:30-4PM,long,2.7,44.21,2,4.8,0.81,0.83,1.01,1
MRNA,2025-01-24,14:32:00,2:30-4PM,long,1.25,44.84,2,3.4,0.83,1.45,1.18,0
MRNA,2025-01-24,14:33:00,2:30-4PM,long,0.02,45.36,3,3.7,1.45,1.18,1.517,0
MRNA,2025-01-29,14:31:00,2:30-4PM,long,0.09,44.11,2,2.7,1.29,0.98,-0.693,0
MRNA,2025-01-29,15:13:00,2:30-4PM,long,1.13,44.24,0,2.1,0.49,0.18,0.163,0
MRNA,2025-01-29,15:22:00,2:30-4PM,long,0.39,44.56,2,2.6,0.41,0.76,0.325,0
MRNA,2025-02-04,14:31:00,2:30-4PM,long,1.24,37.11,2,4.1,0.98,1.39,-0.814,0
MRNA,2025-02-04,14:32:00,2:30-4PM,long,0.19,37.5,2,2.6,1.39,1.21,-0.704,0
MRNA,2025-02-05,15:21:00,2:30-4PM,long,-0.01,35.55,1,3.8,0.53,0.82,0.142,0
MRNA,2025-02-07,14:31:00,2:30-4PM,long,0.39,33.64,0,3.3,0.48,0.41,-0.102,0
MRNA,2025-02-11,15:28:00,2:30-4PM,long,0.06,31.48,0,2.7,0.74,0.32,-0.013,0
MRNA,2025-02-13,14:30:00,2:30-4PM,long,0.03,31.41,2,16.1,0.64,1.77,0.248,0
MRNA,2025-02-14,14:32:00,2:30-4PM,long,5.41,31.52,2,3.1,2.75,1.24,-1.491,1
MRNA,2025-02-14,14:33:00,2:30-4PM,long,4.76,31.72,2,3.5,1.24,0.51,-1.183,1
MRNA,2025-02-14,14:40:00,2:30-4PM,long,1.86,32.62,2,3.0,4.18,1.01,-0.375,0
MRNA,2025-02-14,14:41:00,2:30-4PM,long,0.87,32.94,2,2.5,1.01,1.34,0.113,0
MRNA,2025-02-18,14:36:00,2:30-4PM,long,2.12,34.27,1,3.6,0.67,0.73,-0.193,1
MRNA,2025-02-19,14:30:00,2:30-4PM,long,2.18,35.7,2,18.6,1.11,0.49,-0.235,1
MRNA,2025-02-25,14:32:00,2:30-4PM,long,3.69,34.22,2,2.5,0.7,0.71,0.468,1
MRNA,2025-03-07,15:10:00,2:30-4PM,long,4.63,36.1,1,2.7,0.63,0.46,0.754,1
MRNA,2025-03-07,15:19:00,2:30-4PM,long,2.16,36.97,1,2.1,0.76,0.11,1.77,1
MRNA,2025-03-24,14:55:00,2:30-4PM,long,1.67,34.05,0,2.2,0.78,0.03,0.035,0
MRNA,2025-05-20,15:12:00,2:30-4PM,long,7.96,28.06,1,2.3,0.68,1.26,0.133,1
MRNA,2025-05-20,15:13:00,2:30-4PM,long,5.72,28.66,3,3.6,1.26,2.12,0.401,1
MRNA,2025-05-20,15:14:00,2:30-4PM,long,3.63,29.24,3,2.5,2.12,1.99,0.683,1
MRNA,2025-05-20,15:15:00,2:30-4PM,long,3.27,29.34,2,3.7,1.99,0.34,1.337,1
MRNA,2025-05-20,15:19:00,2:30-4PM,long,0.23,30.0,2,2.1,2.13,0.22,2.772,0
MRNA,2025-06-03,15:07:00,2:30-4PM,long,0.75,28.01,0,3.0,0.58,0.11,0.221,0
BNTX,2025-01-07,14:38:00,2:30-4PM,long,2.42,125.39,1,2.7,0.75,0.1,1.276,1
BNTX,2025-01-24,14:30:00,2:30-4PM,long,1.33,123.23,0,7.7,0.51,0.4,,0
BNTX,2025-02-26,14:30:00,2:30-4PM,long,0.43,115.08,2,12.0,0.55,0.61,0.053,0
BNTX,2025-05-20,15:13:00,2:30-4PM,long,3.6,100.74,0,6.4,0.5,0.41,0.163,1
BNTX,2025-05-20,15:15:00,2:30-4PM,long,2.57,101.94,2,2.5,0.65,0.56,0.282,1
PFE,2025-01-06,14:31:00,2:30-4PM,long,0.02,26.8,0,4.0,0.45,0.13,-0.141,0
PFE,2025-01-07,14:31:00,2:30-4PM,long,1.47,27.17,0,2.9,0.47,0.17,0.025,0
PFE,2025-01-27,14:33:00,2:30-4PM,long,0.94,26.64,1,3.5,0.6,0.18,0.943,0
PFE,2025-02-04,14:31:00,2:30-4PM,long,0.94,26.66,2,3.8,1.09,0.87,-0.448,0
PFE,2025-02-04,14:32:00,2:30-4PM,long,0.04,26.83,1,3.4,0.87,0.62,-0.398,0
PFE,2025-03-03,14:30:00,2:30-4PM,long,1.3,26.55,2,19.0,0.53,0.15,0.377,0
GILD,2025-01-27,14:38:00,2:30-4PM,long,0.33,95.43,1,5.4,0.41,0.24,1.93,0
GILD,2025-06-27,14:30:00,2:30-4PM,long,1.51,110.34,1,4.9,0.49,1.37,0.055,0
GILD,2025-06-27,14:31:00,2:30-4PM,long,0.72,111.2,4,9.4,1.37,0.67,0.356,0
GILD,2025-06-27,14:32:00,2:30-4PM,long,0.14,111.84,2,3.5,0.67,0.58,0.506,0
BIIB,2025-01-27,14:41:00,2:30-4PM,long,0.12,148.76,1,2.0,0.49,0.11,0.314,0
BIIB,2025-02-13,14:30:00,2:30-4PM,long,1.42,134.45,2,15.8,1.2,0.45,0.25,0
BIIB,2025-03-04,15:05:00,2:30-4PM,long,0.67,147.01,1,2.0,0.43,0.11,0.286,0
REGN,2025-01-06,14:39:00,2:30-4PM,long,0.46,723.75,0,3.2,0.45,0.21,,0
REGN,2025-02-24,15:06:00,2:30-4PM,long,-0.28,725.0,3,4.4,0.9,0.61,0.676,0
REGN,2025-03-07,14:43:00,2:30-4PM,long,0.46,705.94,0,2.4,0.47,0.01,0.12,0
VRTX,2025-01-31,14:44:00,2:30-4PM,long,0.7,465.75,1,2.4,0.77,0.73,0.124,0
SRPT,2025-01-15,15:06:00,2:30-4PM,long,0.1,122.89,2,10.4,0.42,0.5,0.531,0
SRPT,2025-03-19,15:08:00,2:30-4PM,long,0.96,79.34,0,4.5,0.55,0.48,0.161,0
SRPT,2025-03-19,15:09:00,2:30-4PM,long,0.64,79.59,0,3.5,0.48,0.15,0.216,0
SRPT,2025-03-26,14:33:00,2:30-4PM,long,0.11,71.99,0,2.8,0.45,0.18,-0.037,0
SRPT,2025-04-07,14:31:00,2:30-4PM,long,0.97,52.9,1,4.0,0.81,0.48,0.268,0
SRPT,2025-04-21,14:36:00,2:30-4PM,long,0.0,56.11,1,2.1,0.49,0.94,0.199,0
SRPT,2025-05-14,14:36:00,2:30-4PM,long,0.52,36.66,0,2.2,0.81,0.3,-0.121,0
SRPT,2025-05-20,15:17:00,2:30-4PM,long,0.88,38.82,0,3.5,0.41,0.05,0.213,0
KPTI,2025-01-24,14:50:00,2:30-4PM,long,2.97,0.69,0,4.1,0.59,0.06,0.171,1
KPTI,2025-02-05,14:34:00,2:30-4PM,long,3.04,0.64,2,6.5,1.42,1.27,,1
KPTI,2025-02-18,15:09:00,2:30-4PM,long,0.11,0.65,1,2.7,1.6,0.03,0.15,0
KPTI,2025-02-24,14:31:00,2:30-4PM,long,7.23,0.56,3,4.9,1.03,7.69,4.86,1
KPTI,2025-03-10,15:11:00,2:30-4PM,long,4.02,7.96,2,3.8,3.62,0.38,1.382,1
BABA,2025-01-07,14:33:00,2:30-4PM,long,0.38,84.65,0,3.3,0.56,0.42,0.06,0
BABA,2025-01-07,14:34:00,2:30-4PM,long,0.23,84.78,0,3.3,0.42,0.15,0.107,0
BABA,2025-02-03,14:32:00,2:30-4PM,long,2.5,97.7,0,5.2,0.82,0.44,0.049,1
BABA,2025-02-03,14:33:00,2:30-4PM,long,2.1,98.09,0,4.3,0.44,0.36,0.156,1
BABA,2025-02-03,15:21:00,2:30-4PM,long,1.49,100.37,0,2.4,0.53,0.11,0.105,0
BABA,2025-02-04,15:26:00,2:30-4PM,long,1.11,101.9,0,2.3,0.43,0.09,0.11,0
BABA,2025-02-05,14:32:00,2:30-4PM,long,0.92,100.89,1,14.2,0.83,0.38,-0.004,0
BABA,2025-02-07,14:31:00,2:30-4PM,long,1.21,106.22,2,16.1,1.35,0.36,0.108,0
BABA,2025-02-21,14:31:00,2:30-4PM,long,0.5,143.71,1,7.6,0.94,0.37,0.206,0
BABA,2025-02-21,15:05:00,2:30-4PM,long,0.14,145.1,0,2.2,0.64,0.08,0.115,0
JD,2025-01-02,14:30:00,2:30-4PM,long,0.91,34.51,3,18.7,0.41,0.57,0.281,0
JD,2025-01-02,14:31:00,2:30-4PM,long,0.75,34.56,1,5.0,0.57,0.19,0.394,0
JD,2025-01-13,14:31:00,2:30-4PM,long,0.87,33.26,0,4.1,0.55,0.18,0.065,0
JD,2025-01-22,15:00:00,2:30-4PM,long,0.25,39.3,0,2.1,0.42,0.03,0.057,0
JD,2025-02-03,14:32:00,2:30-4PM,long,1.83,39.56,2,3.6,1.24,0.23,0.331,0
JD,2025-02-03,15:21:00,2:30-4PM,long,1.26,40.29,0,2.5,0.57,0.11,0.104,0
JD,2025-02-03,15:24:00,2:30-4PM,long,0.52,40.59,0,2.3,0.5,0.1,0.169,0
JD,2025-02-07,14:30:00,2:30-4PM,long,0.83,40.99,1,16.5,0.52,0.44,0.213,0
JD,2025-02-11,14:34:00,2:30-4PM,long,1.1,41.0,0,2.6,0.67,0.49,-0.167,0
JD,2025-02-21,14:31:00,2:30-4PM,long,1.84,42.29,0,6.8,0.74,0.5,0.108,0
JD,2025-03-06,09:35:00,9:30-11AM,long,4.29,46.44,1,2.2,0.59,0.19,0.728,1
JD,2025-03-06,09:46:00,9:30-11AM,long,0.06,48.4,3,2.2,1.29,0.64,1.015,0
PDD,2025-01-02,14:31:00,2:30-4PM,long,0.98,97.5,1,3.5,1.66,0.46,0.202,0
PDD,2025-01-02,14:32:00,2:30-4PM,long,0.76,97.72,1,2.4,0.46,0.27,0.358,0
PDD,2025-01-07,15:23:00,2:30-4PM,long,0.31,99.56,0,2.3,0.43,0.26,0.019,0
PDD,2025-01-13,14:32:00,2:30-4PM,long,0.67,95.73,1,3.5,0.41,0.69,-0.151,0
PDD,2025-01-13,14:33:00,2:30-4PM,long,0.28,96.1,0,2.4,0.69,0.44,-0.105,0
PDD,2025-01-13,14:34:00,2:30-4PM,long,0.2,96.18,0,2.3,0.44,0.1,-0.032,0
PDD,2025-01-17,14:55:00,2:30-4PM,long,0.89,105.8,1,2.0,0.65,0.48,0.998,0
PDD,2025-01-30,14:30:00,2:30-4PM,long,1.1,112.66,1,13.8,0.72,0.14,0.011,0
PDD,2025-01-31,14:33:00,2:30-4PM,long,0.07,115.37,0,2.5,0.55,0.39,-1.031,0
PDD,2025-02-04,14:30:00,2:30-4PM,long,1.62,109.22,2,16.8,0.8,0.39,0.72,0
PDD,2025-02-04,14:35:00,2:30-4PM,long,1.21,110.06,1,2.7,0.4,0.22,1.276,0
PDD,2025-02-05,14:32:00,2:30-4PM,long,2.23,110.08,1,2.9,0.44,0.29,0.254,1
PDD,2025-02-20,14:30:00,2:30-4PM,long,0.99,129.46,2,17.6,0.78,0.29,0.439,0
PDD,2025-02-21,14:53:00,2:30-4PM,long,2.39,129.89,1,2.9,0.47,0.52,0.083,1
PDD,2025-02-28,14:34:00,2:30-4PM,long,1.44,113.92,1,2.1,1.0,0.01,-1.024,0
PDD,2025-03-03,14:32:00,2:30-4PM,long,1.1,114.7,0,2.2,0.78,0.15,-0.696,0
PDD,2025-03-06,14:34:00,2:30-4PM,long,0.31,124.01,1,2.3,0.64,0.61,-0.495,0
TME,2025-01-27,15:09:00,2:30-4PM,long,0.08,12.07,1,2.4,0.5,0.17,0.293,0
TME,2025-02-04,15:29:00,2:30-4PM,long,0.74,12.19,0,3.6,0.58,0.33,-0.084,0
TME,2025-02-06,14:30:00,2:30-4PM,long,0.08,12.13,3,10.0,0.58,0.58,2.497,0
TME,2025-02-12,14:33:00,2:30-4PM,long,2.47,12.57,1,3.2,1.09,0.48,-1.018,1
TME,2025-02-20,14:35:00,2:30-4PM,long,0.55,13.52,1,2.1,0.67,0.37,0.55,0
TME,2025-02-26,14:33:00,2:30-4PM,long,0.91,13.22,0,2.2,0.57,0.35,-0.235,0
TME,2025-02-27,14:31:00,2:30-4PM,long,0.58,12.86,1,5.5,0.51,0.74,-0.655,0
TME,2025-02-27,14:32:00,2:30-4PM,long,0.0,12.89,0,4.1,0.74,0.27,-0.44,0
TME,2025-03-18,15:06:00,2:30-4PM,long,0.83,14.43,0,2.0,0.45,0.38,0.044,0
TME,2025-04-07,15:15:00,2:30-4PM,long,0.27,13.02,0,2.3,0.43,0.27,0.072,0
TME,2025-04-10,14:35:00,2:30-4PM,long,1.53,12.7,0,2.4,0.48,0.24,0.071,0
TME,2025-05-14,15:27:00,2:30-4PM,long,0.9,16.66,0,5.7,0.64,0.36,0.174,0
TME,2025-06-10,10:18:00,9:30-11AM,long,6.05,19.5,3,6.5,1.01,2.69,0.784,1
TME,2025-06-10,10:19:00,9:30-11AM,long,4.97,19.7,4,11.4,2.69,1.18,2.684,1
TME,2025-06-10,10:22:00,9:30-11AM,long,0.29,20.4,3,5.5,1.51,0.94,5.218,0
BILI,2025-01-02,14:32:00,2:30-4PM,long,0.06,17.7,0,2.9,0.52,0.28,-0.314,0
BILI,2025-01-07,14:33:00,2:30-4PM,long,1.32,17.36,0,5.8,0.7,0.35,0.196,0
BILI,2025-01-13,14:35:00,2:30-4PM,long,0.16,16.12,0,3.0,0.44,0.06,0.082,0
BILI,2025-01-17,14:31:00,2:30-4PM,long,4.07,17.32,0,7.0,0.55,0.41,-0.003,1
BILI,2025-01-17,14:32:00,2:30-4PM,long,4.03,17.35,0,3.8,0.41,0.12,0.087,1
BILI,2025-01-17,14:40:00,2:30-4PM,long,3.13,17.55,1,3.8,0.69,0.43,0.694,1
BILI,2025-01-17,14:41:00,2:30-4PM,long,2.96,17.58,1,3.1,0.43,0.13,0.843,1
BILI,2025-02-03,14:30:00,2:30-4PM,long,4.88,16.4,2,15.6,0.74,0.99,0.162,1
BILI,2025-02-03,14:33:00,2:30-4PM,long,3.86,16.56,2,3.0,0.43,0.55,0.498,1
BILI,2025-02-03,14:34:00,2:30-4PM,long,3.3,16.65,1,2.5,0.55,0.36,0.643,1
BILI,2025-02-07,14:31:00,2:30-4PM,long,0.94,19.04,1,7.1,0.69,0.26,0.543,0
BILI,2025-02-07,14:33:00,2:30-4PM,long,0.23,19.14,1,4.2,0.47,0.03,0.884,0
BILI,2025-02-12,14:32:00,2:30-4PM,long,0.91,18.1,0,3.1,0.73,0.39,-0.296,0
BILI,2025-02-14,14:33:00,2:30-4PM,long,1.23,22.47,1,4.6,0.78,0.4,1.077,0
BILI,2025-02-14,14:34:00,2:30-4PM,long,0.36,22.66,2,4.7,0.4,0.91,1.362,0
BILI,2025-02-20,10:07:00,9:30-11AM,long,3.61,21.07,2,2.6,0.77,0.91,1.501,1
BILI,2025-02-20,10:08:00,9:30-11AM,long,2.97,21.2,3,3.1,0.91,0.62,1.813,1
BILI,2025-02-20,10:09:00,9:30-11AM,long,1.72,21.46,2,3.5,0.62,1.27,2.243,0
BILI,2025-02-20,10:10:00,9:30-11AM,long,0.23,21.78,3,2.4,1.27,1.49,2.344,0
BILI,2025-02-20,14:31:00,2:30-4PM,long,1.93,23.83,2,7.5,2.42,0.47,1.686,0
BILI,2025-02-20,14:32:00,2:30-4PM,long,0.87,24.08,2,5.1,0.47,1.13,2.315,0
BILI,2025-02-20,14:34:00,2:30-4PM,long,0.62,24.14,3,2.4,1.2,1.54,3.378,0
BILI,2025-02-21,14:36:00,2:30-4PM,long,3.46,23.66,1,2.1,0.68,0.0,0.542,1
BILI,2025-05-20,10:00:00,9:30-11AM,long,2.18,18.79,4,12.9,3.23,1.29,0.324,1
BILI,2025-06-11,15:19:00,2:30-4PM,long,0.47,21.17,0,4.3,0.72,0.17,0.005,0
IQ,2025-01-17,14:32:00,2:30-4PM,long,3.51,1.92,2,5.6,0.53,0.92,0.831,1
IQ,2025-01-17,14:33:00,2:30-4PM,long,2.84,1.94,3,7.6,0.92,0.52,1.257,1
IQ,2025-01-17,14:34:00,2:30-4PM,long,2.31,1.94,1,4.7,0.52,0.26,1.582,1
IQ,2025-01-29,14:30:00,2:30-4PM,long,0.01,2.3,3,17.7,1.35,1.54,0.184,0
IQ,2025-02-12,14:32:00,2:30-4PM,long,5.73,2.36,2,5.2,1.51,0.85,-0.694,1
IQ,2025-02-12,14:33:00,2:30-4PM,long,4.84,2.38,1,3.8,0.85,0.85,-0.594,1
IQ,2025-03-04,14:39:00,2:30-4PM,long,1.7,2.06,0,3.1,0.74,0.28,-0.665,0
IQ,2025-03-06,14:33:00,2:30-4PM,long,1.69,2.37,1,5.6,0.57,0.85,0.226,0
IQ,2025-03-06,14:34:00,2:30-4PM,long,0.47,2.4,2,4.2,0.85,1.21,0.416,0
IQ,2025-03-07,14:37:00,2:30-4PM,long,3.62,2.35,1,3.5,0.43,0.66,0.123,1
IQ,2025-03-07,14:42:00,2:30-4PM,long,1.25,2.4,2,3.6,0.63,0.63,0.525,0
IQ,2025-03-18,14:53:00,2:30-4PM,long,0.81,2.48,1,2.1,0.41,0.81,-0.005,0
IQ,2025-04-09,15:15:00,2:30-4PM,long,0.48,1.68,1,2.3,0.9,0.22,0.09,0
IQ,2025-06-27,14:54:00,2:30-4PM,long,0.84,1.78,1,8.5,0.56,0.28,0.041,0
FUTU,2025-01-15,14:30:00,2:30-4PM,long,0.37,79.44,2,13.6,0.68,0.3,0.405,0
FUTU,2025-01-17,14:30:00,2:30-4PM,long,5.23,82.66,3,15.6,1.67,0.28,1.068,1
FUTU,2025-01-17,15:01:00,2:30-4PM,long,0.37,88.8,2,2.1,0.66,0.99,1.473,0
FUTU,2025-01-22,15:01:00,2:30-4PM,long,0.08,90.6,1,2.4,0.49,0.26,0.266,0
FUTU,2025-01-30,14:30:00,2:30-4PM,long,1.35,99.0,2,10.0,0.76,0.2,0.845,0
FUTU,2025-02-03,14:31:00,2:30-4PM,long,2.66,94.0,1,2.1,0.86,0.76,-0.442,1
FUTU,2025-02-03,14:32:00,2:30-4PM,long,2.41,94.23,0,3.2,0.76,0.26,-0.332,1
FUTU,2025-02-04,14:30:00,2:30-4PM,long,0.14,98.36,4,15.7,1.57,1.27,0.509,0
FUTU,2025-02-06,14:31:00,2:30-4PM,long,0.38,98.32,0,3.4,0.57,0.4,0.086,0
FUTU,2025-02-07,14:30:00,2:30-4PM,long,1.36,104.18,4,15.6,1.8,2.24,0.46,0
FUTU,2025-02-11,14:32:00,2:30-4PM,long,1.22,106.7,3,7.8,1.12,0.53,0.5,0
FUTU,2025-02-13,14:31:00,2:30-4PM,long,2.18,113.51,2,6.2,0.97,0.58,-0.133,1
FUTU,2025-02-13,14:33:00,2:30-4PM,long,1.5,114.28,0,2.7,0.75,0.29,0.015,0
FUTU,2025-02-21,14:32:00,2:30-4PM,long,1.53,127.66,0,2.6,0.64,0.37,0.042,0
FUTU,2025-02-21,14:54:00,2:30-4PM,long,1.07,129.5,1,3.1,0.64,0.58,0.161,0
FUTU,2025-02-27,14:32:00,2:30-4PM,long,-0.03,114.14,1,2.3,1.21,0.22,-0.486,0
FUTU,2025-02-28,14:34:00,2:30-4PM,long,1.73,107.53,1,3.9,1.03,0.28,-0.262,0
FUTU,2025-03-13,15:02:00,2:30-4PM,long,0.22,111.0,0,2.3,0.73,0.12,-0.02,0
FUTU,2025-03-27,14:36:00,2:30-4PM,long,1.26,113.08,1,3.6,0.42,0.47,0.303,0
FUTU,2025-05-06,14:38:00,2:30-4PM,long,0.13,101.34,1,9.1,0.45,0.2,0.056,0
LU,2025-01-07,14:30:00,2:30-4PM,long,1.46,2.4,1,7.5,0.84,0.62,,0
LU,2025-01-08,14:30:00,2:30-4PM,long,0.61,2.45,1,4.5,0.41,0.62,,0
LU,2025-01-08,15:16:00,2:30-4PM,long,1.16,2.49,1,2.7,0.4,0.33,0.74,0
LU,2025-01-15,14:47:00,2:30-4PM,long,1.65,2.43,1,6.7,0.6,0.41,0.583,0
LU,2025-01-17,14:40:00,2:30-4PM,long,0.38,2.61,1,2.4,0.58,0.0,1.282,0
LU,2025-01-23,14:30:00,2:30-4PM,long,1.06,2.84,2,6.6,2.18,1.03,,0
LU,2025-01-23,14:35:00,2:30-4PM,long,0.0,2.86,1,2.0,0.86,0.18,1.261,0
LU,2025-01-23,15:29:00,2:30-4PM,long,0.17,2.86,0,4.3,0.85,0.35,0.123,0
LU,2025-02-06,15:26:00,2:30-4PM,long,1.24,2.42,2,6.3,1.04,0.62,0.007,0
LU,2025-02-07,14:30:00,2:30-4PM,long,0.99,2.5,3,7.9,1.43,1.02,2.019,0
LU,2025-02-07,14:31:00,2:30-4PM,long,0.62,2.51,3,10.6,1.02,0.38,3.181,0
LU,2025-02-10,15:19:00,2:30-4PM,long,0.79,2.63,1,5.4,1.17,0.35,0.237,0
LU,2025-02-20,14:30:00,2:30-4PM,long,0.0,2.96,3,8.4,0.68,1.72,1.057,0
LU,2025-02-21,14:40:00,2:30-4PM,long,4.11,3.04,1,2.3,0.79,0.66,0.093,1
LU,2025-02-25,14:30:00,2:30-4PM,long,0.16,3.08,3,10.5,2.52,0.49,0.727,0
LU,2025-03-06,14:30:00,2:30-4PM,long,0.77,3.26,3,14.6,1.73,0.46,0.792,0
LU,2025-03-11,14:52:00,2:30-4PM,long,2.11,3.08,0,2.4,0.51,0.18,0.052,1
LU,2025-03-11,14:54:00,2:30-4PM,long,0.8,3.12,0,3.5,0.81,0.48,0.201,0
LU,2025-03-31,15:14:00,2:30-4PM,long,0.69,3.02,2,9.1,0.67,0.34,0.471,0
LU,2025-04-07,14:53:00,2:30-4PM,long,0.37,2.55,0,2.8,0.77,0.47,0.136,0
LU,2025-04-24,15:09:00,2:30-4PM,long,0.98,3.12,2,6.3,0.82,1.01,1.329,0
LU,2025-04-28,14:36:00,2:30-4PM,long,0.7,3.0,0,7.8,0.62,0.3,-0.036,0
INTC,2025-01-21,14:30:00,2:30-4PM,long,0.02,22.37,2,17.8,1.41,0.16,0.127,0
INTC,2025-01-22,14:31:00,2:30-4PM,long,0.21,21.9,0,3.3,0.78,0.23,-0.538,0
INTC,2025-02-10,14:31:00,2:30-4PM,long,1.87,19.51,2,5.8,0.41,0.62,0.263,0
INTC,2025-02-11,14:30:00,2:30-4PM,long,3.03,20.16,3,18.4,1.21,0.15,0.677,1
INTC,2025-02-11,14:33:00,2:30-4PM,long,2.03,20.36,2,2.6,0.57,0.77,1.217,1
INTC,2025-02-11,15:22:00,2:30-4PM,long,0.62,21.0,1,2.9,0.74,0.07,0.296,0
INTC,2025-02-13,14:30:00,2:30-4PM,long,5.25,23.25,3,16.7,1.49,0.35,0.714,1
INTC,2025-02-13,14:33:00,2:30-4PM,long,4.5,23.6,2,3.6,0.51,0.63,1.427,1
INTC,2025-02-13,14:34:00,2:30-4PM,long,4.15,23.74,2,2.7,0.63,0.57,1.638,1
INTC,2025-02-13,14:35:00,2:30-4PM,long,4.07,23.86,2,2.2,0.57,0.51,1.846,1
INTC,2025-02-18,14:31:00,2:30-4PM,long,4.09,24.94,1,5.3,1.12,0.4,-0.272,1
INTC,2025-02-18,14:32:00,2:30-4PM,long,2.08,25.43,1,3.4,0.4,1.96,-0.223,1
INTC,2025-02-18,14:37:00,2:30-4PM,long,0.76,25.76,2,2.6,0.41,0.78,0.739,0
INTC,2025-02-20,14:35:00,2:30-4PM,long,0.0,25.89,2,2.7,0.55,0.66,0.356,0
INTC,2025-02-24,14:31:00,2:30-4PM,long,0.18,24.76,1,3.3,0.98,0.43,-0.587,0
INTC,2025-02-26,14:30:00,2:30-4PM,long,1.06,23.51,2,17.1,0.58,0.56,0.202,0
INTC,2025-02-27,14:30:00,2:30-4PM,long,1.27,23.96,2,18.2,0.95,0.15,0.058,0
INTC,2025-02-28,14:35:00,2:30-4PM,long,3.05,23.08,1,2.4,0.59,0.54,-0.887,1
INTC,2025-03-07,14:30:00,2:30-4PM,long,1.88,20.66,2,16.4,1.53,0.38,-0.156,0
INTC,2025-03-17,10:02:00,9:30-11AM,long,0.33,24.28,0,2.7,0.5,0.41,0.16,0
INTC,2025-04-07,10:05:00,9:30-11AM,long,2.39,19.27,1,3.7,1.0,0.26,0.044,1
INTC,2025-04-09,15:10:00,2:30-4PM,long,0.02,19.08,0,2.1,0.58,0.08,0.19,0
INTC,2025-05-01,15:16:00,2:30-4PM,long,1.23,20.4,0,4.1,0.89,0.32,0.012,0
QCOM,2025-01-21,14:31:00,2:30-4PM,long,0.1,167.2,0,2.4,0.54,0.3,-0.179,0
QCOM,2025-01-22,14:30:00,2:30-4PM,long,1.19,169.9,2,18.2,0.44,0.4,0.371,0
QCOM,2025-01-22,14:31:00,2:30-4PM,long,1.15,169.97,1,3.2,0.4,0.07,0.46,0
QCOM,2025-01-31,14:30:00,2:30-4PM,long,0.41,175.18,2,17.3,0.76,0.67,-0.282,0
QCOM,2025-02-04,14:30:00,2:30-4PM,long,1.5,169.63,1,17.8,0.51,0.08,-0.603,0
QCOM,2025-02-13,14:32:00,2:30-4PM,long,0.43,171.63,1,2.2,0.44,0.13,0.288,0
TXN,2025-01-23,14:32:00,2:30-4PM,long,0.41,196.2,0,2.3,0.53,0.22,-1.111,0
TXN,2025-02-03,15:24:00,2:30-4PM,long,0.43,181.91,0,3.6,0.5,0.05,0.002,0
TXN,2025-04-24,10:04:00,9:30-11AM,long,0.62,165.48,1,2.7,0.68,0.28,1.083,0
MU,2025-01-22,14:30:00,2:30-4PM,long,0.03,110.11,1,18.1,0.71,0.19,-0.172,0
MU,2025-01-30,14:32:00,2:30-4PM,long,1.56,91.24,0,3.7,0.47,0.22,0.06,0
MU,2025-02-05,14:30:00,2:30-4PM,long,0.09,91.22,2,17.7,0.54,0.3,0.258,0
MU,2025-02-06,14:32:00,2:30-4PM,long,0.49,95.83,1,3.1,0.44,0.24,0.594,0
MU,2025-02-10,14:30:00,2:30-4PM,long,0.96,94.39,3,18.1,0.72,0.52,0.625,0
MU,2025-02-14,14:31:00,2:30-4PM,long,1.28,99.43,1,7.8,0.56,0.36,1.133,0
MU,2025-02-18,14:30:00,2:30-4PM,long,1.65,103.34,2,18.0,0.42,0.35,0.698,0
MU,2025-02-18,14:33:00,2:30-4PM,long,0.67,104.35,1,3.5,0.42,0.19,1.184,0
MU,2025-02-27,14:31:00,2:30-4PM,long,0.19,99.62,1,4.8,1.07,0.44,-0.744,0
MU,2025-02-28,14:36:00,2:30-4PM,long,1.48,91.31,0,2.5,0.42,0.21,-0.876,0
MU,2025-03-04,14:36:00,2:30-4PM,long,0.18,90.12,0,3.5,0.84,0.36,-0.482,0
MU,2025-03-07,14:33:00,2:30-4PM,long,1.44,92.02,1,2.9,0.79,0.27,0.687,0
LRCX,2025-01-02,14:30:00,2:30-4PM,long,0.84,73.3,1,17.1,0.46,0.34,-0.576,0
LRCX,2025-01-31,14:30:00,2:30-4PM,long,1.2,82.22,2,18.6,0.4,0.93,-0.177,0
LRCX,2025-02-25,14:32:00,2:30-4PM,long,1.11,82.78,0,7.8,0.49,0.08,0.073,0
LRCX,2025-02-26,15:07:00,2:30-4PM,long,0.28,82.31,0,7.6,0.45,0.07,0.093,0
KLAC,2025-01-31,14:30:00,2:30-4PM,long,0.11,768.54,2,10.2,0.46,1.16,-0.894,0
KLAC,2025-03-03,15:19:00,2:30-4PM,long,1.97,714.03,0,2.8,0.55,0.17,-0.021,0
AMAT,2025-02-03,15:24:00,2:30-4PM,long,0.77,178.88,0,2.1,0.47,0.07,0.111,0
AMAT,2025-02-04,14:30:00,2:30-4PM,long,0.49,176.94,1,16.5,0.73,0.09,-1.27,0
SNPS,2025-01-27,14:30:00,2:30-4PM,long,0.42,527.79,2,12.6,0.81,0.29,0.62,0
SNPS,2025-04-07,14:53:00,2:30-4PM,long,0.53,391.82,1,2.4,0.67,0.54,0.069,0
ASML,2025-03-04,14:36:00,2:30-4PM,long,0.48,708.36,0,2.4,0.44,0.37,0.126,0
SQ,2025-01-16,14:39:00,2:30-4PM,long,0.22,86.05,0,2.2,0.45,0.05,-0.18,0
PYPL,2025-01-03,14:30:00,2:30-4PM,long,0.27,87.31,2,18.4,0.46,0.21,0.551,0
PYPL,2025-01-29,14:31:00,2:30-4PM,long,0.03,89.33,1,6.4,0.73,0.36,0.278,0
PYPL,2025-02-18,14:31:00,2:30-4PM,long,0.16,78.54,0,3.2,0.42,0.2,-0.448,0
PYPL,2025-04-07,10:04:00,9:30-11AM,long,1.49,56.37,0,2.9,0.45,0.12,0.106,0
SOFI,2025-01-07,14:31:00,2:30-4PM,long,0.12,15.6,2,4.7,0.85,0.91,0.271,0
SOFI,2025-01-16,14:34:00,2:30-4PM,long,1.04,15.93,0,3.0,0.88,0.38,0.108,0
SOFI,2025-01-21,14:30:00,2:30-4PM,long,0.95,17.3,3,17.5,0.74,1.2,0.746,0
SOFI,2025-01-21,14:31:00,2:30-4PM,long,0.82,17.32,2,4.0,1.2,0.14,0.948,0
SOFI,2025-01-23,14:32:00,2:30-4PM,long,0.86,17.55,0,3.1,0.75,0.29,-0.098,0
SOFI,2025-01-24,14:31:00,2:30-4PM,long,0.38,18.35,1,5.3,1.06,0.39,0.184,0
SOFI,2025-01-27,09:52:00,9:30-11AM,long,0.11,17.48,0,2.8,0.4,0.46,0.018,0
SOFI,2025-01-29,15:01:00,2:30-4PM,long,0.88,16.2,0,2.0,0.47,0.11,0.083,0
SOFI,2025-01-30,14:31:00,2:30-4PM,long,1.0,16.5,3,8.5,1.03,0.36,0.604,0
SOFI,2025-02-03,14:30:00,2:30-4PM,long,0.88,15.13,2,17.6,0.4,0.58,0.196,0
SOFI,2025-02-07,14:31:00,2:30-4PM,long,0.72,15.15,2,7.6,1.44,0.31,0.408,0
SOFI,2025-02-10,14:30:00,2:30-4PM,long,0.1,15.28,2,17.4,0.47,1.13,0.126,0
SOFI,2025-02-13,14:30:00,2:30-4PM,long,0.91,15.22,3,16.2,0.53,0.86,0.527,0
SOFI,2025-02-13,14:31:00,2:30-4PM,long,0.12,15.34,3,8.4,0.86,0.76,0.942,0
SOFI,2025-02-18,14:30:00,2:30-4PM,long,0.65,16.84,4,17.6,0.94,1.26,0.288,0
SOFI,2025-02-28,14:35:00,2:30-4PM,long,1.32,14.04,2,3.4,1.08,0.68,-0.334,0
SOFI,2025-06-05,14:41:00,2:30-4PM,long,1.56,14.1,0,2.0,0.77,0.18,0.206,0
UPST,2025-01-03,14:31:00,2:30-4PM,long,0.5,62.19,2,5.9,0.78,0.7,0.307,0
UPST,2025-01-03,14:32:00,2:30-4PM,long,0.29,62.32,1,2.5,0.7,0.25,0.436,0
UPST,2025-01-16,14:32:00,2:30-4PM,long,1.86,63.02,2,2.7,1.39,0.82,-0.586,0
UPST,2025-01-16,14:33:00,2:30-4PM,long,0.93,63.6,1,2.9,0.82,0.92,-0.519,0
UPST,2025-01-21,14:30:00,2:30-4PM,long,0.6,64.71,2,18.3,0.42,0.62,0.175,0
UPST,2025-01-23,14:32:00,2:30-4PM,long,0.27,66.26,2,5.8,1.51,0.67,0.15,0
UPST,2025-01-30,14:30:00,2:30-4PM,long,0.82,68.54,3,14.8,0.62,0.85,0.438,0
UPST,2025-02-04,14:32:00,2:30-4PM,long,0.43,64.02,0,3.4,0.62,0.44,-0.223,0
UPST,2025-02-07,14:31:00,2:30-4PM,long,3.52,69.94,3,9.9,2.57,0.34,0.326,1
UPST,2025-02-12,14:30:00,2:30-4PM,long,5.91,84.48,3,13.4,0.97,2.34,-0.182,1
UPST,2025-02-13,14:30:00,2:30-4PM,long,4.65,89.63,3,15.6,0.56,1.77,0.389,1
UPST,2025-02-13,14:31:00,2:30-4PM,long,2.64,91.39,3,6.1,1.77,2.09,0.696,1
UPST,2025-02-18,14:35:00,2:30-4PM,long,1.09,85.17,2,3.6,0.94,0.11,0.614,0
UPST,2025-02-18,15:08:00,2:30-4PM,long,1.51,87.84,2,2.5,1.06,0.08,0.536,0
UPST,2025-04-22,15:15:00,2:30-4PM,long,0.31,42.41,2,8.3,0.5,0.21,0.276,0
AFRM,2025-01-02,14:51:00,2:30-4PM,long,1.93,62.81,3,9.0,1.08,0.48,0.328,0
AFRM,2025-01-03,14:30:00,2:30-4PM,long,1.36,63.26,2,15.7,0.49,0.89,0.042,0
AFRM,2025-01-03,14:31:00,2:30-4PM,long,0.9,63.54,1,3.8,0.89,0.51,0.194,0
AFRM,2025-01-13,14:31:00,2:30-4PM,long,0.78,53.98,1,3.0,0.55,0.58,-0.228,0
AFRM,2025-01-30,14:30:00,2:30-4PM,long,2.35,60.48,4,13.9,0.91,1.09,0.358,1
AFRM,2025-01-30,14:31:00,2:30-4PM,long,2.1,60.62,3,10.5,1.09,0.32,0.86,1
AFRM,2025-02-04,14:32:00,2:30-4PM,long,0.98,60.93,1,4.3,0.75,1.06,-0.818,0
AFRM,2025-02-07,14:31:00,2:30-4PM,long,6.85,71.95,3,8.0,1.97,0.83,-0.284,1
AFRM,2025-02-07,14:32:00,2:30-4PM,long,5.71,72.73,1,5.2,0.83,1.14,0.121,1
AFRM,2025-02-07,14:35:00,2:30-4PM,long,2.56,74.96,3,4.1,1.91,1.12,1.536,1
AFRM,2025-02-07,14:36:00,2:30-4PM,long,1.93,75.43,3,3.9,1.12,0.67,2.296,0
AFRM,2025-02-13,14:31:00,2:30-4PM,long,1.26,76.78,0,4.9,0.78,0.28,0.091,0
AFRM,2025-02-27,14:32:00,2:30-4PM,long,0.2,66.45,1,3.8,0.71,0.17,0.41,0
AFRM,2025-03-03,14:30:00,2:30-4PM,long,1.44,66.05,2,15.8,0.45,0.99,0.027,0
AFRM,2025-03-05,14:32:00,2:30-4PM,long,0.15,58.29,1,3.6,1.07,0.16,-0.226,0
AFRM,2025-03-17,15:21:00,2:30-4PM,long,0.29,44.88,0,2.2,0.7,0.31,0.017,0
AFRM,2025-04-01,14:59:00,2:30-4PM,long,1.16,45.78,0,2.3,0.46,0.26,0.103,0
LMND,2025-01-03,14:30:00,2:30-4PM,long,3.01,37.8,4,12.4,2.28,0.67,1.436,1
LMND,2025-01-03,14:31:00,2:30-4PM,long,2.24,38.08,1,3.0,0.67,0.37,1.769,1
LMND,2025-01-03,14:33:00,2:30-4PM,long,1.02,38.54,2,2.8,0.8,0.85,2.469,0
LMND,2025-01-07,14:30:00,2:30-4PM,long,0.85,39.93,4,15.9,1.59,0.96,1.069,0
LMND,2025-01-07,14:31:00,2:30-4PM,long,0.26,40.17,4,8.2,0.96,0.57,1.658,0
LMND,2025-01-10,14:30:00,2:30-4PM,long,0.11,33.26,3,15.0,1.63,0.38,0.583,0
LMND,2025-01-13,14:30:00,2:30-4PM,long,1.13,31.49,2,17.2,0.44,1.08,-0.489,0
LMND,2025-01-14,15:07:00,2:30-4PM,long,0.1,31.51,0,3.1,0.61,0.03,-0.254,0
LMND,2025-01-16,14:55:00,2:30-4PM,long,0.51,33.48,1,2.2,0.85,0.18,0.328,0
LMND,2025-01-30,14:30:00,2:30-4PM,long,1.13,35.2,4,10.1,2.09,1.05,3.257,0
LMND,2025-01-30,15:22:00,2:30-4PM,long,0.46,35.15,0,2.9,0.54,0.2,0.045,0
LMND,2025-01-31,14:31:00,2:30-4PM,long,0.52,34.51,3,3.5,1.08,0.8,0.358,0
LMND,2025-02-06,14:30:00,2:30-4PM,long,0.59,37.03,4,16.6,1.23,1.29,1.628,0
LMND,2025-02-06,14:44:00,2:30-4PM,long,0.09,37.1,0,3.1,0.43,0.31,-0.039,0
LMND,2025-02-07,14:32:00,2:30-4PM,long,2.39,37.24,1,3.0,1.55,0.28,0.015,1
LMND,2025-02-12,14:32:00,2:30-4PM,long,0.12,32.54,1,2.5,0.68,0.87,-0.951,0
LMND,2025-02-13,14:30:00,2:30-4PM,long,1.88,33.55,4,13.4,1.28,1.85,0.774,0
LMND,2025-02-13,14:31:00,2:30-4PM,long,1.54,33.66,2,5.1,1.85,0.33,1.103,0
LMND,2025-02-13,15:14:00,2:30-4PM,long,1.03,34.94,1,3.0,0.44,1.9,0.238,0
LMND,2025-02-14,15:05:00,2:30-4PM,long,0.4,37.2,1,4.3,1.23,0.43,0.073,0
LMND,2025-02-18,14:30:00,2:30-4PM,long,6.12,38.26,4,14.9,0.91,1.24,0.928,1
LMND,2025-02-18,14:37:00,2:30-4PM,long,4.67,38.79,2,4.0,1.18,0.25,1.739,1
LMND,2025-02-18,15:11:00,2:30-4PM,long,0.37,40.83,2,2.1,0.47,0.72,0.476,0
LMND,2025-02-26,14:30:00,2:30-4PM,long,2.73,28.4,2,5.3,2.38,2.58,-0.118,1
LMND,2025-02-27,14:30:00,2:30-4PM,long,3.17,32.47,4,14.1,1.36,0.71,0.908,1
LMND,2025-02-27,14:31:00,2:30-4PM,long,0.0,33.5,3,8.8,0.71,2.73,1.55,0
LMND,2025-02-27,15:11:00,2:30-4PM,long,5.2,33.38,1,2.3,1.05,0.31,0.109,1
LMND,2025-02-28,15:25:00,2:30-4PM,long,-0.03,36.87,3,2.1,1.0,0.52,0.55,0
LMND,2025-03-03,15:22:00,2:30-4PM,long,2.76,38.28,1,3.6,0.69,0.45,0.341,1
LMND,2025-03-03,15:23:00,2:30-4PM,long,2.57,38.35,1,3.0,0.45,0.16,0.498,1
LMND,2025-03-06,15:04:00,2:30-4PM,long,0.67,37.19,2,2.2,1.01,0.36,0.583,0
LMND,2025-03-07,14:30:00,2:30-4PM,long,2.75,34.78,3,14.6,1.41,1.18,-0.327,1
LMND,2025-03-14,15:04:00,2:30-4PM,long,0.4,35.2,2,4.5,0.46,0.63,0.297,0
LMND,2025-04-23,14:32:00,2:30-4PM,long,0.71,29.42,0,2.6,0.76,0.38,-0.055,0
LMND,2025-05-05,14:48:00,2:30-4PM,long,0.43,30.26,1,4.9,0.51,0.18,0.339,0
LMND,2025-06-05,14:55:00,2:30-4PM,long,1.27,37.8,0,2.6,0.77,0.29,0.189,0
LMND,2025-06-05,15:12:00,2:30-4PM,long,0.71,38.01,0,2.7,0.64,0.24,0.173,0
LMND,2025-06-12,15:00:00,2:30-4PM,long,1.27,42.42,0,4.3,0.43,0.28,0.057,0
ROOT,2025-01-02,14:40:00,2:30-4PM,long,1.62,75.34,1,2.6,1.23,0.39,,0
ROOT,2025-02-06,14:47:00,2:30-4PM,long,0.68,110.36,1,3.0,1.99,0.33,-0.192,0
ROOT,2025-02-13,14:31:00,2:30-4PM,long,3.33,122.72,1,2.3,0.6,0.18,0.991,1
ROOT,2025-02-26,15:02:00,2:30-4PM,long,1.17,102.0,1,2.0,0.44,0.0,0.793,0
ROOT,2025-03-05,14:42:00,2:30-4PM,long,1.17,135.41,0,3.0,0.75,0.29,-0.419,0
ROOT,2025-03-07,14:38:00,2:30-4PM,long,2.67,131.97,1,5.6,0.85,0.78,0.233,1
ROOT,2025-03-07,14:39:00,2:30-4PM,long,2.66,131.99,1,2.2,0.78,0.35,0.489,1
ROOT,2025-03-07,14:42:00,2:30-4PM,long,1.16,133.94,2,3.8,0.44,1.14,1.471,0
ROOT,2025-03-07,14:43:00,2:30-4PM,long,0.89,134.31,2,2.9,1.14,0.03,1.845,0
ROOT,2025-03-14,14:59:00,2:30-4PM,long,2.21,147.59,3,7.1,1.77,1.01,0.318,1
ROOT,2025-03-27,14:38:00,2:30-4PM,long,1.3,149.41,1,2.3,0.7,0.69,0.241,0
ROOT,2025-03-27,14:39:00,2:30-4PM,long,1.2,149.56,1,2.4,0.69,0.31,0.276,0
ROOT,2025-03-31,15:05:00,2:30-4PM,long,1.35,133.73,2,6.2,1.01,1.16,0.018,0
ROOT,2025-04-14,14:30:00,2:30-4PM,long,1.14,131.0,3,5.9,1.16,1.09,0.664,0
ROOT,2025-06-02,15:15:00,2:30-4PM,long,2.84,136.62,1,2.9,0.82,0.05,0.481,1
ROOT,2025-06-12,14:40:00,2:30-4PM,long,2.55,158.71,1,6.1,0.68,0.2,0.47,1
ROOT,2025-06-12,14:55:00,2:30-4PM,long,1.51,160.33,2,2.3,0.8,0.66,0.495,0
RBLX,2025-01-06,14:31:00,2:30-4PM,long,1.58,61.45,0,7.7,0.67,0.41,-0.269,0
RBLX,2025-01-06,14:32:00,2:30-4PM,long,0.88,61.88,1,6.8,0.41,0.69,-0.028,0
RBLX,2025-01-27,14:31:00,2:30-4PM,long,2.69,64.68,0,2.7,0.59,0.02,-0.321,1
RBLX,2025-01-30,14:31:00,2:30-4PM,long,0.95,70.54,1,4.9,0.57,0.66,-0.737,0
RBLX,2025-02-03,14:30:00,2:30-4PM,long,1.2,70.2,0,7.8,0.66,0.04,0.098,0
RBLX,2025-02-03,14:38:00,2:30-4PM,long,-0.01,70.97,1,2.9,0.59,0.28,1.823,0
RBLX,2025-02-06,14:30:00,2:30-4PM,long,4.91,62.74,3,10.4,3.71,0.49,0.791,1
RBLX,2025-02-11,14:32:00,2:30-4PM,long,0.84,65.35,3,8.7,1.26,0.18,0.397,0
RBLX,2025-02-28,15:23:00,2:30-4PM,long,0.22,64.12,0,2.1,0.5,0.23,0.127,0
DOCU,2025-01-28,14:54:00,2:30-4PM,long,2.93,94.53,0,2.5,0.46,0.27,0.211,1
DOCU,2025-01-28,14:56:00,2:30-4PM,long,2.23,95.19,1,7.0,0.57,0.03,0.975,1
DOCU,2025-03-18,14:54:00,2:30-4PM,long,0.08,85.4,0,2.7,0.55,0.26,0.061,0
ZM,2025-01-28,14:30:00,2:30-4PM,long,1.67,83.25,2,11.7,0.71,0.31,0.751,0
ZM,2025-02-07,14:34:00,2:30-4PM,long,0.31,87.89,0,2.5,0.53,0.49,-0.036,0
ZM,2025-02-21,14:30:00,2:30-4PM,long,0.26,85.6,2,16.4,0.77,0.14,0.916,0
ZM,2025-02-27,15:04:00,2:30-4PM,long,1.23,73.89,0,2.1,0.72,0.18,-0.274,0
XOM,2025-02-04,14:42:00,2:30-4PM,long,0.75,108.44,1,3.8,0.76,0.08,0.587,0
CVX,2025-01-02,14:30:00,2:30-4PM,long,0.81,146.24,2,14.8,0.46,0.03,0.285,0
CVX,2025-01-13,14:31:00,2:30-4PM,long,1.16,155.55,0,7.3,0.44,0.13,0.111,0
CVX,2025-01-13,14:34:00,2:30-4PM,long,0.26,156.94,1,4.6,0.46,0.28,0.466,0
OXY,2025-01-13,14:35:00,2:30-4PM,long,0.51,52.08,0,2.4,0.43,0.3,-0.258,0
OXY,2025-01-24,14:31:00,2:30-4PM,long,-0.02,50.78,0,3.0,0.53,0.18,0.086,0
OXY,2025-01-27,14:30:00,2:30-4PM,long,0.26,49.55,2,19.0,0.54,0.14,0.353,0
OXY,2025-02-11,14:30:00,2:30-4PM,long,0.04,49.11,1,18.5,0.49,0.28,0.214,0
OXY,2025-02-19,14:30:00,2:30-4PM,long,2.51,50.5,3,17.5,1.6,0.43,2.066,1
OXY,2025-02-19,14:36:00,2:30-4PM,long,1.01,51.25,2,2.8,0.91,0.41,3.227,0
OXY,2025-02-19,15:11:00,2:30-4PM,long,0.44,51.94,0,2.2,0.66,0.22,0.21,0
OXY,2025-03-07,14:30:00,2:30-4PM,long,0.94,46.68,1,17.5,0.5,0.24,0.217,0
DVN,2025-01-08,14:35:00,2:30-4PM,long,0.8,34.8,0,3.5,0.64,0.08,-0.432,0
DVN,2025-01-10,14:32:00,2:30-4PM,long,0.67,36.64,2,2.8,0.41,0.78,1.2,0
DVN,2025-01-10,14:35:00,2:30-4PM,long,0.08,36.84,1,3.0,0.49,0.19,1.681,0
DVN,2025-01-13,14:32:00,2:30-4PM,long,1.33,36.57,0,6.0,0.42,0.45,0.114,0
DVN,2025-01-13,14:33:00,2:30-4PM,long,0.98,36.7,0,2.3,0.45,0.33,0.156,0
DVN,2025-02-10,14:35:00,2:30-4PM,long,0.84,33.79,0,4.0,0.46,0.06,0.19,0
DVN,2025-02-19,14:31:00,2:30-4PM,long,3.1,37.22,2,6.2,0.81,0.72,2.577,1
DVN,2025-02-19,14:32:00,2:30-4PM,long,2.57,37.42,2,5.7,0.72,0.52,2.947,1
DVN,2025-02-19,14:33:00,2:30-4PM,long,2.18,37.56,1,3.0,0.52,0.32,3.149,1
DVN,2025-02-27,14:35:00,2:30-4PM,long,1.47,35.66,0,2.3,0.48,0.08,-0.146,0
DVN,2025-03-07,14:30:00,2:30-4PM,long,1.42,34.42,2,17.2,0.41,0.29,0.296,0
FANG,2025-02-19,14:41:00,2:30-4PM,long,0.18,161.28,1,2.0,0.84,0.08,0.292,0
FANG,2025-02-25,14:32:00,2:30-4PM,long,0.66,160.41,1,3.4,0.65,1.16,-1.248,0
FANG,2025-02-25,14:33:00,2:30-4PM,long,0.5,160.55,1,3.4,1.16,0.02,-1.032,0
FANG,2025-03-07,14:30:00,2:30-4PM,long,0.94,142.37,2,8.4,0.97,0.25,,0
COP,2025-01-13,14:32:00,2:30-4PM,long,0.94,103.47,0,3.6,0.48,0.25,-0.383,0
COP,2025-01-13,14:35:00,2:30-4PM,long,-0.01,104.44,0,3.3,0.58,0.34,-0.007,0
COP,2025-02-04,14:42:00,2:30-4PM,long,0.99,99.3,1,5.0,0.48,0.02,0.613,0
COP,2025-03-07,14:30:00,2:30-4PM,long,0.96,90.04,2,18.1,0.55,0.12,0.437,0
SLB,2025-01-13,14:30:00,2:30-4PM,long,1.16,39.12,1,18.5,0.41,0.35,-0.388,0
SLB,2025-02-27,15:22:00,2:30-4PM,long,0.24,41.54,1,2.8,0.45,0.14,0.297,0
SLB,2025-03-07,14:30:00,2:30-4PM,long,1.34,40.44,3,14.7,0.91,0.33,0.709,0
HAL,2025-01-29,14:31:00,2:30-4PM,long,0.19,26.78,0,3.4,0.54,0.07,-0.122,0
HAL,2025-02-19,14:30:00,2:30-4PM,long,0.02,26.96,1,17.3,0.67,0.41,-0.247,0
BKR,2025-01-31,14:31:00,2:30-4PM,long,0.95,46.8,2,5.6,1.0,0.47,0.512,0
BKR,2025-03-07,14:30:00,2:30-4PM,long,0.68,42.38,0,7.5,0.52,0.07,,0
UAL,2025-01-06,14:32:00,2:30-4PM,long,1.73,97.69,1,2.6,0.49,0.6,-0.16,0
UAL,2025-01-07,14:31:00,2:30-4PM,long,0.22,100.87,2,4.8,0.98,0.41,0.623,0
UAL,2025-01-24,14:44:00,2:30-4PM,long,1.45,104.94,1,4.0,0.67,0.11,0.466,0
UAL,2025-01-27,14:32:00,2:30-4PM,long,0.93,104.57,1,3.3,0.88,0.53,-1.013,0
UAL,2025-01-29,14:32:00,2:30-4PM,long,0.24,107.57,1,2.4,0.48,0.07,0.867,0
UAL,2025-02-12,14:33:00,2:30-4PM,long,1.53,104.67,1,4.2,0.61,0.41,0.996,0
UAL,2025-02-12,14:57:00,2:30-4PM,long,0.88,105.88,1,5.3,0.47,0.17,0.382,0
UAL,2025-03-03,14:30:00,2:30-4PM,long,1.05,95.44,4,17.8,0.93,0.87,0.273,0
UAL,2025-03-03,14:31:00,2:30-4PM,long,0.61,95.86,1,6.6,0.87,0.31,0.551,0
UAL,2025-06-04,15:17:00,2:30-4PM,long,0.21,82.32,1,9.2,0.79,0.48,0.077,0
DAL,2025-01-07,14:31:00,2:30-4PM,long,0.52,60.86,1,2.7,0.71,0.18,0.447,0
DAL,2025-01-10,14:31:00,2:30-4PM,long,4.82,65.82,0,5.1,0.58,0.44,-0.204,1
DAL,2025-01-10,14:35:00,2:30-4PM,long,2.7,67.17,1,2.2,0.44,0.98,0.142,1
DAL,2025-01-10,14:40:00,2:30-4PM,long,1.68,67.85,2,2.3,0.94,0.15,0.917,0
DAL,2025-01-21,14:30:00,2:30-4PM,long,0.68,67.61,3,19.0,0.97,0.25,1.236,0
DAL,2025-01-27,14:32:00,2:30-4PM,long,0.81,66.98,0,2.0,0.55,0.15,-0.281,0
DAL,2025-02-18,14:30:00,2:30-4PM,long,0.81,65.6,3,18.2,1.24,0.15,0.626,0
DAL,2025-02-21,14:31:00,2:30-4PM,long,0.07,64.19,0,2.3,0.49,0.1,0.089,0
DAL,2025-06-04,15:17:00,2:30-4PM,long,0.23,49.6,0,7.9,0.77,0.36,0.029,0
AAL,2025-01-06,14:32:00,2:30-4PM,long,0.99,17.76,1,4.4,1.08,0.19,-0.422,0
AAL,2025-01-07,14:30:00,2:30-4PM,long,0.63,17.88,3,19.1,0.85,0.78,0.557,0
AAL,2025-01-07,14:31:00,2:30-4PM,long,0.34,17.89,1,5.0,0.78,0.11,0.771,0
AAL,2025-01-21,14:33:00,2:30-4PM,long,0.05,18.6,0,4.1,0.54,0.27,0.069,0
AAL,2025-01-27,14:31:00,2:30-4PM,long,1.53,16.88,1,2.4,0.42,0.58,0.235,0
AAL,2025-01-28,15:01:00,2:30-4PM,long,0.96,17.24,0,2.9,0.5,0.09,0.061,0
AAL,2025-01-29,14:32:00,2:30-4PM,long,0.06,17.2,0,2.3,0.43,0.06,-0.014,0
AAL,2025-01-30,14:32:00,2:30-4PM,long,0.69,17.11,2,3.6,1.24,0.16,0.389,0
AAL,2025-02-04,14:30:00,2:30-4PM,long,0.03,16.92,3,18.1,0.99,0.03,0.401,0
AAL,2025-02-18,14:30:00,2:30-4PM,long,0.47,16.09,2,17.7,0.72,0.63,-0.051,0
AAL,2025-02-18,14:31:00,2:30-4PM,long,0.38,16.1,0,5.0,0.63,0.12,0.08,0
AAL,2025-02-21,14:37:00,2:30-4PM,long,0.03,16.05,1,3.3,0.44,0.08,0.32,0
AAL,2025-02-26,14:30:00,2:30-4PM,long,0.16,15.62,2,17.8,0.65,0.19,0.84,0
AAL,2025-06-04,15:17:00,2:30-4PM,long,0.25,11.55,1,5.5,1.01,0.48,-0.01,0
LUV,2025-01-14,14:48:00,2:30-4PM,long,0.21,32.99,0,2.0,0.46,0.37,-0.147,0
LUV,2025-01-27,14:30:00,2:30-4PM,long,0.97,32.36,2,14.2,0.84,0.11,0.285,0
LUV,2025-01-30,14:32:00,2:30-4PM,long,3.34,32.02,3,5.8,0.92,0.52,1.091,1
LUV,2025-03-03,14:30:00,2:30-4PM,long,0.94,30.95,2,16.0,0.88,0.45,0.454,0
LUV,2025-03-03,14:31:00,2:30-4PM,long,0.51,31.08,1,3.0,0.45,0.42,0.597,0
LUV,2025-06-04,15:17:00,2:30-4PM,long,0.18,32.58,0,5.6,0.65,0.39,-0.058,0
LUV,2025-06-18,14:30:00,2:30-4PM,long,0.13,31.59,0,3.4,0.45,0.1,0.128,0
CCL,2025-01-10,14:34:00,2:30-4PM,long,1.1,23.74,0,2.8,0.4,0.36,-1.109,0
CCL,2025-01-13,14:30:00,2:30-4PM,long,0.97,23.94,1,18.4,0.59,0.3,-0.237,0
CCL,2025-01-28,14:32:00,2:30-4PM,long,1.57,26.41,1,3.0,0.59,0.67,-0.01,0
CCL,2025-01-29,14:31:00,2:30-4PM,long,0.9,27.86,0,4.8,0.43,0.43,0.247,0
CCL,2025-01-29,14:32:00,2:30-4PM,long,0.68,27.92,1,3.5,0.43,0.23,0.31,0
CCL,2025-02-05,14:32:00,2:30-4PM,long,0.02,27.54,1,3.6,0.53,0.01,0.6,0
CCL,2025-03-03,14:30:00,2:30-4PM,long,0.99,24.15,2,17.2,0.8,0.62,0.194,0
CCL,2025-06-04,15:18:00,2:30-4PM,long,0.06,23.98,0,5.1,0.42,0.08,0.037,0
RCL,2025-01-13,14:34:00,2:30-4PM,long,0.81,226.17,0,2.5,0.52,0.08,,0
RCL,2025-01-27,14:31:00,2:30-4PM,long,1.5,231.46,2,16.5,0.53,1.27,-0.68,0
RCL,2025-01-29,14:31:00,2:30-4PM,long,1.03,268.54,2,2.1,0.47,0.62,0.512,0
RCL,2025-02-13,14:30:00,2:30-4PM,long,0.6,262.43,1,11.6,0.41,0.04,0.235,0
RCL,2025-02-24,14:38:00,2:30-4PM,long,0.37,240.84,1,2.1,0.65,0.48,0.514,0
RCL,2025-03-03,14:30:00,2:30-4PM,long,0.54,250.05,0,4.8,0.66,0.49,,0
NCLH,2025-01-21,14:30:00,2:30-4PM,long,0.64,27.95,3,18.2,0.47,0.5,1.102,0
NCLH,2025-01-21,14:31:00,2:30-4PM,long,0.46,28.0,1,3.3,0.5,0.18,1.2,0
NCLH,2025-01-28,14:32:00,2:30-4PM,long,1.63,26.99,0,4.0,0.65,0.33,0.051,0
NCLH,2025-01-28,15:06:00,2:30-4PM,long,0.67,27.78,1,2.5,0.62,0.11,0.526,0
NCLH,2025-02-04,14:33:00,2:30-4PM,long,0.16,28.07,1,5.0,0.5,0.14,0.705,0
NCLH,2025-02-07,14:30:00,2:30-4PM,long,0.98,28.63,3,12.5,0.67,0.51,0.408,0
NCLH,2025-02-07,14:31:00,2:30-4PM,long,0.86,28.66,1,6.0,0.51,0.16,0.635,0
NCLH,2025-02-24,14:38:00,2:30-4PM,long,0.69,25.2,1,2.7,0.52,0.22,1.986,0
NCLH,2025-03-21,14:33:00,2:30-4PM,long,0.64,20.16,1,3.9,0.45,0.2,0.255,0
NCLH,2025-04-11,14:49:00,2:30-4PM,long,0.83,16.26,0,2.0,0.43,0.15,-0.075,0
NCLH,2025-05-01,15:08:00,2:30-4PM,long,0.71,16.31,0,2.9,0.56,0.09,-0.004,0
MAR,2025-01-27,14:58:00,2:30-4PM,long,0.21,285.94,0,2.7,0.43,0.1,0.076,0
HLT,2025-02-06,14:30:00,2:30-4PM,long,1.99,266.74,2,2.9,0.9,2.59,,0
ABNB,2025-01-07,14:30:00,2:30-4PM,long,-0.08,136.46,0,5.4,0.51,0.21,,0
ABNB,2025-01-15,14:31:00,2:30-4PM,long,0.34,132.54,2,4.2,1.04,0.28,0.684,0
ABNB,2025-01-22,14:33:00,2:30-4PM,long,-0.0,134.89,0,2.1,0.68,0.01,0.222,0
ABNB,2025-01-27,14:31:00,2:30-4PM,long,0.45,127.03,1,4.1,0.43,0.36,0.481,0
ABNB,2025-01-27,14:33:00,2:30-4PM,long,0.35,127.18,1,2.7,0.48,0.48,0.633,0
ABNB,2025-01-29,14:32:00,2:30-4PM,long,0.06,133.17,2,4.9,0.93,0.42,0.584,0
ABNB,2025-02-07,14:31:00,2:30-4PM,long,2.32,136.34,1,3.6,0.59,0.53,0.016,1
ABNB,2025-02-07,14:32:00,2:30-4PM,long,1.94,136.85,0,2.2,0.53,0.34,0.23,0
ABNB,2025-02-07,14:35:00,2:30-4PM,long,0.29,139.09,2,3.9,0.52,0.8,1.03,0
ABNB,2025-02-11,14:30:00,2:30-4PM,long,0.32,135.75,1,9.5,0.49,0.11,,0
ABNB,2025-02-12,14:35:00,2:30-4PM,long,1.47,134.65,0,2.7,0.44,0.1,0.021,0
ABNB,2025-02-13,14:33:00,2:30-4PM,long,0.14,140.55,0,6.7,0.46,0.25,-0.157,0
ABNB,2025-02-20,14:30:00,2:30-4PM,long,0.03,157.22,1,18.3,0.44,0.11,0.169,0
ABNB,2025-03-03,14:31:00,2:30-4PM,long,1.32,142.32,1,2.2,0.67,0.44,1.056,0
