symbol,date,time,side,pnl
AAPL,2025-12-15,2025-12-15 09:42:00-05:00,SHORT,0.004995412351520338
AAPL,2025-12-16,2025-12-16 09:30:00-05:00,LONG,-0.004
AAPL,2025-12-18,2025-12-18 09:38:00-05:00,SHORT,0.0025
AAPL,2025-12-23,2025-12-23 09:32:00-05:00,SHORT,-0.004
AAPL,2025-12-24,2025-12-24 09:30:00-05:00,LONG,0.004066456281030362
AAPL,2025-12-30,2025-12-30 09:30:00-05:00,LONG,-0.004
AAPL,2026-01-05,2026-01-05 09:32:00-05:00,SHORT,0.0025
AAPL,2026-01-05,2026-01-05 09:33:00-05:00,SHORT,-0.004
AAPL,2026-01-06,2026-01-06 09:30:00-05:00,SHORT,0.005175590314332892
AAPL,2026-01-06,2026-01-06 09:33:00-05:00,SHORT,0.002707822114840101
AAPL,2026-01-07,2026-01-07 09:31:00-05:00,LONG,-0.004
AAPL,2026-01-07,2026-01-07 09:36:00-05:00,SHORT,-0.004
AAPL,2026-01-12,2026-01-12 10:27:00-05:00,LONG,-0.004
AAPL,2026-01-13,2026-01-13 09:35:00-05:00,LONG,0.0025
AAPL,2026-01-20,2026-01-20 09:30:00-05:00,LONG,-0.004
AAPL,2026-01-22,2026-01-22 09:34:00-05:00,LONG,-0.004
AAPL,2026-01-22,2026-01-22 09:37:00-05:00,LONG,-0.004
AAPL,2026-01-23,2026-01-23 09:30:00-05:00,SHORT,-0.0011195700850873496
AAPL,2026-01-26,2026-01-26 09:30:00-05:00,SHORT,-0.004
AAPL,2026-01-26,2026-01-26 09:39:00-05:00,LONG,0.004667555696998151
AAPL,2026-01-27,2026-01-27 09:30:00-05:00,LONG,0.005049498758923224
AAPL,2026-01-27,2026-01-27 09:32:00-05:00,LONG,0.0042080894347952084
AAPL,2026-01-29,2026-01-29 09:30:00-05:00,LONG,-0.004
AAPL,2026-01-30,2026-01-30 09:31:00-05:00,SHORT,-0.004
AAPL,2026-01-30,2026-01-30 09:32:00-05:00,SHORT,-0.004
AAPL,2026-02-02,2026-02-02 09:30:00-05:00,LONG,0.0025
AAPL,2026-02-02,2026-02-02 09:31:00-05:00,LONG,-0.004
AAPL,2026-02-03,2026-02-03 09:30:00-05:00,LONG,-0.004
AAPL,2026-02-03,2026-02-03 09:32:00-05:00,LONG,-0.004
AAPL,2026-02-04,2026-02-04 09:30:00-05:00,LONG,-0.004
AAPL,2026-02-04,2026-02-04 09:34:00-05:00,LONG,0.01
AAPL,2026-02-05,2026-02-05 09:35:00-05:00,SHORT,0.0025
AAPL,2026-02-06,2026-02-06 09:30:00-05:00,LONG,-0.004
AAPL,2026-02-06,2026-02-06 09:32:00-05:00,LONG,0.0047828919000331566
AAPL,2026-02-06,2026-02-06 09:33:00-05:00,LONG,-0.004
AAPL,2026-02-09,2026-02-09 09:30:00-05:00,SHORT,0.007921033610408384
AAPL,2026-02-09,2026-02-09 09:33:00-05:00,SHORT,0.0044648509987992285
AAPL,2026-02-09,2026-02-09 09:35:00-05:00,SHORT,-0.004
AAPL,2026-02-10,2026-02-10 09:31:00-05:00,LONG,-0.004
AAPL,2026-02-11,2026-02-11 09:30:00-05:00,LONG,-0.004
AAPL,2026-02-12,2026-02-12 09:31:00-05:00,SHORT,0.004451579678511229
AAPL,2026-02-17,2026-02-17 09:31:00-05:00,LONG,0.004573804170865945
AAPL,2026-02-17,2026-02-17 09:33:00-05:00,LONG,0.003091309556010489
AAPL,2026-02-17,2026-02-17 10:18:00-05:00,LONG,-0.004
AAPL,2026-02-18,2026-02-18 09:30:00-05:00,LONG,-0.004
AAPL,2026-02-19,2026-02-19 09:30:00-05:00,LONG,-0.004
AAPL,2026-02-20,2026-02-20 10:01:00-05:00,LONG,-0.004
AAPL,2026-02-23,2026-02-23 09:30:00-05:00,LONG,-0.004
AAPL,2026-02-24,2026-02-24 09:30:00-05:00,LONG,0.01
AAPL,2026-02-24,2026-02-24 09:32:00-05:00,LONG,0.007744239631336455
AAPL,2026-02-24,2026-02-24 09:39:00-05:00,LONG,0.006705847781369314
AAPL,2026-02-26,2026-02-26 09:35:00-05:00,SHORT,0.000876040297853527
AAPL,2026-02-26,2026-02-26 09:36:00-05:00,SHORT,-0.004
AAPL,2026-02-26,2026-02-26 10:12:00-05:00,SHORT,0.00502895469872452
AAPL,2026-02-27,2026-02-27 09:30:00-05:00,SHORT,-0.004
AAPL,2026-02-27,2026-02-27 09:31:00-05:00,SHORT,-0.004
AAPL,2026-03-02,2026-03-02 09:30:00-05:00,SHORT,-0.004
AAPL,2026-03-03,2026-03-03 09:38:00-05:00,LONG,-0.004
AAPL,2026-03-06,2026-03-06 09:30:00-05:00,SHORT,0.0025
AAPL,2026-03-06,2026-03-06 09:33:00-05:00,SHORT,-0.004
AAPL,2026-03-09,2026-03-09 09:30:00-04:00,LONG,-0.004
AAPL,2026-03-11,2026-03-11 10:00:00-04:00,LONG,-0.004
AAPL,2026-03-12,2026-03-12 09:30:00-04:00,SHORT,0.007093201286871593
AAPL,2026-03-16,2026-03-16 09:30:00-04:00,SHORT,-0.004
AAPL,2026-03-18,2026-03-18 09:30:00-04:00,SHORT,-0.004
AAPL,2026-03-19,2026-03-19 09:30:00-04:00,SHORT,-0.004
AAPL,2026-03-24,2026-03-24 09:42:00-04:00,LONG,0.0027966107410640796
AAPL,2026-03-26,2026-03-26 09:30:00-04:00,SHORT,-0.004
AAPL,2026-03-26,2026-03-26 09:59:00-04:00,LONG,0.006716416440083512
AAPL,2026-03-31,2026-03-31 09:30:00-04:00,LONG,-0.004
AAPL,2026-04-06,2026-04-06 09:33:00-04:00,LONG,0.0049798512089275215
AAPL,2026-04-07,2026-04-07 09:30:00-04:00,SHORT,0.01
AAPL,2026-04-07,2026-04-07 09:31:00-04:00,SHORT,0.01
AAPL,2026-04-07,2026-04-07 09:32:00-04:00,SHORT,0.01
AAPL,2026-04-07,2026-04-07 10:06:00-04:00,SHORT,0.004108040201005048
AAPL,2026-04-08,2026-04-08 09:31:00-04:00,SHORT,-0.004
AAPL,2026-04-14,2026-04-14 09:30:00-04:00,LONG,0.0025
AAPL,2026-04-14,2026-04-14 09:35:00-04:00,LONG,-0.004
AAPL,2026-04-15,2026-04-15 09:30:00-04:00,LONG,-0.004
AAPL,2026-04-16,2026-04-16 09:30:00-04:00,SHORT,0.01
AAPL,2026-04-16,2026-04-16 09:31:00-04:00,SHORT,0.008014809856897776
AAPL,2026-04-20,2026-04-20 09:33:00-04:00,LONG,0.006102941176470551
AAPL,2026-04-21,2026-04-21 09:30:00-04:00,LONG,-0.004
AAPL,2026-04-23,2026-04-23 09:31:00-04:00,LONG,-0.004
AAPL,2026-04-24,2026-04-24 09:30:00-04:00,SHORT,0.0025
AAPL,2026-04-24,2026-04-24 09:31:00-04:00,SHORT,-0.004
AAPL,2026-04-30,2026-04-30 09:31:00-04:00,SHORT,-0.004
AAPL,2026-04-30,2026-04-30 09:37:00-04:00,SHORT,-0.004
AAPL,2026-05-01,2026-05-01 09:30:00-04:00,LONG,0.0025
AAPL,2026-05-01,2026-05-01 09:32:00-04:00,LONG,-0.004
AAPL,2026-05-04,2026-05-04 09:35:00-04:00,SHORT,-0.004
AAPL,2026-05-05,2026-05-05 09:32:00-04:00,LONG,0.005070463042852944
AAPL,2026-05-06,2026-05-06 09:34:00-04:00,SHORT,-0.004
AAPL,2026-05-08,2026-05-08 09:30:00-04:00,LONG,0.0025
AAPL,2026-05-08,2026-05-08 09:31:00-04:00,LONG,0.004475405770579234
AAPL,2026-05-11,2026-05-11 09:31:00-04:00,SHORT,-0.0012347796261362154
AAPL,2026-05-11,2026-05-11 09:32:00-04:00,SHORT,-0.004
AAPL,2026-05-12,2026-05-12 09:30:00-04:00,LONG,0.0009369676320271798
AAPL,2026-05-13,2026-05-13 09:30:00-04:00,LONG,0.004199466367560586
AAPL,2026-05-13,2026-05-13 09:32:00-04:00,LONG,0.0025
AAPL,2026-05-13,2026-05-13 09:33:00-04:00,LONG,-0.004
AAPL,2026-05-13,2026-05-13 09:37:00-04:00,LONG,-0.004
AAPL,2026-05-14,2026-05-14 09:33:00-04:00,SHORT,0.00080650581356277
AAPL,2026-05-18,2026-05-18 09:30:00-04:00,SHORT,0.0025
AAPL,2026-05-18,2026-05-18 09:32:00-04:00,SHORT,-0.004
AAPL,2026-05-19,2026-05-19 09:30:00-04:00,LONG,0.0036917550691553305
AAPL,2026-05-19,2026-05-19 09:33:00-04:00,LONG,-0.0025714016577489617
AAPL,2026-05-20,2026-05-20 09:31:00-04:00,LONG,0.0032172763515655087
AAPL,2026-05-22,2026-05-22 09:30:00-04:00,LONG,0.0025
AAPL,2026-05-22,2026-05-22 09:31:00-04:00,LONG,-0.004
AAPL,2026-05-27,2026-05-27 09:30:00-04:00,LONG,0.0057264309221139575
AAPL,2026-05-27,2026-05-27 09:32:00-04:00,LONG,0.005195743139937252
AAPL,2026-05-28,2026-05-28 10:12:00-04:00,LONG,-0.004
AAPL,2026-05-29,2026-05-29 09:30:00-04:00,LONG,-0.0011473372215315576
AAPL,2026-06-02,2026-06-02 09:30:00-04:00,LONG,0.002335008918436745
AAPL,2026-06-03,2026-06-03 09:30:00-04:00,LONG,0.0025
AAPL,2026-06-04,2026-06-04 09:30:00-04:00,SHORT,0.0025
AAPL,2026-06-04,2026-06-04 09:31:00-04:00,SHORT,-0.004
AAPL,2026-06-05,2026-06-05 09:31:00-04:00,LONG,-0.0021340298127148654
AAPL,2026-06-08,2026-06-08 09:30:00-04:00,LONG,0.0025
AAPL,2026-06-08,2026-06-08 09:32:00-04:00,LONG,-0.004
AAPL,2026-06-09,2026-06-09 09:32:00-04:00,SHORT,-0.004
AAPL,2026-06-09,2026-06-09 09:33:00-04:00,SHORT,-0.004
AAPL,2026-06-10,2026-06-10 09:40:00-04:00,SHORT,-0.004
AAPL,2026-06-10,2026-06-10 09:41:00-04:00,SHORT,-0.004
AAPL,2026-06-11,2026-06-11 09:31:00-04:00,SHORT,-0.004
AAPL,2026-06-12,2026-06-12 09:36:00-04:00,SHORT,0.007765133500917168
AAPL,2026-06-12,2026-06-12 09:40:00-04:00,SHORT,0.0036957227289808833
MSFT,2025-12-22,2025-12-22 09:36:00-05:00,SHORT,-0.0019533874218387683
MSFT,2025-12-23,2025-12-23 09:30:00-05:00,LONG,-0.0007196315486471394
MSFT,2026-01-02,2026-01-02 09:32:00-05:00,SHORT,0.005363563868348601
MSFT,2026-01-05,2026-01-05 09:31:00-05:00,SHORT,-0.004
MSFT,2026-01-07,2026-01-07 09:33:00-05:00,LONG,0.0035948648925923283
MSFT,2026-01-07,2026-01-07 09:34:00-05:00,LONG,0.00010356898730246572
MSFT,2026-01-09,2026-01-09 09:48:00-05:00,SHORT,-0.004
MSFT,2026-01-14,2026-01-14 10:00:00-05:00,SHORT,-0.004
MSFT,2026-01-21,2026-01-21 09:30:00-05:00,SHORT,0.0025
MSFT,2026-01-22,2026-01-22 09:55:00-05:00,SHORT,-0.0019081827365585874
MSFT,2026-01-26,2026-01-26 09:30:00-05:00,SHORT,-0.004
MSFT,2026-01-27,2026-01-27 09:31:00-05:00,LONG,0.0024575185364112163
MSFT,2026-01-27,2026-01-27 09:32:00-05:00,LONG,-0.004
MSFT,2026-01-27,2026-01-27 09:34:00-05:00,LONG,-0.004
MSFT,2026-01-29,2026-01-29 09:30:00-05:00,SHORT,0.0025
MSFT,2026-01-29,2026-01-29 09:31:00-05:00,SHORT,-0.004
MSFT,2026-01-29,2026-01-29 09:33:00-05:00,SHORT,-0.004
MSFT,2026-01-29,2026-01-29 09:52:00-05:00,SHORT,0.0025
MSFT,2026-02-02,2026-02-02 09:36:00-05:00,SHORT,-0.004
MSFT,2026-02-03,2026-02-03 09:30:00-05:00,SHORT,0.006586828993316767
MSFT,2026-02-03,2026-02-03 09:31:00-05:00,SHORT,-0.004
MSFT,2026-02-04,2026-02-04 09:30:00-05:00,LONG,-0.004
MSFT,2026-02-04,2026-02-04 09:32:00-05:00,LONG,0.0025
MSFT,2026-02-04,2026-02-04 09:35:00-05:00,LONG,-0.004
MSFT,2026-02-04,2026-02-04 09:41:00-05:00,LONG,-0.004
MSFT,2026-02-04,2026-02-04 10:11:00-05:00,LONG,-0.004
MSFT,2026-02-05,2026-02-05 09:30:00-05:00,SHORT,0.0025
MSFT,2026-02-05,2026-02-05 09:31:00-05:00,SHORT,-0.004
MSFT,2026-02-05,2026-02-05 09:35:00-05:00,SHORT,0.0025
MSFT,2026-02-05,2026-02-05 09:56:00-05:00,SHORT,0.0025
MSFT,2026-02-06,2026-02-06 09:30:00-05:00,SHORT,-0.004
MSFT,2026-02-09,2026-02-09 09:30:00-05:00,SHORT,-0.004
MSFT,2026-02-09,2026-02-09 09:37:00-05:00,LONG,0.0025
MSFT,2026-02-09,2026-02-09 09:39:00-05:00,LONG,-0.004
MSFT,2026-02-10,2026-02-10 09:36:00-05:00,SHORT,-0.004
MSFT,2026-02-11,2026-02-11 09:34:00-05:00,SHORT,0.01
MSFT,2026-02-13,2026-02-13 09:45:00-05:00,LONG,-0.004
MSFT,2026-02-17,2026-02-17 09:30:00-05:00,SHORT,-0.004
MSFT,2026-02-20,2026-02-20 10:01:00-05:00,LONG,-0.004
MSFT,2026-02-23,2026-02-23 09:30:00-05:00,SHORT,0.006208905202681102
MSFT,2026-02-23,2026-02-23 09:31:00-05:00,SHORT,-0.004
MSFT,2026-02-23,2026-02-23 09:40:00-05:00,SHORT,0.0025
MSFT,2026-02-24,2026-02-24 09:31:00-05:00,SHORT,-0.004
MSFT,2026-02-24,2026-02-24 09:38:00-05:00,LONG,0.0025
MSFT,2026-02-24,2026-02-24 09:40:00-05:00,LONG,-0.004
MSFT,2026-02-25,2026-02-25 09:30:00-05:00,LONG,0.0025
MSFT,2026-02-25,2026-02-25 09:31:00-05:00,LONG,0.00919211195928752
MSFT,2026-02-27,2026-02-27 09:43:00-05:00,SHORT,-0.004
MSFT,2026-03-02,2026-03-02 09:35:00-05:00,LONG,0.0025
MSFT,2026-03-03,2026-03-03 09:30:00-05:00,LONG,0.0025
MSFT,2026-03-03,2026-03-03 09:31:00-05:00,LONG,-0.004
MSFT,2026-03-05,2026-03-05 09:30:00-05:00,LONG,0.007550753614272553
MSFT,2026-03-06,2026-03-06 09:30:00-05:00,LONG,-0.004
MSFT,2026-03-06,2026-03-06 09:38:00-05:00,LONG,-0.004
MSFT,2026-03-09,2026-03-09 09:30:00-04:00,LONG,-0.004
MSFT,2026-03-10,2026-03-10 09:30:00-04:00,SHORT,-0.004
MSFT,2026-03-11,2026-03-11 09:30:00-04:00,LONG,0.001521659099275996
MSFT,2026-03-16,2026-03-16 09:30:00-04:00,SHORT,0.0039069392281904855
MSFT,2026-03-16,2026-03-16 09:34:00-04:00,SHORT,0.0011608832807570462
MSFT,2026-03-17,2026-03-17 09:32:00-04:00,LONG,0.0025
MSFT,2026-03-18,2026-03-18 09:30:00-04:00,SHORT,-0.004
MSFT,2026-03-19,2026-03-19 09:30:00-04:00,SHORT,-0.004
MSFT,2026-03-20,2026-03-20 09:30:00-04:00,SHORT,0.005331041921147648
MSFT,2026-03-23,2026-03-23 09:31:00-04:00,LONG,-0.004
MSFT,2026-03-24,2026-03-24 09:30:00-04:00,SHORT,0.008041896209421922
MSFT,2026-03-24,2026-03-24 09:35:00-04:00,SHORT,0.008176867425342607
MSFT,2026-03-25,2026-03-25 09:30:00-04:00,SHORT,0.006072274329807726
MSFT,2026-03-27,2026-03-27 09:30:00-04:00,SHORT,0.007181570126596298
MSFT,2026-03-30,2026-03-30 09:31:00-04:00,LONG,-0.004
MSFT,2026-03-31,2026-03-31 09:30:00-04:00,LONG,0.004811269146608312
MSFT,2026-03-31,2026-03-31 09:34:00-04:00,LONG,0.0011340557486539816
MSFT,2026-04-01,2026-04-01 09:30:00-04:00,SHORT,0.005148276603753254
MSFT,2026-04-02,2026-04-02 09:33:00-04:00,LONG,-0.004
MSFT,2026-04-06,2026-04-06 09:36:00-04:00,SHORT,-0.004
MSFT,2026-04-08,2026-04-08 09:30:00-04:00,SHORT,0.00737008747878308
MSFT,2026-04-08,2026-04-08 09:34:00-04:00,SHORT,0.005957307490832879
MSFT,2026-04-09,2026-04-09 09:30:00-04:00,SHORT,0.007401036757775741
MSFT,2026-04-09,2026-04-09 09:32:00-04:00,SHORT,0.0045716268363685236
MSFT,2026-04-13,2026-04-13 10:01:00-04:00,LONG,-0.004
MSFT,2026-04-15,2026-04-15 09:33:00-04:00,LONG,0.007566363101865186
MSFT,2026-04-15,2026-04-15 09:36:00-04:00,LONG,0.006567170696409401
MSFT,2026-04-17,2026-04-17 09:30:00-04:00,SHORT,-0.004
MSFT,2026-04-20,2026-04-20 09:38:00-04:00,SHORT,-0.004
MSFT,2026-04-22,2026-04-22 09:30:00-04:00,SHORT,-0.004
MSFT,2026-04-22,2026-04-22 09:32:00-04:00,SHORT,-0.004
MSFT,2026-04-23,2026-04-23 09:50:00-04:00,SHORT,0.004312760882528303
MSFT,2026-04-29,2026-04-29 09:30:00-04:00,SHORT,-0.004
MSFT,2026-04-29,2026-04-29 09:32:00-04:00,SHORT,-0.004
MSFT,2026-04-29,2026-04-29 09:34:00-04:00,SHORT,-0.004
MSFT,2026-04-30,2026-04-30 09:31:00-04:00,SHORT,-0.004
MSFT,2026-04-30,2026-04-30 09:34:00-04:00,SHORT,-0.004
MSFT,2026-04-30,2026-04-30 09:35:00-04:00,SHORT,-0.004
MSFT,2026-05-04,2026-05-04 09:33:00-04:00,LONG,0.0025
MSFT,2026-05-05,2026-05-05 09:36:00-04:00,SHORT,0.004083037629139169
MSFT,2026-05-05,2026-05-05 09:38:00-04:00,SHORT,0.0025
MSFT,2026-05-06,2026-05-06 09:30:00-04:00,SHORT,-0.004
MSFT,2026-05-06,2026-05-06 09:33:00-04:00,SHORT,-0.004
MSFT,2026-05-06,2026-05-06 10:12:00-04:00,LONG,0.006306891200504336
MSFT,2026-05-07,2026-05-07 09:30:00-04:00,LONG,0.005238264580369846
MSFT,2026-05-07,2026-05-07 09:40:00-04:00,LONG,-0.004
MSFT,2026-05-08,2026-05-08 09:30:00-04:00,SHORT,-0.004
MSFT,2026-05-12,2026-05-12 09:35:00-04:00,SHORT,0.0025
MSFT,2026-05-14,2026-05-14 09:31:00-04:00,SHORT,0.0025
MSFT,2026-05-14,2026-05-14 10:09:00-04:00,LONG,0.0054372562570963075
MSFT,2026-05-15,2026-05-15 09:36:00-04:00,LONG,-0.004
MSFT,2026-05-15,2026-05-15 10:21:00-04:00,LONG,0.007527826211574724
MSFT,2026-05-18,2026-05-18 09:33:00-04:00,SHORT,-0.004
MSFT,2026-05-18,2026-05-18 09:34:00-04:00,SHORT,-0.004
MSFT,2026-05-19,2026-05-19 09:30:00-04:00,LONG,-0.004
MSFT,2026-05-20,2026-05-20 09:33:00-04:00,SHORT,0.0025
MSFT,2026-05-20,2026-05-20 09:35:00-04:00,SHORT,-0.004
MSFT,2026-05-21,2026-05-21 09:30:00-04:00,LONG,-0.004
MSFT,2026-05-22,2026-05-22 09:30:00-04:00,LONG,0.0025
MSFT,2026-05-28,2026-05-28 09:47:00-04:00,LONG,0.01
MSFT,2026-05-28,2026-05-28 10:00:00-04:00,LONG,0.0025
MSFT,2026-05-29,2026-05-29 09:30:00-04:00,LONG,0.007367716892916614
MSFT,2026-05-29,2026-05-29 09:31:00-04:00,LONG,0.0025
MSFT,2026-05-29,2026-05-29 09:35:00-04:00,LONG,0.005103337729071007
MSFT,2026-05-29,2026-05-29 10:06:00-04:00,LONG,-0.004
MSFT,2026-06-01,2026-06-01 09:31:00-04:00,SHORT,0.0025
MSFT,2026-06-01,2026-06-01 09:32:00-04:00,SHORT,-0.004
MSFT,2026-06-02,2026-06-02 09:31:00-04:00,LONG,-0.004
MSFT,2026-06-02,2026-06-02 09:40:00-04:00,SHORT,-0.004
MSFT,2026-06-03,2026-06-03 09:34:00-04:00,SHORT,0.0071375914333539885
MSFT,2026-06-05,2026-06-05 09:31:00-04:00,SHORT,-0.004
MSFT,2026-06-08,2026-06-08 09:30:00-04:00,LONG,-0.004
MSFT,2026-06-10,2026-06-10 09:30:00-04:00,LONG,-0.004
MSFT,2026-06-11,2026-06-11 09:31:00-04:00,SHORT,0.0025
MSFT,2026-06-11,2026-06-11 09:38:00-04:00,SHORT,-0.004
MSFT,2026-06-12,2026-06-12 09:30:00-04:00,SHORT,0.01
MSFT,2026-06-12,2026-06-12 09:32:00-04:00,SHORT,0.0066537267080745074
MSFT,2026-06-12,2026-06-12 09:33:00-04:00,SHORT,0.0051046741234394635
MSFT,2026-06-12,2026-06-12 09:34:00-04:00,SHORT,-0.004
MSFT,2026-06-12,2026-06-12 09:36:00-04:00,SHORT,-0.004
NVDA,2025-12-15,2025-12-15 09:38:00-05:00,SHORT,0.0025
NVDA,2025-12-15,2025-12-15 09:39:00-05:00,SHORT,-0.004
NVDA,2025-12-16,2025-12-16 09:35:00-05:00,SHORT,-0.004
NVDA,2025-12-17,2025-12-17 09:30:00-05:00,SHORT,0.00509634170027532
NVDA,2025-12-17,2025-12-17 10:00:00-05:00,SHORT,-0.00031582876338670876
NVDA,2025-12-18,2025-12-18 09:35:00-05:00,SHORT,0.0025
NVDA,2025-12-18,2025-12-18 09:38:00-05:00,SHORT,0.0025
NVDA,2025-12-18,2025-12-18 09:41:00-05:00,SHORT,-0.004
NVDA,2025-12-22,2025-12-22 09:30:00-05:00,SHORT,0.0025
NVDA,2025-12-23,2025-12-23 09:30:00-05:00,LONG,-0.004
NVDA,2025-12-26,2025-12-26 09:31:00-05:00,LONG,0.0035624344176285443
NVDA,2025-12-26,2025-12-26 09:33:00-05:00,LONG,0.0025
NVDA,2025-12-26,2025-12-26 09:35:00-05:00,LONG,-0.004
NVDA,2025-12-29,2025-12-29 09:30:00-05:00,SHORT,-0.004
NVDA,2025-12-29,2025-12-29 09:31:00-05:00,SHORT,-0.004
NVDA,2025-12-29,2025-12-29 09:38:00-05:00,LONG,-0.004
NVDA,2025-12-31,2025-12-31 09:31:00-05:00,LONG,-0.004
NVDA,2026-01-02,2026-01-02 09:31:00-05:00,LONG,0.0025
NVDA,2026-01-02,2026-01-02 09:36:00-05:00,LONG,-0.004
NVDA,2026-01-05,2026-01-05 09:30:00-05:00,LONG,-0.004
NVDA,2026-01-05,2026-01-05 09:31:00-05:00,LONG,-0.004
NVDA,2026-01-06,2026-01-06 09:47:00-05:00,LONG,0.0025
NVDA,2026-01-07,2026-01-07 09:30:00-05:00,SHORT,-0.004
NVDA,2026-01-07,2026-01-07 09:36:00-05:00,SHORT,-0.004
NVDA,2026-01-07,2026-01-07 10:06:00-05:00,LONG,3.566846372778648e-05
NVDA,2026-01-08,2026-01-08 09:34:00-05:00,SHORT,0.01
NVDA,2026-01-08,2026-01-08 09:42:00-05:00,SHORT,0.005730974632843814
NVDA,2026-01-09,2026-01-09 09:30:00-05:00,SHORT,-0.004
NVDA,2026-01-09,2026-01-09 09:31:00-05:00,SHORT,-0.004
NVDA,2026-01-09,2026-01-09 09:34:00-05:00,SHORT,-0.004
NVDA,2026-01-12,2026-01-12 09:30:00-05:00,LONG,0.004355889148506995
NVDA,2026-01-13,2026-01-13 09:31:00-05:00,SHORT,-0.004
NVDA,2026-01-14,2026-01-14 09:30:00-05:00,SHORT,0.0025
NVDA,2026-01-14,2026-01-14 09:31:00-05:00,SHORT,-0.004
NVDA,2026-01-14,2026-01-14 09:32:00-05:00,SHORT,-0.004
NVDA,2026-01-14,2026-01-14 09:36:00-05:00,SHORT,0.005941899961650108
NVDA,2026-01-14,2026-01-14 10:00:00-05:00,SHORT,-0.004
NVDA,2026-01-15,2026-01-15 09:39:00-05:00,LONG,0.005248865759274089
NVDA,2026-01-16,2026-01-16 10:01:00-05:00,SHORT,-0.004
NVDA,2026-01-20,2026-01-20 09:31:00-05:00,SHORT,-0.004
NVDA,2026-01-20,2026-01-20 09:36:00-05:00,SHORT,0.0038394295008173087
NVDA,2026-01-20,2026-01-20 09:40:00-05:00,SHORT,-0.004
NVDA,2026-01-21,2026-01-21 09:30:00-05:00,LONG,-0.004
NVDA,2026-01-21,2026-01-21 09:32:00-05:00,LONG,-0.004
NVDA,2026-01-22,2026-01-22 09:30:00-05:00,LONG,-0.004
NVDA,2026-01-22,2026-01-22 09:32:00-05:00,LONG,-0.004
NVDA,2026-01-23,2026-01-23 09:30:00-05:00,LONG,0.0025
NVDA,2026-01-23,2026-01-23 09:31:00-05:00,LONG,-0.004
NVDA,2026-01-26,2026-01-26 09:30:00-05:00,LONG,0.0025
NVDA,2026-01-26,2026-01-26 09:35:00-05:00,LONG,-0.004
NVDA,2026-01-27,2026-01-27 09:30:00-05:00,SHORT,-0.004
NVDA,2026-01-28,2026-01-28 09:30:00-05:00,SHORT,-0.004
NVDA,2026-01-29,2026-01-29 09:32:00-05:00,LONG,-0.004
NVDA,2026-01-29,2026-01-29 09:33:00-05:00,LONG,-0.004
NVDA,2026-01-29,2026-01-29 10:00:00-05:00,SHORT,0.00557894736842102
NVDA,2026-01-30,2026-01-30 09:30:00-05:00,LONG,-0.004
NVDA,2026-01-30,2026-01-30 09:33:00-05:00,LONG,0.0025
NVDA,2026-01-30,2026-01-30 09:39:00-05:00,LONG,-0.004
NVDA,2026-02-03,2026-02-03 09:31:00-05:00,SHORT,0.01
NVDA,2026-02-03,2026-02-03 09:33:00-05:00,SHORT,0.01
NVDA,2026-02-03,2026-02-03 09:43:00-05:00,SHORT,-0.004
NVDA,2026-02-03,2026-02-03 10:07:00-05:00,SHORT,-0.004
NVDA,2026-02-04,2026-02-04 09:30:00-05:00,SHORT,0.0025
NVDA,2026-02-04,2026-02-04 09:32:00-05:00,SHORT,-0.004
NVDA,2026-02-05,2026-02-05 10:13:00-05:00,SHORT,-0.004
NVDA,2026-02-06,2026-02-06 09:30:00-05:00,SHORT,-0.004
NVDA,2026-02-06,2026-02-06 09:38:00-05:00,LONG,0.01
NVDA,2026-02-06,2026-02-06 09:40:00-05:00,LONG,0.0025
NVDA,2026-02-06,2026-02-06 09:43:00-05:00,LONG,0.0025
NVDA,2026-02-06,2026-02-06 09:45:00-05:00,LONG,0.0025
NVDA,2026-02-06,2026-02-06 10:22:00-05:00,LONG,-0.004
NVDA,2026-02-09,2026-02-09 09:30:00-05:00,LONG,0.0025
NVDA,2026-02-09,2026-02-09 09:32:00-05:00,LONG,0.01
NVDA,2026-02-09,2026-02-09 09:33:00-05:00,LONG,0.0025
NVDA,2026-02-09,2026-02-09 09:35:00-05:00,LONG,0.0025
NVDA,2026-02-09,2026-02-09 09:36:00-05:00,LONG,0.01
NVDA,2026-02-09,2026-02-09 09:46:00-05:00,LONG,0.0025
NVDA,2026-02-10,2026-02-10 09:31:00-05:00,LONG,-0.004
NVDA,2026-02-10,2026-02-10 09:36:00-05:00,SHORT,0.005507459550325725
NVDA,2026-02-12,2026-02-12 09:38:00-05:00,SHORT,0.005653272878882591
NVDA,2026-02-12,2026-02-12 10:08:00-05:00,SHORT,-0.004
NVDA,2026-02-13,2026-02-13 09:30:00-05:00,SHORT,0.01
NVDA,2026-02-13,2026-02-13 09:36:00-05:00,SHORT,0.0025
NVDA,2026-02-13,2026-02-13 09:37:00-05:00,SHORT,0.0025
NVDA,2026-02-13,2026-02-13 09:39:00-05:00,SHORT,0.0025
NVDA,2026-02-13,2026-02-13 09:40:00-05:00,SHORT,0.0025
NVDA,2026-02-13,2026-02-13 09:41:00-05:00,SHORT,-0.004
NVDA,2026-02-17,2026-02-17 09:34:00-05:00,LONG,0.0025
NVDA,2026-02-17,2026-02-17 09:39:00-05:00,LONG,-0.004
NVDA,2026-02-18,2026-02-18 09:32:00-05:00,SHORT,-0.004
NVDA,2026-02-20,2026-02-20 09:35:00-05:00,LONG,-0.004
NVDA,2026-02-20,2026-02-20 10:01:00-05:00,LONG,-0.004
NVDA,2026-02-23,2026-02-23 09:30:00-05:00,LONG,-0.004
NVDA,2026-02-23,2026-02-23 09:32:00-05:00,LONG,-0.004
NVDA,2026-02-24,2026-02-24 09:33:00-05:00,SHORT,0.0025
NVDA,2026-02-24,2026-02-24 09:35:00-05:00,SHORT,-0.004
NVDA,2026-02-26,2026-02-26 09:30:00-05:00,SHORT,0.01
NVDA,2026-02-26,2026-02-26 09:32:00-05:00,SHORT,0.0025
NVDA,2026-02-26,2026-02-26 09:34:00-05:00,SHORT,0.0025
NVDA,2026-02-26,2026-02-26 09:35:00-05:00,SHORT,0.0025
NVDA,2026-02-26,2026-02-26 09:36:00-05:00,SHORT,-0.004
NVDA,2026-02-26,2026-02-26 10:12:00-05:00,SHORT,0.01
NVDA,2026-02-26,2026-02-26 10:14:00-05:00,SHORT,0.002994943549681561
NVDA,2026-02-27,2026-02-27 09:30:00-05:00,SHORT,-0.004
NVDA,2026-02-27,2026-02-27 09:31:00-05:00,SHORT,-0.004
NVDA,2026-02-27,2026-02-27 09:35:00-05:00,SHORT,-0.004
NVDA,2026-03-02,2026-03-02 09:30:00-05:00,LONG,0.0025
NVDA,2026-03-02,2026-03-02 09:31:00-05:00,LONG,0.008360441038279957
NVDA,2026-03-02,2026-03-02 09:32:00-05:00,LONG,0.00681953326601599
NVDA,2026-03-02,2026-03-02 09:33:00-05:00,LONG,0.005604653764403145
NVDA,2026-03-02,2026-03-02 09:36:00-05:00,LONG,-0.004
NVDA,2026-03-03,2026-03-03 09:30:00-05:00,LONG,-0.004
NVDA,2026-03-03,2026-03-03 09:33:00-05:00,LONG,-0.004
NVDA,2026-03-05,2026-03-05 10:30:00-05:00,SHORT,-0.004
NVDA,2026-03-06,2026-03-06 09:45:00-05:00,LONG,0.0025
NVDA,2026-03-09,2026-03-09 09:32:00-04:00,LONG,-0.004
NVDA,2026-03-09,2026-03-09 10:22:00-04:00,LONG,0.005686156178072178
NVDA,2026-03-10,2026-03-10 09:30:00-04:00,LONG,-0.004
NVDA,2026-03-11,2026-03-11 10:00:00-04:00,LONG,-0.004
NVDA,2026-03-13,2026-03-13 09:31:00-04:00,LONG,-0.004
NVDA,2026-03-13,2026-03-13 10:02:00-04:00,SHORT,0.0006020587259699856
NVDA,2026-03-16,2026-03-16 09:33:00-04:00,LONG,-0.0012219417528431323
NVDA,2026-03-16,2026-03-16 09:36:00-04:00,LONG,-0.004
NVDA,2026-03-18,2026-03-18 09:30:00-04:00,SHORT,0.0025
NVDA,2026-03-18,2026-03-18 09:31:00-04:00,SHORT,-0.004
NVDA,2026-03-19,2026-03-19 09:30:00-04:00,SHORT,0.0025
NVDA,2026-03-19,2026-03-19 09:35:00-04:00,SHORT,-0.004
NVDA,2026-03-20,2026-03-20 09:30:00-04:00,SHORT,-0.004
NVDA,2026-03-23,2026-03-23 09:31:00-04:00,LONG,0.004181883709754922
NVDA,2026-03-25,2026-03-25 09:34:00-04:00,LONG,0.0025
NVDA,2026-03-25,2026-03-25 09:36:00-04:00,LONG,-0.004
NVDA,2026-03-26,2026-03-26 09:30:00-04:00,SHORT,-0.0008829896319927147
NVDA,2026-03-27,2026-03-27 09:34:00-04:00,SHORT,-0.004
NVDA,2026-03-30,2026-03-30 09:30:00-04:00,SHORT,-0.004
NVDA,2026-03-30,2026-03-30 09:36:00-04:00,SHORT,0.005098333482662858
NVDA,2026-03-31,2026-03-31 09:30:00-04:00,LONG,0.01
NVDA,2026-03-31,2026-03-31 09:33:00-04:00,LONG,0.006928655551656185
NVDA,2026-03-31,2026-03-31 09:34:00-04:00,LONG,-0.004
NVDA,2026-03-31,2026-03-31 09:58:00-04:00,LONG,-0.004
NVDA,2026-04-01,2026-04-01 09:30:00-04:00,SHORT,-0.004
NVDA,2026-04-02,2026-04-02 09:30:00-04:00,LONG,-0.004
NVDA,2026-04-02,2026-04-02 09:31:00-04:00,LONG,-0.004
NVDA,2026-04-06,2026-04-06 09:35:00-04:00,SHORT,-0.004
NVDA,2026-04-06,2026-04-06 09:36:00-04:00,SHORT,-0.004
NVDA,2026-04-07,2026-04-07 09:36:00-04:00,LONG,-0.004
NVDA,2026-04-10,2026-04-10 09:30:00-04:00,LONG,0.01
NVDA,2026-04-10,2026-04-10 09:32:00-04:00,LONG,0.004559995691512242
NVDA,2026-04-10,2026-04-10 09:33:00-04:00,LONG,-0.004
NVDA,2026-04-10,2026-04-10 09:37:00-04:00,LONG,-0.004
NVDA,2026-04-10,2026-04-10 09:47:00-04:00,LONG,0.0016041922891824574
NVDA,2026-04-14,2026-04-14 09:30:00-04:00,LONG,0.0025
NVDA,2026-04-14,2026-04-14 09:32:00-04:00,LONG,-0.004
NVDA,2026-04-15,2026-04-15 09:31:00-04:00,LONG,0.0025
NVDA,2026-04-15,2026-04-15 09:32:00-04:00,LONG,-0.004
NVDA,2026-04-16,2026-04-16 09:30:00-04:00,SHORT,-0.004
NVDA,2026-04-16,2026-04-16 09:35:00-04:00,SHORT,-0.004
NVDA,2026-04-20,2026-04-20 09:30:00-04:00,SHORT,-0.004
NVDA,2026-04-22,2026-04-22 09:30:00-04:00,SHORT,-0.004
NVDA,2026-04-23,2026-04-23 09:42:00-04:00,LONG,-0.002218114420404839
NVDA,2026-04-24,2026-04-24 09:32:00-04:00,LONG,-0.004
NVDA,2026-04-24,2026-04-24 09:34:00-04:00,LONG,-0.004
NVDA,2026-04-27,2026-04-27 09:33:00-04:00,SHORT,-0.004
NVDA,2026-04-27,2026-04-27 10:17:00-04:00,SHORT,0.0025
NVDA,2026-04-28,2026-04-28 09:33:00-04:00,SHORT,-0.004
NVDA,2026-04-29,2026-04-29 09:30:00-04:00,SHORT,0.0025
NVDA,2026-04-29,2026-04-29 10:00:00-04:00,SHORT,-0.004
NVDA,2026-04-30,2026-04-30 09:31:00-04:00,SHORT,-0.004
NVDA,2026-04-30,2026-04-30 09:35:00-04:00,SHORT,0.01
NVDA,2026-04-30,2026-04-30 09:40:00-04:00,SHORT,0.0025
NVDA,2026-04-30,2026-04-30 09:41:00-04:00,SHORT,-0.004
NVDA,2026-04-30,2026-04-30 09:52:00-04:00,SHORT,0.01
NVDA,2026-04-30,2026-04-30 10:16:00-04:00,SHORT,-0.004
NVDA,2026-05-01,2026-05-01 09:31:00-04:00,LONG,-0.004
NVDA,2026-05-01,2026-05-01 10:25:00-04:00,SHORT,0.0025
NVDA,2026-05-01,2026-05-01 10:30:00-04:00,SHORT,0.0025
NVDA,2026-05-04,2026-05-04 09:32:00-04:00,LONG,0.0025
NVDA,2026-05-04,2026-05-04 09:35:00-04:00,LONG,0.0025
NVDA,2026-05-04,2026-05-04 09:36:00-04:00,LONG,-0.004
NVDA,2026-05-04,2026-05-04 09:55:00-04:00,SHORT,-0.004
NVDA,2026-05-06,2026-05-06 09:30:00-04:00,SHORT,-0.004
NVDA,2026-05-06,2026-05-06 09:54:00-04:00,LONG,0.0025
NVDA,2026-05-06,2026-05-06 09:55:00-04:00,LONG,-0.004
NVDA,2026-05-06,2026-05-06 10:10:00-04:00,LONG,-0.004
NVDA,2026-05-07,2026-05-07 09:30:00-04:00,SHORT,-0.004
NVDA,2026-05-08,2026-05-08 09:31:00-04:00,LONG,0.01
NVDA,2026-05-11,2026-05-11 09:30:00-04:00,LONG,0.01
NVDA,2026-05-11,2026-05-11 09:36:00-04:00,LONG,0.01
NVDA,2026-05-11,2026-05-11 09:37:00-04:00,LONG,0.01
NVDA,2026-05-11,2026-05-11 09:39:00-04:00,LONG,0.01
NVDA,2026-05-11,2026-05-11 09:40:00-04:00,LONG,0.0025
NVDA,2026-05-11,2026-05-11 09:44:00-04:00,LONG,0.0025
NVDA,2026-05-11,2026-05-11 09:48:00-04:00,LONG,-0.004
NVDA,2026-05-12,2026-05-12 09:30:00-04:00,SHORT,-0.004
NVDA,2026-05-12,2026-05-12 09:33:00-04:00,LONG,0.0025
NVDA,2026-05-12,2026-05-12 09:34:00-04:00,LONG,-0.004
NVDA,2026-05-12,2026-05-12 09:38:00-04:00,LONG,0.0025
NVDA,2026-05-13,2026-05-13 09:34:00-04:00,LONG,-0.004
NVDA,2026-05-14,2026-05-14 09:31:00-04:00,LONG,0.0025
NVDA,2026-05-14,2026-05-14 09:35:00-04:00,LONG,-0.004
NVDA,2026-05-15,2026-05-15 09:30:00-04:00,SHORT,0.0025
NVDA,2026-05-15,2026-05-15 09:33:00-04:00,SHORT,0.0025
NVDA,2026-05-18,2026-05-18 09:36:00-04:00,SHORT,0.0025
NVDA,2026-05-18,2026-05-18 09:44:00-04:00,SHORT,-0.004
NVDA,2026-05-19,2026-05-19 09:35:00-04:00,LONG,0.0025
NVDA,2026-05-19,2026-05-19 09:36:00-04:00,LONG,-0.004
NVDA,2026-05-19,2026-05-19 09:51:00-04:00,LONG,-0.004
NVDA,2026-05-20,2026-05-20 09:30:00-04:00,SHORT,-0.004
NVDA,2026-05-20,2026-05-20 09:35:00-04:00,SHORT,0.0025
NVDA,2026-05-20,2026-05-20 10:14:00-04:00,LONG,0.0025
NVDA,2026-05-21,2026-05-21 09:30:00-04:00,SHORT,-0.004
NVDA,2026-05-21,2026-05-21 09:34:00-04:00,LONG,-0.004
NVDA,2026-05-21,2026-05-21 10:15:00-04:00,SHORT,0.00583702606769008
NVDA,2026-05-21,2026-05-21 10:17:00-04:00,SHORT,0.005008399164623603
NVDA,2026-05-22,2026-05-22 09:30:00-04:00,SHORT,0.0025
NVDA,2026-05-22,2026-05-22 09:33:00-04:00,SHORT,-0.004
NVDA,2026-05-26,2026-05-26 09:30:00-04:00,SHORT,-0.004
NVDA,2026-05-26,2026-05-26 09:33:00-04:00,SHORT,0.005255300032608505
NVDA,2026-05-26,2026-05-26 10:01:00-04:00,SHORT,-0.004
NVDA,2026-05-27,2026-05-27 09:30:00-04:00,SHORT,-0.004
NVDA,2026-05-27,2026-05-27 09:32:00-04:00,SHORT,-0.004
NVDA,2026-05-28,2026-05-28 09:30:00-04:00,LONG,-0.004
NVDA,2026-05-28,2026-05-28 09:37:00-04:00,LONG,-0.004
NVDA,2026-05-29,2026-05-29 09:30:00-04:00,SHORT,-0.004
NVDA,2026-06-01,2026-06-01 09:30:00-04:00,LONG,0.0025
NVDA,2026-06-01,2026-06-01 09:31:00-04:00,LONG,0.0025
NVDA,2026-06-01,2026-06-01 09:32:00-04:00,LONG,-0.004
NVDA,2026-06-01,2026-06-01 09:35:00-04:00,LONG,0.0025
NVDA,2026-06-01,2026-06-01 09:38:00-04:00,LONG,-0.004
NVDA,2026-06-02,2026-06-02 09:30:00-04:00,SHORT,-0.004
NVDA,2026-06-02,2026-06-02 09:32:00-04:00,SHORT,-0.004
NVDA,2026-06-02,2026-06-02 09:35:00-04:00,SHORT,-0.004
NVDA,2026-06-02,2026-06-02 09:40:00-04:00,SHORT,-0.004
NVDA,2026-06-03,2026-06-03 09:31:00-04:00,SHORT,0.01
NVDA,2026-06-03,2026-06-03 09:34:00-04:00,SHORT,0.01
NVDA,2026-06-03,2026-06-03 09:35:00-04:00,SHORT,0.00894292393659479
NVDA,2026-06-03,2026-06-03 10:21:00-04:00,SHORT,0.0025
NVDA,2026-06-04,2026-06-04 09:34:00-04:00,LONG,0.0025
NVDA,2026-06-04,2026-06-04 09:36:00-04:00,LONG,-0.004
NVDA,2026-06-05,2026-06-05 09:30:00-04:00,SHORT,-0.004
NVDA,2026-06-08,2026-06-08 09:36:00-04:00,SHORT,-0.004
NVDA,2026-06-08,2026-06-08 09:55:00-04:00,SHORT,0.0025
NVDA,2026-06-09,2026-06-09 09:30:00-04:00,LONG,-0.004
NVDA,2026-06-10,2026-06-10 09:30:00-04:00,LONG,0.0025
NVDA,2026-06-10,2026-06-10 09:35:00-04:00,LONG,0.0025
NVDA,2026-06-10,2026-06-10 09:37:00-04:00,LONG,-0.004
NVDA,2026-06-11,2026-06-11 09:31:00-04:00,SHORT,-0.004
AMD,2025-12-12,2025-12-12 10:29:00-05:00,SHORT,-0.004
AMD,2025-12-12,2025-12-12 10:30:00-05:00,SHORT,-0.004
AMD,2025-12-15,2025-12-15 09:31:00-05:00,LONG,0.0025
AMD,2025-12-15,2025-12-15 09:32:00-05:00,LONG,-0.004
AMD,2025-12-15,2025-12-15 10:24:00-05:00,SHORT,-0.004
AMD,2025-12-16,2025-12-16 09:33:00-05:00,LONG,0.0025
AMD,2025-12-16,2025-12-16 09:34:00-05:00,LONG,-0.004
AMD,2025-12-16,2025-12-16 09:36:00-05:00,LONG,-0.004
AMD,2025-12-16,2025-12-16 10:24:00-05:00,SHORT,0.0025
AMD,2025-12-17,2025-12-17 09:33:00-05:00,SHORT,0.0025
AMD,2025-12-17,2025-12-17 09:35:00-05:00,SHORT,-0.004
AMD,2025-12-17,2025-12-17 10:00:00-05:00,SHORT,0.004801648510556282
AMD,2025-12-17,2025-12-17 10:11:00-05:00,SHORT,-0.004
AMD,2025-12-18,2025-12-18 09:30:00-05:00,LONG,-0.004
AMD,2025-12-19,2025-12-19 09:30:00-05:00,LONG,0.0025
AMD,2025-12-22,2025-12-22 09:34:00-05:00,SHORT,0.0025
AMD,2025-12-22,2025-12-22 10:01:00-05:00,SHORT,-0.004
AMD,2025-12-23,2025-12-23 09:33:00-05:00,LONG,-0.004
AMD,2025-12-24,2025-12-24 09:32:00-05:00,LONG,-0.004
AMD,2025-12-26,2025-12-26 09:30:00-05:00,SHORT,-0.004
AMD,2025-12-29,2025-12-29 09:30:00-05:00,SHORT,-0.004
AMD,2025-12-29,2025-12-29 09:36:00-05:00,LONG,0.0025
AMD,2025-12-29,2025-12-29 09:37:00-05:00,LONG,0.0025
AMD,2025-12-31,2025-12-31 09:30:00-05:00,LONG,-0.004
AMD,2025-12-31,2025-12-31 09:49:00-05:00,LONG,-0.004
AMD,2026-01-02,2026-01-02 09:30:00-05:00,LONG,0.0025
AMD,2026-01-02,2026-01-02 09:31:00-05:00,LONG,-0.004
AMD,2026-01-02,2026-01-02 09:34:00-05:00,LONG,-0.004
AMD,2026-01-02,2026-01-02 09:41:00-05:00,LONG,0.00523126183316629
AMD,2026-01-02,2026-01-02 09:43:00-05:00,LONG,0.003923487544483955
AMD,2026-01-05,2026-01-05 09:30:00-05:00,LONG,-0.004
AMD,2026-01-05,2026-01-05 09:42:00-05:00,SHORT,-0.004
AMD,2026-01-06,2026-01-06 09:32:00-05:00,SHORT,0.0025
AMD,2026-01-06,2026-01-06 09:33:00-05:00,SHORT,0.01
AMD,2026-01-06,2026-01-06 09:34:00-05:00,SHORT,0.0025
AMD,2026-01-06,2026-01-06 09:35:00-05:00,SHORT,0.0025
AMD,2026-01-06,2026-01-06 09:38:00-05:00,SHORT,0.0025
AMD,2026-01-06,2026-01-06 10:27:00-05:00,SHORT,0.01
AMD,2026-01-07,2026-01-07 09:30:00-05:00,SHORT,-0.004
AMD,2026-01-07,2026-01-07 09:31:00-05:00,SHORT,-0.004
AMD,2026-01-08,2026-01-08 09:30:00-05:00,SHORT,0.01
AMD,2026-01-08,2026-01-08 09:42:00-05:00,SHORT,0.003290261087785374
AMD,2026-01-08,2026-01-08 10:03:00-05:00,SHORT,-0.004
AMD,2026-01-09,2026-01-09 10:06:00-05:00,SHORT,-0.004
AMD,2026-01-12,2026-01-12 09:34:00-05:00,LONG,0.01
AMD,2026-01-12,2026-01-12 09:35:00-05:00,LONG,0.007199202114640991
AMD,2026-01-12,2026-01-12 09:39:00-05:00,LONG,-0.004
AMD,2026-01-12,2026-01-12 09:50:00-05:00,LONG,-0.004
AMD,2026-01-12,2026-01-12 10:14:00-05:00,LONG,0.0025
AMD,2026-01-12,2026-01-12 10:19:00-05:00,LONG,-0.004
AMD,2026-01-13,2026-01-13 09:30:00-05:00,LONG,0.0025
AMD,2026-01-13,2026-01-13 09:31:00-05:00,LONG,-0.004
AMD,2026-01-13,2026-01-13 09:33:00-05:00,LONG,0.0025
AMD,2026-01-13,2026-01-13 09:34:00-05:00,LONG,-0.004
AMD,2026-01-13,2026-01-13 09:41:00-05:00,LONG,-0.004
AMD,2026-01-14,2026-01-14 09:30:00-05:00,SHORT,0.0025
AMD,2026-01-14,2026-01-14 09:31:00-05:00,SHORT,-0.004
AMD,2026-01-14,2026-01-14 10:11:00-05:00,LONG,0.01
AMD,2026-01-14,2026-01-14 10:25:00-05:00,LONG,-0.004
AMD,2026-01-15,2026-01-15 09:30:00-05:00,LONG,0.0025
AMD,2026-01-15,2026-01-15 09:31:00-05:00,LONG,0.0025
AMD,2026-01-15,2026-01-15 09:33:00-05:00,LONG,0.0025
AMD,2026-01-16,2026-01-16 09:30:00-05:00,SHORT,0.0025
AMD,2026-01-16,2026-01-16 09:31:00-05:00,SHORT,-0.004
AMD,2026-01-16,2026-01-16 09:32:00-05:00,SHORT,0.0025
AMD,2026-01-16,2026-01-16 09:50:00-05:00,LONG,-0.004
AMD,2026-01-20,2026-01-20 09:30:00-05:00,LONG,-0.004
AMD,2026-01-20,2026-01-20 09:33:00-05:00,LONG,-0.004
AMD,2026-01-20,2026-01-20 09:38:00-05:00,LONG,-0.004
AMD,2026-01-21,2026-01-21 09:30:00-05:00,LONG,0.0025
AMD,2026-01-21,2026-01-21 09:31:00-05:00,LONG,-0.004
AMD,2026-01-21,2026-01-21 09:52:00-05:00,LONG,0.01
AMD,2026-01-21,2026-01-21 09:59:00-05:00,LONG,0.005015121275685831
AMD,2026-01-22,2026-01-22 09:30:00-05:00,SHORT,0.01
AMD,2026-01-22,2026-01-22 09:34:00-05:00,SHORT,0.0025
AMD,2026-01-22,2026-01-22 09:40:00-05:00,SHORT,0.0025
AMD,2026-01-23,2026-01-23 09:30:00-05:00,LONG,-0.004
AMD,2026-01-26,2026-01-26 09:31:00-05:00,SHORT,-0.004
AMD,2026-01-26,2026-01-26 09:33:00-05:00,SHORT,-0.004
AMD,2026-01-27,2026-01-27 09:32:00-05:00,SHORT,0.0025
AMD,2026-01-27,2026-01-27 09:33:00-05:00,SHORT,0.0025
AMD,2026-01-27,2026-01-27 09:34:00-05:00,SHORT,-0.004
AMD,2026-01-27,2026-01-27 09:36:00-05:00,SHORT,-0.004
AMD,2026-01-28,2026-01-28 09:34:00-05:00,SHORT,0.0025
AMD,2026-01-29,2026-01-29 09:30:00-05:00,LONG,0.0025
AMD,2026-01-29,2026-01-29 09:32:00-05:00,LONG,-0.004
AMD,2026-01-29,2026-01-29 10:14:00-05:00,SHORT,-0.004
AMD,2026-01-30,2026-01-30 09:32:00-05:00,SHORT,-0.004
AMD,2026-01-30,2026-01-30 09:35:00-05:00,LONG,-0.004
AMD,2026-01-30,2026-01-30 09:55:00-05:00,LONG,-0.004
AMD,2026-02-02,2026-02-02 09:30:00-05:00,LONG,0.0025
AMD,2026-02-02,2026-02-02 09:31:00-05:00,LONG,0.0025
AMD,2026-02-02,2026-02-02 09:32:00-05:00,LONG,0.0025
AMD,2026-02-02,2026-02-02 09:34:00-05:00,LONG,-0.004
AMD,2026-02-02,2026-02-02 09:36:00-05:00,LONG,0.0025
AMD,2026-02-02,2026-02-02 09:37:00-05:00,LONG,0.0025
AMD,2026-02-02,2026-02-02 09:39:00-05:00,LONG,0.0025
AMD,2026-02-02,2026-02-02 09:40:00-05:00,LONG,-0.004
AMD,2026-02-02,2026-02-02 10:05:00-05:00,LONG,0.004841706708837664
AMD,2026-02-03,2026-02-03 09:31:00-05:00,SHORT,0.01
AMD,2026-02-03,2026-02-03 09:33:00-05:00,SHORT,0.01
AMD,2026-02-03,2026-02-03 09:39:00-05:00,SHORT,0.0025
AMD,2026-02-04,2026-02-04 09:30:00-05:00,SHORT,-0.004
AMD,2026-02-04,2026-02-04 09:32:00-05:00,SHORT,-0.004
AMD,2026-02-04,2026-02-04 09:33:00-05:00,SHORT,-0.004
AMD,2026-02-04,2026-02-04 09:35:00-05:00,SHORT,-0.004
AMD,2026-02-05,2026-02-05 09:30:00-05:00,SHORT,-0.004
AMD,2026-02-05,2026-02-05 09:31:00-05:00,SHORT,0.0025
AMD,2026-02-05,2026-02-05 09:32:00-05:00,SHORT,-0.004
AMD,2026-02-05,2026-02-05 09:35:00-05:00,SHORT,0.0025
AMD,2026-02-05,2026-02-05 09:36:00-05:00,SHORT,-0.004
AMD,2026-02-05,2026-02-05 09:38:00-05:00,LONG,-0.004
AMD,2026-02-06,2026-02-06 09:31:00-05:00,LONG,-0.004
AMD,2026-02-06,2026-02-06 09:32:00-05:00,LONG,0.0025
AMD,2026-02-06,2026-02-06 09:33:00-05:00,LONG,-0.004
AMD,2026-02-06,2026-02-06 09:36:00-05:00,LONG,0.0025
AMD,2026-02-06,2026-02-06 09:38:00-05:00,LONG,-0.004
AMD,2026-02-06,2026-02-06 09:40:00-05:00,LONG,-0.004
AMD,2026-02-06,2026-02-06 09:45:00-05:00,LONG,-0.004
AMD,2026-02-06,2026-02-06 10:15:00-05:00,LONG,0.0025
AMD,2026-02-06,2026-02-06 10:16:00-05:00,LONG,0.0025
AMD,2026-02-09,2026-02-09 09:30:00-05:00,SHORT,0.0025
AMD,2026-02-09,2026-02-09 09:31:00-05:00,SHORT,-0.004
AMD,2026-02-09,2026-02-09 09:36:00-05:00,LONG,0.0025
AMD,2026-02-10,2026-02-10 09:30:00-05:00,LONG,-0.004
AMD,2026-02-10,2026-02-10 09:35:00-05:00,LONG,-0.004
AMD,2026-02-10,2026-02-10 10:13:00-05:00,SHORT,-0.004
AMD,2026-02-11,2026-02-11 09:31:00-05:00,LONG,-0.004
AMD,2026-02-11,2026-02-11 09:45:00-05:00,LONG,-0.004
AMD,2026-02-11,2026-02-11 10:13:00-05:00,SHORT,-0.004
AMD,2026-02-11,2026-02-11 10:24:00-05:00,SHORT,-0.004
AMD,2026-02-12,2026-02-12 09:30:00-05:00,LONG,-0.004
AMD,2026-02-12,2026-02-12 09:32:00-05:00,LONG,-0.004
AMD,2026-02-13,2026-02-13 09:35:00-05:00,LONG,-0.004
AMD,2026-02-13,2026-02-13 10:14:00-05:00,SHORT,-0.004
AMD,2026-02-17,2026-02-17 09:30:00-05:00,SHORT,-0.004
AMD,2026-02-17,2026-02-17 09:32:00-05:00,SHORT,-0.004
AMD,2026-02-17,2026-02-17 09:50:00-05:00,SHORT,0.01
AMD,2026-02-17,2026-02-17 10:06:00-05:00,SHORT,-0.004
AMD,2026-02-18,2026-02-18 09:30:00-05:00,SHORT,-0.004
AMD,2026-02-18,2026-02-18 09:34:00-05:00,SHORT,0.0025
AMD,2026-02-18,2026-02-18 09:35:00-05:00,SHORT,-0.004
AMD,2026-02-19,2026-02-19 09:30:00-05:00,SHORT,-0.004
AMD,2026-02-19,2026-02-19 09:39:00-05:00,LONG,-0.004
AMD,2026-02-19,2026-02-19 09:45:00-05:00,SHORT,-0.004
AMD,2026-02-19,2026-02-19 10:15:00-05:00,LONG,-0.004
AMD,2026-02-20,2026-02-20 09:35:00-05:00,LONG,0.0025
AMD,2026-02-20,2026-02-20 09:42:00-05:00,LONG,-0.004
AMD,2026-02-20,2026-02-20 09:51:00-05:00,SHORT,-0.004
AMD,2026-02-23,2026-02-23 09:30:00-05:00,SHORT,0.0025
AMD,2026-02-23,2026-02-23 09:31:00-05:00,SHORT,-0.004
AMD,2026-02-24,2026-02-24 09:30:00-05:00,SHORT,0.0025
AMD,2026-02-24,2026-02-24 09:33:00-05:00,SHORT,-0.004
AMD,2026-02-25,2026-02-25 09:32:00-05:00,SHORT,0.0025
AMD,2026-02-25,2026-02-25 09:34:00-05:00,SHORT,0.0025
AMD,2026-02-25,2026-02-25 09:35:00-05:00,SHORT,0.0025
AMD,2026-02-26,2026-02-26 09:30:00-05:00,SHORT,0.0025
AMD,2026-02-26,2026-02-26 09:32:00-05:00,SHORT,-0.004
AMD,2026-02-26,2026-02-26 09:36:00-05:00,SHORT,-0.004
AMD,2026-02-26,2026-02-26 09:42:00-05:00,SHORT,0.0025
AMD,2026-02-26,2026-02-26 10:03:00-05:00,LONG,-0.004
AMD,2026-02-26,2026-02-26 10:15:00-05:00,SHORT,0.0025
AMD,2026-02-26,2026-02-26 10:16:00-05:00,SHORT,0.0025
AMD,2026-02-27,2026-02-27 09:30:00-05:00,SHORT,-0.004
AMD,2026-03-02,2026-03-02 09:30:00-05:00,SHORT,-0.004
AMD,2026-03-03,2026-03-03 09:30:00-05:00,LONG,-0.004
AMD,2026-03-03,2026-03-03 09:32:00-05:00,LONG,-0.004
AMD,2026-03-03,2026-03-03 10:16:00-05:00,SHORT,0.0025
AMD,2026-03-04,2026-03-04 09:30:00-05:00,SHORT,-0.004
AMD,2026-03-04,2026-03-04 10:00:00-05:00,LONG,0.003431217471170551
AMD,2026-03-05,2026-03-05 09:30:00-05:00,LONG,0.0025
AMD,2026-03-05,2026-03-05 09:32:00-05:00,LONG,-0.004
AMD,2026-03-05,2026-03-05 09:50:00-05:00,LONG,-0.004
AMD,2026-03-05,2026-03-05 10:30:00-05:00,SHORT,-0.004
AMD,2026-03-09,2026-03-09 09:30:00-04:00,LONG,0.0025
AMD,2026-03-09,2026-03-09 09:31:00-04:00,LONG,-0.004
AMD,2026-03-09,2026-03-09 10:03:00-04:00,LONG,-0.004
AMD,2026-03-10,2026-03-10 09:30:00-04:00,LONG,-0.004
AMD,2026-03-10,2026-03-10 09:32:00-04:00,LONG,-0.004
AMD,2026-03-10,2026-03-10 09:37:00-04:00,LONG,0.0025
AMD,2026-03-10,2026-03-10 09:40:00-04:00,LONG,-0.004
AMD,2026-03-10,2026-03-10 10:07:00-04:00,SHORT,-0.004
AMD,2026-03-11,2026-03-11 09:30:00-04:00,LONG,-0.004
AMD,2026-03-11,2026-03-11 09:32:00-04:00,LONG,-0.004
AMD,2026-03-11,2026-03-11 09:37:00-04:00,LONG,0.0025
AMD,2026-03-11,2026-03-11 09:41:00-04:00,LONG,-0.004
AMD,2026-03-11,2026-03-11 09:42:00-04:00,LONG,-0.004
AMD,2026-03-12,2026-03-12 09:30:00-04:00,SHORT,-0.004
AMD,2026-03-12,2026-03-12 09:41:00-04:00,SHORT,0.01
AMD,2026-03-12,2026-03-12 09:47:00-04:00,SHORT,0.0025
AMD,2026-03-13,2026-03-13 09:30:00-04:00,SHORT,-0.004
AMD,2026-03-16,2026-03-16 09:30:00-04:00,LONG,0.0025
AMD,2026-03-16,2026-03-16 09:31:00-04:00,LONG,-0.004
AMD,2026-03-18,2026-03-18 09:33:00-04:00,SHORT,-0.004
AMD,2026-03-18,2026-03-18 09:42:00-04:00,LONG,-0.004
AMD,2026-03-18,2026-03-18 10:08:00-04:00,LONG,-0.004
AMD,2026-03-19,2026-03-19 09:30:00-04:00,SHORT,0.0025
AMD,2026-03-19,2026-03-19 09:31:00-04:00,SHORT,-0.004
AMD,2026-03-19,2026-03-19 09:32:00-04:00,SHORT,-0.004
AMD,2026-03-19,2026-03-19 09:35:00-04:00,SHORT,-0.004
AMD,2026-03-19,2026-03-19 10:11:00-04:00,LONG,-0.004
AMD,2026-03-20,2026-03-20 10:08:00-04:00,SHORT,-0.004
AMD,2026-03-23,2026-03-23 09:30:00-04:00,LONG,0.0025
AMD,2026-03-23,2026-03-23 09:31:00-04:00,LONG,-0.004
AMD,2026-03-24,2026-03-24 09:31:00-04:00,LONG,0.0025
AMD,2026-03-24,2026-03-24 09:34:00-04:00,LONG,-0.004
AMD,2026-03-24,2026-03-24 09:38:00-04:00,LONG,-0.004
AMD,2026-03-24,2026-03-24 10:13:00-04:00,SHORT,-0.004
AMD,2026-03-24,2026-03-24 10:22:00-04:00,SHORT,-0.004
AMD,2026-03-25,2026-03-25 09:30:00-04:00,LONG,-0.004
AMD,2026-03-25,2026-03-25 09:31:00-04:00,LONG,0.01
AMD,2026-03-25,2026-03-25 09:33:00-04:00,LONG,0.0025
AMD,2026-03-25,2026-03-25 09:34:00-04:00,LONG,0.0025
AMD,2026-03-25,2026-03-25 09:36:00-04:00,LONG,0.0025
AMD,2026-03-25,2026-03-25 09:38:00-04:00,LONG,-0.004
AMD,2026-03-25,2026-03-25 10:25:00-04:00,LONG,-0.0001595368872074052
AMD,2026-03-26,2026-03-26 09:30:00-04:00,LONG,-0.004
AMD,2026-03-26,2026-03-26 09:32:00-04:00,LONG,-0.004
AMD,2026-03-26,2026-03-26 09:37:00-04:00,LONG,-0.004
AMD,2026-03-26,2026-03-26 10:08:00-04:00,SHORT,0.00846597529713354
AMD,2026-03-26,2026-03-26 10:28:00-04:00,SHORT,0.01
AMD,2026-03-27,2026-03-27 09:31:00-04:00,SHORT,0.0025
AMD,2026-03-27,2026-03-27 10:26:00-04:00,SHORT,0.0025
AMD,2026-03-30,2026-03-30 09:30:00-04:00,LONG,0.0025
AMD,2026-03-30,2026-03-30 09:31:00-04:00,LONG,-0.004
AMD,2026-03-30,2026-03-30 09:41:00-04:00,SHORT,-0.004
AMD,2026-03-31,2026-03-31 09:30:00-04:00,SHORT,-0.004
AMD,2026-03-31,2026-03-31 09:32:00-04:00,SHORT,-0.004
AMD,2026-03-31,2026-03-31 09:54:00-04:00,LONG,0.0025
AMD,2026-04-01,2026-04-01 09:31:00-04:00,LONG,0.0025
AMD,2026-04-01,2026-04-01 09:32:00-04:00,LONG,0.0025
AMD,2026-04-01,2026-04-01 09:33:00-04:00,LONG,0.0025
AMD,2026-04-01,2026-04-01 09:34:00-04:00,LONG,0.0025
AMD,2026-04-01,2026-04-01 09:36:00-04:00,LONG,-0.004
AMD,2026-04-02,2026-04-02 09:30:00-04:00,LONG,0.0025
AMD,2026-04-02,2026-04-02 09:31:00-04:00,LONG,-0.004
AMD,2026-04-02,2026-04-02 09:36:00-04:00,SHORT,0.0025
AMD,2026-04-02,2026-04-02 09:39:00-04:00,SHORT,-0.004
AMD,2026-04-02,2026-04-02 09:40:00-04:00,SHORT,-0.004
AMD,2026-04-02,2026-04-02 09:42:00-04:00,SHORT,-0.004
AMD,2026-04-06,2026-04-06 09:30:00-04:00,LONG,0.01
AMD,2026-04-06,2026-04-06 09:32:00-04:00,LONG,0.0025
AMD,2026-04-06,2026-04-06 09:33:00-04:00,LONG,-0.004
AMD,2026-04-06,2026-04-06 09:37:00-04:00,LONG,-0.004
AMD,2026-04-07,2026-04-07 09:30:00-04:00,LONG,-0.004
AMD,2026-04-07,2026-04-07 09:33:00-04:00,LONG,0.0025
AMD,2026-04-07,2026-04-07 09:36:00-04:00,LONG,-0.004
AMD,2026-04-07,2026-04-07 10:06:00-04:00,SHORT,-0.004
AMD,2026-04-08,2026-04-08 09:30:00-04:00,SHORT,0.0025
AMD,2026-04-08,2026-04-08 09:31:00-04:00,SHORT,-0.004
AMD,2026-04-09,2026-04-09 09:30:00-04:00,LONG,-0.004
AMD,2026-04-09,2026-04-09 09:41:00-04:00,LONG,0.0025
AMD,2026-04-09,2026-04-09 09:42:00-04:00,LONG,0.0025
AMD,2026-04-10,2026-04-10 09:30:00-04:00,LONG,0.01
AMD,2026-04-10,2026-04-10 09:33:00-04:00,LONG,-0.004
AMD,2026-04-10,2026-04-10 09:37:00-04:00,LONG,-0.004
AMD,2026-04-10,2026-04-10 09:41:00-04:00,LONG,0.01
AMD,2026-04-10,2026-04-10 09:42:00-04:00,LONG,0.0025
AMD,2026-04-10,2026-04-10 09:45:00-04:00,LONG,0.0025
AMD,2026-04-13,2026-04-13 09:30:00-04:00,LONG,-0.004
AMD,2026-04-14,2026-04-14 09:30:00-04:00,LONG,-0.004
AMD,2026-04-14,2026-04-14 09:39:00-04:00,SHORT,-0.004
AMD,2026-04-15,2026-04-15 09:32:00-04:00,LONG,-0.004
AMD,2026-04-15,2026-04-15 10:26:00-04:00,LONG,0.0047890010564620574
AMD,2026-04-16,2026-04-16 09:33:00-04:00,LONG,0.0025
AMD,2026-04-16,2026-04-16 09:34:00-04:00,LONG,0.0025
AMD,2026-04-16,2026-04-16 09:35:00-04:00,LONG,-0.004
AMD,2026-04-16,2026-04-16 10:16:00-04:00,SHORT,-0.004
AMD,2026-04-16,2026-04-16 10:26:00-04:00,LONG,0.01
AMD,2026-04-17,2026-04-17 09:31:00-04:00,LONG,-0.004
AMD,2026-04-20,2026-04-20 09:30:00-04:00,LONG,-0.004
AMD,2026-04-20,2026-04-20 10:18:00-04:00,SHORT,-0.004
AMD,2026-04-21,2026-04-21 09:30:00-04:00,LONG,0.0025
AMD,2026-04-21,2026-04-21 09:32:00-04:00,LONG,-0.004
AMD,2026-04-21,2026-04-21 09:34:00-04:00,LONG,-0.004
AMD,2026-04-21,2026-04-21 09:38:00-04:00,LONG,-0.004
AMD,2026-04-22,2026-04-22 09:30:00-04:00,SHORT,-0.004
AMD,2026-04-22,2026-04-22 09:34:00-04:00,SHORT,0.0025
AMD,2026-04-22,2026-04-22 10:22:00-04:00,LONG,0.004795574405625484
AMD,2026-04-22,2026-04-22 10:26:00-04:00,LONG,0.0025
AMD,2026-04-22,2026-04-22 10:28:00-04:00,LONG,-0.004
AMD,2026-04-23,2026-04-23 09:34:00-04:00,LONG,0.0025
AMD,2026-04-23,2026-04-23 09:35:00-04:00,LONG,-0.004
AMD,2026-04-23,2026-04-23 09:39:00-04:00,LONG,-0.004
AMD,2026-04-23,2026-04-23 10:08:00-04:00,LONG,-0.004
AMD,2026-04-24,2026-04-24 09:40:00-04:00,LONG,-0.004
AMD,2026-04-24,2026-04-24 10:16:00-04:00,LONG,-0.004
AMD,2026-04-27,2026-04-27 09:30:00-04:00,SHORT,0.0025
AMD,2026-04-27,2026-04-27 09:31:00-04:00,SHORT,0.0025
AMD,2026-04-27,2026-04-27 09:32:00-04:00,SHORT,0.01
AMD,2026-04-27,2026-04-27 09:33:00-04:00,SHORT,0.0025
AMD,2026-04-27,2026-04-27 09:35:00-04:00,SHORT,-0.004
AMD,2026-04-27,2026-04-27 09:38:00-04:00,SHORT,0.0025
AMD,2026-04-27,2026-04-27 09:39:00-04:00,SHORT,0.0025
AMD,2026-04-27,2026-04-27 09:40:00-04:00,SHORT,0.0025
AMD,2026-04-28,2026-04-28 09:35:00-04:00,LONG,-0.004
AMD,2026-04-28,2026-04-28 09:36:00-04:00,LONG,-0.004
AMD,2026-04-28,2026-04-28 10:11:00-04:00,LONG,-0.004
AMD,2026-04-29,2026-04-29 09:30:00-04:00,SHORT,0.0025
AMD,2026-04-29,2026-04-29 09:32:00-04:00,SHORT,0.0025
AMD,2026-04-29,2026-04-29 09:35:00-04:00,SHORT,-0.004
AMD,2026-04-29,2026-04-29 09:38:00-04:00,SHORT,-0.004
AMD,2026-04-30,2026-04-30 09:30:00-04:00,SHORT,0.0025
AMD,2026-04-30,2026-04-30 09:31:00-04:00,SHORT,0.0025
AMD,2026-04-30,2026-04-30 09:33:00-04:00,SHORT,-0.004
AMD,2026-04-30,2026-04-30 09:35:00-04:00,SHORT,-0.004
AMD,2026-04-30,2026-04-30 09:59:00-04:00,LONG,0.0025
AMD,2026-05-01,2026-05-01 09:31:00-04:00,LONG,0.0025
AMD,2026-05-01,2026-05-01 09:32:00-04:00,LONG,-0.004
AMD,2026-05-01,2026-05-01 09:34:00-04:00,LONG,-0.004
AMD,2026-05-01,2026-05-01 09:38:00-04:00,LONG,0.0025
AMD,2026-05-01,2026-05-01 09:39:00-04:00,LONG,-0.004
AMD,2026-05-01,2026-05-01 10:11:00-04:00,LONG,-0.004
AMD,2026-05-01,2026-05-01 10:29:00-04:00,SHORT,0.0025
AMD,2026-05-04,2026-05-04 09:35:00-04:00,SHORT,0.0025
AMD,2026-05-04,2026-05-04 09:37:00-04:00,SHORT,0.0025
AMD,2026-05-04,2026-05-04 09:39:00-04:00,SHORT,-0.004
AMD,2026-05-04,2026-05-04 09:44:00-04:00,SHORT,0.0025
AMD,2026-05-04,2026-05-04 10:15:00-04:00,SHORT,0.0025
AMD,2026-05-04,2026-05-04 10:16:00-04:00,SHORT,-0.004
AMD,2026-05-06,2026-05-06 09:36:00-04:00,LONG,-0.004
AMD,2026-05-07,2026-05-07 09:30:00-04:00,SHORT,-0.004
AMD,2026-05-07,2026-05-07 09:42:00-04:00,SHORT,0.0025
AMD,2026-05-07,2026-05-07 10:12:00-04:00,LONG,0.00634596951979294
AMD,2026-05-07,2026-05-07 10:16:00-04:00,LONG,0.0025
AMD,2026-05-08,2026-05-08 09:30:00-04:00,LONG,0.0025
AMD,2026-05-08,2026-05-08 09:31:00-04:00,LONG,-0.004
AMD,2026-05-08,2026-05-08 09:34:00-04:00,LONG,0.0025
AMD,2026-05-08,2026-05-08 09:36:00-04:00,LONG,0.01
AMD,2026-05-08,2026-05-08 09:38:00-04:00,LONG,0.01
AMD,2026-05-08,2026-05-08 09:39:00-04:00,LONG,0.01
AMD,2026-05-08,2026-05-08 10:05:00-04:00,LONG,0.0025
AMD,2026-05-11,2026-05-11 09:52:00-04:00,SHORT,0.0025
AMD,2026-05-12,2026-05-12 09:31:00-04:00,LONG,0.0025
AMD,2026-05-12,2026-05-12 09:33:00-04:00,LONG,0.0025
AMD,2026-05-12,2026-05-12 09:34:00-04:00,LONG,-0.004
AMD,2026-05-12,2026-05-12 09:59:00-04:00,SHORT,-0.004
AMD,2026-05-12,2026-05-12 10:29:00-04:00,SHORT,0.0025
AMD,2026-05-12,2026-05-12 10:30:00-04:00,SHORT,-0.004
AMD,2026-05-13,2026-05-13 09:30:00-04:00,SHORT,-0.004
AMD,2026-05-13,2026-05-13 09:31:00-04:00,SHORT,0.01
AMD,2026-05-13,2026-05-13 09:32:00-04:00,SHORT,0.0025
AMD,2026-05-13,2026-05-13 09:33:00-04:00,SHORT,0.0025
AMD,2026-05-13,2026-05-13 09:35:00-04:00,SHORT,0.0025
AMD,2026-05-13,2026-05-13 09:37:00-04:00,SHORT,-0.004
AMD,2026-05-14,2026-05-14 09:41:00-04:00,LONG,0.0025
AMD,2026-05-14,2026-05-14 09:42:00-04:00,LONG,0.0025
AMD,2026-05-14,2026-05-14 09:45:00-04:00,LONG,-0.004
AMD,2026-05-15,2026-05-15 09:33:00-04:00,SHORT,-0.004
AMD,2026-05-15,2026-05-15 09:36:00-04:00,SHORT,0.0025
AMD,2026-05-15,2026-05-15 09:37:00-04:00,SHORT,-0.004
AMD,2026-05-18,2026-05-18 09:30:00-04:00,LONG,0.0025
AMD,2026-05-18,2026-05-18 09:33:00-04:00,LONG,-0.004
AMD,2026-05-18,2026-05-18 10:02:00-04:00,SHORT,-0.004
AMD,2026-05-18,2026-05-18 10:29:00-04:00,SHORT,0.0025
AMD,2026-05-19,2026-05-19 09:32:00-04:00,LONG,-0.004
AMD,2026-05-19,2026-05-19 09:35:00-04:00,LONG,0.0025
AMD,2026-05-19,2026-05-19 09:36:00-04:00,LONG,0.0025
AMD,2026-05-19,2026-05-19 09:37:00-04:00,LONG,-0.004
AMD,2026-05-19,2026-05-19 09:56:00-04:00,SHORT,0.01
AMD,2026-05-19,2026-05-19 09:58:00-04:00,SHORT,0.01
AMD,2026-05-19,2026-05-19 09:59:00-04:00,SHORT,0.0025
AMD,2026-05-19,2026-05-19 10:01:00-04:00,SHORT,0.0025
AMD,2026-05-20,2026-05-20 09:30:00-04:00,LONG,-0.004
AMD,2026-05-20,2026-05-20 09:32:00-04:00,LONG,-0.004
AMD,2026-05-20,2026-05-20 09:40:00-04:00,LONG,-0.004
AMD,2026-05-20,2026-05-20 09:44:00-04:00,LONG,-0.004
AMD,2026-05-20,2026-05-20 10:08:00-04:00,LONG,-0.004
AMD,2026-05-20,2026-05-20 10:16:00-04:00,LONG,-0.004
AMD,2026-05-21,2026-05-21 09:30:00-04:00,LONG,-0.004
AMD,2026-05-21,2026-05-21 09:32:00-04:00,LONG,-0.004
AMD,2026-05-21,2026-05-21 09:34:00-04:00,LONG,-0.004
AMD,2026-05-21,2026-05-21 09:58:00-04:00,SHORT,0.01
AMD,2026-05-21,2026-05-21 10:13:00-04:00,SHORT,0.0025
AMD,2026-05-22,2026-05-22 09:30:00-04:00,LONG,-0.004
AMD,2026-05-22,2026-05-22 09:31:00-04:00,LONG,-0.004
AMD,2026-05-22,2026-05-22 10:23:00-04:00,SHORT,-0.004
AMD,2026-05-26,2026-05-26 09:30:00-04:00,LONG,-0.004
AMD,2026-05-26,2026-05-26 09:31:00-04:00,LONG,-0.004
AMD,2026-05-27,2026-05-27 09:30:00-04:00,SHORT,-0.004
AMD,2026-05-27,2026-05-27 09:33:00-04:00,SHORT,0.0025
AMD,2026-05-27,2026-05-27 09:34:00-04:00,SHORT,-0.004
AMD,2026-05-27,2026-05-27 09:37:00-04:00,SHORT,0.0025
AMD,2026-05-27,2026-05-27 09:38:00-04:00,SHORT,-0.004
AMD,2026-05-27,2026-05-27 10:25:00-04:00,SHORT,0.0025
AMD,2026-05-27,2026-05-27 10:26:00-04:00,SHORT,-0.004
AMD,2026-05-28,2026-05-28 09:30:00-04:00,LONG,0.0025
AMD,2026-05-28,2026-05-28 09:31:00-04:00,LONG,-0.004
AMD,2026-05-28,2026-05-28 09:36:00-04:00,LONG,-0.004
AMD,2026-05-28,2026-05-28 10:12:00-04:00,LONG,0.0025
AMD,2026-05-28,2026-05-28 10:13:00-04:00,LONG,-0.004
AMD,2026-05-29,2026-05-29 09:30:00-04:00,SHORT,-0.004
AMD,2026-05-29,2026-05-29 09:34:00-04:00,SHORT,-0.004
AMD,2026-05-29,2026-05-29 10:21:00-04:00,SHORT,0.0025
AMD,2026-05-29,2026-05-29 10:24:00-04:00,SHORT,0.0025
AMD,2026-05-29,2026-05-29 10:25:00-04:00,SHORT,-0.004
AMD,2026-05-29,2026-05-29 10:26:00-04:00,SHORT,-0.004
AMD,2026-06-01,2026-06-01 09:31:00-04:00,LONG,0.0025
AMD,2026-06-01,2026-06-01 09:32:00-04:00,LONG,0.0025
AMD,2026-06-01,2026-06-01 09:33:00-04:00,LONG,-0.004
AMD,2026-06-01,2026-06-01 10:20:00-04:00,LONG,0.01
AMD,2026-06-02,2026-06-02 09:31:00-04:00,LONG,0.0025
AMD,2026-06-02,2026-06-02 09:33:00-04:00,LONG,0.0025
AMD,2026-06-02,2026-06-02 09:52:00-04:00,LONG,0.0025
AMD,2026-06-02,2026-06-02 09:53:00-04:00,LONG,-0.004
AMD,2026-06-03,2026-06-03 09:30:00-04:00,LONG,-0.004
AMD,2026-06-03,2026-06-03 10:15:00-04:00,LONG,-0.004
AMD,2026-06-04,2026-06-04 09:30:00-04:00,SHORT,-0.004
AMD,2026-06-04,2026-06-04 09:32:00-04:00,SHORT,-0.004
AMD,2026-06-04,2026-06-04 09:36:00-04:00,SHORT,-0.004
AMD,2026-06-05,2026-06-05 09:32:00-04:00,SHORT,0.01
AMD,2026-06-05,2026-06-05 09:34:00-04:00,SHORT,0.01
AMD,2026-06-05,2026-06-05 09:41:00-04:00,SHORT,0.01
AMD,2026-06-05,2026-06-05 10:25:00-04:00,SHORT,-0.004
AMD,2026-06-08,2026-06-08 09:35:00-04:00,LONG,0.0025
AMD,2026-06-08,2026-06-08 09:36:00-04:00,LONG,0.0025
AMD,2026-06-08,2026-06-08 09:38:00-04:00,LONG,-0.004
AMD,2026-06-09,2026-06-09 09:30:00-04:00,SHORT,-0.004
AMD,2026-06-09,2026-06-09 09:33:00-04:00,SHORT,0.0025
AMD,2026-06-09,2026-06-09 09:34:00-04:00,SHORT,0.0025
AMD,2026-06-09,2026-06-09 09:40:00-04:00,SHORT,-0.004
AMD,2026-06-09,2026-06-09 10:10:00-04:00,SHORT,-0.004
AMD,2026-06-10,2026-06-10 09:30:00-04:00,LONG,-0.004
AMD,2026-06-10,2026-06-10 09:35:00-04:00,LONG,0.0025
AMD,2026-06-10,2026-06-10 09:36:00-04:00,LONG,-0.004
AMD,2026-06-10,2026-06-10 09:38:00-04:00,LONG,-0.004
AMD,2026-06-11,2026-06-11 09:30:00-04:00,LONG,-0.004
AMD,2026-06-11,2026-06-11 09:33:00-04:00,LONG,0.0025
AMD,2026-06-11,2026-06-11 09:35:00-04:00,LONG,-0.004
AMD,2026-06-11,2026-06-11 09:45:00-04:00,LONG,0.0025
AMD,2026-06-11,2026-06-11 09:50:00-04:00,LONG,0.0025
AMD,2026-06-12,2026-06-12 09:32:00-04:00,LONG,0.0025
AMD,2026-06-12,2026-06-12 09:34:00-04:00,LONG,0.0025
AMD,2026-06-12,2026-06-12 09:35:00-04:00,LONG,-0.004
AMD,2026-06-12,2026-06-12 09:36:00-04:00,LONG,-0.004
AMD,2026-06-12,2026-06-12 09:38:00-04:00,LONG,0.0025
AMD,2026-06-12,2026-06-12 09:57:00-04:00,LONG,-0.004
AMD,2026-06-12,2026-06-12 10:00:00-04:00,LONG,0.0025
META,2025-12-15,2025-12-15 09:30:00-05:00,SHORT,-0.004
META,2025-12-16,2025-12-16 09:30:00-05:00,LONG,0.008507214850825985
META,2025-12-16,2025-12-16 09:36:00-05:00,LONG,0.005801029212375264
META,2025-12-18,2025-12-18 09:30:00-05:00,LONG,-0.004
META,2025-12-22,2025-12-22 09:31:00-05:00,LONG,-0.004
META,2025-12-22,2025-12-22 09:39:00-05:00,LONG,0.0025
META,2025-12-29,2025-12-29 09:31:00-05:00,SHORT,-0.004
META,2025-12-29,2025-12-29 09:33:00-05:00,SHORT,-0.004
META,2025-12-29,2025-12-29 09:44:00-05:00,SHORT,0.0025067225741761652
META,2025-12-30,2025-12-30 09:33:00-05:00,LONG,0.007346259199614749
META,2025-12-30,2025-12-30 09:34:00-05:00,LONG,0.0057550325503255275
META,2026-01-02,2026-01-02 09:33:00-05:00,SHORT,0.0025
META,2026-01-02,2026-01-02 09:34:00-05:00,SHORT,-0.004
META,2026-01-05,2026-01-05 09:33:00-05:00,LONG,0.008760536398467402
META,2026-01-08,2026-01-08 09:30:00-05:00,SHORT,0.005875668709458909
META,2026-01-08,2026-01-08 09:31:00-05:00,SHORT,0.0025
META,2026-01-09,2026-01-09 09:35:00-05:00,LONG,-0.004
META,2026-01-09,2026-01-09 09:37:00-05:00,LONG,-0.004
META,2026-01-09,2026-01-09 10:06:00-05:00,SHORT,-0.004
META,2026-01-13,2026-01-13 09:30:00-05:00,SHORT,0.01
META,2026-01-13,2026-01-13 09:31:00-05:00,SHORT,0.009030829587633734
META,2026-01-13,2026-01-13 09:55:00-05:00,SHORT,0.0067378251639682064
META,2026-01-15,2026-01-15 09:30:00-05:00,SHORT,-0.004
META,2026-01-15,2026-01-15 09:49:00-05:00,SHORT,-0.004
META,2026-01-20,2026-01-20 09:30:00-05:00,SHORT,-0.004
META,2026-01-21,2026-01-21 09:30:00-05:00,SHORT,0.0025
META,2026-01-22,2026-01-22 09:32:00-05:00,LONG,0.0025
META,2026-01-22,2026-01-22 09:33:00-05:00,LONG,0.0025
META,2026-01-22,2026-01-22 09:38:00-05:00,LONG,-0.004
META,2026-01-23,2026-01-23 09:30:00-05:00,LONG,0.0025
META,2026-01-23,2026-01-23 09:31:00-05:00,LONG,-0.004
META,2026-01-27,2026-01-27 09:31:00-05:00,LONG,-0.004
META,2026-01-27,2026-01-27 09:38:00-05:00,SHORT,-0.004
META,2026-01-28,2026-01-28 09:31:00-05:00,LONG,-0.004
META,2026-01-28,2026-01-28 09:41:00-05:00,SHORT,-0.004
META,2026-01-29,2026-01-29 09:35:00-05:00,SHORT,-0.004
META,2026-01-30,2026-01-30 09:32:00-05:00,LONG,-0.004
META,2026-02-02,2026-02-02 09:30:00-05:00,LONG,-0.004
META,2026-02-02,2026-02-02 09:38:00-05:00,SHORT,-0.004
META,2026-02-03,2026-02-03 09:32:00-05:00,LONG,-0.004
META,2026-02-03,2026-02-03 09:36:00-05:00,LONG,0.0025
META,2026-02-03,2026-02-03 09:38:00-05:00,LONG,-0.004
META,2026-02-03,2026-02-03 09:55:00-05:00,SHORT,0.009245469988674952
META,2026-02-03,2026-02-03 10:23:00-05:00,SHORT,0.0025
META,2026-02-04,2026-02-04 09:30:00-05:00,SHORT,0.0025
META,2026-02-04,2026-02-04 09:31:00-05:00,SHORT,-0.004
META,2026-02-04,2026-02-04 09:33:00-05:00,SHORT,-0.004
META,2026-02-04,2026-02-04 09:57:00-05:00,SHORT,0.0025
META,2026-02-05,2026-02-05 09:30:00-05:00,SHORT,0.0025
META,2026-02-05,2026-02-05 09:31:00-05:00,SHORT,-0.004
META,2026-02-06,2026-02-06 09:36:00-05:00,SHORT,0.01
META,2026-02-06,2026-02-06 09:40:00-05:00,SHORT,0.01
META,2026-02-09,2026-02-09 09:31:00-05:00,LONG,0.0025
META,2026-02-10,2026-02-10 09:30:00-05:00,SHORT,-0.004
META,2026-02-11,2026-02-11 09:30:00-05:00,LONG,-0.004
META,2026-02-11,2026-02-11 09:31:00-05:00,LONG,-0.004
META,2026-02-11,2026-02-11 09:42:00-05:00,SHORT,-0.004
META,2026-02-11,2026-02-11 10:12:00-05:00,SHORT,0.0025
META,2026-02-12,2026-02-12 09:30:00-05:00,LONG,-0.004
META,2026-02-12,2026-02-12 09:32:00-05:00,LONG,-0.004
META,2026-02-12,2026-02-12 09:35:00-05:00,SHORT,0.006551281283230303
META,2026-02-12,2026-02-12 10:00:00-05:00,SHORT,-0.0016250699157987717
META,2026-02-13,2026-02-13 09:30:00-05:00,SHORT,0.0025
META,2026-02-13,2026-02-13 09:33:00-05:00,SHORT,-0.004
META,2026-02-13,2026-02-13 09:40:00-05:00,SHORT,-0.004
META,2026-02-17,2026-02-17 09:30:00-05:00,SHORT,-0.004
META,2026-02-18,2026-02-18 09:30:00-05:00,SHORT,-0.004
META,2026-02-19,2026-02-19 09:32:00-05:00,LONG,-0.004
META,2026-02-19,2026-02-19 10:13:00-05:00,LONG,-0.0016179215930304351
META,2026-02-19,2026-02-19 10:20:00-05:00,LONG,-0.004
META,2026-02-20,2026-02-20 09:46:00-05:00,LONG,-0.004
META,2026-02-20,2026-02-20 10:00:00-05:00,LONG,0.0025
META,2026-02-20,2026-02-20 10:01:00-05:00,LONG,-0.004
META,2026-02-20,2026-02-20 10:10:00-05:00,LONG,-0.004
META,2026-02-23,2026-02-23 09:32:00-05:00,LONG,-0.004
META,2026-02-24,2026-02-24 09:30:00-05:00,SHORT,-0.004
META,2026-02-25,2026-02-25 09:32:00-05:00,LONG,0.007041970165850134
META,2026-02-26,2026-02-26 09:33:00-05:00,LONG,-0.004
META,2026-02-26,2026-02-26 09:41:00-05:00,LONG,-0.004
META,2026-02-26,2026-02-26 09:44:00-05:00,LONG,-0.004
META,2026-03-02,2026-03-02 09:31:00-05:00,LONG,0.006448340918815923
META,2026-03-02,2026-03-02 09:34:00-05:00,LONG,0.005015215501179985
META,2026-03-02,2026-03-02 10:17:00-05:00,LONG,-0.004
META,2026-03-02,2026-03-02 10:22:00-05:00,LONG,-0.004
META,2026-03-03,2026-03-03 09:30:00-05:00,LONG,0.0025
META,2026-03-03,2026-03-03 09:32:00-05:00,LONG,-0.004
META,2026-03-04,2026-03-04 09:30:00-05:00,LONG,-0.004
META,2026-03-04,2026-03-04 09:32:00-05:00,LONG,-0.004
META,2026-03-04,2026-03-04 10:26:00-05:00,LONG,-0.004
META,2026-03-05,2026-03-05 09:30:00-05:00,LONG,-0.004
META,2026-03-05,2026-03-05 10:30:00-05:00,SHORT,-0.0010069426042716735
META,2026-03-06,2026-03-06 09:30:00-05:00,SHORT,0.0025
META,2026-03-06,2026-03-06 09:34:00-05:00,SHORT,-0.004
META,2026-03-09,2026-03-09 09:31:00-04:00,SHORT,0.0025
META,2026-03-09,2026-03-09 09:33:00-04:00,SHORT,-0.004
META,2026-03-09,2026-03-09 09:36:00-04:00,SHORT,0.0025
META,2026-03-09,2026-03-09 10:05:00-04:00,SHORT,-0.004
META,2026-03-10,2026-03-10 09:31:00-04:00,LONG,-0.004
META,2026-03-10,2026-03-10 09:34:00-04:00,LONG,-0.004
META,2026-03-10,2026-03-10 10:06:00-04:00,SHORT,0.0025
META,2026-03-11,2026-03-11 09:40:00-04:00,LONG,0.00016737420307057658
META,2026-03-12,2026-03-12 09:31:00-04:00,SHORT,0.0038762988236430945
META,2026-03-13,2026-03-13 09:30:00-04:00,SHORT,-0.004
META,2026-03-13,2026-03-13 10:30:00-04:00,LONG,-0.004
META,2026-03-16,2026-03-16 09:30:00-04:00,SHORT,-0.004
META,2026-03-16,2026-03-16 09:35:00-04:00,LONG,-0.004
META,2026-03-17,2026-03-17 09:30:00-04:00,LONG,0.003685219245740746
META,2026-03-17,2026-03-17 09:31:00-04:00,LONG,0.0025
META,2026-03-17,2026-03-17 09:32:00-04:00,LONG,-0.004
META,2026-03-19,2026-03-19 09:30:00-04:00,SHORT,-0.004
META,2026-03-20,2026-03-20 09:31:00-04:00,SHORT,0.007871146650221305
META,2026-03-23,2026-03-23 09:30:00-04:00,SHORT,-0.004
META,2026-03-23,2026-03-23 09:32:00-04:00,SHORT,-0.004
META,2026-03-24,2026-03-24 09:32:00-04:00,SHORT,0.005027784741372087
META,2026-03-25,2026-03-25 10:02:00-04:00,SHORT,-0.004
META,2026-03-26,2026-03-26 09:30:00-04:00,SHORT,0.004627144438295549
META,2026-03-26,2026-03-26 09:38:00-04:00,SHORT,-0.004
META,2026-03-26,2026-03-26 09:56:00-04:00,SHORT,0.0025
META,2026-03-26,2026-03-26 09:58:00-04:00,SHORT,-0.004
META,2026-03-27,2026-03-27 09:32:00-04:00,SHORT,0.008754911931949504
META,2026-03-27,2026-03-27 09:34:00-04:00,SHORT,0.007226890756302555
META,2026-03-27,2026-03-27 09:35:00-04:00,SHORT,-0.004
META,2026-03-30,2026-03-30 09:31:00-04:00,LONG,-0.004
META,2026-03-30,2026-03-30 10:05:00-04:00,SHORT,-0.004
META,2026-03-31,2026-03-31 09:31:00-04:00,LONG,0.006529921031659825
META,2026-03-31,2026-03-31 09:32:00-04:00,LONG,0.0025
META,2026-04-01,2026-04-01 09:32:00-04:00,LONG,0.0025
META,2026-04-02,2026-04-02 09:34:00-04:00,LONG,-0.004
META,2026-04-02,2026-04-02 09:35:00-04:00,SHORT,0.0025
META,2026-04-08,2026-04-08 09:30:00-04:00,SHORT,-0.004
META,2026-04-09,2026-04-09 09:33:00-04:00,LONG,-0.004
META,2026-04-10,2026-04-10 09:30:00-04:00,LONG,-0.004
META,2026-04-15,2026-04-15 09:30:00-04:00,LONG,-0.004
META,2026-04-16,2026-04-16 09:30:00-04:00,SHORT,-0.004
META,2026-04-20,2026-04-20 09:38:00-04:00,SHORT,-0.004
META,2026-04-21,2026-04-21 09:31:00-04:00,SHORT,-0.004
META,2026-04-21,2026-04-21 09:41:00-04:00,LONG,0.0031545273033616126
META,2026-04-23,2026-04-23 09:31:00-04:00,SHORT,-0.004
META,2026-04-23,2026-04-23 10:00:00-04:00,SHORT,-0.004
META,2026-04-24,2026-04-24 09:30:00-04:00,SHORT,-0.004
META,2026-04-24,2026-04-24 10:05:00-04:00,LONG,-0.0016057386397743713
META,2026-04-27,2026-04-27 09:32:00-04:00,LONG,-0.004
META,2026-04-28,2026-04-28 09:30:00-04:00,SHORT,-0.004
META,2026-04-29,2026-04-29 09:30:00-04:00,SHORT,-0.004
META,2026-04-29,2026-04-29 09:34:00-04:00,SHORT,-0.004
META,2026-04-30,2026-04-30 09:33:00-04:00,SHORT,0.0025
META,2026-04-30,2026-04-30 09:34:00-04:00,SHORT,-0.004
META,2026-05-01,2026-05-01 09:30:00-04:00,LONG,-0.004
META,2026-05-04,2026-05-04 09:30:00-04:00,SHORT,-0.004
META,2026-05-05,2026-05-05 09:31:00-04:00,SHORT,0.006623576384343471
META,2026-05-05,2026-05-05 09:33:00-04:00,SHORT,0.004805546439120402
META,2026-05-06,2026-05-06 09:35:00-04:00,SHORT,0.0025
META,2026-05-06,2026-05-06 10:16:00-04:00,LONG,0.0025
META,2026-05-07,2026-05-07 09:30:00-04:00,LONG,0.008150610022845403
META,2026-05-07,2026-05-07 09:33:00-04:00,LONG,0.004505626188897908
META,2026-05-12,2026-05-12 10:22:00-04:00,LONG,-0.004
META,2026-05-13,2026-05-13 09:34:00-04:00,SHORT,-0.004
META,2026-05-18,2026-05-18 09:30:00-04:00,SHORT,-0.004
META,2026-05-19,2026-05-19 09:35:00-04:00,SHORT,-0.004
META,2026-05-20,2026-05-20 09:31:00-04:00,SHORT,-0.004
META,2026-05-22,2026-05-22 09:30:00-04:00,LONG,0.0025
META,2026-05-22,2026-05-22 09:31:00-04:00,LONG,-0.004
META,2026-05-27,2026-05-27 09:30:00-04:00,LONG,-0.004
META,2026-06-01,2026-06-01 09:31:00-04:00,SHORT,0.0025
META,2026-06-01,2026-06-01 09:32:00-04:00,SHORT,0.0025
META,2026-06-01,2026-06-01 09:33:00-04:00,SHORT,-0.004
META,2026-06-01,2026-06-01 09:36:00-04:00,SHORT,0.0025
META,2026-06-01,2026-06-01 09:54:00-04:00,SHORT,0.006280687663275381
META,2026-06-02,2026-06-02 09:33:00-04:00,SHORT,0.0025
META,2026-06-02,2026-06-02 09:35:00-04:00,SHORT,-0.004
META,2026-06-03,2026-06-03 09:31:00-04:00,LONG,0.008897572879567332
META,2026-06-03,2026-06-03 09:33:00-04:00,LONG,-0.004
META,2026-06-03,2026-06-03 09:36:00-04:00,LONG,-0.004
META,2026-06-03,2026-06-03 10:01:00-04:00,LONG,0.003912314404792926
META,2026-06-04,2026-06-04 09:30:00-04:00,LONG,0.0025
META,2026-06-04,2026-06-04 09:31:00-04:00,LONG,0.0025
META,2026-06-04,2026-06-04 09:32:00-04:00,LONG,0.0025
META,2026-06-04,2026-06-04 09:33:00-04:00,LONG,0.0025
META,2026-06-04,2026-06-04 09:52:00-04:00,LONG,-0.004
META,2026-06-05,2026-06-05 09:30:00-04:00,LONG,-0.004
META,2026-06-05,2026-06-05 09:31:00-04:00,LONG,-0.004
META,2026-06-08,2026-06-08 09:30:00-04:00,SHORT,0.0025
META,2026-06-08,2026-06-08 09:31:00-04:00,SHORT,0.0025
META,2026-06-08,2026-06-08 09:32:00-04:00,SHORT,-0.004
META,2026-06-08,2026-06-08 09:34:00-04:00,SHORT,-0.004
META,2026-06-09,2026-06-09 09:30:00-04:00,SHORT,-0.004
META,2026-06-09,2026-06-09 09:35:00-04:00,LONG,0.004793171912016316
META,2026-06-10,2026-06-10 09:30:00-04:00,LONG,0.00683529729590651
META,2026-06-11,2026-06-11 09:31:00-04:00,SHORT,-0.004
META,2026-06-11,2026-06-11 09:34:00-04:00,SHORT,0.0025
META,2026-06-11,2026-06-11 10:10:00-04:00,SHORT,0.0025
META,2026-06-12,2026-06-12 09:31:00-04:00,SHORT,-0.004
META,2026-06-12,2026-06-12 09:33:00-04:00,SHORT,0.01
META,2026-06-12,2026-06-12 09:40:00-04:00,SHORT,0.006227210393994277
AMZN,2025-12-15,2025-12-15 09:30:00-05:00,SHORT,0.008309431424855032
AMZN,2025-12-15,2025-12-15 09:31:00-05:00,SHORT,0.006168994783838734
AMZN,2025-12-15,2025-12-15 09:33:00-05:00,SHORT,0.0037205096595881956
AMZN,2025-12-23,2025-12-23 09:30:00-05:00,LONG,0.0048853613795321795
AMZN,2025-12-23,2025-12-23 09:31:00-05:00,LONG,0.002998612556364937
AMZN,2025-12-26,2025-12-26 09:30:00-05:00,SHORT,-0.004
AMZN,2025-12-29,2025-12-29 09:30:00-05:00,SHORT,-0.004
AMZN,2025-12-30,2025-12-30 09:30:00-05:00,SHORT,-0.004
AMZN,2026-01-02,2026-01-02 10:17:00-05:00,SHORT,-0.004
AMZN,2026-01-05,2026-01-05 09:41:00-05:00,LONG,0.0025
AMZN,2026-01-06,2026-01-06 09:30:00-05:00,LONG,0.009212557185001528
AMZN,2026-01-07,2026-01-07 09:35:00-05:00,LONG,0.0025
AMZN,2026-01-08,2026-01-08 09:30:00-05:00,LONG,-0.004
AMZN,2026-01-08,2026-01-08 09:52:00-05:00,LONG,-0.004
AMZN,2026-01-09,2026-01-09 09:32:00-05:00,SHORT,-0.004
AMZN,2026-01-13,2026-01-13 09:30:00-05:00,SHORT,-0.004
AMZN,2026-01-13,2026-01-13 09:40:00-05:00,LONG,-0.004
AMZN,2026-01-14,2026-01-14 09:31:00-05:00,SHORT,0.007144285238253953
AMZN,2026-01-14,2026-01-14 09:41:00-05:00,SHORT,0.0025
AMZN,2026-01-14,2026-01-14 09:43:00-05:00,SHORT,-0.004
AMZN,2026-01-15,2026-01-15 09:30:00-05:00,SHORT,0.004604633342430663
AMZN,2026-01-21,2026-01-21 09:34:00-05:00,SHORT,-0.004
AMZN,2026-01-21,2026-01-21 09:35:00-05:00,SHORT,-0.004
AMZN,2026-01-21,2026-01-21 09:41:00-05:00,SHORT,-0.004
AMZN,2026-01-22,2026-01-22 09:32:00-05:00,SHORT,0.0066956391106532415
AMZN,2026-01-23,2026-01-23 09:30:00-05:00,LONG,-0.004
AMZN,2026-01-29,2026-01-29 09:36:00-05:00,SHORT,-0.004
AMZN,2026-01-30,2026-01-30 10:11:00-05:00,LONG,-0.004
AMZN,2026-02-02,2026-02-02 09:30:00-05:00,LONG,0.01
AMZN,2026-02-03,2026-02-03 09:30:00-05:00,LONG,-0.004
AMZN,2026-02-03,2026-02-03 09:35:00-05:00,SHORT,-0.004
AMZN,2026-02-03,2026-02-03 10:24:00-05:00,SHORT,-0.004
AMZN,2026-02-04,2026-02-04 09:30:00-05:00,SHORT,0.0025
AMZN,2026-02-04,2026-02-04 09:31:00-05:00,SHORT,-0.004
AMZN,2026-02-04,2026-02-04 09:45:00-05:00,SHORT,0.0025
AMZN,2026-02-04,2026-02-04 09:58:00-05:00,SHORT,-0.004
AMZN,2026-02-05,2026-02-05 09:30:00-05:00,SHORT,0.0025
AMZN,2026-02-05,2026-02-05 09:31:00-05:00,SHORT,-0.004
AMZN,2026-02-06,2026-02-06 09:30:00-05:00,SHORT,0.0025
AMZN,2026-02-06,2026-02-06 09:31:00-05:00,SHORT,-0.004
AMZN,2026-02-06,2026-02-06 09:35:00-05:00,SHORT,-0.004
AMZN,2026-02-09,2026-02-09 09:30:00-05:00,SHORT,0.0025
AMZN,2026-02-09,2026-02-09 09:31:00-05:00,SHORT,0.0025
AMZN,2026-02-09,2026-02-09 09:32:00-05:00,SHORT,0.0025
AMZN,2026-02-10,2026-02-10 09:36:00-05:00,SHORT,0.0025
AMZN,2026-02-10,2026-02-10 09:38:00-05:00,SHORT,-0.004
AMZN,2026-02-10,2026-02-10 10:07:00-05:00,LONG,-0.004
AMZN,2026-02-11,2026-02-11 09:34:00-05:00,SHORT,0.003830945697415573
AMZN,2026-02-12,2026-02-12 09:30:00-05:00,SHORT,-0.004
AMZN,2026-02-12,2026-02-12 09:34:00-05:00,SHORT,-0.004
AMZN,2026-02-12,2026-02-12 09:38:00-05:00,SHORT,0.00566299156700139
AMZN,2026-02-13,2026-02-13 09:32:00-05:00,LONG,-0.004
AMZN,2026-02-18,2026-02-18 09:35:00-05:00,LONG,-0.004
AMZN,2026-02-20,2026-02-20 10:01:00-05:00,LONG,0.005631021194605037
AMZN,2026-02-20,2026-02-20 10:04:00-05:00,LONG,-0.004
AMZN,2026-02-20,2026-02-20 10:10:00-05:00,LONG,-0.004
AMZN,2026-02-23,2026-02-23 09:31:00-05:00,SHORT,0.005697085223434004
AMZN,2026-02-24,2026-02-24 09:30:00-05:00,SHORT,0.0025
AMZN,2026-02-24,2026-02-24 09:31:00-05:00,SHORT,-0.004
AMZN,2026-02-25,2026-02-25 09:30:00-05:00,LONG,-0.004
AMZN,2026-02-25,2026-02-25 10:01:00-05:00,LONG,-0.004
AMZN,2026-02-26,2026-02-26 09:30:00-05:00,SHORT,-0.004
AMZN,2026-02-27,2026-02-27 09:31:00-05:00,LONG,-0.004
AMZN,2026-02-27,2026-02-27 09:43:00-05:00,SHORT,-0.004
AMZN,2026-03-03,2026-03-03 09:36:00-05:00,LONG,0.0025
AMZN,2026-03-04,2026-03-04 09:30:00-05:00,LONG,-0.004
AMZN,2026-03-04,2026-03-04 09:32:00-05:00,LONG,-0.004
AMZN,2026-03-04,2026-03-04 10:26:00-05:00,LONG,-0.004
AMZN,2026-03-05,2026-03-05 09:30:00-05:00,LONG,0.006708347706105518
AMZN,2026-03-05,2026-03-05 09:32:00-05:00,LONG,0.0025
AMZN,2026-03-06,2026-03-06 09:30:00-05:00,LONG,0.0025
AMZN,2026-03-09,2026-03-09 09:30:00-04:00,LONG,-0.004
AMZN,2026-03-09,2026-03-09 09:40:00-04:00,SHORT,0.004699722673806998
AMZN,2026-03-11,2026-03-11 09:30:00-04:00,LONG,-0.004
AMZN,2026-03-12,2026-03-12 09:30:00-04:00,SHORT,-0.004
AMZN,2026-03-13,2026-03-13 09:35:00-04:00,SHORT,-0.004
AMZN,2026-03-17,2026-03-17 09:31:00-04:00,LONG,-0.004
AMZN,2026-03-19,2026-03-19 09:35:00-04:00,SHORT,-0.004
AMZN,2026-03-20,2026-03-20 09:30:00-04:00,SHORT,-0.004
AMZN,2026-03-24,2026-03-24 09:32:00-04:00,SHORT,0.0025
AMZN,2026-03-25,2026-03-25 10:07:00-04:00,SHORT,-0.004
AMZN,2026-03-26,2026-03-26 09:53:00-04:00,LONG,0.007366266895107528
AMZN,2026-03-27,2026-03-27 09:30:00-04:00,SHORT,0.01
AMZN,2026-03-27,2026-03-27 09:33:00-04:00,SHORT,0.01
AMZN,2026-03-30,2026-03-30 09:38:00-04:00,LONG,-0.004
AMZN,2026-03-31,2026-03-31 09:34:00-04:00,LONG,0.005347616034268716
AMZN,2026-03-31,2026-03-31 09:36:00-04:00,LONG,0.0033745505781751376
AMZN,2026-04-02,2026-04-02 09:35:00-04:00,SHORT,-0.004
AMZN,2026-04-06,2026-04-06 09:45:00-04:00,LONG,0.00037698506196684456
AMZN,2026-04-07,2026-04-07 10:06:00-04:00,SHORT,-0.004
AMZN,2026-04-09,2026-04-09 09:31:00-04:00,LONG,-0.004
AMZN,2026-04-10,2026-04-10 09:30:00-04:00,LONG,0.005099111327510036
AMZN,2026-04-14,2026-04-14 09:30:00-04:00,LONG,0.0025
AMZN,2026-04-14,2026-04-14 09:32:00-04:00,LONG,0.0066214129389866976
AMZN,2026-04-14,2026-04-14 09:35:00-04:00,LONG,0.0025
AMZN,2026-04-15,2026-04-15 09:31:00-04:00,SHORT,-0.004
AMZN,2026-04-16,2026-04-16 09:30:00-04:00,LONG,-0.004
AMZN,2026-04-20,2026-04-20 09:33:00-04:00,LONG,-0.004
AMZN,2026-04-21,2026-04-21 09:30:00-04:00,SHORT,0.0025
AMZN,2026-04-21,2026-04-21 09:31:00-04:00,SHORT,-0.004
AMZN,2026-04-22,2026-04-22 09:30:00-04:00,SHORT,-0.004
AMZN,2026-04-24,2026-04-24 09:34:00-04:00,LONG,-0.004
AMZN,2026-04-24,2026-04-24 09:39:00-04:00,LONG,-0.004
AMZN,2026-04-27,2026-04-27 09:31:00-04:00,SHORT,-0.004
AMZN,2026-04-28,2026-04-28 09:30:00-04:00,SHORT,-0.004
AMZN,2026-04-28,2026-04-28 09:31:00-04:00,SHORT,-0.004
AMZN,2026-04-29,2026-04-29 09:32:00-04:00,SHORT,-0.004
AMZN,2026-04-30,2026-04-30 09:31:00-04:00,SHORT,-0.004
AMZN,2026-04-30,2026-04-30 09:34:00-04:00,SHORT,0.0025
AMZN,2026-04-30,2026-04-30 09:35:00-04:00,SHORT,0.0025
AMZN,2026-04-30,2026-04-30 09:36:00-04:00,SHORT,0.0025
AMZN,2026-04-30,2026-04-30 09:37:00-04:00,SHORT,0.0025
AMZN,2026-04-30,2026-04-30 09:39:00-04:00,SHORT,0.0025
AMZN,2026-05-01,2026-05-01 09:33:00-04:00,LONG,0.0025
AMZN,2026-05-01,2026-05-01 09:34:00-04:00,LONG,-0.004
AMZN,2026-05-01,2026-05-01 09:50:00-04:00,LONG,0.0025
AMZN,2026-05-01,2026-05-01 09:51:00-04:00,LONG,0.01
AMZN,2026-05-01,2026-05-01 10:00:00-04:00,LONG,0.00485257348293208
AMZN,2026-05-04,2026-05-04 09:30:00-04:00,LONG,0.0025
AMZN,2026-05-04,2026-05-04 09:31:00-04:00,LONG,0.0025
AMZN,2026-05-04,2026-05-04 09:33:00-04:00,LONG,-0.004
AMZN,2026-05-05,2026-05-05 09:33:00-04:00,LONG,-0.004
AMZN,2026-05-05,2026-05-05 10:18:00-04:00,SHORT,-0.004
AMZN,2026-05-08,2026-05-08 09:30:00-04:00,SHORT,-0.004
AMZN,2026-05-12,2026-05-12 09:35:00-04:00,SHORT,0.004215211575417275
AMZN,2026-05-12,2026-05-12 09:38:00-04:00,SHORT,-0.004
AMZN,2026-05-13,2026-05-13 09:30:00-04:00,SHORT,-0.004
AMZN,2026-05-18,2026-05-18 09:31:00-04:00,LONG,0.01
AMZN,2026-05-18,2026-05-18 09:35:00-04:00,LONG,0.0051506518559089245
AMZN,2026-05-19,2026-05-19 09:31:00-04:00,SHORT,0.0025
AMZN,2026-05-19,2026-05-19 09:32:00-04:00,SHORT,-0.004
AMZN,2026-05-20,2026-05-20 09:31:00-04:00,LONG,-0.004
AMZN,2026-05-20,2026-05-20 10:16:00-04:00,LONG,0.00043812861932341165
AMZN,2026-05-21,2026-05-21 09:30:00-04:00,SHORT,0.0025
AMZN,2026-05-21,2026-05-21 09:31:00-04:00,SHORT,-0.004
AMZN,2026-05-21,2026-05-21 09:52:00-04:00,LONG,-0.004
AMZN,2026-05-26,2026-05-26 10:30:00-04:00,SHORT,0.002134209681379484
AMZN,2026-05-27,2026-05-27 09:30:00-04:00,LONG,-0.004
AMZN,2026-05-28,2026-05-28 09:30:00-04:00,SHORT,0.005524025745833857
AMZN,2026-05-28,2026-05-28 09:40:00-04:00,SHORT,0.005223757111516067
AMZN,2026-05-29,2026-05-29 09:30:00-04:00,LONG,0.0025
AMZN,2026-05-29,2026-05-29 09:31:00-04:00,LONG,-0.004
AMZN,2026-06-01,2026-06-01 09:30:00-04:00,SHORT,-0.004
AMZN,2026-06-01,2026-06-01 09:39:00-04:00,SHORT,-0.004
AMZN,2026-06-01,2026-06-01 09:40:00-04:00,SHORT,-0.004
AMZN,2026-06-02,2026-06-02 09:31:00-04:00,SHORT,0.0025
AMZN,2026-06-02,2026-06-02 09:32:00-04:00,SHORT,-0.004
AMZN,2026-06-04,2026-06-04 09:30:00-04:00,SHORT,-0.004
AMZN,2026-06-05,2026-06-05 09:30:00-04:00,LONG,0.0025
AMZN,2026-06-05,2026-06-05 09:31:00-04:00,LONG,-0.004
AMZN,2026-06-08,2026-06-08 09:32:00-04:00,SHORT,-0.004
AMZN,2026-06-09,2026-06-09 09:31:00-04:00,LONG,0.0025
AMZN,2026-06-10,2026-06-10 09:31:00-04:00,LONG,-0.004
AMZN,2026-06-11,2026-06-11 09:32:00-04:00,SHORT,-0.004
AMZN,2026-06-11,2026-06-11 09:40:00-04:00,SHORT,-0.004
AMZN,2026-06-12,2026-06-12 09:30:00-04:00,SHORT,0.01
AMZN,2026-06-12,2026-06-12 09:33:00-04:00,SHORT,0.01
AMZN,2026-06-12,2026-06-12 09:36:00-04:00,SHORT,0.01
AMZN,2026-06-12,2026-06-12 09:40:00-04:00,SHORT,0.0025
TSLA,2025-12-12,2025-12-12 10:24:00-05:00,SHORT,0.005318547318193883
TSLA,2025-12-12,2025-12-12 10:28:00-05:00,SHORT,0.0025
TSLA,2025-12-15,2025-12-15 09:30:00-05:00,LONG,0.0025
TSLA,2025-12-15,2025-12-15 09:31:00-05:00,LONG,0.0025
TSLA,2025-12-15,2025-12-15 09:32:00-05:00,LONG,-0.004
TSLA,2025-12-15,2025-12-15 09:35:00-05:00,LONG,0.0025
TSLA,2025-12-15,2025-12-15 09:37:00-05:00,LONG,-0.004
TSLA,2025-12-16,2025-12-16 09:31:00-05:00,SHORT,0.0025
TSLA,2025-12-16,2025-12-16 09:32:00-05:00,SHORT,-0.004
TSLA,2025-12-17,2025-12-17 09:30:00-05:00,LONG,0.0025
TSLA,2025-12-17,2025-12-17 09:32:00-05:00,LONG,0.0025
TSLA,2025-12-17,2025-12-17 09:33:00-05:00,LONG,-0.004
TSLA,2025-12-17,2025-12-17 10:25:00-05:00,SHORT,-0.004
TSLA,2025-12-18,2025-12-18 09:30:00-05:00,LONG,0.0025
TSLA,2025-12-18,2025-12-18 09:53:00-05:00,LONG,0.0025
TSLA,2025-12-18,2025-12-18 10:00:00-05:00,LONG,-0.004
TSLA,2025-12-19,2025-12-19 09:35:00-05:00,SHORT,-0.004
TSLA,2025-12-19,2025-12-19 10:16:00-05:00,SHORT,-0.004
TSLA,2025-12-22,2025-12-22 09:31:00-05:00,LONG,0.0025
TSLA,2025-12-22,2025-12-22 09:33:00-05:00,LONG,-0.004
TSLA,2025-12-23,2025-12-23 09:30:00-05:00,LONG,-0.004
TSLA,2025-12-23,2025-12-23 09:38:00-05:00,SHORT,-0.004
TSLA,2025-12-24,2025-12-24 09:35:00-05:00,SHORT,0.005565201434907088
TSLA,2025-12-24,2025-12-24 09:43:00-05:00,SHORT,0.0020428675476016843
TSLA,2025-12-24,2025-12-24 10:11:00-05:00,SHORT,0.0025
TSLA,2025-12-26,2025-12-26 09:30:00-05:00,LONG,0.0025
TSLA,2025-12-29,2025-12-29 09:30:00-05:00,SHORT,0.0025
TSLA,2025-12-29,2025-12-29 09:31:00-05:00,SHORT,-0.004
TSLA,2025-12-29,2025-12-29 09:33:00-05:00,SHORT,-0.004
TSLA,2025-12-29,2025-12-29 09:38:00-05:00,SHORT,-0.004
TSLA,2025-12-29,2025-12-29 09:56:00-05:00,SHORT,-0.004
TSLA,2025-12-30,2025-12-30 09:31:00-05:00,SHORT,0.0025
TSLA,2025-12-30,2025-12-30 09:36:00-05:00,SHORT,-0.004
TSLA,2025-12-31,2025-12-31 09:31:00-05:00,SHORT,-0.004
TSLA,2025-12-31,2025-12-31 09:36:00-05:00,SHORT,0.00012102941014668065
TSLA,2026-01-02,2026-01-02 09:31:00-05:00,SHORT,-0.004
TSLA,2026-01-02,2026-01-02 09:33:00-05:00,SHORT,0.0025
TSLA,2026-01-02,2026-01-02 10:14:00-05:00,SHORT,0.0038195256388842518
TSLA,2026-01-05,2026-01-05 09:33:00-05:00,LONG,0.0060900855840835405
TSLA,2026-01-06,2026-01-06 09:30:00-05:00,SHORT,0.0025
TSLA,2026-01-06,2026-01-06 09:31:00-05:00,SHORT,0.01
TSLA,2026-01-06,2026-01-06 09:32:00-05:00,SHORT,0.00786778512531633
TSLA,2026-01-06,2026-01-06 09:37:00-05:00,SHORT,0.003974050423507488
TSLA,2026-01-07,2026-01-07 09:30:00-05:00,SHORT,-0.004
TSLA,2026-01-07,2026-01-07 09:31:00-05:00,SHORT,-0.004
TSLA,2026-01-07,2026-01-07 09:41:00-05:00,LONG,-0.004
TSLA,2026-01-08,2026-01-08 09:30:00-05:00,SHORT,-0.004
TSLA,2026-01-09,2026-01-09 09:30:00-05:00,SHORT,0.0025
TSLA,2026-01-09,2026-01-09 09:31:00-05:00,SHORT,-0.004
TSLA,2026-01-09,2026-01-09 10:02:00-05:00,LONG,-0.004
TSLA,2026-01-12,2026-01-12 09:30:00-05:00,SHORT,-0.004
TSLA,2026-01-12,2026-01-12 09:49:00-05:00,LONG,0.006017385849352524
TSLA,2026-01-12,2026-01-12 09:50:00-05:00,LONG,0.002958643895399169
TSLA,2026-01-13,2026-01-13 09:36:00-05:00,SHORT,-0.004
TSLA,2026-01-13,2026-01-13 10:02:00-05:00,SHORT,-0.004
TSLA,2026-01-14,2026-01-14 09:30:00-05:00,SHORT,-0.004
TSLA,2026-01-14,2026-01-14 09:41:00-05:00,SHORT,0.0025
TSLA,2026-01-14,2026-01-14 10:11:00-05:00,LONG,-0.004
TSLA,2026-01-15,2026-01-15 09:30:00-05:00,LONG,-0.004
TSLA,2026-01-15,2026-01-15 09:32:00-05:00,LONG,-0.004
TSLA,2026-01-15,2026-01-15 09:33:00-05:00,LONG,-0.004
TSLA,2026-01-15,2026-01-15 10:22:00-05:00,LONG,-0.004
TSLA,2026-01-16,2026-01-16 09:30:00-05:00,LONG,0.0028221795161654625
TSLA,2026-01-16,2026-01-16 09:36:00-05:00,LONG,0.0025
TSLA,2026-01-16,2026-01-16 09:38:00-05:00,LONG,-0.004
TSLA,2026-01-16,2026-01-16 10:25:00-05:00,SHORT,0.0010874791089540115
TSLA,2026-01-20,2026-01-20 09:34:00-05:00,LONG,-0.004
TSLA,2026-01-20,2026-01-20 09:37:00-05:00,SHORT,-0.004
TSLA,2026-01-21,2026-01-21 10:25:00-05:00,LONG,0.004004026380793591
TSLA,2026-01-22,2026-01-22 09:34:00-05:00,SHORT,-0.004
TSLA,2026-01-22,2026-01-22 09:36:00-05:00,SHORT,-0.004
TSLA,2026-01-23,2026-01-23 09:31:00-05:00,SHORT,-0.004
TSLA,2026-01-23,2026-01-23 09:37:00-05:00,SHORT,-0.004
TSLA,2026-01-26,2026-01-26 09:30:00-05:00,SHORT,0.006104757548032987
TSLA,2026-01-26,2026-01-26 09:32:00-05:00,SHORT,0.005678158518403576
TSLA,2026-01-26,2026-01-26 09:34:00-05:00,SHORT,-0.004
TSLA,2026-01-27,2026-01-27 09:30:00-05:00,SHORT,0.00510945367789596
TSLA,2026-01-27,2026-01-27 10:02:00-05:00,LONG,-0.00047075573518277013
TSLA,2026-01-28,2026-01-28 09:31:00-05:00,SHORT,-0.004
TSLA,2026-01-28,2026-01-28 09:32:00-05:00,LONG,0.005948117010249946
TSLA,2026-01-28,2026-01-28 09:36:00-05:00,LONG,0.0025
TSLA,2026-01-28,2026-01-28 09:42:00-05:00,LONG,-0.004
TSLA,2026-01-29,2026-01-29 09:32:00-05:00,SHORT,0.0025
TSLA,2026-01-29,2026-01-29 09:33:00-05:00,SHORT,0.0025
TSLA,2026-01-29,2026-01-29 09:36:00-05:00,SHORT,0.0025
TSLA,2026-01-29,2026-01-29 09:38:00-05:00,SHORT,0.0025
TSLA,2026-01-29,2026-01-29 09:56:00-05:00,SHORT,0.0025
TSLA,2026-01-30,2026-01-30 09:30:00-05:00,LONG,-0.004
TSLA,2026-01-30,2026-01-30 09:33:00-05:00,LONG,0.0025
TSLA,2026-01-30,2026-01-30 09:35:00-05:00,LONG,-0.004
TSLA,2026-01-30,2026-01-30 10:06:00-05:00,LONG,0.007402778800679062
TSLA,2026-01-30,2026-01-30 10:07:00-05:00,LONG,-0.004
TSLA,2026-01-30,2026-01-30 10:27:00-05:00,LONG,-0.004
TSLA,2026-02-02,2026-02-02 09:30:00-05:00,SHORT,0.0025
TSLA,2026-02-02,2026-02-02 09:31:00-05:00,SHORT,-0.004
TSLA,2026-02-02,2026-02-02 09:33:00-05:00,SHORT,-0.004
TSLA,2026-02-03,2026-02-03 09:30:00-05:00,SHORT,0.0025
TSLA,2026-02-03,2026-02-03 09:31:00-05:00,SHORT,-0.004
TSLA,2026-02-03,2026-02-03 09:35:00-05:00,SHORT,-0.004
TSLA,2026-02-04,2026-02-04 09:30:00-05:00,SHORT,-0.004
TSLA,2026-02-04,2026-02-04 09:38:00-05:00,LONG,-0.004
TSLA,2026-02-05,2026-02-05 09:31:00-05:00,SHORT,-0.004
TSLA,2026-02-05,2026-02-05 09:33:00-05:00,SHORT,-0.004
TSLA,2026-02-05,2026-02-05 09:37:00-05:00,LONG,-0.004
TSLA,2026-02-05,2026-02-05 10:05:00-05:00,SHORT,0.0025
TSLA,2026-02-05,2026-02-05 10:12:00-05:00,SHORT,-0.004
TSLA,2026-02-06,2026-02-06 09:30:00-05:00,SHORT,-0.004
TSLA,2026-02-06,2026-02-06 09:35:00-05:00,LONG,-0.004
TSLA,2026-02-06,2026-02-06 09:38:00-05:00,LONG,-0.004
TSLA,2026-02-06,2026-02-06 09:48:00-05:00,LONG,-0.004
TSLA,2026-02-09,2026-02-09 09:32:00-05:00,SHORT,-0.004
TSLA,2026-02-09,2026-02-09 09:44:00-05:00,LONG,-0.004
TSLA,2026-02-09,2026-02-09 10:02:00-05:00,SHORT,-0.004
TSLA,2026-02-10,2026-02-10 09:30:00-05:00,LONG,0.0025
TSLA,2026-02-10,2026-02-10 09:35:00-05:00,LONG,-0.004
TSLA,2026-02-11,2026-02-11 09:30:00-05:00,LONG,0.0025
TSLA,2026-02-11,2026-02-11 09:32:00-05:00,LONG,0.0025
TSLA,2026-02-11,2026-02-11 09:33:00-05:00,LONG,-0.004
TSLA,2026-02-11,2026-02-11 10:02:00-05:00,SHORT,0.01
TSLA,2026-02-12,2026-02-12 09:30:00-05:00,LONG,-0.004
TSLA,2026-02-17,2026-02-17 09:30:00-05:00,SHORT,-0.004
TSLA,2026-02-17,2026-02-17 09:32:00-05:00,SHORT,-0.004
TSLA,2026-02-17,2026-02-17 09:50:00-05:00,SHORT,0.005122313052470878
TSLA,2026-02-17,2026-02-17 09:53:00-05:00,SHORT,0.0025
TSLA,2026-02-18,2026-02-18 09:32:00-05:00,SHORT,-0.004
TSLA,2026-02-18,2026-02-18 09:34:00-05:00,SHORT,-0.004
TSLA,2026-02-18,2026-02-18 09:39:00-05:00,SHORT,-0.004
TSLA,2026-02-18,2026-02-18 10:03:00-05:00,LONG,-0.004
TSLA,2026-02-19,2026-02-19 09:30:00-05:00,SHORT,-0.004
TSLA,2026-02-20,2026-02-20 09:30:00-05:00,SHORT,-0.004
TSLA,2026-02-20,2026-02-20 10:01:00-05:00,LONG,-0.004
TSLA,2026-02-23,2026-02-23 09:31:00-05:00,SHORT,-0.004
TSLA,2026-02-23,2026-02-23 09:40:00-05:00,SHORT,-0.0021189591078067363
TSLA,2026-02-24,2026-02-24 09:30:00-05:00,LONG,-0.004
TSLA,2026-02-24,2026-02-24 09:33:00-05:00,LONG,0.0050440680085010944
TSLA,2026-02-24,2026-02-24 09:34:00-05:00,LONG,-0.004
TSLA,2026-02-24,2026-02-24 09:37:00-05:00,LONG,0.0025
TSLA,2026-02-25,2026-02-25 09:30:00-05:00,LONG,0.0025
TSLA,2026-02-25,2026-02-25 09:31:00-05:00,LONG,0.0025
TSLA,2026-02-25,2026-02-25 09:32:00-05:00,LONG,-0.004
TSLA,2026-02-26,2026-02-26 09:32:00-05:00,SHORT,-0.0006067887525636825
TSLA,2026-02-26,2026-02-26 10:15:00-05:00,SHORT,0.0035432427156034474
TSLA,2026-03-02,2026-03-02 09:35:00-05:00,LONG,0.003607707109580717
TSLA,2026-03-03,2026-03-03 09:32:00-05:00,LONG,-0.004
TSLA,2026-03-03,2026-03-03 10:20:00-05:00,SHORT,0.005746085413827725
TSLA,2026-03-04,2026-03-04 09:32:00-05:00,LONG,-0.004
TSLA,2026-03-04,2026-03-04 09:33:00-05:00,LONG,-0.004
TSLA,2026-03-04,2026-03-04 10:20:00-05:00,LONG,0.0025
TSLA,2026-03-06,2026-03-06 09:30:00-05:00,SHORT,0.0025
TSLA,2026-03-06,2026-03-06 09:35:00-05:00,SHORT,-0.004
TSLA,2026-03-09,2026-03-09 09:30:00-04:00,LONG,-0.004
TSLA,2026-03-09,2026-03-09 09:49:00-04:00,SHORT,0.0025
TSLA,2026-03-10,2026-03-10 09:30:00-04:00,LONG,-0.004
TSLA,2026-03-10,2026-03-10 09:32:00-04:00,LONG,-0.004
TSLA,2026-03-11,2026-03-11 09:30:00-04:00,LONG,0.0025
TSLA,2026-03-11,2026-03-11 09:31:00-04:00,LONG,0.0025
TSLA,2026-03-11,2026-03-11 09:32:00-04:00,LONG,0.0025
TSLA,2026-03-11,2026-03-11 10:00:00-04:00,LONG,-0.004
TSLA,2026-03-16,2026-03-16 09:30:00-04:00,LONG,0.006596532628531899
TSLA,2026-03-16,2026-03-16 09:31:00-04:00,LONG,0.006199987457669693
TSLA,2026-03-16,2026-03-16 09:56:00-04:00,LONG,0.005670402915772156
TSLA,2026-03-16,2026-03-16 10:01:00-04:00,LONG,0.0025
TSLA,2026-03-17,2026-03-17 09:30:00-04:00,SHORT,-0.004
TSLA,2026-03-17,2026-03-17 09:34:00-04:00,SHORT,-0.004
TSLA,2026-03-18,2026-03-18 09:30:00-04:00,LONG,-0.004
TSLA,2026-03-18,2026-03-18 10:26:00-04:00,SHORT,-0.0008824860461608062
TSLA,2026-03-19,2026-03-19 09:30:00-04:00,SHORT,0.0025
TSLA,2026-03-19,2026-03-19 10:21:00-04:00,SHORT,-0.004
TSLA,2026-03-20,2026-03-20 09:30:00-04:00,SHORT,0.01
TSLA,2026-03-20,2026-03-20 09:31:00-04:00,SHORT,0.0025
TSLA,2026-03-20,2026-03-20 09:50:00-04:00,SHORT,0.004707416920854116
TSLA,2026-03-23,2026-03-23 09:30:00-04:00,LONG,0.01
TSLA,2026-03-23,2026-03-23 09:36:00-04:00,LONG,0.00713705136528041
TSLA,2026-03-23,2026-03-23 09:37:00-04:00,LONG,0.00625287090266698
TSLA,2026-03-24,2026-03-24 09:34:00-04:00,LONG,0.0025
TSLA,2026-03-25,2026-03-25 09:31:00-04:00,LONG,0.0025
TSLA,2026-03-25,2026-03-25 09:32:00-04:00,LONG,0.0025
TSLA,2026-03-25,2026-03-25 09:35:00-04:00,LONG,-0.004
TSLA,2026-03-25,2026-03-25 09:36:00-04:00,LONG,-0.004
TSLA,2026-03-25,2026-03-25 10:00:00-04:00,SHORT,-0.004
TSLA,2026-03-27,2026-03-27 09:31:00-04:00,SHORT,0.01
TSLA,2026-03-27,2026-03-27 09:33:00-04:00,SHORT,0.0025
TSLA,2026-03-27,2026-03-27 09:35:00-04:00,SHORT,-0.004
TSLA,2026-03-30,2026-03-30 09:31:00-04:00,LONG,-0.004
TSLA,2026-03-31,2026-03-31 09:31:00-04:00,LONG,0.0025
TSLA,2026-03-31,2026-03-31 09:33:00-04:00,LONG,-0.004
TSLA,2026-04-01,2026-04-01 09:30:00-04:00,SHORT,0.004949158392183968
TSLA,2026-04-01,2026-04-01 09:31:00-04:00,SHORT,-0.004
TSLA,2026-04-01,2026-04-01 09:43:00-04:00,SHORT,-0.004
TSLA,2026-04-02,2026-04-02 09:35:00-04:00,SHORT,-0.004
TSLA,2026-04-06,2026-04-06 09:33:00-04:00,LONG,-0.004
TSLA,2026-04-06,2026-04-06 10:03:00-04:00,SHORT,0.004445902524825801
TSLA,2026-04-06,2026-04-06 10:04:00-04:00,SHORT,0.0025
TSLA,2026-04-06,2026-04-06 10:10:00-04:00,SHORT,-0.004
TSLA,2026-04-07,2026-04-07 09:35:00-04:00,SHORT,-0.004
TSLA,2026-04-07,2026-04-07 09:45:00-04:00,SHORT,-0.004
TSLA,2026-04-08,2026-04-08 09:30:00-04:00,SHORT,0.0025
TSLA,2026-04-08,2026-04-08 09:31:00-04:00,SHORT,-0.004
TSLA,2026-04-09,2026-04-09 09:47:00-04:00,SHORT,0.0025
TSLA,2026-04-09,2026-04-09 09:48:00-04:00,SHORT,-0.004
TSLA,2026-04-10,2026-04-10 09:30:00-04:00,LONG,0.0025
TSLA,2026-04-10,2026-04-10 09:31:00-04:00,LONG,-0.004
TSLA,2026-04-13,2026-04-13 09:49:00-04:00,LONG,0.0025
TSLA,2026-04-13,2026-04-13 09:50:00-04:00,LONG,-0.004
TSLA,2026-04-14,2026-04-14 09:31:00-04:00,LONG,-0.004
TSLA,2026-04-15,2026-04-15 09:30:00-04:00,SHORT,-0.004
TSLA,2026-04-15,2026-04-15 09:33:00-04:00,SHORT,-0.004
TSLA,2026-04-15,2026-04-15 09:51:00-04:00,LONG,0.01
TSLA,2026-04-16,2026-04-16 09:30:00-04:00,SHORT,0.01
TSLA,2026-04-16,2026-04-16 09:31:00-04:00,SHORT,0.01
TSLA,2026-04-16,2026-04-16 09:32:00-04:00,SHORT,0.01
TSLA,2026-04-16,2026-04-16 09:35:00-04:00,SHORT,0.0025
TSLA,2026-04-16,2026-04-16 09:36:00-04:00,SHORT,0.0025
TSLA,2026-04-16,2026-04-16 09:41:00-04:00,SHORT,-0.004
TSLA,2026-04-17,2026-04-17 09:31:00-04:00,LONG,-0.004
TSLA,2026-04-20,2026-04-20 09:30:00-04:00,LONG,-0.004
TSLA,2026-04-20,2026-04-20 09:33:00-04:00,LONG,-0.004
TSLA,2026-04-20,2026-04-20 09:40:00-04:00,SHORT,0.006064480702855318
TSLA,2026-04-20,2026-04-20 10:11:00-04:00,SHORT,-0.004
TSLA,2026-04-21,2026-04-21 09:30:00-04:00,SHORT,0.0025
TSLA,2026-04-21,2026-04-21 09:31:00-04:00,SHORT,-0.004
TSLA,2026-04-22,2026-04-22 09:32:00-04:00,SHORT,-0.004
TSLA,2026-04-22,2026-04-22 09:52:00-04:00,LONG,0.0009074642126789831
TSLA,2026-04-22,2026-04-22 09:54:00-04:00,LONG,-0.004
TSLA,2026-04-23,2026-04-23 09:30:00-04:00,SHORT,-0.004
TSLA,2026-04-23,2026-04-23 09:35:00-04:00,LONG,0.0025
TSLA,2026-04-23,2026-04-23 09:36:00-04:00,LONG,-0.004
TSLA,2026-04-23,2026-04-23 09:38:00-04:00,LONG,0.0025
TSLA,2026-04-23,2026-04-23 09:39:00-04:00,LONG,-0.004
TSLA,2026-04-23,2026-04-23 09:40:00-04:00,LONG,-0.004
TSLA,2026-04-23,2026-04-23 09:59:00-04:00,SHORT,-0.004
TSLA,2026-04-24,2026-04-24 09:36:00-04:00,LONG,0.0025
TSLA,2026-04-27,2026-04-27 09:30:00-04:00,SHORT,-0.004
TSLA,2026-04-27,2026-04-27 09:43:00-04:00,SHORT,0.005620418137387985
TSLA,2026-04-28,2026-04-28 09:32:00-04:00,LONG,-0.004
TSLA,2026-04-28,2026-04-28 09:35:00-04:00,LONG,-0.004
TSLA,2026-04-28,2026-04-28 10:06:00-04:00,LONG,-0.004
TSLA,2026-04-29,2026-04-29 09:32:00-04:00,SHORT,0.0025
TSLA,2026-04-29,2026-04-29 09:35:00-04:00,SHORT,-0.004
TSLA,2026-04-30,2026-04-30 09:30:00-04:00,SHORT,0.0025
TSLA,2026-04-30,2026-04-30 09:34:00-04:00,SHORT,-0.004
TSLA,2026-04-30,2026-04-30 09:38:00-04:00,SHORT,-0.004
TSLA,2026-04-30,2026-04-30 10:08:00-04:00,SHORT,-0.004
TSLA,2026-05-01,2026-05-01 09:30:00-04:00,LONG,0.0025
TSLA,2026-05-01,2026-05-01 09:37:00-04:00,SHORT,0.0025
TSLA,2026-05-01,2026-05-01 10:27:00-04:00,LONG,-0.004
TSLA,2026-05-04,2026-05-04 09:30:00-04:00,SHORT,-0.004
TSLA,2026-05-04,2026-05-04 09:32:00-04:00,SHORT,-0.004
TSLA,2026-05-04,2026-05-04 09:41:00-04:00,LONG,-0.004
TSLA,2026-05-05,2026-05-05 09:31:00-04:00,LONG,0.0025
TSLA,2026-05-05,2026-05-05 09:33:00-04:00,LONG,0.0025
TSLA,2026-05-05,2026-05-05 09:34:00-04:00,LONG,-0.004
TSLA,2026-05-05,2026-05-05 09:41:00-04:00,LONG,-0.004
TSLA,2026-05-05,2026-05-05 09:42:00-04:00,LONG,-0.004
TSLA,2026-05-07,2026-05-07 09:30:00-04:00,LONG,-0.004
TSLA,2026-05-07,2026-05-07 09:31:00-04:00,LONG,-0.004
TSLA,2026-05-07,2026-05-07 09:34:00-04:00,LONG,0.0025
TSLA,2026-05-07,2026-05-07 09:35:00-04:00,LONG,-0.004
TSLA,2026-05-08,2026-05-08 09:30:00-04:00,LONG,-0.004
TSLA,2026-05-08,2026-05-08 09:33:00-04:00,LONG,-0.004
TSLA,2026-05-08,2026-05-08 09:34:00-04:00,LONG,-0.004
TSLA,2026-05-08,2026-05-08 09:45:00-04:00,LONG,0.0025
TSLA,2026-05-08,2026-05-08 09:52:00-04:00,LONG,-0.004
TSLA,2026-05-11,2026-05-11 09:35:00-04:00,SHORT,0.0025
TSLA,2026-05-11,2026-05-11 09:40:00-04:00,SHORT,-0.004
TSLA,2026-05-12,2026-05-12 09:41:00-04:00,LONG,0.0025
TSLA,2026-05-12,2026-05-12 09:42:00-04:00,LONG,-0.004
TSLA,2026-05-12,2026-05-12 09:43:00-04:00,LONG,-0.004
TSLA,2026-05-12,2026-05-12 10:28:00-04:00,SHORT,0.0025
TSLA,2026-05-12,2026-05-12 10:30:00-04:00,SHORT,-0.004
TSLA,2026-05-13,2026-05-13 09:30:00-04:00,LONG,-0.004
TSLA,2026-05-13,2026-05-13 09:34:00-04:00,LONG,-0.004
TSLA,2026-05-13,2026-05-13 09:38:00-04:00,SHORT,0.0025
TSLA,2026-05-13,2026-05-13 09:45:00-04:00,SHORT,0.0025
TSLA,2026-05-13,2026-05-13 10:10:00-04:00,LONG,0.0025
TSLA,2026-05-13,2026-05-13 10:13:00-04:00,LONG,-0.004
TSLA,2026-05-13,2026-05-13 10:30:00-04:00,LONG,0.006753041910770592
TSLA,2026-05-14,2026-05-14 09:30:00-04:00,SHORT,0.0025
TSLA,2026-05-14,2026-05-14 09:41:00-04:00,SHORT,-0.004
TSLA,2026-05-15,2026-05-15 09:30:00-04:00,SHORT,0.0025
TSLA,2026-05-15,2026-05-15 09:32:00-04:00,SHORT,0.0025
TSLA,2026-05-15,2026-05-15 09:45:00-04:00,SHORT,-0.004
TSLA,2026-05-18,2026-05-18 09:33:00-04:00,LONG,-0.004
TSLA,2026-05-18,2026-05-18 09:38:00-04:00,SHORT,0.0025
TSLA,2026-05-18,2026-05-18 09:44:00-04:00,SHORT,-0.004
TSLA,2026-05-19,2026-05-19 09:33:00-04:00,SHORT,-0.004
TSLA,2026-05-19,2026-05-19 09:46:00-04:00,SHORT,-0.004
TSLA,2026-05-20,2026-05-20 09:30:00-04:00,LONG,-0.004
TSLA,2026-05-20,2026-05-20 09:32:00-04:00,LONG,-0.004
TSLA,2026-05-20,2026-05-20 09:39:00-04:00,LONG,0.0025
TSLA,2026-05-20,2026-05-20 09:40:00-04:00,LONG,-0.004
TSLA,2026-05-20,2026-05-20 09:42:00-04:00,LONG,-0.004
TSLA,2026-05-21,2026-05-21 09:30:00-04:00,SHORT,-0.004
TSLA,2026-05-21,2026-05-21 09:34:00-04:00,LONG,-0.004
TSLA,2026-05-21,2026-05-21 09:37:00-04:00,LONG,-0.004
TSLA,2026-05-21,2026-05-21 10:20:00-04:00,SHORT,0.0025
TSLA,2026-05-22,2026-05-22 09:30:00-04:00,LONG,0.0025
TSLA,2026-05-22,2026-05-22 09:34:00-04:00,LONG,-0.004
TSLA,2026-05-22,2026-05-22 10:10:00-04:00,LONG,0.005925263232363694
TSLA,2026-05-26,2026-05-26 09:30:00-04:00,LONG,-0.004
TSLA,2026-05-26,2026-05-26 09:32:00-04:00,LONG,-0.004
TSLA,2026-05-27,2026-05-27 09:35:00-04:00,LONG,-0.004
TSLA,2026-05-27,2026-05-27 10:20:00-04:00,SHORT,-0.004
TSLA,2026-05-28,2026-05-28 09:39:00-04:00,LONG,-0.004
TSLA,2026-05-28,2026-05-28 10:12:00-04:00,LONG,0.0007267771973654172
TSLA,2026-05-29,2026-05-29 09:30:00-04:00,SHORT,-0.004
TSLA,2026-05-29,2026-05-29 09:34:00-04:00,SHORT,-0.004
TSLA,2026-05-29,2026-05-29 10:10:00-04:00,SHORT,0.007130483923052133
TSLA,2026-05-29,2026-05-29 10:13:00-04:00,SHORT,0.006064764694976016
TSLA,2026-06-01,2026-06-01 09:30:00-04:00,SHORT,-0.004
TSLA,2026-06-02,2026-06-02 10:10:00-04:00,LONG,0.005772433823026439
TSLA,2026-06-03,2026-06-03 09:30:00-04:00,SHORT,-0.004
TSLA,2026-06-03,2026-06-03 09:32:00-04:00,SHORT,-0.004
TSLA,2026-06-03,2026-06-03 09:36:00-04:00,LONG,0.01
TSLA,2026-06-03,2026-06-03 09:45:00-04:00,LONG,-0.004
TSLA,2026-06-03,2026-06-03 09:46:00-04:00,LONG,-0.004
TSLA,2026-06-03,2026-06-03 09:55:00-04:00,LONG,-0.004
TSLA,2026-06-03,2026-06-03 10:10:00-04:00,LONG,-0.004
TSLA,2026-06-04,2026-06-04 09:32:00-04:00,LONG,0.0025
TSLA,2026-06-04,2026-06-04 09:35:00-04:00,LONG,-0.004
TSLA,2026-06-04,2026-06-04 09:38:00-04:00,LONG,-0.004
TSLA,2026-06-05,2026-06-05 09:30:00-04:00,LONG,0.0025
TSLA,2026-06-05,2026-06-05 09:37:00-04:00,SHORT,0.01
TSLA,2026-06-05,2026-06-05 09:41:00-04:00,SHORT,0.008170802157055295
TSLA,2026-06-08,2026-06-08 09:30:00-04:00,LONG,-0.004
TSLA,2026-06-09,2026-06-09 09:34:00-04:00,LONG,0.0025
TSLA,2026-06-10,2026-06-10 09:31:00-04:00,LONG,-0.004
TSLA,2026-06-10,2026-06-10 09:35:00-04:00,LONG,0.0025
TSLA,2026-06-10,2026-06-10 09:36:00-04:00,LONG,-0.004
TSLA,2026-06-11,2026-06-11 09:31:00-04:00,SHORT,-0.004
TSLA,2026-06-11,2026-06-11 09:34:00-04:00,SHORT,-0.004
TSLA,2026-06-11,2026-06-11 10:01:00-04:00,LONG,-0.004
TSLA,2026-06-12,2026-06-12 09:31:00-04:00,SHORT,-0.004
TSLA,2026-06-12,2026-06-12 09:33:00-04:00,SHORT,-0.004
TSLA,2026-06-12,2026-06-12 09:36:00-04:00,LONG,-0.004
TSLA,2026-06-12,2026-06-12 10:22:00-04:00,SHORT,-0.004
AVGO,2025-12-12,2025-12-12 10:08:00-05:00,SHORT,-0.004
AVGO,2025-12-15,2025-12-15 09:32:00-05:00,SHORT,0.01
AVGO,2025-12-15,2025-12-15 09:33:00-05:00,SHORT,0.01
AVGO,2025-12-15,2025-12-15 09:35:00-05:00,SHORT,0.0025
AVGO,2025-12-15,2025-12-15 09:38:00-05:00,SHORT,0.0025
AVGO,2025-12-16,2025-12-16 09:31:00-05:00,LONG,-0.004
AVGO,2025-12-16,2025-12-16 09:33:00-05:00,LONG,0.0025
AVGO,2025-12-16,2025-12-16 09:36:00-05:00,LONG,-0.004
AVGO,2025-12-16,2025-12-16 10:08:00-05:00,SHORT,0.0025
AVGO,2025-12-16,2025-12-16 10:09:00-05:00,SHORT,-0.004
AVGO,2025-12-17,2025-12-17 09:32:00-05:00,SHORT,0.01
AVGO,2025-12-17,2025-12-17 09:35:00-05:00,SHORT,0.0025
AVGO,2025-12-17,2025-12-17 09:36:00-05:00,SHORT,0.01
AVGO,2025-12-17,2025-12-17 09:39:00-05:00,SHORT,0.0025
AVGO,2025-12-18,2025-12-18 09:33:00-05:00,SHORT,0.0025
AVGO,2025-12-18,2025-12-18 09:34:00-05:00,SHORT,-0.004
AVGO,2025-12-18,2025-12-18 10:04:00-05:00,SHORT,0.0025
AVGO,2025-12-19,2025-12-19 09:30:00-05:00,LONG,0.0025
AVGO,2025-12-22,2025-12-22 09:30:00-05:00,SHORT,0.0025
AVGO,2025-12-22,2025-12-22 09:33:00-05:00,SHORT,-0.004
AVGO,2025-12-23,2025-12-23 09:31:00-05:00,LONG,-0.004
AVGO,2025-12-23,2025-12-23 09:33:00-05:00,LONG,-0.004
AVGO,2025-12-24,2025-12-24 09:30:00-05:00,SHORT,-0.004
AVGO,2025-12-26,2025-12-26 09:30:00-05:00,SHORT,-0.004
AVGO,2025-12-26,2025-12-26 09:37:00-05:00,SHORT,-0.004
AVGO,2025-12-29,2025-12-29 09:30:00-05:00,SHORT,0.0025
AVGO,2025-12-29,2025-12-29 09:31:00-05:00,SHORT,-0.004
AVGO,2025-12-29,2025-12-29 09:36:00-05:00,LONG,-0.004
AVGO,2026-01-02,2026-01-02 09:31:00-05:00,LONG,-0.004
AVGO,2026-01-02,2026-01-02 09:33:00-05:00,LONG,0.01
AVGO,2026-01-02,2026-01-02 09:34:00-05:00,LONG,0.005789889027623883
AVGO,2026-01-05,2026-01-05 09:32:00-05:00,SHORT,0.01
AVGO,2026-01-05,2026-01-05 09:33:00-05:00,SHORT,0.0025
AVGO,2026-01-05,2026-01-05 09:34:00-05:00,SHORT,0.01
AVGO,2026-01-05,2026-01-05 09:35:00-05:00,SHORT,0.01
AVGO,2026-01-05,2026-01-05 09:38:00-05:00,SHORT,0.0025
AVGO,2026-01-05,2026-01-05 09:39:00-05:00,SHORT,0.0025
AVGO,2026-01-05,2026-01-05 09:40:00-05:00,SHORT,-0.004
AVGO,2026-01-06,2026-01-06 09:31:00-05:00,SHORT,0.0025
AVGO,2026-01-07,2026-01-07 09:30:00-05:00,SHORT,0.0025
AVGO,2026-01-07,2026-01-07 10:28:00-05:00,LONG,-0.004
AVGO,2026-01-08,2026-01-08 09:35:00-05:00,SHORT,0.01
AVGO,2026-01-08,2026-01-08 09:41:00-05:00,SHORT,0.0074089748158707655
AVGO,2026-01-08,2026-01-08 09:47:00-05:00,SHORT,0.005047903567064964
AVGO,2026-01-09,2026-01-09 09:30:00-05:00,SHORT,-0.004
AVGO,2026-01-09,2026-01-09 10:22:00-05:00,LONG,0.0055220344453246525
AVGO,2026-01-12,2026-01-12 09:30:00-05:00,LONG,0.0025
AVGO,2026-01-12,2026-01-12 09:31:00-05:00,LONG,-0.004
AVGO,2026-01-12,2026-01-12 09:34:00-05:00,LONG,-0.004
AVGO,2026-01-12,2026-01-12 09:36:00-05:00,LONG,-0.004
AVGO,2026-01-13,2026-01-13 09:30:00-05:00,LONG,-0.004
AVGO,2026-01-14,2026-01-14 09:31:00-05:00,SHORT,-0.004
AVGO,2026-01-14,2026-01-14 09:35:00-05:00,SHORT,0.0025
AVGO,2026-01-14,2026-01-14 09:36:00-05:00,SHORT,0.01
AVGO,2026-01-14,2026-01-14 10:00:00-05:00,SHORT,-0.004
AVGO,2026-01-14,2026-01-14 10:23:00-05:00,SHORT,0.003614341800363077
AVGO,2026-01-15,2026-01-15 09:30:00-05:00,SHORT,0.0025
AVGO,2026-01-20,2026-01-20 09:32:00-05:00,SHORT,-0.004
AVGO,2026-01-20,2026-01-20 09:40:00-05:00,SHORT,-0.004
AVGO,2026-01-21,2026-01-21 09:30:00-05:00,SHORT,0.0025
AVGO,2026-01-21,2026-01-21 09:31:00-05:00,SHORT,0.0025
AVGO,2026-01-21,2026-01-21 09:32:00-05:00,SHORT,-0.004
AVGO,2026-01-21,2026-01-21 09:40:00-05:00,SHORT,-0.004
AVGO,2026-01-22,2026-01-22 10:00:00-05:00,SHORT,0.003571855472000701
AVGO,2026-01-23,2026-01-23 09:32:00-05:00,SHORT,-0.004
AVGO,2026-01-23,2026-01-23 09:35:00-05:00,SHORT,-0.004
AVGO,2026-01-23,2026-01-23 09:37:00-05:00,SHORT,-0.004
AVGO,2026-01-26,2026-01-26 09:31:00-05:00,LONG,0.01
AVGO,2026-01-26,2026-01-26 09:32:00-05:00,LONG,0.01
AVGO,2026-01-26,2026-01-26 09:33:00-05:00,LONG,0.0025
AVGO,2026-01-26,2026-01-26 09:35:00-05:00,LONG,-0.004
AVGO,2026-01-26,2026-01-26 09:36:00-05:00,LONG,-0.004
AVGO,2026-01-26,2026-01-26 09:42:00-05:00,LONG,0.0025
AVGO,2026-01-27,2026-01-27 09:30:00-05:00,SHORT,-0.004
AVGO,2026-01-27,2026-01-27 09:36:00-05:00,SHORT,-0.004
AVGO,2026-01-28,2026-01-28 09:33:00-05:00,SHORT,0.0025
AVGO,2026-01-28,2026-01-28 09:35:00-05:00,SHORT,-0.004
AVGO,2026-01-28,2026-01-28 10:00:00-05:00,SHORT,0.003709476944562453
AVGO,2026-01-29,2026-01-29 09:30:00-05:00,LONG,-0.004
AVGO,2026-01-30,2026-01-30 09:33:00-05:00,LONG,0.0025
AVGO,2026-01-30,2026-01-30 09:34:00-05:00,LONG,-0.004
AVGO,2026-01-30,2026-01-30 09:35:00-05:00,LONG,-0.004
AVGO,2026-01-30,2026-01-30 09:40:00-05:00,LONG,-0.004
AVGO,2026-02-02,2026-02-02 09:30:00-05:00,LONG,0.0025
AVGO,2026-02-02,2026-02-02 09:31:00-05:00,LONG,-0.004
AVGO,2026-02-03,2026-02-03 09:35:00-05:00,LONG,-0.004
AVGO,2026-02-03,2026-02-03 10:22:00-05:00,SHORT,-0.004
AVGO,2026-02-03,2026-02-03 10:24:00-05:00,SHORT,-0.004
AVGO,2026-02-04,2026-02-04 09:30:00-05:00,SHORT,0.0025
AVGO,2026-02-04,2026-02-04 09:31:00-05:00,SHORT,-0.004
AVGO,2026-02-04,2026-02-04 10:00:00-05:00,SHORT,0.0025
AVGO,2026-02-05,2026-02-05 09:30:00-05:00,SHORT,-0.004
AVGO,2026-02-05,2026-02-05 09:32:00-05:00,SHORT,0.0025
AVGO,2026-02-05,2026-02-05 09:33:00-05:00,SHORT,-0.004
AVGO,2026-02-05,2026-02-05 09:37:00-05:00,LONG,0.0025
AVGO,2026-02-05,2026-02-05 09:38:00-05:00,LONG,0.0025
AVGO,2026-02-05,2026-02-05 09:39:00-05:00,LONG,0.0025
AVGO,2026-02-05,2026-02-05 09:40:00-05:00,LONG,-0.004
AVGO,2026-02-06,2026-02-06 09:31:00-05:00,SHORT,-0.004
AVGO,2026-02-06,2026-02-06 09:38:00-05:00,LONG,-0.004
AVGO,2026-02-06,2026-02-06 09:39:00-05:00,LONG,-0.004
AVGO,2026-02-06,2026-02-06 10:21:00-05:00,LONG,-0.004
AVGO,2026-02-09,2026-02-09 09:30:00-05:00,LONG,-0.004
AVGO,2026-02-09,2026-02-09 09:33:00-05:00,LONG,-0.004
AVGO,2026-02-09,2026-02-09 09:36:00-05:00,LONG,0.0025
AVGO,2026-02-09,2026-02-09 09:39:00-05:00,LONG,0.01
AVGO,2026-02-09,2026-02-09 09:40:00-05:00,LONG,0.0025
AVGO,2026-02-09,2026-02-09 09:41:00-05:00,LONG,0.0025
AVGO,2026-02-09,2026-02-09 09:42:00-05:00,LONG,0.0025
AVGO,2026-02-10,2026-02-10 09:31:00-05:00,SHORT,-0.004
AVGO,2026-02-10,2026-02-10 09:33:00-05:00,SHORT,-0.004
AVGO,2026-02-10,2026-02-10 09:36:00-05:00,SHORT,0.0025
AVGO,2026-02-10,2026-02-10 09:37:00-05:00,SHORT,-0.004
AVGO,2026-02-11,2026-02-11 09:31:00-05:00,LONG,-0.004
AVGO,2026-02-11,2026-02-11 10:02:00-05:00,SHORT,0.01
AVGO,2026-02-11,2026-02-11 10:13:00-05:00,SHORT,0.0025
AVGO,2026-02-12,2026-02-12 09:30:00-05:00,LONG,-0.004
AVGO,2026-02-12,2026-02-12 10:04:00-05:00,SHORT,-0.004
AVGO,2026-02-13,2026-02-13 09:30:00-05:00,LONG,-0.004
AVGO,2026-02-13,2026-02-13 09:32:00-05:00,LONG,-0.004
AVGO,2026-02-13,2026-02-13 09:35:00-05:00,LONG,-0.004
AVGO,2026-02-13,2026-02-13 09:37:00-05:00,SHORT,-0.004
AVGO,2026-02-13,2026-02-13 10:14:00-05:00,SHORT,-0.004
AVGO,2026-02-17,2026-02-17 09:30:00-05:00,SHORT,-0.004
AVGO,2026-02-17,2026-02-17 09:32:00-05:00,SHORT,-0.004
AVGO,2026-02-17,2026-02-17 09:35:00-05:00,LONG,0.0025
AVGO,2026-02-17,2026-02-17 09:36:00-05:00,LONG,-0.004
AVGO,2026-02-18,2026-02-18 09:30:00-05:00,SHORT,-0.004
AVGO,2026-02-19,2026-02-19 09:31:00-05:00,LONG,-0.004
AVGO,2026-02-19,2026-02-19 09:50:00-05:00,LONG,0.003637952568990634
AVGO,2026-02-19,2026-02-19 09:52:00-05:00,LONG,-0.004
AVGO,2026-02-20,2026-02-20 10:01:00-05:00,LONG,-0.004
AVGO,2026-02-23,2026-02-23 09:30:00-05:00,LONG,0.0025
AVGO,2026-02-23,2026-02-23 09:32:00-05:00,LONG,0.0025
AVGO,2026-02-23,2026-02-23 09:34:00-05:00,LONG,0.0025
AVGO,2026-02-23,2026-02-23 10:16:00-05:00,LONG,-0.004
AVGO,2026-02-24,2026-02-24 09:30:00-05:00,SHORT,0.0025
AVGO,2026-02-24,2026-02-24 09:31:00-05:00,SHORT,-0.004
AVGO,2026-02-24,2026-02-24 09:36:00-05:00,SHORT,-0.004
AVGO,2026-02-24,2026-02-24 09:37:00-05:00,SHORT,-0.004
AVGO,2026-02-25,2026-02-25 09:30:00-05:00,LONG,0.0025
AVGO,2026-02-25,2026-02-25 09:31:00-05:00,LONG,-0.004
AVGO,2026-02-26,2026-02-26 09:30:00-05:00,SHORT,-0.004
AVGO,2026-02-26,2026-02-26 09:32:00-05:00,SHORT,0.0025
AVGO,2026-02-26,2026-02-26 09:40:00-05:00,SHORT,-0.004
AVGO,2026-02-26,2026-02-26 10:16:00-05:00,SHORT,0.0047836538461538645
AVGO,2026-02-27,2026-02-27 09:35:00-05:00,SHORT,-0.004
AVGO,2026-03-02,2026-03-02 09:35:00-05:00,LONG,0.0025
AVGO,2026-03-02,2026-03-02 10:13:00-05:00,LONG,-0.004
AVGO,2026-03-03,2026-03-03 09:30:00-05:00,SHORT,-0.004
AVGO,2026-03-04,2026-03-04 09:30:00-05:00,SHORT,0.0025
AVGO,2026-03-04,2026-03-04 10:00:00-05:00,LONG,0.008183870056053644
AVGO,2026-03-04,2026-03-04 10:12:00-05:00,LONG,0.004595083145774658
AVGO,2026-03-05,2026-03-05 09:30:00-05:00,SHORT,-0.004
AVGO,2026-03-05,2026-03-05 09:32:00-05:00,SHORT,0.0025
AVGO,2026-03-05,2026-03-05 09:34:00-05:00,SHORT,0.0025
AVGO,2026-03-05,2026-03-05 10:03:00-05:00,LONG,-0.004
AVGO,2026-03-06,2026-03-06 09:30:00-05:00,LONG,-0.004
AVGO,2026-03-06,2026-03-06 09:40:00-05:00,LONG,0.01
AVGO,2026-03-06,2026-03-06 09:41:00-05:00,LONG,0.0025
AVGO,2026-03-09,2026-03-09 09:31:00-04:00,LONG,0.0025
AVGO,2026-03-09,2026-03-09 09:32:00-04:00,LONG,-0.004
AVGO,2026-03-09,2026-03-09 09:38:00-04:00,LONG,-0.004
AVGO,2026-03-10,2026-03-10 09:30:00-04:00,LONG,0.0025
AVGO,2026-03-10,2026-03-10 09:32:00-04:00,LONG,-0.004
AVGO,2026-03-11,2026-03-11 10:00:00-04:00,LONG,-0.004
AVGO,2026-03-12,2026-03-12 09:46:00-04:00,SHORT,-0.004
AVGO,2026-03-12,2026-03-12 09:52:00-04:00,SHORT,0.0025
AVGO,2026-03-13,2026-03-13 09:33:00-04:00,SHORT,0.0025
AVGO,2026-03-13,2026-03-13 09:34:00-04:00,SHORT,0.0025
AVGO,2026-03-13,2026-03-13 09:35:00-04:00,SHORT,-0.004
AVGO,2026-03-16,2026-03-16 09:30:00-04:00,SHORT,-0.004
AVGO,2026-03-16,2026-03-16 09:35:00-04:00,LONG,-0.004
AVGO,2026-03-17,2026-03-17 09:31:00-04:00,LONG,-0.004
AVGO,2026-03-17,2026-03-17 09:39:00-04:00,SHORT,0.006593126317571245
AVGO,2026-03-17,2026-03-17 10:02:00-04:00,SHORT,-0.004
AVGO,2026-03-18,2026-03-18 09:30:00-04:00,LONG,0.0025
AVGO,2026-03-18,2026-03-18 09:32:00-04:00,LONG,-0.004
AVGO,2026-03-19,2026-03-19 09:30:00-04:00,SHORT,0.0025
AVGO,2026-03-19,2026-03-19 10:11:00-04:00,LONG,-0.004
AVGO,2026-03-23,2026-03-23 09:31:00-04:00,LONG,0.01
AVGO,2026-03-23,2026-03-23 09:32:00-04:00,LONG,0.0025
AVGO,2026-03-23,2026-03-23 09:33:00-04:00,LONG,-0.004
AVGO,2026-03-24,2026-03-24 09:30:00-04:00,LONG,0.0025
AVGO,2026-03-24,2026-03-24 09:31:00-04:00,LONG,-0.004
AVGO,2026-03-24,2026-03-24 09:40:00-04:00,SHORT,0.00447382907112084
AVGO,2026-03-25,2026-03-25 09:33:00-04:00,SHORT,-0.004
AVGO,2026-03-26,2026-03-26 09:30:00-04:00,SHORT,0.0025
AVGO,2026-03-26,2026-03-26 09:40:00-04:00,SHORT,-0.004
AVGO,2026-03-26,2026-03-26 10:12:00-04:00,LONG,-0.004
AVGO,2026-03-27,2026-03-27 09:33:00-04:00,SHORT,0.0025
AVGO,2026-03-30,2026-03-30 09:57:00-04:00,SHORT,-0.004
AVGO,2026-03-31,2026-03-31 09:31:00-04:00,LONG,-0.004
AVGO,2026-03-31,2026-03-31 09:33:00-04:00,LONG,0.0025
AVGO,2026-04-01,2026-04-01 09:30:00-04:00,SHORT,-0.004
AVGO,2026-04-02,2026-04-02 09:30:00-04:00,LONG,0.0025
AVGO,2026-04-02,2026-04-02 09:31:00-04:00,LONG,-0.004
AVGO,2026-04-06,2026-04-06 09:34:00-04:00,SHORT,0.0025
AVGO,2026-04-06,2026-04-06 09:35:00-04:00,SHORT,0.0025
AVGO,2026-04-06,2026-04-06 09:36:00-04:00,SHORT,-0.004
AVGO,2026-04-08,2026-04-08 09:32:00-04:00,LONG,0.0025
AVGO,2026-04-08,2026-04-08 09:34:00-04:00,LONG,-0.004
AVGO,2026-04-09,2026-04-09 09:31:00-04:00,LONG,0.004914398595259058
AVGO,2026-04-09,2026-04-09 09:35:00-04:00,LONG,0.0025
AVGO,2026-04-09,2026-04-09 09:36:00-04:00,LONG,-0.004
AVGO,2026-04-10,2026-04-10 09:30:00-04:00,LONG,0.0025
AVGO,2026-04-10,2026-04-10 09:31:00-04:00,LONG,0.01
AVGO,2026-04-10,2026-04-10 09:32:00-04:00,LONG,0.0025
AVGO,2026-04-10,2026-04-10 09:33:00-04:00,LONG,-0.004
AVGO,2026-04-10,2026-04-10 10:30:00-04:00,LONG,-0.004
AVGO,2026-04-13,2026-04-13 09:30:00-04:00,LONG,0.0025
AVGO,2026-04-13,2026-04-13 09:32:00-04:00,LONG,-0.004
AVGO,2026-04-13,2026-04-13 09:35:00-04:00,LONG,-0.004
AVGO,2026-04-14,2026-04-14 09:31:00-04:00,LONG,-0.004
AVGO,2026-04-15,2026-04-15 09:30:00-04:00,SHORT,-0.004
AVGO,2026-04-15,2026-04-15 09:33:00-04:00,LONG,-0.004
AVGO,2026-04-15,2026-04-15 10:23:00-04:00,LONG,-0.0020717010686945583
AVGO,2026-04-16,2026-04-16 09:44:00-04:00,LONG,-0.004
AVGO,2026-04-20,2026-04-20 10:08:00-04:00,SHORT,-0.0013525021289385877
AVGO,2026-04-22,2026-04-22 10:00:00-04:00,LONG,0.00569305113775387
AVGO,2026-04-22,2026-04-22 10:20:00-04:00,LONG,0.006347839851931187
AVGO,2026-04-23,2026-04-23 09:32:00-04:00,LONG,0.01
AVGO,2026-04-23,2026-04-23 09:33:00-04:00,LONG,0.006667357279852295
AVGO,2026-04-24,2026-04-24 09:30:00-04:00,SHORT,0.01
AVGO,2026-04-24,2026-04-24 09:35:00-04:00,SHORT,0.01
AVGO,2026-04-24,2026-04-24 09:36:00-04:00,SHORT,0.01
AVGO,2026-04-24,2026-04-24 09:40:00-04:00,SHORT,0.01
AVGO,2026-04-24,2026-04-24 09:51:00-04:00,SHORT,0.0025
AVGO,2026-04-27,2026-04-27 09:31:00-04:00,SHORT,0.0025
AVGO,2026-04-27,2026-04-27 09:35:00-04:00,SHORT,-0.004
AVGO,2026-04-27,2026-04-27 09:50:00-04:00,SHORT,0.0025
AVGO,2026-04-28,2026-04-28 09:33:00-04:00,SHORT,-0.004
AVGO,2026-04-28,2026-04-28 09:35:00-04:00,LONG,0.0025
AVGO,2026-04-28,2026-04-28 09:36:00-04:00,LONG,-0.004
AVGO,2026-04-29,2026-04-29 09:33:00-04:00,SHORT,-0.004
AVGO,2026-04-30,2026-04-30 09:31:00-04:00,LONG,0.0025
AVGO,2026-05-01,2026-05-01 09:30:00-04:00,SHORT,-0.004
AVGO,2026-05-01,2026-05-01 09:34:00-04:00,LONG,0.00572901297034515
AVGO,2026-05-01,2026-05-01 09:36:00-04:00,LONG,0.0037640415941234016
AVGO,2026-05-04,2026-05-04 09:41:00-04:00,LONG,-0.004
AVGO,2026-05-04,2026-05-04 10:17:00-04:00,SHORT,0.004600439182738198
AVGO,2026-05-04,2026-05-04 10:29:00-04:00,SHORT,-0.004
AVGO,2026-05-05,2026-05-05 09:30:00-04:00,LONG,-0.004
AVGO,2026-05-05,2026-05-05 09:46:00-04:00,LONG,-0.004
AVGO,2026-05-05,2026-05-05 10:13:00-04:00,SHORT,-0.004
AVGO,2026-05-06,2026-05-06 09:30:00-04:00,SHORT,-0.004
AVGO,2026-05-06,2026-05-06 09:33:00-04:00,SHORT,0.01
AVGO,2026-05-06,2026-05-06 10:02:00-04:00,SHORT,0.01
AVGO,2026-05-06,2026-05-06 10:17:00-04:00,SHORT,-0.004
AVGO,2026-05-07,2026-05-07 09:30:00-04:00,SHORT,0.005013700262091986
AVGO,2026-05-07,2026-05-07 09:31:00-04:00,SHORT,-0.004
AVGO,2026-05-08,2026-05-08 09:30:00-04:00,SHORT,-0.004
AVGO,2026-05-08,2026-05-08 09:36:00-04:00,LONG,0.0025
AVGO,2026-05-08,2026-05-08 09:38:00-04:00,LONG,-0.004
AVGO,2026-05-08,2026-05-08 09:41:00-04:00,LONG,-0.004
AVGO,2026-05-11,2026-05-11 09:30:00-04:00,LONG,-0.004
AVGO,2026-05-11,2026-05-11 09:36:00-04:00,LONG,0.0025
AVGO,2026-05-12,2026-05-12 09:30:00-04:00,SHORT,-0.004
AVGO,2026-05-12,2026-05-12 09:38:00-04:00,LONG,0.0025
AVGO,2026-05-12,2026-05-12 09:46:00-04:00,LONG,-0.004
AVGO,2026-05-12,2026-05-12 10:30:00-04:00,SHORT,0.006089962323167665
AVGO,2026-05-13,2026-05-13 09:30:00-04:00,SHORT,0.01
AVGO,2026-05-13,2026-05-13 09:31:00-04:00,SHORT,0.0025
AVGO,2026-05-13,2026-05-13 09:35:00-04:00,SHORT,-0.004
AVGO,2026-05-14,2026-05-14 09:30:00-04:00,LONG,0.0025
AVGO,2026-05-14,2026-05-14 09:31:00-04:00,LONG,0.01
AVGO,2026-05-14,2026-05-14 09:33:00-04:00,LONG,0.0025
AVGO,2026-05-14,2026-05-14 09:34:00-04:00,LONG,0.0025
AVGO,2026-05-14,2026-05-14 09:35:00-04:00,LONG,0.0025
AVGO,2026-05-14,2026-05-14 09:37:00-04:00,LONG,-0.004
AVGO,2026-05-15,2026-05-15 09:31:00-04:00,SHORT,0.0025
AVGO,2026-05-18,2026-05-18 09:31:00-04:00,SHORT,-0.004
AVGO,2026-05-18,2026-05-18 10:00:00-04:00,SHORT,-0.004
AVGO,2026-05-19,2026-05-19 09:34:00-04:00,SHORT,-0.004
AVGO,2026-05-19,2026-05-19 09:35:00-04:00,LONG,0.0025
AVGO,2026-05-20,2026-05-20 09:32:00-04:00,SHORT,-0.004
AVGO,2026-05-20,2026-05-20 10:14:00-04:00,LONG,0.0060646558966850235
AVGO,2026-05-20,2026-05-20 10:16:00-04:00,LONG,-0.004
AVGO,2026-05-21,2026-05-21 09:40:00-04:00,LONG,-0.004
AVGO,2026-05-21,2026-05-21 10:20:00-04:00,SHORT,0.0021893946684630166
AVGO,2026-05-22,2026-05-22 10:02:00-04:00,SHORT,0.006280101929905069
AVGO,2026-05-26,2026-05-26 09:30:00-04:00,LONG,0.0025
AVGO,2026-05-26,2026-05-26 09:31:00-04:00,LONG,-0.004
AVGO,2026-05-26,2026-05-26 09:34:00-04:00,LONG,-0.004
AVGO,2026-05-27,2026-05-27 10:20:00-04:00,SHORT,0.0025
AVGO,2026-05-28,2026-05-28 09:31:00-04:00,LONG,-0.004
AVGO,2026-05-29,2026-05-29 09:31:00-04:00,LONG,-0.004
AVGO,2026-05-29,2026-05-29 09:33:00-04:00,LONG,-0.004
AVGO,2026-05-29,2026-05-29 09:35:00-04:00,LONG,0.01
AVGO,2026-05-29,2026-05-29 09:38:00-04:00,LONG,0.01
AVGO,2026-06-01,2026-06-01 09:30:00-04:00,SHORT,-0.004
AVGO,2026-06-02,2026-06-02 09:30:00-04:00,SHORT,-0.004
AVGO,2026-06-02,2026-06-02 09:33:00-04:00,SHORT,-0.004
AVGO,2026-06-02,2026-06-02 09:35:00-04:00,SHORT,-0.004
AVGO,2026-06-02,2026-06-02 10:12:00-04:00,SHORT,-0.004
AVGO,2026-06-03,2026-06-03 09:30:00-04:00,SHORT,-0.004
AVGO,2026-06-03,2026-06-03 09:33:00-04:00,SHORT,0.01
AVGO,2026-06-03,2026-06-03 09:34:00-04:00,SHORT,0.0025
AVGO,2026-06-03,2026-06-03 09:35:00-04:00,SHORT,0.0025
AVGO,2026-06-03,2026-06-03 10:23:00-04:00,SHORT,-0.004
AVGO,2026-06-04,2026-06-04 09:31:00-04:00,SHORT,-0.004
AVGO,2026-06-05,2026-06-05 09:30:00-04:00,SHORT,-0.004
AVGO,2026-06-05,2026-06-05 09:36:00-04:00,SHORT,-0.004
AVGO,2026-06-05,2026-06-05 09:37:00-04:00,SHORT,-0.004
AVGO,2026-06-05,2026-06-05 10:12:00-04:00,SHORT,-0.004
AVGO,2026-06-09,2026-06-09 09:31:00-04:00,SHORT,-0.004
AVGO,2026-06-09,2026-06-09 09:43:00-04:00,LONG,0.0025
AVGO,2026-06-10,2026-06-10 09:31:00-04:00,SHORT,0.0025
AVGO,2026-06-10,2026-06-10 09:33:00-04:00,SHORT,0.0025
AVGO,2026-06-10,2026-06-10 09:34:00-04:00,SHORT,-0.004
AVGO,2026-06-10,2026-06-10 09:39:00-04:00,SHORT,0.0025
AVGO,2026-06-10,2026-06-10 09:41:00-04:00,SHORT,-0.004
AVGO,2026-06-11,2026-06-11 09:32:00-04:00,SHORT,-0.004
AVGO,2026-06-11,2026-06-11 09:37:00-04:00,LONG,-0.004
AVGO,2026-06-11,2026-06-11 09:52:00-04:00,LONG,-0.004
AVGO,2026-06-12,2026-06-12 09:30:00-04:00,SHORT,0.0025
AVGO,2026-06-12,2026-06-12 09:32:00-04:00,SHORT,-0.004
MU,2025-12-15,2025-12-15 09:30:00-05:00,LONG,-0.004
MU,2025-12-15,2025-12-15 09:32:00-05:00,LONG,-0.004
MU,2025-12-16,2025-12-16 09:30:00-05:00,LONG,-0.004
MU,2025-12-16,2025-12-16 09:43:00-05:00,SHORT,-0.004
MU,2025-12-16,2025-12-16 09:59:00-05:00,LONG,-0.004
MU,2025-12-17,2025-12-17 09:31:00-05:00,SHORT,-0.004
MU,2025-12-17,2025-12-17 09:33:00-05:00,SHORT,0.0025
MU,2025-12-17,2025-12-17 09:54:00-05:00,SHORT,-0.004
MU,2025-12-18,2025-12-18 09:32:00-05:00,LONG,0.0025
MU,2025-12-18,2025-12-18 09:33:00-05:00,LONG,-0.004
MU,2025-12-18,2025-12-18 09:35:00-05:00,LONG,-0.004
MU,2025-12-19,2025-12-19 09:30:00-05:00,LONG,0.0025
MU,2025-12-19,2025-12-19 09:31:00-05:00,LONG,0.0025
MU,2025-12-19,2025-12-19 09:32:00-05:00,LONG,0.0025
MU,2025-12-19,2025-12-19 09:34:00-05:00,LONG,-0.004
MU,2025-12-19,2025-12-19 09:35:00-05:00,LONG,-0.004
MU,2025-12-19,2025-12-19 09:43:00-05:00,LONG,0.0025
MU,2025-12-22,2025-12-22 09:32:00-05:00,SHORT,0.0025
MU,2025-12-22,2025-12-22 09:35:00-05:00,SHORT,-0.004
MU,2025-12-22,2025-12-22 09:39:00-05:00,SHORT,-0.004
MU,2025-12-23,2025-12-23 09:30:00-05:00,LONG,0.0025
MU,2025-12-23,2025-12-23 09:33:00-05:00,LONG,-0.004
MU,2025-12-23,2025-12-23 09:36:00-05:00,LONG,-0.004
MU,2025-12-23,2025-12-23 10:27:00-05:00,SHORT,-0.004
MU,2025-12-24,2025-12-24 09:30:00-05:00,LONG,-0.004
MU,2025-12-24,2025-12-24 09:32:00-05:00,LONG,0.0025
MU,2025-12-24,2025-12-24 09:33:00-05:00,LONG,0.01
MU,2025-12-24,2025-12-24 09:35:00-05:00,LONG,0.01
MU,2025-12-24,2025-12-24 09:37:00-05:00,LONG,-0.004
MU,2025-12-24,2025-12-24 09:41:00-05:00,LONG,0.0025
MU,2025-12-24,2025-12-24 09:42:00-05:00,LONG,-0.004
MU,2025-12-24,2025-12-24 09:43:00-05:00,LONG,-0.004
MU,2025-12-24,2025-12-24 10:07:00-05:00,LONG,-0.004
MU,2025-12-24,2025-12-24 10:08:00-05:00,LONG,-0.004
MU,2025-12-26,2025-12-26 09:30:00-05:00,SHORT,0.0025
MU,2025-12-26,2025-12-26 09:31:00-05:00,SHORT,0.0025
MU,2025-12-26,2025-12-26 09:36:00-05:00,SHORT,0.0025
MU,2025-12-29,2025-12-29 09:31:00-05:00,SHORT,-0.004
MU,2025-12-29,2025-12-29 09:32:00-05:00,LONG,0.0025
MU,2025-12-29,2025-12-29 09:36:00-05:00,LONG,0.0025
MU,2025-12-30,2025-12-30 09:30:00-05:00,SHORT,-0.004
MU,2025-12-30,2025-12-30 10:27:00-05:00,SHORT,-0.004
MU,2025-12-31,2025-12-31 09:30:00-05:00,SHORT,0.0025
MU,2025-12-31,2025-12-31 09:31:00-05:00,SHORT,0.007433416131925781
MU,2025-12-31,2025-12-31 09:36:00-05:00,SHORT,0.0025
MU,2025-12-31,2025-12-31 09:39:00-05:00,SHORT,-0.004
MU,2025-12-31,2025-12-31 10:07:00-05:00,SHORT,0.0025
MU,2025-12-31,2025-12-31 10:10:00-05:00,SHORT,-0.004
MU,2026-01-02,2026-01-02 09:30:00-05:00,LONG,0.0025
MU,2026-01-02,2026-01-02 09:31:00-05:00,LONG,-0.004
MU,2026-01-05,2026-01-05 09:30:00-05:00,SHORT,0.0025
MU,2026-01-05,2026-01-05 09:31:00-05:00,SHORT,-0.004
MU,2026-01-05,2026-01-05 09:34:00-05:00,SHORT,0.0025
MU,2026-01-05,2026-01-05 09:35:00-05:00,SHORT,-0.004
MU,2026-01-05,2026-01-05 09:37:00-05:00,SHORT,-0.004
MU,2026-01-06,2026-01-06 09:30:00-05:00,LONG,0.0025
MU,2026-01-06,2026-01-06 09:31:00-05:00,LONG,0.0025
MU,2026-01-06,2026-01-06 09:33:00-05:00,LONG,-0.004
MU,2026-01-07,2026-01-07 09:32:00-05:00,LONG,-0.004
MU,2026-01-07,2026-01-07 10:00:00-05:00,SHORT,-0.004
MU,2026-01-08,2026-01-08 09:42:00-05:00,SHORT,-0.004
MU,2026-01-08,2026-01-08 09:59:00-05:00,SHORT,-0.004
MU,2026-01-08,2026-01-08 10:00:00-05:00,SHORT,-0.004
MU,2026-01-09,2026-01-09 09:30:00-05:00,SHORT,0.0025
MU,2026-01-09,2026-01-09 09:31:00-05:00,SHORT,-0.004
MU,2026-01-09,2026-01-09 09:36:00-05:00,LONG,-0.004
MU,2026-01-09,2026-01-09 09:42:00-05:00,LONG,0.0025
MU,2026-01-12,2026-01-12 09:31:00-05:00,LONG,-0.004
MU,2026-01-12,2026-01-12 09:34:00-05:00,LONG,0.0025
MU,2026-01-12,2026-01-12 09:35:00-05:00,LONG,0.0025
MU,2026-01-12,2026-01-12 09:37:00-05:00,LONG,0.0025
MU,2026-01-12,2026-01-12 09:38:00-05:00,LONG,-0.004
MU,2026-01-13,2026-01-13 09:30:00-05:00,LONG,-0.004
MU,2026-01-13,2026-01-13 09:36:00-05:00,SHORT,0.0025
MU,2026-01-13,2026-01-13 09:37:00-05:00,SHORT,-0.004
MU,2026-01-13,2026-01-13 10:06:00-05:00,SHORT,0.0038067097342533935
MU,2026-01-13,2026-01-13 10:08:00-05:00,SHORT,-0.004
MU,2026-01-14,2026-01-14 09:31:00-05:00,SHORT,-0.004
MU,2026-01-14,2026-01-14 09:35:00-05:00,SHORT,0.0025
MU,2026-01-14,2026-01-14 09:36:00-05:00,SHORT,-0.004
MU,2026-01-15,2026-01-15 09:35:00-05:00,SHORT,-0.004
MU,2026-01-15,2026-01-15 09:44:00-05:00,LONG,-0.004
MU,2026-01-15,2026-01-15 10:25:00-05:00,SHORT,-0.004
MU,2026-01-15,2026-01-15 10:28:00-05:00,SHORT,-0.004
MU,2026-01-16,2026-01-16 09:30:00-05:00,LONG,0.0025
MU,2026-01-16,2026-01-16 09:31:00-05:00,LONG,-0.004
MU,2026-01-16,2026-01-16 09:33:00-05:00,LONG,-0.004
MU,2026-01-16,2026-01-16 09:36:00-05:00,LONG,0.0025
MU,2026-01-16,2026-01-16 09:37:00-05:00,LONG,0.0025
MU,2026-01-16,2026-01-16 09:40:00-05:00,LONG,-0.004
MU,2026-01-16,2026-01-16 10:29:00-05:00,SHORT,-0.004
MU,2026-01-20,2026-01-20 09:30:00-05:00,LONG,-0.004
MU,2026-01-20,2026-01-20 09:33:00-05:00,LONG,0.0025
MU,2026-01-20,2026-01-20 09:34:00-05:00,LONG,-0.004
MU,2026-01-20,2026-01-20 09:37:00-05:00,LONG,0.0025
MU,2026-01-21,2026-01-21 09:30:00-05:00,SHORT,0.0025
MU,2026-01-21,2026-01-21 09:31:00-05:00,SHORT,0.0025
MU,2026-01-21,2026-01-21 09:38:00-05:00,LONG,-0.004
MU,2026-01-21,2026-01-21 09:43:00-05:00,LONG,-0.004
MU,2026-01-21,2026-01-21 10:30:00-05:00,LONG,0.0025
MU,2026-01-22,2026-01-22 09:30:00-05:00,SHORT,0.01
MU,2026-01-22,2026-01-22 09:31:00-05:00,SHORT,0.01
MU,2026-01-22,2026-01-22 09:33:00-05:00,SHORT,0.0025
MU,2026-01-22,2026-01-22 09:34:00-05:00,SHORT,0.0025
MU,2026-01-22,2026-01-22 09:35:00-05:00,SHORT,0.0025
MU,2026-01-22,2026-01-22 09:36:00-05:00,SHORT,-0.004
MU,2026-01-22,2026-01-22 09:38:00-05:00,SHORT,-0.004
MU,2026-01-23,2026-01-23 09:35:00-05:00,SHORT,-0.004
MU,2026-01-23,2026-01-23 09:55:00-05:00,LONG,0.01
MU,2026-01-23,2026-01-23 09:58:00-05:00,LONG,0.0025
MU,2026-01-23,2026-01-23 09:59:00-05:00,LONG,0.01
MU,2026-01-23,2026-01-23 10:22:00-05:00,LONG,-0.004
MU,2026-01-26,2026-01-26 09:30:00-05:00,SHORT,-0.004
MU,2026-01-26,2026-01-26 09:32:00-05:00,SHORT,-0.004
MU,2026-01-26,2026-01-26 09:38:00-05:00,SHORT,-0.004
MU,2026-01-26,2026-01-26 10:00:00-05:00,LONG,-0.004
MU,2026-01-26,2026-01-26 10:25:00-05:00,SHORT,-0.004
MU,2026-01-27,2026-01-27 09:30:00-05:00,LONG,-0.004
MU,2026-01-28,2026-01-28 09:30:00-05:00,SHORT,-0.004
MU,2026-01-28,2026-01-28 09:36:00-05:00,LONG,0.0025
MU,2026-01-28,2026-01-28 09:37:00-05:00,LONG,0.0025
MU,2026-01-28,2026-01-28 09:40:00-05:00,LONG,-0.004
MU,2026-01-29,2026-01-29 09:30:00-05:00,SHORT,-0.004
MU,2026-01-29,2026-01-29 09:34:00-05:00,SHORT,0.0025
MU,2026-01-29,2026-01-29 10:14:00-05:00,SHORT,-0.004
MU,2026-01-30,2026-01-30 09:34:00-05:00,SHORT,-0.004
MU,2026-01-30,2026-01-30 09:35:00-05:00,SHORT,-0.004
MU,2026-01-30,2026-01-30 10:00:00-05:00,SHORT,0.0025
MU,2026-01-30,2026-01-30 10:02:00-05:00,SHORT,-0.004
MU,2026-02-02,2026-02-02 09:30:00-05:00,LONG,0.0025
MU,2026-02-02,2026-02-02 09:31:00-05:00,LONG,0.0025
MU,2026-02-02,2026-02-02 09:35:00-05:00,LONG,0.0025
MU,2026-02-02,2026-02-02 09:36:00-05:00,LONG,-0.004
MU,2026-02-02,2026-02-02 09:37:00-05:00,LONG,-0.004
MU,2026-02-02,2026-02-02 10:09:00-05:00,LONG,0.01
MU,2026-02-02,2026-02-02 10:24:00-05:00,LONG,-0.004
MU,2026-02-03,2026-02-03 09:30:00-05:00,SHORT,-0.004
MU,2026-02-03,2026-02-03 09:31:00-05:00,SHORT,-0.004
MU,2026-02-03,2026-02-03 09:32:00-05:00,SHORT,0.0025
MU,2026-02-03,2026-02-03 09:33:00-05:00,SHORT,-0.004
MU,2026-02-03,2026-02-03 09:56:00-05:00,SHORT,0.0025
MU,2026-02-03,2026-02-03 09:58:00-05:00,SHORT,-0.004
MU,2026-02-03,2026-02-03 10:24:00-05:00,SHORT,-0.004
MU,2026-02-04,2026-02-04 09:30:00-05:00,SHORT,0.0025
MU,2026-02-04,2026-02-04 09:31:00-05:00,SHORT,-0.004
MU,2026-02-04,2026-02-04 10:17:00-05:00,SHORT,0.0025
MU,2026-02-04,2026-02-04 10:18:00-05:00,SHORT,-0.004
MU,2026-02-05,2026-02-05 09:30:00-05:00,LONG,-0.004
MU,2026-02-05,2026-02-05 09:37:00-05:00,LONG,0.01
MU,2026-02-05,2026-02-05 09:38:00-05:00,LONG,0.0025
MU,2026-02-06,2026-02-06 09:36:00-05:00,SHORT,0.0025
MU,2026-02-06,2026-02-06 09:41:00-05:00,SHORT,-0.004
MU,2026-02-09,2026-02-09 09:30:00-05:00,SHORT,-0.004
MU,2026-02-09,2026-02-09 09:34:00-05:00,SHORT,-0.004
MU,2026-02-10,2026-02-10 09:30:00-05:00,LONG,-0.004
MU,2026-02-10,2026-02-10 09:33:00-05:00,SHORT,-0.004
MU,2026-02-10,2026-02-10 09:36:00-05:00,SHORT,0.0025
MU,2026-02-10,2026-02-10 09:37:00-05:00,SHORT,-0.004
MU,2026-02-10,2026-02-10 10:06:00-05:00,LONG,-0.004
MU,2026-02-11,2026-02-11 09:30:00-05:00,LONG,-0.004
MU,2026-02-11,2026-02-11 10:12:00-05:00,SHORT,-0.004
MU,2026-02-11,2026-02-11 10:13:00-05:00,SHORT,-0.004
MU,2026-02-12,2026-02-12 09:30:00-05:00,LONG,-0.004
MU,2026-02-12,2026-02-12 09:32:00-05:00,LONG,-0.004
MU,2026-02-12,2026-02-12 09:35:00-05:00,LONG,0.0025
MU,2026-02-12,2026-02-12 09:36:00-05:00,LONG,-0.004
MU,2026-02-12,2026-02-12 10:11:00-05:00,SHORT,-0.004
MU,2026-02-13,2026-02-13 09:30:00-05:00,SHORT,0.0025
MU,2026-02-13,2026-02-13 09:31:00-05:00,SHORT,-0.004
MU,2026-02-13,2026-02-13 09:33:00-05:00,SHORT,0.0025
MU,2026-02-13,2026-02-13 09:34:00-05:00,SHORT,-0.004
MU,2026-02-13,2026-02-13 09:39:00-05:00,SHORT,0.0025
MU,2026-02-13,2026-02-13 09:40:00-05:00,SHORT,-0.004
MU,2026-02-13,2026-02-13 09:52:00-05:00,SHORT,-0.004
MU,2026-02-13,2026-02-13 10:30:00-05:00,LONG,0.0025
MU,2026-02-17,2026-02-17 09:30:00-05:00,SHORT,-0.004
MU,2026-02-17,2026-02-17 09:32:00-05:00,SHORT,-0.004
MU,2026-02-17,2026-02-17 09:37:00-05:00,LONG,-0.004
MU,2026-02-18,2026-02-18 09:30:00-05:00,SHORT,-0.004
MU,2026-02-18,2026-02-18 09:35:00-05:00,LONG,-0.004
MU,2026-02-18,2026-02-18 09:43:00-05:00,LONG,-0.004
MU,2026-02-18,2026-02-18 09:45:00-05:00,LONG,0.0025
MU,2026-02-18,2026-02-18 09:46:00-05:00,LONG,-0.004
MU,2026-02-18,2026-02-18 09:58:00-05:00,LONG,0.01
MU,2026-02-18,2026-02-18 10:12:00-05:00,LONG,0.01
MU,2026-02-19,2026-02-19 09:31:00-05:00,SHORT,-0.004
MU,2026-02-19,2026-02-19 09:33:00-05:00,SHORT,-0.004
MU,2026-02-19,2026-02-19 09:41:00-05:00,SHORT,0.0025
MU,2026-02-19,2026-02-19 10:15:00-05:00,LONG,-0.004
MU,2026-02-19,2026-02-19 10:17:00-05:00,LONG,-0.004
MU,2026-02-20,2026-02-20 09:30:00-05:00,LONG,0.0025
MU,2026-02-20,2026-02-20 09:31:00-05:00,LONG,0.0025
MU,2026-02-20,2026-02-20 09:32:00-05:00,LONG,0.01
MU,2026-02-20,2026-02-20 09:35:00-05:00,LONG,-0.004
MU,2026-02-20,2026-02-20 09:42:00-05:00,LONG,-0.004
MU,2026-02-23,2026-02-23 09:31:00-05:00,SHORT,-0.004
MU,2026-02-23,2026-02-23 09:34:00-05:00,SHORT,-0.004
MU,2026-02-23,2026-02-23 09:37:00-05:00,LONG,0.0025
MU,2026-02-23,2026-02-23 09:38:00-05:00,LONG,0.0025
MU,2026-02-23,2026-02-23 09:39:00-05:00,LONG,-0.004
MU,2026-02-23,2026-02-23 09:53:00-05:00,LONG,-0.004
MU,2026-02-24,2026-02-24 09:30:00-05:00,LONG,-0.004
MU,2026-02-24,2026-02-24 09:36:00-05:00,SHORT,0.0025
MU,2026-02-24,2026-02-24 09:37:00-05:00,SHORT,-0.004
MU,2026-02-25,2026-02-25 09:30:00-05:00,LONG,-0.004
MU,2026-02-25,2026-02-25 09:33:00-05:00,LONG,0.0025
MU,2026-02-25,2026-02-25 09:36:00-05:00,LONG,-0.004
MU,2026-02-25,2026-02-25 09:39:00-05:00,LONG,0.0025
MU,2026-02-25,2026-02-25 09:43:00-05:00,LONG,-0.004
MU,2026-02-26,2026-02-26 09:30:00-05:00,SHORT,-0.004
MU,2026-02-26,2026-02-26 09:32:00-05:00,SHORT,-0.004
MU,2026-02-26,2026-02-26 09:37:00-05:00,LONG,0.0025
MU,2026-02-26,2026-02-26 10:12:00-05:00,SHORT,0.01
MU,2026-02-26,2026-02-26 10:14:00-05:00,SHORT,0.01
MU,2026-02-26,2026-02-26 10:15:00-05:00,SHORT,0.01
MU,2026-02-26,2026-02-26 10:19:00-05:00,SHORT,0.0025
MU,2026-02-27,2026-02-27 09:35:00-05:00,LONG,-0.004
MU,2026-02-27,2026-02-27 09:36:00-05:00,LONG,-0.004
MU,2026-03-02,2026-03-02 09:30:00-05:00,SHORT,-0.004
MU,2026-03-02,2026-03-02 09:32:00-05:00,LONG,0.0025
MU,2026-03-02,2026-03-02 09:33:00-05:00,LONG,0.0025
MU,2026-03-02,2026-03-02 09:34:00-05:00,LONG,-0.004
MU,2026-03-02,2026-03-02 09:37:00-05:00,LONG,-0.004
MU,2026-03-02,2026-03-02 10:15:00-05:00,SHORT,0.0025
MU,2026-03-02,2026-03-02 10:21:00-05:00,SHORT,-0.004
MU,2026-03-03,2026-03-03 09:31:00-05:00,SHORT,0.0025
MU,2026-03-03,2026-03-03 09:32:00-05:00,SHORT,-0.004
MU,2026-03-03,2026-03-03 09:34:00-05:00,SHORT,-0.004
MU,2026-03-03,2026-03-03 10:21:00-05:00,SHORT,0.0025
MU,2026-03-03,2026-03-03 10:24:00-05:00,SHORT,0.0025
MU,2026-03-03,2026-03-03 10:25:00-05:00,SHORT,-0.004
MU,2026-03-04,2026-03-04 09:30:00-05:00,LONG,-0.004
MU,2026-03-04,2026-03-04 09:32:00-05:00,LONG,-0.004
MU,2026-03-04,2026-03-04 09:37:00-05:00,LONG,-0.004
MU,2026-03-04,2026-03-04 10:15:00-05:00,LONG,0.01
MU,2026-03-04,2026-03-04 10:27:00-05:00,LONG,-0.004
MU,2026-03-05,2026-03-05 09:30:00-05:00,LONG,-0.004
MU,2026-03-05,2026-03-05 09:32:00-05:00,LONG,-0.004
MU,2026-03-05,2026-03-05 10:24:00-05:00,SHORT,0.0025
MU,2026-03-05,2026-03-05 10:30:00-05:00,SHORT,-0.004
MU,2026-03-06,2026-03-06 09:31:00-05:00,SHORT,-0.004
MU,2026-03-06,2026-03-06 09:33:00-05:00,SHORT,-0.004
MU,2026-03-09,2026-03-09 09:30:00-04:00,SHORT,-0.004
MU,2026-03-09,2026-03-09 09:33:00-04:00,SHORT,-0.004
MU,2026-03-09,2026-03-09 09:40:00-04:00,SHORT,-0.004
MU,2026-03-09,2026-03-09 09:42:00-04:00,SHORT,-0.004
MU,2026-03-09,2026-03-09 10:23:00-04:00,LONG,-0.004
MU,2026-03-09,2026-03-09 10:30:00-04:00,LONG,0.009028212733183306
MU,2026-03-10,2026-03-10 09:30:00-04:00,LONG,0.01
MU,2026-03-10,2026-03-10 09:31:00-04:00,LONG,0.0025
MU,2026-03-10,2026-03-10 09:32:00-04:00,LONG,-0.004
MU,2026-03-10,2026-03-10 09:36:00-04:00,LONG,0.007626896039050389
MU,2026-03-10,2026-03-10 09:38:00-04:00,LONG,0.0025
MU,2026-03-10,2026-03-10 10:25:00-04:00,LONG,0.0056983378977448085
MU,2026-03-10,2026-03-10 10:26:00-04:00,LONG,-0.004
MU,2026-03-11,2026-03-11 09:30:00-04:00,LONG,-0.004
MU,2026-03-11,2026-03-11 10:00:00-04:00,LONG,-0.004
MU,2026-03-12,2026-03-12 09:37:00-04:00,SHORT,0.01
MU,2026-03-12,2026-03-12 09:39:00-04:00,SHORT,0.01
MU,2026-03-12,2026-03-12 09:46:00-04:00,SHORT,-0.004
MU,2026-03-13,2026-03-13 09:30:00-04:00,LONG,0.0025
MU,2026-03-13,2026-03-13 09:37:00-04:00,LONG,0.0025
MU,2026-03-16,2026-03-16 09:30:00-04:00,LONG,0.0025
MU,2026-03-16,2026-03-16 09:31:00-04:00,LONG,-0.004
MU,2026-03-16,2026-03-16 09:32:00-04:00,LONG,-0.004
MU,2026-03-16,2026-03-16 10:17:00-04:00,SHORT,-0.004
MU,2026-03-17,2026-03-17 09:32:00-04:00,LONG,-0.004
MU,2026-03-17,2026-03-17 09:33:00-04:00,LONG,-0.004
MU,2026-03-17,2026-03-17 10:26:00-04:00,LONG,-0.004
MU,2026-03-18,2026-03-18 09:31:00-04:00,SHORT,-0.004
MU,2026-03-18,2026-03-18 09:33:00-04:00,SHORT,-0.004
MU,2026-03-18,2026-03-18 09:34:00-04:00,SHORT,-0.004
MU,2026-03-18,2026-03-18 09:40:00-04:00,SHORT,0.0025
MU,2026-03-18,2026-03-18 09:43:00-04:00,SHORT,-0.004
MU,2026-03-18,2026-03-18 10:03:00-04:00,LONG,-0.004
MU,2026-03-19,2026-03-19 09:31:00-04:00,SHORT,-0.004
MU,2026-03-19,2026-03-19 09:34:00-04:00,SHORT,0.0025
MU,2026-03-20,2026-03-20 09:30:00-04:00,SHORT,0.0025
MU,2026-03-20,2026-03-20 09:33:00-04:00,SHORT,-0.004
MU,2026-03-20,2026-03-20 09:40:00-04:00,LONG,0.0025
MU,2026-03-20,2026-03-20 09:41:00-04:00,LONG,-0.004
MU,2026-03-20,2026-03-20 10:08:00-04:00,SHORT,-0.004
MU,2026-03-20,2026-03-20 10:23:00-04:00,SHORT,-0.004
MU,2026-03-23,2026-03-23 09:31:00-04:00,LONG,-0.004
MU,2026-03-23,2026-03-23 09:33:00-04:00,LONG,-0.004
MU,2026-03-24,2026-03-24 09:32:00-04:00,SHORT,0.0025
MU,2026-03-24,2026-03-24 09:33:00-04:00,SHORT,-0.004
MU,2026-03-24,2026-03-24 09:39:00-04:00,SHORT,0.0025
MU,2026-03-24,2026-03-24 09:40:00-04:00,SHORT,0.0025
MU,2026-03-24,2026-03-24 09:41:00-04:00,SHORT,-0.004
MU,2026-03-25,2026-03-25 09:30:00-04:00,SHORT,-0.004
MU,2026-03-25,2026-03-25 10:19:00-04:00,LONG,0.0025
MU,2026-03-25,2026-03-25 10:20:00-04:00,LONG,-0.004
MU,2026-03-26,2026-03-26 09:30:00-04:00,SHORT,-0.004
MU,2026-03-26,2026-03-26 09:41:00-04:00,SHORT,-0.004
MU,2026-03-26,2026-03-26 09:58:00-04:00,SHORT,-0.004
MU,2026-03-27,2026-03-27 09:34:00-04:00,LONG,0.01
MU,2026-03-27,2026-03-27 09:35:00-04:00,LONG,0.01
MU,2026-03-27,2026-03-27 09:37:00-04:00,LONG,0.0025
MU,2026-03-27,2026-03-27 09:39:00-04:00,LONG,-0.004
MU,2026-03-30,2026-03-30 09:30:00-04:00,SHORT,-0.004
MU,2026-03-30,2026-03-30 09:32:00-04:00,SHORT,0.0025
MU,2026-03-30,2026-03-30 09:34:00-04:00,SHORT,0.01
MU,2026-03-30,2026-03-30 09:36:00-04:00,SHORT,0.01
MU,2026-03-30,2026-03-30 09:37:00-04:00,SHORT,0.0025
MU,2026-03-30,2026-03-30 09:38:00-04:00,SHORT,0.0025
MU,2026-03-30,2026-03-30 09:40:00-04:00,SHORT,-0.004
MU,2026-03-30,2026-03-30 10:28:00-04:00,SHORT,-0.004
MU,2026-03-31,2026-03-31 09:30:00-04:00,LONG,-0.004
MU,2026-03-31,2026-03-31 09:31:00-04:00,LONG,-0.004
MU,2026-03-31,2026-03-31 09:33:00-04:00,LONG,-0.004
MU,2026-03-31,2026-03-31 09:38:00-04:00,SHORT,0.0025
MU,2026-03-31,2026-03-31 09:39:00-04:00,SHORT,0.0025
MU,2026-03-31,2026-03-31 09:42:00-04:00,SHORT,-0.004
MU,2026-03-31,2026-03-31 09:57:00-04:00,LONG,0.0025
MU,2026-03-31,2026-03-31 10:30:00-04:00,LONG,0.0025
MU,2026-04-01,2026-04-01 09:30:00-04:00,SHORT,-0.004
MU,2026-04-01,2026-04-01 09:32:00-04:00,LONG,-0.004
MU,2026-04-01,2026-04-01 09:35:00-04:00,LONG,-0.004
MU,2026-04-01,2026-04-01 10:01:00-04:00,LONG,0.01
MU,2026-04-01,2026-04-01 10:02:00-04:00,LONG,0.0025
MU,2026-04-01,2026-04-01 10:15:00-04:00,LONG,0.0025
MU,2026-04-02,2026-04-02 09:32:00-04:00,SHORT,0.0025
MU,2026-04-02,2026-04-02 09:35:00-04:00,SHORT,-0.004
MU,2026-04-06,2026-04-06 09:34:00-04:00,SHORT,0.0025
MU,2026-04-06,2026-04-06 09:35:00-04:00,SHORT,0.0025
MU,2026-04-06,2026-04-06 09:36:00-04:00,SHORT,-0.004
MU,2026-04-06,2026-04-06 09:50:00-04:00,LONG,-0.004
MU,2026-04-07,2026-04-07 09:30:00-04:00,LONG,-0.004
MU,2026-04-07,2026-04-07 09:32:00-04:00,LONG,0.0025
MU,2026-04-07,2026-04-07 09:33:00-04:00,LONG,-0.004
MU,2026-04-07,2026-04-07 09:36:00-04:00,LONG,-0.004
MU,2026-04-08,2026-04-08 09:30:00-04:00,SHORT,-0.004
MU,2026-04-09,2026-04-09 09:30:00-04:00,LONG,-0.004
MU,2026-04-09,2026-04-09 09:36:00-04:00,LONG,0.0025
MU,2026-04-09,2026-04-09 09:37:00-04:00,LONG,0.0025
MU,2026-04-09,2026-04-09 09:38:00-04:00,LONG,-0.004
MU,2026-04-09,2026-04-09 10:06:00-04:00,SHORT,0.0025
MU,2026-04-09,2026-04-09 10:16:00-04:00,SHORT,0.0025
MU,2026-04-09,2026-04-09 10:26:00-04:00,SHORT,-0.004
MU,2026-04-10,2026-04-10 09:30:00-04:00,SHORT,0.0025
MU,2026-04-10,2026-04-10 09:31:00-04:00,SHORT,-0.004
MU,2026-04-10,2026-04-10 09:34:00-04:00,SHORT,0.0025
MU,2026-04-10,2026-04-10 09:35:00-04:00,SHORT,-0.004
MU,2026-04-10,2026-04-10 09:38:00-04:00,SHORT,0.0025
MU,2026-04-10,2026-04-10 09:39:00-04:00,SHORT,-0.004
MU,2026-04-10,2026-04-10 09:40:00-04:00,SHORT,-0.004
MU,2026-04-13,2026-04-13 09:30:00-04:00,LONG,-0.004
MU,2026-04-13,2026-04-13 09:41:00-04:00,SHORT,-0.004
MU,2026-04-13,2026-04-13 09:45:00-04:00,SHORT,-0.004
MU,2026-04-14,2026-04-14 09:31:00-04:00,SHORT,0.0025
MU,2026-04-14,2026-04-14 09:32:00-04:00,SHORT,-0.004
MU,2026-04-14,2026-04-14 09:36:00-04:00,SHORT,-0.004
MU,2026-04-14,2026-04-14 10:11:00-04:00,LONG,0.00555322459007186
MU,2026-04-14,2026-04-14 10:17:00-04:00,LONG,-0.004
MU,2026-04-15,2026-04-15 09:30:00-04:00,LONG,-0.004
MU,2026-04-15,2026-04-15 09:32:00-04:00,LONG,0.0025
MU,2026-04-15,2026-04-15 09:33:00-04:00,LONG,-0.004
MU,2026-04-15,2026-04-15 09:49:00-04:00,SHORT,-0.004
MU,2026-04-15,2026-04-15 10:08:00-04:00,SHORT,0.0025
MU,2026-04-16,2026-04-16 09:32:00-04:00,SHORT,-0.004
MU,2026-04-16,2026-04-16 09:35:00-04:00,SHORT,0.0025
MU,2026-04-16,2026-04-16 09:36:00-04:00,SHORT,-0.004
MU,2026-04-16,2026-04-16 09:59:00-04:00,LONG,0.0025
MU,2026-04-17,2026-04-17 09:31:00-04:00,LONG,-0.004
MU,2026-04-17,2026-04-17 09:34:00-04:00,LONG,0.0025
MU,2026-04-17,2026-04-17 09:35:00-04:00,LONG,-0.004
MU,2026-04-17,2026-04-17 09:55:00-04:00,SHORT,-0.004
MU,2026-04-17,2026-04-17 10:20:00-04:00,SHORT,-0.004
MU,2026-04-20,2026-04-20 09:30:00-04:00,LONG,-0.004
MU,2026-04-20,2026-04-20 09:35:00-04:00,SHORT,0.0025
MU,2026-04-20,2026-04-20 10:01:00-04:00,SHORT,0.0025
MU,2026-04-21,2026-04-21 09:30:00-04:00,LONG,0.0025
MU,2026-04-21,2026-04-21 09:31:00-04:00,LONG,0.0025
MU,2026-04-21,2026-04-21 09:34:00-04:00,LONG,-0.004
MU,2026-04-21,2026-04-21 10:20:00-04:00,SHORT,0.00672726867136607
MU,2026-04-21,2026-04-21 10:23:00-04:00,SHORT,0.005754328871423331
MU,2026-04-22,2026-04-22 09:30:00-04:00,LONG,-0.004
MU,2026-04-22,2026-04-22 09:33:00-04:00,LONG,0.0025
MU,2026-04-22,2026-04-22 09:34:00-04:00,LONG,-0.004
MU,2026-04-22,2026-04-22 10:20:00-04:00,LONG,0.0025
MU,2026-04-22,2026-04-22 10:21:00-04:00,LONG,0.0025
MU,2026-04-22,2026-04-22 10:22:00-04:00,LONG,0.0025
MU,2026-04-22,2026-04-22 10:25:00-04:00,LONG,0.0025
MU,2026-04-22,2026-04-22 10:26:00-04:00,LONG,-0.004
MU,2026-04-23,2026-04-23 09:30:00-04:00,SHORT,-0.004
MU,2026-04-23,2026-04-23 09:32:00-04:00,SHORT,0.005337483889743502
MU,2026-04-23,2026-04-23 09:33:00-04:00,SHORT,0.0025
MU,2026-04-23,2026-04-23 09:34:00-04:00,SHORT,0.0025
MU,2026-04-23,2026-04-23 09:40:00-04:00,SHORT,-0.004
MU,2026-04-23,2026-04-23 10:06:00-04:00,SHORT,-0.004
MU,2026-04-24,2026-04-24 09:30:00-04:00,LONG,0.0025
MU,2026-04-24,2026-04-24 09:31:00-04:00,LONG,0.0025
MU,2026-04-24,2026-04-24 09:32:00-04:00,LONG,-0.004
MU,2026-04-27,2026-04-27 09:30:00-04:00,LONG,0.0025
MU,2026-04-27,2026-04-27 09:33:00-04:00,LONG,0.0025
MU,2026-04-27,2026-04-27 09:34:00-04:00,LONG,-0.004
MU,2026-04-27,2026-04-27 09:36:00-04:00,LONG,0.0025
MU,2026-04-27,2026-04-27 09:37:00-04:00,LONG,-0.004
MU,2026-04-28,2026-04-28 09:30:00-04:00,SHORT,-0.004
MU,2026-04-28,2026-04-28 09:35:00-04:00,LONG,0.0025
MU,2026-04-28,2026-04-28 09:41:00-04:00,LONG,-0.004
MU,2026-04-28,2026-04-28 10:27:00-04:00,SHORT,0.01
MU,2026-04-29,2026-04-29 09:37:00-04:00,LONG,-0.004
MU,2026-04-29,2026-04-29 10:13:00-04:00,SHORT,-0.004
MU,2026-04-30,2026-04-30 09:30:00-04:00,LONG,-0.004
MU,2026-04-30,2026-04-30 10:00:00-04:00,SHORT,-0.004
MU,2026-04-30,2026-04-30 10:05:00-04:00,SHORT,0.01
MU,2026-04-30,2026-04-30 10:06:00-04:00,SHORT,0.0025
MU,2026-05-01,2026-05-01 09:32:00-04:00,LONG,0.0025
MU,2026-05-01,2026-05-01 09:35:00-04:00,LONG,0.0025
MU,2026-05-01,2026-05-01 09:36:00-04:00,LONG,0.0025
MU,2026-05-01,2026-05-01 09:38:00-04:00,LONG,0.0025
MU,2026-05-01,2026-05-01 09:39:00-04:00,LONG,0.0025
MU,2026-05-01,2026-05-01 09:40:00-04:00,LONG,-0.004
MU,2026-05-01,2026-05-01 09:44:00-04:00,LONG,-0.004
MU,2026-05-01,2026-05-01 09:50:00-04:00,LONG,-0.004
MU,2026-05-01,2026-05-01 09:55:00-04:00,LONG,0.006773490803915788
MU,2026-05-04,2026-05-04 09:30:00-04:00,LONG,-0.004
MU,2026-05-04,2026-05-04 09:31:00-04:00,LONG,-0.004
MU,2026-05-04,2026-05-04 09:33:00-04:00,LONG,-0.004
MU,2026-05-04,2026-05-04 09:36:00-04:00,LONG,-0.004
MU,2026-05-04,2026-05-04 09:38:00-04:00,LONG,0.0025
MU,2026-05-04,2026-05-04 09:39:00-04:00,LONG,-0.004
MU,2026-05-05,2026-05-05 09:32:00-04:00,LONG,0.0025
MU,2026-05-05,2026-05-05 09:33:00-04:00,LONG,0.01
MU,2026-05-05,2026-05-05 09:35:00-04:00,LONG,0.0025
MU,2026-05-05,2026-05-05 09:36:00-04:00,LONG,0.0025
MU,2026-05-05,2026-05-05 09:39:00-04:00,LONG,-0.004
MU,2026-05-05,2026-05-05 10:20:00-04:00,LONG,0.0025
MU,2026-05-06,2026-05-06 09:30:00-04:00,SHORT,-0.004
MU,2026-05-06,2026-05-06 09:31:00-04:00,SHORT,-0.004
MU,2026-05-06,2026-05-06 09:35:00-04:00,SHORT,0.0025
MU,2026-05-06,2026-05-06 09:36:00-04:00,SHORT,0.0025
MU,2026-05-06,2026-05-06 10:01:00-04:00,SHORT,-0.004
MU,2026-05-06,2026-05-06 10:04:00-04:00,SHORT,-0.004
MU,2026-05-06,2026-05-06 10:17:00-04:00,SHORT,0.0025
MU,2026-05-07,2026-05-07 09:35:00-04:00,SHORT,0.0025
MU,2026-05-07,2026-05-07 09:42:00-04:00,SHORT,-0.004
MU,2026-05-07,2026-05-07 09:53:00-04:00,LONG,0.0025
MU,2026-05-07,2026-05-07 09:54:00-04:00,LONG,-0.004
MU,2026-05-07,2026-05-07 10:16:00-04:00,LONG,0.0025
MU,2026-05-07,2026-05-07 10:20:00-04:00,LONG,-0.004
MU,2026-05-08,2026-05-08 09:30:00-04:00,LONG,0.0025
MU,2026-05-08,2026-05-08 09:31:00-04:00,LONG,0.0025
MU,2026-05-08,2026-05-08 09:35:00-04:00,LONG,-0.004
MU,2026-05-08,2026-05-08 09:52:00-04:00,LONG,0.0025
MU,2026-05-08,2026-05-08 10:27:00-04:00,LONG,-0.004
MU,2026-05-11,2026-05-11 09:31:00-04:00,LONG,-0.004
MU,2026-05-11,2026-05-11 09:32:00-04:00,LONG,-0.004
MU,2026-05-11,2026-05-11 09:33:00-04:00,LONG,-0.004
MU,2026-05-12,2026-05-12 09:30:00-04:00,SHORT,-0.004
MU,2026-05-12,2026-05-12 09:32:00-04:00,SHORT,-0.004
MU,2026-05-12,2026-05-12 09:35:00-04:00,SHORT,-0.004
MU,2026-05-12,2026-05-12 10:17:00-04:00,SHORT,-0.004
MU,2026-05-12,2026-05-12 10:28:00-04:00,SHORT,0.0025
MU,2026-05-13,2026-05-13 09:35:00-04:00,SHORT,0.0025
MU,2026-05-13,2026-05-13 09:36:00-04:00,SHORT,-0.004
MU,2026-05-13,2026-05-13 10:30:00-04:00,LONG,-0.004
MU,2026-05-14,2026-05-14 09:30:00-04:00,SHORT,-0.004
MU,2026-05-14,2026-05-14 09:41:00-04:00,LONG,-0.004
MU,2026-05-14,2026-05-14 10:09:00-04:00,SHORT,-0.004
MU,2026-05-15,2026-05-15 09:37:00-04:00,SHORT,0.0025
MU,2026-05-18,2026-05-18 09:33:00-04:00,LONG,-0.004
MU,2026-05-18,2026-05-18 09:40:00-04:00,SHORT,0.0025
MU,2026-05-18,2026-05-18 09:44:00-04:00,SHORT,-0.004
MU,2026-05-18,2026-05-18 10:00:00-04:00,SHORT,-0.004
MU,2026-05-19,2026-05-19 09:32:00-04:00,LONG,0.0025
MU,2026-05-19,2026-05-19 09:33:00-04:00,LONG,-0.004
MU,2026-05-19,2026-05-19 09:35:00-04:00,LONG,0.0025
MU,2026-05-19,2026-05-19 09:36:00-04:00,LONG,-0.004
MU,2026-05-19,2026-05-19 10:07:00-04:00,SHORT,0.0025
MU,2026-05-19,2026-05-19 10:08:00-04:00,SHORT,-0.004
MU,2026-05-19,2026-05-19 10:11:00-04:00,SHORT,0.01
MU,2026-05-20,2026-05-20 09:33:00-04:00,LONG,-0.004
MU,2026-05-20,2026-05-20 09:35:00-04:00,SHORT,0.0025
MU,2026-05-20,2026-05-20 09:36:00-04:00,SHORT,0.0025
MU,2026-05-20,2026-05-20 10:12:00-04:00,SHORT,-0.004
MU,2026-05-21,2026-05-21 09:30:00-04:00,LONG,-0.004
MU,2026-05-21,2026-05-21 09:31:00-04:00,SHORT,-0.004
MU,2026-05-21,2026-05-21 09:35:00-04:00,SHORT,-0.004
MU,2026-05-21,2026-05-21 09:40:00-04:00,LONG,-0.004
MU,2026-05-21,2026-05-21 09:46:00-04:00,LONG,-0.004
MU,2026-05-21,2026-05-21 09:55:00-04:00,LONG,-0.004
MU,2026-05-21,2026-05-21 10:20:00-04:00,SHORT,-0.004
MU,2026-05-21,2026-05-21 10:30:00-04:00,LONG,-0.004
MU,2026-05-22,2026-05-22 09:30:00-04:00,SHORT,0.0025
MU,2026-05-26,2026-05-26 09:30:00-04:00,LONG,0.0025
MU,2026-05-26,2026-05-26 09:31:00-04:00,LONG,0.0025
MU,2026-05-26,2026-05-26 10:19:00-04:00,LONG,-0.004
MU,2026-05-26,2026-05-26 10:23:00-04:00,LONG,0.01
MU,2026-05-27,2026-05-27 09:30:00-04:00,SHORT,0.0025
MU,2026-05-27,2026-05-27 09:35:00-04:00,SHORT,0.0025
MU,2026-05-27,2026-05-27 09:36:00-04:00,SHORT,0.0025
MU,2026-05-27,2026-05-27 09:37:00-04:00,SHORT,-0.004
MU,2026-05-27,2026-05-27 10:20:00-04:00,SHORT,0.01
MU,2026-05-27,2026-05-27 10:25:00-04:00,SHORT,0.0025
MU,2026-05-27,2026-05-27 10:27:00-04:00,SHORT,-0.004
MU,2026-05-27,2026-05-27 10:28:00-04:00,SHORT,-0.004
MU,2026-05-28,2026-05-28 09:30:00-04:00,LONG,-0.004
MU,2026-05-28,2026-05-28 09:32:00-04:00,LONG,-0.004
MU,2026-05-28,2026-05-28 10:30:00-04:00,LONG,0.0025
MU,2026-05-29,2026-05-29 09:32:00-04:00,LONG,-0.004
MU,2026-05-29,2026-05-29 09:33:00-04:00,LONG,-0.004
MU,2026-05-29,2026-05-29 09:35:00-04:00,LONG,-0.004
MU,2026-05-29,2026-05-29 09:50:00-04:00,LONG,0.0025
MU,2026-06-01,2026-06-01 09:30:00-04:00,LONG,0.0025
MU,2026-06-01,2026-06-01 09:31:00-04:00,LONG,0.0025
MU,2026-06-01,2026-06-01 09:32:00-04:00,LONG,-0.004
MU,2026-06-01,2026-06-01 09:35:00-04:00,LONG,-0.004
MU,2026-06-01,2026-06-01 10:28:00-04:00,LONG,0.005156463248196552
MU,2026-06-02,2026-06-02 09:30:00-04:00,SHORT,-0.004
MU,2026-06-02,2026-06-02 09:33:00-04:00,SHORT,0.0025
MU,2026-06-02,2026-06-02 09:35:00-04:00,SHORT,-0.004
MU,2026-06-02,2026-06-02 09:37:00-04:00,SHORT,-0.004
MU,2026-06-02,2026-06-02 09:58:00-04:00,LONG,-0.004
MU,2026-06-02,2026-06-02 10:06:00-04:00,LONG,-0.004
MU,2026-06-03,2026-06-03 09:30:00-04:00,SHORT,0.0025
MU,2026-06-03,2026-06-03 09:32:00-04:00,SHORT,-0.004
MU,2026-06-03,2026-06-03 09:33:00-04:00,SHORT,0.0025
MU,2026-06-03,2026-06-03 09:34:00-04:00,SHORT,0.0025
MU,2026-06-03,2026-06-03 09:35:00-04:00,SHORT,-0.004
MU,2026-06-03,2026-06-03 09:37:00-04:00,SHORT,-0.004
MU,2026-06-04,2026-06-04 09:30:00-04:00,SHORT,-0.004
MU,2026-06-04,2026-06-04 09:32:00-04:00,SHORT,-0.004
MU,2026-06-04,2026-06-04 09:36:00-04:00,SHORT,-0.004
MU,2026-06-04,2026-06-04 09:41:00-04:00,SHORT,0.0025
MU,2026-06-04,2026-06-04 10:02:00-04:00,SHORT,0.0025
MU,2026-06-04,2026-06-04 10:03:00-04:00,SHORT,0.0025
MU,2026-06-05,2026-06-05 09:33:00-04:00,SHORT,0.0025
MU,2026-06-05,2026-06-05 09:37:00-04:00,SHORT,0.0025
MU,2026-06-05,2026-06-05 09:41:00-04:00,SHORT,0.0025
MU,2026-06-08,2026-06-08 09:30:00-04:00,LONG,-0.004
MU,2026-06-08,2026-06-08 09:32:00-04:00,LONG,-0.004
MU,2026-06-08,2026-06-08 09:35:00-04:00,LONG,0.0025
MU,2026-06-08,2026-06-08 09:36:00-04:00,LONG,0.0025
MU,2026-06-08,2026-06-08 10:26:00-04:00,LONG,-0.004
MU,2026-06-09,2026-06-09 09:30:00-04:00,SHORT,-0.004
MU,2026-06-09,2026-06-09 09:33:00-04:00,SHORT,-0.004
MU,2026-06-09,2026-06-09 09:34:00-04:00,SHORT,-0.004
MU,2026-06-09,2026-06-09 10:10:00-04:00,SHORT,-0.004
MU,2026-06-09,2026-06-09 10:17:00-04:00,SHORT,-0.004
MU,2026-06-10,2026-06-10 09:30:00-04:00,LONG,-0.004
MU,2026-06-10,2026-06-10 10:23:00-04:00,LONG,0.0025
MU,2026-06-10,2026-06-10 10:24:00-04:00,LONG,-0.004
MU,2026-06-11,2026-06-11 09:32:00-04:00,SHORT,-0.004
MU,2026-06-11,2026-06-11 09:36:00-04:00,SHORT,0.0025
MU,2026-06-11,2026-06-11 09:37:00-04:00,SHORT,0.0025
MU,2026-06-11,2026-06-11 09:38:00-04:00,SHORT,-0.004
MU,2026-06-11,2026-06-11 10:01:00-04:00,LONG,0.0025
MU,2026-06-12,2026-06-12 09:30:00-04:00,SHORT,-0.004
MU,2026-06-12,2026-06-12 09:32:00-04:00,SHORT,-0.004
MU,2026-06-12,2026-06-12 09:37:00-04:00,SHORT,-0.004
MU,2026-06-12,2026-06-12 09:40:00-04:00,SHORT,0.0025
MU,2026-06-12,2026-06-12 10:03:00-04:00,LONG,-0.004
QCOM,2025-12-18,2025-12-18 09:31:00-05:00,LONG,-0.004
QCOM,2025-12-19,2025-12-19 09:30:00-05:00,LONG,0.005985913480770326
QCOM,2025-12-22,2025-12-22 09:31:00-05:00,LONG,-0.004
QCOM,2025-12-24,2025-12-24 10:15:00-05:00,LONG,-0.004
QCOM,2025-12-26,2025-12-26 09:30:00-05:00,SHORT,-0.004
QCOM,2025-12-29,2025-12-29 09:36:00-05:00,LONG,-0.004
QCOM,2026-01-02,2026-01-02 09:30:00-05:00,SHORT,-0.004
QCOM,2026-01-02,2026-01-02 09:42:00-05:00,SHORT,-0.004
QCOM,2026-01-02,2026-01-02 10:22:00-05:00,SHORT,-0.004
QCOM,2026-01-05,2026-01-05 09:30:00-05:00,SHORT,-0.004
QCOM,2026-01-05,2026-01-05 09:49:00-05:00,LONG,-0.004
QCOM,2026-01-06,2026-01-06 09:33:00-05:00,LONG,0.01
QCOM,2026-01-06,2026-01-06 09:54:00-05:00,LONG,0.0025
QCOM,2026-01-07,2026-01-07 09:31:00-05:00,LONG,0.0025
QCOM,2026-01-07,2026-01-07 09:32:00-05:00,LONG,-0.004
QCOM,2026-01-07,2026-01-07 09:56:00-05:00,SHORT,0.005619950972199021
QCOM,2026-01-07,2026-01-07 10:25:00-05:00,SHORT,0.003438611975007727
QCOM,2026-01-09,2026-01-09 09:30:00-05:00,SHORT,-0.004
QCOM,2026-01-09,2026-01-09 09:33:00-05:00,SHORT,-0.004
QCOM,2026-01-09,2026-01-09 09:50:00-05:00,SHORT,-0.004
QCOM,2026-01-12,2026-01-12 09:30:00-05:00,SHORT,0.0025
QCOM,2026-01-12,2026-01-12 09:31:00-05:00,SHORT,-0.004
QCOM,2026-01-13,2026-01-13 09:40:00-05:00,LONG,-0.004
QCOM,2026-01-13,2026-01-13 09:44:00-05:00,LONG,-0.004
QCOM,2026-01-14,2026-01-14 09:31:00-05:00,SHORT,-0.004
QCOM,2026-01-14,2026-01-14 09:36:00-05:00,SHORT,-0.004
QCOM,2026-01-15,2026-01-15 09:30:00-05:00,SHORT,0.01
QCOM,2026-01-15,2026-01-15 09:32:00-05:00,SHORT,0.008389477668432985
QCOM,2026-01-15,2026-01-15 09:34:00-05:00,SHORT,0.007203811604758385
QCOM,2026-01-20,2026-01-20 09:30:00-05:00,LONG,-0.004
QCOM,2026-01-20,2026-01-20 09:35:00-05:00,SHORT,-0.004
QCOM,2026-01-22,2026-01-22 09:33:00-05:00,LONG,0.0025
QCOM,2026-01-22,2026-01-22 09:35:00-05:00,LONG,-0.004
QCOM,2026-01-22,2026-01-22 10:24:00-05:00,SHORT,0.0007931220456203801
QCOM,2026-01-23,2026-01-23 09:30:00-05:00,SHORT,-0.004
QCOM,2026-01-27,2026-01-27 09:34:00-05:00,SHORT,0.0019939538174567587
QCOM,2026-01-27,2026-01-27 09:35:00-05:00,SHORT,-0.0006194587479190293
QCOM,2026-01-28,2026-01-28 09:30:00-05:00,SHORT,0.0025
QCOM,2026-01-28,2026-01-28 09:33:00-05:00,SHORT,-0.004
QCOM,2026-01-28,2026-01-28 10:06:00-05:00,LONG,0.0067399948005328805
QCOM,2026-01-29,2026-01-29 10:01:00-05:00,SHORT,0.0025
QCOM,2026-01-30,2026-01-30 09:30:00-05:00,LONG,0.003773834745762855
QCOM,2026-02-02,2026-02-02 09:50:00-05:00,LONG,-0.004
QCOM,2026-02-03,2026-02-03 09:30:00-05:00,SHORT,0.0025
QCOM,2026-02-03,2026-02-03 09:31:00-05:00,SHORT,0.0025
QCOM,2026-02-03,2026-02-03 09:32:00-05:00,SHORT,-0.004
QCOM,2026-02-03,2026-02-03 09:43:00-05:00,SHORT,-0.004
QCOM,2026-02-04,2026-02-04 09:31:00-05:00,LONG,0.0025
QCOM,2026-02-04,2026-02-04 09:44:00-05:00,LONG,-0.004
QCOM,2026-02-04,2026-02-04 10:00:00-05:00,SHORT,-0.004
QCOM,2026-02-05,2026-02-05 09:30:00-05:00,LONG,0.0025
QCOM,2026-02-05,2026-02-05 09:31:00-05:00,LONG,-0.004
QCOM,2026-02-05,2026-02-05 09:33:00-05:00,LONG,-0.004
QCOM,2026-02-05,2026-02-05 09:36:00-05:00,LONG,0.0025
QCOM,2026-02-06,2026-02-06 09:30:00-05:00,SHORT,-0.004
QCOM,2026-02-06,2026-02-06 09:36:00-05:00,LONG,0.0025
QCOM,2026-02-06,2026-02-06 09:37:00-05:00,LONG,-0.004
QCOM,2026-02-09,2026-02-09 09:32:00-05:00,LONG,0.0025
QCOM,2026-02-10,2026-02-10 09:31:00-05:00,LONG,0.0025
QCOM,2026-02-10,2026-02-10 09:32:00-05:00,LONG,-0.004
QCOM,2026-02-11,2026-02-11 09:33:00-05:00,LONG,-0.004
QCOM,2026-02-11,2026-02-11 09:34:00-05:00,SHORT,-0.004
QCOM,2026-02-11,2026-02-11 09:35:00-05:00,SHORT,-0.004
QCOM,2026-02-12,2026-02-12 09:36:00-05:00,SHORT,-0.004
QCOM,2026-02-12,2026-02-12 09:40:00-05:00,SHORT,0.0033926658573162896
QCOM,2026-02-12,2026-02-12 10:12:00-05:00,LONG,-0.004
QCOM,2026-02-17,2026-02-17 09:33:00-05:00,LONG,0.0025
QCOM,2026-02-17,2026-02-17 09:34:00-05:00,LONG,-0.004
QCOM,2026-02-17,2026-02-17 10:13:00-05:00,SHORT,-0.004
QCOM,2026-02-18,2026-02-18 09:30:00-05:00,SHORT,-0.004
QCOM,2026-02-18,2026-02-18 09:38:00-05:00,LONG,-0.004
QCOM,2026-02-19,2026-02-19 09:31:00-05:00,SHORT,-0.004
QCOM,2026-02-19,2026-02-19 09:35:00-05:00,SHORT,0.004968260685569241
QCOM,2026-02-19,2026-02-19 09:45:00-05:00,SHORT,-0.004
QCOM,2026-02-19,2026-02-19 10:00:00-05:00,SHORT,0.0031212314676881446
QCOM,2026-02-20,2026-02-20 09:30:00-05:00,LONG,-0.004
QCOM,2026-02-20,2026-02-20 09:44:00-05:00,LONG,0.005821149926196644
QCOM,2026-02-20,2026-02-20 10:01:00-05:00,LONG,-0.004
QCOM,2026-02-23,2026-02-23 09:30:00-05:00,LONG,0.0025
QCOM,2026-02-23,2026-02-23 09:32:00-05:00,LONG,-0.004
QCOM,2026-02-24,2026-02-24 09:31:00-05:00,SHORT,-0.004
QCOM,2026-02-24,2026-02-24 09:36:00-05:00,LONG,0.01
QCOM,2026-02-24,2026-02-24 09:41:00-05:00,LONG,0.0025
QCOM,2026-02-24,2026-02-24 09:46:00-05:00,LONG,-0.004
QCOM,2026-02-25,2026-02-25 09:30:00-05:00,SHORT,0.0018953752843063319
QCOM,2026-02-25,2026-02-25 09:33:00-05:00,SHORT,-0.000827529135921692
QCOM,2026-02-26,2026-02-26 10:27:00-05:00,SHORT,-0.004
QCOM,2026-02-27,2026-02-27 09:31:00-05:00,SHORT,-0.004
QCOM,2026-02-27,2026-02-27 10:12:00-05:00,SHORT,-0.004
QCOM,2026-03-02,2026-03-02 09:31:00-05:00,SHORT,-0.004
QCOM,2026-03-03,2026-03-03 09:31:00-05:00,SHORT,-0.004
QCOM,2026-03-04,2026-03-04 09:31:00-05:00,LONG,-0.004
QCOM,2026-03-09,2026-03-09 09:30:00-04:00,LONG,-0.004
QCOM,2026-03-10,2026-03-10 09:31:00-04:00,SHORT,0.005967820120814404
QCOM,2026-03-10,2026-03-10 09:33:00-04:00,SHORT,-0.004
QCOM,2026-03-10,2026-03-10 09:42:00-04:00,SHORT,-0.004
QCOM,2026-03-10,2026-03-10 10:20:00-04:00,LONG,-0.004
QCOM,2026-03-11,2026-03-11 09:31:00-04:00,LONG,0.0025
QCOM,2026-03-11,2026-03-11 09:35:00-04:00,LONG,0.0025
QCOM,2026-03-11,2026-03-11 10:04:00-04:00,SHORT,0.004931118314424623
QCOM,2026-03-13,2026-03-13 09:30:00-04:00,LONG,0.007656593614923733
QCOM,2026-03-13,2026-03-13 09:31:00-04:00,LONG,0.003945324283559652
QCOM,2026-03-17,2026-03-17 09:30:00-04:00,LONG,-0.004
QCOM,2026-03-17,2026-03-17 09:35:00-04:00,LONG,-0.004
QCOM,2026-03-18,2026-03-18 09:35:00-04:00,LONG,-0.004
QCOM,2026-03-19,2026-03-19 10:00:00-04:00,LONG,-0.0018621266246105083
QCOM,2026-03-20,2026-03-20 09:30:00-04:00,LONG,0.0054872897480783365
QCOM,2026-03-23,2026-03-23 09:30:00-04:00,LONG,-0.004
QCOM,2026-03-24,2026-03-24 10:22:00-04:00,SHORT,-0.004
QCOM,2026-03-25,2026-03-25 09:36:00-04:00,LONG,-0.004
QCOM,2026-03-25,2026-03-25 10:25:00-04:00,LONG,-0.004
QCOM,2026-03-26,2026-03-26 09:30:00-04:00,LONG,0.01
QCOM,2026-03-26,2026-03-26 09:50:00-04:00,LONG,0.006729341294446429
QCOM,2026-03-26,2026-03-26 09:58:00-04:00,LONG,0.0025
QCOM,2026-03-26,2026-03-26 10:01:00-04:00,LONG,-0.004
QCOM,2026-03-27,2026-03-27 09:33:00-04:00,SHORT,-0.004
QCOM,2026-03-31,2026-03-31 09:30:00-04:00,LONG,-0.004
QCOM,2026-03-31,2026-03-31 09:38:00-04:00,SHORT,0.0025
QCOM,2026-03-31,2026-03-31 09:40:00-04:00,SHORT,-0.004
QCOM,2026-04-06,2026-04-06 09:32:00-04:00,SHORT,-0.004
QCOM,2026-04-06,2026-04-06 09:34:00-04:00,SHORT,0.0025
QCOM,2026-04-06,2026-04-06 09:35:00-04:00,SHORT,0.0025
QCOM,2026-04-06,2026-04-06 09:36:00-04:00,SHORT,-0.004
QCOM,2026-04-06,2026-04-06 09:45:00-04:00,LONG,-0.004
QCOM,2026-04-07,2026-04-07 09:30:00-04:00,SHORT,-0.004
QCOM,2026-04-08,2026-04-08 09:36:00-04:00,SHORT,0.0032436399217221044
QCOM,2026-04-09,2026-04-09 09:36:00-04:00,LONG,0.005750567870290586
QCOM,2026-04-10,2026-04-10 09:31:00-04:00,LONG,0.0025
QCOM,2026-04-10,2026-04-10 09:32:00-04:00,LONG,-0.004
QCOM,2026-04-14,2026-04-14 09:33:00-04:00,LONG,-0.004
QCOM,2026-04-14,2026-04-14 09:45:00-04:00,SHORT,0.0031073489219556505
QCOM,2026-04-15,2026-04-15 09:39:00-04:00,SHORT,-0.004
QCOM,2026-04-15,2026-04-15 09:44:00-04:00,SHORT,-0.004
QCOM,2026-04-16,2026-04-16 09:30:00-04:00,LONG,0.0025
QCOM,2026-04-16,2026-04-16 09:31:00-04:00,LONG,0.0039648437499999484
QCOM,2026-04-16,2026-04-16 09:32:00-04:00,LONG,-0.004
QCOM,2026-04-21,2026-04-21 09:30:00-04:00,SHORT,0.0025
QCOM,2026-04-21,2026-04-21 09:33:00-04:00,SHORT,-0.004
QCOM,2026-04-22,2026-04-22 09:40:00-04:00,SHORT,-0.004
QCOM,2026-04-23,2026-04-23 09:31:00-04:00,LONG,-0.004
QCOM,2026-04-23,2026-04-23 09:33:00-04:00,LONG,-0.004
QCOM,2026-04-24,2026-04-24 09:30:00-04:00,LONG,-0.004
QCOM,2026-04-24,2026-04-24 09:32:00-04:00,LONG,0.0025
QCOM,2026-04-24,2026-04-24 09:33:00-04:00,LONG,0.0025
QCOM,2026-04-24,2026-04-24 09:34:00-04:00,LONG,-0.004
QCOM,2026-04-24,2026-04-24 10:26:00-04:00,SHORT,0.01
QCOM,2026-04-27,2026-04-27 09:32:00-04:00,SHORT,0.0025
QCOM,2026-04-27,2026-04-27 09:33:00-04:00,SHORT,-0.004
QCOM,2026-04-27,2026-04-27 09:35:00-04:00,SHORT,0.0025
QCOM,2026-04-27,2026-04-27 10:05:00-04:00,SHORT,0.01
QCOM,2026-04-28,2026-04-28 09:31:00-04:00,SHORT,-0.004
QCOM,2026-04-28,2026-04-28 10:19:00-04:00,LONG,-0.004
QCOM,2026-04-29,2026-04-29 09:33:00-04:00,LONG,-0.004
QCOM,2026-04-29,2026-04-29 09:35:00-04:00,LONG,-0.004
QCOM,2026-04-29,2026-04-29 10:00:00-04:00,LONG,-0.004
QCOM,2026-04-29,2026-04-29 10:29:00-04:00,LONG,-0.004
QCOM,2026-04-30,2026-04-30 09:30:00-04:00,SHORT,0.0025
QCOM,2026-04-30,2026-04-30 09:31:00-04:00,SHORT,0.01
QCOM,2026-04-30,2026-04-30 09:32:00-04:00,SHORT,-0.004
QCOM,2026-04-30,2026-04-30 09:59:00-04:00,LONG,0.0025
QCOM,2026-04-30,2026-04-30 10:00:00-04:00,LONG,-0.004
QCOM,2026-04-30,2026-04-30 10:13:00-04:00,LONG,-0.004
QCOM,2026-04-30,2026-04-30 10:17:00-04:00,LONG,-0.004
QCOM,2026-05-01,2026-05-01 09:30:00-04:00,SHORT,-0.004
QCOM,2026-05-01,2026-05-01 09:31:00-04:00,SHORT,0.0025
QCOM,2026-05-01,2026-05-01 09:32:00-04:00,SHORT,-0.004
QCOM,2026-05-01,2026-05-01 09:35:00-04:00,SHORT,0.0025
QCOM,2026-05-01,2026-05-01 09:36:00-04:00,SHORT,-0.004
QCOM,2026-05-01,2026-05-01 09:38:00-04:00,SHORT,-0.004
QCOM,2026-05-01,2026-05-01 09:50:00-04:00,SHORT,-0.004
QCOM,2026-05-01,2026-05-01 10:01:00-04:00,SHORT,0.0025
QCOM,2026-05-04,2026-05-04 09:30:00-04:00,LONG,-0.004
QCOM,2026-05-04,2026-05-04 09:35:00-04:00,SHORT,0.0025
QCOM,2026-05-04,2026-05-04 09:36:00-04:00,SHORT,-0.004
QCOM,2026-05-04,2026-05-04 09:37:00-04:00,SHORT,0.0025
QCOM,2026-05-04,2026-05-04 09:38:00-04:00,SHORT,0.0025
QCOM,2026-05-04,2026-05-04 09:55:00-04:00,SHORT,-0.004
QCOM,2026-05-04,2026-05-04 09:59:00-04:00,SHORT,-0.004
QCOM,2026-05-05,2026-05-05 09:32:00-04:00,SHORT,0.0025
QCOM,2026-05-05,2026-05-05 09:33:00-04:00,SHORT,0.0025
QCOM,2026-05-05,2026-05-05 10:00:00-04:00,LONG,0.0025
QCOM,2026-05-05,2026-05-05 10:02:00-04:00,LONG,0.0025
QCOM,2026-05-05,2026-05-05 10:11:00-04:00,LONG,0.01
QCOM,2026-05-06,2026-05-06 09:30:00-04:00,SHORT,-0.004
QCOM,2026-05-06,2026-05-06 09:34:00-04:00,SHORT,-0.004
QCOM,2026-05-06,2026-05-06 09:37:00-04:00,SHORT,0.0025
QCOM,2026-05-06,2026-05-06 09:38:00-04:00,SHORT,0.0025
QCOM,2026-05-06,2026-05-06 09:40:00-04:00,SHORT,-0.004
QCOM,2026-05-07,2026-05-07 09:30:00-04:00,SHORT,0.0025
QCOM,2026-05-07,2026-05-07 09:33:00-04:00,SHORT,0.0025
QCOM,2026-05-07,2026-05-07 09:34:00-04:00,SHORT,-0.004
QCOM,2026-05-07,2026-05-07 09:47:00-04:00,SHORT,-0.004
QCOM,2026-05-07,2026-05-07 10:15:00-04:00,LONG,-0.004
QCOM,2026-05-07,2026-05-07 10:30:00-04:00,LONG,0.0025
QCOM,2026-05-08,2026-05-08 09:30:00-04:00,SHORT,-0.004
QCOM,2026-05-08,2026-05-08 10:12:00-04:00,LONG,0.0025
QCOM,2026-05-11,2026-05-11 09:30:00-04:00,LONG,0.0025
QCOM,2026-05-11,2026-05-11 09:31:00-04:00,LONG,0.0025
QCOM,2026-05-11,2026-05-11 09:32:00-04:00,LONG,0.0025
QCOM,2026-05-11,2026-05-11 09:34:00-04:00,LONG,-0.004
QCOM,2026-05-12,2026-05-12 09:30:00-04:00,SHORT,-0.004
QCOM,2026-05-12,2026-05-12 09:32:00-04:00,SHORT,0.0025
QCOM,2026-05-12,2026-05-12 09:33:00-04:00,SHORT,0.0025
QCOM,2026-05-12,2026-05-12 09:34:00-04:00,SHORT,-0.004
QCOM,2026-05-12,2026-05-12 09:57:00-04:00,SHORT,-0.004
QCOM,2026-05-12,2026-05-12 10:17:00-04:00,SHORT,-0.004
QCOM,2026-05-12,2026-05-12 10:26:00-04:00,SHORT,0.0025
QCOM,2026-05-12,2026-05-12 10:27:00-04:00,SHORT,0.0025
QCOM,2026-05-13,2026-05-13 09:30:00-04:00,SHORT,0.0025
QCOM,2026-05-13,2026-05-13 09:31:00-04:00,SHORT,0.0025
QCOM,2026-05-13,2026-05-13 09:32:00-04:00,SHORT,-0.004
QCOM,2026-05-13,2026-05-13 09:46:00-04:00,SHORT,0.0025
QCOM,2026-05-14,2026-05-14 09:32:00-04:00,SHORT,0.0025
QCOM,2026-05-14,2026-05-14 09:33:00-04:00,SHORT,-0.004
QCOM,2026-05-14,2026-05-14 10:06:00-04:00,SHORT,0.0025
QCOM,2026-05-14,2026-05-14 10:08:00-04:00,SHORT,-0.004
QCOM,2026-05-15,2026-05-15 09:30:00-04:00,LONG,-0.004
QCOM,2026-05-15,2026-05-15 09:53:00-04:00,LONG,0.0025
QCOM,2026-05-15,2026-05-15 09:54:00-04:00,LONG,-0.004
QCOM,2026-05-18,2026-05-18 09:30:00-04:00,LONG,-0.004
QCOM,2026-05-18,2026-05-18 09:32:00-04:00,LONG,-0.004
QCOM,2026-05-18,2026-05-18 09:33:00-04:00,LONG,-0.004
QCOM,2026-05-18,2026-05-18 09:41:00-04:00,SHORT,-0.004
QCOM,2026-05-18,2026-05-18 09:44:00-04:00,SHORT,0.0025
QCOM,2026-05-18,2026-05-18 09:59:00-04:00,SHORT,0.0025
QCOM,2026-05-18,2026-05-18 10:01:00-04:00,SHORT,-0.004
QCOM,2026-05-19,2026-05-19 09:31:00-04:00,SHORT,-0.004
QCOM,2026-05-19,2026-05-19 09:36:00-04:00,LONG,-0.004
QCOM,2026-05-19,2026-05-19 10:05:00-04:00,SHORT,0.01
QCOM,2026-05-19,2026-05-19 10:07:00-04:00,SHORT,0.0025
QCOM,2026-05-20,2026-05-20 09:31:00-04:00,SHORT,-0.004
QCOM,2026-05-20,2026-05-20 09:33:00-04:00,SHORT,0.01
QCOM,2026-05-20,2026-05-20 09:35:00-04:00,SHORT,-0.004
QCOM,2026-05-20,2026-05-20 10:09:00-04:00,LONG,0.0025
QCOM,2026-05-20,2026-05-20 10:10:00-04:00,LONG,-0.004
QCOM,2026-05-20,2026-05-20 10:14:00-04:00,LONG,-0.004
QCOM,2026-05-20,2026-05-20 10:16:00-04:00,LONG,-0.004
QCOM,2026-05-21,2026-05-21 09:30:00-04:00,SHORT,-0.004
QCOM,2026-05-21,2026-05-21 09:34:00-04:00,LONG,-0.004
QCOM,2026-05-21,2026-05-21 09:40:00-04:00,LONG,-0.004
QCOM,2026-05-21,2026-05-21 09:52:00-04:00,LONG,-0.004
QCOM,2026-05-21,2026-05-21 10:00:00-04:00,LONG,0.0025
QCOM,2026-05-21,2026-05-21 10:08:00-04:00,LONG,-0.004
QCOM,2026-05-21,2026-05-21 10:11:00-04:00,LONG,-0.004
QCOM,2026-05-22,2026-05-22 09:30:00-04:00,LONG,0.01
QCOM,2026-05-22,2026-05-22 09:32:00-04:00,LONG,0.0025
QCOM,2026-05-22,2026-05-22 09:33:00-04:00,LONG,0.0025
QCOM,2026-05-22,2026-05-22 09:34:00-04:00,LONG,0.0025
QCOM,2026-05-22,2026-05-22 09:35:00-04:00,LONG,0.0025
QCOM,2026-05-22,2026-05-22 09:37:00-04:00,LONG,-0.004
QCOM,2026-05-22,2026-05-22 10:07:00-04:00,LONG,0.0025
QCOM,2026-05-22,2026-05-22 10:15:00-04:00,LONG,-0.004
QCOM,2026-05-22,2026-05-22 10:26:00-04:00,LONG,0.0025
QCOM,2026-05-26,2026-05-26 09:33:00-04:00,SHORT,-0.004
QCOM,2026-05-26,2026-05-26 09:34:00-04:00,SHORT,-0.004
QCOM,2026-05-26,2026-05-26 10:13:00-04:00,LONG,0.0025
QCOM,2026-05-26,2026-05-26 10:17:00-04:00,LONG,0.0025
QCOM,2026-05-27,2026-05-27 09:31:00-04:00,SHORT,-0.004
QCOM,2026-05-27,2026-05-27 09:39:00-04:00,SHORT,0.0025
QCOM,2026-05-27,2026-05-27 09:41:00-04:00,SHORT,0.0025
QCOM,2026-05-27,2026-05-27 09:43:00-04:00,SHORT,-0.004
QCOM,2026-05-27,2026-05-27 10:20:00-04:00,SHORT,0.0025
QCOM,2026-05-28,2026-05-28 09:35:00-04:00,LONG,-0.004
QCOM,2026-05-28,2026-05-28 10:12:00-04:00,LONG,0.0025
QCOM,2026-05-28,2026-05-28 10:13:00-04:00,LONG,-0.004
QCOM,2026-05-29,2026-05-29 09:33:00-04:00,LONG,-0.004
QCOM,2026-05-29,2026-05-29 09:47:00-04:00,LONG,-0.004
QCOM,2026-05-29,2026-05-29 10:14:00-04:00,SHORT,0.0025
QCOM,2026-05-29,2026-05-29 10:26:00-04:00,SHORT,-0.004
QCOM,2026-06-01,2026-06-01 09:32:00-04:00,LONG,-0.004
QCOM,2026-06-01,2026-06-01 09:34:00-04:00,LONG,0.0025
QCOM,2026-06-01,2026-06-01 09:58:00-04:00,SHORT,-0.004
QCOM,2026-06-01,2026-06-01 10:21:00-04:00,LONG,-0.004
QCOM,2026-06-02,2026-06-02 09:34:00-04:00,SHORT,-0.004
QCOM,2026-06-02,2026-06-02 09:39:00-04:00,LONG,-0.004
QCOM,2026-06-02,2026-06-02 10:06:00-04:00,LONG,-0.004
QCOM,2026-06-02,2026-06-02 10:08:00-04:00,LONG,0.0025
QCOM,2026-06-02,2026-06-02 10:11:00-04:00,LONG,0.0025
QCOM,2026-06-03,2026-06-03 10:01:00-04:00,LONG,-0.004
QCOM,2026-06-03,2026-06-03 10:03:00-04:00,LONG,0.0025
QCOM,2026-06-03,2026-06-03 10:11:00-04:00,LONG,0.0025
QCOM,2026-06-03,2026-06-03 10:12:00-04:00,LONG,0.0025
QCOM,2026-06-03,2026-06-03 10:14:00-04:00,LONG,-0.004
QCOM,2026-06-04,2026-06-04 09:30:00-04:00,LONG,-0.004
QCOM,2026-06-04,2026-06-04 09:31:00-04:00,LONG,0.0025
QCOM,2026-06-04,2026-06-04 09:32:00-04:00,LONG,0.0025
QCOM,2026-06-04,2026-06-04 09:33:00-04:00,LONG,-0.004
QCOM,2026-06-04,2026-06-04 09:34:00-04:00,LONG,-0.004
QCOM,2026-06-04,2026-06-04 09:37:00-04:00,LONG,0.0025
QCOM,2026-06-04,2026-06-04 10:04:00-04:00,SHORT,0.0025
QCOM,2026-06-04,2026-06-04 10:05:00-04:00,SHORT,-0.004
QCOM,2026-06-05,2026-06-05 09:30:00-04:00,SHORT,-0.004
QCOM,2026-06-05,2026-06-05 09:33:00-04:00,SHORT,0.01
QCOM,2026-06-05,2026-06-05 09:34:00-04:00,SHORT,-0.004
QCOM,2026-06-05,2026-06-05 09:59:00-04:00,SHORT,-0.004
QCOM,2026-06-05,2026-06-05 10:22:00-04:00,SHORT,-0.004
QCOM,2026-06-08,2026-06-08 09:33:00-04:00,LONG,-0.004
QCOM,2026-06-08,2026-06-08 09:35:00-04:00,LONG,0.0025
QCOM,2026-06-08,2026-06-08 09:41:00-04:00,LONG,0.0025
QCOM,2026-06-08,2026-06-08 10:21:00-04:00,SHORT,-0.004
QCOM,2026-06-08,2026-06-08 10:22:00-04:00,SHORT,-0.004
QCOM,2026-06-09,2026-06-09 09:31:00-04:00,SHORT,0.0025
QCOM,2026-06-09,2026-06-09 09:33:00-04:00,SHORT,-0.004
QCOM,2026-06-09,2026-06-09 10:00:00-04:00,SHORT,-0.004
QCOM,2026-06-10,2026-06-10 09:30:00-04:00,LONG,0.0025
QCOM,2026-06-10,2026-06-10 09:31:00-04:00,LONG,-0.004
QCOM,2026-06-10,2026-06-10 09:33:00-04:00,LONG,-0.004
QCOM,2026-06-10,2026-06-10 10:05:00-04:00,SHORT,-0.004
QCOM,2026-06-11,2026-06-11 09:30:00-04:00,LONG,-0.004
QCOM,2026-06-11,2026-06-11 09:35:00-04:00,LONG,0.0025
QCOM,2026-06-12,2026-06-12 09:30:00-04:00,SHORT,-0.004
QCOM,2026-06-12,2026-06-12 09:35:00-04:00,LONG,-0.004
QCOM,2026-06-12,2026-06-12 09:36:00-04:00,LONG,-0.004
QCOM,2026-06-12,2026-06-12 09:40:00-04:00,LONG,0.0025
QCOM,2026-06-12,2026-06-12 09:41:00-04:00,LONG,-0.004
QCOM,2026-06-12,2026-06-12 10:02:00-04:00,LONG,0.0025
QCOM,2026-06-12,2026-06-12 10:03:00-04:00,LONG,-0.004
QCOM,2026-06-12,2026-06-12 10:07:00-04:00,LONG,-0.004
CRWD,2025-12-15,2025-12-15 09:30:00-05:00,SHORT,-0.004
CRWD,2025-12-15,2025-12-15 09:34:00-05:00,SHORT,0.01
CRWD,2025-12-15,2025-12-15 10:24:00-05:00,SHORT,-0.004
CRWD,2025-12-16,2025-12-16 09:30:00-05:00,LONG,-0.004
CRWD,2025-12-16,2025-12-16 09:36:00-05:00,LONG,-0.004
CRWD,2025-12-17,2025-12-17 09:32:00-05:00,SHORT,0.0025
CRWD,2025-12-18,2025-12-18 09:31:00-05:00,LONG,-0.004
CRWD,2025-12-22,2025-12-22 09:30:00-05:00,LONG,-0.004
CRWD,2025-12-24,2025-12-24 09:35:00-05:00,SHORT,-0.004
CRWD,2025-12-26,2025-12-26 09:30:00-05:00,SHORT,-0.004
CRWD,2025-12-29,2025-12-29 09:35:00-05:00,LONG,0.0025
CRWD,2025-12-29,2025-12-29 09:36:00-05:00,LONG,-0.004
CRWD,2025-12-30,2025-12-30 09:35:00-05:00,SHORT,-0.004
CRWD,2026-01-02,2026-01-02 09:30:00-05:00,SHORT,0.01
CRWD,2026-01-02,2026-01-02 09:32:00-05:00,SHORT,0.01
CRWD,2026-01-02,2026-01-02 09:33:00-05:00,SHORT,0.0025
CRWD,2026-01-02,2026-01-02 09:42:00-05:00,SHORT,-0.004
CRWD,2026-01-02,2026-01-02 10:10:00-05:00,SHORT,0.004085130176101426
CRWD,2026-01-05,2026-01-05 09:30:00-05:00,SHORT,-0.004
CRWD,2026-01-05,2026-01-05 10:01:00-05:00,LONG,0.005890562574236029
CRWD,2026-01-06,2026-01-06 09:32:00-05:00,SHORT,0.0025
CRWD,2026-01-06,2026-01-06 09:38:00-05:00,SHORT,-0.004
CRWD,2026-01-07,2026-01-07 09:30:00-05:00,LONG,0.0025
CRWD,2026-01-07,2026-01-07 09:31:00-05:00,LONG,0.01
CRWD,2026-01-07,2026-01-07 09:33:00-05:00,LONG,0.0025
CRWD,2026-01-07,2026-01-07 09:34:00-05:00,LONG,-0.004
CRWD,2026-01-07,2026-01-07 09:55:00-05:00,LONG,0.0025
CRWD,2026-01-07,2026-01-07 09:56:00-05:00,LONG,-0.004
CRWD,2026-01-08,2026-01-08 09:30:00-05:00,LONG,-0.004
CRWD,2026-01-08,2026-01-08 09:33:00-05:00,SHORT,0.0025
CRWD,2026-01-08,2026-01-08 09:34:00-05:00,SHORT,0.006916923792214386
CRWD,2026-01-08,2026-01-08 09:38:00-05:00,SHORT,0.005813553035922443
CRWD,2026-01-08,2026-01-08 09:41:00-05:00,SHORT,0.0025
CRWD,2026-01-08,2026-01-08 10:01:00-05:00,SHORT,0.0014947683109117844
CRWD,2026-01-09,2026-01-09 09:37:00-05:00,LONG,-0.004
CRWD,2026-01-12,2026-01-12 09:30:00-05:00,LONG,-0.004
CRWD,2026-01-12,2026-01-12 09:32:00-05:00,LONG,-0.004
CRWD,2026-01-13,2026-01-13 09:31:00-05:00,SHORT,-0.004
CRWD,2026-01-13,2026-01-13 09:36:00-05:00,LONG,0.0025
CRWD,2026-01-13,2026-01-13 09:37:00-05:00,LONG,-0.004
CRWD,2026-01-13,2026-01-13 09:41:00-05:00,LONG,-0.004
CRWD,2026-01-14,2026-01-14 09:32:00-05:00,LONG,0.0025
CRWD,2026-01-14,2026-01-14 09:33:00-05:00,LONG,-0.004
CRWD,2026-01-14,2026-01-14 10:00:00-05:00,SHORT,-0.004
CRWD,2026-01-15,2026-01-15 09:32:00-05:00,LONG,0.0025
CRWD,2026-01-15,2026-01-15 09:33:00-05:00,LONG,-0.004
CRWD,2026-01-15,2026-01-15 09:36:00-05:00,LONG,-0.004
CRWD,2026-01-20,2026-01-20 09:31:00-05:00,SHORT,-0.004
CRWD,2026-01-20,2026-01-20 09:38:00-05:00,LONG,-0.004
CRWD,2026-01-21,2026-01-21 09:32:00-05:00,LONG,0.0025
CRWD,2026-01-21,2026-01-21 09:33:00-05:00,LONG,-0.004
CRWD,2026-01-21,2026-01-21 09:35:00-05:00,LONG,-0.004
CRWD,2026-01-21,2026-01-21 09:56:00-05:00,LONG,0.005159633413861098
CRWD,2026-01-23,2026-01-23 09:32:00-05:00,SHORT,0.0025
CRWD,2026-01-23,2026-01-23 09:37:00-05:00,SHORT,-0.004
CRWD,2026-01-23,2026-01-23 09:51:00-05:00,LONG,0.00010997349638739565
CRWD,2026-01-23,2026-01-23 10:00:00-05:00,LONG,-0.004
CRWD,2026-01-26,2026-01-26 09:32:00-05:00,LONG,-0.004
CRWD,2026-01-26,2026-01-26 09:38:00-05:00,LONG,0.0025
CRWD,2026-01-27,2026-01-27 09:30:00-05:00,LONG,-0.004
CRWD,2026-01-27,2026-01-27 09:55:00-05:00,LONG,-0.004
CRWD,2026-01-28,2026-01-28 09:30:00-05:00,LONG,0.0025
CRWD,2026-01-28,2026-01-28 09:34:00-05:00,LONG,-0.004
CRWD,2026-01-29,2026-01-29 09:30:00-05:00,SHORT,0.0025
CRWD,2026-01-29,2026-01-29 09:31:00-05:00,SHORT,0.0025
CRWD,2026-01-29,2026-01-29 09:32:00-05:00,SHORT,0.0025
CRWD,2026-01-29,2026-01-29 09:34:00-05:00,SHORT,0.0025
CRWD,2026-01-29,2026-01-29 09:35:00-05:00,SHORT,-0.004
CRWD,2026-01-29,2026-01-29 09:40:00-05:00,SHORT,0.0025
CRWD,2026-01-29,2026-01-29 09:43:00-05:00,SHORT,-0.004
CRWD,2026-01-29,2026-01-29 09:57:00-05:00,SHORT,0.0025
CRWD,2026-01-29,2026-01-29 10:01:00-05:00,SHORT,-0.004
CRWD,2026-01-30,2026-01-30 09:32:00-05:00,LONG,0.0025
CRWD,2026-01-30,2026-01-30 09:33:00-05:00,LONG,-0.004
CRWD,2026-02-02,2026-02-02 09:43:00-05:00,LONG,0.005985617597292697
CRWD,2026-02-02,2026-02-02 09:50:00-05:00,LONG,-0.004
CRWD,2026-02-02,2026-02-02 10:01:00-05:00,LONG,-0.0015699643393814085
CRWD,2026-02-03,2026-02-03 09:30:00-05:00,SHORT,-0.004
CRWD,2026-02-03,2026-02-03 09:43:00-05:00,SHORT,-0.004
CRWD,2026-02-03,2026-02-03 09:50:00-05:00,SHORT,0.0025
CRWD,2026-02-04,2026-02-04 09:30:00-05:00,SHORT,0.0025
CRWD,2026-02-04,2026-02-04 09:31:00-05:00,SHORT,-0.004
CRWD,2026-02-04,2026-02-04 10:11:00-05:00,LONG,0.01
CRWD,2026-02-05,2026-02-05 09:30:00-05:00,SHORT,-0.004
CRWD,2026-02-05,2026-02-05 09:35:00-05:00,SHORT,0.0025
CRWD,2026-02-05,2026-02-05 09:36:00-05:00,SHORT,-0.004
CRWD,2026-02-06,2026-02-06 09:30:00-05:00,SHORT,-0.004
CRWD,2026-02-06,2026-02-06 09:37:00-05:00,LONG,0.0025
CRWD,2026-02-06,2026-02-06 09:39:00-05:00,LONG,-0.004
CRWD,2026-02-06,2026-02-06 09:42:00-05:00,LONG,0.0025
CRWD,2026-02-09,2026-02-09 09:30:00-05:00,SHORT,0.0025
CRWD,2026-02-10,2026-02-10 09:31:00-05:00,SHORT,-0.004
CRWD,2026-02-10,2026-02-10 09:33:00-05:00,SHORT,-0.004
CRWD,2026-02-11,2026-02-11 09:31:00-05:00,SHORT,-0.004
CRWD,2026-02-12,2026-02-12 09:30:00-05:00,SHORT,-0.004
CRWD,2026-02-12,2026-02-12 09:35:00-05:00,SHORT,-0.004
CRWD,2026-02-12,2026-02-12 09:43:00-05:00,SHORT,0.0025
CRWD,2026-02-13,2026-02-13 09:31:00-05:00,LONG,-0.004
CRWD,2026-02-13,2026-02-13 09:33:00-05:00,LONG,0.0025
CRWD,2026-02-13,2026-02-13 09:43:00-05:00,LONG,-0.004
CRWD,2026-02-13,2026-02-13 09:45:00-05:00,LONG,-0.004
CRWD,2026-02-13,2026-02-13 10:27:00-05:00,LONG,0.0025
CRWD,2026-02-13,2026-02-13 10:30:00-05:00,LONG,-0.004
CRWD,2026-02-17,2026-02-17 09:30:00-05:00,SHORT,-0.004
CRWD,2026-02-17,2026-02-17 09:32:00-05:00,SHORT,-0.004
CRWD,2026-02-17,2026-02-17 09:40:00-05:00,SHORT,0.01
CRWD,2026-02-17,2026-02-17 10:03:00-05:00,SHORT,0.0025
CRWD,2026-02-17,2026-02-17 10:11:00-05:00,SHORT,-0.004
CRWD,2026-02-17,2026-02-17 10:25:00-05:00,SHORT,-0.004
CRWD,2026-02-18,2026-02-18 09:30:00-05:00,SHORT,0.0025
CRWD,2026-02-18,2026-02-18 09:32:00-05:00,SHORT,-0.004
CRWD,2026-02-18,2026-02-18 09:34:00-05:00,SHORT,-0.004
CRWD,2026-02-18,2026-02-18 09:36:00-05:00,SHORT,-0.004
CRWD,2026-02-18,2026-02-18 09:45:00-05:00,LONG,-0.004
CRWD,2026-02-18,2026-02-18 10:16:00-05:00,LONG,0.004555189654343586
CRWD,2026-02-19,2026-02-19 09:30:00-05:00,SHORT,-0.004
CRWD,2026-02-19,2026-02-19 09:33:00-05:00,SHORT,-0.004
CRWD,2026-02-19,2026-02-19 10:00:00-05:00,LONG,-0.004
CRWD,2026-02-20,2026-02-20 09:31:00-05:00,SHORT,-0.004
CRWD,2026-02-20,2026-02-20 09:35:00-05:00,LONG,0.01
CRWD,2026-02-20,2026-02-20 09:42:00-05:00,LONG,0.005561044977423343
CRWD,2026-02-20,2026-02-20 10:01:00-05:00,LONG,-0.004
CRWD,2026-02-20,2026-02-20 10:21:00-05:00,LONG,-0.004
CRWD,2026-02-23,2026-02-23 09:30:00-05:00,SHORT,-0.004
CRWD,2026-02-23,2026-02-23 09:31:00-05:00,SHORT,-0.004
CRWD,2026-02-23,2026-02-23 09:35:00-05:00,SHORT,-0.004
CRWD,2026-02-23,2026-02-23 09:39:00-05:00,SHORT,0.01
CRWD,2026-02-23,2026-02-23 09:44:00-05:00,SHORT,-0.004
CRWD,2026-02-23,2026-02-23 10:04:00-05:00,SHORT,0.0025
CRWD,2026-02-23,2026-02-23 10:30:00-05:00,SHORT,-0.004
CRWD,2026-02-24,2026-02-24 09:31:00-05:00,SHORT,-0.004
CRWD,2026-02-24,2026-02-24 09:33:00-05:00,SHORT,-0.004
CRWD,2026-02-24,2026-02-24 09:40:00-05:00,LONG,0.0025
CRWD,2026-02-24,2026-02-24 09:41:00-05:00,LONG,-0.004
CRWD,2026-02-24,2026-02-24 10:16:00-05:00,LONG,0.0025
CRWD,2026-02-24,2026-02-24 10:29:00-05:00,LONG,-0.004
CRWD,2026-02-25,2026-02-25 09:37:00-05:00,SHORT,-0.004
CRWD,2026-02-25,2026-02-25 09:51:00-05:00,LONG,0.0025
CRWD,2026-02-26,2026-02-26 09:31:00-05:00,LONG,-0.004
CRWD,2026-02-26,2026-02-26 09:35:00-05:00,LONG,-0.004
CRWD,2026-02-26,2026-02-26 09:39:00-05:00,LONG,0.01
CRWD,2026-02-26,2026-02-26 09:41:00-05:00,LONG,0.0025
CRWD,2026-02-26,2026-02-26 09:42:00-05:00,LONG,-0.004
CRWD,2026-02-27,2026-02-27 09:40:00-05:00,SHORT,0.0025
CRWD,2026-02-27,2026-02-27 09:42:00-05:00,SHORT,-0.004
CRWD,2026-03-02,2026-03-02 09:31:00-05:00,LONG,0.0025
CRWD,2026-03-02,2026-03-02 09:35:00-05:00,LONG,0.0025
CRWD,2026-03-02,2026-03-02 09:40:00-05:00,LONG,-0.004
CRWD,2026-03-03,2026-03-03 09:31:00-05:00,LONG,-0.004
CRWD,2026-03-04,2026-03-04 09:30:00-05:00,LONG,-0.004
CRWD,2026-03-04,2026-03-04 09:36:00-05:00,SHORT,0.0025
CRWD,2026-03-04,2026-03-04 09:37:00-05:00,SHORT,-0.004
CRWD,2026-03-05,2026-03-05 09:30:00-05:00,LONG,0.01
CRWD,2026-03-05,2026-03-05 09:31:00-05:00,LONG,0.0025
CRWD,2026-03-05,2026-03-05 09:32:00-05:00,LONG,0.0025
CRWD,2026-03-05,2026-03-05 09:35:00-05:00,LONG,0.0025
CRWD,2026-03-05,2026-03-05 09:36:00-05:00,LONG,0.0025
CRWD,2026-03-05,2026-03-05 10:13:00-05:00,LONG,-0.004
CRWD,2026-03-06,2026-03-06 09:30:00-05:00,LONG,-0.004
CRWD,2026-03-06,2026-03-06 09:32:00-05:00,LONG,0.0025
CRWD,2026-03-06,2026-03-06 09:33:00-05:00,LONG,-0.004
CRWD,2026-03-06,2026-03-06 09:34:00-05:00,LONG,-0.004
CRWD,2026-03-09,2026-03-09 09:30:00-04:00,LONG,-0.004
CRWD,2026-03-09,2026-03-09 09:35:00-04:00,LONG,-0.004
CRWD,2026-03-09,2026-03-09 09:52:00-04:00,LONG,-0.004
CRWD,2026-03-09,2026-03-09 10:03:00-04:00,LONG,-0.004
CRWD,2026-03-09,2026-03-09 10:27:00-04:00,SHORT,-0.004
CRWD,2026-03-10,2026-03-10 09:30:00-04:00,SHORT,-0.004
CRWD,2026-03-10,2026-03-10 09:35:00-04:00,SHORT,0.0025
CRWD,2026-03-10,2026-03-10 09:36:00-04:00,SHORT,0.0025
CRWD,2026-03-10,2026-03-10 10:07:00-04:00,SHORT,-0.004
CRWD,2026-03-11,2026-03-11 09:30:00-04:00,LONG,-0.004
CRWD,2026-03-11,2026-03-11 09:32:00-04:00,LONG,0.0025
CRWD,2026-03-11,2026-03-11 09:34:00-04:00,LONG,0.0025
CRWD,2026-03-11,2026-03-11 09:35:00-04:00,LONG,-0.004
CRWD,2026-03-12,2026-03-12 09:30:00-04:00,LONG,-0.004
CRWD,2026-03-12,2026-03-12 09:40:00-04:00,LONG,-0.004
CRWD,2026-03-13,2026-03-13 09:42:00-04:00,LONG,0.0025
CRWD,2026-03-16,2026-03-16 09:30:00-04:00,SHORT,-0.004
CRWD,2026-03-16,2026-03-16 09:35:00-04:00,SHORT,0.01
CRWD,2026-03-16,2026-03-16 10:12:00-04:00,SHORT,-0.004
CRWD,2026-03-16,2026-03-16 10:30:00-04:00,SHORT,0.005686041661839331
CRWD,2026-03-17,2026-03-17 09:30:00-04:00,LONG,0.01
CRWD,2026-03-17,2026-03-17 09:31:00-04:00,LONG,0.0025
CRWD,2026-03-17,2026-03-17 09:36:00-04:00,LONG,-0.004
CRWD,2026-03-17,2026-03-17 09:39:00-04:00,LONG,-0.004
CRWD,2026-03-17,2026-03-17 10:03:00-04:00,LONG,-0.004
CRWD,2026-03-17,2026-03-17 10:28:00-04:00,LONG,-0.004
CRWD,2026-03-18,2026-03-18 09:31:00-04:00,LONG,0.0025
CRWD,2026-03-18,2026-03-18 09:32:00-04:00,LONG,0.0025
CRWD,2026-03-18,2026-03-18 09:33:00-04:00,LONG,0.0025
CRWD,2026-03-18,2026-03-18 09:34:00-04:00,LONG,0.0025
CRWD,2026-03-18,2026-03-18 09:35:00-04:00,LONG,-0.004
CRWD,2026-03-19,2026-03-19 09:36:00-04:00,SHORT,0.0025
CRWD,2026-03-19,2026-03-19 09:37:00-04:00,SHORT,0.0025
CRWD,2026-03-20,2026-03-20 09:30:00-04:00,SHORT,-0.004
CRWD,2026-03-20,2026-03-20 09:50:00-04:00,SHORT,0.0025
CRWD,2026-03-20,2026-03-20 10:05:00-04:00,SHORT,0.0025
CRWD,2026-03-20,2026-03-20 10:18:00-04:00,SHORT,-0.004
CRWD,2026-03-23,2026-03-23 09:30:00-04:00,SHORT,-0.004
CRWD,2026-03-24,2026-03-24 09:35:00-04:00,SHORT,0.01
CRWD,2026-03-24,2026-03-24 09:36:00-04:00,SHORT,0.01
CRWD,2026-03-24,2026-03-24 09:37:00-04:00,SHORT,0.01
CRWD,2026-03-24,2026-03-24 09:38:00-04:00,SHORT,0.0025
CRWD,2026-03-24,2026-03-24 09:39:00-04:00,SHORT,-0.004
CRWD,2026-03-24,2026-03-24 10:03:00-04:00,SHORT,-0.004
CRWD,2026-03-25,2026-03-25 09:30:00-04:00,SHORT,0.0025
CRWD,2026-03-25,2026-03-25 09:32:00-04:00,SHORT,-0.004
CRWD,2026-03-25,2026-03-25 10:18:00-04:00,LONG,-0.004
CRWD,2026-03-26,2026-03-26 09:36:00-04:00,LONG,0.0025
CRWD,2026-03-26,2026-03-26 09:37:00-04:00,LONG,-0.004
CRWD,2026-03-26,2026-03-26 09:41:00-04:00,LONG,-0.004
CRWD,2026-03-26,2026-03-26 09:52:00-04:00,LONG,0.0028822532555235016
CRWD,2026-03-26,2026-03-26 09:59:00-04:00,LONG,-0.004
CRWD,2026-03-26,2026-03-26 10:12:00-04:00,LONG,-0.004
CRWD,2026-03-30,2026-03-30 09:31:00-04:00,LONG,0.0025
CRWD,2026-03-30,2026-03-30 09:32:00-04:00,LONG,-0.004
CRWD,2026-03-30,2026-03-30 09:33:00-04:00,LONG,-0.004
CRWD,2026-03-30,2026-03-30 09:35:00-04:00,LONG,-0.004
CRWD,2026-03-30,2026-03-30 09:38:00-04:00,LONG,-0.004
CRWD,2026-03-30,2026-03-30 09:54:00-04:00,LONG,-0.004
CRWD,2026-03-30,2026-03-30 09:58:00-04:00,LONG,-0.004
CRWD,2026-04-01,2026-04-01 09:30:00-04:00,SHORT,-0.004
CRWD,2026-04-02,2026-04-02 09:40:00-04:00,SHORT,-0.004
CRWD,2026-04-02,2026-04-02 10:14:00-04:00,LONG,0.01
CRWD,2026-04-06,2026-04-06 09:36:00-04:00,SHORT,-0.004
CRWD,2026-04-07,2026-04-07 09:31:00-04:00,LONG,0.0025
CRWD,2026-04-07,2026-04-07 09:34:00-04:00,LONG,-0.004
CRWD,2026-04-08,2026-04-08 09:30:00-04:00,LONG,0.01
CRWD,2026-04-08,2026-04-08 09:34:00-04:00,LONG,-0.004
CRWD,2026-04-08,2026-04-08 09:37:00-04:00,LONG,-0.004
CRWD,2026-04-09,2026-04-09 09:33:00-04:00,SHORT,0.01
CRWD,2026-04-09,2026-04-09 09:35:00-04:00,SHORT,-0.004
CRWD,2026-04-09,2026-04-09 09:37:00-04:00,SHORT,-0.004
CRWD,2026-04-09,2026-04-09 09:50:00-04:00,SHORT,0.0025
CRWD,2026-04-09,2026-04-09 10:00:00-04:00,SHORT,-0.004
CRWD,2026-04-09,2026-04-09 10:09:00-04:00,SHORT,-0.004
CRWD,2026-04-10,2026-04-10 09:30:00-04:00,SHORT,-0.004
CRWD,2026-04-10,2026-04-10 09:32:00-04:00,SHORT,0.0025
CRWD,2026-04-10,2026-04-10 09:33:00-04:00,SHORT,0.0025
CRWD,2026-04-10,2026-04-10 09:34:00-04:00,SHORT,0.0025
CRWD,2026-04-10,2026-04-10 09:35:00-04:00,SHORT,-0.004
CRWD,2026-04-10,2026-04-10 09:38:00-04:00,SHORT,0.01
CRWD,2026-04-10,2026-04-10 09:43:00-04:00,SHORT,-0.004
CRWD,2026-04-10,2026-04-10 09:50:00-04:00,SHORT,0.0025
CRWD,2026-04-10,2026-04-10 10:18:00-04:00,SHORT,0.008112810733317074
CRWD,2026-04-13,2026-04-13 09:30:00-04:00,LONG,0.0025
CRWD,2026-04-13,2026-04-13 09:31:00-04:00,LONG,-0.004
CRWD,2026-04-13,2026-04-13 09:33:00-04:00,LONG,-0.004
CRWD,2026-04-13,2026-04-13 09:43:00-04:00,LONG,0.0025
CRWD,2026-04-14,2026-04-14 09:31:00-04:00,LONG,0.0025
CRWD,2026-04-14,2026-04-14 09:32:00-04:00,LONG,0.0025
CRWD,2026-04-14,2026-04-14 09:33:00-04:00,LONG,0.0025
CRWD,2026-04-14,2026-04-14 09:35:00-04:00,LONG,-0.004
CRWD,2026-04-15,2026-04-15 09:33:00-04:00,LONG,0.0025
CRWD,2026-04-15,2026-04-15 09:36:00-04:00,LONG,-0.004
CRWD,2026-04-15,2026-04-15 09:38:00-04:00,LONG,-0.004
CRWD,2026-04-16,2026-04-16 09:32:00-04:00,LONG,-0.004
CRWD,2026-04-17,2026-04-17 09:37:00-04:00,LONG,-0.004
CRWD,2026-04-20,2026-04-20 09:32:00-04:00,LONG,0.0025
CRWD,2026-04-20,2026-04-20 09:33:00-04:00,LONG,0.0025
CRWD,2026-04-20,2026-04-20 09:34:00-04:00,LONG,0.0025
CRWD,2026-04-20,2026-04-20 09:35:00-04:00,LONG,-0.004
CRWD,2026-04-20,2026-04-20 09:52:00-04:00,LONG,-0.004
CRWD,2026-04-21,2026-04-21 09:33:00-04:00,LONG,0.0025
CRWD,2026-04-21,2026-04-21 09:42:00-04:00,LONG,0.0025
CRWD,2026-04-21,2026-04-21 09:49:00-04:00,LONG,0.01
CRWD,2026-04-21,2026-04-21 09:57:00-04:00,LONG,-0.004
CRWD,2026-04-21,2026-04-21 10:00:00-04:00,LONG,-0.004
CRWD,2026-04-22,2026-04-22 09:31:00-04:00,LONG,-0.004
CRWD,2026-04-22,2026-04-22 10:01:00-04:00,LONG,0.005488665933563432
CRWD,2026-04-22,2026-04-22 10:14:00-04:00,LONG,0.0025
CRWD,2026-04-23,2026-04-23 09:31:00-04:00,SHORT,-0.004
CRWD,2026-04-23,2026-04-23 09:33:00-04:00,SHORT,-0.004
CRWD,2026-04-24,2026-04-24 09:30:00-04:00,SHORT,-0.004
CRWD,2026-04-24,2026-04-24 09:32:00-04:00,SHORT,0.0025
CRWD,2026-04-24,2026-04-24 09:38:00-04:00,SHORT,-0.004
CRWD,2026-04-24,2026-04-24 10:27:00-04:00,SHORT,-0.004
CRWD,2026-04-27,2026-04-27 09:30:00-04:00,SHORT,-0.004
CRWD,2026-04-27,2026-04-27 09:33:00-04:00,SHORT,0.0025
CRWD,2026-04-27,2026-04-27 09:34:00-04:00,SHORT,-0.004
CRWD,2026-04-27,2026-04-27 10:28:00-04:00,LONG,-0.004
CRWD,2026-04-28,2026-04-28 09:32:00-04:00,LONG,-0.004
CRWD,2026-04-28,2026-04-28 09:39:00-04:00,SHORT,-0.004
CRWD,2026-04-28,2026-04-28 09:59:00-04:00,SHORT,-0.004
CRWD,2026-04-29,2026-04-29 09:30:00-04:00,SHORT,-0.004
CRWD,2026-04-29,2026-04-29 09:32:00-04:00,SHORT,-0.004
CRWD,2026-04-29,2026-04-29 09:56:00-04:00,LONG,-0.004
CRWD,2026-04-30,2026-04-30 09:30:00-04:00,SHORT,-0.004
CRWD,2026-04-30,2026-04-30 09:32:00-04:00,SHORT,0.0025
CRWD,2026-04-30,2026-04-30 09:33:00-04:00,SHORT,-0.004
CRWD,2026-04-30,2026-04-30 09:59:00-04:00,SHORT,-0.004
CRWD,2026-04-30,2026-04-30 10:08:00-04:00,SHORT,-0.004
CRWD,2026-04-30,2026-04-30 10:16:00-04:00,SHORT,-0.004
CRWD,2026-05-01,2026-05-01 09:30:00-04:00,LONG,-0.004
CRWD,2026-05-01,2026-05-01 09:35:00-04:00,LONG,-0.004
CRWD,2026-05-04,2026-05-04 09:31:00-04:00,LONG,-0.004
CRWD,2026-05-04,2026-05-04 09:32:00-04:00,LONG,0.0025
CRWD,2026-05-04,2026-05-04 09:33:00-04:00,LONG,-0.004
CRWD,2026-05-04,2026-05-04 09:35:00-04:00,LONG,-0.004
CRWD,2026-05-04,2026-05-04 09:45:00-04:00,LONG,0.0025
CRWD,2026-05-04,2026-05-04 09:47:00-04:00,LONG,-0.004
CRWD,2026-05-04,2026-05-04 10:25:00-04:00,LONG,-0.004
CRWD,2026-05-05,2026-05-05 09:30:00-04:00,SHORT,-0.004
CRWD,2026-05-05,2026-05-05 09:54:00-04:00,SHORT,-0.004
CRWD,2026-05-06,2026-05-06 09:30:00-04:00,SHORT,-0.004
CRWD,2026-05-06,2026-05-06 09:45:00-04:00,SHORT,0.0025
CRWD,2026-05-06,2026-05-06 09:46:00-04:00,SHORT,-0.004
CRWD,2026-05-06,2026-05-06 10:24:00-04:00,LONG,-0.004
CRWD,2026-05-07,2026-05-07 09:30:00-04:00,LONG,0.0025
CRWD,2026-05-07,2026-05-07 09:33:00-04:00,LONG,-0.004
CRWD,2026-05-07,2026-05-07 09:41:00-04:00,LONG,0.0025
CRWD,2026-05-07,2026-05-07 09:42:00-04:00,LONG,-0.004
CRWD,2026-05-07,2026-05-07 10:04:00-04:00,LONG,-0.004
CRWD,2026-05-08,2026-05-08 09:30:00-04:00,LONG,-0.004
CRWD,2026-05-08,2026-05-08 09:35:00-04:00,SHORT,-0.004
CRWD,2026-05-08,2026-05-08 09:38:00-04:00,SHORT,0.0025
CRWD,2026-05-08,2026-05-08 09:41:00-04:00,SHORT,-0.004
CRWD,2026-05-08,2026-05-08 09:59:00-04:00,LONG,0.01
CRWD,2026-05-08,2026-05-08 10:07:00-04:00,LONG,0.008277187798911746
CRWD,2026-05-11,2026-05-11 09:30:00-04:00,LONG,-0.004
CRWD,2026-05-11,2026-05-11 09:34:00-04:00,LONG,-0.004
CRWD,2026-05-11,2026-05-11 09:46:00-04:00,LONG,-0.004
CRWD,2026-05-12,2026-05-12 09:31:00-04:00,SHORT,-0.004
CRWD,2026-05-12,2026-05-12 09:33:00-04:00,SHORT,-0.004
CRWD,2026-05-12,2026-05-12 10:11:00-04:00,LONG,0.0025
CRWD,2026-05-12,2026-05-12 10:14:00-04:00,LONG,-0.004
CRWD,2026-05-13,2026-05-13 09:30:00-04:00,LONG,-0.004
CRWD,2026-05-13,2026-05-13 09:32:00-04:00,LONG,0.0025
CRWD,2026-05-13,2026-05-13 09:33:00-04:00,LONG,-0.004
CRWD,2026-05-13,2026-05-13 10:21:00-04:00,LONG,0.0025
CRWD,2026-05-13,2026-05-13 10:24:00-04:00,LONG,-0.004
CRWD,2026-05-14,2026-05-14 09:35:00-04:00,SHORT,0.0025
CRWD,2026-05-14,2026-05-14 10:22:00-04:00,LONG,0.0025
CRWD,2026-05-14,2026-05-14 10:24:00-04:00,LONG,-0.004
CRWD,2026-05-15,2026-05-15 09:30:00-04:00,SHORT,0.0025
CRWD,2026-05-15,2026-05-15 09:31:00-04:00,SHORT,-0.004
CRWD,2026-05-15,2026-05-15 09:56:00-04:00,LONG,-0.004
CRWD,2026-05-15,2026-05-15 10:21:00-04:00,LONG,-0.004
CRWD,2026-05-18,2026-05-18 09:35:00-04:00,LONG,0.0025
CRWD,2026-05-18,2026-05-18 10:03:00-04:00,LONG,0.0025
CRWD,2026-05-19,2026-05-19 09:30:00-04:00,LONG,-0.004
CRWD,2026-05-19,2026-05-19 09:35:00-04:00,LONG,0.0025
CRWD,2026-05-19,2026-05-19 09:36:00-04:00,LONG,0.0025
CRWD,2026-05-19,2026-05-19 09:38:00-04:00,LONG,-0.004
CRWD,2026-05-19,2026-05-19 09:47:00-04:00,LONG,-0.004
CRWD,2026-05-20,2026-05-20 09:30:00-04:00,LONG,0.0025
CRWD,2026-05-20,2026-05-20 09:32:00-04:00,LONG,0.0025
CRWD,2026-05-21,2026-05-21 09:31:00-04:00,LONG,0.0025
CRWD,2026-05-21,2026-05-21 09:32:00-04:00,LONG,0.0025
CRWD,2026-05-21,2026-05-21 09:33:00-04:00,LONG,-0.004
CRWD,2026-05-21,2026-05-21 10:16:00-04:00,LONG,-0.004
CRWD,2026-05-22,2026-05-22 09:30:00-04:00,LONG,-0.004
CRWD,2026-05-22,2026-05-22 09:33:00-04:00,LONG,0.01
CRWD,2026-05-22,2026-05-22 09:36:00-04:00,LONG,0.01
CRWD,2026-05-22,2026-05-22 09:37:00-04:00,LONG,0.0025
CRWD,2026-05-26,2026-05-26 09:35:00-04:00,SHORT,0.0025
CRWD,2026-05-26,2026-05-26 09:36:00-04:00,SHORT,-0.004
CRWD,2026-05-26,2026-05-26 09:39:00-04:00,SHORT,-0.004
CRWD,2026-05-27,2026-05-27 10:19:00-04:00,SHORT,0.0025
CRWD,2026-05-27,2026-05-27 10:26:00-04:00,SHORT,-0.004
CRWD,2026-05-28,2026-05-28 09:30:00-04:00,SHORT,-0.004
CRWD,2026-05-28,2026-05-28 09:33:00-04:00,SHORT,-0.004
CRWD,2026-05-28,2026-05-28 10:12:00-04:00,LONG,-0.004
CRWD,2026-05-29,2026-05-29 09:31:00-04:00,LONG,0.0025
CRWD,2026-05-29,2026-05-29 09:32:00-04:00,LONG,0.01
CRWD,2026-05-29,2026-05-29 09:34:00-04:00,LONG,0.01
CRWD,2026-05-29,2026-05-29 09:36:00-04:00,LONG,-0.004
CRWD,2026-05-29,2026-05-29 09:44:00-04:00,LONG,0.0025
CRWD,2026-06-01,2026-06-01 09:32:00-04:00,LONG,0.0025
CRWD,2026-06-01,2026-06-01 09:33:00-04:00,LONG,0.004476666666666688
CRWD,2026-06-01,2026-06-01 09:34:00-04:00,LONG,0.0025
CRWD,2026-06-01,2026-06-01 09:35:00-04:00,LONG,-0.004
CRWD,2026-06-01,2026-06-01 09:36:00-04:00,LONG,-0.004
CRWD,2026-06-02,2026-06-02 09:31:00-04:00,LONG,-0.004
CRWD,2026-06-02,2026-06-02 09:54:00-04:00,SHORT,-0.004
CRWD,2026-06-03,2026-06-03 09:30:00-04:00,SHORT,-0.004
CRWD,2026-06-03,2026-06-03 09:31:00-04:00,SHORT,0.0025
CRWD,2026-06-03,2026-06-03 09:32:00-04:00,SHORT,0.0025
CRWD,2026-06-03,2026-06-03 09:33:00-04:00,SHORT,-0.004
CRWD,2026-06-03,2026-06-03 09:35:00-04:00,SHORT,-0.004
CRWD,2026-06-04,2026-06-04 09:30:00-04:00,LONG,0.0025
CRWD,2026-06-04,2026-06-04 09:32:00-04:00,LONG,-0.004
CRWD,2026-06-04,2026-06-04 10:03:00-04:00,LONG,-0.004
CRWD,2026-06-05,2026-06-05 09:31:00-04:00,SHORT,0.0025
CRWD,2026-06-05,2026-06-05 09:32:00-04:00,SHORT,0.0025
CRWD,2026-06-05,2026-06-05 09:33:00-04:00,SHORT,-0.004
CRWD,2026-06-08,2026-06-08 09:30:00-04:00,LONG,-0.004
CRWD,2026-06-08,2026-06-08 09:32:00-04:00,LONG,-0.004
CRWD,2026-06-08,2026-06-08 09:36:00-04:00,SHORT,-0.004
CRWD,2026-06-08,2026-06-08 09:45:00-04:00,LONG,-0.004
CRWD,2026-06-09,2026-06-09 09:30:00-04:00,LONG,-0.004
CRWD,2026-06-09,2026-06-09 09:32:00-04:00,SHORT,-0.004
CRWD,2026-06-09,2026-06-09 09:36:00-04:00,SHORT,0.0025
CRWD,2026-06-09,2026-06-09 09:37:00-04:00,SHORT,0.0025
CRWD,2026-06-09,2026-06-09 10:16:00-04:00,SHORT,-0.004
CRWD,2026-06-09,2026-06-09 10:18:00-04:00,SHORT,-0.004
CRWD,2026-06-10,2026-06-10 09:30:00-04:00,LONG,-0.004
CRWD,2026-06-10,2026-06-10 09:32:00-04:00,LONG,-0.004
CRWD,2026-06-10,2026-06-10 09:33:00-04:00,LONG,-0.004
CRWD,2026-06-11,2026-06-11 09:30:00-04:00,SHORT,-0.004
CRWD,2026-06-11,2026-06-11 09:36:00-04:00,LONG,-0.004
CRWD,2026-06-11,2026-06-11 09:47:00-04:00,LONG,0.01
CRWD,2026-06-12,2026-06-12 09:34:00-04:00,SHORT,-0.004
CRWD,2026-06-12,2026-06-12 10:03:00-04:00,LONG,-0.004
PANW,2025-12-15,2025-12-15 09:30:00-05:00,SHORT,-0.004
PANW,2025-12-15,2025-12-15 09:32:00-05:00,SHORT,0.008375223943513515
PANW,2025-12-15,2025-12-15 09:33:00-05:00,SHORT,-0.004
PANW,2025-12-16,2025-12-16 09:30:00-05:00,LONG,0.0025
PANW,2025-12-16,2025-12-16 09:36:00-05:00,LONG,-0.004
PANW,2025-12-18,2025-12-18 09:31:00-05:00,LONG,-0.004
PANW,2025-12-22,2025-12-22 09:33:00-05:00,SHORT,0.0025
PANW,2025-12-24,2025-12-24 09:35:00-05:00,SHORT,0.0030846774193548417
PANW,2026-01-02,2026-01-02 09:32:00-05:00,SHORT,-0.004
PANW,2026-01-02,2026-01-02 10:11:00-05:00,SHORT,0.002859652520334188
PANW,2026-01-05,2026-01-05 09:42:00-05:00,LONG,0.01
PANW,2026-01-07,2026-01-07 09:33:00-05:00,LONG,-0.004
PANW,2026-01-08,2026-01-08 09:32:00-05:00,SHORT,0.0069406232087957705
PANW,2026-01-09,2026-01-09 09:35:00-05:00,LONG,-0.004
PANW,2026-01-13,2026-01-13 09:30:00-05:00,LONG,0.01
PANW,2026-01-13,2026-01-13 09:32:00-05:00,LONG,0.01
PANW,2026-01-13,2026-01-13 09:33:00-05:00,LONG,0.0025
PANW,2026-01-13,2026-01-13 09:41:00-05:00,LONG,-0.004
PANW,2026-01-14,2026-01-14 09:32:00-05:00,LONG,0.0025
PANW,2026-01-14,2026-01-14 09:34:00-05:00,LONG,-0.004
PANW,2026-01-14,2026-01-14 10:00:00-05:00,SHORT,-0.004
PANW,2026-01-15,2026-01-15 09:54:00-05:00,LONG,0.005926079734219325
PANW,2026-01-20,2026-01-20 09:31:00-05:00,SHORT,-0.004
PANW,2026-01-21,2026-01-21 09:40:00-05:00,SHORT,-0.004
PANW,2026-01-22,2026-01-22 09:31:00-05:00,SHORT,0.004680734146609521
PANW,2026-01-23,2026-01-23 09:30:00-05:00,LONG,-0.004
PANW,2026-01-23,2026-01-23 09:31:00-05:00,LONG,-0.004
PANW,2026-01-23,2026-01-23 09:35:00-05:00,SHORT,-0.004
PANW,2026-01-27,2026-01-27 09:30:00-05:00,LONG,0.0025
PANW,2026-01-27,2026-01-27 09:31:00-05:00,LONG,-0.004
PANW,2026-01-29,2026-01-29 09:34:00-05:00,SHORT,0.01
PANW,2026-01-29,2026-01-29 09:36:00-05:00,SHORT,-0.004
PANW,2026-01-29,2026-01-29 09:40:00-05:00,SHORT,0.01
PANW,2026-01-29,2026-01-29 09:41:00-05:00,SHORT,0.0025
PANW,2026-01-29,2026-01-29 09:42:00-05:00,SHORT,0.0025
PANW,2026-01-29,2026-01-29 09:43:00-05:00,SHORT,-0.004
PANW,2026-01-29,2026-01-29 09:58:00-05:00,SHORT,0.01
PANW,2026-01-29,2026-01-29 10:00:00-05:00,SHORT,0.01
PANW,2026-01-29,2026-01-29 10:02:00-05:00,SHORT,0.0025
PANW,2026-01-29,2026-01-29 10:04:00-05:00,SHORT,-0.004
PANW,2026-02-02,2026-02-02 09:43:00-05:00,LONG,-0.004
PANW,2026-02-03,2026-02-03 09:30:00-05:00,SHORT,-0.004
PANW,2026-02-03,2026-02-03 09:41:00-05:00,SHORT,0.0025
PANW,2026-02-03,2026-02-03 09:43:00-05:00,SHORT,-0.004
PANW,2026-02-03,2026-02-03 09:50:00-05:00,SHORT,0.01
PANW,2026-02-03,2026-02-03 09:53:00-05:00,SHORT,0.01
PANW,2026-02-04,2026-02-04 09:30:00-05:00,SHORT,-0.004
PANW,2026-02-04,2026-02-04 09:45:00-05:00,SHORT,-0.004
PANW,2026-02-05,2026-02-05 10:00:00-05:00,SHORT,-0.004
PANW,2026-02-06,2026-02-06 09:30:00-05:00,SHORT,-0.004
PANW,2026-02-06,2026-02-06 09:32:00-05:00,SHORT,-0.004
PANW,2026-02-09,2026-02-09 09:30:00-05:00,SHORT,0.0025
PANW,2026-02-09,2026-02-09 09:31:00-05:00,SHORT,-0.004
PANW,2026-02-09,2026-02-09 10:30:00-05:00,LONG,-0.004
PANW,2026-02-10,2026-02-10 09:31:00-05:00,SHORT,-0.004
PANW,2026-02-10,2026-02-10 09:35:00-05:00,LONG,-0.004
PANW,2026-02-10,2026-02-10 10:12:00-05:00,SHORT,0.0025
PANW,2026-02-10,2026-02-10 10:18:00-05:00,SHORT,-0.004
PANW,2026-02-11,2026-02-11 09:31:00-05:00,SHORT,-0.004
PANW,2026-02-11,2026-02-11 09:35:00-05:00,SHORT,-0.004
PANW,2026-02-11,2026-02-11 09:38:00-05:00,SHORT,-0.004
PANW,2026-02-11,2026-02-11 09:40:00-05:00,LONG,-0.004
PANW,2026-02-12,2026-02-12 09:30:00-05:00,SHORT,-0.004
PANW,2026-02-12,2026-02-12 09:51:00-05:00,SHORT,-0.004
PANW,2026-02-12,2026-02-12 10:22:00-05:00,LONG,-0.004
PANW,2026-02-13,2026-02-13 09:31:00-05:00,LONG,-0.004
PANW,2026-02-13,2026-02-13 09:33:00-05:00,LONG,0.0025
PANW,2026-02-13,2026-02-13 09:34:00-05:00,LONG,-0.004
PANW,2026-02-13,2026-02-13 09:38:00-05:00,LONG,0.01
PANW,2026-02-13,2026-02-13 09:43:00-05:00,LONG,0.0025
PANW,2026-02-13,2026-02-13 09:45:00-05:00,LONG,0.0025
PANW,2026-02-13,2026-02-13 09:47:00-05:00,LONG,-0.004
PANW,2026-02-17,2026-02-17 09:30:00-05:00,SHORT,-0.004
PANW,2026-02-17,2026-02-17 09:32:00-05:00,SHORT,0.0025
PANW,2026-02-17,2026-02-17 09:33:00-05:00,SHORT,-0.004
PANW,2026-02-17,2026-02-17 09:35:00-05:00,SHORT,-0.004
PANW,2026-02-18,2026-02-18 09:30:00-05:00,SHORT,0.0025
PANW,2026-02-18,2026-02-18 09:34:00-05:00,SHORT,-0.004
PANW,2026-02-18,2026-02-18 10:03:00-05:00,LONG,0.0025
PANW,2026-02-18,2026-02-18 10:16:00-05:00,LONG,-0.004
PANW,2026-02-19,2026-02-19 09:30:00-05:00,SHORT,0.0025
PANW,2026-02-19,2026-02-19 09:32:00-05:00,SHORT,-0.004
PANW,2026-02-19,2026-02-19 09:34:00-05:00,SHORT,0.0025
PANW,2026-02-20,2026-02-20 09:35:00-05:00,LONG,0.01
PANW,2026-02-20,2026-02-20 10:01:00-05:00,LONG,-0.004
PANW,2026-02-23,2026-02-23 09:30:00-05:00,SHORT,-0.004
PANW,2026-02-23,2026-02-23 09:44:00-05:00,SHORT,-0.004
PANW,2026-02-24,2026-02-24 09:31:00-05:00,SHORT,-0.004
PANW,2026-02-24,2026-02-24 09:33:00-05:00,SHORT,-0.004
PANW,2026-02-24,2026-02-24 09:38:00-05:00,LONG,-0.004
PANW,2026-02-24,2026-02-24 09:40:00-05:00,LONG,0.0025
PANW,2026-02-25,2026-02-25 09:30:00-05:00,LONG,0.0025
PANW,2026-02-25,2026-02-25 09:31:00-05:00,LONG,0.0025
PANW,2026-02-25,2026-02-25 09:36:00-05:00,SHORT,0.0025
PANW,2026-02-25,2026-02-25 10:01:00-05:00,LONG,-0.004
PANW,2026-02-26,2026-02-26 09:30:00-05:00,LONG,-0.004
PANW,2026-02-27,2026-02-27 09:31:00-05:00,SHORT,-0.004
PANW,2026-02-27,2026-02-27 09:33:00-05:00,SHORT,-0.004
PANW,2026-02-27,2026-02-27 09:38:00-05:00,SHORT,0.0025
PANW,2026-02-27,2026-02-27 09:40:00-05:00,SHORT,0.0025
PANW,2026-03-02,2026-03-02 09:30:00-05:00,SHORT,-0.004
PANW,2026-03-02,2026-03-02 10:02:00-05:00,LONG,-0.004
PANW,2026-03-03,2026-03-03 09:30:00-05:00,LONG,0.0025
PANW,2026-03-03,2026-03-03 09:31:00-05:00,LONG,-0.004
PANW,2026-03-04,2026-03-04 09:30:00-05:00,LONG,-0.004
PANW,2026-03-04,2026-03-04 09:35:00-05:00,SHORT,0.0025
PANW,2026-03-04,2026-03-04 10:00:00-05:00,LONG,-0.004
PANW,2026-03-05,2026-03-05 09:30:00-05:00,LONG,0.01
PANW,2026-03-05,2026-03-05 09:35:00-05:00,LONG,0.01
PANW,2026-03-05,2026-03-05 09:36:00-05:00,LONG,0.0025
PANW,2026-03-06,2026-03-06 09:30:00-05:00,LONG,-0.004
PANW,2026-03-09,2026-03-09 09:30:00-04:00,LONG,-0.004
PANW,2026-03-09,2026-03-09 10:18:00-04:00,SHORT,-0.004
PANW,2026-03-10,2026-03-10 09:31:00-04:00,LONG,-0.004
PANW,2026-03-10,2026-03-10 09:35:00-04:00,SHORT,0.01
PANW,2026-03-10,2026-03-10 09:36:00-04:00,SHORT,0.01
PANW,2026-03-10,2026-03-10 10:07:00-04:00,SHORT,0.0025
PANW,2026-03-11,2026-03-11 09:30:00-04:00,LONG,-0.004
PANW,2026-03-11,2026-03-11 09:33:00-04:00,LONG,0.0025
PANW,2026-03-11,2026-03-11 09:35:00-04:00,LONG,-0.004
PANW,2026-03-12,2026-03-12 09:32:00-04:00,LONG,0.0025
PANW,2026-03-13,2026-03-13 09:42:00-04:00,LONG,-0.004
PANW,2026-03-16,2026-03-16 09:30:00-04:00,SHORT,-0.004
PANW,2026-03-17,2026-03-17 09:30:00-04:00,LONG,0.005130650755393516
PANW,2026-03-17,2026-03-17 10:17:00-04:00,SHORT,-0.004
PANW,2026-03-18,2026-03-18 09:30:00-04:00,LONG,0.005845768934683471
PANW,2026-03-18,2026-03-18 09:32:00-04:00,LONG,0.0025
PANW,2026-03-18,2026-03-18 09:35:00-04:00,LONG,-0.004
PANW,2026-03-19,2026-03-19 09:33:00-04:00,LONG,0.0025
PANW,2026-03-19,2026-03-19 09:34:00-04:00,LONG,0.0025
PANW,2026-03-20,2026-03-20 09:30:00-04:00,SHORT,0.0025
PANW,2026-03-20,2026-03-20 09:52:00-04:00,SHORT,-0.004
PANW,2026-03-20,2026-03-20 09:58:00-04:00,SHORT,-0.004
PANW,2026-03-23,2026-03-23 09:31:00-04:00,SHORT,-0.004
PANW,2026-03-23,2026-03-23 09:32:00-04:00,SHORT,-0.004
PANW,2026-03-24,2026-03-24 09:35:00-04:00,SHORT,0.0025
PANW,2026-03-24,2026-03-24 09:36:00-04:00,SHORT,0.0025
PANW,2026-03-25,2026-03-25 09:30:00-04:00,LONG,-0.004
PANW,2026-03-25,2026-03-25 09:35:00-04:00,SHORT,-0.004
PANW,2026-03-25,2026-03-25 10:20:00-04:00,LONG,-0.0008793417498901751
PANW,2026-03-26,2026-03-26 09:30:00-04:00,LONG,0.01
PANW,2026-03-26,2026-03-26 09:31:00-04:00,LONG,0.0025
PANW,2026-03-26,2026-03-26 09:59:00-04:00,LONG,0.0025
PANW,2026-03-27,2026-03-27 09:30:00-04:00,SHORT,-0.004
PANW,2026-03-27,2026-03-27 09:32:00-04:00,SHORT,0.0025
PANW,2026-03-27,2026-03-27 09:33:00-04:00,SHORT,-0.004
PANW,2026-03-27,2026-03-27 09:39:00-04:00,SHORT,0.0025
PANW,2026-03-30,2026-03-30 09:30:00-04:00,LONG,-0.004
PANW,2026-03-30,2026-03-30 09:33:00-04:00,LONG,0.01
PANW,2026-03-30,2026-03-30 09:35:00-04:00,LONG,0.01
PANW,2026-03-30,2026-03-30 09:37:00-04:00,LONG,0.0025
PANW,2026-03-30,2026-03-30 09:38:00-04:00,LONG,-0.004
PANW,2026-03-31,2026-03-31 09:32:00-04:00,SHORT,-0.004
PANW,2026-04-01,2026-04-01 09:30:00-04:00,SHORT,0.0025
PANW,2026-04-01,2026-04-01 09:31:00-04:00,SHORT,-0.004
PANW,2026-04-01,2026-04-01 09:42:00-04:00,SHORT,0.0025
PANW,2026-04-02,2026-04-02 09:34:00-04:00,LONG,-0.004
PANW,2026-04-06,2026-04-06 09:37:00-04:00,SHORT,-0.004
PANW,2026-04-06,2026-04-06 10:10:00-04:00,SHORT,-0.004
PANW,2026-04-07,2026-04-07 09:30:00-04:00,LONG,0.0025
PANW,2026-04-07,2026-04-07 09:32:00-04:00,LONG,-0.004
PANW,2026-04-08,2026-04-08 09:30:00-04:00,LONG,-0.004
PANW,2026-04-09,2026-04-09 09:32:00-04:00,SHORT,0.0025
PANW,2026-04-09,2026-04-09 09:33:00-04:00,SHORT,0.0025
PANW,2026-04-09,2026-04-09 09:35:00-04:00,SHORT,-0.004
PANW,2026-04-09,2026-04-09 10:00:00-04:00,SHORT,-0.004
PANW,2026-04-10,2026-04-10 09:30:00-04:00,SHORT,-0.004
PANW,2026-04-10,2026-04-10 09:32:00-04:00,SHORT,0.01
PANW,2026-04-10,2026-04-10 09:34:00-04:00,SHORT,0.0025
PANW,2026-04-10,2026-04-10 09:35:00-04:00,SHORT,-0.004
PANW,2026-04-10,2026-04-10 09:42:00-04:00,SHORT,0.01
PANW,2026-04-10,2026-04-10 09:43:00-04:00,SHORT,0.01
PANW,2026-04-10,2026-04-10 10:02:00-04:00,SHORT,-0.004
PANW,2026-04-14,2026-04-14 09:32:00-04:00,LONG,0.0025
PANW,2026-04-14,2026-04-14 09:33:00-04:00,LONG,-0.004
PANW,2026-04-14,2026-04-14 09:35:00-04:00,LONG,-0.004
PANW,2026-04-14,2026-04-14 09:38:00-04:00,LONG,-0.004
PANW,2026-04-14,2026-04-14 09:49:00-04:00,SHORT,0.005518814036029607
PANW,2026-04-15,2026-04-15 09:33:00-04:00,LONG,0.0025
PANW,2026-04-15,2026-04-15 09:34:00-04:00,LONG,-0.004
PANW,2026-04-15,2026-04-15 09:38:00-04:00,LONG,0.0025
PANW,2026-04-16,2026-04-16 09:32:00-04:00,LONG,-0.004
PANW,2026-04-16,2026-04-16 09:38:00-04:00,SHORT,-0.004
PANW,2026-04-16,2026-04-16 09:52:00-04:00,SHORT,-0.004
PANW,2026-04-20,2026-04-20 09:31:00-04:00,SHORT,-0.004
PANW,2026-04-20,2026-04-20 09:35:00-04:00,LONG,-0.004
PANW,2026-04-21,2026-04-21 09:42:00-04:00,LONG,0.01
PANW,2026-04-21,2026-04-21 09:57:00-04:00,LONG,-0.004
PANW,2026-04-21,2026-04-21 10:00:00-04:00,LONG,-0.004
PANW,2026-04-22,2026-04-22 09:32:00-04:00,SHORT,-0.004
PANW,2026-04-22,2026-04-22 10:01:00-04:00,LONG,0.005872681281618854
PANW,2026-04-23,2026-04-23 09:31:00-04:00,SHORT,0.0025
PANW,2026-04-23,2026-04-23 09:32:00-04:00,SHORT,-0.004
PANW,2026-04-23,2026-04-23 09:33:00-04:00,SHORT,-0.004
PANW,2026-04-24,2026-04-24 09:31:00-04:00,LONG,-0.004
PANW,2026-04-24,2026-04-24 09:34:00-04:00,LONG,0.0025
PANW,2026-04-24,2026-04-24 09:36:00-04:00,LONG,-0.004
PANW,2026-04-27,2026-04-27 09:31:00-04:00,LONG,0.0025
PANW,2026-04-27,2026-04-27 09:44:00-04:00,LONG,0.0025
PANW,2026-04-28,2026-04-28 09:32:00-04:00,LONG,-0.004
PANW,2026-04-29,2026-04-29 09:30:00-04:00,SHORT,-0.004
PANW,2026-04-30,2026-04-30 09:30:00-04:00,SHORT,0.0025
PANW,2026-04-30,2026-04-30 09:32:00-04:00,SHORT,-0.004
PANW,2026-04-30,2026-04-30 09:59:00-04:00,SHORT,-0.004
PANW,2026-04-30,2026-04-30 10:16:00-04:00,SHORT,-0.004
PANW,2026-05-01,2026-05-01 09:38:00-04:00,SHORT,-0.004
PANW,2026-05-04,2026-05-04 09:32:00-04:00,LONG,-0.004
PANW,2026-05-04,2026-05-04 10:05:00-04:00,LONG,0.01
PANW,2026-05-04,2026-05-04 10:25:00-04:00,LONG,0.004678121974830597
PANW,2026-05-05,2026-05-05 09:30:00-04:00,SHORT,-0.004
PANW,2026-05-06,2026-05-06 09:30:00-04:00,SHORT,-0.004
PANW,2026-05-06,2026-05-06 09:55:00-04:00,LONG,0.009075327390777996
PANW,2026-05-07,2026-05-07 09:30:00-04:00,LONG,0.0025
PANW,2026-05-07,2026-05-07 09:31:00-04:00,LONG,0.0025
PANW,2026-05-07,2026-05-07 09:32:00-04:00,LONG,0.0025
PANW,2026-05-07,2026-05-07 10:04:00-04:00,LONG,-0.004
PANW,2026-05-08,2026-05-08 09:30:00-04:00,LONG,-0.004
PANW,2026-05-08,2026-05-08 09:38:00-04:00,SHORT,0.0025
PANW,2026-05-08,2026-05-08 09:53:00-04:00,SHORT,-0.004
PANW,2026-05-08,2026-05-08 10:22:00-04:00,LONG,0.008452035610683202
PANW,2026-05-11,2026-05-11 10:29:00-04:00,LONG,0.004868194431154867
PANW,2026-05-12,2026-05-12 09:35:00-04:00,SHORT,-0.004
PANW,2026-05-13,2026-05-13 09:35:00-04:00,LONG,-0.004
PANW,2026-05-13,2026-05-13 09:59:00-04:00,LONG,0.006610973313122943
PANW,2026-05-13,2026-05-13 10:24:00-04:00,LONG,-0.004
PANW,2026-05-14,2026-05-14 09:31:00-04:00,SHORT,-0.004
PANW,2026-05-14,2026-05-14 09:38:00-04:00,SHORT,-0.004
PANW,2026-05-14,2026-05-14 09:50:00-04:00,LONG,-0.004
PANW,2026-05-14,2026-05-14 10:21:00-04:00,LONG,0.01
PANW,2026-05-15,2026-05-15 09:30:00-04:00,SHORT,0.0025
PANW,2026-05-15,2026-05-15 09:31:00-04:00,SHORT,0.0025
PANW,2026-05-15,2026-05-15 09:44:00-04:00,SHORT,-0.004
PANW,2026-05-15,2026-05-15 10:21:00-04:00,LONG,0.006185972122187877
PANW,2026-05-15,2026-05-15 10:23:00-04:00,LONG,0.006383022620987383
PANW,2026-05-18,2026-05-18 09:30:00-04:00,SHORT,-0.004
PANW,2026-05-18,2026-05-18 09:35:00-04:00,LONG,0.0025
PANW,2026-05-18,2026-05-18 10:04:00-04:00,LONG,0.0025
PANW,2026-05-18,2026-05-18 10:06:00-04:00,LONG,0.0025
PANW,2026-05-19,2026-05-19 09:30:00-04:00,SHORT,0.0025
PANW,2026-05-19,2026-05-19 09:31:00-04:00,SHORT,0.0025
PANW,2026-05-19,2026-05-19 09:34:00-04:00,SHORT,-0.004
PANW,2026-05-19,2026-05-19 10:16:00-04:00,LONG,-0.004
PANW,2026-05-20,2026-05-20 09:30:00-04:00,LONG,0.0025
PANW,2026-05-20,2026-05-20 09:32:00-04:00,LONG,0.0025
PANW,2026-05-20,2026-05-20 09:37:00-04:00,LONG,-0.004
PANW,2026-05-21,2026-05-21 09:33:00-04:00,LONG,0.0025
PANW,2026-05-22,2026-05-22 09:30:00-04:00,SHORT,-0.004
PANW,2026-05-22,2026-05-22 09:35:00-04:00,LONG,0.0025
PANW,2026-05-22,2026-05-22 09:36:00-04:00,LONG,0.0025
PANW,2026-05-22,2026-05-22 09:37:00-04:00,LONG,-0.004
PANW,2026-05-22,2026-05-22 10:27:00-04:00,LONG,0.008055664426110658
PANW,2026-05-26,2026-05-26 09:30:00-04:00,SHORT,-0.004
PANW,2026-05-26,2026-05-26 09:32:00-04:00,SHORT,0.01
PANW,2026-05-26,2026-05-26 09:33:00-04:00,SHORT,0.0025
PANW,2026-05-26,2026-05-26 09:35:00-04:00,SHORT,-0.004
PANW,2026-05-26,2026-05-26 10:29:00-04:00,SHORT,-0.004
PANW,2026-05-27,2026-05-27 09:53:00-04:00,LONG,-0.004
PANW,2026-05-28,2026-05-28 09:32:00-04:00,SHORT,-0.004
PANW,2026-05-28,2026-05-28 09:41:00-04:00,LONG,-0.004
PANW,2026-05-28,2026-05-28 10:12:00-04:00,LONG,-0.004
PANW,2026-05-29,2026-05-29 09:35:00-04:00,LONG,0.0025
PANW,2026-05-29,2026-05-29 09:36:00-04:00,LONG,0.0025
PANW,2026-05-29,2026-05-29 09:37:00-04:00,LONG,-0.004
PANW,2026-05-29,2026-05-29 09:44:00-04:00,LONG,0.0025
PANW,2026-05-29,2026-05-29 09:45:00-04:00,LONG,-0.004
PANW,2026-06-01,2026-06-01 09:31:00-04:00,SHORT,-0.004
PANW,2026-06-01,2026-06-01 09:34:00-04:00,SHORT,-0.004
PANW,2026-06-01,2026-06-01 09:36:00-04:00,LONG,-0.004
PANW,2026-06-01,2026-06-01 10:10:00-04:00,LONG,0.0025
PANW,2026-06-01,2026-06-01 10:21:00-04:00,LONG,-0.004
PANW,2026-06-02,2026-06-02 10:14:00-04:00,LONG,-0.004
PANW,2026-06-03,2026-06-03 09:30:00-04:00,SHORT,-0.004
PANW,2026-06-03,2026-06-03 09:32:00-04:00,SHORT,-0.004
PANW,2026-06-03,2026-06-03 09:33:00-04:00,SHORT,-0.004
PANW,2026-06-03,2026-06-03 09:53:00-04:00,SHORT,0.0025
PANW,2026-06-03,2026-06-03 10:13:00-04:00,SHORT,-0.004
PANW,2026-06-04,2026-06-04 09:58:00-04:00,LONG,0.0025
PANW,2026-06-04,2026-06-04 10:21:00-04:00,SHORT,0.0025
PANW,2026-06-05,2026-06-05 09:30:00-04:00,SHORT,-0.004
PANW,2026-06-05,2026-06-05 09:36:00-04:00,LONG,-0.004
PANW,2026-06-08,2026-06-08 09:31:00-04:00,SHORT,-0.004
PANW,2026-06-08,2026-06-08 09:38:00-04:00,SHORT,-0.004
PANW,2026-06-08,2026-06-08 10:22:00-04:00,LONG,-0.004
PANW,2026-06-09,2026-06-09 09:31:00-04:00,SHORT,0.0025
PANW,2026-06-09,2026-06-09 09:32:00-04:00,SHORT,-0.004
PANW,2026-06-09,2026-06-09 09:37:00-04:00,SHORT,-0.004
PANW,2026-06-09,2026-06-09 09:45:00-04:00,LONG,0.0025
PANW,2026-06-09,2026-06-09 10:05:00-04:00,LONG,-0.004
PANW,2026-06-10,2026-06-10 09:32:00-04:00,LONG,0.01
PANW,2026-06-11,2026-06-11 09:31:00-04:00,SHORT,0.0025
PANW,2026-06-11,2026-06-11 09:38:00-04:00,SHORT,0.0025
PANW,2026-06-11,2026-06-11 09:47:00-04:00,LONG,0.01
PANW,2026-06-12,2026-06-12 09:30:00-04:00,SHORT,-0.004
PANW,2026-06-12,2026-06-12 09:33:00-04:00,SHORT,0.0025
PANW,2026-06-12,2026-06-12 09:34:00-04:00,SHORT,-0.004
DDOG,2025-12-15,2025-12-15 09:35:00-05:00,LONG,-0.004
DDOG,2025-12-16,2025-12-16 10:20:00-05:00,LONG,-0.004
DDOG,2025-12-17,2025-12-17 09:36:00-05:00,SHORT,0.006674397031539844
DDOG,2025-12-17,2025-12-17 09:58:00-05:00,SHORT,0.0025
DDOG,2025-12-17,2025-12-17 10:00:00-05:00,SHORT,-0.004
DDOG,2025-12-18,2025-12-18 09:30:00-05:00,LONG,-0.004
DDOG,2025-12-18,2025-12-18 09:52:00-05:00,SHORT,-0.004
DDOG,2025-12-19,2025-12-19 09:30:00-05:00,LONG,-0.004
DDOG,2025-12-23,2025-12-23 09:56:00-05:00,SHORT,0.005830839656585096
DDOG,2025-12-24,2025-12-24 09:30:00-05:00,SHORT,0.01
DDOG,2025-12-24,2025-12-24 09:34:00-05:00,SHORT,0.0025
DDOG,2025-12-24,2025-12-24 09:37:00-05:00,SHORT,-0.004
DDOG,2025-12-24,2025-12-24 10:23:00-05:00,LONG,0.0014647722279186837
DDOG,2025-12-29,2025-12-29 09:31:00-05:00,SHORT,-0.004
DDOG,2025-12-30,2025-12-30 09:54:00-05:00,LONG,-0.004
DDOG,2026-01-02,2026-01-02 10:10:00-05:00,SHORT,0.01
DDOG,2026-01-02,2026-01-02 10:12:00-05:00,SHORT,0.00439894627099077
DDOG,2026-01-05,2026-01-05 09:31:00-05:00,SHORT,-0.004
DDOG,2026-01-05,2026-01-05 09:58:00-05:00,LONG,-0.004
DDOG,2026-01-06,2026-01-06 09:35:00-05:00,LONG,-0.004
DDOG,2026-01-07,2026-01-07 09:30:00-05:00,LONG,0.004233102253032995
DDOG,2026-01-07,2026-01-07 09:33:00-05:00,LONG,0.0025
DDOG,2026-01-07,2026-01-07 09:34:00-05:00,LONG,-0.004
DDOG,2026-01-07,2026-01-07 09:54:00-05:00,LONG,0.008210796638172558
DDOG,2026-01-08,2026-01-08 09:30:00-05:00,SHORT,0.0025
DDOG,2026-01-08,2026-01-08 09:31:00-05:00,SHORT,-0.004
DDOG,2026-01-08,2026-01-08 09:34:00-05:00,SHORT,0.0025
DDOG,2026-01-08,2026-01-08 09:45:00-05:00,SHORT,-0.004
DDOG,2026-01-08,2026-01-08 10:00:00-05:00,SHORT,0.0025
DDOG,2026-01-08,2026-01-08 10:01:00-05:00,SHORT,-0.004
DDOG,2026-01-08,2026-01-08 10:26:00-05:00,SHORT,-0.004
DDOG,2026-01-09,2026-01-09 09:30:00-05:00,SHORT,-0.004
DDOG,2026-01-09,2026-01-09 10:06:00-05:00,SHORT,-0.004
DDOG,2026-01-12,2026-01-12 09:30:00-05:00,SHORT,-0.004
DDOG,2026-01-12,2026-01-12 09:37:00-05:00,SHORT,-0.004
DDOG,2026-01-12,2026-01-12 09:40:00-05:00,SHORT,-0.004
DDOG,2026-01-13,2026-01-13 09:30:00-05:00,LONG,-0.004
DDOG,2026-01-13,2026-01-13 09:34:00-05:00,LONG,0.0025
DDOG,2026-01-13,2026-01-13 09:36:00-05:00,LONG,-0.004
DDOG,2026-01-13,2026-01-13 09:58:00-05:00,SHORT,0.01
DDOG,2026-01-13,2026-01-13 10:20:00-05:00,SHORT,-0.004
DDOG,2026-01-14,2026-01-14 09:30:00-05:00,SHORT,-0.004
DDOG,2026-01-14,2026-01-14 09:55:00-05:00,SHORT,-0.004
DDOG,2026-01-14,2026-01-14 10:09:00-05:00,LONG,0.0025
DDOG,2026-01-15,2026-01-15 09:45:00-05:00,LONG,-0.004
DDOG,2026-01-16,2026-01-16 09:30:00-05:00,SHORT,0.0025
DDOG,2026-01-20,2026-01-20 09:30:00-05:00,SHORT,0.0025
DDOG,2026-01-20,2026-01-20 10:26:00-05:00,LONG,0.0025
DDOG,2026-01-21,2026-01-21 09:30:00-05:00,LONG,0.0025
DDOG,2026-01-21,2026-01-21 09:31:00-05:00,LONG,0.0025
DDOG,2026-01-21,2026-01-21 09:32:00-05:00,LONG,0.0025
DDOG,2026-01-21,2026-01-21 09:33:00-05:00,LONG,-0.004
DDOG,2026-01-21,2026-01-21 09:38:00-05:00,LONG,-0.004
DDOG,2026-01-22,2026-01-22 09:30:00-05:00,LONG,-0.004
DDOG,2026-01-22,2026-01-22 09:32:00-05:00,LONG,-0.004
DDOG,2026-01-22,2026-01-22 09:34:00-05:00,LONG,0.0025
DDOG,2026-01-22,2026-01-22 09:35:00-05:00,LONG,0.0025
DDOG,2026-01-22,2026-01-22 09:36:00-05:00,LONG,-0.004
DDOG,2026-01-22,2026-01-22 10:02:00-05:00,LONG,-0.004
DDOG,2026-01-26,2026-01-26 09:30:00-05:00,LONG,0.0025
DDOG,2026-01-26,2026-01-26 10:11:00-05:00,LONG,0.005056775454955658
DDOG,2026-01-27,2026-01-27 09:32:00-05:00,LONG,-0.004
DDOG,2026-01-27,2026-01-27 09:36:00-05:00,SHORT,0.0025
DDOG,2026-01-27,2026-01-27 09:51:00-05:00,SHORT,0.006201162706723499
DDOG,2026-01-28,2026-01-28 09:30:00-05:00,LONG,-0.004
DDOG,2026-01-29,2026-01-29 09:30:00-05:00,LONG,-0.004
DDOG,2026-01-29,2026-01-29 09:41:00-05:00,SHORT,0.0025
DDOG,2026-01-29,2026-01-29 10:03:00-05:00,SHORT,0.0025
DDOG,2026-01-29,2026-01-29 10:04:00-05:00,SHORT,-0.004
DDOG,2026-01-30,2026-01-30 10:19:00-05:00,SHORT,-0.004
DDOG,2026-02-02,2026-02-02 09:31:00-05:00,LONG,-0.004
DDOG,2026-02-02,2026-02-02 09:45:00-05:00,SHORT,0.0025
DDOG,2026-02-02,2026-02-02 09:47:00-05:00,SHORT,-0.004
DDOG,2026-02-03,2026-02-03 09:31:00-05:00,SHORT,0.0025
DDOG,2026-02-03,2026-02-03 09:32:00-05:00,SHORT,-0.004
DDOG,2026-02-03,2026-02-03 09:34:00-05:00,SHORT,0.0025
DDOG,2026-02-03,2026-02-03 09:36:00-05:00,SHORT,0.0025
DDOG,2026-02-03,2026-02-03 09:54:00-05:00,SHORT,0.0025
DDOG,2026-02-03,2026-02-03 09:55:00-05:00,SHORT,0.0025
DDOG,2026-02-03,2026-02-03 10:07:00-05:00,SHORT,0.0025
DDOG,2026-02-03,2026-02-03 10:11:00-05:00,SHORT,-0.004
DDOG,2026-02-03,2026-02-03 10:25:00-05:00,SHORT,0.0025
DDOG,2026-02-04,2026-02-04 09:30:00-05:00,SHORT,-0.004
DDOG,2026-02-04,2026-02-04 09:34:00-05:00,SHORT,-0.004
DDOG,2026-02-04,2026-02-04 09:45:00-05:00,SHORT,-0.004
DDOG,2026-02-04,2026-02-04 09:48:00-05:00,SHORT,0.0025
DDOG,2026-02-04,2026-02-04 10:11:00-05:00,LONG,0.0025
DDOG,2026-02-04,2026-02-04 10:18:00-05:00,LONG,-0.004
DDOG,2026-02-05,2026-02-05 09:51:00-05:00,SHORT,0.01
DDOG,2026-02-05,2026-02-05 09:59:00-05:00,SHORT,0.01
DDOG,2026-02-05,2026-02-05 10:11:00-05:00,SHORT,-0.004
DDOG,2026-02-06,2026-02-06 09:30:00-05:00,SHORT,-0.004
DDOG,2026-02-06,2026-02-06 09:32:00-05:00,LONG,0.0025
DDOG,2026-02-06,2026-02-06 09:37:00-05:00,LONG,0.0025
DDOG,2026-02-06,2026-02-06 10:23:00-05:00,SHORT,-0.004
DDOG,2026-02-09,2026-02-09 09:34:00-05:00,SHORT,-0.004
DDOG,2026-02-09,2026-02-09 09:51:00-05:00,SHORT,0.0025
DDOG,2026-02-09,2026-02-09 10:17:00-05:00,SHORT,-0.004
DDOG,2026-02-10,2026-02-10 09:30:00-05:00,LONG,-0.004
DDOG,2026-02-10,2026-02-10 09:32:00-05:00,LONG,-0.004
DDOG,2026-02-10,2026-02-10 09:45:00-05:00,LONG,-0.004
DDOG,2026-02-10,2026-02-10 09:51:00-05:00,LONG,0.0025
DDOG,2026-02-11,2026-02-11 09:30:00-05:00,SHORT,-0.004
DDOG,2026-02-11,2026-02-11 09:31:00-05:00,SHORT,0.01
DDOG,2026-02-11,2026-02-11 09:32:00-05:00,SHORT,-0.004
DDOG,2026-02-11,2026-02-11 09:33:00-05:00,SHORT,0.0025
DDOG,2026-02-11,2026-02-11 09:34:00-05:00,SHORT,0.0025
DDOG,2026-02-11,2026-02-11 09:35:00-05:00,SHORT,-0.004
DDOG,2026-02-11,2026-02-11 10:06:00-05:00,SHORT,0.0025
DDOG,2026-02-11,2026-02-11 10:26:00-05:00,SHORT,-0.004
DDOG,2026-02-12,2026-02-12 09:30:00-05:00,LONG,-0.004
DDOG,2026-02-12,2026-02-12 09:31:00-05:00,LONG,-0.004
DDOG,2026-02-12,2026-02-12 09:33:00-05:00,LONG,-0.004
DDOG,2026-02-12,2026-02-12 09:36:00-05:00,LONG,-0.004
DDOG,2026-02-12,2026-02-12 09:54:00-05:00,SHORT,0.0025
DDOG,2026-02-13,2026-02-13 09:30:00-05:00,SHORT,-0.004
DDOG,2026-02-13,2026-02-13 09:41:00-05:00,SHORT,0.0025
DDOG,2026-02-13,2026-02-13 09:56:00-05:00,SHORT,-0.004
DDOG,2026-02-13,2026-02-13 10:27:00-05:00,LONG,-0.004
DDOG,2026-02-17,2026-02-17 09:31:00-05:00,LONG,-0.004
DDOG,2026-02-17,2026-02-17 09:34:00-05:00,LONG,-0.004
DDOG,2026-02-17,2026-02-17 09:36:00-05:00,LONG,0.0025
DDOG,2026-02-17,2026-02-17 09:45:00-05:00,LONG,-0.004
DDOG,2026-02-17,2026-02-17 09:59:00-05:00,SHORT,-0.004
DDOG,2026-02-17,2026-02-17 10:09:00-05:00,SHORT,-0.004
DDOG,2026-02-18,2026-02-18 09:34:00-05:00,SHORT,-0.004
DDOG,2026-02-18,2026-02-18 09:55:00-05:00,LONG,-0.004
DDOG,2026-02-19,2026-02-19 09:30:00-05:00,SHORT,-0.004
DDOG,2026-02-19,2026-02-19 09:34:00-05:00,SHORT,-0.004
DDOG,2026-02-19,2026-02-19 09:40:00-05:00,SHORT,-0.004
DDOG,2026-02-20,2026-02-20 10:01:00-05:00,LONG,-0.004
DDOG,2026-02-23,2026-02-23 09:30:00-05:00,SHORT,0.01
DDOG,2026-02-23,2026-02-23 09:31:00-05:00,SHORT,-0.004
DDOG,2026-02-23,2026-02-23 09:33:00-05:00,SHORT,-0.004
DDOG,2026-02-23,2026-02-23 09:35:00-05:00,SHORT,-0.004
DDOG,2026-02-23,2026-02-23 09:38:00-05:00,SHORT,0.0025
DDOG,2026-02-23,2026-02-23 10:07:00-05:00,SHORT,-0.004
DDOG,2026-02-24,2026-02-24 09:30:00-05:00,SHORT,0.0025
DDOG,2026-02-24,2026-02-24 09:38:00-05:00,LONG,0.01
DDOG,2026-02-24,2026-02-24 10:22:00-05:00,LONG,-0.004
DDOG,2026-02-24,2026-02-24 10:23:00-05:00,LONG,-0.004
DDOG,2026-02-25,2026-02-25 09:31:00-05:00,LONG,-0.004
DDOG,2026-02-26,2026-02-26 09:30:00-05:00,LONG,-0.004
DDOG,2026-02-26,2026-02-26 09:37:00-05:00,LONG,0.01
DDOG,2026-02-26,2026-02-26 09:39:00-05:00,LONG,0.0025
DDOG,2026-02-26,2026-02-26 10:04:00-05:00,LONG,-0.004
DDOG,2026-02-27,2026-02-27 09:31:00-05:00,SHORT,0.01
DDOG,2026-02-27,2026-02-27 09:32:00-05:00,SHORT,-0.004
DDOG,2026-03-03,2026-03-03 10:11:00-05:00,LONG,-0.004
DDOG,2026-03-04,2026-03-04 09:42:00-05:00,LONG,0.0025
DDOG,2026-03-04,2026-03-04 09:43:00-05:00,LONG,-0.004
DDOG,2026-03-04,2026-03-04 09:47:00-05:00,LONG,0.0025
DDOG,2026-03-04,2026-03-04 09:56:00-05:00,LONG,0.0025
DDOG,2026-03-04,2026-03-04 10:00:00-05:00,LONG,-0.004
DDOG,2026-03-04,2026-03-04 10:11:00-05:00,LONG,-0.004
DDOG,2026-03-05,2026-03-05 09:30:00-05:00,LONG,-0.004
DDOG,2026-03-05,2026-03-05 09:32:00-05:00,LONG,-0.004
DDOG,2026-03-05,2026-03-05 09:36:00-05:00,LONG,0.0025
DDOG,2026-03-06,2026-03-06 09:30:00-05:00,LONG,0.0025
DDOG,2026-03-06,2026-03-06 09:32:00-05:00,LONG,-0.004
DDOG,2026-03-06,2026-03-06 09:43:00-05:00,LONG,0.0025
DDOG,2026-03-06,2026-03-06 09:47:00-05:00,LONG,0.0025
DDOG,2026-03-06,2026-03-06 10:03:00-05:00,LONG,-0.004
DDOG,2026-03-06,2026-03-06 10:24:00-05:00,LONG,0.006187285915776716
DDOG,2026-03-06,2026-03-06 10:26:00-05:00,LONG,-0.004
DDOG,2026-03-09,2026-03-09 09:30:00-04:00,LONG,0.0025
DDOG,2026-03-09,2026-03-09 10:15:00-04:00,SHORT,-0.004
DDOG,2026-03-10,2026-03-10 09:30:00-04:00,SHORT,-0.004
DDOG,2026-03-10,2026-03-10 09:36:00-04:00,SHORT,0.0025
DDOG,2026-03-10,2026-03-10 09:42:00-04:00,SHORT,0.0025
DDOG,2026-03-10,2026-03-10 09:43:00-04:00,SHORT,-0.004
DDOG,2026-03-10,2026-03-10 10:05:00-04:00,SHORT,0.0025
DDOG,2026-03-11,2026-03-11 09:33:00-04:00,LONG,0.0025
DDOG,2026-03-11,2026-03-11 09:58:00-04:00,LONG,0.0025
DDOG,2026-03-12,2026-03-12 09:30:00-04:00,LONG,-0.004
DDOG,2026-03-13,2026-03-13 09:51:00-04:00,LONG,-0.004
DDOG,2026-03-16,2026-03-16 09:30:00-04:00,LONG,-0.004
DDOG,2026-03-16,2026-03-16 09:32:00-04:00,LONG,0.01
DDOG,2026-03-16,2026-03-16 09:35:00-04:00,LONG,0.0025
DDOG,2026-03-16,2026-03-16 09:36:00-04:00,LONG,-0.004
DDOG,2026-03-17,2026-03-17 09:50:00-04:00,LONG,-0.004
DDOG,2026-03-18,2026-03-18 09:33:00-04:00,LONG,0.0025
DDOG,2026-03-18,2026-03-18 09:34:00-04:00,LONG,0.0025
DDOG,2026-03-18,2026-03-18 09:35:00-04:00,LONG,-0.004
DDOG,2026-03-18,2026-03-18 09:42:00-04:00,LONG,0.0025
DDOG,2026-03-18,2026-03-18 09:50:00-04:00,LONG,0.0025
DDOG,2026-03-18,2026-03-18 10:29:00-04:00,LONG,-0.004
DDOG,2026-03-19,2026-03-19 09:40:00-04:00,LONG,0.0025
DDOG,2026-03-19,2026-03-19 10:12:00-04:00,SHORT,0.0025
DDOG,2026-03-20,2026-03-20 09:30:00-04:00,SHORT,0.0025
DDOG,2026-03-20,2026-03-20 09:50:00-04:00,SHORT,0.0025
DDOG,2026-03-23,2026-03-23 09:30:00-04:00,SHORT,-0.004
DDOG,2026-03-23,2026-03-23 09:37:00-04:00,LONG,0.0025
DDOG,2026-03-23,2026-03-23 09:45:00-04:00,LONG,0.0025
DDOG,2026-03-24,2026-03-24 09:30:00-04:00,SHORT,0.0025
DDOG,2026-03-24,2026-03-24 09:35:00-04:00,SHORT,0.01
DDOG,2026-03-24,2026-03-24 09:37:00-04:00,SHORT,-0.004
DDOG,2026-03-24,2026-03-24 09:39:00-04:00,SHORT,-0.004
DDOG,2026-03-24,2026-03-24 09:51:00-04:00,SHORT,0.0025
DDOG,2026-03-24,2026-03-24 10:01:00-04:00,SHORT,-0.004
DDOG,2026-03-24,2026-03-24 10:03:00-04:00,SHORT,-0.004
DDOG,2026-03-24,2026-03-24 10:12:00-04:00,SHORT,-0.004
DDOG,2026-03-25,2026-03-25 09:32:00-04:00,LONG,-0.004
DDOG,2026-03-26,2026-03-26 09:30:00-04:00,SHORT,0.0025
DDOG,2026-03-26,2026-03-26 09:45:00-04:00,LONG,-0.004
DDOG,2026-03-26,2026-03-26 10:12:00-04:00,LONG,-0.004
DDOG,2026-03-26,2026-03-26 10:20:00-04:00,LONG,-0.004
DDOG,2026-03-27,2026-03-27 09:30:00-04:00,SHORT,0.0025
DDOG,2026-03-27,2026-03-27 09:35:00-04:00,SHORT,-0.004
DDOG,2026-03-27,2026-03-27 10:16:00-04:00,SHORT,-0.004
DDOG,2026-03-30,2026-03-30 09:30:00-04:00,SHORT,-0.004
DDOG,2026-03-30,2026-03-30 09:31:00-04:00,LONG,0.0025
DDOG,2026-03-30,2026-03-30 09:32:00-04:00,LONG,0.0025
DDOG,2026-03-30,2026-03-30 09:33:00-04:00,LONG,-0.004
DDOG,2026-03-30,2026-03-30 09:38:00-04:00,LONG,-0.004
DDOG,2026-03-31,2026-03-31 09:30:00-04:00,SHORT,0.0025
DDOG,2026-03-31,2026-03-31 09:32:00-04:00,SHORT,-0.004
DDOG,2026-03-31,2026-03-31 09:38:00-04:00,SHORT,-0.004
DDOG,2026-03-31,2026-03-31 09:44:00-04:00,SHORT,-0.004
DDOG,2026-04-01,2026-04-01 09:30:00-04:00,LONG,0.0025
DDOG,2026-04-01,2026-04-01 09:42:00-04:00,SHORT,0.0025
DDOG,2026-04-01,2026-04-01 09:45:00-04:00,SHORT,0.01
DDOG,2026-04-02,2026-04-02 09:32:00-04:00,SHORT,-0.004
DDOG,2026-04-02,2026-04-02 09:36:00-04:00,SHORT,-0.004
DDOG,2026-04-02,2026-04-02 09:59:00-04:00,LONG,0.006911200613732245
DDOG,2026-04-06,2026-04-06 09:37:00-04:00,SHORT,-0.004
DDOG,2026-04-06,2026-04-06 10:10:00-04:00,SHORT,-0.004
DDOG,2026-04-07,2026-04-07 09:36:00-04:00,LONG,-0.004
DDOG,2026-04-07,2026-04-07 10:00:00-04:00,SHORT,0.0025
DDOG,2026-04-07,2026-04-07 10:06:00-04:00,SHORT,-0.004
DDOG,2026-04-08,2026-04-08 09:30:00-04:00,LONG,-0.004
DDOG,2026-04-08,2026-04-08 09:39:00-04:00,SHORT,-0.004
DDOG,2026-04-09,2026-04-09 09:32:00-04:00,SHORT,0.0025
DDOG,2026-04-09,2026-04-09 09:33:00-04:00,SHORT,0.0025
DDOG,2026-04-09,2026-04-09 09:35:00-04:00,SHORT,-0.004
DDOG,2026-04-10,2026-04-10 09:30:00-04:00,SHORT,-0.004
DDOG,2026-04-10,2026-04-10 09:32:00-04:00,SHORT,0.01
DDOG,2026-04-10,2026-04-10 09:33:00-04:00,SHORT,-0.004
DDOG,2026-04-10,2026-04-10 09:34:00-04:00,SHORT,0.0025
DDOG,2026-04-10,2026-04-10 09:35:00-04:00,SHORT,-0.004
DDOG,2026-04-10,2026-04-10 09:39:00-04:00,SHORT,0.0025
DDOG,2026-04-10,2026-04-10 09:41:00-04:00,SHORT,0.0025
DDOG,2026-04-13,2026-04-13 09:30:00-04:00,SHORT,-0.004
DDOG,2026-04-13,2026-04-13 09:32:00-04:00,SHORT,0.0025
DDOG,2026-04-13,2026-04-13 09:34:00-04:00,SHORT,0.0025
DDOG,2026-04-13,2026-04-13 09:35:00-04:00,SHORT,-0.004
DDOG,2026-04-13,2026-04-13 10:10:00-04:00,LONG,0.01
DDOG,2026-04-14,2026-04-14 09:38:00-04:00,LONG,-0.004
DDOG,2026-04-14,2026-04-14 10:28:00-04:00,LONG,-0.004
DDOG,2026-04-15,2026-04-15 09:30:00-04:00,LONG,-0.004
DDOG,2026-04-15,2026-04-15 09:33:00-04:00,LONG,-0.004
DDOG,2026-04-15,2026-04-15 09:34:00-04:00,LONG,0.0025
DDOG,2026-04-15,2026-04-15 09:35:00-04:00,LONG,0.0025
DDOG,2026-04-15,2026-04-15 09:36:00-04:00,LONG,-0.004
DDOG,2026-04-15,2026-04-15 09:38:00-04:00,LONG,-0.004
DDOG,2026-04-15,2026-04-15 09:40:00-04:00,LONG,0.0025
DDOG,2026-04-16,2026-04-16 09:32:00-04:00,LONG,-0.004
DDOG,2026-04-17,2026-04-17 10:30:00-04:00,SHORT,0.0038879631833689983
DDOG,2026-04-20,2026-04-20 09:31:00-04:00,SHORT,-0.004
DDOG,2026-04-20,2026-04-20 09:35:00-04:00,LONG,-0.004
DDOG,2026-04-21,2026-04-21 09:42:00-04:00,LONG,-0.004
DDOG,2026-04-21,2026-04-21 09:45:00-04:00,LONG,0.0025
DDOG,2026-04-21,2026-04-21 09:54:00-04:00,LONG,0.0025
DDOG,2026-04-21,2026-04-21 09:59:00-04:00,LONG,-0.004
DDOG,2026-04-22,2026-04-22 09:32:00-04:00,SHORT,-0.004
DDOG,2026-04-23,2026-04-23 09:31:00-04:00,SHORT,-0.004
DDOG,2026-04-23,2026-04-23 09:32:00-04:00,SHORT,-0.004
DDOG,2026-04-24,2026-04-24 09:32:00-04:00,SHORT,-0.004
DDOG,2026-04-24,2026-04-24 09:37:00-04:00,SHORT,0.0025
DDOG,2026-04-24,2026-04-24 10:13:00-04:00,SHORT,0.0025
DDOG,2026-04-27,2026-04-27 09:31:00-04:00,LONG,0.0025
DDOG,2026-04-27,2026-04-27 09:37:00-04:00,SHORT,-0.004
DDOG,2026-04-27,2026-04-27 09:50:00-04:00,LONG,-0.004
DDOG,2026-04-28,2026-04-28 09:30:00-04:00,LONG,0.0025
DDOG,2026-04-28,2026-04-28 09:32:00-04:00,LONG,-0.004
DDOG,2026-04-28,2026-04-28 09:47:00-04:00,LONG,-0.004
DDOG,2026-04-29,2026-04-29 09:30:00-04:00,SHORT,-0.004
DDOG,2026-04-29,2026-04-29 09:53:00-04:00,LONG,-0.004
DDOG,2026-04-30,2026-04-30 09:30:00-04:00,SHORT,0.0025
DDOG,2026-04-30,2026-04-30 09:33:00-04:00,SHORT,-0.004
DDOG,2026-04-30,2026-04-30 09:56:00-04:00,SHORT,0.0025
DDOG,2026-04-30,2026-04-30 10:04:00-04:00,SHORT,-0.004
DDOG,2026-04-30,2026-04-30 10:07:00-04:00,SHORT,0.0025
DDOG,2026-05-01,2026-05-01 09:30:00-04:00,LONG,0.0025
DDOG,2026-05-01,2026-05-01 09:31:00-04:00,LONG,0.0025
DDOG,2026-05-01,2026-05-01 09:33:00-04:00,LONG,-0.004
DDOG,2026-05-01,2026-05-01 09:35:00-04:00,LONG,-0.004
DDOG,2026-05-01,2026-05-01 09:59:00-04:00,SHORT,0.0025
DDOG,2026-05-01,2026-05-01 10:05:00-04:00,SHORT,0.0025
DDOG,2026-05-04,2026-05-04 09:30:00-04:00,SHORT,-0.004
DDOG,2026-05-04,2026-05-04 10:04:00-04:00,LONG,0.01
DDOG,2026-05-04,2026-05-04 10:28:00-04:00,LONG,0.0025
DDOG,2026-05-05,2026-05-05 09:54:00-04:00,SHORT,-0.004
DDOG,2026-05-06,2026-05-06 09:30:00-04:00,SHORT,-0.004
DDOG,2026-05-06,2026-05-06 09:37:00-04:00,SHORT,-0.004
DDOG,2026-05-06,2026-05-06 09:54:00-04:00,SHORT,-0.004
DDOG,2026-05-07,2026-05-07 09:30:00-04:00,LONG,-0.004
DDOG,2026-05-07,2026-05-07 09:31:00-04:00,LONG,0.0025
DDOG,2026-05-07,2026-05-07 09:37:00-04:00,LONG,-0.004
DDOG,2026-05-07,2026-05-07 09:39:00-04:00,LONG,0.0025
DDOG,2026-05-07,2026-05-07 10:25:00-04:00,SHORT,-0.004
DDOG,2026-05-07,2026-05-07 10:29:00-04:00,SHORT,-0.004
DDOG,2026-05-08,2026-05-08 09:30:00-04:00,LONG,0.0025
DDOG,2026-05-08,2026-05-08 09:31:00-04:00,LONG,-0.004
DDOG,2026-05-08,2026-05-08 09:33:00-04:00,LONG,0.0025
DDOG,2026-05-08,2026-05-08 10:10:00-04:00,LONG,0.01
DDOG,2026-05-08,2026-05-08 10:14:00-04:00,LONG,0.0025
DDOG,2026-05-08,2026-05-08 10:22:00-04:00,LONG,0.0025
DDOG,2026-05-11,2026-05-11 09:34:00-04:00,LONG,-0.004
DDOG,2026-05-11,2026-05-11 10:30:00-04:00,SHORT,0.0025
DDOG,2026-05-12,2026-05-12 09:30:00-04:00,LONG,-0.004
DDOG,2026-05-12,2026-05-12 09:37:00-04:00,SHORT,-0.004
DDOG,2026-05-12,2026-05-12 09:46:00-04:00,SHORT,0.0025
DDOG,2026-05-12,2026-05-12 10:19:00-04:00,LONG,-0.004
DDOG,2026-05-13,2026-05-13 09:35:00-04:00,SHORT,-0.004
DDOG,2026-05-13,2026-05-13 10:13:00-04:00,LONG,-0.004
DDOG,2026-05-14,2026-05-14 09:30:00-04:00,SHORT,0.01
DDOG,2026-05-14,2026-05-14 09:31:00-04:00,SHORT,-0.004
DDOG,2026-05-14,2026-05-14 09:32:00-04:00,SHORT,-0.004
DDOG,2026-05-14,2026-05-14 09:35:00-04:00,SHORT,0.0025
DDOG,2026-05-14,2026-05-14 09:36:00-04:00,SHORT,-0.004
DDOG,2026-05-14,2026-05-14 09:38:00-04:00,SHORT,0.0025
DDOG,2026-05-15,2026-05-15 09:34:00-04:00,LONG,-0.004
DDOG,2026-05-15,2026-05-15 09:50:00-04:00,LONG,-0.004
DDOG,2026-05-15,2026-05-15 09:54:00-04:00,LONG,-0.004
DDOG,2026-05-18,2026-05-18 09:33:00-04:00,SHORT,-0.004
DDOG,2026-05-18,2026-05-18 09:34:00-04:00,SHORT,-0.004
DDOG,2026-05-18,2026-05-18 10:13:00-04:00,LONG,-0.004
DDOG,2026-05-19,2026-05-19 09:38:00-04:00,LONG,0.0025
DDOG,2026-05-19,2026-05-19 10:21:00-04:00,SHORT,-0.004
DDOG,2026-05-20,2026-05-20 09:30:00-04:00,LONG,0.0025
DDOG,2026-05-20,2026-05-20 09:31:00-04:00,LONG,0.01
DDOG,2026-05-20,2026-05-20 09:33:00-04:00,LONG,-0.004
DDOG,2026-05-20,2026-05-20 09:51:00-04:00,SHORT,0.0025
DDOG,2026-05-20,2026-05-20 10:17:00-04:00,SHORT,0.0025
DDOG,2026-05-21,2026-05-21 09:30:00-04:00,SHORT,-0.004
DDOG,2026-05-21,2026-05-21 09:38:00-04:00,LONG,-0.004
DDOG,2026-05-21,2026-05-21 09:59:00-04:00,LONG,0.0025
DDOG,2026-05-22,2026-05-22 09:37:00-04:00,LONG,0.0025
DDOG,2026-05-22,2026-05-22 10:16:00-04:00,SHORT,0.0033641076951064115
DDOG,2026-05-26,2026-05-26 09:30:00-04:00,SHORT,-0.004
DDOG,2026-05-26,2026-05-26 09:33:00-04:00,SHORT,-0.004
DDOG,2026-05-26,2026-05-26 09:39:00-04:00,SHORT,-0.004
DDOG,2026-05-27,2026-05-27 09:30:00-04:00,LONG,-0.004
DDOG,2026-05-27,2026-05-27 09:41:00-04:00,SHORT,-0.004
DDOG,2026-05-27,2026-05-27 09:43:00-04:00,SHORT,-0.004
DDOG,2026-05-27,2026-05-27 09:57:00-04:00,LONG,0.0025
DDOG,2026-05-28,2026-05-28 09:30:00-04:00,SHORT,0.0025
DDOG,2026-05-28,2026-05-28 09:31:00-04:00,SHORT,0.0025
DDOG,2026-05-28,2026-05-28 09:32:00-04:00,SHORT,0.01
DDOG,2026-05-28,2026-05-28 09:33:00-04:00,SHORT,0.0025
DDOG,2026-05-28,2026-05-28 09:34:00-04:00,SHORT,-0.004
DDOG,2026-05-29,2026-05-29 09:37:00-04:00,LONG,0.01
DDOG,2026-05-29,2026-05-29 10:00:00-04:00,LONG,0.0025
DDOG,2026-05-29,2026-05-29 10:16:00-04:00,LONG,-0.004
DDOG,2026-06-01,2026-06-01 09:31:00-04:00,SHORT,-0.004
DDOG,2026-06-01,2026-06-01 09:36:00-04:00,LONG,0.0025
DDOG,2026-06-01,2026-06-01 09:37:00-04:00,LONG,0.0025
DDOG,2026-06-01,2026-06-01 09:40:00-04:00,LONG,0.0025
DDOG,2026-06-01,2026-06-01 09:43:00-04:00,LONG,0.0025
DDOG,2026-06-01,2026-06-01 09:58:00-04:00,LONG,-0.004
DDOG,2026-06-02,2026-06-02 09:55:00-04:00,SHORT,-0.004
DDOG,2026-06-03,2026-06-03 09:31:00-04:00,SHORT,0.01
DDOG,2026-06-03,2026-06-03 09:32:00-04:00,SHORT,-0.004
DDOG,2026-06-03,2026-06-03 09:34:00-04:00,SHORT,0.01
DDOG,2026-06-03,2026-06-03 09:35:00-04:00,SHORT,0.01
DDOG,2026-06-03,2026-06-03 09:36:00-04:00,SHORT,0.0025
DDOG,2026-06-03,2026-06-03 09:37:00-04:00,SHORT,-0.004
DDOG,2026-06-04,2026-06-04 09:30:00-04:00,SHORT,-0.004
DDOG,2026-06-04,2026-06-04 09:32:00-04:00,SHORT,-0.004
DDOG,2026-06-04,2026-06-04 09:35:00-04:00,SHORT,-0.004
DDOG,2026-06-04,2026-06-04 09:36:00-04:00,SHORT,-0.004
DDOG,2026-06-05,2026-06-05 09:31:00-04:00,SHORT,-0.004
DDOG,2026-06-08,2026-06-08 09:30:00-04:00,LONG,-0.004
DDOG,2026-06-08,2026-06-08 09:32:00-04:00,SHORT,0.0025
DDOG,2026-06-08,2026-06-08 10:19:00-04:00,SHORT,-0.004
DDOG,2026-06-09,2026-06-09 09:30:00-04:00,LONG,-0.004
DDOG,2026-06-09,2026-06-09 09:31:00-04:00,SHORT,-0.004
DDOG,2026-06-09,2026-06-09 09:32:00-04:00,SHORT,-0.004
DDOG,2026-06-09,2026-06-09 09:38:00-04:00,SHORT,-0.004
DDOG,2026-06-09,2026-06-09 09:46:00-04:00,LONG,0.0025
DDOG,2026-06-10,2026-06-10 09:30:00-04:00,SHORT,-0.004
DDOG,2026-06-10,2026-06-10 09:38:00-04:00,LONG,-0.004
DDOG,2026-06-10,2026-06-10 09:44:00-04:00,LONG,0.01
DDOG,2026-06-10,2026-06-10 09:46:00-04:00,LONG,-0.004
DDOG,2026-06-11,2026-06-11 09:30:00-04:00,LONG,-0.004
DDOG,2026-06-11,2026-06-11 09:32:00-04:00,LONG,-0.004
DDOG,2026-06-11,2026-06-11 09:41:00-04:00,SHORT,-0.004
DDOG,2026-06-11,2026-06-11 09:50:00-04:00,LONG,-0.004
DDOG,2026-06-11,2026-06-11 10:28:00-04:00,LONG,0.0027401746724891127
DDOG,2026-06-12,2026-06-12 09:30:00-04:00,SHORT,-0.004
DDOG,2026-06-12,2026-06-12 09:33:00-04:00,SHORT,-0.004
NET,2025-12-15,2025-12-15 09:33:00-05:00,SHORT,-0.004
NET,2025-12-15,2025-12-15 09:45:00-05:00,SHORT,0.006084764749813288
NET,2025-12-18,2025-12-18 09:35:00-05:00,LONG,-0.004
NET,2025-12-18,2025-12-18 09:47:00-05:00,SHORT,-0.004
NET,2025-12-18,2025-12-18 10:10:00-05:00,SHORT,0.0025
NET,2025-12-22,2025-12-22 09:46:00-05:00,LONG,0.0025
NET,2025-12-22,2025-12-22 09:47:00-05:00,LONG,0.007510169155216058
NET,2025-12-22,2025-12-22 09:54:00-05:00,LONG,-0.004
NET,2025-12-24,2025-12-24 10:01:00-05:00,LONG,0.0025
NET,2025-12-26,2025-12-26 10:17:00-05:00,LONG,0.0005435051138890936
NET,2025-12-29,2025-12-29 09:42:00-05:00,LONG,-0.004
NET,2025-12-30,2025-12-30 09:31:00-05:00,SHORT,-0.004
NET,2025-12-30,2025-12-30 09:33:00-05:00,SHORT,-0.004
NET,2025-12-31,2025-12-31 10:13:00-05:00,LONG,-0.002909941055040207
NET,2026-01-02,2026-01-02 09:30:00-05:00,SHORT,-0.004
NET,2026-01-02,2026-01-02 09:32:00-05:00,SHORT,-0.004
NET,2026-01-02,2026-01-02 09:45:00-05:00,LONG,-0.004
NET,2026-01-02,2026-01-02 09:47:00-05:00,LONG,-0.004
NET,2026-01-02,2026-01-02 09:50:00-05:00,LONG,-0.004
NET,2026-01-02,2026-01-02 10:10:00-05:00,SHORT,0.005006859756097595
NET,2026-01-02,2026-01-02 10:15:00-05:00,SHORT,-0.004
NET,2026-01-05,2026-01-05 09:36:00-05:00,LONG,0.01
NET,2026-01-05,2026-01-05 09:39:00-05:00,LONG,0.0025
NET,2026-01-05,2026-01-05 09:58:00-05:00,LONG,0.0025
NET,2026-01-06,2026-01-06 09:39:00-05:00,SHORT,0.0025
NET,2026-01-06,2026-01-06 09:41:00-05:00,SHORT,-0.004
NET,2026-01-06,2026-01-06 09:48:00-05:00,SHORT,-0.004
NET,2026-01-07,2026-01-07 09:34:00-05:00,LONG,0.0025
NET,2026-01-07,2026-01-07 09:35:00-05:00,LONG,-0.004
NET,2026-01-07,2026-01-07 09:41:00-05:00,LONG,-0.004
NET,2026-01-08,2026-01-08 09:35:00-05:00,SHORT,-0.004
NET,2026-01-08,2026-01-08 09:42:00-05:00,SHORT,-0.004
NET,2026-01-08,2026-01-08 09:59:00-05:00,SHORT,0.0025
NET,2026-01-08,2026-01-08 10:01:00-05:00,SHORT,-0.004
NET,2026-01-08,2026-01-08 10:20:00-05:00,SHORT,-0.004
NET,2026-01-09,2026-01-09 09:56:00-05:00,SHORT,-0.004
NET,2026-01-12,2026-01-12 09:35:00-05:00,LONG,-0.004
NET,2026-01-12,2026-01-12 09:42:00-05:00,LONG,-0.004
NET,2026-01-12,2026-01-12 10:03:00-05:00,LONG,-0.004
NET,2026-01-13,2026-01-13 09:34:00-05:00,LONG,0.0025
NET,2026-01-13,2026-01-13 09:41:00-05:00,LONG,-0.004
NET,2026-01-13,2026-01-13 10:09:00-05:00,SHORT,0.005357600683687623
NET,2026-01-14,2026-01-14 09:30:00-05:00,SHORT,-0.004
NET,2026-01-14,2026-01-14 09:34:00-05:00,LONG,-0.004
NET,2026-01-15,2026-01-15 10:25:00-05:00,SHORT,-0.004
NET,2026-01-16,2026-01-16 09:30:00-05:00,SHORT,0.004755312211292821
NET,2026-01-16,2026-01-16 09:35:00-05:00,SHORT,-0.004
NET,2026-01-16,2026-01-16 09:41:00-05:00,SHORT,-0.004
NET,2026-01-20,2026-01-20 09:31:00-05:00,SHORT,-0.004
NET,2026-01-20,2026-01-20 09:34:00-05:00,LONG,0.0025
NET,2026-01-20,2026-01-20 09:44:00-05:00,LONG,-0.004
NET,2026-01-20,2026-01-20 10:22:00-05:00,LONG,0.004439165604742614
NET,2026-01-21,2026-01-21 09:32:00-05:00,SHORT,-0.004
NET,2026-01-21,2026-01-21 09:41:00-05:00,SHORT,-0.004
NET,2026-01-21,2026-01-21 09:50:00-05:00,LONG,0.00491429261226459
NET,2026-01-22,2026-01-22 09:30:00-05:00,LONG,-0.004
NET,2026-01-22,2026-01-22 09:31:00-05:00,LONG,-0.004
NET,2026-01-22,2026-01-22 09:32:00-05:00,LONG,-0.004
NET,2026-01-22,2026-01-22 09:46:00-05:00,SHORT,0.0025
NET,2026-01-22,2026-01-22 09:57:00-05:00,SHORT,0.004081219168428468
NET,2026-01-23,2026-01-23 09:33:00-05:00,SHORT,-0.004
NET,2026-01-23,2026-01-23 09:34:00-05:00,SHORT,-0.004
NET,2026-01-23,2026-01-23 09:42:00-05:00,LONG,0.01
NET,2026-01-23,2026-01-23 09:49:00-05:00,LONG,0.0025
NET,2026-01-26,2026-01-26 09:31:00-05:00,LONG,0.0025
NET,2026-01-26,2026-01-26 09:32:00-05:00,LONG,0.0025
NET,2026-01-26,2026-01-26 09:33:00-05:00,LONG,-0.004
NET,2026-01-26,2026-01-26 09:35:00-05:00,LONG,0.0025
NET,2026-01-26,2026-01-26 09:36:00-05:00,LONG,-0.004
NET,2026-01-26,2026-01-26 09:38:00-05:00,LONG,0.0025
NET,2026-01-26,2026-01-26 09:41:00-05:00,LONG,-0.004
NET,2026-01-26,2026-01-26 10:23:00-05:00,LONG,0.0025
NET,2026-01-27,2026-01-27 09:32:00-05:00,LONG,-0.004
NET,2026-01-27,2026-01-27 09:33:00-05:00,LONG,-0.004
NET,2026-01-27,2026-01-27 09:36:00-05:00,LONG,0.0025
NET,2026-01-27,2026-01-27 09:58:00-05:00,LONG,-0.004
NET,2026-01-27,2026-01-27 10:08:00-05:00,LONG,-0.004
NET,2026-01-27,2026-01-27 10:21:00-05:00,LONG,0.0025
NET,2026-01-28,2026-01-28 09:30:00-05:00,SHORT,0.0025
NET,2026-01-28,2026-01-28 09:31:00-05:00,SHORT,0.0025
NET,2026-01-28,2026-01-28 09:36:00-05:00,SHORT,-0.004
NET,2026-01-28,2026-01-28 09:38:00-05:00,SHORT,0.0025
NET,2026-01-28,2026-01-28 10:06:00-05:00,SHORT,-0.004
NET,2026-01-29,2026-01-29 09:30:00-05:00,SHORT,0.0025
NET,2026-01-29,2026-01-29 09:31:00-05:00,SHORT,-0.004
NET,2026-01-29,2026-01-29 09:34:00-05:00,SHORT,-0.004
NET,2026-01-29,2026-01-29 09:36:00-05:00,SHORT,-0.004
NET,2026-01-29,2026-01-29 09:53:00-05:00,SHORT,-0.004
NET,2026-01-29,2026-01-29 09:57:00-05:00,SHORT,0.0025
NET,2026-01-29,2026-01-29 10:01:00-05:00,SHORT,-0.004
NET,2026-01-30,2026-01-30 09:32:00-05:00,LONG,-0.004
NET,2026-01-30,2026-01-30 09:34:00-05:00,LONG,-0.004
NET,2026-01-30,2026-01-30 09:51:00-05:00,LONG,-0.004
NET,2026-02-02,2026-02-02 09:31:00-05:00,LONG,0.0025
NET,2026-02-02,2026-02-02 09:32:00-05:00,LONG,-0.004
NET,2026-02-02,2026-02-02 09:37:00-05:00,LONG,-0.004
NET,2026-02-03,2026-02-03 09:30:00-05:00,SHORT,0.0025
NET,2026-02-03,2026-02-03 09:31:00-05:00,SHORT,0.0025
NET,2026-02-03,2026-02-03 09:32:00-05:00,SHORT,-0.004
NET,2026-02-03,2026-02-03 09:35:00-05:00,SHORT,0.0025
NET,2026-02-03,2026-02-03 09:37:00-05:00,SHORT,-0.004
NET,2026-02-03,2026-02-03 09:49:00-05:00,SHORT,0.01
NET,2026-02-03,2026-02-03 09:50:00-05:00,SHORT,0.01
NET,2026-02-03,2026-02-03 10:27:00-05:00,SHORT,-0.004
NET,2026-02-04,2026-02-04 09:30:00-05:00,SHORT,0.0025
NET,2026-02-04,2026-02-04 09:31:00-05:00,SHORT,-0.004
NET,2026-02-04,2026-02-04 09:38:00-05:00,LONG,0.0025
NET,2026-02-04,2026-02-04 09:39:00-05:00,LONG,-0.004
NET,2026-02-04,2026-02-04 09:45:00-05:00,SHORT,0.01
NET,2026-02-04,2026-02-04 10:23:00-05:00,LONG,-0.004
NET,2026-02-05,2026-02-05 09:50:00-05:00,LONG,-0.004
NET,2026-02-06,2026-02-06 09:33:00-05:00,SHORT,-0.004
NET,2026-02-06,2026-02-06 10:06:00-05:00,SHORT,-0.004
NET,2026-02-06,2026-02-06 10:26:00-05:00,SHORT,0.0025
NET,2026-02-09,2026-02-09 09:30:00-05:00,SHORT,-0.004
NET,2026-02-10,2026-02-10 09:54:00-05:00,SHORT,-0.004
NET,2026-02-11,2026-02-11 09:30:00-05:00,SHORT,-0.004
NET,2026-02-11,2026-02-11 09:32:00-05:00,SHORT,0.0025
NET,2026-02-11,2026-02-11 09:33:00-05:00,SHORT,-0.004
NET,2026-02-12,2026-02-12 09:30:00-05:00,SHORT,0.0025
NET,2026-02-12,2026-02-12 09:33:00-05:00,LONG,0.0025
NET,2026-02-12,2026-02-12 09:34:00-05:00,LONG,-0.004
NET,2026-02-12,2026-02-12 09:36:00-05:00,LONG,0.0025
NET,2026-02-12,2026-02-12 09:38:00-05:00,LONG,-0.004
NET,2026-02-12,2026-02-12 10:00:00-05:00,SHORT,-0.004
NET,2026-02-12,2026-02-12 10:10:00-05:00,SHORT,-0.004
NET,2026-02-13,2026-02-13 09:30:00-05:00,LONG,0.0025
NET,2026-02-13,2026-02-13 09:31:00-05:00,LONG,-0.004
NET,2026-02-13,2026-02-13 09:39:00-05:00,SHORT,0.0025
NET,2026-02-13,2026-02-13 09:47:00-05:00,LONG,-0.004
NET,2026-02-13,2026-02-13 09:49:00-05:00,LONG,-0.004
NET,2026-02-13,2026-02-13 09:55:00-05:00,LONG,-0.004
NET,2026-02-17,2026-02-17 09:31:00-05:00,LONG,-0.004
NET,2026-02-17,2026-02-17 09:37:00-05:00,LONG,-0.004
NET,2026-02-17,2026-02-17 10:11:00-05:00,SHORT,-0.004
NET,2026-02-17,2026-02-17 10:21:00-05:00,SHORT,0.01
NET,2026-02-18,2026-02-18 09:32:00-05:00,SHORT,-0.004
NET,2026-02-18,2026-02-18 09:34:00-05:00,SHORT,-0.004
NET,2026-02-19,2026-02-19 09:30:00-05:00,SHORT,-0.004
NET,2026-02-19,2026-02-19 09:32:00-05:00,SHORT,-0.004
NET,2026-02-19,2026-02-19 09:33:00-05:00,SHORT,0.0025
NET,2026-02-19,2026-02-19 09:34:00-05:00,SHORT,-0.004
NET,2026-02-20,2026-02-20 09:42:00-05:00,LONG,-0.004
NET,2026-02-20,2026-02-20 10:01:00-05:00,LONG,-0.004
NET,2026-02-20,2026-02-20 10:28:00-05:00,SHORT,0.0025
NET,2026-02-23,2026-02-23 09:30:00-05:00,SHORT,-0.004
NET,2026-02-23,2026-02-23 09:35:00-05:00,SHORT,-0.004
NET,2026-02-23,2026-02-23 09:36:00-05:00,LONG,-0.004
NET,2026-02-23,2026-02-23 09:44:00-05:00,SHORT,0.0025
NET,2026-02-23,2026-02-23 09:45:00-05:00,SHORT,-0.004
NET,2026-02-23,2026-02-23 10:22:00-05:00,SHORT,0.01
NET,2026-02-24,2026-02-24 09:40:00-05:00,LONG,0.01
NET,2026-02-24,2026-02-24 09:42:00-05:00,LONG,-0.004
NET,2026-02-24,2026-02-24 10:16:00-05:00,LONG,0.01
NET,2026-02-24,2026-02-24 10:26:00-05:00,LONG,0.01
NET,2026-02-24,2026-02-24 10:28:00-05:00,LONG,0.0025
NET,2026-02-24,2026-02-24 10:29:00-05:00,LONG,0.0025
NET,2026-02-25,2026-02-25 09:34:00-05:00,SHORT,-0.004
NET,2026-02-25,2026-02-25 09:47:00-05:00,LONG,-0.004
NET,2026-02-25,2026-02-25 09:51:00-05:00,LONG,0.0025
NET,2026-02-25,2026-02-25 10:01:00-05:00,LONG,-0.004
NET,2026-02-26,2026-02-26 09:36:00-05:00,SHORT,-0.004
NET,2026-02-26,2026-02-26 10:03:00-05:00,LONG,0.0025
NET,2026-02-27,2026-02-27 09:33:00-05:00,LONG,-0.004
NET,2026-03-02,2026-03-02 09:33:00-05:00,LONG,0.0025
NET,2026-03-02,2026-03-02 09:34:00-05:00,LONG,0.01
NET,2026-03-02,2026-03-02 10:00:00-05:00,LONG,0.0025
NET,2026-03-03,2026-03-03 09:33:00-05:00,LONG,-0.004
NET,2026-03-03,2026-03-03 09:39:00-05:00,SHORT,-0.004
NET,2026-03-03,2026-03-03 10:20:00-05:00,SHORT,0.0025
NET,2026-03-04,2026-03-04 09:30:00-05:00,LONG,-0.004
NET,2026-03-04,2026-03-04 09:35:00-05:00,LONG,-0.004
NET,2026-03-05,2026-03-05 09:30:00-05:00,LONG,-0.004
NET,2026-03-05,2026-03-05 09:31:00-05:00,LONG,0.01
NET,2026-03-05,2026-03-05 09:35:00-05:00,LONG,0.01
NET,2026-03-05,2026-03-05 09:36:00-05:00,LONG,0.01
NET,2026-03-05,2026-03-05 09:43:00-05:00,LONG,-0.004
NET,2026-03-05,2026-03-05 09:50:00-05:00,LONG,0.0025
NET,2026-03-06,2026-03-06 09:34:00-05:00,LONG,0.0025
NET,2026-03-06,2026-03-06 09:35:00-05:00,LONG,-0.004
NET,2026-03-06,2026-03-06 09:38:00-05:00,LONG,-0.004
NET,2026-03-06,2026-03-06 09:51:00-05:00,LONG,0.0025
NET,2026-03-06,2026-03-06 09:59:00-05:00,LONG,-0.004
NET,2026-03-06,2026-03-06 10:00:00-05:00,LONG,-0.004
NET,2026-03-06,2026-03-06 10:24:00-05:00,LONG,-0.004
NET,2026-03-06,2026-03-06 10:29:00-05:00,LONG,-0.004
NET,2026-03-09,2026-03-09 09:30:00-04:00,LONG,0.01
NET,2026-03-09,2026-03-09 09:31:00-04:00,LONG,0.0025
NET,2026-03-09,2026-03-09 09:35:00-04:00,LONG,-0.004
NET,2026-03-09,2026-03-09 10:03:00-04:00,LONG,-0.004
NET,2026-03-10,2026-03-10 09:40:00-04:00,LONG,-0.004
NET,2026-03-10,2026-03-10 09:42:00-04:00,SHORT,-0.004
NET,2026-03-11,2026-03-11 09:30:00-04:00,LONG,-0.004
NET,2026-03-11,2026-03-11 09:33:00-04:00,LONG,-0.004
NET,2026-03-11,2026-03-11 09:35:00-04:00,LONG,0.0025
NET,2026-03-11,2026-03-11 09:37:00-04:00,LONG,-0.004
NET,2026-03-11,2026-03-11 09:45:00-04:00,SHORT,-0.004
NET,2026-03-12,2026-03-12 09:30:00-04:00,LONG,0.0025
NET,2026-03-12,2026-03-12 09:31:00-04:00,LONG,0.0025
NET,2026-03-12,2026-03-12 09:32:00-04:00,LONG,-0.004
NET,2026-03-12,2026-03-12 09:34:00-04:00,LONG,0.0025
NET,2026-03-12,2026-03-12 09:36:00-04:00,LONG,-0.004
NET,2026-03-13,2026-03-13 09:33:00-04:00,LONG,-0.004
NET,2026-03-13,2026-03-13 09:39:00-04:00,LONG,0.0025
NET,2026-03-13,2026-03-13 09:41:00-04:00,LONG,0.0025
NET,2026-03-13,2026-03-13 10:03:00-04:00,LONG,0.0025
NET,2026-03-13,2026-03-13 10:04:00-04:00,LONG,-0.004
NET,2026-03-16,2026-03-16 09:42:00-04:00,SHORT,-0.004
NET,2026-03-16,2026-03-16 09:52:00-04:00,SHORT,-0.004
NET,2026-03-17,2026-03-17 09:31:00-04:00,LONG,0.0025
NET,2026-03-17,2026-03-17 09:32:00-04:00,LONG,-0.004
NET,2026-03-17,2026-03-17 09:38:00-04:00,LONG,0.01
NET,2026-03-17,2026-03-17 09:46:00-04:00,LONG,-0.004
NET,2026-03-17,2026-03-17 10:05:00-04:00,LONG,-0.004
NET,2026-03-18,2026-03-18 09:33:00-04:00,LONG,-0.004
NET,2026-03-18,2026-03-18 09:46:00-04:00,LONG,0.0025
NET,2026-03-18,2026-03-18 10:03:00-04:00,LONG,0.0025
NET,2026-03-19,2026-03-19 09:31:00-04:00,SHORT,-0.004
NET,2026-03-19,2026-03-19 09:34:00-04:00,LONG,-0.004
NET,2026-03-19,2026-03-19 09:59:00-04:00,LONG,-0.004
NET,2026-03-19,2026-03-19 10:14:00-04:00,SHORT,0.0025
NET,2026-03-20,2026-03-20 09:36:00-04:00,LONG,-0.004
NET,2026-03-20,2026-03-20 10:03:00-04:00,LONG,-0.004
NET,2026-03-23,2026-03-23 09:30:00-04:00,LONG,-0.004
NET,2026-03-23,2026-03-23 09:35:00-04:00,LONG,0.01
NET,2026-03-23,2026-03-23 09:36:00-04:00,LONG,0.0025
NET,2026-03-23,2026-03-23 09:37:00-04:00,LONG,0.0025
NET,2026-03-23,2026-03-23 09:39:00-04:00,LONG,-0.004
NET,2026-03-23,2026-03-23 09:49:00-04:00,LONG,-0.004
NET,2026-03-23,2026-03-23 09:59:00-04:00,LONG,0.0025
NET,2026-03-23,2026-03-23 10:05:00-04:00,LONG,-0.004
NET,2026-03-23,2026-03-23 10:15:00-04:00,LONG,-0.004
NET,2026-03-24,2026-03-24 09:32:00-04:00,SHORT,0.0025
NET,2026-03-24,2026-03-24 09:35:00-04:00,SHORT,0.0025
NET,2026-03-24,2026-03-24 09:36:00-04:00,SHORT,0.0025
NET,2026-03-24,2026-03-24 09:37:00-04:00,SHORT,-0.004
NET,2026-03-24,2026-03-24 09:39:00-04:00,SHORT,-0.004
NET,2026-03-24,2026-03-24 09:47:00-04:00,SHORT,-0.004
NET,2026-03-24,2026-03-24 10:16:00-04:00,SHORT,-0.004
NET,2026-03-25,2026-03-25 09:31:00-04:00,LONG,-0.004
NET,2026-03-25,2026-03-25 09:33:00-04:00,LONG,0.0025
NET,2026-03-25,2026-03-25 09:34:00-04:00,LONG,0.01
NET,2026-03-25,2026-03-25 09:35:00-04:00,LONG,0.0025
NET,2026-03-25,2026-03-25 09:36:00-04:00,LONG,-0.004
NET,2026-03-26,2026-03-26 09:30:00-04:00,LONG,-0.004
NET,2026-03-26,2026-03-26 09:31:00-04:00,LONG,-0.004
NET,2026-03-26,2026-03-26 09:36:00-04:00,LONG,0.0025
NET,2026-03-26,2026-03-26 09:37:00-04:00,LONG,-0.004
NET,2026-03-26,2026-03-26 09:40:00-04:00,LONG,-0.004
NET,2026-03-27,2026-03-27 09:34:00-04:00,LONG,-0.004
NET,2026-03-27,2026-03-27 09:37:00-04:00,LONG,-0.004
NET,2026-03-27,2026-03-27 10:01:00-04:00,SHORT,0.0025
NET,2026-03-30,2026-03-30 09:30:00-04:00,SHORT,-0.004
NET,2026-03-30,2026-03-30 09:33:00-04:00,LONG,-0.004
NET,2026-03-30,2026-03-30 09:34:00-04:00,LONG,-0.004
NET,2026-03-30,2026-03-30 09:56:00-04:00,SHORT,0.0025
NET,2026-03-30,2026-03-30 10:29:00-04:00,SHORT,0.01
NET,2026-03-31,2026-03-31 09:33:00-04:00,SHORT,-0.004
NET,2026-03-31,2026-03-31 10:00:00-04:00,LONG,0.0025
NET,2026-03-31,2026-03-31 10:14:00-04:00,LONG,-0.004
NET,2026-04-01,2026-04-01 09:32:00-04:00,LONG,-0.004
NET,2026-04-01,2026-04-01 09:33:00-04:00,LONG,-0.004
NET,2026-04-01,2026-04-01 09:43:00-04:00,SHORT,-0.004
NET,2026-04-02,2026-04-02 09:30:00-04:00,LONG,0.0025
NET,2026-04-02,2026-04-02 09:31:00-04:00,LONG,-0.004
NET,2026-04-02,2026-04-02 09:53:00-04:00,LONG,0.0025
NET,2026-04-02,2026-04-02 09:59:00-04:00,LONG,-0.004
NET,2026-04-06,2026-04-06 09:31:00-04:00,LONG,-0.004
NET,2026-04-06,2026-04-06 09:36:00-04:00,SHORT,-0.004
NET,2026-04-06,2026-04-06 09:37:00-04:00,SHORT,-0.004
NET,2026-04-06,2026-04-06 09:47:00-04:00,SHORT,-0.004
NET,2026-04-06,2026-04-06 10:05:00-04:00,SHORT,0.0025
NET,2026-04-06,2026-04-06 10:10:00-04:00,SHORT,-0.004
NET,2026-04-07,2026-04-07 09:32:00-04:00,LONG,-0.004
NET,2026-04-07,2026-04-07 09:36:00-04:00,LONG,-0.004
NET,2026-04-07,2026-04-07 09:46:00-04:00,LONG,-0.004
NET,2026-04-07,2026-04-07 09:54:00-04:00,LONG,-0.004
NET,2026-04-07,2026-04-07 10:06:00-04:00,SHORT,-0.004
NET,2026-04-08,2026-04-08 09:30:00-04:00,SHORT,-0.004
NET,2026-04-08,2026-04-08 09:31:00-04:00,SHORT,-0.004
NET,2026-04-08,2026-04-08 09:32:00-04:00,SHORT,-0.004
NET,2026-04-08,2026-04-08 09:37:00-04:00,SHORT,0.01
NET,2026-04-08,2026-04-08 09:39:00-04:00,SHORT,0.01
NET,2026-04-08,2026-04-08 09:42:00-04:00,SHORT,0.01
NET,2026-04-08,2026-04-08 10:02:00-04:00,SHORT,-0.004
NET,2026-04-09,2026-04-09 09:32:00-04:00,SHORT,0.01
NET,2026-04-09,2026-04-09 09:33:00-04:00,SHORT,-0.004
NET,2026-04-09,2026-04-09 09:35:00-04:00,SHORT,-0.004
NET,2026-04-09,2026-04-09 09:48:00-04:00,SHORT,-0.004
NET,2026-04-09,2026-04-09 09:58:00-04:00,SHORT,-0.004
NET,2026-04-09,2026-04-09 10:01:00-04:00,SHORT,0.01
NET,2026-04-09,2026-04-09 10:08:00-04:00,SHORT,0.0025
NET,2026-04-09,2026-04-09 10:09:00-04:00,SHORT,-0.004
NET,2026-04-10,2026-04-10 09:32:00-04:00,SHORT,0.0025
NET,2026-04-10,2026-04-10 09:33:00-04:00,SHORT,0.0025
NET,2026-04-10,2026-04-10 09:34:00-04:00,SHORT,-0.004
NET,2026-04-10,2026-04-10 09:35:00-04:00,SHORT,-0.004
NET,2026-04-10,2026-04-10 09:37:00-04:00,SHORT,0.0025
NET,2026-04-10,2026-04-10 09:40:00-04:00,SHORT,0.0025
NET,2026-04-10,2026-04-10 09:42:00-04:00,SHORT,0.01
NET,2026-04-10,2026-04-10 09:44:00-04:00,SHORT,0.0025
NET,2026-04-10,2026-04-10 09:45:00-04:00,SHORT,0.0025
NET,2026-04-10,2026-04-10 09:59:00-04:00,SHORT,0.01
NET,2026-04-10,2026-04-10 10:01:00-04:00,SHORT,0.01
NET,2026-04-10,2026-04-10 10:06:00-04:00,SHORT,0.0025
NET,2026-04-10,2026-04-10 10:29:00-04:00,SHORT,-0.004
NET,2026-04-13,2026-04-13 09:31:00-04:00,LONG,-0.004
NET,2026-04-13,2026-04-13 09:38:00-04:00,LONG,0.01
NET,2026-04-13,2026-04-13 10:00:00-04:00,LONG,0.0025
NET,2026-04-14,2026-04-14 09:32:00-04:00,SHORT,-0.004
NET,2026-04-14,2026-04-14 09:34:00-04:00,LONG,0.0025
NET,2026-04-14,2026-04-14 09:35:00-04:00,LONG,-0.004
NET,2026-04-14,2026-04-14 09:38:00-04:00,LONG,-0.004
NET,2026-04-14,2026-04-14 09:44:00-04:00,SHORT,0.01
NET,2026-04-14,2026-04-14 10:05:00-04:00,SHORT,-0.004
NET,2026-04-15,2026-04-15 09:30:00-04:00,SHORT,-0.004
NET,2026-04-15,2026-04-15 10:08:00-04:00,LONG,0.008667708026065224
NET,2026-04-15,2026-04-15 10:11:00-04:00,LONG,-0.004
NET,2026-04-16,2026-04-16 09:31:00-04:00,LONG,0.0025
NET,2026-04-16,2026-04-16 09:32:00-04:00,LONG,-0.004
NET,2026-04-17,2026-04-17 09:30:00-04:00,SHORT,-0.004
NET,2026-04-17,2026-04-17 09:32:00-04:00,SHORT,-0.004
NET,2026-04-17,2026-04-17 09:36:00-04:00,SHORT,-0.004
NET,2026-04-17,2026-04-17 10:02:00-04:00,SHORT,-0.004
NET,2026-04-17,2026-04-17 10:30:00-04:00,LONG,-0.004
NET,2026-04-20,2026-04-20 09:31:00-04:00,SHORT,-0.004
NET,2026-04-21,2026-04-21 09:32:00-04:00,SHORT,-0.004
NET,2026-04-21,2026-04-21 09:42:00-04:00,LONG,-0.004
NET,2026-04-21,2026-04-21 10:30:00-04:00,LONG,-0.004
NET,2026-04-22,2026-04-22 09:35:00-04:00,SHORT,-0.004
NET,2026-04-22,2026-04-22 09:40:00-04:00,LONG,-0.004
NET,2026-04-22,2026-04-22 10:29:00-04:00,SHORT,-0.004
NET,2026-04-23,2026-04-23 09:31:00-04:00,SHORT,0.0025
NET,2026-04-23,2026-04-23 09:48:00-04:00,LONG,0.0025
NET,2026-04-24,2026-04-24 09:31:00-04:00,LONG,-0.004
NET,2026-04-24,2026-04-24 10:13:00-04:00,SHORT,0.0025
NET,2026-04-27,2026-04-27 09:32:00-04:00,LONG,-0.004
NET,2026-04-27,2026-04-27 10:18:00-04:00,LONG,0.005915431979988494
NET,2026-04-28,2026-04-28 09:31:00-04:00,LONG,0.0025
NET,2026-04-28,2026-04-28 09:32:00-04:00,LONG,0.0025
NET,2026-04-28,2026-04-28 09:33:00-04:00,LONG,-0.004
NET,2026-04-28,2026-04-28 09:35:00-04:00,LONG,-0.004
NET,2026-04-29,2026-04-29 09:32:00-04:00,SHORT,-0.004
NET,2026-04-29,2026-04-29 10:22:00-04:00,LONG,0.0025
NET,2026-04-30,2026-04-30 09:31:00-04:00,SHORT,0.0025
NET,2026-04-30,2026-04-30 09:32:00-04:00,SHORT,0.0025
NET,2026-04-30,2026-04-30 09:33:00-04:00,SHORT,-0.004
NET,2026-04-30,2026-04-30 09:51:00-04:00,SHORT,0.0025
NET,2026-04-30,2026-04-30 09:53:00-04:00,SHORT,0.0025
NET,2026-04-30,2026-04-30 09:54:00-04:00,SHORT,-0.004
NET,2026-04-30,2026-04-30 09:59:00-04:00,SHORT,-0.004
NET,2026-04-30,2026-04-30 10:08:00-04:00,SHORT,-0.004
NET,2026-04-30,2026-04-30 10:16:00-04:00,SHORT,-0.004
NET,2026-05-01,2026-05-01 09:30:00-04:00,LONG,0.0025
NET,2026-05-01,2026-05-01 09:32:00-04:00,LONG,0.0025
NET,2026-05-01,2026-05-01 09:35:00-04:00,LONG,0.0025
NET,2026-05-01,2026-05-01 09:36:00-04:00,LONG,-0.004
NET,2026-05-05,2026-05-05 09:31:00-04:00,LONG,0.0025
NET,2026-05-05,2026-05-05 09:35:00-04:00,LONG,0.0025
NET,2026-05-05,2026-05-05 09:38:00-04:00,LONG,-0.004
NET,2026-05-05,2026-05-05 09:45:00-04:00,LONG,0.0025
NET,2026-05-06,2026-05-06 09:30:00-04:00,SHORT,0.01
NET,2026-05-06,2026-05-06 09:33:00-04:00,SHORT,-0.004
NET,2026-05-06,2026-05-06 09:39:00-04:00,LONG,0.0025
NET,2026-05-07,2026-05-07 09:34:00-04:00,SHORT,-0.004
NET,2026-05-07,2026-05-07 09:42:00-04:00,SHORT,0.0025
NET,2026-05-07,2026-05-07 10:15:00-04:00,LONG,-0.004
NET,2026-05-08,2026-05-08 09:33:00-04:00,SHORT,-0.004
NET,2026-05-08,2026-05-08 09:34:00-04:00,SHORT,0.0025
NET,2026-05-08,2026-05-08 09:35:00-04:00,SHORT,0.0025
NET,2026-05-08,2026-05-08 09:36:00-04:00,SHORT,-0.004
NET,2026-05-08,2026-05-08 09:38:00-04:00,SHORT,0.0025
NET,2026-05-08,2026-05-08 09:40:00-04:00,SHORT,0.0025
NET,2026-05-08,2026-05-08 09:56:00-04:00,SHORT,-0.004
NET,2026-05-08,2026-05-08 10:22:00-04:00,SHORT,0.01
NET,2026-05-08,2026-05-08 10:30:00-04:00,SHORT,0.0025
NET,2026-05-11,2026-05-11 09:30:00-04:00,LONG,0.01
NET,2026-05-11,2026-05-11 09:31:00-04:00,LONG,-0.004
NET,2026-05-11,2026-05-11 09:32:00-04:00,LONG,0.0025
NET,2026-05-11,2026-05-11 09:34:00-04:00,LONG,-0.004
NET,2026-05-11,2026-05-11 10:13:00-04:00,SHORT,0.0045635523483985255
NET,2026-05-12,2026-05-12 09:31:00-04:00,SHORT,-0.004
NET,2026-05-12,2026-05-12 09:38:00-04:00,SHORT,0.0025
NET,2026-05-13,2026-05-13 09:30:00-04:00,LONG,-0.004
NET,2026-05-13,2026-05-13 09:32:00-04:00,LONG,-0.004
NET,2026-05-13,2026-05-13 09:45:00-04:00,SHORT,-0.004
NET,2026-05-13,2026-05-13 10:24:00-04:00,LONG,-0.004
NET,2026-05-14,2026-05-14 09:30:00-04:00,SHORT,0.0025
NET,2026-05-14,2026-05-14 09:56:00-04:00,SHORT,-0.004
NET,2026-05-14,2026-05-14 10:08:00-04:00,LONG,0.01
NET,2026-05-14,2026-05-14 10:20:00-04:00,LONG,0.01
NET,2026-05-15,2026-05-15 09:33:00-04:00,SHORT,-0.004
NET,2026-05-15,2026-05-15 09:38:00-04:00,LONG,-0.004
NET,2026-05-15,2026-05-15 09:39:00-04:00,SHORT,-0.004
NET,2026-05-15,2026-05-15 09:42:00-04:00,SHORT,-0.004
NET,2026-05-15,2026-05-15 10:02:00-04:00,LONG,-0.004
NET,2026-05-15,2026-05-15 10:08:00-04:00,LONG,0.0025
NET,2026-05-18,2026-05-18 09:58:00-04:00,LONG,-0.004
NET,2026-05-19,2026-05-19 09:30:00-04:00,LONG,-0.004
NET,2026-05-19,2026-05-19 09:36:00-04:00,LONG,0.0025
NET,2026-05-19,2026-05-19 09:38:00-04:00,LONG,0.0025
NET,2026-05-19,2026-05-19 10:14:00-04:00,SHORT,0.0025
NET,2026-05-19,2026-05-19 10:20:00-04:00,SHORT,0.0025
NET,2026-05-20,2026-05-20 09:31:00-04:00,SHORT,-0.004
NET,2026-05-21,2026-05-21 09:33:00-04:00,LONG,-0.004
NET,2026-05-21,2026-05-21 10:24:00-04:00,LONG,-0.004
NET,2026-05-21,2026-05-21 10:25:00-04:00,LONG,-0.004
NET,2026-05-22,2026-05-22 09:32:00-04:00,SHORT,-0.004
NET,2026-05-22,2026-05-22 09:39:00-04:00,LONG,-0.004
NET,2026-05-22,2026-05-22 10:06:00-04:00,SHORT,0.0025
NET,2026-05-22,2026-05-22 10:07:00-04:00,SHORT,-0.004
NET,2026-05-26,2026-05-26 09:31:00-04:00,SHORT,0.0025
NET,2026-05-26,2026-05-26 09:32:00-04:00,SHORT,0.01
NET,2026-05-26,2026-05-26 09:34:00-04:00,SHORT,0.0025
NET,2026-05-26,2026-05-26 09:35:00-04:00,SHORT,0.0025
NET,2026-05-26,2026-05-26 09:36:00-04:00,SHORT,-0.004
NET,2026-05-26,2026-05-26 10:00:00-04:00,LONG,0.0025
NET,2026-05-27,2026-05-27 09:33:00-04:00,SHORT,-0.004
NET,2026-05-27,2026-05-27 09:34:00-04:00,SHORT,0.0025
NET,2026-05-27,2026-05-27 09:41:00-04:00,SHORT,-0.004
NET,2026-05-28,2026-05-28 09:31:00-04:00,LONG,-0.004
NET,2026-05-28,2026-05-28 09:34:00-04:00,LONG,-0.004
NET,2026-05-28,2026-05-28 09:52:00-04:00,LONG,0.01
NET,2026-05-28,2026-05-28 09:53:00-04:00,LONG,0.01
NET,2026-05-28,2026-05-28 10:00:00-04:00,LONG,-0.004
NET,2026-05-29,2026-05-29 09:39:00-04:00,SHORT,-0.004
NET,2026-05-29,2026-05-29 09:52:00-04:00,SHORT,0.0025
NET,2026-05-29,2026-05-29 09:53:00-04:00,SHORT,-0.004
NET,2026-05-29,2026-05-29 09:54:00-04:00,SHORT,-0.004
NET,2026-05-29,2026-05-29 10:28:00-04:00,LONG,0.0025
NET,2026-06-01,2026-06-01 09:37:00-04:00,LONG,-0.004
NET,2026-06-01,2026-06-01 10:10:00-04:00,LONG,0.0025
NET,2026-06-01,2026-06-01 10:11:00-04:00,LONG,0.01
NET,2026-06-01,2026-06-01 10:19:00-04:00,LONG,0.0025
NET,2026-06-01,2026-06-01 10:20:00-04:00,LONG,-0.004
NET,2026-06-02,2026-06-02 09:30:00-04:00,LONG,-0.004
NET,2026-06-02,2026-06-02 09:32:00-04:00,LONG,0.0025
NET,2026-06-02,2026-06-02 10:12:00-04:00,LONG,0.0025
NET,2026-06-03,2026-06-03 09:34:00-04:00,SHORT,0.0025
NET,2026-06-03,2026-06-03 09:35:00-04:00,SHORT,-0.004
NET,2026-06-03,2026-06-03 09:36:00-04:00,SHORT,-0.004
NET,2026-06-03,2026-06-03 09:37:00-04:00,SHORT,-0.004
NET,2026-06-04,2026-06-04 09:30:00-04:00,SHORT,0.0025
NET,2026-06-04,2026-06-04 09:31:00-04:00,SHORT,-0.004
NET,2026-06-04,2026-06-04 09:35:00-04:00,SHORT,-0.004
NET,2026-06-04,2026-06-04 10:14:00-04:00,LONG,-0.004
NET,2026-06-04,2026-06-04 10:27:00-04:00,LONG,0.01
NET,2026-06-05,2026-06-05 09:32:00-04:00,SHORT,-0.004
NET,2026-06-05,2026-06-05 09:35:00-04:00,SHORT,0.0025
NET,2026-06-05,2026-06-05 09:38:00-04:00,SHORT,0.0025
NET,2026-06-05,2026-06-05 09:41:00-04:00,SHORT,0.0025
NET,2026-06-05,2026-06-05 09:42:00-04:00,SHORT,0.0025
NET,2026-06-05,2026-06-05 09:43:00-04:00,SHORT,-0.004
NET,2026-06-08,2026-06-08 09:34:00-04:00,SHORT,-0.004
NET,2026-06-08,2026-06-08 09:37:00-04:00,SHORT,0.0025
NET,2026-06-08,2026-06-08 09:44:00-04:00,LONG,0.01
NET,2026-06-08,2026-06-08 09:45:00-04:00,LONG,0.0025
NET,2026-06-08,2026-06-08 09:46:00-04:00,LONG,-0.004
NET,2026-06-08,2026-06-08 09:48:00-04:00,LONG,-0.004
NET,2026-06-08,2026-06-08 10:30:00-04:00,LONG,-0.004
NET,2026-06-09,2026-06-09 09:30:00-04:00,SHORT,0.0025
NET,2026-06-09,2026-06-09 09:36:00-04:00,SHORT,0.0025
NET,2026-06-09,2026-06-09 09:37:00-04:00,SHORT,-0.004
NET,2026-06-09,2026-06-09 10:00:00-04:00,SHORT,-0.004
NET,2026-06-09,2026-06-09 10:10:00-04:00,SHORT,0.0025
NET,2026-06-09,2026-06-09 10:11:00-04:00,SHORT,0.0025
NET,2026-06-10,2026-06-10 09:32:00-04:00,LONG,-0.004
NET,2026-06-10,2026-06-10 09:36:00-04:00,LONG,-0.004
NET,2026-06-10,2026-06-10 10:13:00-04:00,SHORT,0.0025
NET,2026-06-10,2026-06-10 10:14:00-04:00,SHORT,-0.004
NET,2026-06-11,2026-06-11 09:56:00-04:00,LONG,0.0025
NET,2026-06-12,2026-06-12 09:31:00-04:00,LONG,-0.004
NET,2026-06-12,2026-06-12 09:36:00-04:00,SHORT,0.0025
NET,2026-06-12,2026-06-12 09:40:00-04:00,SHORT,-0.004
NET,2026-06-12,2026-06-12 10:00:00-04:00,LONG,0.0025
ZS,2025-12-15,2025-12-15 09:34:00-05:00,SHORT,-0.004
ZS,2025-12-16,2025-12-16 09:30:00-05:00,SHORT,0.0025
ZS,2025-12-16,2025-12-16 09:31:00-05:00,SHORT,-0.004
ZS,2025-12-16,2025-12-16 09:34:00-05:00,SHORT,-0.004
ZS,2025-12-16,2025-12-16 09:40:00-05:00,SHORT,0.0025
ZS,2025-12-17,2025-12-17 09:35:00-05:00,LONG,-0.004
ZS,2025-12-18,2025-12-18 09:30:00-05:00,LONG,0.0025
ZS,2025-12-18,2025-12-18 09:31:00-05:00,LONG,-0.004
ZS,2025-12-22,2025-12-22 09:30:00-05:00,SHORT,0.01
ZS,2025-12-22,2025-12-22 09:35:00-05:00,SHORT,0.0025
ZS,2025-12-22,2025-12-22 09:36:00-05:00,SHORT,0.0025
ZS,2025-12-22,2025-12-22 09:39:00-05:00,SHORT,-0.004
ZS,2025-12-22,2025-12-22 09:44:00-05:00,SHORT,-0.004
ZS,2025-12-24,2025-12-24 09:30:00-05:00,SHORT,-0.004
ZS,2025-12-24,2025-12-24 09:32:00-05:00,SHORT,0.004237553000830563
ZS,2025-12-24,2025-12-24 09:35:00-05:00,SHORT,-0.004
ZS,2026-01-02,2026-01-02 09:30:00-05:00,SHORT,0.007666068023590936
ZS,2026-01-02,2026-01-02 09:35:00-05:00,SHORT,0.0025
ZS,2026-01-02,2026-01-02 10:10:00-05:00,SHORT,0.0026918735891648038
ZS,2026-01-02,2026-01-02 10:12:00-05:00,SHORT,-0.004
ZS,2026-01-05,2026-01-05 09:36:00-05:00,LONG,0.01
ZS,2026-01-05,2026-01-05 09:45:00-05:00,LONG,0.00503029697696095
ZS,2026-01-06,2026-01-06 09:37:00-05:00,LONG,-0.004
ZS,2026-01-07,2026-01-07 09:33:00-05:00,LONG,-0.004
ZS,2026-01-07,2026-01-07 09:34:00-05:00,LONG,-0.004
ZS,2026-01-07,2026-01-07 10:17:00-05:00,SHORT,-0.004
ZS,2026-01-08,2026-01-08 09:30:00-05:00,SHORT,0.01
ZS,2026-01-08,2026-01-08 09:31:00-05:00,SHORT,-0.004
ZS,2026-01-08,2026-01-08 09:34:00-05:00,SHORT,-0.004
ZS,2026-01-08,2026-01-08 09:38:00-05:00,SHORT,0.01
ZS,2026-01-08,2026-01-08 09:51:00-05:00,SHORT,0.01
ZS,2026-01-08,2026-01-08 09:59:00-05:00,SHORT,0.006648168079286117
ZS,2026-01-08,2026-01-08 10:01:00-05:00,SHORT,0.0025
ZS,2026-01-09,2026-01-09 09:32:00-05:00,SHORT,-0.004
ZS,2026-01-09,2026-01-09 09:46:00-05:00,SHORT,0.01
ZS,2026-01-09,2026-01-09 09:49:00-05:00,SHORT,-0.004
ZS,2026-01-09,2026-01-09 10:07:00-05:00,SHORT,-0.004
ZS,2026-01-12,2026-01-12 09:30:00-05:00,SHORT,-0.004
ZS,2026-01-13,2026-01-13 09:33:00-05:00,LONG,0.0025
ZS,2026-01-13,2026-01-13 09:41:00-05:00,LONG,-0.004
ZS,2026-01-13,2026-01-13 10:07:00-05:00,SHORT,0.007168025761015648
ZS,2026-01-14,2026-01-14 09:32:00-05:00,LONG,0.005032312769273054
ZS,2026-01-14,2026-01-14 09:33:00-05:00,LONG,0.0025
ZS,2026-01-14,2026-01-14 09:34:00-05:00,LONG,-0.004
ZS,2026-01-15,2026-01-15 10:00:00-05:00,LONG,-0.004
ZS,2026-01-16,2026-01-16 09:41:00-05:00,SHORT,0.0025
ZS,2026-01-20,2026-01-20 09:30:00-05:00,SHORT,-0.004
ZS,2026-01-21,2026-01-21 09:30:00-05:00,SHORT,-0.004
ZS,2026-01-21,2026-01-21 09:38:00-05:00,LONG,-0.004
ZS,2026-01-22,2026-01-22 09:41:00-05:00,SHORT,0.0025
ZS,2026-01-26,2026-01-26 09:32:00-05:00,LONG,-0.004
ZS,2026-01-26,2026-01-26 09:51:00-05:00,LONG,-0.004
ZS,2026-01-26,2026-01-26 09:52:00-05:00,LONG,-0.004
ZS,2026-01-27,2026-01-27 09:30:00-05:00,LONG,0.0025
ZS,2026-01-27,2026-01-27 09:31:00-05:00,LONG,-0.004
ZS,2026-01-27,2026-01-27 10:22:00-05:00,SHORT,0.0025
ZS,2026-01-28,2026-01-28 09:30:00-05:00,SHORT,0.0025
ZS,2026-01-28,2026-01-28 09:31:00-05:00,SHORT,0.0025
ZS,2026-01-28,2026-01-28 09:37:00-05:00,SHORT,-0.004
ZS,2026-01-29,2026-01-29 09:31:00-05:00,SHORT,-0.004
ZS,2026-01-29,2026-01-29 09:35:00-05:00,SHORT,-0.004
ZS,2026-01-29,2026-01-29 09:43:00-05:00,SHORT,-0.004
ZS,2026-01-29,2026-01-29 10:02:00-05:00,SHORT,0.0025
ZS,2026-01-30,2026-01-30 09:34:00-05:00,LONG,-0.004
ZS,2026-01-30,2026-01-30 10:05:00-05:00,LONG,-0.004
ZS,2026-02-02,2026-02-02 09:33:00-05:00,LONG,0.01
ZS,2026-02-02,2026-02-02 09:34:00-05:00,LONG,0.0025
ZS,2026-02-02,2026-02-02 09:35:00-05:00,LONG,0.0025
ZS,2026-02-02,2026-02-02 09:36:00-05:00,LONG,-0.004
ZS,2026-02-03,2026-02-03 09:30:00-05:00,SHORT,0.0025
ZS,2026-02-03,2026-02-03 09:31:00-05:00,SHORT,0.0025
ZS,2026-02-03,2026-02-03 09:34:00-05:00,SHORT,-0.004
ZS,2026-02-03,2026-02-03 10:30:00-05:00,SHORT,-0.004
ZS,2026-02-04,2026-02-04 09:30:00-05:00,SHORT,0.0025
ZS,2026-02-04,2026-02-04 09:31:00-05:00,SHORT,0.0025
ZS,2026-02-05,2026-02-05 09:31:00-05:00,LONG,0.0025
ZS,2026-02-05,2026-02-05 09:32:00-05:00,LONG,-0.004
ZS,2026-02-05,2026-02-05 09:34:00-05:00,LONG,-0.004
ZS,2026-02-05,2026-02-05 09:51:00-05:00,SHORT,-0.004
ZS,2026-02-05,2026-02-05 09:55:00-05:00,SHORT,0.01
ZS,2026-02-05,2026-02-05 10:00:00-05:00,SHORT,0.0025
ZS,2026-02-05,2026-02-05 10:14:00-05:00,SHORT,-0.004
ZS,2026-02-06,2026-02-06 09:30:00-05:00,SHORT,-0.004
ZS,2026-02-06,2026-02-06 09:33:00-05:00,SHORT,-0.004
ZS,2026-02-06,2026-02-06 09:40:00-05:00,LONG,0.0025
ZS,2026-02-06,2026-02-06 09:59:00-05:00,SHORT,-0.004
ZS,2026-02-06,2026-02-06 10:13:00-05:00,SHORT,-0.004
ZS,2026-02-09,2026-02-09 09:30:00-05:00,SHORT,0.0025
ZS,2026-02-09,2026-02-09 09:31:00-05:00,SHORT,-0.004
ZS,2026-02-10,2026-02-10 09:42:00-05:00,SHORT,-0.004
ZS,2026-02-10,2026-02-10 10:04:00-05:00,LONG,0.0025
ZS,2026-02-10,2026-02-10 10:28:00-05:00,LONG,0.005524251069900149
ZS,2026-02-11,2026-02-11 09:31:00-05:00,SHORT,0.01
ZS,2026-02-11,2026-02-11 09:36:00-05:00,SHORT,0.0025
ZS,2026-02-11,2026-02-11 09:40:00-05:00,SHORT,-0.004
ZS,2026-02-11,2026-02-11 10:13:00-05:00,SHORT,0.0025
ZS,2026-02-12,2026-02-12 09:30:00-05:00,SHORT,-0.004
ZS,2026-02-12,2026-02-12 10:12:00-05:00,LONG,0.0025
ZS,2026-02-13,2026-02-13 09:31:00-05:00,LONG,-0.004
ZS,2026-02-13,2026-02-13 09:43:00-05:00,LONG,-0.004
ZS,2026-02-13,2026-02-13 09:45:00-05:00,LONG,-0.004
ZS,2026-02-13,2026-02-13 09:55:00-05:00,LONG,-0.004
ZS,2026-02-13,2026-02-13 10:00:00-05:00,LONG,0.0025
ZS,2026-02-17,2026-02-17 09:30:00-05:00,SHORT,-0.004
ZS,2026-02-17,2026-02-17 09:51:00-05:00,SHORT,0.0025
ZS,2026-02-17,2026-02-17 10:04:00-05:00,SHORT,0.0025
ZS,2026-02-17,2026-02-17 10:20:00-05:00,SHORT,0.007264682607238011
ZS,2026-02-17,2026-02-17 10:21:00-05:00,SHORT,0.004978875141288308
ZS,2026-02-17,2026-02-17 10:30:00-05:00,SHORT,-0.004
ZS,2026-02-18,2026-02-18 09:30:00-05:00,SHORT,-0.004
ZS,2026-02-18,2026-02-18 09:32:00-05:00,SHORT,-0.004
ZS,2026-02-18,2026-02-18 09:34:00-05:00,SHORT,-0.004
ZS,2026-02-18,2026-02-18 09:41:00-05:00,SHORT,-0.004
ZS,2026-02-18,2026-02-18 09:54:00-05:00,LONG,0.008071531272465893
ZS,2026-02-19,2026-02-19 09:30:00-05:00,SHORT,-0.004
ZS,2026-02-19,2026-02-19 09:34:00-05:00,SHORT,-0.004
ZS,2026-02-20,2026-02-20 09:32:00-05:00,SHORT,-0.004
ZS,2026-02-20,2026-02-20 09:50:00-05:00,LONG,0.0025
ZS,2026-02-20,2026-02-20 10:01:00-05:00,LONG,-0.004
ZS,2026-02-23,2026-02-23 09:30:00-05:00,SHORT,0.0025
ZS,2026-02-23,2026-02-23 09:31:00-05:00,SHORT,-0.004
ZS,2026-02-23,2026-02-23 09:35:00-05:00,SHORT,-0.004
ZS,2026-02-23,2026-02-23 09:39:00-05:00,SHORT,0.01
ZS,2026-02-23,2026-02-23 09:40:00-05:00,SHORT,-0.004
ZS,2026-02-24,2026-02-24 09:30:00-05:00,SHORT,-0.004
ZS,2026-02-24,2026-02-24 09:36:00-05:00,LONG,-0.004
ZS,2026-02-24,2026-02-24 09:38:00-05:00,LONG,-0.004
ZS,2026-02-24,2026-02-24 09:40:00-05:00,LONG,-0.004
ZS,2026-02-25,2026-02-25 09:31:00-05:00,SHORT,0.0025
ZS,2026-02-25,2026-02-25 09:34:00-05:00,SHORT,-0.004
ZS,2026-02-25,2026-02-25 09:36:00-05:00,SHORT,0.0025
ZS,2026-02-25,2026-02-25 09:47:00-05:00,LONG,-0.004
ZS,2026-02-25,2026-02-25 10:00:00-05:00,LONG,-0.004
ZS,2026-02-26,2026-02-26 09:30:00-05:00,LONG,-0.004
ZS,2026-02-26,2026-02-26 09:35:00-05:00,LONG,-0.004
ZS,2026-02-26,2026-02-26 10:07:00-05:00,LONG,0.0025
ZS,2026-02-26,2026-02-26 10:10:00-05:00,LONG,0.0025
ZS,2026-02-26,2026-02-26 10:13:00-05:00,LONG,-0.004
ZS,2026-02-27,2026-02-27 09:33:00-05:00,LONG,-0.004
ZS,2026-02-27,2026-02-27 09:34:00-05:00,LONG,-0.004
ZS,2026-02-27,2026-02-27 09:40:00-05:00,SHORT,0.0025
ZS,2026-02-27,2026-02-27 10:14:00-05:00,SHORT,0.0025
ZS,2026-03-02,2026-03-02 09:30:00-05:00,LONG,0.0025
ZS,2026-03-02,2026-03-02 09:31:00-05:00,LONG,-0.004
ZS,2026-03-02,2026-03-02 09:33:00-05:00,LONG,-0.004
ZS,2026-03-02,2026-03-02 09:34:00-05:00,LONG,-0.004
ZS,2026-03-02,2026-03-02 09:36:00-05:00,LONG,0.0025
ZS,2026-03-02,2026-03-02 10:13:00-05:00,LONG,0.0025
ZS,2026-03-02,2026-03-02 10:30:00-05:00,LONG,-0.004
ZS,2026-03-03,2026-03-03 09:30:00-05:00,LONG,0.01
ZS,2026-03-03,2026-03-03 09:31:00-05:00,LONG,-0.004
ZS,2026-03-03,2026-03-03 10:04:00-05:00,SHORT,0.0025
ZS,2026-03-03,2026-03-03 10:05:00-05:00,SHORT,-0.004
ZS,2026-03-03,2026-03-03 10:06:00-05:00,SHORT,-0.004
ZS,2026-03-04,2026-03-04 09:30:00-05:00,LONG,0.0025
ZS,2026-03-04,2026-03-04 09:33:00-05:00,LONG,-0.004
ZS,2026-03-04,2026-03-04 09:57:00-05:00,LONG,0.0025
ZS,2026-03-04,2026-03-04 10:00:00-05:00,LONG,-0.004
ZS,2026-03-05,2026-03-05 09:32:00-05:00,LONG,-0.004
ZS,2026-03-05,2026-03-05 09:35:00-05:00,LONG,0.0025
ZS,2026-03-05,2026-03-05 09:36:00-05:00,LONG,0.0025
ZS,2026-03-05,2026-03-05 09:37:00-05:00,LONG,0.0025
ZS,2026-03-05,2026-03-05 10:13:00-05:00,LONG,-0.004
ZS,2026-03-05,2026-03-05 10:30:00-05:00,LONG,-0.004
ZS,2026-03-06,2026-03-06 09:36:00-05:00,SHORT,-0.004
ZS,2026-03-06,2026-03-06 09:37:00-05:00,SHORT,-0.004
ZS,2026-03-06,2026-03-06 10:12:00-05:00,LONG,0.01
ZS,2026-03-09,2026-03-09 09:30:00-04:00,LONG,-0.004
ZS,2026-03-09,2026-03-09 09:32:00-04:00,LONG,-0.004
ZS,2026-03-09,2026-03-09 09:46:00-04:00,LONG,0.0025
ZS,2026-03-10,2026-03-10 09:30:00-04:00,SHORT,-0.004
ZS,2026-03-10,2026-03-10 09:32:00-04:00,SHORT,0.01
ZS,2026-03-10,2026-03-10 09:36:00-04:00,SHORT,0.01
ZS,2026-03-10,2026-03-10 09:38:00-04:00,SHORT,0.01
ZS,2026-03-10,2026-03-10 09:39:00-04:00,SHORT,0.0025
ZS,2026-03-10,2026-03-10 09:43:00-04:00,SHORT,-0.004
ZS,2026-03-10,2026-03-10 10:07:00-04:00,SHORT,0.0025
ZS,2026-03-10,2026-03-10 10:10:00-04:00,SHORT,-0.004
ZS,2026-03-11,2026-03-11 09:32:00-04:00,LONG,0.01
ZS,2026-03-11,2026-03-11 09:35:00-04:00,LONG,0.0025
ZS,2026-03-11,2026-03-11 09:36:00-04:00,LONG,-0.004
ZS,2026-03-11,2026-03-11 09:52:00-04:00,SHORT,-0.004
ZS,2026-03-12,2026-03-12 09:30:00-04:00,LONG,0.0025
ZS,2026-03-12,2026-03-12 09:31:00-04:00,LONG,-0.004
ZS,2026-03-12,2026-03-12 09:37:00-04:00,LONG,0.01
ZS,2026-03-12,2026-03-12 09:39:00-04:00,LONG,0.0025
ZS,2026-03-13,2026-03-13 09:35:00-04:00,SHORT,-0.004
ZS,2026-03-13,2026-03-13 09:39:00-04:00,LONG,0.01
ZS,2026-03-13,2026-03-13 09:40:00-04:00,LONG,0.0025
ZS,2026-03-13,2026-03-13 09:41:00-04:00,LONG,-0.004
ZS,2026-03-16,2026-03-16 09:30:00-04:00,SHORT,0.0025
ZS,2026-03-16,2026-03-16 09:39:00-04:00,SHORT,0.0025
ZS,2026-03-17,2026-03-17 09:30:00-04:00,LONG,0.0025
ZS,2026-03-17,2026-03-17 09:32:00-04:00,LONG,-0.004
ZS,2026-03-17,2026-03-17 09:37:00-04:00,LONG,-0.004
ZS,2026-03-17,2026-03-17 09:48:00-04:00,LONG,0.0025
ZS,2026-03-19,2026-03-19 09:30:00-04:00,LONG,-0.004
ZS,2026-03-19,2026-03-19 09:33:00-04:00,LONG,0.0025
ZS,2026-03-19,2026-03-19 09:34:00-04:00,LONG,0.0025
ZS,2026-03-19,2026-03-19 09:35:00-04:00,LONG,-0.004
ZS,2026-03-19,2026-03-19 10:05:00-04:00,SHORT,0.0025636273979575026
ZS,2026-03-19,2026-03-19 10:06:00-04:00,SHORT,-0.004
ZS,2026-03-20,2026-03-20 09:30:00-04:00,SHORT,-0.004
ZS,2026-03-20,2026-03-20 09:40:00-04:00,SHORT,-0.004
ZS,2026-03-23,2026-03-23 09:30:00-04:00,SHORT,-0.004
ZS,2026-03-23,2026-03-23 09:45:00-04:00,LONG,0.0025
ZS,2026-03-24,2026-03-24 09:30:00-04:00,SHORT,-0.004
ZS,2026-03-24,2026-03-24 09:35:00-04:00,SHORT,0.0025
ZS,2026-03-24,2026-03-24 09:36:00-04:00,SHORT,0.0025
ZS,2026-03-24,2026-03-24 09:37:00-04:00,SHORT,0.0025
ZS,2026-03-24,2026-03-24 09:39:00-04:00,SHORT,-0.004
ZS,2026-03-24,2026-03-24 10:03:00-04:00,SHORT,-0.004
ZS,2026-03-24,2026-03-24 10:05:00-04:00,SHORT,-0.004
ZS,2026-03-25,2026-03-25 09:30:00-04:00,LONG,-0.004
ZS,2026-03-25,2026-03-25 09:37:00-04:00,LONG,-0.004
ZS,2026-03-25,2026-03-25 10:04:00-04:00,LONG,-0.004
ZS,2026-03-25,2026-03-25 10:25:00-04:00,LONG,-0.004
ZS,2026-03-26,2026-03-26 09:31:00-04:00,LONG,0.01
ZS,2026-03-26,2026-03-26 09:33:00-04:00,LONG,0.01
ZS,2026-03-26,2026-03-26 09:34:00-04:00,LONG,0.0025
ZS,2026-03-26,2026-03-26 09:37:00-04:00,LONG,-0.004
ZS,2026-03-26,2026-03-26 09:45:00-04:00,LONG,-0.004
ZS,2026-03-26,2026-03-26 09:50:00-04:00,LONG,0.004615902493617283
ZS,2026-03-26,2026-03-26 09:52:00-04:00,LONG,-0.004
ZS,2026-03-26,2026-03-26 09:59:00-04:00,LONG,0.0025
ZS,2026-03-26,2026-03-26 10:01:00-04:00,LONG,-0.004
ZS,2026-03-27,2026-03-27 09:32:00-04:00,SHORT,0.0025
ZS,2026-03-27,2026-03-27 09:34:00-04:00,SHORT,0.0025
ZS,2026-03-27,2026-03-27 09:35:00-04:00,SHORT,-0.004
ZS,2026-03-27,2026-03-27 09:46:00-04:00,SHORT,-0.004
ZS,2026-03-27,2026-03-27 09:54:00-04:00,SHORT,0.0025
ZS,2026-03-27,2026-03-27 10:01:00-04:00,SHORT,0.0025
ZS,2026-03-30,2026-03-30 09:31:00-04:00,LONG,0.0025
ZS,2026-03-30,2026-03-30 09:33:00-04:00,LONG,-0.004
ZS,2026-03-30,2026-03-30 09:38:00-04:00,LONG,-0.004
ZS,2026-03-30,2026-03-30 10:02:00-04:00,LONG,-0.004
ZS,2026-03-31,2026-03-31 09:30:00-04:00,SHORT,-0.004
ZS,2026-03-31,2026-03-31 09:33:00-04:00,SHORT,-0.004
ZS,2026-03-31,2026-03-31 09:35:00-04:00,SHORT,-0.004
ZS,2026-03-31,2026-03-31 09:38:00-04:00,SHORT,-0.004
ZS,2026-03-31,2026-03-31 09:49:00-04:00,LONG,-0.004
ZS,2026-03-31,2026-03-31 10:07:00-04:00,LONG,0.0025
ZS,2026-03-31,2026-03-31 10:30:00-04:00,LONG,-0.004
ZS,2026-04-01,2026-04-01 09:30:00-04:00,SHORT,0.0025
ZS,2026-04-01,2026-04-01 09:31:00-04:00,SHORT,-0.004
ZS,2026-04-01,2026-04-01 09:35:00-04:00,SHORT,0.0025
ZS,2026-04-01,2026-04-01 10:27:00-04:00,LONG,0.006252104839300116
ZS,2026-04-02,2026-04-02 09:56:00-04:00,SHORT,-0.004
ZS,2026-04-02,2026-04-02 10:26:00-04:00,LONG,0.01
ZS,2026-04-06,2026-04-06 09:30:00-04:00,LONG,0.0025
ZS,2026-04-06,2026-04-06 09:36:00-04:00,SHORT,-0.004
ZS,2026-04-07,2026-04-07 09:32:00-04:00,LONG,-0.004
ZS,2026-04-07,2026-04-07 09:41:00-04:00,SHORT,-0.004
ZS,2026-04-07,2026-04-07 10:06:00-04:00,SHORT,-0.004
ZS,2026-04-07,2026-04-07 10:29:00-04:00,LONG,-0.004
ZS,2026-04-08,2026-04-08 09:30:00-04:00,LONG,-0.004
ZS,2026-04-09,2026-04-09 09:30:00-04:00,SHORT,0.0025
ZS,2026-04-09,2026-04-09 09:31:00-04:00,SHORT,0.0025
ZS,2026-04-09,2026-04-09 09:32:00-04:00,SHORT,0.0025
ZS,2026-04-09,2026-04-09 09:33:00-04:00,SHORT,0.01
ZS,2026-04-09,2026-04-09 09:34:00-04:00,SHORT,0.0025
ZS,2026-04-09,2026-04-09 09:35:00-04:00,SHORT,0.0025
ZS,2026-04-09,2026-04-09 10:00:00-04:00,SHORT,-0.004
ZS,2026-04-10,2026-04-10 09:32:00-04:00,SHORT,0.0025
ZS,2026-04-10,2026-04-10 09:33:00-04:00,SHORT,0.0025
ZS,2026-04-10,2026-04-10 09:34:00-04:00,SHORT,0.0025
ZS,2026-04-10,2026-04-10 09:35:00-04:00,SHORT,-0.004
ZS,2026-04-10,2026-04-10 09:46:00-04:00,SHORT,-0.004
ZS,2026-04-13,2026-04-13 09:30:00-04:00,LONG,-0.004
ZS,2026-04-13,2026-04-13 09:35:00-04:00,SHORT,-0.004
ZS,2026-04-13,2026-04-13 10:01:00-04:00,LONG,0.0025
ZS,2026-04-13,2026-04-13 10:25:00-04:00,LONG,-0.004
ZS,2026-04-14,2026-04-14 09:32:00-04:00,LONG,0.0025
ZS,2026-04-14,2026-04-14 09:33:00-04:00,LONG,0.0025
ZS,2026-04-14,2026-04-14 09:35:00-04:00,LONG,-0.004
ZS,2026-04-14,2026-04-14 09:38:00-04:00,LONG,-0.004
ZS,2026-04-15,2026-04-15 09:33:00-04:00,LONG,0.0025
ZS,2026-04-15,2026-04-15 09:34:00-04:00,LONG,-0.004
ZS,2026-04-15,2026-04-15 09:35:00-04:00,LONG,0.0025
ZS,2026-04-15,2026-04-15 09:36:00-04:00,LONG,-0.004
ZS,2026-04-15,2026-04-15 09:38:00-04:00,LONG,-0.004
ZS,2026-04-15,2026-04-15 09:40:00-04:00,LONG,-0.004
ZS,2026-04-16,2026-04-16 09:30:00-04:00,LONG,0.0025
ZS,2026-04-16,2026-04-16 09:31:00-04:00,LONG,0.0025
ZS,2026-04-16,2026-04-16 09:32:00-04:00,LONG,-0.004
ZS,2026-04-16,2026-04-16 09:57:00-04:00,SHORT,0.01
ZS,2026-04-16,2026-04-16 10:15:00-04:00,SHORT,0.0025
ZS,2026-04-17,2026-04-17 09:30:00-04:00,LONG,-0.004
ZS,2026-04-17,2026-04-17 10:04:00-04:00,SHORT,0.0025
ZS,2026-04-20,2026-04-20 09:30:00-04:00,LONG,-0.004
ZS,2026-04-20,2026-04-20 09:33:00-04:00,LONG,0.0025
ZS,2026-04-20,2026-04-20 09:34:00-04:00,LONG,0.0025
ZS,2026-04-20,2026-04-20 09:35:00-04:00,LONG,-0.004
ZS,2026-04-20,2026-04-20 09:53:00-04:00,LONG,-0.004
ZS,2026-04-20,2026-04-20 10:18:00-04:00,SHORT,-0.004
ZS,2026-04-21,2026-04-21 09:33:00-04:00,LONG,0.0025
ZS,2026-04-21,2026-04-21 09:35:00-04:00,LONG,0.0025
ZS,2026-04-21,2026-04-21 09:57:00-04:00,LONG,-0.004
ZS,2026-04-21,2026-04-21 10:17:00-04:00,LONG,-0.004
ZS,2026-04-22,2026-04-22 09:30:00-04:00,SHORT,-0.004
ZS,2026-04-22,2026-04-22 10:07:00-04:00,LONG,-0.004
ZS,2026-04-23,2026-04-23 09:31:00-04:00,SHORT,-0.004
ZS,2026-04-23,2026-04-23 09:32:00-04:00,SHORT,-0.004
ZS,2026-04-23,2026-04-23 09:33:00-04:00,SHORT,-0.004
ZS,2026-04-23,2026-04-23 09:40:00-04:00,SHORT,0.0025
ZS,2026-04-24,2026-04-24 09:30:00-04:00,SHORT,-0.004
ZS,2026-04-24,2026-04-24 09:32:00-04:00,SHORT,-0.004
ZS,2026-04-24,2026-04-24 09:36:00-04:00,LONG,-0.004
ZS,2026-04-24,2026-04-24 10:07:00-04:00,SHORT,-0.004
ZS,2026-04-27,2026-04-27 09:30:00-04:00,LONG,0.0025
ZS,2026-04-27,2026-04-27 09:31:00-04:00,LONG,-0.004
ZS,2026-04-27,2026-04-27 09:37:00-04:00,SHORT,-0.004
ZS,2026-04-28,2026-04-28 09:31:00-04:00,LONG,0.0025
ZS,2026-04-28,2026-04-28 09:32:00-04:00,LONG,-0.004
ZS,2026-04-28,2026-04-28 10:29:00-04:00,SHORT,-0.004
ZS,2026-04-29,2026-04-29 09:30:00-04:00,SHORT,-0.004
ZS,2026-04-29,2026-04-29 09:32:00-04:00,SHORT,-0.004
ZS,2026-04-29,2026-04-29 09:47:00-04:00,SHORT,-0.004
ZS,2026-04-29,2026-04-29 10:02:00-04:00,SHORT,0.0025
ZS,2026-04-29,2026-04-29 10:17:00-04:00,SHORT,0.0017757291824090496
ZS,2026-04-30,2026-04-30 09:30:00-04:00,SHORT,-0.004
ZS,2026-04-30,2026-04-30 09:32:00-04:00,SHORT,-0.004
ZS,2026-04-30,2026-04-30 09:33:00-04:00,SHORT,-0.004
ZS,2026-04-30,2026-04-30 09:47:00-04:00,LONG,-0.004
ZS,2026-04-30,2026-04-30 09:51:00-04:00,SHORT,0.01
ZS,2026-04-30,2026-04-30 10:16:00-04:00,SHORT,-0.004
ZS,2026-05-01,2026-05-01 09:30:00-04:00,LONG,-0.004
ZS,2026-05-01,2026-05-01 09:35:00-04:00,LONG,-0.004
ZS,2026-05-01,2026-05-01 10:04:00-04:00,SHORT,0.0025
ZS,2026-05-01,2026-05-01 10:05:00-04:00,SHORT,-0.004
ZS,2026-05-04,2026-05-04 09:30:00-04:00,SHORT,-0.004
ZS,2026-05-04,2026-05-04 09:32:00-04:00,LONG,0.0025
ZS,2026-05-04,2026-05-04 09:33:00-04:00,LONG,-0.004
ZS,2026-05-04,2026-05-04 10:19:00-04:00,LONG,0.0025
ZS,2026-05-04,2026-05-04 10:23:00-04:00,LONG,0.0025
ZS,2026-05-05,2026-05-05 09:30:00-04:00,SHORT,-0.004
ZS,2026-05-05,2026-05-05 09:33:00-04:00,SHORT,-0.004
ZS,2026-05-05,2026-05-05 09:35:00-04:00,LONG,-0.004
ZS,2026-05-05,2026-05-05 09:38:00-04:00,SHORT,0.0025
ZS,2026-05-05,2026-05-05 09:54:00-04:00,SHORT,-0.004
ZS,2026-05-06,2026-05-06 09:30:00-04:00,SHORT,-0.004
ZS,2026-05-06,2026-05-06 09:33:00-04:00,SHORT,-0.004
ZS,2026-05-06,2026-05-06 09:38:00-04:00,SHORT,-0.004
ZS,2026-05-06,2026-05-06 10:12:00-04:00,LONG,-0.004
ZS,2026-05-06,2026-05-06 10:25:00-04:00,LONG,-0.004
ZS,2026-05-07,2026-05-07 09:30:00-04:00,LONG,-0.004
ZS,2026-05-07,2026-05-07 09:31:00-04:00,LONG,0.0025
ZS,2026-05-07,2026-05-07 09:33:00-04:00,LONG,0.0025
ZS,2026-05-07,2026-05-07 09:34:00-04:00,LONG,-0.004
ZS,2026-05-07,2026-05-07 09:40:00-04:00,LONG,-0.004
ZS,2026-05-08,2026-05-08 09:30:00-04:00,SHORT,-0.004
ZS,2026-05-08,2026-05-08 09:32:00-04:00,SHORT,0.0025
ZS,2026-05-08,2026-05-08 09:34:00-04:00,SHORT,-0.004
ZS,2026-05-08,2026-05-08 09:53:00-04:00,SHORT,-0.004
ZS,2026-05-08,2026-05-08 09:58:00-04:00,SHORT,-0.004
ZS,2026-05-12,2026-05-12 09:30:00-04:00,LONG,-0.004
ZS,2026-05-12,2026-05-12 09:35:00-04:00,SHORT,0.0025
ZS,2026-05-12,2026-05-12 10:11:00-04:00,SHORT,-0.004
ZS,2026-05-12,2026-05-12 10:24:00-04:00,SHORT,-0.004
ZS,2026-05-13,2026-05-13 10:02:00-04:00,SHORT,-0.004
ZS,2026-05-13,2026-05-13 10:16:00-04:00,LONG,-0.004
ZS,2026-05-14,2026-05-14 09:31:00-04:00,SHORT,0.01
ZS,2026-05-14,2026-05-14 09:33:00-04:00,SHORT,-0.004
ZS,2026-05-14,2026-05-14 09:36:00-04:00,SHORT,0.0025
ZS,2026-05-14,2026-05-14 09:45:00-04:00,SHORT,0.0025
ZS,2026-05-14,2026-05-14 10:09:00-04:00,LONG,-0.004
ZS,2026-05-15,2026-05-15 09:36:00-04:00,SHORT,-0.004
ZS,2026-05-15,2026-05-15 10:02:00-04:00,LONG,-0.004
ZS,2026-05-15,2026-05-15 10:12:00-04:00,LONG,0.0025
ZS,2026-05-15,2026-05-15 10:15:00-04:00,LONG,-0.004
ZS,2026-05-18,2026-05-18 09:34:00-04:00,LONG,-0.004
ZS,2026-05-18,2026-05-18 09:39:00-04:00,LONG,0.0025
ZS,2026-05-18,2026-05-18 09:53:00-04:00,LONG,0.0025
ZS,2026-05-19,2026-05-19 09:31:00-04:00,SHORT,0.0025
ZS,2026-05-19,2026-05-19 09:37:00-04:00,SHORT,-0.004
ZS,2026-05-19,2026-05-19 09:47:00-04:00,LONG,0.0025
ZS,2026-05-19,2026-05-19 10:14:00-04:00,SHORT,-0.004
ZS,2026-05-19,2026-05-19 10:30:00-04:00,SHORT,-0.004
ZS,2026-05-20,2026-05-20 09:31:00-04:00,SHORT,-0.004
ZS,2026-05-20,2026-05-20 09:55:00-04:00,SHORT,-0.004
ZS,2026-05-20,2026-05-20 10:21:00-04:00,LONG,0.009246846582575569
ZS,2026-05-21,2026-05-21 09:39:00-04:00,SHORT,-0.004
ZS,2026-05-21,2026-05-21 09:57:00-04:00,SHORT,-0.004
ZS,2026-05-22,2026-05-22 09:30:00-04:00,LONG,0.0025
ZS,2026-05-22,2026-05-22 09:31:00-04:00,LONG,-0.004
ZS,2026-05-22,2026-05-22 09:33:00-04:00,LONG,0.01
ZS,2026-05-22,2026-05-22 09:36:00-04:00,LONG,0.0025
ZS,2026-05-22,2026-05-22 09:37:00-04:00,LONG,-0.004
ZS,2026-05-22,2026-05-22 10:05:00-04:00,SHORT,0.0025
ZS,2026-05-26,2026-05-26 09:30:00-04:00,LONG,-0.004
ZS,2026-05-26,2026-05-26 09:34:00-04:00,LONG,-0.004
ZS,2026-05-26,2026-05-26 09:35:00-04:00,SHORT,-0.004
ZS,2026-05-26,2026-05-26 09:39:00-04:00,SHORT,-0.004
ZS,2026-05-26,2026-05-26 10:12:00-04:00,LONG,0.0025
ZS,2026-05-27,2026-05-27 09:34:00-04:00,SHORT,-0.004
ZS,2026-05-27,2026-05-27 09:36:00-04:00,SHORT,-0.004
ZS,2026-05-27,2026-05-27 09:38:00-04:00,SHORT,-0.004
ZS,2026-05-27,2026-05-27 10:03:00-04:00,SHORT,-0.004
ZS,2026-05-27,2026-05-27 10:22:00-04:00,SHORT,0.0025
ZS,2026-05-28,2026-05-28 09:30:00-04:00,SHORT,-0.004
ZS,2026-05-28,2026-05-28 09:31:00-04:00,SHORT,0.0025
ZS,2026-05-28,2026-05-28 09:32:00-04:00,SHORT,0.0025
ZS,2026-05-28,2026-05-28 09:33:00-04:00,SHORT,-0.004
ZS,2026-05-28,2026-05-28 10:10:00-04:00,SHORT,-0.004
ZS,2026-05-29,2026-05-29 09:30:00-04:00,LONG,0.0025
ZS,2026-05-29,2026-05-29 09:31:00-04:00,LONG,-0.004
ZS,2026-05-29,2026-05-29 09:53:00-04:00,SHORT,-0.004
ZS,2026-05-29,2026-05-29 10:04:00-04:00,LONG,-0.004
ZS,2026-05-29,2026-05-29 10:20:00-04:00,SHORT,-0.004
ZS,2026-06-01,2026-06-01 09:31:00-04:00,LONG,-0.004
ZS,2026-06-01,2026-06-01 09:32:00-04:00,LONG,-0.004
ZS,2026-06-01,2026-06-01 09:33:00-04:00,LONG,-0.004
ZS,2026-06-01,2026-06-01 09:36:00-04:00,LONG,0.0025
ZS,2026-06-01,2026-06-01 09:37:00-04:00,LONG,0.0025
ZS,2026-06-01,2026-06-01 09:38:00-04:00,LONG,0.0025
ZS,2026-06-01,2026-06-01 09:39:00-04:00,LONG,-0.004
ZS,2026-06-01,2026-06-01 09:43:00-04:00,LONG,-0.004
ZS,2026-06-01,2026-06-01 09:45:00-04:00,LONG,0.01
ZS,2026-06-02,2026-06-02 09:30:00-04:00,LONG,-0.004
ZS,2026-06-02,2026-06-02 09:33:00-04:00,SHORT,0.0025
ZS,2026-06-02,2026-06-02 09:34:00-04:00,SHORT,0.0025
ZS,2026-06-02,2026-06-02 09:35:00-04:00,SHORT,-0.004
ZS,2026-06-03,2026-06-03 09:31:00-04:00,SHORT,0.01
ZS,2026-06-03,2026-06-03 09:32:00-04:00,SHORT,0.0025
ZS,2026-06-03,2026-06-03 09:33:00-04:00,SHORT,0.0025
ZS,2026-06-03,2026-06-03 09:34:00-04:00,SHORT,-0.004
ZS,2026-06-03,2026-06-03 09:35:00-04:00,SHORT,-0.004
ZS,2026-06-04,2026-06-04 09:37:00-04:00,SHORT,-0.004
ZS,2026-06-05,2026-06-05 09:30:00-04:00,LONG,0.0025
ZS,2026-06-05,2026-06-05 09:31:00-04:00,LONG,-0.004
ZS,2026-06-05,2026-06-05 09:37:00-04:00,LONG,-0.004
ZS,2026-06-05,2026-06-05 10:26:00-04:00,SHORT,-0.004
ZS,2026-06-08,2026-06-08 09:31:00-04:00,SHORT,-0.004
ZS,2026-06-08,2026-06-08 09:33:00-04:00,SHORT,0.0025
ZS,2026-06-08,2026-06-08 09:34:00-04:00,SHORT,-0.004
ZS,2026-06-08,2026-06-08 09:36:00-04:00,SHORT,0.0025
ZS,2026-06-08,2026-06-08 09:38:00-04:00,SHORT,-0.004
ZS,2026-06-08,2026-06-08 10:14:00-04:00,LONG,-0.004
ZS,2026-06-09,2026-06-09 09:30:00-04:00,SHORT,0.0025
ZS,2026-06-09,2026-06-09 09:31:00-04:00,SHORT,-0.004
ZS,2026-06-09,2026-06-09 09:33:00-04:00,SHORT,-0.004
ZS,2026-06-09,2026-06-09 09:58:00-04:00,LONG,-0.004
ZS,2026-06-09,2026-06-09 10:18:00-04:00,SHORT,0.01
ZS,2026-06-10,2026-06-10 09:45:00-04:00,LONG,0.0025
ZS,2026-06-11,2026-06-11 09:31:00-04:00,SHORT,0.01
ZS,2026-06-11,2026-06-11 09:33:00-04:00,SHORT,0.0025
ZS,2026-06-11,2026-06-11 09:34:00-04:00,SHORT,-0.004
ZS,2026-06-11,2026-06-11 09:38:00-04:00,SHORT,-0.004
ZS,2026-06-12,2026-06-12 09:30:00-04:00,SHORT,0.0025
ZS,2026-06-12,2026-06-12 09:31:00-04:00,SHORT,0.0025
ZS,2026-06-12,2026-06-12 09:32:00-04:00,SHORT,0.0025
ZS,2026-06-12,2026-06-12 09:33:00-04:00,SHORT,0.0025
ZS,2026-06-12,2026-06-12 09:34:00-04:00,SHORT,-0.004
ZS,2026-06-12,2026-06-12 09:36:00-04:00,SHORT,0.0025
ZS,2026-06-12,2026-06-12 09:37:00-04:00,SHORT,-0.004
ZS,2026-06-12,2026-06-12 09:59:00-04:00,LONG,-0.004
ZS,2026-06-12,2026-06-12 10:15:00-04:00,LONG,-0.004
HOOD,2025-12-12,2025-12-12 10:07:00-05:00,SHORT,-0.004
HOOD,2025-12-15,2025-12-15 09:30:00-05:00,SHORT,-0.004
HOOD,2025-12-15,2025-12-15 09:33:00-05:00,SHORT,0.0025
HOOD,2025-12-15,2025-12-15 09:34:00-05:00,SHORT,-0.004
HOOD,2025-12-15,2025-12-15 09:39:00-05:00,SHORT,-0.004
HOOD,2025-12-15,2025-12-15 09:52:00-05:00,SHORT,0.0025
HOOD,2025-12-15,2025-12-15 09:57:00-05:00,SHORT,-0.004
HOOD,2025-12-16,2025-12-16 09:31:00-05:00,LONG,-0.004
HOOD,2025-12-16,2025-12-16 09:34:00-05:00,LONG,0.0025
HOOD,2025-12-16,2025-12-16 09:36:00-05:00,LONG,-0.004
HOOD,2025-12-16,2025-12-16 09:37:00-05:00,LONG,-0.004
HOOD,2025-12-16,2025-12-16 09:52:00-05:00,LONG,-0.004
HOOD,2025-12-17,2025-12-17 09:31:00-05:00,LONG,-0.004
HOOD,2025-12-17,2025-12-17 09:37:00-05:00,LONG,0.0025
HOOD,2025-12-17,2025-12-17 09:38:00-05:00,LONG,0.0025
HOOD,2025-12-17,2025-12-17 09:40:00-05:00,LONG,-0.004
HOOD,2025-12-17,2025-12-17 10:07:00-05:00,LONG,0.0025
HOOD,2025-12-17,2025-12-17 10:22:00-05:00,LONG,-0.004
HOOD,2025-12-17,2025-12-17 10:28:00-05:00,LONG,-0.004
HOOD,2025-12-18,2025-12-18 09:30:00-05:00,LONG,0.0025
HOOD,2025-12-18,2025-12-18 09:31:00-05:00,LONG,0.0025
HOOD,2025-12-18,2025-12-18 09:37:00-05:00,LONG,-0.004
HOOD,2025-12-19,2025-12-19 09:35:00-05:00,SHORT,0.0025
HOOD,2025-12-22,2025-12-22 09:31:00-05:00,SHORT,0.0025
HOOD,2025-12-22,2025-12-22 10:11:00-05:00,SHORT,0.007939694734877554
HOOD,2025-12-22,2025-12-22 10:30:00-05:00,SHORT,0.0025
HOOD,2025-12-23,2025-12-23 09:35:00-05:00,SHORT,-0.004
HOOD,2025-12-23,2025-12-23 09:36:00-05:00,SHORT,-0.004
HOOD,2025-12-23,2025-12-23 09:56:00-05:00,SHORT,0.0025
HOOD,2025-12-24,2025-12-24 09:30:00-05:00,SHORT,-0.004
HOOD,2025-12-24,2025-12-24 09:37:00-05:00,SHORT,-0.004
HOOD,2025-12-26,2025-12-26 09:32:00-05:00,SHORT,0.01
HOOD,2025-12-26,2025-12-26 09:50:00-05:00,SHORT,-0.004
HOOD,2025-12-29,2025-12-29 09:32:00-05:00,LONG,0.0025
HOOD,2025-12-29,2025-12-29 09:35:00-05:00,LONG,0.0025
HOOD,2025-12-29,2025-12-29 09:36:00-05:00,LONG,-0.004
HOOD,2025-12-30,2025-12-30 09:33:00-05:00,SHORT,-0.004
HOOD,2025-12-30,2025-12-30 09:39:00-05:00,SHORT,-0.004
HOOD,2025-12-30,2025-12-30 10:00:00-05:00,SHORT,0.0032057615809059073
HOOD,2025-12-31,2025-12-31 09:30:00-05:00,LONG,-0.004
HOOD,2025-12-31,2025-12-31 09:56:00-05:00,SHORT,-0.004
HOOD,2026-01-02,2026-01-02 09:31:00-05:00,SHORT,0.0025
HOOD,2026-01-02,2026-01-02 09:32:00-05:00,SHORT,0.0025
HOOD,2026-01-02,2026-01-02 09:33:00-05:00,SHORT,0.0025
HOOD,2026-01-02,2026-01-02 09:34:00-05:00,SHORT,-0.004
HOOD,2026-01-02,2026-01-02 09:35:00-05:00,SHORT,-0.004
HOOD,2026-01-02,2026-01-02 10:14:00-05:00,SHORT,0.0025
HOOD,2026-01-05,2026-01-05 09:30:00-05:00,LONG,0.0025
HOOD,2026-01-05,2026-01-05 09:31:00-05:00,LONG,-0.004
HOOD,2026-01-06,2026-01-06 09:33:00-05:00,SHORT,-0.004
HOOD,2026-01-06,2026-01-06 09:35:00-05:00,SHORT,-0.004
HOOD,2026-01-06,2026-01-06 09:41:00-05:00,SHORT,-0.004
HOOD,2026-01-06,2026-01-06 10:30:00-05:00,SHORT,0.006130471345940866
HOOD,2026-01-07,2026-01-07 09:30:00-05:00,SHORT,0.0025
HOOD,2026-01-07,2026-01-07 09:31:00-05:00,SHORT,0.0025
HOOD,2026-01-07,2026-01-07 09:32:00-05:00,SHORT,-0.004
HOOD,2026-01-07,2026-01-07 09:38:00-05:00,SHORT,-0.004
HOOD,2026-01-07,2026-01-07 10:26:00-05:00,SHORT,-0.004
HOOD,2026-01-08,2026-01-08 09:42:00-05:00,SHORT,-0.004
HOOD,2026-01-09,2026-01-09 09:33:00-05:00,LONG,-0.004
HOOD,2026-01-09,2026-01-09 09:36:00-05:00,LONG,-0.004
HOOD,2026-01-09,2026-01-09 09:48:00-05:00,SHORT,0.0025
HOOD,2026-01-12,2026-01-12 09:30:00-05:00,LONG,0.01
HOOD,2026-01-12,2026-01-12 09:32:00-05:00,LONG,0.0025
HOOD,2026-01-12,2026-01-12 09:33:00-05:00,LONG,0.0025
HOOD,2026-01-13,2026-01-13 09:31:00-05:00,SHORT,-0.004
HOOD,2026-01-13,2026-01-13 09:36:00-05:00,LONG,-0.004
HOOD,2026-01-13,2026-01-13 09:51:00-05:00,SHORT,-0.004
HOOD,2026-01-14,2026-01-14 09:35:00-05:00,SHORT,0.01
HOOD,2026-01-14,2026-01-14 09:39:00-05:00,SHORT,-0.004
HOOD,2026-01-14,2026-01-14 09:41:00-05:00,SHORT,0.0025
HOOD,2026-01-14,2026-01-14 09:43:00-05:00,SHORT,-0.004
HOOD,2026-01-15,2026-01-15 09:31:00-05:00,SHORT,0.01
HOOD,2026-01-15,2026-01-15 09:32:00-05:00,SHORT,0.0025
HOOD,2026-01-15,2026-01-15 09:33:00-05:00,SHORT,-0.004
HOOD,2026-01-15,2026-01-15 09:36:00-05:00,SHORT,-0.004
HOOD,2026-01-15,2026-01-15 09:41:00-05:00,SHORT,-0.004
HOOD,2026-01-15,2026-01-15 09:58:00-05:00,SHORT,-0.004
HOOD,2026-01-15,2026-01-15 10:22:00-05:00,SHORT,0.005861608761316337
HOOD,2026-01-16,2026-01-16 09:30:00-05:00,SHORT,0.0025
HOOD,2026-01-16,2026-01-16 09:31:00-05:00,SHORT,-0.004
HOOD,2026-01-16,2026-01-16 09:52:00-05:00,SHORT,0.0025
HOOD,2026-01-16,2026-01-16 09:57:00-05:00,SHORT,0.0025
HOOD,2026-01-16,2026-01-16 09:59:00-05:00,SHORT,-0.004
HOOD,2026-01-20,2026-01-20 09:30:00-05:00,LONG,-0.004
HOOD,2026-01-20,2026-01-20 09:34:00-05:00,LONG,-0.004
HOOD,2026-01-21,2026-01-21 09:30:00-05:00,LONG,0.0025
HOOD,2026-01-21,2026-01-21 09:31:00-05:00,LONG,0.0025
HOOD,2026-01-21,2026-01-21 09:33:00-05:00,LONG,-0.004
HOOD,2026-01-22,2026-01-22 09:30:00-05:00,LONG,-0.004
HOOD,2026-01-22,2026-01-22 09:45:00-05:00,SHORT,-0.004
HOOD,2026-01-22,2026-01-22 10:24:00-05:00,SHORT,-0.004
HOOD,2026-01-23,2026-01-23 09:35:00-05:00,LONG,0.0025
HOOD,2026-01-23,2026-01-23 09:36:00-05:00,LONG,-0.004
HOOD,2026-01-23,2026-01-23 10:23:00-05:00,SHORT,-0.004
HOOD,2026-01-26,2026-01-26 09:30:00-05:00,SHORT,-0.004
HOOD,2026-01-27,2026-01-27 09:31:00-05:00,LONG,-0.004
HOOD,2026-01-27,2026-01-27 09:35:00-05:00,LONG,-0.004
HOOD,2026-01-27,2026-01-27 09:52:00-05:00,LONG,0.0025
HOOD,2026-01-27,2026-01-27 09:53:00-05:00,LONG,-0.004
HOOD,2026-01-27,2026-01-27 10:18:00-05:00,SHORT,0.0025
HOOD,2026-01-27,2026-01-27 10:27:00-05:00,SHORT,-0.004
HOOD,2026-01-28,2026-01-28 09:31:00-05:00,SHORT,-0.004
HOOD,2026-01-28,2026-01-28 09:35:00-05:00,SHORT,0.0025
HOOD,2026-01-28,2026-01-28 09:37:00-05:00,SHORT,0.0025
HOOD,2026-01-28,2026-01-28 09:51:00-05:00,LONG,-0.004
HOOD,2026-01-28,2026-01-28 09:53:00-05:00,LONG,-0.004
HOOD,2026-01-29,2026-01-29 09:31:00-05:00,SHORT,0.01
HOOD,2026-01-29,2026-01-29 09:36:00-05:00,SHORT,-0.004
HOOD,2026-01-29,2026-01-29 09:41:00-05:00,SHORT,-0.004
HOOD,2026-01-30,2026-01-30 09:32:00-05:00,LONG,0.0025
HOOD,2026-01-30,2026-01-30 09:33:00-05:00,LONG,-0.004
HOOD,2026-01-30,2026-01-30 09:45:00-05:00,LONG,-0.004
HOOD,2026-01-30,2026-01-30 09:54:00-05:00,LONG,0.0025
HOOD,2026-01-30,2026-01-30 09:56:00-05:00,LONG,-0.004
HOOD,2026-02-02,2026-02-02 09:30:00-05:00,SHORT,0.0025
HOOD,2026-02-02,2026-02-02 09:31:00-05:00,SHORT,-0.004
HOOD,2026-02-02,2026-02-02 09:32:00-05:00,SHORT,-0.004
HOOD,2026-02-02,2026-02-02 09:38:00-05:00,SHORT,0.0025
HOOD,2026-02-02,2026-02-02 09:40:00-05:00,SHORT,0.0025
HOOD,2026-02-02,2026-02-02 09:42:00-05:00,SHORT,0.0025
HOOD,2026-02-03,2026-02-03 09:30:00-05:00,SHORT,0.0025
HOOD,2026-02-03,2026-02-03 09:32:00-05:00,SHORT,-0.004
HOOD,2026-02-03,2026-02-03 09:34:00-05:00,SHORT,0.0025
HOOD,2026-02-03,2026-02-03 09:37:00-05:00,SHORT,0.0025
HOOD,2026-02-03,2026-02-03 09:38:00-05:00,SHORT,0.0025
HOOD,2026-02-03,2026-02-03 09:41:00-05:00,SHORT,0.0025
HOOD,2026-02-03,2026-02-03 09:43:00-05:00,SHORT,-0.004
HOOD,2026-02-04,2026-02-04 09:30:00-05:00,SHORT,0.01
HOOD,2026-02-04,2026-02-04 09:31:00-05:00,SHORT,0.0025
HOOD,2026-02-04,2026-02-04 09:33:00-05:00,SHORT,0.0025
HOOD,2026-02-04,2026-02-04 09:34:00-05:00,SHORT,-0.004
HOOD,2026-02-04,2026-02-04 09:57:00-05:00,SHORT,0.0025
HOOD,2026-02-04,2026-02-04 10:06:00-05:00,SHORT,-0.004
HOOD,2026-02-05,2026-02-05 09:30:00-05:00,LONG,0.0025
HOOD,2026-02-05,2026-02-05 09:32:00-05:00,LONG,-0.004
HOOD,2026-02-05,2026-02-05 09:34:00-05:00,LONG,-0.004
HOOD,2026-02-05,2026-02-05 09:57:00-05:00,SHORT,0.01
HOOD,2026-02-06,2026-02-06 09:30:00-05:00,LONG,-0.004
HOOD,2026-02-06,2026-02-06 09:31:00-05:00,LONG,-0.004
HOOD,2026-02-06,2026-02-06 09:33:00-05:00,LONG,-0.004
HOOD,2026-02-06,2026-02-06 09:35:00-05:00,LONG,0.0025
HOOD,2026-02-06,2026-02-06 09:38:00-05:00,LONG,-0.004
HOOD,2026-02-09,2026-02-09 09:30:00-05:00,SHORT,-0.004
HOOD,2026-02-09,2026-02-09 09:37:00-05:00,LONG,0.0025
HOOD,2026-02-09,2026-02-09 09:38:00-05:00,LONG,0.0025
HOOD,2026-02-09,2026-02-09 09:40:00-05:00,LONG,-0.004
HOOD,2026-02-10,2026-02-10 09:32:00-05:00,LONG,-0.004
HOOD,2026-02-10,2026-02-10 09:34:00-05:00,LONG,0.0025
HOOD,2026-02-10,2026-02-10 09:35:00-05:00,LONG,-0.004
HOOD,2026-02-10,2026-02-10 09:43:00-05:00,LONG,-0.004
HOOD,2026-02-10,2026-02-10 10:04:00-05:00,LONG,0.0025
HOOD,2026-02-10,2026-02-10 10:06:00-05:00,LONG,0.0025
HOOD,2026-02-11,2026-02-11 09:30:00-05:00,LONG,-0.004
HOOD,2026-02-11,2026-02-11 09:35:00-05:00,SHORT,-0.004
HOOD,2026-02-11,2026-02-11 10:02:00-05:00,SHORT,-0.004
HOOD,2026-02-12,2026-02-12 09:30:00-05:00,SHORT,-0.004
HOOD,2026-02-12,2026-02-12 09:33:00-05:00,SHORT,0.0025
HOOD,2026-02-12,2026-02-12 09:34:00-05:00,SHORT,0.0025
HOOD,2026-02-12,2026-02-12 09:35:00-05:00,SHORT,-0.004
HOOD,2026-02-12,2026-02-12 10:26:00-05:00,SHORT,-0.004
HOOD,2026-02-13,2026-02-13 09:30:00-05:00,SHORT,-0.004
HOOD,2026-02-13,2026-02-13 09:35:00-05:00,LONG,-0.004
HOOD,2026-02-13,2026-02-13 10:27:00-05:00,LONG,-0.004
HOOD,2026-02-13,2026-02-13 10:28:00-05:00,LONG,-0.004
HOOD,2026-02-17,2026-02-17 09:31:00-05:00,LONG,-0.004
HOOD,2026-02-17,2026-02-17 09:33:00-05:00,LONG,-0.004
HOOD,2026-02-18,2026-02-18 09:30:00-05:00,SHORT,-0.004
HOOD,2026-02-18,2026-02-18 09:32:00-05:00,SHORT,-0.004
HOOD,2026-02-18,2026-02-18 09:34:00-05:00,SHORT,-0.004
HOOD,2026-02-18,2026-02-18 09:58:00-05:00,LONG,0.01
HOOD,2026-02-18,2026-02-18 10:05:00-05:00,LONG,-0.004
HOOD,2026-02-19,2026-02-19 09:30:00-05:00,SHORT,-0.004
HOOD,2026-02-19,2026-02-19 09:32:00-05:00,SHORT,-0.004
HOOD,2026-02-19,2026-02-19 09:35:00-05:00,SHORT,-0.004
HOOD,2026-02-19,2026-02-19 09:52:00-05:00,LONG,-0.004
HOOD,2026-02-20,2026-02-20 09:33:00-05:00,LONG,-0.004
HOOD,2026-02-20,2026-02-20 09:35:00-05:00,LONG,-0.004
HOOD,2026-02-20,2026-02-20 09:42:00-05:00,LONG,-0.004
HOOD,2026-02-20,2026-02-20 10:01:00-05:00,LONG,-0.004
HOOD,2026-02-23,2026-02-23 09:33:00-05:00,SHORT,0.01
HOOD,2026-02-23,2026-02-23 09:34:00-05:00,SHORT,0.01
HOOD,2026-02-23,2026-02-23 09:35:00-05:00,SHORT,0.0025
HOOD,2026-02-23,2026-02-23 09:36:00-05:00,SHORT,0.0025
HOOD,2026-02-23,2026-02-23 09:39:00-05:00,SHORT,0.0025
HOOD,2026-02-23,2026-02-23 09:40:00-05:00,SHORT,-0.004
HOOD,2026-02-24,2026-02-24 09:30:00-05:00,SHORT,0.0025
HOOD,2026-02-24,2026-02-24 09:31:00-05:00,SHORT,0.0025
HOOD,2026-02-24,2026-02-24 09:33:00-05:00,SHORT,-0.004
HOOD,2026-02-24,2026-02-24 09:36:00-05:00,SHORT,-0.004
HOOD,2026-02-24,2026-02-24 10:10:00-05:00,LONG,0.005501637256685479
HOOD,2026-02-25,2026-02-25 09:30:00-05:00,LONG,-0.004
HOOD,2026-02-25,2026-02-25 09:35:00-05:00,SHORT,0.0025
HOOD,2026-02-25,2026-02-25 09:36:00-05:00,SHORT,-0.004
HOOD,2026-02-26,2026-02-26 09:30:00-05:00,SHORT,-0.004
HOOD,2026-02-26,2026-02-26 09:31:00-05:00,LONG,-0.004
HOOD,2026-02-26,2026-02-26 09:34:00-05:00,LONG,-0.004
HOOD,2026-02-26,2026-02-26 09:39:00-05:00,LONG,0.0025
HOOD,2026-02-26,2026-02-26 09:40:00-05:00,LONG,-0.004
HOOD,2026-02-27,2026-02-27 09:31:00-05:00,SHORT,0.0025
HOOD,2026-02-27,2026-02-27 09:40:00-05:00,SHORT,0.0025
HOOD,2026-02-27,2026-02-27 09:42:00-05:00,SHORT,0.0025
HOOD,2026-02-27,2026-02-27 10:11:00-05:00,LONG,-0.004
HOOD,2026-03-02,2026-03-02 09:32:00-05:00,LONG,0.01
HOOD,2026-03-02,2026-03-02 09:33:00-05:00,LONG,0.0025
HOOD,2026-03-02,2026-03-02 09:34:00-05:00,LONG,-0.004
HOOD,2026-03-02,2026-03-02 09:36:00-05:00,LONG,-0.004
HOOD,2026-03-03,2026-03-03 09:58:00-05:00,SHORT,-0.004
HOOD,2026-03-03,2026-03-03 10:13:00-05:00,SHORT,0.01
HOOD,2026-03-03,2026-03-03 10:18:00-05:00,SHORT,0.0025
HOOD,2026-03-03,2026-03-03 10:19:00-05:00,SHORT,0.0025
HOOD,2026-03-03,2026-03-03 10:20:00-05:00,SHORT,0.0025
HOOD,2026-03-04,2026-03-04 09:30:00-05:00,LONG,-0.004
HOOD,2026-03-04,2026-03-04 09:33:00-05:00,LONG,-0.004
HOOD,2026-03-04,2026-03-04 09:50:00-05:00,LONG,0.0025
HOOD,2026-03-04,2026-03-04 09:51:00-05:00,LONG,0.0025
HOOD,2026-03-04,2026-03-04 09:52:00-05:00,LONG,-0.004
HOOD,2026-03-05,2026-03-05 09:32:00-05:00,SHORT,-0.004
HOOD,2026-03-05,2026-03-05 09:35:00-05:00,LONG,-0.004
HOOD,2026-03-05,2026-03-05 10:01:00-05:00,SHORT,0.01
HOOD,2026-03-05,2026-03-05 10:03:00-05:00,SHORT,0.01
HOOD,2026-03-05,2026-03-05 10:04:00-05:00,SHORT,0.0025
HOOD,2026-03-05,2026-03-05 10:11:00-05:00,SHORT,-0.004
HOOD,2026-03-06,2026-03-06 09:30:00-05:00,SHORT,0.0025
HOOD,2026-03-06,2026-03-06 09:35:00-05:00,SHORT,-0.004
HOOD,2026-03-09,2026-03-09 09:30:00-04:00,LONG,0.0025
HOOD,2026-03-09,2026-03-09 09:31:00-04:00,LONG,0.0025
HOOD,2026-03-09,2026-03-09 09:34:00-04:00,LONG,0.0025
HOOD,2026-03-09,2026-03-09 09:35:00-04:00,LONG,-0.004
HOOD,2026-03-09,2026-03-09 10:03:00-04:00,LONG,-0.004
HOOD,2026-03-10,2026-03-10 09:31:00-04:00,SHORT,0.01
HOOD,2026-03-10,2026-03-10 09:33:00-04:00,SHORT,-0.004
HOOD,2026-03-10,2026-03-10 09:37:00-04:00,SHORT,-0.004
HOOD,2026-03-10,2026-03-10 09:41:00-04:00,SHORT,0.0025
HOOD,2026-03-10,2026-03-10 10:08:00-04:00,SHORT,-0.004
HOOD,2026-03-11,2026-03-11 09:30:00-04:00,LONG,0.0025
HOOD,2026-03-11,2026-03-11 09:32:00-04:00,LONG,-0.004
HOOD,2026-03-12,2026-03-12 09:30:00-04:00,SHORT,-0.004
HOOD,2026-03-12,2026-03-12 09:46:00-04:00,SHORT,-0.004
HOOD,2026-03-12,2026-03-12 10:30:00-04:00,SHORT,0.0025
HOOD,2026-03-13,2026-03-13 09:30:00-04:00,LONG,-0.004
HOOD,2026-03-13,2026-03-13 09:33:00-04:00,SHORT,0.01
HOOD,2026-03-13,2026-03-13 09:35:00-04:00,SHORT,0.0025
HOOD,2026-03-13,2026-03-13 09:36:00-04:00,SHORT,-0.004
HOOD,2026-03-13,2026-03-13 10:02:00-04:00,SHORT,-0.004
HOOD,2026-03-13,2026-03-13 10:23:00-04:00,SHORT,-0.004
HOOD,2026-03-16,2026-03-16 09:32:00-04:00,SHORT,0.0025
HOOD,2026-03-16,2026-03-16 09:33:00-04:00,SHORT,-0.004
HOOD,2026-03-17,2026-03-17 09:30:00-04:00,LONG,0.0025
HOOD,2026-03-17,2026-03-17 09:31:00-04:00,LONG,0.0025
HOOD,2026-03-17,2026-03-17 09:32:00-04:00,LONG,0.0025
HOOD,2026-03-17,2026-03-17 09:33:00-04:00,LONG,-0.004
HOOD,2026-03-17,2026-03-17 09:37:00-04:00,LONG,0.0025
HOOD,2026-03-17,2026-03-17 09:38:00-04:00,LONG,-0.004
HOOD,2026-03-18,2026-03-18 09:39:00-04:00,LONG,0.0025
HOOD,2026-03-18,2026-03-18 09:46:00-04:00,LONG,-0.004
HOOD,2026-03-18,2026-03-18 10:26:00-04:00,SHORT,0.0053170848335203046
HOOD,2026-03-18,2026-03-18 10:28:00-04:00,SHORT,-0.004
HOOD,2026-03-19,2026-03-19 09:30:00-04:00,SHORT,-0.004
HOOD,2026-03-19,2026-03-19 09:40:00-04:00,LONG,0.0025
HOOD,2026-03-19,2026-03-19 09:58:00-04:00,LONG,-0.004
HOOD,2026-03-20,2026-03-20 09:30:00-04:00,SHORT,0.0025
HOOD,2026-03-20,2026-03-20 09:31:00-04:00,SHORT,-0.004
HOOD,2026-03-20,2026-03-20 09:58:00-04:00,SHORT,-0.004
HOOD,2026-03-23,2026-03-23 09:31:00-04:00,LONG,-0.004
HOOD,2026-03-23,2026-03-23 09:34:00-04:00,LONG,0.008658152554233698
HOOD,2026-03-23,2026-03-23 09:44:00-04:00,LONG,-0.004
HOOD,2026-03-23,2026-03-23 10:13:00-04:00,LONG,-0.004
HOOD,2026-03-24,2026-03-24 09:30:00-04:00,SHORT,-0.004
HOOD,2026-03-24,2026-03-24 09:35:00-04:00,SHORT,0.01
HOOD,2026-03-24,2026-03-24 09:36:00-04:00,SHORT,0.007622807017543887
HOOD,2026-03-24,2026-03-24 09:39:00-04:00,SHORT,0.0030993935547564203
HOOD,2026-03-24,2026-03-24 09:48:00-04:00,SHORT,-0.004
HOOD,2026-03-24,2026-03-24 10:10:00-04:00,SHORT,0.01
HOOD,2026-03-24,2026-03-24 10:12:00-04:00,SHORT,0.0025
HOOD,2026-03-24,2026-03-24 10:13:00-04:00,SHORT,-0.004
HOOD,2026-03-25,2026-03-25 09:30:00-04:00,LONG,0.01
HOOD,2026-03-25,2026-03-25 09:32:00-04:00,LONG,0.0025
HOOD,2026-03-25,2026-03-25 09:36:00-04:00,LONG,-0.004
HOOD,2026-03-26,2026-03-26 09:32:00-04:00,SHORT,-0.004
HOOD,2026-03-26,2026-03-26 09:37:00-04:00,LONG,-0.004
HOOD,2026-03-26,2026-03-26 09:42:00-04:00,LONG,0.01
HOOD,2026-03-26,2026-03-26 09:45:00-04:00,LONG,0.0025
HOOD,2026-03-26,2026-03-26 09:47:00-04:00,LONG,-0.004
HOOD,2026-03-27,2026-03-27 09:30:00-04:00,SHORT,0.0025
HOOD,2026-03-27,2026-03-27 09:31:00-04:00,SHORT,0.0025
HOOD,2026-03-27,2026-03-27 09:33:00-04:00,SHORT,-0.004
HOOD,2026-03-27,2026-03-27 09:35:00-04:00,SHORT,-0.004
HOOD,2026-03-27,2026-03-27 09:51:00-04:00,SHORT,0.0025
HOOD,2026-03-27,2026-03-27 10:22:00-04:00,SHORT,0.0025
HOOD,2026-03-30,2026-03-30 09:56:00-04:00,SHORT,-0.004
HOOD,2026-03-31,2026-03-31 09:32:00-04:00,SHORT,-0.004
HOOD,2026-04-01,2026-04-01 09:34:00-04:00,SHORT,-0.004
HOOD,2026-04-01,2026-04-01 09:35:00-04:00,SHORT,-0.004
HOOD,2026-04-01,2026-04-01 09:42:00-04:00,SHORT,0.0025
HOOD,2026-04-02,2026-04-02 09:30:00-04:00,LONG,-0.004
HOOD,2026-04-02,2026-04-02 09:35:00-04:00,SHORT,-0.004
HOOD,2026-04-02,2026-04-02 09:39:00-04:00,SHORT,-0.004
HOOD,2026-04-06,2026-04-06 09:31:00-04:00,SHORT,0.0025
HOOD,2026-04-06,2026-04-06 09:32:00-04:00,SHORT,-0.004
HOOD,2026-04-06,2026-04-06 09:36:00-04:00,SHORT,-0.004
HOOD,2026-04-06,2026-04-06 10:00:00-04:00,LONG,-0.004
HOOD,2026-04-06,2026-04-06 10:03:00-04:00,LONG,-0.004
HOOD,2026-04-06,2026-04-06 10:05:00-04:00,LONG,0.0025
HOOD,2026-04-07,2026-04-07 09:34:00-04:00,SHORT,0.01
HOOD,2026-04-07,2026-04-07 09:56:00-04:00,SHORT,0.0033151167098925487
HOOD,2026-04-07,2026-04-07 10:06:00-04:00,SHORT,-0.004
HOOD,2026-04-08,2026-04-08 10:02:00-04:00,SHORT,0.004659446684820717
HOOD,2026-04-09,2026-04-09 09:31:00-04:00,LONG,-0.004
HOOD,2026-04-09,2026-04-09 09:32:00-04:00,SHORT,0.0025
HOOD,2026-04-09,2026-04-09 09:34:00-04:00,SHORT,-0.004
HOOD,2026-04-10,2026-04-10 09:33:00-04:00,SHORT,0.0025
HOOD,2026-04-10,2026-04-10 09:34:00-04:00,SHORT,0.0025
HOOD,2026-04-10,2026-04-10 09:35:00-04:00,SHORT,-0.004
HOOD,2026-04-10,2026-04-10 09:49:00-04:00,SHORT,0.0025
HOOD,2026-04-10,2026-04-10 10:09:00-04:00,SHORT,-0.004
HOOD,2026-04-13,2026-04-13 09:41:00-04:00,LONG,-0.004
HOOD,2026-04-13,2026-04-13 09:50:00-04:00,LONG,-0.004
HOOD,2026-04-14,2026-04-14 09:30:00-04:00,LONG,0.0025
HOOD,2026-04-14,2026-04-14 09:31:00-04:00,LONG,0.0025
HOOD,2026-04-14,2026-04-14 09:33:00-04:00,LONG,-0.004
HOOD,2026-04-14,2026-04-14 10:16:00-04:00,LONG,0.0042259013040142936
HOOD,2026-04-14,2026-04-14 10:20:00-04:00,LONG,-0.004
HOOD,2026-04-15,2026-04-15 09:30:00-04:00,SHORT,0.0025
HOOD,2026-04-15,2026-04-15 09:31:00-04:00,SHORT,-0.004
HOOD,2026-04-15,2026-04-15 09:34:00-04:00,SHORT,-0.004
HOOD,2026-04-16,2026-04-16 09:30:00-04:00,SHORT,0.0025
HOOD,2026-04-16,2026-04-16 09:31:00-04:00,SHORT,-0.004
HOOD,2026-04-16,2026-04-16 09:33:00-04:00,SHORT,0.01
HOOD,2026-04-16,2026-04-16 09:35:00-04:00,SHORT,0.01
HOOD,2026-04-16,2026-04-16 09:39:00-04:00,SHORT,-0.004
HOOD,2026-04-16,2026-04-16 09:53:00-04:00,SHORT,0.01
HOOD,2026-04-16,2026-04-16 10:01:00-04:00,SHORT,-0.004
HOOD,2026-04-17,2026-04-17 09:31:00-04:00,LONG,-0.004
HOOD,2026-04-17,2026-04-17 09:33:00-04:00,LONG,0.0025
HOOD,2026-04-17,2026-04-17 09:34:00-04:00,LONG,0.0025
HOOD,2026-04-17,2026-04-17 09:35:00-04:00,LONG,-0.004
HOOD,2026-04-20,2026-04-20 09:30:00-04:00,LONG,-0.004
HOOD,2026-04-20,2026-04-20 09:32:00-04:00,LONG,0.0025
HOOD,2026-04-20,2026-04-20 09:33:00-04:00,LONG,-0.004
HOOD,2026-04-20,2026-04-20 09:37:00-04:00,LONG,-0.004
HOOD,2026-04-20,2026-04-20 09:46:00-04:00,LONG,-0.004
HOOD,2026-04-20,2026-04-20 10:17:00-04:00,SHORT,0.0025
HOOD,2026-04-21,2026-04-21 09:30:00-04:00,SHORT,0.0025
HOOD,2026-04-21,2026-04-21 09:31:00-04:00,SHORT,0.0025
HOOD,2026-04-21,2026-04-21 09:32:00-04:00,SHORT,-0.004
HOOD,2026-04-21,2026-04-21 09:38:00-04:00,SHORT,-0.004
HOOD,2026-04-22,2026-04-22 09:30:00-04:00,SHORT,-0.004
HOOD,2026-04-22,2026-04-22 09:32:00-04:00,SHORT,-0.004
HOOD,2026-04-22,2026-04-22 09:56:00-04:00,LONG,-0.004
HOOD,2026-04-22,2026-04-22 09:58:00-04:00,LONG,-0.004
HOOD,2026-04-23,2026-04-23 09:30:00-04:00,LONG,-0.004
HOOD,2026-04-23,2026-04-23 09:32:00-04:00,LONG,-0.004
HOOD,2026-04-23,2026-04-23 09:58:00-04:00,SHORT,0.0025
HOOD,2026-04-23,2026-04-23 10:00:00-04:00,SHORT,0.0025
HOOD,2026-04-23,2026-04-23 10:11:00-04:00,SHORT,-0.004
HOOD,2026-04-24,2026-04-24 09:30:00-04:00,SHORT,0.0025
HOOD,2026-04-24,2026-04-24 09:55:00-04:00,SHORT,0.005960620525059655
HOOD,2026-04-27,2026-04-27 09:35:00-04:00,LONG,0.0025
HOOD,2026-04-27,2026-04-27 09:36:00-04:00,LONG,-0.004
HOOD,2026-04-28,2026-04-28 09:30:00-04:00,SHORT,-0.004
HOOD,2026-04-28,2026-04-28 09:33:00-04:00,SHORT,-0.004
HOOD,2026-04-29,2026-04-29 09:31:00-04:00,SHORT,0.0025
HOOD,2026-04-29,2026-04-29 09:37:00-04:00,SHORT,0.0025
HOOD,2026-04-29,2026-04-29 09:38:00-04:00,SHORT,-0.004
HOOD,2026-04-29,2026-04-29 10:15:00-04:00,SHORT,-0.004
HOOD,2026-04-30,2026-04-30 09:30:00-04:00,LONG,-0.004
HOOD,2026-04-30,2026-04-30 09:32:00-04:00,LONG,-0.004
HOOD,2026-04-30,2026-04-30 09:35:00-04:00,LONG,0.0025
HOOD,2026-04-30,2026-04-30 09:36:00-04:00,LONG,-0.004
HOOD,2026-04-30,2026-04-30 09:40:00-04:00,LONG,0.0025
HOOD,2026-04-30,2026-04-30 09:42:00-04:00,LONG,-0.004
HOOD,2026-04-30,2026-04-30 09:55:00-04:00,LONG,0.0025
HOOD,2026-05-01,2026-05-01 09:31:00-04:00,SHORT,-0.004
HOOD,2026-05-01,2026-05-01 09:36:00-04:00,LONG,-0.004
HOOD,2026-05-01,2026-05-01 09:59:00-04:00,LONG,-0.004
HOOD,2026-05-04,2026-05-04 09:30:00-04:00,LONG,0.01
HOOD,2026-05-04,2026-05-04 09:31:00-04:00,LONG,0.0025
HOOD,2026-05-04,2026-05-04 09:32:00-04:00,LONG,0.0025
HOOD,2026-05-04,2026-05-04 09:33:00-04:00,LONG,0.0025
HOOD,2026-05-04,2026-05-04 09:34:00-04:00,LONG,0.0025
HOOD,2026-05-04,2026-05-04 09:35:00-04:00,LONG,0.0025
HOOD,2026-05-04,2026-05-04 09:37:00-04:00,LONG,-0.004
HOOD,2026-05-05,2026-05-05 09:34:00-04:00,SHORT,-0.004
HOOD,2026-05-06,2026-05-06 09:30:00-04:00,SHORT,-0.004
HOOD,2026-05-06,2026-05-06 09:33:00-04:00,SHORT,-0.004
HOOD,2026-05-06,2026-05-06 09:45:00-04:00,SHORT,0.01
HOOD,2026-05-06,2026-05-06 09:50:00-04:00,SHORT,-0.004
HOOD,2026-05-08,2026-05-08 09:30:00-04:00,SHORT,-0.004
HOOD,2026-05-08,2026-05-08 09:33:00-04:00,SHORT,0.0067454394693200696
HOOD,2026-05-08,2026-05-08 09:37:00-04:00,SHORT,0.0025
HOOD,2026-05-11,2026-05-11 09:30:00-04:00,SHORT,0.0025
HOOD,2026-05-11,2026-05-11 09:33:00-04:00,SHORT,0.0025
HOOD,2026-05-11,2026-05-11 09:35:00-04:00,SHORT,-0.004
HOOD,2026-05-11,2026-05-11 09:45:00-04:00,LONG,0.0025
HOOD,2026-05-12,2026-05-12 09:30:00-04:00,LONG,-0.004
HOOD,2026-05-12,2026-05-12 09:31:00-04:00,LONG,0.0025
HOOD,2026-05-12,2026-05-12 09:32:00-04:00,LONG,-0.004
HOOD,2026-05-12,2026-05-12 09:50:00-04:00,SHORT,0.0025
HOOD,2026-05-12,2026-05-12 10:19:00-04:00,LONG,-0.004
HOOD,2026-05-13,2026-05-13 09:30:00-04:00,SHORT,-0.004
HOOD,2026-05-13,2026-05-13 09:34:00-04:00,SHORT,0.0025
HOOD,2026-05-14,2026-05-14 09:33:00-04:00,SHORT,0.0030902413431268968
HOOD,2026-05-14,2026-05-14 09:35:00-04:00,SHORT,0.0025
HOOD,2026-05-14,2026-05-14 09:36:00-04:00,SHORT,-0.004
HOOD,2026-05-14,2026-05-14 09:40:00-04:00,SHORT,-0.004
HOOD,2026-05-14,2026-05-14 09:59:00-04:00,SHORT,-0.004
HOOD,2026-05-15,2026-05-15 09:30:00-04:00,SHORT,0.0025
HOOD,2026-05-15,2026-05-15 09:31:00-04:00,SHORT,-0.004
HOOD,2026-05-15,2026-05-15 09:35:00-04:00,SHORT,0.0025
HOOD,2026-05-18,2026-05-18 09:31:00-04:00,LONG,0.0025
HOOD,2026-05-18,2026-05-18 09:35:00-04:00,LONG,-0.004
HOOD,2026-05-18,2026-05-18 09:39:00-04:00,LONG,-0.004
HOOD,2026-05-19,2026-05-19 09:30:00-04:00,SHORT,0.0025
HOOD,2026-05-19,2026-05-19 09:31:00-04:00,SHORT,-0.004
HOOD,2026-05-19,2026-05-19 09:44:00-04:00,SHORT,-0.004
HOOD,2026-05-20,2026-05-20 09:30:00-04:00,SHORT,0.0025
HOOD,2026-05-20,2026-05-20 09:31:00-04:00,SHORT,-0.004
HOOD,2026-05-20,2026-05-20 09:35:00-04:00,SHORT,-0.004
HOOD,2026-05-20,2026-05-20 09:38:00-04:00,SHORT,0.0025
HOOD,2026-05-20,2026-05-20 10:16:00-04:00,LONG,-0.004
HOOD,2026-05-21,2026-05-21 09:33:00-04:00,LONG,-0.004
HOOD,2026-05-21,2026-05-21 10:20:00-04:00,SHORT,0.004324396247754678
HOOD,2026-05-22,2026-05-22 09:30:00-04:00,LONG,-0.004
HOOD,2026-05-22,2026-05-22 10:00:00-04:00,SHORT,0.01
HOOD,2026-05-22,2026-05-22 10:14:00-04:00,SHORT,0.01
HOOD,2026-05-22,2026-05-22 10:19:00-04:00,SHORT,0.0025
HOOD,2026-05-22,2026-05-22 10:20:00-04:00,SHORT,0.0025
HOOD,2026-05-26,2026-05-26 09:30:00-04:00,LONG,0.0025
HOOD,2026-05-26,2026-05-26 09:31:00-04:00,LONG,-0.004
HOOD,2026-05-27,2026-05-27 09:30:00-04:00,LONG,0.0025
HOOD,2026-05-27,2026-05-27 09:35:00-04:00,LONG,0.0025
HOOD,2026-05-27,2026-05-27 09:36:00-04:00,LONG,0.0025
HOOD,2026-05-27,2026-05-27 09:37:00-04:00,LONG,-0.004
HOOD,2026-05-27,2026-05-27 10:00:00-04:00,LONG,0.0025
HOOD,2026-05-27,2026-05-27 10:14:00-04:00,LONG,0.0025
HOOD,2026-05-28,2026-05-28 09:30:00-04:00,SHORT,-0.004
HOOD,2026-05-28,2026-05-28 09:33:00-04:00,SHORT,-0.004
HOOD,2026-05-28,2026-05-28 09:58:00-04:00,LONG,0.0025
HOOD,2026-05-28,2026-05-28 09:59:00-04:00,LONG,0.0025
HOOD,2026-05-28,2026-05-28 10:00:00-04:00,LONG,0.0025
HOOD,2026-05-28,2026-05-28 10:01:00-04:00,LONG,-0.004
HOOD,2026-05-28,2026-05-28 10:12:00-04:00,LONG,0.0025
HOOD,2026-05-29,2026-05-29 09:30:00-04:00,SHORT,-0.004
HOOD,2026-05-29,2026-05-29 09:32:00-04:00,LONG,0.0025
HOOD,2026-05-29,2026-05-29 09:33:00-04:00,LONG,0.0025
HOOD,2026-05-29,2026-05-29 09:36:00-04:00,LONG,0.0025
HOOD,2026-05-29,2026-05-29 09:39:00-04:00,LONG,-0.004
HOOD,2026-06-01,2026-06-01 09:30:00-04:00,SHORT,-0.004
HOOD,2026-06-01,2026-06-01 09:32:00-04:00,SHORT,0.0025
HOOD,2026-06-01,2026-06-01 09:33:00-04:00,SHORT,-0.004
HOOD,2026-06-01,2026-06-01 10:26:00-04:00,SHORT,-0.004
HOOD,2026-06-02,2026-06-02 09:31:00-04:00,SHORT,-0.004
HOOD,2026-06-02,2026-06-02 09:34:00-04:00,SHORT,0.0025
HOOD,2026-06-02,2026-06-02 09:36:00-04:00,SHORT,0.0025
HOOD,2026-06-02,2026-06-02 09:37:00-04:00,SHORT,0.0025
HOOD,2026-06-02,2026-06-02 09:38:00-04:00,SHORT,-0.004
HOOD,2026-06-03,2026-06-03 09:30:00-04:00,SHORT,-0.004
HOOD,2026-06-03,2026-06-03 09:33:00-04:00,SHORT,0.01
HOOD,2026-06-03,2026-06-03 09:35:00-04:00,SHORT,0.0025
HOOD,2026-06-03,2026-06-03 09:41:00-04:00,SHORT,0.0025
HOOD,2026-06-03,2026-06-03 10:00:00-04:00,SHORT,-0.004
HOOD,2026-06-04,2026-06-04 09:31:00-04:00,LONG,-0.004
HOOD,2026-06-04,2026-06-04 09:35:00-04:00,LONG,0.01
HOOD,2026-06-04,2026-06-04 09:36:00-04:00,LONG,0.0025
HOOD,2026-06-04,2026-06-04 09:37:00-04:00,LONG,0.0025
HOOD,2026-06-04,2026-06-04 09:38:00-04:00,LONG,0.0025
HOOD,2026-06-04,2026-06-04 09:41:00-04:00,LONG,-0.004
HOOD,2026-06-04,2026-06-04 10:23:00-04:00,LONG,-0.004
HOOD,2026-06-05,2026-06-05 09:30:00-04:00,SHORT,-0.004
HOOD,2026-06-05,2026-06-05 09:35:00-04:00,LONG,-0.004
HOOD,2026-06-05,2026-06-05 09:40:00-04:00,SHORT,0.01
HOOD,2026-06-05,2026-06-05 09:41:00-04:00,SHORT,0.01
HOOD,2026-06-05,2026-06-05 09:43:00-04:00,SHORT,0.0025
HOOD,2026-06-08,2026-06-08 09:33:00-04:00,SHORT,-0.004
HOOD,2026-06-09,2026-06-09 09:37:00-04:00,LONG,-0.004
HOOD,2026-06-09,2026-06-09 09:51:00-04:00,LONG,0.0025
HOOD,2026-06-09,2026-06-09 09:59:00-04:00,LONG,-0.004
HOOD,2026-06-09,2026-06-09 10:15:00-04:00,SHORT,0.0025
HOOD,2026-06-09,2026-06-09 10:16:00-04:00,SHORT,0.0025
HOOD,2026-06-09,2026-06-09 10:17:00-04:00,SHORT,-0.004
HOOD,2026-06-10,2026-06-10 09:30:00-04:00,LONG,0.0025
HOOD,2026-06-10,2026-06-10 09:31:00-04:00,LONG,0.0025
HOOD,2026-06-10,2026-06-10 09:32:00-04:00,LONG,-0.004
HOOD,2026-06-10,2026-06-10 09:35:00-04:00,LONG,0.0025
HOOD,2026-06-10,2026-06-10 09:36:00-04:00,LONG,0.0025
HOOD,2026-06-10,2026-06-10 09:37:00-04:00,LONG,-0.004
HOOD,2026-06-10,2026-06-10 09:38:00-04:00,LONG,-0.004
HOOD,2026-06-10,2026-06-10 09:40:00-04:00,LONG,0.0025
HOOD,2026-06-10,2026-06-10 09:41:00-04:00,LONG,0.01
HOOD,2026-06-10,2026-06-10 10:06:00-04:00,LONG,-0.004
HOOD,2026-06-11,2026-06-11 09:31:00-04:00,SHORT,-0.004
HOOD,2026-06-11,2026-06-11 09:35:00-04:00,LONG,0.0025
HOOD,2026-06-11,2026-06-11 09:36:00-04:00,LONG,-0.004
HOOD,2026-06-11,2026-06-11 10:04:00-04:00,SHORT,0.0025
HOOD,2026-06-12,2026-06-12 09:30:00-04:00,LONG,-0.004
HOOD,2026-06-12,2026-06-12 09:40:00-04:00,SHORT,-0.004
HOOD,2026-06-12,2026-06-12 09:44:00-04:00,SHORT,-0.004
COIN,2025-12-12,2025-12-12 10:08:00-05:00,SHORT,0.01
COIN,2025-12-12,2025-12-12 10:09:00-05:00,SHORT,-0.004
COIN,2025-12-15,2025-12-15 09:30:00-05:00,SHORT,0.0025
COIN,2025-12-15,2025-12-15 09:31:00-05:00,SHORT,-0.004
COIN,2025-12-15,2025-12-15 09:33:00-05:00,SHORT,-0.004
COIN,2025-12-15,2025-12-15 09:45:00-05:00,SHORT,0.0025
COIN,2025-12-15,2025-12-15 09:47:00-05:00,SHORT,0.0025
COIN,2025-12-16,2025-12-16 09:36:00-05:00,LONG,-0.004
COIN,2025-12-17,2025-12-17 09:30:00-05:00,LONG,0.0025
COIN,2025-12-17,2025-12-17 09:31:00-05:00,LONG,-0.004
COIN,2025-12-18,2025-12-18 09:31:00-05:00,LONG,-0.004
COIN,2025-12-18,2025-12-18 09:38:00-05:00,SHORT,0.0025
COIN,2025-12-19,2025-12-19 09:32:00-05:00,SHORT,0.0025
COIN,2025-12-19,2025-12-19 10:19:00-05:00,SHORT,0.0025
COIN,2025-12-19,2025-12-19 10:21:00-05:00,SHORT,-0.004
COIN,2025-12-22,2025-12-22 09:30:00-05:00,SHORT,-0.004
COIN,2025-12-22,2025-12-22 09:33:00-05:00,SHORT,0.0025
COIN,2025-12-22,2025-12-22 09:40:00-05:00,SHORT,0.0025
COIN,2025-12-22,2025-12-22 10:05:00-05:00,LONG,0.0025
COIN,2025-12-23,2025-12-23 09:35:00-05:00,SHORT,-0.004
COIN,2025-12-23,2025-12-23 09:49:00-05:00,SHORT,0.01
COIN,2025-12-23,2025-12-23 10:01:00-05:00,SHORT,-0.004
COIN,2025-12-24,2025-12-24 09:30:00-05:00,SHORT,-0.004
COIN,2025-12-24,2025-12-24 09:33:00-05:00,SHORT,0.0025
COIN,2025-12-24,2025-12-24 09:37:00-05:00,SHORT,-0.004
COIN,2025-12-24,2025-12-24 09:56:00-05:00,SHORT,0.001814710695254498
COIN,2025-12-26,2025-12-26 09:30:00-05:00,SHORT,0.0025
COIN,2025-12-26,2025-12-26 09:32:00-05:00,SHORT,0.01
COIN,2025-12-26,2025-12-26 09:36:00-05:00,SHORT,0.01
COIN,2025-12-26,2025-12-26 09:50:00-05:00,SHORT,0.0047895908416366
COIN,2025-12-26,2025-12-26 10:01:00-05:00,SHORT,-0.004
COIN,2025-12-29,2025-12-29 09:31:00-05:00,LONG,0.0025
COIN,2025-12-29,2025-12-29 09:32:00-05:00,LONG,0.0025
COIN,2025-12-29,2025-12-29 09:34:00-05:00,LONG,-0.004
COIN,2025-12-30,2025-12-30 09:30:00-05:00,SHORT,0.0025
COIN,2025-12-30,2025-12-30 09:31:00-05:00,SHORT,-0.004
COIN,2025-12-31,2025-12-31 09:37:00-05:00,SHORT,0.0025
COIN,2025-12-31,2025-12-31 09:45:00-05:00,SHORT,0.0006005732152163244
COIN,2026-01-02,2026-01-02 09:30:00-05:00,SHORT,-0.004
COIN,2026-01-02,2026-01-02 09:32:00-05:00,SHORT,0.0025
COIN,2026-01-02,2026-01-02 09:33:00-05:00,SHORT,0.0025
COIN,2026-01-02,2026-01-02 09:34:00-05:00,SHORT,-0.004
COIN,2026-01-05,2026-01-05 09:33:00-05:00,LONG,0.0025
COIN,2026-01-05,2026-01-05 10:01:00-05:00,LONG,-0.004
COIN,2026-01-06,2026-01-06 09:31:00-05:00,SHORT,-0.004
COIN,2026-01-06,2026-01-06 09:42:00-05:00,LONG,-0.004
COIN,2026-01-07,2026-01-07 09:30:00-05:00,SHORT,-0.004
COIN,2026-01-07,2026-01-07 09:31:00-05:00,SHORT,0.0025
COIN,2026-01-07,2026-01-07 09:33:00-05:00,SHORT,-0.004
COIN,2026-01-07,2026-01-07 09:38:00-05:00,SHORT,-0.004
COIN,2026-01-07,2026-01-07 10:02:00-05:00,SHORT,0.01
COIN,2026-01-07,2026-01-07 10:08:00-05:00,SHORT,0.0025
COIN,2026-01-08,2026-01-08 09:30:00-05:00,SHORT,-0.004
COIN,2026-01-09,2026-01-09 09:31:00-05:00,SHORT,0.0025
COIN,2026-01-09,2026-01-09 09:32:00-05:00,SHORT,0.01
COIN,2026-01-09,2026-01-09 09:33:00-05:00,SHORT,0.0025
COIN,2026-01-09,2026-01-09 09:34:00-05:00,SHORT,-0.004
COIN,2026-01-09,2026-01-09 09:43:00-05:00,SHORT,0.01
COIN,2026-01-09,2026-01-09 09:46:00-05:00,SHORT,0.0025
COIN,2026-01-09,2026-01-09 10:30:00-05:00,LONG,0.0025
COIN,2026-01-12,2026-01-12 09:31:00-05:00,SHORT,-0.004
COIN,2026-01-12,2026-01-12 09:36:00-05:00,LONG,0.0025
COIN,2026-01-13,2026-01-13 09:30:00-05:00,LONG,0.0025
COIN,2026-01-13,2026-01-13 09:33:00-05:00,LONG,0.0025
COIN,2026-01-13,2026-01-13 10:18:00-05:00,SHORT,-0.004
COIN,2026-01-14,2026-01-14 09:33:00-05:00,LONG,-0.004
COIN,2026-01-14,2026-01-14 09:47:00-05:00,LONG,0.01
COIN,2026-01-14,2026-01-14 09:49:00-05:00,LONG,0.0025
COIN,2026-01-15,2026-01-15 09:30:00-05:00,SHORT,-0.004
COIN,2026-01-15,2026-01-15 09:33:00-05:00,SHORT,-0.004
COIN,2026-01-15,2026-01-15 09:36:00-05:00,SHORT,-0.004
COIN,2026-01-15,2026-01-15 09:38:00-05:00,SHORT,-0.004
COIN,2026-01-15,2026-01-15 09:58:00-05:00,SHORT,-0.004
COIN,2026-01-15,2026-01-15 10:28:00-05:00,SHORT,0.0025
COIN,2026-01-16,2026-01-16 09:30:00-05:00,SHORT,0.0025
COIN,2026-01-20,2026-01-20 09:34:00-05:00,LONG,-0.004
COIN,2026-01-20,2026-01-20 09:54:00-05:00,SHORT,-0.004
COIN,2026-01-21,2026-01-21 09:33:00-05:00,LONG,-0.004
COIN,2026-01-21,2026-01-21 09:37:00-05:00,LONG,-0.004
COIN,2026-01-21,2026-01-21 10:07:00-05:00,LONG,-0.004
COIN,2026-01-22,2026-01-22 09:30:00-05:00,LONG,-0.004
COIN,2026-01-22,2026-01-22 09:45:00-05:00,SHORT,-0.004
COIN,2026-01-23,2026-01-23 09:30:00-05:00,SHORT,0.0025
COIN,2026-01-23,2026-01-23 09:31:00-05:00,SHORT,0.005693430656934255
COIN,2026-01-23,2026-01-23 09:32:00-05:00,SHORT,0.0025
COIN,2026-01-23,2026-01-23 09:37:00-05:00,SHORT,-0.004
COIN,2026-01-23,2026-01-23 10:16:00-05:00,SHORT,-0.004
COIN,2026-01-27,2026-01-27 09:30:00-05:00,SHORT,-0.004
COIN,2026-01-27,2026-01-27 09:32:00-05:00,SHORT,-0.004
COIN,2026-01-27,2026-01-27 09:37:00-05:00,SHORT,0.0025
COIN,2026-01-27,2026-01-27 09:38:00-05:00,SHORT,0.0025
COIN,2026-01-27,2026-01-27 09:43:00-05:00,SHORT,-0.004
COIN,2026-01-28,2026-01-28 09:34:00-05:00,LONG,-0.004
COIN,2026-01-28,2026-01-28 09:37:00-05:00,SHORT,0.0025
COIN,2026-01-28,2026-01-28 09:40:00-05:00,SHORT,0.0025
COIN,2026-01-28,2026-01-28 09:41:00-05:00,SHORT,-0.004
COIN,2026-01-28,2026-01-28 10:11:00-05:00,SHORT,0.004255218216318807
COIN,2026-01-28,2026-01-28 10:15:00-05:00,SHORT,-0.004
COIN,2026-01-29,2026-01-29 09:30:00-05:00,SHORT,0.0025
COIN,2026-01-29,2026-01-29 09:31:00-05:00,SHORT,0.0025
COIN,2026-01-29,2026-01-29 09:36:00-05:00,SHORT,-0.004
COIN,2026-01-29,2026-01-29 09:39:00-05:00,SHORT,0.0025
COIN,2026-01-29,2026-01-29 10:12:00-05:00,SHORT,-0.004
COIN,2026-01-30,2026-01-30 09:32:00-05:00,LONG,-0.004
COIN,2026-02-02,2026-02-02 09:32:00-05:00,LONG,-0.004
COIN,2026-02-02,2026-02-02 09:34:00-05:00,LONG,0.0025
COIN,2026-02-02,2026-02-02 10:00:00-05:00,SHORT,-0.004
COIN,2026-02-03,2026-02-03 09:30:00-05:00,SHORT,0.0025
COIN,2026-02-03,2026-02-03 09:32:00-05:00,SHORT,-0.004
COIN,2026-02-03,2026-02-03 09:34:00-05:00,SHORT,0.01
COIN,2026-02-03,2026-02-03 09:38:00-05:00,SHORT,0.0025
COIN,2026-02-03,2026-02-03 09:39:00-05:00,SHORT,-0.004
COIN,2026-02-03,2026-02-03 09:43:00-05:00,SHORT,-0.004
COIN,2026-02-04,2026-02-04 09:30:00-05:00,SHORT,0.0025
COIN,2026-02-04,2026-02-04 09:33:00-05:00,SHORT,-0.004
COIN,2026-02-04,2026-02-04 09:52:00-05:00,SHORT,0.01
COIN,2026-02-04,2026-02-04 10:01:00-05:00,SHORT,-0.004
COIN,2026-02-05,2026-02-05 09:32:00-05:00,LONG,-0.004
COIN,2026-02-05,2026-02-05 09:34:00-05:00,LONG,0.0025
COIN,2026-02-05,2026-02-05 10:11:00-05:00,SHORT,0.0025
COIN,2026-02-06,2026-02-06 09:31:00-05:00,LONG,-0.004
COIN,2026-02-06,2026-02-06 09:33:00-05:00,LONG,-0.004
COIN,2026-02-06,2026-02-06 09:36:00-05:00,LONG,-0.004
COIN,2026-02-06,2026-02-06 09:38:00-05:00,LONG,-0.004
COIN,2026-02-09,2026-02-09 09:32:00-05:00,SHORT,0.0025
COIN,2026-02-09,2026-02-09 09:33:00-05:00,SHORT,0.0025
COIN,2026-02-10,2026-02-10 09:30:00-05:00,SHORT,-0.004
COIN,2026-02-10,2026-02-10 09:32:00-05:00,SHORT,-0.004
COIN,2026-02-10,2026-02-10 09:35:00-05:00,LONG,-0.004
COIN,2026-02-11,2026-02-11 09:30:00-05:00,SHORT,-0.004
COIN,2026-02-11,2026-02-11 09:34:00-05:00,SHORT,0.0025
COIN,2026-02-11,2026-02-11 09:36:00-05:00,SHORT,-0.004
COIN,2026-02-12,2026-02-12 09:30:00-05:00,SHORT,-0.004
COIN,2026-02-12,2026-02-12 09:35:00-05:00,SHORT,0.01
COIN,2026-02-12,2026-02-12 09:42:00-05:00,SHORT,0.01
COIN,2026-02-13,2026-02-13 09:30:00-05:00,SHORT,0.0025
COIN,2026-02-13,2026-02-13 09:33:00-05:00,SHORT,-0.004
COIN,2026-02-13,2026-02-13 10:30:00-05:00,LONG,0.0025
COIN,2026-02-17,2026-02-17 09:30:00-05:00,SHORT,-0.004
COIN,2026-02-17,2026-02-17 09:31:00-05:00,LONG,-0.004
COIN,2026-02-17,2026-02-17 09:34:00-05:00,LONG,-0.004
COIN,2026-02-17,2026-02-17 09:38:00-05:00,SHORT,-0.004
COIN,2026-02-17,2026-02-17 09:40:00-05:00,SHORT,0.0025
COIN,2026-02-18,2026-02-18 09:32:00-05:00,SHORT,-0.004
COIN,2026-02-18,2026-02-18 09:34:00-05:00,SHORT,-0.004
COIN,2026-02-18,2026-02-18 09:37:00-05:00,LONG,0.0025
COIN,2026-02-18,2026-02-18 09:44:00-05:00,LONG,-0.004
COIN,2026-02-18,2026-02-18 09:58:00-05:00,LONG,0.0025
COIN,2026-02-18,2026-02-18 10:02:00-05:00,LONG,-0.004
COIN,2026-02-19,2026-02-19 09:30:00-05:00,SHORT,-0.004
COIN,2026-02-19,2026-02-19 09:32:00-05:00,SHORT,-0.004
COIN,2026-02-19,2026-02-19 09:35:00-05:00,SHORT,-0.004
COIN,2026-02-19,2026-02-19 09:40:00-05:00,SHORT,-0.004
COIN,2026-02-19,2026-02-19 09:50:00-05:00,LONG,0.01
COIN,2026-02-19,2026-02-19 09:52:00-05:00,LONG,0.0025
COIN,2026-02-19,2026-02-19 09:55:00-05:00,LONG,-0.004
COIN,2026-02-20,2026-02-20 09:33:00-05:00,LONG,0.0025
COIN,2026-02-20,2026-02-20 09:35:00-05:00,LONG,-0.004
COIN,2026-02-20,2026-02-20 10:01:00-05:00,LONG,-0.004
COIN,2026-02-20,2026-02-20 10:10:00-05:00,LONG,-0.004
COIN,2026-02-23,2026-02-23 09:30:00-05:00,SHORT,0.0025
COIN,2026-02-23,2026-02-23 09:31:00-05:00,SHORT,-0.004
COIN,2026-02-23,2026-02-23 09:34:00-05:00,SHORT,-0.004
COIN,2026-02-23,2026-02-23 09:35:00-05:00,SHORT,0.0025
COIN,2026-02-23,2026-02-23 09:36:00-05:00,SHORT,-0.004
COIN,2026-02-23,2026-02-23 09:39:00-05:00,SHORT,-0.004
COIN,2026-02-23,2026-02-23 09:57:00-05:00,LONG,-0.004
COIN,2026-02-23,2026-02-23 10:00:00-05:00,LONG,0.0025
COIN,2026-02-24,2026-02-24 09:30:00-05:00,SHORT,0.0025
COIN,2026-02-24,2026-02-24 09:31:00-05:00,SHORT,0.0025
COIN,2026-02-24,2026-02-24 09:33:00-05:00,SHORT,-0.004
COIN,2026-02-24,2026-02-24 09:37:00-05:00,SHORT,-0.004
COIN,2026-02-24,2026-02-24 10:00:00-05:00,SHORT,-0.004
COIN,2026-02-24,2026-02-24 10:29:00-05:00,LONG,0.0025
COIN,2026-02-25,2026-02-25 09:30:00-05:00,LONG,0.0025
COIN,2026-02-25,2026-02-25 09:31:00-05:00,LONG,-0.004
COIN,2026-02-25,2026-02-25 09:33:00-05:00,LONG,-0.004
COIN,2026-02-25,2026-02-25 10:00:00-05:00,LONG,0.0025
COIN,2026-02-26,2026-02-26 09:33:00-05:00,SHORT,-0.004
COIN,2026-02-26,2026-02-26 09:35:00-05:00,LONG,-0.004
COIN,2026-02-26,2026-02-26 10:22:00-05:00,SHORT,-0.004
COIN,2026-02-27,2026-02-27 09:31:00-05:00,SHORT,0.0025
COIN,2026-02-27,2026-02-27 09:40:00-05:00,SHORT,-0.004
COIN,2026-02-27,2026-02-27 09:50:00-05:00,SHORT,-0.004
COIN,2026-02-27,2026-02-27 10:08:00-05:00,LONG,0.006824000342495038
COIN,2026-02-27,2026-02-27 10:19:00-05:00,LONG,0.0025
COIN,2026-03-02,2026-03-02 09:30:00-05:00,LONG,0.0025
COIN,2026-03-02,2026-03-02 09:31:00-05:00,LONG,0.0025
COIN,2026-03-02,2026-03-02 09:32:00-05:00,LONG,0.0025
COIN,2026-03-02,2026-03-02 09:33:00-05:00,LONG,0.0025
COIN,2026-03-02,2026-03-02 09:34:00-05:00,LONG,0.0025
COIN,2026-03-02,2026-03-02 09:35:00-05:00,LONG,-0.004
COIN,2026-03-02,2026-03-02 10:07:00-05:00,LONG,0.0025
COIN,2026-03-02,2026-03-02 10:08:00-05:00,LONG,0.01
COIN,2026-03-02,2026-03-02 10:17:00-05:00,LONG,-0.004
COIN,2026-03-03,2026-03-03 09:30:00-05:00,LONG,0.0025
COIN,2026-03-03,2026-03-03 09:31:00-05:00,LONG,-0.004
COIN,2026-03-03,2026-03-03 09:45:00-05:00,SHORT,0.0025
COIN,2026-03-03,2026-03-03 10:18:00-05:00,SHORT,0.0025
COIN,2026-03-03,2026-03-03 10:21:00-05:00,SHORT,-0.004
COIN,2026-03-04,2026-03-04 09:30:00-05:00,LONG,0.0025
COIN,2026-03-04,2026-03-04 09:31:00-05:00,LONG,0.0025
COIN,2026-03-04,2026-03-04 09:32:00-05:00,LONG,-0.004
COIN,2026-03-04,2026-03-04 10:00:00-05:00,LONG,-0.004
COIN,2026-03-04,2026-03-04 10:08:00-05:00,LONG,-0.004
COIN,2026-03-05,2026-03-05 09:36:00-05:00,LONG,-0.004
COIN,2026-03-05,2026-03-05 10:00:00-05:00,LONG,-0.004
COIN,2026-03-06,2026-03-06 09:32:00-05:00,SHORT,-0.004
COIN,2026-03-06,2026-03-06 09:35:00-05:00,SHORT,-0.004
COIN,2026-03-06,2026-03-06 09:52:00-05:00,SHORT,0.0025
COIN,2026-03-09,2026-03-09 09:30:00-04:00,LONG,0.0025
COIN,2026-03-09,2026-03-09 09:32:00-04:00,LONG,-0.004
COIN,2026-03-09,2026-03-09 09:34:00-04:00,LONG,0.0025
COIN,2026-03-09,2026-03-09 09:35:00-04:00,LONG,-0.004
COIN,2026-03-09,2026-03-09 09:42:00-04:00,LONG,-0.004
COIN,2026-03-09,2026-03-09 10:09:00-04:00,SHORT,0.0025
COIN,2026-03-09,2026-03-09 10:11:00-04:00,SHORT,0.0025
COIN,2026-03-10,2026-03-10 09:31:00-04:00,SHORT,0.01
COIN,2026-03-10,2026-03-10 09:33:00-04:00,SHORT,-0.004
COIN,2026-03-10,2026-03-10 09:35:00-04:00,SHORT,0.0025
COIN,2026-03-10,2026-03-10 09:36:00-04:00,SHORT,0.0025
COIN,2026-03-10,2026-03-10 09:42:00-04:00,SHORT,0.0025
COIN,2026-03-11,2026-03-11 09:30:00-04:00,LONG,0.0025
COIN,2026-03-11,2026-03-11 09:32:00-04:00,LONG,0.0025
COIN,2026-03-11,2026-03-11 09:34:00-04:00,LONG,0.0025
COIN,2026-03-11,2026-03-11 09:35:00-04:00,LONG,0.0025
COIN,2026-03-11,2026-03-11 09:36:00-04:00,LONG,-0.004
COIN,2026-03-12,2026-03-12 09:30:00-04:00,SHORT,0.0025
COIN,2026-03-12,2026-03-12 09:31:00-04:00,SHORT,-0.004
COIN,2026-03-12,2026-03-12 09:40:00-04:00,LONG,-0.004
COIN,2026-03-12,2026-03-12 09:56:00-04:00,SHORT,-0.004
COIN,2026-03-12,2026-03-12 10:30:00-04:00,SHORT,0.0025
COIN,2026-03-13,2026-03-13 09:30:00-04:00,LONG,-0.004
COIN,2026-03-13,2026-03-13 09:36:00-04:00,SHORT,-0.004
COIN,2026-03-16,2026-03-16 09:30:00-04:00,LONG,-0.004
COIN,2026-03-16,2026-03-16 09:36:00-04:00,LONG,-0.004
COIN,2026-03-16,2026-03-16 09:51:00-04:00,SHORT,-0.004
COIN,2026-03-16,2026-03-16 10:06:00-04:00,LONG,0.0025
COIN,2026-03-17,2026-03-17 09:32:00-04:00,LONG,0.0025
COIN,2026-03-17,2026-03-17 09:33:00-04:00,LONG,-0.004
COIN,2026-03-18,2026-03-18 09:30:00-04:00,SHORT,0.0025
COIN,2026-03-18,2026-03-18 10:10:00-04:00,SHORT,0.009357352401906873
COIN,2026-03-18,2026-03-18 10:26:00-04:00,SHORT,0.005829320130715787
COIN,2026-03-18,2026-03-18 10:28:00-04:00,SHORT,-0.001645985448419753
COIN,2026-03-19,2026-03-19 09:30:00-04:00,SHORT,0.0025
COIN,2026-03-19,2026-03-19 09:35:00-04:00,SHORT,0.0025
COIN,2026-03-20,2026-03-20 09:31:00-04:00,SHORT,-0.004
COIN,2026-03-20,2026-03-20 09:36:00-04:00,SHORT,-0.004
COIN,2026-03-20,2026-03-20 09:58:00-04:00,SHORT,-0.004
COIN,2026-03-20,2026-03-20 10:08:00-04:00,SHORT,-0.004
COIN,2026-03-23,2026-03-23 09:30:00-04:00,LONG,0.0025
COIN,2026-03-23,2026-03-23 09:35:00-04:00,LONG,0.01
COIN,2026-03-23,2026-03-23 09:40:00-04:00,LONG,-0.004
COIN,2026-03-23,2026-03-23 09:50:00-04:00,LONG,-0.004
COIN,2026-03-24,2026-03-24 09:30:00-04:00,SHORT,-0.004
COIN,2026-03-24,2026-03-24 09:39:00-04:00,SHORT,0.0025
COIN,2026-03-24,2026-03-24 09:41:00-04:00,SHORT,-0.004
COIN,2026-03-24,2026-03-24 09:48:00-04:00,SHORT,0.0025
COIN,2026-03-24,2026-03-24 09:51:00-04:00,SHORT,-0.004
COIN,2026-03-24,2026-03-24 10:11:00-04:00,SHORT,0.0025
COIN,2026-03-24,2026-03-24 10:12:00-04:00,SHORT,0.01
COIN,2026-03-24,2026-03-24 10:16:00-04:00,SHORT,0.01
COIN,2026-03-24,2026-03-24 10:19:00-04:00,SHORT,0.0025
COIN,2026-03-24,2026-03-24 10:22:00-04:00,SHORT,0.01
COIN,2026-03-24,2026-03-24 10:25:00-04:00,SHORT,-0.004
COIN,2026-03-25,2026-03-25 09:35:00-04:00,LONG,0.01
COIN,2026-03-25,2026-03-25 09:36:00-04:00,LONG,0.0025
COIN,2026-03-25,2026-03-25 09:38:00-04:00,LONG,0.0025
COIN,2026-03-25,2026-03-25 09:40:00-04:00,LONG,-0.004
COIN,2026-03-25,2026-03-25 10:29:00-04:00,LONG,0.0025
COIN,2026-03-26,2026-03-26 09:30:00-04:00,SHORT,0.0025
COIN,2026-03-26,2026-03-26 09:35:00-04:00,SHORT,-0.004
COIN,2026-03-26,2026-03-26 10:16:00-04:00,LONG,0.0025
COIN,2026-03-27,2026-03-27 09:31:00-04:00,SHORT,0.01
COIN,2026-03-27,2026-03-27 09:35:00-04:00,SHORT,0.0025
COIN,2026-03-27,2026-03-27 09:36:00-04:00,SHORT,-0.004
COIN,2026-03-27,2026-03-27 09:50:00-04:00,SHORT,0.0025
COIN,2026-03-27,2026-03-27 10:22:00-04:00,SHORT,-0.004
COIN,2026-03-27,2026-03-27 10:23:00-04:00,SHORT,-0.004
COIN,2026-03-31,2026-03-31 09:30:00-04:00,LONG,0.0025
COIN,2026-03-31,2026-03-31 09:34:00-04:00,LONG,-0.004
COIN,2026-03-31,2026-03-31 09:47:00-04:00,LONG,0.0025
COIN,2026-03-31,2026-03-31 09:49:00-04:00,LONG,-0.004
COIN,2026-03-31,2026-03-31 10:00:00-04:00,LONG,-0.004
COIN,2026-03-31,2026-03-31 10:18:00-04:00,LONG,-0.004
COIN,2026-04-01,2026-04-01 09:35:00-04:00,SHORT,-0.004
COIN,2026-04-01,2026-04-01 09:40:00-04:00,SHORT,0.01
COIN,2026-04-01,2026-04-01 09:42:00-04:00,SHORT,0.0025
COIN,2026-04-01,2026-04-01 09:43:00-04:00,SHORT,-0.004
COIN,2026-04-02,2026-04-02 09:39:00-04:00,SHORT,0.0025
COIN,2026-04-02,2026-04-02 10:21:00-04:00,LONG,-0.004
COIN,2026-04-06,2026-04-06 09:31:00-04:00,SHORT,-0.004
COIN,2026-04-06,2026-04-06 09:32:00-04:00,SHORT,-0.004
COIN,2026-04-06,2026-04-06 09:36:00-04:00,SHORT,-0.004
COIN,2026-04-06,2026-04-06 09:38:00-04:00,LONG,0.0025
COIN,2026-04-06,2026-04-06 10:14:00-04:00,LONG,0.0025
COIN,2026-04-07,2026-04-07 09:31:00-04:00,SHORT,-0.004
COIN,2026-04-07,2026-04-07 09:34:00-04:00,SHORT,0.0025
COIN,2026-04-07,2026-04-07 09:38:00-04:00,SHORT,0.0025
COIN,2026-04-07,2026-04-07 09:39:00-04:00,SHORT,-0.004
COIN,2026-04-07,2026-04-07 10:05:00-04:00,SHORT,0.0025
COIN,2026-04-07,2026-04-07 10:06:00-04:00,SHORT,-0.004
COIN,2026-04-07,2026-04-07 10:08:00-04:00,SHORT,-0.004
COIN,2026-04-09,2026-04-09 09:31:00-04:00,LONG,-0.004
COIN,2026-04-09,2026-04-09 09:34:00-04:00,SHORT,-0.004
COIN,2026-04-09,2026-04-09 09:38:00-04:00,SHORT,-0.004
COIN,2026-04-10,2026-04-10 09:32:00-04:00,SHORT,0.0025
COIN,2026-04-10,2026-04-10 09:33:00-04:00,SHORT,0.0025
COIN,2026-04-10,2026-04-10 09:34:00-04:00,SHORT,0.0025
COIN,2026-04-10,2026-04-10 09:35:00-04:00,SHORT,-0.004
COIN,2026-04-10,2026-04-10 09:50:00-04:00,SHORT,-0.004
COIN,2026-04-13,2026-04-13 09:33:00-04:00,LONG,0.01
COIN,2026-04-13,2026-04-13 09:40:00-04:00,LONG,0.01
COIN,2026-04-13,2026-04-13 09:49:00-04:00,LONG,0.01
COIN,2026-04-13,2026-04-13 09:50:00-04:00,LONG,-0.004
COIN,2026-04-13,2026-04-13 10:28:00-04:00,LONG,0.0025
COIN,2026-04-14,2026-04-14 09:30:00-04:00,LONG,0.0025
COIN,2026-04-14,2026-04-14 09:31:00-04:00,LONG,0.01
COIN,2026-04-14,2026-04-14 09:32:00-04:00,LONG,0.0025
COIN,2026-04-14,2026-04-14 09:36:00-04:00,LONG,0.0025
COIN,2026-04-14,2026-04-14 09:38:00-04:00,LONG,-0.004
COIN,2026-04-14,2026-04-14 10:26:00-04:00,LONG,-0.004
COIN,2026-04-15,2026-04-15 09:30:00-04:00,SHORT,-0.004
COIN,2026-04-15,2026-04-15 09:31:00-04:00,SHORT,-0.004
COIN,2026-04-15,2026-04-15 09:36:00-04:00,LONG,-0.004
COIN,2026-04-15,2026-04-15 09:44:00-04:00,SHORT,-0.004
COIN,2026-04-15,2026-04-15 09:51:00-04:00,LONG,-0.004
COIN,2026-04-15,2026-04-15 10:01:00-04:00,LONG,0.01
COIN,2026-04-15,2026-04-15 10:06:00-04:00,LONG,0.01
COIN,2026-04-15,2026-04-15 10:09:00-04:00,LONG,0.01
COIN,2026-04-15,2026-04-15 10:11:00-04:00,LONG,0.0025
COIN,2026-04-16,2026-04-16 09:30:00-04:00,SHORT,-0.004
COIN,2026-04-16,2026-04-16 09:34:00-04:00,SHORT,0.01
COIN,2026-04-16,2026-04-16 09:35:00-04:00,SHORT,0.0025
COIN,2026-04-16,2026-04-16 09:36:00-04:00,SHORT,0.0025
COIN,2026-04-16,2026-04-16 09:38:00-04:00,SHORT,0.0025
COIN,2026-04-16,2026-04-16 09:39:00-04:00,SHORT,-0.004
COIN,2026-04-16,2026-04-16 09:53:00-04:00,SHORT,0.0025
COIN,2026-04-16,2026-04-16 09:54:00-04:00,SHORT,-0.004
COIN,2026-04-17,2026-04-17 09:33:00-04:00,LONG,0.0025
COIN,2026-04-17,2026-04-17 09:34:00-04:00,LONG,-0.004
COIN,2026-04-17,2026-04-17 09:35:00-04:00,LONG,-0.004
COIN,2026-04-17,2026-04-17 10:27:00-04:00,LONG,0.01
COIN,2026-04-17,2026-04-17 10:30:00-04:00,LONG,0.01
COIN,2026-04-20,2026-04-20 09:30:00-04:00,LONG,-0.004
COIN,2026-04-20,2026-04-20 09:32:00-04:00,LONG,0.0025
COIN,2026-04-20,2026-04-20 09:33:00-04:00,LONG,-0.004
COIN,2026-04-20,2026-04-20 09:37:00-04:00,LONG,-0.004
COIN,2026-04-21,2026-04-21 09:30:00-04:00,SHORT,0.0025
COIN,2026-04-21,2026-04-21 09:44:00-04:00,SHORT,-0.004
COIN,2026-04-21,2026-04-21 10:23:00-04:00,SHORT,-0.004
COIN,2026-04-22,2026-04-22 09:31:00-04:00,LONG,-0.004
COIN,2026-04-22,2026-04-22 09:38:00-04:00,LONG,0.01
COIN,2026-04-22,2026-04-22 09:40:00-04:00,LONG,0.0025
COIN,2026-04-22,2026-04-22 09:41:00-04:00,LONG,-0.004
COIN,2026-04-22,2026-04-22 09:46:00-04:00,LONG,-0.004
COIN,2026-04-22,2026-04-22 09:56:00-04:00,LONG,-0.004
COIN,2026-04-23,2026-04-23 09:31:00-04:00,LONG,-0.004
COIN,2026-04-23,2026-04-23 09:35:00-04:00,LONG,-0.004
COIN,2026-04-23,2026-04-23 09:41:00-04:00,SHORT,-0.004
COIN,2026-04-23,2026-04-23 09:44:00-04:00,SHORT,-0.004
COIN,2026-04-23,2026-04-23 09:51:00-04:00,SHORT,0.01
COIN,2026-04-23,2026-04-23 09:54:00-04:00,SHORT,0.0025
COIN,2026-04-27,2026-04-27 09:30:00-04:00,SHORT,-0.004
COIN,2026-04-27,2026-04-27 09:34:00-04:00,SHORT,-0.004
COIN,2026-04-27,2026-04-27 09:38:00-04:00,LONG,0.0025
COIN,2026-04-27,2026-04-27 09:44:00-04:00,LONG,-0.004
COIN,2026-04-28,2026-04-28 09:31:00-04:00,SHORT,-0.004
COIN,2026-04-28,2026-04-28 09:34:00-04:00,SHORT,-0.004
COIN,2026-04-29,2026-04-29 09:30:00-04:00,SHORT,-0.004
COIN,2026-04-29,2026-04-29 09:32:00-04:00,SHORT,-0.004
COIN,2026-04-29,2026-04-29 09:34:00-04:00,SHORT,-0.004
COIN,2026-04-29,2026-04-29 10:05:00-04:00,SHORT,-0.004
COIN,2026-04-30,2026-04-30 09:30:00-04:00,SHORT,-0.004
COIN,2026-04-30,2026-04-30 09:33:00-04:00,SHORT,-0.004
COIN,2026-04-30,2026-04-30 09:42:00-04:00,LONG,0.0025
COIN,2026-04-30,2026-04-30 09:45:00-04:00,LONG,-0.004
COIN,2026-04-30,2026-04-30 10:00:00-04:00,LONG,0.0025
COIN,2026-05-01,2026-05-01 09:30:00-04:00,LONG,-0.004
COIN,2026-05-01,2026-05-01 09:33:00-04:00,LONG,-0.004
COIN,2026-05-01,2026-05-01 09:36:00-04:00,LONG,-0.004
COIN,2026-05-01,2026-05-01 10:01:00-04:00,LONG,-0.004
COIN,2026-05-04,2026-05-04 09:31:00-04:00,LONG,-0.004
COIN,2026-05-04,2026-05-04 09:32:00-04:00,LONG,0.0025
COIN,2026-05-05,2026-05-05 09:30:00-04:00,SHORT,0.0025
COIN,2026-05-05,2026-05-05 09:33:00-04:00,SHORT,0.0025
COIN,2026-05-05,2026-05-05 09:39:00-04:00,SHORT,0.0025
COIN,2026-05-05,2026-05-05 09:54:00-04:00,SHORT,0.005127233148175978
COIN,2026-05-06,2026-05-06 09:30:00-04:00,SHORT,-0.004
COIN,2026-05-07,2026-05-07 09:30:00-04:00,SHORT,-0.004
COIN,2026-05-07,2026-05-07 09:37:00-04:00,LONG,-0.004
COIN,2026-05-07,2026-05-07 09:45:00-04:00,LONG,-0.004
COIN,2026-05-08,2026-05-08 09:30:00-04:00,SHORT,0.0025
COIN,2026-05-08,2026-05-08 09:31:00-04:00,SHORT,-0.004
COIN,2026-05-08,2026-05-08 09:37:00-04:00,SHORT,0.0025
COIN,2026-05-08,2026-05-08 10:10:00-04:00,LONG,-0.004
COIN,2026-05-11,2026-05-11 09:30:00-04:00,SHORT,0.0025
COIN,2026-05-11,2026-05-11 09:43:00-04:00,LONG,0.0025
COIN,2026-05-12,2026-05-12 09:30:00-04:00,LONG,-0.004
COIN,2026-05-12,2026-05-12 09:31:00-04:00,LONG,0.0025
COIN,2026-05-12,2026-05-12 09:32:00-04:00,LONG,-0.004
COIN,2026-05-12,2026-05-12 09:55:00-04:00,SHORT,0.0025
COIN,2026-05-13,2026-05-13 09:30:00-04:00,SHORT,0.0025
COIN,2026-05-13,2026-05-13 09:33:00-04:00,SHORT,0.01
COIN,2026-05-13,2026-05-13 09:34:00-04:00,SHORT,-0.004
COIN,2026-05-13,2026-05-13 09:35:00-04:00,SHORT,-0.004
COIN,2026-05-13,2026-05-13 09:43:00-04:00,SHORT,0.0025
COIN,2026-05-13,2026-05-13 09:44:00-04:00,SHORT,0.0025
COIN,2026-05-13,2026-05-13 09:50:00-04:00,SHORT,-0.004
COIN,2026-05-14,2026-05-14 09:30:00-04:00,SHORT,0.01
COIN,2026-05-14,2026-05-14 09:31:00-04:00,SHORT,0.0025
COIN,2026-05-14,2026-05-14 09:33:00-04:00,SHORT,-0.004
COIN,2026-05-14,2026-05-14 09:36:00-04:00,SHORT,-0.004
COIN,2026-05-14,2026-05-14 09:40:00-04:00,SHORT,-0.004
COIN,2026-05-14,2026-05-14 09:59:00-04:00,SHORT,-0.004
COIN,2026-05-15,2026-05-15 09:30:00-04:00,SHORT,0.0025
COIN,2026-05-15,2026-05-15 09:31:00-04:00,SHORT,-0.004
COIN,2026-05-15,2026-05-15 09:35:00-04:00,SHORT,0.0025
COIN,2026-05-15,2026-05-15 09:36:00-04:00,SHORT,0.01
COIN,2026-05-15,2026-05-15 09:37:00-04:00,SHORT,0.01
COIN,2026-05-15,2026-05-15 09:42:00-04:00,SHORT,0.0025
COIN,2026-05-15,2026-05-15 10:19:00-04:00,SHORT,-0.004
COIN,2026-05-18,2026-05-18 09:32:00-04:00,SHORT,0.0025
COIN,2026-05-18,2026-05-18 09:34:00-04:00,SHORT,-0.004
COIN,2026-05-18,2026-05-18 09:36:00-04:00,SHORT,-0.004
COIN,2026-05-18,2026-05-18 10:06:00-04:00,LONG,0.0025
COIN,2026-05-19,2026-05-19 09:30:00-04:00,SHORT,-0.004
COIN,2026-05-19,2026-05-19 09:47:00-04:00,LONG,0.0025
COIN,2026-05-20,2026-05-20 09:30:00-04:00,SHORT,0.0025
COIN,2026-05-20,2026-05-20 09:31:00-04:00,SHORT,-0.004
COIN,2026-05-20,2026-05-20 09:35:00-04:00,SHORT,-0.004
COIN,2026-05-20,2026-05-20 10:16:00-04:00,LONG,0.0025
COIN,2026-05-21,2026-05-21 09:35:00-04:00,SHORT,-0.004
COIN,2026-05-21,2026-05-21 09:43:00-04:00,SHORT,-0.004
COIN,2026-05-21,2026-05-21 09:51:00-04:00,SHORT,-0.004
COIN,2026-05-21,2026-05-21 10:19:00-04:00,SHORT,0.0025
COIN,2026-05-21,2026-05-21 10:20:00-04:00,SHORT,-0.004
COIN,2026-05-22,2026-05-22 09:30:00-04:00,LONG,-0.004
COIN,2026-05-22,2026-05-22 10:13:00-04:00,SHORT,0.01
COIN,2026-05-22,2026-05-22 10:14:00-04:00,SHORT,-0.004
COIN,2026-05-22,2026-05-22 10:20:00-04:00,SHORT,0.0025
COIN,2026-05-22,2026-05-22 10:23:00-04:00,SHORT,-0.004
COIN,2026-05-26,2026-05-26 09:35:00-04:00,SHORT,0.0025
COIN,2026-05-26,2026-05-26 09:36:00-04:00,SHORT,-0.004
COIN,2026-05-26,2026-05-26 09:43:00-04:00,SHORT,0.0025
COIN,2026-05-26,2026-05-26 09:44:00-04:00,SHORT,-0.004
COIN,2026-05-27,2026-05-27 10:01:00-04:00,LONG,-0.004
COIN,2026-05-28,2026-05-28 09:33:00-04:00,SHORT,0.0025
COIN,2026-05-28,2026-05-28 09:34:00-04:00,SHORT,-0.004
COIN,2026-05-28,2026-05-28 10:12:00-04:00,LONG,0.0025
COIN,2026-05-28,2026-05-28 10:13:00-04:00,LONG,-0.004
COIN,2026-05-29,2026-05-29 09:30:00-04:00,SHORT,-0.004
COIN,2026-05-29,2026-05-29 09:35:00-04:00,LONG,0.0025
COIN,2026-05-29,2026-05-29 09:47:00-04:00,LONG,-0.004
COIN,2026-05-29,2026-05-29 10:30:00-04:00,SHORT,-0.004
COIN,2026-06-01,2026-06-01 09:30:00-04:00,SHORT,0.0025
COIN,2026-06-01,2026-06-01 09:31:00-04:00,SHORT,-0.004
COIN,2026-06-01,2026-06-01 09:36:00-04:00,SHORT,-0.004
COIN,2026-06-01,2026-06-01 10:26:00-04:00,SHORT,-0.004
COIN,2026-06-02,2026-06-02 09:34:00-04:00,SHORT,-0.004
COIN,2026-06-02,2026-06-02 09:36:00-04:00,SHORT,0.0025
COIN,2026-06-02,2026-06-02 10:20:00-04:00,SHORT,0.0025
COIN,2026-06-03,2026-06-03 09:30:00-04:00,SHORT,-0.004
COIN,2026-06-03,2026-06-03 09:42:00-04:00,SHORT,0.008259995285937398
COIN,2026-06-03,2026-06-03 09:54:00-04:00,SHORT,-0.004
COIN,2026-06-04,2026-06-04 09:30:00-04:00,SHORT,-0.004
COIN,2026-06-04,2026-06-04 09:32:00-04:00,SHORT,-0.004
COIN,2026-06-04,2026-06-04 09:33:00-04:00,SHORT,-0.004
COIN,2026-06-04,2026-06-04 10:01:00-04:00,LONG,0.0025
COIN,2026-06-05,2026-06-05 09:30:00-04:00,SHORT,-0.004
COIN,2026-06-05,2026-06-05 09:33:00-04:00,SHORT,-0.004
COIN,2026-06-05,2026-06-05 09:56:00-04:00,SHORT,0.01
COIN,2026-06-08,2026-06-08 10:23:00-04:00,LONG,0.005455974842767289
COIN,2026-06-09,2026-06-09 09:33:00-04:00,SHORT,-0.004
COIN,2026-06-09,2026-06-09 09:35:00-04:00,LONG,-0.004
COIN,2026-06-09,2026-06-09 10:15:00-04:00,SHORT,0.0025
COIN,2026-06-09,2026-06-09 10:16:00-04:00,SHORT,-0.004
COIN,2026-06-09,2026-06-09 10:29:00-04:00,SHORT,-0.004
COIN,2026-06-10,2026-06-10 09:30:00-04:00,LONG,-0.004
COIN,2026-06-10,2026-06-10 09:35:00-04:00,LONG,0.0025
COIN,2026-06-10,2026-06-10 09:36:00-04:00,LONG,0.0025
COIN,2026-06-10,2026-06-10 09:37:00-04:00,LONG,-0.004
COIN,2026-06-10,2026-06-10 09:40:00-04:00,LONG,0.01
COIN,2026-06-10,2026-06-10 09:43:00-04:00,LONG,0.0025
COIN,2026-06-10,2026-06-10 09:44:00-04:00,LONG,0.0025
COIN,2026-06-11,2026-06-11 09:31:00-04:00,SHORT,-0.004
COIN,2026-06-11,2026-06-11 09:50:00-04:00,LONG,0.0025
COIN,2026-06-12,2026-06-12 09:30:00-04:00,SHORT,0.0025
COIN,2026-06-12,2026-06-12 09:31:00-04:00,SHORT,-0.004
COIN,2026-06-12,2026-06-12 09:34:00-04:00,SHORT,-0.004
COIN,2026-06-12,2026-06-12 09:40:00-04:00,SHORT,-0.004
COIN,2026-06-12,2026-06-12 10:28:00-04:00,LONG,0.0025
COIN,2026-06-12,2026-06-12 10:29:00-04:00,LONG,0.0025
PLTR,2025-12-12,2025-12-12 10:28:00-05:00,SHORT,-0.004
PLTR,2025-12-15,2025-12-15 09:31:00-05:00,LONG,0.0025
PLTR,2025-12-15,2025-12-15 09:32:00-05:00,LONG,-0.004
PLTR,2025-12-15,2025-12-15 09:35:00-05:00,LONG,-0.004
PLTR,2025-12-15,2025-12-15 09:36:00-05:00,LONG,-0.004
PLTR,2025-12-16,2025-12-16 09:30:00-05:00,LONG,0.0025
PLTR,2025-12-16,2025-12-16 09:36:00-05:00,LONG,0.0025
PLTR,2025-12-16,2025-12-16 09:37:00-05:00,LONG,-0.004
PLTR,2025-12-16,2025-12-16 10:04:00-05:00,LONG,-0.004
PLTR,2025-12-18,2025-12-18 09:30:00-05:00,LONG,-0.004
PLTR,2025-12-18,2025-12-18 09:34:00-05:00,LONG,-0.004
PLTR,2025-12-18,2025-12-18 10:23:00-05:00,LONG,0.01
PLTR,2025-12-18,2025-12-18 10:26:00-05:00,LONG,0.00511610658611583
PLTR,2025-12-18,2025-12-18 10:28:00-05:00,LONG,-0.001634556124226302
PLTR,2025-12-19,2025-12-19 09:30:00-05:00,LONG,0.0025
PLTR,2025-12-19,2025-12-19 09:32:00-05:00,LONG,-0.004
PLTR,2025-12-22,2025-12-22 09:31:00-05:00,LONG,-0.004
PLTR,2025-12-22,2025-12-22 09:35:00-05:00,LONG,0.0025
PLTR,2025-12-22,2025-12-22 09:37:00-05:00,LONG,0.0025
PLTR,2025-12-22,2025-12-22 09:38:00-05:00,LONG,-0.004
PLTR,2025-12-23,2025-12-23 09:30:00-05:00,LONG,-0.004
PLTR,2025-12-23,2025-12-23 10:02:00-05:00,SHORT,-0.004
PLTR,2025-12-24,2025-12-24 09:30:00-05:00,LONG,-0.004
PLTR,2025-12-26,2025-12-26 09:31:00-05:00,LONG,-0.004
PLTR,2025-12-26,2025-12-26 09:36:00-05:00,SHORT,-0.004
PLTR,2025-12-29,2025-12-29 09:30:00-05:00,SHORT,0.0025
PLTR,2025-12-29,2025-12-29 09:31:00-05:00,SHORT,-0.004
PLTR,2025-12-30,2025-12-30 09:31:00-05:00,SHORT,0.004161310528895947
PLTR,2025-12-31,2025-12-31 09:36:00-05:00,SHORT,-0.0017490768760931605
PLTR,2026-01-02,2026-01-02 09:30:00-05:00,SHORT,0.0025
PLTR,2026-01-02,2026-01-02 09:31:00-05:00,SHORT,0.0025
PLTR,2026-01-02,2026-01-02 09:32:00-05:00,SHORT,0.0025
PLTR,2026-01-02,2026-01-02 09:33:00-05:00,SHORT,0.0025
PLTR,2026-01-02,2026-01-02 09:35:00-05:00,SHORT,-0.004
PLTR,2026-01-02,2026-01-02 09:57:00-05:00,SHORT,-0.004
PLTR,2026-01-05,2026-01-05 09:31:00-05:00,SHORT,0.0025
PLTR,2026-01-05,2026-01-05 09:32:00-05:00,SHORT,-0.004
PLTR,2026-01-06,2026-01-06 09:30:00-05:00,LONG,-0.004
PLTR,2026-01-06,2026-01-06 09:32:00-05:00,LONG,-0.004
PLTR,2026-01-06,2026-01-06 09:41:00-05:00,SHORT,-0.004
PLTR,2026-01-06,2026-01-06 09:45:00-05:00,LONG,-0.004
PLTR,2026-01-06,2026-01-06 10:25:00-05:00,LONG,-0.004
PLTR,2026-01-08,2026-01-08 09:30:00-05:00,SHORT,-0.004
PLTR,2026-01-08,2026-01-08 09:34:00-05:00,SHORT,-0.004
PLTR,2026-01-08,2026-01-08 09:36:00-05:00,SHORT,0.0025
PLTR,2026-01-08,2026-01-08 09:38:00-05:00,SHORT,0.0025
PLTR,2026-01-08,2026-01-08 10:13:00-05:00,SHORT,-0.004
PLTR,2026-01-09,2026-01-09 09:30:00-05:00,SHORT,-0.004
PLTR,2026-01-09,2026-01-09 09:34:00-05:00,SHORT,-0.004
PLTR,2026-01-09,2026-01-09 09:48:00-05:00,SHORT,-0.004
PLTR,2026-01-09,2026-01-09 10:22:00-05:00,LONG,0.0025
PLTR,2026-01-12,2026-01-12 09:30:00-05:00,SHORT,-0.004
PLTR,2026-01-12,2026-01-12 09:34:00-05:00,LONG,0.01
PLTR,2026-01-12,2026-01-12 09:36:00-05:00,LONG,0.0025
PLTR,2026-01-13,2026-01-13 09:30:00-05:00,SHORT,0.0025
PLTR,2026-01-13,2026-01-13 09:31:00-05:00,SHORT,-0.004
PLTR,2026-01-13,2026-01-13 09:39:00-05:00,LONG,-0.004
PLTR,2026-01-14,2026-01-14 09:30:00-05:00,SHORT,-0.004
PLTR,2026-01-14,2026-01-14 09:33:00-05:00,LONG,0.0025
PLTR,2026-01-14,2026-01-14 09:34:00-05:00,LONG,-0.004
PLTR,2026-01-14,2026-01-14 09:41:00-05:00,SHORT,0.0025
PLTR,2026-01-14,2026-01-14 09:53:00-05:00,SHORT,-0.004
PLTR,2026-01-14,2026-01-14 10:00:00-05:00,SHORT,-0.004
PLTR,2026-01-15,2026-01-15 09:30:00-05:00,LONG,0.0025
PLTR,2026-01-15,2026-01-15 09:38:00-05:00,SHORT,-0.004
PLTR,2026-01-15,2026-01-15 09:45:00-05:00,LONG,-0.004
PLTR,2026-01-16,2026-01-16 09:30:00-05:00,LONG,-0.004
PLTR,2026-01-16,2026-01-16 10:04:00-05:00,SHORT,0.00525569078852946
PLTR,2026-01-20,2026-01-20 09:32:00-05:00,LONG,0.0025
PLTR,2026-01-20,2026-01-20 09:33:00-05:00,LONG,-0.004
PLTR,2026-01-21,2026-01-21 09:31:00-05:00,SHORT,0.0025
PLTR,2026-01-21,2026-01-21 09:34:00-05:00,SHORT,-0.004
PLTR,2026-01-21,2026-01-21 09:40:00-05:00,SHORT,-0.004
PLTR,2026-01-22,2026-01-22 09:30:00-05:00,SHORT,0.008831091674255153
PLTR,2026-01-22,2026-01-22 09:33:00-05:00,SHORT,0.0025
PLTR,2026-01-22,2026-01-22 09:34:00-05:00,SHORT,0.0025
PLTR,2026-01-22,2026-01-22 09:35:00-05:00,SHORT,-0.004
PLTR,2026-01-23,2026-01-23 09:30:00-05:00,LONG,-0.004
PLTR,2026-01-23,2026-01-23 10:17:00-05:00,LONG,-0.004
PLTR,2026-01-26,2026-01-26 09:31:00-05:00,LONG,-0.004
PLTR,2026-01-26,2026-01-26 09:41:00-05:00,LONG,-0.004
PLTR,2026-01-27,2026-01-27 09:32:00-05:00,SHORT,0.0025
PLTR,2026-01-27,2026-01-27 10:02:00-05:00,LONG,0.0025
PLTR,2026-01-27,2026-01-27 10:15:00-05:00,LONG,-0.004
PLTR,2026-01-28,2026-01-28 09:31:00-05:00,SHORT,0.0025
PLTR,2026-01-28,2026-01-28 09:33:00-05:00,SHORT,0.0025
PLTR,2026-01-28,2026-01-28 09:35:00-05:00,SHORT,-0.004
PLTR,2026-01-29,2026-01-29 09:30:00-05:00,SHORT,0.0025
PLTR,2026-01-29,2026-01-29 09:31:00-05:00,SHORT,0.0025
PLTR,2026-01-29,2026-01-29 09:33:00-05:00,SHORT,0.01
PLTR,2026-01-29,2026-01-29 09:34:00-05:00,SHORT,0.0025
PLTR,2026-01-29,2026-01-29 09:35:00-05:00,SHORT,0.0025
PLTR,2026-01-29,2026-01-29 09:36:00-05:00,SHORT,-0.004
PLTR,2026-01-29,2026-01-29 09:41:00-05:00,SHORT,-0.004
PLTR,2026-01-30,2026-01-30 09:32:00-05:00,LONG,-0.004
PLTR,2026-01-30,2026-01-30 09:33:00-05:00,LONG,-0.004
PLTR,2026-02-02,2026-02-02 09:46:00-05:00,LONG,-0.004
PLTR,2026-02-03,2026-02-03 09:30:00-05:00,SHORT,-0.004
PLTR,2026-02-03,2026-02-03 09:32:00-05:00,SHORT,-0.004
PLTR,2026-02-03,2026-02-03 09:33:00-05:00,SHORT,0.0025
PLTR,2026-02-03,2026-02-03 09:34:00-05:00,SHORT,0.0025
PLTR,2026-02-03,2026-02-03 09:35:00-05:00,SHORT,-0.004
PLTR,2026-02-04,2026-02-04 09:30:00-05:00,SHORT,0.01
PLTR,2026-02-04,2026-02-04 09:31:00-05:00,SHORT,0.0025
PLTR,2026-02-04,2026-02-04 09:32:00-05:00,SHORT,0.0025
PLTR,2026-02-04,2026-02-04 09:33:00-05:00,SHORT,0.0025
PLTR,2026-02-04,2026-02-04 09:34:00-05:00,SHORT,-0.004
PLTR,2026-02-04,2026-02-04 09:36:00-05:00,SHORT,-0.004
PLTR,2026-02-04,2026-02-04 10:03:00-05:00,SHORT,-0.004
PLTR,2026-02-04,2026-02-04 10:11:00-05:00,SHORT,-0.004
PLTR,2026-02-05,2026-02-05 09:30:00-05:00,SHORT,-0.004
PLTR,2026-02-05,2026-02-05 09:33:00-05:00,SHORT,-0.004
PLTR,2026-02-05,2026-02-05 09:35:00-05:00,SHORT,-0.004
PLTR,2026-02-05,2026-02-05 10:13:00-05:00,SHORT,0.0025
PLTR,2026-02-06,2026-02-06 09:30:00-05:00,SHORT,-0.004
PLTR,2026-02-06,2026-02-06 09:56:00-05:00,SHORT,0.0025
PLTR,2026-02-06,2026-02-06 10:23:00-05:00,SHORT,-0.004
PLTR,2026-02-09,2026-02-09 09:30:00-05:00,SHORT,-0.004
PLTR,2026-02-09,2026-02-09 09:35:00-05:00,LONG,0.01
PLTR,2026-02-09,2026-02-09 09:38:00-05:00,LONG,0.0025
PLTR,2026-02-09,2026-02-09 10:01:00-05:00,LONG,0.01
PLTR,2026-02-10,2026-02-10 09:31:00-05:00,SHORT,-0.004
PLTR,2026-02-10,2026-02-10 09:33:00-05:00,SHORT,-0.004
PLTR,2026-02-10,2026-02-10 10:24:00-05:00,SHORT,-0.004
PLTR,2026-02-11,2026-02-11 09:31:00-05:00,SHORT,-0.004
PLTR,2026-02-11,2026-02-11 09:33:00-05:00,SHORT,0.0025
PLTR,2026-02-11,2026-02-11 09:34:00-05:00,SHORT,-0.004
PLTR,2026-02-11,2026-02-11 09:39:00-05:00,SHORT,-0.004
PLTR,2026-02-12,2026-02-12 09:30:00-05:00,SHORT,-0.004
PLTR,2026-02-12,2026-02-12 09:34:00-05:00,SHORT,-0.004
PLTR,2026-02-12,2026-02-12 10:08:00-05:00,SHORT,-0.004
PLTR,2026-02-13,2026-02-13 09:30:00-05:00,SHORT,-0.004
PLTR,2026-02-13,2026-02-13 09:45:00-05:00,LONG,0.0025
PLTR,2026-02-13,2026-02-13 10:28:00-05:00,LONG,-0.004
PLTR,2026-02-17,2026-02-17 09:30:00-05:00,SHORT,-0.004
PLTR,2026-02-18,2026-02-18 09:32:00-05:00,SHORT,-0.004
PLTR,2026-02-18,2026-02-18 09:34:00-05:00,SHORT,-0.004
PLTR,2026-02-18,2026-02-18 09:36:00-05:00,SHORT,-0.004
PLTR,2026-02-18,2026-02-18 09:42:00-05:00,LONG,0.0025
PLTR,2026-02-18,2026-02-18 09:43:00-05:00,LONG,0.0025
PLTR,2026-02-18,2026-02-18 10:27:00-05:00,LONG,-0.004
PLTR,2026-02-19,2026-02-19 09:30:00-05:00,SHORT,-0.004
PLTR,2026-02-19,2026-02-19 09:34:00-05:00,SHORT,-0.004
PLTR,2026-02-19,2026-02-19 10:15:00-05:00,LONG,-0.004
PLTR,2026-02-20,2026-02-20 09:30:00-05:00,SHORT,-0.004
PLTR,2026-02-20,2026-02-20 09:34:00-05:00,SHORT,-0.004
PLTR,2026-02-20,2026-02-20 09:40:00-05:00,LONG,0.0025
PLTR,2026-02-20,2026-02-20 10:01:00-05:00,LONG,-0.004
PLTR,2026-02-23,2026-02-23 09:30:00-05:00,SHORT,-0.004
PLTR,2026-02-23,2026-02-23 09:33:00-05:00,SHORT,-0.004
PLTR,2026-02-23,2026-02-23 09:35:00-05:00,SHORT,0.0025
PLTR,2026-02-23,2026-02-23 09:36:00-05:00,SHORT,0.0025
PLTR,2026-02-23,2026-02-23 09:38:00-05:00,SHORT,0.0025
PLTR,2026-02-23,2026-02-23 09:40:00-05:00,SHORT,-0.004
PLTR,2026-02-24,2026-02-24 09:30:00-05:00,SHORT,0.01
PLTR,2026-02-24,2026-02-24 09:33:00-05:00,SHORT,-0.004
PLTR,2026-02-24,2026-02-24 10:00:00-05:00,SHORT,-0.004
PLTR,2026-02-25,2026-02-25 09:31:00-05:00,LONG,-0.004
PLTR,2026-02-25,2026-02-25 09:33:00-05:00,LONG,-0.004
PLTR,2026-02-25,2026-02-25 09:37:00-05:00,SHORT,-0.004
PLTR,2026-02-25,2026-02-25 10:22:00-05:00,LONG,0.0025
PLTR,2026-02-25,2026-02-25 10:28:00-05:00,LONG,-0.004
PLTR,2026-02-26,2026-02-26 09:32:00-05:00,SHORT,-0.004
PLTR,2026-02-26,2026-02-26 09:34:00-05:00,LONG,-0.004
PLTR,2026-02-26,2026-02-26 09:37:00-05:00,LONG,0.01
PLTR,2026-02-26,2026-02-26 09:40:00-05:00,LONG,0.0025
PLTR,2026-02-26,2026-02-26 09:41:00-05:00,LONG,-0.004
PLTR,2026-02-26,2026-02-26 09:46:00-05:00,LONG,-0.004
PLTR,2026-02-26,2026-02-26 09:56:00-05:00,LONG,-0.004
PLTR,2026-02-27,2026-02-27 09:30:00-05:00,LONG,0.0025
PLTR,2026-02-27,2026-02-27 09:31:00-05:00,LONG,-0.004
PLTR,2026-02-27,2026-02-27 09:32:00-05:00,LONG,0.0025
PLTR,2026-02-27,2026-02-27 09:33:00-05:00,LONG,-0.004
PLTR,2026-03-02,2026-03-02 09:30:00-05:00,LONG,-0.004
PLTR,2026-03-02,2026-03-02 09:32:00-05:00,LONG,0.0025
PLTR,2026-03-02,2026-03-02 09:33:00-05:00,LONG,0.0025
PLTR,2026-03-02,2026-03-02 09:35:00-05:00,LONG,-0.004
PLTR,2026-03-02,2026-03-02 09:38:00-05:00,LONG,-0.004
PLTR,2026-03-02,2026-03-02 10:16:00-05:00,LONG,-0.004
PLTR,2026-03-03,2026-03-03 09:30:00-05:00,LONG,0.0025
PLTR,2026-03-03,2026-03-03 09:31:00-05:00,LONG,0.0025
PLTR,2026-03-04,2026-03-04 09:30:00-05:00,LONG,0.0025
PLTR,2026-03-04,2026-03-04 09:31:00-05:00,LONG,0.01
PLTR,2026-03-04,2026-03-04 09:33:00-05:00,LONG,0.0025
PLTR,2026-03-04,2026-03-04 09:34:00-05:00,LONG,-0.004
PLTR,2026-03-04,2026-03-04 10:21:00-05:00,LONG,0.0025
PLTR,2026-03-05,2026-03-05 09:30:00-05:00,LONG,-0.004
PLTR,2026-03-05,2026-03-05 09:32:00-05:00,LONG,0.0025
PLTR,2026-03-05,2026-03-05 09:35:00-05:00,LONG,0.0025
PLTR,2026-03-05,2026-03-05 09:36:00-05:00,LONG,-0.004
PLTR,2026-03-05,2026-03-05 10:30:00-05:00,SHORT,0.0040042972946577405
PLTR,2026-03-06,2026-03-06 09:30:00-05:00,LONG,-0.004
PLTR,2026-03-06,2026-03-06 09:51:00-05:00,LONG,-0.004
PLTR,2026-03-06,2026-03-06 10:00:00-05:00,LONG,0.0025
PLTR,2026-03-06,2026-03-06 10:13:00-05:00,LONG,-0.004
PLTR,2026-03-09,2026-03-09 09:30:00-04:00,LONG,-0.004
PLTR,2026-03-09,2026-03-09 10:00:00-04:00,SHORT,-0.004
PLTR,2026-03-09,2026-03-09 10:11:00-04:00,SHORT,-0.004
PLTR,2026-03-10,2026-03-10 09:34:00-04:00,LONG,-0.004
PLTR,2026-03-10,2026-03-10 09:35:00-04:00,SHORT,0.0025
PLTR,2026-03-10,2026-03-10 09:38:00-04:00,SHORT,0.0025
PLTR,2026-03-10,2026-03-10 09:39:00-04:00,SHORT,-0.004
PLTR,2026-03-10,2026-03-10 10:00:00-04:00,SHORT,0.0025
PLTR,2026-03-11,2026-03-11 09:30:00-04:00,LONG,0.0025
PLTR,2026-03-11,2026-03-11 10:00:00-04:00,LONG,-0.004
PLTR,2026-03-12,2026-03-12 09:30:00-04:00,LONG,-0.004
PLTR,2026-03-12,2026-03-12 09:33:00-04:00,LONG,0.0025
PLTR,2026-03-12,2026-03-12 09:34:00-04:00,LONG,-0.004
PLTR,2026-03-12,2026-03-12 10:07:00-04:00,LONG,0.0025
PLTR,2026-03-12,2026-03-12 10:10:00-04:00,LONG,0.0025
PLTR,2026-03-12,2026-03-12 10:11:00-04:00,LONG,-0.004
PLTR,2026-03-13,2026-03-13 09:30:00-04:00,SHORT,0.0025
PLTR,2026-03-13,2026-03-13 09:31:00-04:00,SHORT,-0.004
PLTR,2026-03-13,2026-03-13 09:43:00-04:00,LONG,-0.004
PLTR,2026-03-17,2026-03-17 09:30:00-04:00,LONG,-0.004
PLTR,2026-03-17,2026-03-17 09:38:00-04:00,LONG,0.01
PLTR,2026-03-17,2026-03-17 09:41:00-04:00,LONG,0.0025
PLTR,2026-03-17,2026-03-17 09:42:00-04:00,LONG,0.0025
PLTR,2026-03-17,2026-03-17 10:20:00-04:00,LONG,-0.004
PLTR,2026-03-18,2026-03-18 09:30:00-04:00,SHORT,-0.004
PLTR,2026-03-18,2026-03-18 09:55:00-04:00,LONG,-0.004
PLTR,2026-03-18,2026-03-18 10:26:00-04:00,SHORT,0.004443382781628536
PLTR,2026-03-19,2026-03-19 09:30:00-04:00,SHORT,-0.004
PLTR,2026-03-19,2026-03-19 09:41:00-04:00,LONG,-0.004
PLTR,2026-03-19,2026-03-19 09:50:00-04:00,LONG,-0.004
PLTR,2026-03-23,2026-03-23 09:30:00-04:00,LONG,0.0025
PLTR,2026-03-23,2026-03-23 09:31:00-04:00,LONG,0.01
PLTR,2026-03-23,2026-03-23 09:33:00-04:00,LONG,0.01
PLTR,2026-03-23,2026-03-23 09:34:00-04:00,LONG,0.0025
PLTR,2026-03-23,2026-03-23 09:37:00-04:00,LONG,-0.004
PLTR,2026-03-24,2026-03-24 09:30:00-04:00,LONG,-0.004
PLTR,2026-03-24,2026-03-24 09:35:00-04:00,SHORT,0.01
PLTR,2026-03-24,2026-03-24 09:36:00-04:00,SHORT,0.0025
PLTR,2026-03-24,2026-03-24 09:37:00-04:00,SHORT,0.01
PLTR,2026-03-24,2026-03-24 09:39:00-04:00,SHORT,0.0025
PLTR,2026-03-24,2026-03-24 09:40:00-04:00,SHORT,0.01
PLTR,2026-03-24,2026-03-24 09:43:00-04:00,SHORT,-0.004
PLTR,2026-03-24,2026-03-24 10:11:00-04:00,SHORT,0.0025
PLTR,2026-03-24,2026-03-24 10:12:00-04:00,SHORT,-0.004
PLTR,2026-03-25,2026-03-25 09:36:00-04:00,LONG,-0.004
PLTR,2026-03-25,2026-03-25 09:41:00-04:00,LONG,-0.004
PLTR,2026-03-26,2026-03-26 09:30:00-04:00,SHORT,0.004413559881227359
PLTR,2026-03-26,2026-03-26 09:32:00-04:00,SHORT,0.0025
PLTR,2026-03-26,2026-03-26 09:33:00-04:00,SHORT,-0.004
PLTR,2026-03-27,2026-03-27 09:31:00-04:00,SHORT,0.0025
PLTR,2026-03-27,2026-03-27 09:56:00-04:00,SHORT,-0.004
PLTR,2026-03-27,2026-03-27 09:57:00-04:00,SHORT,-0.004
PLTR,2026-03-30,2026-03-30 09:36:00-04:00,SHORT,0.01
PLTR,2026-03-31,2026-03-31 09:31:00-04:00,LONG,-0.004
PLTR,2026-03-31,2026-03-31 09:37:00-04:00,LONG,-0.004
PLTR,2026-04-01,2026-04-01 09:31:00-04:00,SHORT,-0.004
PLTR,2026-04-01,2026-04-01 09:42:00-04:00,SHORT,0.0025
PLTR,2026-04-01,2026-04-01 09:43:00-04:00,SHORT,-0.004
PLTR,2026-04-02,2026-04-02 09:35:00-04:00,SHORT,0.01
PLTR,2026-04-06,2026-04-06 09:37:00-04:00,LONG,0.0025
PLTR,2026-04-06,2026-04-06 09:39:00-04:00,LONG,-0.004
PLTR,2026-04-07,2026-04-07 09:32:00-04:00,LONG,-0.004
PLTR,2026-04-07,2026-04-07 10:01:00-04:00,SHORT,0.0025
PLTR,2026-04-08,2026-04-08 09:30:00-04:00,SHORT,-0.004
PLTR,2026-04-08,2026-04-08 09:45:00-04:00,SHORT,0.01
PLTR,2026-04-08,2026-04-08 09:51:00-04:00,SHORT,0.01
PLTR,2026-04-09,2026-04-09 09:30:00-04:00,SHORT,0.0025
PLTR,2026-04-09,2026-04-09 09:31:00-04:00,SHORT,0.0025
PLTR,2026-04-09,2026-04-09 09:32:00-04:00,SHORT,0.01
PLTR,2026-04-09,2026-04-09 09:34:00-04:00,SHORT,0.0025
PLTR,2026-04-09,2026-04-09 09:35:00-04:00,SHORT,-0.004
PLTR,2026-04-09,2026-04-09 09:40:00-04:00,SHORT,0.01
PLTR,2026-04-09,2026-04-09 09:49:00-04:00,SHORT,-0.004
PLTR,2026-04-10,2026-04-10 09:30:00-04:00,SHORT,-0.004
PLTR,2026-04-10,2026-04-10 09:32:00-04:00,SHORT,0.0025
PLTR,2026-04-10,2026-04-10 09:33:00-04:00,SHORT,0.0025
PLTR,2026-04-10,2026-04-10 09:34:00-04:00,SHORT,0.0025
PLTR,2026-04-10,2026-04-10 09:35:00-04:00,SHORT,-0.004
PLTR,2026-04-10,2026-04-10 09:43:00-04:00,SHORT,-0.004
PLTR,2026-04-10,2026-04-10 10:10:00-04:00,SHORT,-0.004
PLTR,2026-04-13,2026-04-13 09:30:00-04:00,SHORT,-0.004
PLTR,2026-04-14,2026-04-14 09:30:00-04:00,LONG,0.0025
PLTR,2026-04-14,2026-04-14 09:31:00-04:00,LONG,-0.004
PLTR,2026-04-14,2026-04-14 09:34:00-04:00,LONG,-0.004
PLTR,2026-04-14,2026-04-14 09:35:00-04:00,LONG,-0.004
PLTR,2026-04-14,2026-04-14 09:40:00-04:00,LONG,-0.004
PLTR,2026-04-14,2026-04-14 10:13:00-04:00,LONG,-0.004
PLTR,2026-04-15,2026-04-15 09:30:00-04:00,SHORT,0.0025
PLTR,2026-04-15,2026-04-15 09:39:00-04:00,LONG,0.0025
PLTR,2026-04-15,2026-04-15 09:40:00-04:00,LONG,-0.004
PLTR,2026-04-16,2026-04-16 09:30:00-04:00,SHORT,-0.004
PLTR,2026-04-16,2026-04-16 09:51:00-04:00,SHORT,0.01
PLTR,2026-04-16,2026-04-16 09:53:00-04:00,SHORT,0.0025
PLTR,2026-04-16,2026-04-16 09:54:00-04:00,SHORT,0.0025
PLTR,2026-04-17,2026-04-17 09:38:00-04:00,LONG,-0.004
PLTR,2026-04-20,2026-04-20 09:30:00-04:00,LONG,-0.004
PLTR,2026-04-20,2026-04-20 09:32:00-04:00,LONG,0.0025
PLTR,2026-04-20,2026-04-20 09:33:00-04:00,LONG,-0.004
PLTR,2026-04-21,2026-04-21 09:30:00-04:00,SHORT,0.0025
PLTR,2026-04-21,2026-04-21 09:31:00-04:00,SHORT,-0.004
PLTR,2026-04-21,2026-04-21 10:00:00-04:00,LONG,-0.004
PLTR,2026-04-22,2026-04-22 09:31:00-04:00,LONG,-0.004
PLTR,2026-04-23,2026-04-23 09:30:00-04:00,SHORT,0.0025
PLTR,2026-04-23,2026-04-23 09:31:00-04:00,SHORT,-0.004
PLTR,2026-04-23,2026-04-23 09:33:00-04:00,SHORT,-0.004
PLTR,2026-04-23,2026-04-23 09:53:00-04:00,SHORT,0.01
PLTR,2026-04-23,2026-04-23 09:58:00-04:00,SHORT,0.0025
PLTR,2026-04-23,2026-04-23 10:06:00-04:00,SHORT,0.0025
PLTR,2026-04-24,2026-04-24 09:30:00-04:00,SHORT,-0.004
PLTR,2026-04-24,2026-04-24 09:32:00-04:00,SHORT,-0.004
PLTR,2026-04-27,2026-04-27 09:30:00-04:00,LONG,-0.004
PLTR,2026-04-27,2026-04-27 09:32:00-04:00,LONG,0.01
PLTR,2026-04-27,2026-04-27 09:35:00-04:00,LONG,0.0025
PLTR,2026-04-27,2026-04-27 09:36:00-04:00,LONG,0.0025
PLTR,2026-04-27,2026-04-27 09:37:00-04:00,LONG,-0.004
PLTR,2026-04-27,2026-04-27 09:45:00-04:00,LONG,-0.004
PLTR,2026-04-28,2026-04-28 09:30:00-04:00,SHORT,-0.004
PLTR,2026-04-28,2026-04-28 09:46:00-04:00,LONG,-0.004
PLTR,2026-04-28,2026-04-28 10:19:00-04:00,SHORT,0.004860753919323654
PLTR,2026-04-29,2026-04-29 09:30:00-04:00,SHORT,-0.004
PLTR,2026-04-29,2026-04-29 09:32:00-04:00,SHORT,-0.004
PLTR,2026-04-29,2026-04-29 09:35:00-04:00,SHORT,-0.004
PLTR,2026-04-29,2026-04-29 10:06:00-04:00,SHORT,-0.004
PLTR,2026-04-30,2026-04-30 09:30:00-04:00,SHORT,-0.004
PLTR,2026-05-01,2026-05-01 09:30:00-04:00,LONG,-0.004
PLTR,2026-05-01,2026-05-01 09:32:00-04:00,LONG,0.0025
PLTR,2026-05-01,2026-05-01 09:33:00-04:00,LONG,-0.004
PLTR,2026-05-01,2026-05-01 09:40:00-04:00,LONG,-0.004
PLTR,2026-05-04,2026-05-04 09:32:00-04:00,LONG,0.0025
PLTR,2026-05-04,2026-05-04 09:35:00-04:00,LONG,0.0025
PLTR,2026-05-04,2026-05-04 09:36:00-04:00,LONG,-0.004
PLTR,2026-05-05,2026-05-05 09:31:00-04:00,SHORT,0.0025
PLTR,2026-05-05,2026-05-05 09:32:00-04:00,SHORT,-0.004
PLTR,2026-05-05,2026-05-05 09:52:00-04:00,SHORT,-0.004
PLTR,2026-05-06,2026-05-06 09:30:00-04:00,SHORT,0.0025
PLTR,2026-05-06,2026-05-06 09:32:00-04:00,SHORT,0.0025
PLTR,2026-05-06,2026-05-06 09:33:00-04:00,SHORT,-0.004
PLTR,2026-05-06,2026-05-06 10:08:00-04:00,LONG,0.0025
PLTR,2026-05-07,2026-05-07 09:30:00-04:00,LONG,-0.004
PLTR,2026-05-07,2026-05-07 09:35:00-04:00,LONG,0.0025
PLTR,2026-05-07,2026-05-07 09:40:00-04:00,LONG,0.0025
PLTR,2026-05-07,2026-05-07 09:41:00-04:00,LONG,-0.004
PLTR,2026-05-08,2026-05-08 09:33:00-04:00,SHORT,0.004000611360183783
PLTR,2026-05-08,2026-05-08 09:35:00-04:00,SHORT,0.0025
PLTR,2026-05-08,2026-05-08 09:38:00-04:00,SHORT,-0.004
PLTR,2026-05-11,2026-05-11 09:30:00-04:00,LONG,-0.004
PLTR,2026-05-11,2026-05-11 09:34:00-04:00,SHORT,-0.004
PLTR,2026-05-11,2026-05-11 09:36:00-04:00,SHORT,-0.004
PLTR,2026-05-13,2026-05-13 09:33:00-04:00,LONG,-0.004
PLTR,2026-05-13,2026-05-13 09:44:00-04:00,SHORT,0.0025
PLTR,2026-05-13,2026-05-13 09:45:00-04:00,SHORT,0.0025
PLTR,2026-05-13,2026-05-13 10:18:00-04:00,SHORT,-0.004
PLTR,2026-05-13,2026-05-13 10:27:00-04:00,SHORT,0.0025
PLTR,2026-05-13,2026-05-13 10:29:00-04:00,SHORT,-0.004
PLTR,2026-05-14,2026-05-14 09:30:00-04:00,LONG,0.0025
PLTR,2026-05-14,2026-05-14 09:55:00-04:00,LONG,-0.004
PLTR,2026-05-15,2026-05-15 09:30:00-04:00,LONG,-0.004
PLTR,2026-05-15,2026-05-15 09:38:00-04:00,LONG,0.0025
PLTR,2026-05-15,2026-05-15 09:40:00-04:00,LONG,-0.004
PLTR,2026-05-18,2026-05-18 09:34:00-04:00,SHORT,-0.004
PLTR,2026-05-18,2026-05-18 09:53:00-04:00,LONG,0.0025
PLTR,2026-05-18,2026-05-18 09:56:00-04:00,LONG,-0.004
PLTR,2026-05-19,2026-05-19 09:30:00-04:00,LONG,-0.004
PLTR,2026-05-20,2026-05-20 09:33:00-04:00,SHORT,0.0025
PLTR,2026-05-20,2026-05-20 09:35:00-04:00,SHORT,-0.004
PLTR,2026-05-21,2026-05-21 09:30:00-04:00,LONG,0.0025
PLTR,2026-05-21,2026-05-21 09:31:00-04:00,LONG,0.0025
PLTR,2026-05-21,2026-05-21 09:32:00-04:00,LONG,-0.004
PLTR,2026-05-22,2026-05-22 09:30:00-04:00,LONG,0.0025
PLTR,2026-05-22,2026-05-22 10:06:00-04:00,SHORT,0.005007374631268461
PLTR,2026-05-22,2026-05-22 10:23:00-04:00,SHORT,-0.004
PLTR,2026-05-26,2026-05-26 09:30:00-04:00,SHORT,-0.004
PLTR,2026-05-26,2026-05-26 09:32:00-04:00,SHORT,0.0025
PLTR,2026-05-26,2026-05-26 09:35:00-04:00,SHORT,0.0025
PLTR,2026-05-26,2026-05-26 09:36:00-04:00,SHORT,-0.004
PLTR,2026-05-26,2026-05-26 09:39:00-04:00,SHORT,-0.004
PLTR,2026-05-27,2026-05-27 09:30:00-04:00,SHORT,0.0025
PLTR,2026-05-27,2026-05-27 09:31:00-04:00,SHORT,-0.004
PLTR,2026-05-28,2026-05-28 09:30:00-04:00,LONG,-0.004
PLTR,2026-05-28,2026-05-28 09:54:00-04:00,LONG,0.01
PLTR,2026-05-28,2026-05-28 09:56:00-04:00,LONG,0.01
PLTR,2026-05-28,2026-05-28 09:59:00-04:00,LONG,0.0025
PLTR,2026-05-28,2026-05-28 10:00:00-04:00,LONG,-0.004
PLTR,2026-05-28,2026-05-28 10:04:00-04:00,LONG,-0.004
PLTR,2026-05-29,2026-05-29 09:31:00-04:00,LONG,0.0025
PLTR,2026-05-29,2026-05-29 09:32:00-04:00,LONG,0.0025
PLTR,2026-05-29,2026-05-29 09:33:00-04:00,LONG,-0.004
PLTR,2026-05-29,2026-05-29 09:36:00-04:00,LONG,0.0025
PLTR,2026-05-29,2026-05-29 09:39:00-04:00,LONG,-0.004
PLTR,2026-05-29,2026-05-29 09:41:00-04:00,LONG,-0.004
PLTR,2026-05-29,2026-05-29 10:04:00-04:00,LONG,-0.004
PLTR,2026-05-29,2026-05-29 10:30:00-04:00,LONG,0.0025
PLTR,2026-06-01,2026-06-01 09:30:00-04:00,SHORT,-0.004
PLTR,2026-06-01,2026-06-01 09:32:00-04:00,SHORT,-0.004
PLTR,2026-06-02,2026-06-02 09:30:00-04:00,LONG,-0.004
PLTR,2026-06-02,2026-06-02 09:35:00-04:00,SHORT,-0.004
PLTR,2026-06-02,2026-06-02 10:28:00-04:00,SHORT,0.0024403899354498272
PLTR,2026-06-03,2026-06-03 09:30:00-04:00,LONG,-0.004
PLTR,2026-06-03,2026-06-03 09:32:00-04:00,SHORT,0.0025
PLTR,2026-06-03,2026-06-03 09:33:00-04:00,SHORT,0.0025
PLTR,2026-06-03,2026-06-03 09:34:00-04:00,SHORT,0.01
PLTR,2026-06-03,2026-06-03 09:35:00-04:00,SHORT,0.01
PLTR,2026-06-03,2026-06-03 09:40:00-04:00,SHORT,0.0025
PLTR,2026-06-04,2026-06-04 09:38:00-04:00,LONG,-0.004
PLTR,2026-06-04,2026-06-04 10:01:00-04:00,LONG,-0.004
PLTR,2026-06-05,2026-06-05 09:36:00-04:00,LONG,-0.004
PLTR,2026-06-08,2026-06-08 09:30:00-04:00,LONG,-0.004
PLTR,2026-06-08,2026-06-08 09:35:00-04:00,LONG,-0.004
PLTR,2026-06-08,2026-06-08 09:36:00-04:00,SHORT,-0.004
PLTR,2026-06-09,2026-06-09 10:11:00-04:00,SHORT,0.00331693278871147
PLTR,2026-06-09,2026-06-09 10:17:00-04:00,SHORT,-0.004
PLTR,2026-06-10,2026-06-10 09:30:00-04:00,LONG,-0.004
PLTR,2026-06-10,2026-06-10 09:43:00-04:00,LONG,0.0025
PLTR,2026-06-10,2026-06-10 10:24:00-04:00,LONG,-0.004
PLTR,2026-06-11,2026-06-11 09:31:00-04:00,SHORT,-0.004
PLTR,2026-06-11,2026-06-11 09:38:00-04:00,SHORT,-0.004
PLTR,2026-06-12,2026-06-12 09:30:00-04:00,SHORT,0.01
PLTR,2026-06-12,2026-06-12 09:31:00-04:00,SHORT,0.01
PLTR,2026-06-12,2026-06-12 09:32:00-04:00,SHORT,0.01
PLTR,2026-06-12,2026-06-12 09:33:00-04:00,SHORT,0.0025
PLTR,2026-06-12,2026-06-12 09:34:00-04:00,SHORT,-0.004
PLTR,2026-06-12,2026-06-12 09:36:00-04:00,SHORT,0.0025
PLTR,2026-06-12,2026-06-12 09:40:00-04:00,SHORT,-0.004
APP,2025-12-12,2025-12-12 10:06:00-05:00,SHORT,0.0025
APP,2025-12-15,2025-12-15 09:35:00-05:00,LONG,-0.004
APP,2025-12-15,2025-12-15 09:36:00-05:00,LONG,-0.004
APP,2025-12-15,2025-12-15 09:48:00-05:00,SHORT,0.01
APP,2025-12-15,2025-12-15 09:57:00-05:00,SHORT,-0.004
APP,2025-12-16,2025-12-16 09:43:00-05:00,SHORT,-0.004
APP,2025-12-16,2025-12-16 10:26:00-05:00,SHORT,-0.004
APP,2025-12-17,2025-12-17 09:30:00-05:00,LONG,-0.004
APP,2025-12-17,2025-12-17 09:36:00-05:00,SHORT,-0.004
APP,2025-12-17,2025-12-17 09:41:00-05:00,SHORT,0.0025
APP,2025-12-18,2025-12-18 09:30:00-05:00,LONG,0.0025
APP,2025-12-18,2025-12-18 09:34:00-05:00,LONG,0.0025
APP,2025-12-18,2025-12-18 09:39:00-05:00,LONG,-0.004
APP,2025-12-18,2025-12-18 09:40:00-05:00,LONG,-0.004
APP,2025-12-18,2025-12-18 10:15:00-05:00,LONG,-0.004
APP,2025-12-18,2025-12-18 10:26:00-05:00,LONG,0.0025
APP,2025-12-18,2025-12-18 10:30:00-05:00,LONG,0.0025
APP,2025-12-19,2025-12-19 09:30:00-05:00,LONG,0.0025
APP,2025-12-19,2025-12-19 09:31:00-05:00,LONG,0.0025
APP,2025-12-19,2025-12-19 09:32:00-05:00,LONG,-0.004
APP,2025-12-22,2025-12-22 09:30:00-05:00,LONG,-0.004
APP,2025-12-23,2025-12-23 09:30:00-05:00,LONG,-0.004
APP,2025-12-23,2025-12-23 09:51:00-05:00,SHORT,0.0057675889877641965
APP,2025-12-23,2025-12-23 09:54:00-05:00,SHORT,0.005490338905075883
APP,2025-12-24,2025-12-24 09:42:00-05:00,LONG,-0.004
APP,2025-12-26,2025-12-26 09:33:00-05:00,SHORT,0.0025
APP,2025-12-26,2025-12-26 09:37:00-05:00,SHORT,-0.004
APP,2025-12-26,2025-12-26 09:40:00-05:00,SHORT,-0.004
APP,2025-12-26,2025-12-26 09:52:00-05:00,SHORT,0.0025
APP,2025-12-29,2025-12-29 09:31:00-05:00,SHORT,0.0025
APP,2025-12-29,2025-12-29 09:32:00-05:00,SHORT,-0.004
APP,2025-12-29,2025-12-29 09:34:00-05:00,SHORT,-0.004
APP,2025-12-29,2025-12-29 09:47:00-05:00,SHORT,-0.004
APP,2025-12-30,2025-12-30 09:30:00-05:00,SHORT,0.0025
APP,2025-12-30,2025-12-30 09:35:00-05:00,SHORT,0.0043342981186685735
APP,2025-12-30,2025-12-30 09:40:00-05:00,SHORT,0.0025
APP,2025-12-31,2025-12-31 09:32:00-05:00,LONG,-0.004
APP,2025-12-31,2025-12-31 09:42:00-05:00,SHORT,-0.004
APP,2025-12-31,2025-12-31 09:45:00-05:00,SHORT,0.0009056561734883036
APP,2026-01-02,2026-01-02 09:30:00-05:00,SHORT,0.01
APP,2026-01-02,2026-01-02 09:31:00-05:00,SHORT,0.0025
APP,2026-01-02,2026-01-02 09:32:00-05:00,SHORT,0.0025
APP,2026-01-02,2026-01-02 09:33:00-05:00,SHORT,-0.004
APP,2026-01-02,2026-01-02 09:35:00-05:00,SHORT,-0.004
APP,2026-01-02,2026-01-02 09:37:00-05:00,SHORT,-0.004
APP,2026-01-02,2026-01-02 10:10:00-05:00,SHORT,0.0025
APP,2026-01-05,2026-01-05 09:31:00-05:00,SHORT,0.0025
APP,2026-01-05,2026-01-05 09:32:00-05:00,SHORT,-0.004
APP,2026-01-05,2026-01-05 09:33:00-05:00,SHORT,-0.004
APP,2026-01-06,2026-01-06 09:30:00-05:00,SHORT,0.01
APP,2026-01-06,2026-01-06 09:32:00-05:00,SHORT,0.0025
APP,2026-01-06,2026-01-06 09:33:00-05:00,SHORT,-0.004
APP,2026-01-06,2026-01-06 09:35:00-05:00,SHORT,0.0025
APP,2026-01-06,2026-01-06 09:38:00-05:00,SHORT,0.0025
APP,2026-01-06,2026-01-06 09:50:00-05:00,SHORT,-0.004
APP,2026-01-07,2026-01-07 09:44:00-05:00,SHORT,-0.004
APP,2026-01-08,2026-01-08 09:40:00-05:00,SHORT,0.0025
APP,2026-01-09,2026-01-09 09:35:00-05:00,LONG,0.0025
APP,2026-01-09,2026-01-09 09:36:00-05:00,LONG,-0.004
APP,2026-01-12,2026-01-12 09:45:00-05:00,SHORT,0.0025
APP,2026-01-12,2026-01-12 09:58:00-05:00,SHORT,-0.004
APP,2026-01-12,2026-01-12 10:12:00-05:00,LONG,-0.004
APP,2026-01-13,2026-01-13 09:30:00-05:00,SHORT,0.0025
APP,2026-01-13,2026-01-13 09:31:00-05:00,SHORT,-0.004
APP,2026-01-13,2026-01-13 09:41:00-05:00,LONG,-0.004
APP,2026-01-13,2026-01-13 09:50:00-05:00,LONG,-0.004
APP,2026-01-14,2026-01-14 09:31:00-05:00,SHORT,0.0025
APP,2026-01-14,2026-01-14 09:32:00-05:00,SHORT,-0.004
APP,2026-01-14,2026-01-14 09:36:00-05:00,SHORT,0.01
APP,2026-01-14,2026-01-14 09:41:00-05:00,SHORT,0.01
APP,2026-01-14,2026-01-14 09:42:00-05:00,SHORT,0.01
APP,2026-01-14,2026-01-14 09:44:00-05:00,SHORT,0.0025
APP,2026-01-14,2026-01-14 09:45:00-05:00,SHORT,0.0025
APP,2026-01-14,2026-01-14 09:47:00-05:00,SHORT,0.0025
APP,2026-01-14,2026-01-14 09:53:00-05:00,SHORT,-0.004
APP,2026-01-14,2026-01-14 10:19:00-05:00,SHORT,-0.004
APP,2026-01-14,2026-01-14 10:25:00-05:00,SHORT,0.008139529164890648
APP,2026-01-15,2026-01-15 09:32:00-05:00,LONG,-0.004
APP,2026-01-15,2026-01-15 10:22:00-05:00,SHORT,-0.004
APP,2026-01-16,2026-01-16 09:30:00-05:00,SHORT,0.0025
APP,2026-01-16,2026-01-16 09:31:00-05:00,SHORT,0.0025
APP,2026-01-16,2026-01-16 09:32:00-05:00,SHORT,-0.004
APP,2026-01-16,2026-01-16 09:49:00-05:00,SHORT,0.01
APP,2026-01-16,2026-01-16 09:56:00-05:00,SHORT,-0.004
APP,2026-01-20,2026-01-20 09:30:00-05:00,LONG,-0.004
APP,2026-01-20,2026-01-20 10:00:00-05:00,LONG,0.0025
APP,2026-01-20,2026-01-20 10:27:00-05:00,LONG,0.0025
APP,2026-01-21,2026-01-21 09:30:00-05:00,LONG,-0.004
APP,2026-01-21,2026-01-21 09:31:00-05:00,SHORT,-0.004
APP,2026-01-21,2026-01-21 09:34:00-05:00,SHORT,-0.004
APP,2026-01-21,2026-01-21 09:36:00-05:00,SHORT,-0.004
APP,2026-01-21,2026-01-21 09:38:00-05:00,SHORT,0.0025
APP,2026-01-21,2026-01-21 09:40:00-05:00,SHORT,-0.004
APP,2026-01-22,2026-01-22 09:30:00-05:00,SHORT,0.0025
APP,2026-01-22,2026-01-22 09:31:00-05:00,SHORT,-0.004
APP,2026-01-22,2026-01-22 09:34:00-05:00,SHORT,0.0025
APP,2026-01-22,2026-01-22 09:35:00-05:00,SHORT,-0.004
APP,2026-01-22,2026-01-22 09:41:00-05:00,SHORT,-0.004
APP,2026-01-22,2026-01-22 09:59:00-05:00,SHORT,0.0025
APP,2026-01-22,2026-01-22 10:00:00-05:00,SHORT,-0.004
APP,2026-01-22,2026-01-22 10:07:00-05:00,SHORT,-0.004
APP,2026-01-23,2026-01-23 09:30:00-05:00,SHORT,0.0025
APP,2026-01-23,2026-01-23 09:32:00-05:00,SHORT,0.0025
APP,2026-01-23,2026-01-23 09:33:00-05:00,SHORT,0.0025
APP,2026-01-23,2026-01-23 09:37:00-05:00,SHORT,-0.004
APP,2026-01-23,2026-01-23 10:05:00-05:00,LONG,-0.004
APP,2026-01-26,2026-01-26 09:30:00-05:00,LONG,0.0025
APP,2026-01-26,2026-01-26 09:31:00-05:00,LONG,-0.004
APP,2026-01-26,2026-01-26 09:33:00-05:00,LONG,-0.004
APP,2026-01-26,2026-01-26 09:35:00-05:00,LONG,-0.004
APP,2026-01-26,2026-01-26 09:40:00-05:00,LONG,-0.004
APP,2026-01-26,2026-01-26 10:27:00-05:00,SHORT,0.0025
APP,2026-01-27,2026-01-27 09:31:00-05:00,LONG,-0.004
APP,2026-01-27,2026-01-27 09:40:00-05:00,LONG,-0.004
APP,2026-01-27,2026-01-27 10:05:00-05:00,LONG,0.0025
APP,2026-01-27,2026-01-27 10:07:00-05:00,LONG,0.0025
APP,2026-01-27,2026-01-27 10:30:00-05:00,LONG,-0.004
APP,2026-01-28,2026-01-28 09:31:00-05:00,SHORT,-0.004
APP,2026-01-28,2026-01-28 09:36:00-05:00,SHORT,-0.004
APP,2026-01-28,2026-01-28 10:29:00-05:00,LONG,0.0025
APP,2026-01-29,2026-01-29 09:30:00-05:00,LONG,-0.004
APP,2026-01-29,2026-01-29 09:33:00-05:00,LONG,-0.004
APP,2026-01-29,2026-01-29 09:37:00-05:00,LONG,0.0025
APP,2026-01-29,2026-01-29 09:40:00-05:00,LONG,-0.004
APP,2026-01-30,2026-01-30 09:30:00-05:00,SHORT,0.0025
APP,2026-01-30,2026-01-30 09:31:00-05:00,SHORT,0.0025
APP,2026-01-30,2026-01-30 09:36:00-05:00,SHORT,-0.004
APP,2026-01-30,2026-01-30 09:39:00-05:00,LONG,0.0025
APP,2026-01-30,2026-01-30 09:54:00-05:00,SHORT,-0.004
APP,2026-01-30,2026-01-30 10:20:00-05:00,SHORT,0.0025
APP,2026-01-30,2026-01-30 10:21:00-05:00,SHORT,0.01
APP,2026-01-30,2026-01-30 10:26:00-05:00,SHORT,0.01
APP,2026-01-30,2026-01-30 10:29:00-05:00,SHORT,0.01
APP,2026-01-30,2026-01-30 10:30:00-05:00,SHORT,0.0025
APP,2026-02-02,2026-02-02 09:34:00-05:00,LONG,0.0025
APP,2026-02-03,2026-02-03 09:31:00-05:00,SHORT,0.0025
APP,2026-02-03,2026-02-03 09:32:00-05:00,SHORT,0.0025
APP,2026-02-03,2026-02-03 09:33:00-05:00,SHORT,0.01
APP,2026-02-03,2026-02-03 09:34:00-05:00,SHORT,0.0025
APP,2026-02-03,2026-02-03 09:35:00-05:00,SHORT,-0.004
APP,2026-02-03,2026-02-03 09:37:00-05:00,SHORT,-0.004
APP,2026-02-03,2026-02-03 09:42:00-05:00,SHORT,0.0025
APP,2026-02-04,2026-02-04 09:31:00-05:00,SHORT,-0.004
APP,2026-02-04,2026-02-04 09:33:00-05:00,SHORT,-0.004
APP,2026-02-04,2026-02-04 10:15:00-05:00,SHORT,0.0025
APP,2026-02-05,2026-02-05 09:30:00-05:00,SHORT,-0.004
APP,2026-02-05,2026-02-05 09:32:00-05:00,SHORT,-0.004
APP,2026-02-05,2026-02-05 10:00:00-05:00,SHORT,-0.004
APP,2026-02-06,2026-02-06 09:30:00-05:00,LONG,-0.004
APP,2026-02-06,2026-02-06 09:32:00-05:00,LONG,-0.004
APP,2026-02-09,2026-02-09 09:35:00-05:00,LONG,-0.004
APP,2026-02-09,2026-02-09 09:37:00-05:00,LONG,-0.004
APP,2026-02-09,2026-02-09 09:38:00-05:00,LONG,0.0025
APP,2026-02-09,2026-02-09 09:40:00-05:00,LONG,-0.004
APP,2026-02-10,2026-02-10 09:30:00-05:00,LONG,-0.004
APP,2026-02-10,2026-02-10 09:33:00-05:00,SHORT,-0.004
APP,2026-02-10,2026-02-10 10:18:00-05:00,SHORT,0.0025
APP,2026-02-11,2026-02-11 09:30:00-05:00,LONG,-0.004
APP,2026-02-11,2026-02-11 09:32:00-05:00,LONG,-0.004
APP,2026-02-11,2026-02-11 09:46:00-05:00,SHORT,-0.004
APP,2026-02-11,2026-02-11 10:20:00-05:00,SHORT,-0.004
APP,2026-02-12,2026-02-12 09:30:00-05:00,SHORT,0.0025
APP,2026-02-12,2026-02-12 09:31:00-05:00,SHORT,-0.004
APP,2026-02-12,2026-02-12 09:35:00-05:00,SHORT,-0.004
APP,2026-02-12,2026-02-12 09:41:00-05:00,SHORT,0.0025
APP,2026-02-12,2026-02-12 10:30:00-05:00,SHORT,0.0025
APP,2026-02-13,2026-02-13 09:31:00-05:00,LONG,-0.004
APP,2026-02-13,2026-02-13 09:35:00-05:00,LONG,-0.004
APP,2026-02-13,2026-02-13 09:37:00-05:00,SHORT,-0.004
APP,2026-02-13,2026-02-13 09:44:00-05:00,SHORT,-0.004
APP,2026-02-13,2026-02-13 09:45:00-05:00,LONG,-0.004
APP,2026-02-13,2026-02-13 09:55:00-05:00,LONG,-0.004
APP,2026-02-13,2026-02-13 10:08:00-05:00,LONG,-0.004
APP,2026-02-17,2026-02-17 09:30:00-05:00,SHORT,-0.004
APP,2026-02-17,2026-02-17 09:32:00-05:00,SHORT,-0.004
APP,2026-02-17,2026-02-17 09:40:00-05:00,SHORT,-0.004
APP,2026-02-17,2026-02-17 09:59:00-05:00,SHORT,-0.004
APP,2026-02-18,2026-02-18 09:30:00-05:00,SHORT,-0.004
APP,2026-02-18,2026-02-18 09:32:00-05:00,SHORT,-0.004
APP,2026-02-18,2026-02-18 09:34:00-05:00,SHORT,-0.004
APP,2026-02-18,2026-02-18 09:43:00-05:00,LONG,0.01
APP,2026-02-18,2026-02-18 09:44:00-05:00,LONG,0.01
APP,2026-02-18,2026-02-18 09:45:00-05:00,LONG,0.01
APP,2026-02-18,2026-02-18 09:47:00-05:00,LONG,-0.004
APP,2026-02-18,2026-02-18 09:52:00-05:00,LONG,-0.004
APP,2026-02-19,2026-02-19 09:35:00-05:00,LONG,-0.004
APP,2026-02-19,2026-02-19 09:36:00-05:00,LONG,-0.004
APP,2026-02-19,2026-02-19 09:58:00-05:00,LONG,-0.004
APP,2026-02-20,2026-02-20 09:39:00-05:00,LONG,-0.004
APP,2026-02-20,2026-02-20 10:09:00-05:00,LONG,0.0025
APP,2026-02-20,2026-02-20 10:10:00-05:00,LONG,-0.004
APP,2026-02-23,2026-02-23 09:30:00-05:00,SHORT,0.0025
APP,2026-02-23,2026-02-23 09:31:00-05:00,SHORT,-0.004
APP,2026-02-23,2026-02-23 09:33:00-05:00,SHORT,-0.004
APP,2026-02-23,2026-02-23 09:35:00-05:00,SHORT,-0.004
APP,2026-02-23,2026-02-23 09:36:00-05:00,SHORT,-0.004
APP,2026-02-23,2026-02-23 09:38:00-05:00,SHORT,0.0025
APP,2026-02-23,2026-02-23 09:40:00-05:00,SHORT,0.0025
APP,2026-02-23,2026-02-23 09:42:00-05:00,SHORT,0.0025
APP,2026-02-24,2026-02-24 09:31:00-05:00,SHORT,-0.004
APP,2026-02-24,2026-02-24 09:33:00-05:00,SHORT,-0.004
APP,2026-02-24,2026-02-24 09:36:00-05:00,SHORT,0.0025
APP,2026-02-24,2026-02-24 09:44:00-05:00,LONG,-0.004
APP,2026-02-24,2026-02-24 10:22:00-05:00,LONG,0.0025
APP,2026-02-25,2026-02-25 09:30:00-05:00,LONG,-0.004
APP,2026-02-25,2026-02-25 09:31:00-05:00,LONG,-0.004
APP,2026-02-25,2026-02-25 09:37:00-05:00,LONG,0.01
APP,2026-02-25,2026-02-25 09:43:00-05:00,LONG,0.01
APP,2026-02-25,2026-02-25 09:45:00-05:00,LONG,0.01
APP,2026-02-25,2026-02-25 09:47:00-05:00,LONG,-0.004
APP,2026-02-25,2026-02-25 09:53:00-05:00,LONG,0.0025
APP,2026-02-25,2026-02-25 09:55:00-05:00,LONG,0.0025
APP,2026-02-25,2026-02-25 10:29:00-05:00,LONG,-0.004
APP,2026-02-26,2026-02-26 09:30:00-05:00,LONG,0.0025
APP,2026-02-26,2026-02-26 09:34:00-05:00,LONG,0.0025
APP,2026-02-26,2026-02-26 09:39:00-05:00,LONG,0.0025
APP,2026-02-26,2026-02-26 09:41:00-05:00,LONG,0.0025
APP,2026-02-26,2026-02-26 09:42:00-05:00,LONG,-0.004
APP,2026-02-26,2026-02-26 09:55:00-05:00,LONG,-0.004
APP,2026-02-26,2026-02-26 10:05:00-05:00,LONG,-0.004
APP,2026-02-27,2026-02-27 09:30:00-05:00,LONG,0.0025
APP,2026-02-27,2026-02-27 09:32:00-05:00,LONG,0.0025
APP,2026-02-27,2026-02-27 09:33:00-05:00,LONG,-0.004
APP,2026-02-27,2026-02-27 09:35:00-05:00,LONG,-0.004
APP,2026-02-27,2026-02-27 10:11:00-05:00,LONG,-0.004
APP,2026-02-27,2026-02-27 10:13:00-05:00,LONG,-0.004
APP,2026-03-02,2026-03-02 09:30:00-05:00,SHORT,-0.004
APP,2026-03-02,2026-03-02 09:35:00-05:00,LONG,0.0025
APP,2026-03-02,2026-03-02 10:02:00-05:00,LONG,-0.004
APP,2026-03-02,2026-03-02 10:17:00-05:00,LONG,-0.004
APP,2026-03-02,2026-03-02 10:23:00-05:00,LONG,-0.004
APP,2026-03-03,2026-03-03 09:42:00-05:00,SHORT,-0.004
APP,2026-03-03,2026-03-03 10:12:00-05:00,SHORT,0.0025
APP,2026-03-03,2026-03-03 10:19:00-05:00,SHORT,0.0025
APP,2026-03-04,2026-03-04 09:30:00-05:00,LONG,0.0025
APP,2026-03-04,2026-03-04 09:34:00-05:00,LONG,0.0025
APP,2026-03-04,2026-03-04 09:35:00-05:00,LONG,-0.004
APP,2026-03-04,2026-03-04 09:52:00-05:00,LONG,0.0025
APP,2026-03-04,2026-03-04 10:20:00-05:00,LONG,0.0025
APP,2026-03-05,2026-03-05 09:30:00-05:00,LONG,0.0025
APP,2026-03-05,2026-03-05 09:31:00-05:00,LONG,0.0025
APP,2026-03-05,2026-03-05 09:32:00-05:00,LONG,-0.004
APP,2026-03-05,2026-03-05 09:34:00-05:00,LONG,0.0025
APP,2026-03-05,2026-03-05 09:35:00-05:00,LONG,0.0025
APP,2026-03-05,2026-03-05 09:55:00-05:00,LONG,-0.004
APP,2026-03-06,2026-03-06 09:32:00-05:00,SHORT,-0.004
APP,2026-03-06,2026-03-06 09:36:00-05:00,SHORT,-0.004
APP,2026-03-06,2026-03-06 09:58:00-05:00,SHORT,-0.004
APP,2026-03-06,2026-03-06 10:05:00-05:00,SHORT,-0.004
APP,2026-03-09,2026-03-09 09:30:00-04:00,LONG,-0.004
APP,2026-03-09,2026-03-09 09:33:00-04:00,LONG,0.0025
APP,2026-03-09,2026-03-09 09:34:00-04:00,LONG,0.0025
APP,2026-03-09,2026-03-09 09:35:00-04:00,LONG,-0.004
APP,2026-03-09,2026-03-09 10:01:00-04:00,LONG,0.01
APP,2026-03-09,2026-03-09 10:03:00-04:00,LONG,0.0025
APP,2026-03-09,2026-03-09 10:04:00-04:00,LONG,-0.004
APP,2026-03-10,2026-03-10 09:31:00-04:00,SHORT,0.0025
APP,2026-03-10,2026-03-10 09:32:00-04:00,SHORT,-0.004
APP,2026-03-10,2026-03-10 09:36:00-04:00,SHORT,0.0025
APP,2026-03-10,2026-03-10 09:38:00-04:00,SHORT,-0.004
APP,2026-03-10,2026-03-10 10:09:00-04:00,SHORT,0.0025
APP,2026-03-11,2026-03-11 09:31:00-04:00,SHORT,-0.004
APP,2026-03-11,2026-03-11 09:40:00-04:00,LONG,-0.004
APP,2026-03-11,2026-03-11 10:08:00-04:00,SHORT,-0.004
APP,2026-03-11,2026-03-11 10:23:00-04:00,SHORT,0.0025
APP,2026-03-12,2026-03-12 09:30:00-04:00,SHORT,-0.004
APP,2026-03-12,2026-03-12 09:36:00-04:00,SHORT,-0.004
APP,2026-03-12,2026-03-12 10:11:00-04:00,LONG,-0.004
APP,2026-03-13,2026-03-13 09:38:00-04:00,LONG,0.0025
APP,2026-03-13,2026-03-13 09:39:00-04:00,LONG,-0.004
APP,2026-03-16,2026-03-16 09:30:00-04:00,SHORT,-0.004
APP,2026-03-16,2026-03-16 09:48:00-04:00,SHORT,-0.004
APP,2026-03-17,2026-03-17 09:31:00-04:00,LONG,-0.004
APP,2026-03-17,2026-03-17 09:35:00-04:00,LONG,0.0025
APP,2026-03-17,2026-03-17 09:37:00-04:00,LONG,0.01
APP,2026-03-17,2026-03-17 09:39:00-04:00,LONG,0.0025
APP,2026-03-17,2026-03-17 09:40:00-04:00,LONG,-0.004
APP,2026-03-17,2026-03-17 09:43:00-04:00,LONG,-0.004
APP,2026-03-17,2026-03-17 10:20:00-04:00,LONG,-0.004
APP,2026-03-18,2026-03-18 09:39:00-04:00,LONG,0.008102993999096616
APP,2026-03-18,2026-03-18 09:42:00-04:00,LONG,-0.004
APP,2026-03-18,2026-03-18 10:28:00-04:00,SHORT,-0.004
APP,2026-03-19,2026-03-19 09:30:00-04:00,SHORT,0.0025
APP,2026-03-19,2026-03-19 09:31:00-04:00,SHORT,0.0025
APP,2026-03-19,2026-03-19 09:32:00-04:00,SHORT,-0.004
APP,2026-03-19,2026-03-19 10:23:00-04:00,SHORT,-0.004
APP,2026-03-19,2026-03-19 10:28:00-04:00,SHORT,-0.004
APP,2026-03-20,2026-03-20 09:30:00-04:00,SHORT,0.0025
APP,2026-03-20,2026-03-20 10:28:00-04:00,LONG,0.0025
APP,2026-03-23,2026-03-23 09:30:00-04:00,LONG,0.0025
APP,2026-03-23,2026-03-23 09:31:00-04:00,LONG,0.01
APP,2026-03-23,2026-03-23 09:32:00-04:00,LONG,0.0025
APP,2026-03-23,2026-03-23 09:33:00-04:00,LONG,0.01
APP,2026-03-23,2026-03-23 09:34:00-04:00,LONG,0.0025
APP,2026-03-23,2026-03-23 09:36:00-04:00,LONG,0.0025
APP,2026-03-24,2026-03-24 09:32:00-04:00,SHORT,0.01
APP,2026-03-24,2026-03-24 09:35:00-04:00,SHORT,0.0025
APP,2026-03-24,2026-03-24 09:36:00-04:00,SHORT,0.0025
APP,2026-03-24,2026-03-24 09:37:00-04:00,SHORT,-0.004
APP,2026-03-24,2026-03-24 09:39:00-04:00,SHORT,0.0025
APP,2026-03-24,2026-03-24 09:41:00-04:00,SHORT,-0.004
APP,2026-03-24,2026-03-24 10:12:00-04:00,SHORT,-0.004
APP,2026-03-25,2026-03-25 09:32:00-04:00,SHORT,-0.004
APP,2026-03-25,2026-03-25 10:25:00-04:00,LONG,-0.004
APP,2026-03-26,2026-03-26 09:30:00-04:00,SHORT,-0.004
APP,2026-03-26,2026-03-26 09:32:00-04:00,SHORT,-0.004
APP,2026-03-26,2026-03-26 09:38:00-04:00,SHORT,0.0025
APP,2026-03-26,2026-03-26 09:39:00-04:00,SHORT,-0.004
APP,2026-03-26,2026-03-26 10:14:00-04:00,SHORT,0.0025
APP,2026-03-26,2026-03-26 10:16:00-04:00,SHORT,-0.004
APP,2026-03-27,2026-03-27 09:34:00-04:00,LONG,-0.004
APP,2026-03-27,2026-03-27 09:36:00-04:00,LONG,0.0025
APP,2026-03-27,2026-03-27 09:37:00-04:00,LONG,-0.004
APP,2026-03-27,2026-03-27 09:46:00-04:00,LONG,-0.004
APP,2026-03-30,2026-03-30 09:35:00-04:00,LONG,-0.004
APP,2026-03-30,2026-03-30 09:42:00-04:00,LONG,-0.004
APP,2026-03-30,2026-03-30 09:57:00-04:00,SHORT,0.01
APP,2026-03-30,2026-03-30 09:59:00-04:00,SHORT,-0.004
APP,2026-03-31,2026-03-31 09:30:00-04:00,SHORT,-0.004
APP,2026-03-31,2026-03-31 09:37:00-04:00,LONG,-0.004
APP,2026-03-31,2026-03-31 09:47:00-04:00,LONG,0.0025
APP,2026-03-31,2026-03-31 10:23:00-04:00,LONG,0.01
APP,2026-03-31,2026-03-31 10:28:00-04:00,LONG,0.0025
APP,2026-03-31,2026-03-31 10:29:00-04:00,LONG,0.0025
APP,2026-04-01,2026-04-01 09:31:00-04:00,SHORT,-0.004
APP,2026-04-01,2026-04-01 09:42:00-04:00,SHORT,0.0025
APP,2026-04-01,2026-04-01 09:43:00-04:00,SHORT,-0.004
APP,2026-04-01,2026-04-01 09:45:00-04:00,SHORT,0.01
APP,2026-04-02,2026-04-02 09:30:00-04:00,SHORT,-0.004
APP,2026-04-02,2026-04-02 09:31:00-04:00,LONG,-0.004
APP,2026-04-02,2026-04-02 09:35:00-04:00,SHORT,0.0025
APP,2026-04-02,2026-04-02 09:39:00-04:00,SHORT,0.0025
APP,2026-04-02,2026-04-02 09:40:00-04:00,SHORT,0.0025
APP,2026-04-02,2026-04-02 09:41:00-04:00,SHORT,-0.004
APP,2026-04-06,2026-04-06 09:30:00-04:00,LONG,0.0025
APP,2026-04-06,2026-04-06 09:31:00-04:00,LONG,0.0025
APP,2026-04-06,2026-04-06 09:32:00-04:00,LONG,0.01
APP,2026-04-06,2026-04-06 09:33:00-04:00,LONG,-0.004
APP,2026-04-06,2026-04-06 09:35:00-04:00,LONG,-0.004
APP,2026-04-06,2026-04-06 09:38:00-04:00,LONG,0.0025
APP,2026-04-06,2026-04-06 09:39:00-04:00,LONG,-0.004
APP,2026-04-06,2026-04-06 09:42:00-04:00,LONG,0.0025
APP,2026-04-07,2026-04-07 09:30:00-04:00,LONG,-0.004
APP,2026-04-07,2026-04-07 09:32:00-04:00,LONG,0.0025
APP,2026-04-07,2026-04-07 09:33:00-04:00,LONG,-0.004
APP,2026-04-07,2026-04-07 09:34:00-04:00,LONG,-0.004
APP,2026-04-07,2026-04-07 09:36:00-04:00,LONG,-0.004
APP,2026-04-07,2026-04-07 09:48:00-04:00,SHORT,0.01
APP,2026-04-07,2026-04-07 10:05:00-04:00,SHORT,0.0025
APP,2026-04-08,2026-04-08 09:30:00-04:00,LONG,-0.004
APP,2026-04-08,2026-04-08 09:35:00-04:00,SHORT,0.01
APP,2026-04-08,2026-04-08 09:37:00-04:00,SHORT,0.0025
APP,2026-04-08,2026-04-08 09:40:00-04:00,SHORT,0.0025
APP,2026-04-08,2026-04-08 10:07:00-04:00,SHORT,0.0025
APP,2026-04-09,2026-04-09 09:34:00-04:00,SHORT,0.0025
APP,2026-04-09,2026-04-09 09:48:00-04:00,SHORT,0.01
APP,2026-04-09,2026-04-09 09:50:00-04:00,SHORT,0.0025
APP,2026-04-09,2026-04-09 09:51:00-04:00,SHORT,-0.004
APP,2026-04-09,2026-04-09 09:52:00-04:00,SHORT,0.0025
APP,2026-04-09,2026-04-09 09:53:00-04:00,SHORT,-0.004
APP,2026-04-09,2026-04-09 10:01:00-04:00,SHORT,-0.004
APP,2026-04-10,2026-04-10 09:34:00-04:00,SHORT,0.01
APP,2026-04-10,2026-04-10 09:35:00-04:00,SHORT,-0.004
APP,2026-04-10,2026-04-10 09:36:00-04:00,SHORT,-0.004
APP,2026-04-10,2026-04-10 10:00:00-04:00,LONG,0.0025
APP,2026-04-10,2026-04-10 10:02:00-04:00,LONG,-0.004
APP,2026-04-10,2026-04-10 10:30:00-04:00,LONG,0.01
APP,2026-04-13,2026-04-13 09:30:00-04:00,LONG,-0.004
APP,2026-04-13,2026-04-13 09:33:00-04:00,LONG,0.0025
APP,2026-04-13,2026-04-13 09:34:00-04:00,LONG,-0.004
APP,2026-04-13,2026-04-13 09:40:00-04:00,LONG,0.0025
APP,2026-04-13,2026-04-13 09:41:00-04:00,LONG,-0.004
APP,2026-04-13,2026-04-13 10:02:00-04:00,LONG,-0.004
APP,2026-04-14,2026-04-14 09:30:00-04:00,LONG,-0.004
APP,2026-04-14,2026-04-14 09:34:00-04:00,LONG,0.0025
APP,2026-04-14,2026-04-14 09:35:00-04:00,LONG,-0.004
APP,2026-04-15,2026-04-15 09:32:00-04:00,LONG,0.0025
APP,2026-04-15,2026-04-15 09:33:00-04:00,LONG,0.0025
APP,2026-04-15,2026-04-15 09:36:00-04:00,LONG,-0.004
APP,2026-04-15,2026-04-15 09:38:00-04:00,LONG,0.0025
APP,2026-04-15,2026-04-15 09:39:00-04:00,LONG,0.0025
APP,2026-04-15,2026-04-15 09:40:00-04:00,LONG,-0.004
APP,2026-04-16,2026-04-16 09:35:00-04:00,SHORT,0.0025
APP,2026-04-16,2026-04-16 09:36:00-04:00,SHORT,-0.004
APP,2026-04-16,2026-04-16 09:41:00-04:00,SHORT,-0.004
APP,2026-04-16,2026-04-16 09:50:00-04:00,SHORT,0.00664248411537079
APP,2026-04-17,2026-04-17 09:30:00-04:00,LONG,-0.004
APP,2026-04-17,2026-04-17 09:38:00-04:00,LONG,-0.004
APP,2026-04-20,2026-04-20 09:30:00-04:00,LONG,-0.004
APP,2026-04-20,2026-04-20 09:33:00-04:00,LONG,0.0025
APP,2026-04-20,2026-04-20 09:41:00-04:00,LONG,0.0025
APP,2026-04-20,2026-04-20 09:45:00-04:00,LONG,0.0025
APP,2026-04-20,2026-04-20 09:54:00-04:00,LONG,0.0025
APP,2026-04-20,2026-04-20 09:55:00-04:00,LONG,-0.004
APP,2026-04-20,2026-04-20 09:56:00-04:00,LONG,-0.004
APP,2026-04-21,2026-04-21 09:31:00-04:00,SHORT,0.0025
APP,2026-04-21,2026-04-21 09:32:00-04:00,SHORT,-0.004
APP,2026-04-21,2026-04-21 09:36:00-04:00,SHORT,0.0025
APP,2026-04-21,2026-04-21 09:37:00-04:00,SHORT,0.0025
APP,2026-04-21,2026-04-21 09:40:00-04:00,SHORT,-0.004
APP,2026-04-22,2026-04-22 09:32:00-04:00,SHORT,0.0025
APP,2026-04-22,2026-04-22 09:33:00-04:00,SHORT,0.0025
APP,2026-04-22,2026-04-22 09:34:00-04:00,SHORT,-0.004
APP,2026-04-22,2026-04-22 09:40:00-04:00,LONG,-0.004
APP,2026-04-22,2026-04-22 10:28:00-04:00,LONG,-0.004
APP,2026-04-23,2026-04-23 09:30:00-04:00,SHORT,0.0025
APP,2026-04-23,2026-04-23 09:31:00-04:00,SHORT,-0.004
APP,2026-04-23,2026-04-23 09:33:00-04:00,SHORT,-0.004
APP,2026-04-23,2026-04-23 10:00:00-04:00,SHORT,-0.004
APP,2026-04-24,2026-04-24 09:31:00-04:00,SHORT,0.0025
APP,2026-04-24,2026-04-24 09:55:00-04:00,SHORT,0.01
APP,2026-04-27,2026-04-27 09:31:00-04:00,LONG,-0.004
APP,2026-04-27,2026-04-27 09:35:00-04:00,LONG,0.0025
APP,2026-04-27,2026-04-27 09:39:00-04:00,LONG,0.0025
APP,2026-04-28,2026-04-28 09:30:00-04:00,SHORT,-0.004
APP,2026-04-28,2026-04-28 09:33:00-04:00,SHORT,-0.004
APP,2026-04-28,2026-04-28 09:35:00-04:00,LONG,-0.004
APP,2026-04-28,2026-04-28 10:19:00-04:00,SHORT,0.008758607668043884
APP,2026-04-28,2026-04-28 10:22:00-04:00,SHORT,0.0025
APP,2026-04-29,2026-04-29 09:30:00-04:00,SHORT,-0.004
APP,2026-04-29,2026-04-29 09:32:00-04:00,SHORT,0.0025
APP,2026-04-29,2026-04-29 09:33:00-04:00,SHORT,0.0025
APP,2026-04-29,2026-04-29 10:00:00-04:00,SHORT,-0.004
APP,2026-04-29,2026-04-29 10:10:00-04:00,SHORT,-0.004
APP,2026-04-30,2026-04-30 09:31:00-04:00,LONG,-0.004
APP,2026-04-30,2026-04-30 10:16:00-04:00,SHORT,-0.004
APP,2026-05-01,2026-05-01 09:30:00-04:00,LONG,0.0025
APP,2026-05-01,2026-05-01 09:32:00-04:00,LONG,-0.004
APP,2026-05-01,2026-05-01 09:35:00-04:00,LONG,0.0025
APP,2026-05-01,2026-05-01 09:36:00-04:00,LONG,-0.004
APP,2026-05-01,2026-05-01 10:00:00-04:00,SHORT,-0.004
APP,2026-05-01,2026-05-01 10:12:00-04:00,SHORT,-0.004
APP,2026-05-04,2026-05-04 09:32:00-04:00,LONG,-0.004
APP,2026-05-04,2026-05-04 09:35:00-04:00,LONG,0.0025
APP,2026-05-04,2026-05-04 09:37:00-04:00,LONG,-0.004
APP,2026-05-04,2026-05-04 09:41:00-04:00,LONG,0.0025
APP,2026-05-04,2026-05-04 10:08:00-04:00,LONG,-0.004
APP,2026-05-04,2026-05-04 10:13:00-04:00,LONG,-0.004
APP,2026-05-04,2026-05-04 10:16:00-04:00,LONG,0.0025
APP,2026-05-05,2026-05-05 09:30:00-04:00,SHORT,0.0025
APP,2026-05-05,2026-05-05 09:31:00-04:00,SHORT,0.0025
APP,2026-05-06,2026-05-06 09:30:00-04:00,SHORT,-0.004
APP,2026-05-06,2026-05-06 09:32:00-04:00,SHORT,0.0025
APP,2026-05-07,2026-05-07 09:31:00-04:00,SHORT,-0.004
APP,2026-05-07,2026-05-07 09:32:00-04:00,SHORT,-0.004
APP,2026-05-07,2026-05-07 09:34:00-04:00,SHORT,-0.004
APP,2026-05-07,2026-05-07 10:05:00-04:00,LONG,0.0025
APP,2026-05-07,2026-05-07 10:06:00-04:00,LONG,-0.004
APP,2026-05-08,2026-05-08 09:30:00-04:00,SHORT,0.0025
APP,2026-05-08,2026-05-08 09:31:00-04:00,SHORT,0.0025
APP,2026-05-08,2026-05-08 09:32:00-04:00,SHORT,0.0025
APP,2026-05-08,2026-05-08 09:33:00-04:00,SHORT,-0.004
APP,2026-05-08,2026-05-08 09:34:00-04:00,SHORT,-0.004
APP,2026-05-08,2026-05-08 09:36:00-04:00,SHORT,-0.004
APP,2026-05-08,2026-05-08 09:38:00-04:00,SHORT,0.0025
APP,2026-05-08,2026-05-08 09:42:00-04:00,SHORT,-0.004
APP,2026-05-08,2026-05-08 10:15:00-04:00,SHORT,-0.004
APP,2026-05-11,2026-05-11 09:33:00-04:00,SHORT,0.0025
APP,2026-05-11,2026-05-11 09:34:00-04:00,SHORT,0.0025
APP,2026-05-11,2026-05-11 09:43:00-04:00,SHORT,-0.004
APP,2026-05-12,2026-05-12 09:31:00-04:00,LONG,0.0025
APP,2026-05-12,2026-05-12 09:32:00-04:00,LONG,0.0025
APP,2026-05-12,2026-05-12 09:33:00-04:00,LONG,0.0025
APP,2026-05-12,2026-05-12 09:34:00-04:00,LONG,-0.004
APP,2026-05-12,2026-05-12 10:13:00-04:00,LONG,0.0025
APP,2026-05-12,2026-05-12 10:14:00-04:00,LONG,-0.004
APP,2026-05-13,2026-05-13 09:30:00-04:00,SHORT,0.0025
APP,2026-05-13,2026-05-13 09:31:00-04:00,SHORT,0.0025
APP,2026-05-13,2026-05-13 09:32:00-04:00,SHORT,0.01
APP,2026-05-13,2026-05-13 09:34:00-04:00,SHORT,0.0025
APP,2026-05-13,2026-05-13 09:36:00-04:00,SHORT,0.0025
APP,2026-05-13,2026-05-13 09:37:00-04:00,SHORT,0.0025
APP,2026-05-13,2026-05-13 10:29:00-04:00,SHORT,-0.004
APP,2026-05-14,2026-05-14 09:44:00-04:00,LONG,-0.004
APP,2026-05-14,2026-05-14 09:48:00-04:00,LONG,-0.004
APP,2026-05-14,2026-05-14 09:55:00-04:00,LONG,-0.004
APP,2026-05-15,2026-05-15 09:30:00-04:00,LONG,-0.004
APP,2026-05-15,2026-05-15 09:31:00-04:00,LONG,0.0025
APP,2026-05-15,2026-05-15 09:48:00-04:00,LONG,0.0025
APP,2026-05-15,2026-05-15 09:50:00-04:00,LONG,-0.004
APP,2026-05-15,2026-05-15 09:52:00-04:00,LONG,-0.004
APP,2026-05-15,2026-05-15 10:04:00-04:00,LONG,-0.004
APP,2026-05-18,2026-05-18 09:53:00-04:00,LONG,0.0025
APP,2026-05-18,2026-05-18 09:54:00-04:00,LONG,0.0025
APP,2026-05-18,2026-05-18 09:55:00-04:00,LONG,0.0025
APP,2026-05-19,2026-05-19 09:34:00-04:00,SHORT,-0.004
APP,2026-05-20,2026-05-20 09:31:00-04:00,SHORT,0.0025
APP,2026-05-20,2026-05-20 09:34:00-04:00,SHORT,0.0025
APP,2026-05-20,2026-05-20 09:35:00-04:00,SHORT,-0.004
APP,2026-05-20,2026-05-20 09:38:00-04:00,SHORT,-0.004
APP,2026-05-20,2026-05-20 10:05:00-04:00,SHORT,0.0025
APP,2026-05-20,2026-05-20 10:09:00-04:00,SHORT,0.0025
APP,2026-05-20,2026-05-20 10:24:00-04:00,SHORT,-0.004
APP,2026-05-21,2026-05-21 09:30:00-04:00,LONG,-0.004
APP,2026-05-21,2026-05-21 09:31:00-04:00,LONG,0.0025
APP,2026-05-21,2026-05-21 09:32:00-04:00,LONG,0.0025
APP,2026-05-21,2026-05-21 09:33:00-04:00,LONG,-0.004
APP,2026-05-21,2026-05-21 09:36:00-04:00,LONG,0.0025
APP,2026-05-21,2026-05-21 09:38:00-04:00,LONG,-0.004
APP,2026-05-21,2026-05-21 09:58:00-04:00,LONG,0.0044269089548162905
APP,2026-05-22,2026-05-22 09:36:00-04:00,SHORT,-0.004
APP,2026-05-22,2026-05-22 09:39:00-04:00,LONG,0.0025
APP,2026-05-22,2026-05-22 09:41:00-04:00,LONG,-0.004
APP,2026-05-22,2026-05-22 09:49:00-04:00,LONG,-0.004
APP,2026-05-26,2026-05-26 09:30:00-04:00,LONG,0.0025
APP,2026-05-26,2026-05-26 09:31:00-04:00,LONG,-0.004
APP,2026-05-26,2026-05-26 09:33:00-04:00,LONG,0.0025
APP,2026-05-26,2026-05-26 09:34:00-04:00,LONG,-0.004
APP,2026-05-26,2026-05-26 09:56:00-04:00,LONG,-0.004
APP,2026-05-27,2026-05-27 09:30:00-04:00,LONG,-0.004
APP,2026-05-27,2026-05-27 09:31:00-04:00,SHORT,-0.004
APP,2026-05-27,2026-05-27 09:36:00-04:00,LONG,0.0025
APP,2026-05-27,2026-05-27 09:37:00-04:00,LONG,0.0025
APP,2026-05-27,2026-05-27 09:38:00-04:00,LONG,-0.004
APP,2026-05-27,2026-05-27 09:42:00-04:00,LONG,0.0025
APP,2026-05-27,2026-05-27 10:01:00-04:00,LONG,-0.004
APP,2026-05-28,2026-05-28 09:45:00-04:00,LONG,-0.004
APP,2026-05-28,2026-05-28 09:50:00-04:00,LONG,-0.004
APP,2026-05-28,2026-05-28 09:52:00-04:00,LONG,-0.004
APP,2026-05-28,2026-05-28 10:00:00-04:00,LONG,0.01
APP,2026-05-28,2026-05-28 10:12:00-04:00,LONG,-0.004
APP,2026-05-28,2026-05-28 10:29:00-04:00,LONG,-0.004
APP,2026-05-29,2026-05-29 09:30:00-04:00,SHORT,-0.004
APP,2026-05-29,2026-05-29 09:31:00-04:00,SHORT,0.0025
APP,2026-05-29,2026-05-29 09:32:00-04:00,SHORT,-0.004
APP,2026-05-29,2026-05-29 09:35:00-04:00,SHORT,-0.004
APP,2026-05-29,2026-05-29 09:38:00-04:00,SHORT,-0.004
APP,2026-05-29,2026-05-29 09:46:00-04:00,SHORT,-0.004
APP,2026-06-01,2026-06-01 09:30:00-04:00,SHORT,0.0025
APP,2026-06-01,2026-06-01 09:31:00-04:00,SHORT,0.01
APP,2026-06-01,2026-06-01 09:37:00-04:00,SHORT,0.0025
APP,2026-06-01,2026-06-01 09:40:00-04:00,SHORT,-0.004
APP,2026-06-01,2026-06-01 09:41:00-04:00,SHORT,-0.004
APP,2026-06-01,2026-06-01 09:42:00-04:00,SHORT,-0.004
APP,2026-06-02,2026-06-02 09:34:00-04:00,SHORT,-0.004
APP,2026-06-02,2026-06-02 09:35:00-04:00,SHORT,-0.004
APP,2026-06-02,2026-06-02 10:00:00-04:00,SHORT,0.0025
APP,2026-06-03,2026-06-03 09:30:00-04:00,SHORT,0.0025
APP,2026-06-03,2026-06-03 09:31:00-04:00,SHORT,-0.004
APP,2026-06-03,2026-06-03 09:33:00-04:00,SHORT,0.01
APP,2026-06-03,2026-06-03 09:34:00-04:00,SHORT,0.01
APP,2026-06-03,2026-06-03 09:36:00-04:00,SHORT,0.0025
APP,2026-06-03,2026-06-03 09:40:00-04:00,SHORT,0.01
APP,2026-06-04,2026-06-04 09:30:00-04:00,SHORT,-0.004
APP,2026-06-04,2026-06-04 09:37:00-04:00,LONG,0.0025
APP,2026-06-04,2026-06-04 09:58:00-04:00,LONG,-0.004
APP,2026-06-05,2026-06-05 09:30:00-04:00,LONG,-0.004
APP,2026-06-05,2026-06-05 09:31:00-04:00,LONG,-0.004
APP,2026-06-05,2026-06-05 09:33:00-04:00,LONG,-0.004
APP,2026-06-08,2026-06-08 09:30:00-04:00,LONG,0.0025
APP,2026-06-08,2026-06-08 09:35:00-04:00,LONG,-0.004
APP,2026-06-08,2026-06-08 09:45:00-04:00,LONG,-0.004
APP,2026-06-09,2026-06-09 09:31:00-04:00,SHORT,-0.004
APP,2026-06-09,2026-06-09 09:33:00-04:00,SHORT,-0.004
APP,2026-06-09,2026-06-09 09:59:00-04:00,SHORT,0.01
APP,2026-06-09,2026-06-09 10:10:00-04:00,SHORT,0.01
APP,2026-06-09,2026-06-09 10:19:00-04:00,SHORT,-0.004
APP,2026-06-10,2026-06-10 09:30:00-04:00,LONG,-0.004
APP,2026-06-10,2026-06-10 10:30:00-04:00,LONG,-0.004
APP,2026-06-11,2026-06-11 09:30:00-04:00,SHORT,0.0025
APP,2026-06-11,2026-06-11 09:31:00-04:00,SHORT,0.0025
APP,2026-06-11,2026-06-11 09:33:00-04:00,SHORT,0.0025
APP,2026-06-11,2026-06-11 09:34:00-04:00,SHORT,-0.004
APP,2026-06-11,2026-06-11 09:38:00-04:00,SHORT,-0.004
APP,2026-06-11,2026-06-11 10:15:00-04:00,LONG,-0.004
APP,2026-06-12,2026-06-12 09:31:00-04:00,LONG,0.0025
APP,2026-06-12,2026-06-12 09:35:00-04:00,LONG,-0.004
SMCI,2025-12-12,2025-12-12 10:24:00-05:00,SHORT,0.008211300194058763
SMCI,2025-12-12,2025-12-12 10:30:00-05:00,SHORT,-0.004
SMCI,2025-12-15,2025-12-15 09:30:00-05:00,SHORT,0.01
SMCI,2025-12-15,2025-12-15 09:34:00-05:00,SHORT,0.01
SMCI,2025-12-15,2025-12-15 10:28:00-05:00,SHORT,-0.004
SMCI,2025-12-16,2025-12-16 09:30:00-05:00,LONG,-0.004
SMCI,2025-12-16,2025-12-16 09:36:00-05:00,LONG,0.0025
SMCI,2025-12-16,2025-12-16 09:37:00-05:00,LONG,-0.004
SMCI,2025-12-16,2025-12-16 10:26:00-05:00,SHORT,-0.004
SMCI,2025-12-17,2025-12-17 09:39:00-05:00,SHORT,0.008288723471650314
SMCI,2025-12-17,2025-12-17 10:00:00-05:00,SHORT,0.0025
SMCI,2025-12-18,2025-12-18 09:45:00-05:00,SHORT,0.01
SMCI,2025-12-18,2025-12-18 09:47:00-05:00,SHORT,0.0025
SMCI,2025-12-18,2025-12-18 09:48:00-05:00,SHORT,-0.004
SMCI,2025-12-19,2025-12-19 09:30:00-05:00,LONG,0.0025
SMCI,2025-12-19,2025-12-19 09:31:00-05:00,LONG,0.0025
SMCI,2025-12-19,2025-12-19 09:32:00-05:00,LONG,-0.004
SMCI,2025-12-19,2025-12-19 09:35:00-05:00,LONG,-0.004
SMCI,2025-12-19,2025-12-19 10:29:00-05:00,LONG,0.0025
SMCI,2025-12-23,2025-12-23 09:31:00-05:00,LONG,-0.004
SMCI,2025-12-23,2025-12-23 10:01:00-05:00,SHORT,0.005526196485094918
SMCI,2025-12-24,2025-12-24 09:33:00-05:00,SHORT,0.005517944535073389
SMCI,2025-12-24,2025-12-24 09:35:00-05:00,SHORT,0.003970347982355822
SMCI,2025-12-24,2025-12-24 09:37:00-05:00,SHORT,-0.004
SMCI,2025-12-26,2025-12-26 09:30:00-05:00,SHORT,-0.004
SMCI,2025-12-26,2025-12-26 09:35:00-05:00,LONG,-0.004
SMCI,2025-12-29,2025-12-29 09:35:00-05:00,LONG,0.0025
SMCI,2025-12-29,2025-12-29 09:36:00-05:00,LONG,0.0025
SMCI,2025-12-29,2025-12-29 09:37:00-05:00,LONG,-0.004
SMCI,2025-12-30,2025-12-30 09:30:00-05:00,SHORT,0.0025
SMCI,2025-12-30,2025-12-30 09:31:00-05:00,SHORT,0.0025
SMCI,2025-12-30,2025-12-30 09:33:00-05:00,SHORT,0.0025
SMCI,2025-12-30,2025-12-30 10:21:00-05:00,SHORT,0.0010626566416040266
SMCI,2025-12-31,2025-12-31 09:45:00-05:00,SHORT,0.0025
SMCI,2026-01-02,2026-01-02 09:30:00-05:00,LONG,0.0025
SMCI,2026-01-02,2026-01-02 09:31:00-05:00,LONG,-0.004
SMCI,2026-01-02,2026-01-02 09:34:00-05:00,LONG,0.0025
SMCI,2026-01-02,2026-01-02 09:36:00-05:00,LONG,0.01
SMCI,2026-01-02,2026-01-02 09:38:00-05:00,LONG,-0.004
SMCI,2026-01-02,2026-01-02 10:01:00-05:00,LONG,0.0025
SMCI,2026-01-05,2026-01-05 09:30:00-05:00,LONG,0.0025
SMCI,2026-01-05,2026-01-05 09:31:00-05:00,LONG,-0.004
SMCI,2026-01-05,2026-01-05 09:56:00-05:00,SHORT,0.0025
SMCI,2026-01-06,2026-01-06 09:30:00-05:00,SHORT,0.01
SMCI,2026-01-06,2026-01-06 09:32:00-05:00,SHORT,0.0025
SMCI,2026-01-06,2026-01-06 09:33:00-05:00,SHORT,0.0025
SMCI,2026-01-07,2026-01-07 09:36:00-05:00,SHORT,0.0025
SMCI,2026-01-07,2026-01-07 09:37:00-05:00,SHORT,-0.004
SMCI,2026-01-08,2026-01-08 09:31:00-05:00,SHORT,0.0025
SMCI,2026-01-08,2026-01-08 09:35:00-05:00,SHORT,-0.004
SMCI,2026-01-08,2026-01-08 09:42:00-05:00,SHORT,-0.004
SMCI,2026-01-08,2026-01-08 10:02:00-05:00,SHORT,-0.004
SMCI,2026-01-09,2026-01-09 09:35:00-05:00,SHORT,-0.004
SMCI,2026-01-09,2026-01-09 10:29:00-05:00,LONG,0.0025
SMCI,2026-01-12,2026-01-12 09:31:00-05:00,LONG,0.0025
SMCI,2026-01-12,2026-01-12 10:10:00-05:00,SHORT,-0.004
SMCI,2026-01-13,2026-01-13 09:30:00-05:00,SHORT,0.0025
SMCI,2026-01-13,2026-01-13 09:31:00-05:00,SHORT,-0.004
SMCI,2026-01-13,2026-01-13 09:43:00-05:00,SHORT,0.01
SMCI,2026-01-13,2026-01-13 09:47:00-05:00,SHORT,0.0025
SMCI,2026-01-13,2026-01-13 10:24:00-05:00,SHORT,0.0025
SMCI,2026-01-14,2026-01-14 09:30:00-05:00,SHORT,0.0025
SMCI,2026-01-14,2026-01-14 09:31:00-05:00,SHORT,0.0025
SMCI,2026-01-15,2026-01-15 09:31:00-05:00,LONG,-0.004
SMCI,2026-01-15,2026-01-15 09:34:00-05:00,LONG,0.0025
SMCI,2026-01-15,2026-01-15 09:37:00-05:00,LONG,-0.004
SMCI,2026-01-16,2026-01-16 09:33:00-05:00,LONG,-0.004
SMCI,2026-01-16,2026-01-16 09:35:00-05:00,LONG,0.0025
SMCI,2026-01-16,2026-01-16 09:36:00-05:00,LONG,0.01
SMCI,2026-01-16,2026-01-16 09:39:00-05:00,LONG,0.0025
SMCI,2026-01-16,2026-01-16 09:40:00-05:00,LONG,0.01
SMCI,2026-01-16,2026-01-16 09:43:00-05:00,LONG,-0.004
SMCI,2026-01-16,2026-01-16 09:48:00-05:00,LONG,0.0025
SMCI,2026-01-16,2026-01-16 09:50:00-05:00,LONG,-0.004
SMCI,2026-01-16,2026-01-16 09:53:00-05:00,LONG,0.0025
SMCI,2026-01-16,2026-01-16 09:54:00-05:00,LONG,-0.004
SMCI,2026-01-16,2026-01-16 10:02:00-05:00,LONG,-0.004
SMCI,2026-01-16,2026-01-16 10:20:00-05:00,LONG,0.0025
SMCI,2026-01-20,2026-01-20 09:31:00-05:00,SHORT,0.0025
SMCI,2026-01-20,2026-01-20 09:32:00-05:00,SHORT,0.0025
SMCI,2026-01-20,2026-01-20 09:34:00-05:00,SHORT,0.0025
SMCI,2026-01-20,2026-01-20 09:35:00-05:00,SHORT,-0.004
SMCI,2026-01-21,2026-01-21 09:30:00-05:00,LONG,0.0025
SMCI,2026-01-21,2026-01-21 09:32:00-05:00,LONG,-0.004
SMCI,2026-01-21,2026-01-21 10:01:00-05:00,LONG,-0.004
SMCI,2026-01-21,2026-01-21 10:13:00-05:00,SHORT,-0.004
SMCI,2026-01-22,2026-01-22 09:30:00-05:00,LONG,-0.004
SMCI,2026-01-22,2026-01-22 09:35:00-05:00,SHORT,-0.004
SMCI,2026-01-22,2026-01-22 10:25:00-05:00,LONG,0.0025
SMCI,2026-01-22,2026-01-22 10:26:00-05:00,LONG,-0.004
SMCI,2026-01-23,2026-01-23 09:31:00-05:00,LONG,-0.004
SMCI,2026-01-23,2026-01-23 09:34:00-05:00,SHORT,0.0025
SMCI,2026-01-23,2026-01-23 09:35:00-05:00,SHORT,-0.004
SMCI,2026-01-23,2026-01-23 09:37:00-05:00,SHORT,0.01
SMCI,2026-01-23,2026-01-23 10:06:00-05:00,LONG,-0.004
SMCI,2026-01-23,2026-01-23 10:16:00-05:00,SHORT,0.0025
SMCI,2026-01-26,2026-01-26 09:30:00-05:00,SHORT,0.0025
SMCI,2026-01-26,2026-01-26 09:31:00-05:00,SHORT,0.0025
SMCI,2026-01-26,2026-01-26 09:33:00-05:00,SHORT,-0.004
SMCI,2026-01-26,2026-01-26 10:01:00-05:00,SHORT,-0.004
SMCI,2026-01-27,2026-01-27 09:31:00-05:00,SHORT,0.01
SMCI,2026-01-27,2026-01-27 09:32:00-05:00,SHORT,0.01
SMCI,2026-01-27,2026-01-27 09:34:00-05:00,SHORT,-0.004
SMCI,2026-01-27,2026-01-27 10:09:00-05:00,LONG,-0.004
SMCI,2026-01-28,2026-01-28 09:32:00-05:00,SHORT,-0.004
SMCI,2026-01-28,2026-01-28 09:34:00-05:00,SHORT,-0.004
SMCI,2026-01-28,2026-01-28 10:06:00-05:00,LONG,0.0025
SMCI,2026-01-28,2026-01-28 10:07:00-05:00,LONG,-0.004
SMCI,2026-01-28,2026-01-28 10:15:00-05:00,LONG,-0.004
SMCI,2026-01-29,2026-01-29 09:30:00-05:00,SHORT,-0.004
SMCI,2026-01-29,2026-01-29 09:35:00-05:00,SHORT,0.0025
SMCI,2026-01-29,2026-01-29 10:00:00-05:00,SHORT,0.01
SMCI,2026-01-29,2026-01-29 10:01:00-05:00,SHORT,0.0025
SMCI,2026-01-29,2026-01-29 10:02:00-05:00,SHORT,-0.004
SMCI,2026-01-29,2026-01-29 10:06:00-05:00,SHORT,0.0025
SMCI,2026-01-29,2026-01-29 10:12:00-05:00,SHORT,0.0025
SMCI,2026-01-30,2026-01-30 09:32:00-05:00,LONG,0.0025
SMCI,2026-01-30,2026-01-30 09:33:00-05:00,LONG,-0.004
SMCI,2026-01-30,2026-01-30 10:02:00-05:00,SHORT,-0.004
SMCI,2026-01-30,2026-01-30 10:11:00-05:00,LONG,-0.004
SMCI,2026-02-02,2026-02-02 09:36:00-05:00,LONG,-0.004
SMCI,2026-02-02,2026-02-02 10:07:00-05:00,LONG,0.0027206257439210436
SMCI,2026-02-03,2026-02-03 09:33:00-05:00,SHORT,0.0025
SMCI,2026-02-03,2026-02-03 09:34:00-05:00,SHORT,0.0025
SMCI,2026-02-03,2026-02-03 09:43:00-05:00,SHORT,0.0025
SMCI,2026-02-04,2026-02-04 09:30:00-05:00,SHORT,-0.004
SMCI,2026-02-04,2026-02-04 09:34:00-05:00,LONG,-0.004
SMCI,2026-02-04,2026-02-04 09:36:00-05:00,LONG,0.0025
SMCI,2026-02-04,2026-02-04 09:37:00-05:00,LONG,0.0025
SMCI,2026-02-04,2026-02-04 09:41:00-05:00,LONG,-0.004
SMCI,2026-02-04,2026-02-04 10:23:00-05:00,LONG,0.0025
SMCI,2026-02-05,2026-02-05 09:30:00-05:00,LONG,-0.004
SMCI,2026-02-05,2026-02-05 09:33:00-05:00,SHORT,0.0025
SMCI,2026-02-05,2026-02-05 09:34:00-05:00,SHORT,0.0025
SMCI,2026-02-05,2026-02-05 09:35:00-05:00,SHORT,0.0025
SMCI,2026-02-05,2026-02-05 09:36:00-05:00,SHORT,-0.004
SMCI,2026-02-05,2026-02-05 09:39:00-05:00,SHORT,-0.004
SMCI,2026-02-05,2026-02-05 09:51:00-05:00,SHORT,0.01
SMCI,2026-02-05,2026-02-05 10:00:00-05:00,SHORT,0.0025
SMCI,2026-02-05,2026-02-05 10:13:00-05:00,SHORT,-0.004
SMCI,2026-02-06,2026-02-06 09:32:00-05:00,LONG,0.0025
SMCI,2026-02-06,2026-02-06 09:34:00-05:00,LONG,-0.004
SMCI,2026-02-06,2026-02-06 09:38:00-05:00,LONG,-0.004
SMCI,2026-02-06,2026-02-06 09:44:00-05:00,LONG,0.0025
SMCI,2026-02-06,2026-02-06 09:45:00-05:00,LONG,0.0025
SMCI,2026-02-06,2026-02-06 09:46:00-05:00,LONG,0.0025
SMCI,2026-02-06,2026-02-06 09:50:00-05:00,LONG,-0.004
SMCI,2026-02-06,2026-02-06 10:10:00-05:00,LONG,0.0025
SMCI,2026-02-09,2026-02-09 09:30:00-05:00,SHORT,-0.004
SMCI,2026-02-09,2026-02-09 09:32:00-05:00,SHORT,0.0025
SMCI,2026-02-09,2026-02-09 09:33:00-05:00,SHORT,0.0025
SMCI,2026-02-09,2026-02-09 09:34:00-05:00,SHORT,0.0025
SMCI,2026-02-09,2026-02-09 10:22:00-05:00,SHORT,-0.004
SMCI,2026-02-10,2026-02-10 09:30:00-05:00,LONG,-0.004
SMCI,2026-02-10,2026-02-10 10:26:00-05:00,LONG,-0.004
SMCI,2026-02-11,2026-02-11 09:34:00-05:00,SHORT,-0.004
SMCI,2026-02-11,2026-02-11 09:38:00-05:00,SHORT,-0.004
SMCI,2026-02-11,2026-02-11 10:02:00-05:00,SHORT,0.01
SMCI,2026-02-11,2026-02-11 10:05:00-05:00,SHORT,0.01
SMCI,2026-02-11,2026-02-11 10:06:00-05:00,SHORT,0.01
SMCI,2026-02-11,2026-02-11 10:11:00-05:00,SHORT,0.0041923076923076836
SMCI,2026-02-12,2026-02-12 09:32:00-05:00,SHORT,-0.004
SMCI,2026-02-12,2026-02-12 09:45:00-05:00,SHORT,-0.004
SMCI,2026-02-12,2026-02-12 10:21:00-05:00,SHORT,-0.004
SMCI,2026-02-13,2026-02-13 09:31:00-05:00,LONG,-0.004
SMCI,2026-02-13,2026-02-13 09:35:00-05:00,LONG,-0.004
SMCI,2026-02-13,2026-02-13 09:40:00-05:00,SHORT,-0.004
SMCI,2026-02-13,2026-02-13 10:20:00-05:00,LONG,-0.004
SMCI,2026-02-13,2026-02-13 10:25:00-05:00,LONG,0.0025
SMCI,2026-02-17,2026-02-17 09:30:00-05:00,SHORT,-0.004
SMCI,2026-02-17,2026-02-17 09:32:00-05:00,SHORT,-0.004
SMCI,2026-02-17,2026-02-17 09:39:00-05:00,LONG,-0.004
SMCI,2026-02-17,2026-02-17 09:55:00-05:00,SHORT,-0.004
SMCI,2026-02-17,2026-02-17 10:25:00-05:00,SHORT,-0.004
SMCI,2026-02-18,2026-02-18 09:30:00-05:00,SHORT,-0.004
SMCI,2026-02-18,2026-02-18 09:32:00-05:00,SHORT,-0.004
SMCI,2026-02-18,2026-02-18 09:34:00-05:00,SHORT,-0.004
SMCI,2026-02-19,2026-02-19 09:30:00-05:00,LONG,-0.004
SMCI,2026-02-20,2026-02-20 10:01:00-05:00,LONG,-0.004
SMCI,2026-02-20,2026-02-20 10:21:00-05:00,LONG,0.0025
SMCI,2026-02-20,2026-02-20 10:26:00-05:00,LONG,-0.004
SMCI,2026-02-23,2026-02-23 09:31:00-05:00,SHORT,-0.004
SMCI,2026-02-23,2026-02-23 09:45:00-05:00,LONG,-0.004
SMCI,2026-02-23,2026-02-23 10:04:00-05:00,SHORT,-0.004
SMCI,2026-02-23,2026-02-23 10:27:00-05:00,SHORT,-0.004
SMCI,2026-02-24,2026-02-24 09:30:00-05:00,SHORT,0.0025
SMCI,2026-02-24,2026-02-24 09:31:00-05:00,SHORT,0.0025
SMCI,2026-02-24,2026-02-24 09:55:00-05:00,SHORT,-0.004
SMCI,2026-02-25,2026-02-25 09:30:00-05:00,LONG,0.0025
SMCI,2026-02-25,2026-02-25 09:34:00-05:00,LONG,-0.004
SMCI,2026-02-25,2026-02-25 09:36:00-05:00,LONG,-0.004
SMCI,2026-02-25,2026-02-25 09:41:00-05:00,LONG,-0.004
SMCI,2026-02-26,2026-02-26 09:32:00-05:00,SHORT,-0.004
SMCI,2026-02-26,2026-02-26 09:36:00-05:00,SHORT,-0.004
SMCI,2026-02-26,2026-02-26 09:45:00-05:00,SHORT,-0.004
SMCI,2026-02-26,2026-02-26 09:50:00-05:00,SHORT,0.0025
SMCI,2026-02-26,2026-02-26 09:51:00-05:00,SHORT,-0.004
SMCI,2026-02-26,2026-02-26 10:12:00-05:00,SHORT,0.01
SMCI,2026-02-26,2026-02-26 10:14:00-05:00,SHORT,0.01
SMCI,2026-02-26,2026-02-26 10:15:00-05:00,SHORT,0.01
SMCI,2026-02-26,2026-02-26 10:16:00-05:00,SHORT,0.0025
SMCI,2026-02-27,2026-02-27 09:30:00-05:00,SHORT,0.0025
SMCI,2026-02-27,2026-02-27 09:46:00-05:00,LONG,0.0025
SMCI,2026-02-27,2026-02-27 09:48:00-05:00,LONG,-0.004
SMCI,2026-02-27,2026-02-27 10:01:00-05:00,LONG,-0.004
SMCI,2026-02-27,2026-02-27 10:28:00-05:00,LONG,-0.004
SMCI,2026-03-02,2026-03-02 09:30:00-05:00,SHORT,-0.004
SMCI,2026-03-02,2026-03-02 09:36:00-05:00,LONG,0.01
SMCI,2026-03-02,2026-03-02 09:37:00-05:00,LONG,0.0025
SMCI,2026-03-03,2026-03-03 09:33:00-05:00,LONG,-0.004
SMCI,2026-03-03,2026-03-03 09:36:00-05:00,LONG,-0.004
SMCI,2026-03-03,2026-03-03 09:40:00-05:00,SHORT,0.0025
SMCI,2026-03-03,2026-03-03 09:41:00-05:00,SHORT,-0.004
SMCI,2026-03-03,2026-03-03 09:42:00-05:00,SHORT,-0.004
SMCI,2026-03-03,2026-03-03 10:20:00-05:00,SHORT,0.0025
SMCI,2026-03-03,2026-03-03 10:21:00-05:00,SHORT,-0.004
SMCI,2026-03-03,2026-03-03 10:22:00-05:00,SHORT,-0.004
SMCI,2026-03-04,2026-03-04 09:30:00-05:00,LONG,0.0025
SMCI,2026-03-04,2026-03-04 09:38:00-05:00,LONG,-0.004
SMCI,2026-03-05,2026-03-05 09:37:00-05:00,LONG,-0.004
SMCI,2026-03-05,2026-03-05 09:58:00-05:00,LONG,-0.004
SMCI,2026-03-06,2026-03-06 09:34:00-05:00,SHORT,0.0025
SMCI,2026-03-06,2026-03-06 09:35:00-05:00,SHORT,-0.004
SMCI,2026-03-06,2026-03-06 09:39:00-05:00,SHORT,0.0025
SMCI,2026-03-09,2026-03-09 09:31:00-04:00,SHORT,0.01
SMCI,2026-03-09,2026-03-09 09:32:00-04:00,SHORT,0.0025
SMCI,2026-03-09,2026-03-09 09:33:00-04:00,SHORT,0.0025
SMCI,2026-03-09,2026-03-09 09:36:00-04:00,SHORT,0.0025
SMCI,2026-03-09,2026-03-09 09:37:00-04:00,SHORT,-0.004
SMCI,2026-03-09,2026-03-09 09:42:00-04:00,SHORT,-0.004
SMCI,2026-03-09,2026-03-09 10:03:00-04:00,LONG,-0.004
SMCI,2026-03-10,2026-03-10 09:33:00-04:00,SHORT,0.0025
SMCI,2026-03-10,2026-03-10 09:35:00-04:00,SHORT,-0.004
SMCI,2026-03-10,2026-03-10 09:37:00-04:00,SHORT,-0.004
SMCI,2026-03-10,2026-03-10 09:42:00-04:00,SHORT,-0.004
SMCI,2026-03-10,2026-03-10 09:48:00-04:00,LONG,-0.004
SMCI,2026-03-10,2026-03-10 10:25:00-04:00,LONG,-0.004
SMCI,2026-03-11,2026-03-11 09:31:00-04:00,LONG,0.0025
SMCI,2026-03-11,2026-03-11 09:32:00-04:00,LONG,0.0025
SMCI,2026-03-11,2026-03-11 09:36:00-04:00,LONG,0.0025
SMCI,2026-03-11,2026-03-11 09:37:00-04:00,LONG,-0.004
SMCI,2026-03-11,2026-03-11 10:27:00-04:00,SHORT,-0.004
SMCI,2026-03-12,2026-03-12 09:30:00-04:00,SHORT,-0.004
SMCI,2026-03-12,2026-03-12 09:45:00-04:00,SHORT,0.0025
SMCI,2026-03-12,2026-03-12 09:47:00-04:00,SHORT,-0.004
SMCI,2026-03-12,2026-03-12 09:52:00-04:00,SHORT,0.0025
SMCI,2026-03-12,2026-03-12 09:53:00-04:00,SHORT,0.0025
SMCI,2026-03-13,2026-03-13 09:30:00-04:00,SHORT,0.0025
SMCI,2026-03-13,2026-03-13 09:36:00-04:00,SHORT,-0.004
SMCI,2026-03-13,2026-03-13 10:19:00-04:00,LONG,0.0025
SMCI,2026-03-16,2026-03-16 09:31:00-04:00,LONG,0.0025
SMCI,2026-03-16,2026-03-16 09:32:00-04:00,LONG,0.0025
SMCI,2026-03-16,2026-03-16 09:33:00-04:00,LONG,-0.004
SMCI,2026-03-17,2026-03-17 09:30:00-04:00,LONG,0.0025
SMCI,2026-03-17,2026-03-17 09:32:00-04:00,LONG,-0.004
SMCI,2026-03-17,2026-03-17 09:37:00-04:00,LONG,0.0025
SMCI,2026-03-17,2026-03-17 09:38:00-04:00,LONG,-0.004
SMCI,2026-03-17,2026-03-17 09:42:00-04:00,LONG,-0.004
SMCI,2026-03-17,2026-03-17 10:11:00-04:00,SHORT,-0.004
SMCI,2026-03-18,2026-03-18 09:31:00-04:00,SHORT,-0.004
SMCI,2026-03-18,2026-03-18 09:34:00-04:00,SHORT,-0.004
SMCI,2026-03-18,2026-03-18 10:13:00-04:00,SHORT,0.0068255366869593
SMCI,2026-03-18,2026-03-18 10:25:00-04:00,SHORT,0.0025
SMCI,2026-03-18,2026-03-18 10:26:00-04:00,SHORT,-0.0014520813165537821
SMCI,2026-03-19,2026-03-19 09:38:00-04:00,LONG,0.0025
SMCI,2026-03-19,2026-03-19 10:11:00-04:00,LONG,-0.004
SMCI,2026-03-19,2026-03-19 10:27:00-04:00,SHORT,-0.004
SMCI,2026-03-20,2026-03-20 09:30:00-04:00,SHORT,-0.004
SMCI,2026-03-20,2026-03-20 09:31:00-04:00,SHORT,-0.004
SMCI,2026-03-20,2026-03-20 09:33:00-04:00,SHORT,-0.004
SMCI,2026-03-20,2026-03-20 09:34:00-04:00,SHORT,-0.004
SMCI,2026-03-20,2026-03-20 09:40:00-04:00,SHORT,-0.004
SMCI,2026-03-20,2026-03-20 10:14:00-04:00,SHORT,-0.004
SMCI,2026-03-23,2026-03-23 09:30:00-04:00,SHORT,-0.004
SMCI,2026-03-23,2026-03-23 09:34:00-04:00,SHORT,-0.004
SMCI,2026-03-23,2026-03-23 09:35:00-04:00,SHORT,-0.004
SMCI,2026-03-23,2026-03-23 10:16:00-04:00,LONG,0.0025
SMCI,2026-03-24,2026-03-24 09:38:00-04:00,LONG,-0.004
SMCI,2026-03-24,2026-03-24 10:11:00-04:00,SHORT,0.0025
SMCI,2026-03-24,2026-03-24 10:22:00-04:00,SHORT,0.0025
SMCI,2026-03-25,2026-03-25 09:31:00-04:00,LONG,0.0025
SMCI,2026-03-25,2026-03-25 09:36:00-04:00,LONG,0.0025
SMCI,2026-03-25,2026-03-25 09:38:00-04:00,LONG,0.01
SMCI,2026-03-25,2026-03-25 09:40:00-04:00,LONG,-0.004
SMCI,2026-03-25,2026-03-25 10:08:00-04:00,LONG,-0.004
SMCI,2026-03-26,2026-03-26 09:30:00-04:00,LONG,-0.004
SMCI,2026-03-26,2026-03-26 09:33:00-04:00,LONG,-0.004
SMCI,2026-03-26,2026-03-26 09:38:00-04:00,LONG,0.0025
SMCI,2026-03-26,2026-03-26 09:40:00-04:00,LONG,-0.004
SMCI,2026-03-26,2026-03-26 10:11:00-04:00,SHORT,0.0025
SMCI,2026-03-26,2026-03-26 10:13:00-04:00,SHORT,-0.004
SMCI,2026-03-27,2026-03-27 09:35:00-04:00,SHORT,0.0025
SMCI,2026-03-27,2026-03-27 09:36:00-04:00,SHORT,-0.004
SMCI,2026-03-30,2026-03-30 09:30:00-04:00,SHORT,-0.004
SMCI,2026-03-30,2026-03-30 09:33:00-04:00,SHORT,0.01
SMCI,2026-03-30,2026-03-30 09:34:00-04:00,SHORT,0.01
SMCI,2026-03-30,2026-03-30 09:40:00-04:00,SHORT,-0.004
SMCI,2026-03-30,2026-03-30 10:06:00-04:00,SHORT,-0.004
SMCI,2026-03-30,2026-03-30 10:10:00-04:00,SHORT,-0.004
SMCI,2026-03-30,2026-03-30 10:26:00-04:00,SHORT,0.0025
SMCI,2026-03-31,2026-03-31 09:30:00-04:00,LONG,-0.004
SMCI,2026-03-31,2026-03-31 09:33:00-04:00,LONG,-0.004
SMCI,2026-03-31,2026-03-31 09:49:00-04:00,LONG,-0.004
SMCI,2026-03-31,2026-03-31 09:54:00-04:00,LONG,-0.004
SMCI,2026-03-31,2026-03-31 10:10:00-04:00,LONG,0.0058673943334881466
SMCI,2026-03-31,2026-03-31 10:11:00-04:00,LONG,0.0025
SMCI,2026-03-31,2026-03-31 10:15:00-04:00,LONG,-0.004
SMCI,2026-04-01,2026-04-01 09:30:00-04:00,SHORT,-0.004
SMCI,2026-04-01,2026-04-01 09:35:00-04:00,LONG,-0.004
SMCI,2026-04-01,2026-04-01 10:08:00-04:00,LONG,0.0025
SMCI,2026-04-01,2026-04-01 10:09:00-04:00,LONG,-0.004
SMCI,2026-04-02,2026-04-02 09:30:00-04:00,LONG,-0.004
SMCI,2026-04-02,2026-04-02 09:34:00-04:00,LONG,0.0025
SMCI,2026-04-02,2026-04-02 09:53:00-04:00,LONG,-0.004
SMCI,2026-04-02,2026-04-02 09:58:00-04:00,LONG,-0.004
SMCI,2026-04-06,2026-04-06 09:31:00-04:00,SHORT,-0.004
SMCI,2026-04-06,2026-04-06 09:36:00-04:00,SHORT,-0.004
SMCI,2026-04-06,2026-04-06 10:04:00-04:00,SHORT,0.0025
SMCI,2026-04-06,2026-04-06 10:05:00-04:00,SHORT,-0.004
SMCI,2026-04-07,2026-04-07 09:30:00-04:00,SHORT,-0.004
SMCI,2026-04-07,2026-04-07 09:35:00-04:00,LONG,-0.004
SMCI,2026-04-07,2026-04-07 09:54:00-04:00,LONG,-0.004
SMCI,2026-04-07,2026-04-07 10:06:00-04:00,SHORT,-0.004
SMCI,2026-04-08,2026-04-08 09:35:00-04:00,SHORT,0.0025
SMCI,2026-04-08,2026-04-08 09:36:00-04:00,SHORT,0.0025
SMCI,2026-04-08,2026-04-08 09:40:00-04:00,SHORT,-0.004
SMCI,2026-04-08,2026-04-08 10:08:00-04:00,SHORT,0.009169535283993089
SMCI,2026-04-09,2026-04-09 09:30:00-04:00,LONG,0.0025
SMCI,2026-04-09,2026-04-09 09:31:00-04:00,LONG,-0.004
SMCI,2026-04-09,2026-04-09 09:33:00-04:00,LONG,0.0025
SMCI,2026-04-09,2026-04-09 09:35:00-04:00,LONG,0.0025
SMCI,2026-04-09,2026-04-09 09:36:00-04:00,LONG,-0.004
SMCI,2026-04-09,2026-04-09 09:46:00-04:00,LONG,-0.004
SMCI,2026-04-10,2026-04-10 09:30:00-04:00,LONG,0.0025
SMCI,2026-04-10,2026-04-10 09:32:00-04:00,LONG,-0.004
SMCI,2026-04-10,2026-04-10 09:42:00-04:00,LONG,-0.004
SMCI,2026-04-10,2026-04-10 09:47:00-04:00,LONG,0.0025
SMCI,2026-04-10,2026-04-10 09:51:00-04:00,LONG,0.0025
SMCI,2026-04-10,2026-04-10 09:52:00-04:00,LONG,0.0025
SMCI,2026-04-13,2026-04-13 09:30:00-04:00,SHORT,-0.004
SMCI,2026-04-13,2026-04-13 09:32:00-04:00,SHORT,-0.004
SMCI,2026-04-13,2026-04-13 09:34:00-04:00,SHORT,0.0025
SMCI,2026-04-13,2026-04-13 09:35:00-04:00,SHORT,0.0025
SMCI,2026-04-13,2026-04-13 09:36:00-04:00,SHORT,-0.004
SMCI,2026-04-14,2026-04-14 09:34:00-04:00,LONG,0.0025
SMCI,2026-04-14,2026-04-14 10:13:00-04:00,LONG,0.0025
SMCI,2026-04-14,2026-04-14 10:15:00-04:00,LONG,0.0025
SMCI,2026-04-14,2026-04-14 10:19:00-04:00,LONG,0.0025
SMCI,2026-04-15,2026-04-15 09:30:00-04:00,SHORT,-0.004
SMCI,2026-04-15,2026-04-15 09:34:00-04:00,SHORT,-0.004
SMCI,2026-04-15,2026-04-15 10:08:00-04:00,SHORT,0.004765151487673155
SMCI,2026-04-15,2026-04-15 10:11:00-04:00,SHORT,0.0025
SMCI,2026-04-16,2026-04-16 09:36:00-04:00,SHORT,-0.004
SMCI,2026-04-16,2026-04-16 09:51:00-04:00,SHORT,0.0025
SMCI,2026-04-16,2026-04-16 10:29:00-04:00,SHORT,-0.004
SMCI,2026-04-17,2026-04-17 09:30:00-04:00,SHORT,0.0025
SMCI,2026-04-17,2026-04-17 09:31:00-04:00,SHORT,0.0025
SMCI,2026-04-17,2026-04-17 09:32:00-04:00,SHORT,-0.004
SMCI,2026-04-17,2026-04-17 09:34:00-04:00,SHORT,-0.004
SMCI,2026-04-20,2026-04-20 09:30:00-04:00,SHORT,0.0025
SMCI,2026-04-20,2026-04-20 09:31:00-04:00,SHORT,-0.004
SMCI,2026-04-20,2026-04-20 10:10:00-04:00,LONG,0.00700248756218904
SMCI,2026-04-20,2026-04-20 10:22:00-04:00,LONG,-0.004
SMCI,2026-04-21,2026-04-21 09:30:00-04:00,SHORT,0.0025
SMCI,2026-04-21,2026-04-21 09:31:00-04:00,SHORT,-0.004
SMCI,2026-04-21,2026-04-21 09:51:00-04:00,LONG,0.0025
SMCI,2026-04-21,2026-04-21 09:52:00-04:00,LONG,-0.004
SMCI,2026-04-21,2026-04-21 10:05:00-04:00,LONG,-0.004
SMCI,2026-04-23,2026-04-23 09:31:00-04:00,SHORT,-0.004
SMCI,2026-04-23,2026-04-23 09:38:00-04:00,LONG,0.0025
SMCI,2026-04-24,2026-04-24 09:31:00-04:00,SHORT,-0.004
SMCI,2026-04-24,2026-04-24 09:33:00-04:00,SHORT,-0.004
SMCI,2026-04-24,2026-04-24 09:38:00-04:00,LONG,0.0025
SMCI,2026-04-24,2026-04-24 09:39:00-04:00,LONG,0.01
SMCI,2026-04-27,2026-04-27 09:37:00-04:00,LONG,-0.004
SMCI,2026-04-27,2026-04-27 10:00:00-04:00,SHORT,0.0025
SMCI,2026-04-27,2026-04-27 10:14:00-04:00,SHORT,0.01
SMCI,2026-04-27,2026-04-27 10:15:00-04:00,SHORT,0.01
SMCI,2026-04-27,2026-04-27 10:30:00-04:00,SHORT,-0.004
SMCI,2026-04-28,2026-04-28 09:34:00-04:00,SHORT,-0.004
SMCI,2026-04-29,2026-04-29 09:30:00-04:00,SHORT,0.0025
SMCI,2026-04-29,2026-04-29 09:32:00-04:00,SHORT,0.01
SMCI,2026-04-29,2026-04-29 09:35:00-04:00,SHORT,-0.004
SMCI,2026-04-29,2026-04-29 09:37:00-04:00,SHORT,0.0025
SMCI,2026-04-29,2026-04-29 09:38:00-04:00,SHORT,-0.004
SMCI,2026-04-29,2026-04-29 09:43:00-04:00,SHORT,0.0025
SMCI,2026-04-29,2026-04-29 09:45:00-04:00,SHORT,-0.004
SMCI,2026-04-29,2026-04-29 10:00:00-04:00,SHORT,-0.004
SMCI,2026-04-29,2026-04-29 10:19:00-04:00,SHORT,-0.004
SMCI,2026-04-30,2026-04-30 10:16:00-04:00,SHORT,-0.004
SMCI,2026-05-01,2026-05-01 09:31:00-04:00,LONG,-0.004
SMCI,2026-05-01,2026-05-01 09:33:00-04:00,LONG,0.0025
SMCI,2026-05-01,2026-05-01 09:36:00-04:00,LONG,0.0025
SMCI,2026-05-01,2026-05-01 09:39:00-04:00,LONG,-0.004
SMCI,2026-05-01,2026-05-01 09:43:00-04:00,LONG,0.0025
SMCI,2026-05-04,2026-05-04 09:31:00-04:00,LONG,-0.004
SMCI,2026-05-04,2026-05-04 09:34:00-04:00,LONG,0.0025
SMCI,2026-05-04,2026-05-04 09:36:00-04:00,LONG,0.0025
SMCI,2026-05-04,2026-05-04 09:41:00-04:00,LONG,-0.004
SMCI,2026-05-04,2026-05-04 10:11:00-04:00,LONG,-0.004
SMCI,2026-05-05,2026-05-05 09:30:00-04:00,SHORT,0.0025
SMCI,2026-05-05,2026-05-05 09:33:00-04:00,SHORT,0.0025
SMCI,2026-05-05,2026-05-05 09:37:00-04:00,SHORT,-0.004
SMCI,2026-05-05,2026-05-05 10:00:00-04:00,SHORT,-0.004
SMCI,2026-05-06,2026-05-06 09:30:00-04:00,LONG,-0.004
SMCI,2026-05-06,2026-05-06 09:31:00-04:00,LONG,-0.004
SMCI,2026-05-06,2026-05-06 09:32:00-04:00,LONG,-0.004
SMCI,2026-05-07,2026-05-07 09:31:00-04:00,SHORT,0.0025
SMCI,2026-05-07,2026-05-07 09:33:00-04:00,SHORT,0.0025
SMCI,2026-05-07,2026-05-07 09:34:00-04:00,SHORT,-0.004
SMCI,2026-05-08,2026-05-08 09:30:00-04:00,SHORT,-0.004
SMCI,2026-05-08,2026-05-08 09:32:00-04:00,SHORT,0.0025
SMCI,2026-05-08,2026-05-08 09:33:00-04:00,SHORT,-0.004
SMCI,2026-05-08,2026-05-08 09:35:00-04:00,SHORT,0.0025
SMCI,2026-05-08,2026-05-08 09:36:00-04:00,SHORT,0.0025
SMCI,2026-05-08,2026-05-08 09:37:00-04:00,SHORT,-0.004
SMCI,2026-05-08,2026-05-08 10:06:00-04:00,LONG,-0.004
SMCI,2026-05-08,2026-05-08 10:09:00-04:00,LONG,-0.004
SMCI,2026-05-08,2026-05-08 10:11:00-04:00,LONG,0.0025
SMCI,2026-05-08,2026-05-08 10:12:00-04:00,LONG,0.0025
SMCI,2026-05-08,2026-05-08 10:15:00-04:00,LONG,-0.004
SMCI,2026-05-08,2026-05-08 10:18:00-04:00,LONG,-0.004
SMCI,2026-05-11,2026-05-11 09:30:00-04:00,LONG,0.01
SMCI,2026-05-11,2026-05-11 09:31:00-04:00,LONG,-0.004
SMCI,2026-05-11,2026-05-11 09:33:00-04:00,LONG,-0.004
SMCI,2026-05-11,2026-05-11 09:34:00-04:00,LONG,-0.004
SMCI,2026-05-11,2026-05-11 10:25:00-04:00,SHORT,-0.004
SMCI,2026-05-11,2026-05-11 10:29:00-04:00,SHORT,-0.004
SMCI,2026-05-12,2026-05-12 09:33:00-04:00,SHORT,-0.004
SMCI,2026-05-12,2026-05-12 09:51:00-04:00,SHORT,-0.004
SMCI,2026-05-13,2026-05-13 09:30:00-04:00,SHORT,-0.004
SMCI,2026-05-14,2026-05-14 09:30:00-04:00,SHORT,-0.004
SMCI,2026-05-14,2026-05-14 09:32:00-04:00,SHORT,-0.004
SMCI,2026-05-14,2026-05-14 10:00:00-04:00,LONG,0.0025
SMCI,2026-05-14,2026-05-14 10:01:00-04:00,LONG,0.0025
SMCI,2026-05-14,2026-05-14 10:02:00-04:00,LONG,0.0025
SMCI,2026-05-14,2026-05-14 10:03:00-04:00,LONG,-0.004
SMCI,2026-05-15,2026-05-15 09:31:00-04:00,SHORT,-0.004
SMCI,2026-05-15,2026-05-15 09:33:00-04:00,SHORT,-0.004
SMCI,2026-05-15,2026-05-15 09:44:00-04:00,SHORT,0.0025
SMCI,2026-05-15,2026-05-15 09:45:00-04:00,SHORT,0.0025
SMCI,2026-05-18,2026-05-18 09:36:00-04:00,SHORT,0.0025
SMCI,2026-05-18,2026-05-18 09:37:00-04:00,SHORT,0.01
SMCI,2026-05-18,2026-05-18 09:38:00-04:00,SHORT,0.01
SMCI,2026-05-18,2026-05-18 09:40:00-04:00,SHORT,0.0025
SMCI,2026-05-18,2026-05-18 09:44:00-04:00,SHORT,-0.004
SMCI,2026-05-18,2026-05-18 10:30:00-04:00,SHORT,0.0025
SMCI,2026-05-19,2026-05-19 09:35:00-04:00,LONG,0.0025
SMCI,2026-05-19,2026-05-19 09:36:00-04:00,LONG,-0.004
SMCI,2026-05-19,2026-05-19 10:13:00-04:00,SHORT,0.0025
SMCI,2026-05-19,2026-05-19 10:14:00-04:00,SHORT,0.0025
SMCI,2026-05-19,2026-05-19 10:15:00-04:00,SHORT,-0.004
SMCI,2026-05-19,2026-05-19 10:21:00-04:00,SHORT,-0.004
SMCI,2026-05-20,2026-05-20 09:30:00-04:00,LONG,0.0025
SMCI,2026-05-20,2026-05-20 09:32:00-04:00,LONG,-0.004
SMCI,2026-05-20,2026-05-20 09:40:00-04:00,LONG,0.01
SMCI,2026-05-20,2026-05-20 09:43:00-04:00,LONG,0.0025
SMCI,2026-05-20,2026-05-20 09:44:00-04:00,LONG,-0.004
SMCI,2026-05-20,2026-05-20 10:14:00-04:00,LONG,0.01
SMCI,2026-05-20,2026-05-20 10:16:00-04:00,LONG,0.0025
SMCI,2026-05-20,2026-05-20 10:20:00-04:00,LONG,-0.004
SMCI,2026-05-20,2026-05-20 10:21:00-04:00,LONG,-0.004
SMCI,2026-05-21,2026-05-21 09:36:00-04:00,LONG,-0.004
SMCI,2026-05-21,2026-05-21 09:40:00-04:00,LONG,-0.004
SMCI,2026-05-21,2026-05-21 10:13:00-04:00,SHORT,0.0025
SMCI,2026-05-21,2026-05-21 10:20:00-04:00,SHORT,-0.004
SMCI,2026-05-22,2026-05-22 09:34:00-04:00,LONG,0.0025
SMCI,2026-05-22,2026-05-22 09:35:00-04:00,LONG,0.0025
SMCI,2026-05-22,2026-05-22 09:36:00-04:00,LONG,0.0025
SMCI,2026-05-22,2026-05-22 09:39:00-04:00,LONG,-0.004
SMCI,2026-05-22,2026-05-22 09:59:00-04:00,LONG,-0.004
SMCI,2026-05-22,2026-05-22 10:29:00-04:00,LONG,0.0025
SMCI,2026-05-26,2026-05-26 09:30:00-04:00,LONG,-0.004
SMCI,2026-05-26,2026-05-26 09:31:00-04:00,SHORT,-0.004
SMCI,2026-05-26,2026-05-26 09:32:00-04:00,SHORT,-0.004
SMCI,2026-05-26,2026-05-26 09:34:00-04:00,SHORT,0.0025
SMCI,2026-05-26,2026-05-26 09:35:00-04:00,SHORT,-0.004
SMCI,2026-05-26,2026-05-26 10:09:00-04:00,LONG,-0.004
SMCI,2026-05-27,2026-05-27 09:32:00-04:00,LONG,0.0025
SMCI,2026-05-27,2026-05-27 09:33:00-04:00,LONG,-0.004
SMCI,2026-05-27,2026-05-27 10:22:00-04:00,SHORT,-0.004
SMCI,2026-05-27,2026-05-27 10:26:00-04:00,SHORT,-0.004
SMCI,2026-05-28,2026-05-28 09:30:00-04:00,LONG,-0.004
SMCI,2026-05-28,2026-05-28 09:33:00-04:00,LONG,0.0025
SMCI,2026-05-28,2026-05-28 09:35:00-04:00,LONG,0.0025
SMCI,2026-05-28,2026-05-28 09:36:00-04:00,LONG,-0.004
SMCI,2026-05-28,2026-05-28 10:16:00-04:00,LONG,0.01
SMCI,2026-05-28,2026-05-28 10:17:00-04:00,LONG,0.0025
SMCI,2026-05-28,2026-05-28 10:18:00-04:00,LONG,0.01
SMCI,2026-05-28,2026-05-28 10:19:00-04:00,LONG,0.0025
SMCI,2026-05-29,2026-05-29 09:35:00-04:00,LONG,-0.004
SMCI,2026-05-29,2026-05-29 09:36:00-04:00,LONG,0.0025
SMCI,2026-05-29,2026-05-29 09:37:00-04:00,LONG,-0.004
SMCI,2026-05-29,2026-05-29 09:38:00-04:00,LONG,-0.004
SMCI,2026-05-29,2026-05-29 09:40:00-04:00,LONG,-0.004
SMCI,2026-06-01,2026-06-01 09:32:00-04:00,LONG,-0.004
SMCI,2026-06-01,2026-06-01 09:35:00-04:00,LONG,0.0025
SMCI,2026-06-01,2026-06-01 09:36:00-04:00,LONG,0.0025
SMCI,2026-06-02,2026-06-02 09:30:00-04:00,LONG,0.0025
SMCI,2026-06-02,2026-06-02 09:31:00-04:00,LONG,-0.004
SMCI,2026-06-02,2026-06-02 09:34:00-04:00,LONG,-0.004
SMCI,2026-06-03,2026-06-03 09:30:00-04:00,SHORT,-0.004
SMCI,2026-06-03,2026-06-03 09:34:00-04:00,SHORT,0.0025
SMCI,2026-06-03,2026-06-03 09:36:00-04:00,SHORT,0.0025
SMCI,2026-06-03,2026-06-03 09:37:00-04:00,SHORT,-0.004
SMCI,2026-06-03,2026-06-03 09:40:00-04:00,SHORT,0.0025
SMCI,2026-06-03,2026-06-03 09:46:00-04:00,SHORT,0.0025
SMCI,2026-06-03,2026-06-03 09:47:00-04:00,SHORT,0.0025
SMCI,2026-06-03,2026-06-03 09:48:00-04:00,SHORT,-0.004
SMCI,2026-06-03,2026-06-03 10:30:00-04:00,SHORT,-0.004
SMCI,2026-06-04,2026-06-04 09:30:00-04:00,LONG,0.0025
SMCI,2026-06-04,2026-06-04 09:31:00-04:00,LONG,-0.004
SMCI,2026-06-04,2026-06-04 09:55:00-04:00,SHORT,0.0025
SMCI,2026-06-05,2026-06-05 09:30:00-04:00,SHORT,-0.004
SMCI,2026-06-05,2026-06-05 09:33:00-04:00,SHORT,0.0025
SMCI,2026-06-05,2026-06-05 09:34:00-04:00,SHORT,0.0025
SMCI,2026-06-05,2026-06-05 09:37:00-04:00,SHORT,0.01
SMCI,2026-06-08,2026-06-08 09:30:00-04:00,SHORT,0.0025
SMCI,2026-06-08,2026-06-08 09:31:00-04:00,SHORT,0.0025
SMCI,2026-06-08,2026-06-08 09:32:00-04:00,SHORT,0.0025
SMCI,2026-06-08,2026-06-08 09:34:00-04:00,SHORT,-0.004
SMCI,2026-06-09,2026-06-09 09:30:00-04:00,SHORT,0.0025
SMCI,2026-06-09,2026-06-09 09:31:00-04:00,SHORT,0.0025
SMCI,2026-06-09,2026-06-09 09:32:00-04:00,SHORT,0.0025
SMCI,2026-06-09,2026-06-09 09:33:00-04:00,SHORT,0.0025
SMCI,2026-06-09,2026-06-09 09:34:00-04:00,SHORT,-0.004
SMCI,2026-06-09,2026-06-09 10:07:00-04:00,SHORT,0.01
SMCI,2026-06-09,2026-06-09 10:08:00-04:00,SHORT,0.01
SMCI,2026-06-09,2026-06-09 10:16:00-04:00,SHORT,0.0025
SMCI,2026-06-10,2026-06-10 09:31:00-04:00,SHORT,-0.004
SMCI,2026-06-10,2026-06-10 09:32:00-04:00,SHORT,-0.004
SMCI,2026-06-10,2026-06-10 09:33:00-04:00,SHORT,0.0025
SMCI,2026-06-10,2026-06-10 10:29:00-04:00,SHORT,0.0025
SMCI,2026-06-11,2026-06-11 09:31:00-04:00,LONG,-0.004
SMCI,2026-06-11,2026-06-11 10:10:00-04:00,SHORT,0.0025
SMCI,2026-06-12,2026-06-12 09:30:00-04:00,SHORT,-0.004
SMCI,2026-06-12,2026-06-12 09:31:00-04:00,SHORT,0.0025
SMCI,2026-06-12,2026-06-12 09:33:00-04:00,SHORT,-0.004
SMCI,2026-06-12,2026-06-12 10:00:00-04:00,LONG,0.0025
SMCI,2026-06-12,2026-06-12 10:13:00-04:00,LONG,0.0025
