2026-06-12 08:01:58,490  ERROR  Alpaca connection failed: cannot import name 'OptionType' from 'alpaca.trading.enums' (C:\Users\tybre\AppData\Local\Python\pythoncore-3.14-64\Lib\site-packages\alpaca\trading\enums.py)
2026-06-12 08:01:58,491  ERROR  Install: python -m pip install alpaca-py
2026-06-12 08:02:53,556  INFO  Connected to Alpaca Paper Options | Cash: $5,000.00  Buying power: $20,000.00
2026-06-12 08:02:53,627  INFO  BOOF 31 v2 OPTIONS Bot — 24/7 Continuous mode started
2026-06-12 08:02:53,627  INFO  Parameters: TP=40%, SL=15%, Timeout=20min, UNLIMITED daily trades
2026-06-12 08:02:53,627  INFO  24/7 monitoring: Active during market hours, standby when closed
2026-06-12 08:02:53,627  INFO  Timezone: EST (US/Eastern) - Trading starts at 9:30 AM EST
2026-06-12 08:02:53,695  INFO  ============================================================
2026-06-12 08:02:53,697  INFO  OPTIONS SCAN — checking for BOOF 31 v2 setups...
2026-06-12 08:02:54,388  WARNING  Error calculating BOOF score for AAPL: 'numpy.float64' object has no attribute 'quantile'
2026-06-12 08:02:54,489  WARNING  Error calculating BOOF score for MSFT: 'numpy.float64' object has no attribute 'quantile'
2026-06-12 08:02:54,708  WARNING  Error calculating BOOF score for NVDA: 'numpy.float64' object has no attribute 'quantile'
2026-06-12 08:02:54,801  WARNING  Error calculating BOOF score for AMZN: 'numpy.float64' object has no attribute 'quantile'
2026-06-12 08:02:54,946  WARNING  Error calculating BOOF score for META: 'numpy.float64' object has no attribute 'quantile'
2026-06-12 08:02:55,096  WARNING  Error calculating BOOF score for GOOGL: 'numpy.float64' object has no attribute 'quantile'
2026-06-12 08:02:55,181  WARNING  Error calculating BOOF score for TSLA: 'numpy.float64' object has no attribute 'quantile'
2026-06-12 08:02:55,271  WARNING  Error calculating BOOF score for NFLX: 'numpy.float64' object has no attribute 'quantile'
2026-06-12 08:02:55,438  WARNING  Error calculating BOOF score for SPY: 'numpy.float64' object has no attribute 'quantile'
2026-06-12 08:02:55,571  WARNING  Error calculating BOOF score for QQQ: 'numpy.float64' object has no attribute 'quantile'
2026-06-12 08:02:55,777  WARNING  Error calculating BOOF score for IWM: 'numpy.float64' object has no attribute 'quantile'
2026-06-12 08:02:55,929  WARNING  Error calculating BOOF score for AMD: 'numpy.float64' object has no attribute 'quantile'
2026-06-12 08:02:56,209  WARNING  Error calculating BOOF score for AVGO: 'numpy.float64' object has no attribute 'quantile'
2026-06-12 08:02:56,297  WARNING  Error calculating BOOF score for CRM: 'numpy.float64' object has no attribute 'quantile'
2026-06-12 08:02:56,384  WARNING  Error calculating BOOF score for PYPL: 'numpy.float64' object has no attribute 'quantile'
2026-06-12 08:02:56,489  WARNING  Error calculating BOOF score for UBER: 'numpy.float64' object has no attribute 'quantile'
2026-06-12 08:02:56,571  WARNING  Error calculating BOOF score for COIN: 'numpy.float64' object has no attribute 'quantile'
2026-06-12 08:02:56,655  WARNING  Error calculating BOOF score for HOOD: 'numpy.float64' object has no attribute 'quantile'
2026-06-12 08:02:56,767  WARNING  Error calculating BOOF score for MSTR: 'numpy.float64' object has no attribute 'quantile'
2026-06-12 08:02:56,859  WARNING  Error calculating BOOF score for SMH: 'numpy.float64' object has no attribute 'quantile'
2026-06-12 08:02:56,969  WARNING  Error calculating BOOF score for SOXX: 'numpy.float64' object has no attribute 'quantile'
2026-06-12 08:02:56,969  INFO  No BOOF 31 v2 setups found for options
2026-06-12 08:03:02,029  INFO  ============================================================
2026-06-12 08:03:02,030  INFO  OPTIONS SCAN — checking for BOOF 31 v2 setups...
2026-06-12 08:03:02,106  WARNING  Error calculating BOOF score for AAPL: 'numpy.float64' object has no attribute 'quantile'
2026-06-12 08:03:02,184  WARNING  Error calculating BOOF score for MSFT: 'numpy.float64' object has no attribute 'quantile'
2026-06-12 08:03:02,321  WARNING  Error calculating BOOF score for NVDA: 'numpy.float64' object has no attribute 'quantile'
2026-06-12 08:03:02,426  WARNING  Error calculating BOOF score for AMZN: 'numpy.float64' object has no attribute 'quantile'
2026-06-12 08:03:02,561  WARNING  Error calculating BOOF score for META: 'numpy.float64' object has no attribute 'quantile'
2026-06-12 08:03:02,746  WARNING  Error calculating BOOF score for GOOGL: 'numpy.float64' object has no attribute 'quantile'
2026-06-12 08:03:02,830  WARNING  Error calculating BOOF score for TSLA: 'numpy.float64' object has no attribute 'quantile'
2026-06-12 08:03:02,900  WARNING  Error calculating BOOF score for NFLX: 'numpy.float64' object has no attribute 'quantile'
2026-06-12 08:03:03,071  WARNING  Error calculating BOOF score for SPY: 'numpy.float64' object has no attribute 'quantile'
2026-06-12 08:03:03,230  WARNING  Error calculating BOOF score for QQQ: 'numpy.float64' object has no attribute 'quantile'
2026-06-12 08:03:03,436  WARNING  Error calculating BOOF score for IWM: 'numpy.float64' object has no attribute 'quantile'
2026-06-12 08:03:03,515  WARNING  Error calculating BOOF score for AMD: 'numpy.float64' object has no attribute 'quantile'
2026-06-12 08:03:03,792  WARNING  Error calculating BOOF score for AVGO: 'numpy.float64' object has no attribute 'quantile'
2026-06-12 08:03:03,880  WARNING  Error calculating BOOF score for CRM: 'numpy.float64' object has no attribute 'quantile'
2026-06-12 08:03:03,963  WARNING  Error calculating BOOF score for PYPL: 'numpy.float64' object has no attribute 'quantile'
2026-06-12 08:03:04,072  WARNING  Error calculating BOOF score for UBER: 'numpy.float64' object has no attribute 'quantile'
2026-06-12 08:03:04,148  WARNING  Error calculating BOOF score for COIN: 'numpy.float64' object has no attribute 'quantile'
2026-06-12 08:03:04,235  WARNING  Error calculating BOOF score for HOOD: 'numpy.float64' object has no attribute 'quantile'
2026-06-12 08:03:04,300  WARNING  Error calculating BOOF score for MSTR: 'numpy.float64' object has no attribute 'quantile'
2026-06-12 08:03:04,377  WARNING  Error calculating BOOF score for SMH: 'numpy.float64' object has no attribute 'quantile'
2026-06-12 08:03:04,462  WARNING  Error calculating BOOF score for SOXX: 'numpy.float64' object has no attribute 'quantile'
2026-06-12 08:03:04,462  INFO  No BOOF 31 v2 setups found for options
2026-06-12 08:03:09,524  INFO  ============================================================
2026-06-12 08:03:09,524  INFO  OPTIONS SCAN — checking for BOOF 31 v2 setups...
2026-06-12 08:03:09,603  WARNING  Error calculating BOOF score for AAPL: 'numpy.float64' object has no attribute 'quantile'
2026-06-12 08:03:09,676  WARNING  Error calculating BOOF score for MSFT: 'numpy.float64' object has no attribute 'quantile'
2026-06-12 08:03:09,772  WARNING  Error calculating BOOF score for NVDA: 'numpy.float64' object has no attribute 'quantile'
2026-06-12 08:03:09,861  WARNING  Error calculating BOOF score for AMZN: 'numpy.float64' object has no attribute 'quantile'
2026-06-12 08:03:09,948  WARNING  Error calculating BOOF score for META: 'numpy.float64' object has no attribute 'quantile'
2026-06-12 08:03:10,093  WARNING  Error calculating BOOF score for GOOGL: 'numpy.float64' object has no attribute 'quantile'
2026-06-12 08:03:10,175  WARNING  Error calculating BOOF score for TSLA: 'numpy.float64' object has no attribute 'quantile'
2026-06-12 08:03:10,254  WARNING  Error calculating BOOF score for NFLX: 'numpy.float64' object has no attribute 'quantile'
2026-06-12 08:03:10,345  WARNING  Error calculating BOOF score for SPY: 'numpy.float64' object has no attribute 'quantile'
2026-06-12 08:03:10,449  WARNING  Error calculating BOOF score for QQQ: 'numpy.float64' object has no attribute 'quantile'
2026-06-12 08:03:10,654  WARNING  Error calculating BOOF score for IWM: 'numpy.float64' object has no attribute 'quantile'
2026-06-12 08:03:10,748  WARNING  Error calculating BOOF score for AMD: 'numpy.float64' object has no attribute 'quantile'
2026-06-12 08:03:11,039  WARNING  Error calculating BOOF score for AVGO: 'numpy.float64' object has no attribute 'quantile'
2026-06-12 08:03:11,126  WARNING  Error calculating BOOF score for CRM: 'numpy.float64' object has no attribute 'quantile'
2026-06-12 08:03:11,205  WARNING  Error calculating BOOF score for PYPL: 'numpy.float64' object has no attribute 'quantile'
2026-06-12 08:03:11,291  WARNING  Error calculating BOOF score for UBER: 'numpy.float64' object has no attribute 'quantile'
2026-06-12 08:03:11,394  WARNING  Error calculating BOOF score for COIN: 'numpy.float64' object has no attribute 'quantile'
2026-06-12 08:03:11,492  WARNING  Error calculating BOOF score for HOOD: 'numpy.float64' object has no attribute 'quantile'
2026-06-12 08:03:11,571  WARNING  Error calculating BOOF score for MSTR: 'numpy.float64' object has no attribute 'quantile'
2026-06-12 08:03:11,645  WARNING  Error calculating BOOF score for SMH: 'numpy.float64' object has no attribute 'quantile'
2026-06-12 08:03:11,743  WARNING  Error calculating BOOF score for SOXX: 'numpy.float64' object has no attribute 'quantile'
2026-06-12 08:03:11,743  INFO  No BOOF 31 v2 setups found for options
2026-06-12 08:03:16,820  INFO  ============================================================
2026-06-12 08:03:16,820  INFO  OPTIONS SCAN — checking for BOOF 31 v2 setups...
2026-06-12 08:03:16,900  WARNING  Error calculating BOOF score for AAPL: 'numpy.float64' object has no attribute 'quantile'
2026-06-12 08:03:16,984  WARNING  Error calculating BOOF score for MSFT: 'numpy.float64' object has no attribute 'quantile'
2026-06-12 08:03:17,114  WARNING  Error calculating BOOF score for NVDA: 'numpy.float64' object has no attribute 'quantile'
2026-06-12 08:03:17,242  WARNING  Error calculating BOOF score for AMZN: 'numpy.float64' object has no attribute 'quantile'
2026-06-12 08:03:17,315  WARNING  Error calculating BOOF score for META: 'numpy.float64' object has no attribute 'quantile'
2026-06-12 08:03:17,451  WARNING  Error calculating BOOF score for GOOGL: 'numpy.float64' object has no attribute 'quantile'
2026-06-12 08:03:17,527  WARNING  Error calculating BOOF score for TSLA: 'numpy.float64' object has no attribute 'quantile'
2026-06-12 08:03:17,654  WARNING  Error calculating BOOF score for NFLX: 'numpy.float64' object has no attribute 'quantile'
2026-06-12 08:03:17,737  WARNING  Error calculating BOOF score for SPY: 'numpy.float64' object has no attribute 'quantile'
2026-06-12 08:03:17,864  WARNING  Error calculating BOOF score for QQQ: 'numpy.float64' object has no attribute 'quantile'
2026-06-12 08:03:18,080  WARNING  Error calculating BOOF score for IWM: 'numpy.float64' object has no attribute 'quantile'
2026-06-12 08:03:18,195  WARNING  Error calculating BOOF score for AMD: 'numpy.float64' object has no attribute 'quantile'
2026-06-12 08:03:18,540  WARNING  Error calculating BOOF score for AVGO: 'numpy.float64' object has no attribute 'quantile'
2026-06-12 08:03:18,608  WARNING  Error calculating BOOF score for CRM: 'numpy.float64' object has no attribute 'quantile'
2026-06-12 08:03:18,678  WARNING  Error calculating BOOF score for PYPL: 'numpy.float64' object has no attribute 'quantile'
2026-06-12 08:03:18,753  WARNING  Error calculating BOOF score for UBER: 'numpy.float64' object has no attribute 'quantile'
2026-06-12 08:03:18,884  WARNING  Error calculating BOOF score for COIN: 'numpy.float64' object has no attribute 'quantile'
2026-06-12 08:03:19,033  WARNING  Error calculating BOOF score for HOOD: 'numpy.float64' object has no attribute 'quantile'
2026-06-12 08:03:19,109  WARNING  Error calculating BOOF score for MSTR: 'numpy.float64' object has no attribute 'quantile'
2026-06-12 08:03:19,181  WARNING  Error calculating BOOF score for SMH: 'numpy.float64' object has no attribute 'quantile'
2026-06-12 08:03:19,279  WARNING  Error calculating BOOF score for SOXX: 'numpy.float64' object has no attribute 'quantile'
2026-06-12 08:03:19,279  INFO  No BOOF 31 v2 setups found for options
2026-06-12 08:03:24,356  INFO  ============================================================
2026-06-12 08:03:24,356  INFO  OPTIONS SCAN — checking for BOOF 31 v2 setups...
2026-06-12 08:03:24,432  WARNING  Error calculating BOOF score for AAPL: 'numpy.float64' object has no attribute 'quantile'
2026-06-12 08:03:24,549  WARNING  Error calculating BOOF score for MSFT: 'numpy.float64' object has no attribute 'quantile'
2026-06-12 08:03:24,658  WARNING  Error calculating BOOF score for NVDA: 'numpy.float64' object has no attribute 'quantile'
2026-06-12 08:03:24,803  WARNING  Error calculating BOOF score for AMZN: 'numpy.float64' object has no attribute 'quantile'
2026-06-12 08:03:24,914  WARNING  Error calculating BOOF score for META: 'numpy.float64' object has no attribute 'quantile'
2026-06-12 08:03:25,077  WARNING  Error calculating BOOF score for GOOGL: 'numpy.float64' object has no attribute 'quantile'
2026-06-12 08:03:25,147  WARNING  Error calculating BOOF score for TSLA: 'numpy.float64' object has no attribute 'quantile'
2026-06-12 08:03:25,238  WARNING  Error calculating BOOF score for NFLX: 'numpy.float64' object has no attribute 'quantile'
2026-06-12 08:03:25,347  WARNING  Error calculating BOOF score for SPY: 'numpy.float64' object has no attribute 'quantile'
2026-06-12 08:03:25,465  WARNING  Error calculating BOOF score for QQQ: 'numpy.float64' object has no attribute 'quantile'
2026-06-12 08:03:25,620  WARNING  Error calculating BOOF score for IWM: 'numpy.float64' object has no attribute 'quantile'
2026-06-12 08:03:25,693  WARNING  Error calculating BOOF score for AMD: 'numpy.float64' object has no attribute 'quantile'
2026-06-12 08:03:26,016  WARNING  Error calculating BOOF score for AVGO: 'numpy.float64' object has no attribute 'quantile'
2026-06-12 08:03:26,115  WARNING  Error calculating BOOF score for CRM: 'numpy.float64' object has no attribute 'quantile'
2026-06-12 08:03:26,202  WARNING  Error calculating BOOF score for PYPL: 'numpy.float64' object has no attribute 'quantile'
2026-06-12 08:03:26,282  WARNING  Error calculating BOOF score for UBER: 'numpy.float64' object has no attribute 'quantile'
2026-06-12 08:03:26,381  WARNING  Error calculating BOOF score for COIN: 'numpy.float64' object has no attribute 'quantile'
2026-06-12 08:03:26,485  WARNING  Error calculating BOOF score for HOOD: 'numpy.float64' object has no attribute 'quantile'
2026-06-12 08:03:26,586  WARNING  Error calculating BOOF score for MSTR: 'numpy.float64' object has no attribute 'quantile'
2026-06-12 08:03:26,701  WARNING  Error calculating BOOF score for SMH: 'numpy.float64' object has no attribute 'quantile'
2026-06-12 08:03:26,778  WARNING  Error calculating BOOF score for SOXX: 'numpy.float64' object has no attribute 'quantile'
2026-06-12 08:03:26,778  INFO  No BOOF 31 v2 setups found for options
2026-06-12 08:03:31,835  INFO  ============================================================
2026-06-12 08:03:31,835  INFO  OPTIONS SCAN — checking for BOOF 31 v2 setups...
2026-06-12 08:03:31,917  WARNING  Error calculating BOOF score for AAPL: 'numpy.float64' object has no attribute 'quantile'
2026-06-12 08:03:32,001  WARNING  Error calculating BOOF score for MSFT: 'numpy.float64' object has no attribute 'quantile'
2026-06-12 08:03:32,126  WARNING  Error calculating BOOF score for NVDA: 'numpy.float64' object has no attribute 'quantile'
2026-06-12 08:03:32,223  WARNING  Error calculating BOOF score for AMZN: 'numpy.float64' object has no attribute 'quantile'
2026-06-12 08:03:32,357  WARNING  Error calculating BOOF score for META: 'numpy.float64' object has no attribute 'quantile'
2026-06-12 08:03:32,497  WARNING  Error calculating BOOF score for GOOGL: 'numpy.float64' object has no attribute 'quantile'
2026-06-12 08:03:32,584  WARNING  Error calculating BOOF score for TSLA: 'numpy.float64' object has no attribute 'quantile'
2026-06-12 08:03:32,655  WARNING  Error calculating BOOF score for NFLX: 'numpy.float64' object has no attribute 'quantile'
2026-06-12 08:03:32,764  WARNING  Error calculating BOOF score for SPY: 'numpy.float64' object has no attribute 'quantile'
2026-06-12 08:03:32,878  WARNING  Error calculating BOOF score for QQQ: 'numpy.float64' object has no attribute 'quantile'
2026-06-12 08:03:33,039  WARNING  Error calculating BOOF score for IWM: 'numpy.float64' object has no attribute 'quantile'
2026-06-12 08:03:33,133  WARNING  Error calculating BOOF score for AMD: 'numpy.float64' object has no attribute 'quantile'
2026-06-12 08:03:33,396  WARNING  Error calculating BOOF score for AVGO: 'numpy.float64' object has no attribute 'quantile'
2026-06-12 08:03:33,479  WARNING  Error calculating BOOF score for CRM: 'numpy.float64' object has no attribute 'quantile'
2026-06-12 08:03:33,558  WARNING  Error calculating BOOF score for PYPL: 'numpy.float64' object has no attribute 'quantile'
2026-06-12 08:03:33,634  WARNING  Error calculating BOOF score for UBER: 'numpy.float64' object has no attribute 'quantile'
2026-06-12 08:03:33,752  WARNING  Error calculating BOOF score for COIN: 'numpy.float64' object has no attribute 'quantile'
2026-06-12 08:03:33,843  WARNING  Error calculating BOOF score for HOOD: 'numpy.float64' object has no attribute 'quantile'
2026-06-12 08:03:33,928  WARNING  Error calculating BOOF score for MSTR: 'numpy.float64' object has no attribute 'quantile'
2026-06-12 08:03:34,050  WARNING  Error calculating BOOF score for SMH: 'numpy.float64' object has no attribute 'quantile'
2026-06-12 08:03:34,148  WARNING  Error calculating BOOF score for SOXX: 'numpy.float64' object has no attribute 'quantile'
2026-06-12 08:03:34,148  INFO  No BOOF 31 v2 setups found for options
2026-06-12 08:03:39,399  INFO  ============================================================
2026-06-12 08:03:39,400  INFO  OPTIONS SCAN — checking for BOOF 31 v2 setups...
2026-06-12 08:03:39,478  WARNING  Error calculating BOOF score for AAPL: 'numpy.float64' object has no attribute 'quantile'
2026-06-12 08:03:39,551  WARNING  Error calculating BOOF score for MSFT: 'numpy.float64' object has no attribute 'quantile'
2026-06-12 08:03:39,648  WARNING  Error calculating BOOF score for NVDA: 'numpy.float64' object has no attribute 'quantile'
2026-06-12 08:03:39,769  WARNING  Error calculating BOOF score for AMZN: 'numpy.float64' object has no attribute 'quantile'
2026-06-12 08:03:39,889  WARNING  Error calculating BOOF score for META: 'numpy.float64' object has no attribute 'quantile'
2026-06-12 08:03:40,049  WARNING  Error calculating BOOF score for GOOGL: 'numpy.float64' object has no attribute 'quantile'
2026-06-12 08:03:40,145  WARNING  Error calculating BOOF score for TSLA: 'numpy.float64' object has no attribute 'quantile'
2026-06-12 08:03:40,241  WARNING  Error calculating BOOF score for NFLX: 'numpy.float64' object has no attribute 'quantile'
2026-06-12 08:03:40,371  WARNING  Error calculating BOOF score for SPY: 'numpy.float64' object has no attribute 'quantile'
2026-06-12 08:03:40,481  WARNING  Error calculating BOOF score for QQQ: 'numpy.float64' object has no attribute 'quantile'
2026-06-12 08:03:40,635  WARNING  Error calculating BOOF score for IWM: 'numpy.float64' object has no attribute 'quantile'
2026-06-12 08:03:40,712  WARNING  Error calculating BOOF score for AMD: 'numpy.float64' object has no attribute 'quantile'
2026-06-12 08:03:40,883  WARNING  Error calculating BOOF score for AVGO: 'numpy.float64' object has no attribute 'quantile'
2026-06-12 08:03:40,951  WARNING  Error calculating BOOF score for CRM: 'numpy.float64' object has no attribute 'quantile'
2026-06-12 08:03:41,034  WARNING  Error calculating BOOF score for PYPL: 'numpy.float64' object has no attribute 'quantile'
2026-06-12 08:03:41,118  WARNING  Error calculating BOOF score for UBER: 'numpy.float64' object has no attribute 'quantile'
2026-06-12 08:03:41,196  WARNING  Error calculating BOOF score for COIN: 'numpy.float64' object has no attribute 'quantile'
2026-06-12 08:03:41,282  WARNING  Error calculating BOOF score for HOOD: 'numpy.float64' object has no attribute 'quantile'
2026-06-12 08:03:41,353  WARNING  Error calculating BOOF score for MSTR: 'numpy.float64' object has no attribute 'quantile'
2026-06-12 08:03:41,427  WARNING  Error calculating BOOF score for SMH: 'numpy.float64' object has no attribute 'quantile'
2026-06-12 08:03:41,503  WARNING  Error calculating BOOF score for SOXX: 'numpy.float64' object has no attribute 'quantile'
2026-06-12 08:03:41,504  INFO  No BOOF 31 v2 setups found for options
2026-06-12 08:03:46,568  INFO  ============================================================
2026-06-12 08:03:46,569  INFO  OPTIONS SCAN — checking for BOOF 31 v2 setups...
2026-06-12 08:03:46,697  WARNING  Error calculating BOOF score for AAPL: 'numpy.float64' object has no attribute 'quantile'
2026-06-12 08:03:46,775  WARNING  Error calculating BOOF score for MSFT: 'numpy.float64' object has no attribute 'quantile'
2026-06-12 08:03:46,897  WARNING  Error calculating BOOF score for NVDA: 'numpy.float64' object has no attribute 'quantile'
2026-06-12 08:03:47,001  WARNING  Error calculating BOOF score for AMZN: 'numpy.float64' object has no attribute 'quantile'
2026-06-12 08:03:47,117  WARNING  Error calculating BOOF score for META: 'numpy.float64' object has no attribute 'quantile'
2026-06-12 08:03:47,267  WARNING  Error calculating BOOF score for GOOGL: 'numpy.float64' object has no attribute 'quantile'
2026-06-12 08:03:47,340  WARNING  Error calculating BOOF score for TSLA: 'numpy.float64' object has no attribute 'quantile'
2026-06-12 08:03:47,418  WARNING  Error calculating BOOF score for NFLX: 'numpy.float64' object has no attribute 'quantile'
2026-06-12 08:03:47,542  WARNING  Error calculating BOOF score for SPY: 'numpy.float64' object has no attribute 'quantile'
2026-06-12 08:03:47,676  WARNING  Error calculating BOOF score for QQQ: 'numpy.float64' object has no attribute 'quantile'
2026-06-12 08:03:47,817  WARNING  Error calculating BOOF score for IWM: 'numpy.float64' object has no attribute 'quantile'
2026-06-12 08:03:47,907  WARNING  Error calculating BOOF score for AMD: 'numpy.float64' object has no attribute 'quantile'
2026-06-12 08:03:48,121  WARNING  Error calculating BOOF score for AVGO: 'numpy.float64' object has no attribute 'quantile'
2026-06-12 08:03:48,224  WARNING  Error calculating BOOF score for CRM: 'numpy.float64' object has no attribute 'quantile'
2026-06-12 08:03:48,349  WARNING  Error calculating BOOF score for PYPL: 'numpy.float64' object has no attribute 'quantile'
2026-06-12 08:03:48,450  WARNING  Error calculating BOOF score for UBER: 'numpy.float64' object has no attribute 'quantile'
2026-06-12 08:03:48,572  WARNING  Error calculating BOOF score for COIN: 'numpy.float64' object has no attribute 'quantile'
2026-06-12 08:03:48,651  WARNING  Error calculating BOOF score for HOOD: 'numpy.float64' object has no attribute 'quantile'
2026-06-12 08:03:48,740  WARNING  Error calculating BOOF score for MSTR: 'numpy.float64' object has no attribute 'quantile'
2026-06-12 08:03:48,816  WARNING  Error calculating BOOF score for SMH: 'numpy.float64' object has no attribute 'quantile'
2026-06-12 08:03:48,925  WARNING  Error calculating BOOF score for SOXX: 'numpy.float64' object has no attribute 'quantile'
2026-06-12 08:03:48,926  INFO  No BOOF 31 v2 setups found for options
2026-06-12 08:03:54,004  INFO  ============================================================
2026-06-12 08:03:54,004  INFO  OPTIONS SCAN — checking for BOOF 31 v2 setups...
2026-06-12 08:03:54,085  WARNING  Error calculating BOOF score for AAPL: 'numpy.float64' object has no attribute 'quantile'
2026-06-12 08:03:54,212  WARNING  Error calculating BOOF score for MSFT: 'numpy.float64' object has no attribute 'quantile'
2026-06-12 08:03:54,337  WARNING  Error calculating BOOF score for NVDA: 'numpy.float64' object has no attribute 'quantile'
2026-06-12 08:03:54,431  WARNING  Error calculating BOOF score for AMZN: 'numpy.float64' object has no attribute 'quantile'
2026-06-12 08:03:54,541  WARNING  Error calculating BOOF score for META: 'numpy.float64' object has no attribute 'quantile'
2026-06-12 08:03:54,673  WARNING  Error calculating BOOF score for GOOGL: 'numpy.float64' object has no attribute 'quantile'
2026-06-12 08:03:54,751  WARNING  Error calculating BOOF score for TSLA: 'numpy.float64' object has no attribute 'quantile'
2026-06-12 08:03:54,841  WARNING  Error calculating BOOF score for NFLX: 'numpy.float64' object has no attribute 'quantile'
2026-06-12 08:03:54,970  WARNING  Error calculating BOOF score for SPY: 'numpy.float64' object has no attribute 'quantile'
2026-06-12 08:03:55,085  WARNING  Error calculating BOOF score for QQQ: 'numpy.float64' object has no attribute 'quantile'
2026-06-12 08:03:55,242  WARNING  Error calculating BOOF score for IWM: 'numpy.float64' object has no attribute 'quantile'
2026-06-12 08:03:55,314  WARNING  Error calculating BOOF score for AMD: 'numpy.float64' object has no attribute 'quantile'
2026-06-12 08:03:55,501  WARNING  Error calculating BOOF score for AVGO: 'numpy.float64' object has no attribute 'quantile'
2026-06-12 08:03:55,572  WARNING  Error calculating BOOF score for CRM: 'numpy.float64' object has no attribute 'quantile'
2026-06-12 08:03:55,649  WARNING  Error calculating BOOF score for PYPL: 'numpy.float64' object has no attribute 'quantile'
2026-06-12 08:03:55,728  WARNING  Error calculating BOOF score for UBER: 'numpy.float64' object has no attribute 'quantile'
2026-06-12 08:03:55,830  WARNING  Error calculating BOOF score for COIN: 'numpy.float64' object has no attribute 'quantile'
2026-06-12 08:03:55,919  WARNING  Error calculating BOOF score for HOOD: 'numpy.float64' object has no attribute 'quantile'
2026-06-12 08:03:56,019  WARNING  Error calculating BOOF score for MSTR: 'numpy.float64' object has no attribute 'quantile'
2026-06-12 08:03:56,109  WARNING  Error calculating BOOF score for SMH: 'numpy.float64' object has no attribute 'quantile'
2026-06-12 08:03:56,197  WARNING  Error calculating BOOF score for SOXX: 'numpy.float64' object has no attribute 'quantile'
2026-06-12 08:03:56,198  INFO  No BOOF 31 v2 setups found for options
2026-06-12 08:04:01,521  INFO  ============================================================
2026-06-12 08:04:01,521  INFO  OPTIONS SCAN — checking for BOOF 31 v2 setups...
2026-06-12 08:04:01,608  WARNING  Error calculating BOOF score for AAPL: 'numpy.float64' object has no attribute 'quantile'
2026-06-12 08:04:01,705  WARNING  Error calculating BOOF score for MSFT: 'numpy.float64' object has no attribute 'quantile'
2026-06-12 08:04:01,775  WARNING  Error calculating BOOF score for NVDA: 'numpy.float64' object has no attribute 'quantile'
2026-06-12 08:04:01,877  WARNING  Error calculating BOOF score for AMZN: 'numpy.float64' object has no attribute 'quantile'
2026-06-12 08:04:01,957  WARNING  Error calculating BOOF score for META: 'numpy.float64' object has no attribute 'quantile'
2026-06-12 08:04:02,110  WARNING  Error calculating BOOF score for GOOGL: 'numpy.float64' object has no attribute 'quantile'
2026-06-12 08:04:02,192  WARNING  Error calculating BOOF score for TSLA: 'numpy.float64' object has no attribute 'quantile'
2026-06-12 08:04:02,266  WARNING  Error calculating BOOF score for NFLX: 'numpy.float64' object has no attribute 'quantile'
2026-06-12 08:04:02,346  WARNING  Error calculating BOOF score for SPY: 'numpy.float64' object has no attribute 'quantile'
2026-06-12 08:04:02,444  WARNING  Error calculating BOOF score for QQQ: 'numpy.float64' object has no attribute 'quantile'
2026-06-12 08:04:02,668  WARNING  Error calculating BOOF score for IWM: 'numpy.float64' object has no attribute 'quantile'
2026-06-12 08:04:02,799  WARNING  Error calculating BOOF score for AMD: 'numpy.float64' object has no attribute 'quantile'
2026-06-12 08:04:03,024  WARNING  Error calculating BOOF score for AVGO: 'numpy.float64' object has no attribute 'quantile'
2026-06-12 08:04:03,141  WARNING  Error calculating BOOF score for CRM: 'numpy.float64' object has no attribute 'quantile'
2026-06-12 08:04:03,210  WARNING  Error calculating BOOF score for PYPL: 'numpy.float64' object has no attribute 'quantile'
2026-06-12 08:04:03,300  WARNING  Error calculating BOOF score for UBER: 'numpy.float64' object has no attribute 'quantile'
2026-06-12 08:04:03,374  WARNING  Error calculating BOOF score for COIN: 'numpy.float64' object has no attribute 'quantile'
2026-06-12 08:04:03,443  WARNING  Error calculating BOOF score for HOOD: 'numpy.float64' object has no attribute 'quantile'
2026-06-12 08:04:03,532  WARNING  Error calculating BOOF score for MSTR: 'numpy.float64' object has no attribute 'quantile'
2026-06-12 08:04:03,613  WARNING  Error calculating BOOF score for SMH: 'numpy.float64' object has no attribute 'quantile'
2026-06-12 08:04:03,690  WARNING  Error calculating BOOF score for SOXX: 'numpy.float64' object has no attribute 'quantile'
2026-06-12 08:04:03,690  INFO  No BOOF 31 v2 setups found for options
2026-06-12 08:04:08,748  INFO  ============================================================
2026-06-12 08:04:08,749  INFO  OPTIONS SCAN — checking for BOOF 31 v2 setups...
2026-06-12 08:04:08,817  WARNING  Error calculating BOOF score for AAPL: 'numpy.float64' object has no attribute 'quantile'
2026-06-12 08:04:08,905  WARNING  Error calculating BOOF score for MSFT: 'numpy.float64' object has no attribute 'quantile'
2026-06-12 08:04:09,027  WARNING  Error calculating BOOF score for NVDA: 'numpy.float64' object has no attribute 'quantile'
2026-06-12 08:04:09,111  WARNING  Error calculating BOOF score for AMZN: 'numpy.float64' object has no attribute 'quantile'
2026-06-12 08:04:09,225  WARNING  Error calculating BOOF score for META: 'numpy.float64' object has no attribute 'quantile'
2026-06-12 08:04:09,348  WARNING  Error calculating BOOF score for GOOGL: 'numpy.float64' object has no attribute 'quantile'
2026-06-12 08:04:09,432  WARNING  Error calculating BOOF score for TSLA: 'numpy.float64' object has no attribute 'quantile'
2026-06-12 08:04:09,507  WARNING  Error calculating BOOF score for NFLX: 'numpy.float64' object has no attribute 'quantile'
2026-06-12 08:04:09,621  WARNING  Error calculating BOOF score for SPY: 'numpy.float64' object has no attribute 'quantile'
2026-06-12 08:04:09,739  WARNING  Error calculating BOOF score for QQQ: 'numpy.float64' object has no attribute 'quantile'
2026-06-12 08:04:09,944  WARNING  Error calculating BOOF score for IWM: 'numpy.float64' object has no attribute 'quantile'
2026-06-12 08:04:10,015  WARNING  Error calculating BOOF score for AMD: 'numpy.float64' object has no attribute 'quantile'
2026-06-12 08:04:10,184  WARNING  Error calculating BOOF score for AVGO: 'numpy.float64' object has no attribute 'quantile'
2026-06-12 08:04:10,264  WARNING  Error calculating BOOF score for CRM: 'numpy.float64' object has no attribute 'quantile'
2026-06-12 08:04:10,333  WARNING  Error calculating BOOF score for PYPL: 'numpy.float64' object has no attribute 'quantile'
2026-06-12 08:04:10,413  WARNING  Error calculating BOOF score for UBER: 'numpy.float64' object has no attribute 'quantile'
2026-06-12 08:04:10,491  WARNING  Error calculating BOOF score for COIN: 'numpy.float64' object has no attribute 'quantile'
2026-06-12 08:04:10,582  WARNING  Error calculating BOOF score for HOOD: 'numpy.float64' object has no attribute 'quantile'
2026-06-12 08:04:10,670  WARNING  Error calculating BOOF score for MSTR: 'numpy.float64' object has no attribute 'quantile'
2026-06-12 08:04:10,743  WARNING  Error calculating BOOF score for SMH: 'numpy.float64' object has no attribute 'quantile'
2026-06-12 08:04:10,823  WARNING  Error calculating BOOF score for SOXX: 'numpy.float64' object has no attribute 'quantile'
2026-06-12 08:04:10,823  INFO  No BOOF 31 v2 setups found for options
2026-06-12 08:04:15,885  INFO  ============================================================
2026-06-12 08:04:15,886  INFO  OPTIONS SCAN — checking for BOOF 31 v2 setups...
2026-06-12 08:04:15,964  WARNING  Error calculating BOOF score for AAPL: 'numpy.float64' object has no attribute 'quantile'
2026-06-12 08:04:16,043  WARNING  Error calculating BOOF score for MSFT: 'numpy.float64' object has no attribute 'quantile'
2026-06-12 08:04:16,152  WARNING  Error calculating BOOF score for NVDA: 'numpy.float64' object has no attribute 'quantile'
2026-06-12 08:04:16,233  WARNING  Error calculating BOOF score for AMZN: 'numpy.float64' object has no attribute 'quantile'
2026-06-12 08:04:16,344  WARNING  Error calculating BOOF score for META: 'numpy.float64' object has no attribute 'quantile'
2026-06-12 08:04:16,452  WARNING  Error calculating BOOF score for GOOGL: 'numpy.float64' object has no attribute 'quantile'
2026-06-12 08:04:16,537  WARNING  Error calculating BOOF score for TSLA: 'numpy.float64' object has no attribute 'quantile'
2026-06-12 08:04:16,637  WARNING  Error calculating BOOF score for NFLX: 'numpy.float64' object has no attribute 'quantile'
2026-06-12 08:04:16,723  WARNING  Error calculating BOOF score for SPY: 'numpy.float64' object has no attribute 'quantile'
2026-06-12 08:04:16,828  WARNING  Error calculating BOOF score for QQQ: 'numpy.float64' object has no attribute 'quantile'
2026-06-12 08:04:17,020  WARNING  Error calculating BOOF score for IWM: 'numpy.float64' object has no attribute 'quantile'
2026-06-12 08:04:17,092  WARNING  Error calculating BOOF score for AMD: 'numpy.float64' object has no attribute 'quantile'
2026-06-12 08:04:17,275  WARNING  Error calculating BOOF score for AVGO: 'numpy.float64' object has no attribute 'quantile'
2026-06-12 08:04:17,361  WARNING  Error calculating BOOF score for CRM: 'numpy.float64' object has no attribute 'quantile'
2026-06-12 08:04:17,432  WARNING  Error calculating BOOF score for PYPL: 'numpy.float64' object has no attribute 'quantile'
2026-06-12 08:04:17,527  WARNING  Error calculating BOOF score for UBER: 'numpy.float64' object has no attribute 'quantile'
2026-06-12 08:04:17,614  WARNING  Error calculating BOOF score for COIN: 'numpy.float64' object has no attribute 'quantile'
2026-06-12 08:04:17,694  WARNING  Error calculating BOOF score for HOOD: 'numpy.float64' object has no attribute 'quantile'
2026-06-12 08:04:17,776  WARNING  Error calculating BOOF score for MSTR: 'numpy.float64' object has no attribute 'quantile'
2026-06-12 08:04:17,854  WARNING  Error calculating BOOF score for SMH: 'numpy.float64' object has no attribute 'quantile'
2026-06-12 08:04:17,928  WARNING  Error calculating BOOF score for SOXX: 'numpy.float64' object has no attribute 'quantile'
2026-06-12 08:04:17,929  INFO  No BOOF 31 v2 setups found for options
2026-06-12 08:04:23,045  INFO  ============================================================
2026-06-12 08:04:23,045  INFO  OPTIONS SCAN — checking for BOOF 31 v2 setups...
2026-06-12 08:04:23,132  WARNING  Error calculating BOOF score for AAPL: 'numpy.float64' object has no attribute 'quantile'
2026-06-12 08:04:23,260  WARNING  Error calculating BOOF score for MSFT: 'numpy.float64' object has no attribute 'quantile'
2026-06-12 08:04:23,391  WARNING  Error calculating BOOF score for NVDA: 'numpy.float64' object has no attribute 'quantile'
2026-06-12 08:04:23,466  WARNING  Error calculating BOOF score for AMZN: 'numpy.float64' object has no attribute 'quantile'
2026-06-12 08:04:23,592  WARNING  Error calculating BOOF score for META: 'numpy.float64' object has no attribute 'quantile'
2026-06-12 08:04:23,737  WARNING  Error calculating BOOF score for GOOGL: 'numpy.float64' object has no attribute 'quantile'
2026-06-12 08:04:23,877  WARNING  Error calculating BOOF score for TSLA: 'numpy.float64' object has no attribute 'quantile'
2026-06-12 08:04:23,954  WARNING  Error calculating BOOF score for NFLX: 'numpy.float64' object has no attribute 'quantile'
2026-06-12 08:04:24,108  WARNING  Error calculating BOOF score for SPY: 'numpy.float64' object has no attribute 'quantile'
2026-06-12 08:04:24,288  WARNING  Error calculating BOOF score for QQQ: 'numpy.float64' object has no attribute 'quantile'
2026-06-12 08:04:24,557  WARNING  Error calculating BOOF score for IWM: 'numpy.float64' object has no attribute 'quantile'
2026-06-12 08:04:24,638  WARNING  Error calculating BOOF score for AMD: 'numpy.float64' object has no attribute 'quantile'
2026-06-12 08:04:24,820  WARNING  Error calculating BOOF score for AVGO: 'numpy.float64' object has no attribute 'quantile'
2026-06-12 08:04:24,912  WARNING  Error calculating BOOF score for CRM: 'numpy.float64' object has no attribute 'quantile'
2026-06-12 08:04:24,982  WARNING  Error calculating BOOF score for PYPL: 'numpy.float64' object has no attribute 'quantile'
2026-06-12 08:04:25,068  WARNING  Error calculating BOOF score for UBER: 'numpy.float64' object has no attribute 'quantile'
2026-06-12 08:04:25,152  WARNING  Error calculating BOOF score for COIN: 'numpy.float64' object has no attribute 'quantile'
2026-06-12 08:04:25,319  WARNING  Error calculating BOOF score for HOOD: 'numpy.float64' object has no attribute 'quantile'
2026-06-12 08:04:25,472  WARNING  Error calculating BOOF score for MSTR: 'numpy.float64' object has no attribute 'quantile'
2026-06-12 08:04:25,598  WARNING  Error calculating BOOF score for SMH: 'numpy.float64' object has no attribute 'quantile'
2026-06-12 08:04:25,721  WARNING  Error calculating BOOF score for SOXX: 'numpy.float64' object has no attribute 'quantile'
2026-06-12 08:04:25,721  INFO  No BOOF 31 v2 setups found for options
2026-06-12 08:04:30,791  INFO  ============================================================
2026-06-12 08:04:30,791  INFO  OPTIONS SCAN — checking for BOOF 31 v2 setups...
2026-06-12 08:04:30,882  WARNING  Error calculating BOOF score for AAPL: 'numpy.float64' object has no attribute 'quantile'
2026-06-12 08:04:30,976  WARNING  Error calculating BOOF score for MSFT: 'numpy.float64' object has no attribute 'quantile'
2026-06-12 08:04:31,090  WARNING  Error calculating BOOF score for NVDA: 'numpy.float64' object has no attribute 'quantile'
2026-06-12 08:04:31,171  WARNING  Error calculating BOOF score for AMZN: 'numpy.float64' object has no attribute 'quantile'
2026-06-12 08:04:31,297  WARNING  Error calculating BOOF score for META: 'numpy.float64' object has no attribute 'quantile'
2026-06-12 08:04:31,443  WARNING  Error calculating BOOF score for GOOGL: 'numpy.float64' object has no attribute 'quantile'
2026-06-12 08:04:31,520  WARNING  Error calculating BOOF score for TSLA: 'numpy.float64' object has no attribute 'quantile'
2026-06-12 08:04:31,603  WARNING  Error calculating BOOF score for NFLX: 'numpy.float64' object has no attribute 'quantile'
2026-06-12 08:04:31,709  WARNING  Error calculating BOOF score for SPY: 'numpy.float64' object has no attribute 'quantile'
2026-06-12 08:04:31,808  WARNING  Error calculating BOOF score for QQQ: 'numpy.float64' object has no attribute 'quantile'
2026-06-12 08:04:31,973  WARNING  Error calculating BOOF score for IWM: 'numpy.float64' object has no attribute 'quantile'
2026-06-12 08:04:32,052  WARNING  Error calculating BOOF score for AMD: 'numpy.float64' object has no attribute 'quantile'
2026-06-12 08:04:32,197  WARNING  Error calculating BOOF score for AVGO: 'numpy.float64' object has no attribute 'quantile'
2026-06-12 08:04:32,275  WARNING  Error calculating BOOF score for CRM: 'numpy.float64' object has no attribute 'quantile'
2026-06-12 08:04:32,349  WARNING  Error calculating BOOF score for PYPL: 'numpy.float64' object has no attribute 'quantile'
2026-06-12 08:04:32,419  WARNING  Error calculating BOOF score for UBER: 'numpy.float64' object has no attribute 'quantile'
2026-06-12 08:04:32,513  WARNING  Error calculating BOOF score for COIN: 'numpy.float64' object has no attribute 'quantile'
2026-06-12 08:04:32,589  WARNING  Error calculating BOOF score for HOOD: 'numpy.float64' object has no attribute 'quantile'
2026-06-12 08:04:32,675  WARNING  Error calculating BOOF score for MSTR: 'numpy.float64' object has no attribute 'quantile'
2026-06-12 08:04:32,753  WARNING  Error calculating BOOF score for SMH: 'numpy.float64' object has no attribute 'quantile'
2026-06-12 08:04:32,843  WARNING  Error calculating BOOF score for SOXX: 'numpy.float64' object has no attribute 'quantile'
2026-06-12 08:04:32,843  INFO  No BOOF 31 v2 setups found for options
2026-06-12 08:04:37,956  INFO  ============================================================
2026-06-12 08:04:37,956  INFO  OPTIONS SCAN — checking for BOOF 31 v2 setups...
2026-06-12 08:04:38,041  WARNING  Error calculating BOOF score for AAPL: 'numpy.float64' object has no attribute 'quantile'
2026-06-12 08:04:38,125  WARNING  Error calculating BOOF score for MSFT: 'numpy.float64' object has no attribute 'quantile'
2026-06-12 08:04:38,245  WARNING  Error calculating BOOF score for NVDA: 'numpy.float64' object has no attribute 'quantile'
2026-06-12 08:04:38,346  WARNING  Error calculating BOOF score for AMZN: 'numpy.float64' object has no attribute 'quantile'
2026-06-12 08:04:38,433  WARNING  Error calculating BOOF score for META: 'numpy.float64' object has no attribute 'quantile'
2026-06-12 08:04:38,563  WARNING  Error calculating BOOF score for GOOGL: 'numpy.float64' object has no attribute 'quantile'
2026-06-12 08:04:38,641  WARNING  Error calculating BOOF score for TSLA: 'numpy.float64' object has no attribute 'quantile'
2026-06-12 08:04:38,730  WARNING  Error calculating BOOF score for NFLX: 'numpy.float64' object has no attribute 'quantile'
2026-06-12 08:04:38,822  WARNING  Error calculating BOOF score for SPY: 'numpy.float64' object has no attribute 'quantile'
2026-06-12 08:04:38,926  WARNING  Error calculating BOOF score for QQQ: 'numpy.float64' object has no attribute 'quantile'
2026-06-12 08:04:39,143  WARNING  Error calculating BOOF score for IWM: 'numpy.float64' object has no attribute 'quantile'
2026-06-12 08:04:39,229  WARNING  Error calculating BOOF score for AMD: 'numpy.float64' object has no attribute 'quantile'
2026-06-12 08:04:39,356  WARNING  Error calculating BOOF score for AVGO: 'numpy.float64' object has no attribute 'quantile'
2026-06-12 08:04:39,468  WARNING  Error calculating BOOF score for CRM: 'numpy.float64' object has no attribute 'quantile'
2026-06-12 08:04:39,553  WARNING  Error calculating BOOF score for PYPL: 'numpy.float64' object has no attribute 'quantile'
2026-06-12 08:04:39,646  WARNING  Error calculating BOOF score for UBER: 'numpy.float64' object has no attribute 'quantile'
2026-06-12 08:04:39,750  WARNING  Error calculating BOOF score for COIN: 'numpy.float64' object has no attribute 'quantile'
2026-06-12 08:04:39,851  WARNING  Error calculating BOOF score for HOOD: 'numpy.float64' object has no attribute 'quantile'
2026-06-12 08:04:39,927  WARNING  Error calculating BOOF score for MSTR: 'numpy.float64' object has no attribute 'quantile'
2026-06-12 08:04:40,017  WARNING  Error calculating BOOF score for SMH: 'numpy.float64' object has no attribute 'quantile'
2026-06-12 08:04:40,101  WARNING  Error calculating BOOF score for SOXX: 'numpy.float64' object has no attribute 'quantile'
2026-06-12 08:04:40,101  INFO  No BOOF 31 v2 setups found for options
2026-06-12 08:04:45,165  INFO  ============================================================
2026-06-12 08:04:45,166  INFO  OPTIONS SCAN — checking for BOOF 31 v2 setups...
2026-06-12 08:04:45,250  WARNING  Error calculating BOOF score for AAPL: 'numpy.float64' object has no attribute 'quantile'
2026-06-12 08:04:45,329  WARNING  Error calculating BOOF score for MSFT: 'numpy.float64' object has no attribute 'quantile'
2026-06-12 08:04:45,468  WARNING  Error calculating BOOF score for NVDA: 'numpy.float64' object has no attribute 'quantile'
2026-06-12 08:04:45,551  WARNING  Error calculating BOOF score for AMZN: 'numpy.float64' object has no attribute 'quantile'
2026-06-12 08:04:45,682  WARNING  Error calculating BOOF score for META: 'numpy.float64' object has no attribute 'quantile'
2026-06-12 08:04:45,805  WARNING  Error calculating BOOF score for GOOGL: 'numpy.float64' object has no attribute 'quantile'
2026-06-12 08:04:45,894  WARNING  Error calculating BOOF score for TSLA: 'numpy.float64' object has no attribute 'quantile'
2026-06-12 08:04:45,972  WARNING  Error calculating BOOF score for NFLX: 'numpy.float64' object has no attribute 'quantile'
2026-06-12 08:04:46,115  WARNING  Error calculating BOOF score for SPY: 'numpy.float64' object has no attribute 'quantile'
2026-06-12 08:04:46,228  WARNING  Error calculating BOOF score for QQQ: 'numpy.float64' object has no attribute 'quantile'
2026-06-12 08:04:46,415  WARNING  Error calculating BOOF score for IWM: 'numpy.float64' object has no attribute 'quantile'
2026-06-12 08:04:46,499  WARNING  Error calculating BOOF score for AMD: 'numpy.float64' object has no attribute 'quantile'
2026-06-12 08:04:46,568  WARNING  Error calculating BOOF score for AVGO: 'numpy.float64' object has no attribute 'quantile'
2026-06-12 08:04:46,657  WARNING  Error calculating BOOF score for CRM: 'numpy.float64' object has no attribute 'quantile'
2026-06-12 08:04:46,781  WARNING  Error calculating BOOF score for PYPL: 'numpy.float64' object has no attribute 'quantile'
2026-06-12 08:04:46,857  WARNING  Error calculating BOOF score for UBER: 'numpy.float64' object has no attribute 'quantile'
2026-06-12 08:04:46,941  WARNING  Error calculating BOOF score for COIN: 'numpy.float64' object has no attribute 'quantile'
2026-06-12 08:04:47,019  WARNING  Error calculating BOOF score for HOOD: 'numpy.float64' object has no attribute 'quantile'
2026-06-12 08:04:47,102  WARNING  Error calculating BOOF score for MSTR: 'numpy.float64' object has no attribute 'quantile'
2026-06-12 08:04:47,179  WARNING  Error calculating BOOF score for SMH: 'numpy.float64' object has no attribute 'quantile'
2026-06-12 08:04:47,258  WARNING  Error calculating BOOF score for SOXX: 'numpy.float64' object has no attribute 'quantile'
2026-06-12 08:04:47,258  INFO  No BOOF 31 v2 setups found for options
2026-06-12 08:04:52,325  INFO  ============================================================
2026-06-12 08:04:52,325  INFO  OPTIONS SCAN — checking for BOOF 31 v2 setups...
2026-06-12 08:04:52,401  WARNING  Error calculating BOOF score for AAPL: 'numpy.float64' object has no attribute 'quantile'
2026-06-12 08:04:52,499  WARNING  Error calculating BOOF score for MSFT: 'numpy.float64' object has no attribute 'quantile'
2026-06-12 08:04:52,599  WARNING  Error calculating BOOF score for NVDA: 'numpy.float64' object has no attribute 'quantile'
2026-06-12 08:04:52,689  WARNING  Error calculating BOOF score for AMZN: 'numpy.float64' object has no attribute 'quantile'
2026-06-12 08:04:52,811  WARNING  Error calculating BOOF score for META: 'numpy.float64' object has no attribute 'quantile'
2026-06-12 08:04:52,934  WARNING  Error calculating BOOF score for GOOGL: 'numpy.float64' object has no attribute 'quantile'
2026-06-12 08:04:53,012  WARNING  Error calculating BOOF score for TSLA: 'numpy.float64' object has no attribute 'quantile'
2026-06-12 08:04:53,093  WARNING  Error calculating BOOF score for NFLX: 'numpy.float64' object has no attribute 'quantile'
2026-06-12 08:04:53,217  WARNING  Error calculating BOOF score for SPY: 'numpy.float64' object has no attribute 'quantile'
2026-06-12 08:04:53,332  WARNING  Error calculating BOOF score for QQQ: 'numpy.float64' object has no attribute 'quantile'
2026-06-12 08:04:53,484  WARNING  Error calculating BOOF score for IWM: 'numpy.float64' object has no attribute 'quantile'
2026-06-12 08:04:53,561  WARNING  Error calculating BOOF score for AMD: 'numpy.float64' object has no attribute 'quantile'
2026-06-12 08:04:53,644  WARNING  Error calculating BOOF score for AVGO: 'numpy.float64' object has no attribute 'quantile'
2026-06-12 08:04:53,718  WARNING  Error calculating BOOF score for CRM: 'numpy.float64' object has no attribute 'quantile'
2026-06-12 08:04:53,791  WARNING  Error calculating BOOF score for PYPL: 'numpy.float64' object has no attribute 'quantile'
2026-06-12 08:04:53,867  WARNING  Error calculating BOOF score for UBER: 'numpy.float64' object has no attribute 'quantile'
2026-06-12 08:04:53,941  WARNING  Error calculating BOOF score for COIN: 'numpy.float64' object has no attribute 'quantile'
2026-06-12 08:04:54,034  WARNING  Error calculating BOOF score for HOOD: 'numpy.float64' object has no attribute 'quantile'
2026-06-12 08:04:54,106  WARNING  Error calculating BOOF score for MSTR: 'numpy.float64' object has no attribute 'quantile'
2026-06-12 08:04:54,178  WARNING  Error calculating BOOF score for SMH: 'numpy.float64' object has no attribute 'quantile'
2026-06-12 08:04:54,252  WARNING  Error calculating BOOF score for SOXX: 'numpy.float64' object has no attribute 'quantile'
2026-06-12 08:04:54,253  INFO  No BOOF 31 v2 setups found for options
2026-06-12 08:04:59,322  INFO  ============================================================
2026-06-12 08:04:59,322  INFO  OPTIONS SCAN — checking for BOOF 31 v2 setups...
2026-06-12 08:04:59,398  WARNING  Error calculating BOOF score for AAPL: 'numpy.float64' object has no attribute 'quantile'
2026-06-12 08:04:59,478  WARNING  Error calculating BOOF score for MSFT: 'numpy.float64' object has no attribute 'quantile'
2026-06-12 08:04:59,575  WARNING  Error calculating BOOF score for NVDA: 'numpy.float64' object has no attribute 'quantile'
2026-06-12 08:04:59,647  WARNING  Error calculating BOOF score for AMZN: 'numpy.float64' object has no attribute 'quantile'
2026-06-12 08:04:59,732  WARNING  Error calculating BOOF score for META: 'numpy.float64' object has no attribute 'quantile'
2026-06-12 08:04:59,886  WARNING  Error calculating BOOF score for GOOGL: 'numpy.float64' object has no attribute 'quantile'
2026-06-12 08:04:59,977  WARNING  Error calculating BOOF score for TSLA: 'numpy.float64' object has no attribute 'quantile'
2026-06-12 08:05:00,046  WARNING  Error calculating BOOF score for NFLX: 'numpy.float64' object has no attribute 'quantile'
2026-06-12 08:05:00,147  WARNING  Error calculating BOOF score for SPY: 'numpy.float64' object has no attribute 'quantile'
2026-06-12 08:05:00,258  WARNING  Error calculating BOOF score for QQQ: 'numpy.float64' object has no attribute 'quantile'
2026-06-12 08:05:00,390  WARNING  Error calculating BOOF score for IWM: 'numpy.float64' object has no attribute 'quantile'
2026-06-12 08:05:00,475  WARNING  Error calculating BOOF score for AMD: 'numpy.float64' object has no attribute 'quantile'
2026-06-12 08:05:00,605  WARNING  Error calculating BOOF score for AVGO: 'numpy.float64' object has no attribute 'quantile'
2026-06-12 08:05:00,699  WARNING  Error calculating BOOF score for CRM: 'numpy.float64' object has no attribute 'quantile'
2026-06-12 08:05:00,773  WARNING  Error calculating BOOF score for PYPL: 'numpy.float64' object has no attribute 'quantile'
2026-06-12 08:05:00,836  WARNING  Error calculating BOOF score for UBER: 'numpy.float64' object has no attribute 'quantile'
2026-06-12 08:05:00,899  WARNING  Error calculating BOOF score for COIN: 'numpy.float64' object has no attribute 'quantile'
2026-06-12 08:05:00,990  WARNING  Error calculating BOOF score for HOOD: 'numpy.float64' object has no attribute 'quantile'
2026-06-12 08:05:01,074  WARNING  Error calculating BOOF score for MSTR: 'numpy.float64' object has no attribute 'quantile'
2026-06-12 08:05:01,142  WARNING  Error calculating BOOF score for SMH: 'numpy.float64' object has no attribute 'quantile'
2026-06-12 08:05:01,224  WARNING  Error calculating BOOF score for SOXX: 'numpy.float64' object has no attribute 'quantile'
2026-06-12 08:05:01,224  INFO  No BOOF 31 v2 setups found for options
2026-06-12 08:05:06,284  INFO  ============================================================
2026-06-12 08:05:06,284  INFO  OPTIONS SCAN — checking for BOOF 31 v2 setups...
2026-06-12 08:05:06,363  WARNING  Error calculating BOOF score for AAPL: 'numpy.float64' object has no attribute 'quantile'
2026-06-12 08:05:06,439  WARNING  Error calculating BOOF score for MSFT: 'numpy.float64' object has no attribute 'quantile'
2026-06-12 08:05:06,528  WARNING  Error calculating BOOF score for NVDA: 'numpy.float64' object has no attribute 'quantile'
2026-06-12 08:05:06,604  WARNING  Error calculating BOOF score for AMZN: 'numpy.float64' object has no attribute 'quantile'
2026-06-12 08:05:06,681  WARNING  Error calculating BOOF score for META: 'numpy.float64' object has no attribute 'quantile'
2026-06-12 08:05:06,806  WARNING  Error calculating BOOF score for GOOGL: 'numpy.float64' object has no attribute 'quantile'
2026-06-12 08:05:06,880  WARNING  Error calculating BOOF score for TSLA: 'numpy.float64' object has no attribute 'quantile'
2026-06-12 08:05:06,971  WARNING  Error calculating BOOF score for NFLX: 'numpy.float64' object has no attribute 'quantile'
2026-06-12 08:05:07,085  WARNING  Error calculating BOOF score for SPY: 'numpy.float64' object has no attribute 'quantile'
2026-06-12 08:05:07,192  WARNING  Error calculating BOOF score for QQQ: 'numpy.float64' object has no attribute 'quantile'
2026-06-12 08:05:07,302  WARNING  Error calculating BOOF score for IWM: 'numpy.float64' object has no attribute 'quantile'
2026-06-12 08:05:07,421  WARNING  Error calculating BOOF score for AMD: 'numpy.float64' object has no attribute 'quantile'
2026-06-12 08:05:07,523  WARNING  Error calculating BOOF score for AVGO: 'numpy.float64' object has no attribute 'quantile'
2026-06-12 08:05:07,617  WARNING  Error calculating BOOF score for CRM: 'numpy.float64' object has no attribute 'quantile'
2026-06-12 08:05:07,697  WARNING  Error calculating BOOF score for PYPL: 'numpy.float64' object has no attribute 'quantile'
2026-06-12 08:05:07,767  WARNING  Error calculating BOOF score for UBER: 'numpy.float64' object has no attribute 'quantile'
2026-06-12 08:05:07,853  WARNING  Error calculating BOOF score for COIN: 'numpy.float64' object has no attribute 'quantile'
2026-06-12 08:05:07,941  WARNING  Error calculating BOOF score for HOOD: 'numpy.float64' object has no attribute 'quantile'
2026-06-12 08:05:08,047  WARNING  Error calculating BOOF score for MSTR: 'numpy.float64' object has no attribute 'quantile'
2026-06-12 08:05:08,141  WARNING  Error calculating BOOF score for SMH: 'numpy.float64' object has no attribute 'quantile'
2026-06-12 08:05:08,211  WARNING  Error calculating BOOF score for SOXX: 'numpy.float64' object has no attribute 'quantile'
2026-06-12 08:05:08,212  INFO  No BOOF 31 v2 setups found for options
2026-06-12 08:05:13,272  INFO  ============================================================
2026-06-12 08:05:13,273  INFO  OPTIONS SCAN — checking for BOOF 31 v2 setups...
2026-06-12 08:05:13,346  WARNING  Error calculating BOOF score for AAPL: 'numpy.float64' object has no attribute 'quantile'
2026-06-12 08:05:13,413  WARNING  Error calculating BOOF score for MSFT: 'numpy.float64' object has no attribute 'quantile'
2026-06-12 08:05:13,495  WARNING  Error calculating BOOF score for NVDA: 'numpy.float64' object has no attribute 'quantile'
2026-06-12 08:05:13,574  WARNING  Error calculating BOOF score for AMZN: 'numpy.float64' object has no attribute 'quantile'
2026-06-12 08:05:13,656  WARNING  Error calculating BOOF score for META: 'numpy.float64' object has no attribute 'quantile'
2026-06-12 08:05:13,773  WARNING  Error calculating BOOF score for GOOGL: 'numpy.float64' object has no attribute 'quantile'
2026-06-12 08:05:13,864  WARNING  Error calculating BOOF score for TSLA: 'numpy.float64' object has no attribute 'quantile'
2026-06-12 08:05:13,942  WARNING  Error calculating BOOF score for NFLX: 'numpy.float64' object has no attribute 'quantile'
2026-06-12 08:05:14,044  WARNING  Error calculating BOOF score for SPY: 'numpy.float64' object has no attribute 'quantile'
2026-06-12 08:05:14,161  WARNING  Error calculating BOOF score for QQQ: 'numpy.float64' object has no attribute 'quantile'
2026-06-12 08:05:14,301  WARNING  Error calculating BOOF score for IWM: 'numpy.float64' object has no attribute 'quantile'
2026-06-12 08:05:14,390  WARNING  Error calculating BOOF score for AMD: 'numpy.float64' object has no attribute 'quantile'
2026-06-12 08:05:14,475  WARNING  Error calculating BOOF score for AVGO: 'numpy.float64' object has no attribute 'quantile'
2026-06-12 08:05:14,571  WARNING  Error calculating BOOF score for CRM: 'numpy.float64' object has no attribute 'quantile'
2026-06-12 08:05:14,660  WARNING  Error calculating BOOF score for PYPL: 'numpy.float64' object has no attribute 'quantile'
2026-06-12 08:05:14,736  WARNING  Error calculating BOOF score for UBER: 'numpy.float64' object has no attribute 'quantile'
2026-06-12 08:05:14,836  WARNING  Error calculating BOOF score for COIN: 'numpy.float64' object has no attribute 'quantile'
2026-06-12 08:05:14,927  WARNING  Error calculating BOOF score for HOOD: 'numpy.float64' object has no attribute 'quantile'
2026-06-12 08:05:15,013  WARNING  Error calculating BOOF score for MSTR: 'numpy.float64' object has no attribute 'quantile'
2026-06-12 08:05:15,082  WARNING  Error calculating BOOF score for SMH: 'numpy.float64' object has no attribute 'quantile'
2026-06-12 08:05:15,215  WARNING  Error calculating BOOF score for SOXX: 'numpy.float64' object has no attribute 'quantile'
2026-06-12 08:05:15,216  INFO  No BOOF 31 v2 setups found for options
2026-06-12 08:05:20,040  INFO  Connected to Alpaca Paper Options | Cash: $5,000.00  Buying power: $20,000.00
2026-06-12 08:05:20,098  INFO  BOOF 31 v2 OPTIONS Bot — 24/7 Continuous mode started
2026-06-12 08:05:20,098  INFO  Parameters: TP=40%, SL=15%, Timeout=20min, UNLIMITED daily trades
2026-06-12 08:05:20,098  INFO  24/7 monitoring: Active during market hours, standby when closed
2026-06-12 08:05:20,098  INFO  Timezone: EST (US/Eastern) - Trading starts at 9:30 AM EST
2026-06-12 08:05:20,160  INFO  ============================================================
2026-06-12 08:05:20,160  INFO  OPTIONS SCAN — checking for BOOF 31 v2 setups...
2026-06-12 08:05:20,283  INFO  ============================================================
2026-06-12 08:05:20,283  INFO  OPTIONS SCAN — checking for BOOF 31 v2 setups...
2026-06-12 08:05:20,365  WARNING  Error calculating BOOF score for AAPL: 'numpy.float64' object has no attribute 'quantile'
2026-06-12 08:05:20,445  WARNING  Error calculating BOOF score for MSFT: 'numpy.float64' object has no attribute 'quantile'
2026-06-12 08:05:20,543  WARNING  Error calculating BOOF score for NVDA: 'numpy.float64' object has no attribute 'quantile'
2026-06-12 08:05:20,626  WARNING  Error calculating BOOF score for AMZN: 'numpy.float64' object has no attribute 'quantile'
2026-06-12 08:05:20,713  WARNING  Error calculating BOOF score for META: 'numpy.float64' object has no attribute 'quantile'
2026-06-12 08:05:20,833  WARNING  Error calculating BOOF score for GOOGL: 'numpy.float64' object has no attribute 'quantile'
2026-06-12 08:05:20,907  WARNING  Error calculating BOOF score for TSLA: 'numpy.float64' object has no attribute 'quantile'
2026-06-12 08:05:20,998  WARNING  Error calculating BOOF score for NFLX: 'numpy.float64' object has no attribute 'quantile'
2026-06-12 08:05:21,111  WARNING  Error calculating BOOF score for SPY: 'numpy.float64' object has no attribute 'quantile'
2026-06-12 08:05:21,200  WARNING  Error calculating BOOF score for QQQ: 'numpy.float64' object has no attribute 'quantile'
2026-06-12 08:05:21,318  WARNING  Error calculating BOOF score for IWM: 'numpy.float64' object has no attribute 'quantile'
2026-06-12 08:05:21,396  WARNING  Error calculating BOOF score for AMD: 'numpy.float64' object has no attribute 'quantile'
2026-06-12 08:05:21,478  WARNING  Error calculating BOOF score for AVGO: 'numpy.float64' object has no attribute 'quantile'
2026-06-12 08:05:21,620  WARNING  Error calculating BOOF score for CRM: 'numpy.float64' object has no attribute 'quantile'
2026-06-12 08:05:21,711  WARNING  Error calculating BOOF score for PYPL: 'numpy.float64' object has no attribute 'quantile'
2026-06-12 08:05:21,779  WARNING  Error calculating BOOF score for UBER: 'numpy.float64' object has no attribute 'quantile'
2026-06-12 08:05:21,859  WARNING  Error calculating BOOF score for COIN: 'numpy.float64' object has no attribute 'quantile'
2026-06-12 08:05:21,926  WARNING  Error calculating BOOF score for HOOD: 'numpy.float64' object has no attribute 'quantile'
2026-06-12 08:05:21,995  WARNING  Error calculating BOOF score for MSTR: 'numpy.float64' object has no attribute 'quantile'
2026-06-12 08:05:22,069  WARNING  Error calculating BOOF score for SMH: 'numpy.float64' object has no attribute 'quantile'
2026-06-12 08:05:22,162  WARNING  Error calculating BOOF score for SOXX: 'numpy.float64' object has no attribute 'quantile'
2026-06-12 08:05:22,162  INFO  No BOOF 31 v2 setups found for options
2026-06-12 08:05:22,904  INFO  No BOOF 31 v2 setups found for options
2026-06-12 08:05:27,219  INFO  ============================================================
2026-06-12 08:05:27,219  INFO  OPTIONS SCAN — checking for BOOF 31 v2 setups...
2026-06-12 08:05:27,342  WARNING  Error calculating BOOF score for AAPL: 'numpy.float64' object has no attribute 'quantile'
2026-06-12 08:05:27,450  WARNING  Error calculating BOOF score for MSFT: 'numpy.float64' object has no attribute 'quantile'
2026-06-12 08:05:27,568  WARNING  Error calculating BOOF score for NVDA: 'numpy.float64' object has no attribute 'quantile'
2026-06-12 08:05:27,687  WARNING  Error calculating BOOF score for AMZN: 'numpy.float64' object has no attribute 'quantile'
2026-06-12 08:05:27,797  WARNING  Error calculating BOOF score for META: 'numpy.float64' object has no attribute 'quantile'
2026-06-12 08:05:27,890  WARNING  Error calculating BOOF score for GOOGL: 'numpy.float64' object has no attribute 'quantile'
2026-06-12 08:05:27,965  INFO  ============================================================
2026-06-12 08:05:27,965  INFO  OPTIONS SCAN — checking for BOOF 31 v2 setups...
2026-06-12 08:05:27,973  WARNING  Error calculating BOOF score for TSLA: 'numpy.float64' object has no attribute 'quantile'
2026-06-12 08:05:28,086  WARNING  Error calculating BOOF score for NFLX: 'numpy.float64' object has no attribute 'quantile'
2026-06-12 08:05:28,211  WARNING  Error calculating BOOF score for SPY: 'numpy.float64' object has no attribute 'quantile'
2026-06-12 08:05:28,322  WARNING  Error calculating BOOF score for QQQ: 'numpy.float64' object has no attribute 'quantile'
2026-06-12 08:05:28,490  WARNING  Error calculating BOOF score for IWM: 'numpy.float64' object has no attribute 'quantile'
2026-06-12 08:05:28,575  WARNING  Error calculating BOOF score for AMD: 'numpy.float64' object has no attribute 'quantile'
2026-06-12 08:05:28,665  WARNING  Error calculating BOOF score for AVGO: 'numpy.float64' object has no attribute 'quantile'
2026-06-12 08:05:28,776  WARNING  Error calculating BOOF score for CRM: 'numpy.float64' object has no attribute 'quantile'
2026-06-12 08:05:28,847  WARNING  Error calculating BOOF score for PYPL: 'numpy.float64' object has no attribute 'quantile'
2026-06-12 08:05:28,919  WARNING  Error calculating BOOF score for UBER: 'numpy.float64' object has no attribute 'quantile'
2026-06-12 08:05:29,009  WARNING  Error calculating BOOF score for COIN: 'numpy.float64' object has no attribute 'quantile'
2026-06-12 08:05:29,095  WARNING  Error calculating BOOF score for HOOD: 'numpy.float64' object has no attribute 'quantile'
2026-06-12 08:05:29,204  WARNING  Error calculating BOOF score for MSTR: 'numpy.float64' object has no attribute 'quantile'
2026-06-12 08:05:29,301  WARNING  Error calculating BOOF score for SMH: 'numpy.float64' object has no attribute 'quantile'
2026-06-12 08:05:29,385  WARNING  Error calculating BOOF score for SOXX: 'numpy.float64' object has no attribute 'quantile'
2026-06-12 08:05:29,385  INFO  No BOOF 31 v2 setups found for options
2026-06-12 08:05:30,933  INFO  No BOOF 31 v2 setups found for options
2026-06-12 08:05:34,462  INFO  ============================================================
2026-06-12 08:05:34,462  INFO  OPTIONS SCAN — checking for BOOF 31 v2 setups...
2026-06-12 08:05:34,570  WARNING  Error calculating BOOF score for AAPL: 'numpy.float64' object has no attribute 'quantile'
2026-06-12 08:05:34,739  WARNING  Error calculating BOOF score for MSFT: 'numpy.float64' object has no attribute 'quantile'
2026-06-12 08:05:34,933  WARNING  Error calculating BOOF score for NVDA: 'numpy.float64' object has no attribute 'quantile'
2026-06-12 08:05:35,071  WARNING  Error calculating BOOF score for AMZN: 'numpy.float64' object has no attribute 'quantile'
2026-06-12 08:05:35,278  WARNING  Error calculating BOOF score for META: 'numpy.float64' object has no attribute 'quantile'
2026-06-12 08:05:35,360  WARNING  Error calculating BOOF score for GOOGL: 'numpy.float64' object has no attribute 'quantile'
2026-06-12 08:05:35,521  WARNING  Error calculating BOOF score for TSLA: 'numpy.float64' object has no attribute 'quantile'
2026-06-12 08:05:35,631  WARNING  Error calculating BOOF score for NFLX: 'numpy.float64' object has no attribute 'quantile'
2026-06-12 08:05:35,794  WARNING  Error calculating BOOF score for SPY: 'numpy.float64' object has no attribute 'quantile'
2026-06-12 08:05:35,926  WARNING  Error calculating BOOF score for QQQ: 'numpy.float64' object has no attribute 'quantile'
2026-06-12 08:05:36,000  INFO  ============================================================
2026-06-12 08:05:36,000  INFO  OPTIONS SCAN — checking for BOOF 31 v2 setups...
2026-06-12 08:05:36,033  WARNING  Error calculating BOOF score for IWM: 'numpy.float64' object has no attribute 'quantile'
2026-06-12 08:05:36,109  WARNING  Error calculating BOOF score for AMD: 'numpy.float64' object has no attribute 'quantile'
2026-06-12 08:05:36,183  WARNING  Error calculating BOOF score for AVGO: 'numpy.float64' object has no attribute 'quantile'
2026-06-12 08:05:36,275  WARNING  Error calculating BOOF score for CRM: 'numpy.float64' object has no attribute 'quantile'
2026-06-12 08:05:36,347  WARNING  Error calculating BOOF score for PYPL: 'numpy.float64' object has no attribute 'quantile'
2026-06-12 08:05:36,441  WARNING  Error calculating BOOF score for UBER: 'numpy.float64' object has no attribute 'quantile'
2026-06-12 08:05:36,525  WARNING  Error calculating BOOF score for COIN: 'numpy.float64' object has no attribute 'quantile'
2026-06-12 08:05:36,651  WARNING  Error calculating BOOF score for HOOD: 'numpy.float64' object has no attribute 'quantile'
2026-06-12 08:05:36,763  WARNING  Error calculating BOOF score for MSTR: 'numpy.float64' object has no attribute 'quantile'
2026-06-12 08:05:36,846  WARNING  Error calculating BOOF score for SMH: 'numpy.float64' object has no attribute 'quantile'
2026-06-12 08:05:36,916  WARNING  Error calculating BOOF score for SOXX: 'numpy.float64' object has no attribute 'quantile'
2026-06-12 08:05:36,917  INFO  No BOOF 31 v2 setups found for options
2026-06-12 08:05:38,828  INFO  No BOOF 31 v2 setups found for options
2026-06-12 08:05:41,977  INFO  ============================================================
2026-06-12 08:05:41,978  INFO  OPTIONS SCAN — checking for BOOF 31 v2 setups...
2026-06-12 08:05:42,064  WARNING  Error calculating BOOF score for AAPL: 'numpy.float64' object has no attribute 'quantile'
2026-06-12 08:05:42,145  WARNING  Error calculating BOOF score for MSFT: 'numpy.float64' object has no attribute 'quantile'
2026-06-12 08:05:42,261  WARNING  Error calculating BOOF score for NVDA: 'numpy.float64' object has no attribute 'quantile'
2026-06-12 08:05:42,367  WARNING  Error calculating BOOF score for AMZN: 'numpy.float64' object has no attribute 'quantile'
2026-06-12 08:05:42,492  WARNING  Error calculating BOOF score for META: 'numpy.float64' object has no attribute 'quantile'
2026-06-12 08:05:42,588  WARNING  Error calculating BOOF score for GOOGL: 'numpy.float64' object has no attribute 'quantile'
2026-06-12 08:05:42,663  WARNING  Error calculating BOOF score for TSLA: 'numpy.float64' object has no attribute 'quantile'
2026-06-12 08:05:42,745  WARNING  Error calculating BOOF score for NFLX: 'numpy.float64' object has no attribute 'quantile'
2026-06-12 08:05:42,880  WARNING  Error calculating BOOF score for SPY: 'numpy.float64' object has no attribute 'quantile'
2026-06-12 08:05:43,005  WARNING  Error calculating BOOF score for QQQ: 'numpy.float64' object has no attribute 'quantile'
2026-06-12 08:05:43,102  WARNING  Error calculating BOOF score for IWM: 'numpy.float64' object has no attribute 'quantile'
2026-06-12 08:05:43,175  WARNING  Error calculating BOOF score for AMD: 'numpy.float64' object has no attribute 'quantile'
2026-06-12 08:05:43,264  WARNING  Error calculating BOOF score for AVGO: 'numpy.float64' object has no attribute 'quantile'
2026-06-12 08:05:43,377  WARNING  Error calculating BOOF score for CRM: 'numpy.float64' object has no attribute 'quantile'
2026-06-12 08:05:43,452  WARNING  Error calculating BOOF score for PYPL: 'numpy.float64' object has no attribute 'quantile'
2026-06-12 08:05:43,578  WARNING  Error calculating BOOF score for UBER: 'numpy.float64' object has no attribute 'quantile'
2026-06-12 08:05:43,724  WARNING  Error calculating BOOF score for COIN: 'numpy.float64' object has no attribute 'quantile'
2026-06-12 08:05:43,847  WARNING  Error calculating BOOF score for HOOD: 'numpy.float64' object has no attribute 'quantile'
2026-06-12 08:05:43,894  INFO  ============================================================
2026-06-12 08:05:43,895  INFO  OPTIONS SCAN — checking for BOOF 31 v2 setups...
2026-06-12 08:05:43,927  WARNING  Error calculating BOOF score for MSTR: 'numpy.float64' object has no attribute 'quantile'
2026-06-12 08:05:44,001  WARNING  Error calculating BOOF score for SMH: 'numpy.float64' object has no attribute 'quantile'
2026-06-12 08:05:44,070  WARNING  Error calculating BOOF score for SOXX: 'numpy.float64' object has no attribute 'quantile'
2026-06-12 08:05:44,070  INFO  No BOOF 31 v2 setups found for options
2026-06-12 08:05:46,549  INFO  No BOOF 31 v2 setups found for options
2026-06-12 08:05:49,129  INFO  ============================================================
2026-06-12 08:05:49,130  INFO  OPTIONS SCAN — checking for BOOF 31 v2 setups...
2026-06-12 08:05:49,213  WARNING  Error calculating BOOF score for AAPL: 'numpy.float64' object has no attribute 'quantile'
2026-06-12 08:05:49,284  WARNING  Error calculating BOOF score for MSFT: 'numpy.float64' object has no attribute 'quantile'
2026-06-12 08:05:49,390  WARNING  Error calculating BOOF score for NVDA: 'numpy.float64' object has no attribute 'quantile'
2026-06-12 08:05:49,478  WARNING  Error calculating BOOF score for AMZN: 'numpy.float64' object has no attribute 'quantile'
2026-06-12 08:05:49,583  WARNING  Error calculating BOOF score for META: 'numpy.float64' object has no attribute 'quantile'
2026-06-12 08:05:49,675  WARNING  Error calculating BOOF score for GOOGL: 'numpy.float64' object has no attribute 'quantile'
2026-06-12 08:05:49,744  WARNING  Error calculating BOOF score for TSLA: 'numpy.float64' object has no attribute 'quantile'
2026-06-12 08:05:49,816  WARNING  Error calculating BOOF score for NFLX: 'numpy.float64' object has no attribute 'quantile'
2026-06-12 08:05:49,941  WARNING  Error calculating BOOF score for SPY: 'numpy.float64' object has no attribute 'quantile'
2026-06-12 08:05:50,051  WARNING  Error calculating BOOF score for QQQ: 'numpy.float64' object has no attribute 'quantile'
2026-06-12 08:05:50,149  WARNING  Error calculating BOOF score for IWM: 'numpy.float64' object has no attribute 'quantile'
2026-06-12 08:05:50,231  WARNING  Error calculating BOOF score for AMD: 'numpy.float64' object has no attribute 'quantile'
2026-06-12 08:05:50,329  WARNING  Error calculating BOOF score for AVGO: 'numpy.float64' object has no attribute 'quantile'
2026-06-12 08:05:50,410  WARNING  Error calculating BOOF score for CRM: 'numpy.float64' object has no attribute 'quantile'
2026-06-12 08:05:50,490  WARNING  Error calculating BOOF score for PYPL: 'numpy.float64' object has no attribute 'quantile'
2026-06-12 08:05:50,604  WARNING  Error calculating BOOF score for UBER: 'numpy.float64' object has no attribute 'quantile'
2026-06-12 08:05:50,757  WARNING  Error calculating BOOF score for COIN: 'numpy.float64' object has no attribute 'quantile'
2026-06-12 08:05:50,912  WARNING  Error calculating BOOF score for HOOD: 'numpy.float64' object has no attribute 'quantile'
2026-06-12 08:05:50,991  WARNING  Error calculating BOOF score for MSTR: 'numpy.float64' object has no attribute 'quantile'
2026-06-12 08:05:51,120  WARNING  Error calculating BOOF score for SMH: 'numpy.float64' object has no attribute 'quantile'
2026-06-12 08:05:51,218  WARNING  Error calculating BOOF score for SOXX: 'numpy.float64' object has no attribute 'quantile'
2026-06-12 08:05:51,219  INFO  No BOOF 31 v2 setups found for options
2026-06-12 08:05:51,618  INFO  ============================================================
2026-06-12 08:05:51,618  INFO  OPTIONS SCAN — checking for BOOF 31 v2 setups...
2026-06-12 08:05:54,877  INFO  No BOOF 31 v2 setups found for options
2026-06-12 08:05:56,290  INFO  ============================================================
2026-06-12 08:05:56,291  INFO  OPTIONS SCAN — checking for BOOF 31 v2 setups...
2026-06-12 08:05:56,406  WARNING  Error calculating BOOF score for AAPL: 'numpy.float64' object has no attribute 'quantile'
2026-06-12 08:05:56,488  WARNING  Error calculating BOOF score for MSFT: 'numpy.float64' object has no attribute 'quantile'
2026-06-12 08:05:56,586  WARNING  Error calculating BOOF score for NVDA: 'numpy.float64' object has no attribute 'quantile'
2026-06-12 08:05:56,690  WARNING  Error calculating BOOF score for AMZN: 'numpy.float64' object has no attribute 'quantile'
2026-06-12 08:05:56,782  WARNING  Error calculating BOOF score for META: 'numpy.float64' object has no attribute 'quantile'
2026-06-12 08:05:56,871  WARNING  Error calculating BOOF score for GOOGL: 'numpy.float64' object has no attribute 'quantile'
2026-06-12 08:05:56,950  WARNING  Error calculating BOOF score for TSLA: 'numpy.float64' object has no attribute 'quantile'
2026-06-12 08:05:57,036  WARNING  Error calculating BOOF score for NFLX: 'numpy.float64' object has no attribute 'quantile'
2026-06-12 08:05:57,148  WARNING  Error calculating BOOF score for SPY: 'numpy.float64' object has no attribute 'quantile'
2026-06-12 08:05:57,251  WARNING  Error calculating BOOF score for QQQ: 'numpy.float64' object has no attribute 'quantile'
2026-06-12 08:05:57,354  WARNING  Error calculating BOOF score for IWM: 'numpy.float64' object has no attribute 'quantile'
2026-06-12 08:05:57,448  WARNING  Error calculating BOOF score for AMD: 'numpy.float64' object has no attribute 'quantile'
2026-06-12 08:05:57,551  WARNING  Error calculating BOOF score for AVGO: 'numpy.float64' object has no attribute 'quantile'
2026-06-12 08:05:57,647  WARNING  Error calculating BOOF score for CRM: 'numpy.float64' object has no attribute 'quantile'
2026-06-12 08:05:57,730  WARNING  Error calculating BOOF score for PYPL: 'numpy.float64' object has no attribute 'quantile'
2026-06-12 08:05:57,845  WARNING  Error calculating BOOF score for UBER: 'numpy.float64' object has no attribute 'quantile'
2026-06-12 08:05:57,947  WARNING  Error calculating BOOF score for COIN: 'numpy.float64' object has no attribute 'quantile'
2026-06-12 08:05:58,091  WARNING  Error calculating BOOF score for HOOD: 'numpy.float64' object has no attribute 'quantile'
2026-06-12 08:05:58,245  WARNING  Error calculating BOOF score for MSTR: 'numpy.float64' object has no attribute 'quantile'
2026-06-12 08:05:58,319  WARNING  Error calculating BOOF score for SMH: 'numpy.float64' object has no attribute 'quantile'
2026-06-12 08:05:58,415  WARNING  Error calculating BOOF score for SOXX: 'numpy.float64' object has no attribute 'quantile'
2026-06-12 08:05:58,415  INFO  No BOOF 31 v2 setups found for options
2026-06-12 08:05:59,938  INFO  ============================================================
2026-06-12 08:05:59,938  INFO  OPTIONS SCAN — checking for BOOF 31 v2 setups...
2026-06-12 08:06:02,954  INFO  No BOOF 31 v2 setups found for options
2026-06-12 08:06:03,487  INFO  ============================================================
2026-06-12 08:06:03,487  INFO  OPTIONS SCAN — checking for BOOF 31 v2 setups...
2026-06-12 08:06:03,575  WARNING  Error calculating BOOF score for AAPL: 'numpy.float64' object has no attribute 'quantile'
2026-06-12 08:06:03,662  WARNING  Error calculating BOOF score for MSFT: 'numpy.float64' object has no attribute 'quantile'
2026-06-12 08:06:03,770  WARNING  Error calculating BOOF score for NVDA: 'numpy.float64' object has no attribute 'quantile'
2026-06-12 08:06:03,855  WARNING  Error calculating BOOF score for AMZN: 'numpy.float64' object has no attribute 'quantile'
2026-06-12 08:06:03,972  WARNING  Error calculating BOOF score for META: 'numpy.float64' object has no attribute 'quantile'
2026-06-12 08:06:04,080  WARNING  Error calculating BOOF score for GOOGL: 'numpy.float64' object has no attribute 'quantile'
2026-06-12 08:06:04,169  WARNING  Error calculating BOOF score for TSLA: 'numpy.float64' object has no attribute 'quantile'
2026-06-12 08:06:04,252  WARNING  Error calculating BOOF score for NFLX: 'numpy.float64' object has no attribute 'quantile'
2026-06-12 08:06:04,361  WARNING  Error calculating BOOF score for SPY: 'numpy.float64' object has no attribute 'quantile'
2026-06-12 08:06:04,467  WARNING  Error calculating BOOF score for QQQ: 'numpy.float64' object has no attribute 'quantile'
2026-06-12 08:06:04,584  WARNING  Error calculating BOOF score for IWM: 'numpy.float64' object has no attribute 'quantile'
2026-06-12 08:06:04,667  WARNING  Error calculating BOOF score for AMD: 'numpy.float64' object has no attribute 'quantile'
2026-06-12 08:06:04,772  WARNING  Error calculating BOOF score for AVGO: 'numpy.float64' object has no attribute 'quantile'
2026-06-12 08:06:04,862  WARNING  Error calculating BOOF score for CRM: 'numpy.float64' object has no attribute 'quantile'
2026-06-12 08:06:04,958  WARNING  Error calculating BOOF score for PYPL: 'numpy.float64' object has no attribute 'quantile'
2026-06-12 08:06:05,044  WARNING  Error calculating BOOF score for UBER: 'numpy.float64' object has no attribute 'quantile'
2026-06-12 08:06:05,134  WARNING  Error calculating BOOF score for COIN: 'numpy.float64' object has no attribute 'quantile'
2026-06-12 08:06:05,230  WARNING  Error calculating BOOF score for HOOD: 'numpy.float64' object has no attribute 'quantile'
2026-06-12 08:06:05,315  WARNING  Error calculating BOOF score for MSTR: 'numpy.float64' object has no attribute 'quantile'
2026-06-12 08:06:05,403  WARNING  Error calculating BOOF score for SMH: 'numpy.float64' object has no attribute 'quantile'
2026-06-12 08:06:05,514  WARNING  Error calculating BOOF score for SOXX: 'numpy.float64' object has no attribute 'quantile'
2026-06-12 08:06:05,514  INFO  No BOOF 31 v2 setups found for options
2026-06-12 08:06:08,026  INFO  ============================================================
2026-06-12 08:06:08,026  INFO  OPTIONS SCAN — checking for BOOF 31 v2 setups...
2026-06-12 08:06:10,585  INFO  ============================================================
2026-06-12 08:06:10,585  INFO  OPTIONS SCAN — checking for BOOF 31 v2 setups...
2026-06-12 08:06:10,675  WARNING  Error calculating BOOF score for AAPL: 'numpy.float64' object has no attribute 'quantile'
2026-06-12 08:06:10,690  INFO  No BOOF 31 v2 setups found for options
2026-06-12 08:06:10,777  WARNING  Error calculating BOOF score for MSFT: 'numpy.float64' object has no attribute 'quantile'
2026-06-12 08:06:10,933  WARNING  Error calculating BOOF score for NVDA: 'numpy.float64' object has no attribute 'quantile'
2026-06-12 08:06:11,012  WARNING  Error calculating BOOF score for AMZN: 'numpy.float64' object has no attribute 'quantile'
2026-06-12 08:06:11,200  WARNING  Error calculating BOOF score for META: 'numpy.float64' object has no attribute 'quantile'
2026-06-12 08:06:11,292  WARNING  Error calculating BOOF score for GOOGL: 'numpy.float64' object has no attribute 'quantile'
2026-06-12 08:06:11,365  WARNING  Error calculating BOOF score for TSLA: 'numpy.float64' object has no attribute 'quantile'
2026-06-12 08:06:11,439  WARNING  Error calculating BOOF score for NFLX: 'numpy.float64' object has no attribute 'quantile'
2026-06-12 08:06:11,565  WARNING  Error calculating BOOF score for SPY: 'numpy.float64' object has no attribute 'quantile'
2026-06-12 08:06:11,705  WARNING  Error calculating BOOF score for QQQ: 'numpy.float64' object has no attribute 'quantile'
2026-06-12 08:06:11,785  WARNING  Error calculating BOOF score for IWM: 'numpy.float64' object has no attribute 'quantile'
2026-06-12 08:06:11,865  WARNING  Error calculating BOOF score for AMD: 'numpy.float64' object has no attribute 'quantile'
2026-06-12 08:06:11,940  WARNING  Error calculating BOOF score for AVGO: 'numpy.float64' object has no attribute 'quantile'
2026-06-12 08:06:12,031  WARNING  Error calculating BOOF score for CRM: 'numpy.float64' object has no attribute 'quantile'
2026-06-12 08:06:12,125  WARNING  Error calculating BOOF score for PYPL: 'numpy.float64' object has no attribute 'quantile'
2026-06-12 08:06:12,204  WARNING  Error calculating BOOF score for UBER: 'numpy.float64' object has no attribute 'quantile'
2026-06-12 08:06:12,279  WARNING  Error calculating BOOF score for COIN: 'numpy.float64' object has no attribute 'quantile'
2026-06-12 08:06:12,426  WARNING  Error calculating BOOF score for HOOD: 'numpy.float64' object has no attribute 'quantile'
2026-06-12 08:06:12,499  WARNING  Error calculating BOOF score for MSTR: 'numpy.float64' object has no attribute 'quantile'
2026-06-12 08:06:12,577  WARNING  Error calculating BOOF score for SMH: 'numpy.float64' object has no attribute 'quantile'
2026-06-12 08:06:12,676  WARNING  Error calculating BOOF score for SOXX: 'numpy.float64' object has no attribute 'quantile'
2026-06-12 08:06:12,676  INFO  No BOOF 31 v2 setups found for options
2026-06-12 08:06:15,758  INFO  ============================================================
2026-06-12 08:06:15,758  INFO  OPTIONS SCAN — checking for BOOF 31 v2 setups...
2026-06-12 08:06:17,741  INFO  ============================================================
2026-06-12 08:06:17,741  INFO  OPTIONS SCAN — checking for BOOF 31 v2 setups...
2026-06-12 08:06:17,813  WARNING  Error calculating BOOF score for AAPL: 'numpy.float64' object has no attribute 'quantile'
2026-06-12 08:06:17,883  WARNING  Error calculating BOOF score for MSFT: 'numpy.float64' object has no attribute 'quantile'
2026-06-12 08:06:18,001  WARNING  Error calculating BOOF score for NVDA: 'numpy.float64' object has no attribute 'quantile'
2026-06-12 08:06:18,187  WARNING  Error calculating BOOF score for AMZN: 'numpy.float64' object has no attribute 'quantile'
2026-06-12 08:06:18,310  WARNING  Error calculating BOOF score for META: 'numpy.float64' object has no attribute 'quantile'
2026-06-12 08:06:18,413  WARNING  Error calculating BOOF score for GOOGL: 'numpy.float64' object has no attribute 'quantile'
2026-06-12 08:06:18,485  WARNING  Error calculating BOOF score for TSLA: 'numpy.float64' object has no attribute 'quantile'
2026-06-12 08:06:18,568  WARNING  Error calculating BOOF score for NFLX: 'numpy.float64' object has no attribute 'quantile'
2026-06-12 08:06:18,681  WARNING  Error calculating BOOF score for SPY: 'numpy.float64' object has no attribute 'quantile'
2026-06-12 08:06:18,791  WARNING  Error calculating BOOF score for QQQ: 'numpy.float64' object has no attribute 'quantile'
2026-06-12 08:06:18,887  WARNING  Error calculating BOOF score for IWM: 'numpy.float64' object has no attribute 'quantile'
2026-06-12 08:06:18,979  WARNING  Error calculating BOOF score for AMD: 'numpy.float64' object has no attribute 'quantile'
2026-06-12 08:06:19,061  WARNING  Error calculating BOOF score for AVGO: 'numpy.float64' object has no attribute 'quantile'
2026-06-12 08:06:19,121  INFO  No BOOF 31 v2 setups found for options
2026-06-12 08:06:19,153  WARNING  Error calculating BOOF score for CRM: 'numpy.float64' object has no attribute 'quantile'
2026-06-12 08:06:19,262  WARNING  Error calculating BOOF score for PYPL: 'numpy.float64' object has no attribute 'quantile'
2026-06-12 08:06:19,391  WARNING  Error calculating BOOF score for UBER: 'numpy.float64' object has no attribute 'quantile'
2026-06-12 08:06:19,536  WARNING  Error calculating BOOF score for COIN: 'numpy.float64' object has no attribute 'quantile'
2026-06-12 08:06:19,691  WARNING  Error calculating BOOF score for HOOD: 'numpy.float64' object has no attribute 'quantile'
2026-06-12 08:06:19,768  WARNING  Error calculating BOOF score for MSTR: 'numpy.float64' object has no attribute 'quantile'
2026-06-12 08:06:19,850  WARNING  Error calculating BOOF score for SMH: 'numpy.float64' object has no attribute 'quantile'
2026-06-12 08:06:19,933  WARNING  Error calculating BOOF score for SOXX: 'numpy.float64' object has no attribute 'quantile'
2026-06-12 08:06:19,933  INFO  No BOOF 31 v2 setups found for options
2026-06-12 08:06:24,464  INFO  ============================================================
2026-06-12 08:06:24,464  INFO  OPTIONS SCAN — checking for BOOF 31 v2 setups...
2026-06-12 08:06:25,034  INFO  ============================================================
2026-06-12 08:06:25,034  INFO  OPTIONS SCAN — checking for BOOF 31 v2 setups...
2026-06-12 08:06:25,107  WARNING  Error calculating BOOF score for AAPL: 'numpy.float64' object has no attribute 'quantile'
2026-06-12 08:06:25,223  WARNING  Error calculating BOOF score for MSFT: 'numpy.float64' object has no attribute 'quantile'
2026-06-12 08:06:25,376  WARNING  Error calculating BOOF score for NVDA: 'numpy.float64' object has no attribute 'quantile'
2026-06-12 08:06:25,590  WARNING  Error calculating BOOF score for AMZN: 'numpy.float64' object has no attribute 'quantile'
2026-06-12 08:06:25,749  WARNING  Error calculating BOOF score for META: 'numpy.float64' object has no attribute 'quantile'
2026-06-12 08:06:25,833  WARNING  Error calculating BOOF score for GOOGL: 'numpy.float64' object has no attribute 'quantile'
2026-06-12 08:06:25,948  WARNING  Error calculating BOOF score for TSLA: 'numpy.float64' object has no attribute 'quantile'
2026-06-12 08:06:26,038  WARNING  Error calculating BOOF score for NFLX: 'numpy.float64' object has no attribute 'quantile'
2026-06-12 08:06:26,170  WARNING  Error calculating BOOF score for SPY: 'numpy.float64' object has no attribute 'quantile'
2026-06-12 08:06:26,307  WARNING  Error calculating BOOF score for QQQ: 'numpy.float64' object has no attribute 'quantile'
2026-06-12 08:06:26,391  WARNING  Error calculating BOOF score for IWM: 'numpy.float64' object has no attribute 'quantile'
2026-06-12 08:06:26,470  WARNING  Error calculating BOOF score for AMD: 'numpy.float64' object has no attribute 'quantile'
2026-06-12 08:06:26,564  WARNING  Error calculating BOOF score for AVGO: 'numpy.float64' object has no attribute 'quantile'
2026-06-12 08:06:26,653  WARNING  Error calculating BOOF score for CRM: 'numpy.float64' object has no attribute 'quantile'
2026-06-12 08:06:26,746  WARNING  Error calculating BOOF score for PYPL: 'numpy.float64' object has no attribute 'quantile'
2026-06-12 08:06:26,826  WARNING  Error calculating BOOF score for UBER: 'numpy.float64' object has no attribute 'quantile'
2026-06-12 08:06:27,076  WARNING  Error calculating BOOF score for COIN: 'numpy.float64' object has no attribute 'quantile'
2026-06-12 08:06:27,341  WARNING  Error calculating BOOF score for HOOD: 'numpy.float64' object has no attribute 'quantile'
2026-06-12 08:06:27,445  WARNING  Error calculating BOOF score for MSTR: 'numpy.float64' object has no attribute 'quantile'
2026-06-12 08:06:27,525  WARNING  Error calculating BOOF score for SMH: 'numpy.float64' object has no attribute 'quantile'
2026-06-12 08:06:27,547  INFO  No BOOF 31 v2 setups found for options
2026-06-12 08:06:27,613  WARNING  Error calculating BOOF score for SOXX: 'numpy.float64' object has no attribute 'quantile'
2026-06-12 08:06:27,613  INFO  No BOOF 31 v2 setups found for options
2026-06-12 08:06:32,611  INFO  ============================================================
2026-06-12 08:06:32,611  INFO  OPTIONS SCAN — checking for BOOF 31 v2 setups...
2026-06-12 08:06:32,686  INFO  ============================================================
2026-06-12 08:06:32,686  INFO  OPTIONS SCAN — checking for BOOF 31 v2 setups...
2026-06-12 08:06:32,799  WARNING  Error calculating BOOF score for AAPL: 'numpy.float64' object has no attribute 'quantile'
2026-06-12 08:06:32,879  WARNING  Error calculating BOOF score for MSFT: 'numpy.float64' object has no attribute 'quantile'
2026-06-12 08:06:33,036  WARNING  Error calculating BOOF score for NVDA: 'numpy.float64' object has no attribute 'quantile'
2026-06-12 08:06:33,234  WARNING  Error calculating BOOF score for AMZN: 'numpy.float64' object has no attribute 'quantile'
2026-06-12 08:06:33,388  WARNING  Error calculating BOOF score for META: 'numpy.float64' object has no attribute 'quantile'
2026-06-12 08:06:33,502  WARNING  Error calculating BOOF score for GOOGL: 'numpy.float64' object has no attribute 'quantile'
2026-06-12 08:06:33,581  WARNING  Error calculating BOOF score for TSLA: 'numpy.float64' object has no attribute 'quantile'
2026-06-12 08:06:33,651  WARNING  Error calculating BOOF score for NFLX: 'numpy.float64' object has no attribute 'quantile'
2026-06-12 08:06:33,779  WARNING  Error calculating BOOF score for SPY: 'numpy.float64' object has no attribute 'quantile'
2026-06-12 08:06:33,899  WARNING  Error calculating BOOF score for QQQ: 'numpy.float64' object has no attribute 'quantile'
2026-06-12 08:06:33,980  WARNING  Error calculating BOOF score for IWM: 'numpy.float64' object has no attribute 'quantile'
2026-06-12 08:06:34,070  WARNING  Error calculating BOOF score for AMD: 'numpy.float64' object has no attribute 'quantile'
2026-06-12 08:06:34,180  WARNING  Error calculating BOOF score for AVGO: 'numpy.float64' object has no attribute 'quantile'
2026-06-12 08:06:34,301  WARNING  Error calculating BOOF score for CRM: 'numpy.float64' object has no attribute 'quantile'
2026-06-12 08:06:34,375  WARNING  Error calculating BOOF score for PYPL: 'numpy.float64' object has no attribute 'quantile'
2026-06-12 08:06:34,491  WARNING  Error calculating BOOF score for UBER: 'numpy.float64' object has no attribute 'quantile'
2026-06-12 08:06:34,664  WARNING  Error calculating BOOF score for COIN: 'numpy.float64' object has no attribute 'quantile'
2026-06-12 08:06:34,846  WARNING  Error calculating BOOF score for HOOD: 'numpy.float64' object has no attribute 'quantile'
2026-06-12 08:06:34,924  WARNING  Error calculating BOOF score for MSTR: 'numpy.float64' object has no attribute 'quantile'
2026-06-12 08:06:35,010  WARNING  Error calculating BOOF score for SMH: 'numpy.float64' object has no attribute 'quantile'
2026-06-12 08:06:35,133  WARNING  Error calculating BOOF score for SOXX: 'numpy.float64' object has no attribute 'quantile'
2026-06-12 08:06:35,133  INFO  No BOOF 31 v2 setups found for options
2026-06-12 08:06:35,539  INFO  No BOOF 31 v2 setups found for options
2026-06-12 08:06:40,305  INFO  ============================================================
2026-06-12 08:06:40,305  INFO  OPTIONS SCAN — checking for BOOF 31 v2 setups...
2026-06-12 08:06:40,384  WARNING  Error calculating BOOF score for AAPL: 'numpy.float64' object has no attribute 'quantile'
2026-06-12 08:06:40,477  WARNING  Error calculating BOOF score for MSFT: 'numpy.float64' object has no attribute 'quantile'
2026-06-12 08:06:40,606  INFO  ============================================================
2026-06-12 08:06:40,606  INFO  OPTIONS SCAN — checking for BOOF 31 v2 setups...
2026-06-12 08:06:40,645  WARNING  Error calculating BOOF score for NVDA: 'numpy.float64' object has no attribute 'quantile'
2026-06-12 08:06:40,801  WARNING  Error calculating BOOF score for AMZN: 'numpy.float64' object has no attribute 'quantile'
2026-06-12 08:06:40,984  WARNING  Error calculating BOOF score for META: 'numpy.float64' object has no attribute 'quantile'
2026-06-12 08:06:41,064  WARNING  Error calculating BOOF score for GOOGL: 'numpy.float64' object has no attribute 'quantile'
2026-06-12 08:06:41,139  WARNING  Error calculating BOOF score for TSLA: 'numpy.float64' object has no attribute 'quantile'
2026-06-12 08:06:41,207  WARNING  Error calculating BOOF score for NFLX: 'numpy.float64' object has no attribute 'quantile'
2026-06-12 08:06:41,332  WARNING  Error calculating BOOF score for SPY: 'numpy.float64' object has no attribute 'quantile'
2026-06-12 08:06:41,482  WARNING  Error calculating BOOF score for QQQ: 'numpy.float64' object has no attribute 'quantile'
2026-06-12 08:06:41,630  WARNING  Error calculating BOOF score for IWM: 'numpy.float64' object has no attribute 'quantile'
2026-06-12 08:06:41,720  WARNING  Error calculating BOOF score for AMD: 'numpy.float64' object has no attribute 'quantile'
2026-06-12 08:06:41,791  WARNING  Error calculating BOOF score for AVGO: 'numpy.float64' object has no attribute 'quantile'
2026-06-12 08:06:41,891  WARNING  Error calculating BOOF score for CRM: 'numpy.float64' object has no attribute 'quantile'
2026-06-12 08:06:41,974  WARNING  Error calculating BOOF score for PYPL: 'numpy.float64' object has no attribute 'quantile'
2026-06-12 08:06:42,064  WARNING  Error calculating BOOF score for UBER: 'numpy.float64' object has no attribute 'quantile'
2026-06-12 08:06:42,243  WARNING  Error calculating BOOF score for COIN: 'numpy.float64' object has no attribute 'quantile'
2026-06-12 08:06:42,466  WARNING  Error calculating BOOF score for HOOD: 'numpy.float64' object has no attribute 'quantile'
2026-06-12 08:06:42,554  WARNING  Error calculating BOOF score for MSTR: 'numpy.float64' object has no attribute 'quantile'
2026-06-12 08:06:42,640  WARNING  Error calculating BOOF score for SMH: 'numpy.float64' object has no attribute 'quantile'
2026-06-12 08:06:42,718  WARNING  Error calculating BOOF score for SOXX: 'numpy.float64' object has no attribute 'quantile'
2026-06-12 08:06:42,718  INFO  No BOOF 31 v2 setups found for options
2026-06-12 08:06:43,545  INFO  No BOOF 31 v2 setups found for options
2026-06-12 08:06:47,780  INFO  ============================================================
2026-06-12 08:06:47,781  INFO  OPTIONS SCAN — checking for BOOF 31 v2 setups...
2026-06-12 08:06:47,861  WARNING  Error calculating BOOF score for AAPL: 'numpy.float64' object has no attribute 'quantile'
2026-06-12 08:06:47,942  WARNING  Error calculating BOOF score for MSFT: 'numpy.float64' object has no attribute 'quantile'
2026-06-12 08:06:48,074  WARNING  Error calculating BOOF score for NVDA: 'numpy.float64' object has no attribute 'quantile'
2026-06-12 08:06:48,280  WARNING  Error calculating BOOF score for AMZN: 'numpy.float64' object has no attribute 'quantile'
2026-06-12 08:06:48,402  WARNING  Error calculating BOOF score for META: 'numpy.float64' object has no attribute 'quantile'
2026-06-12 08:06:48,497  WARNING  Error calculating BOOF score for GOOGL: 'numpy.float64' object has no attribute 'quantile'
2026-06-12 08:06:48,590  WARNING  Error calculating BOOF score for TSLA: 'numpy.float64' object has no attribute 'quantile'
2026-06-12 08:06:48,637  INFO  ============================================================
2026-06-12 08:06:48,637  INFO  OPTIONS SCAN — checking for BOOF 31 v2 setups...
2026-06-12 08:06:48,686  WARNING  Error calculating BOOF score for NFLX: 'numpy.float64' object has no attribute 'quantile'
2026-06-12 08:06:48,836  WARNING  Error calculating BOOF score for SPY: 'numpy.float64' object has no attribute 'quantile'
2026-06-12 08:06:48,983  WARNING  Error calculating BOOF score for QQQ: 'numpy.float64' object has no attribute 'quantile'
2026-06-12 08:06:49,118  WARNING  Error calculating BOOF score for IWM: 'numpy.float64' object has no attribute 'quantile'
2026-06-12 08:06:49,193  WARNING  Error calculating BOOF score for AMD: 'numpy.float64' object has no attribute 'quantile'
2026-06-12 08:06:49,272  WARNING  Error calculating BOOF score for AVGO: 'numpy.float64' object has no attribute 'quantile'
2026-06-12 08:06:49,355  WARNING  Error calculating BOOF score for CRM: 'numpy.float64' object has no attribute 'quantile'
2026-06-12 08:06:49,426  WARNING  Error calculating BOOF score for PYPL: 'numpy.float64' object has no attribute 'quantile'
2026-06-12 08:06:49,547  WARNING  Error calculating BOOF score for UBER: 'numpy.float64' object has no attribute 'quantile'
2026-06-12 08:06:49,804  WARNING  Error calculating BOOF score for COIN: 'numpy.float64' object has no attribute 'quantile'
2026-06-12 08:06:50,089  WARNING  Error calculating BOOF score for HOOD: 'numpy.float64' object has no attribute 'quantile'
2026-06-12 08:06:50,167  WARNING  Error calculating BOOF score for MSTR: 'numpy.float64' object has no attribute 'quantile'
2026-06-12 08:06:50,241  WARNING  Error calculating BOOF score for SMH: 'numpy.float64' object has no attribute 'quantile'
2026-06-12 08:06:50,338  WARNING  Error calculating BOOF score for SOXX: 'numpy.float64' object has no attribute 'quantile'
2026-06-12 08:06:50,339  INFO  No BOOF 31 v2 setups found for options
2026-06-12 08:06:51,562  INFO  No BOOF 31 v2 setups found for options
2026-06-12 08:06:55,397  INFO  ============================================================
2026-06-12 08:06:55,397  INFO  OPTIONS SCAN — checking for BOOF 31 v2 setups...
2026-06-12 08:06:55,477  WARNING  Error calculating BOOF score for AAPL: 'numpy.float64' object has no attribute 'quantile'
2026-06-12 08:06:55,567  WARNING  Error calculating BOOF score for MSFT: 'numpy.float64' object has no attribute 'quantile'
2026-06-12 08:06:55,690  WARNING  Error calculating BOOF score for NVDA: 'numpy.float64' object has no attribute 'quantile'
2026-06-12 08:06:55,942  WARNING  Error calculating BOOF score for AMZN: 'numpy.float64' object has no attribute 'quantile'
2026-06-12 08:06:56,049  WARNING  Error calculating BOOF score for META: 'numpy.float64' object has no attribute 'quantile'
2026-06-12 08:06:56,182  WARNING  Error calculating BOOF score for GOOGL: 'numpy.float64' object has no attribute 'quantile'
2026-06-12 08:06:56,257  WARNING  Error calculating BOOF score for TSLA: 'numpy.float64' object has no attribute 'quantile'
2026-06-12 08:06:56,356  WARNING  Error calculating BOOF score for NFLX: 'numpy.float64' object has no attribute 'quantile'
2026-06-12 08:06:56,461  WARNING  Error calculating BOOF score for SPY: 'numpy.float64' object has no attribute 'quantile'
2026-06-12 08:06:56,564  WARNING  Error calculating BOOF score for QQQ: 'numpy.float64' object has no attribute 'quantile'
2026-06-12 08:06:56,626  INFO  ============================================================
2026-06-12 08:06:56,627  INFO  OPTIONS SCAN — checking for BOOF 31 v2 setups...
2026-06-12 08:06:56,705  WARNING  Error calculating BOOF score for IWM: 'numpy.float64' object has no attribute 'quantile'
2026-06-12 08:06:56,784  WARNING  Error calculating BOOF score for AMD: 'numpy.float64' object has no attribute 'quantile'
2026-06-12 08:06:56,945  WARNING  Error calculating BOOF score for AVGO: 'numpy.float64' object has no attribute 'quantile'
2026-06-12 08:06:57,060  WARNING  Error calculating BOOF score for CRM: 'numpy.float64' object has no attribute 'quantile'
2026-06-12 08:06:57,151  WARNING  Error calculating BOOF score for PYPL: 'numpy.float64' object has no attribute 'quantile'
2026-06-12 08:06:57,232  WARNING  Error calculating BOOF score for UBER: 'numpy.float64' object has no attribute 'quantile'
2026-06-12 08:06:57,477  WARNING  Error calculating BOOF score for COIN: 'numpy.float64' object has no attribute 'quantile'
2026-06-12 08:06:57,726  WARNING  Error calculating BOOF score for HOOD: 'numpy.float64' object has no attribute 'quantile'
2026-06-12 08:06:57,803  WARNING  Error calculating BOOF score for MSTR: 'numpy.float64' object has no attribute 'quantile'
2026-06-12 08:06:57,879  WARNING  Error calculating BOOF score for SMH: 'numpy.float64' object has no attribute 'quantile'
2026-06-12 08:06:57,964  WARNING  Error calculating BOOF score for SOXX: 'numpy.float64' object has no attribute 'quantile'
2026-06-12 08:06:57,964  INFO  No BOOF 31 v2 setups found for options
2026-06-12 08:06:59,643  INFO  No BOOF 31 v2 setups found for options
2026-06-12 08:07:03,036  INFO  ============================================================
2026-06-12 08:07:03,036  INFO  OPTIONS SCAN — checking for BOOF 31 v2 setups...
2026-06-12 08:07:03,131  WARNING  Error calculating BOOF score for AAPL: 'numpy.float64' object has no attribute 'quantile'
2026-06-12 08:07:03,222  WARNING  Error calculating BOOF score for MSFT: 'numpy.float64' object has no attribute 'quantile'
2026-06-12 08:07:03,309  WARNING  Error calculating BOOF score for NVDA: 'numpy.float64' object has no attribute 'quantile'
2026-06-12 08:07:03,578  WARNING  Error calculating BOOF score for AMZN: 'numpy.float64' object has no attribute 'quantile'
2026-06-12 08:07:03,658  WARNING  Error calculating BOOF score for META: 'numpy.float64' object has no attribute 'quantile'
2026-06-12 08:07:03,844  WARNING  Error calculating BOOF score for GOOGL: 'numpy.float64' object has no attribute 'quantile'
2026-06-12 08:07:03,959  WARNING  Error calculating BOOF score for TSLA: 'numpy.float64' object has no attribute 'quantile'
2026-06-12 08:07:04,062  WARNING  Error calculating BOOF score for NFLX: 'numpy.float64' object has no attribute 'quantile'
2026-06-12 08:07:04,163  WARNING  Error calculating BOOF score for SPY: 'numpy.float64' object has no attribute 'quantile'
2026-06-12 08:07:04,248  WARNING  Error calculating BOOF score for QQQ: 'numpy.float64' object has no attribute 'quantile'
2026-06-12 08:07:04,324  WARNING  Error calculating BOOF score for IWM: 'numpy.float64' object has no attribute 'quantile'
2026-06-12 08:07:04,418  WARNING  Error calculating BOOF score for AMD: 'numpy.float64' object has no attribute 'quantile'
2026-06-12 08:07:04,517  WARNING  Error calculating BOOF score for AVGO: 'numpy.float64' object has no attribute 'quantile'
2026-06-12 08:07:04,621  WARNING  Error calculating BOOF score for CRM: 'numpy.float64' object has no attribute 'quantile'
2026-06-12 08:07:04,713  INFO  ============================================================
2026-06-12 08:07:04,714  INFO  OPTIONS SCAN — checking for BOOF 31 v2 setups...
2026-06-12 08:07:04,721  WARNING  Error calculating BOOF score for PYPL: 'numpy.float64' object has no attribute 'quantile'
2026-06-12 08:07:04,819  WARNING  Error calculating BOOF score for UBER: 'numpy.float64' object has no attribute 'quantile'
2026-06-12 08:07:05,114  WARNING  Error calculating BOOF score for COIN: 'numpy.float64' object has no attribute 'quantile'
2026-06-12 08:07:05,434  WARNING  Error calculating BOOF score for HOOD: 'numpy.float64' object has no attribute 'quantile'
2026-06-12 08:07:05,536  WARNING  Error calculating BOOF score for MSTR: 'numpy.float64' object has no attribute 'quantile'
2026-06-12 08:07:05,599  WARNING  Error calculating BOOF score for SMH: 'numpy.float64' object has no attribute 'quantile'
2026-06-12 08:07:05,687  WARNING  Error calculating BOOF score for SOXX: 'numpy.float64' object has no attribute 'quantile'
2026-06-12 08:07:05,688  INFO  No BOOF 31 v2 setups found for options
2026-06-12 08:07:07,947  INFO  No BOOF 31 v2 setups found for options
2026-06-12 08:07:10,758  INFO  ============================================================
2026-06-12 08:07:10,758  INFO  OPTIONS SCAN — checking for BOOF 31 v2 setups...
2026-06-12 08:07:10,911  WARNING  Error calculating BOOF score for AAPL: 'numpy.float64' object has no attribute 'quantile'
2026-06-12 08:07:10,979  WARNING  Error calculating BOOF score for MSFT: 'numpy.float64' object has no attribute 'quantile'
2026-06-12 08:07:11,065  WARNING  Error calculating BOOF score for NVDA: 'numpy.float64' object has no attribute 'quantile'
2026-06-12 08:07:11,398  WARNING  Error calculating BOOF score for AMZN: 'numpy.float64' object has no attribute 'quantile'
2026-06-12 08:07:11,497  WARNING  Error calculating BOOF score for META: 'numpy.float64' object has no attribute 'quantile'
2026-06-12 08:07:11,643  WARNING  Error calculating BOOF score for GOOGL: 'numpy.float64' object has no attribute 'quantile'
2026-06-12 08:07:11,727  WARNING  Error calculating BOOF score for TSLA: 'numpy.float64' object has no attribute 'quantile'
2026-06-12 08:07:11,846  WARNING  Error calculating BOOF score for NFLX: 'numpy.float64' object has no attribute 'quantile'
2026-06-12 08:07:11,941  WARNING  Error calculating BOOF score for SPY: 'numpy.float64' object has no attribute 'quantile'
2026-06-12 08:07:12,021  WARNING  Error calculating BOOF score for QQQ: 'numpy.float64' object has no attribute 'quantile'
2026-06-12 08:07:12,140  WARNING  Error calculating BOOF score for IWM: 'numpy.float64' object has no attribute 'quantile'
2026-06-12 08:07:12,216  WARNING  Error calculating BOOF score for AMD: 'numpy.float64' object has no attribute 'quantile'
2026-06-12 08:07:12,300  WARNING  Error calculating BOOF score for AVGO: 'numpy.float64' object has no attribute 'quantile'
2026-06-12 08:07:12,419  WARNING  Error calculating BOOF score for CRM: 'numpy.float64' object has no attribute 'quantile'
2026-06-12 08:07:12,509  WARNING  Error calculating BOOF score for PYPL: 'numpy.float64' object has no attribute 'quantile'
2026-06-12 08:07:12,585  WARNING  Error calculating BOOF score for UBER: 'numpy.float64' object has no attribute 'quantile'
2026-06-12 08:07:12,886  WARNING  Error calculating BOOF score for COIN: 'numpy.float64' object has no attribute 'quantile'
2026-06-12 08:07:13,012  INFO  ============================================================
2026-06-12 08:07:13,013  INFO  OPTIONS SCAN — checking for BOOF 31 v2 setups...
2026-06-12 08:07:13,208  WARNING  Error calculating BOOF score for HOOD: 'numpy.float64' object has no attribute 'quantile'
2026-06-12 08:07:13,307  WARNING  Error calculating BOOF score for MSTR: 'numpy.float64' object has no attribute 'quantile'
2026-06-12 08:07:13,414  WARNING  Error calculating BOOF score for SMH: 'numpy.float64' object has no attribute 'quantile'
2026-06-12 08:07:13,502  WARNING  Error calculating BOOF score for SOXX: 'numpy.float64' object has no attribute 'quantile'
2026-06-12 08:07:13,503  INFO  No BOOF 31 v2 setups found for options
2026-06-12 08:07:16,156  INFO  No BOOF 31 v2 setups found for options
2026-06-12 08:07:18,639  INFO  ============================================================
2026-06-12 08:07:18,639  INFO  OPTIONS SCAN — checking for BOOF 31 v2 setups...
2026-06-12 08:07:18,715  WARNING  Error calculating BOOF score for AAPL: 'numpy.float64' object has no attribute 'quantile'
2026-06-12 08:07:18,815  WARNING  Error calculating BOOF score for MSFT: 'numpy.float64' object has no attribute 'quantile'
2026-06-12 08:07:18,938  WARNING  Error calculating BOOF score for NVDA: 'numpy.float64' object has no attribute 'quantile'
2026-06-12 08:07:19,276  WARNING  Error calculating BOOF score for AMZN: 'numpy.float64' object has no attribute 'quantile'
2026-06-12 08:07:19,394  WARNING  Error calculating BOOF score for META: 'numpy.float64' object has no attribute 'quantile'
2026-06-12 08:07:19,500  WARNING  Error calculating BOOF score for GOOGL: 'numpy.float64' object has no attribute 'quantile'
2026-06-12 08:07:19,573  WARNING  Error calculating BOOF score for TSLA: 'numpy.float64' object has no attribute 'quantile'
2026-06-12 08:07:19,651  WARNING  Error calculating BOOF score for NFLX: 'numpy.float64' object has no attribute 'quantile'
2026-06-12 08:07:19,757  WARNING  Error calculating BOOF score for SPY: 'numpy.float64' object has no attribute 'quantile'
2026-06-12 08:07:19,849  WARNING  Error calculating BOOF score for QQQ: 'numpy.float64' object has no attribute 'quantile'
2026-06-12 08:07:19,926  WARNING  Error calculating BOOF score for IWM: 'numpy.float64' object has no attribute 'quantile'
2026-06-12 08:07:19,996  WARNING  Error calculating BOOF score for AMD: 'numpy.float64' object has no attribute 'quantile'
2026-06-12 08:07:20,086  WARNING  Error calculating BOOF score for AVGO: 'numpy.float64' object has no attribute 'quantile'
2026-06-12 08:07:20,167  WARNING  Error calculating BOOF score for CRM: 'numpy.float64' object has no attribute 'quantile'
2026-06-12 08:07:20,274  WARNING  Error calculating BOOF score for PYPL: 'numpy.float64' object has no attribute 'quantile'
2026-06-12 08:07:20,357  WARNING  Error calculating BOOF score for UBER: 'numpy.float64' object has no attribute 'quantile'
2026-06-12 08:07:20,635  WARNING  Error calculating BOOF score for COIN: 'numpy.float64' object has no attribute 'quantile'
2026-06-12 08:07:20,916  WARNING  Error calculating BOOF score for HOOD: 'numpy.float64' object has no attribute 'quantile'
2026-06-12 08:07:21,009  WARNING  Error calculating BOOF score for MSTR: 'numpy.float64' object has no attribute 'quantile'
2026-06-12 08:07:21,089  WARNING  Error calculating BOOF score for SMH: 'numpy.float64' object has no attribute 'quantile'
2026-06-12 08:07:21,202  WARNING  Error calculating BOOF score for SOXX: 'numpy.float64' object has no attribute 'quantile'
2026-06-12 08:07:21,203  INFO  No BOOF 31 v2 setups found for options
2026-06-12 08:07:21,219  INFO  ============================================================
2026-06-12 08:07:21,219  INFO  OPTIONS SCAN — checking for BOOF 31 v2 setups...
2026-06-12 08:07:24,198  INFO  No BOOF 31 v2 setups found for options
2026-06-12 08:07:26,273  INFO  ============================================================
2026-06-12 08:07:26,274  INFO  OPTIONS SCAN — checking for BOOF 31 v2 setups...
2026-06-12 08:07:26,385  WARNING  Error calculating BOOF score for AAPL: 'numpy.float64' object has no attribute 'quantile'
2026-06-12 08:07:26,515  WARNING  Error calculating BOOF score for MSFT: 'numpy.float64' object has no attribute 'quantile'
2026-06-12 08:07:26,656  WARNING  Error calculating BOOF score for NVDA: 'numpy.float64' object has no attribute 'quantile'
2026-06-12 08:07:26,988  WARNING  Error calculating BOOF score for AMZN: 'numpy.float64' object has no attribute 'quantile'
2026-06-12 08:07:27,145  WARNING  Error calculating BOOF score for META: 'numpy.float64' object has no attribute 'quantile'
2026-06-12 08:07:27,281  WARNING  Error calculating BOOF score for GOOGL: 'numpy.float64' object has no attribute 'quantile'
2026-06-12 08:07:27,359  WARNING  Error calculating BOOF score for TSLA: 'numpy.float64' object has no attribute 'quantile'
2026-06-12 08:07:27,444  WARNING  Error calculating BOOF score for NFLX: 'numpy.float64' object has no attribute 'quantile'
2026-06-12 08:07:27,604  WARNING  Error calculating BOOF score for SPY: 'numpy.float64' object has no attribute 'quantile'
2026-06-12 08:07:27,774  WARNING  Error calculating BOOF score for QQQ: 'numpy.float64' object has no attribute 'quantile'
2026-06-12 08:07:27,855  WARNING  Error calculating BOOF score for IWM: 'numpy.float64' object has no attribute 'quantile'
2026-06-12 08:07:27,961  WARNING  Error calculating BOOF score for AMD: 'numpy.float64' object has no attribute 'quantile'
2026-06-12 08:07:28,080  WARNING  Error calculating BOOF score for AVGO: 'numpy.float64' object has no attribute 'quantile'
2026-06-12 08:07:28,221  WARNING  Error calculating BOOF score for CRM: 'numpy.float64' object has no attribute 'quantile'
2026-06-12 08:07:28,334  WARNING  Error calculating BOOF score for PYPL: 'numpy.float64' object has no attribute 'quantile'
2026-06-12 08:07:28,420  WARNING  Error calculating BOOF score for UBER: 'numpy.float64' object has no attribute 'quantile'
2026-06-12 08:07:28,762  WARNING  Error calculating BOOF score for COIN: 'numpy.float64' object has no attribute 'quantile'
2026-06-12 08:07:29,087  WARNING  Error calculating BOOF score for HOOD: 'numpy.float64' object has no attribute 'quantile'
2026-06-12 08:07:29,191  WARNING  Error calculating BOOF score for MSTR: 'numpy.float64' object has no attribute 'quantile'
2026-06-12 08:07:29,264  INFO  ============================================================
2026-06-12 08:07:29,264  INFO  OPTIONS SCAN — checking for BOOF 31 v2 setups...
2026-06-12 08:07:29,273  WARNING  Error calculating BOOF score for SMH: 'numpy.float64' object has no attribute 'quantile'
2026-06-12 08:07:29,368  WARNING  Error calculating BOOF score for SOXX: 'numpy.float64' object has no attribute 'quantile'
2026-06-12 08:07:29,368  INFO  No BOOF 31 v2 setups found for options
2026-06-12 08:07:32,346  INFO  No BOOF 31 v2 setups found for options
2026-06-12 08:07:34,463  INFO  ============================================================
2026-06-12 08:07:34,472  INFO  OPTIONS SCAN — checking for BOOF 31 v2 setups...
2026-06-12 08:07:34,563  WARNING  Error calculating BOOF score for AAPL: 'numpy.float64' object has no attribute 'quantile'
2026-06-12 08:07:34,665  WARNING  Error calculating BOOF score for MSFT: 'numpy.float64' object has no attribute 'quantile'
2026-06-12 08:07:34,775  WARNING  Error calculating BOOF score for NVDA: 'numpy.float64' object has no attribute 'quantile'
2026-06-12 08:07:35,078  WARNING  Error calculating BOOF score for AMZN: 'numpy.float64' object has no attribute 'quantile'
2026-06-12 08:07:35,198  WARNING  Error calculating BOOF score for META: 'numpy.float64' object has no attribute 'quantile'
2026-06-12 08:07:35,363  WARNING  Error calculating BOOF score for GOOGL: 'numpy.float64' object has no attribute 'quantile'
2026-06-12 08:07:35,476  WARNING  Error calculating BOOF score for TSLA: 'numpy.float64' object has no attribute 'quantile'
2026-06-12 08:07:35,541  WARNING  Error calculating BOOF score for NFLX: 'numpy.float64' object has no attribute 'quantile'
2026-06-12 08:07:35,710  WARNING  Error calculating BOOF score for SPY: 'numpy.float64' object has no attribute 'quantile'
2026-06-12 08:07:35,881  WARNING  Error calculating BOOF score for QQQ: 'numpy.float64' object has no attribute 'quantile'
2026-06-12 08:07:35,959  WARNING  Error calculating BOOF score for IWM: 'numpy.float64' object has no attribute 'quantile'
2026-06-12 08:07:36,099  WARNING  Error calculating BOOF score for AMD: 'numpy.float64' object has no attribute 'quantile'
2026-06-12 08:07:36,238  WARNING  Error calculating BOOF score for AVGO: 'numpy.float64' object has no attribute 'quantile'
2026-06-12 08:07:36,329  WARNING  Error calculating BOOF score for CRM: 'numpy.float64' object has no attribute 'quantile'
2026-06-12 08:07:36,449  WARNING  Error calculating BOOF score for PYPL: 'numpy.float64' object has no attribute 'quantile'
2026-06-12 08:07:36,524  WARNING  Error calculating BOOF score for UBER: 'numpy.float64' object has no attribute 'quantile'
2026-06-12 08:07:36,856  WARNING  Error calculating BOOF score for COIN: 'numpy.float64' object has no attribute 'quantile'
2026-06-12 08:07:37,206  WARNING  Error calculating BOOF score for HOOD: 'numpy.float64' object has no attribute 'quantile'
2026-06-12 08:07:37,291  WARNING  Error calculating BOOF score for MSTR: 'numpy.float64' object has no attribute 'quantile'
2026-06-12 08:07:37,370  WARNING  Error calculating BOOF score for SMH: 'numpy.float64' object has no attribute 'quantile'
2026-06-12 08:07:37,436  INFO  ============================================================
2026-06-12 08:07:37,437  INFO  OPTIONS SCAN — checking for BOOF 31 v2 setups...
2026-06-12 08:07:37,449  WARNING  Error calculating BOOF score for SOXX: 'numpy.float64' object has no attribute 'quantile'
2026-06-12 08:07:37,449  INFO  No BOOF 31 v2 setups found for options
2026-06-12 08:07:38,899  INFO  Stopped by user.
2026-06-12 08:07:40,431  INFO  No BOOF 31 v2 setups found for options
2026-06-12 08:07:45,487  INFO  ============================================================
2026-06-12 08:07:45,487  INFO  OPTIONS SCAN — checking for BOOF 31 v2 setups...
2026-06-12 08:07:48,023  INFO  No BOOF 31 v2 setups found for options
2026-06-12 08:07:53,206  INFO  ============================================================
2026-06-12 08:07:53,206  INFO  OPTIONS SCAN — checking for BOOF 31 v2 setups...
2026-06-12 08:07:55,854  INFO  No BOOF 31 v2 setups found for options
2026-06-12 08:08:00,925  INFO  ============================================================
2026-06-12 08:08:00,925  INFO  OPTIONS SCAN — checking for BOOF 31 v2 setups...
2026-06-12 08:08:03,716  INFO  No BOOF 31 v2 setups found for options
2026-06-12 08:08:08,797  INFO  ============================================================
2026-06-12 08:08:08,797  INFO  OPTIONS SCAN — checking for BOOF 31 v2 setups...
2026-06-12 08:08:11,535  INFO  No BOOF 31 v2 setups found for options
2026-06-12 08:08:16,596  INFO  ============================================================
2026-06-12 08:08:16,596  INFO  OPTIONS SCAN — checking for BOOF 31 v2 setups...
2026-06-12 08:08:19,282  INFO  No BOOF 31 v2 setups found for options
2026-06-12 08:08:24,533  INFO  ============================================================
2026-06-12 08:08:24,535  INFO  OPTIONS SCAN — checking for BOOF 31 v2 setups...
2026-06-12 08:08:27,487  INFO  No BOOF 31 v2 setups found for options
2026-06-12 08:08:32,554  INFO  ============================================================
2026-06-12 08:08:32,554  INFO  OPTIONS SCAN — checking for BOOF 31 v2 setups...
2026-06-12 08:08:35,339  INFO  No BOOF 31 v2 setups found for options
2026-06-12 08:08:40,410  INFO  ============================================================
2026-06-12 08:08:40,410  INFO  OPTIONS SCAN — checking for BOOF 31 v2 setups...
2026-06-12 08:08:43,057  INFO  No BOOF 31 v2 setups found for options
2026-06-12 08:08:48,122  INFO  ============================================================
2026-06-12 08:08:48,122  INFO  OPTIONS SCAN — checking for BOOF 31 v2 setups...
2026-06-12 08:08:50,673  INFO  No BOOF 31 v2 setups found for options
2026-06-12 08:08:55,737  INFO  ============================================================
2026-06-12 08:08:55,737  INFO  OPTIONS SCAN — checking for BOOF 31 v2 setups...
2026-06-12 08:08:58,107  INFO  No BOOF 31 v2 setups found for options
2026-06-12 08:09:03,249  INFO  ============================================================
2026-06-12 08:09:03,249  INFO  OPTIONS SCAN — checking for BOOF 31 v2 setups...
2026-06-12 08:09:05,301  INFO  No BOOF 31 v2 setups found for options
2026-06-12 08:09:10,358  INFO  ============================================================
2026-06-12 08:09:10,358  INFO  OPTIONS SCAN — checking for BOOF 31 v2 setups...
2026-06-12 08:09:12,373  INFO  No BOOF 31 v2 setups found for options
2026-06-12 08:09:17,436  INFO  ============================================================
2026-06-12 08:09:17,436  INFO  OPTIONS SCAN — checking for BOOF 31 v2 setups...
2026-06-12 08:09:19,585  INFO  No BOOF 31 v2 setups found for options
2026-06-12 08:09:24,648  INFO  ============================================================
2026-06-12 08:09:24,648  INFO  OPTIONS SCAN — checking for BOOF 31 v2 setups...
2026-06-12 08:09:27,657  INFO  BOOF 31 v2 setups for options: ['SMH(score:7)']
2026-06-12 08:09:27,657  WARNING  Error getting options for SMH: name 'OptionType' is not defined
2026-06-12 08:09:27,657  WARNING    SMH: No liquid PUT options available
2026-06-12 08:09:27,658  INFO  No options positions entered.
2026-06-12 08:09:32,716  INFO  ============================================================
2026-06-12 08:09:32,716  INFO  OPTIONS SCAN — checking for BOOF 31 v2 setups...
2026-06-12 08:09:35,517  INFO  BOOF 31 v2 setups for options: ['SMH(score:7)']
2026-06-12 08:09:35,518  WARNING  Error getting options for SMH: name 'OptionType' is not defined
2026-06-12 08:09:35,518  WARNING    SMH: No liquid PUT options available
2026-06-12 08:09:35,519  INFO  No options positions entered.
2026-06-12 08:09:40,586  INFO  ============================================================
2026-06-12 08:09:40,586  INFO  OPTIONS SCAN — checking for BOOF 31 v2 setups...
2026-06-12 08:09:43,263  INFO  BOOF 31 v2 setups for options: ['SMH(score:7)']
2026-06-12 08:09:43,263  WARNING  Error getting options for SMH: name 'OptionType' is not defined
2026-06-12 08:09:43,263  WARNING    SMH: No liquid PUT options available
2026-06-12 08:09:43,264  INFO  No options positions entered.
2026-06-12 08:09:48,335  INFO  ============================================================
2026-06-12 08:09:48,335  INFO  OPTIONS SCAN — checking for BOOF 31 v2 setups...
2026-06-12 08:09:51,084  INFO  BOOF 31 v2 setups for options: ['SMH(score:7)']
2026-06-12 08:09:51,084  WARNING  Error getting options for SMH: name 'OptionType' is not defined
2026-06-12 08:09:51,084  WARNING    SMH: No liquid PUT options available
2026-06-12 08:09:51,085  INFO  No options positions entered.
2026-06-12 08:09:56,154  INFO  ============================================================
2026-06-12 08:09:56,154  INFO  OPTIONS SCAN — checking for BOOF 31 v2 setups...
2026-06-12 08:09:59,152  INFO  BOOF 31 v2 setups for options: ['SMH(score:7)']
2026-06-12 08:09:59,152  WARNING  Error getting options for SMH: name 'OptionType' is not defined
2026-06-12 08:09:59,152  WARNING    SMH: No liquid PUT options available
2026-06-12 08:09:59,153  INFO  No options positions entered.
2026-06-12 08:10:04,235  INFO  ============================================================
2026-06-12 08:10:04,235  INFO  OPTIONS SCAN — checking for BOOF 31 v2 setups...
2026-06-12 08:10:06,776  INFO  BOOF 31 v2 setups for options: ['SMH(score:7)']
2026-06-12 08:10:06,776  WARNING  Error getting options for SMH: name 'OptionType' is not defined
2026-06-12 08:10:06,777  WARNING    SMH: No liquid PUT options available
2026-06-12 08:10:06,777  INFO  No options positions entered.
2026-06-12 08:10:11,835  INFO  ============================================================
2026-06-12 08:10:11,835  INFO  OPTIONS SCAN — checking for BOOF 31 v2 setups...
2026-06-12 08:10:14,417  INFO  BOOF 31 v2 setups for options: ['SMH(score:7)']
2026-06-12 08:10:14,417  WARNING  Error getting options for SMH: name 'OptionType' is not defined
2026-06-12 08:10:14,417  WARNING    SMH: No liquid PUT options available
2026-06-12 08:10:14,418  INFO  No options positions entered.
2026-06-12 08:10:19,491  INFO  ============================================================
2026-06-12 08:10:19,491  INFO  OPTIONS SCAN — checking for BOOF 31 v2 setups...
2026-06-12 08:10:21,916  INFO  BOOF 31 v2 setups for options: ['SMH(score:7)']
2026-06-12 08:10:21,916  WARNING  Error getting options for SMH: name 'OptionType' is not defined
2026-06-12 08:10:21,916  WARNING    SMH: No liquid PUT options available
2026-06-12 08:10:21,917  INFO  No options positions entered.
2026-06-12 08:10:26,991  INFO  ============================================================
2026-06-12 08:10:26,991  INFO  OPTIONS SCAN — checking for BOOF 31 v2 setups...
2026-06-12 08:10:29,438  INFO  No BOOF 31 v2 setups found for options
2026-06-12 08:10:34,500  INFO  ============================================================
2026-06-12 08:10:34,500  INFO  OPTIONS SCAN — checking for BOOF 31 v2 setups...
2026-06-12 08:10:36,642  INFO  No BOOF 31 v2 setups found for options
2026-06-12 08:10:41,741  INFO  ============================================================
2026-06-12 08:10:41,741  INFO  OPTIONS SCAN — checking for BOOF 31 v2 setups...
2026-06-12 08:10:43,798  INFO  No BOOF 31 v2 setups found for options
2026-06-12 08:10:48,862  INFO  ============================================================
2026-06-12 08:10:48,862  INFO  OPTIONS SCAN — checking for BOOF 31 v2 setups...
2026-06-12 08:10:50,854  INFO  No BOOF 31 v2 setups found for options
2026-06-12 08:10:55,915  INFO  ============================================================
2026-06-12 08:10:55,915  INFO  OPTIONS SCAN — checking for BOOF 31 v2 setups...
2026-06-12 08:10:58,023  INFO  No BOOF 31 v2 setups found for options
2026-06-12 08:11:03,087  INFO  ============================================================
2026-06-12 08:11:03,088  INFO  OPTIONS SCAN — checking for BOOF 31 v2 setups...
2026-06-12 08:11:05,333  INFO  No BOOF 31 v2 setups found for options
2026-06-12 08:11:10,390  INFO  ============================================================
2026-06-12 08:11:10,390  INFO  OPTIONS SCAN — checking for BOOF 31 v2 setups...
2026-06-12 08:11:12,625  INFO  No BOOF 31 v2 setups found for options
2026-06-12 08:11:17,690  INFO  ============================================================
2026-06-12 08:11:17,690  INFO  OPTIONS SCAN — checking for BOOF 31 v2 setups...
2026-06-12 08:11:19,843  INFO  No BOOF 31 v2 setups found for options
2026-06-12 08:11:24,906  INFO  ============================================================
2026-06-12 08:11:24,907  INFO  OPTIONS SCAN — checking for BOOF 31 v2 setups...
2026-06-12 08:11:27,508  INFO  No BOOF 31 v2 setups found for options
2026-06-12 08:11:32,575  INFO  ============================================================
2026-06-12 08:11:32,576  INFO  OPTIONS SCAN — checking for BOOF 31 v2 setups...
2026-06-12 08:11:35,425  INFO  No BOOF 31 v2 setups found for options
2026-06-12 08:11:40,491  INFO  ============================================================
2026-06-12 08:11:40,491  INFO  OPTIONS SCAN — checking for BOOF 31 v2 setups...
2026-06-12 08:11:43,005  INFO  No BOOF 31 v2 setups found for options
2026-06-12 08:11:48,061  INFO  ============================================================
2026-06-12 08:11:48,061  INFO  OPTIONS SCAN — checking for BOOF 31 v2 setups...
2026-06-12 08:11:51,156  INFO  No BOOF 31 v2 setups found for options
2026-06-12 08:11:56,230  INFO  ============================================================
2026-06-12 08:11:56,230  INFO  OPTIONS SCAN — checking for BOOF 31 v2 setups...
2026-06-12 08:11:59,905  INFO  No BOOF 31 v2 setups found for options
2026-06-12 08:12:04,967  INFO  ============================================================
2026-06-12 08:12:04,967  INFO  OPTIONS SCAN — checking for BOOF 31 v2 setups...
2026-06-12 08:12:07,405  INFO  No BOOF 31 v2 setups found for options
2026-06-12 08:12:12,468  INFO  ============================================================
2026-06-12 08:12:12,468  INFO  OPTIONS SCAN — checking for BOOF 31 v2 setups...
2026-06-12 08:12:14,930  INFO  No BOOF 31 v2 setups found for options
2026-06-12 08:12:19,995  INFO  ============================================================
2026-06-12 08:12:19,995  INFO  OPTIONS SCAN — checking for BOOF 31 v2 setups...
2026-06-12 08:12:22,457  INFO  No BOOF 31 v2 setups found for options
2026-06-12 08:12:27,533  INFO  ============================================================
2026-06-12 08:12:27,534  INFO  OPTIONS SCAN — checking for BOOF 31 v2 setups...
2026-06-12 08:12:30,262  INFO  No BOOF 31 v2 setups found for options
2026-06-12 08:12:35,326  INFO  ============================================================
2026-06-12 08:12:35,326  INFO  OPTIONS SCAN — checking for BOOF 31 v2 setups...
2026-06-12 08:12:37,579  INFO  No BOOF 31 v2 setups found for options
2026-06-12 08:12:42,643  INFO  ============================================================
2026-06-12 08:12:42,644  INFO  OPTIONS SCAN — checking for BOOF 31 v2 setups...
2026-06-12 08:12:45,031  INFO  No BOOF 31 v2 setups found for options
2026-06-12 08:12:50,095  INFO  ============================================================
2026-06-12 08:12:50,096  INFO  OPTIONS SCAN — checking for BOOF 31 v2 setups...
2026-06-12 08:12:52,276  INFO  No BOOF 31 v2 setups found for options
2026-06-12 08:12:57,336  INFO  ============================================================
2026-06-12 08:12:57,336  INFO  OPTIONS SCAN — checking for BOOF 31 v2 setups...
2026-06-12 08:12:59,722  INFO  No BOOF 31 v2 setups found for options
2026-06-12 08:13:04,779  INFO  ============================================================
2026-06-12 08:13:04,779  INFO  OPTIONS SCAN — checking for BOOF 31 v2 setups...
2026-06-12 08:13:07,110  INFO  No BOOF 31 v2 setups found for options
2026-06-12 08:13:12,179  INFO  ============================================================
2026-06-12 08:13:12,179  INFO  OPTIONS SCAN — checking for BOOF 31 v2 setups...
2026-06-12 08:13:14,406  INFO  No BOOF 31 v2 setups found for options
2026-06-12 08:13:19,471  INFO  ============================================================
2026-06-12 08:13:19,471  INFO  OPTIONS SCAN — checking for BOOF 31 v2 setups...
2026-06-12 08:13:21,671  INFO  No BOOF 31 v2 setups found for options
2026-06-12 08:13:26,812  INFO  ============================================================
2026-06-12 08:13:26,812  INFO  OPTIONS SCAN — checking for BOOF 31 v2 setups...
2026-06-12 08:13:29,064  INFO  No BOOF 31 v2 setups found for options
2026-06-12 08:13:34,133  INFO  ============================================================
2026-06-12 08:13:34,133  INFO  OPTIONS SCAN — checking for BOOF 31 v2 setups...
2026-06-12 08:13:36,179  INFO  No BOOF 31 v2 setups found for options
2026-06-12 08:13:41,241  INFO  ============================================================
2026-06-12 08:13:41,241  INFO  OPTIONS SCAN — checking for BOOF 31 v2 setups...
2026-06-12 08:13:43,574  INFO  No BOOF 31 v2 setups found for options
2026-06-12 08:13:48,636  INFO  ============================================================
2026-06-12 08:13:48,637  INFO  OPTIONS SCAN — checking for BOOF 31 v2 setups...
2026-06-12 08:13:50,903  INFO  No BOOF 31 v2 setups found for options
2026-06-12 08:13:55,976  INFO  ============================================================
2026-06-12 08:13:55,979  INFO  OPTIONS SCAN — checking for BOOF 31 v2 setups...
2026-06-12 08:13:58,390  INFO  No BOOF 31 v2 setups found for options
2026-06-12 08:14:03,460  INFO  ============================================================
2026-06-12 08:14:03,461  INFO  OPTIONS SCAN — checking for BOOF 31 v2 setups...
2026-06-12 08:14:05,759  INFO  No BOOF 31 v2 setups found for options
2026-06-12 08:14:10,825  INFO  ============================================================
2026-06-12 08:14:10,825  INFO  OPTIONS SCAN — checking for BOOF 31 v2 setups...
2026-06-12 08:14:13,178  INFO  No BOOF 31 v2 setups found for options
2026-06-12 08:14:18,244  INFO  ============================================================
2026-06-12 08:14:18,244  INFO  OPTIONS SCAN — checking for BOOF 31 v2 setups...
2026-06-12 08:14:20,428  INFO  No BOOF 31 v2 setups found for options
2026-06-12 08:14:25,494  INFO  ============================================================
2026-06-12 08:14:25,495  INFO  OPTIONS SCAN — checking for BOOF 31 v2 setups...
2026-06-12 08:14:27,952  INFO  No BOOF 31 v2 setups found for options
2026-06-12 08:14:33,006  INFO  ============================================================
2026-06-12 08:14:33,007  INFO  OPTIONS SCAN — checking for BOOF 31 v2 setups...
2026-06-12 08:14:35,435  INFO  No BOOF 31 v2 setups found for options
2026-06-12 08:14:40,507  INFO  ============================================================
2026-06-12 08:14:40,507  INFO  OPTIONS SCAN — checking for BOOF 31 v2 setups...
2026-06-12 08:14:42,860  INFO  No BOOF 31 v2 setups found for options
2026-06-12 08:14:47,931  INFO  ============================================================
2026-06-12 08:14:47,931  INFO  OPTIONS SCAN — checking for BOOF 31 v2 setups...
2026-06-12 08:14:50,279  INFO  No BOOF 31 v2 setups found for options
2026-06-12 08:14:55,336  INFO  ============================================================
2026-06-12 08:14:55,336  INFO  OPTIONS SCAN — checking for BOOF 31 v2 setups...
2026-06-12 08:14:57,460  INFO  No BOOF 31 v2 setups found for options
2026-06-12 08:15:02,523  INFO  ============================================================
2026-06-12 08:15:02,523  INFO  OPTIONS SCAN — checking for BOOF 31 v2 setups...
2026-06-12 08:15:04,557  INFO  No BOOF 31 v2 setups found for options
2026-06-12 08:15:09,630  INFO  ============================================================
2026-06-12 08:15:09,630  INFO  OPTIONS SCAN — checking for BOOF 31 v2 setups...
2026-06-12 08:15:11,711  INFO  No BOOF 31 v2 setups found for options
2026-06-12 08:15:16,775  INFO  ============================================================
2026-06-12 08:15:16,776  INFO  OPTIONS SCAN — checking for BOOF 31 v2 setups...
2026-06-12 08:15:18,923  INFO  No BOOF 31 v2 setups found for options
2026-06-12 08:15:23,988  INFO  ============================================================
2026-06-12 08:15:23,989  INFO  OPTIONS SCAN — checking for BOOF 31 v2 setups...
2026-06-12 08:15:26,145  INFO  No BOOF 31 v2 setups found for options
2026-06-12 08:15:31,206  INFO  ============================================================
2026-06-12 08:15:31,206  INFO  OPTIONS SCAN — checking for BOOF 31 v2 setups...
2026-06-12 08:15:33,261  INFO  No BOOF 31 v2 setups found for options
2026-06-12 08:15:38,327  INFO  ============================================================
2026-06-12 08:15:38,327  INFO  OPTIONS SCAN — checking for BOOF 31 v2 setups...
2026-06-12 08:15:40,540  INFO  No BOOF 31 v2 setups found for options
2026-06-12 08:15:45,597  INFO  ============================================================
2026-06-12 08:15:45,597  INFO  OPTIONS SCAN — checking for BOOF 31 v2 setups...
2026-06-12 08:15:47,513  INFO  No BOOF 31 v2 setups found for options
2026-06-12 08:15:52,568  INFO  ============================================================
2026-06-12 08:15:52,568  INFO  OPTIONS SCAN — checking for BOOF 31 v2 setups...
2026-06-12 08:15:55,025  INFO  No BOOF 31 v2 setups found for options
2026-06-12 08:16:00,092  INFO  ============================================================
2026-06-12 08:16:00,092  INFO  OPTIONS SCAN — checking for BOOF 31 v2 setups...
2026-06-12 08:16:02,305  INFO  No BOOF 31 v2 setups found for options
2026-06-12 08:16:07,370  INFO  ============================================================
2026-06-12 08:16:07,370  INFO  OPTIONS SCAN — checking for BOOF 31 v2 setups...
2026-06-12 08:16:09,447  INFO  No BOOF 31 v2 setups found for options
2026-06-12 08:16:14,514  INFO  ============================================================
2026-06-12 08:16:14,514  INFO  OPTIONS SCAN — checking for BOOF 31 v2 setups...
2026-06-12 08:16:16,977  INFO  No BOOF 31 v2 setups found for options
2026-06-12 08:16:22,042  INFO  ============================================================
2026-06-12 08:16:22,042  INFO  OPTIONS SCAN — checking for BOOF 31 v2 setups...
2026-06-12 08:16:24,044  INFO  No BOOF 31 v2 setups found for options
2026-06-12 08:16:29,153  INFO  ============================================================
2026-06-12 08:16:29,153  INFO  OPTIONS SCAN — checking for BOOF 31 v2 setups...
2026-06-12 08:16:31,993  INFO  No BOOF 31 v2 setups found for options
2026-06-12 08:16:37,067  INFO  ============================================================
2026-06-12 08:16:37,067  INFO  OPTIONS SCAN — checking for BOOF 31 v2 setups...
2026-06-12 08:16:39,717  INFO  No BOOF 31 v2 setups found for options
2026-06-12 08:16:44,908  INFO  ============================================================
2026-06-12 08:16:44,909  INFO  OPTIONS SCAN — checking for BOOF 31 v2 setups...
2026-06-12 08:16:48,123  INFO  No BOOF 31 v2 setups found for options
2026-06-12 08:16:53,189  INFO  ============================================================
2026-06-12 08:16:53,189  INFO  OPTIONS SCAN — checking for BOOF 31 v2 setups...
2026-06-12 08:16:55,846  INFO  No BOOF 31 v2 setups found for options
2026-06-12 08:17:00,986  INFO  ============================================================
2026-06-12 08:17:00,986  INFO  OPTIONS SCAN — checking for BOOF 31 v2 setups...
2026-06-12 08:17:03,309  INFO  No BOOF 31 v2 setups found for options
2026-06-12 08:17:08,371  INFO  ============================================================
2026-06-12 08:17:08,371  INFO  OPTIONS SCAN — checking for BOOF 31 v2 setups...
2026-06-12 08:17:11,040  INFO  No BOOF 31 v2 setups found for options
2026-06-12 08:17:16,095  INFO  ============================================================
2026-06-12 08:17:16,095  INFO  OPTIONS SCAN — checking for BOOF 31 v2 setups...
2026-06-12 08:17:18,614  INFO  No BOOF 31 v2 setups found for options
2026-06-12 08:17:23,682  INFO  ============================================================
2026-06-12 08:17:23,683  INFO  OPTIONS SCAN — checking for BOOF 31 v2 setups...
2026-06-12 08:17:26,731  INFO  No BOOF 31 v2 setups found for options
2026-06-12 08:17:31,788  INFO  ============================================================
2026-06-12 08:17:31,789  INFO  OPTIONS SCAN — checking for BOOF 31 v2 setups...
2026-06-12 08:17:35,150  INFO  No BOOF 31 v2 setups found for options
2026-06-12 08:17:40,241  INFO  ============================================================
2026-06-12 08:17:40,242  INFO  OPTIONS SCAN — checking for BOOF 31 v2 setups...
2026-06-12 08:17:43,357  INFO  No BOOF 31 v2 setups found for options
2026-06-12 08:17:48,422  INFO  ============================================================
2026-06-12 08:17:48,422  INFO  OPTIONS SCAN — checking for BOOF 31 v2 setups...
2026-06-12 08:17:50,933  INFO  No BOOF 31 v2 setups found for options
2026-06-12 08:17:56,006  INFO  ============================================================
2026-06-12 08:17:56,011  INFO  OPTIONS SCAN — checking for BOOF 31 v2 setups...
2026-06-12 08:17:58,575  INFO  No BOOF 31 v2 setups found for options
2026-06-12 08:18:03,631  INFO  ============================================================
2026-06-12 08:18:03,631  INFO  OPTIONS SCAN — checking for BOOF 31 v2 setups...
2026-06-12 08:18:06,114  INFO  No BOOF 31 v2 setups found for options
2026-06-12 08:18:11,182  INFO  ============================================================
2026-06-12 08:18:11,182  INFO  OPTIONS SCAN — checking for BOOF 31 v2 setups...
2026-06-12 08:18:13,787  INFO  No BOOF 31 v2 setups found for options
2026-06-12 08:18:18,864  INFO  ============================================================
2026-06-12 08:18:18,864  INFO  OPTIONS SCAN — checking for BOOF 31 v2 setups...
2026-06-12 08:18:21,177  INFO  No BOOF 31 v2 setups found for options
2026-06-12 08:18:26,297  INFO  ============================================================
2026-06-12 08:18:26,297  INFO  OPTIONS SCAN — checking for BOOF 31 v2 setups...
2026-06-12 08:18:28,966  INFO  BOOF 31 v2 setups for options: ['GOOGL(score:7)', 'MSTR(score:6)']
2026-06-12 08:18:28,967  WARNING  Error getting options for GOOGL: name 'OptionType' is not defined
2026-06-12 08:18:28,967  WARNING    GOOGL: No liquid PUT options available
2026-06-12 08:18:28,967  WARNING  Error getting options for MSTR: name 'OptionType' is not defined
2026-06-12 08:18:28,967  WARNING    MSTR: No liquid PUT options available
2026-06-12 08:18:28,968  INFO  No options positions entered.
2026-06-12 08:18:34,061  INFO  ============================================================
2026-06-12 08:18:34,061  INFO  OPTIONS SCAN — checking for BOOF 31 v2 setups...
2026-06-12 08:18:36,596  INFO  BOOF 31 v2 setups for options: ['GOOGL(score:7)', 'MSTR(score:6)']
2026-06-12 08:18:36,597  WARNING  Error getting options for GOOGL: name 'OptionType' is not defined
2026-06-12 08:18:36,597  WARNING    GOOGL: No liquid PUT options available
2026-06-12 08:18:36,597  WARNING  Error getting options for MSTR: name 'OptionType' is not defined
2026-06-12 08:18:36,597  WARNING    MSTR: No liquid PUT options available
2026-06-12 08:18:36,597  INFO  No options positions entered.
2026-06-12 08:18:41,660  INFO  ============================================================
2026-06-12 08:18:41,660  INFO  OPTIONS SCAN — checking for BOOF 31 v2 setups...
2026-06-12 08:18:44,188  INFO  BOOF 31 v2 setups for options: ['GOOGL(score:7)', 'MSTR(score:6)']
2026-06-12 08:18:44,188  WARNING  Error getting options for GOOGL: name 'OptionType' is not defined
2026-06-12 08:18:44,188  WARNING    GOOGL: No liquid PUT options available
2026-06-12 08:18:44,188  WARNING  Error getting options for MSTR: name 'OptionType' is not defined
2026-06-12 08:18:44,189  WARNING    MSTR: No liquid PUT options available
2026-06-12 08:18:44,189  INFO  No options positions entered.
2026-06-12 08:18:49,257  INFO  ============================================================
2026-06-12 08:18:49,257  INFO  OPTIONS SCAN — checking for BOOF 31 v2 setups...
2026-06-12 08:18:51,980  INFO  BOOF 31 v2 setups for options: ['GOOGL(score:7)', 'MSTR(score:6)']
2026-06-12 08:18:51,980  WARNING  Error getting options for GOOGL: name 'OptionType' is not defined
2026-06-12 08:18:51,980  WARNING    GOOGL: No liquid PUT options available
2026-06-12 08:18:51,980  WARNING  Error getting options for MSTR: name 'OptionType' is not defined
2026-06-12 08:18:51,980  WARNING    MSTR: No liquid PUT options available
2026-06-12 08:18:51,981  INFO  No options positions entered.
2026-06-12 08:18:57,049  INFO  ============================================================
2026-06-12 08:18:57,049  INFO  OPTIONS SCAN — checking for BOOF 31 v2 setups...
2026-06-12 08:18:59,638  INFO  BOOF 31 v2 setups for options: ['GOOGL(score:7)', 'MSTR(score:6)']
2026-06-12 08:18:59,638  WARNING  Error getting options for GOOGL: name 'OptionType' is not defined
2026-06-12 08:18:59,639  WARNING    GOOGL: No liquid PUT options available
2026-06-12 08:18:59,639  WARNING  Error getting options for MSTR: name 'OptionType' is not defined
2026-06-12 08:18:59,639  WARNING    MSTR: No liquid PUT options available
2026-06-12 08:18:59,640  INFO  No options positions entered.
2026-06-12 08:19:04,697  INFO  ============================================================
2026-06-12 08:19:04,697  INFO  OPTIONS SCAN — checking for BOOF 31 v2 setups...
2026-06-12 08:19:07,172  INFO  BOOF 31 v2 setups for options: ['GOOGL(score:7)', 'MSTR(score:6)']
2026-06-12 08:19:07,172  WARNING  Error getting options for GOOGL: name 'OptionType' is not defined
2026-06-12 08:19:07,172  WARNING    GOOGL: No liquid PUT options available
2026-06-12 08:19:07,172  WARNING  Error getting options for MSTR: name 'OptionType' is not defined
2026-06-12 08:19:07,172  WARNING    MSTR: No liquid PUT options available
2026-06-12 08:19:07,173  INFO  No options positions entered.
2026-06-12 08:19:12,232  INFO  ============================================================
2026-06-12 08:19:12,232  INFO  OPTIONS SCAN — checking for BOOF 31 v2 setups...
2026-06-12 08:19:14,658  INFO  BOOF 31 v2 setups for options: ['GOOGL(score:7)', 'MSTR(score:6)']
2026-06-12 08:19:14,659  WARNING  Error getting options for GOOGL: name 'OptionType' is not defined
2026-06-12 08:19:14,659  WARNING    GOOGL: No liquid PUT options available
2026-06-12 08:19:14,659  WARNING  Error getting options for MSTR: name 'OptionType' is not defined
2026-06-12 08:19:14,659  WARNING    MSTR: No liquid PUT options available
2026-06-12 08:19:14,659  INFO  No options positions entered.
2026-06-12 08:19:19,723  INFO  ============================================================
2026-06-12 08:19:19,723  INFO  OPTIONS SCAN — checking for BOOF 31 v2 setups...
2026-06-12 08:19:21,964  INFO  BOOF 31 v2 setups for options: ['GOOGL(score:7)', 'MSTR(score:6)']
2026-06-12 08:19:21,964  WARNING  Error getting options for GOOGL: name 'OptionType' is not defined
2026-06-12 08:19:21,964  WARNING    GOOGL: No liquid PUT options available
2026-06-12 08:19:21,964  WARNING  Error getting options for MSTR: name 'OptionType' is not defined
2026-06-12 08:19:21,965  WARNING    MSTR: No liquid PUT options available
2026-06-12 08:19:21,965  INFO  No options positions entered.
2026-06-12 08:19:27,028  INFO  ============================================================
2026-06-12 08:19:27,028  INFO  OPTIONS SCAN — checking for BOOF 31 v2 setups...
2026-06-12 08:19:29,177  INFO  No BOOF 31 v2 setups found for options
2026-06-12 08:19:34,258  INFO  ============================================================
2026-06-12 08:19:34,258  INFO  OPTIONS SCAN — checking for BOOF 31 v2 setups...
2026-06-12 08:19:36,409  INFO  No BOOF 31 v2 setups found for options
2026-06-12 08:19:41,503  INFO  ============================================================
2026-06-12 08:19:41,503  INFO  OPTIONS SCAN — checking for BOOF 31 v2 setups...
2026-06-12 08:19:43,626  INFO  No BOOF 31 v2 setups found for options
2026-06-12 08:19:48,686  INFO  ============================================================
2026-06-12 08:19:48,686  INFO  OPTIONS SCAN — checking for BOOF 31 v2 setups...
2026-06-12 08:19:50,842  INFO  No BOOF 31 v2 setups found for options
2026-06-12 08:19:55,902  INFO  ============================================================
2026-06-12 08:19:55,902  INFO  OPTIONS SCAN — checking for BOOF 31 v2 setups...
2026-06-12 08:19:58,057  INFO  No BOOF 31 v2 setups found for options
2026-06-12 08:20:03,131  INFO  ============================================================
2026-06-12 08:20:03,131  INFO  OPTIONS SCAN — checking for BOOF 31 v2 setups...
2026-06-12 08:20:05,118  INFO  No BOOF 31 v2 setups found for options
2026-06-12 08:20:10,186  INFO  ============================================================
2026-06-12 08:20:10,186  INFO  OPTIONS SCAN — checking for BOOF 31 v2 setups...
2026-06-12 08:20:12,214  INFO  No BOOF 31 v2 setups found for options
2026-06-12 08:20:17,281  INFO  ============================================================
2026-06-12 08:20:17,281  INFO  OPTIONS SCAN — checking for BOOF 31 v2 setups...
2026-06-12 08:20:19,219  INFO  No BOOF 31 v2 setups found for options
2026-06-12 08:20:24,286  INFO  ============================================================
2026-06-12 08:20:24,286  INFO  OPTIONS SCAN — checking for BOOF 31 v2 setups...
2026-06-12 08:20:26,365  INFO  No BOOF 31 v2 setups found for options
2026-06-12 08:20:31,428  INFO  ============================================================
2026-06-12 08:20:31,428  INFO  OPTIONS SCAN — checking for BOOF 31 v2 setups...
2026-06-12 08:20:33,563  INFO  No BOOF 31 v2 setups found for options
2026-06-12 08:20:38,621  INFO  ============================================================
2026-06-12 08:20:38,621  INFO  OPTIONS SCAN — checking for BOOF 31 v2 setups...
2026-06-12 08:20:40,607  INFO  No BOOF 31 v2 setups found for options
2026-06-12 08:20:45,665  INFO  ============================================================
2026-06-12 08:20:45,665  INFO  OPTIONS SCAN — checking for BOOF 31 v2 setups...
2026-06-12 08:20:47,604  INFO  No BOOF 31 v2 setups found for options
2026-06-12 08:20:52,668  INFO  ============================================================
2026-06-12 08:20:52,668  INFO  OPTIONS SCAN — checking for BOOF 31 v2 setups...
2026-06-12 08:20:54,938  INFO  No BOOF 31 v2 setups found for options
2026-06-12 08:20:59,997  INFO  ============================================================
2026-06-12 08:20:59,997  INFO  OPTIONS SCAN — checking for BOOF 31 v2 setups...
2026-06-12 08:21:02,104  INFO  No BOOF 31 v2 setups found for options
2026-06-12 08:21:07,168  INFO  ============================================================
2026-06-12 08:21:07,168  INFO  OPTIONS SCAN — checking for BOOF 31 v2 setups...
2026-06-12 08:21:09,247  INFO  No BOOF 31 v2 setups found for options
2026-06-12 08:21:14,313  INFO  ============================================================
2026-06-12 08:21:14,313  INFO  OPTIONS SCAN — checking for BOOF 31 v2 setups...
2026-06-12 08:21:16,626  INFO  No BOOF 31 v2 setups found for options
2026-06-12 08:21:21,698  INFO  ============================================================
2026-06-12 08:21:21,698  INFO  OPTIONS SCAN — checking for BOOF 31 v2 setups...
2026-06-12 08:21:23,699  INFO  No BOOF 31 v2 setups found for options
2026-06-12 08:21:28,765  INFO  ============================================================
2026-06-12 08:21:28,765  INFO  OPTIONS SCAN — checking for BOOF 31 v2 setups...
2026-06-12 08:21:31,120  INFO  No BOOF 31 v2 setups found for options
2026-06-12 08:21:36,291  INFO  ============================================================
2026-06-12 08:21:36,291  INFO  OPTIONS SCAN — checking for BOOF 31 v2 setups...
2026-06-12 08:21:38,432  INFO  No BOOF 31 v2 setups found for options
2026-06-12 08:21:43,493  INFO  ============================================================
2026-06-12 08:21:43,493  INFO  OPTIONS SCAN — checking for BOOF 31 v2 setups...
2026-06-12 08:21:45,687  INFO  No BOOF 31 v2 setups found for options
2026-06-12 08:21:50,782  INFO  ============================================================
2026-06-12 08:21:50,783  INFO  OPTIONS SCAN — checking for BOOF 31 v2 setups...
2026-06-12 08:21:53,349  INFO  No BOOF 31 v2 setups found for options
2026-06-12 08:21:58,422  INFO  ============================================================
2026-06-12 08:21:58,423  INFO  OPTIONS SCAN — checking for BOOF 31 v2 setups...
2026-06-12 08:22:00,881  INFO  No BOOF 31 v2 setups found for options
2026-06-12 08:22:05,944  INFO  ============================================================
2026-06-12 08:22:05,944  INFO  OPTIONS SCAN — checking for BOOF 31 v2 setups...
2026-06-12 08:22:08,399  INFO  No BOOF 31 v2 setups found for options
2026-06-12 08:22:13,461  INFO  ============================================================
2026-06-12 08:22:13,461  INFO  OPTIONS SCAN — checking for BOOF 31 v2 setups...
2026-06-12 08:22:15,974  INFO  No BOOF 31 v2 setups found for options
2026-06-12 08:22:21,028  INFO  ============================================================
2026-06-12 08:22:21,028  INFO  OPTIONS SCAN — checking for BOOF 31 v2 setups...
2026-06-12 08:22:23,443  INFO  No BOOF 31 v2 setups found for options
2026-06-12 08:22:28,495  INFO  ============================================================
2026-06-12 08:22:28,496  INFO  OPTIONS SCAN — checking for BOOF 31 v2 setups...
2026-06-12 08:22:31,552  INFO  No BOOF 31 v2 setups found for options
2026-06-12 08:22:36,652  INFO  ============================================================
2026-06-12 08:22:36,653  INFO  OPTIONS SCAN — checking for BOOF 31 v2 setups...
2026-06-12 08:22:39,453  INFO  No BOOF 31 v2 setups found for options
2026-06-12 08:22:44,515  INFO  ============================================================
2026-06-12 08:22:44,515  INFO  OPTIONS SCAN — checking for BOOF 31 v2 setups...
2026-06-12 08:22:46,995  INFO  No BOOF 31 v2 setups found for options
2026-06-12 08:22:52,052  INFO  ============================================================
2026-06-12 08:22:52,052  INFO  OPTIONS SCAN — checking for BOOF 31 v2 setups...
2026-06-12 08:22:54,813  INFO  No BOOF 31 v2 setups found for options
2026-06-12 08:22:59,897  INFO  ============================================================
2026-06-12 08:22:59,897  INFO  OPTIONS SCAN — checking for BOOF 31 v2 setups...
2026-06-12 08:23:02,600  INFO  No BOOF 31 v2 setups found for options
2026-06-12 08:23:07,661  INFO  ============================================================
2026-06-12 08:23:07,661  INFO  OPTIONS SCAN — checking for BOOF 31 v2 setups...
2026-06-12 08:23:09,950  INFO  No BOOF 31 v2 setups found for options
2026-06-12 08:23:15,029  INFO  ============================================================
2026-06-12 08:23:15,029  INFO  OPTIONS SCAN — checking for BOOF 31 v2 setups...
2026-06-12 08:23:17,262  INFO  No BOOF 31 v2 setups found for options
2026-06-12 08:23:22,318  INFO  ============================================================
2026-06-12 08:23:22,318  INFO  OPTIONS SCAN — checking for BOOF 31 v2 setups...
2026-06-12 08:23:24,714  INFO  No BOOF 31 v2 setups found for options
2026-06-12 08:23:29,779  INFO  ============================================================
2026-06-12 08:23:29,779  INFO  OPTIONS SCAN — checking for BOOF 31 v2 setups...
2026-06-12 08:23:32,471  INFO  No BOOF 31 v2 setups found for options
2026-06-12 08:23:37,531  INFO  ============================================================
2026-06-12 08:23:37,531  INFO  OPTIONS SCAN — checking for BOOF 31 v2 setups...
2026-06-12 08:23:40,558  INFO  No BOOF 31 v2 setups found for options
2026-06-12 08:23:45,627  INFO  ============================================================
2026-06-12 08:23:45,627  INFO  OPTIONS SCAN — checking for BOOF 31 v2 setups...
2026-06-12 08:23:48,687  INFO  No BOOF 31 v2 setups found for options
2026-06-12 08:23:53,747  INFO  ============================================================
2026-06-12 08:23:53,747  INFO  OPTIONS SCAN — checking for BOOF 31 v2 setups...
2026-06-12 08:23:56,834  INFO  No BOOF 31 v2 setups found for options
2026-06-12 08:24:01,896  INFO  ============================================================
2026-06-12 08:24:01,897  INFO  OPTIONS SCAN — checking for BOOF 31 v2 setups...
2026-06-12 08:24:05,264  INFO  No BOOF 31 v2 setups found for options
2026-06-12 08:24:10,324  INFO  ============================================================
2026-06-12 08:24:10,325  INFO  OPTIONS SCAN — checking for BOOF 31 v2 setups...
2026-06-12 08:24:13,470  INFO  No BOOF 31 v2 setups found for options
2026-06-12 08:24:18,532  INFO  ============================================================
2026-06-12 08:24:18,532  INFO  OPTIONS SCAN — checking for BOOF 31 v2 setups...
2026-06-12 08:24:21,728  INFO  No BOOF 31 v2 setups found for options
2026-06-12 08:24:26,797  INFO  ============================================================
2026-06-12 08:24:26,797  INFO  OPTIONS SCAN — checking for BOOF 31 v2 setups...
2026-06-12 08:24:29,829  INFO  No BOOF 31 v2 setups found for options
2026-06-12 08:24:34,904  INFO  ============================================================
2026-06-12 08:24:34,904  INFO  OPTIONS SCAN — checking for BOOF 31 v2 setups...
2026-06-12 08:24:38,061  INFO  No BOOF 31 v2 setups found for options
2026-06-12 08:24:43,126  INFO  ============================================================
2026-06-12 08:24:43,126  INFO  OPTIONS SCAN — checking for BOOF 31 v2 setups...
2026-06-12 08:24:45,854  INFO  No BOOF 31 v2 setups found for options
2026-06-12 08:24:50,918  INFO  ============================================================
2026-06-12 08:24:50,918  INFO  OPTIONS SCAN — checking for BOOF 31 v2 setups...
2026-06-12 08:24:53,558  INFO  No BOOF 31 v2 setups found for options
2026-06-12 08:24:58,620  INFO  ============================================================
2026-06-12 08:24:58,620  INFO  OPTIONS SCAN — checking for BOOF 31 v2 setups...
2026-06-12 08:25:01,401  INFO  No BOOF 31 v2 setups found for options
2026-06-12 08:25:06,470  INFO  ============================================================
2026-06-12 08:25:06,470  INFO  OPTIONS SCAN — checking for BOOF 31 v2 setups...
2026-06-12 08:25:09,205  INFO  No BOOF 31 v2 setups found for options
2026-06-12 08:25:14,264  INFO  ============================================================
2026-06-12 08:25:14,264  INFO  OPTIONS SCAN — checking for BOOF 31 v2 setups...
2026-06-12 08:25:17,006  INFO  No BOOF 31 v2 setups found for options
2026-06-12 08:25:22,082  INFO  ============================================================
2026-06-12 08:25:22,082  INFO  OPTIONS SCAN — checking for BOOF 31 v2 setups...
2026-06-12 08:25:24,979  INFO  No BOOF 31 v2 setups found for options
2026-06-12 08:25:30,050  INFO  ============================================================
2026-06-12 08:25:30,050  INFO  OPTIONS SCAN — checking for BOOF 31 v2 setups...
2026-06-12 08:25:32,847  INFO  No BOOF 31 v2 setups found for options
2026-06-12 08:25:37,917  INFO  ============================================================
2026-06-12 08:25:37,918  INFO  OPTIONS SCAN — checking for BOOF 31 v2 setups...
2026-06-12 08:25:40,429  INFO  No BOOF 31 v2 setups found for options
2026-06-12 08:25:45,492  INFO  ============================================================
2026-06-12 08:25:45,506  INFO  OPTIONS SCAN — checking for BOOF 31 v2 setups...
2026-06-12 08:25:48,189  INFO  No BOOF 31 v2 setups found for options
2026-06-12 08:25:53,262  INFO  ============================================================
2026-06-12 08:25:53,262  INFO  OPTIONS SCAN — checking for BOOF 31 v2 setups...
2026-06-12 08:25:55,724  INFO  No BOOF 31 v2 setups found for options
2026-06-12 08:26:00,783  INFO  ============================================================
2026-06-12 08:26:00,783  INFO  OPTIONS SCAN — checking for BOOF 31 v2 setups...
2026-06-12 08:26:03,028  INFO  No BOOF 31 v2 setups found for options
2026-06-12 08:26:08,086  INFO  ============================================================
2026-06-12 08:26:08,086  INFO  OPTIONS SCAN — checking for BOOF 31 v2 setups...
2026-06-12 08:26:10,604  INFO  No BOOF 31 v2 setups found for options
2026-06-12 08:26:15,664  INFO  ============================================================
2026-06-12 08:26:15,664  INFO  OPTIONS SCAN — checking for BOOF 31 v2 setups...
2026-06-12 08:26:18,079  INFO  No BOOF 31 v2 setups found for options
2026-06-12 08:26:23,134  INFO  ============================================================
2026-06-12 08:26:23,134  INFO  OPTIONS SCAN — checking for BOOF 31 v2 setups...
2026-06-12 08:26:25,816  INFO  No BOOF 31 v2 setups found for options
2026-06-12 08:26:30,883  INFO  ============================================================
2026-06-12 08:26:30,883  INFO  OPTIONS SCAN — checking for BOOF 31 v2 setups...
2026-06-12 08:26:33,624  INFO  No BOOF 31 v2 setups found for options
2026-06-12 08:26:38,797  INFO  ============================================================
2026-06-12 08:26:38,798  INFO  OPTIONS SCAN — checking for BOOF 31 v2 setups...
2026-06-12 08:26:41,566  INFO  No BOOF 31 v2 setups found for options
2026-06-12 08:26:46,625  INFO  ============================================================
2026-06-12 08:26:46,625  INFO  OPTIONS SCAN — checking for BOOF 31 v2 setups...
2026-06-12 08:26:49,085  INFO  No BOOF 31 v2 setups found for options
2026-06-12 08:26:54,145  INFO  ============================================================
2026-06-12 08:26:54,145  INFO  OPTIONS SCAN — checking for BOOF 31 v2 setups...
2026-06-12 08:26:56,960  INFO  No BOOF 31 v2 setups found for options
2026-06-12 08:27:02,017  INFO  ============================================================
2026-06-12 08:27:02,017  INFO  OPTIONS SCAN — checking for BOOF 31 v2 setups...
2026-06-12 08:27:04,612  INFO  No BOOF 31 v2 setups found for options
2026-06-12 08:27:09,671  INFO  ============================================================
2026-06-12 08:27:09,672  INFO  OPTIONS SCAN — checking for BOOF 31 v2 setups...
2026-06-12 08:27:12,257  INFO  No BOOF 31 v2 setups found for options
2026-06-12 08:27:17,322  INFO  ============================================================
2026-06-12 08:27:17,322  INFO  OPTIONS SCAN — checking for BOOF 31 v2 setups...
2026-06-12 08:27:19,961  INFO  No BOOF 31 v2 setups found for options
2026-06-12 08:27:25,025  INFO  ============================================================
2026-06-12 08:27:25,025  INFO  OPTIONS SCAN — checking for BOOF 31 v2 setups...
2026-06-12 08:27:27,822  INFO  No BOOF 31 v2 setups found for options
2026-06-12 08:27:32,882  INFO  ============================================================
2026-06-12 08:27:32,883  INFO  OPTIONS SCAN — checking for BOOF 31 v2 setups...
2026-06-12 08:27:35,810  INFO  No BOOF 31 v2 setups found for options
2026-06-12 08:27:40,868  INFO  ============================================================
2026-06-12 08:27:40,868  INFO  OPTIONS SCAN — checking for BOOF 31 v2 setups...
2026-06-12 08:27:43,531  INFO  No BOOF 31 v2 setups found for options
2026-06-12 08:27:48,634  INFO  ============================================================
2026-06-12 08:27:48,635  INFO  OPTIONS SCAN — checking for BOOF 31 v2 setups...
2026-06-12 08:27:51,413  INFO  No BOOF 31 v2 setups found for options
2026-06-12 08:27:56,471  INFO  ============================================================
2026-06-12 08:27:56,471  INFO  OPTIONS SCAN — checking for BOOF 31 v2 setups...
2026-06-12 08:27:59,131  INFO  No BOOF 31 v2 setups found for options
2026-06-12 08:28:04,214  INFO  ============================================================
2026-06-12 08:28:04,214  INFO  OPTIONS SCAN — checking for BOOF 31 v2 setups...
2026-06-12 08:28:06,920  INFO  No BOOF 31 v2 setups found for options
2026-06-12 08:28:11,984  INFO  ============================================================
2026-06-12 08:28:11,984  INFO  OPTIONS SCAN — checking for BOOF 31 v2 setups...
2026-06-12 08:28:14,642  INFO  No BOOF 31 v2 setups found for options
2026-06-12 08:28:19,704  INFO  ============================================================
2026-06-12 08:28:19,704  INFO  OPTIONS SCAN — checking for BOOF 31 v2 setups...
2026-06-12 08:28:22,252  INFO  No BOOF 31 v2 setups found for options
2026-06-12 08:28:27,317  INFO  ============================================================
2026-06-12 08:28:27,317  INFO  OPTIONS SCAN — checking for BOOF 31 v2 setups...
2026-06-12 08:28:29,723  INFO  No BOOF 31 v2 setups found for options
2026-06-12 08:28:34,791  INFO  ============================================================
2026-06-12 08:28:34,791  INFO  OPTIONS SCAN — checking for BOOF 31 v2 setups...
2026-06-12 08:28:37,266  INFO  No BOOF 31 v2 setups found for options
2026-06-12 08:28:42,322  INFO  ============================================================
2026-06-12 08:28:42,322  INFO  OPTIONS SCAN — checking for BOOF 31 v2 setups...
2026-06-12 08:28:44,320  INFO  No BOOF 31 v2 setups found for options
2026-06-12 08:28:49,380  INFO  ============================================================
2026-06-12 08:28:49,380  INFO  OPTIONS SCAN — checking for BOOF 31 v2 setups...
2026-06-12 08:28:51,596  INFO  No BOOF 31 v2 setups found for options
2026-06-12 08:28:56,663  INFO  ============================================================
2026-06-12 08:28:56,663  INFO  OPTIONS SCAN — checking for BOOF 31 v2 setups...
2026-06-12 08:28:58,679  INFO  No BOOF 31 v2 setups found for options
2026-06-12 08:29:03,741  INFO  ============================================================
2026-06-12 08:29:03,741  INFO  OPTIONS SCAN — checking for BOOF 31 v2 setups...
2026-06-12 08:29:05,729  INFO  No BOOF 31 v2 setups found for options
2026-06-12 08:29:10,790  INFO  ============================================================
2026-06-12 08:29:10,790  INFO  OPTIONS SCAN — checking for BOOF 31 v2 setups...
2026-06-12 08:29:12,671  INFO  No BOOF 31 v2 setups found for options
2026-06-12 08:29:17,732  INFO  ============================================================
2026-06-12 08:29:17,732  INFO  OPTIONS SCAN — checking for BOOF 31 v2 setups...
2026-06-12 08:29:19,744  INFO  No BOOF 31 v2 setups found for options
2026-06-12 08:29:24,801  INFO  ============================================================
2026-06-12 08:29:24,801  INFO  OPTIONS SCAN — checking for BOOF 31 v2 setups...
2026-06-12 08:29:27,318  INFO  BOOF 31 v2 setups for options: ['MSTR(score:8)']
2026-06-12 08:29:27,334  WARNING  Error getting options for MSTR: name 'OptionType' is not defined
2026-06-12 08:29:27,371  WARNING    MSTR: No liquid PUT options available
2026-06-12 08:29:27,373  INFO  No options positions entered.
2026-06-12 08:29:32,426  INFO  ============================================================
2026-06-12 08:29:32,427  INFO  OPTIONS SCAN — checking for BOOF 31 v2 setups...
2026-06-12 08:29:34,745  INFO  BOOF 31 v2 setups for options: ['MSTR(score:8)']
2026-06-12 08:29:34,746  WARNING  Error getting options for MSTR: name 'OptionType' is not defined
2026-06-12 08:29:34,746  WARNING    MSTR: No liquid PUT options available
2026-06-12 08:29:34,746  INFO  No options positions entered.
2026-06-12 08:29:39,818  INFO  ============================================================
2026-06-12 08:29:39,819  INFO  OPTIONS SCAN — checking for BOOF 31 v2 setups...
2026-06-12 08:29:42,141  INFO  BOOF 31 v2 setups for options: ['MSTR(score:8)']
2026-06-12 08:29:42,141  WARNING  Error getting options for MSTR: name 'OptionType' is not defined
2026-06-12 08:29:42,141  WARNING    MSTR: No liquid PUT options available
2026-06-12 08:29:42,142  INFO  No options positions entered.
2026-06-12 08:29:47,205  INFO  ============================================================
2026-06-12 08:29:47,205  INFO  OPTIONS SCAN — checking for BOOF 31 v2 setups...
2026-06-12 08:29:49,540  INFO  BOOF 31 v2 setups for options: ['MSTR(score:8)']
2026-06-12 08:29:49,540  WARNING  Error getting options for MSTR: name 'OptionType' is not defined
2026-06-12 08:29:49,540  WARNING    MSTR: No liquid PUT options available
2026-06-12 08:29:49,541  INFO  No options positions entered.
2026-06-12 08:29:54,683  INFO  ============================================================
2026-06-12 08:29:54,684  INFO  OPTIONS SCAN — checking for BOOF 31 v2 setups...
2026-06-12 08:29:56,994  INFO  BOOF 31 v2 setups for options: ['MSTR(score:8)']
2026-06-12 08:29:56,994  WARNING  Error getting options for MSTR: name 'OptionType' is not defined
2026-06-12 08:29:56,994  WARNING    MSTR: No liquid PUT options available
2026-06-12 08:29:56,995  INFO  No options positions entered.
2026-06-12 08:30:02,065  INFO  ============================================================
2026-06-12 08:30:02,065  INFO  OPTIONS SCAN — checking for BOOF 31 v2 setups...
2026-06-12 08:30:04,119  INFO  BOOF 31 v2 setups for options: ['MSTR(score:8)']
2026-06-12 08:30:04,120  WARNING  Error getting options for MSTR: name 'OptionType' is not defined
2026-06-12 08:30:04,120  WARNING    MSTR: No liquid PUT options available
2026-06-12 08:30:04,120  INFO  No options positions entered.
2026-06-12 08:30:09,181  INFO  ============================================================
2026-06-12 08:30:09,181  INFO  OPTIONS SCAN — checking for BOOF 31 v2 setups...
2026-06-12 08:30:11,371  INFO  BOOF 31 v2 setups for options: ['MSTR(score:8)']
2026-06-12 08:30:11,371  WARNING  Error getting options for MSTR: name 'OptionType' is not defined
2026-06-12 08:30:11,371  WARNING    MSTR: No liquid PUT options available
2026-06-12 08:30:11,373  INFO  No options positions entered.
2026-06-12 08:30:16,432  INFO  ============================================================
2026-06-12 08:30:16,433  INFO  OPTIONS SCAN — checking for BOOF 31 v2 setups...
2026-06-12 08:30:18,413  INFO  BOOF 31 v2 setups for options: ['MSTR(score:8)']
2026-06-12 08:30:18,414  WARNING  Error getting options for MSTR: name 'OptionType' is not defined
2026-06-12 08:30:18,414  WARNING    MSTR: No liquid PUT options available
2026-06-12 08:30:18,415  INFO  No options positions entered.
2026-06-12 08:30:23,487  INFO  ============================================================
2026-06-12 08:30:23,488  INFO  OPTIONS SCAN — checking for BOOF 31 v2 setups...
2026-06-12 08:30:25,831  INFO  BOOF 31 v2 setups for options: ['MSTR(score:8)']
2026-06-12 08:30:25,832  WARNING  Error getting options for MSTR: name 'OptionType' is not defined
2026-06-12 08:30:25,832  WARNING    MSTR: No liquid PUT options available
2026-06-12 08:30:25,832  INFO  No options positions entered.
2026-06-12 08:30:30,895  INFO  ============================================================
2026-06-12 08:30:30,895  INFO  OPTIONS SCAN — checking for BOOF 31 v2 setups...
2026-06-12 08:30:33,121  INFO  BOOF 31 v2 setups for options: ['MSTR(score:8)']
2026-06-12 08:30:33,121  WARNING  Error getting options for MSTR: name 'OptionType' is not defined
2026-06-12 08:30:33,121  WARNING    MSTR: No liquid PUT options available
2026-06-12 08:30:33,122  INFO  No options positions entered.
2026-06-12 08:30:38,179  INFO  ============================================================
2026-06-12 08:30:38,180  INFO  OPTIONS SCAN — checking for BOOF 31 v2 setups...
2026-06-12 08:30:40,553  INFO  BOOF 31 v2 setups for options: ['MSTR(score:8)']
2026-06-12 08:30:40,553  WARNING  Error getting options for MSTR: name 'OptionType' is not defined
2026-06-12 08:30:40,554  WARNING    MSTR: No liquid PUT options available
2026-06-12 08:30:40,554  INFO  No options positions entered.
2026-06-12 08:30:45,609  INFO  ============================================================
2026-06-12 08:30:45,609  INFO  OPTIONS SCAN — checking for BOOF 31 v2 setups...
2026-06-12 08:30:48,067  INFO  BOOF 31 v2 setups for options: ['MSTR(score:8)']
2026-06-12 08:30:48,067  WARNING  Error getting options for MSTR: name 'OptionType' is not defined
2026-06-12 08:30:48,067  WARNING    MSTR: No liquid PUT options available
2026-06-12 08:30:48,068  INFO  No options positions entered.
2026-06-12 08:30:53,139  INFO  ============================================================
2026-06-12 08:30:53,139  INFO  OPTIONS SCAN — checking for BOOF 31 v2 setups...
2026-06-12 08:30:55,351  INFO  BOOF 31 v2 setups for options: ['MSTR(score:8)']
2026-06-12 08:30:55,351  WARNING  Error getting options for MSTR: name 'OptionType' is not defined
2026-06-12 08:30:55,351  WARNING    MSTR: No liquid PUT options available
2026-06-12 08:30:55,352  INFO  No options positions entered.
2026-06-12 08:31:00,414  INFO  ============================================================
2026-06-12 08:31:00,414  INFO  OPTIONS SCAN — checking for BOOF 31 v2 setups...
2026-06-12 08:31:02,608  INFO  BOOF 31 v2 setups for options: ['MSTR(score:8)']
2026-06-12 08:31:02,608  WARNING  Error getting options for MSTR: name 'OptionType' is not defined
2026-06-12 08:31:02,608  WARNING    MSTR: No liquid PUT options available
2026-06-12 08:31:02,609  INFO  No options positions entered.
2026-06-12 08:31:07,671  INFO  ============================================================
2026-06-12 08:31:07,671  INFO  OPTIONS SCAN — checking for BOOF 31 v2 setups...
2026-06-12 08:31:09,896  INFO  BOOF 31 v2 setups for options: ['MSTR(score:8)']
2026-06-12 08:31:09,896  WARNING  Error getting options for MSTR: name 'OptionType' is not defined
2026-06-12 08:31:09,897  WARNING    MSTR: No liquid PUT options available
2026-06-12 08:31:09,897  INFO  No options positions entered.
2026-06-12 08:31:14,971  INFO  ============================================================
2026-06-12 08:31:14,971  INFO  OPTIONS SCAN — checking for BOOF 31 v2 setups...
2026-06-12 08:31:17,175  INFO  BOOF 31 v2 setups for options: ['MSTR(score:8)']
2026-06-12 08:31:17,175  WARNING  Error getting options for MSTR: name 'OptionType' is not defined
2026-06-12 08:31:17,175  WARNING    MSTR: No liquid PUT options available
2026-06-12 08:31:17,176  INFO  No options positions entered.
2026-06-12 08:31:22,234  INFO  ============================================================
2026-06-12 08:31:22,234  INFO  OPTIONS SCAN — checking for BOOF 31 v2 setups...
2026-06-12 08:31:24,472  INFO  BOOF 31 v2 setups for options: ['MSTR(score:8)']
2026-06-12 08:31:24,473  WARNING  Error getting options for MSTR: name 'OptionType' is not defined
2026-06-12 08:31:24,473  WARNING    MSTR: No liquid PUT options available
2026-06-12 08:31:24,474  INFO  No options positions entered.
2026-06-12 08:31:29,557  INFO  ============================================================
2026-06-12 08:31:29,557  INFO  OPTIONS SCAN — checking for BOOF 31 v2 setups...
2026-06-12 08:31:33,387  INFO  BOOF 31 v2 setups for options: ['COIN(score:8)']
2026-06-12 08:31:33,387  WARNING  Error getting options for COIN: name 'OptionType' is not defined
2026-06-12 08:31:33,387  WARNING    COIN: No liquid PUT options available
2026-06-12 08:31:33,388  INFO  No options positions entered.
2026-06-12 08:31:38,454  INFO  ============================================================
2026-06-12 08:31:38,455  INFO  OPTIONS SCAN — checking for BOOF 31 v2 setups...
2026-06-12 08:31:41,994  INFO  BOOF 31 v2 setups for options: ['COIN(score:8)']
2026-06-12 08:31:41,994  WARNING  Error getting options for COIN: name 'OptionType' is not defined
2026-06-12 08:31:41,994  WARNING    COIN: No liquid PUT options available
2026-06-12 08:31:41,995  INFO  No options positions entered.
2026-06-12 08:31:47,061  INFO  ============================================================
2026-06-12 08:31:47,061  INFO  OPTIONS SCAN — checking for BOOF 31 v2 setups...
2026-06-12 08:31:50,322  INFO  BOOF 31 v2 setups for options: ['COIN(score:8)']
2026-06-12 08:31:50,323  WARNING  Error getting options for COIN: name 'OptionType' is not defined
2026-06-12 08:31:50,323  WARNING    COIN: No liquid PUT options available
2026-06-12 08:31:50,324  INFO  No options positions entered.
2026-06-12 08:31:55,392  INFO  ============================================================
2026-06-12 08:31:55,392  INFO  OPTIONS SCAN — checking for BOOF 31 v2 setups...
2026-06-12 08:31:58,599  INFO  BOOF 31 v2 setups for options: ['COIN(score:8)']
2026-06-12 08:31:58,599  WARNING  Error getting options for COIN: name 'OptionType' is not defined
2026-06-12 08:31:58,599  WARNING    COIN: No liquid PUT options available
2026-06-12 08:31:58,600  INFO  No options positions entered.
2026-06-12 08:32:03,674  INFO  ============================================================
2026-06-12 08:32:03,674  INFO  OPTIONS SCAN — checking for BOOF 31 v2 setups...
2026-06-12 08:32:06,564  INFO  BOOF 31 v2 setups for options: ['COIN(score:8)']
2026-06-12 08:32:06,564  WARNING  Error getting options for COIN: name 'OptionType' is not defined
2026-06-12 08:32:06,564  WARNING    COIN: No liquid PUT options available
2026-06-12 08:32:06,565  INFO  No options positions entered.
2026-06-12 08:32:11,649  INFO  ============================================================
2026-06-12 08:32:11,649  INFO  OPTIONS SCAN — checking for BOOF 31 v2 setups...
2026-06-12 08:32:15,147  INFO  BOOF 31 v2 setups for options: ['COIN(score:8)']
2026-06-12 08:32:15,148  WARNING  Error getting options for COIN: name 'OptionType' is not defined
2026-06-12 08:32:15,148  WARNING    COIN: No liquid PUT options available
2026-06-12 08:32:15,148  INFO  No options positions entered.
2026-06-12 08:32:20,220  INFO  ============================================================
2026-06-12 08:32:20,220  INFO  OPTIONS SCAN — checking for BOOF 31 v2 setups...
2026-06-12 08:32:24,310  INFO  BOOF 31 v2 setups for options: ['COIN(score:8)']
2026-06-12 08:32:24,310  WARNING  Error getting options for COIN: name 'OptionType' is not defined
2026-06-12 08:32:24,310  WARNING    COIN: No liquid PUT options available
2026-06-12 08:32:24,311  INFO  No options positions entered.
2026-06-12 08:32:29,370  INFO  ============================================================
2026-06-12 08:32:29,370  INFO  OPTIONS SCAN — checking for BOOF 31 v2 setups...
2026-06-12 08:32:33,402  INFO  BOOF 31 v2 setups for options: ['MSTR(score:8)']
2026-06-12 08:32:33,402  WARNING  Error getting options for MSTR: name 'OptionType' is not defined
2026-06-12 08:32:33,402  WARNING    MSTR: No liquid PUT options available
2026-06-12 08:32:33,403  INFO  No options positions entered.
2026-06-12 08:32:38,464  INFO  ============================================================
2026-06-12 08:32:38,464  INFO  OPTIONS SCAN — checking for BOOF 31 v2 setups...
2026-06-12 08:32:43,470  INFO  BOOF 31 v2 setups for options: ['MSTR(score:8)']
2026-06-12 08:32:43,470  WARNING  Error getting options for MSTR: name 'OptionType' is not defined
2026-06-12 08:32:43,470  WARNING    MSTR: No liquid PUT options available
2026-06-12 08:32:43,471  INFO  No options positions entered.
2026-06-12 08:32:48,527  INFO  ============================================================
2026-06-12 08:32:48,527  INFO  OPTIONS SCAN — checking for BOOF 31 v2 setups...
2026-06-12 08:32:52,722  INFO  BOOF 31 v2 setups for options: ['MSTR(score:8)']
2026-06-12 08:32:52,723  WARNING  Error getting options for MSTR: name 'OptionType' is not defined
2026-06-12 08:32:52,723  WARNING    MSTR: No liquid PUT options available
2026-06-12 08:32:52,723  INFO  No options positions entered.
2026-06-12 08:32:57,786  INFO  ============================================================
2026-06-12 08:32:57,786  INFO  OPTIONS SCAN — checking for BOOF 31 v2 setups...
2026-06-12 08:33:01,971  INFO  BOOF 31 v2 setups for options: ['MSTR(score:8)']
2026-06-12 08:33:01,971  WARNING  Error getting options for MSTR: name 'OptionType' is not defined
2026-06-12 08:33:01,972  WARNING    MSTR: No liquid PUT options available
2026-06-12 08:33:01,973  INFO  No options positions entered.
2026-06-12 08:33:07,086  INFO  ============================================================
2026-06-12 08:33:07,086  INFO  OPTIONS SCAN — checking for BOOF 31 v2 setups...
2026-06-12 08:33:10,498  INFO  BOOF 31 v2 setups for options: ['MSTR(score:8)']
2026-06-12 08:33:10,498  WARNING  Error getting options for MSTR: name 'OptionType' is not defined
2026-06-12 08:33:10,498  WARNING    MSTR: No liquid PUT options available
2026-06-12 08:33:10,499  INFO  No options positions entered.
2026-06-12 08:33:15,574  INFO  ============================================================
2026-06-12 08:33:15,575  INFO  OPTIONS SCAN — checking for BOOF 31 v2 setups...
2026-06-12 08:33:18,869  INFO  BOOF 31 v2 setups for options: ['MSTR(score:8)']
2026-06-12 08:33:18,869  WARNING  Error getting options for MSTR: name 'OptionType' is not defined
2026-06-12 08:33:18,869  WARNING    MSTR: No liquid PUT options available
2026-06-12 08:33:18,870  INFO  No options positions entered.
2026-06-12 08:33:23,936  INFO  ============================================================
2026-06-12 08:33:23,936  INFO  OPTIONS SCAN — checking for BOOF 31 v2 setups...
2026-06-12 08:33:27,159  INFO  No BOOF 31 v2 setups found for options
2026-06-12 08:33:32,214  INFO  ============================================================
2026-06-12 08:33:32,214  INFO  OPTIONS SCAN — checking for BOOF 31 v2 setups...
2026-06-12 08:33:35,201  INFO  No BOOF 31 v2 setups found for options
2026-06-12 08:33:40,320  INFO  ============================================================
2026-06-12 08:33:40,320  INFO  OPTIONS SCAN — checking for BOOF 31 v2 setups...
2026-06-12 08:33:43,225  INFO  No BOOF 31 v2 setups found for options
2026-06-12 08:33:48,291  INFO  ============================================================
2026-06-12 08:33:48,291  INFO  OPTIONS SCAN — checking for BOOF 31 v2 setups...
2026-06-12 08:33:51,082  INFO  No BOOF 31 v2 setups found for options
2026-06-12 08:33:56,161  INFO  ============================================================
2026-06-12 08:33:56,161  INFO  OPTIONS SCAN — checking for BOOF 31 v2 setups...
2026-06-12 08:33:59,062  INFO  No BOOF 31 v2 setups found for options
2026-06-12 08:34:04,122  INFO  ============================================================
2026-06-12 08:34:04,122  INFO  OPTIONS SCAN — checking for BOOF 31 v2 setups...
2026-06-12 08:34:07,188  INFO  No BOOF 31 v2 setups found for options
2026-06-12 08:34:12,295  INFO  ============================================================
2026-06-12 08:34:12,296  INFO  OPTIONS SCAN — checking for BOOF 31 v2 setups...
2026-06-12 08:34:15,506  INFO  No BOOF 31 v2 setups found for options
2026-06-12 08:34:20,573  INFO  ============================================================
2026-06-12 08:34:20,573  INFO  OPTIONS SCAN — checking for BOOF 31 v2 setups...
2026-06-12 08:34:23,886  INFO  No BOOF 31 v2 setups found for options
2026-06-12 08:34:28,954  INFO  ============================================================
2026-06-12 08:34:28,954  INFO  OPTIONS SCAN — checking for BOOF 31 v2 setups...
2026-06-12 08:34:32,029  INFO  No BOOF 31 v2 setups found for options
2026-06-12 08:34:37,089  INFO  ============================================================
2026-06-12 08:34:37,089  INFO  OPTIONS SCAN — checking for BOOF 31 v2 setups...
2026-06-12 08:34:39,967  INFO  No BOOF 31 v2 setups found for options
2026-06-12 08:34:45,033  INFO  ============================================================
2026-06-12 08:34:45,033  INFO  OPTIONS SCAN — checking for BOOF 31 v2 setups...
2026-06-12 08:34:47,835  INFO  No BOOF 31 v2 setups found for options
2026-06-12 08:34:52,901  INFO  ============================================================
2026-06-12 08:34:52,901  INFO  OPTIONS SCAN — checking for BOOF 31 v2 setups...
2026-06-12 08:34:55,764  INFO  No BOOF 31 v2 setups found for options
2026-06-12 08:35:00,827  INFO  ============================================================
2026-06-12 08:35:00,828  INFO  OPTIONS SCAN — checking for BOOF 31 v2 setups...
2026-06-12 08:35:03,720  INFO  No BOOF 31 v2 setups found for options
2026-06-12 08:35:08,790  INFO  ============================================================
2026-06-12 08:35:08,790  INFO  OPTIONS SCAN — checking for BOOF 31 v2 setups...
2026-06-12 08:35:11,735  INFO  No BOOF 31 v2 setups found for options
2026-06-12 08:35:16,827  INFO  ============================================================
2026-06-12 08:35:16,827  INFO  OPTIONS SCAN — checking for BOOF 31 v2 setups...
2026-06-12 08:35:19,753  INFO  No BOOF 31 v2 setups found for options
2026-06-12 08:35:24,823  INFO  ============================================================
2026-06-12 08:35:24,824  INFO  OPTIONS SCAN — checking for BOOF 31 v2 setups...
2026-06-12 08:35:28,409  INFO  No BOOF 31 v2 setups found for options
2026-06-12 08:35:33,464  INFO  ============================================================
2026-06-12 08:35:33,464  INFO  OPTIONS SCAN — checking for BOOF 31 v2 setups...
2026-06-12 08:35:36,916  INFO  No BOOF 31 v2 setups found for options
2026-06-12 08:35:41,984  INFO  ============================================================
2026-06-12 08:35:41,984  INFO  OPTIONS SCAN — checking for BOOF 31 v2 setups...
2026-06-12 08:35:45,218  INFO  No BOOF 31 v2 setups found for options
2026-06-12 08:35:50,281  INFO  ============================================================
2026-06-12 08:35:50,281  INFO  OPTIONS SCAN — checking for BOOF 31 v2 setups...
2026-06-12 08:35:53,556  INFO  No BOOF 31 v2 setups found for options
2026-06-12 08:35:58,625  INFO  ============================================================
2026-06-12 08:35:58,626  INFO  OPTIONS SCAN — checking for BOOF 31 v2 setups...
2026-06-12 08:36:01,773  INFO  No BOOF 31 v2 setups found for options
2026-06-12 08:36:06,832  INFO  ============================================================
2026-06-12 08:36:06,832  INFO  OPTIONS SCAN — checking for BOOF 31 v2 setups...
2026-06-12 08:36:09,651  INFO  No BOOF 31 v2 setups found for options
2026-06-12 08:36:14,715  INFO  ============================================================
2026-06-12 08:36:14,715  INFO  OPTIONS SCAN — checking for BOOF 31 v2 setups...
2026-06-12 08:36:17,611  INFO  No BOOF 31 v2 setups found for options
2026-06-12 08:36:22,672  INFO  ============================================================
2026-06-12 08:36:22,672  INFO  OPTIONS SCAN — checking for BOOF 31 v2 setups...
2026-06-12 08:36:25,534  INFO  No BOOF 31 v2 setups found for options
2026-06-12 08:36:30,606  INFO  ============================================================
2026-06-12 08:36:30,606  INFO  OPTIONS SCAN — checking for BOOF 31 v2 setups...
2026-06-12 08:36:34,251  INFO  No BOOF 31 v2 setups found for options
2026-06-12 08:36:39,312  INFO  ============================================================
2026-06-12 08:36:39,313  INFO  OPTIONS SCAN — checking for BOOF 31 v2 setups...
2026-06-12 08:36:42,174  INFO  No BOOF 31 v2 setups found for options
2026-06-12 08:36:47,239  INFO  ============================================================
2026-06-12 08:36:47,240  INFO  OPTIONS SCAN — checking for BOOF 31 v2 setups...
2026-06-12 08:36:49,733  INFO  No BOOF 31 v2 setups found for options
2026-06-12 08:36:54,794  INFO  ============================================================
2026-06-12 08:36:54,795  INFO  OPTIONS SCAN — checking for BOOF 31 v2 setups...
2026-06-12 08:36:57,139  INFO  No BOOF 31 v2 setups found for options
2026-06-12 08:37:02,202  INFO  ============================================================
2026-06-12 08:37:02,202  INFO  OPTIONS SCAN — checking for BOOF 31 v2 setups...
2026-06-12 08:37:04,641  INFO  No BOOF 31 v2 setups found for options
2026-06-12 08:37:09,695  INFO  ============================================================
2026-06-12 08:37:09,695  INFO  OPTIONS SCAN — checking for BOOF 31 v2 setups...
2026-06-12 08:37:12,249  INFO  No BOOF 31 v2 setups found for options
2026-06-12 08:37:17,314  INFO  ============================================================
2026-06-12 08:37:17,314  INFO  OPTIONS SCAN — checking for BOOF 31 v2 setups...
2026-06-12 08:37:19,768  INFO  No BOOF 31 v2 setups found for options
2026-06-12 08:37:24,829  INFO  ============================================================
2026-06-12 08:37:24,829  INFO  OPTIONS SCAN — checking for BOOF 31 v2 setups...
2026-06-12 08:37:27,864  INFO  BOOF 31 v2 setups for options: ['PYPL(score:6)', 'HOOD(score:6)']
2026-06-12 08:37:27,864  WARNING  Error getting options for PYPL: name 'OptionType' is not defined
2026-06-12 08:37:27,864  WARNING    PYPL: No liquid PUT options available
2026-06-12 08:37:27,865  WARNING  Error getting options for HOOD: name 'OptionType' is not defined
2026-06-12 08:37:27,865  WARNING    HOOD: No liquid PUT options available
2026-06-12 08:37:27,866  INFO  No options positions entered.
2026-06-12 08:37:32,932  INFO  ============================================================
2026-06-12 08:37:32,933  INFO  OPTIONS SCAN — checking for BOOF 31 v2 setups...
2026-06-12 08:37:36,148  INFO  BOOF 31 v2 setups for options: ['PYPL(score:6)', 'HOOD(score:6)']
2026-06-12 08:37:36,148  WARNING  Error getting options for PYPL: name 'OptionType' is not defined
2026-06-12 08:37:36,148  WARNING    PYPL: No liquid PUT options available
2026-06-12 08:37:36,149  WARNING  Error getting options for HOOD: name 'OptionType' is not defined
2026-06-12 08:37:36,149  WARNING    HOOD: No liquid PUT options available
2026-06-12 08:37:36,149  INFO  No options positions entered.
2026-06-12 08:37:41,205  INFO  ============================================================
2026-06-12 08:37:41,205  INFO  OPTIONS SCAN — checking for BOOF 31 v2 setups...
2026-06-12 08:37:44,183  INFO  BOOF 31 v2 setups for options: ['PYPL(score:6)', 'HOOD(score:6)']
2026-06-12 08:37:44,184  WARNING  Error getting options for PYPL: name 'OptionType' is not defined
2026-06-12 08:37:44,184  WARNING    PYPL: No liquid PUT options available
2026-06-12 08:37:44,184  WARNING  Error getting options for HOOD: name 'OptionType' is not defined
2026-06-12 08:37:44,184  WARNING    HOOD: No liquid PUT options available
2026-06-12 08:37:44,185  INFO  No options positions entered.
2026-06-12 08:37:49,253  INFO  ============================================================
2026-06-12 08:37:49,253  INFO  OPTIONS SCAN — checking for BOOF 31 v2 setups...
2026-06-12 08:37:52,535  INFO  BOOF 31 v2 setups for options: ['PYPL(score:6)', 'HOOD(score:6)']
2026-06-12 08:37:52,536  WARNING  Error getting options for PYPL: name 'OptionType' is not defined
2026-06-12 08:37:52,536  WARNING    PYPL: No liquid PUT options available
2026-06-12 08:37:52,536  WARNING  Error getting options for HOOD: name 'OptionType' is not defined
2026-06-12 08:37:52,536  WARNING    HOOD: No liquid PUT options available
2026-06-12 08:37:52,537  INFO  No options positions entered.
2026-06-12 08:37:57,597  INFO  ============================================================
2026-06-12 08:37:57,597  INFO  OPTIONS SCAN — checking for BOOF 31 v2 setups...
2026-06-12 08:38:00,814  INFO  BOOF 31 v2 setups for options: ['PYPL(score:6)', 'HOOD(score:6)']
2026-06-12 08:38:00,815  WARNING  Error getting options for PYPL: name 'OptionType' is not defined
2026-06-12 08:38:00,815  WARNING    PYPL: No liquid PUT options available
2026-06-12 08:38:00,815  WARNING  Error getting options for HOOD: name 'OptionType' is not defined
2026-06-12 08:38:00,815  WARNING    HOOD: No liquid PUT options available
2026-06-12 08:38:00,816  INFO  No options positions entered.
2026-06-12 08:38:05,882  INFO  ============================================================
2026-06-12 08:38:05,882  INFO  OPTIONS SCAN — checking for BOOF 31 v2 setups...
2026-06-12 08:38:09,131  INFO  BOOF 31 v2 setups for options: ['PYPL(score:6)', 'HOOD(score:6)']
2026-06-12 08:38:09,131  WARNING  Error getting options for PYPL: name 'OptionType' is not defined
2026-06-12 08:38:09,131  WARNING    PYPL: No liquid PUT options available
2026-06-12 08:38:09,131  WARNING  Error getting options for HOOD: name 'OptionType' is not defined
2026-06-12 08:38:09,131  WARNING    HOOD: No liquid PUT options available
2026-06-12 08:38:09,132  INFO  No options positions entered.
2026-06-12 08:38:14,193  INFO  ============================================================
2026-06-12 08:38:14,193  INFO  OPTIONS SCAN — checking for BOOF 31 v2 setups...
2026-06-12 08:38:17,462  INFO  BOOF 31 v2 setups for options: ['PYPL(score:6)', 'HOOD(score:6)']
2026-06-12 08:38:17,462  WARNING  Error getting options for PYPL: name 'OptionType' is not defined
2026-06-12 08:38:17,462  WARNING    PYPL: No liquid PUT options available
2026-06-12 08:38:17,463  WARNING  Error getting options for HOOD: name 'OptionType' is not defined
2026-06-12 08:38:17,463  WARNING    HOOD: No liquid PUT options available
2026-06-12 08:38:17,464  INFO  No options positions entered.
2026-06-12 08:38:22,533  INFO  ============================================================
2026-06-12 08:38:22,533  INFO  OPTIONS SCAN — checking for BOOF 31 v2 setups...
2026-06-12 08:38:26,578  INFO  BOOF 31 v2 setups for options: ['PYPL(score:6)', 'MSTR(score:6)']
2026-06-12 08:38:26,578  WARNING  Error getting options for PYPL: name 'OptionType' is not defined
2026-06-12 08:38:26,578  WARNING    PYPL: No liquid PUT options available
2026-06-12 08:38:26,578  WARNING  Error getting options for MSTR: name 'OptionType' is not defined
2026-06-12 08:38:26,578  WARNING    MSTR: No liquid PUT options available
2026-06-12 08:38:26,579  INFO  No options positions entered.
2026-06-12 08:38:31,642  INFO  ============================================================
2026-06-12 08:38:31,642  INFO  OPTIONS SCAN — checking for BOOF 31 v2 setups...
2026-06-12 08:38:36,354  INFO  BOOF 31 v2 setups for options: ['MSTR(score:6)']
2026-06-12 08:38:36,354  WARNING  Error getting options for MSTR: name 'OptionType' is not defined
2026-06-12 08:38:36,354  WARNING    MSTR: No liquid PUT options available
2026-06-12 08:38:36,355  INFO  No options positions entered.
2026-06-12 08:38:41,440  INFO  ============================================================
2026-06-12 08:38:41,441  INFO  OPTIONS SCAN — checking for BOOF 31 v2 setups...
2026-06-12 08:38:45,467  INFO  BOOF 31 v2 setups for options: ['MSTR(score:6)']
2026-06-12 08:38:45,467  WARNING  Error getting options for MSTR: name 'OptionType' is not defined
2026-06-12 08:38:45,467  WARNING    MSTR: No liquid PUT options available
2026-06-12 08:38:45,468  INFO  No options positions entered.
2026-06-12 08:38:50,541  INFO  ============================================================
2026-06-12 08:38:50,541  INFO  OPTIONS SCAN — checking for BOOF 31 v2 setups...
2026-06-12 08:38:54,561  INFO  BOOF 31 v2 setups for options: ['MSTR(score:6)']
2026-06-12 08:38:54,563  WARNING  Error getting options for MSTR: name 'OptionType' is not defined
2026-06-12 08:38:54,563  WARNING    MSTR: No liquid PUT options available
2026-06-12 08:38:54,564  INFO  No options positions entered.
2026-06-12 08:38:59,618  INFO  ============================================================
2026-06-12 08:38:59,619  INFO  OPTIONS SCAN — checking for BOOF 31 v2 setups...
2026-06-12 08:39:03,164  INFO  BOOF 31 v2 setups for options: ['MSTR(score:6)']
2026-06-12 08:39:03,164  WARNING  Error getting options for MSTR: name 'OptionType' is not defined
2026-06-12 08:39:03,164  WARNING    MSTR: No liquid PUT options available
2026-06-12 08:39:03,165  INFO  No options positions entered.
2026-06-12 08:39:08,223  INFO  ============================================================
2026-06-12 08:39:08,223  INFO  OPTIONS SCAN — checking for BOOF 31 v2 setups...
2026-06-12 08:39:11,641  INFO  BOOF 31 v2 setups for options: ['MSTR(score:6)']
2026-06-12 08:39:11,641  WARNING  Error getting options for MSTR: name 'OptionType' is not defined
2026-06-12 08:39:11,641  WARNING    MSTR: No liquid PUT options available
2026-06-12 08:39:11,642  INFO  No options positions entered.
2026-06-12 08:39:16,701  INFO  ============================================================
2026-06-12 08:39:16,701  INFO  OPTIONS SCAN — checking for BOOF 31 v2 setups...
2026-06-12 08:39:20,270  INFO  BOOF 31 v2 setups for options: ['MSTR(score:6)']
2026-06-12 08:39:20,271  WARNING  Error getting options for MSTR: name 'OptionType' is not defined
2026-06-12 08:39:20,271  WARNING    MSTR: No liquid PUT options available
2026-06-12 08:39:20,271  INFO  No options positions entered.
2026-06-12 08:39:25,362  INFO  ============================================================
2026-06-12 08:39:25,363  INFO  OPTIONS SCAN — checking for BOOF 31 v2 setups...
2026-06-12 08:39:28,118  INFO  No BOOF 31 v2 setups found for options
2026-06-12 08:39:33,186  INFO  ============================================================
2026-06-12 08:39:33,186  INFO  OPTIONS SCAN — checking for BOOF 31 v2 setups...
2026-06-12 08:39:35,676  INFO  No BOOF 31 v2 setups found for options
2026-06-12 08:39:40,735  INFO  ============================================================
2026-06-12 08:39:40,735  INFO  OPTIONS SCAN — checking for BOOF 31 v2 setups...
2026-06-12 08:39:43,158  INFO  No BOOF 31 v2 setups found for options
2026-06-12 08:39:48,216  INFO  ============================================================
2026-06-12 08:39:48,216  INFO  OPTIONS SCAN — checking for BOOF 31 v2 setups...
2026-06-12 08:39:50,563  INFO  No BOOF 31 v2 setups found for options
2026-06-12 08:39:55,680  INFO  ============================================================
2026-06-12 08:39:55,680  INFO  OPTIONS SCAN — checking for BOOF 31 v2 setups...
2026-06-12 08:39:57,902  INFO  No BOOF 31 v2 setups found for options
2026-06-12 08:40:02,981  INFO  ============================================================
2026-06-12 08:40:02,981  INFO  OPTIONS SCAN — checking for BOOF 31 v2 setups...
2026-06-12 08:40:05,404  INFO  No BOOF 31 v2 setups found for options
2026-06-12 08:40:10,467  INFO  ============================================================
2026-06-12 08:40:10,468  INFO  OPTIONS SCAN — checking for BOOF 31 v2 setups...
2026-06-12 08:40:12,881  INFO  No BOOF 31 v2 setups found for options
2026-06-12 08:40:17,953  INFO  ============================================================
2026-06-12 08:40:17,953  INFO  OPTIONS SCAN — checking for BOOF 31 v2 setups...
2026-06-12 08:40:20,223  INFO  No BOOF 31 v2 setups found for options
2026-06-12 08:40:25,296  INFO  ============================================================
2026-06-12 08:40:25,297  INFO  OPTIONS SCAN — checking for BOOF 31 v2 setups...
2026-06-12 08:40:28,333  INFO  No BOOF 31 v2 setups found for options
2026-06-12 08:40:33,403  INFO  ============================================================
2026-06-12 08:40:33,403  INFO  OPTIONS SCAN — checking for BOOF 31 v2 setups...
2026-06-12 08:40:36,457  INFO  No BOOF 31 v2 setups found for options
2026-06-12 08:40:41,533  INFO  ============================================================
2026-06-12 08:40:41,533  INFO  OPTIONS SCAN — checking for BOOF 31 v2 setups...
2026-06-12 08:40:44,026  INFO  No BOOF 31 v2 setups found for options
2026-06-12 08:40:49,098  INFO  ============================================================
2026-06-12 08:40:49,098  INFO  OPTIONS SCAN — checking for BOOF 31 v2 setups...
2026-06-12 08:40:51,743  INFO  No BOOF 31 v2 setups found for options
2026-06-12 08:40:56,805  INFO  ============================================================
2026-06-12 08:40:56,806  INFO  OPTIONS SCAN — checking for BOOF 31 v2 setups...
2026-06-12 08:40:59,562  INFO  No BOOF 31 v2 setups found for options
2026-06-12 08:41:04,630  INFO  ============================================================
2026-06-12 08:41:04,630  INFO  OPTIONS SCAN — checking for BOOF 31 v2 setups...
2026-06-12 08:41:07,343  INFO  No BOOF 31 v2 setups found for options
2026-06-12 08:41:12,405  INFO  ============================================================
2026-06-12 08:41:12,405  INFO  OPTIONS SCAN — checking for BOOF 31 v2 setups...
2026-06-12 08:41:15,092  INFO  No BOOF 31 v2 setups found for options
2026-06-12 08:41:20,367  INFO  ============================================================
2026-06-12 08:41:20,367  INFO  OPTIONS SCAN — checking for BOOF 31 v2 setups...
2026-06-12 08:41:22,684  INFO  No BOOF 31 v2 setups found for options
2026-06-12 08:41:27,751  INFO  ============================================================
2026-06-12 08:41:27,751  INFO  OPTIONS SCAN — checking for BOOF 31 v2 setups...
2026-06-12 08:41:30,998  INFO  BOOF 31 v2 setups for options: ['MSTR(score:6)']
2026-06-12 08:41:30,998  WARNING  Error getting options for MSTR: name 'OptionType' is not defined
2026-06-12 08:41:30,998  WARNING    MSTR: No liquid PUT options available
2026-06-12 08:41:30,999  INFO  No options positions entered.
2026-06-12 08:41:36,063  INFO  ============================================================
2026-06-12 08:41:36,064  INFO  OPTIONS SCAN — checking for BOOF 31 v2 setups...
2026-06-12 08:41:38,876  INFO  BOOF 31 v2 setups for options: ['MSTR(score:6)']
2026-06-12 08:41:38,876  WARNING  Error getting options for MSTR: name 'OptionType' is not defined
2026-06-12 08:41:38,876  WARNING    MSTR: No liquid PUT options available
2026-06-12 08:41:38,877  INFO  No options positions entered.
2026-06-12 08:41:43,945  INFO  ============================================================
2026-06-12 08:41:43,948  INFO  OPTIONS SCAN — checking for BOOF 31 v2 setups...
2026-06-12 08:41:46,974  INFO  BOOF 31 v2 setups for options: ['MSTR(score:6)']
2026-06-12 08:41:46,975  WARNING  Error getting options for MSTR: name 'OptionType' is not defined
2026-06-12 08:41:46,975  WARNING    MSTR: No liquid PUT options available
2026-06-12 08:41:46,975  INFO  No options positions entered.
2026-06-12 08:41:52,031  INFO  ============================================================
2026-06-12 08:41:52,031  INFO  OPTIONS SCAN — checking for BOOF 31 v2 setups...
2026-06-12 08:41:55,148  INFO  BOOF 31 v2 setups for options: ['MSTR(score:6)']
2026-06-12 08:41:55,148  WARNING  Error getting options for MSTR: name 'OptionType' is not defined
2026-06-12 08:41:55,148  WARNING    MSTR: No liquid PUT options available
2026-06-12 08:41:55,149  INFO  No options positions entered.
2026-06-12 08:42:00,217  INFO  ============================================================
2026-06-12 08:42:00,217  INFO  OPTIONS SCAN — checking for BOOF 31 v2 setups...
2026-06-12 08:42:03,173  INFO  BOOF 31 v2 setups for options: ['MSTR(score:6)']
2026-06-12 08:42:03,173  WARNING  Error getting options for MSTR: name 'OptionType' is not defined
2026-06-12 08:42:03,173  WARNING    MSTR: No liquid PUT options available
2026-06-12 08:42:03,174  INFO  No options positions entered.
2026-06-12 08:42:08,227  INFO  ============================================================
2026-06-12 08:42:08,227  INFO  OPTIONS SCAN — checking for BOOF 31 v2 setups...
2026-06-12 08:42:11,122  INFO  BOOF 31 v2 setups for options: ['MSTR(score:6)']
2026-06-12 08:42:11,122  WARNING  Error getting options for MSTR: name 'OptionType' is not defined
2026-06-12 08:42:11,122  WARNING    MSTR: No liquid PUT options available
2026-06-12 08:42:11,123  INFO  No options positions entered.
2026-06-12 08:42:16,188  INFO  ============================================================
2026-06-12 08:42:16,188  INFO  OPTIONS SCAN — checking for BOOF 31 v2 setups...
2026-06-12 08:42:18,932  INFO  BOOF 31 v2 setups for options: ['MSTR(score:6)']
2026-06-12 08:42:18,933  WARNING  Error getting options for MSTR: name 'OptionType' is not defined
2026-06-12 08:42:18,933  WARNING    MSTR: No liquid PUT options available
2026-06-12 08:42:18,933  INFO  No options positions entered.
2026-06-12 08:42:24,006  INFO  ============================================================
2026-06-12 08:42:24,006  INFO  OPTIONS SCAN — checking for BOOF 31 v2 setups...
2026-06-12 08:42:26,675  INFO  No BOOF 31 v2 setups found for options
2026-06-12 08:42:31,780  INFO  ============================================================
2026-06-12 08:42:31,781  INFO  OPTIONS SCAN — checking for BOOF 31 v2 setups...
2026-06-12 08:42:34,312  INFO  No BOOF 31 v2 setups found for options
2026-06-12 08:42:39,381  INFO  ============================================================
2026-06-12 08:42:39,381  INFO  OPTIONS SCAN — checking for BOOF 31 v2 setups...
2026-06-12 08:42:41,844  INFO  No BOOF 31 v2 setups found for options
2026-06-12 08:42:46,954  INFO  ============================================================
2026-06-12 08:42:46,956  INFO  OPTIONS SCAN — checking for BOOF 31 v2 setups...
2026-06-12 08:42:49,489  INFO  No BOOF 31 v2 setups found for options
2026-06-12 08:42:54,572  INFO  ============================================================
2026-06-12 08:42:54,572  INFO  OPTIONS SCAN — checking for BOOF 31 v2 setups...
2026-06-12 08:42:57,099  INFO  No BOOF 31 v2 setups found for options
2026-06-12 08:43:02,161  INFO  ============================================================
2026-06-12 08:43:02,161  INFO  OPTIONS SCAN — checking for BOOF 31 v2 setups...
2026-06-12 08:43:04,945  INFO  No BOOF 31 v2 setups found for options
2026-06-12 08:43:10,008  INFO  ============================================================
2026-06-12 08:43:10,008  INFO  OPTIONS SCAN — checking for BOOF 31 v2 setups...
2026-06-12 08:43:12,381  INFO  No BOOF 31 v2 setups found for options
2026-06-12 08:43:17,441  INFO  ============================================================
2026-06-12 08:43:17,444  INFO  OPTIONS SCAN — checking for BOOF 31 v2 setups...
2026-06-12 08:43:19,899  INFO  No BOOF 31 v2 setups found for options
2026-06-12 08:43:24,961  INFO  ============================================================
2026-06-12 08:43:24,961  INFO  OPTIONS SCAN — checking for BOOF 31 v2 setups...
2026-06-12 08:43:27,479  INFO  No BOOF 31 v2 setups found for options
2026-06-12 08:43:32,575  INFO  ============================================================
2026-06-12 08:43:32,575  INFO  OPTIONS SCAN — checking for BOOF 31 v2 setups...
2026-06-12 08:43:35,021  INFO  No BOOF 31 v2 setups found for options
2026-06-12 08:43:40,111  INFO  ============================================================
2026-06-12 08:43:40,111  INFO  OPTIONS SCAN — checking for BOOF 31 v2 setups...
2026-06-12 08:43:42,412  INFO  No BOOF 31 v2 setups found for options
2026-06-12 08:43:47,473  INFO  ============================================================
2026-06-12 08:43:47,473  INFO  OPTIONS SCAN — checking for BOOF 31 v2 setups...
2026-06-12 08:43:49,803  INFO  No BOOF 31 v2 setups found for options
2026-06-12 08:43:54,866  INFO  ============================================================
2026-06-12 08:43:54,867  INFO  OPTIONS SCAN — checking for BOOF 31 v2 setups...
2026-06-12 08:43:57,396  INFO  No BOOF 31 v2 setups found for options
2026-06-12 08:44:02,461  INFO  ============================================================
2026-06-12 08:44:02,462  INFO  OPTIONS SCAN — checking for BOOF 31 v2 setups...
2026-06-12 08:44:04,792  INFO  No BOOF 31 v2 setups found for options
2026-06-12 08:44:09,849  INFO  ============================================================
2026-06-12 08:44:09,849  INFO  OPTIONS SCAN — checking for BOOF 31 v2 setups...
2026-06-12 08:44:12,286  INFO  No BOOF 31 v2 setups found for options
2026-06-12 08:44:17,342  INFO  ============================================================
2026-06-12 08:44:17,342  INFO  OPTIONS SCAN — checking for BOOF 31 v2 setups...
2026-06-12 08:44:19,514  INFO  No BOOF 31 v2 setups found for options
2026-06-12 08:44:24,587  INFO  ============================================================
2026-06-12 08:44:24,587  INFO  OPTIONS SCAN — checking for BOOF 31 v2 setups...
2026-06-12 08:44:26,940  INFO  No BOOF 31 v2 setups found for options
2026-06-12 08:44:32,004  INFO  ============================================================
2026-06-12 08:44:32,004  INFO  OPTIONS SCAN — checking for BOOF 31 v2 setups...
2026-06-12 08:44:34,224  INFO  No BOOF 31 v2 setups found for options
2026-06-12 08:44:39,285  INFO  ============================================================
2026-06-12 08:44:39,285  INFO  OPTIONS SCAN — checking for BOOF 31 v2 setups...
2026-06-12 08:44:41,434  INFO  No BOOF 31 v2 setups found for options
2026-06-12 08:44:46,498  INFO  ============================================================
2026-06-12 08:44:46,498  INFO  OPTIONS SCAN — checking for BOOF 31 v2 setups...
2026-06-12 08:44:48,545  INFO  No BOOF 31 v2 setups found for options
2026-06-12 08:44:53,614  INFO  ============================================================
2026-06-12 08:44:53,614  INFO  OPTIONS SCAN — checking for BOOF 31 v2 setups...
2026-06-12 08:44:55,771  INFO  No BOOF 31 v2 setups found for options
2026-06-12 08:45:00,838  INFO  ============================================================
2026-06-12 08:45:00,838  INFO  OPTIONS SCAN — checking for BOOF 31 v2 setups...
2026-06-12 08:45:02,952  INFO  No BOOF 31 v2 setups found for options
2026-06-12 08:45:08,024  INFO  ============================================================
2026-06-12 08:45:08,024  INFO  OPTIONS SCAN — checking for BOOF 31 v2 setups...
2026-06-12 08:45:09,947  INFO  No BOOF 31 v2 setups found for options
2026-06-12 08:45:15,001  INFO  ============================================================
2026-06-12 08:45:15,001  INFO  OPTIONS SCAN — checking for BOOF 31 v2 setups...
2026-06-12 08:45:17,211  INFO  No BOOF 31 v2 setups found for options
2026-06-12 08:45:22,271  INFO  ============================================================
2026-06-12 08:45:22,271  INFO  OPTIONS SCAN — checking for BOOF 31 v2 setups...
2026-06-12 08:45:24,239  INFO  No BOOF 31 v2 setups found for options
2026-06-12 08:45:29,342  INFO  ============================================================
2026-06-12 08:45:29,342  INFO  OPTIONS SCAN — checking for BOOF 31 v2 setups...
2026-06-12 08:45:31,467  INFO  No BOOF 31 v2 setups found for options
2026-06-12 08:45:36,541  INFO  ============================================================
2026-06-12 08:45:36,541  INFO  OPTIONS SCAN — checking for BOOF 31 v2 setups...
2026-06-12 08:45:38,550  INFO  No BOOF 31 v2 setups found for options
2026-06-12 08:45:43,618  INFO  ============================================================
2026-06-12 08:45:43,618  INFO  OPTIONS SCAN — checking for BOOF 31 v2 setups...
2026-06-12 08:45:45,705  INFO  No BOOF 31 v2 setups found for options
2026-06-12 08:45:50,763  INFO  ============================================================
2026-06-12 08:45:50,763  INFO  OPTIONS SCAN — checking for BOOF 31 v2 setups...
2026-06-12 08:45:52,906  INFO  No BOOF 31 v2 setups found for options
2026-06-12 08:45:57,973  INFO  ============================================================
2026-06-12 08:45:57,973  INFO  OPTIONS SCAN — checking for BOOF 31 v2 setups...
2026-06-12 08:46:00,096  INFO  No BOOF 31 v2 setups found for options
2026-06-12 08:46:05,159  INFO  ============================================================
2026-06-12 08:46:05,160  INFO  OPTIONS SCAN — checking for BOOF 31 v2 setups...
2026-06-12 08:46:07,065  INFO  No BOOF 31 v2 setups found for options
2026-06-12 08:46:12,132  INFO  ============================================================
2026-06-12 08:46:12,132  INFO  OPTIONS SCAN — checking for BOOF 31 v2 setups...
2026-06-12 08:46:14,110  INFO  No BOOF 31 v2 setups found for options
2026-06-12 08:46:19,166  INFO  ============================================================
2026-06-12 08:46:19,167  INFO  OPTIONS SCAN — checking for BOOF 31 v2 setups...
2026-06-12 08:46:21,146  INFO  No BOOF 31 v2 setups found for options
2026-06-12 08:46:26,215  INFO  ============================================================
2026-06-12 08:46:26,215  INFO  OPTIONS SCAN — checking for BOOF 31 v2 setups...
2026-06-12 08:46:28,608  INFO  No BOOF 31 v2 setups found for options
2026-06-12 08:46:33,669  INFO  ============================================================
2026-06-12 08:46:33,669  INFO  OPTIONS SCAN — checking for BOOF 31 v2 setups...
2026-06-12 08:46:36,274  INFO  No BOOF 31 v2 setups found for options
2026-06-12 08:46:41,337  INFO  ============================================================
2026-06-12 08:46:41,338  INFO  OPTIONS SCAN — checking for BOOF 31 v2 setups...
2026-06-12 08:46:43,836  INFO  No BOOF 31 v2 setups found for options
2026-06-12 08:46:48,907  INFO  ============================================================
2026-06-12 08:46:48,907  INFO  OPTIONS SCAN — checking for BOOF 31 v2 setups...
2026-06-12 08:46:51,379  INFO  No BOOF 31 v2 setups found for options
2026-06-12 08:46:56,464  INFO  ============================================================
2026-06-12 08:46:56,464  INFO  OPTIONS SCAN — checking for BOOF 31 v2 setups...
2026-06-12 08:46:58,921  INFO  No BOOF 31 v2 setups found for options
2026-06-12 08:47:03,987  INFO  ============================================================
2026-06-12 08:47:03,987  INFO  OPTIONS SCAN — checking for BOOF 31 v2 setups...
2026-06-12 08:47:06,387  INFO  No BOOF 31 v2 setups found for options
2026-06-12 08:47:11,450  INFO  ============================================================
2026-06-12 08:47:11,450  INFO  OPTIONS SCAN — checking for BOOF 31 v2 setups...
2026-06-12 08:47:13,844  INFO  No BOOF 31 v2 setups found for options
2026-06-12 08:47:18,916  INFO  ============================================================
2026-06-12 08:47:18,916  INFO  OPTIONS SCAN — checking for BOOF 31 v2 setups...
2026-06-12 08:47:21,293  INFO  No BOOF 31 v2 setups found for options
2026-06-12 08:47:26,360  INFO  ============================================================
2026-06-12 08:47:26,360  INFO  OPTIONS SCAN — checking for BOOF 31 v2 setups...
2026-06-12 08:47:28,954  INFO  No BOOF 31 v2 setups found for options
2026-06-12 08:47:34,026  INFO  ============================================================
2026-06-12 08:47:34,026  INFO  OPTIONS SCAN — checking for BOOF 31 v2 setups...
2026-06-12 08:47:36,624  INFO  No BOOF 31 v2 setups found for options
2026-06-12 08:47:41,694  INFO  ============================================================
2026-06-12 08:47:41,694  INFO  OPTIONS SCAN — checking for BOOF 31 v2 setups...
2026-06-12 08:47:44,132  INFO  No BOOF 31 v2 setups found for options
2026-06-12 08:47:49,193  INFO  ============================================================
2026-06-12 08:47:49,194  INFO  OPTIONS SCAN — checking for BOOF 31 v2 setups...
2026-06-12 08:47:51,496  INFO  No BOOF 31 v2 setups found for options
2026-06-12 08:47:56,561  INFO  ============================================================
2026-06-12 08:47:56,561  INFO  OPTIONS SCAN — checking for BOOF 31 v2 setups...
2026-06-12 08:47:59,028  INFO  No BOOF 31 v2 setups found for options
2026-06-12 08:48:04,096  INFO  ============================================================
2026-06-12 08:48:04,097  INFO  OPTIONS SCAN — checking for BOOF 31 v2 setups...
2026-06-12 08:48:06,504  INFO  No BOOF 31 v2 setups found for options
2026-06-12 08:48:11,597  INFO  ============================================================
2026-06-12 08:48:11,597  INFO  OPTIONS SCAN — checking for BOOF 31 v2 setups...
2026-06-12 08:48:14,058  INFO  No BOOF 31 v2 setups found for options
2026-06-12 08:48:19,251  INFO  ============================================================
2026-06-12 08:48:19,251  INFO  OPTIONS SCAN — checking for BOOF 31 v2 setups...
2026-06-12 08:48:21,672  INFO  No BOOF 31 v2 setups found for options
2026-06-12 08:48:26,742  INFO  ============================================================
2026-06-12 08:48:26,742  INFO  OPTIONS SCAN — checking for BOOF 31 v2 setups...
2026-06-12 08:48:29,465  INFO  No BOOF 31 v2 setups found for options
2026-06-12 08:48:34,526  INFO  ============================================================
2026-06-12 08:48:34,526  INFO  OPTIONS SCAN — checking for BOOF 31 v2 setups...
2026-06-12 08:48:37,083  INFO  No BOOF 31 v2 setups found for options
2026-06-12 08:48:42,194  INFO  ============================================================
2026-06-12 08:48:42,194  INFO  OPTIONS SCAN — checking for BOOF 31 v2 setups...
2026-06-12 08:48:44,862  INFO  No BOOF 31 v2 setups found for options
2026-06-12 08:48:49,928  INFO  ============================================================
2026-06-12 08:48:49,928  INFO  OPTIONS SCAN — checking for BOOF 31 v2 setups...
2026-06-12 08:48:52,758  INFO  No BOOF 31 v2 setups found for options
2026-06-12 08:48:57,828  INFO  ============================================================
2026-06-12 08:48:57,828  INFO  OPTIONS SCAN — checking for BOOF 31 v2 setups...
2026-06-12 08:49:00,285  INFO  No BOOF 31 v2 setups found for options
2026-06-12 08:49:05,355  INFO  ============================================================
2026-06-12 08:49:05,355  INFO  OPTIONS SCAN — checking for BOOF 31 v2 setups...
2026-06-12 08:49:07,744  INFO  No BOOF 31 v2 setups found for options
2026-06-12 08:49:12,805  INFO  ============================================================
2026-06-12 08:49:12,805  INFO  OPTIONS SCAN — checking for BOOF 31 v2 setups...
2026-06-12 08:49:15,093  INFO  No BOOF 31 v2 setups found for options
2026-06-12 08:49:20,161  INFO  ============================================================
2026-06-12 08:49:20,161  INFO  OPTIONS SCAN — checking for BOOF 31 v2 setups...
2026-06-12 08:49:22,601  INFO  No BOOF 31 v2 setups found for options
2026-06-12 08:49:27,663  INFO  ============================================================
2026-06-12 08:49:27,663  INFO  OPTIONS SCAN — checking for BOOF 31 v2 setups...
2026-06-12 08:49:30,165  INFO  No BOOF 31 v2 setups found for options
2026-06-12 08:49:35,226  INFO  ============================================================
2026-06-12 08:49:35,227  INFO  OPTIONS SCAN — checking for BOOF 31 v2 setups...
2026-06-12 08:49:37,637  INFO  No BOOF 31 v2 setups found for options
2026-06-12 08:49:42,695  INFO  ============================================================
2026-06-12 08:49:42,696  INFO  OPTIONS SCAN — checking for BOOF 31 v2 setups...
2026-06-12 08:49:45,055  INFO  No BOOF 31 v2 setups found for options
2026-06-12 08:49:50,116  INFO  ============================================================
2026-06-12 08:49:50,116  INFO  OPTIONS SCAN — checking for BOOF 31 v2 setups...
2026-06-12 08:49:52,745  INFO  No BOOF 31 v2 setups found for options
2026-06-12 08:49:57,810  INFO  ============================================================
2026-06-12 08:49:57,810  INFO  OPTIONS SCAN — checking for BOOF 31 v2 setups...
2026-06-12 08:50:00,282  INFO  No BOOF 31 v2 setups found for options
2026-06-12 08:50:05,342  INFO  ============================================================
2026-06-12 08:50:05,343  INFO  OPTIONS SCAN — checking for BOOF 31 v2 setups...
2026-06-12 08:50:07,713  INFO  No BOOF 31 v2 setups found for options
2026-06-12 08:50:12,845  INFO  ============================================================
2026-06-12 08:50:12,845  INFO  OPTIONS SCAN — checking for BOOF 31 v2 setups...
2026-06-12 08:50:15,371  INFO  No BOOF 31 v2 setups found for options
2026-06-12 08:50:20,436  INFO  ============================================================
2026-06-12 08:50:20,436  INFO  OPTIONS SCAN — checking for BOOF 31 v2 setups...
2026-06-12 08:50:23,083  INFO  No BOOF 31 v2 setups found for options
2026-06-12 08:50:28,148  INFO  ============================================================
2026-06-12 08:50:28,148  INFO  OPTIONS SCAN — checking for BOOF 31 v2 setups...
2026-06-12 08:50:31,293  INFO  No BOOF 31 v2 setups found for options
2026-06-12 08:50:36,354  INFO  ============================================================
2026-06-12 08:50:36,354  INFO  OPTIONS SCAN — checking for BOOF 31 v2 setups...
2026-06-12 08:50:39,161  INFO  No BOOF 31 v2 setups found for options
2026-06-12 08:50:44,222  INFO  ============================================================
2026-06-12 08:50:44,222  INFO  OPTIONS SCAN — checking for BOOF 31 v2 setups...
2026-06-12 08:50:46,996  INFO  No BOOF 31 v2 setups found for options
2026-06-12 08:50:52,060  INFO  ============================================================
2026-06-12 08:50:52,061  INFO  OPTIONS SCAN — checking for BOOF 31 v2 setups...
2026-06-12 08:50:54,832  INFO  No BOOF 31 v2 setups found for options
2026-06-12 08:50:59,894  INFO  ============================================================
2026-06-12 08:50:59,895  INFO  OPTIONS SCAN — checking for BOOF 31 v2 setups...
2026-06-12 08:51:02,786  INFO  No BOOF 31 v2 setups found for options
2026-06-12 08:51:07,854  INFO  ============================================================
2026-06-12 08:51:07,854  INFO  OPTIONS SCAN — checking for BOOF 31 v2 setups...
2026-06-12 08:51:10,580  INFO  No BOOF 31 v2 setups found for options
2026-06-12 08:51:15,647  INFO  ============================================================
2026-06-12 08:51:15,647  INFO  OPTIONS SCAN — checking for BOOF 31 v2 setups...
2026-06-12 08:51:18,313  INFO  No BOOF 31 v2 setups found for options
2026-06-12 08:51:23,390  INFO  ============================================================
2026-06-12 08:51:23,390  INFO  OPTIONS SCAN — checking for BOOF 31 v2 setups...
2026-06-12 08:51:26,281  INFO  No BOOF 31 v2 setups found for options
2026-06-12 08:51:31,350  INFO  ============================================================
2026-06-12 08:51:31,350  INFO  OPTIONS SCAN — checking for BOOF 31 v2 setups...
2026-06-12 08:51:35,063  INFO  No BOOF 31 v2 setups found for options
2026-06-12 08:51:40,131  INFO  ============================================================
2026-06-12 08:51:40,131  INFO  OPTIONS SCAN — checking for BOOF 31 v2 setups...
2026-06-12 08:51:43,376  INFO  No BOOF 31 v2 setups found for options
2026-06-12 08:51:48,448  INFO  ============================================================
2026-06-12 08:51:48,448  INFO  OPTIONS SCAN — checking for BOOF 31 v2 setups...
2026-06-12 08:51:51,832  INFO  No BOOF 31 v2 setups found for options
2026-06-12 08:51:56,888  INFO  ============================================================
2026-06-12 08:51:56,889  INFO  OPTIONS SCAN — checking for BOOF 31 v2 setups...
2026-06-12 08:52:00,164  INFO  No BOOF 31 v2 setups found for options
2026-06-12 08:52:05,216  INFO  ============================================================
2026-06-12 08:52:05,216  INFO  OPTIONS SCAN — checking for BOOF 31 v2 setups...
2026-06-12 08:52:08,333  INFO  No BOOF 31 v2 setups found for options
2026-06-12 08:52:13,393  INFO  ============================================================
2026-06-12 08:52:13,393  INFO  OPTIONS SCAN — checking for BOOF 31 v2 setups...
2026-06-12 08:52:16,385  INFO  No BOOF 31 v2 setups found for options
2026-06-12 08:52:21,475  INFO  ============================================================
2026-06-12 08:52:21,476  INFO  OPTIONS SCAN — checking for BOOF 31 v2 setups...
2026-06-12 08:52:24,404  INFO  No BOOF 31 v2 setups found for options
2026-06-12 08:52:29,463  INFO  ============================================================
2026-06-12 08:52:29,463  INFO  OPTIONS SCAN — checking for BOOF 31 v2 setups...
2026-06-12 08:52:33,121  INFO  No BOOF 31 v2 setups found for options
2026-06-12 08:52:38,186  INFO  ============================================================
2026-06-12 08:52:38,186  INFO  OPTIONS SCAN — checking for BOOF 31 v2 setups...
2026-06-12 08:52:41,219  INFO  No BOOF 31 v2 setups found for options
2026-06-12 08:52:46,281  INFO  ============================================================
2026-06-12 08:52:46,281  INFO  OPTIONS SCAN — checking for BOOF 31 v2 setups...
2026-06-12 08:52:49,369  INFO  No BOOF 31 v2 setups found for options
2026-06-12 08:52:54,491  INFO  ============================================================
2026-06-12 08:52:54,492  INFO  OPTIONS SCAN — checking for BOOF 31 v2 setups...
2026-06-12 08:52:57,296  INFO  No BOOF 31 v2 setups found for options
2026-06-12 08:53:02,602  INFO  ============================================================
2026-06-12 08:53:02,603  INFO  OPTIONS SCAN — checking for BOOF 31 v2 setups...
2026-06-12 08:53:05,243  INFO  No BOOF 31 v2 setups found for options
2026-06-12 08:53:10,305  INFO  ============================================================
2026-06-12 08:53:10,305  INFO  OPTIONS SCAN — checking for BOOF 31 v2 setups...
2026-06-12 08:53:12,864  INFO  No BOOF 31 v2 setups found for options
2026-06-12 08:53:17,934  INFO  ============================================================
2026-06-12 08:53:17,934  INFO  OPTIONS SCAN — checking for BOOF 31 v2 setups...
2026-06-12 08:53:20,318  INFO  No BOOF 31 v2 setups found for options
2026-06-12 08:53:25,395  INFO  ============================================================
2026-06-12 08:53:25,395  INFO  OPTIONS SCAN — checking for BOOF 31 v2 setups...
2026-06-12 08:53:28,243  INFO  No BOOF 31 v2 setups found for options
2026-06-12 08:53:33,312  INFO  ============================================================
2026-06-12 08:53:33,312  INFO  OPTIONS SCAN — checking for BOOF 31 v2 setups...
2026-06-12 08:53:35,936  INFO  No BOOF 31 v2 setups found for options
2026-06-12 08:53:40,996  INFO  ============================================================
2026-06-12 08:53:40,996  INFO  OPTIONS SCAN — checking for BOOF 31 v2 setups...
2026-06-12 08:53:43,365  INFO  No BOOF 31 v2 setups found for options
2026-06-12 08:53:48,426  INFO  ============================================================
2026-06-12 08:53:48,426  INFO  OPTIONS SCAN — checking for BOOF 31 v2 setups...
2026-06-12 08:53:50,933  INFO  No BOOF 31 v2 setups found for options
2026-06-12 08:53:55,993  INFO  ============================================================
2026-06-12 08:53:55,993  INFO  OPTIONS SCAN — checking for BOOF 31 v2 setups...
2026-06-12 08:53:58,556  INFO  No BOOF 31 v2 setups found for options
2026-06-12 08:54:03,631  INFO  ============================================================
2026-06-12 08:54:03,632  INFO  OPTIONS SCAN — checking for BOOF 31 v2 setups...
2026-06-12 08:54:06,144  INFO  No BOOF 31 v2 setups found for options
2026-06-12 08:54:11,293  INFO  ============================================================
2026-06-12 08:54:11,293  INFO  OPTIONS SCAN — checking for BOOF 31 v2 setups...
2026-06-12 08:54:13,777  INFO  No BOOF 31 v2 setups found for options
2026-06-12 08:54:18,835  INFO  ============================================================
2026-06-12 08:54:18,835  INFO  OPTIONS SCAN — checking for BOOF 31 v2 setups...
2026-06-12 08:54:21,396  INFO  No BOOF 31 v2 setups found for options
2026-06-12 08:54:26,461  INFO  ============================================================
2026-06-12 08:54:26,461  INFO  OPTIONS SCAN — checking for BOOF 31 v2 setups...
2026-06-12 08:54:29,231  INFO  No BOOF 31 v2 setups found for options
2026-06-12 08:54:34,292  INFO  ============================================================
2026-06-12 08:54:34,292  INFO  OPTIONS SCAN — checking for BOOF 31 v2 setups...
2026-06-12 08:54:36,941  INFO  No BOOF 31 v2 setups found for options
2026-06-12 08:54:42,003  INFO  ============================================================
2026-06-12 08:54:42,003  INFO  OPTIONS SCAN — checking for BOOF 31 v2 setups...
2026-06-12 08:54:44,643  INFO  BOOF 31 v2 setups for options: ['SMH(score:7)', 'SOXX(score:9)']
2026-06-12 08:54:44,643  WARNING  Error getting options for SMH: name 'OptionType' is not defined
2026-06-12 08:54:44,643  WARNING    SMH: No liquid PUT options available
2026-06-12 08:54:44,643  WARNING  Error getting options for SOXX: name 'OptionType' is not defined
2026-06-12 08:54:44,644  WARNING    SOXX: No liquid PUT options available
2026-06-12 08:54:44,644  INFO  No options positions entered.
2026-06-12 08:54:49,702  INFO  ============================================================
2026-06-12 08:54:49,702  INFO  OPTIONS SCAN — checking for BOOF 31 v2 setups...
2026-06-12 08:54:54,622  INFO  BOOF 31 v2 setups for options: ['AMZN(score:6)', 'META(score:7)', 'TSLA(score:6)', 'SPY(score:7)', 'QQQ(score:7)', 'IWM(score:7)', 'AVGO(score:6)', 'PYPL(score:7)', 'UBER(score:7)', 'COIN(score:9)', 'HOOD(score:9)', 'MSTR(score:9)', 'SMH(score:7)', 'SOXX(score:9)']
2026-06-12 08:54:54,624  WARNING  Error getting options for AMZN: name 'OptionType' is not defined
2026-06-12 08:54:54,624  WARNING    AMZN: No liquid PUT options available
2026-06-12 08:54:54,624  WARNING  Error getting options for META: name 'OptionType' is not defined
2026-06-12 08:54:54,624  WARNING    META: No liquid PUT options available
2026-06-12 08:54:54,625  WARNING  Error getting options for TSLA: name 'OptionType' is not defined
2026-06-12 08:54:54,625  WARNING    TSLA: No liquid PUT options available
2026-06-12 08:54:54,625  WARNING  Error getting options for SPY: name 'OptionType' is not defined
2026-06-12 08:54:54,625  WARNING    SPY: No liquid PUT options available
2026-06-12 08:54:54,625  WARNING  Error getting options for QQQ: name 'OptionType' is not defined
2026-06-12 08:54:54,625  WARNING    QQQ: No liquid PUT options available
2026-06-12 08:54:54,625  WARNING  Error getting options for IWM: name 'OptionType' is not defined
2026-06-12 08:54:54,625  WARNING    IWM: No liquid PUT options available
2026-06-12 08:54:54,626  WARNING  Error getting options for AVGO: name 'OptionType' is not defined
2026-06-12 08:54:54,626  WARNING    AVGO: No liquid PUT options available
2026-06-12 08:54:54,626  WARNING  Error getting options for PYPL: name 'OptionType' is not defined
2026-06-12 08:54:54,626  WARNING    PYPL: No liquid PUT options available
2026-06-12 08:54:54,626  WARNING  Error getting options for UBER: name 'OptionType' is not defined
2026-06-12 08:54:54,626  WARNING    UBER: No liquid PUT options available
2026-06-12 08:54:54,626  WARNING  Error getting options for COIN: name 'OptionType' is not defined
2026-06-12 08:54:54,627  WARNING    COIN: No liquid PUT options available
2026-06-12 08:54:54,627  WARNING  Error getting options for HOOD: name 'OptionType' is not defined
2026-06-12 08:54:54,627  WARNING    HOOD: No liquid PUT options available
2026-06-12 08:54:54,627  WARNING  Error getting options for MSTR: name 'OptionType' is not defined
2026-06-12 08:54:54,627  WARNING    MSTR: No liquid PUT options available
2026-06-12 08:54:54,627  WARNING  Error getting options for SMH: name 'OptionType' is not defined
2026-06-12 08:54:54,627  WARNING    SMH: No liquid PUT options available
2026-06-12 08:54:54,627  WARNING  Error getting options for SOXX: name 'OptionType' is not defined
2026-06-12 08:54:54,627  WARNING    SOXX: No liquid PUT options available
2026-06-12 08:54:54,628  INFO  No options positions entered.
2026-06-12 08:54:59,693  INFO  ============================================================
2026-06-12 08:54:59,693  INFO  OPTIONS SCAN — checking for BOOF 31 v2 setups...
2026-06-12 08:55:03,747  INFO  BOOF 31 v2 setups for options: ['AMZN(score:6)', 'META(score:7)', 'TSLA(score:6)', 'SPY(score:7)', 'QQQ(score:7)', 'IWM(score:7)', 'AVGO(score:6)', 'PYPL(score:7)', 'UBER(score:7)', 'COIN(score:9)', 'HOOD(score:9)', 'MSTR(score:9)', 'SMH(score:7)', 'SOXX(score:9)']
2026-06-12 08:55:03,747  WARNING  Error getting options for AMZN: name 'OptionType' is not defined
2026-06-12 08:55:03,748  WARNING    AMZN: No liquid PUT options available
2026-06-12 08:55:03,748  WARNING  Error getting options for META: name 'OptionType' is not defined
2026-06-12 08:55:03,748  WARNING    META: No liquid PUT options available
2026-06-12 08:55:03,748  WARNING  Error getting options for TSLA: name 'OptionType' is not defined
2026-06-12 08:55:03,748  WARNING    TSLA: No liquid PUT options available
2026-06-12 08:55:03,748  WARNING  Error getting options for SPY: name 'OptionType' is not defined
2026-06-12 08:55:03,748  WARNING    SPY: No liquid PUT options available
2026-06-12 08:55:03,749  WARNING  Error getting options for QQQ: name 'OptionType' is not defined
2026-06-12 08:55:03,749  WARNING    QQQ: No liquid PUT options available
2026-06-12 08:55:03,749  WARNING  Error getting options for IWM: name 'OptionType' is not defined
2026-06-12 08:55:03,749  WARNING    IWM: No liquid PUT options available
2026-06-12 08:55:03,749  WARNING  Error getting options for AVGO: name 'OptionType' is not defined
2026-06-12 08:55:03,749  WARNING    AVGO: No liquid PUT options available
2026-06-12 08:55:03,749  WARNING  Error getting options for PYPL: name 'OptionType' is not defined
2026-06-12 08:55:03,749  WARNING    PYPL: No liquid PUT options available
2026-06-12 08:55:03,749  WARNING  Error getting options for UBER: name 'OptionType' is not defined
2026-06-12 08:55:03,750  WARNING    UBER: No liquid PUT options available
2026-06-12 08:55:03,750  WARNING  Error getting options for COIN: name 'OptionType' is not defined
2026-06-12 08:55:03,750  WARNING    COIN: No liquid PUT options available
2026-06-12 08:55:03,750  WARNING  Error getting options for HOOD: name 'OptionType' is not defined
2026-06-12 08:55:03,750  WARNING    HOOD: No liquid PUT options available
2026-06-12 08:55:03,750  WARNING  Error getting options for MSTR: name 'OptionType' is not defined
2026-06-12 08:55:03,750  WARNING    MSTR: No liquid PUT options available
2026-06-12 08:55:03,750  WARNING  Error getting options for SMH: name 'OptionType' is not defined
2026-06-12 08:55:03,750  WARNING    SMH: No liquid PUT options available
2026-06-12 08:55:03,750  WARNING  Error getting options for SOXX: name 'OptionType' is not defined
2026-06-12 08:55:03,750  WARNING    SOXX: No liquid PUT options available
2026-06-12 08:55:03,751  INFO  No options positions entered.
2026-06-12 08:55:08,816  INFO  ============================================================
2026-06-12 08:55:08,816  INFO  OPTIONS SCAN — checking for BOOF 31 v2 setups...
2026-06-12 08:55:12,876  INFO  BOOF 31 v2 setups for options: ['AMZN(score:6)', 'META(score:7)', 'TSLA(score:6)', 'SPY(score:7)', 'QQQ(score:7)', 'IWM(score:7)', 'AVGO(score:6)', 'PYPL(score:7)', 'UBER(score:7)', 'COIN(score:9)', 'HOOD(score:9)', 'MSTR(score:9)', 'SMH(score:7)', 'SOXX(score:9)']
2026-06-12 08:55:12,876  WARNING  Error getting options for AMZN: name 'OptionType' is not defined
2026-06-12 08:55:12,876  WARNING    AMZN: No liquid PUT options available
2026-06-12 08:55:12,877  WARNING  Error getting options for META: name 'OptionType' is not defined
2026-06-12 08:55:12,877  WARNING    META: No liquid PUT options available
2026-06-12 08:55:12,877  WARNING  Error getting options for TSLA: name 'OptionType' is not defined
2026-06-12 08:55:12,877  WARNING    TSLA: No liquid PUT options available
2026-06-12 08:55:12,877  WARNING  Error getting options for SPY: name 'OptionType' is not defined
2026-06-12 08:55:12,877  WARNING    SPY: No liquid PUT options available
2026-06-12 08:55:12,877  WARNING  Error getting options for QQQ: name 'OptionType' is not defined
2026-06-12 08:55:12,877  WARNING    QQQ: No liquid PUT options available
2026-06-12 08:55:12,877  WARNING  Error getting options for IWM: name 'OptionType' is not defined
2026-06-12 08:55:12,877  WARNING    IWM: No liquid PUT options available
2026-06-12 08:55:12,878  WARNING  Error getting options for AVGO: name 'OptionType' is not defined
2026-06-12 08:55:12,878  WARNING    AVGO: No liquid PUT options available
2026-06-12 08:55:12,878  WARNING  Error getting options for PYPL: name 'OptionType' is not defined
2026-06-12 08:55:12,878  WARNING    PYPL: No liquid PUT options available
2026-06-12 08:55:12,878  WARNING  Error getting options for UBER: name 'OptionType' is not defined
2026-06-12 08:55:12,878  WARNING    UBER: No liquid PUT options available
2026-06-12 08:55:12,878  WARNING  Error getting options for COIN: name 'OptionType' is not defined
2026-06-12 08:55:12,878  WARNING    COIN: No liquid PUT options available
2026-06-12 08:55:12,878  WARNING  Error getting options for HOOD: name 'OptionType' is not defined
2026-06-12 08:55:12,878  WARNING    HOOD: No liquid PUT options available
2026-06-12 08:55:12,879  WARNING  Error getting options for MSTR: name 'OptionType' is not defined
2026-06-12 08:55:12,879  WARNING    MSTR: No liquid PUT options available
2026-06-12 08:55:12,879  WARNING  Error getting options for SMH: name 'OptionType' is not defined
2026-06-12 08:55:12,879  WARNING    SMH: No liquid PUT options available
2026-06-12 08:55:12,879  WARNING  Error getting options for SOXX: name 'OptionType' is not defined
2026-06-12 08:55:12,879  WARNING    SOXX: No liquid PUT options available
2026-06-12 08:55:12,880  INFO  No options positions entered.
2026-06-12 08:55:17,937  INFO  ============================================================
2026-06-12 08:55:17,938  INFO  OPTIONS SCAN — checking for BOOF 31 v2 setups...
2026-06-12 08:55:22,233  INFO  BOOF 31 v2 setups for options: ['AMZN(score:6)', 'META(score:7)', 'TSLA(score:6)', 'SPY(score:7)', 'QQQ(score:7)', 'IWM(score:7)', 'AVGO(score:6)', 'PYPL(score:7)', 'UBER(score:7)', 'COIN(score:9)', 'HOOD(score:9)', 'MSTR(score:9)', 'SMH(score:7)', 'SOXX(score:9)']
2026-06-12 08:55:22,233  WARNING  Error getting options for AMZN: name 'OptionType' is not defined
2026-06-12 08:55:22,233  WARNING    AMZN: No liquid PUT options available
2026-06-12 08:55:22,233  WARNING  Error getting options for META: name 'OptionType' is not defined
2026-06-12 08:55:22,234  WARNING    META: No liquid PUT options available
2026-06-12 08:55:22,234  WARNING  Error getting options for TSLA: name 'OptionType' is not defined
2026-06-12 08:55:22,234  WARNING    TSLA: No liquid PUT options available
2026-06-12 08:55:22,234  WARNING  Error getting options for SPY: name 'OptionType' is not defined
2026-06-12 08:55:22,234  WARNING    SPY: No liquid PUT options available
2026-06-12 08:55:22,234  WARNING  Error getting options for QQQ: name 'OptionType' is not defined
2026-06-12 08:55:22,234  WARNING    QQQ: No liquid PUT options available
2026-06-12 08:55:22,234  WARNING  Error getting options for IWM: name 'OptionType' is not defined
2026-06-12 08:55:22,234  WARNING    IWM: No liquid PUT options available
2026-06-12 08:55:22,235  WARNING  Error getting options for AVGO: name 'OptionType' is not defined
2026-06-12 08:55:22,235  WARNING    AVGO: No liquid PUT options available
2026-06-12 08:55:22,235  WARNING  Error getting options for PYPL: name 'OptionType' is not defined
2026-06-12 08:55:22,235  WARNING    PYPL: No liquid PUT options available
2026-06-12 08:55:22,235  WARNING  Error getting options for UBER: name 'OptionType' is not defined
2026-06-12 08:55:22,235  WARNING    UBER: No liquid PUT options available
2026-06-12 08:55:22,235  WARNING  Error getting options for COIN: name 'OptionType' is not defined
2026-06-12 08:55:22,235  WARNING    COIN: No liquid PUT options available
2026-06-12 08:55:22,235  WARNING  Error getting options for HOOD: name 'OptionType' is not defined
2026-06-12 08:55:22,236  WARNING    HOOD: No liquid PUT options available
2026-06-12 08:55:22,236  WARNING  Error getting options for MSTR: name 'OptionType' is not defined
2026-06-12 08:55:22,236  WARNING    MSTR: No liquid PUT options available
2026-06-12 08:55:22,236  WARNING  Error getting options for SMH: name 'OptionType' is not defined
2026-06-12 08:55:22,236  WARNING    SMH: No liquid PUT options available
2026-06-12 08:55:22,236  WARNING  Error getting options for SOXX: name 'OptionType' is not defined
2026-06-12 08:55:22,236  WARNING    SOXX: No liquid PUT options available
2026-06-12 08:55:22,237  INFO  No options positions entered.
2026-06-12 08:55:27,305  INFO  ============================================================
2026-06-12 08:55:27,305  INFO  OPTIONS SCAN — checking for BOOF 31 v2 setups...
2026-06-12 08:55:31,944  INFO  BOOF 31 v2 setups for options: ['AMZN(score:6)', 'META(score:7)', 'TSLA(score:6)', 'SPY(score:7)', 'QQQ(score:7)', 'IWM(score:7)', 'AVGO(score:6)', 'PYPL(score:7)', 'UBER(score:7)', 'COIN(score:9)', 'HOOD(score:9)', 'MSTR(score:9)', 'SMH(score:7)', 'SOXX(score:9)']
2026-06-12 08:55:31,944  WARNING  Error getting options for AMZN: name 'OptionType' is not defined
2026-06-12 08:55:31,944  WARNING    AMZN: No liquid PUT options available
2026-06-12 08:55:31,945  WARNING  Error getting options for META: name 'OptionType' is not defined
2026-06-12 08:55:31,945  WARNING    META: No liquid PUT options available
2026-06-12 08:55:31,945  WARNING  Error getting options for TSLA: name 'OptionType' is not defined
2026-06-12 08:55:31,945  WARNING    TSLA: No liquid PUT options available
2026-06-12 08:55:31,945  WARNING  Error getting options for SPY: name 'OptionType' is not defined
2026-06-12 08:55:31,945  WARNING    SPY: No liquid PUT options available
2026-06-12 08:55:31,945  WARNING  Error getting options for QQQ: name 'OptionType' is not defined
2026-06-12 08:55:31,945  WARNING    QQQ: No liquid PUT options available
2026-06-12 08:55:31,945  WARNING  Error getting options for IWM: name 'OptionType' is not defined
2026-06-12 08:55:31,946  WARNING    IWM: No liquid PUT options available
2026-06-12 08:55:31,946  WARNING  Error getting options for AVGO: name 'OptionType' is not defined
2026-06-12 08:55:31,946  WARNING    AVGO: No liquid PUT options available
2026-06-12 08:55:31,946  WARNING  Error getting options for PYPL: name 'OptionType' is not defined
2026-06-12 08:55:31,946  WARNING    PYPL: No liquid PUT options available
2026-06-12 08:55:31,946  WARNING  Error getting options for UBER: name 'OptionType' is not defined
2026-06-12 08:55:31,946  WARNING    UBER: No liquid PUT options available
2026-06-12 08:55:31,946  WARNING  Error getting options for COIN: name 'OptionType' is not defined
2026-06-12 08:55:31,946  WARNING    COIN: No liquid PUT options available
2026-06-12 08:55:31,946  WARNING  Error getting options for HOOD: name 'OptionType' is not defined
2026-06-12 08:55:31,947  WARNING    HOOD: No liquid PUT options available
2026-06-12 08:55:31,947  WARNING  Error getting options for MSTR: name 'OptionType' is not defined
2026-06-12 08:55:31,947  WARNING    MSTR: No liquid PUT options available
2026-06-12 08:55:31,947  WARNING  Error getting options for SMH: name 'OptionType' is not defined
2026-06-12 08:55:31,947  WARNING    SMH: No liquid PUT options available
2026-06-12 08:55:31,947  WARNING  Error getting options for SOXX: name 'OptionType' is not defined
2026-06-12 08:55:31,947  WARNING    SOXX: No liquid PUT options available
2026-06-12 08:55:31,948  INFO  No options positions entered.
2026-06-12 08:55:37,023  INFO  ============================================================
2026-06-12 08:55:37,023  INFO  OPTIONS SCAN — checking for BOOF 31 v2 setups...
2026-06-12 08:55:41,502  INFO  BOOF 31 v2 setups for options: ['AMZN(score:6)', 'META(score:7)', 'TSLA(score:6)', 'SPY(score:7)', 'QQQ(score:7)', 'IWM(score:7)']
2026-06-12 08:55:41,503  WARNING  Error getting options for AMZN: name 'OptionType' is not defined
2026-06-12 08:55:41,503  WARNING    AMZN: No liquid PUT options available
2026-06-12 08:55:41,503  WARNING  Error getting options for META: name 'OptionType' is not defined
2026-06-12 08:55:41,503  WARNING    META: No liquid PUT options available
2026-06-12 08:55:41,503  WARNING  Error getting options for TSLA: name 'OptionType' is not defined
2026-06-12 08:55:41,503  WARNING    TSLA: No liquid PUT options available
2026-06-12 08:55:41,503  WARNING  Error getting options for SPY: name 'OptionType' is not defined
2026-06-12 08:55:41,503  WARNING    SPY: No liquid PUT options available
2026-06-12 08:55:41,504  WARNING  Error getting options for QQQ: name 'OptionType' is not defined
2026-06-12 08:55:41,504  WARNING    QQQ: No liquid PUT options available
2026-06-12 08:55:41,504  WARNING  Error getting options for IWM: name 'OptionType' is not defined
2026-06-12 08:55:41,504  WARNING    IWM: No liquid PUT options available
2026-06-12 08:55:41,505  INFO  No options positions entered.
2026-06-12 08:55:46,570  INFO  ============================================================
2026-06-12 08:55:46,570  INFO  OPTIONS SCAN — checking for BOOF 31 v2 setups...
2026-06-12 08:55:50,827  INFO  BOOF 31 v2 setups for options: ['TSLA(score:9)']
2026-06-12 08:55:50,827  WARNING  Error getting options for TSLA: name 'OptionType' is not defined
2026-06-12 08:55:50,827  WARNING    TSLA: No liquid PUT options available
2026-06-12 08:55:50,828  INFO  No options positions entered.
2026-06-12 08:55:55,893  INFO  ============================================================
2026-06-12 08:55:55,893  INFO  OPTIONS SCAN — checking for BOOF 31 v2 setups...
2026-06-12 08:55:59,763  INFO  BOOF 31 v2 setups for options: ['TSLA(score:9)']
2026-06-12 08:55:59,764  WARNING  Error getting options for TSLA: name 'OptionType' is not defined
2026-06-12 08:55:59,764  WARNING    TSLA: No liquid PUT options available
2026-06-12 08:55:59,764  INFO  No options positions entered.
2026-06-12 08:56:04,826  INFO  ============================================================
2026-06-12 08:56:04,827  INFO  OPTIONS SCAN — checking for BOOF 31 v2 setups...
2026-06-12 08:56:08,882  INFO  BOOF 31 v2 setups for options: ['TSLA(score:9)']
2026-06-12 08:56:08,882  WARNING  Error getting options for TSLA: name 'OptionType' is not defined
2026-06-12 08:56:08,882  WARNING    TSLA: No liquid PUT options available
2026-06-12 08:56:08,883  INFO  No options positions entered.
2026-06-12 08:56:13,945  INFO  ============================================================
2026-06-12 08:56:13,945  INFO  OPTIONS SCAN — checking for BOOF 31 v2 setups...
2026-06-12 08:56:18,020  INFO  BOOF 31 v2 setups for options: ['TSLA(score:9)']
2026-06-12 08:56:18,020  WARNING  Error getting options for TSLA: name 'OptionType' is not defined
2026-06-12 08:56:18,021  WARNING    TSLA: No liquid PUT options available
2026-06-12 08:56:18,021  INFO  No options positions entered.
2026-06-12 08:56:23,078  INFO  ============================================================
2026-06-12 08:56:23,078  INFO  OPTIONS SCAN — checking for BOOF 31 v2 setups...
2026-06-12 08:56:27,541  INFO  BOOF 31 v2 setups for options: ['TSLA(score:9)']
2026-06-12 08:56:27,542  WARNING  Error getting options for TSLA: name 'OptionType' is not defined
2026-06-12 08:56:27,542  WARNING    TSLA: No liquid PUT options available
2026-06-12 08:56:27,543  INFO  No options positions entered.
2026-06-12 08:56:32,608  INFO  ============================================================
2026-06-12 08:56:32,609  INFO  OPTIONS SCAN — checking for BOOF 31 v2 setups...
2026-06-12 08:56:37,258  INFO  No BOOF 31 v2 setups found for options
2026-06-12 08:56:42,319  INFO  ============================================================
2026-06-12 08:56:42,319  INFO  OPTIONS SCAN — checking for BOOF 31 v2 setups...
2026-06-12 08:56:46,525  INFO  No BOOF 31 v2 setups found for options
2026-06-12 08:56:51,593  INFO  ============================================================
2026-06-12 08:56:51,593  INFO  OPTIONS SCAN — checking for BOOF 31 v2 setups...
2026-06-12 08:56:55,876  INFO  No BOOF 31 v2 setups found for options
2026-06-12 08:57:00,949  INFO  ============================================================
2026-06-12 08:57:00,950  INFO  OPTIONS SCAN — checking for BOOF 31 v2 setups...
2026-06-12 08:57:05,608  INFO  No BOOF 31 v2 setups found for options
2026-06-12 08:57:10,683  INFO  ============================================================
2026-06-12 08:57:10,684  INFO  OPTIONS SCAN — checking for BOOF 31 v2 setups...
2026-06-12 08:57:15,433  INFO  No BOOF 31 v2 setups found for options
2026-06-12 08:57:20,584  INFO  ============================================================
2026-06-12 08:57:20,584  INFO  OPTIONS SCAN — checking for BOOF 31 v2 setups...
2026-06-12 08:57:24,699  INFO  No BOOF 31 v2 setups found for options
2026-06-12 08:57:29,760  INFO  ============================================================
2026-06-12 08:57:29,760  INFO  OPTIONS SCAN — checking for BOOF 31 v2 setups...
2026-06-12 08:57:34,473  INFO  No BOOF 31 v2 setups found for options
2026-06-12 08:57:39,533  INFO  ============================================================
2026-06-12 08:57:39,533  INFO  OPTIONS SCAN — checking for BOOF 31 v2 setups...
2026-06-12 08:57:43,960  INFO  No BOOF 31 v2 setups found for options
2026-06-12 08:57:49,030  INFO  ============================================================
2026-06-12 08:57:49,030  INFO  OPTIONS SCAN — checking for BOOF 31 v2 setups...
2026-06-12 08:57:53,118  INFO  No BOOF 31 v2 setups found for options
2026-06-12 08:57:58,186  INFO  ============================================================
2026-06-12 08:57:58,186  INFO  OPTIONS SCAN — checking for BOOF 31 v2 setups...
2026-06-12 08:58:02,051  INFO  No BOOF 31 v2 setups found for options
2026-06-12 08:58:07,124  INFO  ============================================================
2026-06-12 08:58:07,124  INFO  OPTIONS SCAN — checking for BOOF 31 v2 setups...
2026-06-12 08:58:10,889  INFO  No BOOF 31 v2 setups found for options
2026-06-12 08:58:15,951  INFO  ============================================================
2026-06-12 08:58:15,951  INFO  OPTIONS SCAN — checking for BOOF 31 v2 setups...
2026-06-12 08:58:19,772  INFO  No BOOF 31 v2 setups found for options
2026-06-12 08:58:24,833  INFO  ============================================================
2026-06-12 08:58:24,833  INFO  OPTIONS SCAN — checking for BOOF 31 v2 setups...
2026-06-12 08:58:28,654  INFO  No BOOF 31 v2 setups found for options
2026-06-12 08:58:33,729  INFO  ============================================================
2026-06-12 08:58:33,729  INFO  OPTIONS SCAN — checking for BOOF 31 v2 setups...
2026-06-12 08:58:37,214  INFO  No BOOF 31 v2 setups found for options
2026-06-12 08:58:42,278  INFO  ============================================================
2026-06-12 08:58:42,278  INFO  OPTIONS SCAN — checking for BOOF 31 v2 setups...
2026-06-12 08:58:45,614  INFO  No BOOF 31 v2 setups found for options
2026-06-12 08:58:50,684  INFO  ============================================================
2026-06-12 08:58:50,684  INFO  OPTIONS SCAN — checking for BOOF 31 v2 setups...
2026-06-12 08:58:54,193  INFO  No BOOF 31 v2 setups found for options
2026-06-12 08:58:59,262  INFO  ============================================================
2026-06-12 08:58:59,262  INFO  OPTIONS SCAN — checking for BOOF 31 v2 setups...
2026-06-12 08:59:02,457  INFO  No BOOF 31 v2 setups found for options
2026-06-12 08:59:07,526  INFO  ============================================================
2026-06-12 08:59:07,526  INFO  OPTIONS SCAN — checking for BOOF 31 v2 setups...
2026-06-12 08:59:11,070  INFO  No BOOF 31 v2 setups found for options
2026-06-12 08:59:16,128  INFO  ============================================================
2026-06-12 08:59:16,129  INFO  OPTIONS SCAN — checking for BOOF 31 v2 setups...
2026-06-12 08:59:19,389  INFO  No BOOF 31 v2 setups found for options
2026-06-12 08:59:24,455  INFO  ============================================================
2026-06-12 08:59:24,455  INFO  OPTIONS SCAN — checking for BOOF 31 v2 setups...
2026-06-12 08:59:27,315  INFO  No BOOF 31 v2 setups found for options
2026-06-12 08:59:32,385  INFO  ============================================================
2026-06-12 08:59:32,385  INFO  OPTIONS SCAN — checking for BOOF 31 v2 setups...
2026-06-12 08:59:35,153  INFO  No BOOF 31 v2 setups found for options
2026-06-12 08:59:40,221  INFO  ============================================================
2026-06-12 08:59:40,222  INFO  OPTIONS SCAN — checking for BOOF 31 v2 setups...
2026-06-12 08:59:42,605  INFO  No BOOF 31 v2 setups found for options
2026-06-12 08:59:47,665  INFO  ============================================================
2026-06-12 08:59:47,666  INFO  OPTIONS SCAN — checking for BOOF 31 v2 setups...
2026-06-12 08:59:50,064  INFO  No BOOF 31 v2 setups found for options
2026-06-12 08:59:55,125  INFO  ============================================================
2026-06-12 08:59:55,125  INFO  OPTIONS SCAN — checking for BOOF 31 v2 setups...
2026-06-12 08:59:57,453  INFO  No BOOF 31 v2 setups found for options
2026-06-12 09:00:02,526  INFO  HEARTBEAT 11:00 ET - 24/7 Options Bot Active
2026-06-12 09:00:02,526  INFO  ============================================================
2026-06-12 09:00:02,527  INFO  OPTIONS SCAN — checking for BOOF 31 v2 setups...
2026-06-12 09:00:04,743  INFO  No BOOF 31 v2 setups found for options
2026-06-12 09:00:09,807  INFO  HEARTBEAT 11:00 ET - 24/7 Options Bot Active
2026-06-12 09:00:09,808  INFO  ============================================================
2026-06-12 09:00:09,808  INFO  OPTIONS SCAN — checking for BOOF 31 v2 setups...
2026-06-12 09:00:12,164  INFO  No BOOF 31 v2 setups found for options
2026-06-12 09:00:17,225  INFO  HEARTBEAT 11:00 ET - 24/7 Options Bot Active
2026-06-12 09:00:17,226  INFO  ============================================================
2026-06-12 09:00:17,226  INFO  OPTIONS SCAN — checking for BOOF 31 v2 setups...
2026-06-12 09:00:19,598  INFO  No BOOF 31 v2 setups found for options
2026-06-12 09:00:24,660  INFO  HEARTBEAT 11:00 ET - 24/7 Options Bot Active
2026-06-12 09:00:24,661  INFO  ============================================================
2026-06-12 09:00:24,661  INFO  OPTIONS SCAN — checking for BOOF 31 v2 setups...
2026-06-12 09:00:27,086  INFO  BOOF 31 v2 setups for options: ['MSTR(score:9)']
2026-06-12 09:00:27,086  WARNING  Error getting options for MSTR: name 'OptionType' is not defined
2026-06-12 09:00:27,086  WARNING    MSTR: No liquid PUT options available
2026-06-12 09:00:27,087  INFO  No options positions entered.
2026-06-12 09:00:32,152  INFO  HEARTBEAT 11:00 ET - 24/7 Options Bot Active
2026-06-12 09:00:32,153  INFO  ============================================================
2026-06-12 09:00:32,153  INFO  OPTIONS SCAN — checking for BOOF 31 v2 setups...
2026-06-12 09:00:34,423  INFO  BOOF 31 v2 setups for options: ['MSTR(score:9)']
2026-06-12 09:00:34,423  WARNING  Error getting options for MSTR: name 'OptionType' is not defined
2026-06-12 09:00:34,423  WARNING    MSTR: No liquid PUT options available
2026-06-12 09:00:34,424  INFO  No options positions entered.
2026-06-12 09:00:39,484  INFO  HEARTBEAT 11:00 ET - 24/7 Options Bot Active
2026-06-12 09:00:39,485  INFO  ============================================================
2026-06-12 09:00:39,485  INFO  OPTIONS SCAN — checking for BOOF 31 v2 setups...
2026-06-12 09:00:41,797  INFO  BOOF 31 v2 setups for options: ['MSTR(score:9)']
2026-06-12 09:00:41,797  WARNING  Error getting options for MSTR: name 'OptionType' is not defined
2026-06-12 09:00:41,797  WARNING    MSTR: No liquid PUT options available
2026-06-12 09:00:41,797  INFO  No options positions entered.
2026-06-12 09:00:46,861  INFO  HEARTBEAT 11:00 ET - 24/7 Options Bot Active
2026-06-12 09:00:46,862  INFO  ============================================================
2026-06-12 09:00:46,862  INFO  OPTIONS SCAN — checking for BOOF 31 v2 setups...
2026-06-12 09:00:49,337  INFO  BOOF 31 v2 setups for options: ['MSTR(score:9)']
2026-06-12 09:00:49,337  WARNING  Error getting options for MSTR: name 'OptionType' is not defined
2026-06-12 09:00:49,337  WARNING    MSTR: No liquid PUT options available
2026-06-12 09:00:49,338  INFO  No options positions entered.
2026-06-12 09:00:54,398  INFO  HEARTBEAT 11:00 ET - 24/7 Options Bot Active
2026-06-12 09:00:54,399  INFO  ============================================================
2026-06-12 09:00:54,399  INFO  OPTIONS SCAN — checking for BOOF 31 v2 setups...
2026-06-12 09:00:56,781  INFO  BOOF 31 v2 setups for options: ['MSTR(score:9)']
2026-06-12 09:00:56,781  WARNING  Error getting options for MSTR: name 'OptionType' is not defined
2026-06-12 09:00:56,782  WARNING    MSTR: No liquid PUT options available
2026-06-12 09:00:56,783  INFO  No options positions entered.
2026-06-12 09:01:01,847  INFO  ============================================================
2026-06-12 09:01:01,847  INFO  OPTIONS SCAN — checking for BOOF 31 v2 setups...
2026-06-12 09:01:04,180  INFO  BOOF 31 v2 setups for options: ['MSTR(score:9)']
2026-06-12 09:01:04,181  WARNING  Error getting options for MSTR: name 'OptionType' is not defined
2026-06-12 09:01:04,181  WARNING    MSTR: No liquid PUT options available
2026-06-12 09:01:04,181  INFO  No options positions entered.
2026-06-12 09:01:09,243  INFO  ============================================================
2026-06-12 09:01:09,243  INFO  OPTIONS SCAN — checking for BOOF 31 v2 setups...
2026-06-12 09:01:11,609  INFO  BOOF 31 v2 setups for options: ['MSTR(score:9)']
2026-06-12 09:01:11,610  WARNING  Error getting options for MSTR: name 'OptionType' is not defined
2026-06-12 09:01:11,610  WARNING    MSTR: No liquid PUT options available
2026-06-12 09:01:11,611  INFO  No options positions entered.
2026-06-12 09:01:16,676  INFO  ============================================================
2026-06-12 09:01:16,676  INFO  OPTIONS SCAN — checking for BOOF 31 v2 setups...
2026-06-12 09:01:19,259  INFO  BOOF 31 v2 setups for options: ['MSTR(score:9)']
2026-06-12 09:01:19,259  WARNING  Error getting options for MSTR: name 'OptionType' is not defined
2026-06-12 09:01:19,260  WARNING    MSTR: No liquid PUT options available
2026-06-12 09:01:19,260  INFO  No options positions entered.
2026-06-12 09:01:24,484  INFO  ============================================================
2026-06-12 09:01:24,484  INFO  OPTIONS SCAN — checking for BOOF 31 v2 setups...
2026-06-12 09:01:28,130  INFO  No BOOF 31 v2 setups found for options
2026-06-12 09:01:33,217  INFO  ============================================================
2026-06-12 09:01:33,224  INFO  OPTIONS SCAN — checking for BOOF 31 v2 setups...
2026-06-12 09:01:38,334  INFO  No BOOF 31 v2 setups found for options
2026-06-12 09:01:43,435  INFO  ============================================================
2026-06-12 09:01:43,435  INFO  OPTIONS SCAN — checking for BOOF 31 v2 setups...
2026-06-12 09:01:48,764  INFO  No BOOF 31 v2 setups found for options
2026-06-12 09:01:53,828  INFO  ============================================================
2026-06-12 09:01:53,828  INFO  OPTIONS SCAN — checking for BOOF 31 v2 setups...
2026-06-12 09:01:59,269  INFO  No BOOF 31 v2 setups found for options
2026-06-12 09:02:04,341  INFO  ============================================================
2026-06-12 09:02:04,341  INFO  OPTIONS SCAN — checking for BOOF 31 v2 setups...
2026-06-12 09:02:09,585  INFO  No BOOF 31 v2 setups found for options
2026-06-12 09:02:14,669  INFO  ============================================================
2026-06-12 09:02:14,669  INFO  OPTIONS SCAN — checking for BOOF 31 v2 setups...
2026-06-12 09:02:19,153  INFO  No BOOF 31 v2 setups found for options
2026-06-12 09:02:24,312  INFO  ============================================================
2026-06-12 09:02:24,312  INFO  OPTIONS SCAN — checking for BOOF 31 v2 setups...
2026-06-12 09:02:28,559  INFO  No BOOF 31 v2 setups found for options
2026-06-12 09:02:33,626  INFO  ============================================================
2026-06-12 09:02:33,626  INFO  OPTIONS SCAN — checking for BOOF 31 v2 setups...
2026-06-12 09:02:38,111  INFO  No BOOF 31 v2 setups found for options
2026-06-12 09:02:43,182  INFO  ============================================================
2026-06-12 09:02:43,183  INFO  OPTIONS SCAN — checking for BOOF 31 v2 setups...
2026-06-12 09:02:47,293  INFO  No BOOF 31 v2 setups found for options
2026-06-12 09:02:52,359  INFO  ============================================================
2026-06-12 09:02:52,360  INFO  OPTIONS SCAN — checking for BOOF 31 v2 setups...
2026-06-12 09:02:56,362  INFO  No BOOF 31 v2 setups found for options
2026-06-12 09:03:01,428  INFO  ============================================================
2026-06-12 09:03:01,428  INFO  OPTIONS SCAN — checking for BOOF 31 v2 setups...
2026-06-12 09:03:05,037  INFO  No BOOF 31 v2 setups found for options
2026-06-12 09:03:10,178  INFO  ============================================================
2026-06-12 09:03:10,178  INFO  OPTIONS SCAN — checking for BOOF 31 v2 setups...
2026-06-12 09:03:13,523  INFO  No BOOF 31 v2 setups found for options
2026-06-12 09:03:18,583  INFO  ============================================================
2026-06-12 09:03:18,583  INFO  OPTIONS SCAN — checking for BOOF 31 v2 setups...
2026-06-12 09:03:21,565  INFO  No BOOF 31 v2 setups found for options
2026-06-12 09:03:26,624  INFO  ============================================================
2026-06-12 09:03:26,624  INFO  OPTIONS SCAN — checking for BOOF 31 v2 setups...
2026-06-12 09:03:29,864  INFO  No BOOF 31 v2 setups found for options
2026-06-12 09:03:34,928  INFO  ============================================================
2026-06-12 09:03:34,928  INFO  OPTIONS SCAN — checking for BOOF 31 v2 setups...
2026-06-12 09:03:38,462  INFO  No BOOF 31 v2 setups found for options
2026-06-12 09:03:43,537  INFO  ============================================================
2026-06-12 09:03:43,537  INFO  OPTIONS SCAN — checking for BOOF 31 v2 setups...
2026-06-12 09:03:46,957  INFO  No BOOF 31 v2 setups found for options
2026-06-12 09:03:52,023  INFO  ============================================================
2026-06-12 09:03:52,023  INFO  OPTIONS SCAN — checking for BOOF 31 v2 setups...
2026-06-12 09:03:55,045  INFO  No BOOF 31 v2 setups found for options
2026-06-12 09:04:00,114  INFO  ============================================================
2026-06-12 09:04:00,115  INFO  OPTIONS SCAN — checking for BOOF 31 v2 setups...
2026-06-12 09:04:03,139  INFO  No BOOF 31 v2 setups found for options
2026-06-12 09:04:08,193  INFO  ============================================================
2026-06-12 09:04:08,193  INFO  OPTIONS SCAN — checking for BOOF 31 v2 setups...
2026-06-12 09:04:11,328  INFO  No BOOF 31 v2 setups found for options
2026-06-12 09:04:16,403  INFO  ============================================================
2026-06-12 09:04:16,403  INFO  OPTIONS SCAN — checking for BOOF 31 v2 setups...
2026-06-12 09:04:19,230  INFO  No BOOF 31 v2 setups found for options
2026-06-12 09:04:24,290  INFO  ============================================================
2026-06-12 09:04:24,291  INFO  OPTIONS SCAN — checking for BOOF 31 v2 setups...
2026-06-12 09:04:26,959  INFO  No BOOF 31 v2 setups found for options
2026-06-12 09:04:32,142  INFO  ============================================================
2026-06-12 09:04:32,142  INFO  OPTIONS SCAN — checking for BOOF 31 v2 setups...
2026-06-12 09:04:34,585  INFO  No BOOF 31 v2 setups found for options
2026-06-12 09:04:39,656  INFO  ============================================================
2026-06-12 09:04:39,658  INFO  OPTIONS SCAN — checking for BOOF 31 v2 setups...
2026-06-12 09:04:42,197  INFO  No BOOF 31 v2 setups found for options
2026-06-12 09:04:47,259  INFO  ============================================================
2026-06-12 09:04:47,259  INFO  OPTIONS SCAN — checking for BOOF 31 v2 setups...
2026-06-12 09:04:49,793  INFO  No BOOF 31 v2 setups found for options
2026-06-12 09:04:54,856  INFO  ============================================================
2026-06-12 09:04:54,856  INFO  OPTIONS SCAN — checking for BOOF 31 v2 setups...
2026-06-12 09:04:57,357  INFO  No BOOF 31 v2 setups found for options
2026-06-12 09:05:02,426  INFO  ============================================================
2026-06-12 09:05:02,426  INFO  OPTIONS SCAN — checking for BOOF 31 v2 setups...
2026-06-12 09:05:05,332  INFO  No BOOF 31 v2 setups found for options
2026-06-12 09:05:10,405  INFO  ============================================================
2026-06-12 09:05:10,405  INFO  OPTIONS SCAN — checking for BOOF 31 v2 setups...
2026-06-12 09:05:12,725  INFO  No BOOF 31 v2 setups found for options
2026-06-12 09:05:17,794  INFO  ============================================================
2026-06-12 09:05:17,794  INFO  OPTIONS SCAN — checking for BOOF 31 v2 setups...
2026-06-12 09:05:20,037  INFO  No BOOF 31 v2 setups found for options
2026-06-12 09:05:25,096  INFO  ============================================================
2026-06-12 09:05:25,097  INFO  OPTIONS SCAN — checking for BOOF 31 v2 setups...
2026-06-12 09:05:27,696  INFO  No BOOF 31 v2 setups found for options
2026-06-12 09:05:33,188  INFO  ============================================================
2026-06-12 09:05:33,188  INFO  OPTIONS SCAN — checking for BOOF 31 v2 setups...
2026-06-12 09:05:36,060  INFO  No BOOF 31 v2 setups found for options
2026-06-12 09:05:41,123  INFO  ============================================================
2026-06-12 09:05:41,124  INFO  OPTIONS SCAN — checking for BOOF 31 v2 setups...
2026-06-12 09:05:43,634  INFO  No BOOF 31 v2 setups found for options
2026-06-12 09:05:48,702  INFO  ============================================================
2026-06-12 09:05:48,702  INFO  OPTIONS SCAN — checking for BOOF 31 v2 setups...
2026-06-12 09:05:51,397  INFO  No BOOF 31 v2 setups found for options
2026-06-12 09:05:56,473  INFO  ============================================================
2026-06-12 09:05:56,475  INFO  OPTIONS SCAN — checking for BOOF 31 v2 setups...
2026-06-12 09:05:59,169  INFO  No BOOF 31 v2 setups found for options
2026-06-12 09:06:04,237  INFO  ============================================================
2026-06-12 09:06:04,238  INFO  OPTIONS SCAN — checking for BOOF 31 v2 setups...
2026-06-12 09:06:06,742  INFO  No BOOF 31 v2 setups found for options
2026-06-12 09:06:11,807  INFO  ============================================================
2026-06-12 09:06:11,807  INFO  OPTIONS SCAN — checking for BOOF 31 v2 setups...
2026-06-12 09:06:13,993  INFO  No BOOF 31 v2 setups found for options
2026-06-12 09:06:19,103  INFO  ============================================================
2026-06-12 09:06:19,104  INFO  OPTIONS SCAN — checking for BOOF 31 v2 setups...
2026-06-12 09:06:21,355  INFO  No BOOF 31 v2 setups found for options
2026-06-12 09:06:26,444  INFO  ============================================================
2026-06-12 09:06:26,444  INFO  OPTIONS SCAN — checking for BOOF 31 v2 setups...
2026-06-12 09:06:29,529  INFO  No BOOF 31 v2 setups found for options
2026-06-12 09:06:34,615  INFO  ============================================================
2026-06-12 09:06:34,616  INFO  OPTIONS SCAN — checking for BOOF 31 v2 setups...
2026-06-12 09:06:37,458  INFO  No BOOF 31 v2 setups found for options
2026-06-12 09:06:42,526  INFO  ============================================================
2026-06-12 09:06:42,527  INFO  OPTIONS SCAN — checking for BOOF 31 v2 setups...
2026-06-12 09:06:45,357  INFO  No BOOF 31 v2 setups found for options
2026-06-12 09:06:50,464  INFO  ============================================================
2026-06-12 09:06:50,464  INFO  OPTIONS SCAN — checking for BOOF 31 v2 setups...
2026-06-12 09:06:53,286  INFO  No BOOF 31 v2 setups found for options
2026-06-12 09:06:58,357  INFO  ============================================================
2026-06-12 09:06:58,357  INFO  OPTIONS SCAN — checking for BOOF 31 v2 setups...
2026-06-12 09:07:01,217  INFO  No BOOF 31 v2 setups found for options
2026-06-12 09:07:06,283  INFO  ============================================================
2026-06-12 09:07:06,283  INFO  OPTIONS SCAN — checking for BOOF 31 v2 setups...
2026-06-12 09:07:09,123  INFO  No BOOF 31 v2 setups found for options
2026-06-12 09:07:14,200  INFO  ============================================================
2026-06-12 09:07:14,200  INFO  OPTIONS SCAN — checking for BOOF 31 v2 setups...
2026-06-12 09:07:16,925  INFO  No BOOF 31 v2 setups found for options
2026-06-12 09:07:22,161  INFO  ============================================================
2026-06-12 09:07:22,161  INFO  OPTIONS SCAN — checking for BOOF 31 v2 setups...
2026-06-12 09:07:25,119  INFO  No BOOF 31 v2 setups found for options
2026-06-12 09:07:30,182  INFO  ============================================================
2026-06-12 09:07:30,182  INFO  OPTIONS SCAN — checking for BOOF 31 v2 setups...
2026-06-12 09:07:33,125  INFO  No BOOF 31 v2 setups found for options
2026-06-12 09:07:38,184  INFO  ============================================================
2026-06-12 09:07:38,185  INFO  OPTIONS SCAN — checking for BOOF 31 v2 setups...
2026-06-12 09:07:40,971  INFO  No BOOF 31 v2 setups found for options
2026-06-12 09:07:46,033  INFO  ============================================================
2026-06-12 09:07:46,033  INFO  OPTIONS SCAN — checking for BOOF 31 v2 setups...
2026-06-12 09:07:48,874  INFO  No BOOF 31 v2 setups found for options
2026-06-12 09:07:53,947  INFO  ============================================================
2026-06-12 09:07:53,947  INFO  OPTIONS SCAN — checking for BOOF 31 v2 setups...
2026-06-12 09:07:56,748  INFO  No BOOF 31 v2 setups found for options
2026-06-12 09:08:01,814  INFO  ============================================================
2026-06-12 09:08:01,814  INFO  OPTIONS SCAN — checking for BOOF 31 v2 setups...
2026-06-12 09:08:04,360  INFO  No BOOF 31 v2 setups found for options
2026-06-12 09:08:09,414  INFO  ============================================================
2026-06-12 09:08:09,414  INFO  OPTIONS SCAN — checking for BOOF 31 v2 setups...
2026-06-12 09:08:12,377  INFO  No BOOF 31 v2 setups found for options
2026-06-12 09:08:17,441  INFO  ============================================================
2026-06-12 09:08:17,441  INFO  OPTIONS SCAN — checking for BOOF 31 v2 setups...
2026-06-12 09:08:19,996  INFO  No BOOF 31 v2 setups found for options
2026-06-12 09:08:25,072  INFO  ============================================================
2026-06-12 09:08:25,072  INFO  OPTIONS SCAN — checking for BOOF 31 v2 setups...
2026-06-12 09:08:28,040  INFO  No BOOF 31 v2 setups found for options
2026-06-12 09:08:33,102  INFO  ============================================================
2026-06-12 09:08:33,102  INFO  OPTIONS SCAN — checking for BOOF 31 v2 setups...
2026-06-12 09:08:35,974  INFO  No BOOF 31 v2 setups found for options
2026-06-12 09:08:41,033  INFO  ============================================================
2026-06-12 09:08:41,033  INFO  OPTIONS SCAN — checking for BOOF 31 v2 setups...
2026-06-12 09:08:43,911  INFO  No BOOF 31 v2 setups found for options
2026-06-12 09:08:48,975  INFO  ============================================================
2026-06-12 09:08:48,975  INFO  OPTIONS SCAN — checking for BOOF 31 v2 setups...
2026-06-12 09:08:51,723  INFO  No BOOF 31 v2 setups found for options
2026-06-12 09:08:56,789  INFO  ============================================================
2026-06-12 09:08:56,789  INFO  OPTIONS SCAN — checking for BOOF 31 v2 setups...
2026-06-12 09:08:59,484  INFO  No BOOF 31 v2 setups found for options
2026-06-12 09:09:04,542  INFO  ============================================================
2026-06-12 09:09:04,542  INFO  OPTIONS SCAN — checking for BOOF 31 v2 setups...
2026-06-12 09:09:07,357  INFO  No BOOF 31 v2 setups found for options
2026-06-12 09:09:12,436  INFO  ============================================================
2026-06-12 09:09:12,436  INFO  OPTIONS SCAN — checking for BOOF 31 v2 setups...
2026-06-12 09:09:15,356  INFO  No BOOF 31 v2 setups found for options
2026-06-12 09:09:20,427  INFO  ============================================================
2026-06-12 09:09:20,428  INFO  OPTIONS SCAN — checking for BOOF 31 v2 setups...
2026-06-12 09:09:23,091  INFO  No BOOF 31 v2 setups found for options
2026-06-12 09:09:28,163  INFO  ============================================================
2026-06-12 09:09:28,164  INFO  OPTIONS SCAN — checking for BOOF 31 v2 setups...
2026-06-12 09:09:31,219  INFO  BOOF 31 v2 setups for options: ['COIN(score:6)']
2026-06-12 09:09:31,220  WARNING  Error getting options for COIN: name 'OptionType' is not defined
2026-06-12 09:09:31,220  WARNING    COIN: No liquid PUT options available
2026-06-12 09:09:31,221  INFO  No options positions entered.
2026-06-12 09:09:36,286  INFO  ============================================================
2026-06-12 09:09:36,286  INFO  OPTIONS SCAN — checking for BOOF 31 v2 setups...
2026-06-12 09:09:39,253  INFO  BOOF 31 v2 setups for options: ['COIN(score:6)']
2026-06-12 09:09:39,253  WARNING  Error getting options for COIN: name 'OptionType' is not defined
2026-06-12 09:09:39,253  WARNING    COIN: No liquid PUT options available
2026-06-12 09:09:39,254  INFO  No options positions entered.
2026-06-12 09:09:44,322  INFO  ============================================================
2026-06-12 09:09:44,327  INFO  OPTIONS SCAN — checking for BOOF 31 v2 setups...
2026-06-12 09:09:47,410  INFO  BOOF 31 v2 setups for options: ['COIN(score:6)']
2026-06-12 09:09:47,411  WARNING  Error getting options for COIN: name 'OptionType' is not defined
2026-06-12 09:09:47,411  WARNING    COIN: No liquid PUT options available
2026-06-12 09:09:47,412  INFO  No options positions entered.
2026-06-12 09:09:52,478  INFO  ============================================================
2026-06-12 09:09:52,479  INFO  OPTIONS SCAN — checking for BOOF 31 v2 setups...
2026-06-12 09:09:55,225  INFO  BOOF 31 v2 setups for options: ['COIN(score:6)']
2026-06-12 09:09:55,226  WARNING  Error getting options for COIN: name 'OptionType' is not defined
2026-06-12 09:09:55,226  WARNING    COIN: No liquid PUT options available
2026-06-12 09:09:55,227  INFO  No options positions entered.
2026-06-12 09:10:00,284  INFO  ============================================================
2026-06-12 09:10:00,284  INFO  OPTIONS SCAN — checking for BOOF 31 v2 setups...
2026-06-12 09:10:02,867  INFO  BOOF 31 v2 setups for options: ['COIN(score:6)']
2026-06-12 09:10:02,867  WARNING  Error getting options for COIN: name 'OptionType' is not defined
2026-06-12 09:10:02,867  WARNING    COIN: No liquid PUT options available
2026-06-12 09:10:02,868  INFO  No options positions entered.
2026-06-12 09:10:07,933  INFO  ============================================================
2026-06-12 09:10:07,934  INFO  OPTIONS SCAN — checking for BOOF 31 v2 setups...
2026-06-12 09:10:10,579  INFO  BOOF 31 v2 setups for options: ['COIN(score:6)']
2026-06-12 09:10:10,579  WARNING  Error getting options for COIN: name 'OptionType' is not defined
2026-06-12 09:10:10,579  WARNING    COIN: No liquid PUT options available
2026-06-12 09:10:10,580  INFO  No options positions entered.
2026-06-12 09:10:15,646  INFO  ============================================================
2026-06-12 09:10:15,647  INFO  OPTIONS SCAN — checking for BOOF 31 v2 setups...
2026-06-12 09:10:18,130  INFO  BOOF 31 v2 setups for options: ['COIN(score:6)']
2026-06-12 09:10:18,130  WARNING  Error getting options for COIN: name 'OptionType' is not defined
2026-06-12 09:10:18,130  WARNING    COIN: No liquid PUT options available
2026-06-12 09:10:18,131  INFO  No options positions entered.
2026-06-12 09:10:23,187  INFO  ============================================================
2026-06-12 09:10:23,187  INFO  OPTIONS SCAN — checking for BOOF 31 v2 setups...
2026-06-12 09:10:25,543  INFO  No BOOF 31 v2 setups found for options
2026-06-12 09:10:30,609  INFO  ============================================================
2026-06-12 09:10:30,609  INFO  OPTIONS SCAN — checking for BOOF 31 v2 setups...
2026-06-12 09:10:33,052  INFO  No BOOF 31 v2 setups found for options
2026-06-12 09:10:38,119  INFO  ============================================================
2026-06-12 09:10:38,119  INFO  OPTIONS SCAN — checking for BOOF 31 v2 setups...
2026-06-12 09:10:40,678  INFO  No BOOF 31 v2 setups found for options
2026-06-12 09:10:45,750  INFO  ============================================================
2026-06-12 09:10:45,751  INFO  OPTIONS SCAN — checking for BOOF 31 v2 setups...
2026-06-12 09:10:47,870  INFO  No BOOF 31 v2 setups found for options
2026-06-12 09:10:52,938  INFO  ============================================================
2026-06-12 09:10:52,938  INFO  OPTIONS SCAN — checking for BOOF 31 v2 setups...
2026-06-12 09:10:55,243  INFO  No BOOF 31 v2 setups found for options
2026-06-12 09:11:00,325  INFO  ============================================================
2026-06-12 09:11:00,325  INFO  OPTIONS SCAN — checking for BOOF 31 v2 setups...
2026-06-12 09:11:02,920  INFO  No BOOF 31 v2 setups found for options
2026-06-12 09:11:07,986  INFO  ============================================================
2026-06-12 09:11:07,986  INFO  OPTIONS SCAN — checking for BOOF 31 v2 setups...
2026-06-12 09:11:10,258  INFO  No BOOF 31 v2 setups found for options
2026-06-12 09:11:15,322  INFO  ============================================================
2026-06-12 09:11:15,322  INFO  OPTIONS SCAN — checking for BOOF 31 v2 setups...
2026-06-12 09:11:17,555  INFO  No BOOF 31 v2 setups found for options
2026-06-12 09:11:22,620  INFO  ============================================================
2026-06-12 09:11:22,620  INFO  OPTIONS SCAN — checking for BOOF 31 v2 setups...
2026-06-12 09:11:25,262  INFO  No BOOF 31 v2 setups found for options
2026-06-12 09:11:30,328  INFO  ============================================================
2026-06-12 09:11:30,329  INFO  OPTIONS SCAN — checking for BOOF 31 v2 setups...
2026-06-12 09:11:33,435  INFO  No BOOF 31 v2 setups found for options
2026-06-12 09:11:38,505  INFO  ============================================================
2026-06-12 09:11:38,506  INFO  OPTIONS SCAN — checking for BOOF 31 v2 setups...
2026-06-12 09:11:41,783  INFO  No BOOF 31 v2 setups found for options
2026-06-12 09:11:46,851  INFO  ============================================================
2026-06-12 09:11:46,851  INFO  OPTIONS SCAN — checking for BOOF 31 v2 setups...
2026-06-12 09:11:50,013  INFO  No BOOF 31 v2 setups found for options
2026-06-12 09:11:55,124  INFO  ============================================================
2026-06-12 09:11:55,124  INFO  OPTIONS SCAN — checking for BOOF 31 v2 setups...
2026-06-12 09:11:58,543  INFO  No BOOF 31 v2 setups found for options
2026-06-12 09:12:03,612  INFO  ============================================================
2026-06-12 09:12:03,612  INFO  OPTIONS SCAN — checking for BOOF 31 v2 setups...
2026-06-12 09:12:07,162  INFO  No BOOF 31 v2 setups found for options
2026-06-12 09:12:12,238  INFO  ============================================================
2026-06-12 09:12:12,238  INFO  OPTIONS SCAN — checking for BOOF 31 v2 setups...
2026-06-12 09:12:15,431  INFO  No BOOF 31 v2 setups found for options
2026-06-12 09:12:20,519  INFO  ============================================================
2026-06-12 09:12:20,519  INFO  OPTIONS SCAN — checking for BOOF 31 v2 setups...
2026-06-12 09:12:23,383  INFO  No BOOF 31 v2 setups found for options
2026-06-12 09:12:28,447  INFO  ============================================================
2026-06-12 09:12:28,447  INFO  OPTIONS SCAN — checking for BOOF 31 v2 setups...
2026-06-12 09:12:31,291  INFO  No BOOF 31 v2 setups found for options
2026-06-12 09:12:36,350  INFO  ============================================================
2026-06-12 09:12:36,350  INFO  OPTIONS SCAN — checking for BOOF 31 v2 setups...
2026-06-12 09:12:39,127  INFO  No BOOF 31 v2 setups found for options
2026-06-12 09:12:44,188  INFO  ============================================================
2026-06-12 09:12:44,188  INFO  OPTIONS SCAN — checking for BOOF 31 v2 setups...
2026-06-12 09:12:46,696  INFO  No BOOF 31 v2 setups found for options
2026-06-12 09:12:51,760  INFO  ============================================================
2026-06-12 09:12:51,761  INFO  OPTIONS SCAN — checking for BOOF 31 v2 setups...
2026-06-12 09:12:54,165  INFO  No BOOF 31 v2 setups found for options
2026-06-12 09:12:59,235  INFO  ============================================================
2026-06-12 09:12:59,235  INFO  OPTIONS SCAN — checking for BOOF 31 v2 setups...
2026-06-12 09:13:01,735  INFO  No BOOF 31 v2 setups found for options
2026-06-12 09:13:06,797  INFO  ============================================================
2026-06-12 09:13:06,797  INFO  OPTIONS SCAN — checking for BOOF 31 v2 setups...
2026-06-12 09:13:09,121  INFO  No BOOF 31 v2 setups found for options
2026-06-12 09:13:14,178  INFO  ============================================================
2026-06-12 09:13:14,178  INFO  OPTIONS SCAN — checking for BOOF 31 v2 setups...
2026-06-12 09:13:16,625  INFO  No BOOF 31 v2 setups found for options
2026-06-12 09:13:21,719  INFO  ============================================================
2026-06-12 09:13:21,719  INFO  OPTIONS SCAN — checking for BOOF 31 v2 setups...
2026-06-12 09:13:23,916  INFO  No BOOF 31 v2 setups found for options
2026-06-12 09:13:28,977  INFO  ============================================================
2026-06-12 09:13:28,977  INFO  OPTIONS SCAN — checking for BOOF 31 v2 setups...
2026-06-12 09:13:31,338  INFO  No BOOF 31 v2 setups found for options
2026-06-12 09:13:36,421  INFO  ============================================================
2026-06-12 09:13:36,421  INFO  OPTIONS SCAN — checking for BOOF 31 v2 setups...
2026-06-12 09:13:38,724  INFO  No BOOF 31 v2 setups found for options
2026-06-12 09:13:43,783  INFO  ============================================================
2026-06-12 09:13:43,783  INFO  OPTIONS SCAN — checking for BOOF 31 v2 setups...
2026-06-12 09:13:45,917  INFO  No BOOF 31 v2 setups found for options
2026-06-12 09:13:51,032  INFO  ============================================================
2026-06-12 09:13:51,033  INFO  OPTIONS SCAN — checking for BOOF 31 v2 setups...
2026-06-12 09:13:53,126  INFO  No BOOF 31 v2 setups found for options
2026-06-12 09:13:58,194  INFO  ============================================================
2026-06-12 09:13:58,195  INFO  OPTIONS SCAN — checking for BOOF 31 v2 setups...
2026-06-12 09:14:00,250  INFO  No BOOF 31 v2 setups found for options
2026-06-12 09:14:05,335  INFO  ============================================================
2026-06-12 09:14:05,335  INFO  OPTIONS SCAN — checking for BOOF 31 v2 setups...
2026-06-12 09:14:07,427  INFO  No BOOF 31 v2 setups found for options
2026-06-12 09:14:12,498  INFO  ============================================================
2026-06-12 09:14:12,499  INFO  OPTIONS SCAN — checking for BOOF 31 v2 setups...
2026-06-12 09:14:14,681  INFO  No BOOF 31 v2 setups found for options
2026-06-12 09:14:19,745  INFO  ============================================================
2026-06-12 09:14:19,745  INFO  OPTIONS SCAN — checking for BOOF 31 v2 setups...
2026-06-12 09:14:21,764  INFO  No BOOF 31 v2 setups found for options
2026-06-12 09:14:26,838  INFO  ============================================================
2026-06-12 09:14:26,838  INFO  OPTIONS SCAN — checking for BOOF 31 v2 setups...
2026-06-12 09:14:29,057  INFO  No BOOF 31 v2 setups found for options
2026-06-12 09:14:34,131  INFO  ============================================================
2026-06-12 09:14:34,131  INFO  OPTIONS SCAN — checking for BOOF 31 v2 setups...
2026-06-12 09:14:36,569  INFO  No BOOF 31 v2 setups found for options
2026-06-12 09:14:41,630  INFO  ============================================================
2026-06-12 09:14:41,630  INFO  OPTIONS SCAN — checking for BOOF 31 v2 setups...
2026-06-12 09:14:43,928  INFO  No BOOF 31 v2 setups found for options
2026-06-12 09:14:48,987  INFO  ============================================================
2026-06-12 09:14:48,987  INFO  OPTIONS SCAN — checking for BOOF 31 v2 setups...
2026-06-12 09:14:51,185  INFO  No BOOF 31 v2 setups found for options
2026-06-12 09:14:56,240  INFO  ============================================================
2026-06-12 09:14:56,240  INFO  OPTIONS SCAN — checking for BOOF 31 v2 setups...
2026-06-12 09:14:58,591  INFO  No BOOF 31 v2 setups found for options
2026-06-12 09:15:03,659  INFO  ============================================================
2026-06-12 09:15:03,659  INFO  OPTIONS SCAN — checking for BOOF 31 v2 setups...
2026-06-12 09:15:05,941  INFO  No BOOF 31 v2 setups found for options
2026-06-12 09:15:11,006  INFO  ============================================================
2026-06-12 09:15:11,006  INFO  OPTIONS SCAN — checking for BOOF 31 v2 setups...
2026-06-12 09:15:13,680  INFO  No BOOF 31 v2 setups found for options
2026-06-12 09:15:18,743  INFO  ============================================================
2026-06-12 09:15:18,743  INFO  OPTIONS SCAN — checking for BOOF 31 v2 setups...
2026-06-12 09:15:21,126  INFO  No BOOF 31 v2 setups found for options
2026-06-12 09:15:26,202  INFO  ============================================================
2026-06-12 09:15:26,202  INFO  OPTIONS SCAN — checking for BOOF 31 v2 setups...
2026-06-12 09:15:28,873  INFO  BOOF 31 v2 setups for options: ['MSTR(score:6)']
2026-06-12 09:15:28,874  WARNING  Error getting options for MSTR: name 'OptionType' is not defined
2026-06-12 09:15:28,874  WARNING    MSTR: No liquid PUT options available
2026-06-12 09:15:28,874  INFO  No options positions entered.
2026-06-12 09:15:33,941  INFO  ============================================================
2026-06-12 09:15:33,941  INFO  OPTIONS SCAN — checking for BOOF 31 v2 setups...
2026-06-12 09:15:36,504  INFO  BOOF 31 v2 setups for options: ['MSTR(score:6)']
2026-06-12 09:15:36,504  WARNING  Error getting options for MSTR: name 'OptionType' is not defined
2026-06-12 09:15:36,505  WARNING    MSTR: No liquid PUT options available
2026-06-12 09:15:36,505  INFO  No options positions entered.
2026-06-12 09:15:41,609  INFO  ============================================================
2026-06-12 09:15:41,609  INFO  OPTIONS SCAN — checking for BOOF 31 v2 setups...
2026-06-12 09:15:44,151  INFO  BOOF 31 v2 setups for options: ['MSTR(score:6)']
2026-06-12 09:15:44,152  WARNING  Error getting options for MSTR: name 'OptionType' is not defined
2026-06-12 09:15:44,152  WARNING    MSTR: No liquid PUT options available
2026-06-12 09:15:44,153  INFO  No options positions entered.
2026-06-12 09:15:49,214  INFO  ============================================================
2026-06-12 09:15:49,214  INFO  OPTIONS SCAN — checking for BOOF 31 v2 setups...
2026-06-12 09:15:51,648  INFO  BOOF 31 v2 setups for options: ['MSTR(score:6)']
2026-06-12 09:15:51,648  WARNING  Error getting options for MSTR: name 'OptionType' is not defined
2026-06-12 09:15:51,648  WARNING    MSTR: No liquid PUT options available
2026-06-12 09:15:51,652  INFO  No options positions entered.
2026-06-12 09:15:56,718  INFO  ============================================================
2026-06-12 09:15:56,719  INFO  OPTIONS SCAN — checking for BOOF 31 v2 setups...
2026-06-12 09:15:58,982  INFO  BOOF 31 v2 setups for options: ['MSTR(score:6)']
2026-06-12 09:15:58,982  WARNING  Error getting options for MSTR: name 'OptionType' is not defined
2026-06-12 09:15:58,982  WARNING    MSTR: No liquid PUT options available
2026-06-12 09:15:58,983  INFO  No options positions entered.
2026-06-12 09:16:04,060  INFO  ============================================================
2026-06-12 09:16:04,060  INFO  OPTIONS SCAN — checking for BOOF 31 v2 setups...
2026-06-12 09:16:06,327  INFO  BOOF 31 v2 setups for options: ['MSTR(score:6)']
2026-06-12 09:16:06,327  WARNING  Error getting options for MSTR: name 'OptionType' is not defined
2026-06-12 09:16:06,327  WARNING    MSTR: No liquid PUT options available
2026-06-12 09:16:06,328  INFO  No options positions entered.
2026-06-12 09:16:11,657  INFO  ============================================================
2026-06-12 09:16:11,657  INFO  OPTIONS SCAN — checking for BOOF 31 v2 setups...
2026-06-12 09:16:13,983  INFO  BOOF 31 v2 setups for options: ['MSTR(score:6)']
2026-06-12 09:16:13,983  WARNING  Error getting options for MSTR: name 'OptionType' is not defined
2026-06-12 09:16:13,983  WARNING    MSTR: No liquid PUT options available
2026-06-12 09:16:13,984  INFO  No options positions entered.
2026-06-12 09:16:19,048  INFO  ============================================================
2026-06-12 09:16:19,048  INFO  OPTIONS SCAN — checking for BOOF 31 v2 setups...
2026-06-12 09:16:21,216  INFO  BOOF 31 v2 setups for options: ['MSTR(score:6)']
2026-06-12 09:16:21,216  WARNING  Error getting options for MSTR: name 'OptionType' is not defined
2026-06-12 09:16:21,216  WARNING    MSTR: No liquid PUT options available
2026-06-12 09:16:21,217  INFO  No options positions entered.
2026-06-12 09:16:26,271  INFO  ============================================================
2026-06-12 09:16:26,271  INFO  OPTIONS SCAN — checking for BOOF 31 v2 setups...
2026-06-12 09:16:29,926  INFO  No BOOF 31 v2 setups found for options
2026-06-12 09:16:34,996  INFO  ============================================================
2026-06-12 09:16:34,996  INFO  OPTIONS SCAN — checking for BOOF 31 v2 setups...
2026-06-12 09:16:38,781  INFO  No BOOF 31 v2 setups found for options
2026-06-12 09:16:43,964  INFO  ============================================================
2026-06-12 09:16:43,964  INFO  OPTIONS SCAN — checking for BOOF 31 v2 setups...
2026-06-12 09:16:47,069  INFO  No BOOF 31 v2 setups found for options
2026-06-12 09:16:52,134  INFO  ============================================================
2026-06-12 09:16:52,135  INFO  OPTIONS SCAN — checking for BOOF 31 v2 setups...
2026-06-12 09:16:55,980  INFO  No BOOF 31 v2 setups found for options
2026-06-12 09:17:01,042  INFO  ============================================================
2026-06-12 09:17:01,042  INFO  OPTIONS SCAN — checking for BOOF 31 v2 setups...
2026-06-12 09:17:04,245  INFO  No BOOF 31 v2 setups found for options
2026-06-12 09:17:09,318  INFO  ============================================================
2026-06-12 09:17:09,318  INFO  OPTIONS SCAN — checking for BOOF 31 v2 setups...
2026-06-12 09:17:12,535  INFO  No BOOF 31 v2 setups found for options
2026-06-12 09:17:17,595  INFO  ============================================================
2026-06-12 09:17:17,595  INFO  OPTIONS SCAN — checking for BOOF 31 v2 setups...
2026-06-12 09:17:20,778  INFO  No BOOF 31 v2 setups found for options
2026-06-12 09:17:25,849  INFO  ============================================================
2026-06-12 09:17:25,850  INFO  OPTIONS SCAN — checking for BOOF 31 v2 setups...
2026-06-12 09:17:29,821  INFO  No BOOF 31 v2 setups found for options
2026-06-12 09:17:34,889  INFO  ============================================================
2026-06-12 09:17:34,890  INFO  OPTIONS SCAN — checking for BOOF 31 v2 setups...
2026-06-12 09:17:38,777  INFO  No BOOF 31 v2 setups found for options
2026-06-12 09:17:43,848  INFO  ============================================================
2026-06-12 09:17:43,848  INFO  OPTIONS SCAN — checking for BOOF 31 v2 setups...
2026-06-12 09:17:47,336  INFO  No BOOF 31 v2 setups found for options
2026-06-12 09:17:52,400  INFO  ============================================================
2026-06-12 09:17:52,400  INFO  OPTIONS SCAN — checking for BOOF 31 v2 setups...
2026-06-12 09:17:55,639  INFO  No BOOF 31 v2 setups found for options
2026-06-12 09:18:00,707  INFO  ============================================================
2026-06-12 09:18:00,707  INFO  OPTIONS SCAN — checking for BOOF 31 v2 setups...
2026-06-12 09:18:03,481  INFO  No BOOF 31 v2 setups found for options
2026-06-12 09:18:08,565  INFO  ============================================================
2026-06-12 09:18:08,565  INFO  OPTIONS SCAN — checking for BOOF 31 v2 setups...
2026-06-12 09:18:11,565  INFO  No BOOF 31 v2 setups found for options
2026-06-12 09:18:16,628  INFO  ============================================================
2026-06-12 09:18:16,629  INFO  OPTIONS SCAN — checking for BOOF 31 v2 setups...
2026-06-12 09:18:19,530  INFO  No BOOF 31 v2 setups found for options
2026-06-12 09:18:24,634  INFO  ============================================================
2026-06-12 09:18:24,634  INFO  OPTIONS SCAN — checking for BOOF 31 v2 setups...
2026-06-12 09:18:27,219  INFO  No BOOF 31 v2 setups found for options
2026-06-12 09:18:32,314  INFO  ============================================================
2026-06-12 09:18:32,314  INFO  OPTIONS SCAN — checking for BOOF 31 v2 setups...
2026-06-12 09:18:35,181  INFO  No BOOF 31 v2 setups found for options
2026-06-12 09:18:40,247  INFO  ============================================================
2026-06-12 09:18:40,247  INFO  OPTIONS SCAN — checking for BOOF 31 v2 setups...
2026-06-12 09:18:42,811  INFO  No BOOF 31 v2 setups found for options
2026-06-12 09:18:47,880  INFO  ============================================================
2026-06-12 09:18:47,881  INFO  OPTIONS SCAN — checking for BOOF 31 v2 setups...
2026-06-12 09:18:50,180  INFO  No BOOF 31 v2 setups found for options
2026-06-12 09:18:55,294  INFO  ============================================================
2026-06-12 09:18:55,294  INFO  OPTIONS SCAN — checking for BOOF 31 v2 setups...
2026-06-12 09:18:57,530  INFO  No BOOF 31 v2 setups found for options
2026-06-12 09:19:02,593  INFO  ============================================================
2026-06-12 09:19:02,593  INFO  OPTIONS SCAN — checking for BOOF 31 v2 setups...
2026-06-12 09:19:05,084  INFO  No BOOF 31 v2 setups found for options
2026-06-12 09:19:10,233  INFO  ============================================================
2026-06-12 09:19:10,233  INFO  OPTIONS SCAN — checking for BOOF 31 v2 setups...
2026-06-12 09:19:12,490  INFO  No BOOF 31 v2 setups found for options
2026-06-12 09:19:17,550  INFO  ============================================================
2026-06-12 09:19:17,550  INFO  OPTIONS SCAN — checking for BOOF 31 v2 setups...
2026-06-12 09:19:19,628  INFO  No BOOF 31 v2 setups found for options
2026-06-12 09:19:24,688  INFO  ============================================================
2026-06-12 09:19:24,688  INFO  OPTIONS SCAN — checking for BOOF 31 v2 setups...
2026-06-12 09:19:27,003  INFO  BOOF 31 v2 setups for options: ['AMD(score:6)']
2026-06-12 09:19:27,003  WARNING  Error getting options for AMD: name 'OptionType' is not defined
2026-06-12 09:19:27,003  WARNING    AMD: No liquid PUT options available
2026-06-12 09:19:27,004  INFO  No options positions entered.
2026-06-12 09:19:32,075  INFO  ============================================================
2026-06-12 09:19:32,075  INFO  OPTIONS SCAN — checking for BOOF 31 v2 setups...
2026-06-12 09:19:34,297  INFO  BOOF 31 v2 setups for options: ['AMD(score:6)']
2026-06-12 09:19:34,298  WARNING  Error getting options for AMD: name 'OptionType' is not defined
2026-06-12 09:19:34,298  WARNING    AMD: No liquid PUT options available
2026-06-12 09:19:34,298  INFO  No options positions entered.
2026-06-12 09:19:39,355  INFO  ============================================================
2026-06-12 09:19:39,355  INFO  OPTIONS SCAN — checking for BOOF 31 v2 setups...
2026-06-12 09:19:41,546  INFO  BOOF 31 v2 setups for options: ['AMD(score:6)']
2026-06-12 09:19:41,546  WARNING  Error getting options for AMD: name 'OptionType' is not defined
2026-06-12 09:19:41,546  WARNING    AMD: No liquid PUT options available
2026-06-12 09:19:41,547  INFO  No options positions entered.
2026-06-12 09:19:46,612  INFO  ============================================================
2026-06-12 09:19:46,612  INFO  OPTIONS SCAN — checking for BOOF 31 v2 setups...
2026-06-12 09:19:49,055  INFO  BOOF 31 v2 setups for options: ['AMD(score:6)']
2026-06-12 09:19:49,055  WARNING  Error getting options for AMD: name 'OptionType' is not defined
2026-06-12 09:19:49,055  WARNING    AMD: No liquid PUT options available
2026-06-12 09:19:49,056  INFO  No options positions entered.
2026-06-12 09:19:54,117  INFO  ============================================================
2026-06-12 09:19:54,117  INFO  OPTIONS SCAN — checking for BOOF 31 v2 setups...
2026-06-12 09:19:56,238  INFO  BOOF 31 v2 setups for options: ['AMD(score:6)']
2026-06-12 09:19:56,238  WARNING  Error getting options for AMD: name 'OptionType' is not defined
2026-06-12 09:19:56,239  WARNING    AMD: No liquid PUT options available
2026-06-12 09:19:56,239  INFO  No options positions entered.
2026-06-12 09:20:01,303  INFO  ============================================================
2026-06-12 09:20:01,303  INFO  OPTIONS SCAN — checking for BOOF 31 v2 setups...
2026-06-12 09:20:03,222  INFO  BOOF 31 v2 setups for options: ['AMD(score:6)']
2026-06-12 09:20:03,222  WARNING  Error getting options for AMD: name 'OptionType' is not defined
2026-06-12 09:20:03,222  WARNING    AMD: No liquid PUT options available
2026-06-12 09:20:03,223  INFO  No options positions entered.
2026-06-12 09:20:08,279  INFO  ============================================================
2026-06-12 09:20:08,279  INFO  OPTIONS SCAN — checking for BOOF 31 v2 setups...
2026-06-12 09:20:10,461  INFO  BOOF 31 v2 setups for options: ['AMD(score:6)']
2026-06-12 09:20:10,461  WARNING  Error getting options for AMD: name 'OptionType' is not defined
2026-06-12 09:20:10,461  WARNING    AMD: No liquid PUT options available
2026-06-12 09:20:10,462  INFO  No options positions entered.
2026-06-12 09:20:15,518  INFO  ============================================================
2026-06-12 09:20:15,520  INFO  OPTIONS SCAN — checking for BOOF 31 v2 setups...
2026-06-12 09:20:17,532  INFO  BOOF 31 v2 setups for options: ['AMD(score:6)']
2026-06-12 09:20:17,533  WARNING  Error getting options for AMD: name 'OptionType' is not defined
2026-06-12 09:20:17,533  WARNING    AMD: No liquid PUT options available
2026-06-12 09:20:17,533  INFO  No options positions entered.
2026-06-12 09:20:22,610  INFO  ============================================================
2026-06-12 09:20:22,611  INFO  OPTIONS SCAN — checking for BOOF 31 v2 setups...
2026-06-12 09:20:24,954  INFO  BOOF 31 v2 setups for options: ['AMD(score:6)']
2026-06-12 09:20:24,954  WARNING  Error getting options for AMD: name 'OptionType' is not defined
2026-06-12 09:20:24,954  WARNING    AMD: No liquid PUT options available
2026-06-12 09:20:24,955  INFO  No options positions entered.
2026-06-12 09:20:30,034  INFO  ============================================================
2026-06-12 09:20:30,038  INFO  OPTIONS SCAN — checking for BOOF 31 v2 setups...
2026-06-12 09:20:32,439  INFO  No BOOF 31 v2 setups found for options
2026-06-12 09:20:37,504  INFO  ============================================================
2026-06-12 09:20:37,504  INFO  OPTIONS SCAN — checking for BOOF 31 v2 setups...
2026-06-12 09:20:39,849  INFO  No BOOF 31 v2 setups found for options
2026-06-12 09:20:44,906  INFO  ============================================================
2026-06-12 09:20:44,906  INFO  OPTIONS SCAN — checking for BOOF 31 v2 setups...
2026-06-12 09:20:47,404  INFO  No BOOF 31 v2 setups found for options
2026-06-12 09:20:52,469  INFO  ============================================================
2026-06-12 09:20:52,470  INFO  OPTIONS SCAN — checking for BOOF 31 v2 setups...
2026-06-12 09:20:54,819  INFO  No BOOF 31 v2 setups found for options
2026-06-12 09:20:59,879  INFO  ============================================================
2026-06-12 09:20:59,879  INFO  OPTIONS SCAN — checking for BOOF 31 v2 setups...
2026-06-12 09:21:02,422  INFO  No BOOF 31 v2 setups found for options
2026-06-12 09:21:07,488  INFO  ============================================================
2026-06-12 09:21:07,488  INFO  OPTIONS SCAN — checking for BOOF 31 v2 setups...
2026-06-12 09:21:10,055  INFO  No BOOF 31 v2 setups found for options
2026-06-12 09:21:15,127  INFO  ============================================================
2026-06-12 09:21:15,128  INFO  OPTIONS SCAN — checking for BOOF 31 v2 setups...
2026-06-12 09:21:17,918  INFO  No BOOF 31 v2 setups found for options
2026-06-12 09:21:22,985  INFO  ============================================================
2026-06-12 09:21:22,985  INFO  OPTIONS SCAN — checking for BOOF 31 v2 setups...
2026-06-12 09:21:26,402  INFO  No BOOF 31 v2 setups found for options
2026-06-12 09:21:31,483  INFO  ============================================================
2026-06-12 09:21:31,483  INFO  OPTIONS SCAN — checking for BOOF 31 v2 setups...
2026-06-12 09:21:35,114  INFO  No BOOF 31 v2 setups found for options
2026-06-12 09:21:40,176  INFO  ============================================================
2026-06-12 09:21:40,176  INFO  OPTIONS SCAN — checking for BOOF 31 v2 setups...
2026-06-12 09:21:43,341  INFO  No BOOF 31 v2 setups found for options
2026-06-12 09:21:48,402  INFO  ============================================================
2026-06-12 09:21:48,402  INFO  OPTIONS SCAN — checking for BOOF 31 v2 setups...
2026-06-12 09:21:52,094  INFO  No BOOF 31 v2 setups found for options
2026-06-12 09:21:57,163  INFO  ============================================================
2026-06-12 09:21:57,163  INFO  OPTIONS SCAN — checking for BOOF 31 v2 setups...
2026-06-12 09:22:00,366  INFO  No BOOF 31 v2 setups found for options
2026-06-12 09:22:05,434  INFO  ============================================================
2026-06-12 09:22:05,434  INFO  OPTIONS SCAN — checking for BOOF 31 v2 setups...
2026-06-12 09:22:08,941  INFO  No BOOF 31 v2 setups found for options
2026-06-12 09:22:13,999  INFO  ============================================================
2026-06-12 09:22:13,999  INFO  OPTIONS SCAN — checking for BOOF 31 v2 setups...
2026-06-12 09:22:16,967  INFO  No BOOF 31 v2 setups found for options
2026-06-12 09:22:22,023  INFO  ============================================================
2026-06-12 09:22:22,023  INFO  OPTIONS SCAN — checking for BOOF 31 v2 setups...
2026-06-12 09:22:25,095  INFO  No BOOF 31 v2 setups found for options
2026-06-12 09:22:30,163  INFO  ============================================================
2026-06-12 09:22:30,163  INFO  OPTIONS SCAN — checking for BOOF 31 v2 setups...
2026-06-12 09:22:32,989  INFO  No BOOF 31 v2 setups found for options
2026-06-12 09:22:38,058  INFO  ============================================================
2026-06-12 09:22:38,058  INFO  OPTIONS SCAN — checking for BOOF 31 v2 setups...
2026-06-12 09:22:40,906  INFO  No BOOF 31 v2 setups found for options
2026-06-12 09:22:45,963  INFO  ============================================================
2026-06-12 09:22:45,963  INFO  OPTIONS SCAN — checking for BOOF 31 v2 setups...
2026-06-12 09:22:48,798  INFO  No BOOF 31 v2 setups found for options
2026-06-12 09:22:53,864  INFO  ============================================================
2026-06-12 09:22:53,865  INFO  OPTIONS SCAN — checking for BOOF 31 v2 setups...
2026-06-12 09:22:56,497  INFO  No BOOF 31 v2 setups found for options
2026-06-12 09:23:01,565  INFO  ============================================================
2026-06-12 09:23:01,566  INFO  OPTIONS SCAN — checking for BOOF 31 v2 setups...
2026-06-12 09:23:04,047  INFO  No BOOF 31 v2 setups found for options
2026-06-12 09:23:09,110  INFO  ============================================================
2026-06-12 09:23:09,110  INFO  OPTIONS SCAN — checking for BOOF 31 v2 setups...
2026-06-12 09:23:11,373  INFO  No BOOF 31 v2 setups found for options
2026-06-12 09:23:16,437  INFO  ============================================================
2026-06-12 09:23:16,437  INFO  OPTIONS SCAN — checking for BOOF 31 v2 setups...
2026-06-12 09:23:18,834  INFO  No BOOF 31 v2 setups found for options
2026-06-12 09:23:23,912  INFO  ============================================================
2026-06-12 09:23:23,912  INFO  OPTIONS SCAN — checking for BOOF 31 v2 setups...
2026-06-12 09:23:27,081  INFO  BOOF 31 v2 setups for options: ['GOOGL(score:6)']
2026-06-12 09:23:27,081  WARNING  Error getting options for GOOGL: name 'OptionType' is not defined
2026-06-12 09:23:27,081  WARNING    GOOGL: No liquid PUT options available
2026-06-12 09:23:27,082  INFO  No options positions entered.
2026-06-12 09:23:32,146  INFO  ============================================================
2026-06-12 09:23:32,146  INFO  OPTIONS SCAN — checking for BOOF 31 v2 setups...
2026-06-12 09:23:34,911  INFO  BOOF 31 v2 setups for options: ['GOOGL(score:6)']
2026-06-12 09:23:34,912  WARNING  Error getting options for GOOGL: name 'OptionType' is not defined
2026-06-12 09:23:34,912  WARNING    GOOGL: No liquid PUT options available
2026-06-12 09:23:34,913  INFO  No options positions entered.
2026-06-12 09:23:40,020  INFO  ============================================================
2026-06-12 09:23:40,020  INFO  OPTIONS SCAN — checking for BOOF 31 v2 setups...
2026-06-12 09:23:42,615  INFO  BOOF 31 v2 setups for options: ['GOOGL(score:6)']
2026-06-12 09:23:42,615  WARNING  Error getting options for GOOGL: name 'OptionType' is not defined
2026-06-12 09:23:42,615  WARNING    GOOGL: No liquid PUT options available
2026-06-12 09:23:42,616  INFO  No options positions entered.
2026-06-12 09:23:47,673  INFO  ============================================================
2026-06-12 09:23:47,673  INFO  OPTIONS SCAN — checking for BOOF 31 v2 setups...
2026-06-12 09:23:50,135  INFO  BOOF 31 v2 setups for options: ['GOOGL(score:6)']
2026-06-12 09:23:50,135  WARNING  Error getting options for GOOGL: name 'OptionType' is not defined
2026-06-12 09:23:50,135  WARNING    GOOGL: No liquid PUT options available
2026-06-12 09:23:50,136  INFO  No options positions entered.
2026-06-12 09:23:55,211  INFO  ============================================================
2026-06-12 09:23:55,211  INFO  OPTIONS SCAN — checking for BOOF 31 v2 setups...
2026-06-12 09:23:57,574  INFO  BOOF 31 v2 setups for options: ['GOOGL(score:6)']
2026-06-12 09:23:57,574  WARNING  Error getting options for GOOGL: name 'OptionType' is not defined
2026-06-12 09:23:57,574  WARNING    GOOGL: No liquid PUT options available
2026-06-12 09:23:57,575  INFO  No options positions entered.
2026-06-12 09:24:02,637  INFO  ============================================================
2026-06-12 09:24:02,638  INFO  OPTIONS SCAN — checking for BOOF 31 v2 setups...
2026-06-12 09:24:05,005  INFO  BOOF 31 v2 setups for options: ['GOOGL(score:6)']
2026-06-12 09:24:05,005  WARNING  Error getting options for GOOGL: name 'OptionType' is not defined
2026-06-12 09:24:05,005  WARNING    GOOGL: No liquid PUT options available
2026-06-12 09:24:05,006  INFO  No options positions entered.
2026-06-12 09:24:10,063  INFO  ============================================================
2026-06-12 09:24:10,063  INFO  OPTIONS SCAN — checking for BOOF 31 v2 setups...
2026-06-12 09:24:12,638  INFO  BOOF 31 v2 setups for options: ['GOOGL(score:6)']
2026-06-12 09:24:12,638  WARNING  Error getting options for GOOGL: name 'OptionType' is not defined
2026-06-12 09:24:12,638  WARNING    GOOGL: No liquid PUT options available
2026-06-12 09:24:12,639  INFO  No options positions entered.
2026-06-12 09:24:17,714  INFO  ============================================================
2026-06-12 09:24:17,714  INFO  OPTIONS SCAN — checking for BOOF 31 v2 setups...
2026-06-12 09:24:20,151  INFO  BOOF 31 v2 setups for options: ['GOOGL(score:6)']
2026-06-12 09:24:20,152  WARNING  Error getting options for GOOGL: name 'OptionType' is not defined
2026-06-12 09:24:20,152  WARNING    GOOGL: No liquid PUT options available
2026-06-12 09:24:20,152  INFO  No options positions entered.
2026-06-12 09:24:25,260  INFO  ============================================================
2026-06-12 09:24:25,260  INFO  OPTIONS SCAN — checking for BOOF 31 v2 setups...
2026-06-12 09:24:27,704  INFO  No BOOF 31 v2 setups found for options
2026-06-12 09:24:32,763  INFO  ============================================================
2026-06-12 09:24:32,763  INFO  OPTIONS SCAN — checking for BOOF 31 v2 setups...
2026-06-12 09:24:34,890  INFO  No BOOF 31 v2 setups found for options
2026-06-12 09:24:39,952  INFO  ============================================================
2026-06-12 09:24:39,952  INFO  OPTIONS SCAN — checking for BOOF 31 v2 setups...
2026-06-12 09:24:42,085  INFO  No BOOF 31 v2 setups found for options
2026-06-12 09:24:47,173  INFO  ============================================================
2026-06-12 09:24:47,173  INFO  OPTIONS SCAN — checking for BOOF 31 v2 setups...
2026-06-12 09:24:49,140  INFO  No BOOF 31 v2 setups found for options
2026-06-12 09:24:54,198  INFO  ============================================================
2026-06-12 09:24:54,198  INFO  OPTIONS SCAN — checking for BOOF 31 v2 setups...
2026-06-12 09:24:56,327  INFO  No BOOF 31 v2 setups found for options
2026-06-12 09:25:01,400  INFO  ============================================================
2026-06-12 09:25:01,400  INFO  OPTIONS SCAN — checking for BOOF 31 v2 setups...
2026-06-12 09:25:03,423  INFO  No BOOF 31 v2 setups found for options
2026-06-12 09:25:08,486  INFO  ============================================================
2026-06-12 09:25:08,486  INFO  OPTIONS SCAN — checking for BOOF 31 v2 setups...
2026-06-12 09:25:10,685  INFO  No BOOF 31 v2 setups found for options
2026-06-12 09:25:15,748  INFO  ============================================================
2026-06-12 09:25:15,749  INFO  OPTIONS SCAN — checking for BOOF 31 v2 setups...
2026-06-12 09:25:17,796  INFO  No BOOF 31 v2 setups found for options
2026-06-12 09:25:22,873  INFO  ============================================================
2026-06-12 09:25:22,873  INFO  OPTIONS SCAN — checking for BOOF 31 v2 setups...
2026-06-12 09:25:25,383  INFO  No BOOF 31 v2 setups found for options
2026-06-12 09:25:30,448  INFO  ============================================================
2026-06-12 09:25:30,448  INFO  OPTIONS SCAN — checking for BOOF 31 v2 setups...
2026-06-12 09:25:32,819  INFO  No BOOF 31 v2 setups found for options
2026-06-12 09:25:37,876  INFO  ============================================================
2026-06-12 09:25:37,876  INFO  OPTIONS SCAN — checking for BOOF 31 v2 setups...
2026-06-12 09:25:40,170  INFO  No BOOF 31 v2 setups found for options
2026-06-12 09:25:45,244  INFO  ============================================================
2026-06-12 09:25:45,244  INFO  OPTIONS SCAN — checking for BOOF 31 v2 setups...
2026-06-12 09:25:47,397  INFO  No BOOF 31 v2 setups found for options
2026-06-12 09:25:52,459  INFO  ============================================================
2026-06-12 09:25:52,460  INFO  OPTIONS SCAN — checking for BOOF 31 v2 setups...
2026-06-12 09:25:54,805  INFO  No BOOF 31 v2 setups found for options
2026-06-12 09:25:59,867  INFO  ============================================================
2026-06-12 09:25:59,867  INFO  OPTIONS SCAN — checking for BOOF 31 v2 setups...
2026-06-12 09:26:02,173  INFO  No BOOF 31 v2 setups found for options
2026-06-12 09:26:07,236  INFO  ============================================================
2026-06-12 09:26:07,236  INFO  OPTIONS SCAN — checking for BOOF 31 v2 setups...
2026-06-12 09:26:09,383  INFO  No BOOF 31 v2 setups found for options
2026-06-12 09:26:14,641  INFO  ============================================================
2026-06-12 09:26:14,641  INFO  OPTIONS SCAN — checking for BOOF 31 v2 setups...
2026-06-12 09:26:17,027  INFO  No BOOF 31 v2 setups found for options
2026-06-12 09:26:22,092  INFO  ============================================================
2026-06-12 09:26:22,092  INFO  OPTIONS SCAN — checking for BOOF 31 v2 setups...
2026-06-12 09:26:24,431  INFO  No BOOF 31 v2 setups found for options
2026-06-12 09:26:29,502  INFO  ============================================================
2026-06-12 09:26:29,502  INFO  OPTIONS SCAN — checking for BOOF 31 v2 setups...
2026-06-12 09:26:33,012  INFO  BOOF 31 v2 setups for options: ['HOOD(score:6)']
2026-06-12 09:26:33,013  WARNING  Error getting options for HOOD: name 'OptionType' is not defined
2026-06-12 09:26:33,013  WARNING    HOOD: No liquid PUT options available
2026-06-12 09:26:33,014  INFO  No options positions entered.
2026-06-12 09:26:38,072  INFO  ============================================================
2026-06-12 09:26:38,073  INFO  OPTIONS SCAN — checking for BOOF 31 v2 setups...
2026-06-12 09:26:42,066  INFO  BOOF 31 v2 setups for options: ['HOOD(score:6)']
2026-06-12 09:26:42,066  WARNING  Error getting options for HOOD: name 'OptionType' is not defined
2026-06-12 09:26:42,067  WARNING    HOOD: No liquid PUT options available
2026-06-12 09:26:42,068  INFO  No options positions entered.
2026-06-12 09:26:47,140  INFO  ============================================================
2026-06-12 09:26:47,141  INFO  OPTIONS SCAN — checking for BOOF 31 v2 setups...
2026-06-12 09:26:50,954  INFO  BOOF 31 v2 setups for options: ['HOOD(score:6)']
2026-06-12 09:26:50,955  WARNING  Error getting options for HOOD: name 'OptionType' is not defined
2026-06-12 09:26:50,955  WARNING    HOOD: No liquid PUT options available
2026-06-12 09:26:50,955  INFO  No options positions entered.
2026-06-12 09:26:56,024  INFO  ============================================================
2026-06-12 09:26:56,024  INFO  OPTIONS SCAN — checking for BOOF 31 v2 setups...
2026-06-12 09:26:59,460  INFO  BOOF 31 v2 setups for options: ['HOOD(score:6)']
2026-06-12 09:26:59,460  WARNING  Error getting options for HOOD: name 'OptionType' is not defined
2026-06-12 09:26:59,461  WARNING    HOOD: No liquid PUT options available
2026-06-12 09:26:59,461  INFO  No options positions entered.
2026-06-12 09:27:04,522  INFO  ============================================================
2026-06-12 09:27:04,523  INFO  OPTIONS SCAN — checking for BOOF 31 v2 setups...
2026-06-12 09:27:07,653  INFO  BOOF 31 v2 setups for options: ['HOOD(score:6)']
2026-06-12 09:27:07,654  WARNING  Error getting options for HOOD: name 'OptionType' is not defined
2026-06-12 09:27:07,654  WARNING    HOOD: No liquid PUT options available
2026-06-12 09:27:07,655  INFO  No options positions entered.
2026-06-12 09:27:12,720  INFO  ============================================================
2026-06-12 09:27:12,720  INFO  OPTIONS SCAN — checking for BOOF 31 v2 setups...
2026-06-12 09:27:15,601  INFO  BOOF 31 v2 setups for options: ['HOOD(score:6)']
2026-06-12 09:27:15,601  WARNING  Error getting options for HOOD: name 'OptionType' is not defined
2026-06-12 09:27:15,602  WARNING    HOOD: No liquid PUT options available
2026-06-12 09:27:15,602  INFO  No options positions entered.
2026-06-12 09:27:20,663  INFO  ============================================================
2026-06-12 09:27:20,663  INFO  OPTIONS SCAN — checking for BOOF 31 v2 setups...
2026-06-12 09:27:23,170  INFO  BOOF 31 v2 setups for options: ['HOOD(score:6)']
2026-06-12 09:27:23,170  WARNING  Error getting options for HOOD: name 'OptionType' is not defined
2026-06-12 09:27:23,170  WARNING    HOOD: No liquid PUT options available
2026-06-12 09:27:23,170  INFO  No options positions entered.
2026-06-12 09:27:28,234  INFO  ============================================================
2026-06-12 09:27:28,234  INFO  OPTIONS SCAN — checking for BOOF 31 v2 setups...
2026-06-12 09:27:31,021  INFO  BOOF 31 v2 setups for options: ['HOOD(score:6)']
2026-06-12 09:27:31,021  WARNING  Error getting options for HOOD: name 'OptionType' is not defined
2026-06-12 09:27:31,021  WARNING    HOOD: No liquid PUT options available
2026-06-12 09:27:31,022  INFO  No options positions entered.
2026-06-12 09:27:36,100  INFO  ============================================================
2026-06-12 09:27:36,102  INFO  OPTIONS SCAN — checking for BOOF 31 v2 setups...
2026-06-12 09:27:38,602  INFO  BOOF 31 v2 setups for options: ['HOOD(score:6)']
2026-06-12 09:27:38,602  WARNING  Error getting options for HOOD: name 'OptionType' is not defined
2026-06-12 09:27:38,602  WARNING    HOOD: No liquid PUT options available
2026-06-12 09:27:38,603  INFO  No options positions entered.
2026-06-12 09:27:43,662  INFO  ============================================================
2026-06-12 09:27:43,663  INFO  OPTIONS SCAN — checking for BOOF 31 v2 setups...
2026-06-12 09:27:46,439  INFO  BOOF 31 v2 setups for options: ['HOOD(score:6)']
2026-06-12 09:27:46,439  WARNING  Error getting options for HOOD: name 'OptionType' is not defined
2026-06-12 09:27:46,439  WARNING    HOOD: No liquid PUT options available
2026-06-12 09:27:46,440  INFO  No options positions entered.
2026-06-12 09:27:51,499  INFO  ============================================================
2026-06-12 09:27:51,499  INFO  OPTIONS SCAN — checking for BOOF 31 v2 setups...
2026-06-12 09:27:54,340  INFO  BOOF 31 v2 setups for options: ['HOOD(score:6)']
2026-06-12 09:27:54,340  WARNING  Error getting options for HOOD: name 'OptionType' is not defined
2026-06-12 09:27:54,340  WARNING    HOOD: No liquid PUT options available
2026-06-12 09:27:54,341  INFO  No options positions entered.
2026-06-12 09:27:59,575  INFO  ============================================================
2026-06-12 09:27:59,575  INFO  OPTIONS SCAN — checking for BOOF 31 v2 setups...
2026-06-12 09:28:02,248  INFO  BOOF 31 v2 setups for options: ['HOOD(score:6)']
2026-06-12 09:28:02,249  WARNING  Error getting options for HOOD: name 'OptionType' is not defined
2026-06-12 09:28:02,249  WARNING    HOOD: No liquid PUT options available
2026-06-12 09:28:02,249  INFO  No options positions entered.
2026-06-12 09:28:07,332  INFO  ============================================================
2026-06-12 09:28:07,333  INFO  OPTIONS SCAN — checking for BOOF 31 v2 setups...
2026-06-12 09:28:09,974  INFO  BOOF 31 v2 setups for options: ['HOOD(score:6)']
2026-06-12 09:28:09,974  WARNING  Error getting options for HOOD: name 'OptionType' is not defined
2026-06-12 09:28:09,974  WARNING    HOOD: No liquid PUT options available
2026-06-12 09:28:09,975  INFO  No options positions entered.
2026-06-12 09:28:15,037  INFO  ============================================================
2026-06-12 09:28:15,037  INFO  OPTIONS SCAN — checking for BOOF 31 v2 setups...
2026-06-12 09:28:17,560  INFO  BOOF 31 v2 setups for options: ['HOOD(score:6)']
2026-06-12 09:28:17,560  WARNING  Error getting options for HOOD: name 'OptionType' is not defined
2026-06-12 09:28:17,560  WARNING    HOOD: No liquid PUT options available
2026-06-12 09:28:17,561  INFO  No options positions entered.
2026-06-12 09:28:22,626  INFO  ============================================================
2026-06-12 09:28:22,626  INFO  OPTIONS SCAN — checking for BOOF 31 v2 setups...
2026-06-12 09:28:25,355  INFO  No BOOF 31 v2 setups found for options
2026-06-12 09:28:30,421  INFO  ============================================================
2026-06-12 09:28:30,422  INFO  OPTIONS SCAN — checking for BOOF 31 v2 setups...
2026-06-12 09:28:33,601  INFO  No BOOF 31 v2 setups found for options
2026-06-12 09:28:38,663  INFO  ============================================================
2026-06-12 09:28:38,663  INFO  OPTIONS SCAN — checking for BOOF 31 v2 setups...
2026-06-12 09:28:42,008  INFO  No BOOF 31 v2 setups found for options
2026-06-12 09:28:47,081  INFO  ============================================================
2026-06-12 09:28:47,081  INFO  OPTIONS SCAN — checking for BOOF 31 v2 setups...
2026-06-12 09:28:50,318  INFO  No BOOF 31 v2 setups found for options
2026-06-12 09:28:55,393  INFO  ============================================================
2026-06-12 09:28:55,394  INFO  OPTIONS SCAN — checking for BOOF 31 v2 setups...
2026-06-12 09:28:58,771  INFO  No BOOF 31 v2 setups found for options
2026-06-12 09:29:03,847  INFO  ============================================================
2026-06-12 09:29:03,848  INFO  OPTIONS SCAN — checking for BOOF 31 v2 setups...
2026-06-12 09:29:06,832  INFO  No BOOF 31 v2 setups found for options
2026-06-12 09:29:11,900  INFO  ============================================================
2026-06-12 09:29:11,900  INFO  OPTIONS SCAN — checking for BOOF 31 v2 setups...
2026-06-12 09:29:14,600  INFO  No BOOF 31 v2 setups found for options
2026-06-12 09:29:19,664  INFO  ============================================================
2026-06-12 09:29:19,665  INFO  OPTIONS SCAN — checking for BOOF 31 v2 setups...
2026-06-12 09:29:22,177  INFO  No BOOF 31 v2 setups found for options
2026-06-12 09:29:27,242  INFO  ============================================================
2026-06-12 09:29:27,242  INFO  OPTIONS SCAN — checking for BOOF 31 v2 setups...
2026-06-12 09:29:29,558  INFO  No BOOF 31 v2 setups found for options
2026-06-12 09:29:34,623  INFO  ============================================================
2026-06-12 09:29:34,623  INFO  OPTIONS SCAN — checking for BOOF 31 v2 setups...
2026-06-12 09:29:37,120  INFO  No BOOF 31 v2 setups found for options
2026-06-12 09:29:42,184  INFO  ============================================================
2026-06-12 09:29:42,184  INFO  OPTIONS SCAN — checking for BOOF 31 v2 setups...
2026-06-12 09:29:44,690  INFO  No BOOF 31 v2 setups found for options
2026-06-12 09:29:49,754  INFO  ============================================================
2026-06-12 09:29:49,754  INFO  OPTIONS SCAN — checking for BOOF 31 v2 setups...
2026-06-12 09:29:52,209  INFO  No BOOF 31 v2 setups found for options
2026-06-12 09:29:57,275  INFO  ============================================================
2026-06-12 09:29:57,275  INFO  OPTIONS SCAN — checking for BOOF 31 v2 setups...
2026-06-12 09:29:59,484  INFO  No BOOF 31 v2 setups found for options
2026-06-12 09:30:04,545  INFO  ============================================================
2026-06-12 09:30:04,546  INFO  OPTIONS SCAN — checking for BOOF 31 v2 setups...
2026-06-12 09:30:06,744  INFO  No BOOF 31 v2 setups found for options
2026-06-12 09:30:11,803  INFO  ============================================================
2026-06-12 09:30:11,803  INFO  OPTIONS SCAN — checking for BOOF 31 v2 setups...
2026-06-12 09:30:14,077  INFO  No BOOF 31 v2 setups found for options
2026-06-12 09:30:19,149  INFO  ============================================================
2026-06-12 09:30:19,149  INFO  OPTIONS SCAN — checking for BOOF 31 v2 setups...
2026-06-12 09:30:21,394  INFO  No BOOF 31 v2 setups found for options
2026-06-12 09:30:26,470  INFO  ============================================================
2026-06-12 09:30:26,470  INFO  OPTIONS SCAN — checking for BOOF 31 v2 setups...
2026-06-12 09:30:28,793  INFO  No BOOF 31 v2 setups found for options
2026-06-12 09:30:33,864  INFO  ============================================================
2026-06-12 09:30:33,864  INFO  OPTIONS SCAN — checking for BOOF 31 v2 setups...
2026-06-12 09:30:36,032  INFO  No BOOF 31 v2 setups found for options
2026-06-12 09:30:41,109  INFO  ============================================================
2026-06-12 09:30:41,109  INFO  OPTIONS SCAN — checking for BOOF 31 v2 setups...
2026-06-12 09:30:43,516  INFO  No BOOF 31 v2 setups found for options
2026-06-12 09:30:48,666  INFO  ============================================================
2026-06-12 09:30:48,666  INFO  OPTIONS SCAN — checking for BOOF 31 v2 setups...
2026-06-12 09:30:50,932  INFO  No BOOF 31 v2 setups found for options
2026-06-12 09:30:56,021  INFO  ============================================================
2026-06-12 09:30:56,022  INFO  OPTIONS SCAN — checking for BOOF 31 v2 setups...
2026-06-12 09:30:58,407  INFO  No BOOF 31 v2 setups found for options
2026-06-12 09:31:03,470  INFO  ============================================================
2026-06-12 09:31:03,470  INFO  OPTIONS SCAN — checking for BOOF 31 v2 setups...
2026-06-12 09:31:05,835  INFO  No BOOF 31 v2 setups found for options
2026-06-12 09:31:10,900  INFO  ============================================================
2026-06-12 09:31:10,900  INFO  OPTIONS SCAN — checking for BOOF 31 v2 setups...
2026-06-12 09:31:13,079  INFO  No BOOF 31 v2 setups found for options
2026-06-12 09:31:18,148  INFO  ============================================================
2026-06-12 09:31:18,148  INFO  OPTIONS SCAN — checking for BOOF 31 v2 setups...
2026-06-12 09:31:20,401  INFO  No BOOF 31 v2 setups found for options
2026-06-12 09:31:25,555  INFO  ============================================================
2026-06-12 09:31:25,555  INFO  OPTIONS SCAN — checking for BOOF 31 v2 setups...
2026-06-12 09:31:28,839  INFO  No BOOF 31 v2 setups found for options
2026-06-12 09:31:33,896  INFO  ============================================================
2026-06-12 09:31:33,896  INFO  OPTIONS SCAN — checking for BOOF 31 v2 setups...
2026-06-12 09:31:37,460  INFO  No BOOF 31 v2 setups found for options
2026-06-12 09:31:42,532  INFO  ============================================================
2026-06-12 09:31:42,532  INFO  OPTIONS SCAN — checking for BOOF 31 v2 setups...
2026-06-12 09:31:45,951  INFO  No BOOF 31 v2 setups found for options
2026-06-12 09:31:51,028  INFO  ============================================================
2026-06-12 09:31:51,028  INFO  OPTIONS SCAN — checking for BOOF 31 v2 setups...
2026-06-12 09:31:54,719  INFO  No BOOF 31 v2 setups found for options
2026-06-12 09:31:59,957  INFO  ============================================================
2026-06-12 09:31:59,958  INFO  OPTIONS SCAN — checking for BOOF 31 v2 setups...
2026-06-12 09:32:03,861  INFO  No BOOF 31 v2 setups found for options
2026-06-12 09:32:08,924  INFO  ============================================================
2026-06-12 09:32:08,925  INFO  OPTIONS SCAN — checking for BOOF 31 v2 setups...
2026-06-12 09:32:12,340  INFO  No BOOF 31 v2 setups found for options
2026-06-12 09:32:17,416  INFO  ============================================================
2026-06-12 09:32:17,416  INFO  OPTIONS SCAN — checking for BOOF 31 v2 setups...
2026-06-12 09:32:20,635  INFO  No BOOF 31 v2 setups found for options
2026-06-12 09:32:25,715  INFO  ============================================================
2026-06-12 09:32:25,715  INFO  OPTIONS SCAN — checking for BOOF 31 v2 setups...
2026-06-12 09:32:29,786  INFO  No BOOF 31 v2 setups found for options
2026-06-12 09:32:34,852  INFO  ============================================================
2026-06-12 09:32:34,852  INFO  OPTIONS SCAN — checking for BOOF 31 v2 setups...
2026-06-12 09:32:38,593  INFO  No BOOF 31 v2 setups found for options
2026-06-12 09:32:43,662  INFO  ============================================================
2026-06-12 09:32:43,662  INFO  OPTIONS SCAN — checking for BOOF 31 v2 setups...
2026-06-12 09:32:47,049  INFO  No BOOF 31 v2 setups found for options
2026-06-12 09:32:52,112  INFO  ============================================================
2026-06-12 09:32:52,112  INFO  OPTIONS SCAN — checking for BOOF 31 v2 setups...
2026-06-12 09:32:55,406  INFO  No BOOF 31 v2 setups found for options
2026-06-12 09:33:00,487  INFO  ============================================================
2026-06-12 09:33:00,487  INFO  OPTIONS SCAN — checking for BOOF 31 v2 setups...
2026-06-12 09:33:03,359  INFO  No BOOF 31 v2 setups found for options
2026-06-12 09:33:08,420  INFO  ============================================================
2026-06-12 09:33:08,420  INFO  OPTIONS SCAN — checking for BOOF 31 v2 setups...
2026-06-12 09:33:11,116  INFO  No BOOF 31 v2 setups found for options
2026-06-12 09:33:16,217  INFO  ============================================================
2026-06-12 09:33:16,218  INFO  OPTIONS SCAN — checking for BOOF 31 v2 setups...
2026-06-12 09:33:18,952  INFO  No BOOF 31 v2 setups found for options
2026-06-12 09:33:24,158  INFO  ============================================================
2026-06-12 09:33:24,158  INFO  OPTIONS SCAN — checking for BOOF 31 v2 setups...
2026-06-12 09:33:26,907  INFO  No BOOF 31 v2 setups found for options
2026-06-12 09:33:31,966  INFO  ============================================================
2026-06-12 09:33:31,967  INFO  OPTIONS SCAN — checking for BOOF 31 v2 setups...
2026-06-12 09:33:34,635  INFO  No BOOF 31 v2 setups found for options
2026-06-12 09:33:39,707  INFO  ============================================================
2026-06-12 09:33:39,707  INFO  OPTIONS SCAN — checking for BOOF 31 v2 setups...
2026-06-12 09:33:42,214  INFO  No BOOF 31 v2 setups found for options
2026-06-12 09:33:47,283  INFO  ============================================================
2026-06-12 09:33:47,284  INFO  OPTIONS SCAN — checking for BOOF 31 v2 setups...
2026-06-12 09:33:49,976  INFO  No BOOF 31 v2 setups found for options
2026-06-12 09:33:55,047  INFO  ============================================================
2026-06-12 09:33:55,047  INFO  OPTIONS SCAN — checking for BOOF 31 v2 setups...
2026-06-12 09:33:57,636  INFO  No BOOF 31 v2 setups found for options
2026-06-12 09:34:02,694  INFO  ============================================================
2026-06-12 09:34:02,694  INFO  OPTIONS SCAN — checking for BOOF 31 v2 setups...
2026-06-12 09:34:05,175  INFO  No BOOF 31 v2 setups found for options
2026-06-12 09:34:10,246  INFO  ============================================================
2026-06-12 09:34:10,246  INFO  OPTIONS SCAN — checking for BOOF 31 v2 setups...
2026-06-12 09:34:12,851  INFO  No BOOF 31 v2 setups found for options
2026-06-12 09:34:17,912  INFO  ============================================================
2026-06-12 09:34:17,912  INFO  OPTIONS SCAN — checking for BOOF 31 v2 setups...
2026-06-12 09:34:20,510  INFO  No BOOF 31 v2 setups found for options
2026-06-12 09:34:25,600  INFO  ============================================================
2026-06-12 09:34:25,600  INFO  OPTIONS SCAN — checking for BOOF 31 v2 setups...
2026-06-12 09:34:28,457  INFO  No BOOF 31 v2 setups found for options
2026-06-12 09:34:33,513  INFO  ============================================================
2026-06-12 09:34:33,513  INFO  OPTIONS SCAN — checking for BOOF 31 v2 setups...
2026-06-12 09:34:35,869  INFO  No BOOF 31 v2 setups found for options
2026-06-12 09:34:40,976  INFO  ============================================================
2026-06-12 09:34:40,976  INFO  OPTIONS SCAN — checking for BOOF 31 v2 setups...
2026-06-12 09:34:43,335  INFO  No BOOF 31 v2 setups found for options
2026-06-12 09:34:48,393  INFO  ============================================================
2026-06-12 09:34:48,394  INFO  OPTIONS SCAN — checking for BOOF 31 v2 setups...
2026-06-12 09:34:50,806  INFO  No BOOF 31 v2 setups found for options
2026-06-12 09:34:55,900  INFO  ============================================================
2026-06-12 09:34:55,901  INFO  OPTIONS SCAN — checking for BOOF 31 v2 setups...
2026-06-12 09:34:58,385  INFO  No BOOF 31 v2 setups found for options
2026-06-12 09:35:03,447  INFO  ============================================================
2026-06-12 09:35:03,447  INFO  OPTIONS SCAN — checking for BOOF 31 v2 setups...
2026-06-12 09:35:06,099  INFO  No BOOF 31 v2 setups found for options
2026-06-12 09:35:11,167  INFO  ============================================================
2026-06-12 09:35:11,167  INFO  OPTIONS SCAN — checking for BOOF 31 v2 setups...
2026-06-12 09:35:13,565  INFO  No BOOF 31 v2 setups found for options
2026-06-12 09:35:18,629  INFO  ============================================================
2026-06-12 09:35:18,630  INFO  OPTIONS SCAN — checking for BOOF 31 v2 setups...
2026-06-12 09:35:21,171  INFO  No BOOF 31 v2 setups found for options
2026-06-12 09:35:26,245  INFO  ============================================================
2026-06-12 09:35:26,245  INFO  OPTIONS SCAN — checking for BOOF 31 v2 setups...
2026-06-12 09:35:28,868  INFO  No BOOF 31 v2 setups found for options
2026-06-12 09:35:34,275  INFO  ============================================================
2026-06-12 09:35:34,276  INFO  OPTIONS SCAN — checking for BOOF 31 v2 setups...
2026-06-12 09:35:36,607  INFO  No BOOF 31 v2 setups found for options
2026-06-12 09:35:41,673  INFO  ============================================================
2026-06-12 09:35:41,673  INFO  OPTIONS SCAN — checking for BOOF 31 v2 setups...
2026-06-12 09:35:44,067  INFO  No BOOF 31 v2 setups found for options
2026-06-12 09:35:49,135  INFO  ============================================================
2026-06-12 09:35:49,136  INFO  OPTIONS SCAN — checking for BOOF 31 v2 setups...
2026-06-12 09:35:51,685  INFO  No BOOF 31 v2 setups found for options
2026-06-12 09:35:56,749  INFO  ============================================================
2026-06-12 09:35:56,750  INFO  OPTIONS SCAN — checking for BOOF 31 v2 setups...
2026-06-12 09:35:58,940  INFO  No BOOF 31 v2 setups found for options
2026-06-12 09:36:03,999  INFO  ============================================================
2026-06-12 09:36:03,999  INFO  OPTIONS SCAN — checking for BOOF 31 v2 setups...
2026-06-12 09:36:06,298  INFO  No BOOF 31 v2 setups found for options
2026-06-12 09:36:11,365  INFO  ============================================================
2026-06-12 09:36:11,365  INFO  OPTIONS SCAN — checking for BOOF 31 v2 setups...
2026-06-12 09:36:13,650  INFO  No BOOF 31 v2 setups found for options
2026-06-12 09:36:18,715  INFO  ============================================================
2026-06-12 09:36:18,715  INFO  OPTIONS SCAN — checking for BOOF 31 v2 setups...
2026-06-12 09:36:20,865  INFO  No BOOF 31 v2 setups found for options
2026-06-12 09:36:25,997  INFO  ============================================================
2026-06-12 09:36:25,997  INFO  OPTIONS SCAN — checking for BOOF 31 v2 setups...
2026-06-12 09:36:28,409  INFO  No BOOF 31 v2 setups found for options
2026-06-12 09:36:33,482  INFO  ============================================================
2026-06-12 09:36:33,482  INFO  OPTIONS SCAN — checking for BOOF 31 v2 setups...
2026-06-12 09:36:36,015  INFO  No BOOF 31 v2 setups found for options
2026-06-12 09:36:41,081  INFO  ============================================================
2026-06-12 09:36:41,081  INFO  OPTIONS SCAN — checking for BOOF 31 v2 setups...
2026-06-12 09:36:43,432  INFO  No BOOF 31 v2 setups found for options
2026-06-12 09:36:48,520  INFO  ============================================================
2026-06-12 09:36:48,520  INFO  OPTIONS SCAN — checking for BOOF 31 v2 setups...
2026-06-12 09:36:50,953  INFO  No BOOF 31 v2 setups found for options
2026-06-12 09:36:56,012  INFO  ============================================================
2026-06-12 09:36:56,013  INFO  OPTIONS SCAN — checking for BOOF 31 v2 setups...
2026-06-12 09:36:58,511  INFO  No BOOF 31 v2 setups found for options
2026-06-12 09:37:03,571  INFO  ============================================================
2026-06-12 09:37:03,571  INFO  OPTIONS SCAN — checking for BOOF 31 v2 setups...
2026-06-12 09:37:05,916  INFO  No BOOF 31 v2 setups found for options
2026-06-12 09:37:10,972  INFO  ============================================================
2026-06-12 09:37:10,972  INFO  OPTIONS SCAN — checking for BOOF 31 v2 setups...
2026-06-12 09:37:13,353  INFO  No BOOF 31 v2 setups found for options
2026-06-12 09:37:18,410  INFO  ============================================================
2026-06-12 09:37:18,410  INFO  OPTIONS SCAN — checking for BOOF 31 v2 setups...
2026-06-12 09:37:20,561  INFO  No BOOF 31 v2 setups found for options
2026-06-12 09:37:25,645  INFO  ============================================================
2026-06-12 09:37:25,646  INFO  OPTIONS SCAN — checking for BOOF 31 v2 setups...
2026-06-12 09:37:28,631  INFO  No BOOF 31 v2 setups found for options
2026-06-12 09:37:33,691  INFO  ============================================================
2026-06-12 09:37:33,692  INFO  OPTIONS SCAN — checking for BOOF 31 v2 setups...
2026-06-12 09:37:36,422  INFO  No BOOF 31 v2 setups found for options
2026-06-12 09:37:41,497  INFO  ============================================================
2026-06-12 09:37:41,497  INFO  OPTIONS SCAN — checking for BOOF 31 v2 setups...
2026-06-12 09:37:44,534  INFO  No BOOF 31 v2 setups found for options
2026-06-12 09:37:49,592  INFO  ============================================================
2026-06-12 09:37:49,592  INFO  OPTIONS SCAN — checking for BOOF 31 v2 setups...
2026-06-12 09:37:52,594  INFO  No BOOF 31 v2 setups found for options
2026-06-12 09:37:57,660  INFO  ============================================================
2026-06-12 09:37:57,660  INFO  OPTIONS SCAN — checking for BOOF 31 v2 setups...
2026-06-12 09:38:00,529  INFO  No BOOF 31 v2 setups found for options
2026-06-12 09:38:05,589  INFO  ============================================================
2026-06-12 09:38:05,589  INFO  OPTIONS SCAN — checking for BOOF 31 v2 setups...
2026-06-12 09:38:07,960  INFO  No BOOF 31 v2 setups found for options
2026-06-12 09:38:13,019  INFO  ============================================================
2026-06-12 09:38:13,019  INFO  OPTIONS SCAN — checking for BOOF 31 v2 setups...
2026-06-12 09:38:15,444  INFO  No BOOF 31 v2 setups found for options
2026-06-12 09:38:20,503  INFO  ============================================================
2026-06-12 09:38:20,504  INFO  OPTIONS SCAN — checking for BOOF 31 v2 setups...
2026-06-12 09:38:22,865  INFO  No BOOF 31 v2 setups found for options
2026-06-12 09:38:27,937  INFO  ============================================================
2026-06-12 09:38:27,938  INFO  OPTIONS SCAN — checking for BOOF 31 v2 setups...
2026-06-12 09:38:30,289  INFO  No BOOF 31 v2 setups found for options
2026-06-12 09:38:35,349  INFO  ============================================================
2026-06-12 09:38:35,349  INFO  OPTIONS SCAN — checking for BOOF 31 v2 setups...
2026-06-12 09:38:37,444  INFO  No BOOF 31 v2 setups found for options
2026-06-12 09:38:42,515  INFO  ============================================================
2026-06-12 09:38:42,515  INFO  OPTIONS SCAN — checking for BOOF 31 v2 setups...
2026-06-12 09:38:44,752  INFO  No BOOF 31 v2 setups found for options
2026-06-12 09:38:49,806  INFO  ============================================================
2026-06-12 09:38:49,807  INFO  OPTIONS SCAN — checking for BOOF 31 v2 setups...
2026-06-12 09:38:52,236  INFO  No BOOF 31 v2 setups found for options
2026-06-12 09:38:57,300  INFO  ============================================================
2026-06-12 09:38:57,301  INFO  OPTIONS SCAN — checking for BOOF 31 v2 setups...
2026-06-12 09:38:59,718  INFO  No BOOF 31 v2 setups found for options
2026-06-12 09:39:04,779  INFO  ============================================================
2026-06-12 09:39:04,779  INFO  OPTIONS SCAN — checking for BOOF 31 v2 setups...
2026-06-12 09:39:07,049  INFO  No BOOF 31 v2 setups found for options
2026-06-12 09:39:12,109  INFO  ============================================================
2026-06-12 09:39:12,109  INFO  OPTIONS SCAN — checking for BOOF 31 v2 setups...
2026-06-12 09:39:14,380  INFO  No BOOF 31 v2 setups found for options
2026-06-12 09:39:19,440  INFO  ============================================================
2026-06-12 09:39:19,440  INFO  OPTIONS SCAN — checking for BOOF 31 v2 setups...
2026-06-12 09:39:21,489  INFO  No BOOF 31 v2 setups found for options
2026-06-12 09:39:26,563  INFO  ============================================================
2026-06-12 09:39:26,563  INFO  OPTIONS SCAN — checking for BOOF 31 v2 setups...
2026-06-12 09:39:28,898  INFO  No BOOF 31 v2 setups found for options
2026-06-12 09:39:33,954  INFO  ============================================================
2026-06-12 09:39:33,954  INFO  OPTIONS SCAN — checking for BOOF 31 v2 setups...
2026-06-12 09:39:36,172  INFO  No BOOF 31 v2 setups found for options
2026-06-12 09:39:41,231  INFO  ============================================================
2026-06-12 09:39:41,231  INFO  OPTIONS SCAN — checking for BOOF 31 v2 setups...
2026-06-12 09:39:43,317  INFO  No BOOF 31 v2 setups found for options
2026-06-12 09:39:48,376  INFO  ============================================================
2026-06-12 09:39:48,376  INFO  OPTIONS SCAN — checking for BOOF 31 v2 setups...
2026-06-12 09:39:50,442  INFO  No BOOF 31 v2 setups found for options
2026-06-12 09:39:55,502  INFO  ============================================================
2026-06-12 09:39:55,503  INFO  OPTIONS SCAN — checking for BOOF 31 v2 setups...
2026-06-12 09:39:57,554  INFO  No BOOF 31 v2 setups found for options
2026-06-12 09:40:02,617  INFO  ============================================================
2026-06-12 09:40:02,617  INFO  OPTIONS SCAN — checking for BOOF 31 v2 setups...
2026-06-12 09:40:04,627  INFO  No BOOF 31 v2 setups found for options
2026-06-12 09:40:09,687  INFO  ============================================================
2026-06-12 09:40:09,687  INFO  OPTIONS SCAN — checking for BOOF 31 v2 setups...
2026-06-12 09:40:11,581  INFO  No BOOF 31 v2 setups found for options
2026-06-12 09:40:16,643  INFO  ============================================================
2026-06-12 09:40:16,643  INFO  OPTIONS SCAN — checking for BOOF 31 v2 setups...
2026-06-12 09:40:18,468  INFO  No BOOF 31 v2 setups found for options
2026-06-12 09:40:23,526  INFO  ============================================================
2026-06-12 09:40:23,526  INFO  OPTIONS SCAN — checking for BOOF 31 v2 setups...
2026-06-12 09:40:25,557  INFO  No BOOF 31 v2 setups found for options
2026-06-12 09:40:30,735  INFO  ============================================================
2026-06-12 09:40:30,735  INFO  OPTIONS SCAN — checking for BOOF 31 v2 setups...
2026-06-12 09:40:32,918  INFO  No BOOF 31 v2 setups found for options
2026-06-12 09:40:37,973  INFO  ============================================================
2026-06-12 09:40:37,973  INFO  OPTIONS SCAN — checking for BOOF 31 v2 setups...
2026-06-12 09:40:40,202  INFO  No BOOF 31 v2 setups found for options
2026-06-12 09:40:45,261  INFO  ============================================================
2026-06-12 09:40:45,261  INFO  OPTIONS SCAN — checking for BOOF 31 v2 setups...
2026-06-12 09:40:47,341  INFO  No BOOF 31 v2 setups found for options
2026-06-12 09:40:52,400  INFO  ============================================================
2026-06-12 09:40:52,400  INFO  OPTIONS SCAN — checking for BOOF 31 v2 setups...
2026-06-12 09:40:54,365  INFO  No BOOF 31 v2 setups found for options
2026-06-12 09:40:59,425  INFO  ============================================================
2026-06-12 09:40:59,426  INFO  OPTIONS SCAN — checking for BOOF 31 v2 setups...
2026-06-12 09:41:01,461  INFO  No BOOF 31 v2 setups found for options
2026-06-12 09:41:06,523  INFO  ============================================================
2026-06-12 09:41:06,526  INFO  OPTIONS SCAN — checking for BOOF 31 v2 setups...
2026-06-12 09:41:08,653  INFO  No BOOF 31 v2 setups found for options
2026-06-12 09:41:13,712  INFO  ============================================================
2026-06-12 09:41:13,712  INFO  OPTIONS SCAN — checking for BOOF 31 v2 setups...
2026-06-12 09:41:15,674  INFO  No BOOF 31 v2 setups found for options
2026-06-12 09:41:20,730  INFO  ============================================================
2026-06-12 09:41:20,730  INFO  OPTIONS SCAN — checking for BOOF 31 v2 setups...
2026-06-12 09:41:22,788  INFO  No BOOF 31 v2 setups found for options
2026-06-12 09:41:27,850  INFO  ============================================================
2026-06-12 09:41:27,850  INFO  OPTIONS SCAN — checking for BOOF 31 v2 setups...
2026-06-12 09:41:30,909  INFO  No BOOF 31 v2 setups found for options
2026-06-12 09:41:35,973  INFO  ============================================================
2026-06-12 09:41:35,974  INFO  OPTIONS SCAN — checking for BOOF 31 v2 setups...
2026-06-12 09:41:38,732  INFO  No BOOF 31 v2 setups found for options
2026-06-12 09:41:43,802  INFO  ============================================================
2026-06-12 09:41:43,802  INFO  OPTIONS SCAN — checking for BOOF 31 v2 setups...
2026-06-12 09:41:46,499  INFO  No BOOF 31 v2 setups found for options
2026-06-12 09:41:51,832  INFO  ============================================================
2026-06-12 09:41:51,833  INFO  OPTIONS SCAN — checking for BOOF 31 v2 setups...
2026-06-12 09:41:54,457  INFO  No BOOF 31 v2 setups found for options
2026-06-12 09:41:59,521  INFO  ============================================================
2026-06-12 09:41:59,521  INFO  OPTIONS SCAN — checking for BOOF 31 v2 setups...
2026-06-12 09:42:02,050  INFO  No BOOF 31 v2 setups found for options
2026-06-12 09:42:07,111  INFO  ============================================================
2026-06-12 09:42:07,111  INFO  OPTIONS SCAN — checking for BOOF 31 v2 setups...
2026-06-12 09:42:09,385  INFO  No BOOF 31 v2 setups found for options
2026-06-12 09:42:14,444  INFO  ============================================================
2026-06-12 09:42:14,444  INFO  OPTIONS SCAN — checking for BOOF 31 v2 setups...
2026-06-12 09:42:16,753  INFO  No BOOF 31 v2 setups found for options
2026-06-12 09:42:21,820  INFO  ============================================================
2026-06-12 09:42:21,821  INFO  OPTIONS SCAN — checking for BOOF 31 v2 setups...
2026-06-12 09:42:24,071  INFO  No BOOF 31 v2 setups found for options
2026-06-12 09:42:29,136  INFO  ============================================================
2026-06-12 09:42:29,136  INFO  OPTIONS SCAN — checking for BOOF 31 v2 setups...
2026-06-12 09:42:31,368  INFO  No BOOF 31 v2 setups found for options
2026-06-12 09:42:36,445  INFO  ============================================================
2026-06-12 09:42:36,445  INFO  OPTIONS SCAN — checking for BOOF 31 v2 setups...
2026-06-12 09:42:38,602  INFO  No BOOF 31 v2 setups found for options
2026-06-12 09:42:43,662  INFO  ============================================================
2026-06-12 09:42:43,662  INFO  OPTIONS SCAN — checking for BOOF 31 v2 setups...
2026-06-12 09:42:45,533  INFO  No BOOF 31 v2 setups found for options
2026-06-12 09:42:50,650  INFO  ============================================================
2026-06-12 09:42:50,650  INFO  OPTIONS SCAN — checking for BOOF 31 v2 setups...
2026-06-12 09:42:52,625  INFO  No BOOF 31 v2 setups found for options
2026-06-12 09:42:57,700  INFO  ============================================================
2026-06-12 09:42:57,700  INFO  OPTIONS SCAN — checking for BOOF 31 v2 setups...
2026-06-12 09:42:59,612  INFO  No BOOF 31 v2 setups found for options
2026-06-12 09:43:04,744  INFO  ============================================================
2026-06-12 09:43:04,744  INFO  OPTIONS SCAN — checking for BOOF 31 v2 setups...
2026-06-12 09:43:06,634  INFO  No BOOF 31 v2 setups found for options
2026-06-12 09:43:11,702  INFO  ============================================================
2026-06-12 09:43:11,703  INFO  OPTIONS SCAN — checking for BOOF 31 v2 setups...
2026-06-12 09:43:13,705  INFO  No BOOF 31 v2 setups found for options
2026-06-12 09:43:18,775  INFO  ============================================================
2026-06-12 09:43:18,776  INFO  OPTIONS SCAN — checking for BOOF 31 v2 setups...
2026-06-12 09:43:21,070  INFO  No BOOF 31 v2 setups found for options
2026-06-12 09:43:26,134  INFO  ============================================================
2026-06-12 09:43:26,134  INFO  OPTIONS SCAN — checking for BOOF 31 v2 setups...
2026-06-12 09:43:28,279  INFO  No BOOF 31 v2 setups found for options
2026-06-12 09:43:33,345  INFO  ============================================================
2026-06-12 09:43:33,347  INFO  OPTIONS SCAN — checking for BOOF 31 v2 setups...
2026-06-12 09:43:35,639  INFO  No BOOF 31 v2 setups found for options
2026-06-12 09:43:40,845  INFO  ============================================================
2026-06-12 09:43:40,845  INFO  OPTIONS SCAN — checking for BOOF 31 v2 setups...
2026-06-12 09:43:42,989  INFO  No BOOF 31 v2 setups found for options
2026-06-12 09:43:48,049  INFO  ============================================================
2026-06-12 09:43:48,049  INFO  OPTIONS SCAN — checking for BOOF 31 v2 setups...
2026-06-12 09:43:50,271  INFO  No BOOF 31 v2 setups found for options
2026-06-12 09:43:55,332  INFO  ============================================================
2026-06-12 09:43:55,333  INFO  OPTIONS SCAN — checking for BOOF 31 v2 setups...
2026-06-12 09:43:57,270  INFO  No BOOF 31 v2 setups found for options
2026-06-12 09:44:02,331  INFO  ============================================================
2026-06-12 09:44:02,331  INFO  OPTIONS SCAN — checking for BOOF 31 v2 setups...
2026-06-12 09:44:04,234  INFO  No BOOF 31 v2 setups found for options
2026-06-12 09:44:09,293  INFO  ============================================================
2026-06-12 09:44:09,294  INFO  OPTIONS SCAN — checking for BOOF 31 v2 setups...
2026-06-12 09:44:11,220  INFO  No BOOF 31 v2 setups found for options
2026-06-12 09:44:16,283  INFO  ============================================================
2026-06-12 09:44:16,284  INFO  OPTIONS SCAN — checking for BOOF 31 v2 setups...
2026-06-12 09:44:18,074  INFO  No BOOF 31 v2 setups found for options
2026-06-12 09:44:23,134  INFO  ============================================================
2026-06-12 09:44:23,134  INFO  OPTIONS SCAN — checking for BOOF 31 v2 setups...
2026-06-12 09:44:25,124  INFO  No BOOF 31 v2 setups found for options
2026-06-12 09:44:30,181  INFO  ============================================================
2026-06-12 09:44:30,181  INFO  OPTIONS SCAN — checking for BOOF 31 v2 setups...
2026-06-12 09:44:32,358  INFO  No BOOF 31 v2 setups found for options
2026-06-12 09:44:37,426  INFO  ============================================================
2026-06-12 09:44:37,426  INFO  OPTIONS SCAN — checking for BOOF 31 v2 setups...
2026-06-12 09:44:39,525  INFO  No BOOF 31 v2 setups found for options
2026-06-12 09:44:44,581  INFO  ============================================================
2026-06-12 09:44:44,581  INFO  OPTIONS SCAN — checking for BOOF 31 v2 setups...
2026-06-12 09:44:46,499  INFO  No BOOF 31 v2 setups found for options
2026-06-12 09:44:51,568  INFO  ============================================================
2026-06-12 09:44:51,568  INFO  OPTIONS SCAN — checking for BOOF 31 v2 setups...
2026-06-12 09:44:53,271  INFO  No BOOF 31 v2 setups found for options
2026-06-12 09:44:58,339  INFO  ============================================================
2026-06-12 09:44:58,339  INFO  OPTIONS SCAN — checking for BOOF 31 v2 setups...
2026-06-12 09:45:00,234  INFO  No BOOF 31 v2 setups found for options
2026-06-12 09:45:05,304  INFO  ============================================================
2026-06-12 09:45:05,304  INFO  OPTIONS SCAN — checking for BOOF 31 v2 setups...
2026-06-12 09:45:07,200  INFO  No BOOF 31 v2 setups found for options
2026-06-12 09:45:12,261  INFO  ============================================================
2026-06-12 09:45:12,262  INFO  OPTIONS SCAN — checking for BOOF 31 v2 setups...
2026-06-12 09:45:14,088  INFO  No BOOF 31 v2 setups found for options
2026-06-12 09:45:19,149  INFO  ============================================================
2026-06-12 09:45:19,149  INFO  OPTIONS SCAN — checking for BOOF 31 v2 setups...
2026-06-12 09:45:21,123  INFO  No BOOF 31 v2 setups found for options
2026-06-12 09:45:26,180  INFO  ============================================================
2026-06-12 09:45:26,181  INFO  OPTIONS SCAN — checking for BOOF 31 v2 setups...
2026-06-12 09:45:28,121  INFO  No BOOF 31 v2 setups found for options
2026-06-12 09:45:33,184  INFO  ============================================================
2026-06-12 09:45:33,184  INFO  OPTIONS SCAN — checking for BOOF 31 v2 setups...
2026-06-12 09:45:35,399  INFO  No BOOF 31 v2 setups found for options
2026-06-12 09:45:40,464  INFO  ============================================================
2026-06-12 09:45:40,464  INFO  OPTIONS SCAN — checking for BOOF 31 v2 setups...
2026-06-12 09:45:42,330  INFO  No BOOF 31 v2 setups found for options
2026-06-12 09:45:47,397  INFO  ============================================================
2026-06-12 09:45:47,398  INFO  OPTIONS SCAN — checking for BOOF 31 v2 setups...
2026-06-12 09:45:49,578  INFO  No BOOF 31 v2 setups found for options
2026-06-12 09:45:54,636  INFO  ============================================================
2026-06-12 09:45:54,636  INFO  OPTIONS SCAN — checking for BOOF 31 v2 setups...
2026-06-12 09:45:56,773  INFO  No BOOF 31 v2 setups found for options
2026-06-12 09:46:01,833  INFO  ============================================================
2026-06-12 09:46:01,833  INFO  OPTIONS SCAN — checking for BOOF 31 v2 setups...
2026-06-12 09:46:03,875  INFO  No BOOF 31 v2 setups found for options
2026-06-12 09:46:08,937  INFO  ============================================================
2026-06-12 09:46:08,937  INFO  OPTIONS SCAN — checking for BOOF 31 v2 setups...
2026-06-12 09:46:11,042  INFO  No BOOF 31 v2 setups found for options
2026-06-12 09:46:16,102  INFO  ============================================================
2026-06-12 09:46:16,102  INFO  OPTIONS SCAN — checking for BOOF 31 v2 setups...
2026-06-12 09:46:18,290  INFO  No BOOF 31 v2 setups found for options
2026-06-12 09:46:23,343  INFO  ============================================================
2026-06-12 09:46:23,344  INFO  OPTIONS SCAN — checking for BOOF 31 v2 setups...
2026-06-12 09:46:26,075  INFO  No BOOF 31 v2 setups found for options
2026-06-12 09:46:31,220  INFO  ============================================================
2026-06-12 09:46:31,220  INFO  OPTIONS SCAN — checking for BOOF 31 v2 setups...
2026-06-12 09:46:34,787  INFO  No BOOF 31 v2 setups found for options
2026-06-12 09:46:39,929  INFO  ============================================================
2026-06-12 09:46:39,930  INFO  OPTIONS SCAN — checking for BOOF 31 v2 setups...
2026-06-12 09:46:43,557  INFO  No BOOF 31 v2 setups found for options
2026-06-12 09:46:48,623  INFO  ============================================================
2026-06-12 09:46:48,623  INFO  OPTIONS SCAN — checking for BOOF 31 v2 setups...
2026-06-12 09:46:52,051  INFO  No BOOF 31 v2 setups found for options
2026-06-12 09:46:57,111  INFO  ============================================================
2026-06-12 09:46:57,111  INFO  OPTIONS SCAN — checking for BOOF 31 v2 setups...
2026-06-12 09:47:00,641  INFO  No BOOF 31 v2 setups found for options
2026-06-12 09:47:05,704  INFO  ============================================================
2026-06-12 09:47:05,704  INFO  OPTIONS SCAN — checking for BOOF 31 v2 setups...
2026-06-12 09:47:08,785  INFO  No BOOF 31 v2 setups found for options
2026-06-12 09:47:13,858  INFO  ============================================================
2026-06-12 09:47:13,858  INFO  OPTIONS SCAN — checking for BOOF 31 v2 setups...
2026-06-12 09:47:17,558  INFO  No BOOF 31 v2 setups found for options
2026-06-12 09:47:22,619  INFO  ============================================================
2026-06-12 09:47:22,620  INFO  OPTIONS SCAN — checking for BOOF 31 v2 setups...
2026-06-12 09:47:25,769  INFO  No BOOF 31 v2 setups found for options
2026-06-12 09:47:30,834  INFO  ============================================================
2026-06-12 09:47:30,834  INFO  OPTIONS SCAN — checking for BOOF 31 v2 setups...
2026-06-12 09:47:34,359  INFO  No BOOF 31 v2 setups found for options
2026-06-12 09:47:39,672  INFO  ============================================================
2026-06-12 09:47:39,672  INFO  OPTIONS SCAN — checking for BOOF 31 v2 setups...
2026-06-12 09:47:42,641  INFO  No BOOF 31 v2 setups found for options
2026-06-12 09:47:47,697  INFO  ============================================================
2026-06-12 09:47:47,697  INFO  OPTIONS SCAN — checking for BOOF 31 v2 setups...
2026-06-12 09:47:50,465  INFO  No BOOF 31 v2 setups found for options
2026-06-12 09:47:55,523  INFO  ============================================================
2026-06-12 09:47:55,523  INFO  OPTIONS SCAN — checking for BOOF 31 v2 setups...
2026-06-12 09:47:58,159  INFO  No BOOF 31 v2 setups found for options
2026-06-12 09:48:03,228  INFO  ============================================================
2026-06-12 09:48:03,229  INFO  OPTIONS SCAN — checking for BOOF 31 v2 setups...
2026-06-12 09:48:05,651  INFO  No BOOF 31 v2 setups found for options
2026-06-12 09:48:10,720  INFO  ============================================================
2026-06-12 09:48:10,720  INFO  OPTIONS SCAN — checking for BOOF 31 v2 setups...
2026-06-12 09:48:13,287  INFO  No BOOF 31 v2 setups found for options
2026-06-12 09:48:18,346  INFO  ============================================================
2026-06-12 09:48:18,346  INFO  OPTIONS SCAN — checking for BOOF 31 v2 setups...
2026-06-12 09:48:20,812  INFO  No BOOF 31 v2 setups found for options
2026-06-12 09:48:25,878  INFO  ============================================================
2026-06-12 09:48:25,879  INFO  OPTIONS SCAN — checking for BOOF 31 v2 setups...
2026-06-12 09:48:28,676  INFO  No BOOF 31 v2 setups found for options
2026-06-12 09:48:33,735  INFO  ============================================================
2026-06-12 09:48:33,736  INFO  OPTIONS SCAN — checking for BOOF 31 v2 setups...
2026-06-12 09:48:36,217  INFO  No BOOF 31 v2 setups found for options
2026-06-12 09:48:41,278  INFO  ============================================================
2026-06-12 09:48:41,279  INFO  OPTIONS SCAN — checking for BOOF 31 v2 setups...
2026-06-12 09:48:43,805  INFO  No BOOF 31 v2 setups found for options
2026-06-12 09:48:48,865  INFO  ============================================================
2026-06-12 09:48:48,865  INFO  OPTIONS SCAN — checking for BOOF 31 v2 setups...
2026-06-12 09:48:51,357  INFO  No BOOF 31 v2 setups found for options
2026-06-12 09:48:56,429  INFO  ============================================================
2026-06-12 09:48:56,430  INFO  OPTIONS SCAN — checking for BOOF 31 v2 setups...
2026-06-12 09:48:58,935  INFO  No BOOF 31 v2 setups found for options
2026-06-12 09:49:04,008  INFO  ============================================================
2026-06-12 09:49:04,008  INFO  OPTIONS SCAN — checking for BOOF 31 v2 setups...
2026-06-12 09:49:06,316  INFO  No BOOF 31 v2 setups found for options
2026-06-12 09:49:11,412  INFO  ============================================================
2026-06-12 09:49:11,412  INFO  OPTIONS SCAN — checking for BOOF 31 v2 setups...
2026-06-12 09:49:14,090  INFO  No BOOF 31 v2 setups found for options
2026-06-12 09:49:19,158  INFO  ============================================================
2026-06-12 09:49:19,159  INFO  OPTIONS SCAN — checking for BOOF 31 v2 setups...
2026-06-12 09:49:21,519  INFO  No BOOF 31 v2 setups found for options
2026-06-12 09:49:26,621  INFO  ============================================================
2026-06-12 09:49:26,621  INFO  OPTIONS SCAN — checking for BOOF 31 v2 setups...
2026-06-12 09:49:29,037  INFO  No BOOF 31 v2 setups found for options
2026-06-12 09:49:34,099  INFO  ============================================================
2026-06-12 09:49:34,099  INFO  OPTIONS SCAN — checking for BOOF 31 v2 setups...
2026-06-12 09:49:36,424  INFO  No BOOF 31 v2 setups found for options
2026-06-12 09:49:41,494  INFO  ============================================================
2026-06-12 09:49:41,494  INFO  OPTIONS SCAN — checking for BOOF 31 v2 setups...
2026-06-12 09:49:43,815  INFO  No BOOF 31 v2 setups found for options
2026-06-12 09:49:48,883  INFO  ============================================================
2026-06-12 09:49:48,883  INFO  OPTIONS SCAN — checking for BOOF 31 v2 setups...
2026-06-12 09:49:51,332  INFO  No BOOF 31 v2 setups found for options
2026-06-12 09:49:56,394  INFO  ============================================================
2026-06-12 09:49:56,395  INFO  OPTIONS SCAN — checking for BOOF 31 v2 setups...
2026-06-12 09:49:58,451  INFO  No BOOF 31 v2 setups found for options
2026-06-12 09:50:03,521  INFO  ============================================================
2026-06-12 09:50:03,521  INFO  OPTIONS SCAN — checking for BOOF 31 v2 setups...
2026-06-12 09:50:05,667  INFO  No BOOF 31 v2 setups found for options
2026-06-12 09:50:10,729  INFO  ============================================================
2026-06-12 09:50:10,729  INFO  OPTIONS SCAN — checking for BOOF 31 v2 setups...
2026-06-12 09:50:12,681  INFO  No BOOF 31 v2 setups found for options
2026-06-12 09:50:17,748  INFO  ============================================================
2026-06-12 09:50:17,748  INFO  OPTIONS SCAN — checking for BOOF 31 v2 setups...
2026-06-12 09:50:19,708  INFO  No BOOF 31 v2 setups found for options
2026-06-12 09:50:24,779  INFO  ============================================================
2026-06-12 09:50:24,779  INFO  OPTIONS SCAN — checking for BOOF 31 v2 setups...
2026-06-12 09:50:27,098  INFO  No BOOF 31 v2 setups found for options
2026-06-12 09:50:32,160  INFO  ============================================================
2026-06-12 09:50:32,161  INFO  OPTIONS SCAN — checking for BOOF 31 v2 setups...
2026-06-12 09:50:34,546  INFO  No BOOF 31 v2 setups found for options
2026-06-12 09:50:39,619  INFO  ============================================================
2026-06-12 09:50:39,619  INFO  OPTIONS SCAN — checking for BOOF 31 v2 setups...
2026-06-12 09:50:41,913  INFO  No BOOF 31 v2 setups found for options
2026-06-12 09:50:46,974  INFO  ============================================================
2026-06-12 09:50:46,975  INFO  OPTIONS SCAN — checking for BOOF 31 v2 setups...
2026-06-12 09:50:49,408  INFO  No BOOF 31 v2 setups found for options
2026-06-12 09:50:54,471  INFO  ============================================================
2026-06-12 09:50:54,471  INFO  OPTIONS SCAN — checking for BOOF 31 v2 setups...
2026-06-12 09:50:56,718  INFO  No BOOF 31 v2 setups found for options
2026-06-12 09:51:01,804  INFO  ============================================================
2026-06-12 09:51:01,804  INFO  OPTIONS SCAN — checking for BOOF 31 v2 setups...
2026-06-12 09:51:04,065  INFO  No BOOF 31 v2 setups found for options
2026-06-12 09:51:09,130  INFO  ============================================================
2026-06-12 09:51:09,130  INFO  OPTIONS SCAN — checking for BOOF 31 v2 setups...
2026-06-12 09:51:11,116  INFO  No BOOF 31 v2 setups found for options
2026-06-12 09:51:16,183  INFO  ============================================================
2026-06-12 09:51:16,183  INFO  OPTIONS SCAN — checking for BOOF 31 v2 setups...
2026-06-12 09:51:18,123  INFO  No BOOF 31 v2 setups found for options
2026-06-12 09:51:23,185  INFO  ============================================================
2026-06-12 09:51:23,185  INFO  OPTIONS SCAN — checking for BOOF 31 v2 setups...
2026-06-12 09:51:25,250  INFO  No BOOF 31 v2 setups found for options
2026-06-12 09:51:30,319  INFO  ============================================================
2026-06-12 09:51:30,319  INFO  OPTIONS SCAN — checking for BOOF 31 v2 setups...
2026-06-12 09:51:32,952  INFO  No BOOF 31 v2 setups found for options
2026-06-12 09:51:38,012  INFO  ============================================================
2026-06-12 09:51:38,013  INFO  OPTIONS SCAN — checking for BOOF 31 v2 setups...
2026-06-12 09:51:40,551  INFO  No BOOF 31 v2 setups found for options
2026-06-12 09:51:45,618  INFO  ============================================================
2026-06-12 09:51:45,618  INFO  OPTIONS SCAN — checking for BOOF 31 v2 setups...
2026-06-12 09:51:47,879  INFO  No BOOF 31 v2 setups found for options
2026-06-12 09:51:52,950  INFO  ============================================================
2026-06-12 09:51:52,951  INFO  OPTIONS SCAN — checking for BOOF 31 v2 setups...
2026-06-12 09:51:55,055  INFO  No BOOF 31 v2 setups found for options
2026-06-12 09:52:00,113  INFO  ============================================================
2026-06-12 09:52:00,113  INFO  OPTIONS SCAN — checking for BOOF 31 v2 setups...
2026-06-12 09:52:02,165  INFO  No BOOF 31 v2 setups found for options
2026-06-12 09:52:07,227  INFO  ============================================================
2026-06-12 09:52:07,227  INFO  OPTIONS SCAN — checking for BOOF 31 v2 setups...
2026-06-12 09:52:09,416  INFO  No BOOF 31 v2 setups found for options
2026-06-12 09:52:14,482  INFO  ============================================================
2026-06-12 09:52:14,482  INFO  OPTIONS SCAN — checking for BOOF 31 v2 setups...
2026-06-12 09:52:16,332  INFO  No BOOF 31 v2 setups found for options
2026-06-12 09:52:21,409  INFO  ============================================================
2026-06-12 09:52:21,410  INFO  OPTIONS SCAN — checking for BOOF 31 v2 setups...
2026-06-12 09:52:23,280  INFO  No BOOF 31 v2 setups found for options
2026-06-12 09:52:28,345  INFO  ============================================================
2026-06-12 09:52:28,346  INFO  OPTIONS SCAN — checking for BOOF 31 v2 setups...
2026-06-12 09:52:30,377  INFO  No BOOF 31 v2 setups found for options
2026-06-12 09:52:35,465  INFO  ============================================================
2026-06-12 09:52:35,465  INFO  OPTIONS SCAN — checking for BOOF 31 v2 setups...
2026-06-12 09:52:37,307  INFO  No BOOF 31 v2 setups found for options
2026-06-12 09:52:42,379  INFO  ============================================================
2026-06-12 09:52:42,379  INFO  OPTIONS SCAN — checking for BOOF 31 v2 setups...
2026-06-12 09:52:44,254  INFO  No BOOF 31 v2 setups found for options
2026-06-12 09:52:49,323  INFO  ============================================================
2026-06-12 09:52:49,323  INFO  OPTIONS SCAN — checking for BOOF 31 v2 setups...
2026-06-12 09:52:51,278  INFO  No BOOF 31 v2 setups found for options
2026-06-12 09:52:56,335  INFO  ============================================================
2026-06-12 09:52:56,335  INFO  OPTIONS SCAN — checking for BOOF 31 v2 setups...
2026-06-12 09:52:58,547  INFO  No BOOF 31 v2 setups found for options
2026-06-12 09:53:03,617  INFO  ============================================================
2026-06-12 09:53:03,617  INFO  OPTIONS SCAN — checking for BOOF 31 v2 setups...
2026-06-12 09:53:05,753  INFO  No BOOF 31 v2 setups found for options
2026-06-12 09:53:10,818  INFO  ============================================================
2026-06-12 09:53:10,818  INFO  OPTIONS SCAN — checking for BOOF 31 v2 setups...
2026-06-12 09:53:13,073  INFO  No BOOF 31 v2 setups found for options
2026-06-12 09:53:18,137  INFO  ============================================================
2026-06-12 09:53:18,138  INFO  OPTIONS SCAN — checking for BOOF 31 v2 setups...
2026-06-12 09:53:20,606  INFO  No BOOF 31 v2 setups found for options
2026-06-12 09:53:25,689  INFO  ============================================================
2026-06-12 09:53:25,689  INFO  OPTIONS SCAN — checking for BOOF 31 v2 setups...
2026-06-12 09:53:28,380  INFO  No BOOF 31 v2 setups found for options
2026-06-12 09:53:33,441  INFO  ============================================================
2026-06-12 09:53:33,441  INFO  OPTIONS SCAN — checking for BOOF 31 v2 setups...
2026-06-12 09:53:36,054  INFO  No BOOF 31 v2 setups found for options
2026-06-12 09:53:41,118  INFO  ============================================================
2026-06-12 09:53:41,118  INFO  OPTIONS SCAN — checking for BOOF 31 v2 setups...
2026-06-12 09:53:43,551  INFO  No BOOF 31 v2 setups found for options
2026-06-12 09:53:48,616  INFO  ============================================================
2026-06-12 09:53:48,616  INFO  OPTIONS SCAN — checking for BOOF 31 v2 setups...
2026-06-12 09:53:51,024  INFO  No BOOF 31 v2 setups found for options
2026-06-12 09:53:56,093  INFO  ============================================================
2026-06-12 09:53:56,094  INFO  OPTIONS SCAN — checking for BOOF 31 v2 setups...
2026-06-12 09:53:58,468  INFO  No BOOF 31 v2 setups found for options
2026-06-12 09:54:03,528  INFO  ============================================================
2026-06-12 09:54:03,528  INFO  OPTIONS SCAN — checking for BOOF 31 v2 setups...
2026-06-12 09:54:05,895  INFO  No BOOF 31 v2 setups found for options
2026-06-12 09:54:10,954  INFO  ============================================================
2026-06-12 09:54:10,954  INFO  OPTIONS SCAN — checking for BOOF 31 v2 setups...
2026-06-12 09:54:13,390  INFO  No BOOF 31 v2 setups found for options
2026-06-12 09:54:18,459  INFO  ============================================================
2026-06-12 09:54:18,459  INFO  OPTIONS SCAN — checking for BOOF 31 v2 setups...
2026-06-12 09:54:20,725  INFO  No BOOF 31 v2 setups found for options
2026-06-12 09:54:25,786  INFO  ============================================================
2026-06-12 09:54:25,787  INFO  OPTIONS SCAN — checking for BOOF 31 v2 setups...
2026-06-12 09:54:28,318  INFO  No BOOF 31 v2 setups found for options
2026-06-12 09:54:33,383  INFO  ============================================================
2026-06-12 09:54:33,383  INFO  OPTIONS SCAN — checking for BOOF 31 v2 setups...
2026-06-12 09:54:35,673  INFO  No BOOF 31 v2 setups found for options
2026-06-12 09:54:40,741  INFO  ============================================================
2026-06-12 09:54:40,741  INFO  OPTIONS SCAN — checking for BOOF 31 v2 setups...
2026-06-12 09:54:43,135  INFO  No BOOF 31 v2 setups found for options
2026-06-12 09:54:48,197  INFO  ============================================================
2026-06-12 09:54:48,197  INFO  OPTIONS SCAN — checking for BOOF 31 v2 setups...
2026-06-12 09:54:50,664  INFO  No BOOF 31 v2 setups found for options
2026-06-12 09:54:55,726  INFO  ============================================================
2026-06-12 09:54:55,726  INFO  OPTIONS SCAN — checking for BOOF 31 v2 setups...
2026-06-12 09:54:57,992  INFO  No BOOF 31 v2 setups found for options
2026-06-12 09:55:03,072  INFO  ============================================================
2026-06-12 09:55:03,072  INFO  OPTIONS SCAN — checking for BOOF 31 v2 setups...
2026-06-12 09:55:05,607  INFO  No BOOF 31 v2 setups found for options
2026-06-12 09:55:10,670  INFO  ============================================================
2026-06-12 09:55:10,671  INFO  OPTIONS SCAN — checking for BOOF 31 v2 setups...
2026-06-12 09:55:12,823  INFO  No BOOF 31 v2 setups found for options
2026-06-12 09:55:17,880  INFO  ============================================================
2026-06-12 09:55:17,880  INFO  OPTIONS SCAN — checking for BOOF 31 v2 setups...
2026-06-12 09:55:20,042  INFO  No BOOF 31 v2 setups found for options
2026-06-12 09:55:25,102  INFO  ============================================================
2026-06-12 09:55:25,102  INFO  OPTIONS SCAN — checking for BOOF 31 v2 setups...
2026-06-12 09:55:27,503  INFO  No BOOF 31 v2 setups found for options
2026-06-12 09:55:32,560  INFO  ============================================================
2026-06-12 09:55:32,560  INFO  OPTIONS SCAN — checking for BOOF 31 v2 setups...
2026-06-12 09:55:35,076  INFO  No BOOF 31 v2 setups found for options
2026-06-12 09:55:40,134  INFO  ============================================================
2026-06-12 09:55:40,134  INFO  OPTIONS SCAN — checking for BOOF 31 v2 setups...
2026-06-12 09:55:42,407  INFO  No BOOF 31 v2 setups found for options
2026-06-12 09:55:47,465  INFO  ============================================================
2026-06-12 09:55:47,465  INFO  OPTIONS SCAN — checking for BOOF 31 v2 setups...
2026-06-12 09:55:49,779  INFO  No BOOF 31 v2 setups found for options
2026-06-12 09:55:54,842  INFO  ============================================================
2026-06-12 09:55:54,843  INFO  OPTIONS SCAN — checking for BOOF 31 v2 setups...
2026-06-12 09:55:56,915  INFO  No BOOF 31 v2 setups found for options
2026-06-12 09:56:01,980  INFO  ============================================================
2026-06-12 09:56:01,980  INFO  OPTIONS SCAN — checking for BOOF 31 v2 setups...
2026-06-12 09:56:04,013  INFO  No BOOF 31 v2 setups found for options
2026-06-12 09:56:09,075  INFO  ============================================================
2026-06-12 09:56:09,075  INFO  OPTIONS SCAN — checking for BOOF 31 v2 setups...
2026-06-12 09:56:11,070  INFO  No BOOF 31 v2 setups found for options
2026-06-12 09:56:16,127  INFO  ============================================================
2026-06-12 09:56:16,127  INFO  OPTIONS SCAN — checking for BOOF 31 v2 setups...
2026-06-12 09:56:18,389  INFO  No BOOF 31 v2 setups found for options
2026-06-12 09:56:23,451  INFO  ============================================================
2026-06-12 09:56:23,451  INFO  OPTIONS SCAN — checking for BOOF 31 v2 setups...
2026-06-12 09:56:25,880  INFO  No BOOF 31 v2 setups found for options
2026-06-12 09:56:30,940  INFO  ============================================================
2026-06-12 09:56:30,940  INFO  OPTIONS SCAN — checking for BOOF 31 v2 setups...
2026-06-12 09:56:33,524  INFO  No BOOF 31 v2 setups found for options
2026-06-12 09:56:38,582  INFO  ============================================================
2026-06-12 09:56:38,582  INFO  OPTIONS SCAN — checking for BOOF 31 v2 setups...
2026-06-12 09:56:40,912  INFO  No BOOF 31 v2 setups found for options
2026-06-12 09:56:45,980  INFO  ============================================================
2026-06-12 09:56:45,980  INFO  OPTIONS SCAN — checking for BOOF 31 v2 setups...
2026-06-12 09:56:48,254  INFO  No BOOF 31 v2 setups found for options
2026-06-12 09:56:53,316  INFO  ============================================================
2026-06-12 09:56:53,317  INFO  OPTIONS SCAN — checking for BOOF 31 v2 setups...
2026-06-12 09:56:55,509  INFO  No BOOF 31 v2 setups found for options
2026-06-12 09:57:00,569  INFO  ============================================================
2026-06-12 09:57:00,569  INFO  OPTIONS SCAN — checking for BOOF 31 v2 setups...
2026-06-12 09:57:02,663  INFO  No BOOF 31 v2 setups found for options
2026-06-12 09:57:07,724  INFO  ============================================================
2026-06-12 09:57:07,724  INFO  OPTIONS SCAN — checking for BOOF 31 v2 setups...
2026-06-12 09:57:09,762  INFO  No BOOF 31 v2 setups found for options
2026-06-12 09:57:14,822  INFO  ============================================================
2026-06-12 09:57:14,822  INFO  OPTIONS SCAN — checking for BOOF 31 v2 setups...
2026-06-12 09:57:16,899  INFO  No BOOF 31 v2 setups found for options
2026-06-12 09:57:21,968  INFO  ============================================================
2026-06-12 09:57:21,968  INFO  OPTIONS SCAN — checking for BOOF 31 v2 setups...
2026-06-12 09:57:24,174  INFO  No BOOF 31 v2 setups found for options
2026-06-12 09:57:29,236  INFO  ============================================================
2026-06-12 09:57:29,236  INFO  OPTIONS SCAN — checking for BOOF 31 v2 setups...
2026-06-12 09:57:31,685  INFO  No BOOF 31 v2 setups found for options
2026-06-12 09:57:36,742  INFO  ============================================================
2026-06-12 09:57:36,742  INFO  OPTIONS SCAN — checking for BOOF 31 v2 setups...
2026-06-12 09:57:38,818  INFO  No BOOF 31 v2 setups found for options
2026-06-12 09:57:43,886  INFO  ============================================================
2026-06-12 09:57:43,887  INFO  OPTIONS SCAN — checking for BOOF 31 v2 setups...
2026-06-12 09:57:45,949  INFO  No BOOF 31 v2 setups found for options
2026-06-12 09:57:51,018  INFO  ============================================================
2026-06-12 09:57:51,018  INFO  OPTIONS SCAN — checking for BOOF 31 v2 setups...
2026-06-12 09:57:53,018  INFO  No BOOF 31 v2 setups found for options
2026-06-12 09:57:58,090  INFO  ============================================================
2026-06-12 09:57:58,091  INFO  OPTIONS SCAN — checking for BOOF 31 v2 setups...
2026-06-12 09:57:59,967  INFO  No BOOF 31 v2 setups found for options
2026-06-12 09:58:05,023  INFO  ============================================================
2026-06-12 09:58:05,023  INFO  OPTIONS SCAN — checking for BOOF 31 v2 setups...
2026-06-12 09:58:07,070  INFO  No BOOF 31 v2 setups found for options
2026-06-12 09:58:12,146  INFO  ============================================================
2026-06-12 09:58:12,146  INFO  OPTIONS SCAN — checking for BOOF 31 v2 setups...
2026-06-12 09:58:14,095  INFO  No BOOF 31 v2 setups found for options
2026-06-12 09:58:19,153  INFO  ============================================================
2026-06-12 09:58:19,153  INFO  OPTIONS SCAN — checking for BOOF 31 v2 setups...
2026-06-12 09:58:21,385  INFO  No BOOF 31 v2 setups found for options
2026-06-12 09:58:26,470  INFO  ============================================================
2026-06-12 09:58:26,470  INFO  OPTIONS SCAN — checking for BOOF 31 v2 setups...
2026-06-12 09:58:28,748  INFO  No BOOF 31 v2 setups found for options
2026-06-12 09:58:33,817  INFO  ============================================================
2026-06-12 09:58:33,818  INFO  OPTIONS SCAN — checking for BOOF 31 v2 setups...
2026-06-12 09:58:36,216  INFO  No BOOF 31 v2 setups found for options
2026-06-12 09:58:41,285  INFO  ============================================================
2026-06-12 09:58:41,285  INFO  OPTIONS SCAN — checking for BOOF 31 v2 setups...
2026-06-12 09:58:43,746  INFO  No BOOF 31 v2 setups found for options
2026-06-12 09:58:48,806  INFO  ============================================================
2026-06-12 09:58:48,807  INFO  OPTIONS SCAN — checking for BOOF 31 v2 setups...
2026-06-12 09:58:51,297  INFO  No BOOF 31 v2 setups found for options
2026-06-12 09:58:56,359  INFO  ============================================================
2026-06-12 09:58:56,360  INFO  OPTIONS SCAN — checking for BOOF 31 v2 setups...
2026-06-12 09:58:58,758  INFO  No BOOF 31 v2 setups found for options
2026-06-12 09:59:03,820  INFO  ============================================================
2026-06-12 09:59:03,821  INFO  OPTIONS SCAN — checking for BOOF 31 v2 setups...
2026-06-12 09:59:06,148  INFO  No BOOF 31 v2 setups found for options
2026-06-12 09:59:11,216  INFO  ============================================================
2026-06-12 09:59:11,216  INFO  OPTIONS SCAN — checking for BOOF 31 v2 setups...
2026-06-12 09:59:13,762  INFO  No BOOF 31 v2 setups found for options
2026-06-12 09:59:18,817  INFO  ============================================================
2026-06-12 09:59:18,817  INFO  OPTIONS SCAN — checking for BOOF 31 v2 setups...
2026-06-12 09:59:21,034  INFO  No BOOF 31 v2 setups found for options
2026-06-12 09:59:26,095  INFO  ============================================================
2026-06-12 09:59:26,095  INFO  OPTIONS SCAN — checking for BOOF 31 v2 setups...
2026-06-12 09:59:28,621  INFO  No BOOF 31 v2 setups found for options
2026-06-12 09:59:33,681  INFO  ============================================================
2026-06-12 09:59:33,681  INFO  OPTIONS SCAN — checking for BOOF 31 v2 setups...
2026-06-12 09:59:36,017  INFO  No BOOF 31 v2 setups found for options
2026-06-12 09:59:41,083  INFO  ============================================================
2026-06-12 09:59:41,084  INFO  OPTIONS SCAN — checking for BOOF 31 v2 setups...
2026-06-12 09:59:43,180  INFO  No BOOF 31 v2 setups found for options
2026-06-12 09:59:48,259  INFO  ============================================================
2026-06-12 09:59:48,259  INFO  OPTIONS SCAN — checking for BOOF 31 v2 setups...
2026-06-12 09:59:50,548  INFO  No BOOF 31 v2 setups found for options
2026-06-12 09:59:55,630  INFO  ============================================================
2026-06-12 09:59:55,630  INFO  OPTIONS SCAN — checking for BOOF 31 v2 setups...
2026-06-12 09:59:57,695  INFO  No BOOF 31 v2 setups found for options
2026-06-12 10:00:02,753  INFO  HEARTBEAT 12:00 ET - 24/7 Options Bot Active
2026-06-12 10:00:02,754  INFO  ============================================================
2026-06-12 10:00:02,754  INFO  OPTIONS SCAN — checking for BOOF 31 v2 setups...
2026-06-12 10:00:04,764  INFO  No BOOF 31 v2 setups found for options
2026-06-12 10:00:09,842  INFO  HEARTBEAT 12:00 ET - 24/7 Options Bot Active
2026-06-12 10:00:09,843  INFO  ============================================================
2026-06-12 10:00:09,843  INFO  OPTIONS SCAN — checking for BOOF 31 v2 setups...
2026-06-12 10:00:11,848  INFO  No BOOF 31 v2 setups found for options
2026-06-12 10:00:16,912  INFO  HEARTBEAT 12:00 ET - 24/7 Options Bot Active
2026-06-12 10:00:16,913  INFO  ============================================================
2026-06-12 10:00:16,913  INFO  OPTIONS SCAN — checking for BOOF 31 v2 setups...
2026-06-12 10:00:18,982  INFO  No BOOF 31 v2 setups found for options
2026-06-12 10:00:24,061  INFO  HEARTBEAT 12:00 ET - 24/7 Options Bot Active
2026-06-12 10:00:24,062  INFO  ============================================================
2026-06-12 10:00:24,062  INFO  OPTIONS SCAN — checking for BOOF 31 v2 setups...
2026-06-12 10:00:26,280  INFO  No BOOF 31 v2 setups found for options
2026-06-12 10:00:31,359  INFO  HEARTBEAT 12:00 ET - 24/7 Options Bot Active
2026-06-12 10:00:31,360  INFO  ============================================================
2026-06-12 10:00:31,360  INFO  OPTIONS SCAN — checking for BOOF 31 v2 setups...
2026-06-12 10:00:33,368  INFO  No BOOF 31 v2 setups found for options
2026-06-12 10:00:38,429  INFO  HEARTBEAT 12:00 ET - 24/7 Options Bot Active
2026-06-12 10:00:38,430  INFO  ============================================================
2026-06-12 10:00:38,430  INFO  OPTIONS SCAN — checking for BOOF 31 v2 setups...
2026-06-12 10:00:40,591  INFO  No BOOF 31 v2 setups found for options
2026-06-12 10:00:45,678  INFO  HEARTBEAT 12:00 ET - 24/7 Options Bot Active
2026-06-12 10:00:45,679  INFO  ============================================================
2026-06-12 10:00:45,679  INFO  OPTIONS SCAN — checking for BOOF 31 v2 setups...
2026-06-12 10:00:47,895  INFO  No BOOF 31 v2 setups found for options
2026-06-12 10:00:52,956  INFO  HEARTBEAT 12:00 ET - 24/7 Options Bot Active
2026-06-12 10:00:52,957  INFO  ============================================================
2026-06-12 10:00:52,957  INFO  OPTIONS SCAN — checking for BOOF 31 v2 setups...
2026-06-12 10:00:55,547  INFO  No BOOF 31 v2 setups found for options
2026-06-12 10:01:00,690  INFO  ============================================================
2026-06-12 10:01:00,690  INFO  OPTIONS SCAN — checking for BOOF 31 v2 setups...
2026-06-12 10:01:02,783  INFO  No BOOF 31 v2 setups found for options
2026-06-12 10:01:07,852  INFO  ============================================================
2026-06-12 10:01:07,852  INFO  OPTIONS SCAN — checking for BOOF 31 v2 setups...
2026-06-12 10:01:09,987  INFO  No BOOF 31 v2 setups found for options
2026-06-12 10:01:15,053  INFO  ============================================================
2026-06-12 10:01:15,053  INFO  OPTIONS SCAN — checking for BOOF 31 v2 setups...
2026-06-12 10:01:17,211  INFO  No BOOF 31 v2 setups found for options
2026-06-12 10:01:22,269  INFO  ============================================================
2026-06-12 10:01:22,269  INFO  OPTIONS SCAN — checking for BOOF 31 v2 setups...
2026-06-12 10:01:24,605  INFO  No BOOF 31 v2 setups found for options
2026-06-12 10:01:29,672  INFO  ============================================================
2026-06-12 10:01:29,672  INFO  OPTIONS SCAN — checking for BOOF 31 v2 setups...
2026-06-12 10:01:33,945  INFO  No BOOF 31 v2 setups found for options
2026-06-12 10:01:39,006  INFO  ============================================================
2026-06-12 10:01:39,006  INFO  OPTIONS SCAN — checking for BOOF 31 v2 setups...
2026-06-12 10:01:42,891  INFO  No BOOF 31 v2 setups found for options
2026-06-12 10:01:47,972  INFO  ============================================================
2026-06-12 10:01:47,973  INFO  OPTIONS SCAN — checking for BOOF 31 v2 setups...
2026-06-12 10:01:52,308  INFO  No BOOF 31 v2 setups found for options
2026-06-12 10:01:57,377  INFO  ============================================================
2026-06-12 10:01:57,377  INFO  OPTIONS SCAN — checking for BOOF 31 v2 setups...
2026-06-12 10:02:00,985  INFO  No BOOF 31 v2 setups found for options
2026-06-12 10:02:06,056  INFO  ============================================================
2026-06-12 10:02:06,056  INFO  OPTIONS SCAN — checking for BOOF 31 v2 setups...
2026-06-12 10:02:09,636  INFO  No BOOF 31 v2 setups found for options
2026-06-12 10:02:14,699  INFO  ============================================================
2026-06-12 10:02:14,699  INFO  OPTIONS SCAN — checking for BOOF 31 v2 setups...
2026-06-12 10:02:18,278  INFO  No BOOF 31 v2 setups found for options
2026-06-12 10:02:23,335  INFO  ============================================================
2026-06-12 10:02:23,335  INFO  OPTIONS SCAN — checking for BOOF 31 v2 setups...
2026-06-12 10:02:27,080  INFO  No BOOF 31 v2 setups found for options
2026-06-12 10:02:32,145  INFO  ============================================================
2026-06-12 10:02:32,145  INFO  OPTIONS SCAN — checking for BOOF 31 v2 setups...
2026-06-12 10:02:36,119  INFO  No BOOF 31 v2 setups found for options
2026-06-12 10:02:41,183  INFO  ============================================================
2026-06-12 10:02:41,184  INFO  OPTIONS SCAN — checking for BOOF 31 v2 setups...
2026-06-12 10:02:44,682  INFO  No BOOF 31 v2 setups found for options
2026-06-12 10:02:49,750  INFO  ============================================================
2026-06-12 10:02:49,751  INFO  OPTIONS SCAN — checking for BOOF 31 v2 setups...
2026-06-12 10:02:53,347  INFO  No BOOF 31 v2 setups found for options
2026-06-12 10:02:58,418  INFO  ============================================================
2026-06-12 10:02:58,418  INFO  OPTIONS SCAN — checking for BOOF 31 v2 setups...
2026-06-12 10:03:01,752  INFO  No BOOF 31 v2 setups found for options
2026-06-12 10:03:06,822  INFO  ============================================================
2026-06-12 10:03:06,822  INFO  OPTIONS SCAN — checking for BOOF 31 v2 setups...
2026-06-12 10:03:10,055  INFO  No BOOF 31 v2 setups found for options
2026-06-12 10:03:15,127  INFO  ============================================================
2026-06-12 10:03:15,134  INFO  OPTIONS SCAN — checking for BOOF 31 v2 setups...
2026-06-12 10:03:18,383  INFO  No BOOF 31 v2 setups found for options
2026-06-12 10:03:23,450  INFO  ============================================================
2026-06-12 10:03:23,450  INFO  OPTIONS SCAN — checking for BOOF 31 v2 setups...
2026-06-12 10:03:26,993  INFO  No BOOF 31 v2 setups found for options
2026-06-12 10:03:32,052  INFO  ============================================================
2026-06-12 10:03:32,052  INFO  OPTIONS SCAN — checking for BOOF 31 v2 setups...
2026-06-12 10:03:35,612  INFO  No BOOF 31 v2 setups found for options
2026-06-12 10:03:40,669  INFO  ============================================================
2026-06-12 10:03:40,670  INFO  OPTIONS SCAN — checking for BOOF 31 v2 setups...
2026-06-12 10:03:44,092  INFO  No BOOF 31 v2 setups found for options
2026-06-12 10:03:49,158  INFO  ============================================================
2026-06-12 10:03:49,158  INFO  OPTIONS SCAN — checking for BOOF 31 v2 setups...
2026-06-12 10:03:52,675  INFO  No BOOF 31 v2 setups found for options
2026-06-12 10:03:57,757  INFO  ============================================================
2026-06-12 10:03:57,757  INFO  OPTIONS SCAN — checking for BOOF 31 v2 setups...
2026-06-12 10:04:00,970  INFO  No BOOF 31 v2 setups found for options
2026-06-12 10:04:06,032  INFO  ============================================================
2026-06-12 10:04:06,032  INFO  OPTIONS SCAN — checking for BOOF 31 v2 setups...
2026-06-12 10:04:09,190  INFO  No BOOF 31 v2 setups found for options
2026-06-12 10:04:14,262  INFO  ============================================================
2026-06-12 10:04:14,263  INFO  OPTIONS SCAN — checking for BOOF 31 v2 setups...
2026-06-12 10:04:17,428  INFO  No BOOF 31 v2 setups found for options
2026-06-12 10:04:22,493  INFO  ============================================================
2026-06-12 10:04:22,493  INFO  OPTIONS SCAN — checking for BOOF 31 v2 setups...
2026-06-12 10:04:25,531  INFO  No BOOF 31 v2 setups found for options
2026-06-12 10:04:30,595  INFO  ============================================================
2026-06-12 10:04:30,596  INFO  OPTIONS SCAN — checking for BOOF 31 v2 setups...
2026-06-12 10:04:34,003  INFO  No BOOF 31 v2 setups found for options
2026-06-12 10:04:39,066  INFO  ============================================================
2026-06-12 10:04:39,067  INFO  OPTIONS SCAN — checking for BOOF 31 v2 setups...
2026-06-12 10:04:42,342  INFO  No BOOF 31 v2 setups found for options
2026-06-12 10:04:47,401  INFO  ============================================================
2026-06-12 10:04:47,402  INFO  OPTIONS SCAN — checking for BOOF 31 v2 setups...
2026-06-12 10:04:50,730  INFO  No BOOF 31 v2 setups found for options
2026-06-12 10:04:55,811  INFO  ============================================================
2026-06-12 10:04:55,811  INFO  OPTIONS SCAN — checking for BOOF 31 v2 setups...
2026-06-12 10:04:59,051  INFO  No BOOF 31 v2 setups found for options
2026-06-12 10:05:04,113  INFO  ============================================================
2026-06-12 10:05:04,113  INFO  OPTIONS SCAN — checking for BOOF 31 v2 setups...
2026-06-12 10:05:07,360  INFO  No BOOF 31 v2 setups found for options
2026-06-12 10:05:12,423  INFO  ============================================================
2026-06-12 10:05:12,424  INFO  OPTIONS SCAN — checking for BOOF 31 v2 setups...
2026-06-12 10:05:15,531  INFO  No BOOF 31 v2 setups found for options
2026-06-12 10:05:20,590  INFO  ============================================================
2026-06-12 10:05:20,591  INFO  OPTIONS SCAN — checking for BOOF 31 v2 setups...
2026-06-12 10:05:23,966  INFO  No BOOF 31 v2 setups found for options
2026-06-12 10:05:29,025  INFO  ============================================================
2026-06-12 10:05:29,026  INFO  OPTIONS SCAN — checking for BOOF 31 v2 setups...
2026-06-12 10:05:32,493  INFO  No BOOF 31 v2 setups found for options
2026-06-12 10:05:37,561  INFO  ============================================================
2026-06-12 10:05:37,561  INFO  OPTIONS SCAN — checking for BOOF 31 v2 setups...
2026-06-12 10:05:40,769  INFO  No BOOF 31 v2 setups found for options
2026-06-12 10:05:46,212  INFO  ============================================================
2026-06-12 10:05:46,212  INFO  OPTIONS SCAN — checking for BOOF 31 v2 setups...
2026-06-12 10:05:49,446  INFO  No BOOF 31 v2 setups found for options
2026-06-12 10:05:54,549  INFO  ============================================================
2026-06-12 10:05:54,549  INFO  OPTIONS SCAN — checking for BOOF 31 v2 setups...
2026-06-12 10:05:57,504  INFO  No BOOF 31 v2 setups found for options
2026-06-12 10:06:02,579  INFO  ============================================================
2026-06-12 10:06:02,579  INFO  OPTIONS SCAN — checking for BOOF 31 v2 setups...
2026-06-12 10:06:05,714  INFO  No BOOF 31 v2 setups found for options
2026-06-12 10:06:10,777  INFO  ============================================================
2026-06-12 10:06:10,777  INFO  OPTIONS SCAN — checking for BOOF 31 v2 setups...
2026-06-12 10:06:13,572  INFO  No BOOF 31 v2 setups found for options
2026-06-12 10:06:18,632  INFO  ============================================================
2026-06-12 10:06:18,633  INFO  OPTIONS SCAN — checking for BOOF 31 v2 setups...
2026-06-12 10:06:21,582  INFO  No BOOF 31 v2 setups found for options
2026-06-12 10:06:26,643  INFO  ============================================================
2026-06-12 10:06:26,643  INFO  OPTIONS SCAN — checking for BOOF 31 v2 setups...
2026-06-12 10:06:30,311  INFO  No BOOF 31 v2 setups found for options
2026-06-12 10:06:35,387  INFO  ============================================================
2026-06-12 10:06:35,387  INFO  OPTIONS SCAN — checking for BOOF 31 v2 setups...
2026-06-12 10:06:38,829  INFO  No BOOF 31 v2 setups found for options
2026-06-12 10:06:43,889  INFO  ============================================================
2026-06-12 10:06:43,889  INFO  OPTIONS SCAN — checking for BOOF 31 v2 setups...
2026-06-12 10:06:47,324  INFO  No BOOF 31 v2 setups found for options
2026-06-12 10:06:52,394  INFO  ============================================================
2026-06-12 10:06:52,394  INFO  OPTIONS SCAN — checking for BOOF 31 v2 setups...
2026-06-12 10:06:56,004  INFO  No BOOF 31 v2 setups found for options
2026-06-12 10:07:01,066  INFO  ============================================================
2026-06-12 10:07:01,067  INFO  OPTIONS SCAN — checking for BOOF 31 v2 setups...
2026-06-12 10:07:04,093  INFO  No BOOF 31 v2 setups found for options
2026-06-12 10:07:09,156  INFO  ============================================================
2026-06-12 10:07:09,156  INFO  OPTIONS SCAN — checking for BOOF 31 v2 setups...
2026-06-12 10:07:12,270  INFO  No BOOF 31 v2 setups found for options
2026-06-12 10:07:17,328  INFO  ============================================================
2026-06-12 10:07:17,329  INFO  OPTIONS SCAN — checking for BOOF 31 v2 setups...
2026-06-12 10:07:20,158  INFO  No BOOF 31 v2 setups found for options
2026-06-12 10:07:25,223  INFO  ============================================================
2026-06-12 10:07:25,223  INFO  OPTIONS SCAN — checking for BOOF 31 v2 setups...
2026-06-12 10:07:28,812  INFO  No BOOF 31 v2 setups found for options
2026-06-12 10:07:33,878  INFO  ============================================================
2026-06-12 10:07:33,878  INFO  OPTIONS SCAN — checking for BOOF 31 v2 setups...
2026-06-12 10:07:37,191  INFO  No BOOF 31 v2 setups found for options
2026-06-12 10:07:42,263  INFO  ============================================================
2026-06-12 10:07:42,263  INFO  OPTIONS SCAN — checking for BOOF 31 v2 setups...
2026-06-12 10:07:45,327  INFO  No BOOF 31 v2 setups found for options
2026-06-12 10:07:50,399  INFO  ============================================================
2026-06-12 10:07:50,400  INFO  OPTIONS SCAN — checking for BOOF 31 v2 setups...
2026-06-12 10:07:53,369  INFO  No BOOF 31 v2 setups found for options
2026-06-12 10:07:58,530  INFO  ============================================================
2026-06-12 10:07:58,530  INFO  OPTIONS SCAN — checking for BOOF 31 v2 setups...
2026-06-12 10:08:01,473  INFO  No BOOF 31 v2 setups found for options
2026-06-12 10:08:06,686  INFO  ============================================================
2026-06-12 10:08:06,686  INFO  OPTIONS SCAN — checking for BOOF 31 v2 setups...
2026-06-12 10:08:09,524  INFO  No BOOF 31 v2 setups found for options
2026-06-12 10:08:14,591  INFO  ============================================================
2026-06-12 10:08:14,592  INFO  OPTIONS SCAN — checking for BOOF 31 v2 setups...
2026-06-12 10:08:17,608  INFO  No BOOF 31 v2 setups found for options
2026-06-12 10:08:22,708  INFO  ============================================================
2026-06-12 10:08:22,708  INFO  OPTIONS SCAN — checking for BOOF 31 v2 setups...
2026-06-12 10:08:25,795  INFO  No BOOF 31 v2 setups found for options
2026-06-12 10:08:30,860  INFO  ============================================================
2026-06-12 10:08:30,860  INFO  OPTIONS SCAN — checking for BOOF 31 v2 setups...
2026-06-12 10:08:33,760  INFO  No BOOF 31 v2 setups found for options
2026-06-12 10:08:38,825  INFO  ============================================================
2026-06-12 10:08:38,825  INFO  OPTIONS SCAN — checking for BOOF 31 v2 setups...
2026-06-12 10:08:42,050  INFO  No BOOF 31 v2 setups found for options
2026-06-12 10:08:47,301  INFO  ============================================================
2026-06-12 10:08:47,301  INFO  OPTIONS SCAN — checking for BOOF 31 v2 setups...
2026-06-12 10:08:50,211  INFO  No BOOF 31 v2 setups found for options
2026-06-12 10:08:55,282  INFO  ============================================================
2026-06-12 10:08:55,283  INFO  OPTIONS SCAN — checking for BOOF 31 v2 setups...
2026-06-12 10:08:58,109  INFO  No BOOF 31 v2 setups found for options
2026-06-12 10:09:03,178  INFO  ============================================================
2026-06-12 10:09:03,179  INFO  OPTIONS SCAN — checking for BOOF 31 v2 setups...
2026-06-12 10:09:05,735  INFO  No BOOF 31 v2 setups found for options
2026-06-12 10:09:10,822  INFO  ============================================================
2026-06-12 10:09:10,822  INFO  OPTIONS SCAN — checking for BOOF 31 v2 setups...
2026-06-12 10:09:13,342  INFO  No BOOF 31 v2 setups found for options
2026-06-12 10:09:18,412  INFO  ============================================================
2026-06-12 10:09:18,414  INFO  OPTIONS SCAN — checking for BOOF 31 v2 setups...
2026-06-12 10:09:20,911  INFO  No BOOF 31 v2 setups found for options
2026-06-12 10:09:25,968  INFO  ============================================================
2026-06-12 10:09:25,968  INFO  OPTIONS SCAN — checking for BOOF 31 v2 setups...
2026-06-12 10:09:28,756  INFO  No BOOF 31 v2 setups found for options
2026-06-12 10:09:33,823  INFO  ============================================================
2026-06-12 10:09:33,824  INFO  OPTIONS SCAN — checking for BOOF 31 v2 setups...
2026-06-12 10:09:36,464  INFO  No BOOF 31 v2 setups found for options
2026-06-12 10:09:41,520  INFO  ============================================================
2026-06-12 10:09:41,520  INFO  OPTIONS SCAN — checking for BOOF 31 v2 setups...
2026-06-12 10:09:44,186  INFO  No BOOF 31 v2 setups found for options
2026-06-12 10:09:49,252  INFO  ============================================================
2026-06-12 10:09:49,252  INFO  OPTIONS SCAN — checking for BOOF 31 v2 setups...
2026-06-12 10:09:51,996  INFO  No BOOF 31 v2 setups found for options
2026-06-12 10:09:57,060  INFO  ============================================================
2026-06-12 10:09:57,060  INFO  OPTIONS SCAN — checking for BOOF 31 v2 setups...
2026-06-12 10:09:59,666  INFO  No BOOF 31 v2 setups found for options
2026-06-12 10:10:04,729  INFO  ============================================================
2026-06-12 10:10:04,729  INFO  OPTIONS SCAN — checking for BOOF 31 v2 setups...
2026-06-12 10:10:07,252  INFO  No BOOF 31 v2 setups found for options
2026-06-12 10:10:12,332  INFO  ============================================================
2026-06-12 10:10:12,332  INFO  OPTIONS SCAN — checking for BOOF 31 v2 setups...
2026-06-12 10:10:14,735  INFO  No BOOF 31 v2 setups found for options
2026-06-12 10:10:19,801  INFO  ============================================================
2026-06-12 10:10:19,801  INFO  OPTIONS SCAN — checking for BOOF 31 v2 setups...
2026-06-12 10:10:22,409  INFO  No BOOF 31 v2 setups found for options
2026-06-12 10:10:27,470  INFO  ============================================================
2026-06-12 10:10:27,470  INFO  OPTIONS SCAN — checking for BOOF 31 v2 setups...
2026-06-12 10:10:30,390  INFO  No BOOF 31 v2 setups found for options
2026-06-12 10:10:35,562  INFO  ============================================================
2026-06-12 10:10:35,563  INFO  OPTIONS SCAN — checking for BOOF 31 v2 setups...
2026-06-12 10:10:38,152  INFO  No BOOF 31 v2 setups found for options
2026-06-12 10:10:43,261  INFO  ============================================================
2026-06-12 10:10:43,261  INFO  OPTIONS SCAN — checking for BOOF 31 v2 setups...
2026-06-12 10:10:45,596  INFO  No BOOF 31 v2 setups found for options
2026-06-12 10:10:50,658  INFO  ============================================================
2026-06-12 10:10:50,659  INFO  OPTIONS SCAN — checking for BOOF 31 v2 setups...
2026-06-12 10:10:52,997  INFO  No BOOF 31 v2 setups found for options
2026-06-12 10:10:58,054  INFO  ============================================================
2026-06-12 10:10:58,054  INFO  OPTIONS SCAN — checking for BOOF 31 v2 setups...
2026-06-12 10:11:00,213  INFO  No BOOF 31 v2 setups found for options
2026-06-12 10:11:05,279  INFO  ============================================================
2026-06-12 10:11:05,280  INFO  OPTIONS SCAN — checking for BOOF 31 v2 setups...
2026-06-12 10:11:07,501  INFO  No BOOF 31 v2 setups found for options
2026-06-12 10:11:12,564  INFO  ============================================================
2026-06-12 10:11:12,564  INFO  OPTIONS SCAN — checking for BOOF 31 v2 setups...
2026-06-12 10:11:14,724  INFO  No BOOF 31 v2 setups found for options
2026-06-12 10:11:19,798  INFO  ============================================================
2026-06-12 10:11:19,798  INFO  OPTIONS SCAN — checking for BOOF 31 v2 setups...
2026-06-12 10:11:21,875  INFO  No BOOF 31 v2 setups found for options
2026-06-12 10:11:26,954  INFO  ============================================================
2026-06-12 10:11:26,954  INFO  OPTIONS SCAN — checking for BOOF 31 v2 setups...
2026-06-12 10:11:29,628  INFO  No BOOF 31 v2 setups found for options
2026-06-12 10:11:34,693  INFO  ============================================================
2026-06-12 10:11:34,693  INFO  OPTIONS SCAN — checking for BOOF 31 v2 setups...
2026-06-12 10:11:37,103  INFO  No BOOF 31 v2 setups found for options
2026-06-12 10:11:42,167  INFO  ============================================================
2026-06-12 10:11:42,167  INFO  OPTIONS SCAN — checking for BOOF 31 v2 setups...
2026-06-12 10:11:44,623  INFO  No BOOF 31 v2 setups found for options
2026-06-12 10:11:49,698  INFO  ============================================================
2026-06-12 10:11:49,698  INFO  OPTIONS SCAN — checking for BOOF 31 v2 setups...
2026-06-12 10:11:52,519  INFO  No BOOF 31 v2 setups found for options
2026-06-12 10:11:57,623  INFO  ============================================================
2026-06-12 10:11:57,623  INFO  OPTIONS SCAN — checking for BOOF 31 v2 setups...
2026-06-12 10:12:00,358  INFO  No BOOF 31 v2 setups found for options
2026-06-12 10:12:05,428  INFO  ============================================================
2026-06-12 10:12:05,428  INFO  OPTIONS SCAN — checking for BOOF 31 v2 setups...
2026-06-12 10:12:07,771  INFO  No BOOF 31 v2 setups found for options
2026-06-12 10:12:12,896  INFO  ============================================================
2026-06-12 10:12:12,897  INFO  OPTIONS SCAN — checking for BOOF 31 v2 setups...
2026-06-12 10:12:15,268  INFO  No BOOF 31 v2 setups found for options
2026-06-12 10:12:20,351  INFO  ============================================================
2026-06-12 10:12:20,352  INFO  OPTIONS SCAN — checking for BOOF 31 v2 setups...
2026-06-12 10:12:22,896  INFO  No BOOF 31 v2 setups found for options
2026-06-12 10:12:27,956  INFO  ============================================================
2026-06-12 10:12:27,957  INFO  OPTIONS SCAN — checking for BOOF 31 v2 setups...
2026-06-12 10:12:30,886  INFO  No BOOF 31 v2 setups found for options
2026-06-12 10:12:35,948  INFO  ============================================================
2026-06-12 10:12:35,948  INFO  OPTIONS SCAN — checking for BOOF 31 v2 setups...
2026-06-12 10:12:38,458  INFO  No BOOF 31 v2 setups found for options
2026-06-12 10:12:43,526  INFO  ============================================================
2026-06-12 10:12:43,527  INFO  OPTIONS SCAN — checking for BOOF 31 v2 setups...
2026-06-12 10:12:45,988  INFO  No BOOF 31 v2 setups found for options
2026-06-12 10:12:51,050  INFO  ============================================================
2026-06-12 10:12:51,050  INFO  OPTIONS SCAN — checking for BOOF 31 v2 setups...
2026-06-12 10:12:53,514  INFO  No BOOF 31 v2 setups found for options
2026-06-12 10:12:58,581  INFO  ============================================================
2026-06-12 10:12:58,581  INFO  OPTIONS SCAN — checking for BOOF 31 v2 setups...
2026-06-12 10:13:01,300  INFO  No BOOF 31 v2 setups found for options
2026-06-12 10:13:06,355  INFO  ============================================================
2026-06-12 10:13:06,355  INFO  OPTIONS SCAN — checking for BOOF 31 v2 setups...
2026-06-12 10:13:08,899  INFO  No BOOF 31 v2 setups found for options
2026-06-12 10:13:13,968  INFO  ============================================================
2026-06-12 10:13:13,968  INFO  OPTIONS SCAN — checking for BOOF 31 v2 setups...
2026-06-12 10:13:16,368  INFO  No BOOF 31 v2 setups found for options
2026-06-12 10:13:21,431  INFO  ============================================================
2026-06-12 10:13:21,432  INFO  OPTIONS SCAN — checking for BOOF 31 v2 setups...
2026-06-12 10:13:23,790  INFO  No BOOF 31 v2 setups found for options
2026-06-12 10:13:28,979  INFO  ============================================================
2026-06-12 10:13:28,979  INFO  OPTIONS SCAN — checking for BOOF 31 v2 setups...
2026-06-12 10:13:31,685  INFO  No BOOF 31 v2 setups found for options
2026-06-12 10:13:36,776  INFO  ============================================================
2026-06-12 10:13:36,776  INFO  OPTIONS SCAN — checking for BOOF 31 v2 setups...
2026-06-12 10:13:39,599  INFO  No BOOF 31 v2 setups found for options
2026-06-12 10:13:44,659  INFO  ============================================================
2026-06-12 10:13:44,659  INFO  OPTIONS SCAN — checking for BOOF 31 v2 setups...
2026-06-12 10:13:46,971  INFO  No BOOF 31 v2 setups found for options
2026-06-12 10:13:52,026  INFO  ============================================================
2026-06-12 10:13:52,026  INFO  OPTIONS SCAN — checking for BOOF 31 v2 setups...
2026-06-12 10:13:54,256  INFO  No BOOF 31 v2 setups found for options
2026-06-12 10:13:59,330  INFO  ============================================================
2026-06-12 10:13:59,331  INFO  OPTIONS SCAN — checking for BOOF 31 v2 setups...
2026-06-12 10:14:01,586  INFO  No BOOF 31 v2 setups found for options
2026-06-12 10:14:06,644  INFO  ============================================================
2026-06-12 10:14:06,644  INFO  OPTIONS SCAN — checking for BOOF 31 v2 setups...
2026-06-12 10:14:08,928  INFO  No BOOF 31 v2 setups found for options
2026-06-12 10:14:13,997  INFO  ============================================================
2026-06-12 10:14:13,998  INFO  OPTIONS SCAN — checking for BOOF 31 v2 setups...
2026-06-12 10:14:16,290  INFO  No BOOF 31 v2 setups found for options
2026-06-12 10:14:21,361  INFO  ============================================================
2026-06-12 10:14:21,361  INFO  OPTIONS SCAN — checking for BOOF 31 v2 setups...
2026-06-12 10:14:23,584  INFO  No BOOF 31 v2 setups found for options
2026-06-12 10:14:28,685  INFO  ============================================================
2026-06-12 10:14:28,685  INFO  OPTIONS SCAN — checking for BOOF 31 v2 setups...
2026-06-12 10:14:31,239  INFO  No BOOF 31 v2 setups found for options
2026-06-12 10:14:36,304  INFO  ============================================================
2026-06-12 10:14:36,304  INFO  OPTIONS SCAN — checking for BOOF 31 v2 setups...
2026-06-12 10:14:38,645  INFO  No BOOF 31 v2 setups found for options
2026-06-12 10:14:43,706  INFO  ============================================================
2026-06-12 10:14:43,707  INFO  OPTIONS SCAN — checking for BOOF 31 v2 setups...
2026-06-12 10:14:45,996  INFO  No BOOF 31 v2 setups found for options
2026-06-12 10:14:51,059  INFO  ============================================================
2026-06-12 10:14:51,059  INFO  OPTIONS SCAN — checking for BOOF 31 v2 setups...
2026-06-12 10:14:53,392  INFO  No BOOF 31 v2 setups found for options
2026-06-12 10:14:58,463  INFO  ============================================================
2026-06-12 10:14:58,463  INFO  OPTIONS SCAN — checking for BOOF 31 v2 setups...
2026-06-12 10:15:00,565  INFO  No BOOF 31 v2 setups found for options
2026-06-12 10:15:05,624  INFO  ============================================================
2026-06-12 10:15:05,624  INFO  OPTIONS SCAN — checking for BOOF 31 v2 setups...
2026-06-12 10:15:07,795  INFO  No BOOF 31 v2 setups found for options
2026-06-12 10:15:12,854  INFO  ============================================================
2026-06-12 10:15:12,854  INFO  OPTIONS SCAN — checking for BOOF 31 v2 setups...
2026-06-12 10:15:15,014  INFO  No BOOF 31 v2 setups found for options
2026-06-12 10:15:20,085  INFO  ============================================================
2026-06-12 10:15:20,085  INFO  OPTIONS SCAN — checking for BOOF 31 v2 setups...
2026-06-12 10:15:22,221  INFO  No BOOF 31 v2 setups found for options
2026-06-12 10:15:27,284  INFO  ============================================================
2026-06-12 10:15:27,284  INFO  OPTIONS SCAN — checking for BOOF 31 v2 setups...
2026-06-12 10:15:31,255  INFO  BOOF 31 v2 setups for options: ['AAPL(score:6)', 'META(score:7)', 'TSLA(score:6)', 'QQQ(score:7)', 'AVGO(score:7)', 'CRM(score:7)', 'PYPL(score:6)', 'COIN(score:6)', 'SMH(score:7)', 'SOXX(score:7)']
2026-06-12 10:15:31,256  WARNING  Error getting options for AAPL: name 'OptionType' is not defined
2026-06-12 10:15:31,256  WARNING    AAPL: No liquid PUT options available
2026-06-12 10:15:31,257  WARNING  Error getting options for META: name 'OptionType' is not defined
2026-06-12 10:15:31,257  WARNING    META: No liquid PUT options available
2026-06-12 10:15:31,257  WARNING  Error getting options for TSLA: name 'OptionType' is not defined
2026-06-12 10:15:31,257  WARNING    TSLA: No liquid PUT options available
2026-06-12 10:15:31,257  WARNING  Error getting options for QQQ: name 'OptionType' is not defined
2026-06-12 10:15:31,257  WARNING    QQQ: No liquid PUT options available
2026-06-12 10:15:31,258  WARNING  Error getting options for AVGO: name 'OptionType' is not defined
2026-06-12 10:15:31,258  WARNING    AVGO: No liquid PUT options available
2026-06-12 10:15:31,258  WARNING  Error getting options for CRM: name 'OptionType' is not defined
2026-06-12 10:15:31,258  WARNING    CRM: No liquid PUT options available
2026-06-12 10:15:31,258  WARNING  Error getting options for PYPL: name 'OptionType' is not defined
2026-06-12 10:15:31,258  WARNING    PYPL: No liquid PUT options available
2026-06-12 10:15:31,258  WARNING  Error getting options for COIN: name 'OptionType' is not defined
2026-06-12 10:15:31,258  WARNING    COIN: No liquid PUT options available
2026-06-12 10:15:31,259  WARNING  Error getting options for SMH: name 'OptionType' is not defined
2026-06-12 10:15:31,259  WARNING    SMH: No liquid PUT options available
2026-06-12 10:15:31,259  WARNING  Error getting options for SOXX: name 'OptionType' is not defined
2026-06-12 10:15:31,259  WARNING    SOXX: No liquid PUT options available
2026-06-12 10:15:31,259  INFO  No options positions entered.
2026-06-12 10:15:36,326  INFO  ============================================================
2026-06-12 10:15:36,326  INFO  OPTIONS SCAN — checking for BOOF 31 v2 setups...
2026-06-12 10:15:40,135  INFO  BOOF 31 v2 setups for options: ['AAPL(score:6)', 'META(score:7)', 'TSLA(score:6)', 'QQQ(score:7)', 'AVGO(score:7)', 'CRM(score:7)', 'PYPL(score:6)', 'COIN(score:6)', 'SMH(score:7)', 'SOXX(score:7)']
2026-06-12 10:15:40,136  WARNING  Error getting options for AAPL: name 'OptionType' is not defined
2026-06-12 10:15:40,136  WARNING    AAPL: No liquid PUT options available
2026-06-12 10:15:40,136  WARNING  Error getting options for META: name 'OptionType' is not defined
2026-06-12 10:15:40,137  WARNING    META: No liquid PUT options available
2026-06-12 10:15:40,137  WARNING  Error getting options for TSLA: name 'OptionType' is not defined
2026-06-12 10:15:40,139  WARNING    TSLA: No liquid PUT options available
2026-06-12 10:15:40,139  WARNING  Error getting options for QQQ: name 'OptionType' is not defined
2026-06-12 10:15:40,139  WARNING    QQQ: No liquid PUT options available
2026-06-12 10:15:40,140  WARNING  Error getting options for AVGO: name 'OptionType' is not defined
2026-06-12 10:15:40,140  WARNING    AVGO: No liquid PUT options available
2026-06-12 10:15:40,140  WARNING  Error getting options for CRM: name 'OptionType' is not defined
2026-06-12 10:15:40,140  WARNING    CRM: No liquid PUT options available
2026-06-12 10:15:40,141  WARNING  Error getting options for PYPL: name 'OptionType' is not defined
2026-06-12 10:15:40,141  WARNING    PYPL: No liquid PUT options available
2026-06-12 10:15:40,141  WARNING  Error getting options for COIN: name 'OptionType' is not defined
2026-06-12 10:15:40,141  WARNING    COIN: No liquid PUT options available
2026-06-12 10:15:40,141  WARNING  Error getting options for SMH: name 'OptionType' is not defined
2026-06-12 10:15:40,141  WARNING    SMH: No liquid PUT options available
2026-06-12 10:15:40,141  WARNING  Error getting options for SOXX: name 'OptionType' is not defined
2026-06-12 10:15:40,141  WARNING    SOXX: No liquid PUT options available
2026-06-12 10:15:40,142  INFO  No options positions entered.
2026-06-12 10:15:45,206  INFO  ============================================================
2026-06-12 10:15:45,206  INFO  OPTIONS SCAN — checking for BOOF 31 v2 setups...
2026-06-12 10:15:48,937  INFO  BOOF 31 v2 setups for options: ['AAPL(score:6)', 'META(score:7)', 'TSLA(score:6)', 'QQQ(score:7)', 'AVGO(score:7)', 'CRM(score:7)', 'PYPL(score:6)', 'COIN(score:6)', 'SMH(score:7)', 'SOXX(score:7)']
2026-06-12 10:15:48,938  WARNING  Error getting options for AAPL: name 'OptionType' is not defined
2026-06-12 10:15:48,938  WARNING    AAPL: No liquid PUT options available
2026-06-12 10:15:48,938  WARNING  Error getting options for META: name 'OptionType' is not defined
2026-06-12 10:15:48,938  WARNING    META: No liquid PUT options available
2026-06-12 10:15:48,938  WARNING  Error getting options for TSLA: name 'OptionType' is not defined
2026-06-12 10:15:48,938  WARNING    TSLA: No liquid PUT options available
2026-06-12 10:15:48,938  WARNING  Error getting options for QQQ: name 'OptionType' is not defined
2026-06-12 10:15:48,938  WARNING    QQQ: No liquid PUT options available
2026-06-12 10:15:48,938  WARNING  Error getting options for AVGO: name 'OptionType' is not defined
2026-06-12 10:15:48,939  WARNING    AVGO: No liquid PUT options available
2026-06-12 10:15:48,939  WARNING  Error getting options for CRM: name 'OptionType' is not defined
2026-06-12 10:15:48,939  WARNING    CRM: No liquid PUT options available
2026-06-12 10:15:48,939  WARNING  Error getting options for PYPL: name 'OptionType' is not defined
2026-06-12 10:15:48,939  WARNING    PYPL: No liquid PUT options available
2026-06-12 10:15:48,939  WARNING  Error getting options for COIN: name 'OptionType' is not defined
2026-06-12 10:15:48,939  WARNING    COIN: No liquid PUT options available
2026-06-12 10:15:48,939  WARNING  Error getting options for SMH: name 'OptionType' is not defined
2026-06-12 10:15:48,939  WARNING    SMH: No liquid PUT options available
2026-06-12 10:15:48,939  WARNING  Error getting options for SOXX: name 'OptionType' is not defined
2026-06-12 10:15:48,940  WARNING    SOXX: No liquid PUT options available
2026-06-12 10:15:48,940  INFO  No options positions entered.
2026-06-12 10:15:54,005  INFO  ============================================================
2026-06-12 10:15:54,005  INFO  OPTIONS SCAN — checking for BOOF 31 v2 setups...
2026-06-12 10:15:57,963  INFO  BOOF 31 v2 setups for options: ['AAPL(score:6)', 'META(score:7)', 'TSLA(score:6)', 'QQQ(score:7)', 'AVGO(score:7)', 'CRM(score:7)', 'PYPL(score:6)', 'COIN(score:6)', 'SMH(score:7)', 'SOXX(score:7)']
2026-06-12 10:15:57,964  WARNING  Error getting options for AAPL: name 'OptionType' is not defined
2026-06-12 10:15:57,965  WARNING    AAPL: No liquid PUT options available
2026-06-12 10:15:57,965  WARNING  Error getting options for META: name 'OptionType' is not defined
2026-06-12 10:15:57,966  WARNING    META: No liquid PUT options available
2026-06-12 10:15:57,966  WARNING  Error getting options for TSLA: name 'OptionType' is not defined
2026-06-12 10:15:57,966  WARNING    TSLA: No liquid PUT options available
2026-06-12 10:15:57,969  WARNING  Error getting options for QQQ: name 'OptionType' is not defined
2026-06-12 10:15:57,970  WARNING    QQQ: No liquid PUT options available
2026-06-12 10:15:57,971  WARNING  Error getting options for AVGO: name 'OptionType' is not defined
2026-06-12 10:15:57,972  WARNING    AVGO: No liquid PUT options available
2026-06-12 10:15:57,973  WARNING  Error getting options for CRM: name 'OptionType' is not defined
2026-06-12 10:15:57,974  WARNING    CRM: No liquid PUT options available
2026-06-12 10:15:57,977  WARNING  Error getting options for PYPL: name 'OptionType' is not defined
2026-06-12 10:15:57,980  WARNING    PYPL: No liquid PUT options available
2026-06-12 10:15:57,983  WARNING  Error getting options for COIN: name 'OptionType' is not defined
2026-06-12 10:15:57,988  WARNING    COIN: No liquid PUT options available
2026-06-12 10:15:57,993  WARNING  Error getting options for SMH: name 'OptionType' is not defined
2026-06-12 10:15:57,996  WARNING    SMH: No liquid PUT options available
2026-06-12 10:15:57,999  WARNING  Error getting options for SOXX: name 'OptionType' is not defined
2026-06-12 10:15:58,001  WARNING    SOXX: No liquid PUT options available
2026-06-12 10:15:58,003  INFO  No options positions entered.
2026-06-12 10:16:03,073  INFO  ============================================================
2026-06-12 10:16:03,073  INFO  OPTIONS SCAN — checking for BOOF 31 v2 setups...
2026-06-12 10:16:07,034  INFO  BOOF 31 v2 setups for options: ['AAPL(score:6)', 'META(score:7)', 'TSLA(score:6)', 'QQQ(score:7)', 'AVGO(score:7)', 'CRM(score:7)', 'PYPL(score:6)', 'COIN(score:6)', 'SMH(score:7)', 'SOXX(score:7)']
2026-06-12 10:16:07,035  WARNING  Error getting options for AAPL: name 'OptionType' is not defined
2026-06-12 10:16:07,035  WARNING    AAPL: No liquid PUT options available
2026-06-12 10:16:07,035  WARNING  Error getting options for META: name 'OptionType' is not defined
2026-06-12 10:16:07,035  WARNING    META: No liquid PUT options available
2026-06-12 10:16:07,035  WARNING  Error getting options for TSLA: name 'OptionType' is not defined
2026-06-12 10:16:07,035  WARNING    TSLA: No liquid PUT options available
2026-06-12 10:16:07,035  WARNING  Error getting options for QQQ: name 'OptionType' is not defined
2026-06-12 10:16:07,036  WARNING    QQQ: No liquid PUT options available
2026-06-12 10:16:07,036  WARNING  Error getting options for AVGO: name 'OptionType' is not defined
2026-06-12 10:16:07,036  WARNING    AVGO: No liquid PUT options available
2026-06-12 10:16:07,036  WARNING  Error getting options for CRM: name 'OptionType' is not defined
2026-06-12 10:16:07,036  WARNING    CRM: No liquid PUT options available
2026-06-12 10:16:07,036  WARNING  Error getting options for PYPL: name 'OptionType' is not defined
2026-06-12 10:16:07,036  WARNING    PYPL: No liquid PUT options available
2026-06-12 10:16:07,036  WARNING  Error getting options for COIN: name 'OptionType' is not defined
2026-06-12 10:16:07,036  WARNING    COIN: No liquid PUT options available
2026-06-12 10:16:07,036  WARNING  Error getting options for SMH: name 'OptionType' is not defined
2026-06-12 10:16:07,037  WARNING    SMH: No liquid PUT options available
2026-06-12 10:16:07,037  WARNING  Error getting options for SOXX: name 'OptionType' is not defined
2026-06-12 10:16:07,037  WARNING    SOXX: No liquid PUT options available
2026-06-12 10:16:07,037  INFO  No options positions entered.
2026-06-12 10:16:12,157  INFO  ============================================================
2026-06-12 10:16:12,157  INFO  OPTIONS SCAN — checking for BOOF 31 v2 setups...
2026-06-12 10:16:15,825  INFO  BOOF 31 v2 setups for options: ['AAPL(score:6)', 'META(score:7)', 'TSLA(score:6)', 'QQQ(score:7)', 'AVGO(score:7)', 'CRM(score:7)', 'PYPL(score:6)', 'COIN(score:6)', 'SMH(score:7)', 'SOXX(score:7)']
2026-06-12 10:16:15,825  WARNING  Error getting options for AAPL: name 'OptionType' is not defined
2026-06-12 10:16:15,826  WARNING    AAPL: No liquid PUT options available
2026-06-12 10:16:15,826  WARNING  Error getting options for META: name 'OptionType' is not defined
2026-06-12 10:16:15,826  WARNING    META: No liquid PUT options available
2026-06-12 10:16:15,826  WARNING  Error getting options for TSLA: name 'OptionType' is not defined
2026-06-12 10:16:15,826  WARNING    TSLA: No liquid PUT options available
2026-06-12 10:16:15,826  WARNING  Error getting options for QQQ: name 'OptionType' is not defined
2026-06-12 10:16:15,826  WARNING    QQQ: No liquid PUT options available
2026-06-12 10:16:15,826  WARNING  Error getting options for AVGO: name 'OptionType' is not defined
2026-06-12 10:16:15,827  WARNING    AVGO: No liquid PUT options available
2026-06-12 10:16:15,827  WARNING  Error getting options for CRM: name 'OptionType' is not defined
2026-06-12 10:16:15,827  WARNING    CRM: No liquid PUT options available
2026-06-12 10:16:15,827  WARNING  Error getting options for PYPL: name 'OptionType' is not defined
2026-06-12 10:16:15,827  WARNING    PYPL: No liquid PUT options available
2026-06-12 10:16:15,827  WARNING  Error getting options for COIN: name 'OptionType' is not defined
2026-06-12 10:16:15,827  WARNING    COIN: No liquid PUT options available
2026-06-12 10:16:15,828  WARNING  Error getting options for SMH: name 'OptionType' is not defined
2026-06-12 10:16:15,828  WARNING    SMH: No liquid PUT options available
2026-06-12 10:16:15,828  WARNING  Error getting options for SOXX: name 'OptionType' is not defined
2026-06-12 10:16:15,828  WARNING    SOXX: No liquid PUT options available
2026-06-12 10:16:15,828  INFO  No options positions entered.
2026-06-12 10:16:20,898  INFO  ============================================================
2026-06-12 10:16:20,898  INFO  OPTIONS SCAN — checking for BOOF 31 v2 setups...
2026-06-12 10:16:24,203  INFO  BOOF 31 v2 setups for options: ['AAPL(score:6)', 'META(score:7)', 'TSLA(score:6)', 'QQQ(score:7)', 'AVGO(score:7)', 'CRM(score:7)', 'PYPL(score:6)', 'COIN(score:6)']
2026-06-12 10:16:24,204  WARNING  Error getting options for AAPL: name 'OptionType' is not defined
2026-06-12 10:16:24,207  WARNING    AAPL: No liquid PUT options available
2026-06-12 10:16:24,208  WARNING  Error getting options for META: name 'OptionType' is not defined
2026-06-12 10:16:24,208  WARNING    META: No liquid PUT options available
2026-06-12 10:16:24,210  WARNING  Error getting options for TSLA: name 'OptionType' is not defined
2026-06-12 10:16:24,211  WARNING    TSLA: No liquid PUT options available
2026-06-12 10:16:24,213  WARNING  Error getting options for QQQ: name 'OptionType' is not defined
2026-06-12 10:16:24,214  WARNING    QQQ: No liquid PUT options available
2026-06-12 10:16:24,214  WARNING  Error getting options for AVGO: name 'OptionType' is not defined
2026-06-12 10:16:24,214  WARNING    AVGO: No liquid PUT options available
2026-06-12 10:16:24,216  WARNING  Error getting options for CRM: name 'OptionType' is not defined
2026-06-12 10:16:24,216  WARNING    CRM: No liquid PUT options available
2026-06-12 10:16:24,216  WARNING  Error getting options for PYPL: name 'OptionType' is not defined
2026-06-12 10:16:24,216  WARNING    PYPL: No liquid PUT options available
2026-06-12 10:16:24,216  WARNING  Error getting options for COIN: name 'OptionType' is not defined
2026-06-12 10:16:24,216  WARNING    COIN: No liquid PUT options available
2026-06-12 10:16:24,217  INFO  No options positions entered.
2026-06-12 10:16:29,298  INFO  ============================================================
2026-06-12 10:16:29,298  INFO  OPTIONS SCAN — checking for BOOF 31 v2 setups...
2026-06-12 10:16:32,502  INFO  No BOOF 31 v2 setups found for options
2026-06-12 10:16:37,568  INFO  ============================================================
2026-06-12 10:16:37,568  INFO  OPTIONS SCAN — checking for BOOF 31 v2 setups...
2026-06-12 10:16:40,591  INFO  No BOOF 31 v2 setups found for options
2026-06-12 10:16:45,654  INFO  ============================================================
2026-06-12 10:16:45,655  INFO  OPTIONS SCAN — checking for BOOF 31 v2 setups...
2026-06-12 10:16:48,952  INFO  No BOOF 31 v2 setups found for options
2026-06-12 10:16:54,010  INFO  ============================================================
2026-06-12 10:16:54,010  INFO  OPTIONS SCAN — checking for BOOF 31 v2 setups...
2026-06-12 10:16:57,096  INFO  No BOOF 31 v2 setups found for options
2026-06-12 10:17:02,157  INFO  ============================================================
2026-06-12 10:17:02,158  INFO  OPTIONS SCAN — checking for BOOF 31 v2 setups...
2026-06-12 10:17:05,299  INFO  No BOOF 31 v2 setups found for options
2026-06-12 10:17:10,361  INFO  ============================================================
2026-06-12 10:17:10,361  INFO  OPTIONS SCAN — checking for BOOF 31 v2 setups...
2026-06-12 10:17:13,619  INFO  No BOOF 31 v2 setups found for options
2026-06-12 10:17:18,833  INFO  ============================================================
2026-06-12 10:17:18,833  INFO  OPTIONS SCAN — checking for BOOF 31 v2 setups...
2026-06-12 10:17:21,648  INFO  No BOOF 31 v2 setups found for options
2026-06-12 10:17:26,709  INFO  ============================================================
2026-06-12 10:17:26,709  INFO  OPTIONS SCAN — checking for BOOF 31 v2 setups...
2026-06-12 10:17:31,162  INFO  No BOOF 31 v2 setups found for options
2026-06-12 10:17:36,259  INFO  ============================================================
2026-06-12 10:17:36,260  INFO  OPTIONS SCAN — checking for BOOF 31 v2 setups...
2026-06-12 10:17:40,516  INFO  No BOOF 31 v2 setups found for options
2026-06-12 10:17:45,586  INFO  ============================================================
2026-06-12 10:17:45,586  INFO  OPTIONS SCAN — checking for BOOF 31 v2 setups...
2026-06-12 10:17:49,573  INFO  No BOOF 31 v2 setups found for options
2026-06-12 10:17:54,628  INFO  ============================================================
2026-06-12 10:17:54,628  INFO  OPTIONS SCAN — checking for BOOF 31 v2 setups...
2026-06-12 10:17:58,404  INFO  No BOOF 31 v2 setups found for options
2026-06-12 10:18:03,462  INFO  ============================================================
2026-06-12 10:18:03,463  INFO  OPTIONS SCAN — checking for BOOF 31 v2 setups...
2026-06-12 10:18:06,884  INFO  No BOOF 31 v2 setups found for options
2026-06-12 10:18:11,947  INFO  ============================================================
2026-06-12 10:18:11,947  INFO  OPTIONS SCAN — checking for BOOF 31 v2 setups...
2026-06-12 10:18:15,298  INFO  No BOOF 31 v2 setups found for options
2026-06-12 10:18:20,363  INFO  ============================================================
2026-06-12 10:18:20,363  INFO  OPTIONS SCAN — checking for BOOF 31 v2 setups...
2026-06-12 10:18:23,513  INFO  No BOOF 31 v2 setups found for options
2026-06-12 10:18:28,574  INFO  ============================================================
2026-06-12 10:18:28,575  INFO  OPTIONS SCAN — checking for BOOF 31 v2 setups...
2026-06-12 10:18:31,159  INFO  No BOOF 31 v2 setups found for options
2026-06-12 10:18:36,224  INFO  ============================================================
2026-06-12 10:18:36,224  INFO  OPTIONS SCAN — checking for BOOF 31 v2 setups...
2026-06-12 10:18:38,602  INFO  No BOOF 31 v2 setups found for options
2026-06-12 10:18:43,666  INFO  ============================================================
2026-06-12 10:18:43,666  INFO  OPTIONS SCAN — checking for BOOF 31 v2 setups...
2026-06-12 10:18:46,132  INFO  No BOOF 31 v2 setups found for options
2026-06-12 10:18:51,219  INFO  ============================================================
2026-06-12 10:18:51,220  INFO  OPTIONS SCAN — checking for BOOF 31 v2 setups...
2026-06-12 10:18:54,257  INFO  No BOOF 31 v2 setups found for options
2026-06-12 10:18:59,328  INFO  ============================================================
2026-06-12 10:18:59,328  INFO  OPTIONS SCAN — checking for BOOF 31 v2 setups...
2026-06-12 10:19:01,997  INFO  No BOOF 31 v2 setups found for options
2026-06-12 10:19:07,067  INFO  ============================================================
2026-06-12 10:19:07,068  INFO  OPTIONS SCAN — checking for BOOF 31 v2 setups...
2026-06-12 10:19:09,715  INFO  No BOOF 31 v2 setups found for options
2026-06-12 10:19:14,775  INFO  ============================================================
2026-06-12 10:19:14,775  INFO  OPTIONS SCAN — checking for BOOF 31 v2 setups...
2026-06-12 10:19:17,450  INFO  No BOOF 31 v2 setups found for options
2026-06-12 10:19:22,520  INFO  ============================================================
2026-06-12 10:19:22,520  INFO  OPTIONS SCAN — checking for BOOF 31 v2 setups...
2026-06-12 10:19:25,097  INFO  No BOOF 31 v2 setups found for options
2026-06-12 10:19:30,160  INFO  ============================================================
2026-06-12 10:19:30,160  INFO  OPTIONS SCAN — checking for BOOF 31 v2 setups...
2026-06-12 10:19:33,362  INFO  No BOOF 31 v2 setups found for options
2026-06-12 10:19:38,423  INFO  ============================================================
2026-06-12 10:19:38,423  INFO  OPTIONS SCAN — checking for BOOF 31 v2 setups...
2026-06-12 10:19:41,090  INFO  No BOOF 31 v2 setups found for options
2026-06-12 10:19:46,157  INFO  ============================================================
2026-06-12 10:19:46,158  INFO  OPTIONS SCAN — checking for BOOF 31 v2 setups...
2026-06-12 10:19:48,946  INFO  No BOOF 31 v2 setups found for options
2026-06-12 10:19:54,013  INFO  ============================================================
2026-06-12 10:19:54,013  INFO  OPTIONS SCAN — checking for BOOF 31 v2 setups...
2026-06-12 10:19:56,860  INFO  No BOOF 31 v2 setups found for options
2026-06-12 10:20:01,939  INFO  ============================================================
2026-06-12 10:20:01,939  INFO  OPTIONS SCAN — checking for BOOF 31 v2 setups...
2026-06-12 10:20:04,411  INFO  No BOOF 31 v2 setups found for options
2026-06-12 10:20:09,474  INFO  ============================================================
2026-06-12 10:20:09,474  INFO  OPTIONS SCAN — checking for BOOF 31 v2 setups...
2026-06-12 10:20:12,207  INFO  No BOOF 31 v2 setups found for options
2026-06-12 10:20:17,270  INFO  ============================================================
2026-06-12 10:20:17,270  INFO  OPTIONS SCAN — checking for BOOF 31 v2 setups...
2026-06-12 10:20:19,887  INFO  No BOOF 31 v2 setups found for options
2026-06-12 10:20:24,954  INFO  ============================================================
2026-06-12 10:20:24,954  INFO  OPTIONS SCAN — checking for BOOF 31 v2 setups...
2026-06-12 10:20:27,475  INFO  No BOOF 31 v2 setups found for options
2026-06-12 10:20:32,539  INFO  ============================================================
2026-06-12 10:20:32,539  INFO  OPTIONS SCAN — checking for BOOF 31 v2 setups...
2026-06-12 10:20:35,269  INFO  No BOOF 31 v2 setups found for options
2026-06-12 10:20:40,334  INFO  ============================================================
2026-06-12 10:20:40,334  INFO  OPTIONS SCAN — checking for BOOF 31 v2 setups...
2026-06-12 10:20:42,761  INFO  No BOOF 31 v2 setups found for options
2026-06-12 10:20:47,848  INFO  ============================================================
2026-06-12 10:20:47,848  INFO  OPTIONS SCAN — checking for BOOF 31 v2 setups...
2026-06-12 10:20:50,454  INFO  No BOOF 31 v2 setups found for options
2026-06-12 10:20:55,518  INFO  ============================================================
2026-06-12 10:20:55,518  INFO  OPTIONS SCAN — checking for BOOF 31 v2 setups...
2026-06-12 10:20:58,138  INFO  No BOOF 31 v2 setups found for options
2026-06-12 10:21:03,255  INFO  ============================================================
2026-06-12 10:21:03,255  INFO  OPTIONS SCAN — checking for BOOF 31 v2 setups...
2026-06-12 10:21:05,730  INFO  No BOOF 31 v2 setups found for options
2026-06-12 10:21:10,799  INFO  ============================================================
2026-06-12 10:21:10,799  INFO  OPTIONS SCAN — checking for BOOF 31 v2 setups...
2026-06-12 10:21:13,217  INFO  No BOOF 31 v2 setups found for options
2026-06-12 10:21:18,276  INFO  ============================================================
2026-06-12 10:21:18,276  INFO  OPTIONS SCAN — checking for BOOF 31 v2 setups...
2026-06-12 10:21:20,864  INFO  No BOOF 31 v2 setups found for options
2026-06-12 10:21:25,925  INFO  ============================================================
2026-06-12 10:21:25,925  INFO  OPTIONS SCAN — checking for BOOF 31 v2 setups...
2026-06-12 10:21:29,047  INFO  No BOOF 31 v2 setups found for options
2026-06-12 10:21:34,114  INFO  ============================================================
2026-06-12 10:21:34,114  INFO  OPTIONS SCAN — checking for BOOF 31 v2 setups...
2026-06-12 10:21:37,135  INFO  No BOOF 31 v2 setups found for options
2026-06-12 10:21:42,307  INFO  ============================================================
2026-06-12 10:21:42,307  INFO  OPTIONS SCAN — checking for BOOF 31 v2 setups...
2026-06-12 10:21:45,247  INFO  No BOOF 31 v2 setups found for options
2026-06-12 10:21:50,306  INFO  ============================================================
2026-06-12 10:21:50,306  INFO  OPTIONS SCAN — checking for BOOF 31 v2 setups...
2026-06-12 10:21:52,785  INFO  No BOOF 31 v2 setups found for options
2026-06-12 10:21:57,845  INFO  ============================================================
2026-06-12 10:21:57,845  INFO  OPTIONS SCAN — checking for BOOF 31 v2 setups...
2026-06-12 10:22:00,285  INFO  No BOOF 31 v2 setups found for options
2026-06-12 10:22:05,361  INFO  ============================================================
2026-06-12 10:22:05,361  INFO  OPTIONS SCAN — checking for BOOF 31 v2 setups...
2026-06-12 10:22:07,673  INFO  No BOOF 31 v2 setups found for options
2026-06-12 10:22:12,737  INFO  ============================================================
2026-06-12 10:22:12,737  INFO  OPTIONS SCAN — checking for BOOF 31 v2 setups...
2026-06-12 10:22:14,913  INFO  No BOOF 31 v2 setups found for options
2026-06-12 10:22:20,033  INFO  ============================================================
2026-06-12 10:22:20,034  INFO  OPTIONS SCAN — checking for BOOF 31 v2 setups...
2026-06-12 10:22:22,326  INFO  No BOOF 31 v2 setups found for options
2026-06-12 10:22:27,399  INFO  ============================================================
2026-06-12 10:22:27,400  INFO  OPTIONS SCAN — checking for BOOF 31 v2 setups...
2026-06-12 10:22:29,765  INFO  No BOOF 31 v2 setups found for options
2026-06-12 10:22:34,824  INFO  ============================================================
2026-06-12 10:22:34,825  INFO  OPTIONS SCAN — checking for BOOF 31 v2 setups...
2026-06-12 10:22:37,013  INFO  No BOOF 31 v2 setups found for options
2026-06-12 10:22:42,134  INFO  ============================================================
2026-06-12 10:22:42,134  INFO  OPTIONS SCAN — checking for BOOF 31 v2 setups...
2026-06-12 10:22:44,257  INFO  No BOOF 31 v2 setups found for options
2026-06-12 10:22:49,318  INFO  ============================================================
2026-06-12 10:22:49,318  INFO  OPTIONS SCAN — checking for BOOF 31 v2 setups...
2026-06-12 10:22:51,572  INFO  No BOOF 31 v2 setups found for options
2026-06-12 10:22:56,651  INFO  ============================================================
2026-06-12 10:22:56,652  INFO  OPTIONS SCAN — checking for BOOF 31 v2 setups...
2026-06-12 10:22:58,702  INFO  No BOOF 31 v2 setups found for options
2026-06-12 10:23:03,755  INFO  ============================================================
2026-06-12 10:23:03,756  INFO  OPTIONS SCAN — checking for BOOF 31 v2 setups...
2026-06-12 10:23:05,837  INFO  No BOOF 31 v2 setups found for options
2026-06-12 10:23:10,897  INFO  ============================================================
2026-06-12 10:23:10,897  INFO  OPTIONS SCAN — checking for BOOF 31 v2 setups...
2026-06-12 10:23:12,896  INFO  No BOOF 31 v2 setups found for options
2026-06-12 10:23:17,957  INFO  ============================================================
2026-06-12 10:23:17,957  INFO  OPTIONS SCAN — checking for BOOF 31 v2 setups...
2026-06-12 10:23:20,126  INFO  No BOOF 31 v2 setups found for options
2026-06-12 10:23:25,183  INFO  ============================================================
2026-06-12 10:23:25,183  INFO  OPTIONS SCAN — checking for BOOF 31 v2 setups...
2026-06-12 10:23:27,784  INFO  No BOOF 31 v2 setups found for options
2026-06-12 10:23:32,902  INFO  ============================================================
2026-06-12 10:23:32,903  INFO  OPTIONS SCAN — checking for BOOF 31 v2 setups...
2026-06-12 10:23:35,146  INFO  No BOOF 31 v2 setups found for options
2026-06-12 10:23:40,207  INFO  ============================================================
2026-06-12 10:23:40,207  INFO  OPTIONS SCAN — checking for BOOF 31 v2 setups...
2026-06-12 10:23:42,527  INFO  No BOOF 31 v2 setups found for options
2026-06-12 10:23:47,599  INFO  ============================================================
2026-06-12 10:23:47,599  INFO  OPTIONS SCAN — checking for BOOF 31 v2 setups...
2026-06-12 10:23:49,898  INFO  No BOOF 31 v2 setups found for options
2026-06-12 10:23:54,964  INFO  ============================================================
2026-06-12 10:23:54,965  INFO  OPTIONS SCAN — checking for BOOF 31 v2 setups...
2026-06-12 10:23:57,181  INFO  No BOOF 31 v2 setups found for options
2026-06-12 10:24:02,241  INFO  ============================================================
2026-06-12 10:24:02,242  INFO  OPTIONS SCAN — checking for BOOF 31 v2 setups...
2026-06-12 10:24:04,367  INFO  No BOOF 31 v2 setups found for options
2026-06-12 10:24:09,437  INFO  ============================================================
2026-06-12 10:24:09,437  INFO  OPTIONS SCAN — checking for BOOF 31 v2 setups...
2026-06-12 10:24:11,669  INFO  No BOOF 31 v2 setups found for options
2026-06-12 10:24:16,748  INFO  ============================================================
2026-06-12 10:24:16,748  INFO  OPTIONS SCAN — checking for BOOF 31 v2 setups...
2026-06-12 10:24:18,859  INFO  No BOOF 31 v2 setups found for options
2026-06-12 10:24:23,930  INFO  ============================================================
2026-06-12 10:24:23,930  INFO  OPTIONS SCAN — checking for BOOF 31 v2 setups...
2026-06-12 10:24:26,459  INFO  No BOOF 31 v2 setups found for options
2026-06-12 10:24:31,521  INFO  ============================================================
2026-06-12 10:24:31,521  INFO  OPTIONS SCAN — checking for BOOF 31 v2 setups...
2026-06-12 10:24:34,232  INFO  No BOOF 31 v2 setups found for options
2026-06-12 10:24:39,291  INFO  ============================================================
2026-06-12 10:24:39,291  INFO  OPTIONS SCAN — checking for BOOF 31 v2 setups...
2026-06-12 10:24:41,362  INFO  No BOOF 31 v2 setups found for options
2026-06-12 10:24:46,430  INFO  ============================================================
2026-06-12 10:24:46,430  INFO  OPTIONS SCAN — checking for BOOF 31 v2 setups...
2026-06-12 10:24:48,542  INFO  No BOOF 31 v2 setups found for options
2026-06-12 10:24:53,603  INFO  ============================================================
2026-06-12 10:24:53,603  INFO  OPTIONS SCAN — checking for BOOF 31 v2 setups...
2026-06-12 10:24:55,744  INFO  No BOOF 31 v2 setups found for options
2026-06-12 10:25:00,808  INFO  ============================================================
2026-06-12 10:25:00,808  INFO  OPTIONS SCAN — checking for BOOF 31 v2 setups...
2026-06-12 10:25:02,849  INFO  No BOOF 31 v2 setups found for options
2026-06-12 10:25:08,076  INFO  ============================================================
2026-06-12 10:25:08,076  INFO  OPTIONS SCAN — checking for BOOF 31 v2 setups...
2026-06-12 10:25:10,201  INFO  No BOOF 31 v2 setups found for options
2026-06-12 10:25:15,269  INFO  ============================================================
2026-06-12 10:25:15,269  INFO  OPTIONS SCAN — checking for BOOF 31 v2 setups...
2026-06-12 10:25:17,292  INFO  No BOOF 31 v2 setups found for options
2026-06-12 10:25:22,348  INFO  ============================================================
2026-06-12 10:25:22,348  INFO  OPTIONS SCAN — checking for BOOF 31 v2 setups...
2026-06-12 10:25:24,607  INFO  No BOOF 31 v2 setups found for options
2026-06-12 10:25:29,685  INFO  ============================================================
2026-06-12 10:25:29,685  INFO  OPTIONS SCAN — checking for BOOF 31 v2 setups...
2026-06-12 10:25:31,989  INFO  No BOOF 31 v2 setups found for options
2026-06-12 10:25:37,054  INFO  ============================================================
2026-06-12 10:25:37,055  INFO  OPTIONS SCAN — checking for BOOF 31 v2 setups...
2026-06-12 10:25:39,378  INFO  No BOOF 31 v2 setups found for options
2026-06-12 10:25:44,446  INFO  ============================================================
2026-06-12 10:25:44,446  INFO  OPTIONS SCAN — checking for BOOF 31 v2 setups...
2026-06-12 10:25:46,793  INFO  No BOOF 31 v2 setups found for options
2026-06-12 10:25:51,859  INFO  ============================================================
2026-06-12 10:25:51,860  INFO  OPTIONS SCAN — checking for BOOF 31 v2 setups...
2026-06-12 10:25:54,262  INFO  No BOOF 31 v2 setups found for options
2026-06-12 10:25:59,367  INFO  ============================================================
2026-06-12 10:25:59,367  INFO  OPTIONS SCAN — checking for BOOF 31 v2 setups...
2026-06-12 10:26:01,727  INFO  No BOOF 31 v2 setups found for options
2026-06-12 10:26:06,811  INFO  ============================================================
2026-06-12 10:26:06,812  INFO  OPTIONS SCAN — checking for BOOF 31 v2 setups...
2026-06-12 10:26:09,202  INFO  No BOOF 31 v2 setups found for options
2026-06-12 10:26:14,410  INFO  ============================================================
2026-06-12 10:26:14,411  INFO  OPTIONS SCAN — checking for BOOF 31 v2 setups...
2026-06-12 10:26:16,967  INFO  No BOOF 31 v2 setups found for options
2026-06-12 10:26:22,024  INFO  ============================================================
2026-06-12 10:26:22,025  INFO  OPTIONS SCAN — checking for BOOF 31 v2 setups...
2026-06-12 10:26:24,564  INFO  No BOOF 31 v2 setups found for options
2026-06-12 10:26:29,741  INFO  ============================================================
2026-06-12 10:26:29,742  INFO  OPTIONS SCAN — checking for BOOF 31 v2 setups...
2026-06-12 10:26:33,072  INFO  No BOOF 31 v2 setups found for options
2026-06-12 10:26:38,147  INFO  ============================================================
2026-06-12 10:26:38,147  INFO  OPTIONS SCAN — checking for BOOF 31 v2 setups...
2026-06-12 10:26:41,207  INFO  No BOOF 31 v2 setups found for options
2026-06-12 10:26:46,277  INFO  ============================================================
2026-06-12 10:26:46,277  INFO  OPTIONS SCAN — checking for BOOF 31 v2 setups...
2026-06-12 10:26:49,245  INFO  No BOOF 31 v2 setups found for options
2026-06-12 10:26:54,300  INFO  ============================================================
2026-06-12 10:26:54,300  INFO  OPTIONS SCAN — checking for BOOF 31 v2 setups...
2026-06-12 10:26:57,450  INFO  No BOOF 31 v2 setups found for options
2026-06-12 10:27:02,519  INFO  ============================================================
2026-06-12 10:27:02,519  INFO  OPTIONS SCAN — checking for BOOF 31 v2 setups...
2026-06-12 10:27:05,375  INFO  No BOOF 31 v2 setups found for options
2026-06-12 10:27:10,431  INFO  ============================================================
2026-06-12 10:27:10,431  INFO  OPTIONS SCAN — checking for BOOF 31 v2 setups...
2026-06-12 10:27:13,038  INFO  No BOOF 31 v2 setups found for options
2026-06-12 10:27:18,109  INFO  ============================================================
2026-06-12 10:27:18,109  INFO  OPTIONS SCAN — checking for BOOF 31 v2 setups...
2026-06-12 10:27:20,773  INFO  No BOOF 31 v2 setups found for options
2026-06-12 10:27:25,840  INFO  ============================================================
2026-06-12 10:27:25,840  INFO  OPTIONS SCAN — checking for BOOF 31 v2 setups...
2026-06-12 10:27:29,367  INFO  No BOOF 31 v2 setups found for options
2026-06-12 10:27:34,436  INFO  ============================================================
2026-06-12 10:27:34,436  INFO  OPTIONS SCAN — checking for BOOF 31 v2 setups...
2026-06-12 10:27:37,376  INFO  No BOOF 31 v2 setups found for options
2026-06-12 10:27:42,442  INFO  ============================================================
2026-06-12 10:27:42,443  INFO  OPTIONS SCAN — checking for BOOF 31 v2 setups...
2026-06-12 10:27:45,272  INFO  No BOOF 31 v2 setups found for options
2026-06-12 10:27:50,360  INFO  ============================================================
2026-06-12 10:27:50,360  INFO  OPTIONS SCAN — checking for BOOF 31 v2 setups...
2026-06-12 10:27:53,002  INFO  No BOOF 31 v2 setups found for options
2026-06-12 10:27:58,062  INFO  ============================================================
2026-06-12 10:27:58,062  INFO  OPTIONS SCAN — checking for BOOF 31 v2 setups...
2026-06-12 10:28:00,500  INFO  No BOOF 31 v2 setups found for options
2026-06-12 10:28:05,561  INFO  ============================================================
2026-06-12 10:28:05,561  INFO  OPTIONS SCAN — checking for BOOF 31 v2 setups...
2026-06-12 10:28:08,032  INFO  No BOOF 31 v2 setups found for options
2026-06-12 10:28:13,091  INFO  ============================================================
2026-06-12 10:28:13,092  INFO  OPTIONS SCAN — checking for BOOF 31 v2 setups...
2026-06-12 10:28:15,451  INFO  No BOOF 31 v2 setups found for options
2026-06-12 10:28:20,511  INFO  ============================================================
2026-06-12 10:28:20,512  INFO  OPTIONS SCAN — checking for BOOF 31 v2 setups...
2026-06-12 10:28:22,773  INFO  No BOOF 31 v2 setups found for options
2026-06-12 10:28:27,843  INFO  ============================================================
2026-06-12 10:28:27,844  INFO  OPTIONS SCAN — checking for BOOF 31 v2 setups...
2026-06-12 10:28:30,819  INFO  No BOOF 31 v2 setups found for options
2026-06-12 10:28:35,884  INFO  ============================================================
2026-06-12 10:28:35,884  INFO  OPTIONS SCAN — checking for BOOF 31 v2 setups...
2026-06-12 10:28:38,645  INFO  No BOOF 31 v2 setups found for options
2026-06-12 10:28:43,716  INFO  ============================================================
2026-06-12 10:28:43,717  INFO  OPTIONS SCAN — checking for BOOF 31 v2 setups...
2026-06-12 10:28:46,399  INFO  No BOOF 31 v2 setups found for options
2026-06-12 10:28:51,707  INFO  ============================================================
2026-06-12 10:28:51,707  INFO  OPTIONS SCAN — checking for BOOF 31 v2 setups...
2026-06-12 10:28:54,220  INFO  No BOOF 31 v2 setups found for options
2026-06-12 10:28:59,278  INFO  ============================================================
2026-06-12 10:28:59,278  INFO  OPTIONS SCAN — checking for BOOF 31 v2 setups...
2026-06-12 10:29:01,721  INFO  No BOOF 31 v2 setups found for options
2026-06-12 10:29:06,785  INFO  ============================================================
2026-06-12 10:29:06,785  INFO  OPTIONS SCAN — checking for BOOF 31 v2 setups...
2026-06-12 10:29:09,398  INFO  No BOOF 31 v2 setups found for options
2026-06-12 10:29:14,459  INFO  ============================================================
2026-06-12 10:29:14,459  INFO  OPTIONS SCAN — checking for BOOF 31 v2 setups...
2026-06-12 10:29:16,972  INFO  No BOOF 31 v2 setups found for options
2026-06-12 10:29:22,035  INFO  ============================================================
2026-06-12 10:29:22,035  INFO  OPTIONS SCAN — checking for BOOF 31 v2 setups...
2026-06-12 10:29:24,603  INFO  No BOOF 31 v2 setups found for options
2026-06-12 10:29:29,685  INFO  ============================================================
2026-06-12 10:29:29,685  INFO  OPTIONS SCAN — checking for BOOF 31 v2 setups...
2026-06-12 10:29:32,550  INFO  BOOF 31 v2 setups for options: ['TSLA(score:6)']
2026-06-12 10:29:32,551  WARNING  Error getting options for TSLA: name 'OptionType' is not defined
2026-06-12 10:29:32,551  WARNING    TSLA: No liquid PUT options available
2026-06-12 10:29:32,552  INFO  No options positions entered.
2026-06-12 10:29:37,625  INFO  ============================================================
2026-06-12 10:29:37,626  INFO  OPTIONS SCAN — checking for BOOF 31 v2 setups...
2026-06-12 10:29:40,209  INFO  BOOF 31 v2 setups for options: ['TSLA(score:6)']
2026-06-12 10:29:40,209  WARNING  Error getting options for TSLA: name 'OptionType' is not defined
2026-06-12 10:29:40,209  WARNING    TSLA: No liquid PUT options available
2026-06-12 10:29:40,210  INFO  No options positions entered.
2026-06-12 10:29:45,262  INFO  ============================================================
2026-06-12 10:29:45,262  INFO  OPTIONS SCAN — checking for BOOF 31 v2 setups...
2026-06-12 10:29:47,737  INFO  BOOF 31 v2 setups for options: ['TSLA(score:6)']
2026-06-12 10:29:47,737  WARNING  Error getting options for TSLA: name 'OptionType' is not defined
2026-06-12 10:29:47,737  WARNING    TSLA: No liquid PUT options available
2026-06-12 10:29:47,738  INFO  No options positions entered.
2026-06-12 10:29:52,791  INFO  ============================================================
2026-06-12 10:29:52,791  INFO  OPTIONS SCAN — checking for BOOF 31 v2 setups...
2026-06-12 10:29:55,310  INFO  BOOF 31 v2 setups for options: ['TSLA(score:6)']
2026-06-12 10:29:55,311  WARNING  Error getting options for TSLA: name 'OptionType' is not defined
2026-06-12 10:29:55,311  WARNING    TSLA: No liquid PUT options available
2026-06-12 10:29:55,311  INFO  No options positions entered.
2026-06-12 10:30:00,376  INFO  ============================================================
2026-06-12 10:30:00,376  INFO  OPTIONS SCAN — checking for BOOF 31 v2 setups...
2026-06-12 10:30:02,788  INFO  BOOF 31 v2 setups for options: ['TSLA(score:6)']
2026-06-12 10:30:02,788  WARNING  Error getting options for TSLA: name 'OptionType' is not defined
2026-06-12 10:30:02,789  WARNING    TSLA: No liquid PUT options available
2026-06-12 10:30:02,789  INFO  No options positions entered.
2026-06-12 10:30:07,848  INFO  ============================================================
2026-06-12 10:30:07,849  INFO  OPTIONS SCAN — checking for BOOF 31 v2 setups...
2026-06-12 10:30:10,200  INFO  BOOF 31 v2 setups for options: ['TSLA(score:6)']
2026-06-12 10:30:10,201  WARNING  Error getting options for TSLA: name 'OptionType' is not defined
2026-06-12 10:30:10,201  WARNING    TSLA: No liquid PUT options available
2026-06-12 10:30:10,201  INFO  No options positions entered.
2026-06-12 10:30:15,262  INFO  ============================================================
2026-06-12 10:30:15,262  INFO  OPTIONS SCAN — checking for BOOF 31 v2 setups...
2026-06-12 10:30:17,372  INFO  BOOF 31 v2 setups for options: ['TSLA(score:6)']
2026-06-12 10:30:17,372  WARNING  Error getting options for TSLA: name 'OptionType' is not defined
2026-06-12 10:30:17,373  WARNING    TSLA: No liquid PUT options available
2026-06-12 10:30:17,374  INFO  No options positions entered.
2026-06-12 10:30:22,439  INFO  ============================================================
2026-06-12 10:30:22,439  INFO  OPTIONS SCAN — checking for BOOF 31 v2 setups...
2026-06-12 10:30:24,868  INFO  BOOF 31 v2 setups for options: ['TSLA(score:6)']
2026-06-12 10:30:24,868  WARNING  Error getting options for TSLA: name 'OptionType' is not defined
2026-06-12 10:30:24,868  WARNING    TSLA: No liquid PUT options available
2026-06-12 10:30:24,869  INFO  No options positions entered.
2026-06-12 10:30:29,939  INFO  ============================================================
2026-06-12 10:30:29,940  INFO  OPTIONS SCAN — checking for BOOF 31 v2 setups...
2026-06-12 10:30:32,242  INFO  BOOF 31 v2 setups for options: ['TSLA(score:6)']
2026-06-12 10:30:32,242  WARNING  Error getting options for TSLA: name 'OptionType' is not defined
2026-06-12 10:30:32,242  WARNING    TSLA: No liquid PUT options available
2026-06-12 10:30:32,243  INFO  No options positions entered.
2026-06-12 10:30:37,302  INFO  ============================================================
2026-06-12 10:30:37,303  INFO  OPTIONS SCAN — checking for BOOF 31 v2 setups...
2026-06-12 10:30:39,452  INFO  BOOF 31 v2 setups for options: ['TSLA(score:6)']
2026-06-12 10:30:39,452  WARNING  Error getting options for TSLA: name 'OptionType' is not defined
2026-06-12 10:30:39,452  WARNING    TSLA: No liquid PUT options available
2026-06-12 10:30:39,453  INFO  No options positions entered.
2026-06-12 10:30:44,524  INFO  ============================================================
2026-06-12 10:30:44,524  INFO  OPTIONS SCAN — checking for BOOF 31 v2 setups...
2026-06-12 10:30:46,558  INFO  BOOF 31 v2 setups for options: ['TSLA(score:6)']
2026-06-12 10:30:46,558  WARNING  Error getting options for TSLA: name 'OptionType' is not defined
2026-06-12 10:30:46,558  WARNING    TSLA: No liquid PUT options available
2026-06-12 10:30:46,559  INFO  No options positions entered.
2026-06-12 10:30:51,629  INFO  ============================================================
2026-06-12 10:30:51,629  INFO  OPTIONS SCAN — checking for BOOF 31 v2 setups...
2026-06-12 10:30:53,580  INFO  BOOF 31 v2 setups for options: ['TSLA(score:6)']
2026-06-12 10:30:53,581  WARNING  Error getting options for TSLA: name 'OptionType' is not defined
2026-06-12 10:30:53,581  WARNING    TSLA: No liquid PUT options available
2026-06-12 10:30:53,581  INFO  No options positions entered.
2026-06-12 10:30:58,650  INFO  ============================================================
2026-06-12 10:30:58,650  INFO  OPTIONS SCAN — checking for BOOF 31 v2 setups...
2026-06-12 10:31:00,644  INFO  BOOF 31 v2 setups for options: ['TSLA(score:6)']
2026-06-12 10:31:00,644  WARNING  Error getting options for TSLA: name 'OptionType' is not defined
2026-06-12 10:31:00,644  WARNING    TSLA: No liquid PUT options available
2026-06-12 10:31:00,645  INFO  No options positions entered.
2026-06-12 10:31:05,700  INFO  ============================================================
2026-06-12 10:31:05,700  INFO  OPTIONS SCAN — checking for BOOF 31 v2 setups...
2026-06-12 10:31:07,936  INFO  BOOF 31 v2 setups for options: ['TSLA(score:6)']
2026-06-12 10:31:07,936  WARNING  Error getting options for TSLA: name 'OptionType' is not defined
2026-06-12 10:31:07,936  WARNING    TSLA: No liquid PUT options available
2026-06-12 10:31:07,937  INFO  No options positions entered.
2026-06-12 10:31:13,003  INFO  ============================================================
2026-06-12 10:31:13,003  INFO  OPTIONS SCAN — checking for BOOF 31 v2 setups...
2026-06-12 10:31:15,132  INFO  BOOF 31 v2 setups for options: ['TSLA(score:6)']
2026-06-12 10:31:15,132  WARNING  Error getting options for TSLA: name 'OptionType' is not defined
2026-06-12 10:31:15,132  WARNING    TSLA: No liquid PUT options available
2026-06-12 10:31:15,133  INFO  No options positions entered.
2026-06-12 10:31:20,210  INFO  ============================================================
2026-06-12 10:31:20,210  INFO  OPTIONS SCAN — checking for BOOF 31 v2 setups...
2026-06-12 10:31:22,277  INFO  BOOF 31 v2 setups for options: ['TSLA(score:6)']
2026-06-12 10:31:22,277  WARNING  Error getting options for TSLA: name 'OptionType' is not defined
2026-06-12 10:31:22,277  WARNING    TSLA: No liquid PUT options available
2026-06-12 10:31:22,278  INFO  No options positions entered.
2026-06-12 10:31:27,380  INFO  ============================================================
2026-06-12 10:31:27,380  INFO  OPTIONS SCAN — checking for BOOF 31 v2 setups...
2026-06-12 10:31:31,109  INFO  No BOOF 31 v2 setups found for options
2026-06-12 10:31:36,184  INFO  ============================================================
2026-06-12 10:31:36,185  INFO  OPTIONS SCAN — checking for BOOF 31 v2 setups...
2026-06-12 10:31:40,249  INFO  No BOOF 31 v2 setups found for options
2026-06-12 10:31:45,315  INFO  ============================================================
2026-06-12 10:31:45,315  INFO  OPTIONS SCAN — checking for BOOF 31 v2 setups...
2026-06-12 10:31:48,960  INFO  No BOOF 31 v2 setups found for options
2026-06-12 10:31:54,016  INFO  ============================================================
2026-06-12 10:31:54,016  INFO  OPTIONS SCAN — checking for BOOF 31 v2 setups...
2026-06-12 10:31:57,843  INFO  No BOOF 31 v2 setups found for options
2026-06-12 10:32:02,911  INFO  ============================================================
2026-06-12 10:32:02,911  INFO  OPTIONS SCAN — checking for BOOF 31 v2 setups...
2026-06-12 10:32:06,582  INFO  No BOOF 31 v2 setups found for options
2026-06-12 10:32:11,635  INFO  ============================================================
2026-06-12 10:32:11,635  INFO  OPTIONS SCAN — checking for BOOF 31 v2 setups...
2026-06-12 10:32:14,899  INFO  No BOOF 31 v2 setups found for options
2026-06-12 10:32:19,960  INFO  ============================================================
2026-06-12 10:32:19,960  INFO  OPTIONS SCAN — checking for BOOF 31 v2 setups...
2026-06-12 10:32:22,917  INFO  No BOOF 31 v2 setups found for options
2026-06-12 10:32:27,989  INFO  ============================================================
2026-06-12 10:32:27,989  INFO  OPTIONS SCAN — checking for BOOF 31 v2 setups...
2026-06-12 10:32:31,367  INFO  No BOOF 31 v2 setups found for options
2026-06-12 10:32:36,445  INFO  ============================================================
2026-06-12 10:32:36,445  INFO  OPTIONS SCAN — checking for BOOF 31 v2 setups...
2026-06-12 10:32:39,570  INFO  No BOOF 31 v2 setups found for options
2026-06-12 10:32:44,736  INFO  ============================================================
2026-06-12 10:32:44,737  INFO  OPTIONS SCAN — checking for BOOF 31 v2 setups...
2026-06-12 10:32:47,813  INFO  No BOOF 31 v2 setups found for options
2026-06-12 10:32:52,874  INFO  ============================================================
2026-06-12 10:32:52,875  INFO  OPTIONS SCAN — checking for BOOF 31 v2 setups...
2026-06-12 10:32:55,827  INFO  No BOOF 31 v2 setups found for options
2026-06-12 10:33:00,972  INFO  ============================================================
2026-06-12 10:33:00,972  INFO  OPTIONS SCAN — checking for BOOF 31 v2 setups...
2026-06-12 10:33:03,921  INFO  No BOOF 31 v2 setups found for options
2026-06-12 10:33:08,983  INFO  ============================================================
2026-06-12 10:33:08,983  INFO  OPTIONS SCAN — checking for BOOF 31 v2 setups...
2026-06-12 10:33:11,932  INFO  No BOOF 31 v2 setups found for options
2026-06-12 10:33:17,012  INFO  ============================================================
2026-06-12 10:33:17,012  INFO  OPTIONS SCAN — checking for BOOF 31 v2 setups...
2026-06-12 10:33:19,723  INFO  No BOOF 31 v2 setups found for options
2026-06-12 10:33:24,818  INFO  ============================================================
2026-06-12 10:33:24,819  INFO  OPTIONS SCAN — checking for BOOF 31 v2 setups...
2026-06-12 10:33:27,454  INFO  No BOOF 31 v2 setups found for options
2026-06-12 10:33:32,529  INFO  ============================================================
2026-06-12 10:33:32,529  INFO  OPTIONS SCAN — checking for BOOF 31 v2 setups...
2026-06-12 10:33:35,043  INFO  No BOOF 31 v2 setups found for options
2026-06-12 10:33:40,134  INFO  ============================================================
2026-06-12 10:33:40,134  INFO  OPTIONS SCAN — checking for BOOF 31 v2 setups...
2026-06-12 10:33:42,723  INFO  No BOOF 31 v2 setups found for options
2026-06-12 10:33:47,784  INFO  ============================================================
2026-06-12 10:33:47,784  INFO  OPTIONS SCAN — checking for BOOF 31 v2 setups...
2026-06-12 10:33:50,023  INFO  No BOOF 31 v2 setups found for options
2026-06-12 10:33:55,089  INFO  ============================================================
2026-06-12 10:33:55,089  INFO  OPTIONS SCAN — checking for BOOF 31 v2 setups...
2026-06-12 10:33:57,536  INFO  No BOOF 31 v2 setups found for options
2026-06-12 10:34:02,598  INFO  ============================================================
2026-06-12 10:34:02,598  INFO  OPTIONS SCAN — checking for BOOF 31 v2 setups...
2026-06-12 10:34:04,918  INFO  No BOOF 31 v2 setups found for options
2026-06-12 10:34:09,982  INFO  ============================================================
2026-06-12 10:34:09,982  INFO  OPTIONS SCAN — checking for BOOF 31 v2 setups...
2026-06-12 10:34:12,354  INFO  No BOOF 31 v2 setups found for options
2026-06-12 10:34:17,431  INFO  ============================================================
2026-06-12 10:34:17,440  INFO  OPTIONS SCAN — checking for BOOF 31 v2 setups...
2026-06-12 10:34:19,911  INFO  No BOOF 31 v2 setups found for options
2026-06-12 10:34:24,968  INFO  ============================================================
2026-06-12 10:34:24,969  INFO  OPTIONS SCAN — checking for BOOF 31 v2 setups...
2026-06-12 10:34:27,397  INFO  No BOOF 31 v2 setups found for options
2026-06-12 10:34:32,456  INFO  ============================================================
2026-06-12 10:34:32,456  INFO  OPTIONS SCAN — checking for BOOF 31 v2 setups...
2026-06-12 10:34:34,709  INFO  No BOOF 31 v2 setups found for options
2026-06-12 10:34:39,790  INFO  ============================================================
2026-06-12 10:34:39,790  INFO  OPTIONS SCAN — checking for BOOF 31 v2 setups...
2026-06-12 10:34:42,006  INFO  No BOOF 31 v2 setups found for options
2026-06-12 10:34:47,074  INFO  ============================================================
2026-06-12 10:34:47,075  INFO  OPTIONS SCAN — checking for BOOF 31 v2 setups...
2026-06-12 10:34:49,312  INFO  No BOOF 31 v2 setups found for options
2026-06-12 10:34:54,375  INFO  ============================================================
2026-06-12 10:34:54,375  INFO  OPTIONS SCAN — checking for BOOF 31 v2 setups...
2026-06-12 10:34:56,666  INFO  No BOOF 31 v2 setups found for options
2026-06-12 10:35:01,730  INFO  ============================================================
2026-06-12 10:35:01,730  INFO  OPTIONS SCAN — checking for BOOF 31 v2 setups...
2026-06-12 10:35:03,931  INFO  No BOOF 31 v2 setups found for options
2026-06-12 10:35:08,989  INFO  ============================================================
2026-06-12 10:35:08,989  INFO  OPTIONS SCAN — checking for BOOF 31 v2 setups...
2026-06-12 10:35:11,819  INFO  No BOOF 31 v2 setups found for options
2026-06-12 10:35:16,883  INFO  ============================================================
2026-06-12 10:35:16,883  INFO  OPTIONS SCAN — checking for BOOF 31 v2 setups...
2026-06-12 10:35:19,149  INFO  No BOOF 31 v2 setups found for options
2026-06-12 10:35:24,205  INFO  ============================================================
2026-06-12 10:35:24,206  INFO  OPTIONS SCAN — checking for BOOF 31 v2 setups...
2026-06-12 10:35:26,745  INFO  No BOOF 31 v2 setups found for options
2026-06-12 10:35:31,810  INFO  ============================================================
2026-06-12 10:35:31,810  INFO  OPTIONS SCAN — checking for BOOF 31 v2 setups...
2026-06-12 10:35:34,271  INFO  No BOOF 31 v2 setups found for options
2026-06-12 10:35:39,331  INFO  ============================================================
2026-06-12 10:35:39,331  INFO  OPTIONS SCAN — checking for BOOF 31 v2 setups...
2026-06-12 10:35:41,660  INFO  No BOOF 31 v2 setups found for options
2026-06-12 10:35:46,727  INFO  ============================================================
2026-06-12 10:35:46,727  INFO  OPTIONS SCAN — checking for BOOF 31 v2 setups...
2026-06-12 10:35:48,905  INFO  No BOOF 31 v2 setups found for options
2026-06-12 10:35:53,965  INFO  ============================================================
2026-06-12 10:35:53,965  INFO  OPTIONS SCAN — checking for BOOF 31 v2 setups...
2026-06-12 10:35:56,086  INFO  No BOOF 31 v2 setups found for options
2026-06-12 10:36:01,165  INFO  ============================================================
2026-06-12 10:36:01,165  INFO  OPTIONS SCAN — checking for BOOF 31 v2 setups...
2026-06-12 10:36:03,172  INFO  No BOOF 31 v2 setups found for options
2026-06-12 10:36:08,238  INFO  ============================================================
2026-06-12 10:36:08,238  INFO  OPTIONS SCAN — checking for BOOF 31 v2 setups...
2026-06-12 10:36:10,718  INFO  No BOOF 31 v2 setups found for options
2026-06-12 10:36:15,820  INFO  ============================================================
2026-06-12 10:36:15,821  INFO  OPTIONS SCAN — checking for BOOF 31 v2 setups...
2026-06-12 10:36:17,863  INFO  No BOOF 31 v2 setups found for options
2026-06-12 10:36:22,922  INFO  ============================================================
2026-06-12 10:36:22,922  INFO  OPTIONS SCAN — checking for BOOF 31 v2 setups...
2026-06-12 10:36:25,383  INFO  No BOOF 31 v2 setups found for options
2026-06-12 10:36:30,453  INFO  ============================================================
2026-06-12 10:36:30,454  INFO  OPTIONS SCAN — checking for BOOF 31 v2 setups...
2026-06-12 10:36:33,127  INFO  No BOOF 31 v2 setups found for options
2026-06-12 10:36:38,339  INFO  ============================================================
2026-06-12 10:36:38,339  INFO  OPTIONS SCAN — checking for BOOF 31 v2 setups...
2026-06-12 10:36:40,845  INFO  No BOOF 31 v2 setups found for options
2026-06-12 10:36:45,944  INFO  ============================================================
2026-06-12 10:36:45,944  INFO  OPTIONS SCAN — checking for BOOF 31 v2 setups...
2026-06-12 10:36:48,827  INFO  No BOOF 31 v2 setups found for options
2026-06-12 10:36:53,896  INFO  ============================================================
2026-06-12 10:36:53,896  INFO  OPTIONS SCAN — checking for BOOF 31 v2 setups...
2026-06-12 10:36:56,244  INFO  No BOOF 31 v2 setups found for options
2026-06-12 10:37:01,317  INFO  ============================================================
2026-06-12 10:37:01,317  INFO  OPTIONS SCAN — checking for BOOF 31 v2 setups...
2026-06-12 10:37:03,546  INFO  No BOOF 31 v2 setups found for options
2026-06-12 10:37:08,631  INFO  ============================================================
2026-06-12 10:37:08,632  INFO  OPTIONS SCAN — checking for BOOF 31 v2 setups...
2026-06-12 10:37:10,752  INFO  No BOOF 31 v2 setups found for options
2026-06-12 10:37:16,540  INFO  ============================================================
2026-06-12 10:37:16,540  INFO  OPTIONS SCAN — checking for BOOF 31 v2 setups...
2026-06-12 10:37:18,598  INFO  No BOOF 31 v2 setups found for options
2026-06-12 10:37:23,671  INFO  ============================================================
2026-06-12 10:37:23,672  INFO  OPTIONS SCAN — checking for BOOF 31 v2 setups...
2026-06-12 10:37:26,106  INFO  No BOOF 31 v2 setups found for options
2026-06-12 10:37:31,168  INFO  ============================================================
2026-06-12 10:37:31,170  INFO  OPTIONS SCAN — checking for BOOF 31 v2 setups...
2026-06-12 10:37:33,545  INFO  No BOOF 31 v2 setups found for options
2026-06-12 10:37:38,604  INFO  ============================================================
2026-06-12 10:37:38,604  INFO  OPTIONS SCAN — checking for BOOF 31 v2 setups...
2026-06-12 10:37:40,763  INFO  No BOOF 31 v2 setups found for options
2026-06-12 10:37:45,832  INFO  ============================================================
2026-06-12 10:37:45,832  INFO  OPTIONS SCAN — checking for BOOF 31 v2 setups...
2026-06-12 10:37:48,246  INFO  No BOOF 31 v2 setups found for options
2026-06-12 10:37:53,320  INFO  ============================================================
2026-06-12 10:37:53,321  INFO  OPTIONS SCAN — checking for BOOF 31 v2 setups...
2026-06-12 10:37:55,808  INFO  No BOOF 31 v2 setups found for options
2026-06-12 10:38:00,870  INFO  ============================================================
2026-06-12 10:38:00,870  INFO  OPTIONS SCAN — checking for BOOF 31 v2 setups...
2026-06-12 10:38:03,239  INFO  No BOOF 31 v2 setups found for options
2026-06-12 10:38:08,308  INFO  ============================================================
2026-06-12 10:38:08,308  INFO  OPTIONS SCAN — checking for BOOF 31 v2 setups...
2026-06-12 10:38:10,660  INFO  No BOOF 31 v2 setups found for options
2026-06-12 10:38:15,728  INFO  ============================================================
2026-06-12 10:38:15,728  INFO  OPTIONS SCAN — checking for BOOF 31 v2 setups...
2026-06-12 10:38:17,982  INFO  No BOOF 31 v2 setups found for options
2026-06-12 10:38:23,051  INFO  ============================================================
2026-06-12 10:38:23,051  INFO  OPTIONS SCAN — checking for BOOF 31 v2 setups...
2026-06-12 10:38:25,188  INFO  No BOOF 31 v2 setups found for options
2026-06-12 10:38:30,246  INFO  ============================================================
2026-06-12 10:38:30,246  INFO  OPTIONS SCAN — checking for BOOF 31 v2 setups...
2026-06-12 10:38:32,458  INFO  No BOOF 31 v2 setups found for options
2026-06-12 10:38:37,525  INFO  ============================================================
2026-06-12 10:38:37,526  INFO  OPTIONS SCAN — checking for BOOF 31 v2 setups...
2026-06-12 10:38:39,902  INFO  No BOOF 31 v2 setups found for options
2026-06-12 10:38:44,965  INFO  ============================================================
2026-06-12 10:38:44,965  INFO  OPTIONS SCAN — checking for BOOF 31 v2 setups...
2026-06-12 10:38:46,926  INFO  No BOOF 31 v2 setups found for options
2026-06-12 10:38:52,015  INFO  ============================================================
2026-06-12 10:38:52,015  INFO  OPTIONS SCAN — checking for BOOF 31 v2 setups...
2026-06-12 10:38:54,341  INFO  No BOOF 31 v2 setups found for options
2026-06-12 10:38:59,417  INFO  ============================================================
2026-06-12 10:38:59,417  INFO  OPTIONS SCAN — checking for BOOF 31 v2 setups...
2026-06-12 10:39:02,663  INFO  No BOOF 31 v2 setups found for options
2026-06-12 10:39:07,791  INFO  ============================================================
2026-06-12 10:39:07,792  INFO  OPTIONS SCAN — checking for BOOF 31 v2 setups...
2026-06-12 10:39:10,033  INFO  No BOOF 31 v2 setups found for options
2026-06-12 10:39:15,097  INFO  ============================================================
2026-06-12 10:39:15,097  INFO  OPTIONS SCAN — checking for BOOF 31 v2 setups...
2026-06-12 10:39:16,908  INFO  No BOOF 31 v2 setups found for options
2026-06-12 10:39:21,971  INFO  ============================================================
2026-06-12 10:39:21,971  INFO  OPTIONS SCAN — checking for BOOF 31 v2 setups...
2026-06-12 10:39:23,714  INFO  No BOOF 31 v2 setups found for options
2026-06-12 10:39:28,790  INFO  ============================================================
2026-06-12 10:39:28,790  INFO  OPTIONS SCAN — checking for BOOF 31 v2 setups...
2026-06-12 10:39:30,925  INFO  No BOOF 31 v2 setups found for options
2026-06-12 10:39:35,999  INFO  ============================================================
2026-06-12 10:39:35,999  INFO  OPTIONS SCAN — checking for BOOF 31 v2 setups...
2026-06-12 10:39:38,002  INFO  No BOOF 31 v2 setups found for options
2026-06-12 10:39:43,068  INFO  ============================================================
2026-06-12 10:39:43,068  INFO  OPTIONS SCAN — checking for BOOF 31 v2 setups...
2026-06-12 10:39:45,169  INFO  No BOOF 31 v2 setups found for options
2026-06-12 10:39:50,232  INFO  ============================================================
2026-06-12 10:39:50,233  INFO  OPTIONS SCAN — checking for BOOF 31 v2 setups...
2026-06-12 10:39:52,304  INFO  No BOOF 31 v2 setups found for options
2026-06-12 10:39:57,367  INFO  ============================================================
2026-06-12 10:39:57,367  INFO  OPTIONS SCAN — checking for BOOF 31 v2 setups...
2026-06-12 10:39:59,402  INFO  No BOOF 31 v2 setups found for options
2026-06-12 10:40:04,473  INFO  ============================================================
2026-06-12 10:40:04,473  INFO  OPTIONS SCAN — checking for BOOF 31 v2 setups...
2026-06-12 10:40:06,553  INFO  No BOOF 31 v2 setups found for options
2026-06-12 10:40:11,764  INFO  ============================================================
2026-06-12 10:40:11,764  INFO  OPTIONS SCAN — checking for BOOF 31 v2 setups...
2026-06-12 10:40:13,683  INFO  No BOOF 31 v2 setups found for options
2026-06-12 10:40:18,749  INFO  ============================================================
2026-06-12 10:40:18,749  INFO  OPTIONS SCAN — checking for BOOF 31 v2 setups...
2026-06-12 10:40:20,694  INFO  No BOOF 31 v2 setups found for options
2026-06-12 10:40:25,750  INFO  ============================================================
2026-06-12 10:40:25,750  INFO  OPTIONS SCAN — checking for BOOF 31 v2 setups...
2026-06-12 10:40:27,725  INFO  No BOOF 31 v2 setups found for options
2026-06-12 10:40:32,808  INFO  ============================================================
2026-06-12 10:40:32,808  INFO  OPTIONS SCAN — checking for BOOF 31 v2 setups...
2026-06-12 10:40:35,088  INFO  No BOOF 31 v2 setups found for options
2026-06-12 10:40:40,328  INFO  ============================================================
2026-06-12 10:40:40,328  INFO  OPTIONS SCAN — checking for BOOF 31 v2 setups...
2026-06-12 10:40:42,299  INFO  No BOOF 31 v2 setups found for options
2026-06-12 10:40:47,474  INFO  ============================================================
2026-06-12 10:40:47,474  INFO  OPTIONS SCAN — checking for BOOF 31 v2 setups...
2026-06-12 10:40:49,376  INFO  No BOOF 31 v2 setups found for options
2026-06-12 10:40:54,465  INFO  ============================================================
2026-06-12 10:40:54,465  INFO  OPTIONS SCAN — checking for BOOF 31 v2 setups...
2026-06-12 10:40:56,645  INFO  No BOOF 31 v2 setups found for options
2026-06-12 10:41:01,730  INFO  ============================================================
2026-06-12 10:41:01,730  INFO  OPTIONS SCAN — checking for BOOF 31 v2 setups...
2026-06-12 10:41:03,870  INFO  No BOOF 31 v2 setups found for options
2026-06-12 10:41:08,926  INFO  ============================================================
2026-06-12 10:41:08,926  INFO  OPTIONS SCAN — checking for BOOF 31 v2 setups...
2026-06-12 10:41:10,903  INFO  No BOOF 31 v2 setups found for options
2026-06-12 10:41:15,959  INFO  ============================================================
2026-06-12 10:41:15,959  INFO  OPTIONS SCAN — checking for BOOF 31 v2 setups...
2026-06-12 10:41:17,955  INFO  No BOOF 31 v2 setups found for options
2026-06-12 10:41:23,015  INFO  ============================================================
2026-06-12 10:41:23,015  INFO  OPTIONS SCAN — checking for BOOF 31 v2 setups...
2026-06-12 10:41:25,160  INFO  No BOOF 31 v2 setups found for options
2026-06-12 10:41:30,224  INFO  ============================================================
2026-06-12 10:41:30,224  INFO  OPTIONS SCAN — checking for BOOF 31 v2 setups...
2026-06-12 10:41:33,190  INFO  No BOOF 31 v2 setups found for options
2026-06-12 10:41:38,267  INFO  ============================================================
2026-06-12 10:41:38,268  INFO  OPTIONS SCAN — checking for BOOF 31 v2 setups...
2026-06-12 10:41:41,892  INFO  No BOOF 31 v2 setups found for options
2026-06-12 10:41:46,960  INFO  ============================================================
2026-06-12 10:41:46,960  INFO  OPTIONS SCAN — checking for BOOF 31 v2 setups...
2026-06-12 10:41:50,146  INFO  No BOOF 31 v2 setups found for options
2026-06-12 10:41:55,213  INFO  ============================================================
2026-06-12 10:41:55,214  INFO  OPTIONS SCAN — checking for BOOF 31 v2 setups...
2026-06-12 10:41:58,148  INFO  No BOOF 31 v2 setups found for options
2026-06-12 10:42:03,219  INFO  ============================================================
2026-06-12 10:42:03,219  INFO  OPTIONS SCAN — checking for BOOF 31 v2 setups...
2026-06-12 10:42:05,940  INFO  No BOOF 31 v2 setups found for options
2026-06-12 10:42:10,999  INFO  ============================================================
2026-06-12 10:42:10,999  INFO  OPTIONS SCAN — checking for BOOF 31 v2 setups...
2026-06-12 10:42:13,750  INFO  No BOOF 31 v2 setups found for options
2026-06-12 10:42:18,819  INFO  ============================================================
2026-06-12 10:42:18,819  INFO  OPTIONS SCAN — checking for BOOF 31 v2 setups...
2026-06-12 10:42:21,509  INFO  No BOOF 31 v2 setups found for options
2026-06-12 10:42:26,570  INFO  ============================================================
2026-06-12 10:42:26,577  INFO  OPTIONS SCAN — checking for BOOF 31 v2 setups...
2026-06-12 10:42:30,417  INFO  BOOF 31 v2 setups for options: ['TSLA(score:6)', 'MSTR(score:6)']
2026-06-12 10:42:30,417  WARNING  Error getting options for TSLA: name 'OptionType' is not defined
2026-06-12 10:42:30,417  WARNING    TSLA: No liquid PUT options available
2026-06-12 10:42:30,417  WARNING  Error getting options for MSTR: name 'OptionType' is not defined
2026-06-12 10:42:30,417  WARNING    MSTR: No liquid PUT options available
2026-06-12 10:42:30,418  INFO  No options positions entered.
2026-06-12 10:42:35,474  INFO  ============================================================
2026-06-12 10:42:35,474  INFO  OPTIONS SCAN — checking for BOOF 31 v2 setups...
2026-06-12 10:42:38,910  INFO  BOOF 31 v2 setups for options: ['TSLA(score:6)', 'MSTR(score:6)']
2026-06-12 10:42:38,910  WARNING  Error getting options for TSLA: name 'OptionType' is not defined
2026-06-12 10:42:38,911  WARNING    TSLA: No liquid PUT options available
2026-06-12 10:42:38,911  WARNING  Error getting options for MSTR: name 'OptionType' is not defined
2026-06-12 10:42:38,911  WARNING    MSTR: No liquid PUT options available
2026-06-12 10:42:38,911  INFO  No options positions entered.
2026-06-12 10:42:43,972  INFO  ============================================================
2026-06-12 10:42:43,972  INFO  OPTIONS SCAN — checking for BOOF 31 v2 setups...
2026-06-12 10:42:47,354  INFO  BOOF 31 v2 setups for options: ['TSLA(score:6)', 'MSTR(score:6)']
2026-06-12 10:42:47,355  WARNING  Error getting options for TSLA: name 'OptionType' is not defined
2026-06-12 10:42:47,355  WARNING    TSLA: No liquid PUT options available
2026-06-12 10:42:47,355  WARNING  Error getting options for MSTR: name 'OptionType' is not defined
2026-06-12 10:42:47,355  WARNING    MSTR: No liquid PUT options available
2026-06-12 10:42:47,356  INFO  No options positions entered.
2026-06-12 10:42:52,415  INFO  ============================================================
2026-06-12 10:42:52,415  INFO  OPTIONS SCAN — checking for BOOF 31 v2 setups...
2026-06-12 10:42:56,145  INFO  BOOF 31 v2 setups for options: ['TSLA(score:6)', 'MSTR(score:6)']
2026-06-12 10:42:56,145  WARNING  Error getting options for TSLA: name 'OptionType' is not defined
2026-06-12 10:42:56,145  WARNING    TSLA: No liquid PUT options available
2026-06-12 10:42:56,145  WARNING  Error getting options for MSTR: name 'OptionType' is not defined
2026-06-12 10:42:56,146  WARNING    MSTR: No liquid PUT options available
2026-06-12 10:42:56,146  INFO  No options positions entered.
2026-06-12 10:43:01,249  INFO  ============================================================
2026-06-12 10:43:01,249  INFO  OPTIONS SCAN — checking for BOOF 31 v2 setups...
2026-06-12 10:43:04,134  INFO  BOOF 31 v2 setups for options: ['TSLA(score:6)', 'MSTR(score:6)']
2026-06-12 10:43:04,135  WARNING  Error getting options for TSLA: name 'OptionType' is not defined
2026-06-12 10:43:04,135  WARNING    TSLA: No liquid PUT options available
2026-06-12 10:43:04,135  WARNING  Error getting options for MSTR: name 'OptionType' is not defined
2026-06-12 10:43:04,135  WARNING    MSTR: No liquid PUT options available
2026-06-12 10:43:04,136  INFO  No options positions entered.
2026-06-12 10:43:09,202  INFO  ============================================================
2026-06-12 10:43:09,202  INFO  OPTIONS SCAN — checking for BOOF 31 v2 setups...
2026-06-12 10:43:11,970  INFO  BOOF 31 v2 setups for options: ['TSLA(score:6)', 'MSTR(score:6)']
2026-06-12 10:43:11,972  WARNING  Error getting options for TSLA: name 'OptionType' is not defined
2026-06-12 10:43:11,972  WARNING    TSLA: No liquid PUT options available
2026-06-12 10:43:11,973  WARNING  Error getting options for MSTR: name 'OptionType' is not defined
2026-06-12 10:43:11,973  WARNING    MSTR: No liquid PUT options available
2026-06-12 10:43:11,974  INFO  No options positions entered.
2026-06-12 10:43:17,035  INFO  ============================================================
2026-06-12 10:43:17,035  INFO  OPTIONS SCAN — checking for BOOF 31 v2 setups...
2026-06-12 10:43:20,058  INFO  BOOF 31 v2 setups for options: ['TSLA(score:6)', 'MSTR(score:6)']
2026-06-12 10:43:20,058  WARNING  Error getting options for TSLA: name 'OptionType' is not defined
2026-06-12 10:43:20,058  WARNING    TSLA: No liquid PUT options available
2026-06-12 10:43:20,059  WARNING  Error getting options for MSTR: name 'OptionType' is not defined
2026-06-12 10:43:20,059  WARNING    MSTR: No liquid PUT options available
2026-06-12 10:43:20,059  INFO  No options positions entered.
2026-06-12 10:43:25,121  INFO  ============================================================
2026-06-12 10:43:25,121  INFO  OPTIONS SCAN — checking for BOOF 31 v2 setups...
2026-06-12 10:43:27,825  INFO  No BOOF 31 v2 setups found for options
2026-06-12 10:43:32,887  INFO  ============================================================
2026-06-12 10:43:32,888  INFO  OPTIONS SCAN — checking for BOOF 31 v2 setups...
2026-06-12 10:43:35,309  INFO  No BOOF 31 v2 setups found for options
2026-06-12 10:43:40,376  INFO  ============================================================
2026-06-12 10:43:40,376  INFO  OPTIONS SCAN — checking for BOOF 31 v2 setups...
2026-06-12 10:43:42,468  INFO  No BOOF 31 v2 setups found for options
2026-06-12 10:43:47,525  INFO  ============================================================
2026-06-12 10:43:47,525  INFO  OPTIONS SCAN — checking for BOOF 31 v2 setups...
2026-06-12 10:43:49,757  INFO  No BOOF 31 v2 setups found for options
2026-06-12 10:43:54,817  INFO  ============================================================
2026-06-12 10:43:54,817  INFO  OPTIONS SCAN — checking for BOOF 31 v2 setups...
2026-06-12 10:43:57,100  INFO  No BOOF 31 v2 setups found for options
2026-06-12 10:44:02,161  INFO  ============================================================
2026-06-12 10:44:02,161  INFO  OPTIONS SCAN — checking for BOOF 31 v2 setups...
2026-06-12 10:44:04,196  INFO  No BOOF 31 v2 setups found for options
2026-06-12 10:44:09,258  INFO  ============================================================
2026-06-12 10:44:09,258  INFO  OPTIONS SCAN — checking for BOOF 31 v2 setups...
2026-06-12 10:44:11,419  INFO  No BOOF 31 v2 setups found for options
2026-06-12 10:44:16,501  INFO  ============================================================
2026-06-12 10:44:16,501  INFO  OPTIONS SCAN — checking for BOOF 31 v2 setups...
2026-06-12 10:44:19,410  INFO  No BOOF 31 v2 setups found for options
2026-06-12 10:44:24,471  INFO  ============================================================
2026-06-12 10:44:24,471  INFO  OPTIONS SCAN — checking for BOOF 31 v2 setups...
2026-06-12 10:44:27,084  INFO  No BOOF 31 v2 setups found for options
2026-06-12 10:44:32,158  INFO  ============================================================
2026-06-12 10:44:32,158  INFO  OPTIONS SCAN — checking for BOOF 31 v2 setups...
2026-06-12 10:44:34,856  INFO  No BOOF 31 v2 setups found for options
2026-06-12 10:44:39,926  INFO  ============================================================
2026-06-12 10:44:39,927  INFO  OPTIONS SCAN — checking for BOOF 31 v2 setups...
2026-06-12 10:44:42,402  INFO  No BOOF 31 v2 setups found for options
2026-06-12 10:44:47,465  INFO  ============================================================
2026-06-12 10:44:47,466  INFO  OPTIONS SCAN — checking for BOOF 31 v2 setups...
2026-06-12 10:44:49,767  INFO  No BOOF 31 v2 setups found for options
2026-06-12 10:44:54,826  INFO  ============================================================
2026-06-12 10:44:54,826  INFO  OPTIONS SCAN — checking for BOOF 31 v2 setups...
2026-06-12 10:44:59,555  INFO  No BOOF 31 v2 setups found for options
2026-06-12 10:45:04,621  INFO  ============================================================
2026-06-12 10:45:04,621  INFO  OPTIONS SCAN — checking for BOOF 31 v2 setups...
2026-06-12 10:45:06,954  INFO  No BOOF 31 v2 setups found for options
2026-06-12 10:45:12,020  INFO  ============================================================
2026-06-12 10:45:12,020  INFO  OPTIONS SCAN — checking for BOOF 31 v2 setups...
2026-06-12 10:45:14,290  INFO  No BOOF 31 v2 setups found for options
2026-06-12 10:45:19,378  INFO  ============================================================
2026-06-12 10:45:19,378  INFO  OPTIONS SCAN — checking for BOOF 31 v2 setups...
2026-06-12 10:45:21,598  INFO  No BOOF 31 v2 setups found for options
2026-06-12 10:45:26,659  INFO  ============================================================
2026-06-12 10:45:26,659  INFO  OPTIONS SCAN — checking for BOOF 31 v2 setups...
2026-06-12 10:45:28,998  INFO  No BOOF 31 v2 setups found for options
2026-06-12 10:45:34,063  INFO  ============================================================
2026-06-12 10:45:34,063  INFO  OPTIONS SCAN — checking for BOOF 31 v2 setups...
2026-06-12 10:45:36,145  INFO  No BOOF 31 v2 setups found for options
2026-06-12 10:45:41,207  INFO  ============================================================
2026-06-12 10:45:41,207  INFO  OPTIONS SCAN — checking for BOOF 31 v2 setups...
2026-06-12 10:45:43,153  INFO  No BOOF 31 v2 setups found for options
2026-06-12 10:45:48,218  INFO  ============================================================
2026-06-12 10:45:48,218  INFO  OPTIONS SCAN — checking for BOOF 31 v2 setups...
2026-06-12 10:45:50,465  INFO  No BOOF 31 v2 setups found for options
2026-06-12 10:45:55,534  INFO  ============================================================
2026-06-12 10:45:55,534  INFO  OPTIONS SCAN — checking for BOOF 31 v2 setups...
2026-06-12 10:45:57,683  INFO  No BOOF 31 v2 setups found for options
2026-06-12 10:46:02,752  INFO  ============================================================
2026-06-12 10:46:02,752  INFO  OPTIONS SCAN — checking for BOOF 31 v2 setups...
2026-06-12 10:46:04,832  INFO  No BOOF 31 v2 setups found for options
2026-06-12 10:46:09,954  INFO  ============================================================
2026-06-12 10:46:09,954  INFO  OPTIONS SCAN — checking for BOOF 31 v2 setups...
2026-06-12 10:46:12,041  INFO  No BOOF 31 v2 setups found for options
2026-06-12 10:46:17,100  INFO  ============================================================
2026-06-12 10:46:17,100  INFO  OPTIONS SCAN — checking for BOOF 31 v2 setups...
2026-06-12 10:46:19,078  INFO  No BOOF 31 v2 setups found for options
2026-06-12 10:46:24,302  INFO  ============================================================
2026-06-12 10:46:24,302  INFO  OPTIONS SCAN — checking for BOOF 31 v2 setups...
2026-06-12 10:46:27,090  INFO  No BOOF 31 v2 setups found for options
2026-06-12 10:46:32,160  INFO  ============================================================
2026-06-12 10:46:32,161  INFO  OPTIONS SCAN — checking for BOOF 31 v2 setups...
2026-06-12 10:46:35,384  INFO  No BOOF 31 v2 setups found for options
2026-06-12 10:46:40,449  INFO  ============================================================
2026-06-12 10:46:40,449  INFO  OPTIONS SCAN — checking for BOOF 31 v2 setups...
2026-06-12 10:46:43,556  INFO  No BOOF 31 v2 setups found for options
2026-06-12 10:46:48,618  INFO  ============================================================
2026-06-12 10:46:48,618  INFO  OPTIONS SCAN — checking for BOOF 31 v2 setups...
2026-06-12 10:46:51,753  INFO  No BOOF 31 v2 setups found for options
2026-06-12 10:46:56,817  INFO  ============================================================
2026-06-12 10:46:56,817  INFO  OPTIONS SCAN — checking for BOOF 31 v2 setups...
2026-06-12 10:46:59,549  INFO  No BOOF 31 v2 setups found for options
2026-06-12 10:47:04,619  INFO  ============================================================
2026-06-12 10:47:04,619  INFO  OPTIONS SCAN — checking for BOOF 31 v2 setups...
2026-06-12 10:47:07,603  INFO  No BOOF 31 v2 setups found for options
2026-06-12 10:47:12,676  INFO  ============================================================
2026-06-12 10:47:12,676  INFO  OPTIONS SCAN — checking for BOOF 31 v2 setups...
2026-06-12 10:47:15,480  INFO  No BOOF 31 v2 setups found for options
2026-06-12 10:47:20,546  INFO  ============================================================
2026-06-12 10:47:20,546  INFO  OPTIONS SCAN — checking for BOOF 31 v2 setups...
2026-06-12 10:47:23,026  INFO  No BOOF 31 v2 setups found for options
2026-06-12 10:47:28,108  INFO  ============================================================
2026-06-12 10:47:28,108  INFO  OPTIONS SCAN — checking for BOOF 31 v2 setups...
2026-06-12 10:47:30,804  INFO  No BOOF 31 v2 setups found for options
2026-06-12 10:47:35,861  INFO  ============================================================
2026-06-12 10:47:35,861  INFO  OPTIONS SCAN — checking for BOOF 31 v2 setups...
2026-06-12 10:47:38,428  INFO  No BOOF 31 v2 setups found for options
2026-06-12 10:47:43,484  INFO  ============================================================
2026-06-12 10:47:43,484  INFO  OPTIONS SCAN — checking for BOOF 31 v2 setups...
2026-06-12 10:47:46,047  INFO  No BOOF 31 v2 setups found for options
2026-06-12 10:47:51,122  INFO  ============================================================
2026-06-12 10:47:51,122  INFO  OPTIONS SCAN — checking for BOOF 31 v2 setups...
2026-06-12 10:47:53,348  INFO  No BOOF 31 v2 setups found for options
2026-06-12 10:47:58,431  INFO  ============================================================
2026-06-12 10:47:58,431  INFO  OPTIONS SCAN — checking for BOOF 31 v2 setups...
2026-06-12 10:48:00,912  INFO  No BOOF 31 v2 setups found for options
2026-06-12 10:48:05,974  INFO  ============================================================
2026-06-12 10:48:05,974  INFO  OPTIONS SCAN — checking for BOOF 31 v2 setups...
2026-06-12 10:48:08,278  INFO  No BOOF 31 v2 setups found for options
2026-06-12 10:48:13,341  INFO  ============================================================
2026-06-12 10:48:13,341  INFO  OPTIONS SCAN — checking for BOOF 31 v2 setups...
2026-06-12 10:48:15,632  INFO  No BOOF 31 v2 setups found for options
2026-06-12 10:48:20,719  INFO  ============================================================
2026-06-12 10:48:20,720  INFO  OPTIONS SCAN — checking for BOOF 31 v2 setups...
2026-06-12 10:48:23,236  INFO  No BOOF 31 v2 setups found for options
2026-06-12 10:48:28,295  INFO  ============================================================
2026-06-12 10:48:28,296  INFO  OPTIONS SCAN — checking for BOOF 31 v2 setups...
2026-06-12 10:48:30,929  INFO  No BOOF 31 v2 setups found for options
2026-06-12 10:48:36,003  INFO  ============================================================
2026-06-12 10:48:36,003  INFO  OPTIONS SCAN — checking for BOOF 31 v2 setups...
2026-06-12 10:48:38,752  INFO  No BOOF 31 v2 setups found for options
2026-06-12 10:48:43,814  INFO  ============================================================
2026-06-12 10:48:43,815  INFO  OPTIONS SCAN — checking for BOOF 31 v2 setups...
2026-06-12 10:48:46,525  INFO  No BOOF 31 v2 setups found for options
2026-06-12 10:48:51,586  INFO  ============================================================
2026-06-12 10:48:51,586  INFO  OPTIONS SCAN — checking for BOOF 31 v2 setups...
2026-06-12 10:48:54,048  INFO  No BOOF 31 v2 setups found for options
2026-06-12 10:48:59,117  INFO  ============================================================
2026-06-12 10:48:59,118  INFO  OPTIONS SCAN — checking for BOOF 31 v2 setups...
2026-06-12 10:49:01,601  INFO  No BOOF 31 v2 setups found for options
2026-06-12 10:49:06,662  INFO  ============================================================
2026-06-12 10:49:06,663  INFO  OPTIONS SCAN — checking for BOOF 31 v2 setups...
2026-06-12 10:49:08,901  INFO  No BOOF 31 v2 setups found for options
2026-06-12 10:49:13,961  INFO  ============================================================
2026-06-12 10:49:13,962  INFO  OPTIONS SCAN — checking for BOOF 31 v2 setups...
2026-06-12 10:49:16,233  INFO  No BOOF 31 v2 setups found for options
2026-06-12 10:49:21,341  INFO  ============================================================
2026-06-12 10:49:21,343  INFO  OPTIONS SCAN — checking for BOOF 31 v2 setups...
2026-06-12 10:49:23,734  INFO  No BOOF 31 v2 setups found for options
2026-06-12 10:49:28,798  INFO  ============================================================
2026-06-12 10:49:28,798  INFO  OPTIONS SCAN — checking for BOOF 31 v2 setups...
2026-06-12 10:49:31,314  INFO  No BOOF 31 v2 setups found for options
2026-06-12 10:49:36,374  INFO  ============================================================
2026-06-12 10:49:36,375  INFO  OPTIONS SCAN — checking for BOOF 31 v2 setups...
2026-06-12 10:49:38,645  INFO  No BOOF 31 v2 setups found for options
2026-06-12 10:49:43,783  INFO  ============================================================
2026-06-12 10:49:43,783  INFO  OPTIONS SCAN — checking for BOOF 31 v2 setups...
2026-06-12 10:49:45,974  INFO  No BOOF 31 v2 setups found for options
2026-06-12 10:49:51,035  INFO  ============================================================
2026-06-12 10:49:51,035  INFO  OPTIONS SCAN — checking for BOOF 31 v2 setups...
2026-06-12 10:49:53,125  INFO  No BOOF 31 v2 setups found for options
2026-06-12 10:49:58,215  INFO  ============================================================
2026-06-12 10:49:58,217  INFO  OPTIONS SCAN — checking for BOOF 31 v2 setups...
2026-06-12 10:50:00,307  INFO  No BOOF 31 v2 setups found for options
2026-06-12 10:50:05,377  INFO  ============================================================
2026-06-12 10:50:05,377  INFO  OPTIONS SCAN — checking for BOOF 31 v2 setups...
2026-06-12 10:50:07,511  INFO  No BOOF 31 v2 setups found for options
2026-06-12 10:50:12,577  INFO  ============================================================
2026-06-12 10:50:12,578  INFO  OPTIONS SCAN — checking for BOOF 31 v2 setups...
2026-06-12 10:50:14,593  INFO  No BOOF 31 v2 setups found for options
2026-06-12 10:50:19,659  INFO  ============================================================
2026-06-12 10:50:19,660  INFO  OPTIONS SCAN — checking for BOOF 31 v2 setups...
2026-06-12 10:50:21,667  INFO  No BOOF 31 v2 setups found for options
2026-06-12 10:50:26,727  INFO  ============================================================
2026-06-12 10:50:26,727  INFO  OPTIONS SCAN — checking for BOOF 31 v2 setups...
2026-06-12 10:50:29,021  INFO  No BOOF 31 v2 setups found for options
2026-06-12 10:50:34,083  INFO  ============================================================
2026-06-12 10:50:34,083  INFO  OPTIONS SCAN — checking for BOOF 31 v2 setups...
2026-06-12 10:50:36,537  INFO  No BOOF 31 v2 setups found for options
2026-06-12 10:50:41,593  INFO  ============================================================
2026-06-12 10:50:41,593  INFO  OPTIONS SCAN — checking for BOOF 31 v2 setups...
2026-06-12 10:50:43,923  INFO  No BOOF 31 v2 setups found for options
2026-06-12 10:50:48,993  INFO  ============================================================
2026-06-12 10:50:48,993  INFO  OPTIONS SCAN — checking for BOOF 31 v2 setups...
2026-06-12 10:50:51,271  INFO  No BOOF 31 v2 setups found for options
2026-06-12 10:50:56,332  INFO  ============================================================
2026-06-12 10:50:56,332  INFO  OPTIONS SCAN — checking for BOOF 31 v2 setups...
2026-06-12 10:50:58,530  INFO  No BOOF 31 v2 setups found for options
2026-06-12 10:51:03,598  INFO  ============================================================
2026-06-12 10:51:03,598  INFO  OPTIONS SCAN — checking for BOOF 31 v2 setups...
2026-06-12 10:51:06,064  INFO  No BOOF 31 v2 setups found for options
2026-06-12 10:51:11,129  INFO  ============================================================
2026-06-12 10:51:11,130  INFO  OPTIONS SCAN — checking for BOOF 31 v2 setups...
2026-06-12 10:51:13,551  INFO  No BOOF 31 v2 setups found for options
2026-06-12 10:51:18,625  INFO  ============================================================
2026-06-12 10:51:18,625  INFO  OPTIONS SCAN — checking for BOOF 31 v2 setups...
2026-06-12 10:51:20,969  INFO  No BOOF 31 v2 setups found for options
2026-06-12 10:51:26,033  INFO  ============================================================
2026-06-12 10:51:26,034  INFO  OPTIONS SCAN — checking for BOOF 31 v2 setups...
2026-06-12 10:51:28,772  INFO  No BOOF 31 v2 setups found for options
2026-06-12 10:51:33,836  INFO  ============================================================
2026-06-12 10:51:33,836  INFO  OPTIONS SCAN — checking for BOOF 31 v2 setups...
2026-06-12 10:51:36,809  INFO  No BOOF 31 v2 setups found for options
2026-06-12 10:51:41,877  INFO  ============================================================
2026-06-12 10:51:41,878  INFO  OPTIONS SCAN — checking for BOOF 31 v2 setups...
2026-06-12 10:51:44,611  INFO  No BOOF 31 v2 setups found for options
2026-06-12 10:51:49,678  INFO  ============================================================
2026-06-12 10:51:49,678  INFO  OPTIONS SCAN — checking for BOOF 31 v2 setups...
2026-06-12 10:51:52,329  INFO  No BOOF 31 v2 setups found for options
2026-06-12 10:51:57,396  INFO  ============================================================
2026-06-12 10:51:57,396  INFO  OPTIONS SCAN — checking for BOOF 31 v2 setups...
2026-06-12 10:52:00,205  INFO  No BOOF 31 v2 setups found for options
2026-06-12 10:52:05,267  INFO  ============================================================
2026-06-12 10:52:05,267  INFO  OPTIONS SCAN — checking for BOOF 31 v2 setups...
2026-06-12 10:52:07,850  INFO  No BOOF 31 v2 setups found for options
2026-06-12 10:52:12,927  INFO  ============================================================
2026-06-12 10:52:12,928  INFO  OPTIONS SCAN — checking for BOOF 31 v2 setups...
2026-06-12 10:52:15,323  INFO  No BOOF 31 v2 setups found for options
2026-06-12 10:52:20,388  INFO  ============================================================
2026-06-12 10:52:20,388  INFO  OPTIONS SCAN — checking for BOOF 31 v2 setups...
2026-06-12 10:52:22,624  INFO  No BOOF 31 v2 setups found for options
2026-06-12 10:52:27,693  INFO  ============================================================
2026-06-12 10:52:27,693  INFO  OPTIONS SCAN — checking for BOOF 31 v2 setups...
2026-06-12 10:52:31,166  INFO  BOOF 31 v2 setups for options: ['AMD(score:6)']
2026-06-12 10:52:31,166  WARNING  Error getting options for AMD: name 'OptionType' is not defined
2026-06-12 10:52:31,166  WARNING    AMD: No liquid PUT options available
2026-06-12 10:52:31,167  INFO  No options positions entered.
2026-06-12 10:52:36,234  INFO  ============================================================
2026-06-12 10:52:36,234  INFO  OPTIONS SCAN — checking for BOOF 31 v2 setups...
2026-06-12 10:52:39,111  INFO  BOOF 31 v2 setups for options: ['AMD(score:6)']
2026-06-12 10:52:39,120  WARNING  Error getting options for AMD: name 'OptionType' is not defined
2026-06-12 10:52:39,120  WARNING    AMD: No liquid PUT options available
2026-06-12 10:52:39,120  INFO  No options positions entered.
2026-06-12 10:52:44,180  INFO  ============================================================
2026-06-12 10:52:44,180  INFO  OPTIONS SCAN — checking for BOOF 31 v2 setups...
2026-06-12 10:52:46,884  INFO  BOOF 31 v2 setups for options: ['AMD(score:6)']
2026-06-12 10:52:46,885  WARNING  Error getting options for AMD: name 'OptionType' is not defined
2026-06-12 10:52:46,885  WARNING    AMD: No liquid PUT options available
2026-06-12 10:52:46,885  INFO  No options positions entered.
2026-06-12 10:52:51,951  INFO  ============================================================
2026-06-12 10:52:51,951  INFO  OPTIONS SCAN — checking for BOOF 31 v2 setups...
2026-06-12 10:52:54,564  INFO  BOOF 31 v2 setups for options: ['AMD(score:6)']
2026-06-12 10:52:54,565  WARNING  Error getting options for AMD: name 'OptionType' is not defined
2026-06-12 10:52:54,565  WARNING    AMD: No liquid PUT options available
2026-06-12 10:52:54,565  INFO  No options positions entered.
2026-06-12 10:52:59,626  INFO  ============================================================
2026-06-12 10:52:59,626  INFO  OPTIONS SCAN — checking for BOOF 31 v2 setups...
2026-06-12 10:53:02,121  INFO  BOOF 31 v2 setups for options: ['AMD(score:6)']
2026-06-12 10:53:02,121  WARNING  Error getting options for AMD: name 'OptionType' is not defined
2026-06-12 10:53:02,121  WARNING    AMD: No liquid PUT options available
2026-06-12 10:53:02,123  INFO  No options positions entered.
2026-06-12 10:53:07,333  INFO  ============================================================
2026-06-12 10:53:07,333  INFO  OPTIONS SCAN — checking for BOOF 31 v2 setups...
2026-06-12 10:53:09,954  INFO  BOOF 31 v2 setups for options: ['AMD(score:6)']
2026-06-12 10:53:09,955  WARNING  Error getting options for AMD: name 'OptionType' is not defined
2026-06-12 10:53:09,955  WARNING    AMD: No liquid PUT options available
2026-06-12 10:53:09,956  INFO  No options positions entered.
2026-06-12 10:53:15,024  INFO  ============================================================
2026-06-12 10:53:15,025  INFO  OPTIONS SCAN — checking for BOOF 31 v2 setups...
2026-06-12 10:53:17,507  INFO  BOOF 31 v2 setups for options: ['AMD(score:6)']
2026-06-12 10:53:17,507  WARNING  Error getting options for AMD: name 'OptionType' is not defined
2026-06-12 10:53:17,507  WARNING    AMD: No liquid PUT options available
2026-06-12 10:53:17,508  INFO  No options positions entered.
2026-06-12 10:53:22,587  INFO  ============================================================
2026-06-12 10:53:22,587  INFO  OPTIONS SCAN — checking for BOOF 31 v2 setups...
2026-06-12 10:53:25,438  INFO  No BOOF 31 v2 setups found for options
2026-06-12 10:53:30,498  INFO  ============================================================
2026-06-12 10:53:30,498  INFO  OPTIONS SCAN — checking for BOOF 31 v2 setups...
2026-06-12 10:53:33,531  INFO  No BOOF 31 v2 setups found for options
2026-06-12 10:53:38,598  INFO  ============================================================
2026-06-12 10:53:38,598  INFO  OPTIONS SCAN — checking for BOOF 31 v2 setups...
2026-06-12 10:53:41,459  INFO  No BOOF 31 v2 setups found for options
2026-06-12 10:53:46,525  INFO  ============================================================
2026-06-12 10:53:46,525  INFO  OPTIONS SCAN — checking for BOOF 31 v2 setups...
2026-06-12 10:53:49,280  INFO  No BOOF 31 v2 setups found for options
2026-06-12 10:53:54,346  INFO  ============================================================
2026-06-12 10:53:54,346  INFO  OPTIONS SCAN — checking for BOOF 31 v2 setups...
2026-06-12 10:53:56,957  INFO  No BOOF 31 v2 setups found for options
2026-06-12 10:54:02,026  INFO  ============================================================
2026-06-12 10:54:02,026  INFO  OPTIONS SCAN — checking for BOOF 31 v2 setups...
2026-06-12 10:54:04,623  INFO  No BOOF 31 v2 setups found for options
2026-06-12 10:54:09,689  INFO  ============================================================
2026-06-12 10:54:09,689  INFO  OPTIONS SCAN — checking for BOOF 31 v2 setups...
2026-06-12 10:54:12,036  INFO  No BOOF 31 v2 setups found for options
2026-06-12 10:54:17,112  INFO  ============================================================
2026-06-12 10:54:17,112  INFO  OPTIONS SCAN — checking for BOOF 31 v2 setups...
2026-06-12 10:54:19,616  INFO  No BOOF 31 v2 setups found for options
2026-06-12 10:54:24,673  INFO  ============================================================
2026-06-12 10:54:24,673  INFO  OPTIONS SCAN — checking for BOOF 31 v2 setups...
2026-06-12 10:54:27,155  INFO  No BOOF 31 v2 setups found for options
2026-06-12 10:54:32,216  INFO  ============================================================
2026-06-12 10:54:32,216  INFO  OPTIONS SCAN — checking for BOOF 31 v2 setups...
2026-06-12 10:54:34,488  INFO  No BOOF 31 v2 setups found for options
2026-06-12 10:54:39,645  INFO  ============================================================
2026-06-12 10:54:39,646  INFO  OPTIONS SCAN — checking for BOOF 31 v2 setups...
2026-06-12 10:54:41,835  INFO  No BOOF 31 v2 setups found for options
2026-06-12 10:54:46,895  INFO  ============================================================
2026-06-12 10:54:46,895  INFO  OPTIONS SCAN — checking for BOOF 31 v2 setups...
2026-06-12 10:54:48,985  INFO  No BOOF 31 v2 setups found for options
2026-06-12 10:54:54,041  INFO  ============================================================
2026-06-12 10:54:54,041  INFO  OPTIONS SCAN — checking for BOOF 31 v2 setups...
2026-06-12 10:54:56,312  INFO  No BOOF 31 v2 setups found for options
2026-06-12 10:55:01,372  INFO  ============================================================
2026-06-12 10:55:01,372  INFO  OPTIONS SCAN — checking for BOOF 31 v2 setups...
2026-06-12 10:55:03,562  INFO  No BOOF 31 v2 setups found for options
2026-06-12 10:55:08,632  INFO  ============================================================
2026-06-12 10:55:08,632  INFO  OPTIONS SCAN — checking for BOOF 31 v2 setups...
2026-06-12 10:55:10,701  INFO  No BOOF 31 v2 setups found for options
2026-06-12 10:55:15,764  INFO  ============================================================
2026-06-12 10:55:15,764  INFO  OPTIONS SCAN — checking for BOOF 31 v2 setups...
2026-06-12 10:55:17,728  INFO  No BOOF 31 v2 setups found for options
2026-06-12 10:55:22,813  INFO  ============================================================
2026-06-12 10:55:22,813  INFO  OPTIONS SCAN — checking for BOOF 31 v2 setups...
2026-06-12 10:55:24,912  INFO  No BOOF 31 v2 setups found for options
2026-06-12 10:55:29,971  INFO  ============================================================
2026-06-12 10:55:29,971  INFO  OPTIONS SCAN — checking for BOOF 31 v2 setups...
2026-06-12 10:55:32,453  INFO  No BOOF 31 v2 setups found for options
2026-06-12 10:55:37,518  INFO  ============================================================
2026-06-12 10:55:37,518  INFO  OPTIONS SCAN — checking for BOOF 31 v2 setups...
2026-06-12 10:55:39,678  INFO  No BOOF 31 v2 setups found for options
2026-06-12 10:55:44,738  INFO  ============================================================
2026-06-12 10:55:44,738  INFO  OPTIONS SCAN — checking for BOOF 31 v2 setups...
2026-06-12 10:55:46,873  INFO  No BOOF 31 v2 setups found for options
2026-06-12 10:55:52,033  INFO  ============================================================
2026-06-12 10:55:52,033  INFO  OPTIONS SCAN — checking for BOOF 31 v2 setups...
2026-06-12 10:55:54,087  INFO  No BOOF 31 v2 setups found for options
2026-06-12 10:55:59,143  INFO  ============================================================
2026-06-12 10:55:59,144  INFO  OPTIONS SCAN — checking for BOOF 31 v2 setups...
2026-06-12 10:56:01,310  INFO  No BOOF 31 v2 setups found for options
2026-06-12 10:56:06,375  INFO  ============================================================
2026-06-12 10:56:06,376  INFO  OPTIONS SCAN — checking for BOOF 31 v2 setups...
2026-06-12 10:56:08,545  INFO  No BOOF 31 v2 setups found for options
2026-06-12 10:56:13,610  INFO  ============================================================
2026-06-12 10:56:13,610  INFO  OPTIONS SCAN — checking for BOOF 31 v2 setups...
2026-06-12 10:56:15,983  INFO  No BOOF 31 v2 setups found for options
2026-06-12 10:56:21,039  INFO  ============================================================
2026-06-12 10:56:21,039  INFO  OPTIONS SCAN — checking for BOOF 31 v2 setups...
2026-06-12 10:56:23,171  INFO  No BOOF 31 v2 setups found for options
2026-06-12 10:56:28,232  INFO  ============================================================
2026-06-12 10:56:28,232  INFO  OPTIONS SCAN — checking for BOOF 31 v2 setups...
2026-06-12 10:56:30,754  INFO  No BOOF 31 v2 setups found for options
2026-06-12 10:56:35,839  INFO  ============================================================
2026-06-12 10:56:35,839  INFO  OPTIONS SCAN — checking for BOOF 31 v2 setups...
2026-06-12 10:56:38,273  INFO  No BOOF 31 v2 setups found for options
2026-06-12 10:56:43,343  INFO  ============================================================
2026-06-12 10:56:43,343  INFO  OPTIONS SCAN — checking for BOOF 31 v2 setups...
2026-06-12 10:56:46,223  INFO  No BOOF 31 v2 setups found for options
2026-06-12 10:56:51,289  INFO  ============================================================
2026-06-12 10:56:51,289  INFO  OPTIONS SCAN — checking for BOOF 31 v2 setups...
2026-06-12 10:56:53,689  INFO  No BOOF 31 v2 setups found for options
2026-06-12 10:56:58,754  INFO  ============================================================
2026-06-12 10:56:58,754  INFO  OPTIONS SCAN — checking for BOOF 31 v2 setups...
2026-06-12 10:57:00,950  INFO  No BOOF 31 v2 setups found for options
2026-06-12 10:57:06,019  INFO  ============================================================
2026-06-12 10:57:06,019  INFO  OPTIONS SCAN — checking for BOOF 31 v2 setups...
2026-06-12 10:57:08,080  INFO  No BOOF 31 v2 setups found for options
2026-06-12 10:57:13,136  INFO  ============================================================
2026-06-12 10:57:13,137  INFO  OPTIONS SCAN — checking for BOOF 31 v2 setups...
2026-06-12 10:57:15,306  INFO  No BOOF 31 v2 setups found for options
2026-06-12 10:57:20,390  INFO  ============================================================
2026-06-12 10:57:20,390  INFO  OPTIONS SCAN — checking for BOOF 31 v2 setups...
2026-06-12 10:57:22,510  INFO  No BOOF 31 v2 setups found for options
2026-06-12 10:57:27,567  INFO  ============================================================
2026-06-12 10:57:27,568  INFO  OPTIONS SCAN — checking for BOOF 31 v2 setups...
2026-06-12 10:57:30,327  INFO  No BOOF 31 v2 setups found for options
2026-06-12 10:57:35,387  INFO  ============================================================
2026-06-12 10:57:35,387  INFO  OPTIONS SCAN — checking for BOOF 31 v2 setups...
2026-06-12 10:57:37,535  INFO  No BOOF 31 v2 setups found for options
2026-06-12 10:57:42,610  INFO  ============================================================
2026-06-12 10:57:42,610  INFO  OPTIONS SCAN — checking for BOOF 31 v2 setups...
2026-06-12 10:57:44,753  INFO  No BOOF 31 v2 setups found for options
2026-06-12 10:57:49,830  INFO  ============================================================
2026-06-12 10:57:49,830  INFO  OPTIONS SCAN — checking for BOOF 31 v2 setups...
2026-06-12 10:57:51,825  INFO  No BOOF 31 v2 setups found for options
2026-06-12 10:57:56,894  INFO  ============================================================
2026-06-12 10:57:56,894  INFO  OPTIONS SCAN — checking for BOOF 31 v2 setups...
2026-06-12 10:57:59,000  INFO  No BOOF 31 v2 setups found for options
2026-06-12 10:58:04,062  INFO  ============================================================
2026-06-12 10:58:04,062  INFO  OPTIONS SCAN — checking for BOOF 31 v2 setups...
2026-06-12 10:58:06,106  INFO  No BOOF 31 v2 setups found for options
2026-06-12 10:58:11,172  INFO  ============================================================
2026-06-12 10:58:11,173  INFO  OPTIONS SCAN — checking for BOOF 31 v2 setups...
2026-06-12 10:58:13,248  INFO  No BOOF 31 v2 setups found for options
2026-06-12 10:58:18,312  INFO  ============================================================
2026-06-12 10:58:18,312  INFO  OPTIONS SCAN — checking for BOOF 31 v2 setups...
2026-06-12 10:58:20,382  INFO  No BOOF 31 v2 setups found for options
2026-06-12 10:58:25,459  INFO  ============================================================
2026-06-12 10:58:25,460  INFO  OPTIONS SCAN — checking for BOOF 31 v2 setups...
2026-06-12 10:58:28,170  INFO  No BOOF 31 v2 setups found for options
2026-06-12 10:58:33,237  INFO  ============================================================
2026-06-12 10:58:33,237  INFO  OPTIONS SCAN — checking for BOOF 31 v2 setups...
2026-06-12 10:58:35,584  INFO  No BOOF 31 v2 setups found for options
2026-06-12 10:58:40,652  INFO  ============================================================
2026-06-12 10:58:40,652  INFO  OPTIONS SCAN — checking for BOOF 31 v2 setups...
2026-06-12 10:58:42,858  INFO  No BOOF 31 v2 setups found for options
2026-06-12 10:58:47,917  INFO  ============================================================
2026-06-12 10:58:47,918  INFO  OPTIONS SCAN — checking for BOOF 31 v2 setups...
2026-06-12 10:58:50,317  INFO  No BOOF 31 v2 setups found for options
2026-06-12 10:58:55,378  INFO  ============================================================
2026-06-12 10:58:55,378  INFO  OPTIONS SCAN — checking for BOOF 31 v2 setups...
2026-06-12 10:58:57,621  INFO  No BOOF 31 v2 setups found for options
2026-06-12 10:59:02,702  INFO  ============================================================
2026-06-12 10:59:02,702  INFO  OPTIONS SCAN — checking for BOOF 31 v2 setups...
2026-06-12 10:59:04,981  INFO  No BOOF 31 v2 setups found for options
2026-06-12 10:59:10,052  INFO  ============================================================
2026-06-12 10:59:10,052  INFO  OPTIONS SCAN — checking for BOOF 31 v2 setups...
2026-06-12 10:59:12,295  INFO  No BOOF 31 v2 setups found for options
2026-06-12 10:59:17,355  INFO  ============================================================
2026-06-12 10:59:17,355  INFO  OPTIONS SCAN — checking for BOOF 31 v2 setups...
2026-06-12 10:59:19,631  INFO  No BOOF 31 v2 setups found for options
2026-06-12 10:59:24,688  INFO  ============================================================
2026-06-12 10:59:24,688  INFO  OPTIONS SCAN — checking for BOOF 31 v2 setups...
2026-06-12 10:59:26,924  INFO  No BOOF 31 v2 setups found for options
2026-06-12 10:59:31,984  INFO  ============================================================
2026-06-12 10:59:31,985  INFO  OPTIONS SCAN — checking for BOOF 31 v2 setups...
2026-06-12 10:59:34,328  INFO  No BOOF 31 v2 setups found for options
2026-06-12 10:59:39,391  INFO  ============================================================
2026-06-12 10:59:39,391  INFO  OPTIONS SCAN — checking for BOOF 31 v2 setups...
2026-06-12 10:59:41,618  INFO  No BOOF 31 v2 setups found for options
2026-06-12 10:59:46,676  INFO  ============================================================
2026-06-12 10:59:46,676  INFO  OPTIONS SCAN — checking for BOOF 31 v2 setups...
2026-06-12 10:59:48,867  INFO  No BOOF 31 v2 setups found for options
2026-06-12 10:59:53,938  INFO  ============================================================
2026-06-12 10:59:53,938  INFO  OPTIONS SCAN — checking for BOOF 31 v2 setups...
2026-06-12 10:59:56,142  INFO  No BOOF 31 v2 setups found for options
2026-06-12 11:00:01,219  INFO  HEARTBEAT 13:00 ET - 24/7 Options Bot Active
2026-06-12 11:00:01,220  INFO  ============================================================
2026-06-12 11:00:01,220  INFO  OPTIONS SCAN — checking for BOOF 31 v2 setups...
2026-06-12 11:00:03,187  INFO  No BOOF 31 v2 setups found for options
2026-06-12 11:00:08,248  INFO  HEARTBEAT 13:00 ET - 24/7 Options Bot Active
2026-06-12 11:00:08,249  INFO  ============================================================
2026-06-12 11:00:08,258  INFO  OPTIONS SCAN — checking for BOOF 31 v2 setups...
2026-06-12 11:00:10,076  INFO  No BOOF 31 v2 setups found for options
2026-06-12 11:00:15,141  INFO  HEARTBEAT 13:00 ET - 24/7 Options Bot Active
2026-06-12 11:00:15,141  INFO  ============================================================
2026-06-12 11:00:15,142  INFO  OPTIONS SCAN — checking for BOOF 31 v2 setups...
2026-06-12 11:00:17,195  INFO  No BOOF 31 v2 setups found for options
2026-06-12 11:00:22,261  INFO  HEARTBEAT 13:00 ET - 24/7 Options Bot Active
2026-06-12 11:00:22,262  INFO  ============================================================
2026-06-12 11:00:22,262  INFO  OPTIONS SCAN — checking for BOOF 31 v2 setups...
2026-06-12 11:00:24,338  INFO  No BOOF 31 v2 setups found for options
2026-06-12 11:00:29,405  INFO  HEARTBEAT 13:00 ET - 24/7 Options Bot Active
2026-06-12 11:00:29,405  INFO  ============================================================
2026-06-12 11:00:29,405  INFO  OPTIONS SCAN — checking for BOOF 31 v2 setups...
2026-06-12 11:00:31,818  INFO  No BOOF 31 v2 setups found for options
2026-06-12 11:00:36,877  INFO  HEARTBEAT 13:00 ET - 24/7 Options Bot Active
2026-06-12 11:00:36,878  INFO  ============================================================
2026-06-12 11:00:36,878  INFO  OPTIONS SCAN — checking for BOOF 31 v2 setups...
2026-06-12 11:00:39,119  INFO  No BOOF 31 v2 setups found for options
2026-06-12 11:00:44,182  INFO  HEARTBEAT 13:00 ET - 24/7 Options Bot Active
2026-06-12 11:00:44,183  INFO  ============================================================
2026-06-12 11:00:44,184  INFO  OPTIONS SCAN — checking for BOOF 31 v2 setups...
2026-06-12 11:00:46,254  INFO  No BOOF 31 v2 setups found for options
2026-06-12 11:00:51,318  INFO  HEARTBEAT 13:00 ET - 24/7 Options Bot Active
2026-06-12 11:00:51,318  INFO  ============================================================
2026-06-12 11:00:51,318  INFO  OPTIONS SCAN — checking for BOOF 31 v2 setups...
2026-06-12 11:00:53,592  INFO  No BOOF 31 v2 setups found for options
2026-06-12 11:00:58,647  INFO  HEARTBEAT 13:00 ET - 24/7 Options Bot Active
2026-06-12 11:00:58,648  INFO  ============================================================
2026-06-12 11:00:58,648  INFO  OPTIONS SCAN — checking for BOOF 31 v2 setups...
2026-06-12 11:01:01,049  INFO  No BOOF 31 v2 setups found for options
2026-06-12 11:01:06,111  INFO  ============================================================
2026-06-12 11:01:06,111  INFO  OPTIONS SCAN — checking for BOOF 31 v2 setups...
2026-06-12 11:01:08,415  INFO  No BOOF 31 v2 setups found for options
2026-06-12 11:01:13,479  INFO  ============================================================
2026-06-12 11:01:13,479  INFO  OPTIONS SCAN — checking for BOOF 31 v2 setups...
2026-06-12 11:01:15,780  INFO  No BOOF 31 v2 setups found for options
2026-06-12 11:01:20,867  INFO  ============================================================
2026-06-12 11:01:20,867  INFO  OPTIONS SCAN — checking for BOOF 31 v2 setups...
2026-06-12 11:01:22,927  INFO  No BOOF 31 v2 setups found for options
2026-06-12 11:01:28,163  INFO  ============================================================
2026-06-12 11:01:28,163  INFO  OPTIONS SCAN — checking for BOOF 31 v2 setups...
2026-06-12 11:01:32,915  INFO  No BOOF 31 v2 setups found for options
2026-06-12 11:01:37,980  INFO  ============================================================
2026-06-12 11:01:37,980  INFO  OPTIONS SCAN — checking for BOOF 31 v2 setups...
2026-06-12 11:01:43,018  INFO  No BOOF 31 v2 setups found for options
2026-06-12 11:01:48,079  INFO  ============================================================
2026-06-12 11:01:48,079  INFO  OPTIONS SCAN — checking for BOOF 31 v2 setups...
2026-06-12 11:01:53,297  INFO  No BOOF 31 v2 setups found for options
2026-06-12 11:01:58,374  INFO  ============================================================
2026-06-12 11:01:58,374  INFO  OPTIONS SCAN — checking for BOOF 31 v2 setups...
2026-06-12 11:02:03,139  INFO  No BOOF 31 v2 setups found for options
2026-06-12 11:02:08,204  INFO  ============================================================
2026-06-12 11:02:08,204  INFO  OPTIONS SCAN — checking for BOOF 31 v2 setups...
2026-06-12 11:02:12,752  INFO  No BOOF 31 v2 setups found for options
2026-06-12 11:02:17,809  INFO  ============================================================
2026-06-12 11:02:17,810  INFO  OPTIONS SCAN — checking for BOOF 31 v2 setups...
2026-06-12 11:02:21,713  INFO  No BOOF 31 v2 setups found for options
2026-06-12 11:02:26,774  INFO  ============================================================
2026-06-12 11:02:26,775  INFO  OPTIONS SCAN — checking for BOOF 31 v2 setups...
2026-06-12 11:02:31,078  INFO  No BOOF 31 v2 setups found for options
2026-06-12 11:02:36,137  INFO  ============================================================
2026-06-12 11:02:36,137  INFO  OPTIONS SCAN — checking for BOOF 31 v2 setups...
2026-06-12 11:02:39,939  INFO  No BOOF 31 v2 setups found for options
2026-06-12 11:02:45,010  INFO  ============================================================
2026-06-12 11:02:45,010  INFO  OPTIONS SCAN — checking for BOOF 31 v2 setups...
2026-06-12 11:02:48,748  INFO  No BOOF 31 v2 setups found for options
2026-06-12 11:02:53,815  INFO  ============================================================
2026-06-12 11:02:53,816  INFO  OPTIONS SCAN — checking for BOOF 31 v2 setups...
2026-06-12 11:02:57,031  INFO  No BOOF 31 v2 setups found for options
2026-06-12 11:03:02,099  INFO  ============================================================
2026-06-12 11:03:02,099  INFO  OPTIONS SCAN — checking for BOOF 31 v2 setups...
2026-06-12 11:03:05,102  INFO  No BOOF 31 v2 setups found for options
2026-06-12 11:03:10,171  INFO  ============================================================
2026-06-12 11:03:10,171  INFO  OPTIONS SCAN — checking for BOOF 31 v2 setups...
2026-06-12 11:03:13,053  INFO  No BOOF 31 v2 setups found for options
2026-06-12 11:03:18,115  INFO  ============================================================
2026-06-12 11:03:18,115  INFO  OPTIONS SCAN — checking for BOOF 31 v2 setups...
2026-06-12 11:03:21,103  INFO  No BOOF 31 v2 setups found for options
2026-06-12 11:03:26,314  INFO  ============================================================
2026-06-12 11:03:26,314  INFO  OPTIONS SCAN — checking for BOOF 31 v2 setups...
2026-06-12 11:03:29,600  INFO  No BOOF 31 v2 setups found for options
2026-06-12 11:03:34,664  INFO  ============================================================
2026-06-12 11:03:34,664  INFO  OPTIONS SCAN — checking for BOOF 31 v2 setups...
2026-06-12 11:03:37,781  INFO  No BOOF 31 v2 setups found for options
2026-06-12 11:03:42,856  INFO  ============================================================
2026-06-12 11:03:42,856  INFO  OPTIONS SCAN — checking for BOOF 31 v2 setups...
2026-06-12 11:03:45,865  INFO  No BOOF 31 v2 setups found for options
2026-06-12 11:03:50,922  INFO  ============================================================
2026-06-12 11:03:50,922  INFO  OPTIONS SCAN — checking for BOOF 31 v2 setups...
2026-06-12 11:03:53,833  INFO  No BOOF 31 v2 setups found for options
2026-06-12 11:03:58,893  INFO  ============================================================
2026-06-12 11:03:58,894  INFO  OPTIONS SCAN — checking for BOOF 31 v2 setups...
2026-06-12 11:04:01,684  INFO  No BOOF 31 v2 setups found for options
2026-06-12 11:04:06,741  INFO  ============================================================
2026-06-12 11:04:06,741  INFO  OPTIONS SCAN — checking for BOOF 31 v2 setups...
2026-06-12 11:04:09,550  INFO  No BOOF 31 v2 setups found for options
2026-06-12 11:04:14,604  INFO  ============================================================
2026-06-12 11:04:14,604  INFO  OPTIONS SCAN — checking for BOOF 31 v2 setups...
2026-06-12 11:04:17,395  INFO  No BOOF 31 v2 setups found for options
2026-06-12 11:04:22,454  INFO  ============================================================
2026-06-12 11:04:22,454  INFO  OPTIONS SCAN — checking for BOOF 31 v2 setups...
2026-06-12 11:04:25,238  INFO  No BOOF 31 v2 setups found for options
2026-06-12 11:04:30,359  INFO  ============================================================
2026-06-12 11:04:30,359  INFO  OPTIONS SCAN — checking for BOOF 31 v2 setups...
2026-06-12 11:04:33,737  INFO  No BOOF 31 v2 setups found for options
2026-06-12 11:04:38,816  INFO  ============================================================
2026-06-12 11:04:38,816  INFO  OPTIONS SCAN — checking for BOOF 31 v2 setups...
2026-06-12 11:04:41,991  INFO  No BOOF 31 v2 setups found for options
2026-06-12 11:04:47,047  INFO  ============================================================
2026-06-12 11:04:47,047  INFO  OPTIONS SCAN — checking for BOOF 31 v2 setups...
2026-06-12 11:04:50,395  INFO  No BOOF 31 v2 setups found for options
2026-06-12 11:04:55,457  INFO  ============================================================
2026-06-12 11:04:55,457  INFO  OPTIONS SCAN — checking for BOOF 31 v2 setups...
2026-06-12 11:04:58,534  INFO  No BOOF 31 v2 setups found for options
2026-06-12 11:05:03,602  INFO  ============================================================
2026-06-12 11:05:03,602  INFO  OPTIONS SCAN — checking for BOOF 31 v2 setups...
2026-06-12 11:05:06,684  INFO  No BOOF 31 v2 setups found for options
2026-06-12 11:05:11,749  INFO  ============================================================
2026-06-12 11:05:11,750  INFO  OPTIONS SCAN — checking for BOOF 31 v2 setups...
2026-06-12 11:05:14,691  INFO  No BOOF 31 v2 setups found for options
2026-06-12 11:05:19,751  INFO  ============================================================
2026-06-12 11:05:19,752  INFO  OPTIONS SCAN — checking for BOOF 31 v2 setups...
2026-06-12 11:05:22,791  INFO  No BOOF 31 v2 setups found for options
2026-06-12 11:05:27,858  INFO  ============================================================
2026-06-12 11:05:27,858  INFO  OPTIONS SCAN — checking for BOOF 31 v2 setups...
2026-06-12 11:05:31,063  INFO  No BOOF 31 v2 setups found for options
2026-06-12 11:05:36,125  INFO  ============================================================
2026-06-12 11:05:36,125  INFO  OPTIONS SCAN — checking for BOOF 31 v2 setups...
2026-06-12 11:05:39,051  INFO  No BOOF 31 v2 setups found for options
2026-06-12 11:05:44,107  INFO  ============================================================
2026-06-12 11:05:44,107  INFO  OPTIONS SCAN — checking for BOOF 31 v2 setups...
2026-06-12 11:05:46,877  INFO  No BOOF 31 v2 setups found for options
2026-06-12 11:05:51,943  INFO  ============================================================
2026-06-12 11:05:51,944  INFO  OPTIONS SCAN — checking for BOOF 31 v2 setups...
2026-06-12 11:05:54,502  INFO  No BOOF 31 v2 setups found for options
2026-06-12 11:05:59,936  INFO  ============================================================
2026-06-12 11:05:59,936  INFO  OPTIONS SCAN — checking for BOOF 31 v2 setups...
2026-06-12 11:06:02,536  INFO  No BOOF 31 v2 setups found for options
2026-06-12 11:06:07,618  INFO  ============================================================
2026-06-12 11:06:07,619  INFO  OPTIONS SCAN — checking for BOOF 31 v2 setups...
2026-06-12 11:06:10,355  INFO  No BOOF 31 v2 setups found for options
2026-06-12 11:06:15,415  INFO  ============================================================
2026-06-12 11:06:15,416  INFO  OPTIONS SCAN — checking for BOOF 31 v2 setups...
2026-06-12 11:06:18,114  INFO  No BOOF 31 v2 setups found for options
2026-06-12 11:06:23,179  INFO  ============================================================
2026-06-12 11:06:23,179  INFO  OPTIONS SCAN — checking for BOOF 31 v2 setups...
2026-06-12 11:06:26,464  INFO  No BOOF 31 v2 setups found for options
2026-06-12 11:06:31,534  INFO  ============================================================
2026-06-12 11:06:31,534  INFO  OPTIONS SCAN — checking for BOOF 31 v2 setups...
2026-06-12 11:06:35,645  INFO  No BOOF 31 v2 setups found for options
2026-06-12 11:06:40,705  INFO  ============================================================
2026-06-12 11:06:40,705  INFO  OPTIONS SCAN — checking for BOOF 31 v2 setups...
2026-06-12 11:06:44,260  INFO  No BOOF 31 v2 setups found for options
2026-06-12 11:06:49,323  INFO  ============================================================
2026-06-12 11:06:49,323  INFO  OPTIONS SCAN — checking for BOOF 31 v2 setups...
2026-06-12 11:06:52,672  INFO  No BOOF 31 v2 setups found for options
2026-06-12 11:06:57,736  INFO  ============================================================
2026-06-12 11:06:57,736  INFO  OPTIONS SCAN — checking for BOOF 31 v2 setups...
2026-06-12 11:07:00,790  INFO  No BOOF 31 v2 setups found for options
2026-06-12 11:07:05,860  INFO  ============================================================
2026-06-12 11:07:05,860  INFO  OPTIONS SCAN — checking for BOOF 31 v2 setups...
2026-06-12 11:07:09,173  INFO  No BOOF 31 v2 setups found for options
2026-06-12 11:07:14,234  INFO  ============================================================
2026-06-12 11:07:14,234  INFO  OPTIONS SCAN — checking for BOOF 31 v2 setups...
2026-06-12 11:07:17,579  INFO  No BOOF 31 v2 setups found for options
2026-06-12 11:07:22,648  INFO  ============================================================
2026-06-12 11:07:22,649  INFO  OPTIONS SCAN — checking for BOOF 31 v2 setups...
2026-06-12 11:07:26,030  INFO  No BOOF 31 v2 setups found for options
2026-06-12 11:07:31,089  INFO  ============================================================
2026-06-12 11:07:31,090  INFO  OPTIONS SCAN — checking for BOOF 31 v2 setups...
2026-06-12 11:07:34,263  INFO  No BOOF 31 v2 setups found for options
2026-06-12 11:07:39,326  INFO  ============================================================
2026-06-12 11:07:39,326  INFO  OPTIONS SCAN — checking for BOOF 31 v2 setups...
2026-06-12 11:07:41,815  INFO  No BOOF 31 v2 setups found for options
2026-06-12 11:07:46,876  INFO  ============================================================
2026-06-12 11:07:46,876  INFO  OPTIONS SCAN — checking for BOOF 31 v2 setups...
2026-06-12 11:07:49,235  INFO  No BOOF 31 v2 setups found for options
2026-06-12 11:07:54,394  INFO  ============================================================
2026-06-12 11:07:54,394  INFO  OPTIONS SCAN — checking for BOOF 31 v2 setups...
2026-06-12 11:07:57,125  INFO  No BOOF 31 v2 setups found for options
2026-06-12 11:08:02,189  INFO  ============================================================
2026-06-12 11:08:02,189  INFO  OPTIONS SCAN — checking for BOOF 31 v2 setups...
2026-06-12 11:08:04,607  INFO  No BOOF 31 v2 setups found for options
2026-06-12 11:08:09,667  INFO  ============================================================
2026-06-12 11:08:09,667  INFO  OPTIONS SCAN — checking for BOOF 31 v2 setups...
2026-06-12 11:08:11,997  INFO  No BOOF 31 v2 setups found for options
2026-06-12 11:08:17,055  INFO  ============================================================
2026-06-12 11:08:17,055  INFO  OPTIONS SCAN — checking for BOOF 31 v2 setups...
2026-06-12 11:08:19,370  INFO  No BOOF 31 v2 setups found for options
2026-06-12 11:08:24,451  INFO  ============================================================
2026-06-12 11:08:24,451  INFO  OPTIONS SCAN — checking for BOOF 31 v2 setups...
2026-06-12 11:08:28,341  INFO  BOOF 31 v2 setups for options: ['TSLA(score:6)']
2026-06-12 11:08:28,341  WARNING  Error getting options for TSLA: name 'OptionType' is not defined
2026-06-12 11:08:28,341  WARNING    TSLA: No liquid PUT options available
2026-06-12 11:08:28,342  INFO  No options positions entered.
2026-06-12 11:08:33,400  INFO  ============================================================
2026-06-12 11:08:33,400  INFO  OPTIONS SCAN — checking for BOOF 31 v2 setups...
2026-06-12 11:08:37,465  INFO  BOOF 31 v2 setups for options: ['TSLA(score:6)']
2026-06-12 11:08:37,465  WARNING  Error getting options for TSLA: name 'OptionType' is not defined
2026-06-12 11:08:37,465  WARNING    TSLA: No liquid PUT options available
2026-06-12 11:08:37,466  INFO  No options positions entered.
2026-06-12 11:08:42,533  INFO  ============================================================
2026-06-12 11:08:42,533  INFO  OPTIONS SCAN — checking for BOOF 31 v2 setups...
2026-06-12 11:08:46,258  INFO  BOOF 31 v2 setups for options: ['TSLA(score:6)']
2026-06-12 11:08:46,258  WARNING  Error getting options for TSLA: name 'OptionType' is not defined
2026-06-12 11:08:46,258  WARNING    TSLA: No liquid PUT options available
2026-06-12 11:08:46,259  INFO  No options positions entered.
2026-06-12 11:08:51,325  INFO  ============================================================
2026-06-12 11:08:51,325  INFO  OPTIONS SCAN — checking for BOOF 31 v2 setups...
2026-06-12 11:08:55,133  INFO  BOOF 31 v2 setups for options: ['TSLA(score:6)']
2026-06-12 11:08:55,134  WARNING  Error getting options for TSLA: name 'OptionType' is not defined
2026-06-12 11:08:55,134  WARNING    TSLA: No liquid PUT options available
2026-06-12 11:08:55,134  INFO  No options positions entered.
2026-06-12 11:09:00,201  INFO  ============================================================
2026-06-12 11:09:00,201  INFO  OPTIONS SCAN — checking for BOOF 31 v2 setups...
2026-06-12 11:09:04,067  INFO  BOOF 31 v2 setups for options: ['TSLA(score:6)']
2026-06-12 11:09:04,067  WARNING  Error getting options for TSLA: name 'OptionType' is not defined
2026-06-12 11:09:04,067  WARNING    TSLA: No liquid PUT options available
2026-06-12 11:09:04,068  INFO  No options positions entered.
2026-06-12 11:09:09,134  INFO  ============================================================
2026-06-12 11:09:09,134  INFO  OPTIONS SCAN — checking for BOOF 31 v2 setups...
2026-06-12 11:09:12,941  INFO  BOOF 31 v2 setups for options: ['TSLA(score:6)']
2026-06-12 11:09:12,941  WARNING  Error getting options for TSLA: name 'OptionType' is not defined
2026-06-12 11:09:12,941  WARNING    TSLA: No liquid PUT options available
2026-06-12 11:09:12,942  INFO  No options positions entered.
2026-06-12 11:09:18,006  INFO  ============================================================
2026-06-12 11:09:18,006  INFO  OPTIONS SCAN — checking for BOOF 31 v2 setups...
2026-06-12 11:09:22,104  INFO  BOOF 31 v2 setups for options: ['TSLA(score:6)']
2026-06-12 11:09:22,104  WARNING  Error getting options for TSLA: name 'OptionType' is not defined
2026-06-12 11:09:22,104  WARNING    TSLA: No liquid PUT options available
2026-06-12 11:09:22,105  INFO  No options positions entered.
2026-06-12 11:09:27,173  INFO  ============================================================
2026-06-12 11:09:27,173  INFO  OPTIONS SCAN — checking for BOOF 31 v2 setups...
2026-06-12 11:09:30,279  INFO  No BOOF 31 v2 setups found for options
2026-06-12 11:09:35,345  INFO  ============================================================
2026-06-12 11:09:35,345  INFO  OPTIONS SCAN — checking for BOOF 31 v2 setups...
2026-06-12 11:09:38,034  INFO  No BOOF 31 v2 setups found for options
2026-06-12 11:09:43,091  INFO  ============================================================
2026-06-12 11:09:43,091  INFO  OPTIONS SCAN — checking for BOOF 31 v2 setups...
2026-06-12 11:09:45,541  INFO  No BOOF 31 v2 setups found for options
2026-06-12 11:09:50,599  INFO  ============================================================
2026-06-12 11:09:50,599  INFO  OPTIONS SCAN — checking for BOOF 31 v2 setups...
2026-06-12 11:09:52,827  INFO  No BOOF 31 v2 setups found for options
2026-06-12 11:09:57,887  INFO  ============================================================
2026-06-12 11:09:57,887  INFO  OPTIONS SCAN — checking for BOOF 31 v2 setups...
2026-06-12 11:09:59,907  INFO  No BOOF 31 v2 setups found for options
2026-06-12 11:10:04,987  INFO  ============================================================
2026-06-12 11:10:04,987  INFO  OPTIONS SCAN — checking for BOOF 31 v2 setups...
2026-06-12 11:10:07,071  INFO  No BOOF 31 v2 setups found for options
2026-06-12 11:10:12,155  INFO  ============================================================
2026-06-12 11:10:12,155  INFO  OPTIONS SCAN — checking for BOOF 31 v2 setups...
2026-06-12 11:10:14,264  INFO  No BOOF 31 v2 setups found for options
2026-06-12 11:10:19,333  INFO  ============================================================
2026-06-12 11:10:19,334  INFO  OPTIONS SCAN — checking for BOOF 31 v2 setups...
2026-06-12 11:10:21,376  INFO  No BOOF 31 v2 setups found for options
2026-06-12 11:10:26,437  INFO  ============================================================
2026-06-12 11:10:26,437  INFO  OPTIONS SCAN — checking for BOOF 31 v2 setups...
2026-06-12 11:10:28,921  INFO  BOOF 31 v2 setups for options: ['TSLA(score:8)']
2026-06-12 11:10:28,922  WARNING  Error getting options for TSLA: name 'OptionType' is not defined
2026-06-12 11:10:28,922  WARNING    TSLA: No liquid PUT options available
2026-06-12 11:10:28,922  INFO  No options positions entered.
2026-06-12 11:10:33,982  INFO  ============================================================
2026-06-12 11:10:33,982  INFO  OPTIONS SCAN — checking for BOOF 31 v2 setups...
2026-06-12 11:10:36,232  INFO  BOOF 31 v2 setups for options: ['TSLA(score:8)']
2026-06-12 11:10:36,232  WARNING  Error getting options for TSLA: name 'OptionType' is not defined
2026-06-12 11:10:36,233  WARNING    TSLA: No liquid PUT options available
2026-06-12 11:10:36,233  INFO  No options positions entered.
2026-06-12 11:10:41,296  INFO  ============================================================
2026-06-12 11:10:41,298  INFO  OPTIONS SCAN — checking for BOOF 31 v2 setups...
2026-06-12 11:10:43,567  INFO  BOOF 31 v2 setups for options: ['TSLA(score:8)']
2026-06-12 11:10:43,567  WARNING  Error getting options for TSLA: name 'OptionType' is not defined
2026-06-12 11:10:43,567  WARNING    TSLA: No liquid PUT options available
2026-06-12 11:10:43,568  INFO  No options positions entered.
2026-06-12 11:10:48,626  INFO  ============================================================
2026-06-12 11:10:48,629  INFO  OPTIONS SCAN — checking for BOOF 31 v2 setups...
2026-06-12 11:10:51,008  INFO  BOOF 31 v2 setups for options: ['TSLA(score:8)']
2026-06-12 11:10:51,008  WARNING  Error getting options for TSLA: name 'OptionType' is not defined
2026-06-12 11:10:51,008  WARNING    TSLA: No liquid PUT options available
2026-06-12 11:10:51,009  INFO  No options positions entered.
2026-06-12 11:10:56,067  INFO  ============================================================
2026-06-12 11:10:56,068  INFO  OPTIONS SCAN — checking for BOOF 31 v2 setups...
2026-06-12 11:10:58,445  INFO  BOOF 31 v2 setups for options: ['TSLA(score:8)']
2026-06-12 11:10:58,447  WARNING  Error getting options for TSLA: name 'OptionType' is not defined
2026-06-12 11:10:58,448  WARNING    TSLA: No liquid PUT options available
2026-06-12 11:10:58,451  INFO  No options positions entered.
2026-06-12 11:11:03,509  INFO  ============================================================
2026-06-12 11:11:03,509  INFO  OPTIONS SCAN — checking for BOOF 31 v2 setups...
2026-06-12 11:11:06,014  INFO  BOOF 31 v2 setups for options: ['TSLA(score:8)']
2026-06-12 11:11:06,014  WARNING  Error getting options for TSLA: name 'OptionType' is not defined
2026-06-12 11:11:06,014  WARNING    TSLA: No liquid PUT options available
2026-06-12 11:11:06,015  INFO  No options positions entered.
2026-06-12 11:11:11,078  INFO  ============================================================
2026-06-12 11:11:11,079  INFO  OPTIONS SCAN — checking for BOOF 31 v2 setups...
2026-06-12 11:11:13,391  INFO  BOOF 31 v2 setups for options: ['TSLA(score:8)']
2026-06-12 11:11:13,391  WARNING  Error getting options for TSLA: name 'OptionType' is not defined
2026-06-12 11:11:13,391  WARNING    TSLA: No liquid PUT options available
2026-06-12 11:11:13,392  INFO  No options positions entered.
2026-06-12 11:11:18,457  INFO  ============================================================
2026-06-12 11:11:18,457  INFO  OPTIONS SCAN — checking for BOOF 31 v2 setups...
2026-06-12 11:11:20,722  INFO  BOOF 31 v2 setups for options: ['TSLA(score:8)']
2026-06-12 11:11:20,723  WARNING  Error getting options for TSLA: name 'OptionType' is not defined
2026-06-12 11:11:20,723  WARNING    TSLA: No liquid PUT options available
2026-06-12 11:11:20,723  INFO  No options positions entered.
2026-06-12 11:11:25,803  INFO  ============================================================
2026-06-12 11:11:25,804  INFO  OPTIONS SCAN — checking for BOOF 31 v2 setups...
2026-06-12 11:11:28,082  INFO  No BOOF 31 v2 setups found for options
2026-06-12 11:11:33,143  INFO  ============================================================
2026-06-12 11:11:33,144  INFO  OPTIONS SCAN — checking for BOOF 31 v2 setups...
2026-06-12 11:11:35,617  INFO  No BOOF 31 v2 setups found for options
2026-06-12 11:11:40,683  INFO  ============================================================
2026-06-12 11:11:40,684  INFO  OPTIONS SCAN — checking for BOOF 31 v2 setups...
2026-06-12 11:11:43,261  INFO  No BOOF 31 v2 setups found for options
2026-06-12 11:11:48,337  INFO  ============================================================
2026-06-12 11:11:48,337  INFO  OPTIONS SCAN — checking for BOOF 31 v2 setups...
2026-06-12 11:11:51,549  INFO  No BOOF 31 v2 setups found for options
2026-06-12 11:11:56,618  INFO  ============================================================
2026-06-12 11:11:56,618  INFO  OPTIONS SCAN — checking for BOOF 31 v2 setups...
2026-06-12 11:11:59,987  INFO  No BOOF 31 v2 setups found for options
2026-06-12 11:12:05,055  INFO  ============================================================
2026-06-12 11:12:05,055  INFO  OPTIONS SCAN — checking for BOOF 31 v2 setups...
2026-06-12 11:12:07,833  INFO  No BOOF 31 v2 setups found for options
2026-06-12 11:12:12,893  INFO  ============================================================
2026-06-12 11:12:12,893  INFO  OPTIONS SCAN — checking for BOOF 31 v2 setups...
2026-06-12 11:12:15,372  INFO  No BOOF 31 v2 setups found for options
2026-06-12 11:12:20,429  INFO  ============================================================
2026-06-12 11:12:20,429  INFO  OPTIONS SCAN — checking for BOOF 31 v2 setups...
2026-06-12 11:12:22,813  INFO  No BOOF 31 v2 setups found for options
2026-06-12 11:12:27,875  INFO  ============================================================
2026-06-12 11:12:27,875  INFO  OPTIONS SCAN — checking for BOOF 31 v2 setups...
2026-06-12 11:12:30,576  INFO  No BOOF 31 v2 setups found for options
2026-06-12 11:12:35,632  INFO  ============================================================
2026-06-12 11:12:35,633  INFO  OPTIONS SCAN — checking for BOOF 31 v2 setups...
2026-06-12 11:12:38,290  INFO  No BOOF 31 v2 setups found for options
2026-06-12 11:12:43,354  INFO  ============================================================
2026-06-12 11:12:43,355  INFO  OPTIONS SCAN — checking for BOOF 31 v2 setups...
2026-06-12 11:12:45,986  INFO  No BOOF 31 v2 setups found for options
2026-06-12 11:12:51,052  INFO  ============================================================
2026-06-12 11:12:51,053  INFO  OPTIONS SCAN — checking for BOOF 31 v2 setups...
2026-06-12 11:12:53,398  INFO  No BOOF 31 v2 setups found for options
2026-06-12 11:12:58,459  INFO  ============================================================
2026-06-12 11:12:58,459  INFO  OPTIONS SCAN — checking for BOOF 31 v2 setups...
2026-06-12 11:13:00,558  INFO  No BOOF 31 v2 setups found for options
2026-06-12 11:13:05,629  INFO  ============================================================
2026-06-12 11:13:05,629  INFO  OPTIONS SCAN — checking for BOOF 31 v2 setups...
2026-06-12 11:13:08,006  INFO  No BOOF 31 v2 setups found for options
2026-06-12 11:13:13,107  INFO  ============================================================
2026-06-12 11:13:13,108  INFO  OPTIONS SCAN — checking for BOOF 31 v2 setups...
2026-06-12 11:13:15,396  INFO  No BOOF 31 v2 setups found for options
2026-06-12 11:13:20,457  INFO  ============================================================
2026-06-12 11:13:20,458  INFO  OPTIONS SCAN — checking for BOOF 31 v2 setups...
2026-06-12 11:13:22,764  INFO  No BOOF 31 v2 setups found for options
2026-06-12 11:13:27,835  INFO  ============================================================
2026-06-12 11:13:27,835  INFO  OPTIONS SCAN — checking for BOOF 31 v2 setups...
2026-06-12 11:13:30,467  INFO  No BOOF 31 v2 setups found for options
2026-06-12 11:13:35,593  INFO  ============================================================
2026-06-12 11:13:35,593  INFO  OPTIONS SCAN — checking for BOOF 31 v2 setups...
2026-06-12 11:13:37,978  INFO  No BOOF 31 v2 setups found for options
2026-06-12 11:13:43,058  INFO  ============================================================
2026-06-12 11:13:43,058  INFO  OPTIONS SCAN — checking for BOOF 31 v2 setups...
2026-06-12 11:13:45,467  INFO  No BOOF 31 v2 setups found for options
2026-06-12 11:13:50,527  INFO  ============================================================
2026-06-12 11:13:50,527  INFO  OPTIONS SCAN — checking for BOOF 31 v2 setups...
2026-06-12 11:13:52,625  INFO  No BOOF 31 v2 setups found for options
2026-06-12 11:13:57,686  INFO  ============================================================
2026-06-12 11:13:57,686  INFO  OPTIONS SCAN — checking for BOOF 31 v2 setups...
2026-06-12 11:14:00,048  INFO  No BOOF 31 v2 setups found for options
2026-06-12 11:14:05,104  INFO  ============================================================
2026-06-12 11:14:05,104  INFO  OPTIONS SCAN — checking for BOOF 31 v2 setups...
2026-06-12 11:14:07,548  INFO  No BOOF 31 v2 setups found for options
2026-06-12 11:14:12,608  INFO  ============================================================
2026-06-12 11:14:12,608  INFO  OPTIONS SCAN — checking for BOOF 31 v2 setups...
2026-06-12 11:14:14,799  INFO  No BOOF 31 v2 setups found for options
2026-06-12 11:14:19,858  INFO  ============================================================
2026-06-12 11:14:19,859  INFO  OPTIONS SCAN — checking for BOOF 31 v2 setups...
2026-06-12 11:14:22,257  INFO  No BOOF 31 v2 setups found for options
2026-06-12 11:14:27,316  INFO  ============================================================
2026-06-12 11:14:27,316  INFO  OPTIONS SCAN — checking for BOOF 31 v2 setups...
2026-06-12 11:14:29,919  INFO  No BOOF 31 v2 setups found for options
2026-06-12 11:14:34,977  INFO  ============================================================
2026-06-12 11:14:34,977  INFO  OPTIONS SCAN — checking for BOOF 31 v2 setups...
2026-06-12 11:14:37,259  INFO  No BOOF 31 v2 setups found for options
2026-06-12 11:14:42,351  INFO  ============================================================
2026-06-12 11:14:42,351  INFO  OPTIONS SCAN — checking for BOOF 31 v2 setups...
2026-06-12 11:14:44,331  INFO  No BOOF 31 v2 setups found for options
2026-06-12 11:14:49,400  INFO  ============================================================
2026-06-12 11:14:49,400  INFO  OPTIONS SCAN — checking for BOOF 31 v2 setups...
2026-06-12 11:14:51,426  INFO  No BOOF 31 v2 setups found for options
2026-06-12 11:14:56,484  INFO  ============================================================
2026-06-12 11:14:56,485  INFO  OPTIONS SCAN — checking for BOOF 31 v2 setups...
2026-06-12 11:14:58,576  INFO  No BOOF 31 v2 setups found for options
2026-06-12 11:15:03,654  INFO  ============================================================
2026-06-12 11:15:03,654  INFO  OPTIONS SCAN — checking for BOOF 31 v2 setups...
2026-06-12 11:15:05,799  INFO  No BOOF 31 v2 setups found for options
2026-06-12 11:15:10,856  INFO  ============================================================
2026-06-12 11:15:10,857  INFO  OPTIONS SCAN — checking for BOOF 31 v2 setups...
2026-06-12 11:15:13,020  INFO  No BOOF 31 v2 setups found for options
2026-06-12 11:15:18,080  INFO  ============================================================
2026-06-12 11:15:18,080  INFO  OPTIONS SCAN — checking for BOOF 31 v2 setups...
2026-06-12 11:15:20,191  INFO  No BOOF 31 v2 setups found for options
2026-06-12 11:15:25,250  INFO  ============================================================
2026-06-12 11:15:25,251  INFO  OPTIONS SCAN — checking for BOOF 31 v2 setups...
2026-06-12 11:15:27,313  INFO  No BOOF 31 v2 setups found for options
2026-06-12 11:15:32,372  INFO  ============================================================
2026-06-12 11:15:32,372  INFO  OPTIONS SCAN — checking for BOOF 31 v2 setups...
2026-06-12 11:15:34,469  INFO  No BOOF 31 v2 setups found for options
2026-06-12 11:15:39,534  INFO  ============================================================
2026-06-12 11:15:39,534  INFO  OPTIONS SCAN — checking for BOOF 31 v2 setups...
2026-06-12 11:15:41,433  INFO  No BOOF 31 v2 setups found for options
2026-06-12 11:15:46,488  INFO  ============================================================
2026-06-12 11:15:46,488  INFO  OPTIONS SCAN — checking for BOOF 31 v2 setups...
2026-06-12 11:15:48,465  INFO  No BOOF 31 v2 setups found for options
2026-06-12 11:15:53,519  INFO  ============================================================
2026-06-12 11:15:53,520  INFO  OPTIONS SCAN — checking for BOOF 31 v2 setups...
2026-06-12 11:15:55,450  INFO  No BOOF 31 v2 setups found for options
2026-06-12 11:16:00,518  INFO  ============================================================
2026-06-12 11:16:00,518  INFO  OPTIONS SCAN — checking for BOOF 31 v2 setups...
2026-06-12 11:16:02,257  INFO  No BOOF 31 v2 setups found for options
2026-06-12 11:16:07,317  INFO  ============================================================
2026-06-12 11:16:07,318  INFO  OPTIONS SCAN — checking for BOOF 31 v2 setups...
2026-06-12 11:16:09,313  INFO  No BOOF 31 v2 setups found for options
2026-06-12 11:16:14,380  INFO  ============================================================
2026-06-12 11:16:14,380  INFO  OPTIONS SCAN — checking for BOOF 31 v2 setups...
2026-06-12 11:16:16,243  INFO  No BOOF 31 v2 setups found for options
2026-06-12 11:16:21,302  INFO  ============================================================
2026-06-12 11:16:21,302  INFO  OPTIONS SCAN — checking for BOOF 31 v2 setups...
2026-06-12 11:16:23,210  INFO  No BOOF 31 v2 setups found for options
2026-06-12 11:16:28,275  INFO  ============================================================
2026-06-12 11:16:28,275  INFO  OPTIONS SCAN — checking for BOOF 31 v2 setups...
2026-06-12 11:16:31,333  INFO  No BOOF 31 v2 setups found for options
2026-06-12 11:16:36,392  INFO  ============================================================
2026-06-12 11:16:36,392  INFO  OPTIONS SCAN — checking for BOOF 31 v2 setups...
2026-06-12 11:16:39,500  INFO  No BOOF 31 v2 setups found for options
2026-06-12 11:16:44,565  INFO  ============================================================
2026-06-12 11:16:44,566  INFO  OPTIONS SCAN — checking for BOOF 31 v2 setups...
2026-06-12 11:16:48,066  INFO  No BOOF 31 v2 setups found for options
2026-06-12 11:16:53,140  INFO  ============================================================
2026-06-12 11:16:53,141  INFO  OPTIONS SCAN — checking for BOOF 31 v2 setups...
2026-06-12 11:16:56,239  INFO  No BOOF 31 v2 setups found for options
2026-06-12 11:17:01,306  INFO  ============================================================
2026-06-12 11:17:01,306  INFO  OPTIONS SCAN — checking for BOOF 31 v2 setups...
2026-06-12 11:17:04,440  INFO  No BOOF 31 v2 setups found for options
2026-06-12 11:17:09,587  INFO  ============================================================
2026-06-12 11:17:09,587  INFO  OPTIONS SCAN — checking for BOOF 31 v2 setups...
2026-06-12 11:17:12,529  INFO  No BOOF 31 v2 setups found for options
2026-06-12 11:17:17,598  INFO  ============================================================
2026-06-12 11:17:17,598  INFO  OPTIONS SCAN — checking for BOOF 31 v2 setups...
2026-06-12 11:17:20,146  INFO  No BOOF 31 v2 setups found for options
2026-06-12 11:17:25,200  INFO  ============================================================
2026-06-12 11:17:25,200  INFO  OPTIONS SCAN — checking for BOOF 31 v2 setups...
2026-06-12 11:17:28,520  INFO  No BOOF 31 v2 setups found for options
2026-06-12 11:17:33,588  INFO  ============================================================
2026-06-12 11:17:33,588  INFO  OPTIONS SCAN — checking for BOOF 31 v2 setups...
2026-06-12 11:17:36,306  INFO  No BOOF 31 v2 setups found for options
2026-06-12 11:17:41,361  INFO  ============================================================
2026-06-12 11:17:41,361  INFO  OPTIONS SCAN — checking for BOOF 31 v2 setups...
2026-06-12 11:17:44,044  INFO  No BOOF 31 v2 setups found for options
2026-06-12 11:17:49,099  INFO  ============================================================
2026-06-12 11:17:49,100  INFO  OPTIONS SCAN — checking for BOOF 31 v2 setups...
2026-06-12 11:17:51,752  INFO  No BOOF 31 v2 setups found for options
2026-06-12 11:17:56,821  INFO  ============================================================
2026-06-12 11:17:56,822  INFO  OPTIONS SCAN — checking for BOOF 31 v2 setups...
2026-06-12 11:17:59,220  INFO  No BOOF 31 v2 setups found for options
2026-06-12 11:18:04,291  INFO  ============================================================
2026-06-12 11:18:04,291  INFO  OPTIONS SCAN — checking for BOOF 31 v2 setups...
2026-06-12 11:18:06,792  INFO  No BOOF 31 v2 setups found for options
2026-06-12 11:18:11,848  INFO  ============================================================
2026-06-12 11:18:11,848  INFO  OPTIONS SCAN — checking for BOOF 31 v2 setups...
2026-06-12 11:18:14,411  INFO  No BOOF 31 v2 setups found for options
2026-06-12 11:18:19,471  INFO  ============================================================
2026-06-12 11:18:19,471  INFO  OPTIONS SCAN — checking for BOOF 31 v2 setups...
2026-06-12 11:18:21,797  INFO  No BOOF 31 v2 setups found for options
2026-06-12 11:18:26,858  INFO  ============================================================
2026-06-12 11:18:26,858  INFO  OPTIONS SCAN — checking for BOOF 31 v2 setups...
2026-06-12 11:18:29,257  INFO  No BOOF 31 v2 setups found for options
2026-06-12 11:18:34,315  INFO  ============================================================
2026-06-12 11:18:34,316  INFO  OPTIONS SCAN — checking for BOOF 31 v2 setups...
2026-06-12 11:18:36,757  INFO  No BOOF 31 v2 setups found for options
2026-06-12 11:18:41,954  INFO  ============================================================
2026-06-12 11:18:41,954  INFO  OPTIONS SCAN — checking for BOOF 31 v2 setups...
2026-06-12 11:18:44,423  INFO  No BOOF 31 v2 setups found for options
2026-06-12 11:18:49,483  INFO  ============================================================
2026-06-12 11:18:49,484  INFO  OPTIONS SCAN — checking for BOOF 31 v2 setups...
2026-06-12 11:18:51,728  INFO  No BOOF 31 v2 setups found for options
2026-06-12 11:18:56,790  INFO  ============================================================
2026-06-12 11:18:56,790  INFO  OPTIONS SCAN — checking for BOOF 31 v2 setups...
2026-06-12 11:18:59,231  INFO  No BOOF 31 v2 setups found for options
2026-06-12 11:19:04,299  INFO  ============================================================
2026-06-12 11:19:04,299  INFO  OPTIONS SCAN — checking for BOOF 31 v2 setups...
2026-06-12 11:19:06,431  INFO  No BOOF 31 v2 setups found for options
2026-06-12 11:19:11,506  INFO  ============================================================
2026-06-12 11:19:11,506  INFO  OPTIONS SCAN — checking for BOOF 31 v2 setups...
2026-06-12 11:19:13,596  INFO  No BOOF 31 v2 setups found for options
2026-06-12 11:19:18,660  INFO  ============================================================
2026-06-12 11:19:18,660  INFO  OPTIONS SCAN — checking for BOOF 31 v2 setups...
2026-06-12 11:19:20,886  INFO  No BOOF 31 v2 setups found for options
2026-06-12 11:19:25,945  INFO  ============================================================
2026-06-12 11:19:25,945  INFO  OPTIONS SCAN — checking for BOOF 31 v2 setups...
2026-06-12 11:19:28,404  INFO  No BOOF 31 v2 setups found for options
2026-06-12 11:19:33,466  INFO  ============================================================
2026-06-12 11:19:33,466  INFO  OPTIONS SCAN — checking for BOOF 31 v2 setups...
2026-06-12 11:19:36,098  INFO  No BOOF 31 v2 setups found for options
2026-06-12 11:19:41,150  INFO  ============================================================
2026-06-12 11:19:41,151  INFO  OPTIONS SCAN — checking for BOOF 31 v2 setups...
2026-06-12 11:19:43,631  INFO  No BOOF 31 v2 setups found for options
2026-06-12 11:19:48,688  INFO  ============================================================
2026-06-12 11:19:48,688  INFO  OPTIONS SCAN — checking for BOOF 31 v2 setups...
2026-06-12 11:19:51,066  INFO  No BOOF 31 v2 setups found for options
2026-06-12 11:19:56,125  INFO  ============================================================
2026-06-12 11:19:56,125  INFO  OPTIONS SCAN — checking for BOOF 31 v2 setups...
2026-06-12 11:19:58,407  INFO  No BOOF 31 v2 setups found for options
2026-06-12 11:20:03,485  INFO  ============================================================
2026-06-12 11:20:03,485  INFO  OPTIONS SCAN — checking for BOOF 31 v2 setups...
2026-06-12 11:20:05,625  INFO  No BOOF 31 v2 setups found for options
2026-06-12 11:20:10,682  INFO  ============================================================
2026-06-12 11:20:10,682  INFO  OPTIONS SCAN — checking for BOOF 31 v2 setups...
2026-06-12 11:20:12,621  INFO  No BOOF 31 v2 setups found for options
2026-06-12 11:20:17,794  INFO  ============================================================
2026-06-12 11:20:17,794  INFO  OPTIONS SCAN — checking for BOOF 31 v2 setups...
2026-06-12 11:20:19,876  INFO  No BOOF 31 v2 setups found for options
2026-06-12 11:20:24,934  INFO  ============================================================
2026-06-12 11:20:24,935  INFO  OPTIONS SCAN — checking for BOOF 31 v2 setups...
2026-06-12 11:20:27,264  INFO  No BOOF 31 v2 setups found for options
2026-06-12 11:20:32,326  INFO  ============================================================
2026-06-12 11:20:32,331  INFO  OPTIONS SCAN — checking for BOOF 31 v2 setups...
2026-06-12 11:20:34,390  INFO  No BOOF 31 v2 setups found for options
2026-06-12 11:20:39,452  INFO  ============================================================
2026-06-12 11:20:39,452  INFO  OPTIONS SCAN — checking for BOOF 31 v2 setups...
2026-06-12 11:20:41,402  INFO  No BOOF 31 v2 setups found for options
2026-06-12 11:20:46,458  INFO  ============================================================
2026-06-12 11:20:46,459  INFO  OPTIONS SCAN — checking for BOOF 31 v2 setups...
2026-06-12 11:20:48,550  INFO  No BOOF 31 v2 setups found for options
2026-06-12 11:20:53,616  INFO  ============================================================
2026-06-12 11:20:53,616  INFO  OPTIONS SCAN — checking for BOOF 31 v2 setups...
2026-06-12 11:20:55,734  INFO  No BOOF 31 v2 setups found for options
2026-06-12 11:21:00,795  INFO  ============================================================
2026-06-12 11:21:00,795  INFO  OPTIONS SCAN — checking for BOOF 31 v2 setups...
2026-06-12 11:21:02,771  INFO  No BOOF 31 v2 setups found for options
2026-06-12 11:21:07,832  INFO  ============================================================
2026-06-12 11:21:07,832  INFO  OPTIONS SCAN — checking for BOOF 31 v2 setups...
2026-06-12 11:21:09,826  INFO  No BOOF 31 v2 setups found for options
2026-06-12 11:21:14,884  INFO  ============================================================
2026-06-12 11:21:14,884  INFO  OPTIONS SCAN — checking for BOOF 31 v2 setups...
2026-06-12 11:21:16,835  INFO  No BOOF 31 v2 setups found for options
2026-06-12 11:21:21,897  INFO  ============================================================
2026-06-12 11:21:21,897  INFO  OPTIONS SCAN — checking for BOOF 31 v2 setups...
2026-06-12 11:21:23,800  INFO  No BOOF 31 v2 setups found for options
2026-06-12 11:21:28,865  INFO  ============================================================
2026-06-12 11:21:28,865  INFO  OPTIONS SCAN — checking for BOOF 31 v2 setups...
2026-06-12 11:21:31,502  INFO  No BOOF 31 v2 setups found for options
2026-06-12 11:21:36,735  INFO  ============================================================
2026-06-12 11:21:36,735  INFO  OPTIONS SCAN — checking for BOOF 31 v2 setups...
2026-06-12 11:21:39,258  INFO  No BOOF 31 v2 setups found for options
2026-06-12 11:21:44,317  INFO  ============================================================
2026-06-12 11:21:44,317  INFO  OPTIONS SCAN — checking for BOOF 31 v2 setups...
2026-06-12 11:21:46,747  INFO  No BOOF 31 v2 setups found for options
2026-06-12 11:21:51,850  INFO  ============================================================
2026-06-12 11:21:51,851  INFO  OPTIONS SCAN — checking for BOOF 31 v2 setups...
2026-06-12 11:21:54,622  INFO  No BOOF 31 v2 setups found for options
2026-06-12 11:21:59,682  INFO  ============================================================
2026-06-12 11:21:59,682  INFO  OPTIONS SCAN — checking for BOOF 31 v2 setups...
2026-06-12 11:22:02,118  INFO  No BOOF 31 v2 setups found for options
2026-06-12 11:22:07,174  INFO  ============================================================
2026-06-12 11:22:07,175  INFO  OPTIONS SCAN — checking for BOOF 31 v2 setups...
2026-06-12 11:22:09,486  INFO  No BOOF 31 v2 setups found for options
2026-06-12 11:22:14,540  INFO  ============================================================
2026-06-12 11:22:14,540  INFO  OPTIONS SCAN — checking for BOOF 31 v2 setups...
2026-06-12 11:22:16,905  INFO  No BOOF 31 v2 setups found for options
2026-06-12 11:22:21,968  INFO  ============================================================
2026-06-12 11:22:21,969  INFO  OPTIONS SCAN — checking for BOOF 31 v2 setups...
2026-06-12 11:22:24,259  INFO  No BOOF 31 v2 setups found for options
2026-06-12 11:22:29,317  INFO  ============================================================
2026-06-12 11:22:29,317  INFO  OPTIONS SCAN — checking for BOOF 31 v2 setups...
2026-06-12 11:22:31,886  INFO  No BOOF 31 v2 setups found for options
2026-06-12 11:22:36,948  INFO  ============================================================
2026-06-12 11:22:36,948  INFO  OPTIONS SCAN — checking for BOOF 31 v2 setups...
2026-06-12 11:22:39,303  INFO  No BOOF 31 v2 setups found for options
2026-06-12 11:22:44,383  INFO  ============================================================
2026-06-12 11:22:44,383  INFO  OPTIONS SCAN — checking for BOOF 31 v2 setups...
2026-06-12 11:22:46,785  INFO  No BOOF 31 v2 setups found for options
2026-06-12 11:22:51,850  INFO  ============================================================
2026-06-12 11:22:51,850  INFO  OPTIONS SCAN — checking for BOOF 31 v2 setups...
2026-06-12 11:22:54,566  INFO  No BOOF 31 v2 setups found for options
2026-06-12 11:22:59,633  INFO  ============================================================
2026-06-12 11:22:59,633  INFO  OPTIONS SCAN — checking for BOOF 31 v2 setups...
2026-06-12 11:23:01,978  INFO  No BOOF 31 v2 setups found for options
2026-06-12 11:23:07,039  INFO  ============================================================
2026-06-12 11:23:07,039  INFO  OPTIONS SCAN — checking for BOOF 31 v2 setups...
2026-06-12 11:23:09,238  INFO  No BOOF 31 v2 setups found for options
2026-06-12 11:23:14,302  INFO  ============================================================
2026-06-12 11:23:14,302  INFO  OPTIONS SCAN — checking for BOOF 31 v2 setups...
2026-06-12 11:23:16,575  INFO  No BOOF 31 v2 setups found for options
2026-06-12 11:23:21,630  INFO  ============================================================
2026-06-12 11:23:21,630  INFO  OPTIONS SCAN — checking for BOOF 31 v2 setups...
2026-06-12 11:23:23,926  INFO  No BOOF 31 v2 setups found for options
2026-06-12 11:23:29,001  INFO  ============================================================
2026-06-12 11:23:29,001  INFO  OPTIONS SCAN — checking for BOOF 31 v2 setups...
2026-06-12 11:23:31,580  INFO  No BOOF 31 v2 setups found for options
2026-06-12 11:23:36,646  INFO  ============================================================
2026-06-12 11:23:36,646  INFO  OPTIONS SCAN — checking for BOOF 31 v2 setups...
2026-06-12 11:23:38,987  INFO  No BOOF 31 v2 setups found for options
2026-06-12 11:23:44,056  INFO  ============================================================
2026-06-12 11:23:44,056  INFO  OPTIONS SCAN — checking for BOOF 31 v2 setups...
2026-06-12 11:23:46,374  INFO  No BOOF 31 v2 setups found for options
2026-06-12 11:23:51,431  INFO  ============================================================
2026-06-12 11:23:51,431  INFO  OPTIONS SCAN — checking for BOOF 31 v2 setups...
2026-06-12 11:23:53,881  INFO  No BOOF 31 v2 setups found for options
2026-06-12 11:23:58,938  INFO  ============================================================
2026-06-12 11:23:58,938  INFO  OPTIONS SCAN — checking for BOOF 31 v2 setups...
2026-06-12 11:24:01,265  INFO  No BOOF 31 v2 setups found for options
2026-06-12 11:24:06,329  INFO  ============================================================
2026-06-12 11:24:06,330  INFO  OPTIONS SCAN — checking for BOOF 31 v2 setups...
2026-06-12 11:24:08,769  INFO  No BOOF 31 v2 setups found for options
2026-06-12 11:24:13,825  INFO  ============================================================
2026-06-12 11:24:13,825  INFO  OPTIONS SCAN — checking for BOOF 31 v2 setups...
2026-06-12 11:24:16,192  INFO  No BOOF 31 v2 setups found for options
2026-06-12 11:24:21,255  INFO  ============================================================
2026-06-12 11:24:21,260  INFO  OPTIONS SCAN — checking for BOOF 31 v2 setups...
2026-06-12 11:24:23,525  INFO  No BOOF 31 v2 setups found for options
2026-06-12 11:24:28,590  INFO  ============================================================
2026-06-12 11:24:28,590  INFO  OPTIONS SCAN — checking for BOOF 31 v2 setups...
2026-06-12 11:24:31,176  INFO  No BOOF 31 v2 setups found for options
2026-06-12 11:24:36,237  INFO  ============================================================
2026-06-12 11:24:36,237  INFO  OPTIONS SCAN — checking for BOOF 31 v2 setups...
2026-06-12 11:24:38,700  INFO  No BOOF 31 v2 setups found for options
2026-06-12 11:24:43,764  INFO  ============================================================
2026-06-12 11:24:43,764  INFO  OPTIONS SCAN — checking for BOOF 31 v2 setups...
2026-06-12 11:24:45,992  INFO  No BOOF 31 v2 setups found for options
2026-06-12 11:24:51,050  INFO  ============================================================
2026-06-12 11:24:51,051  INFO  OPTIONS SCAN — checking for BOOF 31 v2 setups...
2026-06-12 11:24:53,187  INFO  No BOOF 31 v2 setups found for options
2026-06-12 11:24:58,252  INFO  ============================================================
2026-06-12 11:24:58,252  INFO  OPTIONS SCAN — checking for BOOF 31 v2 setups...
2026-06-12 11:25:00,646  INFO  No BOOF 31 v2 setups found for options
2026-06-12 11:25:05,819  INFO  ============================================================
2026-06-12 11:25:05,819  INFO  OPTIONS SCAN — checking for BOOF 31 v2 setups...
2026-06-12 11:25:08,246  INFO  No BOOF 31 v2 setups found for options
2026-06-12 11:25:13,309  INFO  ============================================================
2026-06-12 11:25:13,310  INFO  OPTIONS SCAN — checking for BOOF 31 v2 setups...
2026-06-12 11:25:15,511  INFO  No BOOF 31 v2 setups found for options
2026-06-12 11:25:20,595  INFO  ============================================================
2026-06-12 11:25:20,595  INFO  OPTIONS SCAN — checking for BOOF 31 v2 setups...
2026-06-12 11:25:22,824  INFO  No BOOF 31 v2 setups found for options
2026-06-12 11:25:28,001  INFO  ============================================================
2026-06-12 11:25:28,001  INFO  OPTIONS SCAN — checking for BOOF 31 v2 setups...
2026-06-12 11:25:30,401  INFO  No BOOF 31 v2 setups found for options
2026-06-12 11:25:35,458  INFO  ============================================================
2026-06-12 11:25:35,458  INFO  OPTIONS SCAN — checking for BOOF 31 v2 setups...
2026-06-12 11:25:37,857  INFO  No BOOF 31 v2 setups found for options
2026-06-12 11:25:42,937  INFO  ============================================================
2026-06-12 11:25:42,937  INFO  OPTIONS SCAN — checking for BOOF 31 v2 setups...
2026-06-12 11:25:45,382  INFO  No BOOF 31 v2 setups found for options
2026-06-12 11:25:50,452  INFO  ============================================================
2026-06-12 11:25:50,452  INFO  OPTIONS SCAN — checking for BOOF 31 v2 setups...
2026-06-12 11:25:52,826  INFO  No BOOF 31 v2 setups found for options
2026-06-12 11:25:57,892  INFO  ============================================================
2026-06-12 11:25:57,892  INFO  OPTIONS SCAN — checking for BOOF 31 v2 setups...
2026-06-12 11:26:00,102  INFO  No BOOF 31 v2 setups found for options
2026-06-12 11:26:05,159  INFO  ============================================================
2026-06-12 11:26:05,159  INFO  OPTIONS SCAN — checking for BOOF 31 v2 setups...
2026-06-12 11:26:07,673  INFO  No BOOF 31 v2 setups found for options
2026-06-12 11:26:12,731  INFO  ============================================================
2026-06-12 11:26:12,731  INFO  OPTIONS SCAN — checking for BOOF 31 v2 setups...
2026-06-12 11:26:14,981  INFO  No BOOF 31 v2 setups found for options
2026-06-12 11:26:20,046  INFO  ============================================================
2026-06-12 11:26:20,046  INFO  OPTIONS SCAN — checking for BOOF 31 v2 setups...
2026-06-12 11:26:22,197  INFO  No BOOF 31 v2 setups found for options
2026-06-12 11:26:27,326  INFO  ============================================================
2026-06-12 11:26:27,326  INFO  OPTIONS SCAN — checking for BOOF 31 v2 setups...
2026-06-12 11:26:29,875  INFO  No BOOF 31 v2 setups found for options
2026-06-12 11:26:34,940  INFO  ============================================================
2026-06-12 11:26:34,941  INFO  OPTIONS SCAN — checking for BOOF 31 v2 setups...
2026-06-12 11:26:37,334  INFO  No BOOF 31 v2 setups found for options
2026-06-12 11:26:42,408  INFO  ============================================================
2026-06-12 11:26:42,409  INFO  OPTIONS SCAN — checking for BOOF 31 v2 setups...
2026-06-12 11:26:44,603  INFO  No BOOF 31 v2 setups found for options
2026-06-12 11:26:49,717  INFO  ============================================================
2026-06-12 11:26:49,717  INFO  OPTIONS SCAN — checking for BOOF 31 v2 setups...
2026-06-12 11:26:51,935  INFO  No BOOF 31 v2 setups found for options
2026-06-12 11:26:56,993  INFO  ============================================================
2026-06-12 11:26:56,993  INFO  OPTIONS SCAN — checking for BOOF 31 v2 setups...
2026-06-12 11:26:59,328  INFO  No BOOF 31 v2 setups found for options
2026-06-12 11:27:04,393  INFO  ============================================================
2026-06-12 11:27:04,393  INFO  OPTIONS SCAN — checking for BOOF 31 v2 setups...
2026-06-12 11:27:06,911  INFO  No BOOF 31 v2 setups found for options
2026-06-12 11:27:11,981  INFO  ============================================================
2026-06-12 11:27:11,982  INFO  OPTIONS SCAN — checking for BOOF 31 v2 setups...
2026-06-12 11:27:14,266  INFO  No BOOF 31 v2 setups found for options
2026-06-12 11:27:19,353  INFO  ============================================================
2026-06-12 11:27:19,376  INFO  OPTIONS SCAN — checking for BOOF 31 v2 setups...
2026-06-12 11:27:21,779  INFO  No BOOF 31 v2 setups found for options
2026-06-12 11:27:26,841  INFO  ============================================================
2026-06-12 11:27:26,841  INFO  OPTIONS SCAN — checking for BOOF 31 v2 setups...
2026-06-12 11:27:29,457  INFO  No BOOF 31 v2 setups found for options
2026-06-12 11:27:34,519  INFO  ============================================================
2026-06-12 11:27:34,519  INFO  OPTIONS SCAN — checking for BOOF 31 v2 setups...
2026-06-12 11:27:36,911  INFO  No BOOF 31 v2 setups found for options
2026-06-12 11:27:41,972  INFO  ============================================================
2026-06-12 11:27:41,972  INFO  OPTIONS SCAN — checking for BOOF 31 v2 setups...
2026-06-12 11:27:44,321  INFO  No BOOF 31 v2 setups found for options
2026-06-12 11:27:49,384  INFO  ============================================================
2026-06-12 11:27:49,385  INFO  OPTIONS SCAN — checking for BOOF 31 v2 setups...
2026-06-12 11:27:51,697  INFO  No BOOF 31 v2 setups found for options
2026-06-12 11:27:56,765  INFO  ============================================================
2026-06-12 11:27:56,765  INFO  OPTIONS SCAN — checking for BOOF 31 v2 setups...
2026-06-12 11:27:59,073  INFO  No BOOF 31 v2 setups found for options
2026-06-12 11:28:04,134  INFO  ============================================================
2026-06-12 11:28:04,134  INFO  OPTIONS SCAN — checking for BOOF 31 v2 setups...
2026-06-12 11:28:06,493  INFO  No BOOF 31 v2 setups found for options
2026-06-12 11:28:11,553  INFO  ============================================================
2026-06-12 11:28:11,553  INFO  OPTIONS SCAN — checking for BOOF 31 v2 setups...
2026-06-12 11:28:13,945  INFO  No BOOF 31 v2 setups found for options
2026-06-12 11:28:19,008  INFO  ============================================================
2026-06-12 11:28:19,009  INFO  OPTIONS SCAN — checking for BOOF 31 v2 setups...
2026-06-12 11:28:21,226  INFO  No BOOF 31 v2 setups found for options
2026-06-12 11:28:26,291  INFO  ============================================================
2026-06-12 11:28:26,291  INFO  OPTIONS SCAN — checking for BOOF 31 v2 setups...
2026-06-12 11:28:29,293  INFO  No BOOF 31 v2 setups found for options
2026-06-12 11:28:34,424  INFO  ============================================================
2026-06-12 11:28:34,424  INFO  OPTIONS SCAN — checking for BOOF 31 v2 setups...
2026-06-12 11:28:36,890  INFO  No BOOF 31 v2 setups found for options
2026-06-12 11:28:41,950  INFO  ============================================================
2026-06-12 11:28:41,950  INFO  OPTIONS SCAN — checking for BOOF 31 v2 setups...
2026-06-12 11:28:44,306  INFO  No BOOF 31 v2 setups found for options
2026-06-12 11:28:49,367  INFO  ============================================================
2026-06-12 11:28:49,367  INFO  OPTIONS SCAN — checking for BOOF 31 v2 setups...
2026-06-12 11:28:51,765  INFO  No BOOF 31 v2 setups found for options
2026-06-12 11:28:56,834  INFO  ============================================================
2026-06-12 11:28:56,834  INFO  OPTIONS SCAN — checking for BOOF 31 v2 setups...
2026-06-12 11:28:58,967  INFO  No BOOF 31 v2 setups found for options
2026-06-12 11:29:04,150  INFO  ============================================================
2026-06-12 11:29:04,150  INFO  OPTIONS SCAN — checking for BOOF 31 v2 setups...
2026-06-12 11:29:06,283  INFO  No BOOF 31 v2 setups found for options
2026-06-12 11:29:11,348  INFO  ============================================================
2026-06-12 11:29:11,348  INFO  OPTIONS SCAN — checking for BOOF 31 v2 setups...
2026-06-12 11:29:13,392  INFO  No BOOF 31 v2 setups found for options
2026-06-12 11:29:18,556  INFO  ============================================================
2026-06-12 11:29:18,556  INFO  OPTIONS SCAN — checking for BOOF 31 v2 setups...
2026-06-12 11:29:20,596  INFO  No BOOF 31 v2 setups found for options
2026-06-12 11:29:25,652  INFO  ============================================================
2026-06-12 11:29:25,652  INFO  OPTIONS SCAN — checking for BOOF 31 v2 setups...
2026-06-12 11:29:27,871  INFO  No BOOF 31 v2 setups found for options
2026-06-12 11:29:32,930  INFO  ============================================================
2026-06-12 11:29:32,930  INFO  OPTIONS SCAN — checking for BOOF 31 v2 setups...
2026-06-12 11:29:35,077  INFO  No BOOF 31 v2 setups found for options
2026-06-12 11:29:40,157  INFO  ============================================================
2026-06-12 11:29:40,157  INFO  OPTIONS SCAN — checking for BOOF 31 v2 setups...
2026-06-12 11:29:41,997  INFO  No BOOF 31 v2 setups found for options
2026-06-12 11:29:47,069  INFO  ============================================================
2026-06-12 11:29:47,069  INFO  OPTIONS SCAN — checking for BOOF 31 v2 setups...
2026-06-12 11:29:48,954  INFO  No BOOF 31 v2 setups found for options
2026-06-12 11:29:54,018  INFO  ============================================================
2026-06-12 11:29:54,019  INFO  OPTIONS SCAN — checking for BOOF 31 v2 setups...
2026-06-12 11:29:56,061  INFO  No BOOF 31 v2 setups found for options
2026-06-12 11:30:01,124  INFO  ============================================================
2026-06-12 11:30:01,124  INFO  OPTIONS SCAN — checking for BOOF 31 v2 setups...
2026-06-12 11:30:03,012  INFO  No BOOF 31 v2 setups found for options
2026-06-12 11:30:08,067  INFO  ============================================================
2026-06-12 11:30:08,067  INFO  OPTIONS SCAN — checking for BOOF 31 v2 setups...
2026-06-12 11:30:10,071  INFO  No BOOF 31 v2 setups found for options
2026-06-12 11:30:15,131  INFO  ============================================================
2026-06-12 11:30:15,132  INFO  OPTIONS SCAN — checking for BOOF 31 v2 setups...
2026-06-12 11:30:16,929  INFO  No BOOF 31 v2 setups found for options
2026-06-12 11:30:22,000  INFO  ============================================================
2026-06-12 11:30:22,000  INFO  OPTIONS SCAN — checking for BOOF 31 v2 setups...
2026-06-12 11:30:23,822  INFO  No BOOF 31 v2 setups found for options
2026-06-12 11:30:28,944  INFO  ============================================================
2026-06-12 11:30:28,944  INFO  OPTIONS SCAN — checking for BOOF 31 v2 setups...
2026-06-12 11:30:30,995  INFO  No BOOF 31 v2 setups found for options
2026-06-12 11:30:36,053  INFO  ============================================================
2026-06-12 11:30:36,053  INFO  OPTIONS SCAN — checking for BOOF 31 v2 setups...
2026-06-12 11:30:37,911  INFO  No BOOF 31 v2 setups found for options
2026-06-12 11:30:43,045  INFO  ============================================================
2026-06-12 11:30:43,045  INFO  OPTIONS SCAN — checking for BOOF 31 v2 setups...
2026-06-12 11:30:44,937  INFO  No BOOF 31 v2 setups found for options
2026-06-12 11:30:50,001  INFO  ============================================================
2026-06-12 11:30:50,001  INFO  OPTIONS SCAN — checking for BOOF 31 v2 setups...
2026-06-12 11:30:52,032  INFO  No BOOF 31 v2 setups found for options
2026-06-12 11:30:57,091  INFO  ============================================================
2026-06-12 11:30:57,091  INFO  OPTIONS SCAN — checking for BOOF 31 v2 setups...
2026-06-12 11:30:59,083  INFO  No BOOF 31 v2 setups found for options
2026-06-12 11:31:04,146  INFO  ============================================================
2026-06-12 11:31:04,146  INFO  OPTIONS SCAN — checking for BOOF 31 v2 setups...
2026-06-12 11:31:06,221  INFO  No BOOF 31 v2 setups found for options
2026-06-12 11:31:11,283  INFO  ============================================================
2026-06-12 11:31:11,283  INFO  OPTIONS SCAN — checking for BOOF 31 v2 setups...
2026-06-12 11:31:13,340  INFO  No BOOF 31 v2 setups found for options
2026-06-12 11:31:18,413  INFO  ============================================================
2026-06-12 11:31:18,413  INFO  OPTIONS SCAN — checking for BOOF 31 v2 setups...
2026-06-12 11:31:20,640  INFO  No BOOF 31 v2 setups found for options
2026-06-12 11:31:25,756  INFO  ============================================================
2026-06-12 11:31:25,756  INFO  OPTIONS SCAN — checking for BOOF 31 v2 setups...
2026-06-12 11:31:29,135  INFO  No BOOF 31 v2 setups found for options
2026-06-12 11:31:34,191  INFO  ============================================================
2026-06-12 11:31:34,192  INFO  OPTIONS SCAN — checking for BOOF 31 v2 setups...
2026-06-12 11:31:37,829  INFO  No BOOF 31 v2 setups found for options
2026-06-12 11:31:42,907  INFO  ============================================================
2026-06-12 11:31:42,907  INFO  OPTIONS SCAN — checking for BOOF 31 v2 setups...
2026-06-12 11:31:46,615  INFO  No BOOF 31 v2 setups found for options
2026-06-12 11:31:51,671  INFO  ============================================================
2026-06-12 11:31:51,672  INFO  OPTIONS SCAN — checking for BOOF 31 v2 setups...
2026-06-12 11:31:54,954  INFO  No BOOF 31 v2 setups found for options
2026-06-12 11:32:00,010  INFO  ============================================================
2026-06-12 11:32:00,011  INFO  OPTIONS SCAN — checking for BOOF 31 v2 setups...
2026-06-12 11:32:03,382  INFO  No BOOF 31 v2 setups found for options
2026-06-12 11:32:08,451  INFO  ============================================================
2026-06-12 11:32:08,452  INFO  OPTIONS SCAN — checking for BOOF 31 v2 setups...
2026-06-12 11:32:11,656  INFO  No BOOF 31 v2 setups found for options
2026-06-12 11:32:16,740  INFO  ============================================================
2026-06-12 11:32:16,740  INFO  OPTIONS SCAN — checking for BOOF 31 v2 setups...
2026-06-12 11:32:19,819  INFO  No BOOF 31 v2 setups found for options
2026-06-12 11:32:24,883  INFO  ============================================================
2026-06-12 11:32:24,884  INFO  OPTIONS SCAN — checking for BOOF 31 v2 setups...
2026-06-12 11:32:28,450  INFO  No BOOF 31 v2 setups found for options
2026-06-12 11:32:33,506  INFO  ============================================================
2026-06-12 11:32:33,506  INFO  OPTIONS SCAN — checking for BOOF 31 v2 setups...
2026-06-12 11:32:36,714  INFO  No BOOF 31 v2 setups found for options
2026-06-12 11:32:41,771  INFO  ============================================================
2026-06-12 11:32:41,772  INFO  OPTIONS SCAN — checking for BOOF 31 v2 setups...
2026-06-12 11:32:44,548  INFO  No BOOF 31 v2 setups found for options
2026-06-12 11:32:49,614  INFO  ============================================================
2026-06-12 11:32:49,614  INFO  OPTIONS SCAN — checking for BOOF 31 v2 setups...
2026-06-12 11:32:52,243  INFO  No BOOF 31 v2 setups found for options
2026-06-12 11:32:57,307  INFO  ============================================================
2026-06-12 11:32:57,307  INFO  OPTIONS SCAN — checking for BOOF 31 v2 setups...
2026-06-12 11:32:59,825  INFO  No BOOF 31 v2 setups found for options
2026-06-12 11:33:04,884  INFO  ============================================================
2026-06-12 11:33:04,884  INFO  OPTIONS SCAN — checking for BOOF 31 v2 setups...
2026-06-12 11:33:07,609  INFO  No BOOF 31 v2 setups found for options
2026-06-12 11:33:12,693  INFO  ============================================================
2026-06-12 11:33:12,693  INFO  OPTIONS SCAN — checking for BOOF 31 v2 setups...
2026-06-12 11:33:15,241  INFO  No BOOF 31 v2 setups found for options
2026-06-12 11:33:20,322  INFO  ============================================================
2026-06-12 11:33:20,325  INFO  OPTIONS SCAN — checking for BOOF 31 v2 setups...
2026-06-12 11:33:22,723  INFO  No BOOF 31 v2 setups found for options
2026-06-12 11:33:27,786  INFO  ============================================================
2026-06-12 11:33:27,786  INFO  OPTIONS SCAN — checking for BOOF 31 v2 setups...
2026-06-12 11:33:30,248  INFO  No BOOF 31 v2 setups found for options
2026-06-12 11:33:35,311  INFO  ============================================================
2026-06-12 11:33:35,311  INFO  OPTIONS SCAN — checking for BOOF 31 v2 setups...
2026-06-12 11:33:37,988  INFO  No BOOF 31 v2 setups found for options
2026-06-12 11:33:43,074  INFO  ============================================================
2026-06-12 11:33:43,074  INFO  OPTIONS SCAN — checking for BOOF 31 v2 setups...
2026-06-12 11:33:45,596  INFO  No BOOF 31 v2 setups found for options
2026-06-12 11:33:50,659  INFO  ============================================================
2026-06-12 11:33:50,659  INFO  OPTIONS SCAN — checking for BOOF 31 v2 setups...
2026-06-12 11:33:52,904  INFO  No BOOF 31 v2 setups found for options
2026-06-12 11:33:57,965  INFO  ============================================================
2026-06-12 11:33:57,965  INFO  OPTIONS SCAN — checking for BOOF 31 v2 setups...
2026-06-12 11:34:00,150  INFO  No BOOF 31 v2 setups found for options
2026-06-12 11:34:05,216  INFO  ============================================================
2026-06-12 11:34:05,216  INFO  OPTIONS SCAN — checking for BOOF 31 v2 setups...
2026-06-12 11:34:07,513  INFO  No BOOF 31 v2 setups found for options
2026-06-12 11:34:12,580  INFO  ============================================================
2026-06-12 11:34:12,581  INFO  OPTIONS SCAN — checking for BOOF 31 v2 setups...
2026-06-12 11:34:15,329  INFO  No BOOF 31 v2 setups found for options
2026-06-12 11:34:20,390  INFO  ============================================================
2026-06-12 11:34:20,390  INFO  OPTIONS SCAN — checking for BOOF 31 v2 setups...
2026-06-12 11:34:22,631  INFO  No BOOF 31 v2 setups found for options
2026-06-12 11:34:27,719  INFO  ============================================================
2026-06-12 11:34:27,719  INFO  OPTIONS SCAN — checking for BOOF 31 v2 setups...
2026-06-12 11:34:30,179  INFO  No BOOF 31 v2 setups found for options
2026-06-12 11:34:35,249  INFO  ============================================================
2026-06-12 11:34:35,249  INFO  OPTIONS SCAN — checking for BOOF 31 v2 setups...
2026-06-12 11:34:37,551  INFO  No BOOF 31 v2 setups found for options
2026-06-12 11:34:42,608  INFO  ============================================================
2026-06-12 11:34:42,608  INFO  OPTIONS SCAN — checking for BOOF 31 v2 setups...
2026-06-12 11:34:44,879  INFO  No BOOF 31 v2 setups found for options
2026-06-12 11:34:49,945  INFO  ============================================================
2026-06-12 11:34:49,945  INFO  OPTIONS SCAN — checking for BOOF 31 v2 setups...
2026-06-12 11:34:52,160  INFO  No BOOF 31 v2 setups found for options
2026-06-12 11:34:57,224  INFO  ============================================================
2026-06-12 11:34:57,224  INFO  OPTIONS SCAN — checking for BOOF 31 v2 setups...
2026-06-12 11:34:59,131  INFO  No BOOF 31 v2 setups found for options
2026-06-12 11:35:04,189  INFO  ============================================================
2026-06-12 11:35:04,189  INFO  OPTIONS SCAN — checking for BOOF 31 v2 setups...
2026-06-12 11:35:06,385  INFO  No BOOF 31 v2 setups found for options
2026-06-12 11:35:11,447  INFO  ============================================================
2026-06-12 11:35:11,448  INFO  OPTIONS SCAN — checking for BOOF 31 v2 setups...
2026-06-12 11:35:13,424  INFO  No BOOF 31 v2 setups found for options
2026-06-12 11:35:18,500  INFO  ============================================================
2026-06-12 11:35:18,500  INFO  OPTIONS SCAN — checking for BOOF 31 v2 setups...
2026-06-12 11:35:20,598  INFO  No BOOF 31 v2 setups found for options
2026-06-12 11:35:25,666  INFO  ============================================================
2026-06-12 11:35:25,666  INFO  OPTIONS SCAN — checking for BOOF 31 v2 setups...
2026-06-12 11:35:27,863  INFO  No BOOF 31 v2 setups found for options
2026-06-12 11:35:32,924  INFO  ============================================================
2026-06-12 11:35:32,924  INFO  OPTIONS SCAN — checking for BOOF 31 v2 setups...
2026-06-12 11:35:35,101  INFO  No BOOF 31 v2 setups found for options
2026-06-12 11:35:40,167  INFO  ============================================================
2026-06-12 11:35:40,171  INFO  OPTIONS SCAN — checking for BOOF 31 v2 setups...
2026-06-12 11:35:42,853  INFO  No BOOF 31 v2 setups found for options
2026-06-12 11:35:48,027  INFO  ============================================================
2026-06-12 11:35:48,027  INFO  OPTIONS SCAN — checking for BOOF 31 v2 setups...
2026-06-12 11:35:51,493  INFO  No BOOF 31 v2 setups found for options
2026-06-12 11:35:56,550  INFO  ============================================================
2026-06-12 11:35:56,550  INFO  OPTIONS SCAN — checking for BOOF 31 v2 setups...
2026-06-12 11:35:58,585  INFO  No BOOF 31 v2 setups found for options
2026-06-12 11:36:03,654  INFO  ============================================================
2026-06-12 11:36:03,654  INFO  OPTIONS SCAN — checking for BOOF 31 v2 setups...
2026-06-12 11:36:05,674  INFO  No BOOF 31 v2 setups found for options
2026-06-12 11:36:10,740  INFO  ============================================================
2026-06-12 11:36:10,741  INFO  OPTIONS SCAN — checking for BOOF 31 v2 setups...
2026-06-12 11:36:13,101  INFO  No BOOF 31 v2 setups found for options
2026-06-12 11:36:18,166  INFO  ============================================================
2026-06-12 11:36:18,167  INFO  OPTIONS SCAN — checking for BOOF 31 v2 setups...
2026-06-12 11:36:20,327  INFO  No BOOF 31 v2 setups found for options
2026-06-12 11:36:25,390  INFO  ============================================================
2026-06-12 11:36:25,390  INFO  OPTIONS SCAN — checking for BOOF 31 v2 setups...
2026-06-12 11:36:28,079  INFO  No BOOF 31 v2 setups found for options
2026-06-12 11:36:33,147  INFO  ============================================================
2026-06-12 11:36:33,148  INFO  OPTIONS SCAN — checking for BOOF 31 v2 setups...
2026-06-12 11:36:35,795  INFO  No BOOF 31 v2 setups found for options
2026-06-12 11:36:40,855  INFO  ============================================================
2026-06-12 11:36:40,856  INFO  OPTIONS SCAN — checking for BOOF 31 v2 setups...
2026-06-12 11:36:43,622  INFO  No BOOF 31 v2 setups found for options
2026-06-12 11:36:48,687  INFO  ============================================================
2026-06-12 11:36:48,687  INFO  OPTIONS SCAN — checking for BOOF 31 v2 setups...
2026-06-12 11:36:51,402  INFO  No BOOF 31 v2 setups found for options
2026-06-12 11:36:56,469  INFO  ============================================================
2026-06-12 11:36:56,469  INFO  OPTIONS SCAN — checking for BOOF 31 v2 setups...
2026-06-12 11:36:58,977  INFO  No BOOF 31 v2 setups found for options
2026-06-12 11:37:04,048  INFO  ============================================================
2026-06-12 11:37:04,048  INFO  OPTIONS SCAN — checking for BOOF 31 v2 setups...
2026-06-12 11:37:06,347  INFO  No BOOF 31 v2 setups found for options
2026-06-12 11:37:11,412  INFO  ============================================================
2026-06-12 11:37:11,412  INFO  OPTIONS SCAN — checking for BOOF 31 v2 setups...
2026-06-12 11:37:13,757  INFO  No BOOF 31 v2 setups found for options
2026-06-12 11:37:18,813  INFO  ============================================================
2026-06-12 11:37:18,813  INFO  OPTIONS SCAN — checking for BOOF 31 v2 setups...
2026-06-12 11:37:21,062  INFO  No BOOF 31 v2 setups found for options
2026-06-12 11:37:26,115  INFO  ============================================================
2026-06-12 11:37:26,115  INFO  OPTIONS SCAN — checking for BOOF 31 v2 setups...
2026-06-12 11:37:28,622  INFO  No BOOF 31 v2 setups found for options
2026-06-12 11:37:33,686  INFO  ============================================================
2026-06-12 11:37:33,686  INFO  OPTIONS SCAN — checking for BOOF 31 v2 setups...
2026-06-12 11:37:36,209  INFO  No BOOF 31 v2 setups found for options
2026-06-12 11:37:41,266  INFO  ============================================================
2026-06-12 11:37:41,266  INFO  OPTIONS SCAN — checking for BOOF 31 v2 setups...
2026-06-12 11:37:43,515  INFO  No BOOF 31 v2 setups found for options
2026-06-12 11:37:48,574  INFO  ============================================================
2026-06-12 11:37:48,574  INFO  OPTIONS SCAN — checking for BOOF 31 v2 setups...
2026-06-12 11:37:50,755  INFO  No BOOF 31 v2 setups found for options
2026-06-12 11:37:55,822  INFO  ============================================================
2026-06-12 11:37:55,822  INFO  OPTIONS SCAN — checking for BOOF 31 v2 setups...
2026-06-12 11:37:58,038  INFO  No BOOF 31 v2 setups found for options
2026-06-12 11:38:03,107  INFO  ============================================================
2026-06-12 11:38:03,108  INFO  OPTIONS SCAN — checking for BOOF 31 v2 setups...
2026-06-12 11:38:05,289  INFO  No BOOF 31 v2 setups found for options
2026-06-12 11:38:10,351  INFO  ============================================================
2026-06-12 11:38:10,351  INFO  OPTIONS SCAN — checking for BOOF 31 v2 setups...
2026-06-12 11:38:12,505  INFO  No BOOF 31 v2 setups found for options
2026-06-12 11:38:17,583  INFO  ============================================================
2026-06-12 11:38:17,584  INFO  OPTIONS SCAN — checking for BOOF 31 v2 setups...
2026-06-12 11:38:19,533  INFO  No BOOF 31 v2 setups found for options
2026-06-12 11:38:24,627  INFO  ============================================================
2026-06-12 11:38:24,627  INFO  OPTIONS SCAN — checking for BOOF 31 v2 setups...
2026-06-12 11:38:26,972  INFO  No BOOF 31 v2 setups found for options
2026-06-12 11:38:32,039  INFO  ============================================================
2026-06-12 11:38:32,039  INFO  OPTIONS SCAN — checking for BOOF 31 v2 setups...
2026-06-12 11:38:34,272  INFO  No BOOF 31 v2 setups found for options
2026-06-12 11:38:39,332  INFO  ============================================================
2026-06-12 11:38:39,332  INFO  OPTIONS SCAN — checking for BOOF 31 v2 setups...
2026-06-12 11:38:41,587  INFO  No BOOF 31 v2 setups found for options
2026-06-12 11:38:46,644  INFO  ============================================================
2026-06-12 11:38:46,644  INFO  OPTIONS SCAN — checking for BOOF 31 v2 setups...
2026-06-12 11:38:48,905  INFO  No BOOF 31 v2 setups found for options
2026-06-12 11:38:53,998  INFO  ============================================================
2026-06-12 11:38:53,999  INFO  OPTIONS SCAN — checking for BOOF 31 v2 setups...
2026-06-12 11:38:56,024  INFO  No BOOF 31 v2 setups found for options
2026-06-12 11:39:01,084  INFO  ============================================================
2026-06-12 11:39:01,084  INFO  OPTIONS SCAN — checking for BOOF 31 v2 setups...
2026-06-12 11:39:03,252  INFO  No BOOF 31 v2 setups found for options
2026-06-12 11:39:08,318  INFO  ============================================================
2026-06-12 11:39:08,319  INFO  OPTIONS SCAN — checking for BOOF 31 v2 setups...
2026-06-12 11:39:10,476  INFO  No BOOF 31 v2 setups found for options
2026-06-12 11:39:15,552  INFO  ============================================================
2026-06-12 11:39:15,552  INFO  OPTIONS SCAN — checking for BOOF 31 v2 setups...
2026-06-12 11:39:17,652  INFO  No BOOF 31 v2 setups found for options
2026-06-12 11:39:22,719  INFO  ============================================================
2026-06-12 11:39:22,719  INFO  OPTIONS SCAN — checking for BOOF 31 v2 setups...
2026-06-12 11:39:24,827  INFO  No BOOF 31 v2 setups found for options
2026-06-12 11:39:29,907  INFO  ============================================================
2026-06-12 11:39:29,907  INFO  OPTIONS SCAN — checking for BOOF 31 v2 setups...
2026-06-12 11:39:32,277  INFO  No BOOF 31 v2 setups found for options
2026-06-12 11:39:37,341  INFO  ============================================================
2026-06-12 11:39:37,341  INFO  OPTIONS SCAN — checking for BOOF 31 v2 setups...
2026-06-12 11:39:39,551  INFO  No BOOF 31 v2 setups found for options
2026-06-12 11:39:44,639  INFO  ============================================================
2026-06-12 11:39:44,639  INFO  OPTIONS SCAN — checking for BOOF 31 v2 setups...
2026-06-12 11:39:46,753  INFO  No BOOF 31 v2 setups found for options
2026-06-12 11:39:51,828  INFO  ============================================================
2026-06-12 11:39:51,829  INFO  OPTIONS SCAN — checking for BOOF 31 v2 setups...
2026-06-12 11:39:53,875  INFO  No BOOF 31 v2 setups found for options
2026-06-12 11:39:58,933  INFO  ============================================================
2026-06-12 11:39:58,933  INFO  OPTIONS SCAN — checking for BOOF 31 v2 setups...
2026-06-12 11:40:01,502  INFO  No BOOF 31 v2 setups found for options
2026-06-12 11:40:06,571  INFO  ============================================================
2026-06-12 11:40:06,572  INFO  OPTIONS SCAN — checking for BOOF 31 v2 setups...
2026-06-12 11:40:08,778  INFO  No BOOF 31 v2 setups found for options
2026-06-12 11:40:13,849  INFO  ============================================================
2026-06-12 11:40:13,850  INFO  OPTIONS SCAN — checking for BOOF 31 v2 setups...
2026-06-12 11:40:15,977  INFO  No BOOF 31 v2 setups found for options
2026-06-12 11:40:21,047  INFO  ============================================================
2026-06-12 11:40:21,048  INFO  OPTIONS SCAN — checking for BOOF 31 v2 setups...
2026-06-12 11:40:23,062  INFO  No BOOF 31 v2 setups found for options
2026-06-12 11:40:28,116  INFO  ============================================================
2026-06-12 11:40:28,116  INFO  OPTIONS SCAN — checking for BOOF 31 v2 setups...
2026-06-12 11:40:30,439  INFO  No BOOF 31 v2 setups found for options
2026-06-12 11:40:35,520  INFO  ============================================================
2026-06-12 11:40:35,520  INFO  OPTIONS SCAN — checking for BOOF 31 v2 setups...
2026-06-12 11:40:37,570  INFO  No BOOF 31 v2 setups found for options
2026-06-12 11:40:42,651  INFO  ============================================================
2026-06-12 11:40:42,651  INFO  OPTIONS SCAN — checking for BOOF 31 v2 setups...
2026-06-12 11:40:44,925  INFO  No BOOF 31 v2 setups found for options
2026-06-12 11:40:49,986  INFO  ============================================================
2026-06-12 11:40:49,986  INFO  OPTIONS SCAN — checking for BOOF 31 v2 setups...
2026-06-12 11:40:52,042  INFO  No BOOF 31 v2 setups found for options
2026-06-12 11:40:57,115  INFO  ============================================================
2026-06-12 11:40:57,115  INFO  OPTIONS SCAN — checking for BOOF 31 v2 setups...
2026-06-12 11:40:59,096  INFO  No BOOF 31 v2 setups found for options
2026-06-12 11:41:04,163  INFO  ============================================================
2026-06-12 11:41:04,163  INFO  OPTIONS SCAN — checking for BOOF 31 v2 setups...
2026-06-12 11:41:06,320  INFO  No BOOF 31 v2 setups found for options
2026-06-12 11:41:11,381  INFO  ============================================================
2026-06-12 11:41:11,381  INFO  OPTIONS SCAN — checking for BOOF 31 v2 setups...
2026-06-12 11:41:13,676  INFO  No BOOF 31 v2 setups found for options
2026-06-12 11:41:18,742  INFO  ============================================================
2026-06-12 11:41:18,742  INFO  OPTIONS SCAN — checking for BOOF 31 v2 setups...
2026-06-12 11:41:21,035  INFO  No BOOF 31 v2 setups found for options
2026-06-12 11:41:26,101  INFO  ============================================================
2026-06-12 11:41:26,101  INFO  OPTIONS SCAN — checking for BOOF 31 v2 setups...
2026-06-12 11:41:29,465  INFO  No BOOF 31 v2 setups found for options
2026-06-12 11:41:34,525  INFO  ============================================================
2026-06-12 11:41:34,525  INFO  OPTIONS SCAN — checking for BOOF 31 v2 setups...
2026-06-12 11:41:37,561  INFO  No BOOF 31 v2 setups found for options
2026-06-12 11:41:42,630  INFO  ============================================================
2026-06-12 11:41:42,630  INFO  OPTIONS SCAN — checking for BOOF 31 v2 setups...
2026-06-12 11:41:45,721  INFO  No BOOF 31 v2 setups found for options
2026-06-12 11:41:50,784  INFO  ============================================================
2026-06-12 11:41:50,785  INFO  OPTIONS SCAN — checking for BOOF 31 v2 setups...
2026-06-12 11:41:53,426  INFO  No BOOF 31 v2 setups found for options
2026-06-12 11:41:58,492  INFO  ============================================================
2026-06-12 11:41:58,492  INFO  OPTIONS SCAN — checking for BOOF 31 v2 setups...
2026-06-12 11:42:01,209  INFO  No BOOF 31 v2 setups found for options
2026-06-12 11:42:06,297  INFO  ============================================================
2026-06-12 11:42:06,297  INFO  OPTIONS SCAN — checking for BOOF 31 v2 setups...
2026-06-12 11:42:08,929  INFO  No BOOF 31 v2 setups found for options
2026-06-12 11:42:13,994  INFO  ============================================================
2026-06-12 11:42:13,994  INFO  OPTIONS SCAN — checking for BOOF 31 v2 setups...
2026-06-12 11:42:16,918  INFO  No BOOF 31 v2 setups found for options
2026-06-12 11:42:22,008  INFO  ============================================================
2026-06-12 11:42:22,009  INFO  OPTIONS SCAN — checking for BOOF 31 v2 setups...
2026-06-12 11:42:24,828  INFO  No BOOF 31 v2 setups found for options
2026-06-12 11:42:29,894  INFO  ============================================================
2026-06-12 11:42:29,895  INFO  OPTIONS SCAN — checking for BOOF 31 v2 setups...
2026-06-12 11:42:32,702  INFO  No BOOF 31 v2 setups found for options
2026-06-12 11:42:37,825  INFO  ============================================================
2026-06-12 11:42:37,834  INFO  OPTIONS SCAN — checking for BOOF 31 v2 setups...
2026-06-12 11:42:40,442  INFO  No BOOF 31 v2 setups found for options
2026-06-12 11:42:45,512  INFO  ============================================================
2026-06-12 11:42:45,512  INFO  OPTIONS SCAN — checking for BOOF 31 v2 setups...
2026-06-12 11:42:47,899  INFO  No BOOF 31 v2 setups found for options
2026-06-12 11:42:52,966  INFO  ============================================================
2026-06-12 11:42:52,967  INFO  OPTIONS SCAN — checking for BOOF 31 v2 setups...
2026-06-12 11:42:55,536  INFO  No BOOF 31 v2 setups found for options
2026-06-12 11:43:00,686  INFO  ============================================================
2026-06-12 11:43:00,686  INFO  OPTIONS SCAN — checking for BOOF 31 v2 setups...
2026-06-12 11:43:03,018  INFO  No BOOF 31 v2 setups found for options
2026-06-12 11:43:08,197  INFO  ============================================================
2026-06-12 11:43:08,197  INFO  OPTIONS SCAN — checking for BOOF 31 v2 setups...
2026-06-12 11:43:10,467  INFO  No BOOF 31 v2 setups found for options
2026-06-12 11:43:15,529  INFO  ============================================================
2026-06-12 11:43:15,530  INFO  OPTIONS SCAN — checking for BOOF 31 v2 setups...
2026-06-12 11:43:17,938  INFO  No BOOF 31 v2 setups found for options
2026-06-12 11:43:22,995  INFO  ============================================================
2026-06-12 11:43:22,995  INFO  OPTIONS SCAN — checking for BOOF 31 v2 setups...
2026-06-12 11:43:25,567  INFO  No BOOF 31 v2 setups found for options
2026-06-12 11:43:30,623  INFO  ============================================================
2026-06-12 11:43:30,623  INFO  OPTIONS SCAN — checking for BOOF 31 v2 setups...
2026-06-12 11:43:33,363  INFO  No BOOF 31 v2 setups found for options
2026-06-12 11:43:38,425  INFO  ============================================================
2026-06-12 11:43:38,425  INFO  OPTIONS SCAN — checking for BOOF 31 v2 setups...
2026-06-12 11:43:41,136  INFO  No BOOF 31 v2 setups found for options
2026-06-12 11:43:46,190  INFO  ============================================================
2026-06-12 11:43:46,191  INFO  OPTIONS SCAN — checking for BOOF 31 v2 setups...
2026-06-12 11:43:48,636  INFO  No BOOF 31 v2 setups found for options
2026-06-12 11:43:53,718  INFO  ============================================================
2026-06-12 11:43:53,719  INFO  OPTIONS SCAN — checking for BOOF 31 v2 setups...
2026-06-12 11:43:56,214  INFO  No BOOF 31 v2 setups found for options
2026-06-12 11:44:01,276  INFO  ============================================================
2026-06-12 11:44:01,276  INFO  OPTIONS SCAN — checking for BOOF 31 v2 setups...
2026-06-12 11:44:03,598  INFO  No BOOF 31 v2 setups found for options
2026-06-12 11:44:08,677  INFO  ============================================================
2026-06-12 11:44:08,682  INFO  OPTIONS SCAN — checking for BOOF 31 v2 setups...
2026-06-12 11:44:11,095  INFO  No BOOF 31 v2 setups found for options
2026-06-12 11:44:16,163  INFO  ============================================================
2026-06-12 11:44:16,164  INFO  OPTIONS SCAN — checking for BOOF 31 v2 setups...
2026-06-12 11:44:18,512  INFO  No BOOF 31 v2 setups found for options
2026-06-12 11:44:23,573  INFO  ============================================================
2026-06-12 11:44:23,573  INFO  OPTIONS SCAN — checking for BOOF 31 v2 setups...
2026-06-12 11:44:26,375  INFO  No BOOF 31 v2 setups found for options
2026-06-12 11:44:31,434  INFO  ============================================================
2026-06-12 11:44:31,435  INFO  OPTIONS SCAN — checking for BOOF 31 v2 setups...
2026-06-12 11:44:34,455  INFO  No BOOF 31 v2 setups found for options
2026-06-12 11:44:39,514  INFO  ============================================================
2026-06-12 11:44:39,514  INFO  OPTIONS SCAN — checking for BOOF 31 v2 setups...
2026-06-12 11:44:42,421  INFO  No BOOF 31 v2 setups found for options
2026-06-12 11:44:47,485  INFO  ============================================================
2026-06-12 11:44:47,486  INFO  OPTIONS SCAN — checking for BOOF 31 v2 setups...
2026-06-12 11:44:50,391  INFO  No BOOF 31 v2 setups found for options
2026-06-12 11:44:55,444  INFO  ============================================================
2026-06-12 11:44:55,445  INFO  OPTIONS SCAN — checking for BOOF 31 v2 setups...
2026-06-12 11:44:58,408  INFO  No BOOF 31 v2 setups found for options
2026-06-12 11:45:03,468  INFO  ============================================================
2026-06-12 11:45:03,468  INFO  OPTIONS SCAN — checking for BOOF 31 v2 setups...
2026-06-12 11:45:06,458  INFO  No BOOF 31 v2 setups found for options
2026-06-12 11:45:11,642  INFO  ============================================================
2026-06-12 11:45:11,643  INFO  OPTIONS SCAN — checking for BOOF 31 v2 setups...
2026-06-12 11:45:14,470  INFO  No BOOF 31 v2 setups found for options
2026-06-12 11:45:19,527  INFO  ============================================================
2026-06-12 11:45:19,527  INFO  OPTIONS SCAN — checking for BOOF 31 v2 setups...
2026-06-12 11:45:22,355  INFO  No BOOF 31 v2 setups found for options
2026-06-12 11:45:27,690  INFO  ============================================================
2026-06-12 11:45:27,691  INFO  OPTIONS SCAN — checking for BOOF 31 v2 setups...
2026-06-12 11:45:30,612  INFO  No BOOF 31 v2 setups found for options
2026-06-12 11:45:35,676  INFO  ============================================================
2026-06-12 11:45:35,677  INFO  OPTIONS SCAN — checking for BOOF 31 v2 setups...
2026-06-12 11:45:38,364  INFO  No BOOF 31 v2 setups found for options
2026-06-12 11:45:43,423  INFO  ============================================================
2026-06-12 11:45:43,423  INFO  OPTIONS SCAN — checking for BOOF 31 v2 setups...
2026-06-12 11:45:45,956  INFO  No BOOF 31 v2 setups found for options
2026-06-12 11:45:51,018  INFO  ============================================================
2026-06-12 11:45:51,019  INFO  OPTIONS SCAN — checking for BOOF 31 v2 setups...
2026-06-12 11:45:53,921  INFO  No BOOF 31 v2 setups found for options
2026-06-12 11:45:58,984  INFO  ============================================================
2026-06-12 11:45:58,984  INFO  OPTIONS SCAN — checking for BOOF 31 v2 setups...
2026-06-12 11:46:01,727  INFO  No BOOF 31 v2 setups found for options
2026-06-12 11:46:06,787  INFO  ============================================================
2026-06-12 11:46:06,787  INFO  OPTIONS SCAN — checking for BOOF 31 v2 setups...
2026-06-12 11:46:09,606  INFO  No BOOF 31 v2 setups found for options
2026-06-12 11:46:14,834  INFO  ============================================================
2026-06-12 11:46:14,834  INFO  OPTIONS SCAN — checking for BOOF 31 v2 setups...
2026-06-12 11:46:17,672  INFO  No BOOF 31 v2 setups found for options
2026-06-12 11:46:22,743  INFO  ============================================================
2026-06-12 11:46:22,743  INFO  OPTIONS SCAN — checking for BOOF 31 v2 setups...
2026-06-12 11:46:25,326  INFO  No BOOF 31 v2 setups found for options
2026-06-12 11:46:30,637  INFO  ============================================================
2026-06-12 11:46:30,638  INFO  OPTIONS SCAN — checking for BOOF 31 v2 setups...
2026-06-12 11:46:34,550  INFO  No BOOF 31 v2 setups found for options
2026-06-12 11:46:39,619  INFO  ============================================================
2026-06-12 11:46:39,619  INFO  OPTIONS SCAN — checking for BOOF 31 v2 setups...
2026-06-12 11:46:43,413  INFO  No BOOF 31 v2 setups found for options
2026-06-12 11:46:48,475  INFO  ============================================================
2026-06-12 11:46:48,475  INFO  OPTIONS SCAN — checking for BOOF 31 v2 setups...
2026-06-12 11:46:52,151  INFO  No BOOF 31 v2 setups found for options
2026-06-12 11:46:57,213  INFO  ============================================================
2026-06-12 11:46:57,213  INFO  OPTIONS SCAN — checking for BOOF 31 v2 setups...
2026-06-12 11:47:00,364  INFO  No BOOF 31 v2 setups found for options
2026-06-12 11:47:05,425  INFO  ============================================================
2026-06-12 11:47:05,425  INFO  OPTIONS SCAN — checking for BOOF 31 v2 setups...
2026-06-12 11:47:08,490  INFO  No BOOF 31 v2 setups found for options
2026-06-12 11:47:13,564  INFO  ============================================================
2026-06-12 11:47:13,564  INFO  OPTIONS SCAN — checking for BOOF 31 v2 setups...
2026-06-12 11:47:16,201  INFO  No BOOF 31 v2 setups found for options
2026-06-12 11:47:21,267  INFO  ============================================================
2026-06-12 11:47:21,268  INFO  OPTIONS SCAN — checking for BOOF 31 v2 setups...
2026-06-12 11:47:23,957  INFO  No BOOF 31 v2 setups found for options
2026-06-12 11:47:29,019  INFO  ============================================================
2026-06-12 11:47:29,019  INFO  OPTIONS SCAN — checking for BOOF 31 v2 setups...
2026-06-12 11:47:31,983  INFO  No BOOF 31 v2 setups found for options
2026-06-12 11:47:37,053  INFO  ============================================================
2026-06-12 11:47:37,054  INFO  OPTIONS SCAN — checking for BOOF 31 v2 setups...
2026-06-12 11:47:39,885  INFO  No BOOF 31 v2 setups found for options
2026-06-12 11:47:44,956  INFO  ============================================================
2026-06-12 11:47:44,956  INFO  OPTIONS SCAN — checking for BOOF 31 v2 setups...
2026-06-12 11:47:47,661  INFO  No BOOF 31 v2 setups found for options
2026-06-12 11:47:52,725  INFO  ============================================================
2026-06-12 11:47:52,725  INFO  OPTIONS SCAN — checking for BOOF 31 v2 setups...
2026-06-12 11:47:55,286  INFO  No BOOF 31 v2 setups found for options
2026-06-12 11:48:00,344  INFO  ============================================================
2026-06-12 11:48:00,344  INFO  OPTIONS SCAN — checking for BOOF 31 v2 setups...
2026-06-12 11:48:03,005  INFO  No BOOF 31 v2 setups found for options
2026-06-12 11:48:08,065  INFO  ============================================================
2026-06-12 11:48:08,065  INFO  OPTIONS SCAN — checking for BOOF 31 v2 setups...
2026-06-12 11:48:10,638  INFO  No BOOF 31 v2 setups found for options
2026-06-12 11:48:15,703  INFO  ============================================================
2026-06-12 11:48:15,704  INFO  OPTIONS SCAN — checking for BOOF 31 v2 setups...
2026-06-12 11:48:18,050  INFO  No BOOF 31 v2 setups found for options
2026-06-12 11:48:23,108  INFO  ============================================================
2026-06-12 11:48:23,109  INFO  OPTIONS SCAN — checking for BOOF 31 v2 setups...
2026-06-12 11:48:25,797  INFO  No BOOF 31 v2 setups found for options
2026-06-12 11:48:30,857  INFO  ============================================================
2026-06-12 11:48:30,857  INFO  OPTIONS SCAN — checking for BOOF 31 v2 setups...
2026-06-12 11:48:33,594  INFO  No BOOF 31 v2 setups found for options
2026-06-12 11:48:38,651  INFO  ============================================================
2026-06-12 11:48:38,651  INFO  OPTIONS SCAN — checking for BOOF 31 v2 setups...
2026-06-12 11:48:41,195  INFO  No BOOF 31 v2 setups found for options
2026-06-12 11:48:46,261  INFO  ============================================================
2026-06-12 11:48:46,261  INFO  OPTIONS SCAN — checking for BOOF 31 v2 setups...
2026-06-12 11:48:48,596  INFO  No BOOF 31 v2 setups found for options
2026-06-12 11:48:53,654  INFO  ============================================================
2026-06-12 11:48:53,655  INFO  OPTIONS SCAN — checking for BOOF 31 v2 setups...
2026-06-12 11:48:55,883  INFO  No BOOF 31 v2 setups found for options
2026-06-12 11:49:00,946  INFO  ============================================================
2026-06-12 11:49:00,946  INFO  OPTIONS SCAN — checking for BOOF 31 v2 setups...
2026-06-12 11:49:03,055  INFO  No BOOF 31 v2 setups found for options
2026-06-12 11:49:08,117  INFO  ============================================================
2026-06-12 11:49:08,117  INFO  OPTIONS SCAN — checking for BOOF 31 v2 setups...
2026-06-12 11:49:10,452  INFO  No BOOF 31 v2 setups found for options
2026-06-12 11:49:15,596  INFO  ============================================================
2026-06-12 11:49:15,597  INFO  OPTIONS SCAN — checking for BOOF 31 v2 setups...
2026-06-12 11:49:17,920  INFO  No BOOF 31 v2 setups found for options
2026-06-12 11:49:22,983  INFO  ============================================================
2026-06-12 11:49:22,984  INFO  OPTIONS SCAN — checking for BOOF 31 v2 setups...
2026-06-12 11:49:25,078  INFO  No BOOF 31 v2 setups found for options
2026-06-12 11:49:30,150  INFO  ============================================================
2026-06-12 11:49:30,150  INFO  OPTIONS SCAN — checking for BOOF 31 v2 setups...
2026-06-12 11:49:32,707  INFO  No BOOF 31 v2 setups found for options
2026-06-12 11:49:37,774  INFO  ============================================================
2026-06-12 11:49:37,775  INFO  OPTIONS SCAN — checking for BOOF 31 v2 setups...
2026-06-12 11:49:40,246  INFO  No BOOF 31 v2 setups found for options
2026-06-12 11:49:45,306  INFO  ============================================================
2026-06-12 11:49:45,306  INFO  OPTIONS SCAN — checking for BOOF 31 v2 setups...
2026-06-12 11:49:47,674  INFO  No BOOF 31 v2 setups found for options
2026-06-12 11:49:52,742  INFO  ============================================================
2026-06-12 11:49:52,742  INFO  OPTIONS SCAN — checking for BOOF 31 v2 setups...
2026-06-12 11:49:55,020  INFO  No BOOF 31 v2 setups found for options
2026-06-12 11:50:00,085  INFO  ============================================================
2026-06-12 11:50:00,085  INFO  OPTIONS SCAN — checking for BOOF 31 v2 setups...
2026-06-12 11:50:02,442  INFO  No BOOF 31 v2 setups found for options
2026-06-12 11:50:07,527  INFO  ============================================================
2026-06-12 11:50:07,532  INFO  OPTIONS SCAN — checking for BOOF 31 v2 setups...
2026-06-12 11:50:09,702  INFO  No BOOF 31 v2 setups found for options
2026-06-12 11:50:14,765  INFO  ============================================================
2026-06-12 11:50:14,768  INFO  OPTIONS SCAN — checking for BOOF 31 v2 setups...
2026-06-12 11:50:16,764  INFO  No BOOF 31 v2 setups found for options
2026-06-12 11:50:21,893  INFO  ============================================================
2026-06-12 11:50:21,893  INFO  OPTIONS SCAN — checking for BOOF 31 v2 setups...
2026-06-12 11:50:23,865  INFO  No BOOF 31 v2 setups found for options
2026-06-12 11:50:28,928  INFO  ============================================================
2026-06-12 11:50:28,928  INFO  OPTIONS SCAN — checking for BOOF 31 v2 setups...
2026-06-12 11:50:31,130  INFO  No BOOF 31 v2 setups found for options
2026-06-12 11:50:36,184  INFO  ============================================================
2026-06-12 11:50:36,184  INFO  OPTIONS SCAN — checking for BOOF 31 v2 setups...
2026-06-12 11:50:38,271  INFO  No BOOF 31 v2 setups found for options
2026-06-12 11:50:43,335  INFO  ============================================================
2026-06-12 11:50:43,335  INFO  OPTIONS SCAN — checking for BOOF 31 v2 setups...
2026-06-12 11:50:45,273  INFO  No BOOF 31 v2 setups found for options
2026-06-12 11:50:50,340  INFO  ============================================================
2026-06-12 11:50:50,341  INFO  OPTIONS SCAN — checking for BOOF 31 v2 setups...
2026-06-12 11:50:52,365  INFO  No BOOF 31 v2 setups found for options
2026-06-12 11:50:57,441  INFO  ============================================================
2026-06-12 11:50:57,442  INFO  OPTIONS SCAN — checking for BOOF 31 v2 setups...
2026-06-12 11:50:59,470  INFO  No BOOF 31 v2 setups found for options
2026-06-12 11:51:04,531  INFO  ============================================================
2026-06-12 11:51:04,532  INFO  OPTIONS SCAN — checking for BOOF 31 v2 setups...
2026-06-12 11:51:06,556  INFO  No BOOF 31 v2 setups found for options
2026-06-12 11:51:11,625  INFO  ============================================================
2026-06-12 11:51:11,625  INFO  OPTIONS SCAN — checking for BOOF 31 v2 setups...
2026-06-12 11:51:13,559  INFO  No BOOF 31 v2 setups found for options
2026-06-12 11:51:18,632  INFO  ============================================================
2026-06-12 11:51:18,632  INFO  OPTIONS SCAN — checking for BOOF 31 v2 setups...
2026-06-12 11:51:20,661  INFO  No BOOF 31 v2 setups found for options
2026-06-12 11:51:25,728  INFO  ============================================================
2026-06-12 11:51:25,728  INFO  OPTIONS SCAN — checking for BOOF 31 v2 setups...
2026-06-12 11:51:28,139  INFO  No BOOF 31 v2 setups found for options
2026-06-12 11:51:33,202  INFO  ============================================================
2026-06-12 11:51:33,202  INFO  OPTIONS SCAN — checking for BOOF 31 v2 setups...
2026-06-12 11:51:36,162  INFO  No BOOF 31 v2 setups found for options
2026-06-12 11:51:41,279  INFO  ============================================================
2026-06-12 11:51:41,279  INFO  OPTIONS SCAN — checking for BOOF 31 v2 setups...
2026-06-12 11:51:43,193  INFO  No BOOF 31 v2 setups found for options
2026-06-12 11:51:48,249  INFO  ============================================================
2026-06-12 11:51:48,249  INFO  OPTIONS SCAN — checking for BOOF 31 v2 setups...
2026-06-12 11:51:50,230  INFO  No BOOF 31 v2 setups found for options
2026-06-12 11:51:55,292  INFO  ============================================================
2026-06-12 11:51:55,293  INFO  OPTIONS SCAN — checking for BOOF 31 v2 setups...
2026-06-12 11:51:57,289  INFO  No BOOF 31 v2 setups found for options
2026-06-12 11:52:02,366  INFO  ============================================================
2026-06-12 11:52:02,366  INFO  OPTIONS SCAN — checking for BOOF 31 v2 setups...
2026-06-12 11:52:04,403  INFO  No BOOF 31 v2 setups found for options
2026-06-12 11:52:09,486  INFO  ============================================================
2026-06-12 11:52:09,486  INFO  OPTIONS SCAN — checking for BOOF 31 v2 setups...
2026-06-12 11:52:11,433  INFO  No BOOF 31 v2 setups found for options
2026-06-12 11:52:16,495  INFO  ============================================================
2026-06-12 11:52:16,495  INFO  OPTIONS SCAN — checking for BOOF 31 v2 setups...
2026-06-12 11:52:18,460  INFO  No BOOF 31 v2 setups found for options
2026-06-12 11:52:23,528  INFO  ============================================================
2026-06-12 11:52:23,528  INFO  OPTIONS SCAN — checking for BOOF 31 v2 setups...
2026-06-12 11:52:25,763  INFO  No BOOF 31 v2 setups found for options
2026-06-12 11:52:30,830  INFO  ============================================================
2026-06-12 11:52:30,830  INFO  OPTIONS SCAN — checking for BOOF 31 v2 setups...
2026-06-12 11:52:32,979  INFO  No BOOF 31 v2 setups found for options
2026-06-12 11:52:38,040  INFO  ============================================================
2026-06-12 11:52:38,040  INFO  OPTIONS SCAN — checking for BOOF 31 v2 setups...
2026-06-12 11:52:40,313  INFO  No BOOF 31 v2 setups found for options
2026-06-12 11:52:45,386  INFO  ============================================================
2026-06-12 11:52:45,387  INFO  OPTIONS SCAN — checking for BOOF 31 v2 setups...
2026-06-12 11:52:47,545  INFO  No BOOF 31 v2 setups found for options
2026-06-12 11:52:52,610  INFO  ============================================================
2026-06-12 11:52:52,611  INFO  OPTIONS SCAN — checking for BOOF 31 v2 setups...
2026-06-12 11:52:54,619  INFO  No BOOF 31 v2 setups found for options
2026-06-12 11:52:59,698  INFO  ============================================================
2026-06-12 11:52:59,698  INFO  OPTIONS SCAN — checking for BOOF 31 v2 setups...
2026-06-12 11:53:01,894  INFO  No BOOF 31 v2 setups found for options
2026-06-12 11:53:06,951  INFO  ============================================================
2026-06-12 11:53:06,951  INFO  OPTIONS SCAN — checking for BOOF 31 v2 setups...
2026-06-12 11:53:09,070  INFO  No BOOF 31 v2 setups found for options
2026-06-12 11:53:14,130  INFO  ============================================================
2026-06-12 11:53:14,130  INFO  OPTIONS SCAN — checking for BOOF 31 v2 setups...
2026-06-12 11:53:16,198  INFO  No BOOF 31 v2 setups found for options
2026-06-12 11:53:21,264  INFO  ============================================================
2026-06-12 11:53:21,264  INFO  OPTIONS SCAN — checking for BOOF 31 v2 setups...
2026-06-12 11:53:23,401  INFO  No BOOF 31 v2 setups found for options
2026-06-12 11:53:28,475  INFO  ============================================================
2026-06-12 11:53:28,475  INFO  OPTIONS SCAN — checking for BOOF 31 v2 setups...
2026-06-12 11:53:30,852  INFO  No BOOF 31 v2 setups found for options
2026-06-12 11:53:35,917  INFO  ============================================================
2026-06-12 11:53:35,917  INFO  OPTIONS SCAN — checking for BOOF 31 v2 setups...
2026-06-12 11:53:38,134  INFO  No BOOF 31 v2 setups found for options
2026-06-12 11:53:43,192  INFO  ============================================================
2026-06-12 11:53:43,192  INFO  OPTIONS SCAN — checking for BOOF 31 v2 setups...
2026-06-12 11:53:45,409  INFO  No BOOF 31 v2 setups found for options
2026-06-12 11:53:50,464  INFO  ============================================================
2026-06-12 11:53:50,465  INFO  OPTIONS SCAN — checking for BOOF 31 v2 setups...
2026-06-12 11:53:52,609  INFO  No BOOF 31 v2 setups found for options
2026-06-12 11:53:57,677  INFO  ============================================================
2026-06-12 11:53:57,677  INFO  OPTIONS SCAN — checking for BOOF 31 v2 setups...
2026-06-12 11:53:59,965  INFO  No BOOF 31 v2 setups found for options
2026-06-12 11:54:05,032  INFO  ============================================================
2026-06-12 11:54:05,033  INFO  OPTIONS SCAN — checking for BOOF 31 v2 setups...
2026-06-12 11:54:07,164  INFO  No BOOF 31 v2 setups found for options
2026-06-12 11:54:12,224  INFO  ============================================================
2026-06-12 11:54:12,225  INFO  OPTIONS SCAN — checking for BOOF 31 v2 setups...
2026-06-12 11:54:14,271  INFO  No BOOF 31 v2 setups found for options
2026-06-12 11:54:19,344  INFO  ============================================================
2026-06-12 11:54:19,344  INFO  OPTIONS SCAN — checking for BOOF 31 v2 setups...
2026-06-12 11:54:21,411  INFO  No BOOF 31 v2 setups found for options
2026-06-12 11:54:26,484  INFO  ============================================================
2026-06-12 11:54:26,485  INFO  OPTIONS SCAN — checking for BOOF 31 v2 setups...
2026-06-12 11:54:28,626  INFO  No BOOF 31 v2 setups found for options
2026-06-12 11:54:33,704  INFO  ============================================================
2026-06-12 11:54:33,707  INFO  OPTIONS SCAN — checking for BOOF 31 v2 setups...
2026-06-12 11:54:35,803  INFO  No BOOF 31 v2 setups found for options
2026-06-12 11:54:40,866  INFO  ============================================================
2026-06-12 11:54:40,867  INFO  OPTIONS SCAN — checking for BOOF 31 v2 setups...
2026-06-12 11:54:42,792  INFO  No BOOF 31 v2 setups found for options
2026-06-12 11:54:47,853  INFO  ============================================================
2026-06-12 11:54:47,853  INFO  OPTIONS SCAN — checking for BOOF 31 v2 setups...
2026-06-12 11:54:49,803  INFO  No BOOF 31 v2 setups found for options
2026-06-12 11:54:54,871  INFO  ============================================================
2026-06-12 11:54:54,872  INFO  OPTIONS SCAN — checking for BOOF 31 v2 setups...
2026-06-12 11:54:56,620  INFO  No BOOF 31 v2 setups found for options
2026-06-12 11:55:01,688  INFO  ============================================================
2026-06-12 11:55:01,688  INFO  OPTIONS SCAN — checking for BOOF 31 v2 setups...
2026-06-12 11:55:03,484  INFO  No BOOF 31 v2 setups found for options
2026-06-12 11:55:08,554  INFO  ============================================================
2026-06-12 11:55:08,554  INFO  OPTIONS SCAN — checking for BOOF 31 v2 setups...
2026-06-12 11:55:10,341  INFO  No BOOF 31 v2 setups found for options
2026-06-12 11:55:15,414  INFO  ============================================================
2026-06-12 11:55:15,416  INFO  OPTIONS SCAN — checking for BOOF 31 v2 setups...
2026-06-12 11:55:17,257  INFO  No BOOF 31 v2 setups found for options
2026-06-12 11:55:22,329  INFO  ============================================================
2026-06-12 11:55:22,330  INFO  OPTIONS SCAN — checking for BOOF 31 v2 setups...
2026-06-12 11:55:24,275  INFO  No BOOF 31 v2 setups found for options
2026-06-12 11:55:29,430  INFO  ============================================================
2026-06-12 11:55:29,430  INFO  OPTIONS SCAN — checking for BOOF 31 v2 setups...
2026-06-12 11:55:31,530  INFO  No BOOF 31 v2 setups found for options
2026-06-12 11:55:36,601  INFO  ============================================================
2026-06-12 11:55:36,601  INFO  OPTIONS SCAN — checking for BOOF 31 v2 setups...
2026-06-12 11:55:38,627  INFO  No BOOF 31 v2 setups found for options
2026-06-12 11:55:43,691  INFO  ============================================================
2026-06-12 11:55:43,692  INFO  OPTIONS SCAN — checking for BOOF 31 v2 setups...
2026-06-12 11:55:45,479  INFO  No BOOF 31 v2 setups found for options
2026-06-12 11:55:50,543  INFO  ============================================================
2026-06-12 11:55:50,543  INFO  OPTIONS SCAN — checking for BOOF 31 v2 setups...
2026-06-12 11:55:52,532  INFO  No BOOF 31 v2 setups found for options
2026-06-12 11:55:57,609  INFO  ============================================================
2026-06-12 11:55:57,612  INFO  OPTIONS SCAN — checking for BOOF 31 v2 setups...
2026-06-12 11:55:59,417  INFO  No BOOF 31 v2 setups found for options
2026-06-12 11:56:04,492  INFO  ============================================================
2026-06-12 11:56:04,492  INFO  OPTIONS SCAN — checking for BOOF 31 v2 setups...
2026-06-12 11:56:06,340  INFO  No BOOF 31 v2 setups found for options
2026-06-12 11:56:11,405  INFO  ============================================================
2026-06-12 11:56:11,406  INFO  OPTIONS SCAN — checking for BOOF 31 v2 setups...
2026-06-12 11:56:13,247  INFO  No BOOF 31 v2 setups found for options
2026-06-12 11:56:18,317  INFO  ============================================================
2026-06-12 11:56:18,319  INFO  OPTIONS SCAN — checking for BOOF 31 v2 setups...
2026-06-12 11:56:20,160  INFO  No BOOF 31 v2 setups found for options
2026-06-12 11:56:25,234  INFO  ============================================================
2026-06-12 11:56:25,234  INFO  OPTIONS SCAN — checking for BOOF 31 v2 setups...
2026-06-12 11:56:27,679  INFO  No BOOF 31 v2 setups found for options
2026-06-12 11:56:32,754  INFO  ============================================================
2026-06-12 11:56:32,754  INFO  OPTIONS SCAN — checking for BOOF 31 v2 setups...
2026-06-12 11:56:35,451  INFO  No BOOF 31 v2 setups found for options
2026-06-12 11:56:40,518  INFO  ============================================================
2026-06-12 11:56:40,518  INFO  OPTIONS SCAN — checking for BOOF 31 v2 setups...
2026-06-12 11:56:42,876  INFO  No BOOF 31 v2 setups found for options
2026-06-12 11:56:47,937  INFO  ============================================================
2026-06-12 11:56:47,937  INFO  OPTIONS SCAN — checking for BOOF 31 v2 setups...
2026-06-12 11:56:50,348  INFO  No BOOF 31 v2 setups found for options
2026-06-12 11:56:55,418  INFO  ============================================================
2026-06-12 11:56:55,418  INFO  OPTIONS SCAN — checking for BOOF 31 v2 setups...
2026-06-12 11:56:58,145  INFO  No BOOF 31 v2 setups found for options
2026-06-12 11:57:03,211  INFO  ============================================================
2026-06-12 11:57:03,211  INFO  OPTIONS SCAN — checking for BOOF 31 v2 setups...
2026-06-12 11:57:05,965  INFO  No BOOF 31 v2 setups found for options
2026-06-12 11:57:11,022  INFO  ============================================================
2026-06-12 11:57:11,022  INFO  OPTIONS SCAN — checking for BOOF 31 v2 setups...
2026-06-12 11:57:13,098  INFO  No BOOF 31 v2 setups found for options
2026-06-12 11:57:18,164  INFO  ============================================================
2026-06-12 11:57:18,164  INFO  OPTIONS SCAN — checking for BOOF 31 v2 setups...
2026-06-12 11:57:20,330  INFO  No BOOF 31 v2 setups found for options
2026-06-12 11:57:25,395  INFO  ============================================================
2026-06-12 11:57:25,395  INFO  OPTIONS SCAN — checking for BOOF 31 v2 setups...
2026-06-12 11:57:27,427  INFO  No BOOF 31 v2 setups found for options
2026-06-12 11:57:32,490  INFO  ============================================================
2026-06-12 11:57:32,491  INFO  OPTIONS SCAN — checking for BOOF 31 v2 setups...
2026-06-12 11:57:34,615  INFO  No BOOF 31 v2 setups found for options
2026-06-12 11:57:39,688  INFO  ============================================================
2026-06-12 11:57:39,688  INFO  OPTIONS SCAN — checking for BOOF 31 v2 setups...
2026-06-12 11:57:41,715  INFO  No BOOF 31 v2 setups found for options
2026-06-12 11:57:46,787  INFO  ============================================================
2026-06-12 11:57:46,788  INFO  OPTIONS SCAN — checking for BOOF 31 v2 setups...
2026-06-12 11:57:48,776  INFO  No BOOF 31 v2 setups found for options
2026-06-12 11:57:53,834  INFO  ============================================================
2026-06-12 11:57:53,835  INFO  OPTIONS SCAN — checking for BOOF 31 v2 setups...
2026-06-12 11:57:55,931  INFO  No BOOF 31 v2 setups found for options
2026-06-12 11:58:00,994  INFO  ============================================================
2026-06-12 11:58:00,994  INFO  OPTIONS SCAN — checking for BOOF 31 v2 setups...
2026-06-12 11:58:02,953  INFO  No BOOF 31 v2 setups found for options
2026-06-12 11:58:08,038  INFO  ============================================================
2026-06-12 11:58:08,038  INFO  OPTIONS SCAN — checking for BOOF 31 v2 setups...
2026-06-12 11:58:10,036  INFO  No BOOF 31 v2 setups found for options
2026-06-12 11:58:15,096  INFO  ============================================================
2026-06-12 11:58:15,096  INFO  OPTIONS SCAN — checking for BOOF 31 v2 setups...
2026-06-12 11:58:16,993  INFO  No BOOF 31 v2 setups found for options
2026-06-12 11:58:22,050  INFO  ============================================================
2026-06-12 11:58:22,051  INFO  OPTIONS SCAN — checking for BOOF 31 v2 setups...
2026-06-12 11:58:24,019  INFO  No BOOF 31 v2 setups found for options
2026-06-12 11:58:29,085  INFO  ============================================================
2026-06-12 11:58:29,085  INFO  OPTIONS SCAN — checking for BOOF 31 v2 setups...
2026-06-12 11:58:31,358  INFO  No BOOF 31 v2 setups found for options
2026-06-12 11:58:36,419  INFO  ============================================================
2026-06-12 11:58:36,420  INFO  OPTIONS SCAN — checking for BOOF 31 v2 setups...
2026-06-12 11:58:38,538  INFO  No BOOF 31 v2 setups found for options
2026-06-12 11:58:43,610  INFO  ============================================================
2026-06-12 11:58:43,644  INFO  OPTIONS SCAN — checking for BOOF 31 v2 setups...
2026-06-12 11:58:45,751  INFO  No BOOF 31 v2 setups found for options
2026-06-12 11:58:50,826  INFO  ============================================================
2026-06-12 11:58:50,826  INFO  OPTIONS SCAN — checking for BOOF 31 v2 setups...
2026-06-12 11:58:52,886  INFO  No BOOF 31 v2 setups found for options
2026-06-12 11:58:57,955  INFO  ============================================================
2026-06-12 11:58:57,955  INFO  OPTIONS SCAN — checking for BOOF 31 v2 setups...
2026-06-12 11:58:59,945  INFO  No BOOF 31 v2 setups found for options
2026-06-12 11:59:05,002  INFO  ============================================================
2026-06-12 11:59:05,002  INFO  OPTIONS SCAN — checking for BOOF 31 v2 setups...
2026-06-12 11:59:06,951  INFO  No BOOF 31 v2 setups found for options
2026-06-12 11:59:12,025  INFO  ============================================================
2026-06-12 11:59:12,025  INFO  OPTIONS SCAN — checking for BOOF 31 v2 setups...
2026-06-12 11:59:14,065  INFO  No BOOF 31 v2 setups found for options
2026-06-12 11:59:19,157  INFO  ============================================================
2026-06-12 11:59:19,158  INFO  OPTIONS SCAN — checking for BOOF 31 v2 setups...
2026-06-12 11:59:21,115  INFO  No BOOF 31 v2 setups found for options
2026-06-12 11:59:26,185  INFO  ============================================================
2026-06-12 11:59:26,185  INFO  OPTIONS SCAN — checking for BOOF 31 v2 setups...
2026-06-12 11:59:28,552  INFO  No BOOF 31 v2 setups found for options
2026-06-12 11:59:33,617  INFO  ============================================================
2026-06-12 11:59:33,617  INFO  OPTIONS SCAN — checking for BOOF 31 v2 setups...
2026-06-12 11:59:35,775  INFO  No BOOF 31 v2 setups found for options
2026-06-12 11:59:40,830  INFO  ============================================================
2026-06-12 11:59:40,830  INFO  OPTIONS SCAN — checking for BOOF 31 v2 setups...
2026-06-12 11:59:43,082  INFO  No BOOF 31 v2 setups found for options
2026-06-12 11:59:48,216  INFO  ============================================================
2026-06-12 11:59:48,217  INFO  OPTIONS SCAN — checking for BOOF 31 v2 setups...
2026-06-12 11:59:50,230  INFO  No BOOF 31 v2 setups found for options
2026-06-12 11:59:55,294  INFO  ============================================================
2026-06-12 11:59:55,295  INFO  OPTIONS SCAN — checking for BOOF 31 v2 setups...
2026-06-12 11:59:57,269  INFO  No BOOF 31 v2 setups found for options
2026-06-12 12:00:02,337  INFO  HEARTBEAT 14:00 ET - 24/7 Options Bot Active
2026-06-12 12:00:02,338  INFO  ============================================================
2026-06-12 12:00:02,338  INFO  OPTIONS SCAN — checking for BOOF 31 v2 setups...
2026-06-12 12:00:04,183  INFO  No BOOF 31 v2 setups found for options
2026-06-12 12:00:09,249  INFO  HEARTBEAT 14:00 ET - 24/7 Options Bot Active
2026-06-12 12:00:09,250  INFO  ============================================================
2026-06-12 12:00:09,250  INFO  OPTIONS SCAN — checking for BOOF 31 v2 setups...
2026-06-12 12:00:11,261  INFO  No BOOF 31 v2 setups found for options
2026-06-12 12:00:16,337  INFO  HEARTBEAT 14:00 ET - 24/7 Options Bot Active
2026-06-12 12:00:16,339  INFO  ============================================================
2026-06-12 12:00:16,339  INFO  OPTIONS SCAN — checking for BOOF 31 v2 setups...
2026-06-12 12:00:18,306  INFO  No BOOF 31 v2 setups found for options
2026-06-12 12:00:23,365  INFO  HEARTBEAT 14:00 ET - 24/7 Options Bot Active
2026-06-12 12:00:23,366  INFO  ============================================================
2026-06-12 12:00:23,366  INFO  OPTIONS SCAN — checking for BOOF 31 v2 setups...
2026-06-12 12:00:25,557  INFO  No BOOF 31 v2 setups found for options
2026-06-12 12:00:30,621  INFO  HEARTBEAT 14:00 ET - 24/7 Options Bot Active
2026-06-12 12:00:30,622  INFO  ============================================================
2026-06-12 12:00:30,622  INFO  OPTIONS SCAN — checking for BOOF 31 v2 setups...
2026-06-12 12:00:32,637  INFO  No BOOF 31 v2 setups found for options
2026-06-12 12:00:37,701  INFO  HEARTBEAT 14:00 ET - 24/7 Options Bot Active
2026-06-12 12:00:37,702  INFO  ============================================================
2026-06-12 12:00:37,702  INFO  OPTIONS SCAN — checking for BOOF 31 v2 setups...
2026-06-12 12:00:39,782  INFO  No BOOF 31 v2 setups found for options
2026-06-12 12:00:44,849  INFO  HEARTBEAT 14:00 ET - 24/7 Options Bot Active
2026-06-12 12:00:44,850  INFO  ============================================================
2026-06-12 12:00:44,850  INFO  OPTIONS SCAN — checking for BOOF 31 v2 setups...
2026-06-12 12:00:46,884  INFO  No BOOF 31 v2 setups found for options
2026-06-12 12:00:51,959  INFO  HEARTBEAT 14:00 ET - 24/7 Options Bot Active
2026-06-12 12:00:51,960  INFO  ============================================================
2026-06-12 12:00:51,960  INFO  OPTIONS SCAN — checking for BOOF 31 v2 setups...
2026-06-12 12:00:53,973  INFO  No BOOF 31 v2 setups found for options
2026-06-12 12:00:59,035  INFO  HEARTBEAT 14:00 ET - 24/7 Options Bot Active
2026-06-12 12:00:59,036  INFO  ============================================================
2026-06-12 12:00:59,036  INFO  OPTIONS SCAN — checking for BOOF 31 v2 setups...
2026-06-12 12:01:01,147  INFO  No BOOF 31 v2 setups found for options
2026-06-12 12:01:06,216  INFO  ============================================================
2026-06-12 12:01:06,216  INFO  OPTIONS SCAN — checking for BOOF 31 v2 setups...
2026-06-12 12:01:08,150  INFO  No BOOF 31 v2 setups found for options
2026-06-12 12:01:13,222  INFO  ============================================================
2026-06-12 12:01:13,222  INFO  OPTIONS SCAN — checking for BOOF 31 v2 setups...
2026-06-12 12:01:14,985  INFO  No BOOF 31 v2 setups found for options
2026-06-12 12:01:20,054  INFO  ============================================================
2026-06-12 12:01:20,055  INFO  OPTIONS SCAN — checking for BOOF 31 v2 setups...
2026-06-12 12:01:21,866  INFO  No BOOF 31 v2 setups found for options
2026-06-12 12:01:27,010  INFO  ============================================================
2026-06-12 12:01:27,010  INFO  OPTIONS SCAN — checking for BOOF 31 v2 setups...
2026-06-12 12:01:30,220  INFO  No BOOF 31 v2 setups found for options
2026-06-12 12:01:35,288  INFO  ============================================================
2026-06-12 12:01:35,288  INFO  OPTIONS SCAN — checking for BOOF 31 v2 setups...
2026-06-12 12:01:38,950  INFO  No BOOF 31 v2 setups found for options
2026-06-12 12:01:44,011  INFO  ============================================================
2026-06-12 12:01:44,012  INFO  OPTIONS SCAN — checking for BOOF 31 v2 setups...
2026-06-12 12:01:48,125  INFO  No BOOF 31 v2 setups found for options
2026-06-12 12:01:53,190  INFO  ============================================================
2026-06-12 12:01:53,190  INFO  OPTIONS SCAN — checking for BOOF 31 v2 setups...
2026-06-12 12:01:57,168  INFO  No BOOF 31 v2 setups found for options
2026-06-12 12:02:02,292  INFO  ============================================================
2026-06-12 12:02:02,292  INFO  OPTIONS SCAN — checking for BOOF 31 v2 setups...
2026-06-12 12:02:05,791  INFO  No BOOF 31 v2 setups found for options
2026-06-12 12:02:10,854  INFO  ============================================================
2026-06-12 12:02:10,854  INFO  OPTIONS SCAN — checking for BOOF 31 v2 setups...
2026-06-12 12:02:14,358  INFO  No BOOF 31 v2 setups found for options
2026-06-12 12:02:19,417  INFO  ============================================================
2026-06-12 12:02:19,417  INFO  OPTIONS SCAN — checking for BOOF 31 v2 setups...
2026-06-12 12:02:22,416  INFO  No BOOF 31 v2 setups found for options
2026-06-12 12:02:27,489  INFO  ============================================================
2026-06-12 12:02:27,490  INFO  OPTIONS SCAN — checking for BOOF 31 v2 setups...
2026-06-12 12:02:30,438  INFO  No BOOF 31 v2 setups found for options
2026-06-12 12:02:35,551  INFO  ============================================================
2026-06-12 12:02:35,552  INFO  OPTIONS SCAN — checking for BOOF 31 v2 setups...
2026-06-12 12:02:38,887  INFO  No BOOF 31 v2 setups found for options
2026-06-12 12:02:43,956  INFO  ============================================================
2026-06-12 12:02:43,956  INFO  OPTIONS SCAN — checking for BOOF 31 v2 setups...
2026-06-12 12:02:46,965  INFO  No BOOF 31 v2 setups found for options
2026-06-12 12:02:52,139  INFO  ============================================================
2026-06-12 12:02:52,139  INFO  OPTIONS SCAN — checking for BOOF 31 v2 setups...
2026-06-12 12:02:54,812  INFO  No BOOF 31 v2 setups found for options
2026-06-12 12:02:59,905  INFO  ============================================================
2026-06-12 12:02:59,906  INFO  OPTIONS SCAN — checking for BOOF 31 v2 setups...
2026-06-12 12:03:02,384  INFO  No BOOF 31 v2 setups found for options
2026-06-12 12:03:07,609  INFO  ============================================================
2026-06-12 12:03:07,609  INFO  OPTIONS SCAN — checking for BOOF 31 v2 setups...
2026-06-12 12:03:10,215  INFO  No BOOF 31 v2 setups found for options
2026-06-12 12:03:15,276  INFO  ============================================================
2026-06-12 12:03:15,276  INFO  OPTIONS SCAN — checking for BOOF 31 v2 setups...
2026-06-12 12:03:17,816  INFO  No BOOF 31 v2 setups found for options
2026-06-12 12:03:22,892  INFO  ============================================================
2026-06-12 12:03:22,892  INFO  OPTIONS SCAN — checking for BOOF 31 v2 setups...
2026-06-12 12:03:25,542  INFO  BOOF 31 v2 setups for options: ['HOOD(score:6)']
2026-06-12 12:03:25,542  WARNING  Error getting options for HOOD: name 'OptionType' is not defined
2026-06-12 12:03:25,542  WARNING    HOOD: No liquid PUT options available
2026-06-12 12:03:25,542  INFO  No options positions entered.
2026-06-12 12:03:30,775  INFO  ============================================================
2026-06-12 12:03:30,775  INFO  OPTIONS SCAN — checking for BOOF 31 v2 setups...
2026-06-12 12:03:33,659  INFO  BOOF 31 v2 setups for options: ['HOOD(score:6)']
2026-06-12 12:03:33,660  WARNING  Error getting options for HOOD: name 'OptionType' is not defined
2026-06-12 12:03:33,660  WARNING    HOOD: No liquid PUT options available
2026-06-12 12:03:33,660  INFO  No options positions entered.
2026-06-12 12:03:38,726  INFO  ============================================================
2026-06-12 12:03:38,726  INFO  OPTIONS SCAN — checking for BOOF 31 v2 setups...
2026-06-12 12:03:41,400  INFO  BOOF 31 v2 setups for options: ['HOOD(score:6)']
2026-06-12 12:03:41,400  WARNING  Error getting options for HOOD: name 'OptionType' is not defined
2026-06-12 12:03:41,401  WARNING    HOOD: No liquid PUT options available
2026-06-12 12:03:41,401  INFO  No options positions entered.
2026-06-12 12:03:46,480  INFO  ============================================================
2026-06-12 12:03:46,481  INFO  OPTIONS SCAN — checking for BOOF 31 v2 setups...
2026-06-12 12:03:49,069  INFO  BOOF 31 v2 setups for options: ['HOOD(score:6)']
2026-06-12 12:03:49,069  WARNING  Error getting options for HOOD: name 'OptionType' is not defined
2026-06-12 12:03:49,069  WARNING    HOOD: No liquid PUT options available
2026-06-12 12:03:49,070  INFO  No options positions entered.
2026-06-12 12:03:54,128  INFO  ============================================================
2026-06-12 12:03:54,129  INFO  OPTIONS SCAN — checking for BOOF 31 v2 setups...
2026-06-12 12:03:56,641  INFO  BOOF 31 v2 setups for options: ['HOOD(score:6)']
2026-06-12 12:03:56,641  WARNING  Error getting options for HOOD: name 'OptionType' is not defined
2026-06-12 12:03:56,641  WARNING    HOOD: No liquid PUT options available
2026-06-12 12:03:56,642  INFO  No options positions entered.
2026-06-12 12:04:01,698  INFO  ============================================================
2026-06-12 12:04:01,699  INFO  OPTIONS SCAN — checking for BOOF 31 v2 setups...
2026-06-12 12:04:04,290  INFO  BOOF 31 v2 setups for options: ['HOOD(score:6)']
2026-06-12 12:04:04,290  WARNING  Error getting options for HOOD: name 'OptionType' is not defined
2026-06-12 12:04:04,290  WARNING    HOOD: No liquid PUT options available
2026-06-12 12:04:04,291  INFO  No options positions entered.
2026-06-12 12:04:09,358  INFO  ============================================================
2026-06-12 12:04:09,358  INFO  OPTIONS SCAN — checking for BOOF 31 v2 setups...
2026-06-12 12:04:11,832  INFO  BOOF 31 v2 setups for options: ['HOOD(score:6)']
2026-06-12 12:04:11,832  WARNING  Error getting options for HOOD: name 'OptionType' is not defined
2026-06-12 12:04:11,832  WARNING    HOOD: No liquid PUT options available
2026-06-12 12:04:11,833  INFO  No options positions entered.
2026-06-12 12:04:16,913  INFO  ============================================================
2026-06-12 12:04:16,934  INFO  OPTIONS SCAN — checking for BOOF 31 v2 setups...
2026-06-12 12:04:19,264  INFO  BOOF 31 v2 setups for options: ['HOOD(score:6)']
2026-06-12 12:04:19,264  WARNING  Error getting options for HOOD: name 'OptionType' is not defined
2026-06-12 12:04:19,264  WARNING    HOOD: No liquid PUT options available
2026-06-12 12:04:19,265  INFO  No options positions entered.
2026-06-12 12:04:24,338  INFO  ============================================================
2026-06-12 12:04:24,338  INFO  OPTIONS SCAN — checking for BOOF 31 v2 setups...
2026-06-12 12:04:27,066  INFO  No BOOF 31 v2 setups found for options
2026-06-12 12:04:32,145  INFO  ============================================================
2026-06-12 12:04:32,145  INFO  OPTIONS SCAN — checking for BOOF 31 v2 setups...
2026-06-12 12:04:34,575  INFO  No BOOF 31 v2 setups found for options
2026-06-12 12:04:39,637  INFO  ============================================================
2026-06-12 12:04:39,637  INFO  OPTIONS SCAN — checking for BOOF 31 v2 setups...
2026-06-12 12:04:41,948  INFO  No BOOF 31 v2 setups found for options
2026-06-12 12:04:47,007  INFO  ============================================================
2026-06-12 12:04:47,007  INFO  OPTIONS SCAN — checking for BOOF 31 v2 setups...
2026-06-12 12:04:49,175  INFO  No BOOF 31 v2 setups found for options
2026-06-12 12:04:54,239  INFO  ============================================================
2026-06-12 12:04:54,241  INFO  OPTIONS SCAN — checking for BOOF 31 v2 setups...
2026-06-12 12:04:56,439  INFO  No BOOF 31 v2 setups found for options
2026-06-12 12:05:01,507  INFO  ============================================================
2026-06-12 12:05:01,507  INFO  OPTIONS SCAN — checking for BOOF 31 v2 setups...
2026-06-12 12:05:03,679  INFO  No BOOF 31 v2 setups found for options
2026-06-12 12:05:08,741  INFO  ============================================================
2026-06-12 12:05:08,741  INFO  OPTIONS SCAN — checking for BOOF 31 v2 setups...
2026-06-12 12:05:10,789  INFO  No BOOF 31 v2 setups found for options
2026-06-12 12:05:15,861  INFO  ============================================================
2026-06-12 12:05:15,862  INFO  OPTIONS SCAN — checking for BOOF 31 v2 setups...
2026-06-12 12:05:18,050  INFO  No BOOF 31 v2 setups found for options
2026-06-12 12:05:23,125  INFO  ============================================================
2026-06-12 12:05:23,125  INFO  OPTIONS SCAN — checking for BOOF 31 v2 setups...
2026-06-12 12:05:25,233  INFO  No BOOF 31 v2 setups found for options
2026-06-12 12:05:30,296  INFO  ============================================================
2026-06-12 12:05:30,296  INFO  OPTIONS SCAN — checking for BOOF 31 v2 setups...
2026-06-12 12:05:32,422  INFO  No BOOF 31 v2 setups found for options
2026-06-12 12:05:37,484  INFO  ============================================================
2026-06-12 12:05:37,484  INFO  OPTIONS SCAN — checking for BOOF 31 v2 setups...
2026-06-12 12:05:39,516  INFO  No BOOF 31 v2 setups found for options
2026-06-12 12:05:44,581  INFO  ============================================================
2026-06-12 12:05:44,582  INFO  OPTIONS SCAN — checking for BOOF 31 v2 setups...
2026-06-12 12:05:46,542  INFO  No BOOF 31 v2 setups found for options
2026-06-12 12:05:51,672  INFO  ============================================================
2026-06-12 12:05:51,672  INFO  OPTIONS SCAN — checking for BOOF 31 v2 setups...
2026-06-12 12:05:53,772  INFO  No BOOF 31 v2 setups found for options
2026-06-12 12:05:58,835  INFO  ============================================================
2026-06-12 12:05:58,836  INFO  OPTIONS SCAN — checking for BOOF 31 v2 setups...
2026-06-12 12:06:00,759  INFO  No BOOF 31 v2 setups found for options
2026-06-12 12:06:05,828  INFO  ============================================================
2026-06-12 12:06:05,828  INFO  OPTIONS SCAN — checking for BOOF 31 v2 setups...
2026-06-12 12:06:07,770  INFO  No BOOF 31 v2 setups found for options
2026-06-12 12:06:13,447  INFO  ============================================================
2026-06-12 12:06:13,448  INFO  OPTIONS SCAN — checking for BOOF 31 v2 setups...
2026-06-12 12:06:15,352  INFO  No BOOF 31 v2 setups found for options
2026-06-12 12:06:20,429  INFO  ============================================================
2026-06-12 12:06:20,429  INFO  OPTIONS SCAN — checking for BOOF 31 v2 setups...
2026-06-12 12:06:22,270  INFO  No BOOF 31 v2 setups found for options
2026-06-12 12:06:27,348  INFO  ============================================================
2026-06-12 12:06:27,348  INFO  OPTIONS SCAN — checking for BOOF 31 v2 setups...
2026-06-12 12:06:30,248  INFO  No BOOF 31 v2 setups found for options
2026-06-12 12:06:35,310  INFO  ============================================================
2026-06-12 12:06:35,311  INFO  OPTIONS SCAN — checking for BOOF 31 v2 setups...
2026-06-12 12:06:37,908  INFO  No BOOF 31 v2 setups found for options
2026-06-12 12:06:42,980  INFO  ============================================================
2026-06-12 12:06:42,980  INFO  OPTIONS SCAN — checking for BOOF 31 v2 setups...
2026-06-12 12:06:45,457  INFO  No BOOF 31 v2 setups found for options
2026-06-12 12:06:50,512  INFO  ============================================================
2026-06-12 12:06:50,513  INFO  OPTIONS SCAN — checking for BOOF 31 v2 setups...
2026-06-12 12:06:53,210  INFO  No BOOF 31 v2 setups found for options
2026-06-12 12:06:58,274  INFO  ============================================================
2026-06-12 12:06:58,274  INFO  OPTIONS SCAN — checking for BOOF 31 v2 setups...
2026-06-12 12:07:00,571  INFO  No BOOF 31 v2 setups found for options
2026-06-12 12:07:05,650  INFO  ============================================================
2026-06-12 12:07:05,650  INFO  OPTIONS SCAN — checking for BOOF 31 v2 setups...
2026-06-12 12:07:08,012  INFO  No BOOF 31 v2 setups found for options
2026-06-12 12:07:13,074  INFO  ============================================================
2026-06-12 12:07:13,074  INFO  OPTIONS SCAN — checking for BOOF 31 v2 setups...
2026-06-12 12:07:15,119  INFO  No BOOF 31 v2 setups found for options
2026-06-12 12:07:20,261  INFO  ============================================================
2026-06-12 12:07:20,261  INFO  OPTIONS SCAN — checking for BOOF 31 v2 setups...
2026-06-12 12:07:22,323  INFO  No BOOF 31 v2 setups found for options
2026-06-12 12:07:27,410  INFO  ============================================================
2026-06-12 12:07:27,410  INFO  OPTIONS SCAN — checking for BOOF 31 v2 setups...
2026-06-12 12:07:29,756  INFO  No BOOF 31 v2 setups found for options
2026-06-12 12:07:34,823  INFO  ============================================================
2026-06-12 12:07:34,823  INFO  OPTIONS SCAN — checking for BOOF 31 v2 setups...
2026-06-12 12:07:37,188  INFO  No BOOF 31 v2 setups found for options
2026-06-12 12:07:42,257  INFO  ============================================================
2026-06-12 12:07:42,257  INFO  OPTIONS SCAN — checking for BOOF 31 v2 setups...
2026-06-12 12:07:44,506  INFO  No BOOF 31 v2 setups found for options
2026-06-12 12:07:49,562  INFO  ============================================================
2026-06-12 12:07:49,563  INFO  OPTIONS SCAN — checking for BOOF 31 v2 setups...
2026-06-12 12:07:51,671  INFO  No BOOF 31 v2 setups found for options
2026-06-12 12:07:56,743  INFO  ============================================================
2026-06-12 12:07:56,744  INFO  OPTIONS SCAN — checking for BOOF 31 v2 setups...
2026-06-12 12:07:58,966  INFO  No BOOF 31 v2 setups found for options
2026-06-12 12:08:04,035  INFO  ============================================================
2026-06-12 12:08:04,035  INFO  OPTIONS SCAN — checking for BOOF 31 v2 setups...
2026-06-12 12:08:06,146  INFO  No BOOF 31 v2 setups found for options
2026-06-12 12:08:11,204  INFO  ============================================================
2026-06-12 12:08:11,205  INFO  OPTIONS SCAN — checking for BOOF 31 v2 setups...
2026-06-12 12:08:13,308  INFO  No BOOF 31 v2 setups found for options
2026-06-12 12:08:18,367  INFO  ============================================================
2026-06-12 12:08:18,368  INFO  OPTIONS SCAN — checking for BOOF 31 v2 setups...
2026-06-12 12:08:20,340  INFO  No BOOF 31 v2 setups found for options
2026-06-12 12:08:25,409  INFO  ============================================================
2026-06-12 12:08:25,409  INFO  OPTIONS SCAN — checking for BOOF 31 v2 setups...
2026-06-12 12:08:28,220  INFO  No BOOF 31 v2 setups found for options
2026-06-12 12:08:33,292  INFO  ============================================================
2026-06-12 12:08:33,293  INFO  OPTIONS SCAN — checking for BOOF 31 v2 setups...
2026-06-12 12:08:35,900  INFO  No BOOF 31 v2 setups found for options
2026-06-12 12:08:40,964  INFO  ============================================================
2026-06-12 12:08:40,964  INFO  OPTIONS SCAN — checking for BOOF 31 v2 setups...
2026-06-12 12:08:43,347  INFO  No BOOF 31 v2 setups found for options
2026-06-12 12:08:48,401  INFO  ============================================================
2026-06-12 12:08:48,401  INFO  OPTIONS SCAN — checking for BOOF 31 v2 setups...
2026-06-12 12:08:50,952  INFO  No BOOF 31 v2 setups found for options
2026-06-12 12:08:56,016  INFO  ============================================================
2026-06-12 12:08:56,017  INFO  OPTIONS SCAN — checking for BOOF 31 v2 setups...
2026-06-12 12:08:58,454  INFO  No BOOF 31 v2 setups found for options
2026-06-12 12:09:03,517  INFO  ============================================================
2026-06-12 12:09:03,518  INFO  OPTIONS SCAN — checking for BOOF 31 v2 setups...
2026-06-12 12:09:06,139  INFO  No BOOF 31 v2 setups found for options
2026-06-12 12:09:11,198  INFO  ============================================================
2026-06-12 12:09:11,198  INFO  OPTIONS SCAN — checking for BOOF 31 v2 setups...
2026-06-12 12:09:13,849  INFO  No BOOF 31 v2 setups found for options
2026-06-12 12:09:18,924  INFO  ============================================================
2026-06-12 12:09:18,924  INFO  OPTIONS SCAN — checking for BOOF 31 v2 setups...
2026-06-12 12:09:21,120  INFO  No BOOF 31 v2 setups found for options
2026-06-12 12:09:26,196  INFO  ============================================================
2026-06-12 12:09:26,196  INFO  OPTIONS SCAN — checking for BOOF 31 v2 setups...
2026-06-12 12:09:28,582  INFO  No BOOF 31 v2 setups found for options
2026-06-12 12:09:33,645  INFO  ============================================================
2026-06-12 12:09:33,646  INFO  OPTIONS SCAN — checking for BOOF 31 v2 setups...
2026-06-12 12:09:36,007  INFO  No BOOF 31 v2 setups found for options
2026-06-12 12:09:41,073  INFO  ============================================================
2026-06-12 12:09:41,074  INFO  OPTIONS SCAN — checking for BOOF 31 v2 setups...
2026-06-12 12:09:43,429  INFO  No BOOF 31 v2 setups found for options
2026-06-12 12:09:48,500  INFO  ============================================================
2026-06-12 12:09:48,500  INFO  OPTIONS SCAN — checking for BOOF 31 v2 setups...
2026-06-12 12:09:50,889  INFO  No BOOF 31 v2 setups found for options
2026-06-12 12:09:55,953  INFO  ============================================================
2026-06-12 12:09:55,953  INFO  OPTIONS SCAN — checking for BOOF 31 v2 setups...
2026-06-12 12:09:58,157  INFO  No BOOF 31 v2 setups found for options
2026-06-12 12:10:03,236  INFO  ============================================================
2026-06-12 12:10:03,236  INFO  OPTIONS SCAN — checking for BOOF 31 v2 setups...
2026-06-12 12:10:05,588  INFO  No BOOF 31 v2 setups found for options
2026-06-12 12:10:10,713  INFO  ============================================================
2026-06-12 12:10:10,713  INFO  OPTIONS SCAN — checking for BOOF 31 v2 setups...
2026-06-12 12:10:12,914  INFO  No BOOF 31 v2 setups found for options
2026-06-12 12:10:17,988  INFO  ============================================================
2026-06-12 12:10:17,989  INFO  OPTIONS SCAN — checking for BOOF 31 v2 setups...
2026-06-12 12:10:20,042  INFO  No BOOF 31 v2 setups found for options
2026-06-12 12:10:25,109  INFO  ============================================================
2026-06-12 12:10:25,109  INFO  OPTIONS SCAN — checking for BOOF 31 v2 setups...
2026-06-12 12:10:27,561  INFO  No BOOF 31 v2 setups found for options
2026-06-12 12:10:32,637  INFO  ============================================================
2026-06-12 12:10:32,653  INFO  OPTIONS SCAN — checking for BOOF 31 v2 setups...
2026-06-12 12:10:34,923  INFO  No BOOF 31 v2 setups found for options
2026-06-12 12:10:39,986  INFO  ============================================================
2026-06-12 12:10:39,986  INFO  OPTIONS SCAN — checking for BOOF 31 v2 setups...
2026-06-12 12:10:42,145  INFO  No BOOF 31 v2 setups found for options
2026-06-12 12:10:47,212  INFO  ============================================================
2026-06-12 12:10:47,212  INFO  OPTIONS SCAN — checking for BOOF 31 v2 setups...
2026-06-12 12:10:49,471  INFO  No BOOF 31 v2 setups found for options
2026-06-12 12:10:54,582  INFO  ============================================================
2026-06-12 12:10:54,582  INFO  OPTIONS SCAN — checking for BOOF 31 v2 setups...
2026-06-12 12:10:56,797  INFO  No BOOF 31 v2 setups found for options
2026-06-12 12:11:01,862  INFO  ============================================================
2026-06-12 12:11:01,863  INFO  OPTIONS SCAN — checking for BOOF 31 v2 setups...
2026-06-12 12:11:04,079  INFO  No BOOF 31 v2 setups found for options
2026-06-12 12:11:09,138  INFO  ============================================================
2026-06-12 12:11:09,138  INFO  OPTIONS SCAN — checking for BOOF 31 v2 setups...
2026-06-12 12:11:11,308  INFO  No BOOF 31 v2 setups found for options
2026-06-12 12:11:16,369  INFO  ============================================================
2026-06-12 12:11:16,369  INFO  OPTIONS SCAN — checking for BOOF 31 v2 setups...
2026-06-12 12:11:18,736  INFO  No BOOF 31 v2 setups found for options
2026-06-12 12:11:23,858  INFO  ============================================================
2026-06-12 12:11:23,858  INFO  OPTIONS SCAN — checking for BOOF 31 v2 setups...
2026-06-12 12:11:26,928  INFO  BOOF 31 v2 setups for options: ['HOOD(score:6)']
2026-06-12 12:11:26,928  WARNING  Error getting options for HOOD: name 'OptionType' is not defined
2026-06-12 12:11:26,928  WARNING    HOOD: No liquid PUT options available
2026-06-12 12:11:26,929  INFO  No options positions entered.
2026-06-12 12:11:32,003  INFO  ============================================================
2026-06-12 12:11:32,004  INFO  OPTIONS SCAN — checking for BOOF 31 v2 setups...
2026-06-12 12:11:35,530  INFO  BOOF 31 v2 setups for options: ['HOOD(score:6)']
2026-06-12 12:11:35,530  WARNING  Error getting options for HOOD: name 'OptionType' is not defined
2026-06-12 12:11:35,530  WARNING    HOOD: No liquid PUT options available
2026-06-12 12:11:35,531  INFO  No options positions entered.
2026-06-12 12:11:40,761  INFO  ============================================================
2026-06-12 12:11:40,761  INFO  OPTIONS SCAN — checking for BOOF 31 v2 setups...
2026-06-12 12:11:44,126  INFO  BOOF 31 v2 setups for options: ['HOOD(score:6)']
2026-06-12 12:11:44,126  WARNING  Error getting options for HOOD: name 'OptionType' is not defined
2026-06-12 12:11:44,126  WARNING    HOOD: No liquid PUT options available
2026-06-12 12:11:44,127  INFO  No options positions entered.
2026-06-12 12:11:49,189  INFO  ============================================================
2026-06-12 12:11:49,190  INFO  OPTIONS SCAN — checking for BOOF 31 v2 setups...
2026-06-12 12:11:52,302  INFO  BOOF 31 v2 setups for options: ['HOOD(score:6)']
2026-06-12 12:11:52,302  WARNING  Error getting options for HOOD: name 'OptionType' is not defined
2026-06-12 12:11:52,302  WARNING    HOOD: No liquid PUT options available
2026-06-12 12:11:52,303  INFO  No options positions entered.
2026-06-12 12:11:57,367  INFO  ============================================================
2026-06-12 12:11:57,368  INFO  OPTIONS SCAN — checking for BOOF 31 v2 setups...
2026-06-12 12:12:00,109  INFO  BOOF 31 v2 setups for options: ['HOOD(score:6)']
2026-06-12 12:12:00,109  WARNING  Error getting options for HOOD: name 'OptionType' is not defined
2026-06-12 12:12:00,109  WARNING    HOOD: No liquid PUT options available
2026-06-12 12:12:00,110  INFO  No options positions entered.
2026-06-12 12:12:05,167  INFO  ============================================================
2026-06-12 12:12:05,167  INFO  OPTIONS SCAN — checking for BOOF 31 v2 setups...
2026-06-12 12:12:07,953  INFO  BOOF 31 v2 setups for options: ['HOOD(score:6)']
2026-06-12 12:12:07,953  WARNING  Error getting options for HOOD: name 'OptionType' is not defined
2026-06-12 12:12:07,953  WARNING    HOOD: No liquid PUT options available
2026-06-12 12:12:07,954  INFO  No options positions entered.
2026-06-12 12:12:13,018  INFO  ============================================================
2026-06-12 12:12:13,019  INFO  OPTIONS SCAN — checking for BOOF 31 v2 setups...
2026-06-12 12:12:15,645  INFO  BOOF 31 v2 setups for options: ['HOOD(score:6)']
2026-06-12 12:12:15,645  WARNING  Error getting options for HOOD: name 'OptionType' is not defined
2026-06-12 12:12:15,645  WARNING    HOOD: No liquid PUT options available
2026-06-12 12:12:15,646  INFO  No options positions entered.
2026-06-12 12:12:20,709  INFO  ============================================================
2026-06-12 12:12:20,709  INFO  OPTIONS SCAN — checking for BOOF 31 v2 setups...
2026-06-12 12:12:23,201  INFO  BOOF 31 v2 setups for options: ['HOOD(score:6)']
2026-06-12 12:12:23,201  WARNING  Error getting options for HOOD: name 'OptionType' is not defined
2026-06-12 12:12:23,201  WARNING    HOOD: No liquid PUT options available
2026-06-12 12:12:23,202  INFO  No options positions entered.
2026-06-12 12:12:28,272  INFO  ============================================================
2026-06-12 12:12:28,272  INFO  OPTIONS SCAN — checking for BOOF 31 v2 setups...
2026-06-12 12:12:31,366  INFO  No BOOF 31 v2 setups found for options
2026-06-12 12:12:36,429  INFO  ============================================================
2026-06-12 12:12:36,429  INFO  OPTIONS SCAN — checking for BOOF 31 v2 setups...
2026-06-12 12:12:39,464  INFO  No BOOF 31 v2 setups found for options
2026-06-12 12:12:44,522  INFO  ============================================================
2026-06-12 12:12:44,522  INFO  OPTIONS SCAN — checking for BOOF 31 v2 setups...
2026-06-12 12:12:47,412  INFO  No BOOF 31 v2 setups found for options
2026-06-12 12:12:52,479  INFO  ============================================================
2026-06-12 12:12:52,480  INFO  OPTIONS SCAN — checking for BOOF 31 v2 setups...
2026-06-12 12:12:55,153  INFO  No BOOF 31 v2 setups found for options
2026-06-12 12:13:00,325  INFO  ============================================================
2026-06-12 12:13:00,325  INFO  OPTIONS SCAN — checking for BOOF 31 v2 setups...
2026-06-12 12:13:03,150  INFO  No BOOF 31 v2 setups found for options
2026-06-12 12:13:08,217  INFO  ============================================================
2026-06-12 12:13:08,217  INFO  OPTIONS SCAN — checking for BOOF 31 v2 setups...
2026-06-12 12:13:11,011  INFO  No BOOF 31 v2 setups found for options
2026-06-12 12:13:16,070  INFO  ============================================================
2026-06-12 12:13:16,070  INFO  OPTIONS SCAN — checking for BOOF 31 v2 setups...
2026-06-12 12:13:18,798  INFO  No BOOF 31 v2 setups found for options
2026-06-12 12:13:23,885  INFO  ============================================================
2026-06-12 12:13:23,886  INFO  OPTIONS SCAN — checking for BOOF 31 v2 setups...
2026-06-12 12:13:27,093  INFO  BOOF 31 v2 setups for options: ['COIN(score:7)']
2026-06-12 12:13:27,093  WARNING  Error getting options for COIN: name 'OptionType' is not defined
2026-06-12 12:13:27,094  WARNING    COIN: No liquid PUT options available
2026-06-12 12:13:27,094  INFO  No options positions entered.
2026-06-12 12:13:32,391  INFO  ============================================================
2026-06-12 12:13:32,391  INFO  OPTIONS SCAN — checking for BOOF 31 v2 setups...
2026-06-12 12:13:35,479  INFO  BOOF 31 v2 setups for options: ['COIN(score:7)']
2026-06-12 12:13:35,479  WARNING  Error getting options for COIN: name 'OptionType' is not defined
2026-06-12 12:13:35,479  WARNING    COIN: No liquid PUT options available
2026-06-12 12:13:35,479  INFO  No options positions entered.
2026-06-12 12:13:40,547  INFO  ============================================================
2026-06-12 12:13:40,547  INFO  OPTIONS SCAN — checking for BOOF 31 v2 setups...
2026-06-12 12:13:43,480  INFO  BOOF 31 v2 setups for options: ['COIN(score:7)']
2026-06-12 12:13:43,480  WARNING  Error getting options for COIN: name 'OptionType' is not defined
2026-06-12 12:13:43,480  WARNING    COIN: No liquid PUT options available
2026-06-12 12:13:43,481  INFO  No options positions entered.
2026-06-12 12:13:48,548  INFO  ============================================================
2026-06-12 12:13:48,549  INFO  OPTIONS SCAN — checking for BOOF 31 v2 setups...
2026-06-12 12:13:51,815  INFO  BOOF 31 v2 setups for options: ['COIN(score:7)']
2026-06-12 12:13:51,815  WARNING  Error getting options for COIN: name 'OptionType' is not defined
2026-06-12 12:13:51,816  WARNING    COIN: No liquid PUT options available
2026-06-12 12:13:51,816  INFO  No options positions entered.
2026-06-12 12:13:56,880  INFO  ============================================================
2026-06-12 12:13:56,880  INFO  OPTIONS SCAN — checking for BOOF 31 v2 setups...
2026-06-12 12:13:59,485  INFO  BOOF 31 v2 setups for options: ['COIN(score:7)']
2026-06-12 12:13:59,485  WARNING  Error getting options for COIN: name 'OptionType' is not defined
2026-06-12 12:13:59,486  WARNING    COIN: No liquid PUT options available
2026-06-12 12:13:59,486  INFO  No options positions entered.
2026-06-12 12:14:04,553  INFO  ============================================================
2026-06-12 12:14:04,553  INFO  OPTIONS SCAN — checking for BOOF 31 v2 setups...
2026-06-12 12:14:07,206  INFO  BOOF 31 v2 setups for options: ['COIN(score:7)']
2026-06-12 12:14:07,206  WARNING  Error getting options for COIN: name 'OptionType' is not defined
2026-06-12 12:14:07,206  WARNING    COIN: No liquid PUT options available
2026-06-12 12:14:07,207  INFO  No options positions entered.
2026-06-12 12:14:12,287  INFO  ============================================================
2026-06-12 12:14:12,288  INFO  OPTIONS SCAN — checking for BOOF 31 v2 setups...
2026-06-12 12:14:14,796  INFO  BOOF 31 v2 setups for options: ['COIN(score:7)']
2026-06-12 12:14:14,796  WARNING  Error getting options for COIN: name 'OptionType' is not defined
2026-06-12 12:14:14,796  WARNING    COIN: No liquid PUT options available
2026-06-12 12:14:14,796  INFO  No options positions entered.
2026-06-12 12:14:19,860  INFO  ============================================================
2026-06-12 12:14:19,860  INFO  OPTIONS SCAN — checking for BOOF 31 v2 setups...
2026-06-12 12:14:22,421  INFO  BOOF 31 v2 setups for options: ['COIN(score:7)']
2026-06-12 12:14:22,421  WARNING  Error getting options for COIN: name 'OptionType' is not defined
2026-06-12 12:14:22,421  WARNING    COIN: No liquid PUT options available
2026-06-12 12:14:22,422  INFO  No options positions entered.
2026-06-12 12:14:27,484  INFO  ============================================================
2026-06-12 12:14:27,484  INFO  OPTIONS SCAN — checking for BOOF 31 v2 setups...
2026-06-12 12:14:29,889  INFO  No BOOF 31 v2 setups found for options
2026-06-12 12:14:34,951  INFO  ============================================================
2026-06-12 12:14:34,951  INFO  OPTIONS SCAN — checking for BOOF 31 v2 setups...
2026-06-12 12:14:37,168  INFO  No BOOF 31 v2 setups found for options
2026-06-12 12:14:42,229  INFO  ============================================================
2026-06-12 12:14:42,229  INFO  OPTIONS SCAN — checking for BOOF 31 v2 setups...
2026-06-12 12:14:44,432  INFO  No BOOF 31 v2 setups found for options
2026-06-12 12:14:49,496  INFO  ============================================================
2026-06-12 12:14:49,498  INFO  OPTIONS SCAN — checking for BOOF 31 v2 setups...
2026-06-12 12:14:51,643  INFO  No BOOF 31 v2 setups found for options
2026-06-12 12:14:56,787  INFO  ============================================================
2026-06-12 12:14:56,788  INFO  OPTIONS SCAN — checking for BOOF 31 v2 setups...
2026-06-12 12:14:59,052  INFO  No BOOF 31 v2 setups found for options
2026-06-12 12:15:04,117  INFO  ============================================================
2026-06-12 12:15:04,117  INFO  OPTIONS SCAN — checking for BOOF 31 v2 setups...
2026-06-12 12:15:06,420  INFO  No BOOF 31 v2 setups found for options
2026-06-12 12:15:11,554  INFO  ============================================================
2026-06-12 12:15:11,554  INFO  OPTIONS SCAN — checking for BOOF 31 v2 setups...
2026-06-12 12:15:13,659  INFO  No BOOF 31 v2 setups found for options
2026-06-12 12:15:18,719  INFO  ============================================================
2026-06-12 12:15:18,719  INFO  OPTIONS SCAN — checking for BOOF 31 v2 setups...
2026-06-12 12:15:20,901  INFO  No BOOF 31 v2 setups found for options
2026-06-12 12:15:25,969  INFO  ============================================================
2026-06-12 12:15:25,969  INFO  OPTIONS SCAN — checking for BOOF 31 v2 setups...
2026-06-12 12:15:28,234  INFO  No BOOF 31 v2 setups found for options
2026-06-12 12:15:33,323  INFO  ============================================================
2026-06-12 12:15:33,324  INFO  OPTIONS SCAN — checking for BOOF 31 v2 setups...
2026-06-12 12:15:35,400  INFO  No BOOF 31 v2 setups found for options
2026-06-12 12:15:40,470  INFO  ============================================================
2026-06-12 12:15:40,470  INFO  OPTIONS SCAN — checking for BOOF 31 v2 setups...
2026-06-12 12:15:42,568  INFO  No BOOF 31 v2 setups found for options
2026-06-12 12:15:47,637  INFO  ============================================================
2026-06-12 12:15:47,638  INFO  OPTIONS SCAN — checking for BOOF 31 v2 setups...
2026-06-12 12:15:49,712  INFO  No BOOF 31 v2 setups found for options
2026-06-12 12:15:54,772  INFO  ============================================================
2026-06-12 12:15:54,772  INFO  OPTIONS SCAN — checking for BOOF 31 v2 setups...
2026-06-12 12:15:56,721  INFO  No BOOF 31 v2 setups found for options
2026-06-12 12:16:01,787  INFO  ============================================================
2026-06-12 12:16:01,788  INFO  OPTIONS SCAN — checking for BOOF 31 v2 setups...
2026-06-12 12:16:03,790  INFO  No BOOF 31 v2 setups found for options
2026-06-12 12:16:08,853  INFO  ============================================================
2026-06-12 12:16:08,853  INFO  OPTIONS SCAN — checking for BOOF 31 v2 setups...
2026-06-12 12:16:10,969  INFO  No BOOF 31 v2 setups found for options
2026-06-12 12:16:16,240  INFO  ============================================================
2026-06-12 12:16:16,240  INFO  OPTIONS SCAN — checking for BOOF 31 v2 setups...
2026-06-12 12:16:18,478  INFO  No BOOF 31 v2 setups found for options
2026-06-12 12:16:23,543  INFO  ============================================================
2026-06-12 12:16:23,543  INFO  OPTIONS SCAN — checking for BOOF 31 v2 setups...
2026-06-12 12:16:25,947  INFO  No BOOF 31 v2 setups found for options
2026-06-12 12:16:31,018  INFO  ============================================================
2026-06-12 12:16:31,018  INFO  OPTIONS SCAN — checking for BOOF 31 v2 setups...
2026-06-12 12:16:33,940  INFO  No BOOF 31 v2 setups found for options
2026-06-12 12:16:39,017  INFO  ============================================================
2026-06-12 12:16:39,018  INFO  OPTIONS SCAN — checking for BOOF 31 v2 setups...
2026-06-12 12:16:41,686  INFO  No BOOF 31 v2 setups found for options
2026-06-12 12:16:46,764  INFO  ============================================================
2026-06-12 12:16:46,764  INFO  OPTIONS SCAN — checking for BOOF 31 v2 setups...
2026-06-12 12:16:49,532  INFO  No BOOF 31 v2 setups found for options
2026-06-12 12:16:54,599  INFO  ============================================================
2026-06-12 12:16:54,599  INFO  OPTIONS SCAN — checking for BOOF 31 v2 setups...
2026-06-12 12:16:57,445  INFO  No BOOF 31 v2 setups found for options
2026-06-12 12:17:02,517  INFO  ============================================================
2026-06-12 12:17:02,517  INFO  OPTIONS SCAN — checking for BOOF 31 v2 setups...
2026-06-12 12:17:05,277  INFO  No BOOF 31 v2 setups found for options
2026-06-12 12:17:10,337  INFO  ============================================================
2026-06-12 12:17:10,337  INFO  OPTIONS SCAN — checking for BOOF 31 v2 setups...
2026-06-12 12:17:12,985  INFO  No BOOF 31 v2 setups found for options
2026-06-12 12:17:18,048  INFO  ============================================================
2026-06-12 12:17:18,048  INFO  OPTIONS SCAN — checking for BOOF 31 v2 setups...
2026-06-12 12:17:20,926  INFO  No BOOF 31 v2 setups found for options
2026-06-12 12:17:25,988  INFO  ============================================================
2026-06-12 12:17:25,989  INFO  OPTIONS SCAN — checking for BOOF 31 v2 setups...
2026-06-12 12:17:28,962  INFO  No BOOF 31 v2 setups found for options
2026-06-12 12:17:34,029  INFO  ============================================================
2026-06-12 12:17:34,029  INFO  OPTIONS SCAN — checking for BOOF 31 v2 setups...
2026-06-12 12:17:36,735  INFO  No BOOF 31 v2 setups found for options
2026-06-12 12:17:41,795  INFO  ============================================================
2026-06-12 12:17:41,795  INFO  OPTIONS SCAN — checking for BOOF 31 v2 setups...
2026-06-12 12:17:44,340  INFO  No BOOF 31 v2 setups found for options
2026-06-12 12:17:49,407  INFO  ============================================================
2026-06-12 12:17:49,409  INFO  OPTIONS SCAN — checking for BOOF 31 v2 setups...
2026-06-12 12:17:51,900  INFO  No BOOF 31 v2 setups found for options
2026-06-12 12:17:56,963  INFO  ============================================================
2026-06-12 12:17:56,963  INFO  OPTIONS SCAN — checking for BOOF 31 v2 setups...
2026-06-12 12:17:59,172  INFO  No BOOF 31 v2 setups found for options
2026-06-12 12:18:04,226  INFO  ============================================================
2026-06-12 12:18:04,227  INFO  OPTIONS SCAN — checking for BOOF 31 v2 setups...
2026-06-12 12:18:06,305  INFO  No BOOF 31 v2 setups found for options
2026-06-12 12:18:11,364  INFO  ============================================================
2026-06-12 12:18:11,364  INFO  OPTIONS SCAN — checking for BOOF 31 v2 setups...
2026-06-12 12:18:13,744  INFO  No BOOF 31 v2 setups found for options
2026-06-12 12:18:18,807  INFO  ============================================================
2026-06-12 12:18:18,807  INFO  OPTIONS SCAN — checking for BOOF 31 v2 setups...
2026-06-12 12:18:21,189  INFO  No BOOF 31 v2 setups found for options
2026-06-12 12:18:26,258  INFO  ============================================================
2026-06-12 12:18:26,259  INFO  OPTIONS SCAN — checking for BOOF 31 v2 setups...
2026-06-12 12:18:28,873  INFO  No BOOF 31 v2 setups found for options
2026-06-12 12:18:33,936  INFO  ============================================================
2026-06-12 12:18:33,936  INFO  OPTIONS SCAN — checking for BOOF 31 v2 setups...
2026-06-12 12:18:36,245  INFO  No BOOF 31 v2 setups found for options
2026-06-12 12:18:41,305  INFO  ============================================================
2026-06-12 12:18:41,305  INFO  OPTIONS SCAN — checking for BOOF 31 v2 setups...
2026-06-12 12:18:43,693  INFO  No BOOF 31 v2 setups found for options
2026-06-12 12:18:48,812  INFO  ============================================================
2026-06-12 12:18:48,813  INFO  OPTIONS SCAN — checking for BOOF 31 v2 setups...
2026-06-12 12:18:51,133  INFO  No BOOF 31 v2 setups found for options
2026-06-12 12:18:56,234  INFO  ============================================================
2026-06-12 12:18:56,234  INFO  OPTIONS SCAN — checking for BOOF 31 v2 setups...
2026-06-12 12:18:58,363  INFO  No BOOF 31 v2 setups found for options
2026-06-12 12:19:03,484  INFO  ============================================================
2026-06-12 12:19:03,484  INFO  OPTIONS SCAN — checking for BOOF 31 v2 setups...
2026-06-12 12:19:05,720  INFO  No BOOF 31 v2 setups found for options
2026-06-12 12:19:10,791  INFO  ============================================================
2026-06-12 12:19:10,791  INFO  OPTIONS SCAN — checking for BOOF 31 v2 setups...
2026-06-12 12:19:13,261  INFO  No BOOF 31 v2 setups found for options
2026-06-12 12:19:18,320  INFO  ============================================================
2026-06-12 12:19:18,320  INFO  OPTIONS SCAN — checking for BOOF 31 v2 setups...
2026-06-12 12:19:20,513  INFO  No BOOF 31 v2 setups found for options
2026-06-12 12:19:25,589  INFO  ============================================================
2026-06-12 12:19:25,589  INFO  OPTIONS SCAN — checking for BOOF 31 v2 setups...
2026-06-12 12:19:28,119  INFO  No BOOF 31 v2 setups found for options
2026-06-12 12:19:33,192  INFO  ============================================================
2026-06-12 12:19:33,196  INFO  OPTIONS SCAN — checking for BOOF 31 v2 setups...
2026-06-12 12:19:35,642  INFO  No BOOF 31 v2 setups found for options
2026-06-12 12:19:40,712  INFO  ============================================================
2026-06-12 12:19:40,712  INFO  OPTIONS SCAN — checking for BOOF 31 v2 setups...
2026-06-12 12:19:43,043  INFO  No BOOF 31 v2 setups found for options
2026-06-12 12:19:48,112  INFO  ============================================================
2026-06-12 12:19:48,112  INFO  OPTIONS SCAN — checking for BOOF 31 v2 setups...
2026-06-12 12:19:50,608  INFO  No BOOF 31 v2 setups found for options
2026-06-12 12:19:55,688  INFO  ============================================================
2026-06-12 12:19:55,688  INFO  OPTIONS SCAN — checking for BOOF 31 v2 setups...
2026-06-12 12:19:58,004  INFO  No BOOF 31 v2 setups found for options
2026-06-12 12:20:03,071  INFO  ============================================================
2026-06-12 12:20:03,071  INFO  OPTIONS SCAN — checking for BOOF 31 v2 setups...
2026-06-12 12:20:05,166  INFO  No BOOF 31 v2 setups found for options
2026-06-12 12:20:10,243  INFO  ============================================================
2026-06-12 12:20:10,243  INFO  OPTIONS SCAN — checking for BOOF 31 v2 setups...
2026-06-12 12:20:12,386  INFO  No BOOF 31 v2 setups found for options
2026-06-12 12:20:17,453  INFO  ============================================================
2026-06-12 12:20:17,462  INFO  OPTIONS SCAN — checking for BOOF 31 v2 setups...
2026-06-12 12:20:19,643  INFO  No BOOF 31 v2 setups found for options
2026-06-12 12:20:24,714  INFO  ============================================================
2026-06-12 12:20:24,714  INFO  OPTIONS SCAN — checking for BOOF 31 v2 setups...
2026-06-12 12:20:27,086  INFO  No BOOF 31 v2 setups found for options
2026-06-12 12:20:32,157  INFO  ============================================================
2026-06-12 12:20:32,157  INFO  OPTIONS SCAN — checking for BOOF 31 v2 setups...
2026-06-12 12:20:34,196  INFO  No BOOF 31 v2 setups found for options
2026-06-12 12:20:39,256  INFO  ============================================================
2026-06-12 12:20:39,256  INFO  OPTIONS SCAN — checking for BOOF 31 v2 setups...
2026-06-12 12:20:41,307  INFO  No BOOF 31 v2 setups found for options
2026-06-12 12:20:46,373  INFO  ============================================================
2026-06-12 12:20:46,374  INFO  OPTIONS SCAN — checking for BOOF 31 v2 setups...
2026-06-12 12:20:48,465  INFO  No BOOF 31 v2 setups found for options
2026-06-12 12:20:53,527  INFO  ============================================================
2026-06-12 12:20:53,527  INFO  OPTIONS SCAN — checking for BOOF 31 v2 setups...
2026-06-12 12:20:55,517  INFO  No BOOF 31 v2 setups found for options
2026-06-12 12:21:00,576  INFO  ============================================================
2026-06-12 12:21:00,576  INFO  OPTIONS SCAN — checking for BOOF 31 v2 setups...
2026-06-12 12:21:02,722  INFO  No BOOF 31 v2 setups found for options
2026-06-12 12:21:07,783  INFO  ============================================================
2026-06-12 12:21:07,783  INFO  OPTIONS SCAN — checking for BOOF 31 v2 setups...
2026-06-12 12:21:09,831  INFO  No BOOF 31 v2 setups found for options
2026-06-12 12:21:14,893  INFO  ============================================================
2026-06-12 12:21:14,893  INFO  OPTIONS SCAN — checking for BOOF 31 v2 setups...
2026-06-12 12:21:16,806  INFO  No BOOF 31 v2 setups found for options
2026-06-12 12:21:21,870  INFO  ============================================================
2026-06-12 12:21:21,871  INFO  OPTIONS SCAN — checking for BOOF 31 v2 setups...
2026-06-12 12:21:23,728  INFO  No BOOF 31 v2 setups found for options
2026-06-12 12:21:28,816  INFO  ============================================================
2026-06-12 12:21:28,816  INFO  OPTIONS SCAN — checking for BOOF 31 v2 setups...
2026-06-12 12:21:31,610  INFO  No BOOF 31 v2 setups found for options
2026-06-12 12:21:36,689  INFO  ============================================================
2026-06-12 12:21:36,700  INFO  OPTIONS SCAN — checking for BOOF 31 v2 setups...
2026-06-12 12:21:39,453  INFO  No BOOF 31 v2 setups found for options
2026-06-12 12:21:44,516  INFO  ============================================================
2026-06-12 12:21:44,516  INFO  OPTIONS SCAN — checking for BOOF 31 v2 setups...
2026-06-12 12:21:47,165  INFO  No BOOF 31 v2 setups found for options
2026-06-12 12:21:52,244  INFO  ============================================================
2026-06-12 12:21:52,244  INFO  OPTIONS SCAN — checking for BOOF 31 v2 setups...
2026-06-12 12:21:54,555  INFO  No BOOF 31 v2 setups found for options
2026-06-12 12:21:59,643  INFO  ============================================================
2026-06-12 12:21:59,643  INFO  OPTIONS SCAN — checking for BOOF 31 v2 setups...
2026-06-12 12:22:02,002  INFO  No BOOF 31 v2 setups found for options
2026-06-12 12:22:07,067  INFO  ============================================================
2026-06-12 12:22:07,067  INFO  OPTIONS SCAN — checking for BOOF 31 v2 setups...
2026-06-12 12:22:09,388  INFO  No BOOF 31 v2 setups found for options
2026-06-12 12:22:14,459  INFO  ============================================================
2026-06-12 12:22:14,459  INFO  OPTIONS SCAN — checking for BOOF 31 v2 setups...
2026-06-12 12:22:16,744  INFO  No BOOF 31 v2 setups found for options
2026-06-12 12:22:21,925  INFO  ============================================================
2026-06-12 12:22:21,925  INFO  OPTIONS SCAN — checking for BOOF 31 v2 setups...
2026-06-12 12:22:24,085  INFO  No BOOF 31 v2 setups found for options
2026-06-12 12:22:29,146  INFO  ============================================================
2026-06-12 12:22:29,146  INFO  OPTIONS SCAN — checking for BOOF 31 v2 setups...
2026-06-12 12:22:31,849  INFO  No BOOF 31 v2 setups found for options
2026-06-12 12:22:36,924  INFO  ============================================================
2026-06-12 12:22:36,924  INFO  OPTIONS SCAN — checking for BOOF 31 v2 setups...
2026-06-12 12:22:39,314  INFO  No BOOF 31 v2 setups found for options
2026-06-12 12:22:44,372  INFO  ============================================================
2026-06-12 12:22:44,372  INFO  OPTIONS SCAN — checking for BOOF 31 v2 setups...
2026-06-12 12:22:46,863  INFO  No BOOF 31 v2 setups found for options
2026-06-12 12:22:51,926  INFO  ============================================================
2026-06-12 12:22:51,926  INFO  OPTIONS SCAN — checking for BOOF 31 v2 setups...
2026-06-12 12:22:54,230  INFO  No BOOF 31 v2 setups found for options
2026-06-12 12:22:59,287  INFO  ============================================================
2026-06-12 12:22:59,287  INFO  OPTIONS SCAN — checking for BOOF 31 v2 setups...
2026-06-12 12:23:01,432  INFO  No BOOF 31 v2 setups found for options
2026-06-12 12:23:06,491  INFO  ============================================================
2026-06-12 12:23:06,491  INFO  OPTIONS SCAN — checking for BOOF 31 v2 setups...
2026-06-12 12:23:08,492  INFO  No BOOF 31 v2 setups found for options
2026-06-12 12:23:13,570  INFO  ============================================================
2026-06-12 12:23:13,570  INFO  OPTIONS SCAN — checking for BOOF 31 v2 setups...
2026-06-12 12:23:15,620  INFO  No BOOF 31 v2 setups found for options
2026-06-12 12:23:20,810  INFO  ============================================================
2026-06-12 12:23:20,810  INFO  OPTIONS SCAN — checking for BOOF 31 v2 setups...
2026-06-12 12:23:22,748  INFO  No BOOF 31 v2 setups found for options
2026-06-12 12:23:27,813  INFO  ============================================================
2026-06-12 12:23:27,813  INFO  OPTIONS SCAN — checking for BOOF 31 v2 setups...
2026-06-12 12:23:30,150  INFO  No BOOF 31 v2 setups found for options
2026-06-12 12:23:35,388  INFO  ============================================================
2026-06-12 12:23:35,388  INFO  OPTIONS SCAN — checking for BOOF 31 v2 setups...
2026-06-12 12:23:37,575  INFO  No BOOF 31 v2 setups found for options
2026-06-12 12:23:42,636  INFO  ============================================================
2026-06-12 12:23:42,636  INFO  OPTIONS SCAN — checking for BOOF 31 v2 setups...
2026-06-12 12:23:44,722  INFO  No BOOF 31 v2 setups found for options
2026-06-12 12:23:49,782  INFO  ============================================================
2026-06-12 12:23:49,782  INFO  OPTIONS SCAN — checking for BOOF 31 v2 setups...
2026-06-12 12:23:51,918  INFO  No BOOF 31 v2 setups found for options
2026-06-12 12:23:56,978  INFO  ============================================================
2026-06-12 12:23:56,978  INFO  OPTIONS SCAN — checking for BOOF 31 v2 setups...
2026-06-12 12:23:59,344  INFO  No BOOF 31 v2 setups found for options
2026-06-12 12:24:04,415  INFO  ============================================================
2026-06-12 12:24:04,415  INFO  OPTIONS SCAN — checking for BOOF 31 v2 setups...
2026-06-12 12:24:06,709  INFO  No BOOF 31 v2 setups found for options
2026-06-12 12:24:11,769  INFO  ============================================================
2026-06-12 12:24:11,769  INFO  OPTIONS SCAN — checking for BOOF 31 v2 setups...
2026-06-12 12:24:13,982  INFO  No BOOF 31 v2 setups found for options
2026-06-12 12:24:19,047  INFO  ============================================================
2026-06-12 12:24:19,048  INFO  OPTIONS SCAN — checking for BOOF 31 v2 setups...
2026-06-12 12:24:21,181  INFO  No BOOF 31 v2 setups found for options
2026-06-12 12:24:26,244  INFO  ============================================================
2026-06-12 12:24:26,244  INFO  OPTIONS SCAN — checking for BOOF 31 v2 setups...
2026-06-12 12:24:28,722  INFO  No BOOF 31 v2 setups found for options
2026-06-12 12:24:33,794  INFO  ============================================================
2026-06-12 12:24:33,799  INFO  OPTIONS SCAN — checking for BOOF 31 v2 setups...
2026-06-12 12:24:35,990  INFO  No BOOF 31 v2 setups found for options
2026-06-12 12:24:41,066  INFO  ============================================================
2026-06-12 12:24:41,066  INFO  OPTIONS SCAN — checking for BOOF 31 v2 setups...
2026-06-12 12:24:43,085  INFO  No BOOF 31 v2 setups found for options
2026-06-12 12:24:48,193  INFO  ============================================================
2026-06-12 12:24:48,193  INFO  OPTIONS SCAN — checking for BOOF 31 v2 setups...
2026-06-12 12:24:50,605  INFO  No BOOF 31 v2 setups found for options
2026-06-12 12:24:55,672  INFO  ============================================================
2026-06-12 12:24:55,672  INFO  OPTIONS SCAN — checking for BOOF 31 v2 setups...
2026-06-12 12:24:57,572  INFO  No BOOF 31 v2 setups found for options
2026-06-12 12:25:02,640  INFO  ============================================================
2026-06-12 12:25:02,640  INFO  OPTIONS SCAN — checking for BOOF 31 v2 setups...
2026-06-12 12:25:04,589  INFO  No BOOF 31 v2 setups found for options
2026-06-12 12:25:09,663  INFO  ============================================================
2026-06-12 12:25:09,664  INFO  OPTIONS SCAN — checking for BOOF 31 v2 setups...
2026-06-12 12:25:11,458  INFO  No BOOF 31 v2 setups found for options
2026-06-12 12:25:16,533  INFO  ============================================================
2026-06-12 12:25:16,533  INFO  OPTIONS SCAN — checking for BOOF 31 v2 setups...
2026-06-12 12:25:18,438  INFO  No BOOF 31 v2 setups found for options
2026-06-12 12:25:23,511  INFO  ============================================================
2026-06-12 12:25:23,511  INFO  OPTIONS SCAN — checking for BOOF 31 v2 setups...
2026-06-12 12:25:25,529  INFO  No BOOF 31 v2 setups found for options
2026-06-12 12:25:30,618  INFO  ============================================================
2026-06-12 12:25:30,619  INFO  OPTIONS SCAN — checking for BOOF 31 v2 setups...
2026-06-12 12:25:32,647  INFO  No BOOF 31 v2 setups found for options
2026-06-12 12:25:37,705  INFO  ============================================================
2026-06-12 12:25:37,705  INFO  OPTIONS SCAN — checking for BOOF 31 v2 setups...
2026-06-12 12:25:39,622  INFO  No BOOF 31 v2 setups found for options
2026-06-12 12:25:44,685  INFO  ============================================================
2026-06-12 12:25:44,685  INFO  OPTIONS SCAN — checking for BOOF 31 v2 setups...
2026-06-12 12:25:46,716  INFO  No BOOF 31 v2 setups found for options
2026-06-12 12:25:51,787  INFO  ============================================================
2026-06-12 12:25:51,787  INFO  OPTIONS SCAN — checking for BOOF 31 v2 setups...
2026-06-12 12:25:53,605  INFO  No BOOF 31 v2 setups found for options
2026-06-12 12:25:58,667  INFO  ============================================================
2026-06-12 12:25:58,667  INFO  OPTIONS SCAN — checking for BOOF 31 v2 setups...
2026-06-12 12:26:00,499  INFO  No BOOF 31 v2 setups found for options
2026-06-12 12:26:05,569  INFO  ============================================================
2026-06-12 12:26:05,569  INFO  OPTIONS SCAN — checking for BOOF 31 v2 setups...
2026-06-12 12:26:07,469  INFO  No BOOF 31 v2 setups found for options
2026-06-12 12:26:12,535  INFO  ============================================================
2026-06-12 12:26:12,535  INFO  OPTIONS SCAN — checking for BOOF 31 v2 setups...
2026-06-12 12:26:14,348  INFO  No BOOF 31 v2 setups found for options
2026-06-12 12:26:19,422  INFO  ============================================================
2026-06-12 12:26:19,422  INFO  OPTIONS SCAN — checking for BOOF 31 v2 setups...
2026-06-12 12:26:21,113  INFO  No BOOF 31 v2 setups found for options
2026-06-12 12:26:26,184  INFO  ============================================================
2026-06-12 12:26:26,185  INFO  OPTIONS SCAN — checking for BOOF 31 v2 setups...
2026-06-12 12:26:28,673  INFO  No BOOF 31 v2 setups found for options
2026-06-12 12:26:33,736  INFO  ============================================================
2026-06-12 12:26:33,737  INFO  OPTIONS SCAN — checking for BOOF 31 v2 setups...
2026-06-12 12:26:36,227  INFO  No BOOF 31 v2 setups found for options
2026-06-12 12:26:41,293  INFO  ============================================================
2026-06-12 12:26:41,293  INFO  OPTIONS SCAN — checking for BOOF 31 v2 setups...
2026-06-12 12:26:43,582  INFO  No BOOF 31 v2 setups found for options
2026-06-12 12:26:48,646  INFO  ============================================================
2026-06-12 12:26:48,646  INFO  OPTIONS SCAN — checking for BOOF 31 v2 setups...
2026-06-12 12:26:51,066  INFO  No BOOF 31 v2 setups found for options
2026-06-12 12:26:56,154  INFO  ============================================================
2026-06-12 12:26:56,155  INFO  OPTIONS SCAN — checking for BOOF 31 v2 setups...
2026-06-12 12:26:58,352  INFO  No BOOF 31 v2 setups found for options
2026-06-12 12:27:03,426  INFO  ============================================================
2026-06-12 12:27:03,427  INFO  OPTIONS SCAN — checking for BOOF 31 v2 setups...
2026-06-12 12:27:05,870  INFO  No BOOF 31 v2 setups found for options
2026-06-12 12:27:10,932  INFO  ============================================================
2026-06-12 12:27:10,933  INFO  OPTIONS SCAN — checking for BOOF 31 v2 setups...
2026-06-12 12:27:13,123  INFO  No BOOF 31 v2 setups found for options
2026-06-12 12:27:18,188  INFO  ============================================================
2026-06-12 12:27:18,188  INFO  OPTIONS SCAN — checking for BOOF 31 v2 setups...
2026-06-12 12:27:20,270  INFO  No BOOF 31 v2 setups found for options
2026-06-12 12:27:25,330  INFO  ============================================================
2026-06-12 12:27:25,330  INFO  OPTIONS SCAN — checking for BOOF 31 v2 setups...
2026-06-12 12:27:27,513  INFO  No BOOF 31 v2 setups found for options
2026-06-12 12:27:32,574  INFO  ============================================================
2026-06-12 12:27:32,575  INFO  OPTIONS SCAN — checking for BOOF 31 v2 setups...
2026-06-12 12:27:35,116  INFO  No BOOF 31 v2 setups found for options
2026-06-12 12:27:40,212  INFO  ============================================================
2026-06-12 12:27:40,213  INFO  OPTIONS SCAN — checking for BOOF 31 v2 setups...
2026-06-12 12:27:42,341  INFO  No BOOF 31 v2 setups found for options
2026-06-12 12:27:47,410  INFO  ============================================================
2026-06-12 12:27:47,410  INFO  OPTIONS SCAN — checking for BOOF 31 v2 setups...
2026-06-12 12:27:49,439  INFO  No BOOF 31 v2 setups found for options
2026-06-12 12:27:54,509  INFO  ============================================================
2026-06-12 12:27:54,509  INFO  OPTIONS SCAN — checking for BOOF 31 v2 setups...
2026-06-12 12:27:56,515  INFO  No BOOF 31 v2 setups found for options
2026-06-12 12:28:01,575  INFO  ============================================================
2026-06-12 12:28:01,575  INFO  OPTIONS SCAN — checking for BOOF 31 v2 setups...
2026-06-12 12:28:03,558  INFO  No BOOF 31 v2 setups found for options
2026-06-12 12:28:08,624  INFO  ============================================================
2026-06-12 12:28:08,624  INFO  OPTIONS SCAN — checking for BOOF 31 v2 setups...
2026-06-12 12:28:10,504  INFO  No BOOF 31 v2 setups found for options
2026-06-12 12:28:15,576  INFO  ============================================================
2026-06-12 12:28:15,578  INFO  OPTIONS SCAN — checking for BOOF 31 v2 setups...
2026-06-12 12:28:17,407  INFO  No BOOF 31 v2 setups found for options
2026-06-12 12:28:22,468  INFO  ============================================================
2026-06-12 12:28:22,469  INFO  OPTIONS SCAN — checking for BOOF 31 v2 setups...
2026-06-12 12:28:24,438  INFO  No BOOF 31 v2 setups found for options
2026-06-12 12:28:29,497  INFO  ============================================================
2026-06-12 12:28:29,498  INFO  OPTIONS SCAN — checking for BOOF 31 v2 setups...
2026-06-12 12:28:31,453  INFO  No BOOF 31 v2 setups found for options
2026-06-12 12:28:36,515  INFO  ============================================================
2026-06-12 12:28:36,516  INFO  OPTIONS SCAN — checking for BOOF 31 v2 setups...
2026-06-12 12:28:38,380  INFO  No BOOF 31 v2 setups found for options
2026-06-12 12:28:43,439  INFO  ============================================================
2026-06-12 12:28:43,439  INFO  OPTIONS SCAN — checking for BOOF 31 v2 setups...
2026-06-12 12:28:45,570  INFO  No BOOF 31 v2 setups found for options
2026-06-12 12:28:50,633  INFO  ============================================================
2026-06-12 12:28:50,634  INFO  OPTIONS SCAN — checking for BOOF 31 v2 setups...
2026-06-12 12:28:52,460  INFO  No BOOF 31 v2 setups found for options
2026-06-12 12:28:57,527  INFO  ============================================================
2026-06-12 12:28:57,527  INFO  OPTIONS SCAN — checking for BOOF 31 v2 setups...
2026-06-12 12:28:59,207  INFO  No BOOF 31 v2 setups found for options
2026-06-12 12:29:04,271  INFO  ============================================================
2026-06-12 12:29:04,271  INFO  OPTIONS SCAN — checking for BOOF 31 v2 setups...
2026-06-12 12:29:05,966  INFO  No BOOF 31 v2 setups found for options
2026-06-12 12:29:11,030  INFO  ============================================================
2026-06-12 12:29:11,031  INFO  OPTIONS SCAN — checking for BOOF 31 v2 setups...
2026-06-12 12:29:12,697  INFO  No BOOF 31 v2 setups found for options
2026-06-12 12:29:17,755  INFO  ============================================================
2026-06-12 12:29:17,755  INFO  OPTIONS SCAN — checking for BOOF 31 v2 setups...
2026-06-12 12:29:19,588  INFO  No BOOF 31 v2 setups found for options
2026-06-12 12:29:24,655  INFO  ============================================================
2026-06-12 12:29:24,655  INFO  OPTIONS SCAN — checking for BOOF 31 v2 setups...
2026-06-12 12:29:26,823  INFO  No BOOF 31 v2 setups found for options
2026-06-12 12:29:32,026  INFO  ============================================================
2026-06-12 12:29:32,026  INFO  OPTIONS SCAN — checking for BOOF 31 v2 setups...
2026-06-12 12:29:34,220  INFO  No BOOF 31 v2 setups found for options
2026-06-12 12:29:39,289  INFO  ============================================================
2026-06-12 12:29:39,289  INFO  OPTIONS SCAN — checking for BOOF 31 v2 setups...
2026-06-12 12:29:41,397  INFO  No BOOF 31 v2 setups found for options
2026-06-12 12:29:46,460  INFO  ============================================================
2026-06-12 12:29:46,460  INFO  OPTIONS SCAN — checking for BOOF 31 v2 setups...
2026-06-12 12:29:48,751  INFO  No BOOF 31 v2 setups found for options
2026-06-12 12:29:53,821  INFO  ============================================================
2026-06-12 12:29:53,821  INFO  OPTIONS SCAN — checking for BOOF 31 v2 setups...
2026-06-12 12:29:55,924  INFO  No BOOF 31 v2 setups found for options
2026-06-12 12:30:00,997  INFO  ============================================================
2026-06-12 12:30:00,997  INFO  OPTIONS SCAN — checking for BOOF 31 v2 setups...
2026-06-12 12:30:03,026  INFO  No BOOF 31 v2 setups found for options
2026-06-12 12:30:08,086  INFO  ============================================================
2026-06-12 12:30:08,087  INFO  OPTIONS SCAN — checking for BOOF 31 v2 setups...
2026-06-12 12:30:10,237  INFO  No BOOF 31 v2 setups found for options
2026-06-12 12:30:15,554  INFO  ============================================================
2026-06-12 12:30:15,554  INFO  OPTIONS SCAN — checking for BOOF 31 v2 setups...
2026-06-12 12:30:18,073  INFO  No BOOF 31 v2 setups found for options
2026-06-12 12:30:23,133  INFO  ============================================================
2026-06-12 12:30:23,133  INFO  OPTIONS SCAN — checking for BOOF 31 v2 setups...
2026-06-12 12:30:25,214  INFO  No BOOF 31 v2 setups found for options
2026-06-12 12:30:30,279  INFO  ============================================================
2026-06-12 12:30:30,279  INFO  OPTIONS SCAN — checking for BOOF 31 v2 setups...
2026-06-12 12:30:32,515  INFO  No BOOF 31 v2 setups found for options
2026-06-12 12:30:37,569  INFO  ============================================================
2026-06-12 12:30:37,569  INFO  OPTIONS SCAN — checking for BOOF 31 v2 setups...
2026-06-12 12:30:39,561  INFO  No BOOF 31 v2 setups found for options
2026-06-12 12:30:44,633  INFO  ============================================================
2026-06-12 12:30:44,633  INFO  OPTIONS SCAN — checking for BOOF 31 v2 setups...
2026-06-12 12:30:46,661  INFO  No BOOF 31 v2 setups found for options
2026-06-12 12:30:51,723  INFO  ============================================================
2026-06-12 12:30:51,723  INFO  OPTIONS SCAN — checking for BOOF 31 v2 setups...
2026-06-12 12:30:53,550  INFO  No BOOF 31 v2 setups found for options
2026-06-12 12:30:58,612  INFO  ============================================================
2026-06-12 12:30:58,612  INFO  OPTIONS SCAN — checking for BOOF 31 v2 setups...
2026-06-12 12:31:00,436  INFO  No BOOF 31 v2 setups found for options
2026-06-12 12:31:05,535  INFO  ============================================================
2026-06-12 12:31:05,535  INFO  OPTIONS SCAN — checking for BOOF 31 v2 setups...
2026-06-12 12:31:07,501  INFO  No BOOF 31 v2 setups found for options
2026-06-12 12:31:12,569  INFO  ============================================================
2026-06-12 12:31:12,569  INFO  OPTIONS SCAN — checking for BOOF 31 v2 setups...
2026-06-12 12:31:14,255  INFO  No BOOF 31 v2 setups found for options
2026-06-12 12:31:19,319  INFO  ============================================================
2026-06-12 12:31:19,319  INFO  OPTIONS SCAN — checking for BOOF 31 v2 setups...
2026-06-12 12:31:21,062  INFO  No BOOF 31 v2 setups found for options
2026-06-12 12:31:26,281  INFO  ============================================================
2026-06-12 12:31:26,282  INFO  OPTIONS SCAN — checking for BOOF 31 v2 setups...
2026-06-12 12:31:28,716  INFO  No BOOF 31 v2 setups found for options
2026-06-12 12:31:33,831  INFO  ============================================================
2026-06-12 12:31:33,831  INFO  OPTIONS SCAN — checking for BOOF 31 v2 setups...
2026-06-12 12:31:36,940  INFO  No BOOF 31 v2 setups found for options
2026-06-12 12:31:42,006  INFO  ============================================================
2026-06-12 12:31:42,006  INFO  OPTIONS SCAN — checking for BOOF 31 v2 setups...
2026-06-12 12:31:44,912  INFO  No BOOF 31 v2 setups found for options
2026-06-12 12:31:49,977  INFO  ============================================================
2026-06-12 12:31:49,978  INFO  OPTIONS SCAN — checking for BOOF 31 v2 setups...
2026-06-12 12:31:52,942  INFO  No BOOF 31 v2 setups found for options
2026-06-12 12:31:58,005  INFO  ============================================================
2026-06-12 12:31:58,005  INFO  OPTIONS SCAN — checking for BOOF 31 v2 setups...
2026-06-12 12:32:01,062  INFO  No BOOF 31 v2 setups found for options
2026-06-12 12:32:06,119  INFO  ============================================================
2026-06-12 12:32:06,120  INFO  OPTIONS SCAN — checking for BOOF 31 v2 setups...
2026-06-12 12:32:08,949  INFO  No BOOF 31 v2 setups found for options
2026-06-12 12:32:14,012  INFO  ============================================================
2026-06-12 12:32:14,012  INFO  OPTIONS SCAN — checking for BOOF 31 v2 setups...
2026-06-12 12:32:16,591  INFO  No BOOF 31 v2 setups found for options
2026-06-12 12:32:21,666  INFO  ============================================================
2026-06-12 12:32:21,666  INFO  OPTIONS SCAN — checking for BOOF 31 v2 setups...
2026-06-12 12:32:24,241  INFO  No BOOF 31 v2 setups found for options
2026-06-12 12:32:29,310  INFO  ============================================================
2026-06-12 12:32:29,310  INFO  OPTIONS SCAN — checking for BOOF 31 v2 setups...
2026-06-12 12:32:32,668  INFO  No BOOF 31 v2 setups found for options
2026-06-12 12:32:37,730  INFO  ============================================================
2026-06-12 12:32:37,730  INFO  OPTIONS SCAN — checking for BOOF 31 v2 setups...
2026-06-12 12:32:40,931  INFO  No BOOF 31 v2 setups found for options
2026-06-12 12:32:45,988  INFO  ============================================================
2026-06-12 12:32:45,989  INFO  OPTIONS SCAN — checking for BOOF 31 v2 setups...
2026-06-12 12:32:48,730  INFO  No BOOF 31 v2 setups found for options
2026-06-12 12:32:53,784  INFO  ============================================================
2026-06-12 12:32:53,785  INFO  OPTIONS SCAN — checking for BOOF 31 v2 setups...
2026-06-12 12:32:56,552  INFO  No BOOF 31 v2 setups found for options
2026-06-12 12:33:01,621  INFO  ============================================================
2026-06-12 12:33:01,621  INFO  OPTIONS SCAN — checking for BOOF 31 v2 setups...
2026-06-12 12:33:04,368  INFO  No BOOF 31 v2 setups found for options
2026-06-12 12:33:09,442  INFO  ============================================================
2026-06-12 12:33:09,442  INFO  OPTIONS SCAN — checking for BOOF 31 v2 setups...
2026-06-12 12:33:12,029  INFO  No BOOF 31 v2 setups found for options
2026-06-12 12:33:17,101  INFO  ============================================================
2026-06-12 12:33:17,101  INFO  OPTIONS SCAN — checking for BOOF 31 v2 setups...
2026-06-12 12:33:19,810  INFO  No BOOF 31 v2 setups found for options
2026-06-12 12:33:24,879  INFO  ============================================================
2026-06-12 12:33:24,879  INFO  OPTIONS SCAN — checking for BOOF 31 v2 setups...
2026-06-12 12:33:27,520  INFO  No BOOF 31 v2 setups found for options
2026-06-12 12:33:32,585  INFO  ============================================================
2026-06-12 12:33:32,585  INFO  OPTIONS SCAN — checking for BOOF 31 v2 setups...
2026-06-12 12:33:35,223  INFO  No BOOF 31 v2 setups found for options
2026-06-12 12:33:40,296  INFO  ============================================================
2026-06-12 12:33:40,296  INFO  OPTIONS SCAN — checking for BOOF 31 v2 setups...
2026-06-12 12:33:42,712  INFO  No BOOF 31 v2 setups found for options
2026-06-12 12:33:47,871  INFO  ============================================================
2026-06-12 12:33:47,872  INFO  OPTIONS SCAN — checking for BOOF 31 v2 setups...
2026-06-12 12:33:50,251  INFO  No BOOF 31 v2 setups found for options
2026-06-12 12:33:55,310  INFO  ============================================================
2026-06-12 12:33:55,310  INFO  OPTIONS SCAN — checking for BOOF 31 v2 setups...
2026-06-12 12:33:57,625  INFO  No BOOF 31 v2 setups found for options
2026-06-12 12:34:02,685  INFO  ============================================================
2026-06-12 12:34:02,685  INFO  OPTIONS SCAN — checking for BOOF 31 v2 setups...
2026-06-12 12:34:04,948  INFO  No BOOF 31 v2 setups found for options
2026-06-12 12:34:10,008  INFO  ============================================================
2026-06-12 12:34:10,008  INFO  OPTIONS SCAN — checking for BOOF 31 v2 setups...
2026-06-12 12:34:12,401  INFO  No BOOF 31 v2 setups found for options
2026-06-12 12:34:17,467  INFO  ============================================================
2026-06-12 12:34:17,467  INFO  OPTIONS SCAN — checking for BOOF 31 v2 setups...
2026-06-12 12:34:19,667  INFO  No BOOF 31 v2 setups found for options
2026-06-12 12:34:24,757  INFO  ============================================================
2026-06-12 12:34:24,758  INFO  OPTIONS SCAN — checking for BOOF 31 v2 setups...
2026-06-12 12:34:27,394  INFO  No BOOF 31 v2 setups found for options
2026-06-12 12:34:32,470  INFO  ============================================================
2026-06-12 12:34:32,471  INFO  OPTIONS SCAN — checking for BOOF 31 v2 setups...
2026-06-12 12:34:35,245  INFO  No BOOF 31 v2 setups found for options
2026-06-12 12:34:40,310  INFO  ============================================================
2026-06-12 12:34:40,311  INFO  OPTIONS SCAN — checking for BOOF 31 v2 setups...
2026-06-12 12:34:42,868  INFO  No BOOF 31 v2 setups found for options
2026-06-12 12:34:47,936  INFO  ============================================================
2026-06-12 12:34:47,936  INFO  OPTIONS SCAN — checking for BOOF 31 v2 setups...
2026-06-12 12:34:50,949  INFO  No BOOF 31 v2 setups found for options
2026-06-12 12:34:56,015  INFO  ============================================================
2026-06-12 12:34:56,015  INFO  OPTIONS SCAN — checking for BOOF 31 v2 setups...
2026-06-12 12:34:58,639  INFO  No BOOF 31 v2 setups found for options
2026-06-12 12:35:03,695  INFO  ============================================================
2026-06-12 12:35:03,695  INFO  OPTIONS SCAN — checking for BOOF 31 v2 setups...
2026-06-12 12:35:06,250  INFO  No BOOF 31 v2 setups found for options
2026-06-12 12:35:11,423  INFO  ============================================================
2026-06-12 12:35:11,423  INFO  OPTIONS SCAN — checking for BOOF 31 v2 setups...
2026-06-12 12:35:13,818  INFO  No BOOF 31 v2 setups found for options
2026-06-12 12:35:18,877  INFO  ============================================================
2026-06-12 12:35:18,877  INFO  OPTIONS SCAN — checking for BOOF 31 v2 setups...
2026-06-12 12:35:21,373  INFO  No BOOF 31 v2 setups found for options
2026-06-12 12:35:26,448  INFO  ============================================================
2026-06-12 12:35:26,449  INFO  OPTIONS SCAN — checking for BOOF 31 v2 setups...
2026-06-12 12:35:29,421  INFO  No BOOF 31 v2 setups found for options
2026-06-12 12:35:34,483  INFO  ============================================================
2026-06-12 12:35:34,483  INFO  OPTIONS SCAN — checking for BOOF 31 v2 setups...
2026-06-12 12:35:36,849  INFO  No BOOF 31 v2 setups found for options
2026-06-12 12:35:41,912  INFO  ============================================================
2026-06-12 12:35:41,913  INFO  OPTIONS SCAN — checking for BOOF 31 v2 setups...
2026-06-12 12:35:44,129  INFO  No BOOF 31 v2 setups found for options
2026-06-12 12:35:49,186  INFO  ============================================================
2026-06-12 12:35:49,186  INFO  OPTIONS SCAN — checking for BOOF 31 v2 setups...
2026-06-12 12:35:51,504  INFO  No BOOF 31 v2 setups found for options
2026-06-12 12:35:56,565  INFO  ============================================================
2026-06-12 12:35:56,565  INFO  OPTIONS SCAN — checking for BOOF 31 v2 setups...
2026-06-12 12:35:58,769  INFO  No BOOF 31 v2 setups found for options
2026-06-12 12:36:03,835  INFO  ============================================================
2026-06-12 12:36:03,835  INFO  OPTIONS SCAN — checking for BOOF 31 v2 setups...
2026-06-12 12:36:06,078  INFO  No BOOF 31 v2 setups found for options
2026-06-12 12:36:11,143  INFO  ============================================================
2026-06-12 12:36:11,144  INFO  OPTIONS SCAN — checking for BOOF 31 v2 setups...
2026-06-12 12:36:13,247  INFO  No BOOF 31 v2 setups found for options
2026-06-12 12:36:18,305  INFO  ============================================================
2026-06-12 12:36:18,305  INFO  OPTIONS SCAN — checking for BOOF 31 v2 setups...
2026-06-12 12:36:20,492  INFO  No BOOF 31 v2 setups found for options
2026-06-12 12:36:25,549  INFO  ============================================================
2026-06-12 12:36:25,549  INFO  OPTIONS SCAN — checking for BOOF 31 v2 setups...
2026-06-12 12:36:28,457  INFO  No BOOF 31 v2 setups found for options
2026-06-12 12:36:33,521  INFO  ============================================================
2026-06-12 12:36:33,521  INFO  OPTIONS SCAN — checking for BOOF 31 v2 setups...
2026-06-12 12:36:36,143  INFO  No BOOF 31 v2 setups found for options
2026-06-12 12:36:41,202  INFO  ============================================================
2026-06-12 12:36:41,202  INFO  OPTIONS SCAN — checking for BOOF 31 v2 setups...
2026-06-12 12:36:43,453  INFO  No BOOF 31 v2 setups found for options
2026-06-12 12:36:48,519  INFO  ============================================================
2026-06-12 12:36:48,520  INFO  OPTIONS SCAN — checking for BOOF 31 v2 setups...
2026-06-12 12:36:50,803  INFO  No BOOF 31 v2 setups found for options
2026-06-12 12:36:55,865  INFO  ============================================================
2026-06-12 12:36:55,865  INFO  OPTIONS SCAN — checking for BOOF 31 v2 setups...
2026-06-12 12:36:58,283  INFO  No BOOF 31 v2 setups found for options
2026-06-12 12:37:03,374  INFO  ============================================================
2026-06-12 12:37:03,374  INFO  OPTIONS SCAN — checking for BOOF 31 v2 setups...
2026-06-12 12:37:05,805  INFO  No BOOF 31 v2 setups found for options
2026-06-12 12:37:10,860  INFO  ============================================================
2026-06-12 12:37:10,860  INFO  OPTIONS SCAN — checking for BOOF 31 v2 setups...
2026-06-12 12:37:13,437  INFO  No BOOF 31 v2 setups found for options
2026-06-12 12:37:18,497  INFO  ============================================================
2026-06-12 12:37:18,497  INFO  OPTIONS SCAN — checking for BOOF 31 v2 setups...
2026-06-12 12:37:20,774  INFO  No BOOF 31 v2 setups found for options
2026-06-12 12:37:25,837  INFO  ============================================================
2026-06-12 12:37:25,837  INFO  OPTIONS SCAN — checking for BOOF 31 v2 setups...
2026-06-12 12:37:28,140  INFO  No BOOF 31 v2 setups found for options
2026-06-12 12:37:33,199  INFO  ============================================================
2026-06-12 12:37:33,199  INFO  OPTIONS SCAN — checking for BOOF 31 v2 setups...
2026-06-12 12:37:35,300  INFO  No BOOF 31 v2 setups found for options
2026-06-12 12:37:40,361  INFO  ============================================================
2026-06-12 12:37:40,361  INFO  OPTIONS SCAN — checking for BOOF 31 v2 setups...
2026-06-12 12:37:42,414  INFO  No BOOF 31 v2 setups found for options
2026-06-12 12:37:47,466  INFO  ============================================================
2026-06-12 12:37:47,466  INFO  OPTIONS SCAN — checking for BOOF 31 v2 setups...
2026-06-12 12:37:49,415  INFO  No BOOF 31 v2 setups found for options
2026-06-12 12:37:54,570  INFO  ============================================================
2026-06-12 12:37:54,570  INFO  OPTIONS SCAN — checking for BOOF 31 v2 setups...
2026-06-12 12:37:56,494  INFO  No BOOF 31 v2 setups found for options
2026-06-12 12:38:01,565  INFO  ============================================================
2026-06-12 12:38:01,565  INFO  OPTIONS SCAN — checking for BOOF 31 v2 setups...
2026-06-12 12:38:03,573  INFO  No BOOF 31 v2 setups found for options
2026-06-12 12:38:08,643  INFO  ============================================================
2026-06-12 12:38:08,643  INFO  OPTIONS SCAN — checking for BOOF 31 v2 setups...
2026-06-12 12:38:10,654  INFO  No BOOF 31 v2 setups found for options
2026-06-12 12:38:15,745  INFO  ============================================================
2026-06-12 12:38:15,746  INFO  OPTIONS SCAN — checking for BOOF 31 v2 setups...
2026-06-12 12:38:17,751  INFO  No BOOF 31 v2 setups found for options
2026-06-12 12:38:22,847  INFO  ============================================================
2026-06-12 12:38:22,847  INFO  OPTIONS SCAN — checking for BOOF 31 v2 setups...
2026-06-12 12:38:24,715  INFO  No BOOF 31 v2 setups found for options
2026-06-12 12:38:29,776  INFO  ============================================================
2026-06-12 12:38:29,776  INFO  OPTIONS SCAN — checking for BOOF 31 v2 setups...
2026-06-12 12:38:31,757  INFO  No BOOF 31 v2 setups found for options
2026-06-12 12:38:36,820  INFO  ============================================================
2026-06-12 12:38:36,820  INFO  OPTIONS SCAN — checking for BOOF 31 v2 setups...
2026-06-12 12:38:38,625  INFO  No BOOF 31 v2 setups found for options
2026-06-12 12:38:43,692  INFO  ============================================================
2026-06-12 12:38:43,692  INFO  OPTIONS SCAN — checking for BOOF 31 v2 setups...
2026-06-12 12:38:45,457  INFO  No BOOF 31 v2 setups found for options
2026-06-12 12:38:50,519  INFO  ============================================================
2026-06-12 12:38:50,519  INFO  OPTIONS SCAN — checking for BOOF 31 v2 setups...
2026-06-12 12:38:52,263  INFO  No BOOF 31 v2 setups found for options
2026-06-12 12:38:57,323  INFO  ============================================================
2026-06-12 12:38:57,323  INFO  OPTIONS SCAN — checking for BOOF 31 v2 setups...
2026-06-12 12:38:59,141  INFO  No BOOF 31 v2 setups found for options
2026-06-12 12:39:04,401  INFO  ============================================================
2026-06-12 12:39:04,401  INFO  OPTIONS SCAN — checking for BOOF 31 v2 setups...
2026-06-12 12:39:06,330  INFO  No BOOF 31 v2 setups found for options
2026-06-12 12:39:11,390  INFO  ============================================================
2026-06-12 12:39:11,390  INFO  OPTIONS SCAN — checking for BOOF 31 v2 setups...
2026-06-12 12:39:13,178  INFO  No BOOF 31 v2 setups found for options
2026-06-12 12:39:18,233  INFO  ============================================================
2026-06-12 12:39:18,233  INFO  OPTIONS SCAN — checking for BOOF 31 v2 setups...
2026-06-12 12:39:20,030  INFO  No BOOF 31 v2 setups found for options
2026-06-12 12:39:25,090  INFO  ============================================================
2026-06-12 12:39:25,090  INFO  OPTIONS SCAN — checking for BOOF 31 v2 setups...
2026-06-12 12:39:27,292  INFO  No BOOF 31 v2 setups found for options
2026-06-12 12:39:32,352  INFO  ============================================================
2026-06-12 12:39:32,352  INFO  OPTIONS SCAN — checking for BOOF 31 v2 setups...
2026-06-12 12:39:34,538  INFO  No BOOF 31 v2 setups found for options
2026-06-12 12:39:39,604  INFO  ============================================================
2026-06-12 12:39:39,605  INFO  OPTIONS SCAN — checking for BOOF 31 v2 setups...
2026-06-12 12:39:41,683  INFO  No BOOF 31 v2 setups found for options
2026-06-12 12:39:46,742  INFO  ============================================================
2026-06-12 12:39:46,743  INFO  OPTIONS SCAN — checking for BOOF 31 v2 setups...
2026-06-12 12:39:48,825  INFO  No BOOF 31 v2 setups found for options
2026-06-12 12:39:53,880  INFO  ============================================================
2026-06-12 12:39:53,880  INFO  OPTIONS SCAN — checking for BOOF 31 v2 setups...
2026-06-12 12:39:55,726  INFO  No BOOF 31 v2 setups found for options
2026-06-12 12:40:00,786  INFO  ============================================================
2026-06-12 12:40:00,786  INFO  OPTIONS SCAN — checking for BOOF 31 v2 setups...
2026-06-12 12:40:02,715  INFO  No BOOF 31 v2 setups found for options
2026-06-12 12:40:07,774  INFO  ============================================================
2026-06-12 12:40:07,775  INFO  OPTIONS SCAN — checking for BOOF 31 v2 setups...
2026-06-12 12:40:09,724  INFO  No BOOF 31 v2 setups found for options
2026-06-12 12:40:14,783  INFO  ============================================================
2026-06-12 12:40:14,783  INFO  OPTIONS SCAN — checking for BOOF 31 v2 setups...
2026-06-12 12:40:16,771  INFO  No BOOF 31 v2 setups found for options
2026-06-12 12:40:21,828  INFO  ============================================================
2026-06-12 12:40:21,828  INFO  OPTIONS SCAN — checking for BOOF 31 v2 setups...
2026-06-12 12:40:24,057  INFO  No BOOF 31 v2 setups found for options
2026-06-12 12:40:29,117  INFO  ============================================================
2026-06-12 12:40:29,118  INFO  OPTIONS SCAN — checking for BOOF 31 v2 setups...
2026-06-12 12:40:31,546  INFO  No BOOF 31 v2 setups found for options
2026-06-12 12:40:36,616  INFO  ============================================================
2026-06-12 12:40:36,616  INFO  OPTIONS SCAN — checking for BOOF 31 v2 setups...
2026-06-12 12:40:38,392  INFO  No BOOF 31 v2 setups found for options
2026-06-12 12:40:43,457  INFO  ============================================================
2026-06-12 12:40:43,457  INFO  OPTIONS SCAN — checking for BOOF 31 v2 setups...
2026-06-12 12:40:45,235  INFO  No BOOF 31 v2 setups found for options
2026-06-12 12:40:50,300  INFO  ============================================================
2026-06-12 12:40:50,302  INFO  OPTIONS SCAN — checking for BOOF 31 v2 setups...
2026-06-12 12:40:52,143  INFO  No BOOF 31 v2 setups found for options
2026-06-12 12:40:57,208  INFO  ============================================================
2026-06-12 12:40:57,208  INFO  OPTIONS SCAN — checking for BOOF 31 v2 setups...
2026-06-12 12:40:59,067  INFO  No BOOF 31 v2 setups found for options
2026-06-12 12:41:04,220  INFO  ============================================================
2026-06-12 12:41:04,220  INFO  OPTIONS SCAN — checking for BOOF 31 v2 setups...
2026-06-12 12:41:05,984  INFO  No BOOF 31 v2 setups found for options
2026-06-12 12:41:11,046  INFO  ============================================================
2026-06-12 12:41:11,047  INFO  OPTIONS SCAN — checking for BOOF 31 v2 setups...
2026-06-12 12:41:12,847  INFO  No BOOF 31 v2 setups found for options
2026-06-12 12:41:17,924  INFO  ============================================================
2026-06-12 12:41:17,929  INFO  OPTIONS SCAN — checking for BOOF 31 v2 setups...
2026-06-12 12:41:19,816  INFO  No BOOF 31 v2 setups found for options
2026-06-12 12:41:24,876  INFO  ============================================================
2026-06-12 12:41:24,876  INFO  OPTIONS SCAN — checking for BOOF 31 v2 setups...
2026-06-12 12:41:27,371  INFO  No BOOF 31 v2 setups found for options
2026-06-12 12:41:32,437  INFO  ============================================================
2026-06-12 12:41:32,437  INFO  OPTIONS SCAN — checking for BOOF 31 v2 setups...
2026-06-12 12:41:35,402  INFO  No BOOF 31 v2 setups found for options
2026-06-12 12:41:40,463  INFO  ============================================================
2026-06-12 12:41:40,463  INFO  OPTIONS SCAN — checking for BOOF 31 v2 setups...
2026-06-12 12:41:43,259  INFO  No BOOF 31 v2 setups found for options
2026-06-12 12:41:48,322  INFO  ============================================================
2026-06-12 12:41:48,322  INFO  OPTIONS SCAN — checking for BOOF 31 v2 setups...
2026-06-12 12:41:51,355  INFO  No BOOF 31 v2 setups found for options
2026-06-12 12:41:56,425  INFO  ============================================================
2026-06-12 12:41:56,425  INFO  OPTIONS SCAN — checking for BOOF 31 v2 setups...
2026-06-12 12:41:59,055  INFO  No BOOF 31 v2 setups found for options
2026-06-12 12:42:04,122  INFO  ============================================================
2026-06-12 12:42:04,122  INFO  OPTIONS SCAN — checking for BOOF 31 v2 setups...
2026-06-12 12:42:06,471  INFO  No BOOF 31 v2 setups found for options
2026-06-12 12:42:11,601  INFO  ============================================================
2026-06-12 12:42:11,603  INFO  OPTIONS SCAN — checking for BOOF 31 v2 setups...
2026-06-12 12:42:13,619  INFO  No BOOF 31 v2 setups found for options
2026-06-12 12:42:18,686  INFO  ============================================================
2026-06-12 12:42:18,686  INFO  OPTIONS SCAN — checking for BOOF 31 v2 setups...
2026-06-12 12:42:20,935  INFO  No BOOF 31 v2 setups found for options
2026-06-12 12:42:26,025  INFO  ============================================================
2026-06-12 12:42:26,025  INFO  OPTIONS SCAN — checking for BOOF 31 v2 setups...
2026-06-12 12:42:28,952  INFO  BOOF 31 v2 setups for options: ['COIN(score:7)']
2026-06-12 12:42:28,952  WARNING  Error getting options for COIN: name 'OptionType' is not defined
2026-06-12 12:42:28,952  WARNING    COIN: No liquid PUT options available
2026-06-12 12:42:28,953  INFO  No options positions entered.
2026-06-12 12:42:34,055  INFO  ============================================================
2026-06-12 12:42:34,056  INFO  OPTIONS SCAN — checking for BOOF 31 v2 setups...
2026-06-12 12:42:36,610  INFO  BOOF 31 v2 setups for options: ['COIN(score:7)']
2026-06-12 12:42:36,610  WARNING  Error getting options for COIN: name 'OptionType' is not defined
2026-06-12 12:42:36,610  WARNING    COIN: No liquid PUT options available
2026-06-12 12:42:36,611  INFO  No options positions entered.
2026-06-12 12:42:41,681  INFO  ============================================================
2026-06-12 12:42:41,681  INFO  OPTIONS SCAN — checking for BOOF 31 v2 setups...
2026-06-12 12:42:43,967  INFO  BOOF 31 v2 setups for options: ['COIN(score:7)']
2026-06-12 12:42:43,967  WARNING  Error getting options for COIN: name 'OptionType' is not defined
2026-06-12 12:42:43,967  WARNING    COIN: No liquid PUT options available
2026-06-12 12:42:43,968  INFO  No options positions entered.
2026-06-12 12:42:49,031  INFO  ============================================================
2026-06-12 12:42:49,031  INFO  OPTIONS SCAN — checking for BOOF 31 v2 setups...
2026-06-12 12:42:51,337  INFO  BOOF 31 v2 setups for options: ['COIN(score:7)']
2026-06-12 12:42:51,337  WARNING  Error getting options for COIN: name 'OptionType' is not defined
2026-06-12 12:42:51,337  WARNING    COIN: No liquid PUT options available
2026-06-12 12:42:51,338  INFO  No options positions entered.
2026-06-12 12:42:56,398  INFO  ============================================================
2026-06-12 12:42:56,399  INFO  OPTIONS SCAN — checking for BOOF 31 v2 setups...
2026-06-12 12:42:58,903  INFO  BOOF 31 v2 setups for options: ['COIN(score:7)']
2026-06-12 12:42:58,904  WARNING  Error getting options for COIN: name 'OptionType' is not defined
2026-06-12 12:42:58,904  WARNING    COIN: No liquid PUT options available
2026-06-12 12:42:58,904  INFO  No options positions entered.
2026-06-12 12:43:03,975  INFO  ============================================================
2026-06-12 12:43:03,975  INFO  OPTIONS SCAN — checking for BOOF 31 v2 setups...
2026-06-12 12:43:06,381  INFO  BOOF 31 v2 setups for options: ['COIN(score:7)']
2026-06-12 12:43:06,382  WARNING  Error getting options for COIN: name 'OptionType' is not defined
2026-06-12 12:43:06,382  WARNING    COIN: No liquid PUT options available
2026-06-12 12:43:06,382  INFO  No options positions entered.
2026-06-12 12:43:11,449  INFO  ============================================================
2026-06-12 12:43:11,449  INFO  OPTIONS SCAN — checking for BOOF 31 v2 setups...
2026-06-12 12:43:14,049  INFO  BOOF 31 v2 setups for options: ['COIN(score:7)']
2026-06-12 12:43:14,049  WARNING  Error getting options for COIN: name 'OptionType' is not defined
2026-06-12 12:43:14,049  WARNING    COIN: No liquid PUT options available
2026-06-12 12:43:14,050  INFO  No options positions entered.
2026-06-12 12:43:19,115  INFO  ============================================================
2026-06-12 12:43:19,115  INFO  OPTIONS SCAN — checking for BOOF 31 v2 setups...
2026-06-12 12:43:21,507  INFO  BOOF 31 v2 setups for options: ['COIN(score:7)']
2026-06-12 12:43:21,508  WARNING  Error getting options for COIN: name 'OptionType' is not defined
2026-06-12 12:43:21,508  WARNING    COIN: No liquid PUT options available
2026-06-12 12:43:21,508  INFO  No options positions entered.
2026-06-12 12:43:26,574  INFO  ============================================================
2026-06-12 12:43:26,574  INFO  OPTIONS SCAN — checking for BOOF 31 v2 setups...
2026-06-12 12:43:29,676  INFO  No BOOF 31 v2 setups found for options
2026-06-12 12:43:34,742  INFO  ============================================================
2026-06-12 12:43:34,743  INFO  OPTIONS SCAN — checking for BOOF 31 v2 setups...
2026-06-12 12:43:37,696  INFO  No BOOF 31 v2 setups found for options
2026-06-12 12:43:42,754  INFO  ============================================================
2026-06-12 12:43:42,755  INFO  OPTIONS SCAN — checking for BOOF 31 v2 setups...
2026-06-12 12:43:45,819  INFO  No BOOF 31 v2 setups found for options
2026-06-12 12:43:50,894  INFO  ============================================================
2026-06-12 12:43:50,894  INFO  OPTIONS SCAN — checking for BOOF 31 v2 setups...
2026-06-12 12:43:53,906  INFO  No BOOF 31 v2 setups found for options
2026-06-12 12:43:58,973  INFO  ============================================================
2026-06-12 12:43:58,973  INFO  OPTIONS SCAN — checking for BOOF 31 v2 setups...
2026-06-12 12:44:01,912  INFO  No BOOF 31 v2 setups found for options
2026-06-12 12:44:06,972  INFO  ============================================================
2026-06-12 12:44:06,972  INFO  OPTIONS SCAN — checking for BOOF 31 v2 setups...
2026-06-12 12:44:09,884  INFO  No BOOF 31 v2 setups found for options
2026-06-12 12:44:15,029  INFO  ============================================================
2026-06-12 12:44:15,029  INFO  OPTIONS SCAN — checking for BOOF 31 v2 setups...
2026-06-12 12:44:17,833  INFO  No BOOF 31 v2 setups found for options
2026-06-12 12:44:22,911  INFO  ============================================================
2026-06-12 12:44:22,911  INFO  OPTIONS SCAN — checking for BOOF 31 v2 setups...
2026-06-12 12:44:25,595  INFO  No BOOF 31 v2 setups found for options
2026-06-12 12:44:30,681  INFO  ============================================================
2026-06-12 12:44:30,681  INFO  OPTIONS SCAN — checking for BOOF 31 v2 setups...
2026-06-12 12:44:33,157  INFO  No BOOF 31 v2 setups found for options
2026-06-12 12:44:38,223  INFO  ============================================================
2026-06-12 12:44:38,223  INFO  OPTIONS SCAN — checking for BOOF 31 v2 setups...
2026-06-12 12:44:40,840  INFO  No BOOF 31 v2 setups found for options
2026-06-12 12:44:45,909  INFO  ============================================================
2026-06-12 12:44:45,909  INFO  OPTIONS SCAN — checking for BOOF 31 v2 setups...
2026-06-12 12:44:48,520  INFO  No BOOF 31 v2 setups found for options
2026-06-12 12:44:53,594  INFO  ============================================================
2026-06-12 12:44:53,594  INFO  OPTIONS SCAN — checking for BOOF 31 v2 setups...
2026-06-12 12:44:56,136  INFO  No BOOF 31 v2 setups found for options
2026-06-12 12:45:01,196  INFO  ============================================================
2026-06-12 12:45:01,196  INFO  OPTIONS SCAN — checking for BOOF 31 v2 setups...
2026-06-12 12:45:03,579  INFO  No BOOF 31 v2 setups found for options
2026-06-12 12:45:08,643  INFO  ============================================================
2026-06-12 12:45:08,643  INFO  OPTIONS SCAN — checking for BOOF 31 v2 setups...
2026-06-12 12:45:11,047  INFO  No BOOF 31 v2 setups found for options
2026-06-12 12:45:16,109  INFO  ============================================================
2026-06-12 12:45:16,109  INFO  OPTIONS SCAN — checking for BOOF 31 v2 setups...
2026-06-12 12:45:18,881  INFO  No BOOF 31 v2 setups found for options
2026-06-12 12:45:23,954  INFO  ============================================================
2026-06-12 12:45:23,955  INFO  OPTIONS SCAN — checking for BOOF 31 v2 setups...
2026-06-12 12:45:26,414  INFO  BOOF 31 v2 setups for options: ['MSTR(score:9)']
2026-06-12 12:45:26,414  WARNING  Error getting options for MSTR: name 'OptionType' is not defined
2026-06-12 12:45:26,414  WARNING    MSTR: No liquid PUT options available
2026-06-12 12:45:26,414  INFO  No options positions entered.
2026-06-12 12:45:31,480  INFO  ============================================================
2026-06-12 12:45:31,480  INFO  OPTIONS SCAN — checking for BOOF 31 v2 setups...
2026-06-12 12:45:33,729  INFO  BOOF 31 v2 setups for options: ['MSTR(score:9)']
2026-06-12 12:45:33,729  WARNING  Error getting options for MSTR: name 'OptionType' is not defined
2026-06-12 12:45:33,729  WARNING    MSTR: No liquid PUT options available
2026-06-12 12:45:33,730  INFO  No options positions entered.
2026-06-12 12:45:38,792  INFO  ============================================================
2026-06-12 12:45:38,792  INFO  OPTIONS SCAN — checking for BOOF 31 v2 setups...
2026-06-12 12:45:41,131  INFO  BOOF 31 v2 setups for options: ['MSTR(score:9)']
2026-06-12 12:45:41,132  WARNING  Error getting options for MSTR: name 'OptionType' is not defined
2026-06-12 12:45:41,132  WARNING    MSTR: No liquid PUT options available
2026-06-12 12:45:41,132  INFO  No options positions entered.
2026-06-12 12:45:46,201  INFO  ============================================================
2026-06-12 12:45:46,201  INFO  OPTIONS SCAN — checking for BOOF 31 v2 setups...
2026-06-12 12:45:48,358  INFO  BOOF 31 v2 setups for options: ['MSTR(score:9)']
2026-06-12 12:45:48,358  WARNING  Error getting options for MSTR: name 'OptionType' is not defined
2026-06-12 12:45:48,358  WARNING    MSTR: No liquid PUT options available
2026-06-12 12:45:48,359  INFO  No options positions entered.
2026-06-12 12:45:53,414  INFO  ============================================================
2026-06-12 12:45:53,414  INFO  OPTIONS SCAN — checking for BOOF 31 v2 setups...
2026-06-12 12:45:55,684  INFO  BOOF 31 v2 setups for options: ['MSTR(score:9)']
2026-06-12 12:45:55,684  WARNING  Error getting options for MSTR: name 'OptionType' is not defined
2026-06-12 12:45:55,684  WARNING    MSTR: No liquid PUT options available
2026-06-12 12:45:55,685  INFO  No options positions entered.
2026-06-12 12:46:00,758  INFO  ============================================================
2026-06-12 12:46:00,758  INFO  OPTIONS SCAN — checking for BOOF 31 v2 setups...
2026-06-12 12:46:02,980  INFO  BOOF 31 v2 setups for options: ['MSTR(score:9)']
2026-06-12 12:46:02,980  WARNING  Error getting options for MSTR: name 'OptionType' is not defined
2026-06-12 12:46:02,980  WARNING    MSTR: No liquid PUT options available
2026-06-12 12:46:02,981  INFO  No options positions entered.
2026-06-12 12:46:08,037  INFO  ============================================================
2026-06-12 12:46:08,037  INFO  OPTIONS SCAN — checking for BOOF 31 v2 setups...
2026-06-12 12:46:10,119  INFO  BOOF 31 v2 setups for options: ['MSTR(score:9)']
2026-06-12 12:46:10,120  WARNING  Error getting options for MSTR: name 'OptionType' is not defined
2026-06-12 12:46:10,120  WARNING    MSTR: No liquid PUT options available
2026-06-12 12:46:10,121  INFO  No options positions entered.
2026-06-12 12:46:15,183  INFO  ============================================================
2026-06-12 12:46:15,183  INFO  OPTIONS SCAN — checking for BOOF 31 v2 setups...
2026-06-12 12:46:17,309  INFO  BOOF 31 v2 setups for options: ['MSTR(score:9)']
2026-06-12 12:46:17,309  WARNING  Error getting options for MSTR: name 'OptionType' is not defined
2026-06-12 12:46:17,309  WARNING    MSTR: No liquid PUT options available
2026-06-12 12:46:17,310  INFO  No options positions entered.
2026-06-12 12:46:22,392  INFO  ============================================================
2026-06-12 12:46:22,392  INFO  OPTIONS SCAN — checking for BOOF 31 v2 setups...
2026-06-12 12:46:24,616  INFO  No BOOF 31 v2 setups found for options
2026-06-12 12:46:29,675  INFO  ============================================================
2026-06-12 12:46:29,675  INFO  OPTIONS SCAN — checking for BOOF 31 v2 setups...
2026-06-12 12:46:32,966  INFO  No BOOF 31 v2 setups found for options
2026-06-12 12:46:38,035  INFO  ============================================================
2026-06-12 12:46:38,035  INFO  OPTIONS SCAN — checking for BOOF 31 v2 setups...
2026-06-12 12:46:41,339  INFO  No BOOF 31 v2 setups found for options
2026-06-12 12:46:46,414  INFO  ============================================================
2026-06-12 12:46:46,414  INFO  OPTIONS SCAN — checking for BOOF 31 v2 setups...
2026-06-12 12:46:49,324  INFO  No BOOF 31 v2 setups found for options
2026-06-12 12:46:54,388  INFO  ============================================================
2026-06-12 12:46:54,388  INFO  OPTIONS SCAN — checking for BOOF 31 v2 setups...
2026-06-12 12:46:57,251  INFO  No BOOF 31 v2 setups found for options
2026-06-12 12:47:02,318  INFO  ============================================================
2026-06-12 12:47:02,318  INFO  OPTIONS SCAN — checking for BOOF 31 v2 setups...
2026-06-12 12:47:04,962  INFO  No BOOF 31 v2 setups found for options
2026-06-12 12:47:10,030  INFO  ============================================================
2026-06-12 12:47:10,031  INFO  OPTIONS SCAN — checking for BOOF 31 v2 setups...
2026-06-12 12:47:12,591  INFO  No BOOF 31 v2 setups found for options
2026-06-12 12:47:17,659  INFO  ============================================================
2026-06-12 12:47:17,659  INFO  OPTIONS SCAN — checking for BOOF 31 v2 setups...
2026-06-12 12:47:20,246  INFO  No BOOF 31 v2 setups found for options
2026-06-12 12:47:25,313  INFO  ============================================================
2026-06-12 12:47:25,314  INFO  OPTIONS SCAN — checking for BOOF 31 v2 setups...
2026-06-12 12:47:28,219  INFO  No BOOF 31 v2 setups found for options
2026-06-12 12:47:33,340  INFO  ============================================================
2026-06-12 12:47:33,341  INFO  OPTIONS SCAN — checking for BOOF 31 v2 setups...
2026-06-12 12:47:36,056  INFO  No BOOF 31 v2 setups found for options
2026-06-12 12:47:41,124  INFO  ============================================================
2026-06-12 12:47:41,125  INFO  OPTIONS SCAN — checking for BOOF 31 v2 setups...
2026-06-12 12:47:43,795  INFO  No BOOF 31 v2 setups found for options
2026-06-12 12:47:48,859  INFO  ============================================================
2026-06-12 12:47:48,861  INFO  OPTIONS SCAN — checking for BOOF 31 v2 setups...
2026-06-12 12:47:51,980  INFO  No BOOF 31 v2 setups found for options
2026-06-12 12:47:57,040  INFO  ============================================================
2026-06-12 12:47:57,041  INFO  OPTIONS SCAN — checking for BOOF 31 v2 setups...
2026-06-12 12:47:59,893  INFO  No BOOF 31 v2 setups found for options
2026-06-12 12:48:04,966  INFO  ============================================================
2026-06-12 12:48:04,966  INFO  OPTIONS SCAN — checking for BOOF 31 v2 setups...
2026-06-12 12:48:08,015  INFO  No BOOF 31 v2 setups found for options
2026-06-12 12:48:13,087  INFO  ============================================================
2026-06-12 12:48:13,087  INFO  OPTIONS SCAN — checking for BOOF 31 v2 setups...
2026-06-12 12:48:15,902  INFO  No BOOF 31 v2 setups found for options
2026-06-12 12:48:20,966  INFO  ============================================================
2026-06-12 12:48:20,967  INFO  OPTIONS SCAN — checking for BOOF 31 v2 setups...
2026-06-12 12:48:23,564  INFO  No BOOF 31 v2 setups found for options
2026-06-12 12:48:28,629  INFO  ============================================================
2026-06-12 12:48:28,630  INFO  OPTIONS SCAN — checking for BOOF 31 v2 setups...
2026-06-12 12:48:31,012  INFO  No BOOF 31 v2 setups found for options
2026-06-12 12:48:36,088  INFO  ============================================================
2026-06-12 12:48:36,089  INFO  OPTIONS SCAN — checking for BOOF 31 v2 setups...
2026-06-12 12:48:38,315  INFO  No BOOF 31 v2 setups found for options
2026-06-12 12:48:43,375  INFO  ============================================================
2026-06-12 12:48:43,376  INFO  OPTIONS SCAN — checking for BOOF 31 v2 setups...
2026-06-12 12:48:45,678  INFO  No BOOF 31 v2 setups found for options
2026-06-12 12:48:50,741  INFO  ============================================================
2026-06-12 12:48:50,741  INFO  OPTIONS SCAN — checking for BOOF 31 v2 setups...
2026-06-12 12:48:53,315  INFO  No BOOF 31 v2 setups found for options
2026-06-12 12:48:58,385  INFO  ============================================================
2026-06-12 12:48:58,386  INFO  OPTIONS SCAN — checking for BOOF 31 v2 setups...
2026-06-12 12:49:00,826  INFO  No BOOF 31 v2 setups found for options
2026-06-12 12:49:05,906  INFO  ============================================================
2026-06-12 12:49:05,906  INFO  OPTIONS SCAN — checking for BOOF 31 v2 setups...
2026-06-12 12:49:08,653  INFO  No BOOF 31 v2 setups found for options
2026-06-12 12:49:13,724  INFO  ============================================================
2026-06-12 12:49:13,725  INFO  OPTIONS SCAN — checking for BOOF 31 v2 setups...
2026-06-12 12:49:16,398  INFO  No BOOF 31 v2 setups found for options
2026-06-12 12:49:21,485  INFO  ============================================================
2026-06-12 12:49:21,485  INFO  OPTIONS SCAN — checking for BOOF 31 v2 setups...
2026-06-12 12:49:24,493  INFO  No BOOF 31 v2 setups found for options
2026-06-12 12:49:29,562  INFO  ============================================================
2026-06-12 12:49:29,562  INFO  OPTIONS SCAN — checking for BOOF 31 v2 setups...
2026-06-12 12:49:32,163  INFO  No BOOF 31 v2 setups found for options
2026-06-12 12:49:37,225  INFO  ============================================================
2026-06-12 12:49:37,226  INFO  OPTIONS SCAN — checking for BOOF 31 v2 setups...
2026-06-12 12:49:39,611  INFO  No BOOF 31 v2 setups found for options
2026-06-12 12:49:44,683  INFO  ============================================================
2026-06-12 12:49:44,684  INFO  OPTIONS SCAN — checking for BOOF 31 v2 setups...
2026-06-12 12:49:47,006  INFO  No BOOF 31 v2 setups found for options
2026-06-12 12:49:52,069  INFO  ============================================================
2026-06-12 12:49:52,069  INFO  OPTIONS SCAN — checking for BOOF 31 v2 setups...
2026-06-12 12:49:54,342  INFO  No BOOF 31 v2 setups found for options
2026-06-12 12:49:59,401  INFO  ============================================================
2026-06-12 12:49:59,402  INFO  OPTIONS SCAN — checking for BOOF 31 v2 setups...
2026-06-12 12:50:01,562  INFO  No BOOF 31 v2 setups found for options
2026-06-12 12:50:06,630  INFO  ============================================================
2026-06-12 12:50:06,630  INFO  OPTIONS SCAN — checking for BOOF 31 v2 setups...
2026-06-12 12:50:09,056  INFO  No BOOF 31 v2 setups found for options
2026-06-12 12:50:14,232  INFO  ============================================================
2026-06-12 12:50:14,233  INFO  OPTIONS SCAN — checking for BOOF 31 v2 setups...
2026-06-12 12:50:16,715  INFO  No BOOF 31 v2 setups found for options
2026-06-12 12:50:21,789  INFO  ============================================================
2026-06-12 12:50:21,789  INFO  OPTIONS SCAN — checking for BOOF 31 v2 setups...
2026-06-12 12:50:23,814  INFO  No BOOF 31 v2 setups found for options
2026-06-12 12:50:28,887  INFO  ============================================================
2026-06-12 12:50:28,887  INFO  OPTIONS SCAN — checking for BOOF 31 v2 setups...
2026-06-12 12:50:32,554  INFO  No BOOF 31 v2 setups found for options
2026-06-12 12:50:37,623  INFO  ============================================================
2026-06-12 12:50:37,623  INFO  OPTIONS SCAN — checking for BOOF 31 v2 setups...
2026-06-12 12:50:39,745  INFO  No BOOF 31 v2 setups found for options
2026-06-12 12:50:44,805  INFO  ============================================================
2026-06-12 12:50:44,805  INFO  OPTIONS SCAN — checking for BOOF 31 v2 setups...
2026-06-12 12:50:46,715  INFO  No BOOF 31 v2 setups found for options
2026-06-12 12:50:51,785  INFO  ============================================================
2026-06-12 12:50:51,785  INFO  OPTIONS SCAN — checking for BOOF 31 v2 setups...
2026-06-12 12:50:53,743  INFO  No BOOF 31 v2 setups found for options
2026-06-12 12:50:58,899  INFO  ============================================================
2026-06-12 12:50:58,899  INFO  OPTIONS SCAN — checking for BOOF 31 v2 setups...
2026-06-12 12:51:01,452  INFO  No BOOF 31 v2 setups found for options
2026-06-12 12:51:06,520  INFO  ============================================================
2026-06-12 12:51:06,520  INFO  OPTIONS SCAN — checking for BOOF 31 v2 setups...
2026-06-12 12:51:08,720  INFO  No BOOF 31 v2 setups found for options
2026-06-12 12:51:13,777  INFO  ============================================================
2026-06-12 12:51:13,777  INFO  OPTIONS SCAN — checking for BOOF 31 v2 setups...
2026-06-12 12:51:15,878  INFO  No BOOF 31 v2 setups found for options
2026-06-12 12:51:20,945  INFO  ============================================================
2026-06-12 12:51:20,945  INFO  OPTIONS SCAN — checking for BOOF 31 v2 setups...
2026-06-12 12:51:23,000  INFO  No BOOF 31 v2 setups found for options
2026-06-12 12:51:28,074  INFO  ============================================================
2026-06-12 12:51:28,074  INFO  OPTIONS SCAN — checking for BOOF 31 v2 setups...
2026-06-12 12:51:30,879  INFO  No BOOF 31 v2 setups found for options
2026-06-12 12:51:35,938  INFO  ============================================================
2026-06-12 12:51:35,938  INFO  OPTIONS SCAN — checking for BOOF 31 v2 setups...
2026-06-12 12:51:38,815  INFO  No BOOF 31 v2 setups found for options
2026-06-12 12:51:43,875  INFO  ============================================================
2026-06-12 12:51:43,876  INFO  OPTIONS SCAN — checking for BOOF 31 v2 setups...
2026-06-12 12:51:46,607  INFO  No BOOF 31 v2 setups found for options
2026-06-12 12:51:51,674  INFO  ============================================================
2026-06-12 12:51:51,674  INFO  OPTIONS SCAN — checking for BOOF 31 v2 setups...
2026-06-12 12:51:54,169  INFO  No BOOF 31 v2 setups found for options
2026-06-12 12:51:59,238  INFO  ============================================================
2026-06-12 12:51:59,238  INFO  OPTIONS SCAN — checking for BOOF 31 v2 setups...
2026-06-12 12:52:01,807  INFO  No BOOF 31 v2 setups found for options
2026-06-12 12:52:06,878  INFO  ============================================================
2026-06-12 12:52:06,878  INFO  OPTIONS SCAN — checking for BOOF 31 v2 setups...
2026-06-12 12:52:09,280  INFO  No BOOF 31 v2 setups found for options
2026-06-12 12:52:14,400  INFO  ============================================================
2026-06-12 12:52:14,400  INFO  OPTIONS SCAN — checking for BOOF 31 v2 setups...
2026-06-12 12:52:16,724  INFO  No BOOF 31 v2 setups found for options
2026-06-12 12:52:21,979  INFO  ============================================================
2026-06-12 12:52:21,979  INFO  OPTIONS SCAN — checking for BOOF 31 v2 setups...
2026-06-12 12:52:24,949  INFO  No BOOF 31 v2 setups found for options
2026-06-12 12:52:30,073  INFO  ============================================================
2026-06-12 12:52:30,074  INFO  OPTIONS SCAN — checking for BOOF 31 v2 setups...
2026-06-12 12:52:32,505  INFO  No BOOF 31 v2 setups found for options
2026-06-12 12:52:37,565  INFO  ============================================================
2026-06-12 12:52:37,565  INFO  OPTIONS SCAN — checking for BOOF 31 v2 setups...
2026-06-12 12:52:39,657  INFO  No BOOF 31 v2 setups found for options
2026-06-12 12:52:44,726  INFO  ============================================================
2026-06-12 12:52:44,727  INFO  OPTIONS SCAN — checking for BOOF 31 v2 setups...
2026-06-12 12:52:46,755  INFO  No BOOF 31 v2 setups found for options
2026-06-12 12:52:51,827  INFO  ============================================================
2026-06-12 12:52:51,827  INFO  OPTIONS SCAN — checking for BOOF 31 v2 setups...
2026-06-12 12:52:53,812  INFO  No BOOF 31 v2 setups found for options
2026-06-12 12:52:58,868  INFO  ============================================================
2026-06-12 12:52:58,868  INFO  OPTIONS SCAN — checking for BOOF 31 v2 setups...
2026-06-12 12:53:00,776  INFO  No BOOF 31 v2 setups found for options
2026-06-12 12:53:05,832  INFO  ============================================================
2026-06-12 12:53:05,832  INFO  OPTIONS SCAN — checking for BOOF 31 v2 setups...
2026-06-12 12:53:07,970  INFO  No BOOF 31 v2 setups found for options
2026-06-12 12:53:13,043  INFO  ============================================================
2026-06-12 12:53:13,043  INFO  OPTIONS SCAN — checking for BOOF 31 v2 setups...
2026-06-12 12:53:15,121  INFO  No BOOF 31 v2 setups found for options
2026-06-12 12:53:20,206  INFO  ============================================================
2026-06-12 12:53:20,206  INFO  OPTIONS SCAN — checking for BOOF 31 v2 setups...
2026-06-12 12:53:22,296  INFO  No BOOF 31 v2 setups found for options
2026-06-12 12:53:27,389  INFO  ============================================================
2026-06-12 12:53:27,389  INFO  OPTIONS SCAN — checking for BOOF 31 v2 setups...
2026-06-12 12:53:29,663  INFO  No BOOF 31 v2 setups found for options
2026-06-12 12:53:34,721  INFO  ============================================================
2026-06-12 12:53:34,721  INFO  OPTIONS SCAN — checking for BOOF 31 v2 setups...
2026-06-12 12:53:36,976  INFO  No BOOF 31 v2 setups found for options
2026-06-12 12:53:42,057  INFO  ============================================================
2026-06-12 12:53:42,057  INFO  OPTIONS SCAN — checking for BOOF 31 v2 setups...
2026-06-12 12:53:44,633  INFO  No BOOF 31 v2 setups found for options
2026-06-12 12:53:49,694  INFO  ============================================================
2026-06-12 12:53:49,694  INFO  OPTIONS SCAN — checking for BOOF 31 v2 setups...
2026-06-12 12:53:51,908  INFO  No BOOF 31 v2 setups found for options
2026-06-12 12:53:56,987  INFO  ============================================================
2026-06-12 12:53:56,987  INFO  OPTIONS SCAN — checking for BOOF 31 v2 setups...
2026-06-12 12:53:59,114  INFO  No BOOF 31 v2 setups found for options
2026-06-12 12:54:04,171  INFO  ============================================================
2026-06-12 12:54:04,171  INFO  OPTIONS SCAN — checking for BOOF 31 v2 setups...
2026-06-12 12:54:06,268  INFO  No BOOF 31 v2 setups found for options
2026-06-12 12:54:11,362  INFO  ============================================================
2026-06-12 12:54:11,363  INFO  OPTIONS SCAN — checking for BOOF 31 v2 setups...
2026-06-12 12:54:13,587  INFO  No BOOF 31 v2 setups found for options
2026-06-12 12:54:18,687  INFO  ============================================================
2026-06-12 12:54:18,687  INFO  OPTIONS SCAN — checking for BOOF 31 v2 setups...
2026-06-12 12:54:21,021  INFO  No BOOF 31 v2 setups found for options
2026-06-12 12:54:26,092  INFO  ============================================================
2026-06-12 12:54:26,092  INFO  OPTIONS SCAN — checking for BOOF 31 v2 setups...
2026-06-12 12:54:28,993  INFO  No BOOF 31 v2 setups found for options
2026-06-12 12:54:34,063  INFO  ============================================================
2026-06-12 12:54:34,064  INFO  OPTIONS SCAN — checking for BOOF 31 v2 setups...
2026-06-12 12:54:36,671  INFO  No BOOF 31 v2 setups found for options
2026-06-12 12:54:41,741  INFO  ============================================================
2026-06-12 12:54:41,741  INFO  OPTIONS SCAN — checking for BOOF 31 v2 setups...
2026-06-12 12:54:44,824  INFO  No BOOF 31 v2 setups found for options
2026-06-12 12:54:49,893  INFO  ============================================================
2026-06-12 12:54:49,893  INFO  OPTIONS SCAN — checking for BOOF 31 v2 setups...
2026-06-12 12:54:52,318  INFO  No BOOF 31 v2 setups found for options
2026-06-12 12:54:57,388  INFO  ============================================================
2026-06-12 12:54:57,388  INFO  OPTIONS SCAN — checking for BOOF 31 v2 setups...
2026-06-12 12:54:59,772  INFO  No BOOF 31 v2 setups found for options
2026-06-12 12:55:04,890  INFO  ============================================================
2026-06-12 12:55:04,890  INFO  OPTIONS SCAN — checking for BOOF 31 v2 setups...
2026-06-12 12:55:07,198  INFO  No BOOF 31 v2 setups found for options
2026-06-12 12:55:12,258  INFO  ============================================================
2026-06-12 12:55:12,258  INFO  OPTIONS SCAN — checking for BOOF 31 v2 setups...
2026-06-12 12:55:14,444  INFO  No BOOF 31 v2 setups found for options
2026-06-12 12:55:19,511  INFO  ============================================================
2026-06-12 12:55:19,512  INFO  OPTIONS SCAN — checking for BOOF 31 v2 setups...
2026-06-12 12:55:21,744  INFO  No BOOF 31 v2 setups found for options
2026-06-12 12:55:26,815  INFO  ============================================================
2026-06-12 12:55:26,816  INFO  OPTIONS SCAN — checking for BOOF 31 v2 setups...
2026-06-12 12:55:29,224  INFO  No BOOF 31 v2 setups found for options
2026-06-12 12:55:34,288  INFO  ============================================================
2026-06-12 12:55:34,288  INFO  OPTIONS SCAN — checking for BOOF 31 v2 setups...
2026-06-12 12:55:37,011  INFO  No BOOF 31 v2 setups found for options
2026-06-12 12:55:42,100  INFO  ============================================================
2026-06-12 12:55:42,100  INFO  OPTIONS SCAN — checking for BOOF 31 v2 setups...
2026-06-12 12:55:44,379  INFO  No BOOF 31 v2 setups found for options
2026-06-12 12:55:49,443  INFO  ============================================================
2026-06-12 12:55:49,443  INFO  OPTIONS SCAN — checking for BOOF 31 v2 setups...
2026-06-12 12:55:52,035  INFO  No BOOF 31 v2 setups found for options
2026-06-12 12:55:57,103  INFO  ============================================================
2026-06-12 12:55:57,103  INFO  OPTIONS SCAN — checking for BOOF 31 v2 setups...
2026-06-12 12:55:59,470  INFO  No BOOF 31 v2 setups found for options
2026-06-12 12:56:04,737  INFO  ============================================================
2026-06-12 12:56:04,737  INFO  OPTIONS SCAN — checking for BOOF 31 v2 setups...
2026-06-12 12:56:08,204  INFO  No BOOF 31 v2 setups found for options
2026-06-12 12:56:13,357  INFO  ============================================================
2026-06-12 12:56:13,357  INFO  OPTIONS SCAN — checking for BOOF 31 v2 setups...
2026-06-12 12:56:15,562  INFO  No BOOF 31 v2 setups found for options
2026-06-12 12:56:20,651  INFO  ============================================================
2026-06-12 12:56:20,651  INFO  OPTIONS SCAN — checking for BOOF 31 v2 setups...
2026-06-12 12:56:23,053  INFO  No BOOF 31 v2 setups found for options
2026-06-12 12:56:28,120  INFO  ============================================================
2026-06-12 12:56:28,120  INFO  OPTIONS SCAN — checking for BOOF 31 v2 setups...
2026-06-12 12:56:30,789  INFO  No BOOF 31 v2 setups found for options
2026-06-12 12:56:35,921  INFO  ============================================================
2026-06-12 12:56:35,921  INFO  OPTIONS SCAN — checking for BOOF 31 v2 setups...
2026-06-12 12:56:38,408  INFO  No BOOF 31 v2 setups found for options
2026-06-12 12:56:43,473  INFO  ============================================================
2026-06-12 12:56:43,473  INFO  OPTIONS SCAN — checking for BOOF 31 v2 setups...
2026-06-12 12:56:46,128  INFO  No BOOF 31 v2 setups found for options
2026-06-12 12:56:51,225  INFO  ============================================================
2026-06-12 12:56:51,225  INFO  OPTIONS SCAN — checking for BOOF 31 v2 setups...
2026-06-12 12:56:53,647  INFO  No BOOF 31 v2 setups found for options
2026-06-12 12:56:58,725  INFO  ============================================================
2026-06-12 12:56:58,725  INFO  OPTIONS SCAN — checking for BOOF 31 v2 setups...
2026-06-12 12:57:01,596  INFO  No BOOF 31 v2 setups found for options
2026-06-12 12:57:06,681  INFO  ============================================================
2026-06-12 12:57:06,681  INFO  OPTIONS SCAN — checking for BOOF 31 v2 setups...
2026-06-12 12:57:09,550  INFO  No BOOF 31 v2 setups found for options
2026-06-12 12:57:14,615  INFO  ============================================================
2026-06-12 12:57:14,615  INFO  OPTIONS SCAN — checking for BOOF 31 v2 setups...
2026-06-12 12:57:16,872  INFO  No BOOF 31 v2 setups found for options
2026-06-12 12:57:21,943  INFO  ============================================================
2026-06-12 12:57:21,943  INFO  OPTIONS SCAN — checking for BOOF 31 v2 setups...
2026-06-12 12:57:23,854  INFO  No BOOF 31 v2 setups found for options
2026-06-12 12:57:28,914  INFO  ============================================================
2026-06-12 12:57:28,914  INFO  OPTIONS SCAN — checking for BOOF 31 v2 setups...
2026-06-12 12:57:31,276  INFO  No BOOF 31 v2 setups found for options
2026-06-12 12:57:36,342  INFO  ============================================================
2026-06-12 12:57:36,342  INFO  OPTIONS SCAN — checking for BOOF 31 v2 setups...
2026-06-12 12:57:38,815  INFO  No BOOF 31 v2 setups found for options
2026-06-12 12:57:43,880  INFO  ============================================================
2026-06-12 12:57:43,880  INFO  OPTIONS SCAN — checking for BOOF 31 v2 setups...
2026-06-12 12:57:46,389  INFO  No BOOF 31 v2 setups found for options
2026-06-12 12:57:51,468  INFO  ============================================================
2026-06-12 12:57:51,470  INFO  OPTIONS SCAN — checking for BOOF 31 v2 setups...
2026-06-12 12:57:53,700  INFO  No BOOF 31 v2 setups found for options
2026-06-12 12:57:58,761  INFO  ============================================================
2026-06-12 12:57:58,761  INFO  OPTIONS SCAN — checking for BOOF 31 v2 setups...
2026-06-12 12:58:00,957  INFO  No BOOF 31 v2 setups found for options
2026-06-12 12:58:06,071  INFO  ============================================================
2026-06-12 12:58:06,073  INFO  OPTIONS SCAN — checking for BOOF 31 v2 setups...
2026-06-12 12:58:07,948  INFO  No BOOF 31 v2 setups found for options
2026-06-12 12:58:13,016  INFO  ============================================================
2026-06-12 12:58:13,022  INFO  OPTIONS SCAN — checking for BOOF 31 v2 setups...
2026-06-12 12:58:14,934  INFO  No BOOF 31 v2 setups found for options
2026-06-12 12:58:19,995  INFO  ============================================================
2026-06-12 12:58:19,996  INFO  OPTIONS SCAN — checking for BOOF 31 v2 setups...
2026-06-12 12:58:21,795  INFO  No BOOF 31 v2 setups found for options
2026-06-12 12:58:26,857  INFO  ============================================================
2026-06-12 12:58:26,857  INFO  OPTIONS SCAN — checking for BOOF 31 v2 setups...
2026-06-12 12:58:29,256  INFO  No BOOF 31 v2 setups found for options
2026-06-12 12:58:34,320  INFO  ============================================================
2026-06-12 12:58:34,320  INFO  OPTIONS SCAN — checking for BOOF 31 v2 setups...
2026-06-12 12:58:36,723  INFO  No BOOF 31 v2 setups found for options
2026-06-12 12:58:41,788  INFO  ============================================================
2026-06-12 12:58:41,788  INFO  OPTIONS SCAN — checking for BOOF 31 v2 setups...
2026-06-12 12:58:44,674  INFO  No BOOF 31 v2 setups found for options
2026-06-12 12:58:49,747  INFO  ============================================================
2026-06-12 12:58:49,749  INFO  OPTIONS SCAN — checking for BOOF 31 v2 setups...
2026-06-12 12:58:52,318  INFO  No BOOF 31 v2 setups found for options
2026-06-12 12:58:57,389  INFO  ============================================================
2026-06-12 12:58:57,389  INFO  OPTIONS SCAN — checking for BOOF 31 v2 setups...
2026-06-12 12:58:59,991  INFO  No BOOF 31 v2 setups found for options
2026-06-12 12:59:05,055  INFO  ============================================================
2026-06-12 12:59:05,055  INFO  OPTIONS SCAN — checking for BOOF 31 v2 setups...
2026-06-12 12:59:07,513  INFO  No BOOF 31 v2 setups found for options
2026-06-12 12:59:12,617  INFO  ============================================================
2026-06-12 12:59:12,618  INFO  OPTIONS SCAN — checking for BOOF 31 v2 setups...
2026-06-12 12:59:14,974  INFO  No BOOF 31 v2 setups found for options
2026-06-12 12:59:20,041  INFO  ============================================================
2026-06-12 12:59:20,042  INFO  OPTIONS SCAN — checking for BOOF 31 v2 setups...
2026-06-12 12:59:22,464  INFO  No BOOF 31 v2 setups found for options
2026-06-12 12:59:27,529  INFO  ============================================================
2026-06-12 12:59:27,529  INFO  OPTIONS SCAN — checking for BOOF 31 v2 setups...
2026-06-12 12:59:30,512  INFO  No BOOF 31 v2 setups found for options
2026-06-12 12:59:35,576  INFO  ============================================================
2026-06-12 12:59:35,576  INFO  OPTIONS SCAN — checking for BOOF 31 v2 setups...
2026-06-12 12:59:38,400  INFO  No BOOF 31 v2 setups found for options
2026-06-12 12:59:43,461  INFO  ============================================================
2026-06-12 12:59:43,462  INFO  OPTIONS SCAN — checking for BOOF 31 v2 setups...
2026-06-12 12:59:46,323  INFO  No BOOF 31 v2 setups found for options
2026-06-12 12:59:51,398  INFO  ============================================================
2026-06-12 12:59:51,399  INFO  OPTIONS SCAN — checking for BOOF 31 v2 setups...
2026-06-12 12:59:54,161  INFO  No BOOF 31 v2 setups found for options
2026-06-12 12:59:59,244  INFO  ============================================================
2026-06-12 12:59:59,244  INFO  OPTIONS SCAN — checking for BOOF 31 v2 setups...
2026-06-12 13:00:02,001  INFO  No BOOF 31 v2 setups found for options
2026-06-12 13:00:07,091  INFO  HEARTBEAT 15:00 ET - 24/7 Options Bot Active
2026-06-12 13:00:07,092  INFO  ============================================================
2026-06-12 13:00:07,093  INFO  OPTIONS SCAN — checking for BOOF 31 v2 setups...
2026-06-12 13:00:09,762  INFO  No BOOF 31 v2 setups found for options
2026-06-12 13:00:14,827  INFO  HEARTBEAT 15:00 ET - 24/7 Options Bot Active
2026-06-12 13:00:14,832  INFO  ============================================================
2026-06-12 13:00:14,834  INFO  OPTIONS SCAN — checking for BOOF 31 v2 setups...
2026-06-12 13:00:17,945  INFO  No BOOF 31 v2 setups found for options
2026-06-12 13:00:23,043  INFO  HEARTBEAT 15:00 ET - 24/7 Options Bot Active
2026-06-12 13:00:23,061  INFO  ============================================================
2026-06-12 13:00:23,086  INFO  OPTIONS SCAN — checking for BOOF 31 v2 setups...
2026-06-12 13:00:25,847  INFO  No BOOF 31 v2 setups found for options
2026-06-12 13:00:30,920  INFO  HEARTBEAT 15:00 ET - 24/7 Options Bot Active
2026-06-12 13:00:30,922  INFO  ============================================================
2026-06-12 13:00:30,923  INFO  OPTIONS SCAN — checking for BOOF 31 v2 setups...
2026-06-12 13:00:33,704  INFO  No BOOF 31 v2 setups found for options
2026-06-12 13:00:38,775  INFO  HEARTBEAT 15:00 ET - 24/7 Options Bot Active
2026-06-12 13:00:38,777  INFO  ============================================================
2026-06-12 13:00:38,777  INFO  OPTIONS SCAN — checking for BOOF 31 v2 setups...
2026-06-12 13:00:41,094  INFO  No BOOF 31 v2 setups found for options
2026-06-12 13:00:46,164  INFO  HEARTBEAT 15:00 ET - 24/7 Options Bot Active
2026-06-12 13:00:46,165  INFO  ============================================================
2026-06-12 13:00:46,165  INFO  OPTIONS SCAN — checking for BOOF 31 v2 setups...
2026-06-12 13:00:49,026  INFO  No BOOF 31 v2 setups found for options
2026-06-12 13:00:54,087  INFO  HEARTBEAT 15:00 ET - 24/7 Options Bot Active
2026-06-12 13:00:54,089  INFO  ============================================================
2026-06-12 13:00:54,089  INFO  OPTIONS SCAN — checking for BOOF 31 v2 setups...
2026-06-12 13:00:56,515  INFO  No BOOF 31 v2 setups found for options
2026-06-12 13:01:01,587  INFO  ============================================================
2026-06-12 13:01:01,588  INFO  OPTIONS SCAN — checking for BOOF 31 v2 setups...
2026-06-12 13:01:04,504  INFO  No BOOF 31 v2 setups found for options
2026-06-12 13:01:09,572  INFO  ============================================================
2026-06-12 13:01:09,573  INFO  OPTIONS SCAN — checking for BOOF 31 v2 setups...
2026-06-12 13:01:11,688  INFO  No BOOF 31 v2 setups found for options
2026-06-12 13:01:16,760  INFO  ============================================================
2026-06-12 13:01:16,760  INFO  OPTIONS SCAN — checking for BOOF 31 v2 setups...
2026-06-12 13:01:18,914  INFO  No BOOF 31 v2 setups found for options
2026-06-12 13:01:24,091  INFO  ============================================================
2026-06-12 13:01:24,091  INFO  OPTIONS SCAN — checking for BOOF 31 v2 setups...
2026-06-12 13:01:27,040  INFO  No BOOF 31 v2 setups found for options
2026-06-12 13:01:32,314  INFO  ============================================================
2026-06-12 13:01:32,314  INFO  OPTIONS SCAN — checking for BOOF 31 v2 setups...
2026-06-12 13:01:36,582  INFO  No BOOF 31 v2 setups found for options
2026-06-12 13:01:41,700  INFO  ============================================================
2026-06-12 13:01:41,700  INFO  OPTIONS SCAN — checking for BOOF 31 v2 setups...
2026-06-12 13:01:46,142  INFO  No BOOF 31 v2 setups found for options
2026-06-12 13:01:51,205  INFO  ============================================================
2026-06-12 13:01:51,205  INFO  OPTIONS SCAN — checking for BOOF 31 v2 setups...
2026-06-12 13:01:55,248  INFO  No BOOF 31 v2 setups found for options
2026-06-12 13:02:00,316  INFO  ============================================================
2026-06-12 13:02:00,316  INFO  OPTIONS SCAN — checking for BOOF 31 v2 setups...
2026-06-12 13:02:04,236  INFO  No BOOF 31 v2 setups found for options
2026-06-12 13:02:09,291  INFO  ============================================================
2026-06-12 13:02:09,291  INFO  OPTIONS SCAN — checking for BOOF 31 v2 setups...
2026-06-12 13:02:13,685  INFO  No BOOF 31 v2 setups found for options
2026-06-12 13:02:18,747  INFO  ============================================================
2026-06-12 13:02:18,748  INFO  OPTIONS SCAN — checking for BOOF 31 v2 setups...
2026-06-12 13:02:22,195  INFO  No BOOF 31 v2 setups found for options
2026-06-12 13:02:27,258  INFO  ============================================================
2026-06-12 13:02:27,258  INFO  OPTIONS SCAN — checking for BOOF 31 v2 setups...
2026-06-12 13:02:31,277  INFO  No BOOF 31 v2 setups found for options
2026-06-12 13:02:36,362  INFO  ============================================================
2026-06-12 13:02:36,362  INFO  OPTIONS SCAN — checking for BOOF 31 v2 setups...
2026-06-12 13:02:40,352  INFO  No BOOF 31 v2 setups found for options
2026-06-12 13:02:45,424  INFO  ============================================================
2026-06-12 13:02:45,424  INFO  OPTIONS SCAN — checking for BOOF 31 v2 setups...
2026-06-12 13:02:48,965  INFO  No BOOF 31 v2 setups found for options
2026-06-12 13:02:54,028  INFO  ============================================================
2026-06-12 13:02:54,029  INFO  OPTIONS SCAN — checking for BOOF 31 v2 setups...
2026-06-12 13:02:57,279  INFO  No BOOF 31 v2 setups found for options
2026-06-12 13:03:02,335  INFO  ============================================================
2026-06-12 13:03:02,335  INFO  OPTIONS SCAN — checking for BOOF 31 v2 setups...
2026-06-12 13:03:05,432  INFO  No BOOF 31 v2 setups found for options
2026-06-12 13:03:10,498  INFO  ============================================================
2026-06-12 13:03:10,498  INFO  OPTIONS SCAN — checking for BOOF 31 v2 setups...
2026-06-12 13:03:13,376  INFO  No BOOF 31 v2 setups found for options
2026-06-12 13:03:18,447  INFO  ============================================================
2026-06-12 13:03:18,448  INFO  OPTIONS SCAN — checking for BOOF 31 v2 setups...
2026-06-12 13:03:21,535  INFO  No BOOF 31 v2 setups found for options
2026-06-12 13:03:26,605  INFO  ============================================================
2026-06-12 13:03:26,606  INFO  OPTIONS SCAN — checking for BOOF 31 v2 setups...
2026-06-12 13:03:30,521  INFO  No BOOF 31 v2 setups found for options
2026-06-12 13:03:35,584  INFO  ============================================================
2026-06-12 13:03:35,584  INFO  OPTIONS SCAN — checking for BOOF 31 v2 setups...
2026-06-12 13:03:39,381  INFO  No BOOF 31 v2 setups found for options
2026-06-12 13:03:44,436  INFO  ============================================================
2026-06-12 13:03:44,436  INFO  OPTIONS SCAN — checking for BOOF 31 v2 setups...
2026-06-12 13:03:48,299  INFO  No BOOF 31 v2 setups found for options
2026-06-12 13:03:53,372  INFO  ============================================================
2026-06-12 13:03:53,372  INFO  OPTIONS SCAN — checking for BOOF 31 v2 setups...
2026-06-12 13:03:56,590  INFO  No BOOF 31 v2 setups found for options
2026-06-12 13:04:01,652  INFO  ============================================================
2026-06-12 13:04:01,652  INFO  OPTIONS SCAN — checking for BOOF 31 v2 setups...
2026-06-12 13:04:04,644  INFO  No BOOF 31 v2 setups found for options
2026-06-12 13:04:09,697  INFO  ============================================================
2026-06-12 13:04:09,698  INFO  OPTIONS SCAN — checking for BOOF 31 v2 setups...
2026-06-12 13:04:12,615  INFO  No BOOF 31 v2 setups found for options
2026-06-12 13:04:17,680  INFO  ============================================================
2026-06-12 13:04:17,680  INFO  OPTIONS SCAN — checking for BOOF 31 v2 setups...
2026-06-12 13:04:20,816  INFO  No BOOF 31 v2 setups found for options
2026-06-12 13:04:25,914  INFO  ============================================================
2026-06-12 13:04:25,914  INFO  OPTIONS SCAN — checking for BOOF 31 v2 setups...
2026-06-12 13:04:29,012  INFO  No BOOF 31 v2 setups found for options
2026-06-12 13:04:34,093  INFO  ============================================================
2026-06-12 13:04:34,093  INFO  OPTIONS SCAN — checking for BOOF 31 v2 setups...
2026-06-12 13:04:37,173  INFO  No BOOF 31 v2 setups found for options
2026-06-12 13:04:42,319  INFO  ============================================================
2026-06-12 13:04:42,320  INFO  OPTIONS SCAN — checking for BOOF 31 v2 setups...
2026-06-12 13:04:45,273  INFO  No BOOF 31 v2 setups found for options
2026-06-12 13:04:50,333  INFO  ============================================================
2026-06-12 13:04:50,333  INFO  OPTIONS SCAN — checking for BOOF 31 v2 setups...
2026-06-12 13:04:53,050  INFO  No BOOF 31 v2 setups found for options
2026-06-12 13:04:58,121  INFO  ============================================================
2026-06-12 13:04:58,121  INFO  OPTIONS SCAN — checking for BOOF 31 v2 setups...
2026-06-12 13:05:00,868  INFO  No BOOF 31 v2 setups found for options
2026-06-12 13:05:05,927  INFO  ============================================================
2026-06-12 13:05:05,927  INFO  OPTIONS SCAN — checking for BOOF 31 v2 setups...
2026-06-12 13:05:09,189  INFO  No BOOF 31 v2 setups found for options
2026-06-12 13:05:14,253  INFO  ============================================================
2026-06-12 13:05:14,253  INFO  OPTIONS SCAN — checking for BOOF 31 v2 setups...
2026-06-12 13:05:17,069  INFO  No BOOF 31 v2 setups found for options
2026-06-12 13:05:22,139  INFO  ============================================================
2026-06-12 13:05:22,139  INFO  OPTIONS SCAN — checking for BOOF 31 v2 setups...
2026-06-12 13:05:24,879  INFO  No BOOF 31 v2 setups found for options
2026-06-12 13:05:29,946  INFO  ============================================================
2026-06-12 13:05:29,946  INFO  OPTIONS SCAN — checking for BOOF 31 v2 setups...
2026-06-12 13:05:33,415  INFO  No BOOF 31 v2 setups found for options
2026-06-12 13:05:38,474  INFO  ============================================================
2026-06-12 13:05:38,474  INFO  OPTIONS SCAN — checking for BOOF 31 v2 setups...
2026-06-12 13:05:41,854  INFO  No BOOF 31 v2 setups found for options
2026-06-12 13:05:46,915  INFO  ============================================================
2026-06-12 13:05:46,915  INFO  OPTIONS SCAN — checking for BOOF 31 v2 setups...
2026-06-12 13:05:50,267  INFO  No BOOF 31 v2 setups found for options
2026-06-12 13:05:55,328  INFO  ============================================================
2026-06-12 13:05:55,328  INFO  OPTIONS SCAN — checking for BOOF 31 v2 setups...
2026-06-12 13:05:58,413  INFO  No BOOF 31 v2 setups found for options
2026-06-12 13:06:03,483  INFO  ============================================================
2026-06-12 13:06:03,483  INFO  OPTIONS SCAN — checking for BOOF 31 v2 setups...
2026-06-12 13:06:06,724  INFO  No BOOF 31 v2 setups found for options
2026-06-12 13:06:11,784  INFO  ============================================================
2026-06-12 13:06:11,784  INFO  OPTIONS SCAN — checking for BOOF 31 v2 setups...
2026-06-12 13:06:14,746  INFO  No BOOF 31 v2 setups found for options
2026-06-12 13:06:19,809  INFO  ============================================================
2026-06-12 13:06:19,810  INFO  OPTIONS SCAN — checking for BOOF 31 v2 setups...
2026-06-12 13:06:22,757  INFO  No BOOF 31 v2 setups found for options
2026-06-12 13:06:28,200  INFO  ============================================================
2026-06-12 13:06:28,200  INFO  OPTIONS SCAN — checking for BOOF 31 v2 setups...
2026-06-12 13:06:31,787  INFO  No BOOF 31 v2 setups found for options
2026-06-12 13:06:36,850  INFO  ============================================================
2026-06-12 13:06:36,851  INFO  OPTIONS SCAN — checking for BOOF 31 v2 setups...
2026-06-12 13:06:40,119  INFO  No BOOF 31 v2 setups found for options
2026-06-12 13:06:45,181  INFO  ============================================================
2026-06-12 13:06:45,182  INFO  OPTIONS SCAN — checking for BOOF 31 v2 setups...
2026-06-12 13:06:48,410  INFO  No BOOF 31 v2 setups found for options
2026-06-12 13:06:53,476  INFO  ============================================================
2026-06-12 13:06:53,477  INFO  OPTIONS SCAN — checking for BOOF 31 v2 setups...
2026-06-12 13:06:56,571  INFO  No BOOF 31 v2 setups found for options
2026-06-12 13:07:01,627  INFO  ============================================================
2026-06-12 13:07:01,628  INFO  OPTIONS SCAN — checking for BOOF 31 v2 setups...
2026-06-12 13:07:04,694  INFO  No BOOF 31 v2 setups found for options
2026-06-12 13:07:09,759  INFO  ============================================================
2026-06-12 13:07:09,759  INFO  OPTIONS SCAN — checking for BOOF 31 v2 setups...
2026-06-12 13:07:12,851  INFO  No BOOF 31 v2 setups found for options
2026-06-12 13:07:17,920  INFO  ============================================================
2026-06-12 13:07:17,920  INFO  OPTIONS SCAN — checking for BOOF 31 v2 setups...
2026-06-12 13:07:20,769  INFO  No BOOF 31 v2 setups found for options
2026-06-12 13:07:25,841  INFO  ============================================================
2026-06-12 13:07:25,841  INFO  OPTIONS SCAN — checking for BOOF 31 v2 setups...
2026-06-12 13:07:29,460  INFO  No BOOF 31 v2 setups found for options
2026-06-12 13:07:34,526  INFO  ============================================================
2026-06-12 13:07:34,526  INFO  OPTIONS SCAN — checking for BOOF 31 v2 setups...
2026-06-12 13:07:37,774  INFO  No BOOF 31 v2 setups found for options
2026-06-12 13:07:42,837  INFO  ============================================================
2026-06-12 13:07:42,837  INFO  OPTIONS SCAN — checking for BOOF 31 v2 setups...
2026-06-12 13:07:45,972  INFO  No BOOF 31 v2 setups found for options
2026-06-12 13:07:51,049  INFO  ============================================================
2026-06-12 13:07:51,050  INFO  OPTIONS SCAN — checking for BOOF 31 v2 setups...
2026-06-12 13:07:53,578  INFO  No BOOF 31 v2 setups found for options
2026-06-12 13:07:58,640  INFO  ============================================================
2026-06-12 13:07:58,640  INFO  OPTIONS SCAN — checking for BOOF 31 v2 setups...
2026-06-12 13:08:01,391  INFO  No BOOF 31 v2 setups found for options
2026-06-12 13:08:06,461  INFO  ============================================================
2026-06-12 13:08:06,461  INFO  OPTIONS SCAN — checking for BOOF 31 v2 setups...
2026-06-12 13:08:09,031  INFO  No BOOF 31 v2 setups found for options
2026-06-12 13:08:14,103  INFO  ============================================================
2026-06-12 13:08:14,103  INFO  OPTIONS SCAN — checking for BOOF 31 v2 setups...
2026-06-12 13:08:16,615  INFO  No BOOF 31 v2 setups found for options
2026-06-12 13:08:21,681  INFO  ============================================================
2026-06-12 13:08:21,681  INFO  OPTIONS SCAN — checking for BOOF 31 v2 setups...
2026-06-12 13:08:23,992  INFO  No BOOF 31 v2 setups found for options
2026-06-12 13:08:29,060  INFO  ============================================================
2026-06-12 13:08:29,060  INFO  OPTIONS SCAN — checking for BOOF 31 v2 setups...
2026-06-12 13:08:31,521  INFO  No BOOF 31 v2 setups found for options
2026-06-12 13:08:36,588  INFO  ============================================================
2026-06-12 13:08:36,588  INFO  OPTIONS SCAN — checking for BOOF 31 v2 setups...
2026-06-12 13:08:38,990  INFO  No BOOF 31 v2 setups found for options
2026-06-12 13:08:44,080  INFO  ============================================================
2026-06-12 13:08:44,080  INFO  OPTIONS SCAN — checking for BOOF 31 v2 setups...
2026-06-12 13:08:46,597  INFO  No BOOF 31 v2 setups found for options
2026-06-12 13:08:51,661  INFO  ============================================================
2026-06-12 13:08:51,661  INFO  OPTIONS SCAN — checking for BOOF 31 v2 setups...
2026-06-12 13:08:53,886  INFO  No BOOF 31 v2 setups found for options
2026-06-12 13:08:58,952  INFO  ============================================================
2026-06-12 13:08:58,952  INFO  OPTIONS SCAN — checking for BOOF 31 v2 setups...
2026-06-12 13:09:01,129  INFO  No BOOF 31 v2 setups found for options
2026-06-12 13:09:06,201  INFO  ============================================================
2026-06-12 13:09:06,202  INFO  OPTIONS SCAN — checking for BOOF 31 v2 setups...
2026-06-12 13:09:08,495  INFO  No BOOF 31 v2 setups found for options
2026-06-12 13:09:13,561  INFO  ============================================================
2026-06-12 13:09:13,562  INFO  OPTIONS SCAN — checking for BOOF 31 v2 setups...
2026-06-12 13:09:15,507  INFO  No BOOF 31 v2 setups found for options
2026-06-12 13:09:20,566  INFO  ============================================================
2026-06-12 13:09:20,566  INFO  OPTIONS SCAN — checking for BOOF 31 v2 setups...
2026-06-12 13:09:22,673  INFO  No BOOF 31 v2 setups found for options
2026-06-12 13:09:27,741  INFO  ============================================================
2026-06-12 13:09:27,742  INFO  OPTIONS SCAN — checking for BOOF 31 v2 setups...
2026-06-12 13:09:30,256  INFO  No BOOF 31 v2 setups found for options
2026-06-12 13:09:35,324  INFO  ============================================================
2026-06-12 13:09:35,324  INFO  OPTIONS SCAN — checking for BOOF 31 v2 setups...
2026-06-12 13:09:38,156  INFO  No BOOF 31 v2 setups found for options
2026-06-12 13:09:43,226  INFO  ============================================================
2026-06-12 13:09:43,226  INFO  OPTIONS SCAN — checking for BOOF 31 v2 setups...
2026-06-12 13:09:45,643  INFO  No BOOF 31 v2 setups found for options
2026-06-12 13:09:50,700  INFO  ============================================================
2026-06-12 13:09:50,701  INFO  OPTIONS SCAN — checking for BOOF 31 v2 setups...
2026-06-12 13:09:53,145  INFO  No BOOF 31 v2 setups found for options
2026-06-12 13:09:58,214  INFO  ============================================================
2026-06-12 13:09:58,214  INFO  OPTIONS SCAN — checking for BOOF 31 v2 setups...
2026-06-12 13:10:00,498  INFO  No BOOF 31 v2 setups found for options
2026-06-12 13:10:05,565  INFO  ============================================================
2026-06-12 13:10:05,566  INFO  OPTIONS SCAN — checking for BOOF 31 v2 setups...
2026-06-12 13:10:07,845  INFO  No BOOF 31 v2 setups found for options
2026-06-12 13:10:12,909  INFO  ============================================================
2026-06-12 13:10:12,910  INFO  OPTIONS SCAN — checking for BOOF 31 v2 setups...
2026-06-12 13:10:15,102  INFO  No BOOF 31 v2 setups found for options
2026-06-12 13:10:20,245  INFO  ============================================================
2026-06-12 13:10:20,246  INFO  OPTIONS SCAN — checking for BOOF 31 v2 setups...
2026-06-12 13:10:22,331  INFO  No BOOF 31 v2 setups found for options
2026-06-12 13:10:27,406  INFO  ============================================================
2026-06-12 13:10:27,406  INFO  OPTIONS SCAN — checking for BOOF 31 v2 setups...
2026-06-12 13:10:29,876  INFO  No BOOF 31 v2 setups found for options
2026-06-12 13:10:34,949  INFO  ============================================================
2026-06-12 13:10:34,949  INFO  OPTIONS SCAN — checking for BOOF 31 v2 setups...
2026-06-12 13:10:37,062  INFO  No BOOF 31 v2 setups found for options
2026-06-12 13:10:42,135  INFO  ============================================================
2026-06-12 13:10:42,135  INFO  OPTIONS SCAN — checking for BOOF 31 v2 setups...
2026-06-12 13:10:44,197  INFO  No BOOF 31 v2 setups found for options
2026-06-12 13:10:49,251  INFO  ============================================================
2026-06-12 13:10:49,251  INFO  OPTIONS SCAN — checking for BOOF 31 v2 setups...
2026-06-12 13:10:51,318  INFO  No BOOF 31 v2 setups found for options
2026-06-12 13:10:56,381  INFO  ============================================================
2026-06-12 13:10:56,382  INFO  OPTIONS SCAN — checking for BOOF 31 v2 setups...
2026-06-12 13:10:58,349  INFO  No BOOF 31 v2 setups found for options
2026-06-12 13:11:03,424  INFO  ============================================================
2026-06-12 13:11:03,424  INFO  OPTIONS SCAN — checking for BOOF 31 v2 setups...
2026-06-12 13:11:05,485  INFO  No BOOF 31 v2 setups found for options
2026-06-12 13:11:10,550  INFO  ============================================================
2026-06-12 13:11:10,550  INFO  OPTIONS SCAN — checking for BOOF 31 v2 setups...
2026-06-12 13:11:12,450  INFO  No BOOF 31 v2 setups found for options
2026-06-12 13:11:17,520  INFO  ============================================================
2026-06-12 13:11:17,521  INFO  OPTIONS SCAN — checking for BOOF 31 v2 setups...
2026-06-12 13:11:19,501  INFO  No BOOF 31 v2 setups found for options
2026-06-12 13:11:24,574  INFO  ============================================================
2026-06-12 13:11:24,574  INFO  OPTIONS SCAN — checking for BOOF 31 v2 setups...
2026-06-12 13:11:26,945  INFO  No BOOF 31 v2 setups found for options
2026-06-12 13:11:32,012  INFO  ============================================================
2026-06-12 13:11:32,012  INFO  OPTIONS SCAN — checking for BOOF 31 v2 setups...
2026-06-12 13:11:34,614  INFO  No BOOF 31 v2 setups found for options
2026-06-12 13:11:39,686  INFO  ============================================================
2026-06-12 13:11:39,686  INFO  OPTIONS SCAN — checking for BOOF 31 v2 setups...
2026-06-12 13:11:42,392  INFO  No BOOF 31 v2 setups found for options
2026-06-12 13:11:47,464  INFO  ============================================================
2026-06-12 13:11:47,464  INFO  OPTIONS SCAN — checking for BOOF 31 v2 setups...
2026-06-12 13:11:50,138  INFO  No BOOF 31 v2 setups found for options
2026-06-12 13:11:55,202  INFO  ============================================================
2026-06-12 13:11:55,202  INFO  OPTIONS SCAN — checking for BOOF 31 v2 setups...
2026-06-12 13:11:57,550  INFO  No BOOF 31 v2 setups found for options
2026-06-12 13:12:02,624  INFO  ============================================================
2026-06-12 13:12:02,624  INFO  OPTIONS SCAN — checking for BOOF 31 v2 setups...
2026-06-12 13:12:04,850  INFO  No BOOF 31 v2 setups found for options
2026-06-12 13:12:09,919  INFO  ============================================================
2026-06-12 13:12:09,920  INFO  OPTIONS SCAN — checking for BOOF 31 v2 setups...
2026-06-12 13:12:12,069  INFO  No BOOF 31 v2 setups found for options
2026-06-12 13:12:17,133  INFO  ============================================================
2026-06-12 13:12:17,133  INFO  OPTIONS SCAN — checking for BOOF 31 v2 setups...
2026-06-12 13:12:19,132  INFO  No BOOF 31 v2 setups found for options
2026-06-12 13:12:24,201  INFO  ============================================================
2026-06-12 13:12:24,201  INFO  OPTIONS SCAN — checking for BOOF 31 v2 setups...
2026-06-12 13:12:26,174  INFO  No BOOF 31 v2 setups found for options
2026-06-12 13:12:31,236  INFO  ============================================================
2026-06-12 13:12:31,236  INFO  OPTIONS SCAN — checking for BOOF 31 v2 setups...
2026-06-12 13:12:33,176  INFO  No BOOF 31 v2 setups found for options
2026-06-12 13:12:38,238  INFO  ============================================================
2026-06-12 13:12:38,238  INFO  OPTIONS SCAN — checking for BOOF 31 v2 setups...
2026-06-12 13:12:40,622  INFO  No BOOF 31 v2 setups found for options
2026-06-12 13:12:45,686  INFO  ============================================================
2026-06-12 13:12:45,686  INFO  OPTIONS SCAN — checking for BOOF 31 v2 setups...
2026-06-12 13:12:47,888  INFO  No BOOF 31 v2 setups found for options
2026-06-12 13:12:52,954  INFO  ============================================================
2026-06-12 13:12:52,954  INFO  OPTIONS SCAN — checking for BOOF 31 v2 setups...
2026-06-12 13:12:55,194  INFO  No BOOF 31 v2 setups found for options
2026-06-12 13:13:00,261  INFO  ============================================================
2026-06-12 13:13:00,261  INFO  OPTIONS SCAN — checking for BOOF 31 v2 setups...
2026-06-12 13:13:02,431  INFO  No BOOF 31 v2 setups found for options
2026-06-12 13:13:07,490  INFO  ============================================================
2026-06-12 13:13:07,490  INFO  OPTIONS SCAN — checking for BOOF 31 v2 setups...
2026-06-12 13:13:09,587  INFO  No BOOF 31 v2 setups found for options
2026-06-12 13:13:14,647  INFO  ============================================================
2026-06-12 13:13:14,647  INFO  OPTIONS SCAN — checking for BOOF 31 v2 setups...
2026-06-12 13:13:16,779  INFO  No BOOF 31 v2 setups found for options
2026-06-12 13:13:21,845  INFO  ============================================================
2026-06-12 13:13:21,845  INFO  OPTIONS SCAN — checking for BOOF 31 v2 setups...
2026-06-12 13:13:23,748  INFO  No BOOF 31 v2 setups found for options
2026-06-12 13:13:28,812  INFO  ============================================================
2026-06-12 13:13:28,812  INFO  OPTIONS SCAN — checking for BOOF 31 v2 setups...
2026-06-12 13:13:30,784  INFO  No BOOF 31 v2 setups found for options
2026-06-12 13:13:35,846  INFO  ============================================================
2026-06-12 13:13:35,847  INFO  OPTIONS SCAN — checking for BOOF 31 v2 setups...
2026-06-12 13:13:37,643  INFO  No BOOF 31 v2 setups found for options
2026-06-12 13:13:42,703  INFO  ============================================================
2026-06-12 13:13:42,704  INFO  OPTIONS SCAN — checking for BOOF 31 v2 setups...
2026-06-12 13:13:44,555  INFO  No BOOF 31 v2 setups found for options
2026-06-12 13:13:49,613  INFO  ============================================================
2026-06-12 13:13:49,614  INFO  OPTIONS SCAN — checking for BOOF 31 v2 setups...
2026-06-12 13:13:51,446  INFO  No BOOF 31 v2 setups found for options
2026-06-12 13:13:56,512  INFO  ============================================================
2026-06-12 13:13:56,512  INFO  OPTIONS SCAN — checking for BOOF 31 v2 setups...
2026-06-12 13:13:58,397  INFO  No BOOF 31 v2 setups found for options
2026-06-12 13:14:03,492  INFO  ============================================================
2026-06-12 13:14:03,492  INFO  OPTIONS SCAN — checking for BOOF 31 v2 setups...
2026-06-12 13:14:05,557  INFO  No BOOF 31 v2 setups found for options
2026-06-12 13:14:10,629  INFO  ============================================================
2026-06-12 13:14:10,629  INFO  OPTIONS SCAN — checking for BOOF 31 v2 setups...
2026-06-12 13:14:12,601  INFO  No BOOF 31 v2 setups found for options
2026-06-12 13:14:17,659  INFO  ============================================================
2026-06-12 13:14:17,660  INFO  OPTIONS SCAN — checking for BOOF 31 v2 setups...
2026-06-12 13:14:19,616  INFO  No BOOF 31 v2 setups found for options
2026-06-12 13:14:24,682  INFO  ============================================================
2026-06-12 13:14:24,682  INFO  OPTIONS SCAN — checking for BOOF 31 v2 setups...
2026-06-12 13:14:26,923  INFO  No BOOF 31 v2 setups found for options
2026-06-12 13:14:31,989  INFO  ============================================================
2026-06-12 13:14:31,989  INFO  OPTIONS SCAN — checking for BOOF 31 v2 setups...
2026-06-12 13:14:34,229  INFO  No BOOF 31 v2 setups found for options
2026-06-12 13:14:39,294  INFO  ============================================================
2026-06-12 13:14:39,294  INFO  OPTIONS SCAN — checking for BOOF 31 v2 setups...
2026-06-12 13:14:41,443  INFO  No BOOF 31 v2 setups found for options
2026-06-12 13:14:46,512  INFO  ============================================================
2026-06-12 13:14:46,512  INFO  OPTIONS SCAN — checking for BOOF 31 v2 setups...
2026-06-12 13:14:48,698  INFO  No BOOF 31 v2 setups found for options
2026-06-12 13:14:53,761  INFO  ============================================================
2026-06-12 13:14:53,761  INFO  OPTIONS SCAN — checking for BOOF 31 v2 setups...
2026-06-12 13:14:55,838  INFO  No BOOF 31 v2 setups found for options
2026-06-12 13:15:00,920  INFO  ============================================================
2026-06-12 13:15:00,920  INFO  OPTIONS SCAN — checking for BOOF 31 v2 setups...
2026-06-12 13:15:02,885  INFO  No BOOF 31 v2 setups found for options
2026-06-12 13:15:07,963  INFO  ============================================================
2026-06-12 13:15:07,963  INFO  OPTIONS SCAN — checking for BOOF 31 v2 setups...
2026-06-12 13:15:09,989  INFO  No BOOF 31 v2 setups found for options
2026-06-12 13:15:15,052  INFO  ============================================================
2026-06-12 13:15:15,052  INFO  OPTIONS SCAN — checking for BOOF 31 v2 setups...
2026-06-12 13:15:17,092  INFO  No BOOF 31 v2 setups found for options
2026-06-12 13:15:22,150  INFO  ============================================================
2026-06-12 13:15:22,150  INFO  OPTIONS SCAN — checking for BOOF 31 v2 setups...
2026-06-12 13:15:24,364  INFO  No BOOF 31 v2 setups found for options
2026-06-12 13:15:29,418  INFO  ============================================================
2026-06-12 13:15:29,418  INFO  OPTIONS SCAN — checking for BOOF 31 v2 setups...
2026-06-12 13:15:31,517  INFO  No BOOF 31 v2 setups found for options
2026-06-12 13:15:36,586  INFO  ============================================================
2026-06-12 13:15:36,586  INFO  OPTIONS SCAN — checking for BOOF 31 v2 setups...
2026-06-12 13:15:38,541  INFO  No BOOF 31 v2 setups found for options
2026-06-12 13:15:43,610  INFO  ============================================================
2026-06-12 13:15:43,610  INFO  OPTIONS SCAN — checking for BOOF 31 v2 setups...
2026-06-12 13:15:45,746  INFO  No BOOF 31 v2 setups found for options
2026-06-12 13:15:50,803  INFO  ============================================================
2026-06-12 13:15:50,804  INFO  OPTIONS SCAN — checking for BOOF 31 v2 setups...
2026-06-12 13:15:52,993  INFO  No BOOF 31 v2 setups found for options
2026-06-12 13:15:58,071  INFO  ============================================================
2026-06-12 13:15:58,072  INFO  OPTIONS SCAN — checking for BOOF 31 v2 setups...
2026-06-12 13:15:59,994  INFO  No BOOF 31 v2 setups found for options
2026-06-12 13:16:05,056  INFO  ============================================================
2026-06-12 13:16:05,056  INFO  OPTIONS SCAN — checking for BOOF 31 v2 setups...
2026-06-12 13:16:07,087  INFO  No BOOF 31 v2 setups found for options
2026-06-12 13:16:12,157  INFO  ============================================================
2026-06-12 13:16:12,158  INFO  OPTIONS SCAN — checking for BOOF 31 v2 setups...
2026-06-12 13:16:14,063  INFO  No BOOF 31 v2 setups found for options
2026-06-12 13:16:19,122  INFO  ============================================================
2026-06-12 13:16:19,122  INFO  OPTIONS SCAN — checking for BOOF 31 v2 setups...
2026-06-12 13:16:20,894  INFO  No BOOF 31 v2 setups found for options
2026-06-12 13:16:26,006  INFO  ============================================================
2026-06-12 13:16:26,006  INFO  OPTIONS SCAN — checking for BOOF 31 v2 setups...
2026-06-12 13:16:28,361  INFO  No BOOF 31 v2 setups found for options
2026-06-12 13:16:33,420  INFO  ============================================================
2026-06-12 13:16:33,420  INFO  OPTIONS SCAN — checking for BOOF 31 v2 setups...
2026-06-12 13:16:36,450  INFO  No BOOF 31 v2 setups found for options
2026-06-12 13:16:41,514  INFO  ============================================================
2026-06-12 13:16:41,514  INFO  OPTIONS SCAN — checking for BOOF 31 v2 setups...
2026-06-12 13:16:44,443  INFO  No BOOF 31 v2 setups found for options
2026-06-12 13:16:49,500  INFO  ============================================================
2026-06-12 13:16:49,502  INFO  OPTIONS SCAN — checking for BOOF 31 v2 setups...
2026-06-12 13:16:52,204  INFO  No BOOF 31 v2 setups found for options
2026-06-12 13:16:57,263  INFO  ============================================================
2026-06-12 13:16:57,264  INFO  OPTIONS SCAN — checking for BOOF 31 v2 setups...
2026-06-12 13:16:59,715  INFO  No BOOF 31 v2 setups found for options
2026-06-12 13:17:04,779  INFO  ============================================================
2026-06-12 13:17:04,779  INFO  OPTIONS SCAN — checking for BOOF 31 v2 setups...
2026-06-12 13:17:07,219  INFO  No BOOF 31 v2 setups found for options
2026-06-12 13:17:12,309  INFO  ============================================================
2026-06-12 13:17:12,310  INFO  OPTIONS SCAN — checking for BOOF 31 v2 setups...
2026-06-12 13:17:14,884  INFO  No BOOF 31 v2 setups found for options
2026-06-12 13:17:19,957  INFO  ============================================================
2026-06-12 13:17:19,958  INFO  OPTIONS SCAN — checking for BOOF 31 v2 setups...
2026-06-12 13:17:22,330  INFO  No BOOF 31 v2 setups found for options
2026-06-12 13:17:27,392  INFO  ============================================================
2026-06-12 13:17:27,392  INFO  OPTIONS SCAN — checking for BOOF 31 v2 setups...
2026-06-12 13:17:30,250  INFO  No BOOF 31 v2 setups found for options
2026-06-12 13:17:35,315  INFO  ============================================================
2026-06-12 13:17:35,315  INFO  OPTIONS SCAN — checking for BOOF 31 v2 setups...
2026-06-12 13:17:37,897  INFO  No BOOF 31 v2 setups found for options
2026-06-12 13:17:42,965  INFO  ============================================================
2026-06-12 13:17:42,965  INFO  OPTIONS SCAN — checking for BOOF 31 v2 setups...
2026-06-12 13:17:45,420  INFO  No BOOF 31 v2 setups found for options
2026-06-12 13:17:50,479  INFO  ============================================================
2026-06-12 13:17:50,479  INFO  OPTIONS SCAN — checking for BOOF 31 v2 setups...
2026-06-12 13:17:52,904  INFO  No BOOF 31 v2 setups found for options
2026-06-12 13:17:57,965  INFO  ============================================================
2026-06-12 13:17:57,970  INFO  OPTIONS SCAN — checking for BOOF 31 v2 setups...
2026-06-12 13:18:00,793  INFO  No BOOF 31 v2 setups found for options
2026-06-12 13:18:05,864  INFO  ============================================================
2026-06-12 13:18:05,864  INFO  OPTIONS SCAN — checking for BOOF 31 v2 setups...
2026-06-12 13:18:08,006  INFO  No BOOF 31 v2 setups found for options
2026-06-12 13:18:13,069  INFO  ============================================================
2026-06-12 13:18:13,069  INFO  OPTIONS SCAN — checking for BOOF 31 v2 setups...
2026-06-12 13:18:15,174  INFO  No BOOF 31 v2 setups found for options
2026-06-12 13:18:20,239  INFO  ============================================================
2026-06-12 13:18:20,239  INFO  OPTIONS SCAN — checking for BOOF 31 v2 setups...
2026-06-12 13:18:22,241  INFO  No BOOF 31 v2 setups found for options
2026-06-12 13:18:27,309  INFO  ============================================================
2026-06-12 13:18:27,309  INFO  OPTIONS SCAN — checking for BOOF 31 v2 setups...
2026-06-12 13:18:29,452  INFO  No BOOF 31 v2 setups found for options
2026-06-12 13:18:34,520  INFO  ============================================================
2026-06-12 13:18:34,521  INFO  OPTIONS SCAN — checking for BOOF 31 v2 setups...
2026-06-12 13:18:36,478  INFO  No BOOF 31 v2 setups found for options
2026-06-12 13:18:41,538  INFO  ============================================================
2026-06-12 13:18:41,539  INFO  OPTIONS SCAN — checking for BOOF 31 v2 setups...
2026-06-12 13:18:43,758  INFO  No BOOF 31 v2 setups found for options
2026-06-12 13:18:48,820  INFO  ============================================================
2026-06-12 13:18:48,820  INFO  OPTIONS SCAN — checking for BOOF 31 v2 setups...
2026-06-12 13:18:50,971  INFO  No BOOF 31 v2 setups found for options
2026-06-12 13:18:56,040  INFO  ============================================================
2026-06-12 13:18:56,040  INFO  OPTIONS SCAN — checking for BOOF 31 v2 setups...
2026-06-12 13:18:58,232  INFO  No BOOF 31 v2 setups found for options
2026-06-12 13:19:03,293  INFO  ============================================================
2026-06-12 13:19:03,293  INFO  OPTIONS SCAN — checking for BOOF 31 v2 setups...
2026-06-12 13:19:05,264  INFO  No BOOF 31 v2 setups found for options
2026-06-12 13:19:10,328  INFO  ============================================================
2026-06-12 13:19:10,329  INFO  OPTIONS SCAN — checking for BOOF 31 v2 setups...
2026-06-12 13:19:12,242  INFO  No BOOF 31 v2 setups found for options
2026-06-12 13:19:17,304  INFO  ============================================================
2026-06-12 13:19:17,305  INFO  OPTIONS SCAN — checking for BOOF 31 v2 setups...
2026-06-12 13:19:19,407  INFO  No BOOF 31 v2 setups found for options
2026-06-12 13:19:24,467  INFO  ============================================================
2026-06-12 13:19:24,467  INFO  OPTIONS SCAN — checking for BOOF 31 v2 setups...
2026-06-12 13:19:26,751  INFO  No BOOF 31 v2 setups found for options
2026-06-12 13:19:31,821  INFO  ============================================================
2026-06-12 13:19:31,821  INFO  OPTIONS SCAN — checking for BOOF 31 v2 setups...
2026-06-12 13:19:34,231  INFO  No BOOF 31 v2 setups found for options
2026-06-12 13:19:39,292  INFO  ============================================================
2026-06-12 13:19:39,292  INFO  OPTIONS SCAN — checking for BOOF 31 v2 setups...
2026-06-12 13:19:41,647  INFO  No BOOF 31 v2 setups found for options
2026-06-12 13:19:46,709  INFO  ============================================================
2026-06-12 13:19:46,709  INFO  OPTIONS SCAN — checking for BOOF 31 v2 setups...
2026-06-12 13:19:49,014  INFO  No BOOF 31 v2 setups found for options
2026-06-12 13:19:54,080  INFO  ============================================================
2026-06-12 13:19:54,080  INFO  OPTIONS SCAN — checking for BOOF 31 v2 setups...
2026-06-12 13:19:56,120  INFO  No BOOF 31 v2 setups found for options
2026-06-12 13:20:01,305  INFO  ============================================================
2026-06-12 13:20:01,305  INFO  OPTIONS SCAN — checking for BOOF 31 v2 setups...
2026-06-12 13:20:03,397  INFO  No BOOF 31 v2 setups found for options
2026-06-12 13:20:08,457  INFO  ============================================================
2026-06-12 13:20:08,457  INFO  OPTIONS SCAN — checking for BOOF 31 v2 setups...
2026-06-12 13:20:10,395  INFO  No BOOF 31 v2 setups found for options
2026-06-12 13:20:15,478  INFO  ============================================================
2026-06-12 13:20:15,478  INFO  OPTIONS SCAN — checking for BOOF 31 v2 setups...
2026-06-12 13:20:17,438  INFO  No BOOF 31 v2 setups found for options
2026-06-12 13:20:22,509  INFO  ============================================================
2026-06-12 13:20:22,510  INFO  OPTIONS SCAN — checking for BOOF 31 v2 setups...
2026-06-12 13:20:24,513  INFO  No BOOF 31 v2 setups found for options
2026-06-12 13:20:29,575  INFO  ============================================================
2026-06-12 13:20:29,575  INFO  OPTIONS SCAN — checking for BOOF 31 v2 setups...
2026-06-12 13:20:31,662  INFO  No BOOF 31 v2 setups found for options
2026-06-12 13:20:36,727  INFO  ============================================================
2026-06-12 13:20:36,727  INFO  OPTIONS SCAN — checking for BOOF 31 v2 setups...
2026-06-12 13:20:38,737  INFO  No BOOF 31 v2 setups found for options
2026-06-12 13:20:43,803  INFO  ============================================================
2026-06-12 13:20:43,804  INFO  OPTIONS SCAN — checking for BOOF 31 v2 setups...
2026-06-12 13:20:45,663  INFO  No BOOF 31 v2 setups found for options
2026-06-12 13:20:50,723  INFO  ============================================================
2026-06-12 13:20:50,723  INFO  OPTIONS SCAN — checking for BOOF 31 v2 setups...
2026-06-12 13:20:52,734  INFO  No BOOF 31 v2 setups found for options
2026-06-12 13:20:57,791  INFO  ============================================================
2026-06-12 13:20:57,791  INFO  OPTIONS SCAN — checking for BOOF 31 v2 setups...
2026-06-12 13:20:59,786  INFO  No BOOF 31 v2 setups found for options
2026-06-12 13:21:04,849  INFO  ============================================================
2026-06-12 13:21:04,850  INFO  OPTIONS SCAN — checking for BOOF 31 v2 setups...
2026-06-12 13:21:06,892  INFO  No BOOF 31 v2 setups found for options
2026-06-12 13:21:11,956  INFO  ============================================================
2026-06-12 13:21:11,956  INFO  OPTIONS SCAN — checking for BOOF 31 v2 setups...
2026-06-12 13:21:14,074  INFO  No BOOF 31 v2 setups found for options
2026-06-12 13:21:19,142  INFO  ============================================================
2026-06-12 13:21:19,142  INFO  OPTIONS SCAN — checking for BOOF 31 v2 setups...
2026-06-12 13:21:21,298  INFO  No BOOF 31 v2 setups found for options
2026-06-12 13:21:26,442  INFO  ============================================================
2026-06-12 13:21:26,443  INFO  OPTIONS SCAN — checking for BOOF 31 v2 setups...
2026-06-12 13:21:29,502  INFO  No BOOF 31 v2 setups found for options
2026-06-12 13:21:34,561  INFO  ============================================================
2026-06-12 13:21:34,562  INFO  OPTIONS SCAN — checking for BOOF 31 v2 setups...
2026-06-12 13:21:37,292  INFO  No BOOF 31 v2 setups found for options
2026-06-12 13:21:42,366  INFO  ============================================================
2026-06-12 13:21:42,367  INFO  OPTIONS SCAN — checking for BOOF 31 v2 setups...
2026-06-12 13:21:44,858  INFO  No BOOF 31 v2 setups found for options
2026-06-12 13:21:49,917  INFO  ============================================================
2026-06-12 13:21:49,917  INFO  OPTIONS SCAN — checking for BOOF 31 v2 setups...
2026-06-12 13:21:52,374  INFO  No BOOF 31 v2 setups found for options
2026-06-12 13:21:57,432  INFO  ============================================================
2026-06-12 13:21:57,432  INFO  OPTIONS SCAN — checking for BOOF 31 v2 setups...
2026-06-12 13:21:59,690  INFO  No BOOF 31 v2 setups found for options
2026-06-12 13:22:04,765  INFO  ============================================================
2026-06-12 13:22:04,765  INFO  OPTIONS SCAN — checking for BOOF 31 v2 setups...
2026-06-12 13:22:06,982  INFO  No BOOF 31 v2 setups found for options
2026-06-12 13:22:12,052  INFO  ============================================================
2026-06-12 13:22:12,053  INFO  OPTIONS SCAN — checking for BOOF 31 v2 setups...
2026-06-12 13:22:14,010  INFO  No BOOF 31 v2 setups found for options
2026-06-12 13:22:19,077  INFO  ============================================================
2026-06-12 13:22:19,078  INFO  OPTIONS SCAN — checking for BOOF 31 v2 setups...
2026-06-12 13:22:21,143  INFO  No BOOF 31 v2 setups found for options
2026-06-12 13:22:26,296  INFO  ============================================================
2026-06-12 13:22:26,297  INFO  OPTIONS SCAN — checking for BOOF 31 v2 setups...
2026-06-12 13:22:28,441  INFO  No BOOF 31 v2 setups found for options
2026-06-12 13:22:33,497  INFO  ============================================================
2026-06-12 13:22:33,498  INFO  OPTIONS SCAN — checking for BOOF 31 v2 setups...
2026-06-12 13:22:35,445  INFO  No BOOF 31 v2 setups found for options
2026-06-12 13:22:40,505  INFO  ============================================================
2026-06-12 13:22:40,505  INFO  OPTIONS SCAN — checking for BOOF 31 v2 setups...
2026-06-12 13:22:42,449  INFO  No BOOF 31 v2 setups found for options
2026-06-12 13:22:47,516  INFO  ============================================================
2026-06-12 13:22:47,522  INFO  OPTIONS SCAN — checking for BOOF 31 v2 setups...
2026-06-12 13:22:49,640  INFO  No BOOF 31 v2 setups found for options
2026-06-12 13:22:54,707  INFO  ============================================================
2026-06-12 13:22:54,707  INFO  OPTIONS SCAN — checking for BOOF 31 v2 setups...
2026-06-12 13:22:56,675  INFO  No BOOF 31 v2 setups found for options
2026-06-12 13:23:01,736  INFO  ============================================================
2026-06-12 13:23:01,737  INFO  OPTIONS SCAN — checking for BOOF 31 v2 setups...
2026-06-12 13:23:04,091  INFO  No BOOF 31 v2 setups found for options
2026-06-12 13:23:09,170  INFO  ============================================================
2026-06-12 13:23:09,170  INFO  OPTIONS SCAN — checking for BOOF 31 v2 setups...
2026-06-12 13:23:11,324  INFO  No BOOF 31 v2 setups found for options
2026-06-12 13:23:16,389  INFO  ============================================================
2026-06-12 13:23:16,389  INFO  OPTIONS SCAN — checking for BOOF 31 v2 setups...
2026-06-12 13:23:18,434  INFO  No BOOF 31 v2 setups found for options
2026-06-12 13:23:23,493  INFO  ============================================================
2026-06-12 13:23:23,493  INFO  OPTIONS SCAN — checking for BOOF 31 v2 setups...
2026-06-12 13:23:25,557  INFO  No BOOF 31 v2 setups found for options
2026-06-12 13:23:30,622  INFO  ============================================================
2026-06-12 13:23:30,622  INFO  OPTIONS SCAN — checking for BOOF 31 v2 setups...
2026-06-12 13:23:32,542  INFO  No BOOF 31 v2 setups found for options
2026-06-12 13:23:37,597  INFO  ============================================================
2026-06-12 13:23:37,598  INFO  OPTIONS SCAN — checking for BOOF 31 v2 setups...
2026-06-12 13:23:39,613  INFO  No BOOF 31 v2 setups found for options
2026-06-12 13:23:44,677  INFO  ============================================================
2026-06-12 13:23:44,677  INFO  OPTIONS SCAN — checking for BOOF 31 v2 setups...
2026-06-12 13:23:46,715  INFO  No BOOF 31 v2 setups found for options
2026-06-12 13:23:51,785  INFO  ============================================================
2026-06-12 13:23:51,786  INFO  OPTIONS SCAN — checking for BOOF 31 v2 setups...
2026-06-12 13:23:53,751  INFO  No BOOF 31 v2 setups found for options
2026-06-12 13:23:58,850  INFO  ============================================================
2026-06-12 13:23:58,850  INFO  OPTIONS SCAN — checking for BOOF 31 v2 setups...
2026-06-12 13:24:00,848  INFO  No BOOF 31 v2 setups found for options
2026-06-12 13:24:05,960  INFO  ============================================================
2026-06-12 13:24:05,963  INFO  OPTIONS SCAN — checking for BOOF 31 v2 setups...
2026-06-12 13:24:07,875  INFO  No BOOF 31 v2 setups found for options
2026-06-12 13:24:12,930  INFO  ============================================================
2026-06-12 13:24:12,930  INFO  OPTIONS SCAN — checking for BOOF 31 v2 setups...
2026-06-12 13:24:14,768  INFO  No BOOF 31 v2 setups found for options
2026-06-12 13:24:19,834  INFO  ============================================================
2026-06-12 13:24:19,834  INFO  OPTIONS SCAN — checking for BOOF 31 v2 setups...
2026-06-12 13:24:21,788  INFO  No BOOF 31 v2 setups found for options
2026-06-12 13:24:26,875  INFO  ============================================================
2026-06-12 13:24:26,875  INFO  OPTIONS SCAN — checking for BOOF 31 v2 setups...
2026-06-12 13:24:28,814  INFO  No BOOF 31 v2 setups found for options
2026-06-12 13:24:33,889  INFO  ============================================================
2026-06-12 13:24:33,889  INFO  OPTIONS SCAN — checking for BOOF 31 v2 setups...
2026-06-12 13:24:35,857  INFO  No BOOF 31 v2 setups found for options
2026-06-12 13:24:40,922  INFO  ============================================================
2026-06-12 13:24:40,922  INFO  OPTIONS SCAN — checking for BOOF 31 v2 setups...
2026-06-12 13:24:42,797  INFO  No BOOF 31 v2 setups found for options
2026-06-12 13:24:47,854  INFO  ============================================================
2026-06-12 13:24:47,856  INFO  OPTIONS SCAN — checking for BOOF 31 v2 setups...
2026-06-12 13:24:49,961  INFO  No BOOF 31 v2 setups found for options
2026-06-12 13:24:55,026  INFO  ============================================================
2026-06-12 13:24:55,026  INFO  OPTIONS SCAN — checking for BOOF 31 v2 setups...
2026-06-12 13:24:57,007  INFO  No BOOF 31 v2 setups found for options
2026-06-12 13:25:02,080  INFO  ============================================================
2026-06-12 13:25:02,081  INFO  OPTIONS SCAN — checking for BOOF 31 v2 setups...
2026-06-12 13:25:03,966  INFO  No BOOF 31 v2 setups found for options
2026-06-12 13:25:09,028  INFO  ============================================================
2026-06-12 13:25:09,028  INFO  OPTIONS SCAN — checking for BOOF 31 v2 setups...
2026-06-12 13:25:10,901  INFO  No BOOF 31 v2 setups found for options
2026-06-12 13:25:15,966  INFO  ============================================================
2026-06-12 13:25:15,966  INFO  OPTIONS SCAN — checking for BOOF 31 v2 setups...
2026-06-12 13:25:18,108  INFO  No BOOF 31 v2 setups found for options
2026-06-12 13:25:23,171  INFO  ============================================================
2026-06-12 13:25:23,171  INFO  OPTIONS SCAN — checking for BOOF 31 v2 setups...
2026-06-12 13:25:25,185  INFO  No BOOF 31 v2 setups found for options
2026-06-12 13:25:30,258  INFO  ============================================================
2026-06-12 13:25:30,258  INFO  OPTIONS SCAN — checking for BOOF 31 v2 setups...
2026-06-12 13:25:32,367  INFO  No BOOF 31 v2 setups found for options
2026-06-12 13:25:37,428  INFO  ============================================================
2026-06-12 13:25:37,428  INFO  OPTIONS SCAN — checking for BOOF 31 v2 setups...
2026-06-12 13:25:39,456  INFO  No BOOF 31 v2 setups found for options
2026-06-12 13:25:44,517  INFO  ============================================================
2026-06-12 13:25:44,517  INFO  OPTIONS SCAN — checking for BOOF 31 v2 setups...
2026-06-12 13:25:46,444  INFO  No BOOF 31 v2 setups found for options
2026-06-12 13:25:51,511  INFO  ============================================================
2026-06-12 13:25:51,512  INFO  OPTIONS SCAN — checking for BOOF 31 v2 setups...
2026-06-12 13:25:53,522  INFO  No BOOF 31 v2 setups found for options
2026-06-12 13:25:58,580  INFO  ============================================================
2026-06-12 13:25:58,581  INFO  OPTIONS SCAN — checking for BOOF 31 v2 setups...
2026-06-12 13:26:00,687  INFO  No BOOF 31 v2 setups found for options
2026-06-12 13:26:05,746  INFO  ============================================================
2026-06-12 13:26:05,747  INFO  OPTIONS SCAN — checking for BOOF 31 v2 setups...
2026-06-12 13:26:07,810  INFO  No BOOF 31 v2 setups found for options
2026-06-12 13:26:12,871  INFO  ============================================================
2026-06-12 13:26:12,872  INFO  OPTIONS SCAN — checking for BOOF 31 v2 setups...
2026-06-12 13:26:14,979  INFO  No BOOF 31 v2 setups found for options
2026-06-12 13:26:20,046  INFO  ============================================================
2026-06-12 13:26:20,046  INFO  OPTIONS SCAN — checking for BOOF 31 v2 setups...
2026-06-12 13:26:22,081  INFO  No BOOF 31 v2 setups found for options
2026-06-12 13:26:27,142  INFO  ============================================================
2026-06-12 13:26:27,142  INFO  OPTIONS SCAN — checking for BOOF 31 v2 setups...
2026-06-12 13:26:29,792  INFO  No BOOF 31 v2 setups found for options
2026-06-12 13:26:34,854  INFO  ============================================================
2026-06-12 13:26:34,854  INFO  OPTIONS SCAN — checking for BOOF 31 v2 setups...
2026-06-12 13:26:37,358  INFO  No BOOF 31 v2 setups found for options
2026-06-12 13:26:42,423  INFO  ============================================================
2026-06-12 13:26:42,423  INFO  OPTIONS SCAN — checking for BOOF 31 v2 setups...
2026-06-12 13:26:44,984  INFO  No BOOF 31 v2 setups found for options
2026-06-12 13:26:50,043  INFO  ============================================================
2026-06-12 13:26:50,043  INFO  OPTIONS SCAN — checking for BOOF 31 v2 setups...
2026-06-12 13:26:52,409  INFO  No BOOF 31 v2 setups found for options
2026-06-12 13:26:57,477  INFO  ============================================================
2026-06-12 13:26:57,477  INFO  OPTIONS SCAN — checking for BOOF 31 v2 setups...
2026-06-12 13:26:59,890  INFO  No BOOF 31 v2 setups found for options
2026-06-12 13:27:04,956  INFO  ============================================================
2026-06-12 13:27:04,956  INFO  OPTIONS SCAN — checking for BOOF 31 v2 setups...
2026-06-12 13:27:07,421  INFO  No BOOF 31 v2 setups found for options
2026-06-12 13:27:12,488  INFO  ============================================================
2026-06-12 13:27:12,488  INFO  OPTIONS SCAN — checking for BOOF 31 v2 setups...
2026-06-12 13:27:15,040  INFO  No BOOF 31 v2 setups found for options
2026-06-12 13:27:20,101  INFO  ============================================================
2026-06-12 13:27:20,101  INFO  OPTIONS SCAN — checking for BOOF 31 v2 setups...
2026-06-12 13:27:22,471  INFO  No BOOF 31 v2 setups found for options
2026-06-12 13:27:27,531  INFO  ============================================================
2026-06-12 13:27:27,531  INFO  OPTIONS SCAN — checking for BOOF 31 v2 setups...
2026-06-12 13:27:30,552  INFO  No BOOF 31 v2 setups found for options
2026-06-12 13:27:35,609  INFO  ============================================================
2026-06-12 13:27:35,609  INFO  OPTIONS SCAN — checking for BOOF 31 v2 setups...
2026-06-12 13:27:38,539  INFO  No BOOF 31 v2 setups found for options
2026-06-12 13:27:43,605  INFO  ============================================================
2026-06-12 13:27:43,605  INFO  OPTIONS SCAN — checking for BOOF 31 v2 setups...
2026-06-12 13:27:46,195  INFO  No BOOF 31 v2 setups found for options
2026-06-12 13:27:51,256  INFO  ============================================================
2026-06-12 13:27:51,256  INFO  OPTIONS SCAN — checking for BOOF 31 v2 setups...
2026-06-12 13:27:53,784  INFO  No BOOF 31 v2 setups found for options
2026-06-12 13:27:58,849  INFO  ============================================================
2026-06-12 13:27:58,850  INFO  OPTIONS SCAN — checking for BOOF 31 v2 setups...
2026-06-12 13:28:01,548  INFO  No BOOF 31 v2 setups found for options
2026-06-12 13:28:06,617  INFO  ============================================================
2026-06-12 13:28:06,618  INFO  OPTIONS SCAN — checking for BOOF 31 v2 setups...
2026-06-12 13:28:09,126  INFO  No BOOF 31 v2 setups found for options
2026-06-12 13:28:14,188  INFO  ============================================================
2026-06-12 13:28:14,188  INFO  OPTIONS SCAN — checking for BOOF 31 v2 setups...
2026-06-12 13:28:16,807  INFO  No BOOF 31 v2 setups found for options
2026-06-12 13:28:21,874  INFO  ============================================================
2026-06-12 13:28:21,874  INFO  OPTIONS SCAN — checking for BOOF 31 v2 setups...
2026-06-12 13:28:24,587  INFO  No BOOF 31 v2 setups found for options
2026-06-12 13:28:29,643  INFO  ============================================================
2026-06-12 13:28:29,643  INFO  OPTIONS SCAN — checking for BOOF 31 v2 setups...
2026-06-12 13:28:32,421  INFO  No BOOF 31 v2 setups found for options
2026-06-12 13:28:37,479  INFO  ============================================================
2026-06-12 13:28:37,480  INFO  OPTIONS SCAN — checking for BOOF 31 v2 setups...
2026-06-12 13:28:39,817  INFO  No BOOF 31 v2 setups found for options
2026-06-12 13:28:44,877  INFO  ============================================================
2026-06-12 13:28:44,877  INFO  OPTIONS SCAN — checking for BOOF 31 v2 setups...
2026-06-12 13:28:47,156  INFO  No BOOF 31 v2 setups found for options
2026-06-12 13:28:52,215  INFO  ============================================================
2026-06-12 13:28:52,215  INFO  OPTIONS SCAN — checking for BOOF 31 v2 setups...
2026-06-12 13:28:54,547  INFO  No BOOF 31 v2 setups found for options
2026-06-12 13:28:59,604  INFO  ============================================================
2026-06-12 13:28:59,604  INFO  OPTIONS SCAN — checking for BOOF 31 v2 setups...
2026-06-12 13:29:02,000  INFO  No BOOF 31 v2 setups found for options
2026-06-12 13:29:07,062  INFO  ============================================================
2026-06-12 13:29:07,062  INFO  OPTIONS SCAN — checking for BOOF 31 v2 setups...
2026-06-12 13:29:09,459  INFO  No BOOF 31 v2 setups found for options
2026-06-12 13:29:14,518  INFO  ============================================================
2026-06-12 13:29:14,518  INFO  OPTIONS SCAN — checking for BOOF 31 v2 setups...
2026-06-12 13:29:17,067  INFO  No BOOF 31 v2 setups found for options
2026-06-12 13:29:22,132  INFO  ============================================================
2026-06-12 13:29:22,132  INFO  OPTIONS SCAN — checking for BOOF 31 v2 setups...
2026-06-12 13:29:24,591  INFO  No BOOF 31 v2 setups found for options
2026-06-12 13:29:29,663  INFO  ============================================================
2026-06-12 13:29:29,664  INFO  OPTIONS SCAN — checking for BOOF 31 v2 setups...
2026-06-12 13:29:32,098  INFO  No BOOF 31 v2 setups found for options
2026-06-12 13:29:37,164  INFO  ============================================================
2026-06-12 13:29:37,164  INFO  OPTIONS SCAN — checking for BOOF 31 v2 setups...
2026-06-12 13:29:39,505  INFO  No BOOF 31 v2 setups found for options
2026-06-12 13:29:44,588  INFO  ============================================================
2026-06-12 13:29:44,588  INFO  OPTIONS SCAN — checking for BOOF 31 v2 setups...
2026-06-12 13:29:47,041  INFO  No BOOF 31 v2 setups found for options
2026-06-12 13:29:52,102  INFO  ============================================================
2026-06-12 13:29:52,102  INFO  OPTIONS SCAN — checking for BOOF 31 v2 setups...
2026-06-12 13:29:54,135  INFO  No BOOF 31 v2 setups found for options
2026-06-12 13:29:59,199  INFO  ============================================================
2026-06-12 13:29:59,199  INFO  OPTIONS SCAN — checking for BOOF 31 v2 setups...
2026-06-12 13:30:01,528  INFO  No BOOF 31 v2 setups found for options
2026-06-12 13:30:06,587  INFO  ============================================================
2026-06-12 13:30:06,587  INFO  OPTIONS SCAN — checking for BOOF 31 v2 setups...
2026-06-12 13:30:08,636  INFO  No BOOF 31 v2 setups found for options
2026-06-12 13:30:13,698  INFO  ============================================================
2026-06-12 13:30:13,698  INFO  OPTIONS SCAN — checking for BOOF 31 v2 setups...
2026-06-12 13:30:15,566  INFO  No BOOF 31 v2 setups found for options
2026-06-12 13:30:20,636  INFO  ============================================================
2026-06-12 13:30:20,636  INFO  OPTIONS SCAN — checking for BOOF 31 v2 setups...
2026-06-12 13:30:22,682  INFO  No BOOF 31 v2 setups found for options
2026-06-12 13:30:27,742  INFO  ============================================================
2026-06-12 13:30:27,742  INFO  OPTIONS SCAN — checking for BOOF 31 v2 setups...
2026-06-12 13:30:34,507  INFO  No BOOF 31 v2 setups found for options
2026-06-12 13:30:39,568  INFO  ============================================================
2026-06-12 13:30:39,568  INFO  OPTIONS SCAN — checking for BOOF 31 v2 setups...
2026-06-12 13:30:41,856  INFO  No BOOF 31 v2 setups found for options
2026-06-12 13:30:46,918  INFO  ============================================================
2026-06-12 13:30:46,918  INFO  OPTIONS SCAN — checking for BOOF 31 v2 setups...
2026-06-12 13:30:49,037  INFO  No BOOF 31 v2 setups found for options
2026-06-12 13:30:54,101  INFO  ============================================================
2026-06-12 13:30:54,102  INFO  OPTIONS SCAN — checking for BOOF 31 v2 setups...
2026-06-12 13:30:56,116  INFO  No BOOF 31 v2 setups found for options
2026-06-12 13:31:01,176  INFO  ============================================================
2026-06-12 13:31:01,176  INFO  OPTIONS SCAN — checking for BOOF 31 v2 setups...
2026-06-12 13:31:03,271  INFO  No BOOF 31 v2 setups found for options
2026-06-12 13:31:08,336  INFO  ============================================================
2026-06-12 13:31:08,336  INFO  OPTIONS SCAN — checking for BOOF 31 v2 setups...
2026-06-12 13:31:10,430  INFO  No BOOF 31 v2 setups found for options
2026-06-12 13:31:15,509  INFO  ============================================================
2026-06-12 13:31:15,509  INFO  OPTIONS SCAN — checking for BOOF 31 v2 setups...
2026-06-12 13:31:17,735  INFO  No BOOF 31 v2 setups found for options
2026-06-12 13:31:22,795  INFO  ============================================================
2026-06-12 13:31:22,795  INFO  OPTIONS SCAN — checking for BOOF 31 v2 setups...
2026-06-12 13:31:24,994  INFO  No BOOF 31 v2 setups found for options
2026-06-12 13:31:30,063  INFO  ============================================================
2026-06-12 13:31:30,064  INFO  OPTIONS SCAN — checking for BOOF 31 v2 setups...
2026-06-12 13:31:33,860  INFO  No BOOF 31 v2 setups found for options
2026-06-12 13:31:38,928  INFO  ============================================================
2026-06-12 13:31:38,929  INFO  OPTIONS SCAN — checking for BOOF 31 v2 setups...
2026-06-12 13:31:42,750  INFO  No BOOF 31 v2 setups found for options
2026-06-12 13:31:47,808  INFO  ============================================================
2026-06-12 13:31:47,808  INFO  OPTIONS SCAN — checking for BOOF 31 v2 setups...
2026-06-12 13:31:51,388  INFO  No BOOF 31 v2 setups found for options
2026-06-12 13:31:56,446  INFO  ============================================================
2026-06-12 13:31:56,447  INFO  OPTIONS SCAN — checking for BOOF 31 v2 setups...
2026-06-12 13:31:59,663  INFO  No BOOF 31 v2 setups found for options
2026-06-12 13:32:04,727  INFO  ============================================================
2026-06-12 13:32:04,727  INFO  OPTIONS SCAN — checking for BOOF 31 v2 setups...
2026-06-12 13:32:08,118  INFO  No BOOF 31 v2 setups found for options
2026-06-12 13:32:13,175  INFO  ============================================================
2026-06-12 13:32:13,175  INFO  OPTIONS SCAN — checking for BOOF 31 v2 setups...
2026-06-12 13:32:16,157  INFO  No BOOF 31 v2 setups found for options
2026-06-12 13:32:21,234  INFO  ============================================================
2026-06-12 13:32:21,234  INFO  OPTIONS SCAN — checking for BOOF 31 v2 setups...
2026-06-12 13:32:24,364  INFO  No BOOF 31 v2 setups found for options
2026-06-12 13:32:29,426  INFO  ============================================================
2026-06-12 13:32:29,426  INFO  OPTIONS SCAN — checking for BOOF 31 v2 setups...
2026-06-12 13:32:32,652  INFO  No BOOF 31 v2 setups found for options
2026-06-12 13:32:37,725  INFO  ============================================================
2026-06-12 13:32:37,725  INFO  OPTIONS SCAN — checking for BOOF 31 v2 setups...
2026-06-12 13:32:40,727  INFO  No BOOF 31 v2 setups found for options
2026-06-12 13:32:45,785  INFO  ============================================================
2026-06-12 13:32:45,785  INFO  OPTIONS SCAN — checking for BOOF 31 v2 setups...
2026-06-12 13:32:48,671  INFO  No BOOF 31 v2 setups found for options
2026-06-12 13:32:53,729  INFO  ============================================================
2026-06-12 13:32:53,729  INFO  OPTIONS SCAN — checking for BOOF 31 v2 setups...
2026-06-12 13:32:56,670  INFO  No BOOF 31 v2 setups found for options
2026-06-12 13:33:01,735  INFO  ============================================================
2026-06-12 13:33:01,735  INFO  OPTIONS SCAN — checking for BOOF 31 v2 setups...
2026-06-12 13:33:04,698  INFO  No BOOF 31 v2 setups found for options
2026-06-12 13:33:09,756  INFO  ============================================================
2026-06-12 13:33:09,756  INFO  OPTIONS SCAN — checking for BOOF 31 v2 setups...
2026-06-12 13:33:12,798  INFO  No BOOF 31 v2 setups found for options
2026-06-12 13:33:17,850  INFO  ============================================================
2026-06-12 13:33:17,850  INFO  OPTIONS SCAN — checking for BOOF 31 v2 setups...
2026-06-12 13:33:20,665  INFO  No BOOF 31 v2 setups found for options
2026-06-12 13:33:25,738  INFO  ============================================================
2026-06-12 13:33:25,739  INFO  OPTIONS SCAN — checking for BOOF 31 v2 setups...
2026-06-12 13:33:28,772  INFO  No BOOF 31 v2 setups found for options
2026-06-12 13:33:33,847  INFO  ============================================================
2026-06-12 13:33:33,848  INFO  OPTIONS SCAN — checking for BOOF 31 v2 setups...
2026-06-12 13:33:36,437  INFO  No BOOF 31 v2 setups found for options
2026-06-12 13:33:41,498  INFO  ============================================================
2026-06-12 13:33:41,498  INFO  OPTIONS SCAN — checking for BOOF 31 v2 setups...
2026-06-12 13:33:44,421  INFO  No BOOF 31 v2 setups found for options
2026-06-12 13:33:49,483  INFO  ============================================================
2026-06-12 13:33:49,483  INFO  OPTIONS SCAN — checking for BOOF 31 v2 setups...
2026-06-12 13:33:51,864  INFO  No BOOF 31 v2 setups found for options
2026-06-12 13:33:56,927  INFO  ============================================================
2026-06-12 13:33:56,927  INFO  OPTIONS SCAN — checking for BOOF 31 v2 setups...
2026-06-12 13:33:59,338  INFO  No BOOF 31 v2 setups found for options
2026-06-12 13:34:04,393  INFO  ============================================================
2026-06-12 13:34:04,393  INFO  OPTIONS SCAN — checking for BOOF 31 v2 setups...
2026-06-12 13:34:06,795  INFO  No BOOF 31 v2 setups found for options
2026-06-12 13:34:11,847  INFO  ============================================================
2026-06-12 13:34:11,848  INFO  OPTIONS SCAN — checking for BOOF 31 v2 setups...
2026-06-12 13:34:14,247  INFO  No BOOF 31 v2 setups found for options
2026-06-12 13:34:19,312  INFO  ============================================================
2026-06-12 13:34:19,313  INFO  OPTIONS SCAN — checking for BOOF 31 v2 setups...
2026-06-12 13:34:21,568  INFO  No BOOF 31 v2 setups found for options
2026-06-12 13:34:26,631  INFO  ============================================================
2026-06-12 13:34:26,631  INFO  OPTIONS SCAN — checking for BOOF 31 v2 setups...
2026-06-12 13:34:28,947  INFO  No BOOF 31 v2 setups found for options
2026-06-12 13:34:34,012  INFO  ============================================================
2026-06-12 13:34:34,012  INFO  OPTIONS SCAN — checking for BOOF 31 v2 setups...
2026-06-12 13:34:36,328  INFO  No BOOF 31 v2 setups found for options
2026-06-12 13:34:41,670  INFO  ============================================================
2026-06-12 13:34:41,670  INFO  OPTIONS SCAN — checking for BOOF 31 v2 setups...
2026-06-12 13:34:43,961  INFO  No BOOF 31 v2 setups found for options
2026-06-12 13:34:49,024  INFO  ============================================================
2026-06-12 13:34:49,024  INFO  OPTIONS SCAN — checking for BOOF 31 v2 setups...
2026-06-12 13:34:51,242  INFO  No BOOF 31 v2 setups found for options
2026-06-12 13:34:56,308  INFO  ============================================================
2026-06-12 13:34:56,309  INFO  OPTIONS SCAN — checking for BOOF 31 v2 setups...
2026-06-12 13:34:58,285  INFO  No BOOF 31 v2 setups found for options
2026-06-12 13:35:03,352  INFO  ============================================================
2026-06-12 13:35:03,352  INFO  OPTIONS SCAN — checking for BOOF 31 v2 setups...
2026-06-12 13:35:05,425  INFO  No BOOF 31 v2 setups found for options
2026-06-12 13:35:10,486  INFO  ============================================================
2026-06-12 13:35:10,486  INFO  OPTIONS SCAN — checking for BOOF 31 v2 setups...
2026-06-12 13:35:12,420  INFO  No BOOF 31 v2 setups found for options
2026-06-12 13:35:17,486  INFO  ============================================================
2026-06-12 13:35:17,486  INFO  OPTIONS SCAN — checking for BOOF 31 v2 setups...
2026-06-12 13:35:19,444  INFO  No BOOF 31 v2 setups found for options
2026-06-12 13:35:24,510  INFO  ============================================================
2026-06-12 13:35:24,510  INFO  OPTIONS SCAN — checking for BOOF 31 v2 setups...
2026-06-12 13:35:26,631  INFO  No BOOF 31 v2 setups found for options
2026-06-12 13:35:31,691  INFO  ============================================================
2026-06-12 13:35:31,691  INFO  OPTIONS SCAN — checking for BOOF 31 v2 setups...
2026-06-12 13:35:33,654  INFO  No BOOF 31 v2 setups found for options
2026-06-12 13:35:38,715  INFO  ============================================================
2026-06-12 13:35:38,715  INFO  OPTIONS SCAN — checking for BOOF 31 v2 setups...
2026-06-12 13:35:40,661  INFO  No BOOF 31 v2 setups found for options
2026-06-12 13:35:45,726  INFO  ============================================================
2026-06-12 13:35:45,727  INFO  OPTIONS SCAN — checking for BOOF 31 v2 setups...
2026-06-12 13:35:47,501  INFO  No BOOF 31 v2 setups found for options
2026-06-12 13:35:52,565  INFO  ============================================================
2026-06-12 13:35:52,565  INFO  OPTIONS SCAN — checking for BOOF 31 v2 setups...
2026-06-12 13:35:54,538  INFO  No BOOF 31 v2 setups found for options
2026-06-12 13:35:59,596  INFO  ============================================================
2026-06-12 13:35:59,596  INFO  OPTIONS SCAN — checking for BOOF 31 v2 setups...
2026-06-12 13:36:01,371  INFO  No BOOF 31 v2 setups found for options
2026-06-12 13:36:06,436  INFO  ============================================================
2026-06-12 13:36:06,436  INFO  OPTIONS SCAN — checking for BOOF 31 v2 setups...
2026-06-12 13:36:08,250  INFO  No BOOF 31 v2 setups found for options
2026-06-12 13:36:13,311  INFO  ============================================================
2026-06-12 13:36:13,311  INFO  OPTIONS SCAN — checking for BOOF 31 v2 setups...
2026-06-12 13:36:15,029  INFO  No BOOF 31 v2 setups found for options
2026-06-12 13:36:20,106  INFO  ============================================================
2026-06-12 13:36:20,107  INFO  OPTIONS SCAN — checking for BOOF 31 v2 setups...
2026-06-12 13:36:21,846  INFO  No BOOF 31 v2 setups found for options
2026-06-12 13:36:26,911  INFO  ============================================================
2026-06-12 13:36:26,912  INFO  OPTIONS SCAN — checking for BOOF 31 v2 setups...
2026-06-12 13:36:29,140  INFO  No BOOF 31 v2 setups found for options
2026-06-12 13:36:34,260  INFO  ============================================================
2026-06-12 13:36:34,260  INFO  OPTIONS SCAN — checking for BOOF 31 v2 setups...
2026-06-12 13:36:36,553  INFO  No BOOF 31 v2 setups found for options
2026-06-12 13:36:41,681  INFO  ============================================================
2026-06-12 13:36:41,697  INFO  OPTIONS SCAN — checking for BOOF 31 v2 setups...
2026-06-12 13:36:44,061  INFO  No BOOF 31 v2 setups found for options
2026-06-12 13:36:49,126  INFO  ============================================================
2026-06-12 13:36:49,127  INFO  OPTIONS SCAN — checking for BOOF 31 v2 setups...
2026-06-12 13:36:51,095  INFO  No BOOF 31 v2 setups found for options
2026-06-12 13:36:56,167  INFO  ============================================================
2026-06-12 13:36:56,167  INFO  OPTIONS SCAN — checking for BOOF 31 v2 setups...
2026-06-12 13:36:58,287  INFO  No BOOF 31 v2 setups found for options
2026-06-12 13:37:03,348  INFO  ============================================================
2026-06-12 13:37:03,348  INFO  OPTIONS SCAN — checking for BOOF 31 v2 setups...
2026-06-12 13:37:05,425  INFO  No BOOF 31 v2 setups found for options
2026-06-12 13:37:10,481  INFO  ============================================================
2026-06-12 13:37:10,481  INFO  OPTIONS SCAN — checking for BOOF 31 v2 setups...
2026-06-12 13:37:12,400  INFO  No BOOF 31 v2 setups found for options
2026-06-12 13:37:17,458  INFO  ============================================================
2026-06-12 13:37:17,458  INFO  OPTIONS SCAN — checking for BOOF 31 v2 setups...
2026-06-12 13:37:19,872  INFO  No BOOF 31 v2 setups found for options
2026-06-12 13:37:24,927  INFO  ============================================================
2026-06-12 13:37:24,928  INFO  OPTIONS SCAN — checking for BOOF 31 v2 setups...
2026-06-12 13:37:27,355  INFO  No BOOF 31 v2 setups found for options
2026-06-12 13:37:32,427  INFO  ============================================================
2026-06-12 13:37:32,427  INFO  OPTIONS SCAN — checking for BOOF 31 v2 setups...
2026-06-12 13:37:34,893  INFO  No BOOF 31 v2 setups found for options
2026-06-12 13:37:39,957  INFO  ============================================================
2026-06-12 13:37:39,957  INFO  OPTIONS SCAN — checking for BOOF 31 v2 setups...
2026-06-12 13:37:41,974  INFO  No BOOF 31 v2 setups found for options
2026-06-12 13:37:47,032  INFO  ============================================================
2026-06-12 13:37:47,032  INFO  OPTIONS SCAN — checking for BOOF 31 v2 setups...
2026-06-12 13:37:49,017  INFO  No BOOF 31 v2 setups found for options
2026-06-12 13:37:54,116  INFO  ============================================================
2026-06-12 13:37:54,116  INFO  OPTIONS SCAN — checking for BOOF 31 v2 setups...
2026-06-12 13:37:55,881  INFO  No BOOF 31 v2 setups found for options
2026-06-12 13:38:00,945  INFO  ============================================================
2026-06-12 13:38:00,946  INFO  OPTIONS SCAN — checking for BOOF 31 v2 setups...
2026-06-12 13:38:02,903  INFO  No BOOF 31 v2 setups found for options
2026-06-12 13:38:07,967  INFO  ============================================================
2026-06-12 13:38:07,967  INFO  OPTIONS SCAN — checking for BOOF 31 v2 setups...
2026-06-12 13:38:09,848  INFO  No BOOF 31 v2 setups found for options
2026-06-12 13:38:14,917  INFO  ============================================================
2026-06-12 13:38:14,917  INFO  OPTIONS SCAN — checking for BOOF 31 v2 setups...
2026-06-12 13:38:16,726  INFO  No BOOF 31 v2 setups found for options
2026-06-12 13:38:21,791  INFO  ============================================================
2026-06-12 13:38:21,791  INFO  OPTIONS SCAN — checking for BOOF 31 v2 setups...
2026-06-12 13:38:23,556  INFO  No BOOF 31 v2 setups found for options
2026-06-12 13:38:28,627  INFO  ============================================================
2026-06-12 13:38:28,627  INFO  OPTIONS SCAN — checking for BOOF 31 v2 setups...
2026-06-12 13:38:31,217  INFO  BOOF 31 v2 setups for options: ['COIN(score:7)']
2026-06-12 13:38:31,217  WARNING  Error getting options for COIN: name 'OptionType' is not defined
2026-06-12 13:38:31,217  WARNING    COIN: No liquid PUT options available
2026-06-12 13:38:31,218  INFO  No options positions entered.
2026-06-12 13:38:36,308  INFO  ============================================================
2026-06-12 13:38:36,308  INFO  OPTIONS SCAN — checking for BOOF 31 v2 setups...
2026-06-12 13:38:38,694  INFO  BOOF 31 v2 setups for options: ['COIN(score:7)']
2026-06-12 13:38:38,694  WARNING  Error getting options for COIN: name 'OptionType' is not defined
2026-06-12 13:38:38,694  WARNING    COIN: No liquid PUT options available
2026-06-12 13:38:38,695  INFO  No options positions entered.
2026-06-12 13:38:43,760  INFO  ============================================================
2026-06-12 13:38:43,760  INFO  OPTIONS SCAN — checking for BOOF 31 v2 setups...
2026-06-12 13:38:46,375  INFO  BOOF 31 v2 setups for options: ['COIN(score:7)']
2026-06-12 13:38:46,375  WARNING  Error getting options for COIN: name 'OptionType' is not defined
2026-06-12 13:38:46,375  WARNING    COIN: No liquid PUT options available
2026-06-12 13:38:46,376  INFO  No options positions entered.
2026-06-12 13:38:51,445  INFO  ============================================================
2026-06-12 13:38:51,445  INFO  OPTIONS SCAN — checking for BOOF 31 v2 setups...
2026-06-12 13:38:53,632  INFO  BOOF 31 v2 setups for options: ['COIN(score:7)']
2026-06-12 13:38:53,632  WARNING  Error getting options for COIN: name 'OptionType' is not defined
2026-06-12 13:38:53,632  WARNING    COIN: No liquid PUT options available
2026-06-12 13:38:53,633  INFO  No options positions entered.
2026-06-12 13:38:58,697  INFO  ============================================================
2026-06-12 13:38:58,697  INFO  OPTIONS SCAN — checking for BOOF 31 v2 setups...
2026-06-12 13:39:01,213  INFO  BOOF 31 v2 setups for options: ['COIN(score:7)']
2026-06-12 13:39:01,214  WARNING  Error getting options for COIN: name 'OptionType' is not defined
2026-06-12 13:39:01,214  WARNING    COIN: No liquid PUT options available
2026-06-12 13:39:01,214  INFO  No options positions entered.
2026-06-12 13:39:06,274  INFO  ============================================================
2026-06-12 13:39:06,274  INFO  OPTIONS SCAN — checking for BOOF 31 v2 setups...
2026-06-12 13:39:08,414  INFO  BOOF 31 v2 setups for options: ['COIN(score:7)']
2026-06-12 13:39:08,414  WARNING  Error getting options for COIN: name 'OptionType' is not defined
2026-06-12 13:39:08,414  WARNING    COIN: No liquid PUT options available
2026-06-12 13:39:08,415  INFO  No options positions entered.
2026-06-12 13:39:13,475  INFO  ============================================================
2026-06-12 13:39:13,475  INFO  OPTIONS SCAN — checking for BOOF 31 v2 setups...
2026-06-12 13:39:15,711  INFO  BOOF 31 v2 setups for options: ['COIN(score:7)']
2026-06-12 13:39:15,711  WARNING  Error getting options for COIN: name 'OptionType' is not defined
2026-06-12 13:39:15,712  WARNING    COIN: No liquid PUT options available
2026-06-12 13:39:15,713  INFO  No options positions entered.
2026-06-12 13:39:20,767  INFO  ============================================================
2026-06-12 13:39:20,768  INFO  OPTIONS SCAN — checking for BOOF 31 v2 setups...
2026-06-12 13:39:23,052  INFO  BOOF 31 v2 setups for options: ['COIN(score:7)']
2026-06-12 13:39:23,052  WARNING  Error getting options for COIN: name 'OptionType' is not defined
2026-06-12 13:39:23,052  WARNING    COIN: No liquid PUT options available
2026-06-12 13:39:23,053  INFO  No options positions entered.
2026-06-12 13:39:28,130  INFO  ============================================================
2026-06-12 13:39:28,130  INFO  OPTIONS SCAN — checking for BOOF 31 v2 setups...
2026-06-12 13:39:30,024  INFO  No BOOF 31 v2 setups found for options
2026-06-12 13:39:35,091  INFO  ============================================================
2026-06-12 13:39:35,091  INFO  OPTIONS SCAN — checking for BOOF 31 v2 setups...
2026-06-12 13:39:36,894  INFO  No BOOF 31 v2 setups found for options
2026-06-12 13:39:41,959  INFO  ============================================================
2026-06-12 13:39:41,960  INFO  OPTIONS SCAN — checking for BOOF 31 v2 setups...
2026-06-12 13:39:43,667  INFO  No BOOF 31 v2 setups found for options
2026-06-12 13:39:48,725  INFO  ============================================================
2026-06-12 13:39:48,726  INFO  OPTIONS SCAN — checking for BOOF 31 v2 setups...
2026-06-12 13:39:50,543  INFO  No BOOF 31 v2 setups found for options
2026-06-12 13:39:55,602  INFO  ============================================================
2026-06-12 13:39:55,602  INFO  OPTIONS SCAN — checking for BOOF 31 v2 setups...
2026-06-12 13:39:57,664  INFO  No BOOF 31 v2 setups found for options
2026-06-12 13:40:02,730  INFO  ============================================================
2026-06-12 13:40:02,730  INFO  OPTIONS SCAN — checking for BOOF 31 v2 setups...
2026-06-12 13:40:04,611  INFO  No BOOF 31 v2 setups found for options
2026-06-12 13:40:09,673  INFO  ============================================================
2026-06-12 13:40:09,673  INFO  OPTIONS SCAN — checking for BOOF 31 v2 setups...
2026-06-12 13:40:11,352  INFO  No BOOF 31 v2 setups found for options
2026-06-12 13:40:16,413  INFO  ============================================================
2026-06-12 13:40:16,413  INFO  OPTIONS SCAN — checking for BOOF 31 v2 setups...
2026-06-12 13:40:18,101  INFO  No BOOF 31 v2 setups found for options
2026-06-12 13:40:23,167  INFO  ============================================================
2026-06-12 13:40:23,167  INFO  OPTIONS SCAN — checking for BOOF 31 v2 setups...
2026-06-12 13:40:25,066  INFO  No BOOF 31 v2 setups found for options
2026-06-12 13:40:30,126  INFO  ============================================================
2026-06-12 13:40:30,126  INFO  OPTIONS SCAN — checking for BOOF 31 v2 setups...
2026-06-12 13:40:32,026  INFO  No BOOF 31 v2 setups found for options
2026-06-12 13:40:37,081  INFO  ============================================================
2026-06-12 13:40:37,081  INFO  OPTIONS SCAN — checking for BOOF 31 v2 setups...
2026-06-12 13:40:38,879  INFO  No BOOF 31 v2 setups found for options
2026-06-12 13:40:43,939  INFO  ============================================================
2026-06-12 13:40:43,939  INFO  OPTIONS SCAN — checking for BOOF 31 v2 setups...
2026-06-12 13:40:45,812  INFO  No BOOF 31 v2 setups found for options
2026-06-12 13:40:50,875  INFO  ============================================================
2026-06-12 13:40:50,875  INFO  OPTIONS SCAN — checking for BOOF 31 v2 setups...
2026-06-12 13:40:52,852  INFO  No BOOF 31 v2 setups found for options
2026-06-12 13:40:57,918  INFO  ============================================================
2026-06-12 13:40:57,918  INFO  OPTIONS SCAN — checking for BOOF 31 v2 setups...
2026-06-12 13:40:59,844  INFO  No BOOF 31 v2 setups found for options
2026-06-12 13:41:04,901  INFO  ============================================================
2026-06-12 13:41:04,901  INFO  OPTIONS SCAN — checking for BOOF 31 v2 setups...
2026-06-12 13:41:06,815  INFO  No BOOF 31 v2 setups found for options
2026-06-12 13:41:11,872  INFO  ============================================================
2026-06-12 13:41:11,872  INFO  OPTIONS SCAN — checking for BOOF 31 v2 setups...
2026-06-12 13:41:13,654  INFO  No BOOF 31 v2 setups found for options
2026-06-12 13:41:18,712  INFO  ============================================================
2026-06-12 13:41:18,712  INFO  OPTIONS SCAN — checking for BOOF 31 v2 setups...
2026-06-12 13:41:20,575  INFO  No BOOF 31 v2 setups found for options
2026-06-12 13:41:25,639  INFO  ============================================================
2026-06-12 13:41:25,639  INFO  OPTIONS SCAN — checking for BOOF 31 v2 setups...
2026-06-12 13:41:28,050  INFO  No BOOF 31 v2 setups found for options
2026-06-12 13:41:33,114  INFO  ============================================================
2026-06-12 13:41:33,114  INFO  OPTIONS SCAN — checking for BOOF 31 v2 setups...
2026-06-12 13:41:35,413  INFO  No BOOF 31 v2 setups found for options
2026-06-12 13:41:40,472  INFO  ============================================================
2026-06-12 13:41:40,472  INFO  OPTIONS SCAN — checking for BOOF 31 v2 setups...
2026-06-12 13:41:42,796  INFO  No BOOF 31 v2 setups found for options
2026-06-12 13:41:47,856  INFO  ============================================================
2026-06-12 13:41:47,856  INFO  OPTIONS SCAN — checking for BOOF 31 v2 setups...
2026-06-12 13:41:49,998  INFO  No BOOF 31 v2 setups found for options
2026-06-12 13:41:55,067  INFO  ============================================================
2026-06-12 13:41:55,067  INFO  OPTIONS SCAN — checking for BOOF 31 v2 setups...
2026-06-12 13:41:57,132  INFO  No BOOF 31 v2 setups found for options
2026-06-12 13:42:02,190  INFO  ============================================================
2026-06-12 13:42:02,190  INFO  OPTIONS SCAN — checking for BOOF 31 v2 setups...
2026-06-12 13:42:04,198  INFO  No BOOF 31 v2 setups found for options
2026-06-12 13:42:09,257  INFO  ============================================================
2026-06-12 13:42:09,258  INFO  OPTIONS SCAN — checking for BOOF 31 v2 setups...
2026-06-12 13:42:11,210  INFO  No BOOF 31 v2 setups found for options
2026-06-12 13:42:16,275  INFO  ============================================================
2026-06-12 13:42:16,275  INFO  OPTIONS SCAN — checking for BOOF 31 v2 setups...
2026-06-12 13:42:18,132  INFO  No BOOF 31 v2 setups found for options
2026-06-12 13:42:23,194  INFO  ============================================================
2026-06-12 13:42:23,194  INFO  OPTIONS SCAN — checking for BOOF 31 v2 setups...
2026-06-12 13:42:25,044  INFO  No BOOF 31 v2 setups found for options
2026-06-12 13:42:30,114  INFO  ============================================================
2026-06-12 13:42:30,114  INFO  OPTIONS SCAN — checking for BOOF 31 v2 setups...
2026-06-12 13:42:32,421  INFO  No BOOF 31 v2 setups found for options
2026-06-12 13:42:37,475  INFO  ============================================================
2026-06-12 13:42:37,475  INFO  OPTIONS SCAN — checking for BOOF 31 v2 setups...
2026-06-12 13:42:39,183  INFO  No BOOF 31 v2 setups found for options
2026-06-12 13:42:44,242  INFO  ============================================================
2026-06-12 13:42:44,242  INFO  OPTIONS SCAN — checking for BOOF 31 v2 setups...
2026-06-12 13:42:46,024  INFO  No BOOF 31 v2 setups found for options
2026-06-12 13:42:51,084  INFO  ============================================================
2026-06-12 13:42:51,084  INFO  OPTIONS SCAN — checking for BOOF 31 v2 setups...
2026-06-12 13:42:52,799  INFO  No BOOF 31 v2 setups found for options
2026-06-12 13:42:57,861  INFO  ============================================================
2026-06-12 13:42:57,862  INFO  OPTIONS SCAN — checking for BOOF 31 v2 setups...
2026-06-12 13:42:59,490  INFO  No BOOF 31 v2 setups found for options
2026-06-12 13:43:04,559  INFO  ============================================================
2026-06-12 13:43:04,559  INFO  OPTIONS SCAN — checking for BOOF 31 v2 setups...
2026-06-12 13:43:06,250  INFO  No BOOF 31 v2 setups found for options
2026-06-12 13:43:11,322  INFO  ============================================================
2026-06-12 13:43:11,322  INFO  OPTIONS SCAN — checking for BOOF 31 v2 setups...
2026-06-12 13:43:13,155  INFO  No BOOF 31 v2 setups found for options
2026-06-12 13:43:18,214  INFO  ============================================================
2026-06-12 13:43:18,214  INFO  OPTIONS SCAN — checking for BOOF 31 v2 setups...
2026-06-12 13:43:19,940  INFO  No BOOF 31 v2 setups found for options
2026-06-12 13:43:24,996  INFO  ============================================================
2026-06-12 13:43:24,996  INFO  OPTIONS SCAN — checking for BOOF 31 v2 setups...
2026-06-12 13:43:26,950  INFO  No BOOF 31 v2 setups found for options
2026-06-12 13:43:32,004  INFO  ============================================================
2026-06-12 13:43:32,004  INFO  OPTIONS SCAN — checking for BOOF 31 v2 setups...
2026-06-12 13:43:34,141  INFO  No BOOF 31 v2 setups found for options
2026-06-12 13:43:39,199  INFO  ============================================================
2026-06-12 13:43:39,199  INFO  OPTIONS SCAN — checking for BOOF 31 v2 setups...
2026-06-12 13:43:41,313  INFO  No BOOF 31 v2 setups found for options
2026-06-12 13:43:46,375  INFO  ============================================================
2026-06-12 13:43:46,375  INFO  OPTIONS SCAN — checking for BOOF 31 v2 setups...
2026-06-12 13:43:48,298  INFO  No BOOF 31 v2 setups found for options
2026-06-12 13:43:53,486  INFO  ============================================================
2026-06-12 13:43:53,486  INFO  OPTIONS SCAN — checking for BOOF 31 v2 setups...
2026-06-12 13:43:55,427  INFO  No BOOF 31 v2 setups found for options
2026-06-12 13:44:00,493  INFO  ============================================================
2026-06-12 13:44:00,494  INFO  OPTIONS SCAN — checking for BOOF 31 v2 setups...
2026-06-12 13:44:02,748  INFO  No BOOF 31 v2 setups found for options
2026-06-12 13:44:07,808  INFO  ============================================================
2026-06-12 13:44:07,809  INFO  OPTIONS SCAN — checking for BOOF 31 v2 setups...
2026-06-12 13:44:09,739  INFO  No BOOF 31 v2 setups found for options
2026-06-12 13:44:14,809  INFO  ============================================================
2026-06-12 13:44:14,810  INFO  OPTIONS SCAN — checking for BOOF 31 v2 setups...
2026-06-12 13:44:16,750  INFO  No BOOF 31 v2 setups found for options
2026-06-12 13:44:21,813  INFO  ============================================================
2026-06-12 13:44:21,813  INFO  OPTIONS SCAN — checking for BOOF 31 v2 setups...
2026-06-12 13:44:23,622  INFO  No BOOF 31 v2 setups found for options
2026-06-12 13:44:28,690  INFO  ============================================================
2026-06-12 13:44:28,690  INFO  OPTIONS SCAN — checking for BOOF 31 v2 setups...
2026-06-12 13:44:30,980  INFO  No BOOF 31 v2 setups found for options
2026-06-12 13:44:36,079  INFO  ============================================================
2026-06-12 13:44:36,079  INFO  OPTIONS SCAN — checking for BOOF 31 v2 setups...
2026-06-12 13:44:38,419  INFO  No BOOF 31 v2 setups found for options
2026-06-12 13:44:43,477  INFO  ============================================================
2026-06-12 13:44:43,478  INFO  OPTIONS SCAN — checking for BOOF 31 v2 setups...
2026-06-12 13:44:45,572  INFO  No BOOF 31 v2 setups found for options
2026-06-12 13:44:50,635  INFO  ============================================================
2026-06-12 13:44:50,635  INFO  OPTIONS SCAN — checking for BOOF 31 v2 setups...
2026-06-12 13:44:52,559  INFO  No BOOF 31 v2 setups found for options
2026-06-12 13:44:57,616  INFO  ============================================================
2026-06-12 13:44:57,616  INFO  OPTIONS SCAN — checking for BOOF 31 v2 setups...
2026-06-12 13:44:59,572  INFO  No BOOF 31 v2 setups found for options
2026-06-12 13:45:04,627  INFO  ============================================================
2026-06-12 13:45:04,627  INFO  OPTIONS SCAN — checking for BOOF 31 v2 setups...
2026-06-12 13:45:06,635  INFO  No BOOF 31 v2 setups found for options
2026-06-12 13:45:11,697  INFO  ============================================================
2026-06-12 13:45:11,697  INFO  OPTIONS SCAN — checking for BOOF 31 v2 setups...
2026-06-12 13:45:13,738  INFO  No BOOF 31 v2 setups found for options
2026-06-12 13:45:18,798  INFO  ============================================================
2026-06-12 13:45:18,798  INFO  OPTIONS SCAN — checking for BOOF 31 v2 setups...
2026-06-12 13:45:20,891  INFO  No BOOF 31 v2 setups found for options
2026-06-12 13:45:25,961  INFO  ============================================================
2026-06-12 13:45:25,961  INFO  OPTIONS SCAN — checking for BOOF 31 v2 setups...
2026-06-12 13:45:27,914  INFO  No BOOF 31 v2 setups found for options
2026-06-12 13:45:32,978  INFO  ============================================================
2026-06-12 13:45:32,978  INFO  OPTIONS SCAN — checking for BOOF 31 v2 setups...
2026-06-12 13:45:34,816  INFO  No BOOF 31 v2 setups found for options
2026-06-12 13:45:39,876  INFO  ============================================================
2026-06-12 13:45:39,876  INFO  OPTIONS SCAN — checking for BOOF 31 v2 setups...
2026-06-12 13:45:41,750  INFO  No BOOF 31 v2 setups found for options
2026-06-12 13:45:46,817  INFO  ============================================================
2026-06-12 13:45:46,817  INFO  OPTIONS SCAN — checking for BOOF 31 v2 setups...
2026-06-12 13:45:48,654  INFO  No BOOF 31 v2 setups found for options
2026-06-12 13:45:53,714  INFO  ============================================================
2026-06-12 13:45:53,714  INFO  OPTIONS SCAN — checking for BOOF 31 v2 setups...
2026-06-12 13:45:55,507  INFO  No BOOF 31 v2 setups found for options
2026-06-12 13:46:00,566  INFO  ============================================================
2026-06-12 13:46:00,566  INFO  OPTIONS SCAN — checking for BOOF 31 v2 setups...
2026-06-12 13:46:02,295  INFO  No BOOF 31 v2 setups found for options
2026-06-12 13:46:07,367  INFO  ============================================================
2026-06-12 13:46:07,367  INFO  OPTIONS SCAN — checking for BOOF 31 v2 setups...
2026-06-12 13:46:09,105  INFO  No BOOF 31 v2 setups found for options
2026-06-12 13:46:14,171  INFO  ============================================================
2026-06-12 13:46:14,171  INFO  OPTIONS SCAN — checking for BOOF 31 v2 setups...
2026-06-12 13:46:15,925  INFO  No BOOF 31 v2 setups found for options
2026-06-12 13:46:20,992  INFO  ============================================================
2026-06-12 13:46:20,992  INFO  OPTIONS SCAN — checking for BOOF 31 v2 setups...
2026-06-12 13:46:22,692  INFO  No BOOF 31 v2 setups found for options
2026-06-12 13:46:27,754  INFO  ============================================================
2026-06-12 13:46:27,754  INFO  OPTIONS SCAN — checking for BOOF 31 v2 setups...
2026-06-12 13:46:30,486  INFO  No BOOF 31 v2 setups found for options
2026-06-12 13:46:35,553  INFO  ============================================================
2026-06-12 13:46:35,553  INFO  OPTIONS SCAN — checking for BOOF 31 v2 setups...
2026-06-12 13:46:38,695  INFO  No BOOF 31 v2 setups found for options
2026-06-12 13:46:43,755  INFO  ============================================================
2026-06-12 13:46:43,756  INFO  OPTIONS SCAN — checking for BOOF 31 v2 setups...
2026-06-12 13:46:46,459  INFO  No BOOF 31 v2 setups found for options
2026-06-12 13:46:51,520  INFO  ============================================================
2026-06-12 13:46:51,520  INFO  OPTIONS SCAN — checking for BOOF 31 v2 setups...
2026-06-12 13:46:54,207  INFO  No BOOF 31 v2 setups found for options
2026-06-12 13:46:59,297  INFO  ============================================================
2026-06-12 13:46:59,297  INFO  OPTIONS SCAN — checking for BOOF 31 v2 setups...
2026-06-12 13:47:02,048  INFO  No BOOF 31 v2 setups found for options
2026-06-12 13:47:07,107  INFO  ============================================================
2026-06-12 13:47:07,108  INFO  OPTIONS SCAN — checking for BOOF 31 v2 setups...
2026-06-12 13:47:09,640  INFO  No BOOF 31 v2 setups found for options
2026-06-12 13:47:14,695  INFO  ============================================================
2026-06-12 13:47:14,695  INFO  OPTIONS SCAN — checking for BOOF 31 v2 setups...
2026-06-12 13:47:17,100  INFO  No BOOF 31 v2 setups found for options
2026-06-12 13:47:22,311  INFO  ============================================================
2026-06-12 13:47:22,311  INFO  OPTIONS SCAN — checking for BOOF 31 v2 setups...
2026-06-12 13:47:24,648  INFO  No BOOF 31 v2 setups found for options
2026-06-12 13:47:29,710  INFO  ============================================================
2026-06-12 13:47:29,710  INFO  OPTIONS SCAN — checking for BOOF 31 v2 setups...
2026-06-12 13:47:32,083  INFO  No BOOF 31 v2 setups found for options
2026-06-12 13:47:37,140  INFO  ============================================================
2026-06-12 13:47:37,140  INFO  OPTIONS SCAN — checking for BOOF 31 v2 setups...
2026-06-12 13:47:39,370  INFO  No BOOF 31 v2 setups found for options
2026-06-12 13:47:44,434  INFO  ============================================================
2026-06-12 13:47:44,434  INFO  OPTIONS SCAN — checking for BOOF 31 v2 setups...
2026-06-12 13:47:46,689  INFO  No BOOF 31 v2 setups found for options
2026-06-12 13:47:51,817  INFO  ============================================================
2026-06-12 13:47:51,817  INFO  OPTIONS SCAN — checking for BOOF 31 v2 setups...
2026-06-12 13:47:53,954  INFO  No BOOF 31 v2 setups found for options
2026-06-12 13:47:59,017  INFO  ============================================================
2026-06-12 13:47:59,017  INFO  OPTIONS SCAN — checking for BOOF 31 v2 setups...
2026-06-12 13:48:01,224  INFO  No BOOF 31 v2 setups found for options
2026-06-12 13:48:06,315  INFO  ============================================================
2026-06-12 13:48:06,316  INFO  OPTIONS SCAN — checking for BOOF 31 v2 setups...
2026-06-12 13:48:08,334  INFO  No BOOF 31 v2 setups found for options
2026-06-12 13:48:13,395  INFO  ============================================================
2026-06-12 13:48:13,395  INFO  OPTIONS SCAN — checking for BOOF 31 v2 setups...
2026-06-12 13:48:15,243  INFO  No BOOF 31 v2 setups found for options
2026-06-12 13:48:20,307  INFO  ============================================================
2026-06-12 13:48:20,307  INFO  OPTIONS SCAN — checking for BOOF 31 v2 setups...
2026-06-12 13:48:22,207  INFO  No BOOF 31 v2 setups found for options
2026-06-12 13:48:27,268  INFO  ============================================================
2026-06-12 13:48:27,269  INFO  OPTIONS SCAN — checking for BOOF 31 v2 setups...
2026-06-12 13:48:29,262  INFO  No BOOF 31 v2 setups found for options
2026-06-12 13:48:34,323  INFO  ============================================================
2026-06-12 13:48:34,323  INFO  OPTIONS SCAN — checking for BOOF 31 v2 setups...
2026-06-12 13:48:36,304  INFO  No BOOF 31 v2 setups found for options
2026-06-12 13:48:41,377  INFO  ============================================================
2026-06-12 13:48:41,377  INFO  OPTIONS SCAN — checking for BOOF 31 v2 setups...
2026-06-12 13:48:43,379  INFO  No BOOF 31 v2 setups found for options
2026-06-12 13:48:48,441  INFO  ============================================================
2026-06-12 13:48:48,441  INFO  OPTIONS SCAN — checking for BOOF 31 v2 setups...
2026-06-12 13:48:50,311  INFO  No BOOF 31 v2 setups found for options
2026-06-12 13:48:55,371  INFO  ============================================================
2026-06-12 13:48:55,371  INFO  OPTIONS SCAN — checking for BOOF 31 v2 setups...
2026-06-12 13:48:57,219  INFO  No BOOF 31 v2 setups found for options
2026-06-12 13:49:02,288  INFO  ============================================================
2026-06-12 13:49:02,288  INFO  OPTIONS SCAN — checking for BOOF 31 v2 setups...
2026-06-12 13:49:04,101  INFO  No BOOF 31 v2 setups found for options
2026-06-12 13:49:09,159  INFO  ============================================================
2026-06-12 13:49:09,160  INFO  OPTIONS SCAN — checking for BOOF 31 v2 setups...
2026-06-12 13:49:11,308  INFO  No BOOF 31 v2 setups found for options
2026-06-12 13:49:16,373  INFO  ============================================================
2026-06-12 13:49:16,373  INFO  OPTIONS SCAN — checking for BOOF 31 v2 setups...
2026-06-12 13:49:18,234  INFO  No BOOF 31 v2 setups found for options
2026-06-12 13:49:23,294  INFO  ============================================================
2026-06-12 13:49:23,295  INFO  OPTIONS SCAN — checking for BOOF 31 v2 setups...
2026-06-12 13:49:25,559  INFO  No BOOF 31 v2 setups found for options
2026-06-12 13:49:30,621  INFO  ============================================================
2026-06-12 13:49:30,621  INFO  OPTIONS SCAN — checking for BOOF 31 v2 setups...
2026-06-12 13:49:32,720  INFO  No BOOF 31 v2 setups found for options
2026-06-12 13:49:37,776  INFO  ============================================================
2026-06-12 13:49:37,776  INFO  OPTIONS SCAN — checking for BOOF 31 v2 setups...
2026-06-12 13:49:39,953  INFO  No BOOF 31 v2 setups found for options
2026-06-12 13:49:45,014  INFO  ============================================================
2026-06-12 13:49:45,014  INFO  OPTIONS SCAN — checking for BOOF 31 v2 setups...
2026-06-12 13:49:46,984  INFO  No BOOF 31 v2 setups found for options
2026-06-12 13:49:52,043  INFO  ============================================================
2026-06-12 13:49:52,043  INFO  OPTIONS SCAN — checking for BOOF 31 v2 setups...
2026-06-12 13:49:53,947  INFO  No BOOF 31 v2 setups found for options
2026-06-12 13:49:59,016  INFO  ============================================================
2026-06-12 13:49:59,016  INFO  OPTIONS SCAN — checking for BOOF 31 v2 setups...
2026-06-12 13:50:01,027  INFO  No BOOF 31 v2 setups found for options
2026-06-12 13:50:06,086  INFO  ============================================================
2026-06-12 13:50:06,086  INFO  OPTIONS SCAN — checking for BOOF 31 v2 setups...
2026-06-12 13:50:08,001  INFO  No BOOF 31 v2 setups found for options
2026-06-12 13:50:13,061  INFO  ============================================================
2026-06-12 13:50:13,061  INFO  OPTIONS SCAN — checking for BOOF 31 v2 setups...
2026-06-12 13:50:14,914  INFO  No BOOF 31 v2 setups found for options
2026-06-12 13:50:19,975  INFO  ============================================================
2026-06-12 13:50:19,975  INFO  OPTIONS SCAN — checking for BOOF 31 v2 setups...
2026-06-12 13:50:21,840  INFO  No BOOF 31 v2 setups found for options
2026-06-12 13:50:26,922  INFO  ============================================================
2026-06-12 13:50:26,925  INFO  OPTIONS SCAN — checking for BOOF 31 v2 setups...
2026-06-12 13:50:29,441  INFO  No BOOF 31 v2 setups found for options
2026-06-12 13:50:34,505  INFO  ============================================================
2026-06-12 13:50:34,505  INFO  OPTIONS SCAN — checking for BOOF 31 v2 setups...
2026-06-12 13:50:36,810  INFO  No BOOF 31 v2 setups found for options
2026-06-12 13:50:41,884  INFO  ============================================================
2026-06-12 13:50:41,885  INFO  OPTIONS SCAN — checking for BOOF 31 v2 setups...
2026-06-12 13:50:44,000  INFO  No BOOF 31 v2 setups found for options
2026-06-12 13:50:49,059  INFO  ============================================================
2026-06-12 13:50:49,059  INFO  OPTIONS SCAN — checking for BOOF 31 v2 setups...
2026-06-12 13:50:51,124  INFO  No BOOF 31 v2 setups found for options
2026-06-12 13:50:56,189  INFO  ============================================================
2026-06-12 13:50:56,189  INFO  OPTIONS SCAN — checking for BOOF 31 v2 setups...
2026-06-12 13:50:58,250  INFO  No BOOF 31 v2 setups found for options
2026-06-12 13:51:03,304  INFO  ============================================================
2026-06-12 13:51:03,305  INFO  OPTIONS SCAN — checking for BOOF 31 v2 setups...
2026-06-12 13:51:05,367  INFO  No BOOF 31 v2 setups found for options
2026-06-12 13:51:10,429  INFO  ============================================================
2026-06-12 13:51:10,429  INFO  OPTIONS SCAN — checking for BOOF 31 v2 setups...
2026-06-12 13:51:12,400  INFO  No BOOF 31 v2 setups found for options
2026-06-12 13:51:17,458  INFO  ============================================================
2026-06-12 13:51:17,458  INFO  OPTIONS SCAN — checking for BOOF 31 v2 setups...
2026-06-12 13:51:19,482  INFO  No BOOF 31 v2 setups found for options
2026-06-12 13:51:24,549  INFO  ============================================================
2026-06-12 13:51:24,549  INFO  OPTIONS SCAN — checking for BOOF 31 v2 setups...
2026-06-12 13:51:27,461  INFO  No BOOF 31 v2 setups found for options
2026-06-12 13:51:32,530  INFO  ============================================================
2026-06-12 13:51:32,531  INFO  OPTIONS SCAN — checking for BOOF 31 v2 setups...
2026-06-12 13:51:35,038  INFO  No BOOF 31 v2 setups found for options
2026-06-12 13:51:40,098  INFO  ============================================================
2026-06-12 13:51:40,098  INFO  OPTIONS SCAN — checking for BOOF 31 v2 setups...
2026-06-12 13:51:42,584  INFO  No BOOF 31 v2 setups found for options
2026-06-12 13:51:47,651  INFO  ============================================================
2026-06-12 13:51:47,651  INFO  OPTIONS SCAN — checking for BOOF 31 v2 setups...
2026-06-12 13:51:50,076  INFO  No BOOF 31 v2 setups found for options
2026-06-12 13:51:55,136  INFO  ============================================================
2026-06-12 13:51:55,136  INFO  OPTIONS SCAN — checking for BOOF 31 v2 setups...
2026-06-12 13:51:57,601  INFO  No BOOF 31 v2 setups found for options
2026-06-12 13:52:02,664  INFO  ============================================================
2026-06-12 13:52:02,665  INFO  OPTIONS SCAN — checking for BOOF 31 v2 setups...
2026-06-12 13:52:05,165  INFO  No BOOF 31 v2 setups found for options
2026-06-12 13:52:10,225  INFO  ============================================================
2026-06-12 13:52:10,225  INFO  OPTIONS SCAN — checking for BOOF 31 v2 setups...
2026-06-12 13:52:12,655  INFO  No BOOF 31 v2 setups found for options
2026-06-12 13:52:17,712  INFO  ============================================================
2026-06-12 13:52:17,712  INFO  OPTIONS SCAN — checking for BOOF 31 v2 setups...
2026-06-12 13:52:19,877  INFO  No BOOF 31 v2 setups found for options
2026-06-12 13:52:24,943  INFO  ============================================================
2026-06-12 13:52:24,943  INFO  OPTIONS SCAN — checking for BOOF 31 v2 setups...
2026-06-12 13:52:27,338  INFO  No BOOF 31 v2 setups found for options
2026-06-12 13:52:32,412  INFO  ============================================================
2026-06-12 13:52:32,412  INFO  OPTIONS SCAN — checking for BOOF 31 v2 setups...
2026-06-12 13:52:34,576  INFO  No BOOF 31 v2 setups found for options
2026-06-12 13:52:39,644  INFO  ============================================================
2026-06-12 13:52:39,645  INFO  OPTIONS SCAN — checking for BOOF 31 v2 setups...
2026-06-12 13:52:41,764  INFO  No BOOF 31 v2 setups found for options
2026-06-12 13:52:46,823  INFO  ============================================================
2026-06-12 13:52:46,823  INFO  OPTIONS SCAN — checking for BOOF 31 v2 setups...
2026-06-12 13:52:49,017  INFO  No BOOF 31 v2 setups found for options
2026-06-12 13:52:54,375  INFO  ============================================================
2026-06-12 13:52:54,375  INFO  OPTIONS SCAN — checking for BOOF 31 v2 setups...
2026-06-12 13:52:56,510  INFO  No BOOF 31 v2 setups found for options
2026-06-12 13:53:01,578  INFO  ============================================================
2026-06-12 13:53:01,578  INFO  OPTIONS SCAN — checking for BOOF 31 v2 setups...
2026-06-12 13:53:03,698  INFO  No BOOF 31 v2 setups found for options
2026-06-12 13:53:08,758  INFO  ============================================================
2026-06-12 13:53:08,758  INFO  OPTIONS SCAN — checking for BOOF 31 v2 setups...
2026-06-12 13:53:10,821  INFO  No BOOF 31 v2 setups found for options
2026-06-12 13:53:15,891  INFO  ============================================================
2026-06-12 13:53:15,891  INFO  OPTIONS SCAN — checking for BOOF 31 v2 setups...
2026-06-12 13:53:17,992  INFO  No BOOF 31 v2 setups found for options
2026-06-12 13:53:23,052  INFO  ============================================================
2026-06-12 13:53:23,052  INFO  OPTIONS SCAN — checking for BOOF 31 v2 setups...
2026-06-12 13:53:25,361  INFO  No BOOF 31 v2 setups found for options
2026-06-12 13:53:30,421  INFO  ============================================================
2026-06-12 13:53:30,421  INFO  OPTIONS SCAN — checking for BOOF 31 v2 setups...
2026-06-12 13:53:32,931  INFO  No BOOF 31 v2 setups found for options
2026-06-12 13:53:37,989  INFO  ============================================================
2026-06-12 13:53:37,989  INFO  OPTIONS SCAN — checking for BOOF 31 v2 setups...
2026-06-12 13:53:40,630  INFO  No BOOF 31 v2 setups found for options
2026-06-12 13:53:45,702  INFO  ============================================================
2026-06-12 13:53:45,703  INFO  OPTIONS SCAN — checking for BOOF 31 v2 setups...
2026-06-12 13:53:47,920  INFO  No BOOF 31 v2 setups found for options
2026-06-12 13:53:52,982  INFO  ============================================================
2026-06-12 13:53:52,982  INFO  OPTIONS SCAN — checking for BOOF 31 v2 setups...
2026-06-12 13:53:55,466  INFO  No BOOF 31 v2 setups found for options
2026-06-12 13:54:00,539  INFO  ============================================================
2026-06-12 13:54:00,539  INFO  OPTIONS SCAN — checking for BOOF 31 v2 setups...
2026-06-12 13:54:02,713  INFO  No BOOF 31 v2 setups found for options
2026-06-12 13:54:07,792  INFO  ============================================================
2026-06-12 13:54:07,792  INFO  OPTIONS SCAN — checking for BOOF 31 v2 setups...
2026-06-12 13:54:09,999  INFO  No BOOF 31 v2 setups found for options
2026-06-12 13:54:15,061  INFO  ============================================================
2026-06-12 13:54:15,061  INFO  OPTIONS SCAN — checking for BOOF 31 v2 setups...
2026-06-12 13:54:17,281  INFO  No BOOF 31 v2 setups found for options
2026-06-12 13:54:22,337  INFO  ============================================================
2026-06-12 13:54:22,337  INFO  OPTIONS SCAN — checking for BOOF 31 v2 setups...
2026-06-12 13:54:24,423  INFO  No BOOF 31 v2 setups found for options
2026-06-12 13:54:29,488  INFO  ============================================================
2026-06-12 13:54:29,489  INFO  OPTIONS SCAN — checking for BOOF 31 v2 setups...
2026-06-12 13:54:31,555  INFO  No BOOF 31 v2 setups found for options
2026-06-12 13:54:36,625  INFO  ============================================================
2026-06-12 13:54:36,625  INFO  OPTIONS SCAN — checking for BOOF 31 v2 setups...
2026-06-12 13:54:38,947  INFO  No BOOF 31 v2 setups found for options
2026-06-12 13:54:44,008  INFO  ============================================================
2026-06-12 13:54:44,008  INFO  OPTIONS SCAN — checking for BOOF 31 v2 setups...
2026-06-12 13:54:46,189  INFO  No BOOF 31 v2 setups found for options
2026-06-12 13:54:51,257  INFO  ============================================================
2026-06-12 13:54:51,257  INFO  OPTIONS SCAN — checking for BOOF 31 v2 setups...
2026-06-12 13:54:53,349  INFO  No BOOF 31 v2 setups found for options
2026-06-12 13:54:58,414  INFO  ============================================================
2026-06-12 13:54:58,414  INFO  OPTIONS SCAN — checking for BOOF 31 v2 setups...
2026-06-12 13:55:00,527  INFO  No BOOF 31 v2 setups found for options
2026-06-12 13:55:05,593  INFO  ============================================================
2026-06-12 13:55:05,593  INFO  OPTIONS SCAN — checking for BOOF 31 v2 setups...
2026-06-12 13:55:07,697  INFO  No BOOF 31 v2 setups found for options
2026-06-12 13:55:12,755  INFO  ============================================================
2026-06-12 13:55:12,755  INFO  OPTIONS SCAN — checking for BOOF 31 v2 setups...
2026-06-12 13:55:14,917  INFO  No BOOF 31 v2 setups found for options
2026-06-12 13:55:19,983  INFO  ============================================================
2026-06-12 13:55:19,983  INFO  OPTIONS SCAN — checking for BOOF 31 v2 setups...
2026-06-12 13:55:22,147  INFO  No BOOF 31 v2 setups found for options
2026-06-12 13:55:27,208  INFO  ============================================================
2026-06-12 13:55:27,208  INFO  OPTIONS SCAN — checking for BOOF 31 v2 setups...
2026-06-12 13:55:29,475  INFO  No BOOF 31 v2 setups found for options
2026-06-12 13:55:34,529  INFO  ============================================================
2026-06-12 13:55:34,530  INFO  OPTIONS SCAN — checking for BOOF 31 v2 setups...
2026-06-12 13:55:36,689  INFO  No BOOF 31 v2 setups found for options
2026-06-12 13:55:41,758  INFO  ============================================================
2026-06-12 13:55:41,758  INFO  OPTIONS SCAN — checking for BOOF 31 v2 setups...
2026-06-12 13:55:43,958  INFO  No BOOF 31 v2 setups found for options
2026-06-12 13:55:49,019  INFO  ============================================================
2026-06-12 13:55:49,019  INFO  OPTIONS SCAN — checking for BOOF 31 v2 setups...
2026-06-12 13:55:51,119  INFO  No BOOF 31 v2 setups found for options
2026-06-12 13:55:56,190  INFO  ============================================================
2026-06-12 13:55:56,191  INFO  OPTIONS SCAN — checking for BOOF 31 v2 setups...
2026-06-12 13:55:58,352  INFO  No BOOF 31 v2 setups found for options
2026-06-12 13:56:03,417  INFO  ============================================================
2026-06-12 13:56:03,417  INFO  OPTIONS SCAN — checking for BOOF 31 v2 setups...
2026-06-12 13:56:05,688  INFO  No BOOF 31 v2 setups found for options
2026-06-12 13:56:10,817  INFO  ============================================================
2026-06-12 13:56:10,817  INFO  OPTIONS SCAN — checking for BOOF 31 v2 setups...
2026-06-12 13:56:13,000  INFO  No BOOF 31 v2 setups found for options
2026-06-12 13:56:18,062  INFO  ============================================================
2026-06-12 13:56:18,062  INFO  OPTIONS SCAN — checking for BOOF 31 v2 setups...
2026-06-12 13:56:20,227  INFO  No BOOF 31 v2 setups found for options
2026-06-12 13:56:25,292  INFO  ============================================================
2026-06-12 13:56:25,292  INFO  OPTIONS SCAN — checking for BOOF 31 v2 setups...
2026-06-12 13:56:28,031  INFO  No BOOF 31 v2 setups found for options
2026-06-12 13:56:33,208  INFO  ============================================================
2026-06-12 13:56:33,208  INFO  OPTIONS SCAN — checking for BOOF 31 v2 setups...
2026-06-12 13:56:35,686  INFO  No BOOF 31 v2 setups found for options
2026-06-12 13:56:40,746  INFO  ============================================================
2026-06-12 13:56:40,746  INFO  OPTIONS SCAN — checking for BOOF 31 v2 setups...
2026-06-12 13:56:43,460  INFO  No BOOF 31 v2 setups found for options
2026-06-12 13:56:48,519  INFO  ============================================================
2026-06-12 13:56:48,519  INFO  OPTIONS SCAN — checking for BOOF 31 v2 setups...
2026-06-12 13:56:51,150  INFO  No BOOF 31 v2 setups found for options
2026-06-12 13:56:56,217  INFO  ============================================================
2026-06-12 13:56:56,217  INFO  OPTIONS SCAN — checking for BOOF 31 v2 setups...
2026-06-12 13:56:58,787  INFO  No BOOF 31 v2 setups found for options
2026-06-12 13:57:03,855  INFO  ============================================================
2026-06-12 13:57:03,856  INFO  OPTIONS SCAN — checking for BOOF 31 v2 setups...
2026-06-12 13:57:06,466  INFO  No BOOF 31 v2 setups found for options
2026-06-12 13:57:11,567  INFO  ============================================================
2026-06-12 13:57:11,567  INFO  OPTIONS SCAN — checking for BOOF 31 v2 setups...
2026-06-12 13:57:13,971  INFO  No BOOF 31 v2 setups found for options
2026-06-12 13:57:19,039  INFO  ============================================================
2026-06-12 13:57:19,039  INFO  OPTIONS SCAN — checking for BOOF 31 v2 setups...
2026-06-12 13:57:21,460  INFO  No BOOF 31 v2 setups found for options
2026-06-12 13:57:26,531  INFO  ============================================================
2026-06-12 13:57:26,531  INFO  OPTIONS SCAN — checking for BOOF 31 v2 setups...
2026-06-12 13:57:29,554  INFO  BOOF 31 v2 setups for options: ['META(score:7)', 'TSLA(score:7)', 'AVGO(score:7)']
2026-06-12 13:57:29,555  WARNING  Error getting options for META: name 'OptionType' is not defined
2026-06-12 13:57:29,555  WARNING    META: No liquid PUT options available
2026-06-12 13:57:29,555  WARNING  Error getting options for TSLA: name 'OptionType' is not defined
2026-06-12 13:57:29,555  WARNING    TSLA: No liquid PUT options available
2026-06-12 13:57:29,555  WARNING  Error getting options for AVGO: name 'OptionType' is not defined
2026-06-12 13:57:29,555  WARNING    AVGO: No liquid PUT options available
2026-06-12 13:57:29,556  INFO  No options positions entered.
2026-06-12 13:57:34,616  INFO  ============================================================
2026-06-12 13:57:34,616  INFO  OPTIONS SCAN — checking for BOOF 31 v2 setups...
2026-06-12 13:57:37,500  INFO  BOOF 31 v2 setups for options: ['META(score:7)', 'TSLA(score:7)', 'AVGO(score:7)']
2026-06-12 13:57:37,500  WARNING  Error getting options for META: name 'OptionType' is not defined
2026-06-12 13:57:37,500  WARNING    META: No liquid PUT options available
2026-06-12 13:57:37,500  WARNING  Error getting options for TSLA: name 'OptionType' is not defined
2026-06-12 13:57:37,500  WARNING    TSLA: No liquid PUT options available
2026-06-12 13:57:37,500  WARNING  Error getting options for AVGO: name 'OptionType' is not defined
2026-06-12 13:57:37,501  WARNING    AVGO: No liquid PUT options available
2026-06-12 13:57:37,501  INFO  No options positions entered.
2026-06-12 13:57:42,604  INFO  ============================================================
2026-06-12 13:57:42,604  INFO  OPTIONS SCAN — checking for BOOF 31 v2 setups...
2026-06-12 13:57:45,514  INFO  BOOF 31 v2 setups for options: ['META(score:7)', 'TSLA(score:7)', 'AVGO(score:7)']
2026-06-12 13:57:45,515  WARNING  Error getting options for META: name 'OptionType' is not defined
2026-06-12 13:57:45,515  WARNING    META: No liquid PUT options available
2026-06-12 13:57:45,515  WARNING  Error getting options for TSLA: name 'OptionType' is not defined
2026-06-12 13:57:45,515  WARNING    TSLA: No liquid PUT options available
2026-06-12 13:57:45,515  WARNING  Error getting options for AVGO: name 'OptionType' is not defined
2026-06-12 13:57:45,515  WARNING    AVGO: No liquid PUT options available
2026-06-12 13:57:45,516  INFO  No options positions entered.
2026-06-12 13:57:50,575  INFO  ============================================================
2026-06-12 13:57:50,575  INFO  OPTIONS SCAN — checking for BOOF 31 v2 setups...
2026-06-12 13:57:53,467  INFO  BOOF 31 v2 setups for options: ['META(score:7)', 'TSLA(score:7)', 'AVGO(score:7)']
2026-06-12 13:57:53,467  WARNING  Error getting options for META: name 'OptionType' is not defined
2026-06-12 13:57:53,467  WARNING    META: No liquid PUT options available
2026-06-12 13:57:53,467  WARNING  Error getting options for TSLA: name 'OptionType' is not defined
2026-06-12 13:57:53,467  WARNING    TSLA: No liquid PUT options available
2026-06-12 13:57:53,468  WARNING  Error getting options for AVGO: name 'OptionType' is not defined
2026-06-12 13:57:53,468  WARNING    AVGO: No liquid PUT options available
2026-06-12 13:57:53,468  INFO  No options positions entered.
2026-06-12 13:57:58,534  INFO  ============================================================
2026-06-12 13:57:58,534  INFO  OPTIONS SCAN — checking for BOOF 31 v2 setups...
2026-06-12 13:58:01,624  INFO  BOOF 31 v2 setups for options: ['META(score:7)', 'TSLA(score:7)', 'AVGO(score:7)']
2026-06-12 13:58:01,624  WARNING  Error getting options for META: name 'OptionType' is not defined
2026-06-12 13:58:01,625  WARNING    META: No liquid PUT options available
2026-06-12 13:58:01,625  WARNING  Error getting options for TSLA: name 'OptionType' is not defined
2026-06-12 13:58:01,625  WARNING    TSLA: No liquid PUT options available
2026-06-12 13:58:01,625  WARNING  Error getting options for AVGO: name 'OptionType' is not defined
2026-06-12 13:58:01,625  WARNING    AVGO: No liquid PUT options available
2026-06-12 13:58:01,626  INFO  No options positions entered.
2026-06-12 13:58:06,701  INFO  ============================================================
2026-06-12 13:58:06,701  INFO  OPTIONS SCAN — checking for BOOF 31 v2 setups...
2026-06-12 13:58:10,319  INFO  BOOF 31 v2 setups for options: ['META(score:7)', 'TSLA(score:7)', 'AVGO(score:7)']
2026-06-12 13:58:10,323  WARNING  Error getting options for META: name 'OptionType' is not defined
2026-06-12 13:58:10,323  WARNING    META: No liquid PUT options available
2026-06-12 13:58:10,324  WARNING  Error getting options for TSLA: name 'OptionType' is not defined
2026-06-12 13:58:10,324  WARNING    TSLA: No liquid PUT options available
2026-06-12 13:58:10,324  WARNING  Error getting options for AVGO: name 'OptionType' is not defined
2026-06-12 13:58:10,324  WARNING    AVGO: No liquid PUT options available
2026-06-12 13:58:10,325  INFO  No options positions entered.
2026-06-12 13:58:15,387  INFO  ============================================================
2026-06-12 13:58:15,387  INFO  OPTIONS SCAN — checking for BOOF 31 v2 setups...
2026-06-12 13:58:18,641  INFO  BOOF 31 v2 setups for options: ['META(score:7)', 'TSLA(score:7)', 'AVGO(score:7)']
2026-06-12 13:58:18,641  WARNING  Error getting options for META: name 'OptionType' is not defined
2026-06-12 13:58:18,641  WARNING    META: No liquid PUT options available
2026-06-12 13:58:18,642  WARNING  Error getting options for TSLA: name 'OptionType' is not defined
2026-06-12 13:58:18,642  WARNING    TSLA: No liquid PUT options available
2026-06-12 13:58:18,642  WARNING  Error getting options for AVGO: name 'OptionType' is not defined
2026-06-12 13:58:18,642  WARNING    AVGO: No liquid PUT options available
2026-06-12 13:58:18,643  INFO  No options positions entered.
2026-06-12 13:58:23,708  INFO  ============================================================
2026-06-12 13:58:23,708  INFO  OPTIONS SCAN — checking for BOOF 31 v2 setups...
2026-06-12 13:58:27,140  INFO  No BOOF 31 v2 setups found for options
2026-06-12 13:58:32,201  INFO  ============================================================
2026-06-12 13:58:32,201  INFO  OPTIONS SCAN — checking for BOOF 31 v2 setups...
2026-06-12 13:58:35,643  INFO  No BOOF 31 v2 setups found for options
2026-06-12 13:58:40,700  INFO  ============================================================
2026-06-12 13:58:40,701  INFO  OPTIONS SCAN — checking for BOOF 31 v2 setups...
2026-06-12 13:58:43,997  INFO  No BOOF 31 v2 setups found for options
2026-06-12 13:58:49,060  INFO  ============================================================
2026-06-12 13:58:49,060  INFO  OPTIONS SCAN — checking for BOOF 31 v2 setups...
2026-06-12 13:58:52,282  INFO  No BOOF 31 v2 setups found for options
2026-06-12 13:58:57,340  INFO  ============================================================
2026-06-12 13:58:57,340  INFO  OPTIONS SCAN — checking for BOOF 31 v2 setups...
2026-06-12 13:59:00,473  INFO  No BOOF 31 v2 setups found for options
2026-06-12 13:59:05,532  INFO  ============================================================
2026-06-12 13:59:05,532  INFO  OPTIONS SCAN — checking for BOOF 31 v2 setups...
2026-06-12 13:59:08,489  INFO  No BOOF 31 v2 setups found for options
2026-06-12 13:59:13,545  INFO  ============================================================
2026-06-12 13:59:13,546  INFO  OPTIONS SCAN — checking for BOOF 31 v2 setups...
2026-06-12 13:59:16,607  INFO  No BOOF 31 v2 setups found for options
2026-06-12 13:59:21,670  INFO  ============================================================
2026-06-12 13:59:21,671  INFO  OPTIONS SCAN — checking for BOOF 31 v2 setups...
2026-06-12 13:59:24,847  INFO  No BOOF 31 v2 setups found for options
2026-06-12 13:59:29,910  INFO  ============================================================
2026-06-12 13:59:29,910  INFO  OPTIONS SCAN — checking for BOOF 31 v2 setups...
2026-06-12 13:59:32,977  INFO  No BOOF 31 v2 setups found for options
2026-06-12 13:59:38,036  INFO  ============================================================
2026-06-12 13:59:38,036  INFO  OPTIONS SCAN — checking for BOOF 31 v2 setups...
2026-06-12 13:59:40,751  INFO  No BOOF 31 v2 setups found for options
2026-06-12 13:59:45,810  INFO  ============================================================
2026-06-12 13:59:45,810  INFO  OPTIONS SCAN — checking for BOOF 31 v2 setups...
2026-06-12 13:59:48,498  INFO  No BOOF 31 v2 setups found for options
2026-06-12 13:59:53,561  INFO  ============================================================
2026-06-12 13:59:53,561  INFO  OPTIONS SCAN — checking for BOOF 31 v2 setups...
2026-06-12 13:59:56,231  INFO  No BOOF 31 v2 setups found for options
2026-06-12 14:00:01,291  INFO  HEARTBEAT 16:00 ET - 24/7 Options Bot Active
2026-06-12 14:00:01,292  INFO  ============================================================
2026-06-12 14:00:01,292  INFO  OPTIONS SCAN — checking for BOOF 31 v2 setups...
2026-06-12 14:00:03,897  INFO  No BOOF 31 v2 setups found for options
2026-06-12 14:00:08,978  INFO  HEARTBEAT 16:00 ET - 24/7 Options Bot Active
2026-06-12 14:00:08,978  INFO  ============================================================
2026-06-12 14:00:08,979  INFO  OPTIONS SCAN — checking for BOOF 31 v2 setups...
2026-06-12 14:00:11,648  INFO  No BOOF 31 v2 setups found for options
2026-06-12 14:00:16,709  INFO  HEARTBEAT 16:00 ET - 24/7 Options Bot Active
2026-06-12 14:00:16,710  INFO  ============================================================
2026-06-12 14:00:16,710  INFO  OPTIONS SCAN — checking for BOOF 31 v2 setups...
2026-06-12 14:00:19,348  INFO  No BOOF 31 v2 setups found for options
2026-06-12 14:00:24,410  INFO  HEARTBEAT 16:00 ET - 24/7 Options Bot Active
2026-06-12 14:00:24,411  INFO  ============================================================
2026-06-12 14:00:24,411  INFO  OPTIONS SCAN — checking for BOOF 31 v2 setups...
2026-06-12 14:00:27,747  INFO  No BOOF 31 v2 setups found for options
2026-06-12 14:00:32,814  INFO  HEARTBEAT 16:00 ET - 24/7 Options Bot Active
2026-06-12 14:00:32,814  INFO  ============================================================
2026-06-12 14:00:32,815  INFO  OPTIONS SCAN — checking for BOOF 31 v2 setups...
2026-06-12 14:00:36,073  INFO  No BOOF 31 v2 setups found for options
2026-06-12 14:00:41,133  INFO  HEARTBEAT 16:00 ET - 24/7 Options Bot Active
2026-06-12 14:00:41,134  INFO  ============================================================
2026-06-12 14:00:41,134  INFO  OPTIONS SCAN — checking for BOOF 31 v2 setups...
2026-06-12 14:00:44,251  INFO  No BOOF 31 v2 setups found for options
2026-06-12 14:00:49,314  INFO  HEARTBEAT 16:00 ET - 24/7 Options Bot Active
2026-06-12 14:00:49,315  INFO  ============================================================
2026-06-12 14:00:49,315  INFO  OPTIONS SCAN — checking for BOOF 31 v2 setups...
2026-06-12 14:00:52,178  INFO  No BOOF 31 v2 setups found for options
2026-06-12 14:00:57,238  INFO  HEARTBEAT 16:00 ET - 24/7 Options Bot Active
2026-06-12 14:00:57,239  INFO  ============================================================
2026-06-12 14:00:57,239  INFO  OPTIONS SCAN — checking for BOOF 31 v2 setups...
2026-06-12 14:01:00,058  INFO  No BOOF 31 v2 setups found for options
2026-06-12 14:01:05,114  INFO  ============================================================
2026-06-12 14:01:05,114  INFO  OPTIONS SCAN — checking for BOOF 31 v2 setups...
2026-06-12 14:01:07,975  INFO  No BOOF 31 v2 setups found for options
2026-06-12 14:01:13,034  INFO  ============================================================
2026-06-12 14:01:13,034  INFO  OPTIONS SCAN — checking for BOOF 31 v2 setups...
2026-06-12 14:01:15,978  INFO  No BOOF 31 v2 setups found for options
2026-06-12 14:01:21,041  INFO  ============================================================
2026-06-12 14:01:21,041  INFO  OPTIONS SCAN — checking for BOOF 31 v2 setups...
2026-06-12 14:01:23,907  INFO  No BOOF 31 v2 setups found for options
2026-06-12 14:01:28,966  INFO  Market closed (16:01:28 ET) - 24/7 monitoring active
2026-06-12 14:02:29,031  INFO  Market closed (16:02:28 ET) - 24/7 monitoring active
2026-06-12 14:03:29,189  INFO  Market closed (16:03:29 ET) - 24/7 monitoring active
2026-06-12 14:04:29,249  INFO  Market closed (16:04:29 ET) - 24/7 monitoring active
2026-06-12 14:05:29,313  INFO  Market closed (16:05:29 ET) - 24/7 monitoring active
2026-06-12 14:06:29,379  INFO  Market closed (16:06:29 ET) - 24/7 monitoring active
2026-06-12 14:07:29,811  INFO  Market closed (16:07:29 ET) - 24/7 monitoring active
2026-06-12 14:08:29,876  INFO  Market closed (16:08:29 ET) - 24/7 monitoring active
2026-06-12 14:09:29,941  INFO  Market closed (16:09:29 ET) - 24/7 monitoring active
2026-06-12 14:10:30,009  INFO  Market closed (16:10:29 ET) - 24/7 monitoring active
2026-06-12 14:11:30,084  INFO  Market closed (16:11:30 ET) - 24/7 monitoring active
2026-06-12 14:12:30,143  INFO  Market closed (16:12:30 ET) - 24/7 monitoring active
2026-06-12 14:13:30,202  INFO  Market closed (16:13:30 ET) - 24/7 monitoring active
2026-06-12 14:14:30,265  INFO  Market closed (16:14:30 ET) - 24/7 monitoring active
2026-06-12 14:15:30,352  INFO  Market closed (16:15:30 ET) - 24/7 monitoring active
2026-06-12 14:16:30,419  INFO  Market closed (16:16:30 ET) - 24/7 monitoring active
2026-06-12 14:17:30,475  INFO  Market closed (16:17:30 ET) - 24/7 monitoring active
2026-06-12 14:18:30,527  INFO  Market closed (16:18:30 ET) - 24/7 monitoring active
2026-06-12 14:19:30,692  INFO  Market closed (16:19:30 ET) - 24/7 monitoring active
2026-06-12 14:20:30,751  INFO  Market closed (16:20:30 ET) - 24/7 monitoring active
2026-06-12 14:21:30,909  INFO  Market closed (16:21:30 ET) - 24/7 monitoring active
2026-06-12 14:22:30,977  INFO  Market closed (16:22:30 ET) - 24/7 monitoring active
2026-06-12 14:23:31,041  INFO  Market closed (16:23:30 ET) - 24/7 monitoring active
2026-06-12 14:24:31,102  INFO  Market closed (16:24:31 ET) - 24/7 monitoring active
2026-06-12 14:25:31,183  INFO  Market closed (16:25:31 ET) - 24/7 monitoring active
2026-06-12 14:26:31,245  INFO  Market closed (16:26:31 ET) - 24/7 monitoring active
2026-06-12 14:27:31,310  INFO  Market closed (16:27:31 ET) - 24/7 monitoring active
2026-06-12 14:28:31,369  INFO  Market closed (16:28:31 ET) - 24/7 monitoring active
2026-06-12 14:29:31,433  INFO  Market closed (16:29:31 ET) - 24/7 monitoring active
2026-06-12 14:30:31,491  INFO  Market closed (16:30:31 ET) - 24/7 monitoring active
2026-06-12 14:31:31,555  INFO  Market closed (16:31:31 ET) - 24/7 monitoring active
2026-06-12 14:32:31,610  INFO  Market closed (16:32:31 ET) - 24/7 monitoring active
2026-06-12 14:33:31,666  INFO  Market closed (16:33:31 ET) - 24/7 monitoring active
2026-06-12 14:34:31,726  INFO  Market closed (16:34:31 ET) - 24/7 monitoring active
2026-06-12 14:35:31,783  INFO  Market closed (16:35:31 ET) - 24/7 monitoring active
2026-06-12 14:36:31,844  INFO  Market closed (16:36:31 ET) - 24/7 monitoring active
2026-06-12 14:37:31,969  INFO  Market closed (16:37:31 ET) - 24/7 monitoring active
2026-06-12 14:38:32,033  INFO  Market closed (16:38:31 ET) - 24/7 monitoring active
2026-06-12 14:39:32,087  INFO  Market closed (16:39:32 ET) - 24/7 monitoring active
2026-06-12 14:40:32,152  INFO  Market closed (16:40:32 ET) - 24/7 monitoring active
2026-06-12 14:41:32,218  INFO  Market closed (16:41:32 ET) - 24/7 monitoring active
2026-06-12 14:42:32,284  INFO  Market closed (16:42:32 ET) - 24/7 monitoring active
2026-06-12 14:43:32,350  INFO  Market closed (16:43:32 ET) - 24/7 monitoring active
2026-06-12 14:44:32,417  INFO  Market closed (16:44:32 ET) - 24/7 monitoring active
2026-06-12 14:45:32,485  INFO  Market closed (16:45:32 ET) - 24/7 monitoring active
2026-06-12 14:46:32,540  INFO  Market closed (16:46:32 ET) - 24/7 monitoring active
2026-06-12 14:47:32,603  INFO  Market closed (16:47:32 ET) - 24/7 monitoring active
2026-06-12 14:48:32,657  INFO  Market closed (16:48:32 ET) - 24/7 monitoring active
2026-06-12 14:49:32,719  INFO  Market closed (16:49:32 ET) - 24/7 monitoring active
2026-06-12 14:50:32,775  INFO  Market closed (16:50:32 ET) - 24/7 monitoring active
2026-06-12 14:51:32,843  INFO  Market closed (16:51:32 ET) - 24/7 monitoring active
2026-06-12 14:52:32,901  INFO  Market closed (16:52:32 ET) - 24/7 monitoring active
2026-06-12 14:53:32,962  INFO  Market closed (16:53:32 ET) - 24/7 monitoring active
2026-06-12 14:54:33,021  INFO  Market closed (16:54:32 ET) - 24/7 monitoring active
2026-06-12 14:55:33,080  INFO  Market closed (16:55:33 ET) - 24/7 monitoring active
2026-06-12 14:56:33,138  INFO  Market closed (16:56:33 ET) - 24/7 monitoring active
2026-06-12 14:57:33,192  INFO  Market closed (16:57:33 ET) - 24/7 monitoring active
2026-06-12 14:58:33,250  INFO  Market closed (16:58:33 ET) - 24/7 monitoring active
2026-06-12 14:59:33,315  INFO  Market closed (16:59:33 ET) - 24/7 monitoring active
2026-06-12 15:00:33,375  INFO  Market closed (17:00:33 ET) - 24/7 monitoring active
2026-06-12 15:01:33,433  INFO  Market closed (17:01:33 ET) - 24/7 monitoring active
2026-06-12 15:02:33,494  INFO  Market closed (17:02:33 ET) - 24/7 monitoring active
2026-06-12 15:03:33,551  INFO  Market closed (17:03:33 ET) - 24/7 monitoring active
2026-06-12 15:04:33,609  INFO  Market closed (17:04:33 ET) - 24/7 monitoring active
2026-06-12 15:05:33,732  INFO  Market closed (17:05:33 ET) - 24/7 monitoring active
2026-06-12 15:06:33,794  INFO  Market closed (17:06:33 ET) - 24/7 monitoring active
2026-06-12 15:07:33,857  INFO  Market closed (17:07:33 ET) - 24/7 monitoring active
2026-06-12 15:08:34,363  INFO  Market closed (17:08:33 ET) - 24/7 monitoring active
2026-06-12 15:09:34,441  INFO  Market closed (17:09:34 ET) - 24/7 monitoring active
2026-06-12 15:10:34,509  INFO  Market closed (17:10:34 ET) - 24/7 monitoring active
2026-06-12 15:11:34,569  INFO  Market closed (17:11:34 ET) - 24/7 monitoring active
2026-06-12 15:12:34,629  INFO  Market closed (17:12:34 ET) - 24/7 monitoring active
2026-06-12 15:13:34,687  INFO  Market closed (17:13:34 ET) - 24/7 monitoring active
2026-06-12 15:14:34,747  INFO  Market closed (17:14:34 ET) - 24/7 monitoring active
2026-06-12 15:15:34,800  INFO  Market closed (17:15:34 ET) - 24/7 monitoring active
2026-06-12 15:16:34,859  INFO  Market closed (17:16:34 ET) - 24/7 monitoring active
2026-06-12 15:17:34,919  INFO  Market closed (17:17:34 ET) - 24/7 monitoring active
2026-06-12 15:18:34,983  INFO  Market closed (17:18:34 ET) - 24/7 monitoring active
2026-06-12 15:19:35,049  INFO  Market closed (17:19:34 ET) - 24/7 monitoring active
2026-06-12 15:20:35,112  INFO  Market closed (17:20:35 ET) - 24/7 monitoring active
2026-06-12 15:21:35,186  INFO  Market closed (17:21:35 ET) - 24/7 monitoring active
2026-06-12 15:22:35,249  INFO  Market closed (17:22:35 ET) - 24/7 monitoring active
2026-06-12 15:23:35,312  INFO  Market closed (17:23:35 ET) - 24/7 monitoring active
2026-06-12 15:24:35,405  INFO  Market closed (17:24:35 ET) - 24/7 monitoring active
2026-06-12 15:25:35,471  INFO  Market closed (17:25:35 ET) - 24/7 monitoring active
2026-06-12 15:26:35,535  INFO  Market closed (17:26:35 ET) - 24/7 monitoring active
2026-06-12 15:27:35,589  INFO  Market closed (17:27:35 ET) - 24/7 monitoring active
2026-06-12 15:28:35,648  INFO  Market closed (17:28:35 ET) - 24/7 monitoring active
2026-06-12 15:29:35,704  INFO  Market closed (17:29:35 ET) - 24/7 monitoring active
2026-06-12 15:30:35,759  INFO  Market closed (17:30:35 ET) - 24/7 monitoring active
2026-06-12 15:31:35,825  INFO  Market closed (17:31:35 ET) - 24/7 monitoring active
2026-06-12 15:32:35,891  INFO  Market closed (17:32:35 ET) - 24/7 monitoring active
2026-06-12 15:33:35,955  INFO  Market closed (17:33:35 ET) - 24/7 monitoring active
2026-06-12 15:34:36,021  INFO  Market closed (17:34:35 ET) - 24/7 monitoring active
2026-06-12 15:35:36,079  INFO  Market closed (17:35:36 ET) - 24/7 monitoring active
2026-06-12 15:36:36,137  INFO  Market closed (17:36:36 ET) - 24/7 monitoring active
2026-06-12 15:37:36,203  INFO  Market closed (17:37:36 ET) - 24/7 monitoring active
2026-06-12 15:38:36,268  INFO  Market closed (17:38:36 ET) - 24/7 monitoring active
2026-06-12 15:39:36,332  INFO  Market closed (17:39:36 ET) - 24/7 monitoring active
2026-06-12 15:40:36,390  INFO  Market closed (17:40:36 ET) - 24/7 monitoring active
2026-06-12 15:41:36,451  INFO  Market closed (17:41:36 ET) - 24/7 monitoring active
2026-06-12 15:42:36,508  INFO  Market closed (17:42:36 ET) - 24/7 monitoring active
2026-06-12 15:43:36,562  INFO  Market closed (17:43:36 ET) - 24/7 monitoring active
2026-06-12 15:44:36,624  INFO  Market closed (17:44:36 ET) - 24/7 monitoring active
2026-06-12 15:45:36,688  INFO  Market closed (17:45:36 ET) - 24/7 monitoring active
2026-06-12 15:46:36,749  INFO  Market closed (17:46:36 ET) - 24/7 monitoring active
2026-06-12 15:47:36,809  INFO  Market closed (17:47:36 ET) - 24/7 monitoring active
2026-06-12 15:48:36,873  INFO  Market closed (17:48:36 ET) - 24/7 monitoring active
2026-06-12 15:49:36,947  INFO  Market closed (17:49:36 ET) - 24/7 monitoring active
2026-06-12 15:50:37,011  INFO  Market closed (17:50:36 ET) - 24/7 monitoring active
2026-06-12 15:51:37,065  INFO  Market closed (17:51:37 ET) - 24/7 monitoring active
2026-06-12 15:52:37,127  INFO  Market closed (17:52:37 ET) - 24/7 monitoring active
2026-06-12 15:53:37,182  INFO  Market closed (17:53:37 ET) - 24/7 monitoring active
2026-06-12 15:54:37,250  INFO  Market closed (17:54:37 ET) - 24/7 monitoring active
2026-06-12 15:55:37,319  INFO  Market closed (17:55:37 ET) - 24/7 monitoring active
2026-06-12 15:56:37,378  INFO  Market closed (17:56:37 ET) - 24/7 monitoring active
2026-06-12 15:57:37,441  INFO  Market closed (17:57:37 ET) - 24/7 monitoring active
2026-06-12 15:58:37,505  INFO  Market closed (17:58:37 ET) - 24/7 monitoring active
2026-06-12 15:59:37,569  INFO  Market closed (17:59:37 ET) - 24/7 monitoring active
2026-06-12 16:00:37,631  INFO  Market closed (18:00:37 ET) - 24/7 monitoring active
2026-06-12 16:01:37,683  INFO  Market closed (18:01:37 ET) - 24/7 monitoring active
2026-06-12 16:02:37,748  INFO  Market closed (18:02:37 ET) - 24/7 monitoring active
2026-06-12 16:03:37,805  INFO  Market closed (18:03:37 ET) - 24/7 monitoring active
2026-06-12 16:04:37,857  INFO  Market closed (18:04:37 ET) - 24/7 monitoring active
2026-06-12 16:05:37,921  INFO  Market closed (18:05:37 ET) - 24/7 monitoring active
2026-06-12 16:06:37,991  INFO  Market closed (18:06:37 ET) - 24/7 monitoring active
2026-06-12 16:07:38,054  INFO  Market closed (18:07:37 ET) - 24/7 monitoring active
2026-06-12 16:08:38,120  INFO  Market closed (18:08:38 ET) - 24/7 monitoring active
2026-06-12 16:09:38,594  INFO  Market closed (18:09:38 ET) - 24/7 monitoring active
2026-06-12 16:10:38,649  INFO  Market closed (18:10:38 ET) - 24/7 monitoring active
2026-06-12 16:11:38,716  INFO  Market closed (18:11:38 ET) - 24/7 monitoring active
2026-06-12 16:12:38,778  INFO  Market closed (18:12:38 ET) - 24/7 monitoring active
2026-06-12 16:13:38,845  INFO  Market closed (18:13:38 ET) - 24/7 monitoring active
2026-06-12 16:14:38,908  INFO  Market closed (18:14:38 ET) - 24/7 monitoring active
2026-06-12 16:15:38,968  INFO  Market closed (18:15:38 ET) - 24/7 monitoring active
2026-06-12 16:16:39,025  INFO  Market closed (18:16:38 ET) - 24/7 monitoring active
2026-06-12 16:17:39,079  INFO  Market closed (18:17:39 ET) - 24/7 monitoring active
2026-06-12 16:18:39,141  INFO  Market closed (18:18:39 ET) - 24/7 monitoring active
2026-06-12 16:19:39,205  INFO  Market closed (18:19:39 ET) - 24/7 monitoring active
2026-06-12 16:20:39,267  INFO  Market closed (18:20:39 ET) - 24/7 monitoring active
2026-06-12 16:21:39,341  INFO  Market closed (18:21:39 ET) - 24/7 monitoring active
2026-06-12 16:22:39,396  INFO  Market closed (18:22:39 ET) - 24/7 monitoring active
2026-06-12 16:23:39,458  INFO  Market closed (18:23:39 ET) - 24/7 monitoring active
2026-06-12 16:24:39,528  INFO  Market closed (18:24:39 ET) - 24/7 monitoring active
2026-06-12 16:25:39,591  INFO  Market closed (18:25:39 ET) - 24/7 monitoring active
2026-06-12 16:26:39,651  INFO  Market closed (18:26:39 ET) - 24/7 monitoring active
2026-06-12 16:27:39,719  INFO  Market closed (18:27:39 ET) - 24/7 monitoring active
2026-06-12 16:28:39,812  INFO  Market closed (18:28:39 ET) - 24/7 monitoring active
2026-06-12 16:29:39,885  INFO  Market closed (18:29:39 ET) - 24/7 monitoring active
2026-06-12 16:30:39,948  INFO  Market closed (18:30:39 ET) - 24/7 monitoring active
2026-06-12 16:31:40,020  INFO  Market closed (18:31:39 ET) - 24/7 monitoring active
2026-06-12 16:32:40,091  INFO  Market closed (18:32:40 ET) - 24/7 monitoring active
2026-06-12 16:33:40,153  INFO  Market closed (18:33:40 ET) - 24/7 monitoring active
2026-06-12 16:34:40,216  INFO  Market closed (18:34:40 ET) - 24/7 monitoring active
2026-06-12 16:35:40,270  INFO  Market closed (18:35:40 ET) - 24/7 monitoring active
2026-06-12 16:36:40,337  INFO  Market closed (18:36:40 ET) - 24/7 monitoring active
2026-06-12 16:37:40,397  INFO  Market closed (18:37:40 ET) - 24/7 monitoring active
2026-06-12 16:38:40,457  INFO  Market closed (18:38:40 ET) - 24/7 monitoring active
2026-06-12 16:39:40,510  INFO  Market closed (18:39:40 ET) - 24/7 monitoring active
2026-06-12 16:40:40,572  INFO  Market closed (18:40:40 ET) - 24/7 monitoring active
2026-06-12 16:41:40,633  INFO  Market closed (18:41:40 ET) - 24/7 monitoring active
2026-06-12 16:42:40,697  INFO  Market closed (18:42:40 ET) - 24/7 monitoring active
2026-06-12 16:43:40,768  INFO  Market closed (18:43:40 ET) - 24/7 monitoring active
2026-06-12 16:44:40,830  INFO  Market closed (18:44:40 ET) - 24/7 monitoring active
2026-06-12 16:45:40,898  INFO  Market closed (18:45:40 ET) - 24/7 monitoring active
2026-06-12 16:46:40,952  INFO  Market closed (18:46:40 ET) - 24/7 monitoring active
2026-06-12 16:47:41,023  INFO  Market closed (18:47:40 ET) - 24/7 monitoring active
2026-06-12 16:48:41,075  INFO  Market closed (18:48:41 ET) - 24/7 monitoring active
2026-06-12 16:49:41,132  INFO  Market closed (18:49:41 ET) - 24/7 monitoring active
2026-06-12 16:50:41,193  INFO  Market closed (18:50:41 ET) - 24/7 monitoring active
2026-06-12 16:51:41,248  INFO  Market closed (18:51:41 ET) - 24/7 monitoring active
2026-06-12 16:52:41,310  INFO  Market closed (18:52:41 ET) - 24/7 monitoring active
2026-06-12 16:53:41,362  INFO  Market closed (18:53:41 ET) - 24/7 monitoring active
2026-06-12 16:54:41,419  INFO  Market closed (18:54:41 ET) - 24/7 monitoring active
2026-06-12 16:55:41,484  INFO  Market closed (18:55:41 ET) - 24/7 monitoring active
2026-06-12 16:56:41,542  INFO  Market closed (18:56:41 ET) - 24/7 monitoring active
2026-06-12 16:57:41,605  INFO  Market closed (18:57:41 ET) - 24/7 monitoring active
2026-06-12 16:58:41,665  INFO  Market closed (18:58:41 ET) - 24/7 monitoring active
2026-06-12 16:59:41,722  INFO  Market closed (18:59:41 ET) - 24/7 monitoring active
2026-06-12 17:00:41,785  INFO  Market closed (19:00:41 ET) - 24/7 monitoring active
2026-06-12 17:01:41,845  INFO  Market closed (19:01:41 ET) - 24/7 monitoring active
2026-06-12 17:02:41,899  INFO  Market closed (19:02:41 ET) - 24/7 monitoring active
2026-06-12 17:03:41,959  INFO  Market closed (19:03:41 ET) - 24/7 monitoring active
2026-06-12 17:04:42,018  INFO  Market closed (19:04:41 ET) - 24/7 monitoring active
2026-06-12 17:05:42,093  INFO  Market closed (19:05:42 ET) - 24/7 monitoring active
2026-06-12 17:06:42,163  INFO  Market closed (19:06:42 ET) - 24/7 monitoring active
2026-06-12 17:07:42,220  INFO  Market closed (19:07:42 ET) - 24/7 monitoring active
2026-06-12 17:08:42,275  INFO  Market closed (19:08:42 ET) - 24/7 monitoring active
2026-06-12 17:09:42,338  INFO  Market closed (19:09:42 ET) - 24/7 monitoring active
2026-06-12 17:10:42,906  INFO  Market closed (19:10:42 ET) - 24/7 monitoring active
2026-06-12 17:11:42,960  INFO  Market closed (19:11:42 ET) - 24/7 monitoring active
2026-06-12 17:12:43,020  INFO  Market closed (19:12:42 ET) - 24/7 monitoring active
2026-06-12 17:13:43,081  INFO  Market closed (19:13:43 ET) - 24/7 monitoring active
2026-06-12 17:14:43,143  INFO  Market closed (19:14:43 ET) - 24/7 monitoring active
2026-06-12 17:15:43,200  INFO  Market closed (19:15:43 ET) - 24/7 monitoring active
2026-06-12 17:16:43,252  INFO  Market closed (19:16:43 ET) - 24/7 monitoring active
2026-06-12 17:17:43,321  INFO  Market closed (19:17:43 ET) - 24/7 monitoring active
2026-06-12 17:18:43,389  INFO  Market closed (19:18:43 ET) - 24/7 monitoring active
2026-06-12 17:19:43,455  INFO  Market closed (19:19:43 ET) - 24/7 monitoring active
2026-06-12 17:20:43,517  INFO  Market closed (19:20:43 ET) - 24/7 monitoring active
2026-06-12 17:21:43,572  INFO  Market closed (19:21:43 ET) - 24/7 monitoring active
2026-06-12 17:22:43,638  INFO  Market closed (19:22:43 ET) - 24/7 monitoring active
2026-06-12 17:23:43,705  INFO  Market closed (19:23:43 ET) - 24/7 monitoring active
2026-06-12 17:24:43,765  INFO  Market closed (19:24:43 ET) - 24/7 monitoring active
2026-06-12 17:25:43,822  INFO  Market closed (19:25:43 ET) - 24/7 monitoring active
2026-06-12 17:26:43,886  INFO  Market closed (19:26:43 ET) - 24/7 monitoring active
2026-06-12 17:27:43,944  INFO  Market closed (19:27:43 ET) - 24/7 monitoring active
2026-06-12 17:28:44,015  INFO  Market closed (19:28:43 ET) - 24/7 monitoring active
2026-06-12 17:29:44,073  INFO  Market closed (19:29:44 ET) - 24/7 monitoring active
2026-06-12 17:30:44,128  INFO  Market closed (19:30:44 ET) - 24/7 monitoring active
2026-06-12 17:31:44,192  INFO  Market closed (19:31:44 ET) - 24/7 monitoring active
2026-06-12 17:32:44,263  INFO  Market closed (19:32:44 ET) - 24/7 monitoring active
2026-06-12 17:33:44,322  INFO  Market closed (19:33:44 ET) - 24/7 monitoring active
2026-06-12 17:34:44,393  INFO  Market closed (19:34:44 ET) - 24/7 monitoring active
2026-06-12 17:35:44,462  INFO  Market closed (19:35:44 ET) - 24/7 monitoring active
2026-06-12 17:36:44,517  INFO  Market closed (19:36:44 ET) - 24/7 monitoring active
2026-06-12 17:37:44,576  INFO  Market closed (19:37:44 ET) - 24/7 monitoring active
2026-06-12 17:38:44,629  INFO  Market closed (19:38:44 ET) - 24/7 monitoring active
2026-06-12 17:39:44,691  INFO  Market closed (19:39:44 ET) - 24/7 monitoring active
2026-06-12 17:40:44,747  INFO  Market closed (19:40:44 ET) - 24/7 monitoring active
2026-06-12 17:41:44,815  INFO  Market closed (19:41:44 ET) - 24/7 monitoring active
2026-06-12 17:42:44,874  INFO  Market closed (19:42:44 ET) - 24/7 monitoring active
2026-06-12 17:43:44,935  INFO  Market closed (19:43:44 ET) - 24/7 monitoring active
2026-06-12 17:44:44,990  INFO  Market closed (19:44:44 ET) - 24/7 monitoring active
2026-06-12 17:45:45,052  INFO  Market closed (19:45:44 ET) - 24/7 monitoring active
2026-06-12 17:46:45,110  INFO  Market closed (19:46:45 ET) - 24/7 monitoring active
2026-06-12 17:47:45,174  INFO  Market closed (19:47:45 ET) - 24/7 monitoring active
2026-06-12 17:48:45,237  INFO  Market closed (19:48:45 ET) - 24/7 monitoring active
2026-06-12 17:49:45,291  INFO  Market closed (19:49:45 ET) - 24/7 monitoring active
2026-06-12 17:50:45,352  INFO  Market closed (19:50:45 ET) - 24/7 monitoring active
2026-06-12 17:51:45,415  INFO  Market closed (19:51:45 ET) - 24/7 monitoring active
2026-06-12 17:52:45,473  INFO  Market closed (19:52:45 ET) - 24/7 monitoring active
2026-06-12 17:53:45,533  INFO  Market closed (19:53:45 ET) - 24/7 monitoring active
2026-06-12 17:54:45,597  INFO  Market closed (19:54:45 ET) - 24/7 monitoring active
2026-06-12 17:55:45,657  INFO  Market closed (19:55:45 ET) - 24/7 monitoring active
2026-06-12 17:56:45,779  INFO  Market closed (19:56:45 ET) - 24/7 monitoring active
2026-06-12 17:57:45,845  INFO  Market closed (19:57:45 ET) - 24/7 monitoring active
2026-06-12 17:58:45,908  INFO  Market closed (19:58:45 ET) - 24/7 monitoring active
2026-06-12 17:59:45,974  INFO  Market closed (19:59:45 ET) - 24/7 monitoring active
2026-06-12 18:00:46,045  INFO  Market closed (20:00:45 ET) - 24/7 monitoring active
2026-06-12 18:01:46,106  INFO  Market closed (20:01:46 ET) - 24/7 monitoring active
2026-06-12 18:02:46,168  INFO  Market closed (20:02:46 ET) - 24/7 monitoring active
2026-06-12 18:03:46,227  INFO  Market closed (20:03:46 ET) - 24/7 monitoring active
2026-06-12 18:04:46,287  INFO  Market closed (20:04:46 ET) - 24/7 monitoring active
2026-06-12 18:05:46,364  INFO  Market closed (20:05:46 ET) - 24/7 monitoring active
2026-06-12 18:06:46,419  INFO  Market closed (20:06:46 ET) - 24/7 monitoring active
2026-06-12 18:07:46,480  INFO  Market closed (20:07:46 ET) - 24/7 monitoring active
2026-06-12 18:08:46,545  INFO  Market closed (20:08:46 ET) - 24/7 monitoring active
2026-06-12 18:09:46,621  INFO  Market closed (20:09:46 ET) - 24/7 monitoring active
2026-06-12 18:10:46,681  INFO  Market closed (20:10:46 ET) - 24/7 monitoring active
2026-06-12 18:11:47,119  INFO  Market closed (20:11:46 ET) - 24/7 monitoring active
2026-06-12 18:12:47,185  INFO  Market closed (20:12:47 ET) - 24/7 monitoring active
2026-06-12 18:13:47,243  INFO  Market closed (20:13:47 ET) - 24/7 monitoring active
2026-06-12 18:14:47,309  INFO  Market closed (20:14:47 ET) - 24/7 monitoring active
2026-06-12 18:15:47,369  INFO  Market closed (20:15:47 ET) - 24/7 monitoring active
2026-06-12 18:16:47,433  INFO  Market closed (20:16:47 ET) - 24/7 monitoring active
2026-06-12 18:17:47,495  INFO  Market closed (20:17:47 ET) - 24/7 monitoring active
2026-06-12 18:18:47,552  INFO  Market closed (20:18:47 ET) - 24/7 monitoring active
2026-06-12 18:19:47,607  INFO  Market closed (20:19:47 ET) - 24/7 monitoring active
2026-06-12 18:20:47,670  INFO  Market closed (20:20:47 ET) - 24/7 monitoring active
2026-06-12 18:21:47,729  INFO  Market closed (20:21:47 ET) - 24/7 monitoring active
2026-06-12 18:22:47,787  INFO  Market closed (20:22:47 ET) - 24/7 monitoring active
2026-06-12 18:23:47,849  INFO  Market closed (20:23:47 ET) - 24/7 monitoring active
2026-06-12 18:24:47,910  INFO  Market closed (20:24:47 ET) - 24/7 monitoring active
2026-06-12 18:25:47,970  INFO  Market closed (20:25:47 ET) - 24/7 monitoring active
2026-06-12 18:26:48,032  INFO  Market closed (20:26:47 ET) - 24/7 monitoring active
2026-06-12 18:27:48,096  INFO  Market closed (20:27:48 ET) - 24/7 monitoring active
2026-06-12 18:28:48,156  INFO  Market closed (20:28:48 ET) - 24/7 monitoring active
2026-06-12 18:29:48,212  INFO  Market closed (20:29:48 ET) - 24/7 monitoring active
2026-06-12 18:30:48,346  INFO  Market closed (20:30:48 ET) - 24/7 monitoring active
2026-06-12 18:31:48,406  INFO  Market closed (20:31:48 ET) - 24/7 monitoring active
2026-06-12 18:32:48,468  INFO  Market closed (20:32:48 ET) - 24/7 monitoring active
2026-06-12 18:33:48,526  INFO  Market closed (20:33:48 ET) - 24/7 monitoring active
2026-06-12 18:34:48,587  INFO  Market closed (20:34:48 ET) - 24/7 monitoring active
2026-06-12 18:35:48,651  INFO  Market closed (20:35:48 ET) - 24/7 monitoring active
2026-06-12 18:36:48,712  INFO  Market closed (20:36:48 ET) - 24/7 monitoring active
2026-06-12 18:37:48,777  INFO  Market closed (20:37:48 ET) - 24/7 monitoring active
2026-06-12 18:38:48,831  INFO  Market closed (20:38:48 ET) - 24/7 monitoring active
2026-06-12 18:39:48,888  INFO  Market closed (20:39:48 ET) - 24/7 monitoring active
2026-06-12 18:40:48,951  INFO  Market closed (20:40:48 ET) - 24/7 monitoring active
2026-06-12 18:41:49,035  INFO  Market closed (20:41:48 ET) - 24/7 monitoring active
2026-06-12 18:42:49,104  INFO  Market closed (20:42:49 ET) - 24/7 monitoring active
2026-06-12 18:43:49,167  INFO  Market closed (20:43:49 ET) - 24/7 monitoring active
2026-06-12 18:44:49,231  INFO  Market closed (20:44:49 ET) - 24/7 monitoring active
2026-06-12 18:45:49,303  INFO  Market closed (20:45:49 ET) - 24/7 monitoring active
2026-06-12 18:46:49,367  INFO  Market closed (20:46:49 ET) - 24/7 monitoring active
2026-06-12 18:47:49,431  INFO  Market closed (20:47:49 ET) - 24/7 monitoring active
2026-06-12 18:48:49,493  INFO  Market closed (20:48:49 ET) - 24/7 monitoring active
2026-06-12 18:49:49,558  INFO  Market closed (20:49:49 ET) - 24/7 monitoring active
2026-06-12 18:50:49,640  INFO  Market closed (20:50:49 ET) - 24/7 monitoring active
2026-06-12 18:51:49,703  INFO  Market closed (20:51:49 ET) - 24/7 monitoring active
2026-06-12 18:52:49,797  INFO  Market closed (20:52:49 ET) - 24/7 monitoring active
2026-06-12 18:53:49,869  INFO  Market closed (20:53:49 ET) - 24/7 monitoring active
2026-06-12 18:54:49,926  INFO  Market closed (20:54:49 ET) - 24/7 monitoring active
2026-06-12 18:55:49,980  INFO  Market closed (20:55:49 ET) - 24/7 monitoring active
2026-06-12 18:56:50,042  INFO  Market closed (20:56:49 ET) - 24/7 monitoring active
2026-06-12 18:57:50,101  INFO  Market closed (20:57:50 ET) - 24/7 monitoring active
2026-06-12 18:58:50,163  INFO  Market closed (20:58:50 ET) - 24/7 monitoring active
2026-06-12 18:59:50,214  INFO  Market closed (20:59:50 ET) - 24/7 monitoring active
2026-06-12 19:00:50,275  INFO  Market closed (21:00:50 ET) - 24/7 monitoring active
2026-06-12 19:01:50,335  INFO  Market closed (21:01:50 ET) - 24/7 monitoring active
2026-06-12 19:02:50,395  INFO  Market closed (21:02:50 ET) - 24/7 monitoring active
2026-06-12 19:03:50,453  INFO  Market closed (21:03:50 ET) - 24/7 monitoring active
2026-06-12 19:04:50,517  INFO  Market closed (21:04:50 ET) - 24/7 monitoring active
2026-06-12 19:05:50,581  INFO  Market closed (21:05:50 ET) - 24/7 monitoring active
2026-06-12 19:06:50,639  INFO  Market closed (21:06:50 ET) - 24/7 monitoring active
2026-06-12 19:07:50,699  INFO  Market closed (21:07:50 ET) - 24/7 monitoring active
2026-06-12 19:08:50,761  INFO  Market closed (21:08:50 ET) - 24/7 monitoring active
2026-06-12 19:09:50,865  INFO  Market closed (21:09:50 ET) - 24/7 monitoring active
2026-06-12 19:10:50,925  INFO  Market closed (21:10:50 ET) - 24/7 monitoring active
2026-06-12 19:11:50,986  INFO  Market closed (21:11:50 ET) - 24/7 monitoring active
2026-06-12 19:12:51,463  INFO  Market closed (21:12:50 ET) - 24/7 monitoring active
2026-06-12 19:13:51,521  INFO  Market closed (21:13:51 ET) - 24/7 monitoring active
2026-06-12 19:14:51,587  INFO  Market closed (21:14:51 ET) - 24/7 monitoring active
2026-06-12 19:15:51,648  INFO  Market closed (21:15:51 ET) - 24/7 monitoring active
2026-06-12 19:16:51,712  INFO  Market closed (21:16:51 ET) - 24/7 monitoring active
2026-06-12 19:17:51,816  INFO  Market closed (21:17:51 ET) - 24/7 monitoring active
2026-06-12 19:18:51,871  INFO  Market closed (21:18:51 ET) - 24/7 monitoring active
2026-06-12 19:19:51,928  INFO  Market closed (21:19:51 ET) - 24/7 monitoring active
2026-06-12 19:20:51,992  INFO  Market closed (21:20:51 ET) - 24/7 monitoring active
2026-06-12 19:21:52,054  INFO  Market closed (21:21:51 ET) - 24/7 monitoring active
2026-06-12 19:22:52,141  INFO  Market closed (21:22:52 ET) - 24/7 monitoring active
2026-06-12 19:23:52,200  INFO  Market closed (21:23:52 ET) - 24/7 monitoring active
2026-06-12 19:24:52,265  INFO  Market closed (21:24:52 ET) - 24/7 monitoring active
2026-06-12 19:25:52,321  INFO  Market closed (21:25:52 ET) - 24/7 monitoring active
2026-06-12 19:26:52,379  INFO  Market closed (21:26:52 ET) - 24/7 monitoring active
2026-06-12 19:27:52,444  INFO  Market closed (21:27:52 ET) - 24/7 monitoring active
2026-06-12 19:28:52,503  INFO  Market closed (21:28:52 ET) - 24/7 monitoring active
2026-06-12 19:29:52,565  INFO  Market closed (21:29:52 ET) - 24/7 monitoring active
2026-06-12 19:30:52,629  INFO  Market closed (21:30:52 ET) - 24/7 monitoring active
2026-06-12 19:31:52,683  INFO  Market closed (21:31:52 ET) - 24/7 monitoring active
2026-06-12 19:32:52,739  INFO  Market closed (21:32:52 ET) - 24/7 monitoring active
2026-06-12 19:33:52,802  INFO  Market closed (21:33:52 ET) - 24/7 monitoring active
2026-06-12 19:34:52,863  INFO  Market closed (21:34:52 ET) - 24/7 monitoring active
2026-06-12 19:35:52,921  INFO  Market closed (21:35:52 ET) - 24/7 monitoring active
2026-06-12 19:36:52,980  INFO  Market closed (21:36:52 ET) - 24/7 monitoring active
2026-06-12 19:37:53,037  INFO  Market closed (21:37:52 ET) - 24/7 monitoring active
2026-06-12 19:38:53,093  INFO  Market closed (21:38:53 ET) - 24/7 monitoring active
2026-06-12 19:39:53,156  INFO  Market closed (21:39:53 ET) - 24/7 monitoring active
2026-06-12 19:40:53,220  INFO  Market closed (21:40:53 ET) - 24/7 monitoring active
2026-06-12 19:41:53,277  INFO  Market closed (21:41:53 ET) - 24/7 monitoring active
2026-06-12 19:42:53,337  INFO  Market closed (21:42:53 ET) - 24/7 monitoring active
2026-06-12 19:43:53,392  INFO  Market closed (21:43:53 ET) - 24/7 monitoring active
2026-06-12 19:44:53,451  INFO  Market closed (21:44:53 ET) - 24/7 monitoring active
2026-06-12 19:45:53,511  INFO  Market closed (21:45:53 ET) - 24/7 monitoring active
2026-06-12 19:46:53,570  INFO  Market closed (21:46:53 ET) - 24/7 monitoring active
2026-06-12 19:47:53,668  INFO  Market closed (21:47:53 ET) - 24/7 monitoring active
2026-06-12 19:48:53,726  INFO  Market closed (21:48:53 ET) - 24/7 monitoring active
2026-06-12 19:49:53,786  INFO  Market closed (21:49:53 ET) - 24/7 monitoring active
2026-06-12 19:50:53,847  INFO  Market closed (21:50:53 ET) - 24/7 monitoring active
2026-06-12 19:51:53,912  INFO  Market closed (21:51:53 ET) - 24/7 monitoring active
2026-06-12 19:52:53,971  INFO  Market closed (21:52:53 ET) - 24/7 monitoring active
2026-06-12 19:53:54,023  INFO  Market closed (21:53:53 ET) - 24/7 monitoring active
2026-06-12 19:54:54,084  INFO  Market closed (21:54:54 ET) - 24/7 monitoring active
2026-06-12 19:55:54,137  INFO  Market closed (21:55:54 ET) - 24/7 monitoring active
2026-06-12 19:56:54,198  INFO  Market closed (21:56:54 ET) - 24/7 monitoring active
2026-06-12 19:57:54,258  INFO  Market closed (21:57:54 ET) - 24/7 monitoring active
2026-06-12 19:58:54,328  INFO  Market closed (21:58:54 ET) - 24/7 monitoring active
2026-06-12 19:59:54,390  INFO  Market closed (21:59:54 ET) - 24/7 monitoring active
2026-06-12 20:00:54,449  INFO  Market closed (22:00:54 ET) - 24/7 monitoring active
2026-06-12 20:01:54,512  INFO  Market closed (22:01:54 ET) - 24/7 monitoring active
2026-06-12 20:02:54,577  INFO  Market closed (22:02:54 ET) - 24/7 monitoring active
2026-06-12 20:03:54,644  INFO  Market closed (22:03:54 ET) - 24/7 monitoring active
2026-06-12 20:04:54,703  INFO  Market closed (22:04:54 ET) - 24/7 monitoring active
2026-06-12 20:05:54,764  INFO  Market closed (22:05:54 ET) - 24/7 monitoring active
2026-06-12 20:06:54,824  INFO  Market closed (22:06:54 ET) - 24/7 monitoring active
2026-06-12 20:07:54,882  INFO  Market closed (22:07:54 ET) - 24/7 monitoring active
2026-06-12 20:08:54,945  INFO  Market closed (22:08:54 ET) - 24/7 monitoring active
2026-06-12 20:09:55,012  INFO  Market closed (22:09:54 ET) - 24/7 monitoring active
2026-06-12 20:10:55,069  INFO  Market closed (22:10:55 ET) - 24/7 monitoring active
2026-06-12 20:11:55,133  INFO  Market closed (22:11:55 ET) - 24/7 monitoring active
2026-06-12 20:12:55,195  INFO  Market closed (22:12:55 ET) - 24/7 monitoring active
2026-06-12 20:13:55,654  INFO  Market closed (22:13:55 ET) - 24/7 monitoring active
2026-06-12 20:14:55,718  INFO  Market closed (22:14:55 ET) - 24/7 monitoring active
2026-06-12 20:15:55,791  INFO  Market closed (22:15:55 ET) - 24/7 monitoring active
2026-06-12 20:16:55,857  INFO  Market closed (22:16:55 ET) - 24/7 monitoring active
2026-06-12 20:17:55,924  INFO  Market closed (22:17:55 ET) - 24/7 monitoring active
2026-06-12 20:18:55,990  INFO  Market closed (22:18:55 ET) - 24/7 monitoring active
2026-06-12 20:19:56,055  INFO  Market closed (22:19:55 ET) - 24/7 monitoring active
2026-06-12 20:20:56,129  INFO  Market closed (22:20:56 ET) - 24/7 monitoring active
2026-06-12 20:21:56,193  INFO  Market closed (22:21:56 ET) - 24/7 monitoring active
2026-06-12 20:22:56,252  INFO  Market closed (22:22:56 ET) - 24/7 monitoring active
2026-06-12 20:23:56,312  INFO  Market closed (22:23:56 ET) - 24/7 monitoring active
2026-06-12 20:24:56,378  INFO  Market closed (22:24:56 ET) - 24/7 monitoring active
2026-06-12 20:25:56,434  INFO  Market closed (22:25:56 ET) - 24/7 monitoring active
2026-06-12 20:26:56,504  INFO  Market closed (22:26:56 ET) - 24/7 monitoring active
2026-06-12 20:27:56,572  INFO  Market closed (22:27:56 ET) - 24/7 monitoring active
2026-06-12 20:28:56,633  INFO  Market closed (22:28:56 ET) - 24/7 monitoring active
2026-06-12 20:29:56,692  INFO  Market closed (22:29:56 ET) - 24/7 monitoring active
2026-06-12 20:30:56,767  INFO  Market closed (22:30:56 ET) - 24/7 monitoring active
2026-06-12 20:31:56,825  INFO  Market closed (22:31:56 ET) - 24/7 monitoring active
2026-06-12 20:32:56,893  INFO  Market closed (22:32:56 ET) - 24/7 monitoring active
2026-06-12 20:33:56,949  INFO  Market closed (22:33:56 ET) - 24/7 monitoring active
2026-06-12 20:34:57,009  INFO  Market closed (22:34:56 ET) - 24/7 monitoring active
2026-06-12 20:35:57,065  INFO  Market closed (22:35:57 ET) - 24/7 monitoring active
2026-06-12 20:36:57,136  INFO  Market closed (22:36:57 ET) - 24/7 monitoring active
2026-06-12 20:37:57,192  INFO  Market closed (22:37:57 ET) - 24/7 monitoring active
2026-06-12 20:38:57,246  INFO  Market closed (22:38:57 ET) - 24/7 monitoring active
2026-06-12 20:39:57,308  INFO  Market closed (22:39:57 ET) - 24/7 monitoring active
2026-06-12 20:40:57,371  INFO  Market closed (22:40:57 ET) - 24/7 monitoring active
2026-06-12 20:41:57,432  INFO  Market closed (22:41:57 ET) - 24/7 monitoring active
2026-06-12 20:42:57,487  INFO  Market closed (22:42:57 ET) - 24/7 monitoring active
2026-06-12 20:43:57,551  INFO  Market closed (22:43:57 ET) - 24/7 monitoring active
2026-06-12 20:44:57,609  INFO  Market closed (22:44:57 ET) - 24/7 monitoring active
2026-06-12 20:45:57,667  INFO  Market closed (22:45:57 ET) - 24/7 monitoring active
2026-06-12 20:46:57,732  INFO  Market closed (22:46:57 ET) - 24/7 monitoring active
2026-06-12 20:47:57,800  INFO  Market closed (22:47:57 ET) - 24/7 monitoring active
2026-06-12 20:48:57,861  INFO  Market closed (22:48:57 ET) - 24/7 monitoring active
2026-06-12 20:49:57,923  INFO  Market closed (22:49:57 ET) - 24/7 monitoring active
2026-06-12 20:50:57,979  INFO  Market closed (22:50:57 ET) - 24/7 monitoring active
2026-06-12 20:51:58,047  INFO  Market closed (22:51:57 ET) - 24/7 monitoring active
2026-06-12 20:52:58,112  INFO  Market closed (22:52:58 ET) - 24/7 monitoring active
2026-06-12 20:53:58,172  INFO  Market closed (22:53:58 ET) - 24/7 monitoring active
2026-06-12 20:54:58,227  INFO  Market closed (22:54:58 ET) - 24/7 monitoring active
2026-06-12 20:55:58,281  INFO  Market closed (22:55:58 ET) - 24/7 monitoring active
2026-06-12 20:56:58,341  INFO  Market closed (22:56:58 ET) - 24/7 monitoring active
2026-06-12 20:57:58,405  INFO  Market closed (22:57:58 ET) - 24/7 monitoring active
2026-06-12 20:58:58,464  INFO  Market closed (22:58:58 ET) - 24/7 monitoring active
2026-06-12 20:59:58,540  INFO  Market closed (22:59:58 ET) - 24/7 monitoring active
2026-06-12 21:00:58,600  INFO  Market closed (23:00:58 ET) - 24/7 monitoring active
2026-06-12 21:01:58,661  INFO  Market closed (23:01:58 ET) - 24/7 monitoring active
2026-06-12 21:02:58,717  INFO  Market closed (23:02:58 ET) - 24/7 monitoring active
2026-06-12 21:03:58,776  INFO  Market closed (23:03:58 ET) - 24/7 monitoring active
2026-06-12 21:04:58,836  INFO  Market closed (23:04:58 ET) - 24/7 monitoring active
2026-06-12 21:05:58,896  INFO  Market closed (23:05:58 ET) - 24/7 monitoring active
2026-06-12 21:06:58,952  INFO  Market closed (23:06:58 ET) - 24/7 monitoring active
2026-06-12 21:07:59,010  INFO  Market closed (23:07:58 ET) - 24/7 monitoring active
2026-06-12 21:08:59,070  INFO  Market closed (23:08:59 ET) - 24/7 monitoring active
2026-06-12 21:09:59,132  INFO  Market closed (23:09:59 ET) - 24/7 monitoring active
2026-06-12 21:10:59,191  INFO  Market closed (23:10:59 ET) - 24/7 monitoring active
2026-06-12 21:11:59,251  INFO  Market closed (23:11:59 ET) - 24/7 monitoring active
2026-06-12 21:12:59,319  INFO  Market closed (23:12:59 ET) - 24/7 monitoring active
2026-06-12 21:13:59,382  INFO  Market closed (23:13:59 ET) - 24/7 monitoring active
2026-06-12 21:14:59,857  INFO  Market closed (23:14:59 ET) - 24/7 monitoring active
2026-06-12 21:15:59,917  INFO  Market closed (23:15:59 ET) - 24/7 monitoring active
2026-06-12 21:16:59,976  INFO  Market closed (23:16:59 ET) - 24/7 monitoring active
2026-06-12 21:18:00,031  INFO  Market closed (23:17:59 ET) - 24/7 monitoring active
2026-06-12 21:19:00,088  INFO  Market closed (23:19:00 ET) - 24/7 monitoring active
2026-06-12 21:20:00,148  INFO  Market closed (23:20:00 ET) - 24/7 monitoring active
2026-06-12 21:21:00,199  INFO  Market closed (23:21:00 ET) - 24/7 monitoring active
2026-06-12 21:22:00,256  INFO  Market closed (23:22:00 ET) - 24/7 monitoring active
2026-06-12 21:23:00,312  INFO  Market closed (23:23:00 ET) - 24/7 monitoring active
2026-06-12 21:24:00,384  INFO  Market closed (23:24:00 ET) - 24/7 monitoring active
2026-06-12 21:25:00,449  INFO  Market closed (23:25:00 ET) - 24/7 monitoring active
2026-06-12 21:26:00,505  INFO  Market closed (23:26:00 ET) - 24/7 monitoring active
2026-06-12 21:27:00,560  INFO  Market closed (23:27:00 ET) - 24/7 monitoring active
2026-06-12 21:28:00,629  INFO  Market closed (23:28:00 ET) - 24/7 monitoring active
2026-06-12 21:29:00,698  INFO  Market closed (23:29:00 ET) - 24/7 monitoring active
2026-06-12 21:30:00,762  INFO  Market closed (23:30:00 ET) - 24/7 monitoring active
2026-06-12 21:31:00,820  INFO  Market closed (23:31:00 ET) - 24/7 monitoring active
2026-06-12 21:32:00,885  INFO  Market closed (23:32:00 ET) - 24/7 monitoring active
2026-06-12 21:33:00,982  INFO  Market closed (23:33:00 ET) - 24/7 monitoring active
2026-06-12 21:34:01,048  INFO  Market closed (23:34:00 ET) - 24/7 monitoring active
2026-06-12 21:35:01,105  INFO  Market closed (23:35:01 ET) - 24/7 monitoring active
2026-06-12 21:36:01,169  INFO  Market closed (23:36:01 ET) - 24/7 monitoring active
2026-06-12 21:37:01,227  INFO  Market closed (23:37:01 ET) - 24/7 monitoring active
2026-06-12 21:38:01,290  INFO  Market closed (23:38:01 ET) - 24/7 monitoring active
2026-06-12 21:39:01,346  INFO  Market closed (23:39:01 ET) - 24/7 monitoring active
2026-06-12 21:40:01,412  INFO  Market closed (23:40:01 ET) - 24/7 monitoring active
2026-06-12 21:41:01,474  INFO  Market closed (23:41:01 ET) - 24/7 monitoring active
2026-06-12 21:42:01,532  INFO  Market closed (23:42:01 ET) - 24/7 monitoring active
2026-06-12 21:43:01,584  INFO  Market closed (23:43:01 ET) - 24/7 monitoring active
2026-06-12 21:44:01,640  INFO  Market closed (23:44:01 ET) - 24/7 monitoring active
2026-06-12 21:45:01,697  INFO  Market closed (23:45:01 ET) - 24/7 monitoring active
2026-06-12 21:46:01,761  INFO  Market closed (23:46:01 ET) - 24/7 monitoring active
2026-06-12 21:47:01,819  INFO  Market closed (23:47:01 ET) - 24/7 monitoring active
2026-06-12 21:48:01,876  INFO  Market closed (23:48:01 ET) - 24/7 monitoring active
2026-06-12 21:49:01,933  INFO  Market closed (23:49:01 ET) - 24/7 monitoring active
2026-06-12 21:50:01,989  INFO  Market closed (23:50:01 ET) - 24/7 monitoring active
2026-06-12 21:51:02,060  INFO  Market closed (23:51:01 ET) - 24/7 monitoring active
2026-06-12 21:52:02,122  INFO  Market closed (23:52:02 ET) - 24/7 monitoring active
2026-06-12 21:53:02,179  INFO  Market closed (23:53:02 ET) - 24/7 monitoring active
2026-06-12 21:54:02,231  INFO  Market closed (23:54:02 ET) - 24/7 monitoring active
2026-06-12 21:55:02,287  INFO  Market closed (23:55:02 ET) - 24/7 monitoring active
2026-06-12 21:56:02,352  INFO  Market closed (23:56:02 ET) - 24/7 monitoring active
2026-06-12 21:57:02,414  INFO  Market closed (23:57:02 ET) - 24/7 monitoring active
2026-06-12 21:58:02,471  INFO  Market closed (23:58:02 ET) - 24/7 monitoring active
2026-06-12 21:59:02,530  INFO  Market closed (23:59:02 ET) - 24/7 monitoring active
2026-06-12 22:00:02,588  INFO  Market closed (00:00:02 ET) - 24/7 monitoring active
2026-06-12 22:01:02,653  INFO  Market closed (00:01:02 ET) - 24/7 monitoring active
2026-06-12 22:02:02,705  INFO  Market closed (00:02:02 ET) - 24/7 monitoring active
2026-06-12 22:03:02,762  INFO  Market closed (00:03:02 ET) - 24/7 monitoring active
2026-06-12 22:04:02,815  INFO  Market closed (00:04:02 ET) - 24/7 monitoring active
2026-06-12 22:05:02,870  INFO  Market closed (00:05:02 ET) - 24/7 monitoring active
2026-06-12 22:06:02,930  INFO  Market closed (00:06:02 ET) - 24/7 monitoring active
2026-06-12 22:07:02,990  INFO  Market closed (00:07:02 ET) - 24/7 monitoring active
2026-06-12 22:08:03,047  INFO  Market closed (00:08:02 ET) - 24/7 monitoring active
2026-06-12 22:09:03,104  INFO  Market closed (00:09:03 ET) - 24/7 monitoring active
2026-06-12 22:10:03,172  INFO  Market closed (00:10:03 ET) - 24/7 monitoring active
2026-06-12 22:11:03,233  INFO  Market closed (00:11:03 ET) - 24/7 monitoring active
2026-06-12 22:12:03,292  INFO  Market closed (00:12:03 ET) - 24/7 monitoring active
2026-06-12 22:13:03,344  INFO  Market closed (00:13:03 ET) - 24/7 monitoring active
2026-06-12 22:14:03,401  INFO  Market closed (00:14:03 ET) - 24/7 monitoring active
2026-06-12 22:15:03,470  INFO  Market closed (00:15:03 ET) - 24/7 monitoring active
2026-06-12 22:16:03,961  INFO  Market closed (00:16:03 ET) - 24/7 monitoring active
2026-06-12 22:17:04,023  INFO  Market closed (00:17:03 ET) - 24/7 monitoring active
2026-06-12 22:18:04,090  INFO  Market closed (00:18:04 ET) - 24/7 monitoring active
2026-06-12 22:19:04,193  INFO  Market closed (00:19:04 ET) - 24/7 monitoring active
2026-06-12 22:20:04,253  INFO  Market closed (00:20:04 ET) - 24/7 monitoring active
2026-06-12 22:21:04,308  INFO  Market closed (00:21:04 ET) - 24/7 monitoring active
2026-06-12 22:22:04,364  INFO  Market closed (00:22:04 ET) - 24/7 monitoring active
2026-06-12 22:23:04,418  INFO  Market closed (00:23:04 ET) - 24/7 monitoring active
2026-06-12 22:24:04,490  INFO  Market closed (00:24:04 ET) - 24/7 monitoring active
2026-06-12 22:25:04,554  INFO  Market closed (00:25:04 ET) - 24/7 monitoring active
2026-06-12 22:26:04,611  INFO  Market closed (00:26:04 ET) - 24/7 monitoring active
2026-06-12 22:27:04,663  INFO  Market closed (00:27:04 ET) - 24/7 monitoring active
2026-06-12 22:28:04,719  INFO  Market closed (00:28:04 ET) - 24/7 monitoring active
2026-06-12 22:29:04,774  INFO  Market closed (00:29:04 ET) - 24/7 monitoring active
2026-06-12 22:30:04,860  INFO  Market closed (00:30:04 ET) - 24/7 monitoring active
2026-06-12 22:31:04,915  INFO  Market closed (00:31:04 ET) - 24/7 monitoring active
2026-06-12 22:32:04,969  INFO  Market closed (00:32:04 ET) - 24/7 monitoring active
2026-06-12 22:33:05,027  INFO  Market closed (00:33:04 ET) - 24/7 monitoring active
2026-06-12 22:34:05,085  INFO  Market closed (00:34:05 ET) - 24/7 monitoring active
2026-06-12 22:35:05,137  INFO  Market closed (00:35:05 ET) - 24/7 monitoring active
2026-06-12 22:36:05,188  INFO  Market closed (00:36:05 ET) - 24/7 monitoring active
2026-06-12 22:37:05,245  INFO  Market closed (00:37:05 ET) - 24/7 monitoring active
2026-06-12 22:38:05,300  INFO  Market closed (00:38:05 ET) - 24/7 monitoring active
2026-06-12 22:39:05,355  INFO  Market closed (00:39:05 ET) - 24/7 monitoring active
2026-06-12 22:40:05,416  INFO  Market closed (00:40:05 ET) - 24/7 monitoring active
2026-06-12 22:41:05,474  INFO  Market closed (00:41:05 ET) - 24/7 monitoring active
2026-06-12 22:42:05,532  INFO  Market closed (00:42:05 ET) - 24/7 monitoring active
2026-06-12 22:43:05,591  INFO  Market closed (00:43:05 ET) - 24/7 monitoring active
2026-06-12 22:44:05,658  INFO  Market closed (00:44:05 ET) - 24/7 monitoring active
2026-06-12 22:45:05,719  INFO  Market closed (00:45:05 ET) - 24/7 monitoring active
2026-06-12 22:46:05,833  INFO  Market closed (00:46:05 ET) - 24/7 monitoring active
2026-06-12 22:47:05,889  INFO  Market closed (00:47:05 ET) - 24/7 monitoring active
2026-06-12 22:48:05,948  INFO  Market closed (00:48:05 ET) - 24/7 monitoring active
2026-06-12 22:49:06,004  INFO  Market closed (00:49:05 ET) - 24/7 monitoring active
2026-06-12 22:50:06,063  INFO  Market closed (00:50:06 ET) - 24/7 monitoring active
2026-06-12 22:51:06,121  INFO  Market closed (00:51:06 ET) - 24/7 monitoring active
2026-06-12 22:52:06,176  INFO  Market closed (00:52:06 ET) - 24/7 monitoring active
2026-06-12 22:53:06,231  INFO  Market closed (00:53:06 ET) - 24/7 monitoring active
2026-06-12 22:54:06,286  INFO  Market closed (00:54:06 ET) - 24/7 monitoring active
2026-06-12 22:55:06,341  INFO  Market closed (00:55:06 ET) - 24/7 monitoring active
2026-06-12 22:56:06,400  INFO  Market closed (00:56:06 ET) - 24/7 monitoring active
2026-06-12 22:57:06,474  INFO  Market closed (00:57:06 ET) - 24/7 monitoring active
2026-06-12 22:58:06,531  INFO  Market closed (00:58:06 ET) - 24/7 monitoring active
2026-06-12 22:59:06,586  INFO  Market closed (00:59:06 ET) - 24/7 monitoring active
2026-06-12 23:00:06,641  INFO  Market closed (01:00:06 ET) - 24/7 monitoring active
2026-06-12 23:01:06,697  INFO  Market closed (01:01:06 ET) - 24/7 monitoring active
2026-06-12 23:02:06,755  INFO  Market closed (01:02:06 ET) - 24/7 monitoring active
2026-06-12 23:03:06,809  INFO  Market closed (01:03:06 ET) - 24/7 monitoring active
2026-06-12 23:04:06,913  INFO  Market closed (01:04:06 ET) - 24/7 monitoring active
2026-06-12 23:05:06,968  INFO  Market closed (01:05:06 ET) - 24/7 monitoring active
2026-06-12 23:06:07,025  INFO  Market closed (01:06:06 ET) - 24/7 monitoring active
2026-06-12 23:07:07,087  INFO  Market closed (01:07:07 ET) - 24/7 monitoring active
