sym,time,open,high,low,close,volume,trade_count,vwap
SPY,2025-12-08 08:00:00-05:00,686.77,686.82,686.77,686.82,200.0,3.0,686.795
SPY,2025-12-08 08:02:00-05:00,686.77,686.77,686.77,686.77,100.0,1.0,686.77
SPY,2025-12-08 08:03:00-05:00,686.77,686.77,686.77,686.77,100.0,1.0,686.77
SPY,2025-12-08 08:06:00-05:00,686.8,686.8,686.8,686.8,50.0,1.0,686.8
SPY,2025-12-08 08:10:00-05:00,686.81,686.81,686.81,686.81,50.0,1.0,686.81
SPY,2025-12-08 08:13:00-05:00,687.02,687.02,687.02,687.02,100.0,1.0,687.02
SPY,2025-12-08 08:21:00-05:00,687.21,687.21,687.21,687.21,105.0,2.0,687.21
SPY,2025-12-08 08:22:00-05:00,686.94,686.94,686.94,686.94,125.0,2.0,686.94
SPY,2025-12-08 08:23:00-05:00,686.91,686.91,686.91,686.91,165.0,5.0,686.91
SPY,2025-12-08 08:26:00-05:00,686.96,686.96,686.96,686.96,100.0,1.0,686.96
SPY,2025-12-08 08:29:00-05:00,686.94,686.94,686.94,686.94,59.0,2.0,686.94
SPY,2025-12-08 08:32:00-05:00,686.63,686.65,686.54,686.54,300.0,5.0,686.602
SPY,2025-12-08 08:43:00-05:00,686.68,686.68,686.68,686.68,50.0,1.0,686.68
SPY,2025-12-08 08:45:00-05:00,686.79,686.79,686.79,686.79,100.0,1.0,686.79
SPY,2025-12-08 08:46:00-05:00,686.79,686.79,686.79,686.79,100.0,1.0,686.79
SPY,2025-12-08 08:47:00-05:00,686.91,686.92,686.91,686.92,200.0,3.0,686.915
SPY,2025-12-08 08:50:00-05:00,686.87,686.87,686.87,686.87,116.0,2.0,686.87
SPY,2025-12-08 08:52:00-05:00,686.82,686.82,686.82,686.82,100.0,1.0,686.82
SPY,2025-12-08 08:56:00-05:00,686.89,686.89,686.89,686.89,103.0,2.0,686.89
SPY,2025-12-08 09:02:00-05:00,686.96,686.96,686.96,686.96,55.0,10.0,686.96
SPY,2025-12-08 09:04:00-05:00,687.11,687.11,687.11,687.11,93.0,16.0,687.11
SPY,2025-12-08 09:07:00-05:00,687.12,687.12,687.12,687.12,116.0,14.0,687.12
SPY,2025-12-08 09:09:00-05:00,687.09,687.09,687.09,687.09,100.0,1.0,687.09
SPY,2025-12-08 09:14:00-05:00,687.17,687.17,687.17,687.17,193.0,70.0,687.17
SPY,2025-12-08 09:15:00-05:00,686.96,686.96,686.96,686.96,143.0,75.0,686.96
SPY,2025-12-08 09:16:00-05:00,686.97,686.97,686.97,686.97,93.0,39.0,686.97
SPY,2025-12-08 09:22:00-05:00,686.89,686.89,686.89,686.89,133.0,5.0,686.89
SPY,2025-12-08 09:25:00-05:00,686.82,686.82,686.82,686.82,80.0,1.0,686.82
SPY,2025-12-08 09:27:00-05:00,686.77,686.77,686.67,686.67,249.0,16.0,686.714796
SPY,2025-12-08 09:28:00-05:00,686.64,686.64,686.64,686.64,112.0,4.0,686.64
SPY,2025-12-08 09:29:00-05:00,686.71,686.71,686.71,686.71,100.0,1.0,686.71
SPY,2025-12-09 08:04:00-05:00,683.87,683.87,683.87,683.87,100.0,1.0,683.87
SPY,2025-12-09 08:17:00-05:00,683.92,683.95,683.92,683.95,460.0,9.0,683.94
SPY,2025-12-09 08:18:00-05:00,683.95,683.95,683.95,683.95,200.0,2.0,683.95
SPY,2025-12-09 08:20:00-05:00,683.9,683.9,683.9,683.9,101.0,3.0,683.9
SPY,2025-12-09 08:23:00-05:00,683.83,683.85,683.83,683.85,140.0,2.0,683.835714
SPY,2025-12-09 08:34:00-05:00,683.37,683.37,683.37,683.37,52.0,2.0,683.37
SPY,2025-12-09 08:35:00-05:00,683.25,683.25,683.25,683.25,100.0,1.0,683.25
SPY,2025-12-09 08:36:00-05:00,683.16,683.16,683.16,683.16,100.0,3.0,683.16
SPY,2025-12-09 08:37:00-05:00,683.2,683.2,683.2,683.2,61.0,2.0,683.2
SPY,2025-12-09 08:42:00-05:00,683.28,683.28,683.28,683.28,106.0,2.0,683.28
SPY,2025-12-09 08:47:00-05:00,683.45,683.45,683.44,683.44,835.0,11.0,683.447143
SPY,2025-12-09 08:49:00-05:00,683.33,683.33,683.33,683.33,100.0,1.0,683.33
SPY,2025-12-09 08:51:00-05:00,683.26,683.26,683.26,683.26,45.0,1.0,683.26
SPY,2025-12-09 09:06:00-05:00,683.06,683.06,683.06,683.06,384.0,112.0,683.06
SPY,2025-12-09 09:07:00-05:00,683.01,683.01,683.01,683.01,105.0,7.0,683.01
SPY,2025-12-09 09:08:00-05:00,683.06,683.06,683.06,683.06,267.0,64.0,683.06
SPY,2025-12-09 09:09:00-05:00,682.91,682.94,682.91,682.94,298.0,47.0,682.926542
SPY,2025-12-09 09:11:00-05:00,683.0,683.01,683.0,683.01,139.0,14.0,683.004123
SPY,2025-12-09 09:12:00-05:00,683.06,683.06,683.06,683.06,55.0,13.0,683.06
SPY,2025-12-09 09:13:00-05:00,683.04,683.06,683.04,683.06,286.0,58.0,683.052993
SPY,2025-12-09 09:15:00-05:00,683.01,683.01,683.01,683.01,156.0,55.0,683.01
SPY,2025-12-09 09:17:00-05:00,682.94,682.94,682.94,682.94,182.0,10.0,682.94
SPY,2025-12-09 09:19:00-05:00,682.89,682.89,682.89,682.89,211.0,41.0,682.89
SPY,2025-12-09 09:22:00-05:00,683.04,683.09,683.04,683.09,443.0,46.0,683.074436
SPY,2025-12-09 09:23:00-05:00,683.09,683.09,683.09,683.09,368.0,78.0,683.09
SPY,2025-12-09 09:24:00-05:00,682.87,682.87,682.87,682.87,207.0,38.0,682.87
SPY,2025-12-09 09:25:00-05:00,682.92,682.92,682.77,682.77,282.0,36.0,682.853333
SPY,2025-12-09 09:26:00-05:00,682.72,682.72,682.72,682.72,200.0,26.0,682.72
SPY,2025-12-09 09:28:00-05:00,682.87,682.87,682.87,682.87,206.0,57.0,682.87
SPY,2025-12-10 08:18:00-05:00,682.79,682.79,682.79,682.79,65.0,2.0,682.79
SPY,2025-12-10 08:20:00-05:00,683.15,683.19,683.15,683.19,390.0,8.0,683.168571
SPY,2025-12-10 08:29:00-05:00,683.63,683.63,683.53,683.53,201.0,3.0,683.58
SPY,2025-12-10 08:30:00-05:00,683.55,683.71,683.45,683.58,353.0,4.0,683.58881
SPY,2025-12-10 08:31:00-05:00,683.43,683.43,683.43,683.43,57.0,1.0,683.43
SPY,2025-12-10 08:39:00-05:00,683.19,683.21,683.19,683.21,220.0,3.0,683.2
SPY,2025-12-10 08:46:00-05:00,683.09,683.09,683.09,683.09,100.0,1.0,683.09
SPY,2025-12-10 08:48:00-05:00,683.04,683.04,683.04,683.04,70.0,2.0,683.04
SPY,2025-12-10 09:10:00-05:00,682.62,682.62,682.62,682.62,70.0,2.0,682.62
SPY,2025-12-11 08:13:00-05:00,685.25,685.29,685.25,685.29,430.0,8.0,685.277143
SPY,2025-12-11 08:14:00-05:00,685.33,685.33,685.33,685.33,85.0,2.0,685.33
SPY,2025-12-11 08:19:00-05:00,685.53,685.53,685.53,685.53,51.0,2.0,685.53
SPY,2025-12-11 08:26:00-05:00,685.3,685.3,685.3,685.3,99.0,1.0,685.3
SPY,2025-12-11 08:30:00-05:00,685.3,685.3,685.3,685.3,50.0,1.0,685.3
SPY,2025-12-11 08:36:00-05:00,684.98,684.98,684.98,684.98,125.0,1.0,684.98
SPY,2025-12-11 08:37:00-05:00,684.82,684.82,684.82,684.82,50.0,1.0,684.82
SPY,2025-12-11 08:38:00-05:00,684.93,684.93,684.93,684.93,125.0,1.0,684.93
SPY,2025-12-11 08:42:00-05:00,684.9,684.9,684.9,684.9,175.0,2.0,684.9
SPY,2025-12-11 09:06:00-05:00,684.77,684.77,684.77,684.77,50.0,1.0,684.77
SPY,2025-12-11 09:14:00-05:00,685.22,685.24,685.22,685.24,225.0,3.0,685.228889
SPY,2025-12-11 09:22:00-05:00,685.53,685.53,685.53,685.53,325.0,5.0,685.53
SPY,2025-12-12 08:03:00-05:00,688.41,688.41,688.4,688.4,320.0,3.0,688.40625
SPY,2025-12-12 08:04:00-05:00,688.31,688.31,688.31,688.31,50.0,1.0,688.31
SPY,2025-12-12 08:06:00-05:00,688.37,688.37,688.37,688.37,60.0,1.0,688.37
SPY,2025-12-12 08:14:00-05:00,688.75,688.77,688.75,688.77,130.0,2.0,688.757692
SPY,2025-12-12 08:16:00-05:00,688.85,688.85,688.85,688.85,80.0,1.0,688.85
SPY,2025-12-12 08:19:00-05:00,688.71,688.71,688.7,688.7,101.0,3.0,688.705
SPY,2025-12-12 08:22:00-05:00,688.72,688.72,688.72,688.72,100.0,2.0,688.72
SPY,2025-12-12 08:27:00-05:00,688.77,688.77,688.77,688.77,50.0,2.0,688.77
SPY,2025-12-12 08:31:00-05:00,688.88,688.88,688.88,688.88,50.0,1.0,688.88
SPY,2025-12-12 08:35:00-05:00,688.7,688.7,688.68,688.68,160.0,3.0,688.685714
SPY,2025-12-12 08:36:00-05:00,688.73,688.73,688.73,688.73,50.0,1.0,688.73
SPY,2025-12-12 08:37:00-05:00,688.7,688.7,688.6,688.6,232.0,5.0,688.656522
SPY,2025-12-12 08:38:00-05:00,688.6,688.68,688.6,688.68,322.0,7.0,688.65625
SPY,2025-12-12 08:39:00-05:00,688.67,688.67,688.67,688.67,115.0,3.0,688.67
SPY,2025-12-12 08:46:00-05:00,688.74,688.74,688.74,688.74,101.0,2.0,688.74
SPY,2025-12-12 08:48:00-05:00,688.79,688.79,688.79,688.79,50.0,1.0,688.79
SPY,2025-12-12 08:55:00-05:00,689.19,689.2,689.19,689.2,100.0,2.0,689.195
SPY,2025-12-12 08:56:00-05:00,689.24,689.24,689.24,689.24,51.0,2.0,689.24
SPY,2025-12-12 08:58:00-05:00,689.35,689.35,689.35,689.35,50.0,1.0,689.35
SPY,2025-12-12 09:11:00-05:00,689.01,689.01,689.01,689.01,133.0,13.0,689.01
SPY,2025-12-12 09:13:00-05:00,689.01,689.01,689.01,689.01,259.0,13.0,689.01
SPY,2025-12-12 09:14:00-05:00,688.98,688.98,688.95,688.95,90.0,3.0,688.966517
SPY,2025-12-15 08:00:00-05:00,684.93,684.93,684.93,684.93,100.0,1.0,684.93
SPY,2025-12-15 08:04:00-05:00,684.93,684.93,684.93,684.93,40.0,1.0,684.93
SPY,2025-12-15 08:07:00-05:00,684.95,684.95,684.95,684.95,100.0,1.0,684.95
SPY,2025-12-15 08:08:00-05:00,684.92,684.92,684.92,684.92,100.0,1.0,684.92
SPY,2025-12-15 08:11:00-05:00,684.84,684.84,684.84,684.84,50.0,1.0,684.84
SPY,2025-12-15 08:40:00-05:00,685.08,685.08,685.08,685.08,52.0,2.0,685.08
SPY,2025-12-15 08:42:00-05:00,685.1,685.1,685.1,685.1,100.0,1.0,685.1
SPY,2025-12-15 08:47:00-05:00,685.23,685.23,685.23,685.23,90.0,1.0,685.23
SPY,2025-12-15 08:49:00-05:00,685.32,685.32,685.32,685.32,100.0,2.0,685.32
SPY,2025-12-15 08:54:00-05:00,685.26,685.26,685.26,685.26,50.0,1.0,685.26
SPY,2025-12-15 09:10:00-05:00,685.65,685.65,685.65,685.65,40.0,1.0,685.65
SPY,2025-12-15 09:13:00-05:00,685.62,685.62,685.62,685.62,40.0,1.0,685.62
SPY,2025-12-16 08:00:00-05:00,680.49,680.49,680.44,680.44,200.0,2.0,680.465
SPY,2025-12-16 08:11:00-05:00,679.97,679.97,679.97,679.97,63.0,2.0,679.97
SPY,2025-12-16 08:16:00-05:00,680.22,680.37,680.22,680.37,532.0,8.0,680.259245
SPY,2025-12-16 08:18:00-05:00,680.04,680.04,680.04,680.04,150.0,2.0,680.04
SPY,2025-12-16 08:19:00-05:00,680.16,680.16,680.16,680.16,101.0,2.0,680.16
SPY,2025-12-16 08:20:00-05:00,680.11,680.11,680.11,680.11,84.0,5.0,680.11
SPY,2025-12-16 08:30:00-05:00,681.6,681.63,681.6,681.63,250.0,3.0,681.618
SPY,2025-12-16 08:31:00-05:00,681.6,681.93,681.6,681.9,275.0,5.0,681.858
SPY,2025-12-16 08:32:00-05:00,682.06,682.06,681.87,681.87,200.0,2.0,681.965
SPY,2025-12-16 08:34:00-05:00,681.91,681.91,681.72,681.72,240.0,3.0,681.751667
SPY,2025-12-16 08:35:00-05:00,681.3,681.3,681.25,681.25,700.0,7.0,681.28
SPY,2025-12-16 08:36:00-05:00,681.06,681.09,681.06,681.09,400.0,4.0,681.07
SPY,2025-12-16 08:38:00-05:00,680.4,680.41,680.4,680.41,400.0,4.0,680.4025
SPY,2025-12-16 08:44:00-05:00,680.52,680.52,680.52,680.52,200.0,2.0,680.52
SPY,2025-12-16 08:47:00-05:00,680.58,680.58,680.53,680.53,230.0,3.0,680.56913
SPY,2025-12-16 08:48:00-05:00,680.31,680.31,680.31,680.31,60.0,1.0,680.31
SPY,2025-12-16 08:54:00-05:00,679.68,679.69,679.68,679.69,200.0,2.0,679.685
SPY,2025-12-16 08:58:00-05:00,679.83,679.83,679.83,679.83,200.0,2.0,679.83
SPY,2025-12-16 09:02:00-05:00,679.45,679.45,679.45,679.45,100.0,1.0,679.45
SPY,2025-12-16 09:04:00-05:00,679.63,679.63,679.63,679.63,40.0,1.0,679.63
SPY,2025-12-16 09:06:00-05:00,680.05,680.05,680.05,680.05,100.0,1.0,680.05
SPY,2025-12-16 09:15:00-05:00,680.07,680.07,680.07,680.07,200.0,2.0,680.07
SPY,2025-12-17 08:09:00-05:00,681.1,681.1,681.1,681.1,100.0,1.0,681.1
SPY,2025-12-17 08:14:00-05:00,680.91,680.91,680.91,680.91,50.0,1.0,680.91
SPY,2025-12-17 08:15:00-05:00,680.74,680.9,680.74,680.9,300.0,4.0,680.8
SPY,2025-12-17 08:17:00-05:00,680.39,680.39,680.39,680.39,111.0,5.0,680.39
SPY,2025-12-17 08:19:00-05:00,680.24,680.24,680.24,680.24,139.0,3.0,680.24
SPY,2025-12-17 08:21:00-05:00,679.94,679.96,679.94,679.94,302.0,5.0,679.946667
SPY,2025-12-17 08:22:00-05:00,679.94,679.94,679.94,679.94,72.0,3.0,679.94
SPY,2025-12-17 08:23:00-05:00,680.14,680.14,680.11,680.11,200.0,3.0,680.1325
SPY,2025-12-17 08:29:00-05:00,680.58,680.58,680.58,680.58,150.0,2.0,680.58
SPY,2025-12-17 08:33:00-05:00,680.47,680.47,680.47,680.47,50.0,1.0,680.47
SPY,2025-12-17 08:34:00-05:00,680.47,680.47,680.47,680.47,50.0,1.0,680.47
SPY,2025-12-17 08:48:00-05:00,680.61,680.61,680.61,680.61,300.0,4.0,680.61
SPY,2025-12-17 08:52:00-05:00,680.34,680.34,680.34,680.34,80.0,1.0,680.34
SPY,2025-12-17 09:00:00-05:00,680.76,680.76,680.76,680.76,40.0,1.0,680.76
SPY,2025-12-17 09:02:00-05:00,681.07,681.07,681.07,681.07,50.0,1.0,681.07
SPY,2025-12-17 09:13:00-05:00,680.43,680.43,680.43,680.43,60.0,2.0,680.43
SPY,2025-12-18 08:00:00-05:00,674.25,674.25,674.25,674.25,54.0,1.0,674.25
SPY,2025-12-18 08:01:00-05:00,674.38,674.42,674.38,674.41,400.0,8.0,674.405
SPY,2025-12-18 08:02:00-05:00,674.43,674.43,674.42,674.42,270.0,3.0,674.421852
SPY,2025-12-18 08:06:00-05:00,674.19,674.19,674.19,674.19,50.0,1.0,674.19
SPY,2025-12-18 08:16:00-05:00,674.6,674.6,674.6,674.6,100.0,1.0,674.6
SPY,2025-12-18 08:19:00-05:00,674.48,674.48,674.48,674.48,120.0,1.0,674.48
SPY,2025-12-18 08:20:00-05:00,674.52,674.52,674.52,674.52,41.0,2.0,674.52
SPY,2025-12-18 08:21:00-05:00,674.47,674.48,674.47,674.48,370.0,4.0,674.478649
SPY,2025-12-18 08:22:00-05:00,674.53,674.53,674.53,674.53,101.0,2.0,674.53
SPY,2025-12-18 08:30:00-05:00,675.56,675.74,675.56,675.74,440.0,5.0,675.613636
SPY,2025-12-18 08:31:00-05:00,675.72,675.79,675.69,675.79,320.0,7.0,675.746667
SPY,2025-12-18 08:32:00-05:00,675.96,675.96,675.76,675.86,370.0,5.0,675.900541
SPY,2025-12-18 08:33:00-05:00,675.86,675.86,675.66,675.66,370.0,5.0,675.726216
SPY,2025-12-18 08:35:00-05:00,675.64,675.64,675.62,675.62,170.0,2.0,675.625882
SPY,2025-12-18 08:39:00-05:00,676.35,676.35,676.31,676.32,220.0,3.0,676.321364
SPY,2025-12-18 08:41:00-05:00,676.89,676.89,676.83,676.83,250.0,4.0,676.866
SPY,2025-12-18 08:42:00-05:00,676.93,676.93,676.93,676.93,50.0,1.0,676.93
SPY,2025-12-18 08:43:00-05:00,676.99,676.99,676.98,676.98,250.0,4.0,676.982
SPY,2025-12-18 08:45:00-05:00,677.05,677.05,677.05,677.05,50.0,1.0,677.05
SPY,2025-12-18 08:46:00-05:00,676.98,677.16,676.98,677.16,570.0,8.0,677.077719
SPY,2025-12-18 08:48:00-05:00,677.29,677.34,677.14,677.14,240.0,5.0,677.23375
SPY,2025-12-18 08:55:00-05:00,676.93,676.93,676.93,676.93,50.0,1.0,676.93
SPY,2025-12-18 09:02:00-05:00,676.92,676.93,676.92,676.93,250.0,4.0,676.922
SPY,2025-12-18 09:06:00-05:00,677.05,677.05,677.05,677.05,40.0,1.0,677.05
SPY,2025-12-19 08:16:00-05:00,675.24,675.24,675.24,675.24,51.0,2.0,675.24
SPY,2025-12-19 08:31:00-05:00,675.39,675.39,675.39,675.39,103.0,3.0,675.39
SPY,2025-12-19 08:37:00-05:00,675.78,675.79,675.78,675.79,200.0,3.0,675.7825
SPY,2025-12-19 08:38:00-05:00,675.84,675.84,675.84,675.84,150.0,2.0,675.84
SPY,2025-12-19 08:42:00-05:00,675.4,675.4,675.4,675.4,50.0,1.0,675.4
SPY,2025-12-19 08:47:00-05:00,675.45,675.45,675.45,675.45,140.0,2.0,675.45
SPY,2025-12-19 09:00:00-05:00,675.16,675.16,675.16,675.16,40.0,1.0,675.16
SPY,2025-12-19 09:11:00-05:00,675.85,675.85,675.85,675.85,50.0,1.0,675.85
SPY,2025-12-19 09:15:00-05:00,675.94,675.94,675.94,675.94,150.0,2.0,675.94
SPY,2025-12-19 09:16:00-05:00,676.04,676.14,676.04,676.14,300.0,4.0,676.09
SPY,2025-12-19 09:18:00-05:00,676.24,676.24,676.18,676.18,200.0,4.0,676.195
SPY,2025-12-22 08:00:00-05:00,683.29,683.29,683.29,683.29,100.0,1.0,683.29
SPY,2025-12-22 08:08:00-05:00,683.44,683.44,683.43,683.43,150.0,3.0,683.433333
SPY,2025-12-22 08:09:00-05:00,683.43,683.43,683.4,683.4,220.0,2.0,683.416364
SPY,2025-12-22 08:13:00-05:00,683.36,683.36,683.28,683.28,375.0,5.0,683.334324
SPY,2025-12-22 08:14:00-05:00,683.3,683.38,683.3,683.38,193.0,2.0,683.341451
SPY,2025-12-22 08:17:00-05:00,683.44,683.48,683.44,683.48,339.0,4.0,683.46
SPY,2025-12-22 08:24:00-05:00,683.63,683.63,683.63,683.63,100.0,1.0,683.63
SPY,2025-12-22 08:36:00-05:00,683.41,683.41,683.41,683.41,40.0,1.0,683.41
SPY,2025-12-22 08:40:00-05:00,683.31,683.31,683.29,683.29,370.0,5.0,683.304054
SPY,2025-12-22 08:55:00-05:00,683.47,683.47,683.47,683.47,50.0,1.0,683.47
SPY,2025-12-22 09:05:00-05:00,683.97,683.97,683.97,683.97,200.0,3.0,683.97
SPY,2025-12-23 08:02:00-05:00,684.61,684.61,684.61,684.61,50.0,1.0,684.61
SPY,2025-12-23 08:03:00-05:00,684.51,684.51,684.51,684.51,200.0,3.0,684.51
SPY,2025-12-23 08:05:00-05:00,684.6,684.6,684.6,684.6,50.0,1.0,684.6
SPY,2025-12-23 08:20:00-05:00,684.56,684.56,684.45,684.45,100.0,2.0,684.505
SPY,2025-12-23 08:21:00-05:00,684.45,684.45,684.45,684.45,64.0,1.0,684.45
SPY,2025-12-23 08:39:00-05:00,684.02,684.02,684.02,684.02,50.0,1.0,684.02
SPY,2025-12-23 08:49:00-05:00,683.82,683.82,683.82,683.82,40.0,1.0,683.82
SPY,2025-12-23 09:00:00-05:00,683.67,683.67,683.67,683.67,200.0,3.0,683.67
SPY,2025-12-23 09:06:00-05:00,683.75,683.75,683.75,683.75,50.0,1.0,683.75
SPY,2025-12-24 08:02:00-05:00,687.99,687.99,687.99,687.99,50.0,1.0,687.99
SPY,2025-12-24 08:08:00-05:00,687.94,687.94,687.91,687.91,230.0,3.0,687.925
SPY,2025-12-24 08:16:00-05:00,687.91,687.91,687.91,687.91,51.0,2.0,687.91
SPY,2025-12-24 08:17:00-05:00,687.97,687.97,687.97,687.97,51.0,2.0,687.97
SPY,2025-12-24 08:48:00-05:00,688.22,688.22,688.22,688.22,120.0,1.0,688.22
SPY,2025-12-24 09:04:00-05:00,688.13,688.13,688.13,688.13,43.0,1.0,688.13
SPY,2025-12-29 08:17:00-05:00,688.37,688.37,688.37,688.37,101.0,2.0,688.37
SPY,2025-12-29 08:41:00-05:00,688.23,688.23,688.23,688.23,101.0,4.0,688.23
SPY,2025-12-29 08:44:00-05:00,688.19,688.19,688.17,688.17,220.0,2.0,688.186364
SPY,2025-12-29 08:52:00-05:00,687.2,687.2,687.2,687.2,440.0,3.0,687.2
SPY,2025-12-29 09:18:00-05:00,686.79,686.79,686.79,686.79,125.0,4.0,686.79
SPY,2025-12-29 09:19:00-05:00,686.88,686.88,686.88,686.88,100.0,3.0,686.88
SPY,2025-12-30 08:00:00-05:00,687.69,687.7,687.69,687.7,225.0,3.0,687.695
SPY,2025-12-30 08:01:00-05:00,687.82,687.82,687.78,687.81,400.0,10.0,687.801579
SPY,2025-12-30 08:07:00-05:00,687.74,687.74,687.74,687.74,100.0,1.0,687.74
SPY,2025-12-30 08:13:00-05:00,687.87,687.87,687.86,687.86,175.0,4.0,687.864
SPY,2025-12-30 08:26:00-05:00,687.96,687.96,687.96,687.96,100.0,3.0,687.96
SPY,2025-12-30 08:28:00-05:00,687.86,687.86,687.86,687.86,150.0,1.0,687.86
SPY,2025-12-30 08:57:00-05:00,687.57,687.57,687.57,687.57,40.0,1.0,687.57
SPY,2025-12-30 08:59:00-05:00,687.71,687.71,687.71,687.71,80.0,1.0,687.71
SPY,2025-12-31 08:51:00-05:00,687.54,687.54,687.54,687.54,175.0,4.0,687.54
SPY,2025-12-31 09:22:00-05:00,687.38,687.38,687.38,687.38,100.0,1.0,687.38
SPY,2026-01-02 08:11:00-05:00,685.86,685.86,685.86,685.86,46.0,1.0,685.86
SPY,2026-01-02 08:13:00-05:00,685.85,685.85,685.85,685.85,100.0,1.0,685.85
SPY,2026-01-02 08:15:00-05:00,685.83,685.83,685.83,685.83,72.0,2.0,685.83
SPY,2026-01-02 08:18:00-05:00,686.0,686.0,686.0,686.0,40.0,1.0,686.0
SPY,2026-01-02 08:24:00-05:00,685.79,685.79,685.77,685.77,185.0,4.0,685.775031
SPY,2026-01-02 08:57:00-05:00,685.61,685.61,685.61,685.61,100.0,1.0,685.61
SPY,2026-01-05 08:05:00-05:00,685.14,685.14,685.07,685.07,180.0,3.0,685.093333
SPY,2026-01-05 08:13:00-05:00,685.22,685.22,685.22,685.22,50.0,1.0,685.22
SPY,2026-01-05 08:18:00-05:00,684.93,684.93,684.93,684.93,100.0,1.0,684.93
SPY,2026-01-05 08:22:00-05:00,684.66,684.66,684.66,684.66,100.0,1.0,684.66
SPY,2026-01-05 08:57:00-05:00,685.56,685.56,685.56,685.56,80.0,1.0,685.56
SPY,2026-01-05 09:15:00-05:00,686.06,686.06,686.05,686.05,250.0,2.0,686.058
SPY,2026-01-05 09:16:00-05:00,686.01,686.01,686.01,686.01,50.0,1.0,686.01
SPY,2026-01-05 09:20:00-05:00,686.28,686.28,686.28,686.28,50.0,1.0,686.28
SPY,2026-01-06 08:00:00-05:00,688.04,688.09,688.04,688.09,160.0,2.0,688.05875
SPY,2026-01-06 08:01:00-05:00,688.06,688.06,688.06,688.06,100.0,1.0,688.06
SPY,2026-01-06 08:02:00-05:00,688.06,688.06,688.06,688.06,100.0,1.0,688.06
SPY,2026-01-06 08:06:00-05:00,688.0,688.0,687.99,687.99,100.0,2.0,687.995
SPY,2026-01-06 08:18:00-05:00,687.96,687.96,687.96,687.96,80.0,2.0,687.96
SPY,2026-01-06 08:20:00-05:00,687.85,687.87,687.85,687.87,214.0,3.0,687.86
SPY,2026-01-06 08:28:00-05:00,687.69,687.69,687.69,687.69,50.0,1.0,687.69
SPY,2026-01-06 08:50:00-05:00,687.58,687.58,687.58,687.58,50.0,1.0,687.58
SPY,2026-01-06 09:00:00-05:00,687.6,687.6,687.6,687.6,200.0,3.0,687.6
SPY,2026-01-06 09:04:00-05:00,687.49,687.49,687.49,687.49,50.0,1.0,687.49
SPY,2026-01-07 08:07:00-05:00,691.59,691.59,691.59,691.59,210.0,5.0,691.59
SPY,2026-01-07 08:09:00-05:00,691.43,691.43,691.38,691.38,300.0,4.0,691.403333
SPY,2026-01-07 08:16:00-05:00,691.69,691.69,691.69,691.69,101.0,2.0,691.69
SPY,2026-01-07 08:17:00-05:00,691.66,691.66,691.66,691.66,100.0,1.0,691.66
SPY,2026-01-07 08:20:00-05:00,691.66,691.66,691.66,691.66,100.0,1.0,691.66
SPY,2026-01-07 08:21:00-05:00,691.71,691.71,691.71,691.71,100.0,1.0,691.71
SPY,2026-01-07 08:39:00-05:00,692.03,692.1,692.03,692.1,400.0,6.0,692.06625
SPY,2026-01-07 08:43:00-05:00,692.28,692.28,692.28,692.28,50.0,1.0,692.28
SPY,2026-01-07 08:55:00-05:00,692.22,692.22,692.22,692.22,51.0,2.0,692.22
SPY,2026-01-07 09:05:00-05:00,691.86,691.89,691.84,691.89,250.0,4.0,691.862
SPY,2026-01-07 09:11:00-05:00,691.99,691.99,691.98,691.98,250.0,4.0,691.982
SPY,2026-01-08 08:01:00-05:00,688.25,688.25,688.25,688.25,40.0,1.0,688.25
SPY,2026-01-08 08:08:00-05:00,688.59,688.59,688.59,688.59,100.0,2.0,688.59
SPY,2026-01-08 08:11:00-05:00,688.62,688.62,688.62,688.62,100.0,1.0,688.62
SPY,2026-01-08 08:15:00-05:00,688.75,688.75,688.75,688.75,102.0,3.0,688.75
SPY,2026-01-08 08:19:00-05:00,688.98,688.98,688.98,688.98,50.0,1.0,688.98
SPY,2026-01-08 08:20:00-05:00,689.0,689.25,689.0,689.25,550.0,6.0,689.053636
SPY,2026-01-08 08:23:00-05:00,689.25,689.25,689.19,689.2,700.0,4.0,689.201429
SPY,2026-01-08 08:24:00-05:00,689.2,689.22,689.2,689.22,350.0,4.0,689.211429
SPY,2026-01-08 09:04:00-05:00,689.17,689.17,689.17,689.17,200.0,3.0,689.17
SPY,2026-01-08 09:23:00-05:00,688.74,688.74,688.73,688.73,250.0,3.0,688.736
SPY,2026-01-09 08:06:00-05:00,690.75,690.77,690.75,690.77,300.0,3.0,690.754
SPY,2026-01-09 08:07:00-05:00,690.78,690.78,690.78,690.78,200.0,3.0,690.78
SPY,2026-01-09 08:10:00-05:00,690.88,690.89,690.88,690.89,300.0,3.0,690.883333
SPY,2026-01-09 08:17:00-05:00,690.84,690.84,690.84,690.84,50.0,1.0,690.84
SPY,2026-01-09 08:24:00-05:00,691.05,691.05,690.93,690.93,200.0,3.0,690.99
SPY,2026-01-09 08:26:00-05:00,690.87,690.87,690.87,690.87,40.0,1.0,690.87
SPY,2026-01-09 08:27:00-05:00,690.9,690.92,690.9,690.92,160.0,4.0,690.91
SPY,2026-01-09 08:35:00-05:00,692.01,692.04,692.01,692.04,80.0,2.0,692.025
SPY,2026-01-09 08:37:00-05:00,692.04,692.09,692.04,692.06,120.0,3.0,692.063333
SPY,2026-01-09 08:39:00-05:00,691.95,691.95,691.95,691.95,40.0,1.0,691.95
SPY,2026-01-09 08:43:00-05:00,692.4,692.4,692.15,692.15,250.0,3.0,692.202
SPY,2026-01-09 09:05:00-05:00,692.16,692.16,692.15,692.15,400.0,5.0,692.15625
SPY,2026-01-09 09:07:00-05:00,692.01,692.01,692.01,692.01,50.0,1.0,692.01
SPY,2026-01-09 09:17:00-05:00,691.29,691.29,691.28,691.28,80.0,2.0,691.285
SPY,2026-01-09 09:18:00-05:00,690.99,690.99,690.99,690.99,200.0,3.0,690.99
SPY,2026-01-09 09:20:00-05:00,690.78,690.78,690.78,690.78,80.0,2.0,690.78
SPY,2026-01-09 09:23:00-05:00,690.63,690.66,690.63,690.66,100.0,2.0,690.645
SPY,2026-01-12 08:01:00-05:00,690.55,690.55,690.55,690.55,100.0,1.0,690.55
SPY,2026-01-12 08:02:00-05:00,690.56,690.58,690.55,690.58,270.0,3.0,690.563704
SPY,2026-01-12 08:08:00-05:00,690.45,690.45,690.45,690.45,80.0,1.0,690.45
SPY,2026-01-12 08:14:00-05:00,690.23,690.23,690.23,690.23,70.0,1.0,690.23
SPY,2026-01-12 08:16:00-05:00,690.45,690.45,690.45,690.45,100.0,1.0,690.45
SPY,2026-01-12 08:51:00-05:00,690.4,690.45,690.4,690.45,170.0,2.0,690.429412
SPY,2026-01-12 09:00:00-05:00,690.36,690.36,690.36,690.36,49.0,1.0,690.36
SPY,2026-01-12 09:16:00-05:00,690.29,690.29,690.29,690.29,50.0,1.0,690.29
SPY,2026-01-13 08:26:00-05:00,694.37,694.37,694.37,694.37,80.0,1.0,694.37
SPY,2026-01-13 08:30:00-05:00,696.37,696.39,696.37,696.39,340.0,5.0,696.382941
SPY,2026-01-13 08:31:00-05:00,696.72,696.72,696.72,696.72,50.0,1.0,696.72
SPY,2026-01-13 08:32:00-05:00,697.16,697.28,697.16,697.28,140.0,4.0,697.223846
SPY,2026-01-13 08:33:00-05:00,697.18,697.18,696.57,696.57,1150.0,10.0,696.892087
SPY,2026-01-13 08:35:00-05:00,696.8,696.89,696.8,696.89,160.0,2.0,696.845
SPY,2026-01-13 08:37:00-05:00,696.48,696.48,696.2,696.2,390.0,4.0,696.371282
SPY,2026-01-13 08:43:00-05:00,696.06,696.06,696.06,696.06,160.0,2.0,696.06
SPY,2026-01-13 08:48:00-05:00,695.59,695.59,695.59,695.59,80.0,1.0,695.59
SPY,2026-01-13 08:56:00-05:00,695.15,695.15,695.15,695.15,125.0,1.0,695.15
SPY,2026-01-13 08:57:00-05:00,695.5,695.5,695.49,695.49,610.0,5.0,695.491311
SPY,2026-01-13 09:06:00-05:00,695.84,695.84,695.84,695.84,80.0,1.0,695.84
SPY,2026-01-13 09:12:00-05:00,695.87,695.87,695.87,695.87,125.0,1.0,695.87
SPY,2026-01-13 09:22:00-05:00,696.21,696.21,696.2,696.2,610.0,5.0,696.208689
SPY,2026-01-14 08:02:00-05:00,691.35,691.35,691.35,691.35,100.0,1.0,691.35
SPY,2026-01-14 08:03:00-05:00,691.25,691.25,691.25,691.25,100.0,1.0,691.25
SPY,2026-01-14 08:06:00-05:00,691.16,691.18,691.16,691.18,250.0,3.0,691.168
SPY,2026-01-14 08:15:00-05:00,691.05,691.05,691.05,691.05,51.0,2.0,691.05
SPY,2026-01-14 08:17:00-05:00,691.4,691.4,691.4,691.4,100.0,1.0,691.4
SPY,2026-01-14 08:36:00-05:00,691.13,691.13,691.13,691.13,250.0,4.0,691.13
SPY,2026-01-14 08:59:00-05:00,690.86,690.86,690.86,690.86,100.0,1.0,690.86
SPY,2026-01-14 09:08:00-05:00,690.78,690.78,690.77,690.77,300.0,5.0,690.778333
SPY,2026-01-14 09:13:00-05:00,690.93,690.95,690.93,690.95,150.0,3.0,690.94
SPY,2026-01-14 09:16:00-05:00,691.11,691.11,691.11,691.11,50.0,1.0,691.11
SPY,2026-01-14 09:17:00-05:00,691.09,691.09,691.09,691.09,40.0,1.0,691.09
SPY,2026-01-14 09:18:00-05:00,691.24,691.26,691.24,691.26,200.0,4.0,691.2525
SPY,2026-01-14 09:21:00-05:00,690.95,690.95,690.93,690.93,250.0,5.0,690.936
SPY,2026-01-14 09:22:00-05:00,690.9,690.9,690.9,690.9,150.0,4.0,690.9
SPY,2026-01-15 08:03:00-05:00,692.8,692.8,692.8,692.8,40.0,1.0,692.8
SPY,2026-01-15 08:04:00-05:00,692.75,692.75,692.75,692.75,79.0,2.0,692.75
SPY,2026-01-15 08:08:00-05:00,693.12,693.12,693.12,693.12,40.0,1.0,693.12
SPY,2026-01-15 08:09:00-05:00,693.18,693.18,693.18,693.18,50.0,1.0,693.18
SPY,2026-01-15 08:11:00-05:00,693.21,693.29,693.21,693.29,650.0,9.0,693.234615
SPY,2026-01-15 08:15:00-05:00,693.03,693.03,693.03,693.03,100.0,1.0,693.03
SPY,2026-01-15 08:19:00-05:00,693.11,693.11,693.11,693.11,40.0,1.0,693.11
SPY,2026-01-15 08:24:00-05:00,693.18,693.18,693.13,693.13,160.0,2.0,693.155
SPY,2026-01-15 08:32:00-05:00,693.34,693.34,693.34,693.34,40.0,1.0,693.34
SPY,2026-01-15 08:34:00-05:00,693.67,693.67,693.67,693.67,50.0,1.0,693.67
SPY,2026-01-15 08:49:00-05:00,693.86,693.86,693.86,693.86,50.0,1.0,693.86
SPY,2026-01-15 08:52:00-05:00,693.7,693.7,693.7,693.7,40.0,1.0,693.7
SPY,2026-01-15 09:06:00-05:00,693.9,693.9,693.88,693.88,107.0,3.0,693.89
SPY,2026-01-15 09:11:00-05:00,693.93,693.93,693.93,693.93,50.0,1.0,693.93
SPY,2026-01-15 09:14:00-05:00,693.81,693.81,693.81,693.81,50.0,1.0,693.81
SPY,2026-01-16 08:36:00-05:00,693.21,693.21,693.21,693.21,50.0,1.0,693.21
SPY,2026-01-16 09:17:00-05:00,693.36,693.36,693.36,693.36,80.0,1.0,693.36
SPY,2026-01-20 08:03:00-05:00,682.41,682.41,682.41,682.41,160.0,2.0,682.41
SPY,2026-01-20 08:07:00-05:00,682.08,682.08,682.08,682.08,160.0,2.0,682.08
SPY,2026-01-20 08:09:00-05:00,682.02,682.02,682.0,682.0,200.0,2.0,682.01
SPY,2026-01-20 08:11:00-05:00,682.1,682.1,682.1,682.1,130.0,1.0,682.1
SPY,2026-01-20 08:12:00-05:00,682.09,682.09,682.09,682.09,64.0,1.0,682.09
SPY,2026-01-20 08:13:00-05:00,681.96,681.97,681.84,681.85,448.0,8.0,681.870674
SPY,2026-01-20 08:14:00-05:00,681.8,681.82,681.8,681.82,200.0,2.0,681.81
SPY,2026-01-20 08:16:00-05:00,682.06,682.06,682.06,682.06,100.0,2.0,682.06
SPY,2026-01-20 08:20:00-05:00,682.35,682.35,682.35,682.35,100.0,1.0,682.35
SPY,2026-01-20 08:22:00-05:00,682.63,682.68,682.63,682.68,531.0,6.0,682.646981
SPY,2026-01-20 08:23:00-05:00,682.69,682.69,682.46,682.46,97.0,2.0,682.571443
SPY,2026-01-20 08:24:00-05:00,682.44,682.44,682.33,682.33,110.0,2.0,682.39
SPY,2026-01-20 08:30:00-05:00,682.02,682.02,682.02,682.02,40.0,1.0,682.02
SPY,2026-01-20 08:33:00-05:00,681.45,681.45,681.18,681.18,280.0,4.0,681.295714
SPY,2026-01-20 08:34:00-05:00,680.61,680.61,680.61,680.61,100.0,1.0,680.61
SPY,2026-01-20 08:35:00-05:00,680.79,680.79,680.79,680.79,160.0,2.0,680.79
SPY,2026-01-20 08:44:00-05:00,681.51,681.51,681.51,681.51,160.0,2.0,681.51
SPY,2026-01-20 08:52:00-05:00,681.03,681.03,681.03,681.03,60.0,1.0,681.03
SPY,2026-01-20 09:00:00-05:00,681.0,681.12,681.0,681.12,200.0,2.0,681.06
SPY,2026-01-20 09:01:00-05:00,681.48,681.48,681.48,681.48,100.0,1.0,681.48
SPY,2026-01-20 09:10:00-05:00,681.24,681.24,681.24,681.24,100.0,1.0,681.24
SPY,2026-01-20 09:19:00-05:00,680.94,680.94,680.94,680.94,100.0,1.0,680.94
SPY,2026-01-21 08:01:00-05:00,676.82,676.82,676.82,676.82,130.0,1.0,676.82
SPY,2026-01-21 08:02:00-05:00,676.87,676.87,676.87,676.87,100.0,1.0,676.87
SPY,2026-01-21 08:10:00-05:00,677.22,677.22,677.07,677.07,460.0,5.0,677.117391
SPY,2026-01-21 08:11:00-05:00,677.09,677.09,677.09,677.09,200.0,2.0,677.09
SPY,2026-01-21 08:18:00-05:00,676.95,676.95,676.95,676.95,40.0,1.0,676.95
SPY,2026-01-21 08:22:00-05:00,676.66,676.66,676.66,676.66,260.0,3.0,676.66
SPY,2026-01-21 08:31:00-05:00,676.22,676.22,676.22,676.22,40.0,1.0,676.22
SPY,2026-01-21 08:33:00-05:00,676.23,676.23,676.23,676.23,80.0,1.0,676.23
SPY,2026-01-21 08:38:00-05:00,676.26,676.26,676.26,676.26,50.0,1.0,676.26
SPY,2026-01-21 08:51:00-05:00,676.67,676.67,676.67,676.67,50.0,1.0,676.67
SPY,2026-01-21 08:54:00-05:00,677.14,677.14,677.14,677.14,60.0,1.0,677.14
SPY,2026-01-21 08:58:00-05:00,677.25,677.25,677.25,677.25,60.0,1.0,677.25
SPY,2026-01-21 09:00:00-05:00,676.71,677.25,676.71,677.25,160.0,2.0,676.9125
SPY,2026-01-21 09:01:00-05:00,677.04,677.04,677.04,677.04,60.0,1.0,677.04
SPY,2026-01-21 09:04:00-05:00,677.67,677.67,677.67,677.67,100.0,1.0,677.67
SPY,2026-01-21 09:05:00-05:00,678.12,678.12,678.12,678.12,60.0,1.0,678.12
SPY,2026-01-21 09:09:00-05:00,678.18,678.18,678.18,678.18,60.0,1.0,678.18
SPY,2026-01-21 09:10:00-05:00,679.08,679.08,678.81,678.81,220.0,3.0,678.883636
SPY,2026-01-21 09:12:00-05:00,679.92,679.92,679.92,679.92,60.0,1.0,679.92
SPY,2026-01-21 09:13:00-05:00,680.01,680.01,680.01,680.01,60.0,1.0,680.01
SPY,2026-01-21 09:18:00-05:00,680.16,680.16,680.16,680.16,40.0,1.0,680.16
SPY,2026-01-21 09:20:00-05:00,678.99,679.02,678.99,679.02,160.0,2.0,679.00125
SPY,2026-01-21 09:21:00-05:00,679.74,679.74,679.74,679.74,60.0,1.0,679.74
SPY,2026-01-22 08:01:00-05:00,689.23,689.23,689.23,689.23,100.0,1.0,689.23
SPY,2026-01-22 08:02:00-05:00,689.26,689.29,689.26,689.29,220.0,3.0,689.270909
SPY,2026-01-22 08:04:00-05:00,689.31,689.31,689.31,689.31,160.0,2.0,689.31
SPY,2026-01-22 08:10:00-05:00,689.0,689.0,688.98,688.98,405.0,4.0,688.991605
SPY,2026-01-22 08:12:00-05:00,688.81,688.81,688.81,688.81,60.0,1.0,688.81
SPY,2026-01-22 08:22:00-05:00,689.16,689.16,689.16,689.16,90.0,3.0,689.16
SPY,2026-01-22 08:31:00-05:00,689.22,689.22,689.22,689.22,250.0,2.0,689.22
SPY,2026-01-22 08:49:00-05:00,689.82,689.82,689.82,689.82,250.0,2.0,689.82
SPY,2026-01-22 09:00:00-05:00,690.03,690.03,690.03,690.03,60.0,1.0,690.03
SPY,2026-01-22 09:19:00-05:00,690.03,690.03,690.03,690.03,100.0,2.0,690.03
SPY,2026-01-23 08:00:00-05:00,688.56,688.56,688.56,688.56,100.0,1.0,688.56
SPY,2026-01-23 08:03:00-05:00,688.57,688.57,688.57,688.57,100.0,1.0,688.57
SPY,2026-01-23 08:10:00-05:00,688.33,688.33,688.33,688.33,100.0,1.0,688.33
SPY,2026-01-23 08:13:00-05:00,688.58,688.58,688.58,688.58,40.0,1.0,688.58
SPY,2026-01-23 08:18:00-05:00,688.48,688.48,688.48,688.48,100.0,1.0,688.48
SPY,2026-01-23 08:29:00-05:00,687.49,687.49,687.49,687.49,40.0,1.0,687.49
SPY,2026-01-23 08:54:00-05:00,687.35,687.35,687.35,687.35,80.0,2.0,687.35
SPY,2026-01-23 08:57:00-05:00,687.46,687.46,687.46,687.46,60.0,1.0,687.46
SPY,2026-01-23 09:10:00-05:00,687.69,687.69,687.69,687.69,40.0,1.0,687.69
SPY,2026-01-26 08:09:00-05:00,689.1,689.1,689.1,689.1,40.0,1.0,689.1
SPY,2026-01-27 08:09:00-05:00,694.58,694.58,694.57,694.57,185.0,2.0,694.576757
SPY,2026-01-27 08:28:00-05:00,694.52,694.52,694.52,694.52,125.0,1.0,694.52
SPY,2026-01-27 09:18:00-05:00,694.2,694.2,694.2,694.2,50.0,1.0,694.2
SPY,2026-01-27 09:22:00-05:00,694.02,694.02,694.02,694.02,40.0,1.0,694.02
SPY,2026-01-28 08:14:00-05:00,696.74,696.74,696.73,696.73,140.0,3.0,696.735
SPY,2026-01-28 08:53:00-05:00,696.95,696.95,696.95,696.95,58.0,1.0,696.95
SPY,2026-01-28 09:07:00-05:00,696.68,696.68,696.68,696.68,50.0,1.0,696.68
SPY,2026-01-28 09:12:00-05:00,696.8,696.9,696.8,696.84,440.0,6.0,696.853636
SPY,2026-01-29 08:18:00-05:00,696.62,696.62,696.62,696.62,190.0,2.0,696.62
SPY,2026-01-29 08:25:00-05:00,696.72,696.76,696.72,696.75,530.0,8.0,696.737449
SPY,2026-01-29 09:14:00-05:00,696.19,696.19,696.19,696.19,60.0,1.0,696.19
SPY,2026-01-29 09:22:00-05:00,696.32,696.32,696.32,696.32,40.0,1.0,696.32
SPY,2026-01-29 09:23:00-05:00,696.41,696.41,696.41,696.41,60.0,1.0,696.41
SPY,2026-01-30 08:06:00-05:00,691.96,692.01,691.96,692.01,593.0,7.0,691.978726
SPY,2026-01-30 08:07:00-05:00,691.81,691.81,691.81,691.81,76.0,2.0,691.81
SPY,2026-01-30 08:11:00-05:00,692.0,692.01,692.0,692.01,253.0,3.0,692.003004
SPY,2026-01-30 08:12:00-05:00,692.12,692.12,692.12,692.12,80.0,2.0,692.12
SPY,2026-01-30 08:18:00-05:00,691.82,691.82,691.82,691.82,163.0,2.0,691.82
SPY,2026-01-30 08:31:00-05:00,690.24,690.24,690.24,690.24,46.0,2.0,690.24
SPY,2026-01-30 08:32:00-05:00,690.44,690.44,690.44,690.44,40.0,1.0,690.44
SPY,2026-01-30 08:33:00-05:00,690.54,690.56,690.54,690.56,210.0,3.0,690.55
SPY,2026-01-30 08:40:00-05:00,690.68,690.68,690.68,690.68,120.0,1.0,690.68
SPY,2026-01-30 08:41:00-05:00,690.66,690.66,690.66,690.66,40.0,1.0,690.66
SPY,2026-01-30 08:43:00-05:00,690.92,690.94,690.92,690.94,310.0,4.0,690.93
SPY,2026-01-30 08:44:00-05:00,691.16,691.16,691.16,691.16,40.0,1.0,691.16
SPY,2026-01-30 08:48:00-05:00,691.28,691.28,691.28,691.28,81.0,3.0,691.28
SPY,2026-01-30 08:54:00-05:00,690.86,690.86,690.86,690.86,40.0,1.0,690.86
SPY,2026-01-30 09:01:00-05:00,691.29,691.29,691.29,691.29,210.0,3.0,691.29
SPY,2026-01-30 09:05:00-05:00,691.34,691.34,691.34,691.34,70.0,1.0,691.34
SPY,2026-01-30 09:09:00-05:00,691.25,691.25,691.25,691.25,70.0,1.0,691.25
SPY,2026-01-30 09:18:00-05:00,691.53,691.53,691.53,691.53,90.0,2.0,691.53
SPY,2026-02-02 08:00:00-05:00,688.64,688.65,688.64,688.65,160.0,3.0,688.645
SPY,2026-02-02 08:35:00-05:00,688.29,688.29,688.29,688.29,197.0,4.0,688.29
SPY,2026-02-02 08:44:00-05:00,688.86,688.86,688.86,688.86,50.0,1.0,688.86
SPY,2026-02-02 08:51:00-05:00,689.07,689.07,689.07,689.07,190.0,3.0,689.07
SPY,2026-02-02 08:55:00-05:00,689.63,689.63,689.63,689.63,70.0,1.0,689.63
SPY,2026-02-02 08:57:00-05:00,689.67,689.68,689.67,689.68,190.0,3.0,689.674118
SPY,2026-02-02 08:58:00-05:00,689.59,689.59,689.57,689.57,195.0,2.0,689.577179
SPY,2026-02-02 08:59:00-05:00,689.58,689.58,689.58,689.58,190.0,3.0,689.58
SPY,2026-02-02 09:03:00-05:00,689.75,689.75,689.75,689.75,265.0,3.0,689.75
SPY,2026-02-02 09:05:00-05:00,689.61,689.61,689.61,689.61,40.0,1.0,689.61
SPY,2026-02-02 09:21:00-05:00,689.61,689.61,689.61,689.61,170.0,2.0,689.61
SPY,2026-02-03 08:03:00-05:00,697.17,697.17,697.17,697.17,40.0,1.0,697.17
SPY,2026-02-03 08:20:00-05:00,697.16,697.16,697.16,697.16,65.0,1.0,697.16
SPY,2026-02-03 08:24:00-05:00,696.98,696.98,696.98,696.98,188.0,1.0,696.98
SPY,2026-02-03 08:29:00-05:00,697.26,697.26,697.26,697.26,160.0,3.0,697.26
SPY,2026-02-03 08:37:00-05:00,697.07,697.07,697.07,697.07,40.0,1.0,697.07
SPY,2026-02-03 08:46:00-05:00,697.06,697.06,697.06,697.06,80.0,2.0,697.06
SPY,2026-02-03 08:58:00-05:00,696.86,696.89,696.86,696.89,448.0,5.0,696.87715
SPY,2026-02-03 08:59:00-05:00,696.86,696.86,696.86,696.86,70.0,1.0,696.86
SPY,2026-02-03 09:00:00-05:00,696.72,696.72,696.72,696.72,60.0,2.0,696.72
SPY,2026-02-03 09:07:00-05:00,696.62,696.63,696.62,696.63,260.0,4.0,696.627083
SPY,2026-02-03 09:11:00-05:00,696.5,696.5,696.5,696.5,51.0,2.0,696.5
SPY,2026-02-03 09:17:00-05:00,696.38,696.38,696.38,696.38,40.0,1.0,696.38
SPY,2026-02-04 08:11:00-05:00,690.12,690.12,690.12,690.12,120.0,2.0,690.12
SPY,2026-02-04 08:23:00-05:00,690.44,690.44,690.44,690.44,40.0,1.0,690.44
SPY,2026-02-04 08:42:00-05:00,690.81,690.81,690.8,690.8,220.0,3.0,690.805
SPY,2026-02-04 08:52:00-05:00,690.26,690.26,690.26,690.26,60.0,1.0,690.26
SPY,2026-02-04 09:02:00-05:00,689.96,689.96,689.96,689.96,40.0,1.0,689.96
SPY,2026-02-04 09:04:00-05:00,689.71,689.71,689.71,689.71,120.0,2.0,689.71
SPY,2026-02-04 09:20:00-05:00,689.73,689.73,689.73,689.73,44.0,2.0,689.73
SPY,2026-02-05 08:09:00-05:00,683.22,683.22,683.22,683.22,50.0,1.0,683.22
SPY,2026-02-05 08:10:00-05:00,682.86,682.86,682.8,682.83,330.0,4.0,682.83
SPY,2026-02-05 08:20:00-05:00,682.28,682.28,682.28,682.28,130.0,2.0,682.28
SPY,2026-02-05 08:26:00-05:00,682.23,682.23,682.23,682.23,130.0,2.0,682.23
SPY,2026-02-05 08:38:00-05:00,683.37,683.37,683.37,683.37,130.0,2.0,683.37
SPY,2026-02-05 08:42:00-05:00,682.61,682.61,682.61,682.61,55.0,1.0,682.61
SPY,2026-02-05 08:49:00-05:00,681.9,681.9,681.9,681.9,40.0,1.0,681.9
SPY,2026-02-05 08:50:00-05:00,681.77,681.78,681.77,681.78,200.0,2.0,681.775
SPY,2026-02-05 08:51:00-05:00,681.2,681.2,681.2,681.2,63.0,2.0,681.2
SPY,2026-02-05 08:52:00-05:00,681.82,681.82,681.82,681.82,40.0,1.0,681.82
SPY,2026-02-05 09:00:00-05:00,680.92,680.92,680.92,680.92,100.0,1.0,680.92
SPY,2026-02-05 09:02:00-05:00,682.39,682.39,682.39,682.39,100.0,1.0,682.39
SPY,2026-02-05 09:16:00-05:00,681.0,681.0,680.99,680.99,359.0,5.0,680.996667
SPY,2026-02-05 09:19:00-05:00,680.97,680.97,680.97,680.97,100.0,1.0,680.97
SPY,2026-02-05 09:22:00-05:00,680.63,680.63,680.63,680.63,160.0,3.0,680.63
SPY,2026-02-05 09:23:00-05:00,680.73,680.73,680.63,680.63,200.0,2.0,680.68
SPY,2026-02-06 08:04:00-05:00,680.72,680.72,680.71,680.71,300.0,3.0,680.716667
SPY,2026-02-06 08:52:00-05:00,681.09,681.09,681.09,681.09,100.0,1.0,681.09
SPY,2026-02-06 08:55:00-05:00,681.38,681.38,681.37,681.37,300.0,3.0,681.376667
SPY,2026-02-06 08:57:00-05:00,681.55,681.55,681.55,681.55,40.0,1.0,681.55
SPY,2026-02-06 09:15:00-05:00,681.66,681.66,681.66,681.66,230.0,3.0,681.66
SPY,2026-02-09 08:16:00-05:00,690.76,690.76,690.76,690.76,40.0,1.0,690.76
SPY,2026-02-09 08:20:00-05:00,690.89,690.92,690.89,690.92,230.0,3.0,690.905
SPY,2026-02-09 08:24:00-05:00,691.2,691.2,691.2,691.2,230.0,3.0,691.2
SPY,2026-02-09 08:31:00-05:00,690.49,690.49,690.49,690.49,100.0,1.0,690.49
SPY,2026-02-09 08:53:00-05:00,689.75,689.75,689.73,689.73,526.0,5.0,689.743852
SPY,2026-02-09 09:13:00-05:00,689.22,689.22,689.22,689.22,100.0,1.0,689.22
SPY,2026-02-10 08:10:00-05:00,693.32,693.32,693.32,693.32,60.0,1.0,693.32
SPY,2026-02-10 08:34:00-05:00,694.19,694.19,694.19,694.19,40.0,1.0,694.19
SPY,2026-02-10 08:35:00-05:00,693.95,693.95,693.95,693.95,250.0,2.0,693.95
SPY,2026-02-10 08:36:00-05:00,693.74,693.74,693.74,693.74,125.0,1.0,693.74
SPY,2026-02-10 08:48:00-05:00,694.07,694.07,694.06,694.06,250.0,2.0,694.065
SPY,2026-02-10 08:50:00-05:00,693.98,693.98,693.98,693.98,40.0,1.0,693.98
SPY,2026-02-10 09:05:00-05:00,694.48,694.49,694.48,694.49,274.0,3.0,694.487299
SPY,2026-02-10 09:09:00-05:00,694.66,694.66,694.66,694.66,40.0,1.0,694.66
SPY,2026-02-10 09:10:00-05:00,694.58,694.58,694.58,694.58,160.0,2.0,694.58
SPY,2026-02-10 09:16:00-05:00,694.83,694.83,694.83,694.83,155.0,2.0,694.83
SPY,2026-02-10 09:19:00-05:00,694.86,694.86,694.86,694.86,80.0,1.0,694.86
SPY,2026-02-11 08:09:00-05:00,692.94,692.94,692.94,692.94,120.0,2.0,692.94
SPY,2026-02-11 08:30:00-05:00,694.18,694.18,694.18,694.18,40.0,1.0,694.18
SPY,2026-02-11 08:31:00-05:00,694.55,694.56,694.55,694.56,195.0,2.0,694.55359
SPY,2026-02-11 08:32:00-05:00,694.83,694.94,694.83,694.94,280.0,4.0,694.865
SPY,2026-02-11 08:33:00-05:00,695.33,695.34,695.24,695.34,250.0,4.0,695.284
SPY,2026-02-11 08:34:00-05:00,695.45,695.73,695.45,695.73,150.0,3.0,695.59
SPY,2026-02-11 08:35:00-05:00,695.56,695.58,695.56,695.58,210.0,3.0,695.57
SPY,2026-02-11 08:37:00-05:00,695.42,695.42,695.42,695.42,70.0,1.0,695.42
SPY,2026-02-11 08:46:00-05:00,695.4,695.82,695.4,695.82,460.0,7.0,695.56587
SPY,2026-02-11 08:47:00-05:00,695.75,695.75,695.75,695.75,70.0,1.0,695.75
SPY,2026-02-11 08:54:00-05:00,695.98,696.0,695.98,696.0,280.0,4.0,695.9925
SPY,2026-02-11 08:55:00-05:00,696.37,696.37,696.37,696.37,210.0,3.0,696.37
SPY,2026-02-11 09:09:00-05:00,696.24,696.24,696.24,696.24,40.0,1.0,696.24
SPY,2026-02-11 09:14:00-05:00,696.18,696.18,696.18,696.18,60.0,1.0,696.18
SPY,2026-02-12 08:08:00-05:00,693.73,693.73,693.73,693.73,40.0,1.0,693.73
SPY,2026-02-12 08:09:00-05:00,693.89,693.89,693.89,693.89,40.0,1.0,693.89
SPY,2026-02-12 08:24:00-05:00,693.65,693.67,693.65,693.67,495.0,5.0,693.659495
SPY,2026-02-12 08:34:00-05:00,694.26,694.26,694.23,694.23,270.0,3.0,694.252222
SPY,2026-02-12 08:37:00-05:00,694.65,694.65,694.65,694.65,40.0,1.0,694.65
SPY,2026-02-12 08:39:00-05:00,694.61,694.61,694.6,694.6,200.0,2.0,694.605
SPY,2026-02-12 08:41:00-05:00,695.16,695.16,695.16,695.16,70.0,1.0,695.16
SPY,2026-02-12 08:42:00-05:00,695.14,695.14,695.09,695.09,200.0,2.0,695.115
SPY,2026-02-12 08:48:00-05:00,694.79,694.8,694.79,694.8,265.0,3.0,694.791509
SPY,2026-02-12 09:06:00-05:00,694.5,694.5,694.5,694.5,50.0,1.0,694.5
SPY,2026-02-13 08:06:00-05:00,680.42,680.42,680.39,680.39,390.0,3.0,680.411026
SPY,2026-02-13 08:08:00-05:00,679.77,679.77,679.76,679.76,210.0,3.0,679.766667
SPY,2026-02-13 08:15:00-05:00,678.84,678.84,678.84,678.84,60.0,2.0,678.84
SPY,2026-02-13 08:30:00-05:00,682.51,682.69,682.48,682.69,210.0,3.0,682.56
SPY,2026-02-13 08:31:00-05:00,682.35,682.35,682.34,682.34,310.0,4.0,682.347742
SPY,2026-02-13 08:32:00-05:00,681.91,681.91,681.12,681.12,280.0,4.0,681.7075
SPY,2026-02-13 08:33:00-05:00,681.3,681.92,681.3,681.92,210.0,3.0,681.606667
SPY,2026-02-13 08:34:00-05:00,682.14,682.14,682.13,682.13,140.0,2.0,682.135
SPY,2026-02-13 08:37:00-05:00,681.49,681.49,681.45,681.45,282.0,5.0,681.474717
SPY,2026-02-13 08:43:00-05:00,682.29,682.29,682.29,682.29,120.0,2.0,682.29
SPY,2026-02-13 08:46:00-05:00,681.42,681.42,680.88,680.88,230.0,2.0,681.067826
SPY,2026-02-13 08:55:00-05:00,682.35,682.35,682.35,682.35,70.0,1.0,682.35
SPY,2026-02-13 09:16:00-05:00,681.54,681.54,681.54,681.54,70.0,1.0,681.54
SPY,2026-02-13 09:20:00-05:00,681.33,681.33,681.3,681.3,220.0,2.0,681.320455
SPY,2026-02-17 08:03:00-05:00,678.34,678.34,678.34,678.34,70.0,1.0,678.34
SPY,2026-02-17 08:04:00-05:00,678.23,678.23,678.23,678.23,70.0,1.0,678.23
SPY,2026-02-17 08:06:00-05:00,677.84,677.84,677.84,677.84,70.0,1.0,677.84
SPY,2026-02-17 08:12:00-05:00,677.3,677.3,677.3,677.3,70.0,1.0,677.3
SPY,2026-02-17 08:23:00-05:00,679.07,679.07,679.07,679.07,40.0,1.0,679.07
SPY,2026-02-17 08:25:00-05:00,679.32,679.32,679.32,679.32,40.0,1.0,679.32
SPY,2026-02-17 08:28:00-05:00,679.2,679.2,679.12,679.12,480.0,6.0,679.181875
SPY,2026-02-17 08:36:00-05:00,678.75,678.75,678.75,678.75,140.0,2.0,678.75
SPY,2026-02-17 08:45:00-05:00,679.09,679.09,679.09,679.09,70.0,1.0,679.09
SPY,2026-02-17 08:50:00-05:00,679.71,679.71,679.71,679.71,140.0,2.0,679.71
SPY,2026-02-17 08:51:00-05:00,679.87,679.87,679.87,679.87,70.0,1.0,679.87
SPY,2026-02-17 08:56:00-05:00,679.68,679.68,679.68,679.68,80.0,1.0,679.68
SPY,2026-02-17 09:02:00-05:00,679.4,679.4,679.38,679.38,380.0,5.0,679.394474
SPY,2026-02-17 09:14:00-05:00,679.89,679.89,679.89,679.89,70.0,1.0,679.89
SPY,2026-02-17 09:18:00-05:00,679.98,679.98,679.96,679.96,240.0,3.0,679.974167
SPY,2026-02-17 09:22:00-05:00,680.16,680.16,680.14,680.14,240.0,3.0,680.15125
SPY,2026-02-18 08:10:00-05:00,685.41,685.41,685.41,685.41,240.0,3.0,685.41
SPY,2026-02-18 08:11:00-05:00,685.41,685.41,685.38,685.38,170.0,2.0,685.392353
SPY,2026-02-18 08:12:00-05:00,685.48,685.48,685.48,685.48,100.0,1.0,685.48
SPY,2026-02-18 08:13:00-05:00,685.5,685.5,685.5,685.5,100.0,1.0,685.5
SPY,2026-02-18 08:14:00-05:00,685.34,685.34,685.34,685.34,70.0,1.0,685.34
SPY,2026-02-18 08:55:00-05:00,683.83,683.83,683.83,683.83,40.0,1.0,683.83
SPY,2026-02-18 09:02:00-05:00,683.84,684.03,683.84,684.03,210.0,3.0,683.99381
SPY,2026-02-19 08:18:00-05:00,684.08,684.08,684.05,684.05,280.0,4.0,684.065185
SPY,2026-02-19 08:20:00-05:00,684.23,684.23,684.23,684.23,140.0,2.0,684.23
SPY,2026-02-19 08:23:00-05:00,684.02,684.02,684.02,684.02,100.0,1.0,684.02
SPY,2026-02-19 08:24:00-05:00,683.81,683.81,683.81,683.81,70.0,1.0,683.81
SPY,2026-02-19 08:30:00-05:00,683.3,683.3,683.2,683.2,240.0,3.0,683.255417
SPY,2026-02-19 08:34:00-05:00,684.01,684.01,684.01,684.01,240.0,4.0,684.01
SPY,2026-02-19 08:45:00-05:00,683.81,683.81,683.81,683.81,59.0,1.0,683.81
SPY,2026-02-19 08:55:00-05:00,684.35,684.35,684.35,684.35,60.0,1.0,684.35
SPY,2026-02-19 08:58:00-05:00,683.93,683.94,683.93,683.94,150.0,2.0,683.935333
SPY,2026-02-19 09:08:00-05:00,683.68,683.68,683.68,683.68,70.0,1.0,683.68
SPY,2026-02-20 08:20:00-05:00,684.54,684.54,684.52,684.52,240.0,3.0,684.534167
SPY,2026-02-20 08:38:00-05:00,683.27,683.29,683.27,683.29,240.0,4.0,683.28
SPY,2026-02-20 08:45:00-05:00,682.81,682.81,682.81,682.81,70.0,1.0,682.81
SPY,2026-02-20 08:47:00-05:00,682.28,682.28,682.28,682.28,70.0,1.0,682.28
SPY,2026-02-20 08:50:00-05:00,682.56,682.57,682.56,682.57,140.0,2.0,682.565
SPY,2026-02-20 08:51:00-05:00,682.53,682.53,682.53,682.53,70.0,1.0,682.53
SPY,2026-02-20 09:00:00-05:00,683.17,683.19,683.17,683.19,240.0,4.0,683.18
SPY,2026-02-20 09:07:00-05:00,683.05,683.05,683.05,683.05,50.0,1.0,683.05
SPY,2026-02-20 09:14:00-05:00,682.49,682.49,682.49,682.49,100.0,2.0,682.49
SPY,2026-02-20 09:23:00-05:00,682.15,682.2,682.15,682.2,170.0,2.0,682.179412
SPY,2026-02-23 08:15:00-05:00,686.43,686.43,686.43,686.43,80.0,2.0,686.43
SPY,2026-02-23 08:32:00-05:00,686.73,686.73,686.73,686.73,130.0,3.0,686.73
SPY,2026-02-23 08:48:00-05:00,687.06,687.06,687.06,687.06,130.0,2.0,687.06
SPY,2026-02-24 08:01:00-05:00,682.4,682.4,682.4,682.4,80.0,1.0,682.4
SPY,2026-02-24 08:03:00-05:00,682.31,682.31,682.31,682.31,40.0,1.0,682.31
SPY,2026-02-24 08:08:00-05:00,682.35,682.35,682.35,682.35,60.0,1.0,682.35
SPY,2026-02-24 08:16:00-05:00,682.14,682.14,682.14,682.14,100.0,2.0,682.14
SPY,2026-02-24 08:19:00-05:00,682.41,682.41,682.41,682.41,120.0,2.0,682.41
SPY,2026-02-24 08:23:00-05:00,682.42,682.42,682.42,682.42,310.0,5.0,682.42
SPY,2026-02-24 08:24:00-05:00,682.39,682.39,682.33,682.33,278.0,5.0,682.38
SPY,2026-02-24 08:25:00-05:00,682.73,682.73,682.73,682.73,60.0,1.0,682.73
SPY,2026-02-24 08:29:00-05:00,682.81,682.86,682.81,682.86,360.0,4.0,682.829444
SPY,2026-02-24 08:30:00-05:00,683.01,683.01,683.01,683.01,130.0,2.0,683.01
SPY,2026-02-24 08:32:00-05:00,683.01,683.01,683.01,683.01,100.0,1.0,683.01
SPY,2026-02-24 08:36:00-05:00,682.82,682.82,682.82,682.82,60.0,1.0,682.82
SPY,2026-02-24 08:42:00-05:00,683.06,683.06,683.06,683.06,70.0,2.0,683.06
SPY,2026-02-24 08:51:00-05:00,683.37,683.37,683.32,683.32,150.0,3.0,683.345
SPY,2026-02-24 08:53:00-05:00,683.31,683.37,683.31,683.37,300.0,5.0,683.341333
SPY,2026-02-24 08:55:00-05:00,683.58,683.58,683.58,683.58,90.0,2.0,683.58
SPY,2026-02-24 09:11:00-05:00,682.95,682.95,682.95,682.95,130.0,2.0,682.95
SPY,2026-02-25 08:00:00-05:00,689.74,689.74,689.74,689.74,60.0,1.0,689.74
SPY,2026-02-25 08:02:00-05:00,689.8,689.83,689.8,689.83,300.0,3.0,689.81
SPY,2026-02-25 08:03:00-05:00,689.87,689.91,689.87,689.91,340.0,3.0,689.881765
SPY,2026-02-25 08:08:00-05:00,689.95,689.98,689.95,689.98,380.0,4.0,689.960526
SPY,2026-02-25 08:18:00-05:00,689.92,689.92,689.92,689.92,40.0,1.0,689.92
SPY,2026-02-25 08:22:00-05:00,689.62,689.62,689.62,689.62,287.0,4.0,689.62
SPY,2026-02-25 08:23:00-05:00,689.59,689.6,689.59,689.6,300.0,2.0,689.592
SPY,2026-02-25 08:24:00-05:00,689.63,689.63,689.63,689.63,140.0,2.0,689.63
SPY,2026-02-25 08:35:00-05:00,689.55,689.55,689.48,689.51,220.0,4.0,689.509091
SPY,2026-02-25 08:36:00-05:00,689.53,689.53,689.53,689.53,60.0,1.0,689.53
SPY,2026-02-25 08:53:00-05:00,689.63,689.63,689.63,689.63,60.0,1.0,689.63
SPY,2026-02-25 08:56:00-05:00,689.99,689.99,689.99,689.99,97.0,2.0,689.99
SPY,2026-02-25 09:03:00-05:00,690.09,690.09,690.09,690.09,40.0,1.0,690.09
SPY,2026-02-25 09:04:00-05:00,689.99,689.99,689.99,689.99,125.0,2.0,689.99
SPY,2026-02-25 09:05:00-05:00,689.93,689.94,689.93,689.94,338.0,6.0,689.931967
SPY,2026-02-25 09:09:00-05:00,690.18,690.18,690.18,690.18,110.0,3.0,690.18
SPY,2026-02-25 09:10:00-05:00,690.54,690.55,690.54,690.55,120.0,2.0,690.545
SPY,2026-02-25 09:19:00-05:00,689.9,690.01,689.87,690.01,400.0,7.0,689.931053
SPY,2026-02-25 09:20:00-05:00,689.94,689.95,689.94,689.95,120.0,2.0,689.945
SPY,2026-02-25 09:21:00-05:00,690.03,690.03,690.03,690.03,40.0,1.0,690.03
SPY,2026-02-26 08:13:00-05:00,693.6,693.6,693.6,693.6,60.0,1.0,693.6
SPY,2026-02-26 08:17:00-05:00,693.66,693.75,693.66,693.75,220.0,4.0,693.69375
SPY,2026-02-26 08:25:00-05:00,693.67,693.67,693.67,693.67,60.0,1.0,693.67
SPY,2026-02-26 08:34:00-05:00,693.98,693.98,693.98,693.98,100.0,1.0,693.98
SPY,2026-02-26 08:38:00-05:00,693.91,693.91,693.87,693.87,440.0,7.0,693.888947
SPY,2026-02-26 08:42:00-05:00,693.84,693.84,693.83,693.83,230.0,3.0,693.835
SPY,2026-02-26 09:06:00-05:00,693.8,693.81,693.8,693.81,290.0,4.0,693.803846
SPY,2026-02-26 09:11:00-05:00,693.48,693.48,693.48,693.48,130.0,2.0,693.48
SPY,2026-02-26 09:15:00-05:00,693.7,693.71,693.7,693.71,120.0,2.0,693.705
SPY,2026-02-26 09:22:00-05:00,693.68,693.68,693.68,693.68,40.0,1.0,693.68
SPY,2026-02-27 08:00:00-05:00,685.42,685.43,685.26,685.26,455.0,5.0,685.375294
SPY,2026-02-27 08:01:00-05:00,685.17,685.17,685.17,685.17,40.0,1.0,685.17
SPY,2026-02-27 08:05:00-05:00,685.51,685.51,685.51,685.51,62.0,2.0,685.51
SPY,2026-02-27 08:08:00-05:00,685.5,685.53,685.47,685.47,350.0,5.0,685.498125
SPY,2026-02-27 08:10:00-05:00,685.24,685.24,685.24,685.24,60.0,1.0,685.24
SPY,2026-02-27 08:11:00-05:00,685.35,685.35,685.35,685.35,155.0,2.0,685.35
SPY,2026-02-27 08:18:00-05:00,684.72,684.72,684.72,684.72,90.0,2.0,684.72
SPY,2026-02-27 08:24:00-05:00,684.61,684.61,684.61,684.61,40.0,1.0,684.61
SPY,2026-02-27 08:26:00-05:00,684.27,684.34,684.27,684.34,160.0,3.0,684.31
SPY,2026-02-27 08:30:00-05:00,683.41,684.09,683.41,683.88,805.0,10.0,683.738205
SPY,2026-02-27 08:31:00-05:00,683.36,683.36,683.04,683.19,990.0,13.0,683.207912
SPY,2026-02-27 08:32:00-05:00,683.26,683.53,683.26,683.53,480.0,7.0,683.439048
SPY,2026-02-27 08:33:00-05:00,683.49,683.49,683.13,683.13,358.0,6.0,683.245488
SPY,2026-02-27 08:35:00-05:00,683.16,683.16,683.16,683.16,100.0,1.0,683.16
SPY,2026-02-27 08:36:00-05:00,682.99,683.02,682.92,683.02,280.0,3.0,682.973571
SPY,2026-02-27 08:38:00-05:00,682.75,682.75,682.75,682.75,40.0,1.0,682.75
SPY,2026-02-27 08:40:00-05:00,683.07,683.08,683.07,683.08,180.0,4.0,683.075
SPY,2026-02-27 08:46:00-05:00,683.58,683.58,683.58,683.58,60.0,1.0,683.58
SPY,2026-02-27 08:47:00-05:00,683.65,683.65,683.65,683.65,70.0,2.0,683.65
SPY,2026-02-27 08:52:00-05:00,683.76,683.76,683.76,683.76,215.0,3.0,683.76
SPY,2026-02-27 09:09:00-05:00,683.52,683.52,683.52,683.52,40.0,1.0,683.52
SPY,2026-02-27 09:11:00-05:00,683.77,683.77,683.77,683.77,60.0,1.0,683.77
SPY,2026-03-02 08:04:00-05:00,678.64,678.7,678.64,678.7,260.0,3.0,678.665385
SPY,2026-03-02 08:05:00-05:00,678.67,678.67,678.67,678.67,100.0,1.0,678.67
SPY,2026-03-02 08:10:00-05:00,679.28,679.29,679.28,679.29,120.0,3.0,679.284
SPY,2026-03-02 08:11:00-05:00,679.43,679.49,679.43,679.49,595.0,8.0,679.453451
SPY,2026-03-02 08:18:00-05:00,679.16,679.16,679.16,679.16,40.0,1.0,679.16
SPY,2026-03-02 08:21:00-05:00,680.13,680.13,680.13,680.13,280.0,3.0,680.13
SPY,2026-03-02 08:22:00-05:00,680.46,680.62,680.46,680.62,358.0,4.0,680.513125
SPY,2026-03-02 08:24:00-05:00,680.45,680.45,680.45,680.45,50.0,1.0,680.45
SPY,2026-03-02 08:29:00-05:00,679.74,679.74,679.74,679.74,125.0,1.0,679.74
SPY,2026-03-02 08:33:00-05:00,679.43,679.43,679.43,679.43,215.0,3.0,679.43
SPY,2026-03-02 08:49:00-05:00,679.25,679.25,679.25,679.25,60.0,1.0,679.25
SPY,2026-03-02 08:51:00-05:00,679.02,679.03,679.02,679.03,215.0,3.0,679.023243
SPY,2026-03-02 08:52:00-05:00,678.83,678.83,678.82,678.82,220.0,3.0,678.827273
SPY,2026-03-02 08:59:00-05:00,678.24,678.24,678.24,678.24,125.0,1.0,678.24
SPY,2026-03-02 09:01:00-05:00,678.21,678.21,678.21,678.21,155.0,2.0,678.21
SPY,2026-03-02 09:11:00-05:00,678.63,678.64,678.59,678.59,226.0,4.0,678.625556
SPY,2026-03-03 08:01:00-05:00,676.79,676.79,676.79,676.79,64.0,1.0,676.79
SPY,2026-03-03 08:09:00-05:00,676.49,676.49,676.43,676.43,466.0,4.0,676.461395
SPY,2026-03-03 08:13:00-05:00,676.03,676.03,676.03,676.03,100.0,1.0,676.03
SPY,2026-03-03 08:18:00-05:00,677.01,677.01,677.01,677.01,54.0,2.0,677.01
SPY,2026-03-03 08:23:00-05:00,676.95,676.95,676.58,676.58,335.0,3.0,676.722308
SPY,2026-03-03 08:24:00-05:00,676.29,676.29,676.29,676.29,136.0,3.0,676.29
SPY,2026-03-03 08:26:00-05:00,676.04,676.14,676.04,676.14,359.0,4.0,676.093492
SPY,2026-03-03 08:30:00-05:00,675.63,675.63,675.63,675.63,100.0,1.0,675.63
SPY,2026-03-03 08:32:00-05:00,675.11,675.11,675.11,675.11,133.0,1.0,675.11
SPY,2026-03-03 08:33:00-05:00,674.83,674.83,674.83,674.83,60.0,1.0,674.83
SPY,2026-03-03 08:34:00-05:00,675.3,675.3,675.3,675.3,105.0,2.0,675.3
SPY,2026-03-03 08:36:00-05:00,674.94,674.94,674.74,674.74,205.0,2.0,674.861951
SPY,2026-03-03 08:38:00-05:00,674.76,674.76,674.76,674.76,125.0,1.0,674.76
SPY,2026-03-03 08:39:00-05:00,674.87,675.03,674.87,675.03,924.0,7.0,674.981299
SPY,2026-03-03 08:46:00-05:00,674.6,674.6,674.4,674.4,225.0,2.0,674.488889
SPY,2026-03-03 08:47:00-05:00,674.43,674.43,674.43,674.43,358.0,3.0,674.43
SPY,2026-03-03 08:48:00-05:00,674.48,674.48,674.48,674.48,101.0,2.0,674.48
SPY,2026-03-03 08:52:00-05:00,674.15,674.15,673.76,673.76,749.0,6.0,674.036248
SPY,2026-03-03 08:53:00-05:00,674.67,674.67,674.67,674.67,125.0,1.0,674.67
SPY,2026-03-03 08:54:00-05:00,674.78,674.78,674.42,674.42,475.0,5.0,674.535263
SPY,2026-03-03 08:56:00-05:00,674.4,674.48,674.4,674.48,916.0,6.0,674.437085
SPY,2026-03-03 08:57:00-05:00,674.33,674.35,674.33,674.35,617.0,6.0,674.338377
SPY,2026-03-03 09:05:00-05:00,674.43,674.44,674.43,674.44,383.0,3.0,674.433473
SPY,2026-03-03 09:08:00-05:00,674.37,674.39,674.37,674.39,391.0,3.0,674.380205
SPY,2026-03-03 09:09:00-05:00,674.58,674.58,674.58,674.58,125.0,1.0,674.58
SPY,2026-03-03 09:12:00-05:00,673.87,673.87,673.87,673.87,133.0,1.0,673.87
SPY,2026-03-03 09:15:00-05:00,674.09,674.1,674.09,674.1,508.0,4.0,674.097382
SPY,2026-03-03 09:16:00-05:00,673.93,673.93,673.91,673.91,266.0,2.0,673.92
SPY,2026-03-03 09:17:00-05:00,673.84,673.84,673.84,673.84,133.0,1.0,673.84
SPY,2026-03-03 09:20:00-05:00,674.47,674.47,674.47,674.47,133.0,1.0,674.47
SPY,2026-03-04 08:05:00-05:00,681.27,681.27,681.27,681.27,100.0,1.0,681.27
SPY,2026-03-04 08:06:00-05:00,681.87,681.87,681.87,681.87,80.0,2.0,681.87
SPY,2026-03-04 08:09:00-05:00,682.23,682.32,682.23,682.32,140.0,3.0,682.270909
SPY,2026-03-04 08:10:00-05:00,683.25,683.26,682.83,682.83,410.0,3.0,683.180732
SPY,2026-03-04 08:14:00-05:00,682.85,682.85,682.83,682.83,200.0,2.0,682.84
SPY,2026-03-04 08:21:00-05:00,682.31,682.32,682.31,682.32,325.0,4.0,682.317627
SPY,2026-03-04 08:28:00-05:00,682.39,682.39,682.39,682.39,100.0,1.0,682.39
SPY,2026-03-04 08:29:00-05:00,682.47,682.47,682.47,682.47,110.0,2.0,682.47
SPY,2026-03-04 08:32:00-05:00,682.56,682.56,682.56,682.56,125.0,1.0,682.56
SPY,2026-03-04 08:34:00-05:00,682.4,682.4,682.4,682.4,200.0,3.0,682.4
SPY,2026-03-04 08:42:00-05:00,682.71,682.71,682.71,682.71,225.0,2.0,682.71
SPY,2026-03-04 08:43:00-05:00,682.97,683.06,682.97,683.06,200.0,4.0,683.015
SPY,2026-03-04 08:45:00-05:00,682.7,682.7,682.7,682.7,70.0,1.0,682.7
SPY,2026-03-04 08:54:00-05:00,682.86,682.86,682.86,682.86,130.0,2.0,682.86
SPY,2026-03-04 09:06:00-05:00,682.59,682.59,682.59,682.59,100.0,1.0,682.59
SPY,2026-03-04 09:17:00-05:00,682.83,682.83,682.83,682.83,40.0,1.0,682.83
SPY,2026-03-04 09:20:00-05:00,683.3,683.3,683.3,683.3,40.0,1.0,683.3
SPY,2026-03-05 08:13:00-05:00,683.68,683.7,683.68,683.7,440.0,4.0,683.695122
SPY,2026-03-05 08:16:00-05:00,683.9,683.9,683.9,683.9,100.0,1.0,683.9
SPY,2026-03-05 08:27:00-05:00,683.55,683.55,683.55,683.55,100.0,1.0,683.55
SPY,2026-03-05 08:28:00-05:00,683.72,683.76,683.72,683.74,280.0,3.0,683.741429
SPY,2026-03-05 08:32:00-05:00,683.02,683.02,683.02,683.02,80.0,1.0,683.02
SPY,2026-03-05 08:35:00-05:00,683.02,683.02,683.02,683.02,950.0,9.0,683.02
SPY,2026-03-05 08:52:00-05:00,683.46,683.46,683.46,683.46,40.0,1.0,683.46
SPY,2026-03-05 09:00:00-05:00,682.44,682.44,682.44,682.44,100.0,2.0,682.44
SPY,2026-03-05 09:02:00-05:00,682.29,682.29,682.29,682.29,100.0,2.0,682.29
SPY,2026-03-05 09:05:00-05:00,682.11,682.11,682.11,682.11,500.0,5.0,682.11
SPY,2026-03-05 09:10:00-05:00,682.23,682.23,682.23,682.23,210.0,1.0,682.23
SPY,2026-03-05 09:19:00-05:00,681.64,681.64,681.64,681.64,100.0,2.0,681.64
SPY,2026-03-05 09:20:00-05:00,681.54,681.54,681.54,681.54,100.0,2.0,681.54
SPY,2026-03-05 09:23:00-05:00,682.17,682.17,681.9,681.9,550.0,5.0,682.054286
SPY,2026-03-06 08:04:00-05:00,677.28,677.28,677.28,677.28,225.0,3.0,677.28
SPY,2026-03-06 08:05:00-05:00,677.28,677.28,677.28,677.28,155.0,2.0,677.28
SPY,2026-03-06 08:07:00-05:00,677.7,677.73,677.7,677.73,300.0,4.0,677.711111
SPY,2026-03-06 08:13:00-05:00,677.83,677.83,677.83,677.83,130.0,2.0,677.83
SPY,2026-03-06 08:28:00-05:00,678.33,678.33,678.33,678.33,100.0,1.0,678.33
SPY,2026-03-06 08:29:00-05:00,678.13,678.13,678.13,678.13,49.0,1.0,678.13
SPY,2026-03-06 08:30:00-05:00,675.81,676.04,675.36,675.43,1760.0,19.0,675.69448
SPY,2026-03-06 08:31:00-05:00,675.91,676.3,675.91,676.3,775.0,9.0,676.201223
SPY,2026-03-06 08:32:00-05:00,676.23,676.23,676.14,676.15,210.0,3.0,676.174762
SPY,2026-03-06 08:33:00-05:00,676.2,676.32,676.2,676.32,495.0,7.0,676.298824
SPY,2026-03-06 08:34:00-05:00,676.65,676.65,676.65,676.65,125.0,1.0,676.65
SPY,2026-03-06 08:35:00-05:00,677.07,677.28,676.81,676.81,1150.0,15.0,677.143398
SPY,2026-03-06 08:36:00-05:00,676.53,676.53,676.53,676.53,210.0,3.0,676.53
SPY,2026-03-06 08:38:00-05:00,676.11,676.29,675.96,675.96,855.0,14.0,676.081942
SPY,2026-03-06 08:41:00-05:00,675.0,675.0,675.0,675.0,40.0,1.0,675.0
SPY,2026-03-06 08:45:00-05:00,674.06,674.06,674.06,674.06,70.0,1.0,674.06
SPY,2026-03-06 08:46:00-05:00,674.0,674.0,674.0,674.0,160.0,2.0,674.0
SPY,2026-03-06 08:52:00-05:00,673.07,673.77,673.07,673.77,140.0,2.0,673.27
SPY,2026-03-06 08:59:00-05:00,672.95,672.95,672.95,672.95,40.0,1.0,672.95
SPY,2026-03-06 09:02:00-05:00,672.96,672.96,672.96,672.96,70.0,1.0,672.96
SPY,2026-03-06 09:09:00-05:00,672.06,672.06,672.06,672.06,225.0,3.0,672.06
SPY,2026-03-06 09:14:00-05:00,672.54,672.54,672.54,672.54,100.0,2.0,672.54
SPY,2026-03-06 09:21:00-05:00,672.72,672.72,672.72,672.72,70.0,1.0,672.72
SPY,2026-03-06 09:23:00-05:00,673.05,673.05,672.93,672.93,255.0,4.0,673.006923
SPY,2026-03-09 08:06:00-04:00,666.31,666.31,666.31,666.31,130.0,2.0,666.31
SPY,2026-03-09 08:16:00-04:00,666.63,666.63,666.61,666.61,570.0,2.0,666.627544
SPY,2026-03-09 08:24:00-04:00,666.92,667.0,666.92,667.0,149.0,2.0,666.962416
SPY,2026-03-09 08:29:00-04:00,666.88,667.23,666.88,667.21,270.0,4.0,667.12963
SPY,2026-03-09 08:31:00-04:00,666.93,666.93,666.93,666.93,100.0,2.0,666.93
SPY,2026-03-09 08:32:00-04:00,666.54,666.54,666.54,666.54,110.0,2.0,666.54
SPY,2026-03-09 08:43:00-04:00,665.05,665.05,665.01,665.01,380.0,3.0,665.022895
SPY,2026-03-09 08:48:00-04:00,665.12,665.12,665.1,665.1,140.0,3.0,665.113333
SPY,2026-03-09 08:49:00-04:00,665.07,665.07,664.95,664.95,120.0,2.0,664.99
SPY,2026-03-09 08:51:00-04:00,664.92,664.92,664.92,664.92,520.0,2.0,664.92
SPY,2026-03-09 08:57:00-04:00,664.93,664.95,664.93,664.95,160.0,3.0,664.94
SPY,2026-03-09 08:58:00-04:00,665.02,665.02,665.02,665.02,60.0,1.0,665.02
SPY,2026-03-09 08:59:00-04:00,665.19,665.19,665.19,665.19,600.0,3.0,665.19
SPY,2026-03-09 09:05:00-04:00,665.95,665.95,665.95,665.95,70.0,1.0,665.95
SPY,2026-03-09 09:07:00-04:00,665.52,665.52,665.52,665.52,70.0,1.0,665.52
SPY,2026-03-09 09:13:00-04:00,666.25,666.25,666.25,666.25,70.0,1.0,666.25
SPY,2026-03-09 09:18:00-04:00,666.22,666.22,666.22,666.22,70.0,1.0,666.22
SPY,2026-03-09 09:20:00-04:00,665.94,665.94,665.94,665.94,70.0,1.0,665.94
SPY,2026-03-09 09:21:00-04:00,666.09,666.1,666.09,666.1,140.0,2.0,666.095
SPY,2026-03-10 08:01:00-04:00,676.77,676.77,676.77,676.77,100.0,1.0,676.77
SPY,2026-03-10 08:03:00-04:00,676.4,676.4,676.4,676.4,100.0,1.0,676.4
SPY,2026-03-10 08:05:00-04:00,676.1,676.1,676.1,676.1,250.0,1.0,676.1
SPY,2026-03-10 08:06:00-04:00,676.05,676.05,676.05,676.05,100.0,1.0,676.05
SPY,2026-03-10 08:07:00-04:00,675.71,675.71,675.71,675.71,160.0,1.0,675.71
SPY,2026-03-10 08:08:00-04:00,675.8,675.97,675.8,675.97,260.0,2.0,675.865385
SPY,2026-03-10 08:10:00-04:00,675.53,675.53,675.53,675.53,282.0,3.0,675.53
SPY,2026-03-10 08:18:00-04:00,675.95,675.95,675.95,675.95,250.0,1.0,675.95
SPY,2026-03-10 08:27:00-04:00,676.21,676.21,676.21,676.21,95.0,1.0,676.21
SPY,2026-03-10 08:31:00-04:00,675.19,675.3,675.19,675.29,600.0,5.0,675.248246
SPY,2026-03-10 08:42:00-04:00,676.59,676.59,676.59,676.59,335.0,2.0,676.59
SPY,2026-03-10 09:23:00-04:00,677.42,677.43,677.42,677.43,615.0,4.0,677.425726
SPY,2026-03-10 09:24:00-04:00,677.79,677.79,677.79,677.79,155.0,2.0,677.79
SPY,2026-03-11 08:09:00-04:00,676.07,676.07,676.07,676.07,100.0,1.0,676.07
SPY,2026-03-11 08:12:00-04:00,676.4,676.4,676.4,676.4,100.0,1.0,676.4
SPY,2026-03-11 08:18:00-04:00,676.66,676.66,676.5,676.5,440.0,6.0,676.586341
SPY,2026-03-11 08:19:00-04:00,676.54,676.7,676.54,676.7,320.0,7.0,676.641852
SPY,2026-03-11 08:29:00-04:00,677.24,677.24,677.22,677.22,180.0,2.0,677.231111
SPY,2026-03-11 08:31:00-04:00,676.91,676.91,676.91,676.91,40.0,1.0,676.91
SPY,2026-03-11 08:33:00-04:00,675.97,675.97,675.97,675.97,70.0,1.0,675.97
SPY,2026-03-11 08:34:00-04:00,675.83,675.83,675.73,675.73,270.0,3.0,675.767037
SPY,2026-03-11 08:35:00-04:00,675.85,675.85,675.85,675.85,100.0,2.0,675.85
SPY,2026-03-11 08:57:00-04:00,675.35,675.35,675.35,675.35,91.0,2.0,675.35
SPY,2026-03-11 09:00:00-04:00,675.8,675.8,675.8,675.8,70.0,1.0,675.8
SPY,2026-03-11 09:04:00-04:00,676.09,676.09,676.09,676.09,70.0,1.0,676.09
SPY,2026-03-11 09:11:00-04:00,675.86,675.86,675.86,675.86,81.0,2.0,675.86
SPY,2026-03-11 09:24:00-04:00,676.94,676.94,676.94,676.94,70.0,1.0,676.94
SPY,2026-03-12 08:02:00-04:00,672.25,672.25,672.25,672.25,100.0,1.0,672.25
SPY,2026-03-12 08:03:00-04:00,672.31,672.31,672.31,672.31,100.0,1.0,672.31
SPY,2026-03-12 08:07:00-04:00,671.49,671.51,671.48,671.51,260.0,3.0,671.494615
SPY,2026-03-12 08:13:00-04:00,672.2,672.2,672.2,672.2,40.0,1.0,672.2
SPY,2026-03-12 08:17:00-04:00,671.85,671.92,671.85,671.92,450.0,5.0,671.901905
SPY,2026-03-12 08:19:00-04:00,672.02,672.02,672.02,672.02,80.0,3.0,672.02
SPY,2026-03-12 08:22:00-04:00,671.81,671.81,671.81,671.81,230.0,2.0,671.81
SPY,2026-03-12 08:25:00-04:00,672.11,672.17,672.11,672.17,400.0,3.0,672.1325
SPY,2026-03-12 08:26:00-04:00,672.17,672.17,672.17,672.17,200.0,1.0,672.17
SPY,2026-03-12 08:28:00-04:00,672.29,672.29,672.29,672.29,75.0,1.0,672.29
SPY,2026-03-12 08:30:00-04:00,672.14,672.24,672.14,672.24,380.0,3.0,672.168947
SPY,2026-03-12 08:33:00-04:00,671.95,671.95,671.95,671.95,130.0,2.0,671.95
SPY,2026-03-12 08:36:00-04:00,671.78,671.78,671.78,671.78,100.0,1.0,671.78
SPY,2026-03-12 08:40:00-04:00,671.46,671.46,671.46,671.46,40.0,1.0,671.46
SPY,2026-03-12 09:10:00-04:00,672.23,672.23,672.23,672.23,200.0,1.0,672.23
SPY,2026-03-12 09:15:00-04:00,671.15,671.15,671.15,671.15,60.0,1.0,671.15
SPY,2026-03-12 09:20:00-04:00,671.06,671.06,671.06,671.06,200.0,1.0,671.06
SPY,2026-03-12 09:21:00-04:00,670.65,670.65,670.65,670.65,110.0,2.0,670.65
SPY,2026-03-13 08:03:00-04:00,669.53,669.53,669.53,669.53,102.0,3.0,669.53
SPY,2026-03-13 08:07:00-04:00,668.78,668.78,668.78,668.78,100.0,1.0,668.78
SPY,2026-03-13 08:13:00-04:00,668.58,668.58,668.58,668.58,40.0,1.0,668.58
SPY,2026-03-13 08:15:00-04:00,668.9,668.9,668.9,668.9,100.0,2.0,668.9
SPY,2026-03-13 08:20:00-04:00,668.48,668.48,668.48,668.48,100.0,1.0,668.48
SPY,2026-03-13 08:30:00-04:00,668.73,669.48,668.73,669.48,405.0,4.0,669.276
SPY,2026-03-13 08:32:00-04:00,669.33,669.33,669.33,669.33,130.0,2.0,669.33
SPY,2026-03-13 08:33:00-04:00,669.31,669.31,669.31,669.31,150.0,8.0,669.31
SPY,2026-03-13 08:35:00-04:00,669.11,669.11,669.11,669.11,100.0,1.0,669.11
SPY,2026-03-13 08:52:00-04:00,669.51,669.6,669.51,669.6,310.0,4.0,669.555
SPY,2026-03-13 09:16:00-04:00,669.39,669.39,669.39,669.39,155.0,2.0,669.39
SPY,2026-03-13 09:24:00-04:00,669.78,669.78,669.78,669.78,155.0,2.0,669.78
SPY,2026-03-16 08:07:00-04:00,667.77,667.77,667.77,667.77,100.0,2.0,667.77
SPY,2026-03-16 08:08:00-04:00,667.7,667.7,667.7,667.7,100.0,1.0,667.7
SPY,2026-03-16 08:09:00-04:00,667.78,667.78,667.77,667.77,200.0,3.0,667.777353
SPY,2026-03-16 08:10:00-04:00,667.84,667.84,667.84,667.84,100.0,1.0,667.84
SPY,2026-03-16 08:12:00-04:00,668.35,668.38,668.35,668.38,225.0,2.0,668.363333
SPY,2026-03-16 08:16:00-04:00,668.49,668.49,668.49,668.49,500.0,8.0,668.49
SPY,2026-03-16 08:17:00-04:00,668.45,668.45,668.44,668.44,225.0,2.0,668.444444
SPY,2026-03-16 08:18:00-04:00,668.53,668.65,668.53,668.65,1030.0,10.0,668.562
SPY,2026-03-16 08:22:00-04:00,668.33,668.33,668.33,668.33,100.0,1.0,668.33
SPY,2026-03-16 08:31:00-04:00,668.42,668.42,668.42,668.42,290.0,3.0,668.42
SPY,2026-03-16 09:20:00-04:00,668.16,668.16,668.16,668.16,155.0,2.0,668.16
SPY,2026-03-17 08:09:00-04:00,669.42,669.42,669.42,669.42,110.0,2.0,669.42
SPY,2026-03-17 08:10:00-04:00,669.42,669.42,669.41,669.41,280.0,4.0,669.416154
SPY,2026-03-17 08:15:00-04:00,669.66,669.81,669.66,669.81,205.0,4.0,669.76
SPY,2026-03-17 08:20:00-04:00,670.11,670.11,670.11,670.11,125.0,3.0,670.11
SPY,2026-03-17 08:21:00-04:00,669.97,669.97,669.93,669.93,315.0,5.0,669.951538
SPY,2026-03-17 08:26:00-04:00,670.17,670.18,670.17,670.18,280.0,3.0,670.177143
SPY,2026-03-17 08:27:00-04:00,670.12,670.12,670.12,670.12,80.0,1.0,670.12
SPY,2026-03-17 08:36:00-04:00,670.6,670.75,670.6,670.75,410.0,6.0,670.695556
SPY,2026-03-17 09:07:00-04:00,671.38,671.38,671.38,671.38,50.0,1.0,671.38
SPY,2026-03-17 09:12:00-04:00,671.64,671.65,671.64,671.65,697.0,4.0,671.644033
SPY,2026-03-17 09:22:00-04:00,672.09,672.09,672.09,672.09,110.0,2.0,672.09
SPY,2026-03-18 08:04:00-04:00,672.1,672.1,672.1,672.1,80.0,1.0,672.1
SPY,2026-03-18 08:10:00-04:00,671.74,671.74,671.74,671.74,100.0,1.0,671.74
SPY,2026-03-18 08:16:00-04:00,671.27,671.27,671.27,671.27,80.0,1.0,671.27
SPY,2026-03-18 08:18:00-04:00,671.04,671.04,670.93,670.93,310.0,4.0,670.972857
SPY,2026-03-18 08:19:00-04:00,670.69,670.69,670.67,670.67,300.0,3.0,670.676667
SPY,2026-03-18 08:20:00-04:00,670.68,670.68,670.68,670.68,80.0,1.0,670.68
SPY,2026-03-18 08:22:00-04:00,670.8,670.85,670.63,670.63,348.0,6.0,670.7724
SPY,2026-03-18 08:28:00-04:00,670.78,671.0,670.78,671.0,300.0,3.0,670.92
SPY,2026-03-18 08:29:00-04:00,671.28,671.3,671.28,671.28,300.0,3.0,671.286667
SPY,2026-03-18 08:30:00-04:00,670.65,670.87,670.37,670.37,880.0,9.0,670.524186
SPY,2026-03-18 08:31:00-04:00,670.11,670.11,669.69,669.69,404.0,7.0,669.870351
SPY,2026-03-18 08:32:00-04:00,669.71,669.71,669.34,669.34,630.0,7.0,669.535
SPY,2026-03-18 08:33:00-04:00,669.19,669.19,669.14,669.14,318.0,4.0,669.161429
SPY,2026-03-18 08:34:00-04:00,669.43,669.43,669.2,669.2,340.0,5.0,669.286667
SPY,2026-03-18 08:35:00-04:00,669.5,669.6,669.47,669.6,240.0,3.0,669.504167
SPY,2026-03-18 08:36:00-04:00,669.39,669.39,669.35,669.35,204.0,5.0,669.367778
SPY,2026-03-18 08:37:00-04:00,669.46,669.57,669.31,669.57,490.0,6.0,669.46
SPY,2026-03-18 08:42:00-04:00,669.12,669.12,669.12,669.12,120.0,3.0,669.12
SPY,2026-03-18 08:45:00-04:00,668.34,668.34,668.32,668.32,190.0,3.0,668.33
SPY,2026-03-18 08:59:00-04:00,667.33,667.33,667.33,667.33,80.0,1.0,667.33
SPY,2026-03-18 09:00:00-04:00,667.39,667.39,667.39,667.39,80.0,1.0,667.39
SPY,2026-03-18 09:01:00-04:00,667.38,667.38,667.2,667.2,220.0,4.0,667.29
SPY,2026-03-18 09:08:00-04:00,667.71,667.71,667.71,667.71,50.0,1.0,667.71
SPY,2026-03-19 08:02:00-04:00,658.86,658.86,658.86,658.86,120.0,2.0,658.86
SPY,2026-03-19 08:10:00-04:00,659.59,659.59,659.59,659.59,83.0,2.0,659.59
SPY,2026-03-19 08:14:00-04:00,658.99,658.99,658.99,658.99,130.0,2.0,658.99
SPY,2026-03-19 08:25:00-04:00,658.03,658.03,658.03,658.03,110.0,2.0,658.03
SPY,2026-03-19 08:30:00-04:00,657.8,657.83,657.8,657.83,423.0,6.0,657.810554
SPY,2026-03-19 08:31:00-04:00,657.09,657.09,657.09,657.09,110.0,2.0,657.09
SPY,2026-03-19 08:32:00-04:00,657.78,657.78,657.78,657.78,85.0,2.0,657.78
SPY,2026-03-19 08:33:00-04:00,658.05,658.09,658.05,658.09,510.0,7.0,658.063333
SPY,2026-03-19 08:34:00-04:00,657.99,657.99,657.99,657.99,85.0,2.0,657.99
SPY,2026-03-19 08:54:00-04:00,657.09,657.09,657.09,657.09,140.0,3.0,657.09
SPY,2026-03-19 09:05:00-04:00,656.52,656.52,656.52,656.52,170.0,4.0,656.52
SPY,2026-03-19 09:08:00-04:00,656.43,656.43,656.43,656.43,110.0,2.0,656.43
SPY,2026-03-20 08:00:00-04:00,656.14,656.14,656.14,656.14,40.0,1.0,656.14
SPY,2026-03-20 08:01:00-04:00,655.6,655.6,655.6,655.6,100.0,1.0,655.6
SPY,2026-03-20 08:05:00-04:00,655.9,655.9,655.9,655.9,100.0,1.0,655.9
SPY,2026-03-20 08:06:00-04:00,655.9,655.9,655.9,655.9,100.0,1.0,655.9
SPY,2026-03-20 08:07:00-04:00,656.08,656.19,656.08,656.19,280.0,4.0,656.146
SPY,2026-03-20 08:10:00-04:00,656.82,656.86,656.81,656.86,635.0,9.0,656.835248
SPY,2026-03-20 08:11:00-04:00,656.87,656.87,656.63,656.63,300.0,3.0,656.786667
SPY,2026-03-20 08:15:00-04:00,656.21,656.21,656.21,656.21,125.0,2.0,656.21
SPY,2026-03-20 08:40:00-04:00,655.72,655.72,655.71,655.71,205.0,2.0,655.716098
SPY,2026-03-20 08:41:00-04:00,655.66,655.66,655.66,655.66,125.0,1.0,655.66
SPY,2026-03-20 08:50:00-04:00,656.34,656.34,656.34,656.34,80.0,1.0,656.34
SPY,2026-03-20 09:05:00-04:00,656.22,656.22,656.22,656.22,40.0,1.0,656.22
SPY,2026-03-20 09:22:00-04:00,656.37,656.37,656.37,656.37,40.0,1.0,656.37
SPY,2026-03-23 08:00:00-04:00,655.52,655.52,655.52,655.52,50.0,1.0,655.52
SPY,2026-03-23 08:01:00-04:00,655.36,655.36,655.36,655.36,100.0,1.0,655.36
SPY,2026-03-23 08:03:00-04:00,656.02,656.56,656.02,656.51,928.0,8.0,656.368372
SPY,2026-03-23 08:05:00-04:00,656.18,656.18,656.18,656.18,100.0,1.0,656.18
SPY,2026-03-23 08:08:00-04:00,656.59,656.59,656.59,656.59,230.0,5.0,656.59
SPY,2026-03-23 08:09:00-04:00,657.12,658.06,657.12,658.06,460.0,4.0,657.699565
SPY,2026-03-23 08:16:00-04:00,657.57,657.6,657.57,657.6,390.0,4.0,657.587222
SPY,2026-03-23 08:17:00-04:00,658.07,658.61,658.07,658.61,725.0,8.0,658.494286
SPY,2026-03-23 08:19:00-04:00,659.32,659.32,659.32,659.32,130.0,2.0,659.32
SPY,2026-03-23 08:21:00-04:00,659.5,659.6,659.41,659.6,1070.0,13.0,659.493478
SPY,2026-03-23 08:27:00-04:00,659.02,659.02,659.02,659.02,100.0,1.0,659.02
SPY,2026-03-23 08:28:00-04:00,659.23,659.23,659.23,659.23,100.0,1.0,659.23
SPY,2026-03-23 08:29:00-04:00,658.84,658.84,658.84,658.84,100.0,1.0,658.84
SPY,2026-03-23 08:30:00-04:00,658.53,658.53,658.53,658.53,130.0,2.0,658.53
SPY,2026-03-24 08:02:00-04:00,655.02,655.02,655.02,655.02,100.0,1.0,655.02
SPY,2026-03-24 08:11:00-04:00,653.74,653.79,653.74,653.79,300.0,3.0,653.761667
SPY,2026-03-24 08:14:00-04:00,654.15,654.15,654.15,654.15,100.0,1.0,654.15
SPY,2026-03-24 08:22:00-04:00,653.86,653.86,653.86,653.86,156.0,2.0,653.86
SPY,2026-03-24 08:23:00-04:00,653.76,653.76,653.75,653.75,261.0,3.0,653.756522
SPY,2026-03-24 08:26:00-04:00,654.44,654.54,654.44,654.54,90.0,2.0,654.495556
SPY,2026-03-24 08:29:00-04:00,654.26,654.26,654.25,654.25,236.0,3.0,654.253902
SPY,2026-03-24 08:32:00-04:00,653.78,653.78,653.65,653.65,486.0,5.0,653.742088
SPY,2026-03-24 08:34:00-04:00,653.09,653.1,653.09,653.1,230.0,2.0,653.096522
SPY,2026-03-24 08:35:00-04:00,653.03,653.03,653.03,653.03,40.0,1.0,653.03
SPY,2026-03-24 08:36:00-04:00,653.16,653.17,653.16,653.17,200.0,2.0,653.1625
SPY,2026-03-24 09:06:00-04:00,652.27,652.27,652.26,652.26,275.0,2.0,652.264545
SPY,2026-03-24 09:07:00-04:00,651.83,651.83,651.83,651.83,80.0,1.0,651.83
SPY,2026-03-24 09:08:00-04:00,651.53,651.53,651.53,651.53,80.0,2.0,651.53
SPY,2026-03-24 09:09:00-04:00,651.0,651.0,651.0,651.0,150.0,1.0,651.0
SPY,2026-03-24 09:12:00-04:00,651.8,651.8,651.8,651.8,80.0,1.0,651.8
SPY,2026-03-24 09:20:00-04:00,651.32,651.32,651.32,651.32,80.0,1.0,651.32
SPY,2026-03-24 09:21:00-04:00,651.39,651.39,651.39,651.39,150.0,1.0,651.39
SPY,2026-03-25 08:00:00-04:00,659.97,659.99,659.96,659.96,305.0,5.0,659.973704
SPY,2026-03-25 08:04:00-04:00,659.78,659.78,659.72,659.78,845.0,8.0,659.744268
SPY,2026-03-25 08:05:00-04:00,659.68,659.68,659.68,659.68,100.0,1.0,659.68
SPY,2026-03-25 08:06:00-04:00,660.04,660.05,660.04,660.05,100.0,3.0,660.045
SPY,2026-03-25 08:09:00-04:00,660.14,660.14,660.14,660.14,80.0,1.0,660.14
SPY,2026-03-25 08:10:00-04:00,660.06,660.06,660.06,660.06,100.0,1.0,660.06
SPY,2026-03-25 08:12:00-04:00,660.15,660.15,660.15,660.15,100.0,1.0,660.15
SPY,2026-03-25 08:15:00-04:00,659.81,659.81,659.81,659.81,100.0,1.0,659.81
SPY,2026-03-25 08:16:00-04:00,659.33,659.33,658.77,658.77,300.0,3.0,658.956667
SPY,2026-03-25 08:17:00-04:00,658.45,658.61,658.06,658.06,1302.0,12.0,658.319163
SPY,2026-03-25 08:18:00-04:00,658.03,658.34,657.78,657.78,930.0,9.0,658.057957
SPY,2026-03-25 08:19:00-04:00,658.11,658.43,658.0,658.42,330.0,5.0,658.178333
SPY,2026-03-25 08:20:00-04:00,658.14,658.46,658.14,658.46,790.0,9.0,658.327123
SPY,2026-03-25 08:21:00-04:00,658.56,658.66,658.56,658.63,240.0,4.0,658.612885
SPY,2026-03-25 08:22:00-04:00,658.46,658.46,658.46,658.46,200.0,2.0,658.46
SPY,2026-03-25 08:23:00-04:00,657.13,658.38,657.13,658.16,690.0,8.0,657.617879
SPY,2026-03-25 08:24:00-04:00,658.08,658.08,658.08,658.08,60.0,1.0,658.08
SPY,2026-03-25 08:25:00-04:00,658.61,658.61,658.43,658.43,286.0,4.0,658.493065
SPY,2026-03-25 08:26:00-04:00,658.18,658.18,658.18,658.18,100.0,1.0,658.18
SPY,2026-03-25 08:27:00-04:00,658.24,658.24,657.98,657.98,200.0,2.0,658.11
SPY,2026-03-25 08:28:00-04:00,657.79,657.79,657.79,657.79,200.0,1.0,657.79
SPY,2026-03-25 08:30:00-04:00,657.54,657.54,657.08,657.08,730.0,6.0,657.265342
SPY,2026-03-25 08:31:00-04:00,656.68,656.77,656.68,656.77,270.0,4.0,656.725833
SPY,2026-03-25 08:32:00-04:00,656.87,656.87,656.53,656.53,296.0,5.0,656.716829
SPY,2026-03-25 08:33:00-04:00,656.89,657.04,656.84,656.96,1136.0,11.0,656.924919
SPY,2026-03-25 08:34:00-04:00,656.9,657.26,656.9,657.26,408.0,4.0,657.161765
SPY,2026-03-25 08:36:00-04:00,657.78,657.81,657.58,657.59,480.0,6.0,657.676957
SPY,2026-03-25 08:50:00-04:00,657.88,657.88,657.88,657.88,150.0,2.0,657.88
SPY,2026-03-25 08:56:00-04:00,658.78,658.78,658.78,658.78,60.0,1.0,658.78
SPY,2026-03-26 08:05:00-04:00,650.67,650.68,650.67,650.68,160.0,2.0,650.675
SPY,2026-03-26 08:06:00-04:00,650.79,650.97,650.78,650.97,955.0,13.0,650.828372
SPY,2026-03-26 08:07:00-04:00,651.21,651.21,651.21,651.21,100.0,2.0,651.21
SPY,2026-03-26 08:08:00-04:00,651.46,651.5,651.46,651.5,300.0,3.0,651.48
SPY,2026-03-26 08:09:00-04:00,651.45,651.46,651.45,651.46,200.0,3.0,651.455263
SPY,2026-03-26 08:10:00-04:00,651.63,651.63,651.63,651.63,106.0,2.0,651.63
SPY,2026-03-26 08:12:00-04:00,651.81,651.81,651.81,651.81,130.0,2.0,651.81
SPY,2026-03-26 08:13:00-04:00,651.89,651.89,651.89,651.89,125.0,2.0,651.89
SPY,2026-03-26 08:17:00-04:00,651.95,651.95,651.95,651.95,100.0,1.0,651.95
SPY,2026-03-26 08:34:00-04:00,650.73,650.73,650.73,650.73,100.0,1.0,650.73
SPY,2026-03-26 08:35:00-04:00,650.31,650.31,650.31,650.31,90.0,1.0,650.31
SPY,2026-03-26 08:36:00-04:00,650.63,650.63,650.63,650.63,40.0,1.0,650.63
SPY,2026-03-26 08:38:00-04:00,650.78,650.78,650.78,650.78,41.0,2.0,650.78
SPY,2026-03-26 08:46:00-04:00,651.2,651.24,651.2,651.24,210.0,3.0,651.22
SPY,2026-03-26 08:54:00-04:00,651.0,651.0,651.0,651.0,120.0,2.0,651.0
SPY,2026-03-26 09:19:00-04:00,652.06,652.06,652.06,652.06,1427.0,27.0,652.06
SPY,2026-03-26 09:23:00-04:00,651.9,651.9,651.9,651.9,90.0,1.0,651.9
SPY,2026-03-26 09:24:00-04:00,651.91,651.91,651.65,651.74,370.0,6.0,651.724194
SPY,2026-03-27 08:06:00-04:00,642.3,642.3,642.29,642.29,200.0,3.0,642.295
SPY,2026-03-27 08:08:00-04:00,642.34,642.34,642.22,642.22,228.0,7.0,642.28
SPY,2026-03-27 08:12:00-04:00,642.53,642.53,642.51,642.51,245.0,4.0,642.52
SPY,2026-03-27 08:16:00-04:00,642.5,642.5,642.5,642.5,126.0,3.0,642.5
SPY,2026-03-27 08:17:00-04:00,642.74,642.74,642.74,642.74,42.0,3.0,642.74
SPY,2026-03-27 08:21:00-04:00,642.53,642.53,642.53,642.53,72.0,1.0,642.53
SPY,2026-03-27 08:28:00-04:00,642.79,642.83,642.79,642.83,280.0,3.0,642.8075
SPY,2026-03-27 08:33:00-04:00,642.73,642.73,642.72,642.72,300.0,4.0,642.723214
SPY,2026-03-27 08:35:00-04:00,642.47,642.47,642.47,642.47,90.0,1.0,642.47
SPY,2026-03-27 08:41:00-04:00,642.7,642.7,642.7,642.7,90.0,1.0,642.7
SPY,2026-03-27 08:43:00-04:00,642.38,642.38,642.38,642.38,40.0,1.0,642.38
SPY,2026-03-27 08:46:00-04:00,642.42,642.43,642.42,642.43,200.0,3.0,642.425
SPY,2026-03-27 08:47:00-04:00,642.24,642.24,642.24,642.24,140.0,3.0,642.24
SPY,2026-03-27 08:48:00-04:00,642.19,642.2,642.19,642.2,180.0,2.0,642.195
SPY,2026-03-27 08:49:00-04:00,641.92,641.93,641.92,641.93,180.0,2.0,641.925
SPY,2026-03-27 08:50:00-04:00,641.82,641.82,641.82,641.82,125.0,3.0,641.82
SPY,2026-03-27 09:00:00-04:00,641.99,641.99,641.78,641.79,1005.0,18.0,641.843333
SPY,2026-03-27 09:01:00-04:00,641.83,641.85,641.82,641.85,310.0,5.0,641.833333
SPY,2026-03-27 09:02:00-04:00,641.83,641.83,641.74,641.74,800.0,12.0,641.79
SPY,2026-03-27 09:03:00-04:00,641.73,641.73,641.4,641.57,1735.0,20.0,641.568947
SPY,2026-03-27 09:04:00-04:00,641.58,641.91,641.58,641.86,1830.0,25.0,641.739474
SPY,2026-03-27 09:05:00-04:00,641.69,641.69,641.61,641.61,355.0,7.0,641.653333
SPY,2026-03-27 09:06:00-04:00,641.41,641.49,641.39,641.46,730.0,12.0,641.445714
SPY,2026-03-27 09:07:00-04:00,641.7,641.71,641.67,641.7,655.0,8.0,641.695714
SPY,2026-03-27 09:09:00-04:00,641.22,641.22,641.22,641.22,80.0,2.0,641.22
SPY,2026-03-30 08:03:00-04:00,637.86,637.86,637.84,637.84,200.0,2.0,637.85
SPY,2026-03-30 08:04:00-04:00,637.96,637.96,637.96,637.96,65.0,3.0,637.96
SPY,2026-03-30 08:25:00-04:00,639.35,639.35,639.31,639.31,295.0,4.0,639.332143
SPY,2026-03-30 08:26:00-04:00,639.34,639.34,639.34,639.34,86.0,3.0,639.34
SPY,2026-03-30 08:28:00-04:00,639.34,639.37,639.31,639.31,585.0,8.0,639.333704
SPY,2026-03-30 08:29:00-04:00,639.39,639.39,639.39,639.39,90.0,1.0,639.39
SPY,2026-03-30 08:30:00-04:00,639.26,639.26,639.26,639.26,61.0,2.0,639.26
SPY,2026-03-30 08:33:00-04:00,639.73,639.73,639.73,639.73,67.0,4.0,639.73
SPY,2026-03-30 08:34:00-04:00,639.62,639.66,639.62,639.66,160.0,6.0,639.64
SPY,2026-03-30 08:35:00-04:00,639.73,639.76,639.73,639.76,318.0,4.0,639.739522
SPY,2026-03-30 08:36:00-04:00,639.63,639.63,639.63,639.63,100.0,1.0,639.63
SPY,2026-03-30 08:45:00-04:00,639.55,639.55,639.55,639.55,90.0,1.0,639.55
SPY,2026-03-30 08:56:00-04:00,639.46,639.46,639.46,639.46,113.0,3.0,639.46
SPY,2026-03-30 08:59:00-04:00,639.54,639.54,639.54,639.54,60.0,2.0,639.54
SPY,2026-03-30 09:00:00-04:00,639.88,639.88,639.88,639.88,115.0,2.0,639.88
SPY,2026-03-30 09:01:00-04:00,639.83,639.83,639.83,639.83,115.0,2.0,639.83
SPY,2026-03-30 09:06:00-04:00,639.41,639.41,639.41,639.41,115.0,2.0,639.41
SPY,2026-03-30 09:09:00-04:00,639.03,639.03,639.03,639.03,110.0,2.0,639.03
SPY,2026-03-30 09:21:00-04:00,639.82,639.82,639.82,639.82,116.0,3.0,639.82
SPY,2026-03-30 09:22:00-04:00,639.92,639.99,639.92,639.99,1827.0,42.0,639.928975
SPY,2026-03-31 08:05:00-04:00,638.96,638.96,638.96,638.96,100.0,1.0,638.96
SPY,2026-03-31 08:06:00-04:00,638.87,638.92,638.87,638.92,220.0,3.0,638.895
SPY,2026-03-31 08:09:00-04:00,639.27,639.82,639.27,639.6,560.0,8.0,639.49198
SPY,2026-03-31 08:10:00-04:00,639.1,639.1,638.28,638.48,1708.0,21.0,638.66904
SPY,2026-03-31 08:11:00-04:00,638.51,638.51,638.02,638.02,1200.0,26.0,638.392137
SPY,2026-03-31 08:12:00-04:00,637.95,637.97,637.52,637.72,1220.0,14.0,637.745027
SPY,2026-03-31 08:13:00-04:00,638.1,638.25,637.95,637.95,1421.0,18.0,638.106154
SPY,2026-03-31 08:14:00-04:00,637.75,637.83,637.45,637.45,1140.0,13.0,637.705185
SPY,2026-03-31 08:15:00-04:00,637.47,637.61,637.3,637.35,700.0,7.0,637.398571
SPY,2026-03-31 08:16:00-04:00,637.43,637.65,637.43,637.63,500.0,5.0,637.594
SPY,2026-03-31 08:17:00-04:00,637.22,637.6,637.03,637.6,630.0,6.0,637.17
SPY,2026-03-31 08:18:00-04:00,637.63,638.15,637.63,637.97,1096.0,12.0,637.9304
SPY,2026-03-31 08:19:00-04:00,638.6,638.97,638.6,638.97,262.0,4.0,638.717934
SPY,2026-03-31 08:20:00-04:00,638.57,638.66,638.57,638.66,220.0,3.0,638.615
SPY,2026-03-31 08:21:00-04:00,638.71,638.88,638.71,638.73,475.0,5.0,638.779474
SPY,2026-03-31 08:23:00-04:00,638.13,638.13,637.95,638.0,566.0,9.0,638.014551
SPY,2026-03-31 08:27:00-04:00,638.64,638.64,638.64,638.64,100.0,1.0,638.64
SPY,2026-03-31 08:31:00-04:00,639.16,639.16,639.16,639.16,100.0,1.0,639.16
SPY,2026-03-31 08:33:00-04:00,639.36,639.36,639.36,639.36,130.0,2.0,639.36
SPY,2026-03-31 08:34:00-04:00,639.55,639.63,639.55,639.63,526.0,4.0,639.568308
SPY,2026-03-31 08:37:00-04:00,639.78,639.78,639.78,639.78,60.0,2.0,639.78
SPY,2026-03-31 09:26:00-04:00,638.91,638.91,638.91,638.91,1000.0,2.0,638.91
SPY,2026-04-01 08:04:00-04:00,655.7,655.7,655.7,655.7,180.0,4.0,655.7
SPY,2026-04-01 08:08:00-04:00,655.6,655.6,655.6,655.6,100.0,1.0,655.6
SPY,2026-04-01 08:10:00-04:00,655.5,655.5,655.5,655.5,100.0,1.0,655.5
SPY,2026-04-01 08:12:00-04:00,655.46,655.46,655.46,655.46,100.0,1.0,655.46
SPY,2026-04-01 08:15:00-04:00,655.32,655.32,655.32,655.32,140.0,3.0,655.32
SPY,2026-04-01 08:20:00-04:00,655.19,655.19,655.19,655.19,100.0,1.0,655.19
SPY,2026-04-01 08:21:00-04:00,654.97,654.97,654.89,654.89,201.0,3.0,654.93
SPY,2026-04-01 08:22:00-04:00,654.8,654.8,654.8,654.8,99.0,1.0,654.8
SPY,2026-04-01 08:24:00-04:00,654.85,654.85,654.85,654.85,79.0,1.0,654.85
SPY,2026-04-01 08:26:00-04:00,654.75,654.75,654.75,654.75,80.0,1.0,654.75
SPY,2026-04-01 08:27:00-04:00,654.5,654.5,654.3,654.33,613.0,7.0,654.381667
SPY,2026-04-01 08:37:00-04:00,654.26,654.26,653.89,653.89,700.0,8.0,654.10994
SPY,2026-04-01 08:38:00-04:00,653.77,653.77,653.67,653.67,304.0,4.0,653.703333
SPY,2026-04-01 08:44:00-04:00,654.56,656.68,654.56,655.64,672.0,5.0,655.4575
SPY,2026-04-01 08:46:00-04:00,654.47,654.47,654.47,654.47,70.0,2.0,654.47
SPY,2026-04-01 08:52:00-04:00,653.3,653.33,653.3,653.33,247.0,2.0,653.304858
SPY,2026-04-01 08:58:00-04:00,652.7,652.7,652.7,652.7,48.0,2.0,652.7
SPY,2026-04-01 09:01:00-04:00,652.55,652.55,652.55,652.55,50.0,1.0,652.55
SPY,2026-04-01 09:04:00-04:00,652.71,652.71,652.71,652.71,125.0,1.0,652.71
SPY,2026-04-01 09:05:00-04:00,652.65,652.65,652.5,652.5,250.0,2.0,652.575
SPY,2026-04-01 09:06:00-04:00,652.47,652.47,652.32,652.32,250.0,2.0,652.395
SPY,2026-04-01 09:10:00-04:00,652.88,652.88,652.88,652.88,50.0,1.0,652.88
SPY,2026-04-01 09:11:00-04:00,653.21,653.24,653.21,653.24,513.0,3.0,653.222456
SPY,2026-04-01 09:13:00-04:00,653.43,653.43,653.43,653.43,125.0,1.0,653.43
SPY,2026-04-01 09:14:00-04:00,653.24,653.24,653.24,653.24,50.0,1.0,653.24
SPY,2026-04-01 09:15:00-04:00,652.92,653.01,652.92,653.01,250.0,2.0,652.965
SPY,2026-04-01 09:17:00-04:00,653.49,653.49,653.49,653.49,52.0,3.0,653.49
SPY,2026-04-01 09:18:00-04:00,653.66,653.66,653.66,653.66,50.0,1.0,653.66
SPY,2026-04-01 09:22:00-04:00,652.83,652.83,652.83,652.83,125.0,1.0,652.83
SPY,2026-04-02 08:02:00-04:00,644.42,644.42,644.42,644.42,100.0,2.0,644.42
SPY,2026-04-02 08:04:00-04:00,644.64,644.64,644.64,644.64,100.0,1.0,644.64
SPY,2026-04-02 08:11:00-04:00,644.36,644.36,644.36,644.36,113.0,3.0,644.36
SPY,2026-04-02 08:13:00-04:00,644.4,644.4,644.37,644.37,200.0,2.0,644.385
SPY,2026-04-02 08:20:00-04:00,644.92,644.92,644.83,644.83,300.0,5.0,644.8728
SPY,2026-04-02 08:21:00-04:00,644.98,644.98,644.98,644.98,120.0,3.0,644.98
SPY,2026-04-02 08:24:00-04:00,645.6,645.6,645.6,645.6,100.0,1.0,645.6
SPY,2026-04-02 08:34:00-04:00,645.41,645.41,645.41,645.41,80.0,1.0,645.41
SPY,2026-04-02 08:59:00-04:00,645.41,645.41,645.41,645.41,40.0,1.0,645.41
SPY,2026-04-02 09:11:00-04:00,645.53,645.53,645.53,645.53,326.0,2.0,645.53
SPY,2026-04-02 09:14:00-04:00,645.44,645.44,645.44,645.44,80.0,1.0,645.44
SPY,2026-04-02 09:21:00-04:00,645.95,645.95,645.95,645.95,80.0,2.0,645.95
SPY,2026-04-06 08:11:00-04:00,656.27,656.27,656.27,656.27,151.0,2.0,656.27
SPY,2026-04-06 08:22:00-04:00,656.03,656.03,656.03,656.03,100.0,1.0,656.03
SPY,2026-04-06 09:21:00-04:00,656.0,656.0,656.0,656.0,80.0,2.0,656.0
SPY,2026-04-07 08:00:00-04:00,655.58,655.58,655.58,655.58,100.0,2.0,655.58
SPY,2026-04-07 08:06:00-04:00,656.06,656.06,654.06,654.87,2370.0,21.0,655.157609
SPY,2026-04-07 08:07:00-04:00,654.6,654.72,653.96,654.14,1654.0,22.0,654.39795
SPY,2026-04-07 08:08:00-04:00,654.69,654.69,654.69,654.69,160.0,3.0,654.69
SPY,2026-04-07 08:09:00-04:00,654.92,655.08,654.92,655.06,614.0,6.0,655.057267
SPY,2026-04-07 08:10:00-04:00,655.19,655.19,654.7,654.7,326.0,5.0,654.891667
SPY,2026-04-07 08:11:00-04:00,654.94,655.24,654.94,655.24,660.0,6.0,655.136061
SPY,2026-04-07 08:12:00-04:00,655.06,655.06,655.06,655.06,163.0,2.0,655.06
SPY,2026-04-07 08:16:00-04:00,654.59,654.59,654.59,654.59,100.0,1.0,654.59
SPY,2026-04-07 08:17:00-04:00,655.36,655.38,655.09,655.09,300.0,3.0,655.276667
SPY,2026-04-07 08:18:00-04:00,655.51,655.88,655.51,655.88,297.0,6.0,655.66
SPY,2026-04-07 08:19:00-04:00,655.97,655.97,655.97,655.97,50.0,1.0,655.97
SPY,2026-04-07 08:22:00-04:00,656.17,656.17,656.11,656.11,200.0,2.0,656.14
SPY,2026-04-07 08:24:00-04:00,655.94,655.94,655.87,655.87,200.0,2.0,655.905
SPY,2026-04-07 08:26:00-04:00,656.19,656.19,656.17,656.17,360.0,3.0,656.181667
SPY,2026-04-07 08:31:00-04:00,656.26,656.26,656.26,656.26,100.0,1.0,656.26
SPY,2026-04-07 08:56:00-04:00,657.02,657.02,656.68,656.68,233.0,3.0,656.759812
SPY,2026-04-07 09:07:00-04:00,656.7,656.7,656.7,656.7,183.0,2.0,656.7
SPY,2026-04-07 09:14:00-04:00,656.18,656.18,656.18,656.18,50.0,1.0,656.18
SPY,2026-04-07 09:16:00-04:00,656.5,656.5,656.5,656.5,183.0,2.0,656.5
SPY,2026-04-07 09:17:00-04:00,656.21,656.32,656.21,656.32,213.0,2.0,656.294178
SPY,2026-04-07 09:19:00-04:00,656.09,656.09,656.09,656.09,50.0,1.0,656.09
SPY,2026-04-07 09:27:00-04:00,656.28,656.28,656.28,656.28,1000.0,2.0,656.28
SPY,2026-04-07 09:29:00-04:00,656.48,656.48,656.48,656.48,500.0,1.0,656.48
SPY,2026-04-08 08:02:00-04:00,677.57,677.6,677.57,677.6,280.0,3.0,677.584286
SPY,2026-04-08 08:06:00-04:00,677.89,677.89,677.89,677.89,160.0,1.0,677.89
SPY,2026-04-08 08:07:00-04:00,677.87,677.87,677.86,677.86,280.0,3.0,677.866154
SPY,2026-04-08 08:08:00-04:00,677.46,677.46,677.41,677.41,360.0,3.0,677.428333
SPY,2026-04-08 08:09:00-04:00,677.51,677.51,677.51,677.51,100.0,1.0,677.51
SPY,2026-04-08 08:13:00-04:00,677.54,677.55,677.54,677.55,95.0,2.0,677.545789
SPY,2026-04-08 08:16:00-04:00,677.55,677.55,677.43,677.48,300.0,3.0,677.486667
SPY,2026-04-08 08:17:00-04:00,677.4,677.45,677.4,677.45,300.0,3.0,677.426667
SPY,2026-04-08 08:19:00-04:00,676.93,676.93,676.93,676.93,160.0,1.0,676.93
SPY,2026-04-08 08:20:00-04:00,676.37,676.37,676.25,676.25,490.0,5.0,676.319388
SPY,2026-04-08 08:21:00-04:00,676.67,676.67,675.63,675.63,230.0,4.0,676.177368
SPY,2026-04-08 08:22:00-04:00,676.22,676.22,676.22,676.22,40.0,1.0,676.22
SPY,2026-04-08 08:23:00-04:00,676.16,676.16,676.01,676.01,425.0,4.0,676.094118
SPY,2026-04-08 08:24:00-04:00,675.89,675.89,675.89,675.89,100.0,1.0,675.89
SPY,2026-04-08 08:25:00-04:00,675.86,675.86,675.69,675.69,580.0,6.0,675.76069
SPY,2026-04-08 08:26:00-04:00,675.96,676.21,675.96,676.21,220.0,3.0,676.085
SPY,2026-04-08 08:27:00-04:00,676.23,676.23,676.02,676.02,200.0,2.0,676.125
SPY,2026-04-08 08:28:00-04:00,676.58,676.58,676.27,676.27,565.0,5.0,676.33469
SPY,2026-04-08 08:29:00-04:00,676.58,676.68,676.58,676.68,300.0,3.0,676.64
SPY,2026-04-08 08:31:00-04:00,676.78,676.78,676.78,676.78,120.0,2.0,676.78
SPY,2026-04-08 08:33:00-04:00,676.83,676.93,676.83,676.93,200.0,2.0,676.88
SPY,2026-04-08 08:34:00-04:00,676.83,676.83,676.83,676.83,125.0,1.0,676.83
SPY,2026-04-08 08:46:00-04:00,676.33,676.33,676.33,676.33,125.0,1.0,676.33
SPY,2026-04-08 08:50:00-04:00,676.49,676.49,676.49,676.49,125.0,1.0,676.49
SPY,2026-04-08 09:19:00-04:00,676.69,676.7,676.69,676.7,250.0,2.0,676.695
SPY,2026-04-09 08:31:00-04:00,673.67,673.91,673.67,673.67,826.0,11.0,673.7855
SPY,2026-04-09 08:32:00-04:00,673.82,673.86,673.82,673.86,200.0,2.0,673.84
SPY,2026-04-09 08:33:00-04:00,674.08,674.11,674.08,674.11,200.0,2.0,674.095
SPY,2026-04-09 08:34:00-04:00,674.0,674.0,674.0,674.0,40.0,1.0,674.0
SPY,2026-04-09 08:38:00-04:00,674.25,674.33,674.25,674.33,225.0,4.0,674.29
SPY,2026-04-09 08:42:00-04:00,674.43,674.43,674.43,674.43,90.0,1.0,674.43
SPY,2026-04-10 08:11:00-04:00,680.38,680.38,680.38,680.38,130.0,1.0,680.38
SPY,2026-04-10 08:30:00-04:00,681.32,681.67,681.32,681.67,600.0,8.0,681.452586
SPY,2026-04-10 08:31:00-04:00,681.45,681.52,681.44,681.44,485.0,6.0,681.483261
SPY,2026-04-10 08:33:00-04:00,681.23,681.23,681.23,681.23,100.0,1.0,681.23
SPY,2026-04-10 08:34:00-04:00,681.1,681.16,681.1,681.16,130.0,2.0,681.118462
SPY,2026-04-10 09:08:00-04:00,681.2,681.2,681.2,681.2,100.0,2.0,681.2
SPY,2026-04-13 08:00:00-04:00,674.44,674.44,674.44,674.44,80.0,1.0,674.44
SPY,2026-04-13 08:38:00-04:00,675.37,675.37,675.37,675.37,40.0,1.0,675.37
SPY,2026-04-13 08:40:00-04:00,675.56,675.56,675.56,675.56,115.0,2.0,675.56
SPY,2026-04-13 08:41:00-04:00,675.55,675.55,675.55,675.55,164.0,4.0,675.55
SPY,2026-04-13 08:52:00-04:00,676.21,676.21,676.21,676.21,85.0,2.0,676.21
SPY,2026-04-13 09:12:00-04:00,676.58,676.58,676.58,676.58,86.0,3.0,676.58
SPY,2026-04-13 09:16:00-04:00,676.55,676.55,676.55,676.55,40.0,1.0,676.55
SPY,2026-04-14 08:00:00-04:00,687.91,687.91,687.91,687.91,250.0,3.0,687.91
SPY,2026-04-14 08:01:00-04:00,688.07,688.07,688.07,688.07,100.0,1.0,688.07
SPY,2026-04-14 08:05:00-04:00,688.19,688.19,688.17,688.18,325.0,5.0,688.180357
SPY,2026-04-14 08:09:00-04:00,688.06,688.06,688.06,688.06,80.0,1.0,688.06
SPY,2026-04-14 08:10:00-04:00,688.16,688.29,688.16,688.29,430.0,10.0,688.237358
SPY,2026-04-14 08:11:00-04:00,688.12,688.12,688.12,688.12,162.0,4.0,688.12
SPY,2026-04-14 08:25:00-04:00,687.75,687.75,687.75,687.75,40.0,1.0,687.75
SPY,2026-04-14 08:26:00-04:00,687.83,688.15,687.83,688.14,390.0,5.0,687.99
SPY,2026-04-14 08:30:00-04:00,688.83,688.83,688.83,688.83,100.0,1.0,688.83
SPY,2026-04-14 08:31:00-04:00,687.94,687.98,687.94,687.98,305.0,5.0,687.955769
SPY,2026-04-14 08:34:00-04:00,688.12,688.12,688.12,688.12,59.0,1.0,688.12
SPY,2026-04-14 08:38:00-04:00,688.08,688.08,688.08,688.08,120.0,2.0,688.08
SPY,2026-04-14 08:41:00-04:00,688.13,688.13,688.13,688.13,40.0,1.0,688.13
SPY,2026-04-14 08:47:00-04:00,687.89,687.89,687.89,687.89,40.0,1.0,687.89
SPY,2026-04-14 09:08:00-04:00,687.69,687.69,687.69,687.69,120.0,2.0,687.69
SPY,2026-04-14 09:15:00-04:00,687.94,687.94,687.94,687.94,60.0,1.0,687.94
SPY,2026-04-15 08:13:00-04:00,694.33,694.33,694.33,694.33,80.0,1.0,694.33
SPY,2026-04-15 08:26:00-04:00,694.33,694.33,694.18,694.18,655.0,7.0,694.301429
SPY,2026-04-15 08:34:00-04:00,694.59,694.59,694.59,694.59,80.0,1.0,694.59
SPY,2026-04-15 08:36:00-04:00,694.62,694.62,694.62,694.62,71.0,1.0,694.62
SPY,2026-04-15 08:41:00-04:00,694.96,694.97,694.96,694.97,215.0,2.0,694.964186
SPY,2026-04-15 09:06:00-04:00,694.76,694.76,694.76,694.76,240.0,3.0,694.76
SPY,2026-04-16 08:11:00-04:00,700.72,700.73,700.67,700.67,370.0,4.0,700.712973
SPY,2026-04-16 08:25:00-04:00,700.86,700.86,700.86,700.86,90.0,1.0,700.86
SPY,2026-04-16 08:30:00-04:00,700.79,700.79,700.79,700.79,100.0,2.0,700.79
SPY,2026-04-16 08:33:00-04:00,701.1,701.13,701.1,701.13,200.0,2.0,701.115
SPY,2026-04-16 08:36:00-04:00,700.94,700.94,700.94,700.94,100.0,1.0,700.94
SPY,2026-04-16 08:54:00-04:00,700.83,700.83,700.83,700.83,40.0,1.0,700.83
SPY,2026-04-16 09:17:00-04:00,701.01,701.01,701.01,701.01,90.0,1.0,701.01
SPY,2026-04-17 08:21:00-04:00,704.57,704.57,704.52,704.52,400.0,4.0,704.5475
SPY,2026-04-17 08:22:00-04:00,704.44,704.44,704.44,704.44,100.0,1.0,704.44
SPY,2026-04-17 08:24:00-04:00,704.63,704.63,704.63,704.63,260.0,2.0,704.63
SPY,2026-04-17 08:25:00-04:00,705.38,705.38,705.38,705.38,50.0,1.0,705.38
SPY,2026-04-17 08:26:00-04:00,704.97,704.97,704.97,704.97,114.0,2.0,704.97
SPY,2026-04-17 08:27:00-04:00,704.95,705.0,704.93,705.0,380.0,4.0,704.957895
SPY,2026-04-17 08:28:00-04:00,705.19,705.23,705.19,705.23,190.0,2.0,705.208947
SPY,2026-04-17 08:30:00-04:00,705.5,705.5,705.5,705.5,40.0,1.0,705.5
SPY,2026-04-17 08:32:00-04:00,705.82,705.84,705.59,705.59,250.0,3.0,705.782
SPY,2026-04-17 08:33:00-04:00,705.51,705.62,705.51,705.62,160.0,2.0,705.57875
SPY,2026-04-17 08:34:00-04:00,705.42,705.53,705.42,705.53,80.0,2.0,705.475
SPY,2026-04-17 08:42:00-04:00,705.21,705.21,705.21,705.21,90.0,2.0,705.21
SPY,2026-04-17 08:43:00-04:00,705.06,705.08,705.06,705.08,120.0,3.0,705.073162
SPY,2026-04-17 08:46:00-04:00,705.48,705.48,705.48,705.48,115.0,2.0,705.48
SPY,2026-04-17 08:47:00-04:00,706.02,706.02,706.02,706.02,40.0,1.0,706.02
SPY,2026-04-17 08:53:00-04:00,707.28,707.28,707.28,707.28,135.0,4.0,707.28
SPY,2026-04-17 08:55:00-04:00,706.95,706.95,706.95,706.95,130.0,1.0,706.95
SPY,2026-04-17 08:57:00-04:00,707.3,707.3,707.04,707.04,160.0,3.0,707.22
SPY,2026-04-17 08:58:00-04:00,707.28,707.28,707.28,707.28,140.0,2.0,707.28
SPY,2026-04-17 09:01:00-04:00,707.3,707.3,707.15,707.15,180.0,3.0,707.264706
SPY,2026-04-17 09:06:00-04:00,707.38,707.38,707.38,707.38,40.0,1.0,707.38
SPY,2026-04-17 09:07:00-04:00,707.54,707.55,707.54,707.54,210.0,5.0,707.545
SPY,2026-04-17 09:10:00-04:00,708.59,708.59,708.53,708.53,350.0,3.0,708.545429
SPY,2026-04-17 09:12:00-04:00,708.44,708.44,708.42,708.42,120.0,3.0,708.432
SPY,2026-04-17 09:14:00-04:00,708.5,708.5,708.5,708.5,70.0,2.0,708.5
SPY,2026-04-17 09:15:00-04:00,708.47,708.48,708.23,708.23,275.0,6.0,708.401154
SPY,2026-04-17 09:16:00-04:00,708.12,708.12,708.12,708.12,50.0,1.0,708.12
SPY,2026-04-17 09:18:00-04:00,707.93,707.93,707.93,707.93,120.0,2.0,707.93
SPY,2026-04-17 09:19:00-04:00,708.17,708.17,708.17,708.17,40.0,1.0,708.17
SPY,2026-04-17 09:20:00-04:00,707.69,707.69,707.69,707.69,40.0,1.0,707.69
SPY,2026-04-17 09:21:00-04:00,707.61,707.61,707.61,707.61,210.0,3.0,707.61
SPY,2026-04-17 09:28:00-04:00,706.56,706.56,706.56,706.56,45.0,1.0,706.56
SPY,2026-04-20 08:11:00-04:00,706.86,706.86,706.86,706.86,180.0,2.0,706.86
SPY,2026-04-20 08:18:00-04:00,707.15,707.15,707.15,707.15,90.0,1.0,707.15
SPY,2026-04-20 08:36:00-04:00,707.36,707.36,707.36,707.36,100.0,1.0,707.36
SPY,2026-04-20 08:43:00-04:00,707.49,707.49,707.49,707.49,100.0,2.0,707.49
SPY,2026-04-20 08:45:00-04:00,707.51,707.51,707.51,707.51,110.0,2.0,707.51
SPY,2026-04-20 08:54:00-04:00,707.63,707.78,707.63,707.78,141.0,3.0,707.672857
SPY,2026-04-20 08:56:00-04:00,707.6,707.6,707.6,707.6,100.0,1.0,707.6
SPY,2026-04-20 08:59:00-04:00,707.67,707.67,707.67,707.67,100.0,1.0,707.67
SPY,2026-04-20 09:04:00-04:00,707.69,707.69,707.69,707.69,40.0,1.0,707.69
SPY,2026-04-20 09:08:00-04:00,707.54,708.16,707.54,708.16,270.0,3.0,707.95
SPY,2026-04-20 09:14:00-04:00,708.03,708.05,708.03,708.05,270.0,3.0,708.04
SPY,2026-04-21 08:12:00-04:00,711.46,711.46,711.43,711.43,190.0,2.0,711.444211
SPY,2026-04-21 08:17:00-04:00,710.98,710.98,710.96,710.96,180.0,2.0,710.971111
SPY,2026-04-21 08:19:00-04:00,710.76,710.76,710.76,710.76,100.0,2.0,710.76
SPY,2026-04-21 08:21:00-04:00,710.8,710.8,710.8,710.8,100.0,1.0,710.8
SPY,2026-04-21 08:28:00-04:00,711.19,711.19,711.17,711.17,200.0,2.0,711.18
SPY,2026-04-21 08:33:00-04:00,711.45,711.46,711.45,711.46,180.0,2.0,711.455
SPY,2026-04-21 08:34:00-04:00,711.51,711.51,711.37,711.37,140.0,2.0,711.47
SPY,2026-04-21 08:36:00-04:00,711.41,711.46,711.41,711.46,280.0,3.0,711.443929
SPY,2026-04-21 08:37:00-04:00,710.9,710.93,710.9,710.93,180.0,2.0,710.915
SPY,2026-04-21 08:39:00-04:00,710.48,710.48,710.48,710.48,90.0,1.0,710.48
SPY,2026-04-21 08:46:00-04:00,710.57,710.57,710.57,710.57,90.0,1.0,710.57
SPY,2026-04-21 08:56:00-04:00,710.45,710.45,710.45,710.45,90.0,1.0,710.45
SPY,2026-04-21 09:10:00-04:00,710.19,710.19,710.19,710.19,130.0,2.0,710.19
SPY,2026-04-21 09:21:00-04:00,710.27,710.27,710.27,710.27,90.0,2.0,710.27
SPY,2026-04-22 08:02:00-04:00,708.67,708.67,708.67,708.67,90.0,1.0,708.67
SPY,2026-04-22 08:05:00-04:00,708.9,708.9,708.9,708.9,90.0,1.0,708.9
SPY,2026-04-22 08:07:00-04:00,709.12,709.12,709.12,709.12,100.0,1.0,709.12
SPY,2026-04-22 08:09:00-04:00,709.16,709.16,709.16,709.16,120.0,2.0,709.16
SPY,2026-04-22 08:10:00-04:00,709.11,709.11,709.09,709.09,180.0,2.0,709.101111
SPY,2026-04-22 08:12:00-04:00,709.43,709.43,709.4,709.4,320.0,5.0,709.421111
SPY,2026-04-22 08:19:00-04:00,709.62,709.62,709.61,709.61,100.0,2.0,709.614
SPY,2026-04-22 08:22:00-04:00,709.33,709.33,709.31,709.31,140.0,2.0,709.324286
SPY,2026-04-22 08:28:00-04:00,709.24,709.24,709.24,709.24,40.0,1.0,709.24
SPY,2026-04-22 08:33:00-04:00,708.94,708.94,708.94,708.94,225.0,3.0,708.94
SPY,2026-04-22 08:36:00-04:00,708.53,708.54,708.53,708.54,250.0,4.0,708.535
SPY,2026-04-22 08:37:00-04:00,708.53,708.53,708.53,708.53,120.0,2.0,708.53
SPY,2026-04-22 09:08:00-04:00,708.14,708.14,708.14,708.14,50.0,1.0,708.14
SPY,2026-04-22 09:24:00-04:00,708.99,709.1,708.99,709.1,180.0,2.0,709.045
SPY,2026-04-23 08:04:00-04:00,710.27,710.27,710.27,710.27,160.0,1.0,710.27
SPY,2026-04-23 08:06:00-04:00,711.03,711.03,711.03,711.03,50.0,1.0,711.03
SPY,2026-04-23 08:07:00-04:00,710.64,710.83,710.64,710.83,360.0,4.0,710.703889
SPY,2026-04-23 08:08:00-04:00,710.84,710.84,710.82,710.82,160.0,2.0,710.83
SPY,2026-04-23 08:11:00-04:00,711.05,711.11,711.05,711.11,290.0,4.0,711.068462
SPY,2026-04-23 08:17:00-04:00,710.43,710.43,710.43,710.43,80.0,1.0,710.43
SPY,2026-04-23 08:22:00-04:00,709.95,709.95,709.95,709.95,110.0,2.0,709.95
SPY,2026-04-23 08:57:00-04:00,709.32,709.32,709.32,709.32,120.0,2.0,709.32
SPY,2026-04-24 08:06:00-04:00,711.47,711.47,711.47,711.47,100.0,2.0,711.47
SPY,2026-04-24 08:10:00-04:00,711.83,711.83,711.83,711.83,40.0,1.0,711.83
SPY,2026-04-24 08:11:00-04:00,711.83,711.83,711.83,711.83,40.0,1.0,711.83
SPY,2026-04-24 08:14:00-04:00,711.94,711.94,711.94,711.94,110.0,2.0,711.94
SPY,2026-04-24 08:19:00-04:00,711.81,711.81,711.81,711.81,80.0,1.0,711.81
SPY,2026-04-24 08:20:00-04:00,711.78,711.78,711.78,711.78,100.0,1.0,711.78
SPY,2026-04-24 08:22:00-04:00,711.8,711.8,711.8,711.8,130.0,2.0,711.8
SPY,2026-04-24 08:23:00-04:00,711.93,711.98,711.93,711.95,400.0,4.0,711.9525
SPY,2026-04-24 08:58:00-04:00,710.66,710.69,710.64,710.64,510.0,7.0,710.668333
SPY,2026-04-24 09:21:00-04:00,711.33,711.34,711.33,711.34,160.0,2.0,711.335
SPY,2026-04-24 09:23:00-04:00,711.21,711.21,711.21,711.21,160.0,2.0,711.21
SPY,2026-04-27 08:09:00-04:00,713.99,713.99,713.99,713.99,50.0,1.0,713.99
SPY,2026-04-27 08:22:00-04:00,714.03,714.03,714.03,714.03,350.0,5.0,714.03
SPY,2026-04-27 08:26:00-04:00,713.34,713.34,713.34,713.34,104.0,3.0,713.34
SPY,2026-04-27 08:30:00-04:00,713.36,713.36,713.36,713.36,100.0,1.0,713.36
SPY,2026-04-27 08:43:00-04:00,713.52,713.55,713.52,713.55,200.0,2.0,713.535
SPY,2026-04-27 08:49:00-04:00,713.71,713.71,713.71,713.71,80.0,1.0,713.71
SPY,2026-04-28 08:06:00-04:00,710.6,710.6,710.6,710.6,100.0,1.0,710.6
SPY,2026-04-28 08:08:00-04:00,710.34,710.34,710.34,710.34,205.0,2.0,710.34
SPY,2026-04-28 08:10:00-04:00,710.07,710.07,710.07,710.07,80.0,1.0,710.07
SPY,2026-04-28 08:11:00-04:00,709.74,709.74,709.74,709.74,100.0,1.0,709.74
SPY,2026-04-28 08:12:00-04:00,710.41,710.41,710.41,710.41,125.0,1.0,710.41
SPY,2026-04-28 08:18:00-04:00,710.23,710.23,710.23,710.23,80.0,1.0,710.23
SPY,2026-04-28 08:20:00-04:00,710.55,710.88,710.55,710.88,305.0,4.0,710.752131
SPY,2026-04-28 08:22:00-04:00,709.92,709.92,709.68,709.68,538.0,7.0,709.7091
SPY,2026-04-28 08:23:00-04:00,709.74,709.93,709.74,709.93,180.0,2.0,709.845556
SPY,2026-04-28 08:42:00-04:00,710.13,710.13,710.13,710.13,125.0,1.0,710.13
SPY,2026-04-28 08:43:00-04:00,710.47,710.49,710.47,710.49,200.0,2.0,710.48
SPY,2026-04-28 08:46:00-04:00,710.47,710.47,710.47,710.47,100.0,1.0,710.47
SPY,2026-04-28 08:48:00-04:00,710.84,710.84,710.76,710.76,200.0,3.0,710.804444
SPY,2026-04-28 08:50:00-04:00,710.93,710.93,710.92,710.92,170.0,2.0,710.922647
SPY,2026-04-28 08:51:00-04:00,711.2,711.28,711.2,711.28,305.0,3.0,711.230328
SPY,2026-04-28 08:52:00-04:00,711.28,711.28,711.11,711.11,515.0,6.0,711.214078
SPY,2026-04-28 08:53:00-04:00,711.06,711.06,711.06,711.06,70.0,1.0,711.06
SPY,2026-04-28 09:02:00-04:00,711.54,711.54,711.52,711.52,410.0,4.0,711.531951
SPY,2026-04-28 09:22:00-04:00,711.17,711.17,711.17,711.17,40.0,1.0,711.17
SPY,2026-04-29 08:22:00-04:00,711.87,711.87,711.86,711.86,318.0,3.0,711.862857
SPY,2026-04-29 08:23:00-04:00,711.92,711.92,711.92,711.92,100.0,1.0,711.92
SPY,2026-04-29 08:24:00-04:00,711.92,711.92,711.92,711.92,100.0,1.0,711.92
SPY,2026-04-29 08:25:00-04:00,711.86,711.86,711.86,711.86,40.0,1.0,711.86
SPY,2026-04-29 08:31:00-04:00,711.14,711.14,711.14,711.14,80.0,1.0,711.14
SPY,2026-04-29 08:33:00-04:00,711.12,711.12,711.12,711.12,80.0,1.0,711.12
SPY,2026-04-29 08:36:00-04:00,711.24,711.24,711.24,711.24,42.0,1.0,711.24
SPY,2026-04-29 09:19:00-04:00,711.66,711.66,711.66,711.66,125.0,3.0,711.66
SPY,2026-04-30 08:08:00-04:00,714.52,714.52,714.52,714.52,80.0,1.0,714.52
SPY,2026-04-30 08:09:00-04:00,714.44,714.44,714.44,714.44,40.0,1.0,714.44
SPY,2026-04-30 08:11:00-04:00,714.64,714.64,714.64,714.64,80.0,1.0,714.64
SPY,2026-04-30 08:13:00-04:00,714.85,714.88,714.85,714.88,200.0,2.0,714.865
SPY,2026-04-30 08:16:00-04:00,715.08,715.08,715.08,715.08,40.0,1.0,715.08
SPY,2026-04-30 08:17:00-04:00,715.3,715.3,715.3,715.3,40.0,1.0,715.3
SPY,2026-04-30 08:19:00-04:00,715.36,715.39,715.36,715.39,140.0,2.0,715.368571
SPY,2026-04-30 08:22:00-04:00,715.66,715.66,715.66,715.66,50.0,1.0,715.66
SPY,2026-04-30 08:23:00-04:00,715.37,715.37,715.37,715.37,80.0,1.0,715.37
SPY,2026-04-30 08:30:00-04:00,715.62,715.62,715.62,715.62,100.0,1.0,715.62
SPY,2026-04-30 08:32:00-04:00,714.96,714.96,714.96,714.96,41.0,2.0,714.96
SPY,2026-04-30 08:34:00-04:00,714.75,714.78,714.75,714.78,140.0,2.0,714.771429
SPY,2026-04-30 08:44:00-04:00,714.59,714.6,714.59,714.6,160.0,2.0,714.595
SPY,2026-04-30 08:53:00-04:00,715.11,715.11,715.11,715.11,40.0,1.0,715.11
SPY,2026-05-01 08:01:00-04:00,720.66,720.69,720.66,720.69,200.0,2.0,720.675
SPY,2026-05-01 08:12:00-04:00,720.78,720.78,720.78,720.78,78.0,2.0,720.78
SPY,2026-05-01 08:14:00-04:00,721.56,721.56,721.56,721.56,40.0,1.0,721.56
SPY,2026-05-01 08:15:00-04:00,721.51,721.51,721.51,721.51,100.0,1.0,721.51
SPY,2026-05-01 08:22:00-04:00,721.41,721.41,721.41,721.41,200.0,2.0,721.41
SPY,2026-05-01 08:23:00-04:00,721.59,721.59,721.59,721.59,100.0,2.0,721.59
SPY,2026-05-01 08:25:00-04:00,721.54,721.54,721.54,721.54,40.0,1.0,721.54
SPY,2026-05-01 08:36:00-04:00,721.21,721.21,721.21,721.21,100.0,1.0,721.21
SPY,2026-05-01 08:42:00-04:00,720.71,720.71,720.71,720.71,110.0,2.0,720.71
SPY,2026-05-01 09:26:00-04:00,721.0,721.0,721.0,721.0,100.0,1.0,721.0
SPY,2026-05-04 08:03:00-04:00,719.73,719.73,719.73,719.73,40.0,1.0,719.73
SPY,2026-05-04 08:07:00-04:00,719.94,719.94,719.94,719.94,40.0,1.0,719.94
SPY,2026-05-04 08:16:00-04:00,720.18,720.18,720.18,720.18,40.0,1.0,720.18
SPY,2026-05-04 08:17:00-04:00,720.08,720.11,720.08,720.11,140.0,2.0,720.088571
SPY,2026-05-04 08:19:00-04:00,720.23,720.23,720.23,720.23,120.0,1.0,720.23
SPY,2026-05-04 08:21:00-04:00,720.41,720.41,720.41,720.41,100.0,3.0,720.41
SPY,2026-05-04 08:59:00-04:00,720.07,720.07,720.07,720.07,70.0,1.0,720.07
SPY,2026-05-04 09:06:00-04:00,719.93,719.94,719.93,719.94,243.0,3.0,719.934527
SPY,2026-05-05 08:06:00-04:00,721.2,721.22,721.2,721.22,200.0,2.0,721.21
SPY,2026-05-05 08:12:00-04:00,721.57,721.57,721.57,721.57,60.0,1.0,721.57
SPY,2026-05-05 08:26:00-04:00,721.71,721.73,721.71,721.73,200.0,2.0,721.72
SPY,2026-05-05 08:27:00-04:00,721.66,721.66,721.66,721.66,70.0,1.0,721.66
SPY,2026-05-05 08:28:00-04:00,721.71,721.71,721.71,721.71,100.0,1.0,721.71
SPY,2026-05-05 08:36:00-04:00,721.47,721.47,721.47,721.47,100.0,1.0,721.47
SPY,2026-05-06 08:03:00-04:00,729.24,729.24,729.24,729.24,40.0,1.0,729.24
SPY,2026-05-06 08:04:00-04:00,729.21,729.3,729.21,729.3,120.0,2.0,729.24
SPY,2026-05-06 08:06:00-04:00,729.18,729.18,729.18,729.18,105.0,2.0,729.18
SPY,2026-05-06 08:10:00-04:00,729.27,729.27,729.27,729.27,110.0,2.0,729.27
SPY,2026-05-06 08:12:00-04:00,729.55,729.57,729.55,729.57,200.0,4.0,729.559848
SPY,2026-05-06 08:14:00-04:00,729.33,729.4,729.22,729.22,800.0,8.0,729.32625
SPY,2026-05-06 08:15:00-04:00,728.32,728.86,728.01,728.01,1590.0,17.0,728.370881
SPY,2026-05-06 08:19:00-04:00,728.3,728.3,728.22,728.29,380.0,4.0,728.263684
SPY,2026-05-06 08:20:00-04:00,729.0,729.25,729.0,729.2,1170.0,11.0,729.069658
SPY,2026-05-06 08:21:00-04:00,729.3,729.33,729.3,729.33,295.0,4.0,729.316154
SPY,2026-05-06 08:25:00-04:00,729.53,729.53,729.53,729.53,100.0,1.0,729.53
SPY,2026-05-06 08:27:00-04:00,729.48,729.59,729.48,729.59,540.0,6.0,729.570741
SPY,2026-05-06 08:28:00-04:00,729.39,729.39,729.39,729.39,100.0,1.0,729.39
SPY,2026-05-06 08:29:00-04:00,729.49,729.49,729.49,729.49,205.0,3.0,729.49
SPY,2026-05-06 08:35:00-04:00,729.1,729.13,729.1,729.1,312.0,5.0,729.111321
SPY,2026-05-06 09:00:00-04:00,728.67,728.67,728.67,728.67,110.0,2.0,728.67
SPY,2026-05-07 08:00:00-04:00,734.69,734.69,734.61,734.61,250.0,4.0,734.6396
SPY,2026-05-07 08:13:00-04:00,735.34,735.36,735.34,735.36,200.0,2.0,735.35
SPY,2026-05-07 08:14:00-04:00,735.18,735.18,735.18,735.18,120.0,3.0,735.18
SPY,2026-05-07 08:24:00-04:00,734.79,734.79,734.79,734.79,100.0,1.0,734.79
SPY,2026-05-07 08:26:00-04:00,735.04,735.04,735.01,735.01,300.0,2.0,735.03
SPY,2026-05-07 08:27:00-04:00,735.12,735.12,735.12,735.12,40.0,1.0,735.12
SPY,2026-05-07 08:53:00-04:00,735.25,735.26,735.25,735.26,180.0,4.0,735.257333
SPY,2026-05-07 08:55:00-04:00,735.12,735.12,735.12,735.12,40.0,1.0,735.12
SPY,2026-05-07 09:02:00-04:00,734.93,734.93,734.91,734.91,150.0,3.0,734.92
SPY,2026-05-08 08:10:00-04:00,735.23,735.23,735.23,735.23,70.0,1.0,735.23
SPY,2026-05-08 08:24:00-04:00,735.05,735.05,735.05,735.05,70.0,1.0,735.05
SPY,2026-05-08 08:25:00-04:00,735.2,735.2,735.2,735.2,100.0,1.0,735.2
SPY,2026-05-08 08:31:00-04:00,735.78,735.78,735.78,735.78,210.0,3.0,735.78
SPY,2026-05-08 08:33:00-04:00,735.92,735.92,735.92,735.92,100.0,1.0,735.92
SPY,2026-05-08 08:35:00-04:00,736.57,736.57,736.57,736.57,100.0,1.0,736.57
SPY,2026-05-08 08:38:00-04:00,736.14,736.14,736.14,736.14,40.0,1.0,736.14
SPY,2026-05-08 08:46:00-04:00,735.92,735.92,735.92,735.92,66.0,1.0,735.92
SPY,2026-05-08 08:58:00-04:00,735.66,735.66,735.5,735.5,110.0,2.0,735.558182
SPY,2026-05-08 09:06:00-04:00,734.66,734.66,734.65,734.65,140.0,2.0,734.655
SPY,2026-05-08 09:10:00-04:00,734.79,734.79,734.79,734.79,40.0,1.0,734.79
SPY,2026-05-11 08:10:00-04:00,736.49,736.49,736.48,736.48,110.0,2.0,736.483636
SPY,2026-05-11 08:28:00-04:00,736.63,736.63,736.63,736.63,101.0,2.0,736.63
SPY,2026-05-11 08:42:00-04:00,736.59,736.59,736.56,736.56,200.0,2.0,736.575
SPY,2026-05-11 08:49:00-04:00,736.12,736.22,736.12,736.16,550.0,7.0,736.170364
SPY,2026-05-12 08:00:00-04:00,736.32,736.34,736.32,736.34,200.0,2.0,736.33
SPY,2026-05-12 08:06:00-04:00,735.85,735.85,735.85,735.85,100.0,2.0,735.85
SPY,2026-05-12 08:23:00-04:00,735.94,735.94,735.94,735.94,100.0,1.0,735.94
SPY,2026-05-12 08:28:00-04:00,735.97,735.97,735.94,735.94,321.0,4.0,735.9575
SPY,2026-05-12 08:30:00-04:00,736.1,736.1,736.1,736.1,100.0,1.0,736.1
SPY,2026-05-12 08:31:00-04:00,735.58,735.58,735.58,735.58,100.0,1.0,735.58
SPY,2026-05-12 08:32:00-04:00,735.42,735.42,735.42,735.42,102.0,3.0,735.42
SPY,2026-05-12 08:33:00-04:00,736.1,736.1,736.1,736.1,138.0,2.0,736.1
SPY,2026-05-12 08:34:00-04:00,736.22,736.22,736.22,736.22,100.0,1.0,736.22
SPY,2026-05-12 08:37:00-04:00,736.79,736.79,736.79,736.79,67.0,1.0,736.79
SPY,2026-05-12 08:38:00-04:00,736.44,736.84,736.44,736.84,174.0,3.0,736.748046
SPY,2026-05-12 08:39:00-04:00,736.92,736.99,736.92,736.99,127.0,2.0,736.956929
SPY,2026-05-12 08:48:00-04:00,737.16,737.19,737.16,737.19,200.0,2.0,737.175
SPY,2026-05-12 08:51:00-04:00,737.24,737.24,737.24,737.24,50.0,1.0,737.24
SPY,2026-05-12 08:53:00-04:00,737.35,737.35,737.32,737.32,200.0,2.0,737.335
SPY,2026-05-12 09:03:00-04:00,737.43,737.43,737.43,737.43,230.0,2.0,737.43
SPY,2026-05-12 09:18:00-04:00,736.85,736.85,736.85,736.85,40.0,1.0,736.85
SPY,2026-05-13 08:21:00-04:00,738.82,738.82,738.82,738.82,70.0,1.0,738.82
SPY,2026-05-13 08:30:00-04:00,738.56,738.56,737.92,737.99,2760.0,23.0,738.287473
SPY,2026-05-13 08:31:00-04:00,737.91,737.91,737.69,737.82,351.0,4.0,737.777265
SPY,2026-05-13 08:32:00-04:00,738.2,738.2,737.64,737.88,831.0,11.0,737.794898
SPY,2026-05-13 08:33:00-04:00,737.75,737.93,737.73,737.93,420.0,4.0,737.79
SPY,2026-05-13 08:34:00-04:00,738.08,738.08,737.91,737.91,300.0,3.0,738.023333
SPY,2026-05-13 08:35:00-04:00,738.11,738.11,738.09,738.09,140.0,3.0,738.095714
SPY,2026-05-13 08:36:00-04:00,737.96,737.96,737.96,737.96,100.0,1.0,737.96
SPY,2026-05-13 08:37:00-04:00,737.79,737.79,737.54,737.54,610.0,9.0,737.649404
SPY,2026-05-13 08:38:00-04:00,737.53,737.73,737.49,737.49,940.0,10.0,737.62044
SPY,2026-05-13 08:39:00-04:00,737.5,737.65,737.49,737.65,640.0,7.0,737.539375
SPY,2026-05-13 08:40:00-04:00,737.41,737.44,737.2,737.23,680.0,7.0,737.309118
SPY,2026-05-13 08:41:00-04:00,737.56,737.76,737.56,737.76,1200.0,13.0,737.650417
SPY,2026-05-13 08:42:00-04:00,737.68,737.78,737.68,737.78,367.0,5.0,737.707923
SPY,2026-05-13 08:44:00-04:00,737.71,737.71,737.71,737.71,67.0,1.0,737.71
SPY,2026-05-13 08:45:00-04:00,737.91,737.91,737.86,737.86,134.0,2.0,737.885
SPY,2026-05-13 08:46:00-04:00,737.74,737.74,737.74,737.74,67.0,1.0,737.74
SPY,2026-05-13 08:47:00-04:00,737.69,737.69,737.69,737.69,134.0,2.0,737.69
SPY,2026-05-13 08:48:00-04:00,737.76,737.76,737.76,737.76,53.0,3.0,737.76
SPY,2026-05-13 08:49:00-04:00,737.77,737.77,737.77,737.77,40.0,1.0,737.77
SPY,2026-05-13 08:57:00-04:00,737.61,737.61,737.61,737.61,100.0,1.0,737.61
SPY,2026-05-13 09:00:00-04:00,737.87,737.87,737.87,737.87,40.0,1.0,737.87
SPY,2026-05-13 09:02:00-04:00,738.31,738.31,738.31,738.31,125.0,1.0,738.31
SPY,2026-05-14 08:01:00-04:00,744.84,744.84,744.84,744.84,100.0,2.0,744.84
SPY,2026-05-14 08:03:00-04:00,745.0,745.0,745.0,745.0,70.0,1.0,745.0
SPY,2026-05-14 08:17:00-04:00,745.05,745.07,745.05,745.07,120.0,3.0,745.057273
SPY,2026-05-14 08:26:00-04:00,745.26,745.26,745.26,745.26,100.0,1.0,745.26
SPY,2026-05-14 08:45:00-04:00,744.71,744.71,744.71,744.71,40.0,1.0,744.71
SPY,2026-05-14 08:50:00-04:00,744.65,744.65,744.6,744.6,500.0,6.0,744.621277
SPY,2026-05-14 08:51:00-04:00,744.5,744.5,744.5,744.5,100.0,1.0,744.5
SPY,2026-05-14 08:52:00-04:00,744.5,744.5,744.5,744.5,100.0,1.0,744.5
SPY,2026-05-15 08:06:00-04:00,740.1,740.1,740.1,740.1,80.0,2.0,740.1
SPY,2026-05-15 08:16:00-04:00,739.47,739.5,739.43,739.5,400.0,6.0,739.467059
SPY,2026-05-15 08:17:00-04:00,739.5,739.5,739.5,739.5,100.0,1.0,739.5
SPY,2026-05-15 08:24:00-04:00,739.9,739.9,739.9,739.9,102.0,2.0,739.9
SPY,2026-05-15 08:30:00-04:00,739.23,739.23,739.23,739.23,85.0,3.0,739.23
SPY,2026-05-15 08:38:00-04:00,738.99,738.99,738.99,738.99,100.0,1.0,738.99
SPY,2026-05-15 08:39:00-04:00,739.08,739.08,739.08,739.08,100.0,1.0,739.08
SPY,2026-05-15 08:48:00-04:00,739.2,739.2,739.2,739.2,80.0,2.0,739.2
SPY,2026-05-15 08:51:00-04:00,739.33,739.35,739.33,739.35,260.0,3.0,739.341923
SPY,2026-05-15 08:52:00-04:00,739.61,739.74,739.61,739.74,420.0,4.0,739.65381
SPY,2026-05-15 08:53:00-04:00,739.64,739.64,739.64,739.64,80.0,1.0,739.64
SPY,2026-05-15 09:16:00-04:00,739.68,739.69,739.68,739.69,160.0,3.0,739.684615
SPY,2026-05-15 09:19:00-04:00,740.3,740.3,740.3,740.3,40.0,1.0,740.3
SPY,2026-05-18 08:09:00-04:00,738.2,738.2,738.2,738.2,65.0,1.0,738.2
SPY,2026-05-18 08:23:00-04:00,738.2,738.2,738.11,738.11,198.0,3.0,738.163571
SPY,2026-05-18 08:33:00-04:00,737.99,737.99,737.99,737.99,100.0,2.0,737.99
SPY,2026-05-18 08:34:00-04:00,738.6,738.6,738.6,738.6,100.0,1.0,738.6
SPY,2026-05-18 08:38:00-04:00,739.14,739.14,739.14,739.14,100.0,2.0,739.14
SPY,2026-05-18 08:42:00-04:00,739.69,739.89,739.69,739.89,401.0,5.0,739.75
SPY,2026-05-18 08:43:00-04:00,739.94,739.94,739.94,739.94,100.0,1.0,739.94
SPY,2026-05-18 08:45:00-04:00,740.56,740.56,740.53,740.53,375.0,6.0,740.543824
SPY,2026-05-18 08:46:00-04:00,741.03,741.22,741.03,741.22,201.0,3.0,741.125
SPY,2026-05-18 08:49:00-04:00,741.19,741.19,741.19,741.19,50.0,1.0,741.19
SPY,2026-05-18 08:50:00-04:00,741.05,741.18,741.05,741.18,200.0,2.0,741.115
SPY,2026-05-18 08:52:00-04:00,740.87,740.89,740.68,740.68,395.0,7.0,740.801053
SPY,2026-05-18 08:55:00-04:00,740.74,740.74,740.74,740.74,40.0,1.0,740.74
SPY,2026-05-18 08:58:00-04:00,740.97,740.97,740.97,740.97,70.0,1.0,740.97
SPY,2026-05-18 08:59:00-04:00,740.93,741.01,740.93,741.01,180.0,3.0,740.962941
SPY,2026-05-19 08:06:00-04:00,735.19,735.19,735.19,735.19,70.0,1.0,735.19
SPY,2026-05-19 08:12:00-04:00,735.68,735.68,735.68,735.68,70.0,1.0,735.68
SPY,2026-05-19 08:18:00-04:00,735.23,735.23,735.21,735.21,420.0,6.0,735.223333
SPY,2026-05-19 08:31:00-04:00,735.5,735.5,735.5,735.5,70.0,1.0,735.5
SPY,2026-05-19 08:37:00-04:00,736.19,736.19,736.19,736.19,60.0,1.0,736.19
SPY,2026-05-19 08:59:00-04:00,736.19,736.19,736.19,736.19,74.0,2.0,736.19
SPY,2026-05-19 09:07:00-04:00,735.03,735.03,735.03,735.03,40.0,1.0,735.03
SPY,2026-05-19 09:21:00-04:00,734.43,734.43,734.43,734.43,40.0,1.0,734.43
SPY,2026-05-19 09:23:00-04:00,734.61,734.62,734.61,734.62,140.0,2.0,734.615
SPY,2026-05-20 08:09:00-04:00,736.5,736.5,736.5,736.5,100.0,1.0,736.5
SPY,2026-05-20 08:17:00-04:00,736.69,736.69,736.69,736.69,67.0,1.0,736.69
SPY,2026-05-20 08:18:00-04:00,736.64,736.67,736.64,736.67,408.0,6.0,736.655737
SPY,2026-05-20 08:26:00-04:00,737.1,737.1,737.1,737.1,200.0,1.0,737.1
SPY,2026-05-20 08:28:00-04:00,737.06,737.06,737.06,737.06,40.0,1.0,737.06
SPY,2026-05-20 08:34:00-04:00,737.49,737.49,737.49,737.49,70.0,1.0,737.49
SPY,2026-05-20 08:35:00-04:00,737.6,737.6,737.6,737.6,195.0,2.0,737.6
SPY,2026-05-20 08:43:00-04:00,737.02,737.02,737.02,737.02,100.0,1.0,737.02
SPY,2026-05-20 08:50:00-04:00,736.82,736.82,736.82,736.82,140.0,2.0,736.82
SPY,2026-05-21 08:05:00-04:00,739.44,739.44,739.44,739.44,40.0,1.0,739.44
SPY,2026-05-21 08:24:00-04:00,738.62,738.62,738.62,738.62,67.0,1.0,738.62
SPY,2026-05-21 08:33:00-04:00,739.34,739.37,739.32,739.34,651.0,9.0,739.342222
SPY,2026-05-21 08:54:00-04:00,738.75,738.75,738.75,738.75,40.0,1.0,738.75
SPY,2026-05-21 08:58:00-04:00,738.17,738.17,738.17,738.17,50.0,1.0,738.17
SPY,2026-05-21 09:01:00-04:00,738.44,738.44,738.44,738.44,70.0,2.0,738.44
SPY,2026-05-21 09:04:00-04:00,739.0,739.0,739.0,739.0,40.0,1.0,739.0
SPY,2026-05-21 09:05:00-04:00,738.97,738.97,738.97,738.97,70.0,1.0,738.97
SPY,2026-05-21 09:12:00-04:00,738.44,738.44,738.43,738.43,80.0,2.0,738.435
SPY,2026-05-21 09:13:00-04:00,738.45,738.45,738.45,738.45,40.0,1.0,738.45
SPY,2026-05-22 08:00:00-04:00,744.7,744.7,744.7,744.7,125.0,1.0,744.7
SPY,2026-05-22 08:08:00-04:00,744.52,744.52,744.52,744.52,50.0,1.0,744.52
SPY,2026-05-22 08:12:00-04:00,746.0,746.0,746.0,746.0,70.0,2.0,746.0
SPY,2026-05-22 08:13:00-04:00,745.76,746.1,745.76,746.1,223.0,3.0,745.858744
SPY,2026-05-22 08:15:00-04:00,746.31,746.31,746.31,746.31,100.0,2.0,746.31
SPY,2026-05-22 08:16:00-04:00,745.69,745.71,745.69,745.71,325.0,3.0,745.696154
SPY,2026-05-22 08:17:00-04:00,745.23,745.23,745.23,745.23,100.0,2.0,745.23
SPY,2026-05-22 08:20:00-04:00,745.92,745.92,745.92,745.92,100.0,1.0,745.92
SPY,2026-05-22 08:22:00-04:00,745.76,745.76,745.68,745.68,415.0,4.0,745.740723
SPY,2026-05-22 08:32:00-04:00,745.81,745.85,745.81,745.85,220.0,2.0,745.828182
SPY,2026-05-22 08:33:00-04:00,745.82,745.82,745.82,745.82,125.0,1.0,745.82
SPY,2026-05-22 08:35:00-04:00,745.9,745.9,745.9,745.9,100.0,1.0,745.9
SPY,2026-05-22 08:36:00-04:00,745.83,745.88,745.83,745.88,170.0,2.0,745.850588
SPY,2026-05-22 08:37:00-04:00,745.93,745.93,745.93,745.93,267.0,3.0,745.93
SPY,2026-05-22 08:40:00-04:00,746.02,746.02,746.0,746.0,195.0,2.0,746.012821
SPY,2026-05-22 08:51:00-04:00,746.18,746.18,746.18,746.18,266.0,4.0,746.18
SPY,2026-05-22 09:06:00-04:00,746.51,746.51,746.51,746.51,137.0,2.0,746.51
SPY,2026-05-22 09:11:00-04:00,747.09,747.09,747.05,747.05,140.0,2.0,747.07
SPY,2026-05-22 09:15:00-04:00,746.93,746.93,746.91,746.91,140.0,2.0,746.92
SPY,2026-05-26 08:19:00-04:00,750.81,750.83,750.81,750.83,200.0,2.0,750.82
SPY,2026-05-26 08:28:00-04:00,751.02,751.02,751.02,751.02,160.0,1.0,751.02
SPY,2026-05-27 08:19:00-04:00,752.39,752.39,752.38,752.38,180.0,3.0,752.385
SPY,2026-05-27 08:20:00-04:00,752.49,752.49,752.49,752.49,130.0,3.0,752.49
SPY,2026-05-27 08:22:00-04:00,753.17,753.74,753.16,753.74,496.0,7.0,753.489596
SPY,2026-05-27 08:23:00-04:00,752.82,752.82,752.82,752.82,65.0,2.0,752.82
SPY,2026-05-27 08:24:00-04:00,752.82,752.82,752.82,752.82,100.0,1.0,752.82
SPY,2026-05-27 08:27:00-04:00,752.83,752.83,752.82,752.82,200.0,2.0,752.825
SPY,2026-05-27 08:28:00-04:00,753.07,753.34,753.07,753.34,287.0,4.0,753.218
SPY,2026-05-27 08:29:00-04:00,753.37,753.39,753.37,753.39,200.0,4.0,753.381976
SPY,2026-05-27 08:30:00-04:00,753.35,753.44,753.25,753.32,507.0,7.0,753.335
SPY,2026-05-27 08:31:00-04:00,753.17,753.17,753.17,753.17,110.0,2.0,753.17
SPY,2026-05-27 08:34:00-04:00,752.87,752.87,752.87,752.87,100.0,1.0,752.87
SPY,2026-05-27 08:40:00-04:00,752.72,752.72,752.7,752.7,200.0,2.0,752.71
SPY,2026-05-27 09:20:00-04:00,751.26,751.26,751.26,751.26,136.0,3.0,751.26
SPY,2026-05-28 08:23:00-04:00,748.8,748.8,748.8,748.8,100.0,2.0,748.8
SPY,2026-05-28 08:31:00-04:00,749.42,749.42,749.42,749.42,66.0,1.0,749.42
SPY,2026-05-28 08:33:00-04:00,749.67,749.67,749.67,749.67,66.0,1.0,749.67
SPY,2026-05-28 08:36:00-04:00,750.03,750.03,750.03,750.03,66.0,1.0,750.03
SPY,2026-05-28 09:09:00-04:00,750.42,750.42,750.42,750.42,50.0,1.0,750.42
SPY,2026-05-28 09:14:00-04:00,750.33,750.33,750.33,750.33,130.0,2.0,750.33
SPY,2026-05-29 08:00:00-04:00,756.18,756.2,756.18,756.2,340.0,4.0,756.185882
SPY,2026-05-29 08:31:00-04:00,755.97,755.97,755.97,755.97,100.0,1.0,755.97
SPY,2026-05-29 08:34:00-04:00,755.76,755.76,755.76,755.76,50.0,1.0,755.76
SPY,2026-05-29 08:35:00-04:00,755.58,755.58,755.58,755.58,100.0,1.0,755.58
SPY,2026-05-29 08:54:00-04:00,755.88,755.88,755.88,755.88,50.0,1.0,755.88
SPY,2026-06-01 08:01:00-04:00,758.34,758.34,758.34,758.34,100.0,1.0,758.34
SPY,2026-06-01 08:12:00-04:00,758.08,758.08,758.08,758.08,55.0,1.0,758.08
SPY,2026-06-01 08:13:00-04:00,757.96,757.96,757.96,757.96,54.0,2.0,757.96
SPY,2026-06-01 08:16:00-04:00,757.96,757.96,757.96,757.96,80.0,1.0,757.96
SPY,2026-06-01 08:18:00-04:00,757.81,757.81,757.81,757.81,40.0,1.0,757.81
SPY,2026-06-01 08:19:00-04:00,757.9,757.9,757.9,757.9,130.0,2.0,757.9
SPY,2026-06-01 08:25:00-04:00,758.01,758.11,758.01,758.11,380.0,3.0,758.088947
SPY,2026-06-01 08:33:00-04:00,757.95,757.95,757.92,757.92,140.0,2.0,757.928571
SPY,2026-06-01 08:35:00-04:00,757.89,757.89,757.89,757.89,80.0,1.0,757.89
SPY,2026-06-01 08:41:00-04:00,758.19,758.19,758.19,758.19,40.0,1.0,758.19
SPY,2026-06-01 09:01:00-04:00,757.77,757.78,757.77,757.78,280.0,2.0,757.778571
SPY,2026-06-01 09:07:00-04:00,757.77,757.77,757.77,757.77,50.0,2.0,757.77
SPY,2026-06-01 09:12:00-04:00,755.7,755.7,755.7,755.7,51.0,3.0,755.7
SPY,2026-06-01 09:14:00-04:00,755.53,755.53,755.53,755.53,300.0,1.0,755.53
SPY,2026-06-01 09:15:00-04:00,755.88,755.88,755.88,755.88,41.0,2.0,755.88
SPY,2026-06-02 08:01:00-04:00,756.75,756.75,756.75,756.75,110.0,2.0,756.75
SPY,2026-06-02 08:22:00-04:00,757.35,757.37,757.35,757.37,140.0,2.0,757.364286
SPY,2026-06-02 08:32:00-04:00,757.16,757.16,757.16,757.16,100.0,1.0,757.16
SPY,2026-06-03 08:22:00-04:00,758.69,758.72,758.69,758.72,160.0,2.0,758.705
SPY,2026-06-03 08:26:00-04:00,758.61,758.61,758.61,758.61,40.0,1.0,758.61
SPY,2026-06-03 08:27:00-04:00,758.49,758.49,758.49,758.49,180.0,2.0,758.49
SPY,2026-06-03 08:28:00-04:00,758.54,758.54,758.54,758.54,80.0,1.0,758.54
SPY,2026-06-03 08:36:00-04:00,758.03,758.03,758.03,758.03,100.0,1.0,758.03
SPY,2026-06-03 08:37:00-04:00,757.93,757.93,757.93,757.93,100.0,1.0,757.93
SPY,2026-06-03 08:53:00-04:00,758.25,758.25,758.25,758.25,40.0,1.0,758.25
SPY,2026-06-04 08:14:00-04:00,751.16,751.16,751.16,751.16,200.0,3.0,751.16
SPY,2026-06-04 08:20:00-04:00,751.23,751.26,751.23,751.26,180.0,3.0,751.236667
SPY,2026-06-04 08:26:00-04:00,751.47,751.47,751.47,751.47,40.0,1.0,751.47
SPY,2026-06-04 08:30:00-04:00,751.67,751.67,751.67,751.67,100.0,1.0,751.67
SPY,2026-06-04 08:37:00-04:00,751.89,751.89,751.89,751.89,40.0,1.0,751.89
SPY,2026-06-04 08:38:00-04:00,751.95,751.95,751.95,751.95,100.0,1.0,751.95
SPY,2026-06-04 08:50:00-04:00,752.28,752.28,752.28,752.28,40.0,1.0,752.28
SPY,2026-06-04 08:59:00-04:00,752.28,752.28,752.28,752.28,40.0,1.0,752.28
SPY,2026-06-04 09:15:00-04:00,752.28,752.28,752.28,752.28,40.0,1.0,752.28
SPY,2026-06-05 08:02:00-04:00,753.64,753.64,753.63,753.63,319.0,4.0,753.635254
SPY,2026-06-05 08:17:00-04:00,753.48,753.68,753.48,753.68,400.0,5.0,753.63
SPY,2026-06-05 09:11:00-04:00,752.49,752.5,752.49,752.5,100.0,2.0,752.496
SPY,2026-06-05 09:19:00-04:00,752.41,752.41,752.41,752.41,155.0,1.0,752.41
SPY,2026-06-08 08:00:00-04:00,742.2,742.32,742.2,742.22,600.0,12.0,742.249015
SPY,2026-06-08 08:10:00-04:00,743.16,743.26,743.16,743.26,400.0,4.0,743.205
SPY,2026-06-08 08:11:00-04:00,742.86,742.86,742.81,742.81,200.0,2.0,742.835
SPY,2026-06-08 08:19:00-04:00,743.09,743.11,743.09,743.11,300.0,3.0,743.103333
SPY,2026-06-08 08:22:00-04:00,743.24,743.24,743.19,743.19,200.0,2.0,743.215
SPY,2026-06-08 08:23:00-04:00,743.21,743.21,743.09,743.09,200.0,2.0,743.15
SPY,2026-06-08 08:29:00-04:00,743.34,743.34,743.34,743.34,225.0,2.0,743.34
SPY,2026-06-08 08:30:00-04:00,743.56,743.56,743.56,743.56,100.0,1.0,743.56
SPY,2026-06-08 08:31:00-04:00,743.74,743.76,743.74,743.76,167.0,2.0,743.751976
SPY,2026-06-08 09:10:00-04:00,743.79,743.79,743.79,743.79,125.0,1.0,743.79
SPY,2026-06-09 08:22:00-04:00,742.24,742.24,742.24,742.24,255.0,2.0,742.24
SPY,2026-06-09 08:27:00-04:00,742.27,742.27,742.27,742.27,100.0,1.0,742.27
SPY,2026-06-09 08:30:00-04:00,742.32,742.32,742.32,742.32,40.0,1.0,742.32
SPY,2026-06-09 08:32:00-04:00,743.08,743.08,743.08,743.08,100.0,1.0,743.08
SPY,2026-06-09 08:57:00-04:00,742.71,742.71,742.71,742.71,40.0,1.0,742.71
SPY,2026-06-09 09:05:00-04:00,743.31,743.31,743.31,743.31,40.0,1.0,743.31
SPY,2026-06-10 08:15:00-04:00,731.11,731.11,731.11,731.11,233.0,1.0,731.11
SPY,2026-06-10 08:20:00-04:00,730.77,730.77,730.74,730.74,200.0,2.0,730.755
SPY,2026-06-10 08:23:00-04:00,730.32,730.32,730.27,730.27,80.0,2.0,730.295
SPY,2026-06-10 08:26:00-04:00,731.47,731.47,731.47,731.47,233.0,1.0,731.47
SPY,2026-06-10 08:30:00-04:00,733.71,734.55,732.5,732.5,1821.0,24.0,733.429
SPY,2026-06-10 08:31:00-04:00,733.11,733.15,731.84,731.89,940.0,10.0,732.405448
SPY,2026-06-10 08:32:00-04:00,732.43,733.0,732.33,733.0,380.0,5.0,732.588421
SPY,2026-06-10 08:33:00-04:00,733.48,733.85,733.39,733.39,580.0,5.0,733.562362
SPY,2026-06-10 08:34:00-04:00,734.04,734.22,733.46,733.46,569.0,11.0,733.855652
SPY,2026-06-10 08:35:00-04:00,733.35,733.35,732.79,732.79,516.0,8.0,733.065652
SPY,2026-06-10 08:37:00-04:00,734.05,734.09,734.05,734.09,420.0,2.0,734.059524
SPY,2026-06-10 08:44:00-04:00,733.71,733.71,733.71,733.71,40.0,1.0,733.71
SPY,2026-06-10 09:00:00-04:00,733.06,733.06,733.06,733.06,116.0,1.0,733.06
SPY,2026-06-10 09:01:00-04:00,733.42,733.42,733.42,733.42,116.0,1.0,733.42
SPY,2026-06-10 09:03:00-04:00,732.79,732.79,732.78,732.78,156.0,2.0,732.787436
SPY,2026-06-11 08:20:00-04:00,730.56,730.56,730.56,730.56,100.0,1.0,730.56
SPY,2026-06-11 08:22:00-04:00,728.7,728.7,728.03,728.47,1520.0,19.0,728.4568
SPY,2026-06-11 08:23:00-04:00,728.2,728.77,728.2,728.77,313.0,3.0,728.423834
SPY,2026-06-11 08:24:00-04:00,728.82,729.12,728.65,728.65,440.0,4.0,729.004545
SPY,2026-06-11 08:25:00-04:00,729.34,729.37,729.34,729.37,355.0,3.0,729.348451
SPY,2026-06-11 08:26:00-04:00,728.4,728.48,728.4,728.48,300.0,2.0,728.426667
SPY,2026-06-11 08:27:00-04:00,729.18,729.18,728.84,728.84,200.0,2.0,729.01
SPY,2026-06-11 08:29:00-04:00,728.91,728.91,728.91,728.91,100.0,1.0,728.91
SPY,2026-06-11 08:30:00-04:00,728.44,728.44,728.44,728.44,100.0,1.0,728.44
SPY,2026-06-11 08:31:00-04:00,728.56,728.56,728.24,728.24,300.0,3.0,728.386667
SPY,2026-06-11 08:32:00-04:00,728.13,728.13,727.84,727.84,340.0,3.0,728.015294
SPY,2026-06-11 08:34:00-04:00,727.28,727.28,726.93,726.93,220.0,3.0,727.184545
SPY,2026-06-11 08:38:00-04:00,728.15,728.2,728.15,728.19,988.0,6.0,728.175061
SPY,2026-06-11 08:50:00-04:00,729.24,729.24,729.24,729.24,40.0,1.0,729.24
SPY,2026-06-12 08:21:00-04:00,741.4,741.4,741.4,741.4,67.0,1.0,741.4
SPY,2026-06-12 08:25:00-04:00,741.0,741.0,741.0,741.0,100.0,1.0,741.0
SPY,2026-06-12 08:50:00-04:00,739.98,739.98,739.98,739.98,40.0,1.0,739.98
SPY,2026-06-12 09:04:00-04:00,738.81,738.81,738.81,738.81,40.0,1.0,738.81
SPY,2026-06-12 09:22:00-04:00,740.1,740.1,740.1,740.1,40.0,1.0,740.1
