date,side,ep,mfe_5m,mae_5m,mfe_10m,mae_10m,mfe_15m,mae_15m,hit_+0.25%,hit_+0.50%,hit_+0.75%
2025-12-15,short,681.32,0.08219338930312615,0.012475782304926126,0.11154817119710335,0.04256443374625192,0.11154817119710335,0.08354370927022688,False,False,False
2025-12-15,short,680.99,0.0337743579200896,0.06094068929058629,0.0631433648071284,0.1116022261707207,0.0631433648071284,0.13204305496408913,False,False,False
2025-12-15,short,680.91,0.023497965957317145,0.07269683218046505,0.05140180053164482,0.12336432127594424,0.05140180053164482,0.14380755165880832,False,False,False
2025-12-15,long,682.48,0.08498417536043947,0.0043957332082951465,0.08498417536043947,0.15751377329739266,0.08498417536043947,0.28792052514359856,False,False,False
2025-12-15,long,682.57,0.0717875089734233,0.01977819124779943,0.0717875089734233,0.18166634923890723,0.0717875089734233,0.3010680223273896,False,False,False
2025-12-15,long,682.5,0.0,0.28423443223442724,0.0,0.2908424908424928,0.0,0.3369963369963303,False,False,False
2025-12-16,short,678.4,0.10613207547170214,0.21963443396226548,0.10613207547170214,0.38620283018867996,0.10613207547170214,0.38620283018867996,False,False,False
2025-12-16,short,678.66,0.14440220434385675,0.19008045265671725,0.14440220434385675,0.34774408393009953,0.14440220434385675,0.34774408393009953,False,False,False
2025-12-16,short,678.205,0.07741022257283431,0.2720416393273293,0.07741022257283431,0.41506624103330714,0.07741022257283431,0.41506624103330714,False,False,False
2025-12-16,long,679.88,0.17650173560040677,0.03530034712008135,0.17650173560040677,0.12060951932694741,0.17650173560040677,0.12060951932694741,False,False,False
2025-12-16,long,680.54,0.07934875246129211,0.032327269521249834,0.07934875246129211,0.21747435859758696,0.07934875246129211,0.21747435859758696,False,False,False
2025-12-16,long,678.3,0.011794191360760863,0.09730207872622264,0.011794191360760863,0.26389503169688394,0.011794191360760863,0.2860091404982959,False,False,False
2025-12-17,short,678.52,0.13558922360430925,0.045687673171027995,0.13558922360430925,0.07811118316335153,0.13558922360430925,0.12085126451689707,False,False,False
2025-12-17,short,678.44,0.1238134543953823,0.057484818112137605,0.1238134543953823,0.08991215140615234,0.1238134543953823,0.1591887270797605,False,False,False
2025-12-17,short,678.88,0.11342210699976163,0.026514258779158317,0.11342210699976163,0.07217770445439682,0.11342210699976163,0.07217770445439682,False,False,False
2025-12-18,short,677.12,0.15802221172023423,0.0,0.21118856332702474,0.0,0.21118856332702474,0.10485586011342693,False,False,False
2025-12-18,short,676.49,0.06504161184940717,0.08278023326286352,0.11825747608980983,0.11086638383420301,0.11825747608980983,0.2431669352096826,False,False,False
2025-12-18,long,678.32,0.013268074065325824,0.08992805755395883,0.013268074065325824,0.22703148956245978,0.013268074065325824,0.30075775445218367,False,False,False
2025-12-18,long,678.05,0.05309342968807812,0.05014379470539314,0.05309342968807812,0.19912985768010802,0.05309342968807812,0.2610574441412811,False,False,False
2025-12-18,long,678.15,0.038339600383394665,0.07520460075204466,0.038339600383394665,0.25584310255843307,0.038339600383394665,0.2963946029639447,False,False,False
2025-12-18,short,676.76,0.0916129794905143,0.045067675394536266,0.0916129794905143,0.31622731839942686,0.0916129794905143,0.3856610910810352,False,False,False
2025-12-19,long,679.41,0.029437305897770934,0.08978378298818293,0.04121222825688265,0.08978378298818293,0.16337704773259354,0.08978378298818293,False,False,False
2025-12-19,long,679.28,0.04710870333294813,0.07066305499941382,0.06035802614534241,0.07066305499941382,0.1825462254151468,0.07066305499941382,False,False,False
2025-12-19,long,679.14,0.07067762169803254,0.0500633153694425,0.08098477486233593,0.0500633153694425,0.2031981623818352,0.0500633153694425,False,False,False
2025-12-22,long,683.815,0.04606509070434853,0.0431403230405991,0.04606509070434853,0.08335587841741553,0.04606509070434853,0.12942096912178067,False,False,False
2025-12-22,long,684.09,0.004385387887554666,0.08332236986362175,0.004385387887554666,0.12352175883290609,0.004385387887554666,0.17541551550235282,False,False,False
2025-12-22,long,684.0099,0.016096258255909532,0.08404849111103078,0.016096258255909532,0.1118258668478353,0.016096258255909532,0.16372570046135732,False,False,False
2025-12-22,short,683.19,0.04391164976069149,0.02854257234443366,0.04391164976069149,0.0907507428387258,0.04391164976069149,0.10246051610824686,False,False,False
2025-12-22,short,683.0999,0.030727570008436757,0.0732103752320817,0.030727570008436757,0.1039525843877151,0.030727570008436757,0.11566390216130006,False,False,False
2025-12-22,short,682.99,0.014641502803851115,0.08931316710347349,0.014641502803851115,0.12006032299154253,0.014641502803851115,0.13763012635616054,False,False,False
2025-12-23,long,685.59,0.08022287372919011,0.020420367858339,0.09626744847503145,0.020420367858339,0.09626744847503145,0.07147128750419479,False,False,False
2025-12-23,long,685.53,0.10502822633583174,0.011669802926192472,0.10502822633583174,0.011669802926192472,0.10502822633583174,0.06272519072833428,False,False,False
2025-12-23,long,685.57,0.09918753737764925,0.007293201277778813,0.09918753737764925,0.007293201277778813,0.09918753737764925,0.06855609201103129,False,False,False
2025-12-23,short,684.58,0.03213649244792826,0.04601361418679203,0.03213649244792826,0.07449823249291403,0.03213649244792826,0.11539922288117731,False,False,False
2025-12-23,short,684.55,0.02775545979109501,0.07888393835367428,0.02775545979109501,0.07888393835367428,0.02775545979109501,0.13731648528231022,False,False,False
2025-12-23,short,684.52,0.023374043125104917,0.08327002863321013,0.023374043125104917,0.102261438672361,0.023374043125104917,0.14608776953193478,False,False,False
2025-12-24,long,688.4,0.03849506101103811,0.02614758861126525,0.04793724578733889,0.02614758861126525,0.04793724578733889,0.02614758861126525,False,False,False
2025-12-24,long,688.26,0.058844041495942336,0.0058117571847795335,0.06828814692122559,0.0058117571847795335,0.06828814692122559,0.0058117571847795335,False,False,False
2025-12-24,long,688.69,0.005808128475796602,0.033396738735863477,0.005808128475796602,0.033396738735863477,0.031944706616897814,0.033396738735863477,False,False,False
2025-12-26,short,690.11,0.03332802017070006,0.05651272985465887,0.05216559678891968,0.05651272985465887,0.06665604034140012,0.05651272985465887,False,False,False
2025-12-26,short,689.92,0.0,0.08406771799629535,0.024640538033389246,0.08406771799629535,0.03913497217068382,0.08406771799629535,False,False,False
2025-12-26,short,690.04,0.005796765404898792,0.06666280215640201,0.04202654918554919,0.06666280215640201,0.056518462697812646,0.06666280215640201,False,False,False
2025-12-26,long,690.87,0.010132152213882499,0.047042135278713135,0.010132152213882499,0.062240363599512204,0.010132152213882499,0.06803016486459497,False,False,False
2025-12-26,long,690.875,0.0021711597611704515,0.04993667450696976,0.0021711597611704515,0.06296363307399247,0.0021711597611704515,0.06875339243713012,False,False,False
2025-12-26,long,690.86,0.014474712676956653,0.05210896563703408,0.014474712676956653,0.10277046000637415,0.014474712676956653,0.15777436817879625,False,False,False
2025-12-29,long,688.71,0.00580795980891284,0.14817557462503572,0.00580795980891284,0.1785947641242349,0.00580795980891284,0.18149874402869132,False,False,False
2025-12-29,short,687.51,0.007272621489135362,0.09818039010341006,0.030559555497376222,0.09818039010341006,0.0654535934022844,0.09818039010341006,False,False,False
2025-12-29,short,687.69,0.040716020299856964,0.07198010731578049,0.05672614113918698,0.07198010731578049,0.09161104567466578,0.07198010731578049,False,False,False
2025-12-29,short,687.11,0.04220576035859813,0.04511650245229227,0.04220576035859813,0.09603993538152454,0.04220576035859813,0.128072652122658,False,False,False
2025-12-29,long,687.955,0.06468446337332186,0.02543771031536484,0.06468446337332186,0.02543771031536484,0.06468446337332186,0.039973544781285245,False,False,False
2025-12-29,long,688.145,0.013805230002401716,0.053041146851319,0.02107114052997287,0.06030705737889015,0.02107114052997287,0.18237435424220122,False,False,False
2025-12-30,long,688.11,0.06103675284474271,0.04214442458327355,0.06103675284474271,0.050863960703960515,0.06103675284474271,0.0871953612067871,False,False,False
2025-12-30,long,687.98,0.0799441844239592,0.015988836884795146,0.0799441844239592,0.03197767376959029,0.0799441844239592,0.07703712317218127,False,False,False
2025-12-30,long,688.06,0.06830799639566713,0.020347062756153007,0.06830799639566713,0.062494549893897335,0.06830799639566713,0.10464203703164165,False,False,False
2025-12-30,short,687.06,0.04511978575378358,0.02910953919600115,0.04511978575378358,0.034916892265600415,0.04511978575378358,0.0523826157831978,False,False,False
2025-12-30,short,687.02,0.039300165934031295,0.034933480830253716,0.039300165934031295,0.05820791243340839,0.039300165934031295,0.05820791243340839,False,False,False
2025-12-30,short,686.93,0.026203543301348026,0.04803982938582402,0.026203543301348026,0.07131731035186034,0.026203543301348026,0.07131731035186034,False,False,False
2025-12-31,short,685.67,0.01604270275788844,0.03062697799233398,0.06125395598465138,0.03062697799233398,0.06417081103153717,0.03062697799233398,False,False,False
2025-12-31,short,685.8,0.03937007874015483,0.011665208515608184,0.08019830854475861,0.011665208515608184,0.1290463692038482,0.011665208515608184,False,False,False
2025-12-31,short,685.6901,0.023348740196198946,0.02769472681608878,0.0641835138060225,0.02769472681608878,0.11303940366064288,0.02769472681608878,False,False,False
2025-12-31,long,685.4,0.04668806536329881,0.007295010213007664,0.05690107966150954,0.007295010213007664,0.08316311642837029,0.007295010213007664,False,False,False
2025-12-31,long,685.415,0.044498588446424965,0.009483305734473405,0.06638314014138018,0.009483305734473405,0.08097284127135586,0.009483305734473405,False,False,False
2025-12-31,long,685.48,0.035011962420494994,0.01896481297776674,0.07148275660850924,0.01896481297776674,0.07148275660850924,0.01896481297776674,False,False,False
2026-01-02,long,686.73,0.006115940762749553,0.1179502861386657,0.020386469209148626,0.1179502861386657,0.020386469209148626,0.1179502861386657,False,False,False
2026-01-02,long,686.458,0.005389987442791047,0.07837333092483603,0.060018238552108735,0.07837333092483603,0.060018238552108735,0.07837333092483603,False,False,False
2026-01-02,long,686.195,0.040076071670585946,0.040076071670602516,0.0983685395550761,0.040076071670602516,0.0983685395550761,0.05610650033884021,False,False,False
2026-01-02,short,684.34,0.18558026711868103,0.011500131513562337,0.403308297045327,0.011500131513562337,0.403308297045327,0.011500131513562337,True,False,False
2026-01-02,short,683.97,0.16667397692881067,0.06560229249819685,0.34943053057882456,0.06560229249819685,0.34943053057882456,0.06560229249819685,True,False,False
2026-01-02,short,684.21,0.2966925359173479,0.030502331155625895,0.3843849110653155,0.030502331155625895,0.3843849110653155,0.030502331155625895,True,False,False
2026-01-05,long,687.61,0.024723316996547326,0.15997440409534805,0.024723316996547326,0.15997440409534805,0.024723316996547326,0.15997440409534805,False,False,False
2026-01-05,long,687.33,0.01891376776802925,0.11930222745988826,0.01891376776802925,0.11930222745988826,0.05965111372993586,0.11930222745988826,False,False,False
2026-01-05,long,687.75,0.010905125408948814,0.08069792802616503,0.010905125408948814,0.08069792802616503,0.046528535078160675,0.08069792802616503,False,False,False
2026-01-05,short,687.69,0.058165743285505236,0.03053701522487206,0.058165743285505236,0.045078451046248365,0.058165743285505236,0.045078451046248365,False,False,False
2026-01-05,short,687.55,0.03781543160497286,0.056723147407475825,0.03781543160497286,0.06544978547015425,0.03781543160497286,0.06544978547015425,False,False,False
2026-01-05,short,687.45,0.0029093024947407804,0.08000581860498283,0.0029093024947407804,0.08000581860498283,0.0029093024947407804,0.08000581860498283,False,False,False
2026-01-06,short,688.045,0.01729538038935164,0.16767798617824003,0.01729538038935164,0.2666976723906193,0.01729538038935164,0.3059392917614427,False,False,False
2026-01-06,short,688.095,0.010899657750753236,0.18820075716288578,0.010899657750753236,0.2594118544677651,0.010899657750753236,0.30010391007054854,False,False,False
2026-01-06,long,689.2301,0.10009719540687008,0.002916297474523633,0.1537802832464761,0.002916297474523633,0.16683833163989825,0.002916297474523633,False,False,False
2026-01-06,long,689.625,0.04277687148812167,0.05872756933115428,0.10657966286025211,0.05872756933115428,0.1254304875838331,0.05872756933115428,False,False,False
2026-01-06,long,689.625,0.05872756933115428,0.05872756933115428,0.10657966286025211,0.05872756933115428,0.14138118542686573,0.05872756933115428,False,False,False
2026-01-06,short,688.87,0.02540392236560665,0.051533671084532384,0.06387271909069266,0.051533671084532384,0.08274420427657614,0.051533671084532384,False,False,False
2026-01-07,long,692.73,0.051968299337406154,0.03030040564145648,0.051968299337406154,0.050524735466924015,0.051968299337406154,0.050524735466924015,False,False,False
2026-01-07,long,692.59,0.0721927836093504,0.005775422688759194,0.0721927836093504,0.030320969115932427,0.0721927836093504,0.030320969115932427,False,False,False
2026-01-07,long,692.59,0.0721927836093504,0.0007219278360928475,0.0721927836093504,0.030320969115932427,0.0721927836093504,0.030320969115932427,False,False,False
2026-01-07,short,691.77,0.018792373187619504,0.07661505991875518,0.03469361203868469,0.07661505991875518,0.09396186593809754,0.07661505991875518,False,False,False
2026-01-07,short,691.91,0.023124394791225474,0.056365712303621335,0.09105230449046776,0.056365712303621335,0.11706724863059437,0.056365712303621335,False,False,False
2026-01-07,short,691.92,0.03468609087755942,0.05491964388946634,0.09466412301999838,0.05491964388946634,0.11851081049831431,0.05491964388946634,False,False,False
2026-01-08,short,688.74,0.18149083834248048,0.008711560240431139,0.18149083834248048,0.03920202108197314,0.18149083834248048,0.06098092168306749,False,False,False
2026-01-08,short,688.54,0.1524965869811419,0.05083219566038614,0.1524965869811419,0.07406977081941368,0.1524965869811419,0.09004560374125027,False,False,False
2026-01-08,short,687.825,0.048704248900525035,0.15919747028676096,0.048704248900525035,0.1780976265765142,0.048704248900525035,0.19409006651400032,False,False,False
2026-01-08,long,688.74,0.01887504718761731,0.1277695501931056,0.0878415657577632,0.12922147689984412,0.16116386444812464,0.12922147689984412,False,False,False
2026-01-08,long,689.695,0.04422244615372736,0.05582177629243427,0.04712227868839585,0.05582177629243427,0.04712227868839585,0.05582177629243427,False,False,False
2026-01-08,long,689.45,0.07977373268546734,0.011603452026983962,0.0826745956922092,0.011603452026983962,0.0826745956922092,0.011603452026983962,False,False,False
2026-01-09,long,691.97,0.03323843519227975,0.13006344205673326,0.03323843519227975,0.21099180600315567,0.03323843519227975,0.21099180600315567,False,False,False
2026-01-09,long,691.875,0.03541102077687509,0.11635049683829449,0.03541102077687509,0.19728997289973033,0.03541102077687509,0.19728997289973033,False,False,False
2026-01-09,short,690.805,0.01954241790374866,0.1353493388148695,0.01954241790374866,0.1700914150882041,0.23523280810069414,0.1700914150882041,False,False,False
2026-01-09,long,691.71,0.03469662141649088,0.36576021743217335,0.03469662141649088,0.36576021743217335,0.03469662141649088,0.36576021743217335,False,False,False
2026-01-09,short,690.61,0.20706332083231688,0.013031957255184813,0.20706332083231688,0.12163160104835316,0.20706332083231688,0.14624752030813207,False,False,False
2026-01-09,short,690.37,0.17237133710909433,0.01738198357402618,0.17237133710909433,0.1810623288960992,0.17237133710909433,0.18975332068310405,False,False,False
2026-01-12,long,693.84,0.031707598293542257,0.025942580422008484,0.04035512510088388,0.025942580422008484,0.06918021445866744,0.025942580422008484,False,False,False
2026-01-12,long,694.39,0.05184406457466462,0.0014401129048504306,0.06768530652803573,0.0014401129048504306,0.06768530652803573,0.0014401129048504306,False,False,False
2026-01-12,long,694.66,0.017274637952380236,0.01583508478968325,0.02879106325397252,0.03167016957935013,0.02879106325397252,0.03167016957935013,False,False,False
2026-01-13,short,694.91,0.09065922205753199,0.04101250521651464,0.09137873969290858,0.04101250521651464,0.1280741390971473,0.04101250521651464,False,False,False
2026-01-13,short,694.98,0.10144176810844066,0.02733891622779661,0.10144176810844066,0.02733891622779661,0.2374169040835675,0.02733891622779661,False,False,False
2026-01-13,short,694.9098,0.09134998527867086,0.027370458727162053,0.09134998527867086,0.027370458727162053,0.25036342846223486,0.027370458727162053,True,False,False
2026-01-13,long,694.78,0.008635827168320781,0.06045079017818002,0.04965600621779949,0.06045079017818002,0.06045079017819638,0.06045079017818002,False,False,False
2026-01-13,long,694.59,0.04103139981859344,0.03311305950273084,0.08206279963718688,0.03311305950273084,0.08782159259419421,0.03311305950273084,False,False,False
2026-01-13,long,694.54,0.07846920263772753,0.025916433898688335,0.08926771676217418,0.025916433898688335,0.09502692429522876,0.025916433898688335,False,False,False
2026-01-14,short,690.16,0.1528631042077127,0.008693636258267521,0.1528631042077127,0.04781499942043018,0.1528631042077127,0.04781499942043018,False,False,False
2026-01-14,short,689.56,0.06598410580659077,0.1348686118684471,0.06598410580659077,0.1348686118684471,0.27408782411972654,0.1348686118684471,True,False,False
2026-01-14,short,689.29,0.026839211362408487,0.17409218181027514,0.026839211362408487,0.17409218181027514,0.23502444544386322,0.17409218181027514,False,False,False
2026-01-14,long,690.17,0.03332512279583555,0.0840372661807855,0.03332512279583555,0.2883347581030774,0.03332512279583555,0.3260066360461915,False,False,False
2026-01-14,long,689.55,0.020303096222188392,0.1145674715394045,0.020303096222188392,0.19868029874555937,0.020303096222188392,0.19868029874555937,False,False,False
2026-01-14,long,689.4,0.018856977081519503,0.10226283724977187,0.018856977081519503,0.1769654772265778,0.018856977081519503,0.1769654772265778,False,False,False
2026-01-15,short,694.03,0.07060213535438081,0.07542901603677259,0.12247309194127383,0.07542901603677259,0.12247309194127383,0.07542901603677259,False,False,False
2026-01-15,short,693.9,0.051880674448769794,0.09417783542297278,0.10376134889753959,0.09417783542297278,0.10376134889753959,0.09417783542297278,False,False,False
2026-01-15,short,693.8,0.029547420005754867,0.10860478524070784,0.08936292879792514,0.10860478524070784,0.08936292879792514,0.10860478524070784,False,False,False
2026-01-15,long,694.47,0.005759788039794897,0.1231154693507305,0.05039814534825446,0.1231154693507305,0.06191772142784425,0.1231154693507305,False,False,False
2026-01-15,long,694.09,0.050425737296319315,0.06843492918786076,0.11669956345718069,0.06843492918786076,0.11669956345718069,0.06843492918786076,False,False,False
2026-01-15,long,694.28,0.02304545716426829,0.09578268133893582,0.08930114651149458,0.09578268133893582,0.08930114651149458,0.09578268133893582,False,False,False
2026-01-16,short,693.14,0.0,0.10387511902357782,0.08223446922698681,0.10387511902357782,0.1962085581556415,0.10387511902357782,False,False,False
2026-01-16,short,693.6,0.061995386389859235,0.03748558246828012,0.16580161476354918,0.03748558246828012,0.28835063437139563,0.03748558246828012,True,False,False
2026-01-16,short,693.48,0.0821941512372455,0.020909038472628167,0.18459075964700658,0.020909038472628167,0.2725385014708407,0.020909038472628167,True,False,False
2026-01-16,long,692.38,0.012998642364024355,0.04621739507207748,0.06354891822410448,0.04621739507207748,0.06354891822410448,0.04621739507207748,False,False,False
2026-01-16,long,692.1397,0.047721579906495656,0.001401451181019168,0.09828940602599476,0.001401451181019168,0.09828940602599476,0.001401451181019168,False,False,False
2026-01-16,long,692.29,0.05922373571770238,0.023111701743484404,0.0765575120253198,0.023111701743484404,0.10039145444828758,0.023111701743484404,False,False,False
2026-01-20,long,682.67,0.09008745074487075,0.12451111078557854,0.09374954223856129,0.12451111078557854,0.09374954223856129,0.16259686232001022,False,False,False
2026-01-20,long,682.375,0.07986810771202917,0.11064297490382788,0.07986810771202917,0.1721927092874086,0.07986810771202917,0.21469133540942031,False,False,False
2026-01-20,long,682.3,0.09086911915579723,0.10845669060530692,0.09086911915579723,0.1612194049538193,0.09086911915579723,0.20372270262347744,False,False,False
2026-01-20,short,681.52,0.08216926869350062,0.11298274445357169,0.08950581054114533,0.11298274445357169,0.08950581054114533,0.11298274445357169,False,False,False
2026-01-20,short,681.51,0.08070314448796856,0.11445173218294269,0.08803979398688541,0.11445173218294269,0.08803979398688541,0.11445173218294269,False,False,False
2026-01-20,short,681.89,0.14371819501679425,0.0586604877619524,0.14371819501679425,0.0586604877619524,0.14371819501679425,0.0586604877619524,False,False,False
2026-01-21,long,681.11,0.09102788095902344,0.07047319816182675,0.22977198984010525,0.07047319816182675,0.24812438519474694,0.07047319816182675,False,False,False
2026-01-21,long,680.72,0.14837231166999512,0.013221295099311291,0.28719591021270524,0.013221295099311291,0.30555882007285334,0.013221295099311291,True,False,False
2026-01-21,long,681.15,0.09414959994127595,0.0367026352492109,0.24223739264478855,0.0367026352492109,0.24223739264478855,0.0367026352492109,False,False,False
2026-01-21,short,681.245,0.053578374887156464,0.09908329602418434,0.15926722397963086,0.09908329602418434,0.19596474102562753,0.09908329602418434,False,False,False
2026-01-21,short,681.28,0.07926256458430654,0.09394081728510838,0.16439643024894385,0.09394081728510838,0.2010920620009401,0.09394081728510838,False,False,False
2026-01-21,short,681.225,0.08147087966531816,0.10202209255384584,0.18129105655253602,0.10202209255384584,0.19303460677456855,0.10202209255384584,False,False,False
2026-01-22,short,689.4,0.2581955323469644,0.02030751378009666,0.2581955323469644,0.02030751378009666,0.31186539019436865,0.02030751378009666,True,False,False
2026-01-22,short,688.58,0.13941735165122954,0.020331697115801555,0.17427168956403694,0.020331697115801555,0.23381451683174267,0.020331697115801555,False,False,False
2026-01-22,short,687.96,0.04942147799291118,0.11047153904296628,0.08430722716437596,0.11047153904296628,0.14390371533228807,0.11047153904296628,False,False,False
2026-01-22,long,688.77,0.09146739840585326,0.007985249067170462,0.10453416960669415,0.007985249067170462,0.10453416960669415,0.01451863466759916,False,False,False
2026-01-22,long,689.29,0.029015363635051354,0.07979224999636648,0.029015363635051354,0.0899476272686394,0.029015363635051354,0.10300454090439767,False,False,False
2026-01-22,long,689.32,0.024661985725056443,0.08414089247374816,0.024661985725056443,0.09429582777231053,0.024661985725056443,0.10735217315615521,False,False,False
2026-01-23,short,687.685,0.015268618626246684,0.14614249256565276,0.015268618626246684,0.23630005016831837,0.015268618626246684,0.2552040541817997,False,False,False
2026-01-23,long,688.83,0.08855595720279512,0.008710422019955448,0.08855595720279512,0.008710422019955448,0.08855595720279512,0.049359058113036855,False,False,False
2026-01-23,long,688.995,0.06458682573894585,0.032656260205084615,0.06458682573894585,0.032656260205084615,0.06458682573894585,0.07329516179362629,False,False,False
2026-01-23,long,688.97,0.06821777435882945,0.010160094053449356,0.06821777435882945,0.010160094053449356,0.06821777435882945,0.08998940447334491,False,False,False
2026-01-23,short,688.56,0.07334146624840181,0.0784245381666198,0.09730451957708247,0.0784245381666198,0.1205414197745915,0.0784245381666198,False,False,False
2026-01-23,short,688.9184,0.1253268892223041,0.026360161087293225,0.1630672079596162,0.026360161087293225,0.17250228764393596,0.026360161087293225,False,False,False
2026-01-26,long,692.55,0.12129088152480426,0.008663634394620668,0.12273482059057438,0.008663634394620668,0.12273482059057438,0.024546964118108305,False,False,False
2026-01-26,long,692.7199,0.09673462535144925,0.011534243494385829,0.09817821026939241,0.011534243494385829,0.09817821026939241,0.049067451360940685,False,False,False
2026-01-26,long,692.86,0.07793782293680737,0.020927748751548913,0.07793782293680737,0.04907196258984958,0.07793782293680737,0.06927806483272497,False,False,False
2026-01-27,short,694.01,0.010806760709506416,0.05763605711732933,0.010806760709506416,0.14553104422126353,0.010806760709506416,0.21181250990620126,False,False,False
2026-01-27,long,694.38,0.13969296350701738,0.0028802672888017813,0.15841470088424534,0.0028802672888017813,0.15841470088424534,0.0028802672888017813,False,False,False
2026-01-27,long,694.48,0.14399262757746803,0.0,0.14399262757746803,0.0,0.14399262757746803,0.0,False,False,False
2026-01-27,long,694.818,0.09527674873132742,0.0011513806493266149,0.09527674873132742,0.0011513806493266149,0.09527674873132742,0.04432815499886197,False,False,False
2026-01-27,short,695.09,0.023018601907678408,0.018702614049978486,0.023018601907678408,0.05383475521155152,0.023018601907678408,0.087758419772981,False,False,False
2026-01-27,short,695.1,0.024456912674445802,0.0136670982592472,0.024456912674445802,0.052395338800170124,0.024456912674445802,0.08631851532153974,False,False,False
2026-01-28,short,697.135,0.008606654378268977,0.10112818894475832,0.03370939631491944,0.10112818894475832,0.03370939631491944,0.10112818894475832,False,False,False
2026-01-28,long,697.415,0.003584666231740205,0.08961665579317911,0.003584666231740205,0.13693425005196724,0.003584666231740205,0.1880515905163941,False,False,False
2026-01-28,short,696.9,0.08322571387572496,0.021523891519583477,0.12483857081360375,0.021523891519583477,0.12483857081360375,0.021523891519583477,False,False,False
2026-01-28,short,696.835,0.09256136675109342,0.024941341924546657,0.11552232594517549,0.024941341924546657,0.11552232594517549,0.024941341924546657,False,False,False
2026-01-28,long,696.02,0.03807361857417694,0.07327375650124866,0.03807361857417694,0.10631878394299146,0.03807361857417694,0.13505359041406007,False,False,False
2026-01-28,long,696.175,0.015800624842893476,0.0955219592774753,0.015800624842893476,0.1285596294035238,0.015800624842893476,0.1572880382087713,False,False,False
2026-01-29,short,693.17,0.1356088693971091,0.12262504147612024,0.14715004977133775,0.12262504147612024,0.43351558780674226,0.12262504147612024,True,False,False
2026-01-29,short,692.58,0.05053567818880457,0.20791821883391678,0.06208669034625078,0.20791821883391678,0.3537497473216156,0.20791821883391678,True,False,False
2026-01-29,short,693.08,0.12552663473192194,0.13562647890574547,0.1601546718993498,0.13562647890574547,0.4891210249898982,0.13562647890574547,True,False,False
2026-01-29,long,690.185,0.10359541282410252,0.0014488868926434081,0.1543064540666712,0.0014488868926434081,0.17024420988576516,0.0014488868926434081,False,False,False
2026-01-29,long,690.57,0.0477866110604178,0.03475389895304011,0.11439825072041408,0.03475389895304011,0.11439825072041408,0.03475389895304011,False,False,False
2026-01-29,long,690.59,0.07095382209415269,0.03764896682546676,0.11149886329080666,0.03764896682546676,0.11149886329080666,0.03764896682546676,False,False,False
2026-01-30,long,693.45,0.005768260148527452,0.23361453601557494,0.005768260148527452,0.23361453601557494,0.005768260148527452,0.23361453601557494,False,False,False
2026-01-30,short,692.66,0.20760546299771723,0.008662258539551746,0.20760546299771723,0.1183842000404311,0.20760546299771723,0.2006756561660824,False,False,False
2026-01-30,short,692.34,0.16148135309241873,0.040442557125108,0.16148135309241873,0.16610335962099215,0.16148135309241873,0.24698847387120818,False,False,False
2026-01-30,short,691.83,0.08788286139659467,0.11418990214358492,0.08788286139659467,0.23994333868146336,0.08788286139659467,0.3208880794414688,False,False,False
2026-01-30,long,693.56,0.03460407174577673,0.08218467039620744,0.03460407174577673,0.14418363227406425,0.03460407174577673,0.2530422746409821,False,False,False
2026-01-30,long,693.51,0.04181626797017543,0.07498089429135583,0.04181626797017543,0.13698432610921912,0.04181626797017543,0.3273204423872737,False,False,False
2026-02-02,long,694.36,0.07719338671581664,0.017282101503543486,0.12529523590068617,0.017282101503543486,0.18866294141366804,0.017282101503543486,False,False,False
2026-02-02,long,694.51,0.06767361161106784,0.03887633007443835,0.10367021353184652,0.03887633007443835,0.1670242329124085,0.03887633007443835,False,False,False
2026-02-02,long,694.39,0.12096948400755077,0.02160169357277283,0.17137343567736496,0.02160169357277283,0.18433445182101882,0.02160169357277283,False,False,False
2026-02-03,short,695.835,0.0856812319012506,0.04526935264824863,0.3197597131503909,0.04526935264824863,0.5274238864098634,0.04526935264824863,True,True,False
2026-02-03,short,694.765,0.32169150720027834,0.009355681417465556,0.3742272566983113,0.009355681417465556,0.3900599483278571,0.009355681417465556,True,False,False
2026-02-03,short,694.32,0.2894918769443635,0.012962322848242617,0.3218976840649864,0.012962322848242617,0.34278142643161585,0.012962322848242617,True,False,False
2026-02-04,short,687.95,0.20931753761175295,0.06105094847008635,0.20931753761175295,0.18460643942146693,0.20931753761175295,0.24275019986917057,False,False,False
2026-02-04,short,688.17,0.24121946612028544,0.0029062586279691785,0.24121946612028544,0.18018803493323005,0.24121946612028544,0.21070375052676601,False,False,False
2026-02-04,short,687.28,0.11203585147246856,0.1222209288790641,0.11203585147246856,0.3361075544174222,0.11203585147246856,0.3404725875916703,False,False,False
2026-02-04,long,689.79,0.07248582902042651,0.12902477565635723,0.07248582902042651,0.33053538033314095,0.07248582902042651,0.3580799953608944,False,False,False
2026-02-04,long,689.67,0.06089869067816097,0.1449968825670248,0.06089869067816097,0.34074267403249514,0.0869981295402182,0.34074267403249514,False,False,False
2026-02-04,long,689.5,0.08556925308194806,0.19434372733865582,0.08556925308194806,0.31617113850615663,0.11167512690355066,0.31617113850615663,False,False,False
2026-02-05,long,682.46,0.1318758608563106,0.16997333177037216,0.18023034317029835,0.16997333177037216,0.18023034317029835,0.2271195381414395,False,False,False
2026-02-05,long,681.54,0.2670422865862679,0.0352143674619258,0.31546204184642,0.0352143674619258,0.31546204184642,0.1349884086040378,True,False,False
2026-02-05,short,679.22,0.11042077677335767,0.10600394570242737,0.27089897235064214,0.10600394570242737,0.3710138099584791,0.10600394570242737,True,False,False
2026-02-05,short,679.46,0.1663085391340175,0.042680952521114354,0.32820180731757836,0.042680952521114354,0.40620492744237935,0.042680952521114354,True,False,False
2026-02-05,short,679.18,0.12515091728259212,0.08392473276598988,0.3504225683912947,0.08392473276598988,0.3651462057186467,0.08392473276598988,True,False,False
2026-02-05,long,679.66,0.12344407497867398,0.030897801842086146,0.15743165700498044,0.030897801842086146,0.15743165700498044,0.030897801842086146,False,False,False
2026-02-06,short,683.9414,0.03968176220946489,0.22642290699173417,0.12156012196366976,0.22642290699173417,0.12156012196366976,0.2673620868688366,False,False,False
2026-02-06,short,683.97,0.057020044738802345,0.2222319692384142,0.12573650891121155,0.2222319692384142,0.12573650891121155,0.2631694372560133,False,False,False
2026-02-06,short,684.21,0.05553850426038723,0.21923093786995218,0.05553850426038723,0.22800017538474232,0.05553850426038723,0.2338463337279357,False,False,False
2026-02-06,long,684.37,0.2104124961643469,0.03652994725075617,0.2893171822259915,0.03652994725075617,0.2893171822259915,0.03652994725075617,True,False,False
2026-02-06,long,685.37,0.06419889986429825,0.06711703167632613,0.14298845878868613,0.06711703167632613,0.1546609860367313,0.06711703167632613,False,False,False
2026-02-06,long,685.79,0.18227154085069774,0.05249420376500294,0.22893305530848365,0.05249420376500294,0.25226381253736835,0.05249420376500294,True,False,False
2026-02-09,long,690.38,0.1680234073988192,0.02317564239983316,0.22596251339842685,0.02317564239983316,0.2657956487731447,0.02317564239983316,True,False,False
2026-02-09,long,690.45,0.19407632703308247,0.027518285176342173,0.2158012890144122,0.027518285176342173,0.2780795133608457,0.027518285176342173,True,False,False
2026-02-09,long,690.92,0.14762924795925658,0.09552480750303483,0.14762924795925658,0.09552480750303483,0.21854918080240707,0.09552480750303483,False,False,False
2026-02-10,short,694.23,0.11163447272517425,0.0,0.11163447272517425,0.064820016421061,0.11163447272517425,0.2319116143064998,False,False,False
2026-02-10,short,693.98,0.07565059511801166,0.031701201763743525,0.07565059511801166,0.1253638433384254,0.07565059511801166,0.2723421424248518,False,False,False
2026-02-10,long,695.88,0.04023682244064677,0.05460711616945385,0.07975513019485399,0.05460711616945385,0.07975513019485399,0.1523251135253126,False,False,False
2026-02-10,long,696.0712,0.0012642384859572924,0.08206057081516606,0.05226476831679996,0.08206057081516606,0.05226476831679996,0.19555470762185534,False,False,False
2026-02-10,long,695.74,0.016529163193148174,0.034495644924829545,0.0998936384281393,0.034495644924829545,0.0998936384281393,0.1480438094690506,False,False,False
2026-02-10,short,694.92,0.08921890289529796,0.0359753640706844,0.08921890289529796,0.057560582513108124,0.11943820871466174,0.057560582513108124,False,False,False
2026-02-11,short,695.48,0.04816817162248179,0.129407028239486,0.07764421694368832,0.129407028239486,0.1452234428020922,0.129407028239486,False,False,False
2026-02-11,short,695.11,0.1877400699170007,0.05179036411503411,0.2618290630260031,0.05179036411503411,0.4006560112787858,0.05179036411503411,True,False,False
2026-02-11,short,694.41,0.14184703561296838,0.05040249996400149,0.19152949986318274,0.05040249996400149,0.5155455710603141,0.05040249996400149,True,True,False
2026-02-11,long,693.23,0.03173549904072635,0.18031533545865008,0.03173549904072635,0.24955642427477434,0.03173549904072635,0.24955642427477434,False,False,False
2026-02-11,long,693.24,0.030292539380306443,0.20483526628584026,0.030292539380306443,0.2509953262939255,0.030292539380306443,0.2509953262939255,False,False,False
2026-02-11,long,693.29,0.017308774106074593,0.258189213748931,0.017308774106074593,0.258189213748931,0.017308774106074593,0.258189213748931,False,False,False
2026-02-12,short,693.85,0.1138574619874724,0.05620811414570676,0.16718310874107778,0.05620811414570676,0.2205087554946995,0.05620811414570676,False,False,False
2026-02-12,short,693.7,0.09225890154246792,0.041804814761419,0.16938157705060805,0.041804814761419,0.19893325645091472,0.041804814761419,False,False,False
2026-02-12,short,693.65,0.08505730555756244,0.04901607438910573,0.19173934981617924,0.04901607438910573,0.19173934981617924,0.04901607438910573,False,False,False
2026-02-13,short,678.76,0.18268607460663697,0.5436383994342705,0.18268607460663697,0.671813306617959,0.18268607460663697,0.671813306617959,False,False,False
2026-02-13,short,678.19,0.09879237381855714,0.6281425559209057,0.09879237381855714,0.7564251905808099,0.09879237381855714,0.7564251905808099,False,False,False
2026-02-13,short,678.22,0.0007372239096451671,0.7519683878387577,0.0007372239096451671,0.7519683878387577,0.0007372239096451671,0.7519683878387577,False,False,False
2026-02-13,long,682.45,0.06593889662245318,0.18609421935674342,0.06593889662245318,0.2857352186973471,0.06593889662245318,0.29159645395267186,False,False,False
2026-02-13,long,682.59,0.04541525659619177,0.303256713400438,0.04541525659619177,0.3061867299550289,0.04541525659619177,0.31204676306421064,False,False,False
2026-02-13,long,682.75,0.016111314536801705,0.3295496155254486,0.016111314536801705,0.33540827535700674,0.016111314536801705,0.33540827535700674,False,False,False
2026-02-17,short,680.28,0.46010466278591106,0.04997942023872991,0.5894631622273169,0.04997942023872991,0.5894631622273169,0.04997942023872991,True,True,False
2026-02-17,short,678.48,0.2240301851196766,0.05600754627991915,0.32572809810164427,0.05600754627991915,0.32572809810164427,0.05600754627991915,True,False,False
2026-02-17,short,678.53,0.23138254756605256,0.0486345482145286,0.33307296656006236,0.0486345482145286,0.33307296656006236,0.0486345482145286,True,False,False
2026-02-17,long,680.41,0.21237195220529534,0.04556076483296034,0.31892535383078924,0.04556076483296034,0.3660586999015389,0.04556076483296034,True,False,False
2026-02-17,long,680.36,0.25280733729202587,0.01028867070375243,0.3262978423187764,0.01028867070375243,0.38068081603857246,0.01028867070375243,True,False,False
2026-02-17,long,680.64,0.28502585801599295,0.04260695815702333,0.28502585801599295,0.04260695815702333,0.3819934179595708,0.04260695815702333,True,False,False
2026-02-18,long,684.965,0.07226646616980496,0.19052068353858426,0.07226646616980496,0.20511996963349755,0.20511996963348095,0.20511996963349755,False,False,False
2026-02-18,long,685.3,0.023347439077788103,0.25390339997081707,0.029184298847226835,0.25390339997081707,0.15759521377499502,0.25390339997081707,False,False,False
2026-02-18,long,685.01,0.03941548298564719,0.21167574195997801,0.09926862381572002,0.21167574195997801,0.23211339980438705,0.21167574195997801,False,False,False
2026-02-18,short,686.46,0.0014567491186654581,0.09614544183200305,0.0014567491186654581,0.13402091891733808,0.0014567491186654581,0.13547766803600356,False,False,False
2026-02-18,short,686.89,0.04949846409178061,0.03639592947924704,0.04949846409178061,0.07279185895849408,0.04949846409178061,0.07279185895849408,False,False,False
2026-02-18,short,687.005,0.06622950342428963,0.05312916208761349,0.06622950342428963,0.05604034905131562,0.06622950342428963,0.05604034905131562,False,False,False
2026-02-19,short,683.37,0.09804351961601461,0.20194038368672834,0.09804351961601461,0.20194038368672834,0.09804351961601461,0.35120066728126453,False,False,False
2026-02-19,long,684.06,0.22951203110838964,0.002923720141505396,0.25728737245272415,0.002923720141505396,0.3099143349998545,0.002923720141505396,True,False,False
2026-02-19,long,684.37,0.20456770460423124,0.029223957800611582,0.21187369405439244,0.029223957800611582,0.2644768180954667,0.029223957800611582,True,False,False
2026-02-19,long,684.86,0.1401746342318191,0.07300762199573635,0.19274012206873467,0.07300762199573635,0.19274012206873467,0.08468884151506015,False,False,False
2026-02-19,short,683.63,0.12433626376841607,0.05851118294983796,0.1331129412108843,0.07167619911355691,0.1331129412108843,0.07167619911355691,False,False,False
2026-02-19,short,683.73,0.14771912889590788,0.0036564140815785857,0.14771912889590788,0.057040059672675815,0.14771912889590788,0.057040059672675815,False,False,False
2026-02-20,long,689.0,0.058055152394771735,0.6458635703918789,0.058055152394771735,0.6458635703918789,0.058055152394771735,0.6981132075471619,False,False,False
2026-02-20,long,687.61,0.011634502116031023,0.4450197059379676,0.05671819781562024,0.4450197059379676,0.05671819781562024,0.4973749654600659,False,False,False
2026-02-20,long,686.6,0.1427323041071975,0.29857267695893797,0.20390329158170364,0.29857267695893797,0.20390329158170364,0.35100495193707665,False,False,False
2026-02-20,short,685.51,0.15462940000874464,0.04668057358755525,0.20860381321934762,0.04668057358755525,0.20860381321934762,0.04668057358755525,False,False,False
2026-02-20,short,685.39,0.13714819299959743,0.02553290827121321,0.1911320562015707,0.02553290827121321,0.1911320562015707,0.10576460117597977,False,False,False
2026-02-20,short,685.27,0.15614283421132347,0.008755672946438501,0.17365418010418388,0.008755672946438501,0.17365418010418388,0.12329446787398433,False,False,False
2026-02-23,short,687.55,0.11490073449203166,0.06981310450149346,0.1279906915860658,0.08581194094975374,0.21960584684748782,0.08581194094975374,False,False,False
2026-02-23,short,687.26,0.07275267002298984,0.12804469924046147,0.11640427203677714,0.12804469924046147,0.1775019643220817,0.12804469924046147,False,False,False
2026-02-23,short,687.68,0.13378315495578746,0.06689157747790199,0.17740809678919173,0.06689157747790199,0.23846847370868687,0.06689157747790199,False,False,False
2026-02-24,long,684.34,0.16366133793143825,0.046760382266132335,0.16366133793143825,0.125668527340213,0.16366133793143825,0.3375515094835987,False,False,False
2026-02-24,long,684.44,0.1490269417333852,0.03798725965754552,0.1490269417333852,0.20381625854714736,0.1490269417333852,0.35211267605634994,False,False,False
2026-02-24,long,683.05,0.1727545567674495,0.004392065002558044,0.1727545567674495,0.011712173340154784,0.2971963985067106,0.011712173340154784,True,False,False
2026-02-25,long,691.72,0.03903313479442286,0.06360955299833092,0.03903313479442286,0.12721910599664538,0.03903313479442286,0.12721910599664538,False,False,False
2026-02-25,long,691.68,0.04481841313903238,0.05783021050196294,0.04481841313903238,0.12144344205411725,0.04481841313903238,0.12433495257921294,False,False,False
2026-02-25,long,691.62,0.053497585379255155,0.09036754287036233,0.053497585379255155,0.11277869350220825,0.053497585379255155,0.15181747202220214,False,False,False
2026-02-25,short,690.565,0.03475415058683962,0.04127055382186588,0.045614822645233186,0.04127055382186588,0.045614822645233186,0.04127055382186588,False,False,False
2026-02-25,short,690.49,0.023896073802656608,0.0521368882967188,0.034757925531145865,0.0521368882967188,0.034757925531145865,0.0521368882967188,False,False,False
2026-02-25,short,690.64,0.045609869106906765,0.030406579404615483,0.056469361751417,0.030406579404615483,0.056469361751417,0.040542105872809674,False,False,False
2026-02-26,short,691.21,0.07812386973569209,0.05352931815222646,0.09114451469162706,0.05352931815222646,0.2365417166996992,0.05352931815222646,False,False,False
2026-02-26,short,691.06,0.06945851300898685,0.07524672242643121,0.09261135067866558,0.07524672242643121,0.21488727462158136,0.07524672242643121,False,False,False
2026-02-26,short,689.757,0.011163351731116638,0.1278711198291662,0.09960029401657369,0.1278711198291662,0.39824169961304956,0.1278711198291662,True,False,False
2026-02-26,long,688.45,0.04212361101023511,0.04560970295592682,0.09441499019536309,0.04560970295592682,0.09441499019536309,0.04560970295592682,False,False,False
2026-02-26,long,688.75,0.027586206896559645,0.04500907441015542,0.027586206896559645,0.1684210526315743,0.027586206896559645,0.22214156079854416,False,False,False
2026-02-26,long,688.81,0.01887312901962938,0.053715828748114994,0.01887312901962938,0.2084754867089505,0.01887312901962938,0.25115779387638165,False,False,False
2026-02-27,short,681.79,0.0073336364569668855,0.30287918567301586,0.0073336364569668855,0.30287918567301586,0.0073336364569668855,0.30287918567301586,False,False,False
2026-02-27,short,682.615,0.059330662232733346,0.18165437325578973,0.059330662232733346,0.18165437325578973,0.059330662232733346,0.18165437325578973,False,False,False
2026-02-27,short,682.71,0.03515401854374611,0.16771396346911305,0.03515401854374611,0.16771396346911305,0.03515401854374611,0.20067085585387712,False,False,False
2026-02-27,long,683.93,0.2178585527758702,0.016083517319009248,0.2280935183425291,0.016083517319009248,0.2280935183425291,0.048250551957060996,False,False,False
2026-02-27,long,684.34,0.16804512376888348,0.011690095566537237,0.16804512376888348,0.03945407253704033,0.16804512376888348,0.10813338399041546,False,False,False
2026-02-27,long,684.34,0.16804512376888348,0.004383785837461847,0.16804512376888348,0.04091533448287202,0.16804512376888348,0.10813338399041546,False,False,False
2026-03-02,long,683.23,0.0117090877156927,0.19759085520249736,0.0117090877156927,0.19759085520249736,0.18441813152232642,0.19759085520249736,False,False,False
2026-03-02,long,684.32,0.09060088847322956,0.06575870937573729,0.1468611176057978,0.06575870937573729,0.15197568389057217,0.06575870937573729,False,False,False
2026-03-02,long,684.26,0.09937742963202054,0.054073013182124416,0.155642591997202,0.054073013182124416,0.16075760675766854,0.054073013182124416,False,False,False
2026-03-03,short,673.44,0.17670468044667,0.2019482062247416,0.17670468044667,0.2019482062247416,0.22125207887859483,0.2019482062247416,False,False,False
2026-03-03,short,674.13,0.2788779612240956,0.09938735852134738,0.2788779612240956,0.09938735852134738,0.3233797635470829,0.09938735852134738,True,False,False
2026-03-03,short,674.55,0.34096805277591796,0.022237046920182486,0.34096805277591796,0.022237046920182486,0.38544214661624926,0.022237046920182486,True,False,False
2026-03-03,long,674.7942,0.0719923200288216,0.082128743845166,0.20388438430560202,0.082128743845166,0.2372278837014212,0.082128743845166,False,False,False
2026-03-03,long,674.57,0.16899654594778693,0.04892005277436603,0.23718813466354996,0.04892005277436603,0.29796759417110025,0.04892005277436603,True,False,False
2026-03-03,long,674.64,0.1586031068421751,0.05929088106248921,0.2267876200640301,0.05929088106248921,0.28756077315309714,0.05929088106248921,True,False,False
2026-03-04,short,680.57,0.13958887403206802,0.029387131375160788,0.13958887403206802,0.17044536197598603,0.13958887403206802,0.17301673597130277,False,False,False
2026-03-04,long,682.32,0.038105287841480665,0.21251025911596397,0.1553523273537263,0.21251025911596397,0.2447531949818207,0.21251025911596397,False,False,False
2026-03-04,long,682.075,0.15438184950335332,0.17666678884287518,0.2411758237730428,0.17666678884287518,0.2983542865520607,0.17666678884287518,True,False,False
2026-03-04,long,681.56,0.2596983391044216,0.02787722284170739,0.32278889606198213,0.02787722284170739,0.47831445507367,0.02787722284170739,True,False,False
2026-03-05,long,683.88,0.24127039831549063,0.002924489676548782,0.24127039831549063,0.09504591448791853,0.24127039831549063,0.14403111657016052,False,False,False
2026-03-05,long,684.55,0.14315973997516884,0.020451391425021746,0.14315973997516884,0.2388430355708116,0.14315973997516884,0.24176466291724094,False,False,False
2026-03-05,long,685.0,0.07737226277371864,0.11824817518247378,0.07737226277371864,0.3072992700729954,0.07737226277371864,0.3072992700729954,False,False,False
2026-03-05,short,682.84,0.2841075508171833,0.0014644719114274068,0.47888231503719486,0.0014644719114274068,0.5154941128229134,0.0014644719114274068,True,True,False
2026-03-05,short,682.62,0.2519703495356168,0.021974158389730342,0.46585215786234657,0.021974158389730342,0.48343148457413415,0.021974158389730342,True,False,False
2026-03-05,short,682.36,0.2476698516911974,0.008793012486069732,0.445512632627933,0.008793012486069732,0.445512632627933,0.008793012486069732,True,False,False
2026-03-06,short,670.91,0.010433590198377776,0.3308938605774288,0.01773710333724561,0.3308938605774288,0.01773710333724561,0.37560924714193883,False,False,False
2026-03-06,long,672.7,0.01486546751893995,0.28378177493682055,0.12171844804519252,0.28378177493682055,0.16500668946036864,0.28378177493682055,False,False,False
2026-03-06,long,672.2,0.16364177328174784,0.20961023504909132,0.1961916096399896,0.20961023504909132,0.32133293662599943,0.20961023504909132,True,False,False
2026-03-06,long,673.3,0.06970147036983355,0.10099509876725828,0.1574335363136877,0.10099509876725828,0.25248774691817105,0.10099509876725828,True,False,False
2026-03-06,short,672.3,0.04016064257027842,0.1427041499330765,0.04016064257027842,0.24840101145323112,0.04016064257027842,0.24840101145323112,False,False,False
2026-03-06,short,672.25,0.009252510226844422,0.18891781331349672,0.009252510226844422,0.2558571959836411,0.009252510226844422,0.2558571959836411,False,False,False
2026-03-09,short,662.94,0.08296376746011225,0.09804808881648071,0.08296376746011225,0.1870455848191232,0.08296376746011225,0.4102935408935821,False,False,False
2026-03-09,short,663.5,0.16729464958553333,0.01657874905802768,0.16729464958553333,0.1024868123586963,0.16729464958553333,0.3255463451394074,False,False,False
2026-03-09,short,663.1301,0.1116070587053708,0.12665689583387288,0.1116070587053708,0.15832488979160797,0.1116070587053708,0.3815088472081116,False,False,False
2026-03-09,long,664.96,0.23460057747833632,0.030076997112615116,0.34107314725696514,0.030076997112615116,0.41957410972087994,0.030076997112615116,True,False,False
2026-03-09,long,665.84,0.11414153550402362,0.06758380391686374,0.2868557010693212,0.06758380391686374,0.3394208818935466,0.06758380391686374,True,False,False
2026-03-09,long,665.86,0.11113447271198286,0.036043612771454826,0.28384345057519395,0.036043612771454826,0.33640705253356695,0.036043612771454826,True,False,False
2026-03-10,short,675.94,0.14730597390301745,0.0355061100097487,0.14730597390301745,0.16125691629433353,0.17457170754801662,0.16125691629433353,False,False,False
2026-03-10,short,675.64,0.10296903676513944,0.0902847670357015,0.1302468770351068,0.2057308625895427,0.1302468770351068,0.2057308625895427,False,False,False
2026-03-10,short,675.83,0.1310536673423853,0.15536451474482554,0.15832383883521742,0.17755944542265537,0.15832383883521742,0.17755944542265537,False,False,False
2026-03-10,long,677.59,0.1593884207263872,0.03689546776074027,0.2671231865877515,0.03689546776074027,0.39256777697427175,0.03689546776074027,True,False,False
2026-03-10,long,677.72,0.2095260579590331,0.05607035353833374,0.2729740895945262,0.05607035353833374,0.37331051171574875,0.05607035353833374,True,False,False
2026-03-10,long,679.17,0.11926321834004139,0.027857531987560455,0.17374147856943972,0.027857531987560455,0.2164406555059893,0.027857531987560455,False,False,False
2026-03-11,long,678.33,0.0029484174369380405,0.17395662877951196,0.0029484174369380405,0.32432591806348615,0.0029484174369380405,0.32432591806348615,False,False,False
2026-03-11,long,678.19,0.008847078252399096,0.18578864330056538,0.008847078252399096,0.30374968666598723,0.008847078252399096,0.30374968666598723,False,False,False
2026-03-11,short,676.92,0.11670507593215795,0.10776753530698312,0.11670507593215795,0.18465993027241034,0.11670507593215795,0.4668203037286654,False,False,False
2026-03-11,short,676.6157,0.07178373188797595,0.1527898332835082,0.07178373188797595,0.2297168097045357,0.07178373188797595,0.5120040814896986,False,False,False
2026-03-11,short,676.71,0.08570879697359886,0.13883347371842483,0.08570879697359886,0.4684429075970444,0.08570879697359886,0.49799766517415206,False,False,False
2026-03-11,long,679.33,0.010304270384045506,0.2208057939440331,0.010304270384045506,0.34004092267381963,0.010304270384045506,0.35181723168415735,False,False,False
2026-03-12,short,669.16,0.031382628967649394,0.26152190806384124,0.14600394524478083,0.26152190806384124,0.14600394524478083,0.26152190806384124,False,False,False
2026-03-12,short,669.52,0.0716931533038622,0.20761142310909103,0.19969530409845695,0.20761142310909103,0.19969530409845695,0.20910503046958676,False,False,False
2026-03-12,short,670.18,0.25813960428540167,0.10892596018980247,0.297979647258939,0.10892596018980247,0.297979647258939,0.11041809663075727,True,False,False
2026-03-12,long,670.99,0.03129703870400995,0.2548473151611852,0.03129703870400995,0.2906153593943346,0.03129703870400995,0.45753289914902606,False,False,False
2026-03-12,long,670.945,0.007452175662677942,0.2839278927483007,0.007452175662677942,0.2839278927483007,0.007452175662677942,0.4523470627249747,False,False,False
2026-03-12,long,670.44,0.013424020046524392,0.20881808961280512,0.013424020046524392,0.23119145635702942,0.013424020046524392,0.4012290436131577,False,False,False
2026-03-13,long,671.03,0.19447714707242056,0.018359834880705347,0.19447714707242056,0.05811960717106335,0.19447714707242056,0.08345379491229088,False,False,False
2026-03-13,long,671.67,0.09900695281910422,0.08784075513271669,0.09900695281910422,0.153349114892726,0.09900695281910422,0.19354742656363313,False,False,False
2026-03-13,long,671.92,0.061763305155387145,0.1890105964995806,0.061763305155387145,0.19049886891296178,0.061763305155387145,0.2306822240742878,False,False,False
2026-03-13,short,669.76,0.14632107023411645,0.0851051122790328,0.20156473960822127,0.0851051122790328,0.3030936454849458,0.0851051122790328,True,False,False
2026-03-13,short,670.15,0.20443184361710132,0.02685965828546798,0.34171454152054964,0.02685965828546798,0.36111318361560235,0.02685965828546798,True,False,False
2026-03-13,short,669.69,0.13588376711614056,0.01642551031072585,0.29267272917320497,0.01642551031072585,0.29267272917320497,0.01642551031072585,True,False,False
2026-03-16,long,670.34,0.08204791598292725,0.04326162842737675,0.15812871080346472,0.04326162842737675,0.15812871080346472,0.04326162842737675,False,False,False
2026-03-16,short,669.1,0.1524435809296042,0.02092362875504205,0.1942908384397053,0.02092362875504205,0.22791809893886972,0.02092362875504205,False,False,False
2026-03-16,short,668.35,0.04488666118052939,0.06433754769207002,0.08229221216429539,0.06433754769207002,0.11595720804967118,0.13690431660057809,False,False,False
2026-03-16,short,668.4,0.0523638539796563,0.05385996409335932,0.11819269898263969,0.05385996409335932,0.12342908438060021,0.12941352483542926,False,False,False
2026-03-16,long,670.17,0.04178044376801206,0.07162361788798433,0.06267066565200961,0.07162361788798433,0.07013145918200267,0.07162361788798433,False,False,False
2026-03-16,long,670.005,0.07388004567130164,0.04701457451809179,0.08731278124790658,0.04701457451809179,0.09477541212378876,0.04701457451809179,False,False,False
2026-03-17,short,673.49,0.14402589496503695,0.009651219765689303,0.2182660470088683,0.009651219765689303,0.2865669868891986,0.009651219765689303,True,False,False
2026-03-17,short,673.44,0.15294606794964455,0.017076502732224906,0.27916369684012077,0.017076502732224906,0.27916369684012077,0.017076502732224906,True,False,False
2026-03-17,short,673.24,0.12328441566158294,0.04678866377516797,0.24953954013428548,0.04678866377516797,0.24953954013428548,0.04678866377516797,False,False,False
2026-03-18,long,668.96,0.029897153790948903,0.15397034202345228,0.061289165271461395,0.16891891891891825,0.061289165271461395,0.27355895718728185,False,False,False
2026-03-18,short,668.47,0.04039074304007387,0.13463581013358525,0.20045776175445898,0.13463581013358525,0.20045776175445898,0.13463581013358525,False,False,False
2026-03-18,short,668.27,0.04638843581186428,0.1646041270743895,0.17058973169527084,0.1646041270743895,0.17058973169527084,0.1646041270743895,False,False,False
2026-03-18,short,668.72,0.13309008254575702,0.09720062208397794,0.2377676755592822,0.09720062208397794,0.2377676755592822,0.09720062208397794,False,False,False
2026-03-19,long,656.31,0.20417180905365329,0.015236702168168864,0.36415718181958223,0.015236702168168864,0.4037726074568559,0.015236702168168864,True,False,False
2026-03-19,long,657.36,0.044115857368863885,0.12169891687965015,0.20384568577340145,0.12169891687965015,0.24339783375928298,0.12169891687965015,False,False,False
2026-03-19,long,657.19,0.06999497862108715,0.09586268811152164,0.22976612547360595,0.09586268811152164,0.26932850469422565,0.09586268811152164,True,False,False
2026-03-19,short,656.1475,0.016383511329399678,0.3646283800517303,0.016383511329399678,0.4444884724852153,0.016383511329399678,0.4444884724852153,False,False,False
2026-03-19,short,656.34,0.012188804582996758,0.41502879605081705,0.012188804582996758,0.41502879605081705,0.012188804582996758,0.41502879605081705,False,False,False
2026-03-19,short,656.58,0.015230436504313674,0.378324042767054,0.015230436504313674,0.378324042767054,0.015230436504313674,0.378324042767054,False,False,False
2026-03-20,long,656.0,0.012195121951225752,0.3140243902438941,0.012195121951225752,0.45731707317073167,0.012195121951225752,0.5365853658536558,False,False,False
2026-03-20,long,655.53,0.007627415984023342,0.24865376107882103,0.007627415984023342,0.4073040135462846,0.007627415984023342,0.46527237502478214,False,False,False
2026-03-20,short,654.51,0.25209698858687835,0.027501489664033194,0.31015568898870494,0.027501489664033194,0.31015568898870494,0.027501489664033194,True,False,False
2026-03-20,short,654.22,0.2659655773287287,0.00764268900369211,0.2659655773287287,0.00764268900369211,0.3179358625538872,0.00764268900369211,True,False,False
2026-03-20,short,653.87,0.2125804823588766,0.009176135929151886,0.2125804823588766,0.009176135929151886,0.29363634973312114,0.009176135929151886,True,False,False
2026-03-20,long,653.34,0.04744849542350773,0.07346863807512446,0.04744849542350773,0.0780604279548154,0.09948878072672379,0.0780604279548154,False,False,False
2026-03-23,long,658.89,0.056155048642414454,0.22765560260438011,0.18515989011823328,0.22765560260438011,0.20640774636130668,0.22765560260438011,False,False,False
2026-03-23,long,658.01,0.2370784638531419,0.09422349204419454,0.31914408595614396,0.09422349204419454,0.3510584945517635,0.09422349204419454,True,False,False
2026-03-23,long,658.4,0.17770352369381423,0.15340218712029025,0.25972053462941014,0.15340218712029025,0.3128797083839701,0.15340218712029025,True,False,False
2026-03-23,short,659.0,0.13353566009104637,0.06828528072838323,0.28831562974202996,0.06828528072838323,0.4711684370257994,0.06828528072838323,True,False,False
2026-03-23,short,659.01,0.13505106144064374,0.06676681689201296,0.28982868241756093,0.06676681689201296,0.48254199481038984,0.06676681689201296,True,False,False
2026-03-23,short,659.23,0.16837825948455223,0.006826145654772851,0.3989502904904199,0.006826145654772851,0.51575322724997,0.006826145654772851,True,True,False
2026-03-24,short,650.76,0.11063986723216351,0.13476550494805345,0.13368983957219321,0.13476550494805345,0.13368983957219321,0.24893970127235918,False,False,False
2026-03-24,short,650.86,0.13520572780628637,0.11938051193804043,0.14903358633193425,0.11938051193804043,0.14903358633193425,0.23353716621085668,False,False,False
2026-03-24,long,652.32,0.19403053715966462,0.10884228599460945,0.19403053715966462,0.11880672062792662,0.19403053715966462,0.11880672062792662,False,False,False
2026-03-24,long,651.75,0.2816570771001112,0.021480629075563692,0.2816570771001112,0.03145377828922761,0.2816570771001112,0.03145377828922761,True,False,False
2026-03-24,long,652.32,0.19403053715966462,0.007664949717940307,0.19403053715966462,0.11880672062792662,0.19403053715966462,0.11880672062792662,False,False,False
2026-03-24,short,653.03,0.0735035143867844,0.05206498935730852,0.0735035143867844,0.05206498935730852,0.0735035143867844,0.0551276357900883,False,False,False
2026-03-25,short,658.49,0.24146152561163145,0.02885389299760678,0.2862609910552918,0.02885389299760678,0.42825251712251516,0.02885389299760678,True,False,False
2026-03-25,short,658.29,0.24457306050525052,0.00759543666166404,0.28406933114584826,0.00759543666166404,0.3980008810706535,0.00759543666166404,True,False,False
2026-03-25,short,657.82,0.1847009820315636,0.016721899607780238,0.3268371286978339,0.016721899607780238,0.3268371286978339,0.016721899607780238,True,False,False
2026-03-25,long,658.27,0.10709891078129656,0.06380360642289017,0.10709891078129656,0.06380360642289017,0.14887508165342764,0.06380360642289017,False,False,False
2026-03-25,long,658.44,0.1230180426462465,0.009112447603435258,0.1230180426462465,0.009112447603435258,0.1230180426462465,0.009112447603435258,False,False,False
2026-03-25,long,658.6,0.09869419981779187,0.03340419070756564,0.09869419981779187,0.03340419070756564,0.09869419981779187,0.03340419070756564,False,False,False
2026-03-26,long,653.42,0.10865905543142793,0.06274677848856297,0.18517951700285215,0.06274677848856297,0.1943619723914321,0.09794619081142089,False,False,False
2026-03-26,long,653.21,0.18906630333277408,0.0306180248312251,0.2173879763016425,0.0306180248312251,0.226573383751017,0.06582875338712874,False,False,False
2026-03-26,long,653.92,0.10857597259604178,0.10551749449473039,0.10857597259604178,0.12845608025445288,0.11775140689994121,0.17433325177391523,False,False,False
2026-03-26,short,652.54,0.2635853740766717,0.04903913936311184,0.2635853740766717,0.04903913936311184,0.2635853740766717,0.0567015048885899,True,False,False
2026-03-26,short,652.63,0.2773393806597836,0.035242020746827175,0.2773393806597836,0.035242020746827175,0.2773393806597836,0.042903329604825506,True,False,False
2026-03-26,short,651.61,0.042970488482370235,0.16420865241477822,0.042970488482370235,0.1995058393824457,0.042970488482370235,0.1995058393824457,False,False,False
2026-03-27,long,642.12,0.052949604435313,0.2849934591665173,0.052949604435313,0.5045785834423486,0.052949604435313,0.5491185448202757,False,False,False
2026-03-27,long,642.1197,0.05299634943454783,0.32933112003882936,0.05299634943454783,0.5490720811088518,0.05299634943454783,0.5490720811088518,False,False,False
2026-03-27,long,642.32,0.021795989537922895,0.37364553493587166,0.021795989537922895,0.5800846929879186,0.021795989537922895,0.5800846929879186,False,False,False
2026-03-27,short,639.04,0.06979218828240998,0.11579869804707205,0.06979218828240998,0.11579869804707205,0.06979218828240998,0.14711129193791148,False,False,False
2026-03-27,short,638.72,0.009393787575159556,0.16595691382764677,0.009393787575159556,0.16595691382764677,0.009393787575159556,0.1972851953907762,False,False,False
2026-03-27,short,639.03,0.057900255074097386,0.11736538190695273,0.057900255074097386,0.11736538190695273,0.057900255074097386,0.17526563698105013,False,False,False
2026-03-30,short,637.07,0.10987803538073451,0.06592682122843001,0.18836234636696836,0.06592682122843001,0.30294944040687266,0.06592682122843001,True,False,False
2026-03-30,short,635.98,0.19182993175886462,0.04559891820496928,0.19654706122834048,0.15252051951319653,0.19654706122834048,0.15252051951319653,False,False,False
2026-03-30,short,635.87,0.17928192869611498,0.06290593989337084,0.17928192869611498,0.1698460377121174,0.17928192869611498,0.1698460377121174,False,False,False
2026-03-30,long,637.98,0.1285306749427782,0.16928430358319083,0.1285306749427782,0.20847048496818724,0.1285306749427782,0.3793222358067765,False,False,False
2026-03-30,long,638.16,0.1002883289457168,0.23661777610630422,0.1002883289457168,0.2413187915256305,0.1002883289457168,0.4074213363419868,False,False,False
2026-03-30,long,638.29,0.07990098544548574,0.25693650221685854,0.07990098544548574,0.2945369659559128,0.07990098544548574,0.4277052750317283,False,False,False
2026-03-31,long,640.19,0.11871475655664582,0.17026195348256482,0.30772114528498,0.17026195348256482,0.37137412330713393,0.17026195348256482,True,False,False
2026-03-31,long,639.9,0.30160962650415124,0.12501953430222762,0.4031879981247134,0.12501953430222762,0.4391311142366087,0.12501953430222762,True,False,False
2026-03-31,long,640.2,0.25460793502030543,0.023430178069367532,0.36980631052795215,0.023430178069367532,0.42955326460481097,0.023430178069367532,True,False,False
2026-03-31,short,640.25,0.1843030066380242,0.03748535728231302,0.3295587661069916,0.03748535728231302,0.3545490042951943,0.03748535728231302,True,False,False
2026-03-31,short,639.995,0.17734513550886974,0.07734435425276831,0.3101586731146358,0.07734435425276831,0.3148462097360114,0.07734435425276831,True,False,False
2026-03-31,short,640.32,0.2529985007496259,0.006246876561713459,0.3654422788605747,0.006246876561713459,0.3654422788605747,0.006246876561713459,True,False,False
2026-04-01,short,653.26,0.03980038575758364,0.2447723724091551,0.03980038575758364,0.2447723724091551,0.03980038575758364,0.29391054097908326,False,False,False
2026-04-01,short,653.23,0.03214794176630534,0.24937617684429975,0.03214794176630534,0.24937617684429975,0.03214794176630534,0.2985166021156303,False,False,False
2026-04-01,long,654.71,0.08706144705288392,0.1145545355959127,0.08706144705288392,0.1145545355959127,0.08706144705288392,0.1145545355959127,False,False,False
2026-04-01,long,654.83,0.06872012583417555,0.1267504543163937,0.06872012583417555,0.1267504543163937,0.09773529007528464,0.1267504543163937,False,False,False
2026-04-01,long,654.72,0.11455278592375365,0.07331378299120513,0.11455278592375365,0.07331378299120513,0.13364491691104594,0.10080645161291571,False,False,False
2026-04-01,short,655.49,0.14569253535523669,0.012204610291543872,0.2532456635494009,0.012204610291543872,0.2532456635494009,0.012204610291543872,True,False,False
2026-04-02,short,645.3901,0.01550999930119747,0.25409438415618885,0.01550999930119747,0.3873471254052433,0.01550999930119747,0.5484899752878126,False,False,False
2026-04-02,long,647.75,0.276341181011187,0.004631416441524155,0.3625164029332335,0.004631416441524155,0.42763411810111646,0.004631416441524155,True,False,False
2026-04-02,long,648.37,0.23443404229066458,0.023134938383943933,0.26654533676758874,0.023134938383943933,0.33160078350324307,0.023134938383943933,True,False,False
2026-04-02,long,648.63,0.22635400767772448,0.04470961873486635,0.22635400767772448,0.04470961873486635,0.29138337727209446,0.04470961873486635,True,False,False
2026-04-06,long,657.33,0.09432096511645664,0.07150137678183367,0.1216131927646679,0.07150137678183367,0.3635921074650459,0.07150137678183367,True,False,False
2026-04-06,long,657.22,0.11107391740969816,0.05477617844861898,0.20236754815737912,0.05477617844861898,0.38039012811539513,0.1338973250966184,True,False,False
2026-04-06,long,657.1,0.1293562623649403,0.03652412113833649,0.398721655760159,0.03652412113833649,0.398721655760159,0.1582711915994639,True,False,False
2026-04-06,short,656.5699,0.008666251681645441,0.30005944530810846,0.008666251681645441,0.3670743968007149,0.008666251681645441,0.3670743968007149,False,False,False
2026-04-06,short,657.341,0.05948206486434936,0.08503957611041592,0.05948206486434936,0.10633750214880183,0.05948206486434936,0.10633750214880183,False,False,False
2026-04-06,short,657.29,0.051727547962074294,0.09356600587259949,0.051727547962074294,0.11410488521048548,0.051727547962074294,0.11410488521048548,False,False,False
2026-04-07,short,653.8,0.2416641174671042,0.01664117467116664,0.28754970939125046,0.01664117467116664,0.28754970939125046,0.01664117467116664,True,False,False
2026-04-07,short,653.58,0.20808470271428342,0.03366076073317935,0.2539857400777383,0.03366076073317935,0.2539857400777383,0.03366076073317935,True,False,False
2026-04-07,short,653.66,0.26619343389529865,0.02141786249732068,0.26619343389529865,0.02141786249732068,0.26619343389529865,0.02141786249732068,True,False,False
2026-04-07,long,655.16,0.0,0.17095060748519517,0.0,0.21370352280358265,0.0,0.21370352280358265,False,False,False
2026-04-07,long,654.65,0.039715878713815156,0.09317956159780244,0.039715878713815156,0.13596578324294833,0.07484915603757872,0.14969831207515744,False,False,False
2026-04-07,long,654.49,0.06417210346987105,0.06875582514630406,0.09931396965575903,0.11155250653180233,0.09931396965575903,0.16959770202753496,False,False,False
2026-04-08,short,675.12,0.019255835999525336,0.19033653276454085,0.1629339969190696,0.19033653276454085,0.17034008768811135,0.19033653276454085,False,False,False
2026-04-08,short,675.08,0.013331753273690796,0.19627303430703497,0.16442495704213034,0.19627303430703497,0.16442495704213034,0.19627303430703497,False,False,False
2026-04-08,short,674.24,0.040045087802560185,0.11123635500711912,0.040045087802560185,0.14238253440911788,0.040045087802560185,0.1468319886093986,False,False,False
2026-04-08,long,674.93,0.028151067518121076,0.01629798645784007,0.07852666202422272,0.01926125672291874,0.11038181737365424,0.01926125672291874,False,False,False
2026-04-08,long,674.92,0.029633141705690376,0.014816570852828342,0.11112428139631364,0.01777988502341086,0.11186510993895507,0.01777988502341086,False,False,False
2026-04-08,long,675.01,0.016296054873263157,0.03111065021259483,0.09851705900652784,0.03111065021259483,0.09851705900652784,0.03111065021259483,False,False,False
2026-04-09,long,675.01,0.11553902905142115,0.0014814595339314833,0.11553902905142115,0.04888816461978947,0.11553902905142115,0.05333254322158393,False,False,False
2026-04-09,long,675.32,0.06958182787418389,0.026654030681760303,0.06958182787418389,0.09476988686846236,0.06958182787418389,0.0992122253154168,False,False,False
2026-04-09,long,675.5,0.042916358253144146,0.08142116950406432,0.042916358253144146,0.12139156180607698,0.042916358253144146,0.125832716506295,False,False,False
2026-04-09,short,674.51,0.051889519799561565,0.03409882729685523,0.06819765459371047,0.04151161583964252,0.0859883470964168,0.04151161583964252,False,False,False
2026-04-09,short,674.41,0.03706943847214603,0.04893165878323882,0.07117332186652306,0.05634554647766128,0.07858720956094553,0.05634554647766128,False,False,False
2026-04-09,short,674.37,0.031140175274706226,0.054866023103044996,0.06524608152795269,0.0622803505493956,0.08897192935629146,0.0622803505493956,False,False,False
2026-04-10,short,680.49,0.03379917412453059,0.04408587929285581,0.052903055151437,0.11609281547119922,0.052903055151437,0.12931857925906265,False,False,False
2026-04-10,short,680.57,0.045550053631523445,0.03232584451267519,0.06465168902538379,0.11018704909118995,0.06465168902538379,0.1248953083444626,False,False,False
2026-04-10,long,681.35,0.030821163865843205,0.035224187275263684,0.07191604902032862,0.035224187275263684,0.08659279371835794,0.035224187275263684,False,False,False
2026-04-10,long,681.06,0.044048982468515,0.060200276040285466,0.06460517428714865,0.061668575455900966,0.06460517428714865,0.061668575455900966,False,False,False
2026-04-10,long,681.4201,0.004387895220583868,0.05137799721493358,0.018931052958359375,0.07924626819785287,0.04401102931950197,0.07924626819785287,False,False,False
2026-04-10,short,680.45,0.05584539642883319,0.03926813138364355,0.05584539642883319,0.03926813138364355,0.1396134910720913,0.03926813138364355,False,False,False
2026-04-13,long,679.24,0.0005005594487872237,0.18255697544314367,0.11483422648842423,0.18255697544314367,0.11483422648842423,0.18255697544314367,False,False,False
2026-04-13,long,678.37,0.09876616006013812,0.05454250630187133,0.24323009567050097,0.05454250630187133,0.24323009567050097,0.05454250630187133,False,False,False
2026-04-13,long,678.24,0.1474404340646379,0.03538570417551443,0.2624439726350514,0.03538570417551443,0.2624439726350514,0.03538570417551443,True,False,False
2026-04-14,long,689.71,0.1029418161256068,0.0318974641516039,0.17253628336546387,0.0318974641516039,0.1942845543779151,0.0318974641516039,False,False,False
2026-04-14,long,689.65,0.11165083738127772,0.010150076125561711,0.18560139201043613,0.010150076125561711,0.20300152251141557,0.010150076125561711,False,False,False
2026-04-14,long,689.8,0.10089881124964141,0.008698173383581536,0.16671498985214425,0.008698173383581536,0.1812119454914468,0.008698173383581536,False,False,False
2026-04-15,long,696.215,0.006463520607852326,0.28942208944075987,0.006463520607852326,0.28942208944075987,0.006463520607852326,0.28942208944075987,False,False,False
2026-04-15,short,695.355,0.01797642930589411,0.06687231701793067,0.01797642930589411,0.14596860596385822,0.01797642930589411,0.16394503526975232,False,False,False
2026-04-15,short,695.39,0.005737787428635546,0.08340643379974416,0.005737787428635546,0.140928112282319,0.005737787428635546,0.22002042019585738,False,False,False
2026-04-15,long,695.95,0.0603491630145785,0.02442704217258032,0.1393778288670039,0.02442704217258032,0.15662044687117152,0.02442704217258032,False,False,False
2026-04-15,long,696.135,0.033757819963083836,0.05099585568891353,0.11276548370646042,0.05099585568891353,0.1300035194322901,0.05099585568891353,False,False,False
2026-04-15,short,696.39,0.09908241071812358,0.0014216171972624544,0.09908241071812358,0.05456712474331847,0.09908241071812358,0.14503367365987319,False,False,False
2026-04-16,short,700.29,0.012837538733944973,0.08710677005240881,0.12280626597552637,0.08710677005240881,0.25132445129874637,0.08710677005240881,True,False,False
2026-04-16,short,700.39,0.011422207627184986,0.07281657362326574,0.1913219777552552,0.07281657362326574,0.26556632733191704,0.07281657362326574,True,False,False
2026-04-16,short,700.62,0.03282806656961237,0.039964602780390615,0.2711883760098166,0.039964602780390615,0.29830721361080637,0.039964602780390615,True,False,False
2026-04-16,long,699.95,0.02430173583826473,0.052860918637046145,0.09714979641402242,0.052860918637046145,0.1685834702478677,0.052860918637046145,False,False,False
2026-04-16,long,700.07,0.022854857371401166,0.0699930006999313,0.0799920007999122,0.0699930006999313,0.18569571614266495,0.0699930006999313,False,False,False
2026-04-16,long,699.82,0.061444371409783934,0.034294532879884695,0.13003343716955332,0.034294532879884695,0.23434597467920126,0.034294532879884695,False,False,False
2026-04-17,long,707.62,0.09327039936688733,0.039569260337465405,0.15403747774229556,0.039569260337465405,0.2148045561176877,0.039569260337465405,False,False,False
2026-04-17,long,707.76,0.08477449983045421,0.059342149881309925,0.16389736633886745,0.059342149881309925,0.19770826268792235,0.059342149881309925,False,False,False
2026-04-17,long,707.725,0.11869016920414452,0.030379031403445098,0.19287152495672882,0.030379031403445098,0.23526087110105812,0.030379031403445098,False,False,False
2026-04-17,short,709.885,0.042964705550892046,0.059587116223050476,0.042964705550892046,0.06832092522028407,0.042964705550892046,0.11480732794749214,False,False,False
2026-04-17,short,709.695,0.0033817344070341355,0.09511128019782504,0.0033817344070341355,0.14161012829454842,0.0033817344070341355,0.14161012829454842,False,False,False
2026-04-17,short,709.5701,0.03242808568173787,0.03099059557328285,0.06061416623953554,0.03803711571274028,0.06061416623953554,0.10709301307933014,False,False,False
2026-04-20,short,708.825,0.05572602546469093,0.05995838182907692,0.05572602546469093,0.11215744365675011,0.05572602546469093,0.15307022184600183,False,False,False
2026-04-20,long,709.89,0.002817337897418165,0.10424150220456818,0.002817337897418165,0.11691952274296594,0.002817337897418165,0.1718576117426682,False,False,False
2026-04-20,long,709.81,0.014088277144591193,0.10566207858440993,0.014088277144591193,0.11270621715669751,0.014088277144591193,0.16060635944830118,False,False,False
2026-04-20,long,709.67,0.008454633843907608,0.08595544407964457,0.008454633843907608,0.09300097228288758,0.008454633843907608,0.14091056406498798,False,False,False
2026-04-20,short,709.04,0.015499830757069427,0.0733385986686198,0.031027868667481893,0.08462146000225979,0.1071871826695237,0.08462146000225979,False,False,False
2026-04-20,short,708.63,0.05433018641604094,0.018345257750870758,0.1015903927296246,0.018345257750870758,0.1015903927296246,0.021167605097156098,False,False,False
2026-04-21,long,710.42,0.06263900228034826,0.04645139494945627,0.06263900228034826,0.04645139494945627,0.0774189915824538,0.04645139494945627,False,False,False
2026-04-21,long,710.23,0.08940765667459709,0.019711924306208745,0.09574363234444476,0.019711924306208745,0.10419159990425765,0.019711924306208745,False,False,False
2026-04-21,long,710.28,0.08236188545362905,0.026750014078946456,0.09714478797094873,0.026750014078946456,0.09714478797094873,0.026750014078946456,False,False,False
2026-04-21,short,709.99,0.11690305497261101,0.08028282088479223,0.1887350526063792,0.08028282088479223,0.1887350526063792,0.08028282088479223,False,False,False
2026-04-21,short,710.03,0.14069828035435458,0.026759432700034447,0.19435798487387793,0.026759432700034447,0.2436516766897199,0.026759432700034447,False,False,False
2026-04-21,short,710.07,0.15773092793668292,0.021124677848659606,0.19998028363401812,0.021124677848659606,0.3056036728773322,0.021124677848659606,True,False,False
2026-04-22,long,709.2599,0.0,0.14379778132106535,0.0,0.14379778132106535,0.09306884542604807,0.14379778132106535,False,False,False
2026-04-22,long,709.39,0.07471207657282633,0.07132888819971692,0.07894106203922513,0.08880869479411825,0.14660482950139747,0.08880869479411825,False,False,False
2026-04-22,long,709.7407,0.025262747366751267,0.13817722444266706,0.02948964318942093,0.13817722444266706,0.09711997635192725,0.13817722444266706,False,False,False
2026-04-22,short,709.15,0.04512444475779967,0.03807375026439848,0.04512444475779967,0.0662765282380353,0.04512444475779967,0.07473736163011671,False,False,False
2026-04-22,short,708.99,0.0014104571291542764,0.06064965655368199,0.0014104571291542764,0.09732154191172526,0.009873199904095971,0.09732154191172526,False,False,False
2026-04-22,short,709.14,0.008460952703266694,0.03948444594860997,0.028203175677571676,0.07614857432946437,0.031023493245343273,0.07614857432946437,False,False,False
2026-04-23,long,710.47,0.11471279575491447,0.0056300758652831654,0.11471279575491447,0.04504060692218532,0.11471279575491447,0.04504060692218532,False,False,False
2026-04-23,long,710.53,0.10625870828817861,0.014074001097775287,0.10625870828817861,0.053481204171533285,0.10625870828817861,0.053481204171533285,False,False,False
2026-04-23,short,710.03,0.05140627860794742,0.04436432263426258,0.05140627860794742,0.04436432263426258,0.05140627860794742,0.09577060124221,False,False,False
2026-04-23,short,709.95,0.040143672089595295,0.05563772096626266,0.040143672089595295,0.0943728431579631,0.040143672089595295,0.10704979223888879,False,False,False
2026-04-23,long,710.485,0.023223572629958916,0.05841080388748019,0.06685573938929361,0.05841080388748019,0.09078305664440232,0.05841080388748019,False,False,False
2026-04-23,short,710.4,0.007319819819822764,0.08305180180180628,0.007319819819822764,0.09712837837838606,0.007319819819822764,0.09712837837838606,False,False,False
2026-04-24,short,710.13,0.15771760100263396,0.015490121527046265,0.15771760100263396,0.015490121527046265,0.15771760100263396,0.015490121527046265,False,False,False
2026-04-24,short,709.32,0.0437038290193508,0.12476738284554093,0.0437038290193508,0.12476738284554093,0.0437038290193508,0.1367506908024465,False,False,False
2026-04-24,short,709.37,0.019735821926496238,0.11771008077590486,0.03242313602210668,0.11771008077590486,0.03242313602210668,0.17339329263995068,False,False,False
2026-04-24,long,710.45,0.030966288971766287,0.0633401365331896,0.030966288971766287,0.13156450137237252,0.030966288971766287,0.1407558589626293,False,False,False
2026-04-24,long,710.22,0.06336064881303423,0.030976317197491946,0.06336064881303423,0.099222776041227,0.06336064881303423,0.10841711019120578,False,False,False
2026-04-24,long,710.71,0.10974940552404956,0.022512698569048115,0.10974940552404956,0.022512698569048115,0.10974940552404956,0.022512698569048115,False,False,False
2026-04-27,short,712.89,0.037874005807345006,0.18656454712508816,0.037874005807345006,0.19778647477169944,0.037874005807345006,0.19778647477169944,False,False,False
2026-04-27,short,712.91,0.036470241685484975,0.18375391003072747,0.036470241685484975,0.19497552285702074,0.036470241685484975,0.2005863292701833,False,False,False
2026-04-27,short,712.87,0.019638924348055937,0.1949724353668988,0.019638924348055937,0.20059758441229816,0.019638924348055937,0.20620870565461127,False,False,False
2026-04-27,long,714.07,0.03781141904855011,0.056016917108979644,0.03781141904855011,0.07982410688028484,0.03781141904855011,0.08822664444662223,False,False,False
2026-04-27,long,713.7,0.06585400028021768,0.021017234132000972,0.06585400028021768,0.021017234132000972,0.06585400028021768,0.04974078744570803,False,False,False
2026-04-27,long,713.75,0.019614711033273044,0.05674255691768444,0.019614711033273044,0.05674255691768444,0.019614711033273044,0.12679509632223784,False,False,False
2026-04-28,long,712.05,0.11656484797416487,0.00983077031106472,0.11656484797416487,0.023874727898316003,0.11656484797416487,0.15307913770099266,False,False,False
2026-04-28,short,711.49,0.05340904299427897,0.08995207241141637,0.05340904299427897,0.12227859843427237,0.05340904299427897,0.12227859843427237,False,False,False
2026-04-28,long,711.95,0.015450523210885587,0.11096284851465374,0.015450523210885587,0.11096284851465374,0.015450523210885587,0.14045930191726946,False,False,False
2026-04-28,short,711.61,0.06885794185017202,0.011242112955135667,0.09274743187981734,0.011242112955135667,0.11101586543190282,0.011242112955135667,False,False,False
2026-04-28,short,711.37,0.035143455585700825,0.0449836231497041,0.05904100538397164,0.0449836231497041,0.1447910370130836,0.0449836231497041,False,False,False
2026-04-28,long,710.87,0.005626907873445724,0.039388355114152056,0.02391435846216032,0.039388355114152056,0.042201809050874915,0.039388355114152056,False,False,False
2026-04-29,short,710.05,0.05492570945707857,0.05915076403071231,0.05492570945707857,0.11125977043871241,0.05492570945707857,0.1366100978804348,False,False,False
2026-04-29,short,709.78,0.01690664713009729,0.09721322099806343,0.01690664713009729,0.17470202034433333,0.01690664713009729,0.17470202034433333,False,False,False
2026-04-29,short,709.96,0.028170601160635172,0.07183503295960207,0.028170601160635172,0.14930418615132476,0.028170601160635172,0.14930418615132476,False,False,False
2026-04-29,long,710.84,0.00935512914298845,0.07878003488830948,0.00935512914298845,0.07878003488830948,0.05486466715435068,0.07878003488830948,False,False,False
2026-04-29,long,710.65,0.03609371701964029,0.05206501090550969,0.03609371701964029,0.05206501090550969,0.08161542250053345,0.05206501090550969,False,False,False
2026-04-29,long,710.755,0.006331295594115985,0.06683034238239939,0.0302495233941417,0.06683034238239939,0.0682372969588696,0.06683034238239939,False,False,False
2026-04-30,short,711.7,0.12926794997893393,0.014050864128131101,0.12926794997893393,0.07306449346634562,0.1405086412814388,0.07868483911759806,False,False,False
2026-04-30,short,711.46,0.09557810699126636,0.05060017428949114,0.09557810699126636,0.10682259016669819,0.10682259016669819,0.11244483175441408,False,False,False
2026-04-30,short,711.25,0.06608084358524109,0.10052724077329095,0.06608084358524109,0.1420035149384873,0.0773286467486755,0.1420035149384873,False,False,False
2026-04-30,long,712.86,0.1458911988328653,0.02525039979800573,0.18236399854108162,0.02525039979800573,0.22303117021574267,0.02525039979800573,False,False,False
2026-04-30,long,712.81,0.1795709936729404,0.01823767904490614,0.2090178308385172,0.01823767904490614,0.23006130665956026,0.01823767904490614,False,False,False
2026-04-30,long,712.925,0.16481397061402928,0.01192271276781186,0.2138934670547396,0.01192271276781186,0.2138934670547396,0.01192271276781186,False,False,False
2026-05-01,long,722.6,0.2532521450318194,0.0,0.283697758095759,0.0,0.283697758095759,0.0,True,False,False
2026-05-01,long,723.3,0.16867136734412103,0.0069127609567198305,0.1866445458316083,0.0069127609567198305,0.1866445458316083,0.0069127609567198305,False,False,False
2026-05-01,long,723.51,0.14512584483973331,0.008292905419406148,0.15756520296885826,0.008292905419406148,0.15756520296885826,0.008292905419406148,False,False,False
2026-05-01,short,722.7875,0.0024211818826475177,0.08335783338809312,0.016796084603011838,0.08335783338809312,0.016796084603011838,0.08335783338809312,False,False,False
2026-05-01,short,723.04,0.04425757911041386,0.022128789555222652,0.13830493472007083,0.022128789555222652,0.13830493472007083,0.022128789555222652,False,False,False
2026-05-01,short,722.87,0.0567183587643654,0.042884612724272055,0.11482009213275429,0.042884612724272055,0.11482009213275429,0.042884612724272055,False,False,False
2026-05-04,long,720.13,0.07359782261535733,0.03888186855150775,0.07359782261535733,0.03888186855150775,0.0930387568911112,0.03888186855150775,False,False,False
2026-05-04,long,719.95,0.09861795958051567,0.013889853462049134,0.09861795958051567,0.013889853462049134,0.11945273977358149,0.013889853462049134,False,False,False
2026-05-04,long,720.28,0.052757261065140705,0.011106791803177548,0.052757261065140705,0.023601932581768074,0.0735824956961144,0.023601932581768074,False,False,False
2026-05-04,short,720.245,0.2644933321300353,0.0367930357031269,0.3880623954348811,0.0367930357031269,0.3880623954348811,0.0367930357031269,True,False,False
2026-05-04,short,720.41,0.39838425341125255,0.002776196887880764,0.410877139406716,0.002776196887880764,0.410877139406716,0.002776196887880764,True,False,False
2026-05-04,short,720.35,0.40258207815644853,0.0004164642187726882,0.40258207815644853,0.0004164642187726882,0.40258207815644853,0.0004164642187726882,True,False,False
2026-05-05,long,722.74,0.0013836234330452037,0.06226305448709708,0.006226305448703417,0.08301740598279088,0.03293023770649787,0.08301740598279088,False,False,False
2026-05-05,long,722.61,0.01107097881291996,0.044283915251664106,0.024217766153243732,0.06504200052587528,0.0761129793387795,0.06504200052587528,False,False,False
2026-05-05,long,722.77,0.08578109218700342,0.019369924042224547,0.08578109218700342,0.10376745022621305,0.08578109218700342,0.13558946829558755,False,False,False
2026-05-06,long,729.4004,0.08083351750287203,0.004167806872601934,0.08083351750287203,0.09465308765939177,0.11373725597079844,0.09465308765939177,False,False,False
2026-05-06,long,729.65,0.04659768382101444,0.030151442472422022,0.04659768382101444,0.12882889056396093,0.07949016651819928,0.12882889056396093,False,False,False
2026-05-06,long,729.615,0.05139696963467034,0.0376911110654218,0.05139696963467034,0.12403802005166735,0.08429103020086061,0.12403802005166735,False,False,False
2026-05-07,long,734.77,0.010887760795900885,0.03810716278562989,0.010887760795900885,0.09390693686458905,0.042190073084102386,0.09390693686458905,False,False,False
2026-05-07,long,734.71,0.01633297491527331,0.08574811830518102,0.01633297491527331,0.08574811830518102,0.05036000598875809,0.08574811830518102,False,False,False
2026-05-07,long,734.72,0.01497168989547224,0.08710801393728036,0.034026567944250866,0.08710801393728036,0.04899825783972311,0.08710801393728036,False,False,False
2026-05-07,short,734.54,0.16745173850301118,0.013613962479922501,0.21918479592670428,0.013613962479922501,0.26547226835841914,0.013613962479922501,True,False,False
2026-05-07,short,734.29,0.13346225605687373,0.0013482411581277162,0.1852129267728028,0.0013482411581277162,0.2315161584659919,0.0013482411581277162,False,False,False
2026-05-07,short,734.05,0.10081057148695717,0.004086915060293767,0.15257816225052853,0.004086915060293767,0.19889653293371337,0.004086915060293767,False,False,False
2026-05-08,long,735.69,0.08291535837103942,0.005437072680079558,0.09243023556116706,0.005437072680079558,0.16311218040206224,0.005437072680079558,False,False,False
2026-05-08,long,735.97,0.04755628626167136,0.012228759324433309,0.0543500414419035,0.016305012432572596,0.1250050953163796,0.016305012432572596,False,False,False
2026-05-08,long,736.135,0.03192349229421419,0.029885822573308872,0.03192349229421419,0.03871572469723192,0.10256270928566029,0.03871572469723192,False,False,False
2026-05-08,short,736.1678,0.0,0.08180200220655198,0.0,0.10625294939550316,0.0,0.12255358085479877,False,False,False
2026-05-08,short,736.55,0.027153621614273545,0.029868983775714793,0.027153621614273545,0.05430724322857795,0.027153621614273545,0.07059941619714825,False,False,False
2026-05-08,short,736.66,0.04208182879482332,0.021719653571536646,0.04208182879482332,0.0556566122770453,0.04208182879482332,0.0556566122770453,False,False,False
2026-05-11,long,738.74,0.05414624901859616,0.013536562254652888,0.05414624901859616,0.05685356146952365,0.05414624901859616,0.05685356146952365,False,False,False
2026-05-11,long,738.74,0.05414624901859616,0.006632915504775451,0.05414624901859616,0.05685356146952365,0.05414624901859616,0.05685356146952365,False,False,False
2026-05-11,long,738.86,0.03789621849876468,0.022873074736754286,0.03789621849876468,0.0730855642476198,0.03789621849876468,0.0730855642476198,False,False,False
2026-05-11,short,739.1,0.0,0.10959274793667237,0.0,0.13800568258692758,0.0,0.17183060478960652,False,False,False
2026-05-11,short,738.56,0.04874350086653759,0.037911611785107026,0.04874350086653759,0.07176126516465642,0.04874350086653759,0.08530112651647925,False,False,False
2026-05-11,short,738.53,0.04468335748039041,0.05822376883810593,0.04468335748039041,0.07582630360311148,0.04468335748039041,0.0893667149608116,False,False,False
2026-05-12,short,735.9091,0.17109450066590962,0.002840024671523054,0.17109450066590962,0.002840024671523054,0.17109450066590962,0.002840024671523054,False,False,False
2026-05-12,short,735.01,0.048978925456798356,0.04353682262827037,0.048978925456798356,0.08435259384226126,0.048978925456798356,0.15646045632031907,False,False,False
2026-05-12,short,735.14,0.06665397067225415,0.046249693935853285,0.06665397067225415,0.06665397067225415,0.06665397067225415,0.1516717904072706,False,False,False
2026-05-12,long,736.02,0.005434634928393743,0.13178989701367183,0.005434634928393743,0.3016222385261307,0.005434634928393743,0.33694736556072097,False,False,False
2026-05-12,long,734.4,0.019063180827884853,0.04221132897602743,0.07965686274510299,0.04221132897602743,0.07965686274510299,0.04221132897602743,False,False,False
2026-05-12,long,734.4,0.05174291938997759,0.04221132897602743,0.07965686274510299,0.04221132897602743,0.07965686274510299,0.04221132897602743,False,False,False
2026-05-13,short,736.33,0.048212078823356125,0.11407928510313557,0.048212078823356125,0.12494397892248842,0.048212078823356125,0.15006858337972165,False,False,False
2026-05-13,short,736.12,0.00407542248546062,0.14263978699124524,0.00407542248546062,0.15350758028582234,0.00407542248546062,0.1786393522795116,False,False,False
2026-05-13,long,737.19,0.04205157422102109,0.024403478072150837,0.06782511971133628,0.031077469851736556,0.07732063647091474,0.031077469851736556,False,False,False
2026-05-13,long,737.349,0.02047876921240194,0.05263450550553517,0.05574022613442813,0.05263450550553517,0.0679461150689804,0.05263450550553517,False,False,False
2026-05-13,long,737.32,0.02441273802418895,0.04870341235827214,0.05967558183691488,0.04870341235827214,0.10578853143817782,0.04870341235827214,False,False,False
2026-05-14,long,745.58,0.026824753882873975,0.041578368518476766,0.040907749671390055,0.08718045011938236,0.040907749671390055,0.11266396630811339,False,False,False
2026-05-14,long,745.52,0.046947097328042545,0.042923060414198994,0.048959115784956694,0.0791393926386994,0.048959115784956694,0.1703508960188837,False,False,False
2026-05-14,long,745.69,0.08850862959138088,0.010057798817208956,0.09119070927596588,0.013410398422940194,0.09119070927596588,0.021456637476710408,False,False,False
2026-05-14,short,746.84,0.06962669380322181,0.014728723689145417,0.06962669380322181,0.07083177119597187,0.06962669380322181,0.10979594022815278,False,False,False
2026-05-15,long,740.64,0.20927846187082363,0.0013501836249717684,0.27543745949448634,0.0013501836249717684,0.27543745949448634,0.0013501836249717684,True,False,False
2026-05-15,long,741.12,0.16191709844560198,0.04452720207254438,0.21049222797926725,0.04452720207254438,0.21049222797926725,0.04452720207254438,False,False,False
2026-05-15,long,741.31,0.18345901174947238,0.0013489633216860566,0.18480797507115843,0.01618755986023268,0.18480797507115843,0.06609920276266278,False,False,False
2026-05-15,short,739.88,0.1040709304211469,0.002703141049897525,0.1040709304211469,0.07839109044710507,0.1040709304211469,0.1040709304211469,False,False,False
2026-05-15,short,739.79,0.09191797672311738,0.013517349518109564,0.09191797672311738,0.09867665148217983,0.09191797672311738,0.11624920585571767,False,False,False
2026-05-15,short,739.48,0.05003515984205179,0.13252555850057043,0.05003515984205179,0.15821928923026438,0.05003515984205179,0.15821928923026438,False,False,False
2026-05-18,long,740.92,0.06680883226259307,0.1525130918317761,0.06680883226259307,0.2928791232521675,0.06680883226259307,0.3131242239377985,False,False,False
2026-05-18,long,740.87,0.07356216340248074,0.1889670252540901,0.07356216340248074,0.3063965338048486,0.07356216340248074,0.3063965338048486,False,False,False
2026-05-18,long,741.26,0.020910341850359213,0.30083911178264283,0.020910341850359213,0.3588484472384815,0.020910341850359213,0.3588484472384815,False,False,False
2026-05-18,short,738.42,0.2776197827794419,0.013542428428268836,0.2776197827794419,0.041981528127631854,0.2776197827794419,0.043335770970457196,True,False,False
2026-05-18,short,737.72,0.18299625874315767,0.051510058016591045,0.18299625874315767,0.13826383993926988,0.18299625874315767,0.13826383993926988,False,False,False
2026-05-18,short,737.42,0.14238832686934916,0.09492555124624305,0.14238832686934916,0.1790024680643392,0.14238832686934916,0.1790024680643392,False,False,False
2026-05-19,short,734.44,0.03540112194326352,0.12118076357496682,0.03540112194326352,0.2532541800555389,0.06467512662709311,0.2532541800555389,False,False,False
2026-05-19,long,735.41,0.06390992779538315,0.18901021199058843,0.06390992779538315,0.3467453529323717,0.06390992779538315,0.3508247100256901,False,False,False
2026-05-19,long,735.77,0.013591203772921258,0.2453212281011661,0.013591203772921258,0.3982222705464955,0.013591203772921258,0.39958139092378614,False,False,False
2026-05-19,long,735.625,0.0333050127442657,0.22565845369583254,0.0333050127442657,0.3799490229396716,0.0333050127442657,0.38130841121494646,False,False,False
2026-05-19,short,733.095,0.0361481117726879,0.10920821994419791,0.10435209624946103,0.10920821994419791,0.18483279793205765,0.10920821994419791,False,False,False
2026-05-19,short,732.97,0.020464684775635737,0.12628074818886414,0.08731598837605718,0.12628074818886414,0.16781041516024095,0.12628074818886414,False,False,False
2026-05-20,long,737.22,0.0,0.25636851957353113,0.0,0.25636851957353113,0.0,0.2645072027346037,False,False,False
2026-05-20,long,736.84,0.013571467347052649,0.20492915694044714,0.013571467347052649,0.20492915694044714,0.013571467347052649,0.2442864122469014,False,False,False
2026-05-20,long,736.46,0.028514786953795543,0.15343671075143192,0.028514786953795543,0.15343671075143192,0.028514786953795543,0.19281427368765075,False,False,False
2026-05-20,short,735.145,0.13670772432649278,0.021084275891147013,0.170714620925123,0.46181365580939565,0.170714620925123,0.46181365580939565,False,False,False
2026-05-20,short,735.24,0.18361351395463013,0.008160600620198225,0.18361351395463013,0.4488330341113044,0.18361351395463013,0.4488330341113044,False,False,False
2026-05-20,short,735.18,0.17546723251448132,0.10337604396203715,0.17546723251448132,0.4570309312005242,0.17546723251448132,0.4570309312005242,False,False,False
2026-05-21,short,737.84,0.0576412230293821,0.07047598395315811,0.0576412230293821,0.2412447143011998,0.0576412230293821,0.31714192778921146,False,False,False
2026-05-21,long,739.13,0.1420589070934686,0.020294129584779032,0.20091188288934472,0.020294129584779032,0.20091188288934472,0.020294129584779032,False,False,False
2026-05-21,long,739.145,0.1400266524159628,0.022323089515584038,0.19887843386615986,0.022323089515584038,0.19887843386615986,0.022323089515584038,False,False,False
2026-05-21,long,739.61,0.07706764375818828,0.06760319627912008,0.13588242452103075,0.06760319627912008,0.13588242452103075,0.06760319627912008,False,False,False
2026-05-21,short,737.86,0.017618518418127484,0.1904155259805346,0.017618518418127484,0.1904155259805346,0.017618518418127484,0.1904155259805346,False,False,False
2026-05-21,short,738.17,0.05960686562715105,0.14833981332213816,0.05960686562715105,0.14833981332213816,0.05960686562715105,0.14833981332213816,False,False,False
2026-05-22,short,746.93,0.14726948977814644,0.08702288032346954,0.2195654211237983,0.08702288032346954,0.2195654211237983,0.08702288032346954,False,False,False
2026-05-22,short,746.14,0.11391963974589524,0.033184120942455035,0.11391963974589524,0.033184120942455035,0.11391963974589524,0.033184120942455035,False,False,False
2026-05-22,short,746.2,0.1219512195122061,0.02144197266148059,0.1219512195122061,0.02144197266148059,0.1219512195122061,0.02144197266148059,False,False,False
2026-05-22,long,747.02,0.014725174694119788,0.044175524082344146,0.018741131428875582,0.044175524082344146,0.05756204653156056,0.044175524082344146,False,False,False
2026-05-22,long,746.84,0.034813346901610906,0.02008462321246549,0.04552514594825105,0.02008462321246549,0.08167746773070719,0.02008462321246549,False,False,False
2026-05-22,long,746.87,0.030795185239736258,0.024100579752828467,0.054895764992564725,0.024100579752828467,0.0776574236480299,0.024100579752828467,False,False,False
2026-05-26,long,750.9,0.029298175522709722,0.09721667332534535,0.029298175522709722,0.17712078838725892,0.029298175522709722,0.17712078838725892,False,False,False
2026-05-26,long,751.06,0.0013314515484920768,0.11849918781455361,0.0013314515484920768,0.19838628072323056,0.0013314515484920768,0.19838628072323056,False,False,False
2026-05-26,long,750.99,0.007989453920817244,0.18908374279284132,0.007989453920817244,0.18908374279284132,0.009321029574286786,0.18908374279284132,False,False,False
2026-05-26,short,750.56,0.03997015561713314,0.01998507780858172,0.06661692602856535,0.01998507780858172,0.07727563419312611,0.01998507780858172,False,False,False
2026-05-26,short,750.54,0.06395395315373173,0.02265035840862216,0.07061582327390582,0.02265035840862216,0.08393956351426912,0.02265035840862216,False,False,False
2026-05-26,short,750.59,0.07061111925286592,0.005342463928368153,0.08126940140423049,0.005342463928368153,0.13855766796787558,0.005342463928368153,False,False,False
2026-05-27,short,750.12,0.11864768303737887,0.005332480136506642,0.11864768303737887,0.04132672105795678,0.11864768303737887,0.05265824134804856,False,False,False
2026-05-27,short,749.6301,0.053372990225439475,0.06068326231831754,0.053372990225439475,0.10670596071315436,0.053372990225439475,0.15206166347909608,False,False,False
2026-05-27,short,749.46,0.022015851413027688,0.08339337656445975,0.022015851413027688,0.12942652042803,0.022015851413027688,0.17479251727910033,False,False,False
2026-05-27,long,751.18,0.01730610506136951,0.13711760164008263,0.01730610506136951,0.13711760164008263,0.022631060464878294,0.13711760164008263,False,False,False
2026-05-27,long,751.01,0.039946205776215306,0.11451245655850303,0.039946205776215306,0.11451245655850303,0.045272366546388436,0.11451245655850303,False,False,False
2026-05-27,long,751.24,0.007986795165319397,0.14509344550343856,0.007986795165319397,0.14509344550343856,0.01863585538576039,0.14509344550343856,False,False,False
2026-05-28,long,749.97,0.08667013347200252,0.01066709335040614,0.08667013347200252,0.01066709335040614,0.38266864007892526,0.01066709335040614,True,False,False
2026-05-28,long,750.055,0.0753278092939924,0.02199838678496425,0.0753278092939924,0.02199838678496425,0.47796494923706084,0.02199838678496425,True,False,False
2026-05-28,long,750.3,0.037318405970956474,0.04131680661068179,0.44515527122484766,0.04131680661068179,0.5024656803945217,0.04131680661068179,True,True,False
2026-05-29,short,756.935,0.144662355420203,0.0019816761016599902,0.144662355420203,0.0019816761016599902,0.144662355420203,0.0033027935027566376,False,False,False
2026-05-29,short,756.645,0.10639071162829992,0.04030952428154071,0.10639071162829992,0.04030952428154071,0.12225019659152636,0.04163114802847499,False,False,False
2026-05-29,short,756.78,0.12421047067839278,0.022463595760996956,0.12421047067839278,0.022463595760996956,0.14272311636142815,0.023784983746936186,False,False,False
2026-05-29,long,757.235,0.024430989058871477,0.04820168111616725,0.024430989058871477,0.12347553929758387,0.024430989058871477,0.12347553929758387,False,False,False
2026-05-29,long,757.31,0.01452509540346934,0.13336678506820074,0.01452509540346934,0.13336678506820074,0.01452509540346934,0.13336678506820074,False,False,False
2026-05-29,long,757.4,0.0006601531555314831,0.14523369421706137,0.0006601531555314831,0.14523369421706137,0.0006601531555314831,0.14523369421706137,False,False,False
2026-06-01,short,755.52,0.005956162642942487,0.12706480304956008,0.01588310038119501,0.12706480304956008,0.01588310038119501,0.16412537060567675,False,False,False
2026-06-01,short,755.59,0.010587752617165515,0.1177887478659043,0.02514591246576246,0.1177887478659043,0.02514591246576246,0.15484588202596103,False,False,False
2026-06-01,long,756.17,0.05289815782166589,0.06346456484651991,0.05289815782166589,0.06346456484651991,0.05289815782166589,0.06876760516814762,False,False,False
2026-06-01,long,756.0501,0.06479729319524202,0.03638647756280514,0.06479729319524202,0.052919773438303334,0.06479729319524202,0.07408239215893682,False,False,False
2026-06-01,short,755.74,0.060867494111736364,0.02646412787467191,0.060867494111736364,0.027787334268403997,0.060867494111736364,0.03175695344960027,False,False,False
2026-06-01,long,755.875,0.07011741359351384,0.0006614850339005064,0.18852323466180976,0.0006614850339005064,0.1977840251364319,0.0006614850339005064,False,False,False
2026-06-02,short,757.14,0.009245317906851618,0.07132102385291539,0.009245317906851618,0.08320786116173963,0.009245317906851618,0.08320786116173963,False,False,False
2026-06-02,long,757.625,0.019138755980858842,0.03497772644777909,0.019138755980858842,0.05213661112027478,0.04025738327008084,0.05213661112027478,False,False,False
2026-06-02,long,757.73,0.09106145988675925,0.0013197313027055687,0.09106145988675925,0.0013197313027055687,0.09766011640030209,0.0013197313027055687,False,False,False
2026-06-02,long,757.765,0.0864384076857565,0.0013196703463462822,0.0864384076857565,0.0013196703463462822,0.09303675941750292,0.0013196703463462822,False,False,False
2026-06-03,short,757.75,0.23094688221709006,0.01187726822831169,0.39722863741339376,0.01187726822831169,0.39722863741339376,0.01187726822831169,True,False,False
2026-06-03,short,757.44,0.2521651880017007,0.014522602450345895,0.3564638783270022,0.014522602450345895,0.3564638783270022,0.014522602450345895,True,False,False
2026-06-03,short,756.03,0.17062814967659531,0.011904289512325151,0.17062814967659531,0.03437694271391559,0.17062814967659531,0.08862082192506551,False,False,False
2026-06-03,long,756.84,0.0,0.11098779134295648,0.0,0.11098779134295648,0.019819248454095616,0.11098779134295648,False,False,False
2026-06-03,long,756.795,0.005946128079608449,0.10504826273957402,0.005946128079608449,0.10504826273957402,0.02576655501160156,0.10504826273957402,False,False,False
2026-06-03,long,756.645,0.008577338117606803,0.08524473167733637,0.024450039318314288,0.08524473167733637,0.04559601926927784,0.08524473167733637,False,False,False
2026-06-04,long,752.8,0.11955366631244567,0.0278958554728909,0.11955366631244567,0.07438894792772921,0.11955366631244567,0.07571732199786614,False,False,False
2026-06-04,long,752.75,0.12620391896380542,0.01195616074394312,0.12620391896380542,0.06908003985386674,0.12620391896380542,0.06908003985386674,False,False,False
2026-06-04,long,753.3,0.004646223284226982,0.1420416832603128,0.049117217575999544,0.1420416832603128,0.053099694676767686,0.1420416832603128,False,False,False
2026-06-05,short,750.77,0.1403892004208977,0.03329914620989118,0.18780718462378201,0.03329914620989118,0.2477456478015922,0.03329914620989118,False,False,False
2026-06-05,short,750.595,0.16453613466649972,0.0093259347584165,0.16453613466649972,0.0093259347584165,0.25646320585669613,0.0093259347584165,True,False,False
2026-06-05,short,749.34,0.11076413910908811,0.03336269250273574,0.11076413910908811,0.12811273921049493,0.11076413910908811,0.18950009341553353,False,False,False
2026-06-05,long,750.35,0.018657959618842722,0.1972412873992161,0.018657959618842722,0.1972412873992161,0.05196241753848357,0.1972412873992161,False,False,False
2026-06-08,short,741.25,0.087689713322088,0.14571332209106452,0.087689713322088,0.171332209106237,0.087689713322088,0.171332209106237,False,False,False
2026-06-08,short,740.8,0.02699784017277697,0.20654697624190896,0.02699784017277697,0.23218142548596482,0.02699784017277697,0.23218142548596482,False,False,False
2026-06-08,short,741.19,0.017539362376733245,0.1605526248330308,0.017539362376733245,0.17944116893103348,0.03912626991730559,0.17944116893103348,False,False,False
2026-06-08,long,742.7201,0.1278947479676337,0.02694150865178152,0.1278947479676337,0.10099363138280154,0.21945009970782003,0.10099363138280154,False,False,False
2026-06-08,long,742.63,0.14004282078558145,0.0013465655844755672,0.14004282078558145,0.08887332857546398,0.23160928053001187,0.08887332857546398,False,False,False
2026-06-08,long,743.52,0.0,0.19232838390358697,0.11163115988810535,0.20846782870668637,0.11163115988810535,0.20846782870668637,False,False,False
2026-06-09,long,746.4201,0.06429355265217665,0.08709572531608752,0.06429355265217665,0.2632699735711842,0.06429355265217665,0.35102216566784483,False,False,False
2026-06-09,long,746.65,0.03348289024308579,0.20223665706823693,0.03348289024308579,0.3241143775530649,0.03348289024308579,0.381704948771181,False,False,False
2026-06-09,short,744.17,0.14915946625099288,0.0739078436378876,0.40313369257024606,0.0739078436378876,0.638295013236223,0.0739078436378876,True,True,False
2026-06-09,short,743.135,0.3209376492831035,0.020857583077095374,0.4999091685898298,0.020857583077095374,0.4999091685898298,0.020857583077095374,True,False,False
2026-06-09,short,742.91,0.406509536821416,0.02961327751679575,0.46977426606183914,0.02961327751679575,0.46977426606183914,0.02961327751679575,True,False,False
2026-06-09,long,734.2299,0.12940088656153975,0.0653609993273283,0.12940088656153975,0.0653609993273283,0.2655980095607529,0.0653609993273283,True,False,False
2026-06-10,long,734.77,0.28308178069328377,0.023136491691271972,0.300774391986613,0.023136491691271972,0.300774391986613,0.023136491691271972,True,False,False
2026-06-10,long,735.81,0.15900843967873132,0.06523423166305223,0.15900843967873132,0.14473845150241788,0.15900843967873132,0.14473845150241788,False,False,False
2026-06-10,long,737.42,0.06916004447939993,0.22239700577689597,0.07187220308644822,0.22239700577689597,0.07187220308644822,0.22239700577689597,False,False,False
2026-06-10,short,734.55,0.3117418827853773,0.078959907426321,0.3566809611326669,0.078959907426321,0.362807160846772,0.078959907426321,True,False,False
2026-06-10,short,734.56,0.31309899803964003,0.07759747331736687,0.35803746460466074,0.07759747331736687,0.38662600740578285,0.07759747331736687,True,False,False
2026-06-10,short,734.57,0.3593939311434036,0.04628558204118302,0.3593939311434036,0.04628558204118302,0.43426766679827034,0.04628558204118302,True,False,False
2026-06-11,long,730.14,0.19448324978770634,0.03150080806420936,0.19448324978770634,0.0986112252444774,0.19653765031364656,0.0986112252444774,False,False,False
2026-06-11,long,730.37,0.16293111710502087,0.07393512877034429,0.16498487068198872,0.13007105987376885,0.16498487068198872,0.13007105987376885,False,False,False
2026-06-11,short,727.09,0.019254837777989843,0.2035511422244864,0.019254837777989843,0.3665295905596231,0.019254837777989843,0.3665295905596231,False,False,False
2026-06-11,short,727.75,0.10992785984197245,0.2624527653727198,0.10992785984197245,0.2755066987289585,0.10992785984197245,0.2755066987289585,False,False,False
2026-06-11,short,727.03,0.008252754356759066,0.3617457326382674,0.008252754356759066,0.37481259370315156,0.008252754356759066,0.37481259370315156,False,False,False
2026-06-11,long,729.69,0.025942523537377412,0.2562732119119084,0.025942523537377412,0.3522043607559443,0.025942523537377412,0.6276638024366568,False,False,False
2026-06-12,short,736.6,0.21314146076568696,0.04615802335053378,0.21314146076568696,0.04615802335053378,0.21314146076568696,0.11132229161009181,False,False,False
2026-06-12,short,735.93,0.12229423994129568,0.09919421684127813,0.12229423994129568,0.09919421684127813,0.12229423994129568,0.3003003003003053,False,False,False
2026-06-12,long,739.25,0.17450118363205458,0.004058167061206996,0.25701724721000707,0.06222522827190212,0.25701724721000707,0.06222522827190212,True,False,False
2026-06-12,long,740.15,0.0526920218874534,0.18374653786394834,0.13510774842937243,0.18374653786394834,0.13510774842937243,0.18374653786394834,False,False,False
2026-06-12,long,739.97,0.07703014987093211,0.15946592429423673,0.15946592429422138,0.15946592429423673,0.15946592429422138,0.15946592429423673,False,False,False
2026-06-12,short,737.46,0.008136034496794283,0.7132590242182615,0.008136034496794283,0.7485151737043341,0.008136034496794283,0.7485151737043341,False,False,False
