sym,time,open,high,low,close,volume,trade_count,vwap
QQQ,2025-12-08 08:00:00-05:00,627.55,627.55,627.52,627.52,342.0,6.0,627.540323
QQQ,2025-12-08 08:01:00-05:00,627.54,627.54,627.54,627.54,100.0,2.0,627.54
QQQ,2025-12-08 08:03:00-05:00,627.54,627.54,627.54,627.54,50.0,1.0,627.54
QQQ,2025-12-08 08:04:00-05:00,627.51,627.51,627.51,627.51,50.0,1.0,627.51
QQQ,2025-12-08 08:06:00-05:00,627.54,627.6,627.54,627.6,101.0,3.0,627.57
QQQ,2025-12-08 08:13:00-05:00,627.62,627.71,627.62,627.71,380.0,4.0,627.639474
QQQ,2025-12-08 08:14:00-05:00,627.73,627.73,627.73,627.73,200.0,3.0,627.73
QQQ,2025-12-08 08:16:00-05:00,627.73,627.75,627.73,627.75,300.0,3.0,627.736667
QQQ,2025-12-08 08:18:00-05:00,627.82,627.82,627.82,627.82,80.0,2.0,627.82
QQQ,2025-12-08 08:19:00-05:00,627.8,627.8,627.8,627.8,50.0,1.0,627.8
QQQ,2025-12-08 08:20:00-05:00,628.11,628.11,628.11,628.11,215.0,5.0,628.11
QQQ,2025-12-08 08:21:00-05:00,628.13,628.13,628.06,628.06,615.0,6.0,628.116897
QQQ,2025-12-08 08:22:00-05:00,627.94,627.94,627.93,627.93,166.0,2.0,627.936024
QQQ,2025-12-08 08:24:00-05:00,627.48,627.48,627.48,627.48,108.0,1.0,627.48
QQQ,2025-12-08 08:25:00-05:00,627.51,627.51,627.51,627.51,200.0,1.0,627.51
QQQ,2025-12-08 08:30:00-05:00,627.63,627.63,627.63,627.63,50.0,1.0,627.63
QQQ,2025-12-08 08:33:00-05:00,627.22,627.22,627.22,627.22,40.0,1.0,627.22
QQQ,2025-12-08 08:39:00-05:00,627.21,627.24,627.21,627.24,240.0,4.0,627.215
QQQ,2025-12-08 08:40:00-05:00,627.22,627.22,627.22,627.22,50.0,1.0,627.22
QQQ,2025-12-08 08:50:00-05:00,627.43,627.43,627.43,627.43,50.0,1.0,627.43
QQQ,2025-12-08 08:58:00-05:00,627.59,627.59,627.59,627.59,150.0,2.0,627.59
QQQ,2025-12-08 09:04:00-05:00,627.86,627.86,627.86,627.86,150.0,1.0,627.86
QQQ,2025-12-08 09:09:00-05:00,627.82,627.82,627.82,627.82,280.0,1.0,627.82
QQQ,2025-12-08 09:18:00-05:00,627.56,627.56,627.56,627.56,59.0,2.0,627.56
QQQ,2025-12-08 09:20:00-05:00,627.78,627.83,627.78,627.83,250.0,4.0,627.796
QQQ,2025-12-08 09:21:00-05:00,627.81,627.84,627.81,627.84,300.0,4.0,627.83
QQQ,2025-12-08 09:27:00-05:00,627.13,627.13,627.12,627.12,600.0,2.0,627.125
QQQ,2025-12-09 08:05:00-05:00,624.06,624.06,624.06,624.06,40.0,1.0,624.06
QQQ,2025-12-09 08:15:00-05:00,623.8,623.8,623.8,623.8,100.0,1.0,623.8
QQQ,2025-12-09 08:16:00-05:00,623.83,623.83,623.83,623.83,200.0,1.0,623.83
QQQ,2025-12-09 08:21:00-05:00,623.88,623.89,623.88,623.89,580.0,6.0,623.883636
QQQ,2025-12-09 08:25:00-05:00,623.73,623.73,623.73,623.73,200.0,1.0,623.73
QQQ,2025-12-09 08:27:00-05:00,623.82,623.83,623.82,623.83,180.0,3.0,623.826667
QQQ,2025-12-09 08:34:00-05:00,623.25,623.25,623.25,623.25,160.0,1.0,623.25
QQQ,2025-12-09 08:36:00-05:00,623.06,623.06,622.81,622.81,400.0,6.0,623.0
QQQ,2025-12-09 08:37:00-05:00,623.16,623.16,623.14,623.14,580.0,4.0,623.147143
QQQ,2025-12-09 08:43:00-05:00,623.24,623.24,623.24,623.24,50.0,1.0,623.24
QQQ,2025-12-09 08:51:00-05:00,623.02,623.02,623.02,623.02,200.0,1.0,623.02
QQQ,2025-12-09 09:10:00-05:00,622.8,622.8,622.8,622.8,200.0,1.0,622.8
QQQ,2025-12-09 09:14:00-05:00,623.01,623.01,623.01,623.01,200.0,1.0,623.01
QQQ,2025-12-09 09:16:00-05:00,622.88,622.88,622.88,622.88,200.0,1.0,622.88
QQQ,2025-12-09 09:20:00-05:00,622.73,622.73,622.73,622.73,50.0,1.0,622.73
QQQ,2025-12-09 09:24:00-05:00,622.72,622.72,622.72,622.72,55.0,1.0,622.72
QQQ,2025-12-09 09:26:00-05:00,622.56,622.56,622.56,622.56,280.0,1.0,622.56
QQQ,2025-12-10 08:14:00-05:00,624.3,624.3,624.3,624.3,206.0,2.0,624.3
QQQ,2025-12-10 08:15:00-05:00,624.23,624.23,624.23,624.23,40.0,1.0,624.23
QQQ,2025-12-10 08:19:00-05:00,624.4,624.4,624.4,624.4,100.0,1.0,624.4
QQQ,2025-12-10 08:20:00-05:00,624.76,624.78,624.76,624.78,180.0,4.0,624.77
QQQ,2025-12-10 08:22:00-05:00,625.12,625.12,625.12,625.12,91.0,3.0,625.12
QQQ,2025-12-10 08:30:00-05:00,625.17,625.17,625.17,625.17,75.0,2.0,625.17
QQQ,2025-12-10 08:34:00-05:00,624.73,624.73,624.73,624.73,200.0,1.0,624.73
QQQ,2025-12-10 08:38:00-05:00,624.73,624.73,624.73,624.73,50.0,1.0,624.73
QQQ,2025-12-10 09:00:00-05:00,624.57,624.57,624.57,624.57,50.0,1.0,624.57
QQQ,2025-12-10 09:09:00-05:00,624.19,624.19,624.19,624.19,226.0,2.0,624.19
QQQ,2025-12-10 09:17:00-05:00,624.04,624.04,624.04,624.04,127.0,3.0,624.04
QQQ,2025-12-10 09:29:00-05:00,623.8,623.8,623.8,623.8,160.0,1.0,623.8
QQQ,2025-12-11 08:17:00-05:00,624.73,624.74,624.73,624.74,96.0,2.0,624.734792
QQQ,2025-12-11 08:28:00-05:00,624.53,624.53,624.53,624.53,200.0,1.0,624.53
QQQ,2025-12-11 08:31:00-05:00,624.13,624.13,624.11,624.11,430.0,5.0,624.1175
QQQ,2025-12-11 08:32:00-05:00,624.02,624.02,624.02,624.02,100.0,2.0,624.02
QQQ,2025-12-11 08:33:00-05:00,624.09,624.09,624.09,624.09,70.0,2.0,624.09
QQQ,2025-12-11 08:37:00-05:00,624.08,624.08,624.05,624.07,620.0,8.0,624.068305
QQQ,2025-12-11 08:42:00-05:00,623.62,623.63,623.62,623.63,150.0,2.0,623.623333
QQQ,2025-12-11 08:43:00-05:00,623.7,623.7,623.7,623.7,40.0,1.0,623.7
QQQ,2025-12-11 08:46:00-05:00,623.91,623.91,623.9,623.9,430.0,6.0,623.90375
QQQ,2025-12-11 08:47:00-05:00,623.73,623.75,623.73,623.75,300.0,4.0,623.743333
QQQ,2025-12-11 08:48:00-05:00,623.79,623.79,623.79,623.79,50.0,1.0,623.79
QQQ,2025-12-11 08:56:00-05:00,623.95,623.95,623.95,623.95,300.0,1.0,623.95
QQQ,2025-12-11 09:10:00-05:00,624.13,624.39,624.13,624.39,443.0,5.0,624.219571
QQQ,2025-12-11 09:11:00-05:00,624.49,624.49,624.49,624.49,300.0,1.0,624.49
QQQ,2025-12-11 09:17:00-05:00,624.3,624.3,624.3,624.3,135.0,1.0,624.3
QQQ,2025-12-11 09:18:00-05:00,624.39,624.39,624.39,624.39,50.0,1.0,624.39
QQQ,2025-12-11 09:22:00-05:00,624.48,624.62,624.48,624.62,480.0,7.0,624.527778
QQQ,2025-12-11 09:24:00-05:00,624.27,624.27,624.25,624.25,142.0,3.0,624.26
QQQ,2025-12-11 09:29:00-05:00,623.9,623.94,623.89,623.94,700.0,3.0,623.901429
QQQ,2025-12-12 08:26:00-05:00,622.91,622.91,622.91,622.91,40.0,1.0,622.91
QQQ,2025-12-12 08:30:00-05:00,622.75,622.75,622.75,622.75,40.0,1.0,622.75
QQQ,2025-12-12 08:37:00-05:00,622.69,622.69,622.69,622.69,50.0,1.0,622.69
QQQ,2025-12-12 08:53:00-05:00,623.4,623.4,623.4,623.4,40.0,1.0,623.4
QQQ,2025-12-12 08:56:00-05:00,623.34,623.34,623.34,623.34,120.0,2.0,623.34
QQQ,2025-12-12 09:10:00-05:00,623.44,623.44,623.44,623.44,40.0,1.0,623.44
QQQ,2025-12-12 09:11:00-05:00,623.39,623.39,623.39,623.39,120.0,2.0,623.39
QQQ,2025-12-12 09:15:00-05:00,623.1,623.1,623.09,623.09,350.0,2.0,623.091429
QQQ,2025-12-12 09:18:00-05:00,622.85,622.86,622.8,622.8,190.0,4.0,622.825789
QQQ,2025-12-12 09:22:00-05:00,623.05,623.05,623.05,623.05,50.0,1.0,623.05
QQQ,2025-12-12 09:23:00-05:00,623.1,623.1,623.1,623.1,50.0,1.0,623.1
QQQ,2025-12-12 09:29:00-05:00,622.55,622.55,622.55,622.55,300.0,1.0,622.55
QQQ,2025-12-15 08:32:00-05:00,617.08,617.08,617.08,617.08,50.0,1.0,617.08
QQQ,2025-12-15 08:47:00-05:00,617.64,617.64,617.62,617.62,200.0,5.0,617.63
QQQ,2025-12-15 08:53:00-05:00,617.63,617.63,617.63,617.63,40.0,1.0,617.63
QQQ,2025-12-15 09:22:00-05:00,617.84,617.84,617.84,617.84,40.0,1.0,617.84
QQQ,2025-12-16 08:16:00-05:00,609.36,609.36,609.36,609.36,50.0,1.0,609.36
QQQ,2025-12-16 08:18:00-05:00,609.13,609.13,609.13,609.13,50.0,1.0,609.13
QQQ,2025-12-16 08:19:00-05:00,609.21,609.21,609.21,609.21,47.0,1.0,609.21
QQQ,2025-12-16 08:20:00-05:00,609.34,609.34,609.34,609.34,100.0,2.0,609.34
QQQ,2025-12-16 08:24:00-05:00,609.87,609.87,609.87,609.87,40.0,1.0,609.87
QQQ,2025-12-16 08:31:00-05:00,611.62,611.62,611.55,611.55,100.0,3.0,611.581111
QQQ,2025-12-16 08:32:00-05:00,611.63,611.63,611.63,611.63,120.0,3.0,611.63
QQQ,2025-12-16 08:33:00-05:00,611.08,611.08,611.08,611.08,40.0,1.0,611.08
QQQ,2025-12-16 08:39:00-05:00,609.52,609.52,609.52,609.52,280.0,3.0,609.52
QQQ,2025-12-16 08:44:00-05:00,609.38,609.38,609.38,609.38,60.0,1.0,609.38
QQQ,2025-12-16 08:46:00-05:00,609.75,609.75,609.75,609.75,100.0,1.0,609.75
QQQ,2025-12-16 08:53:00-05:00,608.56,608.56,608.48,608.48,400.0,3.0,608.53
QQQ,2025-12-16 08:57:00-05:00,608.81,608.82,608.81,608.82,320.0,4.0,608.811379
QQQ,2025-12-16 09:01:00-05:00,608.29,608.29,608.16,608.16,400.0,3.0,608.23
QQQ,2025-12-16 09:03:00-05:00,608.38,608.38,608.38,608.38,200.0,1.0,608.38
QQQ,2025-12-16 09:18:00-05:00,609.37,609.37,609.37,609.37,250.0,3.0,609.37
QQQ,2025-12-17 08:14:00-05:00,614.4,614.47,613.71,613.74,1539.0,22.0,614.040144
QQQ,2025-12-17 08:15:00-05:00,613.76,614.1,613.76,614.1,430.0,5.0,613.93
QQQ,2025-12-17 08:16:00-05:00,614.15,614.16,613.54,613.54,649.0,7.0,613.941387
QQQ,2025-12-17 08:17:00-05:00,613.53,613.53,612.98,613.03,485.0,5.0,613.156667
QQQ,2025-12-17 08:18:00-05:00,612.83,613.22,612.83,613.22,550.0,4.0,613.007273
QQQ,2025-12-17 08:19:00-05:00,613.58,613.58,613.22,613.22,454.0,8.0,613.342468
QQQ,2025-12-17 08:20:00-05:00,612.73,612.79,612.73,612.79,400.0,3.0,612.758
QQQ,2025-12-17 08:21:00-05:00,612.98,612.98,612.98,612.98,200.0,1.0,612.98
QQQ,2025-12-17 08:22:00-05:00,612.87,612.9,612.86,612.9,400.0,3.0,612.8825
QQQ,2025-12-17 08:23:00-05:00,613.09,613.1,612.87,612.87,977.0,6.0,612.982497
QQQ,2025-12-17 08:24:00-05:00,613.1,613.1,613.1,613.1,40.0,1.0,613.1
QQQ,2025-12-17 08:25:00-05:00,613.24,613.24,613.24,613.24,40.0,1.0,613.24
QQQ,2025-12-17 08:26:00-05:00,613.3,613.3,613.3,613.3,40.0,1.0,613.3
QQQ,2025-12-17 08:28:00-05:00,613.42,613.42,613.42,613.42,50.0,1.0,613.42
QQQ,2025-12-17 08:32:00-05:00,613.6,613.6,613.59,613.59,160.0,3.0,613.593333
QQQ,2025-12-17 08:37:00-05:00,613.28,613.28,613.28,613.28,50.0,1.0,613.28
QQQ,2025-12-17 08:56:00-05:00,613.84,613.84,613.84,613.84,40.0,1.0,613.84
QQQ,2025-12-17 08:58:00-05:00,614.08,614.08,614.08,614.08,40.0,1.0,614.08
QQQ,2025-12-17 08:59:00-05:00,614.1,614.1,614.1,614.1,40.0,1.0,614.1
QQQ,2025-12-17 09:12:00-05:00,613.66,613.66,613.58,613.58,180.0,3.0,613.606667
QQQ,2025-12-17 09:20:00-05:00,613.58,613.58,613.58,613.58,50.0,1.0,613.58
QQQ,2025-12-17 09:25:00-05:00,613.4,613.4,613.4,613.4,200.0,1.0,613.4
QQQ,2025-12-17 09:28:00-05:00,613.24,613.24,613.24,613.24,200.0,1.0,613.24
QQQ,2025-12-18 08:00:00-05:00,605.63,605.63,605.63,605.63,40.0,1.0,605.63
QQQ,2025-12-18 08:16:00-05:00,605.97,605.97,605.97,605.97,100.0,1.0,605.97
QQQ,2025-12-18 08:32:00-05:00,607.25,607.25,607.25,607.25,40.0,1.0,607.25
QQQ,2025-12-18 08:33:00-05:00,607.41,607.47,607.3,607.47,130.0,3.0,607.386154
QQQ,2025-12-18 08:34:00-05:00,607.51,607.51,607.51,607.51,110.0,3.0,607.51
QQQ,2025-12-18 08:37:00-05:00,607.67,607.67,607.67,607.67,70.0,2.0,607.67
QQQ,2025-12-18 08:38:00-05:00,607.84,608.36,607.84,608.35,410.0,5.0,608.150488
QQQ,2025-12-18 08:40:00-05:00,608.74,608.95,608.74,608.95,170.0,4.0,608.820769
QQQ,2025-12-18 08:42:00-05:00,608.78,608.94,608.78,608.94,100.0,2.0,608.86
QQQ,2025-12-18 08:44:00-05:00,609.07,609.19,609.07,609.19,90.0,2.0,609.136667
QQQ,2025-12-18 08:53:00-05:00,608.56,608.56,608.56,608.56,175.0,2.0,608.56
QQQ,2025-12-18 09:02:00-05:00,608.98,608.99,608.98,608.99,450.0,4.0,608.984444
QQQ,2025-12-18 09:05:00-05:00,608.95,608.95,608.95,608.95,60.0,1.0,608.95
QQQ,2025-12-18 09:07:00-05:00,609.19,609.19,609.19,609.19,270.0,3.0,609.19
QQQ,2025-12-18 09:09:00-05:00,609.23,609.23,609.23,609.23,40.0,1.0,609.23
QQQ,2025-12-18 09:12:00-05:00,609.54,609.54,609.54,609.54,40.0,1.0,609.54
QQQ,2025-12-18 09:13:00-05:00,609.31,609.37,609.16,609.37,810.0,13.0,609.334872
QQQ,2025-12-18 09:15:00-05:00,609.5,609.5,609.5,609.5,40.0,1.0,609.5
QQQ,2025-12-18 09:19:00-05:00,609.58,609.58,609.58,609.58,50.0,1.0,609.58
QQQ,2025-12-18 09:24:00-05:00,609.3,609.3,609.3,609.3,80.0,1.0,609.3
QQQ,2025-12-18 09:29:00-05:00,609.75,609.75,609.75,609.75,170.0,1.0,609.75
QQQ,2025-12-19 08:14:00-05:00,610.8,610.8,610.8,610.8,50.0,1.0,610.8
QQQ,2025-12-19 08:31:00-05:00,610.85,610.92,610.85,610.92,445.0,4.0,610.885294
QQQ,2025-12-19 08:37:00-05:00,611.16,611.28,611.16,611.28,170.0,4.0,611.236667
QQQ,2025-12-19 08:43:00-05:00,611.01,611.03,611.01,611.03,150.0,3.0,611.02
QQQ,2025-12-19 08:58:00-05:00,611.07,611.07,611.07,611.07,50.0,1.0,611.07
QQQ,2025-12-19 09:03:00-05:00,610.58,610.58,610.58,610.58,40.0,1.0,610.58
QQQ,2025-12-19 09:08:00-05:00,611.26,611.26,611.2,611.2,175.0,2.0,611.217143
QQQ,2025-12-19 09:10:00-05:00,611.24,611.25,611.24,611.25,275.0,4.0,611.245455
QQQ,2025-12-19 09:11:00-05:00,611.37,611.42,611.37,611.42,241.0,5.0,611.390362
QQQ,2025-12-19 09:15:00-05:00,611.48,611.5,611.48,611.5,295.0,5.0,611.485455
QQQ,2025-12-19 09:16:00-05:00,611.62,611.8,611.57,611.8,770.0,8.0,611.687667
QQQ,2025-12-19 09:18:00-05:00,611.86,611.88,611.86,611.88,170.0,4.0,611.87
QQQ,2025-12-19 09:20:00-05:00,612.17,612.17,612.08,612.08,363.0,3.0,612.122985
QQQ,2025-12-19 09:21:00-05:00,612.36,612.36,612.36,612.36,40.0,1.0,612.36
QQQ,2025-12-19 09:25:00-05:00,611.64,611.64,611.64,611.64,250.0,3.0,611.64
QQQ,2025-12-19 09:27:00-05:00,611.52,611.52,611.16,611.16,455.0,2.0,611.298462
QQQ,2025-12-19 09:29:00-05:00,612.2,612.2,612.2,612.2,280.0,1.0,612.2
QQQ,2025-12-22 08:23:00-05:00,620.62,620.62,620.62,620.62,150.0,3.0,620.62
QQQ,2025-12-22 08:26:00-05:00,620.7,620.7,620.7,620.7,40.0,1.0,620.7
QQQ,2025-12-22 08:27:00-05:00,620.6,620.6,620.6,620.6,300.0,1.0,620.6
QQQ,2025-12-22 08:33:00-05:00,620.5,620.5,620.5,620.5,100.0,1.0,620.5
QQQ,2025-12-22 08:39:00-05:00,620.32,620.32,620.32,620.32,100.0,1.0,620.32
QQQ,2025-12-22 08:40:00-05:00,620.3,620.3,620.29,620.29,350.0,4.0,620.295714
QQQ,2025-12-22 09:02:00-05:00,620.72,620.72,620.72,620.72,350.0,3.0,620.72
QQQ,2025-12-22 09:06:00-05:00,620.89,620.89,620.89,620.89,50.0,1.0,620.89
QQQ,2025-12-22 09:10:00-05:00,621.06,621.06,621.06,621.06,221.0,4.0,621.06
QQQ,2025-12-22 09:12:00-05:00,621.02,621.02,621.02,621.02,300.0,1.0,621.02
QQQ,2025-12-22 09:13:00-05:00,620.96,620.96,620.96,620.96,40.0,1.0,620.96
QQQ,2025-12-22 09:16:00-05:00,621.09,621.1,621.09,621.1,120.0,3.0,621.095
QQQ,2025-12-22 09:19:00-05:00,621.23,621.23,621.23,621.23,100.0,1.0,621.23
QQQ,2025-12-22 09:23:00-05:00,621.15,621.26,621.15,621.26,270.0,7.0,621.2075
QQQ,2025-12-22 09:25:00-05:00,621.24,621.24,621.24,621.24,239.0,9.0,621.24
QQQ,2025-12-22 09:26:00-05:00,621.22,621.27,621.22,621.23,590.0,17.0,621.242045
QQQ,2025-12-22 09:27:00-05:00,621.16,621.16,621.08,621.11,746.0,13.0,621.110549
QQQ,2025-12-22 09:29:00-05:00,621.38,621.38,621.34,621.34,600.0,3.0,621.36
QQQ,2025-12-23 08:37:00-05:00,618.02,618.02,618.01,618.01,250.0,3.0,618.016
QQQ,2025-12-23 08:38:00-05:00,618.04,618.04,618.04,618.04,100.0,2.0,618.04
QQQ,2025-12-23 08:39:00-05:00,617.87,617.87,617.43,617.44,200.0,3.0,617.5425
QQQ,2025-12-23 08:40:00-05:00,617.52,617.52,617.52,617.52,120.0,2.0,617.52
QQQ,2025-12-23 08:44:00-05:00,618.06,618.06,618.05,618.06,350.0,3.0,618.057143
QQQ,2025-12-23 08:45:00-05:00,618.12,618.19,618.05,618.19,490.0,6.0,618.127778
QQQ,2025-12-23 08:46:00-05:00,618.16,618.16,618.1,618.1,500.0,5.0,618.128
QQQ,2025-12-23 08:51:00-05:00,617.96,617.96,617.96,617.96,50.0,1.0,617.96
QQQ,2025-12-23 09:06:00-05:00,617.74,617.74,617.69,617.69,290.0,6.0,617.708
QQQ,2025-12-23 09:07:00-05:00,617.63,617.66,617.5,617.5,250.0,5.0,617.61
QQQ,2025-12-23 09:13:00-05:00,617.66,617.66,617.66,617.66,40.0,1.0,617.66
QQQ,2025-12-23 09:15:00-05:00,617.77,617.77,617.77,617.77,40.0,1.0,617.77
QQQ,2025-12-23 09:22:00-05:00,617.91,617.91,617.91,617.91,160.0,3.0,617.91
QQQ,2025-12-23 09:28:00-05:00,618.23,618.23,618.23,618.23,105.0,1.0,618.23
QQQ,2025-12-24 08:16:00-05:00,622.29,622.29,622.29,622.29,66.0,2.0,622.29
QQQ,2025-12-24 08:26:00-05:00,622.36,622.36,622.36,622.36,50.0,1.0,622.36
QQQ,2025-12-24 08:40:00-05:00,622.55,622.55,622.55,622.55,100.0,1.0,622.55
QQQ,2025-12-24 08:53:00-05:00,622.86,622.86,622.86,622.86,300.0,1.0,622.86
QQQ,2025-12-24 08:54:00-05:00,622.77,622.77,622.77,622.77,150.0,2.0,622.77
QQQ,2025-12-26 08:24:00-05:00,624.65,624.65,624.65,624.65,60.0,1.0,624.65
QQQ,2025-12-26 08:27:00-05:00,624.68,624.68,624.68,624.68,300.0,1.0,624.68
QQQ,2025-12-26 08:33:00-05:00,624.78,624.78,624.78,624.78,50.0,1.0,624.78
QQQ,2025-12-26 08:34:00-05:00,624.84,624.87,624.84,624.87,400.0,3.0,624.862105
QQQ,2025-12-26 08:48:00-05:00,624.93,624.93,624.93,624.93,100.0,1.0,624.93
QQQ,2025-12-26 08:59:00-05:00,624.59,624.59,624.59,624.59,120.0,2.0,624.59
QQQ,2025-12-26 09:10:00-05:00,624.59,624.59,624.59,624.59,50.0,1.0,624.59
QQQ,2025-12-26 09:19:00-05:00,624.85,624.85,624.85,624.85,100.0,1.0,624.85
QQQ,2025-12-26 09:27:00-05:00,624.56,624.56,624.56,624.56,300.0,1.0,624.56
QQQ,2025-12-29 08:09:00-05:00,621.23,621.23,621.23,621.23,65.0,2.0,621.23
QQQ,2025-12-29 08:27:00-05:00,621.11,621.11,621.11,621.11,92.0,3.0,621.11
QQQ,2025-12-29 08:46:00-05:00,620.9,620.9,620.9,620.9,200.0,2.0,620.9
QQQ,2025-12-29 08:48:00-05:00,619.82,619.82,619.82,619.82,140.0,1.0,619.82
QQQ,2025-12-29 08:52:00-05:00,619.21,619.21,619.21,619.21,300.0,2.0,619.21
QQQ,2025-12-29 08:53:00-05:00,619.3,619.3,619.3,619.3,170.0,1.0,619.3
QQQ,2025-12-29 08:56:00-05:00,619.73,619.73,619.73,619.73,136.0,4.0,619.73
QQQ,2025-12-29 08:59:00-05:00,619.94,619.94,619.94,619.94,350.0,3.0,619.94
QQQ,2025-12-29 09:01:00-05:00,619.84,619.84,619.84,619.84,130.0,2.0,619.84
QQQ,2025-12-29 09:13:00-05:00,619.71,619.71,619.71,619.71,80.0,2.0,619.71
QQQ,2025-12-29 09:19:00-05:00,619.23,619.23,619.23,619.23,300.0,1.0,619.23
QQQ,2025-12-30 08:31:00-05:00,620.45,620.45,620.45,620.45,40.0,1.0,620.45
QQQ,2025-12-30 08:38:00-05:00,619.97,619.97,619.97,619.97,250.0,3.0,619.97
QQQ,2025-12-30 08:50:00-05:00,619.92,619.92,619.91,619.91,130.0,5.0,619.915556
QQQ,2025-12-30 08:55:00-05:00,619.93,619.93,619.93,619.93,125.0,2.0,619.93
QQQ,2025-12-30 09:10:00-05:00,620.28,620.28,620.28,620.28,150.0,5.0,620.28
QQQ,2025-12-30 09:26:00-05:00,620.09,620.09,620.09,620.09,47.0,1.0,620.09
QQQ,2025-12-30 09:28:00-05:00,619.9,619.9,619.9,619.9,137.0,2.0,619.9
QQQ,2025-12-31 08:24:00-05:00,618.8,618.8,618.8,618.8,60.0,1.0,618.8
QQQ,2025-12-31 08:49:00-05:00,619.72,619.72,619.7,619.7,600.0,7.0,619.70463
QQQ,2025-12-31 08:51:00-05:00,620.15,620.17,620.15,620.17,370.0,9.0,620.160638
QQQ,2025-12-31 09:00:00-05:00,620.38,620.38,620.38,620.38,300.0,1.0,620.38
QQQ,2025-12-31 09:17:00-05:00,620.14,620.14,620.14,620.14,301.0,2.0,620.14
QQQ,2026-01-02 08:22:00-05:00,620.43,620.44,620.43,620.44,175.0,3.0,620.436667
QQQ,2026-01-02 08:29:00-05:00,620.33,620.33,620.33,620.33,185.0,3.0,620.33
QQQ,2026-01-02 08:47:00-05:00,620.27,620.27,620.27,620.27,125.0,3.0,620.27
QQQ,2026-01-02 08:58:00-05:00,620.14,620.14,620.14,620.14,80.0,2.0,620.14
QQQ,2026-01-02 09:04:00-05:00,620.4,620.4,620.39,620.39,220.0,5.0,620.392703
QQQ,2026-01-02 09:13:00-05:00,619.82,619.82,619.82,619.82,105.0,2.0,619.82
QQQ,2026-01-02 09:22:00-05:00,619.62,619.62,619.62,619.62,40.0,1.0,619.62
QQQ,2026-01-02 09:27:00-05:00,620.16,620.2,620.16,620.2,600.0,2.0,620.18
QQQ,2026-01-02 09:28:00-05:00,620.19,620.19,620.19,620.19,300.0,1.0,620.19
QQQ,2026-01-05 08:33:00-05:00,617.22,617.22,617.22,617.22,300.0,1.0,617.22
QQQ,2026-01-05 08:45:00-05:00,617.07,617.07,617.07,617.07,50.0,2.0,617.07
QQQ,2026-01-05 08:49:00-05:00,617.35,617.35,617.35,617.35,300.0,1.0,617.35
QQQ,2026-01-05 08:57:00-05:00,618.06,618.06,618.06,618.06,85.0,3.0,618.06
QQQ,2026-01-05 09:00:00-05:00,618.04,618.04,618.04,618.04,300.0,1.0,618.04
QQQ,2026-01-05 09:01:00-05:00,618.17,618.17,618.17,618.17,101.0,2.0,618.17
QQQ,2026-01-05 09:02:00-05:00,618.23,618.23,618.23,618.23,265.0,5.0,618.23
QQQ,2026-01-05 09:03:00-05:00,618.36,618.41,618.36,618.41,231.0,4.0,618.373812
QQQ,2026-01-05 09:04:00-05:00,618.59,618.59,618.59,618.59,85.0,3.0,618.59
QQQ,2026-01-05 09:05:00-05:00,618.54,618.54,618.32,618.32,365.0,3.0,618.514118
QQQ,2026-01-05 09:06:00-05:00,618.31,618.35,618.28,618.35,263.0,5.0,618.326538
QQQ,2026-01-05 09:19:00-05:00,618.74,618.74,618.71,618.71,601.0,6.0,618.722414
QQQ,2026-01-05 09:22:00-05:00,618.7,618.7,618.7,618.7,325.0,2.0,618.7
QQQ,2026-01-05 09:28:00-05:00,618.79,618.8,618.79,618.8,600.0,2.0,618.795
QQQ,2026-01-05 09:29:00-05:00,619.38,619.38,619.28,619.34,2141.0,9.0,619.329159
QQQ,2026-01-06 08:14:00-05:00,619.16,619.16,619.16,619.16,40.0,1.0,619.16
QQQ,2026-01-06 08:22:00-05:00,619.13,619.13,619.13,619.13,40.0,1.0,619.13
QQQ,2026-01-06 08:30:00-05:00,618.89,618.89,618.89,618.89,40.0,1.0,618.89
QQQ,2026-01-06 08:45:00-05:00,618.86,618.86,618.86,618.86,80.0,1.0,618.86
QQQ,2026-01-06 08:50:00-05:00,618.5,618.5,618.5,618.5,145.0,2.0,618.5
QQQ,2026-01-06 09:00:00-05:00,618.67,618.67,618.66,618.66,350.0,2.0,618.661429
QQQ,2026-01-06 09:01:00-05:00,618.45,618.45,618.45,618.45,100.0,3.0,618.45
QQQ,2026-01-06 09:03:00-05:00,618.45,618.45,618.45,618.45,50.0,1.0,618.45
QQQ,2026-01-06 09:04:00-05:00,618.61,618.61,618.61,618.61,175.0,2.0,618.61
QQQ,2026-01-06 09:14:00-05:00,618.72,618.74,618.72,618.74,190.0,5.0,618.73
QQQ,2026-01-06 09:26:00-05:00,619.06,619.06,619.06,619.06,300.0,1.0,619.06
QQQ,2026-01-06 09:28:00-05:00,619.23,619.23,619.23,619.23,300.0,1.0,619.23
QQQ,2026-01-07 08:09:00-05:00,622.29,622.29,622.29,622.29,170.0,3.0,622.29
QQQ,2026-01-07 08:28:00-05:00,622.55,622.55,622.55,622.55,280.0,1.0,622.55
QQQ,2026-01-07 08:31:00-05:00,622.97,622.97,622.97,622.97,40.0,1.0,622.97
QQQ,2026-01-07 08:33:00-05:00,622.81,622.81,622.81,622.81,80.0,1.0,622.81
QQQ,2026-01-07 08:37:00-05:00,622.68,622.68,622.68,622.68,100.0,2.0,622.68
QQQ,2026-01-07 08:39:00-05:00,622.81,622.91,622.79,622.91,470.0,8.0,622.8375
QQQ,2026-01-07 08:41:00-05:00,622.95,622.95,622.95,622.95,92.0,3.0,622.95
QQQ,2026-01-07 08:43:00-05:00,623.07,623.07,623.07,623.07,300.0,1.0,623.07
QQQ,2026-01-07 08:44:00-05:00,623.08,623.08,623.06,623.06,350.0,2.0,623.062857
QQQ,2026-01-07 08:51:00-05:00,622.64,622.64,622.64,622.64,50.0,1.0,622.64
QQQ,2026-01-07 08:52:00-05:00,622.8,622.8,622.8,622.8,50.0,1.0,622.8
QQQ,2026-01-07 09:00:00-05:00,622.9,622.9,622.9,622.9,51.0,2.0,622.9
QQQ,2026-01-07 09:04:00-05:00,622.73,622.73,622.73,622.73,50.0,1.0,622.73
QQQ,2026-01-07 09:06:00-05:00,622.37,622.37,622.35,622.35,200.0,3.0,622.3565
QQQ,2026-01-07 09:11:00-05:00,622.58,622.58,622.58,622.58,250.0,2.0,622.58
QQQ,2026-01-07 09:21:00-05:00,622.7,622.7,622.7,622.7,100.0,1.0,622.7
QQQ,2026-01-08 08:12:00-05:00,622.93,622.94,622.93,622.94,200.0,2.0,622.935
QQQ,2026-01-08 08:33:00-05:00,623.02,623.04,623.02,623.04,80.0,2.0,623.03
QQQ,2026-01-08 08:40:00-05:00,623.33,623.33,623.33,623.33,100.0,1.0,623.33
QQQ,2026-01-08 08:45:00-05:00,623.28,623.28,623.28,623.28,180.0,4.0,623.28
QQQ,2026-01-08 09:04:00-05:00,623.4,623.42,623.4,623.42,200.0,3.0,623.4075
QQQ,2026-01-08 09:11:00-05:00,623.58,623.58,623.58,623.58,300.0,1.0,623.58
QQQ,2026-01-08 09:18:00-05:00,623.19,623.19,623.19,623.19,50.0,1.0,623.19
QQQ,2026-01-08 09:19:00-05:00,623.19,623.19,623.08,623.08,490.0,3.0,623.178776
QQQ,2026-01-08 09:20:00-05:00,623.05,623.05,623.05,623.05,300.0,1.0,623.05
QQQ,2026-01-09 08:16:00-05:00,621.84,621.84,621.84,621.84,40.0,1.0,621.84
QQQ,2026-01-09 08:31:00-05:00,622.34,622.45,622.3,622.45,285.0,6.0,622.357143
QQQ,2026-01-09 08:32:00-05:00,622.17,622.17,622.17,622.17,50.0,2.0,622.17
QQQ,2026-01-09 08:34:00-05:00,622.64,622.8,622.64,622.8,180.0,2.0,622.728889
QQQ,2026-01-09 08:36:00-05:00,623.52,623.53,623.5,623.5,340.0,6.0,623.523333
QQQ,2026-01-09 08:37:00-05:00,623.37,623.37,623.37,623.37,120.0,3.0,623.37
QQQ,2026-01-09 08:38:00-05:00,623.26,623.26,623.26,623.26,50.0,1.0,623.26
QQQ,2026-01-09 08:39:00-05:00,623.26,623.26,623.25,623.25,450.0,2.0,623.253333
QQQ,2026-01-09 08:40:00-05:00,623.38,623.38,623.38,623.38,150.0,1.0,623.38
QQQ,2026-01-09 08:41:00-05:00,623.29,623.29,623.29,623.29,150.0,1.0,623.29
QQQ,2026-01-09 08:43:00-05:00,623.27,623.27,623.27,623.27,120.0,1.0,623.27
QQQ,2026-01-09 08:46:00-05:00,623.39,623.39,623.39,623.39,50.0,1.0,623.39
QQQ,2026-01-09 08:51:00-05:00,623.31,623.31,623.16,623.16,385.0,5.0,623.246
QQQ,2026-01-09 08:56:00-05:00,623.41,623.41,623.41,623.41,60.0,1.0,623.41
QQQ,2026-01-09 08:58:00-05:00,623.4,623.41,623.4,623.41,495.0,4.0,623.406316
QQQ,2026-01-09 09:01:00-05:00,623.75,623.75,623.71,623.71,120.0,3.0,623.73
QQQ,2026-01-09 09:03:00-05:00,623.93,623.94,623.93,623.94,240.0,4.0,623.932273
QQQ,2026-01-09 09:08:00-05:00,623.34,623.35,623.34,623.35,260.0,3.0,623.347083
QQQ,2026-01-09 09:11:00-05:00,622.91,622.91,622.91,622.91,160.0,2.0,622.91
QQQ,2026-01-09 09:12:00-05:00,622.78,622.78,622.41,622.41,250.0,3.0,622.694
QQQ,2026-01-09 09:14:00-05:00,622.7,622.7,622.64,622.64,320.0,3.0,622.66
QQQ,2026-01-09 09:18:00-05:00,622.12,622.18,621.96,621.96,920.0,13.0,622.052444
QQQ,2026-01-09 09:22:00-05:00,621.79,621.79,621.33,621.33,120.0,3.0,621.56
QQQ,2026-01-09 09:24:00-05:00,621.5,621.5,621.5,621.5,300.0,1.0,621.5
QQQ,2026-01-09 09:25:00-05:00,621.66,621.66,621.66,621.66,300.0,1.0,621.66
QQQ,2026-01-12 08:13:00-05:00,622.03,622.03,622.03,622.03,120.0,1.0,622.03
QQQ,2026-01-12 08:43:00-05:00,622.27,622.27,622.27,622.27,50.0,1.0,622.27
QQQ,2026-01-12 08:57:00-05:00,622.59,622.59,622.59,622.59,300.0,1.0,622.59
QQQ,2026-01-12 09:04:00-05:00,622.29,622.29,622.29,622.29,300.0,1.0,622.29
QQQ,2026-01-12 09:06:00-05:00,622.42,622.42,622.42,622.42,300.0,1.0,622.42
QQQ,2026-01-12 09:07:00-05:00,622.3,622.3,622.3,622.3,50.0,1.0,622.3
QQQ,2026-01-12 09:08:00-05:00,622.11,622.11,622.11,622.11,40.0,1.0,622.11
QQQ,2026-01-12 09:16:00-05:00,621.88,621.91,621.88,621.91,150.0,3.0,621.893333
QQQ,2026-01-12 09:19:00-05:00,622.11,622.11,622.11,622.11,150.0,1.0,622.11
QQQ,2026-01-12 09:27:00-05:00,621.82,621.85,621.82,621.85,600.0,2.0,621.835
QQQ,2026-01-13 08:23:00-05:00,625.84,625.84,625.84,625.84,50.0,1.0,625.84
QQQ,2026-01-13 08:26:00-05:00,626.11,626.11,626.11,626.11,100.0,1.0,626.11
QQQ,2026-01-13 08:30:00-05:00,628.27,628.34,628.16,628.34,745.0,12.0,628.280719
QQQ,2026-01-13 08:31:00-05:00,628.46,629.32,628.46,629.3,736.0,10.0,628.89483
QQQ,2026-01-13 08:32:00-05:00,629.45,629.45,629.45,629.45,92.0,4.0,629.45
QQQ,2026-01-13 08:33:00-05:00,629.29,629.39,628.59,628.59,1150.0,17.0,628.974312
QQQ,2026-01-13 08:34:00-05:00,628.7,628.7,628.69,628.69,250.0,3.0,628.698
QQQ,2026-01-13 08:35:00-05:00,629.14,629.14,629.14,629.14,53.0,2.0,629.14
QQQ,2026-01-13 08:36:00-05:00,628.65,628.65,628.65,628.65,41.0,2.0,628.65
QQQ,2026-01-13 08:38:00-05:00,628.44,628.44,628.44,628.44,150.0,1.0,628.44
QQQ,2026-01-13 08:39:00-05:00,627.72,628.07,627.72,628.07,350.0,4.0,628.021429
QQQ,2026-01-13 08:40:00-05:00,628.15,628.15,628.15,628.15,40.0,1.0,628.15
QQQ,2026-01-13 08:42:00-05:00,628.26,628.33,628.26,628.33,140.0,3.0,628.302857
QQQ,2026-01-13 08:43:00-05:00,628.28,628.38,628.28,628.38,550.0,3.0,628.34
QQQ,2026-01-13 08:48:00-05:00,627.92,627.93,627.92,627.93,178.0,4.0,627.924234
QQQ,2026-01-13 08:52:00-05:00,627.36,627.36,627.36,627.36,170.0,2.0,627.36
QQQ,2026-01-13 08:53:00-05:00,627.17,627.17,627.17,627.17,60.0,2.0,627.17
QQQ,2026-01-13 08:57:00-05:00,627.53,627.53,627.53,627.53,50.0,1.0,627.53
QQQ,2026-01-13 09:02:00-05:00,627.71,627.71,627.71,627.71,300.0,3.0,627.71
QQQ,2026-01-13 09:09:00-05:00,627.71,627.75,627.71,627.75,150.0,2.0,627.723333
QQQ,2026-01-13 09:10:00-05:00,627.74,627.74,627.7,627.7,100.0,2.0,627.72
QQQ,2026-01-13 09:12:00-05:00,627.62,627.62,627.62,627.62,250.0,2.0,627.62
QQQ,2026-01-13 09:20:00-05:00,628.11,628.11,628.09,628.09,250.0,2.0,628.094
QQQ,2026-01-14 08:10:00-05:00,623.15,623.15,623.15,623.15,120.0,2.0,623.15
QQQ,2026-01-14 08:30:00-05:00,623.13,623.13,623.13,623.13,50.0,1.0,623.13
QQQ,2026-01-14 08:36:00-05:00,622.76,622.9,622.76,622.89,200.0,3.0,622.8275
QQQ,2026-01-14 08:47:00-05:00,622.35,622.35,622.35,622.35,170.0,4.0,622.35
QQQ,2026-01-14 08:53:00-05:00,622.67,622.67,622.67,622.67,150.0,2.0,622.67
QQQ,2026-01-14 08:58:00-05:00,622.57,622.6,622.57,622.6,450.0,4.0,622.59
QQQ,2026-01-14 08:59:00-05:00,622.65,622.67,622.59,622.59,760.0,11.0,622.653043
QQQ,2026-01-14 09:00:00-05:00,622.68,622.68,622.68,622.68,300.0,1.0,622.68
QQQ,2026-01-14 09:01:00-05:00,622.83,622.83,622.83,622.83,100.0,1.0,622.83
QQQ,2026-01-14 09:08:00-05:00,622.24,622.24,622.23,622.23,120.0,3.0,622.235
QQQ,2026-01-14 09:09:00-05:00,622.51,622.51,622.51,622.51,50.0,1.0,622.51
QQQ,2026-01-14 09:13:00-05:00,622.39,622.39,622.39,622.39,110.0,2.0,622.39
QQQ,2026-01-14 09:21:00-05:00,622.51,622.51,622.49,622.49,270.0,5.0,622.5
QQQ,2026-01-14 09:25:00-05:00,622.92,622.93,622.92,622.93,450.0,3.0,622.923333
QQQ,2026-01-14 09:28:00-05:00,622.29,622.29,622.29,622.29,600.0,3.0,622.29
QQQ,2026-01-14 09:29:00-05:00,622.27,622.27,622.27,622.27,300.0,1.0,622.27
QQQ,2026-01-15 08:03:00-05:00,624.69,624.69,624.69,624.69,40.0,1.0,624.69
QQQ,2026-01-15 08:05:00-05:00,624.95,624.95,624.95,624.95,40.0,1.0,624.95
QQQ,2026-01-15 08:11:00-05:00,625.21,625.21,625.21,625.21,70.0,2.0,625.21
QQQ,2026-01-15 08:26:00-05:00,625.18,625.18,625.18,625.18,62.0,3.0,625.18
QQQ,2026-01-15 08:29:00-05:00,625.27,625.27,625.27,625.27,43.0,1.0,625.27
QQQ,2026-01-15 08:30:00-05:00,625.25,625.25,625.25,625.25,80.0,1.0,625.25
QQQ,2026-01-15 08:34:00-05:00,625.65,625.65,625.4,625.4,370.0,3.0,625.614286
QQQ,2026-01-15 08:37:00-05:00,625.53,625.53,625.53,625.53,125.0,1.0,625.53
QQQ,2026-01-15 08:38:00-05:00,625.67,625.74,625.67,625.74,230.0,2.0,625.724783
QQQ,2026-01-15 08:40:00-05:00,625.7,625.7,625.7,625.7,230.0,3.0,625.7
QQQ,2026-01-15 08:42:00-05:00,625.83,625.83,625.83,625.83,300.0,1.0,625.83
QQQ,2026-01-15 08:47:00-05:00,626.14,626.14,626.14,626.14,310.0,2.0,626.14
QQQ,2026-01-15 08:48:00-05:00,626.17,626.17,626.17,626.17,50.0,1.0,626.17
QQQ,2026-01-15 08:49:00-05:00,626.29,626.36,626.29,626.36,110.0,3.0,626.321111
QQQ,2026-01-15 08:51:00-05:00,626.24,626.24,626.24,626.24,250.0,4.0,626.24
QQQ,2026-01-15 08:55:00-05:00,626.08,626.08,626.08,626.08,595.0,6.0,626.08
QQQ,2026-01-15 08:56:00-05:00,625.97,625.97,625.97,625.97,100.0,1.0,625.97
QQQ,2026-01-15 08:57:00-05:00,625.95,625.98,625.95,625.98,350.0,2.0,625.975714
QQQ,2026-01-15 08:59:00-05:00,625.87,625.87,625.87,625.87,320.0,2.0,625.87
QQQ,2026-01-15 09:00:00-05:00,625.88,625.88,625.88,625.88,300.0,4.0,625.88
QQQ,2026-01-15 09:02:00-05:00,625.9,625.9,625.9,625.9,40.0,1.0,625.9
QQQ,2026-01-15 09:07:00-05:00,626.33,626.33,626.33,626.33,100.0,1.0,626.33
QQQ,2026-01-15 09:14:00-05:00,626.08,626.09,626.08,626.09,150.0,3.0,626.083333
QQQ,2026-01-15 09:17:00-05:00,625.98,625.98,625.98,625.98,70.0,2.0,625.98
QQQ,2026-01-15 09:18:00-05:00,626.06,626.06,626.06,626.06,50.0,1.0,626.06
QQQ,2026-01-15 09:22:00-05:00,626.55,626.55,626.55,626.55,150.0,1.0,626.55
QQQ,2026-01-15 09:25:00-05:00,626.79,626.79,626.79,626.79,75.0,1.0,626.79
QQQ,2026-01-15 09:28:00-05:00,627.12,627.13,627.11,627.11,665.0,4.0,627.12
QQQ,2026-01-15 09:29:00-05:00,627.08,627.08,626.75,626.75,400.0,2.0,626.9975
QQQ,2026-01-16 08:15:00-05:00,624.43,624.43,624.43,624.43,40.0,1.0,624.43
QQQ,2026-01-16 08:26:00-05:00,624.45,624.45,624.45,624.45,50.0,1.0,624.45
QQQ,2026-01-16 08:43:00-05:00,624.45,624.45,624.45,624.45,280.0,1.0,624.45
QQQ,2026-01-16 09:04:00-05:00,624.65,624.65,624.65,624.65,110.0,1.0,624.65
QQQ,2026-01-16 09:13:00-05:00,624.81,624.81,624.81,624.81,540.0,2.0,624.81
QQQ,2026-01-16 09:17:00-05:00,624.81,624.81,624.8,624.8,300.0,3.0,624.803571
QQQ,2026-01-16 09:18:00-05:00,624.87,624.87,624.87,624.87,300.0,1.0,624.87
QQQ,2026-01-16 09:25:00-05:00,624.69,624.69,624.69,624.69,300.0,1.0,624.69
QQQ,2026-01-16 09:26:00-05:00,625.04,625.04,625.04,625.04,300.0,1.0,625.04
QQQ,2026-01-16 09:27:00-05:00,625.07,625.07,625.07,625.07,300.0,1.0,625.07
QQQ,2026-01-16 09:28:00-05:00,625.62,625.74,625.62,625.74,580.0,2.0,625.682069
QQQ,2026-01-20 08:26:00-05:00,611.0,611.0,610.99,610.99,175.0,2.0,610.997143
QQQ,2026-01-20 08:27:00-05:00,610.93,610.94,610.9,610.9,1025.0,4.0,610.916585
QQQ,2026-01-20 08:31:00-05:00,610.4,610.4,610.32,610.32,285.0,5.0,610.343396
QQQ,2026-01-20 08:33:00-05:00,609.63,609.63,609.63,609.63,180.0,5.0,609.63
QQQ,2026-01-20 08:45:00-05:00,609.78,609.78,609.78,609.78,320.0,2.0,609.78
QQQ,2026-01-20 08:50:00-05:00,610.29,610.29,610.29,610.29,300.0,1.0,610.29
QQQ,2026-01-20 08:52:00-05:00,610.03,610.03,610.03,610.03,300.0,1.0,610.03
QQQ,2026-01-20 08:53:00-05:00,609.89,609.9,609.89,609.9,600.0,2.0,609.895
QQQ,2026-01-20 08:58:00-05:00,610.03,610.03,610.03,610.03,40.0,1.0,610.03
QQQ,2026-01-20 09:02:00-05:00,610.5,610.5,610.5,610.5,300.0,1.0,610.5
QQQ,2026-01-20 09:14:00-05:00,610.21,610.45,610.21,610.45,1520.0,6.0,610.342
QQQ,2026-01-20 09:17:00-05:00,610.23,610.23,610.23,610.23,300.0,1.0,610.23
QQQ,2026-01-20 09:24:00-05:00,609.99,609.99,609.91,609.91,608.0,3.0,609.95
QQQ,2026-01-20 09:26:00-05:00,609.55,609.55,609.55,609.55,300.0,1.0,609.55
QQQ,2026-01-20 09:29:00-05:00,610.48,610.48,610.48,610.48,80.0,2.0,610.48
QQQ,2026-01-21 08:07:00-05:00,607.06,607.06,607.06,607.06,48.0,1.0,607.06
QQQ,2026-01-21 08:20:00-05:00,606.92,606.92,606.92,606.92,70.0,2.0,606.92
QQQ,2026-01-21 08:28:00-05:00,606.79,606.79,606.79,606.79,240.0,1.0,606.79
QQQ,2026-01-21 08:32:00-05:00,606.3,606.3,606.3,606.3,80.0,2.0,606.3
QQQ,2026-01-21 08:40:00-05:00,606.37,606.37,606.37,606.37,300.0,1.0,606.37
QQQ,2026-01-21 08:49:00-05:00,606.22,606.32,606.22,606.32,120.0,3.0,606.283333
QQQ,2026-01-21 08:54:00-05:00,607.19,607.19,607.19,607.19,320.0,2.0,607.19
QQQ,2026-01-21 08:55:00-05:00,607.47,607.65,607.47,607.65,160.0,3.0,607.598571
QQQ,2026-01-21 09:00:00-05:00,607.29,607.29,607.29,607.29,120.0,2.0,607.29
QQQ,2026-01-21 09:03:00-05:00,606.54,606.54,606.54,606.54,100.0,1.0,606.54
QQQ,2026-01-21 09:04:00-05:00,606.96,607.77,606.96,607.77,350.0,6.0,607.371724
QQQ,2026-01-21 09:08:00-05:00,608.04,608.04,608.04,608.04,100.0,1.0,608.04
QQQ,2026-01-21 09:12:00-05:00,609.4,609.4,609.4,609.4,60.0,2.0,609.4
QQQ,2026-01-21 09:13:00-05:00,609.78,609.78,609.78,609.78,165.0,3.0,609.78
QQQ,2026-01-21 09:18:00-05:00,610.02,610.02,610.02,610.02,145.0,2.0,610.02
QQQ,2026-01-21 09:20:00-05:00,609.6,609.6,609.6,609.6,145.0,2.0,609.6
QQQ,2026-01-21 09:22:00-05:00,610.59,610.59,610.59,610.59,145.0,2.0,610.59
QQQ,2026-01-21 09:23:00-05:00,610.56,610.56,610.56,610.56,145.0,2.0,610.56
QQQ,2026-01-22 08:00:00-05:00,621.66,621.66,621.66,621.66,44.0,1.0,621.66
QQQ,2026-01-22 08:28:00-05:00,621.76,621.76,621.76,621.76,160.0,2.0,621.76
QQQ,2026-01-22 08:36:00-05:00,621.83,621.83,621.7,621.7,1200.0,4.0,621.7775
QQQ,2026-01-22 08:37:00-05:00,621.72,621.72,621.72,621.72,120.0,2.0,621.72
QQQ,2026-01-22 08:46:00-05:00,621.81,621.83,621.81,621.83,260.0,2.0,621.822308
QQQ,2026-01-22 08:47:00-05:00,622.39,622.39,622.39,622.39,300.0,1.0,622.39
QQQ,2026-01-22 08:52:00-05:00,622.17,622.17,622.17,622.17,40.0,1.0,622.17
QQQ,2026-01-22 08:57:00-05:00,622.23,622.53,622.23,622.53,1040.0,6.0,622.479412
QQQ,2026-01-22 09:01:00-05:00,622.4,622.4,622.4,622.4,300.0,1.0,622.4
QQQ,2026-01-22 09:05:00-05:00,621.87,621.87,621.86,621.86,460.0,3.0,621.863478
QQQ,2026-01-22 09:09:00-05:00,621.81,621.81,621.81,621.81,100.0,1.0,621.81
QQQ,2026-01-22 09:19:00-05:00,622.4,622.4,622.4,622.4,300.0,1.0,622.4
QQQ,2026-01-22 09:20:00-05:00,622.4,622.4,622.32,622.32,421.0,4.0,622.38
QQQ,2026-01-22 09:21:00-05:00,622.25,622.25,622.15,622.15,600.0,2.0,622.2
QQQ,2026-01-22 09:28:00-05:00,622.36,622.36,622.3,622.3,1060.0,4.0,622.340189
QQQ,2026-01-23 08:09:00-05:00,620.09,620.09,620.09,620.09,160.0,2.0,620.09
QQQ,2026-01-23 08:12:00-05:00,620.18,620.18,620.18,620.18,125.0,1.0,620.18
QQQ,2026-01-23 08:22:00-05:00,619.59,619.59,619.59,619.59,180.0,3.0,619.59
QQQ,2026-01-23 08:29:00-05:00,618.89,618.89,618.89,618.89,120.0,1.0,618.89
QQQ,2026-01-23 08:38:00-05:00,619.38,619.38,619.38,619.38,150.0,3.0,619.38
QQQ,2026-01-23 08:53:00-05:00,618.78,618.78,618.78,618.78,60.0,1.0,618.78
QQQ,2026-01-23 09:04:00-05:00,618.72,618.72,618.72,618.72,50.0,1.0,618.72
QQQ,2026-01-23 09:09:00-05:00,619.07,619.07,619.07,619.07,44.0,1.0,619.07
QQQ,2026-01-23 09:13:00-05:00,618.6,618.6,618.58,618.6,555.0,6.0,618.590654
QQQ,2026-01-23 09:23:00-05:00,618.98,618.98,618.98,618.98,80.0,1.0,618.98
QQQ,2026-01-23 09:25:00-05:00,619.34,619.34,619.34,619.34,300.0,1.0,619.34
QQQ,2026-01-23 09:28:00-05:00,619.67,619.67,619.67,619.67,300.0,1.0,619.67
QQQ,2026-01-26 08:22:00-05:00,622.05,622.05,622.05,622.05,40.0,1.0,622.05
QQQ,2026-01-26 08:32:00-05:00,621.8,621.8,621.8,621.8,80.0,1.0,621.8
QQQ,2026-01-26 08:42:00-05:00,621.18,621.19,621.18,621.19,280.0,5.0,621.187273
QQQ,2026-01-26 08:46:00-05:00,621.78,621.78,621.78,621.78,180.0,3.0,621.78
QQQ,2026-01-26 08:47:00-05:00,621.81,621.81,621.81,621.81,300.0,1.0,621.81
QQQ,2026-01-26 08:50:00-05:00,622.02,622.02,622.02,622.02,100.0,1.0,622.02
QQQ,2026-01-26 08:58:00-05:00,622.51,622.51,622.51,622.51,60.0,1.0,622.51
QQQ,2026-01-26 09:01:00-05:00,622.64,622.64,622.63,622.63,600.0,4.0,622.637667
QQQ,2026-01-26 09:02:00-05:00,622.6,622.6,622.6,622.6,60.0,1.0,622.6
QQQ,2026-01-26 09:03:00-05:00,622.78,622.78,622.78,622.78,105.0,2.0,622.78
QQQ,2026-01-26 09:05:00-05:00,622.66,622.66,622.65,622.65,607.0,3.0,622.655
QQQ,2026-01-26 09:09:00-05:00,622.7,622.7,622.7,622.7,280.0,1.0,622.7
QQQ,2026-01-26 09:11:00-05:00,622.68,622.68,622.68,622.68,100.0,2.0,622.68
QQQ,2026-01-26 09:15:00-05:00,622.6,622.6,622.6,622.6,50.0,1.0,622.6
QQQ,2026-01-26 09:29:00-05:00,623.16,623.16,623.16,623.16,93.0,1.0,623.16
QQQ,2026-01-27 08:15:00-05:00,629.69,629.69,629.69,629.69,100.0,2.0,629.69
QQQ,2026-01-27 08:31:00-05:00,629.27,629.27,629.27,629.27,139.0,2.0,629.27
QQQ,2026-01-27 08:38:00-05:00,629.3,629.3,629.3,629.3,40.0,1.0,629.3
QQQ,2026-01-27 08:53:00-05:00,629.03,629.03,629.03,629.03,65.0,1.0,629.03
QQQ,2026-01-27 08:58:00-05:00,629.1,629.1,629.09,629.09,140.0,2.0,629.094286
QQQ,2026-01-27 09:05:00-05:00,629.49,629.49,629.47,629.47,340.0,7.0,629.483571
QQQ,2026-01-27 09:06:00-05:00,629.41,629.41,629.41,629.41,300.0,1.0,629.41
QQQ,2026-01-27 09:09:00-05:00,629.24,629.24,629.24,629.24,300.0,2.0,629.24
QQQ,2026-01-27 09:18:00-05:00,629.24,629.24,629.21,629.21,100.0,2.0,629.222
QQQ,2026-01-28 08:41:00-05:00,635.52,635.72,635.52,635.72,600.0,6.0,635.625634
QQQ,2026-01-28 08:45:00-05:00,635.68,635.68,635.68,635.68,40.0,1.0,635.68
QQQ,2026-01-28 08:57:00-05:00,635.8,635.8,635.8,635.8,40.0,1.0,635.8
QQQ,2026-01-28 09:03:00-05:00,635.8,635.8,635.8,635.8,220.0,3.0,635.8
QQQ,2026-01-28 09:19:00-05:00,635.08,635.08,635.08,635.08,160.0,2.0,635.08
QQQ,2026-01-28 09:22:00-05:00,635.31,635.31,635.31,635.31,40.0,1.0,635.31
QQQ,2026-01-28 09:24:00-05:00,635.57,635.57,635.57,635.57,300.0,1.0,635.57
QQQ,2026-01-29 08:10:00-05:00,633.82,633.82,633.82,633.82,55.0,1.0,633.82
QQQ,2026-01-29 08:15:00-05:00,633.58,633.58,633.58,633.58,60.0,1.0,633.58
QQQ,2026-01-29 08:23:00-05:00,633.42,633.42,633.42,633.42,120.0,2.0,633.42
QQQ,2026-01-29 08:33:00-05:00,633.79,633.79,633.79,633.79,100.0,1.0,633.79
QQQ,2026-01-29 08:41:00-05:00,634.1,634.1,634.1,634.1,300.0,1.0,634.1
QQQ,2026-01-29 08:48:00-05:00,634.22,634.22,634.22,634.22,50.0,1.0,634.22
QQQ,2026-01-29 08:54:00-05:00,634.02,634.02,634.02,634.02,340.0,4.0,634.02
QQQ,2026-01-29 09:01:00-05:00,633.89,633.89,633.89,633.89,160.0,2.0,633.89
QQQ,2026-01-29 09:03:00-05:00,633.31,633.36,633.31,633.36,380.0,9.0,633.320667
QQQ,2026-01-29 09:13:00-05:00,633.19,633.19,633.1,633.1,622.0,8.0,633.152159
QQQ,2026-01-29 09:14:00-05:00,633.03,633.03,633.01,633.01,240.0,4.0,633.021818
QQQ,2026-01-29 09:15:00-05:00,633.1,633.11,633.1,633.11,140.0,3.0,633.105714
QQQ,2026-01-29 09:16:00-05:00,633.16,633.16,633.16,633.16,120.0,2.0,633.16
QQQ,2026-01-29 09:17:00-05:00,633.1,633.17,633.1,633.17,270.0,2.0,633.154444
QQQ,2026-01-29 09:20:00-05:00,633.02,633.02,633.02,633.02,107.0,2.0,633.02
QQQ,2026-01-30 08:30:00-05:00,625.0,625.0,625.0,625.0,100.0,1.0,625.0
QQQ,2026-01-30 08:34:00-05:00,625.08,625.08,625.08,625.08,60.0,1.0,625.08
QQQ,2026-01-30 08:43:00-05:00,625.42,625.42,625.42,625.42,80.0,2.0,625.42
QQQ,2026-01-30 08:51:00-05:00,625.35,625.35,625.35,625.35,40.0,1.0,625.35
QQQ,2026-01-30 09:01:00-05:00,625.89,625.9,625.89,625.9,265.0,4.0,625.892449
QQQ,2026-01-30 09:04:00-05:00,625.32,625.32,625.32,625.32,80.0,1.0,625.32
QQQ,2026-01-30 09:14:00-05:00,625.8,625.8,625.8,625.8,40.0,1.0,625.8
QQQ,2026-01-30 09:20:00-05:00,625.64,625.64,625.64,625.64,45.0,1.0,625.64
QQQ,2026-02-02 08:00:00-05:00,617.09,617.09,617.07,617.07,330.0,4.0,617.08
QQQ,2026-02-02 08:03:00-05:00,616.78,616.78,616.78,616.78,40.0,1.0,616.78
QQQ,2026-02-02 08:04:00-05:00,616.73,616.73,616.73,616.73,40.0,1.0,616.73
QQQ,2026-02-02 08:06:00-05:00,616.94,616.94,616.94,616.94,40.0,1.0,616.94
QQQ,2026-02-02 08:13:00-05:00,617.39,617.39,617.36,617.36,80.0,2.0,617.375
QQQ,2026-02-02 08:22:00-05:00,617.23,617.23,617.23,617.23,40.0,1.0,617.23
QQQ,2026-02-02 08:24:00-05:00,617.3,617.31,617.3,617.31,240.0,2.0,617.30375
QQQ,2026-02-02 08:30:00-05:00,617.31,617.31,617.31,617.31,300.0,1.0,617.31
QQQ,2026-02-02 08:34:00-05:00,616.79,616.79,616.79,616.79,151.0,2.0,616.79
QQQ,2026-02-02 08:45:00-05:00,617.74,617.74,617.74,617.74,73.0,1.0,617.74
QQQ,2026-02-02 08:50:00-05:00,617.69,617.74,617.69,617.74,90.0,2.0,617.717778
QQQ,2026-02-02 08:51:00-05:00,617.68,617.68,617.68,617.68,300.0,1.0,617.68
QQQ,2026-02-02 08:55:00-05:00,618.42,618.42,618.42,618.42,60.0,1.0,618.42
QQQ,2026-02-02 08:57:00-05:00,618.49,618.49,618.49,618.49,60.0,1.0,618.49
QQQ,2026-02-02 08:58:00-05:00,618.4,618.4,618.4,618.4,120.0,2.0,618.4
QQQ,2026-02-02 09:00:00-05:00,618.3,618.3,618.3,618.3,80.0,2.0,618.3
QQQ,2026-02-02 09:03:00-05:00,618.72,618.72,618.7,618.7,180.0,3.0,618.71
QQQ,2026-02-02 09:05:00-05:00,618.51,618.51,618.51,618.51,210.0,2.0,618.51
QQQ,2026-02-03 08:25:00-05:00,629.33,629.33,629.33,629.33,40.0,1.0,629.33
QQQ,2026-02-03 08:42:00-05:00,629.32,629.32,629.32,629.32,50.0,1.0,629.32
QQQ,2026-02-03 09:10:00-05:00,628.89,628.89,628.89,628.89,120.0,2.0,628.89
QQQ,2026-02-03 09:18:00-05:00,628.59,628.59,628.59,628.59,100.0,1.0,628.59
QQQ,2026-02-03 09:21:00-05:00,628.7,628.7,628.7,628.7,330.0,4.0,628.7
QQQ,2026-02-03 09:29:00-05:00,628.15,628.15,628.15,628.15,160.0,1.0,628.15
QQQ,2026-02-04 08:10:00-05:00,615.04,615.04,615.01,615.01,520.0,7.0,615.0232
QQQ,2026-02-04 08:35:00-05:00,615.0,615.0,615.0,615.0,64.0,2.0,615.0
QQQ,2026-02-04 08:37:00-05:00,615.0,615.0,615.0,615.0,100.0,1.0,615.0
QQQ,2026-02-04 08:48:00-05:00,614.59,614.59,614.59,614.59,300.0,1.0,614.59
QQQ,2026-02-04 08:49:00-05:00,614.41,614.41,614.41,614.41,300.0,1.0,614.41
QQQ,2026-02-04 08:51:00-05:00,614.66,614.66,614.66,614.66,50.0,1.0,614.66
QQQ,2026-02-04 08:52:00-05:00,614.51,614.51,614.51,614.51,82.0,2.0,614.51
QQQ,2026-02-04 08:56:00-05:00,614.42,614.42,614.42,614.42,50.0,1.0,614.42
QQQ,2026-02-04 09:02:00-05:00,614.16,614.16,614.16,614.16,120.0,3.0,614.16
QQQ,2026-02-04 09:03:00-05:00,614.37,614.37,614.37,614.37,200.0,4.0,614.37
QQQ,2026-02-04 09:04:00-05:00,613.91,613.91,613.91,613.91,80.0,2.0,613.91
QQQ,2026-02-04 09:05:00-05:00,614.03,614.03,614.03,614.03,40.0,1.0,614.03
QQQ,2026-02-04 09:18:00-05:00,614.11,614.11,614.07,614.07,480.0,4.0,614.094783
QQQ,2026-02-04 09:24:00-05:00,614.51,614.51,614.51,614.51,50.0,1.0,614.51
QQQ,2026-02-05 08:03:00-05:00,601.04,601.04,601.04,601.04,120.0,1.0,601.04
QQQ,2026-02-05 08:12:00-05:00,600.99,600.99,600.99,600.99,139.0,2.0,600.99
QQQ,2026-02-05 08:20:00-05:00,600.73,600.73,600.73,600.73,40.0,1.0,600.73
QQQ,2026-02-05 08:31:00-05:00,600.19,600.19,600.19,600.19,227.0,2.0,600.19
QQQ,2026-02-05 08:32:00-05:00,601.84,601.84,601.84,601.84,60.0,1.0,601.84
QQQ,2026-02-05 08:34:00-05:00,601.6,601.6,601.6,601.6,60.0,1.0,601.6
QQQ,2026-02-05 08:37:00-05:00,602.15,602.15,602.15,602.15,40.0,1.0,602.15
QQQ,2026-02-05 08:38:00-05:00,602.52,602.53,602.52,602.53,140.0,3.0,602.525
QQQ,2026-02-05 08:39:00-05:00,601.8,601.8,601.8,601.8,60.0,1.0,601.8
QQQ,2026-02-05 08:47:00-05:00,601.15,601.15,601.14,601.14,140.0,3.0,601.145
QQQ,2026-02-05 08:48:00-05:00,601.07,601.07,601.06,601.06,127.0,3.0,601.066262
QQQ,2026-02-05 08:50:00-05:00,600.45,600.45,600.45,600.45,40.0,1.0,600.45
QQQ,2026-02-05 08:53:00-05:00,600.89,600.89,600.89,600.89,90.0,2.0,600.89
QQQ,2026-02-05 09:02:00-05:00,601.46,601.74,601.46,601.74,580.0,8.0,601.680962
QQQ,2026-02-05 09:03:00-05:00,601.54,601.54,601.54,601.54,60.0,1.0,601.54
QQQ,2026-02-05 09:06:00-05:00,601.1,601.1,601.1,601.1,50.0,1.0,601.1
QQQ,2026-02-05 09:10:00-05:00,600.68,600.68,600.56,600.58,700.0,8.0,600.650882
QQQ,2026-02-05 09:19:00-05:00,599.69,599.69,599.69,599.69,180.0,2.0,599.69
QQQ,2026-02-06 08:03:00-05:00,600.42,600.42,600.42,600.42,100.0,1.0,600.42
QQQ,2026-02-06 08:04:00-05:00,600.35,600.35,600.35,600.35,50.0,1.0,600.35
QQQ,2026-02-06 08:12:00-05:00,601.1,601.1,601.1,601.1,40.0,1.0,601.1
QQQ,2026-02-06 08:16:00-05:00,600.75,600.75,600.75,600.75,40.0,1.0,600.75
QQQ,2026-02-06 08:17:00-05:00,600.88,600.88,600.88,600.88,120.0,2.0,600.88
QQQ,2026-02-06 08:19:00-05:00,601.57,601.57,601.57,601.57,100.0,1.0,601.57
QQQ,2026-02-06 08:20:00-05:00,601.65,601.65,601.65,601.65,43.0,2.0,601.65
QQQ,2026-02-06 08:23:00-05:00,602.06,602.06,602.06,602.06,45.0,2.0,602.06
QQQ,2026-02-06 08:37:00-05:00,601.58,601.58,601.31,601.31,650.0,5.0,601.476154
QQQ,2026-02-06 09:01:00-05:00,600.96,600.96,600.96,600.96,300.0,1.0,600.96
QQQ,2026-02-06 09:02:00-05:00,601.11,601.11,600.93,600.93,150.0,2.0,600.99
QQQ,2026-02-06 09:04:00-05:00,600.63,600.68,600.63,600.68,150.0,2.0,600.646667
QQQ,2026-02-06 09:09:00-05:00,601.31,601.31,601.31,601.31,300.0,2.0,601.31
QQQ,2026-02-06 09:15:00-05:00,601.04,601.04,601.04,601.04,250.0,2.0,601.04
QQQ,2026-02-06 09:25:00-05:00,601.0,601.0,601.0,601.0,100.0,1.0,601.0
QQQ,2026-02-09 08:04:00-05:00,609.02,609.02,609.02,609.02,40.0,1.0,609.02
QQQ,2026-02-09 08:22:00-05:00,609.74,609.74,609.74,609.74,60.0,1.0,609.74
QQQ,2026-02-09 08:31:00-05:00,608.76,608.76,608.76,608.76,40.0,1.0,608.76
QQQ,2026-02-09 08:34:00-05:00,608.52,608.52,608.52,608.52,120.0,2.0,608.52
QQQ,2026-02-09 08:40:00-05:00,608.7,608.7,608.7,608.7,120.0,2.0,608.7
QQQ,2026-02-09 08:41:00-05:00,608.81,608.81,608.81,608.81,300.0,1.0,608.81
QQQ,2026-02-09 08:48:00-05:00,608.44,608.44,608.43,608.43,900.0,3.0,608.436667
QQQ,2026-02-09 08:49:00-05:00,608.53,608.58,608.52,608.58,400.0,3.0,608.5365
QQQ,2026-02-09 08:52:00-05:00,608.59,608.59,608.59,608.59,300.0,1.0,608.59
QQQ,2026-02-09 08:53:00-05:00,608.16,608.16,608.16,608.16,120.0,2.0,608.16
QQQ,2026-02-09 09:01:00-05:00,608.11,608.11,608.11,608.11,360.0,2.0,608.11
QQQ,2026-02-09 09:07:00-05:00,607.85,607.85,607.85,607.85,300.0,1.0,607.85
QQQ,2026-02-09 09:14:00-05:00,608.0,608.0,608.0,608.0,150.0,2.0,608.0
QQQ,2026-02-09 09:16:00-05:00,608.06,608.06,608.06,608.06,450.0,2.0,608.06
QQQ,2026-02-09 09:17:00-05:00,607.9,607.94,607.9,607.94,620.0,8.0,607.921429
QQQ,2026-02-09 09:18:00-05:00,607.7,607.7,607.7,607.7,300.0,1.0,607.7
QQQ,2026-02-09 09:19:00-05:00,607.26,607.26,607.26,607.26,60.0,1.0,607.26
QQQ,2026-02-09 09:20:00-05:00,607.28,607.28,607.28,607.28,50.0,1.0,607.28
QQQ,2026-02-09 09:28:00-05:00,607.79,607.79,607.79,607.79,220.0,1.0,607.79
QQQ,2026-02-10 08:02:00-05:00,614.38,614.38,614.38,614.38,60.0,1.0,614.38
QQQ,2026-02-10 08:20:00-05:00,614.44,614.44,614.44,614.44,40.0,1.0,614.44
QQQ,2026-02-10 08:30:00-05:00,613.77,613.77,613.73,613.73,80.0,2.0,613.75
QQQ,2026-02-10 08:31:00-05:00,614.06,614.06,614.06,614.06,40.0,1.0,614.06
QQQ,2026-02-10 08:33:00-05:00,614.62,614.62,614.62,614.62,60.0,1.0,614.62
QQQ,2026-02-10 08:35:00-05:00,614.45,614.45,614.45,614.45,40.0,1.0,614.45
QQQ,2026-02-10 08:49:00-05:00,614.89,614.89,614.89,614.89,130.0,2.0,614.89
QQQ,2026-02-10 08:50:00-05:00,614.85,614.85,614.85,614.85,60.0,1.0,614.85
QQQ,2026-02-10 09:02:00-05:00,615.15,615.26,615.15,615.26,255.0,4.0,615.238431
QQQ,2026-02-10 09:03:00-05:00,615.36,615.36,615.36,615.36,40.0,1.0,615.36
QQQ,2026-02-10 09:11:00-05:00,615.32,615.32,615.32,615.32,300.0,2.0,615.32
QQQ,2026-02-10 09:17:00-05:00,615.77,615.77,615.77,615.77,60.0,1.0,615.77
QQQ,2026-02-10 09:18:00-05:00,615.72,615.72,615.72,615.72,120.0,2.0,615.72
QQQ,2026-02-10 09:19:00-05:00,615.7,615.7,615.7,615.7,50.0,1.0,615.7
QQQ,2026-02-10 09:21:00-05:00,615.69,615.69,615.61,615.66,420.0,3.0,615.628571
QQQ,2026-02-10 09:28:00-05:00,615.61,615.61,615.61,615.61,240.0,1.0,615.61
QQQ,2026-02-11 08:10:00-05:00,612.06,612.06,612.06,612.06,50.0,1.0,612.06
QQQ,2026-02-11 08:19:00-05:00,612.55,612.75,612.54,612.75,325.0,5.0,612.628033
QQQ,2026-02-11 08:31:00-05:00,614.11,614.2,614.11,614.2,100.0,2.0,614.146
QQQ,2026-02-11 08:34:00-05:00,614.86,614.86,614.86,614.86,60.0,1.0,614.86
QQQ,2026-02-11 08:35:00-05:00,614.62,614.62,614.53,614.53,120.0,2.0,614.575
QQQ,2026-02-11 08:36:00-05:00,614.59,614.59,614.59,614.59,280.0,1.0,614.59
QQQ,2026-02-11 08:42:00-05:00,614.23,614.23,614.23,614.23,40.0,1.0,614.23
QQQ,2026-02-11 08:44:00-05:00,614.41,614.41,614.41,614.41,40.0,1.0,614.41
QQQ,2026-02-11 08:46:00-05:00,615.11,615.75,615.11,615.75,485.0,7.0,615.307938
QQQ,2026-02-11 08:47:00-05:00,615.72,615.72,615.72,615.72,60.0,1.0,615.72
QQQ,2026-02-11 08:48:00-05:00,615.51,615.51,615.51,615.51,60.0,2.0,615.51
QQQ,2026-02-11 08:49:00-05:00,615.75,615.75,615.75,615.75,40.0,1.0,615.75
QQQ,2026-02-11 08:50:00-05:00,615.78,615.78,615.78,615.78,60.0,1.0,615.78
QQQ,2026-02-11 08:51:00-05:00,615.53,615.53,615.53,615.53,40.0,1.0,615.53
QQQ,2026-02-11 08:52:00-05:00,615.27,615.27,615.27,615.27,60.0,1.0,615.27
QQQ,2026-02-11 08:53:00-05:00,615.79,616.09,615.79,616.09,559.0,6.0,616.045619
QQQ,2026-02-11 08:54:00-05:00,616.3,616.51,616.3,616.51,120.0,2.0,616.405
QQQ,2026-02-11 08:55:00-05:00,616.68,616.69,616.68,616.69,240.0,4.0,616.6825
QQQ,2026-02-11 08:56:00-05:00,616.83,616.83,616.83,616.83,40.0,1.0,616.83
QQQ,2026-02-11 08:58:00-05:00,616.96,616.96,616.96,616.96,40.0,1.0,616.96
QQQ,2026-02-11 09:03:00-05:00,616.79,616.79,616.77,616.77,360.0,2.0,616.786667
QQQ,2026-02-11 09:04:00-05:00,616.65,616.65,616.65,616.65,56.0,2.0,616.65
QQQ,2026-02-11 09:06:00-05:00,616.7,616.7,616.7,616.7,40.0,1.0,616.7
QQQ,2026-02-11 09:10:00-05:00,616.34,616.34,616.34,616.34,425.0,2.0,616.34
QQQ,2026-02-11 09:13:00-05:00,616.39,616.39,616.39,616.39,60.0,1.0,616.39
QQQ,2026-02-11 09:18:00-05:00,616.26,616.26,616.26,616.26,50.0,1.0,616.26
QQQ,2026-02-11 09:19:00-05:00,616.26,616.27,616.26,616.27,640.0,4.0,616.264516
QQQ,2026-02-11 09:21:00-05:00,616.3,616.3,616.3,616.3,162.0,1.0,616.3
QQQ,2026-02-11 09:27:00-05:00,616.51,616.51,616.51,616.51,300.0,1.0,616.51
QQQ,2026-02-12 08:05:00-05:00,614.73,614.73,614.73,614.73,43.0,1.0,614.73
QQQ,2026-02-12 08:15:00-05:00,614.15,614.15,614.15,614.15,40.0,1.0,614.15
QQQ,2026-02-12 08:33:00-05:00,615.16,615.16,615.16,615.16,40.0,1.0,615.16
QQQ,2026-02-12 08:40:00-05:00,616.05,616.1,616.05,616.1,430.0,3.0,616.087209
QQQ,2026-02-12 08:41:00-05:00,616.23,616.36,616.23,616.36,390.0,5.0,616.246667
QQQ,2026-02-12 08:43:00-05:00,616.49,616.49,616.49,616.49,300.0,1.0,616.49
QQQ,2026-02-12 08:49:00-05:00,615.84,615.98,615.84,615.98,750.0,4.0,615.954667
QQQ,2026-02-12 08:52:00-05:00,615.86,615.86,615.86,615.86,400.0,2.0,615.86
QQQ,2026-02-12 08:55:00-05:00,615.92,615.92,615.92,615.92,300.0,1.0,615.92
QQQ,2026-02-12 08:58:00-05:00,616.14,616.14,616.14,616.14,50.0,1.0,616.14
QQQ,2026-02-12 09:01:00-05:00,615.72,615.72,615.72,615.72,40.0,1.0,615.72
QQQ,2026-02-12 09:10:00-05:00,615.6,615.68,615.6,615.68,930.0,7.0,615.663226
QQQ,2026-02-12 09:12:00-05:00,615.49,615.49,615.49,615.49,260.0,1.0,615.49
QQQ,2026-02-12 09:14:00-05:00,615.31,615.31,615.22,615.22,1300.0,5.0,615.274615
QQQ,2026-02-12 09:15:00-05:00,615.25,615.26,615.25,615.26,300.0,2.0,615.258
QQQ,2026-02-12 09:16:00-05:00,615.35,615.35,615.35,615.35,300.0,1.0,615.35
QQQ,2026-02-12 09:21:00-05:00,615.47,615.47,615.47,615.47,100.0,1.0,615.47
QQQ,2026-02-12 09:27:00-05:00,615.0,615.0,615.0,615.0,301.0,2.0,615.0
QQQ,2026-02-13 08:13:00-05:00,597.68,597.68,597.68,597.68,40.0,1.0,597.68
QQQ,2026-02-13 08:15:00-05:00,597.8,597.8,597.8,597.8,150.0,1.0,597.8
QQQ,2026-02-13 08:25:00-05:00,599.01,599.18,599.01,599.18,180.0,2.0,599.123333
QQQ,2026-02-13 08:26:00-05:00,599.21,599.21,599.21,599.21,150.0,1.0,599.21
QQQ,2026-02-13 08:27:00-05:00,599.75,599.75,599.75,599.75,60.0,1.0,599.75
QQQ,2026-02-13 08:30:00-05:00,601.78,601.78,601.78,601.78,200.0,1.0,601.78
QQQ,2026-02-13 08:31:00-05:00,601.74,601.74,601.47,601.47,640.0,5.0,601.68129
QQQ,2026-02-13 08:32:00-05:00,601.09,601.09,600.14,600.14,850.0,10.0,600.730723
QQQ,2026-02-13 08:33:00-05:00,600.62,600.92,600.62,600.92,300.0,2.0,600.77
QQQ,2026-02-13 08:34:00-05:00,601.1,601.38,601.09,601.38,650.0,4.0,601.226154
QQQ,2026-02-13 08:35:00-05:00,601.23,601.23,601.23,601.23,46.0,2.0,601.23
QQQ,2026-02-13 08:38:00-05:00,600.95,600.95,600.95,600.95,43.0,1.0,600.95
QQQ,2026-02-13 08:41:00-05:00,601.6,601.6,601.6,601.6,40.0,1.0,601.6
QQQ,2026-02-13 08:42:00-05:00,601.59,601.59,601.59,601.59,80.0,1.0,601.59
QQQ,2026-02-13 08:46:00-05:00,600.34,600.34,600.34,600.34,125.0,1.0,600.34
QQQ,2026-02-13 08:53:00-05:00,601.54,601.54,601.54,601.54,40.0,1.0,601.54
QQQ,2026-02-13 08:55:00-05:00,601.78,601.8,601.78,601.8,350.0,3.0,601.789286
QQQ,2026-02-13 08:58:00-05:00,601.03,601.03,601.03,601.03,200.0,1.0,601.03
QQQ,2026-02-13 09:01:00-05:00,602.02,602.03,602.02,602.02,440.0,3.0,602.020909
QQQ,2026-02-13 09:10:00-05:00,600.03,600.03,600.03,600.03,50.0,1.0,600.03
QQQ,2026-02-13 09:14:00-05:00,600.42,600.42,600.42,600.42,40.0,1.0,600.42
QQQ,2026-02-13 09:16:00-05:00,600.56,600.56,600.36,600.36,350.0,3.0,600.46
QQQ,2026-02-13 09:20:00-05:00,600.28,600.28,600.28,600.28,225.0,2.0,600.28
QQQ,2026-02-17 08:21:00-05:00,596.49,596.49,596.49,596.49,40.0,1.0,596.49
QQQ,2026-02-17 08:36:00-05:00,596.61,596.61,596.6,596.6,300.0,4.0,596.604
QQQ,2026-02-17 08:47:00-05:00,596.75,596.75,596.75,596.75,40.0,1.0,596.75
QQQ,2026-02-17 08:55:00-05:00,598.53,598.53,598.53,598.53,40.0,1.0,598.53
QQQ,2026-02-17 09:00:00-05:00,597.6,597.6,597.6,597.6,40.0,1.0,597.6
QQQ,2026-02-17 09:02:00-05:00,597.45,597.45,597.42,597.42,505.0,6.0,597.431089
QQQ,2026-02-17 09:03:00-05:00,597.84,597.84,597.84,597.84,52.0,2.0,597.84
QQQ,2026-02-17 09:06:00-05:00,598.41,598.41,598.41,598.41,185.0,2.0,598.41
QQQ,2026-02-17 09:15:00-05:00,598.13,598.13,598.13,598.13,100.0,2.0,598.13
QQQ,2026-02-18 08:39:00-05:00,603.65,603.65,603.65,603.65,300.0,1.0,603.65
QQQ,2026-02-18 08:43:00-05:00,602.85,602.85,602.85,602.85,70.0,2.0,602.85
QQQ,2026-02-18 08:44:00-05:00,602.99,602.99,602.99,602.99,150.0,2.0,602.99
QQQ,2026-02-18 09:08:00-05:00,602.64,602.64,602.64,602.64,60.0,1.0,602.64
QQQ,2026-02-18 09:17:00-05:00,603.03,603.03,603.03,603.03,300.0,1.0,603.03
QQQ,2026-02-18 09:20:00-05:00,602.84,602.84,602.84,602.84,50.0,1.0,602.84
QQQ,2026-02-18 09:21:00-05:00,602.85,602.85,602.85,602.85,60.0,1.0,602.85
QQQ,2026-02-18 09:23:00-05:00,602.65,602.67,602.65,602.67,600.0,2.0,602.66
QQQ,2026-02-18 09:26:00-05:00,602.43,602.43,602.43,602.43,300.0,1.0,602.43
QQQ,2026-02-19 08:30:00-05:00,602.01,602.01,602.01,602.01,90.0,2.0,602.01
QQQ,2026-02-19 08:37:00-05:00,603.92,603.92,603.92,603.92,100.0,1.0,603.92
QQQ,2026-02-19 08:40:00-05:00,603.24,603.24,603.24,603.24,160.0,2.0,603.24
QQQ,2026-02-19 08:48:00-05:00,603.29,603.29,603.29,603.29,40.0,1.0,603.29
QQQ,2026-02-19 09:00:00-05:00,603.32,603.32,603.32,603.32,150.0,1.0,603.32
QQQ,2026-02-19 09:09:00-05:00,602.73,602.75,602.73,602.75,360.0,2.0,602.746667
QQQ,2026-02-19 09:10:00-05:00,602.79,602.79,602.79,602.79,280.0,1.0,602.79
QQQ,2026-02-19 09:20:00-05:00,603.58,603.58,603.58,603.58,145.0,1.0,603.58
QQQ,2026-02-20 08:36:00-05:00,601.75,601.75,601.75,601.75,40.0,1.0,601.75
QQQ,2026-02-20 08:38:00-05:00,601.44,601.44,601.44,601.44,125.0,1.0,601.44
QQQ,2026-02-20 08:40:00-05:00,601.16,601.16,600.65,600.65,214.0,3.0,600.848732
QQQ,2026-02-20 08:46:00-05:00,600.78,600.78,600.78,600.78,246.0,1.0,600.78
QQQ,2026-02-20 08:47:00-05:00,600.44,600.54,600.43,600.54,901.0,4.0,600.47
QQQ,2026-02-20 08:52:00-05:00,601.1,601.1,601.1,601.1,60.0,1.0,601.1
QQQ,2026-02-20 08:54:00-05:00,600.93,600.93,600.93,600.93,300.0,1.0,600.93
QQQ,2026-02-20 08:59:00-05:00,601.19,601.2,601.19,601.2,345.0,4.0,601.197101
QQQ,2026-02-20 09:00:00-05:00,601.47,601.48,601.47,601.48,120.0,2.0,601.475
QQQ,2026-02-20 09:05:00-05:00,601.49,601.49,601.49,601.49,400.0,2.0,601.49
QQQ,2026-02-20 09:20:00-05:00,599.95,599.95,599.95,599.95,40.0,1.0,599.95
QQQ,2026-02-20 09:26:00-05:00,600.4,600.4,600.4,600.4,201.0,1.0,600.4
QQQ,2026-02-23 08:13:00-05:00,605.09,605.09,605.09,605.09,40.0,1.0,605.09
QQQ,2026-02-23 08:21:00-05:00,605.37,605.37,605.37,605.37,40.0,1.0,605.37
QQQ,2026-02-23 08:35:00-05:00,605.05,605.05,605.05,605.05,40.0,1.0,605.05
QQQ,2026-02-23 08:37:00-05:00,605.19,605.19,605.19,605.19,100.0,1.0,605.19
QQQ,2026-02-23 08:46:00-05:00,605.92,605.92,605.92,605.92,82.0,2.0,605.92
QQQ,2026-02-23 08:48:00-05:00,605.7,605.7,605.69,605.69,390.0,2.0,605.696154
QQQ,2026-02-23 08:57:00-05:00,605.33,605.33,605.33,605.33,150.0,1.0,605.33
QQQ,2026-02-23 09:09:00-05:00,605.67,605.67,605.67,605.67,50.0,1.0,605.67
QQQ,2026-02-23 09:18:00-05:00,605.82,605.82,605.82,605.82,60.0,1.0,605.82
QQQ,2026-02-24 08:09:00-05:00,603.15,603.15,603.15,603.15,40.0,1.0,603.15
QQQ,2026-02-24 08:22:00-05:00,603.26,603.28,603.26,603.28,100.0,2.0,603.272
QQQ,2026-02-24 08:47:00-05:00,604.02,604.02,604.02,604.02,80.0,1.0,604.02
QQQ,2026-02-24 08:50:00-05:00,604.12,604.12,604.12,604.12,40.0,1.0,604.12
QQQ,2026-02-24 08:56:00-05:00,604.39,604.39,604.39,604.39,160.0,2.0,604.39
QQQ,2026-02-24 09:05:00-05:00,603.81,603.81,603.81,603.81,50.0,1.0,603.81
QQQ,2026-02-24 09:06:00-05:00,603.83,603.83,603.83,603.83,158.0,2.0,603.83
QQQ,2026-02-24 09:07:00-05:00,603.8,603.8,603.8,603.8,100.0,1.0,603.8
QQQ,2026-02-24 09:14:00-05:00,603.49,603.49,603.49,603.49,60.0,1.0,603.49
QQQ,2026-02-24 09:16:00-05:00,603.53,603.53,603.53,603.53,40.0,1.0,603.53
QQQ,2026-02-24 09:21:00-05:00,603.15,603.15,603.15,603.15,60.0,1.0,603.15
QQQ,2026-02-24 09:22:00-05:00,603.13,603.13,603.08,603.08,320.0,2.0,603.12375
QQQ,2026-02-24 09:24:00-05:00,603.04,603.04,602.99,602.99,154.0,3.0,603.025714
QQQ,2026-02-24 09:27:00-05:00,602.98,602.98,602.98,602.98,40.0,1.0,602.98
QQQ,2026-02-24 09:28:00-05:00,602.79,602.79,602.79,602.79,100.0,1.0,602.79
QQQ,2026-02-25 08:10:00-05:00,610.71,610.71,610.71,610.71,50.0,1.0,610.71
QQQ,2026-02-25 08:11:00-05:00,610.73,610.73,610.73,610.73,60.0,1.0,610.73
QQQ,2026-02-25 08:19:00-05:00,610.65,610.65,610.64,610.64,240.0,3.0,610.645
QQQ,2026-02-25 08:26:00-05:00,610.68,610.68,610.68,610.68,50.0,1.0,610.68
QQQ,2026-02-25 08:31:00-05:00,610.36,610.36,610.35,610.35,210.0,2.0,610.357143
QQQ,2026-02-25 08:32:00-05:00,610.37,610.38,610.37,610.38,300.0,2.0,610.376
QQQ,2026-02-25 08:36:00-05:00,610.4,610.4,610.4,610.4,125.0,1.0,610.4
QQQ,2026-02-25 08:53:00-05:00,610.62,610.62,610.62,610.62,120.0,3.0,610.62
QQQ,2026-02-25 08:54:00-05:00,610.66,610.66,610.66,610.66,160.0,2.0,610.66
QQQ,2026-02-25 08:55:00-05:00,610.97,611.0,610.97,611.0,100.0,2.0,610.982
QQQ,2026-02-25 09:04:00-05:00,610.82,610.82,610.82,610.82,60.0,1.0,610.82
QQQ,2026-02-25 09:05:00-05:00,610.81,610.89,610.81,610.89,565.0,7.0,610.824602
QQQ,2026-02-25 09:09:00-05:00,611.26,611.26,611.26,611.26,60.0,1.0,611.26
QQQ,2026-02-25 09:10:00-05:00,611.33,611.39,611.33,611.39,120.0,2.0,611.36
QQQ,2026-02-25 09:16:00-05:00,610.91,610.91,610.8,610.8,120.0,2.0,610.855
QQQ,2026-02-25 09:17:00-05:00,610.71,610.71,610.71,610.71,120.0,2.0,610.71
QQQ,2026-02-25 09:19:00-05:00,610.48,610.66,610.46,610.66,525.0,8.0,610.53596
QQQ,2026-02-25 09:20:00-05:00,610.5,610.56,610.5,610.55,650.0,9.0,610.527538
QQQ,2026-02-25 09:27:00-05:00,610.74,610.74,610.74,610.74,56.0,1.0,610.74
QQQ,2026-02-25 09:29:00-05:00,611.01,611.01,611.01,611.01,340.0,2.0,611.01
QQQ,2026-02-26 08:05:00-05:00,616.15,616.15,616.15,616.15,40.0,1.0,616.15
QQQ,2026-02-26 08:23:00-05:00,616.69,616.69,616.68,616.68,90.0,2.0,616.684444
QQQ,2026-02-26 08:40:00-05:00,616.88,616.88,616.88,616.88,50.0,1.0,616.88
QQQ,2026-02-26 08:42:00-05:00,616.78,616.78,616.76,616.76,365.0,4.0,616.766868
QQQ,2026-02-26 08:49:00-05:00,617.31,617.31,617.31,617.31,125.0,1.0,617.31
QQQ,2026-02-26 08:59:00-05:00,616.64,616.64,616.64,616.64,60.0,1.0,616.64
QQQ,2026-02-26 09:00:00-05:00,616.61,616.61,616.61,616.61,50.0,1.0,616.61
QQQ,2026-02-26 09:01:00-05:00,616.64,616.64,616.62,616.62,235.0,3.0,616.624255
QQQ,2026-02-26 09:02:00-05:00,616.94,616.94,616.94,616.94,60.0,1.0,616.94
QQQ,2026-02-26 09:06:00-05:00,616.61,616.63,616.61,616.63,200.0,3.0,616.619
QQQ,2026-02-26 09:09:00-05:00,616.43,616.44,616.43,616.44,185.0,2.0,616.436757
QQQ,2026-02-26 09:15:00-05:00,616.46,616.48,616.46,616.47,486.0,6.0,616.47
QQQ,2026-02-26 09:20:00-05:00,616.55,616.55,616.29,616.29,975.0,9.0,616.354681
QQQ,2026-02-26 09:21:00-05:00,616.29,616.29,616.29,616.29,40.0,1.0,616.29
QQQ,2026-02-26 09:22:00-05:00,616.31,616.31,616.31,616.31,60.0,1.0,616.31
QQQ,2026-02-26 09:23:00-05:00,616.22,616.22,616.21,616.21,942.0,5.0,616.216809
QQQ,2026-02-26 09:25:00-05:00,616.02,616.06,616.02,616.06,670.0,7.0,616.042009
QQQ,2026-02-26 09:27:00-05:00,615.83,615.83,615.83,615.83,300.0,1.0,615.83
QQQ,2026-02-27 08:02:00-05:00,605.75,605.75,605.75,605.75,52.0,2.0,605.75
QQQ,2026-02-27 08:12:00-05:00,605.5,605.5,605.5,605.5,40.0,1.0,605.5
QQQ,2026-02-27 08:32:00-05:00,603.76,603.95,603.76,603.95,291.0,7.0,603.829286
QQQ,2026-02-27 08:33:00-05:00,603.56,603.56,603.48,603.48,305.0,4.0,603.497705
QQQ,2026-02-27 08:34:00-05:00,603.47,603.47,603.47,603.47,60.0,1.0,603.47
QQQ,2026-02-27 08:35:00-05:00,603.59,603.6,603.44,603.44,590.0,7.0,603.545932
QQQ,2026-02-27 08:40:00-05:00,603.12,603.21,603.12,603.2,650.0,8.0,603.166154
QQQ,2026-02-27 08:44:00-05:00,603.58,603.58,603.58,603.58,60.0,1.0,603.58
QQQ,2026-02-27 08:50:00-05:00,604.19,604.19,604.13,604.13,171.0,4.0,604.16
QQQ,2026-02-27 08:59:00-05:00,604.43,604.53,604.43,604.53,685.0,8.0,604.487007
QQQ,2026-02-27 09:02:00-05:00,603.92,603.92,603.91,603.91,120.0,2.0,603.915
QQQ,2026-02-27 09:03:00-05:00,603.75,603.75,603.75,603.75,60.0,1.0,603.75
QQQ,2026-02-27 09:11:00-05:00,604.01,604.01,604.01,604.01,60.0,1.0,604.01
QQQ,2026-02-27 09:19:00-05:00,603.24,603.24,603.24,603.24,120.0,2.0,603.24
QQQ,2026-02-27 09:29:00-05:00,602.7,602.7,602.7,602.7,240.0,2.0,602.7
QQQ,2026-03-02 08:06:00-05:00,598.8,598.82,598.8,598.82,401.0,4.0,598.809375
QQQ,2026-03-02 08:11:00-05:00,598.96,598.96,598.96,598.96,40.0,1.0,598.96
QQQ,2026-03-02 08:16:00-05:00,599.15,599.15,599.15,599.15,40.0,1.0,599.15
QQQ,2026-03-02 08:21:00-05:00,600.0,600.15,600.0,600.15,220.0,3.0,600.042857
QQQ,2026-03-02 08:24:00-05:00,600.53,600.53,600.53,600.53,125.0,1.0,600.53
QQQ,2026-03-02 08:25:00-05:00,601.01,601.01,601.01,601.01,160.0,2.0,601.01
QQQ,2026-03-02 08:44:00-05:00,599.42,599.42,599.42,599.42,80.0,1.0,599.42
QQQ,2026-03-02 08:52:00-05:00,598.98,598.98,598.98,598.98,55.0,2.0,598.98
QQQ,2026-03-02 08:54:00-05:00,599.03,599.03,599.03,599.03,50.0,1.0,599.03
QQQ,2026-03-02 08:57:00-05:00,598.22,598.22,598.22,598.22,60.0,1.0,598.22
QQQ,2026-03-02 08:58:00-05:00,598.2,598.2,598.2,598.2,61.0,2.0,598.2
QQQ,2026-03-02 08:59:00-05:00,598.35,598.35,598.35,598.35,85.0,2.0,598.35
QQQ,2026-03-02 09:01:00-05:00,598.26,598.26,598.26,598.26,40.0,1.0,598.26
QQQ,2026-03-02 09:02:00-05:00,598.12,598.12,598.06,598.06,116.0,5.0,598.082222
QQQ,2026-03-02 09:05:00-05:00,598.49,598.49,598.49,598.49,80.0,1.0,598.49
QQQ,2026-03-02 09:09:00-05:00,598.8,598.8,598.8,598.8,45.0,2.0,598.8
QQQ,2026-03-02 09:15:00-05:00,598.59,598.59,598.59,598.59,40.0,1.0,598.59
QQQ,2026-03-03 08:16:00-05:00,596.52,596.52,596.52,596.52,50.0,1.0,596.52
QQQ,2026-03-03 08:23:00-05:00,596.75,596.75,596.67,596.67,423.0,4.0,596.710757
QQQ,2026-03-03 08:26:00-05:00,596.18,596.18,596.17,596.17,173.0,2.0,596.173468
QQQ,2026-03-03 08:28:00-05:00,595.94,595.94,595.9,595.9,173.0,2.0,595.930751
QQQ,2026-03-03 08:29:00-05:00,596.17,596.17,596.17,596.17,144.0,1.0,596.17
QQQ,2026-03-03 08:30:00-05:00,596.22,596.22,596.22,596.22,60.0,1.0,596.22
QQQ,2026-03-03 08:38:00-05:00,595.21,595.23,595.21,595.23,503.0,5.0,595.221392
QQQ,2026-03-03 08:54:00-05:00,594.8,594.8,594.78,594.78,483.0,5.0,594.791925
QQQ,2026-03-03 08:56:00-05:00,595.04,595.11,595.04,595.11,513.0,6.0,595.064172
QQQ,2026-03-03 08:57:00-05:00,595.04,595.06,595.04,595.06,510.0,6.0,595.050196
QQQ,2026-03-03 08:59:00-05:00,595.4,595.4,595.4,595.4,40.0,1.0,595.4
QQQ,2026-03-03 09:05:00-05:00,594.96,595.01,594.96,595.01,140.0,2.0,594.974286
QQQ,2026-03-03 09:06:00-05:00,595.54,595.54,595.54,595.54,40.0,1.0,595.54
QQQ,2026-03-03 09:11:00-05:00,594.74,594.74,594.74,594.74,60.0,1.0,594.74
QQQ,2026-03-03 09:19:00-05:00,595.63,595.63,595.63,595.63,100.0,1.0,595.63
QQQ,2026-03-03 09:22:00-05:00,595.93,596.14,595.93,596.14,1086.0,10.0,596.01651
QQQ,2026-03-03 09:23:00-05:00,596.07,596.07,595.97,595.98,336.0,5.0,595.988036
QQQ,2026-03-04 08:24:00-05:00,604.48,604.48,604.48,604.48,40.0,1.0,604.48
QQQ,2026-03-04 08:29:00-05:00,604.86,604.96,604.86,604.96,410.0,4.0,604.899634
QQQ,2026-03-04 08:37:00-05:00,604.5,604.51,604.5,604.51,250.0,2.0,604.505
QQQ,2026-03-04 08:39:00-05:00,604.83,604.83,604.83,604.83,50.0,1.0,604.83
QQQ,2026-03-04 08:42:00-05:00,605.18,605.18,605.18,605.18,60.0,1.0,605.18
QQQ,2026-03-04 08:43:00-05:00,605.22,605.22,605.22,605.22,125.0,1.0,605.22
QQQ,2026-03-04 08:47:00-05:00,605.48,605.48,605.48,605.48,40.0,1.0,605.48
QQQ,2026-03-04 08:50:00-05:00,605.55,605.55,605.55,605.55,160.0,2.0,605.55
QQQ,2026-03-04 08:51:00-05:00,605.41,605.41,605.41,605.41,80.0,1.0,605.41
QQQ,2026-03-04 08:54:00-05:00,605.1,605.1,605.1,605.1,125.0,1.0,605.1
QQQ,2026-03-04 08:58:00-05:00,605.04,605.04,605.04,605.04,125.0,1.0,605.04
QQQ,2026-03-04 09:05:00-05:00,604.76,604.76,604.76,604.76,60.0,1.0,604.76
QQQ,2026-03-04 09:06:00-05:00,604.99,604.99,604.99,604.99,125.0,1.0,604.99
QQQ,2026-03-04 09:07:00-05:00,605.34,605.35,605.34,605.35,185.0,2.0,605.346757
QQQ,2026-03-04 09:08:00-05:00,604.49,604.49,604.49,604.49,60.0,1.0,604.49
QQQ,2026-03-04 09:18:00-05:00,605.0,605.04,605.0,605.04,470.0,5.0,605.019362
QQQ,2026-03-05 08:01:00-05:00,609.34,609.34,609.34,609.34,60.0,1.0,609.34
QQQ,2026-03-05 08:05:00-05:00,608.53,608.53,608.53,608.53,60.0,1.0,608.53
QQQ,2026-03-05 08:18:00-05:00,608.86,608.86,608.85,608.85,180.0,3.0,608.853333
QQQ,2026-03-05 08:22:00-05:00,608.88,608.88,608.88,608.88,60.0,1.0,608.88
QQQ,2026-03-05 08:33:00-05:00,608.8,608.8,608.8,608.8,40.0,1.0,608.8
QQQ,2026-03-05 08:36:00-05:00,607.73,607.73,607.72,607.72,185.0,2.0,607.726757
QQQ,2026-03-05 08:58:00-05:00,607.62,607.62,607.61,607.61,185.0,2.0,607.613243
QQQ,2026-03-05 09:00:00-05:00,607.78,607.78,607.77,607.77,240.0,4.0,607.7725
QQQ,2026-03-05 09:02:00-05:00,607.49,607.5,607.49,607.5,185.0,2.0,607.493243
QQQ,2026-03-05 09:03:00-05:00,607.74,607.74,607.74,607.74,60.0,1.0,607.74
QQQ,2026-03-05 09:10:00-05:00,607.74,607.74,607.74,607.74,60.0,1.0,607.74
QQQ,2026-03-05 09:14:00-05:00,607.41,607.41,607.41,607.41,60.0,1.0,607.41
QQQ,2026-03-05 09:15:00-05:00,607.49,607.49,607.49,607.49,125.0,1.0,607.49
QQQ,2026-03-05 09:17:00-05:00,607.09,607.09,607.09,607.09,60.0,1.0,607.09
QQQ,2026-03-05 09:19:00-05:00,606.99,607.03,606.99,607.03,180.0,3.0,607.003333
QQQ,2026-03-06 08:05:00-05:00,604.01,604.01,603.99,603.99,506.0,5.0,604.000526
QQQ,2026-03-06 08:06:00-05:00,604.24,604.26,604.24,604.26,540.0,5.0,604.249804
QQQ,2026-03-06 08:07:00-05:00,604.33,604.33,604.33,604.33,230.0,2.0,604.33
QQQ,2026-03-06 08:19:00-05:00,604.27,604.27,604.27,604.27,61.0,2.0,604.27
QQQ,2026-03-06 08:21:00-05:00,604.3,604.3,604.3,604.3,200.0,1.0,604.3
QQQ,2026-03-06 08:30:00-05:00,602.69,602.88,602.69,602.86,979.0,11.0,602.769012
QQQ,2026-03-06 08:31:00-05:00,603.11,603.13,603.1,603.1,658.0,11.0,603.115962
QQQ,2026-03-06 08:32:00-05:00,602.86,602.86,602.86,602.86,110.0,3.0,602.86
QQQ,2026-03-06 08:35:00-05:00,603.86,604.15,603.86,604.09,720.0,6.0,603.978261
QQQ,2026-03-06 08:37:00-05:00,603.33,603.33,603.33,603.33,70.0,2.0,603.33
QQQ,2026-03-06 08:38:00-05:00,602.74,602.74,602.74,602.74,120.0,3.0,602.74
QQQ,2026-03-06 08:42:00-05:00,601.89,601.89,601.89,601.89,120.0,1.0,601.89
QQQ,2026-03-06 08:48:00-05:00,600.07,600.5,600.07,600.46,840.0,12.0,600.331575
QQQ,2026-03-06 08:55:00-05:00,599.91,599.92,599.91,599.92,185.0,2.0,599.913243
QQQ,2026-03-06 08:56:00-05:00,599.22,599.22,599.22,599.22,156.0,3.0,599.22
QQQ,2026-03-06 08:58:00-05:00,599.41,599.41,599.41,599.41,60.0,1.0,599.41
QQQ,2026-03-06 09:00:00-05:00,599.07,599.08,599.07,599.08,160.0,2.0,599.075
QQQ,2026-03-06 09:02:00-05:00,599.74,599.77,599.74,599.77,410.0,4.0,599.759512
QQQ,2026-03-06 09:06:00-05:00,599.4,599.4,599.37,599.37,280.0,3.0,599.385
QQQ,2026-03-06 09:10:00-05:00,598.81,598.81,598.72,598.72,465.0,6.0,598.746452
QQQ,2026-03-06 09:14:00-05:00,599.22,599.28,599.22,599.28,250.0,2.0,599.25
QQQ,2026-03-09 08:17:00-04:00,594.52,594.52,594.52,594.52,40.0,1.0,594.52
QQQ,2026-03-09 08:27:00-04:00,594.38,594.38,594.38,594.38,80.0,2.0,594.38
QQQ,2026-03-09 08:56:00-04:00,592.73,592.73,592.73,592.73,70.0,2.0,592.73
QQQ,2026-03-09 09:01:00-04:00,593.06,593.06,593.06,593.06,160.0,1.0,593.06
QQQ,2026-03-09 09:02:00-04:00,593.15,593.15,593.15,593.15,60.0,1.0,593.15
QQQ,2026-03-09 09:20:00-04:00,593.78,593.78,593.75,593.75,253.0,3.0,593.762372
QQQ,2026-03-10 08:07:00-04:00,606.48,606.48,606.47,606.47,483.0,3.0,606.472484
QQQ,2026-03-10 08:38:00-04:00,606.79,606.79,606.79,606.79,40.0,1.0,606.79
QQQ,2026-03-10 08:47:00-04:00,607.49,607.49,607.49,607.49,40.0,1.0,607.49
QQQ,2026-03-10 08:53:00-04:00,607.89,607.89,607.89,607.89,40.0,1.0,607.89
QQQ,2026-03-10 08:54:00-04:00,607.82,607.83,607.82,607.83,200.0,2.0,607.826
QQQ,2026-03-10 08:57:00-04:00,607.32,607.32,607.32,607.32,150.0,3.0,607.32
QQQ,2026-03-10 09:04:00-04:00,607.32,607.32,607.32,607.32,40.0,1.0,607.32
QQQ,2026-03-10 09:10:00-04:00,607.61,607.61,607.61,607.61,40.0,1.0,607.61
QQQ,2026-03-10 09:24:00-04:00,608.16,608.16,608.16,608.16,60.0,1.0,608.16
QQQ,2026-03-11 08:18:00-04:00,607.33,607.33,607.13,607.13,600.0,3.0,607.206
QQQ,2026-03-11 08:33:00-04:00,607.05,607.05,607.05,607.05,90.0,1.0,607.05
QQQ,2026-03-11 08:47:00-04:00,606.01,606.01,606.01,606.01,40.0,1.0,606.01
QQQ,2026-03-11 09:01:00-04:00,607.44,607.44,607.44,607.44,150.0,2.0,607.44
QQQ,2026-03-11 09:08:00-04:00,607.46,607.46,607.46,607.46,40.0,1.0,607.46
QQQ,2026-03-11 09:21:00-04:00,608.17,608.17,608.17,608.17,103.0,1.0,608.17
QQQ,2026-03-11 09:23:00-04:00,607.93,607.93,607.93,607.93,60.0,1.0,607.93
QQQ,2026-03-12 08:02:00-04:00,604.31,604.31,604.31,604.31,60.0,1.0,604.31
QQQ,2026-03-12 08:13:00-04:00,604.1,604.1,604.1,604.1,40.0,1.0,604.1
QQQ,2026-03-12 08:43:00-04:00,603.59,603.59,603.59,603.59,60.0,1.0,603.59
QQQ,2026-03-12 08:56:00-04:00,603.93,603.93,603.93,603.93,100.0,2.0,603.93
QQQ,2026-03-12 09:13:00-04:00,603.81,603.81,603.81,603.81,40.0,1.0,603.81
QQQ,2026-03-13 08:13:00-04:00,599.67,599.67,599.67,599.67,40.0,1.0,599.67
QQQ,2026-03-13 08:25:00-04:00,599.57,599.57,599.57,599.57,40.0,1.0,599.57
QQQ,2026-03-13 08:48:00-04:00,600.96,600.96,600.96,600.96,125.0,1.0,600.96
QQQ,2026-03-13 09:09:00-04:00,599.99,599.99,599.99,599.99,40.0,1.0,599.99
QQQ,2026-03-13 09:16:00-04:00,600.2,600.2,600.2,600.2,40.0,1.0,600.2
QQQ,2026-03-13 09:29:00-04:00,599.68,599.81,599.67,599.81,760.0,3.0,599.727368
QQQ,2026-03-16 08:18:00-04:00,600.26,600.27,600.26,600.27,755.0,7.0,600.264967
QQQ,2026-03-16 08:30:00-04:00,600.32,600.32,600.32,600.32,62.0,2.0,600.32
QQQ,2026-03-16 08:33:00-04:00,600.47,600.47,600.47,600.47,60.0,1.0,600.47
QQQ,2026-03-16 08:46:00-04:00,600.75,600.75,600.75,600.75,100.0,3.0,600.75
QQQ,2026-03-16 08:50:00-04:00,600.27,600.27,600.27,600.27,40.0,1.0,600.27
QQQ,2026-03-16 09:02:00-04:00,600.38,600.38,600.38,600.38,132.0,2.0,600.38
QQQ,2026-03-16 09:05:00-04:00,600.5,600.5,600.5,600.5,40.0,1.0,600.5
QQQ,2026-03-17 08:09:00-04:00,600.21,600.21,600.21,600.21,100.0,2.0,600.21
QQQ,2026-03-17 08:48:00-04:00,601.41,601.41,601.41,601.41,40.0,1.0,601.41
QQQ,2026-03-17 09:07:00-04:00,602.19,602.19,602.19,602.19,100.0,2.0,602.19
QQQ,2026-03-17 09:09:00-04:00,602.25,602.25,602.25,602.25,40.0,1.0,602.25
QQQ,2026-03-17 09:21:00-04:00,603.18,603.18,603.15,603.16,1250.0,7.0,603.167755
QQQ,2026-03-17 09:24:00-04:00,603.6,603.6,603.6,603.6,40.0,1.0,603.6
QQQ,2026-03-17 09:28:00-04:00,603.21,603.21,603.21,603.21,300.0,1.0,603.21
QQQ,2026-03-18 08:21:00-04:00,603.52,603.52,603.52,603.52,80.0,2.0,603.52
QQQ,2026-03-18 08:24:00-04:00,603.58,603.58,603.58,603.58,120.0,1.0,603.58
QQQ,2026-03-18 08:25:00-04:00,603.58,603.58,603.58,603.58,150.0,2.0,603.58
QQQ,2026-03-18 08:26:00-04:00,603.34,603.34,603.34,603.34,90.0,3.0,603.34
QQQ,2026-03-18 08:27:00-04:00,603.58,603.58,603.58,603.58,146.0,3.0,603.58
QQQ,2026-03-18 08:32:00-04:00,602.44,602.44,602.32,602.32,458.0,5.0,602.383038
QQQ,2026-03-18 08:39:00-04:00,602.72,602.72,602.72,602.72,245.0,3.0,602.72
QQQ,2026-03-18 08:45:00-04:00,601.41,601.41,601.4,601.4,372.0,4.0,601.403746
QQQ,2026-03-18 08:48:00-04:00,600.67,600.67,600.67,600.67,40.0,1.0,600.67
QQQ,2026-03-18 08:53:00-04:00,600.74,600.74,600.74,600.74,150.0,1.0,600.74
QQQ,2026-03-18 08:58:00-04:00,600.26,600.26,600.26,600.26,60.0,1.0,600.26
QQQ,2026-03-18 09:00:00-04:00,600.36,600.36,600.36,600.36,150.0,1.0,600.36
QQQ,2026-03-18 09:02:00-04:00,600.36,600.36,600.36,600.36,60.0,1.0,600.36
QQQ,2026-03-18 09:06:00-04:00,600.49,600.49,600.49,600.49,60.0,1.0,600.49
QQQ,2026-03-18 09:09:00-04:00,600.8,600.8,600.72,600.72,100.0,3.0,600.76
QQQ,2026-03-18 09:10:00-04:00,600.77,600.77,600.77,600.77,40.0,1.0,600.77
QQQ,2026-03-18 09:19:00-04:00,600.81,600.81,600.81,600.81,302.0,2.0,600.81
QQQ,2026-03-18 09:24:00-04:00,600.96,600.96,600.96,600.96,608.0,3.0,600.96
QQQ,2026-03-18 09:27:00-04:00,601.64,601.64,601.64,601.64,300.0,1.0,601.64
QQQ,2026-03-19 08:04:00-04:00,590.92,590.92,590.92,590.92,60.0,1.0,590.92
QQQ,2026-03-19 08:19:00-04:00,591.26,591.26,591.26,591.26,40.0,1.0,591.26
QQQ,2026-03-19 08:23:00-04:00,591.47,591.47,591.47,591.47,285.0,3.0,591.47
QQQ,2026-03-19 08:58:00-04:00,589.96,589.96,589.96,589.96,60.0,1.0,589.96
QQQ,2026-03-19 09:03:00-04:00,589.63,589.63,589.63,589.63,65.0,2.0,589.63
QQQ,2026-03-20 08:29:00-04:00,591.26,591.26,591.26,591.26,95.0,2.0,591.26
QQQ,2026-03-20 09:10:00-04:00,590.52,590.52,590.52,590.52,60.0,1.0,590.52
QQQ,2026-03-20 09:25:00-04:00,591.96,591.96,591.95,591.95,280.0,2.0,591.954286
QQQ,2026-03-23 08:05:00-04:00,589.01,589.01,589.01,589.01,60.0,1.0,589.01
QQQ,2026-03-23 08:06:00-04:00,588.54,588.54,588.54,588.54,200.0,1.0,588.54
QQQ,2026-03-23 08:09:00-04:00,589.25,589.44,589.25,589.44,600.0,4.0,589.363
QQQ,2026-03-23 08:14:00-04:00,588.59,588.59,588.59,588.59,40.0,1.0,588.59
QQQ,2026-03-23 08:19:00-04:00,590.92,590.99,590.92,590.99,314.0,5.0,590.947333
QQQ,2026-03-23 08:20:00-04:00,591.02,591.04,591.02,591.04,149.0,4.0,591.034286
QQQ,2026-03-23 08:21:00-04:00,591.01,591.04,591.01,591.04,82.0,3.0,591.025
QQQ,2026-03-23 08:30:00-04:00,590.22,590.22,590.04,590.04,860.0,5.0,590.150698
QQQ,2026-03-23 08:40:00-04:00,590.23,590.23,590.23,590.23,74.0,2.0,590.23
QQQ,2026-03-23 08:41:00-04:00,591.64,591.81,591.64,591.78,340.0,3.0,591.749412
QQQ,2026-03-23 08:43:00-04:00,592.26,592.26,592.11,592.11,1160.0,6.0,592.138182
QQQ,2026-03-23 08:44:00-04:00,591.97,592.08,591.66,591.67,1840.0,9.0,592.040778
QQQ,2026-03-23 08:52:00-04:00,593.46,593.46,593.46,593.46,500.0,1.0,593.46
QQQ,2026-03-23 09:01:00-04:00,594.01,594.01,594.01,594.01,130.0,2.0,594.01
QQQ,2026-03-23 09:06:00-04:00,592.08,592.08,592.08,592.08,360.0,1.0,592.08
QQQ,2026-03-23 09:15:00-04:00,591.91,591.91,591.91,591.91,100.0,1.0,591.91
QQQ,2026-03-24 08:28:00-04:00,587.54,587.54,587.54,587.54,51.0,2.0,587.54
QQQ,2026-03-24 08:51:00-04:00,585.46,585.46,585.46,585.46,183.0,2.0,585.46
QQQ,2026-03-24 08:52:00-04:00,585.94,585.94,585.94,585.94,40.0,1.0,585.94
QQQ,2026-03-24 09:08:00-04:00,585.01,585.01,585.01,585.01,50.0,1.0,585.01
QQQ,2026-03-25 08:18:00-04:00,589.32,589.38,589.32,589.38,140.0,2.0,589.337143
QQQ,2026-03-25 08:25:00-04:00,589.68,589.68,589.68,589.68,80.0,2.0,589.68
QQQ,2026-03-25 08:28:00-04:00,588.84,589.04,588.84,589.04,210.0,4.0,588.922353
QQQ,2026-03-25 08:30:00-04:00,589.11,589.11,589.11,589.11,820.0,11.0,589.11
QQQ,2026-03-25 08:32:00-04:00,588.12,588.12,588.12,588.12,40.0,1.0,588.12
QQQ,2026-03-25 08:33:00-04:00,588.21,588.21,588.2,588.2,190.0,3.0,588.205882
QQQ,2026-03-25 08:43:00-04:00,589.32,589.32,589.32,589.32,60.0,1.0,589.32
QQQ,2026-03-25 08:47:00-04:00,589.2,589.2,589.2,589.2,100.0,1.0,589.2
QQQ,2026-03-25 08:56:00-04:00,590.01,590.01,590.0,590.0,190.0,4.0,590.005
QQQ,2026-03-25 09:09:00-04:00,589.86,589.86,589.8,589.8,160.0,3.0,589.817143
QQQ,2026-03-25 09:22:00-04:00,589.08,589.08,589.08,589.08,220.0,3.0,589.08
QQQ,2026-03-26 08:06:00-04:00,581.32,581.32,581.32,581.32,70.0,1.0,581.32
QQQ,2026-03-26 08:19:00-04:00,582.02,582.02,582.02,582.02,40.0,1.0,582.02
QQQ,2026-03-26 08:23:00-04:00,582.24,582.24,582.24,582.24,150.0,2.0,582.24
QQQ,2026-03-26 08:31:00-04:00,581.58,581.58,581.58,581.58,47.0,3.0,581.58
QQQ,2026-03-26 08:32:00-04:00,581.55,581.55,581.55,581.55,80.0,1.0,581.55
QQQ,2026-03-26 08:46:00-04:00,581.7,581.7,581.7,581.7,75.0,1.0,581.7
QQQ,2026-03-26 08:54:00-04:00,581.34,581.34,581.34,581.34,60.0,1.0,581.34
QQQ,2026-03-26 09:00:00-04:00,581.76,581.76,581.73,581.73,240.0,3.0,581.746667
QQQ,2026-03-26 09:12:00-04:00,581.81,581.81,581.81,581.81,300.0,1.0,581.81
QQQ,2026-03-26 09:13:00-04:00,582.34,582.34,582.33,582.33,140.0,3.0,582.332857
QQQ,2026-03-27 08:08:00-04:00,570.0,570.0,570.0,570.0,302.0,5.0,570.0
QQQ,2026-03-27 08:11:00-04:00,570.0,570.0,570.0,570.0,240.0,3.0,570.0
QQQ,2026-03-27 08:16:00-04:00,570.54,570.54,570.53,570.53,451.0,5.0,570.532976
QQQ,2026-03-27 08:24:00-04:00,570.5,570.5,570.5,570.5,100.0,1.0,570.5
QQQ,2026-03-27 08:49:00-04:00,569.71,569.71,569.71,569.71,60.0,1.0,569.71
QQQ,2026-03-27 09:01:00-04:00,569.62,569.62,569.62,569.62,107.0,3.0,569.62
QQQ,2026-03-27 09:05:00-04:00,569.41,569.41,569.41,569.41,100.0,1.0,569.41
QQQ,2026-03-30 08:01:00-04:00,565.77,566.06,565.77,566.06,349.0,3.0,565.873868
QQQ,2026-03-30 08:08:00-04:00,566.22,566.22,566.14,566.14,120.0,3.0,566.188
QQQ,2026-03-30 08:15:00-04:00,566.3,566.3,566.3,566.3,145.0,2.0,566.3
QQQ,2026-03-30 08:32:00-04:00,567.48,567.48,567.48,567.48,40.0,1.0,567.48
QQQ,2026-03-30 08:33:00-04:00,567.45,567.5,567.45,567.5,140.0,2.0,567.464286
QQQ,2026-03-30 08:35:00-04:00,567.42,567.42,567.42,567.42,40.0,1.0,567.42
QQQ,2026-03-30 08:42:00-04:00,567.32,567.32,567.32,567.32,40.0,1.0,567.32
QQQ,2026-03-30 08:47:00-04:00,567.25,567.25,567.25,567.25,60.0,2.0,567.25
QQQ,2026-03-30 08:58:00-04:00,567.27,567.27,567.27,567.27,40.0,1.0,567.27
QQQ,2026-03-30 08:59:00-04:00,567.16,567.16,567.16,567.16,40.0,1.0,567.16
QQQ,2026-03-30 09:05:00-04:00,567.13,567.13,567.13,567.13,155.0,3.0,567.13
QQQ,2026-03-30 09:09:00-04:00,566.8,566.8,566.8,566.8,50.0,1.0,566.8
QQQ,2026-03-30 09:16:00-04:00,567.31,567.31,567.31,567.31,60.0,1.0,567.31
QQQ,2026-03-31 08:04:00-04:00,564.42,564.42,564.42,564.42,77.0,1.0,564.42
QQQ,2026-03-31 08:10:00-04:00,564.87,564.87,564.87,564.87,50.0,1.0,564.87
QQQ,2026-03-31 08:11:00-04:00,564.08,564.08,564.08,564.08,200.0,2.0,564.08
QQQ,2026-03-31 08:12:00-04:00,563.61,563.61,563.61,563.61,60.0,2.0,563.61
QQQ,2026-03-31 08:13:00-04:00,563.53,563.53,563.49,563.49,130.0,2.0,563.505385
QQQ,2026-03-31 08:14:00-04:00,563.04,563.04,563.04,563.04,200.0,1.0,563.04
QQQ,2026-03-31 08:17:00-04:00,562.8,562.99,562.8,562.99,300.0,3.0,562.838
QQQ,2026-03-31 08:18:00-04:00,563.4,564.0,563.4,564.0,355.0,5.0,563.922581
QQQ,2026-03-31 08:28:00-04:00,564.41,564.41,564.41,564.41,60.0,2.0,564.41
QQQ,2026-03-31 08:29:00-04:00,564.62,564.62,564.62,564.62,70.0,2.0,564.62
QQQ,2026-03-31 08:33:00-04:00,564.68,564.68,564.68,564.68,60.0,1.0,564.68
QQQ,2026-03-31 08:55:00-04:00,564.76,564.76,564.76,564.76,90.0,3.0,564.76
QQQ,2026-03-31 08:57:00-04:00,564.27,564.27,564.27,564.27,40.0,1.0,564.27
QQQ,2026-03-31 09:14:00-04:00,564.32,564.32,564.32,564.32,182.0,3.0,564.32
QQQ,2026-04-01 08:17:00-04:00,583.42,583.42,583.42,583.42,60.0,1.0,583.42
QQQ,2026-04-01 08:25:00-04:00,582.88,582.88,582.88,582.88,40.0,1.0,582.88
QQQ,2026-04-01 08:26:00-04:00,582.78,582.78,582.78,582.78,95.0,4.0,582.78
QQQ,2026-04-01 08:45:00-04:00,583.78,583.99,583.27,583.97,1225.0,8.0,583.481833
QQQ,2026-04-01 08:51:00-04:00,581.21,581.24,581.1,581.1,425.0,4.0,581.170769
QQQ,2026-04-01 08:52:00-04:00,581.18,581.18,581.18,581.18,65.0,2.0,581.18
QQQ,2026-04-01 08:56:00-04:00,580.98,580.98,580.98,580.98,50.0,1.0,580.98
QQQ,2026-04-01 08:57:00-04:00,581.01,581.01,581.01,581.01,40.0,1.0,581.01
QQQ,2026-04-01 08:59:00-04:00,580.76,580.76,580.76,580.76,40.0,1.0,580.76
QQQ,2026-04-01 09:01:00-04:00,580.56,580.75,580.56,580.75,140.0,2.0,580.695714
QQQ,2026-04-01 09:05:00-04:00,580.61,580.61,580.43,580.43,80.0,2.0,580.52
QQQ,2026-04-01 09:16:00-04:00,581.23,581.23,581.23,581.23,90.0,3.0,581.23
QQQ,2026-04-02 08:00:00-04:00,572.01,572.01,572.01,572.01,40.0,1.0,572.01
QQQ,2026-04-02 08:01:00-04:00,572.0,572.0,572.0,572.0,280.0,4.0,572.0
QQQ,2026-04-02 08:13:00-04:00,572.1,572.1,572.1,572.1,40.0,1.0,572.1
QQQ,2026-04-02 09:08:00-04:00,573.36,573.36,573.36,573.36,40.0,1.0,573.36
QQQ,2026-04-06 08:15:00-04:00,587.1,587.1,587.1,587.1,70.0,1.0,587.1
QQQ,2026-04-06 09:04:00-04:00,586.83,586.83,586.83,586.83,140.0,2.0,586.83
QQQ,2026-04-06 09:10:00-04:00,586.95,586.95,586.95,586.95,40.0,1.0,586.95
QQQ,2026-04-06 09:20:00-04:00,586.89,586.89,586.89,586.89,120.0,2.0,586.89
QQQ,2026-04-07 08:06:00-04:00,584.28,584.31,584.28,584.31,200.0,4.0,584.296111
QQQ,2026-04-07 08:18:00-04:00,584.78,584.78,584.78,584.78,50.0,2.0,584.78
QQQ,2026-04-07 08:23:00-04:00,584.87,584.87,584.87,584.87,50.0,2.0,584.87
QQQ,2026-04-07 08:43:00-04:00,584.41,584.41,584.41,584.41,40.0,1.0,584.41
QQQ,2026-04-07 08:53:00-04:00,584.84,584.85,584.84,584.85,200.0,4.0,584.847778
QQQ,2026-04-07 09:07:00-04:00,585.53,585.53,585.53,585.53,40.0,1.0,585.53
QQQ,2026-04-07 09:14:00-04:00,584.88,584.88,584.88,584.88,60.0,1.0,584.88
QQQ,2026-04-08 08:20:00-04:00,608.49,608.49,608.49,608.49,40.0,1.0,608.49
QQQ,2026-04-08 08:28:00-04:00,608.26,608.26,608.26,608.26,40.0,1.0,608.26
QQQ,2026-04-08 08:31:00-04:00,608.67,608.67,608.67,608.67,160.0,2.0,608.67
QQQ,2026-04-08 08:34:00-04:00,608.7,608.7,608.7,608.7,125.0,1.0,608.7
QQQ,2026-04-08 08:35:00-04:00,608.53,608.53,608.53,608.53,100.0,1.0,608.53
QQQ,2026-04-08 08:41:00-04:00,608.54,608.55,608.54,608.55,300.0,4.0,608.542157
QQQ,2026-04-08 08:42:00-04:00,608.34,608.34,608.34,608.34,275.0,2.0,608.34
QQQ,2026-04-08 08:47:00-04:00,608.79,608.79,608.79,608.79,40.0,1.0,608.79
QQQ,2026-04-08 08:51:00-04:00,609.14,609.14,609.14,609.14,75.0,1.0,609.14
QQQ,2026-04-08 08:53:00-04:00,609.06,609.06,609.06,609.06,40.0,1.0,609.06
QQQ,2026-04-08 08:57:00-04:00,608.82,608.82,608.82,608.82,40.0,1.0,608.82
QQQ,2026-04-08 09:06:00-04:00,609.25,609.25,609.25,609.25,40.0,1.0,609.25
QQQ,2026-04-08 09:14:00-04:00,609.21,609.21,609.21,609.21,40.0,1.0,609.21
QQQ,2026-04-08 09:16:00-04:00,609.06,609.06,609.06,609.06,40.0,1.0,609.06
QQQ,2026-04-08 09:20:00-04:00,608.8,608.8,608.8,608.8,40.0,1.0,608.8
QQQ,2026-04-09 08:16:00-04:00,604.82,604.82,604.82,604.82,120.0,1.0,604.82
QQQ,2026-04-09 08:38:00-04:00,604.93,604.93,604.93,604.93,120.0,1.0,604.93
QQQ,2026-04-09 08:53:00-04:00,604.64,604.64,604.62,604.62,160.0,2.0,604.635
QQQ,2026-04-09 09:00:00-04:00,604.78,604.8,604.78,604.8,710.0,4.0,604.795493
QQQ,2026-04-09 09:05:00-04:00,605.11,605.11,605.11,605.11,50.0,1.0,605.11
QQQ,2026-04-09 09:06:00-04:00,604.92,604.92,604.92,604.92,300.0,2.0,604.92
QQQ,2026-04-09 09:26:00-04:00,605.26,605.27,605.26,605.27,460.0,3.0,605.266364
QQQ,2026-04-10 08:00:00-04:00,610.68,610.68,610.68,610.68,120.0,3.0,610.68
QQQ,2026-04-10 08:42:00-04:00,611.62,611.62,611.62,611.62,50.0,1.0,611.62
QQQ,2026-04-10 08:50:00-04:00,611.98,611.98,611.98,611.98,50.0,1.0,611.98
QQQ,2026-04-10 08:53:00-04:00,611.95,611.95,611.95,611.95,300.0,1.0,611.95
QQQ,2026-04-10 09:08:00-04:00,611.79,611.79,611.79,611.79,340.0,3.0,611.79
QQQ,2026-04-10 09:22:00-04:00,611.79,611.79,611.79,611.79,201.0,2.0,611.79
QQQ,2026-04-13 08:24:00-04:00,607.1,607.1,607.1,607.1,40.0,1.0,607.1
QQQ,2026-04-13 08:30:00-04:00,607.36,607.36,607.36,607.36,70.0,1.0,607.36
QQQ,2026-04-13 08:36:00-04:00,607.48,607.48,607.48,607.48,70.0,1.0,607.48
QQQ,2026-04-13 08:37:00-04:00,607.42,607.42,607.42,607.42,146.0,1.0,607.42
QQQ,2026-04-13 08:44:00-04:00,607.69,607.69,607.69,607.69,50.0,1.0,607.69
QQQ,2026-04-13 08:47:00-04:00,608.4,608.4,608.4,608.4,280.0,1.0,608.4
QQQ,2026-04-13 08:57:00-04:00,608.37,608.37,608.37,608.37,40.0,1.0,608.37
QQQ,2026-04-13 09:10:00-04:00,608.2,608.2,608.2,608.2,40.0,1.0,608.2
QQQ,2026-04-13 09:11:00-04:00,608.29,608.29,608.29,608.29,300.0,1.0,608.29
QQQ,2026-04-13 09:19:00-04:00,608.59,608.6,608.59,608.6,306.0,3.0,608.597667
QQQ,2026-04-13 09:21:00-04:00,608.73,608.73,608.73,608.73,300.0,1.0,608.73
QQQ,2026-04-13 09:25:00-04:00,609.07,609.07,609.07,609.07,200.0,1.0,609.07
QQQ,2026-04-13 09:28:00-04:00,609.33,609.33,609.33,609.33,300.0,1.0,609.33
QQQ,2026-04-14 08:11:00-04:00,620.99,620.99,620.99,620.99,40.0,1.0,620.99
QQQ,2026-04-14 08:22:00-04:00,620.5,620.5,620.5,620.5,160.0,1.0,620.5
QQQ,2026-04-14 08:24:00-04:00,620.46,620.46,620.46,620.46,40.0,1.0,620.46
QQQ,2026-04-14 08:34:00-04:00,620.61,620.61,620.61,620.61,120.0,2.0,620.61
QQQ,2026-04-14 08:36:00-04:00,620.58,620.58,620.56,620.56,557.0,4.0,620.563597
QQQ,2026-04-14 08:40:00-04:00,621.04,621.04,621.04,621.04,300.0,1.0,621.04
QQQ,2026-04-14 09:16:00-04:00,620.76,620.76,620.76,620.76,60.0,1.0,620.76
QQQ,2026-04-14 09:19:00-04:00,620.82,620.82,620.82,620.82,41.0,2.0,620.82
QQQ,2026-04-14 09:23:00-04:00,620.62,620.62,620.62,620.62,300.0,1.0,620.62
QQQ,2026-04-14 09:27:00-04:00,620.24,620.24,620.24,620.24,300.0,1.0,620.24
QQQ,2026-04-15 08:14:00-04:00,627.76,627.76,627.76,627.76,40.0,1.0,627.76
QQQ,2026-04-15 08:15:00-04:00,627.74,627.74,627.65,627.65,120.0,2.0,627.71
QQQ,2026-04-15 08:33:00-04:00,628.18,628.18,628.17,628.17,160.0,2.0,628.17625
QQQ,2026-04-15 08:44:00-04:00,628.58,628.58,628.58,628.58,40.0,1.0,628.58
QQQ,2026-04-15 08:45:00-04:00,628.44,628.44,628.44,628.44,300.0,1.0,628.44
QQQ,2026-04-15 09:18:00-04:00,628.38,628.38,628.38,628.38,311.0,3.0,628.38
QQQ,2026-04-15 09:21:00-04:00,628.74,628.75,628.74,628.75,460.0,4.0,628.746388
QQQ,2026-04-15 09:25:00-04:00,628.91,628.91,628.91,628.91,300.0,1.0,628.91
QQQ,2026-04-16 08:14:00-04:00,638.53,638.53,638.53,638.53,40.0,1.0,638.53
QQQ,2026-04-16 08:43:00-04:00,638.66,638.66,638.66,638.66,102.0,2.0,638.66
QQQ,2026-04-16 08:45:00-04:00,638.38,638.38,638.37,638.37,245.0,2.0,638.372857
QQQ,2026-04-16 08:47:00-04:00,638.45,638.45,638.45,638.45,156.0,1.0,638.45
QQQ,2026-04-16 08:48:00-04:00,638.45,638.46,638.45,638.46,159.0,2.0,638.456226
QQQ,2026-04-16 08:54:00-04:00,638.3,638.3,638.3,638.3,300.0,2.0,638.3
QQQ,2026-04-16 08:55:00-04:00,638.37,638.38,638.37,638.38,156.0,2.0,638.375
QQQ,2026-04-16 09:02:00-04:00,638.73,638.73,638.73,638.73,300.0,1.0,638.73
QQQ,2026-04-16 09:12:00-04:00,638.52,638.52,638.52,638.52,532.0,4.0,638.52
QQQ,2026-04-16 09:14:00-04:00,638.54,638.54,638.54,638.54,300.0,1.0,638.54
QQQ,2026-04-16 09:22:00-04:00,638.69,638.69,638.69,638.69,80.0,2.0,638.69
QQQ,2026-04-16 09:23:00-04:00,638.43,638.43,638.43,638.43,168.0,3.0,638.43
QQQ,2026-04-17 08:23:00-04:00,642.67,642.67,642.67,642.67,40.0,1.0,642.67
QQQ,2026-04-17 08:28:00-04:00,643.62,643.62,643.62,643.62,80.0,2.0,643.62
QQQ,2026-04-17 08:29:00-04:00,643.8,643.8,643.8,643.8,240.0,3.0,643.8
QQQ,2026-04-17 08:45:00-04:00,643.92,643.92,643.92,643.92,100.0,1.0,643.92
QQQ,2026-04-17 08:47:00-04:00,644.63,644.63,644.49,644.49,81.0,3.0,644.56
QQQ,2026-04-17 08:49:00-04:00,645.57,645.86,645.53,645.86,180.0,3.0,645.673889
QQQ,2026-04-17 08:50:00-04:00,646.43,646.43,646.43,646.43,70.0,1.0,646.43
QQQ,2026-04-17 08:53:00-04:00,646.18,646.18,646.18,646.18,50.0,2.0,646.18
QQQ,2026-04-17 08:55:00-04:00,646.11,646.11,646.01,646.01,150.0,6.0,646.06
QQQ,2026-04-17 08:56:00-04:00,646.01,646.01,646.01,646.01,61.0,2.0,646.01
QQQ,2026-04-17 08:57:00-04:00,645.98,645.98,645.98,645.98,80.0,2.0,645.98
QQQ,2026-04-17 08:58:00-04:00,646.19,646.19,646.19,646.19,70.0,1.0,646.19
QQQ,2026-04-17 09:01:00-04:00,646.16,646.16,646.06,646.06,100.0,2.0,646.12
QQQ,2026-04-17 09:02:00-04:00,645.89,645.89,645.89,645.89,65.0,2.0,645.89
QQQ,2026-04-17 09:03:00-04:00,646.17,646.17,646.17,646.17,40.0,1.0,646.17
QQQ,2026-04-17 09:04:00-04:00,646.49,646.49,646.49,646.49,80.0,2.0,646.49
QQQ,2026-04-17 09:06:00-04:00,646.21,646.21,646.21,646.21,131.0,6.0,646.21
QQQ,2026-04-17 09:07:00-04:00,646.56,646.86,646.56,646.86,255.0,5.0,646.726667
QQQ,2026-04-17 09:09:00-04:00,647.59,647.63,647.51,647.63,215.0,4.0,647.567674
QQQ,2026-04-17 09:10:00-04:00,648.07,648.07,648.07,648.07,80.0,1.0,648.07
QQQ,2026-04-17 09:11:00-04:00,648.3,648.3,648.3,648.3,40.0,1.0,648.3
QQQ,2026-04-17 09:12:00-04:00,648.16,648.16,648.16,648.16,48.0,2.0,648.16
QQQ,2026-04-17 09:15:00-04:00,648.06,648.06,647.85,647.85,286.0,7.0,647.967946
QQQ,2026-04-17 09:16:00-04:00,647.67,647.67,647.67,647.67,80.0,2.0,647.67
QQQ,2026-04-17 09:17:00-04:00,647.73,647.73,647.48,647.48,245.0,5.0,647.576364
QQQ,2026-04-17 09:18:00-04:00,647.57,647.57,647.57,647.57,65.0,2.0,647.57
QQQ,2026-04-17 09:19:00-04:00,647.68,647.68,647.68,647.68,40.0,1.0,647.68
QQQ,2026-04-17 09:20:00-04:00,647.19,647.2,647.15,647.17,1090.0,10.0,647.181202
QQQ,2026-04-17 09:21:00-04:00,647.05,647.05,647.04,647.04,430.0,4.0,647.042105
QQQ,2026-04-17 09:22:00-04:00,646.99,646.99,646.94,646.94,170.0,4.0,646.973333
QQQ,2026-04-17 09:23:00-04:00,646.91,646.91,646.89,646.89,670.0,3.0,646.896567
QQQ,2026-04-20 08:50:00-04:00,647.01,647.01,647.01,647.01,40.0,1.0,647.01
QQQ,2026-04-20 08:53:00-04:00,646.98,646.98,646.98,646.98,45.0,1.0,646.98
QQQ,2026-04-20 09:00:00-04:00,647.01,647.01,647.01,647.01,70.0,1.0,647.01
QQQ,2026-04-20 09:04:00-04:00,647.07,647.07,647.07,647.07,70.0,1.0,647.07
QQQ,2026-04-20 09:21:00-04:00,647.33,647.33,647.33,647.33,126.0,3.0,647.33
QQQ,2026-04-20 09:23:00-04:00,647.64,647.64,647.58,647.62,130.0,3.0,647.613846
QQQ,2026-04-20 09:26:00-04:00,647.55,647.55,647.55,647.55,77.0,1.0,647.55
QQQ,2026-04-20 09:27:00-04:00,647.69,647.69,647.69,647.69,100.0,1.0,647.69
QQQ,2026-04-21 08:04:00-04:00,649.7,649.7,649.7,649.7,61.0,2.0,649.7
QQQ,2026-04-21 08:33:00-04:00,649.67,649.67,649.67,649.67,40.0,1.0,649.67
QQQ,2026-04-21 08:38:00-04:00,649.25,649.25,649.25,649.25,75.0,1.0,649.25
QQQ,2026-04-21 08:40:00-04:00,648.9,648.9,648.9,648.9,120.0,2.0,648.9
QQQ,2026-04-21 08:55:00-04:00,648.94,648.94,648.94,648.94,300.0,1.0,648.94
QQQ,2026-04-21 08:56:00-04:00,648.68,648.68,648.68,648.68,75.0,1.0,648.68
QQQ,2026-04-21 09:16:00-04:00,648.58,648.58,648.58,648.58,57.0,1.0,648.58
QQQ,2026-04-21 09:27:00-04:00,648.38,648.38,648.38,648.38,300.0,1.0,648.38
QQQ,2026-04-21 09:29:00-04:00,648.36,648.36,648.36,648.36,300.0,1.0,648.36
QQQ,2026-04-22 08:04:00-04:00,649.73,649.73,649.73,649.73,60.0,1.0,649.73
QQQ,2026-04-22 08:06:00-04:00,649.83,649.83,649.83,649.83,50.0,1.0,649.83
QQQ,2026-04-22 08:22:00-04:00,650.13,650.13,650.13,650.13,140.0,2.0,650.13
QQQ,2026-04-22 08:36:00-04:00,649.42,649.42,649.42,649.42,50.0,1.0,649.42
QQQ,2026-04-22 08:40:00-04:00,649.38,649.38,649.38,649.38,70.0,1.0,649.38
QQQ,2026-04-22 08:49:00-04:00,648.82,648.82,648.82,648.82,50.0,2.0,648.82
QQQ,2026-04-22 08:52:00-04:00,648.97,648.97,648.97,648.97,200.0,1.0,648.97
QQQ,2026-04-22 08:57:00-04:00,649.17,649.17,649.17,649.17,300.0,1.0,649.17
QQQ,2026-04-22 08:59:00-04:00,648.81,648.81,648.81,648.81,60.0,1.0,648.81
QQQ,2026-04-22 09:00:00-04:00,648.95,648.95,648.95,648.95,300.0,1.0,648.95
QQQ,2026-04-22 09:01:00-04:00,648.9,648.9,648.9,648.9,300.0,1.0,648.9
QQQ,2026-04-22 09:05:00-04:00,648.81,648.81,648.81,648.81,40.0,1.0,648.81
QQQ,2026-04-22 09:14:00-04:00,649.02,649.02,649.02,649.02,125.0,1.0,649.02
QQQ,2026-04-22 09:15:00-04:00,649.13,649.13,649.13,649.13,92.0,1.0,649.13
QQQ,2026-04-22 09:16:00-04:00,649.05,649.05,649.05,649.05,40.0,1.0,649.05
QQQ,2026-04-22 09:23:00-04:00,649.8,649.8,649.8,649.8,40.0,1.0,649.8
QQQ,2026-04-22 09:24:00-04:00,649.8,649.92,649.8,649.92,340.0,2.0,649.905882
QQQ,2026-04-23 08:57:00-04:00,653.15,653.2,653.15,653.16,800.0,4.0,653.172903
QQQ,2026-04-23 09:02:00-04:00,653.51,653.57,653.51,653.57,180.0,2.0,653.553333
QQQ,2026-04-23 09:13:00-04:00,653.48,653.48,653.48,653.48,122.0,1.0,653.48
QQQ,2026-04-23 09:14:00-04:00,652.9,652.9,652.9,652.9,300.0,9.0,652.9
QQQ,2026-04-23 09:18:00-04:00,653.5,653.5,653.5,653.5,40.0,1.0,653.5
QQQ,2026-04-23 09:27:00-04:00,653.12,653.12,653.03,653.03,80.0,2.0,653.075
QQQ,2026-04-24 08:04:00-04:00,660.19,660.19,660.19,660.19,75.0,1.0,660.19
QQQ,2026-04-24 08:18:00-04:00,660.94,660.95,660.94,660.95,470.0,4.0,660.948315
QQQ,2026-04-24 08:21:00-04:00,660.29,660.3,660.29,660.3,490.0,5.0,660.291591
QQQ,2026-04-24 08:29:00-04:00,660.47,660.47,660.47,660.47,120.0,1.0,660.47
QQQ,2026-04-24 08:31:00-04:00,660.1,660.1,660.1,660.1,145.0,2.0,660.1
QQQ,2026-04-24 08:41:00-04:00,659.55,659.55,659.55,659.55,430.0,2.0,659.55
QQQ,2026-04-24 09:07:00-04:00,659.31,659.31,659.31,659.31,225.0,4.0,659.31
QQQ,2026-04-24 09:09:00-04:00,659.18,659.18,659.15,659.15,600.0,2.0,659.165
QQQ,2026-04-24 09:11:00-04:00,659.73,659.73,659.34,659.34,590.0,4.0,659.639464
QQQ,2026-04-24 09:18:00-04:00,659.47,659.47,659.47,659.47,75.0,1.0,659.47
QQQ,2026-04-24 09:20:00-04:00,659.82,659.82,659.82,659.82,300.0,1.0,659.82
QQQ,2026-04-27 08:10:00-04:00,664.87,664.87,664.87,664.87,40.0,1.0,664.87
QQQ,2026-04-27 08:21:00-04:00,664.32,664.32,664.32,664.32,50.0,1.0,664.32
QQQ,2026-04-27 08:33:00-04:00,663.54,663.54,663.54,663.54,40.0,1.0,663.54
QQQ,2026-04-27 09:01:00-04:00,663.7,663.7,663.7,663.7,70.0,1.0,663.7
QQQ,2026-04-27 09:07:00-04:00,663.33,663.33,663.33,663.33,60.0,1.0,663.33
QQQ,2026-04-27 09:08:00-04:00,663.43,663.43,663.43,663.43,100.0,2.0,663.43
QQQ,2026-04-27 09:16:00-04:00,663.72,663.72,663.72,663.72,50.0,1.0,663.72
QQQ,2026-04-28 08:02:00-04:00,655.92,655.92,655.92,655.92,40.0,1.0,655.92
QQQ,2026-04-28 08:07:00-04:00,656.12,656.12,656.12,656.12,60.0,1.0,656.12
QQQ,2026-04-28 08:10:00-04:00,655.45,655.45,655.45,655.45,40.0,1.0,655.45
QQQ,2026-04-28 08:17:00-04:00,655.88,655.88,655.88,655.88,120.0,3.0,655.88
QQQ,2026-04-28 08:19:00-04:00,655.35,655.35,655.35,655.35,52.0,3.0,655.35
QQQ,2026-04-28 08:20:00-04:00,656.13,656.13,655.67,655.67,470.0,4.0,656.085957
QQQ,2026-04-28 08:29:00-04:00,654.97,654.97,654.97,654.97,40.0,1.0,654.97
QQQ,2026-04-28 08:31:00-04:00,654.77,654.77,654.77,654.77,60.0,2.0,654.77
QQQ,2026-04-28 08:35:00-04:00,655.53,655.53,655.52,655.52,277.0,3.0,655.524545
QQQ,2026-04-28 08:38:00-04:00,655.62,655.62,655.62,655.62,200.0,3.0,655.62
QQQ,2026-04-28 08:48:00-04:00,656.38,656.38,656.38,656.38,40.0,1.0,656.38
QQQ,2026-04-28 08:52:00-04:00,656.87,656.87,656.87,656.87,40.0,1.0,656.87
QQQ,2026-04-28 08:56:00-04:00,656.9,656.9,656.9,656.9,300.0,1.0,656.9
QQQ,2026-04-28 08:57:00-04:00,657.0,657.0,657.0,657.0,120.0,5.0,657.0
QQQ,2026-04-28 08:59:00-04:00,657.12,657.12,657.12,657.12,240.0,2.0,657.12
QQQ,2026-04-28 09:06:00-04:00,657.05,657.05,657.05,657.05,80.0,2.0,657.05
QQQ,2026-04-28 09:08:00-04:00,656.7,656.7,656.7,656.7,120.0,1.0,656.7
QQQ,2026-04-28 09:11:00-04:00,656.61,656.61,656.61,656.61,120.0,1.0,656.61
QQQ,2026-04-28 09:20:00-04:00,657.03,657.03,657.03,657.03,80.0,1.0,657.03
QQQ,2026-04-28 09:21:00-04:00,656.97,656.97,656.95,656.95,600.0,2.0,656.96
QQQ,2026-04-28 09:24:00-04:00,657.3,657.32,657.3,657.32,525.0,3.0,657.312381
QQQ,2026-04-28 09:29:00-04:00,657.78,657.81,657.78,657.81,360.0,3.0,657.79
QQQ,2026-04-29 08:23:00-04:00,659.48,659.48,659.48,659.48,40.0,1.0,659.48
QQQ,2026-04-29 08:41:00-04:00,659.28,659.28,659.28,659.28,40.0,1.0,659.28
QQQ,2026-04-29 09:24:00-04:00,658.61,658.61,658.61,658.61,60.0,1.0,658.61
QQQ,2026-04-30 08:24:00-04:00,666.32,666.32,666.32,666.32,55.0,2.0,666.32
QQQ,2026-04-30 08:40:00-04:00,665.78,665.78,665.78,665.78,60.0,1.0,665.78
QQQ,2026-04-30 08:41:00-04:00,665.59,665.59,665.59,665.59,70.0,1.0,665.59
QQQ,2026-04-30 09:04:00-04:00,666.53,666.53,666.52,666.52,157.0,3.0,666.525
QQQ,2026-04-30 09:15:00-04:00,665.77,665.77,665.77,665.77,40.0,1.0,665.77
QQQ,2026-04-30 09:17:00-04:00,665.8,665.8,665.8,665.8,160.0,1.0,665.8
QQQ,2026-05-01 08:15:00-04:00,668.45,668.45,668.45,668.45,99.0,2.0,668.45
QQQ,2026-05-01 08:46:00-04:00,667.89,667.89,667.89,667.89,50.0,1.0,667.89
QQQ,2026-05-01 09:09:00-04:00,668.68,668.68,668.68,668.68,61.0,2.0,668.68
QQQ,2026-05-01 09:14:00-04:00,668.41,668.41,668.41,668.41,240.0,1.0,668.41
QQQ,2026-05-01 09:21:00-04:00,668.81,668.82,668.81,668.82,300.0,2.0,668.818
QQQ,2026-05-04 08:01:00-04:00,674.28,674.28,674.28,674.28,60.0,1.0,674.28
QQQ,2026-05-04 08:57:00-04:00,674.71,674.71,674.71,674.71,100.0,1.0,674.71
QQQ,2026-05-04 09:00:00-04:00,673.8,673.8,673.8,673.8,77.0,2.0,673.8
QQQ,2026-05-04 09:29:00-04:00,674.62,674.65,674.62,674.65,434.0,2.0,674.629263
QQQ,2026-05-05 08:31:00-04:00,677.95,677.95,677.95,677.95,60.0,1.0,677.95
QQQ,2026-05-05 08:37:00-04:00,677.77,677.77,677.77,677.77,60.0,1.0,677.77
QQQ,2026-05-05 08:53:00-04:00,677.61,677.61,677.61,677.61,280.0,1.0,677.61
QQQ,2026-05-05 09:08:00-04:00,678.06,678.24,678.06,678.22,640.0,3.0,678.219375
QQQ,2026-05-05 09:10:00-04:00,678.17,678.17,678.17,678.17,300.0,2.0,678.17
QQQ,2026-05-05 09:15:00-04:00,677.99,677.99,677.99,677.99,40.0,1.0,677.99
QQQ,2026-05-05 09:19:00-04:00,677.84,677.84,677.84,677.84,390.0,3.0,677.84
QQQ,2026-05-05 09:23:00-04:00,677.71,677.71,677.71,677.71,40.0,1.0,677.71
QQQ,2026-05-05 09:24:00-04:00,677.71,677.71,677.65,677.65,80.0,2.0,677.68
QQQ,2026-05-05 09:25:00-04:00,677.86,677.86,677.86,677.86,305.0,2.0,677.86
QQQ,2026-05-05 09:27:00-04:00,678.05,678.06,678.05,678.06,350.0,3.0,678.056571
QQQ,2026-05-06 08:18:00-04:00,689.63,689.63,689.63,689.63,314.0,8.0,689.63
QQQ,2026-05-06 08:22:00-04:00,690.44,690.44,690.44,690.44,60.0,1.0,690.44
QQQ,2026-05-06 08:27:00-04:00,690.33,690.33,690.33,690.33,40.0,1.0,690.33
QQQ,2026-05-06 08:35:00-04:00,689.66,689.66,689.66,689.66,90.0,2.0,689.66
QQQ,2026-05-06 08:37:00-04:00,689.84,689.84,689.84,689.84,40.0,1.0,689.84
QQQ,2026-05-06 08:58:00-04:00,689.6,689.6,689.6,689.6,404.0,4.0,689.6
QQQ,2026-05-06 09:01:00-04:00,689.07,689.07,689.07,689.07,170.0,2.0,689.07
QQQ,2026-05-06 09:07:00-04:00,688.48,688.48,688.34,688.34,900.0,3.0,688.42
QQQ,2026-05-06 09:18:00-04:00,688.26,688.26,688.26,688.26,281.0,2.0,688.26
QQQ,2026-05-06 09:25:00-04:00,688.06,688.06,688.06,688.06,160.0,1.0,688.06
QQQ,2026-05-07 08:23:00-04:00,695.92,695.92,695.92,695.92,40.0,1.0,695.92
QQQ,2026-05-07 08:45:00-04:00,696.71,696.71,696.71,696.71,300.0,4.0,696.71
QQQ,2026-05-07 08:48:00-04:00,696.59,696.59,696.59,696.59,150.0,1.0,696.59
QQQ,2026-05-07 08:56:00-04:00,696.49,696.49,696.49,696.49,40.0,1.0,696.49
QQQ,2026-05-07 09:00:00-04:00,696.32,696.32,696.32,696.32,140.0,3.0,696.32
QQQ,2026-05-07 09:18:00-04:00,696.62,696.62,696.62,696.62,94.0,1.0,696.62
QQQ,2026-05-07 09:24:00-04:00,696.64,696.64,696.64,696.64,182.0,1.0,696.64
QQQ,2026-05-07 09:27:00-04:00,696.76,696.76,696.76,696.76,300.0,1.0,696.76
QQQ,2026-05-08 08:25:00-04:00,699.95,699.95,699.95,699.95,60.0,1.0,699.95
QQQ,2026-05-08 08:27:00-04:00,699.95,699.95,699.93,699.93,240.0,4.0,699.9375
QQQ,2026-05-08 08:35:00-04:00,701.87,701.87,701.87,701.87,40.0,1.0,701.87
QQQ,2026-05-08 08:42:00-04:00,702.02,702.03,702.02,702.03,180.0,4.0,702.025714
QQQ,2026-05-08 08:46:00-04:00,701.57,701.59,701.54,701.54,1557.0,12.0,701.575245
QQQ,2026-05-08 08:49:00-04:00,701.31,701.34,701.18,701.19,1000.0,7.0,701.27625
QQQ,2026-05-08 08:51:00-04:00,700.94,700.94,700.94,700.94,64.0,2.0,700.94
QQQ,2026-05-08 08:52:00-04:00,700.98,701.03,700.98,701.03,500.0,3.0,701.0
QQQ,2026-05-08 08:55:00-04:00,701.07,701.07,701.07,701.07,55.0,2.0,701.07
QQQ,2026-05-08 08:57:00-04:00,701.21,701.21,701.21,701.21,40.0,1.0,701.21
QQQ,2026-05-08 09:02:00-04:00,701.06,701.06,701.06,701.06,75.0,2.0,701.06
QQQ,2026-05-08 09:03:00-04:00,700.97,700.97,700.97,700.97,40.0,1.0,700.97
QQQ,2026-05-08 09:06:00-04:00,700.18,700.18,700.18,700.18,100.0,3.0,700.18
QQQ,2026-05-08 09:08:00-04:00,700.21,700.21,700.21,700.21,120.0,1.0,700.21
QQQ,2026-05-08 09:09:00-04:00,700.19,700.32,700.14,700.32,680.0,13.0,700.188182
QQQ,2026-05-08 09:10:00-04:00,700.07,700.07,700.07,700.07,101.0,5.0,700.07
QQQ,2026-05-08 09:14:00-04:00,700.09,700.09,700.09,700.09,214.0,1.0,700.09
QQQ,2026-05-08 09:17:00-04:00,700.1,700.1,700.1,700.1,300.0,1.0,700.1
QQQ,2026-05-11 08:05:00-04:00,710.65,710.65,710.65,710.65,60.0,1.0,710.65
QQQ,2026-05-11 08:15:00-04:00,710.38,710.38,710.38,710.38,60.0,1.0,710.38
QQQ,2026-05-11 08:31:00-04:00,710.25,710.25,710.25,710.25,50.0,1.0,710.25
QQQ,2026-05-11 09:21:00-04:00,710.1,710.1,710.1,710.1,300.0,1.0,710.1
QQQ,2026-05-11 09:22:00-04:00,710.33,710.33,710.33,710.33,150.0,1.0,710.33
QQQ,2026-05-12 08:15:00-04:00,707.0,707.0,707.0,707.0,40.0,1.0,707.0
QQQ,2026-05-12 08:19:00-04:00,706.67,706.67,706.67,706.67,81.0,2.0,706.67
QQQ,2026-05-12 08:22:00-04:00,706.46,706.46,706.46,706.46,40.0,1.0,706.46
QQQ,2026-05-12 08:30:00-04:00,705.99,705.99,705.99,705.99,40.0,1.0,705.99
QQQ,2026-05-12 08:37:00-04:00,707.78,707.78,707.78,707.78,40.0,1.0,707.78
QQQ,2026-05-12 08:38:00-04:00,708.0,708.0,708.0,708.0,70.0,2.0,708.0
QQQ,2026-05-12 08:40:00-04:00,708.5,708.5,708.47,708.47,523.0,11.0,708.473
QQQ,2026-05-12 08:55:00-04:00,708.42,708.42,708.42,708.42,72.0,2.0,708.42
QQQ,2026-05-12 08:56:00-04:00,708.2,708.2,708.2,708.2,64.0,1.0,708.2
QQQ,2026-05-12 08:58:00-04:00,708.38,708.38,708.38,708.38,70.0,1.0,708.38
QQQ,2026-05-12 09:01:00-04:00,708.78,708.78,708.63,708.63,460.0,2.0,708.727826
QQQ,2026-05-12 09:04:00-04:00,708.16,708.16,708.07,708.07,158.0,4.0,708.106
QQQ,2026-05-12 09:05:00-04:00,708.12,708.12,708.12,708.12,50.0,1.0,708.12
QQQ,2026-05-12 09:06:00-04:00,708.02,708.02,708.02,708.02,300.0,1.0,708.02
QQQ,2026-05-12 09:08:00-04:00,707.96,708.14,707.96,708.14,130.0,2.0,708.070769
QQQ,2026-05-12 09:15:00-04:00,708.1,708.1,708.1,708.1,320.0,2.0,708.1
QQQ,2026-05-12 09:16:00-04:00,708.06,708.06,708.06,708.06,150.0,1.0,708.06
QQQ,2026-05-12 09:19:00-04:00,707.86,707.86,707.86,707.86,300.0,1.0,707.86
QQQ,2026-05-13 08:18:00-04:00,711.61,711.61,711.61,711.61,43.0,1.0,711.61
QQQ,2026-05-13 08:30:00-04:00,710.39,710.39,710.38,710.38,335.0,5.0,710.386066
QQQ,2026-05-13 08:34:00-04:00,709.85,709.85,709.85,709.85,60.0,1.0,709.85
QQQ,2026-05-13 08:41:00-04:00,708.69,708.69,708.69,708.69,41.0,2.0,708.69
QQQ,2026-05-13 08:44:00-04:00,709.02,709.02,709.02,709.02,40.0,1.0,709.02
QQQ,2026-05-13 09:05:00-04:00,709.87,709.87,709.87,709.87,90.0,2.0,709.87
QQQ,2026-05-13 09:06:00-04:00,709.98,709.98,709.98,709.98,300.0,1.0,709.98
QQQ,2026-05-13 09:10:00-04:00,709.77,709.77,709.77,709.77,156.0,1.0,709.77
QQQ,2026-05-13 09:11:00-04:00,709.99,710.0,709.99,710.0,690.0,4.0,709.994545
QQQ,2026-05-13 09:17:00-04:00,710.08,710.08,710.08,710.08,120.0,1.0,710.08
QQQ,2026-05-13 09:18:00-04:00,710.04,710.04,710.04,710.04,300.0,2.0,710.04
QQQ,2026-05-13 09:29:00-04:00,709.9,709.9,709.9,709.9,50.0,1.0,709.9
QQQ,2026-05-14 08:19:00-04:00,716.46,716.46,716.46,716.46,180.0,4.0,716.46
QQQ,2026-05-14 08:36:00-04:00,716.04,716.04,716.04,716.04,40.0,1.0,716.04
QQQ,2026-05-14 08:41:00-04:00,716.12,716.12,716.12,716.12,60.0,1.0,716.12
QQQ,2026-05-14 08:45:00-04:00,715.53,715.53,715.53,715.53,40.0,1.0,715.53
QQQ,2026-05-14 08:55:00-04:00,714.72,714.72,714.72,714.72,50.0,1.0,714.72
QQQ,2026-05-15 09:29:00-04:00,710.06,710.24,710.06,710.16,320.0,7.0,710.1175
QQQ,2026-05-18 08:06:00-04:00,708.54,708.54,708.54,708.54,65.0,1.0,708.54
QQQ,2026-05-18 08:30:00-04:00,708.33,708.33,708.33,708.33,60.0,1.0,708.33
QQQ,2026-05-18 08:46:00-04:00,712.32,712.32,712.32,712.32,60.0,1.0,712.32
QQQ,2026-05-18 08:50:00-04:00,713.0,713.0,713.0,713.0,480.0,6.0,713.0
QQQ,2026-05-18 08:53:00-04:00,712.98,712.98,712.92,712.92,195.0,3.0,712.935
QQQ,2026-05-18 09:05:00-04:00,712.59,712.59,712.53,712.53,80.0,2.0,712.56
QQQ,2026-05-18 09:07:00-04:00,712.29,712.29,712.29,712.29,50.0,1.0,712.29
QQQ,2026-05-18 09:21:00-04:00,712.2,712.2,712.14,712.14,80.0,2.0,712.17
QQQ,2026-05-19 08:15:00-04:00,700.62,700.62,700.62,700.62,40.0,1.0,700.62
QQQ,2026-05-19 08:28:00-04:00,700.03,700.03,700.03,700.03,125.0,4.0,700.03
QQQ,2026-05-19 08:40:00-04:00,701.62,701.62,701.62,701.62,125.0,1.0,701.62
QQQ,2026-05-19 09:05:00-04:00,701.14,701.14,701.12,701.12,4687.0,113.0,701.120821
QQQ,2026-05-19 09:09:00-04:00,699.93,699.93,699.93,699.93,128.0,5.0,699.93
QQQ,2026-05-19 09:20:00-04:00,699.58,699.58,699.57,699.57,263.0,3.0,699.575
QQQ,2026-05-19 09:24:00-04:00,699.73,699.73,699.73,699.73,40.0,1.0,699.73
QQQ,2026-05-20 08:11:00-04:00,706.16,706.16,706.16,706.16,75.0,2.0,706.16
QQQ,2026-05-20 09:00:00-04:00,706.11,706.11,706.11,706.11,230.0,3.0,706.11
QQQ,2026-05-20 09:02:00-04:00,706.21,706.21,706.11,706.11,400.0,2.0,706.135
QQQ,2026-05-20 09:05:00-04:00,706.26,706.26,706.26,706.26,280.0,3.0,706.26
QQQ,2026-05-20 09:11:00-04:00,706.14,706.14,706.14,706.14,330.0,3.0,706.14
QQQ,2026-05-20 09:22:00-04:00,706.12,706.12,706.12,706.12,40.0,1.0,706.12
QQQ,2026-05-21 08:16:00-04:00,709.48,709.48,709.48,709.48,60.0,1.0,709.48
QQQ,2026-05-21 08:36:00-04:00,709.9,709.9,709.9,709.9,61.0,2.0,709.9
QQQ,2026-05-21 08:41:00-04:00,709.6,709.6,709.6,709.6,60.0,1.0,709.6
QQQ,2026-05-21 08:55:00-04:00,709.29,709.29,709.29,709.29,60.0,1.0,709.29
QQQ,2026-05-21 09:13:00-04:00,708.91,708.91,708.91,708.91,60.0,1.0,708.91
QQQ,2026-05-22 08:17:00-04:00,717.22,717.22,717.22,717.22,40.0,1.0,717.22
QQQ,2026-05-22 08:29:00-04:00,717.34,717.34,717.34,717.34,105.0,2.0,717.34
QQQ,2026-05-22 08:47:00-04:00,717.98,717.98,717.98,717.98,100.0,3.0,717.98
QQQ,2026-05-22 08:53:00-04:00,717.98,717.98,717.98,717.98,75.0,1.0,717.98
QQQ,2026-05-22 09:03:00-04:00,717.8,717.8,717.79,717.79,200.0,2.0,717.795
QQQ,2026-05-26 08:21:00-04:00,725.48,725.48,725.48,725.48,125.0,2.0,725.48
QQQ,2026-05-26 08:43:00-04:00,726.53,726.53,726.44,726.44,195.0,2.0,726.497692
QQQ,2026-05-26 08:47:00-04:00,726.38,726.38,726.38,726.38,80.0,1.0,726.38
QQQ,2026-05-26 09:17:00-04:00,726.48,726.49,726.48,726.49,600.0,3.0,726.482333
QQQ,2026-05-26 09:22:00-04:00,726.45,726.45,726.45,726.45,300.0,1.0,726.45
QQQ,2026-05-26 09:23:00-04:00,726.41,726.44,726.41,726.44,191.0,2.0,726.429634
QQQ,2026-05-26 09:25:00-04:00,726.36,726.38,726.36,726.38,208.0,2.0,726.370385
QQQ,2026-05-26 09:27:00-04:00,726.34,726.34,726.34,726.34,318.0,4.0,726.34
QQQ,2026-05-27 08:26:00-04:00,736.59,736.59,736.59,736.59,130.0,2.0,736.59
QQQ,2026-05-27 08:32:00-04:00,736.56,736.56,736.56,736.56,660.0,4.0,736.56
QQQ,2026-05-27 08:45:00-04:00,735.87,735.87,735.87,735.87,40.0,1.0,735.87
QQQ,2026-05-27 08:49:00-04:00,735.17,735.17,735.15,735.15,760.0,6.0,735.153288
QQQ,2026-05-27 08:51:00-04:00,735.03,735.03,735.03,735.03,49.0,1.0,735.03
QQQ,2026-05-27 08:55:00-04:00,734.85,734.85,734.85,734.85,320.0,1.0,734.85
QQQ,2026-05-27 08:57:00-04:00,734.85,734.85,734.85,734.85,80.0,1.0,734.85
QQQ,2026-05-27 08:59:00-04:00,734.67,734.67,734.67,734.67,40.0,1.0,734.67
QQQ,2026-05-27 09:06:00-04:00,734.52,734.52,734.52,734.52,40.0,1.0,734.52
QQQ,2026-05-27 09:17:00-04:00,733.74,733.75,733.74,733.75,150.0,2.0,733.746
QQQ,2026-05-27 09:24:00-04:00,733.68,733.68,733.68,733.68,326.0,2.0,733.68
QQQ,2026-05-27 09:25:00-04:00,733.63,733.63,733.59,733.59,280.0,4.0,733.624286
QQQ,2026-05-27 09:27:00-04:00,733.61,733.62,733.61,733.62,300.0,3.0,733.617333
QQQ,2026-05-28 08:23:00-04:00,726.72,726.72,726.72,726.72,60.0,1.0,726.72
QQQ,2026-05-28 08:42:00-04:00,728.52,728.52,728.52,728.52,120.0,2.0,728.52
QQQ,2026-05-28 08:44:00-04:00,729.09,729.09,729.09,729.09,58.0,1.0,729.09
QQQ,2026-05-28 08:54:00-04:00,729.9,729.9,729.9,729.9,150.0,1.0,729.9
QQQ,2026-05-28 09:02:00-04:00,730.23,730.23,730.23,730.23,51.0,2.0,730.23
QQQ,2026-05-28 09:03:00-04:00,730.47,730.47,730.47,730.47,236.0,1.0,730.47
QQQ,2026-05-28 09:12:00-04:00,729.16,729.18,729.16,729.18,599.0,2.0,729.170017
QQQ,2026-05-28 09:21:00-04:00,729.47,729.47,729.47,729.47,40.0,1.0,729.47
QQQ,2026-05-28 09:29:00-04:00,729.5,729.5,729.5,729.5,300.0,1.0,729.5
QQQ,2026-05-29 08:15:00-04:00,736.31,736.31,736.31,736.31,40.0,1.0,736.31
QQQ,2026-05-29 08:32:00-04:00,736.38,736.38,736.38,736.38,41.0,2.0,736.38
QQQ,2026-05-29 08:33:00-04:00,735.86,735.87,735.86,735.87,475.0,4.0,735.867191
QQQ,2026-05-29 08:51:00-04:00,736.74,736.74,736.74,736.74,40.0,1.0,736.74
QQQ,2026-05-29 09:26:00-04:00,737.16,737.16,737.16,737.16,300.0,1.0,737.16
QQQ,2026-05-29 09:27:00-04:00,737.23,737.23,737.23,737.23,305.0,6.0,737.23
QQQ,2026-05-29 09:29:00-04:00,737.44,737.44,737.44,737.44,300.0,1.0,737.44
QQQ,2026-06-01 08:14:00-04:00,739.03,739.03,739.03,739.03,120.0,1.0,739.03
QQQ,2026-06-01 09:16:00-04:00,737.33,737.33,737.33,737.33,72.0,3.0,737.33
QQQ,2026-06-01 09:23:00-04:00,736.61,736.61,736.51,736.51,570.0,6.0,736.555741
QQQ,2026-06-02 08:17:00-04:00,741.89,741.89,741.89,741.89,100.0,2.0,741.89
QQQ,2026-06-02 08:36:00-04:00,742.05,742.05,742.05,742.05,54.0,1.0,742.05
QQQ,2026-06-03 08:16:00-04:00,747.68,747.68,747.68,747.68,100.0,1.0,747.68
QQQ,2026-06-03 08:31:00-04:00,746.96,746.96,746.96,746.96,40.0,1.0,746.96
QQQ,2026-06-03 08:42:00-04:00,746.52,746.52,746.52,746.52,280.0,1.0,746.52
QQQ,2026-06-03 08:47:00-04:00,746.79,746.79,746.79,746.79,300.0,1.0,746.79
QQQ,2026-06-03 08:55:00-04:00,746.16,746.16,746.16,746.16,60.0,1.0,746.16
QQQ,2026-06-03 09:04:00-04:00,746.76,746.76,746.76,746.76,300.0,1.0,746.76
QQQ,2026-06-03 09:20:00-04:00,746.95,747.0,746.95,747.0,240.0,2.0,746.958333
QQQ,2026-06-03 09:23:00-04:00,747.19,747.19,747.19,747.19,40.0,1.0,747.19
QQQ,2026-06-03 09:27:00-04:00,747.31,747.31,747.31,747.31,300.0,1.0,747.31
QQQ,2026-06-04 08:03:00-04:00,735.32,735.32,735.32,735.32,60.0,1.0,735.32
QQQ,2026-06-04 08:11:00-04:00,734.84,734.84,734.84,734.84,60.0,1.0,734.84
QQQ,2026-06-04 08:38:00-04:00,735.88,735.88,735.88,735.88,80.0,1.0,735.88
QQQ,2026-06-04 08:50:00-04:00,736.74,736.74,736.74,736.74,90.0,1.0,736.74
QQQ,2026-06-04 08:54:00-04:00,736.77,736.77,736.77,736.77,40.0,1.0,736.77
QQQ,2026-06-04 08:55:00-04:00,736.64,736.64,736.64,736.64,40.0,1.0,736.64
QQQ,2026-06-04 09:17:00-04:00,736.44,736.44,736.44,736.44,60.0,1.0,736.44
QQQ,2026-06-04 09:19:00-04:00,736.88,736.88,736.88,736.88,300.0,2.0,736.88
QQQ,2026-06-04 09:23:00-04:00,736.82,736.82,736.82,736.82,40.0,1.0,736.82
QQQ,2026-06-05 08:05:00-04:00,732.37,732.37,732.37,732.37,100.0,2.0,732.37
QQQ,2026-06-05 08:09:00-04:00,732.18,732.18,732.18,732.18,40.0,1.0,732.18
QQQ,2026-06-05 08:19:00-04:00,732.84,732.84,732.84,732.84,60.0,1.0,732.84
QQQ,2026-06-05 09:14:00-04:00,730.09,730.09,730.08,730.08,220.0,4.0,730.085
QQQ,2026-06-05 09:17:00-04:00,730.14,730.14,730.14,730.14,60.0,1.0,730.14
QQQ,2026-06-05 09:19:00-04:00,730.3,730.3,730.3,730.3,197.0,4.0,730.3
QQQ,2026-06-05 09:22:00-04:00,729.94,729.94,729.92,729.92,160.0,3.0,729.933846
QQQ,2026-06-05 09:23:00-04:00,729.99,729.99,729.99,729.99,70.0,2.0,729.99
QQQ,2026-06-05 09:28:00-04:00,730.14,730.14,730.14,730.14,280.0,1.0,730.14
QQQ,2026-06-08 08:11:00-04:00,714.82,714.82,714.82,714.82,160.0,3.0,714.82
QQQ,2026-06-08 08:21:00-04:00,715.56,715.56,715.56,715.56,40.0,1.0,715.56
QQQ,2026-06-08 08:27:00-04:00,715.89,715.97,715.89,715.97,510.0,6.0,715.91125
QQQ,2026-06-08 08:29:00-04:00,716.19,716.19,716.19,716.19,245.0,3.0,716.19
QQQ,2026-06-08 08:37:00-04:00,716.79,716.79,716.79,716.79,80.0,1.0,716.79
QQQ,2026-06-08 08:38:00-04:00,716.55,716.55,716.54,716.54,190.0,3.0,716.544737
QQQ,2026-06-08 08:41:00-04:00,716.62,716.64,716.62,716.64,205.0,3.0,716.625714
QQQ,2026-06-08 08:42:00-04:00,716.59,717.04,716.59,717.04,251.0,4.0,716.718571
QQQ,2026-06-08 08:44:00-04:00,717.02,717.02,717.02,717.02,70.0,2.0,717.02
QQQ,2026-06-08 08:45:00-04:00,716.93,716.93,716.93,716.93,80.0,1.0,716.93
QQQ,2026-06-08 08:56:00-04:00,716.73,716.73,716.73,716.73,40.0,1.0,716.73
QQQ,2026-06-08 08:59:00-04:00,716.97,716.98,716.97,716.98,230.0,3.0,716.976
QQQ,2026-06-08 09:00:00-04:00,717.04,717.04,717.04,717.04,118.0,2.0,717.04
QQQ,2026-06-08 09:01:00-04:00,717.4,717.4,717.4,717.4,410.0,4.0,717.4
QQQ,2026-06-08 09:03:00-04:00,717.93,717.93,717.93,717.93,300.0,2.0,717.93
QQQ,2026-06-08 09:04:00-04:00,717.84,717.92,717.84,717.9,691.0,4.0,717.895572
QQQ,2026-06-08 09:05:00-04:00,717.89,717.89,717.89,717.89,316.0,4.0,717.89
QQQ,2026-06-08 09:08:00-04:00,718.24,718.45,718.24,718.45,600.0,2.0,718.345
QQQ,2026-06-08 09:09:00-04:00,718.83,718.91,718.83,718.91,363.0,2.0,718.891708
QQQ,2026-06-08 09:11:00-04:00,718.63,718.63,718.63,718.63,330.0,2.0,718.63
QQQ,2026-06-08 09:12:00-04:00,718.77,718.78,718.76,718.78,249.0,3.0,718.764819
QQQ,2026-06-08 09:13:00-04:00,719.0,719.0,719.0,719.0,80.0,1.0,719.0
QQQ,2026-06-08 09:16:00-04:00,718.92,718.92,718.86,718.86,755.0,5.0,718.916821
QQQ,2026-06-08 09:17:00-04:00,718.81,718.83,718.81,718.83,351.0,3.0,718.812857
QQQ,2026-06-08 09:18:00-04:00,718.87,718.87,718.75,718.75,683.0,4.0,718.773522
QQQ,2026-06-08 09:19:00-04:00,718.65,718.65,718.59,718.59,241.0,10.0,718.616667
QQQ,2026-06-08 09:20:00-04:00,718.77,718.77,718.63,718.63,227.0,5.0,718.663533
QQQ,2026-06-08 09:21:00-04:00,718.99,718.99,718.99,718.99,365.0,6.0,718.99
QQQ,2026-06-08 09:22:00-04:00,719.34,719.34,719.34,719.34,254.0,9.0,719.34
QQQ,2026-06-08 09:23:00-04:00,719.48,719.48,719.15,719.15,1409.0,7.0,719.340121
QQQ,2026-06-08 09:24:00-04:00,718.98,718.98,718.87,718.87,500.0,3.0,718.9408
QQQ,2026-06-09 08:23:00-04:00,721.12,721.12,721.1,721.1,160.0,2.0,721.11
QQQ,2026-06-09 08:26:00-04:00,721.2,721.3,721.2,721.3,105.0,3.0,721.26
QQQ,2026-06-09 08:28:00-04:00,721.47,721.47,721.47,721.47,60.0,1.0,721.47
QQQ,2026-06-09 08:29:00-04:00,721.41,721.41,721.41,721.41,60.0,1.0,721.41
QQQ,2026-06-09 08:33:00-04:00,722.58,722.58,722.58,722.58,91.0,2.0,722.58
QQQ,2026-06-09 08:34:00-04:00,722.58,722.58,722.58,722.58,60.0,1.0,722.58
QQQ,2026-06-09 08:39:00-04:00,722.38,722.38,722.38,722.38,130.0,2.0,722.38
QQQ,2026-06-09 08:48:00-04:00,721.73,721.73,721.73,721.73,40.0,1.0,721.73
QQQ,2026-06-09 09:05:00-04:00,723.05,723.05,723.05,723.05,80.0,2.0,723.05
QQQ,2026-06-09 09:06:00-04:00,723.11,723.11,723.11,723.11,40.0,1.0,723.11
QQQ,2026-06-09 09:25:00-04:00,722.34,722.34,722.34,722.34,160.0,1.0,722.34
QQQ,2026-06-09 09:26:00-04:00,722.16,722.16,722.16,722.16,580.0,3.0,722.16
QQQ,2026-06-10 08:09:00-04:00,697.86,697.86,697.86,697.86,50.0,1.0,697.86
QQQ,2026-06-10 08:20:00-04:00,697.59,697.59,697.54,697.54,325.0,2.0,697.570769
QQQ,2026-06-10 08:23:00-04:00,697.1,697.1,697.1,697.1,125.0,1.0,697.1
QQQ,2026-06-10 08:30:00-04:00,701.83,701.83,701.55,701.55,130.0,3.0,701.662
QQQ,2026-06-10 08:32:00-04:00,700.35,700.35,700.35,700.35,42.0,3.0,700.35
QQQ,2026-06-10 08:33:00-04:00,704.25,704.25,704.25,704.25,80.0,1.0,704.25
QQQ,2026-06-10 08:36:00-04:00,702.6,702.65,702.6,702.65,160.0,2.0,702.6375
QQQ,2026-06-10 08:37:00-04:00,703.53,703.53,703.53,703.53,41.0,2.0,703.53
QQQ,2026-06-10 08:42:00-04:00,703.08,703.08,703.08,703.08,60.0,1.0,703.08
QQQ,2026-06-10 08:43:00-04:00,702.89,702.89,702.85,702.85,160.0,2.0,702.87
QQQ,2026-06-10 08:44:00-04:00,703.24,703.24,703.24,703.24,120.0,1.0,703.24
QQQ,2026-06-10 08:48:00-04:00,703.49,703.49,703.48,703.48,416.0,5.0,703.482275
QQQ,2026-06-10 08:54:00-04:00,702.87,702.87,702.87,702.87,40.0,1.0,702.87
QQQ,2026-06-10 08:56:00-04:00,702.18,702.18,702.18,702.18,127.0,5.0,702.18
QQQ,2026-06-10 08:59:00-04:00,701.41,701.41,701.41,701.41,120.0,1.0,701.41
QQQ,2026-06-10 09:13:00-04:00,702.29,702.29,702.29,702.29,125.0,1.0,702.29
QQQ,2026-06-10 09:18:00-04:00,701.91,701.91,701.91,701.91,40.0,1.0,701.91
QQQ,2026-06-11 08:07:00-04:00,702.73,702.73,702.73,702.73,60.0,1.0,702.73
QQQ,2026-06-11 08:08:00-04:00,702.79,702.79,702.79,702.79,440.0,12.0,702.79
QQQ,2026-06-11 08:27:00-04:00,699.39,699.39,699.39,699.39,76.0,3.0,699.39
QQQ,2026-06-11 08:28:00-04:00,699.73,699.73,699.73,699.73,50.0,1.0,699.73
QQQ,2026-06-11 08:30:00-04:00,698.37,698.78,698.37,698.78,151.0,5.0,698.536436
QQQ,2026-06-11 08:33:00-04:00,697.7,697.7,697.7,697.7,49.0,1.0,697.7
QQQ,2026-06-11 08:34:00-04:00,697.69,697.69,697.69,697.69,130.0,3.0,697.69
QQQ,2026-06-11 08:36:00-04:00,698.0,698.0,697.96,697.96,80.0,2.0,697.98
QQQ,2026-06-11 08:40:00-04:00,698.7,698.7,698.7,698.7,60.0,1.0,698.7
QQQ,2026-06-11 09:01:00-04:00,700.13,700.13,700.13,700.13,60.0,1.0,700.13
QQQ,2026-06-11 09:19:00-04:00,700.0,700.0,700.0,700.0,40.0,1.0,700.0
QQQ,2026-06-12 08:05:00-04:00,720.39,720.39,720.39,720.39,240.0,2.0,720.39
QQQ,2026-06-12 08:17:00-04:00,719.67,719.67,719.66,719.66,120.0,3.0,719.663333
QQQ,2026-06-12 08:39:00-04:00,717.72,717.72,717.64,717.64,240.0,2.0,717.706667
QQQ,2026-06-12 08:42:00-04:00,717.47,717.47,717.47,717.47,62.0,2.0,717.47
QQQ,2026-06-12 08:45:00-04:00,716.97,716.97,716.97,716.97,178.0,3.0,716.97
QQQ,2026-06-12 09:01:00-04:00,714.48,714.48,714.45,714.45,480.0,3.0,714.47
QQQ,2026-06-12 09:04:00-04:00,715.74,715.75,715.74,715.75,520.0,4.0,715.746701
QQQ,2026-06-12 09:12:00-04:00,716.47,716.47,716.47,716.47,40.0,1.0,716.47
QQQ,2026-06-12 09:13:00-04:00,716.13,716.13,716.13,716.13,443.0,7.0,716.13
QQQ,2026-06-12 09:18:00-04:00,716.88,716.88,716.85,716.85,120.0,2.0,716.87
