symbol,date,entry_time,score,pullback_length,entry_price,pnl,exit_reason
NVDA,2025-12-12,2025-12-12 17:01:00+00:00,6,2,176.28525,0.0046,target
NVDA,2025-12-12,2025-12-12 18:13:00+00:00,8,2,177.83556000000002,-0.0029000000000000002,stop
NVDA,2025-12-12,2025-12-12 18:35:00+00:00,6,2,177.560505,-0.0029000000000000002,stop
NVDA,2025-12-12,2025-12-12 18:55:00+00:00,6,2,177.410475,-0.0029000000000000002,stop
NVDA,2025-12-15,2025-12-15 11:10:00+00:00,7,2,176.925378,0.0046,target
NVDA,2025-12-15,2025-12-15 11:30:00+00:00,6,2,177.18543,0.0046,target
NVDA,2025-12-15,2025-12-15 12:25:00+00:00,6,2,177.13541999999998,0.0046,target
NVDA,2025-12-15,2025-12-15 12:52:00+00:00,6,2,177.18543,-0.0029000000000000002,stop
NVDA,2025-12-15,2025-12-15 13:12:00+00:00,6,2,177.055404,0.0046,target
NVDA,2025-12-15,2025-12-15 13:32:00+00:00,6,2,177.15552402,0.0046,target
NVDA,2025-12-15,2025-12-15 14:01:00+00:00,7,2,177.815556,-0.0029000000000000002,stop
NVDA,2025-12-15,2025-12-15 14:25:00+00:00,6,2,177.375468,0.0046,target
NVDA,2025-12-15,2025-12-15 14:55:00+00:00,6,2,177.76554599999997,-0.0029000000000000002,stop
NVDA,2025-12-15,2025-12-15 15:50:00+00:00,6,2,177.49049100000002,-0.0029000000000000002,stop
NVDA,2025-12-15,2025-12-15 16:10:00+00:00,7,2,177.665526,-0.0029000000000000002,stop
NVDA,2025-12-15,2025-12-15 16:32:00+00:00,7,2,177.875568,-0.0029000000000000002,stop
NVDA,2025-12-15,2025-12-15 16:55:00+00:00,6,2,177.945582,0.0046,target
NVDA,2025-12-15,2025-12-15 17:26:00+00:00,6,2,177.73564001999998,-0.0029000000000000002,stop
NVDA,2025-12-15,2025-12-15 17:49:00+00:00,6,2,177.695532,-0.0029000000000000002,stop
NVDA,2025-12-15,2025-12-15 18:18:00+00:00,6,2,177.26534597999998,-0.0029000000000000002,stop
NVDA,2025-12-15,2025-12-15 18:57:00+00:00,6,2,177.555504,-0.0029000000000000002,stop
NVDA,2025-12-16,2025-12-16 10:48:00+00:00,7,2,175.845162,0.0046,target
NVDA,2025-12-16,2025-12-16 11:19:00+00:00,7,2,175.625118,0.0046,target
NVDA,2025-12-16,2025-12-16 11:42:00+00:00,6,2,175.96518600000002,0.0046,target
NVDA,2025-12-16,2025-12-16 12:02:00+00:00,6,2,176.08521000000002,0.0046,target
NVDA,2025-12-16,2025-12-16 12:24:00+00:00,7,2,176.85536399999998,0.0046,target
NVDA,2025-12-16,2025-12-16 12:46:00+00:00,6,2,176.815356,-0.0029000000000000002,stop
NVDA,2025-12-16,2025-12-16 13:09:00+00:00,6,2,176.775348,0.0046,target
NVDA,2025-12-16,2025-12-16 13:29:00+00:00,6,2,177.145422,-0.0029000000000000002,stop
NVDA,2025-12-16,2025-12-16 13:50:00+00:00,6,2,177.045402,-0.0029000000000000002,stop
NVDA,2025-12-16,2025-12-16 14:54:00+00:00,6,2,176.715336,0.0046,target
NVDA,2025-12-16,2025-12-16 15:15:00+00:00,7,2,177.18543,-0.0029000000000000002,stop
NVDA,2025-12-16,2025-12-16 15:56:00+00:00,6,2,176.865366,-0.0029000000000000002,stop
NVDA,2025-12-16,2025-12-16 16:49:00+00:00,6,2,176.665326,0.0046,target
NVDA,2025-12-16,2025-12-16 17:13:00+00:00,6,2,176.865366,-0.0029000000000000002,stop
NVDA,2025-12-16,2025-12-16 17:38:00+00:00,6,2,176.77694832,-0.0029000000000000002,stop
NVDA,2025-12-16,2025-12-16 18:39:00+00:00,6,2,177.07360763999998,-0.0029000000000000002,stop
NVDA,2025-12-16,2025-12-16 19:05:00+00:00,6,2,176.7848499,-0.0029000000000000002,stop
NVDA,2025-12-16,2025-12-16 19:26:00+00:00,6,2,176.64532200000002,0.0046,target
NVDA,2025-12-16,2025-12-16 19:46:00+00:00,6,2,176.895372,0.0046,target
NVDA,2025-12-16,2025-12-16 20:08:00+00:00,7,2,177.07540799999998,0.0046,target
NVDA,2025-12-16,2025-12-16 20:29:00+00:00,7,2,177.145422,0.0046,target
NVDA,2025-12-16,2025-12-16 20:49:00+00:00,6,2,177.690531,-0.0029000000000000002,stop
NVDA,2025-12-16,2025-12-16 21:43:00+00:00,6,2,177.38547,0.0046,target
NVDA,2025-12-16,2025-12-16 22:12:00+00:00,6,2,177.395472,0.0046,target
NVDA,2025-12-16,2025-12-16 23:06:00+00:00,6,2,177.155424,0.0046,target
NVDA,2025-12-17,2025-12-17 09:26:00+00:00,8,2,177.63551999999999,0.0046,target
NVDA,2025-12-17,2025-12-17 09:50:00+00:00,6,2,177.745542,0.0046,target
NVDA,2025-12-17,2025-12-17 10:17:00+00:00,6,2,178.075608,0.0046,target
NVDA,2025-12-17,2025-12-17 10:38:00+00:00,6,2,178.18563,0.0046,target
NVDA,2025-12-17,2025-12-17 11:00:00+00:00,6,2,178.33566000000002,-0.0029000000000000002,stop
NVDA,2025-12-17,2025-12-17 11:23:00+00:00,6,2,177.98558999999997,0.0046,target
NVDA,2025-12-17,2025-12-17 12:09:00+00:00,6,2,177.945582,0.0046,target
NVDA,2025-12-17,2025-12-17 12:35:00+00:00,6,2,178.025598,-0.0029000000000000002,stop
NVDA,2025-12-17,2025-12-17 12:59:00+00:00,6,2,178.28565,-0.0029000000000000002,stop
NVDA,2025-12-17,2025-12-17 13:59:00+00:00,6,2,177.445482,-0.0029000000000000002,stop
NVDA,2025-12-17,2025-12-17 18:05:00+00:00,6,2,172.499493,-0.0029000000000000002,stop
NVDA,2025-12-17,2025-12-17 19:59:00+00:00,6,2,171.69603234,-0.0029000000000000002,stop
NVDA,2025-12-17,2025-12-17 22:27:00+00:00,6,2,171.50309375999998,0.0046,target
NVDA,2025-12-18,2025-12-18 09:22:00+00:00,6,2,172.58451,0.0046,target
NVDA,2025-12-18,2025-12-18 09:43:00+00:00,6,2,172.614516,0.0046,target
NVDA,2025-12-18,2025-12-18 10:04:00+00:00,6,2,172.904574,0.0046,target
NVDA,2025-12-18,2025-12-18 10:26:00+00:00,6,2,172.894572,0.0046,target
NVDA,2025-12-18,2025-12-18 10:49:00+00:00,6,2,173.244642,0.0046,target
NVDA,2025-12-18,2025-12-18 11:14:00+00:00,7,2,173.25464399999998,0.0046,target
NVDA,2025-12-18,2025-12-18 11:35:00+00:00,7,2,173.49469200000001,-0.0029000000000000002,stop
NVDA,2025-12-18,2025-12-18 12:01:00+00:00,6,2,173.104614,0.0046,target
NVDA,2025-12-18,2025-12-18 12:28:00+00:00,6,2,172.904574,0.0046,target
NVDA,2025-12-18,2025-12-18 13:09:00+00:00,6,2,172.85436395999997,0.0046,target
NVDA,2025-12-18,2025-12-18 13:30:00+00:00,7,2,173.104614,0.0046,target
NVDA,2025-12-18,2025-12-18 13:52:00+00:00,6,2,173.844762,0.0046,target
NVDA,2025-12-18,2025-12-18 14:14:00+00:00,6,2,174.274848,-0.0029000000000000002,stop
NVDA,2025-12-18,2025-12-18 14:59:00+00:00,7,2,173.94858276,-0.0029000000000000002,stop
NVDA,2025-12-18,2025-12-18 15:32:00+00:00,7,2,175.23003899999998,0.0046,target
NVDA,2025-12-18,2025-12-18 15:53:00+00:00,7,2,175.75094316,-0.0029000000000000002,stop
NVDA,2025-12-18,2025-12-18 16:15:00+00:00,6,2,175.009995,0.0046,target
NVDA,2025-12-18,2025-12-18 16:39:00+00:00,7,2,175.605114,-0.0029000000000000002,stop
NVDA,2025-12-18,2025-12-18 16:59:00+00:00,6,2,175.67512799999997,-0.0029000000000000002,stop
NVDA,2025-12-18,2025-12-18 17:50:00+00:00,6,2,174.82995899999997,0.0046,target
NVDA,2025-12-18,2025-12-18 18:12:00+00:00,6,2,175.195032,0.0046,target
NVDA,2025-12-18,2025-12-18 18:33:00+00:00,6,2,175.055004,-0.0029000000000000002,stop
NVDA,2025-12-18,2025-12-18 19:10:00+00:00,6,2,174.894972,-0.0029000000000000002,stop
NVDA,2025-12-18,2025-12-18 20:19:00+00:00,6,2,174.72483798,0.0046,target
NVDA,2025-12-18,2025-12-18 20:46:00+00:00,6,2,174.894972,-0.0029000000000000002,stop
NVDA,2025-12-18,2025-12-18 22:02:00+00:00,7,2,174.63492,-0.0029000000000000002,stop
NVDA,2025-12-18,2025-12-18 22:22:00+00:00,6,2,174.474888,0.0046,target
NVDA,2025-12-18,2025-12-18 22:43:00+00:00,6,2,174.594912,0.0046,target
NVDA,2025-12-18,2025-12-18 23:05:00+00:00,6,2,174.88496999999998,0.0046,target
NVDA,2025-12-18,2025-12-18 23:27:00+00:00,7,2,174.774948,0.0046,target
NVDA,2025-12-19,2025-12-19 09:31:00+00:00,6,2,176.425278,0.0046,target
NVDA,2025-12-19,2025-12-19 09:59:00+00:00,6,2,176.495292,0.0046,target
NVDA,2025-12-19,2025-12-19 10:19:00+00:00,8,2,176.57530799999998,0.0046,target
NVDA,2025-12-19,2025-12-19 10:47:00+00:00,6,2,176.765346,-0.0029000000000000002,stop
NVDA,2025-12-19,2025-12-19 11:11:00+00:00,6,2,176.345262,0.0046,target
NVDA,2025-12-19,2025-12-19 11:32:00+00:00,6,2,176.95538399999998,-0.0029000000000000002,stop
NVDA,2025-12-19,2025-12-19 12:49:00+00:00,6,2,176.155224,-0.0029000000000000002,stop
NVDA,2025-12-19,2025-12-19 13:38:00+00:00,7,2,176.12531802,0.0046,target
NVDA,2025-12-19,2025-12-19 14:08:00+00:00,6,2,176.115216,-0.0029000000000000002,stop
NVDA,2025-12-19,2025-12-19 14:37:00+00:00,6,2,177.755544,0.0046,target
NVDA,2025-12-19,2025-12-19 14:57:00+00:00,6,2,179.9499828,-0.0029000000000000002,stop
NVDA,2025-12-19,2025-12-19 15:29:00+00:00,6,2,178.695732,0.0046,target
NVDA,2025-12-19,2025-12-19 15:49:00+00:00,6,2,178.91567597999997,0.0046,target
NVDA,2025-12-19,2025-12-19 16:10:00+00:00,6,2,179.355864,0.0046,target
NVDA,2025-12-19,2025-12-19 16:31:00+00:00,8,2,179.620917,0.0046,target
NVDA,2025-12-19,2025-12-19 16:51:00+00:00,6,2,179.615916,0.0046,target
NVDA,2025-12-19,2025-12-19 17:11:00+00:00,7,2,180.326058,0.0046,target
NVDA,2025-12-19,2025-12-19 17:45:00+00:00,6,2,180.85616399999998,-0.0029000000000000002,stop
NVDA,2025-12-19,2025-12-19 18:29:00+00:00,6,2,179.91157511999998,-0.0029000000000000002,stop
NVDA,2025-12-19,2025-12-19 19:04:00+00:00,6,2,179.960985,0.0046,target
NVDA,2025-12-19,2025-12-19 19:24:00+00:00,7,2,180.67612799999998,0.0046,target
NVDA,2025-12-19,2025-12-19 19:54:00+00:00,6,2,180.566106,0.0046,target
NVDA,2025-12-19,2025-12-19 20:16:00+00:00,6,2,180.67612799999998,-0.0029000000000000002,stop
NVDA,2025-12-19,2025-12-19 20:47:00+00:00,6,2,180.14602200000002,0.0046,target
NVDA,2025-12-19,2025-12-19 21:10:00+00:00,6,2,181.08621,0.0046,target
NVDA,2025-12-19,2025-12-19 21:33:00+00:00,6,2,181.026198,0.0046,target
NVDA,2025-12-19,2025-12-19 22:00:00+00:00,6,2,181.02599796,0.0046,target
NVDA,2025-12-19,2025-12-19 22:23:00+00:00,6,2,180.93618,0.0046,target
NVDA,2025-12-19,2025-12-19 22:45:00+00:00,6,2,180.966186,0.0046,target
NVDA,2025-12-19,2025-12-19 23:08:00+00:00,6,2,180.95618399999998,0.0046,target
NVDA,2025-12-22,2025-12-22 10:27:00+00:00,7,2,183.176628,0.0046,target
NVDA,2025-12-22,2025-12-22 10:51:00+00:00,7,2,183.246642,0.0046,target
NVDA,2025-12-22,2025-12-22 11:13:00+00:00,7,2,183.476688,0.0046,target
NVDA,2025-12-22,2025-12-22 11:33:00+00:00,6,2,183.44668199999998,-0.0029000000000000002,stop
NVDA,2025-12-22,2025-12-22 12:16:00+00:00,6,2,183.366666,0.0046,target
NVDA,2025-12-22,2025-12-22 12:40:00+00:00,6,2,184.346862,-0.0029000000000000002,stop
NVDA,2025-12-22,2025-12-22 13:01:00+00:00,7,2,184.346862,-0.0029000000000000002,stop
NVDA,2025-12-22,2025-12-22 13:22:00+00:00,7,2,184.206834,0.0046,target
NVDA,2025-12-22,2025-12-22 13:47:00+00:00,6,2,184.13682,0.0046,target
NVDA,2025-12-22,2025-12-22 14:08:00+00:00,6,2,184.266846,-0.0029000000000000002,stop
NVDA,2025-12-22,2025-12-22 14:28:00+00:00,6,2,183.88676999999998,-0.0029000000000000002,stop
NVDA,2025-12-22,2025-12-22 14:58:00+00:00,6,2,183.531699,-0.0029000000000000002,stop
NVDA,2025-12-22,2025-12-22 15:25:00+00:00,6,2,183.64662198000002,-0.0029000000000000002,stop
NVDA,2025-12-22,2025-12-22 15:50:00+00:00,6,2,183.371667,0.0046,target
NVDA,2025-12-22,2025-12-22 16:20:00+00:00,6,2,183.70673399999998,0.0046,target
NVDA,2025-12-22,2025-12-22 16:41:00+00:00,6,2,183.566706,-0.0029000000000000002,stop
NVDA,2025-12-22,2025-12-22 18:41:00+00:00,6,2,183.25784424,0.0046,target
NVDA,2025-12-22,2025-12-22 19:26:00+00:00,7,2,183.49029072,0.0046,target
NVDA,2025-12-22,2025-12-22 19:56:00+00:00,6,2,183.40167300000002,0.0046,target
NVDA,2025-12-22,2025-12-22 20:20:00+00:00,7,2,183.471687,0.0046,target
NVDA,2025-12-22,2025-12-22 20:41:00+00:00,7,2,183.50669399999998,0.0046,target
NVDA,2025-12-22,2025-12-22 21:01:00+00:00,7,2,183.746742,0.0046,target
NVDA,2025-12-22,2025-12-22 21:36:00+00:00,6,2,183.54670199999998,0.0046,target
NVDA,2025-12-22,2025-12-22 22:33:00+00:00,6,2,183.48668999999998,0.0046,target
NVDA,2025-12-22,2025-12-22 23:01:00+00:00,6,2,183.49589184,0.0046,target
NVDA,2025-12-23,2025-12-23 09:28:00+00:00,9,2,183.63672,0.0046,target
NVDA,2025-12-23,2025-12-23 10:00:00+00:00,6,2,183.63672,-0.0029000000000000002,stop
NVDA,2025-12-23,2025-12-23 14:33:00+00:00,6,2,183.821757,0.0046,target
NVDA,2025-12-23,2025-12-23 14:53:00+00:00,7,2,184.251843,-0.0029000000000000002,stop
NVDA,2025-12-23,2025-12-23 15:14:00+00:00,6,2,184.316856,0.0046,target
NVDA,2025-12-23,2025-12-23 15:34:00+00:00,7,2,185.1940314,0.0046,target
NVDA,2025-12-23,2025-12-23 15:54:00+00:00,6,2,185.97078672,0.0046,target
NVDA,2025-12-23,2025-12-23 16:18:00+00:00,7,2,187.01729597999997,0.0046,target
NVDA,2025-12-23,2025-12-23 16:41:00+00:00,6,2,187.527498,0.0046,target
NVDA,2025-12-23,2025-12-23 17:03:00+00:00,7,2,188.18763,0.0046,target
NVDA,2025-12-23,2025-12-23 17:42:00+00:00,7,2,188.05260299999998,0.0046,target
NVDA,2025-12-23,2025-12-23 18:04:00+00:00,6,2,188.07270702,0.0046,target
NVDA,2025-12-23,2025-12-23 18:32:00+00:00,6,2,188.10761399999998,0.0046,target
NVDA,2025-12-23,2025-12-23 18:53:00+00:00,7,2,188.48128872,0.0046,target
NVDA,2025-12-23,2025-12-23 19:28:00+00:00,7,2,188.5166958,0.0046,target
NVDA,2025-12-23,2025-12-23 20:01:00+00:00,7,2,188.767746,0.0046,target
NVDA,2025-12-23,2025-12-23 20:21:00+00:00,6,2,188.762745,0.0046,target
NVDA,2025-12-23,2025-12-23 20:45:00+00:00,6,2,189.05280299999998,0.0046,target
NVDA,2025-12-23,2025-12-23 21:07:00+00:00,6,2,189.29785199999998,-0.0029000000000000002,stop
NVDA,2025-12-23,2025-12-23 21:52:00+00:00,6,2,188.73773999999997,0.0046,target
NVDA,2025-12-23,2025-12-23 22:37:00+00:00,6,2,188.67772799999997,0.0046,target
NVDA,2025-12-24,2025-12-24 12:35:00+00:00,6,2,188.597712,0.0046,target
NVDA,2025-12-24,2025-12-24 13:06:00+00:00,7,2,188.7732471,0.0046,target
NVDA,2025-12-24,2025-12-24 13:26:00+00:00,7,2,188.767746,0.0046,target
NVDA,2025-12-24,2025-12-24 13:49:00+00:00,6,2,188.63772,0.0046,target
NVDA,2025-12-24,2025-12-24 14:11:00+00:00,6,2,188.74764198,-0.0029000000000000002,stop
NVDA,2025-12-24,2025-12-24 14:40:00+00:00,6,2,188.382669,-0.0029000000000000002,stop
NVDA,2025-12-24,2025-12-24 15:17:00+00:00,6,2,188.117616,-0.0029000000000000002,stop
NVDA,2025-12-24,2025-12-24 16:05:00+00:00,6,2,187.59131076,0.0046,target
NVDA,2025-12-24,2025-12-24 16:29:00+00:00,6,2,187.95258299999998,0.0046,target
NVDA,2025-12-24,2025-12-24 16:52:00+00:00,7,2,188.462685,-0.0029000000000000002,stop
NVDA,2025-12-24,2025-12-24 17:12:00+00:00,6,2,188.14752198,0.0046,target
NVDA,2025-12-24,2025-12-24 17:34:00+00:00,6,2,188.272647,0.0046,target
NVDA,2025-12-24,2025-12-24 17:57:00+00:00,7,2,188.507694,0.0046,target
NVDA,2025-12-24,2025-12-24 18:25:00+00:00,6,2,188.257644,0.0046,target
NVDA,2025-12-24,2025-12-24 19:15:00+00:00,6,2,188.43768,0.0046,target
NVDA,2025-12-24,2025-12-24 19:37:00+00:00,6,2,188.4541833,0.0046,target
NVDA,2025-12-24,2025-12-24 21:21:00+00:00,6,2,188.46228492,0.0046,target
NVDA,2025-12-26,2025-12-26 10:55:00+00:00,6,2,189.997992,0.0046,target
NVDA,2025-12-26,2025-12-26 13:13:00+00:00,7,2,189.89787198000002,0.0046,target
NVDA,2025-12-26,2025-12-26 13:43:00+00:00,7,2,190.31805599999998,0.0046,target
NVDA,2025-12-26,2025-12-26 14:06:00+00:00,6,2,190.218036,-0.0029000000000000002,stop
NVDA,2025-12-26,2025-12-26 14:32:00+00:00,6,2,190.61821601999998,0.0046,target
NVDA,2025-12-26,2025-12-26 14:52:00+00:00,6,2,191.518296,-0.0029000000000000002,stop
NVDA,2025-12-26,2025-12-26 15:27:00+00:00,7,2,191.468286,0.0046,target
NVDA,2025-12-26,2025-12-26 15:47:00+00:00,6,2,191.89337099999997,-0.0029000000000000002,stop
NVDA,2025-12-26,2025-12-26 16:10:00+00:00,6,2,191.513295,-0.0029000000000000002,stop
NVDA,2025-12-26,2025-12-26 18:10:00+00:00,6,2,191.368266,0.0046,target
NVDA,2025-12-26,2025-12-26 18:30:00+00:00,7,2,191.573307,0.0046,target
NVDA,2025-12-26,2025-12-26 18:50:00+00:00,8,2,192.0384,0.0046,target
NVDA,2025-12-26,2025-12-26 19:10:00+00:00,7,2,192.61411512,-0.0029000000000000002,stop
NVDA,2025-12-26,2025-12-26 19:36:00+00:00,6,2,192.298452,-0.0029000000000000002,stop
NVDA,2025-12-26,2025-12-26 20:20:00+00:00,6,2,191.523297,0.0046,target
NVDA,2025-12-29,2025-12-29 10:37:00+00:00,8,2,188.277648,0.0046,target
NVDA,2025-12-29,2025-12-29 10:57:00+00:00,6,2,188.22763799999998,-0.0029000000000000002,stop
NVDA,2025-12-29,2025-12-29 11:38:00+00:00,6,2,188.20763399999998,0.0046,target
NVDA,2025-12-29,2025-12-29 12:00:00+00:00,8,2,188.51769599999997,0.0046,target
NVDA,2025-12-29,2025-12-29 12:21:00+00:00,6,2,188.547702,-0.0029000000000000002,stop
NVDA,2025-12-29,2025-12-29 14:37:00+00:00,6,2,187.477488,0.0046,target
NVDA,2025-12-29,2025-12-29 15:30:00+00:00,6,2,187.297452,-0.0029000000000000002,stop
NVDA,2025-12-29,2025-12-29 16:28:00+00:00,7,2,187.277448,0.0046,target
NVDA,2025-12-29,2025-12-29 16:49:00+00:00,8,2,187.577508,-0.0029000000000000002,stop
NVDA,2025-12-29,2025-12-29 17:47:00+00:00,6,2,187.13742,0.0046,target
NVDA,2025-12-29,2025-12-29 18:07:00+00:00,6,2,187.432479,0.0046,target
NVDA,2025-12-29,2025-12-29 18:27:00+00:00,6,2,187.592511,0.0046,target
NVDA,2025-12-29,2025-12-29 19:30:00+00:00,7,2,187.417476,0.0046,target
NVDA,2025-12-29,2025-12-29 19:51:00+00:00,6,2,187.847562,0.0046,target
NVDA,2025-12-29,2025-12-29 20:15:00+00:00,6,2,187.80365322,0.0046,target
NVDA,2025-12-29,2025-12-29 20:35:00+00:00,7,2,187.982589,0.0046,target
NVDA,2025-12-29,2025-12-29 20:56:00+00:00,6,2,188.22753798,0.0046,target
NVDA,2025-12-29,2025-12-29 21:34:00+00:00,6,2,188.00829413999998,0.0046,target
NVDA,2025-12-29,2025-12-29 21:55:00+00:00,6,2,188.06760599999998,0.0046,target
NVDA,2025-12-29,2025-12-29 22:39:00+00:00,6,2,187.857564,0.0046,target
NVDA,2025-12-30,2025-12-30 09:28:00+00:00,6,2,188.16762599999998,0.0046,target
NVDA,2025-12-30,2025-12-30 10:36:00+00:00,6,2,188.0376,0.0046,target
NVDA,2025-12-30,2025-12-30 11:12:00+00:00,7,2,188.08761,0.0046,target
NVDA,2025-12-30,2025-12-30 11:45:00+00:00,6,2,188.20763399999998,0.0046,target
NVDA,2025-12-30,2025-12-30 12:11:00+00:00,6,2,188.577708,0.0046,target
NVDA,2025-12-30,2025-12-30 12:37:00+00:00,6,2,188.497692,-0.0029000000000000002,stop
NVDA,2025-12-30,2025-12-30 13:08:00+00:00,6,2,188.567706,0.0046,target
NVDA,2025-12-30,2025-12-30 13:29:00+00:00,6,2,188.567706,0.0046,target
NVDA,2025-12-30,2025-12-30 14:09:00+00:00,6,2,188.45768399999997,-0.0029000000000000002,stop
NVDA,2025-12-30,2025-12-30 14:31:00+00:00,7,2,188.507694,-0.0029000000000000002,stop
NVDA,2025-12-30,2025-12-30 15:53:00+00:00,8,2,187.912575,0.0046,target
NVDA,2025-12-30,2025-12-30 16:17:00+00:00,7,2,188.192631,0.0046,target
NVDA,2025-12-30,2025-12-30 16:37:00+00:00,6,2,188.197632,0.0046,target
NVDA,2025-12-30,2025-12-30 17:00:00+00:00,6,2,188.0376,0.0046,target
NVDA,2025-12-30,2025-12-30 17:49:00+00:00,6,2,187.842561,0.0046,target
NVDA,2025-12-30,2025-12-30 18:09:00+00:00,6,2,188.072607,0.0046,target
NVDA,2025-12-30,2025-12-30 18:30:00+00:00,7,2,188.247642,0.0046,target
NVDA,2025-12-30,2025-12-30 18:52:00+00:00,7,2,188.23763999999997,0.0046,target
NVDA,2025-12-30,2025-12-30 19:15:00+00:00,6,2,188.23763999999997,0.0046,target
NVDA,2025-12-30,2025-12-30 19:47:00+00:00,6,2,187.93758,-0.0029000000000000002,stop
NVDA,2025-12-30,2025-12-30 22:43:00+00:00,6,2,187.48748999999998,0.0046,target
NVDA,2025-12-31,2025-12-31 10:52:00+00:00,6,2,187.13742,0.0046,target
NVDA,2025-12-31,2025-12-31 11:15:00+00:00,7,2,187.497492,0.0046,target
NVDA,2025-12-31,2025-12-31 11:44:00+00:00,6,2,187.797552,0.0046,target
NVDA,2025-12-31,2025-12-31 12:06:00+00:00,6,2,187.807554,0.0046,target
NVDA,2025-12-31,2025-12-31 12:28:00+00:00,6,2,188.257644,0.0046,target
NVDA,2025-12-31,2025-12-31 12:48:00+00:00,7,2,188.22763799999998,-0.0029000000000000002,stop
NVDA,2025-12-31,2025-12-31 13:11:00+00:00,6,2,188.317656,0.0046,target
NVDA,2025-12-31,2025-12-31 13:31:00+00:00,8,2,188.86776600000002,0.0046,target
NVDA,2025-12-31,2025-12-31 13:51:00+00:00,8,2,189.497892,0.0046,target
NVDA,2025-12-31,2025-12-31 14:16:00+00:00,6,2,189.707934,-0.0029000000000000002,stop
NVDA,2025-12-31,2025-12-31 14:39:00+00:00,6,2,189.257844,-0.0029000000000000002,stop
NVDA,2025-12-31,2025-12-31 16:41:00+00:00,6,2,188.917776,0.0046,target
NVDA,2025-12-31,2025-12-31 17:01:00+00:00,8,2,189.10811406,0.0046,target
NVDA,2025-12-31,2025-12-31 17:31:00+00:00,7,2,189.01779599999998,-0.0029000000000000002,stop
NVDA,2025-12-31,2025-12-31 18:15:00+00:00,6,2,188.95278299999998,0.0046,target
NVDA,2025-12-31,2025-12-31 18:41:00+00:00,6,2,189.03339911999998,-0.0029000000000000002,stop
NVDA,2026-01-02,2026-01-02 14:34:00+00:00,7,2,190.758144,0.0046,target
NVDA,2026-01-02,2026-01-02 14:54:00+00:00,6,2,192.36816594,-0.0029000000000000002,stop
NVDA,2026-01-02,2026-01-02 15:48:00+00:00,7,2,191.28825,-0.0029000000000000002,stop
NVDA,2026-01-02,2026-01-02 17:43:00+00:00,7,2,189.927978,-0.0029000000000000002,stop
NVDA,2026-01-02,2026-01-02 19:31:00+00:00,6,2,189.342861,-0.0029000000000000002,stop
NVDA,2026-01-05,2026-01-05 10:28:00+00:00,6,2,190.398072,0.0046,target
NVDA,2026-01-05,2026-01-05 10:50:00+00:00,6,2,190.88817,0.0046,target
NVDA,2026-01-05,2026-01-05 11:11:00+00:00,7,2,190.958184,0.0046,target
NVDA,2026-01-05,2026-01-05 11:33:00+00:00,7,2,191.18823,0.0046,target
NVDA,2026-01-05,2026-01-05 12:01:00+00:00,8,2,191.408274,0.0046,target
NVDA,2026-01-05,2026-01-05 12:24:00+00:00,6,2,191.78835,-0.0029000000000000002,stop
NVDA,2026-01-05,2026-01-05 12:44:00+00:00,6,2,191.498292,-0.0029000000000000002,stop
NVDA,2026-01-05,2026-01-05 13:09:00+00:00,7,2,191.60831399999998,0.0046,target
NVDA,2026-01-05,2026-01-05 13:31:00+00:00,6,2,191.598312,0.0046,target
NVDA,2026-01-05,2026-01-05 13:51:00+00:00,6,2,191.67802794,0.0046,target
NVDA,2026-01-05,2026-01-05 14:11:00+00:00,6,2,192.0384,-0.0029000000000000002,stop
NVDA,2026-01-05,2026-01-05 14:31:00+00:00,7,2,192.71843598,-0.0029000000000000002,stop
NVDA,2026-01-05,2026-01-05 16:09:00+00:00,6,2,190.683129,-0.0029000000000000002,stop
NVDA,2026-01-05,2026-01-05 20:19:00+00:00,6,2,187.247442,0.0046,target
NVDA,2026-01-05,2026-01-05 20:39:00+00:00,6,2,187.72753799999998,0.0046,target
NVDA,2026-01-05,2026-01-05 21:03:00+00:00,6,2,188.247642,0.0046,target
NVDA,2026-01-05,2026-01-05 22:15:00+00:00,7,2,189.2268378,-0.0029000000000000002,stop
NVDA,2026-01-06,2026-01-06 09:31:00+00:00,6,2,188.51769599999997,0.0046,target
NVDA,2026-01-06,2026-01-06 09:55:00+00:00,7,2,189.29785199999998,0.0046,target
NVDA,2026-01-06,2026-01-06 10:16:00+00:00,6,2,189.217836,0.0046,target
NVDA,2026-01-06,2026-01-06 10:38:00+00:00,7,2,189.257844,0.0046,target
NVDA,2026-01-06,2026-01-06 11:00:00+00:00,6,2,189.33786,0.0046,target
NVDA,2026-01-06,2026-01-06 11:24:00+00:00,7,2,189.36786600000002,0.0046,target
NVDA,2026-01-06,2026-01-06 11:52:00+00:00,6,2,189.197832,0.0046,target
NVDA,2026-01-06,2026-01-06 12:29:00+00:00,7,2,189.327858,0.0046,target
NVDA,2026-01-06,2026-01-06 12:49:00+00:00,6,2,189.307854,-0.0029000000000000002,stop
NVDA,2026-01-06,2026-01-06 13:10:00+00:00,6,2,189.5379,0.0046,target
NVDA,2026-01-06,2026-01-06 13:36:00+00:00,8,2,189.83785998,-0.0029000000000000002,stop
NVDA,2026-01-06,2026-01-06 14:02:00+00:00,6,2,189.56880618,0.0046,target
NVDA,2026-01-06,2026-01-06 14:23:00+00:00,6,2,190.20803399999997,-0.0029000000000000002,stop
NVDA,2026-01-06,2026-01-06 14:50:00+00:00,6,2,191.28825,-0.0029000000000000002,stop
NVDA,2026-01-06,2026-01-06 15:17:00+00:00,6,2,191.92837799999998,-0.0029000000000000002,stop
NVDA,2026-01-06,2026-01-06 17:32:00+00:00,6,2,189.42847812,-0.0029000000000000002,stop
NVDA,2026-01-06,2026-01-06 21:43:00+00:00,6,2,187.797552,0.0046,target
NVDA,2026-01-06,2026-01-06 23:10:00+00:00,6,2,188.11751598,0.0046,target
NVDA,2026-01-07,2026-01-07 11:44:00+00:00,6,2,187.817556,0.0046,target
NVDA,2026-01-07,2026-01-07 12:06:00+00:00,6,2,188.10761399999998,0.0046,target
NVDA,2026-01-07,2026-01-07 12:28:00+00:00,7,2,188.51769599999997,0.0046,target
NVDA,2026-01-07,2026-01-07 12:52:00+00:00,6,2,188.377668,-0.0029000000000000002,stop
NVDA,2026-01-07,2026-01-07 13:15:00+00:00,6,2,188.0376,0.0046,target
NVDA,2026-01-07,2026-01-07 13:35:00+00:00,7,2,188.18763,-0.0029000000000000002,stop
NVDA,2026-01-07,2026-01-07 14:26:00+00:00,6,2,188.317656,-0.0029000000000000002,stop
NVDA,2026-01-07,2026-01-07 14:49:00+00:00,6,2,188.627718,0.0046,target
NVDA,2026-01-07,2026-01-07 15:11:00+00:00,6,2,190.64312099999998,-0.0029000000000000002,stop
NVDA,2026-01-07,2026-01-07 15:52:00+00:00,6,2,190.343061,-0.0029000000000000002,stop
NVDA,2026-01-07,2026-01-07 16:19:00+00:00,6,2,190.113015,-0.0029000000000000002,stop
NVDA,2026-01-07,2026-01-07 16:52:00+00:00,6,2,189.8059536,0.0046,target
NVDA,2026-01-07,2026-01-07 17:22:00+00:00,6,2,190.253043,0.0046,target
NVDA,2026-01-07,2026-01-07 18:55:00+00:00,6,2,189.93798,-0.0029000000000000002,stop
NVDA,2026-01-08,2026-01-08 09:34:00+00:00,6,2,189.807954,0.0046,target
NVDA,2026-01-08,2026-01-08 10:19:00+00:00,6,2,189.667926,0.0046,target
NVDA,2026-01-08,2026-01-08 10:54:00+00:00,9,2,189.897972,0.0046,target
NVDA,2026-01-08,2026-01-08 11:31:00+00:00,6,2,189.997992,-0.0029000000000000002,stop
NVDA,2026-01-08,2026-01-08 11:55:00+00:00,6,2,190.148022,0.0046,target
NVDA,2026-01-08,2026-01-08 12:20:00+00:00,6,2,189.997992,0.0046,target
NVDA,2026-01-08,2026-01-08 13:15:00+00:00,6,2,189.747942,0.0046,target
NVDA,2026-01-08,2026-01-08 13:35:00+00:00,6,2,189.75474336,0.0046,target
NVDA,2026-01-08,2026-01-08 14:00:00+00:00,6,2,189.827958,-0.0029000000000000002,stop
NVDA,2026-01-08,2026-01-08 19:43:00+00:00,6,2,184.5544035,0.0046,target
NVDA,2026-01-08,2026-01-08 22:21:00+00:00,6,2,185.257044,0.0046,target
NVDA,2026-01-09,2026-01-09 09:27:00+00:00,6,2,185.607114,0.0046,target
NVDA,2026-01-09,2026-01-09 09:55:00+00:00,6,2,185.67712799999998,0.0046,target
NVDA,2026-01-09,2026-01-09 10:17:00+00:00,6,2,185.747142,0.0046,target
NVDA,2026-01-09,2026-01-09 10:54:00+00:00,6,2,185.78715,0.0046,target
NVDA,2026-01-09,2026-01-09 11:23:00+00:00,6,2,185.69713199999998,0.0046,target
NVDA,2026-01-09,2026-01-09 11:45:00+00:00,6,2,186.527298,-0.0029000000000000002,stop
NVDA,2026-01-09,2026-01-09 12:53:00+00:00,6,2,185.81715599999998,0.0046,target
NVDA,2026-01-09,2026-01-09 13:33:00+00:00,6,2,185.827158,0.0046,target
NVDA,2026-01-09,2026-01-09 13:58:00+00:00,6,2,186.01719599999998,-0.0029000000000000002,stop
NVDA,2026-01-09,2026-01-09 15:31:00+00:00,6,2,185.14702200000002,-0.0029000000000000002,stop
NVDA,2026-01-09,2026-01-09 16:06:00+00:00,7,2,185.07200699999999,0.0046,target
NVDA,2026-01-09,2026-01-09 16:30:00+00:00,6,2,185.342061,0.0046,target
NVDA,2026-01-09,2026-01-09 16:57:00+00:00,6,2,185.33706,-0.0029000000000000002,stop
NVDA,2026-01-09,2026-01-09 17:48:00+00:00,8,2,185.162025,0.0046,target
NVDA,2026-01-09,2026-01-09 18:33:00+00:00,6,2,185.18703,0.0046,target
NVDA,2026-01-09,2026-01-09 18:58:00+00:00,7,2,185.427078,0.0046,target
NVDA,2026-01-09,2026-01-09 19:20:00+00:00,6,2,186.01719599999998,0.0046,target
NVDA,2026-01-09,2026-01-09 19:44:00+00:00,6,2,185.942181,0.0046,target
NVDA,2026-01-09,2026-01-09 20:04:00+00:00,6,2,186.03719999999998,-0.0029000000000000002,stop
NVDA,2026-01-09,2026-01-09 20:24:00+00:00,6,2,185.832159,-0.0029000000000000002,stop
NVDA,2026-01-09,2026-01-09 20:49:00+00:00,6,2,185.45708399999998,-0.0029000000000000002,stop
NVDA,2026-01-12,2026-01-12 10:36:00+00:00,7,2,182.70653399999998,0.0046,target
NVDA,2026-01-12,2026-01-12 11:15:00+00:00,8,2,182.89657200000002,0.0046,target
NVDA,2026-01-12,2026-01-12 11:45:00+00:00,6,2,182.78655,0.0046,target
NVDA,2026-01-12,2026-01-12 12:09:00+00:00,6,2,183.076608,0.0046,target
NVDA,2026-01-12,2026-01-12 12:31:00+00:00,6,2,182.98658999999998,-0.0029000000000000002,stop
NVDA,2026-01-12,2026-01-12 12:55:00+00:00,6,2,183.096612,-0.0029000000000000002,stop
NVDA,2026-01-12,2026-01-12 13:15:00+00:00,6,2,183.04660199999998,0.0046,target
NVDA,2026-01-12,2026-01-12 13:39:00+00:00,7,2,183.316656,0.0046,target
NVDA,2026-01-12,2026-01-12 14:00:00+00:00,6,2,183.42667799999998,-0.0029000000000000002,stop
NVDA,2026-01-12,2026-01-12 14:34:00+00:00,7,2,184.706934,0.0046,target
NVDA,2026-01-12,2026-01-12 16:11:00+00:00,7,2,184.626918,0.0046,target
NVDA,2026-01-12,2026-01-12 16:34:00+00:00,6,2,185.10711401999998,-0.0029000000000000002,stop
NVDA,2026-01-12,2026-01-12 16:54:00+00:00,7,2,185.45708399999998,0.0046,target
NVDA,2026-01-12,2026-01-12 17:19:00+00:00,6,2,186.062205,0.0046,target
NVDA,2026-01-12,2026-01-12 17:44:00+00:00,6,2,186.162225,0.0046,target
NVDA,2026-01-12,2026-01-12 18:08:00+00:00,6,2,186.327258,0.0046,target
NVDA,2026-01-12,2026-01-12 18:28:00+00:00,7,2,186.782349,0.0046,target
NVDA,2026-01-12,2026-01-12 18:51:00+00:00,6,2,186.972387,0.0046,target
NVDA,2026-01-12,2026-01-12 19:11:00+00:00,6,2,186.76234499999998,0.0046,target
NVDA,2026-01-12,2026-01-12 19:36:00+00:00,6,2,186.98738999999998,-0.0029000000000000002,stop
NVDA,2026-01-12,2026-01-12 22:49:00+00:00,6,2,185.127018,0.0046,target
NVDA,2026-01-13,2026-01-13 09:24:00+00:00,6,2,185.597112,0.0046,target
NVDA,2026-01-13,2026-01-13 09:46:00+00:00,6,2,185.392071,0.0046,target
NVDA,2026-01-13,2026-01-13 10:07:00+00:00,7,2,185.497092,0.0046,target
NVDA,2026-01-13,2026-01-13 10:39:00+00:00,6,2,185.43708,0.0046,target
NVDA,2026-01-13,2026-01-13 11:10:00+00:00,6,2,185.717136,-0.0029000000000000002,stop
NVDA,2026-01-13,2026-01-13 11:55:00+00:00,6,2,185.28705,-0.0029000000000000002,stop
NVDA,2026-01-13,2026-01-13 13:26:00+00:00,6,2,185.117016,0.0046,target
NVDA,2026-01-13,2026-01-13 13:50:00+00:00,6,2,185.66722602,0.0046,target
NVDA,2026-01-13,2026-01-13 14:13:00+00:00,6,2,185.51169492,-0.0029000000000000002,stop
NVDA,2026-01-13,2026-01-13 15:55:00+00:00,6,2,184.556904,0.0046,target
NVDA,2026-01-13,2026-01-13 16:16:00+00:00,6,2,185.22713801999998,-0.0029000000000000002,stop
NVDA,2026-01-13,2026-01-13 16:36:00+00:00,6,2,185.78715,0.0046,target
NVDA,2026-01-13,2026-01-13 16:56:00+00:00,6,2,187.90257300000002,-0.0029000000000000002,stop
NVDA,2026-01-13,2026-01-13 17:16:00+00:00,6,2,186.877368,-0.0029000000000000002,stop
NVDA,2026-01-13,2026-01-13 20:50:00+00:00,6,2,185.01699599999998,0.0046,target
NVDA,2026-01-13,2026-01-13 21:12:00+00:00,7,2,185.877168,-0.0029000000000000002,stop
NVDA,2026-01-13,2026-01-13 21:47:00+00:00,6,2,185.597112,0.0046,target
NVDA,2026-01-13,2026-01-13 22:11:00+00:00,6,2,185.58711,0.0046,target
NVDA,2026-01-13,2026-01-13 22:32:00+00:00,6,2,185.83716,0.0046,target
NVDA,2026-01-13,2026-01-13 22:53:00+00:00,6,2,185.73553968,0.0046,target
NVDA,2026-01-13,2026-01-13 23:13:00+00:00,6,2,185.83716,0.0046,target
NVDA,2026-01-14,2026-01-14 12:42:00+00:00,6,2,184.63692,0.0046,target
NVDA,2026-01-14,2026-01-14 15:41:00+00:00,8,2,182.611515,-0.0029000000000000002,stop
NVDA,2026-01-14,2026-01-14 17:49:00+00:00,6,2,182.181429,-0.0029000000000000002,stop
NVDA,2026-01-14,2026-01-14 18:15:00+00:00,7,2,182.306454,-0.0029000000000000002,stop
NVDA,2026-01-14,2026-01-14 20:06:00+00:00,6,2,182.176428,-0.0029000000000000002,stop
NVDA,2026-01-14,2026-01-14 20:36:00+00:00,7,2,182.68653,-0.0029000000000000002,stop
NVDA,2026-01-14,2026-01-14 20:56:00+00:00,6,2,182.86156499999998,0.0046,target
NVDA,2026-01-14,2026-01-14 21:18:00+00:00,6,2,183.256644,0.0046,target
NVDA,2026-01-14,2026-01-14 21:47:00+00:00,6,2,183.13662,-0.0029000000000000002,stop
NVDA,2026-01-14,2026-01-14 22:24:00+00:00,6,2,182.876568,0.0046,target
NVDA,2026-01-14,2026-01-14 22:58:00+00:00,6,2,182.80735416000002,0.0046,target
NVDA,2026-01-14,2026-01-14 23:21:00+00:00,6,2,182.756544,0.0046,target
NVDA,2026-01-15,2026-01-15 09:22:00+00:00,6,2,184.93698,0.0046,target
NVDA,2026-01-15,2026-01-15 09:43:00+00:00,6,2,185.307054,0.0046,target
NVDA,2026-01-15,2026-01-15 10:06:00+00:00,6,2,185.807154,0.0046,target
NVDA,2026-01-15,2026-01-15 10:27:00+00:00,6,2,185.647122,0.0046,target
NVDA,2026-01-15,2026-01-15 10:48:00+00:00,7,2,185.78715,0.0046,target
NVDA,2026-01-15,2026-01-15 11:09:00+00:00,6,2,186.157224,0.0046,target
NVDA,2026-01-15,2026-01-15 11:30:00+00:00,6,2,186.43728000000002,0.0046,target
NVDA,2026-01-15,2026-01-15 11:59:00+00:00,6,2,186.26724599999997,-0.0029000000000000002,stop
NVDA,2026-01-15,2026-01-15 13:23:00+00:00,6,2,185.327058,0.0046,target
NVDA,2026-01-15,2026-01-15 13:44:00+00:00,6,2,185.727138,0.0046,target
NVDA,2026-01-15,2026-01-15 14:05:00+00:00,6,2,186.127218,-0.0029000000000000002,stop
NVDA,2026-01-15,2026-01-15 14:26:00+00:00,6,2,186.117216,0.0046,target
NVDA,2026-01-15,2026-01-15 14:48:00+00:00,6,2,188.757744,-0.0029000000000000002,stop
NVDA,2026-01-15,2026-01-15 15:24:00+00:00,6,2,188.017596,-0.0029000000000000002,stop
NVDA,2026-01-15,2026-01-15 15:44:00+00:00,6,2,187.80745398,-0.0029000000000000002,stop
NVDA,2026-01-15,2026-01-15 16:05:00+00:00,6,2,187.78754999999998,0.0046,target
NVDA,2026-01-15,2026-01-15 16:25:00+00:00,7,2,187.857564,-0.0029000000000000002,stop
NVDA,2026-01-15,2026-01-15 16:45:00+00:00,8,2,188.18262900000002,0.0046,target
NVDA,2026-01-15,2026-01-15 17:08:00+00:00,6,2,189.0378,-0.0029000000000000002,stop
NVDA,2026-01-15,2026-01-15 17:34:00+00:00,6,2,188.472687,0.0046,target
NVDA,2026-01-15,2026-01-15 18:13:00+00:00,6,2,188.667726,0.0046,target
NVDA,2026-01-15,2026-01-15 18:33:00+00:00,7,2,189.162825,0.0046,target
NVDA,2026-01-15,2026-01-15 19:03:00+00:00,6,2,189.117816,-0.0029000000000000002,stop
NVDA,2026-01-15,2026-01-15 19:33:00+00:00,6,2,188.26274501999998,0.0046,target
NVDA,2026-01-15,2026-01-15 22:30:00+00:00,6,2,187.48738998000002,0.0046,target
NVDA,2026-01-16,2026-01-16 09:31:00+00:00,7,2,188.977788,-0.0029000000000000002,stop
NVDA,2026-01-16,2026-01-16 10:02:00+00:00,6,2,188.557704,0.0046,target
NVDA,2026-01-16,2026-01-16 10:37:00+00:00,6,2,188.80775400000002,0.0046,target
NVDA,2026-01-16,2026-01-16 11:06:00+00:00,7,2,188.927778,0.0046,target
NVDA,2026-01-16,2026-01-16 11:28:00+00:00,6,2,188.88777,0.0046,target
NVDA,2026-01-16,2026-01-16 12:06:00+00:00,6,2,188.707734,0.0046,target
NVDA,2026-01-16,2026-01-16 12:26:00+00:00,6,2,188.63772,0.0046,target
NVDA,2026-01-16,2026-01-16 12:47:00+00:00,6,2,188.73773999999997,-0.0029000000000000002,stop
NVDA,2026-01-16,2026-01-16 14:01:00+00:00,7,2,188.55780402000002,-0.0029000000000000002,stop
NVDA,2026-01-16,2026-01-16 14:28:00+00:00,6,2,188.767746,0.0046,target
NVDA,2026-01-16,2026-01-16 14:49:00+00:00,7,2,189.912975,-0.0029000000000000002,stop
NVDA,2026-01-16,2026-01-16 17:11:00+00:00,6,2,188.357664,-0.0029000000000000002,stop
NVDA,2026-01-16,2026-01-16 18:38:00+00:00,6,2,188.057604,0.0046,target
NVDA,2026-01-16,2026-01-16 20:02:00+00:00,6,2,188.042601,-0.0029000000000000002,stop
NVDA,2026-01-16,2026-01-16 21:56:00+00:00,6,2,186.39727200000002,0.0046,target
NVDA,2026-01-20,2026-01-20 10:25:00+00:00,6,2,181.376268,0.0046,target
NVDA,2026-01-20,2026-01-20 10:53:00+00:00,7,2,181.441281,0.0046,target
NVDA,2026-01-20,2026-01-20 11:14:00+00:00,6,2,181.776348,0.0046,target
NVDA,2026-01-20,2026-01-20 11:43:00+00:00,6,2,181.716336,0.0046,target
NVDA,2026-01-20,2026-01-20 12:03:00+00:00,7,2,182.39647200000002,0.0046,target
NVDA,2026-01-20,2026-01-20 12:27:00+00:00,7,2,182.516496,0.0046,target
NVDA,2026-01-20,2026-01-20 12:47:00+00:00,7,2,182.776548,-0.0029000000000000002,stop
NVDA,2026-01-20,2026-01-20 15:29:00+00:00,6,2,180.86616600000002,0.0046,target
NVDA,2026-01-20,2026-01-20 16:06:00+00:00,6,2,181.156224,-0.0029000000000000002,stop
NVDA,2026-01-20,2026-01-20 22:34:00+00:00,6,2,178.865766,0.0046,target
NVDA,2026-01-20,2026-01-20 23:01:00+00:00,6,2,178.995792,0.0046,target
NVDA,2026-01-21,2026-01-21 09:21:00+00:00,6,2,179.78594999999999,-0.0029000000000000002,stop
NVDA,2026-01-21,2026-01-21 10:20:00+00:00,6,2,179.495892,0.0046,target
NVDA,2026-01-21,2026-01-21 10:46:00+00:00,6,2,179.66592599999998,-0.0029000000000000002,stop
NVDA,2026-01-21,2026-01-21 11:31:00+00:00,6,2,179.645922,-0.0029000000000000002,stop
NVDA,2026-01-21,2026-01-21 13:01:00+00:00,7,2,179.83596,-0.0029000000000000002,stop
NVDA,2026-01-21,2026-01-21 14:05:00+00:00,8,2,179.13582,0.0046,target
NVDA,2026-01-21,2026-01-21 14:26:00+00:00,7,2,180.426078,-0.0029000000000000002,stop
NVDA,2026-01-21,2026-01-21 14:48:00+00:00,6,2,179.63011884,0.0046,target
NVDA,2026-01-21,2026-01-21 15:09:00+00:00,7,2,180.35106299999998,0.0046,target
NVDA,2026-01-21,2026-01-21 15:29:00+00:00,7,2,180.946182,0.0046,target
NVDA,2026-01-21,2026-01-21 15:49:00+00:00,6,2,181.92137699999998,0.0046,target
NVDA,2026-01-21,2026-01-21 16:10:00+00:00,6,2,183.16662599999998,-0.0029000000000000002,stop
NVDA,2026-01-21,2026-01-21 16:35:00+00:00,6,2,182.356464,-0.0029000000000000002,stop
NVDA,2026-01-21,2026-01-21 18:52:00+00:00,6,2,181.026198,0.0046,target
NVDA,2026-01-21,2026-01-21 19:13:00+00:00,6,2,181.11611598000002,0.0046,target
NVDA,2026-01-21,2026-01-21 19:33:00+00:00,6,2,183.23664,0.0046,target
NVDA,2026-01-21,2026-01-21 19:53:00+00:00,6,2,185.01699599999998,-0.0029000000000000002,stop
NVDA,2026-01-21,2026-01-21 20:17:00+00:00,6,2,184.996992,-0.0029000000000000002,stop
NVDA,2026-01-21,2026-01-21 20:37:00+00:00,6,2,184.51199502,-0.0029000000000000002,stop
NVDA,2026-01-21,2026-01-21 21:21:00+00:00,6,2,183.346662,0.0046,target
NVDA,2026-01-21,2026-01-21 21:42:00+00:00,6,2,183.47838833999998,0.0046,target
NVDA,2026-01-21,2026-01-21 22:17:00+00:00,7,2,183.756744,0.0046,target
NVDA,2026-01-21,2026-01-21 22:41:00+00:00,6,2,183.356664,0.0046,target
NVDA,2026-01-21,2026-01-21 23:03:00+00:00,6,2,183.93908045999999,0.0046,target
NVDA,2026-01-22,2026-01-22 09:22:00+00:00,6,2,185.38707,0.0046,target
NVDA,2026-01-22,2026-01-22 09:45:00+00:00,6,2,185.43708,0.0046,target
NVDA,2026-01-22,2026-01-22 10:08:00+00:00,6,2,185.08701000000002,0.0046,target
NVDA,2026-01-22,2026-01-22 11:03:00+00:00,6,2,185.097012,0.0046,target
NVDA,2026-01-22,2026-01-22 11:39:00+00:00,6,2,184.68693,0.0046,target
NVDA,2026-01-22,2026-01-22 12:04:00+00:00,6,2,184.766946,0.0046,target
NVDA,2026-01-22,2026-01-22 12:33:00+00:00,6,2,184.916976,-0.0029000000000000002,stop
NVDA,2026-01-22,2026-01-22 12:57:00+00:00,6,2,185.01699599999998,-0.0029000000000000002,stop
NVDA,2026-01-22,2026-01-22 13:18:00+00:00,6,2,184.86696600000002,-0.0029000000000000002,stop
NVDA,2026-01-22,2026-01-22 13:58:00+00:00,6,2,184.826958,0.0046,target
NVDA,2026-01-22,2026-01-22 14:18:00+00:00,7,2,184.78715004,0.0046,target
NVDA,2026-01-22,2026-01-22 15:27:00+00:00,6,2,185.097012,-0.0029000000000000002,stop
NVDA,2026-01-22,2026-01-22 15:51:00+00:00,6,2,185.07700799999998,0.0046,target
NVDA,2026-01-22,2026-01-22 16:16:00+00:00,7,2,185.497092,0.0046,target
NVDA,2026-01-22,2026-01-22 16:36:00+00:00,6,2,185.727138,0.0046,target
NVDA,2026-01-22,2026-01-22 16:56:00+00:00,6,2,185.69713199999998,-0.0029000000000000002,stop
NVDA,2026-01-22,2026-01-22 18:08:00+00:00,6,2,185.097012,-0.0029000000000000002,stop
NVDA,2026-01-23,2026-01-23 11:04:00+00:00,8,2,186.367266,0.0046,target
NVDA,2026-01-23,2026-01-23 11:25:00+00:00,6,2,187.817556,-0.0029000000000000002,stop
NVDA,2026-01-23,2026-01-23 11:51:00+00:00,6,2,187.43748,-0.0029000000000000002,stop
NVDA,2026-01-23,2026-01-23 12:11:00+00:00,6,2,187.44748199999998,0.0046,target
NVDA,2026-01-23,2026-01-23 12:31:00+00:00,7,2,187.847562,-0.0029000000000000002,stop
NVDA,2026-01-23,2026-01-23 12:56:00+00:00,6,2,187.347462,0.0046,target
NVDA,2026-01-23,2026-01-23 13:43:00+00:00,7,2,187.027398,0.0046,target
NVDA,2026-01-23,2026-01-23 14:09:00+00:00,6,2,187.33756001999998,-0.0029000000000000002,stop
NVDA,2026-01-23,2026-01-23 14:34:00+00:00,6,2,188.157624,-0.0029000000000000002,stop
NVDA,2026-01-23,2026-01-23 15:01:00+00:00,6,2,188.18763,-0.0029000000000000002,stop
NVDA,2026-01-23,2026-01-23 15:53:00+00:00,6,2,187.99829214,-0.0029000000000000002,stop
NVDA,2026-01-23,2026-01-23 16:30:00+00:00,6,2,187.78754999999998,-0.0029000000000000002,stop
NVDA,2026-01-23,2026-01-23 16:55:00+00:00,7,2,187.797552,-0.0029000000000000002,stop
NVDA,2026-01-23,2026-01-23 17:15:00+00:00,7,2,188.147622,-0.0029000000000000002,stop
NVDA,2026-01-23,2026-01-23 17:41:00+00:00,6,2,187.932579,-0.0029000000000000002,stop
NVDA,2026-01-23,2026-01-23 18:16:00+00:00,6,2,187.732539,0.0046,target
NVDA,2026-01-23,2026-01-23 18:42:00+00:00,6,2,188.002593,0.0046,target
NVDA,2026-01-23,2026-01-23 19:03:00+00:00,6,2,188.147622,0.0046,target
NVDA,2026-01-23,2026-01-23 19:25:00+00:00,6,2,187.997592,-0.0029000000000000002,stop
NVDA,2026-01-23,2026-01-23 20:59:00+00:00,7,2,187.83756,-0.0029000000000000002,stop
NVDA,2026-01-26,2026-01-26 10:33:00+00:00,7,2,186.43728000000002,0.0046,target
NVDA,2026-01-26,2026-01-26 12:03:00+00:00,6,2,186.467286,0.0046,target
NVDA,2026-01-26,2026-01-26 12:46:00+00:00,6,2,186.367266,-0.0029000000000000002,stop
NVDA,2026-01-26,2026-01-26 13:14:00+00:00,6,2,186.607314,0.0046,target
NVDA,2026-01-26,2026-01-26 13:38:00+00:00,7,2,186.467286,0.0046,target
NVDA,2026-01-26,2026-01-26 13:58:00+00:00,6,2,186.78735,0.0046,target
NVDA,2026-01-26,2026-01-26 14:18:00+00:00,6,2,187.077408,0.0046,target
NVDA,2026-01-26,2026-01-26 14:39:00+00:00,6,2,188.20763399999998,-0.0029000000000000002,stop
NVDA,2026-01-26,2026-01-26 18:39:00+00:00,6,2,186.92727798,0.0046,target
NVDA,2026-01-26,2026-01-26 20:45:00+00:00,6,2,186.50399334,0.0046,target
NVDA,2026-01-27,2026-01-27 09:25:00+00:00,6,2,187.39747200000002,0.0046,target
NVDA,2026-01-27,2026-01-27 09:48:00+00:00,8,2,187.467486,0.0046,target
NVDA,2026-01-27,2026-01-27 10:13:00+00:00,6,2,187.68753,0.0046,target
NVDA,2026-01-27,2026-01-27 10:45:00+00:00,6,2,187.60751399999998,0.0046,target
NVDA,2026-01-27,2026-01-27 12:01:00+00:00,7,2,187.76754599999998,-0.0029000000000000002,stop
NVDA,2026-01-27,2026-01-27 13:51:00+00:00,6,2,187.32745799999998,0.0046,target
NVDA,2026-01-27,2026-01-27 15:01:00+00:00,6,2,187.71763602000001,0.0046,target
NVDA,2026-01-27,2026-01-27 15:21:00+00:00,6,2,189.23283899999998,-0.0029000000000000002,stop
NVDA,2026-01-27,2026-01-27 15:42:00+00:00,6,2,189.397872,0.0046,target
NVDA,2026-01-27,2026-01-27 16:04:00+00:00,6,2,189.542901,0.0046,target
NVDA,2026-01-27,2026-01-27 16:27:00+00:00,6,2,189.73793999999998,0.0046,target
NVDA,2026-01-27,2026-01-27 16:53:00+00:00,6,2,189.542901,0.0046,target
NVDA,2026-01-27,2026-01-27 17:22:00+00:00,6,2,189.65292300000002,-0.0029000000000000002,stop
NVDA,2026-01-27,2026-01-27 18:03:00+00:00,6,2,189.11791602,0.0046,target
NVDA,2026-01-27,2026-01-27 18:25:00+00:00,7,2,189.692931,0.0046,target
NVDA,2026-01-27,2026-01-27 18:45:00+00:00,6,2,189.59291100000002,0.0046,target
NVDA,2026-01-27,2026-01-27 19:06:00+00:00,6,2,189.322857,0.0046,target
NVDA,2026-01-27,2026-01-27 19:52:00+00:00,6,2,189.25824408,0.0046,target
NVDA,2026-01-27,2026-01-27 20:13:00+00:00,7,2,189.46778598,0.0046,target
NVDA,2026-01-27,2026-01-27 21:50:00+00:00,6,2,188.927778,0.0046,target
NVDA,2026-01-27,2026-01-27 22:14:00+00:00,7,2,188.917776,0.0046,target
NVDA,2026-01-27,2026-01-27 22:37:00+00:00,6,2,189.047802,-0.0029000000000000002,stop
NVDA,2026-01-27,2026-01-27 23:04:00+00:00,6,2,188.98779,0.0046,target
NVDA,2026-01-28,2026-01-28 09:22:00+00:00,6,2,191.858364,-0.0029000000000000002,stop
NVDA,2026-01-28,2026-01-28 09:42:00+00:00,6,2,192.0384,-0.0029000000000000002,stop
NVDA,2026-01-28,2026-01-28 10:11:00+00:00,6,2,191.61831600000002,0.0046,target
NVDA,2026-01-28,2026-01-28 10:39:00+00:00,7,2,191.68833,0.0046,target
NVDA,2026-01-28,2026-01-28 10:59:00+00:00,8,2,192.00839399999998,0.0046,target
NVDA,2026-01-28,2026-01-28 11:30:00+00:00,6,2,191.658324,-0.0029000000000000002,stop
NVDA,2026-01-28,2026-01-28 11:57:00+00:00,7,2,191.66832599999998,-0.0029000000000000002,stop
NVDA,2026-01-28,2026-01-28 12:19:00+00:00,7,2,191.88836999999998,0.0046,target
NVDA,2026-01-28,2026-01-28 12:39:00+00:00,7,2,192.48748980000002,-0.0029000000000000002,stop
NVDA,2026-01-28,2026-01-28 12:59:00+00:00,6,2,192.408474,-0.0029000000000000002,stop
NVDA,2026-01-28,2026-01-28 13:32:00+00:00,6,2,191.77784789999998,0.0046,target
NVDA,2026-01-28,2026-01-28 14:43:00+00:00,7,2,192.068406,-0.0029000000000000002,stop
NVDA,2026-01-28,2026-01-28 15:04:00+00:00,6,2,191.80425318,-0.0029000000000000002,stop
NVDA,2026-01-28,2026-01-28 16:13:00+00:00,6,2,191.778348,-0.0029000000000000002,stop
NVDA,2026-01-28,2026-01-28 17:48:00+00:00,8,2,191.63832,0.0046,target
NVDA,2026-01-28,2026-01-28 18:09:00+00:00,6,2,191.573307,0.0046,target
NVDA,2026-01-28,2026-01-28 18:29:00+00:00,6,2,191.67502733999999,0.0046,target
NVDA,2026-01-28,2026-01-28 18:49:00+00:00,6,2,191.77824798,0.0046,target
NVDA,2026-01-28,2026-01-28 19:12:00+00:00,6,2,191.84336100000002,-0.0029000000000000002,stop
NVDA,2026-01-28,2026-01-28 19:41:00+00:00,6,2,191.83836,0.0046,target
NVDA,2026-01-28,2026-01-28 20:01:00+00:00,6,2,191.863365,0.0046,target
NVDA,2026-01-28,2026-01-28 20:54:00+00:00,6,2,191.58831,0.0046,target
NVDA,2026-01-28,2026-01-28 21:14:00+00:00,7,2,192.42847799999998,0.0046,target
NVDA,2026-01-28,2026-01-28 21:36:00+00:00,7,2,192.98859,-0.0029000000000000002,stop
NVDA,2026-01-28,2026-01-28 22:06:00+00:00,6,2,192.418476,-0.0029000000000000002,stop
NVDA,2026-01-28,2026-01-28 22:47:00+00:00,6,2,192.148422,-0.0029000000000000002,stop
NVDA,2026-01-29,2026-01-29 09:37:00+00:00,7,2,190.88817,-0.0029000000000000002,stop
NVDA,2026-01-29,2026-01-29 10:24:00+00:00,7,2,190.76814599999997,0.0046,target
NVDA,2026-01-29,2026-01-29 10:49:00+00:00,6,2,190.93818,0.0046,target
NVDA,2026-01-29,2026-01-29 11:13:00+00:00,7,2,191.10821399999998,0.0046,target
NVDA,2026-01-29,2026-01-29 11:55:00+00:00,7,2,191.258244,0.0046,target
NVDA,2026-01-29,2026-01-29 12:16:00+00:00,6,2,191.308254,0.0046,target
NVDA,2026-01-29,2026-01-29 12:40:00+00:00,6,2,191.078208,-0.0029000000000000002,stop
NVDA,2026-01-29,2026-01-29 13:12:00+00:00,6,2,191.10821399999998,0.0046,target
NVDA,2026-01-29,2026-01-29 13:40:00+00:00,6,2,191.698332,0.0046,target
NVDA,2026-01-29,2026-01-29 14:05:00+00:00,6,2,191.38826999999998,0.0046,target
NVDA,2026-01-29,2026-01-29 17:16:00+00:00,6,2,188.982789,0.0046,target
NVDA,2026-01-29,2026-01-29 17:42:00+00:00,7,2,189.83796,-0.0029000000000000002,stop
NVDA,2026-01-29,2026-01-29 18:10:00+00:00,7,2,190.253043,-0.0029000000000000002,stop
NVDA,2026-01-29,2026-01-29 18:38:00+00:00,6,2,189.98308902,0.0046,target
NVDA,2026-01-29,2026-01-29 18:58:00+00:00,6,2,190.42807799999997,0.0046,target
NVDA,2026-01-29,2026-01-29 19:22:00+00:00,6,2,190.49309100000002,0.0046,target
NVDA,2026-01-29,2026-01-29 19:55:00+00:00,6,2,190.608114,0.0046,target
NVDA,2026-01-29,2026-01-29 20:15:00+00:00,8,2,191.148222,0.0046,target
NVDA,2026-01-29,2026-01-29 20:38:00+00:00,7,2,191.478288,-0.0029000000000000002,stop
NVDA,2026-01-29,2026-01-29 21:01:00+00:00,6,2,192.45848399999997,-0.0029000000000000002,stop
NVDA,2026-01-29,2026-01-29 21:25:00+00:00,6,2,192.44848199999998,-0.0029000000000000002,stop
NVDA,2026-01-29,2026-01-29 22:02:00+00:00,6,2,191.968386,0.0046,target
NVDA,2026-01-29,2026-01-29 22:41:00+00:00,6,2,191.66832599999998,-0.0029000000000000002,stop
NVDA,2026-01-30,2026-01-30 11:52:00+00:00,6,2,190.368066,0.0046,target
NVDA,2026-01-30,2026-01-30 12:13:00+00:00,7,2,190.73814,0.0046,target
NVDA,2026-01-30,2026-01-30 12:35:00+00:00,7,2,190.748142,-0.0029000000000000002,stop
NVDA,2026-01-30,2026-01-30 13:12:00+00:00,8,2,190.90097255999999,-0.0029000000000000002,stop
NVDA,2026-01-30,2026-01-30 14:01:00+00:00,8,2,190.698132,0.0046,target
NVDA,2026-01-30,2026-01-30 14:21:00+00:00,7,2,191.068206,0.0046,target
NVDA,2026-01-30,2026-01-30 14:45:00+00:00,6,2,192.38846999999998,-0.0029000000000000002,stop
NVDA,2026-01-30,2026-01-30 15:17:00+00:00,6,2,192.648522,-0.0029000000000000002,stop
NVDA,2026-01-30,2026-01-30 15:40:00+00:00,6,2,192.998592,0.0046,target
NVDA,2026-01-30,2026-01-30 16:07:00+00:00,6,2,193.408674,-0.0029000000000000002,stop
NVDA,2026-01-30,2026-01-30 17:30:00+00:00,6,2,192.873567,-0.0029000000000000002,stop
NVDA,2026-01-30,2026-01-30 17:52:00+00:00,6,2,192.698532,-0.0029000000000000002,stop
NVDA,2026-01-30,2026-01-30 23:24:00+00:00,6,2,190.37496738000002,-0.0029000000000000002,stop
NVDA,2026-02-02,2026-02-02 10:25:00+00:00,6,2,187.73754,-0.0029000000000000002,stop
NVDA,2026-02-02,2026-02-02 11:33:00+00:00,7,2,187.78754999999998,0.0046,target
NVDA,2026-02-02,2026-02-02 11:57:00+00:00,6,2,187.917576,0.0046,target
NVDA,2026-02-02,2026-02-02 12:21:00+00:00,9,2,188.877768,0.0046,target
NVDA,2026-02-02,2026-02-02 12:41:00+00:00,6,2,189.29785199999998,0.0046,target
NVDA,2026-02-02,2026-02-02 13:03:00+00:00,6,2,188.967786,-0.0029000000000000002,stop
NVDA,2026-02-02,2026-02-02 13:23:00+00:00,6,2,188.64772200000002,-0.0029000000000000002,stop
NVDA,2026-02-02,2026-02-02 14:01:00+00:00,6,2,188.5377,-0.0029000000000000002,stop
NVDA,2026-02-02,2026-02-02 14:41:00+00:00,6,2,187.917576,-0.0029000000000000002,stop
NVDA,2026-02-02,2026-02-02 15:14:00+00:00,7,2,188.592711,0.0046,target
NVDA,2026-02-02,2026-02-02 15:39:00+00:00,6,2,188.942781,-0.0029000000000000002,stop
NVDA,2026-02-02,2026-02-02 15:59:00+00:00,6,2,188.46768600000001,-0.0029000000000000002,stop
NVDA,2026-02-02,2026-02-02 16:23:00+00:00,6,2,188.95778399999998,0.0046,target
NVDA,2026-02-02,2026-02-02 16:43:00+00:00,6,2,189.01779599999998,-0.0029000000000000002,stop
NVDA,2026-02-02,2026-02-02 17:03:00+00:00,7,2,189.562905,0.0046,target
NVDA,2026-02-02,2026-02-02 17:30:00+00:00,6,2,189.24794202,0.0046,target
NVDA,2026-02-02,2026-02-02 17:50:00+00:00,6,2,189.602913,0.0046,target
NVDA,2026-02-02,2026-02-02 18:16:00+00:00,7,2,190.073007,-0.0029000000000000002,stop
NVDA,2026-02-02,2026-02-02 18:36:00+00:00,7,2,189.882969,0.0046,target
NVDA,2026-02-02,2026-02-02 19:01:00+00:00,6,2,189.967986,0.0046,target
NVDA,2026-02-02,2026-02-02 19:26:00+00:00,6,2,189.967986,-0.0029000000000000002,stop
NVDA,2026-02-02,2026-02-02 22:31:00+00:00,6,2,186.83736000000002,0.0046,target
NVDA,2026-02-03,2026-02-03 10:00:00+00:00,7,2,186.58731,0.0046,target
NVDA,2026-02-03,2026-02-03 10:55:00+00:00,6,2,186.5373,-0.0029000000000000002,stop
NVDA,2026-02-03,2026-02-03 11:47:00+00:00,7,2,186.527298,0.0046,target
NVDA,2026-02-03,2026-02-03 12:10:00+00:00,6,2,186.727338,0.0046,target
NVDA,2026-02-03,2026-02-03 12:33:00+00:00,6,2,187.11741600000002,-0.0029000000000000002,stop
NVDA,2026-02-03,2026-02-03 13:01:00+00:00,6,2,186.83736000000002,-0.0029000000000000002,stop
NVDA,2026-02-03,2026-02-03 13:25:00+00:00,6,2,186.907374,0.0046,target
NVDA,2026-02-03,2026-02-03 13:50:00+00:00,6,2,187.04740199999998,-0.0029000000000000002,stop
NVDA,2026-02-03,2026-02-03 16:53:00+00:00,6,2,180.261045,-0.0029000000000000002,stop
NVDA,2026-02-03,2026-02-03 19:28:00+00:00,6,2,178.92577799999998,-0.0029000000000000002,stop
NVDA,2026-02-03,2026-02-03 20:32:00+00:00,6,2,179.13582,0.0046,target
NVDA,2026-02-03,2026-02-03 20:55:00+00:00,6,2,180.326058,-0.0029000000000000002,stop
NVDA,2026-02-04,2026-02-04 10:03:00+00:00,7,2,179.625918,0.0046,target
NVDA,2026-02-04,2026-02-04 10:29:00+00:00,7,2,180.24604200000002,0.0046,target
NVDA,2026-02-04,2026-02-04 10:49:00+00:00,7,2,180.43608,0.0046,target
NVDA,2026-02-04,2026-02-04 11:09:00+00:00,7,2,180.73613999999998,0.0046,target
NVDA,2026-02-04,2026-02-04 11:30:00+00:00,6,2,180.73613999999998,0.0046,target
NVDA,2026-02-04,2026-02-04 11:50:00+00:00,6,2,181.646322,-0.0029000000000000002,stop
NVDA,2026-02-04,2026-02-04 12:10:00+00:00,7,2,180.88617,0.0046,target
NVDA,2026-02-04,2026-02-04 12:35:00+00:00,6,2,181.0362,-0.0029000000000000002,stop
NVDA,2026-02-04,2026-02-04 19:49:00+00:00,8,2,175.975188,-0.0029000000000000002,stop
NVDA,2026-02-04,2026-02-04 20:34:00+00:00,7,2,175.48508999999999,-0.0029000000000000002,stop
NVDA,2026-02-04,2026-02-04 21:11:00+00:00,6,2,176.98539,-0.0029000000000000002,stop
NVDA,2026-02-04,2026-02-04 21:38:00+00:00,7,2,177.44318154,0.0046,target
NVDA,2026-02-04,2026-02-04 22:10:00+00:00,6,2,177.525498,0.0046,target
NVDA,2026-02-04,2026-02-04 22:35:00+00:00,6,2,178.145622,-0.0029000000000000002,stop
NVDA,2026-02-04,2026-02-04 23:02:00+00:00,6,2,177.745542,-0.0029000000000000002,stop
NVDA,2026-02-05,2026-02-05 09:24:00+00:00,6,2,177.58551,0.0046,target
NVDA,2026-02-05,2026-02-05 10:01:00+00:00,6,2,177.67552799999999,0.0046,target
NVDA,2026-02-05,2026-02-05 10:22:00+00:00,8,2,178.23564,-0.0029000000000000002,stop
NVDA,2026-02-05,2026-02-05 10:43:00+00:00,7,2,178.065606,-0.0029000000000000002,stop
NVDA,2026-02-05,2026-02-05 11:23:00+00:00,7,2,177.77554800000001,-0.0029000000000000002,stop
NVDA,2026-02-05,2026-02-05 14:35:00+00:00,7,2,175.295052,-0.0029000000000000002,stop
NVDA,2026-02-05,2026-02-05 16:34:00+00:00,8,2,174.964986,-0.0029000000000000002,stop
NVDA,2026-02-05,2026-02-05 16:54:00+00:00,7,2,175.305054,-0.0029000000000000002,stop
NVDA,2026-02-05,2026-02-05 17:15:00+00:00,6,2,174.88496999999998,0.0046,target
NVDA,2026-02-05,2026-02-05 17:36:00+00:00,6,2,175.23504,-0.0029000000000000002,stop
NVDA,2026-02-05,2026-02-05 18:01:00+00:00,6,2,175.195032,-0.0029000000000000002,stop
NVDA,2026-02-05,2026-02-05 18:25:00+00:00,6,2,174.23484,-0.0029000000000000002,stop
NVDA,2026-02-05,2026-02-05 19:21:00+00:00,6,2,174.20483399999998,-0.0029000000000000002,stop
NVDA,2026-02-05,2026-02-05 20:11:00+00:00,6,2,174.179829,-0.0029000000000000002,stop
NVDA,2026-02-05,2026-02-05 21:11:00+00:00,6,2,173.33466,-0.0029000000000000002,stop
NVDA,2026-02-06,2026-02-06 09:21:00+00:00,6,2,174.814956,0.0046,target
NVDA,2026-02-06,2026-02-06 09:44:00+00:00,6,2,175.465086,0.0046,target
NVDA,2026-02-06,2026-02-06 10:04:00+00:00,6,2,175.875168,0.0046,target
NVDA,2026-02-06,2026-02-06 10:28:00+00:00,6,2,176.115216,0.0046,target
NVDA,2026-02-06,2026-02-06 10:53:00+00:00,7,2,177.07540799999998,0.0046,target
NVDA,2026-02-06,2026-02-06 11:15:00+00:00,6,2,177.58551,-0.0029000000000000002,stop
NVDA,2026-02-06,2026-02-06 11:41:00+00:00,7,2,177.495492,-0.0029000000000000002,stop
NVDA,2026-02-06,2026-02-06 12:02:00+00:00,6,2,177.275448,-0.0029000000000000002,stop
NVDA,2026-02-06,2026-02-06 12:41:00+00:00,6,2,176.715336,-0.0029000000000000002,stop
NVDA,2026-02-06,2026-02-06 13:09:00+00:00,6,2,176.095212,-0.0029000000000000002,stop
NVDA,2026-02-06,2026-02-06 13:29:00+00:00,6,2,176.69533199999998,0.0046,target
NVDA,2026-02-06,2026-02-06 13:49:00+00:00,8,2,177.53549999999998,-0.0029000000000000002,stop
NVDA,2026-02-06,2026-02-06 14:13:00+00:00,6,2,177.145422,-0.0029000000000000002,stop
NVDA,2026-02-06,2026-02-06 14:37:00+00:00,6,2,177.41547599999998,-0.0029000000000000002,stop
NVDA,2026-02-06,2026-02-06 14:58:00+00:00,7,2,181.396272,-0.0029000000000000002,stop
NVDA,2026-02-06,2026-02-06 15:22:00+00:00,7,2,181.466286,0.0046,target
NVDA,2026-02-06,2026-02-06 15:43:00+00:00,8,2,182.566506,-0.0029000000000000002,stop
NVDA,2026-02-06,2026-02-06 16:03:00+00:00,7,2,183.006594,0.0046,target
NVDA,2026-02-06,2026-02-06 16:40:00+00:00,6,2,184.131819,-0.0029000000000000002,stop
NVDA,2026-02-06,2026-02-06 17:10:00+00:00,7,2,183.78674999999998,0.0046,target
NVDA,2026-02-06,2026-02-06 17:30:00+00:00,7,2,184.566906,0.0046,target
NVDA,2026-02-06,2026-02-06 17:52:00+00:00,7,2,184.656924,0.0046,target
NVDA,2026-02-06,2026-02-06 18:19:00+00:00,7,2,184.656924,0.0046,target
NVDA,2026-02-06,2026-02-06 18:43:00+00:00,6,2,184.706934,0.0046,target
NVDA,2026-02-06,2026-02-06 19:03:00+00:00,6,2,184.776948,-0.0029000000000000002,stop
NVDA,2026-02-06,2026-02-06 19:23:00+00:00,6,2,184.60701401999998,0.0046,target
NVDA,2026-02-06,2026-02-06 19:44:00+00:00,6,2,184.681929,0.0046,target
NVDA,2026-02-06,2026-02-06 20:04:00+00:00,6,2,185.097012,0.0046,target
NVDA,2026-02-06,2026-02-06 20:24:00+00:00,8,2,185.547102,0.0046,target
NVDA,2026-02-06,2026-02-06 20:47:00+00:00,6,2,186.312255,-0.0029000000000000002,stop
NVDA,2026-02-06,2026-02-06 21:24:00+00:00,7,2,185.78715,0.0046,target
NVDA,2026-02-06,2026-02-06 22:35:00+00:00,6,2,184.93698,0.0046,target
NVDA,2026-02-06,2026-02-06 23:12:00+00:00,6,2,185.19703199999998,0.0046,target
NVDA,2026-02-09,2026-02-09 11:29:00+00:00,6,2,183.98678999999998,0.0046,target
NVDA,2026-02-09,2026-02-09 12:11:00+00:00,6,2,184.026798,0.0046,target
NVDA,2026-02-09,2026-02-09 13:04:00+00:00,6,2,184.126818,0.0046,target
NVDA,2026-02-09,2026-02-09 13:40:00+00:00,6,2,184.33686,-0.0029000000000000002,stop
NVDA,2026-02-09,2026-02-09 14:40:00+00:00,8,2,189.53299902,-0.0029000000000000002,stop
NVDA,2026-02-09,2026-02-09 15:02:00+00:00,6,2,192.04840199999998,-0.0029000000000000002,stop
NVDA,2026-02-09,2026-02-09 15:39:00+00:00,6,2,191.04820199999997,0.0046,target
NVDA,2026-02-09,2026-02-09 16:01:00+00:00,6,2,192.17842799999997,-0.0029000000000000002,stop
NVDA,2026-02-09,2026-02-09 16:22:00+00:00,6,2,191.733339,0.0046,target
NVDA,2026-02-09,2026-02-09 16:45:00+00:00,7,2,191.8468617,-0.0029000000000000002,stop
NVDA,2026-02-09,2026-02-09 17:11:00+00:00,7,2,191.89837200000002,0.0046,target
NVDA,2026-02-09,2026-02-09 17:31:00+00:00,6,2,191.89837200000002,-0.0029000000000000002,stop
NVDA,2026-02-09,2026-02-09 19:11:00+00:00,6,2,190.9316787,0.0046,target
NVDA,2026-02-09,2026-02-09 19:32:00+00:00,6,2,191.178228,0.0046,target
NVDA,2026-02-09,2026-02-09 19:56:00+00:00,7,2,191.348262,-0.0029000000000000002,stop
NVDA,2026-02-09,2026-02-09 22:54:00+00:00,6,2,190.108014,0.0046,target
NVDA,2026-02-10,2026-02-10 09:26:00+00:00,6,2,191.38826999999998,0.0046,target
NVDA,2026-02-10,2026-02-10 09:52:00+00:00,6,2,191.18823,0.0046,target
NVDA,2026-02-10,2026-02-10 10:20:00+00:00,6,2,191.078208,0.0046,target
NVDA,2026-02-10,2026-02-10 10:56:00+00:00,6,2,191.158224,0.0046,target
NVDA,2026-02-10,2026-02-10 11:32:00+00:00,6,2,190.908174,0.0046,target
NVDA,2026-02-10,2026-02-10 11:56:00+00:00,6,2,191.378268,0.0046,target
NVDA,2026-02-10,2026-02-10 12:16:00+00:00,6,2,191.72833799999998,0.0046,target
NVDA,2026-02-10,2026-02-10 12:36:00+00:00,6,2,191.88836999999998,-0.0029000000000000002,stop
NVDA,2026-02-10,2026-02-10 14:00:00+00:00,6,2,191.378268,0.0046,target
NVDA,2026-02-10,2026-02-10 14:21:00+00:00,6,2,191.798352,-0.0029000000000000002,stop
NVDA,2026-02-10,2026-02-10 15:59:00+00:00,7,2,190.243041,-0.0029000000000000002,stop
NVDA,2026-02-10,2026-02-10 17:16:00+00:00,6,2,189.807954,0.0046,target
NVDA,2026-02-10,2026-02-10 17:42:00+00:00,6,2,189.902973,0.0046,target
NVDA,2026-02-10,2026-02-10 18:03:00+00:00,7,2,190.148022,-0.0029000000000000002,stop
NVDA,2026-02-10,2026-02-10 23:13:00+00:00,6,2,188.827758,0.0046,target
NVDA,2026-02-11,2026-02-11 11:10:00+00:00,6,2,189.17782799999998,0.0046,target
NVDA,2026-02-11,2026-02-11 11:33:00+00:00,6,2,189.75794399999998,-0.0029000000000000002,stop
NVDA,2026-02-11,2026-02-11 11:58:00+00:00,7,2,189.267846,0.0046,target
NVDA,2026-02-11,2026-02-11 12:26:00+00:00,7,2,189.557904,0.0046,target
NVDA,2026-02-11,2026-02-11 12:53:00+00:00,6,2,189.567906,-0.0029000000000000002,stop
NVDA,2026-02-11,2026-02-11 13:19:00+00:00,7,2,190.01699580000002,0.0046,target
NVDA,2026-02-11,2026-02-11 13:39:00+00:00,6,2,190.93818,0.0046,target
NVDA,2026-02-11,2026-02-11 14:03:00+00:00,6,2,191.71743582,0.0046,target
NVDA,2026-02-11,2026-02-11 14:26:00+00:00,6,2,191.868366,0.0046,target
NVDA,2026-02-11,2026-02-11 14:49:00+00:00,7,2,192.74354100000002,-0.0029000000000000002,stop
NVDA,2026-02-11,2026-02-11 15:59:00+00:00,6,2,191.748342,-0.0029000000000000002,stop
NVDA,2026-02-11,2026-02-11 16:20:00+00:00,8,2,191.94838199999998,-0.0029000000000000002,stop
NVDA,2026-02-11,2026-02-11 17:13:00+00:00,6,2,191.33826000000002,0.0046,target
NVDA,2026-02-11,2026-02-11 17:34:00+00:00,7,2,192.09831198,0.0046,target
NVDA,2026-02-11,2026-02-11 17:55:00+00:00,7,2,192.24344100000002,-0.0029000000000000002,stop
NVDA,2026-02-11,2026-02-11 18:17:00+00:00,6,2,191.478288,-0.0029000000000000002,stop
NVDA,2026-02-11,2026-02-11 18:53:00+00:00,6,2,191.85536340000002,-0.0029000000000000002,stop
NVDA,2026-02-11,2026-02-11 19:16:00+00:00,6,2,191.968386,0.0046,target
NVDA,2026-02-11,2026-02-11 19:39:00+00:00,6,2,192.013395,-0.0029000000000000002,stop
NVDA,2026-02-12,2026-02-12 09:28:00+00:00,6,2,191.61831600000002,0.0046,target
NVDA,2026-02-12,2026-02-12 10:02:00+00:00,7,2,191.528298,0.0046,target
NVDA,2026-02-12,2026-02-12 10:37:00+00:00,9,2,191.54830199999998,0.0046,target
NVDA,2026-02-12,2026-02-12 11:09:00+00:00,6,2,191.848362,0.0046,target
NVDA,2026-02-12,2026-02-12 11:33:00+00:00,6,2,192.00839399999998,0.0046,target
NVDA,2026-02-12,2026-02-12 12:01:00+00:00,6,2,191.908374,0.0046,target
NVDA,2026-02-12,2026-02-12 12:23:00+00:00,8,2,192.23844,0.0046,target
NVDA,2026-02-12,2026-02-12 12:44:00+00:00,6,2,192.358464,-0.0029000000000000002,stop
NVDA,2026-02-12,2026-02-12 13:28:00+00:00,6,2,192.0384,-0.0029000000000000002,stop
NVDA,2026-02-12,2026-02-12 13:52:00+00:00,6,2,192.45848399999997,0.0046,target
NVDA,2026-02-12,2026-02-12 14:28:00+00:00,7,2,192.93858,-0.0029000000000000002,stop
NVDA,2026-02-12,2026-02-12 17:10:00+00:00,6,2,189.78795,-0.0029000000000000002,stop
NVDA,2026-02-13,2026-02-13 09:36:00+00:00,7,2,187.70753399999998,0.0046,target
NVDA,2026-02-13,2026-02-13 10:04:00+00:00,6,2,187.867566,0.0046,target
NVDA,2026-02-13,2026-02-13 10:29:00+00:00,7,2,188.06760599999998,-0.0029000000000000002,stop
NVDA,2026-02-13,2026-02-13 12:32:00+00:00,7,2,187.377468,-0.0029000000000000002,stop
NVDA,2026-02-13,2026-02-13 13:34:00+00:00,6,2,187.38746999999998,0.0046,target
NVDA,2026-02-13,2026-02-13 13:56:00+00:00,7,2,187.66752599999998,0.0046,target
NVDA,2026-02-13,2026-02-13 14:25:00+00:00,6,2,187.44748199999998,-0.0029000000000000002,stop
NVDA,2026-02-13,2026-02-13 15:36:00+00:00,7,2,185.107014,-0.0029000000000000002,stop
NVDA,2026-02-13,2026-02-13 16:40:00+00:00,7,2,184.18683000000001,-0.0029000000000000002,stop
NVDA,2026-02-13,2026-02-13 17:06:00+00:00,6,2,184.28674998,0.0046,target
NVDA,2026-02-13,2026-02-13 17:26:00+00:00,8,2,184.6399206,-0.0029000000000000002,stop
NVDA,2026-02-13,2026-02-13 17:49:00+00:00,7,2,184.57690799999997,-0.0029000000000000002,stop
NVDA,2026-02-13,2026-02-13 18:29:00+00:00,8,2,184.356864,0.0046,target
NVDA,2026-02-13,2026-02-13 18:51:00+00:00,6,2,184.51689599999997,-0.0029000000000000002,stop
NVDA,2026-02-13,2026-02-13 21:44:00+00:00,6,2,183.05570382,0.0046,target
NVDA,2026-02-17,2026-02-17 12:05:00+00:00,8,2,181.45628399999998,0.0046,target
NVDA,2026-02-17,2026-02-17 12:41:00+00:00,7,2,181.466286,-0.0029000000000000002,stop
NVDA,2026-02-17,2026-02-17 13:51:00+00:00,7,2,181.29625199999998,-0.0029000000000000002,stop
NVDA,2026-02-17,2026-02-17 14:13:00+00:00,7,2,181.526298,-0.0029000000000000002,stop
NVDA,2026-02-17,2026-02-17 14:34:00+00:00,6,2,181.826358,0.0046,target
NVDA,2026-02-17,2026-02-17 15:52:00+00:00,8,2,181.461285,0.0046,target
NVDA,2026-02-17,2026-02-17 16:14:00+00:00,8,2,184.401873,-0.0029000000000000002,stop
NVDA,2026-02-17,2026-02-17 16:35:00+00:00,6,2,183.94678199999998,0.0046,target
NVDA,2026-02-17,2026-02-17 16:55:00+00:00,7,2,184.32785819999998,-0.0029000000000000002,stop
NVDA,2026-02-17,2026-02-17 17:15:00+00:00,6,2,183.721737,0.0046,target
NVDA,2026-02-17,2026-02-17 17:37:00+00:00,6,2,184.596912,-0.0029000000000000002,stop
NVDA,2026-02-17,2026-02-17 18:03:00+00:00,6,2,184.46688600000002,0.0046,target
NVDA,2026-02-17,2026-02-17 18:25:00+00:00,7,2,185.397072,0.0046,target
NVDA,2026-02-17,2026-02-17 18:47:00+00:00,6,2,185.59081074,0.0046,target
NVDA,2026-02-17,2026-02-17 19:09:00+00:00,6,2,185.95718399999998,0.0046,target
NVDA,2026-02-17,2026-02-17 19:31:00+00:00,6,2,186.307254,-0.0029000000000000002,stop
NVDA,2026-02-17,2026-02-17 20:00:00+00:00,6,2,186.002193,-0.0029000000000000002,stop
NVDA,2026-02-17,2026-02-17 20:35:00+00:00,6,2,185.19703199999998,-0.0029000000000000002,stop
NVDA,2026-02-17,2026-02-17 21:00:00+00:00,6,2,185.037,-0.0029000000000000002,stop
NVDA,2026-02-17,2026-02-17 21:21:00+00:00,7,2,187.83866021999998,-0.0029000000000000002,stop
NVDA,2026-02-17,2026-02-17 21:42:00+00:00,7,2,187.32745799999998,-0.0029000000000000002,stop
NVDA,2026-02-17,2026-02-17 22:03:00+00:00,7,2,186.97188690000002,-0.0029000000000000002,stop
NVDA,2026-02-17,2026-02-17 22:23:00+00:00,6,2,186.677328,0.0046,target
NVDA,2026-02-17,2026-02-17 22:56:00+00:00,7,2,186.68733,-0.0029000000000000002,stop
NVDA,2026-02-18,2026-02-18 09:24:00+00:00,7,2,187.697532,0.0046,target
NVDA,2026-02-18,2026-02-18 09:45:00+00:00,6,2,188.477688,0.0046,target
NVDA,2026-02-18,2026-02-18 10:06:00+00:00,6,2,188.547702,0.0046,target
NVDA,2026-02-18,2026-02-18 11:05:00+00:00,7,2,188.247642,0.0046,target
NVDA,2026-02-18,2026-02-18 11:37:00+00:00,6,2,188.34766199999999,0.0046,target
NVDA,2026-02-18,2026-02-18 12:01:00+00:00,6,2,188.5377,0.0046,target
NVDA,2026-02-18,2026-02-18 12:23:00+00:00,6,2,188.93778,-0.0029000000000000002,stop
NVDA,2026-02-18,2026-02-18 12:45:00+00:00,7,2,188.827758,-0.0029000000000000002,stop
NVDA,2026-02-18,2026-02-18 13:08:00+00:00,7,2,189.0378,0.0046,target
NVDA,2026-02-18,2026-02-18 13:28:00+00:00,6,2,189.00849413999998,-0.0029000000000000002,stop
NVDA,2026-02-18,2026-02-18 14:09:00+00:00,6,2,188.717736,-0.0029000000000000002,stop
NVDA,2026-02-18,2026-02-18 14:31:00+00:00,6,2,188.68472939999998,-0.0029000000000000002,stop
NVDA,2026-02-18,2026-02-18 15:07:00+00:00,6,2,189.35786399999998,0.0046,target
NVDA,2026-02-18,2026-02-18 15:31:00+00:00,6,2,189.88797,-0.0029000000000000002,stop
NVDA,2026-02-18,2026-02-18 15:54:00+00:00,6,2,189.61441530000002,0.0046,target
NVDA,2026-02-18,2026-02-18 16:18:00+00:00,6,2,189.90407322,-0.0029000000000000002,stop
NVDA,2026-02-18,2026-02-18 17:30:00+00:00,6,2,189.17782799999998,0.0046,target
NVDA,2026-02-18,2026-02-18 17:57:00+00:00,7,2,189.307854,0.0046,target
NVDA,2026-02-18,2026-02-18 18:20:00+00:00,6,2,189.18783,-0.0029000000000000002,stop
NVDA,2026-02-18,2026-02-18 19:15:00+00:00,6,2,189.127818,-0.0029000000000000002,stop
NVDA,2026-02-18,2026-02-18 20:46:00+00:00,6,2,187.967586,-0.0029000000000000002,stop
NVDA,2026-02-19,2026-02-19 12:29:00+00:00,6,2,187.657524,0.0046,target
NVDA,2026-02-19,2026-02-19 15:03:00+00:00,6,2,187.19813213999998,0.0046,target
NVDA,2026-02-19,2026-02-19 15:28:00+00:00,6,2,187.68753,-0.0029000000000000002,stop
NVDA,2026-02-19,2026-02-19 15:53:00+00:00,6,2,187.377468,0.0046,target
NVDA,2026-02-19,2026-02-19 16:24:00+00:00,7,2,187.88756999999998,-0.0029000000000000002,stop
NVDA,2026-02-19,2026-02-19 19:08:00+00:00,6,2,186.8903706,-0.0029000000000000002,stop
NVDA,2026-02-19,2026-02-19 20:23:00+00:00,6,2,187.03729998,0.0046,target
NVDA,2026-02-19,2026-02-19 20:44:00+00:00,6,2,187.18753002,0.0046,target
NVDA,2026-02-19,2026-02-19 21:09:00+00:00,6,2,187.93778004,-0.0029000000000000002,stop
NVDA,2026-02-19,2026-02-19 21:36:00+00:00,6,2,187.527498,0.0046,target
NVDA,2026-02-19,2026-02-19 22:58:00+00:00,6,2,187.2784482,0.0046,target
NVDA,2026-02-19,2026-02-19 23:18:00+00:00,6,2,187.38746999999998,0.0046,target
NVDA,2026-02-20,2026-02-20 09:23:00+00:00,7,2,188.447682,0.0046,target
NVDA,2026-02-20,2026-02-20 10:14:00+00:00,6,2,188.857764,-0.0029000000000000002,stop
NVDA,2026-02-20,2026-02-20 11:31:00+00:00,6,2,188.0376,-0.0029000000000000002,stop
NVDA,2026-02-20,2026-02-20 14:36:00+00:00,8,2,188.20763399999998,-0.0029000000000000002,stop
NVDA,2026-02-20,2026-02-20 15:22:00+00:00,7,2,188.0376,-0.0029000000000000002,stop
NVDA,2026-02-20,2026-02-20 15:42:00+00:00,7,2,188.53059857999997,0.0046,target
NVDA,2026-02-20,2026-02-20 16:03:00+00:00,9,2,190.30915421999998,-0.0029000000000000002,stop
NVDA,2026-02-20,2026-02-20 16:24:00+00:00,6,2,188.98799004,0.0046,target
NVDA,2026-02-20,2026-02-20 16:46:00+00:00,7,2,189.947982,-0.0029000000000000002,stop
NVDA,2026-02-20,2026-02-20 17:56:00+00:00,6,2,188.597712,0.0046,target
NVDA,2026-02-20,2026-02-20 18:34:00+00:00,8,2,189.35786399999998,-0.0029000000000000002,stop
NVDA,2026-02-20,2026-02-20 18:57:00+00:00,6,2,189.897972,0.0046,target
NVDA,2026-02-20,2026-02-20 19:18:00+00:00,6,2,189.692931,-0.0029000000000000002,stop
NVDA,2026-02-20,2026-02-20 20:06:00+00:00,8,2,189.79795199999998,0.0046,target
NVDA,2026-02-20,2026-02-20 20:28:00+00:00,7,2,189.522897,0.0046,target
NVDA,2026-02-20,2026-02-20 20:49:00+00:00,6,2,189.93297900000002,0.0046,target
NVDA,2026-02-20,2026-02-20 21:20:00+00:00,6,2,189.617916,0.0046,target
NVDA,2026-02-20,2026-02-20 21:44:00+00:00,6,2,189.64792200000002,0.0046,target
NVDA,2026-02-20,2026-02-20 22:21:00+00:00,8,2,189.767946,0.0046,target
NVDA,2026-02-20,2026-02-20 22:52:00+00:00,7,2,190.0374999,0.0046,target
NVDA,2026-02-23,2026-02-23 10:26:00+00:00,6,2,190.08801,-0.0029000000000000002,stop
NVDA,2026-02-23,2026-02-23 11:19:00+00:00,6,2,190.168026,-0.0029000000000000002,stop
NVDA,2026-02-23,2026-02-23 13:12:00+00:00,6,2,190.08801,0.0046,target
NVDA,2026-02-23,2026-02-23 13:35:00+00:00,7,2,190.78815,0.0046,target
NVDA,2026-02-23,2026-02-23 14:04:00+00:00,6,2,190.93818,-0.0029000000000000002,stop
NVDA,2026-02-23,2026-02-23 14:26:00+00:00,6,2,190.598112,0.0046,target
NVDA,2026-02-23,2026-02-23 14:57:00+00:00,6,2,193.058604,-0.0029000000000000002,stop
NVDA,2026-02-23,2026-02-23 18:14:00+00:00,6,2,191.168226,0.0046,target
NVDA,2026-02-23,2026-02-23 18:41:00+00:00,7,2,191.61331499999997,-0.0029000000000000002,stop
NVDA,2026-02-23,2026-02-23 20:31:00+00:00,6,2,191.20803396,-0.0029000000000000002,stop
NVDA,2026-02-23,2026-02-23 21:03:00+00:00,7,2,191.748342,0.0046,target
NVDA,2026-02-23,2026-02-23 21:26:00+00:00,6,2,191.66832599999998,0.0046,target
NVDA,2026-02-23,2026-02-23 21:49:00+00:00,6,2,191.598312,0.0046,target
NVDA,2026-02-23,2026-02-23 22:10:00+00:00,6,2,191.858364,0.0046,target
NVDA,2026-02-23,2026-02-23 22:43:00+00:00,6,2,191.678328,0.0046,target
NVDA,2026-02-23,2026-02-23 23:13:00+00:00,6,2,191.798352,0.0046,target
NVDA,2026-02-24,2026-02-24 09:22:00+00:00,6,2,192.858564,-0.0029000000000000002,stop
NVDA,2026-02-24,2026-02-24 09:57:00+00:00,6,2,192.478488,0.0046,target
NVDA,2026-02-24,2026-02-24 10:20:00+00:00,7,2,192.50849399999998,0.0046,target
NVDA,2026-02-24,2026-02-24 10:55:00+00:00,7,2,192.45848399999997,0.0046,target
NVDA,2026-02-24,2026-02-24 11:16:00+00:00,7,2,192.58851,0.0046,target
NVDA,2026-02-24,2026-02-24 11:44:00+00:00,7,2,192.378468,-0.0029000000000000002,stop
NVDA,2026-02-24,2026-02-24 13:01:00+00:00,6,2,192.768546,-0.0029000000000000002,stop
NVDA,2026-02-24,2026-02-24 13:38:00+00:00,6,2,190.578108,0.0046,target
NVDA,2026-02-24,2026-02-24 14:31:00+00:00,6,2,191.408274,-0.0029000000000000002,stop
NVDA,2026-02-24,2026-02-24 15:07:00+00:00,7,2,190.878168,-0.0029000000000000002,stop
NVDA,2026-02-24,2026-02-24 15:27:00+00:00,8,2,191.918376,0.0046,target
NVDA,2026-02-24,2026-02-24 15:47:00+00:00,7,2,192.04850202,0.0046,target
NVDA,2026-02-24,2026-02-24 16:08:00+00:00,6,2,192.473487,-0.0029000000000000002,stop
NVDA,2026-02-24,2026-02-24 16:36:00+00:00,6,2,192.098412,0.0046,target
NVDA,2026-02-24,2026-02-24 16:58:00+00:00,6,2,193.118616,0.0046,target
NVDA,2026-02-24,2026-02-24 17:22:00+00:00,6,2,193.3521627,0.0046,target
NVDA,2026-02-24,2026-02-24 17:43:00+00:00,6,2,193.328658,0.0046,target
NVDA,2026-02-24,2026-02-24 18:06:00+00:00,6,2,193.35366299999998,-0.0029000000000000002,stop
NVDA,2026-02-24,2026-02-24 18:38:00+00:00,6,2,192.98869001999998,-0.0029000000000000002,stop
NVDA,2026-02-24,2026-02-24 19:28:00+00:00,6,2,192.52349700000002,0.0046,target
NVDA,2026-02-24,2026-02-24 19:48:00+00:00,6,2,192.798552,0.0046,target
NVDA,2026-02-24,2026-02-24 20:14:00+00:00,6,2,192.79355099999998,0.0046,target
NVDA,2026-02-24,2026-02-24 20:37:00+00:00,6,2,192.92867801999998,-0.0029000000000000002,stop
NVDA,2026-02-24,2026-02-24 21:07:00+00:00,6,2,192.818556,0.0046,target
NVDA,2026-02-24,2026-02-24 21:29:00+00:00,6,2,192.74854200000001,0.0046,target
NVDA,2026-02-24,2026-02-24 22:22:00+00:00,6,2,192.63241878,0.0046,target
NVDA,2026-02-24,2026-02-24 22:50:00+00:00,7,2,192.60831395999998,0.0046,target
NVDA,2026-02-24,2026-02-24 23:18:00+00:00,7,2,192.65652359999999,0.0046,target
NVDA,2026-02-25,2026-02-25 09:24:00+00:00,6,2,193.758744,0.0046,target
NVDA,2026-02-25,2026-02-25 09:57:00+00:00,7,2,193.79875199999998,0.0046,target
NVDA,2026-02-25,2026-02-25 10:20:00+00:00,6,2,193.948782,0.0046,target
NVDA,2026-02-25,2026-02-25 10:41:00+00:00,7,2,193.98879,0.0046,target
NVDA,2026-02-25,2026-02-25 11:14:00+00:00,8,2,194.278848,0.0046,target
NVDA,2026-02-25,2026-02-25 11:38:00+00:00,6,2,194.45888399999998,0.0046,target
NVDA,2026-02-25,2026-02-25 11:58:00+00:00,7,2,194.69893199999999,-0.0029000000000000002,stop
NVDA,2026-02-25,2026-02-25 12:25:00+00:00,7,2,194.38887,0.0046,target
NVDA,2026-02-25,2026-02-25 12:55:00+00:00,6,2,194.28885,-0.0029000000000000002,stop
NVDA,2026-02-25,2026-02-25 13:18:00+00:00,7,2,194.368866,0.0046,target
NVDA,2026-02-25,2026-02-25 13:38:00+00:00,7,2,194.42887799999997,0.0046,target
NVDA,2026-02-25,2026-02-25 14:06:00+00:00,6,2,194.5378998,-0.0029000000000000002,stop
NVDA,2026-02-25,2026-02-25 14:26:00+00:00,7,2,194.818956,-0.0029000000000000002,stop
NVDA,2026-02-25,2026-02-25 14:51:00+00:00,7,2,195.018996,0.0046,target
NVDA,2026-02-25,2026-02-25 15:11:00+00:00,6,2,196.05420299999997,-0.0029000000000000002,stop
NVDA,2026-02-25,2026-02-25 15:33:00+00:00,6,2,196.10921399999998,-0.0029000000000000002,stop
NVDA,2026-02-25,2026-02-25 15:53:00+00:00,6,2,196.069206,0.0046,target
NVDA,2026-02-25,2026-02-25 16:13:00+00:00,6,2,196.47938802,-0.0029000000000000002,stop
NVDA,2026-02-25,2026-02-25 16:36:00+00:00,7,2,196.68432900000002,0.0046,target
NVDA,2026-02-25,2026-02-25 17:06:00+00:00,6,2,197.19633138,0.0046,target
NVDA,2026-02-25,2026-02-25 17:27:00+00:00,6,2,197.48949,0.0046,target
NVDA,2026-02-25,2026-02-25 17:48:00+00:00,6,2,197.314455,-0.0029000000000000002,stop
NVDA,2026-02-25,2026-02-25 18:26:00+00:00,6,2,196.814355,0.0046,target
NVDA,2026-02-25,2026-02-25 19:06:00+00:00,8,2,197.13942,0.0046,target
NVDA,2026-02-25,2026-02-25 19:28:00+00:00,6,2,197.254443,0.0046,target
NVDA,2026-02-25,2026-02-25 19:49:00+00:00,6,2,197.274447,-0.0029000000000000002,stop
NVDA,2026-02-25,2026-02-25 20:09:00+00:00,7,2,197.194431,-0.0029000000000000002,stop
NVDA,2026-02-25,2026-02-25 20:33:00+00:00,7,2,196.99929198,-0.0029000000000000002,stop
NVDA,2026-02-25,2026-02-25 21:38:00+00:00,7,2,202.11711533999997,0.0046,target
NVDA,2026-02-25,2026-02-25 22:04:00+00:00,6,2,201.14022,-0.0029000000000000002,stop
NVDA,2026-02-25,2026-02-25 22:59:00+00:00,6,2,197.479488,-0.0029000000000000002,stop
NVDA,2026-02-26,2026-02-26 09:21:00+00:00,6,2,198.159624,0.0046,target
NVDA,2026-02-26,2026-02-26 09:42:00+00:00,6,2,198.35966399999998,0.0046,target
NVDA,2026-02-26,2026-02-26 10:02:00+00:00,6,2,198.79975199999998,-0.0029000000000000002,stop
NVDA,2026-02-26,2026-02-26 10:22:00+00:00,6,2,198.18963,-0.0029000000000000002,stop
NVDA,2026-02-26,2026-02-26 11:08:00+00:00,6,2,197.28945,-0.0029000000000000002,stop
NVDA,2026-02-26,2026-02-26 11:38:00+00:00,7,2,197.379468,0.0046,target
NVDA,2026-02-26,2026-02-26 12:01:00+00:00,7,2,197.5395,0.0046,target
NVDA,2026-02-26,2026-02-26 12:21:00+00:00,6,2,197.83956,0.0046,target
NVDA,2026-02-26,2026-02-26 12:51:00+00:00,6,2,197.79955199999998,-0.0029000000000000002,stop
NVDA,2026-02-26,2026-02-26 13:22:00+00:00,6,2,197.97838775999998,-0.0029000000000000002,stop
NVDA,2026-02-26,2026-02-26 13:46:00+00:00,6,2,197.399472,-0.0029000000000000002,stop
NVDA,2026-02-26,2026-02-26 17:30:00+00:00,6,2,187.60751399999998,-0.0029000000000000002,stop
NVDA,2026-02-26,2026-02-26 22:21:00+00:00,6,2,185.717136,-0.0029000000000000002,stop
NVDA,2026-02-27,2026-02-27 09:24:00+00:00,6,2,186.327258,-0.0029000000000000002,stop
NVDA,2026-02-27,2026-02-27 09:48:00+00:00,6,2,186.107214,-0.0029000000000000002,stop
NVDA,2026-02-27,2026-02-27 10:19:00+00:00,7,2,185.947182,0.0046,target
NVDA,2026-02-27,2026-02-27 10:42:00+00:00,6,2,185.98719,-0.0029000000000000002,stop
NVDA,2026-02-27,2026-02-27 11:05:00+00:00,6,2,185.667126,0.0046,target
NVDA,2026-02-27,2026-02-27 11:26:00+00:00,6,2,185.647122,-0.0029000000000000002,stop
NVDA,2026-02-27,2026-02-27 15:08:00+00:00,6,2,182.36146499999998,-0.0029000000000000002,stop
NVDA,2026-02-27,2026-02-27 15:28:00+00:00,6,2,181.85636399999999,-0.0029000000000000002,stop
NVDA,2026-02-27,2026-02-27 15:48:00+00:00,7,2,182.131419,-0.0029000000000000002,stop
NVDA,2026-02-27,2026-02-27 16:12:00+00:00,6,2,181.501293,-0.0029000000000000002,stop
NVDA,2026-03-02,2026-03-02 11:05:00+00:00,8,2,175.065006,-0.0029000000000000002,stop
NVDA,2026-03-02,2026-03-02 11:25:00+00:00,6,2,174.874968,0.0046,target
NVDA,2026-03-02,2026-03-02 11:45:00+00:00,6,2,175.43508,-0.0029000000000000002,stop
NVDA,2026-03-02,2026-03-02 12:06:00+00:00,6,2,175.42507799999998,-0.0029000000000000002,stop
NVDA,2026-03-02,2026-03-02 13:24:00+00:00,6,2,175.03409982,0.0046,target
NVDA,2026-03-02,2026-03-02 13:44:00+00:00,6,2,174.954984,-0.0029000000000000002,stop
NVDA,2026-03-02,2026-03-02 14:39:00+00:00,6,2,179.655924,-0.0029000000000000002,stop
NVDA,2026-03-02,2026-03-02 15:02:00+00:00,6,2,179.845962,0.0046,target
NVDA,2026-03-02,2026-03-02 15:24:00+00:00,7,2,181.096212,-0.0029000000000000002,stop
NVDA,2026-03-02,2026-03-02 15:46:00+00:00,7,2,181.166226,-0.0029000000000000002,stop
NVDA,2026-03-02,2026-03-02 16:09:00+00:00,6,2,180.99119100000001,0.0046,target
NVDA,2026-03-02,2026-03-02 16:29:00+00:00,6,2,180.846162,0.0046,target
NVDA,2026-03-02,2026-03-02 16:50:00+00:00,6,2,183.026598,-0.0029000000000000002,stop
NVDA,2026-03-02,2026-03-02 17:14:00+00:00,6,2,182.456484,0.0046,target
NVDA,2026-03-02,2026-03-02 17:36:00+00:00,6,2,182.491491,0.0046,target
NVDA,2026-03-02,2026-03-02 17:58:00+00:00,6,2,182.681529,-0.0029000000000000002,stop
NVDA,2026-03-02,2026-03-02 18:18:00+00:00,7,2,182.73654,-0.0029000000000000002,stop
NVDA,2026-03-02,2026-03-02 18:54:00+00:00,6,2,182.38066884,0.0046,target
NVDA,2026-03-02,2026-03-02 19:15:00+00:00,7,2,182.66642597999999,0.0046,target
NVDA,2026-03-02,2026-03-02 19:38:00+00:00,6,2,182.726538,-0.0029000000000000002,stop
NVDA,2026-03-02,2026-03-02 19:58:00+00:00,6,2,182.911575,-0.0029000000000000002,stop
NVDA,2026-03-02,2026-03-02 20:55:00+00:00,7,2,182.86156499999998,-0.0029000000000000002,stop
NVDA,2026-03-02,2026-03-02 21:15:00+00:00,6,2,182.43648,0.0046,target
NVDA,2026-03-02,2026-03-02 21:45:00+00:00,7,2,182.346462,-0.0029000000000000002,stop
NVDA,2026-03-02,2026-03-02 22:11:00+00:00,6,2,182.126418,0.0046,target
NVDA,2026-03-02,2026-03-02 22:47:00+00:00,6,2,182.23644,0.0046,target
NVDA,2026-03-02,2026-03-02 23:24:00+00:00,6,2,181.78635,0.0046,target
NVDA,2026-03-03,2026-03-03 10:59:00+00:00,6,2,176.91537599999998,-0.0029000000000000002,stop
NVDA,2026-03-03,2026-03-03 11:31:00+00:00,7,2,177.35546399999998,-0.0029000000000000002,stop
NVDA,2026-03-03,2026-03-03 11:59:00+00:00,6,2,176.93538,0.0046,target
NVDA,2026-03-03,2026-03-03 12:19:00+00:00,6,2,178.04560199999997,0.0046,target
NVDA,2026-03-03,2026-03-03 12:39:00+00:00,7,2,178.43568,-0.0029000000000000002,stop
NVDA,2026-03-03,2026-03-03 13:01:00+00:00,7,2,176.98539,0.0046,target
NVDA,2026-03-03,2026-03-03 13:23:00+00:00,6,2,178.23564,-0.0029000000000000002,stop
NVDA,2026-03-03,2026-03-03 14:23:00+00:00,6,2,177.88557,0.0046,target
NVDA,2026-03-03,2026-03-03 14:50:00+00:00,6,2,178.910775,0.0046,target
NVDA,2026-03-03,2026-03-03 15:12:00+00:00,6,2,179.66592599999998,-0.0029000000000000002,stop
NVDA,2026-03-03,2026-03-03 16:12:00+00:00,6,2,179.250843,0.0046,target
NVDA,2026-03-03,2026-03-03 16:33:00+00:00,6,2,179.155824,0.0046,target
NVDA,2026-03-03,2026-03-03 16:53:00+00:00,7,2,180.116016,-0.0029000000000000002,stop
NVDA,2026-03-03,2026-03-03 17:15:00+00:00,6,2,179.845962,-0.0029000000000000002,stop
NVDA,2026-03-03,2026-03-03 17:44:00+00:00,6,2,179.745942,0.0046,target
NVDA,2026-03-03,2026-03-03 18:09:00+00:00,6,2,180.01099499999998,-0.0029000000000000002,stop
NVDA,2026-03-03,2026-03-03 18:33:00+00:00,6,2,180.221037,0.0046,target
NVDA,2026-03-03,2026-03-03 18:55:00+00:00,7,2,180.566106,-0.0029000000000000002,stop
NVDA,2026-03-03,2026-03-03 19:41:00+00:00,6,2,180.02099700000002,0.0046,target
NVDA,2026-03-03,2026-03-03 20:02:00+00:00,6,2,180.24604200000002,-0.0029000000000000002,stop
NVDA,2026-03-03,2026-03-03 20:28:00+00:00,6,2,180.096012,0.0046,target
NVDA,2026-03-03,2026-03-03 20:48:00+00:00,6,2,180.191031,-0.0029000000000000002,stop
NVDA,2026-03-03,2026-03-03 21:41:00+00:00,6,2,179.70593399999998,0.0046,target
NVDA,2026-03-03,2026-03-03 22:17:00+00:00,6,2,179.715936,0.0046,target
NVDA,2026-03-03,2026-03-03 23:16:00+00:00,7,2,179.845962,0.0046,target
NVDA,2026-03-04,2026-03-04 09:21:00+00:00,6,2,180.14602200000002,0.0046,target
NVDA,2026-03-04,2026-03-04 09:41:00+00:00,6,2,180.816156,0.0046,target
NVDA,2026-03-04,2026-03-04 10:01:00+00:00,6,2,181.23623999999998,0.0046,target
NVDA,2026-03-04,2026-03-04 10:21:00+00:00,6,2,182.42647799999997,0.0046,target
NVDA,2026-03-04,2026-03-04 10:41:00+00:00,6,2,182.646522,0.0046,target
NVDA,2026-03-04,2026-03-04 11:09:00+00:00,6,2,182.70653399999998,0.0046,target
NVDA,2026-03-04,2026-03-04 11:30:00+00:00,6,2,182.70653399999998,-0.0029000000000000002,stop
NVDA,2026-03-04,2026-03-04 12:15:00+00:00,6,2,181.98638999999997,-0.0029000000000000002,stop
NVDA,2026-03-04,2026-03-04 13:10:00+00:00,6,2,182.196432,-0.0029000000000000002,stop
NVDA,2026-03-04,2026-03-04 13:32:00+00:00,6,2,182.066406,0.0046,target
NVDA,2026-03-04,2026-03-04 13:55:00+00:00,6,2,182.306454,0.0046,target
NVDA,2026-03-04,2026-03-04 14:19:00+00:00,6,2,182.28645,-0.0029000000000000002,stop
NVDA,2026-03-04,2026-03-04 14:52:00+00:00,7,2,182.446482,-0.0029000000000000002,stop
NVDA,2026-03-04,2026-03-04 15:16:00+00:00,6,2,182.526498,-0.0029000000000000002,stop
NVDA,2026-03-04,2026-03-04 15:36:00+00:00,7,2,183.056604,-0.0029000000000000002,stop
NVDA,2026-03-04,2026-03-04 16:02:00+00:00,6,2,183.031599,-0.0029000000000000002,stop
NVDA,2026-03-04,2026-03-04 16:31:00+00:00,6,2,182.55650400000002,0.0046,target
NVDA,2026-03-04,2026-03-04 16:51:00+00:00,6,2,182.82165702,0.0046,target
NVDA,2026-03-04,2026-03-04 17:40:00+00:00,6,2,182.86666602,0.0046,target
NVDA,2026-03-04,2026-03-04 18:05:00+00:00,6,2,182.911575,-0.0029000000000000002,stop
NVDA,2026-03-04,2026-03-04 18:33:00+00:00,8,2,183.576708,0.0046,target
NVDA,2026-03-04,2026-03-04 18:54:00+00:00,6,2,184.58691000000002,-0.0029000000000000002,stop
NVDA,2026-03-04,2026-03-04 19:16:00+00:00,6,2,184.266846,-0.0029000000000000002,stop
NVDA,2026-03-04,2026-03-04 20:07:00+00:00,6,2,183.61931652,-0.0029000000000000002,stop
NVDA,2026-03-04,2026-03-04 20:41:00+00:00,6,2,183.2181363,-0.0029000000000000002,stop
NVDA,2026-03-04,2026-03-04 22:26:00+00:00,7,2,182.83656000000002,0.0046,target
NVDA,2026-03-04,2026-03-04 22:51:00+00:00,7,2,183.22053678,0.0046,target
NVDA,2026-03-04,2026-03-04 23:11:00+00:00,8,2,183.366666,-0.0029000000000000002,stop
NVDA,2026-03-05,2026-03-05 11:31:00+00:00,6,2,182.816556,-0.0029000000000000002,stop
NVDA,2026-03-05,2026-03-05 14:52:00+00:00,7,2,182.49649200000002,-0.0029000000000000002,stop
NVDA,2026-03-05,2026-03-05 15:19:00+00:00,6,2,182.48648999999997,-0.0029000000000000002,stop
NVDA,2026-03-05,2026-03-05 15:45:00+00:00,6,2,182.5365,0.0046,target
NVDA,2026-03-05,2026-03-05 16:06:00+00:00,7,2,183.906774,-0.0029000000000000002,stop
NVDA,2026-03-05,2026-03-05 16:31:00+00:00,6,2,183.04820231999997,0.0046,target
NVDA,2026-03-05,2026-03-05 16:56:00+00:00,7,2,183.33175902,-0.0029000000000000002,stop
NVDA,2026-03-05,2026-03-05 19:10:00+00:00,6,2,180.626118,-0.0029000000000000002,stop
NVDA,2026-03-05,2026-03-05 20:09:00+00:00,7,2,181.446282,0.0046,target
NVDA,2026-03-05,2026-03-05 20:30:00+00:00,6,2,181.91637599999999,0.0046,target
NVDA,2026-03-05,2026-03-05 20:54:00+00:00,6,2,182.62641797999999,-0.0029000000000000002,stop
NVDA,2026-03-05,2026-03-05 21:14:00+00:00,6,2,183.08661,0.0046,target
NVDA,2026-03-05,2026-03-05 21:38:00+00:00,6,2,182.846562,-0.0029000000000000002,stop
NVDA,2026-03-05,2026-03-05 22:25:00+00:00,6,2,182.376468,0.0046,target
NVDA,2026-03-05,2026-03-05 22:48:00+00:00,7,2,182.346462,0.0046,target
NVDA,2026-03-05,2026-03-05 23:12:00+00:00,6,2,182.446482,0.0046,target
NVDA,2026-03-06,2026-03-06 13:01:00+00:00,7,2,182.746542,-0.0029000000000000002,stop
NVDA,2026-03-06,2026-03-06 13:29:00+00:00,6,2,181.29625199999998,-0.0029000000000000002,stop
NVDA,2026-03-06,2026-03-06 14:35:00+00:00,7,2,181.001193,-0.0029000000000000002,stop
NVDA,2026-03-06,2026-03-06 14:58:00+00:00,6,2,181.506294,0.0046,target
NVDA,2026-03-06,2026-03-06 15:21:00+00:00,6,2,181.951383,-0.0029000000000000002,stop
NVDA,2026-03-06,2026-03-06 15:59:00+00:00,6,2,182.066406,-0.0029000000000000002,stop
NVDA,2026-03-06,2026-03-06 16:43:00+00:00,7,2,181.851363,0.0046,target
NVDA,2026-03-06,2026-03-06 17:04:00+00:00,6,2,182.40617394,-0.0029000000000000002,stop
NVDA,2026-03-06,2026-03-06 18:16:00+00:00,7,2,181.746342,-0.0029000000000000002,stop
NVDA,2026-03-09,2026-03-09 09:24:00+00:00,6,2,176.83536,0.0046,target
NVDA,2026-03-09,2026-03-09 09:46:00+00:00,8,2,177.375468,-0.0029000000000000002,stop
NVDA,2026-03-09,2026-03-09 10:17:00+00:00,7,2,176.345262,0.0046,target
NVDA,2026-03-09,2026-03-09 10:47:00+00:00,6,2,176.45528399999998,-0.0029000000000000002,stop
NVDA,2026-03-09,2026-03-09 11:14:00+00:00,6,2,176.525298,-0.0029000000000000002,stop
NVDA,2026-03-09,2026-03-09 11:40:00+00:00,7,2,176.43528,-0.0029000000000000002,stop
NVDA,2026-03-09,2026-03-09 12:10:00+00:00,7,2,176.465286,-0.0029000000000000002,stop
NVDA,2026-03-09,2026-03-09 12:32:00+00:00,8,2,176.565306,-0.0029000000000000002,stop
NVDA,2026-03-09,2026-03-09 13:03:00+00:00,7,2,176.505294,-0.0029000000000000002,stop
NVDA,2026-03-09,2026-03-09 13:27:00+00:00,6,2,176.32565808,0.0046,target
NVDA,2026-03-09,2026-03-09 13:58:00+00:00,6,2,177.105414,0.0046,target
NVDA,2026-03-09,2026-03-09 14:23:00+00:00,7,2,178.160625,0.0046,target
NVDA,2026-03-09,2026-03-09 14:45:00+00:00,7,2,179.095812,0.0046,target
NVDA,2026-03-09,2026-03-09 15:10:00+00:00,6,2,179.015796,0.0046,target
NVDA,2026-03-09,2026-03-09 15:34:00+00:00,6,2,179.23584,0.0046,target
NVDA,2026-03-09,2026-03-09 15:58:00+00:00,6,2,180.081009,-0.0029000000000000002,stop
NVDA,2026-03-09,2026-03-09 16:23:00+00:00,6,2,179.82205722,0.0046,target
NVDA,2026-03-09,2026-03-09 16:43:00+00:00,7,2,180.696132,-0.0029000000000000002,stop
NVDA,2026-03-09,2026-03-09 17:10:00+00:00,6,2,179.90597400000001,-0.0029000000000000002,stop
NVDA,2026-03-09,2026-03-09 17:52:00+00:00,6,2,179.54590199999998,0.0046,target
NVDA,2026-03-09,2026-03-09 18:17:00+00:00,7,2,180.08601000000002,0.0046,target
NVDA,2026-03-09,2026-03-09 18:40:00+00:00,7,2,180.30215321999998,-0.0029000000000000002,stop
NVDA,2026-03-09,2026-03-09 19:18:00+00:00,6,2,179.975988,0.0046,target
NVDA,2026-03-09,2026-03-09 19:38:00+00:00,7,2,182.666526,-0.0029000000000000002,stop
NVDA,2026-03-09,2026-03-09 20:04:00+00:00,7,2,182.356464,-0.0029000000000000002,stop
NVDA,2026-03-09,2026-03-09 20:36:00+00:00,6,2,182.016396,0.0046,target
NVDA,2026-03-09,2026-03-09 21:02:00+00:00,6,2,182.016396,0.0046,target
NVDA,2026-03-09,2026-03-09 21:57:00+00:00,6,2,181.88637,-0.0029000000000000002,stop
NVDA,2026-03-09,2026-03-09 22:28:00+00:00,6,2,181.446282,0.0046,target
NVDA,2026-03-09,2026-03-09 22:59:00+00:00,6,2,181.45368348,0.0046,target
NVDA,2026-03-09,2026-03-09 23:22:00+00:00,6,2,181.73113895999998,0.0046,target
NVDA,2026-03-10,2026-03-10 13:28:00+00:00,6,2,182.42647799999997,0.0046,target
NVDA,2026-03-10,2026-03-10 13:50:00+00:00,7,2,183.576708,-0.0029000000000000002,stop
NVDA,2026-03-10,2026-03-10 14:16:00+00:00,6,2,183.056604,0.0046,target
NVDA,2026-03-10,2026-03-10 14:38:00+00:00,7,2,184.57690799999997,0.0046,target
NVDA,2026-03-10,2026-03-10 15:02:00+00:00,6,2,185.64632183999998,0.0046,target
NVDA,2026-03-10,2026-03-10 15:24:00+00:00,6,2,186.00729402,-0.0029000000000000002,stop
NVDA,2026-03-10,2026-03-10 15:47:00+00:00,6,2,185.78715,-0.0029000000000000002,stop
NVDA,2026-03-10,2026-03-10 16:10:00+00:00,6,2,185.407074,0.0046,target
NVDA,2026-03-10,2026-03-10 16:35:00+00:00,6,2,185.647122,0.0046,target
NVDA,2026-03-10,2026-03-10 16:56:00+00:00,6,2,185.657124,0.0046,target
NVDA,2026-03-10,2026-03-10 17:22:00+00:00,8,2,186.09721199999998,-0.0029000000000000002,stop
NVDA,2026-03-10,2026-03-10 18:04:00+00:00,7,2,185.75714399999998,-0.0029000000000000002,stop
NVDA,2026-03-10,2026-03-10 19:20:00+00:00,7,2,184.9299786,-0.0029000000000000002,stop
NVDA,2026-03-10,2026-03-10 20:03:00+00:00,6,2,184.91597579999998,0.0046,target
NVDA,2026-03-10,2026-03-10 20:28:00+00:00,6,2,185.48709,-0.0029000000000000002,stop
NVDA,2026-03-10,2026-03-10 20:57:00+00:00,6,2,185.01689598,0.0046,target
NVDA,2026-03-10,2026-03-10 21:27:00+00:00,6,2,184.926978,0.0046,target
NVDA,2026-03-10,2026-03-10 22:00:00+00:00,6,2,184.78695,0.0046,target
NVDA,2026-03-11,2026-03-11 10:29:00+00:00,8,2,185.117016,0.0046,target
NVDA,2026-03-11,2026-03-11 10:53:00+00:00,6,2,185.29705199999998,0.0046,target
NVDA,2026-03-11,2026-03-11 11:16:00+00:00,6,2,185.607114,-0.0029000000000000002,stop
NVDA,2026-03-11,2026-03-11 11:48:00+00:00,6,2,185.217036,0.0046,target
NVDA,2026-03-11,2026-03-11 12:30:00+00:00,7,2,185.36706600000002,-0.0029000000000000002,stop
NVDA,2026-03-11,2026-03-11 13:22:00+00:00,6,2,185.25664392000002,0.0046,target
NVDA,2026-03-11,2026-03-11 13:46:00+00:00,7,2,186.372267,-0.0029000000000000002,stop
NVDA,2026-03-11,2026-03-11 14:06:00+00:00,6,2,187.53739998,-0.0029000000000000002,stop
NVDA,2026-03-11,2026-03-11 14:30:00+00:00,6,2,186.92747802,-0.0029000000000000002,stop
NVDA,2026-03-11,2026-03-11 15:01:00+00:00,7,2,186.7198365,-0.0029000000000000002,stop
NVDA,2026-03-11,2026-03-11 18:37:00+00:00,6,2,185.41707599999998,0.0046,target
NVDA,2026-03-11,2026-03-11 19:55:00+00:00,6,2,185.83716,0.0046,target
NVDA,2026-03-12,2026-03-12 09:44:00+00:00,6,2,185.227038,0.0046,target
NVDA,2026-03-12,2026-03-12 10:32:00+00:00,6,2,185.127018,0.0046,target
NVDA,2026-03-12,2026-03-12 11:20:00+00:00,6,2,185.28705,0.0046,target
NVDA,2026-03-12,2026-03-12 11:41:00+00:00,6,2,185.35706399999998,-0.0029000000000000002,stop
NVDA,2026-03-12,2026-03-12 13:39:00+00:00,6,2,184.46688600000002,-0.0029000000000000002,stop
NVDA,2026-03-12,2026-03-12 15:38:00+00:00,6,2,183.171627,0.0046,target
NVDA,2026-03-12,2026-03-12 15:59:00+00:00,6,2,184.121817,0.0046,target
NVDA,2026-03-12,2026-03-12 16:20:00+00:00,6,2,184.43688,-0.0029000000000000002,stop
NVDA,2026-03-12,2026-03-12 16:43:00+00:00,6,2,184.706934,-0.0029000000000000002,stop
NVDA,2026-03-12,2026-03-12 17:09:00+00:00,6,2,184.076808,-0.0029000000000000002,stop
NVDA,2026-03-12,2026-03-12 17:36:00+00:00,6,2,184.151823,-0.0029000000000000002,stop
NVDA,2026-03-12,2026-03-12 18:03:00+00:00,6,2,183.84676199999998,-0.0029000000000000002,stop
NVDA,2026-03-12,2026-03-12 19:26:00+00:00,6,2,183.531699,-0.0029000000000000002,stop
NVDA,2026-03-12,2026-03-12 20:48:00+00:00,6,2,183.28665,0.0046,target
NVDA,2026-03-12,2026-03-12 23:04:00+00:00,6,2,183.33666,0.0046,target
NVDA,2026-03-13,2026-03-13 09:50:00+00:00,6,2,183.356664,0.0046,target
NVDA,2026-03-13,2026-03-13 10:19:00+00:00,7,2,183.856764,0.0046,target
NVDA,2026-03-13,2026-03-13 10:53:00+00:00,6,2,184.0368,0.0046,target
NVDA,2026-03-13,2026-03-13 11:17:00+00:00,6,2,184.116816,0.0046,target
NVDA,2026-03-13,2026-03-13 11:37:00+00:00,6,2,184.756944,-0.0029000000000000002,stop
NVDA,2026-03-13,2026-03-13 12:12:00+00:00,6,2,184.546902,0.0046,target
NVDA,2026-03-13,2026-03-13 12:36:00+00:00,6,2,185.167026,0.0046,target
NVDA,2026-03-13,2026-03-13 12:57:00+00:00,6,2,185.18703,-0.0029000000000000002,stop
NVDA,2026-03-13,2026-03-13 13:19:00+00:00,6,2,185.107014,-0.0029000000000000002,stop
NVDA,2026-03-13,2026-03-13 13:42:00+00:00,6,2,185.17702799999998,-0.0029000000000000002,stop
NVDA,2026-03-13,2026-03-13 18:44:00+00:00,6,2,181.056204,-0.0029000000000000002,stop
NVDA,2026-03-13,2026-03-13 22:04:00+00:00,6,2,180.28605,0.0046,target
NVDA,2026-03-13,2026-03-13 22:25:00+00:00,6,2,180.38607,0.0046,target
NVDA,2026-03-16,2026-03-16 09:24:00+00:00,6,2,182.026398,0.0046,target
NVDA,2026-03-16,2026-03-16 10:10:00+00:00,8,2,182.146422,0.0046,target
NVDA,2026-03-16,2026-03-16 10:30:00+00:00,6,2,182.476488,0.0046,target
NVDA,2026-03-16,2026-03-16 10:53:00+00:00,6,2,182.416476,0.0046,target
NVDA,2026-03-16,2026-03-16 11:17:00+00:00,6,2,182.316456,0.0046,target
NVDA,2026-03-16,2026-03-16 11:40:00+00:00,6,2,182.516496,-0.0029000000000000002,stop
NVDA,2026-03-16,2026-03-16 12:08:00+00:00,7,2,183.066606,0.0046,target
NVDA,2026-03-16,2026-03-16 12:28:00+00:00,8,2,183.096612,0.0046,target
NVDA,2026-03-16,2026-03-16 12:49:00+00:00,7,2,183.78534972,0.0046,target
NVDA,2026-03-16,2026-03-16 13:20:00+00:00,8,2,183.63742014,-0.0029000000000000002,stop
NVDA,2026-03-16,2026-03-16 13:40:00+00:00,7,2,184.52689800000002,-0.0029000000000000002,stop
NVDA,2026-03-16,2026-03-16 14:03:00+00:00,7,2,184.30685400000002,-0.0029000000000000002,stop
NVDA,2026-03-16,2026-03-16 14:25:00+00:00,6,2,184.476888,-0.0029000000000000002,stop
NVDA,2026-03-16,2026-03-16 15:12:00+00:00,6,2,184.18743012,0.0046,target
NVDA,2026-03-16,2026-03-16 15:32:00+00:00,6,2,184.97198699999998,-0.0029000000000000002,stop
NVDA,2026-03-16,2026-03-16 15:53:00+00:00,6,2,184.696932,-0.0029000000000000002,stop
NVDA,2026-03-16,2026-03-16 16:42:00+00:00,6,2,184.316856,0.0046,target
NVDA,2026-03-16,2026-03-16 17:02:00+00:00,7,2,184.86696600000002,0.0046,target
NVDA,2026-03-16,2026-03-16 17:23:00+00:00,6,2,184.9529832,-0.0029000000000000002,stop
NVDA,2026-03-16,2026-03-16 18:02:00+00:00,6,2,184.596912,0.0046,target
NVDA,2026-03-16,2026-03-16 18:23:00+00:00,6,2,185.28705,-0.0029000000000000002,stop
NVDA,2026-03-16,2026-03-16 19:13:00+00:00,6,2,186.382269,-0.0029000000000000002,stop
NVDA,2026-03-16,2026-03-16 23:02:00+00:00,6,2,182.76654599999998,0.0046,target
NVDA,2026-03-17,2026-03-17 09:38:00+00:00,6,2,183.72673799999998,0.0046,target
NVDA,2026-03-17,2026-03-17 10:02:00+00:00,6,2,183.76674599999998,0.0046,target
NVDA,2026-03-17,2026-03-17 10:29:00+00:00,6,2,183.76674599999998,0.0046,target
NVDA,2026-03-17,2026-03-17 10:59:00+00:00,6,2,183.73674,-0.0029000000000000002,stop
NVDA,2026-03-17,2026-03-17 11:36:00+00:00,7,2,183.656724,-0.0029000000000000002,stop
NVDA,2026-03-17,2026-03-17 12:21:00+00:00,6,2,183.6977322,0.0046,target
NVDA,2026-03-17,2026-03-17 12:42:00+00:00,6,2,184.0503027,0.0046,target
NVDA,2026-03-17,2026-03-17 13:05:00+00:00,6,2,184.53429948,-0.0029000000000000002,stop
NVDA,2026-03-17,2026-03-17 13:25:00+00:00,6,2,185.03439948,-0.0029000000000000002,stop
NVDA,2026-03-17,2026-03-17 17:41:00+00:00,6,2,183.071607,0.0046,target
NVDA,2026-03-17,2026-03-17 18:02:00+00:00,6,2,183.126618,0.0046,target
NVDA,2026-03-17,2026-03-17 18:28:00+00:00,6,2,183.096612,-0.0029000000000000002,stop
NVDA,2026-03-17,2026-03-17 22:52:00+00:00,6,2,182.32645799999997,0.0046,target
NVDA,2026-03-18,2026-03-18 09:26:00+00:00,6,2,183.716736,0.0046,target
NVDA,2026-03-18,2026-03-18 09:48:00+00:00,6,2,183.83676,0.0046,target
NVDA,2026-03-18,2026-03-18 10:17:00+00:00,8,2,183.94678199999998,0.0046,target
NVDA,2026-03-18,2026-03-18 14:02:00+00:00,6,2,182.54680206,0.0046,target
NVDA,2026-03-18,2026-03-18 14:28:00+00:00,6,2,182.32145699999998,-0.0029000000000000002,stop
NVDA,2026-03-18,2026-03-18 15:00:00+00:00,6,2,182.80155299999998,-0.0029000000000000002,stop
NVDA,2026-03-18,2026-03-18 15:21:00+00:00,6,2,182.49649200000002,0.0046,target
NVDA,2026-03-18,2026-03-18 16:07:00+00:00,7,2,182.676528,-0.0029000000000000002,stop
NVDA,2026-03-18,2026-03-18 16:27:00+00:00,7,2,182.76654599999998,-0.0029000000000000002,stop
NVDA,2026-03-18,2026-03-18 16:54:00+00:00,6,2,182.55650400000002,-0.0029000000000000002,stop
NVDA,2026-03-18,2026-03-18 17:39:00+00:00,6,2,182.441481,0.0046,target
NVDA,2026-03-18,2026-03-18 18:01:00+00:00,7,2,182.98658999999998,-0.0029000000000000002,stop
NVDA,2026-03-18,2026-03-18 21:19:00+00:00,6,2,180.541101,0.0046,target
NVDA,2026-03-18,2026-03-18 23:02:00+00:00,6,2,180.22583795999998,0.0046,target
NVDA,2026-03-19,2026-03-19 09:22:00+00:00,6,2,179.745942,-0.0029000000000000002,stop
NVDA,2026-03-19,2026-03-19 09:50:00+00:00,7,2,179.845962,0.0046,target
NVDA,2026-03-19,2026-03-19 10:13:00+00:00,6,2,180.056004,0.0046,target
NVDA,2026-03-19,2026-03-19 10:37:00+00:00,6,2,180.046002,0.0046,target
NVDA,2026-03-19,2026-03-19 11:05:00+00:00,6,2,179.95598399999997,-0.0029000000000000002,stop
NVDA,2026-03-19,2026-03-19 13:59:00+00:00,6,2,177.555504,0.0046,target
NVDA,2026-03-19,2026-03-19 14:21:00+00:00,6,2,178.295652,-0.0029000000000000002,stop
NVDA,2026-03-19,2026-03-19 14:50:00+00:00,6,2,178.05560400000002,0.0046,target
NVDA,2026-03-19,2026-03-19 15:10:00+00:00,6,2,178.625718,-0.0029000000000000002,stop
NVDA,2026-03-19,2026-03-19 15:33:00+00:00,6,2,178.10781444,0.0046,target
NVDA,2026-03-19,2026-03-19 15:56:00+00:00,6,2,178.075608,0.0046,target
NVDA,2026-03-19,2026-03-19 16:28:00+00:00,6,2,178.745742,-0.0029000000000000002,stop
NVDA,2026-03-19,2026-03-19 17:22:00+00:00,7,2,178.215636,0.0046,target
NVDA,2026-03-19,2026-03-19 17:50:00+00:00,6,2,178.190631,0.0046,target
NVDA,2026-03-19,2026-03-19 18:11:00+00:00,7,2,178.565706,0.0046,target
NVDA,2026-03-19,2026-03-19 18:31:00+00:00,6,2,178.77084702,-0.0029000000000000002,stop
NVDA,2026-03-19,2026-03-19 19:01:00+00:00,7,2,178.83075899999997,0.0046,target
NVDA,2026-03-19,2026-03-19 19:30:00+00:00,6,2,179.16582599999998,-0.0029000000000000002,stop
NVDA,2026-03-19,2026-03-19 19:53:00+00:00,6,2,178.240641,0.0046,target
NVDA,2026-03-19,2026-03-19 20:15:00+00:00,7,2,178.60571399999998,0.0046,target
NVDA,2026-03-19,2026-03-19 20:36:00+00:00,7,2,178.90597404000002,0.0046,target
NVDA,2026-03-19,2026-03-19 20:58:00+00:00,6,2,179.09681220000002,0.0046,target
NVDA,2026-03-19,2026-03-19 21:21:00+00:00,6,2,178.94578199999998,0.0046,target
NVDA,2026-03-19,2026-03-19 21:41:00+00:00,7,2,179.115816,0.0046,target
NVDA,2026-03-19,2026-03-19 22:01:00+00:00,8,2,179.195832,0.0046,target
NVDA,2026-03-19,2026-03-19 22:24:00+00:00,6,2,179.465886,0.0046,target
NVDA,2026-03-19,2026-03-19 22:45:00+00:00,6,2,179.43588,0.0046,target
NVDA,2026-03-19,2026-03-19 23:05:00+00:00,8,2,179.42587799999998,0.0046,target
NVDA,2026-03-20,2026-03-20 12:01:00+00:00,6,2,179.0358,-0.0029000000000000002,stop
NVDA,2026-03-20,2026-03-20 12:26:00+00:00,7,2,178.255644,0.0046,target
NVDA,2026-03-20,2026-03-20 12:47:00+00:00,6,2,178.26824652,0.0046,target
NVDA,2026-03-20,2026-03-20 13:08:00+00:00,6,2,178.23564,-0.0029000000000000002,stop
NVDA,2026-03-20,2026-03-20 13:28:00+00:00,6,2,178.54570199999998,-0.0029000000000000002,stop
NVDA,2026-03-20,2026-03-20 16:15:00+00:00,6,2,176.405274,-0.0029000000000000002,stop
NVDA,2026-03-20,2026-03-20 21:18:00+00:00,6,2,174.8834697,0.0046,target
NVDA,2026-03-20,2026-03-20 21:38:00+00:00,6,2,174.81315564,0.0046,target
NVDA,2026-03-20,2026-03-20 21:58:00+00:00,7,2,175.16502599999998,0.0046,target
NVDA,2026-03-20,2026-03-20 22:20:00+00:00,6,2,175.23504,-0.0029000000000000002,stop
NVDA,2026-03-20,2026-03-20 22:54:00+00:00,6,2,175.125018,0.0046,target
NVDA,2026-03-20,2026-03-20 23:15:00+00:00,6,2,175.23373974,0.0046,target
NVDA,2026-03-23,2026-03-23 11:05:00+00:00,6,2,171.274248,0.0046,target
NVDA,2026-03-23,2026-03-23 11:26:00+00:00,6,2,176.965386,-0.0029000000000000002,stop
NVDA,2026-03-23,2026-03-23 11:50:00+00:00,6,2,176.445282,-0.0029000000000000002,stop
NVDA,2026-03-23,2026-03-23 12:13:00+00:00,7,2,175.695132,0.0046,target
NVDA,2026-03-23,2026-03-23 12:34:00+00:00,6,2,176.48529,-0.0029000000000000002,stop
NVDA,2026-03-23,2026-03-23 12:56:00+00:00,6,2,177.19543199999998,-0.0029000000000000002,stop
NVDA,2026-03-23,2026-03-23 13:17:00+00:00,6,2,177.155424,-0.0029000000000000002,stop
NVDA,2026-03-23,2026-03-23 13:37:00+00:00,7,2,177.17542799999998,-0.0029000000000000002,stop
NVDA,2026-03-23,2026-03-23 13:58:00+00:00,6,2,177.65522393999998,-0.0029000000000000002,stop
NVDA,2026-03-23,2026-03-23 14:19:00+00:00,7,2,177.665526,0.0046,target
NVDA,2026-03-23,2026-03-23 14:39:00+00:00,7,2,178.095612,-0.0029000000000000002,stop
NVDA,2026-03-23,2026-03-23 15:02:00+00:00,6,2,178.05560400000002,-0.0029000000000000002,stop
NVDA,2026-03-23,2026-03-23 15:22:00+00:00,6,2,177.610515,-0.0029000000000000002,stop
NVDA,2026-03-23,2026-03-23 18:34:00+00:00,6,2,176.475288,0.0046,target
NVDA,2026-03-23,2026-03-23 19:47:00+00:00,6,2,176.64522198,-0.0029000000000000002,stop
NVDA,2026-03-23,2026-03-23 22:55:00+00:00,6,2,176.095212,0.0046,target
NVDA,2026-03-24,2026-03-24 09:46:00+00:00,6,2,175.815156,0.0046,target
NVDA,2026-03-24,2026-03-24 10:26:00+00:00,6,2,175.93518,0.0046,target
NVDA,2026-03-24,2026-03-24 10:52:00+00:00,8,2,176.095212,0.0046,target
NVDA,2026-03-24,2026-03-24 11:17:00+00:00,6,2,175.93518,0.0046,target
NVDA,2026-03-24,2026-03-24 13:35:00+00:00,6,2,175.67012699999998,-0.0029000000000000002,stop
NVDA,2026-03-24,2026-03-24 14:52:00+00:00,6,2,174.93498,-0.0029000000000000002,stop
NVDA,2026-03-24,2026-03-24 15:12:00+00:00,7,2,175.42507799999998,0.0046,target
NVDA,2026-03-24,2026-03-24 15:35:00+00:00,6,2,175.63501997999998,-0.0029000000000000002,stop
NVDA,2026-03-24,2026-03-24 15:59:00+00:00,6,2,175.44508199999999,-0.0029000000000000002,stop
NVDA,2026-03-24,2026-03-24 16:21:00+00:00,6,2,175.500093,-0.0029000000000000002,stop
NVDA,2026-03-24,2026-03-24 16:51:00+00:00,6,2,175.415076,-0.0029000000000000002,stop
NVDA,2026-03-24,2026-03-24 17:58:00+00:00,6,2,175.20503399999998,0.0046,target
NVDA,2026-03-24,2026-03-24 18:20:00+00:00,7,2,175.355064,0.0046,target
NVDA,2026-03-24,2026-03-24 18:44:00+00:00,6,2,175.79515199999997,-0.0029000000000000002,stop
NVDA,2026-03-24,2026-03-24 19:09:00+00:00,7,2,175.63512,-0.0029000000000000002,stop
NVDA,2026-03-24,2026-03-24 20:04:00+00:00,7,2,175.50509399999999,0.0046,target
NVDA,2026-03-24,2026-03-24 20:24:00+00:00,6,2,176.945382,-0.0029000000000000002,stop
NVDA,2026-03-24,2026-03-24 20:44:00+00:00,6,2,177.045402,0.0046,target
NVDA,2026-03-24,2026-03-24 21:04:00+00:00,6,2,176.95538399999998,0.0046,target
NVDA,2026-03-24,2026-03-24 21:44:00+00:00,6,2,176.85476388,0.0046,target
NVDA,2026-03-24,2026-03-24 22:05:00+00:00,7,2,176.90147321999999,0.0046,target
NVDA,2026-03-24,2026-03-24 22:31:00+00:00,7,2,176.85536399999998,0.0046,target
NVDA,2026-03-24,2026-03-24 22:51:00+00:00,7,2,176.95538399999998,0.0046,target
NVDA,2026-03-24,2026-03-24 23:28:00+00:00,7,2,177.005394,0.0046,target
NVDA,2026-03-25,2026-03-25 10:06:00+00:00,8,2,177.555504,0.0046,target
NVDA,2026-03-25,2026-03-25 10:31:00+00:00,6,2,177.625518,0.0046,target
NVDA,2026-03-25,2026-03-25 10:59:00+00:00,7,2,177.59551199999999,0.0046,target
NVDA,2026-03-25,2026-03-25 11:19:00+00:00,7,2,177.89557200000002,-0.0029000000000000002,stop
NVDA,2026-03-25,2026-03-25 11:46:00+00:00,7,2,178.015596,-0.0029000000000000002,stop
NVDA,2026-03-25,2026-03-25 12:11:00+00:00,6,2,178.18472982,-0.0029000000000000002,stop
NVDA,2026-03-25,2026-03-25 13:35:00+00:00,8,2,178.790751,0.0046,target
NVDA,2026-03-25,2026-03-25 14:12:00+00:00,6,2,179.350863,0.0046,target
NVDA,2026-03-25,2026-03-25 14:36:00+00:00,7,2,180.161025,0.0046,target
NVDA,2026-03-25,2026-03-25 14:58:00+00:00,6,2,180.666126,-0.0029000000000000002,stop
NVDA,2026-03-25,2026-03-25 15:19:00+00:00,6,2,179.515896,0.0046,target
NVDA,2026-03-25,2026-03-25 17:44:00+00:00,6,2,179.405874,-0.0029000000000000002,stop
NVDA,2026-03-25,2026-03-25 18:21:00+00:00,7,2,179.28584999999998,-0.0029000000000000002,stop
NVDA,2026-03-26,2026-03-26 10:17:00+00:00,8,2,176.98539,0.0046,target
NVDA,2026-03-26,2026-03-26 11:09:00+00:00,6,2,177.055404,-0.0029000000000000002,stop
NVDA,2026-03-26,2026-03-26 20:21:00+00:00,6,2,172.28445,-0.0029000000000000002,stop
NVDA,2026-03-27,2026-03-27 12:01:00+00:00,8,2,172.874568,0.0046,target
NVDA,2026-03-27,2026-03-27 12:22:00+00:00,6,2,171.74434200000002,-0.0029000000000000002,stop
NVDA,2026-03-27,2026-03-27 15:27:00+00:00,7,2,169.373868,0.0046,target
NVDA,2026-03-27,2026-03-27 16:03:00+00:00,6,2,169.453884,-0.0029000000000000002,stop
NVDA,2026-03-30,2026-03-30 09:21:00+00:00,6,2,169.08381,0.0046,target
NVDA,2026-03-30,2026-03-30 09:59:00+00:00,6,2,169.11731669999998,-0.0029000000000000002,stop
NVDA,2026-03-30,2026-03-30 11:07:00+00:00,7,2,168.69373199999998,-0.0029000000000000002,stop
NVDA,2026-03-30,2026-03-30 11:27:00+00:00,8,2,168.85376399999998,0.0046,target
NVDA,2026-03-30,2026-03-30 11:47:00+00:00,6,2,168.893772,-0.0029000000000000002,stop
NVDA,2026-03-30,2026-03-30 12:13:00+00:00,6,2,168.68373,0.0046,target
NVDA,2026-03-30,2026-03-30 12:33:00+00:00,6,2,169.26884700000002,0.0046,target
NVDA,2026-03-30,2026-03-30 13:03:00+00:00,7,2,169.443882,-0.0029000000000000002,stop
NVDA,2026-03-30,2026-03-30 15:03:00+00:00,6,2,168.103614,-0.0029000000000000002,stop
NVDA,2026-03-30,2026-03-30 15:37:00+00:00,6,2,167.83356,-0.0029000000000000002,stop
NVDA,2026-03-31,2026-03-31 09:29:00+00:00,6,2,166.913376,-0.0029000000000000002,stop
NVDA,2026-03-31,2026-03-31 10:00:00+00:00,6,2,166.643322,0.0046,target
NVDA,2026-03-31,2026-03-31 11:15:00+00:00,6,2,166.78334999999998,0.0046,target
NVDA,2026-03-31,2026-03-31 11:37:00+00:00,7,2,167.273448,0.0046,target
NVDA,2026-03-31,2026-03-31 11:57:00+00:00,6,2,167.33456022,0.0046,target
NVDA,2026-03-31,2026-03-31 12:23:00+00:00,6,2,167.5335,0.0046,target
NVDA,2026-03-31,2026-03-31 12:50:00+00:00,6,2,167.68353,0.0046,target
NVDA,2026-03-31,2026-03-31 13:20:00+00:00,6,2,167.66522634,-0.0029000000000000002,stop
NVDA,2026-03-31,2026-03-31 13:44:00+00:00,6,2,168.503694,0.0046,target
NVDA,2026-03-31,2026-03-31 14:04:00+00:00,6,2,169.63392,0.0046,target
NVDA,2026-03-31,2026-03-31 14:27:00+00:00,6,2,170.78414999999998,-0.0029000000000000002,stop
NVDA,2026-03-31,2026-03-31 14:50:00+00:00,6,2,170.23404,-0.0029000000000000002,stop
NVDA,2026-03-31,2026-03-31 15:11:00+00:00,6,2,170.18403,0.0046,target
NVDA,2026-03-31,2026-03-31 15:35:00+00:00,6,2,170.294052,-0.0029000000000000002,stop
NVDA,2026-03-31,2026-03-31 16:10:00+00:00,6,2,170.774148,-0.0029000000000000002,stop
NVDA,2026-03-31,2026-03-31 16:33:00+00:00,6,2,170.869167,0.0046,target
NVDA,2026-03-31,2026-03-31 16:54:00+00:00,6,2,173.324658,-0.0029000000000000002,stop
NVDA,2026-03-31,2026-03-31 17:20:00+00:00,6,2,173.814756,-0.0029000000000000002,stop
NVDA,2026-03-31,2026-03-31 17:40:00+00:00,6,2,173.03459999999998,-0.0029000000000000002,stop
NVDA,2026-03-31,2026-03-31 18:22:00+00:00,6,2,173.149623,0.0046,target
NVDA,2026-03-31,2026-03-31 18:43:00+00:00,6,2,173.53459998,0.0046,target
NVDA,2026-03-31,2026-03-31 19:08:00+00:00,6,2,173.81975699999998,0.0046,target
NVDA,2026-03-31,2026-03-31 19:29:00+00:00,6,2,174.094812,0.0046,target
NVDA,2026-03-31,2026-03-31 19:50:00+00:00,6,2,174.304854,0.0046,target
NVDA,2026-03-31,2026-03-31 20:10:00+00:00,6,2,174.43488,0.0046,target
NVDA,2026-03-31,2026-03-31 20:33:00+00:00,7,2,174.714936,-0.0029000000000000002,stop
NVDA,2026-03-31,2026-03-31 21:43:00+00:00,6,2,174.074808,0.0046,target
NVDA,2026-03-31,2026-03-31 22:21:00+00:00,6,2,174.514896,0.0046,target
NVDA,2026-03-31,2026-03-31 22:46:00+00:00,6,2,174.404874,0.0046,target
NVDA,2026-03-31,2026-03-31 23:12:00+00:00,6,2,174.294852,0.0046,target
NVDA,2026-04-01,2026-04-01 10:40:00+00:00,6,2,175.68513000000002,0.0046,target
NVDA,2026-04-01,2026-04-01 11:01:00+00:00,7,2,176.05760448,-0.0029000000000000002,stop
NVDA,2026-04-01,2026-04-01 11:21:00+00:00,6,2,176.73533999999998,0.0046,target
NVDA,2026-04-01,2026-04-01 11:43:00+00:00,6,2,177.09211134,-0.0029000000000000002,stop
NVDA,2026-04-01,2026-04-01 12:05:00+00:00,6,2,176.965386,-0.0029000000000000002,stop
NVDA,2026-04-01,2026-04-01 12:29:00+00:00,6,2,176.48529,-0.0029000000000000002,stop
NVDA,2026-04-01,2026-04-01 13:38:00+00:00,6,2,176.160225,-0.0029000000000000002,stop
NVDA,2026-04-01,2026-04-01 14:19:00+00:00,6,2,176.23523999999998,-0.0029000000000000002,stop
NVDA,2026-04-01,2026-04-01 14:49:00+00:00,6,2,176.245242,0.0046,target
NVDA,2026-04-01,2026-04-01 15:10:00+00:00,6,2,177.000393,-0.0029000000000000002,stop
NVDA,2026-04-01,2026-04-01 15:35:00+00:00,6,2,176.5353,0.0046,target
NVDA,2026-04-01,2026-04-01 16:02:00+00:00,8,2,177.125418,0.0046,target
NVDA,2026-04-01,2026-04-01 16:22:00+00:00,7,2,177.21043500000002,-0.0029000000000000002,stop
NVDA,2026-04-01,2026-04-01 16:44:00+00:00,6,2,176.905374,0.0046,target
NVDA,2026-04-01,2026-04-01 17:06:00+00:00,6,2,177.030399,-0.0029000000000000002,stop
NVDA,2026-04-01,2026-04-01 19:26:00+00:00,7,2,176.210235,-0.0029000000000000002,stop
NVDA,2026-04-01,2026-04-01 21:07:00+00:00,6,2,175.925178,0.0046,target
NVDA,2026-04-01,2026-04-01 22:15:00+00:00,7,2,176.68533,-0.0029000000000000002,stop
NVDA,2026-04-01,2026-04-01 22:35:00+00:00,6,2,176.395272,0.0046,target
NVDA,2026-04-01,2026-04-01 22:59:00+00:00,6,2,176.245242,0.0046,target
NVDA,2026-04-01,2026-04-01 23:28:00+00:00,6,2,176.36526600000002,0.0046,target
NVDA,2026-04-02,2026-04-02 09:25:00+00:00,6,2,171.814356,0.0046,target
NVDA,2026-04-02,2026-04-02 10:00:00+00:00,7,2,171.73433999999997,-0.0029000000000000002,stop
NVDA,2026-04-02,2026-04-02 11:03:00+00:00,7,2,171.88437,-0.0029000000000000002,stop
NVDA,2026-04-02,2026-04-02 12:50:00+00:00,6,2,171.244242,-0.0029000000000000002,stop
NVDA,2026-04-02,2026-04-02 13:35:00+00:00,7,2,173.504694,-0.0029000000000000002,stop
NVDA,2026-04-02,2026-04-02 13:58:00+00:00,8,2,173.474688,0.0046,target
NVDA,2026-04-02,2026-04-02 14:25:00+00:00,6,2,174.844962,-0.0029000000000000002,stop
NVDA,2026-04-02,2026-04-02 14:48:00+00:00,6,2,176.13522,-0.0029000000000000002,stop
NVDA,2026-04-02,2026-04-02 15:09:00+00:00,7,2,176.345262,0.0046,target
NVDA,2026-04-02,2026-04-02 15:41:00+00:00,6,2,176.825358,-0.0029000000000000002,stop
NVDA,2026-04-02,2026-04-02 16:02:00+00:00,6,2,176.715336,-0.0029000000000000002,stop
NVDA,2026-04-02,2026-04-02 16:39:00+00:00,6,2,176.125218,0.0046,target
NVDA,2026-04-02,2026-04-02 16:59:00+00:00,6,2,176.520297,0.0046,target
NVDA,2026-04-02,2026-04-02 17:19:00+00:00,6,2,176.705334,0.0046,target
NVDA,2026-04-02,2026-04-02 17:43:00+00:00,6,2,176.7933516,-0.0029000000000000002,stop
NVDA,2026-04-02,2026-04-02 18:05:00+00:00,6,2,176.765346,0.0046,target
NVDA,2026-04-02,2026-04-02 18:28:00+00:00,6,2,176.64532200000002,0.0046,target
NVDA,2026-04-02,2026-04-02 18:50:00+00:00,6,2,176.98539,0.0046,target
NVDA,2026-04-02,2026-04-02 19:11:00+00:00,8,2,177.38547,-0.0029000000000000002,stop
NVDA,2026-04-02,2026-04-02 19:31:00+00:00,6,2,177.01539599999998,0.0046,target
NVDA,2026-04-02,2026-04-02 19:51:00+00:00,7,2,177.290451,0.0046,target
NVDA,2026-04-02,2026-04-02 20:11:00+00:00,7,2,177.325458,0.0046,target
NVDA,2026-04-02,2026-04-02 21:45:00+00:00,6,2,176.97358763999998,0.0046,target
NVDA,2026-04-02,2026-04-02 22:08:00+00:00,6,2,176.91537599999998,0.0046,target
NVDA,2026-04-02,2026-04-02 23:06:00+00:00,6,2,176.755344,0.0046,target
NVDA,2026-04-06,2026-04-06 09:27:00+00:00,6,2,178.915776,-0.0029000000000000002,stop
NVDA,2026-04-06,2026-04-06 10:00:00+00:00,6,2,178.33566000000002,0.0046,target
NVDA,2026-04-06,2026-04-06 13:54:00+00:00,6,2,177.18543,-0.0029000000000000002,stop
NVDA,2026-04-06,2026-04-06 15:02:00+00:00,6,2,176.950383,-0.0029000000000000002,stop
NVDA,2026-04-06,2026-04-06 15:45:00+00:00,6,2,177.05550402,0.0046,target
NVDA,2026-04-06,2026-04-06 16:11:00+00:00,6,2,177.120417,0.0046,target
NVDA,2026-04-06,2026-04-06 16:32:00+00:00,6,2,177.10441379999997,0.0046,target
NVDA,2026-04-06,2026-04-06 16:53:00+00:00,6,2,177.095412,-0.0029000000000000002,stop
NVDA,2026-04-06,2026-04-06 17:32:00+00:00,7,2,177.0979125,-0.0029000000000000002,stop
NVDA,2026-04-06,2026-04-06 18:16:00+00:00,7,2,176.9773884,0.0046,target
NVDA,2026-04-06,2026-04-06 18:49:00+00:00,6,2,177.190431,0.0046,target
NVDA,2026-04-06,2026-04-06 19:13:00+00:00,7,2,177.18613014,0.0046,target
NVDA,2026-04-06,2026-04-06 19:34:00+00:00,6,2,177.445482,0.0046,target
NVDA,2026-04-06,2026-04-06 19:56:00+00:00,6,2,177.450483,0.0046,target
NVDA,2026-04-06,2026-04-06 20:21:00+00:00,6,2,177.525498,0.0046,target
NVDA,2026-04-06,2026-04-06 20:50:00+00:00,7,2,177.505494,0.0046,target
NVDA,2026-04-06,2026-04-06 21:13:00+00:00,7,2,177.53549999999998,-0.0029000000000000002,stop
NVDA,2026-04-06,2026-04-06 21:53:00+00:00,6,2,177.305454,0.0046,target
NVDA,2026-04-07,2026-04-07 09:39:00+00:00,7,2,177.045402,-0.0029000000000000002,stop
NVDA,2026-04-07,2026-04-07 13:34:00+00:00,7,2,176.125218,-0.0029000000000000002,stop
NVDA,2026-04-07,2026-04-07 16:00:00+00:00,6,2,175.26504599999998,0.0046,target
NVDA,2026-04-07,2026-04-07 16:28:00+00:00,6,2,175.565106,0.0046,target
NVDA,2026-04-07,2026-04-07 16:51:00+00:00,6,2,175.82695836,-0.0029000000000000002,stop
NVDA,2026-04-07,2026-04-07 17:13:00+00:00,6,2,175.75524402,-0.0029000000000000002,stop
NVDA,2026-04-07,2026-04-07 17:33:00+00:00,6,2,175.695132,0.0046,target
NVDA,2026-04-07,2026-04-07 17:57:00+00:00,7,2,175.980189,0.0046,target
NVDA,2026-04-07,2026-04-07 18:19:00+00:00,6,2,175.93518,-0.0029000000000000002,stop
NVDA,2026-04-07,2026-04-07 18:43:00+00:00,6,2,175.500093,-0.0029000000000000002,stop
NVDA,2026-04-07,2026-04-07 19:09:00+00:00,6,2,175.565106,0.0046,target
NVDA,2026-04-07,2026-04-07 19:29:00+00:00,6,2,176.445282,0.0046,target
NVDA,2026-04-07,2026-04-07 19:49:00+00:00,6,2,177.07540799999998,0.0046,target
NVDA,2026-04-07,2026-04-07 20:10:00+00:00,6,2,178.255644,-0.0029000000000000002,stop
NVDA,2026-04-07,2026-04-07 20:31:00+00:00,6,2,178.0090947,0.0046,target
NVDA,2026-04-07,2026-04-07 20:52:00+00:00,6,2,178.105614,0.0046,target
NVDA,2026-04-07,2026-04-07 21:13:00+00:00,6,2,178.36906668,0.0046,target
NVDA,2026-04-07,2026-04-07 21:39:00+00:00,7,2,178.415676,0.0046,target
NVDA,2026-04-07,2026-04-07 22:05:00+00:00,6,2,179.805954,-0.0029000000000000002,stop
NVDA,2026-04-07,2026-04-07 22:28:00+00:00,6,2,179.595912,-0.0029000000000000002,stop
NVDA,2026-04-07,2026-04-07 22:50:00+00:00,8,2,181.51629599999998,0.0046,target
NVDA,2026-04-07,2026-04-07 23:14:00+00:00,6,2,182.406474,0.0046,target
NVDA,2026-04-08,2026-04-08 09:28:00+00:00,7,2,184.94538168,-0.0029000000000000002,stop
NVDA,2026-04-08,2026-04-08 09:55:00+00:00,6,2,184.83696,0.0046,target
NVDA,2026-04-08,2026-04-08 10:15:00+00:00,6,2,184.706934,0.0046,target
NVDA,2026-04-08,2026-04-08 10:37:00+00:00,6,2,185.14702200000002,-0.0029000000000000002,stop
NVDA,2026-04-08,2026-04-08 11:01:00+00:00,6,2,184.58691000000002,-0.0029000000000000002,stop
NVDA,2026-04-08,2026-04-08 11:30:00+00:00,6,2,184.476888,0.0046,target
NVDA,2026-04-08,2026-04-08 11:51:00+00:00,6,2,184.706934,-0.0029000000000000002,stop
NVDA,2026-04-08,2026-04-08 12:17:00+00:00,6,2,184.67692799999998,-0.0029000000000000002,stop
NVDA,2026-04-08,2026-04-08 12:57:00+00:00,6,2,184.496892,0.0046,target
NVDA,2026-04-08,2026-04-08 13:17:00+00:00,6,2,184.696932,-0.0029000000000000002,stop
NVDA,2026-04-08,2026-04-08 17:51:00+00:00,6,2,181.72623797999998,0.0046,target
NVDA,2026-04-08,2026-04-08 19:51:00+00:00,6,2,182.196432,-0.0029000000000000002,stop
NVDA,2026-04-09,2026-04-09 09:38:00+00:00,6,2,180.726138,0.0046,target
NVDA,2026-04-09,2026-04-09 10:03:00+00:00,7,2,180.85616399999998,0.0046,target
NVDA,2026-04-09,2026-04-09 10:48:00+00:00,6,2,180.78615,0.0046,target
NVDA,2026-04-09,2026-04-09 11:11:00+00:00,6,2,180.776148,0.0046,target
NVDA,2026-04-09,2026-04-09 11:40:00+00:00,7,2,181.23623999999998,0.0046,target
NVDA,2026-04-09,2026-04-09 12:03:00+00:00,6,2,181.33626,-0.0029000000000000002,stop
NVDA,2026-04-09,2026-04-09 12:26:00+00:00,6,2,181.13712017999998,0.0046,target
NVDA,2026-04-09,2026-04-09 12:58:00+00:00,7,2,181.33626,-0.0029000000000000002,stop
NVDA,2026-04-09,2026-04-09 13:50:00+00:00,6,2,181.766346,-0.0029000000000000002,stop
NVDA,2026-04-09,2026-04-09 14:13:00+00:00,6,2,182.06630597999998,-0.0029000000000000002,stop
NVDA,2026-04-09,2026-04-09 14:38:00+00:00,6,2,181.881369,0.0046,target
NVDA,2026-04-09,2026-04-09 14:58:00+00:00,6,2,182.451483,0.0046,target
NVDA,2026-04-09,2026-04-09 15:18:00+00:00,6,2,183.46168500000002,-0.0029000000000000002,stop
NVDA,2026-04-09,2026-04-09 15:52:00+00:00,7,2,183.371667,0.0046,target
NVDA,2026-04-09,2026-04-09 16:26:00+00:00,6,2,183.376668,0.0046,target
NVDA,2026-04-09,2026-04-09 16:48:00+00:00,6,2,183.20663399999998,0.0046,target
NVDA,2026-04-09,2026-04-09 17:08:00+00:00,7,2,183.74174100000002,-0.0029000000000000002,stop
NVDA,2026-04-09,2026-04-09 17:29:00+00:00,6,2,183.61171499999998,0.0046,target
NVDA,2026-04-09,2026-04-09 17:53:00+00:00,6,2,183.5367,-0.0029000000000000002,stop
NVDA,2026-04-09,2026-04-09 18:29:00+00:00,6,2,183.196632,0.0046,target
NVDA,2026-04-09,2026-04-09 18:51:00+00:00,6,2,183.42667799999998,0.0046,target
NVDA,2026-04-09,2026-04-09 19:15:00+00:00,6,2,183.751743,0.0046,target
NVDA,2026-04-09,2026-04-09 19:36:00+00:00,6,2,183.821757,0.0046,target
NVDA,2026-04-09,2026-04-09 19:58:00+00:00,6,2,183.931779,-0.0029000000000000002,stop
NVDA,2026-04-09,2026-04-09 20:41:00+00:00,6,2,183.716736,0.0046,target
NVDA,2026-04-09,2026-04-09 21:21:00+00:00,6,2,183.556704,0.0046,target
NVDA,2026-04-09,2026-04-09 22:10:00+00:00,6,2,183.63672,0.0046,target
NVDA,2026-04-09,2026-04-09 22:45:00+00:00,6,2,183.48668999999998,0.0046,target
NVDA,2026-04-09,2026-04-09 23:28:00+00:00,6,2,183.32665799999998,0.0046,target
NVDA,2026-04-10,2026-04-10 10:26:00+00:00,8,2,183.246642,0.0046,target
NVDA,2026-04-10,2026-04-10 10:50:00+00:00,6,2,183.066606,0.0046,target
NVDA,2026-04-10,2026-04-10 11:11:00+00:00,6,2,183.3161559,0.0046,target
NVDA,2026-04-10,2026-04-10 11:32:00+00:00,7,2,183.47758818,0.0046,target
NVDA,2026-04-10,2026-04-10 11:52:00+00:00,6,2,183.516696,0.0046,target
NVDA,2026-04-10,2026-04-10 12:14:00+00:00,8,2,183.63672,0.0046,target
NVDA,2026-04-10,2026-04-10 12:34:00+00:00,7,2,183.88676999999998,0.0046,target
NVDA,2026-04-10,2026-04-10 12:55:00+00:00,6,2,184.00679399999999,0.0046,target
NVDA,2026-04-10,2026-04-10 13:17:00+00:00,7,2,184.266846,0.0046,target
NVDA,2026-04-10,2026-04-10 13:37:00+00:00,8,2,185.557104,0.0046,target
NVDA,2026-04-10,2026-04-10 13:58:00+00:00,7,2,187.617516,-0.0029000000000000002,stop
NVDA,2026-04-10,2026-04-10 14:20:00+00:00,6,2,187.382469,0.0046,target
NVDA,2026-04-10,2026-04-10 14:42:00+00:00,7,2,188.58771000000002,-0.0029000000000000002,stop
NVDA,2026-04-10,2026-04-10 15:02:00+00:00,6,2,188.80775400000002,0.0046,target
NVDA,2026-04-10,2026-04-10 15:23:00+00:00,6,2,189.84806202000001,-0.0029000000000000002,stop
NVDA,2026-04-10,2026-04-10 15:45:00+00:00,6,2,188.89277099999998,-0.0029000000000000002,stop
NVDA,2026-04-10,2026-04-10 16:11:00+00:00,6,2,188.49779202000002,0.0046,target
NVDA,2026-04-10,2026-04-10 16:35:00+00:00,6,2,188.372667,0.0046,target
NVDA,2026-04-10,2026-04-10 17:00:00+00:00,6,2,188.55270299999998,0.0046,target
NVDA,2026-04-10,2026-04-10 17:27:00+00:00,6,2,188.397672,0.0046,target
NVDA,2026-04-10,2026-04-10 17:48:00+00:00,6,2,188.507694,0.0046,target
NVDA,2026-04-10,2026-04-10 18:09:00+00:00,6,2,188.447682,0.0046,target
NVDA,2026-04-10,2026-04-10 18:35:00+00:00,6,2,188.53749996,0.0046,target
NVDA,2026-04-10,2026-04-10 18:56:00+00:00,7,2,188.86776600000002,0.0046,target
NVDA,2026-04-10,2026-04-10 19:16:00+00:00,6,2,189.23763996,-0.0029000000000000002,stop
NVDA,2026-04-10,2026-04-10 19:58:00+00:00,6,2,188.662725,0.0046,target
NVDA,2026-04-10,2026-04-10 20:29:00+00:00,6,2,188.767746,0.0046,target
NVDA,2026-04-10,2026-04-10 20:52:00+00:00,7,2,188.73773999999997,0.0046,target
NVDA,2026-04-13,2026-04-13 09:30:00+00:00,6,2,186.567306,0.0046,target
NVDA,2026-04-13,2026-04-13 09:51:00+00:00,6,2,186.307254,0.0046,target
NVDA,2026-04-13,2026-04-13 11:00:00+00:00,7,2,186.607314,-0.0029000000000000002,stop
NVDA,2026-04-13,2026-04-13 11:21:00+00:00,8,2,186.50219298,-0.0029000000000000002,stop
NVDA,2026-04-13,2026-04-13 12:53:00+00:00,6,2,186.11331522,0.0046,target
NVDA,2026-04-13,2026-04-13 13:25:00+00:00,6,2,185.98719,0.0046,target
NVDA,2026-04-13,2026-04-13 13:45:00+00:00,6,2,186.27224700000002,0.0046,target
NVDA,2026-04-13,2026-04-13 14:06:00+00:00,6,2,188.23763999999997,-0.0029000000000000002,stop
NVDA,2026-04-13,2026-04-13 14:26:00+00:00,6,2,188.40767400000001,0.0046,target
NVDA,2026-04-13,2026-04-13 14:46:00+00:00,7,2,189.067806,0.0046,target
NVDA,2026-04-13,2026-04-13 15:08:00+00:00,6,2,189.23783999999998,-0.0029000000000000002,stop
NVDA,2026-04-13,2026-04-13 15:30:00+00:00,6,2,188.657724,-0.0029000000000000002,stop
NVDA,2026-04-13,2026-04-13 16:28:00+00:00,6,2,188.352663,-0.0029000000000000002,stop
NVDA,2026-04-13,2026-04-13 16:51:00+00:00,6,2,188.427678,0.0046,target
NVDA,2026-04-13,2026-04-13 17:19:00+00:00,6,2,188.432679,0.0046,target
NVDA,2026-04-13,2026-04-13 17:42:00+00:00,6,2,188.40767400000001,0.0046,target
NVDA,2026-04-13,2026-04-13 18:40:00+00:00,6,2,188.247642,0.0046,target
NVDA,2026-04-13,2026-04-13 19:00:00+00:00,7,2,188.582709,0.0046,target
NVDA,2026-04-13,2026-04-13 19:22:00+00:00,6,2,188.782749,0.0046,target
NVDA,2026-04-13,2026-04-13 19:42:00+00:00,6,2,188.63772,0.0046,target
NVDA,2026-04-13,2026-04-13 20:03:00+00:00,6,2,189.117816,-0.0029000000000000002,stop
NVDA,2026-04-13,2026-04-13 20:23:00+00:00,6,2,189.29895222,-0.0029000000000000002,stop
NVDA,2026-04-13,2026-04-13 20:43:00+00:00,6,2,189.23783999999998,-0.0029000000000000002,stop
NVDA,2026-04-13,2026-04-13 21:26:00+00:00,6,2,189.0378,0.0046,target
NVDA,2026-04-13,2026-04-13 22:01:00+00:00,7,2,189.02779800000002,0.0046,target
NVDA,2026-04-13,2026-04-13 22:23:00+00:00,6,2,189.17782799999998,0.0046,target
NVDA,2026-04-13,2026-04-13 22:45:00+00:00,6,2,189.157824,0.0046,target
NVDA,2026-04-13,2026-04-13 23:08:00+00:00,6,2,189.33786,0.0046,target
NVDA,2026-04-14,2026-04-14 09:25:00+00:00,7,2,189.98799,0.0046,target
NVDA,2026-04-14,2026-04-14 10:13:00+00:00,6,2,189.83796,0.0046,target
NVDA,2026-04-14,2026-04-14 11:09:00+00:00,7,2,190.123017,0.0046,target
NVDA,2026-04-14,2026-04-14 11:29:00+00:00,6,2,190.578108,0.0046,target
NVDA,2026-04-14,2026-04-14 11:54:00+00:00,6,2,190.568106,0.0046,target
NVDA,2026-04-14,2026-04-14 12:14:00+00:00,6,2,190.61811600000001,0.0046,target
NVDA,2026-04-14,2026-04-14 12:37:00+00:00,6,2,190.568106,0.0046,target
NVDA,2026-04-14,2026-04-14 12:57:00+00:00,7,2,190.45808399999999,0.0046,target
NVDA,2026-04-14,2026-04-14 13:28:00+00:00,7,2,190.678128,0.0046,target
NVDA,2026-04-14,2026-04-14 13:49:00+00:00,6,2,192.57840797999998,-0.0029000000000000002,stop
NVDA,2026-04-14,2026-04-14 14:15:00+00:00,7,2,192.45858402,0.0046,target
NVDA,2026-04-14,2026-04-14 14:41:00+00:00,6,2,193.02859800000002,0.0046,target
NVDA,2026-04-14,2026-04-14 15:05:00+00:00,6,2,193.033599,0.0046,target
NVDA,2026-04-14,2026-04-14 15:26:00+00:00,6,2,193.563705,0.0046,target
NVDA,2026-04-14,2026-04-14 15:46:00+00:00,6,2,193.93878,0.0046,target
NVDA,2026-04-14,2026-04-14 16:10:00+00:00,6,2,194.613915,0.0046,target
NVDA,2026-04-14,2026-04-14 16:31:00+00:00,6,2,194.908974,0.0046,target
NVDA,2026-04-14,2026-04-14 16:58:00+00:00,6,2,194.58891,0.0046,target
NVDA,2026-04-14,2026-04-14 17:19:00+00:00,6,2,194.73893999999999,0.0046,target
NVDA,2026-04-14,2026-04-14 17:43:00+00:00,6,2,194.848962,0.0046,target
NVDA,2026-04-14,2026-04-14 18:04:00+00:00,6,2,194.82395699999998,0.0046,target
NVDA,2026-04-14,2026-04-14 18:38:00+00:00,7,2,194.878968,0.0046,target
NVDA,2026-04-14,2026-04-14 19:01:00+00:00,7,2,195.023997,0.0046,target
NVDA,2026-04-14,2026-04-14 19:21:00+00:00,7,2,196.194231,0.0046,target
NVDA,2026-04-14,2026-04-14 19:44:00+00:00,6,2,196.04920199999998,-0.0029000000000000002,stop
NVDA,2026-04-14,2026-04-14 20:04:00+00:00,6,2,196.70933399999998,-0.0029000000000000002,stop
NVDA,2026-04-14,2026-04-14 20:24:00+00:00,6,2,196.54930199999998,0.0046,target
NVDA,2026-04-14,2026-04-14 20:46:00+00:00,6,2,196.479288,-0.0029000000000000002,stop
NVDA,2026-04-14,2026-04-14 21:23:00+00:00,6,2,196.009194,0.0046,target
NVDA,2026-04-14,2026-04-14 21:43:00+00:00,6,2,195.98918999999998,0.0046,target
NVDA,2026-04-14,2026-04-14 22:07:00+00:00,7,2,195.999192,0.0046,target
NVDA,2026-04-14,2026-04-14 23:10:00+00:00,6,2,196.0392,0.0046,target
NVDA,2026-04-15,2026-04-15 10:49:00+00:00,6,2,195.599112,0.0046,target
NVDA,2026-04-15,2026-04-15 11:09:00+00:00,7,2,196.20923399999998,-0.0029000000000000002,stop
NVDA,2026-04-15,2026-04-15 11:31:00+00:00,6,2,196.219236,-0.0029000000000000002,stop
NVDA,2026-04-15,2026-04-15 11:54:00+00:00,6,2,196.3282578,-0.0029000000000000002,stop
NVDA,2026-04-15,2026-04-15 13:26:00+00:00,7,2,196.0392,0.0046,target
NVDA,2026-04-15,2026-04-15 13:48:00+00:00,6,2,197.819556,0.0046,target
NVDA,2026-04-15,2026-04-15 14:08:00+00:00,7,2,198.58981002,0.0046,target
NVDA,2026-04-15,2026-04-15 14:28:00+00:00,7,2,199.50999402,0.0046,target
NVDA,2026-04-15,2026-04-15 14:50:00+00:00,6,2,199.414875,0.0046,target
NVDA,2026-04-15,2026-04-15 15:16:00+00:00,6,2,199.73994,0.0046,target
NVDA,2026-04-15,2026-04-15 15:42:00+00:00,7,2,199.874967,-0.0029000000000000002,stop
NVDA,2026-04-15,2026-04-15 16:04:00+00:00,6,2,199.599912,-0.0029000000000000002,stop
NVDA,2026-04-15,2026-04-15 16:24:00+00:00,7,2,199.729938,-0.0029000000000000002,stop
NVDA,2026-04-15,2026-04-15 19:44:00+00:00,6,2,198.324657,0.0046,target
NVDA,2026-04-15,2026-04-15 20:07:00+00:00,6,2,198.45968399999998,0.0046,target
NVDA,2026-04-15,2026-04-15 21:32:00+00:00,6,2,198.39487104,0.0046,target
NVDA,2026-04-15,2026-04-15 22:43:00+00:00,6,2,198.409674,0.0046,target
NVDA,2026-04-15,2026-04-15 23:05:00+00:00,7,2,198.529698,0.0046,target
NVDA,2026-04-16,2026-04-16 09:23:00+00:00,6,2,199.73994,0.0046,target
NVDA,2026-04-16,2026-04-16 09:50:00+00:00,6,2,199.699932,-0.0029000000000000002,stop
NVDA,2026-04-16,2026-04-16 14:11:00+00:00,7,2,197.5395,-0.0029000000000000002,stop
NVDA,2026-04-16,2026-04-16 14:34:00+00:00,6,2,197.619516,0.0046,target
NVDA,2026-04-16,2026-04-16 14:55:00+00:00,8,2,198.559704,0.0046,target
NVDA,2026-04-16,2026-04-16 15:15:00+00:00,7,2,199.369866,-0.0029000000000000002,stop
NVDA,2026-04-16,2026-04-16 15:35:00+00:00,6,2,199.26984599999997,-0.0029000000000000002,stop
NVDA,2026-04-16,2026-04-16 16:12:00+00:00,6,2,198.92977799999997,-0.0029000000000000002,stop
NVDA,2026-04-16,2026-04-16 16:39:00+00:00,6,2,198.574707,-0.0029000000000000002,stop
NVDA,2026-04-16,2026-04-16 17:24:00+00:00,6,2,198.229638,0.0046,target
NVDA,2026-04-16,2026-04-16 17:47:00+00:00,6,2,198.69973199999998,-0.0029000000000000002,stop
NVDA,2026-04-16,2026-04-16 18:50:00+00:00,6,2,198.23963999999998,0.0046,target
NVDA,2026-04-16,2026-04-16 19:16:00+00:00,6,2,198.294651,0.0046,target
NVDA,2026-04-16,2026-04-16 19:36:00+00:00,7,2,198.619716,-0.0029000000000000002,stop
NVDA,2026-04-16,2026-04-16 19:58:00+00:00,7,2,198.48468899999997,-0.0029000000000000002,stop
NVDA,2026-04-16,2026-04-16 22:46:00+00:00,6,2,198.01479504,0.0046,target
NVDA,2026-04-17,2026-04-17 09:25:00+00:00,6,2,198.469686,0.0046,target
NVDA,2026-04-17,2026-04-17 09:52:00+00:00,7,2,198.619716,0.0046,target
NVDA,2026-04-17,2026-04-17 10:19:00+00:00,8,2,198.81975599999998,0.0046,target
NVDA,2026-04-17,2026-04-17 11:01:00+00:00,6,2,198.83976,0.0046,target
NVDA,2026-04-17,2026-04-17 11:21:00+00:00,7,2,198.85256256,0.0046,target
NVDA,2026-04-17,2026-04-17 11:46:00+00:00,7,2,198.93978,0.0046,target
NVDA,2026-04-17,2026-04-17 12:06:00+00:00,7,2,198.97978799999999,0.0046,target
NVDA,2026-04-17,2026-04-17 12:26:00+00:00,7,2,199.199832,0.0046,target
NVDA,2026-04-17,2026-04-17 12:46:00+00:00,7,2,199.27984800000002,0.0046,target
NVDA,2026-04-17,2026-04-17 13:07:00+00:00,6,2,200.99018999999998,-0.0029000000000000002,stop
NVDA,2026-04-17,2026-04-17 13:45:00+00:00,6,2,200.51009399999998,0.0046,target
NVDA,2026-04-17,2026-04-17 14:05:00+00:00,6,2,201.315255,-0.0029000000000000002,stop
NVDA,2026-04-17,2026-04-17 14:45:00+00:00,6,2,200.68012799999997,-0.0029000000000000002,stop
NVDA,2026-04-17,2026-04-17 15:10:00+00:00,6,2,200.910174,-0.0029000000000000002,stop
NVDA,2026-04-17,2026-04-17 15:32:00+00:00,6,2,200.845161,-0.0029000000000000002,stop
NVDA,2026-04-17,2026-04-17 15:54:00+00:00,7,2,201.13201836,-0.0029000000000000002,stop
NVDA,2026-04-17,2026-04-17 16:15:00+00:00,7,2,200.94018,-0.0029000000000000002,stop
NVDA,2026-04-17,2026-04-17 16:58:00+00:00,6,2,200.74514100000002,-0.0029000000000000002,stop
NVDA,2026-04-17,2026-04-17 18:24:00+00:00,7,2,200.67022602,0.0046,target
NVDA,2026-04-17,2026-04-17 18:45:00+00:00,8,2,200.980188,0.0046,target
NVDA,2026-04-17,2026-04-17 19:19:00+00:00,8,2,201.37026600000002,0.0046,target
NVDA,2026-04-17,2026-04-17 19:39:00+00:00,6,2,201.360264,-0.0029000000000000002,stop
NVDA,2026-04-17,2026-04-17 20:03:00+00:00,6,2,201.67162626,-0.0029000000000000002,stop
NVDA,2026-04-17,2026-04-17 20:24:00+00:00,6,2,201.31415478,0.0046,target
NVDA,2026-04-17,2026-04-17 21:18:00+00:00,7,2,201.44028,0.0046,target
NVDA,2026-04-17,2026-04-17 21:56:00+00:00,7,2,201.29025,0.0046,target
NVDA,2026-04-17,2026-04-17 22:39:00+00:00,6,2,201.060204,0.0046,target
NVDA,2026-04-20,2026-04-20 09:23:00+00:00,7,2,199.33986000000002,0.0046,target
NVDA,2026-04-20,2026-04-20 09:45:00+00:00,7,2,199.33986000000002,0.0046,target
NVDA,2026-04-20,2026-04-20 10:11:00+00:00,6,2,199.44328068,0.0046,target
NVDA,2026-04-20,2026-04-20 10:34:00+00:00,6,2,199.349862,0.0046,target
NVDA,2026-04-20,2026-04-20 10:59:00+00:00,6,2,199.48988999999997,0.0046,target
NVDA,2026-04-20,2026-04-20 11:20:00+00:00,6,2,199.759944,0.0046,target
NVDA,2026-04-20,2026-04-20 11:41:00+00:00,6,2,199.81695539999998,0.0046,target
NVDA,2026-04-20,2026-04-20 12:11:00+00:00,6,2,199.809954,0.0046,target
NVDA,2026-04-20,2026-04-20 12:33:00+00:00,6,2,199.88666934,0.0046,target
NVDA,2026-04-20,2026-04-20 12:54:00+00:00,7,2,200.43007799999998,0.0046,target
NVDA,2026-04-20,2026-04-20 13:16:00+00:00,6,2,200.24004,-0.0029000000000000002,stop
NVDA,2026-04-20,2026-04-20 13:38:00+00:00,6,2,200.095011,-0.0029000000000000002,stop
NVDA,2026-04-20,2026-04-20 14:00:00+00:00,7,2,200.29005,-0.0029000000000000002,stop
NVDA,2026-04-20,2026-04-20 15:30:00+00:00,6,2,199.299852,-0.0029000000000000002,stop
NVDA,2026-04-20,2026-04-20 16:24:00+00:00,7,2,199.474887,0.0046,target
NVDA,2026-04-20,2026-04-20 16:45:00+00:00,6,2,199.464885,0.0046,target
NVDA,2026-04-20,2026-04-20 17:12:00+00:00,7,2,199.58490899999998,0.0046,target
NVDA,2026-04-20,2026-04-20 17:32:00+00:00,6,2,199.58991,0.0046,target
NVDA,2026-04-20,2026-04-20 17:52:00+00:00,6,2,200.10901379999999,0.0046,target
NVDA,2026-04-20,2026-04-20 18:14:00+00:00,6,2,200.295051,0.0046,target
NVDA,2026-04-20,2026-04-20 18:34:00+00:00,6,2,200.67512699999997,0.0046,target
NVDA,2026-04-20,2026-04-20 18:54:00+00:00,6,2,200.89006998,0.0046,target
NVDA,2026-04-20,2026-04-20 19:16:00+00:00,6,2,201.120216,0.0046,target
NVDA,2026-04-20,2026-04-20 19:36:00+00:00,9,2,201.320256,-0.0029000000000000002,stop
NVDA,2026-04-20,2026-04-20 19:57:00+00:00,6,2,201.96038399999998,-0.0029000000000000002,stop
NVDA,2026-04-20,2026-04-20 20:18:00+00:00,7,2,202.15042200000002,0.0046,target
NVDA,2026-04-20,2026-04-20 20:40:00+00:00,7,2,202.280448,-0.0029000000000000002,stop
NVDA,2026-04-20,2026-04-20 21:00:00+00:00,6,2,201.96038399999998,0.0046,target
NVDA,2026-04-20,2026-04-20 22:06:00+00:00,9,2,201.970386,0.0046,target
NVDA,2026-04-20,2026-04-20 22:35:00+00:00,6,2,201.84036,0.0046,target
NVDA,2026-04-20,2026-04-20 23:07:00+00:00,6,2,201.850362,0.0046,target
NVDA,2026-04-21,2026-04-21 09:50:00+00:00,6,2,201.930378,0.0046,target
NVDA,2026-04-21,2026-04-21 10:23:00+00:00,6,2,202.0404,0.0046,target
NVDA,2026-04-21,2026-04-21 10:44:00+00:00,7,2,202.220436,0.0046,target
NVDA,2026-04-21,2026-04-21 11:05:00+00:00,6,2,202.89057,-0.0029000000000000002,stop
NVDA,2026-04-21,2026-04-21 11:25:00+00:00,7,2,202.670526,0.0046,target
NVDA,2026-04-21,2026-04-21 11:45:00+00:00,6,2,202.80875364,0.0046,target
NVDA,2026-04-21,2026-04-21 12:07:00+00:00,6,2,202.92057599999998,0.0046,target
NVDA,2026-04-21,2026-04-21 12:30:00+00:00,6,2,202.89187026000002,-0.0029000000000000002,stop
NVDA,2026-04-21,2026-04-21 14:14:00+00:00,6,2,202.24043999999998,-0.0029000000000000002,stop
NVDA,2026-04-21,2026-04-21 18:39:00+00:00,6,2,200.26014401999998,0.0046,target
NVDA,2026-04-21,2026-04-21 19:13:00+00:00,6,2,200.74014,-0.0029000000000000002,stop
NVDA,2026-04-21,2026-04-21 19:33:00+00:00,7,2,201.150222,-0.0029000000000000002,stop
NVDA,2026-04-21,2026-04-21 20:17:00+00:00,6,2,200.94018,-0.0029000000000000002,stop
NVDA,2026-04-21,2026-04-21 23:23:00+00:00,6,2,200.54150027999998,0.0046,target
NVDA,2026-04-22,2026-04-22 11:01:00+00:00,8,2,201.19023,0.0046,target
NVDA,2026-04-22,2026-04-22 11:31:00+00:00,6,2,201.14452086,-0.0029000000000000002,stop
NVDA,2026-04-22,2026-04-22 12:08:00+00:00,6,2,201.345261,0.0046,target
NVDA,2026-04-22,2026-04-22 12:29:00+00:00,6,2,201.23023799999999,-0.0029000000000000002,stop
NVDA,2026-04-22,2026-04-22 14:26:00+00:00,6,2,200.41997597999998,0.0046,target
NVDA,2026-04-22,2026-04-22 14:46:00+00:00,8,2,201.27144624,0.0046,target
NVDA,2026-04-22,2026-04-22 15:11:00+00:00,6,2,201.495291,0.0046,target
NVDA,2026-04-22,2026-04-22 15:32:00+00:00,6,2,201.420276,0.0046,target
NVDA,2026-04-22,2026-04-22 16:00:00+00:00,6,2,201.265245,0.0046,target
NVDA,2026-04-22,2026-04-22 16:22:00+00:00,6,2,201.320256,0.0046,target
NVDA,2026-04-22,2026-04-22 16:54:00+00:00,6,2,201.29025,0.0046,target
NVDA,2026-04-22,2026-04-22 17:16:00+00:00,7,2,201.850362,0.0046,target
NVDA,2026-04-22,2026-04-22 17:36:00+00:00,6,2,201.87036600000002,0.0046,target
NVDA,2026-04-22,2026-04-22 17:56:00+00:00,8,2,202.345461,-0.0029000000000000002,stop
NVDA,2026-04-22,2026-04-22 18:44:00+00:00,6,2,201.94588109999998,-0.0029000000000000002,stop
NVDA,2026-04-22,2026-04-22 19:11:00+00:00,6,2,201.7393398,0.0046,target
NVDA,2026-04-22,2026-04-22 19:35:00+00:00,7,2,201.880368,0.0046,target
NVDA,2026-04-22,2026-04-22 19:55:00+00:00,7,2,202.20043199999998,0.0046,target
NVDA,2026-04-22,2026-04-22 20:28:00+00:00,6,2,202.230438,0.0046,target
NVDA,2026-04-22,2026-04-22 20:49:00+00:00,6,2,202.160424,0.0046,target
NVDA,2026-04-22,2026-04-22 21:09:00+00:00,8,2,202.44048,0.0046,target
NVDA,2026-04-22,2026-04-22 21:38:00+00:00,6,2,202.52049599999998,0.0046,target
NVDA,2026-04-22,2026-04-22 22:04:00+00:00,7,2,202.49049,0.0046,target
NVDA,2026-04-22,2026-04-22 23:27:00+00:00,6,2,202.30045199999998,0.0046,target
NVDA,2026-04-23,2026-04-23 10:31:00+00:00,7,2,201.0402,0.0046,target
NVDA,2026-04-23,2026-04-23 11:01:00+00:00,7,2,201.39027,0.0046,target
NVDA,2026-04-23,2026-04-23 11:26:00+00:00,8,2,201.44028,0.0046,target
NVDA,2026-04-23,2026-04-23 11:46:00+00:00,8,2,201.880368,0.0046,target
NVDA,2026-04-23,2026-04-23 12:12:00+00:00,8,2,202.720536,-0.0029000000000000002,stop
NVDA,2026-04-23,2026-04-23 12:32:00+00:00,6,2,202.485489,-0.0029000000000000002,stop
NVDA,2026-04-23,2026-04-23 13:28:00+00:00,7,2,202.330458,-0.0029000000000000002,stop
NVDA,2026-04-23,2026-04-23 13:50:00+00:00,7,2,203.8242567,-0.0029000000000000002,stop
NVDA,2026-04-23,2026-04-23 15:01:00+00:00,7,2,202.815555,-0.0029000000000000002,stop
NVDA,2026-04-23,2026-04-23 15:23:00+00:00,6,2,202.96058399999998,-0.0029000000000000002,stop
NVDA,2026-04-23,2026-04-23 18:36:00+00:00,6,2,199.599912,-0.0029000000000000002,stop
NVDA,2026-04-23,2026-04-23 22:18:00+00:00,6,2,199.3833687,0.0046,target
NVDA,2026-04-24,2026-04-24 10:30:00+00:00,6,2,199.89997200000002,0.0046,target
NVDA,2026-04-24,2026-04-24 11:01:00+00:00,8,2,199.919976,0.0046,target
NVDA,2026-04-24,2026-04-24 11:22:00+00:00,7,2,200.870166,0.0046,target
NVDA,2026-04-24,2026-04-24 11:42:00+00:00,6,2,201.420276,-0.0029000000000000002,stop
NVDA,2026-04-24,2026-04-24 12:14:00+00:00,8,2,201.17022599999999,-0.0029000000000000002,stop
NVDA,2026-04-24,2026-04-24 13:37:00+00:00,7,2,201.970386,0.0046,target
NVDA,2026-04-24,2026-04-24 13:59:00+00:00,6,2,202.120416,0.0046,target
NVDA,2026-04-24,2026-04-24 14:20:00+00:00,6,2,202.650522,0.0046,target
NVDA,2026-04-24,2026-04-24 14:40:00+00:00,7,2,204.79095,0.0046,target
NVDA,2026-04-24,2026-04-24 15:02:00+00:00,6,2,208.806753,-0.0029000000000000002,stop
NVDA,2026-04-24,2026-04-24 15:23:00+00:00,6,2,208.40167200000002,-0.0029000000000000002,stop
NVDA,2026-04-24,2026-04-24 15:44:00+00:00,6,2,209.131818,-0.0029000000000000002,stop
NVDA,2026-04-24,2026-04-24 16:06:00+00:00,6,2,209.33185799999998,-0.0029000000000000002,stop
NVDA,2026-04-24,2026-04-24 16:26:00+00:00,6,2,209.821956,0.0046,target
NVDA,2026-04-24,2026-04-24 16:47:00+00:00,6,2,210.52209599999998,-0.0029000000000000002,stop
NVDA,2026-04-24,2026-04-24 17:18:00+00:00,6,2,209.706933,-0.0029000000000000002,stop
NVDA,2026-04-24,2026-04-24 18:08:00+00:00,6,2,209.23183799999998,-0.0029000000000000002,stop
NVDA,2026-04-24,2026-04-24 18:32:00+00:00,6,2,208.411674,-0.0029000000000000002,stop
NVDA,2026-04-24,2026-04-24 19:05:00+00:00,6,2,208.236639,0.0046,target
NVDA,2026-04-24,2026-04-24 19:34:00+00:00,6,2,208.511694,-0.0029000000000000002,stop
NVDA,2026-04-24,2026-04-24 19:54:00+00:00,6,2,207.99158999999997,0.0046,target
NVDA,2026-04-24,2026-04-24 20:22:00+00:00,6,2,208.13631894,0.0046,target
NVDA,2026-04-24,2026-04-24 20:45:00+00:00,6,2,208.09161,0.0046,target
NVDA,2026-04-24,2026-04-24 21:40:00+00:00,6,2,207.851562,0.0046,target
NVDA,2026-04-24,2026-04-24 22:05:00+00:00,6,2,207.981588,0.0046,target
NVDA,2026-04-24,2026-04-24 22:43:00+00:00,7,2,207.906573,0.0046,target
NVDA,2026-04-24,2026-04-24 23:08:00+00:00,7,2,208.03289826,0.0046,target
NVDA,2026-04-27,2026-04-27 09:29:00+00:00,6,2,209.071806,0.0046,target
NVDA,2026-04-27,2026-04-27 09:58:00+00:00,8,2,209.881968,0.0046,target
NVDA,2026-04-27,2026-04-27 10:24:00+00:00,7,2,210.422076,0.0046,target
NVDA,2026-04-27,2026-04-27 10:45:00+00:00,7,2,210.552102,0.0046,target
NVDA,2026-04-27,2026-04-27 11:05:00+00:00,6,2,210.3660648,0.0046,target
NVDA,2026-04-27,2026-04-27 11:29:00+00:00,7,2,211.732338,-0.0029000000000000002,stop
NVDA,2026-04-27,2026-04-27 11:52:00+00:00,6,2,211.64362026,-0.0029000000000000002,stop
NVDA,2026-04-27,2026-04-27 12:12:00+00:00,7,2,211.52719698,-0.0029000000000000002,stop
NVDA,2026-04-27,2026-04-27 13:36:00+00:00,6,2,211.257243,-0.0029000000000000002,stop
NVDA,2026-04-27,2026-04-27 14:04:00+00:00,6,2,210.277047,-0.0029000000000000002,stop
NVDA,2026-04-27,2026-04-27 15:31:00+00:00,8,2,210.11031366,0.0046,target
NVDA,2026-04-27,2026-04-27 15:52:00+00:00,7,2,210.882168,0.0046,target
NVDA,2026-04-27,2026-04-27 16:15:00+00:00,6,2,211.102212,0.0046,target
NVDA,2026-04-27,2026-04-27 16:38:00+00:00,7,2,213.17762699999997,-0.0029000000000000002,stop
NVDA,2026-04-27,2026-04-27 17:00:00+00:00,6,2,212.79255,0.0046,target
NVDA,2026-04-27,2026-04-27 17:23:00+00:00,6,2,213.69273,0.0046,target
NVDA,2026-04-27,2026-04-27 17:45:00+00:00,6,2,214.362864,0.0046,target
NVDA,2026-04-27,2026-04-27 18:07:00+00:00,8,2,215.68312799999998,-0.0029000000000000002,stop
NVDA,2026-04-27,2026-04-27 18:27:00+00:00,7,2,216.053202,-0.0029000000000000002,stop
NVDA,2026-04-27,2026-04-27 19:08:00+00:00,6,2,215.663124,0.0046,target
NVDA,2026-04-27,2026-04-27 19:29:00+00:00,7,2,215.76814499999998,0.0046,target
NVDA,2026-04-27,2026-04-27 19:52:00+00:00,8,2,216.62331600000002,0.0046,target
NVDA,2026-04-27,2026-04-27 20:13:00+00:00,7,2,217.0624038,0.0046,target
NVDA,2026-04-27,2026-04-27 20:34:00+00:00,6,2,217.44348,0.0046,target
NVDA,2026-04-27,2026-04-27 21:01:00+00:00,6,2,217.263444,0.0046,target
NVDA,2026-04-27,2026-04-27 21:22:00+00:00,7,2,217.49359002,0.0046,target
NVDA,2026-04-27,2026-04-27 21:42:00+00:00,6,2,217.313454,0.0046,target
NVDA,2026-04-27,2026-04-27 22:05:00+00:00,6,2,217.353462,0.0046,target
NVDA,2026-04-27,2026-04-27 22:29:00+00:00,6,2,217.94358,0.0046,target
NVDA,2026-04-27,2026-04-27 22:54:00+00:00,6,2,217.92257579999998,0.0046,target
NVDA,2026-04-27,2026-04-27 23:14:00+00:00,7,2,218.403672,0.0046,target
NVDA,2026-04-28,2026-04-28 13:39:00+00:00,7,2,211.127217,0.0046,target
NVDA,2026-04-28,2026-04-28 13:59:00+00:00,6,2,211.917375,0.0046,target
NVDA,2026-04-28,2026-04-28 14:21:00+00:00,6,2,212.79255,-0.0029000000000000002,stop
NVDA,2026-04-28,2026-04-28 16:49:00+00:00,6,2,210.262044,0.0046,target
NVDA,2026-04-28,2026-04-28 17:31:00+00:00,8,2,211.07730702,0.0046,target
NVDA,2026-04-28,2026-04-28 17:51:00+00:00,6,2,211.257243,0.0046,target
NVDA,2026-04-28,2026-04-28 18:12:00+00:00,6,2,212.02419636,0.0046,target
NVDA,2026-04-28,2026-04-28 18:34:00+00:00,6,2,212.64252,0.0046,target
NVDA,2026-04-28,2026-04-28 18:55:00+00:00,6,2,213.882768,0.0046,target
NVDA,2026-04-28,2026-04-28 19:15:00+00:00,6,2,214.212834,-0.0029000000000000002,stop
NVDA,2026-04-28,2026-04-28 19:37:00+00:00,6,2,214.05280199999999,-0.0029000000000000002,stop
NVDA,2026-04-28,2026-04-28 20:35:00+00:00,7,2,213.002592,-0.0029000000000000002,stop
NVDA,2026-04-28,2026-04-28 21:23:00+00:00,6,2,212.602512,0.0046,target
NVDA,2026-04-28,2026-04-28 21:59:00+00:00,6,2,212.44248,0.0046,target
NVDA,2026-04-28,2026-04-28 22:45:00+00:00,6,2,212.322456,0.0046,target
NVDA,2026-04-28,2026-04-28 23:18:00+00:00,6,2,212.34246000000002,0.0046,target
NVDA,2026-04-29,2026-04-29 09:34:00+00:00,7,2,213.402672,-0.0029000000000000002,stop
NVDA,2026-04-29,2026-04-29 10:14:00+00:00,7,2,213.302652,0.0046,target
NVDA,2026-04-29,2026-04-29 10:36:00+00:00,6,2,214.282848,-0.0029000000000000002,stop
NVDA,2026-04-29,2026-04-29 11:01:00+00:00,6,2,213.88756895999998,0.0046,target
NVDA,2026-04-29,2026-04-29 11:27:00+00:00,6,2,214.162824,-0.0029000000000000002,stop
NVDA,2026-04-29,2026-04-29 13:17:00+00:00,6,2,213.59271,-0.0029000000000000002,stop
NVDA,2026-04-29,2026-04-29 14:37:00+00:00,6,2,211.512294,-0.0029000000000000002,stop
NVDA,2026-04-29,2026-04-29 15:39:00+00:00,6,2,211.14221999999998,-0.0029000000000000002,stop
NVDA,2026-04-29,2026-04-29 19:11:00+00:00,6,2,209.01179399999998,0.0046,target
NVDA,2026-04-29,2026-04-29 22:15:00+00:00,6,2,210.102012,0.0046,target
NVDA,2026-04-29,2026-04-29 22:35:00+00:00,6,2,211.19162988000002,-0.0029000000000000002,stop
NVDA,2026-04-29,2026-04-29 23:01:00+00:00,6,2,210.852162,0.0046,target
NVDA,2026-04-30,2026-04-30 09:30:00+00:00,7,2,210.632118,0.0046,target
NVDA,2026-04-30,2026-04-30 10:08:00+00:00,7,2,210.44208,0.0046,target
NVDA,2026-04-30,2026-04-30 10:33:00+00:00,6,2,210.89217,-0.0029000000000000002,stop
NVDA,2026-04-30,2026-04-30 11:05:00+00:00,6,2,210.602112,0.0046,target
NVDA,2026-04-30,2026-04-30 11:26:00+00:00,7,2,211.02219599999998,0.0046,target
NVDA,2026-04-30,2026-04-30 11:47:00+00:00,6,2,210.70623282,0.0046,target
NVDA,2026-04-30,2026-04-30 12:16:00+00:00,7,2,210.832158,0.0046,target
NVDA,2026-04-30,2026-04-30 12:43:00+00:00,6,2,210.74213999999998,0.0046,target
NVDA,2026-04-30,2026-04-30 13:07:00+00:00,7,2,210.94218,-0.0029000000000000002,stop
NVDA,2026-04-30,2026-04-30 17:11:00+00:00,6,2,201.000192,-0.0029000000000000002,stop
NVDA,2026-04-30,2026-04-30 18:04:00+00:00,6,2,201.65032200000002,-0.0029000000000000002,stop
NVDA,2026-04-30,2026-04-30 18:34:00+00:00,6,2,201.15032201999998,0.0046,target
NVDA,2026-04-30,2026-04-30 22:13:00+00:00,6,2,200.61011399999998,0.0046,target
NVDA,2026-05-01,2026-05-01 09:57:00+00:00,6,2,200.180028,0.0046,target
NVDA,2026-05-01,2026-05-01 11:02:00+00:00,6,2,200.49008999999998,0.0046,target
NVDA,2026-05-01,2026-05-01 11:31:00+00:00,7,2,200.44008,0.0046,target
NVDA,2026-05-01,2026-05-01 11:51:00+00:00,7,2,201.25024200000001,0.0046,target
NVDA,2026-05-01,2026-05-01 12:13:00+00:00,7,2,201.300252,0.0046,target
NVDA,2026-05-01,2026-05-01 12:35:00+00:00,6,2,201.19023,-0.0029000000000000002,stop
NVDA,2026-05-01,2026-05-01 13:30:00+00:00,6,2,201.320256,-0.0029000000000000002,stop
NVDA,2026-05-01,2026-05-01 17:15:00+00:00,6,2,199.869966,0.0046,target
NVDA,2026-05-01,2026-05-01 17:40:00+00:00,8,2,200.130018,-0.0029000000000000002,stop
NVDA,2026-05-01,2026-05-01 19:20:00+00:00,6,2,199.43988,0.0046,target
NVDA,2026-05-01,2026-05-01 19:41:00+00:00,7,2,199.879968,-0.0029000000000000002,stop
NVDA,2026-05-01,2026-05-01 23:26:00+00:00,6,2,198.27224651999998,0.0046,target
NVDA,2026-05-04,2026-05-04 11:38:00+00:00,6,2,198.309654,0.0046,target
NVDA,2026-05-04,2026-05-04 12:08:00+00:00,7,2,198.779748,0.0046,target
NVDA,2026-05-04,2026-05-04 12:28:00+00:00,7,2,199.129818,0.0046,target
NVDA,2026-05-04,2026-05-04 12:49:00+00:00,8,2,199.164825,0.0046,target
NVDA,2026-05-04,2026-05-04 13:10:00+00:00,8,2,199.249842,-0.0029000000000000002,stop
NVDA,2026-05-04,2026-05-04 13:30:00+00:00,6,2,199.5399,-0.0029000000000000002,stop
NVDA,2026-05-04,2026-05-04 16:34:00+00:00,6,2,196.519296,0.0046,target
NVDA,2026-05-04,2026-05-04 17:01:00+00:00,6,2,196.96938600000001,0.0046,target
NVDA,2026-05-04,2026-05-04 17:50:00+00:00,6,2,197.749542,0.0046,target
NVDA,2026-05-04,2026-05-04 18:16:00+00:00,6,2,198.624717,-0.0029000000000000002,stop
NVDA,2026-05-04,2026-05-04 19:00:00+00:00,6,2,198.269646,-0.0029000000000000002,stop
NVDA,2026-05-04,2026-05-04 19:20:00+00:00,6,2,198.229638,0.0046,target
NVDA,2026-05-04,2026-05-04 19:41:00+00:00,6,2,198.70973399999997,-0.0029000000000000002,stop
NVDA,2026-05-04,2026-05-04 20:14:00+00:00,6,2,198.029598,0.0046,target
NVDA,2026-05-04,2026-05-04 21:09:00+00:00,6,2,197.999592,0.0046,target
NVDA,2026-05-04,2026-05-04 21:29:00+00:00,7,2,198.069606,0.0046,target
NVDA,2026-05-04,2026-05-04 22:01:00+00:00,8,2,198.259644,0.0046,target
NVDA,2026-05-04,2026-05-04 22:24:00+00:00,6,2,197.899572,0.0046,target
NVDA,2026-05-05,2026-05-05 09:31:00+00:00,6,2,198.849762,0.0046,target
NVDA,2026-05-05,2026-05-05 10:01:00+00:00,6,2,198.879768,0.0046,target
NVDA,2026-05-05,2026-05-05 10:21:00+00:00,6,2,199.199832,0.0046,target
NVDA,2026-05-05,2026-05-05 10:49:00+00:00,7,2,198.909774,0.0046,target
NVDA,2026-05-05,2026-05-05 12:11:00+00:00,6,2,198.79975199999998,0.0046,target
NVDA,2026-05-05,2026-05-05 12:32:00+00:00,6,2,199.159824,0.0046,target
NVDA,2026-05-05,2026-05-05 12:53:00+00:00,6,2,199.28985,0.0046,target
NVDA,2026-05-05,2026-05-05 13:18:00+00:00,6,2,199.83996000000002,-0.0029000000000000002,stop
NVDA,2026-05-05,2026-05-05 13:44:00+00:00,7,2,199.629918,-0.0029000000000000002,stop
NVDA,2026-05-05,2026-05-05 16:21:00+00:00,6,2,198.16972601999998,-0.0029000000000000002,stop
NVDA,2026-05-05,2026-05-05 20:43:00+00:00,6,2,196.96938600000001,0.0046,target
NVDA,2026-05-05,2026-05-05 21:07:00+00:00,6,2,197.009394,0.0046,target
NVDA,2026-05-06,2026-05-06 09:22:00+00:00,8,2,199.33845972,0.0046,target
NVDA,2026-05-06,2026-05-06 09:44:00+00:00,6,2,199.98998999999998,-0.0029000000000000002,stop
NVDA,2026-05-06,2026-05-06 10:05:00+00:00,6,2,199.859964,0.0046,target
NVDA,2026-05-06,2026-05-06 10:25:00+00:00,6,2,200.350062,0.0046,target
NVDA,2026-05-06,2026-05-06 10:45:00+00:00,7,2,201.430278,-0.0029000000000000002,stop
NVDA,2026-05-06,2026-05-06 11:10:00+00:00,6,2,201.260244,0.0046,target
NVDA,2026-05-06,2026-05-06 11:34:00+00:00,6,2,201.24023999999997,0.0046,target
NVDA,2026-05-06,2026-05-06 12:01:00+00:00,6,2,201.29025,-0.0029000000000000002,stop
NVDA,2026-05-06,2026-05-06 12:30:00+00:00,7,2,200.49008999999998,0.0046,target
NVDA,2026-05-06,2026-05-06 13:36:00+00:00,6,2,200.650122,-0.0029000000000000002,stop
NVDA,2026-05-06,2026-05-06 13:56:00+00:00,7,2,204.320856,-0.0029000000000000002,stop
NVDA,2026-05-06,2026-05-06 14:35:00+00:00,6,2,205.035999,-0.0029000000000000002,stop
NVDA,2026-05-06,2026-05-06 14:56:00+00:00,6,2,205.33105799999998,-0.0029000000000000002,stop
NVDA,2026-05-06,2026-05-06 15:28:00+00:00,6,2,206.771346,-0.0029000000000000002,stop
NVDA,2026-05-06,2026-05-06 15:51:00+00:00,6,2,205.01749529999998,0.0046,target
NVDA,2026-05-06,2026-05-06 16:14:00+00:00,6,2,205.716135,-0.0029000000000000002,stop
NVDA,2026-05-06,2026-05-06 16:59:00+00:00,6,2,204.39076998,0.0046,target
NVDA,2026-05-06,2026-05-06 17:19:00+00:00,7,2,205.000992,0.0046,target
NVDA,2026-05-06,2026-05-06 17:41:00+00:00,8,2,205.68112799999997,0.0046,target
NVDA,2026-05-06,2026-05-06 18:05:00+00:00,6,2,205.781148,0.0046,target
NVDA,2026-05-06,2026-05-06 18:25:00+00:00,6,2,206.85126198,0.0046,target
NVDA,2026-05-06,2026-05-06 18:46:00+00:00,6,2,207.89157,-0.0029000000000000002,stop
NVDA,2026-05-06,2026-05-06 19:07:00+00:00,6,2,207.51669504,-0.0029000000000000002,stop
NVDA,2026-05-06,2026-05-06 19:30:00+00:00,7,2,207.661524,-0.0029000000000000002,stop
NVDA,2026-05-06,2026-05-06 19:53:00+00:00,6,2,206.951382,0.0046,target
NVDA,2026-05-06,2026-05-06 20:14:00+00:00,7,2,207.69153,0.0046,target
NVDA,2026-05-06,2026-05-06 20:34:00+00:00,6,2,207.501492,0.0046,target
NVDA,2026-05-06,2026-05-06 21:18:00+00:00,6,2,207.39147,-0.0029000000000000002,stop
NVDA,2026-05-06,2026-05-06 21:47:00+00:00,6,2,205.821156,0.0046,target
NVDA,2026-05-06,2026-05-06 22:08:00+00:00,6,2,206.721336,-0.0029000000000000002,stop
NVDA,2026-05-06,2026-05-06 22:32:00+00:00,6,2,206.0412,0.0046,target
NVDA,2026-05-06,2026-05-06 23:00:00+00:00,7,2,206.39127,0.0046,target
NVDA,2026-05-06,2026-05-06 23:20:00+00:00,8,2,207.221436,0.0046,target
NVDA,2026-05-07,2026-05-07 09:53:00+00:00,7,2,208.94178,-0.0029000000000000002,stop
NVDA,2026-05-07,2026-05-07 10:42:00+00:00,7,2,209.131818,-0.0029000000000000002,stop
NVDA,2026-05-07,2026-05-07 11:03:00+00:00,7,2,209.1233163,-0.0029000000000000002,stop
NVDA,2026-05-07,2026-05-07 12:50:00+00:00,7,2,208.19163,0.0046,target
NVDA,2026-05-07,2026-05-07 13:10:00+00:00,6,2,208.70913348,-0.0029000000000000002,stop
NVDA,2026-05-07,2026-05-07 13:53:00+00:00,7,2,209.24184,0.0046,target
NVDA,2026-05-07,2026-05-07 14:15:00+00:00,6,2,212.732538,-0.0029000000000000002,stop
NVDA,2026-05-07,2026-05-07 14:36:00+00:00,6,2,212.95258199999998,0.0046,target
NVDA,2026-05-07,2026-05-07 15:06:00+00:00,6,2,211.86236399999999,-0.0029000000000000002,stop
NVDA,2026-05-07,2026-05-07 15:31:00+00:00,6,2,212.28854922000002,0.0046,target
NVDA,2026-05-07,2026-05-07 15:52:00+00:00,6,2,213.17262599999998,-0.0029000000000000002,stop
NVDA,2026-05-07,2026-05-07 16:18:00+00:00,6,2,211.897371,-0.0029000000000000002,stop
NVDA,2026-05-07,2026-05-07 16:38:00+00:00,6,2,213.277647,-0.0029000000000000002,stop
NVDA,2026-05-07,2026-05-07 17:12:00+00:00,6,2,211.99238999999997,-0.0029000000000000002,stop
NVDA,2026-05-07,2026-05-07 17:44:00+00:00,6,2,212.56250400000002,-0.0029000000000000002,stop
NVDA,2026-05-07,2026-05-07 18:06:00+00:00,6,2,212.872566,-0.0029000000000000002,stop
NVDA,2026-05-07,2026-05-07 18:31:00+00:00,8,2,213.267645,-0.0029000000000000002,stop
NVDA,2026-05-07,2026-05-07 19:20:00+00:00,6,2,212.32745699999998,-0.0029000000000000002,stop
NVDA,2026-05-07,2026-05-07 19:55:00+00:00,6,2,211.99238999999997,-0.0029000000000000002,stop
NVDA,2026-05-07,2026-05-07 20:23:00+00:00,6,2,211.77124578000002,0.0046,target
NVDA,2026-05-07,2026-05-07 20:44:00+00:00,6,2,212.072406,0.0046,target
NVDA,2026-05-07,2026-05-07 21:13:00+00:00,6,2,211.92237599999999,-0.0029000000000000002,stop
NVDA,2026-05-08,2026-05-08 09:26:00+00:00,6,2,214.062804,-0.0029000000000000002,stop
NVDA,2026-05-08,2026-05-08 09:56:00+00:00,6,2,213.45268199999998,0.0046,target
NVDA,2026-05-08,2026-05-08 10:23:00+00:00,7,2,213.84276,0.0046,target
NVDA,2026-05-08,2026-05-08 11:10:00+00:00,6,2,213.64272,0.0046,target
NVDA,2026-05-08,2026-05-08 11:54:00+00:00,6,2,213.56850516,-0.0029000000000000002,stop
NVDA,2026-05-08,2026-05-08 12:37:00+00:00,7,2,213.6412197,0.0046,target
NVDA,2026-05-08,2026-05-08 13:26:00+00:00,6,2,213.812754,-0.0029000000000000002,stop
NVDA,2026-05-08,2026-05-08 13:48:00+00:00,7,2,217.323456,-0.0029000000000000002,stop
NVDA,2026-05-08,2026-05-08 14:25:00+00:00,6,2,215.883168,-0.0029000000000000002,stop
NVDA,2026-05-08,2026-05-08 14:56:00+00:00,6,2,215.80315199999998,0.0046,target
NVDA,2026-05-08,2026-05-08 15:16:00+00:00,6,2,216.14321999999999,-0.0029000000000000002,stop
NVDA,2026-05-08,2026-05-08 15:36:00+00:00,7,2,217.013394,-0.0029000000000000002,stop
NVDA,2026-05-08,2026-05-08 17:22:00+00:00,7,2,216.04820099999998,-0.0029000000000000002,stop
NVDA,2026-05-08,2026-05-08 19:13:00+00:00,6,2,215.70313199999998,-0.0029000000000000002,stop
NVDA,2026-05-11,2026-05-11 11:07:00+00:00,6,2,214.09291001999998,0.0046,target
NVDA,2026-05-11,2026-05-11 11:29:00+00:00,6,2,214.17192581999998,0.0046,target
NVDA,2026-05-11,2026-05-11 11:52:00+00:00,6,2,214.15282200000001,-0.0029000000000000002,stop
NVDA,2026-05-11,2026-05-11 12:37:00+00:00,6,2,214.09371018000002,-0.0029000000000000002,stop
NVDA,2026-05-11,2026-05-11 13:31:00+00:00,7,2,215.133018,0.0046,target
NVDA,2026-05-11,2026-05-11 13:51:00+00:00,6,2,220.30405199999998,-0.0029000000000000002,stop
NVDA,2026-05-11,2026-05-11 14:20:00+00:00,6,2,219.18842891999998,-0.0029000000000000002,stop
NVDA,2026-05-11,2026-05-11 14:40:00+00:00,6,2,218.763744,0.0046,target
NVDA,2026-05-11,2026-05-11 15:02:00+00:00,6,2,221.239239,-0.0029000000000000002,stop
NVDA,2026-05-11,2026-05-11 15:29:00+00:00,6,2,221.424276,0.0046,target
NVDA,2026-05-11,2026-05-11 15:55:00+00:00,8,2,221.98448802,0.0046,target
NVDA,2026-05-11,2026-05-11 16:17:00+00:00,6,2,221.94438,-0.0029000000000000002,stop
NVDA,2026-05-11,2026-05-11 16:46:00+00:00,6,2,221.039199,-0.0029000000000000002,stop
NVDA,2026-05-11,2026-05-11 17:16:00+00:00,6,2,220.224036,0.0046,target
NVDA,2026-05-11,2026-05-11 17:37:00+00:00,6,2,221.01339384,-0.0029000000000000002,stop
NVDA,2026-05-11,2026-05-11 17:57:00+00:00,6,2,220.679127,0.0046,target
NVDA,2026-05-11,2026-05-11 18:20:00+00:00,6,2,220.87426602,0.0046,target
NVDA,2026-05-11,2026-05-11 18:42:00+00:00,6,2,221.259243,-0.0029000000000000002,stop
NVDA,2026-05-11,2026-05-11 19:02:00+00:00,7,2,220.39407,-0.0029000000000000002,stop
NVDA,2026-05-11,2026-05-11 22:15:00+00:00,6,2,219.59391,0.0046,target
NVDA,2026-05-11,2026-05-11 22:38:00+00:00,7,2,219.823956,0.0046,target
NVDA,2026-05-11,2026-05-11 22:58:00+00:00,6,2,219.69393,0.0046,target
NVDA,2026-05-11,2026-05-11 23:22:00+00:00,6,2,219.94398,0.0046,target
NVDA,2026-05-12,2026-05-12 09:25:00+00:00,6,2,217.653522,0.0046,target
NVDA,2026-05-12,2026-05-12 09:46:00+00:00,6,2,218.103612,0.0046,target
NVDA,2026-05-12,2026-05-12 10:09:00+00:00,6,2,217.913574,0.0046,target
NVDA,2026-05-12,2026-05-12 10:37:00+00:00,6,2,218.033598,-0.0029000000000000002,stop
NVDA,2026-05-12,2026-05-12 11:01:00+00:00,6,2,217.77834696,0.0046,target
NVDA,2026-05-12,2026-05-12 11:43:00+00:00,7,2,217.71353399999998,0.0046,target
NVDA,2026-05-12,2026-05-12 12:03:00+00:00,7,2,217.83355799999998,-0.0029000000000000002,stop
NVDA,2026-05-12,2026-05-12 12:25:00+00:00,6,2,217.69353,-0.0029000000000000002,stop
NVDA,2026-05-12,2026-05-12 12:46:00+00:00,6,2,219.02379599999998,-0.0029000000000000002,stop
NVDA,2026-05-12,2026-05-12 13:06:00+00:00,6,2,218.79655056000001,-0.0029000000000000002,stop
NVDA,2026-05-12,2026-05-12 13:28:00+00:00,6,2,218.433678,-0.0029000000000000002,stop
NVDA,2026-05-12,2026-05-12 13:48:00+00:00,6,2,222.57450599999999,-0.0029000000000000002,stop
NVDA,2026-05-12,2026-05-12 16:14:00+00:00,6,2,218.163624,-0.0029000000000000002,stop
NVDA,2026-05-12,2026-05-12 17:34:00+00:00,6,2,218.423676,0.0046,target
NVDA,2026-05-12,2026-05-12 18:31:00+00:00,8,2,219.39387,0.0046,target
NVDA,2026-05-12,2026-05-12 18:52:00+00:00,6,2,219.553902,0.0046,target
NVDA,2026-05-12,2026-05-12 19:12:00+00:00,6,2,220.409073,0.0046,target
NVDA,2026-05-12,2026-05-12 19:33:00+00:00,6,2,221.264244,-0.0029000000000000002,stop
NVDA,2026-05-12,2026-05-12 19:57:00+00:00,7,2,220.39407,0.0046,target
NVDA,2026-05-12,2026-05-12 20:52:00+00:00,6,2,220.36796478,0.0046,target
NVDA,2026-05-12,2026-05-12 21:15:00+00:00,7,2,220.20403199999998,0.0046,target
NVDA,2026-05-12,2026-05-12 21:49:00+00:00,6,2,220.14401999999998,0.0046,target
NVDA,2026-05-12,2026-05-12 22:17:00+00:00,6,2,220.114014,0.0046,target
NVDA,2026-05-12,2026-05-12 22:51:00+00:00,6,2,220.08400799999998,0.0046,target
NVDA,2026-05-13,2026-05-13 09:21:00+00:00,6,2,225.77274552,0.0046,target
NVDA,2026-05-13,2026-05-13 09:43:00+00:00,6,2,226.29524999999998,0.0046,target
NVDA,2026-05-13,2026-05-13 10:04:00+00:00,6,2,226.165224,0.0046,target
NVDA,2026-05-13,2026-05-13 10:30:00+00:00,7,2,226.425276,0.0046,target
NVDA,2026-05-13,2026-05-13 10:51:00+00:00,6,2,226.12021499999997,-0.0029000000000000002,stop
NVDA,2026-05-13,2026-05-13 11:34:00+00:00,6,2,225.705132,0.0046,target
NVDA,2026-05-13,2026-05-13 11:55:00+00:00,7,2,225.67512599999998,-0.0029000000000000002,stop
NVDA,2026-05-13,2026-05-13 13:31:00+00:00,6,2,225.34516001999998,-0.0029000000000000002,stop
NVDA,2026-05-13,2026-05-13 14:27:00+00:00,7,2,224.90497200000001,-0.0029000000000000002,stop
NVDA,2026-05-13,2026-05-13 14:48:00+00:00,6,2,224.99498999999997,0.0046,target
NVDA,2026-05-13,2026-05-13 15:08:00+00:00,6,2,227.0884086,-0.0029000000000000002,stop
NVDA,2026-05-13,2026-05-13 15:33:00+00:00,6,2,226.05520199999998,0.0046,target
NVDA,2026-05-13,2026-05-13 15:53:00+00:00,7,2,226.89526998,0.0046,target
NVDA,2026-05-13,2026-05-13 16:13:00+00:00,9,2,227.425476,0.0046,target
NVDA,2026-05-13,2026-05-13 16:38:00+00:00,6,2,227.59551000000002,-0.0029000000000000002,stop
NVDA,2026-05-13,2026-05-13 17:20:00+00:00,6,2,227.24543999999997,-0.0029000000000000002,stop
NVDA,2026-05-13,2026-05-13 18:02:00+00:00,6,2,225.97608618,0.0046,target
NVDA,2026-05-13,2026-05-13 18:24:00+00:00,9,2,227.425476,-0.0029000000000000002,stop
NVDA,2026-05-13,2026-05-13 18:49:00+00:00,6,2,226.91537399999999,-0.0029000000000000002,stop
NVDA,2026-05-13,2026-05-13 19:17:00+00:00,6,2,227.09541000000002,-0.0029000000000000002,stop
NVDA,2026-05-13,2026-05-13 20:05:00+00:00,6,2,225.99539004,0.0046,target
NVDA,2026-05-13,2026-05-13 20:25:00+00:00,6,2,226.50769248,0.0046,target
NVDA,2026-05-13,2026-05-13 20:45:00+00:00,6,2,226.635318,0.0046,target
NVDA,2026-05-13,2026-05-13 21:05:00+00:00,7,2,226.44578009999998,0.0046,target
NVDA,2026-05-13,2026-05-13 21:43:00+00:00,7,2,226.54920077999998,0.0046,target
NVDA,2026-05-13,2026-05-13 22:03:00+00:00,7,2,226.91537399999999,0.0046,target
NVDA,2026-05-13,2026-05-13 22:23:00+00:00,7,2,227.04499991999998,0.0046,target
NVDA,2026-05-13,2026-05-13 22:45:00+00:00,6,2,227.18542799999997,0.0046,target
NVDA,2026-05-13,2026-05-13 23:06:00+00:00,7,2,227.65552200000002,0.0046,target
NVDA,2026-05-13,2026-05-13 23:27:00+00:00,6,2,227.34546,0.0046,target
NVDA,2026-05-14,2026-05-14 10:03:00+00:00,8,2,230.906172,-0.0029000000000000002,stop
NVDA,2026-05-14,2026-05-14 10:54:00+00:00,6,2,230.1840276,-0.0029000000000000002,stop
NVDA,2026-05-14,2026-05-14 12:09:00+00:00,7,2,230.79614999999998,0.0046,target
NVDA,2026-05-14,2026-05-14 12:31:00+00:00,7,2,231.19623,-0.0029000000000000002,stop
NVDA,2026-05-14,2026-05-14 13:36:00+00:00,7,2,231.626316,-0.0029000000000000002,stop
NVDA,2026-05-14,2026-05-14 13:56:00+00:00,6,2,231.476286,-0.0029000000000000002,stop
NVDA,2026-05-14,2026-05-14 14:23:00+00:00,8,2,233.826756,-0.0029000000000000002,stop
NVDA,2026-05-14,2026-05-14 14:44:00+00:00,6,2,235.172025,-0.0029000000000000002,stop
NVDA,2026-05-14,2026-05-14 15:08:00+00:00,6,2,234.72913644,0.0046,target
NVDA,2026-05-14,2026-05-14 15:29:00+00:00,7,2,235.05700199999998,0.0046,target
NVDA,2026-05-14,2026-05-14 15:55:00+00:00,6,2,235.222035,0.0046,target
NVDA,2026-05-14,2026-05-14 16:15:00+00:00,6,2,235.54699997999998,-0.0029000000000000002,stop
NVDA,2026-05-14,2026-05-14 16:53:00+00:00,7,2,235.602111,-0.0029000000000000002,stop
NVDA,2026-05-14,2026-05-14 17:36:00+00:00,6,2,234.11681399999998,0.0046,target
NVDA,2026-05-14,2026-05-14 17:56:00+00:00,8,2,234.856962,-0.0029000000000000002,stop
NVDA,2026-05-14,2026-05-14 18:16:00+00:00,7,2,235.026996,0.0046,target
NVDA,2026-05-14,2026-05-14 18:36:00+00:00,6,2,235.45708199999999,0.0046,target
NVDA,2026-05-14,2026-05-14 19:00:00+00:00,6,2,236.11711397999997,-0.0029000000000000002,stop
NVDA,2026-05-14,2026-05-14 19:21:00+00:00,6,2,235.86716399999997,-0.0029000000000000002,stop
NVDA,2026-05-14,2026-05-14 19:48:00+00:00,6,2,235.627116,-0.0029000000000000002,stop
NVDA,2026-05-14,2026-05-14 20:08:00+00:00,6,2,236.017194,-0.0029000000000000002,stop
NVDA,2026-05-14,2026-05-14 20:47:00+00:00,6,2,235.257042,0.0046,target
NVDA,2026-05-14,2026-05-14 21:40:00+00:00,6,2,235.94718,0.0046,target
NVDA,2026-05-14,2026-05-14 22:06:00+00:00,7,2,236.46728399999998,0.0046,target
NVDA,2026-05-14,2026-05-14 22:26:00+00:00,6,2,236.51119278,0.0046,target
NVDA,2026-05-14,2026-05-14 22:56:00+00:00,7,2,236.477286,0.0046,target
NVDA,2026-05-14,2026-05-14 23:23:00+00:00,6,2,236.81165285999998,0.0046,target
NVDA,2026-05-15,2026-05-15 10:52:00+00:00,7,2,231.226236,0.0046,target
NVDA,2026-05-15,2026-05-15 11:12:00+00:00,8,2,232.036398,-0.0029000000000000002,stop
NVDA,2026-05-15,2026-05-15 11:54:00+00:00,6,2,231.236238,-0.0029000000000000002,stop
NVDA,2026-05-15,2026-05-15 14:19:00+00:00,7,2,228.30565199999998,-0.0029000000000000002,stop
NVDA,2026-05-15,2026-05-15 15:27:00+00:00,7,2,227.59050899999997,0.0046,target
NVDA,2026-05-15,2026-05-15 15:47:00+00:00,6,2,228.54569999999998,-0.0029000000000000002,stop
NVDA,2026-05-15,2026-05-15 16:10:00+00:00,6,2,228.11551397999997,-0.0029000000000000002,stop
NVDA,2026-05-15,2026-05-15 16:31:00+00:00,7,2,228.420675,-0.0029000000000000002,stop
NVDA,2026-05-15,2026-05-15 16:53:00+00:00,7,2,227.99559,0.0046,target
NVDA,2026-05-15,2026-05-15 17:15:00+00:00,6,2,228.515694,0.0046,target
NVDA,2026-05-15,2026-05-15 17:40:00+00:00,6,2,230.311053,-0.0029000000000000002,stop
NVDA,2026-05-15,2026-05-15 18:00:00+00:00,8,2,230.886168,-0.0029000000000000002,stop
NVDA,2026-05-15,2026-05-15 18:30:00+00:00,6,2,229.89596999999998,-0.0029000000000000002,stop
NVDA,2026-05-18,2026-05-18 09:21:00+00:00,6,2,228.165624,-0.0029000000000000002,stop
NVDA,2026-05-18,2026-05-18 10:31:00+00:00,6,2,226.955382,-0.0029000000000000002,stop
NVDA,2026-05-18,2026-05-18 11:04:00+00:00,6,2,226.21523399999998,-0.0029000000000000002,stop
NVDA,2026-05-18,2026-05-18 11:25:00+00:00,6,2,226.68532799999997,0.0046,target
NVDA,2026-05-18,2026-05-18 11:45:00+00:00,8,2,228.355662,-0.0029000000000000002,stop
NVDA,2026-05-18,2026-05-18 12:11:00+00:00,7,2,228.39506988,0.0046,target
NVDA,2026-05-18,2026-05-18 12:35:00+00:00,8,2,228.815754,0.0046,target
NVDA,2026-05-18,2026-05-18 12:55:00+00:00,6,2,230.14602,-0.0029000000000000002,stop
NVDA,2026-05-18,2026-05-18 13:15:00+00:00,7,2,229.86416364,-0.0029000000000000002,stop
NVDA,2026-05-18,2026-05-18 17:07:00+00:00,6,2,222.48458802,-0.0029000000000000002,stop
NVDA,2026-05-18,2026-05-18 19:36:00+00:00,6,2,221.12421600000002,0.0046,target
NVDA,2026-05-18,2026-05-18 19:59:00+00:00,6,2,222.254442,0.0046,target
NVDA,2026-05-18,2026-05-18 21:32:00+00:00,6,2,222.68322774,0.0046,target
NVDA,2026-05-18,2026-05-18 22:00:00+00:00,6,2,223.134618,0.0046,target
NVDA,2026-05-18,2026-05-18 22:21:00+00:00,7,2,223.634718,0.0046,target
NVDA,2026-05-18,2026-05-18 22:44:00+00:00,6,2,223.39467,0.0046,target
NVDA,2026-05-18,2026-05-18 23:05:00+00:00,6,2,223.634718,-0.0029000000000000002,stop
NVDA,2026-05-19,2026-05-19 11:04:00+00:00,6,2,220.92237563999998,-0.0029000000000000002,stop
NVDA,2026-05-19,2026-05-19 11:38:00+00:00,6,2,220.72413600000002,-0.0029000000000000002,stop
NVDA,2026-05-19,2026-05-19 12:45:00+00:00,6,2,220.63321782,-0.0029000000000000002,stop
NVDA,2026-05-19,2026-05-19 13:36:00+00:00,7,2,221.769345,0.0046,target
NVDA,2026-05-19,2026-05-19 14:57:00+00:00,6,2,220.254042,0.0046,target
NVDA,2026-05-19,2026-05-19 15:26:00+00:00,6,2,220.48908899999998,0.0046,target
NVDA,2026-05-19,2026-05-19 15:49:00+00:00,6,2,221.004192,-0.0029000000000000002,stop
NVDA,2026-05-19,2026-05-19 16:24:00+00:00,6,2,221.06420400000002,0.0046,target
NVDA,2026-05-19,2026-05-19 16:44:00+00:00,8,2,223.01959499999998,-0.0029000000000000002,stop
NVDA,2026-05-19,2026-05-19 17:04:00+00:00,6,2,223.534698,0.0046,target
NVDA,2026-05-19,2026-05-19 17:26:00+00:00,6,2,223.749741,-0.0029000000000000002,stop
NVDA,2026-05-19,2026-05-19 17:49:00+00:00,6,2,223.24463999999998,-0.0029000000000000002,stop
NVDA,2026-05-19,2026-05-19 18:10:00+00:00,6,2,223.6152141,-0.0029000000000000002,stop
NVDA,2026-05-19,2026-05-19 19:21:00+00:00,6,2,221.914374,-0.0029000000000000002,stop
NVDA,2026-05-19,2026-05-19 20:07:00+00:00,6,2,221.284248,0.0046,target
NVDA,2026-05-19,2026-05-19 20:31:00+00:00,6,2,221.574306,-0.0029000000000000002,stop
NVDA,2026-05-19,2026-05-19 21:11:00+00:00,6,2,221.2522416,0.0046,target
NVDA,2026-05-19,2026-05-19 21:32:00+00:00,7,2,221.704332,0.0046,target
NVDA,2026-05-19,2026-05-19 21:56:00+00:00,6,2,222.034398,0.0046,target
NVDA,2026-05-19,2026-05-19 22:17:00+00:00,7,2,221.754342,0.0046,target
NVDA,2026-05-19,2026-05-19 22:49:00+00:00,7,2,221.44438002,0.0046,target
NVDA,2026-05-19,2026-05-19 23:10:00+00:00,7,2,221.684328,0.0046,target
NVDA,2026-05-20,2026-05-20 09:23:00+00:00,6,2,223.74473999999998,0.0046,target
NVDA,2026-05-20,2026-05-20 09:43:00+00:00,6,2,224.34486,0.0046,target
NVDA,2026-05-20,2026-05-20 10:06:00+00:00,7,2,224.70493199999999,0.0046,target
NVDA,2026-05-20,2026-05-20 10:28:00+00:00,6,2,224.42487599999998,0.0046,target
NVDA,2026-05-20,2026-05-20 10:50:00+00:00,7,2,224.84496000000001,-0.0029000000000000002,stop
NVDA,2026-05-20,2026-05-20 12:07:00+00:00,7,2,224.164824,0.0046,target
NVDA,2026-05-20,2026-05-20 12:29:00+00:00,7,2,224.289849,0.0046,target
NVDA,2026-05-20,2026-05-20 12:52:00+00:00,6,2,224.2493409,-0.0029000000000000002,stop
NVDA,2026-05-20,2026-05-20 14:06:00+00:00,6,2,222.659523,0.0046,target
NVDA,2026-05-20,2026-05-20 14:35:00+00:00,7,2,224.70493199999999,-0.0029000000000000002,stop
NVDA,2026-05-20,2026-05-20 15:00:00+00:00,6,2,224.784948,-0.0029000000000000002,stop
NVDA,2026-05-20,2026-05-20 15:20:00+00:00,6,2,225.655122,-0.0029000000000000002,stop
NVDA,2026-05-20,2026-05-20 15:43:00+00:00,6,2,225.1410192,-0.0029000000000000002,stop
NVDA,2026-05-20,2026-05-20 16:06:00+00:00,6,2,225.235038,-0.0029000000000000002,stop
NVDA,2026-05-20,2026-05-20 16:40:00+00:00,6,2,224.56480398,0.0046,target
NVDA,2026-05-20,2026-05-20 17:18:00+00:00,6,2,224.884968,0.0046,target
NVDA,2026-05-20,2026-05-20 18:04:00+00:00,6,2,224.734938,-0.0029000000000000002,stop
NVDA,2026-05-20,2026-05-20 20:11:00+00:00,7,2,224.12401583999997,-0.0029000000000000002,stop
NVDA,2026-05-20,2026-05-20 20:33:00+00:00,6,2,223.24463999999998,-0.0029000000000000002,stop
NVDA,2026-05-20,2026-05-20 21:26:00+00:00,6,2,223.634718,-0.0029000000000000002,stop
NVDA,2026-05-21,2026-05-21 09:21:00+00:00,6,2,223.84476,0.0046,target
NVDA,2026-05-21,2026-05-21 09:46:00+00:00,7,2,224.074806,0.0046,target
NVDA,2026-05-21,2026-05-21 10:09:00+00:00,6,2,223.74473999999998,0.0046,target
NVDA,2026-05-21,2026-05-21 10:33:00+00:00,6,2,224.054802,-0.0029000000000000002,stop
NVDA,2026-05-21,2026-05-21 11:16:00+00:00,6,2,223.854762,-0.0029000000000000002,stop
NVDA,2026-05-21,2026-05-21 12:34:00+00:00,6,2,223.49469,-0.0029000000000000002,stop
NVDA,2026-05-21,2026-05-21 13:33:00+00:00,6,2,223.769745,0.0046,target
NVDA,2026-05-21,2026-05-21 14:05:00+00:00,7,2,224.1508212,-0.0029000000000000002,stop
NVDA,2026-05-21,2026-05-21 17:16:00+00:00,6,2,220.984188,0.0046,target
NVDA,2026-05-21,2026-05-21 17:36:00+00:00,6,2,221.784348,-0.0029000000000000002,stop
NVDA,2026-05-21,2026-05-21 17:57:00+00:00,6,2,221.73433799999998,-0.0029000000000000002,stop
NVDA,2026-05-21,2026-05-21 19:29:00+00:00,7,2,220.43407799999997,-0.0029000000000000002,stop
NVDA,2026-05-21,2026-05-21 19:51:00+00:00,6,2,220.174026,-0.0029000000000000002,stop
NVDA,2026-05-21,2026-05-21 22:20:00+00:00,6,2,219.663924,0.0046,target
NVDA,2026-05-21,2026-05-21 22:49:00+00:00,6,2,219.93397799999997,0.0046,target
NVDA,2026-05-21,2026-05-21 23:28:00+00:00,7,2,219.913974,0.0046,target
NVDA,2026-05-22,2026-05-22 11:39:00+00:00,6,2,220.134018,0.0046,target
NVDA,2026-05-22,2026-05-22 12:06:00+00:00,6,2,220.46748467999998,0.0046,target
NVDA,2026-05-22,2026-05-22 12:38:00+00:00,7,2,220.79415,0.0046,target
NVDA,2026-05-22,2026-05-22 13:10:00+00:00,7,2,220.69413,-0.0029000000000000002,stop
NVDA,2026-05-22,2026-05-22 15:28:00+00:00,7,2,218.32745676000002,-0.0029000000000000002,stop
NVDA,2026-05-22,2026-05-22 16:59:00+00:00,6,2,217.1329179,0.0046,target
NVDA,2026-05-22,2026-05-22 17:19:00+00:00,6,2,217.75364202,-0.0029000000000000002,stop
NVDA,2026-05-22,2026-05-22 22:11:00+00:00,6,2,215.08310802,0.0046,target
NVDA,2026-05-26,2026-05-26 09:39:00+00:00,7,2,217.29345,0.0046,target
NVDA,2026-05-26,2026-05-26 10:01:00+00:00,6,2,217.823556,0.0046,target
NVDA,2026-05-26,2026-05-26 10:23:00+00:00,6,2,218.133618,0.0046,target
NVDA,2026-05-26,2026-05-26 10:49:00+00:00,6,2,218.18362799999997,-0.0029000000000000002,stop
NVDA,2026-05-26,2026-05-26 11:10:00+00:00,6,2,218.04349997999998,0.0046,target
NVDA,2026-05-26,2026-05-26 11:32:00+00:00,6,2,218.223636,-0.0029000000000000002,stop
NVDA,2026-05-26,2026-05-26 11:54:00+00:00,6,2,218.1591231,-0.0029000000000000002,stop
NVDA,2026-05-26,2026-05-26 12:14:00+00:00,6,2,218.24363999999997,0.0046,target
NVDA,2026-05-26,2026-05-26 12:36:00+00:00,6,2,218.33365799999999,-0.0029000000000000002,stop
NVDA,2026-05-26,2026-05-26 13:26:00+00:00,6,2,218.063604,-0.0029000000000000002,stop
NVDA,2026-05-26,2026-05-26 14:24:00+00:00,6,2,216.83335799999998,0.0046,target
NVDA,2026-05-26,2026-05-26 14:47:00+00:00,6,2,217.583508,-0.0029000000000000002,stop
NVDA,2026-05-26,2026-05-26 18:24:00+00:00,6,2,214.482888,-0.0029000000000000002,stop
NVDA,2026-05-26,2026-05-26 20:00:00+00:00,7,2,214.89797099999998,-0.0029000000000000002,stop
NVDA,2026-05-27,2026-05-27 09:27:00+00:00,7,2,214.712934,0.0046,target
NVDA,2026-05-27,2026-05-27 09:49:00+00:00,6,2,215.073006,0.0046,target
NVDA,2026-05-27,2026-05-27 10:09:00+00:00,6,2,216.13651866,-0.0029000000000000002,stop
NVDA,2026-05-27,2026-05-27 10:29:00+00:00,6,2,216.053202,-0.0029000000000000002,stop
NVDA,2026-05-27,2026-05-27 11:01:00+00:00,6,2,216.02319599999998,0.0046,target
NVDA,2026-05-27,2026-05-27 11:21:00+00:00,6,2,216.18262787999998,0.0046,target
NVDA,2026-05-27,2026-05-27 11:45:00+00:00,6,2,215.833158,-0.0029000000000000002,stop
NVDA,2026-05-27,2026-05-27 12:26:00+00:00,7,2,215.623116,0.0046,target
NVDA,2026-05-27,2026-05-27 16:16:00+00:00,6,2,211.032198,-0.0029000000000000002,stop
NVDA,2026-05-27,2026-05-27 16:44:00+00:00,8,2,211.552302,-0.0029000000000000002,stop
NVDA,2026-05-27,2026-05-27 17:09:00+00:00,6,2,211.067205,0.0046,target
NVDA,2026-05-27,2026-05-27 17:29:00+00:00,6,2,211.99238999999997,0.0046,target
NVDA,2026-05-27,2026-05-27 17:50:00+00:00,7,2,212.472486,0.0046,target
NVDA,2026-05-27,2026-05-27 18:12:00+00:00,6,2,212.802552,0.0046,target
NVDA,2026-05-27,2026-05-27 18:32:00+00:00,6,2,213.107613,-0.0029000000000000002,stop
NVDA,2026-05-27,2026-05-27 18:56:00+00:00,6,2,213.17762699999997,-0.0029000000000000002,stop
NVDA,2026-05-27,2026-05-27 19:27:00+00:00,6,2,212.33245799999997,0.0046,target
NVDA,2026-05-27,2026-05-27 19:50:00+00:00,6,2,212.912574,-0.0029000000000000002,stop
NVDA,2026-05-27,2026-05-27 20:16:00+00:00,7,2,212.5425,0.0046,target
NVDA,2026-05-27,2026-05-27 21:01:00+00:00,6,2,212.44508052,0.0046,target
NVDA,2026-05-27,2026-05-27 22:01:00+00:00,6,2,212.412474,0.0046,target
NVDA,2026-05-27,2026-05-27 22:36:00+00:00,6,2,212.09241,0.0046,target
NVDA,2026-05-28,2026-05-28 09:51:00+00:00,7,2,211.49229,0.0046,target
NVDA,2026-05-28,2026-05-28 10:17:00+00:00,6,2,211.2727461,-0.0029000000000000002,stop
NVDA,2026-05-28,2026-05-28 11:46:00+00:00,6,2,210.67312619999998,0.0046,target
NVDA,2026-05-28,2026-05-28 12:33:00+00:00,8,2,211.122216,0.0046,target
NVDA,2026-05-28,2026-05-28 12:53:00+00:00,6,2,211.76234399999998,0.0046,target
NVDA,2026-05-28,2026-05-28 13:13:00+00:00,6,2,212.14242,-0.0029000000000000002,stop
NVDA,2026-05-28,2026-05-28 13:34:00+00:00,7,2,212.89256999999998,-0.0029000000000000002,stop
NVDA,2026-05-28,2026-05-28 14:01:00+00:00,6,2,213.387669,-0.0029000000000000002,stop
NVDA,2026-05-28,2026-05-28 15:13:00+00:00,6,2,212.64772104,0.0046,target
NVDA,2026-05-28,2026-05-28 15:35:00+00:00,6,2,212.912574,-0.0029000000000000002,stop
NVDA,2026-05-28,2026-05-28 16:25:00+00:00,9,2,213.297651,-0.0029000000000000002,stop
NVDA,2026-05-28,2026-05-28 16:47:00+00:00,7,2,213.902772,-0.0029000000000000002,stop
NVDA,2026-05-28,2026-05-28 17:11:00+00:00,7,2,213.447681,0.0046,target
NVDA,2026-05-28,2026-05-28 17:36:00+00:00,6,2,213.132618,0.0046,target
NVDA,2026-05-28,2026-05-28 17:57:00+00:00,6,2,215.29815102,-0.0029000000000000002,stop
NVDA,2026-05-28,2026-05-28 18:23:00+00:00,6,2,214.63791899999998,0.0046,target
NVDA,2026-05-28,2026-05-28 18:45:00+00:00,8,2,214.787949,-0.0029000000000000002,stop
NVDA,2026-05-28,2026-05-28 19:26:00+00:00,6,2,214.23293802,0.0046,target
NVDA,2026-05-28,2026-05-28 19:46:00+00:00,6,2,214.44288,-0.0029000000000000002,stop
NVDA,2026-05-28,2026-05-28 20:09:00+00:00,6,2,214.27544651999997,0.0046,target
NVDA,2026-05-28,2026-05-28 20:32:00+00:00,6,2,214.59291000000002,-0.0029000000000000002,stop
NVDA,2026-05-28,2026-05-28 21:24:00+00:00,6,2,214.102812,0.0046,target
NVDA,2026-05-28,2026-05-28 21:53:00+00:00,6,2,214.232838,0.0046,target
NVDA,2026-05-28,2026-05-28 22:41:00+00:00,6,2,214.382868,0.0046,target
NVDA,2026-05-28,2026-05-28 23:01:00+00:00,7,2,214.25284200000002,0.0046,target
NVDA,2026-05-28,2026-05-28 23:21:00+00:00,6,2,214.432878,0.0046,target
NVDA,2026-05-29,2026-05-29 09:23:00+00:00,6,2,214.95798299999998,0.0046,target
NVDA,2026-05-29,2026-05-29 10:53:00+00:00,7,2,214.952982,0.0046,target
NVDA,2026-05-29,2026-05-29 11:13:00+00:00,6,2,215.20303199999998,0.0046,target
NVDA,2026-05-29,2026-05-29 11:36:00+00:00,6,2,215.163024,0.0046,target
NVDA,2026-05-29,2026-05-29 12:00:00+00:00,7,2,215.253042,0.0046,target
NVDA,2026-05-29,2026-05-29 13:47:00+00:00,6,2,215.84316,-0.0029000000000000002,stop
NVDA,2026-05-29,2026-05-29 14:07:00+00:00,6,2,216.923376,-0.0029000000000000002,stop
NVDA,2026-05-29,2026-05-29 14:28:00+00:00,6,2,215.48308799999998,-0.0029000000000000002,stop
NVDA,2026-05-29,2026-05-29 15:12:00+00:00,8,2,216.323256,-0.0029000000000000002,stop
NVDA,2026-05-29,2026-05-29 16:07:00+00:00,6,2,215.74313999999998,0.0046,target
NVDA,2026-05-29,2026-05-29 16:29:00+00:00,6,2,215.978187,0.0046,target
NVDA,2026-05-29,2026-05-29 16:50:00+00:00,7,2,216.813354,0.0046,target
NVDA,2026-05-29,2026-05-29 17:11:00+00:00,7,2,216.873366,-0.0029000000000000002,stop
NVDA,2026-05-29,2026-05-29 17:33:00+00:00,6,2,216.163224,-0.0029000000000000002,stop
NVDA,2026-05-29,2026-05-29 17:56:00+00:00,6,2,215.91307398,-0.0029000000000000002,stop
NVDA,2026-05-29,2026-05-29 18:23:00+00:00,7,2,216.39327,0.0046,target
NVDA,2026-05-29,2026-05-29 19:02:00+00:00,6,2,216.99338999999998,0.0046,target
NVDA,2026-05-29,2026-05-29 19:29:00+00:00,7,2,217.09341,-0.0029000000000000002,stop
NVDA,2026-05-29,2026-05-29 22:42:00+00:00,6,2,212.982588,0.0046,target
NVDA,2026-06-01,2026-06-01 10:30:00+00:00,6,2,215.253042,0.0046,target
NVDA,2026-06-01,2026-06-01 10:50:00+00:00,6,2,216.27324599999997,-0.0029000000000000002,stop
NVDA,2026-06-01,2026-06-01 11:13:00+00:00,6,2,215.69313,0.0046,target
NVDA,2026-06-01,2026-06-01 11:34:00+00:00,8,2,216.163224,0.0046,target
NVDA,2026-06-01,2026-06-01 12:00:00+00:00,6,2,215.81295396,0.0046,target
NVDA,2026-06-01,2026-06-01 12:28:00+00:00,7,2,215.93317799999997,0.0046,target
NVDA,2026-06-01,2026-06-01 12:48:00+00:00,6,2,216.28324800000001,-0.0029000000000000002,stop
NVDA,2026-06-01,2026-06-01 13:31:00+00:00,6,2,216.89336999999998,0.0046,target
NVDA,2026-06-01,2026-06-01 13:54:00+00:00,7,2,220.179027,-0.0029000000000000002,stop
NVDA,2026-06-01,2026-06-01 14:14:00+00:00,7,2,220.64412,0.0046,target
NVDA,2026-06-01,2026-06-01 14:39:00+00:00,6,2,220.7221356,-0.0029000000000000002,stop
NVDA,2026-06-01,2026-06-01 15:05:00+00:00,6,2,219.36386399999998,0.0046,target
NVDA,2026-06-01,2026-06-01 15:31:00+00:00,7,2,219.88356792,0.0046,target
NVDA,2026-06-01,2026-06-01 15:53:00+00:00,6,2,220.224036,-0.0029000000000000002,stop
NVDA,2026-06-01,2026-06-01 16:15:00+00:00,6,2,220.44408,0.0046,target
NVDA,2026-06-01,2026-06-01 16:38:00+00:00,8,2,221.67212556,0.0046,target
NVDA,2026-06-01,2026-06-01 17:01:00+00:00,6,2,222.14442,-0.0029000000000000002,stop
NVDA,2026-06-01,2026-06-01 17:24:00+00:00,6,2,221.95438199999998,0.0046,target
NVDA,2026-06-01,2026-06-01 17:44:00+00:00,6,2,223.0446,0.0046,target
NVDA,2026-06-01,2026-06-01 18:06:00+00:00,7,2,224.124816,-0.0029000000000000002,stop
NVDA,2026-06-01,2026-06-01 18:28:00+00:00,6,2,224.564904,-0.0029000000000000002,stop
NVDA,2026-06-01,2026-06-01 18:55:00+00:00,6,2,223.92477599999998,0.0046,target
NVDA,2026-06-01,2026-06-01 19:15:00+00:00,7,2,224.754942,-0.0029000000000000002,stop
NVDA,2026-06-01,2026-06-01 19:39:00+00:00,6,2,223.59410988,-0.0029000000000000002,stop
NVDA,2026-06-01,2026-06-01 20:03:00+00:00,6,2,224.474886,0.0046,target
NVDA,2026-06-01,2026-06-01 20:32:00+00:00,7,2,224.48488799999998,-0.0029000000000000002,stop
NVDA,2026-06-01,2026-06-01 20:52:00+00:00,6,2,224.59491,0.0046,target
NVDA,2026-06-01,2026-06-01 21:33:00+00:00,6,2,224.3023515,0.0046,target
NVDA,2026-06-01,2026-06-01 21:53:00+00:00,6,2,224.87166534,-0.0029000000000000002,stop
NVDA,2026-06-01,2026-06-01 22:15:00+00:00,6,2,224.65782258,-0.0029000000000000002,stop
NVDA,2026-06-01,2026-06-01 22:58:00+00:00,6,2,223.86476399999998,0.0046,target
NVDA,2026-06-02,2026-06-02 09:22:00+00:00,7,2,227.59551000000002,0.0046,target
NVDA,2026-06-02,2026-06-02 09:46:00+00:00,9,2,228.69573,0.0046,target
NVDA,2026-06-02,2026-06-02 10:07:00+00:00,6,2,228.70573199999998,-0.0029000000000000002,stop
NVDA,2026-06-02,2026-06-02 11:19:00+00:00,6,2,227.940579,-0.0029000000000000002,stop
NVDA,2026-06-02,2026-06-02 13:28:00+00:00,6,2,227.30545199999997,-0.0029000000000000002,stop
NVDA,2026-06-02,2026-06-02 13:57:00+00:00,7,2,231.226236,-0.0029000000000000002,stop
NVDA,2026-06-02,2026-06-02 14:32:00+00:00,6,2,228.775746,-0.0029000000000000002,stop
NVDA,2026-06-02,2026-06-02 19:11:00+00:00,7,2,223.19463,-0.0029000000000000002,stop
NVDA,2026-06-03,2026-06-03 11:07:00+00:00,6,2,222.364464,0.0046,target
NVDA,2026-06-03,2026-06-03 11:27:00+00:00,7,2,223.114614,0.0046,target
NVDA,2026-06-03,2026-06-03 11:47:00+00:00,6,2,223.504692,0.0046,target
NVDA,2026-06-03,2026-06-03 12:10:00+00:00,6,2,224.004792,-0.0029000000000000002,stop
NVDA,2026-06-03,2026-06-03 13:26:00+00:00,6,2,222.84456,-0.0029000000000000002,stop
NVDA,2026-06-03,2026-06-03 15:51:00+00:00,6,2,217.5435,-0.0029000000000000002,stop
NVDA,2026-06-03,2026-06-03 18:27:00+00:00,6,2,216.078207,0.0046,target
NVDA,2026-06-04,2026-06-04 12:49:00+00:00,7,2,212.99258999999998,0.0046,target
NVDA,2026-06-04,2026-06-04 13:12:00+00:00,6,2,213.21263399999998,0.0046,target
NVDA,2026-06-04,2026-06-04 13:33:00+00:00,7,2,213.57270599999998,0.0046,target
NVDA,2026-06-04,2026-06-04 14:28:00+00:00,6,2,213.597711,0.0046,target
NVDA,2026-06-04,2026-06-04 14:50:00+00:00,7,2,214.84296,0.0046,target
NVDA,2026-06-04,2026-06-04 15:12:00+00:00,6,2,215.673126,0.0046,target
NVDA,2026-06-04,2026-06-04 15:38:00+00:00,6,2,216.288249,0.0046,target
NVDA,2026-06-04,2026-06-04 15:58:00+00:00,7,2,217.483488,0.0046,target
NVDA,2026-06-04,2026-06-04 16:18:00+00:00,7,2,218.223636,-0.0029000000000000002,stop
NVDA,2026-06-04,2026-06-04 16:39:00+00:00,6,2,218.133618,0.0046,target
NVDA,2026-06-04,2026-06-04 16:59:00+00:00,6,2,218.368665,0.0046,target
NVDA,2026-06-04,2026-06-04 17:20:00+00:00,6,2,219.038799,0.0046,target
NVDA,2026-06-04,2026-06-04 17:47:00+00:00,6,2,219.333858,0.0046,target
NVDA,2026-06-04,2026-06-04 18:08:00+00:00,6,2,220.124016,0.0046,target
NVDA,2026-06-04,2026-06-04 18:31:00+00:00,6,2,220.639119,-0.0029000000000000002,stop
NVDA,2026-06-04,2026-06-04 18:54:00+00:00,6,2,220.764144,-0.0029000000000000002,stop
NVDA,2026-06-04,2026-06-04 19:15:00+00:00,6,2,220.909173,-0.0029000000000000002,stop
NVDA,2026-06-04,2026-06-04 19:54:00+00:00,6,2,219.34386,-0.0029000000000000002,stop
NVDA,2026-06-04,2026-06-04 20:46:00+00:00,6,2,217.883568,-0.0029000000000000002,stop
NVDA,2026-06-04,2026-06-04 21:28:00+00:00,6,2,217.623516,0.0046,target
NVDA,2026-06-04,2026-06-04 22:10:00+00:00,6,2,217.05340199999998,-0.0029000000000000002,stop
NVDA,2026-06-04,2026-06-04 22:57:00+00:00,6,2,217.003392,0.0046,target
NVDA,2026-06-05,2026-06-05 09:40:00+00:00,7,2,215.69313,0.0046,target
NVDA,2026-06-05,2026-06-05 10:05:00+00:00,7,2,215.94318,0.0046,target
NVDA,2026-06-05,2026-06-05 10:28:00+00:00,7,2,216.333258,0.0046,target
NVDA,2026-06-05,2026-06-05 11:05:00+00:00,7,2,216.163224,-0.0029000000000000002,stop
NVDA,2026-06-05,2026-06-05 11:48:00+00:00,7,2,215.853162,-0.0029000000000000002,stop
NVDA,2026-06-05,2026-06-05 21:19:00+00:00,6,2,205.41267432,0.0046,target
NVDA,2026-06-08,2026-06-08 09:26:00+00:00,7,2,208.12161600000002,0.0046,target
NVDA,2026-06-08,2026-06-08 09:51:00+00:00,6,2,208.29165,0.0046,target
NVDA,2026-06-08,2026-06-08 10:11:00+00:00,8,2,208.731738,0.0046,target
NVDA,2026-06-08,2026-06-08 10:37:00+00:00,6,2,209.301852,-0.0029000000000000002,stop
NVDA,2026-06-08,2026-06-08 11:04:00+00:00,6,2,208.60211207999998,0.0046,target
NVDA,2026-06-08,2026-06-08 11:26:00+00:00,6,2,209.53589879999998,0.0046,target
NVDA,2026-06-08,2026-06-08 11:50:00+00:00,7,2,209.39186999999998,0.0046,target
NVDA,2026-06-08,2026-06-08 12:10:00+00:00,6,2,209.99199,0.0046,target
NVDA,2026-06-08,2026-06-08 12:31:00+00:00,8,2,210.422076,0.0046,target
NVDA,2026-06-08,2026-06-08 12:52:00+00:00,7,2,210.352062,0.0046,target
NVDA,2026-06-08,2026-06-08 13:12:00+00:00,6,2,210.54250008,-0.0029000000000000002,stop
NVDA,2026-06-08,2026-06-08 14:47:00+00:00,6,2,208.6697256,-0.0029000000000000002,stop
NVDA,2026-06-08,2026-06-08 15:07:00+00:00,6,2,208.81155396,-0.0029000000000000002,stop
NVDA,2026-06-08,2026-06-08 15:45:00+00:00,6,2,208.716735,-0.0029000000000000002,stop
NVDA,2026-06-08,2026-06-08 16:06:00+00:00,6,2,208.766745,0.0046,target
NVDA,2026-06-08,2026-06-08 16:27:00+00:00,6,2,209.076807,-0.0029000000000000002,stop
NVDA,2026-06-08,2026-06-08 16:48:00+00:00,6,2,208.74174,-0.0029000000000000002,stop
NVDA,2026-06-08,2026-06-08 17:43:00+00:00,6,2,208.44168,0.0046,target
NVDA,2026-06-08,2026-06-08 18:05:00+00:00,6,2,209.24184,0.0046,target
NVDA,2026-06-08,2026-06-08 18:29:00+00:00,6,2,209.34186,-0.0029000000000000002,stop
NVDA,2026-06-08,2026-06-08 18:59:00+00:00,6,2,208.89176999999998,-0.0029000000000000002,stop
NVDA,2026-06-08,2026-06-08 19:59:00+00:00,7,2,208.631718,-0.0029000000000000002,stop
NVDA,2026-06-09,2026-06-09 09:31:00+00:00,6,2,210.30205199999997,0.0046,target
NVDA,2026-06-09,2026-06-09 10:01:00+00:00,6,2,210.44288016,-0.0029000000000000002,stop
NVDA,2026-06-09,2026-06-09 13:06:00+00:00,8,2,209.86206402,-0.0029000000000000002,stop
NVDA,2026-06-09,2026-06-09 13:26:00+00:00,6,2,209.94198,0.0046,target
NVDA,2026-06-09,2026-06-09 13:49:00+00:00,6,2,210.262044,-0.0029000000000000002,stop
NVDA,2026-06-09,2026-06-09 17:10:00+00:00,6,2,203.29065,-0.0029000000000000002,stop
NVDA,2026-06-09,2026-06-09 17:47:00+00:00,6,2,204.74094,-0.0029000000000000002,stop
NVDA,2026-06-09,2026-06-09 18:09:00+00:00,7,2,205.571106,-0.0029000000000000002,stop
NVDA,2026-06-09,2026-06-09 18:29:00+00:00,6,2,206.44117998,0.0046,target
NVDA,2026-06-09,2026-06-09 18:52:00+00:00,6,2,206.511294,-0.0029000000000000002,stop
NVDA,2026-06-09,2026-06-09 19:13:00+00:00,6,2,206.09121000000002,-0.0029000000000000002,stop
NVDA,2026-06-09,2026-06-09 19:35:00+00:00,6,2,206.45628299999998,-0.0029000000000000002,stop
NVDA,2026-06-09,2026-06-09 19:55:00+00:00,8,2,206.951382,0.0046,target
NVDA,2026-06-09,2026-06-09 20:16:00+00:00,7,2,207.94158,0.0046,target
NVDA,2026-06-09,2026-06-09 20:42:00+00:00,6,2,207.89157,-0.0029000000000000002,stop
NVDA,2026-06-09,2026-06-09 21:22:00+00:00,6,2,207.231438,-0.0029000000000000002,stop
NVDA,2026-06-09,2026-06-09 22:40:00+00:00,6,2,206.49129,0.0046,target
NVDA,2026-06-09,2026-06-09 23:14:00+00:00,6,2,206.5413,-0.0029000000000000002,stop
NVDA,2026-06-10,2026-06-10 10:44:00+00:00,6,2,204.34086000000002,-0.0029000000000000002,stop
NVDA,2026-06-10,2026-06-10 12:29:00+00:00,6,2,204.11081399999998,0.0046,target
NVDA,2026-06-10,2026-06-10 12:50:00+00:00,7,2,205.671126,-0.0029000000000000002,stop
NVDA,2026-06-10,2026-06-10 13:13:00+00:00,8,2,205.321056,-0.0029000000000000002,stop
NVDA,2026-06-10,2026-06-10 13:35:00+00:00,6,2,205.38096798,0.0046,target
NVDA,2026-06-10,2026-06-10 14:17:00+00:00,6,2,206.29625099999998,-0.0029000000000000002,stop
NVDA,2026-06-11,2026-06-11 09:56:00+00:00,6,2,203.070606,0.0046,target
NVDA,2026-06-11,2026-06-11 10:35:00+00:00,7,2,202.950582,-0.0029000000000000002,stop
NVDA,2026-06-11,2026-06-11 11:47:00+00:00,6,2,202.43757942,0.0046,target
NVDA,2026-06-11,2026-06-11 12:07:00+00:00,6,2,202.87046598,-0.0029000000000000002,stop
NVDA,2026-06-11,2026-06-11 13:50:00+00:00,6,2,202.19043,0.0046,target
NVDA,2026-06-11,2026-06-11 14:12:00+00:00,6,2,202.515495,-0.0029000000000000002,stop
NVDA,2026-06-11,2026-06-11 14:39:00+00:00,6,2,202.76054399999998,-0.0029000000000000002,stop
NVDA,2026-06-11,2026-06-11 15:41:00+00:00,7,2,201.84046002,-0.0029000000000000002,stop
NVDA,2026-06-11,2026-06-11 16:11:00+00:00,6,2,201.770346,-0.0029000000000000002,stop
NVDA,2026-06-11,2026-06-11 17:33:00+00:00,7,2,202.63041798,0.0046,target
NVDA,2026-06-11,2026-06-11 18:05:00+00:00,6,2,202.19043,-0.0029000000000000002,stop
NVDA,2026-06-11,2026-06-11 18:25:00+00:00,7,2,202.870566,-0.0029000000000000002,stop
NVDA,2026-06-11,2026-06-11 18:56:00+00:00,6,2,202.530498,-0.0029000000000000002,stop
NVDA,2026-06-11,2026-06-11 19:19:00+00:00,6,2,203.26064399999998,0.0046,target
NVDA,2026-06-11,2026-06-11 19:41:00+00:00,6,2,205.000992,-0.0029000000000000002,stop
NVDA,2026-06-11,2026-06-11 20:03:00+00:00,6,2,204.79105002,0.0046,target
NVDA,2026-06-11,2026-06-11 20:27:00+00:00,6,2,205.061004,0.0046,target
NVDA,2026-06-11,2026-06-11 20:47:00+00:00,6,2,205.030998,0.0046,target
NVDA,2026-06-11,2026-06-11 21:12:00+00:00,6,2,205.196031,0.0046,target
NVDA,2026-06-11,2026-06-11 21:34:00+00:00,6,2,205.20193218,0.0046,target
NVDA,2026-06-11,2026-06-11 22:04:00+00:00,7,2,205.251042,0.0046,target
NVDA,2026-06-11,2026-06-11 22:26:00+00:00,6,2,205.661124,0.0046,target
NVDA,2026-06-11,2026-06-11 22:50:00+00:00,8,2,206.34126,-0.0029000000000000002,stop
NVDA,2026-06-11,2026-06-11 23:11:00+00:00,6,2,205.831158,0.0046,target
NVDA,2026-06-12,2026-06-12 09:27:00+00:00,8,2,205.87116600000002,0.0046,target
NVDA,2026-06-12,2026-06-12 09:55:00+00:00,6,2,206.121216,0.0046,target
NVDA,2026-06-12,2026-06-12 10:24:00+00:00,6,2,205.99119,0.0046,target
NVDA,2026-06-12,2026-06-12 11:06:00+00:00,6,2,205.94118,0.0046,target
NVDA,2026-06-12,2026-06-12 11:28:00+00:00,6,2,206.161224,0.0046,target
NVDA,2026-06-12,2026-06-12 11:49:00+00:00,6,2,205.9926903,0.0046,target
NVDA,2026-06-12,2026-06-12 12:09:00+00:00,6,2,206.12941763999999,-0.0029000000000000002,stop
NVDA,2026-06-12,2026-06-12 13:40:00+00:00,7,2,205.94118,-0.0029000000000000002,stop
NVDA,2026-06-12,2026-06-12 14:07:00+00:00,7,2,205.27104599999998,0.0046,target
TSLA,2025-12-12,2025-12-12 17:23:00+00:00,7,2,448.9402701,-0.0029000000000000002,stop
TSLA,2025-12-12,2025-12-12 17:46:00+00:00,7,2,449.579898,0.0046,target
TSLA,2025-12-12,2025-12-12 18:09:00+00:00,6,2,451.87035599999996,0.0046,target
TSLA,2025-12-12,2025-12-12 18:32:00+00:00,6,2,455.781138,-0.0029000000000000002,stop
TSLA,2025-12-12,2025-12-12 19:04:00+00:00,6,2,453.27143615999995,-0.0029000000000000002,stop
TSLA,2025-12-12,2025-12-12 20:06:00+00:00,6,2,452.880558,0.0046,target
TSLA,2025-12-12,2025-12-12 20:27:00+00:00,6,2,454.48087799999996,0.0046,target
TSLA,2025-12-12,2025-12-12 20:47:00+00:00,8,2,457.216425,0.0046,target
TSLA,2025-12-12,2025-12-12 21:07:00+00:00,6,2,459.04179,-0.0029000000000000002,stop
TSLA,2025-12-12,2025-12-12 21:42:00+00:00,6,2,457.49147999999997,0.0046,target
TSLA,2025-12-12,2025-12-12 22:11:00+00:00,6,2,457.56149400000004,0.0046,target
TSLA,2025-12-15,2025-12-15 10:22:00+00:00,6,2,464.14281,0.0046,target
TSLA,2025-12-15,2025-12-15 10:44:00+00:00,6,2,463.85275199999995,0.0046,target
TSLA,2025-12-15,2025-12-15 11:09:00+00:00,6,2,463.912764,0.0046,target
TSLA,2025-12-15,2025-12-15 11:29:00+00:00,6,2,463.92276599999997,0.0046,target
TSLA,2025-12-15,2025-12-15 11:51:00+00:00,7,2,464.14281,0.0046,target
TSLA,2025-12-15,2025-12-15 12:12:00+00:00,6,2,465.673116,0.0046,target
TSLA,2025-12-15,2025-12-15 12:43:00+00:00,6,2,465.56309400000004,-0.0029000000000000002,stop
TSLA,2025-12-15,2025-12-15 13:12:00+00:00,6,2,464.94517043999997,0.0046,target
TSLA,2025-12-15,2025-12-15 13:33:00+00:00,6,2,465.34305,0.0046,target
TSLA,2025-12-15,2025-12-15 13:54:00+00:00,7,2,468.36545436,0.0046,target
TSLA,2025-12-15,2025-12-15 14:16:00+00:00,6,2,469.73272776,-0.0029000000000000002,stop
TSLA,2025-12-15,2025-12-15 14:36:00+00:00,6,2,478.135608,-0.0029000000000000002,stop
TSLA,2025-12-15,2025-12-15 14:58:00+00:00,6,2,477.43046699999996,-0.0029000000000000002,stop
TSLA,2025-12-15,2025-12-15 15:42:00+00:00,7,2,477.935568,-0.0029000000000000002,stop
TSLA,2025-12-15,2025-12-15 16:03:00+00:00,6,2,477.84555,-0.0029000000000000002,stop
TSLA,2025-12-15,2025-12-15 16:24:00+00:00,6,2,479.075796,0.0046,target
TSLA,2025-12-15,2025-12-15 17:26:00+00:00,7,2,477.4579725,-0.0029000000000000002,stop
TSLA,2025-12-15,2025-12-15 18:03:00+00:00,6,2,477.39546,-0.0029000000000000002,stop
TSLA,2025-12-15,2025-12-15 18:24:00+00:00,6,2,477.090399,-0.0029000000000000002,stop
TSLA,2025-12-15,2025-12-15 18:54:00+00:00,7,2,476.81534400000004,-0.0029000000000000002,stop
TSLA,2025-12-15,2025-12-15 19:23:00+00:00,7,2,477.46537398,-0.0029000000000000002,stop
TSLA,2025-12-15,2025-12-15 19:50:00+00:00,7,2,477.39546,0.0046,target
TSLA,2025-12-15,2025-12-15 20:16:00+00:00,7,2,478.19551998,-0.0029000000000000002,stop
TSLA,2025-12-15,2025-12-15 20:40:00+00:00,8,2,479.340849,-0.0029000000000000002,stop
TSLA,2025-12-15,2025-12-15 23:11:00+00:00,6,2,474.364854,0.0046,target
TSLA,2025-12-16,2025-12-16 10:43:00+00:00,6,2,471.764334,0.0046,target
TSLA,2025-12-16,2025-12-16 11:34:00+00:00,6,2,471.89436,0.0046,target
TSLA,2025-12-16,2025-12-16 11:58:00+00:00,6,2,472.40446199999997,0.0046,target
TSLA,2025-12-16,2025-12-16 12:19:00+00:00,6,2,473.034588,0.0046,target
TSLA,2025-12-16,2025-12-16 12:41:00+00:00,7,2,473.154612,-0.0029000000000000002,stop
TSLA,2025-12-16,2025-12-16 13:08:00+00:00,7,2,472.36445399999997,0.0046,target
TSLA,2025-12-16,2025-12-16 13:31:00+00:00,8,2,473.71352376,-0.0029000000000000002,stop
TSLA,2025-12-16,2025-12-16 14:23:00+00:00,6,2,472.23872886,-0.0029000000000000002,stop
TSLA,2025-12-16,2025-12-16 14:44:00+00:00,6,2,471.8408493,-0.0029000000000000002,stop
TSLA,2025-12-16,2025-12-16 15:05:00+00:00,6,2,478.975776,0.0046,target
TSLA,2025-12-16,2025-12-16 15:57:00+00:00,6,2,476.12520599999993,-0.0029000000000000002,stop
TSLA,2025-12-16,2025-12-16 16:22:00+00:00,6,2,475.30504199999996,0.0046,target
TSLA,2025-12-16,2025-12-16 16:43:00+00:00,6,2,476.405262,0.0046,target
TSLA,2025-12-16,2025-12-16 17:03:00+00:00,8,2,480.231027,-0.0029000000000000002,stop
TSLA,2025-12-16,2025-12-16 17:28:00+00:00,6,2,479.230827,-0.0029000000000000002,stop
TSLA,2025-12-16,2025-12-16 18:22:00+00:00,7,2,477.73562802000004,0.0046,target
TSLA,2025-12-16,2025-12-16 18:48:00+00:00,6,2,479.54589,-0.0029000000000000002,stop
TSLA,2025-12-16,2025-12-16 19:26:00+00:00,7,2,479.68591799999996,0.0046,target
TSLA,2025-12-16,2025-12-16 19:48:00+00:00,6,2,484.071795,0.0046,target
TSLA,2025-12-16,2025-12-16 20:08:00+00:00,7,2,486.132207,0.0046,target
TSLA,2025-12-16,2025-12-16 20:30:00+00:00,8,2,487.73672784,0.0046,target
TSLA,2025-12-16,2025-12-16 20:50:00+00:00,6,2,489.68791799999997,-0.0029000000000000002,stop
TSLA,2025-12-16,2025-12-16 21:11:00+00:00,6,2,489.79773995999994,-0.0029000000000000002,stop
TSLA,2025-12-16,2025-12-16 21:34:00+00:00,7,2,491.208222,-0.0029000000000000002,stop
TSLA,2025-12-16,2025-12-16 21:56:00+00:00,6,2,489.087798,0.0046,target
TSLA,2025-12-16,2025-12-16 23:01:00+00:00,6,2,488.79774,-0.0029000000000000002,stop
TSLA,2025-12-17,2025-12-17 09:21:00+00:00,6,2,492.56849400000004,0.0046,target
TSLA,2025-12-17,2025-12-17 09:41:00+00:00,6,2,492.45847200000003,0.0046,target
TSLA,2025-12-17,2025-12-17 10:09:00+00:00,7,2,493.0986,0.0046,target
TSLA,2025-12-17,2025-12-17 10:29:00+00:00,7,2,493.18861799999996,-0.0029000000000000002,stop
TSLA,2025-12-17,2025-12-17 11:10:00+00:00,6,2,492.088398,-0.0029000000000000002,stop
TSLA,2025-12-17,2025-12-17 11:58:00+00:00,6,2,489.92796599999997,0.0046,target
TSLA,2025-12-17,2025-12-17 12:23:00+00:00,7,2,490.5981,-0.0029000000000000002,stop
TSLA,2025-12-17,2025-12-17 14:33:00+00:00,6,2,492.29353902,0.0046,target
TSLA,2025-12-17,2025-12-17 14:58:00+00:00,9,2,493.79723970000003,-0.0029000000000000002,stop
TSLA,2025-12-17,2025-12-17 15:20:00+00:00,6,2,491.488278,-0.0029000000000000002,stop
TSLA,2025-12-17,2025-12-17 20:00:00+00:00,6,2,470.92916699999995,-0.0029000000000000002,stop
TSLA,2025-12-17,2025-12-17 22:37:00+00:00,6,2,468.073596,0.0046,target
TSLA,2025-12-18,2025-12-18 09:22:00+00:00,6,2,473.88475800000003,0.0046,target
TSLA,2025-12-18,2025-12-18 09:43:00+00:00,7,2,474.29483999999997,0.0046,target
TSLA,2025-12-18,2025-12-18 10:04:00+00:00,6,2,474.964974,0.0046,target
TSLA,2025-12-18,2025-12-18 10:27:00+00:00,6,2,474.41486399999997,0.0046,target
TSLA,2025-12-18,2025-12-18 11:00:00+00:00,6,2,473.94477,0.0046,target
TSLA,2025-12-18,2025-12-18 11:22:00+00:00,6,2,473.74472999999995,0.0046,target
TSLA,2025-12-18,2025-12-18 11:47:00+00:00,6,2,473.24463,0.0046,target
TSLA,2025-12-18,2025-12-18 12:12:00+00:00,6,2,474.104802,0.0046,target
TSLA,2025-12-18,2025-12-18 12:35:00+00:00,6,2,473.89476,-0.0029000000000000002,stop
TSLA,2025-12-18,2025-12-18 12:56:00+00:00,6,2,474.04479,-0.0029000000000000002,stop
TSLA,2025-12-18,2025-12-18 13:16:00+00:00,6,2,474.404862,0.0046,target
TSLA,2025-12-18,2025-12-18 13:36:00+00:00,6,2,476.81534400000004,0.0046,target
TSLA,2025-12-18,2025-12-18 13:59:00+00:00,6,2,476.975376,0.0046,target
TSLA,2025-12-18,2025-12-18 14:24:00+00:00,6,2,477.175416,0.0046,target
TSLA,2025-12-18,2025-12-18 14:46:00+00:00,6,2,479.025786,-0.0029000000000000002,stop
TSLA,2025-12-18,2025-12-18 15:08:00+00:00,6,2,480.906162,-0.0029000000000000002,stop
TSLA,2025-12-18,2025-12-18 15:30:00+00:00,8,2,483.56669400000004,0.0046,target
TSLA,2025-12-18,2025-12-18 15:54:00+00:00,6,2,484.86195299999997,0.0046,target
TSLA,2025-12-18,2025-12-18 16:17:00+00:00,8,2,489.777936,-0.0029000000000000002,stop
TSLA,2025-12-18,2025-12-18 16:39:00+00:00,6,2,489.227826,-0.0029000000000000002,stop
TSLA,2025-12-18,2025-12-18 16:59:00+00:00,6,2,489.957972,-0.0029000000000000002,stop
TSLA,2025-12-18,2025-12-18 17:34:00+00:00,6,2,488.527686,0.0046,target
TSLA,2025-12-18,2025-12-18 17:54:00+00:00,6,2,489.257832,-0.0029000000000000002,stop
TSLA,2025-12-18,2025-12-18 18:22:00+00:00,6,2,488.14761,0.0046,target
TSLA,2025-12-18,2025-12-18 18:42:00+00:00,6,2,488.79774,-0.0029000000000000002,stop
TSLA,2025-12-18,2025-12-18 19:06:00+00:00,6,2,486.377256,-0.0029000000000000002,stop
TSLA,2025-12-18,2025-12-18 19:54:00+00:00,6,2,486.087198,-0.0029000000000000002,stop
TSLA,2025-12-18,2025-12-18 20:20:00+00:00,7,2,487.267434,0.0046,target
TSLA,2025-12-18,2025-12-18 20:41:00+00:00,8,2,487.737528,-0.0029000000000000002,stop
TSLA,2025-12-18,2025-12-18 22:22:00+00:00,6,2,483.886758,0.0046,target
TSLA,2025-12-19,2025-12-19 09:24:00+00:00,6,2,488.69772,0.0046,target
TSLA,2025-12-19,2025-12-19 09:46:00+00:00,8,2,489.527886,0.0046,target
TSLA,2025-12-19,2025-12-19 10:09:00+00:00,6,2,488.89776,0.0046,target
TSLA,2025-12-19,2025-12-19 10:29:00+00:00,6,2,489.0978,0.0046,target
TSLA,2025-12-19,2025-12-19 11:21:00+00:00,6,2,489.087798,0.0046,target
TSLA,2025-12-19,2025-12-19 11:49:00+00:00,6,2,488.707722,0.0046,target
TSLA,2025-12-19,2025-12-19 12:27:00+00:00,6,2,488.75773200000003,0.0046,target
TSLA,2025-12-19,2025-12-19 12:53:00+00:00,6,2,488.60770199999996,-0.0029000000000000002,stop
TSLA,2025-12-19,2025-12-19 14:23:00+00:00,7,2,488.28593766,-0.0029000000000000002,stop
TSLA,2025-12-19,2025-12-19 17:29:00+00:00,6,2,479.61380357999997,-0.0029000000000000002,stop
TSLA,2025-12-19,2025-12-19 18:35:00+00:00,7,2,481.836348,0.0046,target
TSLA,2025-12-19,2025-12-19 18:56:00+00:00,6,2,482.15991269999995,0.0046,target
TSLA,2025-12-19,2025-12-19 19:18:00+00:00,6,2,482.961573,0.0046,target
TSLA,2025-12-19,2025-12-19 19:38:00+00:00,6,2,483.86675399999996,-0.0029000000000000002,stop
TSLA,2025-12-19,2025-12-19 20:01:00+00:00,6,2,482.90646198,-0.0029000000000000002,stop
TSLA,2025-12-19,2025-12-19 20:22:00+00:00,6,2,482.136408,0.0046,target
TSLA,2025-12-19,2025-12-19 20:51:00+00:00,7,2,482.88655800000004,-0.0029000000000000002,stop
TSLA,2025-12-19,2025-12-19 21:21:00+00:00,6,2,481.836348,0.0046,target
TSLA,2025-12-19,2025-12-19 21:48:00+00:00,6,2,483.076596,0.0046,target
TSLA,2025-12-19,2025-12-19 22:15:00+00:00,6,2,482.65651199999996,0.0046,target
TSLA,2025-12-19,2025-12-19 22:35:00+00:00,7,2,483.29663999999997,-0.0029000000000000002,stop
TSLA,2025-12-19,2025-12-19 22:56:00+00:00,6,2,482.99658,0.0046,target
TSLA,2025-12-19,2025-12-19 23:21:00+00:00,6,2,483.14661,0.0046,target
TSLA,2025-12-22,2025-12-22 12:25:00+00:00,6,2,487.027386,0.0046,target
TSLA,2025-12-22,2025-12-22 12:47:00+00:00,6,2,487.59749999999997,-0.0029000000000000002,stop
TSLA,2025-12-22,2025-12-22 13:07:00+00:00,6,2,487.837548,0.0046,target
TSLA,2025-12-22,2025-12-22 13:30:00+00:00,6,2,487.79753999999997,0.0046,target
TSLA,2025-12-22,2025-12-22 14:00:00+00:00,7,2,487.857552,0.0046,target
TSLA,2025-12-22,2025-12-22 14:28:00+00:00,8,2,489.44787,0.0046,target
TSLA,2025-12-22,2025-12-22 14:54:00+00:00,6,2,496.8613524,-0.0029000000000000002,stop
TSLA,2025-12-22,2025-12-22 16:01:00+00:00,7,2,491.828346,0.0046,target
TSLA,2025-12-22,2025-12-22 16:21:00+00:00,6,2,492.55849199999994,0.0046,target
TSLA,2025-12-22,2025-12-22 16:41:00+00:00,7,2,493.39855997999996,0.0046,target
TSLA,2025-12-22,2025-12-22 17:01:00+00:00,6,2,494.04678959999995,0.0046,target
TSLA,2025-12-22,2025-12-22 17:22:00+00:00,6,2,495.18601739999997,-0.0029000000000000002,stop
TSLA,2025-12-22,2025-12-22 17:42:00+00:00,6,2,495.22622544,0.0046,target
TSLA,2025-12-22,2025-12-22 18:06:00+00:00,6,2,494.67891599999996,-0.0029000000000000002,stop
TSLA,2025-12-22,2025-12-22 18:33:00+00:00,7,2,495.15891198,-0.0029000000000000002,stop
TSLA,2025-12-22,2025-12-22 19:02:00+00:00,6,2,496.28683751999995,-0.0029000000000000002,stop
TSLA,2025-12-22,2025-12-22 19:59:00+00:00,6,2,493.16101248,-0.0029000000000000002,stop
TSLA,2025-12-22,2025-12-22 23:01:00+00:00,6,2,489.69792,0.0046,target
TSLA,2025-12-23,2025-12-23 09:28:00+00:00,6,2,490.238028,0.0046,target
TSLA,2025-12-23,2025-12-23 09:59:00+00:00,7,2,490.358052,0.0046,target
TSLA,2025-12-23,2025-12-23 10:27:00+00:00,6,2,490.5981,0.0046,target
TSLA,2025-12-23,2025-12-23 11:12:00+00:00,6,2,490.678116,-0.0029000000000000002,stop
TSLA,2025-12-23,2025-12-23 12:06:00+00:00,6,2,490.29803999999996,0.0046,target
TSLA,2025-12-23,2025-12-23 12:27:00+00:00,6,2,490.608102,0.0046,target
TSLA,2025-12-23,2025-12-23 12:54:00+00:00,6,2,490.41806399999996,-0.0029000000000000002,stop
TSLA,2025-12-23,2025-12-23 13:22:00+00:00,6,2,489.5979,-0.0029000000000000002,stop
TSLA,2025-12-23,2025-12-23 14:31:00+00:00,8,2,491.808342,-0.0029000000000000002,stop
TSLA,2025-12-23,2025-12-23 14:53:00+00:00,7,2,490.4515707,-0.0029000000000000002,stop
TSLA,2025-12-23,2025-12-23 16:04:00+00:00,6,2,488.382657,-0.0029000000000000002,stop
TSLA,2025-12-23,2025-12-23 19:37:00+00:00,6,2,484.176816,0.0046,target
TSLA,2025-12-23,2025-12-23 20:00:00+00:00,6,2,486.55729199999996,0.0046,target
TSLA,2025-12-23,2025-12-23 20:20:00+00:00,6,2,487.337448,-0.0029000000000000002,stop
TSLA,2025-12-23,2025-12-23 21:52:00+00:00,6,2,485.79143885999997,0.0046,target
TSLA,2025-12-24,2025-12-24 09:43:00+00:00,7,2,486.667314,0.0046,target
TSLA,2025-12-24,2025-12-24 11:32:00+00:00,6,2,486.36725399999995,0.0046,target
TSLA,2025-12-24,2025-12-24 12:24:00+00:00,6,2,486.50728200000003,0.0046,target
TSLA,2025-12-24,2025-12-24 12:50:00+00:00,6,2,486.407262,-0.0029000000000000002,stop
TSLA,2025-12-24,2025-12-24 13:17:00+00:00,6,2,486.12750606,0.0046,target
TSLA,2025-12-24,2025-12-24 13:39:00+00:00,7,2,486.69732,0.0046,target
TSLA,2025-12-24,2025-12-24 13:59:00+00:00,6,2,487.857552,0.0046,target
TSLA,2025-12-24,2025-12-24 14:21:00+00:00,6,2,488.36765399999996,0.0046,target
TSLA,2025-12-24,2025-12-24 16:19:00+00:00,7,2,481.18621799999994,0.0046,target
TSLA,2025-12-24,2025-12-24 16:39:00+00:00,6,2,482.5544916,-0.0029000000000000002,stop
TSLA,2025-12-24,2025-12-24 17:09:00+00:00,9,2,482.49287928,-0.0029000000000000002,stop
TSLA,2025-12-24,2025-12-24 17:34:00+00:00,6,2,482.18641799999995,0.0046,target
TSLA,2025-12-24,2025-12-24 17:55:00+00:00,7,2,483.606702,0.0046,target
TSLA,2025-12-24,2025-12-24 18:16:00+00:00,6,2,484.76773416,0.0046,target
TSLA,2025-12-24,2025-12-24 18:36:00+00:00,7,2,484.44687,0.0046,target
TSLA,2025-12-24,2025-12-24 19:00:00+00:00,7,2,484.486878,0.0046,target
TSLA,2025-12-24,2025-12-24 19:21:00+00:00,6,2,484.39225908,0.0046,target
TSLA,2025-12-24,2025-12-24 19:48:00+00:00,6,2,484.34664996,0.0046,target
TSLA,2025-12-24,2025-12-24 20:19:00+00:00,6,2,484.43686799999995,0.0046,target
TSLA,2025-12-24,2025-12-24 20:48:00+00:00,7,2,484.386858,0.0046,target
TSLA,2025-12-24,2025-12-24 21:11:00+00:00,6,2,484.43686799999995,0.0046,target
TSLA,2025-12-26,2025-12-26 11:21:00+00:00,8,2,486.527286,0.0046,target
TSLA,2025-12-26,2025-12-26 11:51:00+00:00,6,2,486.257232,0.0046,target
TSLA,2025-12-26,2025-12-26 13:08:00+00:00,6,2,486.0972,0.0046,target
TSLA,2025-12-26,2025-12-26 13:43:00+00:00,6,2,485.95697196,0.0046,target
TSLA,2025-12-26,2025-12-26 14:14:00+00:00,8,2,485.99717999999996,-0.0029000000000000002,stop
TSLA,2025-12-26,2025-12-26 14:34:00+00:00,6,2,486.93236699999994,-0.0029000000000000002,stop
TSLA,2025-12-26,2025-12-26 17:41:00+00:00,6,2,480.306042,0.0046,target
TSLA,2025-12-29,2025-12-29 12:01:00+00:00,6,2,468.933768,0.0046,target
TSLA,2025-12-29,2025-12-29 12:21:00+00:00,8,2,470.094,0.0046,target
TSLA,2025-12-29,2025-12-29 12:44:00+00:00,6,2,470.83414799999997,-0.0029000000000000002,stop
TSLA,2025-12-29,2025-12-29 13:06:00+00:00,6,2,469.833948,0.0046,target
TSLA,2025-12-29,2025-12-29 15:30:00+00:00,6,2,466.323246,0.0046,target
TSLA,2025-12-29,2025-12-29 15:54:00+00:00,6,2,465.903162,0.0046,target
TSLA,2025-12-29,2025-12-29 16:14:00+00:00,6,2,467.238429,0.0046,target
TSLA,2025-12-29,2025-12-29 16:35:00+00:00,6,2,468.11370402,0.0046,target
TSLA,2025-12-29,2025-12-29 17:01:00+00:00,6,2,467.80364202,-0.0029000000000000002,stop
TSLA,2025-12-29,2025-12-29 17:44:00+00:00,6,2,466.023186,-0.0029000000000000002,stop
TSLA,2025-12-29,2025-12-29 19:58:00+00:00,6,2,464.272836,-0.0029000000000000002,stop
TSLA,2025-12-30,2025-12-30 09:23:00+00:00,7,2,464.79294,0.0046,target
TSLA,2025-12-30,2025-12-30 09:46:00+00:00,6,2,464.37285599999996,0.0046,target
TSLA,2025-12-30,2025-12-30 10:07:00+00:00,7,2,464.252832,0.0046,target
TSLA,2025-12-30,2025-12-30 10:33:00+00:00,6,2,464.19282000000004,0.0046,target
TSLA,2025-12-30,2025-12-30 11:37:00+00:00,6,2,463.952772,-0.0029000000000000002,stop
TSLA,2025-12-30,2025-12-30 12:13:00+00:00,6,2,462.862554,0.0046,target
TSLA,2025-12-30,2025-12-30 13:16:00+00:00,6,2,463.232628,0.0046,target
TSLA,2025-12-30,2025-12-30 13:36:00+00:00,6,2,462.69252,0.0046,target
TSLA,2025-12-30,2025-12-30 13:57:00+00:00,6,2,462.8915598,0.0046,target
TSLA,2025-12-30,2025-12-30 14:18:00+00:00,7,2,463.09270001999994,-0.0029000000000000002,stop
TSLA,2025-12-30,2025-12-30 15:23:00+00:00,7,2,460.5921,-0.0029000000000000002,stop
TSLA,2025-12-30,2025-12-30 15:43:00+00:00,7,2,460.852152,-0.0029000000000000002,stop
TSLA,2025-12-30,2025-12-30 16:03:00+00:00,8,2,462.132408,-0.0029000000000000002,stop
TSLA,2025-12-30,2025-12-30 16:25:00+00:00,6,2,461.25483252,0.0046,target
TSLA,2025-12-30,2025-12-30 16:45:00+00:00,6,2,461.9548725,-0.0029000000000000002,stop
TSLA,2025-12-30,2025-12-30 17:06:00+00:00,7,2,461.79233999999997,0.0046,target
TSLA,2025-12-30,2025-12-30 17:27:00+00:00,6,2,462.36495449999995,-0.0029000000000000002,stop
TSLA,2025-12-30,2025-12-30 17:55:00+00:00,6,2,460.372056,-0.0029000000000000002,stop
TSLA,2025-12-30,2025-12-30 18:22:00+00:00,6,2,460.662114,-0.0029000000000000002,stop
TSLA,2025-12-30,2025-12-30 22:57:00+00:00,6,2,455.69112,0.0046,target
TSLA,2025-12-31,2025-12-31 11:26:00+00:00,6,2,454.31084400000003,0.0046,target
TSLA,2025-12-31,2025-12-31 11:51:00+00:00,6,2,454.29084,0.0046,target
TSLA,2025-12-31,2025-12-31 12:21:00+00:00,6,2,455.49107999999995,0.0046,target
TSLA,2025-12-31,2025-12-31 12:42:00+00:00,6,2,456.79134,-0.0029000000000000002,stop
TSLA,2025-12-31,2025-12-31 13:08:00+00:00,6,2,455.73112799999996,0.0046,target
TSLA,2025-12-31,2025-12-31 13:29:00+00:00,6,2,456.39136002,0.0046,target
TSLA,2025-12-31,2025-12-31 13:49:00+00:00,6,2,456.98137799999995,0.0046,target
TSLA,2025-12-31,2025-12-31 14:09:00+00:00,6,2,457.94157,-0.0029000000000000002,stop
TSLA,2025-12-31,2025-12-31 15:47:00+00:00,9,2,455.04098999999997,-0.0029000000000000002,stop
TSLA,2025-12-31,2025-12-31 17:30:00+00:00,7,2,454.73092799999995,-0.0029000000000000002,stop
TSLA,2025-12-31,2025-12-31 18:11:00+00:00,6,2,454.71592499999997,0.0046,target
TSLA,2025-12-31,2025-12-31 18:35:00+00:00,6,2,455.0789976,-0.0029000000000000002,stop
TSLA,2025-12-31,2025-12-31 22:52:00+00:00,6,2,449.779938,0.0046,target
TSLA,2026-01-02,2026-01-02 14:05:00+00:00,6,2,459.031788,-0.0029000000000000002,stop
TSLA,2026-01-02,2026-01-02 14:31:00+00:00,7,2,457.801542,-0.0029000000000000002,stop
TSLA,2026-01-02,2026-01-02 19:37:00+00:00,6,2,440.158014,0.0046,target
TSLA,2026-01-02,2026-01-02 20:17:00+00:00,6,2,441.348252,-0.0029000000000000002,stop
TSLA,2026-01-02,2026-01-02 22:04:00+00:00,6,2,440.017986,0.0046,target
TSLA,2026-01-02,2026-01-02 22:56:00+00:00,6,2,440.067996,0.0046,target
TSLA,2026-01-05,2026-01-05 10:26:00+00:00,7,2,444.968976,0.0046,target
TSLA,2026-01-05,2026-01-05 10:47:00+00:00,7,2,445.329048,0.0046,target
TSLA,2026-01-05,2026-01-05 11:11:00+00:00,6,2,445.279038,0.0046,target
TSLA,2026-01-05,2026-01-05 11:41:00+00:00,7,2,445.519086,-0.0029000000000000002,stop
TSLA,2026-01-05,2026-01-05 12:01:00+00:00,6,2,445.33905,-0.0029000000000000002,stop
TSLA,2026-01-05,2026-01-05 12:54:00+00:00,8,2,445.409064,-0.0029000000000000002,stop
TSLA,2026-01-05,2026-01-05 13:53:00+00:00,8,2,445.10710362,0.0046,target
TSLA,2026-01-05,2026-01-05 14:16:00+00:00,6,2,445.28783976,0.0046,target
TSLA,2026-01-05,2026-01-05 14:37:00+00:00,7,2,451.080198,0.0046,target
TSLA,2026-01-05,2026-01-05 15:03:00+00:00,6,2,453.825747,-0.0029000000000000002,stop
TSLA,2026-01-05,2026-01-05 15:23:00+00:00,7,2,454.12080599999996,-0.0029000000000000002,stop
TSLA,2026-01-05,2026-01-05 15:45:00+00:00,6,2,455.080998,0.0046,target
TSLA,2026-01-05,2026-01-05 16:05:00+00:00,6,2,455.3240466,-0.0029000000000000002,stop
TSLA,2026-01-05,2026-01-05 16:36:00+00:00,6,2,455.030988,0.0046,target
TSLA,2026-01-05,2026-01-05 16:56:00+00:00,6,2,455.72112599999997,0.0046,target
TSLA,2026-01-05,2026-01-05 17:18:00+00:00,7,2,457.071396,-0.0029000000000000002,stop
TSLA,2026-01-05,2026-01-05 17:38:00+00:00,7,2,456.3332484,-0.0029000000000000002,stop
TSLA,2026-01-05,2026-01-05 18:24:00+00:00,6,2,454.710924,0.0046,target
TSLA,2026-01-05,2026-01-05 18:48:00+00:00,6,2,456.261234,0.0046,target
TSLA,2026-01-05,2026-01-05 19:09:00+00:00,6,2,456.47417658,-0.0029000000000000002,stop
TSLA,2026-01-05,2026-01-05 20:14:00+00:00,6,2,455.72112599999997,-0.0029000000000000002,stop
TSLA,2026-01-05,2026-01-05 20:36:00+00:00,7,2,455.16101399999997,-0.0029000000000000002,stop
TSLA,2026-01-05,2026-01-05 22:45:00+00:00,6,2,451.570296,0.0046,target
TSLA,2026-01-05,2026-01-05 23:26:00+00:00,6,2,452.200422,0.0046,target
TSLA,2026-01-06,2026-01-06 09:55:00+00:00,8,2,451.74033,0.0046,target
TSLA,2026-01-06,2026-01-06 10:19:00+00:00,6,2,451.270236,-0.0029000000000000002,stop
TSLA,2026-01-06,2026-01-06 10:49:00+00:00,7,2,451.380258,-0.0029000000000000002,stop
TSLA,2026-01-06,2026-01-06 13:01:00+00:00,7,2,453.630708,-0.0029000000000000002,stop
TSLA,2026-01-06,2026-01-06 19:31:00+00:00,6,2,433.921767,-0.0029000000000000002,stop
TSLA,2026-01-06,2026-01-06 21:45:00+00:00,7,2,434.506884,0.0046,target
TSLA,2026-01-06,2026-01-06 22:14:00+00:00,6,2,434.43687,-0.0029000000000000002,stop
TSLA,2026-01-06,2026-01-06 23:04:00+00:00,8,2,434.68692,0.0046,target
TSLA,2026-01-07,2026-01-07 09:34:00+00:00,6,2,434.90696399999996,0.0046,target
TSLA,2026-01-07,2026-01-07 09:56:00+00:00,6,2,434.966976,0.0046,target
TSLA,2026-01-07,2026-01-07 10:18:00+00:00,6,2,435.02698799999996,-0.0029000000000000002,stop
TSLA,2026-01-07,2026-01-07 12:10:00+00:00,7,2,434.21682599999997,0.0046,target
TSLA,2026-01-07,2026-01-07 12:31:00+00:00,6,2,434.646912,-0.0029000000000000002,stop
TSLA,2026-01-07,2026-01-07 12:54:00+00:00,6,2,434.38686,-0.0029000000000000002,stop
TSLA,2026-01-07,2026-01-07 13:16:00+00:00,6,2,435.066996,0.0046,target
TSLA,2026-01-07,2026-01-07 13:36:00+00:00,6,2,435.277038,0.0046,target
TSLA,2026-01-07,2026-01-07 13:56:00+00:00,6,2,435.097002,0.0046,target
TSLA,2026-01-07,2026-01-07 14:19:00+00:00,7,2,435.58780014,-0.0029000000000000002,stop
TSLA,2026-01-07,2026-01-07 14:44:00+00:00,7,2,437.72252699999996,-0.0029000000000000002,stop
TSLA,2026-01-07,2026-01-07 15:36:00+00:00,8,2,435.93717000000004,0.0046,target
TSLA,2026-01-07,2026-01-07 15:58:00+00:00,7,2,435.592101,0.0046,target
TSLA,2026-01-07,2026-01-07 16:24:00+00:00,6,2,435.757134,0.0046,target
TSLA,2026-01-07,2026-01-07 16:46:00+00:00,7,2,437.83754999999996,-0.0029000000000000002,stop
TSLA,2026-01-07,2026-01-07 17:19:00+00:00,6,2,436.74733200000003,0.0046,target
TSLA,2026-01-07,2026-01-07 17:51:00+00:00,6,2,437.15741399999996,0.0046,target
TSLA,2026-01-07,2026-01-07 18:13:00+00:00,6,2,437.077398,0.0046,target
TSLA,2026-01-07,2026-01-07 18:45:00+00:00,6,2,437.18742000000003,-0.0029000000000000002,stop
TSLA,2026-01-07,2026-01-07 19:33:00+00:00,6,2,436.717326,0.0046,target
TSLA,2026-01-07,2026-01-07 19:53:00+00:00,7,2,437.3479521,-0.0029000000000000002,stop
TSLA,2026-01-07,2026-01-07 20:16:00+00:00,7,2,436.22722799999997,-0.0029000000000000002,stop
TSLA,2026-01-07,2026-01-07 22:53:00+00:00,6,2,432.346452,0.0046,target
TSLA,2026-01-08,2026-01-08 11:00:00+00:00,6,2,429.68592,0.0046,target
TSLA,2026-01-08,2026-01-08 13:01:00+00:00,6,2,431.226228,-0.0029000000000000002,stop
TSLA,2026-01-08,2026-01-08 14:37:00+00:00,8,2,428.6592147,-0.0029000000000000002,stop
TSLA,2026-01-08,2026-01-08 14:57:00+00:00,6,2,429.765936,0.0046,target
TSLA,2026-01-08,2026-01-08 15:17:00+00:00,6,2,433.196622,-0.0029000000000000002,stop
TSLA,2026-01-08,2026-01-08 15:40:00+00:00,6,2,433.24653198,0.0046,target
TSLA,2026-01-08,2026-01-08 16:01:00+00:00,6,2,434.12690802,-0.0029000000000000002,stop
TSLA,2026-01-08,2026-01-08 16:21:00+00:00,7,2,434.47037670000003,-0.0029000000000000002,stop
TSLA,2026-01-08,2026-01-08 16:47:00+00:00,8,2,435.83715,-0.0029000000000000002,stop
TSLA,2026-01-08,2026-01-08 17:15:00+00:00,6,2,434.206824,0.0046,target
TSLA,2026-01-08,2026-01-08 17:35:00+00:00,6,2,435.847152,0.0046,target
TSLA,2026-01-08,2026-01-08 17:56:00+00:00,6,2,436.17731802,-0.0029000000000000002,stop
TSLA,2026-01-08,2026-01-08 18:18:00+00:00,7,2,435.02198699999997,-0.0029000000000000002,stop
TSLA,2026-01-08,2026-01-08 19:18:00+00:00,7,2,433.446672,0.0046,target
TSLA,2026-01-08,2026-01-08 19:38:00+00:00,6,2,434.996982,0.0046,target
TSLA,2026-01-08,2026-01-08 20:02:00+00:00,6,2,435.28704,0.0046,target
TSLA,2026-01-08,2026-01-08 20:24:00+00:00,7,2,435.34705199999996,0.0046,target
TSLA,2026-01-08,2026-01-08 20:45:00+00:00,7,2,435.076998,0.0046,target
TSLA,2026-01-08,2026-01-08 21:05:00+00:00,6,2,435.527088,0.0046,target
TSLA,2026-01-08,2026-01-08 21:30:00+00:00,7,2,435.90716399999997,0.0046,target
TSLA,2026-01-08,2026-01-08 21:52:00+00:00,7,2,436.42726799999997,0.0046,target
TSLA,2026-01-08,2026-01-08 22:15:00+00:00,6,2,436.05719400000004,0.0046,target
TSLA,2026-01-08,2026-01-08 22:36:00+00:00,7,2,436.24203096,0.0046,target
TSLA,2026-01-08,2026-01-08 22:56:00+00:00,6,2,436.327248,0.0046,target
TSLA,2026-01-08,2026-01-08 23:19:00+00:00,7,2,436.22722799999997,0.0046,target
TSLA,2026-01-09,2026-01-09 09:29:00+00:00,7,2,436.257234,0.0046,target
TSLA,2026-01-09,2026-01-09 09:49:00+00:00,6,2,437.18742000000003,0.0046,target
TSLA,2026-01-09,2026-01-09 10:15:00+00:00,6,2,436.977378,0.0046,target
TSLA,2026-01-09,2026-01-09 10:39:00+00:00,7,2,437.03738999999996,0.0046,target
TSLA,2026-01-09,2026-01-09 11:29:00+00:00,8,2,436.98738,0.0046,target
TSLA,2026-01-09,2026-01-09 11:53:00+00:00,6,2,437.647512,0.0046,target
TSLA,2026-01-09,2026-01-09 12:18:00+00:00,6,2,437.897562,0.0046,target
TSLA,2026-01-09,2026-01-09 12:46:00+00:00,6,2,437.847552,-0.0029000000000000002,stop
TSLA,2026-01-09,2026-01-09 13:08:00+00:00,7,2,437.35745399999996,0.0046,target
TSLA,2026-01-09,2026-01-09 13:33:00+00:00,6,2,437.7085242,0.0046,target
TSLA,2026-01-09,2026-01-09 13:53:00+00:00,6,2,437.74753200000004,0.0046,target
TSLA,2026-01-09,2026-01-09 14:14:00+00:00,6,2,437.88756,-0.0029000000000000002,stop
TSLA,2026-01-09,2026-01-09 14:51:00+00:00,6,2,435.697122,0.0046,target
TSLA,2026-01-09,2026-01-09 15:11:00+00:00,6,2,437.192421,0.0046,target
TSLA,2026-01-09,2026-01-09 15:33:00+00:00,6,2,442.86855599999996,-0.0029000000000000002,stop
TSLA,2026-01-09,2026-01-09 15:54:00+00:00,6,2,442.79354099999995,0.0046,target
TSLA,2026-01-09,2026-01-09 16:17:00+00:00,6,2,443.93877000000003,-0.0029000000000000002,stop
TSLA,2026-01-09,2026-01-09 16:41:00+00:00,6,2,443.66871599999996,0.0046,target
TSLA,2026-01-09,2026-01-09 17:02:00+00:00,6,2,443.963775,0.0046,target
TSLA,2026-01-09,2026-01-09 17:27:00+00:00,7,2,444.898962,0.0046,target
TSLA,2026-01-09,2026-01-09 17:47:00+00:00,7,2,445.93917,0.0046,target
TSLA,2026-01-09,2026-01-09 18:10:00+00:00,6,2,448.599702,-0.0029000000000000002,stop
TSLA,2026-01-09,2026-01-09 18:36:00+00:00,7,2,447.694521,0.0046,target
TSLA,2026-01-09,2026-01-09 18:57:00+00:00,6,2,447.40446299999996,-0.0029000000000000002,stop
TSLA,2026-01-09,2026-01-09 19:18:00+00:00,7,2,447.749532,-0.0029000000000000002,stop
TSLA,2026-01-09,2026-01-09 19:59:00+00:00,6,2,445.769136,-0.0029000000000000002,stop
TSLA,2026-01-09,2026-01-09 20:45:00+00:00,6,2,445.469076,0.0046,target
TSLA,2026-01-09,2026-01-09 21:51:00+00:00,6,2,445.04109042,0.0046,target
TSLA,2026-01-09,2026-01-09 22:15:00+00:00,6,2,445.018986,0.0046,target
TSLA,2026-01-09,2026-01-09 22:46:00+00:00,6,2,445.008984,0.0046,target
TSLA,2026-01-09,2026-01-09 23:06:00+00:00,6,2,445.47907799999996,0.0046,target
TSLA,2026-01-12,2026-01-12 10:22:00+00:00,6,2,441.33825,0.0046,target
TSLA,2026-01-12,2026-01-12 10:46:00+00:00,7,2,441.728328,0.0046,target
TSLA,2026-01-12,2026-01-12 11:08:00+00:00,6,2,441.48828,0.0046,target
TSLA,2026-01-12,2026-01-12 11:34:00+00:00,7,2,442.0884,0.0046,target
TSLA,2026-01-12,2026-01-12 12:03:00+00:00,7,2,442.198422,-0.0029000000000000002,stop
TSLA,2026-01-12,2026-01-12 12:34:00+00:00,6,2,441.88836,-0.0029000000000000002,stop
TSLA,2026-01-12,2026-01-12 12:54:00+00:00,6,2,442.73852999999997,-0.0029000000000000002,stop
TSLA,2026-01-12,2026-01-12 13:16:00+00:00,6,2,442.12880807999994,-0.0029000000000000002,stop
TSLA,2026-01-12,2026-01-12 14:39:00+00:00,7,2,443.16851598,-0.0029000000000000002,stop
TSLA,2026-01-12,2026-01-12 15:02:00+00:00,7,2,448.794741,-0.0029000000000000002,stop
TSLA,2026-01-12,2026-01-12 15:26:00+00:00,6,2,449.28983999999997,-0.0029000000000000002,stop
TSLA,2026-01-12,2026-01-12 15:47:00+00:00,6,2,448.18091826,-0.0029000000000000002,stop
TSLA,2026-01-12,2026-01-12 16:14:00+00:00,6,2,448.65961398,0.0046,target
TSLA,2026-01-12,2026-01-12 16:36:00+00:00,8,2,450.210024,0.0046,target
TSLA,2026-01-12,2026-01-12 16:59:00+00:00,6,2,450.480078,0.0046,target
TSLA,2026-01-12,2026-01-12 17:20:00+00:00,6,2,454.210824,-0.0029000000000000002,stop
TSLA,2026-01-12,2026-01-12 17:42:00+00:00,6,2,452.82054600000004,-0.0029000000000000002,stop
TSLA,2026-01-12,2026-01-12 18:08:00+00:00,6,2,451.8613542,-0.0029000000000000002,stop
TSLA,2026-01-12,2026-01-12 18:38:00+00:00,6,2,451.55029199999996,-0.0029000000000000002,stop
TSLA,2026-01-12,2026-01-12 18:58:00+00:00,6,2,451.330248,-0.0029000000000000002,stop
TSLA,2026-01-12,2026-01-12 19:19:00+00:00,6,2,451.69032,-0.0029000000000000002,stop
TSLA,2026-01-12,2026-01-12 19:42:00+00:00,6,2,450.72372672,-0.0029000000000000002,stop
TSLA,2026-01-12,2026-01-12 20:06:00+00:00,6,2,450.79013999999995,0.0046,target
TSLA,2026-01-12,2026-01-12 20:34:00+00:00,6,2,450.930168,-0.0029000000000000002,stop
TSLA,2026-01-12,2026-01-12 21:05:00+00:00,6,2,449.009784,0.0046,target
TSLA,2026-01-13,2026-01-13 09:21:00+00:00,6,2,449.759934,-0.0029000000000000002,stop
TSLA,2026-01-13,2026-01-13 09:41:00+00:00,6,2,449.519886,0.0046,target
TSLA,2026-01-13,2026-01-13 10:37:00+00:00,7,2,448.84975199999997,0.0046,target
TSLA,2026-01-13,2026-01-13 11:23:00+00:00,6,2,448.78974,0.0046,target
TSLA,2026-01-13,2026-01-13 11:59:00+00:00,6,2,449.219826,0.0046,target
TSLA,2026-01-13,2026-01-13 12:20:00+00:00,6,2,449.73992999999996,0.0046,target
TSLA,2026-01-13,2026-01-13 12:58:00+00:00,6,2,449.18982,-0.0029000000000000002,stop
TSLA,2026-01-13,2026-01-13 13:33:00+00:00,6,2,450.99017999999995,0.0046,target
TSLA,2026-01-13,2026-01-13 13:53:00+00:00,6,2,450.400062,0.0046,target
TSLA,2026-01-13,2026-01-13 14:15:00+00:00,6,2,451.260234,-0.0029000000000000002,stop
TSLA,2026-01-13,2026-01-13 15:13:00+00:00,6,2,450.805143,-0.0029000000000000002,stop
TSLA,2026-01-13,2026-01-13 15:46:00+00:00,7,2,449.65991399999996,-0.0029000000000000002,stop
TSLA,2026-01-13,2026-01-13 16:07:00+00:00,8,2,451.35025199999995,-0.0029000000000000002,stop
TSLA,2026-01-13,2026-01-13 16:30:00+00:00,6,2,450.39586116,0.0046,target
TSLA,2026-01-13,2026-01-13 16:57:00+00:00,7,2,451.025187,-0.0029000000000000002,stop
TSLA,2026-01-13,2026-01-13 19:55:00+00:00,6,2,446.669316,-0.0029000000000000002,stop
TSLA,2026-01-13,2026-01-13 20:51:00+00:00,6,2,447.214425,-0.0029000000000000002,stop
TSLA,2026-01-14,2026-01-14 09:36:00+00:00,7,2,447.079398,0.0046,target
TSLA,2026-01-14,2026-01-14 11:24:00+00:00,6,2,444.558894,0.0046,target
TSLA,2026-01-14,2026-01-14 12:26:00+00:00,6,2,444.768936,0.0046,target
TSLA,2026-01-14,2026-01-14 12:52:00+00:00,7,2,445.419066,-0.0029000000000000002,stop
TSLA,2026-01-14,2026-01-14 15:12:00+00:00,7,2,441.878358,-0.0029000000000000002,stop
TSLA,2026-01-14,2026-01-14 18:18:00+00:00,6,2,436.162215,-0.0029000000000000002,stop
TSLA,2026-01-14,2026-01-14 20:51:00+00:00,6,2,437.48747999999995,0.0046,target
TSLA,2026-01-14,2026-01-14 21:11:00+00:00,6,2,438.83774999999997,0.0046,target
TSLA,2026-01-14,2026-01-14 21:42:00+00:00,6,2,438.557694,-0.0029000000000000002,stop
TSLA,2026-01-14,2026-01-14 22:52:00+00:00,7,2,438.377658,0.0046,target
TSLA,2026-01-14,2026-01-14 23:14:00+00:00,6,2,438.33765,0.0046,target
TSLA,2026-01-15,2026-01-15 09:24:00+00:00,8,2,440.78814,0.0046,target
TSLA,2026-01-15,2026-01-15 09:46:00+00:00,6,2,441.88836,0.0046,target
TSLA,2026-01-15,2026-01-15 10:06:00+00:00,6,2,441.508284,0.0046,target
TSLA,2026-01-15,2026-01-15 10:27:00+00:00,6,2,441.408264,0.0046,target
TSLA,2026-01-15,2026-01-15 10:57:00+00:00,6,2,441.42826799999995,0.0046,target
TSLA,2026-01-15,2026-01-15 11:49:00+00:00,6,2,441.54829199999995,0.0046,target
TSLA,2026-01-15,2026-01-15 12:26:00+00:00,6,2,440.678118,0.0046,target
TSLA,2026-01-15,2026-01-15 12:48:00+00:00,6,2,441.28824,-0.0029000000000000002,stop
TSLA,2026-01-15,2026-01-15 13:08:00+00:00,6,2,441.468276,0.0046,target
TSLA,2026-01-15,2026-01-15 13:46:00+00:00,6,2,441.598302,0.0046,target
TSLA,2026-01-15,2026-01-15 14:11:00+00:00,7,2,441.61830599999996,0.0046,target
TSLA,2026-01-15,2026-01-15 14:31:00+00:00,7,2,443.368656,-0.0029000000000000002,stop
TSLA,2026-01-15,2026-01-15 14:54:00+00:00,7,2,443.37865800000003,-0.0029000000000000002,stop
TSLA,2026-01-15,2026-01-15 15:18:00+00:00,7,2,442.883559,0.0046,target
TSLA,2026-01-15,2026-01-15 15:41:00+00:00,6,2,444.628908,-0.0029000000000000002,stop
TSLA,2026-01-15,2026-01-15 16:06:00+00:00,6,2,444.26383500000003,-0.0029000000000000002,stop
TSLA,2026-01-15,2026-01-15 17:27:00+00:00,6,2,443.38866,-0.0029000000000000002,stop
TSLA,2026-01-15,2026-01-15 18:27:00+00:00,6,2,442.878558,0.0046,target
TSLA,2026-01-15,2026-01-15 18:47:00+00:00,6,2,443.63871,-0.0029000000000000002,stop
TSLA,2026-01-15,2026-01-15 22:19:00+00:00,6,2,439.067796,0.0046,target
TSLA,2026-01-16,2026-01-16 09:26:00+00:00,7,2,441.148212,0.0046,target
TSLA,2026-01-16,2026-01-16 09:55:00+00:00,6,2,440.458074,0.0046,target
TSLA,2026-01-16,2026-01-16 10:39:00+00:00,7,2,440.878158,0.0046,target
TSLA,2026-01-16,2026-01-16 11:08:00+00:00,6,2,440.73812999999996,0.0046,target
TSLA,2026-01-16,2026-01-16 11:36:00+00:00,7,2,441.648312,0.0046,target
TSLA,2026-01-16,2026-01-16 12:01:00+00:00,6,2,441.38826,0.0046,target
TSLA,2026-01-16,2026-01-16 12:27:00+00:00,6,2,441.38826,0.0046,target
TSLA,2026-01-16,2026-01-16 12:59:00+00:00,7,2,441.17821799999996,0.0046,target
TSLA,2026-01-16,2026-01-16 14:31:00+00:00,6,2,442.3759575,-0.0029000000000000002,stop
TSLA,2026-01-16,2026-01-16 14:53:00+00:00,7,2,445.5380898,-0.0029000000000000002,stop
TSLA,2026-01-16,2026-01-16 16:27:00+00:00,6,2,439.107804,-0.0029000000000000002,stop
TSLA,2026-01-16,2026-01-16 17:24:00+00:00,6,2,439.36785599999996,-0.0029000000000000002,stop
TSLA,2026-01-16,2026-01-16 18:13:00+00:00,7,2,439.67961834,0.0046,target
TSLA,2026-01-16,2026-01-16 18:36:00+00:00,6,2,439.98787998,0.0046,target
TSLA,2026-01-16,2026-01-16 19:05:00+00:00,7,2,440.73392916,-0.0029000000000000002,stop
TSLA,2026-01-16,2026-01-16 19:39:00+00:00,7,2,440.448072,0.0046,target
TSLA,2026-01-16,2026-01-16 20:07:00+00:00,6,2,440.42956829999997,-0.0029000000000000002,stop
TSLA,2026-01-20,2026-01-20 10:21:00+00:00,7,2,425.965176,0.0046,target
TSLA,2026-01-20,2026-01-20 10:49:00+00:00,6,2,426.805344,-0.0029000000000000002,stop
TSLA,2026-01-20,2026-01-20 11:20:00+00:00,6,2,425.98517999999996,0.0046,target
TSLA,2026-01-20,2026-01-20 11:40:00+00:00,6,2,426.205224,0.0046,target
TSLA,2026-01-20,2026-01-20 12:01:00+00:00,6,2,426.78533999999996,0.0046,target
TSLA,2026-01-20,2026-01-20 12:21:00+00:00,6,2,427.445472,0.0046,target
TSLA,2026-01-20,2026-01-20 12:41:00+00:00,8,2,428.495682,0.0046,target
TSLA,2026-01-20,2026-01-20 13:01:00+00:00,8,2,428.18141915999996,0.0046,target
TSLA,2026-01-20,2026-01-20 14:33:00+00:00,6,2,425.43507,0.0046,target
TSLA,2026-01-20,2026-01-20 15:28:00+00:00,6,2,426.54529199999996,-0.0029000000000000002,stop
TSLA,2026-01-20,2026-01-20 17:07:00+00:00,6,2,426.25523400000003,0.0046,target
TSLA,2026-01-20,2026-01-20 17:33:00+00:00,6,2,426.170217,-0.0029000000000000002,stop
TSLA,2026-01-20,2026-01-20 23:22:00+00:00,6,2,419.58389999999997,0.0046,target
TSLA,2026-01-21,2026-01-21 09:21:00+00:00,6,2,422.704524,-0.0029000000000000002,stop
TSLA,2026-01-21,2026-01-21 09:51:00+00:00,6,2,421.33425,0.0046,target
TSLA,2026-01-21,2026-01-21 10:31:00+00:00,6,2,421.5843,0.0046,target
TSLA,2026-01-21,2026-01-21 11:18:00+00:00,6,2,420.93417,-0.0029000000000000002,stop
TSLA,2026-01-21,2026-01-21 13:01:00+00:00,8,2,423.61470599999996,-0.0029000000000000002,stop
TSLA,2026-01-21,2026-01-21 13:54:00+00:00,6,2,420.194022,0.0046,target
TSLA,2026-01-21,2026-01-21 14:17:00+00:00,7,2,423.544692,-0.0029000000000000002,stop
TSLA,2026-01-21,2026-01-21 14:38:00+00:00,7,2,421.74933300000004,-0.0029000000000000002,stop
TSLA,2026-01-21,2026-01-21 14:59:00+00:00,7,2,423.924768,0.0046,target
TSLA,2026-01-21,2026-01-21 15:19:00+00:00,6,2,425.83515,0.0046,target
TSLA,2026-01-21,2026-01-21 15:40:00+00:00,6,2,428.05549398,0.0046,target
TSLA,2026-01-21,2026-01-21 16:06:00+00:00,6,2,428.34575202,-0.0029000000000000002,stop
TSLA,2026-01-21,2026-01-21 17:58:00+00:00,6,2,424.65491399999996,-0.0029000000000000002,stop
TSLA,2026-01-21,2026-01-21 18:18:00+00:00,6,2,425.039991,-0.0029000000000000002,stop
TSLA,2026-01-21,2026-01-21 18:38:00+00:00,6,2,425.61510599999997,0.0046,target
TSLA,2026-01-21,2026-01-21 18:58:00+00:00,6,2,426.86535599999996,0.0046,target
TSLA,2026-01-21,2026-01-21 19:23:00+00:00,6,2,427.05539400000004,0.0046,target
TSLA,2026-01-21,2026-01-21 19:43:00+00:00,7,2,437.207424,-0.0029000000000000002,stop
TSLA,2026-01-21,2026-01-21 20:09:00+00:00,6,2,435.527088,-0.0029000000000000002,stop
TSLA,2026-01-21,2026-01-21 20:34:00+00:00,6,2,433.826748,-0.0029000000000000002,stop
TSLA,2026-01-21,2026-01-21 20:54:00+00:00,6,2,431.756334,-0.0029000000000000002,stop
TSLA,2026-01-21,2026-01-21 21:15:00+00:00,6,2,433.0866,0.0046,target
TSLA,2026-01-21,2026-01-21 21:41:00+00:00,7,2,433.346652,0.0046,target
TSLA,2026-01-21,2026-01-21 22:02:00+00:00,6,2,433.53668999999996,0.0046,target
TSLA,2026-01-21,2026-01-21 22:24:00+00:00,7,2,433.716726,-0.0029000000000000002,stop
TSLA,2026-01-21,2026-01-21 22:47:00+00:00,6,2,433.43667,0.0046,target
TSLA,2026-01-21,2026-01-21 23:08:00+00:00,7,2,434.016786,-0.0029000000000000002,stop
TSLA,2026-01-22,2026-01-22 09:29:00+00:00,6,2,436.007184,0.0046,target
TSLA,2026-01-22,2026-01-22 09:55:00+00:00,7,2,436.91736599999996,0.0046,target
TSLA,2026-01-22,2026-01-22 10:15:00+00:00,6,2,436.34725199999997,0.0046,target
TSLA,2026-01-22,2026-01-22 10:41:00+00:00,6,2,437.03738999999996,0.0046,target
TSLA,2026-01-22,2026-01-22 11:03:00+00:00,8,2,437.60750399999995,0.0046,target
TSLA,2026-01-22,2026-01-22 11:34:00+00:00,6,2,437.247432,-0.0029000000000000002,stop
TSLA,2026-01-22,2026-01-22 12:27:00+00:00,6,2,436.14721199999997,0.0046,target
TSLA,2026-01-22,2026-01-22 12:59:00+00:00,6,2,436.167216,-0.0029000000000000002,stop
TSLA,2026-01-22,2026-01-22 13:19:00+00:00,6,2,437.04669185999995,-0.0029000000000000002,stop
TSLA,2026-01-22,2026-01-22 13:43:00+00:00,6,2,436.34725199999997,0.0046,target
TSLA,2026-01-22,2026-01-22 14:04:00+00:00,6,2,437.18742000000003,-0.0029000000000000002,stop
TSLA,2026-01-22,2026-01-22 14:24:00+00:00,7,2,436.43727,-0.0029000000000000002,stop
TSLA,2026-01-22,2026-01-22 15:19:00+00:00,7,2,435.527088,0.0046,target
TSLA,2026-01-22,2026-01-22 15:49:00+00:00,7,2,436.31674589999994,0.0046,target
TSLA,2026-01-22,2026-01-22 16:10:00+00:00,6,2,437.767536,0.0046,target
TSLA,2026-01-22,2026-01-22 16:32:00+00:00,6,2,438.41086464,-0.0029000000000000002,stop
TSLA,2026-01-22,2026-01-22 16:52:00+00:00,9,2,439.077798,-0.0029000000000000002,stop
TSLA,2026-01-22,2026-01-22 17:15:00+00:00,6,2,438.317646,0.0046,target
TSLA,2026-01-22,2026-01-22 17:37:00+00:00,6,2,439.702923,0.0046,target
TSLA,2026-01-22,2026-01-22 18:03:00+00:00,8,2,445.67731763999996,0.0046,target
TSLA,2026-01-22,2026-01-22 18:24:00+00:00,6,2,447.0894,-0.0029000000000000002,stop
TSLA,2026-01-22,2026-01-22 18:46:00+00:00,6,2,447.024387,-0.0029000000000000002,stop
TSLA,2026-01-22,2026-01-22 19:06:00+00:00,7,2,447.23942999999997,0.0046,target
TSLA,2026-01-22,2026-01-22 19:27:00+00:00,6,2,448.60970399999997,-0.0029000000000000002,stop
TSLA,2026-01-22,2026-01-22 19:47:00+00:00,6,2,448.149612,-0.0029000000000000002,stop
TSLA,2026-01-22,2026-01-22 20:20:00+00:00,6,2,447.83955,-0.0029000000000000002,stop
TSLA,2026-01-22,2026-01-22 20:43:00+00:00,6,2,447.219426,0.0046,target
TSLA,2026-01-22,2026-01-22 21:03:00+00:00,8,2,449.719926,0.0046,target
TSLA,2026-01-22,2026-01-22 21:33:00+00:00,6,2,449.969976,-0.0029000000000000002,stop
TSLA,2026-01-22,2026-01-22 22:07:00+00:00,7,2,449.129808,0.0046,target
TSLA,2026-01-22,2026-01-22 22:46:00+00:00,6,2,448.669716,0.0046,target
TSLA,2026-01-22,2026-01-22 23:07:00+00:00,6,2,448.149612,0.0046,target
TSLA,2026-01-22,2026-01-22 23:28:00+00:00,6,2,448.68972,0.0046,target
TSLA,2026-01-23,2026-01-23 11:19:00+00:00,6,2,449.969976,-0.0029000000000000002,stop
TSLA,2026-01-23,2026-01-23 11:39:00+00:00,6,2,450.049992,-0.0029000000000000002,stop
TSLA,2026-01-23,2026-01-23 13:08:00+00:00,6,2,449.699922,-0.0029000000000000002,stop
TSLA,2026-01-23,2026-01-23 14:54:00+00:00,7,2,449.0687958,-0.0029000000000000002,stop
TSLA,2026-01-23,2026-01-23 15:15:00+00:00,6,2,447.83955,-0.0029000000000000002,stop
TSLA,2026-01-23,2026-01-23 15:43:00+00:00,7,2,448.724727,0.0046,target
TSLA,2026-01-23,2026-01-23 16:03:00+00:00,7,2,450.87015599999995,-0.0029000000000000002,stop
TSLA,2026-01-23,2026-01-23 16:24:00+00:00,6,2,450.34515102,-0.0029000000000000002,stop
TSLA,2026-01-23,2026-01-23 19:07:00+00:00,6,2,448.359654,-0.0029000000000000002,stop
TSLA,2026-01-23,2026-01-23 20:02:00+00:00,6,2,448.43936993999995,-0.0029000000000000002,stop
TSLA,2026-01-23,2026-01-23 21:02:00+00:00,6,2,448.88976,0.0046,target
TSLA,2026-01-23,2026-01-23 21:24:00+00:00,7,2,448.88976,-0.0029000000000000002,stop
TSLA,2026-01-23,2026-01-23 23:10:00+00:00,7,2,448.269636,0.0046,target
TSLA,2026-01-26,2026-01-26 10:34:00+00:00,7,2,444.628908,0.0046,target
TSLA,2026-01-26,2026-01-26 10:57:00+00:00,6,2,445.089,0.0046,target
TSLA,2026-01-26,2026-01-26 11:40:00+00:00,6,2,444.748932,0.0046,target
TSLA,2026-01-26,2026-01-26 12:01:00+00:00,6,2,445.10900399999997,0.0046,target
TSLA,2026-01-26,2026-01-26 12:22:00+00:00,6,2,446.03918999999996,0.0046,target
TSLA,2026-01-26,2026-01-26 13:15:00+00:00,6,2,445.79914199999996,-0.0029000000000000002,stop
TSLA,2026-01-26,2026-01-26 13:58:00+00:00,6,2,445.07459711999996,0.0046,target
TSLA,2026-01-26,2026-01-26 14:18:00+00:00,6,2,445.769136,-0.0029000000000000002,stop
TSLA,2026-01-26,2026-01-26 15:21:00+00:00,6,2,441.3157455,-0.0029000000000000002,stop
TSLA,2026-01-26,2026-01-26 16:27:00+00:00,6,2,439.622907,-0.0029000000000000002,stop
TSLA,2026-01-26,2026-01-26 17:15:00+00:00,6,2,439.507884,0.0046,target
TSLA,2026-01-26,2026-01-26 22:52:00+00:00,6,2,435.28593978,0.0046,target
TSLA,2026-01-26,2026-01-26 23:15:00+00:00,6,2,435.73713,0.0046,target
TSLA,2026-01-27,2026-01-27 09:48:00+00:00,7,2,437.767536,0.0046,target
TSLA,2026-01-27,2026-01-27 10:24:00+00:00,6,2,437.78754,0.0046,target
TSLA,2026-01-27,2026-01-27 11:00:00+00:00,7,2,437.88756,0.0046,target
TSLA,2026-01-27,2026-01-27 11:51:00+00:00,6,2,437.877558,0.0046,target
TSLA,2026-01-27,2026-01-27 12:42:00+00:00,6,2,437.28744,0.0046,target
TSLA,2026-01-27,2026-01-27 13:04:00+00:00,6,2,437.69762202,0.0046,target
TSLA,2026-01-27,2026-01-27 13:28:00+00:00,6,2,437.61750599999993,0.0046,target
TSLA,2026-01-27,2026-01-27 14:30:00+00:00,6,2,437.497482,-0.0029000000000000002,stop
TSLA,2026-01-27,2026-01-27 15:03:00+00:00,7,2,435.557094,-0.0029000000000000002,stop
TSLA,2026-01-27,2026-01-27 15:25:00+00:00,7,2,435.88716,-0.0029000000000000002,stop
TSLA,2026-01-27,2026-01-27 15:47:00+00:00,6,2,435.90236304,-0.0029000000000000002,stop
TSLA,2026-01-27,2026-01-27 16:25:00+00:00,6,2,434.951973,0.0046,target
TSLA,2026-01-27,2026-01-27 16:56:00+00:00,7,2,435.46707599999996,-0.0029000000000000002,stop
TSLA,2026-01-27,2026-01-27 19:56:00+00:00,6,2,432.676518,0.0046,target
TSLA,2026-01-27,2026-01-27 21:41:00+00:00,6,2,431.28623999999996,0.0046,target
TSLA,2026-01-27,2026-01-27 22:43:00+00:00,6,2,431.576298,0.0046,target
TSLA,2026-01-28,2026-01-28 09:43:00+00:00,7,2,432.076398,0.0046,target
TSLA,2026-01-28,2026-01-28 10:44:00+00:00,6,2,432.066396,0.0046,target
TSLA,2026-01-28,2026-01-28 11:06:00+00:00,6,2,431.93637,0.0046,target
TSLA,2026-01-28,2026-01-28 11:31:00+00:00,6,2,432.38646,0.0046,target
TSLA,2026-01-28,2026-01-28 11:54:00+00:00,7,2,432.106404,0.0046,target
TSLA,2026-01-28,2026-01-28 13:02:00+00:00,6,2,432.03608994,0.0046,target
TSLA,2026-01-28,2026-01-28 13:23:00+00:00,6,2,433.38666,0.0046,target
TSLA,2026-01-28,2026-01-28 13:43:00+00:00,6,2,433.366656,0.0046,target
TSLA,2026-01-28,2026-01-28 14:04:00+00:00,7,2,434.17111686,-0.0029000000000000002,stop
TSLA,2026-01-28,2026-01-28 14:33:00+00:00,6,2,434.18682,-0.0029000000000000002,stop
TSLA,2026-01-28,2026-01-28 14:53:00+00:00,6,2,436.47727799999996,-0.0029000000000000002,stop
TSLA,2026-01-28,2026-01-28 15:20:00+00:00,6,2,435.58720001999995,-0.0029000000000000002,stop
TSLA,2026-01-28,2026-01-28 17:17:00+00:00,6,2,435.382059,-0.0029000000000000002,stop
TSLA,2026-01-28,2026-01-28 18:14:00+00:00,7,2,435.40696398,-0.0029000000000000002,stop
TSLA,2026-01-28,2026-01-28 18:41:00+00:00,7,2,435.307044,-0.0029000000000000002,stop
TSLA,2026-01-28,2026-01-28 19:01:00+00:00,6,2,434.80694400000004,-0.0029000000000000002,stop
TSLA,2026-01-28,2026-01-28 19:55:00+00:00,6,2,435.10700399999996,0.0046,target
TSLA,2026-01-28,2026-01-28 21:10:00+00:00,6,2,446.659314,-0.0029000000000000002,stop
TSLA,2026-01-28,2026-01-28 21:37:00+00:00,7,2,444.98897999999997,-0.0029000000000000002,stop
TSLA,2026-01-28,2026-01-28 21:57:00+00:00,7,2,444.48888,-0.0029000000000000002,stop
TSLA,2026-01-28,2026-01-28 22:17:00+00:00,7,2,445.68912,0.0046,target
TSLA,2026-01-28,2026-01-28 22:40:00+00:00,7,2,447.91066422,-0.0029000000000000002,stop
TSLA,2026-01-28,2026-01-28 23:13:00+00:00,6,2,440.83815,-0.0029000000000000002,stop
TSLA,2026-01-29,2026-01-29 09:21:00+00:00,6,2,442.068396,0.0046,target
TSLA,2026-01-29,2026-01-29 09:43:00+00:00,8,2,444.05879400000003,-0.0029000000000000002,stop
TSLA,2026-01-29,2026-01-29 10:08:00+00:00,7,2,443.078598,0.0046,target
TSLA,2026-01-29,2026-01-29 10:29:00+00:00,6,2,443.928768,0.0046,target
TSLA,2026-01-29,2026-01-29 10:51:00+00:00,6,2,444.58889999999997,-0.0029000000000000002,stop
TSLA,2026-01-29,2026-01-29 11:13:00+00:00,6,2,443.808744,0.0046,target
TSLA,2026-01-29,2026-01-29 11:36:00+00:00,7,2,444.18882,-0.0029000000000000002,stop
TSLA,2026-01-29,2026-01-29 12:03:00+00:00,6,2,441.48828,-0.0029000000000000002,stop
TSLA,2026-01-29,2026-01-29 17:28:00+00:00,6,2,424.844952,-0.0029000000000000002,stop
TSLA,2026-01-29,2026-01-29 22:22:00+00:00,7,2,432.68652000000003,0.0046,target
TSLA,2026-01-29,2026-01-29 22:58:00+00:00,7,2,428.9572743,-0.0029000000000000002,stop
TSLA,2026-01-29,2026-01-29 23:19:00+00:00,6,2,427.03388970000003,0.0046,target
TSLA,2026-01-30,2026-01-30 10:38:00+00:00,6,2,423.83475,0.0046,target
TSLA,2026-01-30,2026-01-30 11:00:00+00:00,6,2,424.13481,0.0046,target
TSLA,2026-01-30,2026-01-30 11:42:00+00:00,6,2,426.48528,-0.0029000000000000002,stop
TSLA,2026-01-30,2026-01-30 12:02:00+00:00,6,2,426.605304,0.0046,target
TSLA,2026-01-30,2026-01-30 12:25:00+00:00,6,2,427.0854,-0.0029000000000000002,stop
TSLA,2026-01-30,2026-01-30 13:12:00+00:00,7,2,426.575298,-0.0029000000000000002,stop
TSLA,2026-01-30,2026-01-30 14:31:00+00:00,8,2,429.36585599999995,-0.0029000000000000002,stop
TSLA,2026-01-30,2026-01-30 14:55:00+00:00,6,2,426.825348,-0.0029000000000000002,stop
TSLA,2026-01-30,2026-01-30 15:15:00+00:00,6,2,429.740931,0.0046,target
TSLA,2026-01-30,2026-01-30 15:35:00+00:00,7,2,431.801343,0.0046,target
TSLA,2026-01-30,2026-01-30 15:55:00+00:00,6,2,438.707724,-0.0029000000000000002,stop
TSLA,2026-01-30,2026-01-30 16:21:00+00:00,6,2,437.55249299999997,-0.0029000000000000002,stop
TSLA,2026-01-30,2026-01-30 16:41:00+00:00,6,2,438.347652,-0.0029000000000000002,stop
TSLA,2026-01-30,2026-01-30 17:01:00+00:00,6,2,435.197022,-0.0029000000000000002,stop
TSLA,2026-01-30,2026-01-30 17:30:00+00:00,7,2,438.507684,-0.0029000000000000002,stop
TSLA,2026-01-30,2026-01-30 17:55:00+00:00,6,2,436.90746402,-0.0029000000000000002,stop
TSLA,2026-01-30,2026-01-30 18:54:00+00:00,7,2,434.5869,-0.0029000000000000002,stop
TSLA,2026-01-30,2026-01-30 19:21:00+00:00,6,2,434.93697000000003,-0.0029000000000000002,stop
TSLA,2026-01-30,2026-01-30 19:48:00+00:00,6,2,434.2953417,-0.0029000000000000002,stop
TSLA,2026-01-30,2026-01-30 20:48:00+00:00,7,2,433.846752,-0.0029000000000000002,stop
TSLA,2026-02-02,2026-02-02 11:12:00+00:00,6,2,422.444472,-0.0029000000000000002,stop
TSLA,2026-02-02,2026-02-02 12:12:00+00:00,6,2,421.71432599999997,0.0046,target
TSLA,2026-02-02,2026-02-02 12:33:00+00:00,6,2,423.5847,-0.0029000000000000002,stop
TSLA,2026-02-02,2026-02-02 13:00:00+00:00,6,2,423.074598,-0.0029000000000000002,stop
TSLA,2026-02-02,2026-02-02 13:23:00+00:00,7,2,422.16441599999996,-0.0029000000000000002,stop
TSLA,2026-02-02,2026-02-02 13:57:00+00:00,6,2,422.24903292,0.0046,target
TSLA,2026-02-02,2026-02-02 14:18:00+00:00,6,2,422.38596029999997,-0.0029000000000000002,stop
TSLA,2026-02-02,2026-02-02 14:53:00+00:00,6,2,420.544092,-0.0029000000000000002,stop
TSLA,2026-02-02,2026-02-02 15:18:00+00:00,6,2,419.54389199999997,-0.0029000000000000002,stop
TSLA,2026-02-02,2026-02-02 15:41:00+00:00,8,2,422.104404,-0.0029000000000000002,stop
TSLA,2026-02-02,2026-02-02 16:25:00+00:00,6,2,420.084,-0.0029000000000000002,stop
TSLA,2026-02-02,2026-02-02 16:58:00+00:00,6,2,420.124008,0.0046,target
TSLA,2026-02-02,2026-02-02 17:19:00+00:00,6,2,421.544292,0.0046,target
TSLA,2026-02-02,2026-02-02 17:42:00+00:00,7,2,423.394662,0.0046,target
TSLA,2026-02-02,2026-02-02 18:05:00+00:00,6,2,424.724928,0.0046,target
TSLA,2026-02-02,2026-02-02 18:25:00+00:00,6,2,426.695322,-0.0029000000000000002,stop
TSLA,2026-02-02,2026-02-02 18:48:00+00:00,6,2,426.515286,-0.0029000000000000002,stop
TSLA,2026-02-02,2026-02-02 19:12:00+00:00,6,2,426.645312,-0.0029000000000000002,stop
TSLA,2026-02-02,2026-02-02 19:36:00+00:00,6,2,424.77493799999996,-0.0029000000000000002,stop
TSLA,2026-02-02,2026-02-02 20:05:00+00:00,6,2,423.704724,0.0046,target
TSLA,2026-02-02,2026-02-02 20:31:00+00:00,6,2,424.06469597999995,-0.0029000000000000002,stop
TSLA,2026-02-02,2026-02-02 20:58:00+00:00,6,2,422.83455,-0.0029000000000000002,stop
TSLA,2026-02-02,2026-02-02 21:21:00+00:00,6,2,424.54869276,-0.0029000000000000002,stop
TSLA,2026-02-02,2026-02-02 22:02:00+00:00,6,2,423.23463,0.0046,target
TSLA,2026-02-02,2026-02-02 22:24:00+00:00,7,2,423.88476,0.0046,target
TSLA,2026-02-02,2026-02-02 22:44:00+00:00,6,2,424.1853201,-0.0029000000000000002,stop
TSLA,2026-02-02,2026-02-02 23:05:00+00:00,6,2,423.41466599999995,0.0046,target
TSLA,2026-02-02,2026-02-02 23:26:00+00:00,6,2,423.944772,0.0046,target
TSLA,2026-02-03,2026-02-03 09:26:00+00:00,6,2,426.11520599999994,0.0046,target
TSLA,2026-02-03,2026-02-03 09:52:00+00:00,7,2,426.855354,0.0046,target
TSLA,2026-02-03,2026-02-03 10:20:00+00:00,6,2,426.955374,0.0046,target
TSLA,2026-02-03,2026-02-03 10:59:00+00:00,6,2,426.86535599999996,0.0046,target
TSLA,2026-02-03,2026-02-03 11:21:00+00:00,7,2,427.075398,0.0046,target
TSLA,2026-02-03,2026-02-03 12:38:00+00:00,7,2,426.875358,-0.0029000000000000002,stop
TSLA,2026-02-03,2026-02-03 12:59:00+00:00,8,2,426.715326,-0.0029000000000000002,stop
TSLA,2026-02-03,2026-02-03 13:19:00+00:00,6,2,427.0859001,0.0046,target
TSLA,2026-02-03,2026-02-03 13:40:00+00:00,6,2,427.03539,-0.0029000000000000002,stop
TSLA,2026-02-03,2026-02-03 15:31:00+00:00,8,2,423.829749,0.0046,target
TSLA,2026-02-03,2026-02-03 15:54:00+00:00,6,2,426.23022899999995,-0.0029000000000000002,stop
TSLA,2026-02-03,2026-02-03 16:39:00+00:00,6,2,424.554894,0.0046,target
TSLA,2026-02-03,2026-02-03 17:11:00+00:00,6,2,424.44487200000003,-0.0029000000000000002,stop
TSLA,2026-02-03,2026-02-03 19:54:00+00:00,6,2,416.953374,0.0046,target
TSLA,2026-02-03,2026-02-03 20:39:00+00:00,7,2,420.98598036,-0.0029000000000000002,stop
TSLA,2026-02-03,2026-02-03 20:59:00+00:00,6,2,421.914366,-0.0029000000000000002,stop
TSLA,2026-02-03,2026-02-03 23:17:00+00:00,8,2,421.554294,-0.0029000000000000002,stop
TSLA,2026-02-04,2026-02-04 10:08:00+00:00,6,2,420.23402999999996,0.0046,target
TSLA,2026-02-04,2026-02-04 10:36:00+00:00,6,2,420.844152,0.0046,target
TSLA,2026-02-04,2026-02-04 11:01:00+00:00,8,2,421.464276,0.0046,target
TSLA,2026-02-04,2026-02-04 11:34:00+00:00,7,2,421.124208,0.0046,target
TSLA,2026-02-04,2026-02-04 11:56:00+00:00,6,2,421.67431799999997,0.0046,target
TSLA,2026-02-04,2026-02-04 12:22:00+00:00,6,2,421.774338,0.0046,target
TSLA,2026-02-04,2026-02-04 12:48:00+00:00,7,2,421.344252,-0.0029000000000000002,stop
TSLA,2026-02-04,2026-02-04 13:10:00+00:00,6,2,420.99678252,0.0046,target
TSLA,2026-02-04,2026-02-04 13:35:00+00:00,7,2,421.0842,0.0046,target
TSLA,2026-02-04,2026-02-04 14:39:00+00:00,6,2,422.229429,-0.0029000000000000002,stop
TSLA,2026-02-04,2026-02-04 19:47:00+00:00,6,2,406.751334,-0.0029000000000000002,stop
TSLA,2026-02-04,2026-02-04 20:51:00+00:00,6,2,407.83155,-0.0029000000000000002,stop
TSLA,2026-02-04,2026-02-04 21:39:00+00:00,6,2,407.83155,-0.0029000000000000002,stop
TSLA,2026-02-05,2026-02-05 10:15:00+00:00,6,2,407.68152000000003,0.0046,target
TSLA,2026-02-05,2026-02-05 10:36:00+00:00,6,2,407.98157999999995,0.0046,target
TSLA,2026-02-05,2026-02-05 11:10:00+00:00,6,2,407.33145,-0.0029000000000000002,stop
TSLA,2026-02-05,2026-02-05 14:38:00+00:00,7,2,400.12280856,-0.0029000000000000002,stop
TSLA,2026-02-05,2026-02-05 16:25:00+00:00,6,2,395.04829385999994,0.0046,target
TSLA,2026-02-05,2026-02-05 16:47:00+00:00,6,2,396.534291,0.0046,target
TSLA,2026-02-05,2026-02-05 17:12:00+00:00,6,2,397.099404,0.0046,target
TSLA,2026-02-05,2026-02-05 17:33:00+00:00,6,2,399.37986,0.0046,target
TSLA,2026-02-05,2026-02-05 18:01:00+00:00,6,2,400.5070854,-0.0029000000000000002,stop
TSLA,2026-02-05,2026-02-05 18:27:00+00:00,7,2,399.739932,-0.0029000000000000002,stop
TSLA,2026-02-05,2026-02-05 18:53:00+00:00,6,2,398.269638,0.0046,target
TSLA,2026-02-05,2026-02-05 19:21:00+00:00,6,2,400.965177,-0.0029000000000000002,stop
TSLA,2026-02-05,2026-02-05 20:07:00+00:00,8,2,397.16941799999995,-0.0029000000000000002,stop
TSLA,2026-02-05,2026-02-05 20:58:00+00:00,7,2,397.52948999999995,0.0046,target
TSLA,2026-02-05,2026-02-05 21:23:00+00:00,7,2,396.15921599999996,-0.0029000000000000002,stop
TSLA,2026-02-06,2026-02-06 09:21:00+00:00,7,2,401.90036399999997,0.0046,target
TSLA,2026-02-06,2026-02-06 09:43:00+00:00,6,2,403.0806,0.0046,target
TSLA,2026-02-06,2026-02-06 10:05:00+00:00,6,2,402.98058,0.0046,target
TSLA,2026-02-06,2026-02-06 10:25:00+00:00,6,2,403.870758,-0.0029000000000000002,stop
TSLA,2026-02-06,2026-02-06 10:46:00+00:00,6,2,403.78074,0.0046,target
TSLA,2026-02-06,2026-02-06 11:06:00+00:00,7,2,406.221228,-0.0029000000000000002,stop
TSLA,2026-02-06,2026-02-06 11:27:00+00:00,6,2,405.321048,0.0046,target
TSLA,2026-02-06,2026-02-06 11:53:00+00:00,6,2,405.701124,-0.0029000000000000002,stop
TSLA,2026-02-06,2026-02-06 12:37:00+00:00,6,2,400.049994,0.0046,target
TSLA,2026-02-06,2026-02-06 13:15:00+00:00,6,2,400.7691378,0.0046,target
TSLA,2026-02-06,2026-02-06 13:35:00+00:00,6,2,402.5805,-0.0029000000000000002,stop
TSLA,2026-02-06,2026-02-06 13:56:00+00:00,6,2,402.370458,-0.0029000000000000002,stop
TSLA,2026-02-06,2026-02-06 14:18:00+00:00,6,2,401.820348,-0.0029000000000000002,stop
TSLA,2026-02-06,2026-02-06 14:39:00+00:00,8,2,405.46767731999995,-0.0029000000000000002,stop
TSLA,2026-02-06,2026-02-06 15:03:00+00:00,6,2,407.161416,-0.0029000000000000002,stop
TSLA,2026-02-06,2026-02-06 15:25:00+00:00,6,2,408.041592,0.0046,target
TSLA,2026-02-06,2026-02-06 15:45:00+00:00,7,2,411.412266,-0.0029000000000000002,stop
TSLA,2026-02-06,2026-02-06 16:06:00+00:00,6,2,410.117007,-0.0029000000000000002,stop
TSLA,2026-02-06,2026-02-06 16:32:00+00:00,7,2,410.70212399999997,0.0046,target
TSLA,2026-02-06,2026-02-06 16:52:00+00:00,7,2,411.942372,-0.0029000000000000002,stop
TSLA,2026-02-06,2026-02-06 17:13:00+00:00,6,2,412.322448,0.0046,target
TSLA,2026-02-06,2026-02-06 17:34:00+00:00,6,2,414.517887,-0.0029000000000000002,stop
TSLA,2026-02-06,2026-02-06 17:56:00+00:00,7,2,414.052794,-0.0029000000000000002,stop
TSLA,2026-02-06,2026-02-06 18:40:00+00:00,6,2,412.72252799999995,-0.0029000000000000002,stop
TSLA,2026-02-06,2026-02-06 19:02:00+00:00,6,2,411.47727899999995,0.0046,target
TSLA,2026-02-06,2026-02-06 19:23:00+00:00,8,2,413.28274002,0.0046,target
TSLA,2026-02-06,2026-02-06 19:46:00+00:00,6,2,414.462876,-0.0029000000000000002,stop
TSLA,2026-02-06,2026-02-06 20:18:00+00:00,6,2,413.90316408,0.0046,target
TSLA,2026-02-06,2026-02-06 20:43:00+00:00,6,2,413.812746,-0.0029000000000000002,stop
TSLA,2026-02-06,2026-02-06 21:34:00+00:00,7,2,410.38206,0.0046,target
TSLA,2026-02-06,2026-02-06 21:54:00+00:00,6,2,410.38206,0.0046,target
TSLA,2026-02-06,2026-02-06 22:14:00+00:00,6,2,411.63231,0.0046,target
TSLA,2026-02-06,2026-02-06 22:39:00+00:00,6,2,411.68232,0.0046,target
TSLA,2026-02-06,2026-02-06 23:03:00+00:00,8,2,411.852354,0.0046,target
TSLA,2026-02-09,2026-02-09 12:30:00+00:00,6,2,410.33205,0.0046,target
TSLA,2026-02-09,2026-02-09 13:16:00+00:00,6,2,412.20502452,-0.0029000000000000002,stop
TSLA,2026-02-09,2026-02-09 14:49:00+00:00,6,2,412.95257399999997,-0.0029000000000000002,stop
TSLA,2026-02-09,2026-02-09 15:14:00+00:00,7,2,413.462676,0.0046,target
TSLA,2026-02-09,2026-02-09 15:38:00+00:00,6,2,414.712926,0.0046,target
TSLA,2026-02-09,2026-02-09 16:00:00+00:00,7,2,418.003584,0.0046,target
TSLA,2026-02-09,2026-02-09 16:26:00+00:00,6,2,417.93417012,0.0046,target
TSLA,2026-02-09,2026-02-09 16:46:00+00:00,7,2,419.893962,0.0046,target
TSLA,2026-02-09,2026-02-09 17:07:00+00:00,6,2,420.48998118,0.0046,target
TSLA,2026-02-09,2026-02-09 17:29:00+00:00,6,2,420.79384194,0.0046,target
TSLA,2026-02-09,2026-02-09 17:50:00+00:00,6,2,420.414066,-0.0029000000000000002,stop
TSLA,2026-02-09,2026-02-09 18:44:00+00:00,8,2,419.91396599999996,-0.0029000000000000002,stop
TSLA,2026-02-09,2026-02-09 19:07:00+00:00,6,2,420.13130946,0.0046,target
TSLA,2026-02-09,2026-02-09 19:29:00+00:00,7,2,420.514086,0.0046,target
TSLA,2026-02-09,2026-02-09 19:50:00+00:00,7,2,420.194022,0.0046,target
TSLA,2026-02-09,2026-02-09 20:12:00+00:00,6,2,420.27403799999996,-0.0029000000000000002,stop
TSLA,2026-02-09,2026-02-09 20:38:00+00:00,6,2,419.273838,-0.0029000000000000002,stop
TSLA,2026-02-09,2026-02-09 21:20:00+00:00,6,2,417.57339798,0.0046,target
TSLA,2026-02-09,2026-02-09 21:42:00+00:00,6,2,417.653514,0.0046,target
TSLA,2026-02-09,2026-02-09 22:21:00+00:00,6,2,417.643512,0.0046,target
TSLA,2026-02-09,2026-02-09 22:45:00+00:00,6,2,417.403464,0.0046,target
TSLA,2026-02-09,2026-02-09 23:11:00+00:00,7,2,417.83355,0.0046,target
TSLA,2026-02-10,2026-02-10 09:26:00+00:00,7,2,418.773738,0.0046,target
TSLA,2026-02-10,2026-02-10 10:24:00+00:00,6,2,418.273638,0.0046,target
TSLA,2026-02-10,2026-02-10 11:43:00+00:00,7,2,418.523688,0.0046,target
TSLA,2026-02-10,2026-02-10 12:10:00+00:00,6,2,418.98377999999997,0.0046,target
TSLA,2026-02-10,2026-02-10 12:34:00+00:00,6,2,420.78414,-0.0029000000000000002,stop
TSLA,2026-02-10,2026-02-10 13:13:00+00:00,6,2,419.42386799999997,0.0046,target
TSLA,2026-02-10,2026-02-10 14:15:00+00:00,6,2,419.13381,-0.0029000000000000002,stop
TSLA,2026-02-10,2026-02-10 14:36:00+00:00,7,2,425.11500599999994,-0.0029000000000000002,stop
TSLA,2026-02-10,2026-02-10 15:12:00+00:00,7,2,423.804744,-0.0029000000000000002,stop
TSLA,2026-02-10,2026-02-10 15:33:00+00:00,6,2,424.504884,-0.0029000000000000002,stop
TSLA,2026-02-10,2026-02-10 15:53:00+00:00,7,2,424.93497,-0.0029000000000000002,stop
TSLA,2026-02-10,2026-02-10 16:46:00+00:00,7,2,423.799743,0.0046,target
TSLA,2026-02-10,2026-02-10 17:09:00+00:00,6,2,424.18922088,0.0046,target
TSLA,2026-02-10,2026-02-10 17:29:00+00:00,6,2,425.320047,-0.0029000000000000002,stop
TSLA,2026-02-10,2026-02-10 17:51:00+00:00,6,2,425.09500199999997,0.0046,target
TSLA,2026-02-10,2026-02-10 18:12:00+00:00,6,2,425.445072,-0.0029000000000000002,stop
TSLA,2026-02-10,2026-02-10 18:59:00+00:00,6,2,424.83495,0.0046,target
TSLA,2026-02-10,2026-02-10 19:25:00+00:00,6,2,424.7984427,0.0046,target
TSLA,2026-02-10,2026-02-10 19:45:00+00:00,6,2,425.5851,-0.0029000000000000002,stop
TSLA,2026-02-10,2026-02-10 20:05:00+00:00,6,2,425.28023903999997,-0.0029000000000000002,stop
TSLA,2026-02-10,2026-02-10 20:32:00+00:00,6,2,425.085,-0.0029000000000000002,stop
TSLA,2026-02-10,2026-02-10 20:52:00+00:00,6,2,425.925168,-0.0029000000000000002,stop
TSLA,2026-02-10,2026-02-10 21:26:00+00:00,6,2,425.54509199999995,0.0046,target
TSLA,2026-02-10,2026-02-10 21:56:00+00:00,7,2,425.5861002,0.0046,target
TSLA,2026-02-10,2026-02-10 23:05:00+00:00,6,2,425.33504999999997,0.0046,target
TSLA,2026-02-11,2026-02-11 12:17:00+00:00,6,2,424.754934,0.0046,target
TSLA,2026-02-11,2026-02-11 13:31:00+00:00,6,2,424.78494,0.0046,target
TSLA,2026-02-11,2026-02-11 13:51:00+00:00,6,2,427.38546,0.0046,target
TSLA,2026-02-11,2026-02-11 14:21:00+00:00,6,2,426.73533,0.0046,target
TSLA,2026-02-11,2026-02-11 14:41:00+00:00,6,2,434.21682599999997,-0.0029000000000000002,stop
TSLA,2026-02-11,2026-02-11 16:29:00+00:00,6,2,426.87525797999996,-0.0029000000000000002,stop
TSLA,2026-02-11,2026-02-11 17:32:00+00:00,6,2,425.28504,-0.0029000000000000002,stop
TSLA,2026-02-11,2026-02-11 19:24:00+00:00,7,2,427.02358763999996,0.0046,target
TSLA,2026-02-11,2026-02-11 19:47:00+00:00,6,2,427.59050099999996,-0.0029000000000000002,stop
TSLA,2026-02-11,2026-02-11 20:20:00+00:00,7,2,426.78884070000004,-0.0029000000000000002,stop
TSLA,2026-02-11,2026-02-11 20:40:00+00:00,6,2,426.975378,0.0046,target
TSLA,2026-02-11,2026-02-11 21:00:00+00:00,7,2,428.205624,0.0046,target
TSLA,2026-02-11,2026-02-11 21:21:00+00:00,6,2,428.33565,0.0046,target
TSLA,2026-02-11,2026-02-11 21:46:00+00:00,6,2,428.09330153999997,0.0046,target
TSLA,2026-02-11,2026-02-11 22:09:00+00:00,6,2,427.86555599999997,0.0046,target
TSLA,2026-02-12,2026-02-12 10:08:00+00:00,6,2,429.505884,0.0046,target
TSLA,2026-02-12,2026-02-12 11:00:00+00:00,8,2,429.315846,0.0046,target
TSLA,2026-02-12,2026-02-12 11:26:00+00:00,6,2,429.68592,0.0046,target
TSLA,2026-02-12,2026-02-12 12:01:00+00:00,6,2,429.825948,0.0046,target
TSLA,2026-02-12,2026-02-12 12:21:00+00:00,8,2,430.526088,0.0046,target
TSLA,2026-02-12,2026-02-12 12:44:00+00:00,6,2,430.806144,-0.0029000000000000002,stop
TSLA,2026-02-12,2026-02-12 13:10:00+00:00,6,2,430.0499928,0.0046,target
TSLA,2026-02-12,2026-02-12 13:37:00+00:00,6,2,430.23602999999997,0.0046,target
TSLA,2026-02-12,2026-02-12 13:58:00+00:00,8,2,431.246232,0.0046,target
TSLA,2026-02-12,2026-02-12 14:23:00+00:00,7,2,431.676318,-0.0029000000000000002,stop
TSLA,2026-02-12,2026-02-12 14:46:00+00:00,6,2,431.74623198,-0.0029000000000000002,stop
TSLA,2026-02-12,2026-02-12 19:51:00+00:00,6,2,416.53328999999997,-0.0029000000000000002,stop
TSLA,2026-02-12,2026-02-12 23:17:00+00:00,6,2,417.643512,-0.0029000000000000002,stop
TSLA,2026-02-13,2026-02-13 09:27:00+00:00,7,2,416.13321,0.0046,target
TSLA,2026-02-13,2026-02-13 09:58:00+00:00,6,2,415.893162,0.0046,target
TSLA,2026-02-13,2026-02-13 13:30:00+00:00,7,2,415.08299999999997,0.0046,target
TSLA,2026-02-13,2026-02-13 13:50:00+00:00,6,2,416.66331599999995,0.0046,target
TSLA,2026-02-13,2026-02-13 14:11:00+00:00,6,2,416.873358,-0.0029000000000000002,stop
TSLA,2026-02-13,2026-02-13 15:29:00+00:00,7,2,416.97337799999997,-0.0029000000000000002,stop
TSLA,2026-02-13,2026-02-13 16:04:00+00:00,7,2,415.67841906,0.0046,target
TSLA,2026-02-13,2026-02-13 16:25:00+00:00,6,2,417.053394,0.0046,target
TSLA,2026-02-13,2026-02-13 16:46:00+00:00,6,2,418.60380402,0.0046,target
TSLA,2026-02-13,2026-02-13 17:06:00+00:00,6,2,420.124008,0.0046,target
TSLA,2026-02-13,2026-02-13 17:29:00+00:00,6,2,420.774138,-0.0029000000000000002,stop
TSLA,2026-02-13,2026-02-13 17:53:00+00:00,7,2,420.569097,-0.0029000000000000002,stop
TSLA,2026-02-13,2026-02-13 18:16:00+00:00,6,2,420.344052,0.0046,target
TSLA,2026-02-13,2026-02-13 18:40:00+00:00,8,2,422.949573,-0.0029000000000000002,stop
TSLA,2026-02-13,2026-02-13 19:01:00+00:00,6,2,422.014386,-0.0029000000000000002,stop
TSLA,2026-02-13,2026-02-13 19:22:00+00:00,6,2,421.98438,-0.0029000000000000002,stop
TSLA,2026-02-13,2026-02-13 19:55:00+00:00,6,2,420.579099,-0.0029000000000000002,stop
TSLA,2026-02-13,2026-02-13 20:39:00+00:00,6,2,418.23863099999994,-0.0029000000000000002,stop
TSLA,2026-02-13,2026-02-13 22:15:00+00:00,6,2,417.53349,0.0046,target
TSLA,2026-02-17,2026-02-17 11:57:00+00:00,6,2,413.0826,0.0046,target
TSLA,2026-02-17,2026-02-17 12:19:00+00:00,6,2,413.61270599999995,-0.0029000000000000002,stop
TSLA,2026-02-17,2026-02-17 13:02:00+00:00,6,2,415.473078,-0.0029000000000000002,stop
TSLA,2026-02-17,2026-02-17 13:55:00+00:00,8,2,413.222628,-0.0029000000000000002,stop
TSLA,2026-02-17,2026-02-17 14:16:00+00:00,6,2,412.83254999999997,-0.0029000000000000002,stop
TSLA,2026-02-17,2026-02-17 16:06:00+00:00,8,2,406.251234,0.0046,target
TSLA,2026-02-17,2026-02-17 16:26:00+00:00,6,2,409.441872,-0.0029000000000000002,stop
TSLA,2026-02-17,2026-02-17 16:55:00+00:00,6,2,407.59160202000004,-0.0029000000000000002,stop
TSLA,2026-02-17,2026-02-17 18:21:00+00:00,8,2,407.86155599999995,0.0046,target
TSLA,2026-02-17,2026-02-17 18:44:00+00:00,6,2,411.902364,-0.0029000000000000002,stop
TSLA,2026-02-17,2026-02-17 19:04:00+00:00,6,2,412.522488,-0.0029000000000000002,stop
TSLA,2026-02-17,2026-02-17 19:24:00+00:00,7,2,413.052594,-0.0029000000000000002,stop
TSLA,2026-02-17,2026-02-17 19:45:00+00:00,6,2,412.617507,-0.0029000000000000002,stop
TSLA,2026-02-17,2026-02-17 20:26:00+00:00,6,2,410.502084,0.0046,target
TSLA,2026-02-17,2026-02-17 20:47:00+00:00,7,2,411.15221399999996,-0.0029000000000000002,stop
TSLA,2026-02-17,2026-02-17 21:09:00+00:00,6,2,411.03218999999996,0.0046,target
TSLA,2026-02-17,2026-02-17 21:38:00+00:00,6,2,410.3250486,0.0046,target
TSLA,2026-02-17,2026-02-17 22:29:00+00:00,6,2,410.13201,0.0046,target
TSLA,2026-02-17,2026-02-17 23:11:00+00:00,6,2,409.5819,0.0046,target
TSLA,2026-02-18,2026-02-18 09:28:00+00:00,6,2,413.5827,0.0046,target
TSLA,2026-02-18,2026-02-18 09:55:00+00:00,6,2,414.212826,0.0046,target
TSLA,2026-02-18,2026-02-18 10:29:00+00:00,7,2,414.272838,0.0046,target
TSLA,2026-02-18,2026-02-18 10:58:00+00:00,6,2,414.04279199999996,-0.0029000000000000002,stop
TSLA,2026-02-18,2026-02-18 12:05:00+00:00,6,2,413.48267999999996,-0.0029000000000000002,stop
TSLA,2026-02-18,2026-02-18 14:31:00+00:00,7,2,411.78234,-0.0029000000000000002,stop
TSLA,2026-02-18,2026-02-18 15:01:00+00:00,7,2,413.40266399999996,0.0046,target
TSLA,2026-02-18,2026-02-18 15:21:00+00:00,6,2,415.273038,-0.0029000000000000002,stop
TSLA,2026-02-18,2026-02-18 15:46:00+00:00,6,2,414.117807,-0.0029000000000000002,stop
TSLA,2026-02-18,2026-02-18 16:07:00+00:00,6,2,416.153214,-0.0029000000000000002,stop
TSLA,2026-02-18,2026-02-18 16:29:00+00:00,6,2,414.67731888,0.0046,target
TSLA,2026-02-18,2026-02-18 16:49:00+00:00,6,2,415.393062,-0.0029000000000000002,stop
TSLA,2026-02-18,2026-02-18 17:10:00+00:00,7,2,415.703124,0.0046,target
TSLA,2026-02-18,2026-02-18 17:42:00+00:00,6,2,415.43307,0.0046,target
TSLA,2026-02-18,2026-02-18 18:02:00+00:00,7,2,416.813346,-0.0029000000000000002,stop
TSLA,2026-02-18,2026-02-18 22:47:00+00:00,6,2,410.79214199999996,0.0046,target
TSLA,2026-02-19,2026-02-19 13:54:00+00:00,6,2,408.15711509999994,-0.0029000000000000002,stop
TSLA,2026-02-19,2026-02-19 14:51:00+00:00,6,2,407.341452,0.0046,target
TSLA,2026-02-19,2026-02-19 15:11:00+00:00,6,2,409.121808,0.0046,target
TSLA,2026-02-19,2026-02-19 15:32:00+00:00,6,2,409.88196,0.0046,target
TSLA,2026-02-19,2026-02-19 15:56:00+00:00,7,2,411.93237,0.0046,target
TSLA,2026-02-19,2026-02-19 16:16:00+00:00,8,2,413.6932221,0.0046,target
TSLA,2026-02-19,2026-02-19 16:44:00+00:00,7,2,414.4623759,-0.0029000000000000002,stop
TSLA,2026-02-19,2026-02-19 17:11:00+00:00,7,2,413.742732,-0.0029000000000000002,stop
TSLA,2026-02-19,2026-02-19 19:00:00+00:00,6,2,410.852154,-0.0029000000000000002,stop
TSLA,2026-02-19,2026-02-19 20:07:00+00:00,7,2,410.58209999999997,0.0046,target
TSLA,2026-02-19,2026-02-19 20:31:00+00:00,7,2,410.54159189999996,0.0046,target
TSLA,2026-02-19,2026-02-19 20:53:00+00:00,7,2,410.942172,0.0046,target
TSLA,2026-02-19,2026-02-19 21:15:00+00:00,6,2,411.68232,0.0046,target
TSLA,2026-02-19,2026-02-19 21:38:00+00:00,6,2,411.59230199999996,0.0046,target
TSLA,2026-02-19,2026-02-19 22:06:00+00:00,6,2,411.60230399999995,0.0046,target
TSLA,2026-02-19,2026-02-19 22:58:00+00:00,6,2,411.242232,0.0046,target
TSLA,2026-02-19,2026-02-19 23:23:00+00:00,6,2,411.322248,0.0046,target
TSLA,2026-02-20,2026-02-20 09:31:00+00:00,7,2,413.262636,0.0046,target
TSLA,2026-02-20,2026-02-20 09:52:00+00:00,7,2,412.72252799999995,0.0046,target
TSLA,2026-02-20,2026-02-20 14:39:00+00:00,7,2,409.66191599999996,-0.0029000000000000002,stop
TSLA,2026-02-20,2026-02-20 15:05:00+00:00,7,2,411.142212,-0.0029000000000000002,stop
TSLA,2026-02-20,2026-02-20 15:26:00+00:00,6,2,409.936971,-0.0029000000000000002,stop
TSLA,2026-02-20,2026-02-20 15:48:00+00:00,8,2,412.312446,0.0046,target
TSLA,2026-02-20,2026-02-20 16:09:00+00:00,6,2,414.022788,-0.0029000000000000002,stop
TSLA,2026-02-20,2026-02-20 16:44:00+00:00,7,2,411.15471449999995,-0.0029000000000000002,stop
TSLA,2026-02-20,2026-02-20 18:02:00+00:00,6,2,410.34205199999997,-0.0029000000000000002,stop
TSLA,2026-02-20,2026-02-20 18:41:00+00:00,8,2,412.11240599999996,0.0046,target
TSLA,2026-02-20,2026-02-20 19:05:00+00:00,6,2,413.38266,-0.0029000000000000002,stop
TSLA,2026-02-20,2026-02-20 19:26:00+00:00,6,2,411.88225997999996,-0.0029000000000000002,stop
TSLA,2026-02-20,2026-02-20 20:14:00+00:00,6,2,411.142212,-0.0029000000000000002,stop
TSLA,2026-02-20,2026-02-20 20:45:00+00:00,7,2,411.342252,0.0046,target
TSLA,2026-02-20,2026-02-20 21:08:00+00:00,6,2,411.78234,0.0046,target
TSLA,2026-02-20,2026-02-20 21:35:00+00:00,6,2,411.28224,0.0046,target
TSLA,2026-02-20,2026-02-20 22:10:00+00:00,6,2,411.47227799999996,0.0046,target
TSLA,2026-02-20,2026-02-20 22:49:00+00:00,7,2,411.372258,0.0046,target
TSLA,2026-02-20,2026-02-20 23:14:00+00:00,6,2,411.38226000000003,0.0046,target
TSLA,2026-02-23,2026-02-23 11:17:00+00:00,6,2,408.821748,0.0046,target
TSLA,2026-02-23,2026-02-23 20:01:00+00:00,6,2,395.78914199999997,-0.0029000000000000002,stop
TSLA,2026-02-23,2026-02-23 21:06:00+00:00,6,2,399.909966,-0.0029000000000000002,stop
TSLA,2026-02-23,2026-02-23 21:26:00+00:00,6,2,399.5799,0.0046,target
TSLA,2026-02-23,2026-02-23 21:47:00+00:00,6,2,399.72992999999997,0.0046,target
TSLA,2026-02-23,2026-02-23 22:07:00+00:00,6,2,399.82995,0.0046,target
TSLA,2026-02-23,2026-02-23 22:36:00+00:00,6,2,399.899964,0.0046,target
TSLA,2026-02-23,2026-02-23 23:05:00+00:00,6,2,399.869958,0.0046,target
TSLA,2026-02-24,2026-02-24 12:06:00+00:00,6,2,398.50868579999997,-0.0029000000000000002,stop
TSLA,2026-02-24,2026-02-24 13:43:00+00:00,7,2,398.78094023999995,0.0046,target
TSLA,2026-02-24,2026-02-24 14:08:00+00:00,7,2,398.92977,-0.0029000000000000002,stop
TSLA,2026-02-24,2026-02-24 14:31:00+00:00,8,2,401.0726985,-0.0029000000000000002,stop
TSLA,2026-02-24,2026-02-24 14:53:00+00:00,7,2,403.35065399999996,-0.0029000000000000002,stop
TSLA,2026-02-24,2026-02-24 15:20:00+00:00,6,2,403.50068400000004,0.0046,target
TSLA,2026-02-24,2026-02-24 15:42:00+00:00,6,2,406.961376,-0.0029000000000000002,stop
TSLA,2026-02-24,2026-02-24 16:59:00+00:00,6,2,404.540892,0.0046,target
TSLA,2026-02-24,2026-02-24 17:19:00+00:00,7,2,404.35085399999997,0.0046,target
TSLA,2026-02-24,2026-02-24 17:41:00+00:00,6,2,404.660916,0.0046,target
TSLA,2026-02-24,2026-02-24 18:01:00+00:00,8,2,405.111006,0.0046,target
TSLA,2026-02-24,2026-02-24 18:21:00+00:00,6,2,405.251034,0.0046,target
TSLA,2026-02-24,2026-02-24 18:41:00+00:00,8,2,406.28123999999997,-0.0029000000000000002,stop
TSLA,2026-02-24,2026-02-24 19:01:00+00:00,8,2,407.82384845999997,0.0046,target
TSLA,2026-02-24,2026-02-24 19:21:00+00:00,6,2,408.701724,0.0046,target
TSLA,2026-02-24,2026-02-24 19:41:00+00:00,6,2,408.866757,0.0046,target
TSLA,2026-02-24,2026-02-24 20:01:00+00:00,8,2,409.191822,-0.0029000000000000002,stop
TSLA,2026-02-24,2026-02-24 20:21:00+00:00,7,2,409.716927,-0.0029000000000000002,stop
TSLA,2026-02-24,2026-02-24 20:41:00+00:00,6,2,410.011986,-0.0029000000000000002,stop
TSLA,2026-02-24,2026-02-24 21:33:00+00:00,6,2,409.151814,0.0046,target
TSLA,2026-02-24,2026-02-24 23:23:00+00:00,6,2,409.08240012,0.0046,target
TSLA,2026-02-25,2026-02-25 09:36:00+00:00,7,2,409.301844,0.0046,target
TSLA,2026-02-25,2026-02-25 11:32:00+00:00,8,2,409.171818,0.0046,target
TSLA,2026-02-25,2026-02-25 11:54:00+00:00,6,2,409.5819,0.0046,target
TSLA,2026-02-25,2026-02-25 12:16:00+00:00,6,2,409.991982,0.0046,target
TSLA,2026-02-25,2026-02-25 12:38:00+00:00,6,2,410.88216,-0.0029000000000000002,stop
TSLA,2026-02-25,2026-02-25 13:06:00+00:00,6,2,410.86215599999997,0.0046,target
TSLA,2026-02-25,2026-02-25 13:28:00+00:00,6,2,411.0822,0.0046,target
TSLA,2026-02-25,2026-02-25 13:55:00+00:00,6,2,410.83215,0.0046,target
TSLA,2026-02-25,2026-02-25 14:19:00+00:00,6,2,411.04219199999994,0.0046,target
TSLA,2026-02-25,2026-02-25 14:39:00+00:00,7,2,418.443672,-0.0029000000000000002,stop
TSLA,2026-02-25,2026-02-25 17:06:00+00:00,8,2,416.77343801999996,-0.0029000000000000002,stop
TSLA,2026-02-25,2026-02-25 18:45:00+00:00,7,2,416.268237,0.0046,target
TSLA,2026-02-25,2026-02-25 19:08:00+00:00,8,2,416.463276,0.0046,target
TSLA,2026-02-25,2026-02-25 19:29:00+00:00,6,2,416.08820099999997,0.0046,target
TSLA,2026-02-25,2026-02-25 19:57:00+00:00,6,2,416.22322799999995,0.0046,target
TSLA,2026-02-25,2026-02-25 20:20:00+00:00,6,2,416.158215,-0.0029000000000000002,stop
TSLA,2026-02-25,2026-02-25 20:51:00+00:00,8,2,417.13341,0.0046,target
TSLA,2026-02-25,2026-02-25 21:11:00+00:00,6,2,417.28344,0.0046,target
TSLA,2026-02-25,2026-02-25 21:32:00+00:00,6,2,417.963576,-0.0029000000000000002,stop
TSLA,2026-02-25,2026-02-25 21:54:00+00:00,7,2,417.18502032000004,-0.0029000000000000002,stop
TSLA,2026-02-25,2026-02-25 22:20:00+00:00,6,2,415.90106358,0.0046,target
TSLA,2026-02-25,2026-02-25 23:01:00+00:00,6,2,416.67331799999994,0.0046,target
TSLA,2026-02-25,2026-02-25 23:22:00+00:00,6,2,416.193222,-0.0029000000000000002,stop
TSLA,2026-02-26,2026-02-26 09:43:00+00:00,6,2,415.373058,0.0046,target
TSLA,2026-02-26,2026-02-26 12:09:00+00:00,6,2,415.16301599999997,0.0046,target
TSLA,2026-02-26,2026-02-26 12:34:00+00:00,7,2,415.17301799999996,-0.0029000000000000002,stop
TSLA,2026-02-26,2026-02-26 12:58:00+00:00,7,2,415.20302399999997,-0.0029000000000000002,stop
TSLA,2026-02-26,2026-02-26 13:26:00+00:00,6,2,415.09300199999996,0.0046,target
TSLA,2026-02-26,2026-02-26 13:48:00+00:00,7,2,415.193022,0.0046,target
TSLA,2026-02-26,2026-02-26 15:04:00+00:00,6,2,413.85285402,-0.0029000000000000002,stop
TSLA,2026-02-26,2026-02-26 18:34:00+00:00,6,2,406.301244,0.0046,target
TSLA,2026-02-26,2026-02-26 19:09:00+00:00,6,2,408.316647,0.0046,target
TSLA,2026-02-26,2026-02-26 19:46:00+00:00,6,2,408.711726,-0.0029000000000000002,stop
TSLA,2026-02-26,2026-02-26 20:07:00+00:00,6,2,408.811746,-0.0029000000000000002,stop
TSLA,2026-02-26,2026-02-26 20:39:00+00:00,8,2,408.871758,0.0046,target
TSLA,2026-02-26,2026-02-26 21:00:00+00:00,6,2,408.66171599999996,0.0046,target
TSLA,2026-02-27,2026-02-27 09:38:00+00:00,6,2,408.971778,-0.0029000000000000002,stop
TSLA,2026-02-27,2026-02-27 10:38:00+00:00,6,2,408.10160399999995,0.0046,target
TSLA,2026-02-27,2026-02-27 11:30:00+00:00,7,2,408.051594,-0.0029000000000000002,stop
TSLA,2026-02-27,2026-02-27 12:29:00+00:00,6,2,407.38146,-0.0029000000000000002,stop
TSLA,2026-02-27,2026-02-27 14:40:00+00:00,6,2,405.201024,-0.0029000000000000002,stop
TSLA,2026-02-27,2026-02-27 15:09:00+00:00,7,2,405.421068,-0.0029000000000000002,stop
TSLA,2026-02-27,2026-02-27 15:32:00+00:00,6,2,405.88126001999996,-0.0029000000000000002,stop
TSLA,2026-02-27,2026-02-27 20:15:00+00:00,6,2,400.570098,-0.0029000000000000002,stop
TSLA,2026-02-27,2026-02-27 20:54:00+00:00,6,2,402.400464,0.0046,target
TSLA,2026-02-27,2026-02-27 21:21:00+00:00,6,2,402.440472,0.0046,target
TSLA,2026-02-27,2026-02-27 21:47:00+00:00,6,2,402.48118013999994,0.0046,target
TSLA,2026-02-27,2026-02-27 22:09:00+00:00,7,2,402.46047599999997,0.0046,target
TSLA,2026-03-02,2026-03-02 10:22:00+00:00,6,2,392.568498,0.0046,target
TSLA,2026-03-02,2026-03-02 10:42:00+00:00,7,2,392.80854600000004,-0.0029000000000000002,stop
TSLA,2026-03-02,2026-03-02 11:25:00+00:00,6,2,392.27844,0.0046,target
TSLA,2026-03-02,2026-03-02 11:47:00+00:00,6,2,393.09860399999997,0.0046,target
TSLA,2026-03-02,2026-03-02 12:09:00+00:00,6,2,393.718728,0.0046,target
TSLA,2026-03-02,2026-03-02 12:33:00+00:00,6,2,393.58870199999996,-0.0029000000000000002,stop
TSLA,2026-03-02,2026-03-02 13:25:00+00:00,6,2,393.508686,-0.0029000000000000002,stop
TSLA,2026-03-02,2026-03-02 14:39:00+00:00,8,2,395.319048,-0.0029000000000000002,stop
TSLA,2026-03-02,2026-03-02 15:08:00+00:00,6,2,396.32925,0.0046,target
TSLA,2026-03-02,2026-03-02 15:30:00+00:00,7,2,398.744733,-0.0029000000000000002,stop
TSLA,2026-03-02,2026-03-02 15:50:00+00:00,6,2,401.690322,0.0046,target
TSLA,2026-03-02,2026-03-02 16:14:00+00:00,6,2,402.950574,-0.0029000000000000002,stop
TSLA,2026-03-02,2026-03-02 16:35:00+00:00,6,2,400.5801,0.0046,target
TSLA,2026-03-02,2026-03-02 16:56:00+00:00,6,2,404.240832,-0.0029000000000000002,stop
TSLA,2026-03-02,2026-03-02 17:22:00+00:00,6,2,403.54509288,-0.0029000000000000002,stop
TSLA,2026-03-02,2026-03-02 17:43:00+00:00,6,2,401.940372,0.0046,target
TSLA,2026-03-02,2026-03-02 18:18:00+00:00,6,2,402.35045399999996,-0.0029000000000000002,stop
TSLA,2026-03-02,2026-03-02 18:41:00+00:00,6,2,400.890162,0.0046,target
TSLA,2026-03-02,2026-03-02 19:03:00+00:00,6,2,400.840152,0.0046,target
TSLA,2026-03-02,2026-03-02 19:26:00+00:00,6,2,402.540492,0.0046,target
TSLA,2026-03-02,2026-03-02 19:52:00+00:00,6,2,402.835551,-0.0029000000000000002,stop
TSLA,2026-03-02,2026-03-02 20:17:00+00:00,6,2,399.82995,0.0046,target
TSLA,2026-03-02,2026-03-02 20:45:00+00:00,6,2,400.850154,0.0046,target
TSLA,2026-03-02,2026-03-02 21:05:00+00:00,7,2,403.4711781,0.0046,target
TSLA,2026-03-02,2026-03-02 21:38:00+00:00,6,2,403.01138616,0.0046,target
TSLA,2026-03-02,2026-03-02 22:05:00+00:00,6,2,403.400664,0.0046,target
TSLA,2026-03-02,2026-03-02 22:36:00+00:00,6,2,403.05059400000005,0.0046,target
TSLA,2026-03-02,2026-03-02 22:59:00+00:00,7,2,403.170618,0.0046,target
TSLA,2026-03-03,2026-03-03 11:45:00+00:00,6,2,393.838752,0.0046,target
TSLA,2026-03-03,2026-03-03 12:09:00+00:00,6,2,394.97898,0.0046,target
TSLA,2026-03-03,2026-03-03 12:30:00+00:00,6,2,396.37926,-0.0029000000000000002,stop
TSLA,2026-03-03,2026-03-03 12:56:00+00:00,7,2,395.689122,0.0046,target
TSLA,2026-03-03,2026-03-03 13:21:00+00:00,6,2,395.29944408,-0.0029000000000000002,stop
TSLA,2026-03-03,2026-03-03 14:33:00+00:00,7,2,395.67912,-0.0029000000000000002,stop
TSLA,2026-03-03,2026-03-03 16:11:00+00:00,6,2,391.53329099999996,0.0046,target
TSLA,2026-03-03,2026-03-03 16:31:00+00:00,6,2,392.208426,-0.0029000000000000002,stop
TSLA,2026-03-03,2026-03-03 16:53:00+00:00,6,2,392.14831398,-0.0029000000000000002,stop
TSLA,2026-03-03,2026-03-03 17:26:00+00:00,6,2,392.42836997999996,-0.0029000000000000002,stop
TSLA,2026-03-03,2026-03-03 17:53:00+00:00,6,2,391.82835,-0.0029000000000000002,stop
TSLA,2026-03-03,2026-03-03 18:21:00+00:00,8,2,393.35865599999994,0.0046,target
TSLA,2026-03-03,2026-03-03 18:43:00+00:00,6,2,394.32885,-0.0029000000000000002,stop
TSLA,2026-03-03,2026-03-03 19:05:00+00:00,6,2,392.998584,-0.0029000000000000002,stop
TSLA,2026-03-03,2026-03-03 19:38:00+00:00,6,2,393.868758,-0.0029000000000000002,stop
TSLA,2026-03-03,2026-03-03 19:58:00+00:00,6,2,393.52869,-0.0029000000000000002,stop
TSLA,2026-03-03,2026-03-03 20:36:00+00:00,6,2,393.268638,-0.0029000000000000002,stop
TSLA,2026-03-03,2026-03-03 22:16:00+00:00,6,2,391.77833999999996,0.0046,target
TSLA,2026-03-04,2026-03-04 09:24:00+00:00,6,2,391.67832000000004,0.0046,target
TSLA,2026-03-04,2026-03-04 09:46:00+00:00,6,2,393.548694,0.0046,target
TSLA,2026-03-04,2026-03-04 10:14:00+00:00,6,2,396.739332,0.0046,target
TSLA,2026-03-04,2026-03-04 10:35:00+00:00,6,2,397.649514,-0.0029000000000000002,stop
TSLA,2026-03-04,2026-03-04 10:55:00+00:00,6,2,396.77934,0.0046,target
TSLA,2026-03-04,2026-03-04 11:15:00+00:00,6,2,400.08,0.0046,target
TSLA,2026-03-04,2026-03-04 11:35:00+00:00,7,2,399.689922,-0.0029000000000000002,stop
TSLA,2026-03-04,2026-03-04 11:56:00+00:00,6,2,398.899764,-0.0029000000000000002,stop
TSLA,2026-03-04,2026-03-04 12:28:00+00:00,7,2,397.339452,-0.0029000000000000002,stop
TSLA,2026-03-04,2026-03-04 13:01:00+00:00,7,2,398.059596,-0.0029000000000000002,stop
TSLA,2026-03-04,2026-03-04 13:22:00+00:00,6,2,399.069798,0.0046,target
TSLA,2026-03-04,2026-03-04 13:42:00+00:00,6,2,400.250034,0.0046,target
TSLA,2026-03-04,2026-03-04 14:06:00+00:00,6,2,400.66011599999996,-0.0029000000000000002,stop
TSLA,2026-03-04,2026-03-04 14:32:00+00:00,6,2,398.919768,0.0046,target
TSLA,2026-03-04,2026-03-04 15:12:00+00:00,6,2,401.22522899999996,0.0046,target
TSLA,2026-03-04,2026-03-04 15:35:00+00:00,7,2,406.826349,-0.0029000000000000002,stop
TSLA,2026-03-04,2026-03-04 15:55:00+00:00,6,2,404.83095,-0.0029000000000000002,stop
TSLA,2026-03-04,2026-03-04 16:31:00+00:00,6,2,404.56309644,0.0046,target
TSLA,2026-03-04,2026-03-04 16:51:00+00:00,6,2,406.271238,0.0046,target
TSLA,2026-03-04,2026-03-04 17:12:00+00:00,6,2,406.63131,-0.0029000000000000002,stop
TSLA,2026-03-04,2026-03-04 17:52:00+00:00,6,2,404.555895,-0.0029000000000000002,stop
TSLA,2026-03-04,2026-03-04 18:17:00+00:00,7,2,404.340852,-0.0029000000000000002,stop
TSLA,2026-03-04,2026-03-04 18:37:00+00:00,6,2,404.965977,0.0046,target
TSLA,2026-03-04,2026-03-04 18:58:00+00:00,6,2,405.616107,0.0046,target
TSLA,2026-03-04,2026-03-04 19:18:00+00:00,6,2,406.466277,-0.0029000000000000002,stop
TSLA,2026-03-04,2026-03-04 20:08:00+00:00,7,2,406.261236,0.0046,target
TSLA,2026-03-04,2026-03-04 20:30:00+00:00,7,2,407.03139,-0.0029000000000000002,stop
TSLA,2026-03-04,2026-03-04 20:51:00+00:00,6,2,406.511286,-0.0029000000000000002,stop
TSLA,2026-03-04,2026-03-04 21:14:00+00:00,6,2,405.78114,-0.0029000000000000002,stop
TSLA,2026-03-04,2026-03-04 21:43:00+00:00,6,2,405.101004,0.0046,target
TSLA,2026-03-04,2026-03-04 22:11:00+00:00,6,2,405.18102,0.0046,target
TSLA,2026-03-04,2026-03-04 22:52:00+00:00,7,2,405.5811,0.0046,target
TSLA,2026-03-04,2026-03-04 23:13:00+00:00,6,2,405.86045585999995,0.0046,target
TSLA,2026-03-05,2026-03-05 10:13:00+00:00,6,2,406.191222,0.0046,target
TSLA,2026-03-05,2026-03-05 10:38:00+00:00,6,2,406.091202,0.0046,target
TSLA,2026-03-05,2026-03-05 14:37:00+00:00,7,2,404.220828,0.0046,target
TSLA,2026-03-05,2026-03-05 14:58:00+00:00,6,2,406.09740324,-0.0029000000000000002,stop
TSLA,2026-03-05,2026-03-05 15:19:00+00:00,6,2,404.94467274,-0.0029000000000000002,stop
TSLA,2026-03-05,2026-03-05 15:45:00+00:00,6,2,404.84095199999996,0.0046,target
TSLA,2026-03-05,2026-03-05 16:06:00+00:00,6,2,405.73112999999995,-0.0029000000000000002,stop
TSLA,2026-03-05,2026-03-05 16:26:00+00:00,8,2,406.896363,-0.0029000000000000002,stop
TSLA,2026-03-05,2026-03-05 16:46:00+00:00,6,2,406.72502874,-0.0029000000000000002,stop
TSLA,2026-03-05,2026-03-05 17:09:00+00:00,7,2,407.576499,-0.0029000000000000002,stop
TSLA,2026-03-05,2026-03-05 20:26:00+00:00,7,2,404.38086,-0.0029000000000000002,stop
TSLA,2026-03-05,2026-03-05 20:53:00+00:00,7,2,404.555895,0.0046,target
TSLA,2026-03-05,2026-03-05 21:25:00+00:00,7,2,404.81134607999996,0.0046,target
TSLA,2026-03-05,2026-03-05 21:45:00+00:00,6,2,404.770938,0.0046,target
TSLA,2026-03-05,2026-03-05 22:43:00+00:00,6,2,404.250834,0.0046,target
TSLA,2026-03-05,2026-03-05 23:10:00+00:00,6,2,404.78094,0.0046,target
TSLA,2026-03-06,2026-03-06 10:11:00+00:00,6,2,405.111006,0.0046,target
TSLA,2026-03-06,2026-03-06 10:32:00+00:00,6,2,405.101004,-0.0029000000000000002,stop
TSLA,2026-03-06,2026-03-06 15:07:00+00:00,6,2,397.5800001,-0.0029000000000000002,stop
TSLA,2026-03-06,2026-03-06 15:32:00+00:00,6,2,397.35945599999997,-0.0029000000000000002,stop
TSLA,2026-03-06,2026-03-06 16:02:00+00:00,6,2,398.28944196,0.0046,target
TSLA,2026-03-06,2026-03-06 16:23:00+00:00,6,2,398.97477899999996,-0.0029000000000000002,stop
TSLA,2026-03-06,2026-03-06 16:43:00+00:00,7,2,400.30574514,-0.0029000000000000002,stop
TSLA,2026-03-06,2026-03-06 17:03:00+00:00,6,2,399.549894,-0.0029000000000000002,stop
TSLA,2026-03-06,2026-03-06 18:02:00+00:00,6,2,399.249834,0.0046,target
TSLA,2026-03-06,2026-03-06 18:22:00+00:00,8,2,402.310446,-0.0029000000000000002,stop
TSLA,2026-03-06,2026-03-06 18:49:00+00:00,6,2,399.909966,-0.0029000000000000002,stop
TSLA,2026-03-06,2026-03-06 19:19:00+00:00,6,2,399.354855,0.0046,target
TSLA,2026-03-06,2026-03-06 19:45:00+00:00,6,2,398.959776,0.0046,target
TSLA,2026-03-06,2026-03-06 20:07:00+00:00,6,2,400.48008,-0.0029000000000000002,stop
TSLA,2026-03-09,2026-03-09 09:25:00+00:00,6,2,392.568498,0.0046,target
TSLA,2026-03-09,2026-03-09 09:54:00+00:00,6,2,392.198424,-0.0029000000000000002,stop
TSLA,2026-03-09,2026-03-09 12:12:00+00:00,6,2,390.338052,0.0046,target
TSLA,2026-03-09,2026-03-09 12:37:00+00:00,6,2,390.20982635999997,0.0046,target
TSLA,2026-03-09,2026-03-09 12:58:00+00:00,6,2,390.358056,0.0046,target
TSLA,2026-03-09,2026-03-09 13:18:00+00:00,6,2,391.09820399999995,-0.0029000000000000002,stop
TSLA,2026-03-09,2026-03-09 14:52:00+00:00,6,2,386.27724,-0.0029000000000000002,stop
TSLA,2026-03-09,2026-03-09 15:13:00+00:00,6,2,387.00748602,0.0046,target
TSLA,2026-03-09,2026-03-09 15:35:00+00:00,6,2,388.02759,0.0046,target
TSLA,2026-03-09,2026-03-09 15:56:00+00:00,6,2,389.687922,-0.0029000000000000002,stop
TSLA,2026-03-09,2026-03-09 16:24:00+00:00,8,2,389.217828,0.0046,target
TSLA,2026-03-09,2026-03-09 16:47:00+00:00,8,2,390.893163,-0.0029000000000000002,stop
TSLA,2026-03-09,2026-03-09 17:10:00+00:00,6,2,390.017988,-0.0029000000000000002,stop
TSLA,2026-03-09,2026-03-09 17:34:00+00:00,6,2,389.737932,-0.0029000000000000002,stop
TSLA,2026-03-09,2026-03-09 17:57:00+00:00,6,2,389.98308102,0.0046,target
TSLA,2026-03-09,2026-03-09 18:17:00+00:00,8,2,391.48838202,0.0046,target
TSLA,2026-03-09,2026-03-09 18:39:00+00:00,7,2,392.153415,0.0046,target
TSLA,2026-03-09,2026-03-09 19:01:00+00:00,6,2,392.54839398,0.0046,target
TSLA,2026-03-09,2026-03-09 19:21:00+00:00,6,2,396.144213,0.0046,target
TSLA,2026-03-09,2026-03-09 19:43:00+00:00,6,2,399.139812,-0.0029000000000000002,stop
TSLA,2026-03-09,2026-03-09 20:05:00+00:00,6,2,398.15071422,-0.0029000000000000002,stop
TSLA,2026-03-09,2026-03-09 20:33:00+00:00,7,2,398.08960199999996,0.0046,target
TSLA,2026-03-09,2026-03-09 20:59:00+00:00,6,2,398.07959999999997,0.0046,target
TSLA,2026-03-09,2026-03-09 21:22:00+00:00,6,2,398.16031613999996,0.0046,target
TSLA,2026-03-09,2026-03-09 21:57:00+00:00,6,2,397.78034016,-0.0029000000000000002,stop
TSLA,2026-03-09,2026-03-09 22:36:00+00:00,7,2,396.91936799999996,0.0046,target
TSLA,2026-03-09,2026-03-09 23:12:00+00:00,7,2,397.219428,0.0046,target
TSLA,2026-03-10,2026-03-10 09:25:00+00:00,7,2,403.78074,0.0046,target
TSLA,2026-03-10,2026-03-10 09:48:00+00:00,7,2,403.490682,0.0046,target
TSLA,2026-03-10,2026-03-10 10:19:00+00:00,6,2,403.070598,-0.0029000000000000002,stop
TSLA,2026-03-10,2026-03-10 12:47:00+00:00,6,2,401.210226,0.0046,target
TSLA,2026-03-10,2026-03-10 13:29:00+00:00,6,2,401.86035599999997,0.0046,target
TSLA,2026-03-10,2026-03-10 13:56:00+00:00,6,2,405.95607498000004,-0.0029000000000000002,stop
TSLA,2026-03-10,2026-03-10 14:57:00+00:00,8,2,404.47087799999997,-0.0029000000000000002,stop
TSLA,2026-03-10,2026-03-10 16:45:00+00:00,7,2,403.660716,-0.0029000000000000002,stop
TSLA,2026-03-10,2026-03-10 17:05:00+00:00,6,2,403.845753,-0.0029000000000000002,stop
TSLA,2026-03-10,2026-03-10 20:41:00+00:00,6,2,400.160016,0.0046,target
TSLA,2026-03-11,2026-03-11 10:08:00+00:00,7,2,400.640112,0.0046,target
TSLA,2026-03-11,2026-03-11 10:33:00+00:00,7,2,400.720128,0.0046,target
TSLA,2026-03-11,2026-03-11 11:01:00+00:00,6,2,401.060196,0.0046,target
TSLA,2026-03-11,2026-03-11 11:43:00+00:00,6,2,400.5801,-0.0029000000000000002,stop
TSLA,2026-03-11,2026-03-11 12:21:00+00:00,6,2,400.360056,-0.0029000000000000002,stop
TSLA,2026-03-11,2026-03-11 13:06:00+00:00,7,2,400.74883374,0.0046,target
TSLA,2026-03-11,2026-03-11 13:28:00+00:00,7,2,401.43027,0.0046,target
TSLA,2026-03-11,2026-03-11 13:50:00+00:00,6,2,409.551894,-0.0029000000000000002,stop
TSLA,2026-03-11,2026-03-11 14:10:00+00:00,6,2,412.372458,-0.0029000000000000002,stop
TSLA,2026-03-11,2026-03-11 14:30:00+00:00,6,2,411.93237,-0.0029000000000000002,stop
TSLA,2026-03-11,2026-03-11 18:55:00+00:00,6,2,406.60130399999997,-0.0029000000000000002,stop
TSLA,2026-03-11,2026-03-11 19:35:00+00:00,6,2,407.761536,0.0046,target
TSLA,2026-03-11,2026-03-11 20:47:00+00:00,6,2,407.73193008,0.0046,target
TSLA,2026-03-12,2026-03-12 09:37:00+00:00,7,2,407.711526,0.0046,target
TSLA,2026-03-12,2026-03-12 09:59:00+00:00,7,2,409.141812,0.0046,target
TSLA,2026-03-12,2026-03-12 10:31:00+00:00,7,2,408.79174199999994,-0.0029000000000000002,stop
TSLA,2026-03-12,2026-03-12 11:18:00+00:00,6,2,408.24163200000004,0.0046,target
TSLA,2026-03-12,2026-03-12 11:41:00+00:00,6,2,408.551694,-0.0029000000000000002,stop
TSLA,2026-03-12,2026-03-12 12:09:00+00:00,6,2,407.77153799999996,0.0046,target
TSLA,2026-03-12,2026-03-12 13:04:00+00:00,7,2,407.951574,-0.0029000000000000002,stop
TSLA,2026-03-12,2026-03-12 13:40:00+00:00,6,2,405.691122,-0.0029000000000000002,stop
TSLA,2026-03-12,2026-03-12 16:14:00+00:00,6,2,398.65271459999997,0.0046,target
TSLA,2026-03-12,2026-03-12 16:37:00+00:00,6,2,399.999984,0.0046,target
TSLA,2026-03-12,2026-03-12 17:04:00+00:00,6,2,400.390062,-0.0029000000000000002,stop
TSLA,2026-03-12,2026-03-12 17:26:00+00:00,6,2,400.42006799999996,-0.0029000000000000002,stop
TSLA,2026-03-12,2026-03-12 22:12:00+00:00,6,2,395.46907799999997,0.0046,target
TSLA,2026-03-12,2026-03-12 23:01:00+00:00,7,2,395.92917,0.0046,target
TSLA,2026-03-13,2026-03-13 09:27:00+00:00,6,2,397.02939,0.0046,target
TSLA,2026-03-13,2026-03-13 09:55:00+00:00,8,2,396.87936,0.0046,target
TSLA,2026-03-13,2026-03-13 10:21:00+00:00,8,2,398.17962,0.0046,target
TSLA,2026-03-13,2026-03-13 10:45:00+00:00,6,2,397.669518,0.0046,target
TSLA,2026-03-13,2026-03-13 11:14:00+00:00,6,2,397.59950399999997,0.0046,target
TSLA,2026-03-13,2026-03-13 11:37:00+00:00,6,2,398.47968,-0.0029000000000000002,stop
TSLA,2026-03-13,2026-03-13 12:00:00+00:00,6,2,395.37906,0.0046,target
TSLA,2026-03-13,2026-03-13 12:22:00+00:00,6,2,398.55969600000003,0.0046,target
TSLA,2026-03-13,2026-03-13 12:52:00+00:00,6,2,399.719928,0.0046,target
TSLA,2026-03-13,2026-03-13 13:13:00+00:00,6,2,399.8889618,-0.0029000000000000002,stop
TSLA,2026-03-13,2026-03-13 13:52:00+00:00,6,2,398.599704,-0.0029000000000000002,stop
TSLA,2026-03-13,2026-03-13 16:37:00+00:00,6,2,395.889162,-0.0029000000000000002,stop
TSLA,2026-03-13,2026-03-13 18:41:00+00:00,6,2,393.673719,-0.0029000000000000002,stop
TSLA,2026-03-13,2026-03-13 22:18:00+00:00,6,2,390.52808999999996,0.0046,target
TSLA,2026-03-16,2026-03-16 10:26:00+00:00,7,2,395.42907,0.0046,target
TSLA,2026-03-16,2026-03-16 10:49:00+00:00,7,2,395.66911799999997,0.0046,target
TSLA,2026-03-16,2026-03-16 11:41:00+00:00,6,2,395.42907,-0.0029000000000000002,stop
TSLA,2026-03-16,2026-03-16 12:09:00+00:00,7,2,395.409066,0.0046,target
TSLA,2026-03-16,2026-03-16 12:35:00+00:00,6,2,396.12921,0.0046,target
TSLA,2026-03-16,2026-03-16 13:01:00+00:00,6,2,396.62931,-0.0029000000000000002,stop
TSLA,2026-03-16,2026-03-16 13:23:00+00:00,6,2,397.219428,-0.0029000000000000002,stop
TSLA,2026-03-16,2026-03-16 13:43:00+00:00,7,2,399.09780359999996,0.0046,target
TSLA,2026-03-16,2026-03-16 14:04:00+00:00,6,2,401.510286,0.0046,target
TSLA,2026-03-16,2026-03-16 14:25:00+00:00,6,2,403.070598,-0.0029000000000000002,stop
TSLA,2026-03-16,2026-03-16 15:54:00+00:00,7,2,400.575099,-0.0029000000000000002,stop
TSLA,2026-03-16,2026-03-16 18:27:00+00:00,6,2,398.389662,-0.0029000000000000002,stop
TSLA,2026-03-16,2026-03-16 21:54:00+00:00,6,2,395.46907799999997,0.0046,target
TSLA,2026-03-16,2026-03-16 23:24:00+00:00,7,2,395.22902999999997,0.0046,target
TSLA,2026-03-17,2026-03-17 09:43:00+00:00,7,2,395.068998,0.0046,target
TSLA,2026-03-17,2026-03-17 10:39:00+00:00,6,2,394.888962,0.0046,target
TSLA,2026-03-17,2026-03-17 11:06:00+00:00,8,2,395.399064,0.0046,target
TSLA,2026-03-17,2026-03-17 11:34:00+00:00,7,2,394.97898,-0.0029000000000000002,stop
TSLA,2026-03-17,2026-03-17 12:10:00+00:00,6,2,394.70892599999996,0.0046,target
TSLA,2026-03-17,2026-03-17 12:39:00+00:00,8,2,395.5791,0.0046,target
TSLA,2026-03-17,2026-03-17 12:59:00+00:00,7,2,396.17301876,-0.0029000000000000002,stop
TSLA,2026-03-17,2026-03-17 13:21:00+00:00,6,2,396.269238,-0.0029000000000000002,stop
TSLA,2026-03-17,2026-03-17 13:45:00+00:00,6,2,396.55919597999997,0.0046,target
TSLA,2026-03-17,2026-03-17 14:06:00+00:00,7,2,397.67952,-0.0029000000000000002,stop
TSLA,2026-03-17,2026-03-17 14:27:00+00:00,6,2,397.84955399999996,0.0046,target
TSLA,2026-03-17,2026-03-17 14:49:00+00:00,7,2,399.999984,-0.0029000000000000002,stop
TSLA,2026-03-17,2026-03-17 15:16:00+00:00,6,2,398.4001641,-0.0029000000000000002,stop
TSLA,2026-03-17,2026-03-17 16:23:00+00:00,7,2,397.814547,-0.0029000000000000002,stop
TSLA,2026-03-17,2026-03-17 16:51:00+00:00,6,2,397.5634968,0.0046,target
TSLA,2026-03-17,2026-03-17 17:11:00+00:00,7,2,397.759536,0.0046,target
TSLA,2026-03-17,2026-03-17 17:35:00+00:00,7,2,398.309646,0.0046,target
TSLA,2026-03-17,2026-03-17 17:58:00+00:00,8,2,399.68492100000003,-0.0029000000000000002,stop
TSLA,2026-03-17,2026-03-17 18:22:00+00:00,6,2,398.41976802,-0.0029000000000000002,stop
TSLA,2026-03-17,2026-03-17 19:01:00+00:00,7,2,398.12961,0.0046,target
TSLA,2026-03-17,2026-03-17 19:25:00+00:00,6,2,398.374659,0.0046,target
TSLA,2026-03-17,2026-03-17 19:47:00+00:00,7,2,398.669718,0.0046,target
TSLA,2026-03-17,2026-03-17 20:08:00+00:00,6,2,399.12981,0.0046,target
TSLA,2026-03-17,2026-03-17 20:36:00+00:00,6,2,398.92977,0.0046,target
TSLA,2026-03-17,2026-03-17 21:20:00+00:00,7,2,398.92977,0.0046,target
TSLA,2026-03-17,2026-03-17 23:05:00+00:00,6,2,398.759736,0.0046,target
TSLA,2026-03-18,2026-03-18 10:00:00+00:00,6,2,402.49048200000004,0.0046,target
TSLA,2026-03-18,2026-03-18 10:30:00+00:00,6,2,402.79054199999996,-0.0029000000000000002,stop
TSLA,2026-03-18,2026-03-18 13:41:00+00:00,7,2,400.98017999999996,0.0046,target
TSLA,2026-03-18,2026-03-18 14:03:00+00:00,6,2,400.75003397999996,-0.0029000000000000002,stop
TSLA,2026-03-18,2026-03-18 21:04:00+00:00,6,2,393.22862999999995,0.0046,target
TSLA,2026-03-19,2026-03-19 09:54:00+00:00,7,2,391.848354,0.0046,target
TSLA,2026-03-19,2026-03-19 15:10:00+00:00,7,2,383.79674400000005,-0.0029000000000000002,stop
TSLA,2026-03-19,2026-03-19 16:06:00+00:00,6,2,383.62671,-0.0029000000000000002,stop
TSLA,2026-03-19,2026-03-19 18:11:00+00:00,6,2,382.251435,-0.0029000000000000002,stop
TSLA,2026-03-19,2026-03-19 19:02:00+00:00,6,2,382.53719213999995,0.0046,target
TSLA,2026-03-19,2026-03-19 19:23:00+00:00,6,2,383.736732,-0.0029000000000000002,stop
TSLA,2026-03-19,2026-03-19 19:51:00+00:00,6,2,382.47648,-0.0029000000000000002,stop
TSLA,2026-03-19,2026-03-19 21:27:00+00:00,6,2,382.016388,0.0046,target
TSLA,2026-03-19,2026-03-19 22:20:00+00:00,7,2,382.466478,0.0046,target
TSLA,2026-03-19,2026-03-19 22:51:00+00:00,6,2,382.21642799999995,0.0046,target
TSLA,2026-03-19,2026-03-19 23:11:00+00:00,6,2,382.72652999999997,0.0046,target
TSLA,2026-03-20,2026-03-20 11:36:00+00:00,6,2,378.78574199999997,0.0046,target
TSLA,2026-03-20,2026-03-20 12:47:00+00:00,6,2,379.895964,0.0046,target
TSLA,2026-03-20,2026-03-20 13:07:00+00:00,6,2,380.556096,-0.0029000000000000002,stop
TSLA,2026-03-20,2026-03-20 13:28:00+00:00,6,2,380.5761,-0.0029000000000000002,stop
TSLA,2026-03-20,2026-03-20 15:18:00+00:00,6,2,374.964978,0.0046,target
TSLA,2026-03-20,2026-03-20 15:38:00+00:00,6,2,375.320049,0.0046,target
TSLA,2026-03-20,2026-03-20 15:58:00+00:00,7,2,376.085202,0.0046,target
TSLA,2026-03-20,2026-03-20 16:21:00+00:00,7,2,376.65531599999997,-0.0029000000000000002,stop
TSLA,2026-03-20,2026-03-20 20:55:00+00:00,6,2,368.743734,0.0046,target
TSLA,2026-03-20,2026-03-20 21:47:00+00:00,6,2,371.0742,0.0046,target
TSLA,2026-03-20,2026-03-20 22:07:00+00:00,6,2,372.32495009999997,-0.0029000000000000002,stop
TSLA,2026-03-23,2026-03-23 11:06:00+00:00,9,2,364.382862,0.0046,target
TSLA,2026-03-23,2026-03-23 11:26:00+00:00,6,2,370.67412,-0.0029000000000000002,stop
TSLA,2026-03-23,2026-03-23 11:48:00+00:00,6,2,370.063998,-0.0029000000000000002,stop
TSLA,2026-03-23,2026-03-23 12:09:00+00:00,7,2,368.963778,-0.0029000000000000002,stop
TSLA,2026-03-23,2026-03-23 12:36:00+00:00,6,2,369.083802,0.0046,target
TSLA,2026-03-23,2026-03-23 12:57:00+00:00,6,2,370.91416799999996,0.0046,target
TSLA,2026-03-23,2026-03-23 13:20:00+00:00,6,2,370.73413200000005,0.0046,target
TSLA,2026-03-23,2026-03-23 13:42:00+00:00,8,2,380.41606799999994,-0.0029000000000000002,stop
TSLA,2026-03-23,2026-03-23 14:05:00+00:00,6,2,381.47628,0.0046,target
TSLA,2026-03-23,2026-03-23 14:27:00+00:00,6,2,383.256636,0.0046,target
TSLA,2026-03-23,2026-03-23 14:50:00+00:00,6,2,384.21682799999996,-0.0029000000000000002,stop
TSLA,2026-03-23,2026-03-23 15:12:00+00:00,6,2,384.961977,-0.0029000000000000002,stop
TSLA,2026-03-23,2026-03-23 17:40:00+00:00,6,2,380.07599999999996,-0.0029000000000000002,stop
TSLA,2026-03-23,2026-03-23 18:02:00+00:00,6,2,380.371059,-0.0029000000000000002,stop
TSLA,2026-03-23,2026-03-23 18:22:00+00:00,6,2,379.98598200000004,0.0046,target
TSLA,2026-03-23,2026-03-23 18:43:00+00:00,6,2,381.466278,0.0046,target
TSLA,2026-03-23,2026-03-23 19:18:00+00:00,6,2,380.796144,0.0046,target
TSLA,2026-03-23,2026-03-23 19:45:00+00:00,6,2,381.67632000000003,-0.0029000000000000002,stop
TSLA,2026-03-23,2026-03-23 20:19:00+00:00,6,2,381.106206,0.0046,target
TSLA,2026-03-23,2026-03-23 20:41:00+00:00,6,2,381.47628,0.0046,target
TSLA,2026-03-23,2026-03-23 21:18:00+00:00,6,2,381.28624199999996,0.0046,target
TSLA,2026-03-23,2026-03-23 22:09:00+00:00,7,2,381.366258,0.0046,target
TSLA,2026-03-23,2026-03-23 22:32:00+00:00,6,2,381.296244,0.0046,target
TSLA,2026-03-23,2026-03-23 22:57:00+00:00,6,2,381.686322,0.0046,target
TSLA,2026-03-23,2026-03-23 23:20:00+00:00,6,2,381.746334,0.0046,target
TSLA,2026-03-24,2026-03-24 09:57:00+00:00,6,2,381.37626,0.0046,target
TSLA,2026-03-24,2026-03-24 10:17:00+00:00,6,2,381.786342,-0.0029000000000000002,stop
TSLA,2026-03-24,2026-03-24 13:38:00+00:00,7,2,384.35185499999994,-0.0029000000000000002,stop
TSLA,2026-03-24,2026-03-24 14:05:00+00:00,7,2,385.17702,-0.0029000000000000002,stop
TSLA,2026-03-24,2026-03-24 14:27:00+00:00,6,2,384.90196499999996,-0.0029000000000000002,stop
TSLA,2026-03-24,2026-03-24 14:52:00+00:00,7,2,385.757136,-0.0029000000000000002,stop
TSLA,2026-03-24,2026-03-24 15:17:00+00:00,6,2,385.27704,-0.0029000000000000002,stop
TSLA,2026-03-24,2026-03-24 16:23:00+00:00,6,2,384.13181099999997,-0.0029000000000000002,stop
TSLA,2026-03-24,2026-03-24 18:26:00+00:00,6,2,383.186622,0.0046,target
TSLA,2026-03-24,2026-03-24 18:46:00+00:00,6,2,385.187022,-0.0029000000000000002,stop
TSLA,2026-03-24,2026-03-24 19:08:00+00:00,7,2,384.991983,-0.0029000000000000002,stop
TSLA,2026-03-24,2026-03-24 19:31:00+00:00,6,2,384.296844,-0.0029000000000000002,stop
TSLA,2026-03-24,2026-03-24 20:27:00+00:00,7,2,386.77734,-0.0029000000000000002,stop
TSLA,2026-03-24,2026-03-24 20:49:00+00:00,7,2,386.05719600000003,0.0046,target
TSLA,2026-03-24,2026-03-24 21:09:00+00:00,6,2,385.5575961,0.0046,target
TSLA,2026-03-24,2026-03-24 21:46:00+00:00,6,2,385.687122,0.0046,target
TSLA,2026-03-24,2026-03-24 22:07:00+00:00,6,2,386.207226,0.0046,target
TSLA,2026-03-24,2026-03-24 22:36:00+00:00,7,2,385.897164,0.0046,target
TSLA,2026-03-24,2026-03-24 22:56:00+00:00,6,2,386.17722000000003,0.0046,target
TSLA,2026-03-24,2026-03-24 23:19:00+00:00,7,2,386.34725399999996,0.0046,target
TSLA,2026-03-25,2026-03-25 10:15:00+00:00,7,2,389.72792999999996,0.0046,target
TSLA,2026-03-25,2026-03-25 10:56:00+00:00,7,2,389.62791,0.0046,target
TSLA,2026-03-25,2026-03-25 11:16:00+00:00,6,2,390.468078,0.0046,target
TSLA,2026-03-25,2026-03-25 11:36:00+00:00,7,2,390.668118,-0.0029000000000000002,stop
TSLA,2026-03-25,2026-03-25 12:10:00+00:00,7,2,391.718328,-0.0029000000000000002,stop
TSLA,2026-03-25,2026-03-25 13:01:00+00:00,6,2,391.29704375999995,-0.0029000000000000002,stop
TSLA,2026-03-25,2026-03-25 13:23:00+00:00,6,2,390.938172,-0.0029000000000000002,stop
TSLA,2026-03-25,2026-03-25 13:43:00+00:00,6,2,394.018788,-0.0029000000000000002,stop
TSLA,2026-03-25,2026-03-25 14:15:00+00:00,6,2,393.23873202,0.0046,target
TSLA,2026-03-25,2026-03-25 14:38:00+00:00,6,2,394.02889002,-0.0029000000000000002,stop
TSLA,2026-03-25,2026-03-25 14:58:00+00:00,6,2,393.48878202,-0.0029000000000000002,stop
TSLA,2026-03-25,2026-03-25 21:03:00+00:00,6,2,386.42727,0.0046,target
TSLA,2026-03-26,2026-03-26 10:05:00+00:00,6,2,381.52628999999996,0.0046,target
TSLA,2026-03-26,2026-03-26 10:32:00+00:00,7,2,381.716328,-0.0029000000000000002,stop
TSLA,2026-03-26,2026-03-26 11:02:00+00:00,6,2,381.496284,0.0046,target
TSLA,2026-03-26,2026-03-26 11:29:00+00:00,6,2,381.616308,-0.0029000000000000002,stop
TSLA,2026-03-26,2026-03-26 13:18:00+00:00,6,2,381.55629600000003,-0.0029000000000000002,stop
TSLA,2026-03-26,2026-03-26 13:44:00+00:00,6,2,383.10660599999994,-0.0029000000000000002,stop
TSLA,2026-03-26,2026-03-26 14:04:00+00:00,7,2,383.886762,-0.0029000000000000002,stop
TSLA,2026-03-27,2026-03-27 11:37:00+00:00,6,2,370.514088,0.0046,target
TSLA,2026-03-27,2026-03-27 12:01:00+00:00,7,2,376.58530199999996,-0.0029000000000000002,stop
TSLA,2026-03-27,2026-03-27 14:53:00+00:00,6,2,365.893164,-0.0029000000000000002,stop
TSLA,2026-03-27,2026-03-27 15:13:00+00:00,6,2,366.353256,-0.0029000000000000002,stop
TSLA,2026-03-27,2026-03-27 15:36:00+00:00,6,2,367.998585,-0.0029000000000000002,stop
TSLA,2026-03-27,2026-03-27 18:46:00+00:00,6,2,361.5723,-0.0029000000000000002,stop
TSLA,2026-03-30,2026-03-30 10:10:00+00:00,6,2,363.37266,-0.0029000000000000002,stop
TSLA,2026-03-30,2026-03-30 11:06:00+00:00,6,2,363.07259999999997,0.0046,target
TSLA,2026-03-30,2026-03-30 11:27:00+00:00,8,2,364.482882,-0.0029000000000000002,stop
TSLA,2026-03-30,2026-03-30 11:54:00+00:00,6,2,364.252836,0.0046,target
TSLA,2026-03-30,2026-03-30 12:14:00+00:00,7,2,364.40286599999996,0.0046,target
TSLA,2026-03-30,2026-03-30 12:36:00+00:00,7,2,364.99298400000004,0.0046,target
TSLA,2026-03-30,2026-03-30 12:57:00+00:00,6,2,365.683122,-0.0029000000000000002,stop
TSLA,2026-03-30,2026-03-30 13:18:00+00:00,6,2,365.583102,-0.0029000000000000002,stop
TSLA,2026-03-30,2026-03-30 15:04:00+00:00,6,2,364.54289400000005,-0.0029000000000000002,stop
TSLA,2026-03-30,2026-03-30 15:42:00+00:00,6,2,363.612708,-0.0029000000000000002,stop
TSLA,2026-03-30,2026-03-30 19:55:00+00:00,6,2,355.1770212,0.0046,target
TSLA,2026-03-31,2026-03-31 11:20:00+00:00,7,2,358.791744,0.0046,target
TSLA,2026-03-31,2026-03-31 11:47:00+00:00,6,2,359.12181,0.0046,target
TSLA,2026-03-31,2026-03-31 12:07:00+00:00,8,2,359.741934,-0.0029000000000000002,stop
TSLA,2026-03-31,2026-03-31 12:29:00+00:00,9,2,360.112008,0.0046,target
TSLA,2026-03-31,2026-03-31 12:50:00+00:00,7,2,360.312048,0.0046,target
TSLA,2026-03-31,2026-03-31 13:11:00+00:00,6,2,360.232032,0.0046,target
TSLA,2026-03-31,2026-03-31 13:34:00+00:00,6,2,364.64291399999996,-0.0029000000000000002,stop
TSLA,2026-03-31,2026-03-31 13:54:00+00:00,7,2,364.74693479999996,-0.0029000000000000002,stop
TSLA,2026-03-31,2026-03-31 14:18:00+00:00,8,2,364.43127168,0.0046,target
TSLA,2026-03-31,2026-03-31 14:38:00+00:00,6,2,364.447875,-0.0029000000000000002,stop
TSLA,2026-03-31,2026-03-31 15:06:00+00:00,6,2,364.592904,-0.0029000000000000002,stop
TSLA,2026-03-31,2026-03-31 16:22:00+00:00,7,2,364.65801702,0.0046,target
TSLA,2026-03-31,2026-03-31 16:44:00+00:00,6,2,371.014188,-0.0029000000000000002,stop
TSLA,2026-03-31,2026-03-31 17:08:00+00:00,7,2,371.509287,-0.0029000000000000002,stop
TSLA,2026-03-31,2026-03-31 17:28:00+00:00,6,2,370.26403799999997,-0.0029000000000000002,stop
TSLA,2026-03-31,2026-03-31 17:48:00+00:00,6,2,369.633912,-0.0029000000000000002,stop
TSLA,2026-03-31,2026-03-31 18:12:00+00:00,6,2,370.22402999999997,0.0046,target
TSLA,2026-03-31,2026-03-31 18:32:00+00:00,6,2,371.339253,0.0046,target
TSLA,2026-03-31,2026-03-31 18:55:00+00:00,6,2,372.914568,-0.0029000000000000002,stop
TSLA,2026-03-31,2026-03-31 19:19:00+00:00,6,2,372.60450599999996,0.0046,target
TSLA,2026-03-31,2026-03-31 19:51:00+00:00,8,2,373.07470001999997,-0.0029000000000000002,stop
TSLA,2026-03-31,2026-03-31 20:17:00+00:00,6,2,372.62461002,0.0046,target
TSLA,2026-03-31,2026-03-31 20:57:00+00:00,7,2,372.584502,0.0046,target
TSLA,2026-03-31,2026-03-31 21:40:00+00:00,6,2,372.514488,0.0046,target
TSLA,2026-03-31,2026-03-31 22:12:00+00:00,7,2,372.634512,0.0046,target
TSLA,2026-03-31,2026-03-31 22:37:00+00:00,6,2,373.17472002,0.0046,target
TSLA,2026-03-31,2026-03-31 22:57:00+00:00,6,2,373.194624,0.0046,target
TSLA,2026-03-31,2026-03-31 23:22:00+00:00,9,2,373.37466,0.0046,target
TSLA,2026-04-01,2026-04-01 09:53:00+00:00,6,2,377.32545,-0.0029000000000000002,stop
TSLA,2026-04-01,2026-04-01 10:46:00+00:00,7,2,377.72553,0.0046,target
TSLA,2026-04-01,2026-04-01 11:07:00+00:00,6,2,379.02018888,0.0046,target
TSLA,2026-04-01,2026-04-01 11:28:00+00:00,6,2,379.695924,0.0046,target
TSLA,2026-04-01,2026-04-01 11:49:00+00:00,6,2,380.17602,0.0046,target
TSLA,2026-04-01,2026-04-01 12:16:00+00:00,6,2,380.52608999999995,-0.0029000000000000002,stop
TSLA,2026-04-01,2026-04-01 12:45:00+00:00,7,2,380.07599999999996,-0.0029000000000000002,stop
TSLA,2026-04-01,2026-04-01 13:30:00+00:00,6,2,378.765738,-0.0029000000000000002,stop
TSLA,2026-04-01,2026-04-01 14:12:00+00:00,6,2,377.155416,-0.0029000000000000002,stop
TSLA,2026-04-01,2026-04-01 14:43:00+00:00,7,2,378.805746,-0.0029000000000000002,stop
TSLA,2026-04-01,2026-04-01 15:04:00+00:00,6,2,381.771339,-0.0029000000000000002,stop
TSLA,2026-04-01,2026-04-01 15:40:00+00:00,6,2,381.76633799999996,0.0046,target
TSLA,2026-04-01,2026-04-01 16:01:00+00:00,7,2,381.941373,0.0046,target
TSLA,2026-04-01,2026-04-01 16:24:00+00:00,6,2,382.06059683999996,-0.0029000000000000002,stop
TSLA,2026-04-01,2026-04-01 16:51:00+00:00,6,2,382.056396,-0.0029000000000000002,stop
TSLA,2026-04-01,2026-04-01 17:11:00+00:00,6,2,381.746334,-0.0029000000000000002,stop
TSLA,2026-04-01,2026-04-01 19:01:00+00:00,6,2,379.315848,0.0046,target
TSLA,2026-04-01,2026-04-01 19:23:00+00:00,7,2,380.40076494,0.0046,target
TSLA,2026-04-01,2026-04-01 19:43:00+00:00,6,2,380.95617599999997,-0.0029000000000000002,stop
TSLA,2026-04-01,2026-04-01 20:05:00+00:00,6,2,380.92617,0.0046,target
TSLA,2026-04-01,2026-04-01 20:31:00+00:00,6,2,380.72612999999996,0.0046,target
TSLA,2026-04-01,2026-04-01 21:02:00+00:00,6,2,380.97617999999994,0.0046,target
TSLA,2026-04-01,2026-04-01 21:41:00+00:00,6,2,381.216228,0.0046,target
TSLA,2026-04-01,2026-04-01 22:10:00+00:00,6,2,381.17622,0.0046,target
TSLA,2026-04-01,2026-04-01 22:35:00+00:00,6,2,381.0762,0.0046,target
TSLA,2026-04-01,2026-04-01 22:59:00+00:00,6,2,380.696124,0.0046,target
TSLA,2026-04-02,2026-04-02 09:31:00+00:00,6,2,373.28464199999996,0.0046,target
TSLA,2026-04-02,2026-04-02 11:03:00+00:00,6,2,372.814548,-0.0029000000000000002,stop
TSLA,2026-04-02,2026-04-02 13:35:00+00:00,6,2,367.52349,-0.0029000000000000002,stop
TSLA,2026-04-02,2026-04-02 14:19:00+00:00,6,2,369.793944,-0.0029000000000000002,stop
TSLA,2026-04-02,2026-04-02 15:13:00+00:00,6,2,367.91626854,-0.0029000000000000002,stop
TSLA,2026-04-02,2026-04-02 22:20:00+00:00,6,2,361.5723,0.0046,target
TSLA,2026-04-06,2026-04-06 09:22:00+00:00,8,2,366.82335,-0.0029000000000000002,stop
TSLA,2026-04-06,2026-04-06 10:18:00+00:00,6,2,365.85315599999996,0.0046,target
TSLA,2026-04-06,2026-04-06 13:36:00+00:00,6,2,366.97337999999996,-0.0029000000000000002,stop
TSLA,2026-04-06,2026-04-06 18:45:00+00:00,6,2,351.050196,0.0046,target
TSLA,2026-04-06,2026-04-06 19:10:00+00:00,6,2,351.400266,0.0046,target
TSLA,2026-04-07,2026-04-07 09:25:00+00:00,6,2,353.67072,-0.0029000000000000002,stop
TSLA,2026-04-07,2026-04-07 09:51:00+00:00,6,2,353.000586,-0.0029000000000000002,stop
TSLA,2026-04-07,2026-04-07 10:13:00+00:00,6,2,352.71052799999995,-0.0029000000000000002,stop
TSLA,2026-04-07,2026-04-07 16:28:00+00:00,7,2,341.998386,0.0046,target
TSLA,2026-04-07,2026-04-07 16:51:00+00:00,7,2,342.71392908,-0.0029000000000000002,stop
TSLA,2026-04-07,2026-04-07 17:13:00+00:00,7,2,342.12841199999997,-0.0029000000000000002,stop
TSLA,2026-04-07,2026-04-07 17:39:00+00:00,6,2,344.0688,-0.0029000000000000002,stop
TSLA,2026-04-07,2026-04-07 18:01:00+00:00,6,2,343.448676,-0.0029000000000000002,stop
TSLA,2026-04-07,2026-04-07 18:27:00+00:00,6,2,342.32845199999997,-0.0029000000000000002,stop
TSLA,2026-04-07,2026-04-07 19:19:00+00:00,6,2,342.45347699999996,0.0046,target
TSLA,2026-04-07,2026-04-07 19:40:00+00:00,6,2,342.308448,0.0046,target
TSLA,2026-04-07,2026-04-07 20:02:00+00:00,6,2,347.26944,-0.0029000000000000002,stop
TSLA,2026-04-07,2026-04-07 20:23:00+00:00,6,2,347.289444,0.0046,target
TSLA,2026-04-07,2026-04-07 20:45:00+00:00,7,2,347.51948999999996,0.0046,target
TSLA,2026-04-07,2026-04-07 21:07:00+00:00,7,2,347.449476,0.0046,target
TSLA,2026-04-07,2026-04-07 21:29:00+00:00,7,2,347.889564,0.0046,target
TSLA,2026-04-07,2026-04-07 21:50:00+00:00,6,2,348.51968999999997,0.0046,target
TSLA,2026-04-07,2026-04-07 22:10:00+00:00,6,2,350.65011599999997,-0.0029000000000000002,stop
TSLA,2026-04-07,2026-04-07 22:32:00+00:00,6,2,350.63111219999996,-0.0029000000000000002,stop
TSLA,2026-04-07,2026-04-07 22:54:00+00:00,6,2,356.011188,0.0046,target
TSLA,2026-04-07,2026-04-07 23:19:00+00:00,7,2,359.77194,-0.0029000000000000002,stop
TSLA,2026-04-08,2026-04-08 11:04:00+00:00,6,2,362.97258,0.0046,target
TSLA,2026-04-08,2026-04-08 12:07:00+00:00,7,2,363.47267999999997,-0.0029000000000000002,stop
TSLA,2026-04-08,2026-04-08 12:48:00+00:00,6,2,363.51888923999996,0.0046,target
TSLA,2026-04-08,2026-04-08 13:09:00+00:00,7,2,364.47288,-0.0029000000000000002,stop
TSLA,2026-04-08,2026-04-08 13:29:00+00:00,6,2,364.5729,-0.0029000000000000002,stop
TSLA,2026-04-08,2026-04-08 16:03:00+00:00,6,2,348.799746,-0.0029000000000000002,stop
TSLA,2026-04-08,2026-04-08 16:44:00+00:00,6,2,348.15961799999997,-0.0029000000000000002,stop
TSLA,2026-04-08,2026-04-08 17:37:00+00:00,6,2,348.55469700000003,-0.0029000000000000002,stop
TSLA,2026-04-09,2026-04-09 09:27:00+00:00,7,2,341.64831599999997,0.0046,target
TSLA,2026-04-09,2026-04-09 09:48:00+00:00,8,2,341.678322,0.0046,target
TSLA,2026-04-09,2026-04-09 10:08:00+00:00,8,2,346.36926,-0.0029000000000000002,stop
TSLA,2026-04-09,2026-04-09 10:36:00+00:00,6,2,343.958778,-0.0029000000000000002,stop
TSLA,2026-04-09,2026-04-09 11:39:00+00:00,6,2,342.65851799999996,0.0046,target
TSLA,2026-04-09,2026-04-09 12:01:00+00:00,8,2,343.748736,-0.0029000000000000002,stop
TSLA,2026-04-09,2026-04-09 12:22:00+00:00,6,2,342.958578,0.0046,target
TSLA,2026-04-09,2026-04-09 12:45:00+00:00,6,2,343.03859400000005,-0.0029000000000000002,stop
TSLA,2026-04-09,2026-04-09 13:18:00+00:00,6,2,342.96858,-0.0029000000000000002,stop
TSLA,2026-04-09,2026-04-09 13:40:00+00:00,7,2,343.558698,0.0046,target
TSLA,2026-04-09,2026-04-09 14:46:00+00:00,7,2,341.643315,-0.0029000000000000002,stop
TSLA,2026-04-09,2026-04-09 15:11:00+00:00,6,2,342.86856,-0.0029000000000000002,stop
TSLA,2026-04-09,2026-04-09 15:40:00+00:00,6,2,342.96858,0.0046,target
TSLA,2026-04-09,2026-04-09 16:00:00+00:00,7,2,345.139014,0.0046,target
TSLA,2026-04-09,2026-04-09 16:20:00+00:00,6,2,348.274641,-0.0029000000000000002,stop
TSLA,2026-04-09,2026-04-09 16:42:00+00:00,6,2,346.03419299999996,0.0046,target
TSLA,2026-04-09,2026-04-09 17:04:00+00:00,6,2,347.10920796,0.0046,target
TSLA,2026-04-09,2026-04-09 17:31:00+00:00,6,2,347.21943,0.0046,target
TSLA,2026-04-09,2026-04-09 17:51:00+00:00,6,2,347.83645338,-0.0029000000000000002,stop
TSLA,2026-04-09,2026-04-09 18:54:00+00:00,6,2,345.189024,0.0046,target
TSLA,2026-04-09,2026-04-09 19:41:00+00:00,6,2,346.039194,-0.0029000000000000002,stop
TSLA,2026-04-09,2026-04-09 20:34:00+00:00,8,2,345.989184,0.0046,target
TSLA,2026-04-09,2026-04-09 20:55:00+00:00,6,2,345.76914,0.0046,target
TSLA,2026-04-09,2026-04-09 21:25:00+00:00,6,2,345.729132,0.0046,target
TSLA,2026-04-09,2026-04-09 22:12:00+00:00,7,2,346.26923999999997,0.0046,target
TSLA,2026-04-09,2026-04-09 22:42:00+00:00,6,2,345.749136,0.0046,target
TSLA,2026-04-09,2026-04-09 23:10:00+00:00,6,2,345.449076,0.0046,target
TSLA,2026-04-10,2026-04-10 10:52:00+00:00,6,2,346.02919199999997,0.0046,target
TSLA,2026-04-10,2026-04-10 11:21:00+00:00,6,2,346.11921,0.0046,target
TSLA,2026-04-10,2026-04-10 11:41:00+00:00,7,2,346.129212,-0.0029000000000000002,stop
TSLA,2026-04-10,2026-04-10 12:39:00+00:00,6,2,346.479282,0.0046,target
TSLA,2026-04-10,2026-04-10 13:02:00+00:00,6,2,347.0694,-0.0029000000000000002,stop
TSLA,2026-04-10,2026-04-10 13:22:00+00:00,6,2,346.51008816,-0.0029000000000000002,stop
TSLA,2026-04-10,2026-04-10 13:46:00+00:00,6,2,347.93557319999996,-0.0029000000000000002,stop
TSLA,2026-04-10,2026-04-10 14:37:00+00:00,8,2,347.96957999999995,-0.0029000000000000002,stop
TSLA,2026-04-10,2026-04-10 15:06:00+00:00,6,2,346.899366,-0.0029000000000000002,stop
TSLA,2026-04-10,2026-04-10 17:51:00+00:00,6,2,345.084003,0.0046,target
TSLA,2026-04-10,2026-04-10 18:11:00+00:00,6,2,346.109208,0.0046,target
TSLA,2026-04-10,2026-04-10 18:32:00+00:00,6,2,346.51928999999996,-0.0029000000000000002,stop
TSLA,2026-04-10,2026-04-10 19:07:00+00:00,8,2,346.28424299999995,0.0046,target
TSLA,2026-04-10,2026-04-10 19:29:00+00:00,7,2,346.51928999999996,0.0046,target
TSLA,2026-04-10,2026-04-10 19:49:00+00:00,6,2,347.22693150000003,0.0046,target
TSLA,2026-04-10,2026-04-10 20:09:00+00:00,6,2,348.83975399999997,0.0046,target
TSLA,2026-04-10,2026-04-10 20:31:00+00:00,6,2,348.72203046000004,0.0046,target
TSLA,2026-04-10,2026-04-10 20:58:00+00:00,6,2,349.009788,0.0046,target
TSLA,2026-04-10,2026-04-10 21:20:00+00:00,6,2,350.07,0.0046,target
TSLA,2026-04-10,2026-04-10 21:43:00+00:00,6,2,352.07080008,-0.0029000000000000002,stop
TSLA,2026-04-10,2026-04-10 22:04:00+00:00,7,2,351.34025399999996,0.0046,target
TSLA,2026-04-10,2026-04-10 22:24:00+00:00,6,2,351.110208,0.0046,target
TSLA,2026-04-10,2026-04-10 22:46:00+00:00,8,2,351.680322,0.0046,target
TSLA,2026-04-10,2026-04-10 23:06:00+00:00,6,2,351.330252,0.0046,target
TSLA,2026-04-13,2026-04-13 11:03:00+00:00,7,2,346.76053823999996,0.0046,target
TSLA,2026-04-13,2026-04-13 12:16:00+00:00,8,2,347.339454,0.0046,target
TSLA,2026-04-13,2026-04-13 12:39:00+00:00,6,2,347.389464,0.0046,target
TSLA,2026-04-13,2026-04-13 13:01:00+00:00,7,2,347.58760362,0.0046,target
TSLA,2026-04-13,2026-04-13 13:22:00+00:00,7,2,348.3531567,0.0046,target
TSLA,2026-04-13,2026-04-13 13:43:00+00:00,6,2,349.299846,0.0046,target
TSLA,2026-04-13,2026-04-13 14:03:00+00:00,7,2,353.98078200000003,0.0046,target
TSLA,2026-04-13,2026-04-13 14:58:00+00:00,8,2,352.540494,-0.0029000000000000002,stop
TSLA,2026-04-13,2026-04-13 16:09:00+00:00,7,2,351.77534099999997,0.0046,target
TSLA,2026-04-13,2026-04-13 16:29:00+00:00,6,2,352.740534,-0.0029000000000000002,stop
TSLA,2026-04-13,2026-04-13 16:51:00+00:00,7,2,353.215629,-0.0029000000000000002,stop
TSLA,2026-04-13,2026-04-13 17:11:00+00:00,7,2,353.580702,0.0046,target
TSLA,2026-04-13,2026-04-13 17:32:00+00:00,6,2,354.330852,-0.0029000000000000002,stop
TSLA,2026-04-13,2026-04-13 17:52:00+00:00,6,2,353.12061,-0.0029000000000000002,stop
TSLA,2026-04-13,2026-04-13 20:00:00+00:00,7,2,352.46047799999997,0.0046,target
TSLA,2026-04-13,2026-04-13 20:24:00+00:00,6,2,352.390464,0.0046,target
TSLA,2026-04-13,2026-04-13 20:50:00+00:00,7,2,352.59830556000003,0.0046,target
TSLA,2026-04-13,2026-04-13 21:15:00+00:00,6,2,352.59050399999995,0.0046,target
TSLA,2026-04-13,2026-04-13 21:36:00+00:00,6,2,352.87056,0.0046,target
TSLA,2026-04-13,2026-04-13 22:10:00+00:00,6,2,352.880562,0.0046,target
TSLA,2026-04-13,2026-04-13 22:32:00+00:00,6,2,353.54069400000003,0.0046,target
TSLA,2026-04-13,2026-04-13 22:55:00+00:00,7,2,353.500686,0.0046,target
TSLA,2026-04-13,2026-04-13 23:15:00+00:00,7,2,353.47067999999996,0.0046,target
TSLA,2026-04-14,2026-04-14 09:23:00+00:00,7,2,359.42187,-0.0029000000000000002,stop
TSLA,2026-04-14,2026-04-14 09:48:00+00:00,6,2,358.66171799999995,0.0046,target
TSLA,2026-04-14,2026-04-14 10:13:00+00:00,7,2,358.67172,0.0046,target
TSLA,2026-04-14,2026-04-14 10:36:00+00:00,6,2,358.841754,0.0046,target
TSLA,2026-04-14,2026-04-14 10:56:00+00:00,6,2,358.691724,0.0046,target
TSLA,2026-04-14,2026-04-14 11:21:00+00:00,7,2,359.0718,0.0046,target
TSLA,2026-04-14,2026-04-14 11:58:00+00:00,6,2,359.22182999999995,-0.0029000000000000002,stop
TSLA,2026-04-14,2026-04-14 12:31:00+00:00,6,2,358.45167599999996,0.0046,target
TSLA,2026-04-14,2026-04-14 12:55:00+00:00,6,2,358.561698,0.0046,target
TSLA,2026-04-14,2026-04-14 13:23:00+00:00,6,2,358.53169199999996,-0.0029000000000000002,stop
TSLA,2026-04-14,2026-04-14 13:46:00+00:00,8,2,359.741934,-0.0029000000000000002,stop
TSLA,2026-04-14,2026-04-14 14:14:00+00:00,7,2,359.74923546,0.0046,target
TSLA,2026-04-14,2026-04-14 14:34:00+00:00,7,2,363.127611,-0.0029000000000000002,stop
TSLA,2026-04-14,2026-04-14 14:54:00+00:00,7,2,363.482682,-0.0029000000000000002,stop
TSLA,2026-04-14,2026-04-14 15:16:00+00:00,6,2,361.98238200000003,-0.0029000000000000002,stop
TSLA,2026-04-14,2026-04-14 15:37:00+00:00,6,2,363.95777699999996,0.0046,target
TSLA,2026-04-14,2026-04-14 15:57:00+00:00,7,2,366.06049746,0.0046,target
TSLA,2026-04-14,2026-04-14 16:21:00+00:00,6,2,366.253236,0.0046,target
TSLA,2026-04-14,2026-04-14 16:43:00+00:00,6,2,366.938373,-0.0029000000000000002,stop
TSLA,2026-04-14,2026-04-14 17:19:00+00:00,6,2,365.23313201999997,0.0046,target
TSLA,2026-04-14,2026-04-14 17:56:00+00:00,6,2,365.32304999999997,-0.0029000000000000002,stop
TSLA,2026-04-14,2026-04-14 18:36:00+00:00,6,2,363.742734,0.0046,target
TSLA,2026-04-14,2026-04-14 19:01:00+00:00,6,2,364.44417426,0.0046,target
TSLA,2026-04-14,2026-04-14 19:24:00+00:00,6,2,365.588103,-0.0029000000000000002,stop
TSLA,2026-04-14,2026-04-14 20:29:00+00:00,7,2,364.492884,0.0046,target
TSLA,2026-04-14,2026-04-14 21:02:00+00:00,6,2,364.54289400000005,0.0046,target
TSLA,2026-04-14,2026-04-14 21:23:00+00:00,6,2,364.482882,0.0046,target
TSLA,2026-04-14,2026-04-14 21:54:00+00:00,7,2,364.53289199999995,0.0046,target
TSLA,2026-04-14,2026-04-14 22:16:00+00:00,6,2,364.60290599999996,0.0046,target
TSLA,2026-04-14,2026-04-14 22:38:00+00:00,7,2,364.5633981,0.0046,target
TSLA,2026-04-14,2026-04-14 23:03:00+00:00,7,2,364.67292000000003,0.0046,target
TSLA,2026-04-14,2026-04-14 23:28:00+00:00,8,2,364.94777496,0.0046,target
TSLA,2026-04-15,2026-04-15 09:23:00+00:00,6,2,366.97337999999996,-0.0029000000000000002,stop
TSLA,2026-04-15,2026-04-15 10:10:00+00:00,6,2,366.963378,-0.0029000000000000002,stop
TSLA,2026-04-15,2026-04-15 11:01:00+00:00,6,2,365.84315399999997,0.0046,target
TSLA,2026-04-15,2026-04-15 11:40:00+00:00,7,2,366.62331,0.0046,target
TSLA,2026-04-15,2026-04-15 12:01:00+00:00,6,2,366.67332,0.0046,target
TSLA,2026-04-15,2026-04-15 12:25:00+00:00,6,2,366.463278,0.0046,target
TSLA,2026-04-15,2026-04-15 12:47:00+00:00,7,2,366.963378,0.0046,target
TSLA,2026-04-15,2026-04-15 13:10:00+00:00,6,2,366.66331799999995,-0.0029000000000000002,stop
TSLA,2026-04-15,2026-04-15 13:30:00+00:00,7,2,366.82335,-0.0029000000000000002,stop
TSLA,2026-04-15,2026-04-15 13:52:00+00:00,9,2,370.47908099999995,0.0046,target
TSLA,2026-04-15,2026-04-15 14:16:00+00:00,7,2,376.3847619,-0.0029000000000000002,stop
TSLA,2026-04-15,2026-04-15 14:36:00+00:00,7,2,378.23063099999996,-0.0029000000000000002,stop
TSLA,2026-04-15,2026-04-15 15:01:00+00:00,6,2,380.936172,0.0046,target
TSLA,2026-04-15,2026-04-15 15:22:00+00:00,8,2,385.922169,0.0046,target
TSLA,2026-04-15,2026-04-15 15:47:00+00:00,6,2,391.53329099999996,0.0046,target
TSLA,2026-04-15,2026-04-15 16:08:00+00:00,6,2,391.583301,-0.0029000000000000002,stop
TSLA,2026-04-15,2026-04-15 16:28:00+00:00,6,2,394.02748973999996,-0.0029000000000000002,stop
TSLA,2026-04-15,2026-04-15 17:46:00+00:00,6,2,388.317648,-0.0029000000000000002,stop
TSLA,2026-04-15,2026-04-15 18:06:00+00:00,6,2,388.667718,0.0046,target
TSLA,2026-04-15,2026-04-15 18:26:00+00:00,7,2,389.667918,0.0046,target
TSLA,2026-04-15,2026-04-15 18:48:00+00:00,7,2,390.863157,-0.0029000000000000002,stop
TSLA,2026-04-15,2026-04-15 19:09:00+00:00,7,2,392.008386,-0.0029000000000000002,stop
TSLA,2026-04-15,2026-04-15 19:29:00+00:00,7,2,392.34845399999995,0.0046,target
TSLA,2026-04-15,2026-04-15 19:49:00+00:00,6,2,394.538892,-0.0029000000000000002,stop
TSLA,2026-04-15,2026-04-15 20:14:00+00:00,6,2,392.90856599999995,0.0046,target
TSLA,2026-04-15,2026-04-15 20:34:00+00:00,7,2,392.718528,0.0046,target
TSLA,2026-04-15,2026-04-15 20:55:00+00:00,6,2,393.09860399999997,0.0046,target
TSLA,2026-04-15,2026-04-15 21:19:00+00:00,6,2,392.7675378,0.0046,target
TSLA,2026-04-15,2026-04-15 21:46:00+00:00,6,2,392.27844,0.0046,target
TSLA,2026-04-15,2026-04-15 22:10:00+00:00,6,2,392.45917613999995,0.0046,target
TSLA,2026-04-15,2026-04-15 22:30:00+00:00,6,2,393.01728774,0.0046,target
TSLA,2026-04-15,2026-04-15 22:51:00+00:00,6,2,393.398664,0.0046,target
TSLA,2026-04-15,2026-04-15 23:12:00+00:00,6,2,393.68852196,0.0046,target
TSLA,2026-04-16,2026-04-16 09:24:00+00:00,6,2,397.369458,0.0046,target
TSLA,2026-04-16,2026-04-16 12:04:00+00:00,6,2,396.02918999999997,-0.0029000000000000002,stop
TSLA,2026-04-16,2026-04-16 12:33:00+00:00,7,2,396.119208,-0.0029000000000000002,stop
TSLA,2026-04-16,2026-04-16 15:07:00+00:00,6,2,386.922369,0.0046,target
TSLA,2026-04-16,2026-04-16 15:30:00+00:00,6,2,387.967578,0.0046,target
TSLA,2026-04-16,2026-04-16 15:51:00+00:00,6,2,388.952775,0.0046,target
TSLA,2026-04-16,2026-04-16 16:11:00+00:00,6,2,389.757936,-0.0029000000000000002,stop
TSLA,2026-04-16,2026-04-16 16:33:00+00:00,6,2,388.92777,-0.0029000000000000002,stop
TSLA,2026-04-16,2026-04-16 16:56:00+00:00,6,2,388.652715,-0.0029000000000000002,stop
TSLA,2026-04-16,2026-04-16 17:24:00+00:00,7,2,388.622709,-0.0029000000000000002,stop
TSLA,2026-04-16,2026-04-16 17:54:00+00:00,6,2,388.72793004,-0.0029000000000000002,stop
TSLA,2026-04-16,2026-04-16 18:45:00+00:00,6,2,387.82755,0.0046,target
TSLA,2026-04-16,2026-04-16 19:08:00+00:00,6,2,388.0776,0.0046,target
TSLA,2026-04-16,2026-04-16 19:32:00+00:00,6,2,387.902565,0.0046,target
TSLA,2026-04-16,2026-04-16 19:53:00+00:00,6,2,389.267838,-0.0029000000000000002,stop
TSLA,2026-04-16,2026-04-16 20:26:00+00:00,8,2,388.557696,0.0046,target
TSLA,2026-04-16,2026-04-16 21:17:00+00:00,6,2,388.297644,0.0046,target
TSLA,2026-04-16,2026-04-16 22:04:00+00:00,7,2,388.447674,0.0046,target
TSLA,2026-04-16,2026-04-16 22:30:00+00:00,6,2,388.367658,0.0046,target
TSLA,2026-04-17,2026-04-17 09:28:00+00:00,7,2,389.707926,0.0046,target
TSLA,2026-04-17,2026-04-17 09:49:00+00:00,7,2,389.667918,0.0046,target
TSLA,2026-04-17,2026-04-17 10:10:00+00:00,6,2,390.458076,-0.0029000000000000002,stop
TSLA,2026-04-17,2026-04-17 11:07:00+00:00,7,2,391.298244,0.0046,target
TSLA,2026-04-17,2026-04-17 11:27:00+00:00,6,2,391.5177879,0.0046,target
TSLA,2026-04-17,2026-04-17 11:48:00+00:00,6,2,392.27844,0.0046,target
TSLA,2026-04-17,2026-04-17 12:09:00+00:00,6,2,393.748734,0.0046,target
TSLA,2026-04-17,2026-04-17 12:30:00+00:00,6,2,394.5789,0.0046,target
TSLA,2026-04-17,2026-04-17 12:53:00+00:00,7,2,395.809146,0.0046,target
TSLA,2026-04-17,2026-04-17 13:14:00+00:00,7,2,398.72972999999996,-0.0029000000000000002,stop
TSLA,2026-04-17,2026-04-17 14:17:00+00:00,6,2,396.339252,-0.0029000000000000002,stop
TSLA,2026-04-17,2026-04-17 14:37:00+00:00,6,2,398.79974400000003,0.0046,target
TSLA,2026-04-17,2026-04-17 14:57:00+00:00,7,2,405.091002,0.0046,target
TSLA,2026-04-17,2026-04-17 15:17:00+00:00,6,2,406.08620099999996,-0.0029000000000000002,stop
TSLA,2026-04-17,2026-04-17 15:37:00+00:00,8,2,408.88706106,-0.0029000000000000002,stop
TSLA,2026-04-17,2026-04-17 16:03:00+00:00,7,2,406.441272,-0.0029000000000000002,stop
TSLA,2026-04-17,2026-04-17 16:30:00+00:00,6,2,407.25023375999996,-0.0029000000000000002,stop
TSLA,2026-04-17,2026-04-17 17:07:00+00:00,6,2,406.73132999999996,-0.0029000000000000002,stop
TSLA,2026-04-17,2026-04-17 18:41:00+00:00,6,2,402.10550502,-0.0029000000000000002,stop
TSLA,2026-04-17,2026-04-17 19:01:00+00:00,6,2,401.645313,-0.0029000000000000002,stop
TSLA,2026-04-17,2026-04-17 19:25:00+00:00,6,2,401.950374,-0.0029000000000000002,stop
TSLA,2026-04-20,2026-04-20 09:22:00+00:00,7,2,397.27943999999997,0.0046,target
TSLA,2026-04-20,2026-04-20 09:45:00+00:00,8,2,398.809746,0.0046,target
TSLA,2026-04-20,2026-04-20 10:09:00+00:00,7,2,398.64971399999996,0.0046,target
TSLA,2026-04-20,2026-04-20 10:32:00+00:00,6,2,398.03959199999997,-0.0029000000000000002,stop
TSLA,2026-04-20,2026-04-20 11:39:00+00:00,6,2,397.47517913999997,0.0046,target
TSLA,2026-04-20,2026-04-20 12:00:00+00:00,7,2,397.89066222,0.0046,target
TSLA,2026-04-20,2026-04-20 12:26:00+00:00,6,2,398.5797,0.0046,target
TSLA,2026-04-20,2026-04-20 12:46:00+00:00,6,2,399.2558352,0.0046,target
TSLA,2026-04-20,2026-04-20 13:09:00+00:00,7,2,400.410066,0.0046,target
TSLA,2026-04-20,2026-04-20 13:31:00+00:00,8,2,405.78744126,-0.0029000000000000002,stop
TSLA,2026-04-20,2026-04-20 15:30:00+00:00,6,2,393.288642,-0.0029000000000000002,stop
TSLA,2026-04-21,2026-04-21 09:44:00+00:00,6,2,394.368858,0.0046,target
TSLA,2026-04-21,2026-04-21 10:07:00+00:00,6,2,394.67892,0.0046,target
TSLA,2026-04-21,2026-04-21 10:30:00+00:00,6,2,394.608906,0.0046,target
TSLA,2026-04-21,2026-04-21 10:51:00+00:00,6,2,394.698924,0.0046,target
TSLA,2026-04-21,2026-04-21 11:18:00+00:00,7,2,395.20912602000004,0.0046,target
TSLA,2026-04-21,2026-04-21 11:39:00+00:00,6,2,395.769138,0.0046,target
TSLA,2026-04-21,2026-04-21 11:59:00+00:00,7,2,396.349254,0.0046,target
TSLA,2026-04-21,2026-04-21 12:21:00+00:00,7,2,396.049194,-0.0029000000000000002,stop
TSLA,2026-04-21,2026-04-21 14:00:00+00:00,6,2,392.408466,-0.0029000000000000002,stop
TSLA,2026-04-21,2026-04-21 15:23:00+00:00,6,2,392.21842799999996,-0.0029000000000000002,stop
TSLA,2026-04-21,2026-04-21 20:58:00+00:00,6,2,388.637712,0.0046,target
TSLA,2026-04-21,2026-04-21 22:14:00+00:00,6,2,388.697724,0.0046,target
TSLA,2026-04-22,2026-04-22 09:28:00+00:00,6,2,390.108006,0.0046,target
TSLA,2026-04-22,2026-04-22 09:51:00+00:00,6,2,389.947974,0.0046,target
TSLA,2026-04-22,2026-04-22 10:41:00+00:00,6,2,389.907966,-0.0029000000000000002,stop
TSLA,2026-04-22,2026-04-22 12:11:00+00:00,7,2,389.457876,-0.0029000000000000002,stop
TSLA,2026-04-22,2026-04-22 13:42:00+00:00,6,2,389.72792999999996,-0.0029000000000000002,stop
TSLA,2026-04-22,2026-04-22 14:02:00+00:00,7,2,391.78834199999994,-0.0029000000000000002,stop
TSLA,2026-04-22,2026-04-22 14:26:00+00:00,6,2,392.10840599999995,-0.0029000000000000002,stop
TSLA,2026-04-22,2026-04-22 15:00:00+00:00,6,2,391.348254,-0.0029000000000000002,stop
TSLA,2026-04-22,2026-04-22 15:43:00+00:00,6,2,390.85815599999995,0.0046,target
TSLA,2026-04-22,2026-04-22 16:04:00+00:00,6,2,390.98038044,-0.0029000000000000002,stop
TSLA,2026-04-22,2026-04-22 17:25:00+00:00,6,2,390.548094,-0.0029000000000000002,stop
TSLA,2026-04-22,2026-04-22 19:25:00+00:00,6,2,389.362857,-0.0029000000000000002,stop
TSLA,2026-04-22,2026-04-22 20:08:00+00:00,7,2,401.1817203,-0.0029000000000000002,stop
TSLA,2026-04-22,2026-04-22 20:31:00+00:00,6,2,401.510286,-0.0029000000000000002,stop
TSLA,2026-04-22,2026-04-22 20:51:00+00:00,6,2,403.0806,-0.0029000000000000002,stop
TSLA,2026-04-22,2026-04-22 21:13:00+00:00,6,2,401.760336,-0.0029000000000000002,stop
TSLA,2026-04-22,2026-04-22 21:43:00+00:00,6,2,393.168618,-0.0029000000000000002,stop
TSLA,2026-04-22,2026-04-22 23:22:00+00:00,6,2,386.92737,-0.0029000000000000002,stop
TSLA,2026-04-23,2026-04-23 11:48:00+00:00,7,2,377.335452,-0.0029000000000000002,stop
TSLA,2026-04-23,2026-04-23 13:03:00+00:00,6,2,376.82535,-0.0029000000000000002,stop
TSLA,2026-04-23,2026-04-23 13:33:00+00:00,6,2,377.830551,-0.0029000000000000002,stop
TSLA,2026-04-23,2026-04-23 14:57:00+00:00,6,2,375.495084,0.0046,target
TSLA,2026-04-23,2026-04-23 15:17:00+00:00,6,2,376.10520599999995,0.0046,target
TSLA,2026-04-23,2026-04-23 15:38:00+00:00,7,2,377.535492,0.0046,target
TSLA,2026-04-23,2026-04-23 15:59:00+00:00,6,2,380.39606399999997,-0.0029000000000000002,stop
TSLA,2026-04-23,2026-04-23 16:21:00+00:00,6,2,378.490683,0.0046,target
TSLA,2026-04-23,2026-04-23 16:42:00+00:00,7,2,380.27603999999997,-0.0029000000000000002,stop
TSLA,2026-04-23,2026-04-23 18:11:00+00:00,6,2,374.85495599999996,-0.0029000000000000002,stop
TSLA,2026-04-23,2026-04-23 19:29:00+00:00,6,2,374.12481,-0.0029000000000000002,stop
TSLA,2026-04-23,2026-04-23 21:36:00+00:00,6,2,373.314648,0.0046,target
TSLA,2026-04-24,2026-04-24 09:39:00+00:00,7,2,375.935172,-0.0029000000000000002,stop
TSLA,2026-04-24,2026-04-24 10:10:00+00:00,6,2,375.85515599999997,0.0046,target
TSLA,2026-04-24,2026-04-24 10:30:00+00:00,6,2,376.87536,-0.0029000000000000002,stop
TSLA,2026-04-24,2026-04-24 11:05:00+00:00,6,2,376.705326,0.0046,target
TSLA,2026-04-24,2026-04-24 11:27:00+00:00,6,2,377.05539600000003,0.0046,target
TSLA,2026-04-24,2026-04-24 11:50:00+00:00,6,2,377.00368566,0.0046,target
TSLA,2026-04-24,2026-04-24 12:14:00+00:00,6,2,376.49028300000003,-0.0029000000000000002,stop
TSLA,2026-04-24,2026-04-24 13:09:00+00:00,7,2,376.185222,-0.0029000000000000002,stop
TSLA,2026-04-24,2026-04-24 13:41:00+00:00,6,2,378.58570199999997,0.0046,target
TSLA,2026-04-24,2026-04-24 14:58:00+00:00,7,2,377.27544,-0.0029000000000000002,stop
TSLA,2026-04-24,2026-04-24 15:32:00+00:00,6,2,376.635312,-0.0029000000000000002,stop
TSLA,2026-04-24,2026-04-24 17:22:00+00:00,6,2,376.07499995999996,-0.0029000000000000002,stop
TSLA,2026-04-24,2026-04-24 17:54:00+00:00,6,2,376.2327315,0.0046,target
TSLA,2026-04-24,2026-04-24 18:19:00+00:00,6,2,376.150215,-0.0029000000000000002,stop
TSLA,2026-04-24,2026-04-24 18:44:00+00:00,7,2,376.33525199999997,0.0046,target
TSLA,2026-04-24,2026-04-24 19:08:00+00:00,6,2,376.27524,0.0046,target
TSLA,2026-04-24,2026-04-24 19:34:00+00:00,7,2,377.070399,-0.0029000000000000002,stop
TSLA,2026-04-24,2026-04-24 19:55:00+00:00,6,2,377.755536,-0.0029000000000000002,stop
TSLA,2026-04-24,2026-04-24 20:25:00+00:00,6,2,376.32525,0.0046,target
TSLA,2026-04-27,2026-04-27 10:50:00+00:00,6,2,375.505086,0.0046,target
TSLA,2026-04-27,2026-04-27 14:44:00+00:00,6,2,368.5737,-0.0029000000000000002,stop
TSLA,2026-04-27,2026-04-27 15:38:00+00:00,6,2,367.22342999999995,0.0046,target
TSLA,2026-04-27,2026-04-27 15:59:00+00:00,6,2,367.47348,0.0046,target
TSLA,2026-04-27,2026-04-27 16:22:00+00:00,6,2,371.59430399999997,0.0046,target
TSLA,2026-04-27,2026-04-27 16:42:00+00:00,7,2,372.97958099999994,0.0046,target
TSLA,2026-04-27,2026-04-27 17:03:00+00:00,6,2,374.16481799999997,0.0046,target
TSLA,2026-04-27,2026-04-27 17:27:00+00:00,6,2,377.58550199999996,0.0046,target
TSLA,2026-04-27,2026-04-27 17:50:00+00:00,6,2,378.0756,0.0046,target
TSLA,2026-04-27,2026-04-27 18:17:00+00:00,6,2,379.86595800000003,-0.0029000000000000002,stop
TSLA,2026-04-27,2026-04-27 18:41:00+00:00,6,2,378.35565599999995,0.0046,target
TSLA,2026-04-27,2026-04-27 19:04:00+00:00,6,2,378.635712,0.0046,target
TSLA,2026-04-27,2026-04-27 19:27:00+00:00,6,2,379.005786,0.0046,target
TSLA,2026-04-27,2026-04-27 19:49:00+00:00,6,2,379.47587999999996,-0.0029000000000000002,stop
TSLA,2026-04-27,2026-04-27 21:15:00+00:00,7,2,377.59510392000004,0.0046,target
TSLA,2026-04-27,2026-04-27 22:06:00+00:00,8,2,378.02558999999997,0.0046,target
TSLA,2026-04-27,2026-04-27 22:29:00+00:00,6,2,378.135612,0.0046,target
TSLA,2026-04-27,2026-04-27 23:02:00+00:00,6,2,377.87556,0.0046,target
TSLA,2026-04-27,2026-04-27 23:25:00+00:00,7,2,377.995584,0.0046,target
TSLA,2026-04-28,2026-04-28 10:31:00+00:00,6,2,375.04499400000003,0.0046,target
TSLA,2026-04-28,2026-04-28 12:52:00+00:00,6,2,374.12481,0.0046,target
TSLA,2026-04-28,2026-04-28 13:13:00+00:00,6,2,374.55149532,0.0046,target
TSLA,2026-04-28,2026-04-28 13:35:00+00:00,7,2,377.815548,0.0046,target
TSLA,2026-04-28,2026-04-28 14:05:00+00:00,6,2,379.820949,0.0046,target
TSLA,2026-04-28,2026-04-28 16:43:00+00:00,6,2,375.92036903999997,0.0046,target
TSLA,2026-04-28,2026-04-28 18:24:00+00:00,7,2,377.085402,0.0046,target
TSLA,2026-04-28,2026-04-28 18:47:00+00:00,6,2,377.98568202,0.0046,target
TSLA,2026-04-28,2026-04-28 19:11:00+00:00,7,2,378.50588604,-0.0029000000000000002,stop
TSLA,2026-04-28,2026-04-28 21:05:00+00:00,8,2,378.34565399999997,-0.0029000000000000002,stop
TSLA,2026-04-28,2026-04-28 21:28:00+00:00,6,2,378.235632,0.0046,target
TSLA,2026-04-28,2026-04-28 21:51:00+00:00,8,2,378.37566,0.0046,target
TSLA,2026-04-28,2026-04-28 22:18:00+00:00,6,2,378.15561599999995,0.0046,target
TSLA,2026-04-28,2026-04-28 22:46:00+00:00,6,2,377.92557,0.0046,target
TSLA,2026-04-28,2026-04-28 23:26:00+00:00,6,2,377.62551,0.0046,target
TSLA,2026-04-29,2026-04-29 09:33:00+00:00,6,2,377.015388,0.0046,target
TSLA,2026-04-29,2026-04-29 10:08:00+00:00,8,2,377.10540599999996,0.0046,target
TSLA,2026-04-29,2026-04-29 10:31:00+00:00,6,2,377.405466,0.0046,target
TSLA,2026-04-29,2026-04-29 11:06:00+00:00,6,2,377.37546,-0.0029000000000000002,stop
TSLA,2026-04-29,2026-04-29 13:54:00+00:00,6,2,375.550095,-0.0029000000000000002,stop
TSLA,2026-04-29,2026-04-29 15:25:00+00:00,6,2,373.48388184,-0.0029000000000000002,stop
TSLA,2026-04-29,2026-04-29 17:15:00+00:00,6,2,373.17462,0.0046,target
TSLA,2026-04-29,2026-04-29 17:49:00+00:00,6,2,373.10960700000004,-0.0029000000000000002,stop
TSLA,2026-04-29,2026-04-29 18:55:00+00:00,6,2,373.264638,0.0046,target
TSLA,2026-04-29,2026-04-29 19:18:00+00:00,6,2,374.55199542,-0.0029000000000000002,stop
TSLA,2026-04-29,2026-04-29 20:01:00+00:00,6,2,373.64471399999996,-0.0029000000000000002,stop
TSLA,2026-04-29,2026-04-29 22:15:00+00:00,6,2,373.0746,0.0046,target
TSLA,2026-04-29,2026-04-29 22:37:00+00:00,6,2,373.104606,0.0046,target
TSLA,2026-04-29,2026-04-29 23:15:00+00:00,6,2,373.054596,0.0046,target
TSLA,2026-04-30,2026-04-30 09:29:00+00:00,7,2,371.744334,0.0046,target
TSLA,2026-04-30,2026-04-30 09:54:00+00:00,6,2,372.094404,0.0046,target
TSLA,2026-04-30,2026-04-30 10:34:00+00:00,7,2,372.08440199999995,-0.0029000000000000002,stop
TSLA,2026-04-30,2026-04-30 11:09:00+00:00,6,2,372.184422,0.0046,target
TSLA,2026-04-30,2026-04-30 11:29:00+00:00,7,2,373.454676,0.0046,target
TSLA,2026-04-30,2026-04-30 11:53:00+00:00,6,2,372.92457,0.0046,target
TSLA,2026-04-30,2026-04-30 12:13:00+00:00,6,2,373.1656182,0.0046,target
TSLA,2026-04-30,2026-04-30 12:33:00+00:00,7,2,373.1926236,0.0046,target
TSLA,2026-04-30,2026-04-30 13:01:00+00:00,7,2,374.37486,-0.0029000000000000002,stop
TSLA,2026-04-30,2026-04-30 14:36:00+00:00,8,2,373.514688,-0.0029000000000000002,stop
TSLA,2026-04-30,2026-04-30 14:56:00+00:00,6,2,374.53529208,0.0046,target
TSLA,2026-04-30,2026-04-30 15:18:00+00:00,6,2,377.13531198000004,0.0046,target
TSLA,2026-04-30,2026-04-30 15:39:00+00:00,6,2,377.315448,0.0046,target
TSLA,2026-04-30,2026-04-30 15:59:00+00:00,6,2,378.435672,0.0046,target
TSLA,2026-04-30,2026-04-30 16:19:00+00:00,6,2,379.570899,-0.0029000000000000002,stop
TSLA,2026-04-30,2026-04-30 17:05:00+00:00,7,2,378.79074299999996,0.0046,target
TSLA,2026-04-30,2026-04-30 17:31:00+00:00,7,2,379.415868,0.0046,target
TSLA,2026-04-30,2026-04-30 17:52:00+00:00,7,2,379.15581599999996,0.0046,target
TSLA,2026-04-30,2026-04-30 18:13:00+00:00,7,2,380.496084,0.0046,target
TSLA,2026-04-30,2026-04-30 18:36:00+00:00,9,2,381.77323938,0.0046,target
TSLA,2026-04-30,2026-04-30 18:57:00+00:00,6,2,382.516488,0.0046,target
TSLA,2026-04-30,2026-04-30 19:28:00+00:00,6,2,384.301845,-0.0029000000000000002,stop
TSLA,2026-04-30,2026-04-30 19:58:00+00:00,6,2,381.80624597999997,-0.0029000000000000002,stop
TSLA,2026-04-30,2026-04-30 21:24:00+00:00,7,2,381.066198,0.0046,target
TSLA,2026-04-30,2026-04-30 21:44:00+00:00,6,2,381.636312,0.0046,target
TSLA,2026-04-30,2026-04-30 22:06:00+00:00,6,2,381.5763,0.0046,target
TSLA,2026-04-30,2026-04-30 22:32:00+00:00,6,2,381.37626,0.0046,target
TSLA,2026-04-30,2026-04-30 23:20:00+00:00,6,2,381.12621,0.0046,target
TSLA,2026-05-01,2026-05-01 10:14:00+00:00,7,2,381.366258,0.0046,target
TSLA,2026-05-01,2026-05-01 10:48:00+00:00,7,2,381.27624,0.0046,target
TSLA,2026-05-01,2026-05-01 11:50:00+00:00,7,2,381.42627,0.0046,target
TSLA,2026-05-01,2026-05-01 12:10:00+00:00,6,2,381.84635399999996,0.0046,target
TSLA,2026-05-01,2026-05-01 12:30:00+00:00,6,2,383.836752,0.0046,target
TSLA,2026-05-01,2026-05-01 13:02:00+00:00,6,2,383.836752,-0.0029000000000000002,stop
TSLA,2026-05-01,2026-05-01 13:26:00+00:00,6,2,383.596704,-0.0029000000000000002,stop
TSLA,2026-05-01,2026-05-01 14:13:00+00:00,8,2,386.307246,-0.0029000000000000002,stop
TSLA,2026-05-01,2026-05-01 14:37:00+00:00,7,2,386.257236,-0.0029000000000000002,stop
TSLA,2026-05-01,2026-05-01 14:57:00+00:00,7,2,390.23803200000003,0.0046,target
TSLA,2026-05-01,2026-05-01 15:17:00+00:00,6,2,391.82845002,0.0046,target
TSLA,2026-05-01,2026-05-01 15:40:00+00:00,6,2,394.723929,-0.0029000000000000002,stop
TSLA,2026-05-01,2026-05-01 16:06:00+00:00,6,2,395.169018,-0.0029000000000000002,stop
TSLA,2026-05-01,2026-05-01 16:26:00+00:00,6,2,394.968978,-0.0029000000000000002,stop
TSLA,2026-05-01,2026-05-01 16:59:00+00:00,6,2,394.863957,-0.0029000000000000002,stop
TSLA,2026-05-01,2026-05-01 17:22:00+00:00,6,2,395.60910599999994,0.0046,target
TSLA,2026-05-01,2026-05-01 17:44:00+00:00,8,2,397.454475,-0.0029000000000000002,stop
TSLA,2026-05-01,2026-05-01 18:10:00+00:00,6,2,397.17942,-0.0029000000000000002,stop
TSLA,2026-05-01,2026-05-01 19:13:00+00:00,6,2,395.519088,-0.0029000000000000002,stop
TSLA,2026-05-01,2026-05-01 19:35:00+00:00,6,2,393.288642,-0.0029000000000000002,stop
TSLA,2026-05-01,2026-05-01 20:37:00+00:00,6,2,391.56159665999996,0.0046,target
TSLA,2026-05-01,2026-05-01 20:57:00+00:00,6,2,392.47848,-0.0029000000000000002,stop
TSLA,2026-05-01,2026-05-01 21:24:00+00:00,6,2,391.698324,0.0046,target
TSLA,2026-05-01,2026-05-01 21:49:00+00:00,7,2,391.77833999999996,0.0046,target
TSLA,2026-05-01,2026-05-01 22:10:00+00:00,6,2,391.60830599999997,0.0046,target
TSLA,2026-05-01,2026-05-01 23:18:00+00:00,6,2,391.37826,0.0046,target
TSLA,2026-05-04,2026-05-04 11:28:00+00:00,6,2,391.588302,0.0046,target
TSLA,2026-05-04,2026-05-04 11:48:00+00:00,6,2,391.268238,0.0046,target
TSLA,2026-05-04,2026-05-04 12:09:00+00:00,6,2,390.738132,0.0046,target
TSLA,2026-05-04,2026-05-04 13:15:00+00:00,7,2,391.148214,-0.0029000000000000002,stop
TSLA,2026-05-04,2026-05-04 13:44:00+00:00,6,2,393.34375302,-0.0029000000000000002,stop
TSLA,2026-05-04,2026-05-04 14:06:00+00:00,6,2,393.01858799999997,-0.0029000000000000002,stop
TSLA,2026-05-04,2026-05-04 14:46:00+00:00,7,2,391.64301294,-0.0029000000000000002,stop
TSLA,2026-05-04,2026-05-04 16:50:00+00:00,6,2,388.97778,0.0046,target
TSLA,2026-05-04,2026-05-04 17:10:00+00:00,7,2,392.288442,0.0046,target
TSLA,2026-05-04,2026-05-04 17:31:00+00:00,6,2,393.67872,-0.0029000000000000002,stop
TSLA,2026-05-04,2026-05-04 17:51:00+00:00,6,2,393.01858799999997,-0.0029000000000000002,stop
TSLA,2026-05-04,2026-05-04 19:02:00+00:00,6,2,393.168618,0.0046,target
TSLA,2026-05-04,2026-05-04 19:23:00+00:00,7,2,392.9395722,-0.0029000000000000002,stop
TSLA,2026-05-04,2026-05-04 19:45:00+00:00,7,2,392.5785,0.0046,target
TSLA,2026-05-04,2026-05-04 20:29:00+00:00,6,2,392.53849199999996,0.0046,target
TSLA,2026-05-04,2026-05-04 20:53:00+00:00,6,2,392.51448719999996,0.0046,target
TSLA,2026-05-04,2026-05-04 21:25:00+00:00,6,2,392.48848200000003,0.0046,target
TSLA,2026-05-04,2026-05-04 21:51:00+00:00,6,2,392.27844,0.0046,target
TSLA,2026-05-05,2026-05-05 09:31:00+00:00,7,2,393.35865599999994,0.0046,target
TSLA,2026-05-05,2026-05-05 10:03:00+00:00,6,2,393.198624,0.0046,target
TSLA,2026-05-05,2026-05-05 10:27:00+00:00,6,2,393.37866,0.0046,target
TSLA,2026-05-05,2026-05-05 10:55:00+00:00,7,2,393.45867599999997,0.0046,target
TSLA,2026-05-05,2026-05-05 11:15:00+00:00,6,2,394.10770578,0.0046,target
TSLA,2026-05-05,2026-05-05 11:40:00+00:00,6,2,394.168818,0.0046,target
TSLA,2026-05-05,2026-05-05 12:03:00+00:00,6,2,393.768738,0.0046,target
TSLA,2026-05-05,2026-05-05 12:25:00+00:00,7,2,395.339052,0.0046,target
TSLA,2026-05-05,2026-05-05 12:47:00+00:00,7,2,395.97918,0.0046,target
TSLA,2026-05-05,2026-05-05 13:09:00+00:00,7,2,396.03919199999996,-0.0029000000000000002,stop
TSLA,2026-05-05,2026-05-05 13:31:00+00:00,8,2,396.18922200000003,0.0046,target
TSLA,2026-05-05,2026-05-05 14:05:00+00:00,7,2,401.02018799999996,-0.0029000000000000002,stop
TSLA,2026-05-05,2026-05-05 15:42:00+00:00,7,2,395.12901,-0.0029000000000000002,stop
TSLA,2026-05-05,2026-05-05 17:49:00+00:00,6,2,392.318448,-0.0029000000000000002,stop
TSLA,2026-05-05,2026-05-05 19:18:00+00:00,6,2,392.238432,0.0046,target
TSLA,2026-05-05,2026-05-05 22:53:00+00:00,6,2,388.32765,-0.0029000000000000002,stop
TSLA,2026-05-06,2026-05-06 09:22:00+00:00,6,2,388.587702,0.0046,target
TSLA,2026-05-06,2026-05-06 09:47:00+00:00,7,2,389.62791,0.0046,target
TSLA,2026-05-06,2026-05-06 10:07:00+00:00,7,2,390.438072,0.0046,target
TSLA,2026-05-06,2026-05-06 10:30:00+00:00,9,2,391.32824999999997,0.0046,target
TSLA,2026-05-06,2026-05-06 10:59:00+00:00,6,2,390.988182,-0.0029000000000000002,stop
TSLA,2026-05-06,2026-05-06 11:20:00+00:00,6,2,392.37846,-0.0029000000000000002,stop
TSLA,2026-05-06,2026-05-06 12:06:00+00:00,6,2,390.818148,-0.0029000000000000002,stop
TSLA,2026-05-06,2026-05-06 13:45:00+00:00,6,2,389.757936,-0.0029000000000000002,stop
TSLA,2026-05-06,2026-05-06 14:08:00+00:00,6,2,391.568298,0.0046,target
TSLA,2026-05-06,2026-05-06 14:31:00+00:00,6,2,393.69872399999997,-0.0029000000000000002,stop
TSLA,2026-05-06,2026-05-06 15:02:00+00:00,6,2,391.998384,0.0046,target
TSLA,2026-05-06,2026-05-06 15:23:00+00:00,6,2,393.06419711999996,-0.0029000000000000002,stop
TSLA,2026-05-06,2026-05-06 15:54:00+00:00,7,2,394.54089239999996,0.0046,target
TSLA,2026-05-06,2026-05-06 16:14:00+00:00,7,2,395.509086,0.0046,target
TSLA,2026-05-06,2026-05-06 16:34:00+00:00,7,2,396.774339,-0.0029000000000000002,stop
TSLA,2026-05-06,2026-05-06 16:57:00+00:00,6,2,396.95937599999996,0.0046,target
TSLA,2026-05-06,2026-05-06 17:19:00+00:00,6,2,398.32965,-0.0029000000000000002,stop
TSLA,2026-05-06,2026-05-06 17:39:00+00:00,6,2,398.97477899999996,-0.0029000000000000002,stop
TSLA,2026-05-06,2026-05-06 18:04:00+00:00,7,2,398.304645,0.0046,target
TSLA,2026-05-06,2026-05-06 18:24:00+00:00,6,2,399.864957,0.0046,target
TSLA,2026-05-06,2026-05-06 18:51:00+00:00,6,2,400.200024,-0.0029000000000000002,stop
TSLA,2026-05-06,2026-05-06 19:11:00+00:00,6,2,400.5390918,-0.0029000000000000002,stop
TSLA,2026-05-06,2026-05-06 19:34:00+00:00,6,2,399.569898,-0.0029000000000000002,stop
TSLA,2026-05-06,2026-05-06 19:58:00+00:00,6,2,398.619708,-0.0029000000000000002,stop
TSLA,2026-05-06,2026-05-06 20:50:00+00:00,7,2,397.889562,0.0046,target
TSLA,2026-05-06,2026-05-06 21:57:00+00:00,6,2,397.02939,0.0046,target
TSLA,2026-05-06,2026-05-06 22:51:00+00:00,6,2,397.34905392,0.0046,target
TSLA,2026-05-06,2026-05-06 23:15:00+00:00,6,2,397.11100632,0.0046,target
TSLA,2026-05-07,2026-05-07 09:27:00+00:00,9,2,404.88486078,-0.0029000000000000002,stop
TSLA,2026-05-07,2026-05-07 09:48:00+00:00,6,2,405.201024,-0.0029000000000000002,stop
TSLA,2026-05-07,2026-05-07 10:13:00+00:00,6,2,404.240832,0.0046,target
TSLA,2026-05-07,2026-05-07 10:33:00+00:00,6,2,405.081,0.0046,target
TSLA,2026-05-07,2026-05-07 10:53:00+00:00,8,2,406.64131199999997,-0.0029000000000000002,stop
TSLA,2026-05-07,2026-05-07 11:13:00+00:00,7,2,405.40106399999996,0.0046,target
TSLA,2026-05-07,2026-05-07 11:36:00+00:00,6,2,405.85115399999995,0.0046,target
TSLA,2026-05-07,2026-05-07 12:00:00+00:00,6,2,406.65131399999996,-0.0029000000000000002,stop
TSLA,2026-05-07,2026-05-07 12:21:00+00:00,7,2,405.99118200000004,0.0046,target
TSLA,2026-05-07,2026-05-07 12:42:00+00:00,6,2,406.15831541999995,-0.0029000000000000002,stop
TSLA,2026-05-07,2026-05-07 13:16:00+00:00,7,2,406.08119999999997,0.0046,target
TSLA,2026-05-07,2026-05-07 13:38:00+00:00,6,2,410.18202,0.0046,target
TSLA,2026-05-07,2026-05-07 14:03:00+00:00,7,2,412.0824,-0.0029000000000000002,stop
TSLA,2026-05-07,2026-05-07 14:30:00+00:00,6,2,411.28224,0.0046,target
TSLA,2026-05-07,2026-05-07 14:51:00+00:00,6,2,412.75313411999997,-0.0029000000000000002,stop
TSLA,2026-05-07,2026-05-07 16:46:00+00:00,6,2,409.1913219,-0.0029000000000000002,stop
TSLA,2026-05-07,2026-05-07 18:09:00+00:00,6,2,407.641512,-0.0029000000000000002,stop
TSLA,2026-05-07,2026-05-07 19:37:00+00:00,6,2,406.341252,0.0046,target
TSLA,2026-05-07,2026-05-07 20:03:00+00:00,6,2,413.0826,-0.0029000000000000002,stop
TSLA,2026-05-07,2026-05-07 20:23:00+00:00,6,2,412.33245,-0.0029000000000000002,stop
TSLA,2026-05-07,2026-05-07 20:49:00+00:00,6,2,410.36205599999994,-0.0029000000000000002,stop
TSLA,2026-05-07,2026-05-07 22:20:00+00:00,6,2,409.38186,0.0046,target
TSLA,2026-05-07,2026-05-07 23:10:00+00:00,6,2,409.571898,-0.0029000000000000002,stop
TSLA,2026-05-08,2026-05-08 09:29:00+00:00,7,2,416.5833,-0.0029000000000000002,stop
TSLA,2026-05-08,2026-05-08 09:52:00+00:00,6,2,415.28303999999997,0.0046,target
TSLA,2026-05-08,2026-05-08 10:12:00+00:00,6,2,415.103004,0.0046,target
TSLA,2026-05-08,2026-05-08 10:38:00+00:00,7,2,415.593102,-0.0029000000000000002,stop
TSLA,2026-05-08,2026-05-08 11:08:00+00:00,6,2,415.73312999999996,0.0046,target
TSLA,2026-05-08,2026-05-08 11:28:00+00:00,7,2,417.78353999999996,-0.0029000000000000002,stop
TSLA,2026-05-08,2026-05-08 11:50:00+00:00,6,2,417.34345199999996,-0.0029000000000000002,stop
TSLA,2026-05-08,2026-05-08 12:12:00+00:00,6,2,417.0243882,0.0046,target
TSLA,2026-05-08,2026-05-08 12:35:00+00:00,6,2,417.18342,-0.0029000000000000002,stop
TSLA,2026-05-08,2026-05-08 13:18:00+00:00,6,2,416.53328999999997,-0.0029000000000000002,stop
TSLA,2026-05-08,2026-05-08 13:38:00+00:00,7,2,421.68432,-0.0029000000000000002,stop
TSLA,2026-05-08,2026-05-08 14:02:00+00:00,6,2,427.78553999999997,-0.0029000000000000002,stop
TSLA,2026-05-08,2026-05-08 14:23:00+00:00,6,2,427.960575,-0.0029000000000000002,stop
TSLA,2026-05-08,2026-05-08 14:43:00+00:00,6,2,424.824948,0.0046,target
TSLA,2026-05-08,2026-05-08 15:07:00+00:00,7,2,429.15581399999996,-0.0029000000000000002,stop
TSLA,2026-05-08,2026-05-08 15:28:00+00:00,6,2,428.530689,0.0046,target
TSLA,2026-05-08,2026-05-08 15:51:00+00:00,6,2,429.470877,-0.0029000000000000002,stop
TSLA,2026-05-08,2026-05-08 16:15:00+00:00,6,2,429.13581,-0.0029000000000000002,stop
TSLA,2026-05-08,2026-05-08 16:37:00+00:00,6,2,429.00018288,-0.0029000000000000002,stop
TSLA,2026-05-08,2026-05-08 16:58:00+00:00,6,2,427.565496,-0.0029000000000000002,stop
TSLA,2026-05-08,2026-05-08 17:29:00+00:00,6,2,427.13541,0.0046,target
TSLA,2026-05-08,2026-05-08 18:01:00+00:00,6,2,427.37555801999997,-0.0029000000000000002,stop
TSLA,2026-05-08,2026-05-08 18:26:00+00:00,8,2,428.805744,-0.0029000000000000002,stop
TSLA,2026-05-08,2026-05-08 18:47:00+00:00,6,2,428.30554398,-0.0029000000000000002,stop
TSLA,2026-05-08,2026-05-08 19:24:00+00:00,6,2,426.58029899999997,-0.0029000000000000002,stop
TSLA,2026-05-08,2026-05-08 20:00:00+00:00,8,2,428.38566000000003,-0.0029000000000000002,stop
TSLA,2026-05-08,2026-05-08 20:30:00+00:00,6,2,427.895562,0.0046,target
TSLA,2026-05-08,2026-05-08 20:50:00+00:00,6,2,428.06279543999995,0.0046,target
TSLA,2026-05-08,2026-05-08 21:20:00+00:00,6,2,427.87215732,0.0046,target
TSLA,2026-05-08,2026-05-08 21:48:00+00:00,7,2,427.875558,0.0046,target
TSLA,2026-05-08,2026-05-08 22:23:00+00:00,6,2,427.725528,0.0046,target
TSLA,2026-05-08,2026-05-08 22:50:00+00:00,7,2,427.88556,0.0046,target
TSLA,2026-05-08,2026-05-08 23:25:00+00:00,6,2,427.83555,0.0046,target
TSLA,2026-05-11,2026-05-11 11:01:00+00:00,6,2,424.794942,0.0046,target
TSLA,2026-05-11,2026-05-11 11:25:00+00:00,6,2,425.68512000000004,0.0046,target
TSLA,2026-05-11,2026-05-11 11:47:00+00:00,7,2,425.16311562,-0.0029000000000000002,stop
TSLA,2026-05-11,2026-05-11 14:54:00+00:00,7,2,422.2484328,0.0046,target
TSLA,2026-05-11,2026-05-11 15:21:00+00:00,8,2,432.551493,0.0046,target
TSLA,2026-05-11,2026-05-11 15:41:00+00:00,7,2,439.907964,-0.0029000000000000002,stop
TSLA,2026-05-11,2026-05-11 16:04:00+00:00,6,2,437.407464,0.0046,target
TSLA,2026-05-11,2026-05-11 16:24:00+00:00,6,2,439.707924,0.0046,target
TSLA,2026-05-11,2026-05-11 16:48:00+00:00,6,2,438.942771,-0.0029000000000000002,stop
TSLA,2026-05-11,2026-05-11 17:09:00+00:00,6,2,439.47297702000003,-0.0029000000000000002,stop
TSLA,2026-05-11,2026-05-11 17:29:00+00:00,7,2,440.17801799999995,0.0046,target
TSLA,2026-05-11,2026-05-11 17:49:00+00:00,8,2,442.12340700000004,0.0046,target
TSLA,2026-05-11,2026-05-11 18:09:00+00:00,6,2,445.27893798,-0.0029000000000000002,stop
TSLA,2026-05-11,2026-05-11 18:32:00+00:00,6,2,447.469476,-0.0029000000000000002,stop
TSLA,2026-05-11,2026-05-11 18:56:00+00:00,6,2,446.319246,-0.0029000000000000002,stop
TSLA,2026-05-11,2026-05-11 19:17:00+00:00,6,2,447.704523,-0.0029000000000000002,stop
TSLA,2026-05-11,2026-05-11 19:58:00+00:00,6,2,444.713925,0.0046,target
TSLA,2026-05-11,2026-05-11 20:30:00+00:00,6,2,445.199022,0.0046,target
TSLA,2026-05-11,2026-05-11 21:19:00+00:00,6,2,444.48888,0.0046,target
TSLA,2026-05-11,2026-05-11 22:10:00+00:00,6,2,443.98877999999996,0.0046,target
TSLA,2026-05-11,2026-05-11 23:21:00+00:00,7,2,444.0888,0.0046,target
TSLA,2026-05-12,2026-05-12 09:24:00+00:00,6,2,438.47767799999997,0.0046,target
TSLA,2026-05-12,2026-05-12 09:44:00+00:00,6,2,440.778138,0.0046,target
TSLA,2026-05-12,2026-05-12 10:12:00+00:00,6,2,440.818146,-0.0029000000000000002,stop
TSLA,2026-05-12,2026-05-12 11:00:00+00:00,6,2,439.78794,-0.0029000000000000002,stop
TSLA,2026-05-12,2026-05-12 11:46:00+00:00,6,2,440.12370714,-0.0029000000000000002,stop
TSLA,2026-05-12,2026-05-12 12:38:00+00:00,7,2,439.93797,0.0046,target
TSLA,2026-05-12,2026-05-12 13:01:00+00:00,6,2,440.318046,-0.0029000000000000002,stop
TSLA,2026-05-12,2026-05-12 13:28:00+00:00,6,2,440.518086,0.0046,target
TSLA,2026-05-12,2026-05-12 18:54:00+00:00,6,2,431.23623,-0.0029000000000000002,stop
TSLA,2026-05-12,2026-05-12 19:17:00+00:00,7,2,432.78654,-0.0029000000000000002,stop
TSLA,2026-05-12,2026-05-12 19:38:00+00:00,6,2,434.076798,-0.0029000000000000002,stop
TSLA,2026-05-12,2026-05-12 19:58:00+00:00,6,2,433.581699,-0.0029000000000000002,stop
TSLA,2026-05-12,2026-05-12 21:48:00+00:00,6,2,432.58840038,0.0046,target
TSLA,2026-05-12,2026-05-12 22:08:00+00:00,6,2,433.0866,0.0046,target
TSLA,2026-05-12,2026-05-12 22:33:00+00:00,6,2,433.516686,-0.0029000000000000002,stop
TSLA,2026-05-13,2026-05-13 09:36:00+00:00,6,2,438.327648,0.0046,target
TSLA,2026-05-13,2026-05-13 09:59:00+00:00,6,2,438.667716,0.0046,target
TSLA,2026-05-13,2026-05-13 10:19:00+00:00,6,2,438.16761599999995,0.0046,target
TSLA,2026-05-13,2026-05-13 10:54:00+00:00,6,2,437.877558,0.0046,target
TSLA,2026-05-13,2026-05-13 11:14:00+00:00,6,2,439.077798,0.0046,target
TSLA,2026-05-13,2026-05-13 11:38:00+00:00,6,2,438.93777,0.0046,target
TSLA,2026-05-13,2026-05-13 12:06:00+00:00,6,2,439.007784,-0.0029000000000000002,stop
TSLA,2026-05-13,2026-05-13 13:29:00+00:00,8,2,437.007384,0.0046,target
TSLA,2026-05-13,2026-05-13 14:14:00+00:00,9,2,440.29304099999996,-0.0029000000000000002,stop
TSLA,2026-05-13,2026-05-13 14:34:00+00:00,8,2,445.2395301,0.0046,target
TSLA,2026-05-13,2026-05-13 14:57:00+00:00,6,2,447.229428,0.0046,target
TSLA,2026-05-13,2026-05-13 15:17:00+00:00,6,2,449.569896,-0.0029000000000000002,stop
TSLA,2026-05-13,2026-05-13 15:39:00+00:00,6,2,452.220426,-0.0029000000000000002,stop
TSLA,2026-05-13,2026-05-13 16:16:00+00:00,6,2,449.53488899999996,0.0046,target
TSLA,2026-05-13,2026-05-13 16:36:00+00:00,7,2,450.880158,-0.0029000000000000002,stop
TSLA,2026-05-13,2026-05-13 16:56:00+00:00,6,2,449.53918985999996,-0.0029000000000000002,stop
TSLA,2026-05-13,2026-05-13 17:44:00+00:00,6,2,447.809544,0.0046,target
TSLA,2026-05-13,2026-05-13 18:09:00+00:00,6,2,449.274837,-0.0029000000000000002,stop
TSLA,2026-05-13,2026-05-13 18:29:00+00:00,6,2,447.949572,-0.0029000000000000002,stop
TSLA,2026-05-13,2026-05-13 18:49:00+00:00,6,2,446.76853583999997,0.0046,target
TSLA,2026-05-13,2026-05-13 19:19:00+00:00,8,2,448.219626,-0.0029000000000000002,stop
TSLA,2026-05-13,2026-05-13 20:40:00+00:00,9,2,446.179218,0.0046,target
TSLA,2026-05-13,2026-05-13 21:01:00+00:00,6,2,446.23922999999996,0.0046,target
TSLA,2026-05-13,2026-05-13 21:23:00+00:00,6,2,445.949172,0.0046,target
TSLA,2026-05-13,2026-05-13 21:43:00+00:00,8,2,446.48927999999995,0.0046,target
TSLA,2026-05-13,2026-05-13 22:03:00+00:00,6,2,447.23942999999997,0.0046,target
TSLA,2026-05-13,2026-05-13 22:26:00+00:00,6,2,446.60930399999995,0.0046,target
TSLA,2026-05-13,2026-05-13 22:47:00+00:00,7,2,447.549492,0.0046,target
TSLA,2026-05-13,2026-05-13 23:09:00+00:00,7,2,448.43967000000004,0.0046,target
TSLA,2026-05-14,2026-05-14 10:12:00+00:00,7,2,448.349652,0.0046,target
TSLA,2026-05-14,2026-05-14 10:33:00+00:00,6,2,448.699722,0.0046,target
TSLA,2026-05-14,2026-05-14 10:57:00+00:00,6,2,448.88255856,0.0046,target
TSLA,2026-05-14,2026-05-14 11:17:00+00:00,6,2,450.650112,-0.0029000000000000002,stop
TSLA,2026-05-14,2026-05-14 11:45:00+00:00,6,2,450.41226444,0.0046,target
TSLA,2026-05-14,2026-05-14 12:09:00+00:00,6,2,449.93997,0.0046,target
TSLA,2026-05-14,2026-05-14 12:40:00+00:00,6,2,449.949972,-0.0029000000000000002,stop
TSLA,2026-05-14,2026-05-14 14:48:00+00:00,6,2,445.194021,-0.0029000000000000002,stop
TSLA,2026-05-14,2026-05-14 15:11:00+00:00,7,2,446.89926198,0.0046,target
TSLA,2026-05-14,2026-05-14 15:34:00+00:00,7,2,447.694521,0.0046,target
TSLA,2026-05-14,2026-05-14 15:54:00+00:00,6,2,448.90966398,0.0046,target
TSLA,2026-05-14,2026-05-14 16:18:00+00:00,6,2,450.67011599999995,-0.0029000000000000002,stop
TSLA,2026-05-14,2026-05-14 16:56:00+00:00,6,2,447.229428,-0.0029000000000000002,stop
TSLA,2026-05-14,2026-05-14 17:54:00+00:00,6,2,446.73933,-0.0029000000000000002,stop
TSLA,2026-05-14,2026-05-14 19:06:00+00:00,6,2,445.824147,-0.0029000000000000002,stop
TSLA,2026-05-14,2026-05-14 22:08:00+00:00,6,2,442.89856199999997,0.0046,target
TSLA,2026-05-15,2026-05-15 10:06:00+00:00,6,2,432.63651,0.0046,target
TSLA,2026-05-15,2026-05-15 10:45:00+00:00,7,2,434.266836,0.0046,target
TSLA,2026-05-15,2026-05-15 11:05:00+00:00,6,2,435.34805220000004,0.0046,target
TSLA,2026-05-15,2026-05-15 11:26:00+00:00,7,2,435.066996,0.0046,target
TSLA,2026-05-15,2026-05-15 11:51:00+00:00,6,2,434.90696399999996,-0.0029000000000000002,stop
TSLA,2026-05-15,2026-05-15 13:29:00+00:00,8,2,434.41686599999997,-0.0029000000000000002,stop
TSLA,2026-05-15,2026-05-15 14:19:00+00:00,7,2,429.665916,-0.0029000000000000002,stop
TSLA,2026-05-15,2026-05-15 17:06:00+00:00,6,2,425.495082,0.0046,target
TSLA,2026-05-15,2026-05-15 17:31:00+00:00,7,2,428.575698,0.0046,target
TSLA,2026-05-15,2026-05-15 17:54:00+00:00,6,2,428.755734,-0.0029000000000000002,stop
TSLA,2026-05-18,2026-05-18 09:34:00+00:00,6,2,418.68372,-0.0029000000000000002,stop
TSLA,2026-05-18,2026-05-18 10:02:00+00:00,6,2,418.48368,-0.0029000000000000002,stop
TSLA,2026-05-18,2026-05-18 10:25:00+00:00,7,2,418.723728,-0.0029000000000000002,stop
TSLA,2026-05-18,2026-05-18 11:40:00+00:00,6,2,418.28364,-0.0029000000000000002,stop
TSLA,2026-05-18,2026-05-18 12:08:00+00:00,8,2,418.48368,0.0046,target
TSLA,2026-05-18,2026-05-18 12:29:00+00:00,6,2,418.3621557,0.0046,target
TSLA,2026-05-18,2026-05-18 12:49:00+00:00,7,2,420.05399400000005,-0.0029000000000000002,stop
TSLA,2026-05-18,2026-05-18 13:21:00+00:00,7,2,419.36385599999994,-0.0029000000000000002,stop
TSLA,2026-05-18,2026-05-18 14:16:00+00:00,7,2,418.293642,-0.0029000000000000002,stop
TSLA,2026-05-18,2026-05-18 15:54:00+00:00,6,2,412.202424,0.0046,target
TSLA,2026-05-18,2026-05-18 16:20:00+00:00,7,2,413.792742,-0.0029000000000000002,stop
TSLA,2026-05-18,2026-05-18 19:36:00+00:00,6,2,410.122008,-0.0029000000000000002,stop
TSLA,2026-05-18,2026-05-18 20:28:00+00:00,6,2,410.1030042,-0.0029000000000000002,stop
TSLA,2026-05-19,2026-05-19 10:28:00+00:00,6,2,406.29124199999995,0.0046,target
TSLA,2026-05-19,2026-05-19 16:44:00+00:00,6,2,398.619708,0.0046,target
TSLA,2026-05-19,2026-05-19 17:09:00+00:00,7,2,402.855555,0.0046,target
TSLA,2026-05-19,2026-05-19 17:35:00+00:00,7,2,403.35065399999996,0.0046,target
TSLA,2026-05-19,2026-05-19 17:56:00+00:00,6,2,403.250634,0.0046,target
TSLA,2026-05-19,2026-05-19 18:18:00+00:00,8,2,405.31104600000003,-0.0029000000000000002,stop
TSLA,2026-05-19,2026-05-19 18:42:00+00:00,6,2,404.570898,-0.0029000000000000002,stop
TSLA,2026-05-19,2026-05-19 19:26:00+00:00,6,2,403.91076599999997,0.0046,target
TSLA,2026-05-19,2026-05-19 19:53:00+00:00,6,2,404.710926,-0.0029000000000000002,stop
TSLA,2026-05-19,2026-05-19 21:04:00+00:00,7,2,404.050794,0.0046,target
TSLA,2026-05-19,2026-05-19 21:27:00+00:00,6,2,403.950774,0.0046,target
TSLA,2026-05-19,2026-05-19 21:50:00+00:00,6,2,403.940772,0.0046,target
TSLA,2026-05-19,2026-05-19 22:17:00+00:00,6,2,403.91076599999997,-0.0029000000000000002,stop
TSLA,2026-05-19,2026-05-19 23:16:00+00:00,7,2,403.940772,0.0046,target
TSLA,2026-05-20,2026-05-20 09:21:00+00:00,6,2,407.93157,0.0046,target
TSLA,2026-05-20,2026-05-20 09:52:00+00:00,6,2,408.0816,0.0046,target
TSLA,2026-05-20,2026-05-20 10:14:00+00:00,6,2,408.23163,0.0046,target
TSLA,2026-05-20,2026-05-20 10:35:00+00:00,6,2,408.58079982,-0.0029000000000000002,stop
TSLA,2026-05-20,2026-05-20 11:09:00+00:00,6,2,408.73543074,0.0046,target
TSLA,2026-05-20,2026-05-20 11:30:00+00:00,8,2,409.291842,-0.0029000000000000002,stop
TSLA,2026-05-20,2026-05-20 12:07:00+00:00,7,2,408.591702,0.0046,target
TSLA,2026-05-20,2026-05-20 12:29:00+00:00,6,2,408.85175399999997,0.0046,target
TSLA,2026-05-20,2026-05-20 12:54:00+00:00,6,2,409.03179,0.0046,target
TSLA,2026-05-20,2026-05-20 13:31:00+00:00,7,2,410.272038,-0.0029000000000000002,stop
TSLA,2026-05-20,2026-05-20 14:45:00+00:00,6,2,410.43207,0.0046,target
TSLA,2026-05-20,2026-05-20 15:06:00+00:00,6,2,411.612306,-0.0029000000000000002,stop
TSLA,2026-05-20,2026-05-20 15:27:00+00:00,6,2,411.68232,0.0046,target
TSLA,2026-05-20,2026-05-20 15:50:00+00:00,6,2,412.887561,-0.0029000000000000002,stop
TSLA,2026-05-20,2026-05-20 16:10:00+00:00,6,2,413.70892524,-0.0029000000000000002,stop
TSLA,2026-05-20,2026-05-20 16:39:00+00:00,6,2,412.88256,0.0046,target
TSLA,2026-05-20,2026-05-20 17:00:00+00:00,6,2,413.117607,0.0046,target
TSLA,2026-05-20,2026-05-20 17:23:00+00:00,7,2,413.452674,0.0046,target
TSLA,2026-05-20,2026-05-20 17:43:00+00:00,6,2,414.41286599999995,-0.0029000000000000002,stop
TSLA,2026-05-20,2026-05-20 18:13:00+00:00,6,2,413.04259199999996,-0.0029000000000000002,stop
TSLA,2026-05-20,2026-05-20 18:34:00+00:00,6,2,413.252634,0.0046,target
TSLA,2026-05-20,2026-05-20 18:56:00+00:00,6,2,413.94877319999995,0.0046,target
TSLA,2026-05-20,2026-05-20 19:22:00+00:00,8,2,414.397863,-0.0029000000000000002,stop
TSLA,2026-05-20,2026-05-20 19:45:00+00:00,8,2,414.502884,-0.0029000000000000002,stop
TSLA,2026-05-20,2026-05-20 20:11:00+00:00,7,2,417.23342999999994,-0.0029000000000000002,stop
TSLA,2026-05-20,2026-05-20 20:33:00+00:00,6,2,416.0832,-0.0029000000000000002,stop
TSLA,2026-05-20,2026-05-20 21:05:00+00:00,7,2,416.55209376,-0.0029000000000000002,stop
TSLA,2026-05-20,2026-05-20 21:26:00+00:00,6,2,415.903164,0.0046,target
TSLA,2026-05-20,2026-05-20 21:46:00+00:00,6,2,416.23323,-0.0029000000000000002,stop
TSLA,2026-05-20,2026-05-20 22:40:00+00:00,6,2,413.78274,0.0046,target
TSLA,2026-05-20,2026-05-20 23:09:00+00:00,6,2,414.892962,0.0046,target
TSLA,2026-05-21,2026-05-21 09:21:00+00:00,6,2,424.78494,0.0046,target
TSLA,2026-05-21,2026-05-21 09:48:00+00:00,6,2,424.5849,-0.0029000000000000002,stop
TSLA,2026-05-21,2026-05-21 10:23:00+00:00,6,2,423.68472,-0.0029000000000000002,stop
TSLA,2026-05-21,2026-05-21 12:38:00+00:00,7,2,422.88456,-0.0029000000000000002,stop
TSLA,2026-05-21,2026-05-21 13:08:00+00:00,7,2,423.244632,-0.0029000000000000002,stop
TSLA,2026-05-21,2026-05-21 13:33:00+00:00,6,2,424.204824,-0.0029000000000000002,stop
TSLA,2026-05-21,2026-05-21 15:27:00+00:00,6,2,417.638511,-0.0029000000000000002,stop
TSLA,2026-05-21,2026-05-21 17:11:00+00:00,8,2,419.663916,0.0046,target
TSLA,2026-05-21,2026-05-21 17:32:00+00:00,6,2,421.82444802,0.0046,target
TSLA,2026-05-21,2026-05-21 17:55:00+00:00,8,2,422.954574,-0.0029000000000000002,stop
TSLA,2026-05-21,2026-05-21 18:19:00+00:00,6,2,421.509285,-0.0029000000000000002,stop
TSLA,2026-05-21,2026-05-21 19:32:00+00:00,6,2,419.35385399999996,-0.0029000000000000002,stop
TSLA,2026-05-21,2026-05-21 23:01:00+00:00,7,2,418.573698,0.0046,target
TSLA,2026-05-22,2026-05-22 11:53:00+00:00,6,2,419.0838,0.0046,target
TSLA,2026-05-22,2026-05-22 12:16:00+00:00,7,2,421.024188,0.0046,target
TSLA,2026-05-22,2026-05-22 12:36:00+00:00,7,2,421.054194,0.0046,target
TSLA,2026-05-22,2026-05-22 13:00:00+00:00,8,2,421.524288,0.0046,target
TSLA,2026-05-22,2026-05-22 13:21:00+00:00,6,2,421.38426,0.0046,target
TSLA,2026-05-22,2026-05-22 14:09:00+00:00,6,2,422.97957899999994,0.0046,target
TSLA,2026-05-22,2026-05-22 14:29:00+00:00,6,2,424.10480399999994,0.0046,target
TSLA,2026-05-22,2026-05-22 14:52:00+00:00,6,2,428.28564,0.0046,target
TSLA,2026-05-22,2026-05-22 15:20:00+00:00,8,2,428.395662,-0.0029000000000000002,stop
TSLA,2026-05-22,2026-05-22 15:51:00+00:00,6,2,427.24043099999994,0.0046,target
TSLA,2026-05-22,2026-05-22 16:11:00+00:00,7,2,429.315846,-0.0029000000000000002,stop
TSLA,2026-05-22,2026-05-22 16:42:00+00:00,6,2,427.095402,0.0046,target
TSLA,2026-05-22,2026-05-22 17:03:00+00:00,6,2,427.9830795,-0.0029000000000000002,stop
TSLA,2026-05-22,2026-05-22 17:32:00+00:00,6,2,429.95597399999997,-0.0029000000000000002,stop
TSLA,2026-05-22,2026-05-22 17:58:00+00:00,6,2,428.615706,-0.0029000000000000002,stop
TSLA,2026-05-22,2026-05-22 18:33:00+00:00,6,2,428.83074899999997,0.0046,target
TSLA,2026-05-22,2026-05-22 18:54:00+00:00,7,2,429.47587799999997,-0.0029000000000000002,stop
TSLA,2026-05-26,2026-05-26 09:23:00+00:00,7,2,429.11580599999996,0.0046,target
TSLA,2026-05-26,2026-05-26 09:58:00+00:00,6,2,429.33585,0.0046,target
TSLA,2026-05-26,2026-05-26 10:21:00+00:00,6,2,430.466076,0.0046,target
TSLA,2026-05-26,2026-05-26 10:41:00+00:00,6,2,430.376058,-0.0029000000000000002,stop
TSLA,2026-05-26,2026-05-26 11:01:00+00:00,6,2,429.965976,0.0046,target
TSLA,2026-05-26,2026-05-26 11:24:00+00:00,7,2,430.78614,0.0046,target
TSLA,2026-05-26,2026-05-26 11:48:00+00:00,6,2,430.566096,0.0046,target
TSLA,2026-05-26,2026-05-26 12:13:00+00:00,6,2,430.27603799999997,0.0046,target
TSLA,2026-05-26,2026-05-26 13:11:00+00:00,6,2,430.1600148,0.0046,target
TSLA,2026-05-26,2026-05-26 13:33:00+00:00,6,2,433.046592,-0.0029000000000000002,stop
TSLA,2026-05-26,2026-05-26 13:56:00+00:00,7,2,432.18031878,-0.0029000000000000002,stop
TSLA,2026-05-26,2026-05-26 14:48:00+00:00,7,2,432.676518,-0.0029000000000000002,stop
TSLA,2026-05-26,2026-05-26 15:08:00+00:00,6,2,432.456474,-0.0029000000000000002,stop
TSLA,2026-05-26,2026-05-26 15:31:00+00:00,6,2,433.496682,-0.0029000000000000002,stop
TSLA,2026-05-26,2026-05-26 16:33:00+00:00,6,2,430.60110299999997,0.0046,target
TSLA,2026-05-26,2026-05-26 16:54:00+00:00,6,2,432.106404,0.0046,target
TSLA,2026-05-26,2026-05-26 17:14:00+00:00,6,2,432.221427,-0.0029000000000000002,stop
TSLA,2026-05-26,2026-05-26 17:49:00+00:00,6,2,432.246432,0.0046,target
TSLA,2026-05-26,2026-05-26 18:09:00+00:00,7,2,432.61150499999997,-0.0029000000000000002,stop
TSLA,2026-05-26,2026-05-26 18:31:00+00:00,8,2,433.34375142,-0.0029000000000000002,stop
TSLA,2026-05-26,2026-05-26 18:52:00+00:00,6,2,433.03428954,-0.0029000000000000002,stop
TSLA,2026-05-26,2026-05-26 19:41:00+00:00,7,2,432.956574,0.0046,target
TSLA,2026-05-26,2026-05-26 20:30:00+00:00,6,2,433.28664,0.0046,target
TSLA,2026-05-26,2026-05-26 20:56:00+00:00,6,2,433.08649998000004,0.0046,target
TSLA,2026-05-26,2026-05-26 21:16:00+00:00,6,2,436.05719400000004,-0.0029000000000000002,stop
TSLA,2026-05-26,2026-05-26 21:41:00+00:00,8,2,436.2677361,-0.0029000000000000002,stop
TSLA,2026-05-26,2026-05-26 22:01:00+00:00,6,2,435.617106,0.0046,target
TSLA,2026-05-26,2026-05-26 22:36:00+00:00,6,2,436.017186,-0.0029000000000000002,stop
TSLA,2026-05-26,2026-05-26 23:01:00+00:00,6,2,435.06719604,0.0046,target
TSLA,2026-05-27,2026-05-27 09:24:00+00:00,6,2,440.748132,0.0046,target
TSLA,2026-05-27,2026-05-27 09:45:00+00:00,6,2,442.028388,-0.0029000000000000002,stop
TSLA,2026-05-27,2026-05-27 10:05:00+00:00,6,2,441.98837999999995,-0.0029000000000000002,stop
TSLA,2026-05-27,2026-05-27 10:45:00+00:00,6,2,442.0884,-0.0029000000000000002,stop
TSLA,2026-05-27,2026-05-27 11:09:00+00:00,6,2,443.408664,0.0046,target
TSLA,2026-05-27,2026-05-27 11:29:00+00:00,7,2,443.928768,0.0046,target
TSLA,2026-05-27,2026-05-27 11:51:00+00:00,6,2,443.1146052,-0.0029000000000000002,stop
TSLA,2026-05-27,2026-05-27 12:11:00+00:00,6,2,442.463475,0.0046,target
TSLA,2026-05-27,2026-05-27 13:31:00+00:00,6,2,443.37365700000004,-0.0029000000000000002,stop
TSLA,2026-05-27,2026-05-27 14:44:00+00:00,6,2,443.22862799999996,-0.0029000000000000002,stop
TSLA,2026-05-27,2026-05-27 15:08:00+00:00,6,2,441.518286,-0.0029000000000000002,stop
TSLA,2026-05-27,2026-05-27 16:18:00+00:00,6,2,441.913365,-0.0029000000000000002,stop
TSLA,2026-05-27,2026-05-27 16:46:00+00:00,7,2,441.243231,-0.0029000000000000002,stop
TSLA,2026-05-27,2026-05-27 17:37:00+00:00,7,2,441.48828,0.0046,target
TSLA,2026-05-27,2026-05-27 17:59:00+00:00,7,2,442.198422,-0.0029000000000000002,stop
TSLA,2026-05-28,2026-05-28 09:26:00+00:00,6,2,434.18682,0.0046,target
TSLA,2026-05-28,2026-05-28 09:54:00+00:00,7,2,434.15351334,-0.0029000000000000002,stop
TSLA,2026-05-28,2026-05-28 10:17:00+00:00,6,2,434.356854,-0.0029000000000000002,stop
TSLA,2026-05-28,2026-05-28 10:42:00+00:00,6,2,433.516686,0.0046,target
TSLA,2026-05-28,2026-05-28 11:07:00+00:00,6,2,434.616906,0.0046,target
TSLA,2026-05-28,2026-05-28 11:27:00+00:00,6,2,434.98577975999996,0.0046,target
TSLA,2026-05-28,2026-05-28 11:49:00+00:00,6,2,434.966976,0.0046,target
TSLA,2026-05-28,2026-05-28 12:11:00+00:00,6,2,434.996982,0.0046,target
TSLA,2026-05-28,2026-05-28 12:31:00+00:00,8,2,436.157214,0.0046,target
TSLA,2026-05-28,2026-05-28 12:52:00+00:00,6,2,438.127608,-0.0029000000000000002,stop
TSLA,2026-05-28,2026-05-28 13:14:00+00:00,6,2,437.48747999999995,-0.0029000000000000002,stop
TSLA,2026-05-28,2026-05-28 13:36:00+00:00,6,2,438.327648,-0.0029000000000000002,stop
TSLA,2026-05-28,2026-05-28 13:57:00+00:00,6,2,439.38786,-0.0029000000000000002,stop
TSLA,2026-05-28,2026-05-28 14:17:00+00:00,7,2,441.80834400000003,-0.0029000000000000002,stop
TSLA,2026-05-28,2026-05-28 14:41:00+00:00,7,2,440.53308899999996,0.0046,target
TSLA,2026-05-28,2026-05-28 15:03:00+00:00,6,2,442.67851799999994,-0.0029000000000000002,stop
TSLA,2026-05-28,2026-05-28 15:35:00+00:00,6,2,441.38826,0.0046,target
TSLA,2026-05-28,2026-05-28 15:57:00+00:00,6,2,441.54329099999995,0.0046,target
TSLA,2026-05-28,2026-05-28 16:18:00+00:00,6,2,442.328448,-0.0029000000000000002,stop
TSLA,2026-05-28,2026-05-28 16:51:00+00:00,7,2,441.88836,0.0046,target
TSLA,2026-05-28,2026-05-28 17:31:00+00:00,6,2,442.03828998,0.0046,target
TSLA,2026-05-28,2026-05-28 17:52:00+00:00,7,2,442.258434,-0.0029000000000000002,stop
TSLA,2026-05-28,2026-05-28 18:28:00+00:00,6,2,441.833349,0.0046,target
TSLA,2026-05-28,2026-05-28 18:49:00+00:00,6,2,442.168416,0.0046,target
TSLA,2026-05-28,2026-05-28 19:23:00+00:00,9,2,442.508484,0.0046,target
TSLA,2026-05-28,2026-05-28 19:43:00+00:00,6,2,442.18842,0.0046,target
TSLA,2026-05-28,2026-05-28 20:33:00+00:00,6,2,441.87275688,0.0046,target
TSLA,2026-05-28,2026-05-28 21:04:00+00:00,6,2,441.598302,0.0046,target
TSLA,2026-05-28,2026-05-28 22:01:00+00:00,7,2,441.78834,0.0046,target
TSLA,2026-05-28,2026-05-28 23:07:00+00:00,6,2,440.96557548000004,0.0046,target
TSLA,2026-05-29,2026-05-29 10:54:00+00:00,6,2,439.5879,0.0046,target
TSLA,2026-05-29,2026-05-29 11:14:00+00:00,6,2,440.518086,0.0046,target
TSLA,2026-05-29,2026-05-29 11:40:00+00:00,7,2,440.87805798,-0.0029000000000000002,stop
TSLA,2026-05-29,2026-05-29 13:01:00+00:00,6,2,439.61790599999995,-0.0029000000000000002,stop
TSLA,2026-05-29,2026-05-29 13:23:00+00:00,7,2,440.68812,-0.0029000000000000002,stop
TSLA,2026-05-29,2026-05-29 15:36:00+00:00,7,2,434.10680399999995,0.0046,target
TSLA,2026-05-29,2026-05-29 16:00:00+00:00,6,2,434.876958,0.0046,target
TSLA,2026-05-29,2026-05-29 16:20:00+00:00,6,2,438.87775800000003,-0.0029000000000000002,stop
TSLA,2026-05-29,2026-05-29 16:40:00+00:00,6,2,438.662715,-0.0029000000000000002,stop
TSLA,2026-05-29,2026-05-29 17:05:00+00:00,6,2,437.397462,0.0046,target
TSLA,2026-05-29,2026-05-29 17:25:00+00:00,6,2,438.67771799999997,-0.0029000000000000002,stop
TSLA,2026-05-29,2026-05-29 17:48:00+00:00,6,2,438.472677,-0.0029000000000000002,stop
TSLA,2026-05-29,2026-05-29 18:12:00+00:00,7,2,437.322447,0.0046,target
TSLA,2026-05-29,2026-05-29 18:35:00+00:00,6,2,437.497482,-0.0029000000000000002,stop
TSLA,2026-05-29,2026-05-29 19:36:00+00:00,6,2,435.83715,-0.0029000000000000002,stop
TSLA,2026-06-01,2026-06-01 15:28:00+00:00,6,2,422.18442,-0.0029000000000000002,stop
TSLA,2026-06-01,2026-06-01 17:50:00+00:00,6,2,421.524288,-0.0029000000000000002,stop
TSLA,2026-06-02,2026-06-02 09:44:00+00:00,6,2,418.0836,0.0046,target
TSLA,2026-06-02,2026-06-02 10:07:00+00:00,6,2,418.48368,-0.0029000000000000002,stop
TSLA,2026-06-02,2026-06-02 10:28:00+00:00,6,2,417.643512,-0.0029000000000000002,stop
TSLA,2026-06-02,2026-06-02 11:44:00+00:00,6,2,416.763336,0.0046,target
TSLA,2026-06-02,2026-06-02 12:07:00+00:00,6,2,418.38325992,0.0046,target
TSLA,2026-06-02,2026-06-02 12:28:00+00:00,7,2,418.33365,0.0046,target
TSLA,2026-06-02,2026-06-02 12:50:00+00:00,7,2,417.74293188,0.0046,target
TSLA,2026-06-02,2026-06-02 13:11:00+00:00,6,2,417.67391807999996,-0.0029000000000000002,stop
TSLA,2026-06-02,2026-06-02 13:31:00+00:00,7,2,418.66871699999996,-0.0029000000000000002,stop
TSLA,2026-06-02,2026-06-02 14:04:00+00:00,6,2,417.463476,-0.0029000000000000002,stop
TSLA,2026-06-02,2026-06-02 14:24:00+00:00,6,2,418.69362198,0.0046,target
TSLA,2026-06-02,2026-06-02 14:44:00+00:00,6,2,421.61430599999994,0.0046,target
TSLA,2026-06-02,2026-06-02 15:05:00+00:00,6,2,423.139611,-0.0029000000000000002,stop
TSLA,2026-06-02,2026-06-02 15:30:00+00:00,6,2,422.024388,-0.0029000000000000002,stop
TSLA,2026-06-02,2026-06-02 15:51:00+00:00,6,2,422.04939299999995,0.0046,target
TSLA,2026-06-02,2026-06-02 16:34:00+00:00,6,2,421.90446402000003,-0.0029000000000000002,stop
TSLA,2026-06-02,2026-06-02 16:54:00+00:00,7,2,421.444272,0.0046,target
TSLA,2026-06-02,2026-06-02 17:15:00+00:00,7,2,422.794542,-0.0029000000000000002,stop
TSLA,2026-06-02,2026-06-02 17:53:00+00:00,7,2,422.454474,-0.0029000000000000002,stop
TSLA,2026-06-02,2026-06-02 18:26:00+00:00,6,2,422.379459,-0.0029000000000000002,stop
TSLA,2026-06-02,2026-06-02 18:48:00+00:00,6,2,422.38446,-0.0029000000000000002,stop
TSLA,2026-06-02,2026-06-02 19:20:00+00:00,6,2,420.244032,0.0046,target
TSLA,2026-06-02,2026-06-02 19:45:00+00:00,7,2,422.654514,0.0046,target
TSLA,2026-06-02,2026-06-02 20:05:00+00:00,6,2,423.774738,-0.0029000000000000002,stop
TSLA,2026-06-02,2026-06-02 20:33:00+00:00,7,2,422.98458,0.0046,target
TSLA,2026-06-02,2026-06-02 20:56:00+00:00,8,2,422.94627233999995,0.0046,target
TSLA,2026-06-02,2026-06-02 21:21:00+00:00,6,2,422.709525,0.0046,target
TSLA,2026-06-02,2026-06-02 21:42:00+00:00,7,2,422.28443999999996,0.0046,target
TSLA,2026-06-02,2026-06-02 22:07:00+00:00,6,2,422.204424,0.0046,target
TSLA,2026-06-02,2026-06-02 22:31:00+00:00,6,2,422.444472,-0.0029000000000000002,stop
TSLA,2026-06-02,2026-06-02 22:56:00+00:00,6,2,421.824348,-0.0029000000000000002,stop
TSLA,2026-06-03,2026-06-03 11:06:00+00:00,6,2,419.65271376,0.0046,target
TSLA,2026-06-03,2026-06-03 11:26:00+00:00,7,2,420.204024,-0.0029000000000000002,stop
TSLA,2026-06-03,2026-06-03 11:50:00+00:00,6,2,419.98398,0.0046,target
TSLA,2026-06-03,2026-06-03 12:11:00+00:00,7,2,420.084,0.0046,target
TSLA,2026-06-03,2026-06-03 13:36:00+00:00,6,2,419.34385199999997,0.0046,target
TSLA,2026-06-03,2026-06-03 13:56:00+00:00,7,2,425.18502,-0.0029000000000000002,stop
TSLA,2026-06-03,2026-06-03 14:16:00+00:00,6,2,429.88606002,0.0046,target
TSLA,2026-06-03,2026-06-03 14:38:00+00:00,6,2,430.4430714,0.0046,target
TSLA,2026-06-03,2026-06-03 14:58:00+00:00,6,2,432.9445716,-0.0029000000000000002,stop
TSLA,2026-06-03,2026-06-03 15:22:00+00:00,6,2,430.5861,-0.0029000000000000002,stop
TSLA,2026-06-03,2026-06-03 17:57:00+00:00,6,2,422.16441599999996,0.0046,target
TSLA,2026-06-04,2026-06-04 09:50:00+00:00,6,2,420.5841,0.0046,target
TSLA,2026-06-04,2026-06-04 11:28:00+00:00,6,2,420.084,0.0046,target
TSLA,2026-06-04,2026-06-04 11:49:00+00:00,6,2,420.68412,0.0046,target
TSLA,2026-06-04,2026-06-04 12:10:00+00:00,6,2,421.0842,0.0046,target
TSLA,2026-06-04,2026-06-04 12:34:00+00:00,6,2,422.0844,0.0046,target
TSLA,2026-06-04,2026-06-04 12:54:00+00:00,7,2,422.5845,-0.0029000000000000002,stop
TSLA,2026-06-04,2026-06-04 13:23:00+00:00,7,2,421.944372,-0.0029000000000000002,stop
TSLA,2026-06-04,2026-06-04 17:24:00+00:00,7,2,419.978979,-0.0029000000000000002,stop
TSLA,2026-06-05,2026-06-05 09:40:00+00:00,7,2,418.243632,0.0046,target
TSLA,2026-06-05,2026-06-05 10:08:00+00:00,8,2,419.0838,0.0046,target
TSLA,2026-06-05,2026-06-05 10:30:00+00:00,6,2,419.603904,0.0046,target
TSLA,2026-06-05,2026-06-05 10:51:00+00:00,7,2,419.0838,-0.0029000000000000002,stop
TSLA,2026-06-05,2026-06-05 11:19:00+00:00,6,2,418.723728,0.0046,target
TSLA,2026-06-05,2026-06-05 11:39:00+00:00,6,2,419.22382799999997,0.0046,target
TSLA,2026-06-05,2026-06-05 12:00:00+00:00,7,2,419.10380399999997,0.0046,target
TSLA,2026-06-05,2026-06-05 12:20:00+00:00,8,2,419.58389999999997,-0.0029000000000000002,stop
TSLA,2026-06-05,2026-06-05 12:46:00+00:00,7,2,421.814346,-0.0029000000000000002,stop
TSLA,2026-06-05,2026-06-05 13:15:00+00:00,6,2,419.68392,0.0046,target
TSLA,2026-06-05,2026-06-05 22:00:00+00:00,6,2,392.388462,0.0046,target
TSLA,2026-06-05,2026-06-05 22:28:00+00:00,6,2,392.97857999999997,0.0046,target
TSLA,2026-06-08,2026-06-08 09:25:00+00:00,7,2,394.748934,0.0046,target
TSLA,2026-06-08,2026-06-08 09:48:00+00:00,7,2,396.249234,-0.0029000000000000002,stop
TSLA,2026-06-08,2026-06-08 10:10:00+00:00,6,2,396.12921,-0.0029000000000000002,stop
TSLA,2026-06-08,2026-06-08 10:34:00+00:00,6,2,395.559096,0.0046,target
TSLA,2026-06-08,2026-06-08 10:54:00+00:00,6,2,396.439272,0.0046,target
TSLA,2026-06-08,2026-06-08 11:14:00+00:00,8,2,397.54949400000004,0.0046,target
TSLA,2026-06-08,2026-06-08 11:34:00+00:00,6,2,398.20072422,-0.0029000000000000002,stop
TSLA,2026-06-08,2026-06-08 11:57:00+00:00,6,2,397.72952999999995,0.0046,target
TSLA,2026-06-08,2026-06-08 12:20:00+00:00,7,2,398.659716,0.0046,target
TSLA,2026-06-08,2026-06-08 12:42:00+00:00,7,2,399.689922,0.0046,target
TSLA,2026-06-08,2026-06-08 13:07:00+00:00,6,2,400.5605961,-0.0029000000000000002,stop
TSLA,2026-06-08,2026-06-08 13:31:00+00:00,6,2,399.54489299999995,-0.0029000000000000002,stop
TSLA,2026-06-08,2026-06-08 13:52:00+00:00,7,2,399.65991599999995,0.0046,target
TSLA,2026-06-08,2026-06-08 14:13:00+00:00,6,2,401.4427725,-0.0029000000000000002,stop
TSLA,2026-06-08,2026-06-08 14:34:00+00:00,6,2,403.17561900000004,0.0046,target
TSLA,2026-06-08,2026-06-08 14:56:00+00:00,7,2,404.18082000000004,-0.0029000000000000002,stop
TSLA,2026-06-08,2026-06-08 15:17:00+00:00,6,2,403.305645,-0.0029000000000000002,stop
TSLA,2026-06-08,2026-06-08 15:45:00+00:00,6,2,401.840352,0.0046,target
TSLA,2026-06-08,2026-06-08 16:07:00+00:00,7,2,403.3931625,0.0046,target
TSLA,2026-06-08,2026-06-08 16:28:00+00:00,6,2,405.52108799999996,0.0046,target
TSLA,2026-06-08,2026-06-08 16:48:00+00:00,6,2,406.396263,0.0046,target
TSLA,2026-06-08,2026-06-08 17:09:00+00:00,7,2,407.176419,0.0046,target
TSLA,2026-06-08,2026-06-08 17:29:00+00:00,7,2,410.22202799999997,-0.0029000000000000002,stop
TSLA,2026-06-08,2026-06-08 17:50:00+00:00,7,2,410.67211799999995,0.0046,target
TSLA,2026-06-08,2026-06-08 18:10:00+00:00,7,2,411.28224,0.0046,target
TSLA,2026-06-08,2026-06-08 18:31:00+00:00,8,2,412.43247,0.0046,target
TSLA,2026-06-08,2026-06-08 19:00:00+00:00,6,2,411.91236599999996,-0.0029000000000000002,stop
TSLA,2026-06-08,2026-06-08 19:31:00+00:00,6,2,409.936971,-0.0029000000000000002,stop
TSLA,2026-06-08,2026-06-08 19:53:00+00:00,6,2,408.68172000000004,0.0046,target
TSLA,2026-06-08,2026-06-08 20:42:00+00:00,6,2,408.34165199999995,0.0046,target
TSLA,2026-06-08,2026-06-08 21:24:00+00:00,6,2,408.071598,0.0046,target
TSLA,2026-06-08,2026-06-08 21:53:00+00:00,6,2,407.86155599999995,-0.0029000000000000002,stop
TSLA,2026-06-08,2026-06-08 22:21:00+00:00,6,2,406.88136000000003,0.0046,target
TSLA,2026-06-08,2026-06-08 22:56:00+00:00,6,2,407.3749587,0.0046,target
TSLA,2026-06-08,2026-06-08 23:16:00+00:00,6,2,407.791542,0.0046,target
TSLA,2026-06-09,2026-06-09 10:01:00+00:00,8,2,412.0824,-0.0029000000000000002,stop
TSLA,2026-06-09,2026-06-09 10:29:00+00:00,7,2,411.642312,0.0046,target
TSLA,2026-06-09,2026-06-09 11:00:00+00:00,6,2,411.862356,0.0046,target
TSLA,2026-06-09,2026-06-09 11:46:00+00:00,7,2,411.68232,0.0046,target
TSLA,2026-06-09,2026-06-09 12:08:00+00:00,8,2,412.962576,0.0046,target
TSLA,2026-06-09,2026-06-09 12:28:00+00:00,8,2,415.28303999999997,-0.0029000000000000002,stop
TSLA,2026-06-09,2026-06-09 12:52:00+00:00,6,2,414.96387618,-0.0029000000000000002,stop
TSLA,2026-06-09,2026-06-09 13:12:00+00:00,6,2,413.98278,-0.0029000000000000002,stop
TSLA,2026-06-09,2026-06-09 13:38:00+00:00,7,2,417.7020237,-0.0029000000000000002,stop
TSLA,2026-06-09,2026-06-09 17:15:00+00:00,6,2,390.998184,-0.0029000000000000002,stop
TSLA,2026-06-09,2026-06-09 18:31:00+00:00,6,2,397.339452,-0.0029000000000000002,stop
TSLA,2026-06-09,2026-06-09 18:57:00+00:00,6,2,397.114407,-0.0029000000000000002,stop
TSLA,2026-06-09,2026-06-09 19:58:00+00:00,6,2,397.12941,-0.0029000000000000002,stop
TSLA,2026-06-09,2026-06-09 20:41:00+00:00,6,2,397.219428,0.0046,target
TSLA,2026-06-09,2026-06-09 22:16:00+00:00,6,2,396.859356,-0.0029000000000000002,stop
TSLA,2026-06-10,2026-06-10 10:29:00+00:00,7,2,391.47828,-0.0029000000000000002,stop
TSLA,2026-06-10,2026-06-10 10:57:00+00:00,7,2,392.0784,-0.0029000000000000002,stop
TSLA,2026-06-10,2026-06-10 12:06:00+00:00,7,2,391.22833002,-0.0029000000000000002,stop
TSLA,2026-06-10,2026-06-10 12:26:00+00:00,7,2,391.67832000000004,0.0046,target
TSLA,2026-06-10,2026-06-10 12:46:00+00:00,6,2,394.4403723,-0.0029000000000000002,stop
TSLA,2026-06-10,2026-06-10 13:09:00+00:00,6,2,393.47867999999994,-0.0029000000000000002,stop
TSLA,2026-06-10,2026-06-10 13:36:00+00:00,6,2,393.308646,0.0046,target
TSLA,2026-06-11,2026-06-11 09:43:00+00:00,6,2,387.437472,0.0046,target
TSLA,2026-06-11,2026-06-11 10:21:00+00:00,6,2,387.66721794,-0.0029000000000000002,stop
TSLA,2026-06-11,2026-06-11 11:35:00+00:00,6,2,386.77734,0.0046,target
TSLA,2026-06-11,2026-06-11 11:57:00+00:00,8,2,388.16761799999995,-0.0029000000000000002,stop
TSLA,2026-06-11,2026-06-11 12:50:00+00:00,6,2,387.0774,-0.0029000000000000002,stop
TSLA,2026-06-11,2026-06-11 13:28:00+00:00,8,2,388.97778,-0.0029000000000000002,stop
TSLA,2026-06-11,2026-06-11 13:51:00+00:00,6,2,386.10720599999996,-0.0029000000000000002,stop
TSLA,2026-06-11,2026-06-11 14:12:00+00:00,7,2,387.992583,-0.0029000000000000002,stop
TSLA,2026-06-11,2026-06-11 14:33:00+00:00,6,2,386.71732799999995,-0.0029000000000000002,stop
TSLA,2026-06-11,2026-06-11 15:16:00+00:00,6,2,386.5773,-0.0029000000000000002,stop
TSLA,2026-06-11,2026-06-11 15:47:00+00:00,6,2,386.31694794000003,0.0046,target
TSLA,2026-06-11,2026-06-11 16:11:00+00:00,8,2,386.997384,-0.0029000000000000002,stop
TSLA,2026-06-11,2026-06-11 16:40:00+00:00,6,2,386.1877221,-0.0029000000000000002,stop
TSLA,2026-06-11,2026-06-11 17:29:00+00:00,7,2,387.652515,0.0046,target
TSLA,2026-06-11,2026-06-11 17:49:00+00:00,6,2,393.508686,-0.0029000000000000002,stop
TSLA,2026-06-11,2026-06-11 18:19:00+00:00,6,2,393.088602,-0.0029000000000000002,stop
TSLA,2026-06-11,2026-06-11 18:41:00+00:00,6,2,392.17842,0.0046,target
TSLA,2026-06-11,2026-06-11 19:02:00+00:00,6,2,393.97878,-0.0029000000000000002,stop
TSLA,2026-06-11,2026-06-11 19:25:00+00:00,7,2,396.23913197999997,0.0046,target
TSLA,2026-06-11,2026-06-11 19:46:00+00:00,6,2,398.659716,-0.0029000000000000002,stop
TSLA,2026-06-11,2026-06-11 20:12:00+00:00,7,2,398.919768,-0.0029000000000000002,stop
TSLA,2026-06-11,2026-06-11 20:35:00+00:00,6,2,398.469678,-0.0029000000000000002,stop
TSLA,2026-06-11,2026-06-11 21:08:00+00:00,6,2,397.899564,0.0046,target
TSLA,2026-06-11,2026-06-11 21:28:00+00:00,6,2,398.67972000000003,0.0046,target
TSLA,2026-06-11,2026-06-11 21:51:00+00:00,6,2,398.41966799999994,0.0046,target
TSLA,2026-06-11,2026-06-11 22:12:00+00:00,7,2,399.059796,0.0046,target
TSLA,2026-06-11,2026-06-11 22:34:00+00:00,6,2,399.599904,0.0046,target
TSLA,2026-06-11,2026-06-11 22:54:00+00:00,6,2,399.5799,0.0046,target
TSLA,2026-06-11,2026-06-11 23:18:00+00:00,6,2,399.549894,0.0046,target
TSLA,2026-06-12,2026-06-12 09:32:00+00:00,6,2,401.48028,0.0046,target
TSLA,2026-06-12,2026-06-12 09:56:00+00:00,6,2,401.450274,-0.0029000000000000002,stop
TSLA,2026-06-12,2026-06-12 10:21:00+00:00,6,2,400.190022,0.0046,target
TSLA,2026-06-12,2026-06-12 10:46:00+00:00,7,2,400.42006799999996,0.0046,target
TSLA,2026-06-12,2026-06-12 11:08:00+00:00,7,2,401.02818959999996,0.0046,target
TSLA,2026-06-12,2026-06-12 11:28:00+00:00,8,2,402.38046,0.0046,target
TSLA,2026-06-12,2026-06-12 11:48:00+00:00,6,2,402.68052,0.0046,target
TSLA,2026-06-12,2026-06-12 12:08:00+00:00,7,2,403.960776,-0.0029000000000000002,stop
TSLA,2026-06-12,2026-06-12 13:39:00+00:00,6,2,402.370458,-0.0029000000000000002,stop
NFLX,2025-12-12,2025-12-12 17:44:00+00:00,6,2,95.38907400000001,0.0046,target
NFLX,2025-12-12,2025-12-12 18:10:00+00:00,6,2,95.424081,0.0046,target
NFLX,2025-12-12,2025-12-12 18:37:00+00:00,7,2,95.479092,0.0046,target
NFLX,2025-12-12,2025-12-12 19:06:00+00:00,7,2,95.66422902,0.0046,target
NFLX,2025-12-12,2025-12-12 19:26:00+00:00,6,2,95.73334284,-0.0029000000000000002,stop
NFLX,2025-12-12,2025-12-12 19:46:00+00:00,6,2,95.689134,0.0046,target
NFLX,2025-12-12,2025-12-12 20:06:00+00:00,6,2,95.63412299999999,0.0046,target
NFLX,2025-12-12,2025-12-12 20:28:00+00:00,7,2,95.759148,-0.0029000000000000002,stop
NFLX,2025-12-15,2025-12-15 10:34:00+00:00,6,2,95.96919,0.0046,target
NFLX,2025-12-15,2025-12-15 10:56:00+00:00,8,2,96.059208,0.0046,target
NFLX,2025-12-15,2025-12-15 12:00:00+00:00,6,2,95.989194,-0.0029000000000000002,stop
NFLX,2025-12-15,2025-12-15 13:20:00+00:00,6,2,95.789154,0.0046,target
NFLX,2025-12-15,2025-12-15 13:41:00+00:00,6,2,95.98839384,0.0046,target
NFLX,2025-12-15,2025-12-15 14:01:00+00:00,6,2,96.079212,-0.0029000000000000002,stop
NFLX,2025-12-15,2025-12-15 14:22:00+00:00,7,2,96.199236,-0.0029000000000000002,stop
NFLX,2025-12-15,2025-12-15 16:24:00+00:00,6,2,94.4453853,-0.0029000000000000002,stop
NFLX,2025-12-15,2025-12-15 22:59:00+00:00,6,2,93.808758,0.0046,target
NFLX,2025-12-16,2025-12-16 09:24:00+00:00,7,2,93.61872,-0.0029000000000000002,stop
NFLX,2025-12-16,2025-12-16 11:23:00+00:00,6,2,93.328662,0.0046,target
NFLX,2025-12-16,2025-12-16 11:59:00+00:00,7,2,93.358668,0.0046,target
NFLX,2025-12-16,2025-12-16 12:20:00+00:00,6,2,93.56871,0.0046,target
NFLX,2025-12-16,2025-12-16 12:56:00+00:00,7,2,93.61872,-0.0029000000000000002,stop
NFLX,2025-12-16,2025-12-16 13:17:00+00:00,6,2,93.578712,0.0046,target
NFLX,2025-12-16,2025-12-16 13:42:00+00:00,7,2,93.688734,-0.0029000000000000002,stop
NFLX,2025-12-16,2025-12-16 14:19:00+00:00,6,2,93.628722,0.0046,target
NFLX,2025-12-16,2025-12-16 14:39:00+00:00,6,2,94.058808,-0.0029000000000000002,stop
NFLX,2025-12-16,2025-12-16 14:59:00+00:00,6,2,93.99379499999999,0.0046,target
NFLX,2025-12-16,2025-12-16 15:40:00+00:00,6,2,93.938784,0.0046,target
NFLX,2025-12-16,2025-12-16 16:00:00+00:00,8,2,94.363869,-0.0029000000000000002,stop
NFLX,2025-12-16,2025-12-16 16:20:00+00:00,6,2,94.13382299999999,0.0046,target
NFLX,2025-12-16,2025-12-16 16:40:00+00:00,8,2,94.393875,0.0046,target
NFLX,2025-12-16,2025-12-16 17:00:00+00:00,6,2,94.583913,-0.0029000000000000002,stop
NFLX,2025-12-16,2025-12-16 17:20:00+00:00,7,2,94.658928,-0.0029000000000000002,stop
NFLX,2025-12-16,2025-12-16 18:25:00+00:00,6,2,94.20383700000001,0.0046,target
NFLX,2025-12-16,2025-12-16 18:50:00+00:00,6,2,94.608918,-0.0029000000000000002,stop
NFLX,2025-12-16,2025-12-16 19:26:00+00:00,6,2,94.358868,0.0046,target
NFLX,2025-12-16,2025-12-16 19:46:00+00:00,6,2,94.42878198,-0.0029000000000000002,stop
NFLX,2025-12-16,2025-12-16 20:08:00+00:00,6,2,94.308858,0.0046,target
NFLX,2025-12-16,2025-12-16 20:29:00+00:00,7,2,94.493895,-0.0029000000000000002,stop
NFLX,2025-12-16,2025-12-16 20:49:00+00:00,6,2,94.50889799999999,-0.0029000000000000002,stop
NFLX,2025-12-16,2025-12-16 21:11:00+00:00,7,2,94.8294621,-0.0029000000000000002,stop
NFLX,2025-12-16,2025-12-16 21:55:00+00:00,6,2,95.22904199999999,-0.0029000000000000002,stop
NFLX,2025-12-16,2025-12-16 22:15:00+00:00,6,2,95.4780918,0.0046,target
NFLX,2025-12-16,2025-12-16 22:35:00+00:00,7,2,96.129222,-0.0029000000000000002,stop
NFLX,2025-12-16,2025-12-16 22:57:00+00:00,6,2,96.029202,-0.0029000000000000002,stop
NFLX,2025-12-17,2025-12-17 09:22:00+00:00,6,2,96.11922,0.0046,target
NFLX,2025-12-17,2025-12-17 09:42:00+00:00,6,2,96.279252,0.0046,target
NFLX,2025-12-17,2025-12-17 10:31:00+00:00,6,2,96.33926399999999,0.0046,target
NFLX,2025-12-17,2025-12-17 10:54:00+00:00,7,2,96.299256,0.0046,target
NFLX,2025-12-17,2025-12-17 11:49:00+00:00,7,2,96.179232,-0.0029000000000000002,stop
NFLX,2025-12-17,2025-12-17 12:24:00+00:00,6,2,96.0192,-0.0029000000000000002,stop
NFLX,2025-12-17,2025-12-17 12:47:00+00:00,7,2,96.159228,-0.0029000000000000002,stop
NFLX,2025-12-17,2025-12-17 13:08:00+00:00,6,2,96.42068028,-0.0029000000000000002,stop
NFLX,2025-12-17,2025-12-17 13:29:00+00:00,6,2,96.259248,-0.0029000000000000002,stop
NFLX,2025-12-17,2025-12-17 14:06:00+00:00,7,2,96.039204,0.0046,target
NFLX,2025-12-17,2025-12-17 14:26:00+00:00,7,2,96.409278,-0.0029000000000000002,stop
NFLX,2025-12-17,2025-12-17 15:01:00+00:00,6,2,96.64932599999999,0.0046,target
NFLX,2025-12-17,2025-12-17 15:21:00+00:00,6,2,97.054407,-0.0029000000000000002,stop
NFLX,2025-12-17,2025-12-17 15:50:00+00:00,6,2,96.96939,-0.0029000000000000002,stop
NFLX,2025-12-18,2025-12-18 09:27:00+00:00,8,2,95.30905800000001,0.0046,target
NFLX,2025-12-18,2025-12-18 09:55:00+00:00,7,2,95.36907,-0.0029000000000000002,stop
NFLX,2025-12-18,2025-12-18 10:31:00+00:00,6,2,95.11901999999999,0.0046,target
NFLX,2025-12-18,2025-12-18 12:00:00+00:00,6,2,95.16903,-0.0029000000000000002,stop
NFLX,2025-12-18,2025-12-18 13:30:00+00:00,6,2,95.01899999999999,0.0046,target
NFLX,2025-12-18,2025-12-18 13:53:00+00:00,6,2,95.23994418,-0.0029000000000000002,stop
NFLX,2025-12-18,2025-12-18 14:14:00+00:00,7,2,95.23904399999999,-0.0029000000000000002,stop
NFLX,2025-12-18,2025-12-18 14:56:00+00:00,6,2,95.10401699999998,-0.0029000000000000002,stop
NFLX,2025-12-18,2025-12-18 15:16:00+00:00,6,2,95.08411302,0.0046,target
NFLX,2025-12-18,2025-12-18 15:36:00+00:00,6,2,95.71914,-0.0029000000000000002,stop
NFLX,2025-12-19,2025-12-19 09:23:00+00:00,7,2,94.61891999999999,0.0046,target
NFLX,2025-12-19,2025-12-19 10:07:00+00:00,6,2,94.39887599999999,0.0046,target
NFLX,2025-12-19,2025-12-19 10:40:00+00:00,8,2,94.56890999999999,-0.0029000000000000002,stop
NFLX,2025-12-19,2025-12-19 13:19:00+00:00,6,2,94.31886,0.0046,target
NFLX,2025-12-19,2025-12-19 13:53:00+00:00,6,2,94.25884799999999,0.0046,target
NFLX,2025-12-19,2025-12-19 14:18:00+00:00,7,2,94.313859,-0.0029000000000000002,stop
NFLX,2025-12-19,2025-12-19 14:38:00+00:00,6,2,94.888974,-0.0029000000000000002,stop
NFLX,2025-12-19,2025-12-19 14:59:00+00:00,6,2,95.03900399999999,-0.0029000000000000002,stop
NFLX,2025-12-19,2025-12-19 15:24:00+00:00,6,2,94.628922,-0.0029000000000000002,stop
NFLX,2025-12-19,2025-12-19 15:44:00+00:00,6,2,94.93908402000001,0.0046,target
NFLX,2025-12-19,2025-12-19 16:05:00+00:00,6,2,95.03960411999999,0.0046,target
NFLX,2025-12-19,2025-12-19 16:28:00+00:00,6,2,95.304057,0.0046,target
NFLX,2025-12-19,2025-12-19 17:07:00+00:00,6,2,95.224041,0.0046,target
NFLX,2025-12-19,2025-12-19 17:27:00+00:00,6,2,95.504097,-0.0029000000000000002,stop
NFLX,2025-12-19,2025-12-19 17:57:00+00:00,6,2,95.33836386,-0.0029000000000000002,stop
NFLX,2025-12-19,2025-12-19 18:39:00+00:00,6,2,94.913979,-0.0029000000000000002,stop
NFLX,2025-12-19,2025-12-19 19:24:00+00:00,6,2,94.87137048,-0.0029000000000000002,stop
NFLX,2025-12-19,2025-12-19 19:58:00+00:00,6,2,94.66893,0.0046,target
NFLX,2025-12-19,2025-12-19 20:20:00+00:00,6,2,94.793955,0.0046,target
NFLX,2025-12-19,2025-12-19 20:44:00+00:00,6,2,94.83896399999999,-0.0029000000000000002,stop
NFLX,2025-12-19,2025-12-19 22:44:00+00:00,6,2,94.548906,0.0046,target
NFLX,2025-12-19,2025-12-19 23:06:00+00:00,7,2,94.57881198,0.0046,target
NFLX,2025-12-22,2025-12-22 11:23:00+00:00,7,2,95.029002,0.0046,target
NFLX,2025-12-22,2025-12-22 11:51:00+00:00,7,2,95.06900999999999,0.0046,target
NFLX,2025-12-22,2025-12-22 12:16:00+00:00,7,2,95.06900999999999,0.0046,target
NFLX,2025-12-22,2025-12-22 13:06:00+00:00,7,2,95.639124,-0.0029000000000000002,stop
NFLX,2025-12-22,2025-12-22 15:27:00+00:00,6,2,93.58371299999999,0.0046,target
NFLX,2025-12-22,2025-12-22 16:23:00+00:00,7,2,93.96378899999999,-0.0029000000000000002,stop
NFLX,2025-12-22,2025-12-22 19:34:00+00:00,6,2,93.323661,-0.0029000000000000002,stop
NFLX,2025-12-23,2025-12-23 09:23:00+00:00,7,2,93.488694,0.0046,target
NFLX,2025-12-23,2025-12-23 10:11:00+00:00,6,2,93.438684,0.0046,target
NFLX,2025-12-23,2025-12-23 10:55:00+00:00,6,2,93.478692,0.0046,target
NFLX,2025-12-23,2025-12-23 11:24:00+00:00,6,2,93.478692,0.0046,target
NFLX,2025-12-23,2025-12-23 14:29:00+00:00,8,2,93.478692,-0.0029000000000000002,stop
NFLX,2025-12-23,2025-12-23 15:36:00+00:00,6,2,93.328662,0.0046,target
NFLX,2025-12-23,2025-12-23 15:57:00+00:00,6,2,93.503697,0.0046,target
NFLX,2025-12-23,2025-12-23 16:58:00+00:00,7,2,93.398676,0.0046,target
NFLX,2025-12-23,2025-12-23 17:18:00+00:00,6,2,93.428682,0.0046,target
NFLX,2025-12-23,2025-12-23 18:35:00+00:00,6,2,93.3661695,0.0046,target
NFLX,2025-12-23,2025-12-23 19:56:00+00:00,6,2,93.313659,0.0046,target
NFLX,2025-12-23,2025-12-23 20:58:00+00:00,8,2,93.46368899999999,0.0046,target
NFLX,2025-12-23,2025-12-23 21:37:00+00:00,7,2,93.338664,0.0046,target
NFLX,2025-12-23,2025-12-23 22:57:00+00:00,7,2,93.39807588000001,0.0046,target
NFLX,2025-12-23,2025-12-23 23:18:00+00:00,6,2,93.39877602,0.0046,target
NFLX,2025-12-24,2025-12-24 09:35:00+00:00,6,2,93.41868000000001,0.0046,target
NFLX,2025-12-24,2025-12-24 10:18:00+00:00,8,2,93.458688,0.0046,target
NFLX,2025-12-24,2025-12-24 11:32:00+00:00,7,2,93.41868000000001,0.0046,target
NFLX,2025-12-24,2025-12-24 12:52:00+00:00,7,2,93.41868000000001,0.0046,target
NFLX,2025-12-24,2025-12-24 13:33:00+00:00,6,2,93.41868000000001,0.0046,target
NFLX,2025-12-24,2025-12-24 13:56:00+00:00,7,2,93.41868000000001,0.0046,target
NFLX,2025-12-24,2025-12-24 15:14:00+00:00,6,2,93.208638,0.0046,target
NFLX,2025-12-24,2025-12-24 15:37:00+00:00,6,2,93.263649,0.0046,target
NFLX,2025-12-24,2025-12-24 15:59:00+00:00,6,2,93.42858197999999,0.0046,target
NFLX,2025-12-24,2025-12-24 16:20:00+00:00,6,2,93.548706,0.0046,target
NFLX,2025-12-24,2025-12-24 16:40:00+00:00,6,2,93.573711,0.0046,target
NFLX,2025-12-24,2025-12-24 17:05:00+00:00,6,2,93.478692,0.0046,target
NFLX,2025-12-24,2025-12-24 17:26:00+00:00,6,2,93.53860398,0.0046,target
NFLX,2025-12-24,2025-12-24 17:46:00+00:00,6,2,93.453687,0.0046,target
NFLX,2025-12-24,2025-12-24 18:07:00+00:00,6,2,93.55870800000001,0.0046,target
NFLX,2025-12-24,2025-12-24 18:49:00+00:00,6,2,93.50739773999999,0.0046,target
NFLX,2025-12-24,2025-12-24 20:34:00+00:00,6,2,93.39917609999999,0.0046,target
NFLX,2025-12-24,2025-12-24 21:10:00+00:00,6,2,93.398676,0.0046,target
NFLX,2025-12-26,2025-12-26 10:48:00+00:00,6,2,93.758748,0.0046,target
NFLX,2025-12-26,2025-12-26 14:37:00+00:00,8,2,93.55870800000001,-0.0029000000000000002,stop
NFLX,2025-12-26,2025-12-26 14:57:00+00:00,6,2,93.55370699999999,0.0046,target
NFLX,2025-12-26,2025-12-26 15:17:00+00:00,7,2,93.95568737999999,0.0046,target
NFLX,2025-12-26,2025-12-26 15:38:00+00:00,6,2,94.46889,0.0046,target
NFLX,2025-12-26,2025-12-26 15:59:00+00:00,6,2,94.663929,-0.0029000000000000002,stop
NFLX,2025-12-26,2025-12-26 16:47:00+00:00,6,2,94.33886399999999,0.0046,target
NFLX,2025-12-26,2025-12-26 17:15:00+00:00,6,2,94.198836,0.0046,target
NFLX,2025-12-26,2025-12-26 17:55:00+00:00,7,2,94.253847,0.0046,target
NFLX,2025-12-26,2025-12-26 18:15:00+00:00,6,2,94.31886,-0.0029000000000000002,stop
NFLX,2025-12-26,2025-12-26 18:56:00+00:00,7,2,94.378872,0.0046,target
NFLX,2025-12-26,2025-12-26 19:22:00+00:00,6,2,94.273851,0.0046,target
NFLX,2025-12-26,2025-12-26 19:45:00+00:00,7,2,94.37387100000001,0.0046,target
NFLX,2025-12-26,2025-12-26 20:05:00+00:00,6,2,94.53890399999999,-0.0029000000000000002,stop
NFLX,2025-12-26,2025-12-26 20:46:00+00:00,6,2,94.363869,0.0046,target
NFLX,2025-12-26,2025-12-26 21:06:00+00:00,7,2,94.498896,0.0046,target
NFLX,2025-12-26,2025-12-26 21:35:00+00:00,6,2,94.458888,0.0046,target
NFLX,2025-12-26,2025-12-26 21:59:00+00:00,6,2,94.50819786,0.0046,target
NFLX,2025-12-26,2025-12-26 22:19:00+00:00,6,2,94.428882,0.0046,target
NFLX,2025-12-29,2025-12-29 11:58:00+00:00,7,2,94.238844,0.0046,target
NFLX,2025-12-29,2025-12-29 12:24:00+00:00,7,2,94.25884799999999,0.0046,target
NFLX,2025-12-29,2025-12-29 12:47:00+00:00,6,2,94.21884,0.0046,target
NFLX,2025-12-29,2025-12-29 13:29:00+00:00,6,2,94.31886,-0.0029000000000000002,stop
NFLX,2025-12-29,2025-12-29 14:36:00+00:00,7,2,94.633923,-0.0029000000000000002,stop
NFLX,2025-12-29,2025-12-29 19:48:00+00:00,7,2,94.158828,0.0046,target
NFLX,2025-12-29,2025-12-29 20:12:00+00:00,6,2,94.26885,0.0046,target
NFLX,2025-12-29,2025-12-29 20:32:00+00:00,6,2,94.213839,0.0046,target
NFLX,2025-12-29,2025-12-29 20:56:00+00:00,6,2,94.23384300000001,0.0046,target
NFLX,2025-12-30,2025-12-30 09:35:00+00:00,7,2,94.19383499999999,0.0046,target
NFLX,2025-12-30,2025-12-30 10:30:00+00:00,7,2,94.128822,-0.0029000000000000002,stop
NFLX,2025-12-30,2025-12-30 12:00:00+00:00,6,2,93.948786,0.0046,target
NFLX,2025-12-30,2025-12-30 15:07:00+00:00,6,2,93.83376299999999,-0.0029000000000000002,stop
NFLX,2025-12-30,2025-12-30 16:16:00+00:00,7,2,93.828762,0.0046,target
NFLX,2025-12-30,2025-12-30 16:40:00+00:00,6,2,93.7452453,0.0046,target
NFLX,2025-12-30,2025-12-30 17:25:00+00:00,8,2,93.838764,0.0046,target
NFLX,2025-12-30,2025-12-30 17:46:00+00:00,7,2,93.858768,0.0046,target
NFLX,2025-12-30,2025-12-30 18:19:00+00:00,6,2,93.8432649,0.0046,target
NFLX,2025-12-30,2025-12-30 19:03:00+00:00,6,2,93.81815988000001,0.0046,target
NFLX,2025-12-30,2025-12-30 19:25:00+00:00,6,2,93.89377499999999,0.0046,target
NFLX,2025-12-30,2025-12-30 19:46:00+00:00,7,2,93.938784,0.0046,target
NFLX,2025-12-30,2025-12-30 20:49:00+00:00,7,2,93.923781,-0.0029000000000000002,stop
NFLX,2025-12-31,2025-12-31 09:51:00+00:00,6,2,93.5187,0.0046,target
NFLX,2025-12-31,2025-12-31 10:38:00+00:00,6,2,93.598716,0.0046,target
NFLX,2025-12-31,2025-12-31 13:58:00+00:00,6,2,93.61872,-0.0029000000000000002,stop
NFLX,2025-12-31,2025-12-31 14:35:00+00:00,6,2,93.55870800000001,-0.0029000000000000002,stop
NFLX,2025-12-31,2025-12-31 15:20:00+00:00,6,2,93.52370099999999,0.0046,target
NFLX,2025-12-31,2025-12-31 15:54:00+00:00,6,2,93.52880201999999,0.0046,target
NFLX,2025-12-31,2025-12-31 16:23:00+00:00,8,2,93.60861797999999,0.0046,target
NFLX,2025-12-31,2025-12-31 16:43:00+00:00,6,2,93.733743,0.0046,target
NFLX,2025-12-31,2025-12-31 17:09:00+00:00,6,2,93.998796,0.0046,target
NFLX,2025-12-31,2025-12-31 17:30:00+00:00,6,2,94.138824,0.0046,target
NFLX,2025-12-31,2025-12-31 17:50:00+00:00,6,2,94.098816,0.0046,target
NFLX,2025-12-31,2025-12-31 18:26:00+00:00,7,2,94.08881399999999,0.0046,target
NFLX,2025-12-31,2025-12-31 18:46:00+00:00,6,2,94.11271878000001,0.0046,target
NFLX,2025-12-31,2025-12-31 19:09:00+00:00,6,2,94.22144052,0.0046,target
NFLX,2025-12-31,2025-12-31 19:36:00+00:00,7,2,94.158828,-0.0029000000000000002,stop
NFLX,2025-12-31,2025-12-31 20:45:00+00:00,6,2,93.823761,0.0046,target
NFLX,2026-01-02,2026-01-02 15:37:00+00:00,7,2,92.633523,-0.0029000000000000002,stop
NFLX,2026-01-02,2026-01-02 18:39:00+00:00,6,2,91.16823000000001,-0.0029000000000000002,stop
NFLX,2026-01-02,2026-01-02 19:23:00+00:00,6,2,91.39417518,0.0046,target
NFLX,2026-01-05,2026-01-05 10:57:00+00:00,6,2,91.21824,0.0046,target
NFLX,2026-01-05,2026-01-05 14:11:00+00:00,6,2,90.96138864,-0.0029000000000000002,stop
NFLX,2026-01-05,2026-01-05 14:31:00+00:00,7,2,91.188234,0.0046,target
NFLX,2026-01-05,2026-01-05 14:51:00+00:00,6,2,91.92338099999999,-0.0029000000000000002,stop
NFLX,2026-01-05,2026-01-05 15:12:00+00:00,6,2,91.898376,-0.0029000000000000002,stop
NFLX,2026-01-05,2026-01-05 16:02:00+00:00,6,2,91.83826398000001,-0.0029000000000000002,stop
NFLX,2026-01-05,2026-01-05 16:27:00+00:00,6,2,92.07341100000001,0.0046,target
NFLX,2026-01-05,2026-01-05 16:47:00+00:00,8,2,92.40347700000001,-0.0029000000000000002,stop
NFLX,2026-01-05,2026-01-05 17:07:00+00:00,6,2,92.283453,-0.0029000000000000002,stop
NFLX,2026-01-05,2026-01-05 18:45:00+00:00,6,2,91.80585749999999,-0.0029000000000000002,stop
NFLX,2026-01-06,2026-01-06 09:34:00+00:00,7,2,91.508298,0.0046,target
NFLX,2026-01-06,2026-01-06 10:09:00+00:00,6,2,91.628322,0.0046,target
NFLX,2026-01-06,2026-01-06 10:57:00+00:00,6,2,91.56831,0.0046,target
NFLX,2026-01-06,2026-01-06 11:30:00+00:00,6,2,91.588314,0.0046,target
NFLX,2026-01-06,2026-01-06 11:57:00+00:00,9,2,91.808358,-0.0029000000000000002,stop
NFLX,2026-01-06,2026-01-06 12:18:00+00:00,7,2,91.738344,0.0046,target
NFLX,2026-01-06,2026-01-06 12:49:00+00:00,7,2,91.798356,-0.0029000000000000002,stop
NFLX,2026-01-06,2026-01-06 13:10:00+00:00,7,2,91.81836,0.0046,target
NFLX,2026-01-06,2026-01-06 13:30:00+00:00,6,2,91.808358,0.0046,target
NFLX,2026-01-06,2026-01-06 17:45:00+00:00,7,2,90.843165,-0.0029000000000000002,stop
NFLX,2026-01-06,2026-01-06 18:12:00+00:00,6,2,90.74564550000001,0.0046,target
NFLX,2026-01-06,2026-01-06 18:32:00+00:00,6,2,90.62812199999999,0.0046,target
NFLX,2026-01-06,2026-01-06 18:52:00+00:00,7,2,90.82806198,0.0046,target
NFLX,2026-01-06,2026-01-06 19:14:00+00:00,6,2,90.753147,0.0046,target
NFLX,2026-01-06,2026-01-06 19:42:00+00:00,6,2,90.823161,0.0046,target
NFLX,2026-01-06,2026-01-06 20:08:00+00:00,6,2,90.893175,0.0046,target
NFLX,2026-01-06,2026-01-06 20:30:00+00:00,6,2,90.82706178,-0.0029000000000000002,stop
NFLX,2026-01-06,2026-01-06 20:52:00+00:00,6,2,90.753147,0.0046,target
NFLX,2026-01-06,2026-01-06 21:57:00+00:00,6,2,90.60821802000001,0.0046,target
NFLX,2026-01-07,2026-01-07 09:42:00+00:00,6,2,90.64812599999999,0.0046,target
NFLX,2026-01-07,2026-01-07 10:14:00+00:00,6,2,90.83816399999999,0.0046,target
NFLX,2026-01-07,2026-01-07 10:40:00+00:00,6,2,90.91818,0.0046,target
NFLX,2026-01-07,2026-01-07 11:26:00+00:00,7,2,90.86816999999999,0.0046,target
NFLX,2026-01-07,2026-01-07 12:10:00+00:00,8,2,91.0182,0.0046,target
NFLX,2026-01-07,2026-01-07 12:33:00+00:00,6,2,91.05820800000001,-0.0029000000000000002,stop
NFLX,2026-01-07,2026-01-07 13:21:00+00:00,6,2,90.96819,0.0046,target
NFLX,2026-01-07,2026-01-07 13:41:00+00:00,6,2,91.08801396,0.0046,target
NFLX,2026-01-07,2026-01-07 14:08:00+00:00,6,2,91.098216,0.0046,target
NFLX,2026-01-07,2026-01-07 14:31:00+00:00,8,2,91.798356,0.0046,target
NFLX,2026-01-07,2026-01-07 16:54:00+00:00,7,2,91.073211,0.0046,target
NFLX,2026-01-07,2026-01-07 17:17:00+00:00,6,2,90.938184,0.0046,target
NFLX,2026-01-07,2026-01-07 17:37:00+00:00,7,2,91.043205,0.0046,target
NFLX,2026-01-07,2026-01-07 17:57:00+00:00,6,2,91.193235,-0.0029000000000000002,stop
NFLX,2026-01-07,2026-01-07 18:46:00+00:00,6,2,91.02820200000001,-0.0029000000000000002,stop
NFLX,2026-01-07,2026-01-07 19:56:00+00:00,6,2,90.96318899999999,0.0046,target
NFLX,2026-01-07,2026-01-07 22:23:00+00:00,7,2,90.62812199999999,0.0046,target
NFLX,2026-01-07,2026-01-07 23:01:00+00:00,6,2,90.72814199999999,0.0046,target
NFLX,2026-01-08,2026-01-08 13:03:00+00:00,6,2,90.84816599999999,-0.0029000000000000002,stop
NFLX,2026-01-08,2026-01-08 14:06:00+00:00,7,2,90.61781993999999,-0.0029000000000000002,stop
NFLX,2026-01-08,2026-01-08 15:02:00+00:00,6,2,90.21804,0.0046,target
NFLX,2026-01-08,2026-01-08 15:23:00+00:00,8,2,90.663129,-0.0029000000000000002,stop
NFLX,2026-01-08,2026-01-08 15:49:00+00:00,6,2,90.453087,-0.0029000000000000002,stop
NFLX,2026-01-08,2026-01-08 17:35:00+00:00,7,2,90.093015,0.0046,target
NFLX,2026-01-08,2026-01-08 17:55:00+00:00,6,2,90.208038,-0.0029000000000000002,stop
NFLX,2026-01-08,2026-01-08 18:24:00+00:00,7,2,90.203037,0.0046,target
NFLX,2026-01-08,2026-01-08 18:45:00+00:00,6,2,90.733143,0.0046,target
NFLX,2026-01-08,2026-01-08 19:05:00+00:00,6,2,91.22204076,-0.0029000000000000002,stop
NFLX,2026-01-08,2026-01-08 20:03:00+00:00,7,2,90.62812199999999,-0.0029000000000000002,stop
NFLX,2026-01-08,2026-01-08 20:34:00+00:00,6,2,90.558108,-0.0029000000000000002,stop
NFLX,2026-01-08,2026-01-08 20:57:00+00:00,7,2,90.633123,0.0046,target
NFLX,2026-01-08,2026-01-08 21:29:00+00:00,7,2,90.63792396,0.0046,target
NFLX,2026-01-08,2026-01-08 21:55:00+00:00,6,2,90.67813199999999,0.0046,target
NFLX,2026-01-08,2026-01-08 22:16:00+00:00,7,2,90.66813,0.0046,target
NFLX,2026-01-08,2026-01-08 22:50:00+00:00,6,2,90.67813199999999,0.0046,target
NFLX,2026-01-09,2026-01-09 11:47:00+00:00,6,2,90.42808199999999,0.0046,target
NFLX,2026-01-09,2026-01-09 12:16:00+00:00,6,2,90.358068,0.0046,target
NFLX,2026-01-09,2026-01-09 13:23:00+00:00,6,2,90.46628964,-0.0029000000000000002,stop
NFLX,2026-01-09,2026-01-09 13:44:00+00:00,7,2,90.47809199999999,0.0046,target
NFLX,2026-01-09,2026-01-09 14:07:00+00:00,6,2,90.603117,-0.0029000000000000002,stop
NFLX,2026-01-09,2026-01-09 16:10:00+00:00,7,2,89.062809,-0.0029000000000000002,stop
NFLX,2026-01-09,2026-01-09 16:55:00+00:00,7,2,89.052807,0.0046,target
NFLX,2026-01-09,2026-01-09 17:17:00+00:00,7,2,89.042805,0.0046,target
NFLX,2026-01-09,2026-01-09 18:56:00+00:00,6,2,89.052807,-0.0029000000000000002,stop
NFLX,2026-01-09,2026-01-09 19:41:00+00:00,7,2,89.09431529999999,-0.0029000000000000002,stop
NFLX,2026-01-09,2026-01-09 20:34:00+00:00,6,2,89.01579960000001,0.0046,target
NFLX,2026-01-09,2026-01-09 20:59:00+00:00,7,2,89.47289099999999,-0.0029000000000000002,stop
NFLX,2026-01-09,2026-01-09 21:24:00+00:00,6,2,89.247846,0.0046,target
NFLX,2026-01-09,2026-01-09 22:02:00+00:00,6,2,89.327862,0.0046,target
NFLX,2026-01-09,2026-01-09 22:31:00+00:00,6,2,89.29705584,0.0046,target
NFLX,2026-01-09,2026-01-09 23:04:00+00:00,6,2,89.30785800000001,0.0046,target
NFLX,2026-01-12,2026-01-12 11:00:00+00:00,6,2,89.497896,0.0046,target
NFLX,2026-01-12,2026-01-12 11:23:00+00:00,6,2,89.56791,0.0046,target
NFLX,2026-01-12,2026-01-12 14:19:00+00:00,6,2,89.21784,0.0046,target
NFLX,2026-01-12,2026-01-12 14:41:00+00:00,7,2,89.957988,-0.0029000000000000002,stop
NFLX,2026-01-12,2026-01-12 15:03:00+00:00,6,2,90.11361912,-0.0029000000000000002,stop
NFLX,2026-01-12,2026-01-12 15:24:00+00:00,6,2,90.103017,-0.0029000000000000002,stop
NFLX,2026-01-12,2026-01-12 15:57:00+00:00,6,2,90.033003,-0.0029000000000000002,stop
NFLX,2026-01-12,2026-01-12 16:24:00+00:00,6,2,90.07791198,0.0046,target
NFLX,2026-01-12,2026-01-12 16:45:00+00:00,6,2,90.103017,-0.0029000000000000002,stop
NFLX,2026-01-12,2026-01-12 19:38:00+00:00,6,2,89.652927,0.0046,target
NFLX,2026-01-12,2026-01-12 20:01:00+00:00,6,2,89.842965,0.0046,target
NFLX,2026-01-12,2026-01-12 20:44:00+00:00,7,2,89.86796999999999,-0.0029000000000000002,stop
NFLX,2026-01-13,2026-01-13 09:40:00+00:00,7,2,89.687934,0.0046,target
NFLX,2026-01-13,2026-01-13 10:03:00+00:00,6,2,89.647926,0.0046,target
NFLX,2026-01-13,2026-01-13 11:39:00+00:00,6,2,89.457888,0.0046,target
NFLX,2026-01-13,2026-01-13 12:08:00+00:00,6,2,89.427882,0.0046,target
NFLX,2026-01-13,2026-01-13 12:28:00+00:00,6,2,89.497896,0.0046,target
NFLX,2026-01-13,2026-01-13 13:01:00+00:00,8,2,89.687934,-0.0029000000000000002,stop
NFLX,2026-01-13,2026-01-13 13:30:00+00:00,6,2,89.46789,0.0046,target
NFLX,2026-01-13,2026-01-13 13:55:00+00:00,6,2,89.597916,0.0046,target
NFLX,2026-01-13,2026-01-13 14:22:00+00:00,7,2,89.71794,-0.0029000000000000002,stop
NFLX,2026-01-13,2026-01-13 14:46:00+00:00,7,2,90.308058,-0.0029000000000000002,stop
NFLX,2026-01-13,2026-01-13 20:06:00+00:00,8,2,90.21804,-0.0029000000000000002,stop
NFLX,2026-01-13,2026-01-13 20:26:00+00:00,6,2,89.88237288,0.0046,target
NFLX,2026-01-13,2026-01-13 20:46:00+00:00,6,2,90.39807599999999,0.0046,target
NFLX,2026-01-13,2026-01-13 21:06:00+00:00,7,2,90.53750388,0.0046,target
NFLX,2026-01-13,2026-01-13 21:28:00+00:00,6,2,90.778152,-0.0029000000000000002,stop
NFLX,2026-01-13,2026-01-13 22:00:00+00:00,6,2,90.61811999999999,0.0046,target
NFLX,2026-01-13,2026-01-13 22:24:00+00:00,6,2,90.70813799999999,0.0046,target
NFLX,2026-01-13,2026-01-13 22:46:00+00:00,6,2,90.91818,0.0046,target
NFLX,2026-01-13,2026-01-13 23:14:00+00:00,6,2,90.86816999999999,0.0046,target
NFLX,2026-01-14,2026-01-14 09:21:00+00:00,7,2,91.27825200000001,0.0046,target
NFLX,2026-01-14,2026-01-14 09:42:00+00:00,6,2,91.61832,0.0046,target
NFLX,2026-01-14,2026-01-14 10:07:00+00:00,8,2,91.498296,-0.0029000000000000002,stop
NFLX,2026-01-14,2026-01-14 10:48:00+00:00,6,2,91.348266,0.0046,target
NFLX,2026-01-14,2026-01-14 11:09:00+00:00,6,2,91.398276,0.0046,target
NFLX,2026-01-14,2026-01-14 11:35:00+00:00,6,2,91.998396,-0.0029000000000000002,stop
NFLX,2026-01-14,2026-01-14 11:59:00+00:00,6,2,91.728342,-0.0029000000000000002,stop
NFLX,2026-01-14,2026-01-14 12:31:00+00:00,6,2,91.858368,-0.0029000000000000002,stop
NFLX,2026-01-14,2026-01-14 13:18:00+00:00,6,2,91.798356,-0.0029000000000000002,stop
NFLX,2026-01-14,2026-01-14 13:39:00+00:00,6,2,91.828362,-0.0029000000000000002,stop
NFLX,2026-01-14,2026-01-14 14:20:00+00:00,6,2,91.588314,-0.0029000000000000002,stop
NFLX,2026-01-14,2026-01-14 20:18:00+00:00,6,2,88.412679,0.0046,target
NFLX,2026-01-14,2026-01-14 20:54:00+00:00,6,2,88.652727,0.0046,target
NFLX,2026-01-14,2026-01-14 21:46:00+00:00,6,2,88.777752,-0.0029000000000000002,stop
NFLX,2026-01-15,2026-01-15 09:21:00+00:00,6,2,88.907778,0.0046,target
NFLX,2026-01-15,2026-01-15 09:41:00+00:00,6,2,88.96779000000001,0.0046,target
NFLX,2026-01-15,2026-01-15 10:18:00+00:00,6,2,88.937784,0.0046,target
NFLX,2026-01-15,2026-01-15 10:41:00+00:00,6,2,88.91778000000001,0.0046,target
NFLX,2026-01-15,2026-01-15 11:09:00+00:00,6,2,88.99779600000001,0.0046,target
NFLX,2026-01-15,2026-01-15 11:32:00+00:00,6,2,88.987794,-0.0029000000000000002,stop
NFLX,2026-01-15,2026-01-15 12:00:00+00:00,6,2,88.942785,-0.0029000000000000002,stop
NFLX,2026-01-15,2026-01-15 14:07:00+00:00,7,2,89.007798,-0.0029000000000000002,stop
NFLX,2026-01-15,2026-01-15 14:31:00+00:00,9,2,89.237844,0.0046,target
NFLX,2026-01-15,2026-01-15 15:14:00+00:00,6,2,89.342865,0.0046,target
NFLX,2026-01-15,2026-01-15 15:41:00+00:00,7,2,89.41297902,-0.0029000000000000002,stop
NFLX,2026-01-15,2026-01-15 16:40:00+00:00,7,2,89.35286699999999,-0.0029000000000000002,stop
NFLX,2026-01-15,2026-01-15 18:51:00+00:00,6,2,89.02280099999999,-0.0029000000000000002,stop
NFLX,2026-01-15,2026-01-15 21:48:00+00:00,6,2,88.207638,0.0046,target
NFLX,2026-01-15,2026-01-15 22:15:00+00:00,6,2,88.28765399999999,0.0046,target
NFLX,2026-01-16,2026-01-16 09:27:00+00:00,6,2,88.53770399999999,0.0046,target
NFLX,2026-01-16,2026-01-16 09:56:00+00:00,6,2,88.577712,0.0046,target
NFLX,2026-01-16,2026-01-16 10:19:00+00:00,7,2,88.59771599999999,0.0046,target
NFLX,2026-01-16,2026-01-16 11:03:00+00:00,6,2,88.56770999999999,0.0046,target
NFLX,2026-01-16,2026-01-16 11:28:00+00:00,6,2,88.46769,-0.0029000000000000002,stop
NFLX,2026-01-16,2026-01-16 12:19:00+00:00,6,2,88.297656,0.0046,target
NFLX,2026-01-16,2026-01-16 12:46:00+00:00,6,2,88.462689,-0.0029000000000000002,stop
NFLX,2026-01-16,2026-01-16 13:32:00+00:00,6,2,88.49729592,0.0046,target
NFLX,2026-01-16,2026-01-16 13:52:00+00:00,8,2,88.64772599999999,-0.0029000000000000002,stop
NFLX,2026-01-16,2026-01-16 14:20:00+00:00,6,2,88.52930232,-0.0029000000000000002,stop
NFLX,2026-01-16,2026-01-16 15:27:00+00:00,6,2,88.352667,-0.0029000000000000002,stop
NFLX,2026-01-16,2026-01-16 15:58:00+00:00,6,2,88.15532753999999,0.0046,target
NFLX,2026-01-16,2026-01-16 16:19:00+00:00,6,2,88.15612769999998,0.0046,target
NFLX,2026-01-16,2026-01-16 16:43:00+00:00,6,2,88.122621,-0.0029000000000000002,stop
NFLX,2026-01-16,2026-01-16 18:09:00+00:00,6,2,88.107618,0.0046,target
NFLX,2026-01-16,2026-01-16 18:39:00+00:00,6,2,88.107618,0.0046,target
NFLX,2026-01-16,2026-01-16 18:59:00+00:00,6,2,88.142625,-0.0029000000000000002,stop
NFLX,2026-01-16,2026-01-16 20:42:00+00:00,6,2,88.132623,-0.0029000000000000002,stop
NFLX,2026-01-16,2026-01-16 21:11:00+00:00,6,2,88.04770602,0.0046,target
NFLX,2026-01-16,2026-01-16 21:34:00+00:00,6,2,88.16763,0.0046,target
NFLX,2026-01-16,2026-01-16 21:55:00+00:00,6,2,88.357668,-0.0029000000000000002,stop
NFLX,2026-01-16,2026-01-16 22:22:00+00:00,6,2,88.11761999999999,0.0046,target
NFLX,2026-01-16,2026-01-16 22:45:00+00:00,6,2,88.207638,0.0046,target
NFLX,2026-01-16,2026-01-16 23:10:00+00:00,7,2,88.48769399999999,-0.0029000000000000002,stop
NFLX,2026-01-20,2026-01-20 10:21:00+00:00,6,2,88.45768799999999,0.0046,target
NFLX,2026-01-20,2026-01-20 10:41:00+00:00,7,2,88.62772199999999,0.0046,target
NFLX,2026-01-20,2026-01-20 11:06:00+00:00,6,2,88.61771999999999,0.0046,target
NFLX,2026-01-20,2026-01-20 11:28:00+00:00,6,2,88.607718,0.0046,target
NFLX,2026-01-20,2026-01-20 11:57:00+00:00,6,2,88.872771,-0.0029000000000000002,stop
NFLX,2026-01-20,2026-01-20 12:21:00+00:00,7,2,88.85776800000001,0.0046,target
NFLX,2026-01-20,2026-01-20 12:42:00+00:00,6,2,88.907778,-0.0029000000000000002,stop
NFLX,2026-01-20,2026-01-20 13:07:00+00:00,6,2,89.187834,-0.0029000000000000002,stop
NFLX,2026-01-20,2026-01-20 13:27:00+00:00,6,2,89.16783000000001,-0.0029000000000000002,stop
NFLX,2026-01-20,2026-01-20 13:47:00+00:00,7,2,89.19863616,0.0046,target
NFLX,2026-01-20,2026-01-20 14:12:00+00:00,6,2,89.42478137999998,-0.0029000000000000002,stop
NFLX,2026-01-20,2026-01-20 14:33:00+00:00,7,2,89.30785800000001,-0.0029000000000000002,stop
NFLX,2026-01-20,2026-01-20 17:06:00+00:00,6,2,88.82706185999999,-0.0029000000000000002,stop
NFLX,2026-01-21,2026-01-21 14:07:00+00:00,6,2,81.456288,-0.0029000000000000002,stop
NFLX,2026-01-21,2026-01-21 14:28:00+00:00,6,2,82.436484,-0.0029000000000000002,stop
NFLX,2026-01-21,2026-01-21 14:48:00+00:00,7,2,84.091815,-0.0029000000000000002,stop
NFLX,2026-01-21,2026-01-21 15:11:00+00:00,7,2,84.811959,0.0046,target
NFLX,2026-01-21,2026-01-21 15:34:00+00:00,6,2,84.221841,0.0046,target
NFLX,2026-01-21,2026-01-21 16:03:00+00:00,6,2,83.83676399999999,-0.0029000000000000002,stop
NFLX,2026-01-21,2026-01-21 16:35:00+00:00,6,2,83.556708,-0.0029000000000000002,stop
NFLX,2026-01-21,2026-01-21 18:19:00+00:00,6,2,83.41668,0.0046,target
NFLX,2026-01-21,2026-01-21 18:39:00+00:00,6,2,83.561709,0.0046,target
NFLX,2026-01-21,2026-01-21 18:59:00+00:00,6,2,83.796756,0.0046,target
NFLX,2026-01-21,2026-01-21 19:27:00+00:00,6,2,84.106818,0.0046,target
NFLX,2026-01-21,2026-01-21 19:47:00+00:00,7,2,84.85686798,-0.0029000000000000002,stop
NFLX,2026-01-21,2026-01-21 20:14:00+00:00,6,2,84.83436348000001,-0.0029000000000000002,stop
NFLX,2026-01-21,2026-01-21 20:37:00+00:00,7,2,84.99199499999999,-0.0029000000000000002,stop
NFLX,2026-01-21,2026-01-21 20:59:00+00:00,7,2,85.377072,-0.0029000000000000002,stop
NFLX,2026-01-21,2026-01-21 21:20:00+00:00,7,2,85.5171,0.0046,target
NFLX,2026-01-21,2026-01-21 21:47:00+00:00,6,2,85.447086,0.0046,target
NFLX,2026-01-21,2026-01-21 22:40:00+00:00,8,2,85.337064,0.0046,target
NFLX,2026-01-21,2026-01-21 23:04:00+00:00,8,2,85.607118,0.0046,target
NFLX,2026-01-21,2026-01-21 23:26:00+00:00,6,2,85.6056177,0.0046,target
NFLX,2026-01-22,2026-01-22 09:22:00+00:00,6,2,85.697136,-0.0029000000000000002,stop
NFLX,2026-01-22,2026-01-22 12:00:00+00:00,6,2,85.257048,0.0046,target
NFLX,2026-01-22,2026-01-22 12:49:00+00:00,8,2,85.512099,0.0046,target
NFLX,2026-01-22,2026-01-22 13:24:00+00:00,6,2,85.547106,0.0046,target
NFLX,2026-01-22,2026-01-22 13:44:00+00:00,6,2,85.737144,0.0046,target
NFLX,2026-01-22,2026-01-22 14:05:00+00:00,6,2,85.73214300000001,-0.0029000000000000002,stop
NFLX,2026-01-22,2026-01-22 14:26:00+00:00,7,2,85.847166,-0.0029000000000000002,stop
NFLX,2026-01-22,2026-01-22 15:15:00+00:00,7,2,84.556908,0.0046,target
NFLX,2026-01-22,2026-01-22 15:45:00+00:00,6,2,84.781953,-0.0029000000000000002,stop
NFLX,2026-01-22,2026-01-22 22:09:00+00:00,6,2,83.546706,0.0046,target
NFLX,2026-01-23,2026-01-23 10:03:00+00:00,6,2,83.71674,0.0046,target
NFLX,2026-01-23,2026-01-23 10:39:00+00:00,7,2,83.71674,0.0046,target
NFLX,2026-01-23,2026-01-23 11:06:00+00:00,6,2,83.736744,0.0046,target
NFLX,2026-01-23,2026-01-23 12:58:00+00:00,6,2,83.58671399999999,-0.0029000000000000002,stop
NFLX,2026-01-23,2026-01-23 13:43:00+00:00,6,2,83.62682202,0.0046,target
NFLX,2026-01-23,2026-01-23 14:31:00+00:00,8,2,83.93178300000001,0.0046,target
NFLX,2026-01-23,2026-01-23 14:53:00+00:00,6,2,84.6804327,0.0046,target
NFLX,2026-01-23,2026-01-23 15:15:00+00:00,7,2,85.28265312,-0.0029000000000000002,stop
NFLX,2026-01-23,2026-01-23 15:36:00+00:00,7,2,85.56620982,-0.0029000000000000002,stop
NFLX,2026-01-23,2026-01-23 15:58:00+00:00,6,2,85.157028,0.0046,target
NFLX,2026-01-23,2026-01-23 16:18:00+00:00,6,2,85.537104,0.0046,target
NFLX,2026-01-23,2026-01-23 16:42:00+00:00,7,2,86.127222,-0.0029000000000000002,stop
NFLX,2026-01-23,2026-01-23 17:05:00+00:00,6,2,85.83076272,0.0046,target
NFLX,2026-01-23,2026-01-23 17:32:00+00:00,6,2,85.96719,0.0046,target
NFLX,2026-01-23,2026-01-23 17:52:00+00:00,7,2,86.242245,-0.0029000000000000002,stop
NFLX,2026-01-23,2026-01-23 18:27:00+00:00,6,2,85.942185,-0.0029000000000000002,stop
NFLX,2026-01-23,2026-01-23 19:00:00+00:00,6,2,85.827162,-0.0029000000000000002,stop
NFLX,2026-01-23,2026-01-23 19:26:00+00:00,6,2,85.66713,-0.0029000000000000002,stop
NFLX,2026-01-23,2026-01-23 19:58:00+00:00,6,2,85.702137,-0.0029000000000000002,stop
NFLX,2026-01-23,2026-01-23 20:22:00+00:00,6,2,85.55210699999999,0.0046,target
NFLX,2026-01-23,2026-01-23 20:47:00+00:00,6,2,85.90217700000001,0.0046,target
NFLX,2026-01-23,2026-01-23 21:07:00+00:00,6,2,86.237244,-0.0029000000000000002,stop
NFLX,2026-01-23,2026-01-23 21:35:00+00:00,6,2,86.0687103,0.0046,target
NFLX,2026-01-23,2026-01-23 22:32:00+00:00,6,2,86.027202,0.0046,target
NFLX,2026-01-23,2026-01-23 22:53:00+00:00,7,2,86.097216,0.0046,target
NFLX,2026-01-23,2026-01-23 23:27:00+00:00,6,2,86.107218,0.0046,target
NFLX,2026-01-26,2026-01-26 10:30:00+00:00,7,2,86.897376,0.0046,target
NFLX,2026-01-26,2026-01-26 11:01:00+00:00,6,2,86.927382,0.0046,target
NFLX,2026-01-26,2026-01-26 11:23:00+00:00,6,2,87.077412,0.0046,target
NFLX,2026-01-26,2026-01-26 11:47:00+00:00,6,2,87.127422,0.0046,target
NFLX,2026-01-26,2026-01-26 12:07:00+00:00,6,2,87.11742,0.0046,target
NFLX,2026-01-26,2026-01-26 12:29:00+00:00,6,2,87.107418,-0.0029000000000000002,stop
NFLX,2026-01-26,2026-01-26 13:28:00+00:00,6,2,86.87747202,0.0046,target
NFLX,2026-01-26,2026-01-26 14:01:00+00:00,7,2,86.937384,-0.0029000000000000002,stop
NFLX,2026-01-26,2026-01-26 14:23:00+00:00,6,2,86.897376,-0.0029000000000000002,stop
NFLX,2026-01-26,2026-01-26 15:24:00+00:00,7,2,86.432283,-0.0029000000000000002,stop
NFLX,2026-01-26,2026-01-26 16:07:00+00:00,6,2,86.12182092,-0.0029000000000000002,stop
NFLX,2026-01-26,2026-01-26 16:43:00+00:00,6,2,85.93218300000001,0.0046,target
NFLX,2026-01-26,2026-01-26 17:38:00+00:00,7,2,86.032203,-0.0029000000000000002,stop
NFLX,2026-01-26,2026-01-26 19:49:00+00:00,6,2,85.97709198,0.0046,target
NFLX,2026-01-26,2026-01-26 20:13:00+00:00,7,2,86.00709798,0.0046,target
NFLX,2026-01-26,2026-01-26 20:34:00+00:00,7,2,86.04220500000001,-0.0029000000000000002,stop
NFLX,2026-01-26,2026-01-26 22:44:00+00:00,6,2,85.75724801999999,0.0046,target
NFLX,2026-01-26,2026-01-26 23:22:00+00:00,6,2,85.937184,0.0046,target
NFLX,2026-01-27,2026-01-27 09:24:00+00:00,6,2,85.937184,0.0046,target
NFLX,2026-01-27,2026-01-27 10:04:00+00:00,6,2,85.887174,0.0046,target
NFLX,2026-01-27,2026-01-27 11:54:00+00:00,8,2,85.83716399999999,-0.0029000000000000002,stop
NFLX,2026-01-27,2026-01-27 15:18:00+00:00,6,2,84.68703402,-0.0029000000000000002,stop
NFLX,2026-01-27,2026-01-27 15:45:00+00:00,6,2,84.7309428,-0.0029000000000000002,stop
NFLX,2026-01-27,2026-01-27 16:15:00+00:00,6,2,84.77195099999999,-0.0029000000000000002,stop
NFLX,2026-01-27,2026-01-27 16:54:00+00:00,6,2,84.581913,-0.0029000000000000002,stop
NFLX,2026-01-27,2026-01-27 18:25:00+00:00,6,2,84.331863,0.0046,target
NFLX,2026-01-27,2026-01-27 18:50:00+00:00,6,2,84.511899,0.0046,target
NFLX,2026-01-27,2026-01-27 19:10:00+00:00,7,2,84.721941,0.0046,target
NFLX,2026-01-27,2026-01-27 19:30:00+00:00,7,2,85.152027,0.0046,target
NFLX,2026-01-27,2026-01-27 19:58:00+00:00,8,2,85.19203499999999,0.0046,target
NFLX,2026-01-27,2026-01-27 20:18:00+00:00,6,2,85.33206299999999,0.0046,target
NFLX,2026-01-27,2026-01-27 20:38:00+00:00,6,2,85.372071,0.0046,target
NFLX,2026-01-27,2026-01-27 21:03:00+00:00,6,2,85.57681194,0.0046,target
NFLX,2026-01-27,2026-01-27 21:25:00+00:00,6,2,85.59701598,0.0046,target
NFLX,2026-01-27,2026-01-27 21:46:00+00:00,6,2,85.54690595999999,0.0046,target
NFLX,2026-01-27,2026-01-27 22:08:00+00:00,6,2,85.547106,0.0046,target
NFLX,2026-01-27,2026-01-27 22:34:00+00:00,7,2,85.44738606,0.0046,target
NFLX,2026-01-27,2026-01-27 22:57:00+00:00,6,2,85.5171,0.0046,target
NFLX,2026-01-27,2026-01-27 23:19:00+00:00,7,2,85.50679794,0.0046,target
NFLX,2026-01-28,2026-01-28 10:07:00+00:00,6,2,85.527102,0.0046,target
NFLX,2026-01-28,2026-01-28 13:02:00+00:00,7,2,85.997196,-0.0029000000000000002,stop
NFLX,2026-01-28,2026-01-28 13:38:00+00:00,7,2,85.497096,0.0046,target
NFLX,2026-01-28,2026-01-28 14:29:00+00:00,6,2,85.547106,-0.0029000000000000002,stop
NFLX,2026-01-28,2026-01-28 14:53:00+00:00,6,2,85.677132,0.0046,target
NFLX,2026-01-28,2026-01-28 15:13:00+00:00,6,2,86.107218,-0.0029000000000000002,stop
NFLX,2026-01-28,2026-01-28 15:34:00+00:00,6,2,85.89717599999999,-0.0029000000000000002,stop
NFLX,2026-01-28,2026-01-28 18:03:00+00:00,6,2,84.57691200000001,0.0046,target
NFLX,2026-01-28,2026-01-28 18:55:00+00:00,6,2,85.06540968,0.0046,target
NFLX,2026-01-28,2026-01-28 19:32:00+00:00,6,2,85.22204099999999,0.0046,target
NFLX,2026-01-28,2026-01-28 19:52:00+00:00,6,2,85.31265911999999,-0.0029000000000000002,stop
NFLX,2026-01-28,2026-01-28 20:21:00+00:00,6,2,85.26705,-0.0029000000000000002,stop
NFLX,2026-01-29,2026-01-29 09:43:00+00:00,6,2,84.556908,-0.0029000000000000002,stop
NFLX,2026-01-29,2026-01-29 10:29:00+00:00,6,2,84.54690599999999,0.0046,target
NFLX,2026-01-29,2026-01-29 10:54:00+00:00,6,2,84.54690599999999,0.0046,target
NFLX,2026-01-29,2026-01-29 11:48:00+00:00,6,2,84.40687799999999,0.0046,target
NFLX,2026-01-29,2026-01-29 13:35:00+00:00,7,2,84.39687599999999,0.0046,target
NFLX,2026-01-29,2026-01-29 18:33:00+00:00,6,2,82.91157899999999,0.0046,target
NFLX,2026-01-29,2026-01-29 19:12:00+00:00,7,2,82.951587,0.0046,target
NFLX,2026-01-29,2026-01-29 20:35:00+00:00,6,2,82.95688806,0.0046,target
NFLX,2026-01-29,2026-01-29 20:55:00+00:00,8,2,83.186634,-0.0029000000000000002,stop
NFLX,2026-01-29,2026-01-29 21:21:00+00:00,6,2,83.11651998,-0.0029000000000000002,stop
NFLX,2026-01-29,2026-01-29 22:16:00+00:00,6,2,83.06661,0.0046,target
NFLX,2026-01-29,2026-01-29 22:41:00+00:00,7,2,83.07581184,-0.0029000000000000002,stop
NFLX,2026-01-30,2026-01-30 10:02:00+00:00,7,2,83.006598,-0.0029000000000000002,stop
NFLX,2026-01-30,2026-01-30 10:40:00+00:00,6,2,82.876572,0.0046,target
NFLX,2026-01-30,2026-01-30 11:02:00+00:00,6,2,82.96659,-0.0029000000000000002,stop
NFLX,2026-01-30,2026-01-30 12:08:00+00:00,6,2,82.96659,-0.0029000000000000002,stop
NFLX,2026-01-30,2026-01-30 14:28:00+00:00,7,2,83.006598,0.0046,target
NFLX,2026-01-30,2026-01-30 14:48:00+00:00,6,2,83.64672599999999,-0.0029000000000000002,stop
NFLX,2026-01-30,2026-01-30 15:12:00+00:00,6,2,83.356668,-0.0029000000000000002,stop
NFLX,2026-01-30,2026-01-30 16:00:00+00:00,8,2,83.481693,-0.0029000000000000002,stop
NFLX,2026-01-30,2026-01-30 16:33:00+00:00,6,2,83.47169099999999,0.0046,target
NFLX,2026-01-30,2026-01-30 16:55:00+00:00,6,2,83.39167499999999,-0.0029000000000000002,stop
NFLX,2026-01-30,2026-01-30 17:22:00+00:00,6,2,83.39167499999999,0.0046,target
NFLX,2026-01-30,2026-01-30 17:43:00+00:00,6,2,83.49169499999999,-0.0029000000000000002,stop
NFLX,2026-01-30,2026-01-30 19:04:00+00:00,6,2,83.431683,0.0046,target
NFLX,2026-01-30,2026-01-30 19:32:00+00:00,7,2,83.531703,0.0046,target
NFLX,2026-01-30,2026-01-30 19:52:00+00:00,6,2,83.501697,-0.0029000000000000002,stop
NFLX,2026-01-30,2026-01-30 20:44:00+00:00,6,2,83.401677,-0.0029000000000000002,stop
NFLX,2026-01-30,2026-01-30 22:03:00+00:00,6,2,83.41668,0.0046,target
NFLX,2026-01-30,2026-01-30 22:58:00+00:00,6,2,83.50659798000001,0.0046,target
NFLX,2026-01-30,2026-01-30 23:21:00+00:00,7,2,83.496696,0.0046,target
NFLX,2026-02-02,2026-02-02 10:45:00+00:00,6,2,83.426682,-0.0029000000000000002,stop
NFLX,2026-02-02,2026-02-02 11:16:00+00:00,7,2,83.41668,0.0046,target
NFLX,2026-02-02,2026-02-02 13:23:00+00:00,6,2,83.106618,0.0046,target
NFLX,2026-02-02,2026-02-02 13:52:00+00:00,6,2,83.24114490000001,0.0046,target
NFLX,2026-02-02,2026-02-02 14:12:00+00:00,6,2,83.306658,0.0046,target
NFLX,2026-02-02,2026-02-02 14:34:00+00:00,7,2,83.7707508,-0.0029000000000000002,stop
NFLX,2026-02-02,2026-02-02 14:54:00+00:00,7,2,85.252047,-0.0029000000000000002,stop
NFLX,2026-02-02,2026-02-02 16:24:00+00:00,6,2,84.106818,-0.0029000000000000002,stop
NFLX,2026-02-03,2026-02-03 12:37:00+00:00,6,2,82.80155699999999,-0.0029000000000000002,stop
NFLX,2026-02-03,2026-02-03 13:04:00+00:00,6,2,82.77655200000001,0.0046,target
NFLX,2026-02-03,2026-02-03 18:03:00+00:00,6,2,80.821161,-0.0029000000000000002,stop
NFLX,2026-02-03,2026-02-03 22:47:00+00:00,6,2,79.745946,0.0046,target
NFLX,2026-02-04,2026-02-04 09:34:00+00:00,7,2,80.09601599999999,0.0046,target
NFLX,2026-02-04,2026-02-04 11:03:00+00:00,6,2,80.23604399999999,0.0046,target
NFLX,2026-02-04,2026-02-04 11:39:00+00:00,6,2,80.41608000000001,-0.0029000000000000002,stop
NFLX,2026-02-04,2026-02-04 13:01:00+00:00,7,2,80.15602799999999,-0.0029000000000000002,stop
NFLX,2026-02-04,2026-02-04 14:58:00+00:00,6,2,79.945986,-0.0029000000000000002,stop
NFLX,2026-02-04,2026-02-04 15:27:00+00:00,8,2,81.21123899999999,-0.0029000000000000002,stop
NFLX,2026-02-04,2026-02-04 15:48:00+00:00,6,2,81.106218,-0.0029000000000000002,stop
NFLX,2026-02-04,2026-02-04 16:10:00+00:00,6,2,80.731143,0.0046,target
NFLX,2026-02-04,2026-02-04 16:51:00+00:00,6,2,80.571111,0.0046,target
NFLX,2026-02-04,2026-02-04 17:48:00+00:00,6,2,80.736144,-0.0029000000000000002,stop
NFLX,2026-02-04,2026-02-04 18:25:00+00:00,7,2,80.921181,-0.0029000000000000002,stop
NFLX,2026-02-04,2026-02-04 18:49:00+00:00,6,2,80.876172,0.0046,target
NFLX,2026-02-04,2026-02-04 19:14:00+00:00,6,2,81.22124099999999,-0.0029000000000000002,stop
NFLX,2026-02-04,2026-02-04 19:35:00+00:00,6,2,81.046206,-0.0029000000000000002,stop
NFLX,2026-02-04,2026-02-04 23:02:00+00:00,7,2,80.596116,0.0046,target
NFLX,2026-02-05,2026-02-05 09:36:00+00:00,7,2,81.396276,0.0046,target
NFLX,2026-02-05,2026-02-05 10:09:00+00:00,6,2,82.09641599999999,-0.0029000000000000002,stop
NFLX,2026-02-05,2026-02-05 10:34:00+00:00,6,2,82.026402,-0.0029000000000000002,stop
NFLX,2026-02-05,2026-02-05 11:08:00+00:00,6,2,81.596316,0.0046,target
NFLX,2026-02-05,2026-02-05 11:47:00+00:00,6,2,81.426282,0.0046,target
NFLX,2026-02-05,2026-02-05 14:26:00+00:00,8,2,81.456288,0.0046,target
NFLX,2026-02-05,2026-02-05 14:46:00+00:00,6,2,82.59781626,-0.0029000000000000002,stop
NFLX,2026-02-05,2026-02-05 19:18:00+00:00,6,2,81.521301,-0.0029000000000000002,stop
NFLX,2026-02-05,2026-02-05 23:01:00+00:00,6,2,80.63612400000001,-0.0029000000000000002,stop
NFLX,2026-02-06,2026-02-06 09:29:00+00:00,6,2,80.856168,-0.0029000000000000002,stop
NFLX,2026-02-06,2026-02-06 09:50:00+00:00,6,2,80.826162,-0.0029000000000000002,stop
NFLX,2026-02-06,2026-02-06 10:55:00+00:00,6,2,80.756148,-0.0029000000000000002,stop
NFLX,2026-02-06,2026-02-06 11:35:00+00:00,7,2,80.86617,0.0046,target
NFLX,2026-02-06,2026-02-06 11:59:00+00:00,7,2,80.896176,0.0046,target
NFLX,2026-02-06,2026-02-06 12:29:00+00:00,6,2,80.77615200000001,0.0046,target
NFLX,2026-02-06,2026-02-06 12:52:00+00:00,6,2,80.91618,-0.0029000000000000002,stop
NFLX,2026-02-06,2026-02-06 13:16:00+00:00,6,2,80.886174,0.0046,target
NFLX,2026-02-06,2026-02-06 13:38:00+00:00,7,2,80.96619,0.0046,target
NFLX,2026-02-06,2026-02-06 14:02:00+00:00,6,2,81.18833442,-0.0029000000000000002,stop
NFLX,2026-02-06,2026-02-06 14:31:00+00:00,6,2,81.421281,0.0046,target
NFLX,2026-02-06,2026-02-06 15:22:00+00:00,6,2,81.45758826,-0.0029000000000000002,stop
NFLX,2026-02-06,2026-02-06 16:07:00+00:00,6,2,81.5107989,-0.0029000000000000002,stop
NFLX,2026-02-06,2026-02-06 17:11:00+00:00,7,2,81.501297,-0.0029000000000000002,stop
NFLX,2026-02-06,2026-02-06 17:31:00+00:00,7,2,81.43128300000001,-0.0029000000000000002,stop
NFLX,2026-02-06,2026-02-06 18:49:00+00:00,6,2,81.391275,-0.0029000000000000002,stop
NFLX,2026-02-06,2026-02-06 19:17:00+00:00,6,2,81.471291,-0.0029000000000000002,stop
NFLX,2026-02-06,2026-02-06 19:37:00+00:00,7,2,81.62132100000001,-0.0029000000000000002,stop
NFLX,2026-02-06,2026-02-06 20:22:00+00:00,6,2,81.45598794,0.0046,target
NFLX,2026-02-06,2026-02-06 20:50:00+00:00,7,2,81.886374,0.0046,target
NFLX,2026-02-06,2026-02-06 21:13:00+00:00,6,2,82.186434,-0.0029000000000000002,stop
NFLX,2026-02-06,2026-02-06 21:34:00+00:00,6,2,81.97639199999999,0.0046,target
NFLX,2026-02-06,2026-02-06 22:03:00+00:00,6,2,82.0164,0.0046,target
NFLX,2026-02-09,2026-02-09 11:21:00+00:00,7,2,81.83636399999999,0.0046,target
NFLX,2026-02-09,2026-02-09 12:05:00+00:00,6,2,81.92638199999999,0.0046,target
NFLX,2026-02-09,2026-02-09 12:29:00+00:00,7,2,82.33646399999999,-0.0029000000000000002,stop
NFLX,2026-02-09,2026-02-09 12:56:00+00:00,6,2,82.356468,-0.0029000000000000002,stop
NFLX,2026-02-09,2026-02-09 13:18:00+00:00,6,2,82.386474,0.0046,target
NFLX,2026-02-09,2026-02-09 13:38:00+00:00,7,2,82.5165,-0.0029000000000000002,stop
NFLX,2026-02-09,2026-02-09 13:59:00+00:00,6,2,82.37647199999999,-0.0029000000000000002,stop
NFLX,2026-02-09,2026-02-09 15:53:00+00:00,7,2,80.676132,0.0046,target
NFLX,2026-02-09,2026-02-09 16:13:00+00:00,6,2,80.871171,0.0046,target
NFLX,2026-02-09,2026-02-09 16:33:00+00:00,6,2,81.19123499999999,-0.0029000000000000002,stop
NFLX,2026-02-09,2026-02-09 17:02:00+00:00,6,2,81.00119699999999,0.0046,target
NFLX,2026-02-09,2026-02-09 17:23:00+00:00,6,2,81.14122499999999,-0.0029000000000000002,stop
NFLX,2026-02-09,2026-02-09 17:44:00+00:00,6,2,81.05120699999999,0.0046,target
NFLX,2026-02-09,2026-02-09 18:07:00+00:00,6,2,81.091215,-0.0029000000000000002,stop
NFLX,2026-02-09,2026-02-09 18:38:00+00:00,6,2,80.981193,0.0046,target
NFLX,2026-02-09,2026-02-09 18:58:00+00:00,6,2,81.10121699999999,0.0046,target
NFLX,2026-02-09,2026-02-09 19:24:00+00:00,6,2,81.30125699999999,0.0046,target
NFLX,2026-02-09,2026-02-09 19:46:00+00:00,6,2,81.33126299999999,0.0046,target
NFLX,2026-02-09,2026-02-09 20:06:00+00:00,6,2,81.356268,-0.0029000000000000002,stop
NFLX,2026-02-09,2026-02-09 20:27:00+00:00,6,2,81.261249,0.0046,target
NFLX,2026-02-09,2026-02-09 20:49:00+00:00,6,2,81.521301,-0.0029000000000000002,stop
NFLX,2026-02-09,2026-02-09 21:24:00+00:00,6,2,81.386274,0.0046,target
NFLX,2026-02-09,2026-02-09 22:11:00+00:00,6,2,81.386274,0.0046,target
NFLX,2026-02-09,2026-02-09 22:35:00+00:00,6,2,81.38597394,0.0046,target
NFLX,2026-02-09,2026-02-09 22:58:00+00:00,6,2,81.41628,0.0046,target
NFLX,2026-02-09,2026-02-09 23:25:00+00:00,7,2,81.36626999999999,0.0046,target
NFLX,2026-02-10,2026-02-10 11:03:00+00:00,6,2,81.406278,0.0046,target
NFLX,2026-02-10,2026-02-10 11:24:00+00:00,6,2,81.86636999999999,0.0046,target
NFLX,2026-02-10,2026-02-10 11:47:00+00:00,6,2,81.76635,-0.0029000000000000002,stop
NFLX,2026-02-10,2026-02-10 12:37:00+00:00,6,2,81.64632599999999,-0.0029000000000000002,stop
NFLX,2026-02-10,2026-02-10 13:01:00+00:00,6,2,81.56631,-0.0029000000000000002,stop
NFLX,2026-02-10,2026-02-10 13:45:00+00:00,8,2,81.56631,0.0046,target
NFLX,2026-02-10,2026-02-10 14:07:00+00:00,6,2,82.14642599999999,0.0046,target
NFLX,2026-02-10,2026-02-10 14:27:00+00:00,6,2,82.57211112,0.0046,target
NFLX,2026-02-10,2026-02-10 14:48:00+00:00,7,2,83.906778,-0.0029000000000000002,stop
NFLX,2026-02-10,2026-02-10 15:08:00+00:00,6,2,84.371871,-0.0029000000000000002,stop
NFLX,2026-02-10,2026-02-10 15:28:00+00:00,6,2,84.07181100000001,-0.0029000000000000002,stop
NFLX,2026-02-10,2026-02-10 19:34:00+00:00,6,2,82.856568,-0.0029000000000000002,stop
NFLX,2026-02-10,2026-02-10 23:01:00+00:00,6,2,82.5165,0.0046,target
NFLX,2026-02-11,2026-02-11 11:49:00+00:00,8,2,82.49649600000001,-0.0029000000000000002,stop
NFLX,2026-02-11,2026-02-11 13:35:00+00:00,7,2,82.63652400000001,-0.0029000000000000002,stop
NFLX,2026-02-11,2026-02-11 13:56:00+00:00,7,2,82.856568,-0.0029000000000000002,stop
NFLX,2026-02-11,2026-02-11 14:19:00+00:00,6,2,82.576512,-0.0029000000000000002,stop
NFLX,2026-02-11,2026-02-11 21:46:00+00:00,6,2,79.84596599999999,0.0046,target
NFLX,2026-02-11,2026-02-11 23:12:00+00:00,6,2,79.91598,0.0046,target
NFLX,2026-02-12,2026-02-12 09:31:00+00:00,6,2,80.01599999999999,-0.0029000000000000002,stop
NFLX,2026-02-12,2026-02-12 13:01:00+00:00,6,2,80.01599999999999,-0.0029000000000000002,stop
NFLX,2026-02-12,2026-02-12 17:10:00+00:00,6,2,76.070211,-0.0029000000000000002,stop
NFLX,2026-02-12,2026-02-12 17:56:00+00:00,6,2,76.470291,-0.0029000000000000002,stop
NFLX,2026-02-12,2026-02-12 18:50:00+00:00,6,2,76.525302,-0.0029000000000000002,stop
NFLX,2026-02-12,2026-02-12 19:33:00+00:00,8,2,76.590315,0.0046,target
NFLX,2026-02-12,2026-02-12 19:54:00+00:00,6,2,76.75034699999999,-0.0029000000000000002,stop
NFLX,2026-02-12,2026-02-12 20:14:00+00:00,7,2,76.905378,-0.0029000000000000002,stop
NFLX,2026-02-12,2026-02-12 21:36:00+00:00,6,2,76.185234,-0.0029000000000000002,stop
NFLX,2026-02-12,2026-02-12 22:04:00+00:00,6,2,76.405278,0.0046,target
NFLX,2026-02-12,2026-02-12 22:48:00+00:00,6,2,76.41507996,-0.0029000000000000002,stop
NFLX,2026-02-13,2026-02-13 09:24:00+00:00,6,2,76.225242,-0.0029000000000000002,stop
NFLX,2026-02-13,2026-02-13 09:55:00+00:00,6,2,76.05520800000001,0.0046,target
NFLX,2026-02-13,2026-02-13 10:15:00+00:00,7,2,76.185234,-0.0029000000000000002,stop
NFLX,2026-02-13,2026-02-13 11:45:00+00:00,6,2,76.02520200000001,-0.0029000000000000002,stop
NFLX,2026-02-13,2026-02-13 12:37:00+00:00,6,2,76.02520200000001,-0.0029000000000000002,stop
NFLX,2026-02-13,2026-02-13 13:31:00+00:00,7,2,76.10511798,-0.0029000000000000002,stop
NFLX,2026-02-13,2026-02-13 13:53:00+00:00,7,2,76.05520800000001,-0.0029000000000000002,stop
NFLX,2026-02-13,2026-02-13 14:29:00+00:00,6,2,76.19523600000001,-0.0029000000000000002,stop
NFLX,2026-02-13,2026-02-13 14:49:00+00:00,6,2,76.095216,-0.0029000000000000002,stop
NFLX,2026-02-13,2026-02-13 15:10:00+00:00,6,2,76.370271,-0.0029000000000000002,stop
NFLX,2026-02-13,2026-02-13 15:34:00+00:00,7,2,76.66032899999999,-0.0029000000000000002,stop
NFLX,2026-02-13,2026-02-13 16:01:00+00:00,6,2,76.46028899999999,-0.0029000000000000002,stop
NFLX,2026-02-13,2026-02-13 16:22:00+00:00,6,2,76.340265,0.0046,target
NFLX,2026-02-13,2026-02-13 16:50:00+00:00,6,2,76.420281,0.0046,target
NFLX,2026-02-13,2026-02-13 17:10:00+00:00,6,2,76.74034499999999,0.0046,target
NFLX,2026-02-13,2026-02-13 17:31:00+00:00,6,2,76.930383,0.0046,target
NFLX,2026-02-13,2026-02-13 17:51:00+00:00,6,2,77.080413,-0.0029000000000000002,stop
NFLX,2026-02-13,2026-02-13 18:16:00+00:00,6,2,76.930383,0.0046,target
NFLX,2026-02-13,2026-02-13 18:39:00+00:00,6,2,76.91037899999999,-0.0029000000000000002,stop
NFLX,2026-02-13,2026-02-13 19:10:00+00:00,6,2,76.88037299999999,0.0046,target
NFLX,2026-02-13,2026-02-13 19:33:00+00:00,6,2,77.00039699999999,0.0046,target
NFLX,2026-02-13,2026-02-13 19:53:00+00:00,6,2,76.980393,-0.0029000000000000002,stop
NFLX,2026-02-13,2026-02-13 21:00:00+00:00,8,2,76.885374,0.0046,target
NFLX,2026-02-13,2026-02-13 21:20:00+00:00,7,2,76.855368,0.0046,target
NFLX,2026-02-13,2026-02-13 21:40:00+00:00,6,2,76.885374,0.0046,target
NFLX,2026-02-13,2026-02-13 22:13:00+00:00,6,2,76.955388,0.0046,target
NFLX,2026-02-13,2026-02-13 22:36:00+00:00,7,2,77.0154,0.0046,target
NFLX,2026-02-13,2026-02-13 23:07:00+00:00,6,2,76.955388,0.0046,target
NFLX,2026-02-17,2026-02-17 12:12:00+00:00,7,2,76.925382,0.0046,target
NFLX,2026-02-17,2026-02-17 12:33:00+00:00,6,2,77.205438,0.0046,target
NFLX,2026-02-17,2026-02-17 12:57:00+00:00,7,2,77.97559199999999,-0.0029000000000000002,stop
NFLX,2026-02-17,2026-02-17 13:17:00+00:00,6,2,77.58551399999999,-0.0029000000000000002,stop
NFLX,2026-02-17,2026-02-17 13:56:00+00:00,7,2,77.47549199999999,-0.0029000000000000002,stop
NFLX,2026-02-17,2026-02-17 14:36:00+00:00,6,2,77.685534,-0.0029000000000000002,stop
NFLX,2026-02-17,2026-02-17 15:51:00+00:00,6,2,76.310259,-0.0029000000000000002,stop
NFLX,2026-02-17,2026-02-17 16:15:00+00:00,6,2,76.590315,0.0046,target
NFLX,2026-02-17,2026-02-17 16:35:00+00:00,6,2,76.875372,-0.0029000000000000002,stop
NFLX,2026-02-17,2026-02-17 17:35:00+00:00,6,2,76.485294,-0.0029000000000000002,stop
NFLX,2026-02-17,2026-02-17 18:10:00+00:00,6,2,76.420281,0.0046,target
NFLX,2026-02-17,2026-02-17 18:30:00+00:00,6,2,76.75034699999999,0.0046,target
NFLX,2026-02-17,2026-02-17 18:51:00+00:00,6,2,76.81385970000001,0.0046,target
NFLX,2026-02-17,2026-02-17 19:13:00+00:00,6,2,77.03040299999999,0.0046,target
NFLX,2026-02-17,2026-02-17 19:33:00+00:00,6,2,77.06551002,0.0046,target
NFLX,2026-02-17,2026-02-17 19:54:00+00:00,6,2,77.140425,-0.0029000000000000002,stop
NFLX,2026-02-17,2026-02-17 20:24:00+00:00,6,2,76.96539,0.0046,target
NFLX,2026-02-17,2026-02-17 20:53:00+00:00,6,2,76.985394,0.0046,target
NFLX,2026-02-17,2026-02-17 21:19:00+00:00,6,2,77.16543,0.0046,target
NFLX,2026-02-17,2026-02-17 21:40:00+00:00,7,2,77.205438,0.0046,target
NFLX,2026-02-17,2026-02-17 22:01:00+00:00,6,2,77.28545399999999,0.0046,target
NFLX,2026-02-17,2026-02-17 22:34:00+00:00,6,2,77.2839537,0.0046,target
NFLX,2026-02-17,2026-02-17 22:55:00+00:00,7,2,77.325462,0.0046,target
NFLX,2026-02-18,2026-02-18 09:32:00+00:00,6,2,77.575512,0.0046,target
NFLX,2026-02-18,2026-02-18 10:00:00+00:00,7,2,77.655528,0.0046,target
NFLX,2026-02-18,2026-02-18 10:56:00+00:00,6,2,77.5155,0.0046,target
NFLX,2026-02-18,2026-02-18 12:07:00+00:00,7,2,77.655528,-0.0029000000000000002,stop
NFLX,2026-02-18,2026-02-18 14:56:00+00:00,7,2,77.18033298,0.0046,target
NFLX,2026-02-18,2026-02-18 15:20:00+00:00,6,2,77.54050500000001,0.0046,target
NFLX,2026-02-18,2026-02-18 15:41:00+00:00,6,2,77.650527,-0.0029000000000000002,stop
NFLX,2026-02-18,2026-02-18 16:20:00+00:00,7,2,77.590515,0.0046,target
NFLX,2026-02-18,2026-02-18 16:42:00+00:00,8,2,77.870571,0.0046,target
NFLX,2026-02-18,2026-02-18 17:03:00+00:00,6,2,77.890575,0.0046,target
NFLX,2026-02-18,2026-02-18 17:24:00+00:00,7,2,78.150627,-0.0029000000000000002,stop
NFLX,2026-02-18,2026-02-18 17:48:00+00:00,6,2,78.0701109,0.0046,target
NFLX,2026-02-18,2026-02-18 18:08:00+00:00,7,2,78.220641,-0.0029000000000000002,stop
NFLX,2026-02-18,2026-02-18 19:34:00+00:00,6,2,77.740545,-0.0029000000000000002,stop
NFLX,2026-02-18,2026-02-18 20:08:00+00:00,7,2,77.730543,0.0046,target
NFLX,2026-02-18,2026-02-18 20:28:00+00:00,6,2,77.775552,0.0046,target
NFLX,2026-02-18,2026-02-18 20:50:00+00:00,6,2,78.120621,-0.0029000000000000002,stop
NFLX,2026-02-18,2026-02-18 21:12:00+00:00,7,2,78.00559799999999,0.0046,target
NFLX,2026-02-18,2026-02-18 21:33:00+00:00,6,2,77.98559399999999,0.0046,target
NFLX,2026-02-18,2026-02-18 21:57:00+00:00,6,2,77.935584,0.0046,target
NFLX,2026-02-18,2026-02-18 22:31:00+00:00,6,2,77.95558799999999,0.0046,target
NFLX,2026-02-18,2026-02-18 22:54:00+00:00,6,2,77.98559399999999,0.0046,target
NFLX,2026-02-18,2026-02-18 23:16:00+00:00,6,2,77.99569602,0.0046,target
NFLX,2026-02-19,2026-02-19 12:22:00+00:00,7,2,77.87557199999999,0.0046,target
NFLX,2026-02-19,2026-02-19 12:54:00+00:00,6,2,78.01559999999999,-0.0029000000000000002,stop
NFLX,2026-02-19,2026-02-19 13:18:00+00:00,6,2,77.870571,0.0046,target
NFLX,2026-02-19,2026-02-19 13:38:00+00:00,7,2,77.92558199999999,0.0046,target
NFLX,2026-02-19,2026-02-19 13:59:00+00:00,7,2,77.91558,-0.0029000000000000002,stop
NFLX,2026-02-19,2026-02-19 14:26:00+00:00,6,2,77.96559,-0.0029000000000000002,stop
NFLX,2026-02-19,2026-02-19 14:49:00+00:00,6,2,78.12452178000001,0.0046,target
NFLX,2026-02-19,2026-02-19 15:16:00+00:00,6,2,78.280653,-0.0029000000000000002,stop
NFLX,2026-02-19,2026-02-19 16:19:00+00:00,6,2,78.280653,-0.0029000000000000002,stop
NFLX,2026-02-19,2026-02-19 16:58:00+00:00,6,2,78.090615,-0.0029000000000000002,stop
NFLX,2026-02-19,2026-02-19 19:00:00+00:00,6,2,77.545506,-0.0029000000000000002,stop
NFLX,2026-02-19,2026-02-19 21:34:00+00:00,6,2,77.16543,0.0046,target
NFLX,2026-02-19,2026-02-19 22:54:00+00:00,6,2,77.16502992000001,0.0046,target
NFLX,2026-02-20,2026-02-20 09:39:00+00:00,6,2,77.205438,0.0046,target
NFLX,2026-02-20,2026-02-20 14:47:00+00:00,6,2,76.99039499999999,0.0046,target
NFLX,2026-02-20,2026-02-20 15:09:00+00:00,7,2,77.390475,0.0046,target
NFLX,2026-02-20,2026-02-20 15:30:00+00:00,6,2,77.595516,-0.0029000000000000002,stop
NFLX,2026-02-20,2026-02-20 15:52:00+00:00,8,2,77.945586,0.0046,target
NFLX,2026-02-20,2026-02-20 16:12:00+00:00,7,2,77.970591,-0.0029000000000000002,stop
NFLX,2026-02-20,2026-02-20 16:36:00+00:00,7,2,78.00289746,0.0046,target
NFLX,2026-02-20,2026-02-20 16:58:00+00:00,6,2,78.11071902,-0.0029000000000000002,stop
NFLX,2026-02-20,2026-02-20 17:35:00+00:00,6,2,77.900577,0.0046,target
NFLX,2026-02-20,2026-02-20 17:57:00+00:00,6,2,78.200637,-0.0029000000000000002,stop
NFLX,2026-02-20,2026-02-20 18:23:00+00:00,7,2,78.030603,-0.0029000000000000002,stop
NFLX,2026-02-20,2026-02-20 18:45:00+00:00,9,2,78.36567,0.0046,target
NFLX,2026-02-20,2026-02-20 19:19:00+00:00,6,2,78.290655,0.0046,target
NFLX,2026-02-20,2026-02-20 19:40:00+00:00,6,2,78.625722,0.0046,target
NFLX,2026-02-20,2026-02-20 20:02:00+00:00,6,2,78.66573000000001,0.0046,target
NFLX,2026-02-20,2026-02-20 20:22:00+00:00,6,2,78.610719,0.0046,target
NFLX,2026-02-20,2026-02-20 20:48:00+00:00,6,2,78.650727,0.0046,target
NFLX,2026-02-20,2026-02-20 21:09:00+00:00,6,2,78.685734,0.0046,target
NFLX,2026-02-20,2026-02-20 21:49:00+00:00,6,2,78.655728,0.0046,target
NFLX,2026-02-20,2026-02-20 22:30:00+00:00,6,2,78.605718,0.0046,target
NFLX,2026-02-23,2026-02-23 11:28:00+00:00,6,2,78.5157,-0.0029000000000000002,stop
NFLX,2026-02-23,2026-02-23 14:06:00+00:00,6,2,78.25254738000001,-0.0029000000000000002,stop
NFLX,2026-02-23,2026-02-23 14:27:00+00:00,6,2,78.26565,-0.0029000000000000002,stop
NFLX,2026-02-23,2026-02-23 15:24:00+00:00,8,2,76.24524600000001,-0.0029000000000000002,stop
NFLX,2026-02-23,2026-02-23 15:52:00+00:00,6,2,76.070211,-0.0029000000000000002,stop
NFLX,2026-02-23,2026-02-23 16:34:00+00:00,7,2,75.860169,-0.0029000000000000002,stop
NFLX,2026-02-23,2026-02-23 16:54:00+00:00,7,2,75.92528202,-0.0029000000000000002,stop
NFLX,2026-02-23,2026-02-23 17:22:00+00:00,6,2,75.940185,-0.0029000000000000002,stop
NFLX,2026-02-23,2026-02-23 17:53:00+00:00,7,2,75.950187,0.0046,target
NFLX,2026-02-23,2026-02-23 18:14:00+00:00,6,2,76.160229,-0.0029000000000000002,stop
NFLX,2026-02-23,2026-02-23 18:39:00+00:00,6,2,76.41968087999999,-0.0029000000000000002,stop
NFLX,2026-02-23,2026-02-23 19:01:00+00:00,6,2,76.2132396,-0.0029000000000000002,stop
NFLX,2026-02-23,2026-02-23 19:40:00+00:00,6,2,76.110219,0.0046,target
NFLX,2026-02-23,2026-02-23 20:00:00+00:00,6,2,76.285254,-0.0029000000000000002,stop
NFLX,2026-02-23,2026-02-23 20:34:00+00:00,6,2,76.11091914,-0.0029000000000000002,stop
NFLX,2026-02-23,2026-02-23 21:09:00+00:00,7,2,76.175232,0.0046,target
NFLX,2026-02-23,2026-02-23 21:30:00+00:00,7,2,76.11522,0.0046,target
NFLX,2026-02-23,2026-02-23 21:52:00+00:00,6,2,76.185234,0.0046,target
NFLX,2026-02-23,2026-02-23 23:00:00+00:00,8,2,76.21524,0.0046,target
NFLX,2026-02-23,2026-02-23 23:24:00+00:00,6,2,76.24524600000001,0.0046,target
NFLX,2026-02-24,2026-02-24 10:08:00+00:00,8,2,76.36527,0.0046,target
NFLX,2026-02-24,2026-02-24 12:42:00+00:00,6,2,76.36527,-0.0029000000000000002,stop
NFLX,2026-02-24,2026-02-24 13:11:00+00:00,6,2,76.4347839,-0.0029000000000000002,stop
NFLX,2026-02-24,2026-02-24 13:32:00+00:00,6,2,76.3847739,0.0046,target
NFLX,2026-02-24,2026-02-24 13:55:00+00:00,6,2,76.375272,-0.0029000000000000002,stop
NFLX,2026-02-24,2026-02-24 14:41:00+00:00,6,2,76.83566406,-0.0029000000000000002,stop
NFLX,2026-02-24,2026-02-24 15:22:00+00:00,7,2,76.680333,0.0046,target
NFLX,2026-02-24,2026-02-24 15:42:00+00:00,7,2,77.00039699999999,-0.0029000000000000002,stop
NFLX,2026-02-24,2026-02-24 16:11:00+00:00,6,2,76.575312,0.0046,target
NFLX,2026-02-24,2026-02-24 16:33:00+00:00,7,2,76.745346,0.0046,target
NFLX,2026-02-24,2026-02-24 16:54:00+00:00,6,2,77.060409,0.0046,target
NFLX,2026-02-24,2026-02-24 17:14:00+00:00,6,2,77.27565204,0.0046,target
NFLX,2026-02-24,2026-02-24 17:37:00+00:00,6,2,77.310459,0.0046,target
NFLX,2026-02-24,2026-02-24 17:58:00+00:00,6,2,77.40047700000001,0.0046,target
NFLX,2026-02-24,2026-02-24 18:19:00+00:00,6,2,77.455488,0.0046,target
NFLX,2026-02-24,2026-02-24 18:41:00+00:00,6,2,77.560509,0.0046,target
NFLX,2026-02-24,2026-02-24 19:05:00+00:00,6,2,77.54050500000001,-0.0029000000000000002,stop
NFLX,2026-02-24,2026-02-24 19:56:00+00:00,6,2,77.385474,-0.0029000000000000002,stop
NFLX,2026-02-24,2026-02-24 20:39:00+00:00,7,2,77.375472,0.0046,target
NFLX,2026-02-24,2026-02-24 21:01:00+00:00,6,2,78.0471063,0.0046,target
NFLX,2026-02-24,2026-02-24 21:25:00+00:00,9,2,79.44268536,-0.0029000000000000002,stop
NFLX,2026-02-24,2026-02-24 21:51:00+00:00,6,2,78.86577,-0.0029000000000000002,stop
NFLX,2026-02-24,2026-02-24 22:22:00+00:00,7,2,78.91578,0.0046,target
NFLX,2026-02-24,2026-02-24 22:42:00+00:00,6,2,78.945786,0.0046,target
NFLX,2026-02-24,2026-02-24 23:02:00+00:00,6,2,78.975792,0.0046,target
NFLX,2026-02-25,2026-02-25 09:35:00+00:00,6,2,79.11582,0.0046,target
NFLX,2026-02-25,2026-02-25 10:02:00+00:00,6,2,79.39587599999999,-0.0029000000000000002,stop
NFLX,2026-02-25,2026-02-25 10:36:00+00:00,6,2,79.305858,0.0046,target
NFLX,2026-02-25,2026-02-25 11:43:00+00:00,6,2,79.21584,-0.0029000000000000002,stop
NFLX,2026-02-25,2026-02-25 12:03:00+00:00,6,2,78.855768,0.0046,target
NFLX,2026-02-25,2026-02-25 12:24:00+00:00,6,2,79.025802,0.0046,target
NFLX,2026-02-25,2026-02-25 12:52:00+00:00,6,2,79.105818,-0.0029000000000000002,stop
NFLX,2026-02-25,2026-02-25 13:20:00+00:00,6,2,79.06400964,-0.0029000000000000002,stop
NFLX,2026-02-25,2026-02-25 13:44:00+00:00,7,2,79.150827,-0.0029000000000000002,stop
NFLX,2026-02-25,2026-02-25 14:22:00+00:00,8,2,79.16583,0.0046,target
NFLX,2026-02-25,2026-02-25 14:43:00+00:00,7,2,80.986194,-0.0029000000000000002,stop
NFLX,2026-02-25,2026-02-25 15:09:00+00:00,6,2,81.341265,-0.0029000000000000002,stop
NFLX,2026-02-25,2026-02-25 15:31:00+00:00,6,2,81.92678208,-0.0029000000000000002,stop
NFLX,2026-02-25,2026-02-25 15:53:00+00:00,6,2,81.901377,-0.0029000000000000002,stop
NFLX,2026-02-25,2026-02-25 16:21:00+00:00,6,2,82.201437,-0.0029000000000000002,stop
NFLX,2026-02-25,2026-02-25 16:45:00+00:00,7,2,82.306458,-0.0029000000000000002,stop
NFLX,2026-02-25,2026-02-25 17:12:00+00:00,6,2,82.17643199999999,-0.0029000000000000002,stop
NFLX,2026-02-25,2026-02-25 17:32:00+00:00,6,2,81.98569386,0.0046,target
NFLX,2026-02-25,2026-02-25 17:52:00+00:00,6,2,82.221441,0.0046,target
NFLX,2026-02-25,2026-02-25 18:12:00+00:00,7,2,82.441485,-0.0029000000000000002,stop
NFLX,2026-02-25,2026-02-25 18:32:00+00:00,6,2,82.49649600000001,-0.0029000000000000002,stop
NFLX,2026-02-25,2026-02-25 18:52:00+00:00,6,2,82.60151699999999,-0.0029000000000000002,stop
NFLX,2026-02-25,2026-02-25 19:14:00+00:00,6,2,82.97159099999999,-0.0029000000000000002,stop
NFLX,2026-02-25,2026-02-25 19:46:00+00:00,7,2,82.901577,-0.0029000000000000002,stop
NFLX,2026-02-25,2026-02-25 20:11:00+00:00,6,2,82.74654600000001,-0.0029000000000000002,stop
NFLX,2026-02-25,2026-02-25 20:40:00+00:00,6,2,82.72954259999999,-0.0029000000000000002,stop
NFLX,2026-02-25,2026-02-25 21:01:00+00:00,6,2,82.796556,-0.0029000000000000002,stop
NFLX,2026-02-25,2026-02-25 21:21:00+00:00,6,2,82.61652,0.0046,target
NFLX,2026-02-25,2026-02-25 21:45:00+00:00,6,2,82.74654600000001,0.0046,target
NFLX,2026-02-25,2026-02-25 22:25:00+00:00,6,2,82.81716012,-0.0029000000000000002,stop
NFLX,2026-02-25,2026-02-25 22:45:00+00:00,6,2,82.81656,0.0046,target
NFLX,2026-02-25,2026-02-25 23:06:00+00:00,6,2,82.996596,0.0046,target
NFLX,2026-02-25,2026-02-25 23:27:00+00:00,8,2,83.236644,0.0046,target
NFLX,2026-02-26,2026-02-26 09:23:00+00:00,6,2,83.246646,0.0046,target
NFLX,2026-02-26,2026-02-26 09:43:00+00:00,7,2,83.946786,0.0046,target
NFLX,2026-02-26,2026-02-26 10:04:00+00:00,6,2,84.09681599999999,0.0046,target
NFLX,2026-02-26,2026-02-26 10:25:00+00:00,6,2,84.28685399999999,-0.0029000000000000002,stop
NFLX,2026-02-26,2026-02-26 10:51:00+00:00,6,2,84.16683,-0.0029000000000000002,stop
NFLX,2026-02-26,2026-02-26 11:13:00+00:00,6,2,84.31685999999999,-0.0029000000000000002,stop
NFLX,2026-02-26,2026-02-26 11:42:00+00:00,6,2,84.08681399999999,-0.0029000000000000002,stop
NFLX,2026-02-26,2026-02-26 14:45:00+00:00,7,2,84.076812,-0.0029000000000000002,stop
NFLX,2026-02-26,2026-02-26 15:11:00+00:00,7,2,84.481893,-0.0029000000000000002,stop
NFLX,2026-02-26,2026-02-26 16:01:00+00:00,6,2,83.86656996,-0.0029000000000000002,stop
NFLX,2026-02-26,2026-02-26 16:22:00+00:00,6,2,84.121821,-0.0029000000000000002,stop
NFLX,2026-02-26,2026-02-26 16:43:00+00:00,7,2,84.371871,0.0046,target
NFLX,2026-02-26,2026-02-26 17:22:00+00:00,6,2,84.361869,0.0046,target
NFLX,2026-02-26,2026-02-26 17:44:00+00:00,6,2,84.921981,0.0046,target
NFLX,2026-02-26,2026-02-26 18:04:00+00:00,6,2,84.96198899999999,-0.0029000000000000002,stop
NFLX,2026-02-26,2026-02-26 18:37:00+00:00,6,2,84.936984,0.0046,target
NFLX,2026-02-26,2026-02-26 19:00:00+00:00,6,2,85.017,0.0046,target
NFLX,2026-02-26,2026-02-26 19:27:00+00:00,7,2,85.402077,-0.0029000000000000002,stop
NFLX,2026-02-26,2026-02-26 19:47:00+00:00,6,2,85.377072,-0.0029000000000000002,stop
NFLX,2026-02-26,2026-02-26 20:08:00+00:00,6,2,85.31706,-0.0029000000000000002,stop
NFLX,2026-02-26,2026-02-26 20:37:00+00:00,6,2,85.36206899999999,-0.0029000000000000002,stop
NFLX,2026-02-26,2026-02-26 21:00:00+00:00,6,2,84.646926,0.0046,target
NFLX,2026-02-26,2026-02-26 21:22:00+00:00,6,2,85.53700398000001,-0.0029000000000000002,stop
NFLX,2026-02-26,2026-02-26 21:44:00+00:00,6,2,85.006998,-0.0029000000000000002,stop
NFLX,2026-02-26,2026-02-26 22:21:00+00:00,6,2,84.60691800000001,0.0046,target
NFLX,2026-02-26,2026-02-26 22:41:00+00:00,7,2,85.46709,-0.0029000000000000002,stop
NFLX,2026-02-26,2026-02-26 23:02:00+00:00,7,2,92.8190601,-0.0029000000000000002,stop
NFLX,2026-02-26,2026-02-26 23:24:00+00:00,7,2,92.91858,0.0046,target
NFLX,2026-02-27,2026-02-27 11:11:00+00:00,6,2,91.478292,0.0046,target
NFLX,2026-02-27,2026-02-27 13:24:00+00:00,6,2,91.588314,-0.0029000000000000002,stop
NFLX,2026-02-27,2026-02-27 13:47:00+00:00,6,2,91.96849002,0.0046,target
NFLX,2026-02-27,2026-02-27 14:09:00+00:00,7,2,92.06841,-0.0029000000000000002,stop
NFLX,2026-02-27,2026-02-27 14:33:00+00:00,6,2,91.9648893,-0.0029000000000000002,stop
NFLX,2026-02-27,2026-02-27 14:54:00+00:00,7,2,92.56850999999999,-0.0029000000000000002,stop
NFLX,2026-02-27,2026-02-27 15:50:00+00:00,6,2,92.29345500000001,-0.0029000000000000002,stop
NFLX,2026-02-27,2026-02-27 16:10:00+00:00,7,2,92.67853199999999,0.0046,target
NFLX,2026-02-27,2026-02-27 16:36:00+00:00,6,2,93.208638,-0.0029000000000000002,stop
NFLX,2026-02-27,2026-02-27 16:56:00+00:00,7,2,93.293655,0.0046,target
NFLX,2026-02-27,2026-02-27 17:22:00+00:00,7,2,93.658728,-0.0029000000000000002,stop
NFLX,2026-02-27,2026-02-27 17:47:00+00:00,6,2,94.583913,-0.0029000000000000002,stop
NFLX,2026-02-27,2026-02-27 18:07:00+00:00,6,2,95.05060632,-0.0029000000000000002,stop
NFLX,2026-02-27,2026-02-27 18:35:00+00:00,6,2,95.11901999999999,0.0046,target
NFLX,2026-02-27,2026-02-27 18:56:00+00:00,6,2,95.13532325999999,0.0046,target
NFLX,2026-02-27,2026-02-27 19:16:00+00:00,6,2,95.404077,0.0046,target
NFLX,2026-02-27,2026-02-27 19:37:00+00:00,7,2,95.679132,-0.0029000000000000002,stop
NFLX,2026-02-27,2026-02-27 20:04:00+00:00,8,2,95.764149,-0.0029000000000000002,stop
NFLX,2026-02-27,2026-02-27 20:24:00+00:00,6,2,96.33926399999999,-0.0029000000000000002,stop
NFLX,2026-02-27,2026-02-27 20:49:00+00:00,6,2,95.94418499999999,-0.0029000000000000002,stop
NFLX,2026-02-27,2026-02-27 21:29:00+00:00,6,2,96.22924199999999,0.0046,target
NFLX,2026-02-27,2026-02-27 21:58:00+00:00,6,2,96.1707303,-0.0029000000000000002,stop
NFLX,2026-02-27,2026-02-27 22:28:00+00:00,6,2,96.0192,-0.0029000000000000002,stop
NFLX,2026-03-02,2026-03-02 10:24:00+00:00,6,2,94.298856,-0.0029000000000000002,stop
NFLX,2026-03-02,2026-03-02 10:49:00+00:00,8,2,94.438884,-0.0029000000000000002,stop
NFLX,2026-03-02,2026-03-02 11:09:00+00:00,6,2,94.46889,-0.0029000000000000002,stop
NFLX,2026-03-02,2026-03-02 11:34:00+00:00,6,2,94.328862,0.0046,target
NFLX,2026-03-02,2026-03-02 11:54:00+00:00,6,2,94.66893,-0.0029000000000000002,stop
NFLX,2026-03-02,2026-03-02 12:50:00+00:00,6,2,94.178832,0.0046,target
NFLX,2026-03-02,2026-03-02 13:25:00+00:00,6,2,94.5189,0.0046,target
NFLX,2026-03-02,2026-03-02 13:48:00+00:00,6,2,95.21904,-0.0029000000000000002,stop
NFLX,2026-03-02,2026-03-02 14:20:00+00:00,6,2,94.95898799999999,0.0046,target
NFLX,2026-03-02,2026-03-02 14:40:00+00:00,6,2,96.239244,-0.0029000000000000002,stop
NFLX,2026-03-02,2026-03-02 15:02:00+00:00,6,2,96.924381,0.0046,target
NFLX,2026-03-02,2026-03-02 15:23:00+00:00,6,2,97.324461,-0.0029000000000000002,stop
NFLX,2026-03-02,2026-03-02 17:05:00+00:00,6,2,96.659328,0.0046,target
NFLX,2026-03-02,2026-03-02 17:25:00+00:00,6,2,96.879372,0.0046,target
NFLX,2026-03-02,2026-03-02 17:45:00+00:00,6,2,97.224441,-0.0029000000000000002,stop
NFLX,2026-03-02,2026-03-02 18:12:00+00:00,6,2,97.264449,-0.0029000000000000002,stop
NFLX,2026-03-02,2026-03-02 19:05:00+00:00,6,2,97.0759113,0.0046,target
NFLX,2026-03-02,2026-03-02 19:26:00+00:00,6,2,97.284453,0.0046,target
NFLX,2026-03-02,2026-03-02 19:48:00+00:00,8,2,97.734543,0.0046,target
NFLX,2026-03-02,2026-03-02 20:08:00+00:00,6,2,97.739544,-0.0029000000000000002,stop
NFLX,2026-03-02,2026-03-02 20:29:00+00:00,6,2,97.409478,-0.0029000000000000002,stop
NFLX,2026-03-02,2026-03-02 20:49:00+00:00,7,2,97.66452899999999,-0.0029000000000000002,stop
NFLX,2026-03-03,2026-03-03 11:38:00+00:00,6,2,94.78895399999999,-0.0029000000000000002,stop
NFLX,2026-03-03,2026-03-03 12:05:00+00:00,6,2,95.079012,0.0046,target
NFLX,2026-03-03,2026-03-03 12:25:00+00:00,6,2,95.5191,-0.0029000000000000002,stop
NFLX,2026-03-03,2026-03-03 12:46:00+00:00,6,2,95.21904,-0.0029000000000000002,stop
NFLX,2026-03-03,2026-03-03 14:22:00+00:00,6,2,95.10691758,0.0046,target
NFLX,2026-03-03,2026-03-03 14:46:00+00:00,6,2,97.25374686,-0.0029000000000000002,stop
NFLX,2026-03-03,2026-03-03 16:09:00+00:00,7,2,96.699336,-0.0029000000000000002,stop
NFLX,2026-03-03,2026-03-03 16:31:00+00:00,7,2,96.93258264,-0.0029000000000000002,stop
NFLX,2026-03-03,2026-03-03 16:56:00+00:00,6,2,96.93438300000001,-0.0029000000000000002,stop
NFLX,2026-03-03,2026-03-03 17:29:00+00:00,6,2,96.63922398,-0.0029000000000000002,stop
NFLX,2026-03-03,2026-03-03 18:01:00+00:00,6,2,96.724341,0.0046,target
NFLX,2026-03-03,2026-03-03 18:26:00+00:00,6,2,97.174431,-0.0029000000000000002,stop
NFLX,2026-03-03,2026-03-03 18:46:00+00:00,6,2,97.054407,0.0046,target
NFLX,2026-03-03,2026-03-03 19:07:00+00:00,6,2,97.21944,-0.0029000000000000002,stop
NFLX,2026-03-03,2026-03-03 19:29:00+00:00,6,2,97.31945999999999,-0.0029000000000000002,stop
NFLX,2026-03-03,2026-03-03 19:50:00+00:00,6,2,97.249446,-0.0029000000000000002,stop
NFLX,2026-03-03,2026-03-03 20:12:00+00:00,7,2,97.249446,-0.0029000000000000002,stop
NFLX,2026-03-03,2026-03-03 20:35:00+00:00,7,2,97.23944399999999,0.0046,target
NFLX,2026-03-03,2026-03-03 20:55:00+00:00,6,2,97.784553,-0.0029000000000000002,stop
NFLX,2026-03-03,2026-03-03 21:16:00+00:00,6,2,97.63952400000001,-0.0029000000000000002,stop
NFLX,2026-03-03,2026-03-03 22:50:00+00:00,8,2,97.39957602,0.0046,target
NFLX,2026-03-04,2026-03-04 09:49:00+00:00,8,2,97.389474,-0.0029000000000000002,stop
NFLX,2026-03-04,2026-03-04 10:09:00+00:00,7,2,97.479492,-0.0029000000000000002,stop
NFLX,2026-03-04,2026-03-04 12:07:00+00:00,6,2,97.26944999999999,-0.0029000000000000002,stop
NFLX,2026-03-04,2026-03-04 12:52:00+00:00,6,2,97.21944,-0.0029000000000000002,stop
NFLX,2026-03-04,2026-03-04 13:18:00+00:00,6,2,97.86746957999999,-0.0029000000000000002,stop
NFLX,2026-03-04,2026-03-04 13:46:00+00:00,6,2,97.63952400000001,-0.0029000000000000002,stop
NFLX,2026-03-04,2026-03-04 14:37:00+00:00,6,2,98.804757,0.0046,target
NFLX,2026-03-04,2026-03-04 15:08:00+00:00,7,2,99.18243251999999,-0.0029000000000000002,stop
NFLX,2026-03-04,2026-03-04 15:30:00+00:00,6,2,99.28985399999999,-0.0029000000000000002,stop
NFLX,2026-03-04,2026-03-04 16:49:00+00:00,6,2,98.694735,0.0046,target
NFLX,2026-03-04,2026-03-04 17:09:00+00:00,6,2,98.72974199999999,-0.0029000000000000002,stop
NFLX,2026-03-04,2026-03-04 17:59:00+00:00,6,2,98.76284862,0.0046,target
NFLX,2026-03-04,2026-03-04 18:20:00+00:00,7,2,99.174831,-0.0029000000000000002,stop
NFLX,2026-03-04,2026-03-04 18:41:00+00:00,6,2,99.174831,-0.0029000000000000002,stop
NFLX,2026-03-04,2026-03-04 19:04:00+00:00,6,2,99.08981399999999,-0.0029000000000000002,stop
NFLX,2026-03-04,2026-03-04 19:24:00+00:00,6,2,98.86976999999999,0.0046,target
NFLX,2026-03-04,2026-03-04 19:46:00+00:00,6,2,99.064809,-0.0029000000000000002,stop
NFLX,2026-03-04,2026-03-04 20:07:00+00:00,6,2,98.924781,-0.0029000000000000002,stop
NFLX,2026-03-04,2026-03-04 20:34:00+00:00,6,2,98.79945594,-0.0029000000000000002,stop
NFLX,2026-03-04,2026-03-04 20:54:00+00:00,6,2,98.939784,-0.0029000000000000002,stop
NFLX,2026-03-05,2026-03-05 12:17:00+00:00,6,2,98.179632,0.0046,target
NFLX,2026-03-05,2026-03-05 14:24:00+00:00,8,2,98.31966,0.0046,target
NFLX,2026-03-05,2026-03-05 14:46:00+00:00,6,2,98.76975,-0.0029000000000000002,stop
NFLX,2026-03-05,2026-03-05 15:13:00+00:00,6,2,99.21984,-0.0029000000000000002,stop
NFLX,2026-03-05,2026-03-05 16:36:00+00:00,6,2,99.059808,0.0046,target
NFLX,2026-03-05,2026-03-05 16:58:00+00:00,7,2,99.15992802,-0.0029000000000000002,stop
NFLX,2026-03-05,2026-03-05 18:18:00+00:00,6,2,98.889774,-0.0029000000000000002,stop
NFLX,2026-03-05,2026-03-05 19:38:00+00:00,6,2,98.76474900000001,0.0046,target
NFLX,2026-03-05,2026-03-05 19:58:00+00:00,6,2,99.144825,-0.0029000000000000002,stop
NFLX,2026-03-05,2026-03-05 20:19:00+00:00,7,2,99.049806,0.0046,target
NFLX,2026-03-05,2026-03-05 20:39:00+00:00,7,2,99.424881,-0.0029000000000000002,stop
NFLX,2026-03-05,2026-03-05 21:01:00+00:00,7,2,99.309858,-0.0029000000000000002,stop
NFLX,2026-03-05,2026-03-05 21:46:00+00:00,6,2,99.06980999999999,0.0046,target
NFLX,2026-03-05,2026-03-05 22:09:00+00:00,6,2,99.09981599999999,0.0046,target
NFLX,2026-03-05,2026-03-05 22:35:00+00:00,7,2,99.08001203999999,0.0046,target
NFLX,2026-03-05,2026-03-05 23:23:00+00:00,6,2,99.109818,-0.0029000000000000002,stop
NFLX,2026-03-06,2026-03-06 13:01:00+00:00,7,2,99.25984799999999,-0.0029000000000000002,stop
NFLX,2026-03-06,2026-03-06 15:36:00+00:00,7,2,98.73044214,-0.0029000000000000002,stop
NFLX,2026-03-06,2026-03-06 18:46:00+00:00,6,2,98.56971,0.0046,target
NFLX,2026-03-06,2026-03-06 19:09:00+00:00,6,2,98.724741,0.0046,target
NFLX,2026-03-06,2026-03-06 19:34:00+00:00,6,2,98.884773,0.0046,target
NFLX,2026-03-06,2026-03-06 20:04:00+00:00,8,2,99.23964396000001,-0.0029000000000000002,stop
NFLX,2026-03-06,2026-03-06 20:26:00+00:00,6,2,99.28985399999999,-0.0029000000000000002,stop
NFLX,2026-03-06,2026-03-06 20:47:00+00:00,6,2,99.334863,-0.0029000000000000002,stop
NFLX,2026-03-06,2026-03-06 21:20:00+00:00,6,2,98.81975999999999,0.0046,target
NFLX,2026-03-09,2026-03-09 09:22:00+00:00,8,2,97.66953000000001,0.0046,target
NFLX,2026-03-09,2026-03-09 09:48:00+00:00,6,2,97.989594,-0.0029000000000000002,stop
NFLX,2026-03-09,2026-03-09 10:41:00+00:00,6,2,97.63952400000001,0.0046,target
NFLX,2026-03-09,2026-03-09 11:07:00+00:00,8,2,97.69953600000001,0.0046,target
NFLX,2026-03-09,2026-03-09 11:38:00+00:00,6,2,97.959588,-0.0029000000000000002,stop
NFLX,2026-03-09,2026-03-09 12:01:00+00:00,6,2,97.459488,-0.0029000000000000002,stop
NFLX,2026-03-09,2026-03-09 12:21:00+00:00,7,2,97.729542,0.0046,target
NFLX,2026-03-09,2026-03-09 12:48:00+00:00,6,2,97.879572,-0.0029000000000000002,stop
NFLX,2026-03-09,2026-03-09 13:09:00+00:00,6,2,97.94218452,-0.0029000000000000002,stop
NFLX,2026-03-09,2026-03-09 13:31:00+00:00,7,2,98.674731,-0.0029000000000000002,stop
NFLX,2026-03-09,2026-03-09 15:31:00+00:00,7,2,97.50959802,-0.0029000000000000002,stop
NFLX,2026-03-09,2026-03-09 15:51:00+00:00,7,2,97.63462301999999,0.0046,target
NFLX,2026-03-09,2026-03-09 16:13:00+00:00,7,2,97.814559,0.0046,target
NFLX,2026-03-09,2026-03-09 16:34:00+00:00,6,2,97.79925594000001,-0.0029000000000000002,stop
NFLX,2026-03-09,2026-03-09 17:00:00+00:00,7,2,97.654527,-0.0029000000000000002,stop
NFLX,2026-03-09,2026-03-09 18:35:00+00:00,8,2,97.66953000000001,-0.0029000000000000002,stop
NFLX,2026-03-09,2026-03-09 19:01:00+00:00,6,2,97.544505,-0.0029000000000000002,stop
NFLX,2026-03-09,2026-03-09 19:21:00+00:00,6,2,97.989594,-0.0029000000000000002,stop
NFLX,2026-03-09,2026-03-09 19:44:00+00:00,7,2,98.234643,0.0046,target
NFLX,2026-03-09,2026-03-09 20:04:00+00:00,6,2,98.499696,-0.0029000000000000002,stop
NFLX,2026-03-09,2026-03-09 20:31:00+00:00,6,2,98.189634,0.0046,target
NFLX,2026-03-09,2026-03-09 20:51:00+00:00,6,2,98.29855577999999,0.0046,target
NFLX,2026-03-09,2026-03-09 21:29:00+00:00,6,2,98.279652,0.0046,target
NFLX,2026-03-09,2026-03-09 22:06:00+00:00,6,2,98.26965,0.0046,target
NFLX,2026-03-09,2026-03-09 22:30:00+00:00,6,2,98.26965,-0.0029000000000000002,stop
NFLX,2026-03-09,2026-03-09 22:53:00+00:00,6,2,98.11962,0.0046,target
NFLX,2026-03-10,2026-03-10 09:41:00+00:00,6,2,98.61971999999999,0.0046,target
NFLX,2026-03-10,2026-03-10 10:30:00+00:00,6,2,98.679732,0.0046,target
NFLX,2026-03-10,2026-03-10 11:09:00+00:00,6,2,98.629722,0.0046,target
NFLX,2026-03-10,2026-03-10 12:46:00+00:00,6,2,98.309658,-0.0029000000000000002,stop
NFLX,2026-03-10,2026-03-10 15:02:00+00:00,7,2,97.49949600000001,-0.0029000000000000002,stop
NFLX,2026-03-10,2026-03-10 16:28:00+00:00,7,2,97.374471,-0.0029000000000000002,stop
NFLX,2026-03-10,2026-03-10 17:02:00+00:00,6,2,97.33946399999999,-0.0029000000000000002,stop
NFLX,2026-03-10,2026-03-10 18:43:00+00:00,6,2,97.109418,-0.0029000000000000002,stop
NFLX,2026-03-10,2026-03-10 19:41:00+00:00,6,2,97.074411,-0.0029000000000000002,stop
NFLX,2026-03-11,2026-03-11 11:03:00+00:00,7,2,96.999396,-0.0029000000000000002,stop
NFLX,2026-03-11,2026-03-11 13:04:00+00:00,7,2,97.0194,-0.0029000000000000002,stop
NFLX,2026-03-11,2026-03-11 13:31:00+00:00,8,2,97.83426294,-0.0029000000000000002,stop
NFLX,2026-03-12,2026-03-12 10:47:00+00:00,6,2,94.50889799999999,-0.0029000000000000002,stop
NFLX,2026-03-12,2026-03-12 11:42:00+00:00,6,2,94.428882,-0.0029000000000000002,stop
NFLX,2026-03-12,2026-03-12 12:29:00+00:00,6,2,94.408878,0.0046,target
NFLX,2026-03-12,2026-03-12 13:00:00+00:00,7,2,94.448886,-0.0029000000000000002,stop
NFLX,2026-03-12,2026-03-12 13:32:00+00:00,6,2,94.938984,-0.0029000000000000002,stop
NFLX,2026-03-12,2026-03-12 13:54:00+00:00,6,2,95.079012,-0.0029000000000000002,stop
NFLX,2026-03-12,2026-03-12 15:24:00+00:00,6,2,94.858968,-0.0029000000000000002,stop
NFLX,2026-03-12,2026-03-12 17:18:00+00:00,6,2,94.64882598,0.0046,target
NFLX,2026-03-12,2026-03-12 17:38:00+00:00,6,2,94.91898,-0.0029000000000000002,stop
NFLX,2026-03-12,2026-03-12 18:04:00+00:00,6,2,94.833963,0.0046,target
NFLX,2026-03-12,2026-03-12 18:37:00+00:00,7,2,94.833963,0.0046,target
NFLX,2026-03-13,2026-03-13 10:36:00+00:00,6,2,94.278852,0.0046,target
NFLX,2026-03-13,2026-03-13 11:10:00+00:00,6,2,94.348866,0.0046,target
NFLX,2026-03-13,2026-03-13 11:33:00+00:00,6,2,94.39887599999999,-0.0029000000000000002,stop
NFLX,2026-03-13,2026-03-13 12:10:00+00:00,6,2,94.39257474,0.0046,target
NFLX,2026-03-13,2026-03-13 12:34:00+00:00,6,2,94.39887599999999,0.0046,target
NFLX,2026-03-13,2026-03-13 12:57:00+00:00,6,2,94.378872,-0.0029000000000000002,stop
NFLX,2026-03-13,2026-03-13 13:17:00+00:00,6,2,94.39157454,-0.0029000000000000002,stop
NFLX,2026-03-13,2026-03-13 13:37:00+00:00,7,2,94.98899399999999,0.0046,target
NFLX,2026-03-13,2026-03-13 13:59:00+00:00,6,2,95.35406699999999,-0.0029000000000000002,stop
NFLX,2026-03-13,2026-03-13 14:21:00+00:00,6,2,95.184033,-0.0029000000000000002,stop
NFLX,2026-03-13,2026-03-13 15:21:00+00:00,6,2,95.034003,-0.0029000000000000002,stop
NFLX,2026-03-13,2026-03-13 19:52:00+00:00,7,2,95.28595338000001,0.0046,target
NFLX,2026-03-13,2026-03-13 20:13:00+00:00,6,2,95.12902199999999,0.0046,target
NFLX,2026-03-13,2026-03-13 20:36:00+00:00,7,2,95.17903199999999,0.0046,target
NFLX,2026-03-13,2026-03-13 21:27:00+00:00,6,2,95.11901999999999,0.0046,target
NFLX,2026-03-13,2026-03-13 22:01:00+00:00,7,2,95.15902799999999,0.0046,target
NFLX,2026-03-13,2026-03-13 22:27:00+00:00,6,2,95.13942408,0.0046,target
NFLX,2026-03-13,2026-03-13 22:48:00+00:00,7,2,95.26905,-0.0029000000000000002,stop
NFLX,2026-03-13,2026-03-13 23:26:00+00:00,6,2,95.11901999999999,0.0046,target
NFLX,2026-03-16,2026-03-16 10:10:00+00:00,7,2,94.98899399999999,0.0046,target
NFLX,2026-03-16,2026-03-16 10:35:00+00:00,6,2,95.20903799999999,-0.0029000000000000002,stop
NFLX,2026-03-16,2026-03-16 11:00:00+00:00,6,2,95.139024,0.0046,target
NFLX,2026-03-16,2026-03-16 11:38:00+00:00,6,2,95.06900999999999,-0.0029000000000000002,stop
NFLX,2026-03-16,2026-03-16 12:10:00+00:00,7,2,95.14822584,0.0046,target
NFLX,2026-03-16,2026-03-16 12:34:00+00:00,8,2,95.51079834,0.0046,target
NFLX,2026-03-16,2026-03-16 12:57:00+00:00,6,2,95.35906800000001,0.0046,target
NFLX,2026-03-16,2026-03-16 13:19:00+00:00,6,2,95.41027824,0.0046,target
NFLX,2026-03-16,2026-03-16 13:56:00+00:00,6,2,95.12902199999999,0.0046,target
NFLX,2026-03-16,2026-03-16 14:27:00+00:00,7,2,95.614119,-0.0029000000000000002,stop
NFLX,2026-03-16,2026-03-16 14:57:00+00:00,6,2,95.484093,-0.0029000000000000002,stop
NFLX,2026-03-16,2026-03-16 15:25:00+00:00,6,2,95.349066,-0.0029000000000000002,stop
NFLX,2026-03-16,2026-03-16 18:15:00+00:00,6,2,95.224041,-0.0029000000000000002,stop
NFLX,2026-03-16,2026-03-16 19:04:00+00:00,6,2,95.294055,0.0046,target
NFLX,2026-03-16,2026-03-16 19:30:00+00:00,8,2,95.394075,-0.0029000000000000002,stop
NFLX,2026-03-16,2026-03-16 19:51:00+00:00,6,2,95.31906,0.0046,target
NFLX,2026-03-16,2026-03-16 20:13:00+00:00,6,2,95.35906800000001,0.0046,target
NFLX,2026-03-17,2026-03-17 11:33:00+00:00,6,2,95.26905,-0.0029000000000000002,stop
NFLX,2026-03-17,2026-03-17 12:14:00+00:00,6,2,95.21904,0.0046,target
NFLX,2026-03-17,2026-03-17 12:39:00+00:00,6,2,95.26905,0.0046,target
NFLX,2026-03-17,2026-03-17 13:07:00+00:00,6,2,95.20903799999999,0.0046,target
NFLX,2026-03-17,2026-03-17 13:28:00+00:00,6,2,95.12902199999999,0.0046,target
NFLX,2026-03-17,2026-03-17 13:49:00+00:00,6,2,96.06921,-0.0029000000000000002,stop
NFLX,2026-03-18,2026-03-18 13:08:00+00:00,6,2,94.89867594,-0.0029000000000000002,stop
NFLX,2026-03-18,2026-03-18 13:39:00+00:00,7,2,94.743945,-0.0029000000000000002,stop
NFLX,2026-03-18,2026-03-18 15:12:00+00:00,7,2,94.41888,0.0046,target
NFLX,2026-03-18,2026-03-18 15:33:00+00:00,8,2,94.828962,0.0046,target
NFLX,2026-03-18,2026-03-18 15:53:00+00:00,6,2,95.00899799999999,0.0046,target
NFLX,2026-03-18,2026-03-18 16:17:00+00:00,6,2,95.184033,-0.0029000000000000002,stop
NFLX,2026-03-18,2026-03-18 16:52:00+00:00,6,2,94.998996,-0.0029000000000000002,stop
NFLX,2026-03-18,2026-03-18 17:24:00+00:00,6,2,94.68393300000001,0.0046,target
NFLX,2026-03-18,2026-03-18 17:45:00+00:00,6,2,94.97899199999999,0.0046,target
NFLX,2026-03-18,2026-03-18 18:05:00+00:00,7,2,95.314059,-0.0029000000000000002,stop
NFLX,2026-03-18,2026-03-18 18:26:00+00:00,6,2,95.029002,0.0046,target
NFLX,2026-03-18,2026-03-18 18:48:00+00:00,6,2,95.059008,0.0046,target
NFLX,2026-03-18,2026-03-18 19:09:00+00:00,6,2,95.21904,-0.0029000000000000002,stop
NFLX,2026-03-18,2026-03-18 19:43:00+00:00,7,2,95.08661352,-0.0029000000000000002,stop
NFLX,2026-03-19,2026-03-19 09:56:00+00:00,7,2,95.01899999999999,0.0046,target
NFLX,2026-03-19,2026-03-19 11:03:00+00:00,6,2,94.89897599999999,-0.0029000000000000002,stop
NFLX,2026-03-19,2026-03-19 13:31:00+00:00,7,2,95.25904799999999,-0.0029000000000000002,stop
NFLX,2026-03-19,2026-03-19 19:02:00+00:00,6,2,91.608318,0.0046,target
NFLX,2026-03-19,2026-03-19 22:44:00+00:00,6,2,92.208438,0.0046,target
NFLX,2026-03-19,2026-03-19 23:10:00+00:00,6,2,92.208438,0.0046,target
NFLX,2026-03-20,2026-03-20 12:05:00+00:00,6,2,91.988394,-0.0029000000000000002,stop
NFLX,2026-03-20,2026-03-20 12:59:00+00:00,7,2,91.628322,-0.0029000000000000002,stop
NFLX,2026-03-20,2026-03-20 13:21:00+00:00,8,2,91.66662966,-0.0029000000000000002,stop
NFLX,2026-03-20,2026-03-20 14:20:00+00:00,6,2,91.343265,-0.0029000000000000002,stop
NFLX,2026-03-20,2026-03-20 14:41:00+00:00,6,2,91.253247,0.0046,target
NFLX,2026-03-20,2026-03-20 15:01:00+00:00,8,2,91.60331699999999,-0.0029000000000000002,stop
NFLX,2026-03-20,2026-03-20 15:24:00+00:00,6,2,91.24824600000001,-0.0029000000000000002,stop
NFLX,2026-03-20,2026-03-20 15:48:00+00:00,6,2,91.24824600000001,0.0046,target
NFLX,2026-03-20,2026-03-20 16:09:00+00:00,7,2,91.378272,-0.0029000000000000002,stop
NFLX,2026-03-20,2026-03-20 16:44:00+00:00,8,2,91.44828600000001,-0.0029000000000000002,stop
NFLX,2026-03-20,2026-03-20 17:12:00+00:00,6,2,91.38327299999999,0.0046,target
NFLX,2026-03-20,2026-03-20 17:34:00+00:00,6,2,91.533303,-0.0029000000000000002,stop
NFLX,2026-03-20,2026-03-20 18:00:00+00:00,6,2,91.55830800000001,-0.0029000000000000002,stop
NFLX,2026-03-20,2026-03-20 18:36:00+00:00,6,2,91.49329499999999,0.0046,target
NFLX,2026-03-20,2026-03-20 18:57:00+00:00,6,2,91.473291,0.0046,target
NFLX,2026-03-20,2026-03-20 19:19:00+00:00,6,2,91.44328499999999,0.0046,target
NFLX,2026-03-20,2026-03-20 19:58:00+00:00,7,2,91.873371,-0.0029000000000000002,stop
NFLX,2026-03-20,2026-03-20 20:24:00+00:00,7,2,91.958388,0.0046,target
NFLX,2026-03-20,2026-03-20 20:48:00+00:00,8,2,92.108418,0.0046,target
NFLX,2026-03-20,2026-03-20 21:14:00+00:00,6,2,92.5185,-0.0029000000000000002,stop
NFLX,2026-03-20,2026-03-20 21:35:00+00:00,6,2,92.14842599999999,0.0046,target
NFLX,2026-03-20,2026-03-20 21:55:00+00:00,8,2,92.178432,0.0046,target
NFLX,2026-03-20,2026-03-20 22:19:00+00:00,7,2,92.46849,0.0046,target
NFLX,2026-03-20,2026-03-20 22:42:00+00:00,7,2,92.33846399999999,0.0046,target
NFLX,2026-03-20,2026-03-20 23:12:00+00:00,7,2,92.46849,0.0046,target
NFLX,2026-03-23,2026-03-23 09:49:00+00:00,6,2,90.89817599999999,0.0046,target
NFLX,2026-03-23,2026-03-23 10:38:00+00:00,6,2,90.78815399999999,-0.0029000000000000002,stop
NFLX,2026-03-23,2026-03-23 11:02:00+00:00,6,2,90.948186,0.0046,target
NFLX,2026-03-23,2026-03-23 11:22:00+00:00,7,2,92.5185,-0.0029000000000000002,stop
NFLX,2026-03-23,2026-03-23 11:43:00+00:00,6,2,92.36846999999999,-0.0029000000000000002,stop
NFLX,2026-03-23,2026-03-23 12:16:00+00:00,6,2,92.0184,0.0046,target
NFLX,2026-03-23,2026-03-23 12:37:00+00:00,6,2,92.158428,0.0046,target
NFLX,2026-03-23,2026-03-23 12:57:00+00:00,6,2,92.308458,-0.0029000000000000002,stop
NFLX,2026-03-23,2026-03-23 13:17:00+00:00,6,2,92.248446,-0.0029000000000000002,stop
NFLX,2026-03-23,2026-03-23 13:40:00+00:00,6,2,92.90857799999999,-0.0029000000000000002,stop
NFLX,2026-03-23,2026-03-23 14:16:00+00:00,6,2,92.633523,0.0046,target
NFLX,2026-03-23,2026-03-23 14:40:00+00:00,6,2,92.95858799999999,0.0046,target
NFLX,2026-03-23,2026-03-23 15:05:00+00:00,6,2,93.398676,-0.0029000000000000002,stop
NFLX,2026-03-23,2026-03-23 15:28:00+00:00,6,2,93.193635,-0.0029000000000000002,stop
NFLX,2026-03-23,2026-03-23 15:50:00+00:00,6,2,93.028602,-0.0029000000000000002,stop
NFLX,2026-03-23,2026-03-23 16:12:00+00:00,7,2,93.21864000000001,-0.0029000000000000002,stop
NFLX,2026-03-23,2026-03-23 16:49:00+00:00,6,2,93.35366699999999,-0.0029000000000000002,stop
NFLX,2026-03-23,2026-03-23 17:26:00+00:00,6,2,93.10361699999999,0.0046,target
NFLX,2026-03-23,2026-03-23 17:48:00+00:00,7,2,93.478692,0.0046,target
NFLX,2026-03-23,2026-03-23 18:11:00+00:00,7,2,93.793755,0.0046,target
NFLX,2026-03-23,2026-03-23 18:31:00+00:00,6,2,93.74374499999999,0.0046,target
NFLX,2026-03-23,2026-03-23 19:01:00+00:00,6,2,93.86877,-0.0029000000000000002,stop
NFLX,2026-03-23,2026-03-23 19:42:00+00:00,6,2,93.763749,-0.0029000000000000002,stop
NFLX,2026-03-23,2026-03-23 20:40:00+00:00,7,2,93.84666557999999,-0.0029000000000000002,stop
NFLX,2026-03-23,2026-03-23 21:53:00+00:00,6,2,93.38867400000001,0.0046,target
NFLX,2026-03-23,2026-03-23 22:37:00+00:00,8,2,93.61431912,0.0046,target
NFLX,2026-03-23,2026-03-23 23:01:00+00:00,6,2,93.738744,0.0046,target
NFLX,2026-03-24,2026-03-24 13:34:00+00:00,7,2,93.328662,-0.0029000000000000002,stop
NFLX,2026-03-24,2026-03-24 15:35:00+00:00,6,2,92.71854,-0.0029000000000000002,stop
NFLX,2026-03-24,2026-03-24 16:25:00+00:00,6,2,92.748546,-0.0029000000000000002,stop
NFLX,2026-03-24,2026-03-24 19:25:00+00:00,6,2,91.703337,-0.0029000000000000002,stop
NFLX,2026-03-25,2026-03-25 11:46:00+00:00,6,2,91.483293,-0.0029000000000000002,stop
NFLX,2026-03-25,2026-03-25 12:12:00+00:00,7,2,91.61331899999999,-0.0029000000000000002,stop
NFLX,2026-03-25,2026-03-25 12:56:00+00:00,6,2,91.5183,0.0046,target
NFLX,2026-03-25,2026-03-25 13:31:00+00:00,8,2,92.25844799999999,-0.0029000000000000002,stop
NFLX,2026-03-25,2026-03-25 13:59:00+00:00,6,2,91.78905414,-0.0029000000000000002,stop
NFLX,2026-03-25,2026-03-25 14:21:00+00:00,7,2,91.96839,0.0046,target
NFLX,2026-03-25,2026-03-25 14:42:00+00:00,6,2,92.12342100000001,0.0046,target
NFLX,2026-03-25,2026-03-25 15:02:00+00:00,6,2,92.313459,-0.0029000000000000002,stop
NFLX,2026-03-25,2026-03-25 16:29:00+00:00,6,2,92.09341500000001,0.0046,target
NFLX,2026-03-25,2026-03-25 16:53:00+00:00,7,2,92.32556142,-0.0029000000000000002,stop
NFLX,2026-03-25,2026-03-25 17:13:00+00:00,6,2,92.283453,0.0046,target
NFLX,2026-03-25,2026-03-25 17:33:00+00:00,6,2,92.21844,0.0046,target
NFLX,2026-03-25,2026-03-25 17:53:00+00:00,7,2,92.298456,0.0046,target
NFLX,2026-03-25,2026-03-25 18:13:00+00:00,6,2,92.393475,-0.0029000000000000002,stop
NFLX,2026-03-25,2026-03-25 18:40:00+00:00,6,2,92.243445,0.0046,target
NFLX,2026-03-25,2026-03-25 19:24:00+00:00,6,2,92.253447,-0.0029000000000000002,stop
NFLX,2026-03-25,2026-03-25 19:48:00+00:00,6,2,92.158428,0.0046,target
NFLX,2026-03-25,2026-03-25 20:25:00+00:00,7,2,92.408478,-0.0029000000000000002,stop
NFLX,2026-03-25,2026-03-25 20:51:00+00:00,6,2,92.41637958000001,0.0046,target
NFLX,2026-03-25,2026-03-25 21:31:00+00:00,6,2,92.378472,0.0046,target
NFLX,2026-03-26,2026-03-26 10:19:00+00:00,6,2,91.988394,0.0046,target
NFLX,2026-03-26,2026-03-26 11:23:00+00:00,7,2,92.0184,0.0046,target
NFLX,2026-03-26,2026-03-26 13:05:00+00:00,6,2,92.038404,-0.0029000000000000002,stop
NFLX,2026-03-26,2026-03-26 13:26:00+00:00,7,2,92.108418,-0.0029000000000000002,stop
NFLX,2026-03-26,2026-03-26 13:48:00+00:00,7,2,92.828562,0.0046,target
NFLX,2026-03-26,2026-03-26 14:10:00+00:00,7,2,93.373671,-0.0029000000000000002,stop
NFLX,2026-03-26,2026-03-26 14:37:00+00:00,7,2,93.293655,-0.0029000000000000002,stop
NFLX,2026-03-26,2026-03-26 14:57:00+00:00,7,2,93.00859799999999,-0.0029000000000000002,stop
NFLX,2026-03-26,2026-03-26 15:43:00+00:00,6,2,92.923581,-0.0029000000000000002,stop
NFLX,2026-03-26,2026-03-26 17:24:00+00:00,6,2,92.843565,0.0046,target
NFLX,2026-03-26,2026-03-26 17:44:00+00:00,6,2,93.26865,-0.0029000000000000002,stop
NFLX,2026-03-26,2026-03-26 18:05:00+00:00,7,2,93.378672,0.0046,target
NFLX,2026-03-26,2026-03-26 18:28:00+00:00,6,2,94.248846,-0.0029000000000000002,stop
NFLX,2026-03-26,2026-03-26 18:52:00+00:00,6,2,94.10381699999999,-0.0029000000000000002,stop
NFLX,2026-03-26,2026-03-26 19:15:00+00:00,6,2,93.86376899999999,-0.0029000000000000002,stop
NFLX,2026-03-26,2026-03-26 19:49:00+00:00,6,2,93.573711,-0.0029000000000000002,stop
NFLX,2026-03-26,2026-03-26 20:36:00+00:00,6,2,93.66873000000001,0.0046,target
NFLX,2026-03-26,2026-03-26 20:57:00+00:00,7,2,93.71874,0.0046,target
NFLX,2026-03-26,2026-03-26 21:24:00+00:00,6,2,93.808758,0.0046,target
NFLX,2026-03-26,2026-03-26 21:46:00+00:00,7,2,93.828762,0.0046,target
NFLX,2026-03-26,2026-03-26 22:11:00+00:00,6,2,93.858768,0.0046,target
NFLX,2026-03-26,2026-03-26 22:33:00+00:00,6,2,93.878772,0.0046,target
NFLX,2026-03-26,2026-03-26 23:05:00+00:00,6,2,93.81876,-0.0029000000000000002,stop
NFLX,2026-03-27,2026-03-27 10:35:00+00:00,7,2,93.26865,-0.0029000000000000002,stop
NFLX,2026-03-27,2026-03-27 11:49:00+00:00,8,2,93.38867400000001,-0.0029000000000000002,stop
NFLX,2026-03-27,2026-03-27 12:13:00+00:00,6,2,93.428682,0.0046,target
NFLX,2026-03-27,2026-03-27 12:34:00+00:00,6,2,94.53890399999999,-0.0029000000000000002,stop
NFLX,2026-03-27,2026-03-27 12:58:00+00:00,6,2,94.39887599999999,-0.0029000000000000002,stop
NFLX,2026-03-27,2026-03-27 13:20:00+00:00,6,2,94.50889799999999,-0.0029000000000000002,stop
NFLX,2026-03-27,2026-03-27 15:34:00+00:00,6,2,93.903777,-0.0029000000000000002,stop
NFLX,2026-03-27,2026-03-27 16:49:00+00:00,6,2,93.738744,-0.0029000000000000002,stop
NFLX,2026-03-27,2026-03-27 19:29:00+00:00,6,2,93.503697,-0.0029000000000000002,stop
NFLX,2026-03-27,2026-03-27 19:59:00+00:00,6,2,93.593715,-0.0029000000000000002,stop
NFLX,2026-03-30,2026-03-30 11:04:00+00:00,6,2,93.21864000000001,0.0046,target
NFLX,2026-03-30,2026-03-30 11:27:00+00:00,7,2,93.61872,-0.0029000000000000002,stop
NFLX,2026-03-30,2026-03-30 11:51:00+00:00,6,2,93.21864000000001,0.0046,target
NFLX,2026-03-30,2026-03-30 13:43:00+00:00,6,2,94.278852,-0.0029000000000000002,stop
NFLX,2026-03-30,2026-03-30 14:03:00+00:00,6,2,93.543705,-0.0029000000000000002,stop
NFLX,2026-03-30,2026-03-30 14:51:00+00:00,6,2,93.41367899999999,0.0046,target
NFLX,2026-03-30,2026-03-30 15:14:00+00:00,6,2,93.74094443999999,0.0046,target
NFLX,2026-03-30,2026-03-30 15:34:00+00:00,7,2,94.19093442,-0.0029000000000000002,stop
NFLX,2026-03-30,2026-03-30 15:54:00+00:00,6,2,94.16883,-0.0029000000000000002,stop
NFLX,2026-03-30,2026-03-30 16:21:00+00:00,6,2,93.813759,-0.0029000000000000002,stop
NFLX,2026-03-31,2026-03-31 11:05:00+00:00,6,2,93.01859999999999,0.0046,target
NFLX,2026-03-31,2026-03-31 11:35:00+00:00,6,2,93.06860999999999,-0.0029000000000000002,stop
NFLX,2026-03-31,2026-03-31 12:03:00+00:00,7,2,92.75654759999999,0.0046,target
NFLX,2026-03-31,2026-03-31 12:29:00+00:00,6,2,93.073611,-0.0029000000000000002,stop
NFLX,2026-03-31,2026-03-31 12:50:00+00:00,7,2,93.058608,-0.0029000000000000002,stop
NFLX,2026-03-31,2026-03-31 13:10:00+00:00,6,2,93.00859799999999,0.0046,target
NFLX,2026-03-31,2026-03-31 13:31:00+00:00,8,2,93.938784,0.0046,target
NFLX,2026-03-31,2026-03-31 13:53:00+00:00,6,2,94.908978,-0.0029000000000000002,stop
NFLX,2026-03-31,2026-03-31 14:24:00+00:00,6,2,94.773951,-0.0029000000000000002,stop
NFLX,2026-03-31,2026-03-31 15:11:00+00:00,7,2,94.71403902,0.0046,target
NFLX,2026-03-31,2026-03-31 15:33:00+00:00,6,2,94.858968,0.0046,target
NFLX,2026-03-31,2026-03-31 16:02:00+00:00,6,2,95.074011,-0.0029000000000000002,stop
NFLX,2026-03-31,2026-03-31 16:24:00+00:00,7,2,94.883973,0.0046,target
NFLX,2026-03-31,2026-03-31 16:46:00+00:00,7,2,95.779152,0.0046,target
NFLX,2026-03-31,2026-03-31 17:06:00+00:00,6,2,95.9676897,-0.0029000000000000002,stop
NFLX,2026-03-31,2026-03-31 17:32:00+00:00,6,2,96.14422499999999,-0.0029000000000000002,stop
NFLX,2026-03-31,2026-03-31 17:55:00+00:00,6,2,95.979192,0.0046,target
NFLX,2026-03-31,2026-03-31 18:15:00+00:00,7,2,96.179232,-0.0029000000000000002,stop
NFLX,2026-03-31,2026-03-31 18:46:00+00:00,6,2,95.80415699999999,-0.0029000000000000002,stop
NFLX,2026-03-31,2026-03-31 19:15:00+00:00,6,2,95.794155,0.0046,target
NFLX,2026-03-31,2026-03-31 19:38:00+00:00,6,2,95.86416899999999,0.0046,target
NFLX,2026-03-31,2026-03-31 19:58:00+00:00,6,2,96.14602536,0.0046,target
NFLX,2026-03-31,2026-03-31 20:25:00+00:00,6,2,96.209238,-0.0029000000000000002,stop
NFLX,2026-03-31,2026-03-31 20:54:00+00:00,6,2,96.179232,0.0046,target
NFLX,2026-03-31,2026-03-31 21:32:00+00:00,6,2,95.98789373999999,0.0046,target
NFLX,2026-03-31,2026-03-31 22:20:00+00:00,6,2,95.99939604,0.0046,target
NFLX,2026-03-31,2026-03-31 23:24:00+00:00,6,2,95.999196,0.0046,target
NFLX,2026-04-01,2026-04-01 10:37:00+00:00,6,2,96.259248,0.0046,target
NFLX,2026-04-01,2026-04-01 11:04:00+00:00,7,2,96.399276,0.0046,target
NFLX,2026-04-01,2026-04-01 11:26:00+00:00,6,2,96.44398493999999,0.0046,target
NFLX,2026-04-01,2026-04-01 11:47:00+00:00,7,2,96.55420697999999,-0.0029000000000000002,stop
NFLX,2026-04-01,2026-04-01 12:07:00+00:00,6,2,96.64992612,-0.0029000000000000002,stop
NFLX,2026-04-01,2026-04-01 12:38:00+00:00,6,2,96.46929,-0.0029000000000000002,stop
NFLX,2026-04-01,2026-04-01 13:31:00+00:00,8,2,97.09941599999999,-0.0029000000000000002,stop
NFLX,2026-04-01,2026-04-01 16:08:00+00:00,6,2,95.26905,0.0046,target
NFLX,2026-04-01,2026-04-01 16:28:00+00:00,6,2,95.444085,0.0046,target
NFLX,2026-04-01,2026-04-01 16:48:00+00:00,6,2,95.69913600000001,0.0046,target
NFLX,2026-04-01,2026-04-01 17:09:00+00:00,6,2,95.814159,0.0046,target
NFLX,2026-04-01,2026-04-01 17:31:00+00:00,6,2,95.80915800000001,0.0046,target
NFLX,2026-04-01,2026-04-01 17:55:00+00:00,8,2,95.91417899999999,-0.0029000000000000002,stop
NFLX,2026-04-01,2026-04-01 18:40:00+00:00,6,2,95.659128,0.0046,target
NFLX,2026-04-01,2026-04-01 19:13:00+00:00,7,2,95.654127,0.0046,target
NFLX,2026-04-01,2026-04-01 19:34:00+00:00,6,2,95.784153,-0.0029000000000000002,stop
NFLX,2026-04-01,2026-04-01 19:58:00+00:00,6,2,95.61912,0.0046,target
NFLX,2026-04-01,2026-04-01 20:41:00+00:00,6,2,95.61912,0.0046,target
NFLX,2026-04-01,2026-04-01 21:16:00+00:00,6,2,95.539104,0.0046,target
NFLX,2026-04-02,2026-04-02 10:34:00+00:00,7,2,94.828962,0.0046,target
NFLX,2026-04-02,2026-04-02 11:03:00+00:00,6,2,94.858968,-0.0029000000000000002,stop
NFLX,2026-04-02,2026-04-02 11:55:00+00:00,6,2,94.82046030000001,-0.0029000000000000002,stop
NFLX,2026-04-02,2026-04-02 12:40:00+00:00,6,2,94.66372896,0.0046,target
NFLX,2026-04-02,2026-04-02 13:12:00+00:00,7,2,94.81335888,-0.0029000000000000002,stop
NFLX,2026-04-02,2026-04-02 13:33:00+00:00,6,2,95.329062,0.0046,target
NFLX,2026-04-02,2026-04-02 14:07:00+00:00,6,2,95.91417899999999,0.0046,target
NFLX,2026-04-02,2026-04-02 14:27:00+00:00,6,2,96.61931999999999,0.0046,target
NFLX,2026-04-02,2026-04-02 14:48:00+00:00,6,2,97.63952400000001,-0.0029000000000000002,stop
NFLX,2026-04-02,2026-04-02 15:08:00+00:00,6,2,97.309458,0.0046,target
NFLX,2026-04-02,2026-04-02 15:32:00+00:00,6,2,97.609518,-0.0029000000000000002,stop
NFLX,2026-04-02,2026-04-02 15:53:00+00:00,6,2,97.63952400000001,-0.0029000000000000002,stop
NFLX,2026-04-02,2026-04-02 16:36:00+00:00,6,2,97.66452899999999,0.0046,target
NFLX,2026-04-02,2026-04-02 16:56:00+00:00,6,2,97.77955200000001,0.0046,target
NFLX,2026-04-02,2026-04-02 17:18:00+00:00,6,2,98.094615,0.0046,target
NFLX,2026-04-02,2026-04-02 17:44:00+00:00,6,2,98.144625,-0.0029000000000000002,stop
NFLX,2026-04-02,2026-04-02 18:22:00+00:00,6,2,97.85946797999999,-0.0029000000000000002,stop
NFLX,2026-04-02,2026-04-02 18:42:00+00:00,6,2,97.77455099999999,-0.0029000000000000002,stop
NFLX,2026-04-02,2026-04-02 19:03:00+00:00,6,2,97.794555,0.0046,target
NFLX,2026-04-02,2026-04-02 19:33:00+00:00,6,2,97.904577,0.0046,target
NFLX,2026-04-02,2026-04-02 19:53:00+00:00,7,2,98.074611,0.0046,target
NFLX,2026-04-02,2026-04-02 20:27:00+00:00,6,2,98.66973,-0.0029000000000000002,stop
NFLX,2026-04-02,2026-04-02 21:00:00+00:00,6,2,98.3066574,0.0046,target
NFLX,2026-04-02,2026-04-02 21:43:00+00:00,6,2,98.36966999999999,0.0046,target
NFLX,2026-04-02,2026-04-02 22:17:00+00:00,7,2,98.31966,0.0046,target
NFLX,2026-04-02,2026-04-02 23:23:00+00:00,7,2,98.22854178,0.0046,target
NFLX,2026-04-06,2026-04-06 09:33:00+00:00,6,2,100.42008,0.0046,target
NFLX,2026-04-06,2026-04-06 09:54:00+00:00,6,2,100.440084,0.0046,target
NFLX,2026-04-06,2026-04-06 10:14:00+00:00,6,2,100.59011399999999,-0.0029000000000000002,stop
NFLX,2026-04-06,2026-04-06 10:39:00+00:00,6,2,100.5201,-0.0029000000000000002,stop
NFLX,2026-04-06,2026-04-06 11:23:00+00:00,6,2,100.240044,0.0046,target
NFLX,2026-04-06,2026-04-06 11:51:00+00:00,7,2,100.430082,-0.0029000000000000002,stop
NFLX,2026-04-06,2026-04-06 12:12:00+00:00,6,2,100.48529303999999,0.0046,target
NFLX,2026-04-06,2026-04-06 12:38:00+00:00,6,2,100.640124,-0.0029000000000000002,stop
NFLX,2026-04-06,2026-04-06 13:05:00+00:00,7,2,100.430082,-0.0029000000000000002,stop
NFLX,2026-04-06,2026-04-06 13:28:00+00:00,6,2,100.57011,0.0046,target
NFLX,2026-04-06,2026-04-06 17:04:00+00:00,6,2,98.849766,0.0046,target
NFLX,2026-04-06,2026-04-06 22:22:00+00:00,6,2,98.87117028,-0.0029000000000000002,stop
NFLX,2026-04-07,2026-04-07 10:16:00+00:00,6,2,98.66973,-0.0029000000000000002,stop
NFLX,2026-04-07,2026-04-07 11:23:00+00:00,7,2,98.709738,-0.0029000000000000002,stop
NFLX,2026-04-07,2026-04-07 11:50:00+00:00,6,2,98.579712,-0.0029000000000000002,stop
NFLX,2026-04-07,2026-04-07 12:22:00+00:00,7,2,98.699736,0.0046,target
NFLX,2026-04-07,2026-04-07 12:43:00+00:00,6,2,98.699736,-0.0029000000000000002,stop
NFLX,2026-04-07,2026-04-07 13:27:00+00:00,6,2,98.879772,-0.0029000000000000002,stop
NFLX,2026-04-07,2026-04-07 13:50:00+00:00,9,2,99.47989199999999,-0.0029000000000000002,stop
NFLX,2026-04-07,2026-04-07 14:34:00+00:00,6,2,99.134823,-0.0029000000000000002,stop
NFLX,2026-04-07,2026-04-07 15:24:00+00:00,6,2,98.939784,0.0046,target
NFLX,2026-04-07,2026-04-07 15:59:00+00:00,7,2,99.094815,0.0046,target
NFLX,2026-04-07,2026-04-07 20:03:00+00:00,7,2,98.999796,0.0046,target
NFLX,2026-04-07,2026-04-07 20:23:00+00:00,6,2,98.9927946,0.0046,target
NFLX,2026-04-07,2026-04-07 20:51:00+00:00,6,2,99.09981599999999,0.0046,target
NFLX,2026-04-07,2026-04-07 21:12:00+00:00,6,2,99.059808,0.0046,target
NFLX,2026-04-07,2026-04-07 21:42:00+00:00,7,2,99.14982599999999,0.0046,target
NFLX,2026-04-07,2026-04-07 22:07:00+00:00,7,2,99.7939548,-0.0029000000000000002,stop
NFLX,2026-04-07,2026-04-07 22:30:00+00:00,6,2,99.62862174,-0.0029000000000000002,stop
NFLX,2026-04-07,2026-04-07 22:50:00+00:00,6,2,99.89947589999998,0.0046,target
NFLX,2026-04-07,2026-04-07 23:12:00+00:00,6,2,100.35996798,0.0046,target
NFLX,2026-04-08,2026-04-08 10:36:00+00:00,7,2,100.73014199999999,-0.0029000000000000002,stop
NFLX,2026-04-08,2026-04-08 11:16:00+00:00,6,2,100.580112,0.0046,target
NFLX,2026-04-08,2026-04-08 12:07:00+00:00,7,2,100.77225041999999,-0.0029000000000000002,stop
NFLX,2026-04-08,2026-04-08 13:56:00+00:00,6,2,98.854767,0.0046,target
NFLX,2026-04-08,2026-04-08 14:16:00+00:00,7,2,99.034803,0.0046,target
NFLX,2026-04-08,2026-04-08 14:37:00+00:00,6,2,99.324861,0.0046,target
NFLX,2026-04-08,2026-04-08 14:58:00+00:00,6,2,99.449886,0.0046,target
NFLX,2026-04-08,2026-04-08 15:23:00+00:00,6,2,99.524901,-0.0029000000000000002,stop
NFLX,2026-04-08,2026-04-08 15:51:00+00:00,6,2,99.194835,0.0046,target
NFLX,2026-04-08,2026-04-08 16:20:00+00:00,6,2,99.314859,0.0046,target
NFLX,2026-04-08,2026-04-08 16:41:00+00:00,8,2,99.414879,0.0046,target
NFLX,2026-04-08,2026-04-08 17:01:00+00:00,6,2,99.49489499999999,-0.0029000000000000002,stop
NFLX,2026-04-08,2026-04-08 17:31:00+00:00,6,2,99.104817,0.0046,target
NFLX,2026-04-08,2026-04-08 18:12:00+00:00,6,2,99.254847,0.0046,target
NFLX,2026-04-08,2026-04-08 18:51:00+00:00,6,2,99.054807,-0.0029000000000000002,stop
NFLX,2026-04-08,2026-04-08 19:20:00+00:00,6,2,99.059808,0.0046,target
NFLX,2026-04-08,2026-04-08 19:40:00+00:00,7,2,99.304857,-0.0029000000000000002,stop
NFLX,2026-04-08,2026-04-08 20:00:00+00:00,8,2,99.499896,-0.0029000000000000002,stop
NFLX,2026-04-08,2026-04-08 21:14:00+00:00,8,2,99.309858,0.0046,target
NFLX,2026-04-08,2026-04-08 21:51:00+00:00,7,2,99.26984999999999,0.0046,target
NFLX,2026-04-08,2026-04-08 22:41:00+00:00,7,2,99.3003561,0.0046,target
NFLX,2026-04-09,2026-04-09 10:34:00+00:00,6,2,99.899976,-0.0029000000000000002,stop
NFLX,2026-04-09,2026-04-09 12:05:00+00:00,6,2,99.629922,-0.0029000000000000002,stop
NFLX,2026-04-09,2026-04-09 13:26:00+00:00,6,2,99.63992400000001,0.0046,target
NFLX,2026-04-09,2026-04-09 14:39:00+00:00,6,2,99.69993600000001,0.0046,target
NFLX,2026-04-09,2026-04-09 14:59:00+00:00,6,2,99.80995800000001,0.0046,target
NFLX,2026-04-09,2026-04-09 15:19:00+00:00,7,2,100.375071,0.0046,target
NFLX,2026-04-09,2026-04-09 15:46:00+00:00,7,2,100.895175,0.0046,target
NFLX,2026-04-09,2026-04-09 16:07:00+00:00,6,2,101.140224,0.0046,target
NFLX,2026-04-09,2026-04-09 16:30:00+00:00,6,2,101.2112382,0.0046,target
NFLX,2026-04-09,2026-04-09 16:51:00+00:00,6,2,101.38537302,0.0046,target
NFLX,2026-04-09,2026-04-09 17:12:00+00:00,7,2,101.85536699999999,-0.0029000000000000002,stop
NFLX,2026-04-09,2026-04-09 17:32:00+00:00,6,2,101.7373434,0.0046,target
NFLX,2026-04-09,2026-04-09 17:53:00+00:00,6,2,102.040404,-0.0029000000000000002,stop
NFLX,2026-04-09,2026-04-09 18:21:00+00:00,7,2,101.9178795,0.0046,target
NFLX,2026-04-09,2026-04-09 18:42:00+00:00,6,2,102.21543899999999,0.0046,target
NFLX,2026-04-09,2026-04-09 19:04:00+00:00,6,2,102.27545099999999,-0.0029000000000000002,stop
NFLX,2026-04-09,2026-04-09 19:24:00+00:00,6,2,102.27045,-0.0029000000000000002,stop
NFLX,2026-04-09,2026-04-09 19:47:00+00:00,7,2,102.255447,-0.0029000000000000002,stop
NFLX,2026-04-09,2026-04-09 20:27:00+00:00,6,2,102.090414,0.0046,target
NFLX,2026-04-09,2026-04-09 20:47:00+00:00,7,2,102.07041,0.0046,target
NFLX,2026-04-09,2026-04-09 21:10:00+00:00,7,2,102.11911973999999,0.0046,target
NFLX,2026-04-09,2026-04-09 22:06:00+00:00,7,2,102.02050002,0.0046,target
NFLX,2026-04-10,2026-04-10 10:26:00+00:00,6,2,102.05710733999999,0.0046,target
NFLX,2026-04-10,2026-04-10 11:05:00+00:00,6,2,102.230442,0.0046,target
NFLX,2026-04-10,2026-04-10 11:28:00+00:00,6,2,102.150426,0.0046,target
NFLX,2026-04-10,2026-04-10 12:14:00+00:00,6,2,102.18883368,0.0046,target
NFLX,2026-04-10,2026-04-10 12:45:00+00:00,6,2,102.23734338,0.0046,target
NFLX,2026-04-10,2026-04-10 13:08:00+00:00,6,2,102.330462,0.0046,target
NFLX,2026-04-10,2026-04-10 13:28:00+00:00,6,2,102.42048,0.0046,target
NFLX,2026-04-10,2026-04-10 15:32:00+00:00,7,2,101.990394,-0.0029000000000000002,stop
NFLX,2026-04-10,2026-04-10 16:11:00+00:00,7,2,102.015399,0.0046,target
NFLX,2026-04-10,2026-04-10 16:32:00+00:00,6,2,102.095415,-0.0029000000000000002,stop
NFLX,2026-04-10,2026-04-10 17:00:00+00:00,6,2,102.260448,0.0046,target
NFLX,2026-04-10,2026-04-10 17:23:00+00:00,7,2,102.315459,-0.0029000000000000002,stop
NFLX,2026-04-10,2026-04-10 17:53:00+00:00,6,2,102.265449,0.0046,target
NFLX,2026-04-10,2026-04-10 18:13:00+00:00,8,2,102.47049,0.0046,target
NFLX,2026-04-10,2026-04-10 18:33:00+00:00,6,2,102.545505,0.0046,target
NFLX,2026-04-10,2026-04-10 18:53:00+00:00,6,2,102.49709532,-0.0029000000000000002,stop
NFLX,2026-04-10,2026-04-10 19:24:00+00:00,6,2,102.41547899999999,0.0046,target
NFLX,2026-04-10,2026-04-10 19:44:00+00:00,8,2,102.775551,0.0046,target
NFLX,2026-04-10,2026-04-10 20:09:00+00:00,6,2,103.030602,0.0046,target
NFLX,2026-04-10,2026-04-10 20:36:00+00:00,6,2,103.03380263999999,0.0046,target
NFLX,2026-04-10,2026-04-10 20:59:00+00:00,8,2,103.09061399999999,0.0046,target
NFLX,2026-04-10,2026-04-10 21:57:00+00:00,6,2,102.9690897,0.0046,target
NFLX,2026-04-10,2026-04-10 22:27:00+00:00,6,2,102.930582,0.0046,target
NFLX,2026-04-10,2026-04-10 22:49:00+00:00,8,2,102.990594,0.0046,target
NFLX,2026-04-10,2026-04-10 23:22:00+00:00,6,2,102.950586,0.0046,target
NFLX,2026-04-13,2026-04-13 10:46:00+00:00,7,2,102.77055,0.0046,target
NFLX,2026-04-13,2026-04-13 11:09:00+00:00,6,2,103.240644,0.0046,target
NFLX,2026-04-13,2026-04-13 11:43:00+00:00,7,2,103.440684,0.0046,target
NFLX,2026-04-13,2026-04-13 12:20:00+00:00,8,2,103.850766,-0.0029000000000000002,stop
NFLX,2026-04-13,2026-04-13 12:44:00+00:00,6,2,103.46068799999999,-0.0029000000000000002,stop
NFLX,2026-04-13,2026-04-13 13:04:00+00:00,6,2,103.36956977999999,-0.0029000000000000002,stop
NFLX,2026-04-13,2026-04-13 14:00:00+00:00,6,2,102.930582,-0.0029000000000000002,stop
NFLX,2026-04-13,2026-04-13 14:40:00+00:00,6,2,102.895575,-0.0029000000000000002,stop
NFLX,2026-04-13,2026-04-13 15:15:00+00:00,6,2,102.86296847999999,0.0046,target
NFLX,2026-04-13,2026-04-13 15:36:00+00:00,6,2,102.855567,0.0046,target
NFLX,2026-04-13,2026-04-13 16:00:00+00:00,6,2,103.04560500000001,0.0046,target
NFLX,2026-04-13,2026-04-13 16:24:00+00:00,6,2,103.445685,0.0046,target
NFLX,2026-04-13,2026-04-13 16:44:00+00:00,6,2,103.500696,0.0046,target
NFLX,2026-04-13,2026-04-13 17:16:00+00:00,7,2,103.535703,0.0046,target
NFLX,2026-04-13,2026-04-13 17:40:00+00:00,6,2,103.525701,0.0046,target
NFLX,2026-04-13,2026-04-13 18:26:00+00:00,6,2,103.330662,0.0046,target
NFLX,2026-04-13,2026-04-13 18:52:00+00:00,6,2,103.455687,0.0046,target
NFLX,2026-04-13,2026-04-13 19:13:00+00:00,6,2,103.405677,0.0046,target
NFLX,2026-04-13,2026-04-13 19:35:00+00:00,6,2,103.48069199999999,-0.0029000000000000002,stop
NFLX,2026-04-13,2026-04-13 20:11:00+00:00,6,2,103.19133414,0.0046,target
NFLX,2026-04-13,2026-04-13 20:34:00+00:00,6,2,103.250646,0.0046,target
NFLX,2026-04-13,2026-04-13 21:27:00+00:00,6,2,103.21063799999999,0.0046,target
NFLX,2026-04-13,2026-04-13 21:53:00+00:00,6,2,103.21063799999999,0.0046,target
NFLX,2026-04-13,2026-04-13 22:13:00+00:00,6,2,103.23064199999999,0.0046,target
NFLX,2026-04-13,2026-04-13 23:08:00+00:00,7,2,103.190634,0.0046,target
NFLX,2026-04-14,2026-04-14 11:08:00+00:00,6,2,102.90967782,0.0046,target
NFLX,2026-04-14,2026-04-14 11:28:00+00:00,6,2,103.01059799999999,0.0046,target
NFLX,2026-04-14,2026-04-14 12:39:00+00:00,7,2,103.030602,0.0046,target
NFLX,2026-04-14,2026-04-14 12:59:00+00:00,7,2,103.16982983999999,-0.0029000000000000002,stop
NFLX,2026-04-14,2026-04-14 13:24:00+00:00,6,2,103.12061999999999,0.0046,target
NFLX,2026-04-14,2026-04-14 13:44:00+00:00,6,2,103.95078600000001,0.0046,target
NFLX,2026-04-14,2026-04-14 14:08:00+00:00,6,2,104.63482278,0.0046,target
NFLX,2026-04-14,2026-04-14 14:36:00+00:00,8,2,105.136023,-0.0029000000000000002,stop
NFLX,2026-04-14,2026-04-14 15:03:00+00:00,6,2,105.111018,0.0046,target
NFLX,2026-04-14,2026-04-14 15:23:00+00:00,6,2,105.22104,0.0046,target
NFLX,2026-04-14,2026-04-14 15:46:00+00:00,6,2,105.71613899999998,0.0046,target
NFLX,2026-04-14,2026-04-14 16:08:00+00:00,7,2,105.82115999999999,0.0046,target
NFLX,2026-04-14,2026-04-14 16:28:00+00:00,7,2,106.13622299999999,0.0046,target
NFLX,2026-04-14,2026-04-14 16:48:00+00:00,6,2,106.211238,0.0046,target
NFLX,2026-04-14,2026-04-14 17:08:00+00:00,8,2,106.266249,0.0046,target
NFLX,2026-04-14,2026-04-14 17:28:00+00:00,6,2,106.44628499999999,0.0046,target
NFLX,2026-04-14,2026-04-14 17:49:00+00:00,6,2,106.536303,-0.0029000000000000002,stop
NFLX,2026-04-14,2026-04-14 18:26:00+00:00,6,2,105.861168,0.0046,target
NFLX,2026-04-14,2026-04-14 18:48:00+00:00,6,2,105.826161,0.0046,target
NFLX,2026-04-14,2026-04-14 19:11:00+00:00,6,2,106.081212,0.0046,target
NFLX,2026-04-14,2026-04-14 19:31:00+00:00,6,2,106.156227,0.0046,target
NFLX,2026-04-14,2026-04-14 19:51:00+00:00,6,2,106.366269,-0.0029000000000000002,stop
NFLX,2026-04-14,2026-04-14 20:32:00+00:00,6,2,106.07121,0.0046,target
NFLX,2026-04-14,2026-04-14 21:00:00+00:00,6,2,106.12111998,0.0046,target
NFLX,2026-04-14,2026-04-14 21:49:00+00:00,6,2,106.131222,0.0046,target
NFLX,2026-04-14,2026-04-14 22:14:00+00:00,6,2,106.151226,0.0046,target
NFLX,2026-04-14,2026-04-14 22:37:00+00:00,6,2,106.291254,0.0046,target
NFLX,2026-04-14,2026-04-14 23:00:00+00:00,6,2,106.28125200000001,0.0046,target
NFLX,2026-04-14,2026-04-14 23:20:00+00:00,7,2,106.261248,0.0046,target
NFLX,2026-04-15,2026-04-15 10:55:00+00:00,6,2,106.291254,0.0046,target
NFLX,2026-04-15,2026-04-15 11:17:00+00:00,7,2,106.42128000000001,0.0046,target
NFLX,2026-04-15,2026-04-15 11:42:00+00:00,6,2,106.36016778,0.0046,target
NFLX,2026-04-15,2026-04-15 12:20:00+00:00,6,2,106.361268,0.0046,target
NFLX,2026-04-15,2026-04-15 12:47:00+00:00,8,2,106.47129,0.0046,target
NFLX,2026-04-15,2026-04-15 13:14:00+00:00,6,2,106.341264,-0.0029000000000000002,stop
NFLX,2026-04-15,2026-04-15 13:55:00+00:00,6,2,106.151226,-0.0029000000000000002,stop
NFLX,2026-04-15,2026-04-15 14:33:00+00:00,6,2,106.066209,-0.0029000000000000002,stop
NFLX,2026-04-15,2026-04-15 15:21:00+00:00,7,2,106.02620099999999,-0.0029000000000000002,stop
NFLX,2026-04-15,2026-04-15 15:42:00+00:00,6,2,106.03120200000001,0.0046,target
NFLX,2026-04-15,2026-04-15 16:04:00+00:00,7,2,106.1677293,0.0046,target
NFLX,2026-04-15,2026-04-15 16:24:00+00:00,6,2,106.236243,0.0046,target
NFLX,2026-04-15,2026-04-15 16:44:00+00:00,7,2,106.456287,0.0046,target
NFLX,2026-04-15,2026-04-15 17:04:00+00:00,7,2,106.631322,-0.0029000000000000002,stop
NFLX,2026-04-15,2026-04-15 17:25:00+00:00,6,2,106.57131,0.0046,target
NFLX,2026-04-15,2026-04-15 17:46:00+00:00,7,2,106.78635299999999,0.0046,target
NFLX,2026-04-15,2026-04-15 18:07:00+00:00,7,2,106.641324,0.0046,target
NFLX,2026-04-15,2026-04-15 18:29:00+00:00,6,2,106.751346,0.0046,target
NFLX,2026-04-15,2026-04-15 18:54:00+00:00,6,2,107.08701312,0.0046,target
NFLX,2026-04-15,2026-04-15 19:14:00+00:00,6,2,107.141424,0.0046,target
NFLX,2026-04-15,2026-04-15 19:39:00+00:00,7,2,107.50899749999999,-0.0029000000000000002,stop
NFLX,2026-04-15,2026-04-15 20:00:00+00:00,6,2,107.68153199999999,0.0046,target
NFLX,2026-04-15,2026-04-15 20:26:00+00:00,6,2,107.941584,-0.0029000000000000002,stop
NFLX,2026-04-15,2026-04-15 20:46:00+00:00,6,2,107.78175204,0.0046,target
NFLX,2026-04-15,2026-04-15 21:27:00+00:00,7,2,107.941584,0.0046,target
NFLX,2026-04-15,2026-04-15 21:48:00+00:00,6,2,107.92158,0.0046,target
NFLX,2026-04-15,2026-04-15 22:10:00+00:00,6,2,107.88677304,0.0046,target
NFLX,2026-04-15,2026-04-15 22:30:00+00:00,7,2,107.91157799999999,0.0046,target
NFLX,2026-04-15,2026-04-15 22:52:00+00:00,6,2,107.941584,0.0046,target
NFLX,2026-04-15,2026-04-15 23:28:00+00:00,6,2,107.951586,0.0046,target
NFLX,2026-04-16,2026-04-16 10:53:00+00:00,6,2,107.531502,0.0046,target
NFLX,2026-04-16,2026-04-16 11:13:00+00:00,6,2,107.631522,0.0046,target
NFLX,2026-04-16,2026-04-16 11:36:00+00:00,6,2,107.64512472,0.0046,target
NFLX,2026-04-16,2026-04-16 12:02:00+00:00,6,2,107.74154399999999,0.0046,target
NFLX,2026-04-16,2026-04-16 13:02:00+00:00,6,2,107.67153,-0.0029000000000000002,stop
NFLX,2026-04-16,2026-04-16 13:33:00+00:00,6,2,108.01159799999999,-0.0029000000000000002,stop
NFLX,2026-04-16,2026-04-16 13:55:00+00:00,6,2,107.506497,-0.0029000000000000002,stop
NFLX,2026-04-16,2026-04-16 14:16:00+00:00,7,2,107.636523,-0.0029000000000000002,stop
NFLX,2026-04-16,2026-04-16 14:36:00+00:00,8,2,107.91137796,0.0046,target
NFLX,2026-04-16,2026-04-16 15:00:00+00:00,6,2,107.97159,0.0046,target
NFLX,2026-04-16,2026-04-16 15:21:00+00:00,6,2,108.41667899999999,-0.0029000000000000002,stop
NFLX,2026-04-16,2026-04-16 15:42:00+00:00,7,2,108.441684,0.0046,target
NFLX,2026-04-16,2026-04-16 16:12:00+00:00,7,2,108.83676299999999,-0.0029000000000000002,stop
NFLX,2026-04-16,2026-04-16 16:54:00+00:00,6,2,108.22164,-0.0029000000000000002,stop
NFLX,2026-04-16,2026-04-16 17:40:00+00:00,6,2,108.13662299999999,0.0046,target
NFLX,2026-04-16,2026-04-16 18:43:00+00:00,6,2,108.196635,-0.0029000000000000002,stop
NFLX,2026-04-16,2026-04-16 19:08:00+00:00,7,2,108.27665099999999,-0.0029000000000000002,stop
NFLX,2026-04-16,2026-04-16 19:28:00+00:00,6,2,108.166629,-0.0029000000000000002,stop
NFLX,2026-04-17,2026-04-17 12:14:00+00:00,7,2,96.99029417999999,-0.0029000000000000002,stop
NFLX,2026-04-17,2026-04-17 12:43:00+00:00,6,2,97.5195,0.0046,target
NFLX,2026-04-17,2026-04-17 13:16:00+00:00,6,2,97.909578,-0.0029000000000000002,stop
NFLX,2026-04-17,2026-04-17 13:56:00+00:00,6,2,97.37947199999999,0.0046,target
NFLX,2026-04-17,2026-04-17 14:16:00+00:00,6,2,97.60451699999999,-0.0029000000000000002,stop
NFLX,2026-04-17,2026-04-17 14:36:00+00:00,6,2,97.7275416,0.0046,target
NFLX,2026-04-17,2026-04-17 14:56:00+00:00,6,2,98.294655,-0.0029000000000000002,stop
NFLX,2026-04-17,2026-04-17 15:46:00+00:00,6,2,97.234443,0.0046,target
NFLX,2026-04-17,2026-04-17 16:08:00+00:00,6,2,98.08591326,0.0046,target
NFLX,2026-04-17,2026-04-17 16:28:00+00:00,7,2,98.31545916,-0.0029000000000000002,stop
NFLX,2026-04-17,2026-04-17 18:35:00+00:00,6,2,97.204437,-0.0029000000000000002,stop
NFLX,2026-04-17,2026-04-17 19:30:00+00:00,6,2,97.28945399999999,0.0046,target
NFLX,2026-04-17,2026-04-17 19:54:00+00:00,6,2,97.31945999999999,-0.0029000000000000002,stop
NFLX,2026-04-17,2026-04-17 20:28:00+00:00,6,2,97.279452,0.0046,target
NFLX,2026-04-17,2026-04-17 20:48:00+00:00,6,2,97.249446,0.0046,target
NFLX,2026-04-17,2026-04-17 21:15:00+00:00,8,2,97.309458,0.0046,target
NFLX,2026-04-17,2026-04-17 22:02:00+00:00,6,2,97.28945399999999,0.0046,target
NFLX,2026-04-17,2026-04-17 22:23:00+00:00,7,2,97.31945999999999,0.0046,target
NFLX,2026-04-17,2026-04-17 22:43:00+00:00,6,2,97.31935997999999,0.0046,target
NFLX,2026-04-17,2026-04-17 23:04:00+00:00,6,2,97.27925196,0.0046,target
NFLX,2026-04-20,2026-04-20 09:31:00+00:00,6,2,97.839564,0.0046,target
NFLX,2026-04-20,2026-04-20 10:08:00+00:00,7,2,97.709538,-0.0029000000000000002,stop
NFLX,2026-04-20,2026-04-20 11:44:00+00:00,8,2,97.41948000000001,-0.0029000000000000002,stop
NFLX,2026-04-20,2026-04-20 13:03:00+00:00,6,2,97.39947599999999,-0.0029000000000000002,stop
NFLX,2026-04-20,2026-04-20 13:26:00+00:00,6,2,97.489494,-0.0029000000000000002,stop
NFLX,2026-04-20,2026-04-20 19:12:00+00:00,6,2,94.713939,0.0046,target
NFLX,2026-04-20,2026-04-20 19:48:00+00:00,6,2,94.778952,-0.0029000000000000002,stop
NFLX,2026-04-20,2026-04-20 23:16:00+00:00,6,2,94.75024626,0.0046,target
NFLX,2026-04-21,2026-04-21 09:23:00+00:00,6,2,95.379072,0.0046,target
NFLX,2026-04-21,2026-04-21 10:03:00+00:00,6,2,95.289054,0.0046,target
NFLX,2026-04-21,2026-04-21 10:52:00+00:00,6,2,95.23904399999999,-0.0029000000000000002,stop
NFLX,2026-04-21,2026-04-21 11:49:00+00:00,9,2,95.15902799999999,0.0046,target
NFLX,2026-04-21,2026-04-21 13:42:00+00:00,6,2,94.40387700000001,-0.0029000000000000002,stop
NFLX,2026-04-21,2026-04-21 14:15:00+00:00,6,2,94.208838,-0.0029000000000000002,stop
NFLX,2026-04-21,2026-04-21 23:12:00+00:00,6,2,92.938584,0.0046,target
NFLX,2026-04-22,2026-04-22 09:29:00+00:00,6,2,93.23854397999999,0.0046,target
NFLX,2026-04-22,2026-04-22 09:52:00+00:00,6,2,93.19863600000001,0.0046,target
NFLX,2026-04-22,2026-04-22 10:41:00+00:00,6,2,93.19863600000001,-0.0029000000000000002,stop
NFLX,2026-04-22,2026-04-22 11:54:00+00:00,6,2,93.108618,0.0046,target
NFLX,2026-04-22,2026-04-22 12:18:00+00:00,6,2,93.148626,0.0046,target
NFLX,2026-04-22,2026-04-22 13:27:00+00:00,7,2,93.21864000000001,-0.0029000000000000002,stop
NFLX,2026-04-22,2026-04-22 13:49:00+00:00,6,2,93.74374499999999,-0.0029000000000000002,stop
NFLX,2026-04-22,2026-04-22 14:13:00+00:00,6,2,93.55370699999999,0.0046,target
NFLX,2026-04-22,2026-04-22 14:33:00+00:00,6,2,93.593715,-0.0029000000000000002,stop
NFLX,2026-04-22,2026-04-22 17:31:00+00:00,6,2,93.253647,0.0046,target
NFLX,2026-04-22,2026-04-22 18:51:00+00:00,6,2,93.27855198,0.0046,target
NFLX,2026-04-22,2026-04-22 19:51:00+00:00,6,2,93.38877401999999,-0.0029000000000000002,stop
NFLX,2026-04-23,2026-04-23 10:02:00+00:00,7,2,92.97859199999999,0.0046,target
NFLX,2026-04-23,2026-04-23 10:22:00+00:00,6,2,94.3693701,0.0046,target
NFLX,2026-04-23,2026-04-23 10:54:00+00:00,6,2,94.53890399999999,-0.0029000000000000002,stop
NFLX,2026-04-23,2026-04-23 11:33:00+00:00,6,2,94.328862,0.0046,target
NFLX,2026-04-23,2026-04-23 11:53:00+00:00,6,2,94.458888,0.0046,target
NFLX,2026-04-23,2026-04-23 12:20:00+00:00,6,2,94.50889799999999,0.0046,target
NFLX,2026-04-23,2026-04-23 12:40:00+00:00,6,2,94.448886,0.0046,target
NFLX,2026-04-23,2026-04-23 13:10:00+00:00,6,2,94.59881598,-0.0029000000000000002,stop
NFLX,2026-04-23,2026-04-23 15:01:00+00:00,6,2,93.708738,-0.0029000000000000002,stop
NFLX,2026-04-23,2026-04-23 21:35:00+00:00,6,2,92.498496,0.0046,target
NFLX,2026-04-23,2026-04-23 22:20:00+00:00,6,2,92.76855,0.0046,target
NFLX,2026-04-24,2026-04-24 10:17:00+00:00,6,2,92.89857599999999,0.0046,target
NFLX,2026-04-24,2026-04-24 11:18:00+00:00,6,2,92.888574,0.0046,target
NFLX,2026-04-24,2026-04-24 11:39:00+00:00,6,2,92.858568,-0.0029000000000000002,stop
NFLX,2026-04-24,2026-04-24 13:09:00+00:00,6,2,92.6175198,-0.0029000000000000002,stop
NFLX,2026-04-24,2026-04-24 13:55:00+00:00,6,2,93.10361699999999,-0.0029000000000000002,stop
NFLX,2026-04-24,2026-04-24 17:25:00+00:00,6,2,92.343465,0.0046,target
NFLX,2026-04-24,2026-04-24 17:48:00+00:00,6,2,92.533503,0.0046,target
NFLX,2026-04-24,2026-04-24 18:09:00+00:00,6,2,92.46849,0.0046,target
NFLX,2026-04-24,2026-04-24 19:08:00+00:00,6,2,92.503497,0.0046,target
NFLX,2026-04-24,2026-04-24 19:33:00+00:00,6,2,92.52840198,-0.0029000000000000002,stop
NFLX,2026-04-24,2026-04-24 19:53:00+00:00,6,2,92.528502,-0.0029000000000000002,stop
NFLX,2026-04-24,2026-04-24 22:56:00+00:00,7,2,92.308458,0.0046,target
NFLX,2026-04-24,2026-04-24 23:25:00+00:00,6,2,92.29615554,0.0046,target
NFLX,2026-04-27,2026-04-27 10:46:00+00:00,6,2,92.408478,-0.0029000000000000002,stop
NFLX,2026-04-27,2026-04-27 12:58:00+00:00,6,2,92.198436,-0.0029000000000000002,stop
NFLX,2026-04-27,2026-04-27 13:45:00+00:00,6,2,92.14842599999999,-0.0029000000000000002,stop
NFLX,2026-04-27,2026-04-27 14:14:00+00:00,6,2,92.143425,0.0046,target
NFLX,2026-04-27,2026-04-27 14:39:00+00:00,6,2,92.513499,0.0046,target
NFLX,2026-04-27,2026-04-27 15:03:00+00:00,6,2,92.748546,-0.0029000000000000002,stop
NFLX,2026-04-27,2026-04-27 15:23:00+00:00,7,2,92.703537,-0.0029000000000000002,stop
NFLX,2026-04-27,2026-04-27 16:13:00+00:00,6,2,92.363469,-0.0029000000000000002,stop
NFLX,2026-04-27,2026-04-27 22:31:00+00:00,6,2,91.5183,0.0046,target
NFLX,2026-04-28,2026-04-28 09:37:00+00:00,6,2,91.71834,0.0046,target
NFLX,2026-04-28,2026-04-28 09:57:00+00:00,7,2,91.83836399999998,0.0046,target
NFLX,2026-04-28,2026-04-28 10:35:00+00:00,6,2,91.808358,-0.0029000000000000002,stop
NFLX,2026-04-28,2026-04-28 11:24:00+00:00,7,2,91.598316,0.0046,target
NFLX,2026-04-28,2026-04-28 11:47:00+00:00,7,2,91.848366,0.0046,target
NFLX,2026-04-28,2026-04-28 12:13:00+00:00,6,2,91.81836,0.0046,target
NFLX,2026-04-28,2026-04-28 12:40:00+00:00,7,2,91.908378,0.0046,target
NFLX,2026-04-28,2026-04-28 13:02:00+00:00,6,2,91.988394,-0.0029000000000000002,stop
NFLX,2026-04-28,2026-04-28 13:26:00+00:00,6,2,91.86616956,-0.0029000000000000002,stop
NFLX,2026-04-28,2026-04-28 14:13:00+00:00,6,2,90.84786594,0.0046,target
NFLX,2026-04-28,2026-04-28 14:41:00+00:00,6,2,90.903177,0.0046,target
NFLX,2026-04-28,2026-04-28 15:04:00+00:00,6,2,90.96829002,-0.0029000000000000002,stop
NFLX,2026-04-28,2026-04-28 17:12:00+00:00,8,2,90.763149,0.0046,target
NFLX,2026-04-28,2026-04-28 17:33:00+00:00,6,2,90.948186,0.0046,target
NFLX,2026-04-28,2026-04-28 17:54:00+00:00,6,2,90.833163,0.0046,target
NFLX,2026-04-28,2026-04-28 18:16:00+00:00,6,2,91.433283,0.0046,target
NFLX,2026-04-28,2026-04-28 18:37:00+00:00,7,2,91.63822397999999,0.0046,target
NFLX,2026-04-28,2026-04-28 18:58:00+00:00,7,2,91.97829198000001,0.0046,target
NFLX,2026-04-28,2026-04-28 19:18:00+00:00,8,2,92.23344300000001,-0.0029000000000000002,stop
NFLX,2026-04-28,2026-04-28 19:48:00+00:00,6,2,92.043405,0.0046,target
NFLX,2026-04-28,2026-04-28 20:13:00+00:00,6,2,92.038404,-0.0029000000000000002,stop
NFLX,2026-04-28,2026-04-28 21:03:00+00:00,6,2,91.86596952,0.0046,target
NFLX,2026-04-28,2026-04-28 21:44:00+00:00,6,2,91.878372,0.0046,target
NFLX,2026-04-28,2026-04-28 22:04:00+00:00,8,2,91.908378,0.0046,target
NFLX,2026-04-28,2026-04-28 23:10:00+00:00,6,2,91.86356904,0.0046,target
NFLX,2026-04-29,2026-04-29 10:18:00+00:00,7,2,91.97839199999999,0.0046,target
NFLX,2026-04-29,2026-04-29 13:13:00+00:00,6,2,91.81836,-0.0029000000000000002,stop
NFLX,2026-04-29,2026-04-29 13:36:00+00:00,7,2,91.66833,-0.0029000000000000002,stop
NFLX,2026-04-29,2026-04-29 14:00:00+00:00,6,2,91.843365,-0.0029000000000000002,stop
NFLX,2026-04-29,2026-04-29 14:25:00+00:00,8,2,91.928382,0.0046,target
NFLX,2026-04-29,2026-04-29 14:48:00+00:00,7,2,92.448486,0.0046,target
NFLX,2026-04-29,2026-04-29 15:10:00+00:00,7,2,92.658528,-0.0029000000000000002,stop
NFLX,2026-04-29,2026-04-29 15:35:00+00:00,6,2,92.33846399999999,-0.0029000000000000002,stop
NFLX,2026-04-29,2026-04-29 16:10:00+00:00,6,2,92.178432,0.0046,target
NFLX,2026-04-29,2026-04-29 17:09:00+00:00,7,2,92.31846,0.0046,target
NFLX,2026-04-29,2026-04-29 17:34:00+00:00,6,2,92.33846399999999,0.0046,target
NFLX,2026-04-29,2026-04-29 17:55:00+00:00,6,2,92.408478,-0.0029000000000000002,stop
NFLX,2026-04-29,2026-04-29 18:40:00+00:00,6,2,92.32346100000001,0.0046,target
NFLX,2026-04-29,2026-04-29 19:19:00+00:00,6,2,92.328462,-0.0029000000000000002,stop
NFLX,2026-04-29,2026-04-29 22:54:00+00:00,6,2,91.658328,0.0046,target
NFLX,2026-04-30,2026-04-30 09:43:00+00:00,6,2,91.528302,0.0046,target
NFLX,2026-04-30,2026-04-30 10:31:00+00:00,7,2,91.41828000000001,-0.0029000000000000002,stop
NFLX,2026-04-30,2026-04-30 11:01:00+00:00,6,2,91.348266,0.0046,target
NFLX,2026-04-30,2026-04-30 11:57:00+00:00,7,2,91.358268,0.0046,target
NFLX,2026-04-30,2026-04-30 12:19:00+00:00,6,2,91.41858006,0.0046,target
NFLX,2026-04-30,2026-04-30 12:43:00+00:00,6,2,91.41828000000001,0.0046,target
NFLX,2026-04-30,2026-04-30 13:05:00+00:00,8,2,91.69833600000001,-0.0029000000000000002,stop
NFLX,2026-04-30,2026-04-30 13:35:00+00:00,7,2,91.97839199999999,0.0046,target
NFLX,2026-04-30,2026-04-30 13:57:00+00:00,6,2,92.298456,-0.0029000000000000002,stop
NFLX,2026-04-30,2026-04-30 14:18:00+00:00,7,2,92.193435,0.0046,target
NFLX,2026-04-30,2026-04-30 14:43:00+00:00,6,2,92.593515,0.0046,target
NFLX,2026-04-30,2026-04-30 15:03:00+00:00,6,2,93.06860999999999,0.0046,target
NFLX,2026-04-30,2026-04-30 15:25:00+00:00,7,2,93.263649,-0.0029000000000000002,stop
NFLX,2026-04-30,2026-04-30 15:47:00+00:00,6,2,93.033603,0.0046,target
NFLX,2026-04-30,2026-04-30 16:08:00+00:00,6,2,93.16372901999999,0.0046,target
NFLX,2026-04-30,2026-04-30 16:31:00+00:00,6,2,93.363669,-0.0029000000000000002,stop
NFLX,2026-04-30,2026-04-30 17:15:00+00:00,7,2,93.27865200000001,0.0046,target
NFLX,2026-04-30,2026-04-30 17:35:00+00:00,7,2,93.478692,0.0046,target
NFLX,2026-04-30,2026-04-30 17:58:00+00:00,6,2,93.52870200000001,0.0046,target
NFLX,2026-04-30,2026-04-30 18:19:00+00:00,7,2,94.043805,-0.0029000000000000002,stop
NFLX,2026-04-30,2026-04-30 18:41:00+00:00,6,2,93.948786,0.0046,target
NFLX,2026-04-30,2026-04-30 19:03:00+00:00,6,2,94.0188,0.0046,target
NFLX,2026-04-30,2026-04-30 19:27:00+00:00,7,2,94.07161056,-0.0029000000000000002,stop
NFLX,2026-04-30,2026-04-30 19:47:00+00:00,6,2,94.16382899999999,-0.0029000000000000002,stop
NFLX,2026-04-30,2026-04-30 20:46:00+00:00,6,2,93.848766,0.0046,target
NFLX,2026-04-30,2026-04-30 21:07:00+00:00,6,2,93.91878,0.0046,target
NFLX,2026-04-30,2026-04-30 21:30:00+00:00,7,2,93.958788,-0.0029000000000000002,stop
NFLX,2026-04-30,2026-04-30 22:35:00+00:00,6,2,93.808758,0.0046,target
NFLX,2026-04-30,2026-04-30 23:00:00+00:00,6,2,93.96879,0.0046,target
NFLX,2026-05-01,2026-05-01 11:45:00+00:00,7,2,93.80885801999999,-0.0029000000000000002,stop
NFLX,2026-05-01,2026-05-01 12:19:00+00:00,7,2,94.098816,0.0046,target
NFLX,2026-05-01,2026-05-01 12:53:00+00:00,6,2,93.91657956,0.0046,target
NFLX,2026-05-01,2026-05-01 13:17:00+00:00,7,2,94.09151453999999,0.0046,target
NFLX,2026-05-01,2026-05-01 14:47:00+00:00,7,2,94.153827,0.0046,target
NFLX,2026-05-01,2026-05-01 15:09:00+00:00,6,2,94.11381899999999,0.0046,target
NFLX,2026-05-01,2026-05-01 15:30:00+00:00,6,2,94.328862,-0.0029000000000000002,stop
NFLX,2026-05-01,2026-05-01 19:29:00+00:00,6,2,92.328462,-0.0029000000000000002,stop
NFLX,2026-05-04,2026-05-04 11:21:00+00:00,6,2,91.8998763,0.0046,target
NFLX,2026-05-04,2026-05-04 12:20:00+00:00,6,2,91.928382,0.0046,target
NFLX,2026-05-04,2026-05-04 12:52:00+00:00,6,2,92.0184,0.0046,target
NFLX,2026-05-04,2026-05-04 13:17:00+00:00,6,2,92.038404,-0.0029000000000000002,stop
NFLX,2026-05-04,2026-05-04 14:23:00+00:00,6,2,92.02940219999999,0.0046,target
NFLX,2026-05-04,2026-05-04 14:51:00+00:00,7,2,92.283453,-0.0029000000000000002,stop
NFLX,2026-05-05,2026-05-05 12:09:00+00:00,6,2,91.408278,0.0046,target
NFLX,2026-05-05,2026-05-05 12:34:00+00:00,7,2,91.56961025999999,-0.0029000000000000002,stop
NFLX,2026-05-05,2026-05-05 16:58:00+00:00,6,2,88.382673,-0.0029000000000000002,stop
NFLX,2026-05-06,2026-05-06 09:59:00+00:00,6,2,87.51760002,0.0046,target
NFLX,2026-05-06,2026-05-06 10:44:00+00:00,6,2,87.83756399999999,-0.0029000000000000002,stop
NFLX,2026-05-06,2026-05-06 11:42:00+00:00,6,2,87.707538,0.0046,target
NFLX,2026-05-06,2026-05-06 12:15:00+00:00,6,2,87.637524,0.0046,target
NFLX,2026-05-06,2026-05-06 12:35:00+00:00,7,2,87.76755,0.0046,target
NFLX,2026-05-06,2026-05-06 13:07:00+00:00,6,2,87.82856220000001,-0.0029000000000000002,stop
NFLX,2026-05-06,2026-05-06 13:53:00+00:00,6,2,87.56751,-0.0029000000000000002,stop
NFLX,2026-05-06,2026-05-06 14:13:00+00:00,6,2,87.797556,0.0046,target
NFLX,2026-05-06,2026-05-06 14:34:00+00:00,6,2,88.47769199999999,-0.0029000000000000002,stop
NFLX,2026-05-06,2026-05-06 14:59:00+00:00,6,2,88.10831814,-0.0029000000000000002,stop
NFLX,2026-05-06,2026-05-06 15:56:00+00:00,6,2,87.94748598,0.0046,target
NFLX,2026-05-06,2026-05-06 16:29:00+00:00,6,2,87.892575,0.0046,target
NFLX,2026-05-06,2026-05-06 16:52:00+00:00,6,2,88.122621,-0.0029000000000000002,stop
NFLX,2026-05-06,2026-05-06 17:36:00+00:00,7,2,88.097616,-0.0029000000000000002,stop
NFLX,2026-05-06,2026-05-06 17:56:00+00:00,6,2,88.122621,-0.0029000000000000002,stop
NFLX,2026-05-06,2026-05-06 18:27:00+00:00,6,2,88.052607,0.0046,target
NFLX,2026-05-06,2026-05-06 19:08:00+00:00,6,2,88.01259900000001,0.0046,target
NFLX,2026-05-06,2026-05-06 19:29:00+00:00,7,2,88.092615,0.0046,target
NFLX,2026-05-06,2026-05-06 19:53:00+00:00,6,2,88.377672,-0.0029000000000000002,stop
NFLX,2026-05-06,2026-05-06 20:13:00+00:00,7,2,88.26765,0.0046,target
NFLX,2026-05-06,2026-05-06 20:36:00+00:00,6,2,88.21764,0.0046,target
NFLX,2026-05-06,2026-05-06 21:36:00+00:00,6,2,88.21764,0.0046,target
NFLX,2026-05-06,2026-05-06 22:10:00+00:00,6,2,88.26765,0.0046,target
NFLX,2026-05-06,2026-05-06 22:55:00+00:00,6,2,88.2281421,0.0046,target
NFLX,2026-05-07,2026-05-07 11:23:00+00:00,7,2,88.45768799999999,0.0046,target
NFLX,2026-05-07,2026-05-07 11:52:00+00:00,6,2,88.377672,0.0046,target
NFLX,2026-05-07,2026-05-07 12:19:00+00:00,7,2,88.607718,0.0046,target
NFLX,2026-05-07,2026-05-07 12:44:00+00:00,6,2,88.63592364,0.0046,target
NFLX,2026-05-07,2026-05-07 13:08:00+00:00,6,2,88.79035452,-0.0029000000000000002,stop
NFLX,2026-05-07,2026-05-07 13:31:00+00:00,6,2,88.897776,-0.0029000000000000002,stop
NFLX,2026-05-07,2026-05-07 13:51:00+00:00,6,2,89.037804,-0.0029000000000000002,stop
NFLX,2026-05-07,2026-05-07 14:11:00+00:00,6,2,88.977792,-0.0029000000000000002,stop
NFLX,2026-05-07,2026-05-07 14:53:00+00:00,6,2,89.032803,0.0046,target
NFLX,2026-05-07,2026-05-07 18:25:00+00:00,6,2,88.437684,0.0046,target
NFLX,2026-05-07,2026-05-07 19:37:00+00:00,6,2,88.692735,-0.0029000000000000002,stop
NFLX,2026-05-07,2026-05-07 22:22:00+00:00,6,2,88.50769799999999,0.0046,target
NFLX,2026-05-08,2026-05-08 11:57:00+00:00,6,2,88.14762599999999,0.0046,target
NFLX,2026-05-08,2026-05-08 12:34:00+00:00,6,2,88.1006166,-0.0029000000000000002,stop
NFLX,2026-05-08,2026-05-08 14:22:00+00:00,6,2,87.72754199999999,-0.0029000000000000002,stop
NFLX,2026-05-08,2026-05-08 14:52:00+00:00,6,2,87.697536,0.0046,target
NFLX,2026-05-08,2026-05-08 15:21:00+00:00,6,2,87.847566,-0.0029000000000000002,stop
NFLX,2026-05-08,2026-05-08 16:15:00+00:00,8,2,87.74254499999999,0.0046,target
NFLX,2026-05-08,2026-05-08 16:42:00+00:00,7,2,87.80765801999999,-0.0029000000000000002,stop
NFLX,2026-05-08,2026-05-08 19:14:00+00:00,7,2,87.72754199999999,-0.0029000000000000002,stop
NFLX,2026-05-11,2026-05-11 12:06:00+00:00,6,2,86.827362,0.0046,target
NFLX,2026-05-11,2026-05-11 12:35:00+00:00,6,2,86.897376,0.0046,target
NFLX,2026-05-11,2026-05-11 13:41:00+00:00,6,2,86.8448655,-0.0029000000000000002,stop
NFLX,2026-05-11,2026-05-11 14:02:00+00:00,6,2,87.087414,-0.0029000000000000002,stop
NFLX,2026-05-11,2026-05-11 14:22:00+00:00,6,2,87.02240099999999,0.0046,target
NFLX,2026-05-11,2026-05-11 14:48:00+00:00,6,2,86.977392,-0.0029000000000000002,stop
NFLX,2026-05-11,2026-05-11 20:45:00+00:00,6,2,85.36707,0.0046,target
NFLX,2026-05-12,2026-05-12 12:19:00+00:00,6,2,85.48799418,0.0046,target
NFLX,2026-05-12,2026-05-12 12:40:00+00:00,7,2,85.61842026,0.0046,target
NFLX,2026-05-12,2026-05-12 13:20:00+00:00,6,2,85.72714199999999,0.0046,target
NFLX,2026-05-12,2026-05-12 13:40:00+00:00,6,2,86.447286,-0.0029000000000000002,stop
NFLX,2026-05-12,2026-05-12 14:00:00+00:00,7,2,86.85736800000001,-0.0029000000000000002,stop
NFLX,2026-05-12,2026-05-12 14:22:00+00:00,7,2,87.892575,0.0046,target
NFLX,2026-05-12,2026-05-12 14:44:00+00:00,6,2,88.2951555,0.0046,target
NFLX,2026-05-12,2026-05-12 15:06:00+00:00,6,2,88.59751596000001,0.0046,target
NFLX,2026-05-12,2026-05-12 15:40:00+00:00,6,2,88.47769199999999,0.0046,target
NFLX,2026-05-12,2026-05-12 16:01:00+00:00,6,2,88.62772199999999,0.0046,target
NFLX,2026-05-12,2026-05-12 16:21:00+00:00,6,2,88.86746993999999,0.0046,target
NFLX,2026-05-12,2026-05-12 16:42:00+00:00,7,2,89.06781,-0.0029000000000000002,stop
NFLX,2026-05-13,2026-05-13 12:57:00+00:00,6,2,87.36747,-0.0029000000000000002,stop
NFLX,2026-05-13,2026-05-13 13:55:00+00:00,6,2,86.99239499999999,-0.0029000000000000002,stop
NFLX,2026-05-13,2026-05-13 14:15:00+00:00,6,2,87.137424,0.0046,target
NFLX,2026-05-13,2026-05-13 14:37:00+00:00,6,2,87.21633978,0.0046,target
NFLX,2026-05-13,2026-05-13 15:51:00+00:00,7,2,87.24774606,-0.0029000000000000002,stop
NFLX,2026-05-13,2026-05-13 16:12:00+00:00,7,2,87.21243899999999,0.0046,target
NFLX,2026-05-13,2026-05-13 16:36:00+00:00,7,2,87.802557,0.0046,target
NFLX,2026-05-13,2026-05-13 17:02:00+00:00,9,2,87.92788206,-0.0029000000000000002,stop
NFLX,2026-05-13,2026-05-13 17:24:00+00:00,7,2,87.852567,0.0046,target
NFLX,2026-05-13,2026-05-13 17:45:00+00:00,6,2,87.852567,0.0046,target
NFLX,2026-05-13,2026-05-13 18:07:00+00:00,6,2,87.957588,0.0046,target
NFLX,2026-05-13,2026-05-13 18:34:00+00:00,6,2,87.957588,0.0046,target
NFLX,2026-05-13,2026-05-13 18:59:00+00:00,6,2,88.352667,-0.0029000000000000002,stop
NFLX,2026-05-13,2026-05-13 19:55:00+00:00,6,2,87.637524,0.0046,target
NFLX,2026-05-14,2026-05-14 11:57:00+00:00,8,2,87.71754,0.0046,target
NFLX,2026-05-14,2026-05-14 12:27:00+00:00,6,2,87.807558,0.0046,target
NFLX,2026-05-14,2026-05-14 13:14:00+00:00,6,2,87.76845018,-0.0029000000000000002,stop
NFLX,2026-05-14,2026-05-14 13:35:00+00:00,9,2,88.197636,-0.0029000000000000002,stop
NFLX,2026-05-14,2026-05-14 13:55:00+00:00,8,2,88.41757998,-0.0029000000000000002,stop
NFLX,2026-05-14,2026-05-14 15:38:00+00:00,6,2,87.82266102,0.0046,target
NFLX,2026-05-14,2026-05-14 15:58:00+00:00,6,2,88.097616,0.0046,target
NFLX,2026-05-14,2026-05-14 16:22:00+00:00,6,2,88.112619,-0.0029000000000000002,stop
NFLX,2026-05-14,2026-05-14 17:15:00+00:00,6,2,87.90257700000001,-0.0029000000000000002,stop
NFLX,2026-05-15,2026-05-15 11:29:00+00:00,6,2,87.01800012000001,0.0046,target
NFLX,2026-05-15,2026-05-15 11:59:00+00:00,7,2,87.087414,-0.0029000000000000002,stop
NFLX,2026-05-15,2026-05-15 12:21:00+00:00,6,2,87.157428,0.0046,target
NFLX,2026-05-15,2026-05-15 12:50:00+00:00,8,2,87.077412,0.0046,target
NFLX,2026-05-15,2026-05-15 13:18:00+00:00,7,2,87.28775406,0.0046,target
NFLX,2026-05-15,2026-05-15 13:38:00+00:00,6,2,88.557708,-0.0029000000000000002,stop
NFLX,2026-05-15,2026-05-15 16:37:00+00:00,6,2,87.142425,0.0046,target
NFLX,2026-05-15,2026-05-15 19:55:00+00:00,6,2,87.0174,-0.0029000000000000002,stop
NFLX,2026-05-18,2026-05-18 11:32:00+00:00,8,2,86.8278621,0.0046,target
NFLX,2026-05-18,2026-05-18 12:00:00+00:00,6,2,86.897376,0.0046,target
NFLX,2026-05-18,2026-05-18 12:29:00+00:00,6,2,86.9738913,-0.0029000000000000002,stop
NFLX,2026-05-18,2026-05-18 13:35:00+00:00,6,2,87.3984762,0.0046,target
NFLX,2026-05-18,2026-05-18 13:56:00+00:00,7,2,87.892575,0.0046,target
NFLX,2026-05-18,2026-05-18 14:16:00+00:00,6,2,88.71774,0.0046,target
NFLX,2026-05-18,2026-05-18 14:36:00+00:00,6,2,89.002797,0.0046,target
NFLX,2026-05-18,2026-05-18 15:00:00+00:00,6,2,89.577912,0.0046,target
NFLX,2026-05-18,2026-05-18 15:29:00+00:00,6,2,89.56791,-0.0029000000000000002,stop
NFLX,2026-05-18,2026-05-18 16:10:00+00:00,7,2,89.207838,0.0046,target
NFLX,2026-05-18,2026-05-18 16:32:00+00:00,6,2,89.147826,0.0046,target
NFLX,2026-05-18,2026-05-18 16:53:00+00:00,6,2,89.38377317999999,0.0046,target
NFLX,2026-05-18,2026-05-18 17:14:00+00:00,6,2,89.56791,-0.0029000000000000002,stop
NFLX,2026-05-18,2026-05-18 17:41:00+00:00,6,2,89.372871,0.0046,target
NFLX,2026-05-18,2026-05-18 18:04:00+00:00,6,2,89.4958956,-0.0029000000000000002,stop
NFLX,2026-05-18,2026-05-18 18:52:00+00:00,6,2,89.44788600000001,-0.0029000000000000002,stop
NFLX,2026-05-18,2026-05-18 19:13:00+00:00,6,2,89.562909,-0.0029000000000000002,stop
NFLX,2026-05-18,2026-05-18 19:33:00+00:00,6,2,89.532903,-0.0029000000000000002,stop
NFLX,2026-05-18,2026-05-18 19:53:00+00:00,6,2,89.47289099999999,0.0046,target
NFLX,2026-05-18,2026-05-18 20:13:00+00:00,6,2,89.71273896,0.0046,target
NFLX,2026-05-18,2026-05-18 20:45:00+00:00,7,2,89.66793,0.0046,target
NFLX,2026-05-18,2026-05-18 22:49:00+00:00,8,2,89.737944,0.0046,target
NFLX,2026-05-19,2026-05-19 11:08:00+00:00,7,2,89.82016044,0.0046,target
NFLX,2026-05-19,2026-05-19 11:31:00+00:00,7,2,90.238044,-0.0029000000000000002,stop
NFLX,2026-05-19,2026-05-19 12:39:00+00:00,7,2,90.08801399999999,0.0046,target
NFLX,2026-05-19,2026-05-19 13:10:00+00:00,7,2,90.21804,0.0046,target
NFLX,2026-05-19,2026-05-19 13:31:00+00:00,6,2,91.208238,-0.0029000000000000002,stop
NFLX,2026-05-19,2026-05-19 13:53:00+00:00,6,2,91.05820800000001,-0.0029000000000000002,stop
NFLX,2026-05-19,2026-05-19 14:18:00+00:00,6,2,91.31826,-0.0029000000000000002,stop
NFLX,2026-05-19,2026-05-19 19:58:00+00:00,6,2,89.372871,-0.0029000000000000002,stop
NFLX,2026-05-20,2026-05-20 13:50:00+00:00,6,2,88.33766399999999,-0.0029000000000000002,stop
NFLX,2026-05-20,2026-05-20 14:27:00+00:00,6,2,88.307658,0.0046,target
NFLX,2026-05-20,2026-05-20 14:49:00+00:00,6,2,88.247646,0.0046,target
NFLX,2026-05-20,2026-05-20 15:09:00+00:00,6,2,88.437684,-0.0029000000000000002,stop
NFLX,2026-05-20,2026-05-20 15:37:00+00:00,6,2,88.22764199999999,-0.0029000000000000002,stop
NFLX,2026-05-20,2026-05-20 17:32:00+00:00,6,2,88.202637,0.0046,target
NFLX,2026-05-20,2026-05-20 17:53:00+00:00,6,2,88.232643,0.0046,target
NFLX,2026-05-20,2026-05-20 18:15:00+00:00,6,2,88.192635,0.0046,target
NFLX,2026-05-20,2026-05-20 18:40:00+00:00,6,2,88.247646,0.0046,target
NFLX,2026-05-20,2026-05-20 19:02:00+00:00,6,2,88.34766599999999,0.0046,target
NFLX,2026-05-20,2026-05-20 19:24:00+00:00,7,2,88.32266100000001,0.0046,target
NFLX,2026-05-20,2026-05-20 19:44:00+00:00,7,2,88.412679,-0.0029000000000000002,stop
NFLX,2026-05-21,2026-05-21 11:48:00+00:00,8,2,88.127622,0.0046,target
NFLX,2026-05-21,2026-05-21 12:17:00+00:00,6,2,88.26765,0.0046,target
NFLX,2026-05-21,2026-05-21 12:54:00+00:00,7,2,88.43378322,-0.0029000000000000002,stop
NFLX,2026-05-21,2026-05-21 13:34:00+00:00,6,2,88.42768199999999,-0.0029000000000000002,stop
NFLX,2026-05-21,2026-05-21 14:28:00+00:00,7,2,88.88277299999999,-0.0029000000000000002,stop
NFLX,2026-05-21,2026-05-21 14:50:00+00:00,6,2,88.62772199999999,0.0046,target
NFLX,2026-05-21,2026-05-21 15:10:00+00:00,6,2,88.61771999999999,0.0046,target
NFLX,2026-05-21,2026-05-21 15:30:00+00:00,7,2,89.407878,-0.0029000000000000002,stop
NFLX,2026-05-21,2026-05-21 15:51:00+00:00,7,2,89.437884,0.0046,target
NFLX,2026-05-21,2026-05-21 16:14:00+00:00,6,2,89.36787,-0.0029000000000000002,stop
NFLX,2026-05-21,2026-05-21 16:35:00+00:00,6,2,89.30535749999999,0.0046,target
NFLX,2026-05-21,2026-05-21 16:57:00+00:00,6,2,89.60291699999999,0.0046,target
NFLX,2026-05-21,2026-05-21 17:17:00+00:00,6,2,90.28805399999999,-0.0029000000000000002,stop
NFLX,2026-05-21,2026-05-21 17:53:00+00:00,6,2,90.173031,-0.0029000000000000002,stop
NFLX,2026-05-21,2026-05-21 18:42:00+00:00,6,2,89.88297299999999,-0.0029000000000000002,stop
NFLX,2026-05-21,2026-05-21 19:30:00+00:00,6,2,89.80295699999999,-0.0029000000000000002,stop
NFLX,2026-05-21,2026-05-21 20:57:00+00:00,6,2,89.31786,0.0046,target
NFLX,2026-05-21,2026-05-21 22:04:00+00:00,6,2,89.44788600000001,0.0046,target
NFLX,2026-05-21,2026-05-21 22:49:00+00:00,7,2,89.647926,0.0046,target
NFLX,2026-05-22,2026-05-22 11:50:00+00:00,7,2,89.737944,0.0046,target
NFLX,2026-05-22,2026-05-22 12:37:00+00:00,6,2,89.71794,0.0046,target
NFLX,2026-05-22,2026-05-22 13:16:00+00:00,6,2,89.697936,-0.0029000000000000002,stop
NFLX,2026-05-22,2026-05-22 15:24:00+00:00,6,2,88.88277299999999,-0.0029000000000000002,stop
NFLX,2026-05-22,2026-05-22 15:56:00+00:00,6,2,88.847766,-0.0029000000000000002,stop
NFLX,2026-05-22,2026-05-22 19:19:00+00:00,6,2,88.527702,-0.0029000000000000002,stop
NFLX,2026-05-22,2026-05-22 19:58:00+00:00,6,2,88.59771599999999,-0.0029000000000000002,stop
NFLX,2026-05-26,2026-05-26 12:07:00+00:00,6,2,88.26765,0.0046,target
NFLX,2026-05-26,2026-05-26 14:08:00+00:00,6,2,88.33766399999999,-0.0029000000000000002,stop
NFLX,2026-05-26,2026-05-26 15:46:00+00:00,6,2,87.827562,0.0046,target
NFLX,2026-05-26,2026-05-26 16:16:00+00:00,6,2,87.947586,0.0046,target
NFLX,2026-05-26,2026-05-26 16:36:00+00:00,6,2,88.08771401999999,0.0046,target
NFLX,2026-05-26,2026-05-26 16:59:00+00:00,8,2,88.06761,-0.0029000000000000002,stop
NFLX,2026-05-26,2026-05-26 17:21:00+00:00,6,2,88.00759799999999,-0.0029000000000000002,stop
NFLX,2026-05-26,2026-05-26 18:16:00+00:00,7,2,87.91758,-0.0029000000000000002,stop
NFLX,2026-05-27,2026-05-27 13:28:00+00:00,7,2,87.127422,0.0046,target
NFLX,2026-05-27,2026-05-27 13:48:00+00:00,6,2,88.0176,-0.0029000000000000002,stop
NFLX,2026-05-27,2026-05-27 14:12:00+00:00,7,2,87.71764002,0.0046,target
NFLX,2026-05-27,2026-05-27 14:33:00+00:00,6,2,88.34766599999999,-0.0029000000000000002,stop
NFLX,2026-05-27,2026-05-27 14:53:00+00:00,6,2,87.997596,0.0046,target
NFLX,2026-05-27,2026-05-27 15:13:00+00:00,6,2,88.25764799999999,0.0046,target
NFLX,2026-05-27,2026-05-27 15:40:00+00:00,7,2,88.482693,-0.0029000000000000002,stop
NFLX,2026-05-27,2026-05-27 19:43:00+00:00,6,2,87.77255099999999,-0.0029000000000000002,stop
NFLX,2026-05-28,2026-05-28 13:26:00+00:00,6,2,87.377472,-0.0029000000000000002,stop
NFLX,2026-05-28,2026-05-28 14:01:00+00:00,7,2,86.812359,-0.0029000000000000002,stop
NFLX,2026-05-28,2026-05-28 14:33:00+00:00,6,2,86.847366,-0.0029000000000000002,stop
NFLX,2026-05-28,2026-05-28 16:33:00+00:00,6,2,86.372271,-0.0029000000000000002,stop
NFLX,2026-05-28,2026-05-28 18:36:00+00:00,6,2,86.362269,0.0046,target
NFLX,2026-05-28,2026-05-28 19:20:00+00:00,6,2,86.31725999999999,0.0046,target
NFLX,2026-05-28,2026-05-28 19:40:00+00:00,6,2,86.532303,-0.0029000000000000002,stop
NFLX,2026-05-28,2026-05-28 20:01:00+00:00,6,2,86.37727199999999,0.0046,target
NFLX,2026-05-28,2026-05-28 20:37:00+00:00,6,2,86.387274,0.0046,target
NFLX,2026-05-28,2026-05-28 22:04:00+00:00,7,2,86.327262,0.0046,target
NFLX,2026-05-28,2026-05-28 22:52:00+00:00,6,2,86.327262,0.0046,target
NFLX,2026-05-29,2026-05-29 11:29:00+00:00,6,2,86.2177401,0.0046,target
NFLX,2026-05-29,2026-05-29 11:52:00+00:00,6,2,86.41728,0.0046,target
NFLX,2026-05-29,2026-05-29 12:20:00+00:00,7,2,86.71734000000001,-0.0029000000000000002,stop
NFLX,2026-05-29,2026-05-29 12:47:00+00:00,7,2,86.56730999999999,0.0046,target
NFLX,2026-05-29,2026-05-29 13:24:00+00:00,6,2,86.45728799999999,-0.0029000000000000002,stop
NFLX,2026-05-29,2026-05-29 14:09:00+00:00,6,2,86.112219,-0.0029000000000000002,stop
NFLX,2026-05-29,2026-05-29 15:08:00+00:00,6,2,86.077212,0.0046,target
NFLX,2026-05-29,2026-05-29 15:30:00+00:00,7,2,86.452287,-0.0029000000000000002,stop
NFLX,2026-05-29,2026-05-29 15:50:00+00:00,6,2,86.402277,-0.0029000000000000002,stop
NFLX,2026-05-29,2026-05-29 16:37:00+00:00,6,2,86.18223300000001,-0.0029000000000000002,stop
NFLX,2026-05-29,2026-05-29 17:32:00+00:00,6,2,86.122221,0.0046,target
NFLX,2026-05-29,2026-05-29 19:02:00+00:00,6,2,85.997196,0.0046,target
NFLX,2026-05-29,2026-05-29 19:22:00+00:00,6,2,86.152227,0.0046,target
NFLX,2026-05-29,2026-05-29 19:42:00+00:00,6,2,86.342265,-0.0029000000000000002,stop
NFLX,2026-06-01,2026-06-01 11:19:00+00:00,6,2,86.21724,0.0046,target
NFLX,2026-06-01,2026-06-01 11:45:00+00:00,6,2,86.21724,0.0046,target
NFLX,2026-06-01,2026-06-01 12:16:00+00:00,8,2,86.357268,0.0046,target
NFLX,2026-06-01,2026-06-01 12:43:00+00:00,7,2,86.247246,-0.0029000000000000002,stop
NFLX,2026-06-01,2026-06-01 13:31:00+00:00,7,2,86.61731999999999,-0.0029000000000000002,stop
NFLX,2026-06-01,2026-06-01 13:52:00+00:00,6,2,86.46088872,0.0046,target
NFLX,2026-06-01,2026-06-01 16:01:00+00:00,6,2,86.01219900000001,0.0046,target
NFLX,2026-06-01,2026-06-01 16:37:00+00:00,6,2,86.047206,-0.0029000000000000002,stop
NFLX,2026-06-01,2026-06-01 16:58:00+00:00,6,2,86.102217,-0.0029000000000000002,stop
NFLX,2026-06-01,2026-06-01 18:27:00+00:00,6,2,85.972191,-0.0029000000000000002,stop
NFLX,2026-06-01,2026-06-01 18:55:00+00:00,7,2,86.152227,-0.0029000000000000002,stop
NFLX,2026-06-01,2026-06-01 19:18:00+00:00,6,2,86.002197,0.0046,target
NFLX,2026-06-01,2026-06-01 19:50:00+00:00,6,2,86.06720999999999,-0.0029000000000000002,stop
NFLX,2026-06-02,2026-06-02 10:43:00+00:00,6,2,85.647126,0.0046,target
NFLX,2026-06-02,2026-06-02 12:03:00+00:00,6,2,85.64242506,0.0046,target
NFLX,2026-06-02,2026-06-02 12:28:00+00:00,6,2,85.57991256,0.0046,target
NFLX,2026-06-02,2026-06-02 13:04:00+00:00,6,2,85.597116,-0.0029000000000000002,stop
NFLX,2026-06-02,2026-06-02 13:28:00+00:00,6,2,85.497096,0.0046,target
NFLX,2026-06-02,2026-06-02 16:26:00+00:00,6,2,84.161829,0.0046,target
NFLX,2026-06-02,2026-06-02 16:52:00+00:00,6,2,84.151827,0.0046,target
NFLX,2026-06-02,2026-06-02 17:18:00+00:00,8,2,84.201837,0.0046,target
NFLX,2026-06-02,2026-06-02 17:38:00+00:00,6,2,84.261849,-0.0029000000000000002,stop
NFLX,2026-06-03,2026-06-03 11:34:00+00:00,8,2,83.296656,-0.0029000000000000002,stop
NFLX,2026-06-03,2026-06-03 19:16:00+00:00,6,2,81.5403048,0.0046,target
NFLX,2026-06-03,2026-06-03 20:11:00+00:00,6,2,81.66633,0.0046,target
NFLX,2026-06-03,2026-06-03 20:41:00+00:00,9,2,81.936384,-0.0029000000000000002,stop
NFLX,2026-06-03,2026-06-03 21:11:00+00:00,6,2,81.8233614,0.0046,target
NFLX,2026-06-03,2026-06-03 21:36:00+00:00,6,2,82.046406,0.0046,target
NFLX,2026-06-03,2026-06-03 22:00:00+00:00,6,2,82.03640399999999,0.0046,target
NFLX,2026-06-03,2026-06-03 22:25:00+00:00,7,2,82.156428,0.0046,target
NFLX,2026-06-03,2026-06-03 23:02:00+00:00,6,2,82.23654402,0.0046,target
NFLX,2026-06-04,2026-06-04 10:38:00+00:00,6,2,82.5165,0.0046,target
NFLX,2026-06-04,2026-06-04 11:28:00+00:00,6,2,82.536504,0.0046,target
NFLX,2026-06-04,2026-06-04 11:57:00+00:00,8,2,82.78175304,-0.0029000000000000002,stop
NFLX,2026-06-04,2026-06-04 12:19:00+00:00,6,2,83.086614,-0.0029000000000000002,stop
NFLX,2026-06-04,2026-06-04 12:48:00+00:00,7,2,82.936584,-0.0029000000000000002,stop
NFLX,2026-06-04,2026-06-04 13:34:00+00:00,6,2,83.236644,-0.0029000000000000002,stop
NFLX,2026-06-04,2026-06-04 18:39:00+00:00,6,2,81.781353,0.0046,target
NFLX,2026-06-04,2026-06-04 19:16:00+00:00,6,2,81.781353,-0.0029000000000000002,stop
NFLX,2026-06-05,2026-06-05 11:14:00+00:00,6,2,81.826362,0.0046,target
NFLX,2026-06-05,2026-06-05 12:14:00+00:00,6,2,81.86636999999999,0.0046,target
NFLX,2026-06-05,2026-06-05 12:44:00+00:00,6,2,81.81635999999999,0.0046,target
NFLX,2026-06-05,2026-06-05 13:05:00+00:00,6,2,81.846366,0.0046,target
NFLX,2026-06-05,2026-06-05 13:28:00+00:00,8,2,82.246446,0.0046,target
NFLX,2026-06-05,2026-06-05 13:53:00+00:00,7,2,82.546506,-0.0029000000000000002,stop
NFLX,2026-06-05,2026-06-05 16:36:00+00:00,6,2,81.52410156,0.0046,target
NFLX,2026-06-05,2026-06-05 18:36:00+00:00,6,2,81.79135500000001,-0.0029000000000000002,stop
NFLX,2026-06-05,2026-06-05 18:58:00+00:00,6,2,81.741345,-0.0029000000000000002,stop
NFLX,2026-06-05,2026-06-05 19:18:00+00:00,6,2,81.97639199999999,0.0046,target
NFLX,2026-06-05,2026-06-05 19:45:00+00:00,6,2,81.901377,0.0046,target
NFLX,2026-06-05,2026-06-05 20:06:00+00:00,6,2,82.01960064000001,0.0046,target
NFLX,2026-06-05,2026-06-05 21:40:00+00:00,6,2,82.0974162,-0.0029000000000000002,stop
NFLX,2026-06-08,2026-06-08 13:44:00+00:00,6,2,82.06640999999999,-0.0029000000000000002,stop
NFLX,2026-06-08,2026-06-08 14:07:00+00:00,6,2,82.7755518,-0.0029000000000000002,stop
NFLX,2026-06-08,2026-06-08 14:32:00+00:00,6,2,82.731543,-0.0029000000000000002,stop
NFLX,2026-06-08,2026-06-08 14:52:00+00:00,6,2,82.60151699999999,-0.0029000000000000002,stop
NFLX,2026-06-08,2026-06-08 15:49:00+00:00,6,2,82.46148899999999,-0.0029000000000000002,stop
NFLX,2026-06-08,2026-06-08 17:56:00+00:00,6,2,82.18813434,0.0046,target
NFLX,2026-06-08,2026-06-08 18:18:00+00:00,6,2,82.63152299999999,0.0046,target
NFLX,2026-06-08,2026-06-08 18:42:00+00:00,6,2,82.836564,-0.0029000000000000002,stop
NFLX,2026-06-08,2026-06-08 19:07:00+00:00,6,2,82.721541,-0.0029000000000000002,stop
NFLX,2026-06-08,2026-06-08 19:36:00+00:00,6,2,82.626522,0.0046,target
NFLX,2026-06-08,2026-06-08 19:57:00+00:00,6,2,82.726542,-0.0029000000000000002,stop
NFLX,2026-06-09,2026-06-09 13:56:00+00:00,6,2,82.131423,-0.0029000000000000002,stop
NFLX,2026-06-09,2026-06-09 15:04:00+00:00,8,2,82.121421,0.0046,target
NFLX,2026-06-09,2026-06-09 15:35:00+00:00,7,2,82.091415,-0.0029000000000000002,stop
NFLX,2026-06-09,2026-06-09 16:10:00+00:00,7,2,82.106418,-0.0029000000000000002,stop
NFLX,2026-06-09,2026-06-09 16:37:00+00:00,6,2,82.196436,-0.0029000000000000002,stop
NFLX,2026-06-09,2026-06-09 18:58:00+00:00,6,2,81.721341,0.0046,target
NFLX,2026-06-09,2026-06-09 22:16:00+00:00,8,2,81.796356,0.0046,target
NFLX,2026-06-09,2026-06-09 23:08:00+00:00,8,2,81.92638199999999,-0.0029000000000000002,stop
NFLX,2026-06-10,2026-06-10 12:04:00+00:00,7,2,81.79135500000001,-0.0029000000000000002,stop
NFLX,2026-06-10,2026-06-10 13:40:00+00:00,7,2,82.14642599999999,0.0046,target
NFLX,2026-06-10,2026-06-10 14:00:00+00:00,7,2,82.196436,-0.0029000000000000002,stop
NFLX,2026-06-10,2026-06-10 14:52:00+00:00,8,2,82.11641999999999,0.0046,target
NFLX,2026-06-10,2026-06-10 15:14:00+00:00,6,2,82.49649600000001,0.0046,target
NFLX,2026-06-10,2026-06-10 15:39:00+00:00,6,2,82.436484,0.0046,target
NFLX,2026-06-10,2026-06-10 16:01:00+00:00,6,2,82.66152899999999,-0.0029000000000000002,stop
NFLX,2026-06-10,2026-06-10 16:24:00+00:00,7,2,82.591515,-0.0029000000000000002,stop
NFLX,2026-06-10,2026-06-10 16:51:00+00:00,6,2,82.41648,0.0046,target
NFLX,2026-06-10,2026-06-10 17:16:00+00:00,6,2,82.43678406,0.0046,target
NFLX,2026-06-10,2026-06-10 17:37:00+00:00,7,2,82.546506,-0.0029000000000000002,stop
NFLX,2026-06-10,2026-06-10 19:54:00+00:00,6,2,82.12642199999999,-0.0029000000000000002,stop
NFLX,2026-06-11,2026-06-11 16:01:00+00:00,7,2,80.9221812,-0.0029000000000000002,stop
NFLX,2026-06-11,2026-06-11 16:34:00+00:00,6,2,80.94618600000001,0.0046,target
NFLX,2026-06-11,2026-06-11 16:54:00+00:00,7,2,81.0382044,0.0046,target
NFLX,2026-06-11,2026-06-11 17:17:00+00:00,6,2,81.071211,0.0046,target
NFLX,2026-06-11,2026-06-11 17:38:00+00:00,6,2,81.386274,-0.0029000000000000002,stop
NFLX,2026-06-11,2026-06-11 18:04:00+00:00,6,2,81.291255,-0.0029000000000000002,stop
NFLX,2026-06-11,2026-06-11 18:35:00+00:00,6,2,81.21624,0.0046,target
NFLX,2026-06-11,2026-06-11 18:55:00+00:00,7,2,81.306258,0.0046,target
NFLX,2026-06-11,2026-06-11 19:16:00+00:00,6,2,81.50629799999999,0.0046,target
NFLX,2026-06-11,2026-06-11 19:38:00+00:00,6,2,81.55640801999999,-0.0029000000000000002,stop
NFLX,2026-06-11,2026-06-11 20:24:00+00:00,6,2,81.5163,-0.0029000000000000002,stop
NFLX,2026-06-11,2026-06-11 20:48:00+00:00,9,2,81.47919258,0.0046,target
NFLX,2026-06-11,2026-06-11 21:22:00+00:00,7,2,81.50629799999999,-0.0029000000000000002,stop
NFLX,2026-06-11,2026-06-11 22:05:00+00:00,6,2,81.47629199999999,0.0046,target
NFLX,2026-06-11,2026-06-11 22:42:00+00:00,6,2,81.46008875999999,0.0046,target
NFLX,2026-06-12,2026-06-12 11:48:00+00:00,8,2,82.05830838,-0.0029000000000000002,stop
NFLX,2026-06-12,2026-06-12 12:30:00+00:00,7,2,82.03640399999999,-0.0029000000000000002,stop
NFLX,2026-06-12,2026-06-12 13:07:00+00:00,6,2,81.9898947,-0.0029000000000000002,stop
AMZN,2025-12-12,2025-12-12 18:15:00+00:00,6,2,226.91537399999999,0.0046,target
AMZN,2025-12-12,2025-12-12 18:39:00+00:00,7,2,227.14542,0.0046,target
AMZN,2025-12-12,2025-12-12 19:04:00+00:00,6,2,227.24543999999997,-0.0029000000000000002,stop
AMZN,2025-12-12,2025-12-12 19:26:00+00:00,6,2,226.91537399999999,0.0046,target
AMZN,2025-12-12,2025-12-12 19:52:00+00:00,6,2,226.985388,0.0046,target
AMZN,2025-12-12,2025-12-12 20:24:00+00:00,6,2,227.03579807999998,-0.0029000000000000002,stop
AMZN,2025-12-15,2025-12-15 13:15:00+00:00,7,2,227.39547,0.0046,target
AMZN,2025-12-15,2025-12-15 13:45:00+00:00,7,2,227.41557402,0.0046,target
AMZN,2025-12-15,2025-12-15 14:07:00+00:00,6,2,227.565504,-0.0029000000000000002,stop
AMZN,2025-12-15,2025-12-15 19:05:00+00:00,6,2,222.99459,0.0046,target
AMZN,2025-12-16,2025-12-16 12:41:00+00:00,6,2,223.164624,-0.0029000000000000002,stop
AMZN,2025-12-16,2025-12-16 13:18:00+00:00,6,2,222.5445,0.0046,target
AMZN,2025-12-16,2025-12-16 13:41:00+00:00,6,2,223.484688,-0.0029000000000000002,stop
AMZN,2025-12-16,2025-12-16 14:02:00+00:00,6,2,222.624516,0.0046,target
AMZN,2025-12-16,2025-12-16 14:27:00+00:00,7,2,223.34466,-0.0029000000000000002,stop
AMZN,2025-12-16,2025-12-16 14:51:00+00:00,6,2,222.984588,-0.0029000000000000002,stop
AMZN,2025-12-16,2025-12-16 15:15:00+00:00,6,2,222.974586,-0.0029000000000000002,stop
AMZN,2025-12-16,2025-12-16 15:45:00+00:00,7,2,223.224636,0.0046,target
AMZN,2025-12-16,2025-12-16 16:18:00+00:00,6,2,222.849561,0.0046,target
AMZN,2025-12-16,2025-12-16 16:59:00+00:00,6,2,223.234638,-0.0029000000000000002,stop
AMZN,2025-12-16,2025-12-16 19:48:00+00:00,6,2,222.809553,-0.0029000000000000002,stop
AMZN,2025-12-16,2025-12-16 20:24:00+00:00,6,2,222.714534,0.0046,target
AMZN,2025-12-16,2025-12-16 20:45:00+00:00,6,2,223.08460799999997,-0.0029000000000000002,stop
AMZN,2025-12-17,2025-12-17 10:06:00+00:00,7,2,225.5451,0.0046,target
AMZN,2025-12-17,2025-12-17 10:42:00+00:00,6,2,225.74514,0.0046,target
AMZN,2025-12-17,2025-12-17 11:19:00+00:00,6,2,226.5453,-0.0029000000000000002,stop
AMZN,2025-12-17,2025-12-17 12:44:00+00:00,6,2,225.89516999999998,-0.0029000000000000002,stop
AMZN,2025-12-17,2025-12-17 15:27:00+00:00,6,2,224.60491199999998,-0.0029000000000000002,stop
AMZN,2025-12-17,2025-12-17 16:26:00+00:00,6,2,224.19483,-0.0029000000000000002,stop
AMZN,2025-12-17,2025-12-17 18:04:00+00:00,8,2,224.15982300000002,-0.0029000000000000002,stop
AMZN,2025-12-18,2025-12-18 10:42:00+00:00,6,2,223.09461000000002,0.0046,target
AMZN,2025-12-18,2025-12-18 11:33:00+00:00,7,2,223.384668,-0.0029000000000000002,stop
AMZN,2025-12-18,2025-12-18 12:23:00+00:00,6,2,223.0446,-0.0029000000000000002,stop
AMZN,2025-12-18,2025-12-18 13:09:00+00:00,8,2,223.00319172,0.0046,target
AMZN,2025-12-18,2025-12-18 13:31:00+00:00,8,2,224.18652833999997,-0.0029000000000000002,stop
AMZN,2025-12-18,2025-12-18 13:51:00+00:00,6,2,224.76494399999999,0.0046,target
AMZN,2025-12-18,2025-12-18 14:11:00+00:00,6,2,224.99498999999997,-0.0029000000000000002,stop
AMZN,2025-12-18,2025-12-18 14:31:00+00:00,9,2,225.975186,-0.0029000000000000002,stop
AMZN,2025-12-18,2025-12-18 15:01:00+00:00,6,2,226.875366,-0.0029000000000000002,stop
AMZN,2025-12-18,2025-12-18 15:22:00+00:00,6,2,226.815354,0.0046,target
AMZN,2025-12-18,2025-12-18 15:42:00+00:00,6,2,227.910573,0.0046,target
AMZN,2025-12-18,2025-12-18 16:02:00+00:00,6,2,228.14391966,0.0046,target
AMZN,2025-12-18,2025-12-18 16:22:00+00:00,6,2,229.115814,-0.0029000000000000002,stop
AMZN,2025-12-18,2025-12-18 18:21:00+00:00,7,2,227.01529398,0.0046,target
AMZN,2025-12-18,2025-12-18 18:42:00+00:00,6,2,227.42687628000002,-0.0029000000000000002,stop
AMZN,2025-12-18,2025-12-18 20:38:00+00:00,6,2,226.935378,0.0046,target
AMZN,2025-12-18,2025-12-18 20:58:00+00:00,6,2,226.93547801999998,0.0046,target
AMZN,2025-12-18,2025-12-18 21:40:00+00:00,6,2,226.84536,0.0046,target
AMZN,2025-12-18,2025-12-18 22:52:00+00:00,7,2,227.09541000000002,0.0046,target
AMZN,2025-12-19,2025-12-19 12:00:00+00:00,6,2,227.665524,-0.0029000000000000002,stop
AMZN,2025-12-19,2025-12-19 13:42:00+00:00,6,2,227.71393368,0.0046,target
AMZN,2025-12-19,2025-12-19 14:14:00+00:00,6,2,227.725536,-0.0029000000000000002,stop
AMZN,2025-12-19,2025-12-19 14:51:00+00:00,6,2,227.285448,-0.0029000000000000002,stop
AMZN,2025-12-19,2025-12-19 15:42:00+00:00,6,2,227.165424,0.0046,target
AMZN,2025-12-19,2025-12-19 16:03:00+00:00,6,2,227.24543999999997,0.0046,target
AMZN,2025-12-19,2025-12-19 16:23:00+00:00,6,2,227.53549800000002,0.0046,target
AMZN,2025-12-19,2025-12-19 16:44:00+00:00,7,2,228.335658,-0.0029000000000000002,stop
AMZN,2025-12-19,2025-12-19 17:04:00+00:00,6,2,228.0456,0.0046,target
AMZN,2025-12-19,2025-12-19 17:24:00+00:00,6,2,228.515694,0.0046,target
AMZN,2025-12-19,2025-12-19 17:50:00+00:00,7,2,228.680727,0.0046,target
AMZN,2025-12-19,2025-12-19 18:16:00+00:00,6,2,228.850761,0.0046,target
AMZN,2025-12-19,2025-12-19 18:36:00+00:00,6,2,228.785748,0.0046,target
AMZN,2025-12-19,2025-12-19 19:05:00+00:00,7,2,228.84576,0.0046,target
AMZN,2025-12-19,2025-12-19 19:34:00+00:00,7,2,228.850761,0.0046,target
AMZN,2025-12-19,2025-12-19 19:56:00+00:00,7,2,228.98578799999999,-0.0029000000000000002,stop
AMZN,2025-12-19,2025-12-19 20:35:00+00:00,6,2,228.64571999999998,-0.0029000000000000002,stop
AMZN,2025-12-19,2025-12-19 21:38:00+00:00,6,2,227.69553,0.0046,target
AMZN,2025-12-19,2025-12-19 22:11:00+00:00,6,2,227.74553999999998,0.0046,target
AMZN,2025-12-19,2025-12-19 23:03:00+00:00,6,2,227.84405969999997,0.0046,target
AMZN,2025-12-22,2025-12-22 13:11:00+00:00,7,2,228.88576799999998,0.0046,target
AMZN,2025-12-22,2025-12-22 13:42:00+00:00,7,2,228.86966478,0.0046,target
AMZN,2025-12-22,2025-12-22 14:03:00+00:00,6,2,228.84576,-0.0029000000000000002,stop
AMZN,2025-12-22,2025-12-22 14:24:00+00:00,7,2,229.25954273999997,-0.0029000000000000002,stop
AMZN,2025-12-22,2025-12-22 14:58:00+00:00,6,2,228.26564399999998,-0.0029000000000000002,stop
AMZN,2025-12-22,2025-12-22 16:44:00+00:00,7,2,227.76074304,0.0046,target
AMZN,2025-12-22,2025-12-22 17:05:00+00:00,8,2,227.96558399999998,0.0046,target
AMZN,2025-12-22,2025-12-22 17:29:00+00:00,6,2,228.04630014,0.0046,target
AMZN,2025-12-22,2025-12-22 17:49:00+00:00,6,2,228.005592,0.0046,target
AMZN,2025-12-22,2025-12-22 18:11:00+00:00,6,2,227.975586,0.0046,target
AMZN,2025-12-22,2025-12-22 18:32:00+00:00,7,2,228.115614,0.0046,target
AMZN,2025-12-22,2025-12-22 18:53:00+00:00,6,2,228.075606,0.0046,target
AMZN,2025-12-22,2025-12-22 19:16:00+00:00,6,2,228.2451399,0.0046,target
AMZN,2025-12-22,2025-12-22 19:37:00+00:00,6,2,228.505692,0.0046,target
AMZN,2025-12-22,2025-12-22 20:00:00+00:00,6,2,228.505692,0.0046,target
AMZN,2025-12-22,2025-12-22 20:23:00+00:00,6,2,228.72413568000002,0.0046,target
AMZN,2025-12-22,2025-12-22 20:44:00+00:00,6,2,229.37596602,-0.0029000000000000002,stop
AMZN,2025-12-22,2025-12-22 22:24:00+00:00,6,2,228.58570799999998,0.0046,target
AMZN,2025-12-23,2025-12-23 14:26:00+00:00,6,2,228.48568799999998,0.0046,target
AMZN,2025-12-23,2025-12-23 14:51:00+00:00,7,2,231.666324,-0.0029000000000000002,stop
AMZN,2025-12-23,2025-12-23 15:44:00+00:00,7,2,230.981187,0.0046,target
AMZN,2025-12-23,2025-12-23 16:05:00+00:00,7,2,231.11621399999999,-0.0029000000000000002,stop
AMZN,2025-12-23,2025-12-23 16:42:00+00:00,7,2,231.49629,0.0046,target
AMZN,2025-12-23,2025-12-23 17:03:00+00:00,6,2,231.626316,0.0046,target
AMZN,2025-12-23,2025-12-23 17:29:00+00:00,6,2,231.49629,0.0046,target
AMZN,2025-12-23,2025-12-23 17:56:00+00:00,6,2,231.40127099999998,0.0046,target
AMZN,2025-12-23,2025-12-23 18:18:00+00:00,6,2,231.531297,0.0046,target
AMZN,2025-12-23,2025-12-23 18:38:00+00:00,6,2,231.576306,0.0046,target
AMZN,2025-12-23,2025-12-23 18:59:00+00:00,7,2,231.886368,0.0046,target
AMZN,2025-12-23,2025-12-23 19:20:00+00:00,7,2,232.036398,0.0046,target
AMZN,2025-12-23,2025-12-23 19:48:00+00:00,7,2,232.08640799999998,0.0046,target
AMZN,2025-12-23,2025-12-23 20:08:00+00:00,8,2,232.42087488,-0.0029000000000000002,stop
AMZN,2025-12-23,2025-12-23 20:32:00+00:00,6,2,232.24643999999998,0.0046,target
AMZN,2025-12-23,2025-12-23 20:52:00+00:00,6,2,232.226436,0.0046,target
AMZN,2025-12-24,2025-12-24 12:51:00+00:00,6,2,232.456482,0.0046,target
AMZN,2025-12-24,2025-12-24 13:19:00+00:00,6,2,232.69653,0.0046,target
AMZN,2025-12-24,2025-12-24 13:48:00+00:00,6,2,232.68622794,0.0046,target
AMZN,2025-12-24,2025-12-24 14:17:00+00:00,6,2,232.64391948,-0.0029000000000000002,stop
AMZN,2025-12-24,2025-12-24 15:20:00+00:00,6,2,232.07960663999998,0.0046,target
AMZN,2025-12-24,2025-12-24 15:40:00+00:00,7,2,232.39647,0.0046,target
AMZN,2025-12-24,2025-12-24 16:00:00+00:00,6,2,232.5465,0.0046,target
AMZN,2025-12-24,2025-12-24 16:21:00+00:00,7,2,232.5465,0.0046,target
AMZN,2025-12-24,2025-12-24 16:41:00+00:00,6,2,232.76654399999998,0.0046,target
AMZN,2025-12-24,2025-12-24 17:14:00+00:00,6,2,232.761543,0.0046,target
AMZN,2025-12-24,2025-12-24 17:37:00+00:00,7,2,232.83665802,-0.0029000000000000002,stop
AMZN,2025-12-26,2025-12-26 13:53:00+00:00,6,2,232.79644998,-0.0029000000000000002,stop
AMZN,2025-12-26,2025-12-26 14:40:00+00:00,6,2,232.216434,-0.0029000000000000002,stop
AMZN,2025-12-26,2025-12-26 15:21:00+00:00,6,2,232.25614194,0.0046,target
AMZN,2025-12-26,2025-12-26 15:46:00+00:00,6,2,232.116414,0.0046,target
AMZN,2025-12-26,2025-12-26 16:07:00+00:00,6,2,232.67992668,-0.0029000000000000002,stop
AMZN,2025-12-26,2025-12-26 16:29:00+00:00,6,2,232.576506,0.0046,target
AMZN,2025-12-26,2025-12-26 16:51:00+00:00,7,2,232.52649599999998,0.0046,target
AMZN,2025-12-26,2025-12-26 17:24:00+00:00,7,2,232.566504,0.0046,target
AMZN,2025-12-26,2025-12-26 17:51:00+00:00,6,2,232.876566,0.0046,target
AMZN,2025-12-26,2025-12-26 18:15:00+00:00,7,2,232.80275124,0.0046,target
AMZN,2025-12-26,2025-12-26 18:37:00+00:00,6,2,232.476486,0.0046,target
AMZN,2025-12-26,2025-12-26 18:58:00+00:00,7,2,232.816554,0.0046,target
AMZN,2025-12-26,2025-12-26 19:24:00+00:00,7,2,232.76654399999998,0.0046,target
AMZN,2025-12-26,2025-12-26 19:44:00+00:00,6,2,232.76234316,0.0046,target
AMZN,2025-12-26,2025-12-26 20:07:00+00:00,7,2,232.82655599999998,0.0046,target
AMZN,2025-12-26,2025-12-26 20:29:00+00:00,6,2,232.80075084,0.0046,target
AMZN,2025-12-29,2025-12-29 13:31:00+00:00,8,2,232.406472,-0.0029000000000000002,stop
AMZN,2025-12-29,2025-12-29 14:40:00+00:00,6,2,231.92637599999998,0.0046,target
AMZN,2025-12-29,2025-12-29 15:00:00+00:00,6,2,232.386468,-0.0029000000000000002,stop
AMZN,2025-12-29,2025-12-29 15:23:00+00:00,6,2,232.08640799999998,0.0046,target
AMZN,2025-12-29,2025-12-29 15:43:00+00:00,7,2,232.09641000000002,-0.0029000000000000002,stop
AMZN,2025-12-29,2025-12-29 17:51:00+00:00,7,2,231.506292,0.0046,target
AMZN,2025-12-29,2025-12-29 18:23:00+00:00,8,2,231.821355,0.0046,target
AMZN,2025-12-29,2025-12-29 19:36:00+00:00,7,2,231.68632799999997,0.0046,target
AMZN,2025-12-29,2025-12-29 20:02:00+00:00,6,2,232.216434,0.0046,target
AMZN,2025-12-29,2025-12-29 20:28:00+00:00,6,2,232.14641999999998,0.0046,target
AMZN,2025-12-29,2025-12-29 20:48:00+00:00,6,2,232.376466,0.0046,target
AMZN,2025-12-29,2025-12-29 21:31:00+00:00,7,2,232.116414,0.0046,target
AMZN,2025-12-30,2025-12-30 14:10:00+00:00,7,2,231.84636,-0.0029000000000000002,stop
AMZN,2025-12-30,2025-12-30 14:37:00+00:00,6,2,231.426276,0.0046,target
AMZN,2025-12-30,2025-12-30 14:57:00+00:00,8,2,232.15642200000002,-0.0029000000000000002,stop
AMZN,2025-12-30,2025-12-30 16:05:00+00:00,7,2,231.476286,0.0046,target
AMZN,2025-12-30,2025-12-30 16:25:00+00:00,6,2,231.96638399999998,0.0046,target
AMZN,2025-12-30,2025-12-30 16:47:00+00:00,6,2,231.791349,-0.0029000000000000002,stop
AMZN,2025-12-30,2025-12-30 17:41:00+00:00,6,2,231.46628399999997,0.0046,target
AMZN,2025-12-30,2025-12-30 19:24:00+00:00,6,2,231.786348,0.0046,target
AMZN,2025-12-30,2025-12-30 19:46:00+00:00,6,2,231.70513176,0.0046,target
AMZN,2025-12-30,2025-12-30 20:27:00+00:00,6,2,231.74633999999998,0.0046,target
AMZN,2025-12-30,2025-12-30 20:51:00+00:00,6,2,232.106412,0.0046,target
AMZN,2025-12-30,2025-12-30 21:26:00+00:00,6,2,232.49649,0.0046,target
AMZN,2025-12-30,2025-12-30 21:48:00+00:00,6,2,232.42657602,0.0046,target
AMZN,2025-12-30,2025-12-30 22:26:00+00:00,7,2,232.536498,0.0046,target
AMZN,2025-12-31,2025-12-31 13:33:00+00:00,6,2,232.386468,0.0046,target
AMZN,2025-12-31,2025-12-31 14:05:00+00:00,7,2,232.716534,-0.0029000000000000002,stop
AMZN,2025-12-31,2025-12-31 14:29:00+00:00,6,2,232.886568,-0.0029000000000000002,stop
AMZN,2025-12-31,2025-12-31 15:08:00+00:00,6,2,232.39647,-0.0029000000000000002,stop
AMZN,2025-12-31,2025-12-31 16:49:00+00:00,6,2,231.326256,0.0046,target
AMZN,2025-12-31,2025-12-31 17:33:00+00:00,6,2,231.49629,0.0046,target
AMZN,2025-12-31,2025-12-31 18:11:00+00:00,6,2,231.5463,0.0046,target
AMZN,2025-12-31,2025-12-31 18:31:00+00:00,6,2,231.716334,0.0046,target
AMZN,2025-12-31,2025-12-31 18:52:00+00:00,6,2,232.08640799999998,0.0046,target
AMZN,2025-12-31,2025-12-31 19:17:00+00:00,6,2,232.166424,-0.0029000000000000002,stop
AMZN,2026-01-02,2026-01-02 14:37:00+00:00,8,2,233.56390344,0.0046,target
AMZN,2026-01-02,2026-01-02 19:22:00+00:00,6,2,226.285248,0.0046,target
AMZN,2026-01-02,2026-01-02 21:40:00+00:00,6,2,226.64532,0.0046,target
AMZN,2026-01-05,2026-01-05 11:58:00+00:00,7,2,227.44548,0.0046,target
AMZN,2026-01-05,2026-01-05 12:40:00+00:00,6,2,227.44548,-0.0029000000000000002,stop
AMZN,2026-01-05,2026-01-05 13:39:00+00:00,7,2,227.39547,0.0046,target
AMZN,2026-01-05,2026-01-05 14:02:00+00:00,8,2,227.735538,0.0046,target
AMZN,2026-01-05,2026-01-05 14:23:00+00:00,7,2,228.035598,-0.0029000000000000002,stop
AMZN,2026-01-05,2026-01-05 14:51:00+00:00,6,2,230.481087,0.0046,target
AMZN,2026-01-05,2026-01-05 15:12:00+00:00,7,2,232.34646,0.0046,target
AMZN,2026-01-05,2026-01-05 15:32:00+00:00,6,2,233.166624,-0.0029000000000000002,stop
AMZN,2026-01-05,2026-01-05 15:56:00+00:00,6,2,231.94638,-0.0029000000000000002,stop
AMZN,2026-01-05,2026-01-05 16:16:00+00:00,6,2,231.756342,0.0046,target
AMZN,2026-01-05,2026-01-05 16:36:00+00:00,6,2,232.576506,0.0046,target
AMZN,2026-01-05,2026-01-05 16:57:00+00:00,6,2,232.836558,0.0046,target
AMZN,2026-01-05,2026-01-05 17:19:00+00:00,6,2,233.116614,0.0046,target
AMZN,2026-01-05,2026-01-05 17:39:00+00:00,7,2,233.676726,-0.0029000000000000002,stop
AMZN,2026-01-05,2026-01-05 18:05:00+00:00,6,2,233.261643,-0.0029000000000000002,stop
AMZN,2026-01-05,2026-01-05 18:50:00+00:00,6,2,232.616514,0.0046,target
AMZN,2026-01-05,2026-01-05 19:12:00+00:00,6,2,233.18662799999998,-0.0029000000000000002,stop
AMZN,2026-01-05,2026-01-05 19:33:00+00:00,6,2,232.93667802,0.0046,target
AMZN,2026-01-05,2026-01-05 19:54:00+00:00,7,2,232.741539,0.0046,target
AMZN,2026-01-05,2026-01-05 20:16:00+00:00,7,2,232.92657599999998,0.0046,target
AMZN,2026-01-05,2026-01-05 20:39:00+00:00,6,2,232.80655199999998,0.0046,target
AMZN,2026-01-05,2026-01-05 21:00:00+00:00,6,2,233.08660799999998,-0.0029000000000000002,stop
AMZN,2026-01-05,2026-01-05 21:23:00+00:00,6,2,232.84656,0.0046,target
AMZN,2026-01-06,2026-01-06 12:48:00+00:00,6,2,233.29665,-0.0029000000000000002,stop
AMZN,2026-01-06,2026-01-06 14:34:00+00:00,7,2,233.726736,0.0046,target
AMZN,2026-01-06,2026-01-06 14:54:00+00:00,8,2,235.99038864,0.0046,target
AMZN,2026-01-06,2026-01-06 15:17:00+00:00,6,2,236.80735199999998,0.0046,target
AMZN,2026-01-06,2026-01-06 15:37:00+00:00,6,2,237.722535,0.0046,target
AMZN,2026-01-06,2026-01-06 15:59:00+00:00,7,2,238.322655,-0.0029000000000000002,stop
AMZN,2026-01-06,2026-01-06 16:26:00+00:00,6,2,238.49768999999998,-0.0029000000000000002,stop
AMZN,2026-01-06,2026-01-06 16:48:00+00:00,8,2,238.787748,0.0046,target
AMZN,2026-01-06,2026-01-06 17:10:00+00:00,6,2,240.128016,0.0046,target
AMZN,2026-01-06,2026-01-06 17:33:00+00:00,6,2,241.858362,0.0046,target
AMZN,2026-01-06,2026-01-06 17:53:00+00:00,6,2,241.93837799999997,0.0046,target
AMZN,2026-01-06,2026-01-06 18:14:00+00:00,6,2,241.968384,0.0046,target
AMZN,2026-01-06,2026-01-06 18:36:00+00:00,7,2,242.18852801999998,-0.0029000000000000002,stop
AMZN,2026-01-06,2026-01-06 18:57:00+00:00,6,2,242.188428,-0.0029000000000000002,stop
AMZN,2026-01-06,2026-01-06 19:52:00+00:00,6,2,241.46818398000002,0.0046,target
AMZN,2026-01-06,2026-01-06 20:14:00+00:00,6,2,241.788348,-0.0029000000000000002,stop
AMZN,2026-01-06,2026-01-06 20:40:00+00:00,6,2,241.32825599999998,-0.0029000000000000002,stop
AMZN,2026-01-06,2026-01-06 22:19:00+00:00,7,2,240.94818,0.0046,target
AMZN,2026-01-06,2026-01-06 22:51:00+00:00,7,2,241.00459128,0.0046,target
AMZN,2026-01-07,2026-01-07 13:06:00+00:00,6,2,240.64811999999998,0.0046,target
AMZN,2026-01-07,2026-01-07 13:31:00+00:00,7,2,240.94818,0.0046,target
AMZN,2026-01-07,2026-01-07 13:56:00+00:00,6,2,240.738138,-0.0029000000000000002,stop
AMZN,2026-01-07,2026-01-07 14:36:00+00:00,8,2,242.27844599999997,0.0046,target
AMZN,2026-01-07,2026-01-07 15:00:00+00:00,7,2,243.668724,-0.0029000000000000002,stop
AMZN,2026-01-07,2026-01-07 15:22:00+00:00,6,2,242.738538,0.0046,target
AMZN,2026-01-07,2026-01-07 15:43:00+00:00,6,2,243.283647,0.0046,target
AMZN,2026-01-07,2026-01-07 16:03:00+00:00,6,2,244.5489,-0.0029000000000000002,stop
AMZN,2026-01-07,2026-01-07 16:23:00+00:00,7,2,243.89876999999998,-0.0029000000000000002,stop
AMZN,2026-01-07,2026-01-07 16:44:00+00:00,6,2,243.27864599999998,0.0046,target
AMZN,2026-01-07,2026-01-07 17:04:00+00:00,6,2,243.873765,0.0046,target
AMZN,2026-01-07,2026-01-07 17:27:00+00:00,7,2,244.358862,0.0046,target
AMZN,2026-01-07,2026-01-07 17:47:00+00:00,6,2,244.558902,0.0046,target
AMZN,2026-01-07,2026-01-07 18:08:00+00:00,6,2,245.049,0.0046,target
AMZN,2026-01-07,2026-01-07 18:33:00+00:00,6,2,244.938978,-0.0029000000000000002,stop
AMZN,2026-01-07,2026-01-07 18:53:00+00:00,6,2,245.179026,-0.0029000000000000002,stop
AMZN,2026-01-07,2026-01-07 19:40:00+00:00,6,2,243.588708,-0.0029000000000000002,stop
AMZN,2026-01-08,2026-01-08 11:52:00+00:00,7,2,242.77854599999998,-0.0029000000000000002,stop
AMZN,2026-01-08,2026-01-08 13:12:00+00:00,6,2,242.19843,0.0046,target
AMZN,2026-01-08,2026-01-08 13:35:00+00:00,6,2,243.168624,0.0046,target
AMZN,2026-01-08,2026-01-08 13:57:00+00:00,6,2,243.19863,0.0046,target
AMZN,2026-01-08,2026-01-08 14:19:00+00:00,6,2,243.158622,-0.0029000000000000002,stop
AMZN,2026-01-08,2026-01-08 14:45:00+00:00,6,2,243.368664,-0.0029000000000000002,stop
AMZN,2026-01-08,2026-01-08 15:09:00+00:00,7,2,244.65892200000002,-0.0029000000000000002,stop
AMZN,2026-01-08,2026-01-08 15:30:00+00:00,7,2,244.89606942,-0.0029000000000000002,stop
AMZN,2026-01-08,2026-01-08 15:54:00+00:00,6,2,244.483887,0.0046,target
AMZN,2026-01-08,2026-01-08 16:18:00+00:00,6,2,244.50879198,0.0046,target
AMZN,2026-01-08,2026-01-08 17:00:00+00:00,7,2,245.229036,-0.0029000000000000002,stop
AMZN,2026-01-08,2026-01-08 17:20:00+00:00,7,2,245.359062,0.0046,target
AMZN,2026-01-08,2026-01-08 17:44:00+00:00,7,2,246.05860188,-0.0029000000000000002,stop
AMZN,2026-01-08,2026-01-08 18:05:00+00:00,6,2,246.01119239999997,-0.0029000000000000002,stop
AMZN,2026-01-08,2026-01-08 18:31:00+00:00,6,2,245.83905797999998,0.0046,target
AMZN,2026-01-08,2026-01-08 18:54:00+00:00,6,2,245.71913399999997,0.0046,target
AMZN,2026-01-08,2026-01-08 19:15:00+00:00,6,2,245.819154,0.0046,target
AMZN,2026-01-08,2026-01-08 19:38:00+00:00,6,2,245.879166,0.0046,target
AMZN,2026-01-08,2026-01-08 20:00:00+00:00,6,2,246.059202,0.0046,target
AMZN,2026-01-08,2026-01-08 20:23:00+00:00,6,2,246.04919999999998,-0.0029000000000000002,stop
AMZN,2026-01-08,2026-01-08 20:54:00+00:00,8,2,246.16922399999999,0.0046,target
AMZN,2026-01-08,2026-01-08 21:40:00+00:00,6,2,246.29084832,0.0046,target
AMZN,2026-01-09,2026-01-09 12:53:00+00:00,8,2,245.89917,-0.0029000000000000002,stop
AMZN,2026-01-09,2026-01-09 13:35:00+00:00,8,2,246.039198,0.0046,target
AMZN,2026-01-09,2026-01-09 13:58:00+00:00,7,2,245.94918,-0.0029000000000000002,stop
AMZN,2026-01-09,2026-01-09 15:23:00+00:00,6,2,244.988988,0.0046,target
AMZN,2026-01-09,2026-01-09 15:44:00+00:00,6,2,245.239038,0.0046,target
AMZN,2026-01-09,2026-01-09 16:06:00+00:00,7,2,245.974185,0.0046,target
AMZN,2026-01-09,2026-01-09 16:35:00+00:00,6,2,245.889168,0.0046,target
AMZN,2026-01-09,2026-01-09 16:55:00+00:00,6,2,246.469284,-0.0029000000000000002,stop
AMZN,2026-01-09,2026-01-09 17:21:00+00:00,6,2,246.134217,-0.0029000000000000002,stop
AMZN,2026-01-09,2026-01-09 18:02:00+00:00,6,2,245.789148,0.0046,target
AMZN,2026-01-09,2026-01-09 18:40:00+00:00,6,2,246.384267,0.0046,target
AMZN,2026-01-09,2026-01-09 19:01:00+00:00,7,2,246.689328,0.0046,target
AMZN,2026-01-09,2026-01-09 19:22:00+00:00,6,2,246.54359886,0.0046,target
AMZN,2026-01-09,2026-01-09 19:42:00+00:00,6,2,246.77224458,0.0046,target
AMZN,2026-01-09,2026-01-09 20:05:00+00:00,6,2,247.189428,0.0046,target
AMZN,2026-01-09,2026-01-09 20:27:00+00:00,7,2,247.289448,0.0046,target
AMZN,2026-01-09,2026-01-09 20:49:00+00:00,7,2,247.23943799999998,0.0046,target
AMZN,2026-01-09,2026-01-09 21:14:00+00:00,6,2,247.34946,0.0046,target
AMZN,2026-01-09,2026-01-09 21:55:00+00:00,7,2,247.38606732,0.0046,target
AMZN,2026-01-12,2026-01-12 11:34:00+00:00,6,2,245.169024,0.0046,target
AMZN,2026-01-12,2026-01-12 12:16:00+00:00,6,2,245.59911,-0.0029000000000000002,stop
AMZN,2026-01-12,2026-01-12 13:11:00+00:00,6,2,245.959182,0.0046,target
AMZN,2026-01-12,2026-01-12 13:31:00+00:00,7,2,246.04919999999998,-0.0029000000000000002,stop
AMZN,2026-01-12,2026-01-12 14:26:00+00:00,6,2,245.98918799999998,0.0046,target
AMZN,2026-01-12,2026-01-12 14:47:00+00:00,6,2,247.29945,0.0046,target
AMZN,2026-01-12,2026-01-12 15:09:00+00:00,6,2,248.05960199999998,-0.0029000000000000002,stop
AMZN,2026-01-12,2026-01-12 15:29:00+00:00,6,2,247.94958,-0.0029000000000000002,stop
AMZN,2026-01-12,2026-01-12 16:02:00+00:00,6,2,247.74954,0.0046,target
AMZN,2026-01-12,2026-01-12 16:30:00+00:00,6,2,247.68952799999997,0.0046,target
AMZN,2026-01-12,2026-01-12 16:50:00+00:00,8,2,248.03709750000002,0.0046,target
AMZN,2026-01-12,2026-01-12 17:12:00+00:00,6,2,248.39967,-0.0029000000000000002,stop
AMZN,2026-01-12,2026-01-12 17:54:00+00:00,6,2,248.06460299999998,0.0046,target
AMZN,2026-01-12,2026-01-12 18:29:00+00:00,6,2,248.1466194,0.0046,target
AMZN,2026-01-12,2026-01-12 18:53:00+00:00,6,2,248.029596,-0.0029000000000000002,stop
AMZN,2026-01-12,2026-01-12 19:27:00+00:00,6,2,247.89956999999998,0.0046,target
AMZN,2026-01-12,2026-01-12 19:50:00+00:00,6,2,248.629716,-0.0029000000000000002,stop
AMZN,2026-01-13,2026-01-13 11:23:00+00:00,6,2,246.09921,0.0046,target
AMZN,2026-01-13,2026-01-13 12:35:00+00:00,6,2,246.139218,-0.0029000000000000002,stop
AMZN,2026-01-13,2026-01-13 13:06:00+00:00,7,2,246.419274,0.0046,target
AMZN,2026-01-13,2026-01-13 13:32:00+00:00,6,2,247.539498,-0.0029000000000000002,stop
AMZN,2026-01-13,2026-01-13 13:55:00+00:00,6,2,246.239238,0.0046,target
AMZN,2026-01-13,2026-01-13 14:41:00+00:00,6,2,246.64932,-0.0029000000000000002,stop
AMZN,2026-01-13,2026-01-13 16:55:00+00:00,6,2,244.978986,-0.0029000000000000002,stop
AMZN,2026-01-13,2026-01-13 19:52:00+00:00,6,2,242.23633758,0.0046,target
AMZN,2026-01-13,2026-01-13 20:16:00+00:00,6,2,242.253441,-0.0029000000000000002,stop
AMZN,2026-01-14,2026-01-14 14:09:00+00:00,6,2,241.87646562,-0.0029000000000000002,stop
AMZN,2026-01-14,2026-01-14 15:18:00+00:00,6,2,239.8714647,-0.0029000000000000002,stop
AMZN,2026-01-14,2026-01-14 20:37:00+00:00,6,2,237.71753399999997,-0.0029000000000000002,stop
AMZN,2026-01-15,2026-01-15 10:06:00+00:00,6,2,238.187628,0.0046,target
AMZN,2026-01-15,2026-01-15 11:56:00+00:00,6,2,238.14762,0.0046,target
AMZN,2026-01-15,2026-01-15 12:26:00+00:00,8,2,238.40867219999998,-0.0029000000000000002,stop
AMZN,2026-01-15,2026-01-15 13:08:00+00:00,6,2,238.34766000000002,0.0046,target
AMZN,2026-01-15,2026-01-15 13:28:00+00:00,7,2,239.29784999999998,0.0046,target
AMZN,2026-01-15,2026-01-15 14:01:00+00:00,6,2,239.45088059999998,-0.0029000000000000002,stop
AMZN,2026-01-15,2026-01-15 14:21:00+00:00,6,2,239.667924,-0.0029000000000000002,stop
AMZN,2026-01-15,2026-01-15 15:31:00+00:00,8,2,238.23623772,-0.0029000000000000002,stop
AMZN,2026-01-15,2026-01-15 15:55:00+00:00,6,2,238.137618,0.0046,target
AMZN,2026-01-15,2026-01-15 16:16:00+00:00,6,2,239.167824,-0.0029000000000000002,stop
AMZN,2026-01-15,2026-01-15 16:37:00+00:00,6,2,239.067804,0.0046,target
AMZN,2026-01-15,2026-01-15 16:57:00+00:00,7,2,239.99799,-0.0029000000000000002,stop
AMZN,2026-01-15,2026-01-15 18:01:00+00:00,6,2,238.74774,0.0046,target
AMZN,2026-01-15,2026-01-15 18:51:00+00:00,6,2,238.99778999999998,-0.0029000000000000002,stop
AMZN,2026-01-15,2026-01-15 21:00:00+00:00,6,2,238.24764,-0.0029000000000000002,stop
AMZN,2026-01-16,2026-01-16 11:50:00+00:00,6,2,239.267844,0.0046,target
AMZN,2026-01-16,2026-01-16 12:37:00+00:00,6,2,239.24784,0.0046,target
AMZN,2026-01-16,2026-01-16 13:56:00+00:00,6,2,239.22773598,-0.0029000000000000002,stop
AMZN,2026-01-16,2026-01-16 16:10:00+00:00,6,2,237.927576,0.0046,target
AMZN,2026-01-16,2026-01-16 17:40:00+00:00,6,2,238.15452137999998,0.0046,target
AMZN,2026-01-16,2026-01-16 18:04:00+00:00,6,2,238.327656,0.0046,target
AMZN,2026-01-16,2026-01-16 18:28:00+00:00,6,2,238.84776,-0.0029000000000000002,stop
AMZN,2026-01-16,2026-01-16 19:05:00+00:00,7,2,238.387668,-0.0029000000000000002,stop
AMZN,2026-01-16,2026-01-16 19:57:00+00:00,6,2,238.167624,0.0046,target
AMZN,2026-01-16,2026-01-16 20:18:00+00:00,7,2,238.387668,0.0046,target
AMZN,2026-01-16,2026-01-16 20:48:00+00:00,8,2,238.602711,0.0046,target
AMZN,2026-01-16,2026-01-16 21:08:00+00:00,6,2,239.077806,0.0046,target
AMZN,2026-01-16,2026-01-16 22:01:00+00:00,6,2,239.09781,0.0046,target
AMZN,2026-01-20,2026-01-20 11:16:00+00:00,6,2,231.956382,0.0046,target
AMZN,2026-01-20,2026-01-20 11:56:00+00:00,7,2,232.506492,0.0046,target
AMZN,2026-01-20,2026-01-20 12:19:00+00:00,6,2,233.006592,0.0046,target
AMZN,2026-01-20,2026-01-20 12:43:00+00:00,6,2,233.466684,0.0046,target
AMZN,2026-01-20,2026-01-20 14:04:00+00:00,6,2,233.166624,-0.0029000000000000002,stop
AMZN,2026-01-20,2026-01-20 14:29:00+00:00,6,2,233.49668999999997,-0.0029000000000000002,stop
AMZN,2026-01-20,2026-01-20 14:57:00+00:00,6,2,233.416674,-0.0029000000000000002,stop
AMZN,2026-01-20,2026-01-20 15:26:00+00:00,7,2,234.636918,0.0046,target
AMZN,2026-01-20,2026-01-20 15:48:00+00:00,6,2,234.586908,-0.0029000000000000002,stop
AMZN,2026-01-20,2026-01-20 16:08:00+00:00,7,2,234.71693399999998,-0.0029000000000000002,stop
AMZN,2026-01-20,2026-01-20 16:40:00+00:00,6,2,234.47188500000001,-0.0029000000000000002,stop
AMZN,2026-01-20,2026-01-20 17:03:00+00:00,6,2,234.316854,-0.0029000000000000002,stop
AMZN,2026-01-21,2026-01-21 11:20:00+00:00,7,2,231.606312,-0.0029000000000000002,stop
AMZN,2026-01-21,2026-01-21 14:11:00+00:00,8,2,231.286248,-0.0029000000000000002,stop
AMZN,2026-01-21,2026-01-21 14:34:00+00:00,6,2,230.666124,-0.0029000000000000002,stop
AMZN,2026-01-21,2026-01-21 14:58:00+00:00,7,2,231.64632,-0.0029000000000000002,stop
AMZN,2026-01-21,2026-01-21 15:29:00+00:00,7,2,231.29625,0.0046,target
AMZN,2026-01-21,2026-01-21 15:50:00+00:00,6,2,231.556302,-0.0029000000000000002,stop
AMZN,2026-01-21,2026-01-21 16:21:00+00:00,6,2,231.6153138,-0.0029000000000000002,stop
AMZN,2026-01-21,2026-01-21 19:33:00+00:00,6,2,229.920975,0.0046,target
AMZN,2026-01-21,2026-01-21 19:53:00+00:00,6,2,231.476286,-0.0029000000000000002,stop
AMZN,2026-01-21,2026-01-21 20:22:00+00:00,6,2,230.721135,0.0046,target
AMZN,2026-01-21,2026-01-21 20:46:00+00:00,6,2,230.85616199999998,0.0046,target
AMZN,2026-01-21,2026-01-21 21:08:00+00:00,7,2,231.406272,0.0046,target
AMZN,2026-01-21,2026-01-21 21:30:00+00:00,6,2,231.5463,0.0046,target
AMZN,2026-01-21,2026-01-21 21:59:00+00:00,6,2,231.69633,0.0046,target
AMZN,2026-01-21,2026-01-21 23:07:00+00:00,6,2,231.936378,0.0046,target
AMZN,2026-01-22,2026-01-22 09:44:00+00:00,6,2,233.956782,0.0046,target
AMZN,2026-01-22,2026-01-22 10:53:00+00:00,6,2,233.90677200000002,-0.0029000000000000002,stop
AMZN,2026-01-22,2026-01-22 12:07:00+00:00,6,2,233.27664599999997,0.0046,target
AMZN,2026-01-22,2026-01-22 12:39:00+00:00,6,2,233.64672,-0.0029000000000000002,stop
AMZN,2026-01-22,2026-01-22 13:09:00+00:00,6,2,233.99678999999998,0.0046,target
AMZN,2026-01-22,2026-01-22 13:33:00+00:00,7,2,234.05680199999998,0.0046,target
AMZN,2026-01-22,2026-01-22 13:53:00+00:00,7,2,234.60831227999998,0.0046,target
AMZN,2026-01-22,2026-01-22 14:20:00+00:00,6,2,234.44688,-0.0029000000000000002,stop
AMZN,2026-01-22,2026-01-22 15:27:00+00:00,6,2,232.886568,0.0046,target
AMZN,2026-01-22,2026-01-22 15:48:00+00:00,6,2,234.226836,0.0046,target
AMZN,2026-01-22,2026-01-22 16:10:00+00:00,6,2,235.09701,-0.0029000000000000002,stop
AMZN,2026-01-22,2026-01-22 16:38:00+00:00,6,2,234.606912,0.0046,target
AMZN,2026-01-22,2026-01-22 17:02:00+00:00,6,2,235.127016,0.0046,target
AMZN,2026-01-22,2026-01-22 17:24:00+00:00,6,2,234.966984,0.0046,target
AMZN,2026-01-22,2026-01-22 17:51:00+00:00,6,2,235.262043,0.0046,target
AMZN,2026-01-22,2026-01-22 18:11:00+00:00,6,2,235.44708,-0.0029000000000000002,stop
AMZN,2026-01-22,2026-01-22 19:07:00+00:00,6,2,235.167024,0.0046,target
AMZN,2026-01-22,2026-01-22 19:29:00+00:00,7,2,235.11701399999998,-0.0029000000000000002,stop
AMZN,2026-01-22,2026-01-22 19:56:00+00:00,6,2,234.536898,0.0046,target
AMZN,2026-01-22,2026-01-22 20:16:00+00:00,7,2,234.706932,-0.0029000000000000002,stop
AMZN,2026-01-22,2026-01-22 20:53:00+00:00,7,2,234.156822,0.0046,target
AMZN,2026-01-22,2026-01-22 21:20:00+00:00,6,2,234.486888,0.0046,target
AMZN,2026-01-22,2026-01-22 21:55:00+00:00,6,2,234.44688,0.0046,target
AMZN,2026-01-23,2026-01-23 13:17:00+00:00,6,2,235.45708199999999,-0.0029000000000000002,stop
AMZN,2026-01-23,2026-01-23 13:44:00+00:00,6,2,235.047,-0.0029000000000000002,stop
AMZN,2026-01-23,2026-01-23 14:31:00+00:00,8,2,236.267244,-0.0029000000000000002,stop
AMZN,2026-01-23,2026-01-23 14:54:00+00:00,6,2,235.977186,0.0046,target
AMZN,2026-01-23,2026-01-23 15:15:00+00:00,8,2,237.64752,-0.0029000000000000002,stop
AMZN,2026-01-23,2026-01-23 15:35:00+00:00,6,2,237.93527754,0.0046,target
AMZN,2026-01-23,2026-01-23 16:00:00+00:00,8,2,239.96798399999997,-0.0029000000000000002,stop
AMZN,2026-01-23,2026-01-23 16:25:00+00:00,7,2,239.44788,0.0046,target
AMZN,2026-01-23,2026-01-23 16:45:00+00:00,6,2,239.927976,0.0046,target
AMZN,2026-01-23,2026-01-23 17:05:00+00:00,6,2,239.937978,0.0046,target
AMZN,2026-01-23,2026-01-23 17:27:00+00:00,6,2,240.012993,-0.0029000000000000002,stop
AMZN,2026-01-23,2026-01-23 17:49:00+00:00,6,2,239.40287099999998,0.0046,target
AMZN,2026-01-23,2026-01-23 18:09:00+00:00,6,2,239.757942,0.0046,target
AMZN,2026-01-23,2026-01-23 19:06:00+00:00,6,2,239.61791399999998,0.0046,target
AMZN,2026-01-23,2026-01-23 19:26:00+00:00,7,2,239.757942,0.0046,target
AMZN,2026-01-23,2026-01-23 19:47:00+00:00,7,2,239.74793999999997,-0.0029000000000000002,stop
AMZN,2026-01-23,2026-01-23 20:16:00+00:00,6,2,239.377866,0.0046,target
AMZN,2026-01-23,2026-01-23 20:49:00+00:00,6,2,238.887768,0.0046,target
AMZN,2026-01-23,2026-01-23 21:10:00+00:00,6,2,238.867764,0.0046,target
AMZN,2026-01-26,2026-01-26 12:54:00+00:00,6,2,238.59771,-0.0029000000000000002,stop
AMZN,2026-01-26,2026-01-26 13:21:00+00:00,8,2,239.34786,-0.0029000000000000002,stop
AMZN,2026-01-26,2026-01-26 13:46:00+00:00,6,2,239.137818,0.0046,target
AMZN,2026-01-26,2026-01-26 14:07:00+00:00,6,2,239.79795,-0.0029000000000000002,stop
AMZN,2026-01-26,2026-01-26 14:30:00+00:00,6,2,240.078006,-0.0029000000000000002,stop
AMZN,2026-01-26,2026-01-26 15:25:00+00:00,8,2,239.567904,-0.0029000000000000002,stop
AMZN,2026-01-26,2026-01-26 15:46:00+00:00,6,2,239.51909424000002,0.0046,target
AMZN,2026-01-26,2026-01-26 16:10:00+00:00,7,2,239.95078056,-0.0029000000000000002,stop
AMZN,2026-01-26,2026-01-26 16:30:00+00:00,6,2,239.90297099999998,0.0046,target
AMZN,2026-01-26,2026-01-26 17:00:00+00:00,6,2,239.73793799999999,0.0046,target
AMZN,2026-01-26,2026-01-26 17:26:00+00:00,6,2,239.81805402,-0.0029000000000000002,stop
AMZN,2026-01-26,2026-01-26 19:12:00+00:00,6,2,239.3313567,0.0046,target
AMZN,2026-01-26,2026-01-26 20:02:00+00:00,8,2,239.68792799999997,0.0046,target
AMZN,2026-01-26,2026-01-26 20:24:00+00:00,7,2,239.372865,-0.0029000000000000002,stop
AMZN,2026-01-27,2026-01-27 11:00:00+00:00,6,2,239.5479,0.0046,target
AMZN,2026-01-27,2026-01-27 11:53:00+00:00,6,2,239.51789399999998,0.0046,target
AMZN,2026-01-27,2026-01-27 12:34:00+00:00,6,2,239.64792,0.0046,target
AMZN,2026-01-27,2026-01-27 13:14:00+00:00,6,2,240.5481,-0.0029000000000000002,stop
AMZN,2026-01-27,2026-01-27 13:40:00+00:00,6,2,240.178026,0.0046,target
AMZN,2026-01-27,2026-01-27 14:02:00+00:00,6,2,240.12511542,-0.0029000000000000002,stop
AMZN,2026-01-27,2026-01-27 14:26:00+00:00,6,2,239.99799,-0.0029000000000000002,stop
AMZN,2026-01-27,2026-01-27 14:54:00+00:00,6,2,239.477886,-0.0029000000000000002,stop
AMZN,2026-01-27,2026-01-27 15:15:00+00:00,6,2,240.518094,0.0046,target
AMZN,2026-01-27,2026-01-27 15:35:00+00:00,6,2,242.458482,-0.0029000000000000002,stop
AMZN,2026-01-27,2026-01-27 16:00:00+00:00,6,2,241.078206,0.0046,target
AMZN,2026-01-27,2026-01-27 16:24:00+00:00,7,2,241.988388,0.0046,target
AMZN,2026-01-27,2026-01-27 16:44:00+00:00,7,2,242.268444,0.0046,target
AMZN,2026-01-27,2026-01-27 17:07:00+00:00,6,2,241.94838000000001,0.0046,target
AMZN,2026-01-27,2026-01-27 17:29:00+00:00,6,2,242.488488,-0.0029000000000000002,stop
AMZN,2026-01-27,2026-01-27 17:56:00+00:00,6,2,242.293449,0.0046,target
AMZN,2026-01-27,2026-01-27 18:18:00+00:00,6,2,242.523495,0.0046,target
AMZN,2026-01-27,2026-01-27 18:39:00+00:00,6,2,243.773745,-0.0029000000000000002,stop
AMZN,2026-01-27,2026-01-27 19:00:00+00:00,6,2,243.57870599999998,0.0046,target
AMZN,2026-01-27,2026-01-27 19:25:00+00:00,6,2,243.538698,0.0046,target
AMZN,2026-01-27,2026-01-27 19:45:00+00:00,6,2,244.118814,0.0046,target
AMZN,2026-01-27,2026-01-27 20:17:00+00:00,6,2,244.273845,0.0046,target
AMZN,2026-01-27,2026-01-27 20:41:00+00:00,7,2,244.758942,0.0046,target
AMZN,2026-01-27,2026-01-27 21:06:00+00:00,7,2,244.79895,0.0046,target
AMZN,2026-01-27,2026-01-27 21:27:00+00:00,6,2,244.958982,0.0046,target
AMZN,2026-01-27,2026-01-27 21:59:00+00:00,6,2,245.19903,0.0046,target
AMZN,2026-01-28,2026-01-28 10:59:00+00:00,6,2,245.779146,0.0046,target
AMZN,2026-01-28,2026-01-28 11:56:00+00:00,7,2,245.48908799999998,0.0046,target
AMZN,2026-01-28,2026-01-28 12:53:00+00:00,8,2,245.92917599999998,-0.0029000000000000002,stop
AMZN,2026-01-28,2026-01-28 13:18:00+00:00,7,2,245.93917799999997,0.0046,target
AMZN,2026-01-28,2026-01-28 13:38:00+00:00,7,2,246.369264,-0.0029000000000000002,stop
AMZN,2026-01-28,2026-01-28 14:02:00+00:00,7,2,246.14921999999999,-0.0029000000000000002,stop
AMZN,2026-01-28,2026-01-28 14:33:00+00:00,6,2,246.729336,-0.0029000000000000002,stop
AMZN,2026-01-28,2026-01-28 14:53:00+00:00,7,2,246.869364,-0.0029000000000000002,stop
AMZN,2026-01-28,2026-01-28 18:21:00+00:00,6,2,243.258642,-0.0029000000000000002,stop
AMZN,2026-01-28,2026-01-28 18:55:00+00:00,6,2,243.143619,-0.0029000000000000002,stop
AMZN,2026-01-28,2026-01-28 21:46:00+00:00,6,2,243.508692,0.0046,target
AMZN,2026-01-28,2026-01-28 22:09:00+00:00,6,2,243.39866999999998,0.0046,target
AMZN,2026-01-28,2026-01-28 22:31:00+00:00,7,2,243.79874999999998,-0.0029000000000000002,stop
AMZN,2026-01-28,2026-01-28 22:59:00+00:00,6,2,243.14862,-0.0029000000000000002,stop
AMZN,2026-01-29,2026-01-29 11:31:00+00:00,6,2,242.038398,-0.0029000000000000002,stop
AMZN,2026-01-29,2026-01-29 12:05:00+00:00,6,2,241.638318,0.0046,target
AMZN,2026-01-29,2026-01-29 13:40:00+00:00,6,2,241.84836,0.0046,target
AMZN,2026-01-29,2026-01-29 14:31:00+00:00,6,2,242.4594822,-0.0029000000000000002,stop
AMZN,2026-01-29,2026-01-29 17:20:00+00:00,6,2,239.73793799999999,0.0046,target
AMZN,2026-01-29,2026-01-29 17:41:00+00:00,6,2,240.02379516,-0.0029000000000000002,stop
AMZN,2026-01-29,2026-01-29 18:23:00+00:00,7,2,239.757942,-0.0029000000000000002,stop
AMZN,2026-01-29,2026-01-29 18:44:00+00:00,6,2,239.57790599999998,-0.0029000000000000002,stop
AMZN,2026-01-29,2026-01-29 19:22:00+00:00,6,2,239.7369378,-0.0029000000000000002,stop
AMZN,2026-01-29,2026-01-29 20:06:00+00:00,6,2,239.41797402,0.0046,target
AMZN,2026-01-29,2026-01-29 20:30:00+00:00,6,2,240.03799800000002,-0.0029000000000000002,stop
AMZN,2026-01-29,2026-01-29 20:50:00+00:00,6,2,241.258242,-0.0029000000000000002,stop
AMZN,2026-01-29,2026-01-29 21:10:00+00:00,6,2,241.02819599999998,-0.0029000000000000002,stop
AMZN,2026-01-29,2026-01-29 21:34:00+00:00,6,2,242.42187468,-0.0029000000000000002,stop
AMZN,2026-01-29,2026-01-29 21:57:00+00:00,6,2,241.76834399999998,0.0046,target
AMZN,2026-01-29,2026-01-29 22:33:00+00:00,7,2,241.82835599999999,-0.0029000000000000002,stop
AMZN,2026-01-29,2026-01-29 23:05:00+00:00,6,2,241.918374,-0.0029000000000000002,stop
AMZN,2026-01-30,2026-01-30 12:05:00+00:00,6,2,240.59811000000002,-0.0029000000000000002,stop
AMZN,2026-01-30,2026-01-30 14:30:00+00:00,6,2,239.937978,-0.0029000000000000002,stop
AMZN,2026-01-30,2026-01-30 14:54:00+00:00,6,2,242.158422,-0.0029000000000000002,stop
AMZN,2026-01-30,2026-01-30 15:15:00+00:00,7,2,243.068604,-0.0029000000000000002,stop
AMZN,2026-01-30,2026-01-30 15:43:00+00:00,6,2,242.638518,-0.0029000000000000002,stop
AMZN,2026-01-30,2026-01-30 19:11:00+00:00,6,2,241.0482,-0.0029000000000000002,stop
AMZN,2026-02-02,2026-02-02 12:45:00+00:00,6,2,238.107612,0.0046,target
AMZN,2026-02-02,2026-02-02 13:11:00+00:00,6,2,237.807552,-0.0029000000000000002,stop
AMZN,2026-02-02,2026-02-02 13:44:00+00:00,8,2,238.037598,0.0046,target
AMZN,2026-02-02,2026-02-02 14:06:00+00:00,8,2,238.64772,-0.0029000000000000002,stop
AMZN,2026-02-02,2026-02-02 14:30:00+00:00,6,2,238.257642,0.0046,target
AMZN,2026-02-02,2026-02-02 14:56:00+00:00,7,2,242.973585,0.0046,target
AMZN,2026-02-02,2026-02-02 15:19:00+00:00,6,2,244.628916,-0.0029000000000000002,stop
AMZN,2026-02-02,2026-02-02 15:47:00+00:00,6,2,244.453881,-0.0029000000000000002,stop
AMZN,2026-02-02,2026-02-02 16:19:00+00:00,7,2,244.30885199999997,0.0046,target
AMZN,2026-02-02,2026-02-02 16:41:00+00:00,6,2,244.53889800000002,0.0046,target
AMZN,2026-02-02,2026-02-02 17:05:00+00:00,6,2,245.34906,-0.0029000000000000002,stop
AMZN,2026-02-02,2026-02-02 17:28:00+00:00,7,2,245.08900799999998,0.0046,target
AMZN,2026-02-02,2026-02-02 17:49:00+00:00,6,2,245.1920286,-0.0029000000000000002,stop
AMZN,2026-02-02,2026-02-02 18:09:00+00:00,6,2,244.818954,-0.0029000000000000002,stop
AMZN,2026-02-02,2026-02-02 18:32:00+00:00,6,2,243.96878399999997,0.0046,target
AMZN,2026-02-02,2026-02-02 18:52:00+00:00,6,2,243.868764,0.0046,target
AMZN,2026-02-02,2026-02-02 19:16:00+00:00,6,2,243.908772,0.0046,target
AMZN,2026-02-02,2026-02-02 22:43:00+00:00,6,2,243.378666,0.0046,target
AMZN,2026-02-02,2026-02-02 23:20:00+00:00,6,2,243.68402706,0.0046,target
AMZN,2026-02-03,2026-02-03 11:13:00+00:00,6,2,244.69893,0.0046,target
AMZN,2026-02-03,2026-02-03 12:27:00+00:00,6,2,244.908972,-0.0029000000000000002,stop
AMZN,2026-02-03,2026-02-03 13:01:00+00:00,7,2,244.15882200000001,0.0046,target
AMZN,2026-02-03,2026-02-03 17:51:00+00:00,6,2,238.027596,-0.0029000000000000002,stop
AMZN,2026-02-03,2026-02-03 20:39:00+00:00,6,2,238.237638,0.0046,target
AMZN,2026-02-03,2026-02-03 22:48:00+00:00,6,2,238.84776,0.0046,target
AMZN,2026-02-04,2026-02-04 12:06:00+00:00,6,2,239.64792,-0.0029000000000000002,stop
AMZN,2026-02-04,2026-02-04 14:01:00+00:00,6,2,239.34786,-0.0029000000000000002,stop
AMZN,2026-02-04,2026-02-04 14:23:00+00:00,6,2,239.67792599999999,-0.0029000000000000002,stop
AMZN,2026-02-04,2026-02-04 15:24:00+00:00,6,2,238.00699188,-0.0029000000000000002,stop
AMZN,2026-02-04,2026-02-04 15:46:00+00:00,6,2,237.49748999999997,-0.0029000000000000002,stop
AMZN,2026-02-04,2026-02-04 19:52:00+00:00,7,2,233.93677799999998,-0.0029000000000000002,stop
AMZN,2026-02-05,2026-02-05 14:50:00+00:00,6,2,225.3675645,-0.0029000000000000002,stop
AMZN,2026-02-05,2026-02-05 16:23:00+00:00,7,2,223.904772,-0.0029000000000000002,stop
AMZN,2026-02-05,2026-02-05 16:44:00+00:00,7,2,224.60491199999998,-0.0029000000000000002,stop
AMZN,2026-02-05,2026-02-05 17:05:00+00:00,7,2,224.32485599999998,0.0046,target
AMZN,2026-02-05,2026-02-05 17:28:00+00:00,7,2,225.080007,-0.0029000000000000002,stop
AMZN,2026-02-05,2026-02-05 17:50:00+00:00,8,2,225.27504599999997,-0.0029000000000000002,stop
AMZN,2026-02-05,2026-02-05 19:16:00+00:00,6,2,224.08480799999998,-0.0029000000000000002,stop
AMZN,2026-02-06,2026-02-06 09:21:00+00:00,6,2,204.500892,-0.0029000000000000002,stop
AMZN,2026-02-06,2026-02-06 09:45:00+00:00,6,2,205.44108,-0.0029000000000000002,stop
AMZN,2026-02-06,2026-02-06 10:07:00+00:00,7,2,206.611314,-0.0029000000000000002,stop
AMZN,2026-02-06,2026-02-06 10:36:00+00:00,6,2,206.37126600000002,-0.0029000000000000002,stop
AMZN,2026-02-06,2026-02-06 10:58:00+00:00,6,2,206.5413,0.0046,target
AMZN,2026-02-06,2026-02-06 11:28:00+00:00,6,2,204.89096999999998,-0.0029000000000000002,stop
AMZN,2026-02-06,2026-02-06 11:48:00+00:00,7,2,207.04139999999998,-0.0029000000000000002,stop
AMZN,2026-02-06,2026-02-06 12:11:00+00:00,6,2,206.411274,-0.0029000000000000002,stop
AMZN,2026-02-06,2026-02-06 12:44:00+00:00,6,2,204.55090199999998,-0.0029000000000000002,stop
AMZN,2026-02-06,2026-02-06 13:13:00+00:00,6,2,204.920976,-0.0029000000000000002,stop
AMZN,2026-02-06,2026-02-06 14:00:00+00:00,6,2,204.070806,-0.0029000000000000002,stop
AMZN,2026-02-06,2026-02-06 14:27:00+00:00,6,2,205.89117,-0.0029000000000000002,stop
AMZN,2026-02-06,2026-02-06 14:52:00+00:00,7,2,204.26494481999998,-0.0029000000000000002,stop
AMZN,2026-02-06,2026-02-06 15:18:00+00:00,6,2,204.06080400000002,0.0046,target
AMZN,2026-02-06,2026-02-06 15:38:00+00:00,6,2,204.850962,0.0046,target
AMZN,2026-02-06,2026-02-06 16:02:00+00:00,7,2,204.4863891,0.0046,target
AMZN,2026-02-06,2026-02-06 16:29:00+00:00,6,2,204.89096999999998,0.0046,target
AMZN,2026-02-06,2026-02-06 16:53:00+00:00,7,2,205.761144,-0.0029000000000000002,stop
AMZN,2026-02-06,2026-02-06 17:14:00+00:00,7,2,206.31125400000002,0.0046,target
AMZN,2026-02-06,2026-02-06 17:36:00+00:00,7,2,209.79695099999998,-0.0029000000000000002,stop
AMZN,2026-02-06,2026-02-06 17:57:00+00:00,7,2,210.52209599999998,-0.0029000000000000002,stop
AMZN,2026-02-06,2026-02-06 18:18:00+00:00,6,2,208.52879742,-0.0029000000000000002,stop
AMZN,2026-02-06,2026-02-06 19:39:00+00:00,7,2,207.651522,-0.0029000000000000002,stop
AMZN,2026-02-06,2026-02-06 19:59:00+00:00,6,2,205.78694916,0.0046,target
AMZN,2026-02-06,2026-02-06 20:19:00+00:00,6,2,207.99158999999997,0.0046,target
AMZN,2026-02-06,2026-02-06 20:44:00+00:00,6,2,208.76344434,0.0046,target
AMZN,2026-02-06,2026-02-06 21:22:00+00:00,7,2,209.901972,0.0046,target
AMZN,2026-02-06,2026-02-06 21:43:00+00:00,6,2,210.072006,0.0046,target
AMZN,2026-02-06,2026-02-06 22:09:00+00:00,6,2,209.84196,-0.0029000000000000002,stop
AMZN,2026-02-06,2026-02-06 23:19:00+00:00,7,2,209.84196,0.0046,target
AMZN,2026-02-09,2026-02-09 11:34:00+00:00,6,2,210.622116,-0.0029000000000000002,stop
AMZN,2026-02-09,2026-02-09 12:10:00+00:00,6,2,210.612114,-0.0029000000000000002,stop
AMZN,2026-02-09,2026-02-09 12:42:00+00:00,7,2,210.44208,0.0046,target
AMZN,2026-02-09,2026-02-09 13:06:00+00:00,6,2,210.432078,0.0046,target
AMZN,2026-02-09,2026-02-09 15:13:00+00:00,6,2,206.89137,-0.0029000000000000002,stop
AMZN,2026-02-09,2026-02-09 15:39:00+00:00,7,2,208.501692,-0.0029000000000000002,stop
AMZN,2026-02-09,2026-02-09 16:01:00+00:00,7,2,209.351862,-0.0029000000000000002,stop
AMZN,2026-02-09,2026-02-09 16:25:00+00:00,6,2,209.40687300000002,0.0046,target
AMZN,2026-02-09,2026-02-09 16:46:00+00:00,8,2,210.52209599999998,0.0046,target
AMZN,2026-02-09,2026-02-09 17:07:00+00:00,6,2,212.28254802,-0.0029000000000000002,stop
AMZN,2026-02-09,2026-02-09 17:44:00+00:00,6,2,209.9294775,0.0046,target
AMZN,2026-02-09,2026-02-09 18:07:00+00:00,6,2,210.65212200000002,0.0046,target
AMZN,2026-02-09,2026-02-09 18:32:00+00:00,6,2,210.402072,-0.0029000000000000002,stop
AMZN,2026-02-09,2026-02-09 20:06:00+00:00,6,2,209.421876,-0.0029000000000000002,stop
AMZN,2026-02-09,2026-02-09 20:31:00+00:00,6,2,209.23183799999998,-0.0029000000000000002,stop
AMZN,2026-02-09,2026-02-09 20:54:00+00:00,6,2,209.151822,-0.0029000000000000002,stop
AMZN,2026-02-09,2026-02-09 21:27:00+00:00,6,2,209.061804,0.0046,target
AMZN,2026-02-09,2026-02-09 21:47:00+00:00,6,2,209.0418,0.0046,target
AMZN,2026-02-09,2026-02-09 22:26:00+00:00,7,2,209.09070978,0.0046,target
AMZN,2026-02-09,2026-02-09 22:46:00+00:00,6,2,209.21183399999998,0.0046,target
AMZN,2026-02-10,2026-02-10 10:54:00+00:00,8,2,210.08200799999997,0.0046,target
AMZN,2026-02-10,2026-02-10 11:29:00+00:00,6,2,210.25204200000002,0.0046,target
AMZN,2026-02-10,2026-02-10 11:59:00+00:00,6,2,210.222036,0.0046,target
AMZN,2026-02-10,2026-02-10 12:25:00+00:00,7,2,210.29205,-0.0029000000000000002,stop
AMZN,2026-02-10,2026-02-10 13:36:00+00:00,6,2,210.24203999999997,0.0046,target
AMZN,2026-02-10,2026-02-10 13:56:00+00:00,7,2,210.14202,0.0046,target
AMZN,2026-02-10,2026-02-10 14:21:00+00:00,7,2,210.19943148,-0.0029000000000000002,stop
AMZN,2026-02-10,2026-02-10 15:07:00+00:00,7,2,211.382268,-0.0029000000000000002,stop
AMZN,2026-02-10,2026-02-10 15:27:00+00:00,6,2,211.88856924,-0.0029000000000000002,stop
AMZN,2026-02-10,2026-02-10 15:50:00+00:00,6,2,211.297251,-0.0029000000000000002,stop
AMZN,2026-02-10,2026-02-10 16:16:00+00:00,6,2,210.472086,-0.0029000000000000002,stop
AMZN,2026-02-10,2026-02-10 17:15:00+00:00,6,2,210.262044,0.0046,target
AMZN,2026-02-10,2026-02-10 17:36:00+00:00,6,2,210.202032,-0.0029000000000000002,stop
AMZN,2026-02-11,2026-02-11 11:50:00+00:00,7,2,207.54149999999998,-0.0029000000000000002,stop
AMZN,2026-02-11,2026-02-11 12:24:00+00:00,7,2,207.661524,-0.0029000000000000002,stop
AMZN,2026-02-11,2026-02-11 13:01:00+00:00,8,2,207.731538,0.0046,target
AMZN,2026-02-11,2026-02-11 13:31:00+00:00,7,2,207.93157799999997,0.0046,target
AMZN,2026-02-11,2026-02-11 13:51:00+00:00,6,2,208.69313028,0.0046,target
AMZN,2026-02-11,2026-02-11 14:22:00+00:00,6,2,208.62171600000002,-0.0029000000000000002,stop
AMZN,2026-02-11,2026-02-11 15:40:00+00:00,6,2,206.39127,-0.0029000000000000002,stop
AMZN,2026-02-11,2026-02-11 17:46:00+00:00,6,2,204.130818,-0.0029000000000000002,stop
AMZN,2026-02-11,2026-02-11 19:18:00+00:00,6,2,205.00559292,0.0046,target
AMZN,2026-02-11,2026-02-11 22:51:00+00:00,6,2,204.55110204,-0.0029000000000000002,stop
AMZN,2026-02-12,2026-02-12 10:40:00+00:00,6,2,205.29104999999998,-0.0029000000000000002,stop
AMZN,2026-02-12,2026-02-12 20:58:00+00:00,6,2,199.449882,0.0046,target
AMZN,2026-02-12,2026-02-12 21:50:00+00:00,6,2,199.68993,0.0046,target
AMZN,2026-02-13,2026-02-13 09:54:00+00:00,6,2,199.519896,-0.0029000000000000002,stop
AMZN,2026-02-13,2026-02-13 12:40:00+00:00,6,2,198.549702,-0.0029000000000000002,stop
AMZN,2026-02-13,2026-02-13 13:01:00+00:00,6,2,198.91977599999998,-0.0029000000000000002,stop
AMZN,2026-02-13,2026-02-13 13:31:00+00:00,8,2,199.319856,-0.0029000000000000002,stop
AMZN,2026-02-13,2026-02-13 13:53:00+00:00,6,2,199.03979999999999,0.0046,target
AMZN,2026-02-13,2026-02-13 14:14:00+00:00,6,2,199.049802,-0.0029000000000000002,stop
AMZN,2026-02-13,2026-02-13 14:53:00+00:00,6,2,198.904773,-0.0029000000000000002,stop
AMZN,2026-02-13,2026-02-13 15:31:00+00:00,7,2,198.95978399999998,-0.0029000000000000002,stop
AMZN,2026-02-13,2026-02-13 15:56:00+00:00,6,2,199.18983,-0.0029000000000000002,stop
AMZN,2026-02-13,2026-02-13 16:18:00+00:00,6,2,199.32485699999998,0.0046,target
AMZN,2026-02-13,2026-02-13 16:39:00+00:00,6,2,200.445081,0.0046,target
AMZN,2026-02-13,2026-02-13 17:11:00+00:00,6,2,200.33005799999998,0.0046,target
AMZN,2026-02-13,2026-02-13 17:32:00+00:00,6,2,201.080208,-0.0029000000000000002,stop
AMZN,2026-02-13,2026-02-13 18:44:00+00:00,6,2,199.98978996,-0.0029000000000000002,stop
AMZN,2026-02-13,2026-02-13 19:18:00+00:00,6,2,199.869966,0.0046,target
AMZN,2026-02-13,2026-02-13 19:50:00+00:00,6,2,199.749942,-0.0029000000000000002,stop
AMZN,2026-02-17,2026-02-17 12:17:00+00:00,6,2,198.83976,-0.0029000000000000002,stop
AMZN,2026-02-17,2026-02-17 13:28:00+00:00,6,2,198.81975599999998,-0.0029000000000000002,stop
AMZN,2026-02-17,2026-02-17 13:52:00+00:00,6,2,199.309854,-0.0029000000000000002,stop
AMZN,2026-02-17,2026-02-17 14:13:00+00:00,7,2,199.48988999999997,-0.0029000000000000002,stop
AMZN,2026-02-17,2026-02-17 14:38:00+00:00,6,2,199.949982,-0.0029000000000000002,stop
AMZN,2026-02-17,2026-02-17 15:04:00+00:00,6,2,198.6267174,-0.0029000000000000002,stop
AMZN,2026-02-17,2026-02-17 15:24:00+00:00,6,2,198.68973,-0.0029000000000000002,stop
AMZN,2026-02-17,2026-02-17 15:44:00+00:00,6,2,199.459884,-0.0029000000000000002,stop
AMZN,2026-02-17,2026-02-17 16:04:00+00:00,6,2,200.5611042,0.0046,target
AMZN,2026-02-17,2026-02-17 16:25:00+00:00,7,2,201.550302,-0.0029000000000000002,stop
AMZN,2026-02-17,2026-02-17 16:48:00+00:00,6,2,200.99018999999998,-0.0029000000000000002,stop
AMZN,2026-02-17,2026-02-17 17:08:00+00:00,6,2,200.99018999999998,-0.0029000000000000002,stop
AMZN,2026-02-17,2026-02-17 18:21:00+00:00,6,2,199.784949,0.0046,target
AMZN,2026-02-17,2026-02-17 18:43:00+00:00,6,2,201.18022799999997,0.0046,target
AMZN,2026-02-17,2026-02-17 19:03:00+00:00,6,2,201.02519700000002,0.0046,target
AMZN,2026-02-17,2026-02-17 19:24:00+00:00,6,2,201.29025,0.0046,target
AMZN,2026-02-17,2026-02-17 19:45:00+00:00,6,2,201.270246,-0.0029000000000000002,stop
AMZN,2026-02-17,2026-02-17 20:05:00+00:00,6,2,201.21023399999999,-0.0029000000000000002,stop
AMZN,2026-02-17,2026-02-17 20:47:00+00:00,6,2,200.805153,-0.0029000000000000002,stop
AMZN,2026-02-17,2026-02-17 21:25:00+00:00,6,2,200.810154,0.0046,target
AMZN,2026-02-17,2026-02-17 21:48:00+00:00,7,2,200.95018199999998,0.0046,target
AMZN,2026-02-17,2026-02-17 22:16:00+00:00,6,2,201.19793154,0.0046,target
AMZN,2026-02-17,2026-02-17 22:46:00+00:00,7,2,201.330258,-0.0029000000000000002,stop
AMZN,2026-02-18,2026-02-18 09:49:00+00:00,7,2,203.99078999999998,0.0046,target
AMZN,2026-02-18,2026-02-18 10:11:00+00:00,6,2,204.380868,0.0046,target
AMZN,2026-02-18,2026-02-18 10:50:00+00:00,7,2,204.40087200000002,0.0046,target
AMZN,2026-02-18,2026-02-18 11:27:00+00:00,6,2,204.34086000000002,0.0046,target
AMZN,2026-02-18,2026-02-18 11:59:00+00:00,6,2,204.21083399999998,0.0046,target
AMZN,2026-02-18,2026-02-18 12:19:00+00:00,6,2,204.55090199999998,-0.0029000000000000002,stop
AMZN,2026-02-18,2026-02-18 12:51:00+00:00,7,2,203.99078999999998,-0.0029000000000000002,stop
AMZN,2026-02-18,2026-02-18 13:19:00+00:00,6,2,203.85376259999998,-0.0029000000000000002,stop
AMZN,2026-02-18,2026-02-18 14:36:00+00:00,7,2,204.43087799999998,-0.0029000000000000002,stop
AMZN,2026-02-18,2026-02-18 14:59:00+00:00,6,2,205.45608299999998,-0.0029000000000000002,stop
AMZN,2026-02-18,2026-02-18 15:21:00+00:00,7,2,205.701132,0.0046,target
AMZN,2026-02-18,2026-02-18 15:41:00+00:00,6,2,206.15122200000002,0.0046,target
AMZN,2026-02-18,2026-02-18 16:03:00+00:00,6,2,206.30125199999998,-0.0029000000000000002,stop
AMZN,2026-02-18,2026-02-18 16:24:00+00:00,6,2,206.36126399999998,-0.0029000000000000002,stop
AMZN,2026-02-18,2026-02-18 17:12:00+00:00,7,2,206.03119800000002,0.0046,target
AMZN,2026-02-18,2026-02-18 17:49:00+00:00,6,2,205.84116,0.0046,target
AMZN,2026-02-18,2026-02-18 18:10:00+00:00,6,2,206.10101196,0.0046,target
AMZN,2026-02-18,2026-02-18 18:59:00+00:00,7,2,205.716135,0.0046,target
AMZN,2026-02-18,2026-02-18 20:43:00+00:00,6,2,205.11101399999998,0.0046,target
AMZN,2026-02-18,2026-02-18 22:46:00+00:00,6,2,205.161024,0.0046,target
AMZN,2026-02-19,2026-02-19 11:11:00+00:00,6,2,204.570906,-0.0029000000000000002,stop
AMZN,2026-02-19,2026-02-19 13:01:00+00:00,6,2,205.5411,-0.0029000000000000002,stop
AMZN,2026-02-19,2026-02-19 14:31:00+00:00,6,2,204.67092599999998,-0.0029000000000000002,stop
AMZN,2026-02-19,2026-02-19 15:00:00+00:00,6,2,204.230838,0.0046,target
AMZN,2026-02-19,2026-02-19 15:25:00+00:00,6,2,204.34086000000002,-0.0029000000000000002,stop
AMZN,2026-02-19,2026-02-19 16:01:00+00:00,7,2,204.73093799999998,0.0046,target
AMZN,2026-02-19,2026-02-19 16:21:00+00:00,8,2,205.45108199999999,-0.0029000000000000002,stop
AMZN,2026-02-19,2026-02-19 16:44:00+00:00,6,2,205.32485676000002,-0.0029000000000000002,stop
AMZN,2026-02-19,2026-02-19 17:08:00+00:00,6,2,205.151022,-0.0029000000000000002,stop
AMZN,2026-02-19,2026-02-19 18:53:00+00:00,6,2,204.620916,0.0046,target
AMZN,2026-02-19,2026-02-19 19:13:00+00:00,6,2,205.06090398,-0.0029000000000000002,stop
AMZN,2026-02-19,2026-02-19 20:46:00+00:00,6,2,204.500892,0.0046,target
AMZN,2026-02-19,2026-02-19 21:12:00+00:00,6,2,204.850962,0.0046,target
AMZN,2026-02-19,2026-02-19 21:34:00+00:00,6,2,204.630918,0.0046,target
AMZN,2026-02-19,2026-02-19 22:01:00+00:00,6,2,204.750942,0.0046,target
AMZN,2026-02-19,2026-02-19 22:48:00+00:00,6,2,204.83095799999998,0.0046,target
AMZN,2026-02-20,2026-02-20 12:18:00+00:00,6,2,205.421076,-0.0029000000000000002,stop
AMZN,2026-02-20,2026-02-20 13:05:00+00:00,6,2,205.861164,-0.0029000000000000002,stop
AMZN,2026-02-20,2026-02-20 14:39:00+00:00,6,2,205.89617099999998,0.0046,target
AMZN,2026-02-20,2026-02-20 15:07:00+00:00,6,2,208.5417,0.0046,target
AMZN,2026-02-20,2026-02-20 15:32:00+00:00,6,2,208.95168198,-0.0029000000000000002,stop
AMZN,2026-02-20,2026-02-20 15:53:00+00:00,7,2,210.382068,-0.0029000000000000002,stop
AMZN,2026-02-20,2026-02-20 16:47:00+00:00,7,2,209.49188999999998,-0.0029000000000000002,stop
AMZN,2026-02-20,2026-02-20 17:44:00+00:00,6,2,208.601712,0.0046,target
AMZN,2026-02-20,2026-02-20 18:04:00+00:00,6,2,209.381868,-0.0029000000000000002,stop
AMZN,2026-02-20,2026-02-20 18:32:00+00:00,6,2,209.68192799999997,0.0046,target
AMZN,2026-02-20,2026-02-20 18:53:00+00:00,7,2,211.012194,-0.0029000000000000002,stop
AMZN,2026-02-20,2026-02-20 19:18:00+00:00,6,2,209.851962,0.0046,target
AMZN,2026-02-20,2026-02-20 20:02:00+00:00,6,2,209.696931,0.0046,target
AMZN,2026-02-20,2026-02-20 20:45:00+00:00,7,2,209.851962,0.0046,target
AMZN,2026-02-20,2026-02-20 21:07:00+00:00,6,2,210.122016,0.0046,target
AMZN,2026-02-20,2026-02-20 21:30:00+00:00,6,2,210.042,0.0046,target
AMZN,2026-02-20,2026-02-20 22:02:00+00:00,6,2,210.042,0.0046,target
AMZN,2026-02-20,2026-02-20 22:52:00+00:00,6,2,210.052002,0.0046,target
AMZN,2026-02-23,2026-02-23 13:37:00+00:00,6,2,208.44168,0.0046,target
AMZN,2026-02-23,2026-02-23 17:54:00+00:00,6,2,204.230838,-0.0029000000000000002,stop
AMZN,2026-02-23,2026-02-23 19:31:00+00:00,6,2,204.580908,0.0046,target
AMZN,2026-02-23,2026-02-23 20:34:00+00:00,8,2,205.101012,0.0046,target
AMZN,2026-02-23,2026-02-23 20:55:00+00:00,6,2,204.900972,0.0046,target
AMZN,2026-02-23,2026-02-23 21:17:00+00:00,7,2,205.16112402000002,0.0046,target
AMZN,2026-02-23,2026-02-23 21:42:00+00:00,6,2,205.33105799999998,0.0046,target
AMZN,2026-02-23,2026-02-23 22:19:00+00:00,6,2,205.281048,0.0046,target
AMZN,2026-02-23,2026-02-23 23:17:00+00:00,6,2,205.18102799999997,0.0046,target
AMZN,2026-02-24,2026-02-24 12:00:00+00:00,7,2,205.621116,0.0046,target
AMZN,2026-02-24,2026-02-24 13:42:00+00:00,6,2,205.49959169999997,0.0046,target
AMZN,2026-02-24,2026-02-24 14:07:00+00:00,6,2,205.661124,-0.0029000000000000002,stop
AMZN,2026-02-24,2026-02-24 14:46:00+00:00,7,2,206.331258,-0.0029000000000000002,stop
AMZN,2026-02-24,2026-02-24 15:06:00+00:00,6,2,205.421076,0.0046,target
AMZN,2026-02-24,2026-02-24 15:33:00+00:00,7,2,207.821556,-0.0029000000000000002,stop
AMZN,2026-02-24,2026-02-24 15:54:00+00:00,7,2,207.561504,0.0046,target
AMZN,2026-02-24,2026-02-24 16:17:00+00:00,6,2,208.476687,0.0046,target
AMZN,2026-02-24,2026-02-24 16:41:00+00:00,7,2,209.43187799999998,-0.0029000000000000002,stop
AMZN,2026-02-24,2026-02-24 17:02:00+00:00,6,2,209.17182599999998,0.0046,target
AMZN,2026-02-24,2026-02-24 17:22:00+00:00,7,2,209.636919,0.0046,target
AMZN,2026-02-24,2026-02-24 17:43:00+00:00,6,2,209.68192799999997,-0.0029000000000000002,stop
AMZN,2026-02-24,2026-02-24 18:03:00+00:00,7,2,209.651922,-0.0029000000000000002,stop
AMZN,2026-02-24,2026-02-24 18:31:00+00:00,7,2,209.5419,0.0046,target
AMZN,2026-02-24,2026-02-24 18:53:00+00:00,7,2,210.282048,-0.0029000000000000002,stop
AMZN,2026-02-24,2026-02-24 19:49:00+00:00,6,2,208.811754,0.0046,target
AMZN,2026-02-24,2026-02-24 20:26:00+00:00,6,2,208.601712,0.0046,target
AMZN,2026-02-24,2026-02-24 20:55:00+00:00,7,2,208.701732,0.0046,target
AMZN,2026-02-24,2026-02-24 21:29:00+00:00,6,2,208.661724,0.0046,target
AMZN,2026-02-24,2026-02-24 21:57:00+00:00,6,2,208.661724,0.0046,target
AMZN,2026-02-25,2026-02-25 11:26:00+00:00,7,2,209.74193999999997,0.0046,target
AMZN,2026-02-25,2026-02-25 12:21:00+00:00,6,2,209.661924,0.0046,target
AMZN,2026-02-25,2026-02-25 12:53:00+00:00,8,2,209.861964,-0.0029000000000000002,stop
AMZN,2026-02-25,2026-02-25 13:15:00+00:00,8,2,210.03849929999998,0.0046,target
AMZN,2026-02-25,2026-02-25 13:53:00+00:00,6,2,209.89197,0.0046,target
AMZN,2026-02-25,2026-02-25 14:27:00+00:00,6,2,209.7429402,0.0046,target
AMZN,2026-02-25,2026-02-25 14:55:00+00:00,6,2,210.752142,-0.0029000000000000002,stop
AMZN,2026-02-25,2026-02-25 15:48:00+00:00,6,2,210.887169,-0.0029000000000000002,stop
AMZN,2026-02-25,2026-02-25 19:07:00+00:00,6,2,209.981988,0.0046,target
AMZN,2026-02-25,2026-02-25 19:32:00+00:00,8,2,210.08970954,0.0046,target
AMZN,2026-02-25,2026-02-25 19:52:00+00:00,6,2,210.282048,0.0046,target
AMZN,2026-02-25,2026-02-25 20:15:00+00:00,6,2,210.482088,0.0046,target
AMZN,2026-02-25,2026-02-25 20:36:00+00:00,6,2,210.31205400000002,0.0046,target
AMZN,2026-02-25,2026-02-25 20:57:00+00:00,6,2,210.502092,0.0046,target
AMZN,2026-02-25,2026-02-25 21:18:00+00:00,6,2,210.39207,0.0046,target
AMZN,2026-02-25,2026-02-25 21:39:00+00:00,7,2,210.822156,0.0046,target
AMZN,2026-02-25,2026-02-25 22:01:00+00:00,7,2,210.86216399999998,-0.0029000000000000002,stop
AMZN,2026-02-26,2026-02-26 09:47:00+00:00,6,2,211.02219599999998,0.0046,target
AMZN,2026-02-26,2026-02-26 13:35:00+00:00,8,2,210.732138,0.0046,target
AMZN,2026-02-26,2026-02-26 14:03:00+00:00,6,2,210.73553868,-0.0029000000000000002,stop
AMZN,2026-02-26,2026-02-26 16:08:00+00:00,6,2,208.561704,-0.0029000000000000002,stop
AMZN,2026-02-26,2026-02-26 19:11:00+00:00,7,2,207.90157200000002,0.0046,target
AMZN,2026-02-26,2026-02-26 19:40:00+00:00,8,2,208.06160400000002,0.0046,target
AMZN,2026-02-26,2026-02-26 20:02:00+00:00,6,2,208.231638,-0.0029000000000000002,stop
AMZN,2026-02-26,2026-02-26 20:40:00+00:00,6,2,208.081608,-0.0029000000000000002,stop
AMZN,2026-02-27,2026-02-27 13:54:00+00:00,6,2,206.99139,-0.0029000000000000002,stop
AMZN,2026-02-27,2026-02-27 14:18:00+00:00,6,2,206.95148202,-0.0029000000000000002,stop
AMZN,2026-02-27,2026-02-27 15:16:00+00:00,7,2,207.83165802,0.0046,target
AMZN,2026-02-27,2026-02-27 15:41:00+00:00,6,2,208.186629,0.0046,target
AMZN,2026-02-27,2026-02-27 16:04:00+00:00,6,2,208.96188401999999,-0.0029000000000000002,stop
AMZN,2026-02-27,2026-02-27 16:26:00+00:00,6,2,208.371666,-0.0029000000000000002,stop
AMZN,2026-02-27,2026-02-27 16:46:00+00:00,6,2,207.88896948,0.0046,target
AMZN,2026-02-27,2026-02-27 17:12:00+00:00,7,2,208.71173399999998,-0.0029000000000000002,stop
AMZN,2026-02-27,2026-02-27 17:38:00+00:00,6,2,208.251642,-0.0029000000000000002,stop
AMZN,2026-02-27,2026-02-27 17:59:00+00:00,7,2,208.071606,0.0046,target
AMZN,2026-02-27,2026-02-27 18:39:00+00:00,6,2,208.531698,0.0046,target
AMZN,2026-02-27,2026-02-27 19:02:00+00:00,6,2,208.93547873999998,0.0046,target
AMZN,2026-02-27,2026-02-27 19:28:00+00:00,6,2,208.94198004,0.0046,target
AMZN,2026-02-27,2026-02-27 20:06:00+00:00,7,2,209.501892,-0.0029000000000000002,stop
AMZN,2026-02-27,2026-02-27 20:32:00+00:00,6,2,209.351862,-0.0029000000000000002,stop
AMZN,2026-02-27,2026-02-27 20:55:00+00:00,6,2,209.831958,-0.0029000000000000002,stop
AMZN,2026-02-27,2026-02-27 21:15:00+00:00,6,2,210.052002,0.0046,target
AMZN,2026-02-27,2026-02-27 21:46:00+00:00,7,2,210.042,0.0046,target
AMZN,2026-02-27,2026-02-27 22:15:00+00:00,7,2,210.001992,0.0046,target
AMZN,2026-02-27,2026-02-27 22:38:00+00:00,6,2,210.042,0.0046,target
AMZN,2026-02-27,2026-02-27 23:04:00+00:00,6,2,209.84196,-0.0029000000000000002,stop
AMZN,2026-03-02,2026-03-02 10:54:00+00:00,7,2,205.101012,0.0046,target
AMZN,2026-03-02,2026-03-02 11:31:00+00:00,6,2,205.17102599999998,0.0046,target
AMZN,2026-03-02,2026-03-02 12:13:00+00:00,6,2,205.14102,0.0046,target
AMZN,2026-03-02,2026-03-02 13:22:00+00:00,6,2,205.80115199999997,0.0046,target
AMZN,2026-03-02,2026-03-02 13:48:00+00:00,6,2,205.731138,-0.0029000000000000002,stop
AMZN,2026-03-02,2026-03-02 14:38:00+00:00,6,2,206.831358,-0.0029000000000000002,stop
AMZN,2026-03-02,2026-03-02 15:02:00+00:00,6,2,207.34146,0.0046,target
AMZN,2026-03-02,2026-03-02 15:24:00+00:00,7,2,208.28164800000002,-0.0029000000000000002,stop
AMZN,2026-03-02,2026-03-02 15:50:00+00:00,8,2,208.381668,-0.0029000000000000002,stop
AMZN,2026-03-02,2026-03-02 16:46:00+00:00,7,2,208.821756,0.0046,target
AMZN,2026-03-02,2026-03-02 17:06:00+00:00,6,2,208.686729,0.0046,target
AMZN,2026-03-02,2026-03-02 17:29:00+00:00,6,2,208.501692,0.0046,target
AMZN,2026-03-02,2026-03-02 17:52:00+00:00,6,2,208.59171,0.0046,target
AMZN,2026-03-02,2026-03-02 18:12:00+00:00,7,2,208.70683302,0.0046,target
AMZN,2026-03-02,2026-03-02 18:32:00+00:00,8,2,208.801752,-0.0029000000000000002,stop
AMZN,2026-03-02,2026-03-02 19:07:00+00:00,6,2,208.571706,0.0046,target
AMZN,2026-03-02,2026-03-02 20:04:00+00:00,6,2,208.451682,-0.0029000000000000002,stop
AMZN,2026-03-02,2026-03-02 20:38:00+00:00,6,2,207.92657699999998,0.0046,target
AMZN,2026-03-02,2026-03-02 20:59:00+00:00,7,2,208.496691,-0.0029000000000000002,stop
AMZN,2026-03-02,2026-03-02 21:52:00+00:00,6,2,208.19223012,0.0046,target
AMZN,2026-03-02,2026-03-02 23:00:00+00:00,7,2,208.231638,0.0046,target
AMZN,2026-03-03,2026-03-03 12:09:00+00:00,7,2,203.970786,0.0046,target
AMZN,2026-03-03,2026-03-03 12:31:00+00:00,6,2,204.130818,0.0046,target
AMZN,2026-03-03,2026-03-03 13:06:00+00:00,7,2,203.960784,0.0046,target
AMZN,2026-03-03,2026-03-03 13:57:00+00:00,6,2,204.000792,-0.0029000000000000002,stop
AMZN,2026-03-03,2026-03-03 14:37:00+00:00,6,2,204.10581299999998,-0.0029000000000000002,stop
AMZN,2026-03-03,2026-03-03 15:01:00+00:00,6,2,203.99078999999998,-0.0029000000000000002,stop
AMZN,2026-03-03,2026-03-03 16:04:00+00:00,7,2,204.200832,0.0046,target
AMZN,2026-03-03,2026-03-03 16:29:00+00:00,6,2,205.921176,-0.0029000000000000002,stop
AMZN,2026-03-03,2026-03-03 16:50:00+00:00,6,2,206.616315,-0.0029000000000000002,stop
AMZN,2026-03-03,2026-03-03 17:15:00+00:00,7,2,206.201232,0.0046,target
AMZN,2026-03-03,2026-03-03 17:37:00+00:00,7,2,206.221236,0.0046,target
AMZN,2026-03-03,2026-03-03 18:01:00+00:00,7,2,206.70133199999998,0.0046,target
AMZN,2026-03-03,2026-03-03 18:21:00+00:00,8,2,207.516495,0.0046,target
AMZN,2026-03-03,2026-03-03 18:42:00+00:00,7,2,208.55170199999998,-0.0029000000000000002,stop
AMZN,2026-03-03,2026-03-03 19:04:00+00:00,6,2,208.421676,-0.0029000000000000002,stop
AMZN,2026-03-03,2026-03-03 19:26:00+00:00,6,2,208.016595,-0.0029000000000000002,stop
AMZN,2026-03-03,2026-03-03 19:46:00+00:00,7,2,208.786749,-0.0029000000000000002,stop
AMZN,2026-03-03,2026-03-03 20:12:00+00:00,6,2,209.001792,-0.0029000000000000002,stop
AMZN,2026-03-03,2026-03-03 20:32:00+00:00,6,2,208.851762,-0.0029000000000000002,stop
AMZN,2026-03-03,2026-03-03 20:54:00+00:00,6,2,208.471686,0.0046,target
AMZN,2026-03-04,2026-03-04 10:14:00+00:00,6,2,208.99178999999998,0.0046,target
AMZN,2026-03-04,2026-03-04 11:08:00+00:00,8,2,209.421876,-0.0029000000000000002,stop
AMZN,2026-03-04,2026-03-04 13:00:00+00:00,6,2,208.751742,-0.0029000000000000002,stop
AMZN,2026-03-04,2026-03-04 13:22:00+00:00,7,2,209.581908,0.0046,target
AMZN,2026-03-04,2026-03-04 13:43:00+00:00,7,2,210.1405197,0.0046,target
AMZN,2026-03-04,2026-03-04 14:10:00+00:00,6,2,209.81195400000001,0.0046,target
AMZN,2026-03-04,2026-03-04 14:31:00+00:00,8,2,211.797351,-0.0029000000000000002,stop
AMZN,2026-03-04,2026-03-04 14:52:00+00:00,8,2,213.71273399999998,0.0046,target
AMZN,2026-03-04,2026-03-04 15:13:00+00:00,6,2,214.58290799999997,0.0046,target
AMZN,2026-03-04,2026-03-04 15:38:00+00:00,6,2,216.533298,-0.0029000000000000002,stop
AMZN,2026-03-04,2026-03-04 16:07:00+00:00,6,2,216.323256,-0.0029000000000000002,stop
AMZN,2026-03-04,2026-03-04 16:36:00+00:00,6,2,215.68312799999998,-0.0029000000000000002,stop
AMZN,2026-03-04,2026-03-04 16:56:00+00:00,6,2,215.653122,-0.0029000000000000002,stop
AMZN,2026-03-04,2026-03-04 17:44:00+00:00,6,2,215.053002,0.0046,target
AMZN,2026-03-04,2026-03-04 18:04:00+00:00,6,2,215.43317801999999,0.0046,target
AMZN,2026-03-04,2026-03-04 18:24:00+00:00,6,2,215.74313999999998,0.0046,target
AMZN,2026-03-04,2026-03-04 18:44:00+00:00,6,2,216.703332,-0.0029000000000000002,stop
AMZN,2026-03-04,2026-03-04 19:04:00+00:00,6,2,216.863364,0.0046,target
AMZN,2026-03-04,2026-03-04 19:24:00+00:00,6,2,216.958383,-0.0029000000000000002,stop
AMZN,2026-03-04,2026-03-04 19:49:00+00:00,6,2,216.813354,0.0046,target
AMZN,2026-03-04,2026-03-04 20:09:00+00:00,6,2,216.89336999999998,-0.0029000000000000002,stop
AMZN,2026-03-04,2026-03-04 20:35:00+00:00,6,2,216.803352,0.0046,target
AMZN,2026-03-04,2026-03-04 20:55:00+00:00,7,2,216.923376,-0.0029000000000000002,stop
AMZN,2026-03-04,2026-03-04 22:34:00+00:00,6,2,216.84336000000002,-0.0029000000000000002,stop
AMZN,2026-03-05,2026-03-05 14:31:00+00:00,7,2,217.488489,0.0046,target
AMZN,2026-03-05,2026-03-05 14:58:00+00:00,6,2,218.728737,-0.0029000000000000002,stop
AMZN,2026-03-05,2026-03-05 16:41:00+00:00,6,2,217.863564,-0.0029000000000000002,stop
AMZN,2026-03-05,2026-03-05 17:02:00+00:00,6,2,218.223636,-0.0029000000000000002,stop
AMZN,2026-03-05,2026-03-05 17:24:00+00:00,6,2,218.09361,-0.0029000000000000002,stop
AMZN,2026-03-05,2026-03-05 17:53:00+00:00,6,2,218.258643,-0.0029000000000000002,stop
AMZN,2026-03-05,2026-03-05 19:49:00+00:00,6,2,218.0436,0.0046,target
AMZN,2026-03-05,2026-03-05 20:09:00+00:00,7,2,218.52369599999997,0.0046,target
AMZN,2026-03-05,2026-03-05 20:29:00+00:00,6,2,219.013794,0.0046,target
AMZN,2026-03-05,2026-03-05 20:52:00+00:00,7,2,219.52389599999998,-0.0029000000000000002,stop
AMZN,2026-03-06,2026-03-06 14:33:00+00:00,6,2,216.223236,0.0046,target
AMZN,2026-03-06,2026-03-06 16:01:00+00:00,6,2,216.383268,-0.0029000000000000002,stop
AMZN,2026-03-06,2026-03-06 16:43:00+00:00,6,2,215.76314399999998,0.0046,target
AMZN,2026-03-06,2026-03-06 17:04:00+00:00,6,2,216.30825299999998,-0.0029000000000000002,stop
AMZN,2026-03-09,2026-03-09 10:37:00+00:00,6,2,210.011994,-0.0029000000000000002,stop
AMZN,2026-03-09,2026-03-09 11:46:00+00:00,6,2,210.422076,0.0046,target
AMZN,2026-03-09,2026-03-09 12:16:00+00:00,6,2,210.49209,-0.0029000000000000002,stop
AMZN,2026-03-09,2026-03-09 13:14:00+00:00,6,2,210.44208,-0.0029000000000000002,stop
AMZN,2026-03-09,2026-03-09 13:34:00+00:00,6,2,210.93717900000001,-0.0029000000000000002,stop
AMZN,2026-03-09,2026-03-09 14:21:00+00:00,6,2,209.166825,0.0046,target
AMZN,2026-03-09,2026-03-09 14:41:00+00:00,7,2,210.19203,-0.0029000000000000002,stop
AMZN,2026-03-09,2026-03-09 15:02:00+00:00,6,2,210.822156,-0.0029000000000000002,stop
AMZN,2026-03-09,2026-03-09 15:23:00+00:00,6,2,210.602112,-0.0029000000000000002,stop
AMZN,2026-03-09,2026-03-09 15:46:00+00:00,7,2,210.34206,0.0046,target
AMZN,2026-03-09,2026-03-09 16:22:00+00:00,6,2,210.39207,-0.0029000000000000002,stop
AMZN,2026-03-09,2026-03-09 16:53:00+00:00,9,2,210.412074,-0.0029000000000000002,stop
AMZN,2026-03-09,2026-03-09 17:15:00+00:00,6,2,210.377067,-0.0029000000000000002,stop
AMZN,2026-03-09,2026-03-09 18:08:00+00:00,6,2,209.73633888,-0.0029000000000000002,stop
AMZN,2026-03-09,2026-03-09 18:35:00+00:00,9,2,209.816955,-0.0029000000000000002,stop
AMZN,2026-03-09,2026-03-09 19:20:00+00:00,8,2,211.19223,0.0046,target
AMZN,2026-03-09,2026-03-09 19:44:00+00:00,6,2,213.062604,0.0046,target
AMZN,2026-03-09,2026-03-09 20:06:00+00:00,6,2,213.282648,-0.0029000000000000002,stop
AMZN,2026-03-09,2026-03-09 20:27:00+00:00,6,2,212.862564,0.0046,target
AMZN,2026-03-09,2026-03-09 20:48:00+00:00,6,2,213.29265,0.0046,target
AMZN,2026-03-09,2026-03-09 21:18:00+00:00,6,2,213.24264,0.0046,target
AMZN,2026-03-09,2026-03-09 22:15:00+00:00,6,2,212.99258999999998,0.0046,target
AMZN,2026-03-10,2026-03-10 12:54:00+00:00,8,2,213.802752,0.0046,target
AMZN,2026-03-10,2026-03-10 13:15:00+00:00,6,2,213.74274,-0.0029000000000000002,stop
AMZN,2026-03-10,2026-03-10 13:54:00+00:00,6,2,213.84276,-0.0029000000000000002,stop
AMZN,2026-03-10,2026-03-10 14:26:00+00:00,8,2,214.31285400000002,0.0046,target
AMZN,2026-03-10,2026-03-10 14:47:00+00:00,6,2,214.86296399999998,0.0046,target
AMZN,2026-03-10,2026-03-10 15:18:00+00:00,6,2,215.123016,-0.0029000000000000002,stop
AMZN,2026-03-10,2026-03-10 16:19:00+00:00,6,2,214.767945,0.0046,target
AMZN,2026-03-10,2026-03-10 16:40:00+00:00,6,2,215.263044,0.0046,target
AMZN,2026-03-10,2026-03-10 17:02:00+00:00,6,2,215.413074,-0.0029000000000000002,stop
AMZN,2026-03-10,2026-03-10 17:23:00+00:00,7,2,215.08300799999998,-0.0029000000000000002,stop
AMZN,2026-03-10,2026-03-10 17:58:00+00:00,6,2,215.113014,-0.0029000000000000002,stop
AMZN,2026-03-10,2026-03-10 18:42:00+00:00,6,2,214.46288399999997,0.0046,target
AMZN,2026-03-10,2026-03-10 19:17:00+00:00,6,2,214.58290799999997,-0.0029000000000000002,stop
AMZN,2026-03-10,2026-03-10 20:07:00+00:00,7,2,214.57280598,0.0046,target
AMZN,2026-03-10,2026-03-10 20:30:00+00:00,6,2,214.662924,0.0046,target
AMZN,2026-03-10,2026-03-10 20:58:00+00:00,6,2,214.92297599999998,0.0046,target
AMZN,2026-03-10,2026-03-10 21:50:00+00:00,6,2,214.74293999999998,0.0046,target
AMZN,2026-03-11,2026-03-11 12:07:00+00:00,7,2,214.832958,-0.0029000000000000002,stop
AMZN,2026-03-11,2026-03-11 13:05:00+00:00,6,2,214.92297599999998,0.0046,target
AMZN,2026-03-11,2026-03-11 13:33:00+00:00,7,2,216.29325,-0.0029000000000000002,stop
AMZN,2026-03-11,2026-03-11 14:01:00+00:00,6,2,216.603312,-0.0029000000000000002,stop
AMZN,2026-03-11,2026-03-11 16:34:00+00:00,6,2,213.072606,0.0046,target
AMZN,2026-03-11,2026-03-11 18:43:00+00:00,6,2,212.907573,0.0046,target
AMZN,2026-03-12,2026-03-12 13:02:00+00:00,6,2,211.34226,-0.0029000000000000002,stop
AMZN,2026-03-12,2026-03-12 13:39:00+00:00,6,2,210.79215,-0.0029000000000000002,stop
AMZN,2026-03-12,2026-03-12 14:11:00+00:00,6,2,211.14221999999998,-0.0029000000000000002,stop
AMZN,2026-03-12,2026-03-12 16:06:00+00:00,8,2,210.21803519999997,-0.0029000000000000002,stop
AMZN,2026-03-12,2026-03-12 16:39:00+00:00,6,2,210.202032,-0.0029000000000000002,stop
AMZN,2026-03-12,2026-03-12 17:00:00+00:00,6,2,210.222036,0.0046,target
AMZN,2026-03-12,2026-03-12 17:23:00+00:00,6,2,210.52209599999998,-0.0029000000000000002,stop
AMZN,2026-03-12,2026-03-12 19:33:00+00:00,6,2,209.981988,-0.0029000000000000002,stop
AMZN,2026-03-12,2026-03-12 20:52:00+00:00,8,2,209.911974,0.0046,target
AMZN,2026-03-12,2026-03-12 22:01:00+00:00,6,2,209.84196,0.0046,target
AMZN,2026-03-12,2026-03-12 22:34:00+00:00,8,2,210.15162192,0.0046,target
AMZN,2026-03-13,2026-03-13 12:36:00+00:00,7,2,210.412074,0.0046,target
AMZN,2026-03-13,2026-03-13 13:54:00+00:00,6,2,210.122016,-0.0029000000000000002,stop
AMZN,2026-03-13,2026-03-13 14:19:00+00:00,6,2,209.601912,-0.0029000000000000002,stop
AMZN,2026-03-13,2026-03-13 14:43:00+00:00,6,2,209.826957,-0.0029000000000000002,stop
AMZN,2026-03-13,2026-03-13 18:21:00+00:00,6,2,207.43147799999997,0.0046,target
AMZN,2026-03-13,2026-03-13 18:50:00+00:00,6,2,208.236639,0.0046,target
AMZN,2026-03-13,2026-03-13 19:33:00+00:00,6,2,208.3596636,-0.0029000000000000002,stop
AMZN,2026-03-16,2026-03-16 11:38:00+00:00,7,2,209.0418,-0.0029000000000000002,stop
AMZN,2026-03-16,2026-03-16 12:12:00+00:00,6,2,209.19183,0.0046,target
AMZN,2026-03-16,2026-03-16 12:40:00+00:00,6,2,209.5188954,0.0046,target
AMZN,2026-03-16,2026-03-16 13:09:00+00:00,6,2,209.561904,-0.0029000000000000002,stop
AMZN,2026-03-16,2026-03-16 14:07:00+00:00,7,2,209.481888,-0.0029000000000000002,stop
AMZN,2026-03-16,2026-03-16 14:27:00+00:00,6,2,209.94198,-0.0029000000000000002,stop
AMZN,2026-03-16,2026-03-16 15:18:00+00:00,7,2,209.24184,0.0046,target
AMZN,2026-03-16,2026-03-16 15:39:00+00:00,6,2,209.55190199999998,-0.0029000000000000002,stop
AMZN,2026-03-16,2026-03-16 16:11:00+00:00,7,2,209.5419,-0.0029000000000000002,stop
AMZN,2026-03-16,2026-03-16 16:47:00+00:00,6,2,209.651922,0.0046,target
AMZN,2026-03-16,2026-03-16 17:11:00+00:00,6,2,209.84196,0.0046,target
AMZN,2026-03-16,2026-03-16 17:34:00+00:00,6,2,209.79695099999998,0.0046,target
AMZN,2026-03-16,2026-03-16 17:56:00+00:00,6,2,210.072006,0.0046,target
AMZN,2026-03-16,2026-03-16 18:17:00+00:00,6,2,210.732138,0.0046,target
AMZN,2026-03-16,2026-03-16 18:37:00+00:00,6,2,211.20223199999998,0.0046,target
AMZN,2026-03-16,2026-03-16 19:05:00+00:00,8,2,211.80235199999998,0.0046,target
AMZN,2026-03-16,2026-03-16 19:30:00+00:00,8,2,212.39247,-0.0029000000000000002,stop
AMZN,2026-03-17,2026-03-17 12:15:00+00:00,6,2,211.69233,0.0046,target
AMZN,2026-03-17,2026-03-17 12:39:00+00:00,6,2,212.46418433999997,0.0046,target
AMZN,2026-03-17,2026-03-17 13:06:00+00:00,7,2,213.67272599999998,-0.0029000000000000002,stop
AMZN,2026-03-17,2026-03-17 13:28:00+00:00,6,2,212.862564,0.0046,target
AMZN,2026-03-17,2026-03-17 13:50:00+00:00,7,2,214.172826,-0.0029000000000000002,stop
AMZN,2026-03-17,2026-03-17 14:50:00+00:00,6,2,213.982788,0.0046,target
AMZN,2026-03-17,2026-03-17 15:23:00+00:00,6,2,214.0428,-0.0029000000000000002,stop
AMZN,2026-03-17,2026-03-17 17:12:00+00:00,6,2,214.31285400000002,-0.0029000000000000002,stop
AMZN,2026-03-17,2026-03-17 17:42:00+00:00,6,2,214.05280199999999,0.0046,target
AMZN,2026-03-17,2026-03-17 18:40:00+00:00,6,2,214.202832,-0.0029000000000000002,stop
AMZN,2026-03-17,2026-03-17 19:01:00+00:00,6,2,214.53289800000002,0.0046,target
AMZN,2026-03-17,2026-03-17 19:23:00+00:00,6,2,215.173026,0.0046,target
AMZN,2026-03-17,2026-03-17 19:44:00+00:00,6,2,215.42807699999997,0.0046,target
AMZN,2026-03-17,2026-03-17 20:06:00+00:00,6,2,215.24303999999998,0.0046,target
AMZN,2026-03-17,2026-03-17 20:44:00+00:00,6,2,215.02299599999998,0.0046,target
AMZN,2026-03-17,2026-03-17 21:12:00+00:00,6,2,215.19323004,0.0046,target
AMZN,2026-03-18,2026-03-18 13:31:00+00:00,7,2,214.562904,-0.0029000000000000002,stop
AMZN,2026-03-18,2026-03-18 15:59:00+00:00,6,2,212.102412,-0.0029000000000000002,stop
AMZN,2026-03-18,2026-03-18 17:55:00+00:00,7,2,211.30225199999998,-0.0029000000000000002,stop
AMZN,2026-03-19,2026-03-19 11:04:00+00:00,6,2,209.44188,-0.0029000000000000002,stop
AMZN,2026-03-19,2026-03-19 12:01:00+00:00,6,2,209.201832,-0.0029000000000000002,stop
AMZN,2026-03-19,2026-03-19 13:48:00+00:00,6,2,207.59151,0.0046,target
AMZN,2026-03-19,2026-03-19 15:01:00+00:00,7,2,207.661524,0.0046,target
AMZN,2026-03-19,2026-03-19 16:06:00+00:00,7,2,207.731538,-0.0029000000000000002,stop
AMZN,2026-03-19,2026-03-19 18:11:00+00:00,7,2,207.636519,-0.0029000000000000002,stop
AMZN,2026-03-19,2026-03-19 19:01:00+00:00,8,2,207.821556,0.0046,target
AMZN,2026-03-19,2026-03-19 19:22:00+00:00,6,2,208.1726262,0.0046,target
AMZN,2026-03-19,2026-03-19 19:43:00+00:00,7,2,208.49168999999998,0.0046,target
AMZN,2026-03-19,2026-03-19 20:03:00+00:00,6,2,208.59171,0.0046,target
AMZN,2026-03-19,2026-03-19 20:26:00+00:00,6,2,208.95178199999998,-0.0029000000000000002,stop
AMZN,2026-03-19,2026-03-19 22:06:00+00:00,6,2,208.751742,0.0046,target
AMZN,2026-03-20,2026-03-20 12:01:00+00:00,8,2,208.94178,-0.0029000000000000002,stop
AMZN,2026-03-20,2026-03-20 12:57:00+00:00,6,2,207.94158,-0.0029000000000000002,stop
AMZN,2026-03-20,2026-03-20 13:26:00+00:00,6,2,208.33165799999998,-0.0029000000000000002,stop
AMZN,2026-03-20,2026-03-20 14:16:00+00:00,6,2,206.601312,0.0046,target
AMZN,2026-03-20,2026-03-20 14:38:00+00:00,7,2,206.781348,0.0046,target
AMZN,2026-03-20,2026-03-20 14:58:00+00:00,6,2,207.34146,-0.0029000000000000002,stop
AMZN,2026-03-20,2026-03-20 15:18:00+00:00,6,2,206.79135,-0.0029000000000000002,stop
AMZN,2026-03-20,2026-03-20 15:46:00+00:00,6,2,206.761344,0.0046,target
AMZN,2026-03-20,2026-03-20 16:08:00+00:00,8,2,207.451482,-0.0029000000000000002,stop
AMZN,2026-03-20,2026-03-20 16:28:00+00:00,6,2,207.111414,-0.0029000000000000002,stop
AMZN,2026-03-20,2026-03-20 16:59:00+00:00,6,2,207.031398,-0.0029000000000000002,stop
AMZN,2026-03-20,2026-03-20 18:03:00+00:00,6,2,206.811354,-0.0029000000000000002,stop
AMZN,2026-03-20,2026-03-20 20:51:00+00:00,7,2,206.03119800000002,-0.0029000000000000002,stop
AMZN,2026-03-20,2026-03-20 21:14:00+00:00,7,2,207.451482,-0.0029000000000000002,stop
AMZN,2026-03-20,2026-03-20 21:42:00+00:00,6,2,207.31755522,0.0046,target
AMZN,2026-03-20,2026-03-20 22:10:00+00:00,6,2,207.34146,-0.0029000000000000002,stop
AMZN,2026-03-23,2026-03-23 10:54:00+00:00,7,2,202.250442,0.0046,target
AMZN,2026-03-23,2026-03-23 11:17:00+00:00,6,2,210.632118,-0.0029000000000000002,stop
AMZN,2026-03-23,2026-03-23 11:37:00+00:00,6,2,209.831958,-0.0029000000000000002,stop
AMZN,2026-03-23,2026-03-23 12:24:00+00:00,7,2,208.24164,0.0046,target
AMZN,2026-03-23,2026-03-23 12:47:00+00:00,7,2,209.33185799999998,0.0046,target
AMZN,2026-03-23,2026-03-23 13:33:00+00:00,6,2,209.751942,0.0046,target
AMZN,2026-03-23,2026-03-23 13:53:00+00:00,6,2,211.94368025999998,0.0046,target
AMZN,2026-03-23,2026-03-23 14:16:00+00:00,6,2,212.61251399999998,-0.0029000000000000002,stop
AMZN,2026-03-23,2026-03-23 14:43:00+00:00,6,2,211.652322,0.0046,target
AMZN,2026-03-23,2026-03-23 15:08:00+00:00,7,2,212.69253,-0.0029000000000000002,stop
AMZN,2026-03-23,2026-03-23 15:30:00+00:00,6,2,212.06240400000002,-0.0029000000000000002,stop
AMZN,2026-03-23,2026-03-23 16:12:00+00:00,6,2,211.70233199999998,-0.0029000000000000002,stop
AMZN,2026-03-24,2026-03-24 14:01:00+00:00,8,2,208.10151198,-0.0029000000000000002,stop
AMZN,2026-03-24,2026-03-24 14:31:00+00:00,6,2,207.93157799999997,0.0046,target
AMZN,2026-03-24,2026-03-24 14:52:00+00:00,7,2,208.661724,-0.0029000000000000002,stop
AMZN,2026-03-24,2026-03-24 15:19:00+00:00,6,2,208.29165,-0.0029000000000000002,stop
AMZN,2026-03-24,2026-03-24 15:44:00+00:00,6,2,208.4511819,-0.0029000000000000002,stop
AMZN,2026-03-24,2026-03-24 16:27:00+00:00,6,2,208.301652,-0.0029000000000000002,stop
AMZN,2026-03-24,2026-03-24 18:33:00+00:00,6,2,207.971586,-0.0029000000000000002,stop
AMZN,2026-03-24,2026-03-24 20:21:00+00:00,6,2,208.5417,0.0046,target
AMZN,2026-03-24,2026-03-24 20:43:00+00:00,6,2,208.811754,-0.0029000000000000002,stop
AMZN,2026-03-24,2026-03-24 21:16:00+00:00,6,2,208.64172,0.0046,target
AMZN,2026-03-24,2026-03-24 22:04:00+00:00,6,2,208.94178,0.0046,target
AMZN,2026-03-24,2026-03-24 22:29:00+00:00,6,2,208.69173,0.0046,target
AMZN,2026-03-25,2026-03-25 11:39:00+00:00,8,2,210.44208,-0.0029000000000000002,stop
AMZN,2026-03-25,2026-03-25 12:08:00+00:00,6,2,210.882168,-0.0029000000000000002,stop
AMZN,2026-03-25,2026-03-25 12:38:00+00:00,6,2,210.98218799999998,0.0046,target
AMZN,2026-03-25,2026-03-25 13:01:00+00:00,6,2,210.92597676,0.0046,target
AMZN,2026-03-25,2026-03-25 13:21:00+00:00,7,2,211.0422,0.0046,target
AMZN,2026-03-25,2026-03-25 13:41:00+00:00,6,2,212.232438,-0.0029000000000000002,stop
AMZN,2026-03-25,2026-03-25 14:24:00+00:00,6,2,212.572506,-0.0029000000000000002,stop
AMZN,2026-03-25,2026-03-25 14:47:00+00:00,6,2,212.312454,-0.0029000000000000002,stop
AMZN,2026-03-25,2026-03-25 16:30:00+00:00,7,2,211.93237799999997,0.0046,target
AMZN,2026-03-25,2026-03-25 16:50:00+00:00,7,2,212.257443,0.0046,target
AMZN,2026-03-25,2026-03-25 17:20:00+00:00,6,2,212.152422,0.0046,target
AMZN,2026-03-25,2026-03-25 17:44:00+00:00,9,2,212.80165182,-0.0029000000000000002,stop
AMZN,2026-03-25,2026-03-25 20:03:00+00:00,6,2,211.84266006,-0.0029000000000000002,stop
AMZN,2026-03-26,2026-03-26 12:55:00+00:00,6,2,209.64171996,0.0046,target
AMZN,2026-03-26,2026-03-26 13:20:00+00:00,6,2,209.81195400000001,-0.0029000000000000002,stop
AMZN,2026-03-26,2026-03-26 13:54:00+00:00,6,2,210.15202200000002,0.0046,target
AMZN,2026-03-26,2026-03-26 14:20:00+00:00,6,2,211.532298,0.0046,target
AMZN,2026-03-26,2026-03-26 14:40:00+00:00,6,2,212.352462,-0.0029000000000000002,stop
AMZN,2026-03-26,2026-03-26 15:06:00+00:00,7,2,212.572506,-0.0029000000000000002,stop
AMZN,2026-03-26,2026-03-26 15:28:00+00:00,7,2,212.10741299999998,-0.0029000000000000002,stop
AMZN,2026-03-26,2026-03-26 15:50:00+00:00,6,2,211.972386,-0.0029000000000000002,stop
AMZN,2026-03-27,2026-03-27 12:01:00+00:00,8,2,208.09161,-0.0029000000000000002,stop
AMZN,2026-03-30,2026-03-30 11:15:00+00:00,6,2,200.29005,0.0046,target
AMZN,2026-03-30,2026-03-30 11:36:00+00:00,6,2,201.19023,0.0046,target
AMZN,2026-03-30,2026-03-30 11:58:00+00:00,6,2,201.19023,0.0046,target
AMZN,2026-03-30,2026-03-30 12:24:00+00:00,7,2,201.49029,0.0046,target
AMZN,2026-03-30,2026-03-30 12:44:00+00:00,6,2,201.7813482,0.0046,target
AMZN,2026-03-30,2026-03-30 13:08:00+00:00,6,2,201.79035,-0.0029000000000000002,stop
AMZN,2026-03-30,2026-03-30 13:33:00+00:00,6,2,201.96038399999998,-0.0029000000000000002,stop
AMZN,2026-03-30,2026-03-30 14:26:00+00:00,6,2,201.47228639999997,0.0046,target
AMZN,2026-03-30,2026-03-30 14:51:00+00:00,7,2,201.935379,0.0046,target
AMZN,2026-03-30,2026-03-30 15:11:00+00:00,8,2,203.030598,-0.0029000000000000002,stop
AMZN,2026-03-30,2026-03-30 15:33:00+00:00,8,2,203.14061999999998,0.0046,target
AMZN,2026-03-30,2026-03-30 15:54:00+00:00,6,2,203.800752,-0.0029000000000000002,stop
AMZN,2026-03-30,2026-03-30 16:40:00+00:00,6,2,202.94058,-0.0029000000000000002,stop
AMZN,2026-03-30,2026-03-30 17:46:00+00:00,6,2,202.27034597999997,-0.0029000000000000002,stop
AMZN,2026-03-30,2026-03-30 22:07:00+00:00,6,2,201.01019399999998,-0.0029000000000000002,stop
AMZN,2026-03-31,2026-03-31 11:22:00+00:00,6,2,203.10061199999998,0.0046,target
AMZN,2026-03-31,2026-03-31 11:43:00+00:00,6,2,203.89917168,0.0046,target
AMZN,2026-03-31,2026-03-31 12:12:00+00:00,6,2,204.0408,0.0046,target
AMZN,2026-03-31,2026-03-31 12:32:00+00:00,6,2,204.29085,0.0046,target
AMZN,2026-03-31,2026-03-31 12:53:00+00:00,7,2,204.59651112,0.0046,target
AMZN,2026-03-31,2026-03-31 13:21:00+00:00,6,2,205.041,-0.0029000000000000002,stop
AMZN,2026-03-31,2026-03-31 13:41:00+00:00,8,2,206.69133,-0.0029000000000000002,stop
AMZN,2026-03-31,2026-03-31 14:03:00+00:00,7,2,206.77634700000002,-0.0029000000000000002,stop
AMZN,2026-03-31,2026-03-31 14:23:00+00:00,6,2,206.18122799999998,-0.0029000000000000002,stop
AMZN,2026-03-31,2026-03-31 15:21:00+00:00,7,2,206.061204,0.0046,target
AMZN,2026-03-31,2026-03-31 15:42:00+00:00,8,2,206.23623899999998,-0.0029000000000000002,stop
AMZN,2026-03-31,2026-03-31 16:08:00+00:00,6,2,206.02119599999997,0.0046,target
AMZN,2026-03-31,2026-03-31 16:29:00+00:00,7,2,206.44128,0.0046,target
AMZN,2026-03-31,2026-03-31 16:50:00+00:00,6,2,208.34166000000002,0.0046,target
AMZN,2026-03-31,2026-03-31 17:21:00+00:00,6,2,210.122016,-0.0029000000000000002,stop
AMZN,2026-03-31,2026-03-31 17:41:00+00:00,6,2,209.151822,-0.0029000000000000002,stop
AMZN,2026-03-31,2026-03-31 18:27:00+00:00,6,2,208.596711,0.0046,target
AMZN,2026-03-31,2026-03-31 19:01:00+00:00,6,2,209.09181,0.0046,target
AMZN,2026-03-31,2026-03-31 19:25:00+00:00,6,2,209.17182599999998,0.0046,target
AMZN,2026-03-31,2026-03-31 19:45:00+00:00,6,2,209.161824,-0.0029000000000000002,stop
AMZN,2026-03-31,2026-03-31 22:08:00+00:00,6,2,208.43167799999998,0.0046,target
AMZN,2026-03-31,2026-03-31 22:34:00+00:00,7,2,208.571706,0.0046,target
AMZN,2026-04-01,2026-04-01 10:49:00+00:00,7,2,210.39207,-0.0029000000000000002,stop
AMZN,2026-04-01,2026-04-01 11:16:00+00:00,6,2,210.29205,-0.0029000000000000002,stop
AMZN,2026-04-01,2026-04-01 11:44:00+00:00,6,2,210.712134,0.0046,target
AMZN,2026-04-01,2026-04-01 12:05:00+00:00,6,2,210.952182,-0.0029000000000000002,stop
AMZN,2026-04-01,2026-04-01 12:29:00+00:00,6,2,210.472086,-0.0029000000000000002,stop
AMZN,2026-04-01,2026-04-01 13:21:00+00:00,6,2,210.5421,-0.0029000000000000002,stop
AMZN,2026-04-01,2026-04-01 14:08:00+00:00,6,2,210.49209,0.0046,target
AMZN,2026-04-01,2026-04-01 14:29:00+00:00,6,2,210.79215,0.0046,target
AMZN,2026-04-01,2026-04-01 14:49:00+00:00,6,2,211.507293,0.0046,target
AMZN,2026-04-01,2026-04-01 15:11:00+00:00,6,2,211.852362,0.0046,target
AMZN,2026-04-01,2026-04-01 15:34:00+00:00,6,2,212.21243399999997,0.0046,target
AMZN,2026-04-01,2026-04-01 15:55:00+00:00,6,2,212.752542,0.0046,target
AMZN,2026-04-01,2026-04-01 16:18:00+00:00,6,2,212.74254,0.0046,target
AMZN,2026-04-01,2026-04-01 16:40:00+00:00,6,2,212.972586,-0.0029000000000000002,stop
AMZN,2026-04-01,2026-04-01 17:16:00+00:00,6,2,212.657523,0.0046,target
AMZN,2026-04-01,2026-04-01 19:27:00+00:00,6,2,211.662324,-0.0029000000000000002,stop
AMZN,2026-04-02,2026-04-02 12:36:00+00:00,6,2,206.0412,-0.0029000000000000002,stop
AMZN,2026-04-02,2026-04-02 13:21:00+00:00,6,2,205.64112,0.0046,target
AMZN,2026-04-02,2026-04-02 13:52:00+00:00,6,2,207.126417,0.0046,target
AMZN,2026-04-02,2026-04-02 14:15:00+00:00,6,2,208.78184802,0.0046,target
AMZN,2026-04-02,2026-04-02 14:36:00+00:00,8,2,210.09201000000002,0.0046,target
AMZN,2026-04-02,2026-04-02 14:58:00+00:00,6,2,210.80715299999997,-0.0029000000000000002,stop
AMZN,2026-04-02,2026-04-02 15:24:00+00:00,6,2,210.042,-0.0029000000000000002,stop
AMZN,2026-04-02,2026-04-02 15:44:00+00:00,6,2,210.39207,-0.0029000000000000002,stop
AMZN,2026-04-02,2026-04-02 16:50:00+00:00,6,2,210.062004,-0.0029000000000000002,stop
AMZN,2026-04-02,2026-04-02 17:13:00+00:00,6,2,209.521896,0.0046,target
AMZN,2026-04-02,2026-04-02 18:10:00+00:00,6,2,209.286849,0.0046,target
AMZN,2026-04-02,2026-04-02 18:41:00+00:00,6,2,209.12681700000002,0.0046,target
AMZN,2026-04-02,2026-04-02 19:01:00+00:00,6,2,208.996791,0.0046,target
AMZN,2026-04-02,2026-04-02 19:40:00+00:00,6,2,209.24184,0.0046,target
AMZN,2026-04-02,2026-04-02 20:00:00+00:00,6,2,209.781948,-0.0029000000000000002,stop
AMZN,2026-04-02,2026-04-02 20:31:00+00:00,6,2,209.751942,0.0046,target
AMZN,2026-04-02,2026-04-02 21:05:00+00:00,6,2,209.821956,0.0046,target
AMZN,2026-04-06,2026-04-06 12:51:00+00:00,6,2,210.5015919,-0.0029000000000000002,stop
AMZN,2026-04-06,2026-04-06 13:36:00+00:00,7,2,210.902172,-0.0029000000000000002,stop
AMZN,2026-04-06,2026-04-06 13:57:00+00:00,7,2,212.22683688,-0.0029000000000000002,stop
AMZN,2026-04-06,2026-04-06 14:26:00+00:00,7,2,212.262444,-0.0029000000000000002,stop
AMZN,2026-04-06,2026-04-06 15:01:00+00:00,6,2,212.252442,0.0046,target
AMZN,2026-04-06,2026-04-06 15:21:00+00:00,6,2,212.812554,-0.0029000000000000002,stop
AMZN,2026-04-06,2026-04-06 15:47:00+00:00,7,2,212.467485,0.0046,target
AMZN,2026-04-06,2026-04-06 16:11:00+00:00,6,2,212.382468,0.0046,target
AMZN,2026-04-06,2026-04-06 16:32:00+00:00,7,2,212.762544,-0.0029000000000000002,stop
AMZN,2026-04-06,2026-04-06 18:22:00+00:00,6,2,212.027397,0.0046,target
AMZN,2026-04-06,2026-04-06 18:46:00+00:00,6,2,212.372466,0.0046,target
AMZN,2026-04-06,2026-04-06 19:08:00+00:00,6,2,212.372466,0.0046,target
AMZN,2026-04-06,2026-04-06 19:30:00+00:00,6,2,212.24244,0.0046,target
AMZN,2026-04-06,2026-04-06 19:50:00+00:00,7,2,212.762544,0.0046,target
AMZN,2026-04-06,2026-04-06 20:12:00+00:00,6,2,212.74254,0.0046,target
AMZN,2026-04-06,2026-04-06 20:39:00+00:00,6,2,212.7115338,0.0046,target
AMZN,2026-04-06,2026-04-06 21:58:00+00:00,6,2,212.872566,0.0046,target
AMZN,2026-04-06,2026-04-06 22:24:00+00:00,7,2,213.0426,-0.0029000000000000002,stop
AMZN,2026-04-07,2026-04-07 10:16:00+00:00,6,2,214.032798,-0.0029000000000000002,stop
AMZN,2026-04-07,2026-04-07 13:41:00+00:00,6,2,211.917375,-0.0029000000000000002,stop
AMZN,2026-04-07,2026-04-07 14:34:00+00:00,6,2,210.712134,-0.0029000000000000002,stop
AMZN,2026-04-07,2026-04-07 15:56:00+00:00,7,2,211.02219599999998,0.0046,target
AMZN,2026-04-07,2026-04-07 16:19:00+00:00,6,2,211.59231,0.0046,target
AMZN,2026-04-07,2026-04-07 16:42:00+00:00,6,2,211.727337,0.0046,target
AMZN,2026-04-07,2026-04-07 17:10:00+00:00,6,2,211.99238999999997,0.0046,target
AMZN,2026-04-07,2026-04-07 17:30:00+00:00,6,2,212.06240400000002,0.0046,target
AMZN,2026-04-07,2026-04-07 17:50:00+00:00,7,2,212.90257200000002,0.0046,target
AMZN,2026-04-07,2026-04-07 18:12:00+00:00,6,2,212.9000715,-0.0029000000000000002,stop
AMZN,2026-04-07,2026-04-07 19:09:00+00:00,6,2,211.937379,0.0046,target
AMZN,2026-04-07,2026-04-07 19:32:00+00:00,6,2,212.522496,0.0046,target
AMZN,2026-04-07,2026-04-07 19:52:00+00:00,6,2,213.422676,0.0046,target
AMZN,2026-04-07,2026-04-07 20:14:00+00:00,6,2,214.0428,0.0046,target
AMZN,2026-04-07,2026-04-07 20:41:00+00:00,7,2,214.24283999999997,0.0046,target
AMZN,2026-04-07,2026-04-07 21:07:00+00:00,7,2,214.39287,0.0046,target
AMZN,2026-04-07,2026-04-07 21:31:00+00:00,7,2,214.74293999999998,0.0046,target
AMZN,2026-04-07,2026-04-07 22:03:00+00:00,6,2,216.423276,-0.0029000000000000002,stop
AMZN,2026-04-07,2026-04-07 22:23:00+00:00,6,2,216.883368,-0.0029000000000000002,stop
AMZN,2026-04-07,2026-04-07 22:44:00+00:00,7,2,219.163824,-0.0029000000000000002,stop
AMZN,2026-04-07,2026-04-07 23:04:00+00:00,6,2,220.02399599999998,-0.0029000000000000002,stop
AMZN,2026-04-08,2026-04-08 09:56:00+00:00,6,2,221.924376,0.0046,target
AMZN,2026-04-08,2026-04-08 10:34:00+00:00,8,2,222.19443,0.0046,target
AMZN,2026-04-08,2026-04-08 11:06:00+00:00,6,2,222.24444,0.0046,target
AMZN,2026-04-08,2026-04-08 11:26:00+00:00,6,2,222.584508,0.0046,target
AMZN,2026-04-08,2026-04-08 11:46:00+00:00,6,2,222.79455,0.0046,target
AMZN,2026-04-08,2026-04-08 12:06:00+00:00,7,2,222.90177144,-0.0029000000000000002,stop
AMZN,2026-04-08,2026-04-08 12:43:00+00:00,6,2,222.674526,0.0046,target
AMZN,2026-04-08,2026-04-08 13:06:00+00:00,6,2,222.629517,0.0046,target
AMZN,2026-04-08,2026-04-08 13:28:00+00:00,8,2,223.474686,0.0046,target
AMZN,2026-04-08,2026-04-08 15:57:00+00:00,7,2,221.71433399999998,0.0046,target
AMZN,2026-04-08,2026-04-08 16:17:00+00:00,8,2,221.784348,0.0046,target
AMZN,2026-04-08,2026-04-08 16:37:00+00:00,6,2,222.259443,0.0046,target
AMZN,2026-04-08,2026-04-08 17:02:00+00:00,6,2,222.289449,-0.0029000000000000002,stop
AMZN,2026-04-08,2026-04-08 17:23:00+00:00,6,2,222.069405,-0.0029000000000000002,stop
AMZN,2026-04-08,2026-04-08 17:45:00+00:00,6,2,222.064404,0.0046,target
AMZN,2026-04-08,2026-04-08 18:06:00+00:00,7,2,222.734538,-0.0029000000000000002,stop
AMZN,2026-04-09,2026-04-09 11:03:00+00:00,7,2,221.104212,0.0046,target
AMZN,2026-04-09,2026-04-09 11:26:00+00:00,6,2,222.99459,0.0046,target
AMZN,2026-04-09,2026-04-09 11:48:00+00:00,7,2,224.14201943999998,0.0046,target
AMZN,2026-04-09,2026-04-09 12:09:00+00:00,6,2,225.44497998,-0.0029000000000000002,stop
AMZN,2026-04-09,2026-04-09 12:29:00+00:00,6,2,225.205032,-0.0029000000000000002,stop
AMZN,2026-04-09,2026-04-09 12:50:00+00:00,6,2,225.014994,-0.0029000000000000002,stop
AMZN,2026-04-09,2026-04-09 13:28:00+00:00,7,2,225.014994,-0.0029000000000000002,stop
AMZN,2026-04-09,2026-04-09 13:50:00+00:00,7,2,225.62011499999997,-0.0029000000000000002,stop
AMZN,2026-04-09,2026-04-09 14:13:00+00:00,6,2,224.984988,-0.0029000000000000002,stop
AMZN,2026-04-09,2026-04-09 14:40:00+00:00,6,2,225.465084,0.0046,target
AMZN,2026-04-09,2026-04-09 15:01:00+00:00,6,2,228.410673,0.0046,target
AMZN,2026-04-09,2026-04-09 15:22:00+00:00,6,2,229.305852,0.0046,target
AMZN,2026-04-09,2026-04-09 15:47:00+00:00,6,2,230.976186,0.0046,target
AMZN,2026-04-09,2026-04-09 16:07:00+00:00,9,2,233.24663999999999,-0.0029000000000000002,stop
AMZN,2026-04-09,2026-04-09 16:51:00+00:00,6,2,231.286248,0.0046,target
AMZN,2026-04-09,2026-04-09 17:16:00+00:00,6,2,231.331257,0.0046,target
AMZN,2026-04-09,2026-04-09 17:39:00+00:00,7,2,231.716334,-0.0029000000000000002,stop
AMZN,2026-04-09,2026-04-09 18:04:00+00:00,6,2,231.066204,0.0046,target
AMZN,2026-04-09,2026-04-09 18:25:00+00:00,6,2,231.576306,-0.0029000000000000002,stop
AMZN,2026-04-09,2026-04-09 18:58:00+00:00,7,2,231.881367,0.0046,target
AMZN,2026-04-09,2026-04-09 19:20:00+00:00,7,2,232.39647,0.0046,target
AMZN,2026-04-09,2026-04-09 19:46:00+00:00,7,2,233.166624,-0.0029000000000000002,stop
AMZN,2026-04-09,2026-04-09 20:06:00+00:00,6,2,233.536698,0.0046,target
AMZN,2026-04-09,2026-04-09 20:26:00+00:00,6,2,233.64672,0.0046,target
AMZN,2026-04-09,2026-04-09 20:51:00+00:00,6,2,233.59671,-0.0029000000000000002,stop
AMZN,2026-04-09,2026-04-09 21:12:00+00:00,6,2,233.39727011999997,-0.0029000000000000002,stop
AMZN,2026-04-09,2026-04-09 21:45:00+00:00,6,2,233.14661999999998,0.0046,target
AMZN,2026-04-09,2026-04-09 22:19:00+00:00,8,2,233.676726,-0.0029000000000000002,stop
AMZN,2026-04-09,2026-04-09 22:43:00+00:00,6,2,233.15732214,-0.0029000000000000002,stop
AMZN,2026-04-09,2026-04-09 23:19:00+00:00,8,2,232.39647,0.0046,target
AMZN,2026-04-10,2026-04-10 11:01:00+00:00,7,2,233.79675,0.0046,target
AMZN,2026-04-10,2026-04-10 11:23:00+00:00,6,2,234.636918,-0.0029000000000000002,stop
AMZN,2026-04-10,2026-04-10 11:47:00+00:00,6,2,234.14802024,0.0046,target
AMZN,2026-04-10,2026-04-10 12:31:00+00:00,6,2,234.356862,-0.0029000000000000002,stop
AMZN,2026-04-10,2026-04-10 12:51:00+00:00,6,2,234.486888,0.0046,target
AMZN,2026-04-10,2026-04-10 13:11:00+00:00,7,2,234.40657194,-0.0029000000000000002,stop
AMZN,2026-04-10,2026-04-10 13:31:00+00:00,8,2,236.65662185999997,0.0046,target
AMZN,2026-04-10,2026-04-10 13:51:00+00:00,7,2,237.30745199999998,0.0046,target
AMZN,2026-04-10,2026-04-10 14:13:00+00:00,7,2,238.55770199999998,0.0046,target
AMZN,2026-04-10,2026-04-10 14:33:00+00:00,7,2,239.34285899999998,-0.0029000000000000002,stop
AMZN,2026-04-10,2026-04-10 14:55:00+00:00,6,2,238.977786,0.0046,target
AMZN,2026-04-10,2026-04-10 15:15:00+00:00,7,2,239.932977,-0.0029000000000000002,stop
AMZN,2026-04-10,2026-04-10 17:16:00+00:00,7,2,238.502691,-0.0029000000000000002,stop
AMZN,2026-04-10,2026-04-10 18:16:00+00:00,6,2,238.377666,-0.0029000000000000002,stop
AMZN,2026-04-10,2026-04-10 18:53:00+00:00,6,2,238.05760199999997,0.0046,target
AMZN,2026-04-10,2026-04-10 19:18:00+00:00,6,2,238.24764,0.0046,target
AMZN,2026-04-10,2026-04-10 19:43:00+00:00,6,2,238.24764,0.0046,target
AMZN,2026-04-10,2026-04-10 20:05:00+00:00,6,2,238.24874022,0.0046,target
AMZN,2026-04-10,2026-04-10 21:08:00+00:00,6,2,238.357662,0.0046,target
AMZN,2026-04-13,2026-04-13 10:46:00+00:00,7,2,235.677126,0.0046,target
AMZN,2026-04-13,2026-04-13 11:16:00+00:00,6,2,236.0472,0.0046,target
AMZN,2026-04-13,2026-04-13 11:38:00+00:00,6,2,235.84716,0.0046,target
AMZN,2026-04-13,2026-04-13 12:03:00+00:00,7,2,235.69713,0.0046,target
AMZN,2026-04-13,2026-04-13 12:27:00+00:00,6,2,236.3207547,0.0046,target
AMZN,2026-04-13,2026-04-13 12:51:00+00:00,6,2,237.827556,0.0046,target
AMZN,2026-04-13,2026-04-13 13:19:00+00:00,6,2,237.64752,-0.0029000000000000002,stop
AMZN,2026-04-13,2026-04-13 14:09:00+00:00,6,2,237.322455,-0.0029000000000000002,stop
AMZN,2026-04-13,2026-04-13 15:02:00+00:00,6,2,237.39747,0.0046,target
AMZN,2026-04-13,2026-04-13 15:22:00+00:00,6,2,238.00759200000002,-0.0029000000000000002,stop
AMZN,2026-04-13,2026-04-13 15:44:00+00:00,6,2,238.68272699999997,-0.0029000000000000002,stop
AMZN,2026-04-13,2026-04-13 16:04:00+00:00,6,2,237.60751199999999,0.0046,target
AMZN,2026-04-13,2026-04-13 16:25:00+00:00,6,2,238.327656,0.0046,target
AMZN,2026-04-13,2026-04-13 16:48:00+00:00,6,2,238.692729,0.0046,target
AMZN,2026-04-13,2026-04-13 17:10:00+00:00,6,2,238.33765799999998,0.0046,target
AMZN,2026-04-13,2026-04-13 17:33:00+00:00,7,2,238.917774,0.0046,target
AMZN,2026-04-13,2026-04-13 17:53:00+00:00,6,2,238.657722,0.0046,target
AMZN,2026-04-13,2026-04-13 18:20:00+00:00,6,2,238.832757,0.0046,target
AMZN,2026-04-13,2026-04-13 18:40:00+00:00,6,2,238.907772,-0.0029000000000000002,stop
AMZN,2026-04-13,2026-04-13 19:22:00+00:00,6,2,238.54759998,0.0046,target
AMZN,2026-04-13,2026-04-13 19:45:00+00:00,6,2,239.09781,0.0046,target
AMZN,2026-04-13,2026-04-13 20:12:00+00:00,6,2,239.957982,0.0046,target
AMZN,2026-04-13,2026-04-13 20:35:00+00:00,6,2,239.44788,0.0046,target
AMZN,2026-04-13,2026-04-13 21:06:00+00:00,6,2,239.83125665999998,0.0046,target
AMZN,2026-04-13,2026-04-13 21:36:00+00:00,6,2,239.707932,0.0046,target
AMZN,2026-04-13,2026-04-13 22:12:00+00:00,7,2,239.79795,0.0046,target
AMZN,2026-04-13,2026-04-13 22:54:00+00:00,7,2,239.74793999999997,0.0046,target
AMZN,2026-04-14,2026-04-14 11:19:00+00:00,7,2,241.34826,0.0046,target
AMZN,2026-04-14,2026-04-14 11:41:00+00:00,6,2,241.68052644,0.0046,target
AMZN,2026-04-14,2026-04-14 12:06:00+00:00,8,2,243.03299687999998,-0.0029000000000000002,stop
AMZN,2026-04-14,2026-04-14 12:39:00+00:00,6,2,243.0486,0.0046,target
AMZN,2026-04-14,2026-04-14 13:16:00+00:00,8,2,243.83875799999998,-0.0029000000000000002,stop
AMZN,2026-04-14,2026-04-14 13:42:00+00:00,6,2,245.89917,-0.0029000000000000002,stop
AMZN,2026-04-14,2026-04-14 14:02:00+00:00,6,2,246.139218,-0.0029000000000000002,stop
AMZN,2026-04-14,2026-04-14 14:27:00+00:00,7,2,245.419074,0.0046,target
AMZN,2026-04-14,2026-04-14 14:47:00+00:00,6,2,246.879366,0.0046,target
AMZN,2026-04-14,2026-04-14 15:08:00+00:00,6,2,246.609312,0.0046,target
AMZN,2026-04-14,2026-04-14 15:29:00+00:00,6,2,247.369464,0.0046,target
AMZN,2026-04-14,2026-04-14 15:51:00+00:00,7,2,248.509692,-0.0029000000000000002,stop
AMZN,2026-04-14,2026-04-14 16:13:00+00:00,7,2,248.729736,0.0046,target
AMZN,2026-04-14,2026-04-14 16:37:00+00:00,7,2,249.58990799999998,0.0046,target
AMZN,2026-04-14,2026-04-14 17:00:00+00:00,7,2,250.09000799999998,-0.0029000000000000002,stop
AMZN,2026-04-14,2026-04-14 17:28:00+00:00,6,2,250.10001,0.0046,target
AMZN,2026-04-14,2026-04-14 17:54:00+00:00,6,2,251.305251,-0.0029000000000000002,stop
AMZN,2026-04-14,2026-04-14 18:14:00+00:00,6,2,251.040198,-0.0029000000000000002,stop
AMZN,2026-04-14,2026-04-14 18:40:00+00:00,6,2,249.52989599999998,-0.0029000000000000002,stop
AMZN,2026-04-14,2026-04-14 19:12:00+00:00,7,2,248.609712,0.0046,target
AMZN,2026-04-14,2026-04-14 19:32:00+00:00,6,2,249.644919,-0.0029000000000000002,stop
AMZN,2026-04-14,2026-04-14 19:53:00+00:00,6,2,248.839758,-0.0029000000000000002,stop
AMZN,2026-04-14,2026-04-14 20:36:00+00:00,6,2,248.84976,0.0046,target
AMZN,2026-04-14,2026-04-14 22:10:00+00:00,6,2,248.89977,0.0046,target
AMZN,2026-04-14,2026-04-14 22:59:00+00:00,6,2,248.669724,0.0046,target
AMZN,2026-04-15,2026-04-15 11:06:00+00:00,6,2,248.829756,0.0046,target
AMZN,2026-04-15,2026-04-15 11:30:00+00:00,6,2,248.84965998,0.0046,target
AMZN,2026-04-15,2026-04-15 11:55:00+00:00,6,2,249.18982799999998,0.0046,target
AMZN,2026-04-15,2026-04-15 12:24:00+00:00,6,2,249.34986,0.0046,target
AMZN,2026-04-15,2026-04-15 12:44:00+00:00,7,2,249.519894,0.0046,target
AMZN,2026-04-15,2026-04-15 13:06:00+00:00,7,2,249.479886,-0.0029000000000000002,stop
AMZN,2026-04-15,2026-04-15 14:54:00+00:00,6,2,248.359662,-0.0029000000000000002,stop
AMZN,2026-04-15,2026-04-15 15:55:00+00:00,7,2,248.37966600000001,-0.0029000000000000002,stop
AMZN,2026-04-15,2026-04-15 16:17:00+00:00,8,2,248.49979001999998,0.0046,target
AMZN,2026-04-15,2026-04-15 17:07:00+00:00,7,2,248.35956198,0.0046,target
AMZN,2026-04-15,2026-04-15 17:29:00+00:00,7,2,248.534697,0.0046,target
AMZN,2026-04-15,2026-04-15 17:49:00+00:00,6,2,248.779746,-0.0029000000000000002,stop
AMZN,2026-04-15,2026-04-15 18:09:00+00:00,6,2,248.894769,0.0046,target
AMZN,2026-04-15,2026-04-15 18:34:00+00:00,6,2,248.789748,0.0046,target
AMZN,2026-04-15,2026-04-15 18:55:00+00:00,6,2,248.914773,0.0046,target
AMZN,2026-04-15,2026-04-15 19:31:00+00:00,6,2,248.759742,-0.0029000000000000002,stop
AMZN,2026-04-15,2026-04-15 19:51:00+00:00,7,2,248.994789,-0.0029000000000000002,stop
AMZN,2026-04-15,2026-04-15 21:52:00+00:00,6,2,247.879566,0.0046,target
AMZN,2026-04-16,2026-04-16 10:26:00+00:00,8,2,248.14962,0.0046,target
AMZN,2026-04-16,2026-04-16 11:01:00+00:00,6,2,248.24963999999997,0.0046,target
AMZN,2026-04-16,2026-04-16 11:26:00+00:00,6,2,248.28544716000002,0.0046,target
AMZN,2026-04-16,2026-04-16 11:54:00+00:00,6,2,248.519694,0.0046,target
AMZN,2026-04-16,2026-04-16 12:33:00+00:00,6,2,248.14041816,0.0046,target
AMZN,2026-04-16,2026-04-16 12:53:00+00:00,8,2,248.46968399999997,0.0046,target
AMZN,2026-04-16,2026-04-16 15:04:00+00:00,6,2,246.47348484,0.0046,target
AMZN,2026-04-16,2026-04-16 15:25:00+00:00,6,2,248.03459700000002,0.0046,target
AMZN,2026-04-16,2026-04-16 15:48:00+00:00,6,2,247.99958999999998,0.0046,target
AMZN,2026-04-16,2026-04-16 16:11:00+00:00,6,2,248.759742,-0.0029000000000000002,stop
AMZN,2026-04-16,2026-04-16 16:34:00+00:00,6,2,247.86966402,0.0046,target
AMZN,2026-04-16,2026-04-16 16:54:00+00:00,6,2,248.439678,0.0046,target
AMZN,2026-04-16,2026-04-16 17:15:00+00:00,6,2,248.619714,0.0046,target
AMZN,2026-04-16,2026-04-16 17:35:00+00:00,6,2,249.239838,0.0046,target
AMZN,2026-04-16,2026-04-16 17:57:00+00:00,6,2,249.12481499999998,-0.0029000000000000002,stop
AMZN,2026-04-16,2026-04-16 18:37:00+00:00,7,2,249.0498,-0.0029000000000000002,stop
AMZN,2026-04-16,2026-04-16 19:07:00+00:00,6,2,248.46968399999997,0.0046,target
AMZN,2026-04-16,2026-04-16 19:30:00+00:00,6,2,248.724735,0.0046,target
AMZN,2026-04-16,2026-04-16 19:52:00+00:00,6,2,249.419874,-0.0029000000000000002,stop
AMZN,2026-04-16,2026-04-16 20:12:00+00:00,6,2,249.5108922,0.0046,target
AMZN,2026-04-16,2026-04-16 20:35:00+00:00,6,2,249.239838,0.0046,target
AMZN,2026-04-16,2026-04-16 21:01:00+00:00,6,2,249.539898,0.0046,target
AMZN,2026-04-16,2026-04-16 21:26:00+00:00,6,2,249.64991999999998,0.0046,target
AMZN,2026-04-16,2026-04-16 22:06:00+00:00,6,2,249.74993999999998,0.0046,target
AMZN,2026-04-17,2026-04-17 10:38:00+00:00,6,2,250.5501,0.0046,target
AMZN,2026-04-17,2026-04-17 11:31:00+00:00,7,2,250.84015799999997,-0.0029000000000000002,stop
AMZN,2026-04-17,2026-04-17 11:55:00+00:00,8,2,250.94017799999997,-0.0029000000000000002,stop
AMZN,2026-04-17,2026-04-17 12:20:00+00:00,6,2,250.870164,0.0046,target
AMZN,2026-04-17,2026-04-17 12:41:00+00:00,7,2,251.19922979999998,0.0046,target
AMZN,2026-04-17,2026-04-17 13:03:00+00:00,8,2,252.840558,0.0046,target
AMZN,2026-04-17,2026-04-17 13:25:00+00:00,6,2,253.75073999999998,-0.0029000000000000002,stop
AMZN,2026-04-17,2026-04-17 13:46:00+00:00,6,2,254.37086399999998,-0.0029000000000000002,stop
AMZN,2026-04-17,2026-04-17 14:08:00+00:00,7,2,254.00579100000002,0.0046,target
AMZN,2026-04-17,2026-04-17 14:33:00+00:00,6,2,255.025995,-0.0029000000000000002,stop
AMZN,2026-04-17,2026-04-17 17:07:00+00:00,6,2,254.060802,-0.0029000000000000002,stop
AMZN,2026-04-17,2026-04-17 17:51:00+00:00,7,2,254.070804,-0.0029000000000000002,stop
AMZN,2026-04-17,2026-04-17 21:56:00+00:00,7,2,251.06020199999998,0.0046,target
AMZN,2026-04-20,2026-04-20 11:43:00+00:00,6,2,248.39967,0.0046,target
AMZN,2026-04-20,2026-04-20 12:26:00+00:00,6,2,248.29985004,0.0046,target
AMZN,2026-04-20,2026-04-20 12:47:00+00:00,6,2,248.90907185999998,0.0046,target
AMZN,2026-04-20,2026-04-20 13:09:00+00:00,6,2,249.3663633,-0.0029000000000000002,stop
AMZN,2026-04-20,2026-04-20 13:30:00+00:00,8,2,249.279846,-0.0029000000000000002,stop
AMZN,2026-04-20,2026-04-20 15:26:00+00:00,6,2,246.469284,0.0046,target
AMZN,2026-04-20,2026-04-20 16:00:00+00:00,6,2,246.84936000000002,0.0046,target
AMZN,2026-04-20,2026-04-20 16:53:00+00:00,6,2,247.289448,0.0046,target
AMZN,2026-04-20,2026-04-20 17:15:00+00:00,6,2,247.479486,0.0046,target
AMZN,2026-04-20,2026-04-20 17:40:00+00:00,6,2,247.374465,0.0046,target
AMZN,2026-04-20,2026-04-20 18:01:00+00:00,7,2,247.509492,0.0046,target
AMZN,2026-04-20,2026-04-20 18:21:00+00:00,6,2,248.004591,0.0046,target
AMZN,2026-04-20,2026-04-20 18:46:00+00:00,6,2,248.229636,0.0046,target
AMZN,2026-04-20,2026-04-20 19:06:00+00:00,6,2,248.334657,0.0046,target
AMZN,2026-04-20,2026-04-20 19:27:00+00:00,6,2,247.919574,-0.0029000000000000002,stop
AMZN,2026-04-20,2026-04-20 19:49:00+00:00,6,2,248.27974601999998,-0.0029000000000000002,stop
AMZN,2026-04-20,2026-04-20 20:14:00+00:00,6,2,248.27054418,0.0046,target
AMZN,2026-04-20,2026-04-20 20:39:00+00:00,7,2,254.30085,0.0046,target
AMZN,2026-04-20,2026-04-20 21:00:00+00:00,6,2,254.95098,-0.0029000000000000002,stop
AMZN,2026-04-20,2026-04-20 21:21:00+00:00,6,2,254.870964,-0.0029000000000000002,stop
AMZN,2026-04-20,2026-04-20 21:41:00+00:00,6,2,254.55089999999998,0.0046,target
AMZN,2026-04-20,2026-04-20 22:02:00+00:00,8,2,254.95098,0.0046,target
AMZN,2026-04-20,2026-04-20 22:23:00+00:00,6,2,255.05880156,0.0046,target
AMZN,2026-04-20,2026-04-20 22:53:00+00:00,7,2,254.89906961999998,0.0046,target
AMZN,2026-04-20,2026-04-20 23:19:00+00:00,6,2,254.77484477999997,0.0046,target
AMZN,2026-04-21,2026-04-21 11:13:00+00:00,7,2,255.53419662,0.0046,target
AMZN,2026-04-21,2026-04-21 11:35:00+00:00,7,2,255.96118199999998,-0.0029000000000000002,stop
AMZN,2026-04-21,2026-04-21 11:58:00+00:00,6,2,255.85116,-0.0029000000000000002,stop
AMZN,2026-04-21,2026-04-21 13:22:00+00:00,6,2,254.91097200000002,-0.0029000000000000002,stop
AMZN,2026-04-21,2026-04-21 16:03:00+00:00,6,2,252.940578,-0.0029000000000000002,stop
AMZN,2026-04-21,2026-04-21 17:49:00+00:00,7,2,252.630516,-0.0029000000000000002,stop
AMZN,2026-04-21,2026-04-21 22:01:00+00:00,6,2,251.5503,0.0046,target
AMZN,2026-04-22,2026-04-22 11:20:00+00:00,6,2,252.71573304,0.0046,target
AMZN,2026-04-22,2026-04-22 12:00:00+00:00,7,2,252.790548,0.0046,target
AMZN,2026-04-22,2026-04-22 12:24:00+00:00,6,2,252.95728134,-0.0029000000000000002,stop
AMZN,2026-04-22,2026-04-22 13:58:00+00:00,6,2,252.390468,0.0046,target
AMZN,2026-04-22,2026-04-22 14:18:00+00:00,6,2,253.58570699999999,-0.0029000000000000002,stop
AMZN,2026-04-22,2026-04-22 14:40:00+00:00,6,2,253.170624,-0.0029000000000000002,stop
AMZN,2026-04-22,2026-04-22 15:22:00+00:00,7,2,253.180626,-0.0029000000000000002,stop
AMZN,2026-04-22,2026-04-22 16:18:00+00:00,6,2,252.740538,0.0046,target
AMZN,2026-04-22,2026-04-22 16:38:00+00:00,6,2,252.875565,0.0046,target
AMZN,2026-04-22,2026-04-22 17:01:00+00:00,6,2,252.995589,0.0046,target
AMZN,2026-04-22,2026-04-22 17:26:00+00:00,6,2,253.47068399999998,0.0046,target
AMZN,2026-04-22,2026-04-22 17:48:00+00:00,6,2,253.51279241999998,0.0046,target
AMZN,2026-04-22,2026-04-22 18:08:00+00:00,8,2,254.05059996,0.0046,target
AMZN,2026-04-22,2026-04-22 18:32:00+00:00,6,2,254.40087,0.0046,target
AMZN,2026-04-22,2026-04-22 18:56:00+00:00,6,2,254.175825,0.0046,target
AMZN,2026-04-22,2026-04-22 19:17:00+00:00,6,2,254.420874,0.0046,target
AMZN,2026-04-22,2026-04-22 19:38:00+00:00,7,2,254.760942,0.0046,target
AMZN,2026-04-22,2026-04-22 19:58:00+00:00,6,2,255.26984376,-0.0029000000000000002,stop
AMZN,2026-04-22,2026-04-22 20:40:00+00:00,6,2,255.12861551999998,0.0046,target
AMZN,2026-04-22,2026-04-22 22:41:00+00:00,7,2,254.980986,0.0046,target
AMZN,2026-04-23,2026-04-23 10:40:00+00:00,6,2,253.65071999999998,0.0046,target
AMZN,2026-04-23,2026-04-23 11:05:00+00:00,6,2,254.53379658,0.0046,target
AMZN,2026-04-23,2026-04-23 11:45:00+00:00,6,2,254.72093399999997,0.0046,target
AMZN,2026-04-23,2026-04-23 12:05:00+00:00,7,2,255.45108,0.0046,target
AMZN,2026-04-23,2026-04-23 12:28:00+00:00,6,2,255.60111,0.0046,target
AMZN,2026-04-23,2026-04-23 12:53:00+00:00,7,2,255.80115,-0.0029000000000000002,stop
AMZN,2026-04-23,2026-04-23 13:40:00+00:00,6,2,255.331056,-0.0029000000000000002,stop
AMZN,2026-04-23,2026-04-23 14:03:00+00:00,7,2,255.481086,-0.0029000000000000002,stop
AMZN,2026-04-23,2026-04-23 14:30:00+00:00,6,2,255.756141,0.0046,target
AMZN,2026-04-23,2026-04-23 14:51:00+00:00,8,2,257.20142999999996,0.0046,target
AMZN,2026-04-23,2026-04-23 15:13:00+00:00,8,2,258.50169,-0.0029000000000000002,stop
AMZN,2026-04-23,2026-04-23 15:38:00+00:00,6,2,257.576505,-0.0029000000000000002,stop
AMZN,2026-04-23,2026-04-23 16:01:00+00:00,6,2,256.91137200000003,0.0046,target
AMZN,2026-04-23,2026-04-23 16:39:00+00:00,6,2,256.981386,-0.0029000000000000002,stop
AMZN,2026-04-23,2026-04-23 19:24:00+00:00,6,2,255.711132,-0.0029000000000000002,stop
AMZN,2026-04-24,2026-04-24 10:43:00+00:00,9,2,256.471284,0.0046,target
AMZN,2026-04-24,2026-04-24 11:14:00+00:00,6,2,256.88136599999996,0.0046,target
AMZN,2026-04-24,2026-04-24 11:34:00+00:00,6,2,257.531496,-0.0029000000000000002,stop
AMZN,2026-04-24,2026-04-24 11:55:00+00:00,6,2,256.83135599999997,0.0046,target
AMZN,2026-04-24,2026-04-24 12:23:00+00:00,6,2,259.441878,0.0046,target
AMZN,2026-04-24,2026-04-24 12:44:00+00:00,6,2,259.731936,0.0046,target
AMZN,2026-04-24,2026-04-24 13:08:00+00:00,6,2,260.20203,-0.0029000000000000002,stop
AMZN,2026-04-24,2026-04-24 13:34:00+00:00,6,2,259.731936,-0.0029000000000000002,stop
AMZN,2026-04-24,2026-04-24 14:20:00+00:00,8,2,260.632116,-0.0029000000000000002,stop
AMZN,2026-04-24,2026-04-24 14:50:00+00:00,6,2,260.031996,-0.0029000000000000002,stop
AMZN,2026-04-24,2026-04-24 15:13:00+00:00,9,2,260.712132,0.0046,target
AMZN,2026-04-24,2026-04-24 15:35:00+00:00,6,2,261.65232000000003,0.0046,target
AMZN,2026-04-24,2026-04-24 15:55:00+00:00,6,2,262.75254,0.0046,target
AMZN,2026-04-24,2026-04-24 16:17:00+00:00,7,2,262.70252999999997,-0.0029000000000000002,stop
AMZN,2026-04-24,2026-04-24 16:38:00+00:00,6,2,262.342458,0.0046,target
AMZN,2026-04-24,2026-04-24 17:14:00+00:00,6,2,262.682526,0.0046,target
AMZN,2026-04-24,2026-04-24 17:35:00+00:00,7,2,262.807551,0.0046,target
AMZN,2026-04-24,2026-04-24 17:57:00+00:00,7,2,263.942778,-0.0029000000000000002,stop
AMZN,2026-04-24,2026-04-24 18:32:00+00:00,6,2,263.247639,0.0046,target
AMZN,2026-04-24,2026-04-24 18:53:00+00:00,6,2,263.5527,0.0046,target
AMZN,2026-04-24,2026-04-24 19:19:00+00:00,6,2,264.277845,0.0046,target
AMZN,2026-04-24,2026-04-24 19:45:00+00:00,6,2,264.062802,-0.0029000000000000002,stop
AMZN,2026-04-24,2026-04-24 20:06:00+00:00,6,2,264.50278998,-0.0029000000000000002,stop
AMZN,2026-04-24,2026-04-24 20:29:00+00:00,6,2,263.80275,0.0046,target
AMZN,2026-04-24,2026-04-24 21:54:00+00:00,6,2,264.04199783999996,0.0046,target
AMZN,2026-04-24,2026-04-24 23:16:00+00:00,7,2,264.282846,0.0046,target
AMZN,2026-04-27,2026-04-27 13:02:00+00:00,6,2,263.65272000000004,0.0046,target
AMZN,2026-04-27,2026-04-27 14:40:00+00:00,6,2,262.472484,-0.0029000000000000002,stop
AMZN,2026-04-27,2026-04-27 15:00:00+00:00,6,2,262.927575,-0.0029000000000000002,stop
AMZN,2026-04-27,2026-04-27 16:15:00+00:00,6,2,262.30245,0.0046,target
AMZN,2026-04-27,2026-04-27 16:37:00+00:00,6,2,262.592508,0.0046,target
AMZN,2026-04-27,2026-04-27 17:01:00+00:00,6,2,262.76244198,0.0046,target
AMZN,2026-04-27,2026-04-27 17:34:00+00:00,7,2,263.007591,-0.0029000000000000002,stop
AMZN,2026-04-28,2026-04-28 13:02:00+00:00,6,2,258.3346566,-0.0029000000000000002,stop
AMZN,2026-04-28,2026-04-28 13:39:00+00:00,6,2,258.45167999999995,-0.0029000000000000002,stop
AMZN,2026-04-28,2026-04-28 13:59:00+00:00,6,2,259.58190599999995,0.0046,target
AMZN,2026-04-28,2026-04-28 14:19:00+00:00,7,2,260.682126,-0.0029000000000000002,stop
AMZN,2026-04-28,2026-04-28 14:42:00+00:00,6,2,260.072004,-0.0029000000000000002,stop
AMZN,2026-04-28,2026-04-28 15:05:00+00:00,6,2,260.392068,-0.0029000000000000002,stop
AMZN,2026-04-28,2026-04-28 16:01:00+00:00,6,2,259.90197,0.0046,target
AMZN,2026-04-28,2026-04-28 16:23:00+00:00,7,2,260.27704500000004,-0.0029000000000000002,stop
AMZN,2026-04-28,2026-04-28 18:07:00+00:00,6,2,259.15182000000004,0.0046,target
AMZN,2026-04-28,2026-04-28 18:29:00+00:00,7,2,259.68692699999997,-0.0029000000000000002,stop
AMZN,2026-04-28,2026-04-28 19:06:00+00:00,6,2,259.58190599999995,0.0046,target
AMZN,2026-04-28,2026-04-28 19:26:00+00:00,6,2,259.671924,0.0046,target
AMZN,2026-04-28,2026-04-28 19:49:00+00:00,6,2,259.60191000000003,0.0046,target
AMZN,2026-04-28,2026-04-28 20:15:00+00:00,6,2,259.63101581999996,0.0046,target
AMZN,2026-04-28,2026-04-28 20:44:00+00:00,6,2,259.731936,-0.0029000000000000002,stop
AMZN,2026-04-29,2026-04-29 12:28:00+00:00,6,2,259.53619686,-0.0029000000000000002,stop
AMZN,2026-04-29,2026-04-29 13:40:00+00:00,6,2,259.171824,0.0046,target
AMZN,2026-04-29,2026-04-29 14:03:00+00:00,7,2,262.367463,0.0046,target
AMZN,2026-04-29,2026-04-29 14:24:00+00:00,6,2,264.32285399999995,0.0046,target
AMZN,2026-04-29,2026-04-29 14:45:00+00:00,7,2,265.573104,-0.0029000000000000002,stop
AMZN,2026-04-29,2026-04-29 15:05:00+00:00,6,2,264.282846,-0.0029000000000000002,stop
AMZN,2026-04-29,2026-04-29 15:35:00+00:00,7,2,264.562902,-0.0029000000000000002,stop
AMZN,2026-04-29,2026-04-29 17:21:00+00:00,6,2,262.612512,-0.0029000000000000002,stop
AMZN,2026-04-29,2026-04-29 17:45:00+00:00,7,2,262.70252999999997,0.0046,target
AMZN,2026-04-29,2026-04-29 18:05:00+00:00,6,2,263.472684,0.0046,target
AMZN,2026-04-29,2026-04-29 18:28:00+00:00,6,2,263.527695,0.0046,target
AMZN,2026-04-29,2026-04-29 18:48:00+00:00,7,2,263.372664,0.0046,target
AMZN,2026-04-29,2026-04-29 19:11:00+00:00,6,2,263.162622,-0.0029000000000000002,stop
AMZN,2026-04-29,2026-04-29 21:45:00+00:00,6,2,269.26384199999995,0.0046,target
AMZN,2026-04-29,2026-04-29 22:05:00+00:00,6,2,269.33385599999997,-0.0029000000000000002,stop
AMZN,2026-04-29,2026-04-29 22:25:00+00:00,6,2,274.25484,0.0046,target
AMZN,2026-04-29,2026-04-29 22:45:00+00:00,6,2,273.4651821,-0.0029000000000000002,stop
AMZN,2026-04-29,2026-04-29 23:05:00+00:00,6,2,270.9736839,-0.0029000000000000002,stop
AMZN,2026-04-29,2026-04-29 23:25:00+00:00,6,2,269.783946,0.0046,target
AMZN,2026-04-30,2026-04-30 09:25:00+00:00,6,2,269.06990322,0.0046,target
AMZN,2026-04-30,2026-04-30 09:58:00+00:00,6,2,269.113812,0.0046,target
AMZN,2026-04-30,2026-04-30 10:34:00+00:00,6,2,269.75394,-0.0029000000000000002,stop
AMZN,2026-04-30,2026-04-30 11:03:00+00:00,6,2,269.35386,0.0046,target
AMZN,2026-04-30,2026-04-30 11:23:00+00:00,8,2,271.45428,-0.0029000000000000002,stop
AMZN,2026-04-30,2026-04-30 11:43:00+00:00,6,2,270.55369992,-0.0029000000000000002,stop
AMZN,2026-04-30,2026-04-30 12:07:00+00:00,7,2,271.234236,0.0046,target
AMZN,2026-04-30,2026-04-30 12:27:00+00:00,6,2,272.85456,-0.0029000000000000002,stop
AMZN,2026-04-30,2026-04-30 12:55:00+00:00,6,2,273.0546,-0.0029000000000000002,stop
AMZN,2026-04-30,2026-04-30 13:16:00+00:00,6,2,272.494488,0.0046,target
AMZN,2026-04-30,2026-04-30 18:06:00+00:00,6,2,261.432276,0.0046,target
AMZN,2026-04-30,2026-04-30 18:26:00+00:00,7,2,262.35246,0.0046,target
AMZN,2026-04-30,2026-04-30 18:46:00+00:00,8,2,264.132816,-0.0029000000000000002,stop
AMZN,2026-04-30,2026-04-30 19:08:00+00:00,7,2,264.11301204,0.0046,target
AMZN,2026-04-30,2026-04-30 19:29:00+00:00,7,2,265.928175,-0.0029000000000000002,stop
AMZN,2026-04-30,2026-04-30 19:51:00+00:00,6,2,265.32305399999996,-0.0029000000000000002,stop
AMZN,2026-04-30,2026-04-30 20:49:00+00:00,6,2,264.75774096,0.0046,target
AMZN,2026-04-30,2026-04-30 21:17:00+00:00,6,2,264.572904,0.0046,target
AMZN,2026-04-30,2026-04-30 21:42:00+00:00,6,2,264.65302002,0.0046,target
AMZN,2026-04-30,2026-04-30 23:17:00+00:00,6,2,264.132816,0.0046,target
AMZN,2026-05-01,2026-05-01 12:19:00+00:00,6,2,263.40267,-0.0029000000000000002,stop
AMZN,2026-05-01,2026-05-01 13:12:00+00:00,7,2,263.3551605,0.0046,target
AMZN,2026-05-01,2026-05-01 13:34:00+00:00,6,2,264.19272798000003,0.0046,target
AMZN,2026-05-01,2026-05-01 13:55:00+00:00,7,2,267.58350599999994,0.0046,target
AMZN,2026-05-01,2026-05-01 14:17:00+00:00,6,2,272.274444,-0.0029000000000000002,stop
AMZN,2026-05-01,2026-05-01 14:44:00+00:00,7,2,270.934176,-0.0029000000000000002,stop
AMZN,2026-05-01,2026-05-01 15:28:00+00:00,6,2,269.52389400000004,0.0046,target
AMZN,2026-05-01,2026-05-01 15:48:00+00:00,6,2,270.724134,-0.0029000000000000002,stop
AMZN,2026-05-01,2026-05-01 17:26:00+00:00,7,2,269.49388799999997,0.0046,target
AMZN,2026-05-01,2026-05-01 17:54:00+00:00,6,2,269.343858,0.0046,target
AMZN,2026-05-01,2026-05-01 18:14:00+00:00,7,2,269.463882,-0.0029000000000000002,stop
AMZN,2026-05-01,2026-05-01 18:39:00+00:00,6,2,269.27644452,-0.0029000000000000002,stop
AMZN,2026-05-01,2026-05-01 19:03:00+00:00,6,2,269.30385,-0.0029000000000000002,stop
AMZN,2026-05-04,2026-05-04 12:03:00+00:00,8,2,268.7222337,0.0046,target
AMZN,2026-05-04,2026-05-04 12:23:00+00:00,7,2,269.50388999999996,0.0046,target
AMZN,2026-05-04,2026-05-04 12:49:00+00:00,6,2,269.01899304,-0.0029000000000000002,stop
AMZN,2026-05-04,2026-05-04 13:11:00+00:00,6,2,269.443878,-0.0029000000000000002,stop
AMZN,2026-05-04,2026-05-04 13:34:00+00:00,7,2,272.794548,-0.0029000000000000002,stop
AMZN,2026-05-04,2026-05-04 13:54:00+00:00,6,2,271.38426599999997,-0.0029000000000000002,stop
AMZN,2026-05-04,2026-05-04 14:22:00+00:00,6,2,271.26424199999997,0.0046,target
AMZN,2026-05-04,2026-05-04 14:46:00+00:00,7,2,275.60511,-0.0029000000000000002,stop
AMZN,2026-05-04,2026-05-04 15:07:00+00:00,6,2,274.739937,-0.0029000000000000002,stop
AMZN,2026-05-04,2026-05-04 17:33:00+00:00,6,2,271.944378,-0.0029000000000000002,stop
AMZN,2026-05-04,2026-05-04 17:58:00+00:00,6,2,271.894368,-0.0029000000000000002,stop
AMZN,2026-05-04,2026-05-04 19:33:00+00:00,6,2,271.9453782,-0.0029000000000000002,stop
AMZN,2026-05-04,2026-05-04 21:28:00+00:00,6,2,272.30445,0.0046,target
AMZN,2026-05-04,2026-05-04 21:58:00+00:00,8,2,272.40447,0.0046,target
AMZN,2026-05-04,2026-05-04 22:26:00+00:00,6,2,272.5545,0.0046,target
AMZN,2026-05-05,2026-05-05 11:11:00+00:00,7,2,273.85476,0.0046,target
AMZN,2026-05-05,2026-05-05 11:33:00+00:00,6,2,273.714732,0.0046,target
AMZN,2026-05-05,2026-05-05 12:11:00+00:00,6,2,273.844758,0.0046,target
AMZN,2026-05-05,2026-05-05 13:07:00+00:00,7,2,274.30485,0.0046,target
AMZN,2026-05-05,2026-05-05 13:28:00+00:00,7,2,276.12521399999997,0.0046,target
AMZN,2026-05-05,2026-05-05 13:49:00+00:00,7,2,278.545698,-0.0029000000000000002,stop
AMZN,2026-05-05,2026-05-05 14:46:00+00:00,6,2,277.085406,-0.0029000000000000002,stop
AMZN,2026-05-05,2026-05-05 18:00:00+00:00,6,2,274.32985499999995,-0.0029000000000000002,stop
AMZN,2026-05-06,2026-05-06 10:00:00+00:00,6,2,275.47508400000004,0.0046,target
AMZN,2026-05-06,2026-05-06 10:42:00+00:00,6,2,276.615312,0.0046,target
AMZN,2026-05-06,2026-05-06 11:04:00+00:00,6,2,276.5553,0.0046,target
AMZN,2026-05-06,2026-05-06 11:25:00+00:00,6,2,276.425274,-0.0029000000000000002,stop
AMZN,2026-05-06,2026-05-06 13:31:00+00:00,6,2,273.649719,-0.0029000000000000002,stop
AMZN,2026-05-06,2026-05-06 13:52:00+00:00,6,2,273.709731,-0.0029000000000000002,stop
AMZN,2026-05-06,2026-05-06 14:26:00+00:00,6,2,274.10320968,0.0046,target
AMZN,2026-05-06,2026-05-06 14:48:00+00:00,7,2,275.13511602,-0.0029000000000000002,stop
AMZN,2026-05-06,2026-05-06 15:52:00+00:00,6,2,274.144818,0.0046,target
AMZN,2026-05-06,2026-05-06 16:12:00+00:00,6,2,275.310051,0.0046,target
AMZN,2026-05-06,2026-05-06 16:32:00+00:00,7,2,276.045198,-0.0029000000000000002,stop
AMZN,2026-05-06,2026-05-06 16:56:00+00:00,6,2,275.545098,0.0046,target
AMZN,2026-05-06,2026-05-06 17:16:00+00:00,7,2,276.420273,0.0046,target
AMZN,2026-05-06,2026-05-06 17:42:00+00:00,8,2,276.670323,0.0046,target
AMZN,2026-05-06,2026-05-06 18:05:00+00:00,6,2,277.125414,-0.0029000000000000002,stop
AMZN,2026-05-06,2026-05-06 18:25:00+00:00,6,2,276.60531000000003,0.0046,target
AMZN,2026-05-06,2026-05-06 18:52:00+00:00,6,2,276.600309,0.0046,target
AMZN,2026-05-06,2026-05-06 19:14:00+00:00,6,2,276.645318,0.0046,target
AMZN,2026-05-07,2026-05-07 11:05:00+00:00,6,2,276.33525599999996,-0.0029000000000000002,stop
AMZN,2026-05-07,2026-05-07 12:22:00+00:00,6,2,275.865162,0.0046,target
AMZN,2026-05-07,2026-05-07 14:41:00+00:00,6,2,273.794748,-0.0029000000000000002,stop
AMZN,2026-05-07,2026-05-07 18:16:00+00:00,6,2,272.90457000000004,-0.0029000000000000002,stop
AMZN,2026-05-08,2026-05-08 11:29:00+00:00,8,2,272.384466,0.0046,target
AMZN,2026-05-08,2026-05-08 12:05:00+00:00,6,2,272.00439,0.0046,target
AMZN,2026-05-08,2026-05-08 12:39:00+00:00,7,2,272.284446,0.0046,target
AMZN,2026-05-08,2026-05-08 13:04:00+00:00,6,2,272.614512,-0.0029000000000000002,stop
AMZN,2026-05-08,2026-05-08 13:49:00+00:00,6,2,272.5670025,0.0046,target
AMZN,2026-05-08,2026-05-08 14:12:00+00:00,7,2,273.19962899999996,-0.0029000000000000002,stop
AMZN,2026-05-08,2026-05-08 14:35:00+00:00,6,2,272.51449199999996,-0.0029000000000000002,stop
AMZN,2026-05-08,2026-05-08 15:06:00+00:00,6,2,272.434476,0.0046,target
AMZN,2026-05-08,2026-05-08 15:26:00+00:00,6,2,272.65452,0.0046,target
AMZN,2026-05-08,2026-05-08 15:48:00+00:00,7,2,273.264642,0.0046,target
AMZN,2026-05-08,2026-05-08 16:18:00+00:00,6,2,273.234636,-0.0029000000000000002,stop
AMZN,2026-05-08,2026-05-08 17:09:00+00:00,7,2,273.269643,-0.0029000000000000002,stop
AMZN,2026-05-08,2026-05-08 18:01:00+00:00,6,2,272.894568,-0.0029000000000000002,stop
AMZN,2026-05-08,2026-05-08 19:12:00+00:00,7,2,272.584506,0.0046,target
AMZN,2026-05-08,2026-05-08 19:32:00+00:00,6,2,273.284646,-0.0029000000000000002,stop
AMZN,2026-05-08,2026-05-08 19:52:00+00:00,6,2,273.494688,-0.0029000000000000002,stop
AMZN,2026-05-11,2026-05-11 11:25:00+00:00,6,2,271.084206,0.0046,target
AMZN,2026-05-11,2026-05-11 13:37:00+00:00,6,2,271.58430599999997,0.0046,target
AMZN,2026-05-11,2026-05-11 13:58:00+00:00,6,2,272.87456399999996,-0.0029000000000000002,stop
AMZN,2026-05-11,2026-05-11 14:27:00+00:00,6,2,272.15442,-0.0029000000000000002,stop
AMZN,2026-05-11,2026-05-11 15:12:00+00:00,7,2,272.124414,0.0046,target
AMZN,2026-05-11,2026-05-11 15:33:00+00:00,6,2,272.579505,0.0046,target
AMZN,2026-05-11,2026-05-11 16:01:00+00:00,6,2,272.649519,-0.0029000000000000002,stop
AMZN,2026-05-11,2026-05-11 16:28:00+00:00,6,2,272.544498,-0.0029000000000000002,stop
AMZN,2026-05-11,2026-05-11 16:54:00+00:00,6,2,272.164422,-0.0029000000000000002,stop
AMZN,2026-05-12,2026-05-12 11:12:00+00:00,7,2,266.85336,0.0046,target
AMZN,2026-05-12,2026-05-12 11:54:00+00:00,7,2,267.0534,0.0046,target
AMZN,2026-05-12,2026-05-12 12:26:00+00:00,6,2,267.293448,0.0046,target
AMZN,2026-05-12,2026-05-12 12:53:00+00:00,6,2,267.86506230000003,0.0046,target
AMZN,2026-05-12,2026-05-12 13:15:00+00:00,7,2,267.833556,-0.0029000000000000002,stop
AMZN,2026-05-12,2026-05-12 18:25:00+00:00,6,2,264.262842,0.0046,target
AMZN,2026-05-12,2026-05-12 19:16:00+00:00,7,2,264.772944,0.0046,target
AMZN,2026-05-12,2026-05-12 19:38:00+00:00,7,2,265.30365012,-0.0029000000000000002,stop
AMZN,2026-05-12,2026-05-12 19:58:00+00:00,6,2,265.663122,-0.0029000000000000002,stop
AMZN,2026-05-12,2026-05-12 20:35:00+00:00,6,2,266.10321,0.0046,target
AMZN,2026-05-12,2026-05-12 20:58:00+00:00,6,2,267.25343999999996,-0.0029000000000000002,stop
AMZN,2026-05-12,2026-05-12 21:46:00+00:00,6,2,266.35326,0.0046,target
AMZN,2026-05-12,2026-05-12 22:20:00+00:00,6,2,267.043398,0.0046,target
AMZN,2026-05-13,2026-05-13 13:23:00+00:00,6,2,265.583106,-0.0029000000000000002,stop
AMZN,2026-05-13,2026-05-13 13:50:00+00:00,6,2,265.173024,0.0046,target
AMZN,2026-05-13,2026-05-13 14:13:00+00:00,7,2,265.973184,-0.0029000000000000002,stop
AMZN,2026-05-13,2026-05-13 14:52:00+00:00,6,2,265.543098,0.0046,target
AMZN,2026-05-13,2026-05-13 15:17:00+00:00,8,2,265.79314800000003,0.0046,target
AMZN,2026-05-13,2026-05-13 15:37:00+00:00,6,2,267.60351,0.0046,target
AMZN,2026-05-13,2026-05-13 16:12:00+00:00,6,2,268.763742,0.0046,target
AMZN,2026-05-13,2026-05-13 16:34:00+00:00,6,2,269.063802,0.0046,target
AMZN,2026-05-13,2026-05-13 17:02:00+00:00,6,2,270.08900700000004,-0.0029000000000000002,stop
AMZN,2026-05-13,2026-05-13 17:57:00+00:00,6,2,269.673924,0.0046,target
AMZN,2026-05-13,2026-05-13 18:19:00+00:00,6,2,269.933976,0.0046,target
AMZN,2026-05-13,2026-05-13 18:41:00+00:00,6,2,269.65392,0.0046,target
AMZN,2026-05-13,2026-05-13 19:28:00+00:00,6,2,269.94397799999996,0.0046,target
AMZN,2026-05-13,2026-05-13 19:50:00+00:00,7,2,270.364062,-0.0029000000000000002,stop
AMZN,2026-05-13,2026-05-13 20:18:00+00:00,6,2,269.993988,0.0046,target
AMZN,2026-05-13,2026-05-13 21:00:00+00:00,7,2,270.274044,0.0046,target
AMZN,2026-05-13,2026-05-13 22:40:00+00:00,6,2,270.244038,0.0046,target
AMZN,2026-05-13,2026-05-13 23:05:00+00:00,6,2,270.5541,0.0046,target
AMZN,2026-05-14,2026-05-14 11:13:00+00:00,6,2,270.184026,-0.0029000000000000002,stop
AMZN,2026-05-14,2026-05-14 12:13:00+00:00,6,2,269.813952,0.0046,target
AMZN,2026-05-14,2026-05-14 12:53:00+00:00,8,2,269.923974,-0.0029000000000000002,stop
AMZN,2026-05-14,2026-05-14 13:42:00+00:00,7,2,270.21403200000003,-0.0029000000000000002,stop
AMZN,2026-05-14,2026-05-14 15:56:00+00:00,6,2,268.00359,0.0046,target
AMZN,2026-05-14,2026-05-14 16:40:00+00:00,6,2,268.678725,0.0046,target
AMZN,2026-05-14,2026-05-14 17:35:00+00:00,6,2,268.763742,-0.0029000000000000002,stop
AMZN,2026-05-14,2026-05-14 17:55:00+00:00,6,2,269.178825,-0.0029000000000000002,stop
AMZN,2026-05-15,2026-05-15 13:56:00+00:00,6,2,262.812552,-0.0029000000000000002,stop
AMZN,2026-05-15,2026-05-15 14:18:00+00:00,6,2,263.597709,-0.0029000000000000002,stop
AMZN,2026-05-15,2026-05-15 14:53:00+00:00,6,2,262.712532,-0.0029000000000000002,stop
AMZN,2026-05-15,2026-05-15 15:14:00+00:00,6,2,263.447679,-0.0029000000000000002,stop
AMZN,2026-05-15,2026-05-15 15:34:00+00:00,6,2,263.21263200000004,-0.0029000000000000002,stop
AMZN,2026-05-15,2026-05-15 16:31:00+00:00,8,2,262.892568,-0.0029000000000000002,stop
AMZN,2026-05-15,2026-05-15 17:25:00+00:00,8,2,263.07260399999996,0.0046,target
AMZN,2026-05-15,2026-05-15 17:46:00+00:00,9,2,263.77274400000005,-0.0029000000000000002,stop
AMZN,2026-05-15,2026-05-15 18:06:00+00:00,7,2,263.29024752,0.0046,target
AMZN,2026-05-15,2026-05-15 18:29:00+00:00,6,2,263.567703,0.0046,target
AMZN,2026-05-15,2026-05-15 18:54:00+00:00,6,2,263.487687,0.0046,target
AMZN,2026-05-15,2026-05-15 19:28:00+00:00,6,2,263.372664,0.0046,target
AMZN,2026-05-15,2026-05-15 19:48:00+00:00,6,2,263.672724,-0.0029000000000000002,stop
AMZN,2026-05-15,2026-05-15 20:12:00+00:00,6,2,263.54269800000003,-0.0029000000000000002,stop
AMZN,2026-05-15,2026-05-15 22:14:00+00:00,6,2,263.10261,0.0046,target
AMZN,2026-05-18,2026-05-18 11:41:00+00:00,6,2,262.95257999999995,-0.0029000000000000002,stop
AMZN,2026-05-18,2026-05-18 12:24:00+00:00,7,2,262.85256,0.0046,target
AMZN,2026-05-18,2026-05-18 12:50:00+00:00,6,2,264.382866,0.0046,target
AMZN,2026-05-18,2026-05-18 13:16:00+00:00,7,2,264.062802,-0.0029000000000000002,stop
AMZN,2026-05-18,2026-05-18 13:36:00+00:00,8,2,265.12401420000003,0.0046,target
AMZN,2026-05-18,2026-05-18 14:00:00+00:00,6,2,267.933576,-0.0029000000000000002,stop
AMZN,2026-05-18,2026-05-18 14:20:00+00:00,7,2,268.26364199999995,-0.0029000000000000002,stop
AMZN,2026-05-18,2026-05-18 14:47:00+00:00,6,2,267.873564,-0.0029000000000000002,stop
AMZN,2026-05-18,2026-05-18 19:40:00+00:00,6,2,264.567903,0.0046,target
AMZN,2026-05-18,2026-05-18 22:25:00+00:00,6,2,265.20302999999996,0.0046,target
AMZN,2026-05-19,2026-05-19 13:01:00+00:00,7,2,263.46268200000003,-0.0029000000000000002,stop
AMZN,2026-05-19,2026-05-19 17:03:00+00:00,7,2,258.13161599999995,0.0046,target
AMZN,2026-05-19,2026-05-19 17:25:00+00:00,8,2,258.90177,0.0046,target
AMZN,2026-05-19,2026-05-19 17:47:00+00:00,6,2,258.65172,0.0046,target
AMZN,2026-05-19,2026-05-19 18:08:00+00:00,6,2,259.75194,-0.0029000000000000002,stop
AMZN,2026-05-19,2026-05-19 18:32:00+00:00,6,2,259.381866,0.0046,target
AMZN,2026-05-19,2026-05-19 18:56:00+00:00,6,2,258.85176,0.0046,target
AMZN,2026-05-19,2026-05-19 19:19:00+00:00,6,2,259.461882,0.0046,target
AMZN,2026-05-19,2026-05-19 19:51:00+00:00,6,2,259.066803,0.0046,target
AMZN,2026-05-19,2026-05-19 20:12:00+00:00,7,2,259.471884,-0.0029000000000000002,stop
AMZN,2026-05-19,2026-05-19 21:38:00+00:00,6,2,258.88176599999997,-0.0029000000000000002,stop
AMZN,2026-05-20,2026-05-20 11:12:00+00:00,6,2,259.90197,0.0046,target
AMZN,2026-05-20,2026-05-20 11:45:00+00:00,6,2,259.90197,0.0046,target
AMZN,2026-05-20,2026-05-20 12:13:00+00:00,6,2,260.052,0.0046,target
AMZN,2026-05-20,2026-05-20 12:35:00+00:00,6,2,260.472084,-0.0029000000000000002,stop
AMZN,2026-05-20,2026-05-20 13:34:00+00:00,6,2,261.327255,-0.0029000000000000002,stop
AMZN,2026-05-20,2026-05-20 13:54:00+00:00,6,2,261.53799714,-0.0029000000000000002,stop
AMZN,2026-05-20,2026-05-20 14:15:00+00:00,6,2,261.372264,0.0046,target
AMZN,2026-05-20,2026-05-20 14:35:00+00:00,6,2,262.542498,0.0046,target
AMZN,2026-05-20,2026-05-20 14:56:00+00:00,7,2,264.0528,0.0046,target
AMZN,2026-05-20,2026-05-20 15:19:00+00:00,6,2,264.257841,0.0046,target
AMZN,2026-05-20,2026-05-20 15:42:00+00:00,7,2,264.99298799999997,-0.0029000000000000002,stop
AMZN,2026-05-20,2026-05-20 16:14:00+00:00,7,2,264.49798902000003,-0.0029000000000000002,stop
AMZN,2026-05-20,2026-05-20 17:18:00+00:00,6,2,262.972584,0.0046,target
AMZN,2026-05-20,2026-05-20 17:39:00+00:00,6,2,263.51769299999995,0.0046,target
AMZN,2026-05-20,2026-05-20 17:59:00+00:00,6,2,263.412672,0.0046,target
AMZN,2026-05-20,2026-05-20 18:20:00+00:00,6,2,263.892768,0.0046,target
AMZN,2026-05-20,2026-05-20 18:40:00+00:00,6,2,264.19282799999996,0.0046,target
AMZN,2026-05-20,2026-05-20 19:01:00+00:00,6,2,264.507891,0.0046,target
AMZN,2026-05-20,2026-05-20 19:23:00+00:00,7,2,264.31285199999996,0.0046,target
AMZN,2026-05-20,2026-05-20 19:49:00+00:00,6,2,264.95297999999997,0.0046,target
AMZN,2026-05-20,2026-05-20 20:22:00+00:00,6,2,264.83295599999997,0.0046,target
AMZN,2026-05-20,2026-05-20 20:42:00+00:00,7,2,265.493088,0.0046,target
AMZN,2026-05-20,2026-05-20 21:28:00+00:00,7,2,265.093008,-0.0029000000000000002,stop
AMZN,2026-05-21,2026-05-21 13:58:00+00:00,6,2,263.232636,-0.0029000000000000002,stop
AMZN,2026-05-21,2026-05-21 14:18:00+00:00,6,2,263.372664,-0.0029000000000000002,stop
AMZN,2026-05-21,2026-05-21 14:40:00+00:00,6,2,264.10281000000003,-0.0029000000000000002,stop
AMZN,2026-05-21,2026-05-21 15:03:00+00:00,7,2,264.66792300000003,-0.0029000000000000002,stop
AMZN,2026-05-21,2026-05-21 15:26:00+00:00,6,2,264.812952,0.0046,target
AMZN,2026-05-21,2026-05-21 15:52:00+00:00,6,2,265.59310800000003,0.0046,target
AMZN,2026-05-21,2026-05-21 16:18:00+00:00,6,2,265.243038,0.0046,target
AMZN,2026-05-21,2026-05-21 16:45:00+00:00,6,2,265.35306,0.0046,target
AMZN,2026-05-21,2026-05-21 17:06:00+00:00,7,2,266.863362,0.0046,target
AMZN,2026-05-21,2026-05-21 17:29:00+00:00,6,2,267.46528236,0.0046,target
AMZN,2026-05-21,2026-05-21 17:52:00+00:00,7,2,269.243838,-0.0029000000000000002,stop
AMZN,2026-05-21,2026-05-21 18:12:00+00:00,6,2,268.77394403999995,0.0046,target
AMZN,2026-05-21,2026-05-21 19:13:00+00:00,6,2,268.10361,0.0046,target
AMZN,2026-05-21,2026-05-21 19:35:00+00:00,6,2,268.28364600000003,0.0046,target
AMZN,2026-05-21,2026-05-21 19:57:00+00:00,7,2,268.798749,-0.0029000000000000002,stop
AMZN,2026-05-21,2026-05-21 20:24:00+00:00,6,2,267.95358,0.0046,target
AMZN,2026-05-21,2026-05-21 21:51:00+00:00,6,2,268.533696,0.0046,target
AMZN,2026-05-21,2026-05-21 22:29:00+00:00,6,2,268.82375399999995,0.0046,target
AMZN,2026-05-22,2026-05-22 12:40:00+00:00,6,2,268.633716,0.0046,target
AMZN,2026-05-22,2026-05-22 13:05:00+00:00,6,2,269.25383999999997,-0.0029000000000000002,stop
AMZN,2026-05-22,2026-05-22 13:26:00+00:00,6,2,268.65372,0.0046,target
AMZN,2026-05-22,2026-05-22 13:46:00+00:00,7,2,269.28384600000004,-0.0029000000000000002,stop
AMZN,2026-05-22,2026-05-22 15:14:00+00:00,7,2,268.96878300000003,0.0046,target
AMZN,2026-05-22,2026-05-22 15:35:00+00:00,6,2,269.208831,0.0046,target
AMZN,2026-05-22,2026-05-22 15:59:00+00:00,6,2,269.323854,-0.0029000000000000002,stop
AMZN,2026-05-22,2026-05-22 17:32:00+00:00,6,2,269.113812,-0.0029000000000000002,stop
AMZN,2026-05-26,2026-05-26 10:50:00+00:00,6,2,268.173624,-0.0029000000000000002,stop
AMZN,2026-05-26,2026-05-26 13:35:00+00:00,7,2,268.383666,-0.0029000000000000002,stop
AMZN,2026-05-26,2026-05-26 14:10:00+00:00,6,2,268.04359800000003,-0.0029000000000000002,stop
AMZN,2026-05-26,2026-05-26 18:09:00+00:00,6,2,262.91367222,0.0046,target
AMZN,2026-05-26,2026-05-26 19:28:00+00:00,7,2,264.107811,0.0046,target
AMZN,2026-05-26,2026-05-26 19:49:00+00:00,8,2,265.118013,0.0046,target
AMZN,2026-05-26,2026-05-26 20:55:00+00:00,6,2,265.04779895999997,0.0046,target
AMZN,2026-05-26,2026-05-26 21:21:00+00:00,7,2,265.05930126,0.0046,target
AMZN,2026-05-27,2026-05-27 12:34:00+00:00,6,2,265.70313,-0.0029000000000000002,stop
AMZN,2026-05-27,2026-05-27 12:58:00+00:00,6,2,265.40307,-0.0029000000000000002,stop
AMZN,2026-05-27,2026-05-27 13:33:00+00:00,6,2,266.743338,-0.0029000000000000002,stop
AMZN,2026-05-27,2026-05-27 13:53:00+00:00,6,2,267.40347,0.0046,target
AMZN,2026-05-27,2026-05-27 14:14:00+00:00,6,2,269.50388999999996,0.0046,target
AMZN,2026-05-27,2026-05-27 14:42:00+00:00,7,2,270.224034,0.0046,target
AMZN,2026-05-27,2026-05-27 15:08:00+00:00,6,2,270.724134,0.0046,target
AMZN,2026-05-27,2026-05-27 15:29:00+00:00,7,2,271.26424199999997,-0.0029000000000000002,stop
AMZN,2026-05-27,2026-05-27 15:50:00+00:00,6,2,270.75414,-0.0029000000000000002,stop
AMZN,2026-05-27,2026-05-27 16:16:00+00:00,6,2,269.58390599999996,0.0046,target
AMZN,2026-05-27,2026-05-27 16:38:00+00:00,8,2,272.119413,-0.0029000000000000002,stop
AMZN,2026-05-27,2026-05-27 17:03:00+00:00,6,2,271.364262,-0.0029000000000000002,stop
AMZN,2026-05-27,2026-05-27 17:36:00+00:00,6,2,270.60411,-0.0029000000000000002,stop
AMZN,2026-05-27,2026-05-27 18:06:00+00:00,6,2,269.80395,0.0046,target
AMZN,2026-05-27,2026-05-27 18:51:00+00:00,6,2,270.594108,0.0046,target
AMZN,2026-05-27,2026-05-27 19:13:00+00:00,7,2,271.114212,0.0046,target
AMZN,2026-05-27,2026-05-27 19:36:00+00:00,7,2,271.38926699999996,-0.0029000000000000002,stop
AMZN,2026-05-27,2026-05-27 20:03:00+00:00,7,2,271.85436,0.0046,target
AMZN,2026-05-27,2026-05-27 20:24:00+00:00,7,2,272.60451,0.0046,target
AMZN,2026-05-27,2026-05-27 20:51:00+00:00,7,2,272.5980087,0.0046,target
AMZN,2026-05-27,2026-05-27 21:34:00+00:00,8,2,272.694528,0.0046,target
AMZN,2026-05-27,2026-05-27 22:11:00+00:00,6,2,273.2911473,0.0046,target
AMZN,2026-05-27,2026-05-27 22:44:00+00:00,7,2,273.044598,0.0046,target
AMZN,2026-05-27,2026-05-27 23:18:00+00:00,6,2,273.0546,-0.0029000000000000002,stop
AMZN,2026-05-28,2026-05-28 11:58:00+00:00,7,2,271.39426799999995,0.0046,target
AMZN,2026-05-28,2026-05-28 12:19:00+00:00,6,2,271.98438600000003,0.0046,target
AMZN,2026-05-28,2026-05-28 12:42:00+00:00,6,2,272.744538,-0.0029000000000000002,stop
AMZN,2026-05-28,2026-05-28 13:09:00+00:00,7,2,272.30445,-0.0029000000000000002,stop
AMZN,2026-05-28,2026-05-28 14:25:00+00:00,7,2,269.60391,0.0046,target
AMZN,2026-05-28,2026-05-28 14:46:00+00:00,6,2,270.15402,-0.0029000000000000002,stop
AMZN,2026-05-28,2026-05-28 15:13:00+00:00,6,2,269.843958,-0.0029000000000000002,stop
AMZN,2026-05-28,2026-05-28 15:46:00+00:00,6,2,269.923974,0.0046,target
AMZN,2026-05-28,2026-05-28 16:06:00+00:00,6,2,269.998989,-0.0029000000000000002,stop
AMZN,2026-05-28,2026-05-28 16:27:00+00:00,6,2,269.878965,-0.0029000000000000002,stop
AMZN,2026-05-28,2026-05-28 16:56:00+00:00,6,2,270.09030726,0.0046,target
AMZN,2026-05-28,2026-05-28 17:21:00+00:00,6,2,270.88426602,0.0046,target
AMZN,2026-05-28,2026-05-28 17:42:00+00:00,8,2,272.019393,0.0046,target
AMZN,2026-05-28,2026-05-28 18:03:00+00:00,6,2,272.35435997999997,0.0046,target
AMZN,2026-05-28,2026-05-28 18:26:00+00:00,7,2,272.259441,0.0046,target
AMZN,2026-05-28,2026-05-28 18:46:00+00:00,6,2,273.04349778,0.0046,target
AMZN,2026-05-28,2026-05-28 19:06:00+00:00,6,2,273.80475,0.0046,target
AMZN,2026-05-28,2026-05-28 19:27:00+00:00,7,2,273.99478799999997,0.0046,target
AMZN,2026-05-28,2026-05-28 19:50:00+00:00,6,2,273.974784,0.0046,target
AMZN,2026-05-28,2026-05-28 20:54:00+00:00,6,2,273.424674,0.0046,target
AMZN,2026-05-29,2026-05-29 10:23:00+00:00,8,2,271.71853283999997,0.0046,target
AMZN,2026-05-29,2026-05-29 11:01:00+00:00,7,2,272.00018916,0.0046,target
AMZN,2026-05-29,2026-05-29 11:24:00+00:00,6,2,272.23263564,0.0046,target
AMZN,2026-05-29,2026-05-29 11:52:00+00:00,6,2,272.10441000000003,0.0046,target
AMZN,2026-05-29,2026-05-29 13:14:00+00:00,6,2,271.85436,-0.0029000000000000002,stop
AMZN,2026-05-29,2026-05-29 13:35:00+00:00,6,2,272.88456599999995,0.0046,target
AMZN,2026-05-29,2026-05-29 13:56:00+00:00,6,2,274.374864,-0.0029000000000000002,stop
AMZN,2026-05-29,2026-05-29 15:23:00+00:00,6,2,272.40447,0.0046,target
AMZN,2026-05-29,2026-05-29 15:43:00+00:00,6,2,272.66452200000003,0.0046,target
AMZN,2026-05-29,2026-05-29 16:04:00+00:00,6,2,272.944578,-0.0029000000000000002,stop
AMZN,2026-06-01,2026-06-01 11:25:00+00:00,6,2,269.1328158,-0.0029000000000000002,stop
AMZN,2026-06-01,2026-06-01 15:03:00+00:00,6,2,264.5529,-0.0029000000000000002,stop
AMZN,2026-06-01,2026-06-01 15:31:00+00:00,6,2,264.492888,-0.0029000000000000002,stop
AMZN,2026-06-01,2026-06-01 17:51:00+00:00,6,2,262.62751499999996,-0.0029000000000000002,stop
AMZN,2026-06-01,2026-06-01 18:27:00+00:00,6,2,262.692528,0.0046,target
AMZN,2026-06-01,2026-06-01 19:04:00+00:00,7,2,263.682726,-0.0029000000000000002,stop
AMZN,2026-06-01,2026-06-01 19:24:00+00:00,6,2,263.962782,-0.0029000000000000002,stop
AMZN,2026-06-02,2026-06-02 12:52:00+00:00,6,2,257.571504,0.0046,target
AMZN,2026-06-02,2026-06-02 14:15:00+00:00,6,2,256.931376,0.0046,target
AMZN,2026-06-02,2026-06-02 14:41:00+00:00,6,2,258.89176799999996,0.0046,target
AMZN,2026-06-02,2026-06-02 15:03:00+00:00,7,2,260.622114,0.0046,target
AMZN,2026-06-02,2026-06-02 15:25:00+00:00,7,2,261.112212,-0.0029000000000000002,stop
AMZN,2026-06-02,2026-06-02 15:47:00+00:00,6,2,260.37206399999997,-0.0029000000000000002,stop
AMZN,2026-06-02,2026-06-02 16:10:00+00:00,6,2,258.671724,0.0046,target
AMZN,2026-06-02,2026-06-02 17:21:00+00:00,6,2,258.35166,-0.0029000000000000002,stop
AMZN,2026-06-02,2026-06-02 17:51:00+00:00,6,2,258.306651,-0.0029000000000000002,stop
AMZN,2026-06-02,2026-06-02 18:23:00+00:00,6,2,258.0516,0.0046,target
AMZN,2026-06-02,2026-06-02 18:47:00+00:00,7,2,258.361662,0.0046,target
AMZN,2026-06-02,2026-06-02 19:08:00+00:00,6,2,258.361662,0.0046,target
AMZN,2026-06-02,2026-06-02 19:29:00+00:00,6,2,258.096609,-0.0029000000000000002,stop
AMZN,2026-06-03,2026-06-03 11:43:00+00:00,8,2,256.3952688,0.0046,target
AMZN,2026-06-03,2026-06-03 13:36:00+00:00,7,2,255.981186,-0.0029000000000000002,stop
AMZN,2026-06-03,2026-06-03 19:49:00+00:00,7,2,249.459882,-0.0029000000000000002,stop
AMZN,2026-06-03,2026-06-03 22:01:00+00:00,8,2,250.79014800000002,0.0046,target
AMZN,2026-06-03,2026-06-03 22:27:00+00:00,6,2,250.90017,0.0046,target
AMZN,2026-06-03,2026-06-03 23:03:00+00:00,6,2,251.090208,0.0046,target
AMZN,2026-06-04,2026-06-04 10:49:00+00:00,7,2,252.040398,0.0046,target
AMZN,2026-06-04,2026-06-04 11:20:00+00:00,8,2,253.07120412,-0.0029000000000000002,stop
AMZN,2026-06-04,2026-06-04 11:40:00+00:00,6,2,252.35046,-0.0029000000000000002,stop
AMZN,2026-06-04,2026-06-04 12:02:00+00:00,6,2,252.58950779999998,0.0046,target
AMZN,2026-06-04,2026-06-04 12:35:00+00:00,6,2,253.20063,0.0046,target
AMZN,2026-06-04,2026-06-04 12:55:00+00:00,6,2,253.43067599999998,0.0046,target
AMZN,2026-06-04,2026-06-04 13:15:00+00:00,6,2,253.6572213,-0.0029000000000000002,stop
AMZN,2026-06-04,2026-06-04 13:38:00+00:00,7,2,253.860762,-0.0029000000000000002,stop
AMZN,2026-06-04,2026-06-04 14:03:00+00:00,6,2,254.280846,-0.0029000000000000002,stop
AMZN,2026-06-04,2026-06-04 14:23:00+00:00,6,2,253.940778,0.0046,target
AMZN,2026-06-04,2026-06-04 14:47:00+00:00,6,2,254.365863,-0.0029000000000000002,stop
AMZN,2026-06-04,2026-06-04 15:11:00+00:00,8,2,254.515893,0.0046,target
AMZN,2026-06-04,2026-06-04 15:33:00+00:00,6,2,255.381066,-0.0029000000000000002,stop
AMZN,2026-06-04,2026-06-04 15:55:00+00:00,6,2,253.80075,0.0046,target
AMZN,2026-06-04,2026-06-04 16:15:00+00:00,6,2,254.340858,-0.0029000000000000002,stop
AMZN,2026-06-04,2026-06-04 16:35:00+00:00,6,2,254.07960576,0.0046,target
AMZN,2026-06-04,2026-06-04 17:02:00+00:00,6,2,253.87076399999998,0.0046,target
AMZN,2026-06-04,2026-06-04 17:26:00+00:00,7,2,254.340858,-0.0029000000000000002,stop
AMZN,2026-06-04,2026-06-04 18:16:00+00:00,6,2,254.055801,0.0046,target
AMZN,2026-06-04,2026-06-04 18:36:00+00:00,7,2,254.80095,-0.0029000000000000002,stop
AMZN,2026-06-04,2026-06-04 19:17:00+00:00,6,2,254.345859,-0.0029000000000000002,stop
AMZN,2026-06-05,2026-06-05 12:02:00+00:00,6,2,252.15042,0.0046,target
AMZN,2026-06-05,2026-06-05 13:28:00+00:00,8,2,253.460682,0.0046,target
AMZN,2026-06-05,2026-06-05 14:27:00+00:00,6,2,254.13071598,-0.0029000000000000002,stop
AMZN,2026-06-05,2026-06-05 15:04:00+00:00,6,2,253.755741,-0.0029000000000000002,stop
AMZN,2026-06-05,2026-06-05 16:50:00+00:00,6,2,253.53069599999998,-0.0029000000000000002,stop
AMZN,2026-06-05,2026-06-05 17:36:00+00:00,7,2,253.640718,-0.0029000000000000002,stop
AMZN,2026-06-05,2026-06-05 18:01:00+00:00,6,2,253.630716,-0.0029000000000000002,stop
AMZN,2026-06-05,2026-06-05 21:27:00+00:00,6,2,246.309252,0.0046,target
AMZN,2026-06-08,2026-06-08 11:15:00+00:00,6,2,247.49948999999998,0.0046,target
AMZN,2026-06-08,2026-06-08 11:38:00+00:00,6,2,248.679726,-0.0029000000000000002,stop
AMZN,2026-06-08,2026-06-08 12:00:00+00:00,6,2,248.629716,-0.0029000000000000002,stop
AMZN,2026-06-08,2026-06-08 12:22:00+00:00,6,2,248.64972,0.0046,target
AMZN,2026-06-08,2026-06-08 12:47:00+00:00,6,2,249.02669538,0.0046,target
AMZN,2026-06-08,2026-06-08 13:12:00+00:00,6,2,249.50589119999998,-0.0029000000000000002,stop
AMZN,2026-06-08,2026-06-08 13:53:00+00:00,6,2,248.039598,-0.0029000000000000002,stop
AMZN,2026-06-08,2026-06-08 15:10:00+00:00,6,2,247.569504,-0.0029000000000000002,stop
AMZN,2026-06-08,2026-06-08 19:04:00+00:00,6,2,244.758942,0.0046,target
AMZN,2026-06-08,2026-06-08 19:27:00+00:00,6,2,244.64891999999998,0.0046,target
AMZN,2026-06-09,2026-06-09 11:06:00+00:00,7,2,246.64932,0.0046,target
AMZN,2026-06-09,2026-06-09 11:58:00+00:00,6,2,246.60021018,-0.0029000000000000002,stop
AMZN,2026-06-09,2026-06-09 13:11:00+00:00,6,2,246.91817375999997,0.0046,target
AMZN,2026-06-09,2026-06-09 13:33:00+00:00,7,2,248.429676,0.0046,target
AMZN,2026-06-09,2026-06-09 17:37:00+00:00,6,2,244.36886399999997,0.0046,target
AMZN,2026-06-09,2026-06-09 18:06:00+00:00,7,2,245.259042,0.0046,target
AMZN,2026-06-09,2026-06-09 18:31:00+00:00,7,2,245.619114,-0.0029000000000000002,stop
AMZN,2026-06-09,2026-06-09 18:57:00+00:00,6,2,245.484087,-0.0029000000000000002,stop
AMZN,2026-06-10,2026-06-10 12:33:00+00:00,7,2,243.64872,-0.0029000000000000002,stop
AMZN,2026-06-10,2026-06-10 13:30:00+00:00,6,2,243.653721,-0.0029000000000000002,stop
AMZN,2026-06-10,2026-06-10 14:17:00+00:00,6,2,242.07930618,-0.0029000000000000002,stop
AMZN,2026-06-11,2026-06-11 11:44:00+00:00,7,2,240.128016,-0.0029000000000000002,stop
AMZN,2026-06-11,2026-06-11 12:09:00+00:00,6,2,237.452481,0.0046,target
AMZN,2026-06-11,2026-06-11 13:05:00+00:00,8,2,239.83955831999998,-0.0029000000000000002,stop
AMZN,2026-06-11,2026-06-11 13:56:00+00:00,6,2,238.06760400000002,-0.0029000000000000002,stop
AMZN,2026-06-11,2026-06-11 15:25:00+00:00,6,2,237.227436,-0.0029000000000000002,stop
AMZN,2026-06-11,2026-06-11 15:58:00+00:00,6,2,237.19743,0.0046,target
AMZN,2026-06-11,2026-06-11 16:19:00+00:00,7,2,237.802551,-0.0029000000000000002,stop
AMZN,2026-06-11,2026-06-11 17:33:00+00:00,7,2,238.807752,0.0046,target
AMZN,2026-06-11,2026-06-11 17:56:00+00:00,6,2,238.787748,-0.0029000000000000002,stop
AMZN,2026-06-11,2026-06-11 18:20:00+00:00,6,2,239.55790199999998,-0.0029000000000000002,stop
AMZN,2026-06-11,2026-06-11 18:44:00+00:00,6,2,239.207832,0.0046,target
AMZN,2026-06-11,2026-06-11 19:05:00+00:00,6,2,240.433077,0.0046,target
AMZN,2026-06-11,2026-06-11 19:27:00+00:00,7,2,240.64811999999998,0.0046,target
AMZN,2026-06-11,2026-06-11 19:49:00+00:00,6,2,241.218234,0.0046,target
AMZN,2026-06-11,2026-06-11 20:16:00+00:00,6,2,241.978386,-0.0029000000000000002,stop
AMZN,2026-06-11,2026-06-11 21:30:00+00:00,6,2,241.44828,0.0046,target
AMZN,2026-06-11,2026-06-11 22:01:00+00:00,7,2,241.60831199999998,0.0046,target
AMZN,2026-06-11,2026-06-11 22:34:00+00:00,6,2,241.94838000000001,0.0046,target
AMZN,2026-06-12,2026-06-12 10:31:00+00:00,6,2,243.158622,0.0046,target
AMZN,2026-06-12,2026-06-12 11:14:00+00:00,6,2,243.63031632,0.0046,target
AMZN,2026-06-12,2026-06-12 11:38:00+00:00,8,2,244.24883999999997,0.0046,target
AMZN,2026-06-12,2026-06-12 11:58:00+00:00,6,2,245.049,-0.0029000000000000002,stop
AMZN,2026-06-12,2026-06-12 12:26:00+00:00,6,2,244.108812,-0.0029000000000000002,stop
AMZN,2026-06-12,2026-06-12 14:16:00+00:00,6,2,236.86736399999998,-0.0029000000000000002,stop
META,2025-12-12,2025-12-12 17:16:00+00:00,8,2,643.403655,0.0046,target
META,2025-12-12,2025-12-12 17:39:00+00:00,6,2,644.32884,0.0046,target
META,2025-12-12,2025-12-12 17:59:00+00:00,6,2,645.904155,0.0046,target
META,2025-12-12,2025-12-12 18:22:00+00:00,6,2,647.799534,0.0046,target
META,2025-12-12,2025-12-12 18:43:00+00:00,7,2,647.654505,-0.0029000000000000002,stop
META,2025-12-12,2025-12-12 19:05:00+00:00,7,2,646.789332,-0.0029000000000000002,stop
META,2025-12-12,2025-12-12 19:31:00+00:00,6,2,645.6791099999999,0.0046,target
META,2025-12-12,2025-12-12 20:21:00+00:00,7,2,646.1467035000001,-0.0029000000000000002,stop
META,2025-12-12,2025-12-12 20:46:00+00:00,6,2,645.2990339999999,-0.0029000000000000002,stop
META,2025-12-15,2025-12-15 14:36:00+00:00,6,2,643.9627667999999,0.0046,target
META,2025-12-15,2025-12-15 15:34:00+00:00,6,2,642.348444,0.0046,target
META,2025-12-15,2025-12-15 15:55:00+00:00,7,2,644.27883,0.0046,target
META,2025-12-15,2025-12-15 16:15:00+00:00,6,2,647.0593859999999,0.0046,target
META,2025-12-15,2025-12-15 16:35:00+00:00,6,2,650.1800099999999,0.0046,target
META,2025-12-15,2025-12-15 16:56:00+00:00,7,2,650.8101359999999,-0.0029000000000000002,stop
META,2025-12-15,2025-12-15 17:25:00+00:00,6,2,649.464867,0.0046,target
META,2025-12-15,2025-12-15 17:46:00+00:00,8,2,652.0403819999999,-0.0029000000000000002,stop
META,2025-12-15,2025-12-15 18:09:00+00:00,6,2,651.600294,-0.0029000000000000002,stop
META,2025-12-15,2025-12-15 18:45:00+00:00,8,2,650.985171,0.0046,target
META,2025-12-15,2025-12-15 19:06:00+00:00,7,2,651.500274,0.0046,target
META,2025-12-15,2025-12-15 19:27:00+00:00,6,2,651.585291,0.0046,target
META,2025-12-15,2025-12-15 20:03:00+00:00,6,2,650.790132,0.0046,target
META,2025-12-16,2025-12-16 11:57:00+00:00,7,2,644.508876,-0.0029000000000000002,stop
META,2025-12-16,2025-12-16 13:08:00+00:00,6,2,645.4290599999999,0.0046,target
META,2025-12-16,2025-12-16 13:33:00+00:00,8,2,646.72932,-0.0029000000000000002,stop
META,2025-12-16,2025-12-16 14:31:00+00:00,6,2,645.859146,0.0046,target
META,2025-12-16,2025-12-16 14:51:00+00:00,7,2,650.6501039999999,0.0046,target
META,2025-12-16,2025-12-16 15:12:00+00:00,6,2,652.300434,-0.0029000000000000002,stop
META,2025-12-16,2025-12-16 15:52:00+00:00,7,2,652.160406,-0.0029000000000000002,stop
META,2025-12-16,2025-12-16 16:22:00+00:00,6,2,651.090192,-0.0029000000000000002,stop
META,2025-12-16,2025-12-16 16:50:00+00:00,6,2,651.270228,0.0046,target
META,2025-12-16,2025-12-16 17:10:00+00:00,6,2,651.4452630000001,0.0046,target
META,2025-12-16,2025-12-16 17:31:00+00:00,6,2,651.820338,-0.0029000000000000002,stop
META,2025-12-16,2025-12-16 18:43:00+00:00,6,2,653.245623,0.0046,target
META,2025-12-16,2025-12-16 19:05:00+00:00,6,2,653.4506640000001,0.0046,target
META,2025-12-16,2025-12-16 19:26:00+00:00,9,2,654.600894,0.0046,target
META,2025-12-16,2025-12-16 19:46:00+00:00,7,2,657.641502,0.0046,target
META,2025-12-16,2025-12-16 20:13:00+00:00,6,2,658.98297024,0.0046,target
META,2025-12-16,2025-12-16 20:37:00+00:00,8,2,660.877149,-0.0029000000000000002,stop
META,2025-12-16,2025-12-16 20:58:00+00:00,6,2,659.0817900000001,-0.0029000000000000002,stop
META,2025-12-17,2025-12-17 10:38:00+00:00,6,2,658.8117359999999,0.0046,target
META,2025-12-17,2025-12-17 11:52:00+00:00,6,2,659.3218380000001,0.0046,target
META,2025-12-17,2025-12-17 12:43:00+00:00,6,2,659.0117759999999,-0.0029000000000000002,stop
META,2025-12-17,2025-12-17 13:12:00+00:00,6,2,658.611696,-0.0029000000000000002,stop
META,2025-12-17,2025-12-17 14:01:00+00:00,7,2,658.111596,-0.0029000000000000002,stop
META,2025-12-17,2025-12-17 14:36:00+00:00,6,2,657.856545,-0.0029000000000000002,stop
META,2025-12-17,2025-12-17 15:09:00+00:00,6,2,657.601494,0.0046,target
META,2025-12-17,2025-12-17 15:33:00+00:00,6,2,659.0267789999999,-0.0029000000000000002,stop
META,2025-12-17,2025-12-17 15:55:00+00:00,6,2,657.251424,-0.0029000000000000002,stop
META,2025-12-17,2025-12-17 16:30:00+00:00,6,2,658.8217380000001,-0.0029000000000000002,stop
META,2025-12-17,2025-12-17 16:50:00+00:00,6,2,658.426659,-0.0029000000000000002,stop
META,2025-12-17,2025-12-17 17:17:00+00:00,6,2,658.246623,0.0046,target
META,2025-12-17,2025-12-17 17:38:00+00:00,6,2,660.011976,-0.0029000000000000002,stop
META,2025-12-17,2025-12-17 18:07:00+00:00,7,2,659.761926,-0.0029000000000000002,stop
META,2025-12-17,2025-12-17 19:59:00+00:00,6,2,654.78093,-0.0029000000000000002,stop
META,2025-12-17,2025-12-17 20:44:00+00:00,6,2,654.1007940000001,-0.0029000000000000002,stop
META,2025-12-18,2025-12-18 13:35:00+00:00,7,2,655.090992,0.0046,target
META,2025-12-18,2025-12-18 13:56:00+00:00,6,2,655.6311,0.0046,target
META,2025-12-18,2025-12-18 14:23:00+00:00,7,2,655.4710680000001,0.0046,target
META,2025-12-18,2025-12-18 14:50:00+00:00,6,2,660.6125961,0.0046,target
META,2025-12-18,2025-12-18 15:11:00+00:00,6,2,662.6425019999999,-0.0029000000000000002,stop
META,2025-12-18,2025-12-18 15:32:00+00:00,7,2,666.6333,0.0046,target
META,2025-12-18,2025-12-18 15:57:00+00:00,6,2,667.6945122000001,0.0046,target
META,2025-12-18,2025-12-18 16:20:00+00:00,6,2,668.6737079999999,-0.0029000000000000002,stop
META,2025-12-18,2025-12-18 16:40:00+00:00,6,2,668.003574,-0.0029000000000000002,stop
META,2025-12-18,2025-12-18 17:03:00+00:00,6,2,667.573488,-0.0029000000000000002,stop
META,2025-12-18,2025-12-18 17:34:00+00:00,6,2,664.922958,0.0046,target
META,2025-12-18,2025-12-18 17:54:00+00:00,6,2,666.228219,0.0046,target
META,2025-12-18,2025-12-18 18:16:00+00:00,6,2,666.3147363,0.0046,target
META,2025-12-18,2025-12-18 18:37:00+00:00,7,2,667.113396,-0.0029000000000000002,stop
META,2025-12-18,2025-12-18 20:23:00+00:00,6,2,664.33284,0.0046,target
META,2025-12-18,2025-12-18 20:48:00+00:00,7,2,665.133,-0.0029000000000000002,stop
META,2025-12-19,2025-12-19 12:01:00+00:00,8,2,664.73292,-0.0029000000000000002,stop
META,2025-12-19,2025-12-19 13:57:00+00:00,6,2,664.58289,0.0046,target
META,2025-12-19,2025-12-19 14:22:00+00:00,6,2,667.023378,-0.0029000000000000002,stop
META,2025-12-19,2025-12-19 15:45:00+00:00,6,2,662.98257,0.0046,target
META,2025-12-19,2025-12-19 16:10:00+00:00,7,2,665.012976,0.0046,target
META,2025-12-19,2025-12-19 16:30:00+00:00,6,2,666.843342,0.0046,target
META,2025-12-19,2025-12-19 16:51:00+00:00,6,2,666.403254,0.0046,target
META,2025-12-19,2025-12-19 17:13:00+00:00,6,2,667.5334799999999,0.0046,target
META,2025-12-19,2025-12-19 17:33:00+00:00,6,2,667.98357,0.0046,target
META,2025-12-19,2025-12-19 17:55:00+00:00,7,2,667.7935319999999,0.0046,target
META,2025-12-19,2025-12-19 18:15:00+00:00,6,2,668.6737079999999,-0.0029000000000000002,stop
META,2025-12-19,2025-12-19 18:35:00+00:00,6,2,667.673508,0.0046,target
META,2025-12-19,2025-12-19 18:57:00+00:00,7,2,668.278629,0.0046,target
META,2025-12-19,2025-12-19 19:20:00+00:00,6,2,667.928559,-0.0029000000000000002,stop
META,2025-12-19,2025-12-19 19:46:00+00:00,6,2,666.83614056,-0.0029000000000000002,stop
META,2025-12-19,2025-12-19 20:39:00+00:00,6,2,666.123198,0.0046,target
META,2025-12-19,2025-12-19 23:02:00+00:00,6,2,661.5822900000001,0.0046,target
META,2025-12-22,2025-12-22 13:13:00+00:00,6,2,661.9723680000001,0.0046,target
META,2025-12-22,2025-12-22 13:41:00+00:00,6,2,662.302434,0.0046,target
META,2025-12-22,2025-12-22 14:13:00+00:00,6,2,662.262426,-0.0029000000000000002,stop
META,2025-12-22,2025-12-22 14:35:00+00:00,7,2,665.458065,0.0046,target
META,2025-12-22,2025-12-22 14:55:00+00:00,6,2,670.904154,-0.0029000000000000002,stop
META,2025-12-22,2025-12-22 18:46:00+00:00,6,2,660.702114,0.0046,target
META,2025-12-22,2025-12-22 20:34:00+00:00,6,2,661.51217598,0.0046,target
META,2025-12-23,2025-12-23 12:44:00+00:00,6,2,662.062386,-0.0029000000000000002,stop
META,2025-12-23,2025-12-23 13:18:00+00:00,6,2,661.6323,0.0046,target
META,2025-12-23,2025-12-23 14:36:00+00:00,7,2,661.47756906,0.0046,target
META,2025-12-23,2025-12-23 14:56:00+00:00,7,2,663.417657,-0.0029000000000000002,stop
META,2025-12-23,2025-12-23 15:24:00+00:00,8,2,662.862546,0.0046,target
META,2025-12-23,2025-12-23 15:54:00+00:00,6,2,663.80283402,0.0046,target
META,2025-12-23,2025-12-23 16:20:00+00:00,6,2,663.592692,0.0046,target
META,2025-12-23,2025-12-23 16:44:00+00:00,6,2,664.5628859999999,0.0046,target
META,2025-12-23,2025-12-23 17:04:00+00:00,7,2,664.98297,0.0046,target
META,2025-12-23,2025-12-23 17:42:00+00:00,6,2,664.4328599999999,0.0046,target
META,2025-12-23,2025-12-23 18:23:00+00:00,6,2,664.217817,0.0046,target
META,2025-12-23,2025-12-23 18:43:00+00:00,7,2,664.6814097,0.0046,target
META,2025-12-23,2025-12-23 19:05:00+00:00,6,2,664.4128559999999,0.0046,target
META,2025-12-23,2025-12-23 19:27:00+00:00,6,2,665.3030339999999,0.0046,target
META,2025-12-23,2025-12-23 19:52:00+00:00,6,2,665.413056,0.0046,target
META,2025-12-23,2025-12-23 20:12:00+00:00,8,2,665.7831299999999,0.0046,target
META,2025-12-23,2025-12-23 20:35:00+00:00,6,2,665.813136,-0.0029000000000000002,stop
META,2025-12-23,2025-12-23 20:55:00+00:00,6,2,664.83294,0.0046,target
META,2025-12-24,2025-12-24 13:50:00+00:00,6,2,663.73231992,-0.0029000000000000002,stop
META,2025-12-24,2025-12-24 14:38:00+00:00,6,2,665.0330800199999,0.0046,target
META,2025-12-24,2025-12-24 14:58:00+00:00,6,2,666.43135962,0.0046,target
META,2025-12-24,2025-12-24 15:20:00+00:00,7,2,665.998173,0.0046,target
META,2025-12-24,2025-12-24 15:42:00+00:00,6,2,665.963166,0.0046,target
META,2025-12-24,2025-12-24 16:22:00+00:00,6,2,666.03318,0.0046,target
META,2025-12-24,2025-12-24 16:47:00+00:00,6,2,667.093392,0.0046,target
META,2025-12-24,2025-12-24 17:07:00+00:00,8,2,667.5434819999999,0.0046,target
META,2025-12-24,2025-12-24 17:31:00+00:00,6,2,667.503474,0.0046,target
META,2025-12-24,2025-12-24 17:51:00+00:00,6,2,667.658505,0.0046,target
META,2025-12-26,2025-12-26 13:57:00+00:00,6,2,667.43346,-0.0029000000000000002,stop
META,2025-12-26,2025-12-26 14:48:00+00:00,6,2,668.563686,-0.0029000000000000002,stop
META,2025-12-26,2025-12-26 19:38:00+00:00,6,2,663.08259,0.0046,target
META,2025-12-26,2025-12-26 20:48:00+00:00,6,2,663.48267,0.0046,target
META,2025-12-29,2025-12-29 15:31:00+00:00,7,2,658.68171,0.0046,target
META,2025-12-29,2025-12-29 18:05:00+00:00,6,2,656.18121,0.0046,target
META,2025-12-29,2025-12-29 18:25:00+00:00,6,2,656.951364,0.0046,target
META,2025-12-29,2025-12-29 19:22:00+00:00,7,2,657.551484,0.0046,target
META,2025-12-29,2025-12-29 19:42:00+00:00,6,2,658.871748,0.0046,target
META,2025-12-29,2025-12-29 20:02:00+00:00,7,2,658.7594255399999,0.0046,target
META,2025-12-29,2025-12-29 20:23:00+00:00,6,2,659.9319599999999,0.0046,target
META,2025-12-29,2025-12-29 20:51:00+00:00,7,2,659.151804,0.0046,target
META,2025-12-30,2025-12-30 12:51:00+00:00,6,2,658.121598,-0.0029000000000000002,stop
META,2025-12-30,2025-12-30 13:15:00+00:00,6,2,660.05418444,0.0046,target
META,2025-12-30,2025-12-30 13:54:00+00:00,6,2,659.211816,0.0046,target
META,2025-12-30,2025-12-30 14:31:00+00:00,8,2,660.00187398,0.0046,target
META,2025-12-30,2025-12-30 14:53:00+00:00,8,2,668.83374,0.0046,target
META,2025-12-30,2025-12-30 16:02:00+00:00,8,2,667.763526,0.0046,target
META,2025-12-30,2025-12-30 16:30:00+00:00,6,2,667.0249783200001,0.0046,target
META,2025-12-30,2025-12-30 17:59:00+00:00,6,2,666.9133559999999,0.0046,target
META,2025-12-30,2025-12-30 18:25:00+00:00,6,2,667.008375,0.0046,target
META,2025-12-30,2025-12-30 18:49:00+00:00,6,2,667.2034140000001,0.0046,target
META,2025-12-30,2025-12-30 19:09:00+00:00,7,2,667.3724478,0.0046,target
META,2025-12-30,2025-12-30 19:36:00+00:00,7,2,667.263426,0.0046,target
META,2025-12-30,2025-12-30 20:00:00+00:00,6,2,667.03297992,0.0046,target
META,2025-12-30,2025-12-30 20:27:00+00:00,6,2,667.3034339999999,-0.0029000000000000002,stop
META,2025-12-31,2025-12-31 13:25:00+00:00,6,2,665.753124,0.0046,target
META,2025-12-31,2025-12-31 13:56:00+00:00,6,2,666.98337,-0.0029000000000000002,stop
META,2025-12-31,2025-12-31 14:30:00+00:00,6,2,665.03298,-0.0029000000000000002,stop
META,2025-12-31,2025-12-31 15:30:00+00:00,6,2,663.472668,-0.0029000000000000002,stop
META,2025-12-31,2025-12-31 16:30:00+00:00,6,2,663.792732,0.0046,target
META,2025-12-31,2025-12-31 16:50:00+00:00,6,2,663.152604,0.0046,target
META,2025-12-31,2025-12-31 18:32:00+00:00,8,2,663.462666,0.0046,target
META,2025-12-31,2025-12-31 18:59:00+00:00,7,2,663.8227380000001,0.0046,target
META,2026-01-02,2026-01-02 13:31:00+00:00,6,2,664.322838,0.0046,target
META,2026-01-02,2026-01-02 14:31:00+00:00,6,2,663.862746,-0.0029000000000000002,stop
META,2026-01-02,2026-01-02 15:07:00+00:00,6,2,660.8021339999999,-0.0029000000000000002,stop
META,2026-01-02,2026-01-02 17:22:00+00:00,6,2,650.3200380000001,0.0046,target
META,2026-01-02,2026-01-02 19:17:00+00:00,6,2,651.93036,0.0046,target
META,2026-01-02,2026-01-02 19:39:00+00:00,6,2,653.320638,-0.0029000000000000002,stop
META,2026-01-05,2026-01-05 12:22:00+00:00,6,2,649.899954,-0.0029000000000000002,stop
META,2026-01-05,2026-01-05 13:05:00+00:00,7,2,650.540082,0.0046,target
META,2026-01-05,2026-01-05 14:04:00+00:00,7,2,649.87995,0.0046,target
META,2026-01-05,2026-01-05 14:28:00+00:00,6,2,651.050184,-0.0029000000000000002,stop
META,2026-01-05,2026-01-05 14:49:00+00:00,6,2,658.451664,0.0046,target
META,2026-01-05,2026-01-05 15:10:00+00:00,6,2,661.23222,0.0046,target
META,2026-01-05,2026-01-05 15:34:00+00:00,6,2,663.027579,-0.0029000000000000002,stop
META,2026-01-05,2026-01-05 16:02:00+00:00,8,2,661.2647265,0.0046,target
META,2026-01-05,2026-01-05 16:25:00+00:00,7,2,662.28243,0.0046,target
META,2026-01-05,2026-01-05 16:52:00+00:00,6,2,662.302434,0.0046,target
META,2026-01-05,2026-01-05 17:14:00+00:00,6,2,663.39275202,-0.0029000000000000002,stop
META,2026-01-05,2026-01-05 17:40:00+00:00,6,2,661.652304,0.0046,target
META,2026-01-05,2026-01-05 18:38:00+00:00,7,2,661.362246,0.0046,target
META,2026-01-05,2026-01-05 19:01:00+00:00,8,2,661.857345,0.0046,target
META,2026-01-05,2026-01-05 19:23:00+00:00,6,2,662.442462,-0.0029000000000000002,stop
META,2026-01-05,2026-01-05 19:57:00+00:00,6,2,660.7821299999999,0.0046,target
META,2026-01-05,2026-01-05 20:19:00+00:00,6,2,660.977169,0.0046,target
META,2026-01-05,2026-01-05 20:44:00+00:00,6,2,660.57048768,-0.0029000000000000002,stop
META,2026-01-06,2026-01-06 12:15:00+00:00,6,2,658.73172,-0.0029000000000000002,stop
META,2026-01-06,2026-01-06 13:21:00+00:00,8,2,659.621898,0.0046,target
META,2026-01-06,2026-01-06 13:50:00+00:00,6,2,658.6317,0.0046,target
META,2026-01-06,2026-01-06 15:30:00+00:00,7,2,658.33164,-0.0029000000000000002,stop
META,2026-01-06,2026-01-06 17:38:00+00:00,6,2,656.5812900000001,0.0046,target
META,2026-01-06,2026-01-06 17:58:00+00:00,6,2,656.83874148,0.0046,target
META,2026-01-06,2026-01-06 18:18:00+00:00,6,2,658.916757,0.0046,target
META,2026-01-06,2026-01-06 18:38:00+00:00,6,2,659.651904,0.0046,target
META,2026-01-06,2026-01-06 18:59:00+00:00,7,2,661.88235,0.0046,target
META,2026-01-06,2026-01-06 19:26:00+00:00,6,2,661.002174,0.0046,target
META,2026-01-06,2026-01-06 19:46:00+00:00,6,2,660.93216,0.0046,target
META,2026-01-06,2026-01-06 20:17:00+00:00,6,2,660.9421619999999,-0.0029000000000000002,stop
META,2026-01-06,2026-01-06 20:42:00+00:00,7,2,659.991972,0.0046,target
META,2026-01-06,2026-01-06 21:07:00+00:00,6,2,660.422058,0.0046,target
META,2026-01-06,2026-01-06 22:32:00+00:00,6,2,660.43206,0.0046,target
META,2026-01-07,2026-01-07 12:17:00+00:00,6,2,658.021578,-0.0029000000000000002,stop
META,2026-01-07,2026-01-07 13:14:00+00:00,6,2,657.9115559999999,0.0046,target
META,2026-01-07,2026-01-07 13:44:00+00:00,6,2,658.711716,-0.0029000000000000002,stop
META,2026-01-07,2026-01-07 16:12:00+00:00,6,2,650.620098,-0.0029000000000000002,stop
META,2026-01-07,2026-01-07 16:44:00+00:00,6,2,651.28023,0.0046,target
META,2026-01-07,2026-01-07 17:05:00+00:00,6,2,653.225619,0.0046,target
META,2026-01-07,2026-01-07 17:27:00+00:00,7,2,654.37074798,-0.0029000000000000002,stop
META,2026-01-07,2026-01-07 17:48:00+00:00,6,2,652.960566,0.0046,target
META,2026-01-07,2026-01-07 18:08:00+00:00,6,2,653.055585,-0.0029000000000000002,stop
META,2026-01-07,2026-01-07 18:33:00+00:00,6,2,652.350444,0.0046,target
META,2026-01-07,2026-01-07 18:55:00+00:00,6,2,654.010776,-0.0029000000000000002,stop
META,2026-01-07,2026-01-07 19:50:00+00:00,6,2,651.275229,-0.0029000000000000002,stop
META,2026-01-08,2026-01-08 13:38:00+00:00,6,2,646.139202,0.0046,target
META,2026-01-08,2026-01-08 14:10:00+00:00,7,2,646.61369688,-0.0029000000000000002,stop
META,2026-01-08,2026-01-08 15:19:00+00:00,6,2,641.35834602,0.0046,target
META,2026-01-08,2026-01-08 15:39:00+00:00,6,2,641.4182579999999,0.0046,target
META,2026-01-08,2026-01-08 15:59:00+00:00,6,2,644.1688079999999,0.0046,target
META,2026-01-08,2026-01-08 16:20:00+00:00,7,2,644.27883,-0.0029000000000000002,stop
META,2026-01-08,2026-01-08 16:54:00+00:00,7,2,643.91195664,0.0046,target
META,2026-01-08,2026-01-08 17:14:00+00:00,7,2,643.693713,0.0046,target
META,2026-01-08,2026-01-08 17:35:00+00:00,6,2,644.2088160000001,-0.0029000000000000002,stop
META,2026-01-08,2026-01-08 18:01:00+00:00,6,2,642.95636556,-0.0029000000000000002,stop
META,2026-01-08,2026-01-08 18:51:00+00:00,7,2,642.433461,0.0046,target
META,2026-01-08,2026-01-08 19:12:00+00:00,6,2,643.0885920000001,0.0046,target
META,2026-01-08,2026-01-08 19:32:00+00:00,6,2,644.188812,0.0046,target
META,2026-01-08,2026-01-08 19:56:00+00:00,6,2,644.02878,0.0046,target
META,2026-01-08,2026-01-08 20:16:00+00:00,6,2,645.07899,0.0046,target
META,2026-01-08,2026-01-08 20:38:00+00:00,9,2,646.52928,0.0046,target
META,2026-01-08,2026-01-08 21:03:00+00:00,6,2,646.1892119999999,0.0046,target
META,2026-01-08,2026-01-08 21:47:00+00:00,7,2,646.339242,0.0046,target
META,2026-01-09,2026-01-09 11:58:00+00:00,6,2,645.129,0.0046,target
META,2026-01-09,2026-01-09 13:10:00+00:00,6,2,645.559086,0.0046,target
META,2026-01-09,2026-01-09 13:42:00+00:00,6,2,647.149404,0.0046,target
META,2026-01-09,2026-01-09 14:16:00+00:00,6,2,647.799534,-0.0029000000000000002,stop
META,2026-01-09,2026-01-09 14:38:00+00:00,7,2,650.6501039999999,-0.0029000000000000002,stop
META,2026-01-09,2026-01-09 15:03:00+00:00,6,2,647.239422,-0.0029000000000000002,stop
META,2026-01-09,2026-01-09 15:27:00+00:00,7,2,649.169808,0.0046,target
META,2026-01-09,2026-01-09 15:57:00+00:00,6,2,650.9051549999999,0.0046,target
META,2026-01-09,2026-01-09 16:18:00+00:00,7,2,654.3308400000001,-0.0029000000000000002,stop
META,2026-01-09,2026-01-09 16:42:00+00:00,6,2,652.535481,0.0046,target
META,2026-01-09,2026-01-09 17:04:00+00:00,6,2,652.795533,-0.0029000000000000002,stop
META,2026-01-09,2026-01-09 17:42:00+00:00,6,2,651.5602859999999,0.0046,target
META,2026-01-09,2026-01-09 18:02:00+00:00,6,2,652.4304599999999,-0.0029000000000000002,stop
META,2026-01-09,2026-01-09 18:31:00+00:00,6,2,651.635301,0.0046,target
META,2026-01-09,2026-01-09 18:57:00+00:00,6,2,652.1804099999999,0.0046,target
META,2026-01-09,2026-01-09 19:17:00+00:00,6,2,652.6805099999999,0.0046,target
META,2026-01-09,2026-01-09 19:41:00+00:00,6,2,652.635501,-0.0029000000000000002,stop
META,2026-01-09,2026-01-09 20:22:00+00:00,7,2,651.515277,0.0046,target
META,2026-01-09,2026-01-09 20:43:00+00:00,6,2,652.1658070799999,0.0046,target
META,2026-01-09,2026-01-09 21:49:00+00:00,6,2,653.270628,0.0046,target
META,2026-01-12,2026-01-12 12:03:00+00:00,6,2,646.7993339999999,-0.0029000000000000002,stop
META,2026-01-12,2026-01-12 13:02:00+00:00,7,2,647.9295599999999,-0.0029000000000000002,stop
META,2026-01-12,2026-01-12 13:26:00+00:00,7,2,648.92976,0.0046,target
META,2026-01-12,2026-01-12 13:59:00+00:00,6,2,648.1596059999999,0.0046,target
META,2026-01-12,2026-01-12 14:26:00+00:00,6,2,651.3802499999999,-0.0029000000000000002,stop
META,2026-01-12,2026-01-12 16:09:00+00:00,6,2,648.999774,0.0046,target
META,2026-01-12,2026-01-12 16:41:00+00:00,6,2,649.0497839999999,0.0046,target
META,2026-01-12,2026-01-12 17:02:00+00:00,6,2,650.039982,-0.0029000000000000002,stop
META,2026-01-12,2026-01-12 17:34:00+00:00,6,2,649.439862,-0.0029000000000000002,stop
META,2026-01-12,2026-01-12 22:34:00+00:00,6,2,642.968568,0.0046,target
META,2026-01-13,2026-01-13 12:56:00+00:00,6,2,642.108396,-0.0029000000000000002,stop
META,2026-01-13,2026-01-13 13:22:00+00:00,7,2,642.458466,0.0046,target
META,2026-01-13,2026-01-13 13:45:00+00:00,6,2,643.798734,0.0046,target
META,2026-01-13,2026-01-13 14:07:00+00:00,7,2,643.5686880000001,-0.0029000000000000002,stop
META,2026-01-13,2026-01-13 18:13:00+00:00,7,2,629.30753634,-0.0029000000000000002,stop
META,2026-01-13,2026-01-13 20:51:00+00:00,6,2,629.795934,0.0046,target
META,2026-01-13,2026-01-13 21:13:00+00:00,7,2,631.236222,0.0046,target
META,2026-01-13,2026-01-13 21:37:00+00:00,6,2,631.1161979999999,0.0046,target
META,2026-01-13,2026-01-13 22:26:00+00:00,6,2,631.1262,0.0046,target
META,2026-01-13,2026-01-13 22:54:00+00:00,6,2,631.196214,0.0046,target
META,2026-01-14,2026-01-14 13:33:00+00:00,6,2,627.245424,0.0046,target
META,2026-01-14,2026-01-14 14:27:00+00:00,6,2,628.085592,-0.0029000000000000002,stop
META,2026-01-14,2026-01-14 16:22:00+00:00,6,2,620.994174,-0.0029000000000000002,stop
META,2026-01-14,2026-01-14 19:28:00+00:00,6,2,617.163408,0.0046,target
META,2026-01-15,2026-01-15 09:43:00+00:00,6,2,618.9237599999999,-0.0029000000000000002,stop
META,2026-01-15,2026-01-15 10:22:00+00:00,6,2,618.003576,-0.0029000000000000002,stop
META,2026-01-15,2026-01-15 11:57:00+00:00,6,2,618.0535859999999,0.0046,target
META,2026-01-15,2026-01-15 12:40:00+00:00,6,2,617.613498,-0.0029000000000000002,stop
META,2026-01-15,2026-01-15 13:09:00+00:00,6,2,617.97357,0.0046,target
META,2026-01-15,2026-01-15 13:36:00+00:00,6,2,618.1338020400001,0.0046,target
META,2026-01-15,2026-01-15 14:00:00+00:00,7,2,618.4236599999999,0.0046,target
META,2026-01-15,2026-01-15 14:20:00+00:00,6,2,618.12179964,-0.0029000000000000002,stop
META,2026-01-15,2026-01-15 14:40:00+00:00,6,2,619.2138180000001,-0.0029000000000000002,stop
META,2026-01-15,2026-01-15 15:27:00+00:00,8,2,619.32384,-0.0029000000000000002,stop
META,2026-01-15,2026-01-15 16:00:00+00:00,6,2,619.843944,0.0046,target
META,2026-01-15,2026-01-15 16:20:00+00:00,6,2,621.614298,0.0046,target
META,2026-01-15,2026-01-15 16:45:00+00:00,6,2,621.814338,0.0046,target
META,2026-01-15,2026-01-15 17:06:00+00:00,6,2,623.294634,-0.0029000000000000002,stop
META,2026-01-15,2026-01-15 17:52:00+00:00,7,2,622.8720494999999,0.0046,target
META,2026-01-15,2026-01-15 18:12:00+00:00,6,2,622.484472,0.0046,target
META,2026-01-15,2026-01-15 18:32:00+00:00,6,2,623.149605,0.0046,target
META,2026-01-15,2026-01-15 18:52:00+00:00,7,2,623.494674,-0.0029000000000000002,stop
META,2026-01-15,2026-01-15 20:44:00+00:00,6,2,620.169009,0.0046,target
META,2026-01-15,2026-01-15 21:05:00+00:00,6,2,621.1242,0.0046,target
META,2026-01-16,2026-01-16 11:58:00+00:00,6,2,622.944564,-0.0029000000000000002,stop
META,2026-01-16,2026-01-16 13:05:00+00:00,6,2,623.1246,-0.0029000000000000002,stop
META,2026-01-16,2026-01-16 14:30:00+00:00,6,2,623.984772,-0.0029000000000000002,stop
META,2026-01-16,2026-01-16 14:51:00+00:00,6,2,625.9551660000001,0.0046,target
META,2026-01-16,2026-01-16 15:12:00+00:00,7,2,628.435662,-0.0029000000000000002,stop
META,2026-01-16,2026-01-16 16:28:00+00:00,8,2,625.4300609999999,-0.0029000000000000002,stop
META,2026-01-16,2026-01-16 17:41:00+00:00,6,2,625.295034,-0.0029000000000000002,stop
META,2026-01-16,2026-01-16 18:10:00+00:00,7,2,625.840143,0.0046,target
META,2026-01-16,2026-01-16 18:30:00+00:00,6,2,626.3852519999999,0.0046,target
META,2026-01-16,2026-01-16 19:04:00+00:00,7,2,627.0853920000001,-0.0029000000000000002,stop
META,2026-01-20,2026-01-20 10:52:00+00:00,7,2,605.72112,0.0046,target
META,2026-01-20,2026-01-20 11:30:00+00:00,7,2,605.481072,-0.0029000000000000002,stop
META,2026-01-20,2026-01-20 12:03:00+00:00,6,2,605.110998,0.0046,target
META,2026-01-20,2026-01-20 12:35:00+00:00,6,2,606.6213,0.0046,target
META,2026-01-20,2026-01-20 13:01:00+00:00,6,2,607.1214,0.0046,target
META,2026-01-20,2026-01-20 13:28:00+00:00,9,2,610.001976,-0.0029000000000000002,stop
META,2026-01-20,2026-01-20 13:55:00+00:00,7,2,607.6215,-0.0029000000000000002,stop
META,2026-01-20,2026-01-20 14:19:00+00:00,6,2,607.4314619999999,-0.0029000000000000002,stop
META,2026-01-20,2026-01-20 14:39:00+00:00,6,2,607.736523,-0.0029000000000000002,stop
META,2026-01-20,2026-01-20 15:06:00+00:00,6,2,608.346645,-0.0029000000000000002,stop
META,2026-01-20,2026-01-20 15:26:00+00:00,7,2,609.9569670000001,-0.0029000000000000002,stop
META,2026-01-20,2026-01-20 15:54:00+00:00,6,2,609.3218400000001,0.0046,target
META,2026-01-20,2026-01-20 16:16:00+00:00,6,2,610.0718899799999,-0.0029000000000000002,stop
META,2026-01-20,2026-01-20 16:36:00+00:00,6,2,610.57209,-0.0029000000000000002,stop
META,2026-01-20,2026-01-20 21:08:00+00:00,6,2,606.131202,0.0046,target
META,2026-01-21,2026-01-21 10:47:00+00:00,7,2,608.1316019999999,-0.0029000000000000002,stop
META,2026-01-21,2026-01-21 14:10:00+00:00,7,2,605.82114,-0.0029000000000000002,stop
META,2026-01-21,2026-01-21 14:30:00+00:00,6,2,606.861348,-0.0029000000000000002,stop
META,2026-01-21,2026-01-21 14:58:00+00:00,6,2,604.8109380000001,-0.0029000000000000002,stop
META,2026-01-21,2026-01-21 15:22:00+00:00,7,2,606.44336442,0.0046,target
META,2026-01-21,2026-01-21 15:42:00+00:00,6,2,611.7423239999999,0.0046,target
META,2026-01-21,2026-01-21 16:02:00+00:00,7,2,613.707717,0.0046,target
META,2026-01-21,2026-01-21 16:25:00+00:00,6,2,613.942764,-0.0029000000000000002,stop
META,2026-01-21,2026-01-21 16:46:00+00:00,6,2,609.841944,-0.0029000000000000002,stop
META,2026-01-21,2026-01-21 17:24:00+00:00,6,2,609.57189,0.0046,target
META,2026-01-21,2026-01-21 17:45:00+00:00,6,2,610.2020160000001,-0.0029000000000000002,stop
META,2026-01-21,2026-01-21 18:37:00+00:00,6,2,608.641704,0.0046,target
META,2026-01-21,2026-01-21 19:00:00+00:00,6,2,609.22192002,-0.0029000000000000002,stop
META,2026-01-21,2026-01-21 19:28:00+00:00,9,2,611.832342,0.0046,target
META,2026-01-21,2026-01-21 19:51:00+00:00,8,2,617.248425,-0.0029000000000000002,stop
META,2026-01-21,2026-01-21 20:13:00+00:00,6,2,616.228221,-0.0029000000000000002,stop
META,2026-01-21,2026-01-21 20:37:00+00:00,6,2,614.492874,-0.0029000000000000002,stop
META,2026-01-21,2026-01-21 21:25:00+00:00,6,2,614.4128579999999,0.0046,target
META,2026-01-21,2026-01-21 21:53:00+00:00,7,2,614.6529059999999,0.0046,target
META,2026-01-21,2026-01-21 22:22:00+00:00,7,2,615.883152,-0.0029000000000000002,stop
META,2026-01-21,2026-01-21 22:53:00+00:00,6,2,615.663108,0.0046,target
META,2026-01-22,2026-01-22 11:32:00+00:00,6,2,620.113998,0.0046,target
META,2026-01-22,2026-01-22 12:00:00+00:00,6,2,622.094394,0.0046,target
META,2026-01-22,2026-01-22 12:24:00+00:00,6,2,624.47487,0.0046,target
META,2026-01-22,2026-01-22 12:47:00+00:00,6,2,626.17521,-0.0029000000000000002,stop
META,2026-01-22,2026-01-22 13:11:00+00:00,6,2,627.77172924,0.0046,target
META,2026-01-22,2026-01-22 13:31:00+00:00,6,2,631.02618,-0.0029000000000000002,stop
META,2026-01-22,2026-01-22 13:59:00+00:00,6,2,629.7559259999999,-0.0029000000000000002,stop
META,2026-01-22,2026-01-22 14:26:00+00:00,6,2,628.7947338,-0.0029000000000000002,stop
META,2026-01-22,2026-01-22 15:09:00+00:00,6,2,632.8115369999999,0.0046,target
META,2026-01-22,2026-01-22 15:29:00+00:00,7,2,635.887152,0.0046,target
META,2026-01-22,2026-01-22 15:49:00+00:00,8,2,638.22762,-0.0029000000000000002,stop
META,2026-01-22,2026-01-22 16:12:00+00:00,6,2,636.9373619999999,0.0046,target
META,2026-01-22,2026-01-22 16:32:00+00:00,7,2,638.737722,0.0046,target
META,2026-01-22,2026-01-22 16:52:00+00:00,6,2,639.47066856,0.0046,target
META,2026-01-22,2026-01-22 17:14:00+00:00,6,2,641.9283599999999,0.0046,target
META,2026-01-22,2026-01-22 17:36:00+00:00,6,2,644.748924,0.0046,target
META,2026-01-22,2026-01-22 17:58:00+00:00,6,2,646.80673548,0.0046,target
META,2026-01-22,2026-01-22 18:20:00+00:00,6,2,646.27923,0.0046,target
META,2026-01-22,2026-01-22 18:40:00+00:00,6,2,646.72932,-0.0029000000000000002,stop
META,2026-01-22,2026-01-22 19:02:00+00:00,6,2,644.618898,0.0046,target
META,2026-01-22,2026-01-22 19:22:00+00:00,6,2,646.5592859999999,0.0046,target
META,2026-01-22,2026-01-22 19:50:00+00:00,7,2,646.7093160000001,0.0046,target
META,2026-01-22,2026-01-22 20:14:00+00:00,6,2,646.499274,-0.0029000000000000002,stop
META,2026-01-22,2026-01-22 20:52:00+00:00,7,2,646.889352,0.0046,target
META,2026-01-22,2026-01-22 21:21:00+00:00,6,2,647.709516,0.0046,target
META,2026-01-22,2026-01-22 21:42:00+00:00,6,2,647.7373215599999,0.0046,target
META,2026-01-22,2026-01-22 22:24:00+00:00,6,2,647.47947,0.0046,target
META,2026-01-22,2026-01-22 22:52:00+00:00,6,2,648.06148638,0.0046,target
META,2026-01-23,2026-01-23 14:30:00+00:00,6,2,644.908956,0.0046,target
META,2026-01-23,2026-01-23 14:50:00+00:00,7,2,653.12049798,0.0046,target
META,2026-01-23,2026-01-23 15:13:00+00:00,6,2,658.851744,-0.0029000000000000002,stop
META,2026-01-23,2026-01-23 15:36:00+00:00,7,2,658.256625,-0.0029000000000000002,stop
META,2026-01-23,2026-01-23 15:56:00+00:00,6,2,660.23202,0.0046,target
META,2026-01-23,2026-01-23 16:19:00+00:00,7,2,661.9323599999999,0.0046,target
META,2026-01-23,2026-01-23 16:42:00+00:00,7,2,663.0425819999999,-0.0029000000000000002,stop
META,2026-01-23,2026-01-23 17:04:00+00:00,6,2,661.652304,0.0046,target
META,2026-01-23,2026-01-23 17:36:00+00:00,6,2,661.802334,-0.0029000000000000002,stop
META,2026-01-23,2026-01-23 18:01:00+00:00,7,2,663.1926119999999,0.0046,target
META,2026-01-23,2026-01-23 18:22:00+00:00,7,2,665.143002,0.0046,target
META,2026-01-23,2026-01-23 18:47:00+00:00,6,2,664.257825,0.0046,target
META,2026-01-23,2026-01-23 19:07:00+00:00,6,2,664.827939,0.0046,target
META,2026-01-23,2026-01-23 19:31:00+00:00,6,2,664.5628859999999,-0.0029000000000000002,stop
META,2026-01-23,2026-01-23 20:14:00+00:00,6,2,662.602494,-0.0029000000000000002,stop
META,2026-01-23,2026-01-23 21:50:00+00:00,6,2,658.3116359999999,0.0046,target
META,2026-01-26,2026-01-26 11:37:00+00:00,8,2,662.262426,0.0046,target
META,2026-01-26,2026-01-26 12:17:00+00:00,6,2,662.6324999999999,-0.0029000000000000002,stop
META,2026-01-26,2026-01-26 13:15:00+00:00,6,2,662.43456042,0.0046,target
META,2026-01-26,2026-01-26 13:38:00+00:00,7,2,663.6327,0.0046,target
META,2026-01-26,2026-01-26 13:58:00+00:00,6,2,664.53288,-0.0029000000000000002,stop
META,2026-01-26,2026-01-26 14:18:00+00:00,7,2,665.133,-0.0029000000000000002,stop
META,2026-01-26,2026-01-26 14:44:00+00:00,6,2,666.11199576,0.0046,target
META,2026-01-26,2026-01-26 15:14:00+00:00,6,2,666.6883109999999,0.0046,target
META,2026-01-26,2026-01-26 15:34:00+00:00,7,2,669.743922,0.0046,target
META,2026-01-26,2026-01-26 15:54:00+00:00,6,2,669.93396,0.0046,target
META,2026-01-26,2026-01-26 16:14:00+00:00,6,2,672.8810493,-0.0029000000000000002,stop
META,2026-01-26,2026-01-26 16:47:00+00:00,6,2,673.48336974,0.0046,target
META,2026-01-26,2026-01-26 17:08:00+00:00,6,2,674.524878,0.0046,target
META,2026-01-26,2026-01-26 17:39:00+00:00,6,2,674.47906884,0.0046,target
META,2026-01-26,2026-01-26 18:02:00+00:00,7,2,674.38485,-0.0029000000000000002,stop
META,2026-01-26,2026-01-26 18:54:00+00:00,7,2,673.48467,0.0046,target
META,2026-01-26,2026-01-26 19:17:00+00:00,7,2,674.5448819999999,0.0046,target
META,2026-01-26,2026-01-26 19:40:00+00:00,6,2,674.48487,-0.0029000000000000002,stop
META,2026-01-26,2026-01-26 20:27:00+00:00,6,2,673.80943494,-0.0029000000000000002,stop
META,2026-01-26,2026-01-26 20:47:00+00:00,6,2,673.7147160000001,-0.0029000000000000002,stop
META,2026-01-26,2026-01-26 21:45:00+00:00,6,2,672.48447,0.0046,target
META,2026-01-26,2026-01-26 22:44:00+00:00,6,2,672.28563024,0.0046,target
META,2026-01-26,2026-01-26 23:18:00+00:00,7,2,673.4046539999999,0.0046,target
META,2026-01-27,2026-01-27 11:36:00+00:00,6,2,675.2550239999999,-0.0029000000000000002,stop
META,2026-01-27,2026-01-27 13:36:00+00:00,6,2,673.93476,0.0046,target
META,2026-01-27,2026-01-27 14:09:00+00:00,6,2,673.764726,-0.0029000000000000002,stop
META,2026-01-27,2026-01-27 14:32:00+00:00,6,2,676.275228,-0.0029000000000000002,stop
META,2026-01-27,2026-01-27 15:27:00+00:00,6,2,670.879149,0.0046,target
META,2026-01-27,2026-01-27 16:06:00+00:00,6,2,671.8743479999999,-0.0029000000000000002,stop
META,2026-01-27,2026-01-27 18:58:00+00:00,7,2,670.864146,0.0046,target
META,2026-01-27,2026-01-27 19:19:00+00:00,6,2,670.949163,0.0046,target
META,2026-01-27,2026-01-27 19:39:00+00:00,7,2,671.2242180000001,0.0046,target
META,2026-01-27,2026-01-27 20:01:00+00:00,6,2,672.83413992,0.0046,target
META,2026-01-27,2026-01-27 20:21:00+00:00,6,2,673.8097349999999,0.0046,target
META,2026-01-27,2026-01-27 20:48:00+00:00,6,2,674.18481,0.0046,target
META,2026-01-27,2026-01-27 21:30:00+00:00,6,2,674.024778,0.0046,target
META,2026-01-27,2026-01-27 21:56:00+00:00,6,2,673.73472,0.0046,target
META,2026-01-27,2026-01-27 22:39:00+00:00,6,2,673.6347,0.0046,target
META,2026-01-28,2026-01-28 12:11:00+00:00,6,2,671.93436,0.0046,target
META,2026-01-28,2026-01-28 13:02:00+00:00,6,2,671.724318,0.0046,target
META,2026-01-28,2026-01-28 13:27:00+00:00,6,2,672.614496,0.0046,target
META,2026-01-28,2026-01-28 13:50:00+00:00,7,2,674.114796,0.0046,target
META,2026-01-28,2026-01-28 14:11:00+00:00,6,2,674.754924,-0.0029000000000000002,stop
META,2026-01-28,2026-01-28 14:32:00+00:00,6,2,674.1247979999999,-0.0029000000000000002,stop
META,2026-01-28,2026-01-28 14:54:00+00:00,7,2,675.990171,-0.0029000000000000002,stop
META,2026-01-28,2026-01-28 15:20:00+00:00,6,2,674.524878,-0.0029000000000000002,stop
META,2026-01-28,2026-01-28 17:07:00+00:00,6,2,670.6341,-0.0029000000000000002,stop
META,2026-01-28,2026-01-28 17:52:00+00:00,6,2,670.744122,-0.0029000000000000002,stop
META,2026-01-28,2026-01-28 19:24:00+00:00,6,2,671.6342999999999,0.0046,target
META,2026-01-28,2026-01-28 20:19:00+00:00,6,2,671.924358,0.0046,target
META,2026-01-28,2026-01-28 20:49:00+00:00,6,2,672.464466,-0.0029000000000000002,stop
META,2026-01-28,2026-01-28 21:14:00+00:00,6,2,696.1392,-0.0029000000000000002,stop
META,2026-01-28,2026-01-28 21:37:00+00:00,6,2,718.9237559999999,0.0046,target
META,2026-01-28,2026-01-28 21:58:00+00:00,6,2,731.22481572,-0.0029000000000000002,stop
META,2026-01-28,2026-01-28 22:23:00+00:00,6,2,734.306832,-0.0029000000000000002,stop
META,2026-01-28,2026-01-28 22:44:00+00:00,6,2,729.16720428,-0.0029000000000000002,stop
META,2026-01-29,2026-01-29 09:21:00+00:00,7,2,723.854742,-0.0029000000000000002,stop
META,2026-01-29,2026-01-29 09:43:00+00:00,7,2,719.603892,0.0046,target
META,2026-01-29,2026-01-29 10:12:00+00:00,6,2,720.824136,0.0046,target
META,2026-01-29,2026-01-29 10:33:00+00:00,6,2,721.524276,0.0046,target
META,2026-01-29,2026-01-29 10:55:00+00:00,6,2,722.6945099999999,0.0046,target
META,2026-01-29,2026-01-29 11:25:00+00:00,8,2,726.0651839999999,-0.0029000000000000002,stop
META,2026-01-29,2026-01-29 11:48:00+00:00,8,2,724.254822,0.0046,target
META,2026-01-29,2026-01-29 12:08:00+00:00,6,2,729.835938,-0.0029000000000000002,stop
META,2026-01-29,2026-01-29 12:33:00+00:00,6,2,727.835538,-0.0029000000000000002,stop
META,2026-01-29,2026-01-29 13:01:00+00:00,6,2,718.34364,0.0046,target
META,2026-01-29,2026-01-29 13:22:00+00:00,6,2,727.655502,0.0046,target
META,2026-01-29,2026-01-29 13:42:00+00:00,6,2,730.6460999999999,0.0046,target
META,2026-01-29,2026-01-29 14:03:00+00:00,7,2,732.94656,0.0046,target
META,2026-01-29,2026-01-29 14:23:00+00:00,7,2,736.0871880000001,-0.0029000000000000002,stop
META,2026-01-29,2026-01-29 16:42:00+00:00,7,2,724.89495,0.0046,target
META,2026-01-29,2026-01-29 17:06:00+00:00,6,2,727.9655640000001,0.0046,target
META,2026-01-29,2026-01-29 17:29:00+00:00,6,2,732.926556,-0.0029000000000000002,stop
META,2026-01-29,2026-01-29 17:53:00+00:00,6,2,729.715914,0.0046,target
META,2026-01-29,2026-01-29 18:15:00+00:00,9,2,736.6973099999999,-0.0029000000000000002,stop
META,2026-01-29,2026-01-29 18:38:00+00:00,8,2,737.977566,-0.0029000000000000002,stop
META,2026-01-29,2026-01-29 18:58:00+00:00,6,2,737.007372,0.0046,target
META,2026-01-29,2026-01-29 19:19:00+00:00,6,2,737.10749202,-0.0029000000000000002,stop
META,2026-01-29,2026-01-29 20:01:00+00:00,6,2,736.377246,0.0046,target
META,2026-01-29,2026-01-29 20:21:00+00:00,6,2,737.31663384,-0.0029000000000000002,stop
META,2026-01-29,2026-01-29 20:41:00+00:00,6,2,736.307232,0.0046,target
META,2026-01-29,2026-01-29 21:31:00+00:00,6,2,736.0871880000001,-0.0029000000000000002,stop
META,2026-01-29,2026-01-29 21:58:00+00:00,6,2,734.94696,-0.0029000000000000002,stop
META,2026-01-29,2026-01-29 22:26:00+00:00,6,2,733.0765859999999,0.0046,target
META,2026-01-29,2026-01-29 23:14:00+00:00,6,2,731.3462400000001,0.0046,target
META,2026-01-30,2026-01-30 10:46:00+00:00,6,2,725.855142,0.0046,target
META,2026-01-30,2026-01-30 11:33:00+00:00,6,2,726.1451999999999,0.0046,target
META,2026-01-30,2026-01-30 12:01:00+00:00,6,2,727.6455,0.0046,target
META,2026-01-30,2026-01-30 12:22:00+00:00,7,2,731.39625,-0.0029000000000000002,stop
META,2026-01-30,2026-01-30 12:51:00+00:00,6,2,729.715914,-0.0029000000000000002,stop
META,2026-01-30,2026-01-30 13:23:00+00:00,6,2,729.22051494,0.0046,target
META,2026-01-30,2026-01-30 14:31:00+00:00,6,2,729.010773,-0.0029000000000000002,stop
META,2026-01-30,2026-01-30 15:16:00+00:00,6,2,725.520075,-0.0029000000000000002,stop
META,2026-01-30,2026-01-30 22:11:00+00:00,6,2,717.013374,0.0046,target
META,2026-02-02,2026-02-02 11:41:00+00:00,6,2,708.44166,0.0046,target
META,2026-02-02,2026-02-02 12:09:00+00:00,7,2,709.4518619999999,0.0046,target
META,2026-02-02,2026-02-02 12:34:00+00:00,7,2,712.1424,-0.0029000000000000002,stop
META,2026-02-02,2026-02-02 13:05:00+00:00,8,2,711.0821880000001,-0.0029000000000000002,stop
META,2026-02-02,2026-02-02 13:25:00+00:00,6,2,709.161804,0.0046,target
META,2026-02-02,2026-02-02 13:53:00+00:00,6,2,709.0817880000001,0.0046,target
META,2026-02-02,2026-02-02 14:14:00+00:00,8,2,711.24222,0.0046,target
META,2026-02-02,2026-02-02 14:36:00+00:00,6,2,711.872346,-0.0029000000000000002,stop
META,2026-02-02,2026-02-02 15:26:00+00:00,6,2,710.522076,-0.0029000000000000002,stop
META,2026-02-02,2026-02-02 16:26:00+00:00,7,2,710.627097,-0.0029000000000000002,stop
META,2026-02-02,2026-02-02 18:02:00+00:00,6,2,708.0515819999999,0.0046,target
META,2026-02-02,2026-02-02 18:23:00+00:00,6,2,709.846941,0.0046,target
META,2026-02-02,2026-02-02 18:43:00+00:00,6,2,711.807333,0.0046,target
META,2026-02-02,2026-02-02 19:04:00+00:00,6,2,713.367645,0.0046,target
META,2026-02-02,2026-02-02 19:24:00+00:00,7,2,715.458063,-0.0029000000000000002,stop
META,2026-02-02,2026-02-02 20:09:00+00:00,6,2,712.722516,-0.0029000000000000002,stop
META,2026-02-03,2026-02-03 12:20:00+00:00,7,2,707.751522,-0.0029000000000000002,stop
META,2026-02-03,2026-02-03 13:08:00+00:00,6,2,709.6419,-0.0029000000000000002,stop
META,2026-02-03,2026-02-03 14:28:00+00:00,8,2,708.2916299999999,-0.0029000000000000002,stop
META,2026-02-03,2026-02-03 20:39:00+00:00,6,2,690.5280779999999,-0.0029000000000000002,stop
META,2026-02-03,2026-02-03 21:59:00+00:00,6,2,691.33824,0.0046,target
META,2026-02-04,2026-02-04 11:34:00+00:00,6,2,692.08839,-0.0029000000000000002,stop
META,2026-02-04,2026-02-04 12:35:00+00:00,6,2,691.6683059999999,-0.0029000000000000002,stop
META,2026-02-04,2026-02-04 15:26:00+00:00,6,2,680.0904909000001,-0.0029000000000000002,stop
META,2026-02-04,2026-02-04 15:53:00+00:00,6,2,678.255624,-0.0029000000000000002,stop
META,2026-02-04,2026-02-04 19:03:00+00:00,7,2,672.869547,-0.0029000000000000002,stop
META,2026-02-04,2026-02-04 19:38:00+00:00,6,2,672.079389,0.0046,target
META,2026-02-04,2026-02-04 21:38:00+00:00,6,2,674.1348,-0.0029000000000000002,stop
META,2026-02-05,2026-02-05 12:02:00+00:00,6,2,669.9439619999999,-0.0029000000000000002,stop
META,2026-02-05,2026-02-05 14:30:00+00:00,6,2,663.672708,-0.0029000000000000002,stop
META,2026-02-05,2026-02-05 14:50:00+00:00,6,2,668.138601,0.0046,target
META,2026-02-05,2026-02-05 15:43:00+00:00,6,2,665.5830900000001,-0.0029000000000000002,stop
META,2026-02-05,2026-02-05 16:06:00+00:00,7,2,665.7731279999999,0.0046,target
META,2026-02-05,2026-02-05 16:26:00+00:00,6,2,673.0045739999999,0.0046,target
META,2026-02-05,2026-02-05 16:49:00+00:00,6,2,676.5702869999999,0.0046,target
META,2026-02-05,2026-02-05 17:19:00+00:00,6,2,675.6851099999999,0.0046,target
META,2026-02-05,2026-02-05 17:43:00+00:00,7,2,680.48617002,-0.0029000000000000002,stop
META,2026-02-05,2026-02-05 18:05:00+00:00,6,2,679.975968,-0.0029000000000000002,stop
META,2026-02-05,2026-02-05 18:41:00+00:00,6,2,677.415456,-0.0029000000000000002,stop
META,2026-02-05,2026-02-05 19:07:00+00:00,6,2,676.8553440000001,0.0046,target
META,2026-02-05,2026-02-05 19:28:00+00:00,6,2,678.020577,-0.0029000000000000002,stop
META,2026-02-05,2026-02-05 19:55:00+00:00,7,2,675.765126,0.0046,target
META,2026-02-05,2026-02-05 20:16:00+00:00,6,2,676.415256,-0.0029000000000000002,stop
META,2026-02-06,2026-02-06 09:38:00+00:00,6,2,671.23422,0.0046,target
META,2026-02-06,2026-02-06 10:11:00+00:00,6,2,672.6345,-0.0029000000000000002,stop
META,2026-02-06,2026-02-06 10:41:00+00:00,7,2,671.7943319999999,0.0046,target
META,2026-02-06,2026-02-06 11:12:00+00:00,6,2,672.1344,-0.0029000000000000002,stop
META,2026-02-06,2026-02-06 12:01:00+00:00,7,2,669.83394,0.0046,target
META,2026-02-06,2026-02-06 12:33:00+00:00,6,2,671.53428,-0.0029000000000000002,stop
META,2026-02-06,2026-02-06 13:09:00+00:00,6,2,671.5160763599999,-0.0029000000000000002,stop
META,2026-02-06,2026-02-06 13:31:00+00:00,6,2,669.473868,-0.0029000000000000002,stop
META,2026-02-06,2026-02-06 14:05:00+00:00,6,2,669.3038339999999,-0.0029000000000000002,stop
META,2026-02-06,2026-02-06 15:47:00+00:00,6,2,658.211616,-0.0029000000000000002,stop
META,2026-02-06,2026-02-06 16:11:00+00:00,6,2,657.291432,0.0046,target
META,2026-02-06,2026-02-06 16:31:00+00:00,6,2,658.55648496,-0.0029000000000000002,stop
META,2026-02-06,2026-02-06 16:51:00+00:00,6,2,658.8467430000001,-0.0029000000000000002,stop
META,2026-02-06,2026-02-06 17:20:00+00:00,8,2,658.261626,0.0046,target
META,2026-02-06,2026-02-06 17:42:00+00:00,6,2,662.1724079999999,-0.0029000000000000002,stop
META,2026-02-06,2026-02-06 18:02:00+00:00,6,2,662.91665682,-0.0029000000000000002,stop
META,2026-02-06,2026-02-06 18:38:00+00:00,6,2,661.0771890000001,-0.0029000000000000002,stop
META,2026-02-06,2026-02-06 19:12:00+00:00,6,2,661.0752886199999,-0.0029000000000000002,stop
META,2026-02-06,2026-02-06 19:33:00+00:00,6,2,661.567287,-0.0029000000000000002,stop
META,2026-02-06,2026-02-06 20:21:00+00:00,7,2,661.122198,-0.0029000000000000002,stop
META,2026-02-06,2026-02-06 20:47:00+00:00,6,2,660.977169,0.0046,target
META,2026-02-06,2026-02-06 21:25:00+00:00,7,2,661.48227,0.0046,target
META,2026-02-06,2026-02-06 22:01:00+00:00,8,2,661.712316,0.0046,target
META,2026-02-06,2026-02-06 22:28:00+00:00,7,2,662.6217978599999,0.0046,target
META,2026-02-06,2026-02-06 22:54:00+00:00,6,2,662.43246,0.0046,target
META,2026-02-09,2026-02-09 13:03:00+00:00,6,2,661.33694094,0.0046,target
META,2026-02-09,2026-02-09 13:23:00+00:00,7,2,664.862946,-0.0029000000000000002,stop
META,2026-02-09,2026-02-09 14:28:00+00:00,6,2,663.2926319999999,-0.0029000000000000002,stop
META,2026-02-09,2026-02-09 15:42:00+00:00,6,2,663.2926319999999,0.0046,target
META,2026-02-09,2026-02-09 16:06:00+00:00,7,2,666.768327,0.0046,target
META,2026-02-09,2026-02-09 16:27:00+00:00,6,2,671.004174,0.0046,target
META,2026-02-09,2026-02-09 16:49:00+00:00,7,2,676.40055306,0.0046,target
META,2026-02-09,2026-02-09 17:10:00+00:00,7,2,680.926158,0.0046,target
META,2026-02-09,2026-02-09 17:47:00+00:00,6,2,680.2210170000001,0.0046,target
META,2026-02-09,2026-02-09 18:14:00+00:00,6,2,679.4358599999999,0.0046,target
META,2026-02-09,2026-02-09 18:34:00+00:00,7,2,680.296032,0.0046,target
META,2026-02-09,2026-02-09 18:58:00+00:00,7,2,681.106194,-0.0029000000000000002,stop
META,2026-02-09,2026-02-09 19:24:00+00:00,7,2,680.6461019999999,0.0046,target
META,2026-02-09,2026-02-09 19:46:00+00:00,6,2,681.801333,0.0046,target
META,2026-02-09,2026-02-09 20:08:00+00:00,6,2,682.456464,-0.0029000000000000002,stop
META,2026-02-09,2026-02-09 20:31:00+00:00,6,2,679.805934,-0.0029000000000000002,stop
META,2026-02-09,2026-02-09 21:17:00+00:00,6,2,678.245622,0.0046,target
META,2026-02-10,2026-02-10 12:15:00+00:00,7,2,678.1356,-0.0029000000000000002,stop
META,2026-02-10,2026-02-10 14:08:00+00:00,6,2,677.9255579999999,-0.0029000000000000002,stop
META,2026-02-10,2026-02-10 14:33:00+00:00,6,2,680.025978,-0.0029000000000000002,stop
META,2026-02-10,2026-02-10 17:10:00+00:00,7,2,674.48487,-0.0029000000000000002,stop
META,2026-02-10,2026-02-10 17:31:00+00:00,7,2,674.394852,0.0046,target
META,2026-02-10,2026-02-10 17:51:00+00:00,6,2,675.595092,-0.0029000000000000002,stop
META,2026-02-10,2026-02-10 18:23:00+00:00,6,2,674.3198369999999,-0.0029000000000000002,stop
META,2026-02-10,2026-02-10 19:42:00+00:00,6,2,673.4246579999999,-0.0029000000000000002,stop
META,2026-02-10,2026-02-10 20:40:00+00:00,7,2,673.6647059999999,-0.0029000000000000002,stop
META,2026-02-11,2026-02-11 13:35:00+00:00,7,2,674.094792,0.0046,target
META,2026-02-11,2026-02-11 13:55:00+00:00,8,2,676.1552039999999,0.0046,target
META,2026-02-11,2026-02-11 14:28:00+00:00,6,2,674.43486,0.0046,target
META,2026-02-11,2026-02-11 15:58:00+00:00,6,2,673.33464,-0.0029000000000000002,stop
META,2026-02-11,2026-02-11 18:34:00+00:00,6,2,668.513676,-0.0029000000000000002,stop
META,2026-02-11,2026-02-11 18:57:00+00:00,7,2,668.1336,-0.0029000000000000002,stop
META,2026-02-11,2026-02-11 19:21:00+00:00,6,2,667.84344198,0.0046,target
META,2026-02-11,2026-02-11 19:41:00+00:00,6,2,668.223618,0.0046,target
META,2026-02-11,2026-02-11 20:01:00+00:00,6,2,669.4038539999999,0.0046,target
META,2026-02-11,2026-02-11 20:31:00+00:00,6,2,668.863746,0.0046,target
META,2026-02-11,2026-02-11 20:53:00+00:00,7,2,669.7989329999999,-0.0029000000000000002,stop
META,2026-02-11,2026-02-11 21:32:00+00:00,6,2,668.6837099999999,0.0046,target
META,2026-02-11,2026-02-11 22:11:00+00:00,6,2,669.763926,0.0046,target
META,2026-02-11,2026-02-11 22:36:00+00:00,6,2,670.18401,-0.0029000000000000002,stop
META,2026-02-12,2026-02-12 12:32:00+00:00,7,2,671.6342999999999,0.0046,target
META,2026-02-12,2026-02-12 13:05:00+00:00,6,2,671.264226,0.0046,target
META,2026-02-12,2026-02-12 13:34:00+00:00,6,2,671.304234,0.0046,target
META,2026-02-12,2026-02-12 13:54:00+00:00,7,2,673.08459,0.0046,target
META,2026-02-12,2026-02-12 14:19:00+00:00,6,2,672.48447,-0.0029000000000000002,stop
META,2026-02-12,2026-02-12 17:03:00+00:00,6,2,653.755725,-0.0029000000000000002,stop
META,2026-02-12,2026-02-12 17:36:00+00:00,6,2,656.421258,-0.0029000000000000002,stop
META,2026-02-13,2026-02-13 13:37:00+00:00,6,2,646.139202,-0.0029000000000000002,stop
META,2026-02-13,2026-02-13 14:01:00+00:00,6,2,646.819338,-0.0029000000000000002,stop
META,2026-02-13,2026-02-13 14:48:00+00:00,6,2,645.5690880000001,-0.0029000000000000002,stop
META,2026-02-13,2026-02-13 15:12:00+00:00,6,2,644.7889319999999,-0.0029000000000000002,stop
META,2026-02-13,2026-02-13 15:33:00+00:00,6,2,649.7899319999999,-0.0029000000000000002,stop
META,2026-02-13,2026-02-13 15:55:00+00:00,6,2,646.82934,0.0046,target
META,2026-02-13,2026-02-13 16:15:00+00:00,6,2,648.519678,-0.0029000000000000002,stop
META,2026-02-13,2026-02-13 16:36:00+00:00,8,2,649.1297999999999,0.0046,target
META,2026-02-13,2026-02-13 17:02:00+00:00,6,2,649.739922,0.0046,target
META,2026-02-13,2026-02-13 17:22:00+00:00,6,2,650.6501039999999,-0.0029000000000000002,stop
META,2026-02-13,2026-02-13 17:57:00+00:00,7,2,649.42986,-0.0029000000000000002,stop
META,2026-02-13,2026-02-13 18:19:00+00:00,6,2,649.919958,-0.0029000000000000002,stop
META,2026-02-13,2026-02-13 18:39:00+00:00,7,2,649.374849,-0.0029000000000000002,stop
META,2026-02-13,2026-02-13 19:50:00+00:00,6,2,645.8042350200001,-0.0029000000000000002,stop
META,2026-02-17,2026-02-17 12:08:00+00:00,7,2,636.0271799999999,0.0046,target
META,2026-02-17,2026-02-17 12:53:00+00:00,7,2,635.92716,-0.0029000000000000002,stop
META,2026-02-17,2026-02-17 13:26:00+00:00,6,2,637.25872626,0.0046,target
META,2026-02-17,2026-02-17 13:46:00+00:00,7,2,637.42225896,0.0046,target
META,2026-02-17,2026-02-17 14:07:00+00:00,6,2,638.447664,0.0046,target
META,2026-02-17,2026-02-17 14:38:00+00:00,6,2,639.8079359999999,-0.0029000000000000002,stop
META,2026-02-17,2026-02-17 16:02:00+00:00,6,2,635.8415428799999,0.0046,target
META,2026-02-17,2026-02-17 16:22:00+00:00,6,2,638.637702,-0.0029000000000000002,stop
META,2026-02-17,2026-02-17 16:48:00+00:00,6,2,638.167608,-0.0029000000000000002,stop
META,2026-02-17,2026-02-17 17:12:00+00:00,6,2,636.067188,0.0046,target
META,2026-02-17,2026-02-17 17:33:00+00:00,6,2,636.612297,-0.0029000000000000002,stop
META,2026-02-17,2026-02-17 18:09:00+00:00,6,2,636.5022749999999,0.0046,target
META,2026-02-17,2026-02-17 18:30:00+00:00,7,2,640.107996,0.0046,target
META,2026-02-17,2026-02-17 18:55:00+00:00,7,2,642.32844,-0.0029000000000000002,stop
META,2026-02-17,2026-02-17 19:27:00+00:00,6,2,640.568088,0.0046,target
META,2026-02-17,2026-02-17 19:53:00+00:00,6,2,640.42806,0.0046,target
META,2026-02-17,2026-02-17 20:17:00+00:00,8,2,641.533281,-0.0029000000000000002,stop
META,2026-02-17,2026-02-17 20:54:00+00:00,6,2,639.207816,0.0046,target
META,2026-02-17,2026-02-17 21:20:00+00:00,7,2,649.369848,-0.0029000000000000002,stop
META,2026-02-17,2026-02-17 21:42:00+00:00,6,2,645.129,0.0046,target
META,2026-02-17,2026-02-17 22:08:00+00:00,6,2,645.139002,0.0046,target
META,2026-02-18,2026-02-18 13:04:00+00:00,6,2,637.1274,0.0046,target
META,2026-02-18,2026-02-18 14:43:00+00:00,6,2,635.507076,-0.0029000000000000002,stop
META,2026-02-18,2026-02-18 15:04:00+00:00,7,2,637.817538,0.0046,target
META,2026-02-18,2026-02-18 15:26:00+00:00,6,2,639.1278,-0.0029000000000000002,stop
META,2026-02-18,2026-02-18 15:49:00+00:00,7,2,641.368248,-0.0029000000000000002,stop
META,2026-02-18,2026-02-18 16:12:00+00:00,6,2,639.8779499999999,0.0046,target
META,2026-02-18,2026-02-18 16:32:00+00:00,6,2,640.388052,-0.0029000000000000002,stop
META,2026-02-18,2026-02-18 17:06:00+00:00,6,2,640.438062,0.0046,target
META,2026-02-18,2026-02-18 17:29:00+00:00,6,2,639.84114264,0.0046,target
META,2026-02-18,2026-02-18 17:49:00+00:00,7,2,640.948164,0.0046,target
META,2026-02-18,2026-02-18 18:11:00+00:00,7,2,642.853545,-0.0029000000000000002,stop
META,2026-02-18,2026-02-18 18:35:00+00:00,6,2,641.158206,-0.0029000000000000002,stop
META,2026-02-18,2026-02-18 19:19:00+00:00,6,2,640.017978,-0.0029000000000000002,stop
META,2026-02-18,2026-02-18 20:08:00+00:00,6,2,638.6277,0.0046,target
META,2026-02-18,2026-02-18 20:28:00+00:00,6,2,639.482871,0.0046,target
META,2026-02-18,2026-02-18 20:48:00+00:00,8,2,641.9583660000001,0.0046,target
META,2026-02-18,2026-02-18 21:25:00+00:00,6,2,642.568488,0.0046,target
META,2026-02-18,2026-02-18 22:16:00+00:00,6,2,642.588492,0.0046,target
META,2026-02-19,2026-02-19 13:01:00+00:00,7,2,643.368648,-0.0029000000000000002,stop
META,2026-02-19,2026-02-19 14:38:00+00:00,6,2,639.737922,0.0046,target
META,2026-02-19,2026-02-19 14:59:00+00:00,7,2,642.02838,-0.0029000000000000002,stop
META,2026-02-19,2026-02-19 15:19:00+00:00,6,2,642.9475637999999,0.0046,target
META,2026-02-19,2026-02-19 15:44:00+00:00,6,2,641.738322,0.0046,target
META,2026-02-19,2026-02-19 16:04:00+00:00,6,2,643.468668,0.0046,target
META,2026-02-19,2026-02-19 16:25:00+00:00,6,2,646.6293,-0.0029000000000000002,stop
META,2026-02-19,2026-02-19 17:11:00+00:00,6,2,644.82894,0.0046,target
META,2026-02-19,2026-02-19 17:39:00+00:00,6,2,645.704115,-0.0029000000000000002,stop
META,2026-02-19,2026-02-19 18:15:00+00:00,7,2,645.14910402,-0.0029000000000000002,stop
META,2026-02-19,2026-02-19 18:47:00+00:00,6,2,644.573889,0.0046,target
META,2026-02-19,2026-02-19 19:09:00+00:00,6,2,644.758926,0.0046,target
META,2026-02-19,2026-02-19 19:29:00+00:00,6,2,644.583891,-0.0029000000000000002,stop
META,2026-02-19,2026-02-19 20:01:00+00:00,7,2,644.258826,-0.0029000000000000002,stop
META,2026-02-19,2026-02-19 20:31:00+00:00,6,2,643.613697,0.0046,target
META,2026-02-19,2026-02-19 20:55:00+00:00,7,2,644.42886,0.0046,target
META,2026-02-19,2026-02-19 21:19:00+00:00,6,2,644.968968,0.0046,target
META,2026-02-20,2026-02-20 14:31:00+00:00,6,2,642.118398,0.0046,target
META,2026-02-20,2026-02-20 14:53:00+00:00,6,2,648.32964,0.0046,target
META,2026-02-20,2026-02-20 15:13:00+00:00,6,2,655.4310599999999,-0.0029000000000000002,stop
META,2026-02-20,2026-02-20 15:35:00+00:00,6,2,654.005775,0.0046,target
META,2026-02-20,2026-02-20 15:56:00+00:00,7,2,658.22301828,0.0046,target
META,2026-02-20,2026-02-20 16:18:00+00:00,6,2,658.326639,-0.0029000000000000002,stop
META,2026-02-20,2026-02-20 16:38:00+00:00,6,2,657.9475632,0.0046,target
META,2026-02-20,2026-02-20 16:58:00+00:00,7,2,660.872148,-0.0029000000000000002,stop
META,2026-02-20,2026-02-20 17:46:00+00:00,7,2,657.38145,-0.0029000000000000002,stop
META,2026-02-20,2026-02-20 18:06:00+00:00,6,2,656.6313,-0.0029000000000000002,stop
META,2026-02-20,2026-02-20 18:34:00+00:00,7,2,658.03158,-0.0029000000000000002,stop
META,2026-02-20,2026-02-20 18:55:00+00:00,6,2,658.3579452600001,-0.0029000000000000002,stop
META,2026-02-20,2026-02-20 19:16:00+00:00,6,2,657.0013739999999,0.0046,target
META,2026-02-20,2026-02-20 20:06:00+00:00,6,2,656.486271,-0.0029000000000000002,stop
META,2026-02-20,2026-02-20 20:48:00+00:00,6,2,655.73112,0.0046,target
META,2026-02-20,2026-02-20 21:09:00+00:00,6,2,655.791132,0.0046,target
META,2026-02-23,2026-02-23 14:31:00+00:00,8,2,654.420858,0.0046,target
META,2026-02-23,2026-02-23 18:41:00+00:00,6,2,643.8987539999999,-0.0029000000000000002,stop
META,2026-02-24,2026-02-24 13:49:00+00:00,7,2,636.417258,0.0046,target
META,2026-02-24,2026-02-24 14:53:00+00:00,7,2,635.086992,-0.0029000000000000002,stop
META,2026-02-24,2026-02-24 15:25:00+00:00,6,2,634.97937048,0.0046,target
META,2026-02-24,2026-02-24 15:47:00+00:00,6,2,636.1272,0.0046,target
META,2026-02-24,2026-02-24 16:09:00+00:00,6,2,637.5524849999999,0.0046,target
META,2026-02-24,2026-02-24 16:30:00+00:00,6,2,638.087592,-0.0029000000000000002,stop
META,2026-02-24,2026-02-24 16:51:00+00:00,6,2,638.742723,0.0046,target
META,2026-02-24,2026-02-24 17:11:00+00:00,7,2,639.257826,0.0046,target
META,2026-02-24,2026-02-24 17:33:00+00:00,6,2,640.27803,0.0046,target
META,2026-02-24,2026-02-24 17:57:00+00:00,6,2,640.3581460199999,0.0046,target
META,2026-02-24,2026-02-24 18:30:00+00:00,6,2,639.112797,0.0046,target
META,2026-02-24,2026-02-24 18:50:00+00:00,8,2,640.363047,-0.0029000000000000002,stop
META,2026-02-24,2026-02-24 19:11:00+00:00,6,2,639.057786,0.0046,target
META,2026-02-24,2026-02-24 19:41:00+00:00,6,2,639.117798,0.0046,target
META,2026-02-24,2026-02-24 20:25:00+00:00,6,2,638.8277400000001,0.0046,target
META,2026-02-24,2026-02-24 20:45:00+00:00,6,2,638.237622,0.0046,target
META,2026-02-25,2026-02-25 13:10:00+00:00,6,2,642.1283999999999,0.0046,target
META,2026-02-25,2026-02-25 13:47:00+00:00,6,2,641.9283599999999,-0.0029000000000000002,stop
META,2026-02-25,2026-02-25 14:35:00+00:00,6,2,643.35134454,0.0046,target
META,2026-02-25,2026-02-25 14:55:00+00:00,6,2,649.91005602,0.0046,target
META,2026-02-25,2026-02-25 15:16:00+00:00,6,2,649.72001802,-0.0029000000000000002,stop
META,2026-02-25,2026-02-25 15:38:00+00:00,6,2,649.009776,-0.0029000000000000002,stop
META,2026-02-25,2026-02-25 16:07:00+00:00,6,2,648.6297,-0.0029000000000000002,stop
META,2026-02-25,2026-02-25 16:39:00+00:00,7,2,649.919958,0.0046,target
META,2026-02-25,2026-02-25 17:03:00+00:00,6,2,651.52537902,0.0046,target
META,2026-02-25,2026-02-25 17:25:00+00:00,7,2,652.290432,-0.0029000000000000002,stop
META,2026-02-25,2026-02-25 17:48:00+00:00,6,2,650.039982,0.0046,target
META,2026-02-25,2026-02-25 18:40:00+00:00,7,2,649.909956,0.0046,target
META,2026-02-25,2026-02-25 19:02:00+00:00,6,2,650.049984,0.0046,target
META,2026-02-25,2026-02-25 19:23:00+00:00,6,2,650.850144,0.0046,target
META,2026-02-25,2026-02-25 19:51:00+00:00,8,2,652.0403819999999,0.0046,target
META,2026-02-25,2026-02-25 20:11:00+00:00,6,2,652.4204579999999,0.0046,target
META,2026-02-25,2026-02-25 20:47:00+00:00,6,2,651.93036,-0.0029000000000000002,stop
META,2026-02-25,2026-02-25 21:14:00+00:00,7,2,653.900754,0.0046,target
META,2026-02-25,2026-02-25 21:45:00+00:00,6,2,654.250824,0.0046,target
META,2026-02-25,2026-02-25 22:15:00+00:00,7,2,653.860746,-0.0029000000000000002,stop
META,2026-02-25,2026-02-25 23:05:00+00:00,6,2,652.4304599999999,-0.0029000000000000002,stop
META,2026-02-26,2026-02-26 13:16:00+00:00,6,2,650.9001539999999,0.0046,target
META,2026-02-26,2026-02-26 13:55:00+00:00,6,2,651.23022,-0.0029000000000000002,stop
META,2026-02-26,2026-02-26 14:34:00+00:00,7,2,653.53068,-0.0029000000000000002,stop
META,2026-02-26,2026-02-26 14:54:00+00:00,7,2,658.94506266,-0.0029000000000000002,stop
META,2026-02-26,2026-02-26 16:08:00+00:00,7,2,653.990772,0.0046,target
META,2026-02-26,2026-02-26 16:29:00+00:00,6,2,655.256025,0.0046,target
META,2026-02-26,2026-02-26 16:54:00+00:00,7,2,655.020978,-0.0029000000000000002,stop
META,2026-02-26,2026-02-26 17:31:00+00:00,6,2,654.800934,0.0046,target
META,2026-02-26,2026-02-26 17:55:00+00:00,6,2,655.120998,-0.0029000000000000002,stop
META,2026-02-26,2026-02-26 18:34:00+00:00,6,2,654.98097,0.0046,target
META,2026-02-26,2026-02-26 19:10:00+00:00,6,2,656.336241,0.0046,target
META,2026-02-26,2026-02-26 19:30:00+00:00,6,2,657.541482,0.0046,target
META,2026-02-26,2026-02-26 20:03:00+00:00,7,2,657.571488,-0.0029000000000000002,stop
META,2026-02-26,2026-02-26 20:26:00+00:00,6,2,656.621298,0.0046,target
META,2026-02-26,2026-02-26 20:46:00+00:00,7,2,657.966567,-0.0029000000000000002,stop
META,2026-02-26,2026-02-26 21:07:00+00:00,6,2,655.901154,0.0046,target
META,2026-02-27,2026-02-27 14:35:00+00:00,6,2,646.6493039999999,-0.0029000000000000002,stop
META,2026-02-27,2026-02-27 14:58:00+00:00,6,2,646.439262,0.0046,target
META,2026-02-27,2026-02-27 15:34:00+00:00,6,2,646.1592059999999,-0.0029000000000000002,stop
META,2026-02-27,2026-02-27 16:03:00+00:00,6,2,646.2192180000001,-0.0029000000000000002,stop
META,2026-02-27,2026-02-27 17:02:00+00:00,6,2,645.8191380000001,-0.0029000000000000002,stop
META,2026-02-27,2026-02-27 19:07:00+00:00,6,2,641.9978739000001,-0.0029000000000000002,stop
META,2026-02-27,2026-02-27 20:22:00+00:00,6,2,641.608296,-0.0029000000000000002,stop
META,2026-02-27,2026-02-27 20:51:00+00:00,6,2,643.3336410000001,0.0046,target
META,2026-02-27,2026-02-27 21:11:00+00:00,7,2,647.5794900000001,0.0046,target
META,2026-02-27,2026-02-27 21:42:00+00:00,6,2,647.12929998,0.0046,target
META,2026-02-27,2026-02-27 22:14:00+00:00,6,2,647.1294,-0.0029000000000000002,stop
META,2026-02-27,2026-02-27 22:58:00+00:00,6,2,645.6291,0.0046,target
META,2026-03-02,2026-03-02 12:11:00+00:00,8,2,637.22742,0.0046,target
META,2026-03-02,2026-03-02 13:22:00+00:00,6,2,639.1278,-0.0029000000000000002,stop
META,2026-03-02,2026-03-02 13:46:00+00:00,6,2,638.407656,-0.0029000000000000002,stop
META,2026-03-02,2026-03-02 14:35:00+00:00,7,2,644.613897,0.0046,target
META,2026-03-02,2026-03-02 14:56:00+00:00,6,2,647.9515643999999,-0.0029000000000000002,stop
META,2026-03-02,2026-03-02 15:17:00+00:00,6,2,650.860146,0.0046,target
META,2026-03-02,2026-03-02 15:39:00+00:00,6,2,651.43026,0.0046,target
META,2026-03-02,2026-03-02 16:01:00+00:00,6,2,654.550884,-0.0029000000000000002,stop
META,2026-03-02,2026-03-02 16:27:00+00:00,6,2,651.820338,-0.0029000000000000002,stop
META,2026-03-02,2026-03-02 16:48:00+00:00,6,2,657.861546,-0.0029000000000000002,stop
META,2026-03-02,2026-03-02 17:16:00+00:00,6,2,658.266627,-0.0029000000000000002,stop
META,2026-03-02,2026-03-02 17:43:00+00:00,6,2,657.346443,-0.0029000000000000002,stop
META,2026-03-02,2026-03-02 18:33:00+00:00,7,2,656.616297,-0.0029000000000000002,stop
META,2026-03-02,2026-03-02 19:11:00+00:00,6,2,655.751124,0.0046,target
META,2026-03-02,2026-03-02 19:31:00+00:00,6,2,655.371048,0.0046,target
META,2026-03-02,2026-03-02 20:17:00+00:00,6,2,653.08059,-0.0029000000000000002,stop
META,2026-03-02,2026-03-02 20:51:00+00:00,6,2,652.170408,0.0046,target
META,2026-03-03,2026-03-03 12:06:00+00:00,6,2,642.5384819999999,0.0046,target
META,2026-03-03,2026-03-03 12:46:00+00:00,7,2,644.72892,-0.0029000000000000002,stop
META,2026-03-03,2026-03-03 13:18:00+00:00,6,2,644.1288,-0.0029000000000000002,stop
META,2026-03-03,2026-03-03 14:25:00+00:00,6,2,643.1286,0.0046,target
META,2026-03-03,2026-03-03 14:56:00+00:00,6,2,648.244623,-0.0029000000000000002,stop
META,2026-03-03,2026-03-03 16:05:00+00:00,8,2,646.769328,0.0046,target
META,2026-03-03,2026-03-03 16:28:00+00:00,6,2,653.250624,-0.0029000000000000002,stop
META,2026-03-03,2026-03-03 16:50:00+00:00,6,2,654.360846,-0.0029000000000000002,stop
META,2026-03-03,2026-03-03 17:22:00+00:00,6,2,650.7201180000001,-0.0029000000000000002,stop
META,2026-03-03,2026-03-03 18:06:00+00:00,6,2,651.070188,0.0046,target
META,2026-03-03,2026-03-03 18:28:00+00:00,6,2,654.960966,0.0046,target
META,2026-03-03,2026-03-03 18:49:00+00:00,6,2,657.626499,-0.0029000000000000002,stop
META,2026-03-03,2026-03-03 19:12:00+00:00,6,2,655.311036,-0.0029000000000000002,stop
META,2026-03-03,2026-03-03 19:37:00+00:00,6,2,654.070788,0.0046,target
META,2026-03-03,2026-03-03 19:59:00+00:00,7,2,657.101394,-0.0029000000000000002,stop
META,2026-03-03,2026-03-03 20:21:00+00:00,7,2,654.640902,0.0046,target
META,2026-03-03,2026-03-03 20:47:00+00:00,6,2,654.850944,0.0046,target
META,2026-03-04,2026-03-04 13:10:00+00:00,7,2,658.091592,-0.0029000000000000002,stop
META,2026-03-04,2026-03-04 13:52:00+00:00,6,2,659.2008138,-0.0029000000000000002,stop
META,2026-03-04,2026-03-04 14:31:00+00:00,7,2,664.5628859999999,-0.0029000000000000002,stop
META,2026-03-04,2026-03-04 15:00:00+00:00,7,2,667.023378,0.0046,target
META,2026-03-04,2026-03-04 15:21:00+00:00,6,2,667.973568,0.0046,target
META,2026-03-04,2026-03-04 15:43:00+00:00,6,2,669.613896,-0.0029000000000000002,stop
META,2026-03-04,2026-03-04 16:06:00+00:00,6,2,671.4242579999999,-0.0029000000000000002,stop
META,2026-03-04,2026-03-04 16:26:00+00:00,6,2,670.078989,0.0046,target
META,2026-03-04,2026-03-04 16:46:00+00:00,6,2,671.344242,-0.0029000000000000002,stop
META,2026-03-04,2026-03-04 17:09:00+00:00,6,2,670.364046,-0.0029000000000000002,stop
META,2026-03-04,2026-03-04 17:32:00+00:00,6,2,667.873548,-0.0029000000000000002,stop
META,2026-03-04,2026-03-04 18:08:00+00:00,6,2,667.443462,0.0046,target
META,2026-03-04,2026-03-04 18:30:00+00:00,7,2,668.593692,-0.0029000000000000002,stop
META,2026-03-04,2026-03-04 19:13:00+00:00,6,2,668.103594,0.0046,target
META,2026-03-04,2026-03-04 19:43:00+00:00,6,2,668.48367,-0.0029000000000000002,stop
META,2026-03-04,2026-03-04 20:05:00+00:00,7,2,669.073788,-0.0029000000000000002,stop
META,2026-03-04,2026-03-04 20:34:00+00:00,6,2,667.58349,-0.0029000000000000002,stop
META,2026-03-04,2026-03-04 21:46:00+00:00,6,2,667.6034940000001,0.0046,target
META,2026-03-05,2026-03-05 12:21:00+00:00,6,2,664.6529039999999,-0.0029000000000000002,stop
META,2026-03-05,2026-03-05 13:27:00+00:00,6,2,663.9327599999999,-0.0029000000000000002,stop
META,2026-03-05,2026-03-05 14:31:00+00:00,6,2,666.113196,-0.0029000000000000002,stop
META,2026-03-05,2026-03-05 14:52:00+00:00,6,2,666.613296,0.0046,target
META,2026-03-05,2026-03-05 15:14:00+00:00,8,2,670.494072,-0.0029000000000000002,stop
META,2026-03-05,2026-03-05 19:45:00+00:00,6,2,655.511076,0.0046,target
META,2026-03-05,2026-03-05 20:09:00+00:00,6,2,658.2916319999999,-0.0029000000000000002,stop
META,2026-03-05,2026-03-05 20:53:00+00:00,7,2,659.521878,0.0046,target
META,2026-03-05,2026-03-05 22:44:00+00:00,7,2,659.9319599999999,0.0046,target
META,2026-03-06,2026-03-06 15:21:00+00:00,6,2,643.198614,0.0046,target
META,2026-03-06,2026-03-06 15:42:00+00:00,6,2,646.27923,0.0046,target
META,2026-03-06,2026-03-06 16:03:00+00:00,6,2,648.6498040199999,-0.0029000000000000002,stop
META,2026-03-06,2026-03-06 16:23:00+00:00,6,2,646.1292,0.0046,target
META,2026-03-06,2026-03-06 16:46:00+00:00,6,2,648.059586,-0.0029000000000000002,stop
META,2026-03-06,2026-03-06 17:09:00+00:00,6,2,646.739322,-0.0029000000000000002,stop
META,2026-03-06,2026-03-06 17:34:00+00:00,6,2,645.709116,-0.0029000000000000002,stop
META,2026-03-06,2026-03-06 18:13:00+00:00,6,2,646.374249,-0.0029000000000000002,stop
META,2026-03-06,2026-03-06 18:37:00+00:00,6,2,645.2940329999999,0.0046,target
META,2026-03-06,2026-03-06 19:11:00+00:00,6,2,646.1542049999999,-0.0029000000000000002,stop
META,2026-03-06,2026-03-06 19:31:00+00:00,7,2,645.97917,-0.0029000000000000002,stop
META,2026-03-06,2026-03-06 20:02:00+00:00,6,2,645.4290599999999,-0.0029000000000000002,stop
META,2026-03-06,2026-03-06 20:25:00+00:00,6,2,644.888952,-0.0029000000000000002,stop
META,2026-03-09,2026-03-09 12:15:00+00:00,7,2,637.37745,0.0046,target
META,2026-03-09,2026-03-09 12:39:00+00:00,6,2,636.6698085,-0.0029000000000000002,stop
META,2026-03-09,2026-03-09 13:20:00+00:00,6,2,637.15550562,-0.0029000000000000002,stop
META,2026-03-09,2026-03-09 14:29:00+00:00,6,2,631.5262799999999,0.0046,target
META,2026-03-09,2026-03-09 14:50:00+00:00,8,2,635.50187496,0.0046,target
META,2026-03-09,2026-03-09 15:11:00+00:00,6,2,634.986972,0.0046,target
META,2026-03-09,2026-03-09 15:31:00+00:00,6,2,637.352445,-0.0029000000000000002,stop
META,2026-03-09,2026-03-09 15:54:00+00:00,8,2,636.492273,0.0046,target
META,2026-03-09,2026-03-09 16:17:00+00:00,7,2,637.897554,-0.0029000000000000002,stop
META,2026-03-09,2026-03-09 16:51:00+00:00,6,2,637.1874119999999,-0.0029000000000000002,stop
META,2026-03-09,2026-03-09 17:46:00+00:00,6,2,634.536882,0.0046,target
META,2026-03-09,2026-03-09 18:20:00+00:00,6,2,634.236822,0.0046,target
META,2026-03-09,2026-03-09 18:47:00+00:00,7,2,637.5574859999999,-0.0029000000000000002,stop
META,2026-03-09,2026-03-09 19:07:00+00:00,6,2,635.02267914,0.0046,target
META,2026-03-09,2026-03-09 19:27:00+00:00,7,2,642.76012632,0.0046,target
META,2026-03-09,2026-03-09 19:48:00+00:00,7,2,646.384251,-0.0029000000000000002,stop
META,2026-03-09,2026-03-09 20:11:00+00:00,6,2,647.0593859999999,-0.0029000000000000002,stop
META,2026-03-09,2026-03-09 20:37:00+00:00,7,2,645.8191380000001,0.0046,target
META,2026-03-09,2026-03-09 22:09:00+00:00,6,2,646.1292,-0.0029000000000000002,stop
META,2026-03-09,2026-03-09 22:41:00+00:00,6,2,644.87024826,-0.0029000000000000002,stop
META,2026-03-10,2026-03-10 13:11:00+00:00,7,2,652.160406,0.0046,target
META,2026-03-10,2026-03-10 13:31:00+00:00,7,2,654.88095,0.0046,target
META,2026-03-10,2026-03-10 14:45:00+00:00,6,2,658.421658,0.0046,target
META,2026-03-10,2026-03-10 15:09:00+00:00,6,2,657.866547,-0.0029000000000000002,stop
META,2026-03-10,2026-03-10 15:36:00+00:00,6,2,657.03138,0.0046,target
META,2026-03-10,2026-03-10 16:19:00+00:00,7,2,657.246423,0.0046,target
META,2026-03-10,2026-03-10 16:40:00+00:00,8,2,659.0717880000001,-0.0029000000000000002,stop
META,2026-03-10,2026-03-10 17:12:00+00:00,7,2,658.6016940000001,-0.0029000000000000002,stop
META,2026-03-10,2026-03-10 17:33:00+00:00,6,2,658.8217380000001,-0.0029000000000000002,stop
META,2026-03-10,2026-03-10 17:55:00+00:00,7,2,659.0317799999999,-0.0029000000000000002,stop
META,2026-03-11,2026-03-11 13:24:00+00:00,6,2,654.210816,0.0046,target
META,2026-03-11,2026-03-11 13:45:00+00:00,7,2,657.241422,-0.0029000000000000002,stop
META,2026-03-11,2026-03-11 16:31:00+00:00,6,2,651.9157570799999,0.0046,target
META,2026-03-11,2026-03-11 16:55:00+00:00,6,2,654.110796,0.0046,target
META,2026-03-11,2026-03-11 17:28:00+00:00,7,2,653.850744,-0.0029000000000000002,stop
META,2026-03-11,2026-03-11 19:01:00+00:00,6,2,653.900754,-0.0029000000000000002,stop
META,2026-03-11,2026-03-11 19:38:00+00:00,7,2,653.660706,0.0046,target
META,2026-03-11,2026-03-11 19:58:00+00:00,6,2,655.050984,-0.0029000000000000002,stop
META,2026-03-11,2026-03-11 20:35:00+00:00,6,2,654.2189176200001,0.0046,target
META,2026-03-12,2026-03-12 17:40:00+00:00,6,2,640.658106,-0.0029000000000000002,stop
META,2026-03-13,2026-03-13 10:18:00+00:00,6,2,632.52648,-0.0029000000000000002,stop
META,2026-03-13,2026-03-13 10:56:00+00:00,9,2,633.1265999999999,-0.0029000000000000002,stop
META,2026-03-13,2026-03-13 11:40:00+00:00,6,2,631.8263400000001,-0.0029000000000000002,stop
META,2026-03-13,2026-03-13 13:55:00+00:00,6,2,626.3002349999999,-0.0029000000000000002,stop
META,2026-03-13,2026-03-13 14:25:00+00:00,6,2,626.495274,-0.0029000000000000002,stop
META,2026-03-13,2026-03-13 18:40:00+00:00,7,2,614.212818,-0.0029000000000000002,stop
META,2026-03-13,2026-03-13 19:51:00+00:00,6,2,613.8127380000001,-0.0029000000000000002,stop
META,2026-03-16,2026-03-16 09:34:00+00:00,6,2,631.17621,0.0046,target
META,2026-03-16,2026-03-16 10:55:00+00:00,6,2,631.1161979999999,-0.0029000000000000002,stop
META,2026-03-16,2026-03-16 11:25:00+00:00,6,2,630.316038,0.0046,target
META,2026-03-16,2026-03-16 11:47:00+00:00,6,2,631.2962339999999,-0.0029000000000000002,stop
META,2026-03-16,2026-03-16 12:10:00+00:00,6,2,631.736322,-0.0029000000000000002,stop
META,2026-03-16,2026-03-16 12:32:00+00:00,7,2,633.03688206,0.0046,target
META,2026-03-16,2026-03-16 12:58:00+00:00,6,2,633.22662,-0.0029000000000000002,stop
META,2026-03-16,2026-03-16 13:18:00+00:00,7,2,631.366248,-0.0029000000000000002,stop
META,2026-03-16,2026-03-16 14:05:00+00:00,6,2,630.336042,0.0046,target
META,2026-03-16,2026-03-16 14:25:00+00:00,7,2,632.836542,-0.0029000000000000002,stop
META,2026-03-16,2026-03-16 17:01:00+00:00,6,2,626.985372,-0.0029000000000000002,stop
META,2026-03-16,2026-03-16 18:31:00+00:00,6,2,627.480471,0.0046,target
META,2026-03-17,2026-03-17 12:31:00+00:00,6,2,626.0361822,0.0046,target
META,2026-03-17,2026-03-17 13:15:00+00:00,6,2,627.0453839999999,0.0046,target
META,2026-03-17,2026-03-17 13:36:00+00:00,7,2,635.367048,-0.0029000000000000002,stop
META,2026-03-18,2026-03-18 13:39:00+00:00,7,2,620.984172,-0.0029000000000000002,stop
META,2026-03-18,2026-03-18 14:11:00+00:00,7,2,621.3092369999999,-0.0029000000000000002,stop
META,2026-03-18,2026-03-18 14:51:00+00:00,6,2,619.413858,0.0046,target
META,2026-03-18,2026-03-18 15:13:00+00:00,6,2,620.6841119999999,0.0046,target
META,2026-03-18,2026-03-18 15:38:00+00:00,6,2,621.7943339999999,-0.0029000000000000002,stop
META,2026-03-18,2026-03-18 17:58:00+00:00,6,2,619.7839319999999,-0.0029000000000000002,stop
META,2026-03-19,2026-03-19 13:42:00+00:00,6,2,612.842544,-0.0029000000000000002,stop
META,2026-03-19,2026-03-19 19:06:00+00:00,7,2,607.561488,-0.0029000000000000002,stop
META,2026-03-19,2026-03-19 19:58:00+00:00,6,2,606.851346,0.0046,target
META,2026-03-19,2026-03-19 20:26:00+00:00,6,2,607.841544,0.0046,target
META,2026-03-19,2026-03-19 21:19:00+00:00,8,2,607.561488,0.0046,target
META,2026-03-19,2026-03-19 21:58:00+00:00,6,2,607.441464,0.0046,target
META,2026-03-19,2026-03-19 22:31:00+00:00,6,2,608.0814919799999,0.0046,target
META,2026-03-20,2026-03-20 12:11:00+00:00,8,2,605.5580874,0.0046,target
META,2026-03-20,2026-03-20 13:04:00+00:00,6,2,606.111198,-0.0029000000000000002,stop
META,2026-03-20,2026-03-20 16:18:00+00:00,6,2,596.359248,-0.0029000000000000002,stop
META,2026-03-20,2026-03-20 19:53:00+00:00,6,2,591.36825,0.0046,target
META,2026-03-20,2026-03-20 20:15:00+00:00,6,2,594.1988160000001,0.0046,target
META,2026-03-20,2026-03-20 21:30:00+00:00,7,2,596.51928,0.0046,target
META,2026-03-20,2026-03-20 22:00:00+00:00,9,2,596.7818325000001,0.0046,target
META,2026-03-20,2026-03-20 22:43:00+00:00,7,2,597.129402,0.0046,target
META,2026-03-23,2026-03-23 11:14:00+00:00,8,2,607.9115579999999,-0.0029000000000000002,stop
META,2026-03-23,2026-03-23 11:34:00+00:00,6,2,607.7115180000001,-0.0029000000000000002,stop
META,2026-03-23,2026-03-23 11:59:00+00:00,6,2,600.2600279999999,0.0046,target
META,2026-03-23,2026-03-23 12:20:00+00:00,6,2,603.78303246,-0.0029000000000000002,stop
META,2026-03-23,2026-03-23 12:42:00+00:00,6,2,603.1711101000001,0.0046,target
META,2026-03-23,2026-03-23 13:04:00+00:00,6,2,605.100996,-0.0029000000000000002,stop
META,2026-03-23,2026-03-23 13:28:00+00:00,6,2,605.121,-0.0029000000000000002,stop
META,2026-03-23,2026-03-23 13:57:00+00:00,6,2,603.515679,-0.0029000000000000002,stop
META,2026-03-23,2026-03-23 14:17:00+00:00,6,2,604.700916,-0.0029000000000000002,stop
META,2026-03-23,2026-03-23 14:53:00+00:00,6,2,604.87095,0.0046,target
META,2026-03-23,2026-03-23 15:15:00+00:00,6,2,608.1216,-0.0029000000000000002,stop
META,2026-03-23,2026-03-23 15:35:00+00:00,6,2,607.97157,-0.0029000000000000002,stop
META,2026-03-23,2026-03-23 16:01:00+00:00,6,2,605.681112,-0.0029000000000000002,stop
META,2026-03-23,2026-03-23 17:40:00+00:00,6,2,603.230622,-0.0029000000000000002,stop
META,2026-03-23,2026-03-23 18:31:00+00:00,6,2,603.600696,0.0046,target
META,2026-03-23,2026-03-23 18:51:00+00:00,6,2,607.13310234,0.0046,target
META,2026-03-23,2026-03-23 19:12:00+00:00,6,2,607.391454,0.0046,target
META,2026-03-23,2026-03-23 19:44:00+00:00,6,2,606.991374,-0.0029000000000000002,stop
META,2026-03-23,2026-03-23 20:22:00+00:00,6,2,605.27103,0.0046,target
META,2026-03-23,2026-03-23 22:45:00+00:00,7,2,604.880952,0.0046,target
META,2026-03-24,2026-03-24 14:52:00+00:00,6,2,596.6593079999999,-0.0029000000000000002,stop
META,2026-03-24,2026-03-24 15:15:00+00:00,7,2,596.339244,-0.0029000000000000002,stop
META,2026-03-24,2026-03-24 15:42:00+00:00,7,2,596.66931,-0.0029000000000000002,stop
META,2026-03-24,2026-03-24 16:26:00+00:00,7,2,596.6193,-0.0029000000000000002,stop
META,2026-03-24,2026-03-24 18:12:00+00:00,6,2,595.0239809999999,0.0046,target
META,2026-03-24,2026-03-24 18:36:00+00:00,7,2,595.699116,-0.0029000000000000002,stop
META,2026-03-24,2026-03-24 19:06:00+00:00,6,2,595.644105,-0.0029000000000000002,stop
META,2026-03-24,2026-03-24 19:30:00+00:00,6,2,595.489074,-0.0029000000000000002,stop
META,2026-03-24,2026-03-24 20:25:00+00:00,7,2,599.1398039999999,-0.0029000000000000002,stop
META,2026-03-24,2026-03-24 20:48:00+00:00,6,2,597.48027216,-0.0029000000000000002,stop
META,2026-03-24,2026-03-24 21:29:00+00:00,6,2,595.9191599999999,0.0046,target
META,2026-03-24,2026-03-24 22:01:00+00:00,7,2,597.6195,0.0046,target
META,2026-03-24,2026-03-24 22:48:00+00:00,7,2,597.71952,0.0046,target
META,2026-03-25,2026-03-25 11:43:00+00:00,7,2,600.0199799999999,-0.0029000000000000002,stop
META,2026-03-25,2026-03-25 12:10:00+00:00,6,2,601.980372,-0.0029000000000000002,stop
META,2026-03-25,2026-03-25 12:42:00+00:00,6,2,601.1202,0.0046,target
META,2026-03-25,2026-03-25 13:03:00+00:00,6,2,602.190414,-0.0029000000000000002,stop
META,2026-03-25,2026-03-25 13:23:00+00:00,6,2,601.52028,-0.0029000000000000002,stop
META,2026-03-25,2026-03-25 13:43:00+00:00,6,2,600.740124,-0.0029000000000000002,stop
META,2026-03-25,2026-03-25 14:21:00+00:00,6,2,599.4398640000001,-0.0029000000000000002,stop
META,2026-03-25,2026-03-25 16:01:00+00:00,7,2,599.579892,-0.0029000000000000002,stop
META,2026-03-25,2026-03-25 16:32:00+00:00,6,2,599.214819,0.0046,target
META,2026-03-25,2026-03-25 17:02:00+00:00,6,2,598.929762,-0.0029000000000000002,stop
META,2026-03-25,2026-03-25 17:26:00+00:00,7,2,599.6234007,0.0046,target
META,2026-03-26,2026-03-26 22:05:00+00:00,6,2,550.4200619999999,0.0046,target
META,2026-03-26,2026-03-26 22:29:00+00:00,6,2,550.340046,0.0046,target
META,2026-03-27,2026-03-27 12:01:00+00:00,6,2,551.1102,-0.0029000000000000002,stop
META,2026-03-27,2026-03-27 13:31:00+00:00,6,2,542.818542,-0.0029000000000000002,stop
META,2026-03-30,2026-03-30 11:13:00+00:00,6,2,531.5862960000001,0.0046,target
META,2026-03-30,2026-03-30 11:39:00+00:00,6,2,532.826544,0.0046,target
META,2026-03-30,2026-03-30 12:05:00+00:00,7,2,532.286436,0.0046,target
META,2026-03-30,2026-03-30 12:25:00+00:00,7,2,534.086796,-0.0029000000000000002,stop
META,2026-03-30,2026-03-30 12:53:00+00:00,6,2,533.226624,0.0046,target
META,2026-03-30,2026-03-30 13:13:00+00:00,7,2,534.136806,0.0046,target
META,2026-03-30,2026-03-30 13:36:00+00:00,6,2,533.5366859999999,-0.0029000000000000002,stop
META,2026-03-30,2026-03-30 14:21:00+00:00,6,2,532.9737734400001,-0.0029000000000000002,stop
META,2026-03-30,2026-03-30 14:49:00+00:00,6,2,533.1066,-0.0029000000000000002,stop
META,2026-03-30,2026-03-30 15:13:00+00:00,6,2,534.436866,-0.0029000000000000002,stop
META,2026-03-30,2026-03-30 15:41:00+00:00,6,2,536.2922369999999,0.0046,target
META,2026-03-30,2026-03-30 16:01:00+00:00,6,2,537.667512,0.0046,target
META,2026-03-30,2026-03-30 16:21:00+00:00,6,2,537.342447,0.0046,target
META,2026-03-30,2026-03-30 16:43:00+00:00,6,2,537.70752,-0.0029000000000000002,stop
META,2026-03-30,2026-03-30 17:05:00+00:00,6,2,537.4074599999999,-0.0029000000000000002,stop
META,2026-03-30,2026-03-30 17:46:00+00:00,6,2,537.4474680000001,0.0046,target
META,2026-03-30,2026-03-30 18:12:00+00:00,6,2,538.377654,-0.0029000000000000002,stop
META,2026-03-30,2026-03-30 18:43:00+00:00,6,2,537.237426,-0.0029000000000000002,stop
META,2026-03-30,2026-03-30 19:09:00+00:00,7,2,536.882355,-0.0029000000000000002,stop
META,2026-03-30,2026-03-30 19:51:00+00:00,7,2,536.3272440000001,-0.0029000000000000002,stop
META,2026-03-30,2026-03-30 20:39:00+00:00,6,2,536.197218,-0.0029000000000000002,stop
META,2026-03-30,2026-03-30 21:21:00+00:00,6,2,535.997178,0.0046,target
META,2026-03-30,2026-03-30 22:40:00+00:00,6,2,536.40726,-0.0029000000000000002,stop
META,2026-03-31,2026-03-31 10:22:00+00:00,6,2,544.848948,-0.0029000000000000002,stop
META,2026-03-31,2026-03-31 11:21:00+00:00,6,2,545.048988,-0.0029000000000000002,stop
META,2026-03-31,2026-03-31 11:44:00+00:00,8,2,544.5883959,-0.0029000000000000002,stop
META,2026-03-31,2026-03-31 12:08:00+00:00,6,2,545.6091,-0.0029000000000000002,stop
META,2026-03-31,2026-03-31 12:33:00+00:00,6,2,545.109,0.0046,target
META,2026-03-31,2026-03-31 12:55:00+00:00,7,2,546.4492680000001,0.0046,target
META,2026-03-31,2026-03-31 13:18:00+00:00,6,2,547.58989608,0.0046,target
META,2026-03-31,2026-03-31 13:38:00+00:00,6,2,556.671312,-0.0029000000000000002,stop
META,2026-03-31,2026-03-31 13:59:00+00:00,7,2,558.101598,-0.0029000000000000002,stop
META,2026-03-31,2026-03-31 14:24:00+00:00,6,2,558.4266630000001,-0.0029000000000000002,stop
META,2026-03-31,2026-03-31 14:45:00+00:00,7,2,556.006179,-0.0029000000000000002,stop
META,2026-03-31,2026-03-31 15:22:00+00:00,7,2,556.636305,0.0046,target
META,2026-03-31,2026-03-31 15:43:00+00:00,6,2,557.30863944,0.0046,target
META,2026-03-31,2026-03-31 16:06:00+00:00,8,2,559.0717920000001,0.0046,target
META,2026-03-31,2026-03-31 16:33:00+00:00,6,2,560.4320640000001,0.0046,target
META,2026-03-31,2026-03-31 16:54:00+00:00,6,2,566.223222,0.0046,target
META,2026-03-31,2026-03-31 17:14:00+00:00,8,2,569.58379398,0.0046,target
META,2026-03-31,2026-03-31 17:43:00+00:00,7,2,569.21382,0.0046,target
META,2026-03-31,2026-03-31 18:04:00+00:00,6,2,569.6839140000001,0.0046,target
META,2026-03-31,2026-03-31 18:25:00+00:00,6,2,570.008979,0.0046,target
META,2026-03-31,2026-03-31 18:46:00+00:00,6,2,571.379253,-0.0029000000000000002,stop
META,2026-03-31,2026-03-31 19:31:00+00:00,6,2,571.049187,-0.0029000000000000002,stop
META,2026-03-31,2026-03-31 19:58:00+00:00,7,2,572.144406,0.0046,target
META,2026-03-31,2026-03-31 20:20:00+00:00,6,2,573.874752,-0.0029000000000000002,stop
META,2026-03-31,2026-03-31 20:42:00+00:00,6,2,572.79123534,0.0046,target
META,2026-03-31,2026-03-31 22:13:00+00:00,6,2,572.904558,0.0046,target
META,2026-03-31,2026-03-31 22:37:00+00:00,6,2,573.554688,0.0046,target
META,2026-03-31,2026-03-31 23:03:00+00:00,8,2,574.224822,0.0046,target
META,2026-04-01,2026-04-01 11:09:00+00:00,6,2,577.16541,-0.0029000000000000002,stop
META,2026-04-01,2026-04-01 11:44:00+00:00,7,2,577.595496,0.0046,target
META,2026-04-01,2026-04-01 12:04:00+00:00,7,2,578.51568,0.0046,target
META,2026-04-01,2026-04-01 12:29:00+00:00,7,2,578.4156599999999,-0.0029000000000000002,stop
META,2026-04-01,2026-04-01 12:49:00+00:00,6,2,578.1156,-0.0029000000000000002,stop
META,2026-04-01,2026-04-01 13:21:00+00:00,6,2,577.6480065000001,0.0046,target
META,2026-04-01,2026-04-01 13:41:00+00:00,7,2,583.026582,-0.0029000000000000002,stop
META,2026-04-01,2026-04-01 14:29:00+00:00,7,2,579.695916,-0.0029000000000000002,stop
META,2026-04-01,2026-04-01 15:01:00+00:00,6,2,581.96637,0.0046,target
META,2026-04-01,2026-04-01 15:21:00+00:00,6,2,581.71632,0.0046,target
META,2026-04-01,2026-04-01 15:44:00+00:00,6,2,583.086594,0.0046,target
META,2026-04-01,2026-04-01 16:12:00+00:00,7,2,585.457068,0.0046,target
META,2026-04-01,2026-04-01 16:33:00+00:00,6,2,586.997376,0.0046,target
META,2026-04-01,2026-04-01 16:53:00+00:00,6,2,588.8277420000001,0.0046,target
META,2026-04-01,2026-04-01 17:15:00+00:00,6,2,591.30203676,-0.0029000000000000002,stop
META,2026-04-01,2026-04-01 17:39:00+00:00,6,2,589.17651174,-0.0029000000000000002,stop
META,2026-04-01,2026-04-01 19:23:00+00:00,6,2,579.7459259999999,0.0046,target
META,2026-04-02,2026-04-02 13:33:00+00:00,6,2,562.6575089999999,-0.0029000000000000002,stop
META,2026-04-02,2026-04-02 13:59:00+00:00,6,2,567.7835339999999,0.0046,target
META,2026-04-02,2026-04-02 14:26:00+00:00,6,2,567.923562,0.0046,target
META,2026-04-02,2026-04-02 14:50:00+00:00,6,2,572.874552,-0.0029000000000000002,stop
META,2026-04-02,2026-04-02 15:17:00+00:00,6,2,572.399457,-0.0029000000000000002,stop
META,2026-04-02,2026-04-02 15:41:00+00:00,6,2,572.9245619999999,-0.0029000000000000002,stop
META,2026-04-02,2026-04-02 16:02:00+00:00,6,2,571.27483212,0.0046,target
META,2026-04-02,2026-04-02 16:41:00+00:00,7,2,572.5469865,-0.0029000000000000002,stop
META,2026-04-02,2026-04-02 17:04:00+00:00,7,2,571.224222,0.0046,target
META,2026-04-02,2026-04-02 17:24:00+00:00,7,2,573.334644,-0.0029000000000000002,stop
META,2026-04-02,2026-04-02 17:50:00+00:00,6,2,569.7939359999999,0.0046,target
META,2026-04-02,2026-04-02 18:16:00+00:00,7,2,572.56449,0.0046,target
META,2026-04-02,2026-04-02 18:41:00+00:00,6,2,573.25842876,0.0046,target
META,2026-04-02,2026-04-02 19:01:00+00:00,6,2,573.139605,0.0046,target
META,2026-04-02,2026-04-02 19:35:00+00:00,6,2,573.969771,0.0046,target
META,2026-04-02,2026-04-02 20:05:00+00:00,6,2,574.56489,0.0046,target
META,2026-04-02,2026-04-02 20:48:00+00:00,6,2,575.3325434999999,0.0046,target
META,2026-04-02,2026-04-02 22:30:00+00:00,6,2,575.0091788399999,0.0046,target
META,2026-04-06,2026-04-06 10:37:00+00:00,6,2,581.2862339999999,-0.0029000000000000002,stop
META,2026-04-06,2026-04-06 12:13:00+00:00,7,2,580.116,0.0046,target
META,2026-04-06,2026-04-06 12:51:00+00:00,6,2,580.28983476,-0.0029000000000000002,stop
META,2026-04-06,2026-04-06 13:40:00+00:00,6,2,579.375852,0.0046,target
META,2026-04-06,2026-04-06 15:08:00+00:00,6,2,578.080593,-0.0029000000000000002,stop
META,2026-04-06,2026-04-06 15:48:00+00:00,6,2,578.2106190000001,0.0046,target
META,2026-04-06,2026-04-06 16:13:00+00:00,7,2,578.6407049999999,0.0046,target
META,2026-04-06,2026-04-06 16:33:00+00:00,7,2,579.385854,-0.0029000000000000002,stop
META,2026-04-06,2026-04-06 18:22:00+00:00,6,2,578.025582,0.0046,target
META,2026-04-06,2026-04-06 19:08:00+00:00,6,2,577.935564,-0.0029000000000000002,stop
META,2026-04-07,2026-04-07 13:41:00+00:00,6,2,571.4492670000001,-0.0029000000000000002,stop
META,2026-04-07,2026-04-07 14:30:00+00:00,6,2,570.103998,-0.0029000000000000002,stop
META,2026-04-07,2026-04-07 16:03:00+00:00,7,2,568.973772,-0.0029000000000000002,stop
META,2026-04-07,2026-04-07 16:24:00+00:00,6,2,568.373652,0.0046,target
META,2026-04-07,2026-04-07 16:45:00+00:00,6,2,569.453868,0.0046,target
META,2026-04-07,2026-04-07 17:07:00+00:00,6,2,569.31394002,-0.0029000000000000002,stop
META,2026-04-07,2026-04-07 17:40:00+00:00,6,2,571.3892549999999,-0.0029000000000000002,stop
META,2026-04-07,2026-04-07 18:01:00+00:00,6,2,569.668911,-0.0029000000000000002,stop
META,2026-04-07,2026-04-07 18:27:00+00:00,6,2,568.9037579999999,-0.0029000000000000002,stop
META,2026-04-07,2026-04-07 19:20:00+00:00,6,2,570.404058,-0.0029000000000000002,stop
META,2026-04-07,2026-04-07 19:40:00+00:00,6,2,568.7812335,0.0046,target
META,2026-04-07,2026-04-07 20:03:00+00:00,7,2,574.96497,0.0046,target
META,2026-04-07,2026-04-07 20:37:00+00:00,6,2,574.81494,0.0046,target
META,2026-04-07,2026-04-07 21:03:00+00:00,7,2,575.295036,0.0046,target
META,2026-04-07,2026-04-07 21:31:00+00:00,6,2,576.1152,0.0046,target
META,2026-04-07,2026-04-07 21:58:00+00:00,6,2,578.355648,0.0046,target
META,2026-04-07,2026-04-07 22:19:00+00:00,6,2,583.1166,-0.0029000000000000002,stop
META,2026-04-07,2026-04-07 22:44:00+00:00,6,2,590.15630766,0.0046,target
META,2026-04-07,2026-04-07 23:07:00+00:00,8,2,596.36925,-0.0029000000000000002,stop
META,2026-04-08,2026-04-08 10:10:00+00:00,6,2,603.22062,0.0046,target
META,2026-04-08,2026-04-08 10:49:00+00:00,6,2,604.165809,-0.0029000000000000002,stop
META,2026-04-08,2026-04-08 11:13:00+00:00,6,2,603.27063,0.0046,target
META,2026-04-08,2026-04-08 11:34:00+00:00,6,2,604.550886,0.0046,target
META,2026-04-08,2026-04-08 12:01:00+00:00,7,2,604.775931,-0.0029000000000000002,stop
META,2026-04-08,2026-04-08 12:23:00+00:00,6,2,603.97077,0.0046,target
META,2026-04-08,2026-04-08 13:05:00+00:00,6,2,604.740924,-0.0029000000000000002,stop
META,2026-04-08,2026-04-08 13:28:00+00:00,6,2,605.6611079999999,0.0046,target
META,2026-04-08,2026-04-08 15:59:00+00:00,6,2,597.099396,0.0046,target
META,2026-04-08,2026-04-08 16:19:00+00:00,6,2,613.842744,0.0046,target
META,2026-04-08,2026-04-08 16:39:00+00:00,6,2,624.314838,0.0046,target
META,2026-04-08,2026-04-08 16:59:00+00:00,6,2,628.265628,-0.0029000000000000002,stop
META,2026-04-08,2026-04-08 17:26:00+00:00,6,2,624.204816,-0.0029000000000000002,stop
META,2026-04-08,2026-04-08 18:03:00+00:00,6,2,618.9637680000001,-0.0029000000000000002,stop
META,2026-04-08,2026-04-08 19:44:00+00:00,7,2,613.152606,-0.0029000000000000002,stop
META,2026-04-08,2026-04-08 20:06:00+00:00,6,2,612.7025160000001,0.0046,target
META,2026-04-08,2026-04-08 20:29:00+00:00,6,2,612.512478,0.0046,target
META,2026-04-08,2026-04-08 21:33:00+00:00,6,2,613.22262,0.0046,target
META,2026-04-08,2026-04-08 22:09:00+00:00,6,2,613.7727299999999,0.0046,target
META,2026-04-08,2026-04-08 22:32:00+00:00,6,2,614.0707896,0.0046,target
META,2026-04-08,2026-04-08 22:55:00+00:00,6,2,616.57329,0.0046,target
META,2026-04-08,2026-04-08 23:17:00+00:00,7,2,616.6233,0.0046,target
META,2026-04-09,2026-04-09 10:01:00+00:00,6,2,618.333642,-0.0029000000000000002,stop
META,2026-04-09,2026-04-09 11:19:00+00:00,6,2,617.6235,0.0046,target
META,2026-04-09,2026-04-09 11:40:00+00:00,8,2,622.1249001,0.0046,target
META,2026-04-09,2026-04-09 12:02:00+00:00,7,2,624.064788,0.0046,target
META,2026-04-09,2026-04-09 12:26:00+00:00,7,2,625.22502,-0.0029000000000000002,stop
META,2026-04-09,2026-04-09 12:47:00+00:00,6,2,622.8245400000001,-0.0029000000000000002,stop
META,2026-04-09,2026-04-09 13:17:00+00:00,7,2,623.6777106,0.0046,target
META,2026-04-09,2026-04-09 13:48:00+00:00,7,2,630.0659880000001,-0.0029000000000000002,stop
META,2026-04-09,2026-04-09 14:44:00+00:00,7,2,626.920359,0.0046,target
META,2026-04-09,2026-04-09 15:04:00+00:00,6,2,630.316038,-0.0029000000000000002,stop
META,2026-04-09,2026-04-09 15:25:00+00:00,6,2,631.716318,-0.0029000000000000002,stop
META,2026-04-09,2026-04-09 15:46:00+00:00,7,2,630.72612,0.0046,target
META,2026-04-09,2026-04-09 16:06:00+00:00,6,2,636.537282,-0.0029000000000000002,stop
META,2026-04-09,2026-04-09 16:26:00+00:00,6,2,634.996974,-0.0029000000000000002,stop
META,2026-04-09,2026-04-09 17:11:00+00:00,6,2,633.101595,-0.0029000000000000002,stop
META,2026-04-09,2026-04-09 17:36:00+00:00,6,2,632.621499,-0.0029000000000000002,stop
META,2026-04-09,2026-04-09 19:15:00+00:00,6,2,629.2958339999999,-0.0029000000000000002,stop
META,2026-04-09,2026-04-09 19:36:00+00:00,7,2,629.9259599999999,-0.0029000000000000002,stop
META,2026-04-09,2026-04-09 20:38:00+00:00,6,2,629.3058359999999,0.0046,target
META,2026-04-09,2026-04-09 22:06:00+00:00,6,2,630.105996,0.0046,target
META,2026-04-09,2026-04-09 22:41:00+00:00,6,2,629.615898,0.0046,target
META,2026-04-10,2026-04-10 11:06:00+00:00,6,2,631.9363619999999,0.0046,target
META,2026-04-10,2026-04-10 11:26:00+00:00,6,2,632.4944736,0.0046,target
META,2026-04-10,2026-04-10 11:48:00+00:00,6,2,632.32644,0.0046,target
META,2026-04-10,2026-04-10 12:17:00+00:00,6,2,632.366448,0.0046,target
META,2026-04-10,2026-04-10 12:40:00+00:00,6,2,634.9152576600001,0.0046,target
META,2026-04-10,2026-04-10 13:02:00+00:00,6,2,636.1272,-0.0029000000000000002,stop
META,2026-04-10,2026-04-10 13:24:00+00:00,6,2,634.82694,-0.0029000000000000002,stop
META,2026-04-10,2026-04-10 14:24:00+00:00,6,2,635.4470640000001,-0.0029000000000000002,stop
META,2026-04-10,2026-04-10 17:57:00+00:00,6,2,628.035582,-0.0029000000000000002,stop
META,2026-04-10,2026-04-10 19:17:00+00:00,6,2,627.97677024,0.0046,target
META,2026-04-10,2026-04-10 19:51:00+00:00,6,2,629.445864,0.0046,target
META,2026-04-10,2026-04-10 20:52:00+00:00,7,2,630.27603,0.0046,target
META,2026-04-10,2026-04-10 21:23:00+00:00,6,2,630.3960539999999,0.0046,target
META,2026-04-13,2026-04-13 11:01:00+00:00,8,2,624.42486,0.0046,target
META,2026-04-13,2026-04-13 11:24:00+00:00,6,2,624.09699444,-0.0029000000000000002,stop
META,2026-04-13,2026-04-13 12:19:00+00:00,7,2,622.7632277399999,0.0046,target
META,2026-04-13,2026-04-13 12:47:00+00:00,6,2,624.614898,0.0046,target
META,2026-04-13,2026-04-13 13:09:00+00:00,9,2,626.02407978,0.0046,target
META,2026-04-13,2026-04-13 13:32:00+00:00,6,2,628.755726,-0.0029000000000000002,stop
META,2026-04-13,2026-04-13 13:55:00+00:00,6,2,628.6256999999999,0.0046,target
META,2026-04-13,2026-04-13 15:44:00+00:00,6,2,628.3056359999999,-0.0029000000000000002,stop
META,2026-04-13,2026-04-13 16:24:00+00:00,6,2,627.945564,0.0046,target
META,2026-04-13,2026-04-13 16:44:00+00:00,6,2,629.485872,0.0046,target
META,2026-04-13,2026-04-13 17:05:00+00:00,6,2,630.301035,0.0046,target
META,2026-04-13,2026-04-13 17:27:00+00:00,6,2,629.76402762,0.0046,target
META,2026-04-13,2026-04-13 17:48:00+00:00,6,2,629.720919,0.0046,target
META,2026-04-13,2026-04-13 18:08:00+00:00,9,2,631.1262,0.0046,target
META,2026-04-13,2026-04-13 18:29:00+00:00,6,2,631.316238,0.0046,target
META,2026-04-13,2026-04-13 18:51:00+00:00,9,2,632.506476,0.0046,target
META,2026-04-13,2026-04-13 19:11:00+00:00,6,2,632.986572,0.0046,target
META,2026-04-13,2026-04-13 19:32:00+00:00,6,2,632.501475,0.0046,target
META,2026-04-13,2026-04-13 19:54:00+00:00,7,2,634.4318609999999,0.0046,target
META,2026-04-13,2026-04-13 20:26:00+00:00,7,2,635.217018,0.0046,target
META,2026-04-13,2026-04-13 21:35:00+00:00,7,2,635.3660478,0.0046,target
META,2026-04-13,2026-04-13 22:17:00+00:00,8,2,636.217218,0.0046,target
META,2026-04-13,2026-04-13 22:42:00+00:00,7,2,638.2776299999999,0.0046,target
META,2026-04-13,2026-04-13 23:09:00+00:00,7,2,638.45106468,0.0046,target
META,2026-04-14,2026-04-14 10:26:00+00:00,6,2,640.2880319999999,-0.0029000000000000002,stop
META,2026-04-14,2026-04-14 11:26:00+00:00,6,2,641.938362,0.0046,target
META,2026-04-14,2026-04-14 11:57:00+00:00,6,2,642.258426,0.0046,target
META,2026-04-14,2026-04-14 12:39:00+00:00,7,2,641.988372,0.0046,target
META,2026-04-14,2026-04-14 13:03:00+00:00,8,2,642.52848,0.0046,target
META,2026-04-14,2026-04-14 13:24:00+00:00,6,2,642.5584859999999,0.0046,target
META,2026-04-14,2026-04-14 13:48:00+00:00,7,2,649.749924,0.0046,target
META,2026-04-14,2026-04-14 14:14:00+00:00,6,2,651.125199,0.0046,target
META,2026-04-14,2026-04-14 14:35:00+00:00,7,2,654.210816,0.0046,target
META,2026-04-14,2026-04-14 14:57:00+00:00,7,2,657.98157,-0.0029000000000000002,stop
META,2026-04-14,2026-04-14 15:20:00+00:00,8,2,659.1868109999999,0.0046,target
META,2026-04-14,2026-04-14 15:41:00+00:00,7,2,664.342842,-0.0029000000000000002,stop
META,2026-04-14,2026-04-14 16:17:00+00:00,6,2,662.472468,0.0046,target
META,2026-04-14,2026-04-14 16:52:00+00:00,6,2,663.9582651000001,-0.0029000000000000002,stop
META,2026-04-14,2026-04-14 17:26:00+00:00,6,2,662.38245,0.0046,target
META,2026-04-14,2026-04-14 17:47:00+00:00,7,2,664.612896,-0.0029000000000000002,stop
META,2026-04-14,2026-04-14 18:08:00+00:00,6,2,664.8029339999999,-0.0029000000000000002,stop
META,2026-04-14,2026-04-14 19:01:00+00:00,6,2,661.242222,0.0046,target
META,2026-04-14,2026-04-14 19:21:00+00:00,6,2,662.097393,-0.0029000000000000002,stop
META,2026-04-14,2026-04-14 19:51:00+00:00,6,2,661.452264,-0.0029000000000000002,stop
META,2026-04-14,2026-04-14 20:15:00+00:00,6,2,662.68251,-0.0029000000000000002,stop
META,2026-04-14,2026-04-14 20:46:00+00:00,6,2,662.6324999999999,0.0046,target
META,2026-04-14,2026-04-14 21:25:00+00:00,8,2,662.94816312,0.0046,target
META,2026-04-14,2026-04-14 21:49:00+00:00,7,2,663.34304208,0.0046,target
META,2026-04-14,2026-04-14 22:15:00+00:00,6,2,665.022978,0.0046,target
META,2026-04-14,2026-04-14 22:37:00+00:00,7,2,666.973368,0.0046,target
META,2026-04-14,2026-04-14 23:05:00+00:00,6,2,667.18341,0.0046,target
META,2026-04-15,2026-04-15 11:19:00+00:00,6,2,663.112596,0.0046,target
META,2026-04-15,2026-04-15 11:42:00+00:00,8,2,663.952764,0.0046,target
META,2026-04-15,2026-04-15 12:04:00+00:00,7,2,664.7129160000001,0.0046,target
META,2026-04-15,2026-04-15 12:30:00+00:00,6,2,664.90685478,0.0046,target
META,2026-04-15,2026-04-15 12:51:00+00:00,6,2,665.7256185,0.0046,target
META,2026-04-15,2026-04-15 13:21:00+00:00,6,2,665.092992,0.0046,target
META,2026-04-15,2026-04-15 13:57:00+00:00,8,2,670.399053,0.0046,target
META,2026-04-15,2026-04-15 14:18:00+00:00,6,2,672.41535618,0.0046,target
META,2026-04-15,2026-04-15 14:40:00+00:00,6,2,673.214616,0.0046,target
META,2026-04-15,2026-04-15 15:02:00+00:00,6,2,674.679909,-0.0029000000000000002,stop
META,2026-04-15,2026-04-15 15:24:00+00:00,6,2,673.554684,0.0046,target
META,2026-04-15,2026-04-15 15:46:00+00:00,8,2,675.355044,0.0046,target
META,2026-04-15,2026-04-15 16:06:00+00:00,6,2,675.8951519999999,0.0046,target
META,2026-04-15,2026-04-15 16:26:00+00:00,6,2,677.0453819999999,-0.0029000000000000002,stop
META,2026-04-15,2026-04-15 17:31:00+00:00,6,2,674.494872,-0.0029000000000000002,stop
META,2026-04-15,2026-04-15 18:17:00+00:00,6,2,673.7197170000001,0.0046,target
META,2026-04-15,2026-04-15 18:40:00+00:00,6,2,674.204814,0.0046,target
META,2026-04-15,2026-04-15 19:04:00+00:00,6,2,674.204814,-0.0029000000000000002,stop
META,2026-04-15,2026-04-15 19:41:00+00:00,6,2,673.259625,-0.0029000000000000002,stop
META,2026-04-15,2026-04-15 20:56:00+00:00,8,2,672.1344,0.0046,target
META,2026-04-15,2026-04-15 21:32:00+00:00,6,2,672.854544,0.0046,target
META,2026-04-15,2026-04-15 22:13:00+00:00,7,2,673.154604,0.0046,target
META,2026-04-15,2026-04-15 22:46:00+00:00,8,2,674.1348,0.0046,target
META,2026-04-16,2026-04-16 11:11:00+00:00,6,2,675.7251180000001,0.0046,target
META,2026-04-16,2026-04-16 11:37:00+00:00,6,2,675.98517,0.0046,target
META,2026-04-16,2026-04-16 12:01:00+00:00,7,2,676.91895672,0.0046,target
META,2026-04-16,2026-04-16 12:29:00+00:00,6,2,676.91465586,0.0046,target
META,2026-04-16,2026-04-16 13:28:00+00:00,6,2,676.28523,-0.0029000000000000002,stop
META,2026-04-16,2026-04-16 14:51:00+00:00,6,2,673.224618,-0.0029000000000000002,stop
META,2026-04-16,2026-04-16 15:14:00+00:00,6,2,673.244622,0.0046,target
META,2026-04-16,2026-04-16 15:40:00+00:00,6,2,674.909955,0.0046,target
META,2026-04-16,2026-04-16 16:04:00+00:00,6,2,676.575288,-0.0029000000000000002,stop
META,2026-04-16,2026-04-16 16:24:00+00:00,6,2,676.590291,-0.0029000000000000002,stop
META,2026-04-16,2026-04-16 16:51:00+00:00,6,2,676.03507998,-0.0029000000000000002,stop
META,2026-04-16,2026-04-16 17:37:00+00:00,6,2,674.2998329999999,0.0046,target
META,2026-04-16,2026-04-16 17:58:00+00:00,6,2,675.275028,-0.0029000000000000002,stop
META,2026-04-16,2026-04-16 18:45:00+00:00,6,2,674.5548839999999,0.0046,target
META,2026-04-16,2026-04-16 19:05:00+00:00,6,2,674.1247979999999,0.0046,target
META,2026-04-16,2026-04-16 19:25:00+00:00,6,2,673.799733,0.0046,target
META,2026-04-16,2026-04-16 19:46:00+00:00,6,2,675.4951720199999,0.0046,target
META,2026-04-16,2026-04-16 20:06:00+00:00,6,2,676.40565408,0.0046,target
META,2026-04-16,2026-04-16 21:03:00+00:00,6,2,676.595292,0.0046,target
META,2026-04-16,2026-04-16 22:02:00+00:00,6,2,677.1354,0.0046,target
META,2026-04-17,2026-04-17 11:16:00+00:00,6,2,678.93576,0.0046,target
META,2026-04-17,2026-04-17 12:07:00+00:00,6,2,678.83574,0.0046,target
META,2026-04-17,2026-04-17 12:36:00+00:00,7,2,678.5586846,0.0046,target
META,2026-04-17,2026-04-17 13:03:00+00:00,7,2,679.28613006,-0.0029000000000000002,stop
META,2026-04-17,2026-04-17 13:25:00+00:00,6,2,679.83594,-0.0029000000000000002,stop
META,2026-04-17,2026-04-17 13:45:00+00:00,8,2,685.041981,-0.0029000000000000002,stop
META,2026-04-17,2026-04-17 14:05:00+00:00,6,2,685.727118,-0.0029000000000000002,stop
META,2026-04-17,2026-04-17 14:31:00+00:00,6,2,683.9367599999999,0.0046,target
META,2026-04-17,2026-04-17 14:51:00+00:00,6,2,685.8236373,-0.0029000000000000002,stop
META,2026-04-17,2026-04-17 15:35:00+00:00,6,2,685.417056,-0.0029000000000000002,stop
META,2026-04-17,2026-04-17 16:02:00+00:00,7,2,683.961765,0.0046,target
META,2026-04-17,2026-04-17 16:30:00+00:00,6,2,684.576888,0.0046,target
META,2026-04-17,2026-04-17 16:52:00+00:00,7,2,686.23722,-0.0029000000000000002,stop
META,2026-04-17,2026-04-17 17:13:00+00:00,6,2,685.477068,-0.0029000000000000002,stop
META,2026-04-17,2026-04-17 17:46:00+00:00,7,2,685.6371,-0.0029000000000000002,stop
META,2026-04-17,2026-04-17 18:36:00+00:00,6,2,684.28683,0.0046,target
META,2026-04-17,2026-04-17 19:02:00+00:00,6,2,684.796932,0.0046,target
META,2026-04-17,2026-04-17 19:25:00+00:00,8,2,684.746922,0.0046,target
META,2026-04-17,2026-04-17 19:45:00+00:00,6,2,689.3178359999999,-0.0029000000000000002,stop
META,2026-04-17,2026-04-17 20:12:00+00:00,6,2,688.907754,0.0046,target
META,2026-04-17,2026-04-17 21:02:00+00:00,6,2,688.38765,0.0046,target
META,2026-04-17,2026-04-17 22:53:00+00:00,6,2,686.707314,0.0046,target
META,2026-04-20,2026-04-20 10:55:00+00:00,6,2,681.816336,0.0046,target
META,2026-04-20,2026-04-20 11:27:00+00:00,7,2,681.6363,0.0046,target
META,2026-04-20,2026-04-20 12:08:00+00:00,8,2,682.73652,0.0046,target
META,2026-04-20,2026-04-20 12:30:00+00:00,7,2,682.226418,0.0046,target
META,2026-04-20,2026-04-20 12:54:00+00:00,6,2,683.2066140000001,0.0046,target
META,2026-04-20,2026-04-20 13:17:00+00:00,7,2,685.03698,-0.0029000000000000002,stop
META,2026-04-20,2026-04-20 14:25:00+00:00,6,2,678.12549798,-0.0029000000000000002,stop
META,2026-04-20,2026-04-20 15:39:00+00:00,6,2,673.22871882,0.0046,target
META,2026-04-20,2026-04-20 17:23:00+00:00,7,2,673.614696,-0.0029000000000000002,stop
META,2026-04-20,2026-04-20 20:38:00+00:00,6,2,672.804534,-0.0029000000000000002,stop
META,2026-04-20,2026-04-20 22:20:00+00:00,6,2,672.43446,0.0046,target
META,2026-04-21,2026-04-21 11:58:00+00:00,6,2,675.16660632,0.0046,target
META,2026-04-21,2026-04-21 12:38:00+00:00,6,2,674.924958,0.0046,target
META,2026-04-21,2026-04-21 13:52:00+00:00,6,2,673.33464,0.0046,target
META,2026-04-21,2026-04-21 14:16:00+00:00,6,2,675.42515802,-0.0029000000000000002,stop
META,2026-04-21,2026-04-21 14:42:00+00:00,6,2,674.1348,-0.0029000000000000002,stop
META,2026-04-21,2026-04-21 17:48:00+00:00,6,2,672.88455,0.0046,target
META,2026-04-21,2026-04-21 18:11:00+00:00,6,2,673.114596,-0.0029000000000000002,stop
META,2026-04-21,2026-04-21 18:58:00+00:00,6,2,672.5544839999999,0.0046,target
META,2026-04-21,2026-04-21 19:20:00+00:00,6,2,672.969567,-0.0029000000000000002,stop
META,2026-04-21,2026-04-21 20:23:00+00:00,7,2,672.5344799999999,-0.0029000000000000002,stop
META,2026-04-21,2026-04-21 20:58:00+00:00,8,2,671.774328,0.0046,target
META,2026-04-21,2026-04-21 22:04:00+00:00,6,2,672.3144359999999,0.0046,target
META,2026-04-21,2026-04-21 22:47:00+00:00,7,2,672.424458,0.0046,target
META,2026-04-22,2026-04-22 12:08:00+00:00,6,2,675.225018,0.0046,target
META,2026-04-22,2026-04-22 12:30:00+00:00,6,2,674.8349400000001,0.0046,target
META,2026-04-22,2026-04-22 14:08:00+00:00,8,2,674.664906,0.0046,target
META,2026-04-22,2026-04-22 14:28:00+00:00,7,2,675.495072,-0.0029000000000000002,stop
META,2026-04-22,2026-04-22 14:49:00+00:00,6,2,674.8449420000001,-0.0029000000000000002,stop
META,2026-04-22,2026-04-22 15:11:00+00:00,8,2,675.245022,0.0046,target
META,2026-04-22,2026-04-22 15:39:00+00:00,6,2,675.23502,0.0046,target
META,2026-04-22,2026-04-22 16:00:00+00:00,6,2,675.0849900000001,0.0046,target
META,2026-04-22,2026-04-22 16:21:00+00:00,7,2,674.9349599999999,0.0046,target
META,2026-04-22,2026-04-22 17:01:00+00:00,6,2,675.03498,0.0046,target
META,2026-04-22,2026-04-22 17:21:00+00:00,7,2,675.345042,0.0046,target
META,2026-04-22,2026-04-22 17:41:00+00:00,6,2,675.750123,0.0046,target
META,2026-04-22,2026-04-22 18:01:00+00:00,6,2,676.875348,0.0046,target
META,2026-04-22,2026-04-22 18:21:00+00:00,6,2,676.93536,0.0046,target
META,2026-04-22,2026-04-22 18:49:00+00:00,7,2,676.8978525,-0.0029000000000000002,stop
META,2026-04-22,2026-04-22 19:34:00+00:00,6,2,676.58529,-0.0029000000000000002,stop
META,2026-04-22,2026-04-22 19:54:00+00:00,6,2,675.345042,-0.0029000000000000002,stop
META,2026-04-23,2026-04-23 11:41:00+00:00,6,2,664.28283,-0.0029000000000000002,stop
META,2026-04-23,2026-04-23 12:08:00+00:00,6,2,666.53328,0.0046,target
META,2026-04-23,2026-04-23 12:32:00+00:00,6,2,667.1333999999999,-0.0029000000000000002,stop
META,2026-04-23,2026-04-23 13:45:00+00:00,7,2,664.862946,-0.0029000000000000002,stop
META,2026-04-23,2026-04-23 14:16:00+00:00,6,2,664.102794,-0.0029000000000000002,stop
META,2026-04-23,2026-04-23 14:36:00+00:00,6,2,664.1778089999999,0.0046,target
META,2026-04-23,2026-04-23 15:00:00+00:00,6,2,665.648103,0.0046,target
META,2026-04-23,2026-04-23 15:20:00+00:00,7,2,669.273828,-0.0029000000000000002,stop
META,2026-04-23,2026-04-23 15:41:00+00:00,6,2,667.73341998,-0.0029000000000000002,stop
META,2026-04-23,2026-04-23 16:26:00+00:00,6,2,666.203214,0.0046,target
META,2026-04-23,2026-04-23 16:56:00+00:00,6,2,665.813136,-0.0029000000000000002,stop
META,2026-04-23,2026-04-23 19:30:00+00:00,6,2,659.791932,-0.0029000000000000002,stop
META,2026-04-24,2026-04-24 11:07:00+00:00,7,2,661.2922319999999,0.0046,target
META,2026-04-24,2026-04-24 11:27:00+00:00,6,2,664.1328,-0.0029000000000000002,stop
META,2026-04-24,2026-04-24 11:52:00+00:00,7,2,663.0386812200001,0.0046,target
META,2026-04-24,2026-04-24 12:15:00+00:00,6,2,663.08779104,-0.0029000000000000002,stop
META,2026-04-24,2026-04-24 12:36:00+00:00,6,2,662.3124359999999,-0.0029000000000000002,stop
META,2026-04-24,2026-04-24 13:12:00+00:00,6,2,662.25232398,-0.0029000000000000002,stop
META,2026-04-24,2026-04-24 13:44:00+00:00,7,2,661.162206,0.0046,target
META,2026-04-24,2026-04-24 14:05:00+00:00,7,2,664.73292,0.0046,target
META,2026-04-24,2026-04-24 14:25:00+00:00,6,2,666.7033140000001,-0.0029000000000000002,stop
META,2026-04-24,2026-04-24 14:49:00+00:00,6,2,666.153204,0.0046,target
META,2026-04-24,2026-04-24 15:10:00+00:00,6,2,666.773328,0.0046,target
META,2026-04-24,2026-04-24 15:31:00+00:00,8,2,673.5587848199999,-0.0029000000000000002,stop
META,2026-04-24,2026-04-24 15:51:00+00:00,8,2,676.105194,-0.0029000000000000002,stop
META,2026-04-24,2026-04-24 16:11:00+00:00,6,2,675.555084,0.0046,target
META,2026-04-24,2026-04-24 16:31:00+00:00,7,2,675.9601650000001,0.0046,target
META,2026-04-24,2026-04-24 16:52:00+00:00,7,2,676.670307,0.0046,target
META,2026-04-24,2026-04-24 17:15:00+00:00,6,2,680.1960119999999,-0.0029000000000000002,stop
META,2026-04-24,2026-04-24 17:36:00+00:00,6,2,677.69561202,-0.0029000000000000002,stop
META,2026-04-24,2026-04-24 18:36:00+00:00,6,2,675.42385776,0.0046,target
META,2026-04-24,2026-04-24 18:59:00+00:00,6,2,676.175208,0.0046,target
META,2026-04-24,2026-04-24 19:22:00+00:00,7,2,678.030579,-0.0029000000000000002,stop
META,2026-04-24,2026-04-24 20:08:00+00:00,6,2,675.23502,0.0046,target
META,2026-04-24,2026-04-24 20:53:00+00:00,6,2,675.275028,0.0046,target
META,2026-04-27,2026-04-27 11:04:00+00:00,6,2,675.8558441399999,0.0046,target
META,2026-04-27,2026-04-27 13:36:00+00:00,6,2,674.6048940000001,0.0046,target
META,2026-04-27,2026-04-27 14:19:00+00:00,7,2,675.275028,0.0046,target
META,2026-04-27,2026-04-27 14:39:00+00:00,6,2,678.255624,-0.0029000000000000002,stop
META,2026-04-27,2026-04-27 15:00:00+00:00,7,2,681.5362799999999,-0.0029000000000000002,stop
META,2026-04-27,2026-04-27 15:23:00+00:00,6,2,677.005374,-0.0029000000000000002,stop
META,2026-04-27,2026-04-27 16:31:00+00:00,7,2,676.345242,0.0046,target
META,2026-04-27,2026-04-27 16:52:00+00:00,6,2,676.955364,0.0046,target
META,2026-04-27,2026-04-27 17:12:00+00:00,7,2,679.1020932600001,0.0046,target
META,2026-04-27,2026-04-27 17:33:00+00:00,6,2,680.1760079999999,0.0046,target
META,2026-04-27,2026-04-27 17:53:00+00:00,6,2,679.2858299999999,0.0046,target
META,2026-04-27,2026-04-27 18:13:00+00:00,6,2,679.375848,0.0046,target
META,2026-04-27,2026-04-27 18:40:00+00:00,6,2,679.0557839999999,-0.0029000000000000002,stop
META,2026-04-27,2026-04-27 19:24:00+00:00,6,2,678.055584,0.0046,target
META,2026-04-27,2026-04-27 19:45:00+00:00,6,2,679.455864,-0.0029000000000000002,stop
META,2026-04-27,2026-04-27 21:00:00+00:00,6,2,677.58549,0.0046,target
META,2026-04-27,2026-04-27 21:39:00+00:00,6,2,677.8770483,0.0046,target
META,2026-04-27,2026-04-27 22:14:00+00:00,7,2,678.375648,0.0046,target
META,2026-04-28,2026-04-28 13:13:00+00:00,6,2,673.994772,-0.0029000000000000002,stop
META,2026-04-28,2026-04-28 13:33:00+00:00,6,2,672.814536,-0.0029000000000000002,stop
META,2026-04-28,2026-04-28 13:56:00+00:00,6,2,674.954964,-0.0029000000000000002,stop
META,2026-04-28,2026-04-28 17:31:00+00:00,6,2,670.7541239999999,-0.0029000000000000002,stop
META,2026-04-28,2026-04-28 17:57:00+00:00,6,2,671.014176,0.0046,target
META,2026-04-28,2026-04-28 18:21:00+00:00,7,2,671.374248,0.0046,target
META,2026-04-28,2026-04-28 18:44:00+00:00,7,2,671.5692869999999,-0.0029000000000000002,stop
META,2026-04-28,2026-04-28 19:55:00+00:00,8,2,671.494272,0.0046,target
META,2026-04-28,2026-04-28 20:21:00+00:00,6,2,671.20791474,0.0046,target
META,2026-04-28,2026-04-28 22:22:00+00:00,8,2,671.199213,0.0046,target
META,2026-04-28,2026-04-28 22:50:00+00:00,6,2,671.88435,0.0046,target
META,2026-04-29,2026-04-29 13:29:00+00:00,6,2,670.0339799999999,-0.0029000000000000002,stop
META,2026-04-29,2026-04-29 13:54:00+00:00,6,2,668.993772,0.0046,target
META,2026-04-29,2026-04-29 14:15:00+00:00,6,2,672.7710272999999,-0.0029000000000000002,stop
META,2026-04-29,2026-04-29 14:40:00+00:00,7,2,673.559685,-0.0029000000000000002,stop
META,2026-04-29,2026-04-29 15:03:00+00:00,6,2,671.7943319999999,-0.0029000000000000002,stop
META,2026-04-29,2026-04-29 15:31:00+00:00,8,2,672.23261964,-0.0029000000000000002,stop
META,2026-04-29,2026-04-29 15:51:00+00:00,6,2,671.244222,-0.0029000000000000002,stop
META,2026-04-29,2026-04-29 16:14:00+00:00,7,2,672.05648442,-0.0029000000000000002,stop
META,2026-04-29,2026-04-29 17:14:00+00:00,6,2,669.9439619999999,0.0046,target
META,2026-04-29,2026-04-29 17:36:00+00:00,7,2,670.164006,0.0046,target
META,2026-04-29,2026-04-29 17:56:00+00:00,6,2,671.364246,-0.0029000000000000002,stop
META,2026-04-29,2026-04-29 18:16:00+00:00,6,2,671.4542640000001,0.0046,target
META,2026-04-29,2026-04-29 18:36:00+00:00,7,2,672.114396,0.0046,target
META,2026-04-29,2026-04-29 18:56:00+00:00,7,2,672.604494,0.0046,target
META,2026-04-29,2026-04-29 19:19:00+00:00,6,2,673.764726,-0.0029000000000000002,stop
META,2026-04-30,2026-04-30 12:27:00+00:00,6,2,611.68621278,-0.0029000000000000002,stop
META,2026-04-30,2026-04-30 12:47:00+00:00,8,2,616.333242,-0.0029000000000000002,stop
META,2026-04-30,2026-04-30 13:07:00+00:00,6,2,616.9433640000001,-0.0029000000000000002,stop
META,2026-04-30,2026-04-30 13:28:00+00:00,7,2,621.234222,-0.0029000000000000002,stop
META,2026-04-30,2026-04-30 15:04:00+00:00,6,2,609.406857,-0.0029000000000000002,stop
META,2026-04-30,2026-04-30 15:32:00+00:00,8,2,607.626501,-0.0029000000000000002,stop
META,2026-04-30,2026-04-30 15:55:00+00:00,7,2,609.2718299999999,-0.0029000000000000002,stop
META,2026-04-30,2026-04-30 16:15:00+00:00,8,2,609.761928,-0.0029000000000000002,stop
META,2026-04-30,2026-04-30 16:42:00+00:00,6,2,607.381452,-0.0029000000000000002,stop
META,2026-04-30,2026-04-30 17:08:00+00:00,6,2,607.77153,-0.0029000000000000002,stop
META,2026-04-30,2026-04-30 17:39:00+00:00,6,2,608.6217,0.0046,target
META,2026-04-30,2026-04-30 18:08:00+00:00,6,2,616.0231799999999,-0.0029000000000000002,stop
META,2026-04-30,2026-04-30 18:33:00+00:00,6,2,615.568089,0.0046,target
META,2026-04-30,2026-04-30 18:55:00+00:00,7,2,616.6633079999999,-0.0029000000000000002,stop
META,2026-04-30,2026-04-30 19:17:00+00:00,6,2,615.978171,0.0046,target
META,2026-04-30,2026-04-30 19:37:00+00:00,9,2,619.18511226,-0.0029000000000000002,stop
META,2026-04-30,2026-04-30 19:58:00+00:00,6,2,613.262628,-0.0029000000000000002,stop
META,2026-04-30,2026-04-30 20:59:00+00:00,7,2,614.72281998,-0.0029000000000000002,stop
META,2026-04-30,2026-04-30 21:25:00+00:00,6,2,613.17261,0.0046,target
META,2026-04-30,2026-04-30 21:46:00+00:00,6,2,613.4326619999999,0.0046,target
META,2026-04-30,2026-04-30 22:08:00+00:00,7,2,614.512878,0.0046,target
META,2026-04-30,2026-04-30 22:42:00+00:00,6,2,614.132802,0.0046,target
META,2026-04-30,2026-04-30 23:06:00+00:00,6,2,614.32284,0.0046,target
META,2026-05-01,2026-05-01 11:25:00+00:00,6,2,613.7864327399999,0.0046,target
META,2026-05-01,2026-05-01 12:02:00+00:00,7,2,614.32284,0.0046,target
META,2026-05-01,2026-05-01 12:24:00+00:00,7,2,615.42306,0.0046,target
META,2026-05-01,2026-05-01 12:47:00+00:00,6,2,614.132802,-0.0029000000000000002,stop
META,2026-05-01,2026-05-01 13:29:00+00:00,7,2,614.112798,0.0046,target
META,2026-05-01,2026-05-01 15:04:00+00:00,6,2,611.882352,0.0046,target
META,2026-05-01,2026-05-01 15:24:00+00:00,7,2,613.7727299999999,-0.0029000000000000002,stop
META,2026-05-01,2026-05-01 16:25:00+00:00,6,2,612.737523,-0.0029000000000000002,stop
META,2026-05-01,2026-05-01 16:54:00+00:00,8,2,612.432462,0.0046,target
META,2026-05-01,2026-05-01 17:16:00+00:00,6,2,612.7025160000001,0.0046,target
META,2026-05-01,2026-05-01 17:36:00+00:00,6,2,613.91155776,-0.0029000000000000002,stop
META,2026-05-01,2026-05-01 18:39:00+00:00,6,2,613.2726299999999,-0.0029000000000000002,stop
META,2026-05-01,2026-05-01 19:48:00+00:00,6,2,612.3974549999999,-0.0029000000000000002,stop
META,2026-05-04,2026-05-04 13:28:00+00:00,6,2,608.381652,-0.0029000000000000002,stop
META,2026-05-04,2026-05-04 14:26:00+00:00,6,2,606.6213,0.0046,target
META,2026-05-04,2026-05-04 14:46:00+00:00,7,2,610.352046,0.0046,target
META,2026-05-04,2026-05-04 15:07:00+00:00,6,2,612.1224,-0.0029000000000000002,stop
META,2026-05-04,2026-05-04 15:50:00+00:00,6,2,608.8067369999999,-0.0029000000000000002,stop
META,2026-05-04,2026-05-04 16:21:00+00:00,6,2,611.402256,0.0046,target
META,2026-05-04,2026-05-04 16:41:00+00:00,6,2,611.82234,-0.0029000000000000002,stop
META,2026-05-04,2026-05-04 17:06:00+00:00,6,2,612.027381,0.0046,target
META,2026-05-04,2026-05-04 17:27:00+00:00,7,2,611.402256,0.0046,target
META,2026-05-04,2026-05-04 17:49:00+00:00,6,2,612.5524859999999,0.0046,target
META,2026-05-04,2026-05-04 18:09:00+00:00,6,2,613.377651,-0.0029000000000000002,stop
META,2026-05-04,2026-05-04 19:29:00+00:00,6,2,612.297435,-0.0029000000000000002,stop
META,2026-05-04,2026-05-04 19:49:00+00:00,6,2,612.1624079999999,-0.0029000000000000002,stop
META,2026-05-04,2026-05-04 20:36:00+00:00,6,2,610.07199,0.0046,target
META,2026-05-05,2026-05-05 12:09:00+00:00,7,2,613.442664,0.0046,target
META,2026-05-05,2026-05-05 12:30:00+00:00,6,2,613.32264,0.0046,target
META,2026-05-05,2026-05-05 13:00:00+00:00,6,2,613.5226799999999,0.0046,target
META,2026-05-05,2026-05-05 13:24:00+00:00,7,2,614.282832,-0.0029000000000000002,stop
META,2026-05-05,2026-05-05 17:31:00+00:00,6,2,602.850546,0.0046,target
META,2026-05-05,2026-05-05 17:51:00+00:00,6,2,604.185813,0.0046,target
META,2026-05-05,2026-05-05 18:19:00+00:00,7,2,605.075991,-0.0029000000000000002,stop
META,2026-05-05,2026-05-05 19:24:00+00:00,7,2,604.600896,0.0046,target
META,2026-05-05,2026-05-05 19:45:00+00:00,6,2,605.82114,-0.0029000000000000002,stop
META,2026-05-06,2026-05-06 09:33:00+00:00,8,2,603.4406640000001,0.0046,target
META,2026-05-06,2026-05-06 09:55:00+00:00,6,2,605.8811519999999,0.0046,target
META,2026-05-06,2026-05-06 10:18:00+00:00,7,2,608.1216,0.0046,target
META,2026-05-06,2026-05-06 10:39:00+00:00,6,2,608.82174,-0.0029000000000000002,stop
META,2026-05-06,2026-05-06 11:01:00+00:00,7,2,608.331642,-0.0029000000000000002,stop
META,2026-05-06,2026-05-06 11:23:00+00:00,7,2,609.301836,-0.0029000000000000002,stop
META,2026-05-06,2026-05-06 12:00:00+00:00,6,2,606.07119,0.0046,target
META,2026-05-06,2026-05-06 14:06:00+00:00,7,2,608.42166,0.0046,target
META,2026-05-06,2026-05-06 14:27:00+00:00,6,2,616.97337,-0.0029000000000000002,stop
META,2026-05-06,2026-05-06 14:48:00+00:00,6,2,617.3034359999999,-0.0029000000000000002,stop
META,2026-05-06,2026-05-06 15:14:00+00:00,6,2,613.492674,0.0046,target
META,2026-05-06,2026-05-06 15:35:00+00:00,6,2,613.632702,-0.0029000000000000002,stop
META,2026-05-06,2026-05-06 16:17:00+00:00,6,2,613.02258,-0.0029000000000000002,stop
META,2026-05-06,2026-05-06 16:59:00+00:00,6,2,611.732322,0.0046,target
META,2026-05-06,2026-05-06 17:19:00+00:00,6,2,613.37265,-0.0029000000000000002,stop
META,2026-05-06,2026-05-06 17:56:00+00:00,8,2,612.912558,0.0046,target
META,2026-05-06,2026-05-06 18:17:00+00:00,6,2,614.032782,0.0046,target
META,2026-05-06,2026-05-06 18:40:00+00:00,6,2,614.6529059999999,0.0046,target
META,2026-05-06,2026-05-06 19:06:00+00:00,6,2,614.112798,-0.0029000000000000002,stop
META,2026-05-06,2026-05-06 19:36:00+00:00,6,2,612.4624680000001,-0.0029000000000000002,stop
META,2026-05-06,2026-05-06 19:59:00+00:00,6,2,613.142604,-0.0029000000000000002,stop
META,2026-05-06,2026-05-06 21:13:00+00:00,7,2,612.732522,0.0046,target
META,2026-05-06,2026-05-06 22:21:00+00:00,6,2,612.82254,0.0046,target
META,2026-05-07,2026-05-07 11:23:00+00:00,7,2,613.37265,0.0046,target
META,2026-05-07,2026-05-07 11:45:00+00:00,6,2,613.652706,0.0046,target
META,2026-05-07,2026-05-07 12:11:00+00:00,6,2,615.493074,0.0046,target
META,2026-05-07,2026-05-07 12:38:00+00:00,6,2,615.9231599999999,0.0046,target
META,2026-05-07,2026-05-07 13:03:00+00:00,6,2,616.9233599999999,-0.0029000000000000002,stop
META,2026-05-07,2026-05-07 13:26:00+00:00,7,2,617.5434839999999,-0.0029000000000000002,stop
META,2026-05-07,2026-05-07 13:48:00+00:00,7,2,620.6691089999999,0.0046,target
META,2026-05-07,2026-05-07 14:13:00+00:00,6,2,622.749525,-0.0029000000000000002,stop
META,2026-05-07,2026-05-07 14:48:00+00:00,7,2,622.6745099999999,0.0046,target
META,2026-05-07,2026-05-07 15:11:00+00:00,6,2,622.6795109999999,-0.0029000000000000002,stop
META,2026-05-07,2026-05-07 15:31:00+00:00,6,2,621.77803074,0.0046,target
META,2026-05-07,2026-05-07 15:54:00+00:00,6,2,622.9920735,-0.0029000000000000002,stop
META,2026-05-07,2026-05-07 18:18:00+00:00,6,2,616.4642682,0.0046,target
META,2026-05-07,2026-05-07 22:22:00+00:00,6,2,615.453066,0.0046,target
META,2026-05-08,2026-05-08 11:06:00+00:00,7,2,619.1838119999999,0.0046,target
META,2026-05-08,2026-05-08 11:34:00+00:00,7,2,619.40765676,0.0046,target
META,2026-05-08,2026-05-08 11:59:00+00:00,7,2,619.413858,0.0046,target
META,2026-05-08,2026-05-08 14:18:00+00:00,6,2,615.858147,-0.0029000000000000002,stop
META,2026-05-08,2026-05-08 16:15:00+00:00,6,2,610.0519859999999,-0.0029000000000000002,stop
META,2026-05-08,2026-05-08 17:12:00+00:00,6,2,609.331842,0.0046,target
META,2026-05-08,2026-05-08 18:01:00+00:00,6,2,610.857147,0.0046,target
META,2026-05-08,2026-05-08 19:32:00+00:00,6,2,610.67211,-0.0029000000000000002,stop
META,2026-05-11,2026-05-11 12:36:00+00:00,6,2,605.931162,-0.0029000000000000002,stop
META,2026-05-11,2026-05-11 14:07:00+00:00,6,2,602.600496,0.0046,target
META,2026-05-11,2026-05-11 14:30:00+00:00,6,2,602.725521,-0.0029000000000000002,stop
META,2026-05-11,2026-05-11 15:32:00+00:00,6,2,602.5704900000001,0.0046,target
META,2026-05-11,2026-05-11 15:52:00+00:00,6,2,603.280632,0.0046,target
META,2026-05-11,2026-05-11 16:12:00+00:00,6,2,602.790534,0.0046,target
META,2026-05-11,2026-05-11 16:36:00+00:00,6,2,603.5976953999999,-0.0029000000000000002,stop
META,2026-05-11,2026-05-11 16:57:00+00:00,6,2,602.5054769999999,-0.0029000000000000002,stop
META,2026-05-11,2026-05-11 17:51:00+00:00,6,2,602.790534,-0.0029000000000000002,stop
META,2026-05-12,2026-05-12 13:12:00+00:00,8,2,597.1093979999999,-0.0029000000000000002,stop
META,2026-05-12,2026-05-12 13:45:00+00:00,7,2,598.529682,-0.0029000000000000002,stop
META,2026-05-12,2026-05-12 14:22:00+00:00,6,2,602.0203799999999,0.0046,target
META,2026-05-12,2026-05-12 14:58:00+00:00,6,2,600.710118,0.0046,target
META,2026-05-12,2026-05-12 15:30:00+00:00,6,2,601.950366,-0.0029000000000000002,stop
META,2026-05-12,2026-05-12 15:51:00+00:00,7,2,600.740124,0.0046,target
META,2026-05-12,2026-05-12 16:39:00+00:00,6,2,601.250226,-0.0029000000000000002,stop
META,2026-05-12,2026-05-12 17:41:00+00:00,8,2,599.8529465999999,0.0046,target
META,2026-05-12,2026-05-12 18:01:00+00:00,6,2,600.530082,0.0046,target
META,2026-05-12,2026-05-12 18:21:00+00:00,6,2,599.6099980199999,0.0046,target
META,2026-05-12,2026-05-12 19:18:00+00:00,6,2,600.5600880000001,0.0046,target
META,2026-05-12,2026-05-12 19:38:00+00:00,6,2,602.250426,0.0046,target
META,2026-05-12,2026-05-12 19:58:00+00:00,6,2,603.1806119999999,-0.0029000000000000002,stop
META,2026-05-12,2026-05-12 20:19:00+00:00,6,2,602.460468,0.0046,target
META,2026-05-12,2026-05-12 21:08:00+00:00,6,2,602.2704299999999,0.0046,target
META,2026-05-12,2026-05-12 22:20:00+00:00,6,2,602.52048,0.0046,target
META,2026-05-13,2026-05-13 13:34:00+00:00,6,2,600.150006,-0.0029000000000000002,stop
META,2026-05-13,2026-05-13 13:56:00+00:00,7,2,603.31573902,0.0046,target
META,2026-05-13,2026-05-13 14:20:00+00:00,6,2,606.476271,-0.0029000000000000002,stop
META,2026-05-13,2026-05-13 14:49:00+00:00,6,2,605.27103,-0.0029000000000000002,stop
META,2026-05-13,2026-05-13 15:22:00+00:00,6,2,605.015979,0.0046,target
META,2026-05-13,2026-05-13 15:43:00+00:00,6,2,607.73832336,0.0046,target
META,2026-05-13,2026-05-13 16:03:00+00:00,6,2,609.091794,0.0046,target
META,2026-05-13,2026-05-13 16:23:00+00:00,7,2,610.1340024,0.0046,target
META,2026-05-13,2026-05-13 16:44:00+00:00,7,2,612.52248,0.0046,target
META,2026-05-13,2026-05-13 17:04:00+00:00,6,2,615.893154,0.0046,target
META,2026-05-13,2026-05-13 17:24:00+00:00,6,2,615.0429839999999,0.0046,target
META,2026-05-13,2026-05-13 17:47:00+00:00,6,2,615.853146,0.0046,target
META,2026-05-13,2026-05-13 18:08:00+00:00,7,2,616.498275,0.0046,target
META,2026-05-13,2026-05-13 18:31:00+00:00,7,2,617.57349,0.0046,target
META,2026-05-13,2026-05-13 18:54:00+00:00,6,2,617.8485450000001,0.0046,target
META,2026-05-13,2026-05-13 19:20:00+00:00,7,2,618.333642,-0.0029000000000000002,stop
META,2026-05-13,2026-05-13 19:45:00+00:00,6,2,617.098395,-0.0029000000000000002,stop
META,2026-05-13,2026-05-13 22:36:00+00:00,6,2,615.5405835,0.0046,target
META,2026-05-13,2026-05-13 23:13:00+00:00,6,2,616.393254,0.0046,target
META,2026-05-14,2026-05-14 11:03:00+00:00,6,2,617.383452,0.0046,target
META,2026-05-14,2026-05-14 11:26:00+00:00,6,2,617.643504,0.0046,target
META,2026-05-14,2026-05-14 11:56:00+00:00,6,2,618.0135779999999,0.0046,target
META,2026-05-14,2026-05-14 13:35:00+00:00,6,2,618.6237,-0.0029000000000000002,stop
META,2026-05-14,2026-05-14 13:56:00+00:00,6,2,617.363448,0.0046,target
META,2026-05-14,2026-05-14 14:16:00+00:00,6,2,620.854146,-0.0029000000000000002,stop
META,2026-05-14,2026-05-14 14:46:00+00:00,7,2,621.1742099999999,0.0046,target
META,2026-05-14,2026-05-14 15:06:00+00:00,6,2,621.7043160000001,0.0046,target
META,2026-05-14,2026-05-14 15:32:00+00:00,6,2,621.999375,0.0046,target
META,2026-05-14,2026-05-14 16:01:00+00:00,6,2,622.444464,-0.0029000000000000002,stop
META,2026-05-14,2026-05-14 16:26:00+00:00,6,2,621.929361,-0.0029000000000000002,stop
META,2026-05-15,2026-05-15 11:31:00+00:00,6,2,610.02198,0.0046,target
META,2026-05-15,2026-05-15 11:54:00+00:00,7,2,610.122,-0.0029000000000000002,stop
META,2026-05-15,2026-05-15 13:21:00+00:00,6,2,609.4218599999999,0.0046,target
META,2026-05-15,2026-05-15 14:09:00+00:00,7,2,613.092594,0.0046,target
META,2026-05-15,2026-05-15 14:29:00+00:00,6,2,612.47247,0.0046,target
META,2026-05-15,2026-05-15 14:49:00+00:00,6,2,614.0807916,0.0046,target
META,2026-05-15,2026-05-15 15:09:00+00:00,6,2,614.32284,0.0046,target
META,2026-05-15,2026-05-15 15:30:00+00:00,6,2,615.1930140000001,-0.0029000000000000002,stop
META,2026-05-15,2026-05-15 16:09:00+00:00,6,2,614.4728700000001,0.0046,target
META,2026-05-15,2026-05-15 16:30:00+00:00,6,2,615.518079,0.0046,target
META,2026-05-15,2026-05-15 16:57:00+00:00,6,2,615.443064,0.0046,target
META,2026-05-15,2026-05-15 17:18:00+00:00,6,2,617.0533859999999,0.0046,target
META,2026-05-15,2026-05-15 17:39:00+00:00,6,2,619.2138180000001,0.0046,target
META,2026-05-15,2026-05-15 17:59:00+00:00,6,2,619.963968,0.0046,target
META,2026-05-15,2026-05-15 18:22:00+00:00,7,2,619.948965,-0.0029000000000000002,stop
META,2026-05-15,2026-05-15 18:55:00+00:00,6,2,617.653506,-0.0029000000000000002,stop
META,2026-05-15,2026-05-15 19:47:00+00:00,6,2,615.2880329999999,-0.0029000000000000002,stop
META,2026-05-18,2026-05-18 11:48:00+00:00,6,2,609.6219,-0.0029000000000000002,stop
META,2026-05-18,2026-05-18 12:39:00+00:00,7,2,610.02198,0.0046,target
META,2026-05-18,2026-05-18 13:00:00+00:00,7,2,610.72212,-0.0029000000000000002,stop
META,2026-05-18,2026-05-18 13:48:00+00:00,6,2,609.451866,-0.0029000000000000002,stop
META,2026-05-18,2026-05-18 14:13:00+00:00,6,2,610.182012,-0.0029000000000000002,stop
META,2026-05-18,2026-05-18 14:33:00+00:00,6,2,608.961768,-0.0029000000000000002,stop
META,2026-05-18,2026-05-18 14:55:00+00:00,6,2,609.606897,-0.0029000000000000002,stop
META,2026-05-18,2026-05-18 15:38:00+00:00,6,2,609.2718299999999,-0.0029000000000000002,stop
META,2026-05-18,2026-05-18 16:15:00+00:00,7,2,609.36574878,-0.0029000000000000002,stop
META,2026-05-18,2026-05-18 16:37:00+00:00,7,2,609.6219,-0.0029000000000000002,stop
META,2026-05-18,2026-05-18 17:02:00+00:00,6,2,609.72192,0.0046,target
META,2026-05-18,2026-05-18 17:23:00+00:00,7,2,612.47247,0.0046,target
META,2026-05-18,2026-05-18 17:48:00+00:00,6,2,613.952766,-0.0029000000000000002,stop
META,2026-05-18,2026-05-18 19:06:00+00:00,6,2,612.112398,-0.0029000000000000002,stop
META,2026-05-18,2026-05-18 19:29:00+00:00,6,2,611.68241202,-0.0029000000000000002,stop
META,2026-05-18,2026-05-18 19:49:00+00:00,6,2,611.87235,-0.0029000000000000002,stop
META,2026-05-18,2026-05-18 22:22:00+00:00,6,2,611.1222,0.0046,target
META,2026-05-19,2026-05-19 12:37:00+00:00,8,2,610.101996,-0.0029000000000000002,stop
META,2026-05-19,2026-05-19 13:55:00+00:00,7,2,611.37225,-0.0029000000000000002,stop
META,2026-05-19,2026-05-19 14:16:00+00:00,6,2,610.47207,-0.0029000000000000002,stop
META,2026-05-19,2026-05-19 19:53:00+00:00,6,2,602.82054,0.0046,target
META,2026-05-20,2026-05-20 11:07:00+00:00,6,2,604.02078,0.0046,target
META,2026-05-20,2026-05-20 12:15:00+00:00,6,2,604.22082,0.0046,target
META,2026-05-20,2026-05-20 14:20:00+00:00,6,2,602.5414842,-0.0029000000000000002,stop
META,2026-05-20,2026-05-20 14:50:00+00:00,7,2,603.05988786,0.0046,target
META,2026-05-20,2026-05-20 15:10:00+00:00,7,2,605.000976,0.0046,target
META,2026-05-20,2026-05-20 15:31:00+00:00,6,2,606.46996974,0.0046,target
META,2026-05-20,2026-05-20 15:53:00+00:00,6,2,606.651306,-0.0029000000000000002,stop
META,2026-05-20,2026-05-20 17:18:00+00:00,6,2,605.02098,0.0046,target
META,2026-05-20,2026-05-20 17:40:00+00:00,7,2,605.611098,0.0046,target
META,2026-05-20,2026-05-20 18:06:00+00:00,6,2,604.940964,0.0046,target
META,2026-05-20,2026-05-20 18:36:00+00:00,6,2,606.02118,-0.0029000000000000002,stop
META,2026-05-20,2026-05-20 18:58:00+00:00,6,2,605.911158,-0.0029000000000000002,stop
META,2026-05-20,2026-05-20 19:40:00+00:00,6,2,603.840744,0.0046,target
META,2026-05-20,2026-05-20 20:01:00+00:00,6,2,604.5208799999999,0.0046,target
META,2026-05-20,2026-05-20 20:30:00+00:00,6,2,605.030982,0.0046,target
META,2026-05-21,2026-05-21 12:06:00+00:00,6,2,602.630502,0.0046,target
META,2026-05-21,2026-05-21 13:17:00+00:00,8,2,603.07059,-0.0029000000000000002,stop
META,2026-05-21,2026-05-21 15:02:00+00:00,8,2,600.12180036,0.0046,target
META,2026-05-21,2026-05-21 15:26:00+00:00,6,2,601.06488894,0.0046,target
META,2026-05-21,2026-05-21 15:52:00+00:00,7,2,603.51077802,-0.0029000000000000002,stop
META,2026-05-21,2026-05-21 16:14:00+00:00,7,2,601.760328,0.0046,target
META,2026-05-21,2026-05-21 17:00:00+00:00,6,2,602.010378,0.0046,target
META,2026-05-21,2026-05-21 17:20:00+00:00,7,2,606.6213,0.0046,target
META,2026-05-21,2026-05-21 17:45:00+00:00,7,2,608.501676,0.0046,target
META,2026-05-21,2026-05-21 18:25:00+00:00,6,2,608.92176,-0.0029000000000000002,stop
META,2026-05-21,2026-05-21 18:46:00+00:00,6,2,608.5316819999999,-0.0029000000000000002,stop
META,2026-05-21,2026-05-21 19:13:00+00:00,6,2,606.946365,0.0046,target
META,2026-05-21,2026-05-21 19:40:00+00:00,6,2,607.32144,-0.0029000000000000002,stop
META,2026-05-21,2026-05-21 20:03:00+00:00,6,2,607.52148,-0.0029000000000000002,stop
META,2026-05-21,2026-05-21 22:04:00+00:00,6,2,607.631502,0.0046,target
META,2026-05-21,2026-05-21 23:09:00+00:00,6,2,608.6016960000001,0.0046,target
META,2026-05-22,2026-05-22 12:13:00+00:00,7,2,607.201416,0.0046,target
META,2026-05-22,2026-05-22 12:50:00+00:00,6,2,607.87155,0.0046,target
META,2026-05-22,2026-05-22 13:17:00+00:00,6,2,609.241824,-0.0029000000000000002,stop
META,2026-05-22,2026-05-22 13:38:00+00:00,7,2,613.9635681599999,-0.0029000000000000002,stop
META,2026-05-22,2026-05-22 14:56:00+00:00,6,2,610.3820519999999,0.0046,target
META,2026-05-22,2026-05-22 15:16:00+00:00,7,2,611.5622880000001,-0.0029000000000000002,stop
META,2026-05-22,2026-05-22 17:46:00+00:00,7,2,610.22202,-0.0029000000000000002,stop
META,2026-05-22,2026-05-22 18:29:00+00:00,6,2,610.727121,0.0046,target
META,2026-05-22,2026-05-22 19:02:00+00:00,6,2,610.412058,-0.0029000000000000002,stop
META,2026-05-22,2026-05-22 19:45:00+00:00,6,2,610.502076,0.0046,target
META,2026-05-22,2026-05-22 21:16:00+00:00,7,2,609.96086778,0.0046,target
META,2026-05-26,2026-05-26 10:34:00+00:00,6,2,611.782332,-0.0029000000000000002,stop
META,2026-05-26,2026-05-26 11:22:00+00:00,6,2,611.152206,0.0046,target
META,2026-05-26,2026-05-26 12:06:00+00:00,6,2,611.2622279999999,-0.0029000000000000002,stop
META,2026-05-26,2026-05-26 13:34:00+00:00,6,2,611.9123579999999,-0.0029000000000000002,stop
META,2026-05-26,2026-05-26 14:08:00+00:00,6,2,610.347045,-0.0029000000000000002,stop
META,2026-05-26,2026-05-26 16:17:00+00:00,6,2,609.441864,0.0046,target
META,2026-05-26,2026-05-26 16:40:00+00:00,7,2,610.732122,0.0046,target
META,2026-05-26,2026-05-26 17:01:00+00:00,6,2,610.292034,-0.0029000000000000002,stop
META,2026-05-26,2026-05-26 17:25:00+00:00,6,2,609.636903,0.0046,target
META,2026-05-26,2026-05-26 18:09:00+00:00,6,2,609.731922,0.0046,target
META,2026-05-26,2026-05-26 18:30:00+00:00,7,2,610.242024,0.0046,target
META,2026-05-26,2026-05-26 18:50:00+00:00,6,2,610.332042,0.0046,target
META,2026-05-26,2026-05-26 19:41:00+00:00,6,2,609.876951,0.0046,target
META,2026-05-26,2026-05-26 20:03:00+00:00,6,2,611.6223,-0.0029000000000000002,stop
META,2026-05-26,2026-05-26 20:34:00+00:00,6,2,610.82214,0.0046,target
META,2026-05-26,2026-05-26 21:12:00+00:00,6,2,610.65920742,0.0046,target
META,2026-05-27,2026-05-27 12:26:00+00:00,6,2,609.1218,0.0046,target
META,2026-05-27,2026-05-27 13:31:00+00:00,8,2,612.247425,-0.0029000000000000002,stop
META,2026-05-27,2026-05-27 13:52:00+00:00,6,2,611.1822119999999,-0.0029000000000000002,stop
META,2026-05-27,2026-05-27 14:12:00+00:00,7,2,612.20761704,0.0046,target
META,2026-05-27,2026-05-27 14:32:00+00:00,7,2,616.443264,-0.0029000000000000002,stop
META,2026-05-27,2026-05-27 15:14:00+00:00,6,2,613.7727299999999,0.0046,target
META,2026-05-27,2026-05-27 15:44:00+00:00,6,2,613.2726299999999,-0.0029000000000000002,stop
META,2026-05-27,2026-05-27 16:37:00+00:00,8,2,613.862748,-0.0029000000000000002,stop
META,2026-05-27,2026-05-27 18:02:00+00:00,6,2,613.712718,0.0046,target
META,2026-05-27,2026-05-27 18:25:00+00:00,8,2,627.010377,0.0046,target
META,2026-05-27,2026-05-27 18:45:00+00:00,7,2,629.355846,-0.0029000000000000002,stop
META,2026-05-27,2026-05-27 19:05:00+00:00,8,2,635.317038,0.0046,target
META,2026-05-27,2026-05-27 19:28:00+00:00,6,2,631.7863319999999,0.0046,target
META,2026-05-27,2026-05-27 19:48:00+00:00,6,2,635.8796505,-0.0029000000000000002,stop
META,2026-05-27,2026-05-27 20:15:00+00:00,6,2,635.87715,0.0046,target
META,2026-05-27,2026-05-27 20:41:00+00:00,6,2,637.3449435,-0.0029000000000000002,stop
META,2026-05-27,2026-05-27 21:02:00+00:00,7,2,636.9273599999999,-0.0029000000000000002,stop
META,2026-05-27,2026-05-27 22:21:00+00:00,6,2,633.92676,-0.0029000000000000002,stop
META,2026-05-27,2026-05-27 22:41:00+00:00,6,2,633.346644,-0.0029000000000000002,stop
META,2026-05-27,2026-05-27 23:18:00+00:00,6,2,632.6265,-0.0029000000000000002,stop
META,2026-05-28,2026-05-28 09:59:00+00:00,6,2,637.6274999999999,-0.0029000000000000002,stop
META,2026-05-28,2026-05-28 10:32:00+00:00,6,2,635.1470039999999,-0.0029000000000000002,stop
META,2026-05-28,2026-05-28 11:21:00+00:00,6,2,635.257026,0.0046,target
META,2026-05-28,2026-05-28 11:42:00+00:00,7,2,636.72732,-0.0029000000000000002,stop
META,2026-05-28,2026-05-28 12:07:00+00:00,6,2,636.557286,0.0046,target
META,2026-05-28,2026-05-28 12:27:00+00:00,7,2,639.6279,0.0046,target
META,2026-05-28,2026-05-28 12:49:00+00:00,7,2,641.97837,-0.0029000000000000002,stop
META,2026-05-28,2026-05-28 13:14:00+00:00,6,2,642.02838,-0.0029000000000000002,stop
META,2026-05-28,2026-05-28 13:58:00+00:00,6,2,638.3246394,0.0046,target
META,2026-05-28,2026-05-28 14:34:00+00:00,7,2,639.262827,-0.0029000000000000002,stop
META,2026-05-28,2026-05-28 19:35:00+00:00,6,2,634.9369619999999,-0.0029000000000000002,stop
META,2026-05-28,2026-05-28 19:58:00+00:00,8,2,635.5570859999999,0.0046,target
META,2026-05-28,2026-05-28 20:20:00+00:00,7,2,635.2070160000001,0.0046,target
META,2026-05-28,2026-05-28 20:45:00+00:00,7,2,634.48147092,-0.0029000000000000002,stop
META,2026-05-29,2026-05-29 11:54:00+00:00,6,2,631.71501774,0.0046,target
META,2026-05-29,2026-05-29 12:29:00+00:00,7,2,633.016578,-0.0029000000000000002,stop
META,2026-05-29,2026-05-29 13:05:00+00:00,6,2,632.35564584,-0.0029000000000000002,stop
META,2026-05-29,2026-05-29 13:29:00+00:00,6,2,633.2866319999999,-0.0029000000000000002,stop
META,2026-05-29,2026-05-29 15:16:00+00:00,8,2,628.605696,-0.0029000000000000002,stop
META,2026-05-29,2026-05-29 15:43:00+00:00,6,2,628.015578,0.0046,target
META,2026-05-29,2026-05-29 16:03:00+00:00,6,2,628.4056559999999,-0.0029000000000000002,stop
META,2026-05-29,2026-05-29 17:51:00+00:00,6,2,626.965368,0.0046,target
META,2026-05-29,2026-05-29 18:25:00+00:00,7,2,627.655506,-0.0029000000000000002,stop
META,2026-05-29,2026-05-29 19:06:00+00:00,6,2,627.240423,0.0046,target
META,2026-05-29,2026-05-29 19:27:00+00:00,6,2,629.495874,0.0046,target
META,2026-05-29,2026-05-29 19:49:00+00:00,6,2,629.7659279999999,0.0046,target
META,2026-05-29,2026-05-29 20:11:00+00:00,6,2,632.106396,0.0046,target
META,2026-05-29,2026-05-29 20:36:00+00:00,6,2,632.27643,0.0046,target
META,2026-05-29,2026-05-29 21:06:00+00:00,6,2,632.22642,0.0046,target
META,2026-05-29,2026-05-29 21:50:00+00:00,6,2,632.37584988,0.0046,target
META,2026-05-29,2026-05-29 22:28:00+00:00,6,2,631.83624198,0.0046,target
META,2026-05-29,2026-05-29 23:14:00+00:00,6,2,632.536482,0.0046,target
META,2026-06-01,2026-06-01 11:06:00+00:00,7,2,633.97677,0.0046,target
META,2026-06-01,2026-06-01 11:29:00+00:00,8,2,634.9069559999999,0.0046,target
META,2026-06-01,2026-06-01 11:49:00+00:00,8,2,636.77733,-0.0029000000000000002,stop
META,2026-06-01,2026-06-01 12:09:00+00:00,6,2,636.5352816,-0.0029000000000000002,stop
META,2026-06-01,2026-06-01 16:01:00+00:00,7,2,616.783332,-0.0029000000000000002,stop
META,2026-06-01,2026-06-01 23:22:00+00:00,6,2,600.17671134,0.0046,target
META,2026-06-02,2026-06-02 09:36:00+00:00,6,2,607.0713900000001,-0.0029000000000000002,stop
META,2026-06-02,2026-06-02 09:57:00+00:00,6,2,606.69651504,-0.0029000000000000002,stop
META,2026-06-02,2026-06-02 10:51:00+00:00,6,2,605.6211,-0.0029000000000000002,stop
META,2026-06-02,2026-06-02 12:05:00+00:00,7,2,605.64400458,-0.0029000000000000002,stop
META,2026-06-02,2026-06-02 13:55:00+00:00,6,2,604.1132984999999,-0.0029000000000000002,stop
META,2026-06-02,2026-06-02 14:23:00+00:00,6,2,603.050586,0.0046,target
META,2026-06-02,2026-06-02 14:47:00+00:00,6,2,604.880952,0.0046,target
META,2026-06-02,2026-06-02 15:10:00+00:00,6,2,608.251626,-0.0029000000000000002,stop
META,2026-06-02,2026-06-02 15:38:00+00:00,6,2,607.0163789999999,-0.0029000000000000002,stop
META,2026-06-02,2026-06-02 15:59:00+00:00,6,2,607.2414239999999,-0.0029000000000000002,stop
META,2026-06-02,2026-06-02 16:19:00+00:00,6,2,607.086393,0.0046,target
META,2026-06-02,2026-06-02 16:42:00+00:00,7,2,608.091594,-0.0029000000000000002,stop
META,2026-06-02,2026-06-02 17:09:00+00:00,6,2,606.431262,-0.0029000000000000002,stop
META,2026-06-02,2026-06-02 17:36:00+00:00,6,2,605.191014,0.0046,target
META,2026-06-02,2026-06-02 17:57:00+00:00,6,2,606.146205,0.0046,target
META,2026-06-02,2026-06-02 20:37:00+00:00,6,2,601.6203,0.0046,target
META,2026-06-02,2026-06-02 21:00:00+00:00,6,2,601.52028,0.0046,target
META,2026-06-03,2026-06-03 10:38:00+00:00,6,2,600.15480696,0.0046,target
META,2026-06-03,2026-06-03 11:12:00+00:00,6,2,600.14760552,0.0046,target
META,2026-06-03,2026-06-03 11:33:00+00:00,6,2,602.100396,-0.0029000000000000002,stop
META,2026-06-03,2026-06-03 11:55:00+00:00,6,2,602.8105380000001,-0.0029000000000000002,stop
META,2026-06-03,2026-06-03 12:21:00+00:00,7,2,601.610298,0.0046,target
META,2026-06-03,2026-06-03 13:01:00+00:00,6,2,601.87035,-0.0029000000000000002,stop
META,2026-06-03,2026-06-03 13:21:00+00:00,7,2,603.1706099999999,-0.0029000000000000002,stop
META,2026-06-03,2026-06-03 13:41:00+00:00,7,2,610.40195598,-0.0029000000000000002,stop
META,2026-06-03,2026-06-03 14:02:00+00:00,8,2,614.482872,0.0046,target
META,2026-06-03,2026-06-03 14:24:00+00:00,7,2,617.7935339999999,-0.0029000000000000002,stop
META,2026-06-03,2026-06-03 14:44:00+00:00,7,2,618.983772,-0.0029000000000000002,stop
META,2026-06-03,2026-06-03 15:08:00+00:00,7,2,616.52328,-0.0029000000000000002,stop
META,2026-06-03,2026-06-03 15:36:00+00:00,6,2,614.95306602,-0.0029000000000000002,stop
META,2026-06-03,2026-06-03 16:01:00+00:00,6,2,613.437663,-0.0029000000000000002,stop
META,2026-06-03,2026-06-03 16:46:00+00:00,8,2,615.8031359999999,0.0046,target
META,2026-06-03,2026-06-03 17:06:00+00:00,6,2,617.583492,-0.0029000000000000002,stop
META,2026-06-03,2026-06-03 17:30:00+00:00,6,2,617.943564,0.0046,target
META,2026-06-03,2026-06-03 17:50:00+00:00,6,2,620.5240799999999,0.0046,target
META,2026-06-03,2026-06-03 18:18:00+00:00,6,2,621.994374,0.0046,target
META,2026-06-03,2026-06-03 18:38:00+00:00,6,2,623.204616,-0.0029000000000000002,stop
META,2026-06-03,2026-06-03 19:05:00+00:00,6,2,621.094194,0.0046,target
META,2026-06-03,2026-06-03 19:44:00+00:00,7,2,622.5624875999999,-0.0029000000000000002,stop
META,2026-06-03,2026-06-03 20:28:00+00:00,6,2,621.134202,-0.0029000000000000002,stop
META,2026-06-03,2026-06-03 22:02:00+00:00,6,2,619.513878,0.0046,target
META,2026-06-03,2026-06-03 22:41:00+00:00,6,2,619.52388,0.0046,target
META,2026-06-04,2026-06-04 11:16:00+00:00,6,2,618.143604,0.0046,target
META,2026-06-04,2026-06-04 11:54:00+00:00,6,2,618.1236,0.0046,target
META,2026-06-04,2026-06-04 12:24:00+00:00,8,2,618.72041934,0.0046,target
META,2026-06-04,2026-06-04 12:48:00+00:00,7,2,619.5538859999999,0.0046,target
META,2026-06-04,2026-06-04 13:12:00+00:00,6,2,619.8039359999999,0.0046,target
META,2026-06-04,2026-06-04 13:39:00+00:00,6,2,634.3893525000001,-0.0029000000000000002,stop
META,2026-06-04,2026-06-04 14:00:00+00:00,6,2,638.77773,-0.0029000000000000002,stop
META,2026-06-04,2026-06-04 14:21:00+00:00,6,2,637.6425029999999,-0.0029000000000000002,stop
META,2026-06-04,2026-06-04 14:41:00+00:00,6,2,636.107196,0.0046,target
META,2026-06-04,2026-06-04 15:03:00+00:00,8,2,639.517878,0.0046,target
META,2026-06-04,2026-06-04 15:26:00+00:00,6,2,639.142803,-0.0029000000000000002,stop
META,2026-06-04,2026-06-04 16:08:00+00:00,9,2,641.8983539999999,-0.0029000000000000002,stop
META,2026-06-05,2026-06-05 11:13:00+00:00,6,2,624.9249599999999,0.0046,target
META,2026-06-05,2026-06-05 11:48:00+00:00,6,2,625.1750099999999,-0.0029000000000000002,stop
META,2026-06-05,2026-06-05 12:31:00+00:00,6,2,624.1247999999999,-0.0029000000000000002,stop
META,2026-06-05,2026-06-05 13:32:00+00:00,6,2,629.11569798,-0.0029000000000000002,stop
META,2026-06-08,2026-06-08 10:36:00+00:00,7,2,594.46887,-0.0029000000000000002,stop
META,2026-06-08,2026-06-08 11:15:00+00:00,6,2,595.119,0.0046,target
META,2026-06-08,2026-06-08 11:40:00+00:00,6,2,597.0393839999999,-0.0029000000000000002,stop
META,2026-06-08,2026-06-08 12:08:00+00:00,6,2,596.51928,0.0046,target
META,2026-06-08,2026-06-08 12:29:00+00:00,6,2,597.659508,0.0046,target
META,2026-06-08,2026-06-08 13:07:00+00:00,6,2,597.54988608,-0.0029000000000000002,stop
META,2026-06-08,2026-06-08 13:27:00+00:00,6,2,597.0393839999999,-0.0029000000000000002,stop
META,2026-06-08,2026-06-08 14:02:00+00:00,6,2,590.578092,-0.0029000000000000002,stop
META,2026-06-08,2026-06-08 14:42:00+00:00,6,2,588.5176799999999,0.0046,target
META,2026-06-08,2026-06-08 15:07:00+00:00,7,2,590.938164,-0.0029000000000000002,stop
META,2026-06-08,2026-06-08 15:51:00+00:00,6,2,589.137804,-0.0029000000000000002,stop
META,2026-06-08,2026-06-08 16:27:00+00:00,6,2,588.86775,-0.0029000000000000002,stop
META,2026-06-08,2026-06-08 17:35:00+00:00,6,2,588.192615,-0.0029000000000000002,stop
META,2026-06-08,2026-06-08 18:09:00+00:00,6,2,588.147606,0.0046,target
META,2026-06-08,2026-06-08 18:29:00+00:00,7,2,588.592695,0.0046,target
META,2026-06-08,2026-06-08 19:30:00+00:00,6,2,587.927562,-0.0029000000000000002,stop
META,2026-06-08,2026-06-08 19:51:00+00:00,6,2,588.377652,-0.0029000000000000002,stop
META,2026-06-09,2026-06-09 10:39:00+00:00,6,2,595.179012,-0.0029000000000000002,stop
META,2026-06-09,2026-06-09 11:08:00+00:00,6,2,592.42286088,0.0046,target
META,2026-06-09,2026-06-09 11:37:00+00:00,6,2,592.628502,0.0046,target
META,2026-06-09,2026-06-09 12:04:00+00:00,6,2,593.0185799999999,-0.0029000000000000002,stop
META,2026-06-09,2026-06-09 12:40:00+00:00,6,2,592.31844,-0.0029000000000000002,stop
META,2026-06-09,2026-06-09 13:39:00+00:00,6,2,592.733523,0.0046,target
META,2026-06-09,2026-06-09 14:02:00+00:00,7,2,596.81934,-0.0029000000000000002,stop
META,2026-06-09,2026-06-09 14:29:00+00:00,6,2,594.6188999999999,-0.0029000000000000002,stop
META,2026-06-09,2026-06-09 15:11:00+00:00,7,2,594.76903002,-0.0029000000000000002,stop
META,2026-06-09,2026-06-09 18:57:00+00:00,7,2,590.6781119999999,-0.0029000000000000002,stop
META,2026-06-10,2026-06-10 12:32:00+00:00,6,2,580.3960559999999,0.0046,target
META,2026-06-10,2026-06-10 12:58:00+00:00,6,2,583.006578,-0.0029000000000000002,stop
META,2026-06-10,2026-06-10 13:35:00+00:00,6,2,584.9219609999999,0.0046,target
META,2026-06-10,2026-06-10 13:55:00+00:00,6,2,588.6777119999999,-0.0029000000000000002,stop
META,2026-06-11,2026-06-11 15:26:00+00:00,6,2,562.192416,-0.0029000000000000002,stop
META,2026-06-11,2026-06-11 16:11:00+00:00,6,2,563.0275829999999,0.0046,target
META,2026-06-11,2026-06-11 16:35:00+00:00,6,2,564.802938,-0.0029000000000000002,stop
META,2026-06-11,2026-06-11 17:33:00+00:00,7,2,567.7935359999999,-0.0029000000000000002,stop
META,2026-06-11,2026-06-11 17:58:00+00:00,6,2,568.2536279999999,-0.0029000000000000002,stop
META,2026-06-11,2026-06-11 18:22:00+00:00,6,2,567.883554,-0.0029000000000000002,stop
META,2026-06-11,2026-06-11 18:43:00+00:00,6,2,566.933364,0.0046,target
META,2026-06-11,2026-06-11 19:04:00+00:00,6,2,567.623502,0.0046,target
META,2026-06-11,2026-06-11 19:26:00+00:00,6,2,569.3738519999999,-0.0029000000000000002,stop
META,2026-06-11,2026-06-11 19:46:00+00:00,6,2,569.728923,-0.0029000000000000002,stop
META,2026-06-11,2026-06-11 20:18:00+00:00,8,2,569.5353843,0.0046,target
META,2026-06-11,2026-06-11 20:46:00+00:00,8,2,569.943966,0.0046,target
META,2026-06-11,2026-06-11 21:11:00+00:00,7,2,571.86435,0.0046,target
META,2026-06-11,2026-06-11 22:05:00+00:00,7,2,572.21442,0.0046,target
META,2026-06-11,2026-06-11 22:34:00+00:00,6,2,572.6145,0.0046,target
META,2026-06-11,2026-06-11 23:09:00+00:00,6,2,572.5244819999999,0.0046,target
META,2026-06-12,2026-06-12 10:03:00+00:00,6,2,576.6853140000001,-0.0029000000000000002,stop
META,2026-06-12,2026-06-12 10:30:00+00:00,6,2,574.704918,0.0046,target
META,2026-06-12,2026-06-12 11:18:00+00:00,6,2,574.1883147,0.0046,target
META,2026-06-12,2026-06-12 11:48:00+00:00,6,2,575.455068,-0.0029000000000000002,stop
META,2026-06-12,2026-06-12 13:30:00+00:00,6,2,573.024582,-0.0029000000000000002,stop
AVGO,2025-12-12,2025-12-12 17:15:00+00:00,6,2,363.5727,0.0046,target
AVGO,2025-12-12,2025-12-12 18:13:00+00:00,7,2,365.343054,-0.0029000000000000002,stop
AVGO,2025-12-15,2025-12-15 10:24:00+00:00,6,2,362.582502,0.0046,target
AVGO,2025-12-15,2025-12-15 10:49:00+00:00,6,2,362.54249400000003,0.0046,target
AVGO,2025-12-15,2025-12-15 11:13:00+00:00,6,2,362.612508,0.0046,target
AVGO,2025-12-15,2025-12-15 11:34:00+00:00,7,2,362.802546,-0.0029000000000000002,stop
AVGO,2025-12-15,2025-12-15 11:58:00+00:00,6,2,363.012588,-0.0029000000000000002,stop
AVGO,2025-12-15,2025-12-15 12:44:00+00:00,6,2,362.0724,-0.0029000000000000002,stop
AVGO,2025-12-15,2025-12-15 13:08:00+00:00,8,2,362.692524,-0.0029000000000000002,stop
AVGO,2025-12-15,2025-12-15 14:29:00+00:00,6,2,361.952376,-0.0029000000000000002,stop
AVGO,2025-12-16,2025-12-16 10:11:00+00:00,6,2,338.057598,0.0046,target
AVGO,2025-12-16,2025-12-16 10:39:00+00:00,6,2,338.827752,0.0046,target
AVGO,2025-12-16,2025-12-16 11:01:00+00:00,6,2,339.0678,0.0046,target
AVGO,2025-12-16,2025-12-16 11:45:00+00:00,7,2,340.15801799999997,-0.0029000000000000002,stop
AVGO,2025-12-16,2025-12-16 12:10:00+00:00,7,2,339.26784,-0.0029000000000000002,stop
AVGO,2025-12-16,2025-12-16 12:40:00+00:00,6,2,339.487884,-0.0029000000000000002,stop
AVGO,2025-12-16,2025-12-16 13:23:00+00:00,7,2,338.557698,0.0046,target
AVGO,2025-12-16,2025-12-16 14:31:00+00:00,6,2,338.657718,0.0046,target
AVGO,2025-12-16,2025-12-16 14:51:00+00:00,7,2,343.77874199999997,-0.0029000000000000002,stop
AVGO,2025-12-16,2025-12-16 16:00:00+00:00,6,2,341.38836402000004,-0.0029000000000000002,stop
AVGO,2025-12-16,2025-12-16 16:47:00+00:00,6,2,340.31804999999997,0.0046,target
AVGO,2025-12-16,2025-12-16 18:49:00+00:00,6,2,340.838154,-0.0029000000000000002,stop
AVGO,2025-12-16,2025-12-16 19:15:00+00:00,6,2,340.783143,0.0046,target
AVGO,2025-12-16,2025-12-16 19:36:00+00:00,7,2,341.40826799999996,-0.0029000000000000002,stop
AVGO,2025-12-16,2025-12-16 19:57:00+00:00,6,2,342.95867802000004,0.0046,target
AVGO,2025-12-16,2025-12-16 20:23:00+00:00,6,2,343.993785,-0.0029000000000000002,stop
AVGO,2025-12-16,2025-12-16 20:43:00+00:00,6,2,344.0688,-0.0029000000000000002,stop
AVGO,2025-12-16,2025-12-16 21:53:00+00:00,6,2,341.20822799999996,0.0046,target
AVGO,2025-12-16,2025-12-16 22:19:00+00:00,7,2,341.23193274,0.0046,target
AVGO,2025-12-17,2025-12-17 09:32:00+00:00,6,2,343.11861,0.0046,target
AVGO,2025-12-17,2025-12-17 09:57:00+00:00,6,2,343.808748,-0.0029000000000000002,stop
AVGO,2025-12-17,2025-12-17 10:30:00+00:00,6,2,343.788744,0.0046,target
AVGO,2025-12-17,2025-12-17 10:59:00+00:00,6,2,344.438874,0.0046,target
AVGO,2025-12-17,2025-12-17 11:25:00+00:00,6,2,345.259038,-0.0029000000000000002,stop
AVGO,2025-12-17,2025-12-17 12:05:00+00:00,6,2,344.28884400000004,0.0046,target
AVGO,2025-12-17,2025-12-17 12:47:00+00:00,6,2,344.0688,-0.0029000000000000002,stop
AVGO,2025-12-17,2025-12-17 13:13:00+00:00,6,2,344.648916,-0.0029000000000000002,stop
AVGO,2025-12-17,2025-12-17 13:58:00+00:00,7,2,343.66872,0.0046,target
AVGO,2025-12-17,2025-12-17 14:26:00+00:00,7,2,344.778942,0.0046,target
AVGO,2025-12-17,2025-12-17 19:08:00+00:00,6,2,325.34005499999995,-0.0029000000000000002,stop
AVGO,2025-12-17,2025-12-17 19:54:00+00:00,6,2,325.90196735999996,0.0046,target
AVGO,2025-12-17,2025-12-17 20:28:00+00:00,6,2,328.39066499999996,-0.0029000000000000002,stop
AVGO,2025-12-17,2025-12-17 22:48:00+00:00,6,2,326.77774248,0.0046,target
AVGO,2025-12-18,2025-12-18 09:41:00+00:00,8,2,329.485884,0.0046,target
AVGO,2025-12-18,2025-12-18 10:05:00+00:00,6,2,329.5659,-0.0029000000000000002,stop
AVGO,2025-12-18,2025-12-18 10:42:00+00:00,6,2,329.5659,0.0046,target
AVGO,2025-12-18,2025-12-18 11:10:00+00:00,6,2,330.336054,0.0046,target
AVGO,2025-12-18,2025-12-18 11:39:00+00:00,6,2,330.5661,-0.0029000000000000002,stop
AVGO,2025-12-18,2025-12-18 12:04:00+00:00,7,2,330.16602,0.0046,target
AVGO,2025-12-18,2025-12-18 12:43:00+00:00,6,2,329.905968,-0.0029000000000000002,stop
AVGO,2025-12-18,2025-12-18 13:17:00+00:00,6,2,330.70992875999997,0.0046,target
AVGO,2025-12-18,2025-12-18 13:37:00+00:00,6,2,332.51649,0.0046,target
AVGO,2025-12-18,2025-12-18 13:59:00+00:00,7,2,334.86696,0.0046,target
AVGO,2025-12-18,2025-12-18 14:19:00+00:00,6,2,335.36706,-0.0029000000000000002,stop
AVGO,2025-12-18,2025-12-18 16:31:00+00:00,6,2,327.25723836,0.0046,target
AVGO,2025-12-18,2025-12-18 16:55:00+00:00,7,2,328.84075499999994,-0.0029000000000000002,stop
AVGO,2025-12-18,2025-12-18 17:35:00+00:00,6,2,328.185624,-0.0029000000000000002,stop
AVGO,2025-12-18,2025-12-18 18:03:00+00:00,6,2,329.260839,0.0046,target
AVGO,2025-12-18,2025-12-18 18:32:00+00:00,7,2,330.020991,0.0046,target
AVGO,2025-12-18,2025-12-18 18:52:00+00:00,6,2,330.586104,-0.0029000000000000002,stop
AVGO,2025-12-18,2025-12-18 19:15:00+00:00,6,2,330.03099299999997,-0.0029000000000000002,stop
AVGO,2025-12-18,2025-12-18 20:18:00+00:00,6,2,328.995786,0.0046,target
AVGO,2025-12-18,2025-12-18 20:40:00+00:00,6,2,330.896166,-0.0029000000000000002,stop
AVGO,2025-12-18,2025-12-18 21:01:00+00:00,6,2,330.01599,0.0046,target
AVGO,2025-12-18,2025-12-18 21:30:00+00:00,6,2,329.41587000000004,-0.0029000000000000002,stop
AVGO,2025-12-18,2025-12-18 22:03:00+00:00,6,2,329.455878,0.0046,target
AVGO,2025-12-18,2025-12-18 22:33:00+00:00,6,2,329.96357952,0.0046,target
AVGO,2025-12-18,2025-12-18 22:57:00+00:00,6,2,330.2540376,0.0046,target
AVGO,2025-12-19,2025-12-19 09:59:00+00:00,6,2,334.176822,-0.0029000000000000002,stop
AVGO,2025-12-19,2025-12-19 14:08:00+00:00,7,2,332.26644,-0.0029000000000000002,stop
AVGO,2025-12-19,2025-12-19 14:36:00+00:00,8,2,337.997586,-0.0029000000000000002,stop
AVGO,2025-12-19,2025-12-19 15:00:00+00:00,7,2,339.327852,-0.0029000000000000002,stop
AVGO,2025-12-19,2025-12-19 15:25:00+00:00,6,2,337.727532,-0.0029000000000000002,stop
AVGO,2025-12-19,2025-12-19 17:58:00+00:00,6,2,337.557498,-0.0029000000000000002,stop
AVGO,2025-12-19,2025-12-19 18:20:00+00:00,7,2,337.132413,-0.0029000000000000002,stop
AVGO,2025-12-19,2025-12-19 19:46:00+00:00,7,2,336.542295,-0.0029000000000000002,stop
AVGO,2025-12-19,2025-12-19 20:06:00+00:00,6,2,337.15741799999995,0.0046,target
AVGO,2025-12-19,2025-12-19 20:27:00+00:00,6,2,337.82755199999997,-0.0029000000000000002,stop
AVGO,2025-12-19,2025-12-19 20:51:00+00:00,6,2,340.548096,-0.0029000000000000002,stop
AVGO,2025-12-19,2025-12-19 21:12:00+00:00,7,2,340.5681,0.0046,target
AVGO,2025-12-19,2025-12-19 21:33:00+00:00,6,2,339.987984,0.0046,target
AVGO,2025-12-19,2025-12-19 22:00:00+00:00,6,2,340.498086,0.0046,target
AVGO,2025-12-19,2025-12-19 22:22:00+00:00,6,2,340.548096,0.0046,target
AVGO,2025-12-19,2025-12-19 22:46:00+00:00,6,2,340.45407720000003,0.0046,target
AVGO,2025-12-19,2025-12-19 23:18:00+00:00,7,2,340.5681,0.0046,target
AVGO,2025-12-22,2025-12-22 11:42:00+00:00,6,2,344.16882000000004,-0.0029000000000000002,stop
AVGO,2025-12-22,2025-12-22 12:31:00+00:00,6,2,344.14881599999995,-0.0029000000000000002,stop
AVGO,2025-12-22,2025-12-22 13:00:00+00:00,6,2,344.36886,-0.0029000000000000002,stop
AVGO,2025-12-22,2025-12-22 13:20:00+00:00,7,2,345.069,0.0046,target
AVGO,2025-12-22,2025-12-22 13:40:00+00:00,6,2,344.59080438,0.0046,target
AVGO,2025-12-22,2025-12-22 14:06:00+00:00,6,2,345.42017022,-0.0029000000000000002,stop
AVGO,2025-12-22,2025-12-22 14:26:00+00:00,7,2,346.439274,-0.0029000000000000002,stop
AVGO,2025-12-22,2025-12-22 14:59:00+00:00,6,2,342.47038038,-0.0029000000000000002,stop
AVGO,2025-12-22,2025-12-22 18:00:00+00:00,6,2,341.138214,0.0046,target
AVGO,2025-12-22,2025-12-22 18:21:00+00:00,7,2,341.438274,0.0046,target
AVGO,2025-12-22,2025-12-22 18:42:00+00:00,7,2,341.248236,0.0046,target
AVGO,2025-12-22,2025-12-22 19:03:00+00:00,8,2,341.813349,0.0046,target
AVGO,2025-12-22,2025-12-22 19:24:00+00:00,6,2,343.58870399999995,0.0046,target
AVGO,2025-12-22,2025-12-22 19:50:00+00:00,6,2,343.648716,-0.0029000000000000002,stop
AVGO,2025-12-22,2025-12-22 20:10:00+00:00,6,2,343.678722,-0.0029000000000000002,stop
AVGO,2025-12-22,2025-12-22 22:24:00+00:00,8,2,342.14871606,0.0046,target
AVGO,2025-12-22,2025-12-22 22:51:00+00:00,6,2,342.57850199999996,0.0046,target
AVGO,2025-12-22,2025-12-22 23:18:00+00:00,6,2,342.51849,0.0046,target
AVGO,2025-12-23,2025-12-23 14:29:00+00:00,9,2,341.058198,-0.0029000000000000002,stop
AVGO,2025-12-23,2025-12-23 14:49:00+00:00,6,2,342.278442,-0.0029000000000000002,stop
AVGO,2025-12-23,2025-12-23 15:24:00+00:00,8,2,342.03839400000004,-0.0029000000000000002,stop
AVGO,2025-12-23,2025-12-23 15:44:00+00:00,8,2,342.078402,0.0046,target
AVGO,2025-12-23,2025-12-23 16:09:00+00:00,7,2,344.398866,0.0046,target
AVGO,2025-12-23,2025-12-23 16:31:00+00:00,6,2,345.61971012,0.0046,target
AVGO,2025-12-23,2025-12-23 16:52:00+00:00,6,2,346.774341,0.0046,target
AVGO,2025-12-23,2025-12-23 17:17:00+00:00,6,2,347.40106632,0.0046,target
AVGO,2025-12-23,2025-12-23 17:38:00+00:00,7,2,348.01959,0.0046,target
AVGO,2025-12-23,2025-12-23 17:58:00+00:00,6,2,348.824751,-0.0029000000000000002,stop
AVGO,2025-12-23,2025-12-23 18:36:00+00:00,8,2,349.189824,0.0046,target
AVGO,2025-12-23,2025-12-23 18:56:00+00:00,6,2,349.39006403999997,0.0046,target
AVGO,2025-12-23,2025-12-23 19:16:00+00:00,6,2,349.16982,0.0046,target
AVGO,2025-12-23,2025-12-23 19:36:00+00:00,7,2,349.824951,-0.0029000000000000002,stop
AVGO,2025-12-23,2025-12-23 20:14:00+00:00,6,2,348.389664,0.0046,target
AVGO,2025-12-23,2025-12-23 20:40:00+00:00,6,2,348.704727,0.0046,target
AVGO,2025-12-23,2025-12-23 21:01:00+00:00,6,2,349.279842,0.0046,target
AVGO,2025-12-23,2025-12-23 21:34:00+00:00,6,2,349.01979,0.0046,target
AVGO,2025-12-23,2025-12-23 21:58:00+00:00,7,2,349.16982,0.0046,target
AVGO,2025-12-23,2025-12-23 22:57:00+00:00,6,2,349.199826,0.0046,target
AVGO,2025-12-24,2025-12-24 12:01:00+00:00,8,2,350.34005399999995,-0.0029000000000000002,stop
AVGO,2025-12-24,2025-12-24 12:59:00+00:00,6,2,350.57009999999997,-0.0029000000000000002,stop
AVGO,2025-12-24,2025-12-24 13:34:00+00:00,6,2,350.92017000000004,0.0046,target
AVGO,2025-12-24,2025-12-24 13:55:00+00:00,7,2,350.960178,0.0046,target
AVGO,2025-12-24,2025-12-24 14:18:00+00:00,7,2,350.72013,-0.0029000000000000002,stop
AVGO,2025-12-24,2025-12-24 14:51:00+00:00,6,2,350.385063,-0.0029000000000000002,stop
AVGO,2025-12-24,2025-12-24 15:14:00+00:00,6,2,351.715329,-0.0029000000000000002,stop
AVGO,2025-12-24,2025-12-24 16:14:00+00:00,6,2,351.48028200000005,-0.0029000000000000002,stop
AVGO,2025-12-24,2025-12-24 16:41:00+00:00,7,2,350.92517100000003,0.0046,target
AVGO,2025-12-24,2025-12-24 17:05:00+00:00,6,2,351.190224,0.0046,target
AVGO,2025-12-24,2025-12-24 17:30:00+00:00,6,2,350.89516499999996,-0.0029000000000000002,stop
AVGO,2025-12-24,2025-12-24 20:27:00+00:00,6,2,350.10000599999995,0.0046,target
AVGO,2025-12-24,2025-12-24 21:02:00+00:00,6,2,350.280042,0.0046,target
AVGO,2025-12-26,2025-12-26 12:35:00+00:00,6,2,351.950376,0.0046,target
AVGO,2025-12-26,2025-12-26 13:26:00+00:00,6,2,351.90976788,0.0046,target
AVGO,2025-12-26,2025-12-26 13:49:00+00:00,7,2,351.92037,0.0046,target
AVGO,2025-12-26,2025-12-26 14:14:00+00:00,8,2,351.940374,-0.0029000000000000002,stop
AVGO,2025-12-26,2025-12-26 14:50:00+00:00,6,2,350.87016,-0.0029000000000000002,stop
AVGO,2025-12-26,2025-12-26 15:21:00+00:00,6,2,350.17002,0.0046,target
AVGO,2025-12-26,2025-12-26 15:43:00+00:00,6,2,352.16791950000004,0.0046,target
AVGO,2025-12-26,2025-12-26 16:05:00+00:00,6,2,352.410468,0.0046,target
AVGO,2025-12-26,2025-12-26 16:34:00+00:00,7,2,352.310448,0.0046,target
AVGO,2025-12-26,2025-12-26 16:54:00+00:00,6,2,352.280442,-0.0029000000000000002,stop
AVGO,2025-12-26,2025-12-26 17:30:00+00:00,6,2,351.810348,-0.0029000000000000002,stop
AVGO,2025-12-26,2025-12-26 18:01:00+00:00,6,2,351.42027,0.0046,target
AVGO,2025-12-26,2025-12-26 18:50:00+00:00,6,2,351.715329,0.0046,target
AVGO,2025-12-26,2025-12-26 19:10:00+00:00,8,2,352.505487,0.0046,target
AVGO,2025-12-26,2025-12-26 19:31:00+00:00,6,2,352.510488,0.0046,target
AVGO,2025-12-26,2025-12-26 19:52:00+00:00,6,2,352.890564,-0.0029000000000000002,stop
AVGO,2025-12-26,2025-12-26 20:41:00+00:00,7,2,352.47047999999995,0.0046,target
AVGO,2025-12-29,2025-12-29 12:01:00+00:00,7,2,348.86976,0.0046,target
AVGO,2025-12-29,2025-12-29 12:27:00+00:00,6,2,349.16982,0.0046,target
AVGO,2025-12-29,2025-12-29 13:01:00+00:00,6,2,350.590104,0.0046,target
AVGO,2025-12-29,2025-12-29 14:37:00+00:00,7,2,349.909968,-0.0029000000000000002,stop
AVGO,2025-12-29,2025-12-29 15:21:00+00:00,6,2,348.66471900000005,0.0046,target
AVGO,2025-12-29,2025-12-29 15:47:00+00:00,7,2,349.434873,-0.0029000000000000002,stop
AVGO,2025-12-29,2025-12-29 16:19:00+00:00,7,2,349.384863,0.0046,target
AVGO,2025-12-29,2025-12-29 16:43:00+00:00,6,2,349.5699,0.0046,target
AVGO,2025-12-29,2025-12-29 17:08:00+00:00,6,2,349.55669736,-0.0029000000000000002,stop
AVGO,2025-12-29,2025-12-29 17:58:00+00:00,7,2,348.96977999999996,0.0046,target
AVGO,2025-12-29,2025-12-29 18:19:00+00:00,6,2,349.0698,0.0046,target
AVGO,2025-12-29,2025-12-29 18:40:00+00:00,7,2,350.0309922,0.0046,target
AVGO,2025-12-29,2025-12-29 19:09:00+00:00,6,2,349.509888,0.0046,target
AVGO,2025-12-29,2025-12-29 19:31:00+00:00,8,2,349.699926,0.0046,target
AVGO,2025-12-29,2025-12-29 19:51:00+00:00,6,2,350.180022,0.0046,target
AVGO,2025-12-29,2025-12-29 20:13:00+00:00,6,2,350.1915243,0.0046,target
AVGO,2025-12-29,2025-12-29 20:35:00+00:00,6,2,350.09000399999996,-0.0029000000000000002,stop
AVGO,2025-12-29,2025-12-29 21:01:00+00:00,6,2,349.36986,0.0046,target
AVGO,2025-12-30,2025-12-30 11:38:00+00:00,6,2,349.299846,0.0046,target
AVGO,2025-12-30,2025-12-30 12:39:00+00:00,6,2,350.00998799999996,-0.0029000000000000002,stop
AVGO,2025-12-30,2025-12-30 13:09:00+00:00,6,2,350.140014,-0.0029000000000000002,stop
AVGO,2025-12-30,2025-12-30 14:08:00+00:00,6,2,349.84995599999996,0.0046,target
AVGO,2025-12-30,2025-12-30 14:28:00+00:00,6,2,350.080002,0.0046,target
AVGO,2025-12-30,2025-12-30 14:54:00+00:00,6,2,350.550096,0.0046,target
AVGO,2025-12-30,2025-12-30 15:22:00+00:00,6,2,350.390064,0.0046,target
AVGO,2025-12-30,2025-12-30 15:56:00+00:00,6,2,351.04519500000004,0.0046,target
AVGO,2025-12-30,2025-12-30 16:24:00+00:00,6,2,352.230432,-0.0029000000000000002,stop
AVGO,2025-12-30,2025-12-30 17:41:00+00:00,6,2,351.2377335,0.0046,target
AVGO,2025-12-30,2025-12-30 18:03:00+00:00,6,2,350.940174,0.0046,target
AVGO,2025-12-30,2025-12-30 18:27:00+00:00,7,2,351.050196,-0.0029000000000000002,stop
AVGO,2025-12-30,2025-12-30 19:17:00+00:00,8,2,351.65531699999997,-0.0029000000000000002,stop
AVGO,2025-12-30,2025-12-30 20:40:00+00:00,7,2,350.790144,-0.0029000000000000002,stop
AVGO,2025-12-31,2025-12-31 13:15:00+00:00,6,2,348.68952396,0.0046,target
AVGO,2025-12-31,2025-12-31 13:46:00+00:00,7,2,349.859958,0.0046,target
AVGO,2025-12-31,2025-12-31 14:12:00+00:00,7,2,350.57009999999997,-0.0029000000000000002,stop
AVGO,2025-12-31,2025-12-31 15:49:00+00:00,7,2,347.25353681999997,-0.0029000000000000002,stop
AVGO,2025-12-31,2025-12-31 16:09:00+00:00,6,2,347.509488,0.0046,target
AVGO,2025-12-31,2025-12-31 16:33:00+00:00,6,2,347.39446499999997,0.0046,target
AVGO,2025-12-31,2025-12-31 17:01:00+00:00,6,2,347.51068824,0.0046,target
AVGO,2025-12-31,2025-12-31 17:23:00+00:00,6,2,347.504487,0.0046,target
AVGO,2025-12-31,2025-12-31 17:43:00+00:00,6,2,347.7310323,0.0046,target
AVGO,2025-12-31,2025-12-31 18:03:00+00:00,8,2,348.01959,0.0046,target
AVGO,2025-12-31,2025-12-31 18:26:00+00:00,6,2,348.449676,0.0046,target
AVGO,2025-12-31,2025-12-31 18:46:00+00:00,6,2,348.704727,0.0046,target
AVGO,2025-12-31,2025-12-31 19:08:00+00:00,6,2,349.20982799999996,-0.0029000000000000002,stop
AVGO,2025-12-31,2025-12-31 19:50:00+00:00,6,2,348.21963,-0.0029000000000000002,stop
AVGO,2025-12-31,2025-12-31 20:36:00+00:00,6,2,347.61951,-0.0029000000000000002,stop
AVGO,2026-01-02,2026-01-02 13:40:00+00:00,6,2,352.090404,0.0046,target
AVGO,2026-01-02,2026-01-02 14:01:00+00:00,8,2,352.360458,0.0046,target
AVGO,2026-01-02,2026-01-02 14:23:00+00:00,6,2,352.010388,0.0046,target
AVGO,2026-01-02,2026-01-02 14:43:00+00:00,6,2,356.82135,0.0046,target
AVGO,2026-01-02,2026-01-02 15:06:00+00:00,7,2,359.296845,-0.0029000000000000002,stop
AVGO,2026-01-02,2026-01-02 15:48:00+00:00,6,2,356.751336,-0.0029000000000000002,stop
AVGO,2026-01-02,2026-01-02 19:41:00+00:00,6,2,348.589704,-0.0029000000000000002,stop
AVGO,2026-01-05,2026-01-05 10:59:00+00:00,6,2,352.5705,0.0046,target
AVGO,2026-01-05,2026-01-05 11:42:00+00:00,6,2,352.430472,-0.0029000000000000002,stop
AVGO,2026-01-05,2026-01-05 12:25:00+00:00,7,2,352.62051,0.0046,target
AVGO,2026-01-05,2026-01-05 12:56:00+00:00,6,2,352.7495358,-0.0029000000000000002,stop
AVGO,2026-01-05,2026-01-05 13:17:00+00:00,6,2,353.760738,-0.0029000000000000002,stop
AVGO,2026-01-05,2026-01-05 13:39:00+00:00,6,2,353.190624,0.0046,target
AVGO,2026-01-05,2026-01-05 14:00:00+00:00,6,2,353.22062999999997,0.0046,target
AVGO,2026-01-05,2026-01-05 14:21:00+00:00,8,2,354.15081599999996,-0.0029000000000000002,stop
AVGO,2026-01-05,2026-01-05 15:25:00+00:00,6,2,343.498686,0.0046,target
AVGO,2026-01-05,2026-01-05 16:26:00+00:00,6,2,343.66872,-0.0029000000000000002,stop
AVGO,2026-01-05,2026-01-05 19:52:00+00:00,6,2,342.308448,0.0046,target
AVGO,2026-01-05,2026-01-05 20:13:00+00:00,8,2,343.2996462,0.0046,target
AVGO,2026-01-05,2026-01-05 20:35:00+00:00,6,2,343.388664,-0.0029000000000000002,stop
AVGO,2026-01-05,2026-01-05 20:55:00+00:00,6,2,342.878562,0.0046,target
AVGO,2026-01-05,2026-01-05 21:22:00+00:00,6,2,343.16862000000003,0.0046,target
AVGO,2026-01-05,2026-01-05 22:21:00+00:00,6,2,343.34865599999995,0.0046,target
AVGO,2026-01-06,2026-01-06 10:10:00+00:00,6,2,343.5687,0.0046,target
AVGO,2026-01-06,2026-01-06 11:12:00+00:00,7,2,343.738734,0.0046,target
AVGO,2026-01-06,2026-01-06 11:52:00+00:00,6,2,343.91877,0.0046,target
AVGO,2026-01-06,2026-01-06 12:26:00+00:00,6,2,343.69872599999997,-0.0029000000000000002,stop
AVGO,2026-01-06,2026-01-06 12:59:00+00:00,7,2,344.0688,-0.0029000000000000002,stop
AVGO,2026-01-06,2026-01-06 14:29:00+00:00,6,2,343.71873,-0.0029000000000000002,stop
AVGO,2026-01-06,2026-01-06 14:52:00+00:00,6,2,343.16862000000003,-0.0029000000000000002,stop
AVGO,2026-01-06,2026-01-06 15:17:00+00:00,6,2,344.538894,-0.0029000000000000002,stop
AVGO,2026-01-06,2026-01-06 15:44:00+00:00,7,2,344.11881,-0.0029000000000000002,stop
AVGO,2026-01-06,2026-01-06 16:16:00+00:00,7,2,344.103807,0.0046,target
AVGO,2026-01-06,2026-01-06 16:40:00+00:00,6,2,347.0694,-0.0029000000000000002,stop
AVGO,2026-01-06,2026-01-06 17:03:00+00:00,6,2,346.83935399999996,-0.0029000000000000002,stop
AVGO,2026-01-06,2026-01-06 17:26:00+00:00,6,2,346.949376,0.0046,target
AVGO,2026-01-06,2026-01-06 17:46:00+00:00,6,2,347.129412,0.0046,target
AVGO,2026-01-06,2026-01-06 18:07:00+00:00,7,2,347.829552,-0.0029000000000000002,stop
AVGO,2026-01-06,2026-01-06 18:27:00+00:00,6,2,348.379662,-0.0029000000000000002,stop
AVGO,2026-01-06,2026-01-06 18:52:00+00:00,6,2,347.83955399999996,0.0046,target
AVGO,2026-01-06,2026-01-06 19:15:00+00:00,6,2,348.65971799999994,-0.0029000000000000002,stop
AVGO,2026-01-06,2026-01-06 19:35:00+00:00,6,2,348.65471699999995,-0.0029000000000000002,stop
AVGO,2026-01-06,2026-01-06 21:56:00+00:00,6,2,344.488884,0.0046,target
AVGO,2026-01-07,2026-01-07 11:54:00+00:00,6,2,343.34865599999995,0.0046,target
AVGO,2026-01-07,2026-01-07 14:47:00+00:00,6,2,341.23323300000004,-0.0029000000000000002,stop
AVGO,2026-01-07,2026-01-07 15:11:00+00:00,7,2,343.58870399999995,0.0046,target
AVGO,2026-01-07,2026-01-07 15:31:00+00:00,6,2,346.774341,-0.0029000000000000002,stop
AVGO,2026-01-07,2026-01-07 15:57:00+00:00,6,2,346.859358,0.0046,target
AVGO,2026-01-07,2026-01-07 16:20:00+00:00,6,2,347.314449,-0.0029000000000000002,stop
AVGO,2026-01-07,2026-01-07 16:40:00+00:00,6,2,348.029592,0.0046,target
AVGO,2026-01-07,2026-01-07 17:00:00+00:00,6,2,348.799746,-0.0029000000000000002,stop
AVGO,2026-01-07,2026-01-07 17:22:00+00:00,7,2,348.05869782,-0.0029000000000000002,stop
AVGO,2026-01-07,2026-01-07 17:51:00+00:00,7,2,347.129412,0.0046,target
AVGO,2026-01-07,2026-01-07 18:23:00+00:00,6,2,346.729332,-0.0029000000000000002,stop
AVGO,2026-01-07,2026-01-07 18:55:00+00:00,6,2,346.38926399999997,0.0046,target
AVGO,2026-01-07,2026-01-07 19:22:00+00:00,6,2,347.314449,-0.0029000000000000002,stop
AVGO,2026-01-08,2026-01-08 12:37:00+00:00,7,2,341.36826,-0.0029000000000000002,stop
AVGO,2026-01-08,2026-01-08 13:07:00+00:00,7,2,341.51829,0.0046,target
AVGO,2026-01-08,2026-01-08 13:31:00+00:00,8,2,343.51869,-0.0029000000000000002,stop
AVGO,2026-01-08,2026-01-08 14:03:00+00:00,6,2,342.138414,-0.0029000000000000002,stop
AVGO,2026-01-08,2026-01-08 14:29:00+00:00,7,2,343.28864400000003,-0.0029000000000000002,stop
AVGO,2026-01-08,2026-01-08 20:58:00+00:00,6,2,332.536494,0.0046,target
AVGO,2026-01-08,2026-01-08 21:44:00+00:00,7,2,332.84655599999996,0.0046,target
AVGO,2026-01-09,2026-01-09 10:15:00+00:00,6,2,335.067,0.0046,target
AVGO,2026-01-09,2026-01-09 10:47:00+00:00,7,2,335.82715199999996,0.0046,target
AVGO,2026-01-09,2026-01-09 11:19:00+00:00,6,2,335.627112,0.0046,target
AVGO,2026-01-09,2026-01-09 11:46:00+00:00,6,2,336.797346,-0.0029000000000000002,stop
AVGO,2026-01-09,2026-01-09 12:36:00+00:00,7,2,335.487084,0.0046,target
AVGO,2026-01-09,2026-01-09 12:58:00+00:00,9,2,337.407468,-0.0029000000000000002,stop
AVGO,2026-01-09,2026-01-09 13:35:00+00:00,8,2,337.757538,0.0046,target
AVGO,2026-01-09,2026-01-09 14:03:00+00:00,7,2,337.86756,-0.0029000000000000002,stop
AVGO,2026-01-09,2026-01-09 14:28:00+00:00,6,2,338.01759,-0.0029000000000000002,stop
AVGO,2026-01-09,2026-01-09 14:50:00+00:00,6,2,337.647516,-0.0029000000000000002,stop
AVGO,2026-01-09,2026-01-09 15:11:00+00:00,8,2,338.252637,0.0046,target
AVGO,2026-01-09,2026-01-09 15:35:00+00:00,6,2,342.90366702,-0.0029000000000000002,stop
AVGO,2026-01-09,2026-01-09 15:57:00+00:00,7,2,342.82295087999995,0.0046,target
AVGO,2026-01-09,2026-01-09 16:18:00+00:00,6,2,345.3985659,-0.0029000000000000002,stop
AVGO,2026-01-09,2026-01-09 16:40:00+00:00,6,2,344.178822,0.0046,target
AVGO,2026-01-09,2026-01-09 17:02:00+00:00,7,2,344.373861,-0.0029000000000000002,stop
AVGO,2026-01-09,2026-01-09 17:38:00+00:00,6,2,344.213829,0.0046,target
AVGO,2026-01-09,2026-01-09 18:01:00+00:00,7,2,344.97898200000003,0.0046,target
AVGO,2026-01-09,2026-01-09 18:30:00+00:00,6,2,344.873961,0.0046,target
AVGO,2026-01-09,2026-01-09 18:58:00+00:00,6,2,345.084003,0.0046,target
AVGO,2026-01-09,2026-01-09 19:19:00+00:00,6,2,346.2912444,0.0046,target
AVGO,2026-01-09,2026-01-09 19:42:00+00:00,6,2,346.199226,0.0046,target
AVGO,2026-01-09,2026-01-09 20:03:00+00:00,6,2,346.939374,-0.0029000000000000002,stop
AVGO,2026-01-09,2026-01-09 20:25:00+00:00,6,2,346.62931199999997,-0.0029000000000000002,stop
AVGO,2026-01-09,2026-01-09 21:50:00+00:00,6,2,344.65891799999997,0.0046,target
AVGO,2026-01-09,2026-01-09 22:34:00+00:00,6,2,344.90896799999996,0.0046,target
AVGO,2026-01-12,2026-01-12 11:18:00+00:00,6,2,339.27784199999996,0.0046,target
AVGO,2026-01-12,2026-01-12 12:10:00+00:00,6,2,339.46788,0.0046,target
AVGO,2026-01-12,2026-01-12 12:42:00+00:00,7,2,339.54789600000004,-0.0029000000000000002,stop
AVGO,2026-01-12,2026-01-12 13:06:00+00:00,6,2,340.068,0.0046,target
AVGO,2026-01-12,2026-01-12 13:27:00+00:00,6,2,340.398066,0.0046,target
AVGO,2026-01-12,2026-01-12 13:47:00+00:00,6,2,340.67052048,0.0046,target
AVGO,2026-01-12,2026-01-12 14:09:00+00:00,6,2,340.67812200000003,-0.0029000000000000002,stop
AVGO,2026-01-12,2026-01-12 14:30:00+00:00,6,2,341.09820599999995,0.0046,target
AVGO,2026-01-12,2026-01-12 14:50:00+00:00,6,2,350.47008,-0.0029000000000000002,stop
AVGO,2026-01-12,2026-01-12 15:15:00+00:00,7,2,351.52029,-0.0029000000000000002,stop
AVGO,2026-01-12,2026-01-12 16:02:00+00:00,7,2,349.64991599999996,0.0046,target
AVGO,2026-01-12,2026-01-12 16:22:00+00:00,6,2,350.32685136,-0.0029000000000000002,stop
AVGO,2026-01-12,2026-01-12 16:44:00+00:00,6,2,350.200026,-0.0029000000000000002,stop
AVGO,2026-01-12,2026-01-12 17:05:00+00:00,6,2,350.16501900000003,0.0046,target
AVGO,2026-01-12,2026-01-12 17:36:00+00:00,6,2,350.21002799999997,0.0046,target
AVGO,2026-01-12,2026-01-12 18:01:00+00:00,6,2,350.47008,0.0046,target
AVGO,2026-01-12,2026-01-12 18:22:00+00:00,6,2,351.02519099999995,0.0046,target
AVGO,2026-01-12,2026-01-12 18:50:00+00:00,6,2,351.430272,0.0046,target
AVGO,2026-01-12,2026-01-12 19:10:00+00:00,7,2,351.82035,0.0046,target
AVGO,2026-01-12,2026-01-12 19:30:00+00:00,6,2,353.29564500000004,0.0046,target
AVGO,2026-01-12,2026-01-12 19:50:00+00:00,6,2,353.605707,0.0046,target
AVGO,2026-01-12,2026-01-12 20:12:00+00:00,6,2,353.37066,0.0046,target
AVGO,2026-01-12,2026-01-12 20:32:00+00:00,6,2,353.610708,-0.0029000000000000002,stop
AVGO,2026-01-12,2026-01-12 20:53:00+00:00,6,2,353.54069400000003,-0.0029000000000000002,stop
AVGO,2026-01-13,2026-01-13 10:10:00+00:00,6,2,351.250236,-0.0029000000000000002,stop
AVGO,2026-01-13,2026-01-13 12:24:00+00:00,6,2,351.550296,-0.0029000000000000002,stop
AVGO,2026-01-13,2026-01-13 13:30:00+00:00,7,2,351.5703,0.0046,target
AVGO,2026-01-13,2026-01-13 13:51:00+00:00,6,2,353.42067000000003,0.0046,target
AVGO,2026-01-13,2026-01-13 14:13:00+00:00,6,2,353.19452478,-0.0029000000000000002,stop
AVGO,2026-01-13,2026-01-13 14:34:00+00:00,6,2,353.12061,-0.0029000000000000002,stop
AVGO,2026-01-13,2026-01-13 14:54:00+00:00,6,2,354.800946,-0.0029000000000000002,stop
AVGO,2026-01-13,2026-01-13 15:18:00+00:00,6,2,354.180822,-0.0029000000000000002,stop
AVGO,2026-01-13,2026-01-13 15:39:00+00:00,6,2,354.200826,-0.0029000000000000002,stop
AVGO,2026-01-13,2026-01-13 16:02:00+00:00,6,2,357.451476,-0.0029000000000000002,stop
AVGO,2026-01-13,2026-01-13 16:25:00+00:00,6,2,356.781342,-0.0029000000000000002,stop
AVGO,2026-01-13,2026-01-13 16:47:00+00:00,7,2,357.37146,0.0046,target
AVGO,2026-01-13,2026-01-13 17:16:00+00:00,6,2,358.131612,-0.0029000000000000002,stop
AVGO,2026-01-13,2026-01-13 17:41:00+00:00,6,2,358.351656,-0.0029000000000000002,stop
AVGO,2026-01-13,2026-01-13 18:06:00+00:00,6,2,356.606307,0.0046,target
AVGO,2026-01-13,2026-01-13 18:27:00+00:00,7,2,357.416469,-0.0029000000000000002,stop
AVGO,2026-01-13,2026-01-13 19:01:00+00:00,6,2,356.356257,0.0046,target
AVGO,2026-01-13,2026-01-13 19:46:00+00:00,6,2,357.03209214,-0.0029000000000000002,stop
AVGO,2026-01-14,2026-01-14 14:26:00+00:00,6,2,351.82035,-0.0029000000000000002,stop
AVGO,2026-01-14,2026-01-14 18:57:00+00:00,6,2,337.852557,0.0046,target
AVGO,2026-01-14,2026-01-14 20:26:00+00:00,6,2,339.20282699999996,-0.0029000000000000002,stop
AVGO,2026-01-14,2026-01-14 20:54:00+00:00,6,2,339.67292100000003,-0.0029000000000000002,stop
AVGO,2026-01-15,2026-01-15 09:41:00+00:00,6,2,345.17902200000003,0.0046,target
AVGO,2026-01-15,2026-01-15 10:06:00+00:00,8,2,347.52949199999995,-0.0029000000000000002,stop
AVGO,2026-01-15,2026-01-15 10:40:00+00:00,6,2,348.01959,0.0046,target
AVGO,2026-01-15,2026-01-15 11:14:00+00:00,7,2,349.049796,0.0046,target
AVGO,2026-01-15,2026-01-15 11:40:00+00:00,6,2,348.66972000000004,0.0046,target
AVGO,2026-01-15,2026-01-15 12:08:00+00:00,6,2,348.19962599999997,-0.0029000000000000002,stop
AVGO,2026-01-15,2026-01-15 12:40:00+00:00,6,2,347.0694,0.0046,target
AVGO,2026-01-15,2026-01-15 13:12:00+00:00,6,2,348.11380884,0.0046,target
AVGO,2026-01-15,2026-01-15 13:32:00+00:00,6,2,348.53489304,0.0046,target
AVGO,2026-01-15,2026-01-15 13:53:00+00:00,6,2,349.61991,0.0046,target
AVGO,2026-01-15,2026-01-15 14:14:00+00:00,6,2,349.5699,-0.0029000000000000002,stop
AVGO,2026-01-15,2026-01-15 15:09:00+00:00,6,2,347.659518,0.0046,target
AVGO,2026-01-15,2026-01-15 15:31:00+00:00,6,2,347.22943200000003,0.0046,target
AVGO,2026-01-15,2026-01-15 16:03:00+00:00,6,2,348.149616,-0.0029000000000000002,stop
AVGO,2026-01-15,2026-01-15 16:25:00+00:00,6,2,347.98958400000004,-0.0029000000000000002,stop
AVGO,2026-01-15,2026-01-15 16:49:00+00:00,6,2,347.499486,0.0046,target
AVGO,2026-01-15,2026-01-15 17:09:00+00:00,6,2,348.389664,-0.0029000000000000002,stop
AVGO,2026-01-15,2026-01-15 17:52:00+00:00,6,2,347.54449500000004,-0.0029000000000000002,stop
AVGO,2026-01-16,2026-01-16 09:50:00+00:00,8,2,346.76934,0.0046,target
AVGO,2026-01-16,2026-01-16 10:29:00+00:00,7,2,346.559298,0.0046,target
AVGO,2026-01-16,2026-01-16 11:01:00+00:00,6,2,347.46948,0.0046,target
AVGO,2026-01-16,2026-01-16 11:51:00+00:00,6,2,348.0696,-0.0029000000000000002,stop
AVGO,2026-01-16,2026-01-16 14:07:00+00:00,6,2,346.66932,-0.0029000000000000002,stop
AVGO,2026-01-16,2026-01-16 14:41:00+00:00,7,2,351.495285,-0.0029000000000000002,stop
AVGO,2026-01-16,2026-01-16 15:06:00+00:00,7,2,348.829752,-0.0029000000000000002,stop
AVGO,2026-01-16,2026-01-16 16:06:00+00:00,7,2,347.889564,0.0046,target
AVGO,2026-01-16,2026-01-16 16:28:00+00:00,7,2,347.91957,-0.0029000000000000002,stop
AVGO,2026-01-16,2026-01-16 16:51:00+00:00,6,2,347.91957,-0.0029000000000000002,stop
AVGO,2026-01-16,2026-01-16 19:02:00+00:00,7,2,347.27944199999996,0.0046,target
AVGO,2026-01-16,2026-01-16 19:36:00+00:00,6,2,347.329452,0.0046,target
AVGO,2026-01-16,2026-01-16 19:57:00+00:00,8,2,347.939574,0.0046,target
AVGO,2026-01-16,2026-01-16 20:19:00+00:00,6,2,352.330452,-0.0029000000000000002,stop
AVGO,2026-01-16,2026-01-16 20:42:00+00:00,6,2,352.280442,-0.0029000000000000002,stop
AVGO,2026-01-16,2026-01-16 22:08:00+00:00,6,2,351.48028200000005,0.0046,target
AVGO,2026-01-16,2026-01-16 22:44:00+00:00,6,2,351.92037,0.0046,target
AVGO,2026-01-16,2026-01-16 23:06:00+00:00,6,2,352.310448,0.0046,target
AVGO,2026-01-20,2026-01-20 10:31:00+00:00,6,2,342.788544,0.0046,target
AVGO,2026-01-20,2026-01-20 11:11:00+00:00,6,2,342.41847,0.0046,target
AVGO,2026-01-20,2026-01-20 11:33:00+00:00,7,2,343.238634,0.0046,target
AVGO,2026-01-20,2026-01-20 12:03:00+00:00,6,2,343.398666,0.0046,target
AVGO,2026-01-20,2026-01-20 12:27:00+00:00,7,2,344.33885399999997,0.0046,target
AVGO,2026-01-20,2026-01-20 12:55:00+00:00,7,2,344.21882999999997,0.0046,target
AVGO,2026-01-20,2026-01-20 13:18:00+00:00,6,2,343.5687,-0.0029000000000000002,stop
AVGO,2026-01-20,2026-01-20 14:15:00+00:00,6,2,343.41867,-0.0029000000000000002,stop
AVGO,2026-01-20,2026-01-20 15:39:00+00:00,6,2,341.733333,-0.0029000000000000002,stop
AVGO,2026-01-20,2026-01-20 18:56:00+00:00,6,2,335.03339328000004,-0.0029000000000000002,stop
AVGO,2026-01-20,2026-01-20 21:41:00+00:00,6,2,333.76673999999997,0.0046,target
AVGO,2026-01-21,2026-01-21 09:49:00+00:00,6,2,336.187224,0.0046,target
AVGO,2026-01-21,2026-01-21 11:03:00+00:00,6,2,336.107208,-0.0029000000000000002,stop
AVGO,2026-01-21,2026-01-21 13:05:00+00:00,6,2,335.14701599999995,-0.0029000000000000002,stop
AVGO,2026-01-21,2026-01-21 14:13:00+00:00,7,2,335.26704,0.0046,target
AVGO,2026-01-21,2026-01-21 14:59:00+00:00,6,2,333.09660599999995,-0.0029000000000000002,stop
AVGO,2026-01-21,2026-01-21 19:28:00+00:00,7,2,328.890765,0.0046,target
AVGO,2026-01-21,2026-01-21 19:49:00+00:00,7,2,331.09620599999994,-0.0029000000000000002,stop
AVGO,2026-01-21,2026-01-21 20:13:00+00:00,6,2,329.97098099999994,-0.0029000000000000002,stop
AVGO,2026-01-21,2026-01-21 21:18:00+00:00,7,2,329.745936,0.0046,target
AVGO,2026-01-21,2026-01-21 21:41:00+00:00,6,2,329.435874,0.0046,target
AVGO,2026-01-21,2026-01-21 22:35:00+00:00,6,2,330.186024,-0.0029000000000000002,stop
AVGO,2026-01-21,2026-01-21 22:58:00+00:00,6,2,329.76594,0.0046,target
AVGO,2026-01-21,2026-01-21 23:25:00+00:00,6,2,330.286044,0.0046,target
AVGO,2026-01-22,2026-01-22 09:53:00+00:00,6,2,334.876962,0.0046,target
AVGO,2026-01-22,2026-01-22 10:23:00+00:00,7,2,335.127012,-0.0029000000000000002,stop
AVGO,2026-01-22,2026-01-22 12:03:00+00:00,6,2,333.40666799999997,0.0046,target
AVGO,2026-01-22,2026-01-22 12:26:00+00:00,6,2,333.756738,0.0046,target
AVGO,2026-01-22,2026-01-22 12:49:00+00:00,6,2,334.16682000000003,0.0046,target
AVGO,2026-01-22,2026-01-22 13:09:00+00:00,6,2,334.76694,0.0046,target
AVGO,2026-01-22,2026-01-22 13:31:00+00:00,6,2,334.81695,0.0046,target
AVGO,2026-01-22,2026-01-22 13:51:00+00:00,6,2,334.71693,0.0046,target
AVGO,2026-01-22,2026-01-22 14:13:00+00:00,8,2,335.28704400000004,-0.0029000000000000002,stop
AVGO,2026-01-22,2026-01-22 14:33:00+00:00,6,2,335.647116,-0.0029000000000000002,stop
AVGO,2026-01-22,2026-01-22 21:56:00+00:00,6,2,325.92517200000003,0.0046,target
AVGO,2026-01-22,2026-01-22 22:27:00+00:00,6,2,326.29014498,0.0046,target
AVGO,2026-01-23,2026-01-23 15:26:00+00:00,6,2,318.118611,-0.0029000000000000002,stop
AVGO,2026-01-23,2026-01-23 15:47:00+00:00,8,2,319.193826,0.0046,target
AVGO,2026-01-23,2026-01-23 16:09:00+00:00,7,2,320.574102,-0.0029000000000000002,stop
AVGO,2026-01-23,2026-01-23 16:31:00+00:00,7,2,319.96017924,0.0046,target
AVGO,2026-01-23,2026-01-23 16:52:00+00:00,6,2,321.089205,-0.0029000000000000002,stop
AVGO,2026-01-23,2026-01-23 17:12:00+00:00,6,2,320.96417999999994,-0.0029000000000000002,stop
AVGO,2026-01-23,2026-01-23 18:09:00+00:00,6,2,320.37966312000003,-0.0029000000000000002,stop
AVGO,2026-01-23,2026-01-23 18:35:00+00:00,6,2,319.223832,0.0046,target
AVGO,2026-01-23,2026-01-23 19:05:00+00:00,6,2,319.448877,0.0046,target
AVGO,2026-01-23,2026-01-23 19:32:00+00:00,6,2,320.34405599999997,-0.0029000000000000002,stop
AVGO,2026-01-23,2026-01-23 20:24:00+00:00,6,2,318.96378,0.0046,target
AVGO,2026-01-23,2026-01-23 20:46:00+00:00,6,2,319.58390399999996,0.0046,target
AVGO,2026-01-23,2026-01-23 21:21:00+00:00,6,2,319.66392,0.0046,target
AVGO,2026-01-23,2026-01-23 21:46:00+00:00,7,2,319.96398,0.0046,target
AVGO,2026-01-23,2026-01-23 22:09:00+00:00,6,2,320.02399199999996,-0.0029000000000000002,stop
AVGO,2026-01-26,2026-01-26 12:15:00+00:00,6,2,318.16362000000004,0.0046,target
AVGO,2026-01-26,2026-01-26 12:55:00+00:00,6,2,318.0636,0.0046,target
AVGO,2026-01-26,2026-01-26 13:16:00+00:00,6,2,318.86365997999997,-0.0029000000000000002,stop
AVGO,2026-01-26,2026-01-26 14:09:00+00:00,6,2,318.323652,-0.0029000000000000002,stop
AVGO,2026-01-26,2026-01-26 14:29:00+00:00,7,2,319.85395800000003,-0.0029000000000000002,stop
AVGO,2026-01-26,2026-01-26 14:49:00+00:00,6,2,326.350257,-0.0029000000000000002,stop
AVGO,2026-01-26,2026-01-26 15:51:00+00:00,7,2,324.679923,0.0046,target
AVGO,2026-01-26,2026-01-26 16:13:00+00:00,6,2,324.544896,-0.0029000000000000002,stop
AVGO,2026-01-26,2026-01-26 16:35:00+00:00,7,2,325.065,0.0046,target
AVGO,2026-01-26,2026-01-26 16:55:00+00:00,6,2,326.085204,0.0046,target
AVGO,2026-01-26,2026-01-26 17:15:00+00:00,8,2,327.745536,-0.0029000000000000002,stop
AVGO,2026-01-26,2026-01-26 17:38:00+00:00,6,2,327.805548,-0.0029000000000000002,stop
AVGO,2026-01-26,2026-01-26 18:01:00+00:00,6,2,327.235434,-0.0029000000000000002,stop
AVGO,2026-01-26,2026-01-26 18:25:00+00:00,6,2,328.045596,0.0046,target
AVGO,2026-01-26,2026-01-26 18:52:00+00:00,6,2,327.72773243999995,0.0046,target
AVGO,2026-01-26,2026-01-26 19:13:00+00:00,6,2,327.9085686,-0.0029000000000000002,stop
AVGO,2026-01-26,2026-01-26 22:55:00+00:00,8,2,325.525092,0.0046,target
AVGO,2026-01-27,2026-01-27 10:21:00+00:00,6,2,328.46567999999996,0.0046,target
AVGO,2026-01-27,2026-01-27 11:02:00+00:00,6,2,328.435674,0.0046,target
AVGO,2026-01-27,2026-01-27 12:08:00+00:00,7,2,328.31565,0.0046,target
AVGO,2026-01-27,2026-01-27 12:41:00+00:00,7,2,328.455678,-0.0029000000000000002,stop
AVGO,2026-01-27,2026-01-27 13:13:00+00:00,6,2,328.96578,0.0046,target
AVGO,2026-01-27,2026-01-27 13:43:00+00:00,7,2,329.76594,0.0046,target
AVGO,2026-01-27,2026-01-27 14:09:00+00:00,6,2,330.01428966000003,-0.0029000000000000002,stop
AVGO,2026-01-27,2026-01-27 14:29:00+00:00,6,2,330.035994,-0.0029000000000000002,stop
AVGO,2026-01-27,2026-01-27 14:57:00+00:00,6,2,330.21603,-0.0029000000000000002,stop
AVGO,2026-01-27,2026-01-27 15:30:00+00:00,6,2,329.26583999999997,0.0046,target
AVGO,2026-01-27,2026-01-27 15:50:00+00:00,7,2,331.28124299999996,-0.0029000000000000002,stop
AVGO,2026-01-27,2026-01-27 16:11:00+00:00,7,2,333.26664,-0.0029000000000000002,stop
AVGO,2026-01-27,2026-01-27 16:31:00+00:00,6,2,332.67182106,-0.0029000000000000002,stop
AVGO,2026-01-27,2026-01-27 16:58:00+00:00,6,2,331.936374,0.0046,target
AVGO,2026-01-27,2026-01-27 17:18:00+00:00,7,2,333.051597,0.0046,target
AVGO,2026-01-27,2026-01-27 17:39:00+00:00,7,2,333.96677999999997,-0.0029000000000000002,stop
AVGO,2026-01-27,2026-01-27 18:28:00+00:00,6,2,332.486484,0.0046,target
AVGO,2026-01-27,2026-01-27 18:48:00+00:00,6,2,332.856558,0.0046,target
AVGO,2026-01-27,2026-01-27 19:08:00+00:00,7,2,333.00658799999997,-0.0029000000000000002,stop
AVGO,2026-01-27,2026-01-27 19:53:00+00:00,6,2,332.256438,0.0046,target
AVGO,2026-01-27,2026-01-27 20:18:00+00:00,6,2,332.80664801999995,-0.0029000000000000002,stop
AVGO,2026-01-27,2026-01-27 20:45:00+00:00,6,2,332.27894249999997,-0.0029000000000000002,stop
AVGO,2026-01-27,2026-01-27 21:05:00+00:00,6,2,332.81655,-0.0029000000000000002,stop
AVGO,2026-01-27,2026-01-27 21:32:00+00:00,7,2,333.546696,0.0046,target
AVGO,2026-01-27,2026-01-27 22:07:00+00:00,6,2,333.91677000000004,-0.0029000000000000002,stop
AVGO,2026-01-27,2026-01-27 23:07:00+00:00,6,2,333.91677000000004,0.0046,target
AVGO,2026-01-28,2026-01-28 09:54:00+00:00,6,2,337.84755599999994,0.0046,target
AVGO,2026-01-28,2026-01-28 10:36:00+00:00,6,2,337.637514,0.0046,target
AVGO,2026-01-28,2026-01-28 11:06:00+00:00,6,2,338.827752,-0.0029000000000000002,stop
AVGO,2026-01-28,2026-01-28 12:25:00+00:00,6,2,338.06759999999997,-0.0029000000000000002,stop
AVGO,2026-01-28,2026-01-28 12:57:00+00:00,7,2,338.06759999999997,-0.0029000000000000002,stop
AVGO,2026-01-28,2026-01-28 13:18:00+00:00,6,2,337.66752,0.0046,target
AVGO,2026-01-28,2026-01-28 17:59:00+00:00,6,2,331.186224,-0.0029000000000000002,stop
AVGO,2026-01-28,2026-01-28 19:38:00+00:00,7,2,331.59630599999997,-0.0029000000000000002,stop
AVGO,2026-01-28,2026-01-28 19:58:00+00:00,6,2,332.20642799999996,-0.0029000000000000002,stop
AVGO,2026-01-28,2026-01-28 20:19:00+00:00,8,2,333.0666,-0.0029000000000000002,stop
AVGO,2026-01-28,2026-01-28 20:41:00+00:00,7,2,332.5665,0.0046,target
AVGO,2026-01-28,2026-01-28 21:03:00+00:00,6,2,333.306648,-0.0029000000000000002,stop
AVGO,2026-01-28,2026-01-28 21:24:00+00:00,6,2,333.86676,0.0046,target
AVGO,2026-01-28,2026-01-28 21:45:00+00:00,7,2,334.546896,-0.0029000000000000002,stop
AVGO,2026-01-28,2026-01-28 22:06:00+00:00,6,2,334.326852,-0.0029000000000000002,stop
AVGO,2026-01-28,2026-01-28 22:54:00+00:00,6,2,333.76673999999997,-0.0029000000000000002,stop
AVGO,2026-01-28,2026-01-28 23:23:00+00:00,6,2,333.85845833999997,-0.0029000000000000002,stop
AVGO,2026-01-29,2026-01-29 13:59:00+00:00,6,2,330.27684216,0.0046,target
AVGO,2026-01-29,2026-01-29 14:33:00+00:00,7,2,334.89696599999996,-0.0029000000000000002,stop
AVGO,2026-01-29,2026-01-29 14:53:00+00:00,7,2,334.746936,-0.0029000000000000002,stop
AVGO,2026-01-29,2026-01-29 17:07:00+00:00,6,2,326.790345,0.0046,target
AVGO,2026-01-29,2026-01-29 17:28:00+00:00,6,2,329.16582,-0.0029000000000000002,stop
AVGO,2026-01-29,2026-01-29 17:49:00+00:00,6,2,328.14061499999997,0.0046,target
AVGO,2026-01-29,2026-01-29 18:10:00+00:00,7,2,330.10600800000003,0.0046,target
AVGO,2026-01-29,2026-01-29 18:33:00+00:00,6,2,329.76583998,0.0046,target
AVGO,2026-01-29,2026-01-29 18:54:00+00:00,6,2,330.11601,0.0046,target
AVGO,2026-01-29,2026-01-29 19:15:00+00:00,6,2,330.01599,-0.0029000000000000002,stop
AVGO,2026-01-29,2026-01-29 19:58:00+00:00,6,2,328.95577799999995,-0.0029000000000000002,stop
AVGO,2026-01-29,2026-01-29 20:47:00+00:00,6,2,328.91577,0.0046,target
AVGO,2026-01-29,2026-01-29 21:07:00+00:00,6,2,329.84595599999994,0.0046,target
AVGO,2026-01-29,2026-01-29 21:34:00+00:00,7,2,330.356058,0.0046,target
AVGO,2026-01-29,2026-01-29 22:03:00+00:00,6,2,330.005988,0.0046,target
AVGO,2026-01-29,2026-01-29 23:09:00+00:00,6,2,329.305848,-0.0029000000000000002,stop
AVGO,2026-01-30,2026-01-30 10:45:00+00:00,8,2,328.0656,0.0046,target
AVGO,2026-01-30,2026-01-30 11:11:00+00:00,6,2,330.16602,0.0046,target
AVGO,2026-01-30,2026-01-30 11:39:00+00:00,6,2,331.52629199999996,-0.0029000000000000002,stop
AVGO,2026-01-30,2026-01-30 11:59:00+00:00,7,2,331.586304,-0.0029000000000000002,stop
AVGO,2026-01-30,2026-01-30 12:22:00+00:00,6,2,330.39606599999996,-0.0029000000000000002,stop
AVGO,2026-01-30,2026-01-30 13:56:00+00:00,7,2,330.26604,0.0046,target
AVGO,2026-01-30,2026-01-30 14:16:00+00:00,6,2,331.31624999999997,0.0046,target
AVGO,2026-01-30,2026-01-30 14:39:00+00:00,7,2,334.381863,0.0046,target
AVGO,2026-01-30,2026-01-30 15:39:00+00:00,6,2,334.986984,-0.0029000000000000002,stop
AVGO,2026-01-30,2026-01-30 16:07:00+00:00,6,2,335.76714,-0.0029000000000000002,stop
AVGO,2026-01-30,2026-01-30 16:32:00+00:00,6,2,334.706928,0.0046,target
AVGO,2026-02-02,2026-02-02 12:31:00+00:00,7,2,328.36566,0.0046,target
AVGO,2026-02-02,2026-02-02 13:01:00+00:00,7,2,327.55679826,-0.0029000000000000002,stop
AVGO,2026-02-02,2026-02-02 13:51:00+00:00,6,2,326.96538,-0.0029000000000000002,stop
AVGO,2026-02-02,2026-02-02 14:31:00+00:00,6,2,329.825952,0.0046,target
AVGO,2026-02-02,2026-02-02 14:57:00+00:00,7,2,330.856158,-0.0029000000000000002,stop
AVGO,2026-02-02,2026-02-02 15:17:00+00:00,6,2,333.876762,-0.0029000000000000002,stop
AVGO,2026-02-02,2026-02-02 15:38:00+00:00,6,2,333.186624,-0.0029000000000000002,stop
AVGO,2026-02-02,2026-02-02 15:59:00+00:00,6,2,331.4187705,0.0046,target
AVGO,2026-02-02,2026-02-02 16:29:00+00:00,6,2,331.341255,-0.0029000000000000002,stop
AVGO,2026-02-02,2026-02-02 17:02:00+00:00,6,2,331.39626599999997,0.0046,target
AVGO,2026-02-02,2026-02-02 17:22:00+00:00,6,2,332.731533,0.0046,target
AVGO,2026-02-02,2026-02-02 17:43:00+00:00,6,2,334.71693,-0.0029000000000000002,stop
AVGO,2026-02-02,2026-02-02 18:07:00+00:00,6,2,333.586704,-0.0029000000000000002,stop
AVGO,2026-02-02,2026-02-02 18:35:00+00:00,7,2,333.806748,0.0046,target
AVGO,2026-02-02,2026-02-02 18:56:00+00:00,6,2,333.60170700000003,0.0046,target
AVGO,2026-02-02,2026-02-02 19:29:00+00:00,6,2,333.61671,-0.0029000000000000002,stop
AVGO,2026-02-02,2026-02-02 21:19:00+00:00,6,2,331.996386,0.0046,target
AVGO,2026-02-02,2026-02-02 21:40:00+00:00,8,2,333.856758,0.0046,target
AVGO,2026-02-02,2026-02-02 22:05:00+00:00,6,2,333.86676,-0.0029000000000000002,stop
AVGO,2026-02-02,2026-02-02 22:33:00+00:00,7,2,333.626712,-0.0029000000000000002,stop
AVGO,2026-02-03,2026-02-03 12:22:00+00:00,6,2,333.746736,-0.0029000000000000002,stop
AVGO,2026-02-03,2026-02-03 12:55:00+00:00,6,2,334.326852,-0.0029000000000000002,stop
AVGO,2026-02-03,2026-02-03 13:17:00+00:00,7,2,334.65691799999996,-0.0029000000000000002,stop
AVGO,2026-02-03,2026-02-03 13:39:00+00:00,6,2,334.16682000000003,0.0046,target
AVGO,2026-02-03,2026-02-03 14:22:00+00:00,8,2,334.626912,0.0046,target
AVGO,2026-02-03,2026-02-03 19:59:00+00:00,6,2,313.552698,-0.0029000000000000002,stop
AVGO,2026-02-03,2026-02-03 20:39:00+00:00,6,2,316.788345,0.0046,target
AVGO,2026-02-03,2026-02-03 20:59:00+00:00,7,2,320.53409400000004,-0.0029000000000000002,stop
AVGO,2026-02-04,2026-02-04 10:27:00+00:00,8,2,317.16342000000003,0.0046,target
AVGO,2026-02-04,2026-02-04 11:11:00+00:00,7,2,318.0636,0.0046,target
AVGO,2026-02-04,2026-02-04 11:59:00+00:00,8,2,318.66372,-0.0029000000000000002,stop
AVGO,2026-02-04,2026-02-04 12:36:00+00:00,7,2,319.5639,-0.0029000000000000002,stop
AVGO,2026-02-04,2026-02-04 12:58:00+00:00,6,2,320.354058,-0.0029000000000000002,stop
AVGO,2026-02-04,2026-02-04 13:18:00+00:00,7,2,319.373862,-0.0029000000000000002,stop
AVGO,2026-02-04,2026-02-04 14:13:00+00:00,6,2,319.5639,-0.0029000000000000002,stop
AVGO,2026-02-04,2026-02-04 19:10:00+00:00,6,2,302.070402,0.0046,target
AVGO,2026-02-04,2026-02-04 19:38:00+00:00,6,2,304.59090599999996,0.0046,target
AVGO,2026-02-04,2026-02-04 20:00:00+00:00,6,2,307.971582,-0.0029000000000000002,stop
AVGO,2026-02-04,2026-02-04 20:27:00+00:00,7,2,308.46167999999994,0.0046,target
AVGO,2026-02-04,2026-02-04 20:48:00+00:00,7,2,308.881764,-0.0029000000000000002,stop
AVGO,2026-02-04,2026-02-04 21:10:00+00:00,6,2,322.15441799999996,0.0046,target
AVGO,2026-02-04,2026-02-04 21:31:00+00:00,6,2,325.175022,0.0046,target
AVGO,2026-02-04,2026-02-04 21:52:00+00:00,6,2,326.545296,-0.0029000000000000002,stop
AVGO,2026-02-04,2026-02-04 22:12:00+00:00,6,2,323.5647,0.0046,target
AVGO,2026-02-04,2026-02-04 22:33:00+00:00,6,2,324.934974,0.0046,target
AVGO,2026-02-04,2026-02-04 22:55:00+00:00,7,2,327.075402,-0.0029000000000000002,stop
AVGO,2026-02-04,2026-02-04 23:15:00+00:00,6,2,326.70532799999995,0.0046,target
AVGO,2026-02-05,2026-02-05 14:43:00+00:00,6,2,323.184624,0.0046,target
AVGO,2026-02-05,2026-02-05 15:45:00+00:00,6,2,318.01358999999997,-0.0029000000000000002,stop
AVGO,2026-02-05,2026-02-05 16:25:00+00:00,6,2,317.66352,-0.0029000000000000002,stop
AVGO,2026-02-05,2026-02-05 16:54:00+00:00,6,2,320.459079,-0.0029000000000000002,stop
AVGO,2026-02-05,2026-02-05 17:23:00+00:00,6,2,318.66372,0.0046,target
AVGO,2026-02-05,2026-02-05 17:44:00+00:00,6,2,321.369261,-0.0029000000000000002,stop
AVGO,2026-02-06,2026-02-06 09:27:00+00:00,6,2,317.793546,0.0046,target
AVGO,2026-02-06,2026-02-06 09:48:00+00:00,7,2,318.673722,0.0046,target
AVGO,2026-02-06,2026-02-06 10:14:00+00:00,7,2,319.51389,0.0046,target
AVGO,2026-02-06,2026-02-06 10:42:00+00:00,6,2,320.95417799999996,0.0046,target
AVGO,2026-02-06,2026-02-06 11:04:00+00:00,6,2,321.204228,-0.0029000000000000002,stop
AVGO,2026-02-06,2026-02-06 11:32:00+00:00,6,2,320.5641,0.0046,target
AVGO,2026-02-06,2026-02-06 11:58:00+00:00,6,2,322.07440199999996,-0.0029000000000000002,stop
AVGO,2026-02-06,2026-02-06 12:49:00+00:00,6,2,321.53429400000005,-0.0029000000000000002,stop
AVGO,2026-02-06,2026-02-06 13:12:00+00:00,6,2,320.66412,0.0046,target
AVGO,2026-02-06,2026-02-06 13:38:00+00:00,6,2,321.22423200000003,0.0046,target
AVGO,2026-02-06,2026-02-06 13:58:00+00:00,7,2,322.034394,-0.0029000000000000002,stop
AVGO,2026-02-06,2026-02-06 14:18:00+00:00,7,2,322.19582628,-0.0029000000000000002,stop
AVGO,2026-02-06,2026-02-06 14:43:00+00:00,6,2,324.0648,0.0046,target
AVGO,2026-02-06,2026-02-06 15:03:00+00:00,6,2,324.744936,-0.0029000000000000002,stop
AVGO,2026-02-06,2026-02-06 15:23:00+00:00,7,2,326.925372,-0.0029000000000000002,stop
AVGO,2026-02-06,2026-02-06 15:56:00+00:00,7,2,325.31505,0.0046,target
AVGO,2026-02-06,2026-02-06 16:16:00+00:00,6,2,328.960779,-0.0029000000000000002,stop
AVGO,2026-02-06,2026-02-06 16:37:00+00:00,6,2,330.146016,0.0046,target
AVGO,2026-02-06,2026-02-06 17:00:00+00:00,6,2,331.346256,0.0046,target
AVGO,2026-02-06,2026-02-06 17:21:00+00:00,6,2,332.66652,0.0046,target
AVGO,2026-02-06,2026-02-06 17:41:00+00:00,6,2,333.426672,0.0046,target
AVGO,2026-02-06,2026-02-06 18:05:00+00:00,6,2,334.3148496,-0.0029000000000000002,stop
AVGO,2026-02-06,2026-02-06 18:31:00+00:00,6,2,333.156618,0.0046,target
AVGO,2026-02-06,2026-02-06 18:53:00+00:00,7,2,333.591705,-0.0029000000000000002,stop
AVGO,2026-02-06,2026-02-06 19:46:00+00:00,6,2,332.346456,0.0046,target
AVGO,2026-02-06,2026-02-06 20:06:00+00:00,8,2,334.056798,-0.0029000000000000002,stop
AVGO,2026-02-06,2026-02-06 20:33:00+00:00,6,2,333.231633,-0.0029000000000000002,stop
AVGO,2026-02-06,2026-02-06 20:58:00+00:00,7,2,332.94757619999996,-0.0029000000000000002,stop
AVGO,2026-02-06,2026-02-06 22:40:00+00:00,6,2,333.156618,-0.0029000000000000002,stop
AVGO,2026-02-09,2026-02-09 12:06:00+00:00,6,2,329.655918,0.0046,target
AVGO,2026-02-09,2026-02-09 13:09:00+00:00,6,2,331.39206516,-0.0029000000000000002,stop
AVGO,2026-02-09,2026-02-09 13:45:00+00:00,6,2,330.206028,-0.0029000000000000002,stop
AVGO,2026-02-09,2026-02-09 14:31:00+00:00,7,2,335.58710399999995,-0.0029000000000000002,stop
AVGO,2026-02-09,2026-02-09 14:53:00+00:00,7,2,340.16311902,-0.0029000000000000002,stop
AVGO,2026-02-09,2026-02-09 15:15:00+00:00,7,2,339.84795599999995,-0.0029000000000000002,stop
AVGO,2026-02-09,2026-02-09 15:36:00+00:00,8,2,341.22723179999997,-0.0029000000000000002,stop
AVGO,2026-02-09,2026-02-09 15:57:00+00:00,7,2,342.948576,-0.0029000000000000002,stop
AVGO,2026-02-09,2026-02-09 16:17:00+00:00,7,2,344.58890399999996,0.0046,target
AVGO,2026-02-09,2026-02-09 16:40:00+00:00,6,2,346.53929400000004,0.0046,target
AVGO,2026-02-09,2026-02-09 17:00:00+00:00,6,2,347.579502,0.0046,target
AVGO,2026-02-09,2026-02-09 17:20:00+00:00,6,2,351.09150425999997,-0.0029000000000000002,stop
AVGO,2026-02-09,2026-02-09 17:40:00+00:00,6,2,349.294845,-0.0029000000000000002,stop
AVGO,2026-02-09,2026-02-09 18:46:00+00:00,8,2,347.81955,-0.0029000000000000002,stop
AVGO,2026-02-09,2026-02-09 19:18:00+00:00,7,2,348.26964,-0.0029000000000000002,stop
AVGO,2026-02-09,2026-02-09 19:40:00+00:00,6,2,348.08960399999995,-0.0029000000000000002,stop
AVGO,2026-02-09,2026-02-09 20:03:00+00:00,7,2,346.649316,-0.0029000000000000002,stop
AVGO,2026-02-09,2026-02-09 20:43:00+00:00,6,2,345.679122,-0.0029000000000000002,stop
AVGO,2026-02-09,2026-02-09 21:34:00+00:00,9,2,345.26903999999996,0.0046,target
AVGO,2026-02-09,2026-02-09 23:01:00+00:00,7,2,345.16902,-0.0029000000000000002,stop
AVGO,2026-02-10,2026-02-10 10:07:00+00:00,7,2,346.479282,-0.0029000000000000002,stop
AVGO,2026-02-10,2026-02-10 11:41:00+00:00,6,2,347.0694,0.0046,target
AVGO,2026-02-10,2026-02-10 12:13:00+00:00,6,2,349.0698,0.0046,target
AVGO,2026-02-10,2026-02-10 12:35:00+00:00,6,2,349.61991,-0.0029000000000000002,stop
AVGO,2026-02-10,2026-02-10 13:38:00+00:00,6,2,346.204227,0.0046,target
AVGO,2026-02-10,2026-02-10 14:00:00+00:00,6,2,347.33065223999995,0.0046,target
AVGO,2026-02-10,2026-02-10 14:20:00+00:00,6,2,348.16962,-0.0029000000000000002,stop
AVGO,2026-02-10,2026-02-10 15:03:00+00:00,6,2,345.649116,-0.0029000000000000002,stop
AVGO,2026-02-10,2026-02-10 15:25:00+00:00,6,2,346.189224,-0.0029000000000000002,stop
AVGO,2026-02-10,2026-02-10 19:05:00+00:00,6,2,343.02859199999995,-0.0029000000000000002,stop
AVGO,2026-02-11,2026-02-11 11:36:00+00:00,6,2,341.40826799999996,-0.0029000000000000002,stop
AVGO,2026-02-11,2026-02-11 12:48:00+00:00,7,2,341.558298,-0.0029000000000000002,stop
AVGO,2026-02-11,2026-02-11 13:22:00+00:00,6,2,341.79834600000004,0.0046,target
AVGO,2026-02-11,2026-02-11 13:44:00+00:00,6,2,343.398666,0.0046,target
AVGO,2026-02-11,2026-02-11 14:14:00+00:00,6,2,344.90336688,0.0046,target
AVGO,2026-02-11,2026-02-11 16:25:00+00:00,6,2,339.297846,-0.0029000000000000002,stop
AVGO,2026-02-11,2026-02-11 17:10:00+00:00,6,2,339.697926,0.0046,target
AVGO,2026-02-11,2026-02-11 17:30:00+00:00,6,2,342.34845599999994,-0.0029000000000000002,stop
AVGO,2026-02-11,2026-02-11 17:55:00+00:00,6,2,342.06239880000004,-0.0029000000000000002,stop
AVGO,2026-02-11,2026-02-11 18:16:00+00:00,6,2,340.758138,0.0046,target
AVGO,2026-02-11,2026-02-11 18:47:00+00:00,6,2,341.41827,0.0046,target
AVGO,2026-02-11,2026-02-11 19:08:00+00:00,6,2,342.948576,-0.0029000000000000002,stop
AVGO,2026-02-11,2026-02-11 19:29:00+00:00,7,2,343.838754,0.0046,target
AVGO,2026-02-11,2026-02-11 19:49:00+00:00,6,2,344.33895402,-0.0029000000000000002,stop
AVGO,2026-02-11,2026-02-11 20:14:00+00:00,7,2,343.493685,-0.0029000000000000002,stop
AVGO,2026-02-11,2026-02-11 20:37:00+00:00,6,2,342.03839400000004,0.0046,target
AVGO,2026-02-11,2026-02-11 20:58:00+00:00,7,2,343.158618,-0.0029000000000000002,stop
AVGO,2026-02-11,2026-02-11 21:25:00+00:00,6,2,342.69212472,0.0046,target
AVGO,2026-02-11,2026-02-11 21:56:00+00:00,9,2,342.81855,0.0046,target
AVGO,2026-02-11,2026-02-11 22:30:00+00:00,8,2,343.21602948,0.0046,target
AVGO,2026-02-12,2026-02-12 11:50:00+00:00,6,2,344.34885599999996,-0.0029000000000000002,stop
AVGO,2026-02-12,2026-02-12 12:21:00+00:00,8,2,344.228832,-0.0029000000000000002,stop
AVGO,2026-02-12,2026-02-12 13:09:00+00:00,6,2,343.428672,0.0046,target
AVGO,2026-02-12,2026-02-12 13:47:00+00:00,6,2,344.51889,-0.0029000000000000002,stop
AVGO,2026-02-12,2026-02-12 14:26:00+00:00,6,2,344.948976,-0.0029000000000000002,stop
AVGO,2026-02-12,2026-02-12 22:08:00+00:00,6,2,331.96637999999996,0.0046,target
AVGO,2026-02-13,2026-02-13 13:09:00+00:00,6,2,329.26583999999997,0.0046,target
AVGO,2026-02-13,2026-02-13 13:31:00+00:00,7,2,331.5663,-0.0029000000000000002,stop
AVGO,2026-02-13,2026-02-13 13:56:00+00:00,6,2,332.176422,-0.0029000000000000002,stop
AVGO,2026-02-13,2026-02-13 14:51:00+00:00,6,2,330.776142,-0.0029000000000000002,stop
AVGO,2026-02-13,2026-02-13 15:34:00+00:00,6,2,330.746136,-0.0029000000000000002,stop
AVGO,2026-02-13,2026-02-13 16:07:00+00:00,8,2,330.24383556,-0.0029000000000000002,stop
AVGO,2026-02-13,2026-02-13 16:44:00+00:00,6,2,328.940775,0.0046,target
AVGO,2026-02-13,2026-02-13 17:10:00+00:00,6,2,329.460879,0.0046,target
AVGO,2026-02-13,2026-02-13 17:32:00+00:00,7,2,331.176222,-0.0029000000000000002,stop
AVGO,2026-02-13,2026-02-13 17:53:00+00:00,6,2,330.476082,-0.0029000000000000002,stop
AVGO,2026-02-13,2026-02-13 18:28:00+00:00,6,2,329.44377558,-0.0029000000000000002,stop
AVGO,2026-02-17,2026-02-17 13:55:00+00:00,6,2,319.8229518,-0.0029000000000000002,stop
AVGO,2026-02-17,2026-02-17 14:39:00+00:00,6,2,323.804748,-0.0029000000000000002,stop
AVGO,2026-02-17,2026-02-17 15:09:00+00:00,7,2,321.944376,0.0046,target
AVGO,2026-02-17,2026-02-17 15:31:00+00:00,6,2,323.984784,-0.0029000000000000002,stop
AVGO,2026-02-17,2026-02-17 15:52:00+00:00,8,2,327.950577,-0.0029000000000000002,stop
AVGO,2026-02-17,2026-02-17 16:12:00+00:00,6,2,330.806148,-0.0029000000000000002,stop
AVGO,2026-02-17,2026-02-17 16:32:00+00:00,6,2,330.035994,0.0046,target
AVGO,2026-02-17,2026-02-17 16:52:00+00:00,6,2,332.32645199999996,-0.0029000000000000002,stop
AVGO,2026-02-17,2026-02-17 17:23:00+00:00,6,2,330.63611399999996,-0.0029000000000000002,stop
AVGO,2026-02-17,2026-02-17 18:12:00+00:00,6,2,330.346056,0.0046,target
AVGO,2026-02-17,2026-02-17 18:32:00+00:00,7,2,332.296446,0.0046,target
AVGO,2026-02-17,2026-02-17 18:55:00+00:00,7,2,333.486684,-0.0029000000000000002,stop
AVGO,2026-02-17,2026-02-17 19:15:00+00:00,8,2,333.001587,0.0046,target
AVGO,2026-02-17,2026-02-17 19:40:00+00:00,6,2,335.447076,-0.0029000000000000002,stop
AVGO,2026-02-17,2026-02-17 20:01:00+00:00,7,2,334.206828,-0.0029000000000000002,stop
AVGO,2026-02-17,2026-02-17 20:35:00+00:00,7,2,334.436874,-0.0029000000000000002,stop
AVGO,2026-02-17,2026-02-17 21:00:00+00:00,6,2,332.746536,-0.0029000000000000002,stop
AVGO,2026-02-18,2026-02-18 12:07:00+00:00,6,2,332.056398,-0.0029000000000000002,stop
AVGO,2026-02-18,2026-02-18 14:36:00+00:00,6,2,329.760939,-0.0029000000000000002,stop
AVGO,2026-02-18,2026-02-18 14:59:00+00:00,7,2,332.996586,0.0046,target
AVGO,2026-02-18,2026-02-18 15:20:00+00:00,6,2,334.676922,0.0046,target
AVGO,2026-02-18,2026-02-18 15:45:00+00:00,6,2,335.357058,0.0046,target
AVGO,2026-02-18,2026-02-18 16:09:00+00:00,8,2,337.15171685999996,-0.0029000000000000002,stop
AVGO,2026-02-18,2026-02-18 16:30:00+00:00,6,2,336.70732799999996,-0.0029000000000000002,stop
AVGO,2026-02-18,2026-02-18 17:01:00+00:00,7,2,335.72713200000004,0.0046,target
AVGO,2026-02-18,2026-02-18 17:51:00+00:00,6,2,335.307048,0.0046,target
AVGO,2026-02-18,2026-02-18 18:12:00+00:00,6,2,335.397066,0.0046,target
AVGO,2026-02-18,2026-02-18 18:35:00+00:00,6,2,335.57710199999997,-0.0029000000000000002,stop
AVGO,2026-02-18,2026-02-18 19:05:00+00:00,6,2,335.437074,-0.0029000000000000002,stop
AVGO,2026-02-18,2026-02-18 19:27:00+00:00,6,2,334.556898,-0.0029000000000000002,stop
AVGO,2026-02-18,2026-02-18 20:43:00+00:00,6,2,333.47668200000004,-0.0029000000000000002,stop
AVGO,2026-02-18,2026-02-18 22:59:00+00:00,7,2,333.676722,0.0046,target
AVGO,2026-02-19,2026-02-19 12:29:00+00:00,6,2,331.936374,0.0046,target
AVGO,2026-02-19,2026-02-19 14:29:00+00:00,6,2,332.986584,-0.0029000000000000002,stop
AVGO,2026-02-19,2026-02-19 14:49:00+00:00,7,2,333.46668,0.0046,target
AVGO,2026-02-19,2026-02-19 15:11:00+00:00,6,2,337.74253500000003,-0.0029000000000000002,stop
AVGO,2026-02-19,2026-02-19 15:32:00+00:00,7,2,335.17202100000003,0.0046,target
AVGO,2026-02-19,2026-02-19 15:53:00+00:00,7,2,336.29724600000003,0.0046,target
AVGO,2026-02-19,2026-02-19 16:14:00+00:00,6,2,336.757338,-0.0029000000000000002,stop
AVGO,2026-02-19,2026-02-19 17:29:00+00:00,6,2,336.59230499999995,-0.0029000000000000002,stop
AVGO,2026-02-19,2026-02-19 18:10:00+00:00,6,2,335.757138,-0.0029000000000000002,stop
AVGO,2026-02-19,2026-02-19 20:51:00+00:00,6,2,333.09660599999995,0.0046,target
AVGO,2026-02-20,2026-02-20 14:41:00+00:00,7,2,336.0672,0.0046,target
AVGO,2026-02-20,2026-02-20 15:01:00+00:00,7,2,337.9485762,0.0046,target
AVGO,2026-02-20,2026-02-20 15:26:00+00:00,6,2,335.477082,-0.0029000000000000002,stop
AVGO,2026-02-20,2026-02-20 15:48:00+00:00,7,2,336.077202,0.0046,target
AVGO,2026-02-20,2026-02-20 16:12:00+00:00,6,2,337.257438,-0.0029000000000000002,stop
AVGO,2026-02-20,2026-02-20 16:43:00+00:00,6,2,336.327252,-0.0029000000000000002,stop
AVGO,2026-02-20,2026-02-20 18:46:00+00:00,6,2,334.91707002,-0.0029000000000000002,stop
AVGO,2026-02-23,2026-02-23 13:20:00+00:00,7,2,329.84605602,0.0046,target
AVGO,2026-02-23,2026-02-23 13:49:00+00:00,7,2,330.626112,0.0046,target
AVGO,2026-02-23,2026-02-23 14:13:00+00:00,7,2,331.07620199999997,-0.0029000000000000002,stop
AVGO,2026-02-23,2026-02-23 14:33:00+00:00,7,2,334.946976,-0.0029000000000000002,stop
AVGO,2026-02-23,2026-02-23 14:54:00+00:00,7,2,337.102407,-0.0029000000000000002,stop
AVGO,2026-02-23,2026-02-23 15:20:00+00:00,8,2,337.02739199999996,-0.0029000000000000002,stop
AVGO,2026-02-23,2026-02-23 16:42:00+00:00,6,2,333.33665399999995,-0.0029000000000000002,stop
AVGO,2026-02-23,2026-02-23 23:01:00+00:00,6,2,330.1495167,0.0046,target
AVGO,2026-02-24,2026-02-24 14:53:00+00:00,6,2,324.06469998,-0.0029000000000000002,stop
AVGO,2026-02-24,2026-02-24 15:20:00+00:00,6,2,323.66472,0.0046,target
AVGO,2026-02-24,2026-02-24 15:41:00+00:00,8,2,326.11521,-0.0029000000000000002,stop
AVGO,2026-02-24,2026-02-24 16:01:00+00:00,6,2,325.105008,0.0046,target
AVGO,2026-02-24,2026-02-24 16:23:00+00:00,6,2,324.834954,-0.0029000000000000002,stop
AVGO,2026-02-24,2026-02-24 16:44:00+00:00,6,2,325.200027,0.0046,target
AVGO,2026-02-24,2026-02-24 17:05:00+00:00,6,2,326.7378345,0.0046,target
AVGO,2026-02-24,2026-02-24 17:25:00+00:00,6,2,328.135614,-0.0029000000000000002,stop
AVGO,2026-02-24,2026-02-24 17:48:00+00:00,6,2,327.510489,-0.0029000000000000002,stop
AVGO,2026-02-24,2026-02-24 18:43:00+00:00,6,2,324.284844,-0.0029000000000000002,stop
AVGO,2026-02-24,2026-02-24 19:03:00+00:00,6,2,324.90496799999994,-0.0029000000000000002,stop
AVGO,2026-02-24,2026-02-24 19:26:00+00:00,6,2,324.77494199999995,-0.0029000000000000002,stop
AVGO,2026-02-24,2026-02-24 19:50:00+00:00,6,2,324.91497000000004,-0.0029000000000000002,stop
AVGO,2026-02-24,2026-02-24 20:28:00+00:00,6,2,323.854758,0.0046,target
AVGO,2026-02-24,2026-02-24 20:51:00+00:00,8,2,325.47508200000004,-0.0029000000000000002,stop
AVGO,2026-02-24,2026-02-24 21:18:00+00:00,7,2,325.185024,0.0046,target
AVGO,2026-02-24,2026-02-24 22:22:00+00:00,6,2,324.75673836,0.0046,target
AVGO,2026-02-25,2026-02-25 11:40:00+00:00,7,2,328.355658,-0.0029000000000000002,stop
AVGO,2026-02-25,2026-02-25 12:06:00+00:00,7,2,328.495686,0.0046,target
AVGO,2026-02-25,2026-02-25 12:34:00+00:00,8,2,329.06579999999997,-0.0029000000000000002,stop
AVGO,2026-02-25,2026-02-25 13:12:00+00:00,6,2,329.26583999999997,0.0046,target
AVGO,2026-02-25,2026-02-25 13:37:00+00:00,7,2,329.195826,0.0046,target
AVGO,2026-02-25,2026-02-25 14:02:00+00:00,7,2,329.40276738,0.0046,target
AVGO,2026-02-25,2026-02-25 14:29:00+00:00,8,2,331.11621,0.0046,target
AVGO,2026-02-25,2026-02-25 14:57:00+00:00,6,2,335.16201900000004,-0.0029000000000000002,stop
AVGO,2026-02-25,2026-02-25 16:30:00+00:00,6,2,330.84115499999996,-0.0029000000000000002,stop
AVGO,2026-02-25,2026-02-25 17:11:00+00:00,6,2,332.396466,-0.0029000000000000002,stop
AVGO,2026-02-25,2026-02-25 17:43:00+00:00,6,2,332.431473,-0.0029000000000000002,stop
AVGO,2026-02-25,2026-02-25 18:03:00+00:00,6,2,332.47648200000003,-0.0029000000000000002,stop
AVGO,2026-02-25,2026-02-25 18:23:00+00:00,6,2,333.081603,-0.0029000000000000002,stop
AVGO,2026-02-25,2026-02-25 18:43:00+00:00,6,2,333.796746,0.0046,target
AVGO,2026-02-25,2026-02-25 19:04:00+00:00,6,2,334.786944,0.0046,target
AVGO,2026-02-25,2026-02-25 19:27:00+00:00,6,2,335.687124,-0.0029000000000000002,stop
AVGO,2026-02-25,2026-02-25 21:35:00+00:00,8,2,335.36706,-0.0029000000000000002,stop
AVGO,2026-02-25,2026-02-25 21:55:00+00:00,6,2,334.01678999999996,-0.0029000000000000002,stop
AVGO,2026-02-25,2026-02-25 23:01:00+00:00,7,2,332.87776224,-0.0029000000000000002,stop
AVGO,2026-02-26,2026-02-26 12:34:00+00:00,7,2,331.66632000000004,-0.0029000000000000002,stop
AVGO,2026-02-26,2026-02-26 13:28:00+00:00,6,2,331.036194,-0.0029000000000000002,stop
AVGO,2026-02-26,2026-02-26 18:45:00+00:00,6,2,313.182624,-0.0029000000000000002,stop
AVGO,2026-02-26,2026-02-26 19:08:00+00:00,6,2,314.22283200000004,0.0046,target
AVGO,2026-02-26,2026-02-26 19:29:00+00:00,6,2,315.808149,0.0046,target
AVGO,2026-02-26,2026-02-26 19:49:00+00:00,6,2,316.673322,0.0046,target
AVGO,2026-02-26,2026-02-26 20:16:00+00:00,6,2,316.7458365,0.0046,target
AVGO,2026-02-26,2026-02-26 20:36:00+00:00,8,2,318.968781,-0.0029000000000000002,stop
AVGO,2026-02-26,2026-02-26 21:11:00+00:00,7,2,319.46387999999996,-0.0029000000000000002,stop
AVGO,2026-02-26,2026-02-26 21:40:00+00:00,7,2,318.403668,-0.0029000000000000002,stop
AVGO,2026-02-26,2026-02-26 22:15:00+00:00,6,2,318.623712,-0.0029000000000000002,stop
AVGO,2026-02-26,2026-02-26 23:02:00+00:00,7,2,317.76354,-0.0029000000000000002,stop
AVGO,2026-02-26,2026-02-26 23:23:00+00:00,6,2,319.11381,-0.0029000000000000002,stop
AVGO,2026-02-27,2026-02-27 14:39:00+00:00,6,2,314.772942,-0.0029000000000000002,stop
AVGO,2026-02-27,2026-02-27 15:00:00+00:00,6,2,316.373262,0.0046,target
AVGO,2026-02-27,2026-02-27 15:20:00+00:00,7,2,318.11361,-0.0029000000000000002,stop
AVGO,2026-02-27,2026-02-27 15:42:00+00:00,6,2,317.948577,0.0046,target
AVGO,2026-02-27,2026-02-27 16:03:00+00:00,6,2,318.33365399999997,-0.0029000000000000002,stop
AVGO,2026-02-27,2026-02-27 16:25:00+00:00,6,2,318.69372599999997,-0.0029000000000000002,stop
AVGO,2026-02-27,2026-02-27 16:51:00+00:00,6,2,317.303448,0.0046,target
AVGO,2026-02-27,2026-02-27 17:12:00+00:00,6,2,317.99438616,0.0046,target
AVGO,2026-02-27,2026-02-27 17:34:00+00:00,7,2,319.17382200000003,-0.0029000000000000002,stop
AVGO,2026-02-27,2026-02-27 18:01:00+00:00,6,2,318.72873300000003,-0.0029000000000000002,stop
AVGO,2026-02-27,2026-02-27 19:10:00+00:00,7,2,317.173422,0.0046,target
AVGO,2026-02-27,2026-02-27 19:33:00+00:00,6,2,317.403468,0.0046,target
AVGO,2026-02-27,2026-02-27 19:57:00+00:00,6,2,317.45347799999996,0.0046,target
AVGO,2026-02-27,2026-02-27 20:18:00+00:00,6,2,318.888765,0.0046,target
AVGO,2026-02-27,2026-02-27 20:40:00+00:00,6,2,318.87386202,0.0046,target
AVGO,2026-02-27,2026-02-27 21:05:00+00:00,6,2,319.31385,-0.0029000000000000002,stop
AVGO,2026-02-27,2026-02-27 22:56:00+00:00,7,2,318.46367999999995,-0.0029000000000000002,stop
AVGO,2026-03-02,2026-03-02 11:55:00+00:00,6,2,310.072002,-0.0029000000000000002,stop
AVGO,2026-03-02,2026-03-02 12:46:00+00:00,7,2,310.232034,-0.0029000000000000002,stop
AVGO,2026-03-02,2026-03-02 13:17:00+00:00,6,2,310.5621,0.0046,target
AVGO,2026-03-02,2026-03-02 13:46:00+00:00,6,2,310.502088,-0.0029000000000000002,stop
AVGO,2026-03-02,2026-03-02 14:36:00+00:00,6,2,311.84735700000004,-0.0029000000000000002,stop
AVGO,2026-03-02,2026-03-02 15:07:00+00:00,6,2,314.492886,0.0046,target
AVGO,2026-03-02,2026-03-02 15:31:00+00:00,6,2,312.767541,-0.0029000000000000002,stop
AVGO,2026-03-02,2026-03-02 15:51:00+00:00,7,2,315.903168,-0.0029000000000000002,stop
AVGO,2026-03-02,2026-03-02 16:30:00+00:00,6,2,314.332854,0.0046,target
AVGO,2026-03-02,2026-03-02 16:51:00+00:00,6,2,316.723332,-0.0029000000000000002,stop
AVGO,2026-03-02,2026-03-02 17:20:00+00:00,6,2,316.34325599999994,-0.0029000000000000002,stop
AVGO,2026-03-02,2026-03-02 17:40:00+00:00,6,2,315.81315,0.0046,target
AVGO,2026-03-02,2026-03-02 18:02:00+00:00,6,2,316.67442222,-0.0029000000000000002,stop
AVGO,2026-03-02,2026-03-02 18:44:00+00:00,6,2,314.987985,0.0046,target
AVGO,2026-03-02,2026-03-02 19:10:00+00:00,7,2,316.36326,0.0046,target
AVGO,2026-03-02,2026-03-02 19:31:00+00:00,7,2,317.168421,0.0046,target
AVGO,2026-03-02,2026-03-02 19:51:00+00:00,6,2,317.31345,-0.0029000000000000002,stop
AVGO,2026-03-02,2026-03-02 20:17:00+00:00,6,2,316.70722878,0.0046,target
AVGO,2026-03-02,2026-03-02 20:38:00+00:00,6,2,316.933374,0.0046,target
AVGO,2026-03-02,2026-03-02 21:00:00+00:00,6,2,318.71373,-0.0029000000000000002,stop
AVGO,2026-03-02,2026-03-02 21:56:00+00:00,6,2,317.36346000000003,0.0046,target
AVGO,2026-03-02,2026-03-02 22:29:00+00:00,6,2,317.66352,0.0046,target
AVGO,2026-03-03,2026-03-03 12:03:00+00:00,6,2,310.82215199999996,0.0046,target
AVGO,2026-03-03,2026-03-03 12:26:00+00:00,6,2,311.642316,-0.0029000000000000002,stop
AVGO,2026-03-03,2026-03-03 12:51:00+00:00,7,2,311.602308,-0.0029000000000000002,stop
AVGO,2026-03-03,2026-03-03 14:27:00+00:00,7,2,311.48838522,0.0046,target
AVGO,2026-03-03,2026-03-03 14:52:00+00:00,8,2,313.60890924,-0.0029000000000000002,stop
AVGO,2026-03-03,2026-03-03 15:20:00+00:00,6,2,311.28224400000005,-0.0029000000000000002,stop
AVGO,2026-03-03,2026-03-03 16:16:00+00:00,6,2,311.572302,-0.0029000000000000002,stop
AVGO,2026-03-03,2026-03-03 16:41:00+00:00,7,2,312.682524,-0.0029000000000000002,stop
AVGO,2026-03-03,2026-03-03 17:01:00+00:00,7,2,314.932974,-0.0029000000000000002,stop
AVGO,2026-03-03,2026-03-03 17:29:00+00:00,7,2,315.11301000000003,-0.0029000000000000002,stop
AVGO,2026-03-03,2026-03-03 17:56:00+00:00,6,2,313.652718,0.0046,target
AVGO,2026-03-03,2026-03-03 18:27:00+00:00,6,2,314.84295599999996,-0.0029000000000000002,stop
AVGO,2026-03-03,2026-03-03 18:49:00+00:00,6,2,314.472882,-0.0029000000000000002,stop
AVGO,2026-03-03,2026-03-03 19:13:00+00:00,6,2,313.67262198,-0.0029000000000000002,stop
AVGO,2026-03-03,2026-03-03 19:38:00+00:00,6,2,314.21283,-0.0029000000000000002,stop
AVGO,2026-03-03,2026-03-03 20:07:00+00:00,6,2,314.357859,-0.0029000000000000002,stop
AVGO,2026-03-03,2026-03-03 20:34:00+00:00,6,2,314.257839,-0.0029000000000000002,stop
AVGO,2026-03-03,2026-03-03 20:54:00+00:00,6,2,313.5627,0.0046,target
AVGO,2026-03-03,2026-03-03 21:39:00+00:00,6,2,313.26264,0.0046,target
AVGO,2026-03-04,2026-03-04 09:58:00+00:00,6,2,315.243036,0.0046,target
AVGO,2026-03-04,2026-03-04 10:22:00+00:00,6,2,316.723332,0.0046,target
AVGO,2026-03-04,2026-03-04 11:00:00+00:00,7,2,317.703528,0.0046,target
AVGO,2026-03-04,2026-03-04 11:28:00+00:00,7,2,319.253838,-0.0029000000000000002,stop
AVGO,2026-03-04,2026-03-04 12:39:00+00:00,6,2,316.66332,0.0046,target
AVGO,2026-03-04,2026-03-04 13:11:00+00:00,7,2,317.57350199999996,-0.0029000000000000002,stop
AVGO,2026-03-04,2026-03-04 13:32:00+00:00,6,2,317.76354,0.0046,target
AVGO,2026-03-04,2026-03-04 13:53:00+00:00,7,2,317.383464,0.0046,target
AVGO,2026-03-04,2026-03-04 14:19:00+00:00,7,2,318.01358999999997,-0.0029000000000000002,stop
AVGO,2026-03-04,2026-03-04 14:57:00+00:00,6,2,316.628313,0.0046,target
AVGO,2026-03-04,2026-03-04 15:18:00+00:00,6,2,319.603908,0.0046,target
AVGO,2026-03-04,2026-03-04 15:38:00+00:00,7,2,322.16442,-0.0029000000000000002,stop
AVGO,2026-03-04,2026-03-04 16:02:00+00:00,7,2,321.77104134,-0.0029000000000000002,stop
AVGO,2026-03-04,2026-03-04 17:11:00+00:00,8,2,320.38406399999997,-0.0029000000000000002,stop
AVGO,2026-03-04,2026-03-04 17:47:00+00:00,6,2,320.474082,0.0046,target
AVGO,2026-03-04,2026-03-04 18:10:00+00:00,6,2,321.504288,-0.0029000000000000002,stop
AVGO,2026-03-04,2026-03-04 18:31:00+00:00,6,2,320.799147,-0.0029000000000000002,stop
AVGO,2026-03-04,2026-03-04 19:00:00+00:00,8,2,321.12431202,0.0046,target
AVGO,2026-03-04,2026-03-04 19:20:00+00:00,6,2,321.75423798,-0.0029000000000000002,stop
AVGO,2026-03-04,2026-03-04 20:11:00+00:00,6,2,320.744136,-0.0029000000000000002,stop
AVGO,2026-03-04,2026-03-04 21:36:00+00:00,7,2,319.51389,-0.0029000000000000002,stop
AVGO,2026-03-04,2026-03-04 21:57:00+00:00,6,2,319.16382000000004,-0.0029000000000000002,stop
AVGO,2026-03-04,2026-03-04 22:17:00+00:00,8,2,331.52709216,0.0046,target
AVGO,2026-03-04,2026-03-04 22:39:00+00:00,7,2,331.556298,0.0046,target
AVGO,2026-03-04,2026-03-04 23:01:00+00:00,6,2,333.00658799999997,-0.0029000000000000002,stop
AVGO,2026-03-04,2026-03-04 23:23:00+00:00,6,2,332.026392,-0.0029000000000000002,stop
AVGO,2026-03-05,2026-03-05 09:27:00+00:00,7,2,339.16782,-0.0029000000000000002,stop
AVGO,2026-03-05,2026-03-05 09:51:00+00:00,6,2,339.86796,-0.0029000000000000002,stop
AVGO,2026-03-05,2026-03-05 10:12:00+00:00,6,2,340.91817000000003,-0.0029000000000000002,stop
AVGO,2026-03-05,2026-03-05 10:34:00+00:00,6,2,341.678322,-0.0029000000000000002,stop
AVGO,2026-03-05,2026-03-05 11:12:00+00:00,6,2,340.448076,-0.0029000000000000002,stop
AVGO,2026-03-05,2026-03-05 11:32:00+00:00,7,2,339.81795,-0.0029000000000000002,stop
AVGO,2026-03-05,2026-03-05 12:01:00+00:00,6,2,338.06759999999997,-0.0029000000000000002,stop
AVGO,2026-03-05,2026-03-05 12:50:00+00:00,6,2,337.46747999999997,-0.0029000000000000002,stop
AVGO,2026-03-05,2026-03-05 13:20:00+00:00,6,2,337.66752,-0.0029000000000000002,stop
AVGO,2026-03-05,2026-03-05 14:51:00+00:00,7,2,331.836354,-0.0029000000000000002,stop
AVGO,2026-03-05,2026-03-05 15:13:00+00:00,6,2,332.87646198000004,-0.0029000000000000002,stop
AVGO,2026-03-05,2026-03-05 15:46:00+00:00,6,2,331.83685410000004,0.0046,target
AVGO,2026-03-05,2026-03-05 16:09:00+00:00,6,2,333.07610189999997,-0.0029000000000000002,stop
AVGO,2026-03-05,2026-03-05 16:31:00+00:00,6,2,333.65671799999996,0.0046,target
AVGO,2026-03-05,2026-03-05 16:53:00+00:00,6,2,334.156818,0.0046,target
AVGO,2026-03-05,2026-03-05 17:13:00+00:00,7,2,335.59710599999994,-0.0029000000000000002,stop
AVGO,2026-03-05,2026-03-05 18:14:00+00:00,6,2,332.141415,-0.0029000000000000002,stop
AVGO,2026-03-05,2026-03-05 20:14:00+00:00,6,2,327.185424,0.0046,target
AVGO,2026-03-05,2026-03-05 20:37:00+00:00,6,2,329.095806,-0.0029000000000000002,stop
AVGO,2026-03-05,2026-03-05 21:02:00+00:00,6,2,332.16642,-0.0029000000000000002,stop
AVGO,2026-03-05,2026-03-05 21:23:00+00:00,6,2,332.01639,-0.0029000000000000002,stop
AVGO,2026-03-05,2026-03-05 21:43:00+00:00,6,2,331.06509977999997,0.0046,target
AVGO,2026-03-05,2026-03-05 22:16:00+00:00,7,2,331.66632000000004,0.0046,target
AVGO,2026-03-05,2026-03-05 22:53:00+00:00,6,2,331.55359746,-0.0029000000000000002,stop
AVGO,2026-03-06,2026-03-06 14:34:00+00:00,7,2,331.41627,-0.0029000000000000002,stop
AVGO,2026-03-06,2026-03-06 14:57:00+00:00,6,2,334.206828,-0.0029000000000000002,stop
AVGO,2026-03-06,2026-03-06 15:18:00+00:00,7,2,339.27784199999996,-0.0029000000000000002,stop
AVGO,2026-03-06,2026-03-06 15:44:00+00:00,7,2,338.657718,-0.0029000000000000002,stop
AVGO,2026-03-06,2026-03-06 16:24:00+00:00,6,2,335.86716,-0.0029000000000000002,stop
AVGO,2026-03-06,2026-03-06 16:44:00+00:00,7,2,341.058198,0.0046,target
AVGO,2026-03-06,2026-03-06 17:04:00+00:00,8,2,342.96858,-0.0029000000000000002,stop
AVGO,2026-03-06,2026-03-06 17:45:00+00:00,6,2,338.602707,0.0046,target
AVGO,2026-03-06,2026-03-06 18:07:00+00:00,6,2,339.182823,0.0046,target
AVGO,2026-03-06,2026-03-06 18:27:00+00:00,6,2,340.298046,-0.0029000000000000002,stop
AVGO,2026-03-06,2026-03-06 18:53:00+00:00,7,2,340.36806,-0.0029000000000000002,stop
AVGO,2026-03-06,2026-03-06 19:14:00+00:00,6,2,340.688124,-0.0029000000000000002,stop
AVGO,2026-03-06,2026-03-06 19:35:00+00:00,6,2,339.412869,-0.0029000000000000002,stop
AVGO,2026-03-06,2026-03-06 21:53:00+00:00,6,2,331.79244522,-0.0029000000000000002,stop
AVGO,2026-03-06,2026-03-06 23:08:00+00:00,6,2,331.59660606,0.0046,target
AVGO,2026-03-09,2026-03-09 09:46:00+00:00,6,2,327.46547999999996,-0.0029000000000000002,stop
AVGO,2026-03-09,2026-03-09 11:17:00+00:00,6,2,325.66512,0.0046,target
AVGO,2026-03-09,2026-03-09 11:43:00+00:00,6,2,326.26524,0.0046,target
AVGO,2026-03-09,2026-03-09 12:15:00+00:00,7,2,327.04539600000004,-0.0029000000000000002,stop
AVGO,2026-03-09,2026-03-09 12:35:00+00:00,6,2,326.26524,-0.0029000000000000002,stop
AVGO,2026-03-09,2026-03-09 12:59:00+00:00,6,2,326.085204,0.0046,target
AVGO,2026-03-09,2026-03-09 13:19:00+00:00,6,2,327.02509194,-0.0029000000000000002,stop
AVGO,2026-03-09,2026-03-09 13:39:00+00:00,8,2,330.84615599999995,-0.0029000000000000002,stop
AVGO,2026-03-09,2026-03-09 14:00:00+00:00,6,2,331.831353,-0.0029000000000000002,stop
AVGO,2026-03-09,2026-03-09 14:23:00+00:00,6,2,338.507688,-0.0029000000000000002,stop
AVGO,2026-03-09,2026-03-09 14:45:00+00:00,6,2,339.512889,-0.0029000000000000002,stop
AVGO,2026-03-09,2026-03-09 15:10:00+00:00,6,2,339.28284299999996,-0.0029000000000000002,stop
AVGO,2026-03-09,2026-03-09 15:30:00+00:00,7,2,341.88836399999997,-0.0029000000000000002,stop
AVGO,2026-03-09,2026-03-09 15:50:00+00:00,7,2,342.46847999999994,-0.0029000000000000002,stop
AVGO,2026-03-09,2026-03-09 16:24:00+00:00,6,2,343.34365499999996,0.0046,target
AVGO,2026-03-09,2026-03-09 16:48:00+00:00,6,2,346.11921,-0.0029000000000000002,stop
AVGO,2026-03-09,2026-03-09 17:09:00+00:00,6,2,344.38306284000004,-0.0029000000000000002,stop
AVGO,2026-03-09,2026-03-09 17:53:00+00:00,6,2,342.92857200000003,0.0046,target
AVGO,2026-03-09,2026-03-09 18:16:00+00:00,7,2,344.358858,-0.0029000000000000002,stop
AVGO,2026-03-09,2026-03-09 18:40:00+00:00,6,2,343.108608,-0.0029000000000000002,stop
AVGO,2026-03-09,2026-03-09 19:10:00+00:00,6,2,342.358458,-0.0029000000000000002,stop
AVGO,2026-03-09,2026-03-09 19:33:00+00:00,7,2,347.339454,-0.0029000000000000002,stop
AVGO,2026-03-09,2026-03-09 19:56:00+00:00,7,2,346.189224,-0.0029000000000000002,stop
AVGO,2026-03-09,2026-03-09 20:27:00+00:00,6,2,344.808948,0.0046,target
AVGO,2026-03-09,2026-03-09 21:20:00+00:00,6,2,344.948976,0.0046,target
AVGO,2026-03-09,2026-03-09 22:25:00+00:00,6,2,343.0686,0.0046,target
AVGO,2026-03-09,2026-03-09 22:53:00+00:00,6,2,343.5687,0.0046,target
AVGO,2026-03-10,2026-03-10 10:04:00+00:00,6,2,348.589704,-0.0029000000000000002,stop
AVGO,2026-03-10,2026-03-10 12:51:00+00:00,7,2,346.58930399999997,0.0046,target
AVGO,2026-03-10,2026-03-10 13:14:00+00:00,6,2,346.53929400000004,0.0046,target
AVGO,2026-03-10,2026-03-10 13:52:00+00:00,6,2,352.85555700000003,-0.0029000000000000002,stop
AVGO,2026-03-10,2026-03-10 14:37:00+00:00,6,2,350.33005199999997,-0.0029000000000000002,stop
AVGO,2026-03-10,2026-03-10 15:06:00+00:00,7,2,350.34505499999995,-0.0029000000000000002,stop
AVGO,2026-03-10,2026-03-10 19:28:00+00:00,6,2,343.14851598,-0.0029000000000000002,stop
AVGO,2026-03-10,2026-03-10 20:32:00+00:00,6,2,344.26883999999995,-0.0029000000000000002,stop
AVGO,2026-03-11,2026-03-11 11:02:00+00:00,7,2,343.96878,-0.0029000000000000002,stop
AVGO,2026-03-11,2026-03-11 12:31:00+00:00,6,2,343.09860599999996,-0.0029000000000000002,stop
AVGO,2026-03-11,2026-03-11 13:12:00+00:00,6,2,344.038794,-0.0029000000000000002,stop
AVGO,2026-03-11,2026-03-11 13:50:00+00:00,7,2,343.548696,0.0046,target
AVGO,2026-03-11,2026-03-11 14:24:00+00:00,6,2,343.838754,-0.0029000000000000002,stop
AVGO,2026-03-11,2026-03-11 15:05:00+00:00,6,2,343.91877,-0.0029000000000000002,stop
AVGO,2026-03-11,2026-03-11 16:41:00+00:00,6,2,341.11821,0.0046,target
AVGO,2026-03-11,2026-03-11 17:01:00+00:00,7,2,342.858558,-0.0029000000000000002,stop
AVGO,2026-03-11,2026-03-11 18:55:00+00:00,6,2,340.473081,0.0046,target
AVGO,2026-03-11,2026-03-11 19:55:00+00:00,8,2,341.68332300000003,-0.0029000000000000002,stop
AVGO,2026-03-12,2026-03-12 11:44:00+00:00,6,2,340.068,-0.0029000000000000002,stop
AVGO,2026-03-12,2026-03-12 13:36:00+00:00,6,2,338.66772000000003,-0.0029000000000000002,stop
AVGO,2026-03-12,2026-03-12 15:31:00+00:00,6,2,335.547096,-0.0029000000000000002,stop
AVGO,2026-03-12,2026-03-12 15:51:00+00:00,6,2,336.70732799999996,-0.0029000000000000002,stop
AVGO,2026-03-12,2026-03-12 16:11:00+00:00,6,2,336.14721599999996,0.0046,target
AVGO,2026-03-12,2026-03-12 16:39:00+00:00,7,2,337.902567,0.0046,target
AVGO,2026-03-12,2026-03-12 17:00:00+00:00,6,2,338.06759999999997,0.0046,target
AVGO,2026-03-12,2026-03-12 17:22:00+00:00,6,2,337.407468,0.0046,target
AVGO,2026-03-12,2026-03-12 17:44:00+00:00,6,2,338.087604,-0.0029000000000000002,stop
AVGO,2026-03-12,2026-03-12 18:08:00+00:00,6,2,337.677522,-0.0029000000000000002,stop
AVGO,2026-03-12,2026-03-12 18:28:00+00:00,7,2,338.10260700000003,-0.0029000000000000002,stop
AVGO,2026-03-12,2026-03-12 18:58:00+00:00,6,2,336.58730399999996,-0.0029000000000000002,stop
AVGO,2026-03-12,2026-03-12 19:30:00+00:00,6,2,336.73733400000003,-0.0029000000000000002,stop
AVGO,2026-03-12,2026-03-12 20:01:00+00:00,6,2,336.407268,0.0046,target
AVGO,2026-03-12,2026-03-12 20:37:00+00:00,7,2,336.76734,-0.0029000000000000002,stop
AVGO,2026-03-12,2026-03-12 22:38:00+00:00,6,2,336.337254,0.0046,target
AVGO,2026-03-13,2026-03-13 11:44:00+00:00,7,2,338.5677,-0.0029000000000000002,stop
AVGO,2026-03-13,2026-03-13 12:15:00+00:00,6,2,339.0678,0.0046,target
AVGO,2026-03-13,2026-03-13 12:46:00+00:00,7,2,339.83795399999997,-0.0029000000000000002,stop
AVGO,2026-03-13,2026-03-13 13:08:00+00:00,6,2,339.31784999999996,-0.0029000000000000002,stop
AVGO,2026-03-13,2026-03-13 13:48:00+00:00,6,2,337.657518,-0.0029000000000000002,stop
AVGO,2026-03-13,2026-03-13 17:35:00+00:00,6,2,325.275042,-0.0029000000000000002,stop
AVGO,2026-03-13,2026-03-13 18:42:00+00:00,6,2,324.484884,-0.0029000000000000002,stop
AVGO,2026-03-16,2026-03-16 11:11:00+00:00,6,2,325.065,0.0046,target
AVGO,2026-03-16,2026-03-16 11:41:00+00:00,6,2,325.425072,-0.0029000000000000002,stop
AVGO,2026-03-16,2026-03-16 12:09:00+00:00,7,2,325.995186,0.0046,target
AVGO,2026-03-16,2026-03-16 12:34:00+00:00,6,2,326.145216,0.0046,target
AVGO,2026-03-16,2026-03-16 13:00:00+00:00,6,2,326.125212,-0.0029000000000000002,stop
AVGO,2026-03-16,2026-03-16 13:30:00+00:00,6,2,326.34525599999995,-0.0029000000000000002,stop
AVGO,2026-03-16,2026-03-16 13:51:00+00:00,6,2,324.284844,-0.0029000000000000002,stop
AVGO,2026-03-16,2026-03-16 14:21:00+00:00,7,2,325.36506,-0.0029000000000000002,stop
AVGO,2026-03-16,2026-03-16 14:56:00+00:00,6,2,324.88496399999997,0.0046,target
AVGO,2026-03-16,2026-03-16 15:18:00+00:00,7,2,328.76574,-0.0029000000000000002,stop
AVGO,2026-03-16,2026-03-16 15:39:00+00:00,6,2,328.530693,-0.0029000000000000002,stop
AVGO,2026-03-16,2026-03-16 16:03:00+00:00,6,2,327.270441,-0.0029000000000000002,stop
AVGO,2026-03-16,2026-03-16 16:31:00+00:00,6,2,326.2717413,0.0046,target
AVGO,2026-03-16,2026-03-16 16:55:00+00:00,6,2,327.405468,0.0046,target
AVGO,2026-03-16,2026-03-16 17:15:00+00:00,7,2,328.83575399999995,-0.0029000000000000002,stop
AVGO,2026-03-16,2026-03-16 17:38:00+00:00,7,2,328.795746,-0.0029000000000000002,stop
AVGO,2026-03-16,2026-03-16 17:59:00+00:00,6,2,328.31565,-0.0029000000000000002,stop
AVGO,2026-03-16,2026-03-16 18:27:00+00:00,6,2,328.050597,-0.0029000000000000002,stop
AVGO,2026-03-16,2026-03-16 18:56:00+00:00,6,2,327.005388,-0.0029000000000000002,stop
AVGO,2026-03-17,2026-03-17 11:35:00+00:00,6,2,323.334654,-0.0029000000000000002,stop
AVGO,2026-03-17,2026-03-17 12:20:00+00:00,7,2,324.56489999999997,0.0046,target
AVGO,2026-03-17,2026-03-17 12:44:00+00:00,6,2,325.285044,0.0046,target
AVGO,2026-03-17,2026-03-17 13:12:00+00:00,7,2,325.795146,-0.0029000000000000002,stop
AVGO,2026-03-17,2026-03-17 13:32:00+00:00,6,2,326.70532799999995,-0.0029000000000000002,stop
AVGO,2026-03-17,2026-03-17 17:10:00+00:00,6,2,321.139215,-0.0029000000000000002,stop
AVGO,2026-03-17,2026-03-17 17:31:00+00:00,6,2,320.919171,0.0046,target
AVGO,2026-03-17,2026-03-17 17:53:00+00:00,6,2,321.71432999999996,0.0046,target
AVGO,2026-03-17,2026-03-17 18:17:00+00:00,6,2,321.819351,-0.0029000000000000002,stop
AVGO,2026-03-17,2026-03-17 18:39:00+00:00,6,2,321.794346,-0.0029000000000000002,stop
AVGO,2026-03-17,2026-03-17 19:45:00+00:00,6,2,320.924172,0.0046,target
AVGO,2026-03-17,2026-03-17 20:05:00+00:00,6,2,321.39336582,0.0046,target
AVGO,2026-03-17,2026-03-17 20:30:00+00:00,6,2,321.84435599999995,0.0046,target
AVGO,2026-03-18,2026-03-18 10:53:00+00:00,6,2,323.40466799999996,-0.0029000000000000002,stop
AVGO,2026-03-18,2026-03-18 13:31:00+00:00,8,2,323.32465199999996,-0.0029000000000000002,stop
AVGO,2026-03-18,2026-03-18 13:51:00+00:00,6,2,323.84475599999996,-0.0029000000000000002,stop
AVGO,2026-03-18,2026-03-18 15:17:00+00:00,6,2,320.5641,-0.0029000000000000002,stop
AVGO,2026-03-18,2026-03-18 17:55:00+00:00,6,2,318.803748,-0.0029000000000000002,stop
AVGO,2026-03-19,2026-03-19 10:48:00+00:00,6,2,314.11281,-0.0029000000000000002,stop
AVGO,2026-03-19,2026-03-19 13:55:00+00:00,7,2,312.607509,-0.0029000000000000002,stop
AVGO,2026-03-19,2026-03-19 14:15:00+00:00,6,2,313.63271399999996,-0.0029000000000000002,stop
AVGO,2026-03-19,2026-03-19 14:39:00+00:00,6,2,313.382664,0.0046,target
AVGO,2026-03-19,2026-03-19 15:02:00+00:00,6,2,315.823152,0.0046,target
AVGO,2026-03-19,2026-03-19 15:22:00+00:00,6,2,316.853358,0.0046,target
AVGO,2026-03-19,2026-03-19 15:50:00+00:00,7,2,317.508489,0.0046,target
AVGO,2026-03-19,2026-03-19 16:12:00+00:00,6,2,318.833754,-0.0029000000000000002,stop
AVGO,2026-03-19,2026-03-19 16:34:00+00:00,6,2,318.57370199999997,0.0046,target
AVGO,2026-03-19,2026-03-19 16:54:00+00:00,6,2,319.05379800000003,-0.0029000000000000002,stop
AVGO,2026-03-19,2026-03-19 17:28:00+00:00,7,2,318.873762,-0.0029000000000000002,stop
AVGO,2026-03-19,2026-03-19 17:55:00+00:00,6,2,319.15381799999994,-0.0029000000000000002,stop
AVGO,2026-03-19,2026-03-19 18:16:00+00:00,6,2,319.85395800000003,-0.0029000000000000002,stop
AVGO,2026-03-19,2026-03-19 18:36:00+00:00,6,2,318.72373200000004,0.0046,target
AVGO,2026-03-19,2026-03-19 19:05:00+00:00,6,2,321.51428999999996,0.0046,target
AVGO,2026-03-19,2026-03-19 19:27:00+00:00,6,2,320.304048,-0.0029000000000000002,stop
AVGO,2026-03-19,2026-03-19 19:59:00+00:00,6,2,320.50408799999997,-0.0029000000000000002,stop
AVGO,2026-03-19,2026-03-19 20:22:00+00:00,7,2,320.61411,0.0046,target
AVGO,2026-03-19,2026-03-19 20:53:00+00:00,6,2,320.694126,0.0046,target
AVGO,2026-03-19,2026-03-19 21:22:00+00:00,7,2,320.754138,-0.0029000000000000002,stop
AVGO,2026-03-19,2026-03-19 22:37:00+00:00,6,2,320.66412,0.0046,target
AVGO,2026-03-20,2026-03-20 11:37:00+00:00,6,2,317.753538,0.0046,target
AVGO,2026-03-20,2026-03-20 12:17:00+00:00,6,2,318.16362000000004,0.0046,target
AVGO,2026-03-20,2026-03-20 12:47:00+00:00,6,2,318.5637,0.0046,target
AVGO,2026-03-20,2026-03-20 13:23:00+00:00,7,2,318.733734,0.0046,target
AVGO,2026-03-20,2026-03-20 13:44:00+00:00,6,2,321.354258,-0.0029000000000000002,stop
AVGO,2026-03-20,2026-03-20 16:11:00+00:00,6,2,317.9140701,-0.0029000000000000002,stop
AVGO,2026-03-20,2026-03-20 16:59:00+00:00,6,2,317.833554,-0.0029000000000000002,stop
AVGO,2026-03-20,2026-03-20 21:27:00+00:00,7,2,313.36266,-0.0029000000000000002,stop
AVGO,2026-03-20,2026-03-20 22:06:00+00:00,6,2,313.16262,0.0046,target
AVGO,2026-03-20,2026-03-20 22:58:00+00:00,6,2,313.36266,0.0046,target
AVGO,2026-03-23,2026-03-23 10:31:00+00:00,6,2,306.031194,0.0046,target
AVGO,2026-03-23,2026-03-23 11:10:00+00:00,8,2,315.063,0.0046,target
AVGO,2026-03-23,2026-03-23 11:31:00+00:00,6,2,318.0636,-0.0029000000000000002,stop
AVGO,2026-03-23,2026-03-23 11:54:00+00:00,6,2,316.66332,-0.0029000000000000002,stop
AVGO,2026-03-23,2026-03-23 12:14:00+00:00,6,2,316.0632,-0.0029000000000000002,stop
AVGO,2026-03-23,2026-03-23 12:34:00+00:00,6,2,316.233234,-0.0029000000000000002,stop
AVGO,2026-03-23,2026-03-23 12:58:00+00:00,6,2,317.90356799999995,0.0046,target
AVGO,2026-03-23,2026-03-23 13:20:00+00:00,6,2,318.243636,-0.0029000000000000002,stop
AVGO,2026-03-23,2026-03-23 13:42:00+00:00,6,2,320.109009,0.0046,target
AVGO,2026-03-23,2026-03-23 14:03:00+00:00,6,2,324.184824,-0.0029000000000000002,stop
AVGO,2026-03-23,2026-03-23 14:24:00+00:00,8,2,326.20532802,-0.0029000000000000002,stop
AVGO,2026-03-23,2026-03-23 14:46:00+00:00,7,2,325.00498799999997,-0.0029000000000000002,stop
AVGO,2026-03-23,2026-03-23 15:08:00+00:00,6,2,324.66492,-0.0029000000000000002,stop
AVGO,2026-03-23,2026-03-23 18:03:00+00:00,8,2,321.884364,0.0046,target
AVGO,2026-03-23,2026-03-23 18:26:00+00:00,6,2,322.54449600000004,0.0046,target
AVGO,2026-03-23,2026-03-23 18:49:00+00:00,6,2,323.76974099999995,0.0046,target
AVGO,2026-03-23,2026-03-23 19:14:00+00:00,6,2,325.044996,-0.0029000000000000002,stop
AVGO,2026-03-23,2026-03-23 19:42:00+00:00,6,2,323.854758,-0.0029000000000000002,stop
AVGO,2026-03-23,2026-03-23 23:07:00+00:00,6,2,323.0646,0.0046,target
AVGO,2026-03-24,2026-03-24 13:35:00+00:00,6,2,321.434274,-0.0029000000000000002,stop
AVGO,2026-03-24,2026-03-24 14:49:00+00:00,6,2,318.09360599999997,-0.0029000000000000002,stop
AVGO,2026-03-24,2026-03-24 15:11:00+00:00,6,2,318.46868099999995,0.0046,target
AVGO,2026-03-24,2026-03-24 15:34:00+00:00,6,2,319.118811,0.0046,target
AVGO,2026-03-24,2026-03-24 15:59:00+00:00,6,2,318.943776,-0.0029000000000000002,stop
AVGO,2026-03-24,2026-03-24 16:21:00+00:00,6,2,318.9962865,-0.0029000000000000002,stop
AVGO,2026-03-24,2026-03-24 17:58:00+00:00,6,2,318.81875099999996,-0.0029000000000000002,stop
AVGO,2026-03-24,2026-03-24 18:20:00+00:00,7,2,319.14381599999996,0.0046,target
AVGO,2026-03-24,2026-03-24 18:45:00+00:00,6,2,320.008989,-0.0029000000000000002,stop
AVGO,2026-03-24,2026-03-24 19:20:00+00:00,7,2,319.403868,-0.0029000000000000002,stop
AVGO,2026-03-24,2026-03-24 20:21:00+00:00,6,2,319.553898,0.0046,target
AVGO,2026-03-24,2026-03-24 20:43:00+00:00,6,2,320.234034,0.0046,target
AVGO,2026-03-24,2026-03-24 21:32:00+00:00,6,2,320.51408999999995,0.0046,target
AVGO,2026-03-24,2026-03-24 22:07:00+00:00,8,2,321.654318,-0.0029000000000000002,stop
AVGO,2026-03-24,2026-03-24 22:34:00+00:00,6,2,320.924172,0.0046,target
AVGO,2026-03-24,2026-03-24 23:12:00+00:00,6,2,321.884364,-0.0029000000000000002,stop
AVGO,2026-03-25,2026-03-25 11:29:00+00:00,8,2,322.724532,-0.0029000000000000002,stop
AVGO,2026-03-25,2026-03-25 12:07:00+00:00,6,2,323.504688,-0.0029000000000000002,stop
AVGO,2026-03-25,2026-03-25 13:28:00+00:00,6,2,322.984584,-0.0029000000000000002,stop
AVGO,2026-03-25,2026-03-25 13:48:00+00:00,6,2,322.534494,-0.0029000000000000002,stop
AVGO,2026-03-25,2026-03-25 14:09:00+00:00,7,2,322.324452,-0.0029000000000000002,stop
AVGO,2026-03-25,2026-03-25 15:32:00+00:00,6,2,321.234234,-0.0029000000000000002,stop
AVGO,2026-03-25,2026-03-25 16:49:00+00:00,6,2,320.794146,-0.0029000000000000002,stop
AVGO,2026-03-25,2026-03-25 19:54:00+00:00,6,2,318.91377,-0.0029000000000000002,stop
AVGO,2026-03-26,2026-03-26 13:18:00+00:00,6,2,315.063,-0.0029000000000000002,stop
AVGO,2026-03-26,2026-03-26 13:52:00+00:00,7,2,314.78294400000004,-0.0029000000000000002,stop
AVGO,2026-03-26,2026-03-26 14:13:00+00:00,7,2,315.183024,-0.0029000000000000002,stop
AVGO,2026-03-26,2026-03-26 14:40:00+00:00,6,2,314.997987,-0.0029000000000000002,stop
AVGO,2026-03-26,2026-03-26 15:51:00+00:00,6,2,314.76304002,-0.0029000000000000002,stop
AVGO,2026-03-26,2026-03-26 19:03:00+00:00,6,2,312.177423,-0.0029000000000000002,stop
AVGO,2026-03-26,2026-03-26 20:32:00+00:00,6,2,311.84025557999996,-0.0029000000000000002,stop
AVGO,2026-03-27,2026-03-27 13:47:00+00:00,6,2,307.406469,-0.0029000000000000002,stop
AVGO,2026-03-27,2026-03-27 15:31:00+00:00,8,2,305.040996,-0.0029000000000000002,stop
AVGO,2026-03-30,2026-03-30 11:27:00+00:00,8,2,301.630314,0.0046,target
AVGO,2026-03-30,2026-03-30 11:56:00+00:00,7,2,302.080404,-0.0029000000000000002,stop
AVGO,2026-03-30,2026-03-30 12:24:00+00:00,6,2,302.740536,0.0046,target
AVGO,2026-03-30,2026-03-30 12:46:00+00:00,6,2,303.550698,-0.0029000000000000002,stop
AVGO,2026-03-30,2026-03-30 19:51:00+00:00,6,2,292.748538,0.0046,target
AVGO,2026-03-31,2026-03-31 11:12:00+00:00,6,2,295.889166,0.0046,target
AVGO,2026-03-31,2026-03-31 11:36:00+00:00,8,2,297.00328878,0.0046,target
AVGO,2026-03-31,2026-03-31 12:01:00+00:00,7,2,297.70812972,-0.0029000000000000002,stop
AVGO,2026-03-31,2026-03-31 12:26:00+00:00,6,2,297.679524,0.0046,target
AVGO,2026-03-31,2026-03-31 12:53:00+00:00,7,2,298.36236054,0.0046,target
AVGO,2026-03-31,2026-03-31 13:16:00+00:00,7,2,298.64471699999996,0.0046,target
AVGO,2026-03-31,2026-03-31 13:38:00+00:00,7,2,299.174823,-0.0029000000000000002,stop
AVGO,2026-03-31,2026-03-31 13:58:00+00:00,6,2,300.750138,0.0046,target
AVGO,2026-03-31,2026-03-31 14:22:00+00:00,8,2,302.905569,-0.0029000000000000002,stop
AVGO,2026-03-31,2026-03-31 14:43:00+00:00,6,2,302.620512,-0.0029000000000000002,stop
AVGO,2026-03-31,2026-03-31 15:11:00+00:00,7,2,301.70032799999996,0.0046,target
AVGO,2026-03-31,2026-03-31 15:35:00+00:00,6,2,301.72033200000004,-0.0029000000000000002,stop
AVGO,2026-03-31,2026-03-31 16:25:00+00:00,8,2,303.370662,0.0046,target
AVGO,2026-03-31,2026-03-31 16:45:00+00:00,6,2,307.44147599999997,-0.0029000000000000002,stop
AVGO,2026-03-31,2026-03-31 17:08:00+00:00,6,2,307.171422,0.0046,target
AVGO,2026-03-31,2026-03-31 17:29:00+00:00,6,2,307.52149199999997,-0.0029000000000000002,stop
AVGO,2026-03-31,2026-03-31 17:58:00+00:00,6,2,306.64131599999996,0.0046,target
AVGO,2026-03-31,2026-03-31 18:28:00+00:00,6,2,307.71153,0.0046,target
AVGO,2026-03-31,2026-03-31 18:51:00+00:00,6,2,309.32685299999997,0.0046,target
AVGO,2026-03-31,2026-03-31 19:14:00+00:00,6,2,309.731934,0.0046,target
AVGO,2026-03-31,2026-03-31 19:40:00+00:00,6,2,309.931974,-0.0029000000000000002,stop
AVGO,2026-03-31,2026-03-31 20:07:00+00:00,6,2,309.76194,0.0046,target
AVGO,2026-03-31,2026-03-31 20:43:00+00:00,6,2,309.11181,0.0046,target
AVGO,2026-03-31,2026-03-31 22:15:00+00:00,6,2,309.831954,0.0046,target
AVGO,2026-04-01,2026-04-01 11:01:00+00:00,7,2,313.872762,-0.0029000000000000002,stop
AVGO,2026-04-01,2026-04-01 11:23:00+00:00,6,2,313.802748,0.0046,target
AVGO,2026-04-01,2026-04-01 11:46:00+00:00,6,2,314.932974,-0.0029000000000000002,stop
AVGO,2026-04-01,2026-04-01 12:12:00+00:00,6,2,314.982984,-0.0029000000000000002,stop
AVGO,2026-04-01,2026-04-01 12:36:00+00:00,6,2,315.09300599999995,-0.0029000000000000002,stop
AVGO,2026-04-01,2026-04-01 13:20:00+00:00,7,2,314.0628,-0.0029000000000000002,stop
AVGO,2026-04-01,2026-04-01 13:43:00+00:00,6,2,313.932774,-0.0029000000000000002,stop
AVGO,2026-04-01,2026-04-01 14:13:00+00:00,6,2,313.552698,-0.0029000000000000002,stop
AVGO,2026-04-01,2026-04-01 15:06:00+00:00,6,2,312.97258200000005,0.0046,target
AVGO,2026-04-01,2026-04-01 15:48:00+00:00,7,2,313.872762,0.0046,target
AVGO,2026-04-01,2026-04-01 16:08:00+00:00,7,2,314.79294600000003,-0.0029000000000000002,stop
AVGO,2026-04-01,2026-04-01 16:40:00+00:00,6,2,314.532894,-0.0029000000000000002,stop
AVGO,2026-04-01,2026-04-01 17:29:00+00:00,7,2,314.352858,-0.0029000000000000002,stop
AVGO,2026-04-01,2026-04-01 17:49:00+00:00,6,2,314.622912,-0.0029000000000000002,stop
AVGO,2026-04-01,2026-04-01 19:13:00+00:00,7,2,313.117611,0.0046,target
AVGO,2026-04-01,2026-04-01 19:33:00+00:00,6,2,314.0628,-0.0029000000000000002,stop
AVGO,2026-04-02,2026-04-02 12:36:00+00:00,6,2,305.1850248,-0.0029000000000000002,stop
AVGO,2026-04-02,2026-04-02 13:31:00+00:00,6,2,306.856359,-0.0029000000000000002,stop
AVGO,2026-04-02,2026-04-02 14:04:00+00:00,6,2,306.84135599999996,0.0046,target
AVGO,2026-04-02,2026-04-02 14:25:00+00:00,7,2,309.48188400000004,-0.0029000000000000002,stop
AVGO,2026-04-02,2026-04-02 14:48:00+00:00,6,2,312.692526,-0.0029000000000000002,stop
AVGO,2026-04-02,2026-04-02 15:09:00+00:00,7,2,312.36246,0.0046,target
AVGO,2026-04-02,2026-04-02 15:32:00+00:00,6,2,312.83755499999995,-0.0029000000000000002,stop
AVGO,2026-04-02,2026-04-02 15:53:00+00:00,6,2,312.282444,-0.0029000000000000002,stop
AVGO,2026-04-02,2026-04-02 16:14:00+00:00,6,2,311.742336,-0.0029000000000000002,stop
AVGO,2026-04-02,2026-04-02 16:51:00+00:00,6,2,312.602508,0.0046,target
AVGO,2026-04-02,2026-04-02 17:14:00+00:00,6,2,312.897567,0.0046,target
AVGO,2026-04-02,2026-04-02 17:34:00+00:00,6,2,313.11261,-0.0029000000000000002,stop
AVGO,2026-04-02,2026-04-02 18:10:00+00:00,7,2,313.11150978,0.0046,target
AVGO,2026-04-02,2026-04-02 18:35:00+00:00,6,2,313.202628,0.0046,target
AVGO,2026-04-02,2026-04-02 18:57:00+00:00,7,2,313.487685,-0.0029000000000000002,stop
AVGO,2026-04-02,2026-04-02 19:19:00+00:00,6,2,313.26274002,0.0046,target
AVGO,2026-04-02,2026-04-02 19:51:00+00:00,8,2,314.27284199999997,-0.0029000000000000002,stop
AVGO,2026-04-02,2026-04-02 20:36:00+00:00,6,2,313.91277,0.0046,target
AVGO,2026-04-02,2026-04-02 21:28:00+00:00,6,2,314.15521848,0.0046,target
AVGO,2026-04-06,2026-04-06 15:41:00+00:00,7,2,313.07260199999996,0.0046,target
AVGO,2026-04-06,2026-04-06 16:03:00+00:00,6,2,313.78274400000004,-0.0029000000000000002,stop
AVGO,2026-04-06,2026-04-06 18:16:00+00:00,6,2,313.167621,0.0046,target
AVGO,2026-04-06,2026-04-06 18:43:00+00:00,6,2,313.372662,0.0046,target
AVGO,2026-04-06,2026-04-06 19:07:00+00:00,6,2,313.372662,0.0046,target
AVGO,2026-04-06,2026-04-06 19:28:00+00:00,6,2,314.08780499999995,0.0046,target
AVGO,2026-04-06,2026-04-06 19:48:00+00:00,6,2,314.032794,0.0046,target
AVGO,2026-04-06,2026-04-06 20:39:00+00:00,6,2,314.21283,0.0046,target
AVGO,2026-04-06,2026-04-06 21:28:00+00:00,7,2,324.64491599999997,-0.0029000000000000002,stop
AVGO,2026-04-06,2026-04-06 21:57:00+00:00,6,2,322.304448,0.0046,target
AVGO,2026-04-06,2026-04-06 22:18:00+00:00,7,2,323.924772,-0.0029000000000000002,stop
AVGO,2026-04-06,2026-04-06 22:50:00+00:00,6,2,322.29454602,0.0046,target
AVGO,2026-04-06,2026-04-06 23:12:00+00:00,7,2,323.07470202,-0.0029000000000000002,stop
AVGO,2026-04-07,2026-04-07 09:30:00+00:00,7,2,326.16522000000003,0.0046,target
AVGO,2026-04-07,2026-04-07 10:01:00+00:00,6,2,326.645316,-0.0029000000000000002,stop
AVGO,2026-04-07,2026-04-07 11:09:00+00:00,6,2,324.96497999999997,-0.0029000000000000002,stop
AVGO,2026-04-07,2026-04-07 12:30:00+00:00,6,2,324.22123128000004,-0.0029000000000000002,stop
AVGO,2026-04-07,2026-04-07 12:56:00+00:00,8,2,325.835154,-0.0029000000000000002,stop
AVGO,2026-04-07,2026-04-07 13:20:00+00:00,6,2,325.26493998,-0.0029000000000000002,stop
AVGO,2026-04-07,2026-04-07 13:49:00+00:00,6,2,325.835154,-0.0029000000000000002,stop
AVGO,2026-04-07,2026-04-07 15:20:00+00:00,7,2,325.61511,0.0046,target
AVGO,2026-04-07,2026-04-07 15:40:00+00:00,6,2,325.91296956,0.0046,target
AVGO,2026-04-07,2026-04-07 16:01:00+00:00,7,2,326.90536799999995,0.0046,target
AVGO,2026-04-07,2026-04-07 16:28:00+00:00,8,2,330.045996,-0.0029000000000000002,stop
AVGO,2026-04-07,2026-04-07 16:48:00+00:00,6,2,332.936574,-0.0029000000000000002,stop
AVGO,2026-04-07,2026-04-07 17:09:00+00:00,6,2,333.20662799999997,-0.0029000000000000002,stop
AVGO,2026-04-07,2026-04-07 17:30:00+00:00,7,2,331.236234,0.0046,target
AVGO,2026-04-07,2026-04-07 17:52:00+00:00,6,2,332.196426,-0.0029000000000000002,stop
AVGO,2026-04-07,2026-04-07 18:27:00+00:00,6,2,331.501287,-0.0029000000000000002,stop
AVGO,2026-04-07,2026-04-07 19:00:00+00:00,6,2,328.795746,0.0046,target
AVGO,2026-04-07,2026-04-07 19:23:00+00:00,7,2,331.21623,-0.0029000000000000002,stop
AVGO,2026-04-07,2026-04-07 19:45:00+00:00,7,2,331.91637000000003,0.0046,target
AVGO,2026-04-07,2026-04-07 20:08:00+00:00,7,2,334.206828,0.0046,target
AVGO,2026-04-07,2026-04-07 20:29:00+00:00,6,2,334.31685,0.0046,target
AVGO,2026-04-07,2026-04-07 20:52:00+00:00,7,2,335.067,0.0046,target
AVGO,2026-04-07,2026-04-07 21:21:00+00:00,6,2,335.31705,0.0046,target
AVGO,2026-04-07,2026-04-07 21:45:00+00:00,7,2,335.3655597,0.0046,target
AVGO,2026-04-07,2026-04-07 22:13:00+00:00,7,2,337.21743,-0.0029000000000000002,stop
AVGO,2026-04-07,2026-04-07 22:38:00+00:00,8,2,340.027992,-0.0029000000000000002,stop
AVGO,2026-04-07,2026-04-07 22:58:00+00:00,6,2,343.58870399999995,0.0046,target
AVGO,2026-04-07,2026-04-07 23:28:00+00:00,7,2,346.0246911,-0.0029000000000000002,stop
AVGO,2026-04-08,2026-04-08 09:24:00+00:00,6,2,351.880362,-0.0029000000000000002,stop
AVGO,2026-04-08,2026-04-08 11:13:00+00:00,6,2,349.579902,-0.0029000000000000002,stop
AVGO,2026-04-08,2026-04-08 13:13:00+00:00,7,2,349.23983400000003,0.0046,target
AVGO,2026-04-08,2026-04-08 13:33:00+00:00,7,2,351.300246,0.0046,target
AVGO,2026-04-08,2026-04-08 15:25:00+00:00,7,2,348.22963200000004,0.0046,target
AVGO,2026-04-08,2026-04-08 15:59:00+00:00,6,2,349.71993,-0.0029000000000000002,stop
AVGO,2026-04-08,2026-04-08 16:35:00+00:00,6,2,348.729732,0.0046,target
AVGO,2026-04-08,2026-04-08 17:00:00+00:00,6,2,349.44987599999996,0.0046,target
AVGO,2026-04-08,2026-04-08 17:21:00+00:00,7,2,349.86996,0.0046,target
AVGO,2026-04-08,2026-04-08 17:43:00+00:00,6,2,350.500086,0.0046,target
AVGO,2026-04-08,2026-04-08 18:05:00+00:00,6,2,351.415269,-0.0029000000000000002,stop
AVGO,2026-04-08,2026-04-08 18:26:00+00:00,6,2,351.2262312,-0.0029000000000000002,stop
AVGO,2026-04-08,2026-04-08 18:47:00+00:00,6,2,351.300246,-0.0029000000000000002,stop
AVGO,2026-04-08,2026-04-08 19:11:00+00:00,6,2,351.105207,-0.0029000000000000002,stop
AVGO,2026-04-08,2026-04-08 19:36:00+00:00,6,2,351.080202,-0.0029000000000000002,stop
AVGO,2026-04-08,2026-04-08 19:58:00+00:00,7,2,350.67012,0.0046,target
AVGO,2026-04-08,2026-04-08 20:18:00+00:00,6,2,351.09490494,0.0046,target
AVGO,2026-04-08,2026-04-08 20:41:00+00:00,6,2,350.980182,-0.0029000000000000002,stop
AVGO,2026-04-08,2026-04-08 22:09:00+00:00,7,2,349.95967794,-0.0029000000000000002,stop
AVGO,2026-04-09,2026-04-09 11:21:00+00:00,7,2,348.28374282,-0.0029000000000000002,stop
AVGO,2026-04-09,2026-04-09 11:45:00+00:00,7,2,348.339654,0.0046,target
AVGO,2026-04-09,2026-04-09 12:14:00+00:00,6,2,349.009788,0.0046,target
AVGO,2026-04-09,2026-04-09 12:42:00+00:00,7,2,348.859758,0.0046,target
AVGO,2026-04-09,2026-04-09 13:12:00+00:00,6,2,349.94927586,-0.0029000000000000002,stop
AVGO,2026-04-09,2026-04-09 13:33:00+00:00,6,2,352.950576,-0.0029000000000000002,stop
AVGO,2026-04-09,2026-04-09 13:58:00+00:00,6,2,354.550896,0.0046,target
AVGO,2026-04-09,2026-04-09 15:01:00+00:00,6,2,353.985783,0.0046,target
AVGO,2026-04-09,2026-04-09 15:23:00+00:00,9,2,355.111008,0.0046,target
AVGO,2026-04-09,2026-04-09 15:48:00+00:00,6,2,356.78474267999997,0.0046,target
AVGO,2026-04-09,2026-04-09 16:08:00+00:00,6,2,358.36155798,-0.0029000000000000002,stop
AVGO,2026-04-09,2026-04-09 16:32:00+00:00,7,2,358.351656,-0.0029000000000000002,stop
AVGO,2026-04-09,2026-04-09 16:52:00+00:00,6,2,358.08700308,-0.0029000000000000002,stop
AVGO,2026-04-09,2026-04-09 17:17:00+00:00,6,2,357.701526,-0.0029000000000000002,stop
AVGO,2026-04-09,2026-04-09 18:21:00+00:00,6,2,356.301246,-0.0029000000000000002,stop
AVGO,2026-04-09,2026-04-09 18:51:00+00:00,6,2,356.07530082,-0.0029000000000000002,stop
AVGO,2026-04-09,2026-04-09 21:02:00+00:00,6,2,354.650916,0.0046,target
AVGO,2026-04-09,2026-04-09 22:11:00+00:00,6,2,355.506087,0.0046,target
AVGO,2026-04-09,2026-04-09 23:20:00+00:00,6,2,355.481082,-0.0029000000000000002,stop
AVGO,2026-04-10,2026-04-10 10:40:00+00:00,7,2,357.341454,0.0046,target
AVGO,2026-04-10,2026-04-10 11:20:00+00:00,7,2,357.5634984,0.0046,target
AVGO,2026-04-10,2026-04-10 11:41:00+00:00,6,2,357.951576,0.0046,target
AVGO,2026-04-10,2026-04-10 12:04:00+00:00,6,2,357.65681706000004,0.0046,target
AVGO,2026-04-10,2026-04-10 12:30:00+00:00,6,2,358.231632,0.0046,target
AVGO,2026-04-10,2026-04-10 12:52:00+00:00,8,2,358.87176,0.0046,target
AVGO,2026-04-10,2026-04-10 13:13:00+00:00,8,2,358.74313428,0.0046,target
AVGO,2026-04-10,2026-04-10 13:36:00+00:00,6,2,367.57349999999997,0.0046,target
AVGO,2026-04-10,2026-04-10 13:56:00+00:00,7,2,373.0746,-0.0029000000000000002,stop
AVGO,2026-04-10,2026-04-10 14:20:00+00:00,6,2,371.439273,0.0046,target
AVGO,2026-04-10,2026-04-10 14:51:00+00:00,6,2,373.96407786,0.0046,target
AVGO,2026-04-10,2026-04-10 15:11:00+00:00,6,2,374.844954,-0.0029000000000000002,stop
AVGO,2026-04-10,2026-04-10 15:35:00+00:00,6,2,375.185022,-0.0029000000000000002,stop
AVGO,2026-04-10,2026-04-10 16:23:00+00:00,6,2,372.16441799999996,-0.0029000000000000002,stop
AVGO,2026-04-10,2026-04-10 16:46:00+00:00,6,2,372.069399,0.0046,target
AVGO,2026-04-10,2026-04-10 17:36:00+00:00,7,2,372.96457799999996,0.0046,target
AVGO,2026-04-10,2026-04-10 17:57:00+00:00,6,2,373.97477999999995,0.0046,target
AVGO,2026-04-10,2026-04-10 18:19:00+00:00,6,2,374.384862,-0.0029000000000000002,stop
AVGO,2026-04-10,2026-04-10 18:42:00+00:00,6,2,373.5747,0.0046,target
AVGO,2026-04-10,2026-04-10 19:15:00+00:00,6,2,374.154816,-0.0029000000000000002,stop
AVGO,2026-04-10,2026-04-10 19:37:00+00:00,6,2,374.02479,-0.0029000000000000002,stop
AVGO,2026-04-10,2026-04-10 20:30:00+00:00,7,2,372.16441799999996,0.0046,target
AVGO,2026-04-13,2026-04-13 09:45:00+00:00,6,2,369.383862,-0.0029000000000000002,stop
AVGO,2026-04-13,2026-04-13 10:55:00+00:00,6,2,368.42367,0.0046,target
AVGO,2026-04-13,2026-04-13 11:21:00+00:00,6,2,368.66371799999996,-0.0029000000000000002,stop
AVGO,2026-04-13,2026-04-13 12:28:00+00:00,6,2,367.813548,0.0046,target
AVGO,2026-04-13,2026-04-13 12:52:00+00:00,6,2,368.70232572,-0.0029000000000000002,stop
AVGO,2026-04-13,2026-04-13 13:26:00+00:00,7,2,368.90376599999996,0.0046,target
AVGO,2026-04-13,2026-04-13 14:03:00+00:00,6,2,372.27944099999996,-0.0029000000000000002,stop
AVGO,2026-04-13,2026-04-13 14:24:00+00:00,7,2,372.464478,0.0046,target
AVGO,2026-04-13,2026-04-13 14:49:00+00:00,6,2,374.66491799999994,0.0046,target
AVGO,2026-04-13,2026-04-13 15:17:00+00:00,6,2,374.634912,-0.0029000000000000002,stop
AVGO,2026-04-13,2026-04-13 15:37:00+00:00,6,2,374.054796,-0.0029000000000000002,stop
AVGO,2026-04-13,2026-04-13 16:19:00+00:00,6,2,373.339653,0.0046,target
AVGO,2026-04-13,2026-04-13 16:39:00+00:00,6,2,375.315048,0.0046,target
AVGO,2026-04-13,2026-04-13 17:01:00+00:00,6,2,378.310647,-0.0029000000000000002,stop
AVGO,2026-04-13,2026-04-13 17:27:00+00:00,6,2,377.115408,-0.0029000000000000002,stop
AVGO,2026-04-13,2026-04-13 17:48:00+00:00,6,2,376.615308,0.0046,target
AVGO,2026-04-13,2026-04-13 18:08:00+00:00,6,2,376.7963442,0.0046,target
AVGO,2026-04-13,2026-04-13 18:29:00+00:00,6,2,376.845354,0.0046,target
AVGO,2026-04-13,2026-04-13 18:50:00+00:00,8,2,378.015588,0.0046,target
AVGO,2026-04-13,2026-04-13 19:12:00+00:00,6,2,378.655716,0.0046,target
AVGO,2026-04-13,2026-04-13 19:32:00+00:00,6,2,379.41596802,0.0046,target
AVGO,2026-04-13,2026-04-13 19:53:00+00:00,6,2,380.086002,-0.0029000000000000002,stop
AVGO,2026-04-13,2026-04-13 20:14:00+00:00,7,2,379.55419566,0.0046,target
AVGO,2026-04-13,2026-04-13 20:39:00+00:00,7,2,379.97598,-0.0029000000000000002,stop
AVGO,2026-04-13,2026-04-13 21:07:00+00:00,6,2,379.885962,0.0046,target
AVGO,2026-04-13,2026-04-13 22:23:00+00:00,7,2,379.795944,0.0046,target
AVGO,2026-04-13,2026-04-13 23:08:00+00:00,7,2,380.07599999999996,0.0046,target
AVGO,2026-04-14,2026-04-14 11:06:00+00:00,7,2,379.195824,0.0046,target
AVGO,2026-04-14,2026-04-14 11:30:00+00:00,8,2,379.435872,0.0046,target
AVGO,2026-04-14,2026-04-14 11:50:00+00:00,6,2,379.77594,0.0046,target
AVGO,2026-04-14,2026-04-14 12:17:00+00:00,7,2,380.02599,-0.0029000000000000002,stop
AVGO,2026-04-14,2026-04-14 13:31:00+00:00,7,2,378.42066900000003,0.0046,target
AVGO,2026-04-14,2026-04-14 13:52:00+00:00,6,2,381.85135499999996,-0.0029000000000000002,stop
AVGO,2026-04-14,2026-04-14 14:19:00+00:00,6,2,379.6884225,-0.0029000000000000002,stop
AVGO,2026-04-14,2026-04-14 14:55:00+00:00,6,2,380.081001,-0.0029000000000000002,stop
AVGO,2026-04-14,2026-04-14 15:26:00+00:00,7,2,379.565898,-0.0029000000000000002,stop
AVGO,2026-04-14,2026-04-14 15:49:00+00:00,7,2,380.64111299999996,0.0046,target
AVGO,2026-04-14,2026-04-14 16:13:00+00:00,6,2,380.246034,0.0046,target
AVGO,2026-04-14,2026-04-14 16:37:00+00:00,6,2,380.316048,-0.0029000000000000002,stop
AVGO,2026-04-14,2026-04-14 17:22:00+00:00,8,2,380.63611199999997,0.0046,target
AVGO,2026-04-14,2026-04-14 17:42:00+00:00,7,2,381.706326,-0.0029000000000000002,stop
AVGO,2026-04-14,2026-04-14 18:36:00+00:00,6,2,379.530891,-0.0029000000000000002,stop
AVGO,2026-04-14,2026-04-14 19:12:00+00:00,6,2,379.77594,0.0046,target
AVGO,2026-04-14,2026-04-14 19:32:00+00:00,7,2,380.136012,0.0046,target
AVGO,2026-04-14,2026-04-14 19:52:00+00:00,6,2,379.47587999999996,0.0046,target
AVGO,2026-04-14,2026-04-14 20:46:00+00:00,6,2,380.85615599999994,0.0046,target
AVGO,2026-04-14,2026-04-14 21:09:00+00:00,8,2,391.348254,-0.0029000000000000002,stop
AVGO,2026-04-14,2026-04-14 21:34:00+00:00,6,2,391.81644761999996,-0.0029000000000000002,stop
AVGO,2026-04-14,2026-04-14 21:54:00+00:00,6,2,394.35885599999995,0.0046,target
AVGO,2026-04-14,2026-04-14 22:14:00+00:00,6,2,394.32885,0.0046,target
AVGO,2026-04-14,2026-04-14 22:46:00+00:00,7,2,394.5789,-0.0029000000000000002,stop
AVGO,2026-04-15,2026-04-15 11:11:00+00:00,6,2,391.60030439999997,0.0046,target
AVGO,2026-04-15,2026-04-15 11:31:00+00:00,6,2,392.05409514,-0.0029000000000000002,stop
AVGO,2026-04-15,2026-04-15 13:36:00+00:00,6,2,392.273439,-0.0029000000000000002,stop
AVGO,2026-04-15,2026-04-15 13:56:00+00:00,6,2,394.62891,-0.0029000000000000002,stop
AVGO,2026-04-15,2026-04-15 14:27:00+00:00,7,2,395.814147,-0.0029000000000000002,stop
AVGO,2026-04-15,2026-04-15 14:49:00+00:00,7,2,395.82914999999997,-0.0029000000000000002,stop
AVGO,2026-04-15,2026-04-15 15:59:00+00:00,6,2,392.80854600000004,0.0046,target
AVGO,2026-04-15,2026-04-15 16:19:00+00:00,6,2,394.448874,-0.0029000000000000002,stop
AVGO,2026-04-15,2026-04-15 17:30:00+00:00,6,2,391.95827598,0.0046,target
AVGO,2026-04-15,2026-04-15 18:07:00+00:00,6,2,392.718528,0.0046,target
AVGO,2026-04-15,2026-04-15 18:28:00+00:00,6,2,393.12861,0.0046,target
AVGO,2026-04-15,2026-04-15 18:48:00+00:00,6,2,392.743533,0.0046,target
AVGO,2026-04-15,2026-04-15 19:13:00+00:00,7,2,394.818948,0.0046,target
AVGO,2026-04-15,2026-04-15 19:33:00+00:00,6,2,394.973979,0.0046,target
AVGO,2026-04-15,2026-04-15 19:53:00+00:00,6,2,394.868958,0.0046,target
AVGO,2026-04-15,2026-04-15 20:28:00+00:00,7,2,395.079,-0.0029000000000000002,stop
AVGO,2026-04-15,2026-04-15 20:49:00+00:00,6,2,394.12881,0.0046,target
AVGO,2026-04-15,2026-04-15 22:00:00+00:00,6,2,394.87896,0.0046,target
AVGO,2026-04-15,2026-04-15 22:45:00+00:00,7,2,395.759136,0.0046,target
AVGO,2026-04-16,2026-04-16 13:27:00+00:00,6,2,393.60100445999996,-0.0029000000000000002,stop
AVGO,2026-04-16,2026-04-16 13:50:00+00:00,6,2,396.499284,-0.0029000000000000002,stop
AVGO,2026-04-16,2026-04-16 14:11:00+00:00,6,2,396.999384,-0.0029000000000000002,stop
AVGO,2026-04-16,2026-04-16 14:34:00+00:00,6,2,397.59950399999997,0.0046,target
AVGO,2026-04-16,2026-04-16 14:55:00+00:00,6,2,397.77954,0.0046,target
AVGO,2026-04-16,2026-04-16 15:16:00+00:00,8,2,399.009786,-0.0029000000000000002,stop
AVGO,2026-04-16,2026-04-16 16:01:00+00:00,6,2,398.584701,0.0046,target
AVGO,2026-04-16,2026-04-16 16:22:00+00:00,6,2,398.76973799999996,-0.0029000000000000002,stop
AVGO,2026-04-16,2026-04-16 16:43:00+00:00,6,2,397.39946399999997,0.0046,target
AVGO,2026-04-16,2026-04-16 17:37:00+00:00,7,2,397.949574,-0.0029000000000000002,stop
AVGO,2026-04-16,2026-04-16 18:01:00+00:00,6,2,397.589502,-0.0029000000000000002,stop
AVGO,2026-04-16,2026-04-16 18:44:00+00:00,7,2,397.76923794,0.0046,target
AVGO,2026-04-16,2026-04-16 19:05:00+00:00,6,2,398.08960199999996,0.0046,target
AVGO,2026-04-16,2026-04-16 19:25:00+00:00,7,2,398.709726,0.0046,target
AVGO,2026-04-16,2026-04-16 19:46:00+00:00,7,2,398.809746,0.0046,target
AVGO,2026-04-16,2026-04-16 22:33:00+00:00,6,2,398.42967,0.0046,target
AVGO,2026-04-17,2026-04-17 11:01:00+00:00,6,2,399.0798,0.0046,target
AVGO,2026-04-17,2026-04-17 11:24:00+00:00,6,2,399.959976,0.0046,target
AVGO,2026-04-17,2026-04-17 12:04:00+00:00,7,2,400.360056,-0.0029000000000000002,stop
AVGO,2026-04-17,2026-04-17 12:25:00+00:00,7,2,399.87755952,-0.0029000000000000002,stop
AVGO,2026-04-17,2026-04-17 12:53:00+00:00,6,2,401.88036,0.0046,target
AVGO,2026-04-17,2026-04-17 13:14:00+00:00,8,2,403.140612,-0.0029000000000000002,stop
AVGO,2026-04-17,2026-04-17 13:44:00+00:00,6,2,402.900564,-0.0029000000000000002,stop
AVGO,2026-04-17,2026-04-17 14:04:00+00:00,6,2,403.68072,-0.0029000000000000002,stop
AVGO,2026-04-17,2026-04-17 14:43:00+00:00,6,2,403.770738,-0.0029000000000000002,stop
AVGO,2026-04-17,2026-04-17 15:16:00+00:00,7,2,403.38566099999997,0.0046,target
AVGO,2026-04-17,2026-04-17 15:37:00+00:00,7,2,403.535691,-0.0029000000000000002,stop
AVGO,2026-04-17,2026-04-17 16:36:00+00:00,6,2,403.490682,0.0046,target
AVGO,2026-04-17,2026-04-17 17:01:00+00:00,6,2,403.38066,-0.0029000000000000002,stop
AVGO,2026-04-17,2026-04-17 17:23:00+00:00,7,2,403.04059199999995,-0.0029000000000000002,stop
AVGO,2026-04-17,2026-04-17 17:46:00+00:00,6,2,403.760736,0.0046,target
AVGO,2026-04-17,2026-04-17 18:06:00+00:00,6,2,403.660716,0.0046,target
AVGO,2026-04-17,2026-04-17 18:29:00+00:00,6,2,403.47067799999996,0.0046,target
AVGO,2026-04-17,2026-04-17 18:55:00+00:00,7,2,403.78074,0.0046,target
AVGO,2026-04-17,2026-04-17 19:21:00+00:00,6,2,403.560696,0.0046,target
AVGO,2026-04-17,2026-04-17 19:47:00+00:00,8,2,405.6131064,0.0046,target
AVGO,2026-04-17,2026-04-17 20:13:00+00:00,7,2,406.321248,0.0046,target
AVGO,2026-04-17,2026-04-17 20:35:00+00:00,6,2,406.08119999999997,0.0046,target
AVGO,2026-04-17,2026-04-17 21:21:00+00:00,6,2,406.48127999999997,-0.0029000000000000002,stop
AVGO,2026-04-17,2026-04-17 22:06:00+00:00,6,2,406.28123999999997,0.0046,target
AVGO,2026-04-17,2026-04-17 23:01:00+00:00,6,2,406.321248,0.0046,target
AVGO,2026-04-20,2026-04-20 10:05:00+00:00,6,2,399.77993999999995,0.0046,target
AVGO,2026-04-20,2026-04-20 10:48:00+00:00,7,2,400.42006799999996,0.0046,target
AVGO,2026-04-20,2026-04-20 11:11:00+00:00,6,2,400.4275695,0.0046,target
AVGO,2026-04-20,2026-04-20 12:03:00+00:00,7,2,399.91606722,0.0046,target
AVGO,2026-04-20,2026-04-20 12:25:00+00:00,6,2,400.470078,0.0046,target
AVGO,2026-04-20,2026-04-20 12:48:00+00:00,9,2,401.690322,0.0046,target
AVGO,2026-04-20,2026-04-20 13:09:00+00:00,7,2,402.02038799999997,0.0046,target
AVGO,2026-04-20,2026-04-20 13:33:00+00:00,7,2,403.335651,-0.0029000000000000002,stop
AVGO,2026-04-20,2026-04-20 16:20:00+00:00,6,2,398.08960199999996,0.0046,target
AVGO,2026-04-20,2026-04-20 19:06:00+00:00,6,2,398.699724,0.0046,target
AVGO,2026-04-20,2026-04-20 19:54:00+00:00,6,2,398.954775,0.0046,target
AVGO,2026-04-20,2026-04-20 20:32:00+00:00,6,2,399.82995,0.0046,target
AVGO,2026-04-20,2026-04-20 20:58:00+00:00,6,2,399.88176036,0.0046,target
AVGO,2026-04-20,2026-04-20 21:54:00+00:00,7,2,399.869958,0.0046,target
AVGO,2026-04-20,2026-04-20 22:37:00+00:00,7,2,400.38006,0.0046,target
AVGO,2026-04-20,2026-04-20 23:04:00+00:00,6,2,400.5801,0.0046,target
AVGO,2026-04-21,2026-04-21 10:57:00+00:00,6,2,399.459876,0.0046,target
AVGO,2026-04-21,2026-04-21 11:34:00+00:00,6,2,400.470078,-0.0029000000000000002,stop
AVGO,2026-04-21,2026-04-21 11:56:00+00:00,6,2,400.3125465,-0.0029000000000000002,stop
AVGO,2026-04-21,2026-04-21 14:06:00+00:00,6,2,398.27964,-0.0029000000000000002,stop
AVGO,2026-04-21,2026-04-21 14:27:00+00:00,7,2,398.689722,0.0046,target
AVGO,2026-04-21,2026-04-21 14:53:00+00:00,6,2,400.570098,-0.0029000000000000002,stop
AVGO,2026-04-21,2026-04-21 15:15:00+00:00,6,2,401.990382,0.0046,target
AVGO,2026-04-21,2026-04-21 15:43:00+00:00,6,2,402.060396,-0.0029000000000000002,stop
AVGO,2026-04-21,2026-04-21 16:07:00+00:00,6,2,402.10540499999996,0.0046,target
AVGO,2026-04-21,2026-04-21 16:27:00+00:00,6,2,402.965577,-0.0029000000000000002,stop
AVGO,2026-04-21,2026-04-21 17:09:00+00:00,7,2,401.66531699999996,-0.0029000000000000002,stop
AVGO,2026-04-21,2026-04-21 17:36:00+00:00,6,2,401.02018799999996,0.0046,target
AVGO,2026-04-21,2026-04-21 17:56:00+00:00,6,2,401.35025399999995,0.0046,target
AVGO,2026-04-21,2026-04-21 18:21:00+00:00,6,2,401.395263,0.0046,target
AVGO,2026-04-21,2026-04-21 18:42:00+00:00,7,2,401.69842362,0.0046,target
AVGO,2026-04-21,2026-04-21 19:06:00+00:00,8,2,402.53049,-0.0029000000000000002,stop
AVGO,2026-04-21,2026-04-21 19:29:00+00:00,6,2,402.28044,-0.0029000000000000002,stop
AVGO,2026-04-21,2026-04-21 19:56:00+00:00,6,2,401.33025,0.0046,target
AVGO,2026-04-21,2026-04-21 20:18:00+00:00,7,2,403.80144414,-0.0029000000000000002,stop
AVGO,2026-04-21,2026-04-21 20:41:00+00:00,6,2,403.190622,0.0046,target
AVGO,2026-04-21,2026-04-21 21:04:00+00:00,8,2,403.81154616,0.0046,target
AVGO,2026-04-21,2026-04-21 21:55:00+00:00,7,2,403.60600506000003,0.0046,target
AVGO,2026-04-21,2026-04-21 22:50:00+00:00,6,2,403.760736,0.0046,target
AVGO,2026-04-22,2026-04-22 12:06:00+00:00,7,2,408.08119991999996,0.0046,target
AVGO,2026-04-22,2026-04-22 12:30:00+00:00,6,2,407.77153799999996,0.0046,target
AVGO,2026-04-22,2026-04-22 12:52:00+00:00,6,2,407.921568,0.0046,target
AVGO,2026-04-22,2026-04-22 13:17:00+00:00,6,2,408.061596,-0.0029000000000000002,stop
AVGO,2026-04-22,2026-04-22 14:05:00+00:00,7,2,408.77173799999997,0.0046,target
AVGO,2026-04-22,2026-04-22 14:25:00+00:00,6,2,411.992382,-0.0029000000000000002,stop
AVGO,2026-04-22,2026-04-22 14:45:00+00:00,6,2,411.392262,0.0046,target
AVGO,2026-04-22,2026-04-22 15:08:00+00:00,6,2,413.012586,0.0046,target
AVGO,2026-04-22,2026-04-22 15:34:00+00:00,6,2,415.403064,0.0046,target
AVGO,2026-04-22,2026-04-22 16:03:00+00:00,7,2,415.97317799999996,0.0046,target
AVGO,2026-04-22,2026-04-22 16:28:00+00:00,7,2,419.278839,-0.0029000000000000002,stop
AVGO,2026-04-22,2026-04-22 16:50:00+00:00,6,2,417.88356,-0.0029000000000000002,stop
AVGO,2026-04-22,2026-04-22 17:11:00+00:00,7,2,418.628709,0.0046,target
AVGO,2026-04-22,2026-04-22 17:31:00+00:00,7,2,419.58890099999996,0.0046,target
AVGO,2026-04-22,2026-04-22 17:57:00+00:00,6,2,419.71392599999996,0.0046,target
AVGO,2026-04-22,2026-04-22 18:18:00+00:00,7,2,419.8194471,0.0046,target
AVGO,2026-04-22,2026-04-22 18:41:00+00:00,6,2,420.35405399999996,-0.0029000000000000002,stop
AVGO,2026-04-22,2026-04-22 19:20:00+00:00,6,2,420.254034,0.0046,target
AVGO,2026-04-22,2026-04-22 19:41:00+00:00,7,2,420.544092,0.0046,target
AVGO,2026-04-22,2026-04-22 20:06:00+00:00,6,2,422.73452999999995,-0.0029000000000000002,stop
AVGO,2026-04-22,2026-04-22 20:28:00+00:00,6,2,421.76243561999996,0.0046,target
AVGO,2026-04-22,2026-04-22 21:23:00+00:00,6,2,422.274438,0.0046,target
AVGO,2026-04-22,2026-04-22 22:42:00+00:00,6,2,422.0844,0.0046,target
AVGO,2026-04-23,2026-04-23 10:36:00+00:00,6,2,418.273638,0.0046,target
AVGO,2026-04-23,2026-04-23 11:17:00+00:00,6,2,418.92376799999994,0.0046,target
AVGO,2026-04-23,2026-04-23 11:40:00+00:00,6,2,419.12540832,0.0046,target
AVGO,2026-04-23,2026-04-23 12:05:00+00:00,8,2,420.854154,-0.0029000000000000002,stop
AVGO,2026-04-23,2026-04-23 12:41:00+00:00,6,2,420.904164,-0.0029000000000000002,stop
AVGO,2026-04-23,2026-04-23 13:15:00+00:00,6,2,420.08910102000004,0.0046,target
AVGO,2026-04-23,2026-04-23 13:41:00+00:00,6,2,424.764936,0.0046,target
AVGO,2026-04-23,2026-04-23 14:15:00+00:00,6,2,425.525088,0.0046,target
AVGO,2026-04-23,2026-04-23 14:36:00+00:00,6,2,426.310245,-0.0029000000000000002,stop
AVGO,2026-04-23,2026-04-23 14:56:00+00:00,8,2,427.290441,0.0046,target
AVGO,2026-04-23,2026-04-23 15:18:00+00:00,6,2,428.59570199999996,0.0046,target
AVGO,2026-04-23,2026-04-23 15:38:00+00:00,6,2,428.425668,-0.0029000000000000002,stop
AVGO,2026-04-23,2026-04-23 16:22:00+00:00,6,2,428.345652,-0.0029000000000000002,stop
AVGO,2026-04-23,2026-04-23 20:03:00+00:00,6,2,420.824148,0.0046,target
AVGO,2026-04-23,2026-04-23 21:38:00+00:00,6,2,421.854354,0.0046,target
AVGO,2026-04-24,2026-04-24 11:05:00+00:00,6,2,423.104604,0.0046,target
AVGO,2026-04-24,2026-04-24 11:25:00+00:00,7,2,426.175218,0.0046,target
AVGO,2026-04-24,2026-04-24 11:57:00+00:00,6,2,426.205224,0.0046,target
AVGO,2026-04-24,2026-04-24 12:23:00+00:00,6,2,427.205424,-0.0029000000000000002,stop
AVGO,2026-04-24,2026-04-24 12:48:00+00:00,6,2,426.79534199999995,-0.0029000000000000002,stop
AVGO,2026-04-24,2026-04-24 13:09:00+00:00,6,2,426.68532,-0.0029000000000000002,stop
AVGO,2026-04-24,2026-04-24 14:50:00+00:00,6,2,415.823148,0.0046,target
AVGO,2026-04-24,2026-04-24 15:11:00+00:00,6,2,418.953774,-0.0029000000000000002,stop
AVGO,2026-04-24,2026-04-24 15:55:00+00:00,6,2,419.83395,-0.0029000000000000002,stop
AVGO,2026-04-24,2026-04-24 16:17:00+00:00,6,2,420.144012,0.0046,target
AVGO,2026-04-24,2026-04-24 16:42:00+00:00,6,2,419.948973,0.0046,target
AVGO,2026-04-24,2026-04-24 17:02:00+00:00,6,2,421.344252,-0.0029000000000000002,stop
AVGO,2026-04-24,2026-04-24 17:45:00+00:00,6,2,419.973978,0.0046,target
AVGO,2026-04-24,2026-04-24 18:05:00+00:00,6,2,421.029189,0.0046,target
AVGO,2026-04-24,2026-04-24 18:27:00+00:00,6,2,421.519287,0.0046,target
AVGO,2026-04-24,2026-04-24 19:01:00+00:00,6,2,422.109405,0.0046,target
AVGO,2026-04-24,2026-04-24 19:21:00+00:00,6,2,422.96457599999997,-0.0029000000000000002,stop
AVGO,2026-04-24,2026-04-24 19:49:00+00:00,6,2,422.03439,-0.0029000000000000002,stop
AVGO,2026-04-24,2026-04-24 20:29:00+00:00,6,2,421.68432,0.0046,target
AVGO,2026-04-27,2026-04-27 11:08:00+00:00,7,2,424.10040312,0.0046,target
AVGO,2026-04-27,2026-04-27 19:20:00+00:00,6,2,416.448273,0.0046,target
AVGO,2026-04-27,2026-04-27 19:50:00+00:00,6,2,417.5835,0.0046,target
AVGO,2026-04-27,2026-04-27 20:13:00+00:00,7,2,418.42366799999996,-0.0029000000000000002,stop
AVGO,2026-04-27,2026-04-27 21:00:00+00:00,6,2,417.5224878,0.0046,target
AVGO,2026-04-27,2026-04-27 21:45:00+00:00,7,2,417.873558,0.0046,target
AVGO,2026-04-27,2026-04-27 22:17:00+00:00,7,2,418.08370002,0.0046,target
AVGO,2026-04-28,2026-04-28 12:53:00+00:00,6,2,401.070198,-0.0029000000000000002,stop
AVGO,2026-04-28,2026-04-28 13:31:00+00:00,6,2,400.595103,-0.0029000000000000002,stop
AVGO,2026-04-28,2026-04-28 13:53:00+00:00,6,2,402.550494,-0.0029000000000000002,stop
AVGO,2026-04-28,2026-04-28 14:13:00+00:00,6,2,405.641112,-0.0029000000000000002,stop
AVGO,2026-04-28,2026-04-28 14:33:00+00:00,6,2,403.325649,-0.0029000000000000002,stop
AVGO,2026-04-28,2026-04-28 17:31:00+00:00,6,2,397.42947000000004,0.0046,target
AVGO,2026-04-28,2026-04-28 18:18:00+00:00,6,2,399.62991,0.0046,target
AVGO,2026-04-28,2026-04-28 18:40:00+00:00,6,2,400.440072,0.0046,target
AVGO,2026-04-28,2026-04-28 19:00:00+00:00,6,2,400.38006,0.0046,target
AVGO,2026-04-28,2026-04-28 19:22:00+00:00,7,2,400.505085,0.0046,target
AVGO,2026-04-28,2026-04-28 19:42:00+00:00,7,2,400.74713339999994,-0.0029000000000000002,stop
AVGO,2026-04-28,2026-04-28 20:26:00+00:00,6,2,400.33004999999997,0.0046,target
AVGO,2026-04-29,2026-04-29 10:35:00+00:00,6,2,401.91036599999995,0.0046,target
AVGO,2026-04-29,2026-04-29 11:17:00+00:00,7,2,401.990382,0.0046,target
AVGO,2026-04-29,2026-04-29 11:43:00+00:00,7,2,402.38046,-0.0029000000000000002,stop
AVGO,2026-04-29,2026-04-29 12:52:00+00:00,6,2,401.73033,0.0046,target
AVGO,2026-04-29,2026-04-29 13:16:00+00:00,6,2,402.5805,-0.0029000000000000002,stop
AVGO,2026-04-29,2026-04-29 14:29:00+00:00,6,2,401.850354,-0.0029000000000000002,stop
AVGO,2026-04-29,2026-04-29 14:49:00+00:00,6,2,401.640312,-0.0029000000000000002,stop
AVGO,2026-04-29,2026-04-29 15:34:00+00:00,8,2,401.73033,-0.0029000000000000002,stop
AVGO,2026-04-29,2026-04-29 17:21:00+00:00,6,2,398.399664,0.0046,target
AVGO,2026-04-29,2026-04-29 17:57:00+00:00,6,2,400.28004,-0.0029000000000000002,stop
AVGO,2026-04-29,2026-04-29 18:56:00+00:00,6,2,400.09000199999997,0.0046,target
AVGO,2026-04-29,2026-04-29 19:18:00+00:00,6,2,402.22042799999997,0.0046,target
AVGO,2026-04-29,2026-04-29 19:38:00+00:00,6,2,404.640912,-0.0029000000000000002,stop
AVGO,2026-04-29,2026-04-29 19:58:00+00:00,8,2,404.560896,0.0046,target
AVGO,2026-04-29,2026-04-29 20:24:00+00:00,6,2,405.73112999999995,-0.0029000000000000002,stop
AVGO,2026-04-29,2026-04-29 20:44:00+00:00,6,2,408.98177999999996,-0.0029000000000000002,stop
AVGO,2026-04-29,2026-04-29 21:04:00+00:00,6,2,410.262036,-0.0029000000000000002,stop
AVGO,2026-04-29,2026-04-29 21:26:00+00:00,7,2,410.852154,-0.0029000000000000002,stop
AVGO,2026-04-29,2026-04-29 22:12:00+00:00,7,2,409.521888,0.0046,target
AVGO,2026-04-29,2026-04-29 22:33:00+00:00,7,2,413.0826,-0.0029000000000000002,stop
AVGO,2026-04-29,2026-04-29 22:56:00+00:00,6,2,413.0826,-0.0029000000000000002,stop
AVGO,2026-04-29,2026-04-29 23:21:00+00:00,6,2,411.68232,0.0046,target
AVGO,2026-04-30,2026-04-30 10:33:00+00:00,6,2,412.012386,-0.0029000000000000002,stop
AVGO,2026-04-30,2026-04-30 11:09:00+00:00,6,2,409.921968,0.0046,target
AVGO,2026-04-30,2026-04-30 11:37:00+00:00,7,2,411.36225599999995,-0.0029000000000000002,stop
AVGO,2026-04-30,2026-04-30 12:05:00+00:00,6,2,411.5823,0.0046,target
AVGO,2026-04-30,2026-04-30 12:29:00+00:00,6,2,414.5829,-0.0029000000000000002,stop
AVGO,2026-04-30,2026-04-30 12:51:00+00:00,7,2,414.802944,-0.0029000000000000002,stop
AVGO,2026-04-30,2026-04-30 13:14:00+00:00,6,2,413.93277,0.0046,target
AVGO,2026-04-30,2026-04-30 13:43:00+00:00,6,2,416.843352,-0.0029000000000000002,stop
AVGO,2026-04-30,2026-04-30 15:08:00+00:00,6,2,412.222428,0.0046,target
AVGO,2026-04-30,2026-04-30 15:31:00+00:00,7,2,412.40456442,0.0046,target
AVGO,2026-04-30,2026-04-30 15:59:00+00:00,7,2,413.062596,0.0046,target
AVGO,2026-04-30,2026-04-30 16:19:00+00:00,7,2,414.357855,-0.0029000000000000002,stop
AVGO,2026-04-30,2026-04-30 16:39:00+00:00,6,2,413.247633,-0.0029000000000000002,stop
AVGO,2026-04-30,2026-04-30 16:59:00+00:00,6,2,413.022588,0.0046,target
AVGO,2026-04-30,2026-04-30 17:19:00+00:00,7,2,413.862756,0.0046,target
AVGO,2026-04-30,2026-04-30 17:40:00+00:00,9,2,415.493082,0.0046,target
AVGO,2026-04-30,2026-04-30 18:01:00+00:00,8,2,417.45847499999996,-0.0029000000000000002,stop
AVGO,2026-04-30,2026-04-30 18:23:00+00:00,6,2,415.868157,0.0046,target
AVGO,2026-04-30,2026-04-30 18:44:00+00:00,6,2,415.743132,0.0046,target
AVGO,2026-04-30,2026-04-30 19:15:00+00:00,6,2,417.443472,-0.0029000000000000002,stop
AVGO,2026-04-30,2026-04-30 19:47:00+00:00,6,2,416.253234,-0.0029000000000000002,stop
AVGO,2026-04-30,2026-04-30 20:08:00+00:00,6,2,417.81354600000003,-0.0029000000000000002,stop
AVGO,2026-05-01,2026-05-01 13:21:00+00:00,7,2,415.052994,-0.0029000000000000002,stop
AVGO,2026-05-01,2026-05-01 13:43:00+00:00,7,2,421.314246,-0.0029000000000000002,stop
AVGO,2026-05-01,2026-05-01 14:16:00+00:00,6,2,419.253834,-0.0029000000000000002,stop
AVGO,2026-05-01,2026-05-01 14:56:00+00:00,6,2,420.194022,-0.0029000000000000002,stop
AVGO,2026-05-01,2026-05-01 15:16:00+00:00,6,2,419.83915104,0.0046,target
AVGO,2026-05-01,2026-05-01 15:38:00+00:00,7,2,421.16421599999995,-0.0029000000000000002,stop
AVGO,2026-05-01,2026-05-01 15:59:00+00:00,6,2,421.59430199999997,-0.0029000000000000002,stop
AVGO,2026-05-01,2026-05-01 17:05:00+00:00,6,2,420.35905499999996,0.0046,target
AVGO,2026-05-01,2026-05-01 17:28:00+00:00,6,2,420.889161,0.0046,target
AVGO,2026-05-01,2026-05-01 17:49:00+00:00,6,2,422.829549,-0.0029000000000000002,stop
AVGO,2026-05-01,2026-05-01 18:09:00+00:00,6,2,422.439471,0.0046,target
AVGO,2026-05-01,2026-05-01 18:29:00+00:00,6,2,422.60450399999996,-0.0029000000000000002,stop
AVGO,2026-05-01,2026-05-01 18:59:00+00:00,6,2,422.224428,0.0046,target
AVGO,2026-05-01,2026-05-01 19:22:00+00:00,6,2,422.004384,-0.0029000000000000002,stop
AVGO,2026-05-04,2026-05-04 12:02:00+00:00,7,2,419.993982,0.0046,target
AVGO,2026-05-04,2026-05-04 12:29:00+00:00,6,2,420.48407999999995,-0.0029000000000000002,stop
AVGO,2026-05-04,2026-05-04 13:14:00+00:00,6,2,419.13320988,-0.0029000000000000002,stop
AVGO,2026-05-04,2026-05-04 13:41:00+00:00,6,2,420.68412,0.0046,target
AVGO,2026-05-04,2026-05-04 14:12:00+00:00,7,2,420.83164949999997,-0.0029000000000000002,stop
AVGO,2026-05-04,2026-05-04 17:01:00+00:00,6,2,412.04239199999995,0.0046,target
AVGO,2026-05-04,2026-05-04 19:09:00+00:00,6,2,415.78314,0.0046,target
AVGO,2026-05-04,2026-05-04 19:37:00+00:00,6,2,416.873358,-0.0029000000000000002,stop
AVGO,2026-05-04,2026-05-04 19:58:00+00:00,6,2,415.993182,0.0046,target
AVGO,2026-05-04,2026-05-04 21:52:00+00:00,6,2,416.28324,0.0046,target
AVGO,2026-05-05,2026-05-05 11:37:00+00:00,6,2,419.0838,0.0046,target
AVGO,2026-05-05,2026-05-05 12:11:00+00:00,7,2,419.1423117,0.0046,target
AVGO,2026-05-05,2026-05-05 12:48:00+00:00,7,2,419.963976,0.0046,target
AVGO,2026-05-05,2026-05-05 13:09:00+00:00,7,2,420.754134,0.0046,target
AVGO,2026-05-05,2026-05-05 13:31:00+00:00,8,2,423.28463999999997,-0.0029000000000000002,stop
AVGO,2026-05-05,2026-05-05 13:51:00+00:00,6,2,424.80494400000003,-0.0029000000000000002,stop
AVGO,2026-05-05,2026-05-05 14:53:00+00:00,7,2,422.96457599999997,0.0046,target
AVGO,2026-05-05,2026-05-05 15:21:00+00:00,7,2,427.54559202,0.0046,target
AVGO,2026-05-05,2026-05-05 15:45:00+00:00,6,2,427.53549,-0.0029000000000000002,stop
AVGO,2026-05-05,2026-05-05 16:06:00+00:00,6,2,428.35565399999996,0.0046,target
AVGO,2026-05-05,2026-05-05 16:26:00+00:00,8,2,430.706124,-0.0029000000000000002,stop
AVGO,2026-05-05,2026-05-05 16:48:00+00:00,6,2,429.875958,0.0046,target
AVGO,2026-05-05,2026-05-05 17:08:00+00:00,8,2,431.026188,0.0046,target
AVGO,2026-05-05,2026-05-05 17:31:00+00:00,6,2,431.5863,0.0046,target
AVGO,2026-05-05,2026-05-05 17:59:00+00:00,6,2,432.03639,-0.0029000000000000002,stop
AVGO,2026-05-05,2026-05-05 18:34:00+00:00,6,2,431.266236,0.0046,target
AVGO,2026-05-05,2026-05-05 20:23:00+00:00,6,2,430.28603999999996,0.0046,target
AVGO,2026-05-05,2026-05-05 20:43:00+00:00,6,2,435.68712,-0.0029000000000000002,stop
AVGO,2026-05-05,2026-05-05 21:07:00+00:00,7,2,436.47727799999996,-0.0029000000000000002,stop
AVGO,2026-05-05,2026-05-05 21:56:00+00:00,6,2,433.026588,-0.0029000000000000002,stop
AVGO,2026-05-05,2026-05-05 22:24:00+00:00,6,2,431.696322,-0.0029000000000000002,stop
AVGO,2026-05-05,2026-05-05 22:49:00+00:00,6,2,431.456274,0.0046,target
AVGO,2026-05-05,2026-05-05 23:11:00+00:00,6,2,433.33664999999996,-0.0029000000000000002,stop
AVGO,2026-05-06,2026-05-06 09:42:00+00:00,7,2,433.5867,0.0046,target
AVGO,2026-05-06,2026-05-06 10:16:00+00:00,6,2,434.22682799999995,0.0046,target
AVGO,2026-05-06,2026-05-06 10:44:00+00:00,6,2,434.09680199999997,0.0046,target
AVGO,2026-05-06,2026-05-06 11:10:00+00:00,8,2,436.94737200000003,0.0046,target
AVGO,2026-05-06,2026-05-06 11:30:00+00:00,8,2,437.827548,-0.0029000000000000002,stop
AVGO,2026-05-06,2026-05-06 11:51:00+00:00,6,2,435.507084,-0.0029000000000000002,stop
AVGO,2026-05-06,2026-05-06 12:24:00+00:00,6,2,436.51448544000004,-0.0029000000000000002,stop
AVGO,2026-05-06,2026-05-06 13:22:00+00:00,6,2,436.41806616,-0.0029000000000000002,stop
AVGO,2026-05-06,2026-05-06 15:19:00+00:00,6,2,424.829949,-0.0029000000000000002,stop
AVGO,2026-05-06,2026-05-06 18:16:00+00:00,7,2,421.88436,0.0046,target
AVGO,2026-05-06,2026-05-06 19:50:00+00:00,6,2,423.16461599999997,0.0046,target
AVGO,2026-05-06,2026-05-06 20:17:00+00:00,6,2,425.465076,0.0046,target
AVGO,2026-05-06,2026-05-06 20:51:00+00:00,7,2,425.0940018,0.0046,target
AVGO,2026-05-06,2026-05-06 22:25:00+00:00,6,2,424.554894,0.0046,target
AVGO,2026-05-07,2026-05-07 14:10:00+00:00,7,2,420.003984,-0.0029000000000000002,stop
AVGO,2026-05-07,2026-05-07 14:33:00+00:00,7,2,423.86475599999994,0.0046,target
AVGO,2026-05-07,2026-05-07 14:59:00+00:00,6,2,422.83455,-0.0029000000000000002,stop
AVGO,2026-05-07,2026-05-07 15:31:00+00:00,6,2,422.18442,-0.0029000000000000002,stop
AVGO,2026-05-07,2026-05-07 19:51:00+00:00,6,2,415.243032,-0.0029000000000000002,stop
AVGO,2026-05-08,2026-05-08 10:37:00+00:00,6,2,419.67391799999996,-0.0029000000000000002,stop
AVGO,2026-05-08,2026-05-08 11:07:00+00:00,6,2,419.13381,0.0046,target
AVGO,2026-05-08,2026-05-08 11:31:00+00:00,6,2,419.49388200000004,0.0046,target
AVGO,2026-05-08,2026-05-08 11:53:00+00:00,7,2,420.073998,0.0046,target
AVGO,2026-05-08,2026-05-08 12:13:00+00:00,7,2,420.23402999999996,-0.0029000000000000002,stop
AVGO,2026-05-08,2026-05-08 12:39:00+00:00,6,2,420.83414999999997,-0.0029000000000000002,stop
AVGO,2026-05-08,2026-05-08 13:07:00+00:00,6,2,420.084,-0.0029000000000000002,stop
AVGO,2026-05-08,2026-05-08 13:42:00+00:00,7,2,422.15941499999997,-0.0029000000000000002,stop
AVGO,2026-05-08,2026-05-08 14:03:00+00:00,6,2,423.68472,-0.0029000000000000002,stop
AVGO,2026-05-08,2026-05-08 14:25:00+00:00,6,2,422.689521,-0.0029000000000000002,stop
AVGO,2026-05-08,2026-05-08 14:52:00+00:00,7,2,423.229629,-0.0029000000000000002,stop
AVGO,2026-05-08,2026-05-08 15:12:00+00:00,7,2,424.29984299999995,-0.0029000000000000002,stop
AVGO,2026-05-08,2026-05-08 15:35:00+00:00,7,2,423.28463999999997,0.0046,target
AVGO,2026-05-08,2026-05-08 15:55:00+00:00,6,2,424.724928,0.0046,target
AVGO,2026-05-08,2026-05-08 16:15:00+00:00,6,2,427.730529,0.0046,target
AVGO,2026-05-08,2026-05-08 16:35:00+00:00,6,2,429.04079099999996,0.0046,target
AVGO,2026-05-08,2026-05-08 16:59:00+00:00,6,2,430.03609002,0.0046,target
AVGO,2026-05-08,2026-05-08 17:21:00+00:00,6,2,429.62590800000004,0.0046,target
AVGO,2026-05-08,2026-05-08 18:01:00+00:00,6,2,428.08570002,0.0046,target
AVGO,2026-05-08,2026-05-08 18:23:00+00:00,6,2,428.72072699999995,-0.0029000000000000002,stop
AVGO,2026-05-08,2026-05-08 18:48:00+00:00,6,2,428.410665,0.0046,target
AVGO,2026-05-08,2026-05-08 19:08:00+00:00,6,2,429.515886,-0.0029000000000000002,stop
AVGO,2026-05-08,2026-05-08 19:55:00+00:00,6,2,428.495682,0.0046,target
AVGO,2026-05-08,2026-05-08 20:41:00+00:00,7,2,429.68592,0.0046,target
AVGO,2026-05-08,2026-05-08 22:13:00+00:00,6,2,429.68592,0.0046,target
AVGO,2026-05-11,2026-05-11 11:06:00+00:00,6,2,426.005184,0.0046,target
AVGO,2026-05-11,2026-05-11 11:28:00+00:00,6,2,426.70352364,0.0046,target
AVGO,2026-05-11,2026-05-11 13:35:00+00:00,6,2,427.455474,0.0046,target
AVGO,2026-05-11,2026-05-11 13:56:00+00:00,6,2,432.16641599999997,-0.0029000000000000002,stop
AVGO,2026-05-11,2026-05-11 14:53:00+00:00,6,2,429.495882,0.0046,target
AVGO,2026-05-11,2026-05-11 15:15:00+00:00,6,2,430.11600599999997,0.0046,target
AVGO,2026-05-11,2026-05-11 15:38:00+00:00,7,2,430.36105499999996,0.0046,target
AVGO,2026-05-11,2026-05-11 16:05:00+00:00,6,2,429.895962,-0.0029000000000000002,stop
AVGO,2026-05-11,2026-05-11 17:05:00+00:00,8,2,430.025988,-0.0029000000000000002,stop
AVGO,2026-05-11,2026-05-11 17:31:00+00:00,6,2,430.04599199999996,-0.0029000000000000002,stop
AVGO,2026-05-11,2026-05-11 17:53:00+00:00,6,2,430.06669614,-0.0029000000000000002,stop
AVGO,2026-05-11,2026-05-11 18:15:00+00:00,6,2,429.98598,-0.0029000000000000002,stop
AVGO,2026-05-11,2026-05-11 18:56:00+00:00,6,2,429.445872,-0.0029000000000000002,stop
AVGO,2026-05-12,2026-05-12 11:44:00+00:00,6,2,423.63471,-0.0029000000000000002,stop
AVGO,2026-05-12,2026-05-12 13:28:00+00:00,6,2,423.564696,-0.0029000000000000002,stop
AVGO,2026-05-12,2026-05-12 13:50:00+00:00,6,2,428.175618,-0.0029000000000000002,stop
AVGO,2026-05-12,2026-05-12 14:11:00+00:00,6,2,424.61500602,0.0046,target
AVGO,2026-05-12,2026-05-12 17:21:00+00:00,6,2,412.022388,-0.0029000000000000002,stop
AVGO,2026-05-12,2026-05-12 18:25:00+00:00,6,2,414.53288999999995,0.0046,target
AVGO,2026-05-12,2026-05-12 19:11:00+00:00,6,2,415.628109,0.0046,target
AVGO,2026-05-12,2026-05-12 19:32:00+00:00,6,2,417.353454,0.0046,target
AVGO,2026-05-12,2026-05-12 19:52:00+00:00,7,2,419.973978,-0.0029000000000000002,stop
AVGO,2026-05-13,2026-05-13 14:34:00+00:00,6,2,411.0822,0.0046,target
AVGO,2026-05-13,2026-05-13 14:54:00+00:00,7,2,414.142812,-0.0029000000000000002,stop
AVGO,2026-05-13,2026-05-13 15:16:00+00:00,7,2,414.347853,-0.0029000000000000002,stop
AVGO,2026-05-13,2026-05-13 15:48:00+00:00,6,2,414.202824,0.0046,target
AVGO,2026-05-13,2026-05-13 16:10:00+00:00,6,2,415.55809500000004,-0.0029000000000000002,stop
AVGO,2026-05-13,2026-05-13 16:32:00+00:00,6,2,415.253034,0.0046,target
AVGO,2026-05-13,2026-05-13 16:59:00+00:00,7,2,415.83315,0.0046,target
AVGO,2026-05-13,2026-05-13 17:20:00+00:00,6,2,416.96347602000003,0.0046,target
AVGO,2026-05-13,2026-05-13 17:51:00+00:00,6,2,417.053394,0.0046,target
AVGO,2026-05-13,2026-05-13 18:14:00+00:00,6,2,417.398463,0.0046,target
AVGO,2026-05-13,2026-05-13 18:39:00+00:00,6,2,416.88336,-0.0029000000000000002,stop
AVGO,2026-05-13,2026-05-13 19:09:00+00:00,7,2,416.38806096,0.0046,target
AVGO,2026-05-13,2026-05-13 19:29:00+00:00,7,2,418.213626,-0.0029000000000000002,stop
AVGO,2026-05-13,2026-05-13 19:50:00+00:00,6,2,418.05359400000003,-0.0029000000000000002,stop
AVGO,2026-05-13,2026-05-13 20:24:00+00:00,6,2,417.0834,0.0046,target
AVGO,2026-05-13,2026-05-13 20:50:00+00:00,7,2,416.88346002,0.0046,target
AVGO,2026-05-13,2026-05-13 22:42:00+00:00,7,2,417.28344,0.0046,target
AVGO,2026-05-14,2026-05-14 11:12:00+00:00,6,2,417.273438,-0.0029000000000000002,stop
AVGO,2026-05-14,2026-05-14 12:26:00+00:00,6,2,416.593302,-0.0029000000000000002,stop
AVGO,2026-05-14,2026-05-14 13:26:00+00:00,6,2,416.0832,0.0046,target
AVGO,2026-05-14,2026-05-14 13:46:00+00:00,6,2,431.74133099999995,-0.0029000000000000002,stop
AVGO,2026-05-14,2026-05-14 14:11:00+00:00,6,2,429.195822,0.0046,target
AVGO,2026-05-14,2026-05-14 14:33:00+00:00,7,2,434.621907,0.0046,target
AVGO,2026-05-14,2026-05-14 14:54:00+00:00,6,2,435.597102,-0.0029000000000000002,stop
AVGO,2026-05-14,2026-05-14 15:14:00+00:00,6,2,435.96727602000004,0.0046,target
AVGO,2026-05-14,2026-05-14 15:34:00+00:00,7,2,438.30764400000004,-0.0029000000000000002,stop
AVGO,2026-05-14,2026-05-14 17:08:00+00:00,6,2,433.38666,-0.0029000000000000002,stop
AVGO,2026-05-14,2026-05-14 17:36:00+00:00,7,2,433.921767,0.0046,target
AVGO,2026-05-14,2026-05-14 18:01:00+00:00,6,2,434.29684199999997,0.0046,target
AVGO,2026-05-14,2026-05-14 18:26:00+00:00,6,2,435.13711001999997,0.0046,target
AVGO,2026-05-14,2026-05-14 18:48:00+00:00,8,2,436.7243274,0.0046,target
AVGO,2026-05-14,2026-05-14 19:08:00+00:00,6,2,440.18802,0.0046,target
AVGO,2026-05-14,2026-05-14 19:31:00+00:00,6,2,440.98817999999994,-0.0029000000000000002,stop
AVGO,2026-05-14,2026-05-14 19:51:00+00:00,6,2,441.53828999999996,-0.0029000000000000002,stop
AVGO,2026-05-14,2026-05-14 20:30:00+00:00,6,2,439.87795800000004,0.0046,target
AVGO,2026-05-14,2026-05-14 21:05:00+00:00,6,2,440.33805,0.0046,target
AVGO,2026-05-14,2026-05-14 22:00:00+00:00,7,2,440.328048,0.0046,target
AVGO,2026-05-14,2026-05-14 22:28:00+00:00,6,2,440.33805,0.0046,target
AVGO,2026-05-14,2026-05-14 23:01:00+00:00,7,2,441.0882,0.0046,target
AVGO,2026-05-15,2026-05-15 10:34:00+00:00,6,2,430.5861,-0.0029000000000000002,stop
AVGO,2026-05-15,2026-05-15 11:05:00+00:00,7,2,431.656314,-0.0029000000000000002,stop
AVGO,2026-05-15,2026-05-15 11:29:00+00:00,6,2,431.08619999999996,-0.0029000000000000002,stop
AVGO,2026-05-15,2026-05-15 14:19:00+00:00,9,2,429.695922,-0.0029000000000000002,stop
AVGO,2026-05-15,2026-05-15 15:41:00+00:00,8,2,427.340451,-0.0029000000000000002,stop
AVGO,2026-05-15,2026-05-15 16:13:00+00:00,7,2,427.660515,0.0046,target
AVGO,2026-05-15,2026-05-15 16:33:00+00:00,8,2,429.4393707,-0.0029000000000000002,stop
AVGO,2026-05-15,2026-05-15 17:07:00+00:00,6,2,428.90086302,0.0046,target
AVGO,2026-05-15,2026-05-15 17:29:00+00:00,7,2,429.15581399999996,-0.0029000000000000002,stop
AVGO,2026-05-15,2026-05-15 18:00:00+00:00,7,2,429.74593200000004,-0.0029000000000000002,stop
AVGO,2026-05-15,2026-05-15 18:21:00+00:00,6,2,428.705724,-0.0029000000000000002,stop
AVGO,2026-05-15,2026-05-15 19:44:00+00:00,7,2,427.415466,-0.0029000000000000002,stop
AVGO,2026-05-18,2026-05-18 11:48:00+00:00,6,2,422.99458200000004,-0.0029000000000000002,stop
AVGO,2026-05-18,2026-05-18 12:27:00+00:00,8,2,423.34805267999997,0.0046,target
AVGO,2026-05-18,2026-05-18 12:54:00+00:00,6,2,425.845152,-0.0029000000000000002,stop
AVGO,2026-05-18,2026-05-18 13:15:00+00:00,6,2,425.78513999999996,-0.0029000000000000002,stop
AVGO,2026-05-18,2026-05-18 14:42:00+00:00,6,2,418.963776,-0.0029000000000000002,stop
AVGO,2026-05-18,2026-05-18 15:05:00+00:00,6,2,420.824148,-0.0029000000000000002,stop
AVGO,2026-05-18,2026-05-18 16:19:00+00:00,7,2,419.193822,-0.0029000000000000002,stop
AVGO,2026-05-18,2026-05-18 16:58:00+00:00,6,2,420.15401399999996,-0.0029000000000000002,stop
AVGO,2026-05-18,2026-05-18 17:22:00+00:00,7,2,418.963776,0.0046,target
AVGO,2026-05-18,2026-05-18 17:44:00+00:00,7,2,419.78894099999997,-0.0029000000000000002,stop
AVGO,2026-05-18,2026-05-18 19:06:00+00:00,7,2,418.86835692,-0.0029000000000000002,stop
AVGO,2026-05-18,2026-05-18 19:40:00+00:00,6,2,419.243832,0.0046,target
AVGO,2026-05-18,2026-05-18 20:03:00+00:00,6,2,420.23402999999996,-0.0029000000000000002,stop
AVGO,2026-05-18,2026-05-18 20:32:00+00:00,7,2,420.194022,0.0046,target
AVGO,2026-05-18,2026-05-18 22:00:00+00:00,9,2,420.33405,0.0046,target
AVGO,2026-05-18,2026-05-18 22:33:00+00:00,6,2,420.764136,0.0046,target
AVGO,2026-05-19,2026-05-19 13:22:00+00:00,7,2,414.302844,-0.0029000000000000002,stop
AVGO,2026-05-19,2026-05-19 15:31:00+00:00,6,2,409.851954,-0.0029000000000000002,stop
AVGO,2026-05-19,2026-05-19 15:51:00+00:00,7,2,411.392262,-0.0029000000000000002,stop
AVGO,2026-05-19,2026-05-19 16:11:00+00:00,6,2,410.507085,0.0046,target
AVGO,2026-05-19,2026-05-19 16:31:00+00:00,7,2,413.677719,-0.0029000000000000002,stop
AVGO,2026-05-19,2026-05-19 16:52:00+00:00,7,2,413.27763899999997,0.0046,target
AVGO,2026-05-19,2026-05-19 17:13:00+00:00,9,2,414.692922,0.0046,target
AVGO,2026-05-19,2026-05-19 17:39:00+00:00,6,2,414.38286,-0.0029000000000000002,stop
AVGO,2026-05-19,2026-05-19 18:12:00+00:00,6,2,414.492882,-0.0029000000000000002,stop
AVGO,2026-05-19,2026-05-19 18:46:00+00:00,6,2,411.93237,-0.0029000000000000002,stop
AVGO,2026-05-19,2026-05-19 19:15:00+00:00,7,2,412.267437,-0.0029000000000000002,stop
AVGO,2026-05-19,2026-05-19 19:51:00+00:00,7,2,412.192422,-0.0029000000000000002,stop
AVGO,2026-05-20,2026-05-20 10:12:00+00:00,7,2,417.83355,-0.0029000000000000002,stop
AVGO,2026-05-20,2026-05-20 11:10:00+00:00,6,2,418.55009328,-0.0029000000000000002,stop
AVGO,2026-05-20,2026-05-20 11:39:00+00:00,6,2,418.153614,0.0046,target
AVGO,2026-05-20,2026-05-20 12:07:00+00:00,6,2,418.10700468,0.0046,target
AVGO,2026-05-20,2026-05-20 12:34:00+00:00,7,2,418.93377000000004,0.0046,target
AVGO,2026-05-20,2026-05-20 12:58:00+00:00,6,2,419.43387,-0.0029000000000000002,stop
AVGO,2026-05-20,2026-05-20 14:15:00+00:00,7,2,416.83335,0.0046,target
AVGO,2026-05-20,2026-05-20 14:35:00+00:00,7,2,419.42386799999997,-0.0029000000000000002,stop
AVGO,2026-05-20,2026-05-20 14:57:00+00:00,7,2,420.15401399999996,0.0046,target
AVGO,2026-05-20,2026-05-20 15:19:00+00:00,6,2,421.824348,-0.0029000000000000002,stop
AVGO,2026-05-20,2026-05-20 15:46:00+00:00,6,2,421.449273,-0.0029000000000000002,stop
AVGO,2026-05-20,2026-05-20 16:23:00+00:00,6,2,419.153814,0.0046,target
AVGO,2026-05-20,2026-05-20 17:00:00+00:00,6,2,418.69072140000003,-0.0029000000000000002,stop
AVGO,2026-05-20,2026-05-20 17:32:00+00:00,6,2,418.18362,0.0046,target
AVGO,2026-05-20,2026-05-20 18:08:00+00:00,6,2,419.013786,-0.0029000000000000002,stop
AVGO,2026-05-20,2026-05-20 18:34:00+00:00,6,2,417.993582,0.0046,target
AVGO,2026-05-20,2026-05-20 19:13:00+00:00,6,2,418.573698,0.0046,target
AVGO,2026-05-20,2026-05-20 19:34:00+00:00,6,2,418.363656,-0.0029000000000000002,stop
AVGO,2026-05-20,2026-05-20 21:32:00+00:00,6,2,417.893562,-0.0029000000000000002,stop
AVGO,2026-05-21,2026-05-21 13:35:00+00:00,7,2,419.703924,-0.0029000000000000002,stop
AVGO,2026-05-21,2026-05-21 13:55:00+00:00,7,2,421.29414198,-0.0029000000000000002,stop
AVGO,2026-05-21,2026-05-21 14:15:00+00:00,6,2,420.194022,-0.0029000000000000002,stop
AVGO,2026-05-21,2026-05-21 17:36:00+00:00,6,2,414.43287000000004,0.0046,target
AVGO,2026-05-21,2026-05-21 22:10:00+00:00,8,2,415.5831,0.0046,target
AVGO,2026-05-21,2026-05-21 22:58:00+00:00,7,2,415.763136,0.0046,target
AVGO,2026-05-22,2026-05-22 11:48:00+00:00,6,2,416.013186,0.0046,target
AVGO,2026-05-22,2026-05-22 13:10:00+00:00,6,2,416.953374,-0.0029000000000000002,stop
AVGO,2026-05-22,2026-05-22 13:31:00+00:00,7,2,418.243632,-0.0029000000000000002,stop
AVGO,2026-05-22,2026-05-22 15:26:00+00:00,6,2,414.96297599999997,-0.0029000000000000002,stop
AVGO,2026-05-22,2026-05-22 17:32:00+00:00,6,2,414.817947,-0.0029000000000000002,stop
AVGO,2026-05-22,2026-05-22 19:56:00+00:00,6,2,413.60770499999995,-0.0029000000000000002,stop
AVGO,2026-05-26,2026-05-26 10:17:00+00:00,6,2,417.75323394,-0.0029000000000000002,stop
AVGO,2026-05-26,2026-05-26 11:29:00+00:00,6,2,417.053394,-0.0029000000000000002,stop
AVGO,2026-05-26,2026-05-26 12:00:00+00:00,6,2,417.0834,-0.0029000000000000002,stop
AVGO,2026-05-26,2026-05-26 12:29:00+00:00,7,2,417.49348200000003,0.0046,target
AVGO,2026-05-26,2026-05-26 12:55:00+00:00,7,2,418.49368200000004,0.0046,target
AVGO,2026-05-26,2026-05-26 13:15:00+00:00,7,2,419.373858,-0.0029000000000000002,stop
AVGO,2026-05-26,2026-05-26 13:35:00+00:00,8,2,427.3419513,-0.0029000000000000002,stop
AVGO,2026-05-26,2026-05-26 13:55:00+00:00,6,2,427.88556,0.0046,target
AVGO,2026-05-26,2026-05-26 14:17:00+00:00,7,2,429.880959,0.0046,target
AVGO,2026-05-26,2026-05-26 14:39:00+00:00,6,2,434.86695599999996,-0.0029000000000000002,stop
AVGO,2026-05-26,2026-05-26 17:54:00+00:00,6,2,422.899563,0.0046,target
AVGO,2026-05-26,2026-05-26 19:07:00+00:00,6,2,423.17441796,-0.0029000000000000002,stop
AVGO,2026-05-26,2026-05-26 19:48:00+00:00,6,2,423.16461599999997,-0.0029000000000000002,stop
AVGO,2026-05-27,2026-05-27 10:20:00+00:00,6,2,424.0848,0.0046,target
AVGO,2026-05-27,2026-05-27 11:01:00+00:00,6,2,424.88496,0.0046,target
AVGO,2026-05-27,2026-05-27 11:21:00+00:00,7,2,426.03478992,0.0046,target
AVGO,2026-05-27,2026-05-27 11:43:00+00:00,6,2,428.015586,-0.0029000000000000002,stop
AVGO,2026-05-27,2026-05-27 12:05:00+00:00,7,2,427.565496,0.0046,target
AVGO,2026-05-27,2026-05-27 12:27:00+00:00,7,2,431.33625,0.0046,target
AVGO,2026-05-27,2026-05-27 12:55:00+00:00,6,2,432.28643999999997,-0.0029000000000000002,stop
AVGO,2026-05-27,2026-05-27 17:25:00+00:00,6,2,420.954174,0.0046,target
AVGO,2026-05-27,2026-05-27 18:11:00+00:00,6,2,421.519287,-0.0029000000000000002,stop
AVGO,2026-05-27,2026-05-27 19:17:00+00:00,6,2,421.78434,0.0046,target
AVGO,2026-05-27,2026-05-27 19:39:00+00:00,7,2,423.8672565,-0.0029000000000000002,stop
AVGO,2026-05-27,2026-05-27 20:17:00+00:00,6,2,423.28463999999997,0.0046,target
AVGO,2026-05-27,2026-05-27 20:56:00+00:00,7,2,423.70052316,-0.0029000000000000002,stop
AVGO,2026-05-27,2026-05-27 22:02:00+00:00,6,2,423.08459999999997,-0.0029000000000000002,stop
AVGO,2026-05-28,2026-05-28 11:45:00+00:00,6,2,418.33365,-0.0029000000000000002,stop
AVGO,2026-05-28,2026-05-28 12:45:00+00:00,6,2,417.393462,0.0046,target
AVGO,2026-05-28,2026-05-28 13:09:00+00:00,6,2,417.67351799999994,0.0046,target
AVGO,2026-05-28,2026-05-28 13:29:00+00:00,7,2,419.213826,0.0046,target
AVGO,2026-05-28,2026-05-28 13:57:00+00:00,7,2,421.5843,-0.0029000000000000002,stop
AVGO,2026-05-28,2026-05-28 14:17:00+00:00,6,2,421.944372,-0.0029000000000000002,stop
AVGO,2026-05-28,2026-05-28 14:41:00+00:00,7,2,419.973978,0.0046,target
AVGO,2026-05-28,2026-05-28 15:11:00+00:00,6,2,423.13461,0.0046,target
AVGO,2026-05-28,2026-05-28 15:37:00+00:00,7,2,424.68492000000003,-0.0029000000000000002,stop
AVGO,2026-05-28,2026-05-28 15:57:00+00:00,7,2,425.800143,-0.0029000000000000002,stop
AVGO,2026-05-28,2026-05-28 16:19:00+00:00,6,2,425.97517799999997,0.0046,target
AVGO,2026-05-28,2026-05-28 16:40:00+00:00,6,2,425.93517,0.0046,target
AVGO,2026-05-28,2026-05-28 17:04:00+00:00,6,2,427.05539400000004,0.0046,target
AVGO,2026-05-28,2026-05-28 17:27:00+00:00,7,2,428.245632,-0.0029000000000000002,stop
AVGO,2026-05-28,2026-05-28 17:55:00+00:00,6,2,428.665716,0.0046,target
AVGO,2026-05-28,2026-05-28 18:20:00+00:00,6,2,429.06579600000003,-0.0029000000000000002,stop
AVGO,2026-05-28,2026-05-28 19:06:00+00:00,6,2,428.390661,-0.0029000000000000002,stop
AVGO,2026-05-28,2026-05-28 19:31:00+00:00,6,2,426.070197,0.0046,target
AVGO,2026-05-28,2026-05-28 19:51:00+00:00,6,2,426.67531799999995,-0.0029000000000000002,stop
AVGO,2026-05-28,2026-05-28 20:21:00+00:00,6,2,427.56739638,0.0046,target
AVGO,2026-05-28,2026-05-28 20:45:00+00:00,7,2,428.815746,0.0046,target
AVGO,2026-05-28,2026-05-28 21:25:00+00:00,8,2,431.78634,-0.0029000000000000002,stop
AVGO,2026-05-28,2026-05-28 22:03:00+00:00,6,2,431.08619999999996,-0.0029000000000000002,stop
AVGO,2026-05-28,2026-05-28 22:35:00+00:00,6,2,430.33605,-0.0029000000000000002,stop
AVGO,2026-05-28,2026-05-28 22:58:00+00:00,6,2,430.23602999999997,-0.0029000000000000002,stop
AVGO,2026-05-29,2026-05-29 10:00:00+00:00,6,2,432.85655399999996,-0.0029000000000000002,stop
AVGO,2026-05-29,2026-05-29 10:26:00+00:00,6,2,432.506484,0.0046,target
AVGO,2026-05-29,2026-05-29 11:01:00+00:00,7,2,432.596502,0.0046,target
AVGO,2026-05-29,2026-05-29 11:21:00+00:00,6,2,433.316646,0.0046,target
AVGO,2026-05-29,2026-05-29 11:42:00+00:00,6,2,433.446672,-0.0029000000000000002,stop
AVGO,2026-05-29,2026-05-29 12:03:00+00:00,6,2,434.13681,-0.0029000000000000002,stop
AVGO,2026-05-29,2026-05-29 12:51:00+00:00,7,2,433.746732,0.0046,target
AVGO,2026-05-29,2026-05-29 13:14:00+00:00,6,2,433.58559978,-0.0029000000000000002,stop
AVGO,2026-05-29,2026-05-29 13:34:00+00:00,6,2,438.977778,-0.0029000000000000002,stop
AVGO,2026-05-29,2026-05-29 13:56:00+00:00,6,2,444.808944,-0.0029000000000000002,stop
AVGO,2026-05-29,2026-05-29 15:09:00+00:00,6,2,441.23823,-0.0029000000000000002,stop
AVGO,2026-05-29,2026-05-29 16:11:00+00:00,6,2,440.48807999999997,0.0046,target
AVGO,2026-05-29,2026-05-29 16:41:00+00:00,6,2,441.18822,-0.0029000000000000002,stop
AVGO,2026-05-29,2026-05-29 19:37:00+00:00,6,2,439.552893,0.0046,target
AVGO,2026-05-29,2026-05-29 19:58:00+00:00,6,2,446.39926199999996,-0.0029000000000000002,stop
AVGO,2026-05-29,2026-05-29 20:21:00+00:00,7,2,444.7599342,0.0046,target
AVGO,2026-05-29,2026-05-29 20:47:00+00:00,6,2,444.35885399999995,0.0046,target
AVGO,2026-05-29,2026-05-29 21:13:00+00:00,7,2,445.5891,0.0046,target
AVGO,2026-05-29,2026-05-29 21:50:00+00:00,6,2,446.38926,0.0046,target
AVGO,2026-05-29,2026-05-29 22:19:00+00:00,7,2,446.14781172,0.0046,target
AVGO,2026-05-29,2026-05-29 22:43:00+00:00,7,2,446.33925,0.0046,target
AVGO,2026-06-01,2026-06-01 09:50:00+00:00,7,2,457.41146399999997,0.0046,target
AVGO,2026-06-01,2026-06-01 10:13:00+00:00,6,2,458.79174,0.0046,target
AVGO,2026-06-01,2026-06-01 10:34:00+00:00,8,2,460.39206,-0.0029000000000000002,stop
AVGO,2026-06-01,2026-06-01 10:58:00+00:00,8,2,459.22182599999996,-0.0029000000000000002,stop
AVGO,2026-06-01,2026-06-01 11:18:00+00:00,6,2,459.12180599999994,-0.0029000000000000002,stop
AVGO,2026-06-01,2026-06-01 11:38:00+00:00,7,2,460.061994,-0.0029000000000000002,stop
AVGO,2026-06-01,2026-06-01 13:43:00+00:00,6,2,455.151012,-0.0029000000000000002,stop
AVGO,2026-06-01,2026-06-01 14:21:00+00:00,6,2,451.19022,-0.0029000000000000002,stop
AVGO,2026-06-01,2026-06-01 14:41:00+00:00,7,2,457.96447458,0.0046,target
AVGO,2026-06-01,2026-06-01 15:14:00+00:00,6,2,456.566295,-0.0029000000000000002,stop
AVGO,2026-06-01,2026-06-01 15:36:00+00:00,6,2,458.07149597999995,-0.0029000000000000002,stop
AVGO,2026-06-01,2026-06-01 16:00:00+00:00,7,2,458.7692355,0.0046,target
AVGO,2026-06-01,2026-06-01 16:21:00+00:00,7,2,461.632308,0.0046,target
AVGO,2026-06-01,2026-06-01 16:41:00+00:00,6,2,462.222426,-0.0029000000000000002,stop
AVGO,2026-06-01,2026-06-01 17:06:00+00:00,7,2,460.81714500000004,0.0046,target
AVGO,2026-06-01,2026-06-01 17:30:00+00:00,7,2,460.87215599999996,0.0046,target
AVGO,2026-06-01,2026-06-01 17:51:00+00:00,7,2,464.697921,-0.0029000000000000002,stop
AVGO,2026-06-01,2026-06-01 18:18:00+00:00,6,2,460.04199,0.0046,target
AVGO,2026-06-01,2026-06-01 18:40:00+00:00,6,2,461.252232,0.0046,target
AVGO,2026-06-01,2026-06-01 19:02:00+00:00,6,2,461.657313,-0.0029000000000000002,stop
AVGO,2026-06-01,2026-06-01 19:22:00+00:00,6,2,461.322246,-0.0029000000000000002,stop
AVGO,2026-06-01,2026-06-01 19:59:00+00:00,7,2,459.98197799999997,0.0046,target
AVGO,2026-06-01,2026-06-01 20:25:00+00:00,6,2,460.87215599999996,0.0046,target
AVGO,2026-06-01,2026-06-01 20:50:00+00:00,6,2,466.81334400000003,-0.0029000000000000002,stop
AVGO,2026-06-01,2026-06-01 21:15:00+00:00,6,2,474.5949,-0.0029000000000000002,stop
AVGO,2026-06-01,2026-06-01 21:35:00+00:00,6,2,474.364854,-0.0029000000000000002,stop
AVGO,2026-06-01,2026-06-01 21:56:00+00:00,6,2,473.5947,-0.0029000000000000002,stop
AVGO,2026-06-01,2026-06-01 22:17:00+00:00,7,2,473.69472,-0.0029000000000000002,stop
AVGO,2026-06-01,2026-06-01 22:46:00+00:00,6,2,472.68451799999997,0.0046,target
AVGO,2026-06-02,2026-06-02 09:27:00+00:00,6,2,489.267834,0.0046,target
AVGO,2026-06-02,2026-06-02 09:58:00+00:00,6,2,492.29843999999997,0.0046,target
AVGO,2026-06-02,2026-06-02 10:21:00+00:00,7,2,493.768734,-0.0029000000000000002,stop
AVGO,2026-06-02,2026-06-02 11:16:00+00:00,6,2,490.788138,-0.0029000000000000002,stop
AVGO,2026-06-02,2026-06-02 12:40:00+00:00,7,2,489.887958,-0.0029000000000000002,stop
AVGO,2026-06-02,2026-06-02 13:28:00+00:00,6,2,491.688318,-0.0029000000000000002,stop
AVGO,2026-06-02,2026-06-02 15:26:00+00:00,6,2,482.836548,-0.0029000000000000002,stop
AVGO,2026-06-02,2026-06-02 15:52:00+00:00,7,2,483.24663,0.0046,target
AVGO,2026-06-02,2026-06-02 16:14:00+00:00,6,2,485.091999,-0.0029000000000000002,stop
AVGO,2026-06-02,2026-06-02 16:35:00+00:00,6,2,482.62640598,-0.0029000000000000002,stop
AVGO,2026-06-02,2026-06-02 19:16:00+00:00,6,2,477.0954,-0.0029000000000000002,stop
AVGO,2026-06-02,2026-06-02 19:54:00+00:00,6,2,480.39606,0.0046,target
AVGO,2026-06-02,2026-06-02 20:15:00+00:00,6,2,483.43806828000004,0.0046,target
AVGO,2026-06-02,2026-06-02 20:39:00+00:00,6,2,483.94677,0.0046,target
AVGO,2026-06-02,2026-06-02 20:59:00+00:00,7,2,484.89696,0.0046,target
AVGO,2026-06-02,2026-06-02 21:20:00+00:00,6,2,484.6709148,0.0046,target
AVGO,2026-06-02,2026-06-02 21:52:00+00:00,6,2,484.74692999999996,0.0046,target
AVGO,2026-06-02,2026-06-02 22:14:00+00:00,8,2,485.49708,0.0046,target
AVGO,2026-06-02,2026-06-02 22:34:00+00:00,6,2,490.08799799999997,0.0046,target
AVGO,2026-06-02,2026-06-02 22:54:00+00:00,6,2,495.36985416,-0.0029000000000000002,stop
AVGO,2026-06-02,2026-06-02 23:14:00+00:00,6,2,495.088998,-0.0029000000000000002,stop
AVGO,2026-06-03,2026-06-03 11:01:00+00:00,6,2,493.79873999999995,-0.0029000000000000002,stop
AVGO,2026-06-03,2026-06-03 11:57:00+00:00,8,2,493.12860599999993,-0.0029000000000000002,stop
AVGO,2026-06-03,2026-06-03 12:44:00+00:00,8,2,495.49908,-0.0029000000000000002,stop
AVGO,2026-06-03,2026-06-03 13:25:00+00:00,7,2,494.39886,-0.0029000000000000002,stop
AVGO,2026-06-03,2026-06-03 14:29:00+00:00,7,2,486.007182,-0.0029000000000000002,stop
AVGO,2026-06-03,2026-06-03 14:50:00+00:00,6,2,486.727326,-0.0029000000000000002,stop
AVGO,2026-06-03,2026-06-03 15:11:00+00:00,6,2,488.572695,-0.0029000000000000002,stop
AVGO,2026-06-03,2026-06-03 15:35:00+00:00,6,2,487.627506,-0.0029000000000000002,stop
AVGO,2026-06-03,2026-06-03 16:53:00+00:00,6,2,485.89716,-0.0029000000000000002,stop
AVGO,2026-06-03,2026-06-03 17:49:00+00:00,7,2,485.66701398000004,0.0046,target
AVGO,2026-06-03,2026-06-03 18:09:00+00:00,6,2,486.532287,0.0046,target
AVGO,2026-06-03,2026-06-03 18:34:00+00:00,9,2,489.12280499999997,-0.0029000000000000002,stop
AVGO,2026-06-03,2026-06-03 18:55:00+00:00,6,2,487.71752399999997,-0.0029000000000000002,stop
AVGO,2026-06-03,2026-06-03 19:18:00+00:00,7,2,488.237628,-0.0029000000000000002,stop
AVGO,2026-06-04,2026-06-04 09:52:00+00:00,6,2,419.58389999999997,-0.0029000000000000002,stop
AVGO,2026-06-04,2026-06-04 13:12:00+00:00,6,2,409.201824,-0.0029000000000000002,stop
AVGO,2026-06-04,2026-06-04 14:41:00+00:00,6,2,409.201824,0.0046,target
AVGO,2026-06-04,2026-06-04 15:15:00+00:00,7,2,412.48247999999995,0.0046,target
AVGO,2026-06-04,2026-06-04 15:35:00+00:00,7,2,413.712726,-0.0029000000000000002,stop
AVGO,2026-06-04,2026-06-04 16:25:00+00:00,6,2,410.647113,-0.0029000000000000002,stop
AVGO,2026-06-04,2026-06-04 16:48:00+00:00,8,2,412.66261602000003,0.0046,target
AVGO,2026-06-04,2026-06-04 17:11:00+00:00,8,2,418.1726178,-0.0029000000000000002,stop
AVGO,2026-06-04,2026-06-04 17:32:00+00:00,6,2,422.699523,-0.0029000000000000002,stop
AVGO,2026-06-04,2026-06-04 17:52:00+00:00,6,2,423.11960700000003,-0.0029000000000000002,stop
AVGO,2026-06-04,2026-06-04 18:12:00+00:00,6,2,424.94657232,-0.0029000000000000002,stop
AVGO,2026-06-04,2026-06-04 19:01:00+00:00,6,2,417.2439321,0.0046,target
AVGO,2026-06-04,2026-06-04 19:34:00+00:00,8,2,422.16441599999996,-0.0029000000000000002,stop
AVGO,2026-06-04,2026-06-04 19:58:00+00:00,7,2,418.92876900000005,0.0046,target
AVGO,2026-06-04,2026-06-04 21:18:00+00:00,6,2,418.03359,0.0046,target
AVGO,2026-06-04,2026-06-04 21:38:00+00:00,6,2,418.56009528,-0.0029000000000000002,stop
AVGO,2026-06-04,2026-06-04 22:19:00+00:00,6,2,415.97877912,-0.0029000000000000002,stop
AVGO,2026-06-05,2026-06-05 09:44:00+00:00,7,2,411.892362,0.0046,target
AVGO,2026-06-05,2026-06-05 10:06:00+00:00,7,2,412.43247,0.0046,target
AVGO,2026-06-05,2026-06-05 10:29:00+00:00,7,2,414.16701684,-0.0029000000000000002,stop
AVGO,2026-06-05,2026-06-05 11:04:00+00:00,7,2,413.17831914,-0.0029000000000000002,stop
AVGO,2026-06-05,2026-06-05 11:39:00+00:00,6,2,412.012386,-0.0029000000000000002,stop
AVGO,2026-06-05,2026-06-05 21:19:00+00:00,6,2,387.82755,-0.0029000000000000002,stop
AVGO,2026-06-05,2026-06-05 21:46:00+00:00,6,2,387.34745399999997,-0.0029000000000000002,stop
AVGO,2026-06-08,2026-06-08 09:25:00+00:00,6,2,391.76833799999997,0.0046,target
AVGO,2026-06-08,2026-06-08 09:49:00+00:00,6,2,392.47848,-0.0029000000000000002,stop
AVGO,2026-06-08,2026-06-08 10:41:00+00:00,6,2,392.17842,0.0046,target
AVGO,2026-06-08,2026-06-08 11:01:00+00:00,6,2,393.4006644,0.0046,target
AVGO,2026-06-08,2026-06-08 11:22:00+00:00,6,2,396.47927999999996,0.0046,target
AVGO,2026-06-08,2026-06-08 11:43:00+00:00,6,2,397.569498,-0.0029000000000000002,stop
AVGO,2026-06-08,2026-06-08 12:05:00+00:00,6,2,397.259436,0.0046,target
AVGO,2026-06-08,2026-06-08 12:25:00+00:00,8,2,399.0798,-0.0029000000000000002,stop
AVGO,2026-06-08,2026-06-08 12:48:00+00:00,6,2,398.949774,-0.0029000000000000002,stop
AVGO,2026-06-08,2026-06-08 13:09:00+00:00,6,2,399.019788,-0.0029000000000000002,stop
AVGO,2026-06-08,2026-06-08 13:34:00+00:00,6,2,396.60930599999995,-0.0029000000000000002,stop
AVGO,2026-06-08,2026-06-08 14:36:00+00:00,6,2,396.999384,0.0046,target
AVGO,2026-06-08,2026-06-08 14:56:00+00:00,6,2,398.32965,0.0046,target
AVGO,2026-06-08,2026-06-08 15:25:00+00:00,6,2,399.019788,-0.0029000000000000002,stop
AVGO,2026-06-08,2026-06-08 15:45:00+00:00,6,2,398.909766,-0.0029000000000000002,stop
AVGO,2026-06-08,2026-06-08 16:16:00+00:00,6,2,397.589502,-0.0029000000000000002,stop
AVGO,2026-06-08,2026-06-08 18:39:00+00:00,6,2,395.62911,-0.0029000000000000002,stop
AVGO,2026-06-08,2026-06-08 19:31:00+00:00,6,2,395.71912799999996,0.0046,target
AVGO,2026-06-08,2026-06-08 20:06:00+00:00,6,2,397.439472,-0.0029000000000000002,stop
AVGO,2026-06-08,2026-06-08 20:45:00+00:00,6,2,396.949374,0.0046,target
AVGO,2026-06-08,2026-06-08 21:10:00+00:00,6,2,397.08380087999996,0.0046,target
AVGO,2026-06-08,2026-06-08 21:34:00+00:00,6,2,397.669518,-0.0029000000000000002,stop
AVGO,2026-06-09,2026-06-09 09:37:00+00:00,8,2,402.060396,-0.0029000000000000002,stop
AVGO,2026-06-09,2026-06-09 09:58:00+00:00,6,2,403.020588,-0.0029000000000000002,stop
AVGO,2026-06-09,2026-06-09 11:09:00+00:00,6,2,401.450274,-0.0029000000000000002,stop
AVGO,2026-06-09,2026-06-09 11:33:00+00:00,6,2,401.35025399999995,0.0046,target
AVGO,2026-06-09,2026-06-09 11:59:00+00:00,6,2,401.0802,-0.0029000000000000002,stop
AVGO,2026-06-09,2026-06-09 12:37:00+00:00,6,2,401.66031599999997,-0.0029000000000000002,stop
AVGO,2026-06-09,2026-06-09 12:57:00+00:00,6,2,401.78033999999997,0.0046,target
AVGO,2026-06-09,2026-06-09 13:18:00+00:00,7,2,404.0808,-0.0029000000000000002,stop
AVGO,2026-06-09,2026-06-09 13:50:00+00:00,7,2,407.65151399999996,-0.0029000000000000002,stop
AVGO,2026-06-09,2026-06-09 18:13:00+00:00,6,2,385.42707,0.0046,target
AVGO,2026-06-09,2026-06-09 18:34:00+00:00,7,2,388.647714,0.0046,target
AVGO,2026-06-09,2026-06-09 18:57:00+00:00,6,2,390.85815599999995,0.0046,target
AVGO,2026-06-09,2026-06-09 19:18:00+00:00,6,2,388.897764,-0.0029000000000000002,stop
AVGO,2026-06-09,2026-06-09 19:38:00+00:00,7,2,390.76813799999996,-0.0029000000000000002,stop
AVGO,2026-06-09,2026-06-09 19:58:00+00:00,6,2,391.64831399999997,-0.0029000000000000002,stop
AVGO,2026-06-09,2026-06-09 20:19:00+00:00,6,2,390.53809199999995,0.0046,target
AVGO,2026-06-09,2026-06-09 20:46:00+00:00,6,2,391.21822799999995,0.0046,target
AVGO,2026-06-09,2026-06-09 22:19:00+00:00,6,2,389.32785,-0.0029000000000000002,stop
AVGO,2026-06-09,2026-06-09 23:08:00+00:00,7,2,389.15651574000003,-0.0029000000000000002,stop
AVGO,2026-06-10,2026-06-10 10:31:00+00:00,8,2,384.87696,0.0046,target
AVGO,2026-06-10,2026-06-10 11:03:00+00:00,9,2,385.37706000000003,-0.0029000000000000002,stop
AVGO,2026-06-10,2026-06-10 11:56:00+00:00,6,2,383.546694,-0.0029000000000000002,stop
AVGO,2026-06-10,2026-06-10 12:31:00+00:00,7,2,386.96427738,-0.0029000000000000002,stop
AVGO,2026-06-10,2026-06-10 12:52:00+00:00,6,2,387.367458,-0.0029000000000000002,stop
AVGO,2026-06-10,2026-06-10 13:15:00+00:00,6,2,386.247234,-0.0029000000000000002,stop
AVGO,2026-06-10,2026-06-10 17:51:00+00:00,6,2,377.34545399999996,0.0046,target
AVGO,2026-06-10,2026-06-10 18:15:00+00:00,6,2,379.135812,-0.0029000000000000002,stop
AVGO,2026-06-11,2026-06-11 11:59:00+00:00,6,2,376.57529999999997,-0.0029000000000000002,stop
AVGO,2026-06-11,2026-06-11 13:34:00+00:00,6,2,375.735132,-0.0029000000000000002,stop
AVGO,2026-06-11,2026-06-11 13:55:00+00:00,6,2,380.055996,-0.0029000000000000002,stop
AVGO,2026-06-11,2026-06-11 14:30:00+00:00,6,2,377.765538,-0.0029000000000000002,stop
AVGO,2026-06-11,2026-06-11 15:21:00+00:00,8,2,377.510487,-0.0029000000000000002,stop
AVGO,2026-06-11,2026-06-11 15:41:00+00:00,7,2,377.6325114,-0.0029000000000000002,stop
AVGO,2026-06-11,2026-06-11 16:01:00+00:00,6,2,377.47547999999995,-0.0029000000000000002,stop
AVGO,2026-06-11,2026-06-11 16:21:00+00:00,6,2,379.51588799999996,-0.0029000000000000002,stop
AVGO,2026-06-11,2026-06-11 16:41:00+00:00,6,2,378.98578200000003,-0.0029000000000000002,stop
AVGO,2026-06-11,2026-06-11 17:33:00+00:00,7,2,382.506486,0.0046,target
AVGO,2026-06-11,2026-06-11 17:53:00+00:00,6,2,383.766738,-0.0029000000000000002,stop
AVGO,2026-06-11,2026-06-11 18:19:00+00:00,7,2,384.34685399999995,-0.0029000000000000002,stop
AVGO,2026-06-11,2026-06-11 18:41:00+00:00,6,2,383.316648,0.0046,target
AVGO,2026-06-11,2026-06-11 19:08:00+00:00,6,2,383.956776,0.0046,target
AVGO,2026-06-11,2026-06-11 19:29:00+00:00,8,2,386.03719199999995,0.0046,target
AVGO,2026-06-11,2026-06-11 19:53:00+00:00,6,2,386.187222,-0.0029000000000000002,stop
AVGO,2026-06-11,2026-06-11 21:27:00+00:00,6,2,384.16401744,0.0046,target
AVGO,2026-06-11,2026-06-11 22:01:00+00:00,6,2,384.546894,0.0046,target
AVGO,2026-06-11,2026-06-11 22:25:00+00:00,6,2,385.317048,-0.0029000000000000002,stop
AVGO,2026-06-11,2026-06-11 22:50:00+00:00,6,2,385.077,0.0046,target
AVGO,2026-06-12,2026-06-12 09:35:00+00:00,7,2,389.51788799999997,-0.0029000000000000002,stop
AVGO,2026-06-12,2026-06-12 10:07:00+00:00,6,2,388.97778,-0.0029000000000000002,stop
AVGO,2026-06-12,2026-06-12 11:01:00+00:00,6,2,387.197424,0.0046,target
AVGO,2026-06-12,2026-06-12 11:26:00+00:00,6,2,387.817548,-0.0029000000000000002,stop
AVGO,2026-06-12,2026-06-12 12:09:00+00:00,6,2,386.98648182,-0.0029000000000000002,stop
AVGO,2026-06-12,2026-06-12 14:11:00+00:00,6,2,383.74643394,-0.0029000000000000002,stop
