sym,level,date,gap_regime,outcome,bars,pnl,ep,side,touch_num
RKLB,PML,2025-12-16,Gap Down,loss,5,-0.5,53.565,long,1
RKLB,PDL,2025-12-16,Gap Down,win,0,1.0,55.55,long,1
RKLB,1H_Sup,2025-12-16,Gap Down,win,0,1.0,55.55,long,1
RKLB,1H_Sup,2025-12-16,Gap Down,loss,0,-0.5,56.49,long,1
RKLB,1H_Sup,2025-12-16,Gap Down,loss,0,-0.5,56.49,long,1
RKLB,1H_Sup,2025-12-16,Gap Down,loss,1,-0.5,56.34,long,1
RKLB,4H_Sup,2025-12-16,Gap Down,win,0,1.0,55.55,long,1
RKLB,4H_Sup,2025-12-16,Gap Down,loss,1,-0.5,56.34,long,1
RKLB,PMH,2025-12-16,Gap Down,win,3,1.0,54.78,short,1
RKLB,1H_Res,2025-12-16,Gap Down,loss,0,-0.5,55.31,short,1
RKLB,1H_Res,2025-12-16,Gap Down,win,7,1.0,56.25,short,1
RKLB,PML,2025-12-17,Gap Up,loss,1,-0.5,55.86,long,1
RKLB,1H_Sup,2025-12-17,Gap Up,win,4,1.0,55.09,long,1
RKLB,4H_Sup,2025-12-17,Gap Up,loss,0,-0.5,54.64,long,1
RKLB,4H_Sup,2025-12-17,Gap Up,loss,1,-0.5,56.19,long,1
RKLB,PDH,2025-12-17,Gap Up,win,4,1.0,56.06,short,1
RKLB,1H_Res,2025-12-17,Gap Up,loss,2,-0.5,54.4295,short,1
RKLB,1H_Res,2025-12-17,Gap Up,loss,2,-0.5,54.4295,short,1
RKLB,1H_Res,2025-12-17,Gap Up,loss,0,-0.5,54.795,short,1
RKLB,4H_Res,2025-12-17,Gap Up,win,0,1.0,55.43,short,1
RKLB,PMH,2025-12-18,Gap Up,loss,2,-0.5,56.2437,short,1
RKLB,PDH,2025-12-18,Gap Up,loss,0,-0.5,56.81,short,1
RKLB,1H_Sup,2025-12-23,Gap Down,loss,0,-0.5,78.72,long,1
RKLB,PDH,2025-12-23,Gap Down,loss,1,-0.5,77.7276,short,1
RKLB,PML,2025-12-24,Gap Up,loss,0,-0.5,76.82,long,1
RKLB,1H_Sup,2025-12-24,Gap Up,win,37,1.0,77.37,long,1
RKLB,1H_Sup,2025-12-24,Gap Up,loss,0,-0.5,78.4325,long,1
RKLB,4H_Sup,2025-12-24,Gap Up,loss,2,-0.5,76.48,long,1
RKLB,PMH,2025-12-24,Gap Up,win,0,1.0,77.88,short,1
RKLB,PDH,2025-12-24,Gap Up,win,0,1.0,77.88,short,1
RKLB,1H_Res,2025-12-24,Gap Up,win,1,1.0,77.1512,short,1
RKLB,4H_Res,2025-12-24,Gap Up,win,1,1.0,77.1512,short,1
RKLB,1H_Sup,2025-12-30,Gap Up,win,2,1.0,71.39,long,1
RKLB,4H_Sup,2025-12-30,Gap Up,loss,0,-0.5,72.36,long,1
RKLB,PMH,2025-12-30,Gap Up,loss,0,-0.5,72.58,short,1
RKLB,PDH,2025-12-30,Gap Up,win,1,1.0,72.16,short,1
RKLB,4H_Res,2025-12-30,Gap Up,loss,0,-0.5,71.42,short,1
RKLB,PML,2025-12-31,Gap Up,loss,1,-0.5,71.1812,long,1
RKLB,PDL,2025-12-31,Gap Up,loss,1,-0.5,70.65,long,1
RKLB,PMH,2025-12-31,Gap Up,loss,0,-0.5,71.715,short,1
RKLB,1H_Res,2025-12-31,Gap Up,loss,0,-0.5,70.735,short,1
RKLB,4H_Res,2025-12-31,Gap Up,win,3,1.0,71.96,short,1
RKLB,PML,2026-01-06,Flat,win,10,1.0,76.725,long,1
RKLB,1H_Sup,2026-01-06,Flat,loss,0,-0.5,78.44,long,1
RKLB,1H_Sup,2026-01-06,Flat,loss,0,-0.5,77.9,long,1
RKLB,1H_Sup,2026-01-06,Flat,win,12,1.0,78.3898,long,1
RKLB,4H_Sup,2026-01-06,Flat,loss,1,-0.5,75.72,long,1
RKLB,4H_Sup,2026-01-06,Flat,win,12,1.0,78.3898,long,1
RKLB,PMH,2026-01-06,Flat,loss,0,-0.5,77.12,short,1
RKLB,PDH,2026-01-06,Flat,loss,0,-0.5,77.12,short,1
RKLB,1H_Res,2026-01-06,Flat,loss,0,-0.5,77.12,short,1
RKLB,4H_Res,2026-01-06,Flat,win,1,1.0,76.65,short,1
RKLB,4H_Res,2026-01-06,Flat,loss,0,-0.5,77.12,short,1
RKLB,PML,2026-01-07,Gap Down,win,1,1.0,83.05,long,1
RKLB,1H_Sup,2026-01-07,Gap Down,loss,29,-0.5,85.33,long,1
RKLB,4H_Sup,2026-01-07,Gap Down,loss,2,-0.5,84.415,long,1
RKLB,PMH,2026-01-07,Gap Down,win,0,1.0,83.655,short,1
RKLB,1H_Res,2026-01-07,Gap Down,loss,0,-0.5,84.65,short,1
RKLB,4H_Res,2026-01-07,Gap Down,loss,6,-0.5,82.1284,short,1
RKLB,4H_Res,2026-01-07,Gap Down,loss,0,-0.5,83.05,short,1
RKLB,1H_Sup,2026-01-08,Gap Up,win,0,1.0,84.86,long,1
RKLB,4H_Sup,2026-01-08,Gap Up,win,25,1.0,82.48,long,1
RKLB,4H_Sup,2026-01-08,Gap Up,win,1,1.0,86.9,long,1
RKLB,PMH,2026-01-08,Gap Up,loss,0,-0.5,84.85,short,1
RKLB,PDH,2026-01-08,Gap Up,loss,0,-0.5,84.85,short,1
RKLB,1H_Res,2026-01-08,Gap Up,win,1,1.0,84.4899,short,1
RKLB,4H_Res,2026-01-08,Gap Up,loss,3,-0.5,84.8,short,1
RKLB,PML,2026-01-09,Gap Up,loss,0,-0.5,83.035,long,1
RKLB,1H_Sup,2026-01-09,Gap Up,win,3,1.0,84.3173,long,1
RKLB,4H_Sup,2026-01-09,Gap Up,win,1,1.0,85.51,long,1
RKLB,PMH,2026-01-09,Gap Up,loss,0,-0.5,83.05,short,1
RKLB,1H_Res,2026-01-09,Gap Up,loss,2,-0.5,82.92,short,1
RKLB,1H_Res,2026-01-09,Gap Up,loss,2,-0.5,82.92,short,1
RKLB,4H_Res,2026-01-09,Gap Up,loss,0,-0.5,83.05,short,1
RKLB,PML,2026-01-13,Gap Up,loss,2,-0.5,88.0,long,1
RKLB,1H_Sup,2026-01-13,Gap Up,loss,0,-0.5,89.03,long,1
RKLB,4H_Sup,2026-01-13,Gap Up,loss,3,-0.5,87.87,long,1
RKLB,4H_Sup,2026-01-13,Gap Up,loss,0,-0.5,88.9,long,1
RKLB,PMH,2026-01-13,Gap Up,loss,0,-0.5,87.44,short,1
RKLB,PDH,2026-01-13,Gap Up,loss,0,-0.5,87.44,short,1
RKLB,1H_Res,2026-01-13,Gap Up,win,5,1.0,88.0,short,1
RKLB,PML,2026-01-14,Gap Down,win,0,1.0,86.065,long,1
RKLB,PDL,2026-01-14,Gap Down,loss,0,-0.5,86.78,long,1
RKLB,1H_Sup,2026-01-14,Gap Down,loss,2,-0.5,86.69,long,1
RKLB,1H_Sup,2026-01-14,Gap Down,loss,0,-0.5,88.14,long,1
RKLB,1H_Sup,2026-01-14,Gap Down,loss,0,-0.5,88.3466,long,1
RKLB,1H_Sup,2026-01-14,Gap Down,loss,1,-0.5,88.805,long,1
RKLB,4H_Sup,2026-01-14,Gap Down,loss,2,-0.5,86.69,long,1
RKLB,4H_Sup,2026-01-14,Gap Down,loss,1,-0.5,86.72,long,1
RKLB,PMH,2026-01-14,Gap Down,loss,1,-0.5,85.15,short,1
RKLB,PDH,2026-01-14,Gap Down,win,5,1.0,89.19,short,1
RKLB,1H_Res,2026-01-14,Gap Down,win,1,1.0,87.74,short,1
RKLB,4H_Res,2026-01-14,Gap Down,win,2,1.0,87.9,short,1
RKLB,4H_Res,2026-01-14,Gap Down,win,2,1.0,88.44,short,1
RKLB,PML,2026-01-15,Gap Down,loss,1,-0.5,89.5504,long,1
RKLB,1H_Sup,2026-01-15,Gap Down,win,26,1.0,90.9001,long,1
RKLB,4H_Sup,2026-01-15,Gap Down,win,13,1.0,87.6,long,1
RKLB,4H_Sup,2026-01-15,Gap Down,loss,0,-0.5,89.43,long,1
RKLB,4H_Sup,2026-01-15,Gap Down,loss,16,-0.5,92.13,long,1
RKLB,4H_Sup,2026-01-15,Gap Down,loss,16,-0.5,92.13,long,1
RKLB,PMH,2026-01-15,Gap Down,loss,2,-0.5,90.325,short,1
RKLB,PDH,2026-01-15,Gap Down,loss,1,-0.5,91.87,short,1
RKLB,1H_Res,2026-01-15,Gap Down,loss,17,-0.5,90.5614,short,1
RKLB,4H_Res,2026-01-15,Gap Down,loss,1,-0.5,87.3301,short,1
RKLB,4H_Res,2026-01-15,Gap Down,loss,0,-0.5,88.02,short,1
RKLB,4H_Res,2026-01-15,Gap Down,loss,17,-0.5,90.5614,short,1
RKLB,4H_Res,2026-01-15,Gap Down,loss,1,-0.5,91.87,short,1
RKLB,PML,2026-01-21,Gap Up,loss,1,-0.5,89.6,long,1
RKLB,PDL,2026-01-21,Gap Up,loss,0,-0.5,88.94,long,1
RKLB,1H_Sup,2026-01-21,Gap Up,loss,0,-0.5,88.94,long,1
RKLB,1H_Res,2026-01-21,Gap Up,loss,0,-0.5,88.8,short,1
RKLB,PML,2026-01-22,Gap Down,win,0,1.0,85.505,long,1
RKLB,PDL,2026-01-22,Gap Down,loss,0,-0.5,82.99,long,1
RKLB,1H_Sup,2026-01-22,Gap Down,win,20,1.0,86.53,long,1
RKLB,1H_Sup,2026-01-22,Gap Down,win,13,1.0,86.9,long,1
RKLB,4H_Sup,2026-01-22,Gap Down,loss,2,-0.5,83.2041,long,1
RKLB,4H_Sup,2026-01-22,Gap Down,loss,5,-0.5,83.62,long,1
RKLB,4H_Sup,2026-01-22,Gap Down,win,20,1.0,86.53,long,1
RKLB,4H_Sup,2026-01-22,Gap Down,win,11,1.0,88.3526,long,1
RKLB,PMH,2026-01-22,Gap Down,loss,0,-0.5,85.47,short,1
RKLB,1H_Res,2026-01-22,Gap Down,loss,0,-0.5,85.47,short,1
RKLB,1H_Res,2026-01-22,Gap Down,loss,2,-0.5,87.215,short,1
RKLB,1H_Res,2026-01-22,Gap Down,loss,11,-0.5,87.77,short,1
RKLB,4H_Res,2026-01-22,Gap Down,loss,0,-0.5,84.18,short,1
RKLB,4H_Res,2026-01-22,Gap Down,loss,0,-0.5,85.47,short,1
RKLB,PML,2026-01-23,Gap Up,loss,0,-0.5,89.36,long,1
RKLB,1H_Sup,2026-01-23,Gap Up,win,7,1.0,87.85,long,1
RKLB,1H_Sup,2026-01-23,Gap Up,loss,1,-0.5,88.57,long,1
RKLB,1H_Sup,2026-01-23,Gap Up,loss,1,-0.5,89.2989,long,1
RKLB,1H_Sup,2026-01-23,Gap Up,loss,0,-0.5,89.66,long,1
RKLB,4H_Sup,2026-01-23,Gap Up,win,7,1.0,87.85,long,1
RKLB,4H_Sup,2026-01-23,Gap Up,loss,0,-0.5,89.66,long,1
RKLB,PMH,2026-01-23,Gap Up,loss,2,-0.5,87.95,short,1
RKLB,PDH,2026-01-23,Gap Up,loss,2,-0.5,87.95,short,1
RKLB,4H_Res,2026-01-23,Gap Up,loss,0,-0.5,86.21,short,1
RKLB,4H_Sup,2026-01-27,Gap Up,win,12,1.0,84.2401,long,1
RKLB,PMH,2026-01-27,Gap Up,loss,1,-0.5,82.26,short,1
RKLB,4H_Res,2026-01-27,Gap Up,loss,5,-0.5,83.11,short,1
RKLB,4H_Res,2026-01-27,Gap Up,loss,1,-0.5,84.13,short,1
RKLB,PML,2026-01-28,Gap Up,loss,0,-0.5,88.1238,long,1
RKLB,1H_Sup,2026-01-28,Gap Up,loss,0,-0.5,88.1238,long,1
RKLB,4H_Sup,2026-01-28,Gap Up,loss,0,-0.5,88.1238,long,1
RKLB,PMH,2026-01-28,Gap Up,win,1,1.0,87.93,short,1
RKLB,PML,2026-01-29,Gap Down,loss,1,-0.5,88.6399,long,1
RKLB,1H_Sup,2026-01-29,Gap Down,loss,1,-0.5,88.6399,long,1
RKLB,1H_Sup,2026-01-29,Gap Down,loss,1,-0.5,88.6399,long,1
RKLB,4H_Sup,2026-01-29,Gap Down,loss,1,-0.5,87.935,long,1
RKLB,PMH,2026-01-29,Gap Down,loss,0,-0.5,88.395,short,1
RKLB,1H_Res,2026-01-29,Gap Down,win,0,1.0,87.535,short,1
RKLB,PML,2026-01-30,Gap Down,win,1,1.0,82.15,long,1
RKLB,PDL,2026-01-30,Gap Down,loss,5,-0.5,83.7,long,1
RKLB,1H_Sup,2026-01-30,Gap Down,loss,3,-0.5,83.82,long,1
RKLB,1H_Sup,2026-01-30,Gap Down,loss,3,-0.5,83.82,long,1
RKLB,1H_Sup,2026-01-30,Gap Down,loss,1,-0.5,84.2,long,1
RKLB,1H_Sup,2026-01-30,Gap Down,loss,0,-0.5,86.3899,long,1
RKLB,1H_Sup,2026-01-30,Gap Down,win,0,1.0,87.24,long,1
RKLB,4H_Sup,2026-01-30,Gap Down,loss,3,-0.5,83.82,long,1
RKLB,4H_Sup,2026-01-30,Gap Down,loss,3,-0.5,83.82,long,1
RKLB,4H_Sup,2026-01-30,Gap Down,loss,1,-0.5,84.2,long,1
RKLB,4H_Sup,2026-01-30,Gap Down,win,0,1.0,87.24,long,1
RKLB,PMH,2026-01-30,Gap Down,win,9,1.0,84.314,short,1
RKLB,PDH,2026-01-30,Gap Down,loss,5,-0.5,87.875,short,1
RKLB,1H_Res,2026-01-30,Gap Down,win,9,1.0,84.314,short,1
RKLB,1H_Res,2026-01-30,Gap Down,win,10,1.0,84.46,short,1
RKLB,4H_Res,2026-01-30,Gap Down,win,3,1.0,86.2688,short,1
RKLB,4H_Res,2026-01-30,Gap Down,win,3,1.0,86.2688,short,1
RKLB,4H_Sup,2026-02-03,Gap Up,loss,0,-0.5,76.98,long,1
RKLB,PMH,2026-02-03,Gap Up,win,0,1.0,78.1,short,1
RKLB,PDH,2026-02-03,Gap Up,loss,1,-0.5,80.4492,short,1
RKLB,4H_Res,2026-02-03,Gap Up,loss,8,-0.5,76.0405,short,1
RKLB,PDL,2026-02-04,Flat,loss,3,-0.5,76.11,long,1
RKLB,4H_Sup,2026-02-04,Flat,loss,3,-0.5,76.11,long,1
RKLB,4H_Sup,2026-02-04,Flat,loss,0,-0.5,77.93,long,1
RKLB,PDH,2026-02-04,Flat,loss,0,-0.5,78.76,short,1
RKLB,1H_Res,2026-02-04,Flat,loss,0,-0.5,78.185,short,1
RKLB,1H_Res,2026-02-04,Flat,loss,0,-0.5,78.185,short,1
RKLB,1H_Res,2026-02-04,Flat,loss,0,-0.5,79.03,short,1
RKLB,1H_Res,2026-02-04,Flat,loss,0,-0.5,79.03,short,1
RKLB,1H_Res,2026-02-04,Flat,loss,0,-0.5,78.76,short,1
RKLB,1H_Res,2026-02-04,Flat,loss,0,-0.5,78.76,short,1
RKLB,1H_Res,2026-02-04,Flat,loss,0,-0.5,78.76,short,1
RKLB,4H_Res,2026-02-04,Flat,loss,7,-0.5,75.8934,short,1
RKLB,4H_Res,2026-02-04,Flat,loss,0,-0.5,78.185,short,1
RKLB,4H_Res,2026-02-04,Flat,loss,0,-0.5,79.03,short,1
RKLB,4H_Res,2026-02-04,Flat,loss,0,-0.5,79.03,short,1
RKLB,4H_Res,2026-02-04,Flat,loss,0,-0.5,78.76,short,1
RKLB,4H_Res,2026-02-04,Flat,loss,0,-0.5,78.76,short,1
RKLB,4H_Res,2026-02-04,Flat,loss,0,-0.5,78.76,short,1
RKLB,PML,2026-02-05,Gap Down,loss,0,-0.5,68.65,long,1
RKLB,PDL,2026-02-05,Gap Down,loss,2,-0.5,68.79,long,1
RKLB,1H_Sup,2026-02-05,Gap Down,loss,0,-0.5,72.35,long,1
RKLB,1H_Sup,2026-02-05,Gap Down,loss,0,-0.5,72.78,long,1
RKLB,4H_Sup,2026-02-05,Gap Down,loss,1,-0.5,72.2306,long,1
RKLB,4H_Sup,2026-02-05,Gap Down,loss,0,-0.5,72.35,long,1
RKLB,4H_Res,2026-02-05,Gap Down,loss,0,-0.5,70.12,short,1
RKLB,4H_Res,2026-02-05,Gap Down,loss,0,-0.5,70.12,short,1
RKLB,4H_Res,2026-02-05,Gap Down,loss,1,-0.5,70.95,short,1
RKLB,4H_Res,2026-02-05,Gap Down,loss,0,-0.5,71.6,short,1
RKLB,4H_Res,2026-02-05,Gap Down,loss,0,-0.5,71.6,short,1
RKLB,4H_Res,2026-02-05,Gap Down,loss,0,-0.5,72.24,short,1
RKLB,4H_Sup,2026-02-06,Gap Up,loss,3,-0.5,68.34,long,1
RKLB,PMH,2026-02-06,Gap Up,loss,3,-0.5,69.69,short,1
RKLB,4H_Res,2026-02-06,Gap Up,loss,0,-0.5,68.03,short,1
RKLB,4H_Res,2026-02-06,Gap Up,loss,0,-0.5,68.03,short,1
RKLB,4H_Res,2026-02-06,Gap Up,loss,1,-0.5,68.5,short,1
RKLB,4H_Res,2026-02-06,Gap Up,win,1,1.0,69.005,short,1
RKLB,4H_Res,2026-02-06,Gap Up,loss,6,-0.5,69.57,short,1
RKLB,PML,2026-02-10,Gap Down,loss,0,-0.5,75.1737,long,1
RKLB,4H_Sup,2026-02-10,Gap Down,loss,0,-0.5,75.46,long,1
RKLB,PML,2026-02-11,Gap Up,loss,0,-0.5,70.84,long,1
RKLB,PDL,2026-02-11,Gap Up,loss,1,-0.5,71.89,long,1
RKLB,1H_Sup,2026-02-11,Gap Up,loss,0,-0.5,71.75,long,1
RKLB,4H_Sup,2026-02-11,Gap Up,loss,1,-0.5,71.89,long,1
RKLB,PML,2026-02-12,Gap Down,loss,0,-0.5,68.355,long,1
RKLB,PDL,2026-02-12,Gap Down,loss,0,-0.5,68.33,long,1
RKLB,4H_Sup,2026-02-12,Gap Down,loss,0,-0.5,68.33,long,1
RKLB,1H_Sup,2026-02-13,Gap Up,loss,0,-0.5,66.78,long,1
RKLB,PMH,2026-02-13,Gap Up,loss,0,-0.5,66.77,short,1
RKLB,PDH,2026-02-13,Gap Up,loss,5,-0.5,68.0639,short,1
RKLB,4H_Res,2026-02-13,Gap Up,loss,1,-0.5,65.705,short,1
RKLB,4H_Res,2026-02-13,Gap Up,loss,1,-0.5,65.705,short,1
RKLB,PML,2026-02-18,Gap Up,win,1,1.0,70.8,long,1
RKLB,1H_Sup,2026-02-18,Gap Up,win,1,1.0,70.8,long,1
RKLB,4H_Sup,2026-02-18,Gap Up,loss,0,-0.5,71.615,long,1
RKLB,PMH,2026-02-18,Gap Up,loss,0,-0.5,71.8054,short,1
RKLB,PML,2026-02-19,Gap Down,loss,0,-0.5,73.97,long,1
RKLB,1H_Sup,2026-02-19,Gap Down,loss,0,-0.5,74.04,long,1
RKLB,1H_Sup,2026-02-19,Gap Down,loss,1,-0.5,73.59,long,1
RKLB,1H_Sup,2026-02-19,Gap Down,loss,2,-0.5,74.7,long,1
RKLB,4H_Sup,2026-02-19,Gap Down,loss,0,-0.5,74.04,long,1
RKLB,4H_Sup,2026-02-19,Gap Down,loss,1,-0.5,73.59,long,1
RKLB,4H_Sup,2026-02-19,Gap Down,win,11,1.0,76.205,long,1
RKLB,PMH,2026-02-19,Gap Down,loss,0,-0.5,74.83,short,1
RKLB,PDH,2026-02-19,Gap Down,loss,28,-0.5,75.47,short,1
RKLB,1H_Res,2026-02-19,Gap Down,loss,3,-0.5,74.29,short,1
RKLB,PML,2026-02-20,Gap Down,loss,4,-0.5,76.3,long,1
RKLB,PDL,2026-02-20,Gap Down,loss,4,-0.5,72.6255,long,1
RKLB,1H_Sup,2026-02-20,Gap Down,loss,0,-0.5,77.8,long,1
RKLB,4H_Sup,2026-02-20,Gap Down,loss,0,-0.5,77.8,long,1
RKLB,PMH,2026-02-20,Gap Down,loss,1,-0.5,76.5,short,1
RKLB,PDH,2026-02-20,Gap Down,loss,1,-0.5,76.5,short,1
RKLB,4H_Res,2026-02-20,Gap Down,loss,0,-0.5,76.51,short,1
RKLB,PML,2026-02-24,Gap Down,loss,9,-0.5,69.26,long,1
RKLB,PDL,2026-02-24,Gap Down,loss,0,-0.5,69.01,long,1
RKLB,4H_Sup,2026-02-24,Gap Down,loss,9,-0.5,69.26,long,1
RKLB,PML,2026-02-25,Gap Up,loss,13,-0.5,70.48,long,1
RKLB,1H_Sup,2026-02-25,Gap Up,loss,0,-0.5,70.02,long,1
RKLB,4H_Sup,2026-02-25,Gap Up,loss,0,-0.5,70.02,long,1
RKLB,PDH,2026-02-25,Gap Up,loss,3,-0.5,69.525,short,1
RKLB,1H_Res,2026-02-25,Gap Up,loss,3,-0.5,69.525,short,1
RKLB,4H_Res,2026-02-25,Gap Up,loss,3,-0.5,69.525,short,1
RKLB,PML,2026-02-26,Flat,loss,0,-0.5,70.695,long,1
RKLB,PDL,2026-02-26,Flat,win,22,1.0,69.1268,long,1
RKLB,1H_Sup,2026-02-26,Flat,loss,0,-0.5,70.695,long,1
RKLB,1H_Sup,2026-02-26,Flat,loss,0,-0.5,71.05,long,1
RKLB,1H_Sup,2026-02-26,Flat,loss,8,-0.5,71.57,long,1
RKLB,4H_Sup,2026-02-26,Flat,loss,0,-0.5,70.695,long,1
RKLB,4H_Sup,2026-02-26,Flat,loss,2,-0.5,72.1,long,1
RKLB,PMH,2026-02-26,Flat,loss,10,-0.5,70.7,short,1
RKLB,PDH,2026-02-26,Flat,win,2,1.0,71.2299,short,1
RKLB,PML,2026-02-27,Gap Down,loss,2,-0.5,67.71,long,1
RKLB,PDL,2026-02-27,Gap Down,loss,3,-0.5,69.065,long,1
RKLB,4H_Sup,2026-02-27,Gap Down,loss,3,-0.5,69.065,long,1
RKLB,PML,2026-03-03,Gap Down,win,0,1.0,68.09,long,1
RKLB,PDL,2026-03-03,Gap Down,loss,7,-0.5,67.03,long,1
RKLB,1H_Sup,2026-03-03,Gap Down,win,3,1.0,71.49,long,1
RKLB,4H_Sup,2026-03-03,Gap Down,win,3,1.0,71.49,long,1
RKLB,PMH,2026-03-03,Gap Down,win,2,1.0,69.165,short,1
RKLB,PDH,2026-03-03,Gap Down,loss,9,-0.5,71.9601,short,1
RKLB,1H_Res,2026-03-03,Gap Down,loss,0,-0.5,70.91,short,1
RKLB,4H_Res,2026-03-03,Gap Down,loss,6,-0.5,71.17,short,1
RKLB,1H_Sup,2026-03-04,Gap Up,win,0,1.0,70.39,long,1
RKLB,1H_Sup,2026-03-04,Gap Up,loss,0,-0.5,70.925,long,1
RKLB,1H_Sup,2026-03-04,Gap Up,win,0,1.0,71.44,long,1
RKLB,1H_Sup,2026-03-04,Gap Up,loss,0,-0.5,72.635,long,1
RKLB,4H_Sup,2026-03-04,Gap Up,win,0,1.0,70.39,long,1
RKLB,4H_Sup,2026-03-04,Gap Up,loss,1,-0.5,70.59,long,1
RKLB,4H_Sup,2026-03-04,Gap Up,loss,4,-0.5,73.8399,long,1
RKLB,PMH,2026-03-04,Gap Up,win,1,1.0,71.4997,short,1
RKLB,PDH,2026-03-04,Gap Up,loss,6,-0.5,72.64,short,1
RKLB,1H_Res,2026-03-04,Gap Up,loss,0,-0.5,70.3788,short,1
RKLB,PML,2026-03-05,Gap Down,loss,1,-0.5,71.4,long,1
RKLB,PDL,2026-03-05,Gap Down,loss,5,-0.5,69.7,long,1
RKLB,4H_Sup,2026-03-05,Gap Down,loss,2,-0.5,71.02,long,1
RKLB,1H_Sup,2026-03-06,Gap Down,loss,0,-0.5,69.79,long,1
RKLB,1H_Sup,2026-03-06,Gap Down,loss,0,-0.5,69.79,long,1
RKLB,4H_Sup,2026-03-06,Gap Down,win,2,1.0,70.0003,long,1
RKLB,PMH,2026-03-06,Gap Down,loss,1,-0.5,70.05,short,1
RKLB,PDH,2026-03-06,Gap Down,loss,3,-0.5,71.32,short,1
RKLB,1H_Res,2026-03-06,Gap Down,loss,0,-0.5,69.54,short,1
RKLB,1H_Res,2026-03-06,Gap Down,loss,1,-0.5,69.55,short,1
RKLB,4H_Res,2026-03-06,Gap Down,loss,1,-0.5,69.55,short,1
RKLB,PML,2026-03-10,Gap Down,win,3,1.0,70.38,long,1
RKLB,1H_Sup,2026-03-10,Gap Down,loss,3,-0.5,70.5203,long,1
RKLB,4H_Sup,2026-03-10,Gap Down,loss,0,-0.5,71.63,long,1
RKLB,4H_Sup,2026-03-10,Gap Down,win,22,1.0,71.95,long,1
RKLB,PMH,2026-03-10,Gap Down,loss,8,-0.5,71.93,short,1
RKLB,PDH,2026-03-10,Gap Down,loss,7,-0.5,71.93,short,1
RKLB,1H_Res,2026-03-10,Gap Down,win,5,1.0,69.34,short,1
RKLB,1H_Res,2026-03-10,Gap Down,loss,3,-0.5,69.465,short,1
RKLB,1H_Res,2026-03-10,Gap Down,loss,7,-0.5,69.58,short,1
RKLB,1H_Res,2026-03-10,Gap Down,loss,0,-0.5,69.65,short,1
RKLB,1H_Res,2026-03-10,Gap Down,loss,0,-0.5,69.49,short,1
RKLB,1H_Res,2026-03-10,Gap Down,loss,0,-0.5,69.49,short,1
RKLB,1H_Res,2026-03-10,Gap Down,loss,10,-0.5,71.2899,short,1
RKLB,1H_Res,2026-03-10,Gap Down,loss,7,-0.5,71.93,short,1
RKLB,4H_Res,2026-03-10,Gap Down,loss,0,-0.5,69.49,short,1
RKLB,4H_Res,2026-03-10,Gap Down,loss,1,-0.5,71.16,short,1
RKLB,4H_Res,2026-03-10,Gap Down,loss,7,-0.5,71.93,short,1
RKLB,PML,2026-03-11,Flat,win,13,1.0,69.23,long,1
RKLB,PDL,2026-03-11,Flat,win,13,1.0,69.23,long,1
RKLB,1H_Sup,2026-03-11,Flat,win,13,1.0,69.23,long,1
RKLB,1H_Sup,2026-03-11,Flat,win,13,1.0,69.23,long,1
RKLB,1H_Sup,2026-03-11,Flat,loss,1,-0.5,69.595,long,1
RKLB,1H_Sup,2026-03-11,Flat,win,0,1.0,71.1002,long,1
RKLB,4H_Sup,2026-03-11,Flat,win,13,1.0,69.23,long,1
RKLB,4H_Sup,2026-03-11,Flat,win,13,1.0,69.23,long,1
RKLB,4H_Sup,2026-03-11,Flat,loss,1,-0.5,69.595,long,1
RKLB,4H_Sup,2026-03-11,Flat,win,0,1.0,71.1002,long,1
RKLB,4H_Sup,2026-03-11,Flat,loss,0,-0.5,73.13,long,1
RKLB,PDH,2026-03-11,Flat,loss,2,-0.5,72.505,short,1
RKLB,1H_Res,2026-03-11,Flat,loss,2,-0.5,70.48,short,1
RKLB,1H_Res,2026-03-11,Flat,loss,2,-0.5,70.48,short,1
RKLB,4H_Res,2026-03-11,Flat,loss,3,-0.5,70.31,short,1
RKLB,4H_Res,2026-03-11,Flat,win,1,1.0,72.21,short,1
RKLB,PML,2026-03-12,Flat,win,9,1.0,71.351,long,1
RKLB,1H_Sup,2026-03-12,Flat,win,9,1.0,71.351,long,1
RKLB,PMH,2026-03-12,Flat,loss,0,-0.5,71.59,short,1
RKLB,1H_Res,2026-03-12,Flat,loss,3,-0.5,70.4,short,1
RKLB,1H_Res,2026-03-12,Flat,loss,0,-0.5,71.59,short,1
RKLB,1H_Res,2026-03-12,Flat,loss,0,-0.5,71.59,short,1
RKLB,4H_Res,2026-03-12,Flat,loss,2,-0.5,71.655,short,1
RKLB,PML,2026-03-13,Gap Up,loss,1,-0.5,68.99,long,1
RKLB,PDL,2026-03-13,Gap Up,loss,2,-0.5,68.38,long,1
RKLB,1H_Sup,2026-03-13,Gap Up,loss,6,-0.5,68.51,long,1
RKLB,1H_Sup,2026-03-13,Gap Up,loss,0,-0.5,70.46,long,1
RKLB,1H_Sup,2026-03-13,Gap Up,loss,0,-0.5,70.46,long,1
RKLB,4H_Sup,2026-03-13,Gap Up,loss,6,-0.5,68.51,long,1
RKLB,4H_Sup,2026-03-13,Gap Up,loss,0,-0.5,70.46,long,1
RKLB,1H_Res,2026-03-13,Gap Up,win,6,1.0,68.5599,short,1
RKLB,1H_Res,2026-03-13,Gap Up,loss,1,-0.5,69.29,short,1
RKLB,1H_Res,2026-03-13,Gap Up,loss,4,-0.5,69.56,short,1
RKLB,4H_Res,2026-03-13,Gap Up,win,6,1.0,68.5599,short,1
RKLB,1H_Sup,2026-03-17,Flat,win,7,1.0,71.765,long,1
RKLB,1H_Sup,2026-03-17,Flat,win,2,1.0,72.84,long,1
RKLB,4H_Sup,2026-03-17,Flat,win,0,1.0,72.72,long,1
RKLB,1H_Res,2026-03-17,Flat,loss,0,-0.5,71.86,short,1
RKLB,PDL,2026-03-18,Gap Down,loss,13,-0.5,71.6,long,1
RKLB,PMH,2026-03-18,Gap Down,loss,0,-0.5,74.99,short,1
RKLB,PML,2026-03-19,Gap Down,loss,1,-0.5,69.27,long,1
RKLB,PDL,2026-03-19,Gap Down,loss,1,-0.5,69.66,long,1
RKLB,1H_Sup,2026-03-19,Gap Down,loss,1,-0.5,69.66,long,1
RKLB,4H_Sup,2026-03-19,Gap Down,loss,1,-0.5,69.66,long,1
RKLB,4H_Sup,2026-03-19,Gap Down,win,12,1.0,70.72,long,1
RKLB,4H_Sup,2026-03-19,Gap Down,loss,1,-0.5,71.12,long,1
RKLB,PMH,2026-03-19,Gap Down,win,6,1.0,71.13,short,1
RKLB,1H_Res,2026-03-19,Gap Down,loss,1,-0.5,70.73,short,1
RKLB,1H_Res,2026-03-19,Gap Down,loss,2,-0.5,70.7065,short,1
RKLB,4H_Res,2026-03-19,Gap Down,loss,1,-0.5,70.73,short,1
RKLB,4H_Res,2026-03-19,Gap Down,timeout,46,0.5823627287853601,72.12,short,1
RKLB,PML,2026-03-20,Flat,loss,0,-0.5,70.865,long,1
RKLB,PDL,2026-03-20,Flat,loss,16,-0.5,68.52,long,1
RKLB,1H_Sup,2026-03-20,Flat,loss,0,-0.5,73.375,long,1
RKLB,1H_Sup,2026-03-20,Flat,win,3,1.0,73.005,long,1
RKLB,4H_Sup,2026-03-20,Flat,win,3,1.0,73.005,long,1
RKLB,PMH,2026-03-20,Flat,win,2,1.0,71.87,short,1
RKLB,PDH,2026-03-20,Flat,loss,0,-0.5,72.275,short,1
RKLB,1H_Res,2026-03-20,Flat,loss,0,-0.5,72.275,short,1
RKLB,4H_Res,2026-03-20,Flat,loss,0,-0.5,72.275,short,1
RKLB,PML,2026-03-24,Gap Down,win,2,1.0,67.55,long,1
RKLB,PDL,2026-03-24,Gap Down,loss,11,-0.5,66.5,long,1
RKLB,1H_Sup,2026-03-24,Gap Down,loss,2,-0.5,68.32,long,1
RKLB,1H_Sup,2026-03-24,Gap Down,loss,2,-0.5,68.32,long,1
RKLB,4H_Sup,2026-03-24,Gap Down,loss,4,-0.5,68.09,long,1
RKLB,PMH,2026-03-24,Gap Down,win,2,1.0,68.2604,short,1
RKLB,PML,2026-03-26,Gap Down,loss,2,-0.5,71.1,long,1
RKLB,PDL,2026-03-26,Gap Down,loss,14,-0.5,69.1,long,1
RKLB,1H_Res,2026-03-26,Gap Down,win,7,1.0,71.16,short,1
RKLB,PML,2026-03-27,Flat,loss,1,-0.5,65.45,long,1
RKLB,PMH,2026-03-31,Gap Up,loss,0,-0.5,60.81,short,1
RKLB,PDH,2026-03-31,Gap Up,loss,0,-0.5,60.81,short,1
RKLB,PMH,2026-04-01,Gap Up,win,3,1.0,66.09,short,1
RKLB,PDL,2026-04-02,Gap Down,win,0,1.0,66.7,long,1
RKLB,1H_Sup,2026-04-02,Gap Down,win,0,1.0,66.7,long,1
RKLB,1H_Sup,2026-04-02,Gap Down,win,0,1.0,66.7,long,1
RKLB,1H_Sup,2026-04-02,Gap Down,loss,0,-0.5,67.4299,long,1
RKLB,4H_Sup,2026-04-02,Gap Down,win,0,1.0,66.7,long,1
RKLB,4H_Sup,2026-04-02,Gap Down,loss,1,-0.5,67.005,long,1
RKLB,4H_Sup,2026-04-02,Gap Down,win,1,1.0,67.19,long,1
RKLB,4H_Sup,2026-04-02,Gap Down,win,3,1.0,68.48,long,1
RKLB,PMH,2026-04-02,Gap Down,loss,5,-0.5,63.475,short,1
RKLB,PDH,2026-04-02,Gap Down,loss,5,-0.5,68.1,short,1
RKLB,4H_Res,2026-04-02,Gap Down,loss,1,-0.5,66.47,short,1
RKLB,4H_Res,2026-04-02,Gap Down,win,1,1.0,68.12,short,1
RKLB,4H_Res,2026-04-02,Gap Down,loss,1,-0.5,67.64,short,1
RKLB,PML,2026-04-07,Gap Down,loss,1,-0.5,66.72,long,1
RKLB,PDL,2026-04-07,Gap Down,loss,5,-0.5,66.855,long,1
RKLB,4H_Sup,2026-04-07,Gap Down,loss,5,-0.5,66.855,long,1
RKLB,4H_Res,2026-04-07,Gap Down,loss,1,-0.5,66.19,short,1
RKLB,PML,2026-04-08,Gap Up,loss,11,-0.5,70.62,long,1
RKLB,PMH,2026-04-08,Gap Up,loss,3,-0.5,71.65,short,1
RKLB,PDH,2026-04-08,Gap Up,loss,1,-0.5,68.01,short,1
RKLB,PML,2026-04-09,Flat,loss,11,-0.5,68.5,long,1
RKLB,PDL,2026-04-09,Flat,loss,43,-0.5,68.1493,long,1
RKLB,1H_Sup,2026-04-09,Flat,loss,43,-0.5,68.1493,long,1
RKLB,4H_Sup,2026-04-09,Flat,loss,43,-0.5,68.1493,long,1
RKLB,4H_Sup,2026-04-09,Flat,loss,11,-0.5,68.5,long,1
RKLB,4H_Sup,2026-04-09,Flat,loss,10,-0.5,68.5281,long,1
RKLB,PMH,2026-04-09,Flat,loss,9,-0.5,68.4785,short,1
RKLB,PML,2026-04-10,Gap Up,win,1,1.0,67.81,long,1
RKLB,PDL,2026-04-10,Gap Up,win,3,1.0,66.95,long,1
RKLB,1H_Sup,2026-04-10,Gap Up,win,14,1.0,67.66,long,1
RKLB,1H_Sup,2026-04-10,Gap Up,win,1,1.0,67.81,long,1
RKLB,4H_Sup,2026-04-10,Gap Up,win,0,1.0,68.1001,long,1
RKLB,4H_Sup,2026-04-10,Gap Up,win,2,1.0,69.14,long,1
RKLB,PMH,2026-04-10,Gap Up,loss,1,-0.5,67.31,short,1
RKLB,PDH,2026-04-10,Gap Up,win,4,1.0,69.185,short,1
RKLB,PML,2026-04-14,Gap Up,loss,5,-0.5,72.535,long,1
RKLB,1H_Sup,2026-04-14,Gap Up,win,24,1.0,71.26,long,1
RKLB,PMH,2026-04-14,Gap Up,win,1,1.0,72.83,short,1
RKLB,PDH,2026-04-14,Gap Up,loss,21,-0.5,71.03,short,1
RKLB,1H_Res,2026-04-14,Gap Up,loss,18,-0.5,70.98,short,1
RKLB,4H_Res,2026-04-14,Gap Up,loss,21,-0.5,71.03,short,1
RKLB,PML,2026-04-15,Gap Up,win,5,1.0,72.73,long,1
RKLB,PDL,2026-04-15,Gap Up,win,16,1.0,70.72,long,1
RKLB,1H_Sup,2026-04-15,Gap Up,win,5,1.0,72.73,long,1
RKLB,4H_Sup,2026-04-15,Gap Up,win,16,1.0,70.75,long,1
RKLB,4H_Sup,2026-04-15,Gap Up,win,30,1.0,71.88,long,1
RKLB,4H_Sup,2026-04-15,Gap Up,loss,3,-0.5,73.05,long,1
RKLB,PMH,2026-04-15,Gap Up,loss,2,-0.5,72.665,short,1
RKLB,4H_Res,2026-04-15,Gap Up,win,5,1.0,72.74,short,1
RKLB,PMH,2026-04-17,Gap Up,loss,1,-0.5,84.26,short,1
RKLB,PML,2026-04-21,Gap Up,win,2,1.0,90.35,long,1
RKLB,1H_Sup,2026-04-21,Gap Up,win,2,1.0,90.35,long,1
RKLB,4H_Sup,2026-04-21,Gap Up,win,3,1.0,88.1546,long,1
RKLB,4H_Sup,2026-04-21,Gap Up,win,2,1.0,90.35,long,1
RKLB,PDH,2026-04-21,Gap Up,loss,0,-0.5,89.5,short,1
RKLB,PML,2026-04-22,Gap Up,loss,8,-0.5,89.18,long,1
RKLB,1H_Sup,2026-04-22,Gap Up,win,50,1.0,88.23,long,1
RKLB,4H_Sup,2026-04-22,Gap Up,loss,9,-0.5,89.625,long,1
RKLB,PMH,2026-04-22,Gap Up,loss,21,-0.5,90.19,short,1
RKLB,PDH,2026-04-22,Gap Up,loss,4,-0.5,91.62,short,1
RKLB,1H_Res,2026-04-22,Gap Up,loss,1,-0.5,87.96,short,1
RKLB,PML,2026-04-23,Flat,loss,1,-0.5,87.8828,long,1
RKLB,PDL,2026-04-23,Flat,loss,0,-0.5,88.1,long,1
RKLB,PMH,2026-04-23,Flat,win,1,1.0,89.235,short,1
RKLB,1H_Res,2026-04-23,Flat,win,1,1.0,88.8,short,1
RKLB,1H_Res,2026-04-23,Flat,win,1,1.0,89.235,short,1
RKLB,4H_Res,2026-04-23,Flat,win,1,1.0,89.235,short,1
RKLB,PML,2026-04-24,Gap Up,loss,0,-0.5,85.59,long,1
RKLB,PDL,2026-04-24,Gap Up,loss,0,-0.5,81.95,long,1
RKLB,1H_Sup,2026-04-24,Gap Up,loss,1,-0.5,85.59,long,1
RKLB,4H_Sup,2026-04-24,Gap Up,loss,0,-0.5,81.95,long,1
RKLB,4H_Sup,2026-04-24,Gap Up,loss,11,-0.5,82.345,long,1
RKLB,4H_Sup,2026-04-24,Gap Up,loss,8,-0.5,82.62,long,1
RKLB,4H_Sup,2026-04-24,Gap Up,loss,1,-0.5,82.82,long,1
RKLB,4H_Sup,2026-04-24,Gap Up,loss,5,-0.5,83.11,long,1
RKLB,4H_Sup,2026-04-24,Gap Up,loss,2,-0.5,83.54,long,1
RKLB,4H_Sup,2026-04-24,Gap Up,loss,0,-0.5,85.59,long,1
RKLB,4H_Res,2026-04-24,Gap Up,loss,1,-0.5,84.47,short,1
RKLB,4H_Res,2026-04-24,Gap Up,win,1,1.0,85.24,short,1
RKLB,PML,2026-04-28,Gap Down,loss,6,-0.5,78.89,long,1
RKLB,4H_Sup,2026-04-28,Gap Down,win,13,1.0,78.44,long,1
RKLB,4H_Res,2026-04-28,Gap Down,loss,4,-0.5,77.76,short,1
RKLB,4H_Res,2026-04-28,Gap Down,loss,5,-0.5,77.865,short,1
RKLB,4H_Res,2026-04-28,Gap Down,loss,9,-0.5,78.28,short,1
RKLB,4H_Res,2026-04-28,Gap Down,win,12,1.0,79.1,short,1
RKLB,4H_Res,2026-04-28,Gap Down,win,5,1.0,79.43,short,1
RKLB,4H_Res,2026-04-28,Gap Down,loss,0,-0.5,79.28,short,1
RKLB,4H_Res,2026-04-28,Gap Down,loss,1,-0.5,80.12,short,1
RKLB,4H_Res,2026-04-28,Gap Down,win,15,1.0,80.63,short,1
RKLB,PMH,2026-04-30,Gap Up,loss,0,-0.5,78.38,short,1
RKLB,PDH,2026-05-01,Gap Up,loss,0,-0.5,82.77,short,1
RKLB,4H_Res,2026-05-01,Gap Up,loss,0,-0.5,82.77,short,1
RKLB,1H_Sup,2026-05-05,Gap Up,loss,6,-0.5,81.71,long,1
RKLB,4H_Sup,2026-05-05,Gap Up,loss,2,-0.5,79.08,long,1
RKLB,4H_Sup,2026-05-05,Gap Up,loss,5,-0.5,79.17,long,1
RKLB,PMH,2026-05-05,Gap Up,loss,0,-0.5,81.48,short,1
RKLB,PDH,2026-05-05,Gap Up,win,2,1.0,81.2501,short,1
RKLB,1H_Res,2026-05-05,Gap Up,loss,2,-0.5,80.14,short,1
RKLB,4H_Res,2026-05-05,Gap Up,win,5,1.0,78.565,short,1
RKLB,4H_Res,2026-05-05,Gap Up,win,1,1.0,81.035,short,1
RKLB,4H_Res,2026-05-05,Gap Up,win,2,1.0,81.2501,short,1
RKLB,1H_Sup,2026-05-06,Gap Up,loss,1,-0.5,79.9202,long,1
RKLB,4H_Sup,2026-05-06,Gap Up,loss,1,-0.5,79.9202,long,1
RKLB,PMH,2026-05-06,Gap Up,loss,0,-0.5,80.065,short,1
RKLB,PDH,2026-05-06,Gap Up,win,22,1.0,82.615,short,1
RKLB,PDL,2026-05-07,Flat,loss,59,-0.5,79.16,long,1
RKLB,1H_Sup,2026-05-07,Flat,loss,2,-0.5,84.003,long,1
RKLB,4H_Sup,2026-05-07,Flat,win,8,1.0,82.21,long,1
RKLB,PDH,2026-05-07,Flat,loss,2,-0.5,84.003,short,1
RKLB,1H_Res,2026-05-07,Flat,loss,2,-0.5,84.003,short,1
RKLB,4H_Res,2026-05-07,Flat,loss,2,-0.5,84.003,short,1
RKLB,1H_Sup,2026-05-12,Gap Down,win,1,1.0,119.13,long,1
RKLB,1H_Sup,2026-05-12,Gap Down,win,1,1.0,119.13,long,1
RKLB,1H_Sup,2026-05-12,Gap Down,loss,0,-0.5,119.7,long,1
RKLB,1H_Sup,2026-05-12,Gap Down,loss,0,-0.5,119.7,long,1
RKLB,1H_Sup,2026-05-12,Gap Down,win,1,1.0,119.9904,long,1
RKLB,1H_Sup,2026-05-12,Gap Down,loss,1,-0.5,120.59,long,1
RKLB,4H_Sup,2026-05-12,Gap Down,win,0,1.0,118.115,long,1
RKLB,4H_Sup,2026-05-12,Gap Down,win,1,1.0,119.13,long,1
RKLB,4H_Sup,2026-05-12,Gap Down,win,1,1.0,119.13,long,1
RKLB,PMH,2026-05-12,Gap Down,loss,0,-0.5,114.2,short,1
RKLB,4H_Res,2026-05-12,Gap Down,loss,0,-0.5,117.95,short,1
RKLB,PML,2026-05-13,Gap Up,loss,1,-0.5,122.7542,long,1
RKLB,1H_Sup,2026-05-13,Gap Up,win,1,1.0,118.84,long,1
RKLB,1H_Sup,2026-05-13,Gap Up,win,8,1.0,121.27,long,1
RKLB,4H_Sup,2026-05-13,Gap Up,loss,0,-0.5,120.42,long,1
RKLB,4H_Sup,2026-05-13,Gap Up,loss,0,-0.5,120.42,long,1
RKLB,PMH,2026-05-13,Gap Up,win,0,1.0,124.37,short,1
RKLB,PDH,2026-05-13,Gap Up,win,1,1.0,120.09,short,1
RKLB,1H_Res,2026-05-13,Gap Up,loss,0,-0.5,118.2,short,1
RKLB,1H_Res,2026-05-13,Gap Up,loss,0,-0.5,117.2815,short,1
RKLB,4H_Res,2026-05-13,Gap Up,loss,1,-0.5,118.84,short,1
RKLB,PML,2026-05-14,Gap Down,win,1,1.0,122.845,long,1
RKLB,1H_Sup,2026-05-14,Gap Down,loss,0,-0.5,125.33,long,1
RKLB,1H_Sup,2026-05-14,Gap Down,win,1,1.0,124.935,long,1
RKLB,1H_Sup,2026-05-14,Gap Down,win,9,1.0,125.555,long,1
RKLB,1H_Sup,2026-05-14,Gap Down,loss,1,-0.5,126.095,long,1
RKLB,1H_Sup,2026-05-14,Gap Down,win,14,1.0,126.7816,long,1
RKLB,1H_Sup,2026-05-14,Gap Down,win,4,1.0,127.68,long,1
RKLB,4H_Sup,2026-05-14,Gap Down,loss,0,-0.5,125.33,long,1
RKLB,4H_Sup,2026-05-14,Gap Down,win,4,1.0,127.68,long,1
RKLB,PMH,2026-05-14,Gap Down,loss,0,-0.5,122.98,short,1
RKLB,PDH,2026-05-14,Gap Down,loss,0,-0.5,126.495,short,1
RKLB,PML,2026-05-15,Gap Down,loss,0,-0.5,125.405,long,1
RKLB,PML,2026-05-19,Gap Down,loss,0,-0.5,126.37,long,1
RKLB,PDL,2026-05-19,Gap Down,loss,0,-0.5,126.37,long,1
RKLB,1H_Sup,2026-05-19,Gap Down,loss,24,-0.5,128.405,long,1
RKLB,1H_Sup,2026-05-19,Gap Down,loss,1,-0.5,129.1725,long,1
RKLB,4H_Sup,2026-05-19,Gap Down,win,4,1.0,126.76,long,1
RKLB,4H_Sup,2026-05-19,Gap Down,win,5,1.0,126.97,long,1
RKLB,PML,2026-05-20,Flat,win,2,1.0,124.8,long,1
RKLB,1H_Sup,2026-05-20,Flat,win,2,1.0,128.76,long,1
RKLB,4H_Sup,2026-05-20,Flat,win,2,1.0,129.67,long,1
RKLB,PMH,2026-05-20,Flat,win,2,1.0,125.945,short,1
RKLB,PDH,2026-05-20,Flat,win,1,1.0,128.205,short,1
RKLB,1H_Res,2026-05-20,Flat,win,1,1.0,125.92,short,1
RKLB,4H_Res,2026-05-20,Flat,win,2,1.0,125.945,short,1
RKLB,4H_Res,2026-05-20,Flat,win,0,1.0,128.01,short,1
RKLB,4H_Res,2026-05-20,Flat,win,1,1.0,128.205,short,1
RKLB,PML,2026-05-21,Gap Down,win,7,1.0,125.06,long,1
RKLB,PDL,2026-05-21,Gap Down,loss,0,-0.5,125.91,long,1
RKLB,PMH,2026-05-21,Gap Down,loss,1,-0.5,127.4001,short,1
RKLB,PML,2026-05-27,Gap Up,win,10,1.0,147.37,long,1
RKLB,PDL,2026-05-27,Gap Up,win,3,1.0,139.9,long,1
RKLB,1H_Sup,2026-05-27,Gap Up,loss,5,-0.5,142.36,long,1
RKLB,1H_Sup,2026-05-27,Gap Up,loss,0,-0.5,142.67,long,1
RKLB,1H_Sup,2026-05-27,Gap Up,loss,0,-0.5,145.2,long,1
RKLB,4H_Sup,2026-05-27,Gap Up,win,13,1.0,141.54,long,1
RKLB,4H_Sup,2026-05-27,Gap Up,loss,5,-0.5,142.36,long,1
RKLB,4H_Sup,2026-05-27,Gap Up,loss,0,-0.5,142.67,long,1
RKLB,4H_Sup,2026-05-27,Gap Up,loss,2,-0.5,145.345,long,1
RKLB,PDH,2026-05-27,Gap Up,loss,2,-0.5,143.38,short,1
RKLB,1H_Res,2026-05-27,Gap Up,loss,1,-0.5,142.53,short,1
RKLB,4H_Res,2026-05-27,Gap Up,loss,1,-0.5,142.53,short,1
RKLB,4H_Res,2026-05-27,Gap Up,loss,1,-0.5,142.53,short,1
RKLB,PML,2026-05-28,Gap Down,loss,2,-0.5,144.1199,long,1
RKLB,1H_Sup,2026-05-28,Gap Down,win,1,1.0,148.25,long,1
RKLB,4H_Sup,2026-05-28,Gap Down,loss,4,-0.5,150.425,long,1
RKLB,PMH,2026-05-28,Gap Down,win,6,1.0,147.03,short,1
RKLB,PDH,2026-05-28,Gap Down,loss,0,-0.5,149.81,short,1
RKLB,1H_Res,2026-05-28,Gap Down,win,6,1.0,147.03,short,1
RKLB,1H_Res,2026-05-28,Gap Down,loss,0,-0.5,149.7,short,1
RKLB,1H_Res,2026-05-28,Gap Down,loss,0,-0.5,149.81,short,1
RKLB,1H_Res,2026-05-28,Gap Down,loss,0,-0.5,149.81,short,1
RKLB,4H_Res,2026-05-28,Gap Down,win,1,1.0,144.42,short,1
RKLB,4H_Res,2026-05-28,Gap Down,loss,0,-0.5,149.81,short,1
RKLB,4H_Res,2026-05-28,Gap Down,loss,0,-0.5,149.81,short,1
RKLB,PML,2026-05-29,Gap Down,win,0,1.0,138.0,long,1
RKLB,PDL,2026-05-29,Gap Down,loss,5,-0.5,142.97,long,1
RKLB,1H_Sup,2026-06-02,Gap Up,win,24,1.0,122.89,long,1
RKLB,1H_Sup,2026-06-02,Gap Up,win,0,1.0,124.52,long,1
RKLB,1H_Sup,2026-06-02,Gap Up,win,3,1.0,125.97,long,1
RKLB,1H_Sup,2026-06-02,Gap Up,loss,0,-0.5,125.73,long,1
RKLB,4H_Sup,2026-06-02,Gap Up,loss,8,-0.5,127.39,long,1
RKLB,PML,2026-06-03,Gap Down,loss,1,-0.5,118.13,long,1
RKLB,PML,2026-06-04,Gap Down,loss,0,-0.5,112.98,long,1
RKLB,PDL,2026-06-04,Gap Down,loss,0,-0.5,114.89,long,1
RKLB,1H_Sup,2026-06-04,Gap Down,loss,0,-0.5,116.175,long,1
RKLB,4H_Sup,2026-06-04,Gap Down,loss,0,-0.5,114.89,long,1
RKLB,4H_Sup,2026-06-04,Gap Down,loss,0,-0.5,117.23,long,1
RKLB,PMH,2026-06-04,Gap Down,loss,0,-0.5,115.0,short,1
RKLB,PDH,2026-06-04,Gap Down,win,46,1.0,122.16,short,1
RKLB,PML,2026-06-05,Gap Down,loss,0,-0.5,116.64,long,1
RKLB,PDL,2026-06-05,Gap Down,loss,1,-0.5,111.02,long,1
RKLB,PML,2026-06-09,Gap Up,loss,2,-0.5,115.95,long,1
RKLB,PDL,2026-06-09,Gap Up,loss,1,-0.5,111.45,long,1
RKLB,PDH,2026-06-09,Gap Up,win,2,1.0,115.95,short,1
RKLB,1H_Res,2026-06-09,Gap Up,win,1,1.0,112.91,short,1
RKLB,4H_Res,2026-06-09,Gap Up,loss,3,-0.5,114.09,short,1
RKLB,4H_Res,2026-06-09,Gap Up,loss,0,-0.5,114.11,short,1
RKLB,1H_Sup,2026-06-10,Flat,loss,2,-0.5,106.885,long,1
RKLB,1H_Sup,2026-06-10,Flat,win,6,1.0,109.45,long,1
RKLB,4H_Sup,2026-06-10,Flat,timeout,34,0.401414508267229,104.63,long,1
RKLB,4H_Sup,2026-06-10,Flat,loss,2,-0.5,107.015,long,1
RKLB,PMH,2026-06-10,Flat,loss,0,-0.5,109.235,short,1
RKLB,1H_Res,2026-06-10,Flat,loss,2,-0.5,107.51,short,1
RKLB,4H_Res,2026-06-10,Flat,loss,7,-0.5,104.46,short,1
RKLB,4H_Res,2026-06-10,Flat,loss,14,-0.5,104.7,short,1
RKLB,4H_Res,2026-06-10,Flat,timeout,47,0.09035141946835215,105.145,short,1
RKLB,4H_Res,2026-06-10,Flat,loss,2,-0.5,107.51,short,1
RKLB,PML,2026-06-11,Gap Up,loss,0,-0.5,108.08,long,1
RKLB,1H_Sup,2026-06-11,Gap Up,loss,0,-0.5,108.08,long,1
RKLB,4H_Sup,2026-06-11,Gap Up,loss,2,-0.5,109.785,long,1
RKLB,4H_Sup,2026-06-11,Gap Up,loss,1,-0.5,109.61,long,1
RKLB,PMH,2026-06-11,Gap Up,win,13,1.0,111.13,short,1
RKLB,4H_Res,2026-06-11,Gap Up,loss,7,-0.5,108.45,short,1
RKLB,PDL,2026-06-12,Gap Up,win,2,1.0,106.52,long,1
RKLB,PDH,2026-06-12,Gap Up,loss,0,-0.5,111.24,short,1
RKLB,4H_Res,2026-06-12,Gap Up,loss,0,-0.5,111.24,short,1
HIMS,PML,2025-12-16,Gap Down,win,40,1.0,35.61,long,1
HIMS,PDL,2025-12-16,Gap Down,loss,10,-0.5,35.79,long,1
HIMS,1H_Sup,2025-12-16,Gap Down,win,5,1.0,36.4399,long,1
HIMS,1H_Sup,2025-12-16,Gap Down,win,3,1.0,36.38,long,1
HIMS,1H_Sup,2025-12-16,Gap Down,loss,9,-0.5,36.61,long,1
HIMS,4H_Sup,2025-12-16,Gap Down,loss,3,-0.5,36.88,long,1
HIMS,PMH,2025-12-16,Gap Down,loss,4,-0.5,36.2,short,1
HIMS,1H_Res,2025-12-16,Gap Down,loss,0,-0.5,36.42,short,1
HIMS,PML,2025-12-17,Flat,loss,2,-0.5,36.99,long,1
HIMS,1H_Sup,2025-12-17,Flat,timeout,60,0.7986780501239304,36.31,long,1
HIMS,1H_Sup,2025-12-17,Flat,loss,3,-0.5,36.97,long,1
HIMS,4H_Sup,2025-12-17,Flat,timeout,60,0.7986780501239304,36.31,long,1
HIMS,PMH,2025-12-17,Flat,win,10,1.0,37.1491,short,1
HIMS,PDH,2025-12-17,Flat,loss,20,-0.5,36.71,short,1
HIMS,4H_Res,2025-12-17,Flat,loss,17,-0.5,36.64,short,1
HIMS,PML,2025-12-18,Gap Up,loss,3,-0.5,35.15,long,1
HIMS,PDL,2025-12-18,Gap Up,loss,1,-0.5,35.1,long,1
HIMS,1H_Sup,2025-12-18,Gap Up,loss,41,-0.5,35.59,long,1
HIMS,4H_Sup,2025-12-18,Gap Up,loss,1,-0.5,35.61,long,1
HIMS,4H_Sup,2025-12-18,Gap Up,loss,22,-0.5,35.7,long,1
HIMS,PMH,2025-12-18,Gap Up,win,10,1.0,35.63,short,1
HIMS,PML,2025-12-19,Gap Up,loss,6,-0.5,34.82,long,1
HIMS,1H_Sup,2025-12-19,Gap Up,loss,5,-0.5,35.38,long,1
HIMS,4H_Sup,2025-12-19,Gap Up,loss,2,-0.5,35.5,long,1
HIMS,PMH,2025-12-19,Gap Up,win,32,1.0,35.05,short,1
HIMS,1H_Res,2025-12-19,Gap Up,loss,51,-0.5,34.915,short,1
HIMS,PML,2025-12-23,Gap Down,win,39,1.0,34.69,long,1
HIMS,PDL,2025-12-23,Gap Down,timeout,60,0.31327027801661655,34.89,long,1
HIMS,PMH,2025-12-23,Gap Down,timeout,60,0.1997146932952933,35.05,short,1
HIMS,PML,2025-12-24,Gap Down,timeout,60,0.5206826728377197,34.57,long,1
HIMS,PDL,2025-12-24,Gap Down,win,44,1.0,34.2098,long,1
HIMS,1H_Sup,2025-12-24,Gap Down,loss,45,-0.5,34.98,long,1
HIMS,PMH,2025-12-24,Gap Down,win,32,1.0,34.91,short,1
HIMS,PML,2025-12-30,Flat,loss,6,-0.5,34.12,long,1
HIMS,PDL,2025-12-30,Flat,timeout,60,0.7352464284240297,33.9206,long,1
HIMS,1H_Sup,2025-12-30,Flat,loss,0,-0.5,34.3258,long,1
HIMS,4H_Sup,2025-12-30,Flat,loss,0,-0.5,34.3258,long,1
HIMS,PML,2025-12-31,Flat,loss,1,-0.5,32.84,long,1
HIMS,PML,2026-01-06,Gap Up,win,2,1.0,35.05,long,1
HIMS,1H_Sup,2026-01-06,Gap Up,loss,34,-0.5,34.87,long,1
HIMS,1H_Sup,2026-01-06,Gap Up,win,8,1.0,34.93,long,1
HIMS,1H_Sup,2026-01-06,Gap Up,loss,6,-0.5,35.39,long,1
HIMS,4H_Sup,2026-01-06,Gap Up,loss,5,-0.5,35.32,long,1
HIMS,4H_Sup,2026-01-06,Gap Up,win,36,1.0,35.5499,long,1
HIMS,4H_Sup,2026-01-06,Gap Up,loss,53,-0.5,35.77,long,1
HIMS,PMH,2026-01-06,Gap Up,win,2,1.0,35.33,short,1
HIMS,PDH,2026-01-06,Gap Up,loss,32,-0.5,35.73,short,1
HIMS,1H_Res,2026-01-06,Gap Up,loss,5,-0.5,34.93,short,1
HIMS,4H_Res,2026-01-06,Gap Up,loss,32,-0.5,35.73,short,1
HIMS,PML,2026-01-07,Flat,win,43,1.0,35.22,long,1
HIMS,1H_Sup,2026-01-07,Flat,win,2,1.0,35.6,long,1
HIMS,1H_Sup,2026-01-07,Flat,loss,1,-0.5,36.395,long,1
HIMS,4H_Sup,2026-01-07,Flat,loss,1,-0.5,36.395,long,1
HIMS,PMH,2026-01-07,Flat,win,10,1.0,35.61,short,1
HIMS,PDH,2026-01-07,Flat,loss,1,-0.5,35.71,short,1
HIMS,4H_Res,2026-01-07,Flat,loss,8,-0.5,35.0,short,1
HIMS,4H_Res,2026-01-07,Flat,loss,10,-0.5,35.07,short,1
HIMS,PMH,2026-01-09,Gap Up,win,1,1.0,34.08,short,1
HIMS,PML,2026-01-13,Gap Up,loss,4,-0.5,32.59,long,1
HIMS,1H_Sup,2026-01-13,Gap Up,loss,4,-0.5,32.59,long,1
HIMS,1H_Sup,2026-01-13,Gap Up,loss,4,-0.5,32.95,long,1
HIMS,4H_Sup,2026-01-13,Gap Up,loss,18,-0.5,31.919,long,1
HIMS,4H_Sup,2026-01-13,Gap Up,loss,4,-0.5,32.95,long,1
HIMS,PMH,2026-01-13,Gap Up,loss,0,-0.5,32.78,short,1
HIMS,PDH,2026-01-13,Gap Up,loss,1,-0.5,32.48,short,1
HIMS,4H_Res,2026-01-13,Gap Up,loss,1,-0.5,32.48,short,1
HIMS,PML,2026-01-15,Gap Up,loss,0,-0.5,31.22,long,1
HIMS,PDL,2026-01-15,Gap Up,win,22,1.0,30.86,long,1
HIMS,4H_Sup,2026-01-15,Gap Up,win,19,1.0,30.892,long,1
HIMS,4H_Sup,2026-01-15,Gap Up,win,19,1.0,30.892,long,1
HIMS,4H_Sup,2026-01-15,Gap Up,win,8,1.0,31.02,long,1
HIMS,PMH,2026-01-15,Gap Up,win,6,1.0,31.3316,short,1
HIMS,1H_Res,2026-01-15,Gap Up,win,6,1.0,31.3316,short,1
HIMS,4H_Res,2026-01-15,Gap Up,win,6,1.0,31.3316,short,1
HIMS,PML,2026-01-16,Flat,win,19,1.0,31.33,long,1
HIMS,PDL,2026-01-16,Flat,win,1,1.0,30.859,long,1
HIMS,1H_Sup,2026-01-16,Flat,win,22,1.0,31.298,long,1
HIMS,4H_Sup,2026-01-16,Flat,loss,1,-0.5,31.715,long,1
HIMS,PMH,2026-01-16,Flat,loss,2,-0.5,31.45,short,1
HIMS,PDH,2026-01-16,Flat,loss,1,-0.5,31.54,short,1
HIMS,1H_Res,2026-01-16,Flat,loss,11,-0.5,30.93,short,1
HIMS,1H_Res,2026-01-16,Flat,win,3,1.0,31.1287,short,1
HIMS,PML,2026-01-22,Gap Up,win,34,1.0,29.17,long,1
HIMS,1H_Sup,2026-01-22,Gap Up,loss,0,-0.5,29.31,long,1
HIMS,PMH,2026-01-22,Gap Up,loss,5,-0.5,29.31,short,1
HIMS,PDH,2026-01-22,Gap Up,loss,10,-0.5,30.54,short,1
HIMS,4H_Res,2026-01-22,Gap Up,loss,2,-0.5,29.04,short,1
HIMS,4H_Res,2026-01-22,Gap Up,loss,3,-0.5,29.05,short,1
HIMS,4H_Res,2026-01-22,Gap Up,loss,5,-0.5,29.09,short,1
HIMS,PML,2026-01-23,Gap Down,loss,1,-0.5,30.22,long,1
HIMS,1H_Sup,2026-01-23,Gap Down,win,20,1.0,30.385,long,1
HIMS,1H_Sup,2026-01-23,Gap Down,win,16,1.0,30.46,long,1
HIMS,1H_Sup,2026-01-23,Gap Down,loss,10,-0.5,30.86,long,1
HIMS,PMH,2026-01-23,Gap Down,loss,6,-0.5,30.645,short,1
HIMS,PDH,2026-01-23,Gap Down,loss,37,-0.5,30.685,short,1
HIMS,4H_Res,2026-01-23,Gap Down,loss,51,-0.5,29.5092,short,1
HIMS,4H_Res,2026-01-23,Gap Down,timeout,60,0.8251936679016537,29.69,short,1
HIMS,4H_Res,2026-01-23,Gap Down,win,26,1.0,29.7888,short,1
HIMS,4H_Res,2026-01-23,Gap Down,loss,2,-0.5,30.09,short,1
HIMS,4H_Res,2026-01-23,Gap Down,loss,7,-0.5,30.6714,short,1
HIMS,PDL,2026-01-27,Flat,loss,1,-0.5,29.655,long,1
HIMS,PDL,2026-01-28,Gap Up,win,14,1.0,29.0957,long,1
HIMS,1H_Sup,2026-01-28,Gap Up,loss,40,-0.5,29.2696,long,1
HIMS,1H_Sup,2026-01-28,Gap Up,loss,1,-0.5,29.5,long,1
HIMS,4H_Sup,2026-01-28,Gap Up,win,14,1.0,29.0957,long,1
HIMS,PMH,2026-01-28,Gap Up,win,1,1.0,29.62,short,1
HIMS,1H_Res,2026-01-28,Gap Up,win,1,1.0,29.62,short,1
HIMS,4H_Res,2026-01-28,Gap Up,loss,0,-0.5,29.28,short,1
HIMS,4H_Res,2026-01-28,Gap Up,win,1,1.0,29.62,short,1
HIMS,PML,2026-01-29,Gap Up,loss,5,-0.5,28.74,long,1
HIMS,1H_Sup,2026-01-29,Gap Up,win,29,1.0,29.08,long,1
HIMS,4H_Sup,2026-01-29,Gap Up,win,1,1.0,29.24,long,1
HIMS,PMH,2026-01-29,Gap Up,win,15,1.0,28.791,short,1
HIMS,PDH,2026-01-29,Gap Up,loss,1,-0.5,29.7666,short,1
HIMS,1H_Res,2026-01-29,Gap Up,win,15,1.0,28.791,short,1
HIMS,PML,2026-01-30,Gap Down,loss,35,-0.5,28.71,long,1
HIMS,PDL,2026-01-30,Gap Down,loss,5,-0.5,28.6,long,1
HIMS,1H_Sup,2026-01-30,Gap Down,win,0,1.0,29.61,long,1
HIMS,1H_Sup,2026-01-30,Gap Down,loss,1,-0.5,30.23,long,1
HIMS,PMH,2026-01-30,Gap Down,win,6,1.0,29.345,short,1
HIMS,1H_Res,2026-01-30,Gap Down,win,5,1.0,29.8,short,1
HIMS,4H_Res,2026-01-30,Gap Down,win,5,1.0,29.8,short,1
HIMS,PML,2026-02-03,Flat,loss,0,-0.5,26.675,long,1
HIMS,PDL,2026-02-03,Flat,loss,0,-0.5,26.5677,long,1
HIMS,PML,2026-02-04,Gap Up,win,15,1.0,25.46,long,1
HIMS,PDL,2026-02-04,Gap Up,loss,1,-0.5,24.78,long,1
HIMS,1H_Sup,2026-02-04,Gap Up,win,14,1.0,25.4314,long,1
HIMS,4H_Sup,2026-02-04,Gap Up,loss,0,-0.5,25.5799,long,1
HIMS,PDH,2026-02-04,Gap Up,loss,0,-0.5,26.18,short,1
HIMS,1H_Res,2026-02-04,Gap Up,win,6,1.0,25.35,short,1
HIMS,1H_Res,2026-02-04,Gap Up,win,6,1.0,25.35,short,1
HIMS,1H_Res,2026-02-04,Gap Up,loss,0,-0.5,25.45,short,1
HIMS,4H_Res,2026-02-04,Gap Up,win,6,1.0,25.35,short,1
HIMS,4H_Res,2026-02-04,Gap Up,loss,0,-0.5,25.45,short,1
HIMS,PML,2026-02-05,Gap Up,loss,0,-0.5,23.99,long,1
HIMS,PDL,2026-02-05,Gap Up,loss,10,-0.5,24.145,long,1
HIMS,1H_Sup,2026-02-05,Gap Up,loss,1,-0.5,24.595,long,1
HIMS,1H_Sup,2026-02-05,Gap Up,loss,1,-0.5,24.595,long,1
HIMS,4H_Sup,2026-02-05,Gap Up,loss,1,-0.5,25.23,long,1
HIMS,PDH,2026-02-05,Gap Up,loss,0,-0.5,26.9,short,1
HIMS,4H_Res,2026-02-05,Gap Up,win,3,1.0,24.7509,short,1
HIMS,PDL,2026-02-06,Gap Down,win,1,1.0,23.0902,long,1
HIMS,1H_Sup,2026-02-06,Gap Down,win,19,1.0,23.3499,long,1
HIMS,1H_Sup,2026-02-06,Gap Down,loss,1,-0.5,23.56,long,1
HIMS,4H_Sup,2026-02-06,Gap Down,win,17,1.0,23.265,long,1
HIMS,4H_Sup,2026-02-06,Gap Down,win,19,1.0,23.3499,long,1
HIMS,PMH,2026-02-06,Gap Down,win,0,1.0,21.79,short,1
HIMS,1H_Res,2026-02-06,Gap Down,loss,0,-0.5,23.3515,short,1
HIMS,1H_Res,2026-02-06,Gap Down,win,7,1.0,23.43,short,1
HIMS,PML,2026-02-10,Gap Down,loss,2,-0.5,18.5,long,1
HIMS,1H_Sup,2026-02-10,Gap Down,win,0,1.0,18.97,long,1
HIMS,1H_Sup,2026-02-10,Gap Down,loss,1,-0.5,19.3,long,1
HIMS,4H_Sup,2026-02-10,Gap Down,loss,19,-0.5,17.4773,long,1
HIMS,4H_Sup,2026-02-10,Gap Down,loss,1,-0.5,18.37,long,1
HIMS,4H_Sup,2026-02-10,Gap Down,loss,1,-0.5,18.37,long,1
HIMS,4H_Sup,2026-02-10,Gap Down,loss,1,-0.5,19.07,long,1
HIMS,4H_Sup,2026-02-10,Gap Down,loss,1,-0.5,19.07,long,1
HIMS,PMH,2026-02-10,Gap Down,loss,1,-0.5,19.0949,short,1
HIMS,1H_Res,2026-02-10,Gap Down,loss,9,-0.5,18.625,short,1
HIMS,1H_Res,2026-02-10,Gap Down,loss,3,-0.5,18.71,short,1
HIMS,1H_Res,2026-02-10,Gap Down,loss,4,-0.5,18.7,short,1
HIMS,1H_Res,2026-02-10,Gap Down,loss,3,-0.5,18.985,short,1
HIMS,1H_Res,2026-02-10,Gap Down,loss,1,-0.5,19.0949,short,1
HIMS,1H_Res,2026-02-10,Gap Down,loss,1,-0.5,19.0949,short,1
HIMS,1H_Res,2026-02-10,Gap Down,loss,0,-0.5,19.165,short,1
HIMS,4H_Res,2026-02-10,Gap Down,win,27,1.0,17.56,short,1
HIMS,4H_Res,2026-02-10,Gap Down,win,12,1.0,17.64,short,1
HIMS,4H_Res,2026-02-10,Gap Down,win,16,1.0,17.705,short,1
HIMS,4H_Res,2026-02-10,Gap Down,loss,9,-0.5,17.765,short,1
HIMS,4H_Res,2026-02-10,Gap Down,win,20,1.0,17.885,short,1
HIMS,4H_Res,2026-02-10,Gap Down,win,21,1.0,17.905,short,1
HIMS,4H_Res,2026-02-10,Gap Down,win,23,1.0,17.97,short,1
HIMS,4H_Res,2026-02-10,Gap Down,loss,0,-0.5,18.135,short,1
HIMS,4H_Res,2026-02-10,Gap Down,loss,5,-0.5,18.295,short,1
HIMS,4H_Res,2026-02-10,Gap Down,loss,7,-0.5,18.325,short,1
HIMS,4H_Res,2026-02-10,Gap Down,loss,4,-0.5,18.7,short,1
HIMS,4H_Res,2026-02-10,Gap Down,loss,4,-0.5,18.7,short,1
HIMS,4H_Res,2026-02-10,Gap Down,loss,0,-0.5,19.035,short,1
HIMS,4H_Res,2026-02-10,Gap Down,loss,1,-0.5,19.0949,short,1
HIMS,4H_Res,2026-02-10,Gap Down,loss,1,-0.5,19.0949,short,1
HIMS,4H_Res,2026-02-10,Gap Down,win,2,1.0,19.2301,short,1
HIMS,PML,2026-02-11,Gap Up,win,5,1.0,17.24,long,1
HIMS,PDL,2026-02-11,Gap Up,win,3,1.0,17.33,long,1
HIMS,1H_Sup,2026-02-11,Gap Up,win,3,1.0,17.33,long,1
HIMS,1H_Sup,2026-02-11,Gap Up,loss,2,-0.5,17.515,long,1
HIMS,4H_Sup,2026-02-11,Gap Up,win,3,1.0,17.33,long,1
HIMS,PMH,2026-02-11,Gap Up,win,3,1.0,17.47,short,1
HIMS,1H_Res,2026-02-11,Gap Up,win,2,1.0,17.3,short,1
HIMS,PML,2026-02-12,Gap Down,loss,1,-0.5,16.8193,long,1
HIMS,PDL,2026-02-12,Gap Down,loss,1,-0.5,16.8193,long,1
HIMS,1H_Sup,2026-02-12,Gap Down,loss,0,-0.5,16.93,long,1
HIMS,4H_Sup,2026-02-12,Gap Down,loss,0,-0.5,16.93,long,1
HIMS,4H_Sup,2026-02-12,Gap Down,loss,0,-0.5,16.93,long,1
HIMS,PMH,2026-02-12,Gap Down,win,2,1.0,16.715,short,1
HIMS,1H_Res,2026-02-12,Gap Down,win,2,1.0,16.715,short,1
HIMS,4H_Sup,2026-02-13,Gap Up,loss,0,-0.5,16.39,long,1
HIMS,4H_Res,2026-02-13,Gap Up,loss,4,-0.5,16.19,short,1
HIMS,PML,2026-02-18,Gap Down,win,7,1.0,16.125,long,1
HIMS,PDL,2026-02-18,Gap Down,win,6,1.0,15.885,long,1
HIMS,1H_Sup,2026-02-18,Gap Down,loss,6,-0.5,16.36,long,1
HIMS,1H_Sup,2026-02-18,Gap Down,loss,2,-0.5,16.39,long,1
HIMS,1H_Res,2026-02-18,Gap Down,win,17,1.0,16.325,short,1
HIMS,PDL,2026-02-19,Gap Up,loss,0,-0.5,15.79,long,1
HIMS,1H_Sup,2026-02-19,Gap Up,loss,0,-0.5,15.79,long,1
HIMS,4H_Sup,2026-02-19,Gap Up,loss,0,-0.5,15.79,long,1
HIMS,4H_Sup,2026-02-19,Gap Up,loss,2,-0.5,16.41,long,1
HIMS,PDH,2026-02-19,Gap Up,loss,0,-0.5,16.16,short,1
HIMS,1H_Res,2026-02-19,Gap Up,loss,11,-0.5,15.685,short,1
HIMS,1H_Res,2026-02-19,Gap Up,win,0,1.0,15.6879,short,1
HIMS,4H_Res,2026-02-19,Gap Up,win,0,1.0,15.6879,short,1
HIMS,4H_Res,2026-02-19,Gap Up,win,3,1.0,16.2227,short,1
HIMS,PML,2026-02-20,Gap Down,win,1,1.0,15.79,long,1
HIMS,PDL,2026-02-20,Gap Down,win,34,1.0,15.51,long,1
HIMS,1H_Sup,2026-02-20,Gap Down,loss,1,-0.5,15.9221,long,1
HIMS,4H_Sup,2026-02-20,Gap Down,win,1,1.0,16.1,long,1
HIMS,PMH,2026-02-20,Gap Down,win,2,1.0,16.175,short,1
HIMS,1H_Res,2026-02-20,Gap Down,loss,1,-0.5,15.7548,short,1
HIMS,PML,2026-02-24,Gap Down,loss,2,-0.5,14.2399,long,1
HIMS,PDL,2026-02-24,Gap Down,loss,0,-0.5,15.255,long,1
HIMS,1H_Sup,2026-02-24,Gap Down,loss,2,-0.5,15.51,long,1
HIMS,1H_Sup,2026-02-24,Gap Down,loss,3,-0.5,15.705,long,1
HIMS,4H_Sup,2026-02-24,Gap Down,loss,3,-0.5,15.705,long,1
HIMS,PMH,2026-02-24,Gap Down,loss,0,-0.5,13.865,short,1
HIMS,PDH,2026-02-24,Gap Down,win,6,1.0,15.715,short,1
HIMS,1H_Res,2026-02-24,Gap Down,win,0,1.0,15.2815,short,1
HIMS,1H_Res,2026-02-24,Gap Down,win,14,1.0,15.665,short,1
HIMS,1H_Res,2026-02-24,Gap Down,win,14,1.0,15.675,short,1
HIMS,4H_Res,2026-02-24,Gap Down,win,14,1.0,15.665,short,1
HIMS,4H_Res,2026-02-24,Gap Down,win,14,1.0,15.675,short,1
HIMS,PML,2026-02-25,Gap Up,win,1,1.0,15.665,long,1
HIMS,1H_Sup,2026-02-25,Gap Up,win,1,1.0,15.665,long,1
HIMS,1H_Sup,2026-02-25,Gap Up,win,1,1.0,15.665,long,1
HIMS,1H_Sup,2026-02-25,Gap Up,loss,0,-0.5,15.6436,long,1
HIMS,1H_Sup,2026-02-25,Gap Up,win,2,1.0,15.715,long,1
HIMS,1H_Sup,2026-02-25,Gap Up,win,2,1.0,15.715,long,1
HIMS,1H_Sup,2026-02-25,Gap Up,win,1,1.0,15.788,long,1
HIMS,1H_Sup,2026-02-25,Gap Up,win,1,1.0,15.788,long,1
HIMS,1H_Sup,2026-02-25,Gap Up,loss,4,-0.5,15.9886,long,1
HIMS,1H_Sup,2026-02-25,Gap Up,loss,3,-0.5,15.947,long,1
HIMS,1H_Sup,2026-02-25,Gap Up,loss,3,-0.5,15.947,long,1
HIMS,1H_Sup,2026-02-25,Gap Up,loss,1,-0.5,16.0093,long,1
HIMS,4H_Sup,2026-02-25,Gap Up,win,2,1.0,15.625,long,1
HIMS,4H_Sup,2026-02-25,Gap Up,win,1,1.0,15.665,long,1
HIMS,4H_Sup,2026-02-25,Gap Up,win,1,1.0,15.665,long,1
HIMS,4H_Sup,2026-02-25,Gap Up,win,1,1.0,15.665,long,1
HIMS,4H_Sup,2026-02-25,Gap Up,win,1,1.0,15.665,long,1
HIMS,4H_Sup,2026-02-25,Gap Up,win,1,1.0,15.788,long,1
HIMS,4H_Sup,2026-02-25,Gap Up,loss,0,-0.5,16.2566,long,1
HIMS,PMH,2026-02-25,Gap Up,loss,0,-0.5,15.57,short,1
HIMS,PDH,2026-02-25,Gap Up,loss,4,-0.5,15.98,short,1
HIMS,1H_Res,2026-02-25,Gap Up,loss,16,-0.5,15.895,short,1
HIMS,4H_Res,2026-02-25,Gap Up,loss,4,-0.5,15.98,short,1
HIMS,PDL,2026-02-26,Flat,loss,13,-0.5,15.11,long,1
HIMS,1H_Sup,2026-02-26,Flat,loss,5,-0.5,16.095,long,1
HIMS,1H_Sup,2026-02-26,Flat,loss,2,-0.5,16.26,long,1
HIMS,1H_Sup,2026-02-26,Flat,loss,2,-0.5,16.26,long,1
HIMS,4H_Sup,2026-02-26,Flat,win,3,1.0,15.98,long,1
HIMS,PMH,2026-02-26,Flat,loss,0,-0.5,15.88,short,1
HIMS,4H_Res,2026-02-26,Flat,win,9,1.0,16.2727,short,1
HIMS,PML,2026-02-27,Gap Down,loss,2,-0.5,15.255,long,1
HIMS,PDL,2026-02-27,Gap Down,loss,3,-0.5,15.13,long,1
HIMS,4H_Sup,2026-02-27,Gap Down,loss,4,-0.5,15.19,long,1
HIMS,PML,2026-03-03,Gap Down,loss,4,-0.5,15.645,long,1
HIMS,1H_Sup,2026-03-03,Gap Down,win,0,1.0,16.2565,long,1
HIMS,1H_Sup,2026-03-03,Gap Down,loss,0,-0.5,16.8755,long,1
HIMS,1H_Sup,2026-03-03,Gap Down,loss,0,-0.5,16.8755,long,1
HIMS,4H_Sup,2026-03-03,Gap Down,loss,9,-0.5,15.5,long,1
HIMS,4H_Sup,2026-03-03,Gap Down,loss,4,-0.5,15.645,long,1
HIMS,PMH,2026-03-03,Gap Down,win,5,1.0,15.99,short,1
HIMS,PDH,2026-03-03,Gap Down,loss,2,-0.5,16.34,short,1
HIMS,1H_Res,2026-03-03,Gap Down,loss,0,-0.5,16.23,short,1
HIMS,1H_Res,2026-03-03,Gap Down,loss,2,-0.5,16.34,short,1
HIMS,4H_Res,2026-03-03,Gap Down,win,4,1.0,15.61,short,1
HIMS,4H_Res,2026-03-03,Gap Down,win,5,1.0,15.625,short,1
HIMS,4H_Res,2026-03-03,Gap Down,loss,0,-0.5,15.73,short,1
HIMS,4H_Res,2026-03-03,Gap Down,loss,1,-0.5,15.715,short,1
HIMS,4H_Res,2026-03-03,Gap Down,win,5,1.0,15.99,short,1
HIMS,4H_Res,2026-03-03,Gap Down,win,5,1.0,15.99,short,1
HIMS,4H_Res,2026-03-03,Gap Down,loss,0,-0.5,16.27,short,1
HIMS,4H_Res,2026-03-03,Gap Down,loss,0,-0.5,16.23,short,1
HIMS,4H_Res,2026-03-03,Gap Down,loss,2,-0.5,16.34,short,1
HIMS,1H_Sup,2026-03-04,Flat,loss,0,-0.5,15.99,long,1
HIMS,1H_Sup,2026-03-04,Flat,loss,0,-0.5,15.99,long,1
HIMS,1H_Sup,2026-03-04,Flat,loss,4,-0.5,16.075,long,1
HIMS,1H_Sup,2026-03-04,Flat,loss,4,-0.5,16.075,long,1
HIMS,PMH,2026-03-04,Flat,loss,0,-0.5,15.97,short,1
HIMS,1H_Res,2026-03-04,Flat,loss,0,-0.5,15.97,short,1
HIMS,1H_Res,2026-03-04,Flat,loss,0,-0.5,15.97,short,1
HIMS,4H_Res,2026-03-04,Flat,win,1,1.0,16.08,short,1
HIMS,4H_Res,2026-03-04,Flat,loss,2,-0.5,16.08,short,1
HIMS,4H_Res,2026-03-04,Flat,loss,1,-0.5,16.275,short,1
HIMS,PML,2026-03-05,Flat,loss,1,-0.5,16.77,long,1
HIMS,PDL,2026-03-05,Flat,win,25,1.0,15.85,long,1
HIMS,1H_Sup,2026-03-05,Flat,loss,1,-0.5,16.77,long,1
HIMS,4H_Sup,2026-03-05,Flat,loss,1,-0.5,16.77,long,1
HIMS,PMH,2026-03-05,Flat,loss,3,-0.5,16.55,short,1
HIMS,PDH,2026-03-05,Flat,loss,13,-0.5,16.62,short,1
HIMS,1H_Res,2026-03-05,Flat,loss,3,-0.5,16.42,short,1
HIMS,1H_Res,2026-03-05,Flat,loss,3,-0.5,16.42,short,1
HIMS,PML,2026-03-06,Gap Down,loss,1,-0.5,15.5299,long,1
HIMS,PDL,2026-03-06,Gap Down,win,35,1.0,15.66,long,1
HIMS,1H_Sup,2026-03-06,Gap Down,loss,6,-0.5,15.715,long,1
HIMS,4H_Sup,2026-03-06,Gap Down,win,35,1.0,15.66,long,1
HIMS,1H_Sup,2026-03-10,Gap Up,loss,6,-0.5,22.68,long,1
HIMS,1H_Sup,2026-03-10,Gap Up,loss,3,-0.5,22.855,long,1
HIMS,1H_Sup,2026-03-10,Gap Up,win,2,1.0,22.88,long,1
HIMS,4H_Sup,2026-03-10,Gap Up,win,9,1.0,22.59,long,1
HIMS,4H_Sup,2026-03-10,Gap Up,loss,3,-0.5,22.855,long,1
HIMS,4H_Sup,2026-03-10,Gap Up,win,2,1.0,22.88,long,1
HIMS,PMH,2026-03-10,Gap Up,loss,0,-0.5,24.07,short,1
HIMS,PDH,2026-03-10,Gap Up,win,5,1.0,23.14,short,1
HIMS,1H_Res,2026-03-10,Gap Up,loss,1,-0.5,22.72,short,1
HIMS,1H_Res,2026-03-10,Gap Up,loss,0,-0.5,22.84,short,1
HIMS,1H_Res,2026-03-10,Gap Up,loss,0,-0.5,22.84,short,1
HIMS,1H_Res,2026-03-10,Gap Up,loss,1,-0.5,23.04,short,1
HIMS,4H_Res,2026-03-10,Gap Up,loss,1,-0.5,22.72,short,1
HIMS,4H_Res,2026-03-10,Gap Up,loss,0,-0.5,22.84,short,1
HIMS,4H_Res,2026-03-10,Gap Up,loss,0,-0.5,22.84,short,1
HIMS,4H_Res,2026-03-10,Gap Up,loss,1,-0.5,23.04,short,1
HIMS,PML,2026-03-11,Gap Down,win,0,1.0,23.46,long,1
HIMS,1H_Sup,2026-03-11,Gap Down,win,2,1.0,23.695,long,1
HIMS,1H_Sup,2026-03-11,Gap Down,win,0,1.0,24.105,long,1
HIMS,4H_Sup,2026-03-11,Gap Down,win,2,1.0,23.695,long,1
HIMS,4H_Sup,2026-03-11,Gap Down,loss,0,-0.5,23.8026,long,1
HIMS,PDH,2026-03-11,Gap Down,loss,1,-0.5,25.88,short,1
HIMS,1H_Res,2026-03-11,Gap Down,loss,0,-0.5,22.9866,short,1
HIMS,4H_Res,2026-03-11,Gap Down,loss,0,-0.5,22.9866,short,1
HIMS,1H_Sup,2026-03-12,Gap Up,loss,0,-0.5,26.06,long,1
HIMS,1H_Sup,2026-03-12,Gap Up,loss,0,-0.5,26.33,long,1
HIMS,4H_Sup,2026-03-12,Gap Up,loss,0,-0.5,26.33,long,1
HIMS,4H_Sup,2026-03-12,Gap Up,loss,0,-0.5,26.33,long,1
HIMS,1H_Res,2026-03-12,Gap Up,loss,0,-0.5,25.95,short,1
HIMS,1H_Res,2026-03-12,Gap Up,loss,3,-0.5,26.1459,short,1
HIMS,4H_Res,2026-03-12,Gap Up,loss,0,-0.5,25.95,short,1
HIMS,4H_Res,2026-03-12,Gap Up,loss,3,-0.5,26.1459,short,1
HIMS,PML,2026-03-13,Gap Up,win,11,1.0,23.51,long,1
HIMS,PDL,2026-03-13,Gap Up,win,2,1.0,23.865,long,1
HIMS,1H_Sup,2026-03-13,Gap Up,win,2,1.0,23.865,long,1
HIMS,1H_Sup,2026-03-13,Gap Up,loss,1,-0.5,24.1815,long,1
HIMS,1H_Sup,2026-03-13,Gap Up,loss,1,-0.5,24.1815,long,1
HIMS,1H_Sup,2026-03-13,Gap Up,loss,0,-0.5,24.57,long,1
HIMS,4H_Sup,2026-03-13,Gap Up,win,2,1.0,23.865,long,1
HIMS,4H_Sup,2026-03-13,Gap Up,loss,1,-0.5,24.1815,long,1
HIMS,4H_Sup,2026-03-13,Gap Up,loss,1,-0.5,24.1815,long,1
HIMS,4H_Sup,2026-03-13,Gap Up,loss,0,-0.5,24.57,long,1
HIMS,4H_Sup,2026-03-13,Gap Up,loss,6,-0.5,24.655,long,1
HIMS,4H_Sup,2026-03-13,Gap Up,loss,2,-0.5,24.735,long,1
HIMS,PMH,2026-03-13,Gap Up,win,4,1.0,24.35,short,1
HIMS,1H_Res,2026-03-13,Gap Up,loss,0,-0.5,24.03,short,1
HIMS,4H_Res,2026-03-13,Gap Up,loss,0,-0.5,23.95,short,1
HIMS,4H_Res,2026-03-13,Gap Up,win,4,1.0,24.35,short,1
HIMS,PML,2026-03-17,Gap Down,win,0,1.0,24.51,long,1
HIMS,1H_Sup,2026-03-17,Gap Down,win,6,1.0,24.85,long,1
HIMS,1H_Sup,2026-03-17,Gap Down,win,6,1.0,24.85,long,1
HIMS,1H_Sup,2026-03-17,Gap Down,loss,0,-0.5,25.16,long,1
HIMS,4H_Sup,2026-03-17,Gap Down,loss,0,-0.5,25.16,long,1
HIMS,PMH,2026-03-17,Gap Down,win,14,1.0,24.55,short,1
HIMS,PDH,2026-03-17,Gap Down,loss,4,-0.5,24.94,short,1
HIMS,1H_Res,2026-03-17,Gap Down,loss,4,-0.5,24.94,short,1
HIMS,4H_Res,2026-03-17,Gap Down,loss,0,-0.5,24.405,short,1
HIMS,4H_Res,2026-03-17,Gap Down,loss,3,-0.5,24.445,short,1
HIMS,4H_Res,2026-03-17,Gap Down,loss,4,-0.5,24.94,short,1
HIMS,PML,2026-03-18,Gap Down,loss,0,-0.5,24.675,long,1
HIMS,PDL,2026-03-18,Gap Down,loss,3,-0.5,24.06,long,1
HIMS,4H_Sup,2026-03-18,Gap Down,loss,3,-0.5,24.06,long,1
HIMS,4H_Sup,2026-03-18,Gap Down,loss,12,-0.5,24.1501,long,1
HIMS,4H_Sup,2026-03-18,Gap Down,loss,0,-0.5,24.34,long,1
HIMS,PMH,2026-03-18,Gap Down,loss,1,-0.5,24.5711,short,1
HIMS,4H_Res,2026-03-18,Gap Down,win,4,1.0,24.29,short,1
HIMS,4H_Res,2026-03-18,Gap Down,win,2,1.0,24.52,short,1
HIMS,PDL,2026-03-19,Gap Down,loss,0,-0.5,23.4382,long,1
HIMS,1H_Sup,2026-03-19,Gap Down,loss,0,-0.5,23.4382,long,1
HIMS,1H_Sup,2026-03-19,Gap Down,win,7,1.0,23.2909,long,1
HIMS,1H_Sup,2026-03-19,Gap Down,win,3,1.0,23.39,long,1
HIMS,1H_Sup,2026-03-19,Gap Down,win,3,1.0,23.96,long,1
HIMS,1H_Sup,2026-03-19,Gap Down,win,3,1.0,23.96,long,1
HIMS,1H_Sup,2026-03-19,Gap Down,loss,1,-0.5,24.235,long,1
HIMS,4H_Sup,2026-03-19,Gap Down,loss,0,-0.5,23.4382,long,1
HIMS,4H_Sup,2026-03-19,Gap Down,loss,0,-0.5,23.3101,long,1
HIMS,4H_Sup,2026-03-19,Gap Down,win,3,1.0,23.39,long,1
HIMS,4H_Sup,2026-03-19,Gap Down,loss,2,-0.5,23.665,long,1
HIMS,4H_Sup,2026-03-19,Gap Down,win,3,1.0,23.96,long,1
HIMS,4H_Sup,2026-03-19,Gap Down,win,3,1.0,23.96,long,1
HIMS,PMH,2026-03-19,Gap Down,loss,0,-0.5,22.6374,short,1
HIMS,1H_Res,2026-03-19,Gap Down,win,1,1.0,23.11,short,1
HIMS,1H_Res,2026-03-19,Gap Down,loss,8,-0.5,23.44,short,1
HIMS,4H_Res,2026-03-19,Gap Down,loss,8,-0.5,23.44,short,1
HIMS,PML,2026-03-20,Gap Down,loss,0,-0.5,23.84,long,1
HIMS,PDL,2026-03-20,Gap Down,loss,5,-0.5,22.7,long,1
HIMS,1H_Sup,2026-03-20,Gap Down,loss,16,-0.5,24.1,long,1
HIMS,4H_Sup,2026-03-20,Gap Down,loss,4,-0.5,23.36,long,1
HIMS,4H_Sup,2026-03-20,Gap Down,loss,4,-0.5,23.82,long,1
HIMS,4H_Sup,2026-03-20,Gap Down,loss,57,-0.5,24.03,long,1
HIMS,PMH,2026-03-20,Gap Down,win,44,1.0,24.135,short,1
HIMS,4H_Res,2026-03-20,Gap Down,loss,0,-0.5,23.5999,short,1
HIMS,PML,2026-03-24,Gap Down,loss,2,-0.5,22.205,long,1
HIMS,PML,2026-03-25,Gap Up,loss,9,-0.5,21.473,long,1
HIMS,PDL,2026-03-25,Gap Up,loss,2,-0.5,21.16,long,1
HIMS,1H_Sup,2026-03-25,Gap Up,loss,27,-0.5,21.4651,long,1
HIMS,1H_Sup,2026-03-25,Gap Up,loss,4,-0.5,21.56,long,1
HIMS,1H_Sup,2026-03-25,Gap Up,loss,1,-0.5,21.925,long,1
HIMS,4H_Sup,2026-03-25,Gap Up,loss,1,-0.5,21.925,long,1
HIMS,PMH,2026-03-25,Gap Up,loss,1,-0.5,21.8,short,1
HIMS,1H_Res,2026-03-25,Gap Up,win,19,1.0,21.64,short,1
HIMS,1H_Res,2026-03-25,Gap Up,win,20,1.0,21.65,short,1
HIMS,4H_Res,2026-03-25,Gap Up,win,24,1.0,21.245,short,1
HIMS,4H_Res,2026-03-25,Gap Up,win,20,1.0,21.65,short,1
HIMS,4H_Res,2026-03-25,Gap Up,win,20,1.0,21.65,short,1
HIMS,PML,2026-03-26,Gap Down,win,2,1.0,20.435,long,1
HIMS,PDL,2026-03-26,Gap Down,win,9,1.0,20.6999,long,1
HIMS,1H_Sup,2026-03-26,Gap Down,win,9,1.0,20.6999,long,1
HIMS,4H_Sup,2026-03-26,Gap Down,win,9,1.0,20.6999,long,1
HIMS,4H_Sup,2026-03-26,Gap Down,loss,3,-0.5,21.1291,long,1
HIMS,PMH,2026-03-26,Gap Down,loss,6,-0.5,20.6435,short,1
HIMS,1H_Res,2026-03-26,Gap Down,loss,1,-0.5,20.785,short,1
HIMS,1H_Res,2026-03-26,Gap Down,loss,2,-0.5,20.9,short,1
HIMS,PML,2026-03-27,Gap Down,loss,3,-0.5,20.42,long,1
HIMS,PDL,2026-03-27,Gap Down,loss,9,-0.5,20.14,long,1
HIMS,4H_Sup,2026-03-27,Gap Down,loss,0,-0.5,20.1737,long,1
HIMS,1H_Res,2026-03-27,Gap Down,win,3,1.0,20.426,short,1
HIMS,1H_Res,2026-03-27,Gap Down,win,4,1.0,20.42,short,1
HIMS,PML,2026-03-31,Gap Up,win,7,1.0,18.84,long,1
HIMS,PDL,2026-03-31,Gap Up,win,8,1.0,18.74,long,1
HIMS,1H_Sup,2026-03-31,Gap Up,loss,0,-0.5,19.01,long,1
HIMS,4H_Sup,2026-03-31,Gap Up,loss,9,-0.5,19.06,long,1
HIMS,4H_Sup,2026-03-31,Gap Up,win,2,1.0,19.18,long,1
HIMS,4H_Sup,2026-03-31,Gap Up,loss,0,-0.5,19.5,long,1
HIMS,4H_Sup,2026-03-31,Gap Up,loss,0,-0.5,19.43,long,1
HIMS,4H_Sup,2026-03-31,Gap Up,loss,2,-0.5,19.6315,long,1
HIMS,PMH,2026-03-31,Gap Up,loss,4,-0.5,18.965,short,1
HIMS,PDH,2026-03-31,Gap Up,loss,0,-0.5,19.43,short,1
HIMS,PML,2026-04-01,Gap Up,loss,0,-0.5,21.04,long,1
HIMS,1H_Sup,2026-04-01,Gap Up,loss,10,-0.5,20.66,long,1
HIMS,1H_Sup,2026-04-01,Gap Up,loss,0,-0.5,21.04,long,1
HIMS,4H_Sup,2026-04-01,Gap Up,win,43,1.0,20.0101,long,1
HIMS,4H_Sup,2026-04-01,Gap Up,win,41,1.0,19.9903,long,1
HIMS,4H_Sup,2026-04-01,Gap Up,loss,7,-0.5,20.39,long,1
HIMS,4H_Sup,2026-04-01,Gap Up,loss,13,-0.5,20.61,long,1
HIMS,PMH,2026-04-01,Gap Up,win,10,1.0,21.035,short,1
HIMS,PDH,2026-04-01,Gap Up,win,2,1.0,20.95,short,1
HIMS,1H_Res,2026-04-01,Gap Up,win,3,1.0,20.83,short,1
HIMS,4H_Res,2026-04-01,Gap Up,loss,41,-0.5,20.04,short,1
HIMS,4H_Res,2026-04-01,Gap Up,timeout,60,0.2737680438028856,20.09,short,1
HIMS,4H_Res,2026-04-01,Gap Up,win,31,1.0,20.16,short,1
HIMS,4H_Res,2026-04-01,Gap Up,win,12,1.0,20.38,short,1
HIMS,4H_Res,2026-04-01,Gap Up,win,2,1.0,20.95,short,1
HIMS,PML,2026-04-02,Gap Down,loss,1,-0.5,19.3,long,1
HIMS,PML,2026-04-07,Gap Down,loss,0,-0.5,19.9,long,1
HIMS,PDL,2026-04-07,Gap Down,loss,10,-0.5,19.59,long,1
HIMS,4H_Sup,2026-04-07,Gap Down,loss,0,-0.5,19.9,long,1
HIMS,PDH,2026-04-08,Gap Up,loss,6,-0.5,19.8993,short,1
HIMS,1H_Res,2026-04-08,Gap Up,win,23,1.0,19.3307,short,1
HIMS,1H_Res,2026-04-08,Gap Up,win,16,1.0,19.37,short,1
HIMS,1H_Res,2026-04-08,Gap Up,loss,11,-0.5,19.545,short,1
HIMS,1H_Res,2026-04-08,Gap Up,timeout,60,-0.17816238228556958,19.645,short,1
HIMS,1H_Res,2026-04-08,Gap Up,loss,18,-0.5,19.74,short,1
HIMS,4H_Res,2026-04-08,Gap Up,loss,13,-0.5,19.7,short,1
HIMS,PDL,2026-04-09,Gap Down,loss,1,-0.5,19.13,long,1
HIMS,1H_Sup,2026-04-09,Gap Down,loss,2,-0.5,19.4678,long,1
HIMS,4H_Sup,2026-04-09,Gap Down,loss,1,-0.5,19.5,long,1
HIMS,PMH,2026-04-09,Gap Down,win,1,1.0,19.535,short,1
HIMS,1H_Res,2026-04-09,Gap Down,win,0,1.0,19.16,short,1
HIMS,1H_Res,2026-04-09,Gap Down,loss,0,-0.5,19.19,short,1
HIMS,1H_Res,2026-04-09,Gap Down,loss,0,-0.5,19.19,short,1
HIMS,PML,2026-04-10,Gap Up,loss,5,-0.5,19.635,long,1
HIMS,4H_Sup,2026-04-10,Gap Up,loss,2,-0.5,19.5121,long,1
HIMS,PMH,2026-04-10,Gap Up,win,0,1.0,19.82,short,1
HIMS,PDH,2026-04-10,Gap Up,loss,0,-0.5,19.56,short,1
HIMS,1H_Res,2026-04-10,Gap Up,loss,2,-0.5,19.28,short,1
HIMS,1H_Res,2026-04-10,Gap Up,loss,9,-0.5,19.3899,short,1
HIMS,1H_Res,2026-04-10,Gap Up,loss,0,-0.5,19.539,short,1
HIMS,1H_Res,2026-04-10,Gap Up,loss,0,-0.5,19.56,short,1
HIMS,1H_Res,2026-04-10,Gap Up,loss,0,-0.5,19.56,short,1
HIMS,4H_Res,2026-04-10,Gap Up,loss,9,-0.5,19.3899,short,1
HIMS,4H_Res,2026-04-10,Gap Up,loss,0,-0.5,19.539,short,1
HIMS,4H_Res,2026-04-10,Gap Up,loss,0,-0.5,19.56,short,1
HIMS,4H_Res,2026-04-10,Gap Up,loss,0,-0.5,19.56,short,1
HIMS,PML,2026-04-14,Gap Up,loss,5,-0.5,21.3437,long,1
HIMS,1H_Sup,2026-04-14,Gap Up,loss,10,-0.5,21.385,long,1
HIMS,4H_Sup,2026-04-14,Gap Up,win,32,1.0,21.015,long,1
HIMS,PMH,2026-04-14,Gap Up,win,7,1.0,21.7,short,1
HIMS,PDH,2026-04-14,Gap Up,win,7,1.0,21.7,short,1
HIMS,1H_Res,2026-04-14,Gap Up,loss,2,-0.5,21.21,short,1
HIMS,4H_Res,2026-04-14,Gap Up,loss,5,-0.5,20.945,short,1
HIMS,4H_Res,2026-04-14,Gap Up,win,6,1.0,21.41,short,1
HIMS,4H_Res,2026-04-14,Gap Up,win,8,1.0,21.35,short,1
HIMS,4H_Res,2026-04-14,Gap Up,win,7,1.0,21.7,short,1
HIMS,PML,2026-04-15,Gap Up,win,6,1.0,21.45,long,1
HIMS,1H_Sup,2026-04-15,Gap Up,win,14,1.0,21.4988,long,1
HIMS,4H_Sup,2026-04-15,Gap Up,loss,5,-0.5,21.69,long,1
HIMS,PMH,2026-04-15,Gap Up,loss,0,-0.5,21.47,short,1
HIMS,PDH,2026-04-15,Gap Up,loss,31,-0.5,21.82,short,1
HIMS,1H_Res,2026-04-15,Gap Up,loss,0,-0.5,21.32,short,1
HIMS,4H_Res,2026-04-15,Gap Up,loss,1,-0.5,21.49,short,1
HIMS,PML,2026-04-16,Gap Up,loss,1,-0.5,25.93,long,1
HIMS,PMH,2026-04-16,Gap Up,win,19,1.0,26.895,short,1
HIMS,1H_Sup,2026-04-17,Gap Up,win,14,1.0,27.645,long,1
HIMS,4H_Sup,2026-04-17,Gap Up,win,14,1.0,27.645,long,1
HIMS,PMH,2026-04-17,Gap Up,loss,5,-0.5,27.595,short,1
HIMS,PDH,2026-04-17,Gap Up,win,12,1.0,27.68,short,1
HIMS,4H_Res,2026-04-17,Gap Up,loss,5,-0.5,27.595,short,1
HIMS,4H_Res,2026-04-17,Gap Up,win,12,1.0,27.68,short,1
HIMS,PML,2026-04-21,Gap Down,loss,0,-0.5,28.725,long,1
HIMS,PDL,2026-04-21,Gap Down,loss,0,-0.5,28.725,long,1
HIMS,4H_Sup,2026-04-21,Gap Down,loss,0,-0.5,30.7352,long,1
HIMS,4H_Sup,2026-04-21,Gap Down,loss,3,-0.5,30.83,long,1
HIMS,PML,2026-04-22,Gap Up,loss,0,-0.5,29.99,long,1
HIMS,4H_Sup,2026-04-22,Gap Up,loss,0,-0.5,29.4699,long,1
HIMS,1H_Res,2026-04-22,Gap Up,loss,0,-0.5,29.44,short,1
HIMS,4H_Res,2026-04-22,Gap Up,win,0,1.0,29.99,short,1
HIMS,PML,2026-04-23,Gap Up,loss,2,-0.5,28.19,long,1
HIMS,PDL,2026-04-23,Gap Up,loss,3,-0.5,28.17,long,1
HIMS,1H_Sup,2026-04-23,Gap Up,loss,11,-0.5,29.0659,long,1
HIMS,4H_Sup,2026-04-23,Gap Up,loss,11,-0.5,29.0659,long,1
HIMS,PDH,2026-04-23,Gap Up,loss,0,-0.5,29.82,short,1
HIMS,1H_Res,2026-04-23,Gap Up,loss,13,-0.5,28.74,short,1
HIMS,1H_Res,2026-04-23,Gap Up,loss,2,-0.5,28.9,short,1
HIMS,4H_Res,2026-04-23,Gap Up,loss,13,-0.5,28.74,short,1
HIMS,4H_Res,2026-04-23,Gap Up,loss,2,-0.5,28.9,short,1
HIMS,PMH,2026-04-24,Gap Up,loss,0,-0.5,29.355,short,1
HIMS,PML,2026-04-28,Gap Down,loss,0,-0.5,28.66,long,1
HIMS,PML,2026-04-30,Flat,loss,1,-0.5,25.96,long,1
HIMS,PDL,2026-04-30,Flat,loss,2,-0.5,26.14,long,1
HIMS,1H_Sup,2026-04-30,Flat,loss,7,-0.5,26.655,long,1
HIMS,4H_Sup,2026-04-30,Flat,loss,0,-0.5,26.635,long,1
HIMS,1H_Res,2026-04-30,Flat,loss,0,-0.5,26.14,short,1
HIMS,4H_Res,2026-04-30,Flat,loss,0,-0.5,26.14,short,1
HIMS,4H_Res,2026-04-30,Flat,loss,0,-0.5,26.14,short,1
HIMS,PML,2026-05-01,Flat,loss,0,-0.5,27.2588,long,1
HIMS,1H_Sup,2026-05-01,Flat,loss,2,-0.5,27.44,long,1
HIMS,4H_Sup,2026-05-01,Flat,loss,2,-0.5,27.44,long,1
HIMS,PMH,2026-05-01,Flat,loss,9,-0.5,27.265,short,1
HIMS,PDH,2026-05-01,Flat,loss,8,-0.5,27.1962,short,1
HIMS,PML,2026-05-06,Gap Up,timeout,60,0.9851823708206673,26.32,long,1
HIMS,PDL,2026-05-06,Gap Up,loss,4,-0.5,26.04,long,1
HIMS,1H_Sup,2026-05-06,Gap Up,timeout,60,0.49223778871639157,26.41,long,1
HIMS,1H_Sup,2026-05-06,Gap Up,timeout,60,0.18827579209241854,26.6099,long,1
HIMS,4H_Sup,2026-05-06,Gap Up,timeout,60,-0.18450598802394758,26.72,long,1
HIMS,PDH,2026-05-06,Gap Up,loss,1,-0.5,26.51,short,1
HIMS,PML,2026-05-07,Flat,loss,4,-0.5,25.96,long,1
HIMS,PDL,2026-05-07,Flat,loss,36,-0.5,25.905,long,1
HIMS,PMH,2026-05-07,Flat,win,5,1.0,26.96,short,1
HIMS,PDH,2026-05-07,Flat,win,5,1.0,26.96,short,1
HIMS,1H_Res,2026-05-07,Flat,win,5,1.0,26.96,short,1
HIMS,PML,2026-05-08,Flat,loss,10,-0.5,25.85,long,1
HIMS,1H_Sup,2026-05-08,Flat,loss,0,-0.5,25.9857,long,1
HIMS,4H_Sup,2026-05-08,Flat,loss,4,-0.5,25.951,long,1
HIMS,PMH,2026-05-08,Flat,loss,0,-0.5,25.76,short,1
HIMS,1H_Res,2026-05-08,Flat,loss,1,-0.5,25.415,short,1
HIMS,1H_Res,2026-05-08,Flat,loss,12,-0.5,25.5753,short,1
HIMS,4H_Res,2026-05-08,Flat,loss,0,-0.5,25.76,short,1
HIMS,PMH,2026-05-12,Gap Down,loss,0,-0.5,25.38,short,1
HIMS,PML,2026-05-14,Flat,loss,0,-0.5,23.945,long,1
HIMS,1H_Sup,2026-05-14,Flat,loss,9,-0.5,24.3204,long,1
HIMS,4H_Sup,2026-05-14,Flat,loss,1,-0.5,23.9636,long,1
HIMS,PMH,2026-05-14,Flat,loss,1,-0.5,23.88,short,1
HIMS,1H_Res,2026-05-14,Flat,win,3,1.0,24.0685,short,1
HIMS,4H_Res,2026-05-14,Flat,win,2,1.0,23.675,short,1
HIMS,4H_Res,2026-05-14,Flat,win,3,1.0,24.0685,short,1
HIMS,4H_Res,2026-05-14,Flat,win,7,1.0,24.31,short,1
HIMS,PML,2026-05-15,Gap Down,win,0,1.0,23.93,long,1
HIMS,1H_Sup,2026-05-15,Gap Down,loss,8,-0.5,24.6899,long,1
HIMS,4H_Sup,2026-05-15,Gap Down,loss,1,-0.5,24.885,long,1
HIMS,PMH,2026-05-15,Gap Down,loss,0,-0.5,23.8896,short,1
HIMS,PDH,2026-05-15,Gap Down,loss,7,-0.5,24.61,short,1
HIMS,4H_Res,2026-05-15,Gap Down,loss,7,-0.5,24.61,short,1
HIMS,PML,2026-05-19,Gap Down,loss,2,-0.5,22.095,long,1
HIMS,PDL,2026-05-19,Gap Down,loss,21,-0.5,22.195,long,1
HIMS,1H_Sup,2026-05-19,Gap Down,loss,19,-0.5,22.2,long,1
HIMS,1H_Sup,2026-05-19,Gap Down,timeout,60,0.5885619100499735,22.5125,long,1
HIMS,1H_Sup,2026-05-19,Gap Down,timeout,60,0.2439565313816798,22.545,long,1
HIMS,4H_Sup,2026-05-19,Gap Down,loss,19,-0.5,22.2,long,1
HIMS,4H_Sup,2026-05-19,Gap Down,timeout,60,0.5885619100499735,22.5125,long,1
HIMS,PMH,2026-05-19,Gap Down,timeout,60,-0.20080231879927302,22.4599,short,1
HIMS,1H_Res,2026-05-19,Gap Down,win,2,1.0,22.115,short,1
HIMS,PML,2026-05-20,Gap Down,loss,0,-0.5,22.405,long,1
HIMS,1H_Sup,2026-05-20,Gap Down,loss,0,-0.5,22.76,long,1
HIMS,4H_Sup,2026-05-20,Gap Down,loss,5,-0.5,22.14,long,1
HIMS,4H_Sup,2026-05-20,Gap Down,loss,5,-0.5,22.14,long,1
HIMS,4H_Sup,2026-05-20,Gap Down,win,6,1.0,22.75,long,1
HIMS,PMH,2026-05-20,Gap Down,loss,46,-0.5,22.565,short,1
HIMS,PDH,2026-05-20,Gap Down,loss,5,-0.5,22.6,short,1
HIMS,4H_Res,2026-05-20,Gap Down,loss,1,-0.5,21.9,short,1
HIMS,PML,2026-05-21,Gap Down,loss,1,-0.5,22.85,long,1
HIMS,1H_Sup,2026-05-21,Gap Down,loss,12,-0.5,23.295,long,1
HIMS,4H_Sup,2026-05-21,Gap Down,loss,0,-0.5,22.84,long,1
HIMS,4H_Sup,2026-05-21,Gap Down,loss,9,-0.5,23.33,long,1
HIMS,PMH,2026-05-21,Gap Down,loss,28,-0.5,23.2,short,1
HIMS,PDH,2026-05-21,Gap Down,loss,28,-0.5,23.2,short,1
HIMS,1H_Res,2026-05-21,Gap Down,win,19,1.0,22.85,short,1
HIMS,1H_Res,2026-05-21,Gap Down,win,19,1.0,22.85,short,1
HIMS,1H_Res,2026-05-21,Gap Down,loss,3,-0.5,23.1775,short,1
HIMS,4H_Res,2026-05-21,Gap Down,win,19,1.0,22.85,short,1
HIMS,4H_Res,2026-05-21,Gap Down,loss,28,-0.5,23.2,short,1
HIMS,PML,2026-05-22,Gap Up,loss,13,-0.5,23.88,long,1
HIMS,1H_Sup,2026-05-22,Gap Up,loss,13,-0.5,23.88,long,1
HIMS,4H_Sup,2026-05-22,Gap Up,loss,0,-0.5,24.2,long,1
HIMS,PMH,2026-05-22,Gap Up,loss,10,-0.5,24.1799,short,1
HIMS,PDH,2026-05-22,Gap Up,timeout,60,0.1251574933340088,23.8899,short,1
HIMS,1H_Res,2026-05-22,Gap Up,loss,11,-0.5,23.799,short,1
HIMS,1H_Res,2026-05-22,Gap Up,timeout,60,0.0422592374090392,23.9001,short,1
HIMS,1H_Res,2026-05-22,Gap Up,timeout,60,0.1251574933340088,23.8899,short,1
HIMS,PMH,2026-05-27,Gap Up,loss,0,-0.5,24.49,short,1
HIMS,PDH,2026-05-27,Gap Up,loss,0,-0.5,24.49,short,1
HIMS,PML,2026-05-28,Gap Down,win,1,1.0,24.72,long,1
HIMS,1H_Sup,2026-05-28,Gap Down,loss,1,-0.5,25.62,long,1
HIMS,4H_Sup,2026-05-28,Gap Down,loss,1,-0.5,25.62,long,1
HIMS,PMH,2026-05-28,Gap Down,loss,4,-0.5,25.06,short,1
HIMS,PDH,2026-05-28,Gap Down,loss,3,-0.5,25.62,short,1
HIMS,1H_Res,2026-05-28,Gap Down,loss,2,-0.5,25.455,short,1
HIMS,4H_Res,2026-05-28,Gap Down,loss,2,-0.5,25.455,short,1
HIMS,PML,2026-05-29,Flat,win,10,1.0,25.825,long,1
HIMS,PDL,2026-05-29,Flat,win,10,1.0,24.46,long,1
HIMS,1H_Sup,2026-05-29,Flat,loss,0,-0.5,25.64,long,1
HIMS,1H_Sup,2026-05-29,Flat,win,10,1.0,25.825,long,1
HIMS,1H_Sup,2026-05-29,Flat,win,11,1.0,25.89,long,1
HIMS,1H_Sup,2026-05-29,Flat,win,10,1.0,25.89,long,1
HIMS,1H_Sup,2026-05-29,Flat,loss,0,-0.5,26.07,long,1
HIMS,4H_Sup,2026-05-29,Flat,loss,0,-0.5,25.64,long,1
HIMS,4H_Sup,2026-05-29,Flat,loss,17,-0.5,25.971,long,1
HIMS,PMH,2026-05-29,Flat,loss,18,-0.5,25.8475,short,1
HIMS,PDH,2026-05-29,Flat,loss,18,-0.5,25.8475,short,1
HIMS,PML,2026-06-02,Gap Up,loss,1,-0.5,27.7591,long,1
HIMS,1H_Sup,2026-06-02,Gap Up,loss,1,-0.5,27.7591,long,1
HIMS,1H_Sup,2026-06-02,Gap Up,loss,3,-0.5,28.26,long,1
HIMS,4H_Sup,2026-06-02,Gap Up,loss,45,-0.5,27.19,long,1
HIMS,4H_Sup,2026-06-02,Gap Up,win,1,1.0,27.61,long,1
HIMS,PDH,2026-06-02,Gap Up,loss,2,-0.5,27.68,short,1
HIMS,4H_Res,2026-06-02,Gap Up,loss,2,-0.5,27.68,short,1
HIMS,PML,2026-06-03,Gap Down,loss,22,-0.5,26.62,long,1
HIMS,1H_Sup,2026-06-03,Gap Down,win,14,1.0,27.29,long,1
HIMS,1H_Sup,2026-06-03,Gap Down,loss,1,-0.5,27.64,long,1
HIMS,4H_Sup,2026-06-03,Gap Down,loss,18,-0.5,27.88,long,1
HIMS,PMH,2026-06-03,Gap Down,loss,3,-0.5,27.29,short,1
HIMS,1H_Sup,2026-06-04,Flat,win,13,1.0,27.765,long,1
HIMS,4H_Sup,2026-06-04,Flat,win,13,1.0,27.765,long,1
HIMS,4H_Sup,2026-06-04,Flat,loss,6,-0.5,27.8412,long,1
HIMS,4H_Sup,2026-06-04,Flat,loss,1,-0.5,27.9,long,1
HIMS,4H_Res,2026-06-04,Flat,loss,9,-0.5,27.8412,short,1
HIMS,PML,2026-06-05,Gap Down,win,2,1.0,27.4,long,1
HIMS,PDL,2026-06-05,Gap Down,win,2,1.0,27.4,long,1
HIMS,PML,2026-06-09,Flat,win,3,1.0,27.45,long,1
HIMS,1H_Sup,2026-06-09,Flat,loss,7,-0.5,26.9311,long,1
HIMS,1H_Sup,2026-06-09,Flat,win,3,1.0,27.45,long,1
HIMS,4H_Sup,2026-06-09,Flat,win,3,1.0,27.45,long,1
HIMS,PMH,2026-06-09,Flat,win,7,1.0,27.525,short,1
HIMS,PDH,2026-06-09,Flat,win,3,1.0,27.193,short,1
HIMS,1H_Res,2026-06-09,Flat,win,2,1.0,26.73,short,1
HIMS,1H_Res,2026-06-09,Flat,loss,10,-0.5,26.91,short,1
HIMS,1H_Res,2026-06-09,Flat,win,27,1.0,27.05,short,1
HIMS,4H_Res,2026-06-09,Flat,win,5,1.0,27.12,short,1
HIMS,PML,2026-06-10,Gap Down,loss,4,-0.5,28.0597,long,1
HIMS,1H_Sup,2026-06-10,Gap Down,loss,0,-0.5,28.98,long,1
HIMS,1H_Sup,2026-06-10,Gap Down,loss,0,-0.5,29.1568,long,1
HIMS,PMH,2026-06-10,Gap Down,loss,4,-0.5,28.585,short,1
HIMS,PDH,2026-06-10,Gap Down,loss,1,-0.5,29.045,short,1
HIMS,1H_Res,2026-06-10,Gap Down,loss,0,-0.5,28.595,short,1
HIMS,1H_Res,2026-06-10,Gap Down,loss,1,-0.5,29.045,short,1
HIMS,4H_Res,2026-06-10,Gap Down,loss,3,-0.5,27.93,short,1
HIMS,4H_Res,2026-06-10,Gap Down,win,30,1.0,28.054,short,1
HIMS,4H_Res,2026-06-10,Gap Down,loss,0,-0.5,28.595,short,1
HIMS,4H_Res,2026-06-10,Gap Down,loss,0,-0.5,28.595,short,1
HIMS,4H_Res,2026-06-10,Gap Down,loss,1,-0.5,29.045,short,1
HIMS,PML,2026-06-11,Gap Down,win,1,1.0,27.555,long,1
HIMS,PDL,2026-06-11,Gap Down,loss,0,-0.5,28.21,long,1
HIMS,1H_Sup,2026-06-11,Gap Down,loss,0,-0.5,28.21,long,1
HIMS,1H_Sup,2026-06-11,Gap Down,loss,0,-0.5,28.18,long,1
HIMS,4H_Sup,2026-06-11,Gap Down,loss,0,-0.5,28.21,long,1
HIMS,4H_Sup,2026-06-11,Gap Down,loss,0,-0.5,28.21,long,1
HIMS,4H_Sup,2026-06-11,Gap Down,loss,0,-0.5,28.21,long,1
HIMS,4H_Sup,2026-06-11,Gap Down,loss,6,-0.5,29.02,long,1
HIMS,PMH,2026-06-11,Gap Down,loss,0,-0.5,27.825,short,1
HIMS,1H_Res,2026-06-11,Gap Down,win,1,1.0,27.83,short,1
HIMS,4H_Res,2026-06-11,Gap Down,win,1,1.0,27.83,short,1
HIMS,4H_Res,2026-06-11,Gap Down,win,37,1.0,28.8591,short,1
HIMS,PDL,2026-06-12,Gap Down,loss,3,-0.5,27.07,long,1
HIMS,4H_Sup,2026-06-12,Gap Down,win,10,1.0,27.6401,long,1
HIMS,4H_Sup,2026-06-12,Gap Down,win,8,1.0,27.8,long,1
HIMS,4H_Sup,2026-06-12,Gap Down,win,10,1.0,27.8537,long,1
HIMS,4H_Sup,2026-06-12,Gap Down,loss,12,-0.5,27.885,long,1
HIMS,1H_Res,2026-06-12,Gap Down,win,1,1.0,28.11,short,1
HIMS,4H_Res,2026-06-12,Gap Down,win,1,1.0,27.77,short,1
HIMS,4H_Res,2026-06-12,Gap Down,win,0,1.0,27.985,short,1
HIMS,4H_Res,2026-06-12,Gap Down,win,0,1.0,27.985,short,1
MU,PML,2025-12-16,Gap Down,loss,12,-0.5,233.71,long,1
MU,PDL,2025-12-16,Gap Down,loss,1,-0.5,237.39,long,1
MU,1H_Sup,2025-12-16,Gap Down,loss,1,-0.5,237.39,long,1
MU,1H_Sup,2025-12-16,Gap Down,loss,2,-0.5,239.28,long,1
MU,4H_Sup,2025-12-16,Gap Down,loss,1,-0.5,237.39,long,1
MU,PMH,2025-12-16,Gap Down,win,3,1.0,237.2095,short,1
MU,PML,2025-12-17,Gap Up,loss,2,-0.5,235.03,long,1
MU,1H_Sup,2025-12-17,Gap Up,loss,2,-0.5,235.03,long,1
MU,4H_Sup,2025-12-17,Gap Up,loss,2,-0.5,235.03,long,1
MU,PMH,2025-12-18,Gap Up,loss,1,-0.5,258.26,short,1
MU,1H_Sup,2025-12-19,Gap Up,win,0,1.0,256.415,long,1
MU,4H_Sup,2025-12-19,Gap Up,win,1,1.0,258.985,long,1
MU,PDH,2025-12-19,Gap Up,loss,1,-0.5,261.9195,short,1
MU,PML,2025-12-23,Flat,loss,9,-0.5,274.455,long,1
MU,1H_Sup,2025-12-23,Flat,loss,0,-0.5,278.13,long,1
MU,4H_Sup,2025-12-23,Flat,loss,0,-0.5,278.13,long,1
MU,PMH,2025-12-23,Flat,win,19,1.0,276.67,short,1
MU,PDH,2025-12-23,Flat,win,10,1.0,278.4001,short,1
MU,1H_Res,2025-12-23,Flat,win,10,1.0,278.4001,short,1
MU,4H_Res,2025-12-23,Flat,win,10,1.0,278.4001,short,1
MU,1H_Sup,2025-12-24,Gap Up,win,1,1.0,278.32,long,1
MU,4H_Sup,2025-12-24,Gap Up,win,2,1.0,280.48,long,1
MU,PML,2025-12-30,Flat,loss,14,-0.5,296.92,long,1
MU,1H_Sup,2025-12-30,Flat,loss,14,-0.5,296.92,long,1
MU,PMH,2025-12-30,Flat,loss,1,-0.5,296.12,short,1
MU,PDH,2025-12-30,Flat,loss,35,-0.5,293.935,short,1
MU,4H_Res,2025-12-30,Flat,loss,34,-0.5,293.74,short,1
MU,PDH,2026-01-06,Gap Up,win,2,1.0,324.63,short,1
MU,1H_Sup,2026-01-07,Gap Down,win,1,1.0,341.655,long,1
MU,4H_Sup,2026-01-07,Gap Down,loss,14,-0.5,344.56,long,1
MU,PMH,2026-01-07,Gap Down,loss,0,-0.5,340.92,short,1
MU,PDH,2026-01-07,Gap Down,loss,0,-0.5,340.92,short,1
MU,1H_Res,2026-01-07,Gap Down,loss,0,-0.5,340.92,short,1
MU,1H_Res,2026-01-07,Gap Down,loss,0,-0.5,340.92,short,1
MU,4H_Res,2026-01-07,Gap Down,loss,0,-0.5,340.92,short,1
MU,PML,2026-01-08,Gap Up,loss,1,-0.5,335.54,long,1
MU,PMH,2026-01-08,Gap Up,win,1,1.0,340.0,short,1
MU,4H_Res,2026-01-08,Gap Up,win,1,1.0,340.0,short,1
MU,1H_Sup,2026-01-09,Gap Up,win,1,1.0,331.34,long,1
MU,4H_Sup,2026-01-09,Gap Up,win,1,1.0,331.34,long,1
MU,PDH,2026-01-09,Gap Up,loss,17,-0.5,342.66,short,1
MU,PDL,2026-01-13,Flat,loss,4,-0.5,342.02,long,1
MU,1H_Sup,2026-01-13,Flat,loss,2,-0.5,348.255,long,1
MU,4H_Sup,2026-01-13,Flat,loss,2,-0.5,348.255,long,1
MU,PMH,2026-01-13,Flat,win,2,1.0,345.115,short,1
MU,PDH,2026-01-13,Flat,win,2,1.0,345.115,short,1
MU,PML,2026-01-14,Gap Down,loss,2,-0.5,336.36,long,1
MU,PDL,2026-01-14,Gap Down,loss,15,-0.5,336.24,long,1
MU,PMH,2026-01-15,Gap Up,win,2,1.0,343.35,short,1
MU,PDH,2026-01-15,Gap Up,timeout,25,0.5045394055892333,338.15,short,1
MU,PMH,2026-01-16,Gap Up,loss,2,-0.5,358.355,short,1
MU,PML,2026-01-21,Gap Up,loss,1,-0.5,375.4,long,1
MU,1H_Sup,2026-01-21,Gap Up,win,2,1.0,369.35,long,1
MU,4H_Sup,2026-01-21,Gap Up,win,2,1.0,369.35,long,1
MU,PMH,2026-01-21,Gap Up,loss,0,-0.5,373.7299,short,1
MU,PDH,2026-01-21,Gap Up,loss,6,-0.5,380.73,short,1
MU,PML,2026-01-22,Gap Up,loss,24,-0.5,394.7278,long,1
MU,1H_Sup,2026-01-22,Gap Up,win,40,1.0,386.55,long,1
MU,1H_Sup,2026-01-22,Gap Up,timeout,60,0.3175296960970879,388.94,long,1
MU,1H_Sup,2026-01-22,Gap Up,timeout,60,-0.11457670273710722,392.75,long,1
MU,4H_Sup,2026-01-22,Gap Up,timeout,60,-0.11712425944182348,392.6599,long,1
MU,4H_Sup,2026-01-22,Gap Up,loss,26,-0.5,394.6326,long,1
MU,PDH,2026-01-22,Gap Up,win,2,1.0,388.08,short,1
MU,1H_Res,2026-01-22,Gap Up,win,1,1.0,387.61,short,1
MU,1H_Res,2026-01-22,Gap Up,win,2,1.0,388.08,short,1
MU,1H_Res,2026-01-22,Gap Up,win,2,1.0,388.08,short,1
MU,4H_Res,2026-01-22,Gap Up,win,2,1.0,388.08,short,1
MU,1H_Sup,2026-01-23,Flat,win,2,1.0,399.39,long,1
MU,4H_Sup,2026-01-23,Flat,win,2,1.0,399.39,long,1
MU,PMH,2026-01-23,Flat,loss,7,-0.5,394.0924,short,1
MU,PDH,2026-01-23,Flat,loss,7,-0.5,394.0924,short,1
MU,PMH,2026-01-27,Gap Up,win,2,1.0,403.73,short,1
MU,PML,2026-01-28,Gap Up,win,3,1.0,424.23,long,1
MU,PMH,2026-01-28,Gap Up,win,10,1.0,430.6172,short,1
MU,PML,2026-01-29,Gap Up,win,4,1.0,437.98,long,1
MU,1H_Sup,2026-01-29,Gap Up,loss,10,-0.5,441.125,long,1
MU,4H_Sup,2026-01-29,Gap Up,loss,10,-0.5,441.125,long,1
MU,PDH,2026-01-29,Gap Up,loss,0,-0.5,436.025,short,1
MU,PML,2026-01-30,Gap Up,loss,2,-0.5,443.845,long,1
MU,1H_Sup,2026-01-30,Gap Up,loss,10,-0.5,437.4,long,1
MU,4H_Sup,2026-01-30,Gap Up,loss,21,-0.5,430.9699,long,1
MU,4H_Sup,2026-01-30,Gap Up,loss,35,-0.5,440.665,long,1
MU,PDH,2026-01-30,Gap Up,loss,2,-0.5,441.465,short,1
MU,PDL,2026-02-03,Gap Up,win,5,1.0,411.69,long,1
MU,4H_Sup,2026-02-03,Gap Up,loss,0,-0.5,437.98,long,1
MU,PDH,2026-02-03,Gap Up,loss,0,-0.5,436.725,short,1
MU,PML,2026-02-04,Gap Down,loss,0,-0.5,409.26,long,1
MU,PDL,2026-02-04,Gap Down,loss,0,-0.5,410.71,long,1
MU,1H_Sup,2026-02-05,Gap Down,loss,1,-0.5,385.9,long,1
MU,1H_Sup,2026-02-05,Gap Down,loss,1,-0.5,385.9,long,1
MU,1H_Sup,2026-02-05,Gap Down,loss,0,-0.5,386.54,long,1
MU,4H_Sup,2026-02-05,Gap Down,win,0,1.0,379.73,long,1
MU,4H_Sup,2026-02-05,Gap Down,loss,1,-0.5,385.9,long,1
MU,4H_Sup,2026-02-05,Gap Down,loss,0,-0.5,386.54,long,1
MU,PMH,2026-02-05,Gap Down,win,4,1.0,387.43,short,1
MU,1H_Res,2026-02-05,Gap Down,win,5,1.0,377.18,short,1
MU,1H_Res,2026-02-05,Gap Down,win,1,1.0,379.77,short,1
MU,4H_Res,2026-02-05,Gap Down,win,1,1.0,379.77,short,1
MU,4H_Res,2026-02-05,Gap Down,win,1,1.0,379.77,short,1
MU,1H_Sup,2026-02-06,Gap Down,loss,0,-0.5,386.205,long,1
MU,1H_Sup,2026-02-06,Gap Down,win,2,1.0,385.66,long,1
MU,4H_Sup,2026-02-06,Gap Down,win,1,1.0,387.5505,long,1
MU,PDH,2026-02-06,Gap Down,win,1,1.0,388.998,short,1
MU,1H_Res,2026-02-06,Gap Down,win,0,1.0,382.27,short,1
MU,4H_Res,2026-02-06,Gap Down,loss,0,-0.5,381.235,short,1
MU,PML,2026-02-10,Gap Down,win,10,1.0,375.42,long,1
MU,PDL,2026-02-10,Gap Down,win,7,1.0,373.25,long,1
MU,PMH,2026-02-11,Gap Up,loss,0,-0.5,397.7815,short,1
MU,PML,2026-02-12,Gap Up,win,49,1.0,417.87,long,1
MU,1H_Sup,2026-02-12,Gap Up,win,49,1.0,417.87,long,1
MU,PMH,2026-02-12,Gap Up,loss,6,-0.5,425.47,short,1
MU,PDH,2026-02-12,Gap Up,loss,4,-0.5,412.4606,short,1
MU,4H_Res,2026-02-12,Gap Up,loss,4,-0.5,412.4606,short,1
MU,PML,2026-02-13,Gap Down,loss,2,-0.5,405.5,long,1
MU,PDL,2026-02-13,Gap Down,loss,1,-0.5,413.21,long,1
MU,1H_Sup,2026-02-13,Gap Down,win,44,1.0,414.2179,long,1
MU,1H_Sup,2026-02-13,Gap Down,loss,16,-0.5,418.985,long,1
MU,4H_Sup,2026-02-13,Gap Down,win,44,1.0,414.2179,long,1
MU,PMH,2026-02-13,Gap Down,loss,12,-0.5,416.45,short,1
MU,PML,2026-02-18,Flat,loss,2,-0.5,401.5,long,1
MU,PDL,2026-02-18,Flat,loss,0,-0.5,402.0,long,1
MU,1H_Sup,2026-02-18,Flat,win,2,1.0,405.35,long,1
MU,4H_Sup,2026-02-18,Flat,loss,1,-0.5,408.87,long,1
MU,PMH,2026-02-18,Flat,loss,4,-0.5,402.8242,short,1
MU,4H_Res,2026-02-18,Flat,loss,5,-0.5,403.51,short,1
MU,PML,2026-02-19,Gap Down,loss,5,-0.5,418.52,long,1
MU,1H_Sup,2026-02-20,Flat,win,3,1.0,421.51,long,1
MU,4H_Sup,2026-02-20,Flat,win,3,1.0,421.51,long,1
MU,PMH,2026-02-20,Flat,loss,5,-0.5,421.33,short,1
MU,PML,2026-02-24,Gap Up,win,0,1.0,422.3,long,1
MU,PDL,2026-02-24,Gap Up,timeout,60,0.4336443952835291,416.8623,long,1
MU,1H_Sup,2026-02-24,Gap Up,win,3,1.0,425.755,long,1
MU,4H_Sup,2026-02-24,Gap Up,win,8,1.0,419.15,long,1
MU,4H_Sup,2026-02-24,Gap Up,win,3,1.0,425.755,long,1
MU,PMH,2026-02-24,Gap Up,loss,1,-0.5,422.12,short,1
MU,PDH,2026-02-24,Gap Up,loss,1,-0.5,422.12,short,1
MU,4H_Sup,2026-02-25,Gap Up,win,45,1.0,424.572,long,1
MU,4H_Sup,2026-02-25,Gap Up,loss,1,-0.5,427.95,long,1
MU,4H_Sup,2026-02-25,Gap Up,loss,3,-0.5,435.21,long,1
MU,PMH,2026-02-25,Gap Up,timeout,60,0.10564507247570314,425.8599,short,1
MU,PDH,2026-02-25,Gap Up,timeout,60,0.7533043719382547,432.76,short,1
MU,PML,2026-02-26,Gap Down,win,2,1.0,428.76,long,1
MU,PDL,2026-02-26,Gap Down,win,2,1.0,428.76,long,1
MU,PML,2026-02-27,Gap Down,win,3,1.0,405.92,long,1
MU,PDL,2026-02-27,Gap Down,win,3,1.0,405.92,long,1
MU,1H_Sup,2026-02-27,Gap Down,loss,1,-0.5,417.79,long,1
MU,PMH,2026-02-27,Gap Down,loss,25,-0.5,414.1,short,1
MU,1H_Res,2026-02-27,Gap Down,timeout,60,0.3805120053946104,415.23,short,1
MU,PML,2026-03-03,Gap Down,loss,1,-0.5,387.68,long,1
MU,PMH,2026-03-04,Gap Up,win,0,1.0,393.74,short,1
MU,PDH,2026-03-04,Gap Up,loss,1,-0.5,388.15,short,1
MU,PML,2026-03-05,Flat,loss,35,-0.5,399.24,long,1
MU,PDL,2026-03-05,Flat,win,26,1.0,388.87,long,1
MU,PML,2026-03-06,Gap Down,win,6,1.0,381.365,long,1
MU,PDL,2026-03-06,Gap Down,win,8,1.0,381.86,long,1
MU,4H_Sup,2026-03-06,Gap Down,win,8,1.0,381.86,long,1
MU,4H_Sup,2026-03-06,Gap Down,loss,16,-0.5,389.8213,long,1
MU,1H_Sup,2026-03-11,Gap Up,loss,1,-0.5,409.2932,long,1
MU,PMH,2026-03-11,Gap Up,win,3,1.0,411.39,short,1
MU,PDH,2026-03-11,Gap Up,loss,9,-0.5,413.63,short,1
MU,1H_Res,2026-03-11,Gap Up,loss,1,-0.5,407.5,short,1
MU,4H_Res,2026-03-11,Gap Up,loss,9,-0.5,413.63,short,1
MU,PML,2026-03-12,Gap Down,loss,4,-0.5,412.385,long,1
MU,PDL,2026-03-12,Gap Down,timeout,60,-0.10758815842478854,407.108,long,1
MU,1H_Sup,2026-03-17,Gap Up,win,31,1.0,448.66,long,1
MU,4H_Sup,2026-03-17,Gap Up,win,30,1.0,452.7,long,1
MU,PMH,2026-03-17,Gap Up,loss,4,-0.5,453.3201,short,1
MU,PDH,2026-03-17,Gap Up,loss,43,-0.5,449.23,short,1
MU,PML,2026-03-18,Gap Up,loss,1,-0.5,465.1801,long,1
MU,1H_Sup,2026-03-18,Gap Up,loss,6,-0.5,463.84,long,1
MU,4H_Sup,2026-03-18,Gap Up,loss,6,-0.5,463.84,long,1
MU,PDH,2026-03-18,Gap Up,loss,2,-0.5,460.11,short,1
MU,PML,2026-03-19,Gap Down,loss,0,-0.5,427.76,long,1
MU,PMH,2026-03-19,Gap Down,win,15,1.0,449.355,short,1
MU,PML,2026-03-20,Flat,win,7,1.0,438.87,long,1
MU,PDL,2026-03-20,Flat,loss,27,-0.5,422.1199,long,1
MU,4H_Sup,2026-03-20,Flat,win,7,1.0,438.87,long,1
MU,4H_Sup,2026-03-20,Flat,win,5,1.0,438.902,long,1
MU,4H_Sup,2026-03-20,Flat,loss,5,-0.5,445.21,long,1
MU,PMH,2026-03-20,Flat,loss,0,-0.5,441.75,short,1
MU,4H_Res,2026-03-20,Flat,loss,4,-0.5,437.81,short,1
MU,PML,2026-03-24,Gap Down,loss,3,-0.5,398.85,long,1
MU,PML,2026-03-25,Gap Down,loss,1,-0.5,386.2654,long,1
MU,PML,2026-03-26,Gap Down,loss,3,-0.5,373.09,long,1
MU,PDL,2026-03-26,Gap Down,loss,1,-0.5,373.9,long,1
MU,1H_Sup,2026-03-27,Gap Up,win,8,1.0,361.14,long,1
MU,4H_Sup,2026-03-27,Gap Up,win,6,1.0,360.91,long,1
MU,4H_Sup,2026-03-27,Gap Up,loss,4,-0.5,366.3,long,1
MU,4H_Sup,2026-03-27,Gap Up,loss,3,-0.5,366.255,long,1
MU,4H_Sup,2026-03-27,Gap Up,loss,9,-0.5,368.25,long,1
MU,4H_Res,2026-03-27,Gap Up,win,5,1.0,362.05,short,1
MU,PML,2026-03-31,Flat,loss,1,-0.5,318.0,long,1
MU,PDL,2026-03-31,Flat,win,0,1.0,321.52,long,1
MU,1H_Sup,2026-03-31,Flat,loss,0,-0.5,324.13,long,1
MU,1H_Sup,2026-03-31,Flat,loss,1,-0.5,326.92,long,1
MU,4H_Sup,2026-03-31,Flat,loss,0,-0.5,324.13,long,1
MU,4H_Sup,2026-03-31,Flat,win,21,1.0,331.825,long,1
MU,PMH,2026-03-31,Flat,loss,3,-0.5,325.95,short,1
MU,4H_Res,2026-03-31,Flat,loss,1,-0.5,329.695,short,1
MU,4H_Res,2026-03-31,Flat,win,14,1.0,331.41,short,1
MU,4H_Res,2026-03-31,Flat,win,13,1.0,331.29,short,1
MU,PMH,2026-04-01,Gap Up,loss,9,-0.5,351.17,short,1
MU,PDL,2026-04-02,Gap Down,loss,0,-0.5,347.99,long,1
MU,PML,2026-04-07,Gap Down,loss,25,-0.5,370.24,long,1
MU,PDL,2026-04-07,Gap Down,loss,9,-0.5,371.275,long,1
MU,PML,2026-04-08,Gap Up,loss,8,-0.5,407.95,long,1
MU,PDL,2026-04-09,Flat,win,30,1.0,400.2899,long,1
MU,1H_Sup,2026-04-09,Flat,loss,8,-0.5,403.74,long,1
MU,1H_Sup,2026-04-09,Flat,loss,10,-0.5,408.035,long,1
MU,4H_Sup,2026-04-09,Flat,loss,3,-0.5,412.805,long,1
MU,PMH,2026-04-09,Flat,win,9,1.0,406.7899,short,1
MU,PML,2026-04-10,Flat,loss,3,-0.5,420.89,long,1
MU,1H_Sup,2026-04-10,Flat,loss,3,-0.5,420.89,long,1
MU,4H_Sup,2026-04-10,Flat,loss,25,-0.5,419.5701,long,1
MU,PDH,2026-04-10,Flat,win,16,1.0,422.305,short,1
MU,1H_Res,2026-04-10,Flat,loss,0,-0.5,417.15,short,1
MU,1H_Res,2026-04-10,Flat,win,12,1.0,421.515,short,1
MU,4H_Res,2026-04-10,Flat,win,3,1.0,414.46,short,1
MU,4H_Res,2026-04-10,Flat,loss,0,-0.5,417.15,short,1
MU,4H_Res,2026-04-10,Flat,win,14,1.0,421.71,short,1
MU,PML,2026-04-14,Gap Up,win,5,1.0,434.4599,long,1
MU,PMH,2026-04-14,Gap Up,loss,2,-0.5,437.67,short,1
MU,PML,2026-04-15,Gap Down,loss,3,-0.5,453.12,long,1
MU,4H_Sup,2026-04-15,Gap Down,win,46,1.0,443.24,long,1
MU,4H_Sup,2026-04-15,Gap Down,win,19,1.0,448.07,long,1
MU,PMH,2026-04-15,Gap Down,win,7,1.0,459.12,short,1
MU,1H_Res,2026-04-15,Gap Down,win,11,1.0,453.67,short,1
MU,1H_Res,2026-04-15,Gap Down,win,10,1.0,455.93,short,1
MU,1H_Res,2026-04-15,Gap Down,win,13,1.0,459.695,short,1
MU,1H_Res,2026-04-15,Gap Down,win,13,1.0,459.695,short,1
MU,4H_Res,2026-04-15,Gap Down,loss,2,-0.5,445.8,short,1
MU,4H_Res,2026-04-15,Gap Down,loss,8,-0.5,447.485,short,1
MU,4H_Res,2026-04-15,Gap Down,win,8,1.0,449.535,short,1
MU,4H_Res,2026-04-15,Gap Down,win,13,1.0,459.695,short,1
MU,4H_Sup,2026-04-16,Gap Down,loss,12,-0.5,458.52,long,1
MU,PMH,2026-04-16,Gap Down,loss,4,-0.5,455.92,short,1
MU,1H_Res,2026-04-16,Gap Down,win,11,1.0,451.4999,short,1
MU,1H_Res,2026-04-16,Gap Down,loss,1,-0.5,454.2496,short,1
MU,4H_Res,2026-04-16,Gap Down,loss,1,-0.5,454.2496,short,1
MU,4H_Sup,2026-04-17,Gap Up,loss,2,-0.5,462.075,long,1
MU,PDH,2026-04-17,Gap Up,win,1,1.0,459.3399,short,1
MU,4H_Res,2026-04-17,Gap Up,win,1,1.0,459.3399,short,1
MU,PML,2026-04-21,Gap Up,loss,8,-0.5,451.75,long,1
MU,1H_Sup,2026-04-21,Gap Up,timeout,60,0.0013340626208931561,449.754,long,1
MU,PMH,2026-04-21,Gap Up,win,40,1.0,452.715,short,1
MU,4H_Res,2026-04-21,Gap Up,win,26,1.0,447.85,short,1
MU,PMH,2026-04-22,Gap Up,loss,25,-0.5,462.5899,short,1
MU,PML,2026-04-23,Gap Down,loss,1,-0.5,477.68,long,1
MU,1H_Sup,2026-04-23,Gap Down,loss,18,-0.5,492.9,long,1
MU,4H_Sup,2026-04-23,Gap Down,loss,1,-0.5,481.17,long,1
MU,PMH,2026-04-23,Gap Down,win,2,1.0,482.29,short,1
MU,PDH,2026-04-23,Gap Down,win,8,1.0,490.17,short,1
MU,4H_Res,2026-04-23,Gap Down,win,8,1.0,490.17,short,1
MU,4H_Sup,2026-04-24,Gap Up,win,6,1.0,495.67,long,1
MU,PMH,2026-04-24,Gap Up,loss,2,-0.5,495.22,short,1
MU,PDH,2026-04-24,Gap Up,loss,1,-0.5,490.18,short,1
MU,PML,2026-04-28,Gap Down,win,2,1.0,504.4,long,1
MU,PDL,2026-04-28,Gap Down,win,4,1.0,512.375,long,1
MU,PML,2026-04-29,Gap Up,win,9,1.0,519.0,long,1
MU,1H_Sup,2026-04-29,Gap Up,timeout,60,0.40963524823111563,510.21,long,1
MU,4H_Sup,2026-04-29,Gap Up,loss,25,-0.5,511.95,long,1
MU,PMH,2026-04-29,Gap Up,loss,0,-0.5,523.64,short,1
MU,PDH,2026-04-29,Gap Up,win,37,1.0,517.47,short,1
MU,1H_Res,2026-04-29,Gap Up,loss,22,-0.5,509.09,short,1
MU,PML,2026-04-30,Gap Up,timeout,60,0.34158589279458046,513.78,long,1
MU,PDL,2026-04-30,Gap Up,loss,3,-0.5,512.92,long,1
MU,1H_Sup,2026-04-30,Gap Up,loss,0,-0.5,511.98,long,1
MU,1H_Sup,2026-04-30,Gap Up,loss,1,-0.5,514.0,long,1
MU,PMH,2026-04-30,Gap Up,loss,1,-0.5,525.02,short,1
MU,PDH,2026-04-30,Gap Up,loss,1,-0.5,525.02,short,1
MU,4H_Res,2026-04-30,Gap Up,loss,2,-0.5,517.78,short,1
MU,1H_Sup,2026-05-01,Gap Down,win,1,1.0,513.67,long,1
MU,1H_Sup,2026-05-01,Gap Down,win,4,1.0,523.715,long,1
MU,4H_Sup,2026-05-01,Gap Down,win,4,1.0,523.715,long,1
MU,PDH,2026-05-01,Gap Down,win,8,1.0,532.88,short,1
MU,1H_Res,2026-05-01,Gap Down,loss,0,-0.5,515.82,short,1
MU,4H_Res,2026-05-01,Gap Down,loss,0,-0.5,515.82,short,1
MU,PMH,2026-05-05,Gap Up,loss,0,-0.5,610.545,short,1
MU,PML,2026-05-06,Gap Up,loss,20,-0.5,662.47,long,1
MU,1H_Sup,2026-05-06,Gap Up,win,0,1.0,650.51,long,1
MU,1H_Sup,2026-05-06,Gap Up,win,0,1.0,650.51,long,1
MU,4H_Sup,2026-05-06,Gap Up,loss,0,-0.5,635.305,long,1
MU,4H_Sup,2026-05-06,Gap Up,loss,0,-0.5,635.305,long,1
MU,4H_Sup,2026-05-06,Gap Up,loss,0,-0.5,635.305,long,1
MU,PDH,2026-05-06,Gap Up,win,3,1.0,647.154,short,1
MU,1H_Res,2026-05-06,Gap Up,loss,2,-0.5,639.29,short,1
MU,4H_Res,2026-05-06,Gap Up,loss,2,-0.5,639.29,short,1
MU,4H_Res,2026-05-06,Gap Up,loss,0,-0.5,642.54,short,1
MU,PML,2026-05-07,Gap Down,loss,0,-0.5,651.6131,long,1
MU,1H_Sup,2026-05-07,Gap Down,win,12,1.0,661.1368,long,1
MU,1H_Sup,2026-05-07,Gap Down,win,7,1.0,666.995,long,1
MU,4H_Sup,2026-05-07,Gap Down,loss,3,-0.5,670.33,long,1
MU,PMH,2026-05-07,Gap Down,loss,4,-0.5,670.12,short,1
MU,PDH,2026-05-07,Gap Down,win,47,1.0,664.81,short,1
MU,1H_Res,2026-05-07,Gap Down,loss,8,-0.5,660.65,short,1
MU,1H_Res,2026-05-07,Gap Down,loss,1,-0.5,661.25,short,1
MU,1H_Res,2026-05-07,Gap Down,win,47,1.0,664.465,short,1
MU,4H_Res,2026-05-07,Gap Down,loss,1,-0.5,661.25,short,1
MU,4H_Res,2026-05-07,Gap Down,win,47,1.0,664.465,short,1
MU,PML,2026-05-12,Gap Down,loss,0,-0.5,773.72,long,1
MU,PDL,2026-05-12,Gap Down,loss,0,-0.5,773.72,long,1
MU,PML,2026-05-13,Gap Up,win,0,1.0,785.59,long,1
MU,PML,2026-05-14,Gap Down,win,1,1.0,785.885,long,1
MU,PDL,2026-05-14,Gap Down,win,1,1.0,785.885,long,1
MU,1H_Sup,2026-05-14,Gap Down,loss,1,-0.5,805.715,long,1
MU,PMH,2026-05-14,Gap Down,win,5,1.0,796.77,short,1
MU,PML,2026-05-15,Gap Down,loss,2,-0.5,747.2521,long,1
MU,PML,2026-05-19,Gap Down,loss,1,-0.5,666.485,long,1
MU,PDL,2026-05-19,Gap Down,win,0,1.0,678.9457,long,1
MU,1H_Sup,2026-05-19,Gap Down,win,0,1.0,678.9457,long,1
MU,1H_Sup,2026-05-19,Gap Down,win,2,1.0,685.44,long,1
MU,1H_Sup,2026-05-19,Gap Down,win,1,1.0,688.6,long,1
MU,4H_Sup,2026-05-19,Gap Down,win,2,1.0,685.44,long,1
MU,4H_Sup,2026-05-19,Gap Down,loss,1,-0.5,697.72,long,1
MU,PMH,2026-05-19,Gap Down,loss,1,-0.5,682.02,short,1
MU,1H_Res,2026-05-19,Gap Down,win,3,1.0,665.064,short,1
MU,1H_Res,2026-05-19,Gap Down,win,1,1.0,669.335,short,1
MU,1H_Res,2026-05-19,Gap Down,loss,1,-0.5,672.35,short,1
MU,1H_Res,2026-05-19,Gap Down,win,5,1.0,677.51,short,1
MU,1H_Res,2026-05-19,Gap Down,loss,0,-0.5,681.3,short,1
MU,1H_Res,2026-05-19,Gap Down,loss,1,-0.5,682.02,short,1
MU,4H_Res,2026-05-19,Gap Down,win,2,1.0,687.969,short,1
MU,4H_Res,2026-05-19,Gap Down,win,7,1.0,685.84,short,1
MU,4H_Res,2026-05-19,Gap Down,win,4,1.0,687.7,short,1
MU,PML,2026-05-20,Gap Up,win,25,1.0,707.49,long,1
MU,1H_Sup,2026-05-20,Gap Up,loss,0,-0.5,711.62,long,1
MU,1H_Sup,2026-05-20,Gap Up,loss,2,-0.5,712.18,long,1
MU,4H_Sup,2026-05-20,Gap Up,loss,1,-0.5,709.66,long,1
MU,4H_Sup,2026-05-20,Gap Up,loss,28,-0.5,727.3501,long,1
MU,PDH,2026-05-20,Gap Up,loss,3,-0.5,717.125,short,1
MU,1H_Res,2026-05-20,Gap Up,win,1,1.0,708.92,short,1
MU,1H_Sup,2026-05-21,Gap Up,win,1,1.0,737.58,long,1
MU,PMH,2026-05-21,Gap Up,loss,4,-0.5,748.22,short,1
MU,1H_Sup,2026-05-22,Gap Down,loss,1,-0.5,751.375,long,1
MU,1H_Sup,2026-05-22,Gap Down,loss,2,-0.5,759.61,long,1
MU,4H_Sup,2026-05-22,Gap Down,loss,7,-0.5,766.7,long,1
MU,PMH,2026-05-22,Gap Down,win,29,1.0,761.315,short,1
MU,PDH,2026-05-22,Gap Down,loss,20,-0.5,762.3731,short,1
MU,1H_Res,2026-05-22,Gap Down,loss,0,-0.5,751.035,short,1
MU,1H_Res,2026-05-22,Gap Down,win,20,1.0,756.13,short,1
MU,1H_Res,2026-05-22,Gap Down,win,29,1.0,761.315,short,1
MU,4H_Res,2026-05-22,Gap Down,win,29,1.0,761.315,short,1
MU,PML,2026-05-27,Gap Up,loss,0,-0.5,926.225,long,1
MU,1H_Sup,2026-05-27,Gap Up,loss,4,-0.5,902.0,long,1
MU,1H_Sup,2026-05-27,Gap Up,loss,0,-0.5,906.48,long,1
MU,1H_Sup,2026-05-27,Gap Up,win,0,1.0,922.34,long,1
MU,PDH,2026-05-27,Gap Up,loss,0,-0.5,904.6825,short,1
MU,1H_Res,2026-05-27,Gap Up,loss,0,-0.5,904.6825,short,1
MU,4H_Res,2026-05-27,Gap Up,loss,0,-0.5,904.6825,short,1
MU,4H_Res,2026-05-27,Gap Up,loss,0,-0.5,904.6825,short,1
MU,1H_Sup,2026-05-28,Flat,loss,2,-0.5,929.0844,long,1
MU,1H_Sup,2026-05-28,Flat,loss,3,-0.5,935.15,long,1
MU,4H_Sup,2026-05-28,Flat,loss,3,-0.5,935.15,long,1
MU,PMH,2026-05-28,Flat,loss,0,-0.5,926.4901,short,1
MU,1H_Res,2026-05-28,Flat,win,7,1.0,926.49,short,1
MU,4H_Res,2026-05-28,Flat,win,7,1.0,926.49,short,1
MU,4H_Sup,2026-05-29,Gap Up,loss,0,-0.5,958.13,long,1
MU,PMH,2026-05-29,Gap Up,loss,1,-0.5,955.3,short,1
MU,PDH,2026-05-29,Gap Up,loss,24,-0.5,946.5,short,1
MU,1H_Sup,2026-06-02,Gap Up,win,8,1.0,1044.51,long,1
MU,4H_Sup,2026-06-02,Gap Up,loss,3,-0.5,1054.17,long,1
MU,PMH,2026-06-02,Gap Up,loss,0,-0.5,1029.5,short,1
MU,PDH,2026-06-02,Gap Up,loss,0,-0.5,1029.5,short,1
MU,PML,2026-06-03,Gap Up,win,12,1.0,1063.82,long,1
MU,1H_Sup,2026-06-03,Gap Up,loss,0,-0.5,1064.485,long,1
MU,1H_Sup,2026-06-03,Gap Up,loss,10,-0.5,1071.41,long,1
MU,4H_Sup,2026-06-03,Gap Up,loss,10,-0.5,1071.41,long,1
MU,PMH,2026-06-03,Gap Up,win,1,1.0,1070.965,short,1
MU,PDH,2026-06-03,Gap Up,win,1,1.0,1070.965,short,1
MU,1H_Res,2026-06-03,Gap Up,loss,3,-0.5,1052.94,short,1
MU,1H_Res,2026-06-03,Gap Up,win,1,1.0,1070.965,short,1
MU,4H_Res,2026-06-03,Gap Up,loss,3,-0.5,1052.94,short,1
MU,4H_Res,2026-06-03,Gap Up,win,1,1.0,1070.965,short,1
MU,PML,2026-06-04,Gap Down,loss,0,-0.5,1000.5,long,1
MU,PML,2026-06-05,Gap Down,loss,0,-0.5,961.36,long,1
MU,PML,2026-06-09,Gap Up,loss,7,-0.5,955.06,long,1
MU,PDL,2026-06-09,Gap Up,win,1,1.0,921.88,long,1
MU,1H_Sup,2026-06-09,Gap Up,loss,8,-0.5,937.6,long,1
MU,4H_Sup,2026-06-09,Gap Up,loss,14,-0.5,934.895,long,1
MU,4H_Sup,2026-06-09,Gap Up,loss,0,-0.5,961.0,long,1
MU,PDH,2026-06-09,Gap Up,loss,0,-0.5,957.67,short,1
MU,1H_Res,2026-06-09,Gap Up,win,1,1.0,935.04,short,1
MU,1H_Res,2026-06-09,Gap Up,win,2,1.0,937.0,short,1
MU,1H_Res,2026-06-09,Gap Up,win,2,1.0,937.0,short,1
MU,4H_Res,2026-06-09,Gap Up,loss,0,-0.5,957.67,short,1
MU,PML,2026-06-10,Gap Down,win,3,1.0,901.01,long,1
MU,1H_Sup,2026-06-10,Gap Down,win,3,1.0,901.01,long,1
MU,1H_Sup,2026-06-10,Gap Down,loss,19,-0.5,905.925,long,1
MU,1H_Sup,2026-06-10,Gap Down,loss,19,-0.5,905.925,long,1
MU,1H_Sup,2026-06-10,Gap Down,loss,1,-0.5,912.56,long,1
MU,4H_Sup,2026-06-10,Gap Down,win,8,1.0,886.2,long,1
MU,4H_Sup,2026-06-10,Gap Down,loss,19,-0.5,905.925,long,1
MU,4H_Sup,2026-06-10,Gap Down,loss,0,-0.5,927.745,long,1
MU,PMH,2026-06-10,Gap Down,win,9,1.0,933.28,short,1
MU,1H_Res,2026-06-10,Gap Down,loss,0,-0.5,895.195,short,1
MU,1H_Res,2026-06-10,Gap Down,loss,1,-0.5,905.405,short,1
MU,1H_Res,2026-06-10,Gap Down,loss,1,-0.5,905.405,short,1
MU,1H_Res,2026-06-10,Gap Down,win,2,1.0,909.1872,short,1
MU,1H_Res,2026-06-10,Gap Down,win,2,1.0,909.1872,short,1
MU,1H_Res,2026-06-10,Gap Down,loss,3,-0.5,914.05,short,1
MU,1H_Res,2026-06-10,Gap Down,win,3,1.0,921.74,short,1
MU,1H_Res,2026-06-10,Gap Down,win,6,1.0,927.16,short,1
MU,4H_Res,2026-06-10,Gap Down,loss,11,-0.5,887.98,short,1
MU,4H_Res,2026-06-10,Gap Down,win,2,1.0,909.1872,short,1
MU,4H_Res,2026-06-10,Gap Down,win,2,1.0,909.1872,short,1
MU,4H_Res,2026-06-10,Gap Down,loss,3,-0.5,914.05,short,1
MU,4H_Res,2026-06-10,Gap Down,win,3,1.0,921.74,short,1
MU,4H_Res,2026-06-10,Gap Down,win,6,1.0,927.16,short,1
MU,PML,2026-06-11,Gap Up,loss,0,-0.5,910.215,long,1
MU,1H_Sup,2026-06-11,Gap Up,loss,0,-0.5,910.215,long,1
MU,4H_Sup,2026-06-11,Gap Up,loss,1,-0.5,915.925,long,1
MU,PDH,2026-06-11,Gap Up,loss,7,-0.5,954.75,short,1
MU,1H_Res,2026-06-11,Gap Up,loss,1,-0.5,899.1,short,1
MU,1H_Res,2026-06-11,Gap Up,loss,3,-0.5,901.55,short,1
MU,1H_Res,2026-06-11,Gap Up,loss,0,-0.5,904.04,short,1
MU,1H_Sup,2026-06-12,Gap Down,loss,1,-0.5,974.12,long,1
MU,4H_Sup,2026-06-12,Gap Down,loss,1,-0.5,974.12,long,1
MU,PMH,2026-06-12,Gap Down,loss,0,-0.5,992.16,short,1
MU,PDH,2026-06-12,Gap Down,loss,5,-0.5,989.37,short,1
MU,1H_Res,2026-06-12,Gap Down,loss,0,-0.5,962.75,short,1
MU,1H_Res,2026-06-12,Gap Down,loss,5,-0.5,969.43,short,1
MU,1H_Res,2026-06-12,Gap Down,win,3,1.0,975.01,short,1
MU,1H_Res,2026-06-12,Gap Down,loss,7,-0.5,980.6902,short,1
MU,1H_Res,2026-06-12,Gap Down,loss,12,-0.5,985.05,short,1
MU,1H_Res,2026-06-12,Gap Down,loss,5,-0.5,989.37,short,1
MU,4H_Res,2026-06-12,Gap Down,loss,0,-0.5,962.75,short,1
MU,4H_Res,2026-06-12,Gap Down,loss,0,-0.5,962.75,short,1
MU,4H_Res,2026-06-12,Gap Down,loss,5,-0.5,969.43,short,1
MU,4H_Res,2026-06-12,Gap Down,win,3,1.0,975.01,short,1
MU,4H_Res,2026-06-12,Gap Down,loss,7,-0.5,980.6902,short,1
MU,4H_Res,2026-06-12,Gap Down,loss,11,-0.5,982.6899,short,1
MU,4H_Res,2026-06-12,Gap Down,loss,5,-0.5,989.37,short,1
ARM,PML,2025-12-16,Gap Down,loss,3,-0.5,122.3725,long,1
ARM,PML,2025-12-17,Flat,loss,4,-0.5,121.1,long,1
ARM,PDL,2025-12-17,Flat,loss,1,-0.5,118.46,long,1
ARM,PML,2025-12-18,Gap Up,timeout,60,0.33726476454773435,115.31,long,1
ARM,1H_Sup,2025-12-18,Gap Up,win,31,1.0,113.94,long,1
ARM,4H_Sup,2025-12-18,Gap Up,loss,2,-0.5,116.0,long,1
ARM,PMH,2025-12-18,Gap Up,win,8,1.0,117.01,short,1
ARM,1H_Res,2025-12-18,Gap Up,loss,2,-0.5,114.295,short,1
ARM,4H_Res,2025-12-18,Gap Up,loss,16,-0.5,115.3,short,1
ARM,PML,2025-12-19,Flat,loss,7,-0.5,114.57,long,1
ARM,PDL,2025-12-19,Flat,timeout,60,0.667779632721194,113.81,long,1
ARM,1H_Sup,2025-12-19,Flat,loss,4,-0.5,114.84,long,1
ARM,PML,2025-12-30,Gap Up,win,19,1.0,110.501,long,1
ARM,1H_Sup,2025-12-30,Gap Up,loss,19,-0.5,111.48,long,1
ARM,4H_Sup,2025-12-30,Gap Up,loss,19,-0.5,111.48,long,1
ARM,PMH,2025-12-30,Gap Up,loss,13,-0.5,110.7,short,1
ARM,PDH,2025-12-30,Gap Up,loss,4,-0.5,110.535,short,1
ARM,PML,2025-12-31,Flat,loss,6,-0.5,111.4099,long,1
ARM,PDL,2025-12-31,Flat,loss,9,-0.5,111.2,long,1
ARM,PMH,2025-12-31,Flat,timeout,60,0.18073377914332447,110.66,short,1
ARM,PDL,2026-01-06,Flat,loss,2,-0.5,116.539,long,1
ARM,1H_Res,2026-01-06,Flat,win,31,1.0,116.565,short,1
ARM,PML,2026-01-07,Gap Down,win,11,1.0,115.39,long,1
ARM,PDL,2026-01-07,Gap Down,win,9,1.0,115.22,long,1
ARM,1H_Sup,2026-01-07,Gap Down,loss,19,-0.5,116.395,long,1
ARM,4H_Sup,2026-01-07,Gap Down,loss,19,-0.5,116.395,long,1
ARM,PMH,2026-01-07,Gap Down,loss,2,-0.5,115.43,short,1
ARM,PDL,2026-01-09,Gap Up,timeout,60,0.19826964671955036,110.96,long,1
ARM,PMH,2026-01-09,Gap Up,win,2,1.0,112.965,short,1
ARM,PDL,2026-01-13,Gap Down,win,1,1.0,110.05,long,1
ARM,PMH,2026-01-13,Gap Down,win,6,1.0,109.3299,short,1
ARM,PDH,2026-01-13,Gap Down,loss,6,-0.5,110.96,short,1
ARM,PMH,2026-01-15,Gap Up,loss,3,-0.5,107.7642,short,1
ARM,PDH,2026-01-15,Gap Up,timeout,60,-0.1225259189444012,106.1,short,1
ARM,PML,2026-01-16,Gap Up,loss,0,-0.5,107.01,long,1
ARM,1H_Sup,2026-01-16,Gap Up,loss,13,-0.5,105.92,long,1
ARM,PMH,2026-01-16,Gap Up,win,32,1.0,106.77,short,1
ARM,PMH,2026-01-21,Gap Up,loss,9,-0.5,112.445,short,1
ARM,PMH,2026-01-22,Gap Up,loss,2,-0.5,120.93,short,1
ARM,PML,2026-01-27,Gap Up,win,17,1.0,115.56,long,1
ARM,1H_Sup,2026-01-27,Gap Up,win,14,1.0,115.32,long,1
ARM,4H_Sup,2026-01-27,Gap Up,win,15,1.0,115.78,long,1
ARM,PMH,2026-01-27,Gap Up,loss,3,-0.5,116.385,short,1
ARM,PDH,2026-01-27,Gap Up,win,10,1.0,115.5,short,1
ARM,PDL,2026-01-29,Flat,loss,5,-0.5,109.225,long,1
ARM,PML,2026-01-30,Gap Down,win,7,1.0,106.362,long,1
ARM,1H_Sup,2026-01-30,Gap Down,loss,1,-0.5,107.63,long,1
ARM,PMH,2026-01-30,Gap Down,loss,5,-0.5,106.956,short,1
ARM,1H_Res,2026-01-30,Gap Down,loss,5,-0.5,106.956,short,1
ARM,1H_Res,2026-01-30,Gap Down,win,25,1.0,107.42,short,1
ARM,4H_Res,2026-01-30,Gap Down,win,25,1.0,107.42,short,1
ARM,PDL,2026-02-03,Gap Up,loss,5,-0.5,104.45,long,1
ARM,1H_Sup,2026-02-03,Gap Up,loss,2,-0.5,107.27,long,1
ARM,4H_Sup,2026-02-03,Gap Up,win,2,1.0,106.33,long,1
ARM,4H_Sup,2026-02-03,Gap Up,loss,0,-0.5,109.08,long,1
ARM,PMH,2026-02-03,Gap Up,win,4,1.0,107.465,short,1
ARM,PDH,2026-02-03,Gap Up,win,3,1.0,107.5,short,1
ARM,1H_Res,2026-02-03,Gap Up,win,4,1.0,106.68,short,1
ARM,PML,2026-02-04,Gap Up,loss,2,-0.5,105.91,long,1
ARM,1H_Sup,2026-02-04,Gap Up,loss,2,-0.5,104.01,long,1
ARM,PMH,2026-02-04,Gap Up,win,3,1.0,106.09,short,1
ARM,1H_Res,2026-02-04,Gap Up,win,7,1.0,104.24,short,1
ARM,4H_Res,2026-02-04,Gap Up,win,7,1.0,104.24,short,1
ARM,PDL,2026-02-05,Flat,win,1,1.0,105.245,long,1
ARM,1H_Sup,2026-02-05,Flat,loss,0,-0.5,107.42,long,1
ARM,1H_Sup,2026-02-05,Flat,loss,0,-0.5,107.42,long,1
ARM,1H_Sup,2026-02-05,Flat,loss,0,-0.5,107.92,long,1
ARM,1H_Sup,2026-02-05,Flat,loss,0,-0.5,107.92,long,1
ARM,1H_Sup,2026-02-05,Flat,loss,3,-0.5,109.56,long,1
ARM,4H_Sup,2026-02-05,Flat,loss,0,-0.5,107.92,long,1
ARM,PMH,2026-02-05,Flat,loss,0,-0.5,103.75,short,1
ARM,PDH,2026-02-05,Flat,loss,3,-0.5,107.045,short,1
ARM,1H_Res,2026-02-05,Flat,win,0,1.0,105.68,short,1
ARM,4H_Res,2026-02-05,Flat,loss,3,-0.5,107.045,short,1
ARM,1H_Sup,2026-02-06,Gap Up,win,1,1.0,115.5284,long,1
ARM,1H_Sup,2026-02-06,Gap Up,win,1,1.0,115.5284,long,1
ARM,1H_Sup,2026-02-06,Gap Up,win,1,1.0,115.5284,long,1
ARM,1H_Sup,2026-02-06,Gap Up,win,1,1.0,115.5284,long,1
ARM,1H_Sup,2026-02-06,Gap Up,win,1,1.0,115.5284,long,1
ARM,4H_Sup,2026-02-06,Gap Up,win,1,1.0,115.5284,long,1
ARM,4H_Sup,2026-02-06,Gap Up,win,6,1.0,116.46,long,1
ARM,1H_Sup,2026-02-10,Flat,win,3,1.0,126.87,long,1
ARM,4H_Sup,2026-02-10,Flat,win,2,1.0,127.1,long,1
ARM,4H_Sup,2026-02-11,Gap Up,loss,2,-0.5,129.16,long,1
ARM,PMH,2026-02-11,Gap Up,loss,1,-0.5,127.51,short,1
ARM,1H_Res,2026-02-11,Gap Up,loss,18,-0.5,126.16,short,1
ARM,PML,2026-02-12,Flat,loss,0,-0.5,127.905,long,1
ARM,1H_Sup,2026-02-12,Flat,loss,0,-0.5,127.905,long,1
ARM,PMH,2026-02-12,Flat,loss,2,-0.5,126.475,short,1
ARM,PML,2026-02-13,Gap Down,win,1,1.0,121.48,long,1
ARM,PDL,2026-02-13,Gap Down,loss,1,-0.5,122.36,long,1
ARM,1H_Sup,2026-02-13,Gap Down,loss,3,-0.5,123.635,long,1
ARM,4H_Sup,2026-02-13,Gap Down,loss,0,-0.5,123.32,long,1
ARM,PML,2026-02-18,Gap Up,win,25,1.0,128.19,long,1
ARM,1H_Sup,2026-02-18,Gap Up,loss,17,-0.5,127.105,long,1
ARM,1H_Sup,2026-02-18,Gap Up,loss,4,-0.5,127.16,long,1
ARM,PMH,2026-02-18,Gap Up,loss,5,-0.5,128.977,short,1
ARM,PML,2026-02-19,Gap Down,loss,5,-0.5,126.03,long,1
ARM,PDL,2026-02-19,Gap Down,timeout,12,0.5545432939871685,126.23,long,1
ARM,1H_Sup,2026-02-20,Gap Down,loss,2,-0.5,127.21,long,1
ARM,PMH,2026-02-20,Gap Down,loss,4,-0.5,126.76,short,1
ARM,PDH,2026-02-20,Gap Down,loss,1,-0.5,126.365,short,1
ARM,1H_Res,2026-02-20,Gap Down,loss,1,-0.5,126.365,short,1
ARM,4H_Res,2026-02-20,Gap Down,loss,9,-0.5,126.0,short,1
ARM,4H_Res,2026-02-20,Gap Down,loss,1,-0.5,126.365,short,1
ARM,PML,2026-02-25,Flat,loss,4,-0.5,129.69,long,1
ARM,1H_Sup,2026-02-25,Flat,loss,4,-0.5,129.69,long,1
ARM,4H_Sup,2026-02-25,Flat,loss,3,-0.5,129.94,long,1
ARM,PMH,2026-02-25,Flat,loss,0,-0.5,129.69,short,1
ARM,PDH,2026-02-25,Flat,loss,6,-0.5,130.95,short,1
ARM,PDL,2026-02-26,Flat,loss,5,-0.5,128.79,long,1
ARM,1H_Sup,2026-02-26,Flat,loss,0,-0.5,133.51,long,1
ARM,PMH,2026-02-26,Flat,win,7,1.0,132.475,short,1
ARM,PDH,2026-02-26,Flat,win,9,1.0,132.745,short,1
ARM,PDL,2026-02-27,Gap Down,loss,0,-0.5,127.46,long,1
ARM,PMH,2026-02-27,Gap Down,win,28,1.0,128.24,short,1
ARM,PML,2026-03-03,Gap Down,loss,0,-0.5,118.075,long,1
ARM,PDL,2026-03-03,Gap Down,loss,6,-0.5,121.945,long,1
ARM,PMH,2026-03-03,Gap Down,timeout,22,0.1640419947506585,121.92,short,1
ARM,1H_Sup,2026-03-04,Gap Up,loss,1,-0.5,122.42,long,1
ARM,4H_Sup,2026-03-04,Gap Up,loss,1,-0.5,122.42,long,1
ARM,PMH,2026-03-04,Gap Up,loss,22,-0.5,122.57,short,1
ARM,PML,2026-03-05,Gap Down,loss,10,-0.5,123.435,long,1
ARM,PDL,2026-03-05,Gap Down,win,23,1.0,122.33,long,1
ARM,PMH,2026-03-05,Gap Down,loss,6,-0.5,122.275,short,1
ARM,PML,2026-03-06,Gap Down,loss,2,-0.5,118.98,long,1
ARM,PMH,2026-03-10,Gap Down,loss,2,-0.5,117.41,short,1
ARM,PML,2026-03-11,Flat,win,7,1.0,121.39,long,1
ARM,1H_Sup,2026-03-11,Flat,loss,26,-0.5,120.5,long,1
ARM,1H_Sup,2026-03-11,Flat,loss,17,-0.5,121.985,long,1
ARM,4H_Sup,2026-03-11,Flat,loss,26,-0.5,120.5,long,1
ARM,PMH,2026-03-11,Flat,loss,3,-0.5,121.4,short,1
ARM,PML,2026-03-12,Gap Down,loss,11,-0.5,118.755,long,1
ARM,1H_Sup,2026-03-13,Gap Up,timeout,60,0.08203091270183824,115.81,long,1
ARM,4H_Sup,2026-03-13,Gap Up,win,11,1.0,116.8599,long,1
ARM,PMH,2026-03-17,Gap Up,loss,2,-0.5,125.19,short,1
ARM,1H_Sup,2026-03-18,Flat,timeout,60,0.6655704330123002,127.71,long,1
ARM,PMH,2026-03-18,Flat,win,18,1.0,128.7229,short,1
ARM,PDH,2026-03-18,Flat,timeout,60,-0.08969659152950679,128.21,short,1
ARM,1H_Res,2026-03-18,Flat,loss,20,-0.5,127.51,short,1
ARM,4H_Res,2026-03-18,Flat,loss,9,-0.5,127.31,short,1
ARM,4H_Res,2026-03-18,Flat,loss,20,-0.5,127.51,short,1
ARM,1H_Sup,2026-03-19,Gap Down,loss,31,-0.5,128.54,long,1
ARM,4H_Sup,2026-03-19,Gap Down,loss,3,-0.5,130.68,long,1
ARM,PMH,2026-03-19,Gap Down,loss,29,-0.5,127.52,short,1
ARM,PDH,2026-03-19,Gap Down,timeout,51,0.4562358624391358,130.415,short,1
ARM,1H_Res,2026-03-19,Gap Down,loss,11,-0.5,128.2801,short,1
ARM,PMH,2026-03-20,Gap Up,win,18,1.0,136.655,short,1
ARM,PML,2026-03-24,Flat,loss,8,-0.5,136.54,long,1
ARM,PDL,2026-03-24,Flat,win,1,1.0,133.6733,long,1
ARM,1H_Sup,2026-03-24,Flat,loss,0,-0.5,140.41,long,1
ARM,4H_Sup,2026-03-24,Flat,loss,0,-0.5,140.41,long,1
ARM,PMH,2026-03-24,Flat,win,36,1.0,138.275,short,1
ARM,PDH,2026-03-24,Flat,win,20,1.0,138.6,short,1
ARM,1H_Sup,2026-03-26,Flat,loss,0,-0.5,161.17,long,1
ARM,4H_Sup,2026-03-26,Flat,loss,0,-0.5,161.17,long,1
ARM,4H_Sup,2026-03-26,Flat,loss,0,-0.5,161.17,long,1
ARM,4H_Sup,2026-03-26,Flat,loss,5,-0.5,162.54,long,1
ARM,PMH,2026-03-26,Flat,loss,8,-0.5,159.435,short,1
ARM,4H_Sup,2026-03-31,Gap Up,win,2,1.0,142.25,long,1
ARM,4H_Sup,2026-03-31,Gap Up,win,2,1.0,142.25,long,1
ARM,4H_Sup,2026-03-31,Gap Up,win,2,1.0,142.25,long,1
ARM,PDH,2026-03-31,Gap Up,loss,7,-0.5,145.36,short,1
ARM,PMH,2026-04-01,Gap Up,win,1,1.0,154.53,short,1
ARM,PML,2026-04-02,Gap Down,win,4,1.0,147.01,long,1
ARM,PMH,2026-04-02,Gap Down,loss,7,-0.5,150.44,short,1
ARM,PML,2026-04-07,Gap Down,loss,43,-0.5,142.59,long,1
ARM,PML,2026-04-08,Gap Up,loss,2,-0.5,150.71,long,1
ARM,PMH,2026-04-08,Gap Up,loss,1,-0.5,150.6,short,1
ARM,PML,2026-04-09,Flat,loss,1,-0.5,147.725,long,1
ARM,1H_Sup,2026-04-09,Flat,loss,5,-0.5,149.24,long,1
ARM,PMH,2026-04-09,Flat,win,31,1.0,148.86,short,1
ARM,PML,2026-04-10,Gap Up,loss,18,-0.5,150.29,long,1
ARM,1H_Sup,2026-04-10,Gap Up,loss,24,-0.5,150.17,long,1
ARM,4H_Sup,2026-04-10,Gap Up,loss,31,-0.5,150.8364,long,1
ARM,PMH,2026-04-10,Gap Up,win,8,1.0,152.545,short,1
ARM,PDH,2026-04-10,Gap Up,loss,57,-0.5,149.81,short,1
ARM,PML,2026-04-14,Gap Up,loss,1,-0.5,158.815,long,1
ARM,PMH,2026-04-14,Gap Up,win,2,1.0,162.3,short,1
ARM,PML,2026-04-15,Flat,loss,32,-0.5,160.35,long,1
ARM,PDL,2026-04-15,Flat,win,23,1.0,157.94,long,1
ARM,1H_Sup,2026-04-16,Flat,win,6,1.0,160.2629,long,1
ARM,4H_Sup,2026-04-16,Flat,win,3,1.0,160.78,long,1
ARM,PMH,2026-04-16,Flat,timeout,60,-0.09274717121128158,161.73,short,1
ARM,PDH,2026-04-16,Flat,loss,9,-0.5,161.185,short,1
ARM,4H_Sup,2026-04-17,Gap Up,loss,7,-0.5,165.595,long,1
ARM,4H_Sup,2026-04-17,Gap Up,loss,2,-0.5,166.54,long,1
ARM,4H_Sup,2026-04-17,Gap Up,loss,1,-0.5,166.105,long,1
ARM,PMH,2026-04-17,Gap Up,timeout,60,0.47784016246564504,167.42,short,1
ARM,PDH,2026-04-17,Gap Up,loss,2,-0.5,164.8,short,1
ARM,4H_Res,2026-04-17,Gap Up,loss,2,-0.5,164.8,short,1
ARM,PML,2026-04-21,Flat,win,1,1.0,175.9,long,1
ARM,1H_Sup,2026-04-21,Flat,loss,0,-0.5,177.45,long,1
ARM,4H_Sup,2026-04-21,Flat,win,1,1.0,175.9,long,1
ARM,PDH,2026-04-21,Flat,loss,12,-0.5,174.75,short,1
ARM,4H_Res,2026-04-21,Flat,loss,12,-0.5,174.75,short,1
ARM,PMH,2026-04-22,Gap Up,loss,7,-0.5,181.0401,short,1
ARM,PML,2026-04-23,Gap Down,win,1,1.0,193.97,long,1
ARM,1H_Sup,2026-04-23,Gap Down,win,1,1.0,193.97,long,1
ARM,1H_Sup,2026-04-23,Gap Down,win,3,1.0,198.8,long,1
ARM,4H_Sup,2026-04-23,Gap Down,win,3,1.0,198.8,long,1
ARM,1H_Res,2026-04-23,Gap Down,loss,0,-0.5,193.03,short,1
ARM,PMH,2026-04-24,Gap Up,win,3,1.0,221.5,short,1
ARM,PML,2026-04-28,Gap Down,win,4,1.0,196.39,long,1
ARM,PML,2026-04-29,Gap Up,loss,14,-0.5,201.16,long,1
ARM,PDL,2026-04-29,Gap Up,loss,8,-0.5,197.23,long,1
ARM,1H_Sup,2026-04-29,Gap Up,win,13,1.0,199.03,long,1
ARM,1H_Sup,2026-04-29,Gap Up,loss,1,-0.5,201.3,long,1
ARM,1H_Sup,2026-04-29,Gap Up,loss,1,-0.5,201.3,long,1
ARM,4H_Sup,2026-04-29,Gap Up,loss,3,-0.5,201.94,long,1
ARM,1H_Res,2026-04-29,Gap Up,win,0,1.0,199.9999,short,1
ARM,4H_Res,2026-04-29,Gap Up,win,0,1.0,199.9999,short,1
ARM,1H_Sup,2026-04-30,Gap Up,win,0,1.0,201.755,long,1
ARM,1H_Sup,2026-04-30,Gap Up,loss,0,-0.5,204.27,long,1
ARM,4H_Sup,2026-04-30,Gap Up,win,5,1.0,203.08,long,1
ARM,4H_Sup,2026-04-30,Gap Up,loss,0,-0.5,204.27,long,1
ARM,PMH,2026-04-30,Gap Up,win,1,1.0,206.9346,short,1
ARM,PDH,2026-04-30,Gap Up,loss,0,-0.5,200.8,short,1
ARM,1H_Res,2026-04-30,Gap Up,loss,0,-0.5,200.8,short,1
ARM,4H_Res,2026-04-30,Gap Up,loss,0,-0.5,200.8,short,1
ARM,PML,2026-05-01,Gap Down,loss,1,-0.5,209.0,long,1
ARM,1H_Sup,2026-05-01,Gap Down,loss,1,-0.5,213.07,long,1
ARM,PMH,2026-05-01,Gap Down,loss,2,-0.5,211.32,short,1
ARM,PDH,2026-05-01,Gap Down,win,3,1.0,214.75,short,1
ARM,1H_Sup,2026-05-05,Gap Up,loss,0,-0.5,206.115,long,1
ARM,PMH,2026-05-05,Gap Up,loss,4,-0.5,209.4,short,1
ARM,PML,2026-05-06,Gap Up,loss,2,-0.5,229.22,long,1
ARM,PMH,2026-05-06,Gap Up,loss,53,-0.5,237.4801,short,1
ARM,PML,2026-05-07,Gap Down,loss,2,-0.5,214.785,long,1
ARM,PDL,2026-05-07,Gap Down,win,0,1.0,226.515,long,1
ARM,PMH,2026-05-07,Gap Down,loss,0,-0.5,225.345,short,1
ARM,PML,2026-05-08,Gap Up,win,1,1.0,216.21,long,1
ARM,1H_Sup,2026-05-08,Gap Up,win,1,1.0,216.21,long,1
ARM,4H_Sup,2026-05-08,Gap Up,win,1,1.0,216.21,long,1
ARM,PMH,2026-05-08,Gap Up,loss,0,-0.5,216.115,short,1
ARM,1H_Res,2026-05-08,Gap Up,loss,0,-0.5,211.1395,short,1
ARM,PML,2026-05-12,Gap Down,win,3,1.0,210.09,long,1
ARM,PDL,2026-05-12,Gap Down,win,3,1.0,210.09,long,1
ARM,1H_Sup,2026-05-12,Gap Down,loss,3,-0.5,214.93,long,1
ARM,4H_Sup,2026-05-12,Gap Down,loss,0,-0.5,211.475,long,1
ARM,PMH,2026-05-12,Gap Down,loss,7,-0.5,208.3,short,1
ARM,PDH,2026-05-12,Gap Down,win,8,1.0,213.9701,short,1
ARM,1H_Sup,2026-05-13,Gap Up,win,6,1.0,209.815,long,1
ARM,4H_Sup,2026-05-13,Gap Up,win,6,1.0,209.815,long,1
ARM,PMH,2026-05-13,Gap Up,loss,1,-0.5,210.9,short,1
ARM,PDH,2026-05-13,Gap Up,loss,9,-0.5,215.535,short,1
ARM,1H_Sup,2026-05-14,Gap Down,loss,2,-0.5,222.73,long,1
ARM,4H_Sup,2026-05-14,Gap Down,loss,4,-0.5,216.89,long,1
ARM,PMH,2026-05-14,Gap Down,loss,17,-0.5,220.65,short,1
ARM,PDH,2026-05-14,Gap Down,win,3,1.0,221.89,short,1
ARM,4H_Res,2026-05-14,Gap Down,loss,17,-0.5,220.65,short,1
ARM,4H_Res,2026-05-14,Gap Down,win,3,1.0,221.89,short,1
ARM,PML,2026-05-15,Gap Down,loss,2,-0.5,215.83,long,1
ARM,PDL,2026-05-15,Gap Down,loss,1,-0.5,214.2729,long,1
ARM,PML,2026-05-19,Gap Down,win,1,1.0,213.535,long,1
ARM,1H_Sup,2026-05-19,Gap Down,win,1,1.0,213.535,long,1
ARM,1H_Sup,2026-05-19,Gap Down,loss,2,-0.5,215.2,long,1
ARM,4H_Sup,2026-05-19,Gap Down,win,3,1.0,207.81,long,1
ARM,4H_Sup,2026-05-19,Gap Down,loss,2,-0.5,215.2,long,1
ARM,PMH,2026-05-19,Gap Down,win,3,1.0,212.99,short,1
ARM,PDH,2026-05-19,Gap Down,win,3,1.0,213.36,short,1
ARM,1H_Res,2026-05-19,Gap Down,loss,0,-0.5,208.31,short,1
ARM,1H_Res,2026-05-19,Gap Down,win,5,1.0,209.38,short,1
ARM,1H_Res,2026-05-19,Gap Down,win,5,1.0,209.38,short,1
ARM,1H_Res,2026-05-19,Gap Down,win,3,1.0,212.055,short,1
ARM,1H_Res,2026-05-19,Gap Down,win,5,1.0,212.51,short,1
ARM,1H_Res,2026-05-19,Gap Down,win,3,1.0,213.36,short,1
ARM,4H_Res,2026-05-19,Gap Down,loss,0,-0.5,208.31,short,1
ARM,4H_Res,2026-05-19,Gap Down,win,5,1.0,209.38,short,1
ARM,4H_Res,2026-05-19,Gap Down,win,5,1.0,209.38,short,1
ARM,4H_Res,2026-05-19,Gap Down,win,3,1.0,212.055,short,1
ARM,4H_Res,2026-05-19,Gap Down,win,5,1.0,212.51,short,1
ARM,4H_Res,2026-05-19,Gap Down,win,3,1.0,213.36,short,1
ARM,1H_Sup,2026-05-20,Gap Up,win,0,1.0,233.0,long,1
ARM,PML,2026-05-22,Gap Down,loss,0,-0.5,294.24,long,1
ARM,1H_Sup,2026-05-22,Gap Down,loss,0,-0.5,295.3382,long,1
ARM,4H_Sup,2026-05-22,Gap Down,win,1,1.0,294.7136,long,1
ARM,PMH,2026-05-22,Gap Down,loss,1,-0.5,298.5,short,1
ARM,1H_Res,2026-05-22,Gap Down,loss,0,-0.5,289.39,short,1
ARM,1H_Res,2026-05-22,Gap Down,loss,1,-0.5,289.2,short,1
ARM,1H_Res,2026-05-22,Gap Down,loss,0,-0.5,296.26,short,1
ARM,1H_Res,2026-05-22,Gap Down,loss,0,-0.5,296.26,short,1
ARM,4H_Res,2026-05-22,Gap Down,loss,1,-0.5,289.2,short,1
ARM,4H_Res,2026-05-22,Gap Down,loss,0,-0.5,296.26,short,1
ARM,4H_Res,2026-05-22,Gap Down,loss,0,-0.5,296.26,short,1
ARM,PML,2026-05-27,Flat,loss,0,-0.5,319.71,long,1
ARM,PMH,2026-05-27,Flat,loss,0,-0.5,318.95,short,1
ARM,1H_Res,2026-05-27,Flat,loss,0,-0.5,320.0,short,1
ARM,PDH,2026-05-28,Gap Up,loss,2,-0.5,321.62,short,1
ARM,1H_Sup,2026-05-29,Gap Up,loss,0,-0.5,343.97,long,1
ARM,1H_Sup,2026-05-29,Gap Up,loss,0,-0.5,343.97,long,1
ARM,1H_Sup,2026-05-29,Gap Up,loss,0,-0.5,343.97,long,1
ARM,1H_Sup,2026-05-29,Gap Up,loss,0,-0.5,345.52,long,1
ARM,1H_Sup,2026-05-29,Gap Up,win,2,1.0,348.22,long,1
ARM,4H_Sup,2026-05-29,Gap Up,loss,0,-0.5,343.97,long,1
ARM,4H_Sup,2026-05-29,Gap Up,loss,0,-0.5,343.97,long,1
ARM,4H_Sup,2026-05-29,Gap Up,loss,2,-0.5,350.895,long,1
ARM,PDH,2026-05-29,Gap Up,win,6,1.0,346.68,short,1
ARM,1H_Res,2026-05-29,Gap Up,loss,6,-0.5,342.0,short,1
ARM,4H_Res,2026-05-29,Gap Up,win,6,1.0,346.68,short,1
ARM,PML,2026-06-02,Gap Down,win,5,1.0,401.73,long,1
ARM,1H_Sup,2026-06-02,Gap Down,loss,1,-0.5,414.09,long,1
ARM,4H_Sup,2026-06-02,Gap Down,win,3,1.0,407.97,long,1
ARM,4H_Sup,2026-06-02,Gap Down,loss,1,-0.5,419.729,long,1
ARM,4H_Sup,2026-06-02,Gap Down,win,12,1.0,420.53,long,1
ARM,PMH,2026-06-02,Gap Down,win,5,1.0,418.16,short,1
ARM,PDH,2026-06-02,Gap Down,win,5,1.0,418.16,short,1
ARM,4H_Res,2026-06-02,Gap Down,loss,3,-0.5,417.1001,short,1
ARM,PML,2026-06-03,Gap Up,loss,1,-0.5,397.87,long,1
ARM,PDL,2026-06-03,Gap Up,win,8,1.0,390.0,long,1
ARM,1H_Sup,2026-06-03,Gap Up,win,19,1.0,409.23,long,1
ARM,4H_Sup,2026-06-03,Gap Up,loss,10,-0.5,414.655,long,1
ARM,4H_Sup,2026-06-03,Gap Up,loss,3,-0.5,417.13,long,1
ARM,PMH,2026-06-03,Gap Up,timeout,60,-0.1470248727202076,411.495,short,1
ARM,4H_Res,2026-06-03,Gap Up,timeout,60,-0.1470248727202076,411.495,short,1
ARM,PML,2026-06-04,Gap Down,loss,0,-0.5,380.71,long,1
ARM,PDL,2026-06-04,Gap Down,win,4,1.0,376.0801,long,1
ARM,PMH,2026-06-04,Gap Down,timeout,60,0.8382145021207819,396.08,short,1
ARM,1H_Sup,2026-06-09,Gap Up,loss,4,-0.5,351.715,long,1
ARM,PMH,2026-06-09,Gap Up,win,0,1.0,351.63,short,1
ARM,1H_Res,2026-06-09,Gap Up,loss,2,-0.5,345.75,short,1
ARM,4H_Res,2026-06-09,Gap Up,win,5,1.0,347.6875,short,1
ARM,PML,2026-06-10,Gap Down,win,4,1.0,310.2201,long,1
ARM,1H_Sup,2026-06-10,Gap Down,win,0,1.0,317.1404,long,1
ARM,1H_Sup,2026-06-10,Gap Down,win,1,1.0,319.46,long,1
ARM,1H_Sup,2026-06-10,Gap Down,loss,0,-0.5,327.515,long,1
ARM,4H_Sup,2026-06-10,Gap Down,win,11,1.0,305.07,long,1
ARM,4H_Sup,2026-06-10,Gap Down,loss,10,-0.5,311.615,long,1
ARM,4H_Sup,2026-06-10,Gap Down,loss,3,-0.5,312.2291,long,1
ARM,4H_Sup,2026-06-10,Gap Down,win,0,1.0,317.1404,long,1
ARM,4H_Sup,2026-06-10,Gap Down,win,0,1.0,317.1404,long,1
ARM,4H_Sup,2026-06-10,Gap Down,loss,0,-0.5,325.045,long,1
ARM,PMH,2026-06-10,Gap Down,win,0,1.0,323.2,short,1
ARM,1H_Res,2026-06-10,Gap Down,loss,4,-0.5,317.97,short,1
ARM,1H_Res,2026-06-10,Gap Down,loss,0,-0.5,318.9358,short,1
ARM,1H_Res,2026-06-10,Gap Down,loss,0,-0.5,320.3999,short,1
ARM,4H_Res,2026-06-10,Gap Down,loss,35,-0.5,306.3714,short,1
ARM,4H_Res,2026-06-10,Gap Down,loss,0,-0.5,310.15,short,1
ARM,4H_Res,2026-06-10,Gap Down,win,4,1.0,314.81,short,1
ARM,4H_Res,2026-06-10,Gap Down,loss,0,-0.5,320.3999,short,1
ARM,4H_Res,2026-06-10,Gap Down,win,0,1.0,323.2,short,1
ARM,PDH,2026-06-11,Gap Up,loss,0,-0.5,329.82,short,1
APP,PML,2025-12-16,Gap Down,win,9,1.0,670.74,long,1
APP,1H_Sup,2025-12-16,Gap Down,loss,11,-0.5,677.6517,long,1
APP,4H_Sup,2025-12-16,Gap Down,loss,11,-0.5,677.6517,long,1
APP,PMH,2025-12-16,Gap Down,loss,2,-0.5,676.91,short,1
APP,1H_Res,2025-12-16,Gap Down,win,8,1.0,674.59,short,1
APP,PML,2025-12-17,Gap Up,loss,1,-0.5,679.815,long,1
APP,1H_Sup,2025-12-17,Gap Up,loss,3,-0.5,680.74,long,1
APP,4H_Sup,2025-12-17,Gap Up,win,8,1.0,670.455,long,1
APP,PMH,2025-12-17,Gap Up,win,8,1.0,684.1,short,1
APP,PDH,2025-12-17,Gap Up,win,4,1.0,680.74,short,1
APP,4H_Res,2025-12-17,Gap Up,loss,7,-0.5,672.5736,short,1
APP,4H_Res,2025-12-17,Gap Up,loss,1,-0.5,674.8,short,1
APP,4H_Sup,2025-12-18,Gap Up,win,3,1.0,687.5,long,1
APP,PDH,2025-12-18,Gap Up,loss,12,-0.5,685.2978,short,1
APP,4H_Sup,2025-12-19,Gap Up,loss,0,-0.5,717.0,long,1
APP,PML,2025-12-23,Gap Down,loss,0,-0.5,731.27,long,1
APP,PDL,2025-12-23,Gap Down,loss,2,-0.5,729.8749,long,1
APP,PMH,2025-12-23,Gap Down,win,15,1.0,729.04,short,1
APP,PDH,2025-12-23,Gap Down,win,16,1.0,729.58,short,1
APP,PML,2025-12-24,Flat,loss,0,-0.5,733.355,long,1
APP,1H_Sup,2025-12-24,Flat,loss,3,-0.5,732.155,long,1
APP,4H_Sup,2025-12-24,Flat,loss,3,-0.5,732.155,long,1
APP,PMH,2025-12-24,Flat,loss,2,-0.5,726.38,short,1
APP,PML,2025-12-30,Flat,timeout,60,-0.11542708019672072,697.41,long,1
APP,PMH,2025-12-30,Flat,win,8,1.0,694.435,short,1
APP,PDL,2025-12-31,Gap Up,timeout,60,0.19599699811289534,686.235,long,1
APP,1H_Sup,2025-12-31,Gap Up,loss,51,-0.5,688.57,long,1
APP,4H_Sup,2025-12-31,Gap Up,loss,51,-0.5,688.57,long,1
APP,PMH,2025-12-31,Gap Up,win,11,1.0,691.66,short,1
APP,PDH,2025-12-31,Gap Up,win,7,1.0,695.145,short,1
APP,4H_Res,2025-12-31,Gap Up,win,7,1.0,695.145,short,1
APP,PDL,2026-01-06,Flat,loss,11,-0.5,606.135,long,1
APP,PML,2026-01-07,Flat,win,60,1.0,614.02,long,1
APP,1H_Sup,2026-01-07,Flat,win,11,1.0,620.24,long,1
APP,4H_Sup,2026-01-07,Flat,win,27,1.0,623.36,long,1
APP,PMH,2026-01-07,Flat,loss,0,-0.5,612.5,short,1
APP,PDH,2026-01-07,Flat,loss,19,-0.5,630.98,short,1
APP,PML,2026-01-08,Gap Down,timeout,60,0.8376250666195321,619.0001,long,1
APP,PDL,2026-01-08,Gap Down,win,16,1.0,611.965,long,1
APP,PMH,2026-01-08,Gap Down,win,4,1.0,624.6,short,1
APP,PML,2026-01-09,Flat,win,4,1.0,620.0,long,1
APP,4H_Sup,2026-01-09,Flat,win,4,1.0,620.0,long,1
APP,PMH,2026-01-09,Flat,loss,0,-0.5,618.54,short,1
APP,1H_Res,2026-01-09,Flat,loss,5,-0.5,620.84,short,1
APP,4H_Res,2026-01-09,Flat,loss,4,-0.5,622.17,short,1
APP,PML,2026-01-13,Gap Down,win,12,1.0,655.0001,long,1
APP,1H_Sup,2026-01-13,Gap Down,win,51,1.0,666.79,long,1
APP,4H_Sup,2026-01-13,Gap Down,win,10,1.0,650.98,long,1
APP,PMH,2026-01-13,Gap Down,loss,0,-0.5,656.79,short,1
APP,PDH,2026-01-13,Gap Down,loss,16,-0.5,661.76,short,1
APP,4H_Res,2026-01-13,Gap Down,loss,1,-0.5,645.585,short,1
APP,4H_Res,2026-01-13,Gap Down,loss,3,-0.5,646.48,short,1
APP,4H_Res,2026-01-13,Gap Down,loss,33,-0.5,660.95,short,1
APP,PMH,2026-01-14,Gap Up,win,0,1.0,660.9999,short,1
APP,PML,2026-01-15,Gap Up,loss,9,-0.5,616.475,long,1
APP,4H_Sup,2026-01-15,Gap Up,loss,46,-0.5,611.25,long,1
APP,PMH,2026-01-15,Gap Up,win,6,1.0,620.57,short,1
APP,4H_Res,2026-01-15,Gap Up,loss,26,-0.5,608.675,short,1
APP,4H_Res,2026-01-15,Gap Up,loss,1,-0.5,615.0,short,1
APP,PDL,2026-01-16,Gap Up,loss,2,-0.5,602.66,long,1
APP,1H_Res,2026-01-16,Gap Up,win,9,1.0,602.765,short,1
APP,PDL,2026-01-21,Gap Down,timeout,60,0.5912287038821944,534.311,long,1
APP,PDL,2026-01-22,Gap Up,loss,2,-0.5,532.8444,long,1
APP,PML,2026-01-23,Flat,loss,2,-0.5,518.68,long,1
APP,PDL,2026-01-23,Flat,loss,1,-0.5,516.8,long,1
APP,1H_Sup,2026-01-23,Flat,win,27,1.0,525.3299,long,1
APP,4H_Sup,2026-01-23,Flat,loss,1,-0.5,518.155,long,1
APP,4H_Sup,2026-01-23,Flat,win,10,1.0,527.125,long,1
APP,PMH,2026-01-23,Flat,timeout,52,-0.23031125467071742,523.205,short,1
APP,PML,2026-01-27,Gap Up,win,7,1.0,540.7699,long,1
APP,4H_Sup,2026-01-27,Gap Up,win,5,1.0,540.0,long,1
APP,4H_Sup,2026-01-27,Gap Up,win,12,1.0,545.95,long,1
APP,PMH,2026-01-27,Gap Up,win,1,1.0,541.7299,short,1
APP,4H_Res,2026-01-27,Gap Up,loss,1,-0.5,537.685,short,1
APP,4H_Res,2026-01-27,Gap Up,loss,1,-0.5,537.685,short,1
APP,PML,2026-01-28,Gap Up,loss,3,-0.5,548.48,long,1
APP,1H_Sup,2026-01-28,Gap Up,loss,3,-0.5,548.48,long,1
APP,4H_Sup,2026-01-28,Gap Up,loss,3,-0.5,548.48,long,1
APP,PMH,2026-01-28,Gap Up,timeout,60,0.31576806936885304,551.2907,short,1
APP,PDH,2026-01-28,Gap Up,timeout,60,0.8987547374120228,554.1,short,1
APP,PML,2026-01-29,Gap Up,loss,5,-0.5,552.971,long,1
APP,4H_Sup,2026-01-29,Gap Up,loss,0,-0.5,560.87,long,1
APP,PMH,2026-01-29,Gap Up,win,5,1.0,551.585,short,1
APP,PDH,2026-01-29,Gap Up,win,7,1.0,556.435,short,1
APP,PML,2026-01-30,Gap Down,loss,0,-0.5,556.09,long,1
APP,4H_Sup,2026-01-30,Gap Down,loss,0,-0.5,556.09,long,1
APP,4H_Res,2026-01-30,Gap Down,win,9,1.0,551.113,short,1
APP,4H_Res,2026-01-30,Gap Down,loss,2,-0.5,554.5,short,1
APP,PML,2026-02-04,Gap Down,loss,0,-0.5,400.86,long,1
APP,PML,2026-02-05,Flat,loss,0,-0.5,387.0,long,1
APP,PDL,2026-02-05,Flat,loss,0,-0.5,384.6399,long,1
APP,4H_Sup,2026-02-05,Flat,loss,0,-0.5,384.6399,long,1
APP,4H_Sup,2026-02-05,Flat,loss,5,-0.5,386.21,long,1
APP,4H_Sup,2026-02-06,Gap Up,win,1,1.0,381.665,long,1
APP,PMH,2026-02-06,Gap Up,loss,4,-0.5,394.72,short,1
APP,PDH,2026-02-06,Gap Up,win,7,1.0,385.81,short,1
APP,4H_Res,2026-02-06,Gap Up,loss,2,-0.5,381.7096,short,1
APP,4H_Res,2026-02-06,Gap Up,loss,3,-0.5,382.1601,short,1
APP,4H_Res,2026-02-06,Gap Up,loss,3,-0.5,382.1601,short,1
APP,PML,2026-02-10,Gap Up,loss,0,-0.5,477.58,long,1
APP,1H_Sup,2026-02-10,Gap Up,loss,0,-0.5,469.25,long,1
APP,4H_Sup,2026-02-10,Gap Up,loss,0,-0.5,473.36,long,1
APP,PMH,2026-02-10,Gap Up,loss,0,-0.5,472.87,short,1
APP,PDH,2026-02-10,Gap Up,loss,3,-0.5,464.68,short,1
APP,4H_Res,2026-02-10,Gap Up,loss,3,-0.5,464.68,short,1
APP,PML,2026-02-11,Gap Down,loss,1,-0.5,446.5499,long,1
APP,PDL,2026-02-11,Gap Down,win,0,1.0,465.48,long,1
APP,PDL,2026-02-13,Flat,loss,0,-0.5,369.94,long,1
APP,1H_Sup,2026-02-13,Flat,loss,3,-0.5,371.12,long,1
APP,1H_Sup,2026-02-13,Flat,loss,3,-0.5,371.12,long,1
APP,1H_Sup,2026-02-13,Flat,loss,0,-0.5,370.91,long,1
APP,4H_Sup,2026-02-13,Flat,loss,0,-0.5,369.94,long,1
APP,4H_Sup,2026-02-13,Flat,loss,3,-0.5,371.12,long,1
APP,4H_Sup,2026-02-13,Flat,loss,3,-0.5,371.12,long,1
APP,4H_Sup,2026-02-13,Flat,loss,2,-0.5,378.385,long,1
APP,PMH,2026-02-13,Flat,loss,2,-0.5,368.88,short,1
APP,1H_Res,2026-02-13,Flat,loss,0,-0.5,359.01,short,1
APP,1H_Res,2026-02-13,Flat,loss,2,-0.5,368.88,short,1
APP,1H_Res,2026-02-13,Flat,loss,3,-0.5,371.8,short,1
APP,4H_Res,2026-02-13,Flat,loss,0,-0.5,375.635,short,1
APP,PML,2026-02-18,Gap Up,win,3,1.0,380.0,long,1
APP,1H_Sup,2026-02-18,Gap Up,win,3,1.0,380.0,long,1
APP,1H_Sup,2026-02-18,Gap Up,win,1,1.0,382.62,long,1
APP,1H_Sup,2026-02-18,Gap Up,win,1,1.0,384.37,long,1
APP,1H_Res,2026-02-18,Gap Up,loss,3,-0.5,376.7577,short,1
APP,PML,2026-02-19,Gap Down,win,1,1.0,401.585,long,1
APP,1H_Sup,2026-02-19,Gap Down,win,3,1.0,402.79,long,1
APP,4H_Sup,2026-02-19,Gap Down,loss,10,-0.5,410.165,long,1
APP,PMH,2026-02-19,Gap Down,loss,0,-0.5,408.51,short,1
APP,PDH,2026-02-19,Gap Down,loss,1,-0.5,403.845,short,1
APP,1H_Res,2026-02-19,Gap Down,loss,14,-0.5,403.875,short,1
APP,1H_Res,2026-02-19,Gap Down,loss,0,-0.5,404.35,short,1
APP,PML,2026-02-20,Gap Up,loss,0,-0.5,421.995,long,1
APP,PML,2026-02-24,Gap Up,loss,0,-0.5,378.0,long,1
APP,PDL,2026-02-24,Gap Up,loss,0,-0.5,378.0,long,1
APP,1H_Sup,2026-02-24,Gap Up,loss,3,-0.5,384.21,long,1
APP,4H_Sup,2026-02-24,Gap Up,loss,2,-0.5,384.17,long,1
APP,PMH,2026-02-24,Gap Up,loss,26,-0.5,382.05,short,1
APP,1H_Sup,2026-02-25,Flat,loss,1,-0.5,398.145,long,1
APP,PDH,2026-02-25,Flat,loss,1,-0.5,396.0,short,1
APP,4H_Res,2026-02-25,Flat,loss,1,-0.5,396.0,short,1
APP,1H_Sup,2026-02-26,Flat,loss,0,-0.5,423.775,long,1
APP,1H_Sup,2026-02-26,Flat,win,1,1.0,426.787,long,1
APP,4H_Sup,2026-02-26,Flat,loss,2,-0.5,430.345,long,1
APP,PMH,2026-02-26,Flat,loss,0,-0.5,420.48,short,1
APP,PDH,2026-02-26,Flat,loss,0,-0.5,418.6,short,1
APP,1H_Res,2026-02-26,Flat,loss,0,-0.5,420.48,short,1
APP,1H_Sup,2026-02-27,Gap Down,loss,0,-0.5,446.53,long,1
APP,PMH,2026-02-27,Gap Down,win,23,1.0,442.625,short,1
APP,PDH,2026-02-27,Gap Down,win,31,1.0,443.39,short,1
APP,PML,2026-03-03,Gap Down,loss,0,-0.5,415.91,long,1
APP,PDL,2026-03-03,Gap Down,win,5,1.0,412.21,long,1
APP,1H_Sup,2026-03-03,Gap Down,win,40,1.0,430.385,long,1
APP,1H_Sup,2026-03-03,Gap Down,loss,7,-0.5,435.04,long,1
APP,4H_Sup,2026-03-03,Gap Down,win,27,1.0,438.87,long,1
APP,PMH,2026-03-05,Flat,loss,2,-0.5,493.51,short,1
APP,1H_Sup,2026-03-06,Flat,loss,5,-0.5,500.42,long,1
APP,4H_Sup,2026-03-06,Flat,loss,5,-0.5,504.76,long,1
APP,1H_Res,2026-03-06,Flat,loss,1,-0.5,497.99,short,1
APP,1H_Res,2026-03-06,Flat,loss,3,-0.5,506.8397,short,1
APP,4H_Res,2026-03-06,Flat,loss,1,-0.5,497.99,short,1
APP,4H_Res,2026-03-06,Flat,loss,3,-0.5,506.8397,short,1
APP,PDL,2026-03-10,Gap Down,loss,6,-0.5,496.11,long,1
APP,1H_Res,2026-03-10,Gap Down,win,12,1.0,503.22,short,1
APP,1H_Res,2026-03-10,Gap Down,loss,4,-0.5,507.61,short,1
APP,PML,2026-03-11,Gap Up,win,3,1.0,473.67,long,1
APP,PDL,2026-03-11,Gap Up,win,3,1.0,476.73,long,1
APP,1H_Sup,2026-03-11,Gap Up,loss,7,-0.5,477.53,long,1
APP,PMH,2026-03-11,Gap Up,loss,1,-0.5,471.51,short,1
APP,1H_Res,2026-03-11,Gap Up,loss,1,-0.5,471.51,short,1
APP,1H_Res,2026-03-11,Gap Up,loss,1,-0.5,471.51,short,1
APP,4H_Res,2026-03-11,Gap Up,loss,1,-0.5,471.51,short,1
APP,PML,2026-03-12,Flat,loss,3,-0.5,457.24,long,1
APP,PDL,2026-03-12,Flat,loss,1,-0.5,459.655,long,1
APP,1H_Sup,2026-03-12,Flat,loss,7,-0.5,466.345,long,1
APP,1H_Res,2026-03-12,Flat,loss,2,-0.5,455.995,short,1
APP,PML,2026-03-13,Flat,win,0,1.0,447.25,long,1
APP,PDL,2026-03-13,Flat,win,1,1.0,453.7,long,1
APP,1H_Sup,2026-03-13,Flat,loss,0,-0.5,457.99,long,1
APP,4H_Sup,2026-03-13,Flat,loss,0,-0.5,460.51,long,1
APP,PMH,2026-03-13,Flat,loss,3,-0.5,448.79,short,1
APP,4H_Res,2026-03-13,Flat,loss,6,-0.5,459.82,short,1
APP,1H_Sup,2026-03-17,Flat,win,1,1.0,458.6,long,1
APP,4H_Sup,2026-03-17,Flat,loss,1,-0.5,453.06,long,1
APP,PDH,2026-03-17,Flat,loss,0,-0.5,463.5825,short,1
APP,PML,2026-03-18,Gap Down,win,8,1.0,463.0101,long,1
APP,PDL,2026-03-18,Gap Down,loss,15,-0.5,448.89,long,1
APP,1H_Sup,2026-03-18,Gap Down,win,7,1.0,463.83,long,1
APP,4H_Sup,2026-03-18,Gap Down,loss,1,-0.5,464.41,long,1
APP,PMH,2026-03-18,Gap Down,loss,4,-0.5,463.68,short,1
APP,PDH,2026-03-18,Gap Down,win,24,1.0,468.455,short,1
APP,1H_Res,2026-03-18,Gap Down,loss,19,-0.5,460.39,short,1
APP,4H_Res,2026-03-18,Gap Down,win,13,1.0,465.91,short,1
APP,PML,2026-03-19,Gap Down,loss,0,-0.5,428.555,long,1
APP,PML,2026-03-20,Gap Down,win,13,1.0,434.35,long,1
APP,1H_Sup,2026-03-20,Gap Down,loss,3,-0.5,441.79,long,1
APP,4H_Sup,2026-03-20,Gap Down,loss,10,-0.5,439.45,long,1
APP,4H_Sup,2026-03-20,Gap Down,loss,3,-0.5,441.79,long,1
APP,PMH,2026-03-20,Gap Down,loss,35,-0.5,437.81,short,1
APP,PDH,2026-03-20,Gap Down,loss,35,-0.5,437.81,short,1
APP,PML,2026-03-24,Gap Down,loss,0,-0.5,456.37,long,1
APP,4H_Sup,2026-03-24,Gap Down,loss,0,-0.5,456.37,long,1
APP,PML,2026-03-25,Gap Up,loss,8,-0.5,441.4412,long,1
APP,1H_Sup,2026-03-25,Gap Up,loss,8,-0.5,434.66,long,1
APP,1H_Sup,2026-03-25,Gap Up,loss,8,-0.5,441.4412,long,1
APP,4H_Sup,2026-03-25,Gap Up,win,39,1.0,431.6853,long,1
APP,PMH,2026-03-25,Gap Up,win,16,1.0,442.365,short,1
APP,1H_Res,2026-03-25,Gap Up,loss,0,-0.5,437.605,short,1
APP,4H_Res,2026-03-25,Gap Up,win,5,1.0,435.345,short,1
APP,PML,2026-03-26,Gap Down,loss,1,-0.5,403.72,long,1
APP,PML,2026-03-27,Flat,loss,7,-0.5,382.91,long,1
APP,PDL,2026-03-27,Flat,loss,0,-0.5,393.535,long,1
APP,1H_Sup,2026-03-27,Flat,loss,1,-0.5,397.11,long,1
APP,PML,2026-03-31,Gap Up,loss,3,-0.5,377.86,long,1
APP,4H_Sup,2026-03-31,Gap Up,loss,3,-0.5,377.86,long,1
APP,4H_Sup,2026-03-31,Gap Up,win,13,1.0,382.89,long,1
APP,PMH,2026-03-31,Gap Up,loss,2,-0.5,379.88,short,1
APP,PML,2026-04-01,Gap Up,loss,1,-0.5,402.115,long,1
APP,1H_Sup,2026-04-01,Gap Up,timeout,60,0.2430379746835391,395.0,long,1
APP,1H_Sup,2026-04-01,Gap Up,loss,3,-0.5,400.37,long,1
APP,4H_Sup,2026-04-01,Gap Up,win,7,1.0,387.485,long,1
APP,PDH,2026-04-01,Gap Up,win,3,1.0,396.3639,short,1
APP,4H_Res,2026-04-01,Gap Up,loss,0,-0.5,385.34,short,1
APP,4H_Res,2026-04-01,Gap Up,win,2,1.0,395.49,short,1
APP,4H_Res,2026-04-01,Gap Up,win,2,1.0,395.49,short,1
APP,PML,2026-04-02,Gap Down,win,11,1.0,375.0,long,1
APP,PDL,2026-04-02,Gap Down,loss,0,-0.5,391.8889,long,1
APP,1H_Sup,2026-04-02,Gap Down,loss,1,-0.5,392.93,long,1
APP,PMH,2026-04-02,Gap Down,loss,5,-0.5,378.17,short,1
APP,PML,2026-04-07,Gap Down,win,26,1.0,406.46,long,1
APP,1H_Sup,2026-04-07,Gap Down,loss,1,-0.5,414.49,long,1
APP,4H_Sup,2026-04-07,Gap Down,win,25,1.0,407.715,long,1
APP,PMH,2026-04-07,Gap Down,win,12,1.0,411.71,short,1
APP,PDH,2026-04-07,Gap Down,win,6,1.0,412.32,short,1
APP,4H_Res,2026-04-07,Gap Down,win,6,1.0,412.32,short,1
APP,PDL,2026-04-08,Gap Up,loss,11,-0.5,400.23,long,1
APP,1H_Sup,2026-04-08,Gap Up,win,12,1.0,411.01,long,1
APP,PMH,2026-04-08,Gap Up,win,2,1.0,438.15,short,1
APP,PDH,2026-04-08,Gap Up,win,5,1.0,413.6034,short,1
APP,1H_Res,2026-04-08,Gap Up,win,16,1.0,410.28,short,1
APP,PML,2026-04-09,Gap Up,loss,1,-0.5,396.335,long,1
APP,PDL,2026-04-09,Gap Up,loss,8,-0.5,384.23,long,1
APP,1H_Sup,2026-04-09,Gap Up,loss,8,-0.5,384.23,long,1
APP,1H_Sup,2026-04-09,Gap Up,loss,0,-0.5,397.295,long,1
APP,4H_Sup,2026-04-09,Gap Up,loss,8,-0.5,384.23,long,1
APP,4H_Sup,2026-04-09,Gap Up,loss,1,-0.5,396.335,long,1
APP,4H_Sup,2026-04-09,Gap Up,loss,0,-0.5,395.32,long,1
APP,1H_Res,2026-04-09,Gap Up,win,1,1.0,388.34,short,1
APP,4H_Res,2026-04-09,Gap Up,win,1,1.0,382.235,short,1
APP,4H_Res,2026-04-09,Gap Up,win,1,1.0,388.34,short,1
APP,PML,2026-04-10,Gap Down,loss,0,-0.5,381.67,long,1
APP,PDL,2026-04-10,Gap Down,win,3,1.0,371.46,long,1
APP,1H_Sup,2026-04-10,Gap Down,loss,0,-0.5,381.67,long,1
APP,4H_Sup,2026-04-10,Gap Down,timeout,60,0.5459650582362788,384.64,long,1
APP,4H_Sup,2026-04-10,Gap Down,loss,0,-0.5,386.31,long,1
APP,PMH,2026-04-10,Gap Down,win,0,1.0,377.83,short,1
APP,1H_Res,2026-04-10,Gap Down,win,0,1.0,372.065,short,1
APP,4H_Res,2026-04-10,Gap Down,loss,1,-0.5,383.84,short,1
APP,PMH,2026-04-14,Gap Up,loss,3,-0.5,429.875,short,1
APP,4H_Sup,2026-04-15,Gap Up,win,3,1.0,443.31,long,1
APP,PMH,2026-04-15,Gap Up,loss,0,-0.5,434.18,short,1
APP,PML,2026-04-16,Gap Up,loss,5,-0.5,473.84,long,1
APP,1H_Sup,2026-04-16,Gap Up,loss,1,-0.5,467.75,long,1
APP,4H_Sup,2026-04-16,Gap Up,loss,1,-0.5,467.75,long,1
APP,PMH,2026-04-16,Gap Up,loss,1,-0.5,475.605,short,1
APP,PDH,2026-04-16,Gap Up,loss,1,-0.5,462.43,short,1
APP,4H_Sup,2026-04-17,Gap Up,loss,2,-0.5,482.0067,long,1
APP,PMH,2026-04-17,Gap Up,loss,3,-0.5,475.7986,short,1
APP,4H_Res,2026-04-17,Gap Up,loss,2,-0.5,472.775,short,1
APP,4H_Sup,2026-04-21,Flat,loss,0,-0.5,486.32,long,1
APP,PDH,2026-04-21,Flat,win,0,1.0,486.97,short,1
APP,4H_Res,2026-04-21,Flat,win,0,1.0,486.97,short,1
APP,PML,2026-04-22,Gap Up,loss,2,-0.5,479.63,long,1
APP,PDL,2026-04-22,Gap Up,loss,12,-0.5,479.27,long,1
APP,1H_Sup,2026-04-22,Gap Up,loss,12,-0.5,479.27,long,1
APP,1H_Sup,2026-04-22,Gap Up,loss,3,-0.5,484.275,long,1
APP,PMH,2026-04-22,Gap Up,win,0,1.0,480.0,short,1
APP,1H_Res,2026-04-22,Gap Up,loss,2,-0.5,471.945,short,1
APP,PDL,2026-04-24,Flat,win,13,1.0,443.91,long,1
APP,4H_Sup,2026-04-24,Flat,win,13,1.0,443.91,long,1
APP,4H_Sup,2026-04-24,Flat,win,12,1.0,444.94,long,1
APP,4H_Sup,2026-04-24,Flat,loss,5,-0.5,447.315,long,1
APP,PML,2026-04-28,Gap Down,win,0,1.0,452.245,long,1
APP,PDL,2026-04-28,Gap Down,timeout,60,0.2660473925100911,443.53,long,1
APP,1H_Sup,2026-04-28,Gap Down,loss,1,-0.5,462.498,long,1
APP,4H_Sup,2026-04-28,Gap Down,loss,0,-0.5,462.01,long,1
APP,PMH,2026-04-28,Gap Down,win,6,1.0,457.41,short,1
APP,PDH,2026-04-28,Gap Down,loss,1,-0.5,459.6767,short,1
APP,1H_Res,2026-04-28,Gap Down,win,20,1.0,453.845,short,1
APP,1H_Res,2026-04-28,Gap Down,win,6,1.0,457.41,short,1
APP,1H_Res,2026-04-28,Gap Down,win,6,1.0,458.74,short,1
APP,4H_Res,2026-04-28,Gap Down,win,6,1.0,458.74,short,1
APP,PML,2026-04-30,Flat,win,28,1.0,437.09,long,1
APP,1H_Sup,2026-04-30,Flat,loss,0,-0.5,447.6,long,1
APP,4H_Sup,2026-04-30,Flat,loss,0,-0.5,447.6,long,1
APP,PMH,2026-04-30,Flat,win,4,1.0,444.49,short,1
APP,PDH,2026-04-30,Flat,timeout,60,0.6027862118235374,447.92,short,1
APP,PMH,2026-05-01,Gap Up,loss,0,-0.5,454.53,short,1
APP,PML,2026-05-05,Gap Up,timeout,60,0.07816000917077441,479.785,long,1
APP,1H_Sup,2026-05-05,Gap Up,loss,1,-0.5,479.16,long,1
APP,4H_Sup,2026-05-05,Gap Up,loss,1,-0.5,479.16,long,1
APP,PDH,2026-05-05,Gap Up,timeout,60,0.5673935101778818,482.91,short,1
APP,PML,2026-05-07,Gap Down,win,0,1.0,458.55,long,1
APP,PDL,2026-05-07,Gap Down,loss,0,-0.5,466.98,long,1
APP,1H_Sup,2026-05-07,Gap Down,loss,1,-0.5,474.9299,long,1
APP,4H_Sup,2026-05-07,Gap Down,loss,0,-0.5,466.98,long,1
APP,4H_Sup,2026-05-07,Gap Down,loss,0,-0.5,466.98,long,1
APP,4H_Sup,2026-05-07,Gap Down,loss,1,-0.5,474.9299,long,1
APP,PMH,2026-05-12,Gap Up,loss,6,-0.5,479.63,short,1
APP,PML,2026-05-14,Flat,loss,4,-0.5,457.82,long,1
APP,PDL,2026-05-14,Flat,win,0,1.0,455.035,long,1
APP,1H_Sup,2026-05-14,Flat,loss,2,-0.5,458.575,long,1
APP,1H_Sup,2026-05-14,Flat,loss,2,-0.5,458.575,long,1
APP,1H_Sup,2026-05-14,Flat,loss,2,-0.5,458.575,long,1
APP,1H_Sup,2026-05-14,Flat,loss,4,-0.5,463.45,long,1
APP,1H_Sup,2026-05-14,Flat,win,10,1.0,466.42,long,1
APP,4H_Sup,2026-05-14,Flat,loss,2,-0.5,458.575,long,1
APP,4H_Sup,2026-05-14,Flat,win,18,1.0,468.13,long,1
APP,PMH,2026-05-14,Flat,loss,9,-0.5,457.78,short,1
APP,PDH,2026-05-14,Flat,win,8,1.0,485.84,short,1
APP,1H_Sup,2026-05-15,Gap Down,win,1,1.0,493.74,long,1
APP,4H_Sup,2026-05-15,Gap Down,win,2,1.0,482.11,long,1
APP,4H_Sup,2026-05-15,Gap Down,win,1,1.0,493.74,long,1
APP,PDH,2026-05-15,Gap Down,win,0,1.0,484.1784,short,1
APP,PML,2026-05-19,Gap Up,loss,0,-0.5,491.0,long,1
APP,PDL,2026-05-19,Gap Up,loss,2,-0.5,489.905,long,1
APP,1H_Sup,2026-05-19,Gap Up,loss,6,-0.5,495.585,long,1
APP,4H_Sup,2026-05-19,Gap Up,loss,6,-0.5,495.585,long,1
APP,PMH,2026-05-19,Gap Up,win,1,1.0,498.79,short,1
APP,4H_Res,2026-05-19,Gap Up,loss,2,-0.5,484.65,short,1
APP,PML,2026-05-20,Flat,loss,9,-0.5,474.1901,long,1
APP,PDL,2026-05-20,Flat,win,21,1.0,474.54,long,1
APP,1H_Sup,2026-05-20,Flat,timeout,60,0.1710471422611702,479.4,long,1
APP,4H_Sup,2026-05-20,Flat,timeout,18,0.05389829805758637,482.39,long,1
APP,PMH,2026-05-20,Flat,loss,34,-0.5,479.2,short,1
APP,PML,2026-05-21,Gap Down,win,5,1.0,480.4299,long,1
APP,1H_Sup,2026-05-21,Gap Down,win,5,1.0,480.4299,long,1
APP,1H_Sup,2026-05-21,Gap Down,win,2,1.0,490.025,long,1
APP,PMH,2026-05-21,Gap Down,win,1,1.0,480.1,short,1
APP,PDH,2026-05-21,Gap Down,win,1,1.0,480.1,short,1
APP,4H_Res,2026-05-21,Gap Down,win,1,1.0,480.1,short,1
APP,PML,2026-05-22,Flat,loss,1,-0.5,488.945,long,1
APP,1H_Sup,2026-05-22,Flat,loss,5,-0.5,491.935,long,1
APP,4H_Sup,2026-05-22,Flat,timeout,60,0.2296481887462138,478.95,long,1
APP,4H_Sup,2026-05-22,Flat,win,39,1.0,482.035,long,1
APP,PMH,2026-05-22,Flat,loss,3,-0.5,485.7,short,1
APP,4H_Sup,2026-05-27,Gap Up,loss,0,-0.5,526.59,long,1
APP,PMH,2026-05-27,Gap Up,loss,0,-0.5,515.895,short,1
APP,1H_Sup,2026-05-28,Gap Down,win,4,1.0,577.81,long,1
APP,4H_Sup,2026-05-28,Gap Down,loss,1,-0.5,584.05,long,1
APP,PMH,2026-05-28,Gap Down,win,7,1.0,571.2,short,1
APP,PDH,2026-05-28,Gap Down,loss,1,-0.5,577.695,short,1
APP,1H_Res,2026-05-28,Gap Down,win,5,1.0,571.69,short,1
APP,4H_Res,2026-05-28,Gap Down,loss,1,-0.5,577.695,short,1
APP,PML,2026-05-29,Flat,win,12,1.0,600.57,long,1
APP,1H_Sup,2026-05-29,Flat,loss,7,-0.5,608.9419,long,1
APP,4H_Sup,2026-05-29,Flat,loss,7,-0.5,608.9419,long,1
APP,PMH,2026-05-29,Flat,loss,43,-0.5,606.27,short,1
APP,PDH,2026-05-29,Flat,loss,0,-0.5,604.73,short,1
APP,PML,2026-06-02,Flat,loss,3,-0.5,604.97,long,1
APP,PML,2026-06-04,Flat,loss,9,-0.5,563.7,long,1
APP,1H_Sup,2026-06-04,Flat,win,3,1.0,568.27,long,1
APP,1H_Sup,2026-06-04,Flat,loss,7,-0.5,575.53,long,1
APP,4H_Sup,2026-06-04,Flat,loss,7,-0.5,575.53,long,1
APP,PMH,2026-06-04,Flat,loss,0,-0.5,566.285,short,1
APP,PML,2026-06-05,Gap Up,timeout,4,-0.2863991812035793,556.915,long,1
APP,PDL,2026-06-05,Gap Up,win,12,1.0,556.505,long,1
APP,1H_Sup,2026-06-05,Gap Up,loss,5,-0.5,560.79,long,1
APP,4H_Sup,2026-06-05,Gap Up,loss,3,-0.5,571.99,long,1
APP,4H_Sup,2026-06-05,Gap Up,loss,3,-0.5,572.775,long,1
APP,4H_Sup,2026-06-05,Gap Up,loss,1,-0.5,575.945,long,1
APP,PMH,2026-06-05,Gap Up,win,6,1.0,579.24,short,1
APP,PDH,2026-06-05,Gap Up,win,7,1.0,579.72,short,1
APP,1H_Res,2026-06-05,Gap Up,loss,28,-0.5,565.02,short,1
APP,4H_Res,2026-06-05,Gap Up,loss,0,-0.5,571.76,short,1
APP,PML,2026-06-09,Gap Down,loss,0,-0.5,561.74,long,1
APP,PDL,2026-06-09,Gap Down,loss,3,-0.5,559.15,long,1
APP,PMH,2026-06-09,Gap Down,win,2,1.0,564.01,short,1
APP,PML,2026-06-10,Gap Down,win,3,1.0,502.41,long,1
APP,PDL,2026-06-10,Gap Down,loss,4,-0.5,506.71,long,1
APP,4H_Sup,2026-06-10,Gap Down,loss,2,-0.5,511.26,long,1
APP,4H_Sup,2026-06-10,Gap Down,loss,23,-0.5,513.13,long,1
APP,4H_Res,2026-06-10,Gap Down,loss,2,-0.5,509.96,short,1
APP,4H_Res,2026-06-10,Gap Down,loss,8,-0.5,511.01,short,1
APP,PML,2026-06-11,Gap Down,loss,18,-0.5,487.84,long,1
APP,PDL,2026-06-11,Gap Down,loss,3,-0.5,493.995,long,1
APP,1H_Sup,2026-06-11,Gap Down,loss,3,-0.5,493.995,long,1
APP,4H_Sup,2026-06-11,Gap Down,loss,3,-0.5,493.995,long,1
APP,PML,2026-06-12,Flat,win,0,1.0,486.0,long,1
APP,1H_Sup,2026-06-12,Flat,win,18,1.0,475.0,long,1
APP,1H_Sup,2026-06-12,Flat,win,0,1.0,486.0,long,1
APP,4H_Sup,2026-06-12,Flat,win,18,1.0,475.0,long,1
APP,4H_Sup,2026-06-12,Flat,loss,17,-0.5,477.855,long,1
APP,PMH,2026-06-12,Flat,loss,1,-0.5,486.77,short,1
APP,PDH,2026-06-12,Flat,loss,17,-0.5,492.645,short,1
APP,1H_Res,2026-06-12,Flat,loss,24,-0.5,476.009,short,1
APP,1H_Res,2026-06-12,Flat,loss,24,-0.5,476.009,short,1
APP,1H_Res,2026-06-12,Flat,loss,7,-0.5,483.35,short,1
APP,4H_Res,2026-06-12,Flat,loss,23,-0.5,475.71,short,1
APP,4H_Res,2026-06-12,Flat,loss,17,-0.5,492.645,short,1
SMCI,PDL,2025-12-16,Flat,loss,1,-0.5,31.52,long,1
SMCI,1H_Sup,2025-12-16,Flat,loss,1,-0.5,31.888,long,1
SMCI,PMH,2025-12-16,Flat,timeout,60,0.5588376177550717,31.315,short,1
SMCI,1H_Sup,2025-12-17,Flat,loss,1,-0.5,31.84,long,1
SMCI,4H_Sup,2025-12-17,Flat,loss,1,-0.5,31.84,long,1
SMCI,PDH,2025-12-17,Flat,win,7,1.0,31.71,short,1
SMCI,PML,2025-12-18,Gap Up,loss,10,-0.5,30.1156,long,1
SMCI,PDL,2025-12-18,Gap Up,loss,1,-0.5,30.01,long,1
SMCI,1H_Sup,2025-12-18,Gap Up,loss,29,-0.5,30.25,long,1
SMCI,4H_Sup,2025-12-18,Gap Up,loss,0,-0.5,30.75,long,1
SMCI,PMH,2025-12-18,Gap Up,win,7,1.0,30.6,short,1
SMCI,PDH,2025-12-19,Gap Up,loss,53,-0.5,30.82,short,1
SMCI,4H_Res,2025-12-19,Gap Up,loss,10,-0.5,29.8665,short,1
SMCI,PML,2025-12-23,Flat,timeout,60,-0.13016596160103855,30.73,long,1
SMCI,PDL,2025-12-23,Flat,loss,5,-0.5,30.94,long,1
SMCI,PMH,2025-12-23,Flat,win,28,1.0,30.92,short,1
SMCI,PML,2025-12-24,Gap Down,loss,2,-0.5,30.7438,long,1
SMCI,1H_Res,2025-12-24,Gap Down,win,3,1.0,30.72,short,1
SMCI,PML,2025-12-30,Gap Up,loss,2,-0.5,30.16,long,1
SMCI,PDL,2025-12-30,Gap Up,loss,41,-0.5,30.07,long,1
SMCI,1H_Sup,2025-12-30,Gap Up,loss,1,-0.5,30.145,long,1
SMCI,4H_Sup,2025-12-30,Gap Up,loss,1,-0.5,30.145,long,1
SMCI,PDL,2025-12-31,Flat,loss,12,-0.5,29.7575,long,1
SMCI,PMH,2025-12-31,Flat,win,19,1.0,29.74,short,1
SMCI,PML,2026-01-06,Gap Up,loss,3,-0.5,30.33,long,1
SMCI,PDL,2026-01-06,Gap Up,win,6,1.0,30.0972,long,1
SMCI,1H_Sup,2026-01-06,Gap Up,timeout,10,-0.06548788474132146,30.54,long,1
SMCI,4H_Res,2026-01-06,Gap Up,win,1,1.0,30.49,short,1
SMCI,PML,2026-01-07,Flat,loss,0,-0.5,30.43,long,1
SMCI,4H_Sup,2026-01-07,Flat,timeout,60,0.26688907422851804,29.975,long,1
SMCI,PDH,2026-01-07,Flat,win,5,1.0,30.482,short,1
SMCI,1H_Res,2026-01-07,Flat,win,10,1.0,30.36,short,1
SMCI,4H_Res,2026-01-07,Flat,loss,5,-0.5,29.915,short,1
SMCI,4H_Res,2026-01-07,Flat,loss,15,-0.5,30.1803,short,1
SMCI,4H_Res,2026-01-07,Flat,win,8,1.0,30.3698,short,1
SMCI,4H_Res,2026-01-07,Flat,win,10,1.0,30.36,short,1
SMCI,PML,2026-01-08,Flat,loss,6,-0.5,29.7699,long,1
SMCI,PDL,2026-01-08,Flat,timeout,60,0.36813922356090845,29.88,long,1
SMCI,PMH,2026-01-08,Flat,win,10,1.0,29.8,short,1
SMCI,PML,2026-01-09,Flat,loss,16,-0.5,30.02,long,1
SMCI,1H_Sup,2026-01-09,Flat,loss,6,-0.5,30.18,long,1
SMCI,4H_Sup,2026-01-09,Flat,loss,6,-0.5,30.18,long,1
SMCI,PMH,2026-01-09,Flat,loss,7,-0.5,30.01,short,1
SMCI,PDH,2026-01-09,Flat,loss,2,-0.5,29.83,short,1
SMCI,PML,2026-01-14,Gap Down,win,9,1.0,28.395,long,1
SMCI,PDL,2026-01-14,Gap Down,win,4,1.0,27.98,long,1
SMCI,1H_Sup,2026-01-14,Gap Down,loss,1,-0.5,28.675,long,1
SMCI,4H_Sup,2026-01-14,Gap Down,loss,1,-0.5,28.675,long,1
SMCI,PMH,2026-01-14,Gap Down,loss,11,-0.5,28.4,short,1
SMCI,1H_Res,2026-01-14,Gap Down,win,9,1.0,28.625,short,1
SMCI,4H_Res,2026-01-14,Gap Down,win,9,1.0,28.625,short,1
SMCI,PML,2026-01-16,Gap Up,win,1,1.0,29.96,long,1
SMCI,4H_Sup,2026-01-16,Gap Up,win,0,1.0,30.055,long,1
SMCI,PML,2026-01-21,Gap Up,loss,27,-0.5,31.29,long,1
SMCI,1H_Sup,2026-01-21,Gap Up,loss,2,-0.5,31.985,long,1
SMCI,4H_Sup,2026-01-21,Gap Up,win,56,1.0,31.18,long,1
SMCI,4H_Sup,2026-01-21,Gap Up,loss,2,-0.5,31.985,long,1
SMCI,PMH,2026-01-21,Gap Up,loss,2,-0.5,31.555,short,1
SMCI,PDH,2026-01-21,Gap Up,loss,0,-0.5,31.39,short,1
SMCI,1H_Res,2026-01-21,Gap Up,timeout,60,0.5092297899427121,31.42,short,1
SMCI,PML,2026-01-22,Gap Up,loss,8,-0.5,32.585,long,1
SMCI,1H_Sup,2026-01-22,Gap Up,loss,27,-0.5,32.645,long,1
SMCI,4H_Sup,2026-01-22,Gap Up,loss,23,-0.5,32.615,long,1
SMCI,PMH,2026-01-22,Gap Up,win,2,1.0,33.135,short,1
SMCI,PDH,2026-01-22,Gap Up,loss,13,-0.5,32.565,short,1
SMCI,1H_Res,2026-01-22,Gap Up,loss,13,-0.5,32.565,short,1
SMCI,4H_Res,2026-01-22,Gap Up,loss,13,-0.5,32.565,short,1
SMCI,PML,2026-01-23,Gap Up,win,3,1.0,32.94,long,1
SMCI,PDL,2026-01-23,Gap Up,loss,5,-0.5,32.45,long,1
SMCI,1H_Sup,2026-01-23,Gap Up,win,3,1.0,32.94,long,1
SMCI,4H_Sup,2026-01-23,Gap Up,loss,3,-0.5,33.13,long,1
SMCI,PDH,2026-01-23,Gap Up,win,1,1.0,33.18,short,1
SMCI,PML,2026-01-27,Flat,win,26,1.0,30.915,long,1
SMCI,PDL,2026-01-27,Flat,win,9,1.0,30.85,long,1
SMCI,1H_Sup,2026-01-27,Flat,loss,2,-0.5,31.055,long,1
SMCI,PMH,2026-01-27,Flat,loss,13,-0.5,31.0625,short,1
SMCI,PML,2026-01-28,Gap Up,loss,0,-0.5,31.7518,long,1
SMCI,1H_Sup,2026-01-28,Gap Up,win,12,1.0,31.335,long,1
SMCI,4H_Sup,2026-01-28,Gap Up,win,12,1.0,31.335,long,1
SMCI,PMH,2026-01-28,Gap Up,loss,11,-0.5,31.755,short,1
SMCI,PDH,2026-01-28,Gap Up,loss,2,-0.5,31.1165,short,1
SMCI,PML,2026-01-30,Flat,loss,4,-0.5,29.355,long,1
SMCI,PDL,2026-01-30,Flat,win,29,1.0,29.245,long,1
SMCI,1H_Sup,2026-01-30,Flat,loss,2,-0.5,30.08,long,1
SMCI,4H_Sup,2026-01-30,Flat,loss,8,-0.5,30.29,long,1
SMCI,PMH,2026-01-30,Flat,win,10,1.0,30.15,short,1
SMCI,1H_Res,2026-01-30,Flat,loss,0,-0.5,30.01,short,1
SMCI,PDL,2026-02-03,Gap Up,loss,38,-0.5,28.855,long,1
SMCI,1H_Sup,2026-02-03,Gap Up,loss,1,-0.5,30.08,long,1
SMCI,1H_Sup,2026-02-03,Gap Up,loss,1,-0.5,30.08,long,1
SMCI,4H_Sup,2026-02-03,Gap Up,loss,1,-0.5,30.08,long,1
SMCI,4H_Sup,2026-02-03,Gap Up,loss,1,-0.5,30.08,long,1
SMCI,1H_Res,2026-02-03,Gap Up,win,8,1.0,29.78,short,1
SMCI,PML,2026-02-04,Gap Up,loss,0,-0.5,32.9601,long,1
SMCI,PMH,2026-02-04,Gap Up,loss,0,-0.5,33.372,short,1
SMCI,PDL,2026-02-05,Gap Down,loss,0,-0.5,31.89,long,1
SMCI,4H_Res,2026-02-05,Gap Down,win,1,1.0,32.328,short,1
SMCI,4H_Res,2026-02-05,Gap Down,win,1,1.0,32.42,short,1
SMCI,4H_Res,2026-02-05,Gap Down,loss,0,-0.5,32.64,short,1
SMCI,4H_Res,2026-02-05,Gap Down,loss,0,-0.5,32.64,short,1
SMCI,PMH,2026-02-06,Gap Up,loss,1,-0.5,31.39,short,1
SMCI,PDH,2026-02-06,Gap Up,loss,1,-0.5,33.26,short,1
SMCI,PML,2026-02-10,Gap Up,win,1,1.0,33.48,long,1
SMCI,1H_Sup,2026-02-10,Gap Up,loss,12,-0.5,34.145,long,1
SMCI,1H_Sup,2026-02-10,Gap Up,loss,12,-0.5,34.145,long,1
SMCI,4H_Sup,2026-02-10,Gap Up,timeout,4,-0.17969451931716762,33.39,long,1
SMCI,4H_Sup,2026-02-10,Gap Up,loss,12,-0.5,34.02,long,1
SMCI,PMH,2026-02-10,Gap Up,loss,6,-0.5,33.6378,short,1
SMCI,PDH,2026-02-10,Gap Up,win,6,1.0,33.75,short,1
SMCI,PML,2026-02-11,Gap Up,loss,15,-0.5,33.29,long,1
SMCI,PML,2026-02-12,Flat,loss,5,-0.5,31.843,long,1
SMCI,PDL,2026-02-12,Flat,loss,5,-0.5,31.843,long,1
SMCI,1H_Sup,2026-02-12,Flat,loss,0,-0.5,32.085,long,1
SMCI,1H_Res,2026-02-12,Flat,loss,1,-0.5,31.84,short,1
SMCI,1H_Res,2026-02-12,Flat,win,11,1.0,32.05,short,1
SMCI,PML,2026-02-13,Gap Up,win,2,1.0,30.37,long,1
SMCI,PDL,2026-02-13,Gap Up,loss,0,-0.5,30.8,long,1
SMCI,1H_Sup,2026-02-13,Gap Up,loss,1,-0.5,31.0399,long,1
SMCI,4H_Sup,2026-02-13,Gap Up,loss,1,-0.5,31.135,long,1
SMCI,PMH,2026-02-13,Gap Up,loss,1,-0.5,30.81,short,1
SMCI,1H_Res,2026-02-13,Gap Up,win,6,1.0,30.67,short,1
SMCI,PML,2026-02-18,Flat,timeout,60,0.28089887640448546,30.26,long,1
SMCI,PDL,2026-02-18,Flat,win,18,1.0,29.73,long,1
SMCI,1H_Sup,2026-02-18,Flat,timeout,60,0.5469008949287343,30.17,long,1
SMCI,PMH,2026-02-19,Gap Up,loss,1,-0.5,31.055,short,1
SMCI,PML,2026-02-20,Gap Down,win,10,1.0,31.635,long,1
SMCI,1H_Sup,2026-02-20,Gap Down,win,13,1.0,32.2698,long,1
SMCI,4H_Sup,2026-02-20,Gap Down,loss,2,-0.5,32.12,long,1
SMCI,4H_Sup,2026-02-20,Gap Down,win,13,1.0,32.2698,long,1
SMCI,PMH,2026-02-20,Gap Down,loss,23,-0.5,32.4,short,1
SMCI,PDH,2026-02-20,Gap Down,loss,6,-0.5,32.03,short,1
SMCI,1H_Res,2026-02-20,Gap Down,loss,2,-0.5,31.73,short,1
SMCI,4H_Res,2026-02-20,Gap Down,loss,6,-0.5,32.03,short,1
SMCI,PML,2026-02-24,Gap Up,loss,17,-0.5,30.9779,long,1
SMCI,PDL,2026-02-24,Gap Up,loss,14,-0.5,30.7873,long,1
SMCI,1H_Sup,2026-02-24,Gap Up,loss,8,-0.5,31.06,long,1
SMCI,4H_Sup,2026-02-24,Gap Up,loss,3,-0.5,31.36,long,1
SMCI,PMH,2026-02-24,Gap Up,timeout,60,0.14416146083613054,31.215,short,1
SMCI,PDL,2026-02-26,Gap Down,win,46,1.0,31.62,long,1
SMCI,4H_Res,2026-02-26,Gap Down,win,2,1.0,32.83,short,1
SMCI,4H_Res,2026-02-26,Gap Down,loss,0,-0.5,33.02,short,1
SMCI,PML,2026-02-27,Gap Down,loss,0,-0.5,31.915,long,1
SMCI,1H_Sup,2026-02-27,Gap Down,loss,5,-0.5,32.5,long,1
SMCI,4H_Sup,2026-02-27,Gap Down,loss,5,-0.5,32.5,long,1
SMCI,PMH,2026-02-27,Gap Down,loss,18,-0.5,32.3,short,1
SMCI,1H_Res,2026-02-27,Gap Down,loss,18,-0.5,32.3,short,1
SMCI,4H_Res,2026-02-27,Gap Down,loss,18,-0.5,32.3,short,1
SMCI,PML,2026-03-03,Gap Down,loss,0,-0.5,30.7,long,1
SMCI,PDL,2026-03-03,Gap Down,loss,0,-0.5,30.7,long,1
SMCI,PMH,2026-03-03,Gap Down,win,17,1.0,31.175,short,1
SMCI,1H_Sup,2026-03-04,Gap Up,loss,3,-0.5,31.22,long,1
SMCI,4H_Sup,2026-03-04,Gap Up,win,21,1.0,31.39,long,1
SMCI,PMH,2026-03-04,Gap Up,loss,6,-0.5,31.03,short,1
SMCI,PDH,2026-03-04,Gap Up,win,12,1.0,31.19,short,1
SMCI,4H_Res,2026-03-04,Gap Up,win,12,1.0,31.19,short,1
SMCI,PML,2026-03-05,Gap Down,win,8,1.0,32.3313,long,1
SMCI,1H_Sup,2026-03-05,Gap Down,win,10,1.0,32.78,long,1
SMCI,4H_Sup,2026-03-05,Gap Down,win,52,1.0,32.96,long,1
SMCI,PMH,2026-03-05,Gap Down,win,7,1.0,32.63,short,1
SMCI,PDH,2026-03-05,Gap Down,loss,3,-0.5,32.84,short,1
SMCI,1H_Res,2026-03-05,Gap Down,win,7,1.0,32.63,short,1
SMCI,PML,2026-03-06,Gap Down,win,17,1.0,31.48,long,1
SMCI,PDL,2026-03-06,Gap Down,loss,3,-0.5,31.57,long,1
SMCI,1H_Sup,2026-03-06,Gap Down,loss,26,-0.5,31.84,long,1
SMCI,1H_Sup,2026-03-06,Gap Down,loss,4,-0.5,32.1999,long,1
SMCI,4H_Sup,2026-03-06,Gap Down,loss,1,-0.5,31.64,long,1
SMCI,4H_Sup,2026-03-06,Gap Down,loss,2,-0.5,32.205,long,1
SMCI,1H_Res,2026-03-06,Gap Down,loss,5,-0.5,32.11,short,1
SMCI,4H_Res,2026-03-06,Gap Down,loss,5,-0.5,32.11,short,1
SMCI,PML,2026-03-10,Flat,loss,0,-0.5,31.82,long,1
SMCI,PDH,2026-03-10,Flat,win,9,1.0,32.04,short,1
SMCI,1H_Res,2026-03-10,Flat,loss,2,-0.5,31.58,short,1
SMCI,1H_Res,2026-03-10,Flat,win,9,1.0,32.04,short,1
SMCI,4H_Res,2026-03-10,Flat,loss,2,-0.5,31.58,short,1
SMCI,4H_Res,2026-03-10,Flat,loss,16,-0.5,31.91,short,1
SMCI,4H_Res,2026-03-10,Flat,win,9,1.0,32.04,short,1
SMCI,PML,2026-03-11,Gap Up,loss,9,-0.5,31.9499,long,1
SMCI,PDL,2026-03-11,Gap Up,timeout,60,-0.20524155352068607,31.67,long,1
SMCI,1H_Sup,2026-03-11,Gap Up,loss,2,-0.5,32.177,long,1
SMCI,4H_Sup,2026-03-11,Gap Up,loss,14,-0.5,32.41,long,1
SMCI,PMH,2026-03-11,Gap Up,win,6,1.0,32.41,short,1
SMCI,PDH,2026-03-11,Gap Up,loss,9,-0.5,32.16,short,1
SMCI,PML,2026-03-12,Flat,loss,2,-0.5,31.36,long,1
SMCI,PDL,2026-03-12,Flat,loss,10,-0.5,31.67,long,1
SMCI,PMH,2026-03-12,Flat,win,6,1.0,31.43,short,1
SMCI,PML,2026-03-13,Flat,win,41,1.0,30.795,long,1
SMCI,PDL,2026-03-13,Flat,loss,5,-0.5,30.99,long,1
SMCI,1H_Sup,2026-03-13,Flat,loss,7,-0.5,31.175,long,1
SMCI,PML,2026-03-17,Flat,loss,46,-0.5,31.69,long,1
SMCI,1H_Sup,2026-03-17,Flat,win,6,1.0,32.31,long,1
SMCI,4H_Sup,2026-03-17,Flat,win,6,1.0,32.31,long,1
SMCI,PMH,2026-03-17,Flat,timeout,60,0.2669372463315632,32.03,short,1
SMCI,PDH,2026-03-17,Flat,loss,51,-0.5,32.355,short,1
SMCI,1H_Res,2026-03-17,Flat,loss,7,-0.5,32.19,short,1
SMCI,1H_Res,2026-03-17,Flat,loss,51,-0.5,32.355,short,1
SMCI,4H_Res,2026-03-17,Flat,loss,7,-0.5,32.19,short,1
SMCI,4H_Res,2026-03-17,Flat,loss,51,-0.5,32.355,short,1
SMCI,PML,2026-03-18,Gap Down,loss,34,-0.5,31.39,long,1
SMCI,PDL,2026-03-18,Gap Down,loss,1,-0.5,31.6,long,1
SMCI,PML,2026-03-19,Gap Down,win,4,1.0,30.06,long,1
SMCI,PDL,2026-03-19,Gap Down,loss,2,-0.5,30.46,long,1
SMCI,1H_Sup,2026-03-19,Gap Down,loss,1,-0.5,30.5386,long,1
SMCI,4H_Sup,2026-03-19,Gap Down,loss,18,-0.5,30.44,long,1
SMCI,PMH,2026-03-19,Gap Down,loss,2,-0.5,30.395,short,1
SMCI,1H_Res,2026-03-19,Gap Down,win,6,1.0,30.5801,short,1
SMCI,4H_Res,2026-03-19,Gap Down,loss,55,-0.5,30.1199,short,1
SMCI,PML,2026-03-20,Gap Down,win,0,1.0,22.3997,long,1
SMCI,PML,2026-03-24,Gap Down,win,6,1.0,21.83,long,1
SMCI,1H_Sup,2026-03-24,Gap Down,win,1,1.0,21.81,long,1
SMCI,1H_Sup,2026-03-24,Gap Down,loss,0,-0.5,21.97,long,1
SMCI,1H_Sup,2026-03-24,Gap Down,loss,1,-0.5,22.035,long,1
SMCI,4H_Sup,2026-03-24,Gap Down,win,6,1.0,21.83,long,1
SMCI,4H_Sup,2026-03-24,Gap Down,loss,1,-0.5,21.9295,long,1
SMCI,4H_Sup,2026-03-24,Gap Down,win,8,1.0,22.22,long,1
SMCI,PMH,2026-03-24,Gap Down,loss,0,-0.5,21.795,short,1
SMCI,PDH,2026-03-24,Gap Down,win,2,1.0,22.035,short,1
SMCI,4H_Res,2026-03-24,Gap Down,loss,1,-0.5,21.285,short,1
SMCI,PDL,2026-03-26,Gap Down,loss,4,-0.5,22.64,long,1
SMCI,PML,2026-03-27,Flat,loss,3,-0.5,21.86,long,1
SMCI,PDL,2026-03-27,Flat,win,6,1.0,21.9,long,1
SMCI,1H_Sup,2026-03-27,Flat,loss,8,-0.5,22.12,long,1
SMCI,4H_Sup,2026-03-31,Gap Up,loss,4,-0.5,21.67,long,1
SMCI,PMH,2026-03-31,Gap Up,loss,3,-0.5,21.3971,short,1
SMCI,PDH,2026-03-31,Gap Up,loss,5,-0.5,22.115,short,1
SMCI,4H_Res,2026-03-31,Gap Up,loss,7,-0.5,21.67,short,1
SMCI,PML,2026-04-01,Gap Up,timeout,60,0.39595248570171515,22.73,long,1
SMCI,1H_Sup,2026-04-01,Gap Up,timeout,60,0.11096316023079707,22.53,long,1
SMCI,1H_Sup,2026-04-01,Gap Up,loss,10,-0.5,23.06,long,1
SMCI,4H_Sup,2026-04-01,Gap Up,timeout,60,0.1552106430155217,22.55,long,1
SMCI,PMH,2026-04-01,Gap Up,loss,16,-0.5,23.17,short,1
SMCI,PDH,2026-04-01,Gap Up,loss,3,-0.5,22.75,short,1
SMCI,1H_Res,2026-04-01,Gap Up,loss,8,-0.5,22.705,short,1
SMCI,4H_Res,2026-04-01,Gap Up,loss,3,-0.5,22.655,short,1
SMCI,4H_Res,2026-04-01,Gap Up,loss,8,-0.5,22.705,short,1
SMCI,PDL,2026-04-02,Gap Down,win,19,1.0,22.41,long,1
SMCI,1H_Sup,2026-04-02,Gap Down,loss,1,-0.5,23.06,long,1
SMCI,4H_Sup,2026-04-02,Gap Down,loss,0,-0.5,23.1,long,1
SMCI,PMH,2026-04-02,Gap Down,win,3,1.0,22.1,short,1
SMCI,PDH,2026-04-02,Gap Down,timeout,60,0.5805733537887581,23.2701,short,1
SMCI,4H_Res,2026-04-02,Gap Down,loss,1,-0.5,22.84,short,1
SMCI,PML,2026-04-07,Flat,win,4,1.0,22.0212,long,1
SMCI,PDL,2026-04-07,Flat,loss,10,-0.5,22.1801,long,1
SMCI,1H_Sup,2026-04-07,Flat,loss,10,-0.5,22.1801,long,1
SMCI,1H_Sup,2026-04-07,Flat,loss,15,-0.5,22.47,long,1
SMCI,4H_Sup,2026-04-07,Flat,loss,10,-0.5,22.1801,long,1
SMCI,PMH,2026-04-07,Flat,loss,1,-0.5,22.13,short,1
SMCI,1H_Res,2026-04-07,Flat,loss,3,-0.5,21.95,short,1
SMCI,4H_Res,2026-04-07,Flat,loss,23,-0.5,22.48,short,1
SMCI,PML,2026-04-08,Gap Up,timeout,60,-0.31672297297297,23.68,long,1
SMCI,PMH,2026-04-08,Gap Up,win,4,1.0,23.9,short,1
SMCI,1H_Sup,2026-04-09,Flat,loss,49,-0.5,23.385,long,1
SMCI,1H_Sup,2026-04-09,Flat,loss,0,-0.5,23.825,long,1
SMCI,4H_Sup,2026-04-09,Flat,win,3,1.0,23.195,long,1
SMCI,PMH,2026-04-09,Flat,win,5,1.0,23.46,short,1
SMCI,1H_Res,2026-04-09,Flat,loss,3,-0.5,23.205,short,1
SMCI,1H_Res,2026-04-09,Flat,loss,16,-0.5,23.35,short,1
SMCI,1H_Res,2026-04-09,Flat,win,13,1.0,23.465,short,1
SMCI,4H_Sup,2026-04-10,Gap Up,win,10,1.0,23.91,long,1
SMCI,PMH,2026-04-14,Gap Up,loss,0,-0.5,26.55,short,1
SMCI,PML,2026-04-15,Gap Up,timeout,60,-0.29503964595241855,27.115,long,1
SMCI,1H_Sup,2026-04-15,Gap Up,loss,2,-0.5,27.79,long,1
SMCI,4H_Sup,2026-04-15,Gap Up,loss,0,-0.5,27.86,long,1
SMCI,PDH,2026-04-15,Gap Up,loss,0,-0.5,27.55,short,1
SMCI,PML,2026-04-16,Gap Up,loss,1,-0.5,27.53,long,1
SMCI,PDL,2026-04-16,Gap Up,win,11,1.0,27.065,long,1
SMCI,1H_Sup,2026-04-16,Gap Up,loss,5,-0.5,27.47,long,1
SMCI,4H_Sup,2026-04-16,Gap Up,win,13,1.0,27.559,long,1
SMCI,PMH,2026-04-16,Gap Up,loss,0,-0.5,27.35,short,1
SMCI,PDH,2026-04-16,Gap Up,loss,16,-0.5,27.865,short,1
SMCI,4H_Res,2026-04-16,Gap Up,win,12,1.0,27.445,short,1
SMCI,PML,2026-04-17,Gap Up,loss,2,-0.5,28.6,long,1
SMCI,1H_Sup,2026-04-17,Gap Up,loss,0,-0.5,28.78,long,1
SMCI,4H_Sup,2026-04-17,Gap Up,loss,8,-0.5,28.69,long,1
SMCI,4H_Sup,2026-04-17,Gap Up,loss,0,-0.5,28.88,long,1
SMCI,PMH,2026-04-17,Gap Up,loss,1,-0.5,28.395,short,1
SMCI,PDH,2026-04-17,Gap Up,loss,0,-0.5,28.28,short,1
SMCI,PML,2026-04-21,Gap Up,win,15,1.0,29.145,long,1
SMCI,1H_Sup,2026-04-21,Gap Up,win,15,1.0,29.145,long,1
SMCI,4H_Sup,2026-04-21,Gap Up,loss,6,-0.5,28.51,long,1
SMCI,4H_Sup,2026-04-21,Gap Up,win,15,1.0,29.145,long,1
SMCI,PMH,2026-04-21,Gap Up,loss,3,-0.5,29.28,short,1
SMCI,PDH,2026-04-21,Gap Up,win,4,1.0,28.765,short,1
SMCI,PML,2026-04-22,Gap Up,loss,13,-0.5,29.12,long,1
SMCI,1H_Sup,2026-04-22,Gap Up,loss,1,-0.5,29.3,long,1
SMCI,PMH,2026-04-22,Gap Up,loss,2,-0.5,29.22,short,1
SMCI,1H_Res,2026-04-22,Gap Up,win,16,1.0,29.16,short,1
SMCI,PDH,2026-04-24,Gap Up,loss,2,-0.5,27.51,short,1
SMCI,PML,2026-04-28,Gap Down,win,1,1.0,27.02,long,1
SMCI,PDL,2026-04-28,Gap Down,loss,4,-0.5,27.585,long,1
SMCI,1H_Sup,2026-04-30,Gap Up,loss,1,-0.5,26.79,long,1
SMCI,PMH,2026-04-30,Gap Up,loss,12,-0.5,26.6198,short,1
SMCI,4H_Res,2026-04-30,Gap Up,loss,1,-0.5,26.4,short,1
SMCI,PML,2026-05-01,Gap Up,loss,9,-0.5,27.39,long,1
SMCI,1H_Sup,2026-05-01,Gap Up,win,4,1.0,27.68,long,1
SMCI,4H_Sup,2026-05-01,Gap Up,win,4,1.0,27.68,long,1
SMCI,PMH,2026-05-01,Gap Up,loss,5,-0.5,27.62,short,1
SMCI,PDH,2026-05-01,Gap Up,win,56,1.0,27.445,short,1
SMCI,4H_Sup,2026-05-05,Gap Up,timeout,60,0.36062026685898974,27.73,long,1
SMCI,4H_Sup,2026-05-05,Gap Up,loss,13,-0.5,27.735,long,1
SMCI,4H_Sup,2026-05-05,Gap Up,loss,19,-0.5,27.7,long,1
SMCI,1H_Res,2026-05-05,Gap Up,win,4,1.0,27.98,short,1
SMCI,4H_Res,2026-05-05,Gap Up,loss,1,-0.5,27.53,short,1
SMCI,PMH,2026-05-06,Gap Up,loss,0,-0.5,31.58,short,1
SMCI,PML,2026-05-07,Gap Down,loss,0,-0.5,34.2167,long,1
SMCI,1H_Sup,2026-05-07,Gap Down,loss,12,-0.5,34.11,long,1
SMCI,1H_Sup,2026-05-07,Gap Down,loss,1,-0.5,34.29,long,1
SMCI,4H_Sup,2026-05-07,Gap Down,loss,1,-0.5,33.31,long,1
SMCI,4H_Sup,2026-05-07,Gap Down,loss,4,-0.5,33.9358,long,1
SMCI,4H_Sup,2026-05-07,Gap Down,loss,1,-0.5,34.745,long,1
SMCI,PMH,2026-05-07,Gap Down,loss,0,-0.5,34.94,short,1
SMCI,PDH,2026-05-07,Gap Down,win,2,1.0,33.865,short,1
SMCI,1H_Res,2026-05-07,Gap Down,win,2,1.0,33.865,short,1
SMCI,4H_Res,2026-05-07,Gap Down,loss,3,-0.5,33.175,short,1
SMCI,4H_Res,2026-05-07,Gap Down,loss,21,-0.5,33.22,short,1
SMCI,4H_Res,2026-05-07,Gap Down,loss,0,-0.5,33.42,short,1
SMCI,4H_Res,2026-05-07,Gap Down,loss,0,-0.5,33.42,short,1
SMCI,4H_Res,2026-05-07,Gap Down,win,1,1.0,33.63,short,1
SMCI,4H_Res,2026-05-07,Gap Down,win,1,1.0,33.79,short,1
SMCI,4H_Res,2026-05-07,Gap Down,win,2,1.0,33.865,short,1
SMCI,PML,2026-05-08,Gap Down,win,4,1.0,33.465,long,1
SMCI,PDL,2026-05-08,Gap Down,loss,0,-0.5,33.25,long,1
SMCI,1H_Sup,2026-05-08,Gap Down,win,2,1.0,33.5,long,1
SMCI,4H_Sup,2026-05-08,Gap Down,loss,0,-0.5,33.25,long,1
SMCI,4H_Sup,2026-05-08,Gap Down,win,1,1.0,34.29,long,1
SMCI,4H_Sup,2026-05-08,Gap Down,win,5,1.0,34.64,long,1
SMCI,PDH,2026-05-08,Gap Down,loss,8,-0.5,35.205,short,1
SMCI,1H_Res,2026-05-08,Gap Down,win,0,1.0,33.08,short,1
SMCI,PML,2026-05-12,Gap Down,loss,1,-0.5,33.07,long,1
SMCI,1H_Sup,2026-05-13,Flat,loss,1,-0.5,32.775,long,1
SMCI,4H_Sup,2026-05-13,Flat,win,32,1.0,31.93,long,1
SMCI,1H_Res,2026-05-13,Flat,loss,2,-0.5,32.51,short,1
SMCI,4H_Res,2026-05-13,Flat,loss,2,-0.5,32.51,short,1
SMCI,PML,2026-05-14,Flat,win,15,1.0,32.08,long,1
SMCI,PDL,2026-05-14,Flat,win,5,1.0,31.95,long,1
SMCI,1H_Sup,2026-05-14,Flat,win,7,1.0,32.032,long,1
SMCI,1H_Sup,2026-05-14,Flat,loss,3,-0.5,32.7,long,1
SMCI,4H_Sup,2026-05-14,Flat,win,5,1.0,31.95,long,1
SMCI,4H_Sup,2026-05-14,Flat,win,16,1.0,32.12,long,1
SMCI,PMH,2026-05-14,Flat,loss,8,-0.5,32.2501,short,1
SMCI,PDH,2026-05-14,Flat,loss,7,-0.5,32.945,short,1
SMCI,1H_Res,2026-05-14,Flat,loss,3,-0.5,31.805,short,1
SMCI,1H_Res,2026-05-14,Flat,loss,8,-0.5,32.2501,short,1
SMCI,4H_Res,2026-05-14,Flat,loss,3,-0.5,32.18,short,1
SMCI,4H_Res,2026-05-14,Flat,loss,1,-0.5,32.39,short,1
SMCI,PDL,2026-05-15,Gap Down,loss,3,-0.5,31.6101,long,1
SMCI,PML,2026-05-19,Gap Down,loss,0,-0.5,30.028,long,1
SMCI,PDL,2026-05-19,Gap Down,loss,1,-0.5,29.69,long,1
SMCI,1H_Sup,2026-05-19,Gap Down,loss,2,-0.5,30.75,long,1
SMCI,1H_Sup,2026-05-19,Gap Down,win,34,1.0,30.99,long,1
SMCI,4H_Sup,2026-05-19,Gap Down,loss,1,-0.5,29.99,long,1
SMCI,4H_Sup,2026-05-19,Gap Down,loss,2,-0.5,30.75,long,1
SMCI,PMH,2026-05-19,Gap Down,loss,13,-0.5,30.815,short,1
SMCI,PDH,2026-05-19,Gap Down,win,19,1.0,31.185,short,1
SMCI,1H_Res,2026-05-19,Gap Down,loss,1,-0.5,30.33,short,1
SMCI,4H_Res,2026-05-19,Gap Down,loss,1,-0.5,30.33,short,1
SMCI,4H_Res,2026-05-19,Gap Down,win,2,1.0,30.7,short,1
SMCI,1H_Sup,2026-05-20,Gap Up,loss,3,-0.5,31.5,long,1
SMCI,4H_Sup,2026-05-20,Gap Up,loss,3,-0.5,31.5,long,1
SMCI,PML,2026-05-21,Gap Down,win,4,1.0,33.265,long,1
SMCI,PMH,2026-05-21,Gap Down,loss,0,-0.5,33.56,short,1
SMCI,PMH,2026-05-22,Gap Up,loss,2,-0.5,33.89,short,1
SMCI,PML,2026-05-27,Gap Up,loss,2,-0.5,37.31,long,1
SMCI,1H_Sup,2026-05-27,Gap Up,loss,0,-0.5,37.43,long,1
SMCI,PMH,2026-05-27,Gap Up,win,1,1.0,38.46,short,1
SMCI,PDH,2026-05-27,Gap Up,loss,0,-0.5,37.41,short,1
SMCI,4H_Res,2026-05-27,Gap Up,loss,0,-0.5,37.41,short,1
SMCI,1H_Sup,2026-05-28,Flat,loss,3,-0.5,38.31,long,1
SMCI,4H_Sup,2026-05-28,Flat,win,0,1.0,38.65,long,1
SMCI,PMH,2026-05-28,Flat,loss,2,-0.5,38.0,short,1
SMCI,4H_Res,2026-05-28,Flat,loss,2,-0.5,38.0,short,1
SMCI,PML,2026-05-29,Gap Up,win,0,1.0,45.135,long,1
SMCI,PMH,2026-05-29,Gap Up,win,4,1.0,46.64,short,1
SMCI,PMH,2026-06-02,Gap Up,win,2,1.0,49.4387,short,1
SMCI,PML,2026-06-03,Gap Down,loss,0,-0.5,49.53,long,1
SMCI,PDL,2026-06-03,Gap Down,loss,0,-0.5,48.94,long,1
SMCI,PMH,2026-06-03,Gap Down,loss,0,-0.5,48.91,short,1
SMCI,PDL,2026-06-04,Gap Down,loss,1,-0.5,46.5,long,1
SMCI,1H_Sup,2026-06-04,Gap Down,loss,2,-0.5,47.14,long,1
SMCI,4H_Sup,2026-06-04,Gap Down,loss,11,-0.5,47.425,long,1
SMCI,PMH,2026-06-04,Gap Down,win,1,1.0,45.705,short,1
SMCI,1H_Res,2026-06-04,Gap Down,loss,10,-0.5,46.9,short,1
SMCI,1H_Res,2026-06-04,Gap Down,loss,4,-0.5,47.02,short,1
SMCI,1H_Res,2026-06-04,Gap Down,loss,11,-0.5,47.09,short,1
SMCI,4H_Res,2026-06-04,Gap Down,loss,11,-0.5,47.09,short,1
SMCI,PDL,2026-06-09,Gap Up,loss,2,-0.5,42.41,long,1
SMCI,1H_Sup,2026-06-09,Gap Up,loss,3,-0.5,43.7499,long,1
SMCI,4H_Sup,2026-06-09,Gap Up,win,4,1.0,43.49,long,1
SMCI,4H_Sup,2026-06-09,Gap Up,loss,1,-0.5,43.93,long,1
SMCI,PDH,2026-06-09,Gap Up,win,1,1.0,44.065,short,1
SMCI,1H_Res,2026-06-09,Gap Up,win,1,1.0,43.76,short,1
SMCI,1H_Res,2026-06-09,Gap Up,win,1,1.0,43.76,short,1
SMCI,1H_Res,2026-06-09,Gap Up,win,1,1.0,43.76,short,1
SMCI,4H_Res,2026-06-09,Gap Up,win,1,1.0,44.065,short,1
SMCI,PML,2026-06-10,Gap Down,loss,0,-0.5,35.04,long,1
SMCI,PDL,2026-06-11,Flat,loss,0,-0.5,29.805,long,1
SMCI,1H_Sup,2026-06-11,Flat,loss,0,-0.5,29.805,long,1
SMCI,1H_Sup,2026-06-11,Flat,loss,0,-0.5,29.805,long,1
SMCI,1H_Sup,2026-06-11,Flat,loss,0,-0.5,29.805,long,1
SMCI,1H_Sup,2026-06-11,Flat,loss,0,-0.5,29.805,long,1
SMCI,1H_Sup,2026-06-11,Flat,loss,0,-0.5,29.805,long,1
SMCI,1H_Sup,2026-06-11,Flat,win,10,1.0,29.84,long,1
SMCI,1H_Sup,2026-06-11,Flat,loss,4,-0.5,29.995,long,1
SMCI,1H_Sup,2026-06-11,Flat,loss,10,-0.5,30.2301,long,1
SMCI,1H_Sup,2026-06-11,Flat,loss,0,-0.5,30.433,long,1
SMCI,1H_Sup,2026-06-11,Flat,loss,10,-0.5,30.715,long,1
SMCI,1H_Sup,2026-06-11,Flat,loss,7,-0.5,30.785,long,1
SMCI,1H_Sup,2026-06-11,Flat,loss,2,-0.5,30.8401,long,1
SMCI,1H_Sup,2026-06-11,Flat,win,36,1.0,30.8955,long,1
SMCI,1H_Sup,2026-06-11,Flat,win,4,1.0,31.33,long,1
SMCI,1H_Sup,2026-06-11,Flat,win,8,1.0,31.385,long,1
SMCI,1H_Sup,2026-06-11,Flat,win,8,1.0,31.385,long,1
SMCI,4H_Sup,2026-06-11,Flat,loss,0,-0.5,29.805,long,1
SMCI,4H_Sup,2026-06-11,Flat,loss,0,-0.5,29.805,long,1
SMCI,4H_Sup,2026-06-11,Flat,loss,0,-0.5,29.805,long,1
SMCI,4H_Sup,2026-06-11,Flat,loss,0,-0.5,29.805,long,1
SMCI,4H_Sup,2026-06-11,Flat,win,10,1.0,29.84,long,1
SMCI,4H_Sup,2026-06-11,Flat,loss,4,-0.5,29.995,long,1
SMCI,4H_Sup,2026-06-11,Flat,loss,10,-0.5,30.2301,long,1
SMCI,4H_Sup,2026-06-11,Flat,loss,0,-0.5,30.433,long,1
SMCI,4H_Sup,2026-06-11,Flat,loss,10,-0.5,30.715,long,1
SMCI,4H_Sup,2026-06-11,Flat,loss,7,-0.5,30.785,long,1
SMCI,4H_Sup,2026-06-11,Flat,loss,2,-0.5,30.8401,long,1
SMCI,4H_Sup,2026-06-11,Flat,win,36,1.0,30.8955,long,1
SMCI,4H_Sup,2026-06-11,Flat,win,4,1.0,31.33,long,1
SMCI,4H_Sup,2026-06-11,Flat,win,8,1.0,31.385,long,1
SMCI,4H_Sup,2026-06-11,Flat,win,8,1.0,31.385,long,1
SMCI,4H_Sup,2026-06-11,Flat,win,5,1.0,31.46,long,1
SMCI,4H_Sup,2026-06-11,Flat,win,8,1.0,31.615,long,1
SMCI,4H_Sup,2026-06-11,Flat,loss,8,-0.5,31.785,long,1
SMCI,4H_Sup,2026-06-11,Flat,loss,3,-0.5,31.86,long,1
SMCI,4H_Sup,2026-06-11,Flat,loss,1,-0.5,31.93,long,1
SMCI,1H_Res,2026-06-11,Flat,win,0,1.0,29.81,short,1
SMCI,1H_Res,2026-06-11,Flat,win,7,1.0,30.26,short,1
SMCI,4H_Res,2026-06-11,Flat,win,0,1.0,29.81,short,1
SMCI,4H_Res,2026-06-11,Flat,win,7,1.0,30.26,short,1
SMCI,PML,2026-06-12,Gap Down,loss,2,-0.5,30.71,long,1
SMCI,1H_Sup,2026-06-12,Gap Down,loss,0,-0.5,30.9077,long,1
SMCI,1H_Sup,2026-06-12,Gap Down,loss,10,-0.5,31.01,long,1
SMCI,1H_Sup,2026-06-12,Gap Down,loss,1,-0.5,31.1,long,1
SMCI,4H_Sup,2026-06-12,Gap Down,loss,4,-0.5,29.87,long,1
SMCI,4H_Sup,2026-06-12,Gap Down,win,2,1.0,30.365,long,1
SMCI,4H_Sup,2026-06-12,Gap Down,loss,0,-0.5,30.405,long,1
SMCI,4H_Sup,2026-06-12,Gap Down,loss,0,-0.5,30.78,long,1
SMCI,1H_Res,2026-06-12,Gap Down,win,1,1.0,29.8699,short,1
SMCI,1H_Res,2026-06-12,Gap Down,loss,1,-0.5,31.17,short,1
SMCI,1H_Res,2026-06-12,Gap Down,win,7,1.0,31.3597,short,1
SMCI,4H_Res,2026-06-12,Gap Down,win,1,1.0,29.8699,short,1
SMCI,4H_Res,2026-06-12,Gap Down,win,1,1.0,29.8699,short,1
SMCI,4H_Res,2026-06-12,Gap Down,win,1,1.0,29.8699,short,1
SMCI,4H_Res,2026-06-12,Gap Down,loss,1,-0.5,31.17,short,1
SMCI,4H_Res,2026-06-12,Gap Down,win,7,1.0,31.3597,short,1
SMCI,4H_Res,2026-06-12,Gap Down,loss,2,-0.5,31.56,short,1
COIN,1H_Sup,2025-12-16,Gap Up,loss,2,-0.5,252.09,long,1
COIN,4H_Sup,2025-12-16,Gap Up,loss,2,-0.5,252.09,long,1
COIN,4H_Sup,2025-12-16,Gap Up,loss,1,-0.5,256.47,long,1
COIN,PMH,2025-12-16,Gap Up,loss,4,-0.5,253.9,short,1
COIN,PML,2025-12-17,Gap Up,loss,12,-0.5,249.6475,long,1
COIN,PDL,2025-12-17,Gap Up,loss,17,-0.5,251.2,long,1
COIN,1H_Sup,2025-12-17,Gap Up,win,6,1.0,255.15,long,1
COIN,4H_Sup,2025-12-17,Gap Up,loss,0,-0.5,258.612,long,1
COIN,PMH,2025-12-17,Gap Up,loss,7,-0.5,254.18,short,1
COIN,PDH,2025-12-17,Gap Up,win,5,1.0,255.74,short,1
COIN,PML,2025-12-18,Gap Up,win,37,1.0,248.3739,long,1
COIN,PDL,2025-12-18,Gap Up,loss,4,-0.5,245.32,long,1
COIN,1H_Sup,2025-12-18,Gap Up,win,14,1.0,247.55,long,1
COIN,4H_Sup,2025-12-18,Gap Up,win,36,1.0,248.335,long,1
COIN,4H_Sup,2025-12-18,Gap Up,loss,14,-0.5,249.35,long,1
COIN,PML,2025-12-19,Gap Up,loss,0,-0.5,246.1086,long,1
COIN,1H_Sup,2025-12-19,Gap Up,loss,0,-0.5,246.1086,long,1
COIN,PML,2025-12-23,Gap Down,loss,0,-0.5,244.0,long,1
COIN,PML,2025-12-24,Gap Down,loss,4,-0.5,240.17,long,1
COIN,PDL,2025-12-24,Gap Down,loss,15,-0.5,239.41,long,1
COIN,PMH,2025-12-24,Gap Down,win,48,1.0,239.9,short,1
COIN,PML,2025-12-30,Flat,loss,14,-0.5,233.82,long,1
COIN,PDL,2025-12-30,Flat,timeout,60,0.2292188738246696,233.445,long,1
COIN,1H_Sup,2025-12-30,Flat,loss,20,-0.5,235.6,long,1
COIN,4H_Sup,2025-12-30,Flat,loss,20,-0.5,235.6,long,1
COIN,PMH,2025-12-30,Flat,loss,18,-0.5,234.7,short,1
COIN,PML,2025-12-31,Flat,loss,5,-0.5,231.87,long,1
COIN,PMH,2025-12-31,Flat,win,15,1.0,231.69,short,1
COIN,PML,2026-01-06,Flat,win,4,1.0,254.6,long,1
COIN,PDL,2026-01-06,Flat,loss,16,-0.5,247.315,long,1
COIN,4H_Sup,2026-01-06,Flat,loss,4,-0.5,256.14,long,1
COIN,PMH,2026-01-06,Flat,loss,0,-0.5,256.1878,short,1
COIN,PDL,2026-01-07,Gap Down,loss,18,-0.5,246.77,long,1
COIN,1H_Sup,2026-01-08,Flat,loss,1,-0.5,248.015,long,1
COIN,4H_Sup,2026-01-08,Flat,loss,5,-0.5,248.98,long,1
COIN,PDH,2026-01-08,Flat,win,4,1.0,247.85,short,1
COIN,PDL,2026-01-09,Flat,loss,6,-0.5,243.0,long,1
COIN,1H_Sup,2026-01-13,Gap Up,win,1,1.0,247.03,long,1
COIN,4H_Sup,2026-01-13,Gap Up,win,0,1.0,247.1225,long,1
COIN,PMH,2026-01-13,Gap Up,loss,11,-0.5,246.13,short,1
COIN,PDH,2026-01-13,Gap Up,loss,42,-0.5,246.31,short,1
COIN,PML,2026-01-14,Gap Up,timeout,60,0.06108615117837201,253.74,long,1
COIN,1H_Sup,2026-01-14,Gap Up,loss,0,-0.5,256.835,long,1
COIN,4H_Sup,2026-01-14,Gap Up,loss,1,-0.5,256.445,long,1
COIN,PMH,2026-01-14,Gap Up,loss,4,-0.5,255.97,short,1
COIN,PDH,2026-01-14,Gap Up,loss,16,-0.5,253.5001,short,1
COIN,1H_Res,2026-01-14,Gap Up,loss,16,-0.5,253.5001,short,1
COIN,PML,2026-01-16,Flat,win,3,1.0,239.61,long,1
COIN,PDL,2026-01-16,Flat,loss,1,-0.5,239.01,long,1
COIN,1H_Sup,2026-01-16,Flat,loss,10,-0.5,242.26,long,1
COIN,1H_Sup,2026-01-16,Flat,loss,9,-0.5,242.03,long,1
COIN,1H_Sup,2026-01-16,Flat,timeout,60,-0.21464542227358283,242.26,long,1
COIN,1H_Sup,2026-01-16,Flat,loss,9,-0.5,243.03,long,1
COIN,4H_Sup,2026-01-16,Flat,loss,1,-0.5,239.01,long,1
COIN,4H_Sup,2026-01-16,Flat,loss,9,-0.5,242.03,long,1
COIN,4H_Sup,2026-01-16,Flat,timeout,60,-0.21464542227358283,242.26,long,1
COIN,4H_Sup,2026-01-16,Flat,loss,9,-0.5,243.03,long,1
COIN,PMH,2026-01-16,Flat,win,17,1.0,241.81,short,1
COIN,4H_Res,2026-01-16,Flat,win,6,1.0,239.6501,short,1
COIN,PML,2026-01-21,Flat,win,18,1.0,228.885,long,1
COIN,PDL,2026-01-21,Flat,win,18,1.0,228.885,long,1
COIN,1H_Sup,2026-01-21,Flat,loss,8,-0.5,228.81,long,1
COIN,4H_Sup,2026-01-21,Flat,loss,13,-0.5,230.415,long,1
COIN,PMH,2026-01-21,Flat,loss,1,-0.5,228.44,short,1
COIN,4H_Res,2026-01-21,Flat,win,15,1.0,230.415,short,1
COIN,PML,2026-01-22,Gap Up,loss,3,-0.5,228.08,long,1
COIN,1H_Sup,2026-01-22,Gap Up,loss,7,-0.5,227.125,long,1
COIN,1H_Sup,2026-01-22,Gap Up,loss,0,-0.5,230.01,long,1
COIN,PMH,2026-01-22,Gap Up,loss,6,-0.5,227.33,short,1
COIN,1H_Res,2026-01-22,Gap Up,loss,6,-0.5,227.33,short,1
COIN,PDL,2026-01-27,Flat,loss,44,-0.5,211.4247,long,1
COIN,PML,2026-01-28,Gap Up,loss,0,-0.5,212.19,long,1
COIN,PDL,2026-01-28,Gap Up,timeout,60,-0.18246010396239187,208.2099,long,1
COIN,1H_Sup,2026-01-28,Gap Up,loss,2,-0.5,213.1,long,1
COIN,4H_Sup,2026-01-28,Gap Up,loss,2,-0.5,213.1,long,1
COIN,PMH,2026-01-28,Gap Up,loss,1,-0.5,213.0,short,1
COIN,PDH,2026-01-28,Gap Up,win,4,1.0,211.33,short,1
COIN,1H_Res,2026-01-28,Gap Up,loss,15,-0.5,210.4,short,1
COIN,4H_Res,2026-01-28,Gap Up,loss,15,-0.5,210.4,short,1
COIN,PML,2026-01-30,Flat,loss,57,-0.5,193.86,long,1
COIN,PDL,2026-01-30,Flat,loss,26,-0.5,194.7971,long,1
COIN,1H_Sup,2026-01-30,Flat,loss,1,-0.5,197.78,long,1
COIN,PMH,2026-01-30,Flat,loss,0,-0.5,196.16,short,1
COIN,1H_Res,2026-01-30,Flat,loss,0,-0.5,196.16,short,1
COIN,4H_Res,2026-01-30,Flat,loss,0,-0.5,196.16,short,1
COIN,PDL,2026-02-03,Gap Up,loss,0,-0.5,187.04,long,1
COIN,PDL,2026-02-04,Gap Down,loss,0,-0.5,175.64,long,1
COIN,4H_Sup,2026-02-06,Gap Up,loss,0,-0.5,155.53,long,1
COIN,4H_Sup,2026-02-06,Gap Up,loss,4,-0.5,155.9,long,1
COIN,PMH,2026-02-06,Gap Up,loss,0,-0.5,154.05,short,1
COIN,PML,2026-02-10,Gap Down,win,1,1.0,163.11,long,1
COIN,4H_Sup,2026-02-10,Gap Down,loss,1,-0.5,164.99,long,1
COIN,PMH,2026-02-10,Gap Down,loss,2,-0.5,165.78,short,1
COIN,PDH,2026-02-10,Gap Down,win,59,1.0,167.1479,short,1
COIN,PML,2026-02-11,Gap Down,loss,0,-0.5,157.4,long,1
COIN,PDH,2026-02-13,Gap Up,loss,0,-0.5,150.05,short,1
COIN,PML,2026-02-18,Flat,loss,0,-0.5,168.56,long,1
COIN,1H_Sup,2026-02-18,Flat,loss,10,-0.5,168.79,long,1
COIN,1H_Sup,2026-02-18,Flat,loss,0,-0.5,169.065,long,1
COIN,4H_Sup,2026-02-18,Flat,loss,0,-0.5,168.56,long,1
COIN,4H_Sup,2026-02-18,Flat,win,5,1.0,170.52,long,1
COIN,PMH,2026-02-18,Flat,loss,1,-0.5,167.57,short,1
COIN,PDH,2026-02-18,Flat,loss,3,-0.5,169.585,short,1
COIN,PML,2026-02-19,Gap Down,loss,2,-0.5,163.085,long,1
COIN,PDL,2026-02-19,Gap Down,win,3,1.0,164.63,long,1
COIN,1H_Sup,2026-02-19,Gap Down,win,3,1.0,164.63,long,1
COIN,1H_Sup,2026-02-19,Gap Down,loss,6,-0.5,166.125,long,1
COIN,PMH,2026-02-19,Gap Down,win,3,1.0,165.1,short,1
COIN,PML,2026-02-20,Gap Down,win,3,1.0,167.785,long,1
COIN,1H_Sup,2026-02-20,Gap Down,win,3,1.0,167.785,long,1
COIN,1H_Sup,2026-02-20,Gap Down,win,2,1.0,168.26,long,1
COIN,4H_Sup,2026-02-20,Gap Down,win,2,1.0,168.26,long,1
COIN,PMH,2026-02-20,Gap Down,loss,0,-0.5,168.09,short,1
COIN,PDH,2026-02-20,Gap Down,loss,6,-0.5,166.72,short,1
COIN,1H_Res,2026-02-20,Gap Down,loss,1,-0.5,166.1,short,1
COIN,4H_Res,2026-02-20,Gap Down,loss,1,-0.5,166.1,short,1
COIN,PML,2026-02-24,Gap Down,loss,8,-0.5,155.72,long,1
COIN,PDL,2026-02-24,Gap Down,loss,2,-0.5,159.36,long,1
COIN,1H_Sup,2026-02-24,Gap Down,win,27,1.0,160.62,long,1
COIN,PMH,2026-02-24,Gap Down,timeout,60,-0.34779309472619924,158.14,short,1
COIN,1H_Res,2026-02-24,Gap Down,loss,38,-0.5,160.14,short,1
COIN,PMH,2026-02-25,Gap Up,win,1,1.0,171.63,short,1
COIN,PML,2026-02-26,Gap Down,loss,0,-0.5,184.1,long,1
COIN,1H_Sup,2026-02-26,Gap Down,loss,6,-0.5,183.61,long,1
COIN,4H_Sup,2026-02-26,Gap Down,loss,0,-0.5,183.2,long,1
COIN,PMH,2026-02-26,Gap Down,loss,2,-0.5,183.22,short,1
COIN,PDH,2026-02-26,Gap Down,loss,2,-0.5,183.22,short,1
COIN,1H_Res,2026-02-26,Gap Down,loss,2,-0.5,183.22,short,1
COIN,PML,2026-02-27,Gap Down,loss,1,-0.5,175.63,long,1
COIN,PDL,2026-02-27,Gap Down,loss,3,-0.5,177.38,long,1
COIN,4H_Sup,2026-02-27,Gap Down,loss,2,-0.5,177.44,long,1
COIN,PML,2026-03-03,Gap Down,win,7,1.0,175.15,long,1
COIN,PDL,2026-03-03,Gap Down,win,5,1.0,173.6,long,1
COIN,1H_Sup,2026-03-03,Gap Down,win,6,1.0,183.94,long,1
COIN,1H_Sup,2026-03-03,Gap Down,loss,6,-0.5,185.81,long,1
COIN,4H_Sup,2026-03-03,Gap Down,loss,11,-0.5,182.16,long,1
COIN,4H_Sup,2026-03-03,Gap Down,loss,11,-0.5,185.69,long,1
COIN,PMH,2026-03-03,Gap Down,loss,7,-0.5,181.08,short,1
COIN,PDH,2026-03-03,Gap Down,timeout,60,0.3991393222162553,185.9,short,1
COIN,4H_Res,2026-03-03,Gap Down,loss,7,-0.5,184.7251,short,1
COIN,PML,2026-03-05,Gap Down,win,26,1.0,205.41,long,1
COIN,1H_Sup,2026-03-05,Gap Down,loss,1,-0.5,211.13,long,1
COIN,1H_Sup,2026-03-05,Gap Down,loss,1,-0.5,212.045,long,1
COIN,4H_Sup,2026-03-05,Gap Down,loss,1,-0.5,211.13,long,1
COIN,4H_Sup,2026-03-05,Gap Down,loss,0,-0.5,213.395,long,1
COIN,PDH,2026-03-05,Gap Down,win,9,1.0,210.14,short,1
COIN,PML,2026-03-06,Gap Down,win,4,1.0,197.29,long,1
COIN,1H_Sup,2026-03-10,Gap Up,win,10,1.0,195.455,long,1
COIN,1H_Sup,2026-03-10,Gap Up,loss,2,-0.5,201.12,long,1
COIN,4H_Sup,2026-03-10,Gap Up,loss,0,-0.5,199.4,long,1
COIN,PDH,2026-03-10,Gap Up,win,2,1.0,202.68,short,1
COIN,1H_Res,2026-03-10,Gap Up,loss,1,-0.5,195.71,short,1
COIN,1H_Res,2026-03-10,Gap Up,loss,1,-0.5,195.71,short,1
COIN,1H_Res,2026-03-10,Gap Up,loss,2,-0.5,196.8,short,1
COIN,1H_Res,2026-03-10,Gap Up,loss,0,-0.5,199.19,short,1
COIN,4H_Res,2026-03-10,Gap Up,loss,0,-0.5,198.56,short,1
COIN,4H_Res,2026-03-10,Gap Up,loss,0,-0.5,199.19,short,1
COIN,4H_Res,2026-03-10,Gap Up,loss,0,-0.5,199.19,short,1
COIN,PML,2026-03-11,Flat,win,7,1.0,195.31,long,1
COIN,PDL,2026-03-11,Flat,loss,9,-0.5,196.3,long,1
COIN,1H_Sup,2026-03-11,Flat,win,3,1.0,199.07,long,1
COIN,4H_Sup,2026-03-11,Flat,loss,4,-0.5,201.79,long,1
COIN,PMH,2026-03-11,Flat,loss,0,-0.5,196.04,short,1
COIN,PML,2026-03-12,Gap Down,win,2,1.0,195.4,long,1
COIN,PDL,2026-03-12,Gap Down,loss,15,-0.5,193.64,long,1
COIN,4H_Sup,2026-03-12,Gap Down,win,2,1.0,195.4,long,1
COIN,PMH,2026-03-12,Gap Down,win,5,1.0,197.46,short,1
COIN,PML,2026-03-13,Gap Up,loss,59,-0.5,195.215,long,1
COIN,1H_Sup,2026-03-13,Gap Up,loss,51,-0.5,195.435,long,1
COIN,4H_Sup,2026-03-13,Gap Up,loss,4,-0.5,197.705,long,1
COIN,PMH,2026-03-13,Gap Up,win,28,1.0,200.87,short,1
COIN,PDH,2026-03-13,Gap Up,loss,2,-0.5,197.39,short,1
COIN,PML,2026-03-17,Flat,win,0,1.0,204.4,long,1
COIN,1H_Sup,2026-03-17,Flat,win,0,1.0,204.4,long,1
COIN,4H_Sup,2026-03-17,Flat,loss,1,-0.5,208.92,long,1
COIN,PMH,2026-03-17,Flat,loss,50,-0.5,206.25,short,1
COIN,PDH,2026-03-17,Flat,loss,5,-0.5,205.55,short,1
COIN,PML,2026-03-18,Gap Down,loss,28,-0.5,205.91,long,1
COIN,PDL,2026-03-18,Gap Down,timeout,60,-0.2411298656562222,203.21,long,1
COIN,4H_Sup,2026-03-18,Gap Down,loss,0,-0.5,206.61,long,1
COIN,4H_Res,2026-03-18,Gap Down,loss,16,-0.5,207.05,short,1
COIN,PML,2026-03-19,Gap Down,win,6,1.0,196.045,long,1
COIN,PDL,2026-03-19,Gap Down,win,4,1.0,202.8,long,1
COIN,1H_Sup,2026-03-19,Gap Down,loss,25,-0.5,204.06,long,1
COIN,1H_Sup,2026-03-19,Gap Down,loss,1,-0.5,204.89,long,1
COIN,1H_Sup,2026-03-19,Gap Down,loss,23,-0.5,204.0601,long,1
COIN,4H_Sup,2026-03-19,Gap Down,loss,23,-0.5,204.0601,long,1
COIN,PMH,2026-03-19,Gap Down,loss,1,-0.5,202.84,short,1
COIN,PML,2026-03-20,Flat,loss,2,-0.5,201.38,long,1
COIN,4H_Sup,2026-03-20,Flat,loss,3,-0.5,200.16,long,1
COIN,4H_Res,2026-03-20,Flat,loss,7,-0.5,199.41,short,1
COIN,4H_Res,2026-03-20,Flat,loss,0,-0.5,200.76,short,1
COIN,PML,2026-03-24,Gap Down,loss,5,-0.5,200.54,long,1
COIN,4H_Sup,2026-03-24,Gap Down,loss,1,-0.5,201.68,long,1
COIN,PML,2026-03-25,Gap Up,loss,13,-0.5,185.485,long,1
COIN,1H_Sup,2026-03-25,Gap Up,win,25,1.0,182.96,long,1
COIN,4H_Sup,2026-03-25,Gap Up,loss,24,-0.5,184.61,long,1
COIN,PMH,2026-03-25,Gap Up,loss,2,-0.5,185.61,short,1
COIN,4H_Res,2026-03-25,Gap Up,loss,39,-0.5,183.43,short,1
COIN,PML,2026-03-26,Gap Down,win,8,1.0,177.795,long,1
COIN,4H_Sup,2026-03-31,Gap Up,win,15,1.0,163.76,long,1
COIN,PMH,2026-03-31,Gap Up,loss,1,-0.5,163.345,short,1
COIN,PDH,2026-03-31,Gap Up,loss,8,-0.5,165.24,short,1
COIN,PML,2026-04-01,Gap Up,timeout,60,0.39659895001140905,175.24,long,1
COIN,1H_Sup,2026-04-01,Gap Up,loss,6,-0.5,176.5,long,1
COIN,PMH,2026-04-01,Gap Up,loss,0,-0.5,175.95,short,1
COIN,PDH,2026-04-01,Gap Up,win,5,1.0,173.6,short,1
COIN,4H_Res,2026-04-01,Gap Up,win,5,1.0,173.6,short,1
COIN,PML,2026-04-02,Gap Down,win,23,1.0,166.16,long,1
COIN,PDL,2026-04-02,Gap Down,loss,11,-0.5,172.1,long,1
COIN,PML,2026-04-07,Gap Down,loss,5,-0.5,172.425,long,1
COIN,PDL,2026-04-07,Gap Down,loss,13,-0.5,173.945,long,1
COIN,4H_Sup,2026-04-07,Gap Down,loss,10,-0.5,174.25,long,1
COIN,PMH,2026-04-07,Gap Down,loss,19,-0.5,173.635,short,1
COIN,PML,2026-04-08,Gap Up,loss,1,-0.5,183.38,long,1
COIN,1H_Sup,2026-04-08,Gap Up,timeout,49,0.6520927293096958,174.055,long,1
COIN,4H_Sup,2026-04-08,Gap Up,timeout,13,-0.017121333181144352,175.22,long,1
COIN,PMH,2026-04-08,Gap Up,win,2,1.0,186.0981,short,1
COIN,PDH,2026-04-08,Gap Up,win,16,1.0,174.72,short,1
COIN,1H_Res,2026-04-08,Gap Up,win,16,1.0,174.72,short,1
COIN,4H_Res,2026-04-08,Gap Up,win,16,1.0,174.72,short,1
COIN,PML,2026-04-09,Flat,win,7,1.0,173.935,long,1
COIN,PDL,2026-04-09,Flat,win,8,1.0,173.795,long,1
COIN,1H_Sup,2026-04-09,Flat,win,8,1.0,173.795,long,1
COIN,1H_Sup,2026-04-09,Flat,loss,0,-0.5,176.8,long,1
COIN,PMH,2026-04-09,Flat,win,1,1.0,173.587,short,1
COIN,PML,2026-04-10,Flat,loss,14,-0.5,168.33,long,1
COIN,PDL,2026-04-10,Flat,win,4,1.0,167.275,long,1
COIN,1H_Res,2026-04-10,Flat,win,1,1.0,168.67,short,1
COIN,1H_Sup,2026-04-15,Gap Up,loss,7,-0.5,185.25,long,1
COIN,4H_Sup,2026-04-15,Gap Up,win,14,1.0,187.805,long,1
COIN,PMH,2026-04-15,Gap Up,loss,4,-0.5,184.5,short,1
COIN,PML,2026-04-16,Gap Up,loss,4,-0.5,195.47,long,1
COIN,1H_Sup,2026-04-16,Gap Up,loss,4,-0.5,197.19,long,1
COIN,4H_Sup,2026-04-16,Gap Up,win,16,1.0,189.48,long,1
COIN,4H_Sup,2026-04-16,Gap Up,loss,10,-0.5,193.85,long,1
COIN,4H_Sup,2026-04-16,Gap Up,win,34,1.0,196.375,long,1
COIN,PMH,2026-04-16,Gap Up,loss,6,-0.5,196.62,short,1
COIN,PDH,2026-04-16,Gap Up,win,3,1.0,194.87,short,1
COIN,1H_Res,2026-04-16,Gap Up,win,3,1.0,194.87,short,1
COIN,4H_Res,2026-04-16,Gap Up,win,3,1.0,194.87,short,1
COIN,PMH,2026-04-17,Gap Up,loss,1,-0.5,207.495,short,1
COIN,PDL,2026-04-21,Flat,loss,30,-0.5,201.2518,long,1
COIN,4H_Sup,2026-04-21,Flat,loss,1,-0.5,209.245,long,1
COIN,PML,2026-04-22,Gap Up,loss,0,-0.5,205.81,long,1
COIN,PMH,2026-04-22,Gap Up,loss,4,-0.5,204.505,short,1
COIN,PDH,2026-04-22,Gap Up,loss,11,-0.5,210.17,short,1
COIN,PML,2026-04-23,Gap Down,loss,4,-0.5,201.44,long,1
COIN,PDL,2026-04-23,Gap Down,loss,7,-0.5,204.255,long,1
COIN,PMH,2026-04-23,Gap Down,loss,2,-0.5,204.69,short,1
COIN,PML,2026-04-24,Gap Up,loss,4,-0.5,199.045,long,1
COIN,1H_Sup,2026-04-24,Gap Up,loss,4,-0.5,199.29,long,1
COIN,4H_Sup,2026-04-24,Gap Up,loss,1,-0.5,200.412,long,1
COIN,PML,2026-04-28,Gap Down,loss,0,-0.5,191.61,long,1
COIN,PDL,2026-04-28,Gap Down,loss,5,-0.5,195.715,long,1
COIN,PML,2026-04-30,Flat,win,7,1.0,180.8,long,1
COIN,1H_Sup,2026-04-30,Flat,win,3,1.0,182.92,long,1
COIN,4H_Sup,2026-04-30,Flat,win,3,1.0,182.92,long,1
COIN,PMH,2026-04-30,Flat,loss,9,-0.5,183.045,short,1
COIN,PDH,2026-04-30,Flat,loss,23,-0.5,186.77,short,1
COIN,1H_Res,2026-04-30,Flat,loss,0,-0.5,179.93,short,1
COIN,4H_Res,2026-04-30,Flat,loss,0,-0.5,179.93,short,1
COIN,PMH,2026-05-01,Gap Up,loss,7,-0.5,190.73,short,1
COIN,PML,2026-05-05,Gap Up,loss,0,-0.5,207.465,long,1
COIN,PDL,2026-05-05,Gap Up,loss,5,-0.5,198.515,long,1
COIN,4H_Sup,2026-05-05,Gap Up,loss,0,-0.5,206.61,long,1
COIN,PDH,2026-05-05,Gap Up,win,6,1.0,205.9,short,1
COIN,4H_Res,2026-05-05,Gap Up,win,3,1.0,205.42,short,1
COIN,PML,2026-05-06,Gap Down,loss,3,-0.5,197.75,long,1
COIN,PDL,2026-05-06,Gap Down,loss,5,-0.5,197.32,long,1
COIN,PML,2026-05-07,Gap Down,loss,8,-0.5,196.735,long,1
COIN,PDL,2026-05-07,Gap Down,loss,2,-0.5,193.96,long,1
COIN,PML,2026-05-08,Gap Down,loss,2,-0.5,185.416,long,1
COIN,PDL,2026-05-08,Gap Down,loss,21,-0.5,191.59,long,1
COIN,1H_Sup,2026-05-08,Gap Down,win,21,1.0,194.23,long,1
COIN,4H_Sup,2026-05-08,Gap Down,loss,21,-0.5,191.59,long,1
COIN,4H_Sup,2026-05-08,Gap Down,win,41,1.0,194.86,long,1
COIN,PMH,2026-05-08,Gap Down,loss,2,-0.5,188.21,short,1
COIN,PDH,2026-05-08,Gap Down,loss,18,-0.5,197.665,short,1
COIN,PML,2026-05-12,Gap Down,loss,2,-0.5,211.475,long,1
COIN,1H_Sup,2026-05-12,Gap Down,loss,0,-0.5,218.05,long,1
COIN,4H_Sup,2026-05-12,Gap Down,loss,5,-0.5,210.175,long,1
COIN,4H_Sup,2026-05-12,Gap Down,loss,7,-0.5,210.685,long,1
COIN,PMH,2026-05-12,Gap Down,win,2,1.0,213.18,short,1
COIN,PDH,2026-05-12,Gap Down,loss,2,-0.5,213.9173,short,1
COIN,PDL,2026-05-13,Gap Down,loss,3,-0.5,201.25,long,1
COIN,4H_Sup,2026-05-13,Gap Down,loss,6,-0.5,201.26,long,1
COIN,4H_Sup,2026-05-13,Gap Down,loss,1,-0.5,203.79,long,1
COIN,4H_Sup,2026-05-13,Gap Down,loss,3,-0.5,203.215,long,1
COIN,4H_Res,2026-05-13,Gap Down,loss,0,-0.5,200.66,short,1
COIN,PML,2026-05-14,Flat,win,23,1.0,201.1,long,1
COIN,PDL,2026-05-14,Flat,loss,0,-0.5,198.159,long,1
COIN,1H_Sup,2026-05-14,Flat,win,14,1.0,205.43,long,1
COIN,4H_Sup,2026-05-14,Flat,win,10,1.0,199.1,long,1
COIN,4H_Sup,2026-05-14,Flat,win,2,1.0,204.93,long,1
COIN,4H_Res,2026-05-14,Flat,win,8,1.0,198.12,short,1
COIN,PDL,2026-05-15,Gap Down,loss,6,-0.5,195.505,long,1
COIN,PML,2026-05-19,Flat,loss,1,-0.5,189.77,long,1
COIN,1H_Sup,2026-05-19,Flat,loss,1,-0.5,190.59,long,1
COIN,4H_Sup,2026-05-19,Flat,loss,1,-0.5,189.77,long,1
COIN,PMH,2026-05-19,Flat,loss,5,-0.5,190.96,short,1
COIN,PDH,2026-05-19,Flat,loss,24,-0.5,193.79,short,1
COIN,1H_Res,2026-05-19,Flat,win,3,1.0,188.66,short,1
COIN,4H_Res,2026-05-19,Flat,loss,3,-0.5,186.385,short,1
COIN,4H_Res,2026-05-19,Flat,win,3,1.0,188.66,short,1
COIN,PML,2026-05-20,Flat,loss,6,-0.5,194.69,long,1
COIN,1H_Sup,2026-05-20,Flat,loss,5,-0.5,194.86,long,1
COIN,4H_Sup,2026-05-20,Flat,win,12,1.0,191.01,long,1
COIN,4H_Sup,2026-05-20,Flat,loss,0,-0.5,192.2,long,1
COIN,PMH,2026-05-20,Flat,win,22,1.0,196.275,short,1
COIN,PDH,2026-05-20,Flat,win,6,1.0,194.86,short,1
COIN,1H_Res,2026-05-20,Flat,loss,4,-0.5,193.9367,short,1
COIN,4H_Res,2026-05-20,Flat,loss,0,-0.5,191.0,short,1
COIN,4H_Res,2026-05-20,Flat,loss,1,-0.5,193.165,short,1
COIN,PML,2026-05-21,Gap Down,loss,4,-0.5,190.5,long,1
COIN,PDL,2026-05-21,Gap Down,loss,4,-0.5,190.5,long,1
COIN,1H_Sup,2026-05-21,Gap Down,win,39,1.0,192.46,long,1
COIN,1H_Sup,2026-05-21,Gap Down,win,39,1.0,193.22,long,1
COIN,1H_Sup,2026-05-21,Gap Down,loss,24,-0.5,194.83,long,1
COIN,4H_Sup,2026-05-21,Gap Down,win,39,1.0,192.46,long,1
COIN,4H_Sup,2026-05-21,Gap Down,win,39,1.0,192.46,long,1
COIN,PMH,2026-05-21,Gap Down,loss,32,-0.5,193.38,short,1
COIN,PML,2026-05-22,Flat,loss,12,-0.5,193.84,long,1
COIN,PDL,2026-05-22,Flat,timeout,60,0.668807729058295,188.38,long,1
COIN,4H_Sup,2026-05-22,Flat,win,3,1.0,191.8,long,1
COIN,PMH,2026-05-22,Flat,win,1,1.0,193.76,short,1
COIN,PDH,2026-05-22,Flat,win,1,1.0,193.76,short,1
COIN,PML,2026-05-27,Gap Down,win,4,1.0,177.52,long,1
COIN,PML,2026-05-28,Gap Down,win,7,1.0,169.83,long,1
COIN,PDL,2026-05-28,Gap Down,loss,8,-0.5,175.16,long,1
COIN,1H_Sup,2026-05-28,Gap Down,loss,8,-0.5,175.16,long,1
COIN,1H_Sup,2026-05-28,Gap Down,win,23,1.0,176.415,long,1
COIN,4H_Sup,2026-05-28,Gap Down,win,12,1.0,177.66,long,1
COIN,PDH,2026-05-28,Gap Down,loss,16,-0.5,179.19,short,1
COIN,PML,2026-05-29,Gap Down,win,8,1.0,182.28,long,1
COIN,1H_Sup,2026-05-29,Gap Down,win,5,1.0,183.35,long,1
COIN,4H_Sup,2026-05-29,Gap Down,win,5,1.0,183.35,long,1
COIN,PMH,2026-05-29,Gap Down,loss,2,-0.5,183.69,short,1
COIN,PDH,2026-05-29,Gap Down,win,4,1.0,182.28,short,1
COIN,PML,2026-06-02,Gap Down,loss,10,-0.5,177.835,long,1
COIN,PDL,2026-06-02,Gap Down,loss,3,-0.5,177.36,long,1
COIN,PML,2026-06-03,Gap Down,loss,1,-0.5,171.6,long,1
COIN,PDL,2026-06-04,Gap Up,loss,7,-0.5,163.16,long,1
COIN,1H_Sup,2026-06-04,Gap Up,loss,19,-0.5,165.62,long,1
COIN,PMH,2026-06-04,Gap Up,win,5,1.0,165.4367,short,1
COIN,PML,2026-06-09,Gap Down,win,6,1.0,160.12,long,1
COIN,PDL,2026-06-09,Gap Down,loss,7,-0.5,155.6025,long,1
COIN,1H_Sup,2026-06-09,Gap Down,loss,0,-0.5,163.35,long,1
COIN,4H_Sup,2026-06-09,Gap Down,loss,3,-0.5,164.8999,long,1
COIN,PMH,2026-06-09,Gap Down,loss,0,-0.5,162.14,short,1
COIN,PDH,2026-06-09,Gap Down,loss,0,-0.5,163.31,short,1
COIN,4H_Res,2026-06-09,Gap Down,loss,0,-0.5,163.31,short,1
COIN,1H_Sup,2026-06-10,Gap Down,loss,1,-0.5,157.47,long,1
COIN,4H_Sup,2026-06-10,Gap Down,win,3,1.0,153.8125,long,1
COIN,PMH,2026-06-10,Gap Down,loss,0,-0.5,153.84,short,1
COIN,PML,2026-06-11,Gap Up,loss,1,-0.5,155.245,long,1
COIN,PDL,2026-06-11,Gap Up,win,6,1.0,152.55,long,1
COIN,1H_Sup,2026-06-11,Gap Up,loss,0,-0.5,156.1593,long,1
COIN,4H_Sup,2026-06-11,Gap Up,loss,2,-0.5,158.29,long,1
COIN,PMH,2026-06-11,Gap Up,loss,11,-0.5,158.72,short,1
COIN,PDH,2026-06-11,Gap Up,timeout,23,0.5695727894191986,161.349,short,1
COIN,4H_Res,2026-06-11,Gap Up,win,14,1.0,157.91,short,1
COIN,PML,2026-06-12,Flat,win,25,1.0,159.49,long,1
COIN,1H_Sup,2026-06-12,Flat,loss,2,-0.5,159.72,long,1
COIN,1H_Sup,2026-06-12,Flat,win,10,1.0,161.65,long,1
COIN,PMH,2026-06-12,Flat,loss,4,-0.5,161.29,short,1
COIN,PDH,2026-06-12,Flat,loss,1,-0.5,160.795,short,1
COIN,1H_Res,2026-06-12,Flat,win,5,1.0,158.5,short,1
COIN,1H_Res,2026-06-12,Flat,loss,1,-0.5,160.795,short,1
COIN,4H_Res,2026-06-12,Flat,loss,1,-0.5,156.0,short,1
COIN,4H_Res,2026-06-12,Flat,loss,4,-0.5,156.475,short,1
COIN,4H_Res,2026-06-12,Flat,win,8,1.0,158.14,short,1
COIN,4H_Res,2026-06-12,Flat,loss,4,-0.5,160.455,short,1
COIN,4H_Res,2026-06-12,Flat,loss,1,-0.5,160.795,short,1
AMD,PML,2025-12-16,Flat,loss,1,-0.5,206.98,long,1
AMD,PDL,2025-12-16,Flat,loss,6,-0.5,208.36,long,1
AMD,1H_Sup,2025-12-16,Flat,loss,1,-0.5,208.96,long,1
AMD,1H_Sup,2025-12-16,Flat,loss,7,-0.5,209.03,long,1
AMD,4H_Sup,2025-12-16,Flat,loss,1,-0.5,208.96,long,1
AMD,4H_Sup,2025-12-16,Flat,loss,7,-0.5,209.03,long,1
AMD,PMH,2025-12-16,Flat,loss,1,-0.5,206.54,short,1
AMD,PDL,2025-12-17,Gap Up,loss,3,-0.5,206.295,long,1
AMD,PMH,2025-12-17,Gap Up,win,9,1.0,209.31,short,1
AMD,PDH,2025-12-17,Gap Up,win,8,1.0,209.29,short,1
AMD,PML,2025-12-18,Gap Up,loss,21,-0.5,204.385,long,1
AMD,4H_Sup,2025-12-18,Gap Up,timeout,60,0.21758046175903548,202.27,long,1
AMD,PMH,2025-12-18,Gap Up,loss,9,-0.5,203.63,short,1
AMD,PML,2025-12-23,Gap Down,loss,19,-0.5,214.7475,long,1
AMD,PDL,2025-12-23,Gap Down,loss,19,-0.5,214.7475,long,1
AMD,1H_Sup,2025-12-23,Gap Down,loss,2,-0.5,215.91,long,1
AMD,4H_Sup,2025-12-23,Gap Down,loss,2,-0.5,215.91,long,1
AMD,PMH,2025-12-23,Gap Down,loss,6,-0.5,212.3784,short,1
AMD,PML,2025-12-24,Flat,loss,8,-0.5,215.85,long,1
AMD,1H_Sup,2025-12-24,Flat,loss,8,-0.5,215.85,long,1
AMD,PMH,2025-12-24,Flat,timeout,60,0.20438024014678113,215.285,short,1
AMD,PML,2025-12-30,Flat,loss,2,-0.5,216.11,long,1
AMD,1H_Sup,2025-12-30,Flat,loss,14,-0.5,216.6976,long,1
AMD,4H_Sup,2025-12-30,Flat,loss,14,-0.5,216.6976,long,1
AMD,PMH,2025-12-30,Flat,timeout,60,0.23665893271461294,215.5,short,1
AMD,PDH,2025-12-30,Flat,timeout,60,0.19539582626344082,215.4089,short,1
AMD,PML,2025-12-31,Flat,timeout,60,-0.15903910790155945,216.299,long,1
AMD,PDL,2025-12-31,Flat,loss,1,-0.5,215.93,long,1
AMD,1H_Sup,2025-12-31,Flat,loss,1,-0.5,216.4687,long,1
AMD,4H_Sup,2025-12-31,Flat,loss,1,-0.5,216.4687,long,1
AMD,PMH,2025-12-31,Flat,loss,14,-0.5,215.41,short,1
AMD,PDH,2025-12-31,Flat,loss,14,-0.5,215.24,short,1
AMD,PDL,2026-01-08,Flat,loss,2,-0.5,207.86,long,1
AMD,PML,2026-01-09,Flat,loss,12,-0.5,206.18,long,1
AMD,PDL,2026-01-09,Flat,win,18,1.0,204.0,long,1
AMD,1H_Sup,2026-01-09,Flat,loss,29,-0.5,205.58,long,1
AMD,4H_Sup,2026-01-09,Flat,loss,12,-0.5,206.18,long,1
AMD,PMH,2026-01-09,Flat,win,24,1.0,205.715,short,1
AMD,PML,2026-01-14,Gap Down,win,6,1.0,218.4405,long,1
AMD,PDL,2026-01-14,Gap Down,win,27,1.0,215.7,long,1
AMD,1H_Sup,2026-01-14,Gap Down,win,3,1.0,221.62,long,1
AMD,1H_Sup,2026-01-14,Gap Down,loss,2,-0.5,223.3255,long,1
AMD,4H_Sup,2026-01-14,Gap Down,loss,13,-0.5,223.8268,long,1
AMD,PMH,2026-01-14,Gap Down,loss,1,-0.5,216.06,short,1
AMD,PDH,2026-01-14,Gap Down,loss,8,-0.5,222.57,short,1
AMD,PML,2026-01-15,Gap Up,win,0,1.0,232.77,long,1
AMD,PMH,2026-01-15,Gap Up,timeout,28,0.5228758169934591,229.5,short,1
AMD,PML,2026-01-16,Gap Up,loss,16,-0.5,233.95,long,1
AMD,1H_Sup,2026-01-16,Gap Up,loss,5,-0.5,233.27,long,1
AMD,4H_Sup,2026-01-16,Gap Up,loss,9,-0.5,232.52,long,1
AMD,4H_Sup,2026-01-16,Gap Up,loss,9,-0.5,234.45,long,1
AMD,PMH,2026-01-16,Gap Up,loss,17,-0.5,231.03,short,1
AMD,1H_Res,2026-01-16,Gap Up,loss,1,-0.5,229.74,short,1
AMD,1H_Res,2026-01-16,Gap Up,loss,8,-0.5,230.13,short,1
AMD,4H_Sup,2026-01-21,Gap Up,loss,1,-0.5,241.12,long,1
AMD,4H_Sup,2026-01-21,Gap Up,loss,1,-0.5,241.12,long,1
AMD,4H_Sup,2026-01-21,Gap Up,loss,1,-0.5,241.12,long,1
AMD,PMH,2026-01-21,Gap Up,loss,1,-0.5,237.9099,short,1
AMD,PDH,2026-01-21,Gap Up,loss,2,-0.5,237.17,short,1
AMD,4H_Res,2026-01-21,Gap Up,loss,1,-0.5,237.9099,short,1
AMD,PML,2026-01-22,Gap Up,loss,16,-0.5,252.735,long,1
AMD,1H_Sup,2026-01-22,Gap Up,loss,3,-0.5,249.18,long,1
AMD,1H_Sup,2026-01-22,Gap Up,timeout,60,0.3136680392777986,252.56,long,1
AMD,4H_Sup,2026-01-22,Gap Up,win,8,1.0,249.14,long,1
AMD,PMH,2026-01-22,Gap Up,loss,31,-0.5,252.34,short,1
AMD,PDH,2026-01-22,Gap Up,loss,28,-0.5,252.05,short,1
AMD,4H_Res,2026-01-22,Gap Up,win,8,1.0,250.48,short,1
AMD,PML,2026-01-23,Gap Up,win,8,1.0,261.83,long,1
AMD,PMH,2026-01-23,Gap Up,win,2,1.0,261.22,short,1
AMD,PML,2026-01-27,Flat,timeout,60,-0.04611919064178797,253.04,long,1
AMD,PDL,2026-01-27,Flat,win,17,1.0,251.325,long,1
AMD,1H_Sup,2026-01-27,Flat,timeout,60,-0.04611919064178797,253.04,long,1
AMD,4H_Sup,2026-01-27,Flat,loss,4,-0.5,254.99,long,1
AMD,PMH,2026-01-27,Flat,win,4,1.0,250.59,short,1
AMD,PML,2026-01-28,Gap Up,loss,0,-0.5,255.78,long,1
AMD,4H_Sup,2026-01-28,Gap Up,win,5,1.0,254.7814,long,1
AMD,PMH,2026-01-28,Gap Up,loss,4,-0.5,254.6,short,1
AMD,PDH,2026-01-28,Gap Up,loss,3,-0.5,254.26,short,1
AMD,1H_Res,2026-01-28,Gap Up,timeout,60,-0.12718095465203813,251.61,short,1
AMD,PML,2026-01-29,Gap Up,loss,2,-0.5,255.745,long,1
AMD,PDL,2026-01-29,Gap Up,timeout,6,0.5061777600637631,250.9,long,1
AMD,4H_Sup,2026-01-29,Gap Up,loss,2,-0.5,255.745,long,1
AMD,PMH,2026-01-29,Gap Up,loss,3,-0.5,254.31,short,1
AMD,PDH,2026-01-29,Gap Up,win,16,1.0,255.645,short,1
AMD,1H_Res,2026-01-29,Gap Up,win,11,1.0,251.69,short,1
AMD,PML,2026-01-30,Gap Down,loss,0,-0.5,241.4801,long,1
AMD,PDL,2026-01-30,Gap Down,win,3,1.0,242.5,long,1
AMD,1H_Sup,2026-02-03,Gap Up,loss,2,-0.5,247.88,long,1
AMD,PMH,2026-02-03,Gap Up,win,6,1.0,250.55,short,1
AMD,PDH,2026-02-03,Gap Up,win,4,1.0,248.71,short,1
AMD,PML,2026-02-04,Gap Down,loss,0,-0.5,215.39,long,1
AMD,PML,2026-02-05,Gap Up,loss,0,-0.5,203.055,long,1
AMD,PDL,2026-02-05,Gap Up,loss,0,-0.5,203.055,long,1
AMD,1H_Sup,2026-02-05,Gap Up,loss,0,-0.5,203.055,long,1
AMD,1H_Sup,2026-02-05,Gap Up,loss,1,-0.5,202.3,long,1
AMD,PMH,2026-02-05,Gap Up,win,3,1.0,200.195,short,1
AMD,PML,2026-02-06,Gap Up,loss,0,-0.5,199.5,long,1
AMD,PDH,2026-02-06,Gap Up,loss,1,-0.5,202.6201,short,1
AMD,PML,2026-02-10,Flat,loss,1,-0.5,217.85,long,1
AMD,1H_Sup,2026-02-10,Flat,loss,1,-0.5,217.85,long,1
AMD,4H_Sup,2026-02-10,Flat,timeout,60,0.26000557154796283,215.38,long,1
AMD,PMH,2026-02-10,Flat,timeout,60,0.41664737743621927,216.01,short,1
AMD,PDH,2026-02-10,Flat,timeout,60,0.41664737743621927,216.01,short,1
AMD,PML,2026-02-11,Gap Up,loss,0,-0.5,218.0,long,1
AMD,PDL,2026-02-11,Gap Up,loss,12,-0.5,213.88,long,1
AMD,1H_Sup,2026-02-11,Gap Up,win,6,1.0,215.0362,long,1
AMD,4H_Sup,2026-02-11,Gap Up,loss,11,-0.5,217.59,long,1
AMD,PMH,2026-02-11,Gap Up,loss,10,-0.5,216.54,short,1
AMD,PDH,2026-02-11,Gap Up,win,6,1.0,218.16,short,1
AMD,PML,2026-02-12,Gap Up,loss,3,-0.5,217.66,long,1
AMD,1H_Sup,2026-02-12,Gap Up,loss,0,-0.5,214.24,long,1
AMD,PMH,2026-02-12,Gap Up,win,3,1.0,215.205,short,1
AMD,1H_Res,2026-02-12,Gap Up,loss,19,-0.5,213.26,short,1
AMD,PML,2026-02-13,Gap Down,win,0,1.0,207.565,long,1
AMD,PDL,2026-02-13,Gap Down,win,0,1.0,207.565,long,1
AMD,1H_Sup,2026-02-13,Gap Down,loss,1,-0.5,208.705,long,1
AMD,PMH,2026-02-13,Gap Down,loss,2,-0.5,206.26,short,1
AMD,PML,2026-02-18,Gap Down,loss,1,-0.5,198.83,long,1
AMD,PDL,2026-02-18,Gap Down,loss,4,-0.5,196.2536,long,1
AMD,PMH,2026-02-18,Gap Down,loss,5,-0.5,195.69,short,1
AMD,PML,2026-02-19,Flat,loss,6,-0.5,200.34,long,1
AMD,1H_Sup,2026-02-19,Flat,loss,0,-0.5,201.04,long,1
AMD,4H_Sup,2026-02-19,Flat,loss,6,-0.5,203.7873,long,1
AMD,PMH,2026-02-19,Flat,loss,1,-0.5,199.875,short,1
AMD,PDH,2026-02-19,Flat,loss,11,-0.5,202.17,short,1
AMD,1H_Res,2026-02-19,Flat,loss,1,-0.5,199.875,short,1
AMD,PML,2026-02-20,Gap Down,win,9,1.0,201.245,long,1
AMD,PDL,2026-02-20,Gap Down,win,55,1.0,198.98,long,1
AMD,1H_Sup,2026-02-20,Gap Down,loss,21,-0.5,204.14,long,1
AMD,4H_Sup,2026-02-20,Gap Down,loss,21,-0.5,204.14,long,1
AMD,PMH,2026-02-20,Gap Down,loss,8,-0.5,199.93,short,1
AMD,PDH,2026-02-20,Gap Down,loss,9,-0.5,203.5699,short,1
AMD,PML,2026-02-24,Gap Up,loss,8,-0.5,212.3085,long,1
AMD,PMH,2026-02-24,Gap Up,timeout,60,0.7398501803384788,216.26,short,1
AMD,4H_Sup,2026-02-25,Flat,loss,2,-0.5,213.66,long,1
AMD,PMH,2026-02-25,Flat,win,7,1.0,212.655,short,1
AMD,PDH,2026-02-25,Flat,win,7,1.0,212.655,short,1
AMD,PMH,2026-02-26,Gap Down,win,0,1.0,207.5622,short,1
AMD,PML,2026-02-27,Gap Down,loss,1,-0.5,200.1666,long,1
AMD,PMH,2026-02-27,Gap Down,loss,8,-0.5,199.42,short,1
AMD,PML,2026-03-03,Gap Down,loss,1,-0.5,191.58,long,1
AMD,PDL,2026-03-03,Gap Down,loss,1,-0.5,191.58,long,1
AMD,PMH,2026-03-03,Gap Down,loss,3,-0.5,190.51,short,1
AMD,PML,2026-03-04,Gap Up,loss,5,-0.5,193.29,long,1
AMD,1H_Sup,2026-03-04,Gap Up,loss,5,-0.5,193.29,long,1
AMD,4H_Sup,2026-03-04,Gap Up,win,12,1.0,193.06,long,1
AMD,PDH,2026-03-04,Gap Up,loss,9,-0.5,192.97,short,1
AMD,PML,2026-03-05,Gap Down,win,36,1.0,197.465,long,1
AMD,1H_Sup,2026-03-05,Gap Down,loss,7,-0.5,203.45,long,1
AMD,4H_Sup,2026-03-05,Gap Down,loss,7,-0.5,203.45,long,1
AMD,PMH,2026-03-05,Gap Down,win,17,1.0,197.72,short,1
AMD,PDH,2026-03-05,Gap Down,loss,12,-0.5,200.96,short,1
AMD,PML,2026-03-06,Gap Down,win,43,1.0,196.68,long,1
AMD,PDL,2026-03-06,Gap Down,loss,2,-0.5,197.8,long,1
AMD,1H_Sup,2026-03-06,Gap Down,loss,2,-0.5,197.8,long,1
AMD,1H_Sup,2026-03-06,Gap Down,loss,27,-0.5,200.0051,long,1
AMD,PMH,2026-03-06,Gap Down,win,14,1.0,194.36,short,1
AMD,1H_Res,2026-03-06,Gap Down,loss,8,-0.5,196.4317,short,1
AMD,1H_Sup,2026-03-10,Flat,win,12,1.0,204.03,long,1
AMD,4H_Sup,2026-03-10,Flat,win,12,1.0,204.03,long,1
AMD,PML,2026-03-11,Gap Up,timeout,60,0.06846970215680284,204.47,long,1
AMD,1H_Sup,2026-03-11,Gap Up,win,9,1.0,207.01,long,1
AMD,4H_Sup,2026-03-11,Gap Up,win,8,1.0,206.62,long,1
AMD,PMH,2026-03-11,Gap Up,timeout,60,0.10745335547523634,204.74,short,1
AMD,PDH,2026-03-11,Gap Up,loss,1,-0.5,205.8777,short,1
AMD,PML,2026-03-12,Gap Down,loss,6,-0.5,202.9,long,1
AMD,PMH,2026-03-12,Gap Down,win,5,1.0,202.68,short,1
AMD,PML,2026-03-13,Flat,loss,2,-0.5,198.61,long,1
AMD,PDL,2026-03-13,Flat,loss,3,-0.5,198.76,long,1
AMD,1H_Sup,2026-03-13,Flat,loss,5,-0.5,199.165,long,1
AMD,PMH,2026-03-13,Flat,win,45,1.0,198.621,short,1
AMD,PML,2026-03-17,Flat,loss,6,-0.5,197.83,long,1
AMD,1H_Sup,2026-03-17,Flat,loss,18,-0.5,198.6701,long,1
AMD,PMH,2026-03-17,Flat,timeout,60,0.3283491614467598,197.96,short,1
AMD,1H_Res,2026-03-17,Flat,loss,15,-0.5,197.595,short,1
AMD,1H_Res,2026-03-17,Flat,timeout,60,0.37037970218447697,198.445,short,1
AMD,1H_Sup,2026-03-18,Flat,loss,2,-0.5,197.27,long,1
AMD,4H_Sup,2026-03-18,Flat,win,19,1.0,198.175,long,1
AMD,PDH,2026-03-18,Flat,loss,3,-0.5,198.82,short,1
AMD,PML,2026-03-19,Gap Down,win,15,1.0,195.84,long,1
AMD,PDL,2026-03-19,Gap Down,win,19,1.0,196.43,long,1
AMD,1H_Sup,2026-03-19,Gap Down,loss,13,-0.5,201.0204,long,1
AMD,4H_Sup,2026-03-19,Gap Down,loss,13,-0.5,203.04,long,1
AMD,PDH,2026-03-19,Gap Down,loss,17,-0.5,202.135,short,1
AMD,1H_Res,2026-03-19,Gap Down,loss,16,-0.5,200.045,short,1
AMD,4H_Res,2026-03-19,Gap Down,loss,17,-0.5,202.135,short,1
AMD,4H_Sup,2026-03-20,Flat,loss,7,-0.5,204.785,long,1
AMD,PMH,2026-03-20,Flat,loss,0,-0.5,203.62,short,1
AMD,PDH,2026-03-20,Flat,loss,0,-0.5,203.62,short,1
AMD,4H_Res,2026-03-20,Flat,loss,0,-0.5,203.62,short,1
AMD,PML,2026-03-24,Flat,loss,1,-0.5,201.195,long,1
AMD,PDL,2026-03-24,Flat,loss,8,-0.5,203.96,long,1
AMD,1H_Sup,2026-03-24,Flat,loss,8,-0.5,203.96,long,1
AMD,PMH,2026-03-24,Flat,loss,31,-0.5,201.505,short,1
AMD,1H_Res,2026-03-24,Flat,loss,3,-0.5,202.46,short,1
AMD,PML,2026-03-26,Gap Down,loss,1,-0.5,217.14,long,1
AMD,PDL,2026-03-26,Gap Down,loss,1,-0.5,212.15,long,1
AMD,PMH,2026-03-26,Gap Down,win,17,1.0,216.85,short,1
AMD,PDH,2026-03-26,Gap Down,loss,0,-0.5,219.2,short,1
AMD,4H_Res,2026-03-26,Gap Down,loss,0,-0.5,219.2,short,1
AMD,PML,2026-03-27,Gap Down,loss,15,-0.5,201.45,long,1
AMD,PMH,2026-03-27,Gap Down,loss,4,-0.5,201.245,short,1
AMD,PML,2026-03-31,Gap Up,loss,1,-0.5,199.5,long,1
AMD,PMH,2026-03-31,Gap Up,loss,4,-0.5,197.77,short,1
AMD,4H_Res,2026-03-31,Gap Up,loss,7,-0.5,197.26,short,1
AMD,PML,2026-04-01,Gap Up,win,3,1.0,207.825,long,1
AMD,PMH,2026-04-01,Gap Up,loss,0,-0.5,207.28,short,1
AMD,PML,2026-04-02,Gap Down,loss,3,-0.5,205.8115,long,1
AMD,PDL,2026-04-02,Gap Down,loss,4,-0.5,206.765,long,1
AMD,1H_Sup,2026-04-02,Gap Down,loss,3,-0.5,213.17,long,1
AMD,4H_Sup,2026-04-02,Gap Down,loss,38,-0.5,214.405,long,1
AMD,PMH,2026-04-02,Gap Down,loss,14,-0.5,202.4129,short,1
AMD,PDH,2026-04-02,Gap Down,loss,9,-0.5,212.715,short,1
AMD,PML,2026-04-07,Gap Down,loss,2,-0.5,217.15,long,1
AMD,PDL,2026-04-07,Gap Down,loss,5,-0.5,218.76,long,1
AMD,1H_Sup,2026-04-07,Gap Down,loss,2,-0.5,221.025,long,1
AMD,4H_Sup,2026-04-07,Gap Down,loss,5,-0.5,218.76,long,1
AMD,PMH,2026-04-07,Gap Down,loss,23,-0.5,217.32,short,1
AMD,PML,2026-04-08,Gap Up,loss,18,-0.5,232.19,long,1
AMD,PMH,2026-04-08,Gap Up,loss,3,-0.5,229.47,short,1
AMD,4H_Sup,2026-04-09,Flat,loss,8,-0.5,234.895,long,1
AMD,PMH,2026-04-09,Flat,loss,57,-0.5,233.59,short,1
AMD,PDH,2026-04-09,Flat,loss,8,-0.5,232.32,short,1
AMD,1H_Res,2026-04-09,Flat,loss,2,-0.5,231.16,short,1
AMD,PML,2026-04-14,Gap Up,loss,12,-0.5,249.77,long,1
AMD,1H_Sup,2026-04-14,Gap Up,loss,1,-0.5,248.45,long,1
AMD,4H_Sup,2026-04-14,Gap Up,loss,1,-0.5,248.45,long,1
AMD,PMH,2026-04-14,Gap Up,win,7,1.0,248.26,short,1
AMD,PDH,2026-04-14,Gap Up,loss,1,-0.5,245.805,short,1
AMD,PML,2026-04-15,Flat,timeout,60,0.6288959930770447,252.8399,long,1
AMD,4H_Sup,2026-04-15,Flat,timeout,60,0.06243171531138794,256.28,long,1
AMD,PMH,2026-04-15,Flat,loss,19,-0.5,254.16,short,1
AMD,PDH,2026-04-15,Flat,loss,19,-0.5,254.16,short,1
AMD,1H_Res,2026-04-15,Flat,loss,19,-0.5,254.16,short,1
AMD,PMH,2026-04-16,Gap Up,loss,0,-0.5,264.8453,short,1
AMD,PML,2026-04-17,Flat,loss,0,-0.5,277.86,long,1
AMD,1H_Sup,2026-04-17,Flat,loss,8,-0.5,279.17,long,1
AMD,PMH,2026-04-17,Flat,loss,3,-0.5,276.77,short,1
AMD,PDH,2026-04-17,Flat,loss,3,-0.5,276.77,short,1
AMD,1H_Res,2026-04-17,Flat,loss,0,-0.5,274.675,short,1
AMD,4H_Res,2026-04-17,Flat,loss,3,-0.5,276.77,short,1
AMD,PML,2026-04-21,Gap Up,loss,18,-0.5,278.7,long,1
AMD,1H_Sup,2026-04-21,Gap Up,win,9,1.0,277.881,long,1
AMD,4H_Sup,2026-04-21,Gap Up,win,9,1.0,277.881,long,1
AMD,PMH,2026-04-21,Gap Up,loss,3,-0.5,276.9,short,1
AMD,PML,2026-04-22,Gap Up,win,4,1.0,292.0,long,1
AMD,1H_Sup,2026-04-22,Gap Up,win,23,1.0,287.45,long,1
AMD,4H_Sup,2026-04-22,Gap Up,win,23,1.0,287.45,long,1
AMD,PMH,2026-04-22,Gap Up,win,11,1.0,290.385,short,1
AMD,PML,2026-04-23,Flat,loss,2,-0.5,304.05,long,1
AMD,4H_Sup,2026-04-23,Flat,loss,14,-0.5,304.699,long,1
AMD,PMH,2026-04-23,Flat,loss,1,-0.5,301.4188,short,1
AMD,PDH,2026-04-23,Flat,loss,1,-0.5,303.0,short,1
AMD,1H_Res,2026-04-23,Flat,loss,1,-0.5,300.66,short,1
AMD,1H_Res,2026-04-23,Flat,loss,1,-0.5,303.0,short,1
AMD,4H_Res,2026-04-23,Flat,loss,1,-0.5,303.0,short,1
AMD,PML,2026-04-24,Gap Up,loss,0,-0.5,342.31,long,1
AMD,PMH,2026-04-24,Gap Up,loss,0,-0.5,339.02,short,1
AMD,PML,2026-04-28,Gap Down,win,2,1.0,317.085,long,1
AMD,PML,2026-04-29,Gap Up,win,5,1.0,326.82,long,1
AMD,1H_Sup,2026-04-29,Gap Up,win,10,1.0,324.2401,long,1
AMD,4H_Sup,2026-04-29,Gap Up,win,6,1.0,328.5,long,1
AMD,PMH,2026-04-29,Gap Up,timeout,60,0.1402358681350066,328.0901,short,1
AMD,PDH,2026-04-29,Gap Up,win,3,1.0,322.76,short,1
AMD,1H_Res,2026-04-29,Gap Up,win,3,1.0,322.76,short,1
AMD,1H_Res,2026-04-29,Gap Up,win,3,1.0,322.76,short,1
AMD,PML,2026-04-30,Gap Up,loss,14,-0.5,342.99,long,1
AMD,1H_Sup,2026-04-30,Gap Up,loss,16,-0.5,342.84,long,1
AMD,4H_Sup,2026-04-30,Gap Up,loss,16,-0.5,342.84,long,1
AMD,PMH,2026-04-30,Gap Up,win,5,1.0,341.24,short,1
AMD,PDH,2026-04-30,Gap Up,loss,9,-0.5,335.755,short,1
AMD,1H_Res,2026-04-30,Gap Up,loss,9,-0.5,335.755,short,1
AMD,4H_Res,2026-04-30,Gap Up,loss,9,-0.5,335.755,short,1
AMD,1H_Sup,2026-05-01,Gap Down,win,7,1.0,354.24,long,1
AMD,4H_Sup,2026-05-01,Gap Down,loss,1,-0.5,357.98,long,1
AMD,PMH,2026-05-01,Gap Down,loss,7,-0.5,350.75,short,1
AMD,PDH,2026-05-01,Gap Down,loss,4,-0.5,352.3301,short,1
AMD,1H_Res,2026-05-01,Gap Down,loss,4,-0.5,352.3301,short,1
AMD,PML,2026-05-05,Gap Up,loss,12,-0.5,350.17,long,1
AMD,1H_Sup,2026-05-05,Gap Up,win,5,1.0,345.51,long,1
AMD,4H_Sup,2026-05-05,Gap Up,win,12,1.0,347.9699,long,1
AMD,PMH,2026-05-05,Gap Up,loss,0,-0.5,347.97,short,1
AMD,PML,2026-05-06,Gap Up,loss,0,-0.5,404.8021,long,1
AMD,PMH,2026-05-06,Gap Up,win,4,1.0,407.03,short,1
AMD,PML,2026-05-07,Gap Down,loss,3,-0.5,413.75,long,1
AMD,PDL,2026-05-07,Gap Down,loss,2,-0.5,404.6,long,1
AMD,PMH,2026-05-07,Gap Down,loss,2,-0.5,415.01,short,1
AMD,1H_Res,2026-05-07,Gap Down,win,31,1.0,419.77,short,1
AMD,PML,2026-05-12,Gap Down,loss,5,-0.5,445.67,long,1
AMD,PDL,2026-05-12,Gap Down,loss,0,-0.5,456.69,long,1
AMD,PMH,2026-05-12,Gap Down,loss,1,-0.5,448.01,short,1
AMD,1H_Sup,2026-05-13,Gap Up,loss,3,-0.5,442.05,long,1
AMD,4H_Sup,2026-05-13,Gap Up,loss,0,-0.5,444.325,long,1
AMD,PMH,2026-05-13,Gap Up,win,2,1.0,452.18,short,1
AMD,PDH,2026-05-13,Gap Up,win,2,1.0,452.18,short,1
AMD,1H_Res,2026-05-13,Gap Up,loss,0,-0.5,437.835,short,1
AMD,1H_Res,2026-05-13,Gap Up,loss,7,-0.5,441.0597,short,1
AMD,1H_Res,2026-05-13,Gap Up,loss,3,-0.5,444.83,short,1
AMD,4H_Res,2026-05-13,Gap Up,loss,7,-0.5,441.0597,short,1
AMD,4H_Res,2026-05-13,Gap Up,loss,1,-0.5,443.6167,short,1
AMD,4H_Res,2026-05-13,Gap Up,loss,3,-0.5,444.83,short,1
AMD,1H_Sup,2026-05-14,Gap Down,loss,23,-0.5,446.7612,long,1
AMD,1H_Sup,2026-05-14,Gap Down,loss,6,-0.5,448.95,long,1
AMD,4H_Sup,2026-05-14,Gap Down,loss,23,-0.5,446.7612,long,1
AMD,4H_Sup,2026-05-14,Gap Down,loss,2,-0.5,453.2499,long,1
AMD,PMH,2026-05-14,Gap Down,loss,3,-0.5,436.645,short,1
AMD,1H_Res,2026-05-14,Gap Down,loss,7,-0.5,447.34,short,1
AMD,PML,2026-05-15,Gap Down,loss,0,-0.5,435.35,long,1
AMD,PDL,2026-05-15,Gap Down,loss,7,-0.5,437.2101,long,1
AMD,PMH,2026-05-15,Gap Down,win,2,1.0,433.0001,short,1
AMD,PML,2026-05-19,Gap Down,win,1,1.0,418.16,long,1
AMD,PDL,2026-05-19,Gap Down,win,1,1.0,418.16,long,1
AMD,1H_Sup,2026-05-19,Gap Down,loss,0,-0.5,421.92,long,1
AMD,1H_Sup,2026-05-19,Gap Down,loss,3,-0.5,424.77,long,1
AMD,4H_Sup,2026-05-19,Gap Down,win,1,1.0,418.16,long,1
AMD,4H_Sup,2026-05-19,Gap Down,loss,3,-0.5,424.77,long,1
AMD,PMH,2026-05-19,Gap Down,loss,2,-0.5,412.31,short,1
AMD,1H_Res,2026-05-19,Gap Down,loss,0,-0.5,419.816,short,1
AMD,PML,2026-05-21,Gap Down,timeout,60,0.6805844073865861,435.655,long,1
AMD,1H_Sup,2026-05-21,Gap Down,loss,0,-0.5,446.4999,long,1
AMD,4H_Sup,2026-05-21,Gap Down,loss,15,-0.5,445.21,long,1
AMD,PMH,2026-05-21,Gap Down,win,13,1.0,441.325,short,1
AMD,PML,2026-05-22,Gap Up,win,4,1.0,463.455,long,1
AMD,PMH,2026-05-22,Gap Up,win,35,1.0,467.2,short,1
AMD,PML,2026-05-27,Gap Up,loss,0,-0.5,508.74,long,1
AMD,4H_Sup,2026-05-27,Gap Up,loss,20,-0.5,498.37,long,1
AMD,4H_Sup,2026-05-27,Gap Up,loss,0,-0.5,503.43,long,1
AMD,PMH,2026-05-27,Gap Up,win,2,1.0,507.915,short,1
AMD,PDH,2026-05-27,Gap Up,win,2,1.0,502.91,short,1
AMD,1H_Res,2026-05-27,Gap Up,loss,0,-0.5,497.34,short,1
AMD,4H_Res,2026-05-27,Gap Up,loss,0,-0.5,497.34,short,1
AMD,PML,2026-05-28,Gap Up,loss,9,-0.5,497.04,long,1
AMD,1H_Sup,2026-05-28,Gap Up,loss,2,-0.5,505.35,long,1
AMD,4H_Sup,2026-05-28,Gap Up,loss,2,-0.5,505.35,long,1
AMD,PMH,2026-05-28,Gap Up,loss,4,-0.5,495.405,short,1
AMD,PDH,2026-05-28,Gap Up,loss,13,-0.5,507.99,short,1
AMD,PML,2026-05-29,Gap Up,loss,4,-0.5,521.145,long,1
AMD,PML,2026-06-02,Gap Down,win,1,1.0,508.505,long,1
AMD,1H_Sup,2026-06-02,Gap Down,loss,1,-0.5,517.02,long,1
AMD,4H_Sup,2026-06-02,Gap Down,loss,1,-0.5,517.02,long,1
AMD,PMH,2026-06-02,Gap Down,loss,3,-0.5,504.38,short,1
AMD,PDH,2026-06-02,Gap Down,loss,1,-0.5,514.0792,short,1
AMD,4H_Res,2026-06-02,Gap Down,win,7,1.0,513.88,short,1
AMD,PML,2026-06-03,Gap Up,loss,0,-0.5,542.65,long,1
AMD,PMH,2026-06-03,Gap Up,win,2,1.0,535.51,short,1
AMD,PML,2026-06-04,Gap Down,loss,8,-0.5,516.4582,long,1
AMD,PDL,2026-06-04,Gap Down,loss,28,-0.5,525.8,long,1
AMD,PMH,2026-06-04,Gap Down,loss,39,-0.5,520.8373,short,1
AMD,PML,2026-06-05,Gap Down,loss,0,-0.5,504.575,long,1
AMD,PDL,2026-06-05,Gap Down,loss,1,-0.5,503.03,long,1
AMD,PML,2026-06-09,Gap Up,loss,4,-0.5,493.825,long,1
AMD,PDL,2026-06-09,Gap Up,loss,0,-0.5,479.1014,long,1
AMD,1H_Sup,2026-06-09,Gap Up,loss,4,-0.5,493.825,long,1
AMD,PMH,2026-06-09,Gap Up,loss,0,-0.5,497.38,short,1
AMD,PDH,2026-06-09,Gap Up,loss,9,-0.5,491.5675,short,1
AMD,PML,2026-06-10,Gap Down,win,4,1.0,467.965,long,1
AMD,1H_Sup,2026-06-10,Gap Down,loss,0,-0.5,463.9101,long,1
AMD,1H_Sup,2026-06-10,Gap Down,loss,0,-0.5,477.23,long,1
AMD,4H_Sup,2026-06-10,Gap Down,win,18,1.0,449.51,long,1
AMD,4H_Sup,2026-06-10,Gap Down,win,3,1.0,455.185,long,1
AMD,4H_Sup,2026-06-10,Gap Down,loss,10,-0.5,458.0,long,1
AMD,4H_Sup,2026-06-10,Gap Down,loss,9,-0.5,458.301,long,1
AMD,4H_Sup,2026-06-10,Gap Down,loss,0,-0.5,477.23,long,1
AMD,PMH,2026-06-10,Gap Down,loss,2,-0.5,468.61,short,1
AMD,1H_Res,2026-06-10,Gap Down,loss,6,-0.5,469.67,short,1
AMD,1H_Res,2026-06-10,Gap Down,loss,3,-0.5,468.805,short,1
AMD,1H_Res,2026-06-10,Gap Down,win,1,1.0,470.4783,short,1
AMD,4H_Res,2026-06-10,Gap Down,loss,10,-0.5,449.385,short,1
AMD,4H_Res,2026-06-10,Gap Down,win,6,1.0,458.03,short,1
AMD,4H_Res,2026-06-10,Gap Down,loss,6,-0.5,469.67,short,1
AMD,4H_Res,2026-06-10,Gap Down,loss,3,-0.5,468.805,short,1
AMD,4H_Res,2026-06-10,Gap Down,win,1,1.0,470.4783,short,1
AMD,4H_Sup,2026-06-11,Gap Up,win,1,1.0,461.6251,long,1
AMD,PMH,2026-06-11,Gap Up,loss,2,-0.5,462.62,short,1
AMD,PDH,2026-06-11,Gap Up,win,3,1.0,474.025,short,1
PLTR,1H_Sup,2025-12-16,Gap Down,loss,0,-0.5,184.79,long,1
PLTR,1H_Sup,2025-12-16,Gap Down,loss,4,-0.5,186.945,long,1
PLTR,4H_Sup,2025-12-16,Gap Down,loss,0,-0.5,184.79,long,1
PLTR,4H_Sup,2025-12-16,Gap Down,win,7,1.0,184.68,long,1
PLTR,4H_Sup,2025-12-16,Gap Down,loss,21,-0.5,187.275,long,1
PLTR,PDH,2025-12-16,Gap Down,timeout,60,0.12219150382029154,187.3289,short,1
PLTR,PDL,2025-12-17,Flat,loss,15,-0.5,181.92,long,1
PLTR,PML,2025-12-18,Gap Up,win,2,1.0,182.668,long,1
PLTR,4H_Sup,2025-12-18,Gap Up,win,2,1.0,182.8758,long,1
PLTR,PML,2025-12-19,Gap Up,win,0,1.0,187.81,long,1
PLTR,4H_Sup,2025-12-19,Gap Up,loss,1,-0.5,189.55,long,1
PLTR,PML,2025-12-23,Gap Down,win,58,1.0,192.235,long,1
PLTR,PDL,2025-12-23,Gap Down,timeout,60,0.21598384005801088,193.07,long,1
PLTR,1H_Sup,2025-12-23,Gap Down,loss,1,-0.5,194.57,long,1
PLTR,4H_Sup,2025-12-23,Gap Down,loss,1,-0.5,194.57,long,1
PLTR,PMH,2025-12-23,Gap Down,loss,6,-0.5,191.97,short,1
PLTR,PMH,2025-12-24,Gap Down,loss,1,-0.5,193.0916,short,1
PLTR,PDH,2025-12-24,Gap Down,timeout,60,-0.18697760808998454,193.82,short,1
PLTR,PML,2025-12-30,Flat,loss,49,-0.5,184.6,long,1
PLTR,PDL,2025-12-30,Flat,timeout,60,0.005430945527611419,184.13,long,1
PLTR,PMH,2025-12-30,Flat,win,7,1.0,183.7,short,1
PLTR,PMH,2025-12-31,Flat,win,15,1.0,181.24,short,1
PLTR,PML,2026-01-06,Gap Up,loss,20,-0.5,176.86,long,1
PLTR,1H_Sup,2026-01-06,Gap Up,loss,20,-0.5,176.86,long,1
PLTR,4H_Sup,2026-01-06,Gap Up,loss,20,-0.5,176.86,long,1
PLTR,PMH,2026-01-06,Gap Up,loss,1,-0.5,174.97,short,1
PLTR,PDH,2026-01-06,Gap Up,loss,1,-0.5,174.97,short,1
PLTR,PML,2026-01-07,Flat,win,19,1.0,179.155,long,1
PLTR,1H_Sup,2026-01-07,Flat,loss,14,-0.5,180.7057,long,1
PLTR,4H_Sup,2026-01-07,Flat,loss,13,-0.5,180.5488,long,1
PLTR,PMH,2026-01-07,Flat,loss,2,-0.5,177.86,short,1
PLTR,PDH,2026-01-07,Flat,loss,1,-0.5,179.745,short,1
PLTR,PDL,2026-01-08,Gap Up,loss,37,-0.5,178.255,long,1
PLTR,1H_Sup,2026-01-08,Gap Up,loss,5,-0.5,184.5667,long,1
PLTR,PML,2026-01-09,Flat,loss,30,-0.5,177.7675,long,1
PLTR,PMH,2026-01-09,Flat,timeout,60,-0.21713158636235608,177.45,short,1
PLTR,1H_Res,2026-01-09,Flat,win,28,1.0,176.6399,short,1
PLTR,PML,2026-01-13,Flat,loss,3,-0.5,178.9975,long,1
PLTR,PDL,2026-01-13,Flat,win,26,1.0,177.22,long,1
PLTR,1H_Sup,2026-01-13,Flat,loss,34,-0.5,180.0,long,1
PLTR,4H_Sup,2026-01-13,Flat,loss,34,-0.5,180.0,long,1
PLTR,PMH,2026-01-13,Flat,loss,13,-0.5,179.64,short,1
PLTR,PML,2026-01-14,Gap Down,loss,0,-0.5,181.33,long,1
PLTR,PDL,2026-01-14,Gap Down,loss,6,-0.5,177.315,long,1
PLTR,1H_Sup,2026-01-14,Gap Down,loss,0,-0.5,181.33,long,1
PLTR,PMH,2026-01-14,Gap Down,loss,1,-0.5,177.62,short,1
PLTR,PDH,2026-01-14,Gap Down,win,4,1.0,178.75,short,1
PLTR,PML,2026-01-15,Flat,loss,6,-0.5,179.745,long,1
PLTR,1H_Sup,2026-01-15,Flat,loss,6,-0.5,179.745,long,1
PLTR,4H_Sup,2026-01-15,Flat,loss,6,-0.5,179.745,long,1
PLTR,PMH,2026-01-15,Flat,loss,5,-0.5,179.05,short,1
PLTR,4H_Sup,2026-01-16,Gap Up,loss,0,-0.5,181.28,long,1
PLTR,PMH,2026-01-16,Gap Up,win,6,1.0,178.03,short,1
PLTR,PDH,2026-01-16,Gap Up,win,3,1.0,180.3,short,1
PLTR,PML,2026-01-21,Flat,loss,12,-0.5,168.9569,long,1
PLTR,PDL,2026-01-21,Flat,loss,2,-0.5,167.3,long,1
PLTR,1H_Res,2026-01-22,Gap Up,loss,3,-0.5,165.895,short,1
PLTR,4H_Res,2026-01-22,Gap Up,loss,1,-0.5,165.51,short,1
PLTR,4H_Res,2026-01-22,Gap Up,timeout,60,0.28539670141496337,166.435,short,1
PLTR,4H_Sup,2026-01-23,Gap Up,win,16,1.0,166.8,long,1
PLTR,PMH,2026-01-23,Gap Up,loss,2,-0.5,166.72,short,1
PLTR,PDH,2026-01-23,Gap Up,loss,28,-0.5,167.81,short,1
PLTR,PML,2026-01-27,Flat,loss,50,-0.5,168.0306,long,1
PLTR,PDL,2026-01-27,Flat,loss,51,-0.5,168.09,long,1
PLTR,1H_Sup,2026-01-27,Flat,loss,25,-0.5,168.79,long,1
PLTR,PMH,2026-01-27,Flat,loss,25,-0.5,166.9052,short,1
PLTR,PMH,2026-01-28,Gap Down,win,4,1.0,163.6941,short,1
PLTR,PML,2026-01-30,Gap Down,loss,2,-0.5,150.5,long,1
PLTR,PDL,2026-01-30,Gap Down,loss,36,-0.5,147.465,long,1
PLTR,PMH,2026-01-30,Gap Down,loss,0,-0.5,149.535,short,1
PLTR,PMH,2026-02-04,Gap Down,win,1,1.0,153.11,short,1
PLTR,PML,2026-02-05,Gap Down,loss,1,-0.5,135.64,long,1
PLTR,PDL,2026-02-05,Gap Down,loss,0,-0.5,136.26,long,1
PLTR,PMH,2026-02-05,Gap Down,loss,0,-0.5,135.34,short,1
PLTR,PML,2026-02-06,Gap Up,loss,43,-0.5,136.39,long,1
PLTR,PMH,2026-02-06,Gap Up,loss,6,-0.5,136.3707,short,1
PLTR,4H_Res,2026-02-06,Gap Up,loss,5,-0.5,133.0825,short,1
PLTR,1H_Sup,2026-02-10,Gap Up,loss,0,-0.5,145.14,long,1
PLTR,PDL,2026-02-12,Flat,loss,20,-0.5,133.3535,long,1
PLTR,PML,2026-02-13,Gap Down,loss,2,-0.5,129.225,long,1
PLTR,PDL,2026-02-13,Gap Down,loss,2,-0.5,129.225,long,1
PLTR,1H_Sup,2026-02-13,Gap Down,loss,3,-0.5,130.58,long,1
PLTR,4H_Sup,2026-02-13,Gap Down,loss,2,-0.5,129.225,long,1
PLTR,4H_Sup,2026-02-13,Gap Down,loss,1,-0.5,131.1021,long,1
PLTR,PMH,2026-02-13,Gap Down,loss,3,-0.5,129.31,short,1
PLTR,1H_Res,2026-02-13,Gap Down,win,4,1.0,128.9,short,1
PLTR,PML,2026-02-18,Gap Up,win,4,1.0,137.82,long,1
PLTR,PMH,2026-02-18,Gap Up,win,27,1.0,136.73,short,1
PLTR,PML,2026-02-19,Gap Down,win,8,1.0,132.86,long,1
PLTR,PDL,2026-02-19,Gap Down,loss,2,-0.5,135.405,long,1
PLTR,PMH,2026-02-19,Gap Down,loss,58,-0.5,133.19,short,1
PLTR,PML,2026-02-20,Gap Down,loss,14,-0.5,132.625,long,1
PLTR,PDL,2026-02-20,Gap Down,win,10,1.0,132.36,long,1
PLTR,1H_Sup,2026-02-20,Gap Down,loss,3,-0.5,135.7138,long,1
PLTR,4H_Sup,2026-02-20,Gap Down,loss,3,-0.5,135.7138,long,1
PLTR,PMH,2026-02-20,Gap Down,win,3,1.0,133.26,short,1
PLTR,PDH,2026-02-20,Gap Down,win,52,1.0,135.79,short,1
PLTR,PML,2026-02-24,Gap Down,loss,15,-0.5,129.01,long,1
PLTR,PDL,2026-02-24,Gap Down,loss,15,-0.5,129.01,long,1
PLTR,PMH,2026-02-24,Gap Down,win,4,1.0,127.99,short,1
PLTR,PML,2026-02-25,Gap Up,loss,3,-0.5,130.7,long,1
PLTR,1H_Sup,2026-02-25,Gap Up,win,6,1.0,129.97,long,1
PLTR,4H_Sup,2026-02-25,Gap Up,win,3,1.0,130.55,long,1
PLTR,PMH,2026-02-25,Gap Up,loss,11,-0.5,130.25,short,1
PLTR,PDH,2026-02-25,Gap Up,loss,0,-0.5,129.226,short,1
PLTR,PML,2026-02-26,Flat,loss,1,-0.5,134.67,long,1
PLTR,1H_Sup,2026-02-26,Flat,loss,11,-0.5,135.82,long,1
PLTR,4H_Sup,2026-02-26,Flat,loss,2,-0.5,136.0,long,1
PLTR,PMH,2026-02-26,Flat,loss,1,-0.5,134.09,short,1
PLTR,PDH,2026-02-26,Flat,loss,1,-0.5,135.65,short,1
PLTR,1H_Sup,2026-02-27,Gap Down,loss,0,-0.5,137.3,long,1
PLTR,4H_Sup,2026-02-27,Gap Down,loss,0,-0.5,137.3,long,1
PLTR,PMH,2026-02-27,Gap Down,loss,1,-0.5,135.52,short,1
PLTR,PDH,2026-02-27,Gap Down,win,6,1.0,136.76,short,1
PLTR,PML,2026-03-03,Gap Down,loss,12,-0.5,141.55,long,1
PLTR,PDL,2026-03-03,Gap Down,loss,1,-0.5,141.19,long,1
PLTR,1H_Sup,2026-03-03,Gap Down,timeout,60,0.41111539808430747,145.9201,long,1
PLTR,4H_Sup,2026-03-03,Gap Down,timeout,13,0.22423048175580113,147.17,long,1
PLTR,PMH,2026-03-03,Gap Down,loss,4,-0.5,141.63,short,1
PLTR,PDH,2026-03-03,Gap Down,timeout,60,-0.23200272944385875,146.55,short,1
PLTR,1H_Res,2026-03-03,Gap Down,win,1,1.0,144.75,short,1
PLTR,PML,2026-03-04,Gap Up,win,3,1.0,149.935,long,1
PLTR,PML,2026-03-05,Flat,win,42,1.0,151.43,long,1
PLTR,1H_Sup,2026-03-05,Flat,loss,4,-0.5,155.21,long,1
PLTR,4H_Sup,2026-03-05,Flat,loss,18,-0.5,155.51,long,1
PLTR,PMH,2026-03-05,Flat,loss,51,-0.5,152.14,short,1
PLTR,PDH,2026-03-05,Flat,loss,2,-0.5,153.73,short,1
PLTR,1H_Res,2026-03-05,Flat,loss,2,-0.5,153.73,short,1
PLTR,1H_Sup,2026-03-06,Gap Down,loss,4,-0.5,151.8192,long,1
PLTR,4H_Sup,2026-03-06,Gap Down,loss,3,-0.5,153.65,long,1
PLTR,PDH,2026-03-06,Gap Down,loss,5,-0.5,155.71,short,1
PLTR,1H_Res,2026-03-06,Gap Down,loss,10,-0.5,151.8192,short,1
PLTR,1H_Res,2026-03-06,Gap Down,loss,10,-0.5,151.8192,short,1
PLTR,4H_Res,2026-03-06,Gap Down,loss,10,-0.5,151.8192,short,1
PLTR,4H_Res,2026-03-06,Gap Down,loss,9,-0.5,152.57,short,1
PLTR,PML,2026-03-10,Flat,loss,1,-0.5,155.42,long,1
PLTR,PDL,2026-03-10,Flat,loss,0,-0.5,153.27,long,1
PLTR,1H_Sup,2026-03-10,Flat,loss,1,-0.5,155.42,long,1
PLTR,PMH,2026-03-10,Flat,loss,1,-0.5,154.92,short,1
PLTR,PML,2026-03-11,Flat,timeout,60,0.2254791431792582,150.79,long,1
PLTR,PDL,2026-03-11,Flat,loss,4,-0.5,150.68,long,1
PLTR,1H_Sup,2026-03-11,Flat,loss,5,-0.5,152.91,long,1
PLTR,4H_Sup,2026-03-11,Flat,loss,4,-0.5,152.95,long,1
PLTR,PMH,2026-03-11,Flat,loss,6,-0.5,151.275,short,1
PLTR,PML,2026-03-12,Gap Up,win,11,1.0,152.32,long,1
PLTR,1H_Sup,2026-03-12,Gap Up,loss,2,-0.5,152.965,long,1
PLTR,PMH,2026-03-12,Gap Up,loss,2,-0.5,151.43,short,1
PLTR,PDH,2026-03-12,Gap Up,loss,2,-0.5,151.43,short,1
PLTR,4H_Res,2026-03-12,Gap Up,loss,1,-0.5,151.325,short,1
PLTR,PML,2026-03-13,Flat,loss,14,-0.5,153.86,long,1
PLTR,PDL,2026-03-13,Flat,win,5,1.0,152.1,long,1
PLTR,1H_Sup,2026-03-17,Flat,timeout,60,0.3900457739668556,155.11,long,1
PLTR,4H_Sup,2026-03-17,Flat,timeout,60,0.3900457739668556,155.11,long,1
PLTR,PMH,2026-03-17,Flat,loss,3,-0.5,152.51,short,1
PLTR,PML,2026-03-18,Flat,win,23,1.0,155.0,long,1
PLTR,1H_Sup,2026-03-18,Flat,loss,43,-0.5,155.74,long,1
PLTR,PMH,2026-03-18,Flat,loss,1,-0.5,154.2195,short,1
PLTR,PDH,2026-03-18,Flat,win,24,1.0,156.31,short,1
PLTR,PML,2026-03-19,Flat,loss,4,-0.5,153.14,long,1
PLTR,PDL,2026-03-19,Flat,loss,2,-0.5,153.25,long,1
PLTR,1H_Sup,2026-03-19,Flat,loss,31,-0.5,154.47,long,1
PLTR,4H_Sup,2026-03-19,Flat,timeout,57,0.2803467276769905,155.165,long,1
PLTR,PMH,2026-03-19,Flat,loss,4,-0.5,150.985,short,1
PLTR,PDL,2026-03-20,Flat,loss,6,-0.5,151.28,long,1
PLTR,PMH,2026-03-20,Flat,loss,2,-0.5,152.37,short,1
PLTR,PDH,2026-03-20,Flat,win,24,1.0,152.79,short,1
PLTR,PDL,2026-03-24,Gap Down,timeout,60,-0.3637662801649955,153.945,long,1
PLTR,PMH,2026-03-24,Gap Down,win,2,1.0,158.952,short,1
PLTR,PDH,2026-03-24,Gap Down,win,3,1.0,160.15,short,1
PLTR,PML,2026-03-25,Gap Up,loss,42,-0.5,159.05,long,1
PLTR,1H_Sup,2026-03-25,Gap Up,timeout,60,-0.2333983438309177,156.385,long,1
PLTR,4H_Sup,2026-03-25,Gap Up,loss,20,-0.5,156.5601,long,1
PLTR,PMH,2026-03-25,Gap Up,loss,6,-0.5,158.4,short,1
PLTR,PMH,2026-03-26,Gap Down,win,1,1.0,151.17,short,1
PLTR,PML,2026-03-27,Gap Down,loss,11,-0.5,145.165,long,1
PLTR,PMH,2026-03-27,Gap Down,win,19,1.0,144.94,short,1
PLTR,PML,2026-03-31,Gap Up,win,26,1.0,139.99,long,1
PLTR,4H_Sup,2026-03-31,Gap Up,timeout,60,0.6771053745239158,141.78,long,1
PLTR,PMH,2026-03-31,Gap Up,loss,13,-0.5,139.525,short,1
PLTR,4H_Res,2026-03-31,Gap Up,loss,5,-0.5,141.33,short,1
PLTR,PML,2026-04-01,Flat,loss,5,-0.5,147.35,long,1
PLTR,1H_Sup,2026-04-01,Flat,loss,5,-0.5,147.35,long,1
PLTR,PMH,2026-04-01,Flat,timeout,60,0.13856969041502237,147.94,short,1
PLTR,PDH,2026-04-01,Flat,loss,19,-0.5,147.545,short,1
PLTR,4H_Res,2026-04-01,Flat,loss,16,-0.5,145.48,short,1
PLTR,4H_Res,2026-04-01,Flat,loss,1,-0.5,146.4601,short,1
PLTR,4H_Res,2026-04-01,Flat,loss,19,-0.5,147.545,short,1
PLTR,PML,2026-04-02,Gap Down,loss,1,-0.5,142.9035,long,1
PLTR,PDL,2026-04-02,Gap Down,win,24,1.0,144.84,long,1
PLTR,1H_Sup,2026-04-02,Gap Down,loss,1,-0.5,147.715,long,1
PLTR,PMH,2026-04-02,Gap Down,win,5,1.0,142.9035,short,1
PLTR,PDH,2026-04-02,Gap Down,loss,19,-0.5,147.01,short,1
PLTR,PML,2026-04-07,Gap Down,loss,11,-0.5,146.44,long,1
PLTR,PDL,2026-04-07,Gap Down,loss,20,-0.5,147.1,long,1
PLTR,1H_Sup,2026-04-07,Gap Down,loss,11,-0.5,149.0,long,1
PLTR,4H_Sup,2026-04-07,Gap Down,timeout,39,0.14022435897436428,149.76,long,1
PLTR,PMH,2026-04-07,Gap Down,win,22,1.0,146.6801,short,1
PLTR,PDL,2026-04-08,Gap Up,loss,12,-0.5,144.935,long,1
PLTR,1H_Sup,2026-04-08,Gap Up,loss,7,-0.5,148.8,long,1
PLTR,1H_Sup,2026-04-08,Gap Up,loss,3,-0.5,151.06,long,1
PLTR,PMH,2026-04-08,Gap Up,win,9,1.0,153.845,short,1
PLTR,PDH,2026-04-08,Gap Up,win,7,1.0,149.395,short,1
PLTR,1H_Res,2026-04-08,Gap Up,win,4,1.0,147.82,short,1
PLTR,4H_Res,2026-04-08,Gap Up,win,7,1.0,149.395,short,1
PLTR,PML,2026-04-10,Gap Down,loss,0,-0.5,128.2,long,1
PLTR,PDL,2026-04-10,Gap Down,loss,14,-0.5,128.825,long,1
PLTR,PML,2026-04-14,Gap Up,loss,1,-0.5,136.505,long,1
PLTR,4H_Sup,2026-04-14,Gap Up,loss,1,-0.5,136.505,long,1
PLTR,PMH,2026-04-14,Gap Up,loss,54,-0.5,134.935,short,1
PLTR,PML,2026-04-15,Gap Up,win,4,1.0,136.7701,long,1
PLTR,1H_Sup,2026-04-15,Gap Up,win,4,1.0,136.7701,long,1
PLTR,4H_Sup,2026-04-15,Gap Up,loss,24,-0.5,138.18,long,1
PLTR,PMH,2026-04-15,Gap Up,loss,1,-0.5,135.54,short,1
PLTR,PDH,2026-04-15,Gap Up,loss,44,-0.5,137.61,short,1
PLTR,PML,2026-04-16,Gap Up,loss,2,-0.5,144.15,long,1
PLTR,1H_Sup,2026-04-16,Gap Up,loss,18,-0.5,143.35,long,1
PLTR,4H_Sup,2026-04-16,Gap Up,win,19,1.0,141.37,long,1
PLTR,PMH,2026-04-16,Gap Up,loss,1,-0.5,143.35,short,1
PLTR,PDH,2026-04-16,Gap Up,win,5,1.0,141.591,short,1
PLTR,4H_Res,2026-04-16,Gap Up,win,5,1.0,141.591,short,1
PLTR,PML,2026-04-17,Gap Up,win,2,1.0,143.8621,long,1
PLTR,4H_Sup,2026-04-17,Gap Up,win,36,1.0,145.49,long,1
PLTR,PMH,2026-04-17,Gap Up,loss,5,-0.5,144.645,short,1
PLTR,PDH,2026-04-17,Gap Up,loss,5,-0.5,144.645,short,1
PLTR,1H_Res,2026-04-17,Gap Up,loss,5,-0.5,144.645,short,1
PLTR,4H_Res,2026-04-17,Gap Up,loss,2,-0.5,143.8646,short,1
PLTR,4H_Res,2026-04-17,Gap Up,loss,5,-0.5,144.645,short,1
PLTR,PML,2026-04-21,Gap Up,win,15,1.0,147.13,long,1
PLTR,PDL,2026-04-21,Gap Up,win,8,1.0,145.4,long,1
PLTR,1H_Sup,2026-04-21,Gap Up,win,17,1.0,146.97,long,1
PLTR,PMH,2026-04-21,Gap Up,loss,1,-0.5,144.7296,short,1
PLTR,PDH,2026-04-21,Gap Up,loss,1,-0.5,144.7296,short,1
PLTR,4H_Res,2026-04-21,Gap Up,loss,0,-0.5,144.76,short,1
PLTR,PML,2026-04-22,Gap Up,win,33,1.0,148.99,long,1
PLTR,4H_Sup,2026-04-22,Gap Up,win,4,1.0,147.77,long,1
PLTR,PMH,2026-04-22,Gap Up,loss,2,-0.5,147.6,short,1
PLTR,PDH,2026-04-22,Gap Up,loss,21,-0.5,149.2621,short,1
PLTR,PDL,2026-04-23,Gap Down,loss,13,-0.5,148.46,long,1
PLTR,PMH,2026-04-23,Gap Down,loss,4,-0.5,147.62,short,1
PLTR,PML,2026-04-24,Gap Up,timeout,60,0.0910045502275082,142.85,long,1
PLTR,PDL,2026-04-24,Gap Up,loss,20,-0.5,140.6904,long,1
PLTR,1H_Sup,2026-04-24,Gap Up,loss,16,-0.5,142.79,long,1
PLTR,4H_Sup,2026-04-24,Gap Up,loss,20,-0.5,140.6904,long,1
PLTR,4H_Sup,2026-04-24,Gap Up,loss,19,-0.5,141.45,long,1
PLTR,PMH,2026-04-24,Gap Up,win,23,1.0,142.09,short,1
PLTR,PML,2026-04-28,Gap Down,loss,0,-0.5,142.72,long,1
PLTR,PDL,2026-04-28,Gap Down,loss,1,-0.5,143.0,long,1
PLTR,PML,2026-04-30,Flat,timeout,60,0.0,139.24,long,1
PLTR,1H_Sup,2026-04-30,Flat,loss,18,-0.5,137.945,long,1
PLTR,1H_Sup,2026-04-30,Flat,loss,4,-0.5,138.385,long,1
PLTR,4H_Sup,2026-04-30,Flat,win,20,1.0,138.5599,long,1
PLTR,PMH,2026-04-30,Flat,timeout,60,0.49665299071474683,138.93,short,1
PLTR,PDH,2026-04-30,Flat,loss,5,-0.5,139.2101,short,1
PLTR,PMH,2026-05-01,Gap Up,loss,44,-0.5,142.65,short,1
PLTR,PML,2026-05-05,Gap Down,win,2,1.0,141.3599,long,1
PLTR,PML,2026-05-06,Gap Down,win,15,1.0,134.27,long,1
PLTR,PDL,2026-05-06,Gap Down,loss,30,-0.5,135.205,long,1
PLTR,1H_Sup,2026-05-06,Gap Down,loss,2,-0.5,135.5901,long,1
PLTR,PMH,2026-05-06,Gap Down,win,41,1.0,134.8646,short,1
PLTR,PML,2026-05-07,Gap Up,loss,0,-0.5,137.145,long,1
PLTR,PML,2026-05-08,Gap Down,loss,24,-0.5,136.143,long,1
PLTR,PDL,2026-05-08,Gap Down,win,52,1.0,135.37,long,1
PLTR,1H_Sup,2026-05-08,Gap Down,timeout,2,-0.2394080092861379,137.84,long,1
PLTR,PMH,2026-05-08,Gap Down,timeout,60,0.8180784328111675,136.295,short,1
PLTR,PML,2026-05-12,Flat,loss,11,-0.5,136.455,long,1
PLTR,PMH,2026-05-12,Flat,loss,8,-0.5,136.23,short,1
PLTR,PDH,2026-05-12,Flat,loss,0,-0.5,136.16,short,1
PLTR,PML,2026-05-13,Gap Down,loss,4,-0.5,136.13,long,1
PLTR,1H_Sup,2026-05-13,Gap Down,loss,1,-0.5,136.45,long,1
PLTR,4H_Sup,2026-05-13,Gap Down,loss,1,-0.5,136.45,long,1
PLTR,PMH,2026-05-13,Gap Down,win,2,1.0,134.3275,short,1
PLTR,1H_Res,2026-05-13,Gap Down,win,5,1.0,134.84,short,1
PLTR,1H_Res,2026-05-13,Gap Down,win,6,1.0,135.3,short,1
PLTR,4H_Res,2026-05-13,Gap Down,win,5,1.0,134.84,short,1
PLTR,4H_Res,2026-05-13,Gap Down,win,6,1.0,135.3,short,1
PLTR,PML,2026-05-14,Flat,loss,8,-0.5,131.35,long,1
PLTR,4H_Res,2026-05-14,Flat,loss,25,-0.5,131.38,short,1
PLTR,1H_Sup,2026-05-15,Gap Down,loss,7,-0.5,134.61,long,1
PLTR,4H_Sup,2026-05-15,Gap Down,loss,16,-0.5,134.7012,long,1
PLTR,PMH,2026-05-15,Gap Down,loss,1,-0.5,132.56,short,1
PLTR,PDH,2026-05-15,Gap Down,loss,5,-0.5,133.41,short,1
PLTR,PML,2026-05-19,Flat,timeout,60,-0.23031203566122013,134.6,long,1
PLTR,1H_Sup,2026-05-19,Flat,loss,2,-0.5,136.91,long,1
PLTR,4H_Sup,2026-05-19,Flat,loss,2,-0.5,136.91,long,1
PLTR,PMH,2026-05-19,Flat,loss,47,-0.5,134.92,short,1
PLTR,PDH,2026-05-19,Flat,loss,12,-0.5,135.37,short,1
PLTR,PML,2026-05-20,Gap Down,win,18,1.0,134.25,long,1
PLTR,PDL,2026-05-20,Gap Down,loss,1,-0.5,134.03,long,1
PLTR,1H_Sup,2026-05-20,Gap Down,timeout,60,-0.24988975452006718,136.06,long,1
PLTR,4H_Sup,2026-05-20,Gap Down,loss,16,-0.5,136.465,long,1
PLTR,PMH,2026-05-20,Gap Down,loss,5,-0.5,133.26,short,1
PLTR,PML,2026-05-21,Gap Down,loss,11,-0.5,137.47,long,1
PLTR,1H_Sup,2026-05-21,Gap Down,loss,8,-0.5,137.72,long,1
PLTR,4H_Sup,2026-05-21,Gap Down,loss,8,-0.5,137.72,long,1
PLTR,PDH,2026-05-21,Gap Down,loss,6,-0.5,136.84,short,1
PLTR,PML,2026-05-22,Flat,loss,26,-0.5,137.7,long,1
PLTR,PDL,2026-05-22,Flat,loss,14,-0.5,135.89,long,1
PLTR,1H_Sup,2026-05-22,Flat,loss,17,-0.5,138.37,long,1
PLTR,4H_Sup,2026-05-22,Flat,loss,1,-0.5,138.7566,long,1
PLTR,PMH,2026-05-22,Flat,loss,3,-0.5,137.33,short,1
PLTR,PDH,2026-05-22,Flat,loss,6,-0.5,137.92,short,1
PLTR,PML,2026-05-27,Gap Down,loss,1,-0.5,133.35,long,1
PLTR,PDL,2026-05-27,Gap Down,win,15,1.0,133.71,long,1
PLTR,PMH,2026-05-27,Gap Down,timeout,60,0.5886736214605008,134.2,short,1
PLTR,PML,2026-05-28,Flat,loss,1,-0.5,135.3698,long,1
PLTR,1H_Sup,2026-05-28,Flat,loss,1,-0.5,135.3698,long,1
PLTR,4H_Sup,2026-05-28,Flat,loss,1,-0.5,135.3698,long,1
PLTR,PDH,2026-05-28,Flat,loss,11,-0.5,134.985,short,1
PLTR,PML,2026-05-29,Gap Up,loss,0,-0.5,149.485,long,1
PLTR,PML,2026-06-02,Gap Down,loss,0,-0.5,155.5705,long,1
PLTR,PMH,2026-06-02,Gap Down,win,5,1.0,155.5705,short,1
PLTR,PMH,2026-06-03,Gap Down,win,2,1.0,148.3905,short,1
PLTR,PML,2026-06-04,Gap Up,loss,0,-0.5,144.42,long,1
PLTR,PDL,2026-06-04,Gap Up,timeout,60,0.5005287275290857,141.85,long,1
PLTR,1H_Sup,2026-06-04,Gap Up,loss,56,-0.5,142.67,long,1
PLTR,4H_Sup,2026-06-04,Gap Up,loss,0,-0.5,144.42,long,1
PLTR,PMH,2026-06-04,Gap Up,loss,5,-0.5,144.42,short,1
PLTR,1H_Res,2026-06-04,Gap Up,win,14,1.0,142.03,short,1
PLTR,PML,2026-06-05,Gap Down,loss,6,-0.5,141.34,long,1
PLTR,PDL,2026-06-05,Gap Down,loss,6,-0.5,141.34,long,1
PLTR,PMH,2026-06-05,Gap Down,win,9,1.0,139.76,short,1
PLTR,PML,2026-06-09,Gap Down,win,19,1.0,135.17,long,1
PLTR,PDL,2026-06-09,Gap Down,loss,1,-0.5,136.35,long,1
PLTR,PMH,2026-06-09,Gap Down,loss,7,-0.5,135.62,short,1
PLTR,1H_Res,2026-06-09,Gap Down,win,15,1.0,136.25,short,1
PLTR,4H_Res,2026-06-09,Gap Down,win,15,1.0,136.25,short,1
PLTR,PML,2026-06-10,Gap Down,win,6,1.0,129.775,long,1
PLTR,1H_Sup,2026-06-10,Gap Down,loss,9,-0.5,132.66,long,1
PLTR,4H_Sup,2026-06-10,Gap Down,loss,1,-0.5,129.65,long,1
PLTR,4H_Sup,2026-06-10,Gap Down,win,4,1.0,130.405,long,1
PLTR,4H_Sup,2026-06-10,Gap Down,loss,9,-0.5,132.66,long,1
PLTR,PMH,2026-06-10,Gap Down,loss,5,-0.5,129.55,short,1
PLTR,PML,2026-06-11,Gap Down,loss,22,-0.5,129.86,long,1
PLTR,PDL,2026-06-11,Gap Down,loss,22,-0.5,129.86,long,1
PLTR,1H_Sup,2026-06-11,Gap Down,loss,12,-0.5,131.26,long,1
PLTR,PMH,2026-06-11,Gap Down,loss,0,-0.5,127.6,short,1
PLTR,PDL,2026-06-12,Flat,win,28,1.0,127.67,long,1
HOOD,4H_Sup,2025-12-16,Gap Up,loss,0,-0.5,118.945,long,1
HOOD,PMH,2025-12-16,Gap Up,loss,1,-0.5,116.86,short,1
HOOD,PDH,2025-12-16,Gap Up,loss,3,-0.5,120.06,short,1
HOOD,PML,2025-12-17,Gap Up,win,4,1.0,119.94,long,1
HOOD,1H_Sup,2025-12-17,Gap Up,loss,0,-0.5,120.735,long,1
HOOD,4H_Sup,2025-12-17,Gap Up,loss,0,-0.5,120.735,long,1
HOOD,PMH,2025-12-17,Gap Up,loss,0,-0.5,121.35,short,1
HOOD,PDH,2025-12-17,Gap Up,loss,0,-0.5,120.25,short,1
HOOD,PML,2025-12-18,Gap Up,win,12,1.0,117.88,long,1
HOOD,1H_Sup,2025-12-18,Gap Up,win,12,1.0,117.88,long,1
HOOD,4H_Sup,2025-12-18,Gap Up,timeout,60,0.25658282156977585,118.87,long,1
HOOD,PMH,2025-12-18,Gap Up,loss,5,-0.5,121.5,short,1
HOOD,4H_Res,2025-12-18,Gap Up,loss,3,-0.5,120.49,short,1
HOOD,PML,2025-12-19,Gap Up,loss,0,-0.5,120.6843,long,1
HOOD,1H_Sup,2025-12-19,Gap Up,win,6,1.0,118.71,long,1
HOOD,4H_Sup,2025-12-19,Gap Up,loss,0,-0.5,120.6843,long,1
HOOD,PMH,2025-12-19,Gap Up,loss,11,-0.5,119.38,short,1
HOOD,PML,2025-12-23,Gap Down,loss,28,-0.5,120.145,long,1
HOOD,PML,2025-12-24,Flat,timeout,60,-0.04999583368052852,120.01,long,1
HOOD,PMH,2025-12-24,Flat,loss,8,-0.5,119.81,short,1
HOOD,PML,2025-12-30,Flat,loss,1,-0.5,117.24,long,1
HOOD,PDL,2025-12-30,Flat,win,34,1.0,116.4403,long,1
HOOD,1H_Sup,2025-12-30,Flat,loss,41,-0.5,117.8883,long,1
HOOD,4H_Sup,2025-12-30,Flat,loss,41,-0.5,117.8883,long,1
HOOD,PMH,2025-12-30,Flat,win,7,1.0,117.51,short,1
HOOD,PML,2025-12-31,Gap Down,timeout,60,0.3354420090861204,114.4162,long,1
HOOD,PMH,2026-01-06,Gap Up,win,3,1.0,122.78,short,1
HOOD,PDH,2026-01-06,Gap Up,win,37,1.0,122.51,short,1
HOOD,PDL,2026-01-07,Gap Down,win,10,1.0,118.47,long,1
HOOD,4H_Sup,2026-01-07,Gap Down,win,10,1.0,118.47,long,1
HOOD,PML,2026-01-08,Gap Down,loss,9,-0.5,115.915,long,1
HOOD,PMH,2026-01-08,Gap Down,loss,30,-0.5,116.51,short,1
HOOD,PML,2026-01-09,Gap Up,loss,2,-0.5,115.95,long,1
HOOD,1H_Sup,2026-01-09,Gap Up,loss,21,-0.5,116.18,long,1
HOOD,4H_Sup,2026-01-09,Gap Up,loss,6,-0.5,117.8,long,1
HOOD,PMH,2026-01-09,Gap Up,loss,29,-0.5,115.83,short,1
HOOD,PDH,2026-01-09,Gap Up,loss,2,-0.5,116.82,short,1
HOOD,PML,2026-01-13,Flat,win,1,1.0,117.43,long,1
HOOD,1H_Sup,2026-01-13,Flat,loss,7,-0.5,118.92,long,1
HOOD,4H_Sup,2026-01-13,Flat,loss,7,-0.5,118.92,long,1
HOOD,PMH,2026-01-13,Flat,win,7,1.0,117.7,short,1
HOOD,PML,2026-01-14,Flat,loss,0,-0.5,120.146,long,1
HOOD,4H_Sup,2026-01-14,Flat,loss,2,-0.5,119.5,long,1
HOOD,PMH,2026-01-14,Flat,loss,2,-0.5,119.15,short,1
HOOD,PDH,2026-01-14,Flat,loss,2,-0.5,119.15,short,1
HOOD,4H_Res,2026-01-14,Flat,win,1,1.0,118.705,short,1
HOOD,4H_Res,2026-01-14,Flat,loss,2,-0.5,119.15,short,1
HOOD,PDL,2026-01-15,Flat,loss,5,-0.5,117.365,long,1
HOOD,PMH,2026-01-15,Flat,win,1,1.0,118.535,short,1
HOOD,PDL,2026-01-16,Gap Up,loss,12,-0.5,110.52,long,1
HOOD,1H_Sup,2026-01-21,Flat,win,4,1.0,106.38,long,1
HOOD,4H_Sup,2026-01-21,Flat,loss,57,-0.5,107.76,long,1
HOOD,PMH,2026-01-21,Flat,loss,0,-0.5,106.38,short,1
HOOD,PDH,2026-01-21,Flat,win,34,1.0,107.93,short,1
HOOD,PML,2026-01-22,Gap Up,timeout,60,0.02339071856287957,106.88,long,1
HOOD,PDL,2026-01-22,Gap Up,win,20,1.0,105.4,long,1
HOOD,1H_Sup,2026-01-22,Gap Up,loss,51,-0.5,107.27,long,1
HOOD,4H_Sup,2026-01-22,Gap Up,loss,56,-0.5,107.16,long,1
HOOD,PMH,2026-01-22,Gap Up,loss,5,-0.5,106.51,short,1
HOOD,4H_Res,2026-01-22,Gap Up,loss,4,-0.5,106.49,short,1
HOOD,4H_Res,2026-01-22,Gap Up,loss,5,-0.5,106.51,short,1
HOOD,4H_Res,2026-01-22,Gap Up,loss,5,-0.5,106.51,short,1
HOOD,1H_Sup,2026-01-23,Gap Up,loss,2,-0.5,107.25,long,1
HOOD,4H_Sup,2026-01-23,Gap Up,loss,36,-0.5,107.76,long,1
HOOD,PMH,2026-01-23,Gap Up,loss,0,-0.5,106.585,short,1
HOOD,PDH,2026-01-23,Gap Up,loss,4,-0.5,107.69,short,1
HOOD,PML,2026-01-27,Gap Up,win,3,1.0,107.63,long,1
HOOD,PDL,2026-01-27,Gap Up,timeout,60,0.019020446980500257,105.15,long,1
HOOD,1H_Sup,2026-01-27,Gap Up,loss,3,-0.5,107.73,long,1
HOOD,4H_Sup,2026-01-27,Gap Up,loss,3,-0.5,108.75,long,1
HOOD,PMH,2026-01-27,Gap Up,loss,12,-0.5,107.41,short,1
HOOD,PDH,2026-01-27,Gap Up,win,6,1.0,107.7776,short,1
HOOD,PML,2026-01-28,Flat,loss,10,-0.5,106.41,long,1
HOOD,PDL,2026-01-28,Flat,loss,10,-0.5,106.41,long,1
HOOD,1H_Sup,2026-01-28,Flat,loss,10,-0.5,106.41,long,1
HOOD,PMH,2026-01-28,Flat,win,11,1.0,105.705,short,1
HOOD,1H_Res,2026-01-28,Flat,loss,9,-0.5,105.05,short,1
HOOD,PDL,2026-01-29,Flat,loss,1,-0.5,103.3001,long,1
HOOD,PML,2026-01-30,Gap Down,loss,12,-0.5,101.02,long,1
HOOD,PDL,2026-01-30,Gap Down,timeout,10,-0.08541425915690473,99.515,long,1
HOOD,1H_Sup,2026-01-30,Gap Down,loss,35,-0.5,100.66,long,1
HOOD,4H_Sup,2026-01-30,Gap Down,win,15,1.0,102.7596,long,1
HOOD,PMH,2026-01-30,Gap Down,loss,2,-0.5,102.37,short,1
HOOD,1H_Res,2026-01-30,Gap Down,loss,44,-0.5,100.39,short,1
HOOD,1H_Res,2026-01-30,Gap Down,win,12,1.0,100.84,short,1
HOOD,PDL,2026-02-03,Flat,loss,7,-0.5,89.09,long,1
HOOD,1H_Sup,2026-02-03,Flat,loss,7,-0.5,89.09,long,1
HOOD,4H_Sup,2026-02-03,Flat,loss,3,-0.5,89.37,long,1
HOOD,PML,2026-02-05,Gap Down,win,26,1.0,76.26,long,1
HOOD,PDL,2026-02-05,Gap Down,win,1,1.0,78.1755,long,1
HOOD,4H_Sup,2026-02-05,Gap Down,loss,0,-0.5,79.1,long,1
HOOD,1H_Sup,2026-02-10,Gap Down,loss,0,-0.5,87.3245,long,1
HOOD,1H_Sup,2026-02-10,Gap Down,win,5,1.0,87.175,long,1
HOOD,4H_Sup,2026-02-10,Gap Down,loss,0,-0.5,87.3245,long,1
HOOD,4H_Sup,2026-02-10,Gap Down,win,5,1.0,87.175,long,1
HOOD,PMH,2026-02-10,Gap Down,loss,1,-0.5,86.42,short,1
HOOD,1H_Res,2026-02-10,Gap Down,loss,16,-0.5,86.4601,short,1
HOOD,PML,2026-02-11,Gap Down,loss,0,-0.5,77.405,long,1
HOOD,PDL,2026-02-12,Gap Up,loss,9,-0.5,74.3902,long,1
HOOD,1H_Sup,2026-02-12,Gap Up,loss,0,-0.5,78.07,long,1
HOOD,4H_Sup,2026-02-12,Gap Up,loss,2,-0.5,76.14,long,1
HOOD,1H_Res,2026-02-12,Gap Up,loss,0,-0.5,77.6911,short,1
HOOD,4H_Res,2026-02-12,Gap Up,win,11,1.0,75.54,short,1
HOOD,4H_Res,2026-02-12,Gap Up,loss,1,-0.5,76.06,short,1
HOOD,4H_Res,2026-02-12,Gap Up,loss,0,-0.5,77.6911,short,1
HOOD,4H_Res,2026-02-12,Gap Up,loss,0,-0.5,77.6911,short,1
HOOD,1H_Sup,2026-02-13,Gap Up,win,1,1.0,72.65,long,1
HOOD,4H_Sup,2026-02-13,Gap Up,loss,0,-0.5,73.065,long,1
HOOD,PMH,2026-02-13,Gap Up,loss,3,-0.5,73.445,short,1
HOOD,PML,2026-02-18,Gap Down,win,13,1.0,75.08,long,1
HOOD,1H_Sup,2026-02-18,Gap Down,win,5,1.0,75.9577,long,1
HOOD,1H_Sup,2026-02-18,Gap Down,win,3,1.0,76.42,long,1
HOOD,4H_Sup,2026-02-18,Gap Down,win,13,1.0,75.08,long,1
HOOD,4H_Sup,2026-02-18,Gap Down,win,5,1.0,75.9577,long,1
HOOD,4H_Sup,2026-02-18,Gap Down,win,5,1.0,77.21,long,1
HOOD,PMH,2026-02-18,Gap Down,loss,14,-0.5,76.335,short,1
HOOD,PDH,2026-02-18,Gap Down,timeout,60,-0.06529972574116674,76.57,short,1
HOOD,PML,2026-02-19,Gap Down,loss,1,-0.5,74.37,long,1
HOOD,PDL,2026-02-19,Gap Down,loss,1,-0.5,74.37,long,1
HOOD,1H_Sup,2026-02-19,Gap Down,loss,12,-0.5,75.78,long,1
HOOD,PMH,2026-02-19,Gap Down,loss,0,-0.5,75.69,short,1
HOOD,PML,2026-02-20,Gap Down,win,3,1.0,76.87,long,1
HOOD,1H_Sup,2026-02-20,Gap Down,win,2,1.0,76.92,long,1
HOOD,4H_Sup,2026-02-20,Gap Down,win,2,1.0,76.92,long,1
HOOD,PMH,2026-02-20,Gap Down,loss,1,-0.5,77.255,short,1
HOOD,PDH,2026-02-20,Gap Down,loss,22,-0.5,75.94,short,1
HOOD,PML,2026-02-24,Gap Down,loss,0,-0.5,71.32,long,1
HOOD,PDL,2026-02-24,Gap Down,timeout,60,0.3764115432873219,71.73,long,1
HOOD,1H_Sup,2026-02-24,Gap Down,loss,4,-0.5,72.23,long,1
HOOD,4H_Sup,2026-02-24,Gap Down,win,57,1.0,72.5351,long,1
HOOD,PMH,2026-02-24,Gap Down,loss,2,-0.5,71.733,short,1
HOOD,4H_Res,2026-02-24,Gap Down,loss,28,-0.5,72.38,short,1
HOOD,PMH,2026-02-25,Gap Up,loss,1,-0.5,75.935,short,1
HOOD,PML,2026-02-26,Gap Down,loss,3,-0.5,77.245,long,1
HOOD,1H_Sup,2026-02-26,Gap Down,loss,0,-0.5,78.33,long,1
HOOD,4H_Sup,2026-02-26,Gap Down,loss,10,-0.5,78.47,long,1
HOOD,PMH,2026-02-26,Gap Down,loss,3,-0.5,77.2315,short,1
HOOD,PDH,2026-02-26,Gap Down,win,8,1.0,77.72,short,1
HOOD,PML,2026-02-27,Gap Down,loss,0,-0.5,76.165,long,1
HOOD,PDL,2026-02-27,Gap Down,loss,4,-0.5,77.25,long,1
HOOD,PML,2026-03-03,Gap Down,loss,1,-0.5,75.39,long,1
HOOD,PDL,2026-03-03,Gap Down,win,6,1.0,73.46,long,1
HOOD,PMH,2026-03-03,Gap Down,win,52,1.0,77.15,short,1
HOOD,PML,2026-03-05,Flat,loss,5,-0.5,81.95,long,1
HOOD,PDL,2026-03-05,Flat,loss,7,-0.5,79.8,long,1
HOOD,1H_Sup,2026-03-05,Flat,loss,0,-0.5,83.8195,long,1
HOOD,4H_Sup,2026-03-05,Flat,loss,0,-0.5,83.8195,long,1
HOOD,PDH,2026-03-05,Flat,loss,0,-0.5,83.58,short,1
HOOD,PML,2026-03-06,Gap Down,loss,1,-0.5,77.13,long,1
HOOD,PDL,2026-03-06,Gap Down,loss,24,-0.5,78.695,long,1
HOOD,4H_Sup,2026-03-06,Gap Down,loss,9,-0.5,78.83,long,1
HOOD,PML,2026-03-10,Gap Up,timeout,60,0.025125628140716373,79.6,long,1
HOOD,4H_Sup,2026-03-10,Gap Up,win,24,1.0,78.09,long,1
HOOD,PDH,2026-03-10,Gap Up,loss,2,-0.5,79.12,short,1
HOOD,1H_Res,2026-03-10,Gap Up,loss,4,-0.5,77.79,short,1
HOOD,1H_Res,2026-03-10,Gap Up,loss,4,-0.5,77.79,short,1
HOOD,1H_Res,2026-03-10,Gap Up,loss,17,-0.5,78.0,short,1
HOOD,1H_Res,2026-03-10,Gap Up,loss,2,-0.5,79.12,short,1
HOOD,4H_Res,2026-03-10,Gap Up,loss,4,-0.5,77.79,short,1
HOOD,4H_Res,2026-03-10,Gap Up,loss,4,-0.5,77.79,short,1
HOOD,4H_Res,2026-03-10,Gap Up,loss,17,-0.5,78.0,short,1
HOOD,4H_Res,2026-03-10,Gap Up,loss,4,-0.5,78.72,short,1
HOOD,4H_Res,2026-03-10,Gap Up,loss,2,-0.5,79.12,short,1
HOOD,PML,2026-03-11,Gap Down,win,7,1.0,78.1117,long,1
HOOD,PDL,2026-03-11,Gap Down,loss,4,-0.5,78.115,long,1
HOOD,1H_Sup,2026-03-11,Gap Down,loss,7,-0.5,79.46,long,1
HOOD,PMH,2026-03-11,Gap Down,loss,15,-0.5,78.335,short,1
HOOD,PML,2026-03-12,Gap Down,loss,3,-0.5,77.63,long,1
HOOD,PDL,2026-03-12,Gap Down,loss,11,-0.5,77.19,long,1
HOOD,4H_Sup,2026-03-12,Gap Down,loss,2,-0.5,77.51,long,1
HOOD,PML,2026-03-13,Gap Up,loss,7,-0.5,75.91,long,1
HOOD,PDL,2026-03-13,Gap Up,loss,18,-0.5,75.58,long,1
HOOD,1H_Sup,2026-03-13,Gap Up,loss,0,-0.5,76.85,long,1
HOOD,4H_Sup,2026-03-13,Gap Up,loss,0,-0.5,76.85,long,1
HOOD,PMH,2026-03-13,Gap Up,win,1,1.0,76.485,short,1
HOOD,1H_Sup,2026-03-17,Flat,win,7,1.0,76.705,long,1
HOOD,4H_Sup,2026-03-17,Flat,win,7,1.0,76.705,long,1
HOOD,PML,2026-03-18,Gap Down,timeout,60,0.039729837107669363,75.51,long,1
HOOD,PDL,2026-03-18,Gap Down,timeout,60,0.039729837107669363,75.51,long,1
HOOD,4H_Sup,2026-03-18,Gap Down,loss,40,-0.5,76.63,long,1
HOOD,PML,2026-03-19,Gap Down,win,17,1.0,72.65,long,1
HOOD,PDL,2026-03-19,Gap Down,loss,3,-0.5,75.14,long,1
HOOD,PMH,2026-03-19,Gap Down,loss,6,-0.5,74.7639,short,1
HOOD,PDL,2026-03-20,Gap Down,loss,3,-0.5,72.03,long,1
HOOD,PML,2026-03-24,Gap Down,loss,4,-0.5,71.54,long,1
HOOD,PML,2026-03-26,Gap Down,win,10,1.0,71.385,long,1
HOOD,PDL,2026-03-26,Gap Down,win,3,1.0,72.14,long,1
HOOD,1H_Sup,2026-03-26,Gap Down,loss,3,-0.5,73.17,long,1
HOOD,PMH,2026-03-26,Gap Down,loss,0,-0.5,72.52,short,1
HOOD,PML,2026-03-27,Gap Down,loss,1,-0.5,67.6951,long,1
HOOD,1H_Sup,2026-03-31,Gap Up,loss,0,-0.5,65.92,long,1
HOOD,4H_Sup,2026-03-31,Gap Up,loss,17,-0.5,66.57,long,1
HOOD,PMH,2026-03-31,Gap Up,loss,8,-0.5,66.31,short,1
HOOD,4H_Res,2026-03-31,Gap Up,loss,1,-0.5,65.7474,short,1
HOOD,4H_Res,2026-03-31,Gap Up,loss,5,-0.5,66.282,short,1
HOOD,PML,2026-04-01,Gap Up,timeout,60,0.6725815684029749,69.88,long,1
HOOD,1H_Sup,2026-04-01,Gap Up,timeout,60,0.6725815684029749,69.88,long,1
HOOD,4H_Sup,2026-04-01,Gap Up,timeout,60,0.6725815684029749,69.88,long,1
HOOD,PDH,2026-04-01,Gap Up,loss,3,-0.5,69.26,short,1
HOOD,PML,2026-04-02,Gap Down,win,11,1.0,66.505,long,1
HOOD,PDL,2026-04-02,Gap Down,loss,0,-0.5,69.92,long,1
HOOD,PMH,2026-04-02,Gap Down,loss,3,-0.5,67.67,short,1
HOOD,PML,2026-04-07,Gap Down,loss,1,-0.5,68.63,long,1
HOOD,PDL,2026-04-07,Gap Down,loss,10,-0.5,68.955,long,1
HOOD,PMH,2026-04-08,Gap Up,win,1,1.0,76.37,short,1
HOOD,PML,2026-04-09,Flat,win,20,1.0,71.29,long,1
HOOD,PDL,2026-04-09,Flat,loss,0,-0.5,72.005,long,1
HOOD,1H_Sup,2026-04-09,Flat,loss,13,-0.5,72.44,long,1
HOOD,4H_Sup,2026-04-09,Flat,loss,13,-0.5,72.44,long,1
HOOD,PMH,2026-04-09,Flat,win,1,1.0,70.73,short,1
HOOD,PML,2026-04-10,Flat,loss,1,-0.5,69.61,long,1
HOOD,PDL,2026-04-10,Flat,loss,6,-0.5,69.6899,long,1
HOOD,PMH,2026-04-10,Flat,win,1,1.0,69.965,short,1
HOOD,PMH,2026-04-15,Gap Up,win,2,1.0,85.6222,short,1
HOOD,1H_Sup,2026-04-16,Gap Up,loss,0,-0.5,88.6099,long,1
HOOD,4H_Sup,2026-04-16,Gap Up,loss,11,-0.5,85.51,long,1
HOOD,4H_Sup,2026-04-16,Gap Up,loss,0,-0.5,88.6099,long,1
HOOD,PDH,2026-04-16,Gap Up,win,3,1.0,86.8858,short,1
HOOD,PMH,2026-04-17,Gap Up,loss,3,-0.5,90.92,short,1
HOOD,4H_Res,2026-04-21,Flat,loss,9,-0.5,89.455,short,1
HOOD,PML,2026-04-22,Gap Up,loss,11,-0.5,89.04,long,1
HOOD,4H_Sup,2026-04-22,Gap Up,win,20,1.0,88.77,long,1
HOOD,PMH,2026-04-22,Gap Up,win,26,1.0,89.77,short,1
HOOD,1H_Res,2026-04-22,Gap Up,loss,27,-0.5,87.5978,short,1
HOOD,PML,2026-04-23,Gap Down,timeout,60,-0.06954909006607427,86.27,long,1
HOOD,PMH,2026-04-23,Gap Down,win,15,1.0,87.405,short,1
HOOD,PML,2026-04-24,Gap Up,loss,9,-0.5,84.28,long,1
HOOD,1H_Sup,2026-04-24,Gap Up,loss,18,-0.5,84.165,long,1
HOOD,4H_Sup,2026-04-24,Gap Up,win,23,1.0,83.1101,long,1
HOOD,4H_Sup,2026-04-24,Gap Up,loss,17,-0.5,84.15,long,1
HOOD,4H_Sup,2026-04-24,Gap Up,loss,4,-0.5,84.35,long,1
HOOD,4H_Sup,2026-04-24,Gap Up,loss,13,-0.5,84.627,long,1
HOOD,4H_Sup,2026-04-24,Gap Up,loss,12,-0.5,84.91,long,1
HOOD,PML,2026-04-28,Gap Down,win,4,1.0,81.39,long,1
HOOD,1H_Sup,2026-04-30,Flat,win,3,1.0,71.68,long,1
HOOD,1H_Sup,2026-04-30,Flat,loss,1,-0.5,72.16,long,1
HOOD,4H_Sup,2026-04-30,Flat,loss,1,-0.5,72.16,long,1
HOOD,PDH,2026-04-30,Flat,loss,20,-0.5,73.285,short,1
HOOD,PML,2026-05-01,Gap Up,loss,2,-0.5,73.74,long,1
HOOD,1H_Sup,2026-05-01,Gap Up,win,6,1.0,73.58,long,1
HOOD,4H_Sup,2026-05-01,Gap Up,loss,4,-0.5,73.81,long,1
HOOD,PMH,2026-05-01,Gap Up,loss,14,-0.5,73.58,short,1
HOOD,PDH,2026-05-01,Gap Up,loss,14,-0.5,73.58,short,1
HOOD,PML,2026-05-05,Gap Up,loss,1,-0.5,77.8601,long,1
HOOD,1H_Sup,2026-05-05,Gap Up,win,3,1.0,77.3027,long,1
HOOD,4H_Sup,2026-05-05,Gap Up,loss,3,-0.5,78.005,long,1
HOOD,PDH,2026-05-05,Gap Up,win,12,1.0,77.69,short,1
HOOD,1H_Res,2026-05-05,Gap Up,loss,11,-0.5,76.84,short,1
HOOD,PML,2026-05-06,Gap Up,loss,10,-0.5,77.04,long,1
HOOD,PDL,2026-05-06,Gap Up,timeout,60,0.24707412223666805,76.9,long,1
HOOD,1H_Sup,2026-05-06,Gap Up,loss,0,-0.5,77.975,long,1
HOOD,4H_Sup,2026-05-06,Gap Up,loss,2,-0.5,78.3066,long,1
HOOD,PML,2026-05-07,Flat,loss,12,-0.5,78.4901,long,1
HOOD,PDL,2026-05-07,Flat,loss,9,-0.5,76.445,long,1
HOOD,1H_Sup,2026-05-07,Flat,loss,12,-0.5,78.4901,long,1
HOOD,4H_Sup,2026-05-07,Flat,loss,2,-0.5,79.06,long,1
HOOD,PMH,2026-05-07,Flat,win,3,1.0,78.98,short,1
HOOD,1H_Res,2026-05-07,Flat,timeout,60,0.1532958610117585,78.28,short,1
HOOD,4H_Res,2026-05-07,Flat,loss,3,-0.5,78.39,short,1
HOOD,PML,2026-05-08,Gap Down,win,42,1.0,75.94,long,1
HOOD,PDL,2026-05-08,Gap Down,loss,0,-0.5,75.76,long,1
HOOD,1H_Sup,2026-05-08,Gap Down,loss,41,-0.5,76.59,long,1
HOOD,4H_Sup,2026-05-08,Gap Down,loss,16,-0.5,76.78,long,1
HOOD,PMH,2026-05-08,Gap Down,timeout,60,0.13335073068893044,76.64,short,1
HOOD,PML,2026-05-12,Gap Down,loss,23,-0.5,78.73,long,1
HOOD,PMH,2026-05-12,Gap Down,win,14,1.0,79.27,short,1
HOOD,PML,2026-05-13,Gap Down,loss,0,-0.5,76.97,long,1
HOOD,PDL,2026-05-13,Gap Down,loss,0,-0.5,76.97,long,1
HOOD,PML,2026-05-14,Gap Down,loss,2,-0.5,76.27,long,1
HOOD,PDL,2026-05-14,Gap Down,win,45,1.0,75.9288,long,1
HOOD,1H_Sup,2026-05-14,Gap Down,loss,4,-0.5,77.935,long,1
HOOD,4H_Sup,2026-05-14,Gap Down,win,51,1.0,77.8413,long,1
HOOD,PML,2026-05-15,Gap Down,loss,3,-0.5,77.915,long,1
HOOD,PML,2026-05-20,Gap Up,loss,19,-0.5,74.4139,long,1
HOOD,1H_Sup,2026-05-20,Gap Up,loss,7,-0.5,75.38,long,1
HOOD,4H_Sup,2026-05-20,Gap Up,loss,18,-0.5,75.65,long,1
HOOD,PMH,2026-05-20,Gap Up,loss,56,-0.5,75.29,short,1
HOOD,PDH,2026-05-20,Gap Up,timeout,60,0.31547814656590084,76.075,short,1
HOOD,PML,2026-05-21,Gap Down,win,6,1.0,75.52,long,1
HOOD,1H_Sup,2026-05-21,Gap Down,loss,8,-0.5,76.055,long,1
HOOD,4H_Sup,2026-05-21,Gap Down,loss,60,-0.5,76.53,long,1
HOOD,PMH,2026-05-21,Gap Down,win,6,1.0,75.83,short,1
HOOD,PDH,2026-05-21,Gap Down,win,7,1.0,75.82,short,1
HOOD,PML,2026-05-22,Flat,loss,16,-0.5,76.11,long,1
HOOD,PDL,2026-05-22,Flat,loss,3,-0.5,74.87,long,1
HOOD,4H_Sup,2026-05-22,Flat,loss,5,-0.5,75.5325,long,1
HOOD,PMH,2026-05-22,Flat,win,25,1.0,76.25,short,1
HOOD,PDH,2026-05-22,Flat,win,25,1.0,76.25,short,1
HOOD,4H_Res,2026-05-22,Flat,win,25,1.0,76.25,short,1
HOOD,PML,2026-05-27,Flat,loss,0,-0.5,74.21,long,1
HOOD,PDL,2026-05-27,Flat,loss,0,-0.5,74.21,long,1
HOOD,1H_Sup,2026-05-27,Flat,loss,0,-0.5,74.21,long,1
HOOD,1H_Sup,2026-05-27,Flat,loss,3,-0.5,74.7,long,1
HOOD,4H_Sup,2026-05-27,Flat,loss,2,-0.5,74.965,long,1
HOOD,PMH,2026-05-27,Flat,loss,1,-0.5,73.88,short,1
HOOD,PDH,2026-05-27,Flat,loss,6,-0.5,75.57,short,1
HOOD,PML,2026-05-28,Gap Down,win,3,1.0,74.87,long,1
HOOD,PDL,2026-05-28,Gap Down,win,9,1.0,73.89,long,1
HOOD,1H_Sup,2026-05-28,Gap Down,win,6,1.0,77.74,long,1
HOOD,4H_Sup,2026-05-28,Gap Down,win,1,1.0,75.355,long,1
HOOD,4H_Sup,2026-05-28,Gap Down,win,6,1.0,77.74,long,1
HOOD,PML,2026-05-29,Gap Up,win,3,1.0,86.5699,long,1
HOOD,PML,2026-06-02,Gap Down,loss,3,-0.5,88.74,long,1
HOOD,1H_Sup,2026-06-04,Gap Up,loss,0,-0.5,83.48,long,1
HOOD,4H_Sup,2026-06-04,Gap Up,loss,8,-0.5,84.43,long,1
HOOD,PMH,2026-06-04,Gap Up,loss,2,-0.5,82.98,short,1
HOOD,PDH,2026-06-04,Gap Up,win,13,1.0,86.48,short,1
HOOD,PML,2026-06-05,Gap Down,loss,1,-0.5,85.82,long,1
HOOD,PDL,2026-06-05,Gap Down,loss,16,-0.5,83.115,long,1
HOOD,PML,2026-06-09,Gap Up,win,4,1.0,85.31,long,1
HOOD,PDL,2026-06-09,Gap Up,win,38,1.0,83.095,long,1
HOOD,1H_Sup,2026-06-09,Gap Up,win,4,1.0,85.31,long,1
HOOD,4H_Sup,2026-06-09,Gap Up,win,14,1.0,85.715,long,1
HOOD,PMH,2026-06-09,Gap Up,loss,5,-0.5,85.28,short,1
HOOD,PDH,2026-06-09,Gap Up,loss,2,-0.5,84.96,short,1
HOOD,1H_Res,2026-06-09,Gap Up,win,3,1.0,84.6951,short,1
HOOD,1H_Sup,2026-06-10,Gap Up,win,0,1.0,86.545,long,1
HOOD,4H_Sup,2026-06-10,Gap Up,win,0,1.0,86.545,long,1
HOOD,PDH,2026-06-10,Gap Up,loss,0,-0.5,87.12,short,1
HOOD,PML,2026-06-11,Gap Up,win,1,1.0,87.71,long,1
HOOD,1H_Sup,2026-06-11,Gap Up,win,5,1.0,86.83,long,1
HOOD,1H_Sup,2026-06-11,Gap Up,win,5,1.0,86.83,long,1
HOOD,1H_Sup,2026-06-11,Gap Up,loss,0,-0.5,88.42,long,1
HOOD,1H_Sup,2026-06-11,Gap Up,loss,0,-0.5,88.42,long,1
HOOD,4H_Sup,2026-06-11,Gap Up,win,5,1.0,86.83,long,1
HOOD,4H_Sup,2026-06-11,Gap Up,win,5,1.0,86.83,long,1
HOOD,4H_Sup,2026-06-11,Gap Up,loss,3,-0.5,89.95,long,1
HOOD,PMH,2026-06-11,Gap Up,win,2,1.0,87.7,short,1
HOOD,PDH,2026-06-11,Gap Up,loss,10,-0.5,91.14,short,1
HOOD,1H_Res,2026-06-11,Gap Up,win,1,1.0,87.56,short,1
HOOD,PML,2026-06-12,Flat,loss,0,-0.5,91.67,long,1
HOOD,1H_Sup,2026-06-12,Flat,loss,1,-0.5,92.88,long,1
HOOD,4H_Sup,2026-06-12,Flat,loss,1,-0.5,91.14,long,1
HOOD,4H_Sup,2026-06-12,Flat,loss,2,-0.5,92.185,long,1
HOOD,PMH,2026-06-12,Flat,win,0,1.0,92.86,short,1
HOOD,PDH,2026-06-12,Flat,win,0,1.0,92.86,short,1
HOOD,1H_Res,2026-06-12,Flat,loss,0,-0.5,91.99,short,1
HOOD,1H_Res,2026-06-12,Flat,win,0,1.0,92.86,short,1
HOOD,4H_Res,2026-06-12,Flat,loss,0,-0.5,91.99,short,1
HOOD,4H_Res,2026-06-12,Flat,loss,0,-0.5,91.99,short,1
HOOD,4H_Res,2026-06-12,Flat,win,0,1.0,92.86,short,1
CRM,PDL,2025-12-16,Flat,loss,13,-0.5,254.38,long,1
CRM,1H_Sup,2025-12-16,Flat,timeout,50,-0.0787892329221372,255.111,long,1
CRM,PMH,2025-12-16,Flat,loss,2,-0.5,252.71,short,1
CRM,PML,2025-12-18,Flat,timeout,60,0.37143852585939585,258.32,long,1
CRM,PDL,2025-12-18,Flat,timeout,60,0.21597011440579297,256.98,long,1
CRM,PML,2025-12-19,Gap Up,loss,47,-0.5,257.43,long,1
CRM,PDL,2025-12-19,Gap Up,loss,50,-0.5,256.855,long,1
CRM,1H_Sup,2025-12-19,Gap Up,loss,7,-0.5,259.06,long,1
CRM,4H_Sup,2025-12-19,Gap Up,loss,7,-0.5,259.06,long,1
CRM,PMH,2025-12-19,Gap Up,win,19,1.0,259.5732,short,1
CRM,PDH,2025-12-19,Gap Up,win,16,1.0,259.7,short,1
CRM,PML,2025-12-23,Gap Down,loss,25,-0.5,263.24,long,1
CRM,1H_Sup,2025-12-24,Flat,loss,3,-0.5,264.83,long,1
CRM,4H_Sup,2025-12-24,Flat,loss,3,-0.5,264.83,long,1
CRM,PMH,2025-12-24,Flat,loss,16,-0.5,263.775,short,1
CRM,PDH,2025-12-24,Flat,loss,6,-0.5,263.41,short,1
CRM,PML,2025-12-30,Flat,timeout,60,-0.11980531636093224,267.1,long,1
CRM,1H_Sup,2025-12-30,Flat,timeout,60,-0.27257443867448905,267.67,long,1
CRM,4H_Sup,2025-12-30,Flat,timeout,60,-0.27257443867448905,267.67,long,1
CRM,PMH,2025-12-30,Flat,loss,18,-0.5,265.88,short,1
CRM,PML,2025-12-31,Flat,timeout,60,0.08705003395970608,265.02,long,1
CRM,PDL,2025-12-31,Flat,timeout,60,-0.16121873236788306,265.85,long,1
CRM,PMH,2025-12-31,Flat,timeout,60,-0.18130311614731565,264.75,short,1
CRM,1H_Sup,2026-01-06,Flat,loss,2,-0.5,258.74,long,1
CRM,4H_Sup,2026-01-06,Flat,timeout,60,0.484004705065657,259.295,long,1
CRM,PDH,2026-01-06,Flat,loss,32,-0.5,258.85,short,1
CRM,4H_Res,2026-01-06,Flat,loss,39,-0.5,259.09,short,1
CRM,1H_Sup,2026-01-07,Flat,timeout,60,0.3846443924881144,265.18,long,1
CRM,PDL,2026-01-08,Gap Down,loss,2,-0.5,264.26,long,1
CRM,PML,2026-01-09,Flat,timeout,60,-0.34722382103526256,260.61,long,1
CRM,PDL,2026-01-09,Flat,timeout,60,-0.4676658872235317,260.87,long,1
CRM,PML,2026-01-13,Gap Down,loss,15,-0.5,259.03,long,1
CRM,PMH,2026-01-13,Gap Down,win,9,1.0,258.0,short,1
CRM,PML,2026-01-14,Gap Down,loss,14,-0.5,241.29,long,1
CRM,PDL,2026-01-14,Gap Down,timeout,60,-0.18684603886398315,240.84,long,1
CRM,PML,2026-01-15,Gap Down,loss,2,-0.5,238.67,long,1
CRM,PDL,2026-01-15,Gap Down,loss,9,-0.5,237.8,long,1
CRM,PML,2026-01-21,Flat,win,2,1.0,219.5,long,1
CRM,PDL,2026-01-21,Flat,loss,6,-0.5,221.04,long,1
CRM,1H_Sup,2026-01-21,Flat,loss,6,-0.5,221.04,long,1
CRM,1H_Sup,2026-01-21,Flat,loss,58,-0.5,222.855,long,1
CRM,4H_Sup,2026-01-21,Flat,loss,6,-0.5,221.04,long,1
CRM,PMH,2026-01-21,Flat,loss,16,-0.5,220.5,short,1
CRM,4H_Res,2026-01-21,Flat,loss,1,-0.5,219.595,short,1
CRM,PML,2026-01-22,Flat,timeout,60,0.44602833064370456,223.08,long,1
CRM,1H_Sup,2026-01-22,Flat,loss,12,-0.5,224.62,long,1
CRM,4H_Sup,2026-01-22,Flat,loss,12,-0.5,224.62,long,1
CRM,PMH,2026-01-22,Flat,loss,46,-0.5,223.24,short,1
CRM,PDH,2026-01-22,Flat,loss,10,-0.5,222.54,short,1
CRM,PML,2026-01-23,Gap Down,loss,41,-0.5,229.73,long,1
CRM,1H_Sup,2026-01-23,Gap Down,loss,26,-0.5,229.905,long,1
CRM,PMH,2026-01-23,Gap Down,timeout,60,-0.34360500744112604,228.46,short,1
CRM,PDH,2026-01-23,Gap Down,loss,28,-0.5,228.1,short,1
CRM,4H_Res,2026-01-23,Gap Down,loss,27,-0.5,228.15,short,1
CRM,PML,2026-01-27,Gap Up,loss,2,-0.5,230.375,long,1
CRM,PDL,2026-01-27,Gap Up,loss,34,-0.5,228.37,long,1
CRM,1H_Sup,2026-01-27,Gap Up,loss,3,-0.5,234.308,long,1
CRM,PDH,2026-01-27,Gap Up,loss,1,-0.5,229.19,short,1
CRM,4H_Res,2026-01-27,Gap Up,loss,1,-0.5,229.19,short,1
CRM,1H_Sup,2026-01-28,Flat,loss,0,-0.5,229.64,long,1
CRM,4H_Sup,2026-01-28,Flat,loss,0,-0.5,229.64,long,1
CRM,PML,2026-01-30,Flat,timeout,60,0.24344569288389994,213.6,long,1
CRM,1H_Sup,2026-01-30,Flat,timeout,60,0.27624961631998113,211.765,long,1
CRM,1H_Sup,2026-01-30,Flat,loss,5,-0.5,214.9,long,1
CRM,4H_Sup,2026-01-30,Flat,loss,5,-0.5,214.9,long,1
CRM,PMH,2026-01-30,Flat,loss,0,-0.5,212.05,short,1
CRM,PML,2026-02-04,Gap Down,win,2,1.0,193.415,long,1
CRM,PDL,2026-02-04,Gap Down,win,12,1.0,194.48,long,1
CRM,1H_Sup,2026-02-04,Gap Down,win,12,1.0,194.48,long,1
CRM,4H_Sup,2026-02-04,Gap Down,loss,2,-0.5,197.62,long,1
CRM,PMH,2026-02-04,Gap Down,loss,6,-0.5,196.345,short,1
CRM,1H_Res,2026-02-04,Gap Down,loss,16,-0.5,193.71,short,1
CRM,1H_Res,2026-02-04,Gap Down,loss,1,-0.5,195.9,short,1
CRM,4H_Res,2026-02-04,Gap Down,loss,6,-0.5,196.345,short,1
CRM,PML,2026-02-05,Gap Down,win,1,1.0,197.0,long,1
CRM,PML,2026-02-06,Gap Up,win,9,1.0,192.49,long,1
CRM,PDL,2026-02-06,Gap Up,loss,34,-0.5,189.75,long,1
CRM,1H_Sup,2026-02-06,Gap Up,win,9,1.0,192.49,long,1
CRM,4H_Sup,2026-02-06,Gap Up,loss,34,-0.5,189.75,long,1
CRM,4H_Sup,2026-02-06,Gap Up,loss,2,-0.5,192.8102,long,1
CRM,4H_Sup,2026-02-06,Gap Up,loss,1,-0.5,194.29,long,1
CRM,PMH,2026-02-06,Gap Up,loss,2,-0.5,192.23,short,1
CRM,4H_Res,2026-02-06,Gap Up,win,5,1.0,191.73,short,1
CRM,1H_Sup,2026-02-10,Gap Down,win,11,1.0,193.28,long,1
CRM,4H_Sup,2026-02-10,Gap Down,win,12,1.0,193.34,long,1
CRM,PMH,2026-02-10,Gap Down,timeout,60,0.3445591373046482,194.2192,short,1
CRM,PDH,2026-02-10,Gap Down,timeout,60,0.3317133379618822,194.445,short,1
CRM,1H_Res,2026-02-10,Gap Down,timeout,60,0.2550231839258138,194.1,short,1
CRM,1H_Res,2026-02-10,Gap Down,timeout,60,0.3317133379618822,194.445,short,1
CRM,4H_Res,2026-02-10,Gap Down,timeout,60,0.2550231839258138,194.1,short,1
CRM,4H_Res,2026-02-10,Gap Down,timeout,60,0.3317133379618822,194.445,short,1
CRM,PML,2026-02-12,Flat,loss,0,-0.5,186.21,long,1
CRM,PDL,2026-02-12,Flat,loss,25,-0.5,182.38,long,1
CRM,1H_Sup,2026-02-12,Flat,loss,8,-0.5,186.61,long,1
CRM,4H_Sup,2026-02-12,Flat,loss,3,-0.5,187.85,long,1
CRM,PMH,2026-02-12,Flat,loss,3,-0.5,186.21,short,1
CRM,4H_Res,2026-02-12,Flat,win,46,1.0,182.25,short,1
CRM,PML,2026-02-13,Flat,win,5,1.0,186.955,long,1
CRM,PMH,2026-02-13,Flat,loss,0,-0.5,186.48,short,1
CRM,PML,2026-02-18,Flat,win,21,1.0,184.385,long,1
CRM,PDL,2026-02-18,Flat,win,12,1.0,183.94,long,1
CRM,1H_Sup,2026-02-18,Flat,win,22,1.0,185.13,long,1
CRM,4H_Sup,2026-02-18,Flat,win,59,1.0,186.01,long,1
CRM,PMH,2026-02-18,Flat,loss,40,-0.5,186.42,short,1
CRM,PML,2026-02-20,Flat,timeout,30,0.679680278397042,183.91,long,1
CRM,1H_Sup,2026-02-20,Flat,win,7,1.0,186.08,long,1
CRM,4H_Sup,2026-02-20,Flat,win,13,1.0,186.915,long,1
CRM,PMH,2026-02-20,Flat,timeout,60,0.32836302955268,185.77,short,1
CRM,PDH,2026-02-20,Flat,loss,5,-0.5,186.6,short,1
CRM,PML,2026-02-24,Flat,win,1,1.0,179.035,long,1
CRM,1H_Sup,2026-02-24,Flat,win,1,1.0,179.035,long,1
CRM,4H_Sup,2026-02-24,Flat,win,1,1.0,179.035,long,1
CRM,PML,2026-02-25,Gap Down,win,16,1.0,185.13,long,1
CRM,1H_Sup,2026-02-25,Gap Down,win,5,1.0,187.1,long,1
CRM,4H_Sup,2026-02-25,Gap Down,win,7,1.0,188.61,long,1
CRM,1H_Sup,2026-02-26,Gap Up,loss,0,-0.5,195.71,long,1
CRM,4H_Sup,2026-02-26,Gap Up,loss,0,-0.5,195.71,long,1
CRM,PMH,2026-02-26,Gap Up,loss,0,-0.5,194.7625,short,1
CRM,PML,2026-02-27,Gap Down,loss,2,-0.5,191.88,long,1
CRM,PDL,2026-02-27,Gap Down,loss,5,-0.5,191.92,long,1
CRM,PDL,2026-03-03,Gap Down,loss,4,-0.5,193.219,long,1
CRM,1H_Sup,2026-03-03,Gap Down,win,37,1.0,193.7901,long,1
CRM,4H_Sup,2026-03-03,Gap Down,timeout,60,0.0796055672538653,194.71,long,1
CRM,PMH,2026-03-03,Gap Down,loss,3,-0.5,190.385,short,1
CRM,PDH,2026-03-03,Gap Down,timeout,60,0.03840540748136755,195.285,short,1
CRM,PML,2026-03-04,Flat,loss,8,-0.5,195.74,long,1
CRM,4H_Sup,2026-03-04,Flat,loss,0,-0.5,196.065,long,1
CRM,1H_Sup,2026-03-05,Gap Up,win,3,1.0,196.26,long,1
CRM,4H_Sup,2026-03-05,Gap Up,win,2,1.0,197.77,long,1
CRM,PML,2026-03-06,Flat,loss,9,-0.5,198.5,long,1
CRM,PML,2026-03-10,Gap Down,loss,13,-0.5,198.48,long,1
CRM,PDL,2026-03-10,Gap Down,win,6,1.0,196.75,long,1
CRM,1H_Sup,2026-03-10,Gap Down,loss,12,-0.5,198.9,long,1
CRM,4H_Sup,2026-03-10,Gap Down,win,5,1.0,197.01,long,1
CRM,PML,2026-03-11,Gap Up,timeout,8,0.230685986187752,193.6832,long,1
CRM,1H_Sup,2026-03-11,Gap Up,loss,10,-0.5,197.85,long,1
CRM,4H_Sup,2026-03-11,Gap Up,loss,2,-0.5,199.08,long,1
CRM,PMH,2026-03-11,Gap Up,win,47,1.0,195.375,short,1
CRM,PDH,2026-03-11,Gap Up,win,13,1.0,197.8,short,1
CRM,4H_Res,2026-03-11,Gap Up,win,33,1.0,197.62,short,1
CRM,4H_Res,2026-03-11,Gap Up,win,33,1.0,197.62,short,1
CRM,1H_Sup,2026-03-12,Flat,win,1,1.0,195.0,long,1
CRM,4H_Sup,2026-03-12,Flat,win,1,1.0,195.0,long,1
CRM,PDH,2026-03-12,Flat,timeout,60,0.32653471315181637,199.06,short,1
CRM,PDL,2026-03-13,Flat,loss,25,-0.5,193.8826,long,1
CRM,1H_Sup,2026-03-13,Flat,loss,1,-0.5,200.25,long,1
CRM,PML,2026-03-17,Flat,loss,31,-0.5,196.12,long,1
CRM,PDL,2026-03-17,Flat,timeout,18,0.21550618297501972,194.89,long,1
CRM,1H_Sup,2026-03-17,Flat,win,6,1.0,200.01,long,1
CRM,4H_Sup,2026-03-17,Flat,win,6,1.0,200.01,long,1
CRM,PMH,2026-03-17,Flat,win,53,1.0,198.96,short,1
CRM,PDH,2026-03-17,Flat,timeout,60,0.16665824958334635,198.01,short,1
CRM,1H_Res,2026-03-17,Flat,timeout,60,0.16665824958334635,198.01,short,1
CRM,PML,2026-03-18,Gap Down,loss,17,-0.5,195.35,long,1
CRM,PDL,2026-03-18,Gap Down,loss,4,-0.5,195.5012,long,1
CRM,1H_Sup,2026-03-19,Gap Up,win,5,1.0,197.3025,long,1
CRM,4H_Sup,2026-03-19,Gap Up,win,5,1.0,197.3025,long,1
CRM,PMH,2026-03-19,Gap Up,loss,14,-0.5,194.8699,short,1
CRM,PDH,2026-03-19,Gap Up,loss,18,-0.5,194.66,short,1
CRM,PML,2026-03-20,Gap Down,win,13,1.0,193.29,long,1
CRM,PDL,2026-03-20,Gap Down,timeout,60,0.5715756951596364,194.2,long,1
CRM,PMH,2026-03-20,Gap Down,loss,21,-0.5,194.48,short,1
CRM,PML,2026-03-25,Gap Up,loss,7,-0.5,183.8,long,1
CRM,4H_Sup,2026-03-25,Gap Up,loss,0,-0.5,186.59,long,1
CRM,PMH,2026-03-25,Gap Up,loss,2,-0.5,185.565,short,1
CRM,PML,2026-03-26,Flat,win,15,1.0,182.5952,long,1
CRM,PDL,2026-03-26,Flat,win,15,1.0,182.5952,long,1
CRM,1H_Sup,2026-03-26,Flat,loss,1,-0.5,182.74,long,1
CRM,4H_Sup,2026-03-26,Flat,loss,1,-0.5,183.11,long,1
CRM,PDH,2026-03-26,Flat,timeout,60,0.28667113194909394,186.625,short,1
CRM,PML,2026-03-27,Gap Down,loss,8,-0.5,181.61,long,1
CRM,PDL,2026-03-27,Gap Down,loss,0,-0.5,180.62,long,1
CRM,PML,2026-03-31,Flat,win,23,1.0,185.724,long,1
CRM,1H_Sup,2026-03-31,Flat,win,15,1.0,185.68,long,1
CRM,4H_Sup,2026-03-31,Flat,loss,10,-0.5,186.925,long,1
CRM,PMH,2026-03-31,Flat,win,36,1.0,186.75,short,1
CRM,PDH,2026-03-31,Flat,loss,7,-0.5,185.96,short,1
CRM,PML,2026-04-01,Flat,loss,10,-0.5,187.405,long,1
CRM,1H_Sup,2026-04-01,Flat,loss,1,-0.5,188.88,long,1
CRM,PMH,2026-04-01,Flat,win,9,1.0,188.08,short,1
CRM,PDH,2026-04-01,Flat,win,5,1.0,187.901,short,1
CRM,4H_Res,2026-04-01,Flat,win,5,1.0,187.39,short,1
CRM,PML,2026-04-02,Gap Down,win,2,1.0,184.3,long,1
CRM,PDL,2026-04-02,Gap Down,loss,1,-0.5,184.17,long,1
CRM,1H_Sup,2026-04-02,Gap Down,timeout,60,-0.4339789439845709,186.645,long,1
CRM,PMH,2026-04-02,Gap Down,loss,5,-0.5,185.07,short,1
CRM,PML,2026-04-07,Flat,loss,34,-0.5,184.01,long,1
CRM,PDL,2026-04-07,Flat,loss,34,-0.5,184.01,long,1
CRM,PMH,2026-04-07,Flat,win,30,1.0,184.83,short,1
CRM,PDL,2026-04-08,Gap Up,timeout,60,-0.08205240413544428,182.81,long,1
CRM,PDH,2026-04-08,Gap Up,win,5,1.0,185.93,short,1
CRM,1H_Res,2026-04-08,Gap Up,timeout,60,0.3655210038188848,183.3,short,1
CRM,PDL,2026-04-10,Flat,loss,5,-0.5,167.86,long,1
CRM,PMH,2026-04-10,Flat,win,1,1.0,170.16,short,1
CRM,1H_Res,2026-04-10,Flat,win,2,1.0,169.35,short,1
CRM,1H_Sup,2026-04-14,Gap Up,timeout,60,-0.1726320635286059,173.78,long,1
CRM,4H_Sup,2026-04-14,Gap Up,timeout,60,-0.10351966873706397,173.88,long,1
CRM,PMH,2026-04-14,Gap Up,timeout,60,0.4022526146420049,174.02,short,1
CRM,PDH,2026-04-14,Gap Up,win,51,1.0,173.09,short,1
CRM,4H_Sup,2026-04-15,Gap Up,win,4,1.0,175.51,long,1
CRM,PMH,2026-04-15,Gap Up,loss,0,-0.5,173.5,short,1
CRM,PDH,2026-04-15,Gap Up,timeout,60,0.40999830345530885,176.83,short,1
CRM,PML,2026-04-16,Gap Up,loss,3,-0.5,180.77,long,1
CRM,1H_Sup,2026-04-16,Gap Up,timeout,60,0.16403469750888985,179.84,long,1
CRM,4H_Sup,2026-04-16,Gap Up,loss,31,-0.5,180.4399,long,1
CRM,PMH,2026-04-16,Gap Up,loss,0,-0.5,182.97,short,1
CRM,PDH,2026-04-16,Gap Up,loss,29,-0.5,179.01,short,1
CRM,1H_Sup,2026-04-17,Gap Up,loss,44,-0.5,181.97,long,1
CRM,4H_Sup,2026-04-17,Gap Up,loss,44,-0.5,181.97,long,1
CRM,PMH,2026-04-17,Gap Up,loss,5,-0.5,186.65,short,1
CRM,PDH,2026-04-17,Gap Up,loss,21,-0.5,183.74,short,1
CRM,PML,2026-04-21,Flat,win,5,1.0,187.8324,long,1
CRM,1H_Sup,2026-04-21,Flat,win,5,1.0,187.5,long,1
CRM,4H_Sup,2026-04-21,Flat,win,6,1.0,188.7301,long,1
CRM,PMH,2026-04-21,Flat,loss,24,-0.5,187.97,short,1
CRM,PDH,2026-04-21,Flat,timeout,60,0.23586155721629998,188.67,short,1
CRM,PML,2026-04-22,Gap Up,loss,0,-0.5,189.93,long,1
CRM,1H_Sup,2026-04-22,Gap Up,timeout,60,-0.25343189017952383,189.4,long,1
CRM,4H_Sup,2026-04-22,Gap Up,timeout,60,0.17059024223815294,190.515,long,1
CRM,PMH,2026-04-22,Gap Up,timeout,60,0.6625291548969025,190.9199,short,1
CRM,1H_Sup,2026-04-24,Gap Up,win,34,1.0,174.62,long,1
CRM,4H_Sup,2026-04-24,Gap Up,win,34,1.0,174.62,long,1
CRM,PMH,2026-04-24,Gap Up,loss,10,-0.5,175.55,short,1
CRM,1H_Sup,2026-04-28,Gap Up,timeout,60,-0.05736921185631372,183.025,long,1
CRM,4H_Sup,2026-04-28,Gap Up,loss,1,-0.5,184.03,long,1
CRM,PMH,2026-04-28,Gap Up,loss,10,-0.5,182.8,short,1
CRM,PDH,2026-04-28,Gap Up,loss,11,-0.5,182.95,short,1
CRM,PML,2026-04-29,Gap Down,loss,12,-0.5,179.9,long,1
CRM,PDL,2026-04-30,Gap Down,loss,11,-0.5,177.91,long,1
CRM,PML,2026-05-01,Gap Up,loss,4,-0.5,180.9,long,1
CRM,PMH,2026-05-01,Gap Up,win,9,1.0,181.615,short,1
CRM,PML,2026-05-05,Flat,timeout,60,-0.18882892606584967,185.3,long,1
CRM,PDL,2026-05-05,Flat,loss,1,-0.5,184.26,long,1
CRM,1H_Sup,2026-05-05,Flat,timeout,53,0.08831794460057299,186.825,long,1
CRM,PMH,2026-05-05,Flat,timeout,23,0.05345021112833091,187.09,short,1
CRM,PML,2026-05-06,Gap Down,loss,17,-0.5,185.5401,long,1
CRM,PDL,2026-05-06,Gap Down,timeout,60,0.22592021159356215,181.48,long,1
CRM,PDH,2026-05-07,Gap Up,loss,4,-0.5,186.0,short,1
CRM,PML,2026-05-08,Gap Down,loss,13,-0.5,178.9,long,1
CRM,PML,2026-05-14,Flat,loss,5,-0.5,166.11,long,1
CRM,PDL,2026-05-14,Flat,win,17,1.0,165.41,long,1
CRM,1H_Sup,2026-05-14,Flat,timeout,60,0.5437705407827885,167.35,long,1
CRM,4H_Sup,2026-05-14,Flat,timeout,60,0.5437705407827885,167.35,long,1
CRM,PMH,2026-05-14,Flat,timeout,60,-0.1369047619047558,168.0,short,1
CRM,PML,2026-05-19,Gap Up,loss,15,-0.5,180.34,long,1
CRM,1H_Sup,2026-05-19,Gap Up,loss,15,-0.5,180.34,long,1
CRM,PMH,2026-05-19,Gap Up,loss,10,-0.5,184.225,short,1
CRM,PDH,2026-05-19,Gap Up,timeout,60,0.2106663709945645,180.38,short,1
CRM,4H_Res,2026-05-19,Gap Up,loss,18,-0.5,179.315,short,1
CRM,PML,2026-05-20,Gap Down,timeout,60,0.19489873739515143,177.015,long,1
CRM,PDL,2026-05-20,Gap Down,timeout,28,0.6109297849192394,179.235,long,1
CRM,PMH,2026-05-20,Gap Down,timeout,12,-0.47359037218632877,179.48,short,1
CRM,PML,2026-05-21,Gap Down,loss,36,-0.5,176.28,long,1
CRM,PDL,2026-05-21,Gap Down,win,37,1.0,174.07,long,1
CRM,PML,2026-05-22,Gap Up,timeout,60,0.4266067920291838,178.15,long,1
CRM,PMH,2026-05-22,Gap Up,win,15,1.0,179.96,short,1
CRM,PML,2026-05-27,Gap Down,win,50,1.0,177.56,long,1
CRM,PDL,2026-05-27,Gap Down,loss,3,-0.5,181.8,long,1
CRM,1H_Sup,2026-05-27,Gap Down,loss,3,-0.5,181.8,long,1
CRM,1H_Sup,2026-05-27,Gap Down,loss,2,-0.5,181.76,long,1
CRM,4H_Sup,2026-05-27,Gap Down,loss,1,-0.5,182.92,long,1
CRM,PMH,2026-05-27,Gap Down,loss,28,-0.5,179.3,short,1
CRM,PDH,2026-05-27,Gap Down,loss,9,-0.5,181.69,short,1
CRM,PML,2026-05-28,Gap Up,win,5,1.0,172.945,long,1
CRM,PDL,2026-05-28,Gap Up,loss,3,-0.5,178.585,long,1
CRM,1H_Sup,2026-05-28,Gap Up,loss,3,-0.5,178.585,long,1
CRM,1H_Sup,2026-05-28,Gap Up,loss,21,-0.5,180.75,long,1
CRM,4H_Sup,2026-05-28,Gap Up,loss,2,-0.5,178.79,long,1
CRM,4H_Sup,2026-05-28,Gap Up,loss,17,-0.5,181.32,long,1
CRM,PMH,2026-05-28,Gap Up,loss,1,-0.5,179.01,short,1
CRM,4H_Sup,2026-05-29,Gap Up,loss,3,-0.5,185.025,long,1
CRM,PML,2026-06-02,Gap Down,loss,9,-0.5,200.62,long,1
CRM,PDL,2026-06-02,Gap Down,loss,4,-0.5,199.22,long,1
CRM,PML,2026-06-04,Gap Up,timeout,60,0.7305897327110739,188.56,long,1
CRM,1H_Sup,2026-06-04,Gap Up,loss,8,-0.5,192.617,long,1
CRM,4H_Sup,2026-06-04,Gap Up,loss,5,-0.5,193.48,long,1
CRM,PMH,2026-06-04,Gap Up,win,2,1.0,193.305,short,1
CRM,PDH,2026-06-04,Gap Up,win,2,1.0,193.305,short,1
CRM,PML,2026-06-05,Gap Up,loss,8,-0.5,188.67,long,1
CRM,PDL,2026-06-05,Gap Up,loss,25,-0.5,186.44,long,1
CRM,1H_Sup,2026-06-05,Gap Up,win,4,1.0,190.35,long,1
CRM,4H_Sup,2026-06-05,Gap Up,loss,25,-0.5,186.44,long,1
CRM,4H_Sup,2026-06-05,Gap Up,loss,8,-0.5,191.23,long,1
CRM,PMH,2026-06-05,Gap Up,loss,1,-0.5,190.6,short,1
CRM,PML,2026-06-09,Gap Down,loss,18,-0.5,180.89,long,1
CRM,PDL,2026-06-09,Gap Down,loss,3,-0.5,182.43,long,1
CRM,PML,2026-06-10,Gap Down,win,5,1.0,171.175,long,1
CRM,PDL,2026-06-10,Gap Down,win,4,1.0,172.39,long,1
CRM,PMH,2026-06-10,Gap Down,timeout,60,0.05164400068858863,174.27,short,1
CRM,PML,2026-06-11,Gap Down,loss,15,-0.5,168.385,long,1
CRM,PML,2026-06-12,Gap Down,timeout,60,-0.4154662623199407,164.875,long,1
CRM,PDL,2026-06-12,Gap Down,loss,19,-0.5,164.1,long,1
AVGO,PDL,2025-12-16,Gap Down,win,4,1.0,342.634,long,1
AVGO,1H_Sup,2025-12-16,Gap Down,win,4,1.0,342.634,long,1
AVGO,1H_Sup,2025-12-16,Gap Down,loss,10,-0.5,344.74,long,1
AVGO,4H_Sup,2025-12-16,Gap Down,win,4,1.0,342.634,long,1
AVGO,4H_Sup,2025-12-16,Gap Down,win,1,1.0,344.0,long,1
AVGO,PMH,2025-12-16,Gap Down,loss,48,-0.5,339.4,short,1
AVGO,PML,2025-12-18,Gap Up,loss,11,-0.5,328.72,long,1
AVGO,1H_Sup,2025-12-18,Gap Up,loss,2,-0.5,330.15,long,1
AVGO,4H_Sup,2025-12-18,Gap Up,loss,16,-0.5,328.145,long,1
AVGO,PMH,2025-12-18,Gap Up,win,8,1.0,332.2865,short,1
AVGO,4H_Res,2025-12-18,Gap Up,loss,3,-0.5,327.46,short,1
AVGO,PMH,2025-12-19,Gap Up,timeout,60,0.18482962438699221,334.5784,short,1
AVGO,PDH,2025-12-19,Gap Up,timeout,60,0.6655708067696678,335.201,short,1
AVGO,PML,2025-12-23,Flat,win,14,1.0,339.29,long,1
AVGO,1H_Sup,2025-12-23,Flat,timeout,60,0.8206646350311888,344.55,long,1
AVGO,4H_Sup,2025-12-23,Flat,timeout,60,0.5816799741681329,345.6196,long,1
AVGO,PMH,2025-12-23,Flat,loss,6,-0.5,340.12,short,1
AVGO,PDH,2025-12-23,Flat,loss,21,-0.5,345.195,short,1
AVGO,PML,2025-12-24,Flat,timeout,60,0.07275687719599336,350.07,long,1
AVGO,1H_Sup,2025-12-24,Flat,timeout,60,-0.058652364922691845,350.54,long,1
AVGO,PMH,2025-12-24,Flat,loss,18,-0.5,348.4022,short,1
AVGO,PDH,2025-12-24,Flat,loss,18,-0.5,348.4022,short,1
AVGO,4H_Res,2025-12-24,Flat,loss,18,-0.5,348.4022,short,1
AVGO,1H_Sup,2025-12-30,Flat,timeout,60,-0.06975620079646533,351.0799,long,1
AVGO,4H_Sup,2025-12-30,Flat,timeout,60,-0.06975620079646533,351.0799,long,1
AVGO,PML,2025-12-31,Flat,loss,6,-0.5,348.99,long,1
AVGO,PML,2026-01-06,Flat,timeout,60,0.3220185892019536,343.21,long,1
AVGO,1H_Sup,2026-01-06,Flat,loss,34,-0.5,344.745,long,1
AVGO,4H_Sup,2026-01-06,Flat,loss,34,-0.5,344.745,long,1
AVGO,PMH,2026-01-06,Flat,loss,10,-0.5,343.02,short,1
AVGO,PML,2026-01-07,Gap Down,win,29,1.0,341.65,long,1
AVGO,PDL,2026-01-07,Gap Down,win,24,1.0,339.5984,long,1
AVGO,1H_Sup,2026-01-07,Gap Down,loss,8,-0.5,347.8,long,1
AVGO,PDH,2026-01-07,Gap Down,timeout,60,0.35919540229885055,348.0,short,1
AVGO,PMH,2026-01-08,Flat,win,9,1.0,340.1744,short,1
AVGO,PML,2026-01-09,Gap Up,win,39,1.0,335.95,long,1
AVGO,1H_Sup,2026-01-09,Gap Up,win,39,1.0,335.95,long,1
AVGO,4H_Sup,2026-01-09,Gap Up,win,39,1.0,335.95,long,1
AVGO,PMH,2026-01-09,Gap Up,loss,1,-0.5,334.43,short,1
AVGO,PDH,2026-01-09,Gap Up,loss,8,-0.5,342.9,short,1
AVGO,1H_Sup,2026-01-13,Flat,loss,9,-0.5,354.8499,long,1
AVGO,4H_Sup,2026-01-13,Flat,loss,8,-0.5,355.17,long,1
AVGO,PDH,2026-01-13,Flat,loss,15,-0.5,352.6,short,1
AVGO,PML,2026-01-16,Gap Up,win,2,1.0,348.42,long,1
AVGO,1H_Sup,2026-01-16,Gap Up,win,2,1.0,348.42,long,1
AVGO,4H_Sup,2026-01-16,Gap Up,win,2,1.0,348.42,long,1
AVGO,4H_Sup,2026-01-16,Gap Up,loss,20,-0.5,350.8,long,1
AVGO,PMH,2026-01-16,Gap Up,timeout,60,0.1954640834746635,347.89,short,1
AVGO,PDH,2026-01-16,Gap Up,win,35,1.0,348.455,short,1
AVGO,4H_Res,2026-01-16,Gap Up,timeout,60,0.1954640834746635,347.89,short,1
AVGO,PML,2026-01-21,Gap Up,loss,8,-0.5,333.927,long,1
AVGO,PDL,2026-01-21,Gap Up,loss,38,-0.5,332.5366,long,1
AVGO,PML,2026-01-22,Gap Up,loss,18,-0.5,330.89,long,1
AVGO,1H_Sup,2026-01-22,Gap Up,loss,18,-0.5,330.89,long,1
AVGO,PMH,2026-01-22,Gap Up,win,28,1.0,333.28,short,1
AVGO,PDH,2026-01-22,Gap Up,loss,1,-0.5,334.7984,short,1
AVGO,1H_Res,2026-01-22,Gap Up,timeout,60,-0.14996364517692817,330.08,short,1
AVGO,PML,2026-01-23,Gap Down,loss,9,-0.5,318.495,long,1
AVGO,PML,2026-01-27,Gap Up,loss,5,-0.5,329.355,long,1
AVGO,1H_Sup,2026-01-27,Gap Up,loss,5,-0.5,329.355,long,1
AVGO,4H_Sup,2026-01-27,Gap Up,timeout,60,0.30505850748986796,329.445,long,1
AVGO,PMH,2026-01-27,Gap Up,loss,25,-0.5,329.02,short,1
AVGO,PDH,2026-01-27,Gap Up,loss,1,-0.5,327.32,short,1
AVGO,PDL,2026-01-28,Gap Up,win,54,1.0,327.7417,long,1
AVGO,1H_Sup,2026-01-28,Gap Up,loss,8,-0.5,333.8444,long,1
AVGO,PMH,2026-01-28,Gap Up,win,15,1.0,335.435,short,1
AVGO,PDH,2026-01-28,Gap Up,win,25,1.0,333.84,short,1
AVGO,PML,2026-01-29,Flat,loss,2,-0.5,329.995,long,1
AVGO,PDL,2026-01-29,Flat,loss,11,-0.5,327.715,long,1
AVGO,4H_Sup,2026-01-29,Flat,loss,4,-0.5,334.57,long,1
AVGO,PMH,2026-01-29,Flat,loss,2,-0.5,331.25,short,1
AVGO,1H_Sup,2026-01-30,Gap Up,timeout,60,0.06055651436704681,330.27,long,1
AVGO,PMH,2026-01-30,Gap Up,loss,37,-0.5,332.23,short,1
AVGO,PDH,2026-01-30,Gap Up,loss,1,-0.5,333.335,short,1
AVGO,1H_Res,2026-01-30,Gap Up,loss,37,-0.5,330.14,short,1
AVGO,1H_Res,2026-01-30,Gap Up,loss,8,-0.5,330.8372,short,1
AVGO,4H_Res,2026-01-30,Gap Up,loss,37,-0.5,330.14,short,1
AVGO,4H_Res,2026-01-30,Gap Up,loss,8,-0.5,330.8372,short,1
AVGO,4H_Sup,2026-02-03,Gap Up,loss,1,-0.5,338.0,long,1
AVGO,PMH,2026-02-03,Gap Up,loss,0,-0.5,335.43,short,1
AVGO,PDH,2026-02-03,Gap Up,loss,0,-0.5,335.43,short,1
AVGO,1H_Res,2026-02-03,Gap Up,win,2,1.0,331.67,short,1
AVGO,PML,2026-02-04,Flat,loss,1,-0.5,318.03,long,1
AVGO,PDL,2026-02-04,Flat,loss,3,-0.5,309.54,long,1
AVGO,1H_Sup,2026-02-04,Flat,win,4,1.0,314.655,long,1
AVGO,4H_Sup,2026-02-04,Flat,win,6,1.0,315.73,long,1
AVGO,1H_Res,2026-02-04,Flat,loss,24,-0.5,312.7,short,1
AVGO,1H_Res,2026-02-04,Flat,loss,4,-0.5,314.68,short,1
AVGO,1H_Res,2026-02-04,Flat,loss,4,-0.5,314.68,short,1
AVGO,1H_Res,2026-02-04,Flat,loss,4,-0.5,314.68,short,1
AVGO,4H_Res,2026-02-04,Flat,loss,3,-0.5,314.57,short,1
AVGO,4H_Res,2026-02-04,Flat,loss,4,-0.5,314.68,short,1
AVGO,4H_Res,2026-02-04,Flat,loss,4,-0.5,314.68,short,1
AVGO,4H_Res,2026-02-04,Flat,loss,4,-0.5,314.68,short,1
AVGO,PML,2026-02-05,Gap Up,loss,0,-0.5,312.28,long,1
AVGO,1H_Sup,2026-02-05,Gap Up,loss,0,-0.5,314.67,long,1
AVGO,PMH,2026-02-05,Gap Up,win,6,1.0,323.8,short,1
AVGO,PDH,2026-02-05,Gap Up,win,6,1.0,317.37,short,1
AVGO,4H_Res,2026-02-05,Gap Up,loss,20,-0.5,308.02,short,1
AVGO,4H_Sup,2026-02-06,Gap Up,loss,0,-0.5,325.3,long,1
AVGO,PMH,2026-02-06,Gap Up,loss,0,-0.5,322.18,short,1
AVGO,PDH,2026-02-06,Gap Up,loss,25,-0.5,324.7,short,1
AVGO,PML,2026-02-10,Gap Up,loss,5,-0.5,344.53,long,1
AVGO,PML,2026-02-11,Gap Up,loss,3,-0.5,339.09,long,1
AVGO,PDL,2026-02-11,Gap Up,loss,3,-0.5,340.96,long,1
AVGO,1H_Sup,2026-02-11,Gap Up,loss,0,-0.5,345.491,long,1
AVGO,4H_Sup,2026-02-11,Gap Up,loss,2,-0.5,345.05,long,1
AVGO,PML,2026-02-12,Flat,loss,2,-0.5,344.63,long,1
AVGO,PDL,2026-02-12,Flat,loss,2,-0.5,336.245,long,1
AVGO,1H_Sup,2026-02-12,Flat,loss,0,-0.5,345.775,long,1
AVGO,PMH,2026-02-12,Flat,loss,4,-0.5,343.7,short,1
AVGO,4H_Res,2026-02-12,Flat,loss,2,-0.5,343.78,short,1
AVGO,PML,2026-02-13,Flat,win,0,1.0,329.09,long,1
AVGO,PDL,2026-02-13,Flat,loss,0,-0.5,331.645,long,1
AVGO,PMH,2026-02-13,Flat,win,4,1.0,330.48,short,1
AVGO,1H_Sup,2026-02-18,Gap Down,timeout,60,0.29045952185893076,335.675,long,1
AVGO,4H_Sup,2026-02-18,Gap Down,loss,56,-0.5,337.09,long,1
AVGO,PMH,2026-02-18,Gap Down,timeout,60,-0.02254012141611728,332.74,short,1
AVGO,PDH,2026-02-18,Gap Down,loss,12,-0.5,334.315,short,1
AVGO,PML,2026-02-19,Flat,loss,0,-0.5,332.41,long,1
AVGO,1H_Sup,2026-02-19,Flat,timeout,60,0.3318153951847386,335.3672,long,1
AVGO,4H_Sup,2026-02-19,Flat,loss,9,-0.5,337.61,long,1
AVGO,PMH,2026-02-19,Flat,timeout,60,0.3131179960448301,333.74,short,1
AVGO,PDH,2026-02-19,Flat,timeout,60,-0.14866351500014868,336.33,short,1
AVGO,PML,2026-02-20,Gap Down,win,7,1.0,332.8035,long,1
AVGO,PDL,2026-02-20,Gap Down,win,3,1.0,331.06,long,1
AVGO,1H_Sup,2026-02-20,Gap Down,win,3,1.0,335.88,long,1
AVGO,4H_Sup,2026-02-20,Gap Down,loss,4,-0.5,339.27,long,1
AVGO,PMH,2026-02-20,Gap Down,loss,1,-0.5,332.6615,short,1
AVGO,PDH,2026-02-20,Gap Down,loss,8,-0.5,336.05,short,1
AVGO,PML,2026-02-24,Gap Down,loss,10,-0.5,323.44,long,1
AVGO,PDL,2026-02-24,Gap Down,loss,8,-0.5,326.53,long,1
AVGO,PMH,2026-02-25,Gap Up,loss,2,-0.5,330.84,short,1
AVGO,PML,2026-02-27,Gap Down,win,1,1.0,311.7499,long,1
AVGO,1H_Sup,2026-02-27,Gap Down,timeout,35,0.07497965061673159,319.42,long,1
AVGO,4H_Sup,2026-02-27,Gap Down,loss,4,-0.5,319.2,long,1
AVGO,4H_Res,2026-02-27,Gap Down,timeout,60,0.5306955566022916,318.45,short,1
AVGO,PML,2026-03-03,Gap Down,win,17,1.0,310.59,long,1
AVGO,PDL,2026-03-03,Gap Down,win,18,1.0,310.7,long,1
AVGO,PMH,2026-03-03,Gap Down,win,33,1.0,312.89,short,1
AVGO,1H_Sup,2026-03-04,Gap Up,loss,1,-0.5,315.62,long,1
AVGO,4H_Sup,2026-03-04,Gap Up,win,19,1.0,316.69,long,1
AVGO,PMH,2026-03-04,Gap Up,loss,8,-0.5,317.64,short,1
AVGO,PDH,2026-03-04,Gap Up,loss,0,-0.5,314.67,short,1
AVGO,PML,2026-03-05,Gap Up,loss,0,-0.5,329.92,long,1
AVGO,4H_Sup,2026-03-06,Gap Down,loss,4,-0.5,334.26,long,1
AVGO,PMH,2026-03-06,Gap Down,loss,5,-0.5,333.25,short,1
AVGO,PDH,2026-03-06,Gap Down,loss,14,-0.5,334.2835,short,1
AVGO,1H_Res,2026-03-06,Gap Down,loss,10,-0.5,329.27,short,1
AVGO,1H_Res,2026-03-06,Gap Down,loss,0,-0.5,328.83,short,1
AVGO,1H_Res,2026-03-06,Gap Down,loss,3,-0.5,329.6,short,1
AVGO,1H_Res,2026-03-06,Gap Down,win,3,1.0,331.35,short,1
AVGO,4H_Res,2026-03-06,Gap Down,loss,4,-0.5,333.05,short,1
AVGO,4H_Res,2026-03-06,Gap Down,loss,14,-0.5,334.2835,short,1
AVGO,PML,2026-03-10,Gap Up,loss,50,-0.5,343.05,long,1
AVGO,1H_Sup,2026-03-10,Gap Up,loss,41,-0.5,343.355,long,1
AVGO,1H_Sup,2026-03-10,Gap Up,loss,2,-0.5,350.545,long,1
AVGO,4H_Sup,2026-03-10,Gap Up,loss,2,-0.5,350.545,long,1
AVGO,PMH,2026-03-10,Gap Up,loss,13,-0.5,348.29,short,1
AVGO,PDH,2026-03-10,Gap Up,timeout,60,0.38856748121924495,347.43,short,1
AVGO,PML,2026-03-11,Flat,win,26,1.0,341.99,long,1
AVGO,PDL,2026-03-11,Flat,win,26,1.0,341.99,long,1
AVGO,1H_Sup,2026-03-11,Flat,loss,8,-0.5,343.85,long,1
AVGO,PMH,2026-03-11,Flat,win,30,1.0,344.95,short,1
AVGO,PML,2026-03-12,Gap Down,loss,8,-0.5,338.58,long,1
AVGO,PDL,2026-03-12,Gap Down,loss,10,-0.5,339.62,long,1
AVGO,PML,2026-03-13,Flat,win,13,1.0,334.39,long,1
AVGO,PDL,2026-03-13,Flat,win,13,1.0,334.39,long,1
AVGO,1H_Sup,2026-03-13,Flat,loss,0,-0.5,338.06,long,1
AVGO,PML,2026-03-17,Flat,loss,59,-0.5,322.69,long,1
AVGO,PDL,2026-03-17,Flat,timeout,60,0.32736796158882936,320.74,long,1
AVGO,1H_Sup,2026-03-17,Flat,loss,13,-0.5,325.275,long,1
AVGO,4H_Sup,2026-03-17,Flat,loss,13,-0.5,325.275,long,1
AVGO,PMH,2026-03-17,Flat,win,26,1.0,325.32,short,1
AVGO,1H_Res,2026-03-17,Flat,win,27,1.0,326.125,short,1
AVGO,PML,2026-03-18,Flat,loss,9,-0.5,319.995,long,1
AVGO,PDL,2026-03-18,Flat,timeout,60,0.7861511611452651,318.005,long,1
AVGO,1H_Sup,2026-03-18,Flat,loss,31,-0.5,322.49,long,1
AVGO,4H_Sup,2026-03-18,Flat,loss,22,-0.5,324.0,long,1
AVGO,PMH,2026-03-18,Flat,win,17,1.0,323.48,short,1
AVGO,PML,2026-03-19,Gap Down,win,59,1.0,312.3,long,1
AVGO,PDL,2026-03-19,Gap Down,timeout,60,0.771932044670821,316.09,long,1
AVGO,1H_Sup,2026-03-19,Gap Down,timeout,60,0.13819095477386864,318.4,long,1
AVGO,4H_Sup,2026-03-19,Gap Down,loss,35,-0.5,320.805,long,1
AVGO,PMH,2026-03-19,Gap Down,loss,12,-0.5,315.76,short,1
AVGO,1H_Res,2026-03-19,Gap Down,loss,36,-0.5,316.989,short,1
AVGO,PML,2026-03-20,Flat,loss,30,-0.5,316.05,long,1
AVGO,PMH,2026-03-20,Flat,loss,3,-0.5,319.415,short,1
AVGO,PML,2026-03-24,Gap Down,loss,6,-0.5,319.205,long,1
AVGO,PDL,2026-03-24,Gap Down,win,29,1.0,315.9,long,1
AVGO,PMH,2026-03-24,Gap Down,win,7,1.0,322.23,short,1
AVGO,PML,2026-03-25,Gap Up,loss,17,-0.5,322.07,long,1
AVGO,1H_Sup,2026-03-25,Gap Up,loss,17,-0.5,322.07,long,1
AVGO,4H_Sup,2026-03-25,Gap Up,loss,17,-0.5,321.86,long,1
AVGO,PMH,2026-03-25,Gap Up,loss,10,-0.5,320.815,short,1
AVGO,PDH,2026-03-25,Gap Up,win,29,1.0,323.6401,short,1
AVGO,PML,2026-03-26,Gap Down,loss,1,-0.5,313.88,long,1
AVGO,PML,2026-03-27,Gap Down,loss,5,-0.5,305.99,long,1
AVGO,PMH,2026-03-31,Gap Up,loss,4,-0.5,298.8,short,1
AVGO,1H_Sup,2026-04-01,Gap Up,win,58,1.0,311.52,long,1
AVGO,PMH,2026-04-01,Gap Up,timeout,60,0.8180365532757387,314.4725,short,1
AVGO,PML,2026-04-02,Gap Down,win,10,1.0,303.75,long,1
AVGO,PDL,2026-04-02,Gap Down,loss,3,-0.5,313.0,long,1
AVGO,PMH,2026-04-02,Gap Down,win,5,1.0,305.52,short,1
AVGO,PMH,2026-04-07,Gap Up,loss,4,-0.5,324.1071,short,1
AVGO,PML,2026-04-08,Gap Up,loss,26,-0.5,347.09,long,1
AVGO,PMH,2026-04-08,Gap Up,loss,1,-0.5,349.87,short,1
AVGO,1H_Sup,2026-04-09,Flat,win,4,1.0,352.88,long,1
AVGO,4H_Sup,2026-04-09,Flat,loss,10,-0.5,356.04,long,1
AVGO,PDH,2026-04-09,Flat,loss,4,-0.5,353.09,short,1
AVGO,1H_Sup,2026-04-14,Flat,loss,2,-0.5,381.985,long,1
AVGO,PMH,2026-04-14,Flat,loss,16,-0.5,379.22,short,1
AVGO,PDH,2026-04-14,Flat,loss,16,-0.5,379.22,short,1
AVGO,4H_Res,2026-04-14,Flat,loss,16,-0.5,379.22,short,1
AVGO,PML,2026-04-15,Gap Up,loss,1,-0.5,393.48,long,1
AVGO,PMH,2026-04-15,Gap Up,loss,0,-0.5,387.29,short,1
AVGO,4H_Sup,2026-04-16,Flat,loss,7,-0.5,397.17,long,1
AVGO,PMH,2026-04-16,Flat,loss,1,-0.5,393.03,short,1
AVGO,PDH,2026-04-16,Flat,loss,1,-0.5,393.03,short,1
AVGO,1H_Res,2026-04-16,Flat,loss,1,-0.5,393.03,short,1
AVGO,1H_Res,2026-04-16,Flat,loss,1,-0.5,393.03,short,1
AVGO,4H_Res,2026-04-16,Flat,loss,1,-0.5,393.03,short,1
AVGO,1H_Sup,2026-04-17,Gap Up,timeout,60,0.24407801330111498,401.47,long,1
AVGO,4H_Sup,2026-04-17,Gap Up,timeout,60,0.24407801330111498,401.47,long,1
AVGO,PMH,2026-04-17,Gap Up,loss,3,-0.5,401.76,short,1
AVGO,PML,2026-04-21,Flat,timeout,60,0.937907513291205,398.76,long,1
AVGO,PDL,2026-04-21,Flat,timeout,60,0.5497444161861353,397.13,long,1
AVGO,1H_Sup,2026-04-21,Flat,loss,5,-0.5,400.67,long,1
AVGO,4H_Sup,2026-04-21,Flat,loss,5,-0.5,400.67,long,1
AVGO,PMH,2026-04-21,Flat,loss,14,-0.5,399.475,short,1
AVGO,PML,2026-04-22,Gap Up,win,23,1.0,405.62,long,1
AVGO,PMH,2026-04-22,Gap Up,loss,2,-0.5,408.91,short,1
AVGO,4H_Sup,2026-04-23,Flat,timeout,60,0.4312376284286889,424.36,long,1
AVGO,PMH,2026-04-23,Flat,loss,2,-0.5,420.9701,short,1
AVGO,PDH,2026-04-23,Flat,loss,1,-0.5,419.83,short,1
AVGO,1H_Res,2026-04-23,Flat,loss,2,-0.5,420.9701,short,1
AVGO,PML,2026-04-24,Gap Up,timeout,60,-0.29606201845334457,420.52,long,1
AVGO,PDL,2026-04-24,Gap Up,loss,12,-0.5,418.9,long,1
AVGO,1H_Sup,2026-04-24,Gap Up,timeout,60,0.08535110394383805,421.67,long,1
AVGO,PML,2026-04-28,Gap Down,win,10,1.0,400.085,long,1
AVGO,PML,2026-04-29,Gap Up,loss,26,-0.5,401.16,long,1
AVGO,1H_Sup,2026-04-29,Gap Up,timeout,37,0.6454015142112364,402.85,long,1
AVGO,4H_Sup,2026-04-29,Gap Up,timeout,37,0.6454015142112364,402.85,long,1
AVGO,PMH,2026-04-29,Gap Up,timeout,30,-0.40613159654292524,403.81,short,1
AVGO,PDH,2026-04-29,Gap Up,timeout,4,-0.1630475061142736,404.79,short,1
AVGO,PML,2026-04-30,Gap Up,win,13,1.0,404.8001,long,1
AVGO,4H_Sup,2026-04-30,Gap Up,win,13,1.0,406.703,long,1
AVGO,PMH,2026-04-30,Gap Up,loss,0,-0.5,415.27,short,1
AVGO,PDH,2026-04-30,Gap Up,loss,6,-0.5,404.6,short,1
AVGO,PML,2026-05-01,Gap Down,win,3,1.0,414.95,long,1
AVGO,1H_Sup,2026-05-01,Gap Down,loss,56,-0.5,420.3801,long,1
AVGO,4H_Sup,2026-05-01,Gap Down,loss,56,-0.5,420.3801,long,1
AVGO,PDH,2026-05-01,Gap Down,loss,7,-0.5,416.93,short,1
AVGO,PMH,2026-05-05,Gap Up,loss,7,-0.5,420.275,short,1
AVGO,PDH,2026-05-05,Gap Up,loss,9,-0.5,420.875,short,1
AVGO,PDL,2026-05-06,Gap Up,timeout,60,0.6748582679033204,421.57,long,1
AVGO,PDH,2026-05-06,Gap Up,win,11,1.0,431.555,short,1
AVGO,4H_Res,2026-05-06,Gap Up,win,11,1.0,431.555,short,1
AVGO,PML,2026-05-07,Gap Down,loss,57,-0.5,423.165,long,1
AVGO,PDL,2026-05-07,Gap Down,loss,7,-0.5,418.98,long,1
AVGO,1H_Sup,2026-05-07,Gap Down,loss,14,-0.5,424.55,long,1
AVGO,4H_Sup,2026-05-07,Gap Down,loss,7,-0.5,425.59,long,1
AVGO,PMH,2026-05-07,Gap Down,timeout,60,0.7221320537247414,425.13,short,1
AVGO,1H_Res,2026-05-07,Gap Down,timeout,60,0.5620232838217707,423.47,short,1
AVGO,1H_Res,2026-05-07,Gap Down,timeout,60,0.6051330350835868,424.7,short,1
AVGO,4H_Res,2026-05-07,Gap Down,timeout,60,0.6051330350835868,424.7,short,1
AVGO,PML,2026-05-08,Gap Up,win,4,1.0,417.92,long,1
AVGO,1H_Sup,2026-05-08,Gap Up,win,4,1.0,417.92,long,1
AVGO,PMH,2026-05-08,Gap Up,loss,9,-0.5,420.25,short,1
AVGO,4H_Res,2026-05-08,Gap Up,loss,0,-0.5,414.51,short,1
AVGO,PML,2026-05-12,Gap Down,win,5,1.0,422.63,long,1
AVGO,PDL,2026-05-12,Gap Down,loss,15,-0.5,426.685,long,1
AVGO,PMH,2026-05-12,Gap Down,win,34,1.0,425.74,short,1
AVGO,PML,2026-05-13,Gap Down,loss,35,-0.5,414.44,long,1
AVGO,PDL,2026-05-13,Gap Down,loss,5,-0.5,411.075,long,1
AVGO,1H_Sup,2026-05-14,Flat,win,0,1.0,422.88,long,1
AVGO,4H_Sup,2026-05-14,Flat,win,0,1.0,422.88,long,1
AVGO,PML,2026-05-15,Gap Down,loss,7,-0.5,427.41,long,1
AVGO,PML,2026-05-19,Gap Down,loss,1,-0.5,415.37,long,1
AVGO,PDL,2026-05-19,Gap Down,loss,1,-0.5,416.88,long,1
AVGO,1H_Sup,2026-05-20,Gap Up,loss,0,-0.5,416.03,long,1
AVGO,4H_Sup,2026-05-20,Gap Up,win,59,1.0,419.69,long,1
AVGO,PMH,2026-05-20,Gap Up,loss,3,-0.5,418.06,short,1
AVGO,PDH,2026-05-20,Gap Up,loss,1,-0.5,414.575,short,1
AVGO,PML,2026-05-21,Gap Down,win,29,1.0,417.51,long,1
AVGO,PDL,2026-05-21,Gap Down,timeout,60,0.5341569767441822,412.8,long,1
AVGO,1H_Sup,2026-05-21,Gap Down,loss,24,-0.5,420.28,long,1
AVGO,4H_Sup,2026-05-21,Gap Down,loss,11,-0.5,421.655,long,1
AVGO,PMH,2026-05-21,Gap Down,loss,8,-0.5,418.31,short,1
AVGO,PDL,2026-05-22,Gap Up,timeout,60,0.7433026335518229,411.5013,long,1
AVGO,1H_Sup,2026-05-22,Gap Up,loss,36,-0.5,415.115,long,1
AVGO,PMH,2026-05-22,Gap Up,win,31,1.0,417.99,short,1
AVGO,1H_Res,2026-05-22,Gap Up,timeout,60,0.04947567848050318,414.345,short,1
AVGO,PML,2026-05-27,Gap Up,loss,1,-0.5,422.1,long,1
AVGO,PDL,2026-05-27,Gap Up,timeout,60,0.12532973656883803,418.895,long,1
AVGO,1H_Sup,2026-05-27,Gap Up,loss,0,-0.5,432.1,long,1
AVGO,4H_Sup,2026-05-27,Gap Up,loss,0,-0.5,432.1,long,1
AVGO,PDL,2026-05-28,Flat,loss,1,-0.5,422.67,long,1
AVGO,1H_Sup,2026-05-28,Flat,timeout,60,0.7036300818779938,422.58,long,1
AVGO,4H_Sup,2026-05-28,Flat,loss,1,-0.5,422.67,long,1
AVGO,4H_Sup,2026-05-28,Flat,timeout,60,0.23737338127805377,425.49,long,1
AVGO,PMH,2026-05-28,Flat,loss,17,-0.5,417.43,short,1
AVGO,1H_Res,2026-05-28,Flat,win,1,1.0,421.14,short,1
AVGO,PMH,2026-05-29,Gap Up,loss,42,-0.5,434.37,short,1
AVGO,PML,2026-06-03,Gap Up,win,30,1.0,482.35,long,1
AVGO,4H_Sup,2026-06-03,Gap Up,timeout,60,0.4028602044180764,485.28,long,1
AVGO,PDH,2026-06-03,Gap Up,win,1,1.0,483.13,short,1
AVGO,1H_Res,2026-06-03,Gap Up,loss,0,-0.5,475.705,short,1
AVGO,1H_Res,2026-06-03,Gap Up,loss,4,-0.5,477.885,short,1
AVGO,4H_Res,2026-06-03,Gap Up,win,11,1.0,479.035,short,1
AVGO,PML,2026-06-04,Gap Down,loss,2,-0.5,405.9501,long,1
AVGO,PDL,2026-06-05,Gap Down,loss,1,-0.5,405.845,long,1
AVGO,4H_Res,2026-06-05,Gap Down,win,5,1.0,405.2,short,1
AVGO,PDL,2026-06-09,Gap Up,loss,10,-0.5,393.39,long,1
AVGO,1H_Sup,2026-06-09,Gap Up,loss,5,-0.5,398.68,long,1
AVGO,4H_Sup,2026-06-09,Gap Up,win,9,1.0,399.45,long,1
AVGO,PDH,2026-06-09,Gap Up,loss,1,-0.5,399.45,short,1
AVGO,4H_Sup,2026-06-10,Gap Down,win,10,1.0,372.31,long,1
AVGO,4H_Sup,2026-06-10,Gap Down,loss,2,-0.5,375.5,long,1
AVGO,4H_Sup,2026-06-10,Gap Down,win,5,1.0,376.675,long,1
AVGO,4H_Res,2026-06-10,Gap Down,loss,8,-0.5,373.75,short,1
AVGO,4H_Res,2026-06-10,Gap Down,loss,23,-0.5,374.51,short,1
AVGO,4H_Res,2026-06-10,Gap Down,loss,0,-0.5,377.05,short,1
AVGO,PDL,2026-06-11,Flat,win,12,1.0,374.88,long,1
AVGO,1H_Sup,2026-06-11,Flat,win,9,1.0,375.8,long,1
AVGO,4H_Sup,2026-06-11,Flat,loss,0,-0.5,382.98,long,1
AVGO,PMH,2026-06-11,Flat,loss,13,-0.5,379.02,short,1
AVGO,PDH,2026-06-11,Flat,timeout,60,-0.005207045132058947,384.095,short,1
AVGO,PML,2026-06-12,Flat,loss,5,-0.5,382.53,long,1
AVGO,4H_Sup,2026-06-12,Flat,loss,5,-0.5,382.53,long,1
AVGO,4H_Sup,2026-06-12,Flat,loss,1,-0.5,384.032,long,1
TSLA,PML,2025-12-16,Gap Down,loss,4,-0.5,472.71,long,1
TSLA,PDL,2025-12-16,Gap Down,win,10,1.0,470.47,long,1
TSLA,1H_Sup,2025-12-16,Gap Down,loss,1,-0.5,481.19,long,1
TSLA,4H_Sup,2025-12-16,Gap Down,loss,1,-0.5,481.19,long,1
TSLA,PMH,2025-12-16,Gap Down,loss,3,-0.5,467.2,short,1
TSLA,PDH,2025-12-16,Gap Down,win,14,1.0,478.2,short,1
TSLA,1H_Res,2025-12-16,Gap Down,loss,1,-0.5,477.665,short,1
TSLA,4H_Res,2025-12-16,Gap Down,loss,1,-0.5,477.665,short,1
TSLA,PML,2025-12-17,Flat,loss,10,-0.5,490.785,long,1
TSLA,PDL,2025-12-17,Flat,timeout,60,0.646334938469766,467.25,long,1
TSLA,1H_Sup,2025-12-17,Flat,loss,1,-0.5,494.8485,long,1
TSLA,PMH,2025-12-17,Flat,win,15,1.0,486.51,short,1
TSLA,PDH,2025-12-17,Flat,loss,9,-0.5,488.64,short,1
TSLA,4H_Res,2025-12-17,Flat,win,9,1.0,483.75,short,1
TSLA,4H_Res,2025-12-17,Flat,loss,10,-0.5,489.74,short,1
TSLA,PML,2025-12-18,Gap Up,loss,3,-0.5,478.8,long,1
TSLA,4H_Sup,2025-12-18,Gap Up,loss,19,-0.5,480.87,long,1
TSLA,PMH,2025-12-18,Gap Up,loss,8,-0.5,476.435,short,1
TSLA,1H_Sup,2025-12-19,Gap Up,loss,7,-0.5,484.61,long,1
TSLA,PMH,2025-12-19,Gap Up,win,53,1.0,485.43,short,1
TSLA,PDH,2025-12-19,Gap Up,win,8,1.0,487.6,short,1
TSLA,PML,2025-12-23,Flat,loss,20,-0.5,487.9,long,1
TSLA,PDL,2025-12-23,Flat,loss,21,-0.5,487.515,long,1
TSLA,PMH,2025-12-23,Flat,loss,5,-0.5,486.425,short,1
TSLA,PDL,2025-12-24,Gap Up,timeout,60,0.0,484.31,long,1
TSLA,PMH,2025-12-24,Gap Up,win,10,1.0,486.16,short,1
TSLA,PML,2025-12-30,Flat,timeout,60,-0.15269020817284476,462.5051,long,1
TSLA,PDL,2025-12-30,Flat,loss,3,-0.5,460.34,long,1
TSLA,1H_Sup,2025-12-30,Flat,timeout,60,0.08897955640436327,460.78,long,1
TSLA,4H_Sup,2025-12-30,Flat,timeout,60,0.08897955640436327,460.78,long,1
TSLA,PMH,2025-12-30,Flat,timeout,60,0.09521542489883311,462.11,short,1
TSLA,PDL,2025-12-31,Flat,loss,9,-0.5,455.91,long,1
TSLA,PMH,2026-01-06,Gap Down,win,10,1.0,442.26,short,1
TSLA,PML,2026-01-07,Gap Up,loss,7,-0.5,437.675,long,1
TSLA,1H_Sup,2026-01-07,Gap Up,loss,7,-0.5,437.675,long,1
TSLA,4H_Sup,2026-01-07,Gap Up,loss,7,-0.5,437.675,long,1
TSLA,PMH,2026-01-07,Gap Up,loss,7,-0.5,432.46,short,1
TSLA,PML,2026-01-08,Gap Down,loss,7,-0.5,429.49,long,1
TSLA,PDL,2026-01-08,Gap Down,timeout,60,0.2797105804572543,432.59,long,1
TSLA,1H_Sup,2026-01-08,Gap Down,timeout,60,0.15815903346488036,433.4245,long,1
TSLA,4H_Sup,2026-01-08,Gap Down,timeout,60,0.15815903346488036,433.4245,long,1
TSLA,PMH,2026-01-08,Gap Down,loss,0,-0.5,425.505,short,1
TSLA,PML,2026-01-09,Flat,win,27,1.0,436.89,long,1
TSLA,1H_Sup,2026-01-09,Flat,loss,9,-0.5,437.415,long,1
TSLA,4H_Sup,2026-01-09,Flat,loss,6,-0.5,437.82,long,1
TSLA,PMH,2026-01-09,Flat,loss,8,-0.5,436.895,short,1
TSLA,PML,2026-01-13,Flat,loss,27,-0.5,451.1,long,1
TSLA,PML,2026-01-15,Flat,loss,9,-0.5,443.45,long,1
TSLA,1H_Sup,2026-01-15,Flat,timeout,60,0.4447741582434524,441.8647,long,1
TSLA,PMH,2026-01-15,Flat,loss,15,-0.5,440.875,short,1
TSLA,PDH,2026-01-15,Flat,loss,42,-0.5,442.6,short,1
TSLA,4H_Res,2026-01-15,Flat,timeout,34,0.08909310651494337,438.53,short,1
TSLA,PML,2026-01-16,Flat,win,6,1.0,441.19,long,1
TSLA,PDL,2026-01-16,Flat,timeout,60,0.059876458933113025,438.7367,long,1
TSLA,1H_Sup,2026-01-16,Flat,loss,40,-0.5,442.8725,long,1
TSLA,4H_Sup,2026-01-16,Flat,loss,19,-0.5,445.4122,long,1
TSLA,PMH,2026-01-16,Flat,timeout,60,0.2237304491906566,439.368,short,1
TSLA,PDH,2026-01-16,Flat,win,21,1.0,443.84,short,1
TSLA,PML,2026-01-21,Gap Up,win,42,1.0,421.6896,long,1
TSLA,1H_Sup,2026-01-21,Gap Up,loss,1,-0.5,422.425,long,1
TSLA,4H_Sup,2026-01-21,Gap Up,loss,59,-0.5,428.01,long,1
TSLA,PMH,2026-01-21,Gap Up,loss,23,-0.5,423.495,short,1
TSLA,PML,2026-01-22,Gap Up,timeout,60,0.5219025787965571,436.25,long,1
TSLA,1H_Sup,2026-01-22,Gap Up,loss,8,-0.5,438.785,long,1
TSLA,PDH,2026-01-22,Gap Up,loss,47,-0.5,436.8576,short,1
TSLA,4H_Res,2026-01-22,Gap Up,loss,47,-0.5,436.8576,short,1
TSLA,PML,2026-01-23,Flat,loss,26,-0.5,448.41,long,1
TSLA,1H_Sup,2026-01-23,Flat,loss,14,-0.5,449.65,long,1
TSLA,PMH,2026-01-23,Flat,loss,17,-0.5,445.1615,short,1
TSLA,PDH,2026-01-23,Flat,loss,19,-0.5,445.43,short,1
TSLA,1H_Res,2026-01-23,Flat,loss,19,-0.5,445.43,short,1
TSLA,4H_Res,2026-01-23,Flat,loss,19,-0.5,445.43,short,1
TSLA,PDL,2026-01-27,Gap Up,loss,59,-0.5,435.91,long,1
TSLA,PMH,2026-01-27,Gap Up,timeout,60,0.031005971520438887,435.4,short,1
TSLA,PML,2026-01-28,Flat,win,9,1.0,433.46,long,1
TSLA,PDL,2026-01-28,Flat,win,10,1.0,431.9101,long,1
TSLA,1H_Sup,2026-01-28,Flat,timeout,60,-0.024142926122650246,434.91,long,1
TSLA,4H_Sup,2026-01-28,Flat,loss,3,-0.5,437.705,long,1
TSLA,PMH,2026-01-28,Flat,loss,1,-0.5,433.43,short,1
TSLA,PDH,2026-01-28,Flat,loss,7,-0.5,435.65,short,1
TSLA,PDL,2026-01-29,Gap Up,loss,13,-0.5,426.597,long,1
TSLA,1H_Sup,2026-01-29,Gap Up,loss,13,-0.5,426.597,long,1
TSLA,1H_Sup,2026-01-29,Gap Up,loss,1,-0.5,438.3094,long,1
TSLA,4H_Sup,2026-01-29,Gap Up,loss,13,-0.5,426.597,long,1
TSLA,4H_Sup,2026-01-29,Gap Up,loss,0,-0.5,437.14,long,1
TSLA,PMH,2026-01-29,Gap Up,win,4,1.0,431.13,short,1
TSLA,PDH,2026-01-29,Gap Up,win,4,1.0,431.13,short,1
TSLA,4H_Sup,2026-01-30,Gap Up,loss,6,-0.5,425.7717,long,1
TSLA,PMH,2026-01-30,Gap Up,loss,10,-0.5,424.26,short,1
TSLA,PDH,2026-01-30,Gap Up,timeout,60,0.41351499134238534,438.92,short,1
TSLA,PML,2026-02-03,Gap Up,loss,36,-0.5,426.17,long,1
TSLA,PDL,2026-02-03,Gap Up,timeout,60,0.49763204077216944,415.97,long,1
TSLA,1H_Sup,2026-02-03,Gap Up,loss,36,-0.5,426.17,long,1
TSLA,4H_Sup,2026-02-03,Gap Up,loss,7,-0.5,423.935,long,1
TSLA,PMH,2026-02-03,Gap Up,loss,45,-0.5,425.44,short,1
TSLA,PDH,2026-02-03,Gap Up,loss,6,-0.5,426.33,short,1
TSLA,4H_Res,2026-02-03,Gap Up,loss,6,-0.5,426.33,short,1
TSLA,PML,2026-02-04,Flat,loss,6,-0.5,423.16,long,1
TSLA,PDL,2026-02-04,Flat,loss,4,-0.5,415.38,long,1
TSLA,1H_Sup,2026-02-04,Flat,loss,9,-0.5,422.77,long,1
TSLA,PMH,2026-02-04,Flat,loss,3,-0.5,419.1125,short,1
TSLA,PML,2026-02-05,Gap Down,loss,18,-0.5,398.35,long,1
TSLA,PDL,2026-02-05,Gap Down,loss,2,-0.5,400.67,long,1
TSLA,4H_Sup,2026-02-05,Gap Down,timeout,60,-0.20983737603356775,400.31,long,1
TSLA,PMH,2026-02-05,Gap Down,win,7,1.0,395.595,short,1
TSLA,PML,2026-02-06,Gap Up,win,5,1.0,401.495,long,1
TSLA,1H_Sup,2026-02-06,Gap Up,win,5,1.0,401.495,long,1
TSLA,4H_Sup,2026-02-06,Gap Up,loss,4,-0.5,404.7067,long,1
TSLA,PML,2026-02-10,Flat,loss,31,-0.5,422.33,long,1
TSLA,1H_Sup,2026-02-10,Flat,loss,17,-0.5,422.9,long,1
TSLA,4H_Sup,2026-02-10,Flat,loss,15,-0.5,423.5,long,1
TSLA,PDH,2026-02-10,Flat,loss,5,-0.5,420.3,short,1
TSLA,PML,2026-02-11,Gap Up,timeout,60,-0.36377672764703295,427.46,long,1
TSLA,1H_Sup,2026-02-11,Gap Up,loss,39,-0.5,426.3425,long,1
TSLA,4H_Sup,2026-02-11,Gap Up,timeout,3,-0.0847258013736256,428.795,long,1
TSLA,PMH,2026-02-11,Gap Up,win,10,1.0,426.35,short,1
TSLA,PDH,2026-02-11,Gap Up,win,24,1.0,424.35,short,1
TSLA,1H_Res,2026-02-11,Gap Up,win,24,1.0,424.35,short,1
TSLA,PML,2026-02-12,Flat,loss,14,-0.5,433.505,long,1
TSLA,1H_Sup,2026-02-12,Flat,loss,9,-0.5,429.12,long,1
TSLA,4H_Sup,2026-02-12,Flat,loss,9,-0.5,429.12,long,1
TSLA,PMH,2026-02-12,Flat,win,21,1.0,430.775,short,1
TSLA,PDH,2026-02-12,Flat,win,9,1.0,434.27,short,1
TSLA,1H_Res,2026-02-12,Flat,loss,8,-0.5,427.29,short,1
TSLA,4H_Res,2026-02-12,Flat,loss,8,-0.5,427.29,short,1
TSLA,PML,2026-02-13,Gap Down,loss,1,-0.5,415.6,long,1
TSLA,PDL,2026-02-13,Gap Down,loss,1,-0.5,415.6,long,1
TSLA,1H_Sup,2026-02-13,Gap Down,timeout,60,0.3636745446909246,419.056,long,1
TSLA,4H_Sup,2026-02-13,Gap Down,loss,29,-0.5,421.03,long,1
TSLA,PMH,2026-02-13,Gap Down,timeout,44,0.112375941647733,418.15,short,1
TSLA,PML,2026-02-18,Flat,timeout,60,0.5062276932041614,411.87,long,1
TSLA,1H_Sup,2026-02-18,Flat,timeout,60,0.7239534151715477,413.01,long,1
TSLA,4H_Sup,2026-02-18,Flat,loss,21,-0.5,415.26,long,1
TSLA,PMH,2026-02-18,Flat,loss,8,-0.5,410.72,short,1
TSLA,PDH,2026-02-18,Flat,loss,23,-0.5,411.04,short,1
TSLA,PML,2026-02-19,Gap Down,timeout,60,0.5334442636389235,408.665,long,1
TSLA,PDL,2026-02-19,Gap Down,win,49,1.0,410.8,long,1
TSLA,1H_Sup,2026-02-19,Gap Down,loss,5,-0.5,413.2989,long,1
TSLA,PMH,2026-02-19,Gap Down,loss,19,-0.5,405.6186,short,1
TSLA,PML,2026-02-20,Gap Down,loss,29,-0.5,409.52,long,1
TSLA,1H_Sup,2026-02-20,Gap Down,loss,28,-0.5,412.72,long,1
TSLA,PMH,2026-02-20,Gap Down,loss,9,-0.5,408.11,short,1
TSLA,PDH,2026-02-20,Gap Down,win,21,1.0,414.1888,short,1
TSLA,PML,2026-02-24,Flat,win,47,1.0,401.24,long,1
TSLA,1H_Sup,2026-02-24,Flat,win,46,1.0,400.05,long,1
TSLA,4H_Sup,2026-02-24,Flat,win,47,1.0,401.24,long,1
TSLA,PMH,2026-02-24,Flat,loss,1,-0.5,398.29,short,1
TSLA,PDH,2026-02-24,Flat,timeout,60,0.9131914998217802,406.815,short,1
TSLA,PDL,2026-02-26,Gap Down,loss,18,-0.5,413.12,long,1
TSLA,PMH,2026-02-26,Gap Down,win,46,1.0,413.13,short,1
TSLA,PML,2026-02-27,Gap Down,loss,8,-0.5,403.92,long,1
TSLA,PDL,2026-02-27,Gap Down,timeout,60,-0.27193177604745955,404.55,long,1
TSLA,PMH,2026-02-27,Gap Down,loss,1,-0.5,401.9999,short,1
TSLA,PML,2026-03-03,Gap Down,loss,5,-0.5,393.215,long,1
TSLA,PDL,2026-03-03,Gap Down,timeout,60,0.5818722444376043,390.12,long,1
TSLA,PMH,2026-03-03,Gap Down,win,22,1.0,394.07,short,1
TSLA,PML,2026-03-04,Gap Up,loss,8,-0.5,401.64,long,1
TSLA,4H_Sup,2026-03-04,Gap Up,win,1,1.0,398.84,long,1
TSLA,PMH,2026-03-04,Gap Up,loss,31,-0.5,399.91,short,1
TSLA,PML,2026-03-05,Gap Down,win,25,1.0,402.65,long,1
TSLA,PMH,2026-03-05,Gap Down,timeout,60,0.30606912683206466,401.87,short,1
TSLA,PDH,2026-03-05,Gap Down,win,12,1.0,407.495,short,1
TSLA,PML,2026-03-06,Gap Down,timeout,60,-0.01617513888676664,398.7601,long,1
TSLA,PDL,2026-03-06,Gap Down,loss,22,-0.5,400.425,long,1
TSLA,1H_Sup,2026-03-06,Gap Down,loss,33,-0.5,401.603,long,1
TSLA,PMH,2026-03-06,Gap Down,loss,38,-0.5,397.77,short,1
TSLA,PML,2026-03-10,Gap Up,timeout,60,0.06215967577513115,402.19,long,1
TSLA,1H_Sup,2026-03-10,Gap Up,loss,57,-0.5,403.657,long,1
TSLA,4H_Sup,2026-03-10,Gap Up,timeout,60,-0.14228301839694293,400.61,long,1
TSLA,PMH,2026-03-10,Gap Up,loss,21,-0.5,401.15,short,1
TSLA,PDH,2026-03-10,Gap Up,loss,11,-0.5,398.35,short,1
TSLA,1H_Res,2026-03-10,Gap Up,loss,11,-0.5,398.35,short,1
TSLA,4H_Res,2026-03-10,Gap Up,loss,11,-0.5,399.02,short,1
TSLA,4H_Res,2026-03-10,Gap Up,loss,11,-0.5,398.35,short,1
TSLA,1H_Sup,2026-03-11,Gap Up,win,23,1.0,407.075,long,1
TSLA,4H_Sup,2026-03-11,Gap Up,win,27,1.0,408.808,long,1
TSLA,PDH,2026-03-11,Gap Up,timeout,60,-0.004961492890998606,405.12,short,1
TSLA,PDL,2026-03-12,Gap Down,loss,3,-0.5,403.625,long,1
TSLA,PDL,2026-03-13,Gap Up,loss,25,-0.5,395.664,long,1
TSLA,1H_Sup,2026-03-13,Gap Up,loss,3,-0.5,399.76,long,1
TSLA,PMH,2026-03-13,Gap Up,loss,21,-0.5,397.22,short,1
TSLA,PML,2026-03-17,Flat,timeout,60,0.4996845425867554,396.25,long,1
TSLA,PDL,2026-03-17,Flat,timeout,60,0.4996845425867554,396.25,long,1
TSLA,1H_Sup,2026-03-17,Flat,loss,56,-0.5,398.93,long,1
TSLA,4H_Sup,2026-03-17,Flat,loss,19,-0.5,399.96,long,1
TSLA,PMH,2026-03-17,Flat,loss,5,-0.5,395.05,short,1
TSLA,1H_Res,2026-03-17,Flat,timeout,60,0.5343244974069915,398.185,short,1
TSLA,PML,2026-03-18,Flat,timeout,60,-0.04025258497069738,397.49,long,1
TSLA,1H_Sup,2026-03-18,Flat,loss,46,-0.5,400.155,long,1
TSLA,4H_Sup,2026-03-18,Flat,timeout,60,0.14941544043540056,396.88,long,1
TSLA,4H_Sup,2026-03-18,Flat,loss,43,-0.5,401.3,long,1
TSLA,PMH,2026-03-18,Flat,timeout,60,0.03141611269587946,397.885,short,1
TSLA,PDH,2026-03-18,Flat,loss,2,-0.5,398.3,short,1
TSLA,PMH,2026-03-19,Gap Down,loss,19,-0.5,382.3,short,1
TSLA,PML,2026-03-24,Gap Down,win,14,1.0,380.98,long,1
TSLA,1H_Sup,2026-03-24,Gap Down,loss,14,-0.5,383.9601,long,1
TSLA,4H_Sup,2026-03-24,Gap Down,loss,14,-0.5,383.52,long,1
TSLA,PDH,2026-03-24,Gap Down,timeout,60,0.11573622543856049,384.495,short,1
TSLA,PML,2026-03-25,Gap Up,loss,27,-0.5,393.2899,long,1
TSLA,1H_Sup,2026-03-25,Gap Up,timeout,60,-0.1475804572405026,386.23,long,1
TSLA,4H_Sup,2026-03-25,Gap Up,loss,43,-0.5,386.995,long,1
TSLA,PMH,2026-03-25,Gap Up,loss,4,-0.5,389.36,short,1
TSLA,PDH,2026-03-25,Gap Up,timeout,60,0.2510472151833347,386.74,short,1
TSLA,PML,2026-03-26,Gap Down,loss,46,-0.5,383.03,long,1
TSLA,PMH,2026-03-26,Gap Down,loss,5,-0.5,380.1324,short,1
TSLA,4H_Sup,2026-03-31,Gap Up,loss,31,-0.5,364.31,long,1
TSLA,PMH,2026-04-01,Gap Up,loss,7,-0.5,375.23,short,1
TSLA,PML,2026-04-02,Gap Down,timeout,60,-0.08229098090849554,364.56,long,1
TSLA,PMH,2026-04-02,Gap Down,loss,26,-0.5,367.23,short,1
TSLA,PML,2026-04-07,Gap Down,loss,2,-0.5,347.45,long,1
TSLA,PMH,2026-04-07,Gap Down,win,13,1.0,346.82,short,1
TSLA,PMH,2026-04-08,Gap Up,loss,3,-0.5,354.78,short,1
TSLA,PDH,2026-04-08,Gap Up,timeout,60,-0.15695874433003357,347.225,short,1
TSLA,1H_Res,2026-04-08,Gap Up,loss,15,-0.5,345.8002,short,1
TSLA,4H_Res,2026-04-08,Gap Up,loss,15,-0.5,345.8002,short,1
TSLA,PML,2026-04-09,Flat,loss,11,-0.5,343.81,long,1
TSLA,PDL,2026-04-09,Flat,timeout,60,0.5260381560823957,341.23,long,1
TSLA,1H_Sup,2026-04-09,Flat,loss,3,-0.5,344.72,long,1
TSLA,4H_Sup,2026-04-09,Flat,timeout,60,0.24172516101019012,345.475,long,1
TSLA,PMH,2026-04-09,Flat,timeout,60,-0.24659464537342407,340.64,short,1
TSLA,PML,2026-04-10,Flat,loss,2,-0.5,349.5,long,1
TSLA,1H_Sup,2026-04-10,Flat,loss,2,-0.5,349.5,long,1
TSLA,PMH,2026-04-10,Flat,loss,7,-0.5,346.1101,short,1
TSLA,PDH,2026-04-10,Flat,timeout,60,-0.25069878684840063,347.03,short,1
TSLA,PML,2026-04-14,Gap Up,loss,2,-0.5,359.32,long,1
TSLA,4H_Sup,2026-04-14,Gap Up,loss,1,-0.5,360.94,long,1
TSLA,PMH,2026-04-14,Gap Up,loss,11,-0.5,358.3211,short,1
TSLA,PML,2026-04-15,Gap Up,win,16,1.0,368.165,long,1
TSLA,1H_Sup,2026-04-15,Gap Up,win,11,1.0,367.1775,long,1
TSLA,4H_Sup,2026-04-15,Gap Up,win,17,1.0,369.365,long,1
TSLA,PDH,2026-04-16,Gap Up,win,4,1.0,390.17,short,1
TSLA,PML,2026-04-17,Gap Up,loss,0,-0.5,397.25,long,1
TSLA,PMH,2026-04-17,Gap Up,loss,10,-0.5,393.785,short,1
TSLA,PDL,2026-04-21,Flat,timeout,60,0.1410382933724895,389.6105,long,1
TSLA,PML,2026-04-22,Flat,win,16,1.0,388.6,long,1
TSLA,PDL,2026-04-22,Flat,loss,0,-0.5,389.84,long,1
TSLA,1H_Sup,2026-04-22,Flat,timeout,60,-0.042820632902238163,391.4001,long,1
TSLA,4H_Sup,2026-04-22,Flat,loss,8,-0.5,392.44,long,1
TSLA,PMH,2026-04-22,Flat,loss,8,-0.5,388.23,short,1
TSLA,PML,2026-04-23,Gap Down,win,2,1.0,378.265,long,1
TSLA,PMH,2026-04-23,Gap Down,win,3,1.0,376.305,short,1
TSLA,PML,2026-04-24,Flat,win,3,1.0,375.72,long,1
TSLA,1H_Sup,2026-04-24,Flat,win,3,1.0,375.72,long,1
TSLA,PMH,2026-04-24,Flat,loss,11,-0.5,374.3,short,1
TSLA,PML,2026-04-28,Gap Down,loss,9,-0.5,377.86,long,1
TSLA,1H_Sup,2026-04-28,Gap Down,loss,8,-0.5,381.75,long,1
TSLA,PMH,2026-04-28,Gap Down,loss,20,-0.5,374.33,short,1
TSLA,PDH,2026-04-28,Gap Down,win,19,1.0,378.85,short,1
TSLA,4H_Res,2026-04-28,Gap Down,loss,30,-0.5,375.02,short,1
TSLA,4H_Res,2026-04-28,Gap Down,win,17,1.0,379.47,short,1
TSLA,PDL,2026-04-29,Flat,loss,20,-0.5,373.85,long,1
TSLA,PMH,2026-04-29,Flat,win,29,1.0,375.16,short,1
TSLA,PML,2026-04-30,Flat,win,12,1.0,373.9893,long,1
TSLA,PDL,2026-04-30,Flat,loss,4,-0.5,371.79,long,1
TSLA,1H_Sup,2026-04-30,Flat,win,31,1.0,375.93,long,1
TSLA,4H_Sup,2026-04-30,Flat,win,31,1.0,375.93,long,1
TSLA,PML,2026-05-01,Flat,loss,1,-0.5,385.78,long,1
TSLA,1H_Sup,2026-05-01,Flat,loss,7,-0.5,386.2846,long,1
TSLA,4H_Sup,2026-05-01,Flat,loss,7,-0.5,386.2846,long,1
TSLA,PMH,2026-05-01,Flat,win,1,1.0,382.6499,short,1
TSLA,PDH,2026-05-01,Flat,win,1,1.0,382.6499,short,1
TSLA,PML,2026-05-05,Gap Up,loss,41,-0.5,398.455,long,1
TSLA,1H_Sup,2026-05-05,Gap Up,loss,41,-0.5,398.455,long,1
TSLA,PMH,2026-05-05,Gap Up,timeout,60,0.7873218399534223,395.01,short,1
TSLA,PDH,2026-05-05,Gap Up,timeout,60,0.16510033020065462,393.7,short,1
TSLA,4H_Res,2026-05-05,Gap Up,loss,6,-0.5,392.61,short,1
TSLA,PML,2026-05-06,Gap Down,win,17,1.0,387.7535,long,1
TSLA,PDL,2026-05-06,Gap Down,win,31,1.0,389.68,long,1
TSLA,1H_Sup,2026-05-06,Gap Down,win,31,1.0,389.68,long,1
TSLA,1H_Sup,2026-05-06,Gap Down,loss,7,-0.5,391.39,long,1
TSLA,1H_Sup,2026-05-06,Gap Down,loss,39,-0.5,393.295,long,1
TSLA,4H_Sup,2026-05-06,Gap Down,win,31,1.0,389.68,long,1
TSLA,4H_Sup,2026-05-06,Gap Down,timeout,60,0.3572704356307796,394.715,long,1
TSLA,PMH,2026-05-06,Gap Down,loss,7,-0.5,388.89,short,1
TSLA,PDH,2026-05-06,Gap Down,timeout,38,0.8382669916138464,401.1729,short,1
TSLA,4H_Res,2026-05-06,Gap Down,timeout,60,-0.0455747711088599,393.2,short,1
TSLA,PML,2026-05-07,Gap Up,loss,5,-0.5,406.6,long,1
TSLA,4H_Sup,2026-05-07,Gap Up,win,46,1.0,402.7751,long,1
TSLA,PMH,2026-05-07,Gap Up,loss,43,-0.5,406.9,short,1
TSLA,PML,2026-05-12,Gap Down,win,5,1.0,442.57,long,1
TSLA,1H_Sup,2026-05-12,Gap Down,loss,2,-0.5,445.9,long,1
TSLA,PMH,2026-05-12,Gap Down,loss,0,-0.5,438.63,short,1
TSLA,PML,2026-05-13,Gap Up,loss,4,-0.5,437.3499,long,1
TSLA,1H_Sup,2026-05-13,Gap Up,loss,4,-0.5,437.3499,long,1
TSLA,4H_Sup,2026-05-13,Gap Up,loss,4,-0.5,437.3499,long,1
TSLA,PMH,2026-05-13,Gap Up,win,6,1.0,435.73,short,1
TSLA,PDH,2026-05-13,Gap Up,loss,15,-0.5,446.63,short,1
TSLA,PML,2026-05-14,Flat,win,54,1.0,447.14,long,1
TSLA,1H_Sup,2026-05-14,Flat,timeout,60,-0.27596643892017203,449.33,long,1
TSLA,PMH,2026-05-14,Flat,loss,19,-0.5,448.58,short,1
TSLA,PMH,2026-05-15,Gap Down,win,8,1.0,431.095,short,1
TSLA,PML,2026-05-19,Gap Down,loss,3,-0.5,404.35,long,1
TSLA,PMH,2026-05-19,Gap Down,timeout,60,0.24590062649054198,404.635,short,1
TSLA,PML,2026-05-20,Gap Up,win,10,1.0,409.77,long,1
TSLA,PMH,2026-05-20,Gap Up,loss,6,-0.5,408.085,short,1
TSLA,PML,2026-05-21,Gap Up,loss,10,-0.5,424.12,long,1
TSLA,1H_Sup,2026-05-21,Gap Up,timeout,60,0.4026442307692335,416.0,long,1
TSLA,4H_Sup,2026-05-21,Gap Up,timeout,60,0.17174907819987148,416.305,long,1
TSLA,PMH,2026-05-21,Gap Up,win,14,1.0,421.85,short,1
TSLA,PDH,2026-05-21,Gap Up,loss,60,-0.5,415.18,short,1
TSLA,1H_Res,2026-05-21,Gap Up,loss,34,-0.5,413.76,short,1
TSLA,1H_Res,2026-05-21,Gap Up,loss,57,-0.5,414.97,short,1
TSLA,1H_Res,2026-05-21,Gap Up,loss,60,-0.5,415.18,short,1
TSLA,4H_Res,2026-05-21,Gap Up,loss,57,-0.5,414.97,short,1
TSLA,4H_Res,2026-05-21,Gap Up,loss,60,-0.5,415.18,short,1
TSLA,PML,2026-05-22,Gap Up,win,28,1.0,422.875,long,1
TSLA,4H_Sup,2026-05-22,Gap Up,loss,1,-0.5,426.71,long,1
TSLA,PMH,2026-05-22,Gap Up,loss,16,-0.5,420.63,short,1
TSLA,PDH,2026-05-22,Gap Up,loss,54,-0.5,424.08,short,1
TSLA,PML,2026-05-27,Gap Up,loss,2,-0.5,442.2701,long,1
TSLA,4H_Sup,2026-05-27,Gap Up,win,10,1.0,436.04,long,1
TSLA,PMH,2026-05-27,Gap Up,loss,1,-0.5,441.205,short,1
TSLA,PML,2026-05-28,Gap Down,win,40,1.0,437.7,long,1
TSLA,1H_Sup,2026-05-28,Gap Down,timeout,60,-0.18297280344385602,441.9236,long,1
TSLA,4H_Sup,2026-05-28,Gap Down,loss,27,-0.5,443.65,long,1
TSLA,PMH,2026-05-28,Gap Down,loss,6,-0.5,436.78,short,1
TSLA,PML,2026-05-29,Flat,loss,4,-0.5,439.935,long,1
TSLA,PDL,2026-05-29,Flat,loss,33,-0.5,437.945,long,1
TSLA,PMH,2026-05-29,Flat,loss,8,-0.5,437.685,short,1
TSLA,PML,2026-06-02,Gap Up,timeout,60,0.44398027602125556,419.388,long,1
TSLA,PDL,2026-06-02,Gap Up,win,32,1.0,417.18,long,1
TSLA,1H_Sup,2026-06-02,Gap Up,loss,3,-0.5,420.51,long,1
TSLA,4H_Sup,2026-06-02,Gap Up,loss,20,-0.5,422.885,long,1
TSLA,PMH,2026-06-02,Gap Up,loss,11,-0.5,414.51,short,1
TSLA,PML,2026-06-03,Gap Down,win,9,1.0,420.39,long,1
TSLA,1H_Sup,2026-06-03,Gap Down,loss,1,-0.5,424.99,long,1
TSLA,4H_Sup,2026-06-03,Gap Down,win,17,1.0,426.86,long,1
TSLA,PMH,2026-06-03,Gap Down,loss,7,-0.5,419.4773,short,1
TSLA,PDH,2026-06-03,Gap Down,loss,5,-0.5,421.62,short,1
TSLA,1H_Res,2026-06-03,Gap Down,loss,4,-0.5,421.68,short,1
TSLA,PML,2026-06-04,Gap Down,loss,9,-0.5,424.335,long,1
TSLA,1H_Sup,2026-06-04,Gap Down,loss,1,-0.5,426.22,long,1
TSLA,PMH,2026-06-04,Gap Down,loss,9,-0.5,421.49,short,1
TSLA,4H_Sup,2026-06-05,Gap Up,loss,0,-0.5,423.74,long,1
TSLA,PMH,2026-06-05,Gap Up,win,7,1.0,417.41,short,1
TSLA,1H_Res,2026-06-05,Gap Up,win,7,1.0,417.41,short,1
TSLA,PDL,2026-06-09,Gap Up,timeout,60,0.34313806024377835,395.6425,long,1
TSLA,1H_Sup,2026-06-09,Gap Up,win,4,1.0,413.51,long,1
TSLA,PMH,2026-06-09,Gap Up,loss,4,-0.5,411.33,short,1
TSLA,PDH,2026-06-09,Gap Up,loss,3,-0.5,411.65,short,1
TSLA,4H_Res,2026-06-09,Gap Up,loss,3,-0.5,411.65,short,1
TSLA,PML,2026-06-10,Gap Down,win,5,1.0,392.54,long,1
TSLA,PDL,2026-06-10,Gap Down,loss,15,-0.5,385.39,long,1
TSLA,4H_Sup,2026-06-10,Gap Down,loss,8,-0.5,386.205,long,1
TSLA,4H_Sup,2026-06-10,Gap Down,loss,8,-0.5,387.42,long,1
TSLA,PMH,2026-06-10,Gap Down,loss,4,-0.5,393.3,short,1
TSLA,PML,2026-06-11,Gap Up,loss,24,-0.5,387.39,long,1
TSLA,PDL,2026-06-11,Gap Up,win,12,1.0,382.18,long,1
TSLA,1H_Sup,2026-06-11,Gap Up,win,8,1.0,384.98,long,1
TSLA,4H_Sup,2026-06-11,Gap Up,loss,21,-0.5,387.49,long,1
TSLA,PMH,2026-06-11,Gap Up,win,53,1.0,388.01,short,1
TSLA,PDH,2026-06-11,Gap Up,loss,5,-0.5,396.1599,short,1
TSLA,PML,2026-06-12,Flat,loss,5,-0.5,401.65,long,1
TSLA,1H_Sup,2026-06-12,Flat,loss,48,-0.5,396.6039,long,1
TSLA,1H_Sup,2026-06-12,Flat,loss,1,-0.5,403.5,long,1
TSLA,4H_Sup,2026-06-12,Flat,win,9,1.0,389.14,long,1
TSLA,4H_Sup,2026-06-12,Flat,win,2,1.0,398.0161,long,1
TSLA,4H_Sup,2026-06-12,Flat,loss,5,-0.5,401.65,long,1
TSLA,PMH,2026-06-12,Flat,loss,0,-0.5,399.875,short,1
TSLA,PDH,2026-06-12,Flat,win,60,1.0,397.6,short,1
TSLA,1H_Res,2026-06-12,Flat,loss,1,-0.5,394.915,short,1
TSLA,4H_Res,2026-06-12,Flat,loss,3,-0.5,387.35,short,1
TSLA,4H_Res,2026-06-12,Flat,loss,1,-0.5,389.305,short,1
TSLA,4H_Res,2026-06-12,Flat,win,59,1.0,397.52,short,1
NVDA,PML,2025-12-16,Flat,loss,33,-0.5,176.98,long,1
NVDA,PDL,2025-12-16,Flat,loss,4,-0.5,175.9395,long,1
NVDA,1H_Sup,2025-12-16,Flat,loss,17,-0.5,177.46,long,1
NVDA,PMH,2025-12-16,Flat,loss,15,-0.5,175.9,short,1
NVDA,PML,2025-12-18,Gap Up,win,13,1.0,174.345,long,1
NVDA,1H_Sup,2025-12-18,Gap Up,win,41,1.0,172.5942,long,1
NVDA,4H_Sup,2025-12-18,Gap Up,win,38,1.0,173.56,long,1
NVDA,PMH,2025-12-18,Gap Up,win,8,1.0,174.09,short,1
NVDA,PDH,2025-12-18,Gap Up,timeout,60,-0.06837996467035418,175.49,short,1
NVDA,1H_Sup,2025-12-23,Flat,timeout,60,0.8572746262987895,184.305,long,1
NVDA,4H_Sup,2025-12-23,Flat,timeout,60,0.6084972291644054,184.06,long,1
NVDA,PDH,2025-12-23,Flat,loss,12,-0.5,183.665,short,1
NVDA,PML,2025-12-24,Gap Down,loss,9,-0.5,188.48,long,1
NVDA,PMH,2025-12-24,Gap Down,timeout,60,0.5762693860208242,188.28,short,1
NVDA,PMH,2025-12-30,Flat,timeout,60,0.36463323751730126,187.86,short,1
NVDA,PDH,2025-12-30,Flat,timeout,60,0.4571550074420655,188.12,short,1
NVDA,PML,2025-12-31,Gap Up,loss,4,-0.5,190.3581,long,1
NVDA,PDL,2025-12-31,Gap Up,timeout,27,-0.4643219298713799,187.37,long,1
NVDA,1H_Sup,2025-12-31,Gap Up,timeout,60,0.11404625503925493,188.52,long,1
NVDA,4H_Sup,2025-12-31,Gap Up,timeout,60,-0.052632973789520844,188.665,long,1
NVDA,PMH,2025-12-31,Gap Up,timeout,60,0.16921368515679847,189.11,short,1
NVDA,PDH,2025-12-31,Gap Up,loss,43,-0.5,188.19,short,1
NVDA,PML,2026-01-06,Gap Up,loss,6,-0.5,190.27,long,1
NVDA,4H_Sup,2026-01-06,Gap Up,timeout,60,0.2889413261924247,188.585,long,1
NVDA,PMH,2026-01-06,Gap Up,loss,13,-0.5,189.96,short,1
NVDA,1H_Res,2026-01-06,Gap Up,timeout,60,-0.3145827779258731,187.55,short,1
NVDA,PML,2026-01-07,Gap Up,win,21,1.0,188.648,long,1
NVDA,PDL,2026-01-07,Gap Up,win,21,1.0,187.655,long,1
NVDA,1H_Sup,2026-01-07,Gap Up,win,21,1.0,188.648,long,1
NVDA,4H_Sup,2026-01-07,Gap Up,loss,31,-0.5,190.65,long,1
NVDA,PMH,2026-01-07,Gap Up,loss,7,-0.5,188.52,short,1
NVDA,PDL,2026-01-08,Flat,loss,2,-0.5,187.295,long,1
NVDA,PMH,2026-01-08,Flat,win,17,1.0,188.6,short,1
NVDA,PML,2026-01-09,Flat,loss,8,-0.5,185.635,long,1
NVDA,PDL,2026-01-09,Flat,timeout,60,0.39745326469790965,184.55,long,1
NVDA,1H_Sup,2026-01-09,Flat,timeout,60,0.09689140088817484,185.775,long,1
NVDA,4H_Sup,2026-01-09,Flat,timeout,60,0.09689140088817484,185.775,long,1
NVDA,PMH,2026-01-09,Flat,timeout,60,-0.016191500806887818,185.9,short,1
NVDA,PML,2026-01-13,Flat,win,32,1.0,185.064,long,1
NVDA,1H_Sup,2026-01-13,Flat,win,41,1.0,184.9,long,1
NVDA,1H_Sup,2026-01-13,Flat,loss,60,-0.5,186.7076,long,1
NVDA,4H_Sup,2026-01-13,Flat,win,41,1.0,184.9,long,1
NVDA,4H_Sup,2026-01-13,Flat,loss,23,-0.5,187.715,long,1
NVDA,PMH,2026-01-13,Flat,loss,11,-0.5,185.23,short,1
NVDA,PDH,2026-01-13,Flat,win,40,1.0,186.625,short,1
NVDA,PML,2026-01-16,Gap Up,loss,15,-0.5,188.41,long,1
NVDA,4H_Sup,2026-01-16,Gap Up,loss,21,-0.5,190.115,long,1
NVDA,PMH,2026-01-16,Gap Up,timeout,60,0.3369057724957507,188.48,short,1
NVDA,PDH,2026-01-16,Gap Up,loss,2,-0.5,189.24,short,1
NVDA,1H_Res,2026-01-16,Gap Up,timeout,60,0.005690563131737984,188.0306,short,1
NVDA,PML,2026-01-21,Gap Up,win,44,1.0,179.0988,long,1
NVDA,1H_Sup,2026-01-21,Gap Up,win,60,1.0,179.83,long,1
NVDA,4H_Sup,2026-01-21,Gap Up,win,57,1.0,180.72,long,1
NVDA,PMH,2026-01-21,Gap Up,loss,18,-0.5,180.12,short,1
NVDA,PDH,2026-01-21,Gap Up,win,30,1.0,181.68,short,1
NVDA,PML,2026-01-22,Gap Up,loss,3,-0.5,185.14,long,1
NVDA,1H_Sup,2026-01-22,Gap Up,timeout,60,-0.1321467098166152,185.4,long,1
NVDA,4H_Sup,2026-01-22,Gap Up,loss,53,-0.5,185.7258,long,1
NVDA,PMH,2026-01-22,Gap Up,loss,2,-0.5,184.25,short,1
NVDA,PDH,2026-01-22,Gap Up,timeout,60,-0.15213327915481473,184.575,short,1
NVDA,PML,2026-01-23,Gap Up,timeout,60,-0.01859053885395628,187.7299,long,1
NVDA,PMH,2026-01-23,Gap Up,loss,2,-0.5,187.04,short,1
NVDA,PML,2026-01-27,Flat,win,36,1.0,187.64,long,1
NVDA,PDL,2026-01-27,Flat,win,21,1.0,186.44,long,1
NVDA,1H_Sup,2026-01-27,Flat,win,19,1.0,187.455,long,1
NVDA,4H_Sup,2026-01-27,Flat,win,37,1.0,187.72,long,1
NVDA,PMH,2026-01-27,Flat,loss,28,-0.5,186.8688,short,1
NVDA,PDH,2026-01-27,Flat,timeout,3,0.08438460722993664,188.66,short,1
NVDA,PML,2026-01-28,Gap Up,loss,2,-0.5,191.6,long,1
NVDA,1H_Sup,2026-01-28,Gap Up,timeout,60,0.7441102229701262,190.16,long,1
NVDA,4H_Sup,2026-01-28,Gap Up,loss,3,-0.5,191.72,long,1
NVDA,PMH,2026-01-28,Gap Up,loss,10,-0.5,191.0985,short,1
NVDA,PML,2026-01-29,Flat,loss,5,-0.5,191.8382,long,1
NVDA,PDL,2026-01-29,Flat,timeout,60,0.22340201850293467,190.24,long,1
NVDA,1H_Sup,2026-01-29,Flat,loss,1,-0.5,193.47,long,1
NVDA,4H_Sup,2026-01-29,Flat,loss,1,-0.5,193.47,long,1
NVDA,PMH,2026-01-29,Flat,loss,10,-0.5,190.76,short,1
NVDA,PDH,2026-01-29,Flat,win,26,1.0,191.3299,short,1
NVDA,PML,2026-01-30,Gap Down,timeout,60,0.34569453174105647,190.92,long,1
NVDA,1H_Sup,2026-01-30,Gap Down,loss,1,-0.5,192.415,long,1
NVDA,4H_Sup,2026-01-30,Gap Down,loss,1,-0.5,192.415,long,1
NVDA,PMH,2026-01-30,Gap Down,timeout,60,-0.25357488301571834,191.265,short,1
NVDA,PDH,2026-01-30,Gap Down,loss,24,-0.5,193.0,short,1
NVDA,1H_Res,2026-01-30,Gap Down,loss,46,-0.5,192.155,short,1
NVDA,4H_Res,2026-01-30,Gap Down,loss,46,-0.5,192.155,short,1
NVDA,PDL,2026-02-04,Gap Down,loss,19,-0.5,176.7,long,1
NVDA,1H_Sup,2026-02-04,Gap Down,loss,21,-0.5,178.845,long,1
NVDA,PML,2026-02-05,Flat,win,23,1.0,173.61,long,1
NVDA,PDL,2026-02-05,Flat,loss,14,-0.5,172.31,long,1
NVDA,1H_Sup,2026-02-05,Flat,loss,4,-0.5,176.41,long,1
NVDA,PMH,2026-02-05,Flat,loss,1,-0.5,174.3851,short,1
NVDA,PML,2026-02-06,Gap Up,win,6,1.0,177.05,long,1
NVDA,4H_Sup,2026-02-06,Gap Up,win,6,1.0,177.05,long,1
NVDA,PDH,2026-02-06,Gap Up,loss,0,-0.5,175.2,short,1
NVDA,1H_Sup,2026-02-10,Gap Up,loss,3,-0.5,191.4659,long,1
NVDA,PMH,2026-02-10,Gap Up,win,12,1.0,190.91,short,1
NVDA,PML,2026-02-11,Gap Up,loss,29,-0.5,191.83,long,1
NVDA,1H_Sup,2026-02-11,Gap Up,loss,10,-0.5,190.26,long,1
NVDA,4H_Sup,2026-02-11,Gap Up,loss,4,-0.5,190.76,long,1
NVDA,PMH,2026-02-11,Gap Up,loss,11,-0.5,192.08,short,1
NVDA,PDH,2026-02-11,Gap Up,loss,11,-0.5,192.08,short,1
NVDA,PDL,2026-02-12,Gap Up,loss,12,-0.5,189.55,long,1
NVDA,1H_Sup,2026-02-12,Gap Up,loss,19,-0.5,192.075,long,1
NVDA,PMH,2026-02-12,Gap Up,win,35,1.0,192.605,short,1
NVDA,PDH,2026-02-12,Gap Up,win,35,1.0,192.605,short,1
NVDA,PML,2026-02-18,Gap Up,timeout,60,0.6728476821192108,188.75,long,1
NVDA,4H_Sup,2026-02-18,Gap Up,timeout,56,0.27743690977964136,187.43,long,1
NVDA,PMH,2026-02-18,Gap Up,loss,1,-0.5,187.69,short,1
NVDA,PML,2026-02-19,Flat,timeout,60,0.3659188034188046,187.2,long,1
NVDA,PDL,2026-02-19,Flat,timeout,60,0.430029072764172,187.2199,long,1
NVDA,PMH,2026-02-19,Flat,loss,17,-0.5,186.28,short,1
NVDA,PML,2026-02-20,Gap Down,timeout,60,0.03034454659433641,187.5131,long,1
NVDA,PDL,2026-02-20,Gap Down,win,14,1.0,186.82,long,1
NVDA,1H_Sup,2026-02-20,Gap Down,loss,4,-0.5,188.57,long,1
NVDA,4H_Sup,2026-02-20,Gap Down,loss,4,-0.5,188.57,long,1
NVDA,PDH,2026-02-20,Gap Down,loss,21,-0.5,188.0622,short,1
NVDA,PML,2026-02-24,Flat,timeout,60,0.847901182874492,191.06,long,1
NVDA,PDL,2026-02-24,Flat,timeout,60,0.8985339708896053,190.31,long,1
NVDA,1H_Sup,2026-02-24,Flat,timeout,60,0.018225369714641008,192.04,long,1
NVDA,4H_Sup,2026-02-24,Flat,timeout,60,-0.15731025424036657,192.613,long,1
NVDA,PMH,2026-02-24,Flat,win,2,1.0,189.7587,short,1
NVDA,PDH,2026-02-24,Flat,timeout,60,0.15752098127824757,193.625,short,1
NVDA,PML,2026-02-25,Gap Up,timeout,60,0.46945948025960954,194.905,long,1
NVDA,1H_Sup,2026-02-25,Gap Up,win,24,1.0,194.43,long,1
NVDA,4H_Sup,2026-02-25,Gap Up,win,25,1.0,194.08,long,1
NVDA,PMH,2026-02-25,Gap Up,loss,16,-0.5,194.08,short,1
NVDA,PML,2026-02-27,Gap Down,loss,12,-0.5,181.8228,long,1
NVDA,PMH,2026-02-27,Gap Down,timeout,60,0.195022798439812,182.03,short,1
NVDA,PML,2026-03-03,Gap Down,win,13,1.0,177.495,long,1
NVDA,PMH,2026-03-03,Gap Down,loss,43,-0.5,178.095,short,1
NVDA,PML,2026-03-04,Flat,win,52,1.0,181.22,long,1
NVDA,1H_Sup,2026-03-04,Flat,win,52,1.0,181.22,long,1
NVDA,4H_Sup,2026-03-04,Flat,loss,3,-0.5,182.185,long,1
NVDA,PMH,2026-03-04,Flat,loss,10,-0.5,181.5675,short,1
NVDA,PML,2026-03-05,Gap Down,timeout,60,-0.033072841144158295,181.7201,long,1
NVDA,PDL,2026-03-05,Gap Down,timeout,60,0.28552420025502373,180.37,long,1
NVDA,PMH,2026-03-05,Gap Down,loss,7,-0.5,181.0701,short,1
NVDA,PML,2026-03-06,Gap Down,loss,3,-0.5,179.15,long,1
NVDA,1H_Sup,2026-03-06,Gap Down,loss,2,-0.5,180.94,long,1
NVDA,4H_Sup,2026-03-06,Gap Down,loss,9,-0.5,178.79,long,1
NVDA,PMH,2026-03-06,Gap Down,win,15,1.0,178.81,short,1
NVDA,1H_Res,2026-03-06,Gap Down,timeout,60,0.23359349236012497,181.94,short,1
NVDA,1H_Res,2026-03-06,Gap Down,timeout,60,0.2693195558975537,181.94,short,1
NVDA,PML,2026-03-10,Flat,win,57,1.0,182.64,long,1
NVDA,1H_Sup,2026-03-10,Flat,loss,15,-0.5,183.335,long,1
NVDA,4H_Sup,2026-03-10,Flat,loss,15,-0.5,183.335,long,1
NVDA,PDH,2026-03-10,Flat,loss,5,-0.5,182.23,short,1
NVDA,PML,2026-03-11,Gap Up,win,23,1.0,185.53,long,1
NVDA,1H_Sup,2026-03-11,Gap Up,win,23,1.0,185.5801,long,1
NVDA,4H_Sup,2026-03-11,Gap Up,loss,35,-0.5,186.913,long,1
NVDA,PMH,2026-03-11,Gap Up,loss,3,-0.5,184.95,short,1
NVDA,PDH,2026-03-11,Gap Up,loss,9,-0.5,185.845,short,1
NVDA,PML,2026-03-12,Gap Down,loss,10,-0.5,184.3801,long,1
NVDA,PDL,2026-03-12,Gap Down,loss,40,-0.5,184.8901,long,1
NVDA,PMH,2026-03-12,Gap Down,win,16,1.0,184.38,short,1
NVDA,PML,2026-03-13,Gap Up,loss,3,-0.5,185.86,long,1
NVDA,PDL,2026-03-13,Gap Up,loss,42,-0.5,182.195,long,1
NVDA,1H_Sup,2026-03-13,Gap Up,loss,11,-0.5,184.0377,long,1
NVDA,4H_Sup,2026-03-13,Gap Up,loss,2,-0.5,185.84,long,1
NVDA,PMH,2026-03-13,Gap Up,loss,7,-0.5,184.6,short,1
NVDA,PDH,2026-03-13,Gap Up,win,52,1.0,184.0107,short,1
NVDA,PDL,2026-03-17,Gap Up,timeout,60,0.3160556257901328,181.93,long,1
NVDA,1H_Sup,2026-03-17,Gap Up,timeout,60,0.25265701809793645,182.065,long,1
NVDA,1H_Sup,2026-03-17,Gap Up,loss,11,-0.5,183.99,long,1
NVDA,4H_Sup,2026-03-17,Gap Up,timeout,60,0.25265701809793645,182.065,long,1
NVDA,PMH,2026-03-17,Gap Up,win,37,1.0,183.84,short,1
NVDA,PML,2026-03-18,Flat,timeout,60,0.16462711957417078,182.23,long,1
NVDA,PDL,2026-03-18,Flat,timeout,60,0.16462711957417078,182.23,long,1
NVDA,PMH,2026-03-18,Flat,loss,9,-0.5,181.1051,short,1
NVDA,PML,2026-03-19,Gap Down,timeout,60,0.24406665544521255,178.23,long,1
NVDA,PMH,2026-03-19,Gap Down,timeout,60,-0.24406665544521255,178.23,short,1
NVDA,PDL,2026-03-20,Flat,loss,40,-0.5,176.23,long,1
NVDA,PML,2026-03-24,Flat,timeout,60,-0.08009611533839828,174.79,long,1
NVDA,PDL,2026-03-24,Flat,loss,8,-0.5,175.63,long,1
NVDA,PMH,2026-03-24,Flat,loss,4,-0.5,174.4107,short,1
NVDA,PML,2026-03-25,Gap Up,win,50,1.0,178.34,long,1
NVDA,PMH,2026-03-26,Gap Down,timeout,60,0.46212509248193717,175.71,short,1
NVDA,PML,2026-03-27,Gap Down,loss,3,-0.5,170.35,long,1
NVDA,PMH,2026-03-27,Gap Down,win,15,1.0,169.93,short,1
NVDA,PML,2026-03-31,Gap Up,win,23,1.0,167.72,long,1
NVDA,4H_Sup,2026-03-31,Gap Up,win,24,1.0,168.125,long,1
NVDA,PML,2026-04-01,Gap Up,timeout,60,-0.10226110669242518,176.02,long,1
NVDA,1H_Sup,2026-04-01,Gap Up,timeout,60,-0.048325658081744015,175.89,long,1
NVDA,4H_Sup,2026-04-01,Gap Up,timeout,60,-0.048325658081744015,175.89,long,1
NVDA,PMH,2026-04-01,Gap Up,timeout,60,0.22107590272659508,176.41,short,1
NVDA,PDL,2026-04-02,Gap Down,loss,13,-0.5,176.207,long,1
NVDA,1H_Sup,2026-04-02,Gap Down,loss,39,-0.5,176.99,long,1
NVDA,PMH,2026-04-02,Gap Down,loss,4,-0.5,171.57,short,1
NVDA,PDH,2026-04-02,Gap Down,timeout,60,0.42117736315834664,176.8851,short,1
NVDA,PML,2026-04-07,Gap Down,loss,33,-0.5,175.7,long,1
NVDA,PDL,2026-04-07,Gap Down,loss,11,-0.5,176.835,long,1
NVDA,PMH,2026-04-07,Gap Down,timeout,60,0.656523848942429,175.165,short,1
NVDA,PMH,2026-04-08,Gap Up,loss,3,-0.5,183.65,short,1
NVDA,PML,2026-04-09,Flat,timeout,60,0.11187038465777745,181.46,long,1
NVDA,1H_Sup,2026-04-09,Flat,timeout,60,0.5257421404315785,182.58,long,1
NVDA,4H_Sup,2026-04-09,Flat,timeout,60,0.5257421404315785,182.58,long,1
NVDA,PMH,2026-04-09,Flat,loss,4,-0.5,180.815,short,1
NVDA,PMH,2026-04-15,Flat,loss,12,-0.5,195.94,short,1
NVDA,PML,2026-04-16,Gap Down,win,41,1.0,197.66,long,1
NVDA,PDL,2026-04-16,Gap Down,timeout,60,0.38085808580858255,196.95,long,1
NVDA,4H_Sup,2026-04-16,Gap Down,timeout,60,0.38085808580858255,196.95,long,1
NVDA,PMH,2026-04-16,Gap Down,loss,14,-0.5,197.57,short,1
NVDA,1H_Res,2026-04-16,Gap Down,timeout,60,-0.03414155147670036,198.585,short,1
NVDA,4H_Sup,2026-04-17,Gap Up,timeout,60,0.27260452090417625,199.96,long,1
NVDA,PMH,2026-04-17,Gap Up,timeout,60,0.5715989860331059,201.19,short,1
NVDA,PMH,2026-04-21,Flat,timeout,60,0.19292604501608446,202.15,short,1
NVDA,PDH,2026-04-21,Flat,timeout,60,-0.1192023413859768,201.59,short,1
NVDA,PML,2026-04-22,Gap Up,timeout,60,0.3236068696873638,200.8301,long,1
NVDA,PDL,2026-04-22,Gap Up,timeout,60,0.6564824521990902,200.31,long,1
NVDA,1H_Sup,2026-04-22,Gap Up,timeout,60,-0.295073024374519,201.645,long,1
NVDA,4H_Sup,2026-04-22,Gap Up,timeout,60,-0.295073024374519,201.645,long,1
NVDA,PMH,2026-04-22,Gap Up,timeout,60,-0.0936735407200296,200.27,short,1
NVDA,PDH,2026-04-22,Gap Up,timeout,60,0.27448265631567736,202.235,short,1
NVDA,PML,2026-04-23,Flat,loss,39,-0.5,202.939,long,1
NVDA,PDL,2026-04-23,Flat,loss,19,-0.5,199.64,long,1
NVDA,1H_Sup,2026-04-23,Flat,loss,26,-0.5,203.2101,long,1
NVDA,4H_Sup,2026-04-23,Flat,loss,26,-0.5,203.2101,long,1
NVDA,PMH,2026-04-23,Flat,loss,9,-0.5,201.6505,short,1
NVDA,PDH,2026-04-23,Flat,loss,9,-0.5,201.6505,short,1
NVDA,PML,2026-04-24,Flat,loss,23,-0.5,202.25,long,1
NVDA,4H_Sup,2026-04-24,Flat,loss,23,-0.5,202.25,long,1
NVDA,4H_Sup,2026-04-24,Flat,loss,0,-0.5,203.0971,long,1
NVDA,PML,2026-04-28,Gap Down,win,8,1.0,210.02,long,1
NVDA,4H_Sup,2026-04-28,Gap Down,loss,31,-0.5,212.5,long,1
NVDA,PMH,2026-04-28,Gap Down,timeout,60,0.25737572089032557,209.81,short,1
NVDA,PDL,2026-04-29,Flat,timeout,60,0.38117613214106677,208.565,long,1
NVDA,PML,2026-05-01,Gap Up,loss,2,-0.5,202.57,long,1
NVDA,PDL,2026-05-01,Gap Up,timeout,60,0.08535728623042495,199.28,long,1
NVDA,1H_Sup,2026-05-01,Gap Up,loss,1,-0.5,202.38,long,1
NVDA,PMH,2026-05-01,Gap Up,loss,2,-0.5,201.29,short,1
NVDA,PML,2026-05-05,Flat,loss,10,-0.5,200.1,long,1
NVDA,1H_Sup,2026-05-05,Flat,loss,10,-0.5,200.1,long,1
NVDA,PMH,2026-05-05,Flat,loss,10,-0.5,199.035,short,1
NVDA,4H_Res,2026-05-05,Flat,timeout,60,0.6172061972540593,198.475,short,1
NVDA,PML,2026-05-06,Gap Up,loss,3,-0.5,200.7362,long,1
NVDA,4H_Sup,2026-05-06,Gap Up,win,14,1.0,200.0019,long,1
NVDA,PMH,2026-05-06,Gap Up,loss,1,-0.5,199.83,short,1
NVDA,PML,2026-05-07,Flat,win,13,1.0,209.23,long,1
NVDA,1H_Sup,2026-05-07,Flat,win,13,1.0,209.23,long,1
NVDA,4H_Sup,2026-05-07,Flat,win,13,1.0,209.23,long,1
NVDA,PMH,2026-05-07,Flat,loss,2,-0.5,208.9,short,1
NVDA,PDH,2026-05-07,Flat,loss,6,-0.5,206.97,short,1
NVDA,PML,2026-05-08,Gap Up,win,12,1.0,214.23,long,1
NVDA,1H_Sup,2026-05-08,Gap Up,win,12,1.0,214.23,long,1
NVDA,4H_Sup,2026-05-08,Gap Up,win,11,1.0,214.8101,long,1
NVDA,PML,2026-05-12,Flat,win,8,1.0,220.3503,long,1
NVDA,1H_Sup,2026-05-12,Flat,win,8,1.0,221.16,long,1
NVDA,4H_Sup,2026-05-12,Flat,loss,6,-0.5,223.155,long,1
NVDA,PMH,2026-05-12,Flat,win,52,1.0,218.22,short,1
NVDA,PDH,2026-05-12,Flat,win,30,1.0,221.1599,short,1
NVDA,1H_Res,2026-05-12,Flat,win,32,1.0,219.48,short,1
NVDA,PML,2026-05-13,Gap Up,loss,14,-0.5,224.913,long,1
NVDA,1H_Sup,2026-05-13,Gap Up,win,59,1.0,223.26,long,1
NVDA,4H_Sup,2026-05-13,Gap Up,win,59,1.0,223.26,long,1
NVDA,PMH,2026-05-13,Gap Up,win,4,1.0,223.82,short,1
NVDA,PDH,2026-05-13,Gap Up,loss,6,-0.5,222.61,short,1
NVDA,PML,2026-05-14,Gap Up,loss,7,-0.5,231.5,long,1
NVDA,PML,2026-05-15,Gap Down,loss,10,-0.5,228.99,long,1
NVDA,PDL,2026-05-15,Gap Down,timeout,60,-0.34561460710792996,230.025,long,1
NVDA,PMH,2026-05-15,Gap Down,win,6,1.0,228.24,short,1
NVDA,PML,2026-05-19,Gap Down,timeout,60,0.7646443038550719,219.71,long,1
NVDA,PDL,2026-05-19,Gap Down,win,52,1.0,218.99,long,1
NVDA,1H_Sup,2026-05-19,Gap Down,loss,1,-0.5,222.99,long,1
NVDA,4H_Sup,2026-05-19,Gap Down,loss,49,-0.5,223.38,long,1
NVDA,PMH,2026-05-19,Gap Down,win,15,1.0,220.25,short,1
NVDA,PML,2026-05-20,Gap Up,timeout,60,0.7048851215703699,224.15,long,1
NVDA,1H_Sup,2026-05-20,Gap Up,timeout,60,0.7048851215703699,224.15,long,1
NVDA,4H_Sup,2026-05-20,Gap Up,timeout,60,0.11341902770982318,224.83,long,1
NVDA,PMH,2026-05-20,Gap Up,loss,5,-0.5,223.3765,short,1
NVDA,PDH,2026-05-20,Gap Up,loss,5,-0.5,223.3765,short,1
NVDA,PML,2026-05-21,Gap Down,win,1,1.0,223.725,long,1
NVDA,PDL,2026-05-21,Gap Down,win,1,1.0,223.725,long,1
NVDA,1H_Sup,2026-05-21,Gap Down,loss,0,-0.5,227.08,long,1
NVDA,4H_Sup,2026-05-21,Gap Down,loss,0,-0.5,226.355,long,1
NVDA,PMH,2026-05-21,Gap Down,loss,10,-0.5,221.925,short,1
NVDA,PDH,2026-05-21,Gap Down,win,10,1.0,224.6601,short,1
NVDA,PDL,2026-05-27,Flat,timeout,60,0.2738720424642807,212.508,long,1
NVDA,1H_Sup,2026-05-28,Gap Down,loss,5,-0.5,214.04,long,1
NVDA,4H_Sup,2026-05-28,Gap Down,loss,5,-0.5,214.04,long,1
NVDA,PMH,2026-05-28,Gap Down,loss,10,-0.5,211.88,short,1
NVDA,PDH,2026-05-28,Gap Down,timeout,60,0.8214177061149963,213.655,short,1
NVDA,PML,2026-05-29,Flat,loss,57,-0.5,215.87,long,1
NVDA,1H_Sup,2026-05-29,Flat,loss,57,-0.5,215.87,long,1
NVDA,4H_Sup,2026-05-29,Flat,loss,35,-0.5,216.145,long,1
NVDA,PMH,2026-05-29,Flat,loss,9,-0.5,213.49,short,1
NVDA,PDH,2026-05-29,Flat,loss,9,-0.5,213.49,short,1
NVDA,PML,2026-06-02,Gap Up,win,4,1.0,227.84,long,1
NVDA,1H_Sup,2026-06-02,Gap Up,timeout,60,-0.14358790271920557,222.86,long,1
NVDA,1H_Sup,2026-06-02,Gap Up,win,3,1.0,226.26,long,1
NVDA,PMH,2026-06-02,Gap Up,loss,14,-0.5,226.87,short,1
NVDA,PDH,2026-06-02,Gap Up,loss,10,-0.5,224.205,short,1
NVDA,4H_Res,2026-06-02,Gap Up,timeout,60,0.5621544539329116,224.1199,short,1
NVDA,PML,2026-06-04,Flat,loss,8,-0.5,214.6,long,1
NVDA,PDL,2026-06-04,Flat,loss,2,-0.5,215.4,long,1
NVDA,1H_Sup,2026-06-04,Flat,timeout,60,0.700085353756723,216.745,long,1
NVDA,4H_Sup,2026-06-04,Flat,timeout,60,0.33293534166055416,217.76,long,1
NVDA,PMH,2026-06-04,Flat,win,20,1.0,213.79,short,1
NVDA,1H_Res,2026-06-04,Flat,loss,13,-0.5,216.139,short,1
NVDA,PDL,2026-06-05,Gap Down,loss,15,-0.5,211.64,long,1
NVDA,PMH,2026-06-05,Gap Down,win,27,1.0,214.185,short,1
NVDA,PML,2026-06-09,Gap Up,loss,4,-0.5,210.4199,long,1
NVDA,PDL,2026-06-09,Gap Up,loss,21,-0.5,206.935,long,1
NVDA,1H_Sup,2026-06-09,Gap Up,loss,4,-0.5,210.4199,long,1
NVDA,4H_Sup,2026-06-09,Gap Up,loss,19,-0.5,210.21,long,1
NVDA,PMH,2026-06-09,Gap Up,loss,1,-0.5,209.02,short,1
NVDA,PDH,2026-06-09,Gap Up,loss,14,-0.5,209.555,short,1
NVDA,PML,2026-06-10,Gap Down,loss,3,-0.5,204.285,long,1
NVDA,4H_Sup,2026-06-10,Gap Down,timeout,24,-0.1793632604254963,200.71,long,1
NVDA,4H_Sup,2026-06-10,Gap Down,loss,26,-0.5,201.24,long,1
NVDA,PMH,2026-06-10,Gap Down,win,15,1.0,204.59,short,1
NVDA,4H_Res,2026-06-10,Gap Down,timeout,60,0.2131984729039649,201.69,short,1
NVDA,PML,2026-06-11,Gap Up,timeout,60,0.42987213294193954,200.99,long,1
NVDA,PDL,2026-06-11,Gap Up,timeout,60,0.348675034867512,200.76,long,1
NVDA,1H_Sup,2026-06-11,Gap Up,loss,29,-0.5,202.91,long,1
NVDA,4H_Sup,2026-06-11,Gap Up,timeout,31,0.014320975585916725,204.595,long,1
NVDA,PMH,2026-06-11,Gap Up,loss,8,-0.5,201.335,short,1
NVDA,PML,2026-06-12,Flat,loss,5,-0.5,205.46,long,1
NVDA,4H_Sup,2026-06-12,Flat,loss,4,-0.5,205.49,long,1
NVDA,PMH,2026-06-12,Flat,loss,2,-0.5,203.75,short,1
NVDA,PDH,2026-06-12,Flat,loss,23,-0.5,204.3,short,1
NVDA,1H_Res,2026-06-12,Flat,loss,2,-0.5,203.75,short,1
NVDA,1H_Res,2026-06-12,Flat,loss,23,-0.5,204.3,short,1
NVDA,4H_Res,2026-06-12,Flat,loss,23,-0.5,204.3,short,1
META,1H_Sup,2025-12-16,Gap Down,timeout,60,-0.13391207979312963,649.68,long,1
META,1H_Sup,2025-12-16,Gap Down,loss,20,-0.5,653.7,long,1
META,4H_Sup,2025-12-16,Gap Down,timeout,60,-0.13391207979312963,649.68,long,1
META,4H_Sup,2025-12-16,Gap Down,loss,9,-0.5,654.0,long,1
META,PDH,2025-12-16,Gap Down,timeout,60,0.015357916237928329,651.13,short,1
META,1H_Res,2025-12-16,Gap Down,timeout,60,0.015357916237928329,651.13,short,1
META,PML,2025-12-17,Flat,loss,6,-0.5,658.4999,long,1
META,PMH,2025-12-17,Flat,loss,45,-0.5,656.01,short,1
META,4H_Sup,2025-12-18,Gap Up,win,45,1.0,663.5,long,1
META,PDH,2025-12-18,Gap Up,loss,16,-0.5,659.1912,short,1
META,PML,2025-12-19,Flat,timeout,60,0.44083962299576573,665.775,long,1
META,1H_Sup,2025-12-19,Flat,timeout,60,0.19021372833886435,667.67,long,1
META,4H_Sup,2025-12-19,Flat,timeout,60,-0.05267329694158756,668.65,long,1
META,PMH,2025-12-19,Flat,timeout,60,0.10212937884388115,668.27,short,1
META,PDH,2025-12-19,Flat,timeout,60,0.4048676146097684,669.3299,short,1
META,PML,2025-12-23,Flat,timeout,60,0.2903328242428018,661.31,long,1
META,1H_Sup,2025-12-23,Flat,loss,25,-0.5,664.1,long,1
META,4H_Sup,2025-12-23,Flat,loss,25,-0.5,664.1,long,1
META,PML,2025-12-24,Flat,timeout,60,0.11288890226831434,664.37,long,1
META,1H_Sup,2025-12-24,Flat,timeout,60,0.054709514958931754,667.16,long,1
META,4H_Sup,2025-12-24,Flat,timeout,60,0.054709514958931754,667.16,long,1
META,PML,2025-12-30,Flat,win,23,1.0,662.7,long,1
META,1H_Sup,2025-12-30,Flat,win,23,1.0,662.7,long,1
META,4H_Sup,2025-12-30,Flat,win,23,1.0,662.7,long,1
META,PML,2026-01-06,Flat,timeout,60,0.2480335565888339,659.185,long,1
META,1H_Sup,2026-01-06,Flat,loss,37,-0.5,663.3338,long,1
META,4H_Sup,2026-01-06,Flat,loss,8,-0.5,664.995,long,1
META,PMH,2026-01-06,Flat,timeout,60,-0.06534259273328825,658.07,short,1
META,PDH,2026-01-06,Flat,timeout,60,0.3184617242211875,662.56,short,1
META,PDL,2026-01-07,Gap Down,timeout,60,-0.04885894764684524,653.3092,long,1
META,PMH,2026-01-07,Gap Down,win,22,1.0,656.4497,short,1
META,PML,2026-01-08,Flat,timeout,20,-0.2001870473569836,646.895,long,1
META,PDL,2026-01-08,Flat,timeout,24,-0.08821208041226557,646.17,long,1
META,PMH,2026-01-08,Flat,timeout,60,-0.35943116111893547,639.9,short,1
META,PML,2026-01-09,Flat,loss,29,-0.5,648.575,long,1
META,1H_Sup,2026-01-09,Flat,loss,29,-0.5,648.575,long,1
META,4H_Sup,2026-01-09,Flat,loss,29,-0.5,648.575,long,1
META,PMH,2026-01-09,Flat,loss,2,-0.5,646.53,short,1
META,PDH,2026-01-09,Flat,loss,14,-0.5,644.775,short,1
META,PDL,2026-01-14,Gap Down,loss,7,-0.5,626.75,long,1
META,PMH,2026-01-14,Gap Down,win,24,1.0,626.86,short,1
META,PML,2026-01-15,Flat,loss,11,-0.5,619.9799,long,1
META,PDL,2026-01-15,Flat,timeout,60,0.1374848362313017,618.25,long,1
META,1H_Sup,2026-01-15,Flat,loss,10,-0.5,621.31,long,1
META,4H_Sup,2026-01-15,Flat,loss,10,-0.5,621.31,long,1
META,PMH,2026-01-15,Flat,loss,41,-0.5,617.24,short,1
META,PML,2026-01-16,Flat,timeout,60,0.02566446914650913,623.43,long,1
META,1H_Sup,2026-01-16,Flat,timeout,60,-0.3243847874720315,625.8,long,1
META,4H_Sup,2026-01-16,Flat,loss,53,-0.5,626.64,long,1
META,PMH,2026-01-16,Flat,loss,1,-0.5,622.07,short,1
META,PDH,2026-01-16,Flat,loss,1,-0.5,622.07,short,1
META,PML,2026-01-21,Flat,win,26,1.0,607.3965,long,1
META,PDL,2026-01-21,Flat,win,44,1.0,602.235,long,1
META,1H_Sup,2026-01-21,Flat,win,26,1.0,607.3965,long,1
META,4H_Sup,2026-01-21,Flat,timeout,60,0.350037299056474,609.935,long,1
META,PMH,2026-01-21,Flat,loss,48,-0.5,606.745,short,1
META,PDH,2026-01-21,Flat,timeout,60,-0.17043731921762117,610.195,short,1
META,PML,2026-01-22,Gap Up,loss,27,-0.5,632.887,long,1
META,1H_Sup,2026-01-23,Flat,loss,4,-0.5,652.24,long,1
META,4H_Sup,2026-01-23,Flat,loss,4,-0.5,652.24,long,1
META,PDH,2026-01-23,Flat,loss,45,-0.5,657.865,short,1
META,1H_Res,2026-01-23,Flat,loss,45,-0.5,657.865,short,1
META,4H_Res,2026-01-23,Flat,loss,45,-0.5,657.865,short,1
META,PML,2026-01-27,Flat,loss,0,-0.5,675.91,long,1
META,1H_Sup,2026-01-27,Flat,timeout,26,-0.3762186692926209,675.5114,long,1
META,PMH,2026-01-27,Flat,win,30,1.0,671.5,short,1
META,PDH,2026-01-27,Flat,win,30,1.0,671.5,short,1
META,PML,2026-01-28,Flat,loss,49,-0.5,675.93,long,1
META,PMH,2026-01-28,Flat,loss,32,-0.5,673.99,short,1
META,PDH,2026-01-28,Flat,timeout,60,0.4496662691034205,674.945,short,1
META,PML,2026-01-29,Gap Up,loss,10,-0.5,733.78,long,1
META,PMH,2026-01-29,Gap Up,win,7,1.0,730.71,short,1
META,PML,2026-01-30,Gap Down,loss,3,-0.5,727.6247,long,1
META,PDL,2026-01-30,Gap Down,timeout,36,0.3045773415293303,714.17,long,1
META,PMH,2026-01-30,Gap Down,loss,37,-0.5,724.305,short,1
META,PML,2026-02-03,Flat,loss,6,-0.5,711.68,long,1
META,PMH,2026-02-03,Flat,win,26,1.0,703.81,short,1
META,PML,2026-02-04,Gap Down,loss,7,-0.5,683.2879,long,1
META,PMH,2026-02-04,Gap Down,loss,0,-0.5,680.2,short,1
META,PML,2026-02-05,Gap Down,win,1,1.0,661.815,long,1
META,PDL,2026-02-05,Gap Down,loss,9,-0.5,669.5,long,1
META,1H_Sup,2026-02-05,Gap Down,loss,5,-0.5,670.71,long,1
META,1H_Sup,2026-02-05,Gap Down,timeout,60,0.05171738664657413,676.755,long,1
META,4H_Sup,2026-02-05,Gap Down,timeout,60,0.2965033310411623,676.215,long,1
META,PMH,2026-02-05,Gap Down,loss,0,-0.5,655.02,short,1
META,PDL,2026-02-06,Gap Down,timeout,60,0.3579976325938314,654.725,long,1
META,PMH,2026-02-06,Gap Down,win,6,1.0,665.49,short,1
META,PMH,2026-02-10,Flat,loss,0,-0.5,676.79,short,1
META,PML,2026-02-11,Flat,loss,3,-0.5,679.16,long,1
META,PDL,2026-02-11,Flat,loss,2,-0.5,675.18,long,1
META,1H_Sup,2026-02-11,Flat,loss,2,-0.5,678.23,long,1
META,PMH,2026-02-11,Flat,win,6,1.0,674.815,short,1
META,PML,2026-02-12,Flat,loss,1,-0.5,672.92,long,1
META,4H_Sup,2026-02-12,Flat,loss,22,-0.5,662.825,long,1
META,PMH,2026-02-12,Flat,win,24,1.0,669.79,short,1
META,4H_Res,2026-02-12,Flat,win,24,1.0,669.79,short,1
META,PML,2026-02-13,Gap Down,loss,9,-0.5,645.5,long,1
META,PDL,2026-02-13,Gap Down,loss,18,-0.5,647.75,long,1
META,PMH,2026-02-13,Gap Down,loss,19,-0.5,644.79,short,1
META,PML,2026-02-18,Gap Down,loss,1,-0.5,632.3,long,1
META,PDL,2026-02-18,Gap Down,loss,1,-0.5,632.3,long,1
META,1H_Sup,2026-02-18,Gap Down,loss,39,-0.5,642.6004,long,1
META,4H_Sup,2026-02-18,Gap Down,win,30,1.0,633.08,long,1
META,4H_Sup,2026-02-18,Gap Down,timeout,6,-0.27475512643392397,644.21,long,1
META,PMH,2026-02-18,Gap Down,loss,18,-0.5,634.645,short,1
META,PDH,2026-02-18,Gap Down,timeout,60,0.316712431352984,640.96,short,1
META,PML,2026-02-19,Gap Down,timeout,60,0.6078124999999979,640.0,long,1
META,1H_Sup,2026-02-19,Gap Down,loss,22,-0.5,646.555,long,1
META,4H_Sup,2026-02-19,Gap Down,loss,22,-0.5,646.555,long,1
META,PDH,2026-02-19,Gap Down,timeout,60,-0.03033485007582722,642.825,short,1
META,PML,2026-02-20,Gap Down,win,10,1.0,642.79,long,1
META,1H_Sup,2026-02-20,Gap Down,win,23,1.0,646.89,long,1
META,4H_Sup,2026-02-20,Gap Down,win,27,1.0,648.925,long,1
META,PML,2026-02-24,Gap Down,loss,17,-0.5,634.5,long,1
META,PDL,2026-02-24,Gap Down,loss,7,-0.5,637.32,long,1
META,1H_Sup,2026-02-24,Gap Down,timeout,60,-0.010944853573502512,639.57,long,1
META,PMH,2026-02-24,Gap Down,timeout,60,-0.21733652513544086,634.96,short,1
META,PML,2026-02-26,Flat,win,8,1.0,651.64,long,1
META,1H_Sup,2026-02-26,Flat,loss,36,-0.5,656.14,long,1
META,4H_Sup,2026-02-26,Flat,loss,36,-0.5,656.14,long,1
META,PMH,2026-02-26,Flat,loss,26,-0.5,649.37,short,1
META,PDH,2026-02-26,Flat,loss,52,-0.5,651.82,short,1
META,PML,2026-02-27,Gap Down,loss,3,-0.5,648.43,long,1
META,PMH,2026-02-27,Gap Down,win,8,1.0,646.52,short,1
META,PML,2026-03-03,Gap Down,win,41,1.0,641.66,long,1
META,1H_Sup,2026-03-03,Gap Down,loss,56,-0.5,657.08,long,1
META,PMH,2026-03-03,Gap Down,win,38,1.0,646.83,short,1
META,PDH,2026-03-03,Gap Down,timeout,60,-0.15658492832060178,657.79,short,1
META,1H_Sup,2026-03-04,Flat,win,12,1.0,660.18,long,1
META,4H_Sup,2026-03-04,Flat,loss,13,-0.5,661.5001,long,1
META,PML,2026-03-05,Gap Down,loss,27,-0.5,661.76,long,1
META,PDL,2026-03-05,Gap Down,loss,56,-0.5,659.04,long,1
META,PMH,2026-03-05,Gap Down,timeout,60,0.30511118009130417,660.415,short,1
META,PML,2026-03-06,Gap Down,loss,25,-0.5,649.28,long,1
META,PML,2026-03-10,Gap Up,win,15,1.0,651.695,long,1
META,PMH,2026-03-10,Gap Up,loss,38,-0.5,653.465,short,1
META,PML,2026-03-11,Flat,loss,55,-0.5,654.23,long,1
META,PDL,2026-03-11,Flat,timeout,60,-0.15902648136625747,650.835,long,1
META,1H_Sup,2026-03-11,Flat,loss,5,-0.5,658.403,long,1
META,PMH,2026-03-11,Flat,timeout,60,0.41496071111779986,652.6401,short,1
META,PMH,2026-03-12,Gap Down,timeout,60,0.7174382716049383,648.0,short,1
META,PML,2026-03-13,Gap Down,timeout,60,-0.18581256957959397,624.285,long,1
META,PDL,2026-03-17,Flat,timeout,60,0.036775875025985866,625.41,long,1
META,1H_Sup,2026-03-17,Flat,loss,45,-0.5,632.25,long,1
META,4H_Sup,2026-03-17,Flat,loss,45,-0.5,632.25,long,1
META,PMH,2026-03-17,Flat,timeout,60,0.20332658235924073,627.07,short,1
META,PDH,2026-03-17,Flat,timeout,60,0.5538230766194371,633.325,short,1
META,PML,2026-03-18,Gap Down,timeout,60,-0.18033025505003888,618.31,long,1
META,PMH,2026-03-18,Gap Down,timeout,60,-0.3183786928696146,618.76,short,1
META,PML,2026-03-19,Gap Down,loss,39,-0.5,610.805,long,1
META,PMH,2026-03-19,Gap Down,timeout,60,0.7370364922946171,611.91,short,1
META,PMH,2026-03-24,Gap Down,win,33,1.0,599.86,short,1
META,PML,2026-03-25,Gap Up,loss,13,-0.5,601.53,long,1
META,1H_Sup,2026-03-25,Gap Up,loss,18,-0.5,600.22,long,1
META,4H_Sup,2026-03-25,Gap Up,loss,18,-0.5,600.095,long,1
META,PMH,2026-03-25,Gap Up,win,22,1.0,601.56,short,1
META,PDH,2026-03-25,Gap Up,timeout,60,-0.08179102484938235,599.21,short,1
META,PML,2026-03-27,Gap Down,loss,5,-0.5,539.26,long,1
META,PMH,2026-03-27,Gap Down,loss,10,-0.5,536.41,short,1
META,PML,2026-04-01,Gap Up,loss,12,-0.5,580.37,long,1
META,PMH,2026-04-01,Gap Up,loss,0,-0.5,577.59,short,1
META,PML,2026-04-02,Gap Down,win,8,1.0,563.215,long,1
META,PDL,2026-04-02,Gap Down,loss,0,-0.5,577.4482,long,1
META,PMH,2026-04-02,Gap Down,loss,18,-0.5,562.545,short,1
META,PML,2026-04-07,Flat,loss,21,-0.5,571.2,long,1
META,PDL,2026-04-07,Flat,timeout,2,0.16380872717132666,573.84,long,1
META,PMH,2026-04-07,Flat,timeout,60,0.1359983153757023,569.86,short,1
META,PML,2026-04-08,Gap Up,win,6,1.0,608.83,long,1
META,PMH,2026-04-08,Gap Up,win,32,1.0,603.38,short,1
META,4H_Sup,2026-04-09,Gap Up,loss,7,-0.5,629.93,long,1
META,PMH,2026-04-09,Gap Up,loss,11,-0.5,625.66,short,1
META,PDH,2026-04-09,Gap Up,loss,11,-0.5,625.66,short,1
META,4H_Res,2026-04-09,Gap Up,loss,11,-0.5,625.66,short,1
META,PML,2026-04-10,Gap Up,loss,10,-0.5,636.0,long,1
META,1H_Sup,2026-04-10,Gap Up,timeout,60,-0.2118981614249637,627.66,long,1
META,1H_Sup,2026-04-10,Gap Up,loss,14,-0.5,632.61,long,1
META,PMH,2026-04-10,Gap Up,timeout,60,0.3857174344280255,635.18,short,1
META,PDH,2026-04-10,Gap Up,timeout,60,0.18430421221764795,634.82,short,1
META,4H_Res,2026-04-10,Gap Up,timeout,60,0.18430421221764795,634.82,short,1
META,PML,2026-04-14,Gap Up,win,13,1.0,644.9,long,1
META,PMH,2026-04-14,Gap Up,loss,3,-0.5,641.07,short,1
META,PML,2026-04-15,Gap Up,win,37,1.0,667.6,long,1
META,4H_Sup,2026-04-15,Gap Up,loss,7,-0.5,669.1,long,1
META,PMH,2026-04-15,Gap Up,loss,20,-0.5,667.36,short,1
META,PML,2026-04-16,Gap Up,timeout,60,-0.3185937523099855,676.41,long,1
META,1H_Sup,2026-04-16,Gap Up,timeout,60,-0.24406804733727847,676.0,long,1
META,PMH,2026-04-16,Gap Up,loss,3,-0.5,670.89,short,1
META,PML,2026-04-17,Flat,win,11,1.0,680.268,long,1
META,1H_Sup,2026-04-17,Flat,win,11,1.0,680.268,long,1
META,4H_Sup,2026-04-17,Flat,win,11,1.0,680.268,long,1
META,PMH,2026-04-17,Flat,loss,7,-0.5,676.53,short,1
META,PDL,2026-04-21,Flat,timeout,60,0.6038197188138229,670.73,long,1
META,1H_Sup,2026-04-21,Flat,timeout,60,0.02968107682945725,673.83,long,1
META,4H_Sup,2026-04-21,Flat,loss,35,-0.5,675.76,long,1
META,PMH,2026-04-21,Flat,timeout,60,0.14254955824486396,673.45,short,1
META,PML,2026-04-22,Gap Up,timeout,60,0.06591469601474362,675.115,long,1
META,1H_Sup,2026-04-22,Gap Up,timeout,60,0.43138502723992905,672.2301,long,1
META,1H_Sup,2026-04-22,Gap Up,timeout,60,-0.014796839395108568,675.82,long,1
META,4H_Sup,2026-04-22,Gap Up,timeout,60,-0.014796839395108568,675.82,long,1
META,PMH,2026-04-22,Gap Up,timeout,60,-0.3686087990487542,672.8,short,1
META,PDH,2026-04-22,Gap Up,timeout,60,-0.3686087990487542,672.8,short,1
META,PML,2026-04-23,Gap Down,loss,17,-0.5,664.2897,long,1
META,PMH,2026-04-23,Gap Down,loss,2,-0.5,661.22,short,1
META,PML,2026-04-24,Flat,timeout,60,0.6050820859488156,662.72,long,1
META,PDL,2026-04-24,Flat,win,10,1.0,656.26,long,1
META,1H_Sup,2026-04-24,Flat,timeout,60,0.6050820859488156,662.72,long,1
META,4H_Sup,2026-04-24,Flat,win,12,1.0,657.97,long,1
META,4H_Sup,2026-04-24,Flat,loss,20,-0.5,668.12,long,1
META,PDH,2026-04-24,Flat,timeout,60,-0.09133514007217178,667.87,short,1
META,4H_Res,2026-04-24,Flat,timeout,60,-0.3481542050816618,666.515,short,1
META,PML,2026-04-28,Gap Down,loss,57,-0.5,674.34,long,1
META,PDL,2026-04-28,Gap Down,timeout,60,-0.04089249734198429,672.495,long,1
META,PMH,2026-04-28,Gap Down,loss,6,-0.5,670.73,short,1
META,PML,2026-04-29,Flat,timeout,60,0.35169725661206047,669.61,long,1
META,PDL,2026-04-29,Flat,timeout,60,0.5745877875748255,667.435,long,1
META,1H_Sup,2026-04-29,Flat,loss,33,-0.5,673.175,long,1
META,4H_Sup,2026-04-29,Flat,timeout,60,0.3568548989159952,669.74,long,1
META,PMH,2026-04-29,Flat,loss,39,-0.5,667.975,short,1
META,4H_Res,2026-04-29,Flat,timeout,60,0.10060212233219092,670.96,short,1
META,PML,2026-04-30,Gap Down,timeout,60,0.4174467364900509,613.2998,long,1
META,PML,2026-05-01,Flat,loss,0,-0.5,615.32,long,1
META,1H_Sup,2026-05-01,Flat,loss,0,-0.5,615.32,long,1
META,PMH,2026-05-01,Flat,loss,1,-0.5,611.36,short,1
META,PDL,2026-05-05,Gap Up,timeout,60,-0.09931966032676544,604.11,long,1
META,PMH,2026-05-05,Gap Up,win,41,1.0,611.2749,short,1
META,PDH,2026-05-05,Gap Up,win,42,1.0,610.93,short,1
META,4H_Res,2026-05-05,Gap Up,win,42,1.0,610.93,short,1
META,PML,2026-05-06,Gap Down,loss,7,-0.5,603.24,long,1
META,PDL,2026-05-06,Gap Down,loss,7,-0.5,603.24,long,1
META,4H_Sup,2026-05-06,Gap Down,win,6,1.0,608.76,long,1
META,PMH,2026-05-06,Gap Down,loss,21,-0.5,601.24,short,1
META,PDH,2026-05-06,Gap Down,loss,1,-0.5,612.05,short,1
META,PML,2026-05-07,Flat,win,28,1.0,617.62,long,1
META,1H_Sup,2026-05-07,Flat,win,28,1.0,617.62,long,1
META,4H_Sup,2026-05-07,Flat,win,28,1.0,618.093,long,1
META,PMH,2026-05-07,Flat,timeout,60,0.4281938020167737,616.5199,short,1
META,PDH,2026-05-07,Flat,timeout,60,0.5446420634984775,618.755,short,1
META,PML,2026-05-08,Flat,loss,15,-0.5,616.29,long,1
META,PDL,2026-05-08,Flat,timeout,60,-0.36767696487546014,614.67,long,1
META,PML,2026-05-12,Gap Down,timeout,60,0.6964190493325652,598.0451,long,1
META,PDL,2026-05-12,Gap Down,timeout,60,0.030820491461881788,600.25,long,1
META,1H_Sup,2026-05-12,Gap Down,timeout,60,-0.09805713905832435,601.69,long,1
META,PML,2026-05-13,Gap Down,loss,16,-0.5,599.9,long,1
META,1H_Sup,2026-05-13,Gap Down,timeout,60,-0.1699982123695113,605.8299,long,1
META,4H_Sup,2026-05-13,Gap Down,timeout,60,-0.1699982123695113,605.8299,long,1
META,PMH,2026-05-13,Gap Down,loss,5,-0.5,598.65,short,1
META,PML,2026-05-14,Flat,timeout,60,0.4026449117013982,617.79,long,1
META,1H_Sup,2026-05-14,Flat,loss,34,-0.5,621.64,long,1
META,4H_Sup,2026-05-14,Flat,loss,31,-0.5,622.55,long,1
META,PDH,2026-05-14,Flat,loss,7,-0.5,616.62,short,1
META,PDL,2026-05-15,Gap Down,timeout,60,0.5079186434473343,616.2798,long,1
META,1H_Sup,2026-05-15,Gap Down,timeout,60,-0.32429292847808056,619.81,long,1
META,PMH,2026-05-15,Gap Down,timeout,60,-0.019773401069062693,612.4389,short,1
META,PML,2026-05-19,Flat,loss,7,-0.5,609.02,long,1
META,PDL,2026-05-19,Flat,loss,45,-0.5,604.91,long,1
META,PMH,2026-05-19,Flat,loss,1,-0.5,606.87,short,1
META,PML,2026-05-20,Flat,loss,12,-0.5,602.3,long,1
META,PDL,2026-05-20,Flat,loss,12,-0.5,602.3,long,1
META,1H_Sup,2026-05-20,Flat,timeout,60,0.3357869489703228,604.55,long,1
META,4H_Sup,2026-05-20,Flat,timeout,60,-0.4054504098211535,607.4479,long,1
META,PMH,2026-05-20,Flat,timeout,60,-0.3800510615649402,601.235,short,1
META,PML,2026-05-21,Gap Down,loss,22,-0.5,600.655,long,1
META,PDL,2026-05-21,Gap Down,loss,22,-0.5,600.655,long,1
META,1H_Sup,2026-05-21,Gap Down,timeout,60,0.15554147361145082,607.555,long,1
META,4H_Sup,2026-05-21,Gap Down,timeout,60,-0.09688172219577199,608.99,long,1
META,PMH,2026-05-21,Gap Down,loss,39,-0.5,601.1,short,1
META,PDH,2026-05-21,Gap Down,loss,17,-0.5,605.775,short,1
META,PML,2026-05-22,Flat,loss,20,-0.5,613.13,long,1
META,1H_Sup,2026-05-22,Flat,loss,20,-0.5,613.13,long,1
META,PMH,2026-05-22,Flat,loss,54,-0.5,607.54,short,1
META,PDH,2026-05-22,Flat,loss,54,-0.5,607.54,short,1
META,4H_Res,2026-05-22,Flat,loss,54,-0.5,607.54,short,1
META,1H_Sup,2026-05-27,Flat,timeout,60,-0.12774509564608394,614.505,long,1
META,4H_Sup,2026-05-27,Flat,timeout,60,-0.12774509564608394,614.505,long,1
META,PDH,2026-05-27,Flat,loss,46,-0.5,610.93,short,1
META,PML,2026-05-28,Gap Up,loss,12,-0.5,639.28,long,1
META,1H_Sup,2026-05-28,Gap Up,loss,10,-0.5,639.51,long,1
META,PMH,2026-05-28,Gap Up,loss,15,-0.5,633.69,short,1
META,PDH,2026-05-28,Gap Up,loss,15,-0.5,633.69,short,1
META,1H_Res,2026-05-28,Gap Up,loss,15,-0.5,633.69,short,1
META,4H_Res,2026-05-28,Gap Up,loss,14,-0.5,633.25,short,1
META,4H_Res,2026-05-28,Gap Up,loss,15,-0.5,633.69,short,1
META,PML,2026-05-29,Flat,timeout,7,-0.15154863764089863,633.46,long,1
META,PDL,2026-05-29,Flat,timeout,8,-0.1389371309482452,633.38,long,1
META,PMH,2026-05-29,Flat,timeout,60,0.7628488703586216,628.7615,short,1
META,PML,2026-06-02,Flat,timeout,60,0.47954070288387923,602.66,long,1
META,PDL,2026-06-02,Flat,timeout,60,0.47954070288387923,602.66,long,1
META,1H_Sup,2026-06-02,Flat,loss,4,-0.5,601.72,long,1
META,4H_Sup,2026-06-02,Flat,loss,4,-0.5,601.72,long,1
META,PMH,2026-06-02,Flat,loss,19,-0.5,601.72,short,1
META,PML,2026-06-03,Gap Up,win,2,1.0,606.48,long,1
META,1H_Sup,2026-06-03,Gap Up,win,2,1.0,606.48,long,1
META,4H_Sup,2026-06-03,Gap Up,loss,3,-0.5,612.42,long,1
META,1H_Sup,2026-06-04,Flat,win,4,1.0,630.22,long,1
META,4H_Sup,2026-06-04,Flat,win,4,1.0,630.22,long,1
META,PML,2026-06-05,Gap Down,loss,1,-0.5,628.9899,long,1
META,PDL,2026-06-05,Gap Down,loss,1,-0.5,628.9899,long,1
META,PMH,2026-06-05,Gap Down,win,12,1.0,621.5,short,1
META,PML,2026-06-09,Gap Up,loss,12,-0.5,586.64,long,1
META,1H_Sup,2026-06-09,Gap Up,timeout,60,0.8074869923643443,591.96,long,1
META,4H_Sup,2026-06-09,Gap Up,timeout,60,0.8074869923643443,591.96,long,1
META,PMH,2026-06-09,Gap Up,loss,2,-0.5,589.32,short,1
META,PDH,2026-06-09,Gap Up,loss,2,-0.5,589.32,short,1
META,PML,2026-06-10,Gap Down,win,11,1.0,584.14,long,1
META,PDL,2026-06-10,Gap Down,win,11,1.0,584.14,long,1
META,4H_Sup,2026-06-10,Gap Down,win,11,1.0,585.24,long,1
META,PMH,2026-06-10,Gap Down,win,24,1.0,581.66,short,1
META,PML,2026-06-11,Gap Down,loss,3,-0.5,568.56,long,1
META,PDL,2026-06-11,Gap Down,loss,13,-0.5,571.94,long,1
META,PMH,2026-06-11,Gap Down,timeout,13,0.24070137217351664,569.17,short,1
META,PML,2026-06-12,Gap Up,loss,14,-0.5,572.785,long,1
META,1H_Sup,2026-06-12,Gap Up,loss,10,-0.5,573.835,long,1
META,4H_Sup,2026-06-12,Gap Up,loss,10,-0.5,573.835,long,1
META,PMH,2026-06-12,Gap Up,win,11,1.0,570.35,short,1
META,PDH,2026-06-12,Gap Up,win,4,1.0,569.15,short,1
AMZN,PML,2025-12-16,Flat,loss,7,-0.5,223.24,long,1
AMZN,PDL,2025-12-16,Flat,timeout,60,0.047295166884382775,222.01,long,1
AMZN,1H_Sup,2025-12-16,Flat,timeout,60,0.047295166884382775,222.01,long,1
AMZN,4H_Sup,2025-12-16,Flat,timeout,60,0.047295166884382775,222.01,long,1
AMZN,PMH,2025-12-16,Flat,loss,4,-0.5,222.42,short,1
AMZN,PML,2025-12-17,Gap Up,loss,6,-0.5,224.79,long,1
AMZN,1H_Sup,2025-12-17,Gap Up,loss,1,-0.5,224.11,long,1
AMZN,4H_Sup,2025-12-17,Gap Up,loss,1,-0.5,224.11,long,1
AMZN,PDH,2025-12-17,Gap Up,timeout,60,-0.09182942125066479,223.24,short,1
AMZN,PML,2025-12-18,Gap Up,win,39,1.0,224.91,long,1
AMZN,4H_Sup,2025-12-18,Gap Up,win,39,1.0,224.91,long,1
AMZN,PMH,2025-12-18,Gap Up,loss,15,-0.5,225.39,short,1
AMZN,PML,2025-12-19,Flat,timeout,60,-0.2923076923076888,227.5,long,1
AMZN,1H_Sup,2025-12-19,Flat,timeout,60,-0.0043890449438162326,227.84,long,1
AMZN,4H_Sup,2025-12-19,Flat,timeout,60,-0.0635721493440999,227.93,long,1
AMZN,PMH,2025-12-19,Flat,timeout,60,0.082522776286255,227.21,short,1
AMZN,PDH,2025-12-19,Flat,timeout,60,-0.028417163967035093,228.735,short,1
AMZN,1H_Sup,2025-12-23,Flat,timeout,60,-0.23833253889154193,230.77,long,1
AMZN,4H_Sup,2025-12-23,Flat,timeout,60,-0.23833253889154193,230.77,long,1
AMZN,PML,2025-12-24,Flat,timeout,60,0.11565039260491311,232.5111,long,1
AMZN,1H_Sup,2025-12-24,Flat,timeout,60,-0.012884384126439245,232.84,long,1
AMZN,4H_Sup,2025-12-24,Flat,timeout,60,-0.062254470514986934,232.915,long,1
AMZN,PMH,2025-12-24,Flat,timeout,60,0.03446047813913957,232.15,short,1
AMZN,PDH,2025-12-24,Flat,timeout,60,-0.2250452937624061,231.82,short,1
AMZN,PML,2025-12-30,Flat,timeout,60,-0.3522812040514526,231.917,long,1
AMZN,PDL,2025-12-30,Flat,timeout,60,-0.3522812040514526,231.917,long,1
AMZN,PMH,2025-12-30,Flat,timeout,60,0.021625362224822184,231.21,short,1
AMZN,PDH,2025-12-30,Flat,timeout,60,0.3596812405772164,232.15,short,1
AMZN,PDL,2025-12-31,Flat,timeout,52,-0.0627529050267285,231.065,long,1
AMZN,PMH,2025-12-31,Flat,timeout,60,0.22387738407887814,232.27,short,1
AMZN,PDH,2025-12-31,Flat,timeout,60,0.004831543074070281,231.81,short,1
AMZN,PML,2026-01-06,Flat,win,23,1.0,234.095,long,1
AMZN,1H_Sup,2026-01-06,Flat,win,19,1.0,233.83,long,1
AMZN,4H_Sup,2026-01-06,Flat,win,19,1.0,234.375,long,1
AMZN,PML,2026-01-07,Gap Down,win,8,1.0,240.9452,long,1
AMZN,1H_Sup,2026-01-07,Gap Down,timeout,60,0.2606637022397946,242.88,long,1
AMZN,PDH,2026-01-07,Gap Down,loss,27,-0.5,242.61,short,1
AMZN,4H_Res,2026-01-07,Gap Down,loss,2,-0.5,242.455,short,1
AMZN,PML,2026-01-08,Gap Up,loss,1,-0.5,243.8099,long,1
AMZN,1H_Sup,2026-01-08,Gap Up,loss,1,-0.5,243.8099,long,1
AMZN,4H_Sup,2026-01-08,Gap Up,timeout,60,-0.01831539103359348,245.695,long,1
AMZN,PMH,2026-01-08,Gap Up,loss,5,-0.5,242.43,short,1
AMZN,PDH,2026-01-08,Gap Up,timeout,60,0.1298085426111472,244.8221,short,1
AMZN,PML,2026-01-09,Gap Down,loss,5,-0.5,245.09,long,1
AMZN,PDL,2026-01-09,Gap Down,win,13,1.0,242.67,long,1
AMZN,1H_Sup,2026-01-09,Gap Down,timeout,60,0.06889005956963468,246.77,long,1
AMZN,4H_Sup,2026-01-09,Gap Down,loss,5,-0.5,245.09,long,1
AMZN,PMH,2026-01-09,Gap Down,loss,34,-0.5,245.4301,short,1
AMZN,PDH,2026-01-09,Gap Down,timeout,60,0.004066115030390512,245.935,short,1
AMZN,4H_Res,2026-01-09,Gap Down,timeout,60,-0.06254671686671781,245.8962,short,1
AMZN,PML,2026-01-13,Flat,loss,9,-0.5,247.04,long,1
AMZN,PDL,2026-01-13,Flat,loss,9,-0.5,247.04,long,1
AMZN,PMH,2026-01-13,Flat,loss,8,-0.5,244.825,short,1
AMZN,PML,2026-01-15,Gap Up,loss,53,-0.5,239.8199,long,1
AMZN,1H_Sup,2026-01-15,Gap Up,timeout,60,0.4403808245606606,238.43,long,1
AMZN,4H_Sup,2026-01-15,Gap Up,timeout,60,0.4403808245606606,238.43,long,1
AMZN,PMH,2026-01-15,Gap Up,timeout,60,0.3085904920767344,239.8,short,1
AMZN,PML,2026-01-16,Flat,loss,49,-0.5,238.9737,long,1
AMZN,PDL,2026-01-16,Flat,timeout,60,0.09060056072008267,237.195,long,1
AMZN,1H_Sup,2026-01-16,Flat,loss,8,-0.5,238.79,long,1
AMZN,PMH,2026-01-16,Flat,timeout,60,0.6742043551088834,238.8,short,1
AMZN,PML,2026-01-21,Flat,loss,2,-0.5,230.365,long,1
AMZN,PDL,2026-01-21,Flat,loss,1,-0.5,230.15,long,1
AMZN,1H_Sup,2026-01-21,Flat,loss,11,-0.5,231.898,long,1
AMZN,PMH,2026-01-21,Flat,timeout,60,-0.02193255136015541,231.6192,short,1
AMZN,PML,2026-01-22,Gap Up,timeout,60,0.24962662684019968,234.35,long,1
AMZN,1H_Sup,2026-01-22,Gap Up,win,47,1.0,232.3209,long,1
AMZN,PMH,2026-01-22,Gap Up,timeout,60,0.0,232.98,short,1
AMZN,PDH,2026-01-22,Gap Up,loss,33,-0.5,231.71,short,1
AMZN,4H_Res,2026-01-22,Gap Up,loss,33,-0.5,231.81,short,1
AMZN,1H_Sup,2026-01-23,Flat,loss,4,-0.5,236.45,long,1
AMZN,4H_Sup,2026-01-23,Flat,loss,2,-0.5,236.3,long,1
AMZN,PDH,2026-01-23,Flat,loss,7,-0.5,235.01,short,1
AMZN,PML,2026-01-27,Gap Up,win,19,1.0,240.13,long,1
AMZN,1H_Sup,2026-01-27,Gap Up,win,40,1.0,239.4,long,1
AMZN,1H_Sup,2026-01-27,Gap Up,win,18,1.0,240.4258,long,1
AMZN,4H_Sup,2026-01-27,Gap Up,timeout,60,0.4652128764278316,240.75,long,1
AMZN,PMH,2026-01-27,Gap Up,loss,40,-0.5,239.314,short,1
AMZN,PDH,2026-01-27,Gap Up,loss,10,-0.5,240.4258,short,1
AMZN,PML,2026-01-28,Gap Up,loss,39,-0.5,246.2884,long,1
AMZN,1H_Sup,2026-01-28,Gap Up,loss,49,-0.5,245.775,long,1
AMZN,4H_Sup,2026-01-28,Gap Up,loss,49,-0.5,245.775,long,1
AMZN,PDH,2026-01-28,Gap Up,timeout,60,0.8449263502454982,244.4,short,1
AMZN,PML,2026-01-29,Gap Up,loss,5,-0.5,241.94,long,1
AMZN,PDL,2026-01-29,Gap Up,loss,4,-0.5,239.81,long,1
AMZN,1H_Sup,2026-01-29,Gap Up,loss,4,-0.5,239.81,long,1
AMZN,4H_Sup,2026-01-29,Gap Up,loss,4,-0.5,239.81,long,1
AMZN,PMH,2026-01-29,Gap Up,win,12,1.0,242.685,short,1
AMZN,PML,2026-01-30,Gap Down,win,17,1.0,239.88,long,1
AMZN,1H_Sup,2026-01-30,Gap Down,timeout,60,0.4603707851188193,241.11,long,1
AMZN,4H_Sup,2026-01-30,Gap Down,loss,60,-0.5,242.7499,long,1
AMZN,PMH,2026-01-30,Gap Down,loss,53,-0.5,239.38,short,1
AMZN,PDH,2026-01-30,Gap Down,timeout,60,0.33418598894298307,242.38,short,1
AMZN,1H_Res,2026-01-30,Gap Down,loss,26,-0.5,241.46,short,1
AMZN,PML,2026-02-03,Gap Up,loss,2,-0.5,244.55,long,1
AMZN,PDL,2026-02-03,Gap Up,loss,8,-0.5,239.24,long,1
AMZN,1H_Sup,2026-02-03,Gap Up,loss,2,-0.5,244.55,long,1
AMZN,PMH,2026-02-03,Gap Up,win,22,1.0,244.53,short,1
AMZN,PDH,2026-02-03,Gap Up,win,22,1.0,244.53,short,1
AMZN,1H_Res,2026-02-03,Gap Up,loss,3,-0.5,243.31,short,1
AMZN,PDL,2026-02-04,Flat,timeout,60,0.28646251319957927,236.75,long,1
AMZN,PML,2026-02-05,Gap Down,loss,22,-0.5,224.8215,long,1
AMZN,PML,2026-02-06,Gap Down,loss,0,-0.5,204.08,long,1
AMZN,PMH,2026-02-06,Gap Down,loss,49,-0.5,205.11,short,1
AMZN,PML,2026-02-10,Flat,win,9,1.0,209.2,long,1
AMZN,1H_Sup,2026-02-10,Flat,win,30,1.0,210.4,long,1
AMZN,4H_Sup,2026-02-10,Flat,loss,8,-0.5,212.55,long,1
AMZN,PMH,2026-02-10,Flat,timeout,60,0.12373881591471107,210.12,short,1
AMZN,PDH,2026-02-10,Flat,win,56,1.0,211.95,short,1
AMZN,PDL,2026-02-12,Flat,loss,4,-0.5,203.535,long,1
AMZN,PML,2026-02-13,Flat,loss,8,-0.5,199.08,long,1
AMZN,PDL,2026-02-13,Flat,loss,5,-0.5,198.33,long,1
AMZN,1H_Sup,2026-02-13,Flat,timeout,60,0.26195644038620153,200.415,long,1
AMZN,4H_Sup,2026-02-13,Flat,timeout,60,-0.3262277119234989,200.78,long,1
AMZN,PMH,2026-02-13,Flat,timeout,60,-0.3173963423850045,198.49,short,1
AMZN,PML,2026-02-18,Flat,win,23,1.0,203.185,long,1
AMZN,1H_Sup,2026-02-18,Flat,win,13,1.0,202.86,long,1
AMZN,4H_Sup,2026-02-18,Flat,win,13,1.0,202.86,long,1
AMZN,PML,2026-02-19,Flat,loss,7,-0.5,204.205,long,1
AMZN,PMH,2026-02-19,Flat,loss,12,-0.5,203.39,short,1
AMZN,PML,2026-02-20,Flat,win,30,1.0,206.19,long,1
AMZN,1H_Sup,2026-02-20,Flat,win,30,1.0,206.19,long,1
AMZN,4H_Sup,2026-02-20,Flat,win,30,1.0,206.19,long,1
AMZN,PML,2026-02-24,Flat,win,46,1.0,205.725,long,1
AMZN,PDL,2026-02-24,Flat,win,4,1.0,204.18,long,1
AMZN,1H_Sup,2026-02-24,Flat,loss,17,-0.5,205.89,long,1
AMZN,4H_Sup,2026-02-24,Flat,loss,17,-0.5,205.89,long,1
AMZN,PMH,2026-02-24,Flat,loss,8,-0.5,204.14,short,1
AMZN,PML,2026-02-25,Gap Up,timeout,60,0.09287041005857655,209.97,long,1
AMZN,1H_Sup,2026-02-25,Gap Up,timeout,60,-0.12159649039149084,209.71,long,1
AMZN,4H_Sup,2026-02-25,Gap Up,loss,3,-0.5,210.88,long,1
AMZN,PMH,2026-02-25,Gap Up,loss,21,-0.5,209.88,short,1
AMZN,PDH,2026-02-25,Gap Up,loss,20,-0.5,209.93,short,1
AMZN,PDL,2026-02-26,Flat,loss,25,-0.5,209.37,long,1
AMZN,PMH,2026-02-26,Flat,win,40,1.0,210.04,short,1
AMZN,PML,2026-02-27,Gap Down,timeout,60,0.4872165943077621,207.3,long,1
AMZN,PDL,2026-02-27,Gap Down,loss,3,-0.5,206.34,long,1
AMZN,1H_Sup,2026-02-27,Gap Down,loss,24,-0.5,208.88,long,1
AMZN,4H_Sup,2026-02-27,Gap Down,loss,24,-0.5,208.88,long,1
AMZN,PMH,2026-02-27,Gap Down,loss,39,-0.5,206.5,short,1
AMZN,PML,2026-03-03,Gap Down,loss,4,-0.5,204.2304,long,1
AMZN,PDL,2026-03-03,Gap Down,loss,3,-0.5,204.3,long,1
AMZN,PMH,2026-03-03,Gap Down,loss,1,-0.5,203.44,short,1
AMZN,1H_Sup,2026-03-05,Flat,loss,33,-0.5,218.84,long,1
AMZN,4H_Sup,2026-03-05,Flat,loss,33,-0.5,218.84,long,1
AMZN,PMH,2026-03-05,Flat,loss,9,-0.5,216.01,short,1
AMZN,PDH,2026-03-05,Flat,timeout,60,-0.034606067597193244,216.725,short,1
AMZN,PML,2026-03-06,Gap Down,loss,58,-0.5,213.7,long,1
AMZN,PDL,2026-03-06,Gap Down,loss,12,-0.5,216.445,long,1
AMZN,PMH,2026-03-06,Gap Down,loss,5,-0.5,214.505,short,1
AMZN,PML,2026-03-10,Flat,loss,9,-0.5,214.12,long,1
AMZN,PMH,2026-03-10,Flat,loss,10,-0.5,213.055,short,1
AMZN,PDH,2026-03-10,Flat,loss,10,-0.5,213.055,short,1
AMZN,1H_Res,2026-03-10,Flat,loss,10,-0.5,213.055,short,1
AMZN,1H_Res,2026-03-10,Flat,loss,10,-0.5,213.055,short,1
AMZN,4H_Res,2026-03-10,Flat,loss,10,-0.5,213.055,short,1
AMZN,4H_Res,2026-03-10,Flat,loss,10,-0.5,213.055,short,1
AMZN,PML,2026-03-11,Gap Up,loss,30,-0.5,215.07,long,1
AMZN,PDL,2026-03-11,Gap Up,timeout,60,-0.10342398196421282,212.91,long,1
AMZN,1H_Sup,2026-03-11,Gap Up,loss,25,-0.5,215.31,long,1
AMZN,4H_Sup,2026-03-11,Gap Up,loss,12,-0.5,216.5,long,1
AMZN,PMH,2026-03-11,Gap Up,loss,9,-0.5,215.0301,short,1
AMZN,PDH,2026-03-11,Gap Up,loss,6,-0.5,214.785,short,1
AMZN,PML,2026-03-12,Gap Down,loss,13,-0.5,211.17,long,1
AMZN,PMH,2026-03-12,Gap Down,timeout,60,0.34524487471525817,210.72,short,1
AMZN,PML,2026-03-13,Flat,loss,12,-0.5,210.26,long,1
AMZN,PDL,2026-03-13,Flat,timeout,60,0.349587108245686,208.9894,long,1
AMZN,PMH,2026-03-13,Flat,timeout,60,0.5448016741177582,210.26,short,1
AMZN,PML,2026-03-17,Flat,timeout,60,-0.16348264748470004,214.09,long,1
AMZN,1H_Sup,2026-03-17,Flat,timeout,60,-0.16348264748470004,214.09,long,1
AMZN,4H_Sup,2026-03-17,Flat,timeout,60,-0.16348264748470004,214.09,long,1
AMZN,PMH,2026-03-17,Flat,loss,3,-0.5,213.255,short,1
AMZN,PML,2026-03-18,Gap Down,loss,27,-0.5,213.4,long,1
AMZN,PDL,2026-03-18,Gap Down,loss,3,-0.5,212.81,long,1
AMZN,PMH,2026-03-18,Gap Down,win,57,1.0,213.74,short,1
AMZN,PML,2026-03-19,Gap Down,win,17,1.0,206.88,long,1
AMZN,PMH,2026-03-19,Gap Down,loss,8,-0.5,207.86,short,1
AMZN,PDL,2026-03-20,Gap Down,loss,12,-0.5,206.7747,long,1
AMZN,PML,2026-03-24,Gap Down,timeout,60,0.24305722674110575,207.77,long,1
AMZN,PMH,2026-03-24,Gap Down,timeout,60,0.3981505881225677,208.715,short,1
AMZN,PML,2026-03-25,Gap Up,timeout,60,0.4215611974232599,211.12,long,1
AMZN,PMH,2026-03-25,Gap Up,loss,14,-0.5,211.51,short,1
AMZN,PML,2026-03-26,Flat,win,30,1.0,210.21,long,1
AMZN,PDL,2026-03-26,Flat,timeout,60,0.8316108846117366,210.94,long,1
AMZN,1H_Sup,2026-03-26,Flat,timeout,60,-0.11316930618400453,212.16,long,1
AMZN,PMH,2026-03-26,Flat,loss,19,-0.5,208.47,short,1
AMZN,PDH,2026-03-26,Flat,timeout,60,0.09418856550815534,212.34,short,1
AMZN,PMH,2026-03-27,Flat,win,18,1.0,204.9,short,1
AMZN,PML,2026-03-31,Gap Up,win,19,1.0,205.27,long,1
AMZN,PMH,2026-03-31,Gap Up,loss,1,-0.5,204.54,short,1
AMZN,PML,2026-04-01,Gap Up,win,48,1.0,209.103,long,1
AMZN,1H_Sup,2026-04-01,Gap Up,win,24,1.0,208.71,long,1
AMZN,1H_Sup,2026-04-01,Gap Up,loss,10,-0.5,210.09,long,1
AMZN,4H_Sup,2026-04-01,Gap Up,loss,2,-0.5,210.8,long,1
AMZN,PMH,2026-04-01,Gap Up,loss,6,-0.5,209.67,short,1
AMZN,PDH,2026-04-01,Gap Up,loss,23,-0.5,209.18,short,1
AMZN,1H_Res,2026-04-01,Gap Up,loss,23,-0.5,209.18,short,1
AMZN,PML,2026-04-02,Gap Down,win,21,1.0,205.9,long,1
AMZN,PDL,2026-04-02,Gap Down,win,23,1.0,208.74,long,1
AMZN,PMH,2026-04-02,Gap Down,loss,12,-0.5,205.13,short,1
AMZN,PML,2026-04-07,Gap Down,loss,26,-0.5,211.56,long,1
AMZN,PDL,2026-04-07,Gap Down,timeout,60,-0.11909298780487805,209.92,long,1
AMZN,1H_Sup,2026-04-07,Gap Down,timeout,13,0.0,213.59,long,1
AMZN,4H_Sup,2026-04-07,Gap Down,timeout,13,0.0,213.59,long,1
AMZN,PMH,2026-04-07,Gap Down,win,25,1.0,211.875,short,1
AMZN,PDH,2026-04-07,Gap Down,timeout,60,-0.12002824193929108,212.45,short,1
AMZN,PMH,2026-04-08,Gap Up,win,25,1.0,221.855,short,1
AMZN,PML,2026-04-09,Gap Up,timeout,60,0.2221925965426832,225.03,long,1
AMZN,PMH,2026-04-09,Gap Up,loss,11,-0.5,224.41,short,1
AMZN,PDH,2026-04-09,Gap Up,loss,3,-0.5,225.31,short,1
AMZN,PML,2026-04-14,Gap Up,win,5,1.0,243.6,long,1
AMZN,PMH,2026-04-15,Flat,loss,18,-0.5,247.665,short,1
AMZN,PML,2026-04-16,Flat,timeout,60,0.23785527111468452,248.05,long,1
AMZN,PDL,2026-04-16,Flat,timeout,60,0.457956746287924,247.84,long,1
AMZN,PMH,2026-04-16,Flat,win,26,1.0,246.9,short,1
AMZN,PML,2026-04-17,Gap Up,timeout,60,0.6291292771915981,253.525,long,1
AMZN,PMH,2026-04-17,Gap Up,loss,3,-0.5,252.45,short,1
AMZN,1H_Sup,2026-04-21,Gap Up,timeout,12,0.12816918332199367,249.67,long,1
AMZN,4H_Sup,2026-04-21,Gap Up,timeout,12,0.12816918332199367,249.67,long,1
AMZN,PDH,2026-04-21,Gap Up,timeout,15,-0.26068821689259875,249.34,short,1
AMZN,PML,2026-04-22,Gap Up,timeout,60,-0.185675344684549,253.13,long,1
AMZN,1H_Sup,2026-04-22,Gap Up,timeout,60,0.598981135079199,251.26,long,1
AMZN,1H_Sup,2026-04-22,Gap Up,timeout,60,0.05150146581095946,252.42,long,1
AMZN,4H_Sup,2026-04-22,Gap Up,loss,47,-0.5,253.595,long,1
AMZN,PMH,2026-04-22,Gap Up,timeout,60,0.05148820722024036,252.485,short,1
AMZN,PDH,2026-04-22,Gap Up,timeout,60,0.011784115012962972,254.58,short,1
AMZN,PML,2026-04-23,Flat,timeout,60,0.4459396025661032,255.64,long,1
AMZN,4H_Sup,2026-04-23,Flat,timeout,60,0.46437212206352835,256.26,long,1
AMZN,PMH,2026-04-23,Flat,loss,8,-0.5,254.22,short,1
AMZN,PDH,2026-04-23,Flat,loss,11,-0.5,254.95,short,1
AMZN,1H_Res,2026-04-23,Flat,loss,8,-0.5,254.22,short,1
AMZN,PML,2026-04-24,Gap Up,loss,3,-0.5,260.61,long,1
AMZN,PMH,2026-04-24,Gap Up,loss,2,-0.5,258.7375,short,1
AMZN,PML,2026-04-28,Gap Down,win,34,1.0,258.4,long,1
AMZN,PMH,2026-04-28,Gap Down,loss,1,-0.5,256.695,short,1
AMZN,PML,2026-04-29,Gap Down,win,11,1.0,258.235,long,1
AMZN,1H_Sup,2026-04-29,Gap Down,win,16,1.0,260.35,long,1
AMZN,4H_Sup,2026-04-29,Gap Down,win,19,1.0,261.455,long,1
AMZN,PMH,2026-04-29,Gap Down,loss,3,-0.5,258.05,short,1
AMZN,PDH,2026-04-29,Gap Down,loss,2,-0.5,260.41,short,1
AMZN,PDL,2026-04-30,Gap Up,loss,0,-0.5,260.78,long,1
AMZN,1H_Sup,2026-04-30,Gap Up,timeout,56,0.3273972861982207,264.205,long,1
AMZN,4H_Sup,2026-04-30,Gap Up,timeout,45,0.20792378648117776,264.52,long,1
AMZN,PDH,2026-04-30,Gap Up,win,2,1.0,263.1,short,1
AMZN,1H_Res,2026-04-30,Gap Up,win,1,1.0,262.43,short,1
AMZN,4H_Res,2026-04-30,Gap Up,win,1,1.0,262.43,short,1
AMZN,PML,2026-05-01,Flat,win,17,1.0,264.1399,long,1
AMZN,1H_Sup,2026-05-01,Flat,win,8,1.0,267.305,long,1
AMZN,4H_Sup,2026-05-01,Flat,win,8,1.0,267.305,long,1
AMZN,PMH,2026-05-01,Flat,loss,2,-0.5,263.31,short,1
AMZN,PML,2026-05-05,Gap Up,loss,33,-0.5,274.11,long,1
AMZN,1H_Sup,2026-05-05,Gap Up,timeout,60,0.34279848215431513,272.755,long,1
AMZN,4H_Sup,2026-05-05,Gap Up,timeout,60,0.34400557450397484,272.67,long,1
AMZN,PMH,2026-05-05,Gap Up,loss,38,-0.5,275.7011,short,1
AMZN,PDH,2026-05-05,Gap Up,loss,29,-0.5,275.64,short,1
AMZN,PDL,2026-05-06,Flat,loss,34,-0.5,273.95,long,1
AMZN,1H_Sup,2026-05-06,Flat,loss,2,-0.5,275.205,long,1
AMZN,4H_Sup,2026-05-06,Flat,timeout,60,0.23735323959995278,275.96,long,1
AMZN,PMH,2026-05-06,Flat,loss,14,-0.5,272.35,short,1
AMZN,PDL,2026-05-07,Flat,timeout,60,-0.031169783645023666,272.7,long,1
AMZN,PMH,2026-05-07,Flat,timeout,60,0.4384820189200852,274.3328,short,1
AMZN,PML,2026-05-08,Flat,timeout,60,-0.07797807440024852,272.5125,long,1
AMZN,PDL,2026-05-08,Flat,timeout,60,0.05525879535827375,271.45,long,1
AMZN,1H_Sup,2026-05-08,Flat,timeout,60,0.05525879535827375,271.45,long,1
AMZN,1H_Sup,2026-05-08,Flat,loss,45,-0.5,273.22,long,1
AMZN,4H_Sup,2026-05-08,Flat,timeout,60,0.05525879535827375,271.45,long,1
AMZN,4H_Sup,2026-05-08,Flat,timeout,11,-0.33271178384701405,273.51,long,1
AMZN,PMH,2026-05-08,Flat,timeout,60,-0.2693435646402612,272.106,short,1
AMZN,PML,2026-05-12,Gap Down,loss,3,-0.5,266.89,long,1
AMZN,PMH,2026-05-12,Gap Down,win,29,1.0,267.0,short,1
AMZN,PML,2026-05-13,Flat,timeout,60,-0.10177157934415328,265.3,long,1
AMZN,1H_Sup,2026-05-13,Flat,timeout,60,0.8631665668064734,267.04,long,1
AMZN,4H_Sup,2026-05-13,Flat,timeout,60,0.8631665668064734,267.04,long,1
AMZN,PMH,2026-05-13,Flat,timeout,60,-0.06411948855279143,265.13,short,1
AMZN,PML,2026-05-14,Flat,loss,36,-0.5,269.705,long,1
AMZN,PMH,2026-05-14,Flat,timeout,60,0.4509234435507941,268.56,short,1
AMZN,PDH,2026-05-14,Flat,win,47,1.0,269.89,short,1
AMZN,PML,2026-05-15,Gap Down,loss,1,-0.5,263.07,long,1
AMZN,PMH,2026-05-15,Gap Down,loss,15,-0.5,262.505,short,1
AMZN,1H_Sup,2026-05-20,Flat,win,7,1.0,260.44,long,1
AMZN,4H_Sup,2026-05-20,Flat,loss,3,-0.5,261.42,long,1
AMZN,PDH,2026-05-20,Flat,loss,2,-0.5,261.57,short,1
AMZN,PML,2026-05-21,Gap Down,timeout,60,0.36071611641637596,263.365,long,1
AMZN,1H_Sup,2026-05-21,Gap Down,timeout,60,0.3874426303513648,265.82,long,1
AMZN,4H_Sup,2026-05-21,Gap Down,timeout,60,0.3874426303513648,265.82,long,1
AMZN,PMH,2026-05-21,Gap Down,loss,20,-0.5,261.52,short,1
AMZN,PDH,2026-05-21,Gap Down,timeout,60,-0.10323771114788587,265.1163,short,1
AMZN,PML,2026-05-22,Flat,loss,28,-0.5,269.255,long,1
AMZN,PMH,2026-05-22,Flat,timeout,60,0.18422032005954767,268.7,short,1
AMZN,PDH,2026-05-22,Flat,timeout,60,0.18422032005954767,268.7,short,1
AMZN,1H_Res,2026-05-22,Flat,timeout,60,0.11551647041287906,268.36,short,1
AMZN,1H_Sup,2026-05-27,Flat,win,26,1.0,266.9909,long,1
AMZN,4H_Sup,2026-05-27,Flat,win,26,1.0,266.9909,long,1
AMZN,PML,2026-05-28,Flat,timeout,60,0.33793711431090795,272.24,long,1
AMZN,1H_Sup,2026-05-28,Flat,timeout,60,0.40389205067008105,272.35,long,1
AMZN,4H_Sup,2026-05-28,Flat,timeout,60,0.5095307917888513,272.8,long,1
AMZN,PMH,2026-05-28,Flat,win,18,1.0,270.41,short,1
AMZN,PDH,2026-05-28,Flat,win,18,1.0,270.41,short,1
AMZN,PML,2026-05-29,Gap Down,loss,29,-0.5,273.97,long,1
AMZN,PMH,2026-05-29,Gap Down,loss,44,-0.5,271.16,short,1
AMZN,PDH,2026-05-29,Gap Down,win,55,1.0,273.42,short,1
AMZN,PML,2026-06-02,Gap Down,win,24,1.0,257.8333,long,1
AMZN,PMH,2026-06-02,Gap Down,timeout,60,-0.15907503685883764,257.74,short,1
AMZN,PML,2026-06-03,Gap Down,loss,39,-0.5,255.61,long,1
AMZN,PDL,2026-06-03,Gap Down,loss,1,-0.5,256.85,long,1
AMZN,PMH,2026-06-03,Gap Down,win,49,1.0,255.0895,short,1
AMZN,PML,2026-06-04,Gap Up,timeout,60,-0.23985530040892783,254.32,long,1
AMZN,PMH,2026-06-04,Gap Up,loss,21,-0.5,253.01,short,1
AMZN,PML,2026-06-05,Flat,timeout,60,0.4076624713053119,252.66,long,1
AMZN,PDL,2026-06-05,Flat,timeout,60,0.4989308624376413,252.54,long,1
AMZN,1H_Sup,2026-06-05,Flat,loss,1,-0.5,255.22,long,1
AMZN,4H_Sup,2026-06-05,Flat,loss,4,-0.5,255.8,long,1
AMZN,PMH,2026-06-05,Flat,win,24,1.0,255.01,short,1
AMZN,PDH,2026-06-05,Flat,loss,4,-0.5,254.495,short,1
AMZN,PML,2026-06-09,Gap Up,loss,16,-0.5,245.67,long,1
AMZN,PDL,2026-06-09,Gap Up,timeout,60,0.5019360390075984,244.055,long,1
AMZN,4H_Sup,2026-06-09,Gap Up,loss,44,-0.5,248.38,long,1
AMZN,PMH,2026-06-09,Gap Up,win,30,1.0,247.13,short,1
AMZN,PDH,2026-06-09,Gap Up,win,48,1.0,248.58,short,1
AMZN,PML,2026-06-10,Flat,loss,10,-0.5,242.59,long,1
AMZN,PDL,2026-06-10,Flat,loss,1,-0.5,241.64,long,1
AMZN,4H_Sup,2026-06-10,Flat,loss,1,-0.5,241.64,long,1
AMZN,PMH,2026-06-10,Flat,win,19,1.0,243.105,short,1
AMZN,PML,2026-06-11,Flat,loss,7,-0.5,238.62,long,1
AMZN,PDL,2026-06-11,Flat,loss,7,-0.5,238.62,long,1
AMZN,1H_Sup,2026-06-11,Flat,loss,22,-0.5,239.465,long,1
AMZN,4H_Sup,2026-06-11,Flat,timeout,57,0.44522115424624187,240.33,long,1
AMZN,PMH,2026-06-11,Flat,timeout,60,-0.3032737161384755,239.025,short,1
AMZN,PDL,2026-06-12,Gap Up,timeout,60,0.4364406779661022,236.0,long,1
AMZN,PMH,2026-06-12,Gap Up,win,8,1.0,238.93,short,1
AMZN,PDH,2026-06-12,Gap Up,win,8,1.0,238.93,short,1
LLY,PML,2025-12-16,Flat,loss,5,-0.5,1062.055,long,1
LLY,PDH,2025-12-16,Flat,loss,1,-0.5,1057.955,short,1
LLY,PML,2025-12-17,Gap Up,loss,34,-0.5,1056.87,long,1
LLY,PDL,2025-12-17,Gap Up,timeout,60,0.5177856482907404,1039.04,long,1
LLY,1H_Sup,2025-12-17,Gap Up,loss,4,-0.5,1057.6,long,1
LLY,4H_Sup,2025-12-17,Gap Up,timeout,60,0.22259373801191934,1055.735,long,1
LLY,PMH,2025-12-17,Gap Up,loss,22,-0.5,1053.8,short,1
LLY,1H_Res,2025-12-17,Gap Up,loss,2,-0.5,1051.61,short,1
LLY,4H_Res,2025-12-17,Gap Up,loss,2,-0.5,1051.61,short,1
LLY,1H_Sup,2025-12-18,Flat,win,5,1.0,1061.2801,long,1
LLY,4H_Sup,2025-12-18,Flat,win,5,1.0,1064.01,long,1
LLY,PDH,2025-12-18,Flat,loss,4,-0.5,1058.36,short,1
LLY,1H_Sup,2025-12-19,Flat,loss,16,-0.5,1069.53,long,1
LLY,4H_Sup,2025-12-19,Flat,loss,15,-0.5,1072.49,long,1
LLY,PMH,2025-12-19,Flat,loss,12,-0.5,1063.3,short,1
LLY,PDL,2025-12-23,Gap Down,win,7,1.0,1073.0,long,1
LLY,1H_Sup,2025-12-23,Gap Down,loss,5,-0.5,1085.61,long,1
LLY,4H_Sup,2025-12-23,Gap Down,loss,5,-0.5,1085.61,long,1
LLY,PMH,2025-12-23,Gap Down,loss,1,-0.5,1070.755,short,1
LLY,PDH,2025-12-23,Gap Down,timeout,60,0.5727382165015439,1079.9,short,1
LLY,PML,2025-12-24,Flat,loss,21,-0.5,1079.35,long,1
LLY,1H_Sup,2025-12-24,Flat,loss,21,-0.5,1079.35,long,1
LLY,4H_Sup,2025-12-24,Flat,loss,21,-0.5,1079.35,long,1
LLY,PML,2025-12-30,Flat,timeout,60,-0.18578146355022188,1079.225,long,1
LLY,PDL,2025-12-30,Flat,timeout,60,-0.04041173519631489,1076.42,long,1
LLY,PML,2025-12-31,Flat,timeout,60,-0.07133616706707951,1082.2,long,1
LLY,1H_Sup,2025-12-31,Flat,timeout,60,-0.07133616706707951,1082.2,long,1
LLY,PMH,2025-12-31,Flat,timeout,60,0.24208816082430412,1080.185,short,1
LLY,PML,2026-01-06,Flat,win,4,1.0,1044.265,long,1
LLY,1H_Sup,2026-01-06,Flat,win,8,1.0,1050.7,long,1
LLY,4H_Sup,2026-01-06,Flat,win,8,1.0,1050.7,long,1
LLY,PMH,2026-01-06,Flat,loss,3,-0.5,1041.771,short,1
LLY,4H_Res,2026-01-06,Flat,loss,5,-0.5,1044.16,short,1
LLY,PDL,2026-01-08,Gap Up,loss,6,-0.5,1078.165,long,1
LLY,4H_Sup,2026-01-08,Gap Up,win,1,1.0,1121.735,long,1
LLY,PMH,2026-01-08,Gap Up,win,51,1.0,1107.71,short,1
LLY,PDH,2026-01-08,Gap Up,win,32,1.0,1115.5,short,1
LLY,PML,2026-01-09,Flat,win,34,1.0,1091.33,long,1
LLY,PDL,2026-01-09,Flat,loss,37,-0.5,1071.54,long,1
LLY,4H_Sup,2026-01-09,Flat,loss,8,-0.5,1103.915,long,1
LLY,PMH,2026-01-09,Flat,loss,1,-0.5,1091.05,short,1
LLY,1H_Res,2026-01-09,Flat,timeout,60,0.09950707145159879,1085.35,short,1
LLY,PML,2026-01-13,Flat,loss,9,-0.5,1085.885,long,1
LLY,4H_Sup,2026-01-13,Flat,loss,8,-0.5,1086.22,long,1
LLY,PMH,2026-01-13,Flat,timeout,60,0.1052565572183249,1086.0131,short,1
LLY,PDH,2026-01-13,Flat,loss,12,-0.5,1076.85,short,1
LLY,PDL,2026-01-14,Flat,loss,9,-0.5,1072.705,long,1
LLY,1H_Sup,2026-01-14,Flat,loss,0,-0.5,1082.95,long,1
LLY,PMH,2026-01-14,Flat,win,6,1.0,1075.5,short,1
LLY,PML,2026-01-16,Gap Down,timeout,60,0.2810567734682494,1031.82,long,1
LLY,1H_Sup,2026-01-16,Gap Down,timeout,60,0.1315297269249754,1035.8875,long,1
LLY,PMH,2026-01-16,Gap Down,loss,34,-0.5,1034.99,short,1
LLY,4H_Res,2026-01-16,Gap Down,loss,47,-0.5,1034.2,short,1
LLY,1H_Sup,2026-01-21,Flat,win,8,1.0,1049.11,long,1
LLY,4H_Sup,2026-01-21,Flat,win,8,1.0,1049.11,long,1
LLY,PML,2026-01-22,Flat,loss,4,-0.5,1081.215,long,1
LLY,1H_Sup,2026-01-22,Flat,win,39,1.0,1083.8,long,1
LLY,4H_Sup,2026-01-22,Flat,win,39,1.0,1083.8,long,1
LLY,PMH,2026-01-22,Flat,loss,3,-0.5,1077.375,short,1
LLY,PML,2026-01-23,Flat,loss,5,-0.5,1084.2,long,1
LLY,PDL,2026-01-23,Flat,timeout,60,0.22834554121613088,1075.125,long,1
LLY,PML,2026-01-27,Flat,loss,4,-0.5,1063.48,long,1
LLY,PDL,2026-01-27,Flat,loss,15,-0.5,1045.64,long,1
LLY,1H_Sup,2026-01-27,Flat,loss,4,-0.5,1070.335,long,1
LLY,4H_Sup,2026-01-27,Flat,loss,3,-0.5,1072.72,long,1
LLY,PMH,2026-01-27,Flat,loss,52,-0.5,1059.87,short,1
LLY,PDH,2026-01-27,Flat,win,28,1.0,1064.565,short,1
LLY,PML,2026-01-29,Flat,win,23,1.0,1026.49,long,1
LLY,1H_Sup,2026-01-29,Flat,timeout,60,0.4922377887163891,1029.99,long,1
LLY,4H_Sup,2026-01-29,Flat,timeout,60,0.4922377887163891,1029.99,long,1
LLY,PMH,2026-01-29,Flat,timeout,60,0.20235906788048935,1025.405,short,1
LLY,PDH,2026-01-29,Flat,timeout,60,-0.03551741082940541,1027.665,short,1
LLY,PML,2026-01-30,Gap Up,win,52,1.0,1022.04,long,1
LLY,1H_Sup,2026-01-30,Gap Up,loss,2,-0.5,1037.53,long,1
LLY,4H_Sup,2026-01-30,Gap Up,loss,2,-0.5,1037.53,long,1
LLY,PMH,2026-01-30,Gap Up,loss,18,-0.5,1024.47,short,1
LLY,PDH,2026-01-30,Gap Up,win,10,1.0,1036.065,short,1
LLY,4H_Res,2026-01-30,Gap Up,timeout,60,0.35245331816568704,1028.505,short,1
LLY,PDL,2026-02-03,Flat,timeout,60,-0.026896697469786623,1041.02,long,1
LLY,PMH,2026-02-03,Flat,loss,17,-0.5,1041.02,short,1
LLY,PMH,2026-02-04,Gap Up,loss,0,-0.5,1082.98,short,1
LLY,PML,2026-02-05,Gap Down,loss,0,-0.5,1057.3795,long,1
LLY,4H_Sup,2026-02-06,Gap Up,win,13,1.0,1043.45,long,1
LLY,PML,2026-02-10,Flat,loss,0,-0.5,1051.67,long,1
LLY,PDL,2026-02-10,Flat,loss,15,-0.5,1048.205,long,1
LLY,PMH,2026-02-10,Flat,loss,7,-0.5,1045.26,short,1
LLY,PML,2026-02-11,Flat,loss,2,-0.5,1027.43,long,1
LLY,PDL,2026-02-11,Flat,loss,12,-0.5,1026.25,long,1
LLY,PML,2026-02-12,Gap Up,loss,0,-0.5,1023.595,long,1
LLY,PDL,2026-02-12,Gap Up,loss,8,-0.5,1017.1689,long,1
LLY,1H_Sup,2026-02-12,Gap Up,win,14,1.0,1023.675,long,1
LLY,4H_Sup,2026-02-12,Gap Up,loss,0,-0.5,1029.43,long,1
LLY,PMH,2026-02-12,Gap Up,loss,1,-0.5,1018.87,short,1
LLY,PDH,2026-02-12,Gap Up,loss,2,-0.5,1017.0,short,1
LLY,1H_Res,2026-02-12,Gap Up,loss,19,-0.5,1016.56,short,1
LLY,PML,2026-02-13,Flat,timeout,60,0.3439074436213515,1038.07,long,1
LLY,1H_Sup,2026-02-13,Flat,win,8,1.0,1053.0,long,1
LLY,1H_Sup,2026-02-13,Flat,loss,1,-0.5,1062.32,long,1
LLY,4H_Sup,2026-02-13,Flat,loss,1,-0.5,1062.32,long,1
LLY,PMH,2026-02-13,Flat,timeout,60,0.17350792768267917,1043.18,short,1
LLY,PDH,2026-02-13,Flat,loss,2,-0.5,1048.93,short,1
LLY,1H_Res,2026-02-13,Flat,loss,35,-0.5,1040.17,short,1
LLY,1H_Res,2026-02-13,Flat,loss,2,-0.5,1048.93,short,1
LLY,4H_Res,2026-02-13,Flat,loss,2,-0.5,1048.93,short,1
LLY,PML,2026-02-19,Gap Down,loss,1,-0.5,1013.76,long,1
LLY,PDL,2026-02-19,Gap Down,loss,1,-0.5,1013.76,long,1
LLY,1H_Sup,2026-02-19,Gap Down,timeout,9,-0.09665986467619034,1024.21,long,1
LLY,4H_Sup,2026-02-19,Gap Down,timeout,9,-0.09665986467619034,1024.21,long,1
LLY,PMH,2026-02-19,Gap Down,timeout,60,0.020982667608280235,1016.5533,short,1
LLY,PML,2026-02-20,Flat,loss,10,-0.5,1024.62,long,1
LLY,PDL,2026-02-20,Flat,timeout,60,0.6615460852328994,1009.0,long,1
LLY,1H_Sup,2026-02-20,Flat,loss,0,-0.5,1028.075,long,1
LLY,PMH,2026-02-20,Flat,win,29,1.0,1021.67,short,1
LLY,PDH,2026-02-20,Flat,win,29,1.0,1021.67,short,1
LLY,4H_Res,2026-02-20,Flat,win,29,1.0,1021.67,short,1
LLY,PDL,2026-02-24,Gap Down,win,42,1.0,1038.969,long,1
LLY,PMH,2026-02-24,Gap Down,win,4,1.0,1045.205,short,1
LLY,PML,2026-02-25,Gap Down,loss,49,-0.5,1046.6,long,1
LLY,1H_Sup,2026-02-25,Gap Down,loss,14,-0.5,1049.895,long,1
LLY,PMH,2026-02-25,Gap Down,loss,1,-0.5,1041.84,short,1
LLY,1H_Sup,2026-02-27,Flat,timeout,60,-0.038494523057730275,1026.12,long,1
LLY,4H_Sup,2026-02-27,Flat,timeout,60,-0.038494523057730275,1026.12,long,1
LLY,PDH,2026-02-27,Flat,loss,46,-0.5,1024.13,short,1
LLY,PML,2026-03-03,Flat,loss,8,-0.5,1011.77,long,1
LLY,PDL,2026-03-03,Flat,loss,2,-0.5,1016.47,long,1
LLY,PMH,2026-03-03,Flat,loss,1,-0.5,1007.34,short,1
LLY,PML,2026-03-04,Flat,loss,26,-0.5,1006.18,long,1
LLY,PDL,2026-03-04,Flat,loss,10,-0.5,999.032,long,1
LLY,PMH,2026-03-04,Flat,win,23,1.0,1007.105,short,1
LLY,PML,2026-03-06,Gap Down,win,8,1.0,971.63,long,1
LLY,PDL,2026-03-06,Gap Down,win,18,1.0,969.77,long,1
LLY,1H_Sup,2026-03-06,Gap Down,timeout,60,0.10601710476924378,985.69,long,1
LLY,4H_Sup,2026-03-06,Gap Down,timeout,60,0.10601710476924378,985.69,long,1
LLY,PML,2026-03-10,Flat,loss,27,-0.5,1004.75,long,1
LLY,PMH,2026-03-10,Flat,timeout,60,-0.013471037269868874,1002.15,short,1
LLY,PDH,2026-03-10,Flat,timeout,60,-0.013471037269868874,1002.15,short,1
LLY,PML,2026-03-11,Flat,loss,15,-0.5,1001.0762,long,1
LLY,PDL,2026-03-11,Flat,loss,6,-0.5,996.83,long,1
LLY,PMH,2026-03-11,Flat,loss,0,-0.5,992.73,short,1
LLY,4H_Sup,2026-03-13,Flat,win,10,1.0,991.2,long,1
LLY,PDH,2026-03-13,Flat,timeout,60,0.7031187041663327,992.72,short,1
LLY,PML,2026-03-17,Gap Down,loss,3,-0.5,978.69,long,1
LLY,PDL,2026-03-17,Gap Down,loss,2,-0.5,978.235,long,1
LLY,PML,2026-03-18,Gap Down,loss,2,-0.5,923.88,long,1
LLY,1H_Sup,2026-03-19,Flat,loss,18,-0.5,920.4,long,1
LLY,PMH,2026-03-19,Flat,loss,7,-0.5,917.46,short,1
LLY,PML,2026-03-20,Gap Down,loss,13,-0.5,919.01,long,1
LLY,PDL,2026-03-20,Gap Down,loss,13,-0.5,919.01,long,1
LLY,PMH,2026-03-20,Gap Down,loss,3,-0.5,915.38,short,1
LLY,PDH,2026-03-20,Gap Down,timeout,60,0.1916634541772302,920.885,short,1
LLY,PMH,2026-03-25,Gap Up,timeout,60,0.010969482898578655,911.62,short,1
LLY,PML,2026-03-26,Flat,loss,2,-0.5,914.55,long,1
LLY,PDL,2026-03-26,Flat,loss,4,-0.5,913.67,long,1
LLY,PML,2026-03-27,Flat,loss,25,-0.5,895.87,long,1
LLY,PDL,2026-03-27,Flat,loss,10,-0.5,900.52,long,1
LLY,PMH,2026-03-27,Flat,win,18,1.0,899.29,short,1
LLY,4H_Sup,2026-03-31,Gap Up,win,19,1.0,906.15,long,1
LLY,PML,2026-04-02,Gap Down,loss,46,-0.5,949.72,long,1
LLY,PMH,2026-04-02,Gap Down,timeout,60,0.4986068028292846,945.5948,short,1
LLY,PML,2026-04-07,Flat,timeout,60,0.8185679677570008,920.51,long,1
LLY,PDL,2026-04-07,Flat,win,47,1.0,921.785,long,1
LLY,1H_Sup,2026-04-07,Flat,timeout,60,0.14908423528398565,929.005,long,1
LLY,4H_Sup,2026-04-07,Flat,timeout,60,-0.13273147401794977,930.45,long,1
LLY,PMH,2026-04-07,Flat,timeout,60,-0.05545863754818831,928.62,short,1
LLY,PML,2026-04-08,Gap Up,timeout,60,0.4982405714708313,946.33,long,1
LLY,4H_Sup,2026-04-08,Gap Up,loss,2,-0.5,938.977,long,1
LLY,PML,2026-04-09,Gap Down,timeout,60,0.5213978302273871,950.33,long,1
LLY,1H_Sup,2026-04-09,Gap Down,timeout,60,0.25212105995459394,955.89,long,1
LLY,4H_Sup,2026-04-09,Gap Down,loss,33,-0.5,963.75,long,1
LLY,PMH,2026-04-09,Gap Down,timeout,60,-0.3382473039472287,955.1,short,1
LLY,PDH,2026-04-09,Gap Down,timeout,60,-0.027144124862973417,957.85,short,1
LLY,PDL,2026-04-10,Gap Up,timeout,60,0.016445885080396263,942.485,long,1
LLY,PMH,2026-04-10,Gap Up,win,1,1.0,947.015,short,1
LLY,PDH,2026-04-10,Gap Up,win,1,1.0,947.015,short,1
LLY,PML,2026-04-14,Flat,timeout,60,0.5046112882618874,931.41,long,1
LLY,PDL,2026-04-14,Flat,win,38,1.0,929.85,long,1
LLY,1H_Sup,2026-04-14,Flat,timeout,60,0.24188973681113385,934.31,long,1
LLY,4H_Sup,2026-04-14,Flat,timeout,60,0.27952705307801196,933.72,long,1
LLY,PMH,2026-04-14,Flat,win,51,1.0,928.865,short,1
LLY,PML,2026-04-15,Flat,loss,8,-0.5,927.09,long,1
LLY,PDL,2026-04-15,Flat,loss,9,-0.5,917.405,long,1
LLY,1H_Sup,2026-04-15,Flat,loss,8,-0.5,927.09,long,1
LLY,4H_Sup,2026-04-15,Flat,loss,9,-0.5,917.405,long,1
LLY,PMH,2026-04-15,Flat,timeout,60,0.4251370365574627,926.76,short,1
LLY,PML,2026-04-16,Gap Up,loss,6,-0.5,917.16,long,1
LLY,1H_Sup,2026-04-16,Gap Up,loss,6,-0.5,917.16,long,1
LLY,4H_Sup,2026-04-16,Gap Up,loss,6,-0.5,917.16,long,1
LLY,PMH,2026-04-16,Gap Up,loss,4,-0.5,911.8699,short,1
LLY,PML,2026-04-22,Flat,win,11,1.0,909.04,long,1
LLY,1H_Sup,2026-04-22,Flat,timeout,60,0.6725917493952674,913.63,long,1
LLY,4H_Sup,2026-04-22,Flat,timeout,60,0.6725917493952674,913.63,long,1
LLY,PMH,2026-04-22,Flat,loss,6,-0.5,908.38,short,1
LLY,PDH,2026-04-22,Flat,loss,6,-0.5,908.38,short,1
LLY,PML,2026-04-23,Gap Up,timeout,60,-0.06231142594778263,914.76,long,1
LLY,1H_Sup,2026-04-23,Gap Up,loss,31,-0.5,926.5,long,1
LLY,4H_Sup,2026-04-23,Gap Up,loss,31,-0.5,926.5,long,1
LLY,PMH,2026-04-23,Gap Up,timeout,60,0.475984889368588,926.5,short,1
LLY,PDH,2026-04-23,Gap Up,timeout,60,-0.037478816321212714,920.52,short,1
LLY,PML,2026-04-24,Gap Down,loss,8,-0.5,882.11,long,1
LLY,PML,2026-04-28,Flat,loss,1,-0.5,877.0235,long,1
LLY,PDL,2026-04-28,Flat,timeout,41,0.41270310307421976,870.4078,long,1
LLY,PMH,2026-04-28,Flat,timeout,60,-0.05266230866982294,873.49,short,1
LLY,PDL,2026-04-29,Gap Down,loss,4,-0.5,867.235,long,1
LLY,PMH,2026-04-30,Gap Up,loss,3,-0.5,917.14,short,1
LLY,1H_Sup,2026-05-01,Gap Up,win,0,1.0,960.985,long,1
LLY,4H_Sup,2026-05-01,Gap Up,win,0,1.0,960.985,long,1
LLY,PML,2026-05-05,Flat,win,12,1.0,967.3,long,1
LLY,1H_Sup,2026-05-05,Flat,timeout,60,0.6874861046748839,975.5979,long,1
LLY,4H_Sup,2026-05-05,Flat,timeout,60,0.6874861046748839,975.5979,long,1
LLY,PMH,2026-05-05,Flat,loss,2,-0.5,966.21,short,1
LLY,PDH,2026-05-05,Flat,loss,2,-0.5,966.21,short,1
LLY,1H_Res,2026-05-05,Flat,loss,2,-0.5,966.21,short,1
LLY,4H_Res,2026-05-05,Flat,loss,2,-0.5,966.21,short,1
LLY,PML,2026-05-06,Flat,timeout,60,0.737554470689324,987.7101,long,1
LLY,1H_Sup,2026-05-06,Flat,loss,11,-0.5,992.9841,long,1
LLY,4H_Sup,2026-05-06,Flat,timeout,60,-0.38462311962030865,994.48,long,1
LLY,PMH,2026-05-06,Flat,loss,6,-0.5,987.39,short,1
LLY,PDH,2026-05-06,Flat,loss,6,-0.5,987.39,short,1
LLY,PML,2026-05-08,Flat,loss,1,-0.5,978.963,long,1
LLY,4H_Sup,2026-05-12,Gap Up,timeout,60,0.15879478827362165,982.4,long,1
LLY,PMH,2026-05-12,Gap Up,loss,4,-0.5,972.09,short,1
LLY,PDH,2026-05-12,Gap Up,timeout,60,-0.008564965261512208,992.415,short,1
LLY,1H_Sup,2026-05-13,Flat,win,7,1.0,997.895,long,1
LLY,4H_Sup,2026-05-13,Flat,loss,23,-0.5,1001.9081,long,1
LLY,PDH,2026-05-13,Flat,loss,7,-0.5,994.21,short,1
LLY,PML,2026-05-15,Flat,timeout,60,0.0729948903576654,1000.07,long,1
LLY,PDL,2026-05-15,Flat,timeout,44,0.7236644281848165,997.7,long,1
LLY,1H_Sup,2026-05-15,Flat,timeout,60,-0.24012542906035983,1010.93,long,1
LLY,PMH,2026-05-15,Flat,timeout,60,0.5142527156326815,1004.37,short,1
LLY,1H_Res,2026-05-15,Flat,loss,6,-0.5,1006.56,short,1
LLY,1H_Sup,2026-05-19,Flat,win,11,1.0,993.35,long,1
LLY,4H_Sup,2026-05-19,Flat,win,9,1.0,996.9186,long,1
LLY,PMH,2026-05-19,Flat,loss,2,-0.5,987.26,short,1
LLY,PMH,2026-05-20,Flat,timeout,60,0.10364822184631306,1022.69,short,1
LLY,PDH,2026-05-20,Flat,win,38,1.0,1017.91,short,1
LLY,1H_Res,2026-05-20,Flat,win,38,1.0,1017.91,short,1
LLY,4H_Res,2026-05-20,Flat,win,38,1.0,1017.91,short,1
LLY,PDH,2026-05-21,Gap Up,timeout,60,-0.26810169507899223,1035.055,short,1
LLY,1H_Sup,2026-05-22,Gap Up,win,4,1.0,1050.89,long,1
LLY,4H_Sup,2026-05-22,Gap Up,win,4,1.0,1050.89,long,1
LLY,1H_Sup,2026-05-27,Flat,win,43,1.0,1080.66,long,1
LLY,4H_Sup,2026-05-27,Flat,timeout,60,0.09621891875715038,1086.065,long,1
LLY,PDH,2026-05-27,Flat,loss,6,-0.5,1077.15,short,1
LLY,PDL,2026-05-29,Flat,timeout,60,-0.07486465019035127,1095.31,long,1
LLY,PMH,2026-05-29,Flat,win,21,1.0,1120.5,short,1
LLY,PML,2026-06-02,Gap Down,loss,3,-0.5,1077.8363,long,1
LLY,PDL,2026-06-02,Gap Down,loss,3,-0.5,1077.8363,long,1
LLY,PML,2026-06-03,Gap Down,win,2,1.0,1063.665,long,1
LLY,PDL,2026-06-03,Gap Down,win,2,1.0,1060.78,long,1
LLY,1H_Sup,2026-06-03,Gap Down,win,45,1.0,1075.4,long,1
LLY,4H_Sup,2026-06-03,Gap Down,win,45,1.0,1075.4,long,1
LLY,PMH,2026-06-03,Gap Down,loss,7,-0.5,1069.005,short,1
LLY,4H_Sup,2026-06-05,Gap Up,loss,0,-0.5,1153.25,long,1
LLY,PMH,2026-06-05,Gap Up,loss,0,-0.5,1139.535,short,1
LLY,PDH,2026-06-05,Gap Up,timeout,58,0.4673020566570694,1136.31,short,1
LLY,PML,2026-06-09,Gap Up,loss,4,-0.5,1153.38,long,1
LLY,PDL,2026-06-09,Gap Up,timeout,60,0.07670249021608391,1147.29,long,1
LLY,1H_Sup,2026-06-09,Gap Up,timeout,60,0.07670249021608391,1147.29,long,1
LLY,1H_Sup,2026-06-09,Gap Up,loss,3,-0.5,1158.95,long,1
LLY,4H_Sup,2026-06-09,Gap Up,timeout,60,0.07670249021608391,1147.29,long,1
LLY,4H_Sup,2026-06-09,Gap Up,loss,1,-0.5,1170.15,long,1
LLY,PMH,2026-06-09,Gap Up,win,23,1.0,1160.19,short,1
LLY,PML,2026-06-10,Gap Up,win,1,1.0,1138.38,long,1
LLY,PDL,2026-06-10,Gap Up,loss,9,-0.5,1151.79,long,1
LLY,1H_Sup,2026-06-10,Gap Up,loss,2,-0.5,1158.0,long,1
LLY,4H_Sup,2026-06-10,Gap Up,loss,2,-0.5,1158.0,long,1
LLY,PMH,2026-06-10,Gap Up,loss,1,-0.5,1138.38,short,1
LLY,PML,2026-06-11,Flat,win,35,1.0,1138.4351,long,1
LLY,1H_Sup,2026-06-11,Flat,win,43,1.0,1145.57,long,1
LLY,4H_Sup,2026-06-11,Flat,win,20,1.0,1153.295,long,1
LLY,PMH,2026-06-11,Flat,loss,6,-0.5,1134.815,short,1
LLY,PDH,2026-06-11,Flat,loss,15,-0.5,1163.51,short,1
LLY,PML,2026-06-12,Flat,loss,3,-0.5,1166.18,long,1
LLY,1H_Sup,2026-06-12,Flat,loss,3,-0.5,1166.18,long,1
LLY,PMH,2026-06-12,Flat,loss,1,-0.5,1156.0,short,1
LLY,PDH,2026-06-12,Flat,win,6,1.0,1163.5175,short,1
ADBE,PML,2025-12-16,Flat,timeout,25,-0.05171373574281231,348.07,long,1
ADBE,1H_Sup,2025-12-16,Flat,loss,32,-0.5,350.22,long,1
ADBE,1H_Sup,2025-12-16,Flat,loss,51,-0.5,353.105,long,1
ADBE,4H_Sup,2025-12-16,Flat,loss,51,-0.5,353.105,long,1
ADBE,PMH,2025-12-16,Flat,timeout,60,-0.0357112247521641,350.03,short,1
ADBE,PDH,2025-12-16,Flat,timeout,60,0.40914221218961305,354.4,short,1
ADBE,1H_Sup,2025-12-17,Flat,win,29,1.0,349.78,long,1
ADBE,4H_Sup,2025-12-17,Flat,loss,2,-0.5,352.124,long,1
ADBE,PDH,2025-12-17,Flat,loss,5,-0.5,354.88,short,1
ADBE,PML,2025-12-18,Flat,loss,35,-0.5,355.26,long,1
ADBE,4H_Sup,2025-12-18,Flat,loss,2,-0.5,357.74,long,1
ADBE,PMH,2025-12-18,Flat,loss,22,-0.5,354.8,short,1
ADBE,PDH,2025-12-18,Flat,loss,22,-0.5,354.8,short,1
ADBE,1H_Res,2025-12-18,Flat,loss,17,-0.5,354.51,short,1
ADBE,PML,2025-12-19,Flat,loss,10,-0.5,354.945,long,1
ADBE,PDL,2025-12-19,Flat,timeout,60,0.40621537937107827,352.03,long,1
ADBE,PMH,2025-12-19,Flat,timeout,60,-0.08146525085677948,355.98,short,1
ADBE,PML,2025-12-23,Flat,loss,14,-0.5,356.275,long,1
ADBE,1H_Sup,2025-12-23,Flat,loss,2,-0.5,359.47,long,1
ADBE,PMH,2025-12-23,Flat,timeout,60,0.763187335329385,356.2035,short,1
ADBE,PDH,2025-12-23,Flat,win,22,1.0,358.2,short,1
ADBE,PML,2025-12-24,Flat,timeout,60,0.022631474723467167,353.49,long,1
ADBE,1H_Sup,2025-12-24,Flat,timeout,60,0.1061435910499724,353.295,long,1
ADBE,4H_Sup,2025-12-24,Flat,timeout,60,0.007057163020459355,354.25,long,1
ADBE,PMH,2025-12-24,Flat,timeout,60,-0.2782509937535543,352.2,short,1
ADBE,PML,2025-12-30,Flat,timeout,60,0.04399909163166503,352.28,long,1
ADBE,PDL,2025-12-30,Flat,loss,4,-0.5,351.77,long,1
ADBE,1H_Sup,2025-12-30,Flat,loss,53,-0.5,354.2997,long,1
ADBE,4H_Sup,2025-12-30,Flat,loss,53,-0.5,354.2997,long,1
ADBE,PMH,2025-12-30,Flat,loss,13,-0.5,351.765,short,1
ADBE,PDL,2025-12-31,Flat,timeout,60,-0.2020374480678494,351.42,long,1
ADBE,PMH,2025-12-31,Flat,timeout,60,0.0783063057932364,351.185,short,1
ADBE,PML,2026-01-06,Flat,win,9,1.0,330.635,long,1
ADBE,1H_Sup,2026-01-06,Flat,loss,2,-0.5,335.45,long,1
ADBE,4H_Sup,2026-01-06,Flat,timeout,60,0.011931750387771035,335.24,long,1
ADBE,PDH,2026-01-06,Flat,loss,1,-0.5,333.09,short,1
ADBE,PML,2026-01-07,Flat,win,34,1.0,335.88,long,1
ADBE,1H_Sup,2026-01-07,Flat,loss,11,-0.5,339.64,long,1
ADBE,4H_Sup,2026-01-07,Flat,loss,11,-0.5,339.64,long,1
ADBE,PMH,2026-01-07,Flat,loss,20,-0.5,335.49,short,1
ADBE,PDH,2026-01-07,Flat,loss,20,-0.5,335.49,short,1
ADBE,PML,2026-01-08,Flat,win,17,1.0,337.805,long,1
ADBE,PDL,2026-01-08,Flat,win,16,1.0,336.335,long,1
ADBE,1H_Sup,2026-01-08,Flat,loss,3,-0.5,340.4601,long,1
ADBE,4H_Sup,2026-01-08,Flat,loss,5,-0.5,343.69,long,1
ADBE,PMH,2026-01-08,Flat,loss,20,-0.5,340.4601,short,1
ADBE,PDH,2026-01-08,Flat,timeout,60,0.4541997015886045,341.81,short,1
ADBE,PDL,2026-01-14,Gap Down,loss,17,-0.5,308.6,long,1
ADBE,PML,2026-01-15,Flat,loss,3,-0.5,304.83,long,1
ADBE,PDL,2026-01-15,Flat,timeout,60,0.5893775550573749,303.32,long,1
ADBE,PMH,2026-01-15,Flat,timeout,60,-0.1927099632698037,303.565,short,1
ADBE,PMH,2026-01-16,Flat,win,3,1.0,303.725,short,1
ADBE,PML,2026-01-21,Flat,loss,34,-0.5,291.18,long,1
ADBE,PDL,2026-01-21,Flat,timeout,60,0.5465046116714202,290.025,long,1
ADBE,1H_Sup,2026-01-21,Flat,timeout,60,0.28350476803474783,293.3284,long,1
ADBE,4H_Sup,2026-01-21,Flat,timeout,4,0.0781860828772347,294.17,long,1
ADBE,PMH,2026-01-21,Flat,timeout,60,-0.030917210580547916,291.1,short,1
ADBE,PML,2026-01-23,Flat,loss,51,-0.5,302.29,long,1
ADBE,1H_Sup,2026-01-23,Flat,loss,51,-0.5,302.29,long,1
ADBE,4H_Sup,2026-01-23,Flat,loss,51,-0.5,302.29,long,1
ADBE,PMH,2026-01-23,Flat,loss,25,-0.5,300.9,short,1
ADBE,PDH,2026-01-23,Flat,loss,49,-0.5,301.17,short,1
ADBE,1H_Sup,2026-01-28,Gap Up,loss,2,-0.5,300.5556,long,1
ADBE,4H_Sup,2026-01-28,Gap Up,loss,2,-0.5,300.5556,long,1
ADBE,PMH,2026-01-28,Gap Up,loss,2,-0.5,298.905,short,1
ADBE,PDH,2026-01-28,Gap Up,win,46,1.0,303.315,short,1
ADBE,PML,2026-01-29,Gap Down,loss,1,-0.5,292.31,long,1
ADBE,1H_Sup,2026-01-30,Flat,loss,3,-0.5,293.4899,long,1
ADBE,4H_Sup,2026-01-30,Flat,loss,3,-0.5,293.4899,long,1
ADBE,PMH,2026-01-30,Flat,loss,4,-0.5,291.42,short,1
ADBE,PDH,2026-01-30,Flat,loss,24,-0.5,292.445,short,1
ADBE,PML,2026-02-03,Gap Down,loss,0,-0.5,282.95,long,1
ADBE,PML,2026-02-04,Gap Down,win,1,1.0,268.175,long,1
ADBE,PDL,2026-02-04,Gap Down,win,10,1.0,272.99,long,1
ADBE,1H_Sup,2026-02-04,Gap Down,win,18,1.0,275.745,long,1
ADBE,4H_Sup,2026-02-04,Gap Down,win,17,1.0,275.48,long,1
ADBE,PMH,2026-02-04,Gap Down,loss,2,-0.5,272.31,short,1
ADBE,PML,2026-02-05,Gap Down,loss,4,-0.5,280.47,long,1
ADBE,1H_Sup,2026-02-05,Gap Down,loss,2,-0.5,281.125,long,1
ADBE,1H_Sup,2026-02-05,Gap Down,loss,1,-0.5,281.395,long,1
ADBE,PMH,2026-02-05,Gap Down,win,10,1.0,279.24,short,1
ADBE,PML,2026-02-06,Gap Up,loss,12,-0.5,268.05,long,1
ADBE,PDL,2026-02-06,Gap Up,loss,2,-0.5,268.98,long,1
ADBE,1H_Sup,2026-02-06,Gap Up,loss,13,-0.5,273.74,long,1
ADBE,4H_Sup,2026-02-06,Gap Up,loss,2,-0.5,274.62,long,1
ADBE,PMH,2026-02-06,Gap Up,win,7,1.0,270.99,short,1
ADBE,1H_Sup,2026-02-10,Flat,loss,0,-0.5,270.46,long,1
ADBE,4H_Sup,2026-02-10,Flat,loss,2,-0.5,269.965,long,1
ADBE,PMH,2026-02-10,Flat,win,49,1.0,266.985,short,1
ADBE,PDH,2026-02-10,Flat,loss,7,-0.5,268.5257,short,1
ADBE,PML,2026-02-12,Gap Up,loss,3,-0.5,261.061,long,1
ADBE,PDL,2026-02-12,Gap Up,loss,53,-0.5,256.69,long,1
ADBE,1H_Sup,2026-02-12,Gap Up,loss,3,-0.5,261.061,long,1
ADBE,4H_Sup,2026-02-12,Gap Up,loss,1,-0.5,261.58,long,1
ADBE,PMH,2026-02-12,Gap Up,win,8,1.0,258.78,short,1
ADBE,4H_Res,2026-02-12,Gap Up,win,8,1.0,258.78,short,1
ADBE,PML,2026-02-13,Flat,loss,5,-0.5,262.48,long,1
ADBE,PMH,2026-02-13,Flat,loss,9,-0.5,263.215,short,1
ADBE,PDH,2026-02-13,Flat,win,0,1.0,262.22,short,1
ADBE,1H_Res,2026-02-13,Flat,loss,0,-0.5,259.29,short,1
ADBE,4H_Res,2026-02-13,Flat,loss,4,-0.5,257.85,short,1
ADBE,4H_Res,2026-02-13,Flat,loss,0,-0.5,259.29,short,1
ADBE,PML,2026-02-18,Flat,timeout,60,-0.26461621061916274,260.755,long,1
ADBE,1H_Sup,2026-02-18,Flat,timeout,60,-0.07367616134582378,261.55,long,1
ADBE,4H_Sup,2026-02-18,Flat,timeout,60,-0.053529096887681885,261.54,long,1
ADBE,PMH,2026-02-18,Flat,loss,38,-0.5,261.91,short,1
ADBE,PDL,2026-02-19,Flat,timeout,60,-0.1336173508907709,258.2,long,1
ADBE,PMH,2026-02-19,Flat,win,3,1.0,263.4585,short,1
ADBE,PDH,2026-02-19,Flat,timeout,60,0.6899055918663788,261.63,short,1
ADBE,PDL,2026-02-20,Gap Down,loss,1,-0.5,258.255,long,1
ADBE,1H_Sup,2026-02-20,Gap Down,loss,1,-0.5,260.14,long,1
ADBE,4H_Sup,2026-02-20,Gap Down,loss,12,-0.5,261.01,long,1
ADBE,PMH,2026-02-20,Gap Down,loss,0,-0.5,259.08,short,1
ADBE,1H_Res,2026-02-20,Gap Down,win,23,1.0,259.15,short,1
ADBE,PML,2026-02-24,Flat,win,2,1.0,246.2801,long,1
ADBE,PDL,2026-02-24,Flat,win,2,1.0,246.2801,long,1
ADBE,1H_Sup,2026-02-24,Flat,win,1,1.0,249.72,long,1
ADBE,4H_Sup,2026-02-24,Flat,win,1,1.0,249.72,long,1
ADBE,PDH,2026-02-24,Flat,loss,11,-0.5,252.605,short,1
ADBE,PML,2026-02-25,Gap Down,loss,11,-0.5,254.53,long,1
ADBE,1H_Sup,2026-02-25,Gap Down,timeout,60,-0.031232919497143782,256.14,long,1
ADBE,4H_Sup,2026-02-25,Gap Down,timeout,6,0.1280707882174813,257.67,long,1
ADBE,1H_Sup,2026-02-26,Gap Up,timeout,60,-0.4312095136807538,258.575,long,1
ADBE,4H_Sup,2026-02-26,Gap Up,timeout,60,0.20781944956980403,257.435,long,1
ADBE,PMH,2026-02-26,Gap Up,loss,3,-0.5,260.35,short,1
ADBE,PDH,2026-02-26,Gap Up,timeout,60,0.08471154592746624,257.58,short,1
ADBE,4H_Res,2026-02-26,Gap Up,timeout,60,-0.33709088082096916,257.26,short,1
ADBE,PML,2026-02-27,Gap Down,win,14,1.0,253.92,long,1
ADBE,PDL,2026-02-27,Gap Down,timeout,60,0.6461001164144433,257.7,long,1
ADBE,1H_Sup,2026-02-27,Gap Down,timeout,60,0.35114650292622873,260.575,long,1
ADBE,4H_Sup,2026-02-27,Gap Down,timeout,60,0.3396791279649923,260.54,long,1
ADBE,PMH,2026-02-27,Gap Down,loss,39,-0.5,257.86,short,1
ADBE,1H_Sup,2026-03-03,Flat,loss,4,-0.5,265.84,long,1
ADBE,1H_Sup,2026-03-03,Flat,win,1,1.0,265.18,long,1
ADBE,4H_Sup,2026-03-03,Flat,win,1,1.0,265.18,long,1
ADBE,PDH,2026-03-03,Flat,loss,9,-0.5,262.71,short,1
ADBE,4H_Sup,2026-03-04,Gap Up,loss,3,-0.5,273.92,long,1
ADBE,PMH,2026-03-04,Gap Up,loss,1,-0.5,271.46,short,1
ADBE,PDH,2026-03-04,Gap Up,loss,1,-0.5,271.46,short,1
ADBE,4H_Sup,2026-03-05,Gap Up,win,3,1.0,278.225,long,1
ADBE,PMH,2026-03-06,Gap Down,loss,0,-0.5,280.89,short,1
ADBE,1H_Sup,2026-03-11,Gap Up,loss,7,-0.5,277.0,long,1
ADBE,4H_Sup,2026-03-11,Gap Up,loss,7,-0.5,277.0,long,1
ADBE,PMH,2026-03-11,Gap Up,win,36,1.0,276.14,short,1
ADBE,PML,2026-03-12,Flat,loss,0,-0.5,274.4,long,1
ADBE,PDL,2026-03-12,Flat,timeout,60,0.28171102379718577,269.78,long,1
ADBE,1H_Sup,2026-03-12,Flat,loss,9,-0.5,274.82,long,1
ADBE,4H_Sup,2026-03-12,Flat,loss,9,-0.5,274.82,long,1
ADBE,PMH,2026-03-12,Flat,loss,18,-0.5,272.73,short,1
ADBE,PMH,2026-03-13,Gap Down,timeout,15,0.4921593241277676,250.935,short,1
ADBE,1H_Sup,2026-03-17,Gap Up,win,3,1.0,254.92,long,1
ADBE,4H_Sup,2026-03-17,Gap Up,loss,4,-0.5,257.005,long,1
ADBE,PDH,2026-03-17,Gap Up,loss,1,-0.5,254.41,short,1
ADBE,PML,2026-03-18,Gap Down,loss,23,-0.5,252.932,long,1
ADBE,PDL,2026-03-18,Gap Down,loss,23,-0.5,252.932,long,1
ADBE,PML,2026-03-19,Flat,win,58,1.0,244.85,long,1
ADBE,PDL,2026-03-19,Flat,timeout,60,0.3862259625157493,245.97,long,1
ADBE,1H_Sup,2026-03-19,Flat,loss,2,-0.5,250.35,long,1
ADBE,4H_Sup,2026-03-19,Flat,timeout,60,0.3862259625157493,245.97,long,1
ADBE,PMH,2026-03-19,Flat,loss,24,-0.5,246.45,short,1
ADBE,1H_Res,2026-03-19,Flat,loss,3,-0.5,248.43,short,1
ADBE,PML,2026-03-20,Gap Down,win,30,1.0,242.63,long,1
ADBE,PDL,2026-03-20,Gap Down,win,14,1.0,245.09,long,1
ADBE,1H_Sup,2026-03-20,Gap Down,loss,39,-0.5,247.94,long,1
ADBE,4H_Sup,2026-03-20,Gap Down,loss,39,-0.5,247.94,long,1
ADBE,PDL,2026-03-25,Gap Up,loss,7,-0.5,238.2,long,1
ADBE,1H_Sup,2026-03-25,Gap Up,loss,7,-0.5,238.2,long,1
ADBE,1H_Sup,2026-03-25,Gap Up,loss,2,-0.5,240.39,long,1
ADBE,4H_Sup,2026-03-25,Gap Up,loss,0,-0.5,242.83,long,1
ADBE,PMH,2026-03-25,Gap Up,win,9,1.0,241.35,short,1
ADBE,1H_Res,2026-03-25,Gap Up,win,19,1.0,239.555,short,1
ADBE,4H_Res,2026-03-25,Gap Up,win,19,1.0,239.555,short,1
ADBE,1H_Sup,2026-03-26,Gap Down,loss,0,-0.5,239.09,long,1
ADBE,4H_Sup,2026-03-26,Gap Down,win,10,1.0,240.075,long,1
ADBE,PDH,2026-03-26,Gap Down,timeout,60,0.19336789270139013,243.06,short,1
ADBE,PML,2026-03-27,Flat,loss,15,-0.5,236.39,long,1
ADBE,PDL,2026-03-27,Flat,timeout,60,0.5318469982555418,235.03,long,1
ADBE,PML,2026-03-31,Flat,loss,0,-0.5,241.69,long,1
ADBE,1H_Sup,2026-03-31,Flat,loss,31,-0.5,242.12,long,1
ADBE,PMH,2026-03-31,Flat,loss,29,-0.5,241.995,short,1
ADBE,PDH,2026-03-31,Flat,loss,29,-0.5,241.995,short,1
ADBE,PML,2026-04-01,Flat,timeout,60,0.13636363636364154,242.0,long,1
ADBE,PDL,2026-04-01,Flat,timeout,60,0.8283038501560912,240.25,long,1
ADBE,PML,2026-04-02,Flat,timeout,60,0.9803103620891016,239.72,long,1
ADBE,1H_Sup,2026-04-02,Flat,loss,1,-0.5,244.28,long,1
ADBE,PMH,2026-04-02,Flat,timeout,60,0.4870598918561963,242.27,short,1
ADBE,PDH,2026-04-02,Flat,timeout,60,0.4870598918561963,242.27,short,1
ADBE,PML,2026-04-07,Flat,loss,8,-0.5,243.7,long,1
ADBE,PDL,2026-04-07,Flat,loss,37,-0.5,240.89,long,1
ADBE,PMH,2026-04-07,Flat,win,40,1.0,243.27,short,1
ADBE,PML,2026-04-08,Gap Up,loss,8,-0.5,246.145,long,1
ADBE,1H_Sup,2026-04-08,Gap Up,loss,48,-0.5,241.24,long,1
ADBE,PMH,2026-04-08,Gap Up,timeout,60,0.09827607387085258,244.21,short,1
ADBE,PDH,2026-04-08,Gap Up,loss,5,-0.5,243.335,short,1
ADBE,PML,2026-04-10,Flat,loss,0,-0.5,230.485,long,1
ADBE,PDL,2026-04-10,Flat,loss,1,-0.5,230.66,long,1
ADBE,PMH,2026-04-10,Flat,win,10,1.0,228.7,short,1
ADBE,PML,2026-04-14,Gap Up,loss,45,-0.5,240.74,long,1
ADBE,1H_Sup,2026-04-14,Gap Up,loss,11,-0.5,242.635,long,1
ADBE,4H_Sup,2026-04-14,Gap Up,loss,11,-0.5,242.635,long,1
ADBE,PMH,2026-04-14,Gap Up,loss,0,-0.5,240.54,short,1
ADBE,PDH,2026-04-14,Gap Up,loss,8,-0.5,239.01,short,1
ADBE,4H_Sup,2026-04-15,Gap Up,timeout,60,-0.002061558125629477,242.535,long,1
ADBE,PMH,2026-04-15,Gap Up,loss,1,-0.5,239.925,short,1
ADBE,PDH,2026-04-15,Gap Up,loss,30,-0.5,242.25,short,1
ADBE,PML,2026-04-16,Gap Up,loss,21,-0.5,247.23,long,1
ADBE,1H_Sup,2026-04-16,Gap Up,timeout,60,0.3080820141160623,246.6551,long,1
ADBE,4H_Sup,2026-04-16,Gap Up,timeout,60,0.6251522286270975,246.34,long,1
ADBE,PMH,2026-04-16,Gap Up,loss,0,-0.5,250.64,short,1
ADBE,PDL,2026-04-17,Gap Up,loss,15,-0.5,246.3749,long,1
ADBE,PML,2026-04-21,Gap Down,loss,1,-0.5,247.33,long,1
ADBE,PDL,2026-04-21,Gap Down,win,15,1.0,246.57,long,1
ADBE,1H_Sup,2026-04-21,Gap Down,win,7,1.0,247.145,long,1
ADBE,1H_Sup,2026-04-21,Gap Down,win,6,1.0,250.2675,long,1
ADBE,4H_Sup,2026-04-21,Gap Down,win,7,1.0,247.145,long,1
ADBE,4H_Sup,2026-04-21,Gap Down,win,5,1.0,250.21,long,1
ADBE,PMH,2026-04-21,Gap Down,timeout,60,0.24159894575005084,250.415,short,1
ADBE,PDH,2026-04-21,Gap Down,timeout,60,0.24159894575005084,250.415,short,1
ADBE,PML,2026-04-22,Gap Up,win,30,1.0,254.18,long,1
ADBE,PMH,2026-04-22,Gap Up,loss,4,-0.5,254.0,short,1
ADBE,PDH,2026-04-22,Gap Up,loss,1,-0.5,252.6,short,1
ADBE,PML,2026-04-24,Flat,timeout,60,0.7440486138501337,239.3392,long,1
ADBE,1H_Sup,2026-04-24,Flat,loss,6,-0.5,240.765,long,1
ADBE,4H_Sup,2026-04-24,Flat,loss,6,-0.5,240.765,long,1
ADBE,PMH,2026-04-24,Flat,loss,37,-0.5,240.0,short,1
ADBE,4H_Sup,2026-04-28,Gap Up,timeout,60,-0.10305878473081044,242.58,long,1
ADBE,PMH,2026-04-28,Gap Up,loss,10,-0.5,242.46,short,1
ADBE,PML,2026-04-29,Gap Down,loss,4,-0.5,241.24,long,1
ADBE,PDL,2026-04-29,Gap Down,loss,48,-0.5,241.8,long,1
ADBE,PML,2026-04-30,Gap Down,win,14,1.0,240.73,long,1
ADBE,PDL,2026-04-30,Gap Down,loss,11,-0.5,240.14,long,1
ADBE,1H_Sup,2026-04-30,Gap Down,win,53,1.0,244.14,long,1
ADBE,4H_Sup,2026-04-30,Gap Down,win,53,1.0,244.14,long,1
ADBE,PMH,2026-04-30,Gap Down,loss,13,-0.5,242.08,short,1
ADBE,PML,2026-05-01,Gap Up,loss,8,-0.5,248.385,long,1
ADBE,1H_Sup,2026-05-01,Gap Up,win,55,1.0,247.64,long,1
ADBE,PMH,2026-05-01,Gap Up,loss,1,-0.5,249.7,short,1
ADBE,PDH,2026-05-01,Gap Up,loss,27,-0.5,245.43,short,1
ADBE,4H_Res,2026-05-01,Gap Up,loss,27,-0.5,245.43,short,1
ADBE,PML,2026-05-05,Flat,timeout,60,-0.4007386162731349,254.53,long,1
ADBE,1H_Sup,2026-05-05,Flat,loss,42,-0.5,255.32,long,1
ADBE,4H_Sup,2026-05-05,Flat,timeout,42,-0.16403686923918756,256.04,long,1
ADBE,PMH,2026-05-05,Flat,timeout,47,0.13673477360627975,255.97,short,1
ADBE,PDH,2026-05-05,Flat,timeout,60,0.813948927156481,254.93,short,1
ADBE,PML,2026-05-06,Gap Down,loss,21,-0.5,253.115,long,1
ADBE,PDL,2026-05-06,Gap Down,win,28,1.0,249.5,long,1
ADBE,PMH,2026-05-07,Gap Up,loss,3,-0.5,254.5874,short,1
ADBE,PML,2026-05-08,Gap Down,timeout,60,-0.28279312595170897,252.835,long,1
ADBE,PML,2026-05-14,Flat,timeout,60,-0.07617919038449619,236.285,long,1
ADBE,PDL,2026-05-14,Flat,win,44,1.0,233.9075,long,1
ADBE,1H_Sup,2026-05-14,Flat,loss,23,-0.5,237.38,long,1
ADBE,4H_Sup,2026-05-14,Flat,loss,23,-0.5,237.38,long,1
ADBE,PMH,2026-05-14,Flat,win,7,1.0,237.165,short,1
ADBE,PMH,2026-05-15,Gap Up,loss,10,-0.5,241.0,short,1
ADBE,PML,2026-05-19,Gap Up,loss,32,-0.5,256.08,long,1
ADBE,1H_Sup,2026-05-19,Gap Up,loss,19,-0.5,257.155,long,1
ADBE,4H_Sup,2026-05-19,Gap Up,loss,19,-0.5,257.155,long,1
ADBE,PMH,2026-05-19,Gap Up,loss,0,-0.5,260.9,short,1
ADBE,PDH,2026-05-19,Gap Up,timeout,60,0.7430292127801047,255.71,short,1
ADBE,PML,2026-05-20,Gap Down,loss,0,-0.5,249.9305,long,1
ADBE,PDL,2026-05-20,Gap Down,timeout,43,0.3425674739114113,252.505,long,1
ADBE,4H_Sup,2026-05-20,Gap Down,timeout,40,0.32468818055830256,252.55,long,1
ADBE,4H_Sup,2026-05-20,Gap Down,timeout,33,0.09085881330489777,253.14,long,1
ADBE,PML,2026-05-22,Gap Up,loss,10,-0.5,244.5,long,1
ADBE,1H_Sup,2026-05-22,Gap Up,timeout,60,-0.1714145784017696,245.02,long,1
ADBE,4H_Sup,2026-05-22,Gap Up,loss,19,-0.5,247.8,long,1
ADBE,PMH,2026-05-22,Gap Up,timeout,60,0.44487980082445755,245.01,short,1
ADBE,PDH,2026-05-22,Gap Up,win,18,1.0,246.6,short,1
ADBE,PML,2026-05-27,Gap Down,loss,1,-0.5,241.04,long,1
ADBE,PDL,2026-05-27,Gap Down,loss,1,-0.5,241.04,long,1
ADBE,1H_Sup,2026-05-27,Gap Down,loss,3,-0.5,242.835,long,1
ADBE,4H_Sup,2026-05-27,Gap Down,loss,23,-0.5,243.59,long,1
ADBE,PMH,2026-05-27,Gap Down,loss,0,-0.5,239.56,short,1
ADBE,PDH,2026-05-27,Gap Down,loss,1,-0.5,242.64,short,1
ADBE,PML,2026-05-28,Flat,win,10,1.0,240.14,long,1
ADBE,PDL,2026-05-28,Flat,win,5,1.0,238.29,long,1
ADBE,1H_Sup,2026-05-28,Flat,win,10,1.0,240.18,long,1
ADBE,4H_Sup,2026-05-28,Flat,win,12,1.0,241.75,long,1
ADBE,PMH,2026-05-28,Flat,timeout,60,0.5772719775688626,242.52,short,1
ADBE,PDH,2026-05-28,Flat,win,31,1.0,243.37,short,1
ADBE,PMH,2026-05-29,Gap Up,loss,7,-0.5,245.91,short,1
ADBE,PML,2026-06-02,Gap Down,loss,3,-0.5,265.51,long,1
ADBE,PDL,2026-06-02,Gap Down,loss,23,-0.5,263.2799,long,1
ADBE,PMH,2026-06-04,Gap Up,loss,6,-0.5,261.215,short,1
ADBE,PDH,2026-06-04,Gap Up,timeout,60,-0.12534711508795338,259.28,short,1
ADBE,PDL,2026-06-05,Flat,loss,4,-0.5,260.185,long,1
ADBE,PMH,2026-06-05,Flat,loss,6,-0.5,260.084,short,1
ADBE,PML,2026-06-09,Gap Down,loss,2,-0.5,242.795,long,1
ADBE,PDL,2026-06-09,Gap Down,loss,5,-0.5,244.86,long,1
ADBE,PML,2026-06-10,Gap Down,win,4,1.0,232.55,long,1
ADBE,PDL,2026-06-10,Gap Down,win,6,1.0,235.04,long,1
ADBE,4H_Sup,2026-06-10,Gap Down,win,6,1.0,235.04,long,1
ADBE,PML,2026-06-12,Gap Down,win,2,1.0,199.235,long,1
