symbol,direction,entry,entry_time,mfe_pct,mae_pct,final_pct,hold_bars,tier
TOST,long,34.965,2025-12-16 13:45:00-05:00,0.24310024310022518,0.6435006435006475,-0.1859001859001997,35,expanded
TOST,short,35.2,2025-12-17 07:15:00-05:00,1.107954545454547,2.4715909090909016,-0.9943181818181657,99,expanded
TOST,long,35.92,2025-12-18 06:50:00-05:00,3.8140311804008835,1.0857461024498902,2.3106904231625784,102,expanded
TOST,short,36.8487,2025-12-19 08:00:00-05:00,1.9504080198215903,0.24776993489593072,1.2220241148262994,99,core
TOST,short,36.625,2025-12-22 09:55:00-05:00,0.013651877133112788,2.318088737201356,-1.8430034129692754,84,core
TOST,short,37.14,2025-12-23 05:05:00-05:00,3.419493807215948,0.7000538502961713,0.8616047388260643,98,expanded
TOST,long,36.35,2025-12-26 11:15:00-05:00,0.3851444291609369,0.41265474552956966,0.2751031636863863,63,expanded
TOST,long,36.15,2025-12-29 10:40:00-05:00,1.3831258644536655,0.09681881051174714,0.9679114799446698,70,expanded
TOST,long,36.295,2025-12-30 10:10:00-05:00,0.7025761124121654,0.5097120815539393,-0.12398401983744786,79,expanded
TOST,short,35.795,2025-12-31 11:10:00-05:00,1.3825953345439341,0.48889509708058987,0.7403268612934782,64,expanded
TOST,short,35.0212,2026-01-02 09:55:00-05:00,3.858234440852965,0.196452434525382,2.8588397884709753,94,core
TOST,long,34.105,2026-01-05 09:55:00-05:00,2.1111274006744054,0.7770121683037486,1.3047940184723656,80,core
TOST,long,34.51,2026-01-06 06:35:00-05:00,4.810199942045794,1.7096493769921655,4.544190089829049,97,core
TOST,short,35.76,2026-01-07 10:00:00-05:00,0.2796420581655521,2.908277404921698,-2.7125279642058135,82,expanded
TOST,short,35.74,2026-01-08 04:10:00-05:00,2.9798545047565885,2.9096250699496244,-1.007274762171235,103,expanded
TOST,short,36.6,2026-01-09 07:00:00-05:00,4.289617486338798,1.0972677595628468,3.0601092896174986,94,expanded
TOST,long,35.95,2026-01-12 11:25:00-05:00,1.249791376912361,0.2086230876217047,1.1126564673157122,62,expanded
TOST,long,34.7093,2026-01-13 10:15:00-05:00,1.543390388166856,0.6750352211078804,0.4629883057278554,77,expanded
TOST,short,34.6321,2026-01-14 08:00:00-05:00,0.006063738554689604,4.426240395471248,-1.8965064203441226,93,expanded
TOST,short,35.67,2026-01-15 08:00:00-05:00,5.522848331931591,0.9251471825063031,5.023549201009246,103,expanded
TOST,long,33.17,2026-01-16 10:05:00-05:00,2.230931564666852,0.4220681338558956,0.6933976484775305,79,expanded
TOST,long,32.85,2026-01-20 04:55:00-05:00,4.809741248097407,0.76103500761035,1.004566210045657,116,expanded
TOST,short,33.18,2026-01-21 09:55:00-05:00,1.6576250753465855,1.2055455093429734,-0.6931886678722027,84,core
TOST,long,33.47,2026-01-22 06:50:00-05:00,3.0773827308037083,0.4780400358529925,2.181057663579337,103,expanded
TOST,long,34.255,2026-01-23 09:55:00-05:00,0.36491023208290757,1.4742373376149542,-1.4742373376149542,81,core
TOST,short,33.76,2026-01-26 10:05:00-05:00,1.510663507108999,1.3326421800947854,0.7701421800947809,78,expanded
TOST,long,33.51,2026-01-27 08:00:00-05:00,1.283199045061175,3.461653237839441,-2.56639809012235,100,core
TOST,long,31.095,2026-01-29 11:30:00-05:00,1.1899019134909181,0.49847242321915936,0.01607975558772329,66,expanded
TOST,short,31.12,2026-01-30 11:00:00-05:00,1.2853470437018062,0.5784061696658088,-0.032133676092538595,64,expanded
TOST,long,30.98,2026-02-02 07:05:00-05:00,3.8411878631375123,1.5493867010974836,1.6785022595222712,100,expanded
TOST,short,31.5,2026-02-03 07:10:00-05:00,10.539682539682541,0.0,9.365079365079362,123,expanded
TOST,long,28.14,2026-02-04 10:25:00-05:00,2.0611229566453386,1.5636105188344038,0.8528784648187577,80,expanded
TOST,long,27.9009,2026-02-05 09:55:00-05:00,0.6060736392016037,4.232479955843722,-3.981591991656187,104,core
TOST,short,27.119,2026-02-06 10:05:00-05:00,0.21755964452966942,3.1748958294922405,-2.971717246211148,91,expanded
TOST,long,27.63,2026-02-09 09:55:00-05:00,4.0535649656170865,0.07238508867173209,3.8660875859572967,98,core
TOST,short,29.155,2026-02-10 09:55:00-05:00,0.08574858514835236,3.0183501972217424,-0.8403361344537726,87,core
TOST,long,28.195,2026-02-11 11:35:00-05:00,0.19507004788082893,1.9673701010817537,0.19507004788082893,79,expanded
TOST,short,27.22,2026-02-12 09:55:00-05:00,18.258633357825126,4.922850844966935,9.47832476120499,120,core
TOST,long,25.8952,2026-02-13 08:25:00-05:00,10.039698476937819,0.9468936327968138,5.840850814050478,115,core
TOST,short,27.61,2026-02-17 09:55:00-05:00,1.3219847881202407,3.6580948931546597,0.018109380659177853,84,core
TOST,short,28.1362,2026-02-18 09:55:00-05:00,2.3677682131915465,0.724333776416151,1.2499911146494462,83,core
TOST,short,27.54,2026-02-19 07:55:00-05:00,2.3238925199709533,0.7984749455337657,-0.7625272331154715,98,expanded
TOST,long,27.55,2026-02-20 09:55:00-05:00,1.7785843920145132,2.0689655172413803,-1.644283121597094,79,core
TOST,long,25.35,2026-02-23 11:00:00-05:00,2.169625246548312,1.420118343195278,-0.9672583826430001,80,expanded
TOST,long,24.75,2026-02-24 09:55:00-05:00,4.025858585858591,1.3737373737373733,2.828282828282825,84,expanded
TOST,short,25.96,2026-02-25 11:25:00-05:00,0.19260400616333093,3.890600924499222,-3.043143297380582,69,expanded
TOST,long,27.42,2026-02-26 11:05:00-05:00,3.3187454412837223,1.5317286652078836,1.2035010940918973,83,expanded
TOST,long,27.51,2026-02-27 11:35:00-05:00,0.8724100327153705,1.944747364594693,-0.7633587786259572,67,expanded
TOST,short,27.07,2026-03-02 10:40:00-05:00,0.9050609530845991,2.308828961950499,-0.8496490579977851,72,expanded
TOST,short,26.91,2026-03-03 05:20:00-05:00,1.3377926421404662,10.739502043849871,-8.695652173913043,120,expanded
TOST,short,28.8,2026-03-04 09:55:00-05:00,0.3819444444444425,2.6388888888888817,-2.326388888888882,89,core
TOST,short,30.11,2026-03-05 10:05:00-05:00,2.12553968781136,1.461308535370313,-1.2952507472600483,87,expanded
TOST,long,29.83,2026-03-06 10:10:00-05:00,4.089842440496153,0.033523298692584684,1.542071739859205,82,expanded
TOST,long,29.09,2026-03-09 12:20:00-04:00,2.4063251976624245,0.9625300790649747,1.237538673083532,59,expanded
TOST,long,28.64,2026-03-10 10:05:00-04:00,2.0600558659217874,1.361731843575421,1.0125698324022316,79,expanded
TOST,short,28.8,2026-03-11 06:40:00-04:00,3.1250000000000075,2.6041666666666665,1.7361111111111112,97,expanded
TOST,short,27.995,2026-03-12 14:00:00-04:00,1.4466869083765,0.5893909626719027,1.3752455795677856,29,expanded
TOST,long,27.92,2026-03-13 11:10:00-04:00,0.28653295128939216,2.0702005730659128,-0.9964183381088888,61,expanded
TOST,short,27.6,2026-03-16 08:00:00-04:00,0.9057971014492754,3.7318840579710058,-2.355072463768111,89,core
TOST,short,28.35,2026-03-17 08:30:00-04:00,1.0229276895943658,2.6807760141093406,-0.14109347442680475,85,expanded
TOST,short,28.15,2026-03-18 10:25:00-04:00,2.3801065719360506,0.5683836589698052,1.0657193605683737,75,expanded
TOST,short,27.47,2026-03-19 11:30:00-04:00,1.9293775027302424,0.76447033127048,-0.327630141973061,57,expanded
TOST,short,27.3,2026-03-20 14:30:00-04:00,0.9890109890109874,1.7054945054944999,-1.7054945054944999,27,expanded
TOST,long,27.84,2026-03-23 09:55:00-04:00,0.7543103448275893,1.9755747126436807,-0.7543103448275893,74,expanded
TOST,short,27.14,2026-03-25 09:55:00-04:00,4.255711127487108,0.8500368459837834,0.515843773028742,80,expanded
TOST,short,26.87,2026-03-26 10:15:00-04:00,2.046892445106069,1.1983624860439122,1.1537030145143365,73,expanded
TOST,long,26.26,2026-03-27 06:50:00-04:00,0.4569687738004472,3.084539223153093,-1.947829398324454,109,expanded
TOST,long,25.49,2026-03-30 09:55:00-04:00,2.8050215770890543,0.9023146331894738,2.1969399764613664,75,core
TOST,short,26.3,2026-03-31 05:10:00-04:00,2.243346007604562,2.262357414448665,-1.3939163498098792,98,expanded
TOST,long,26.99,2026-04-01 06:50:00-04:00,0.0,6.2615783623564205,-3.6680251945164817,99,expanded
TOST,short,25.71,2026-04-02 09:55:00-04:00,0.0,4.006223259432118,-2.6837806301050087,78,expanded
TOST,short,26.82,2026-04-06 10:05:00-04:00,0.41014168530946843,1.0439970171513837,-0.7457121551081256,73,expanded
TOST,short,26.74,2026-04-07 09:55:00-04:00,2.9917726252804684,0.14958863126403404,0.9547494390426264,101,core
TOST,short,27.13,2026-04-08 10:00:00-04:00,3.9439734611131603,0.2580169553999273,3.4279395503133054,83,expanded
TOST,short,26.18,2026-04-09 07:25:00-04:00,5.271199388846444,0.7639419404125259,1.2605042016806658,100,expanded
TOST,long,25.35,2026-04-10 10:15:00-04:00,1.420118343195264,1.81459566074951,0.3155818540433858,77,expanded
TOST,short,25.28,2026-04-13 05:55:00-04:00,1.1285601265822762,7.911392405063291,-7.674050632911383,107,expanded
TOST,short,27.695,2026-04-14 10:00:00-04:00,2.8705542516699825,0.0902690016248369,1.7873262321718757,85,core
TOST,short,27.8399,2026-04-15 11:55:00-04:00,0.2869981573209621,1.437145966759932,-0.9342705972363453,58,expanded
TOST,short,28.68,2026-04-16 09:55:00-04:00,1.0983263598326405,0.36610878661088014,-0.13075313807531877,86,expanded
TOST,short,28.975,2026-04-17 11:15:00-04:00,1.0526315789473673,0.776531492666084,-0.08628127696289414,66,expanded
TOST,short,29.22,2026-04-20 10:00:00-04:00,1.6084873374401059,0.06844626967830107,0.06844626967830107,82,core
TOST,long,29.25,2026-04-21 09:55:00-04:00,1.3846153846153886,2.7692307692307647,-1.1278632478632429,90,core
TOST,short,29.1499,2026-04-22 10:40:00-04:00,1.0116672784469187,1.0981169746722976,-0.13756479439038372,76,expanded
TOST,long,28.36,2026-04-23 10:25:00-04:00,1.1636107193229965,3.3497884344146662,-1.198871650211565,74,expanded
TOST,long,28.95,2026-04-24 04:40:00-04:00,0.8290155440414577,4.335060449050083,0.0,96,expanded
TOST,long,28.715,2026-04-27 10:00:00-04:00,2.542225317778166,0.7487375935921987,0.9925126240640785,80,expanded
TOST,short,29.02,2026-04-28 09:55:00-04:00,1.8780151619572645,0.49965541006202474,-0.10337698139214727,78,expanded
TOST,long,29.05,2026-04-29 06:10:00-04:00,1.342512908777971,2.099827882960411,-1.7239242685025875,94,core
TOST,long,28.6028,2026-04-30 07:45:00-04:00,0.8467702462695974,2.6668717747912742,0.5146349308459366,94,expanded
TOST,short,29.26,2026-05-01 09:55:00-04:00,1.6062884483937199,0.444292549555704,0.2392344497607665,79,core
TOST,long,29.19,2026-05-04 04:30:00-04:00,4.008221993833498,0.6851661527920618,1.0620075368276762,110,core
TOST,long,29.14,2026-05-05 09:55:00-04:00,1.098146877144819,3.4866163349348036,-2.196293754289638,85,expanded
TOST,short,28.58,2026-05-06 11:35:00-04:00,1.3296011196640973,0.34989503149055784,0.680545836249118,72,expanded
TOST,long,29.4,2026-05-07 13:20:00-04:00,2.006802721088435,12.722789115646249,-9.139115646258498,78,expanded
TOST,long,25.987,2026-05-08 07:50:00-04:00,0.28090968561203833,7.492207642282677,-3.283564859352743,133,expanded
TOST,long,25.1,2026-05-11 08:55:00-04:00,2.051792828685247,4.661354581673313,-3.228286852589648,109,expanded
TOST,long,23.19,2026-05-12 10:20:00-04:00,1.7895644674428595,1.0564898663216946,0.13065976714101094,95,expanded
TOST,short,22.85,2026-05-13 10:40:00-04:00,2.5820568927789926,0.3282275711159706,2.1006564551422335,94,expanded
TOST,long,23.06,2026-05-14 10:10:00-04:00,1.0841283607979184,1.1058109280138726,0.1734605377276787,83,expanded
TOST,short,23.1193,2026-05-15 09:55:00-04:00,1.251335464309044,1.6899300584360362,0.6457807978615279,83,core
TOST,long,23.18,2026-05-18 10:00:00-04:00,0.9490940465918847,2.6315789473684186,-1.9844693701466818,87,core
TOST,short,23.47,2026-05-19 10:30:00-04:00,4.0051129100979885,0.1704303365999263,1.0651896037494675,86,expanded
TOST,long,22.995,2026-05-20 10:00:00-04:00,2.522287453794296,0.06523157208088962,1.065449010654479,84,core
TOST,short,23.25,2026-05-21 04:30:00-04:00,3.440860215053766,0.6881720430107533,0.8172043010752743,102,expanded
TOST,short,23.265,2026-05-22 11:30:00-04:00,0.8166774124220988,0.8381689232753075,-0.10745755426605878,73,expanded
TOST,long,23.24,2026-05-26 10:00:00-04:00,2.32358003442342,0.0,0.5593803786574981,81,expanded
TOST,short,23.31,2026-05-27 04:15:00-04:00,0.0,7.250107250107256,-5.019305019305027,125,expanded
TOST,long,25.01,2026-05-28 10:00:00-04:00,0.9596161535385783,1.0995601759296365,0.2798880447820741,86,core
TOST,short,25.935,2026-05-29 11:10:00-04:00,0.36630036630036195,1.2145748987854301,-0.5741276267592101,76,expanded
TOST,long,27.3182,2026-06-01 09:45:00-04:00,3.063159358962158,0.1032278847069052,1.3609974302845735,99,expanded
TOST,long,26.89,2026-06-02 10:20:00-04:00,0.0,2.7147638527333595,-2.333581256972857,82,expanded
TOST,long,24.975,2026-06-03 10:15:00-04:00,2.3023023023022993,0.4604604604604684,-0.22022022022021906,95,expanded
TOST,short,25.565,2026-06-04 09:55:00-04:00,2.249168785448867,0.6258556620379431,1.3886172501466865,85,core
TOST,short,25.17,2026-06-05 07:55:00-04:00,3.9133889551052956,0.6754072308303463,2.264600715137069,98,expanded
TOST,short,24.64,2026-06-08 04:05:00-04:00,2.840909090909088,1.4204545454545368,2.029220779220779,102,expanded
TOST,short,24.5,2026-06-09 10:20:00-04:00,2.142857142857137,2.6530612244897904,-1.9591836734693895,82,expanded
TOST,long,24.88,2026-06-10 11:40:00-04:00,0.48231511254019693,2.331189710610926,-1.5675241157556294,64,expanded
TOST,long,24.14,2026-06-11 09:55:00-04:00,3.1068765534382767,1.4498757249378684,3.1068765534382767,83,expanded
TOST,long,24.65,2026-06-12 10:15:00-04:00,1.9472616632860058,0.2636916835699705,1.09533468559839,75,expanded
HOOD,long,118.15,2025-12-15 11:35:00-05:00,0.17774016081252114,3.537875581887437,-3.216250528988583,100,expanded
HOOD,short,115.8,2025-12-16 08:25:00-05:00,0.5430915371329893,4.23143350604491,-3.488773747841111,138,expanded
HOOD,short,120.62,2025-12-17 06:50:00-05:00,4.244735533079095,3.3825236279223994,2.5037307245896288,156,expanded
HOOD,short,118.46,2025-12-18 06:40:00-05:00,1.190275198379197,4.887725814620975,0.43044065507343204,158,expanded
HOOD,long,120.19,2025-12-19 06:45:00-05:00,2.3046842499375955,1.6557117896663573,1.6723521091605003,157,expanded
HOOD,long,123.9824,2025-12-22 08:25:00-05:00,0.45780691452980327,2.3490430899869703,-1.2359818812992776,137,core
HOOD,short,121.46,2025-12-23 07:40:00-05:00,3.8778198583895884,0.6751193808661349,1.0373785608430683,144,expanded
HOOD,short,119.99,2025-12-24 07:35:00-05:00,1.1584298691557635,0.5667138928244078,-0.4083673639470032,104,core
HOOD,short,120.8,2025-12-26 08:25:00-05:00,2.7317880794701965,0.1903973509933808,2.723509933774828,135,core
HOOD,short,116.6,2025-12-29 08:25:00-05:00,0.7718696397941608,2.015437392795891,-0.35248713550600463,132,core
HOOD,short,117.95,2025-12-30 08:30:00-05:00,2.7333615938957214,0.5818567189487095,2.3738872403560807,136,expanded
HOOD,long,115.3,2025-12-31 08:25:00-05:00,0.5290546400693837,2.818733738074588,-2.402428447528184,138,core
HOOD,short,114.89,2026-01-02 08:25:00-05:00,3.8993820175820386,0.9922534598311433,-0.7738706588911124,136,core
HOOD,long,117.26,2026-01-05 05:25:00-05:00,5.466484734777414,0.571379839672524,4.980385468190337,173,expanded
HOOD,short,123.5103,2026-01-06 08:25:00-05:00,4.421088767495501,0.6798623272714854,1.4252252646135593,137,expanded
HOOD,long,121.24,2026-01-07 07:30:00-05:00,0.6268558231606773,3.8682777961068906,-3.1012867040580594,147,expanded
HOOD,short,116.6984,2026-01-08 08:25:00-05:00,2.4236836151995242,0.5326551178079447,1.113897020010564,135,core
HOOD,short,116.08,2026-01-09 07:45:00-05:00,1.0320468642315588,1.8521709166092402,0.3878359751895204,143,core
HOOD,long,113.9612,2026-01-12 08:25:00-05:00,4.9655496783115645,0.30817506309165377,2.702849741841952,138,core
HOOD,short,117.33,2026-01-13 07:25:00-05:00,1.133554930537798,3.61373902667689,-3.1705446177448215,150,expanded
HOOD,long,120.22,2026-01-14 08:25:00-05:00,0.5489935118948566,3.0028281483946095,-1.4307103643320571,132,core
HOOD,long,119.2,2026-01-15 07:35:00-05:00,0.6543624161073835,7.60906040268457,-5.91442953020134,147,expanded
HOOD,short,112.52,2026-01-16 06:05:00-05:00,5.012442232492003,0.4177035193743324,3.3860646996089607,166,core
HOOD,short,104.85,2026-01-20 07:35:00-05:00,2.1840724845016615,3.338102050548403,-0.5354315689079696,148,expanded
HOOD,long,104.46,2026-01-21 07:40:00-05:00,3.8675090943902033,0.2010338885697815,2.1922266896419744,147,expanded
HOOD,short,107.54,2026-01-22 06:15:00-05:00,2.268923191370664,0.5021387390738256,0.8740933606100166,159,expanded
HOOD,short,105.88,2026-01-23 05:50:00-05:00,0.3588968643747596,5.270117113713637,-0.6919153758972469,163,expanded
HOOD,short,106.01,2026-01-26 07:35:00-05:00,1.1131025374964691,2.3394019432128945,-1.2451655504197654,141,expanded
HOOD,short,107.33,2026-01-27 08:25:00-05:00,2.4876548961147877,1.6016025342402016,1.705021895089908,137,core
HOOD,short,105.7,2026-01-28 07:35:00-05:00,2.554399243140968,1.4664143803216625,1.844843897824033,146,core
HOOD,long,100.63,2026-01-29 15:55:00-05:00,5.435754745105832,0.029812183245554146,2.454536420550531,48,expanded
HOOD,short,102.38,2026-01-30 06:55:00-05:00,3.916780621215073,1.8753662824770483,3.330728657941001,155,expanded
HOOD,short,95.68,2026-02-02 08:25:00-05:00,7.326505016722412,0.21425585284280757,5.696070234113715,138,core
HOOD,long,91.09,2026-02-03 08:25:00-05:00,0.17565045559336545,6.76254254034471,-5.313206718629923,138,core
HOOD,short,85.7849,2026-02-04 08:25:00-05:00,9.517875523547838,0.6004553248881842,6.533667347050573,138,core
HOOD,long,78.31,2026-02-05 06:55:00-05:00,2.094240837696336,12.3100498020687,-9.781637083386537,156,expanded
HOOD,short,75.09,2026-02-06 04:55:00-05:00,3.3692901851112014,13.130909575176453,-12.398588360633894,180,expanded
HOOD,long,83.3,2026-02-09 05:25:00-05:00,6.3625450180072,2.160864345738292,4.081632653061232,174,expanded
HOOD,short,86.35,2026-02-10 07:30:00-05:00,10.306890561667622,2.1656050955414066,8.46438911407064,149,core
HOOD,long,75.545,2026-02-11 10:00:00-05:00,3.8056787345290886,1.714210073466148,3.2497187107022283,119,expanded
HOOD,short,78.72,2026-02-12 04:40:00-05:00,10.53099593495934,0.9908536585365868,10.059832317073171,181,expanded
HOOD,long,71.9,2026-02-13 07:30:00-05:00,7.197774687065353,2.2948539638386727,5.799721835883153,149,expanded
HOOD,short,74.88,2026-02-17 07:35:00-05:00,2.68429487179486,2.457264957264962,-0.05341880341881177,147,expanded
HOOD,long,75.87,2026-02-18 06:45:00-05:00,3.1567154342954997,2.3856596810333492,-0.8667457493080297,155,core
HOOD,long,75.19,2026-02-19 07:25:00-05:00,1.2634658864210704,2.2077403910094384,0.723234472669244,149,expanded
HOOD,long,76.44,2026-02-20 07:55:00-05:00,2.1454735740450035,1.8315018315018206,-0.6465201465201363,143,expanded
HOOD,long,74.8898,2026-02-23 08:05:00-05:00,0.08038477870151732,4.633207726552872,-3.952207109646424,142,core
HOOD,short,71.11,2026-02-24 08:25:00-05:00,2.6578540289692034,3.8953733652088256,-3.0084376318380053,137,core
HOOD,short,75.45,2026-02-25 07:10:00-05:00,2.3194168323392974,3.5297548045063,-1.8157720344598942,153,core
HOOD,long,76.97,2026-02-26 08:25:00-05:00,3.416915681434319,0.6755878913862492,2.026763674158766,138,core
HOOD,short,77.2,2026-02-27 07:55:00-05:00,3.0829015544041574,2.992227979274614,2.3056994818652865,144,expanded
HOOD,short,73.7,2026-03-02 08:25:00-05:00,1.32971506105835,7.924016282225242,-6.381953867028482,135,core
HOOD,short,75.54,2026-03-03 07:35:00-05:00,4.355308445856508,2.462139263966105,-0.15885623510721517,147,expanded
HOOD,short,79.18,2026-03-04 05:35:00-05:00,6.66835059358424,6.0873958070219665,-5.897954028795134,172,expanded
HOOD,short,84.96,2026-03-05 06:20:00-05:00,7.544726930320148,0.8474576271186595,4.755178907721271,163,expanded
HOOD,short,78.7,2026-03-06 07:45:00-05:00,2.9479034307496916,3.4688691232528637,2.8119440914866685,145,expanded
HOOD,short,76.39,2026-03-09 06:10:00-04:00,2.6705066108129416,4.46393507003534,-3.1548632019897846,163,expanded
HOOD,short,79.75,2026-03-10 08:25:00-04:00,2.620689655172418,1.2537931034482717,1.4433855799373037,137,core
HOOD,short,78.3,2026-03-11 07:30:00-04:00,1.9987228607918235,1.8773946360153244,0.8045977011494195,149,expanded
HOOD,short,77.6,2026-03-12 08:25:00-04:00,3.3376288659793674,0.2835051546391738,2.706185567010302,138,core
HOOD,short,76.34,2026-03-13 05:30:00-04:00,4.643699240241029,1.689808750327472,4.2047419439350335,171,expanded
HOOD,short,75.21,2026-03-16 07:20:00-04:00,1.4625714665602905,0.7911182023667239,-0.46536364845101524,151,core
HOOD,short,75.6,2026-03-17 08:25:00-04:00,0.46296296296295547,2.7777777777777892,-2.129629629629629,135,core
HOOD,short,76.49,2026-03-18 08:25:00-04:00,2.8108249444371705,0.9935939338475684,2.470911230226174,137,core
HOOD,long,74.4,2026-03-19 05:50:00-04:00,1.0752688172042972,3.62903225806452,0.067204301075265,163,expanded
HOOD,long,74.44,2026-03-20 05:10:00-04:00,0.3492745835572342,6.098871574422343,-4.019613111230517,173,expanded
HOOD,long,71.2,2026-03-23 08:25:00-04:00,3.370786516853921,0.5056179775280891,2.5000000000000013,137,core
HOOD,short,72.21,2026-03-24 08:25:00-04:00,5.033236393851252,0.01384849743803506,1.8141531643816482,138,core
HOOD,long,71.9,2026-03-25 07:25:00-04:00,3.741029207232254,1.3769123783032113,0.5257301808066761,149,expanded
HOOD,short,71.53,2026-03-26 08:25:00-04:00,2.5583671186914554,2.3906053404165997,1.1107227736613998,136,core
HOOD,short,68.45,2026-03-27 07:25:00-04:00,4.309715120525935,4.192841490138774,4.295105916727534,150,core
HOOD,long,67.4101,2026-03-30 07:25:00-04:00,0.7119111231106328,5.7782142438595985,-4.391181736861386,150,expanded
HOOD,short,66.0,2026-03-31 04:45:00-04:00,1.6969696969697037,5.999696969696972,-5.999696969696972,179,expanded
HOOD,short,70.54,2026-04-01 04:25:00-04:00,1.9846895378508727,1.587751630280678,0.7513467536149718,184,core
HOOD,short,66.59,2026-04-02 08:50:00-04:00,1.531761525754633,5.346148070280826,-3.3787355458777544,130,expanded
HOOD,short,70.0092,2026-04-06 09:00:00-04:00,1.8557561006267935,1.1581335024539432,0.48450775040995364,130,expanded
HOOD,short,68.67,2026-04-07 09:20:00-04:00,2.9852919761176597,9.1743119266055,-8.59181593126546,127,expanded
HOOD,long,75.25,2026-04-08 07:25:00-04:00,3.481727574750837,5.235880398671093,-5.049700996677733,150,expanded
HOOD,short,71.61,2026-04-09 07:05:00-04:00,3.951962016478143,1.186985057952792,2.0388213936600943,152,expanded
HOOD,short,69.8,2026-04-10 04:25:00-04:00,2.1775071633237717,1.5329512893982913,0.623782234957022,179,core
HOOD,short,67.81,2026-04-13 07:45:00-04:00,0.29494174900457576,8.243621884677781,-7.58000294941749,146,expanded
HOOD,short,74.3,2026-04-14 05:00:00-04:00,0.8748317631224649,12.180349932705244,-11.413189771197853,179,expanded
HOOD,long,83.8588,2026-04-15 07:25:00-04:00,8.730389654991491,2.812823460388179,7.621382609815544,150,expanded
HOOD,long,89.31,2026-04-16 04:25:00-04:00,1.28764975926547,6.091143209047137,-3.6948829918262325,186,core
HOOD,long,86.99,2026-04-17 06:55:00-04:00,7.276698471088629,0.09070008046900817,4.321646166226002,156,expanded
HOOD,long,88.33,2026-04-20 04:25:00-04:00,4.585078682214419,0.13585418317672882,3.0227555756821034,186,core
HOOD,short,92.2,2026-04-21 04:25:00-04:00,7.0281995661605245,0.5314533622559597,4.045553145336229,186,expanded
HOOD,short,89.42,2026-04-22 04:25:00-04:00,2.7063296801610397,0.872288078729592,1.9346902259002505,186,expanded
HOOD,long,87.0269,2026-04-23 04:25:00-04:00,0.7564327811285901,6.069272834031769,-3.324144603565102,184,core
HOOD,short,84.85,2026-04-24 04:25:00-04:00,2.392457277548617,0.8249852681202156,0.11785503830288077,184,core
HOOD,short,84.435,2026-04-27 04:25:00-04:00,1.5633327411618492,1.4981938769467644,0.23094688221709883,186,core
HOOD,long,83.3,2026-04-28 04:25:00-04:00,0.564225690276109,11.20048019207683,-10.672388955582237,185,expanded
HOOD,short,74.03,2026-04-29 04:25:00-04:00,5.538295285694981,0.2971768202080222,3.404835877347024,186,core
HOOD,long,70.93,2026-04-30 04:25:00-04:00,4.151416889891434,0.4793458339207717,3.115747920484976,186,core
HOOD,short,74.1582,2026-05-01 09:05:00-04:00,1.4808881553219893,1.5127120129668836,1.0628629065969633,130,core
HOOD,short,75.7832,2026-05-04 04:25:00-04:00,2.61693884660452,3.3078571503974663,-0.8488688785905196,186,expanded
HOOD,short,78.39,2026-05-05 07:20:00-04:00,3.0488582727388707,0.7781604796530163,2.0283199387677042,151,core
HOOD,long,78.6004,2026-05-06 06:35:00-04:00,1.6279815369896362,3.066651060299942,0.007760774754331463,160,expanded
HOOD,short,78.6055,2026-05-07 08:10:00-04:00,4.052515409227095,0.7944736691452857,3.786503488941629,141,expanded
HOOD,short,76.6,2026-05-08 09:00:00-04:00,3.067885117493465,1.0704960835509236,-0.7441253263707669,131,expanded
HOOD,short,76.81,2026-05-11 04:15:00-04:00,2.6168467647441807,5.975784403072521,-5.194636115089174,185,core
HOOD,short,79.2,2026-05-12 07:25:00-04:00,3.434343434343433,1.2373737373737423,2.133838383838381,148,core
HOOD,short,78.8,2026-05-13 06:35:00-04:00,4.390862944162429,0.0,2.5380710659898478,160,expanded
HOOD,long,76.75,2026-05-14 04:30:00-04:00,6.749185667752452,2.136807817589577,4.768729641693806,180,core
HOOD,long,78.26,2026-05-15 04:25:00-04:00,1.0733452593917572,2.36391515461284,-1.7899309992333294,186,core
HOOD,long,76.25,2026-05-18 04:25:00-04:00,4.813114754098363,1.1540983606557318,1.0229508196721326,182,core
HOOD,long,76.5,2026-05-19 06:20:00-04:00,1.1372549019607903,4.339869281045742,-2.889150326797386,160,expanded
HOOD,short,75.21,2026-05-20 08:55:00-04:00,1.9412312192527508,1.5157558835261276,-0.35899481451935944,130,expanded
HOOD,long,75.6,2026-05-21 07:25:00-04:00,1.5335978835978905,1.2566137566137416,0.9219576719576756,149,expanded
HOOD,short,76.1,2026-05-22 05:15:00-04:00,3.7713534822601718,1.3272010512483643,3.653088042049936,175,expanded
HOOD,long,74.85,2026-05-26 08:30:00-04:00,1.5898463593854537,1.8637274549098144,-1.2403473613894407,137,core
HOOD,short,74.36,2026-05-27 07:25:00-04:00,1.223776223776219,3.1603012372243064,-2.6761699838622848,150,expanded
HOOD,long,75.7673,2026-05-28 04:30:00-04:00,12.74652785568443,2.952856971279173,12.436367667846143,177,core
HOOD,long,85.599,2026-05-29 09:05:00-04:00,11.262982044182749,1.5934765593056042,9.826049369735628,130,expanded
HOOD,short,93.67,2026-06-01 04:25:00-04:00,8.658161631258675,0.22419130991778985,3.660296786591228,186,core
HOOD,long,89.12,2026-06-02 04:25:00-04:00,0.448833034111301,3.3550269299820563,-2.244165170556553,186,expanded
HOOD,long,87.0,2026-06-03 08:15:00-04:00,0.0,7.172413793103442,-7.172413793103442,140,expanded
HOOD,short,82.01,2026-06-04 04:25:00-04:00,2.231435190830384,8.059992683819045,-6.365077429581757,186,expanded
HOOD,long,86.965,2026-06-05 04:25:00-04:00,1.2706261139538777,8.595411947335144,-6.422238831713904,185,core
HOOD,short,83.03,2026-06-08 04:25:00-04:00,0.26014693484283774,3.1313982897747734,-2.3124171986029167,183,expanded
HOOD,short,85.65,2026-06-09 04:25:00-04:00,7.845884413309981,2.8371278458844045,3.1290134267367273,184,expanded
HOOD,short,91.13,2026-06-10 10:10:00-04:00,7.659387687918348,0.20849336113244565,6.419400855920109,117,expanded
HOOD,short,88.21,2026-06-11 04:25:00-04:00,2.822809205305515,6.155764652533734,-5.520575898424225,184,expanded
HOOD,long,92.75,2026-06-12 04:30:00-04:00,3.6118598382749263,2.7276549865229085,0.2695417789757413,184,core
ORCL,long,183.77,2025-12-15 11:10:00-05:00,2.002503128911127,0.6366653969636044,-0.6366653969636044,105,expanded
ORCL,short,184.23,2025-12-16 06:10:00-05:00,1.4004233838137026,3.023394669706357,-1.9811648482874682,165,expanded
ORCL,short,190.67,2025-12-17 06:10:00-05:00,7.400220275869296,0.3985944301673149,6.436251114491001,165,expanded
ORCL,long,180.67,2025-12-18 07:25:00-05:00,5.839375657275703,1.4700835777937553,4.986992859910345,150,expanded
ORCL,long,187.97,2025-12-19 07:50:00-05:00,3.803798478480612,0.7607596956961253,2.8356120657551673,145,expanded
ORCL,short,193.045,2025-12-22 09:45:00-05:00,0.023310627055861326,2.981170193478217,-2.7998653163770113,122,core
ORCL,short,198.13,2025-12-23 05:10:00-05:00,2.998031595417149,0.12617978095190027,1.6908090647554608,176,expanded
ORCL,short,194.8,2025-12-24 07:25:00-05:00,0.22587268993839718,1.7864476386036907,-1.2577002053388031,113,expanded
ORCL,short,197.33,2025-12-26 08:00:00-05:00,0.6182536867176804,1.5405158870926816,0.2179090863021369,143,expanded
ORCL,long,194.77,2025-12-29 07:15:00-05:00,1.9202135852543927,1.0935975766288564,-0.3285926990809749,151,expanded
ORCL,long,195.67,2025-12-30 08:25:00-05:00,1.3849849235958545,0.4446261562835264,0.32033525834313026,138,core
ORCL,long,196.2,2025-12-31 05:00:00-05:00,0.6778797145769687,1.5290519877675843,-1.3659531090723642,168,expanded
ORCL,short,197.67,2026-01-02 06:25:00-05:00,1.7503920675873827,0.4704811048717595,0.8549602873475984,162,expanded
ORCL,long,196.01,2026-01-05 11:35:00-05:00,0.12754451303504924,1.8774552318759137,-1.5815519616346074,100,expanded
ORCL,long,193.26,2026-01-06 08:25:00-05:00,0.835661802752773,1.3246403808341107,0.07761564731450156,138,core
ORCL,long,192.3,2026-01-07 06:05:00-05:00,1.7524700988039397,0.1560062402496159,0.11440457618304672,164,core
ORCL,long,192.2,2026-01-08 06:35:00-05:00,0.29136316337148926,3.147762747138389,-1.363163371488021,159,expanded
ORCL,long,190.05,2026-01-09 07:25:00-05:00,5.330176269402786,0.6682451986319443,4.047355958958158,150,expanded
ORCL,short,198.175,2026-01-12 10:20:00-05:00,0.1639460073167724,4.25129304907278,-2.8383499432319903,115,expanded
ORCL,long,203.96,2026-01-13 04:45:00-05:00,1.8827221023730158,1.8434987252402526,-0.9114532261227736,179,expanded
ORCL,long,200.5,2026-01-14 07:05:00-05:00,0.9625935162094796,4.83291770573566,-3.6458852867830434,153,expanded
ORCL,short,194.59,2026-01-15 04:35:00-05:00,2.672285317847791,0.8787707487537941,2.117374993576243,183,expanded
ORCL,short,191.8,2026-01-16 06:05:00-05:00,2.7476538060479716,0.14202294056307413,0.4953076120959421,164,expanded
ORCL,long,185.44,2026-01-20 06:20:00-05:00,1.5153149266609158,3.278688524590155,-3.046807592752376,163,expanded
ORCL,short,180.28,2026-01-21 07:25:00-05:00,5.369425338362551,1.4810295096516461,2.7069003771910336,150,expanded
ORCL,long,177.9775,2026-01-22 10:10:00-05:00,1.2262786026323578,0.49865853829837403,0.4390442612128046,117,expanded
ORCL,long,179.46,2026-01-23 06:20:00-05:00,1.0531594784352982,4.156915190014492,-1.5712136409227746,162,expanded
ORCL,short,177.75,2026-01-26 08:35:00-05:00,0.0393811533052001,4.253164556962027,-2.8522644163150432,136,expanded
ORCL,long,183.07,2026-01-27 07:25:00-05:00,1.5677063418364585,5.129185557437039,-3.3539083410717137,150,expanded
ORCL,short,175.95,2026-01-28 10:50:00-05:00,2.6371128161409416,0.8809320829781253,2.3870417732310254,109,expanded
ORCL,long,171.82,2026-01-29 05:00:00-05:00,1.3968106157606832,5.994645559306241,-2.3221976487021188,179,expanded
ORCL,short,166.94,2026-01-30 07:30:00-05:00,2.4320115011381347,1.1740745177908278,1.7431412483526996,149,core
ORCL,long,153.48,2026-02-04 05:25:00-05:00,1.0946051602814744,5.89523064894449,-3.8962731300495115,172,expanded
ORCL,short,147.2,2026-02-05 05:40:00-05:00,10.054347826086946,2.2418478260869645,9.830163043478262,171,expanded
ORCL,long,138.7724,2026-02-06 08:55:00-05:00,3.334668853460775,0.34041351162046146,3.332507040304835,132,core
ORCL,short,145.29,2026-02-09 06:30:00-05:00,2.0923669901576103,9.95250877555235,-8.335879964209509,161,expanded
ORCL,short,157.2404,2026-02-10 08:25:00-05:00,0.17832567202829935,5.182891928537445,-1.500632153059901,138,core
ORCL,long,161.91,2026-02-11 08:25:00-05:00,1.445247359644249,4.885430177258969,-3.2178370699771532,138,core
ORCL,long,157.94,2026-02-12 08:25:00-05:00,0.7154615676839278,3.444345954159806,-1.3811574015448882,138,core
ORCL,short,156.88,2026-02-13 05:50:00-05:00,1.4533401325854165,3.4548699643039367,-2.243243243243251,167,expanded
ORCL,short,158.41,2026-02-17 07:40:00-05:00,3.4909412284578,1.092102771289685,3.1311785872103925,147,expanded
ORCL,long,155.3,2026-02-18 06:35:00-05:00,1.28783000643915,2.5305859626529337,0.547327752736635,158,expanded
ORCL,long,156.05,2026-02-19 05:50:00-05:00,2.5842358218519554,0.35245113745595086,0.7561678949054651,166,expanded
ORCL,long,156.11,2026-02-20 06:30:00-05:00,1.0946768304400742,5.585804881173549,-5.4359746332714245,161,core
ORCL,short,146.0,2026-02-23 07:25:00-05:00,5.078767123287665,0.8836301369862982,4.10958904109589,150,core
ORCL,long,140.64,2026-02-24 06:15:00-05:00,4.351535836177478,1.3580773606370853,3.6333902161547313,162,core
ORCL,short,146.4,2026-02-25 04:35:00-05:00,0.5122950819672131,4.699043715846997,-0.6688524590163878,181,expanded
ORCL,long,147.95,2026-02-26 07:10:00-05:00,3.0753632984116335,1.8925312605609887,-0.5076715106454747,153,expanded
ORCL,long,147.05,2026-02-27 07:25:00-05:00,1.3192791567494033,3.3662019721183385,-1.602720163209807,150,expanded
ORCL,long,141.0,2026-03-02 05:45:00-05:00,6.503546099290772,0.7943262411347549,5.184397163120568,170,expanded
ORCL,short,145.51,2026-03-03 07:35:00-05:00,1.690605456669631,3.724829908597358,-2.1333241701601406,145,expanded
ORCL,short,150.7,2026-03-04 05:40:00-05:00,2.694094226940944,1.9840743198407493,-1.9641672196416777,170,expanded
ORCL,long,153.1,2026-03-05 05:40:00-05:00,3.16133246244285,1.9464402351404244,2.2860875244937953,171,expanded
ORCL,long,155.3,2026-03-06 07:30:00-05:00,2.504829362524138,2.3696072118480402,-1.7643915003219652,148,expanded
ORCL,long,150.61,2026-03-09 06:55:00-04:00,1.9188632892902107,2.7721930814687057,0.12615364185644892,156,expanded
ORCL,long,154.65,2026-03-10 05:50:00-04:00,6.375687035240857,4.00905269964437,5.011315874555447,169,expanded
ORCL,short,165.86,2026-03-11 06:05:00-04:00,3.442662486434347,3.5572169299408998,3.442662486434347,166,expanded
ORCL,long,162.47,2026-03-12 08:25:00-04:00,3.299070597648805,2.8251369483596993,-2.7020372991936887,138,core
ORCL,long,158.32,2026-03-13 04:50:00-04:00,1.7559373420919664,2.633906013137941,-2.5328448711470384,180,expanded
ORCL,long,157.29,2026-03-16 07:25:00-04:00,0.9218640727319073,1.767181639010737,-1.0426600546760674,150,expanded
ORCL,short,155.44,2026-03-17 05:50:00-04:00,1.2480056613484267,2.238805970149247,0.5339680905815647,166,core
ORCL,long,153.9,2026-03-18 09:15:00-04:00,0.6921377517868774,1.2345679012345714,-1.039636127355422,128,expanded
ORCL,short,151.38,2026-03-19 07:35:00-04:00,1.6448672215616391,3.6596644206632263,-2.9792574976879314,148,expanded
ORCL,short,155.05,2026-03-20 05:05:00-04:00,4.5791680103192665,0.6004514672686121,3.063527894227668,178,core
ORCL,long,153.145,2026-03-23 12:50:00-04:00,1.159032289660111,0.8456038394985248,0.8847823957687092,82,core
ORCL,short,154.97,2026-03-24 06:30:00-04:00,5.271923598115773,0.8453249015938583,4.329870297476936,160,expanded
ORCL,short,148.8,2026-03-25 08:00:00-04:00,2.822043010752701,0.6989247311827903,2.0955645161290333,142,expanded
ORCL,short,144.18,2026-03-26 08:25:00-04:00,1.1456512692467808,1.5882924122624442,0.800735192120969,137,core
ORCL,long,142.09,2026-03-27 05:35:00-04:00,1.5483144485889144,2.6666197480470237,-2.355197410092189,171,core
ORCL,short,140.58,2026-03-30 05:15:00-04:00,2.5821596244131624,0.6186513017498894,1.7285531370038458,171,expanded
ORCL,long,142.79,2026-03-31 11:20:00-04:00,3.564675397436798,0.7703620701729774,3.522655648154634,103,expanded
ORCL,long,142.9595,2026-04-02 04:25:00-04:00,2.5395304264494576,1.8603170828101527,2.2630884970918306,185,core
ORCL,long,147.35,2026-04-06 05:50:00-04:00,0.8143875127248166,2.375296912114014,-1.4726840855106804,167,expanded
ORCL,long,145.54,2026-04-07 05:15:00-04:00,1.6765150474096453,3.8477394530713167,1.4497732582108105,174,expanded
ORCL,short,149.75,2026-04-08 08:05:00-04:00,4.57429048414023,1.1419031719532606,3.889816360600994,142,expanded
ORCL,short,143.4,2026-04-09 05:25:00-04:00,5.1603905160390555,0.4811715481171532,3.765760111576017,173,expanded
ORCL,short,136.939,2026-04-10 09:10:00-04:00,1.7299673577286239,2.3557934554801765,-1.0152695725834104,129,expanded
ORCL,long,137.4,2026-04-13 08:25:00-04:00,16.077147016011647,0.24017467248909205,15.531295487627366,138,expanded
ORCL,short,158.36,2026-04-14 04:25:00-04:00,0.01262945188179479,6.971457438747153,-3.4352109118464242,186,core
ORCL,long,163.72,2026-04-15 07:00:00-04:00,5.399462496946008,0.10383581724895401,4.868067432201319,155,expanded
ORCL,long,173.98,2026-04-16 07:10:00-04:00,3.6153580871364643,0.5115530520749433,3.0003448672261177,153,core
ORCL,short,181.85,2026-04-17 05:15:00-04:00,4.668682980478406,1.7321968655485322,3.986802309595821,176,expanded
ORCL,short,176.9201,2026-04-20 15:20:00-04:00,0.22614728343471466,0.8646275917773163,-0.7573475258040212,55,expanded
ORCL,long,179.36,2026-04-21 06:10:00-04:00,3.3340767172167647,1.8664696699375574,2.5590990187332596,165,core
ORCL,short,186.85,2026-04-22 08:35:00-04:00,2.1675140487021585,1.2469895638212536,1.4717687985014718,136,expanded
ORCL,short,180.12,2026-04-23 09:40:00-04:00,3.3533200088829624,0.9826782145236407,1.049300466355771,123,expanded
ORCL,short,179.94,2026-04-24 04:25:00-04:00,6.19095253973546,0.5890852506391032,4.078748471712798,186,core
ORCL,long,171.98,2026-04-27 04:25:00-04:00,0.9594138853355074,2.372368880102328,0.5930922200255904,185,core
ORCL,long,165.29,2026-04-28 06:05:00-04:00,2.0629802165890387,3.817532821102307,0.3085486115312598,166,expanded
ORCL,long,165.5,2026-04-29 06:30:00-04:00,0.2779456193353522,2.93051359516616,-0.23564954682778633,161,expanded
ORCL,long,162.35,2026-04-30 04:25:00-04:00,1.7431475207884277,1.244225438866635,0.3079765937788728,186,core
ORCL,long,166.21,2026-05-01 09:25:00-04:00,4.867336502015524,0.3068407436375785,3.2308525359485016,125,expanded
ORCL,short,177.79,2026-05-04 05:35:00-04:00,3.3339332920861726,3.211654198773839,-1.7773778052758853,172,expanded
ORCL,short,184.73,2026-05-05 04:45:00-04:00,3.1018242840902888,0.9852216748768591,-0.8228224976993506,182,expanded
ORCL,long,185.02,2026-05-06 04:25:00-04:00,5.231866825208074,1.2701329585990826,3.610420495081601,186,core
ORCL,long,197.46,2026-05-07 05:30:00-04:00,1.6357743340423325,5.028866605894868,-4.081839359870354,173,expanded
ORCL,short,195.2999,2026-05-08 10:40:00-04:00,0.5017411683262587,1.3825403904456643,-0.07941632330585138,109,expanded
ORCL,long,192.1,2026-05-11 08:40:00-04:00,1.8647579385736597,0.8589276418532044,0.7287870900572648,131,expanded
ORCL,long,191.42,2026-05-12 04:25:00-04:00,1.8650088809946828,5.511388569637436,-2.718159022045752,178,core
ORCL,long,189.0,2026-05-13 07:25:00-04:00,1.3597883597883562,2.0846560846560838,0.9523809523809583,148,expanded
ORCL,long,190.0,2026-05-14 06:50:00-04:00,5.636315789473686,2.3947368421052695,3.4413684210526325,156,expanded
ORCL,long,191.71,2026-05-15 04:25:00-04:00,2.462052057795628,1.4657555683062973,-0.18778363152679237,183,core
ORCL,long,192.59,2026-05-18 05:05:00-04:00,0.21288748117762948,4.839295913598833,-3.046523703203697,171,expanded
ORCL,long,184.2,2026-05-19 06:10:00-04:00,2.4564603691639517,1.7986427795874005,-1.634093376764382,162,expanded
ORCL,long,182.0976,2026-05-20 07:25:00-04:00,3.3621530432032047,1.8108970134696936,2.302281853247924,149,expanded
ORCL,long,189.21,2026-05-21 07:05:00-04:00,1.9079329845145525,1.0623117171396963,0.9090428624279895,151,expanded
ORCL,long,189.44,2026-05-22 05:35:00-04:00,3.9907094594594605,0.14030827702701884,0.7618243243243192,166,core
ORCL,short,193.2,2026-05-26 09:45:00-04:00,1.3664596273291856,1.0351966873706004,0.4193064182194499,117,expanded
ORCL,short,192.2,2026-05-27 07:25:00-04:00,2.2288761706555613,0.6982310093652513,0.12705515088448385,149,expanded
ORCL,long,195.1128,2026-05-28 06:30:00-04:00,8.624344481756197,0.929103574957656,8.040067079146022,161,expanded
ORCL,short,210.8983,2026-05-29 04:25:00-04:00,3.6545102544686245,7.79603249528327,-7.246004353757238,186,core
ORCL,short,231.09,2026-06-01 04:25:00-04:00,2.8084296161668654,8.291141979315416,-4.569648189017267,186,expanded
ORCL,short,240.18,2026-06-02 04:25:00-04:00,2.048796735781503,3.6722458156382682,0.2831209925888945,186,expanded
ORCL,long,239.4,2026-06-03 04:50:00-04:00,3.147660818713444,9.356725146198833,-8.153717627401843,181,expanded
ORCL,long,223.75,2026-06-04 07:25:00-04:00,6.7932960893854695,0.1652290502793272,4.670391061452509,150,expanded
ORCL,short,234.98,2026-06-05 06:55:00-04:00,11.034981700570253,0.3998638181972988,10.588135160439185,156,expanded
ORCL,long,212.45,2026-06-08 10:30:00-04:00,1.2002824193928037,0.5413038361967415,-0.5413038361967415,113,expanded
ORCL,short,213.99,2026-06-09 04:25:00-04:00,7.570400486004026,3.0421982335623117,3.640357026029263,185,core
ORCL,long,200.6,2026-06-10 04:25:00-04:00,6.0817547357926305,11.51545363908275,-9.825523429710872,186,expanded
ORCL,short,184.0,2026-06-11 07:55:00-04:00,4.739130434782608,0.6793478260869565,-0.1576086956521696,144,expanded
ORCL,long,184.68,2026-06-12 05:50:00-04:00,0.660602122590426,3.0755902100931376,-0.3986354775828442,168,expanded
MSFT,long,473.96,2025-12-15 11:40:00-05:00,0.5359102033926957,0.160351084479701,-0.048527301882007205,99,expanded
MSFT,short,474.05,2025-12-16 07:15:00-05:00,0.668705832718071,0.8100411349013764,-0.10336462398481364,151,core
MSFT,long,478.7,2025-12-17 07:50:00-05:00,0.27156883225402373,1.0027156883225425,-0.18800919156047155,144,expanded
MSFT,short,479.2626,2025-12-18 08:25:00-05:00,0.30935023930514244,2.156938596919518,-0.6775826029404277,138,core
MSFT,short,484.85,2025-12-19 08:25:00-05:00,0.4867484789110062,0.8146849541095159,-0.13474270392905052,134,core
MSFT,long,487.27,2025-12-22 08:25:00-05:00,0.29962854269707484,0.9399306339401121,-0.38787530527222824,132,core
MSFT,long,485.65,2025-12-23 07:00:00-05:00,0.44888294038917054,0.2779779676721849,0.23679604653557793,144,expanded
MSFT,long,487.87,2025-12-24 13:20:00-05:00,0.030745895422956374,0.0799393280996959,-0.051243159038268385,37,expanded
MSFT,long,487.28,2025-12-26 08:25:00-05:00,0.17238548678378587,0.27089147923165185,-0.028730914463960425,127,core
MSFT,short,485.9,2025-12-29 08:25:00-05:00,0.3539823008849497,0.5042189750977661,-0.020580366330525363,134,core
MSFT,short,486.78,2025-12-30 05:50:00-05:00,0.3759398496240569,0.5957516742676434,-0.43551501705082474,161,expanded
MSFT,short,486.01,2025-12-31 14:25:00-05:00,0.5781774037571248,0.002036995123560422,0.5370259871196094,63,expanded
MSFT,long,485.5,2026-01-02 07:30:00-05:00,0.33367662203913584,3.159629248197729,-2.5293511843460292,149,core
MSFT,long,473.51,2026-01-05 05:35:00-05:00,0.5406432810289122,0.8468670144241918,-0.16050347405545626,170,expanded
MSFT,short,472.77,2026-01-06 08:25:00-05:00,0.6387884172007492,1.3638344226579584,-1.1697019692450938,137,core
MSFT,long,477.98,2026-01-07 08:25:00-05:00,2.451985438721279,0.13598895351270643,1.1715971379555556,133,core
MSFT,long,481.0,2026-01-08 06:55:00-05:00,0.3742203742203766,1.0686070686070657,-0.6548856548856502,152,core
MSFT,long,476.98,2026-01-09 05:20:00-05:00,0.5954128055683624,1.002117489202901,0.4339804603966608,168,expanded
MSFT,short,475.7,2026-01-12 06:45:00-05:00,0.2543619928526339,1.1120454067689765,0.052554130754677325,158,expanded
MSFT,long,475.55,2026-01-13 07:35:00-05:00,0.36589212490800316,2.0187151719062184,-1.1902008201030438,148,expanded
MSFT,long,467.13,2026-01-14 05:45:00-05:00,0.5244792670134627,2.132147367970373,-1.579859996146682,169,core
MSFT,short,461.5,2026-01-15 08:25:00-05:00,1.2134344528710774,0.9685807150595941,0.8342578548212345,138,core
MSFT,short,456.96,2026-01-16 07:05:00-05:00,0.2100840336134409,1.3633578431372588,-0.8184523809523829,154,expanded
MSFT,short,452.88,2026-01-20 07:25:00-05:00,0.9561031619855115,0.8655714538067514,-0.6072248719307543,148,expanded
MSFT,long,452.5,2026-01-21 07:20:00-05:00,0.8066298342541386,3.0541436464088383,-1.3878453038673972,151,expanded
MSFT,short,449.3,2026-01-22 08:25:00-05:00,1.0238148230580955,0.7878922768751309,-0.6254173158246166,138,expanded
MSFT,long,451.3,2026-01-23 07:45:00-05:00,4.387325504099271,0.5096388211832509,3.4123642809660932,146,core
MSFT,short,466.91,2026-01-26 07:40:00-05:00,1.0515945257115986,1.5720374376218058,-1.4114069092544546,147,expanded
MSFT,long,474.29,2026-01-27 05:35:00-05:00,1.8090197980138698,0.48282696240697054,1.7310084547428746,171,expanded
MSFT,short,481.83,2026-01-28 05:35:00-05:00,8.146026606894548,0.5084780939335427,6.182678538073587,172,expanded
MSFT,short,436.01,2026-01-30 07:20:00-05:00,2.192610261232541,0.8233756106511392,1.6604894383156297,151,expanded
MSFT,long,423.8516,2026-02-02 14:40:00-05:00,0.4077842339158246,0.3778681028926206,0.011419091021470311,63,core
MSFT,long,424.68,2026-02-03 07:40:00-05:00,0.5368748233964332,3.7957991899783377,-2.962230385231229,147,expanded
MSFT,long,411.92,2026-02-04 07:30:00-05:00,1.9129928141386663,0.7719945620508853,-0.5486502233443366,149,expanded
MSFT,short,404.85,2026-02-05 09:00:00-05:00,3.5198221563542047,0.8521674694331205,2.6330739780165553,131,expanded
MSFT,short,399.96,2026-02-06 06:25:00-05:00,1.7601760176017511,0.8100810081008124,-0.7600760076007652,162,expanded
MSFT,short,406.64,2026-02-09 08:25:00-05:00,1.4189455046232495,2.599350777100136,-2.235392484753106,138,core
MSFT,short,415.39,2026-02-10 07:55:00-05:00,0.6475841979826182,1.9957148703627965,0.17333108644887227,144,expanded
MSFT,long,413.38,2026-02-11 05:40:00-05:00,1.1127775896269831,2.9924040834099386,-2.119043011272923,171,expanded
MSFT,short,406.46,2026-02-12 06:50:00-05:00,2.078925355508534,0.16975840181075574,1.577030950154989,157,core
MSFT,short,400.95,2026-02-13 07:25:00-05:00,0.7232822047636805,1.17720414016711,0.19952612545205423,150,expanded
MSFT,long,399.29,2026-02-17 06:15:00-05:00,0.7595982869593424,1.193368228605786,-0.7738736256855999,164,expanded
MSFT,long,399.01,2026-02-18 07:25:00-05:00,0.8897020124808931,0.6741685672038289,0.3107691536552991,150,expanded
MSFT,long,399.89,2026-02-19 05:10:00-05:00,1.1353122108579912,0.8052214358948637,-0.22506189202029991,177,expanded
MSFT,long,397.7,2026-02-20 08:05:00-05:00,0.6074679406587935,0.6386723661050953,-0.17601206939904165,142,expanded
MSFT,long,395.68,2026-02-23 07:50:00-05:00,0.34118479579457284,3.1793368378487625,-2.6008390618681756,145,expanded
MSFT,short,385.15,2026-02-24 08:25:00-05:00,0.893158509671556,1.129430092171887,-1.0385564065948332,138,core
MSFT,short,389.9,2026-02-25 06:15:00-05:00,0.20518081559373036,2.9725570659143457,-2.0579379328032896,164,expanded
MSFT,long,399.28,2026-02-26 08:00:00-05:00,2.0562011620917744,1.3599479062312037,-0.5226908435183303,143,expanded
MSFT,long,398.33,2026-02-27 06:35:00-05:00,0.5799211708884598,2.1414405141465553,-1.0444355182888576,160,core
MSFT,short,390.02,2026-03-02 06:05:00-05:00,1.099943592636266,2.8639556945797695,-1.5947900107686857,166,expanded
MSFT,short,392.22,2026-03-03 07:00:00-05:00,0.6526949161185055,3.691805619295283,-2.962623017694138,155,expanded
MSFT,short,404.75,2026-03-04 05:40:00-05:00,1.2427424336009816,1.5522174181593582,-0.6547251389746701,171,expanded
MSFT,short,403.85,2026-03-05 08:25:00-05:00,0.3567661260369009,2.0180760183236295,-1.80760183236349,138,core
MSFT,short,408.69,2026-03-06 08:25:00-05:00,0.8123516601825328,1.0668232645770666,0.2642589737943145,137,core
MSFT,short,404.1,2026-03-09 07:25:00-04:00,1.0393466963622977,1.5120019797079822,-0.9354120267260511,150,expanded
MSFT,short,409.89,2026-03-10 06:50:00-04:00,1.6980165410231964,0.42694381419405203,1.0027080436214628,156,expanded
MSFT,short,406.06,2026-03-11 08:25:00-04:00,1.1205240604836753,0.7264936216322683,0.961286509382844,138,core
MSFT,long,403.02,2026-03-12 08:25:00-04:00,0.7691925959009536,0.32504590342911077,-0.2779018410996984,138,core
MSFT,short,402.45,2026-03-13 07:30:00-04:00,2.037520188843332,0.5839234687538881,1.826313827804688,149,expanded
MSFT,short,398.72,2026-03-16 12:40:00-04:00,0.265850722311397,0.47903290529694226,-0.04514446227928119,87,expanded
MSFT,short,398.9,2026-03-17 07:05:00-04:00,0.4738029581348675,1.3787916771120583,0.050137879167708364,154,expanded
MSFT,short,401.01,2026-03-18 06:10:00-04:00,2.5435774668960844,0.21944589910475937,2.3216378643924096,164,expanded
MSFT,long,392.54,2026-03-19 05:50:00-04:00,0.025475110816723365,1.3960360727569212,-0.774366943496214,168,expanded
MSFT,long,387.17,2026-03-20 06:35:00-04:00,0.7826019577963097,1.8209055453676708,-0.9453211767440723,160,expanded
MSFT,long,373.63,2026-03-24 11:45:00-04:00,0.6343173728019711,0.47640714075421475,0.2802505152155877,98,expanded
MSFT,short,377.91,2026-03-25 06:55:00-04:00,2.1909978566325394,0.182583154719377,1.9554920483713167,156,core
MSFT,short,369.4,2026-03-26 08:25:00-04:00,1.1884136437466126,1.4401461829994637,0.7157011369788844,138,core
MSFT,long,364.31,2026-03-27 07:25:00-04:00,1.0842414427273444,2.2618099969805963,-2.2398506766215656,150,expanded
MSFT,short,362.97,2026-03-30 11:30:00-04:00,1.8431275312009405,0.6116207951070255,1.2476237705595525,101,expanded
MSFT,long,365.35,2026-03-31 07:25:00-04:00,2.1404133023128487,0.6240591213904556,2.0938825783495214,150,expanded
MSFT,long,370.64,2026-04-01 10:10:00-04:00,0.6070580617310598,0.51667386142887,-0.19695661558384453,117,expanded
MSFT,long,372.27,2026-04-02 15:25:00-04:00,0.5318720283665131,0.16385956429472073,0.30351626507642854,54,expanded
MSFT,short,374.9,2026-04-06 07:10:00-04:00,1.4400106695118666,0.0533475593491719,0.9709255801547044,153,core
MSFT,long,371.5,2026-04-07 08:00:00-04:00,3.197846567967697,1.3297442799461636,2.6110363391655422,143,expanded
MSFT,short,385.11,2026-04-08 04:25:00-04:00,3.5574251512554826,0.306405961932956,2.884890031419598,186,expanded
MSFT,long,374.9,2026-04-09 06:00:00-04:00,0.02667377967458595,2.0938917044545122,-0.5068018138170118,167,expanded
MSFT,short,372.84,2026-04-10 09:55:00-04:00,0.7536744984443735,0.3915888853127445,0.3057880055787902,120,expanded
MSFT,short,378.494,2026-04-13 10:55:00-04:00,1.269240727726207,2.3662198079758094,-2.1892024708449656,108,expanded
MSFT,long,388.6,2026-04-14 07:25:00-04:00,1.5903242408646292,0.5352547606793723,1.4925115800308748,150,expanded
MSFT,short,396.37,2026-04-15 05:05:00-04:00,0.3431137573479359,4.990286853192718,-4.947397633524235,178,expanded
MSFT,short,417.5,2026-04-16 04:40:00-04:00,1.2838323353293446,0.8383233532934131,-0.8239520958083828,183,expanded
MSFT,short,423.75,2026-04-17 05:20:00-04:00,0.8235988200589992,1.847787610619465,0.3327433628318643,175,expanded
MSFT,short,421.38,2026-04-20 09:15:00-04:00,1.205562675020168,0.462765200056953,0.8258578954862638,128,expanded
MSFT,long,419.39,2026-04-21 05:45:00-04:00,1.857459643768335,0.5221869858604158,1.4997973246858582,170,expanded
MSFT,short,427.69,2026-04-22 04:55:00-04:00,0.9399331291355846,1.46133882017349,0.049100984357824486,180,expanded
MSFT,long,425.0,2026-04-23 07:15:00-04:00,0.17964705882353454,3.1976235294117648,-1.4941176470588289,152,expanded
MSFT,long,418.8,2026-04-24 05:50:00-04:00,1.4684813753581607,0.7163323782234956,1.2129894937917822,169,expanded
MSFT,long,422.375,2026-04-27 09:30:00-04:00,1.121041728321992,1.2559692216632081,0.7325954424385855,125,core
MSFT,short,428.36,2026-04-28 16:15:00-04:00,0.43421421234476,0.20776916612195032,0.08404146045382707,44,core
MSFT,long,424.99,2026-04-29 10:40:00-04:00,4.7648179957175465,4.204804818936917,0.21176968869855226,111,expanded
MSFT,long,418.45,2026-04-30 04:25:00-04:00,0.9057235034054296,4.884693511769625,-2.3419763412594126,186,core
MSFT,short,412.23,2026-05-01 10:00:00-04:00,0.4354365281517638,1.1838051573150898,-0.2453969871188383,119,expanded
MSFT,long,412.3364,2026-05-04 06:40:00-04:00,2.0477454816019023,0.37260838480425557,0.08818042743739399,159,expanded
MSFT,long,415.12,2026-05-05 07:30:00-04:00,0.39986028136442314,1.5224513393717463,-1.3115966467527491,149,expanded
MSFT,short,412.3,2026-05-06 07:25:00-04:00,1.743875818578704,1.4850351685665737,-0.2886247877758908,150,expanded
MSFT,short,417.86,2026-05-07 08:15:00-04:00,0.11977695879002252,2.4218637821279865,-0.7275163930502951,140,expanded
MSFT,short,420.65,2026-05-08 08:20:00-04:00,1.5808867229287955,0.16165458219422485,1.3194817544276638,139,expanded
MSFT,long,410.26,2026-05-11 09:25:00-04:00,0.6922439428655077,1.1602398479013287,0.37537171549749443,126,expanded
MSFT,short,410.295,2026-05-12 07:25:00-04:00,0.8908224570126444,1.2685994223668295,0.6568444655674559,150,core
MSFT,long,402.73,2026-05-13 10:05:00-04:00,0.8889330320562123,0.16884761502743942,0.36500881483871833,118,expanded
MSFT,long,403.8,2026-05-14 10:05:00-04:00,1.9910846953937502,0.04952947003466781,1.0401188707280804,118,core
MSFT,short,412.15,2026-05-15 07:35:00-04:00,0.48526022079340053,3.886934368555147,-1.825621739657901,148,expanded
MSFT,short,420.86,2026-05-18 04:05:00-04:00,1.247445706410683,1.0122130874875233,-0.556004372000184,190,expanded
MSFT,short,428.19,2026-05-19 07:30:00-04:00,2.8398608094537527,1.0532707442957545,2.6647049207127735,149,expanded
MSFT,short,415.7,2026-05-20 06:15:00-04:00,1.0584315612220356,1.5395718065913,-0.6398845321145117,164,expanded
MSFT,short,418.7,2026-05-21 08:35:00-04:00,0.7141151182230736,3.420109863864341,-0.5493193217100577,136,expanded
MSFT,long,418.1,2026-05-22 05:30:00-04:00,1.5068165510643277,0.4233436976799901,-0.07220760583593543,173,expanded
MSFT,short,415.05,2026-05-26 12:05:00-04:00,0.489097699072408,0.3132152752680427,-0.03614022406938375,94,expanded
MSFT,long,411.83,2026-05-27 09:55:00-04:00,0.9979846052983061,0.150547556030402,0.6483257654857626,120,core
MSFT,short,416.4821,2026-05-28 07:10:00-04:00,1.1650200572845766,3.1232794878819536,-2.6934891079352474,153,core
MSFT,short,429.74,2026-05-29 06:25:00-04:00,0.8882114767068476,4.791269139479679,-4.711779215339509,162,core
MSFT,short,470.5,2026-06-01 07:30:00-04:00,4.329436769394262,0.36344314558979374,3.8490967056323093,149,expanded
MSFT,short,452.5192,2026-06-02 04:25:00-04:00,3.374265666517578,1.7680575763415054,3.1146523727612014,186,expanded
MSFT,long,437.75,2026-06-03 04:25:00-04:00,1.2518560822387248,3.083952027412907,-2.565391205025704,186,core
MSFT,long,431.46,2026-06-04 05:40:00-04:00,1.0870069067816246,1.1704445371529122,-0.9062253743104733,170,expanded
MSFT,short,429.45,2026-06-05 05:40:00-04:00,3.9971125858656387,0.40717196414018175,3.9469088368843845,171,expanded
MSFT,short,414.84,2026-06-08 08:30:00-04:00,1.5138366599170698,0.5592276540352952,0.9256580850448306,137,expanded
MSFT,long,410.99,2026-06-09 06:30:00-04:00,0.2408817732791574,3.0438696805275045,-1.9100221416579535,161,expanded
MSFT,short,398.2,2026-06-10 05:55:00-04:00,0.5524861878453011,1.7177297840281345,0.4018081366147579,168,expanded
MSFT,long,393.0,2026-06-11 10:05:00-04:00,0.04325699745547479,2.2900763358778624,-0.07633587786259831,118,expanded
MSFT,long,393.11,2026-06-12 05:40:00-04:00,0.3434153290427529,2.757497901350775,-0.6130599577726399,171,expanded
V,long,345.985,2025-12-15 14:50:00-05:00,0.38874517681401516,0.5708339956934615,0.22977874763355607,26,expanded
V,short,346.08,2025-12-16 05:10:00-05:00,0.6819232547387762,0.658807212205279,0.38430420711973656,105,expanded
V,short,345.54,2025-12-17 04:40:00-05:00,0.5382878972043796,0.651154714360132,0.28650807431846065,95,core
V,short,347.1468,2025-12-18 09:55:00-05:00,0.8286984065530787,0.11038557751360174,0.35915641451973845,82,expanded
V,long,346.03,2025-12-19 04:35:00-05:00,1.1212900615553716,0.06935814813743094,0.9598589717654654,101,expanded
V,short,352.92,2025-12-22 12:55:00-05:00,0.4156749404964415,0.042502550153002736,0.31735237447580317,54,expanded
V,short,353.89,2025-12-23 11:40:00-05:00,0.20627878719374987,0.15541552459804214,-0.0028257368108708654,64,expanded
V,long,353.77,2025-12-24 09:55:00-05:00,0.6275263589337783,0.20634875766740013,0.3476835231930402,43,core
V,short,355.71,2025-12-26 09:55:00-05:00,0.5622557701498412,0.038430181889746964,0.19960079840318787,80,core
V,short,355.04,2025-12-29 05:40:00-05:00,0.3492564218116294,0.4253041910770592,0.12111311401532412,96,expanded
V,long,354.06,2025-12-30 06:45:00-05:00,0.25419420437213386,0.39541320680110076,-0.18076032310907372,95,expanded
V,long,353.45,2025-12-31 10:10:00-05:00,0.04809732635451009,0.8091667845522744,-0.6365822605743388,81,expanded
V,short,347.0825,2026-01-02 11:00:00-05:00,0.47611158730272346,0.3911173856359845,0.13901594001424997,74,expanded
V,short,355.71,2026-01-05 11:40:00-05:00,0.8546287706277484,0.5130583902617429,0.6494054145230672,63,expanded
V,short,356.39,2026-01-06 10:55:00-05:00,0.4938410168635458,0.6257190156850693,-0.3395156990936997,73,expanded
V,long,357.61,2026-01-07 04:40:00-05:00,0.18735493973881018,0.8668661390900766,-0.5452867649114926,103,expanded
V,short,355.3,2026-01-08 05:15:00-05:00,1.6324233042499328,0.29552490852800767,0.90064734027582,98,expanded
V,short,351.91,2026-01-09 09:55:00-05:00,0.8269159728339702,0.11650706146456996,0.6081100281322052,81,expanded
V,long,344.45,2026-01-12 04:05:00-05:00,0.8622441573523086,2.0699666134417174,-0.23806067644070059,148,expanded
V,long,327.8,2026-01-13 11:20:00-05:00,1.159243441122639,0.8511287370347835,0.5155582672361189,98,expanded
V,short,329.15,2026-01-14 07:30:00-05:00,1.5828649551875982,0.22785963846270696,0.1291812243657789,125,core
V,long,329.53,2026-01-15 09:10:00-05:00,0.6554790155676343,0.9589415227748517,-0.4642976360270606,105,expanded
V,short,326.65,2026-01-16 09:50:00-05:00,0.13163936935556406,0.795958977498859,-0.5265574774223258,94,core
V,long,324.47,2026-01-20 09:55:00-05:00,1.1865503744567958,0.5763244675933074,0.44071871051251266,85,expanded
V,short,326.0,2026-01-21 04:25:00-05:00,0.9202453987730062,0.8190184049079804,0.095092024539878,126,core
V,short,325.78,2026-01-22 09:55:00-05:00,0.5463809933083593,0.4849898704647434,-0.1692246301184929,85,core
V,long,326.75,2026-01-23 10:15:00-05:00,0.3121652639632691,0.6518745218056604,-0.21117061973986156,84,expanded
V,short,326.65,2026-01-26 09:55:00-05:00,0.4959436705954399,1.6378386652380295,-0.6275830399510215,98,core
V,long,328.16,2026-01-27 09:55:00-05:00,0.03352023403216626,0.9903705509507557,-0.8471477328132708,86,expanded
V,short,326.085,2026-01-28 10:00:00-05:00,0.3695355505466318,0.5228698038855025,-0.24993483294233032,103,core
V,short,330.66,2026-01-29 08:50:00-05:00,2.1623419827012746,0.816548720740334,1.091755882175048,124,expanded
V,short,328.67,2026-01-30 07:45:00-05:00,2.151093802294092,1.317430857699207,1.9411567833997612,124,expanded
V,short,323.74,2026-02-02 08:50:00-05:00,0.16371162043616158,3.478099709643538,-3.4008772471736552,101,expanded
V,long,334.55,2026-02-03 09:55:00-05:00,0.370647137946498,1.7087131968315639,-1.274518009266189,90,core
V,long,325.725,2026-02-04 09:55:00-05:00,1.714636579937057,0.40217975285900753,1.2934223654923525,91,expanded
V,short,333.27,2026-02-05 09:55:00-05:00,1.3352536982026553,0.08101539292466729,0.8251567797881597,95,core
V,short,330.24,2026-02-06 09:55:00-05:00,0.9508236434108485,0.7085755813953413,-0.3290939922480567,91,core
V,short,327.75,2026-02-09 10:00:00-05:00,1.2601067887109063,0.5095347063310498,0.7848054919908495,95,expanded
V,long,328.54,2026-02-10 11:15:00-05:00,0.4078651001400057,0.4854812199427854,-0.015218847020153213,68,expanded
V,long,327.98,2026-02-11 04:05:00-05:00,0.9323739252393416,0.7530947008964044,0.6816269284712412,109,expanded
V,short,329.02,2026-02-12 11:00:00-05:00,1.5257431159199994,0.012157315664707454,1.3707373411950614,76,core
V,short,322.06,2026-02-13 09:55:00-05:00,2.86903061541328,0.10867540209899482,2.449854064460034,100,expanded
V,short,313.5,2026-02-17 08:25:00-05:00,0.3189792663476874,2.5135566188197753,-1.8755980861244006,98,core
V,long,320.8,2026-02-18 04:45:00-05:00,0.46134663341644677,1.2718204488778004,-0.07793017456359101,101,expanded
V,short,320.0,2026-02-19 04:35:00-05:00,1.3343749999999943,0.287500000000005,0.6124999999999936,103,expanded
V,long,320.305,2026-02-20 12:45:00-05:00,0.6384539735564589,0.04526935264825145,0.20137056867672432,46,expanded
V,long,318.98,2026-02-23 04:10:00-05:00,0.48122139319078566,4.475202207034934,-3.682770079628815,125,expanded
V,long,304.92,2026-02-24 11:45:00-05:00,1.0822510822510858,0.059031877213697626,0.8082447855175084,66,expanded
V,short,310.84,2026-02-25 10:05:00-05:00,0.10294685368678201,0.9972976450907294,-0.6852399948526742,91,expanded
V,short,317.45,2026-02-26 10:20:00-05:00,1.0867853205229134,0.2016065522129426,0.9229799968498998,91,expanded
V,short,312.8075,2026-02-27 09:55:00-05:00,0.002397640721527834,2.372865100740875,-2.0979356313387627,89,core
V,short,321.31,2026-03-02 15:05:00-05:00,0.7158196134574123,0.003112259188942425,0.5633189131990919,16,expanded
V,long,315.98,2026-03-03 04:05:00-05:00,1.9178429014494593,0.5158554338882193,1.5127539717703566,116,expanded
V,short,324.29,2026-03-04 10:55:00-05:00,1.3198063461716454,0.2960313299824168,1.1409540843072699,75,expanded
V,long,316.22,2026-03-05 10:50:00-05:00,1.4799822908101794,0.4585415217253954,1.4799822908101794,75,expanded
V,long,314.78,2026-03-06 11:15:00-05:00,0.9244551750428952,0.6163034500285908,0.5877120528623239,70,expanded
V,long,312.29,2026-03-09 10:05:00-04:00,1.3160844087226478,0.6852604950526892,0.9158154279675803,84,core
V,long,314.92,2026-03-10 14:45:00-04:00,0.16194589101993867,0.30007620983106603,-0.06985901181253247,32,expanded
V,long,314.4499,2026-03-11 09:55:00-04:00,0.12246783986891577,2.486850846510054,-2.397806455018745,96,expanded
V,short,309.495,2026-03-12 10:05:00-04:00,1.1231199211618925,0.4701206804633303,0.7253752080001308,86,expanded
V,short,307.99,2026-03-13 10:10:00-04:00,0.5097243416994117,0.5341082502678599,0.2889704211175643,75,expanded
V,short,310.74,2026-03-16 10:10:00-04:00,1.0812898242904079,0.1158524811739762,0.24779558473321164,78,expanded
V,long,310.145,2026-03-17 10:40:00-04:00,0.30469619049154206,0.8915184832900696,-0.5948830385787198,76,expanded
V,long,306.96,2026-03-18 09:55:00-04:00,0.07167057597081943,2.75605942142298,-2.557336460776637,103,core
V,long,298.6387,2026-03-19 09:25:00-04:00,1.2812472060720876,0.5379409969303988,0.4524865665434646,97,expanded
V,short,300.455,2026-03-20 09:55:00-04:00,0.48090396232379606,1.7223877119701823,-0.9194388510758645,100,core
V,long,295.49,2026-03-27 12:05:00-04:00,0.6193102981488321,0.39595248570172115,-0.27412095163965017,71,expanded
V,short,297.27,2026-03-30 09:55:00-04:00,0.4642244424260758,1.1471053251253154,-0.7636155683385605,96,core
V,long,299.14,2026-03-31 10:25:00-04:00,1.4040248712977164,0.8541151300394487,1.2870227986895844,83,expanded
V,short,299.445,2026-04-01 11:45:00-04:00,0.5343218287164474,0.5259730501427603,0.11521314431697655,63,expanded
V,short,296.405,2026-04-02 09:55:00-04:00,0.0556670771410616,2.046153067593335,-1.4827685093031626,76,expanded
V,short,301.18,2026-04-06 04:05:00-04:00,0.5710870575735532,1.075768643336214,-0.6132877349093604,106,expanded
V,short,303.57,2026-04-07 05:45:00-04:00,0.8070626214711561,1.782126033534284,-1.5218895147741889,127,expanded
V,long,308.3505,2026-04-08 08:05:00-04:00,0.885193959471437,0.39905886320923956,0.06440722489504606,107,expanded
V,short,308.02,2026-04-09 04:10:00-04:00,1.4382182975131508,0.5064606194402969,0.06051555093824814,107,expanded
V,long,306.65,2026-04-10 10:45:00-04:00,0.06848198271646384,1.023968693950754,-0.7989564650252695,84,expanded
V,short,304.5,2026-04-13 10:30:00-04:00,0.019704433497537692,1.7290640394088626,-1.520525451559933,83,expanded
V,short,310.56,2026-04-14 11:10:00-04:00,0.13201957753735993,0.42825862957238026,-0.3541988665636343,74,expanded
V,short,312.34,2026-04-15 09:55:00-04:00,0.2625344176218202,1.4247294614842947,-1.2370493692770783,92,core
V,short,315.73,2026-04-16 09:55:00-04:00,0.36740252747601587,0.2628828429354144,-0.0031672631678937397,83,core
V,short,316.0,2026-04-17 04:20:00-04:00,0.5338607594936746,1.0886075949367082,-0.33841772151897886,114,expanded
V,short,316.26,2026-04-20 10:00:00-04:00,1.2363245430974414,0.025295642825518272,0.5881236956934212,89,expanded
V,short,314.945,2026-04-21 10:15:00-04:00,1.9447840099064917,0.02381368175395343,1.2335487148549718,89,expanded
V,short,309.58,2026-04-22 09:55:00-04:00,0.34882744363331264,0.5749725434459686,-0.4586859616254332,89,core
V,long,307.725,2026-04-23 10:30:00-04:00,0.4370785604029475,0.8822812576163885,0.36558615647087495,78,expanded
V,short,308.01,2026-04-24 04:05:00-04:00,1.1395733904743324,0.6395896237135247,-0.3863510924969961,132,expanded
V,short,309.23,2026-04-27 10:15:00-04:00,0.12450279727063703,0.5125634640882125,-0.30721469456391315,85,expanded
V,short,311.64,2026-04-28 09:55:00-04:00,0.9305609036067185,5.75664227955333,-4.286997817995127,120,core
V,short,335.72,2026-04-29 10:00:00-04:00,0.9889193375432056,1.2421065173358627,0.9591326105087653,110,expanded
V,short,334.3,2026-04-30 08:20:00-04:00,1.860604247681731,0.05982650314088801,1.5854023332336258,119,core
V,short,331.95,2026-05-01 09:55:00-04:00,1.4731134206958838,0.6748004217502663,1.3344780840488026,88,core
V,short,326.89,2026-05-04 09:55:00-04:00,0.32732723546146814,0.8871485820918457,-0.006118266083403792,86,expanded
V,short,322.21,2026-05-05 10:20:00-04:00,0.7960646783153837,0.49346699357562834,0.06827845194127137,91,expanded
V,short,323.53,2026-05-06 08:55:00-04:00,1.7092696195097745,0.3245448644638863,1.4279974036410683,110,core
V,short,322.2,2026-05-07 10:10:00-04:00,0.7479826194909894,0.4034761018001277,0.33829919304778866,87,expanded
V,long,317.3,2026-05-08 10:15:00-04:00,1.1282697762369946,0.09454774661204265,0.567286479672238,75,expanded
V,short,322.56,2026-05-11 11:00:00-04:00,0.11160714285714708,0.8122519841269856,-0.4433283730158752,72,expanded
V,short,325.16,2026-05-12 10:05:00-04:00,0.12301636117604689,1.1532783860253413,-0.46091155123630984,86,core
V,long,323.99,2026-05-13 09:55:00-04:00,0.18056112842988348,1.2932497916602357,-0.9845982900706804,90,expanded
V,short,321.4627,2026-05-14 09:55:00-04:00,0.2061514446310482,0.6337593755045348,-0.4782203347386854,92,expanded
V,short,327.2,2026-05-15 10:25:00-04:00,1.5342298288508502,0.47677261613692,0.7885085574572079,91,expanded
V,long,328.245,2026-05-18 09:55:00-04:00,1.5796127892275593,0.0502673308047405,1.3907294855976475,90,core
V,long,333.9,2026-05-19 09:55:00-04:00,0.3803533992213354,1.3207547169811227,-1.1230907457322554,81,core
V,long,329.92,2026-05-20 04:10:00-04:00,0.5258850630455737,0.9395914161008702,0.16670708050436814,123,expanded
V,short,331.77,2026-05-21 11:15:00-04:00,0.4460921722880192,0.22606022244325888,0.1974259276004379,70,expanded
V,long,330.09,2026-05-22 12:05:00-04:00,0.12117907237421133,0.39080250840678715,-0.38777303159743487,61,expanded
V,long,325.81,2026-05-26 09:55:00-04:00,0.6721708971486442,0.3990055553850439,0.027623461526648966,84,core
V,short,326.51,2026-05-27 04:40:00-04:00,0.38589935989709073,1.516033199595721,-0.33383357324432084,112,core
V,long,324.4,2026-05-28 10:35:00-04:00,0.28070283600494605,1.0789149198520345,0.06917385943279988,84,expanded
V,short,330.6801,2026-05-29 12:05:00-04:00,1.3245732053425563,0.12093258711364924,1.0977679031789245,60,expanded
V,short,323.53,2026-06-01 09:55:00-04:00,1.4990881834760197,0.6336352115723463,0.36472660958796715,92,core
V,short,314.555,2026-06-02 09:55:00-04:00,0.3703644831587546,1.285943634658491,-1.0951979780960381,96,core
V,short,313.0,2026-06-03 09:55:00-04:00,1.2779552715654952,0.6166134185303537,-0.41533546325878956,100,core
V,short,316.63,2026-06-04 09:05:00-04:00,0.5116381896851229,2.567665729716071,-1.1934434513469947,99,expanded
V,long,321.99,2026-06-05 11:20:00-04:00,1.2391378614242607,0.31678002422434914,0.3136743377123485,71,expanded
V,long,321.6475,2026-06-08 09:55:00-04:00,0.3448184736396248,1.0003186718379509,-0.3412120411319747,85,expanded
V,long,319.98,2026-06-09 06:50:00-04:00,1.7219826239139917,0.9313082067629282,1.4625914119632497,103,expanded
V,short,324.865,2026-06-10 09:55:00-04:00,1.44213750327059,0.19854401058900828,0.5433026026195454,86,core
V,short,322.82,2026-06-11 09:55:00-04:00,1.5054829316647091,0.2137414038783216,1.012948392292913,96,expanded
V,short,324.77,2026-06-12 11:25:00-04:00,1.225482649259464,0.10161037041599931,0.7728546355882597,64,expanded
JPM,long,314.955,2025-12-16 12:00:00-05:00,0.7382006953374256,0.17621564985474333,0.14446508231335936,63,expanded
JPM,short,317.27,2025-12-17 09:55:00-05:00,0.822643174583149,0.2616068332965742,0.6366816906735531,90,expanded
JPM,long,315.84,2025-12-18 09:55:00-05:00,0.5889057750759922,1.1461499493414222,-0.9783434650455849,98,core
JPM,short,315.8,2025-12-19 10:00:00-05:00,0.07283090563648455,0.8739708676377425,-0.5255858138061943,90,expanded
JPM,long,322.155,2025-12-22 13:50:00-05:00,0.40198041315516314,0.14741351212925177,0.3274821126476407,48,expanded
JPM,short,324.62,2025-12-23 10:05:00-05:00,0.09241574764340194,0.9734458751771204,-0.59792988725278,89,expanded
JPM,long,326.83,2025-12-24 08:50:00-05:00,0.966863507022007,0.4065110301991844,0.6714193923446532,67,expanded
JPM,short,329.05,2025-12-26 09:55:00-05:00,0.7628020057741957,0.10220331256647751,0.3646862179000117,90,expanded
JPM,long,325.27,2025-12-29 10:10:00-05:00,0.23672641190396862,0.6117994281673714,-0.26747010176161484,86,expanded
JPM,short,323.87,2025-12-30 09:55:00-05:00,0.4260968907277597,0.08642356501065174,0.2006978108500254,87,core
JPM,short,323.98,2025-12-31 09:55:00-05:00,0.5988023952095801,0.20062966849804842,0.4969442558182646,84,core
JPM,long,322.13,2026-01-02 09:55:00-05:00,1.2789867444820429,0.2762859715021843,1.0151181200136534,102,expanded
JPM,short,324.0,2026-01-05 08:25:00-05:00,0.015432098765435609,4.089506172839506,-3.070987654320984,121,core
JPM,short,332.93,2026-01-06 09:55:00-05:00,0.49860331000511365,0.8830685129006091,-0.5567236355990739,93,expanded
JPM,long,325.27,2026-01-07 11:15:00-05:00,0.9346081716727705,0.08761951609431186,0.3996679681495408,88,expanded
JPM,short,326.5,2026-01-08 08:25:00-05:00,0.4677182235834666,1.5007656967840666,-1.102603369065857,109,core
JPM,short,330.0408,2026-01-09 08:25:00-05:00,0.5668390089952438,0.5633242920269212,0.19112788479483905,119,core
JPM,short,320.25,2026-01-12 07:15:00-05:00,0.39032006245121,2.088992974238875,-1.4738485558157775,152,core
JPM,short,327.52,2026-01-13 07:10:00-05:00,5.174645823155831,1.2472826086956557,4.677576941866144,153,expanded
JPM,short,310.64,2026-01-14 08:25:00-05:00,1.4550605202163218,0.3605459696111269,1.0108163790883296,132,core
JPM,short,308.0,2026-01-15 07:20:00-05:00,0.11038961038960227,1.6038961038961033,-0.47077922077921713,141,core
JPM,short,309.82,2026-01-16 08:25:00-05:00,0.07100897295202713,2.385255955070682,-0.9586211348525038,123,core
JPM,long,306.59,2026-01-20 09:10:00-05:00,1.487328353827588,1.5427769985974629,-1.105711210411294,125,expanded
JPM,short,302.55,2026-01-21 07:45:00-05:00,0.4627334324905087,0.9419930589985014,-0.08593620889108937,134,core
JPM,short,303.54,2026-01-22 08:25:00-05:00,0.21084535810767716,1.53521776372141,0.11675561705211776,126,core
JPM,short,302.12,2026-01-23 08:25:00-05:00,1.8568780616973435,0.14894743810406086,1.5509069244009075,123,core
JPM,short,297.3244,2026-01-26 08:25:00-05:00,0.17300968235369288,1.496883538653387,-1.2294988235072508,122,core
JPM,long,301.25,2026-01-27 08:30:00-05:00,0.23900414937760242,1.0290456431535346,-0.4049792531120423,120,core
JPM,long,299.92,2026-01-28 09:25:00-05:00,0.6668444918644971,0.6234995998933064,0.36009602560682313,119,expanded
JPM,short,301.7,2026-01-29 08:25:00-05:00,0.08617832283725255,1.750082863771969,-1.4252568776930765,119,core
JPM,long,305.0,2026-01-30 08:30:00-05:00,0.9606557377049203,0.8016393442622928,0.14695081967212648,113,core
JPM,long,305.27,2026-02-02 09:55:00-05:00,1.3201428243849804,0.30176565008025646,0.9499787073738115,94,core
JPM,long,314.245,2026-02-03 10:45:00-05:00,0.5171124441120781,1.6388486690321173,0.1384270235007724,88,expanded
JPM,short,316.83,2026-02-04 10:10:00-05:00,0.42609601363506167,0.7811760249976399,-0.1262506707066989,94,expanded
JPM,long,312.68,2026-02-05 10:00:00-05:00,0.05756684149929858,2.2834847128054196,-0.7931431495458673,111,core
JPM,long,312.5,2026-02-06 08:50:00-05:00,3.7584000000000013,0.03200000000000728,3.1039999999999965,108,core
JPM,short,325.89,2026-02-09 10:55:00-05:00,1.3387952990272791,0.156494522691703,1.1997913406364014,79,expanded
JPM,short,321.76,2026-02-10 09:00:00-05:00,2.0636188463451055,1.3566011934361042,1.0442565887618143,101,core
JPM,long,315.53,2026-02-11 11:55:00-05:00,0.03486197825880698,2.1550724178366494,-1.2829841853389383,74,expanded
JPM,long,311.56,2026-02-12 09:55:00-05:00,0.1822762870715139,3.703941455899352,-2.7442547181923262,103,core
JPM,long,301.09,2026-02-13 09:55:00-05:00,1.0628051413198865,0.3786243315951996,0.5513301670596915,99,core
JPM,short,306.75,2026-02-17 10:10:00-05:00,0.715566422167887,0.33251833740830705,-0.11735941320293844,84,expanded
JPM,short,308.2345,2026-02-18 08:35:00-05:00,0.3291325273452511,1.3124747554215854,-0.1380442487781217,99,core
JPM,short,306.7,2026-02-19 09:55:00-05:00,0.5151613955004839,0.80860776002609,-0.5053798500163063,96,expanded
JPM,long,309.17,2026-02-20 10:05:00-05:00,0.5919073648801578,0.6339554290519896,0.34932237927353366,93,expanded
JPM,long,298.635,2026-02-23 11:40:00-05:00,0.6178110402330697,1.1837192559478857,-0.2528169839436086,95,expanded
JPM,short,297.66,2026-02-24 12:40:00-05:00,0.39978498958543224,0.7021433850702059,-0.010078613182816876,65,expanded
JPM,short,298.68,2026-02-25 09:35:00-05:00,0.5591268246953315,1.7510379000937517,-1.1617784920315959,102,expanded
JPM,short,307.15,2026-02-26 10:00:00-05:00,1.3315969396060476,0.14976395897771005,1.2502034836399074,105,expanded
JPM,short,300.55,2026-02-27 08:30:00-05:00,2.678422891365833,0.7985360173016062,0.20299451006487723,125,expanded
JPM,short,295.63,2026-03-02 08:25:00-05:00,0.818590806075167,1.5796772993268666,-0.46341710922436985,116,core
JPM,short,293.3,2026-03-03 08:25:00-05:00,1.2956017729287457,3.0992158199795345,-2.3286737129219177,118,core
JPM,short,301.81,2026-03-04 08:25:00-05:00,1.9846923561180907,0.06295351380007214,0.6924886518007936,113,core
JPM,short,293.97,2026-03-05 11:25:00-05:00,0.5238629792155731,1.8437255502261995,-0.0012246147565904606,92,expanded
JPM,short,292.01,2026-03-06 08:25:00-05:00,2.842368412040688,0.0,1.2088627101811489,125,core
JPM,short,284.9,2026-03-09 08:25:00-04:00,1.5619515619515583,2.176167076167081,-1.2636012636012717,124,core
JPM,short,288.0,2026-03-10 08:30:00-04:00,0.2847222222222198,1.6493055555555556,-0.35416666666666036,113,core
JPM,short,286.71,2026-03-11 08:55:00-04:00,0.9626451815423219,1.3157894736842233,0.8580098357224999,121,core
JPM,long,283.3191,2026-03-12 09:05:00-04:00,0.2756256108395202,1.4891689264860608,-0.236094213203419,115,expanded
JPM,short,286.62,2026-03-13 10:55:00-04:00,1.2909078222036106,0.0558230409601452,1.1932175005233465,87,expanded
JPM,short,287.405,2026-03-16 10:20:00-04:00,0.9724952593030599,0.1704911188044777,0.5781736573824381,93,expanded
JPM,short,289.28,2026-03-17 10:05:00-04:00,1.1511338495575167,0.20395464601771016,0.9437223451327301,92,expanded
JPM,short,287.18,2026-03-18 10:20:00-04:00,0.4108921234069248,0.77477540218677,-0.006964273278077098,97,expanded
JPM,short,285.5411,2026-03-19 10:15:00-04:00,0.3225805321895753,1.28139171558841,-1.1237961890600088,87,expanded
JPM,short,287.51,2026-03-20 09:55:00-04:00,0.7791033355361585,1.2138708218844594,-0.34433584918785753,116,core
JPM,short,293.11,2026-03-23 07:40:00-04:00,3.612978062843312,0.9006857493773621,0.9552727644911505,117,expanded
JPM,long,292.5,2026-03-24 13:05:00-04:00,1.0085470085470047,0.22222222222221447,0.7692307692307693,65,expanded
JPM,short,296.18,2026-03-25 09:35:00-04:00,1.2627456276588591,0.4929434803160171,0.4017826997096353,101,core
JPM,short,294.67,2026-03-26 10:10:00-04:00,1.3370889469576128,0.03054264092034309,0.5837038042556172,90,expanded
JPM,long,285.6327,2026-03-27 10:30:00-04:00,0.3771276888115418,1.3593331575831478,-1.0617481821934174,97,expanded
JPM,short,284.91,2026-03-30 09:55:00-04:00,0.9055491207749958,0.7791934295040435,0.6423080972938966,96,expanded
JPM,long,290.345,2026-03-31 10:00:00-04:00,1.6280631662332654,0.7869947820696154,1.5584907609912264,96,core
JPM,short,294.94,2026-04-01 10:25:00-04:00,0.688275581474189,1.030718112158412,-0.2576795280395982,87,expanded
JPM,long,291.37,2026-04-02 09:35:00-04:00,1.458626488657034,0.9094965164567311,1.1943576895356482,102,expanded
JPM,long,295.15,2026-04-06 09:45:00-04:00,0.5692021006268023,0.23377943418600636,0.199898356767756,93,expanded
JPM,short,295.055,2026-04-07 10:20:00-04:00,0.10845435596752917,3.031638169154901,-2.692718306756365,106,expanded
JPM,long,305.74,2026-04-08 08:10:00-04:00,1.8054556158827704,0.4023026100608419,0.5691110093543563,116,expanded
JPM,short,307.7,2026-04-09 10:55:00-04:00,0.1982450438739076,1.1569710757231078,-0.7149821254468601,78,expanded
JPM,short,307.86,2026-04-10 09:50:00-04:00,0.346975898135513,0.8088091989865552,-0.7276034561164195,94,core
JPM,short,309.19,2026-04-13 11:25:00-04:00,0.15847860538827552,1.5556777386073295,-1.3033733303146924,94,expanded
JPM,short,309.92,2026-04-14 07:00:00-04:00,0.3452503871966937,1.6649457924625604,-0.3968766133195538,141,core
JPM,short,308.13,2026-04-15 09:55:00-04:00,1.255963392074775,0.29211696361925454,0.5744328692434952,105,core
JPM,short,308.74,2026-04-16 10:05:00-04:00,0.61540454751572,0.3919155276284185,-0.3012243311524282,101,expanded
JPM,short,311.795,2026-04-17 10:00:00-04:00,0.6398434869064624,0.9958466299972614,0.4153370002726201,94,core
JPM,short,314.65,2026-04-20 10:00:00-04:00,0.43858255204194996,1.0201811536628116,-0.9502621960908977,101,expanded
JPM,long,319.67,2026-04-21 09:50:00-04:00,0.04692338974566811,2.1647323802671554,-1.413958144336359,101,core
JPM,short,314.36,2026-04-22 09:50:00-04:00,0.7696908003562802,0.25085888789921557,0.43898714849217313,94,expanded
JPM,short,312.735,2026-04-23 09:55:00-04:00,1.2294754344732848,0.7210577645610486,0.29897517067165563,88,core
JPM,long,310.13,2026-04-24 10:00:00-04:00,0.09673362783349285,0.7222777544900555,-0.532583110308582,98,expanded
JPM,short,310.24,2026-04-27 10:15:00-04:00,0.05963125322331172,0.7542547705002498,-0.4415936049510071,83,expanded
JPM,long,312.47,2026-04-28 10:40:00-04:00,0.4416423976701748,0.4160399398342277,-0.20481966268763183,78,expanded
JPM,short,307.58,2026-04-29 09:55:00-04:00,0.04226542688081002,1.1671760192470355,-0.28285324143312457,99,core
JPM,short,313.57,2026-04-30 15:55:00-04:00,0.38268967056797165,0.11480690117039692,0.14988678763911423,25,expanded
JPM,short,314.3,2026-05-01 09:55:00-04:00,0.9704104358892813,0.5663378937320944,0.8749602290804964,101,expanded
JPM,short,309.02,2026-05-04 09:50:00-04:00,0.8122451621254259,0.3171315772441972,0.41097663581644617,97,core
JPM,long,308.6,2026-05-05 09:55:00-04:00,0.7679844458846418,0.23007128969541032,0.4050550874918989,104,core
JPM,short,312.85,2026-05-06 07:40:00-04:00,0.572159181716484,1.0898194022694518,-0.6073198018219521,113,expanded
JPM,short,312.19,2026-05-07 09:55:00-04:00,2.008392325186579,0.1473461673980523,1.8225759953874316,107,core
JPM,short,308.24,2026-05-08 09:00:00-04:00,2.5110303659486144,0.24331689592525305,1.9692447443550458,116,core
JPM,long,302.1,2026-05-11 09:30:00-04:00,0.3608076795762909,1.0658722277391681,-0.7191989407481033,109,expanded
JPM,long,298.03,2026-05-12 10:10:00-04:00,2.6951649162836135,0.523437237861942,2.187699224910257,94,expanded
JPM,long,301.7,2026-05-13 10:05:00-04:00,0.1937023533311291,0.5399734835929711,-0.36460059661914684,101,core
JPM,long,302.622,2026-05-14 09:50:00-04:00,0.3595244232078188,1.2596572621950857,-0.9292120202761239,104,core
JPM,short,299.56,2026-05-15 09:55:00-04:00,1.0381893443717498,0.1301909467218542,0.6789958605955374,91,core
JPM,short,299.455,2026-05-18 10:15:00-04:00,0.2988428979312441,0.5760464844467525,-0.502579686430347,89,expanded
JPM,short,299.845,2026-05-19 09:55:00-04:00,1.5291233804132256,0.21844619720187852,1.1827110673848256,103,core
JPM,short,301.72,2026-05-20 14:00:00-04:00,0.5688718016704299,0.39937690574041623,0.13257324671882342,46,expanded
JPM,long,301.56,2026-05-21 11:20:00-04:00,0.8754476721050493,0.2244329486669367,0.4808330017243629,76,expanded
JPM,long,305.53,2026-05-22 10:45:00-04:00,0.6284161948090257,0.1276470395705778,0.1603770497168884,80,expanded
JPM,long,308.62,2026-05-26 10:25:00-04:00,0.048603460566384954,1.0303933640075196,-0.6059231417276925,90,core
JPM,long,298.12,2026-05-27 10:10:00-04:00,1.5094592781430296,0.6977056218972173,0.3622702267543218,103,expanded
JPM,short,298.905,2026-05-28 10:05:00-04:00,1.0555193121560271,0.520232180793231,0.7376925779093639,107,expanded
JPM,long,297.065,2026-05-29 09:55:00-04:00,0.9476040597175694,0.6294918620503945,0.2810832646053825,97,core
JPM,long,296.13,2026-06-01 11:20:00-04:00,0.40860432917974526,0.21274440279606777,0.18910613581872904,84,expanded
JPM,short,297.6,2026-06-02 10:05:00-04:00,0.7829301075268955,1.502016129032248,-1.2096774193548272,100,core
JPM,long,298.29,2026-06-03 09:20:00-04:00,1.2303463072848433,0.5799725099735218,1.0627241945757346,107,expanded
JPM,long,304.3,2026-06-04 08:30:00-04:00,2.8294446270128204,0.3121919158724905,2.159382188629632,124,expanded
JPM,long,311.61,2026-06-05 09:00:00-04:00,1.0878983344565278,0.6450370655627197,0.11873816629761706,110,expanded
JPM,short,312.68,2026-06-08 09:55:00-04:00,0.7643597287962091,0.3997697326340028,0.7643597287962091,92,core
JPM,long,313.84,2026-06-09 10:40:00-04:00,0.035049706857001546,1.5390007647208719,-0.6028549579403506,82,expanded
JPM,short,313.445,2026-06-10 09:55:00-04:00,1.7302876102665505,0.4163409848617802,1.4181116304295789,106,core
JPM,long,311.4988,2026-06-11 09:55:00-04:00,1.034097081593897,0.7893449348761525,0.6126508352520047,88,core
JPM,short,316.65,2026-06-12 09:55:00-04:00,0.14527080372650547,1.4684983420180118,-1.2916469287857357,100,expanded
SOUN,long,10.935,2025-12-15 12:20:00-05:00,0.5944215820758986,3.063557384545047,-2.7892089620484657,91,expanded
SOUN,long,10.73,2025-12-16 08:25:00-05:00,4.193849021435222,2.0503261882572286,3.7278657968313174,138,core
SOUN,short,11.425,2025-12-17 10:00:00-05:00,4.682713347921226,1.0940919037199124,4.0700218818380725,116,expanded
SOUN,long,11.11,2025-12-18 08:25:00-05:00,3.9603960396039724,2.4302430243024262,-1.0810081008100718,136,core
SOUN,short,11.02,2025-12-19 08:25:00-05:00,1.905626134301262,1.270417422867519,-0.45372050816697557,137,core
SOUN,short,11.2497,2025-12-22 08:40:00-05:00,1.5973759300248043,2.4471763691476185,-0.44712303439202833,133,expanded
SOUN,short,11.13,2025-12-23 08:25:00-05:00,3.2165318957771833,0.17969451931715696,0.9910152740341466,136,core
SOUN,short,11.02,2025-12-24 07:00:00-05:00,2.3593466424682377,0.5444646098003676,1.088929219600719,113,expanded
SOUN,short,10.9,2025-12-26 08:25:00-05:00,3.486238532110099,0.1834862385321062,2.660550458715605,136,core
SOUN,long,10.57,2025-12-29 05:30:00-05:00,2.0813623462629978,2.637653736991489,-1.9914853358561937,169,expanded
SOUN,long,10.38,2025-12-30 06:25:00-05:00,1.5414258188824506,3.853564547206169,-3.4682080924855607,159,expanded
SOUN,short,9.98,2025-12-31 11:00:00-05:00,1.2024048096192483,0.8016032064128262,0.5040080160320642,104,expanded
SOUN,long,10.23,2026-01-02 07:25:00-05:00,3.861192570869986,1.2707722385141815,3.81231671554251,150,core
SOUN,long,10.8,2026-01-05 08:25:00-05:00,4.490740740740735,2.5000000000000124,2.129629629629617,136,expanded
SOUN,short,11.08,2026-01-06 06:15:00-05:00,3.0685920577617316,1.8140794223826762,-1.8041516245487321,163,core
SOUN,short,11.33,2026-01-07 08:25:00-05:00,3.265666372462482,1.4121800529567532,2.6478375992939163,136,expanded
SOUN,short,10.97,2026-01-08 06:25:00-05:00,3.281677301732007,3.7374658158614413,-2.005469462169543,162,core
SOUN,short,12.02,2026-01-09 12:25:00-05:00,3.410981697171382,0.5823627287853601,0.9983361064891783,90,expanded
SOUN,long,12.56,2026-01-12 05:05:00-05:00,2.3089171974522227,8.757961783439487,-7.643312101910834,178,expanded
SOUN,short,11.65,2026-01-13 06:05:00-05:00,6.351931330472105,1.2875536480686725,4.635193133047219,165,core
SOUN,short,11.0,2026-01-14 08:25:00-05:00,1.818181818181812,2.9090909090909114,-2.272727272727273,137,core
SOUN,long,11.35,2026-01-15 05:40:00-05:00,0.6167400881057294,4.0528634361233395,-2.6431718061673917,165,expanded
SOUN,long,11.2,2026-01-16 10:05:00-05:00,2.50000000000001,1.874999999999992,-0.2678571428571372,118,expanded
SOUN,long,10.6,2026-01-20 07:05:00-05:00,2.8301886792452895,1.886792452830182,-1.4150943396226447,153,expanded
SOUN,long,10.49,2026-01-21 07:25:00-05:00,2.859866539561477,3.717826501429938,2.287893231649192,149,expanded
SOUN,long,10.775,2026-01-22 07:35:00-05:00,1.8088167053364315,1.2993039443155505,1.7169373549884035,146,expanded
SOUN,short,10.96,2026-01-23 06:30:00-05:00,7.208029197080299,0.5474452554744409,5.565693430656945,158,expanded
SOUN,short,10.27,2026-01-26 07:00:00-05:00,4.576436222005832,0.5842259006816017,2.921129503407974,154,expanded
SOUN,short,10.0,2026-01-27 06:30:00-05:00,4.700000000000006,0.8000000000000007,0.19999999999999576,159,core
SOUN,long,9.9203,2026-01-28 10:10:00-05:00,0.2993861072749822,2.9263227926574644,-2.522101146134689,117,expanded
SOUN,short,9.69,2026-01-29 08:25:00-05:00,7.688338493292046,0.309597523219826,6.398348813209487,137,core
SOUN,short,8.98,2026-01-30 06:55:00-05:00,7.238307349665927,1.1135857461024459,5.790645879732734,155,core
SOUN,short,8.4,2026-02-02 09:25:00-05:00,2.261904761904756,2.0833333333333206,-1.21190476190475,126,expanded
SOUN,long,8.61,2026-02-03 07:30:00-05:00,1.045296167247385,8.07200929152148,-4.297328687572581,149,core
SOUN,short,8.19,2026-02-04 08:25:00-05:00,7.631257631257621,0.3663003663003802,1.5873015873015754,138,core
SOUN,short,7.765,2026-02-05 09:55:00-05:00,11.010946555054728,0.005151320025756033,9.20798454603992,120,core
SOUN,short,7.58,2026-02-06 08:25:00-05:00,0.7915567282321965,15.567282321899734,-15.212401055408975,138,core
SOUN,short,8.57,2026-02-09 08:25:00-05:00,2.8004667444574123,4.317386231038497,-3.033838973162191,137,core
SOUN,long,8.9,2026-02-10 07:30:00-05:00,1.1235955056179736,7.528089887640449,-6.51685393258427,149,expanded
SOUN,short,8.3,2026-02-11 08:25:00-05:00,8.67469879518073,1.5662650602409518,4.578313253012057,135,core
SOUN,long,7.46,2026-02-12 15:55:00-05:00,1.2064343163538855,0.6702412868632683,-0.0281501340482513,48,expanded
SOUN,short,7.46,2026-02-13 08:25:00-05:00,0.5361930294906171,4.155495978552273,-0.13538873994638662,136,expanded
SOUN,short,7.4,2026-02-17 08:25:00-05:00,4.864864864864869,0.9459459459459376,1.2175675675675746,134,core
SOUN,long,7.4,2026-02-18 06:00:00-05:00,3.6486486486486425,2.6351351351351386,1.9108108108108104,160,expanded
SOUN,long,7.52,2026-02-19 07:35:00-05:00,4.920212765957448,2.659574468085097,4.859042553191492,146,expanded
SOUN,long,7.93,2026-02-20 05:15:00-05:00,2.5851197982345533,3.7831021437578793,-1.1349306431273627,168,core
SOUN,short,7.701,2026-02-23 08:25:00-05:00,2.8697571743929258,3.1034930528502893,-1.8049603947539312,135,expanded
SOUN,short,8.335,2026-02-24 14:30:00-05:00,2.0395920815837036,1.2597480503899057,-1.0197960407918305,65,expanded
SOUN,long,8.599,2026-02-25 07:25:00-05:00,2.744505175020359,2.0816373996976423,-0.5698337015932026,150,core
SOUN,short,8.66,2026-02-26 07:35:00-05:00,4.6189376443418055,7.390300230946889,-3.6951501154734445,147,expanded
SOUN,long,9.2,2026-02-27 07:30:00-05:00,4.347826086956526,8.369565217391301,-8.043478260869549,149,expanded
SOUN,short,7.98,2026-03-02 07:25:00-05:00,2.506265664160403,8.516290726817028,-7.655388471177933,149,core
SOUN,long,8.24,2026-03-03 06:45:00-05:00,4.672330097087376,1.699029126213599,3.033980582524272,155,expanded
SOUN,short,8.63,2026-03-04 05:45:00-05:00,5.561993047508695,0.811123986095,4.171494785631531,166,expanded
SOUN,long,8.19,2026-03-05 07:45:00-05:00,3.418803418803433,3.5409035409035305,0.48840048840049965,144,expanded
SOUN,long,8.19,2026-03-06 08:05:00-05:00,3.663003663003672,2.319902319902314,-1.0989010989010972,140,expanded
SOUN,short,7.89,2026-03-09 07:25:00-04:00,3.6755386565272503,4.435994930291516,-3.54879594423321,150,expanded
SOUN,long,8.24,2026-03-10 06:40:00-04:00,1.2135922330097044,4.367718446601948,-3.5194174757281558,157,expanded
SOUN,short,7.97,2026-03-11 06:50:00-04:00,3.387703889585942,1.2547051442910984,3.0112923462986116,155,expanded
SOUN,long,7.75,2026-03-12 09:20:00-04:00,0.07096774193547892,4.12903225806452,-3.225806451612903,127,expanded
SOUN,short,7.695,2026-03-13 09:55:00-04:00,7.082521117608835,0.06497725795971271,4.8732943469785575,120,core
SOUN,short,7.5101,2026-03-16 09:55:00-04:00,2.2649498675117585,2.4620178160077737,-0.2649764983155991,118,expanded
SOUN,short,7.52,2026-03-17 07:25:00-04:00,0.7978723404255268,5.984042553191491,-3.988031914893618,148,core
SOUN,long,7.54,2026-03-18 13:00:00-04:00,1.2997347480106083,4.110079575596815,-1.591511936339524,82,core
SOUN,short,7.28,2026-03-19 08:25:00-04:00,8.653846153846152,0.13736263736263443,4.537087912087916,138,core
SOUN,short,6.8,2026-03-20 06:55:00-04:00,4.85294117647059,2.499999999999999,2.8647058823529394,156,expanded
SOUN,long,6.695,2026-03-23 12:25:00-04:00,3.659447348767739,1.2696041822255408,2.764749813293493,90,expanded
SOUN,long,6.87,2026-03-24 05:55:00-04:00,0.7278020378457034,7.423580786026197,-5.5312954876273634,158,expanded
SOUN,short,6.58,2026-03-25 04:45:00-04:00,3.6474164133738634,1.063829787234047,1.9756838905775058,173,expanded
SOUN,short,6.38,2026-03-26 07:00:00-04:00,5.172413793103449,1.4106583072100292,3.918495297805643,154,core
SOUN,long,6.08,2026-03-27 05:35:00-04:00,1.644736842105257,3.947368421052635,-3.782894736842112,167,expanded
SOUN,short,5.95,2026-03-30 05:50:00-04:00,2.0168067226890773,2.941176470588232,-0.1680672268907527,166,expanded
SOUN,long,6.12,2026-03-31 07:15:00-04:00,13.398692810457522,0.16339869281045402,12.908496732026146,152,expanded
SOUN,short,7.0,2026-04-01 04:25:00-04:00,5.142857142857148,3.285714285714292,4.0000000000000036,185,expanded
SOUN,short,6.44,2026-04-02 08:55:00-04:00,1.5527950310559087,5.590062111801234,-4.813664596273286,130,expanded
SOUN,short,6.8698,2026-04-06 07:35:00-04:00,3.0539462575329637,1.8952516812716573,3.0539462575329637,146,expanded
SOUN,long,6.72,2026-04-07 04:30:00-04:00,6.994047619047629,5.952380952380945,4.629464285714295,176,core
SOUN,short,7.23,2026-04-08 04:05:00-04:00,6.846473029045644,3.872752420470254,5.8091286307054055,188,expanded
SOUN,short,6.75,2026-04-09 04:30:00-04:00,3.2592592592592555,1.3333333333333313,2.5199999999999956,179,core
SOUN,short,6.57,2026-04-10 04:40:00-04:00,3.1963470319634695,1.9786910197869083,1.8264840182648419,175,core
SOUN,short,6.96,2026-04-14 06:25:00-04:00,0.8620689655172358,2.5862068965517198,-1.2931034482758599,162,expanded
SOUN,long,7.02,2026-04-15 07:00:00-04:00,13.679487179487182,0.14245014245013943,13.675213675213687,155,expanded
SOUN,long,8.33,2026-04-16 07:50:00-04:00,1.5954381752701003,7.803121248499403,-6.963985594237693,145,expanded
SOUN,long,7.9799,2026-04-17 08:45:00-04:00,2.5075502199275674,1.7531548014386136,1.3759570921941477,134,expanded
SOUN,short,8.2899,2026-04-20 14:55:00-04:00,0.4813085803206237,1.32812217276446,-0.48372115465808624,60,expanded
SOUN,short,8.47,2026-04-21 07:00:00-04:00,8.028335301062581,7.201889020070832,4.604486422668247,155,expanded
SOUN,short,8.13,2026-04-22 04:25:00-04:00,2.583025830258313,3.6900369003689906,-0.8290282902828935,186,core
SOUN,long,8.13,2026-04-23 04:25:00-04:00,2.829028290282886,5.535055350553518,-2.2140221402214095,186,core
SOUN,long,7.8999,2026-04-24 10:20:00-04:00,6.140584058026052,1.6443246117039474,4.039291636602991,115,expanded
SOUN,short,8.19,2026-04-27 04:25:00-04:00,3.0512820512820436,0.48840048840049965,1.0989010989010972,177,core
SOUN,short,7.9299,2026-04-28 08:35:00-04:00,0.3770539351063645,3.6583059054969254,-1.767992030164316,134,expanded
SOUN,long,7.665,2026-04-29 12:55:00-04:00,1.893020221787348,1.108936725375081,1.7442922374429244,84,expanded
SOUN,long,7.74,2026-04-30 04:25:00-04:00,3.3591731266149845,1.161498708010337,2.842377260981909,180,core
SOUN,long,7.997,2026-05-01 07:30:00-04:00,20.045016881330497,0.0875328248092994,19.04464174065274,149,expanded
SOUN,short,9.72,2026-05-04 04:25:00-04:00,5.246913580246911,3.3436213991769472,1.9804526748971274,186,expanded
SOUN,short,9.65,2026-05-05 08:05:00-04:00,7.616580310880841,1.243523316062168,5.595854922279802,142,expanded
SOUN,long,9.0835,2026-05-06 09:55:00-04:00,3.4843397368855564,1.2495183574613327,3.2641602906368687,120,expanded
SOUN,long,9.44,2026-05-07 07:25:00-04:00,5.508474576271201,14.618644067796602,-10.275423728813546,150,core
SOUN,long,8.77,2026-05-08 07:50:00-04:00,3.9908779931584912,4.789053591790193,0.3420752565564554,145,expanded
SOUN,long,8.425,2026-05-11 10:00:00-04:00,2.9080118694361925,0.8902077151335437,-0.7869436201780418,119,expanded
SOUN,short,8.27,2026-05-12 07:00:00-04:00,5.078597339782346,0.6045949214026688,2.7811366384522422,155,expanded
SOUN,short,8.11,2026-05-13 04:35:00-04:00,2.9593094944512863,6.041923551171396,-4.192355117139333,184,expanded
SOUN,short,8.42,2026-05-14 05:50:00-04:00,2.8503562945368195,1.5439429928741186,-0.5938242280285121,168,core
SOUN,long,8.405,2026-05-15 11:50:00-04:00,2.9149315883402855,0.8923259964306877,-0.4176085663295647,96,expanded
SOUN,long,8.34,2026-05-18 04:25:00-04:00,1.199040767386087,3.4772182254196546,-0.23980815347721313,181,core
SOUN,short,8.31,2026-05-19 07:35:00-04:00,2.3465703971119165,2.7075812274368185,-1.7135980746089086,144,expanded
SOUN,short,8.5498,2026-05-20 07:30:00-04:00,2.687782170343156,0.5286673372476695,1.8690495684109434,148,expanded
SOUN,short,8.43,2026-05-21 07:45:00-04:00,3.0842230130486334,0.11862396204032961,1.0676156583629877,146,expanded
SOUN,long,8.32,2026-05-22 09:30:00-04:00,6.249999999999995,2.764423076923082,-2.0420673076923097,124,expanded
SOUN,short,8.28,2026-05-26 14:50:00-04:00,1.811594202898534,0.12077294685990082,1.4492753623188313,61,expanded
SOUN,short,8.15,2026-05-27 07:30:00-04:00,2.699386503067492,1.1668711656441768,0.736196319018411,149,expanded
SOUN,long,8.02,2026-05-28 04:25:00-04:00,9.476309226932667,0.9351620947630834,8.354114713216958,185,expanded
SOUN,long,8.67,2026-05-29 04:25:00-04:00,6.343713956170712,0.8073817762399109,3.8062283737024227,185,core
SOUN,short,9.05,2026-06-01 04:25:00-04:00,2.5966850828729413,5.1933701657458435,-1.9889502762430906,186,core
SOUN,long,8.8199,2026-06-02 10:25:00-04:00,1.7018333541196626,0.6791460220637505,0.08503497772083905,114,expanded
SOUN,long,8.725,2026-06-03 05:15:00-04:00,0.7449856733524299,7.965616045845275,-7.851002865329519,176,expanded
SOUN,short,7.97,2026-06-04 06:50:00-04:00,0.5018820577164371,3.6386449184441663,-0.24968632371392482,157,expanded
SOUN,long,8.03,2026-06-05 08:30:00-04:00,0.4981320049813316,10.211706102117054,-8.219178082191773,137,expanded
SOUN,short,7.41,2026-06-08 04:25:00-04:00,1.2820512820512786,3.2388663967611366,-1.3495276653171342,184,core
SOUN,long,7.5605,2026-06-09 06:30:00-04:00,0.654718603266981,10.587924079095304,-7.148998082137433,160,core
SOUN,long,6.89,2026-06-10 05:45:00-04:00,4.063860667634256,3.338171262699558,-3.047895500725689,170,expanded
SOUN,short,6.68,2026-06-11 11:00:00-04:00,0.5988023952095813,7.634730538922166,-6.287425149700598,107,expanded
SOUN,long,7.0799,2026-06-12 09:25:00-04:00,0.9703526885972931,3.387053489456075,-1.5522818118900061,126,expanded
PODD,short,294.65,2025-12-16 09:45:00-05:00,2.419820125572712,0.4581707110130741,1.8047513999660623,77,core
PODD,long,291.775,2025-12-17 09:35:00-05:00,1.1053037443235447,0.8773883985948085,-0.7557193042584129,77,expanded
PODD,long,293.25,2025-12-18 09:35:00-05:00,2.0358056265984747,0.20801364023870883,-0.10912190963341627,79,expanded
PODD,long,293.75,2025-12-19 09:30:00-05:00,1.111489361702123,1.8212765957446884,-1.5829787234042474,81,expanded
PODD,short,289.96,2025-12-22 09:55:00-05:00,0.686301558835685,0.8863291488481146,-0.5552489998620547,73,core
PODD,long,290.17,2025-12-23 09:35:00-05:00,0.2825929627459741,1.7748216562704737,-1.609401385394774,77,expanded
PODD,long,285.2601,2025-12-24 09:35:00-05:00,1.6300562188683247,0.01756291889403499,1.0481311617011904,43,expanded
PODD,short,287.985,2025-12-26 09:35:00-05:00,0.4600934076427552,0.3524489122697315,-0.2239699984374123,76,expanded
PODD,long,288.455,2025-12-29 09:45:00-05:00,0.20973808739665395,0.9966892582898547,-0.37960860446169087,75,expanded
PODD,short,286.77,2025-12-30 09:35:00-05:00,0.3033790145412716,0.2650207483348994,-0.09066499285141086,77,expanded
PODD,short,286.18,2025-12-31 09:30:00-05:00,0.730309595359575,0.2865329512893959,0.6778950310993073,77,expanded
PODD,short,285.37,2026-01-02 09:35:00-05:00,1.8186915232855583,0.05256333882327408,0.8585345341136028,77,expanded
PODD,long,282.21,2026-01-05 09:30:00-05:00,1.1303639133978236,1.2118635058998473,0.4606498706636942,78,expanded
PODD,short,286.5,2026-01-06 08:00:00-05:00,1.6020942408376877,3.0226876090750525,-2.7399650959860464,81,expanded
PODD,long,302.15,2026-01-07 08:30:00-05:00,0.0,2.5285454244580463,-0.9862651001158238,80,expanded
PODD,long,295.2,2026-01-08 09:30:00-05:00,0.7350948509485149,2.4322493224932273,-0.7046070460704553,79,expanded
PODD,long,285.805,2026-01-09 10:25:00-05:00,1.380311751019049,0.761008379839405,1.131890624726654,67,expanded
PODD,long,283.93,2026-01-12 09:15:00-05:00,1.5514387348994374,2.2294227450427866,-1.8948332335434777,81,expanded
PODD,long,278.74,2026-01-13 08:50:00-05:00,1.6538709908875702,0.6134749228672011,-0.2654803759776168,80,expanded
PODD,long,277.02,2026-01-14 09:35:00-05:00,2.6099198613818566,0.693090751570269,2.118980579019567,77,expanded
PODD,long,282.43,2026-01-15 09:30:00-05:00,1.9296816910384835,0.9117303402612997,0.9099599900860366,80,expanded
PODD,long,284.34,2026-01-16 09:35:00-05:00,1.7285643947387006,0.3288316803826413,1.4454526271365316,78,expanded
PODD,long,286.75,2026-01-20 10:00:00-05:00,0.16041848299912104,1.77855274629469,-0.8718395815170008,73,core
PODD,long,285.985,2026-01-21 09:35:00-05:00,1.047257723307168,1.5892441911289108,-0.3584104061401941,78,expanded
PODD,long,284.96,2026-01-22 09:30:00-05:00,0.8597697922515601,3.453116226838846,-1.6423357664233602,79,core
PODD,long,278.46,2026-01-23 09:35:00-05:00,0.33218415571357157,4.553616318322203,-2.4635495223730364,77,expanded
PODD,short,273.795,2026-01-26 09:40:00-05:00,1.2491097353859697,0.7761281250570682,1.2472835515623077,77,expanded
PODD,long,267.01,2026-01-27 11:00:00-05:00,0.14231676716227687,1.8950601101082365,-0.8089584659750453,61,expanded
PODD,short,263.02,2026-01-28 09:35:00-05:00,2.1671355790434146,0.6178237396395712,1.832560261577064,77,expanded
PODD,short,255.95,2026-01-29 11:15:00-05:00,0.7149833951943677,0.1523735104512547,0.37116624340691096,58,expanded
PODD,short,259.92,2026-01-30 09:35:00-05:00,2.646968297937836,1.2003693444136674,1.5620190827947067,78,core
PODD,long,257.58,2026-02-02 09:35:00-05:00,1.1326578150477593,1.0482180293501004,-0.37269974376891823,77,expanded
PODD,short,257.98,2026-02-03 09:35:00-05:00,3.2366850143422052,0.2984727498255608,2.5079463524304315,78,expanded
PODD,short,251.86,2026-02-04 09:25:00-05:00,2.271102993726684,1.6497260382752215,0.24616850631303286,80,expanded
PODD,long,244.46,2026-02-05 12:05:00-05:00,0.8999427309171187,0.7894952139409338,-0.053178434099646336,48,expanded
PODD,long,243.98,2026-02-06 09:35:00-05:00,0.21518157226002366,1.618985162718251,-0.6721862447741563,79,expanded
PODD,short,243.26,2026-02-09 09:30:00-05:00,1.2044725807777596,1.6381649264161857,-0.9496012496916889,78,expanded
PODD,long,246.4701,2026-02-10 09:35:00-05:00,3.7468642240985868,0.0,3.4608254713249185,78,expanded
PODD,long,249.92,2026-02-11 09:35:00-05:00,1.460467349551859,1.0203265044814274,0.37211907810499634,77,expanded
PODD,long,246.6,2026-02-12 10:50:00-05:00,0.10543390105434686,2.3600973236009706,-2.343876723438768,62,expanded
PODD,short,245.15,2026-02-13 09:35:00-05:00,1.113603915969822,1.8682439322863489,1.0809708341831554,78,expanded
PODD,long,246.0875,2026-02-17 14:00:00-05:00,1.4476558134809774,0.2387362218723038,1.4354650276832424,28,expanded
PODD,short,269.155,2026-02-18 09:55:00-05:00,4.657167802938815,0.8378072114581013,4.118444762311672,73,expanded
PODD,short,257.58,2026-02-19 09:30:00-05:00,5.916608432331696,0.11938038667598594,3.292181069958844,78,expanded
PODD,long,245.67,2026-02-20 09:30:00-05:00,0.14043228721455564,3.520983433060601,-1.5386494077420936,78,expanded
PODD,long,243.07,2026-02-23 08:10:00-05:00,3.019706257456701,0.3455794627062177,2.285349899205993,92,expanded
PODD,short,246.28,2026-02-24 09:35:00-05:00,1.8312489848952376,0.7126035406853969,0.4182231606301775,78,expanded
PODD,long,244.17,2026-02-25 09:35:00-05:00,2.0600401359708407,0.7310480402997898,1.3626981201621855,78,expanded
PODD,short,249.11,2026-02-26 08:00:00-05:00,0.26895748865963465,1.6940307494681057,-1.1601300630243612,84,expanded
PODD,short,248.74,2026-02-27 09:30:00-05:00,1.2382407332958159,1.5638819651041191,0.8563158317922309,78,expanded
PODD,long,244.54,2026-03-02 09:25:00-05:00,1.9178866443117681,1.0386848777296116,1.517788500858757,82,expanded
PODD,short,240.09,2026-03-03 09:35:00-05:00,1.491107501353664,1.2536965304677374,0.0,78,expanded
PODD,short,239.73,2026-03-04 09:30:00-05:00,0.7216451841655153,3.2828598840362093,-1.3223209443957853,80,expanded
PODD,short,240.34,2026-03-05 09:35:00-05:00,0.7655820920362834,1.2419905134392883,-0.5783473412665334,80,expanded
PODD,long,236.27,2026-03-06 09:35:00-05:00,0.9015109831971877,1.2612688872899724,0.3132009988572314,77,expanded
PODD,short,235.985,2026-03-09 09:35:00-04:00,0.3792613937326568,2.18022331927876,-1.862406508888269,77,expanded
PODD,short,238.8,2026-03-10 09:35:00-04:00,2.1063651591289787,0.6532663316582924,0.041876046901182046,80,expanded
PODD,short,237.49,2026-03-11 08:50:00-04:00,1.2737378415933327,0.7410838351088429,-0.31197103035916546,81,core
PODD,short,236.34,2026-03-12 09:40:00-04:00,11.144960649911146,1.535922823051534,5.644410594905646,87,expanded
PODD,long,227.485,2026-03-13 09:55:00-04:00,0.16484603380442667,4.833285711145791,-3.3782447194320513,74,expanded
PODD,long,222.8,2026-03-16 09:30:00-04:00,3.2046678635547514,1.306104129263925,1.1197037701974841,79,expanded
PODD,short,230.21,2026-03-17 09:35:00-04:00,0.5603579340602148,1.3248772859562934,-0.13370400938273144,78,expanded
PODD,long,227.9,2026-03-18 09:30:00-04:00,1.7595436594997764,0.609916630100928,1.1114085125054776,79,expanded
PODD,long,229.01,2026-03-19 05:50:00-04:00,1.3820357189642463,1.2008209248504433,-0.16593161870660472,80,expanded
PODD,long,229.02,2026-03-20 07:10:00-04:00,0.5370709981660946,2.0522225133176213,-0.5501702908043049,82,expanded
PODD,short,228.1,2026-03-23 07:05:00-04:00,1.7623849188952136,1.245067952652347,0.4471722928540034,82,core
PODD,short,225.535,2026-03-24 09:35:00-04:00,1.8866251357882349,1.0840889440663282,0.015518655641029812,77,expanded
PODD,long,225.805,2026-03-25 09:45:00-04:00,0.0,5.227962179756872,-4.727530391266805,76,expanded
PODD,short,219.87,2026-03-26 10:15:00-04:00,0.9323691272115393,0.561695547368893,0.4136990039568889,70,expanded
PODD,short,216.895,2026-03-27 09:35:00-04:00,4.562115309251025,0.1544526153207679,4.437631111828304,80,expanded
PODD,long,208.065,2026-03-30 15:00:00-04:00,0.22108475716723525,0.3364333261240423,0.1874414245548337,13,expanded
PODD,long,210.0,2026-03-31 08:35:00-04:00,1.3904761904761844,1.6428571428571375,-0.3428571428571423,79,expanded
PODD,short,210.18,2026-04-01 09:30:00-04:00,3.373299076981636,1.2061090493862388,1.276524883433244,79,expanded
PODD,short,202.93,2026-04-02 09:30:00-04:00,0.24146257330114282,3.166116394815938,-0.6751096437195114,82,expanded
PODD,long,205.15,2026-04-06 09:55:00-04:00,0.5703144040945588,1.1723129417499396,-0.8042895442359277,73,core
PODD,short,201.08,2026-04-07 06:45:00-04:00,1.4819972150387994,2.7899343544857693,-1.0576387507459715,84,expanded
PODD,short,205.47,2026-04-08 07:15:00-04:00,1.6912444639120041,2.3750425852922548,0.953910546551812,82,expanded
PODD,long,200.415,2026-04-09 11:25:00-04:00,1.3546890202829147,1.4345233640196593,-0.496469825112893,56,expanded
PODD,short,197.35,2026-04-10 09:35:00-04:00,1.0488978971370628,1.107170002533571,0.6840638459589533,78,expanded
PODD,long,195.73,2026-04-13 09:30:00-04:00,1.5429418075920964,0.572216829305664,1.5429418075920964,79,expanded
PODD,short,203.16,2026-04-14 11:10:00-04:00,1.4372908052766231,0.09352234691868366,0.7984347312463028,60,expanded
PODD,long,203.07,2026-04-15 09:35:00-04:00,1.2803466784852486,0.9898064706751322,-0.2806913872063787,78,expanded
PODD,short,202.98,2026-04-16 08:30:00-04:00,1.2020888757513044,1.1429697507143668,0.39787171149865974,82,core
PODD,long,204.23,2026-04-17 09:30:00-04:00,0.8421877295206379,1.145767027371103,-0.3167996866278173,79,expanded
PODD,short,201.63,2026-04-20 09:30:00-04:00,0.9175221941179359,1.646580369984622,0.3769280365025001,78,expanded
PODD,long,201.25,2026-04-21 09:25:00-04:00,0.11925465838509769,5.083229813664591,-4.432298136645957,79,expanded
PODD,long,193.02,2026-04-22 09:35:00-04:00,1.1086933996476978,0.2614236866645998,0.3108486167236526,79,expanded
PODD,short,193.0,2026-04-23 10:05:00-04:00,1.7461139896373081,0.6580310880829068,0.4093264248704622,71,expanded
PODD,long,190.0,2026-04-24 06:15:00-04:00,1.7368421052631637,1.9736842105263157,1.7368421052631637,88,expanded
PODD,short,189.6,2026-04-27 08:10:00-04:00,1.3607594936708778,1.326476793248953,1.3607594936708778,81,expanded
PODD,long,186.91,2026-04-28 10:55:00-04:00,0.19260606709112066,2.4931785351238545,-1.8121020812155584,62,expanded
PODD,short,182.0,2026-04-29 08:30:00-04:00,12.994505494505498,0.4972527472527479,12.637362637362637,89,core
PODD,short,166.385,2026-04-30 10:00:00-04:00,0.42972623734110854,5.177750398172918,-4.755837365147105,75,expanded
PODD,short,175.23,2026-05-01 09:55:00-04:00,2.0658563031444253,1.6036066883524527,2.0658563031444253,74,expanded
PODD,short,173.78,2026-05-04 10:40:00-04:00,1.5939693865807403,0.9264587409368082,1.024283576936357,66,expanded
PODD,long,170.86,2026-05-05 09:30:00-04:00,0.07023293924849357,2.4113309141987616,-2.2533068008896304,79,expanded
PODD,short,185.0,2026-05-06 07:15:00-04:00,19.835135135135133,0.6756756756756757,17.805405405405402,99,expanded
PODD,long,153.0,2026-05-07 04:55:00-04:00,6.653594771241835,0.6535947712418301,5.339869281045743,87,expanded
PODD,short,157.71,2026-05-08 09:55:00-04:00,2.3524189968930362,0.9574535539914976,1.1540168664003687,75,core
PODD,long,154.15,2026-05-11 04:35:00-04:00,0.804346415828742,1.3104119364255662,0.012974375608162055,82,expanded
PODD,short,157.65,2026-05-12 09:30:00-04:00,1.141769743101815,1.535045987947978,-0.862670472565801,80,expanded
PODD,long,159.0,2026-05-13 05:05:00-04:00,0.21773584905661025,8.437106918238989,-5.849056603773592,83,expanded
PODD,short,151.53,2026-05-14 12:45:00-04:00,2.4549594139774293,0.42895796211971604,1.999604038804198,39,expanded
PODD,long,149.5,2026-05-15 09:25:00-04:00,2.8595317725752545,1.6655518394648892,-1.3645484949832722,81,expanded
PODD,long,146.91,2026-05-18 09:30:00-04:00,4.8669253284323775,0.8032128514056271,3.79824382274863,78,expanded
PODD,short,153.23,2026-05-19 09:30:00-04:00,1.6250081576714617,3.32180382431639,-0.9006069307577003,78,expanded
PODD,long,156.03,2026-05-20 09:55:00-04:00,0.8652182272639841,1.2305325898865522,0.6216753188489386,75,expanded
PODD,long,155.98,2026-05-21 09:25:00-04:00,1.3905628926785558,1.5707141941274452,0.5641748942172227,81,expanded
PODD,long,156.91,2026-05-22 08:30:00-04:00,0.0,2.950736090752658,-1.3001083423618585,80,expanded
PODD,long,154.99,2026-05-26 09:30:00-04:00,0.9742564036389385,11.153622814375124,-6.780889089618691,97,expanded
PODD,long,145.2325,2026-05-27 11:55:00-04:00,1.6274594185185958,2.1362298383626204,1.6274594185185958,51,expanded
PODD,short,146.12,2026-05-28 08:40:00-04:00,3.757185874623603,0.8143991240076633,1.4508623049548346,81,expanded
PODD,long,142.11,2026-05-29 09:30:00-04:00,2.2713391035113455,0.3236929139399113,2.2713391035113455,78,expanded
PODD,long,148.74,2026-06-01 15:45:00-04:00,0.2554793599569688,0.5983595535834441,0.06050826946349564,5,expanded
PODD,long,145.65,2026-06-02 09:30:00-04:00,1.0813594232749664,3.1513903192584984,-2.2039134912461433,80,expanded
PODD,short,143.365,2026-06-03 09:55:00-04:00,1.3357514037596487,1.3741150210999886,-0.22669410246572638,79,expanded
PODD,short,150.43,2026-06-04 10:05:00-04:00,4.094861397327656,0.3789137804959072,2.1604733098451105,74,expanded
PODD,long,148.52,2026-06-05 09:25:00-04:00,4.167788849986532,0.0,2.046862375437646,80,expanded
PODD,short,154.3,2026-06-08 07:25:00-04:00,2.7867790019442715,0.3175631885936362,1.80816591056385,82,expanded
PODD,long,151.66,2026-06-09 09:35:00-04:00,6.817882104707902,0.0,6.817882104707902,79,expanded
PODD,long,160.07,2026-06-10 07:15:00-04:00,0.7996501530580378,6.737677266196037,-5.847441744236887,79,expanded
PODD,long,148.71,2026-06-11 09:35:00-04:00,1.4457669289220667,0.9212561361038293,0.32277587250352346,78,expanded
PODD,short,147.65,2026-06-12 09:35:00-04:00,1.6978665763630219,1.9979681679647736,-1.3884185573992434,77,expanded
ENTG,short,89.92,2025-12-15 16:10:00-05:00,0.0,0.0,0.0,0,expanded
ENTG,short,89.4,2025-12-16 09:25:00-05:00,2.1700223713646665,1.6554809843400333,1.6107382550335705,81,expanded
ENTG,short,87.53,2025-12-17 09:30:00-05:00,3.564492174111739,1.039643550782585,2.856163601051068,79,core
ENTG,short,87.8,2025-12-18 09:55:00-05:00,3.815489749430517,0.4897494305239258,3.7015945330296134,73,expanded
ENTG,short,85.21,2025-12-19 09:35:00-05:00,2.08895669522355,0.29926065015844344,1.4200211242811804,78,expanded
ENTG,long,85.04,2025-12-22 09:15:00-05:00,2.539981185324549,0.6467544684854319,0.0940733772342407,79,expanded
ENTG,short,84.54,2025-12-23 09:45:00-05:00,0.496806245564232,1.052756091790869,0.4613200851667856,75,core
ENTG,short,85.35,2025-12-24 09:05:00-05:00,1.5875805506736846,0.41007615700059585,-0.164030462800235,43,expanded
ENTG,short,85.6,2025-12-26 10:50:00-05:00,0.04672897196260753,1.0280373831775813,-0.7827102803738338,62,expanded
ENTG,long,85.99,2025-12-29 09:30:00-05:00,1.2327014769159232,0.959413885335491,-0.05814629608093634,78,expanded
ENTG,short,86.27,2025-12-30 13:25:00-05:00,2.45740118233452,0.6027587805726328,-0.48684363046250345,32,expanded
ENTG,short,87.1,2025-12-31 09:35:00-05:00,3.4328358208955168,0.03444316877152829,3.40987370838117,78,expanded
ENTG,long,85.14,2026-01-02 07:55:00-05:00,6.389476156918014,0.16443504815597904,5.120977214000469,84,expanded
ENTG,long,90.99,2026-01-05 06:15:00-05:00,3.808110781404554,1.0770414331245082,2.516760083525669,87,expanded
ENTG,short,93.91,2026-01-06 07:50:00-05:00,2.6514748163134865,6.271962517303803,-6.016398679586845,82,expanded
ENTG,long,97.84,2026-01-07 09:30:00-05:00,1.4820114472608368,2.0288225674570723,0.010220768601789559,78,expanded
ENTG,long,96.575,2026-01-08 09:35:00-05:00,4.323064975407711,0.025886616619213754,3.391146777116222,80,expanded
ENTG,short,101.84,2026-01-12 15:30:00-05:00,0.2356637863315093,0.33385703063629557,0.2356637863315093,7,core
ENTG,short,101.8,2026-01-13 09:00:00-05:00,1.5855599214145317,1.0314341846758324,0.795677799607075,84,expanded
ENTG,short,101.84,2026-01-14 09:30:00-05:00,0.7020816967792649,2.680675569520807,-2.209347996857816,80,expanded
ENTG,long,108.25,2026-01-15 04:10:00-05:00,9.006928406466514,2.3279445727482644,5.42263279445728,110,expanded
ENTG,short,114.92,2026-01-16 09:55:00-05:00,0.17620953706926606,4.0810998955795315,-2.1145144448311806,75,core
ENTG,long,116.2,2026-01-20 09:45:00-05:00,1.2564543889845041,3.2271944922547333,-1.0327022375215171,77,expanded
ENTG,long,118.375,2026-01-21 10:20:00-05:00,2.7666314677930357,1.457233368532202,2.7666314677930357,71,expanded
ENTG,short,121.05,2026-01-22 09:25:00-05:00,3.2878975629905027,1.1441553077240854,3.0978934324659235,85,expanded
ENTG,short,117.76,2026-01-23 06:00:00-05:00,3.982676630434793,0.140115489130428,2.5985054347826106,86,expanded
ENTG,long,114.255,2026-01-26 09:35:00-05:00,2.0524265896459664,0.20130410047699424,1.7986083760010565,82,expanded
ENTG,long,117.67,2026-01-27 09:15:00-05:00,3.4758222146681423,1.3937282229965162,2.2690575337809142,86,expanded
ENTG,long,123.22,2026-01-28 04:25:00-05:00,2.2642428177244005,2.219607206622301,-2.0857003733160147,99,expanded
ENTG,short,120.705,2026-01-29 09:55:00-05:00,3.4919845905306355,2.71322646120708,-2.71322646120708,75,core
ENTG,long,118.45,2026-01-30 13:45:00-05:00,2.1528070915998287,0.5994090333474107,-0.32081046855213985,27,expanded
ENTG,long,116.0,2026-02-02 06:40:00-05:00,4.732672413793108,1.4310344827586177,3.1896551724137954,91,expanded
ENTG,long,120.7,2026-02-03 09:25:00-05:00,1.0107705053852518,8.15244407622204,-8.036454018227012,89,expanded
ENTG,short,109.83,2026-02-05 15:00:00-05:00,0.6009287080032747,0.6555585905490293,-0.17299462806154758,13,expanded
ENTG,long,111.0,2026-02-06 08:00:00-05:00,10.608108108108114,0.0,10.603603603603599,83,expanded
ENTG,short,121.5,2026-02-09 07:30:00-05:00,0.6913580246913609,1.7860082304526763,-0.9053497942386783,86,expanded
ENTG,long,125.9,2026-02-10 04:40:00-05:00,9.610802223987285,4.535345512311364,6.433677521842728,106,expanded
ENTG,long,134.24,2026-02-11 04:40:00-05:00,5.035756853396894,1.1769964243146696,3.5086412395709026,86,expanded
ENTG,long,139.47,2026-02-12 07:00:00-05:00,0.38001003800100464,9.543270954327097,-5.736000573600057,86,expanded
ENTG,short,130.74,2026-02-13 08:00:00-05:00,2.34817194431697,3.2583754015603414,0.5660088725715229,82,expanded
ENTG,long,130.0,2026-02-17 07:05:00-05:00,0.5923076923077002,3.4269230769230754,-0.3384615384615367,81,expanded
ENTG,long,129.9,2026-02-18 08:40:00-05:00,2.5404157043879776,1.4318706697459689,2.040030792917633,83,expanded
ENTG,long,132.43,2026-02-19 09:35:00-05:00,2.1822849807445337,1.9104432530393425,2.1822849807445337,78,expanded
ENTG,long,132.0,2026-02-20 08:15:00-05:00,3.166666666666672,0.38636363636362947,1.8712121212121204,80,expanded
ENTG,short,133.5125,2026-02-23 12:45:00-05:00,0.046812096245669885,2.5671753581125434,-2.3874169085291643,40,expanded
ENTG,short,137.865,2026-02-24 14:40:00-05:00,1.229463605701245,0.17045660610015972,1.1569288797011559,16,expanded
ENTG,long,137.64,2026-02-25 14:25:00-05:00,0.2179598953792585,0.9154315605928445,-0.9154315605928445,19,expanded
ENTG,short,137.76,2026-02-26 09:30:00-05:00,5.956010452961661,1.5171312427410015,4.54413472706155,79,expanded
ENTG,short,130.97,2026-02-27 11:15:00-05:00,0.18324807207758198,1.2445598228601935,-1.1300297778117048,58,expanded
ENTG,long,128.5,2026-03-02 07:10:00-05:00,5.634241245136193,0.7782101167315175,5.447470817120623,85,core
ENTG,long,128.34,2026-03-03 04:10:00-05:00,2.1271622253389353,2.563503194639244,-1.4025245441795209,88,expanded
ENTG,long,128.73,2026-03-04 13:45:00-05:00,0.9519925425308872,0.5049328050959195,0.4893964110930039,28,expanded
ENTG,long,127.56,2026-03-05 09:35:00-05:00,1.4738162433364657,4.154907494512384,-2.0068987143305126,80,expanded
ENTG,long,119.105,2026-03-06 11:35:00-05:00,0.3316401494479627,6.447672221989005,-6.447672221989005,58,expanded
ENTG,short,108.245,2026-03-09 09:55:00-04:00,2.0739987990207442,8.688623031086887,2.0739987990207442,75,expanded
ENTG,long,120.285,2026-03-10 13:10:00-04:00,0.12886062268778412,3.046930207424028,-2.83077690485098,34,expanded
ENTG,long,117.08,2026-03-11 09:30:00-04:00,1.7338571916638208,1.9004099760847235,-0.7687051588657255,78,expanded
ENTG,long,110.065,2026-03-12 15:30:00-04:00,0.23168127924407894,0.2589379003316191,-0.07722709308135534,7,expanded
ENTG,long,112.125,2026-03-13 09:35:00-04:00,0.8606465997770376,4.1426978818283136,-3.438127090301007,78,expanded
ENTG,short,111.46,2026-03-16 09:25:00-04:00,1.1663376996231807,1.5521263233447014,-0.1614929122555238,82,expanded
ENTG,short,117.78,2026-03-18 07:05:00-04:00,3.7527593818984557,0.0,3.7527593818984557,82,expanded
ENTG,long,112.06,2026-03-19 09:30:00-04:00,4.399428877387107,1.8293771194003186,2.8734606460824548,78,expanded
ENTG,short,115.56,2026-03-20 09:35:00-04:00,3.8161993769470373,0.4716164762893749,0.778816199376952,77,expanded
ENTG,short,120.03,2026-03-23 09:55:00-04:00,5.232025327001584,0.6956594184787084,5.232025327001584,73,expanded
ENTG,long,122.03,2026-03-24 14:40:00-04:00,0.2950094239121523,0.6227976727034378,-0.2950094239121523,16,expanded
ENTG,long,123.495,2026-03-25 13:40:00-04:00,0.23887606785699964,0.7328231912223175,-0.2550710555083183,28,expanded
ENTG,long,120.61,2026-03-26 09:35:00-04:00,1.2353867838487644,4.307271370533117,-3.3993864522013055,83,expanded
ENTG,long,115.47,2026-03-27 06:50:00-04:00,0.5022949683900565,3.5940071014116266,-2.104442712392823,84,expanded
ENTG,short,115.5,2026-03-30 09:30:00-04:00,7.142857142857142,0.0,6.493506493506493,80,expanded
ENTG,short,109.01,2026-03-31 09:25:00-04:00,0.0,8.22860288046968,-7.467204843592332,80,expanded
ENTG,short,118.91,2026-04-01 09:30:00-04:00,0.8409721638213775,2.472458161634848,0.1681944327642779,79,expanded
ENTG,long,113.33,2026-04-02 07:10:00-04:00,5.691343863054799,0.4014823965410732,2.7089032030353897,79,expanded
ENTG,short,115.69,2026-04-06 09:55:00-04:00,1.529950730400204,1.4780879937764784,0.07779410493560672,76,expanded
ENTG,long,116.235,2026-04-07 09:35:00-04:00,8.194605755581371,1.6819374542951766,8.194605755581371,82,expanded
ENTG,short,128.36,2026-04-08 09:55:00-04:00,1.7723589903396848,1.877531941414768,-1.0439389217824673,76,core
ENTG,short,132.91,2026-04-09 15:55:00-04:00,0.3235271988563741,0.0,0.21066887367391557,2,expanded
ENTG,short,134.28,2026-04-10 08:55:00-04:00,0.7521596663687748,1.7873100983020596,-1.2975871313672949,80,expanded
ENTG,short,134.865,2026-04-13 09:35:00-04:00,0.9769028287546772,2.6359693026359534,-2.3764505245986607,77,core
ENTG,long,139.67,2026-04-14 04:50:00-04:00,0.819789503830465,1.9116488866614074,-1.6682179422925356,84,expanded
ENTG,short,136.76,2026-04-15 09:15:00-04:00,1.9742614799648939,0.7677683533196925,-0.1718338695525107,80,expanded
ENTG,long,136.34,2026-04-16 08:55:00-04:00,1.5109285609505665,0.8141411177937609,-0.3080533959219715,79,expanded
ENTG,long,138.51,2026-04-17 09:25:00-04:00,5.739657786441424,0.0,5.450869973287136,80,expanded
ENTG,short,146.0,2026-04-20 05:00:00-04:00,0.8219178082191704,2.1712328767123203,-2.013698630136985,85,expanded
ENTG,long,149.88,2026-04-21 04:25:00-04:00,1.347744862556719,2.625433680277557,-1.6346410461702618,84,core
ENTG,short,149.6,2026-04-22 09:55:00-04:00,2.085561497326206,0.5949197860962665,1.1163101604277992,73,core
ENTG,short,148.803,2026-04-23 08:15:00-04:00,2.9320645417095084,1.664616976808266,-0.3944812940599242,82,expanded
ENTG,short,151.55,2026-04-24 07:00:00-04:00,0.25074232926428497,5.0148465852853805,-2.92312768063344,88,expanded
ENTG,long,154.12,2026-04-27 10:15:00-04:00,3.7503244225279007,1.6350895406177073,3.004152608357121,79,core
ENTG,short,146.75,2026-04-28 10:05:00-04:00,2.8211243611584234,5.621805792163544,-5.621805792163544,72,expanded
ENTG,long,145.7,2026-04-29 09:35:00-04:00,7.055593685655458,0.652024708304728,6.382978723404263,91,expanded
ENTG,short,142.24,2026-04-30 09:55:00-04:00,2.5133577052868508,2.4957817772778284,-0.17575928008998873,79,core
ENTG,long,135.74,2026-05-04 12:05:00-04:00,2.799469574185931,0.6482982171798993,2.4016502136437237,51,expanded
ENTG,long,140.6,2026-05-05 08:30:00-04:00,6.685633001422479,0.42674253200568585,6.180654338549074,86,expanded
ENTG,long,148.145,2026-05-06 10:30:00-04:00,5.592493840494108,0.030375645482477242,3.6807857166964797,69,expanded
ENTG,short,150.8325,2026-05-07 11:00:00-04:00,4.529859280990509,0.3961347852750545,3.47020701771834,63,expanded
ENTG,long,149.9,2026-05-08 04:20:00-04:00,1.654436290860567,2.4282855236824648,-0.527018012008,85,expanded
ENTG,long,147.44,2026-05-11 11:15:00-04:00,3.7710255018990795,0.3865301139446486,3.7710255018990795,61,expanded
ENTG,long,147.0,2026-05-12 07:00:00-04:00,0.9863945578231216,5.999999999999996,0.9863945578231216,88,expanded
ENTG,short,144.91,2026-05-13 09:55:00-04:00,1.3180594851977065,1.2456007176868449,-0.0897108550134535,76,expanded
ENTG,short,140.17,2026-05-14 12:40:00-04:00,1.1200684882642458,0.8061639437825668,0.6920168366982942,43,expanded
ENTG,short,135.7,2026-05-15 05:30:00-04:00,4.185703758290331,1.56226971260133,2.336035372144427,85,expanded
ENTG,long,130.88,2026-05-18 11:00:00-04:00,0.7564180929095424,4.4162591687041575,-2.5061124694376535,62,expanded
ENTG,long,123.38,2026-05-19 09:25:00-04:00,2.7962392608202324,1.1184957043280885,-0.30799157075700717,82,expanded
ENTG,long,126.77,2026-05-20 08:10:00-04:00,1.2779048670821096,1.853750887433931,0.7336120533249246,82,expanded
ENTG,long,126.32,2026-05-21 07:10:00-04:00,6.079797340088669,0.9420519316022782,6.079797340088669,86,expanded
ENTG,long,131.91,2026-05-22 09:30:00-04:00,3.199150936244408,1.0613296944886708,-0.09855204305965844,82,expanded
ENTG,short,139.5,2026-05-26 05:35:00-04:00,1.934121863799291,2.695340501792108,-1.971326164874552,86,core
ENTG,short,144.18,2026-05-27 06:05:00-04:00,5.375225412678596,8.19808572617561,4.797336662505198,105,expanded
ENTG,long,139.64,2026-05-28 08:55:00-04:00,0.9739329704955699,4.547407619593236,-0.36522486393582854,83,expanded
ENTG,short,138.36,2026-05-29 11:55:00-04:00,0.6649320612894014,1.1491760624457754,-0.24573576178084341,53,expanded
ENTG,short,140.17,2026-06-01 05:45:00-04:00,4.394663622743809,0.0,3.16758222158807,84,core
ENTG,long,136.0,2026-06-02 05:50:00-04:00,5.8381617647058786,0.3529411764705807,5.147058823529411,85,expanded
ENTG,short,142.5,2026-06-03 04:05:00-04:00,3.8596491228070176,3.4245614035087693,0.09824561403507814,97,expanded
ENTG,long,138.38,2026-06-04 09:55:00-04:00,4.176904176904178,0.9322156380979854,1.07674519439226,78,core
ENTG,long,128.57,2026-06-05 13:45:00-04:00,0.4822275803064514,4.075600840009329,-4.06004511161235,36,expanded
ENTG,long,132.42,2026-06-08 08:35:00-04:00,2.295725721190168,2.182449780999839,0.2190001510346024,86,expanded
ENTG,short,136.0,2026-06-09 09:25:00-04:00,8.992647058823533,4.5367647058823435,2.9926470588235246,80,expanded
ENTG,long,131.26,2026-06-10 05:45:00-04:00,5.896693585250655,3.245467012037172,-3.245467012037172,85,expanded
ENTG,long,135.1,2026-06-11 04:40:00-04:00,7.897853441894904,2.790525536639513,6.195410806809774,80,expanded
ENTG,short,143.53,2026-06-12 04:05:00-04:00,0.7663903016790875,6.361039503936457,-4.870062007942597,87,expanded
GE,long,304.585,2025-12-15 14:25:00-05:00,0.04103944711656845,1.318187041384174,-1.2755060163829444,32,expanded
GE,long,299.9279,2025-12-16 09:55:00-05:00,0.4908179599163515,0.9295233954560531,-0.054646466700834555,81,core
GE,short,298.98,2025-12-17 04:30:00-05:00,2.461669676901478,0.7525586995785671,2.1539902334604313,114,expanded
GE,short,298.79,2025-12-18 10:05:00-05:00,0.3982730345727761,1.1780849426018212,-1.0073964992134914,77,expanded
GE,short,302.69,2025-12-19 07:50:00-05:00,0.21143744424988814,1.8953054279956365,-1.5923882520070016,105,expanded
GE,short,307.855,2025-12-22 09:55:00-05:00,0.134803722531718,2.775657371164983,-2.3371392376281017,88,core
GE,long,315.89,2025-12-23 16:30:00-05:00,0.0,0.31340023425876384,-0.202602171642023,10,expanded
GE,short,316.12,2025-12-24 09:55:00-05:00,0.24471719600151448,0.3289889915222132,-0.1834746298873795,42,expanded
GE,short,317.02,2025-12-26 06:25:00-05:00,0.7822850293356766,0.3296006561100376,0.589868147120057,96,expanded
GE,long,312.445,2025-12-29 10:05:00-05:00,0.19206580358142958,0.38246731424730535,-0.16482900990573904,81,expanded
GE,long,313.15,2025-12-30 08:00:00-05:00,0.055947628931827566,0.8270796742774947,-0.4630368832827682,100,expanded
GE,long,311.42,2025-12-31 07:55:00-05:00,0.6229208143343286,1.258268576199343,-1.0981953631751382,99,expanded
GE,short,312.535,2026-01-02 10:10:00-05:00,0.11998656150511143,2.8652790887420556,-2.8396819556209705,94,expanded
GE,short,325.8425,2026-01-05 10:05:00-05:00,0.743457345189764,0.8493367194273432,0.38438816299285633,82,core
GE,short,324.11,2026-01-06 10:00:00-05:00,0.0987319120051813,2.6781031131406023,-1.1816975718120342,87,core
GE,long,325.88,2026-01-07 10:00:00-05:00,1.3440530256536136,0.8991039646495663,-0.27003805081625,91,expanded
GE,short,314.35,2026-01-08 15:45:00-05:00,0.3149355813583614,0.5153491331318607,-0.2035947192619648,31,expanded
GE,long,317.42,2026-01-09 09:55:00-05:00,1.5373952491966465,0.0882112028227678,1.4113792451641236,85,expanded
GE,short,321.45,2026-01-12 10:10:00-05:00,0.17732151189920461,0.9617669933115658,-0.6408461658111689,82,expanded
GE,short,324.5,2026-01-13 05:10:00-05:00,0.058551617873651075,1.1063174114021495,-0.8443759630200337,106,expanded
GE,long,321.54,2026-01-14 10:10:00-05:00,1.7696087578528326,1.6109970765690138,-0.6313366921689462,87,expanded
GE,short,320.55,2026-01-15 06:00:00-05:00,0.8111059117142482,1.2166588675713546,0.09358914365933906,108,core
GE,short,323.87,2026-01-16 14:30:00-05:00,0.014944267761760922,0.6885478741470399,-0.5341649427239381,35,expanded
GE,long,315.0488,2026-01-20 14:00:00-05:00,0.241613362755222,1.710465172379645,-0.5233474941025171,52,expanded
GE,short,316.44,2026-01-21 10:10:00-05:00,0.5941094678296028,1.229300973328273,-0.9512071798761189,114,expanded
GE,long,317.78,2026-01-22 07:15:00-05:00,6.032475297375548,7.218830637547989,-6.507646799672714,150,expanded
GE,long,299.02,2026-01-23 07:40:00-05:00,0.10517691124339829,2.993110828707106,-2.0062872048692304,129,expanded
GE,short,292.25,2026-01-26 10:00:00-05:00,0.6193327630453387,1.3002566295979507,-1.012831479897341,91,core
GE,long,299.265,2026-01-27 10:00:00-05:00,0.4561174878452238,1.3249127027884902,-0.4193607672130037,98,expanded
GE,short,295.165,2026-01-28 09:55:00-05:00,1.3602561279284613,0.06267680788711476,1.0045228939745674,104,core
GE,short,292.83,2026-01-29 09:55:00-05:00,0.8537376634907625,2.1719086159205045,-1.6433084041935744,99,core
GE,short,306.34,2026-01-30 11:10:00-05:00,0.6936736958934517,0.41130769732977995,-0.003329633740287767,78,expanded
GE,long,306.72,2026-02-02 09:55:00-05:00,0.958528951486697,0.8378977569118576,0.9031038080333795,94,core
GE,long,309.32,2026-02-03 11:00:00-05:00,0.4267425320056877,1.3944135523082875,-0.11250484934695888,78,expanded
GE,long,306.51,2026-02-04 10:00:00-05:00,0.7764836383804755,1.4714038693680438,0.5807314606375092,90,core
GE,short,305.505,2026-02-05 10:10:00-05:00,0.9836172894060639,1.0098034402055545,-0.05400893602396702,100,core
GE,short,315.045,2026-02-06 10:00:00-05:00,0.0491993207319683,2.58217080099668,-1.7641289339618105,90,expanded
GE,short,323.445,2026-02-09 10:10:00-05:00,2.232868030113315,0.06492603070073104,1.9926107993631044,83,expanded
GE,short,318.31,2026-02-10 10:00:00-05:00,0.6597342213565464,0.4555307718890354,0.6067669881561988,78,core
GE,short,316.4,2026-02-11 06:15:00-05:00,1.150442477876102,1.7003792667509467,1.0429835651074446,104,expanded
GE,short,321.1,2026-02-12 10:15:00-05:00,3.02709436312676,0.2211149174711864,2.5350358143880545,87,expanded
GE,short,321.015,2026-02-13 10:00:00-05:00,2.3332243041602445,0.42832889428842896,1.8706290983287372,82,core
GE,short,329.4127,2026-02-17 11:50:00-05:00,1.2576017864520679,0.2997152204514291,0.9017260111707849,68,expanded
GE,short,330.435,2026-02-18 09:55:00-05:00,1.1923676366002385,0.07414468806270659,0.20730249519572752,90,core
GE,long,330.3,2026-02-19 10:00:00-05:00,1.68937329700272,0.8325764456554647,1.4380865879503482,92,expanded
GE,long,339.06,2026-02-20 09:55:00-05:00,1.5454491830354535,0.1297705420869456,1.3154014038813129,91,core
GE,long,340.23,2026-02-23 10:35:00-05:00,0.13005907768274266,0.7935808129794685,-0.2540634276812879,81,expanded
GE,long,336.09,2026-02-24 10:00:00-05:00,3.3738581927459923,0.10711416584842061,2.84150078847928,88,expanded
GE,long,344.64,2026-02-25 09:55:00-05:00,0.06963788300835919,1.7351439182915394,-0.470055710306408,98,core
GE,long,335.87,2026-02-26 10:20:00-05:00,2.4146247059874395,0.31559829696013403,1.2415517908714728,81,expanded
GE,long,339.68,2026-02-27 14:05:00-05:00,0.9773904851625038,0.3326660386245865,0.5416862929816224,44,expanded
GE,short,342.18,2026-03-02 10:30:00-05:00,0.531883803845927,1.4670641183003046,-1.0286691215149941,79,expanded
GE,long,335.76,2026-03-03 10:10:00-05:00,0.95901834643794,1.9895163211817988,-0.48844412675720345,81,expanded
GE,short,334.8,2026-03-04 09:55:00-05:00,0.14635603345281037,1.7961768219832726,-1.7383512544802846,85,core
GE,short,335.095,2026-03-05 09:55:00-05:00,4.268938659186203,1.4070636685119071,1.9830197406705674,91,core
GE,long,318.77,2026-03-06 09:55:00-05:00,1.8093923518524397,0.2697869937572409,1.198356181572919,88,expanded
GE,short,313.0,2026-03-09 09:55:00-04:00,0.920127795527155,3.128370607028762,-2.603833865814689,98,core
GE,short,324.19,2026-03-10 10:15:00-04:00,0.10796138067183526,2.372065763903883,-0.7125451124340672,80,expanded
GE,short,324.51,2026-03-11 13:00:00-04:00,0.6964346245107982,0.2896674986903324,0.6964346245107982,45,expanded
GE,short,322.28,2026-03-12 04:25:00-04:00,6.562616358446065,1.110835298498213,4.7970398411319195,119,expanded
GE,short,305.19,2026-03-13 10:00:00-04:00,2.0118614633506953,0.6848192928994971,1.8316458599560845,92,expanded
GE,short,303.645,2026-03-16 09:55:00-04:00,1.1510151657363055,0.6767771575359407,-0.024699896260450684,88,core
GE,short,301.99,2026-03-17 10:20:00-04:00,0.741746415444223,0.2947117454220293,-0.003311367926087256,80,expanded
GE,short,304.4,2026-03-18 06:35:00-04:00,1.5525295663600418,0.18725361366624507,0.7522996057818541,112,expanded
GE,long,288.64,2026-03-19 10:10:00-04:00,2.068320399113092,0.8695953436807063,1.0809312638580948,94,expanded
GE,short,289.9,2026-03-20 09:55:00-04:00,2.625043118316646,0.4111072783718526,0.2138668506381527,107,core
GE,long,296.37,2026-03-23 10:00:00-04:00,1.1657725140871154,1.7982926746971784,-1.137092148328105,86,expanded
GE,short,286.8599,2026-03-24 09:55:00-04:00,0.06271354065171712,3.1039542299219924,-2.489054761575256,95,expanded
GE,short,293.44,2026-03-25 09:55:00-04:00,0.0,1.5096782988004387,-0.884473827699013,86,core
GE,long,291.505,2026-03-26 10:35:00-04:00,0.03258949246154518,3.02739232603214,-1.675786007101076,83,expanded
GE,long,281.57,2026-03-27 09:55:00-04:00,1.2075150051497083,0.213090883261699,0.11364847107291018,92,core
GE,long,275.3,2026-03-30 10:20:00-04:00,0.6826371231383948,1.6382128586995972,-0.9843806756266024,90,expanded
GE,short,278.69,2026-03-31 09:55:00-04:00,0.24758692453981046,2.798772830026187,-2.3000466468118788,92,core
GE,short,292.17,2026-04-01 10:05:00-04:00,0.12321593592771798,1.1397474073313425,-0.2566998665160694,82,expanded
GE,long,285.1,2026-04-02 10:15:00-04:00,1.4047702560505069,1.5555945282357075,-1.227639424763241,91,core
GE,long,281.28,2026-04-06 10:00:00-04:00,2.6699374288964908,0.21327502844140753,2.3333333333333517,87,expanded
GE,short,284.45,2026-04-07 10:00:00-04:00,0.46932677096149744,5.805062401124974,-5.405167867815082,106,expanded
GE,short,306.74,2026-04-08 06:45:00-04:00,0.5346547564712741,2.083197496250892,-0.41077133728890625,136,expanded
GE,short,313.62,2026-04-09 12:45:00-04:00,0.5882915630380802,0.45596581850647494,0.1976914737580526,49,expanded
GE,long,310.56,2026-04-10 10:10:00-04:00,0.41537867078826,1.3330757341576465,-0.5957302936630595,82,core
GE,short,305.17,2026-04-13 09:55:00-04:00,0.27853327653439813,2.287249729658866,-1.9104105908182272,91,core
GE,short,315.57,2026-04-14 09:55:00-04:00,0.19013214183856703,1.131286243939536,-0.8112304718445994,89,core
GE,short,315.54,2026-04-15 10:05:00-04:00,1.3120365088419987,0.02456106991189274,0.5038980794828014,86,core
GE,long,306.51,2026-04-16 10:20:00-04:00,0.02610029036572513,2.8220938957945836,-2.649179472121629,106,expanded
GE,long,311.21,2026-04-17 09:55:00-04:00,0.8965007551171302,2.3649625654702477,-1.8347739468526012,98,core
GE,short,303.94,2026-04-20 09:55:00-04:00,0.5198394419951253,0.5033888267421299,-0.0998881358162852,110,core
GE,short,308.0,2026-04-21 06:30:00-04:00,7.72402597402598,3.1493506493506453,5.8441883116883035,160,expanded
GE,short,272.71,2026-04-22 12:35:00-04:00,0.1136738660115149,1.389754684463357,-1.0927358732719807,84,expanded
GE,long,276.5,2026-04-23 08:55:00-04:00,2.329113924050632,1.13562386980108,1.9783001808318361,118,expanded
GE,long,282.5,2026-04-24 08:25:00-04:00,1.2849557522123878,1.8831858407079622,0.5486725663716855,118,expanded
GE,short,285.2,2026-04-27 08:50:00-04:00,1.78821879382888,0.017531556802248025,0.1577840112201924,116,expanded
GE,short,284.36,2026-04-28 08:55:00-04:00,1.3398508932339297,1.7759178506119042,-1.6929244619496286,114,core
GE,short,283.31,2026-04-29 10:05:00-04:00,1.3130493099431813,0.5894603084959994,-0.00705940489216117,104,expanded
GE,short,285.01,2026-04-30 09:30:00-04:00,0.06315567874811649,2.301673625486826,-1.6315217009929595,105,expanded
GE,long,288.05,2026-05-01 09:55:00-04:00,1.2879708383961046,0.5867036972747779,-0.4200659607707121,97,core
GE,short,288.4127,2026-05-04 10:00:00-04:00,3.1214644847470128,0.10308145237709956,3.012939444067463,99,expanded
GE,long,286.215,2026-05-05 11:05:00-04:00,1.5530283178729454,0.9010009957549399,-0.2498122041122845,81,expanded
GE,short,304.8923,2026-05-06 08:00:00-04:00,2.364474275014482,1.1406322822846058,-0.3075512238255957,122,expanded
GE,short,306.75,2026-05-07 10:55:00-04:00,2.3422982885085584,0.7334963325183375,1.8647106764466268,91,expanded
GE,short,304.92,2026-05-08 09:55:00-04:00,2.653154925882209,0.0,2.4957365866456818,92,core
GE,long,299.72,2026-05-11 09:55:00-04:00,1.1177098625383577,0.6873081542773262,0.6439343387161184,90,core
GE,long,295.84,2026-05-12 10:15:00-04:00,0.9650486749594438,0.8585722011898201,0.5442130881557645,87,expanded
GE,short,294.99,2026-05-13 10:35:00-04:00,0.489847113461471,1.1559713888606284,-0.2610257974846543,84,expanded
GE,long,291.65,2026-05-14 14:25:00-04:00,0.45602605863193585,0.565746614092226,0.11657809017659244,41,core
GE,short,287.82,2026-05-15 08:45:00-04:00,2.268779098047381,0.36133694670280747,2.223611979709533,116,expanded
GE,short,286.645,2026-05-18 09:55:00-04:00,1.596050864309508,0.2075738282544706,0.5459714978457666,97,core
GE,long,285.615,2026-05-19 10:05:00-04:00,0.6319696094392825,1.0486143935017436,-0.057770075101104795,83,expanded
GE,long,286.0,2026-05-20 04:10:00-04:00,5.052447552447548,0.0,4.467657342657334,133,core
GE,short,296.22,2026-05-21 11:25:00-04:00,0.4962527850921704,2.24832894470325,-2.120045911822285,73,expanded
GE,short,302.28,2026-05-22 09:55:00-04:00,0.6715627894667107,0.747651184332423,0.09262935027126265,84,core
GE,short,311.79,2026-05-26 12:55:00-04:00,0.08018217389909875,1.0231245389524992,-0.9814298085249693,61,expanded
GE,long,314.755,2026-05-27 09:55:00-04:00,1.818874998014336,0.738669759018916,0.8498673571508035,93,core
GE,short,319.43,2026-05-28 11:05:00-04:00,0.25357668346742707,0.9047365620010602,-0.47929123751682867,75,expanded
GE,long,320.57,2026-05-29 09:55:00-04:00,1.6689022678354253,1.1729107527217115,0.7904669806906424,88,core
GE,short,322.89,2026-06-01 04:05:00-04:00,2.468332868778832,1.0870575118461367,-0.5233980612592517,126,expanded
GE,short,318.34,2026-06-02 10:05:00-04:00,0.5277376390023089,1.3633222340893485,0.3266947289061895,86,core
GE,long,314.34,2026-06-03 09:55:00-04:00,1.6574409874658131,0.6283005662658161,-0.03817522427942601,92,core
GE,long,323.755,2026-06-04 11:30:00-04:00,1.7621349477228103,0.015443776930089534,1.0640762304829248,69,expanded
GE,short,324.69,2026-06-05 09:55:00-04:00,0.2648680279651402,2.4007514860328363,-0.4896978656564646,94,core
GE,long,325.98,2026-06-08 10:15:00-04:00,0.14111295171482285,1.5614454874532275,-1.4939566844591705,81,expanded
GE,long,329.44,2026-06-09 10:40:00-04:00,0.5676299174356497,2.859397765905784,-0.36425449247207037,85,expanded
GE,short,328.97,2026-06-10 09:55:00-04:00,3.6416694531416294,0.19454661519287056,3.4896799100221956,99,core
GE,short,323.91,2026-06-11 10:10:00-04:00,0.9879287456392348,2.781636874440428,-2.692105831866867,88,expanded
GE,short,329.0,2026-06-12 09:55:00-04:00,0.16109422492400388,2.273556231003045,-1.9057750759878362,86,core
MRNA,short,30.27,2025-12-15 14:05:00-05:00,1.8500165180046209,0.09910802775025152,1.0571522960026438,51,expanded
MRNA,long,29.4,2025-12-16 09:55:00-05:00,2.040816326530617,1.2244897959183656,1.2244897959183776,86,expanded
MRNA,short,31.31,2025-12-17 10:35:00-05:00,4.08815075055892,0.9900990099009974,3.225806451612897,89,expanded
MRNA,short,31.49,2025-12-18 10:00:00-05:00,2.06573515401714,2.286440139726905,1.905366783105741,96,expanded
MRNA,long,33.085,2025-12-19 11:00:00-05:00,3.5212331872449725,0.16623847665104946,1.2543448692761043,97,expanded
MRNA,short,33.7872,2025-12-22 08:15:00-05:00,1.382772174077752,6.25325567078657,-3.0567788985177873,119,core
MRNA,long,32.915,2025-12-23 11:35:00-05:00,0.7747227707732115,2.445693452833054,-2.324168312319613,82,expanded
MRNA,short,32.42,2025-12-24 10:05:00-05:00,0.24676125848241298,1.1721159777914725,-0.740283775447239,46,expanded
MRNA,short,31.3,2025-12-26 12:10:00-05:00,0.9584664536741236,0.47923322683705616,0.5431309904153409,72,expanded
MRNA,long,31.232,2025-12-29 09:55:00-05:00,0.025614754098357832,1.4152151639344268,-0.6467725409836008,87,expanded
MRNA,short,31.045,2025-12-30 10:40:00-05:00,2.3997423095506556,0.25769044934771557,2.367531003382197,94,expanded
MRNA,short,30.181,2025-12-31 09:55:00-05:00,3.714257314204308,0.32802094032669626,2.5877207514661618,95,core
MRNA,short,30.91,2026-01-02 11:40:00-05:00,1.4454868974441917,0.22646392753154412,-0.19411193788417574,74,expanded
MRNA,short,31.35,2026-01-05 09:30:00-05:00,0.2551834130781558,3.773205741626783,-2.5199362041467275,96,expanded
MRNA,short,35.6,2026-01-06 11:35:00-05:00,1.68539325842697,1.221910112359537,0.28089887640449834,91,expanded
MRNA,short,35.05,2026-01-07 08:25:00-05:00,1.7974322396576192,5.848787446505006,-2.567760342368062,119,expanded
MRNA,short,35.3101,2026-01-08 09:35:00-05:00,4.503244114290244,0.707729516483963,4.049549562306525,104,core
MRNA,long,34.275,2026-01-09 10:00:00-05:00,3.3108679795769467,0.9773887673231243,0.21881838074399082,91,core
MRNA,short,34.82,2026-01-12 07:25:00-05:00,7.03618609994257,2.15393452039058,2.8431935669155717,121,core
MRNA,short,36.3,2026-01-13 10:20:00-05:00,1.6804407713498608,9.393939393939405,-8.732506887052358,112,expanded
MRNA,long,41.17,2026-01-14 09:45:00-05:00,1.9674520281758443,3.7405878066553293,-1.3845032790867142,115,expanded
MRNA,short,40.68,2026-01-15 07:20:00-05:00,3.613569321533921,0.7620452310717853,3.097345132743358,123,expanded
MRNA,short,41.04,2026-01-16 08:55:00-05:00,1.1939571150097514,3.2894736842105297,-1.9005847953216402,119,expanded
MRNA,long,41.21,2026-01-20 08:25:00-05:00,4.440669740354278,1.2375636981315168,4.322979859257465,124,core
MRNA,short,43.29,2026-01-21 08:25:00-05:00,0.6237006237006145,23.07692307692308,-20.12012012012012,138,core
MRNA,short,52.6,2026-01-22 04:40:00-05:00,4.847908745247157,4.942965779467683,3.1353612167300384,180,expanded
MRNA,short,49.9655,2026-01-23 08:25:00-05:00,6.255316168156018,1.670152405159557,2.7729133101840278,129,core
MRNA,short,49.4,2026-01-26 08:55:00-05:00,5.688259109311732,1.599190283400808,3.82591093117409,118,expanded
MRNA,short,48.03,2026-01-27 08:30:00-05:00,6.2460961898813245,6.558400999375387,5.892150739121379,131,core
MRNA,long,45.56,2026-01-28 06:50:00-05:00,0.8999122036874375,4.411764705882364,-0.30882352941177016,141,expanded
MRNA,short,45.3,2026-01-29 08:25:00-05:00,0.44150110375275003,5.618543046357619,-3.3300220750551985,117,core
MRNA,long,45.94,2026-01-30 08:40:00-05:00,0.8704832390074061,5.463648236830645,-4.875925119721365,113,core
MRNA,long,43.5,2026-02-02 08:45:00-05:00,7.068965517241386,4.298850574712638,-1.494252873563215,114,core
MRNA,short,43.59,2026-02-03 09:55:00-05:00,5.299380591878876,1.2846983253039577,3.647625602202347,91,expanded
MRNA,long,42.74,2026-02-04 10:25:00-05:00,1.4740290126345237,2.830837622835762,0.14038371548899198,87,expanded
MRNA,long,42.34,2026-02-05 09:35:00-05:00,3.565658951346233,8.242796410014176,-7.127538970240909,121,expanded
MRNA,short,41.2323,2026-02-06 08:00:00-05:00,4.201317898831746,0.6492482835058869,1.024197049400591,116,expanded
MRNA,short,40.37,2026-02-09 09:55:00-05:00,0.09908347783006972,4.5330691107258,-4.422095615556114,97,core
MRNA,long,42.74,2026-02-10 14:30:00-05:00,0.0,12.283575105287786,-10.4646700982686,58,expanded
MRNA,long,38.23,2026-02-11 05:35:00-05:00,6.735547998953709,4.119801203243515,5.044729270206652,154,expanded
MRNA,short,40.4,2026-02-12 08:55:00-05:00,3.910891089108907,1.2623762376237575,2.4752475247524752,114,core
MRNA,long,40.0673,2026-02-13 08:25:00-05:00,11.811876517758856,0.21788341116073742,5.692672079226689,113,core
MRNA,long,42.27,2026-02-17 10:45:00-05:00,4.565885971137922,0.6150934468890586,3.737875561864202,75,expanded
MRNA,short,44.09,2026-02-18 04:15:00-05:00,0.38557496030846383,8.686777046949418,-6.464050805171227,150,expanded
MRNA,long,46.38,2026-02-19 08:30:00-05:00,8.796895213454071,1.2505390254420123,7.179818887451484,125,core
MRNA,short,49.23,2026-02-20 08:00:00-05:00,1.9094048344505337,2.5391021734714605,-1.401584399756256,113,core
MRNA,long,51.36,2026-02-23 10:55:00-05:00,1.1390186915887868,2.472741433021799,-2.1612149532710268,88,expanded
MRNA,short,50.61,2026-02-24 11:00:00-05:00,0.7113218731475981,2.5983007310808097,0.05927682276230219,78,expanded
MRNA,long,53.16,2026-02-25 09:40:00-05:00,1.297592174567354,4.063205417607217,-3.686982693754691,99,expanded
MRNA,long,51.29,2026-02-26 10:15:00-05:00,1.5084811854162568,1.3062975238838013,0.38993955936830343,84,expanded
MRNA,long,51.5,2026-02-27 10:20:00-05:00,4.27184466019418,0.7572815533980594,4.233203883495151,100,expanded
MRNA,long,52.3,2026-03-02 07:05:00-05:00,5.038240917782036,3.5372848948374656,0.5736137667304098,124,expanded
MRNA,short,50.81,2026-03-03 08:25:00-05:00,6.258610509742176,9.269828773863415,-6.263727612674671,136,core
MRNA,short,53.28,2026-03-04 06:55:00-05:00,3.0655030030029997,11.76801801801801,-8.577327327327328,147,expanded
MRNA,short,57.11,2026-03-05 08:25:00-05:00,8.649973734897562,2.8541411311504157,5.953423218350549,119,core
MRNA,long,53.01,2026-03-06 08:30:00-05:00,3.074891529900024,7.149594416147894,2.1695906432748573,131,expanded
MRNA,long,52.7752,2026-03-09 08:25:00-04:00,7.2852400369870685,1.6394063878488412,5.504100410799015,125,core
MRNA,long,54.86,2026-03-10 07:10:00-04:00,2.7889172438935494,4.028436018957347,0.3645643456070048,121,core
MRNA,short,56.31,2026-03-11 10:10:00-04:00,1.6870893269401575,2.788137098206358,1.6160539868584685,91,expanded
MRNA,long,53.99,2026-03-12 10:20:00-04:00,1.907760696425266,1.6669753658084805,-0.8890535284311983,80,expanded
MRNA,short,54.19,2026-03-13 09:55:00-04:00,5.074737036353571,0.05536076766931378,3.0697545672633315,84,core
MRNA,short,52.245,2026-03-16 09:55:00-04:00,1.1675758445784274,2.134175519188443,-2.0193319934922,90,core
MRNA,short,54.97,2026-03-17 10:45:00-04:00,2.837911588138989,2.8015281062397657,1.5826814626159678,80,expanded
MRNA,long,52.43,2026-03-18 10:20:00-04:00,1.1062368872782726,1.0108716383749783,-0.1716574480259323,84,expanded
MRNA,short,52.25,2026-03-19 10:25:00-04:00,1.8181818181818237,1.3205741626794216,-0.2105263157894726,83,expanded
MRNA,short,51.755,2026-03-20 11:45:00-04:00,2.1930248285189933,1.2076127910346826,0.6666022606511562,69,core
MRNA,long,51.51,2026-03-23 08:30:00-04:00,2.0190254319549585,2.562609202096681,-0.40768782760629174,105,expanded
MRNA,short,51.53,2026-03-24 10:30:00-04:00,0.9897147292839085,2.2317096836794073,-0.3299049097613074,79,expanded
MRNA,short,52.88,2026-03-25 09:55:00-04:00,0.4765506807866914,2.571860816944023,-1.3426626323751907,88,core
MRNA,short,53.91,2026-03-26 10:55:00-04:00,1.50231867928028,0.5564830272676763,0.5180856983861978,74,expanded
MRNA,short,53.02,2026-03-27 09:55:00-04:00,7.167106752169,0.018860807242546226,7.148245944926454,100,core
MRNA,long,49.52,2026-03-30 09:55:00-04:00,0.4341680129240636,4.8061389337641405,-3.3723747980613927,88,core
MRNA,short,49.87,2026-03-31 10:00:00-04:00,3.8299578905153333,3.509123721676359,-2.9677160617605858,90,expanded
MRNA,short,52.53,2026-04-01 09:55:00-04:00,5.6158385684370895,0.47591852274890534,4.33504664001523,81,expanded
MRNA,long,49.2067,2026-04-02 09:55:00-04:00,2.6486230533646844,1.8832801224223465,0.3521878118223833,94,expanded
MRNA,long,49.53,2026-04-06 10:00:00-04:00,0.5247324853624102,2.6852412679184297,-0.8681607106803952,80,expanded
MRNA,long,48.6,2026-04-07 04:20:00-04:00,5.658436213991769,2.476337448559667,5.484979423868315,133,expanded
MRNA,long,51.86,2026-04-08 10:05:00-04:00,1.0219822599305846,1.2148091014269236,0.2892402622445017,86,expanded
MRNA,long,50.69,2026-04-09 10:15:00-04:00,2.584336160978501,0.21700532649437648,1.7565594791872159,76,expanded
MRNA,short,51.38,2026-04-10 04:05:00-04:00,2.646944336317632,2.938886726352662,0.6549240949785926,110,expanded
MRNA,long,52.19,2026-04-13 10:35:00-04:00,0.0766430350641869,3.2956505077601053,-2.87411381490707,89,expanded
MRNA,short,50.285,2026-04-14 10:00:00-04:00,0.467336183752609,5.399224420801439,-5.269563488117742,97,core
MRNA,long,53.39,2026-04-15 11:40:00-04:00,2.0790410189173993,0.0,1.6943247799213375,69,expanded
MRNA,short,53.46,2026-04-16 11:35:00-04:00,0.7295173961840639,2.787130564908346,-2.3381967826412273,70,expanded
MRNA,long,54.18,2026-04-17 10:10:00-04:00,3.4699150978220796,2.2702104097452875,-0.5647840531561413,90,expanded
MRNA,short,54.81,2026-04-20 10:10:00-04:00,1.7879948914431745,1.669403393541323,0.5657726692209553,79,expanded
MRNA,long,52.8,2026-04-21 09:55:00-04:00,6.43939393939395,0.04734848484848216,3.1818181818181817,84,core
MRNA,short,54.96,2026-04-22 09:55:00-04:00,0.6914119359534253,1.5101892285298366,-0.6866812227074263,97,core
MRNA,long,54.77,2026-04-23 10:45:00-04:00,0.7851013328464482,3.9437648347635634,-2.9213072850100446,78,expanded
MRNA,short,51.29,2026-04-24 11:05:00-04:00,1.540261259504775,0.5069214271787834,1.442776369662706,88,expanded
MRNA,short,50.37,2026-04-27 09:55:00-04:00,4.208854476871149,0.1588246972404316,3.3154655548937755,87,core
MRNA,short,48.04,2026-04-28 10:05:00-04:00,2.685262281432138,0.29142381348876056,1.8526228143214003,82,expanded
MRNA,long,47.29,2026-04-29 04:15:00-04:00,0.3171917953055584,5.646013956438997,-3.8908860224148794,119,expanded
MRNA,short,46.455,2026-04-30 09:55:00-04:00,1.8404907975460054,3.1966419115272835,0.22602518566353863,99,core
MRNA,short,48.8,2026-05-01 07:05:00-04:00,10.49180327868852,1.516393442622955,7.438524590163925,135,expanded
MRNA,short,45.3,2026-05-04 07:50:00-04:00,0.6401766004414993,5.883002207505533,-4.481236203090511,106,expanded
MRNA,long,45.955,2026-05-05 13:35:00-04:00,1.6864323795016833,0.1414427157001365,1.26906756609728,45,expanded
MRNA,long,47.385,2026-05-06 09:55:00-04:00,3.5137701804368455,0.17938166086314414,3.3871478315922845,101,expanded
MRNA,long,51.0,2026-05-07 09:55:00-04:00,0.15686274509803588,6.3137254901960755,-4.55882352941177,113,expanded
MRNA,short,55.655,2026-05-08 13:10:00-04:00,5.111849788877906,1.4643787620159874,-1.1939628065762227,79,expanded
MRNA,short,58.97,2026-05-11 05:15:00-04:00,12.853823978294052,1.5261997625911456,9.869425131422759,171,expanded
MRNA,short,54.3,2026-05-12 05:15:00-04:00,5.616942909760585,0.6445672191528572,1.6758747697974155,160,expanded
MRNA,short,50.9302,2026-05-13 09:50:00-04:00,1.8460559746476497,1.1187861033335835,1.6104393856690133,110,core
MRNA,short,49.84,2026-05-14 08:20:00-04:00,2.267255216693424,1.9261637239165204,-0.1805778491171675,114,expanded
MRNA,short,48.6,2026-05-15 10:05:00-04:00,1.419753086419763,1.2946502057613112,0.0586419753086442,93,core
MRNA,short,48.91,2026-05-18 09:55:00-04:00,2.596606011040679,1.0222858311183807,1.3698630136986192,84,core
MRNA,long,46.57,2026-05-19 12:00:00-04:00,0.19325746188532597,2.5982392097917133,-2.5963066351728568,80,expanded
MRNA,short,47.13,2026-05-20 10:10:00-04:00,0.7426267769997907,3.479736897941864,-2.270316146827923,92,expanded
MRNA,long,47.8,2026-05-21 09:55:00-04:00,0.20920502092050508,2.753138075313798,-0.9205020920502046,89,expanded
MRNA,short,47.8,2026-05-22 10:10:00-04:00,2.1548117154811592,0.12552301255230602,1.9870292887029213,91,expanded
MRNA,long,48.43,2026-05-26 10:15:00-04:00,0.4990708238695057,3.0815610158992284,-2.6842865992153566,83,expanded
MRNA,short,48.51,2026-05-27 10:25:00-04:00,2.1129663986806815,0.9482580911152357,1.2987012987012894,77,expanded
MRNA,short,47.68,2026-05-28 04:30:00-04:00,3.7541946308724814,0.2726510067114148,0.5453020134228146,138,core
MRNA,long,47.11,2026-05-29 09:55:00-04:00,4.5637868817660765,0.1485884101040125,0.38208448312460136,97,expanded
MRNA,short,46.24,2026-06-01 14:20:00-04:00,0.6704152249134997,0.21626297577854978,0.5596885813148806,43,core
MRNA,short,44.38,2026-06-02 09:50:00-04:00,0.7886435331230315,4.0333483551149145,-3.103875619648485,102,core
MRNA,short,45.31,2026-06-03 08:55:00-04:00,0.4414036636504146,9.357757669388644,-7.54800264842197,121,expanded
MRNA,short,50.45,2026-06-04 09:55:00-04:00,0.45589692765114764,2.874132804757177,-1.9849355797819557,95,core
MRNA,long,48.78,2026-06-05 11:25:00-04:00,0.7790077900778914,4.920049200492002,-3.485034850348509,83,expanded
MRNA,short,47.92,2026-06-08 09:55:00-04:00,2.3372287145242163,2.23288814691152,0.7721202003338993,85,core
MRNA,short,47.47,2026-06-09 09:55:00-04:00,4.360648830840532,1.2112913419001534,-0.12639561828523757,86,core
MRNA,short,47.55,2026-06-10 10:10:00-04:00,3.95373291272344,0.7570977917981061,3.2386961093585684,92,expanded
MRNA,short,47.35,2026-06-11 10:20:00-04:00,0.4646251319957737,5.469904963041175,-4.371700105596622,86,expanded
MRNA,short,50.72,2026-06-12 09:55:00-04:00,2.109621451104102,2.0307570977918004,1.6667981072555165,84,expanded
AI,long,14.71,2025-12-15 14:40:00-05:00,0.2719238613188249,1.4269204622705716,-0.7477906186267926,46,expanded
AI,long,14.45,2025-12-16 09:55:00-05:00,0.5190311418685195,2.1453287197231745,0.20761245674741272,86,core
AI,short,14.52,2025-12-17 09:55:00-05:00,3.5812672176308515,0.34435261707989473,2.9614325068870504,94,expanded
AI,short,14.11,2025-12-18 09:55:00-05:00,2.7994330262225344,0.9525159461374996,2.4096385542168663,99,core
AI,short,13.86,2025-12-19 09:55:00-05:00,0.18037518037517014,4.545454545454551,-4.40115440115441,102,expanded
AI,short,14.52,2025-12-22 08:55:00-05:00,0.4820936639118477,3.5123966942148748,-1.0984848484848575,105,expanded
AI,long,14.035,2025-12-23 10:30:00-05:00,0.6056287851799008,1.1043819023868853,0.03562522265763452,96,expanded
AI,long,13.81,2025-12-24 10:25:00-05:00,1.8102824040550323,0.05865314989138785,1.086169442433022,49,expanded
AI,long,13.83,2025-12-26 10:05:00-05:00,1.2292118582791027,0.21691973969630773,0.7230657989877053,87,expanded
AI,short,14.0955,2025-12-29 10:10:00-05:00,1.8835798659146494,0.10286971019119547,1.4579120996062496,93,expanded
AI,short,13.975,2025-12-30 10:10:00-05:00,1.680858676207511,0.5008944543828285,1.3953488372093044,97,core
AI,short,13.495,2025-12-31 13:00:00-05:00,0.7039644312708326,0.4446091144868507,0.5557613931085534,70,expanded
AI,long,13.69,2026-01-02 08:25:00-05:00,1.0956902848794767,2.264426588750904,0.21913805697590313,120,expanded
AI,short,13.94,2026-01-05 10:10:00-05:00,1.7934002869440457,0.5595408895265508,0.1434720229555206,105,expanded
AI,long,13.91,2026-01-06 09:55:00-05:00,2.156721782890012,1.7972681524083391,1.5823148813803047,107,core
AI,short,13.76,2026-01-07 12:10:00-05:00,1.0174418604651203,0.8357558139534899,0.5087209302325602,79,expanded
AI,short,13.7,2026-01-08 09:55:00-05:00,0.9854014598540131,1.5693430656934297,-0.7299270072992805,92,expanded
AI,short,13.69,2026-01-09 10:05:00-05:00,0.6574141709276835,4.054054054054053,-2.2279035792549284,94,core
AI,short,13.74,2026-01-12 10:25:00-05:00,0.29112081513828914,5.385007278020382,-2.9403202328966516,95,expanded
AI,long,13.41,2026-01-13 10:45:00-05:00,1.7151379567486982,0.3728560775540694,1.2677106636838176,94,expanded
AI,long,13.61,2026-01-14 10:45:00-05:00,2.277736958119034,0.6304188096987435,1.6164584864070586,93,expanded
AI,long,13.9746,2026-01-15 09:15:00-05:00,0.10662201422580271,3.458417414451933,-3.109928012250808,107,expanded
AI,short,13.31,2026-01-16 09:50:00-05:00,2.2539444027047386,2.7798647633358318,1.5552216378662715,113,core
AI,long,12.71,2026-01-20 08:25:00-05:00,1.6522423288748942,2.8324154209284123,-1.3375295043273145,122,core
AI,short,12.68,2026-01-21 11:20:00-05:00,3.2334384858044176,0.3943217665615198,-0.37302839116719166,84,expanded
AI,short,12.95,2026-01-22 15:40:00-05:00,0.3088803088803023,0.7722007722007832,-0.2308880308880415,31,expanded
AI,short,12.869,2026-01-23 11:30:00-05:00,2.6730903722122887,0.6294195353174257,1.2355272359934644,70,core
AI,short,12.72,2026-01-26 10:00:00-05:00,0.3537735849056598,1.80817610062892,-1.80817610062892,90,expanded
AI,long,12.635,2026-01-27 10:05:00-05:00,1.067669172932331,1.0684606252473272,0.2770083102493086,101,expanded
AI,long,13.36,2026-01-28 14:55:00-05:00,0.2717065868263523,2.9940119760478936,-2.320359281437116,57,core
AI,short,12.3388,2026-01-29 10:45:00-05:00,2.338152818750615,0.8606995818069779,0.8744772587285697,105,expanded
AI,long,12.06,2026-01-30 08:25:00-05:00,0.16583747927031153,9.618573797678277,-8.5223880597015,135,core
AI,short,10.94,2026-02-02 08:05:00-05:00,2.9707495429616024,2.742230347349184,-0.36563071297989874,130,expanded
AI,short,11.01,2026-02-03 08:25:00-05:00,7.44777475022707,0.27247956403269175,3.2325158946412365,120,core
AI,short,10.67,2026-02-04 10:00:00-05:00,2.061855670103099,4.498594189315843,-4.277413308341147,104,core
AI,short,10.81,2026-02-05 08:25:00-05:00,9.713228492136917,2.682701202590186,7.956521739130444,133,core
AI,short,10.22,2026-02-06 05:20:00-05:00,2.3483365949119395,14.872798434442263,-14.187866927592946,143,core
AI,short,11.1001,2026-02-09 09:50:00-05:00,0.5414365636345643,6.440482518175513,-4.512571958811195,99,core
AI,short,11.7,2026-02-10 10:00:00-05:00,2.1367521367521367,3.0769230769230873,1.538461538461536,88,core
AI,short,10.885,2026-02-11 11:20:00-05:00,3.399173174092781,0.22967386311438087,0.413412953605879,80,expanded
AI,long,10.76,2026-02-12 10:15:00-05:00,0.27881040892192716,5.110594795539026,-3.9581784386617134,91,core
AI,short,10.765,2026-02-13 10:10:00-05:00,1.346957733395275,2.9261495587552204,-0.3251277287505819,83,expanded
AI,short,10.41,2026-02-17 09:55:00-05:00,2.4015369836695486,1.5369836695485124,0.19884726224783592,89,core
AI,short,10.6865,2026-02-18 10:30:00-05:00,1.3708885041875394,1.2492396949422142,0.5287044401815353,80,expanded
AI,short,10.5,2026-02-19 09:55:00-05:00,0.8095238095238176,2.1904761904761942,-1.904761904761898,92,core
AI,long,10.6,2026-02-20 09:55:00-05:00,3.0188679245283048,2.877358490566035,-1.539622641509432,100,expanded
AI,long,9.99,2026-02-23 10:05:00-05:00,0.15015015015015584,4.604604604604614,-2.2022022022022085,97,expanded
AI,short,9.88,2026-02-24 10:15:00-05:00,1.0121457489878685,3.0364372469635517,-2.5303643724696356,97,expanded
AI,long,10.25,2026-02-25 08:35:00-05:00,2.7317073170731643,26.34146341463415,-21.65853658536586,136,expanded
AI,short,10.175,2026-05-28 15:10:00-04:00,0.19656019656020982,1.0319410319410185,-0.5405405405405377,47,expanded
AI,long,10.4807,2026-05-29 09:55:00-04:00,6.147490148558774,1.4855877947083809,4.191513925596566,115,core
AI,long,11.1122,2026-06-01 08:55:00-04:00,6.615251705332886,2.899515847446955,5.674843865301211,132,expanded
AI,long,11.54,2026-06-02 06:40:00-04:00,1.0398613518197661,4.592720970537256,-2.614384748700161,153,core
AI,long,10.755,2026-06-03 10:15:00-04:00,20.31613203161319,4.137610413761044,1.5341701534170074,116,expanded
AI,long,10.23,2026-06-04 09:35:00-04:00,7.575757575757579,1.5640273704789847,3.421309872922772,112,expanded
AI,short,10.055,2026-06-05 12:30:00-04:00,1.342615614122325,4.375932371954247,-1.6409746394828537,72,expanded
AI,long,10.785,2026-06-08 09:55:00-04:00,1.529902642559102,2.9207232267037506,-1.7153453871117337,98,expanded
AI,long,10.58,2026-06-09 09:05:00-04:00,4.820415879017012,4.584120982986762,1.1342155009451722,113,core
AI,short,10.67,2026-06-10 08:55:00-04:00,2.436738519212744,5.810684161199617,0.6560449859418959,108,expanded
AI,short,10.76,2026-06-11 10:25:00-04:00,0.5576208178438709,5.204460966542756,-5.201672862453526,102,expanded
AI,short,10.81,2026-06-12 09:50:00-04:00,1.5263644773358087,2.2201665124884387,-1.9426456984273734,100,core
PATH,long,16.3229,2025-12-15 12:20:00-05:00,1.207506019151002,1.855675155762769,-1.3655661677765545,90,expanded
PATH,short,16.19,2025-12-16 07:40:00-05:00,2.408894379246452,2.5324274243360105,0.5558987029030256,144,expanded
PATH,long,16.35,2025-12-17 07:50:00-05:00,2.2629969418960085,3.119266055045881,-2.1406727828746264,134,expanded
PATH,long,16.14,2025-12-18 08:25:00-05:00,2.106567534076827,1.734820322180924,-0.867410161090462,130,core
PATH,short,16.16,2025-12-19 08:25:00-05:00,1.581683168316828,0.4950495049504845,0.003094059405933383,136,core
PATH,long,16.42,2025-12-22 06:10:00-05:00,2.6187576126674768,1.2180267965895422,2.2533495736906053,163,core
PATH,short,16.69,2025-12-23 07:30:00-05:00,6.051527860994616,3.055721989215087,-2.1569802276812426,146,core
PATH,long,17.29,2025-12-24 08:25:00-05:00,0.3429728166570292,3.4702139965297736,-0.8675534991324384,102,core
PATH,short,17.21,2025-12-26 08:25:00-05:00,2.847181871005241,0.1743172574084694,2.033701336432315,133,core
PATH,short,16.6884,2025-12-29 08:25:00-05:00,2.1475995302126214,4.024352244672934,-1.0282591500682987,134,expanded
PATH,short,16.88,2025-12-30 08:30:00-05:00,1.658175355450224,1.7180094786730018,1.4218009478672893,134,expanded
PATH,short,16.68,2025-12-31 08:25:00-05:00,2.51798561151078,0.35971223021581966,1.97841726618704,136,core
PATH,long,16.68,2026-01-02 07:35:00-05:00,1.0191846522781878,7.13429256594724,-4.376498800959236,147,expanded
PATH,long,15.98,2026-01-05 04:55:00-05:00,3.0976220275344244,2.3147684605757273,0.6257822277847176,170,expanded
PATH,short,16.11,2026-01-06 05:45:00-05:00,1.3035381750465491,8.504034761018007,-8.504034761018007,158,core
PATH,short,17.28,2026-01-07 08:25:00-05:00,1.070601851851865,3.8194444444444446,-3.1249999999999947,133,core
PATH,short,17.81,2026-01-08 07:45:00-05:00,6.007860752386303,0.8983717012914103,4.884896125772024,145,core
PATH,short,16.96,2026-01-09 07:20:00-05:00,4.658018867924523,3.066037735849054,3.3018867924528434,147,expanded
PATH,short,17.189,2026-01-12 12:35:00-05:00,0.37233114200942496,0.9948222700564278,-0.2385246378497898,86,expanded
PATH,short,17.41,2026-01-13 09:00:00-05:00,10.970706490522689,0.6892590465249914,8.500287191269388,131,expanded
PATH,long,15.4001,2026-01-14 11:30:00-05:00,1.103239589353317,2.2084272180050752,-0.7681768300205819,101,expanded
PATH,short,15.52,2026-01-15 04:45:00-05:00,4.9613402061855645,0.7731958762886663,4.31701030927835,177,expanded
PATH,long,14.91,2026-01-16 07:30:00-05:00,0.46948356807511926,4.292421193829648,-3.9570757880617027,149,expanded
PATH,long,13.9464,2026-01-20 08:25:00-05:00,4.256295531463306,0.8346239889864087,2.965639878391548,137,core
PATH,short,14.43,2026-01-21 05:10:00-05:00,3.465003465003465,0.9702009702009742,0.7623007623007584,174,expanded
PATH,long,14.4901,2026-01-22 08:25:00-05:00,5.244270225878359,0.6218038522853508,4.416118591314075,138,core
PATH,long,15.1,2026-01-23 05:10:00-05:00,2.6490066225165587,2.6205298013245013,-2.4503311258278093,174,core
PATH,long,14.66,2026-01-26 05:15:00-05:00,5.72987721691678,0.0682128240109126,2.1828103683492515,163,expanded
PATH,long,15.12,2026-01-27 07:50:00-05:00,0.9259259259259297,6.845238095238085,-4.761904761904755,144,expanded
PATH,short,14.42,2026-01-28 13:15:00-05:00,2.5610263522884815,0.5547850208044388,2.2191400832177552,79,expanded
PATH,long,13.24,2026-01-29 10:10:00-05:00,1.2084592145015116,1.7371601208459246,0.3021148036253712,116,expanded
PATH,long,13.06,2026-01-30 05:40:00-05:00,2.0673813169984654,4.134762633996944,-3.905053598774883,165,expanded
PATH,long,12.51,2026-02-02 07:25:00-05:00,3.277378097521984,2.797761790567543,1.119104716227023,142,core
PATH,short,12.57,2026-02-03 05:30:00-05:00,6.20525059665872,1.6706443914081073,3.81861575178998,169,expanded
PATH,short,12.1,2026-02-04 08:25:00-05:00,3.9669421487603342,3.512396694214882,-2.727272727272728,134,core
PATH,short,12.18,2026-02-05 07:40:00-05:00,6.239737274220031,2.627257799671595,4.761904761904763,147,core
PATH,short,12.2,2026-02-06 07:55:00-05:00,3.688524590163929,6.475409836065582,-6.393442622950829,141,core
PATH,long,13.0,2026-02-09 08:25:00-05:00,2.076923076923074,3.1476923076923096,0.1330769230769272,131,core
PATH,short,12.92,2026-02-10 05:30:00-05:00,0.9287925696594366,3.250773993808049,-0.46130030959752055,155,expanded
PATH,long,12.84,2026-02-11 08:25:00-05:00,1.7842679127725918,10.514018691588783,-8.647196261682247,138,expanded
PATH,long,11.76,2026-02-12 08:00:00-05:00,0.9353741496598591,6.20663265306123,-5.604591836734698,139,core
PATH,short,11.27,2026-02-13 08:55:00-05:00,0.7985803016858904,3.637976929902397,-0.9822537710736431,125,expanded
PATH,long,11.25,2026-02-17 07:40:00-05:00,0.8888888888888857,5.511111111111104,-3.288888888888882,142,expanded
PATH,short,10.97,2026-02-18 08:25:00-05:00,1.367365542388335,4.649042844120326,-1.5496809480401088,130,core
PATH,short,11.08,2026-02-19 09:55:00-05:00,0.7211191335740099,1.4440433212996402,-1.411552346570394,113,core
PATH,short,11.22,2026-02-20 08:25:00-05:00,4.18894830659537,3.3422459893048124,3.6541889483065964,132,core
PATH,short,10.68,2026-02-23 07:30:00-05:00,6.039325842696625,1.0299625468164741,5.426966292134824,146,expanded
PATH,short,10.165,2026-02-24 08:25:00-05:00,2.4102311854402285,2.5577963600590414,0.35907525823904013,135,core
PATH,short,10.18,2026-02-25 08:25:00-05:00,7.023575638506875,0.294695481335964,2.750491159135554,137,core
PATH,short,9.88,2026-02-26 07:05:00-05:00,0.0,9.109311740890673,-8.198380566801605,152,expanded
PATH,short,10.59,2026-02-27 08:25:00-05:00,3.966005665722379,2.3607176581680833,-1.8668555240793139,135,core
PATH,short,10.51,2026-03-02 08:25:00-05:00,1.9029495718363396,3.3292102759276867,-1.8078020932445242,128,core
PATH,short,10.48,2026-03-03 07:45:00-05:00,2.2900763358778646,7.633587786259531,-5.942748091603051,141,expanded
PATH,short,11.17,2026-03-04 08:25:00-05:00,2.1486123545210405,1.1190689346463742,0.41271262309757517,131,core
PATH,long,11.665,2026-03-05 11:35:00-05:00,1.157308186883854,5.100728675525066,-0.12944706386625426,94,expanded
PATH,short,11.54,2026-03-06 08:25:00-05:00,2.6429809358752143,3.119584055459283,-2.521663778162915,135,core
PATH,short,11.91,2026-03-09 10:10:00-04:00,2.402183039462631,1.0915197313182115,-0.4920235096557532,114,expanded
PATH,short,11.9409,2026-03-10 08:25:00-04:00,4.906665326734156,1.0811580366639122,1.074458374159397,138,core
PATH,short,11.81,2026-03-11 08:25:00-04:00,3.386960203217615,10.245554614733269,3.217612193056738,138,expanded
PATH,long,11.5,2026-03-12 07:45:00-04:00,4.130434782608693,6.956521739130441,-2.6086956521739193,145,expanded
PATH,long,11.33,2026-03-13 08:25:00-04:00,7.325684024713151,0.38834951456311106,1.6769638128861386,134,core
PATH,long,11.61,2026-03-16 05:35:00-04:00,2.325581395348849,1.2058570198104979,-0.5693367786390932,161,core
PATH,short,11.56,2026-03-17 08:55:00-04:00,0.08650519031141683,4.584775086505185,-3.3979238754325203,130,expanded
PATH,short,12.04,2026-03-18 07:50:00-04:00,2.5747508305647737,5.084717607973434,-3.196013289036547,142,core
PATH,long,12.3,2026-03-19 05:15:00-04:00,3.739837398373976,2.195121951219523,-0.40650406504065617,152,core
PATH,short,12.15,2026-03-20 08:30:00-04:00,3.366255144032927,2.9629629629629584,-0.18271604938271419,134,expanded
PATH,short,12.2382,2026-03-23 08:25:00-04:00,3.7440146426762224,0.3415534964292012,0.7206942197382008,124,core
PATH,short,10.975,2026-03-24 11:50:00-04:00,0.5922551252847335,2.505694760820049,-1.5562642369020487,97,expanded
PATH,long,11.1568,2026-03-25 08:25:00-04:00,1.9109422056503542,4.004732539796354,-1.9432095224437202,126,core
PATH,short,10.77,2026-03-26 07:35:00-04:00,0.6499535747446638,3.8987929433611903,-2.7845868152274926,138,expanded
PATH,long,10.86,2026-03-27 07:45:00-04:00,2.2099447513812174,3.130755064456721,-1.5653775322283605,141,core
PATH,short,10.7617,2026-03-30 07:50:00-04:00,0.5733294925522928,3.9798544839569967,-0.07712536123475097,128,expanded
PATH,short,11.155,2026-03-31 10:15:00-04:00,2.1963245181532876,0.22411474675033938,-0.22411474675033938,103,expanded
PATH,short,11.105,2026-04-01 10:45:00-04:00,1.2156686177397549,0.9004952723998167,0.889689329131028,94,expanded
PATH,long,10.86,2026-04-02 07:50:00-04:00,3.6832412523020297,1.8416206261510064,3.499079189686932,136,expanded
PATH,short,11.2538,2026-04-06 08:40:00-04:00,2.1219499191384195,1.4768344914606613,1.1853773836393038,112,core
PATH,short,11.19,2026-04-07 09:55:00-04:00,2.3235031277926703,1.876675603217166,-1.4298480786416456,114,core
PATH,long,10.915,2026-04-08 11:20:00-04:00,0.13742556115437993,5.451213925790187,-4.351809436555197,103,expanded
PATH,long,10.32,2026-04-09 09:30:00-04:00,0.8720930232558125,5.71705426356589,-3.48837209302325,122,expanded
PATH,short,9.385,2026-04-10 15:25:00-04:00,1.1188066062866322,0.37293553542887736,-0.14171550346298326,53,expanded
PATH,long,9.32,2026-04-13 07:25:00-04:00,9.334763948497846,0.64377682403434,9.012875536480685,143,core
PATH,short,10.21,2026-04-14 07:40:00-04:00,2.9872673849167626,2.056807051909883,1.7629774730656362,143,expanded
PATH,short,10.3673,2026-04-15 10:15:00-04:00,0.2633279638864538,3.209128702748055,-3.209128702748055,116,expanded
PATH,short,10.85,2026-04-16 05:35:00-04:00,3.041474654377881,1.93548387096775,2.520737327188943,164,expanded
PATH,long,10.78,2026-04-17 09:55:00-04:00,0.37105751391466535,5.2411873840445224,-3.529684601113169,118,expanded
PATH,short,10.38,2026-04-20 09:30:00-04:00,0.4730250481695668,3.2755298651252396,-2.11946050096338,117,expanded
PATH,long,10.67,2026-04-21 07:25:00-04:00,5.623242736644795,0.8903467666354324,1.686972820993437,143,core
PATH,long,10.96,2026-04-22 07:40:00-04:00,0.7299270072992544,4.2883211678832165,-1.9160583941605918,142,expanded
PATH,long,10.0431,2026-04-23 12:15:00-04:00,1.8609791797353368,1.3252880086825845,0.6969959474664048,87,expanded
PATH,long,10.19,2026-04-24 07:15:00-04:00,1.864573110893045,3.0912659470068644,1.668302257114818,140,expanded
PATH,long,10.38,2026-04-27 09:30:00-04:00,2.023121387283228,1.3487475915221634,0.8670520231213859,107,expanded
PATH,short,10.5999,2026-04-28 16:15:00-04:00,0.8481212086906489,0.6235907885923498,0.00566043075878431,32,expanded
PATH,short,10.29,2026-04-29 09:45:00-04:00,0.291545189504367,2.4295432458697768,-0.5830903790087512,114,core
PATH,long,10.0663,2026-04-30 09:55:00-04:00,4.805141909142393,0.26126779452232574,3.0169973078489534,111,expanded
PATH,short,10.46,2026-05-01 08:55:00-04:00,1.7208413001912188,4.3977055449330695,-2.197896749521978,122,expanded
PATH,short,10.7,2026-05-04 07:25:00-04:00,0.8411214953271016,3.3177570093457986,-1.4953271028037398,136,expanded
PATH,long,11.01,2026-05-05 08:20:00-04:00,0.08991825613079037,5.358764759309717,-2.8038147138964575,136,core
PATH,short,10.76,2026-05-06 05:30:00-04:00,5.018587360594787,0.8169144981412586,2.6022304832713696,165,expanded
PATH,short,10.63,2026-05-07 07:30:00-04:00,0.2822201317027388,4.374412041392285,-1.5992474129821255,147,expanded
PATH,short,10.85,2026-05-08 09:00:00-04:00,4.884792626728105,0.7373271889400929,1.2903225806451502,126,expanded
PATH,short,10.675,2026-05-11 15:40:00-04:00,0.5152224824356112,0.04683840749413588,0.3278688524590177,46,expanded
PATH,long,10.71,2026-05-12 07:05:00-04:00,0.9337068160597539,6.7226890756302575,-5.7768440709617215,153,core
PATH,long,10.1,2026-05-13 05:00:00-04:00,0.0990099009900969,7.772277227722774,-5.940594059405938,175,core
PATH,short,9.61,2026-05-14 06:20:00-04:00,4.264308012486981,2.2892819979188412,-0.9365244536940672,160,core
PATH,short,9.805,2026-05-15 09:35:00-04:00,1.6828148903620517,6.884242733299345,-5.762366139724626,124,expanded
PATH,long,10.34,2026-05-18 04:25:00-04:00,4.8839458413926575,2.794003868471953,3.471953578336557,178,core
PATH,short,10.85,2026-05-19 07:40:00-04:00,4.009216589861756,4.1474654377880285,2.6866359447004537,142,expanded
PATH,long,10.305,2026-05-20 10:00:00-04:00,4.609412906356135,0.0,3.392527899078123,115,core
PATH,long,10.74,2026-05-21 07:25:00-04:00,0.18621973929236102,4.469273743016763,-1.1173184357541992,147,expanded
PATH,short,10.68,2026-05-22 08:35:00-04:00,1.1235955056179703,4.025280898876405,-2.058988764044952,131,expanded
PATH,long,10.92,2026-05-26 09:10:00-04:00,4.3956043956043995,1.7399267399267355,2.2893772893772892,128,core
PATH,short,11.08,2026-05-27 06:55:00-04:00,1.2635379061371892,3.7906137184115516,-3.4296028880866496,156,core
PATH,long,11.42,2026-05-28 04:25:00-04:00,7.968476357267952,5.341506129597192,-3.237302977232924,186,core
PATH,long,11.1,2026-05-29 07:35:00-04:00,8.288288288288289,6.126126126126124,5.854054054054061,148,expanded
PATH,short,12.04,2026-06-01 05:30:00-04:00,1.1627906976744087,9.634551495016613,-7.1453488372093075,173,core
PATH,short,12.5616,2026-06-02 07:25:00-04:00,6.2221373073493895,1.6590243281110626,4.311552668449885,149,core
PATH,long,11.7001,2026-06-03 10:20:00-04:00,0.6829001461525844,3.846975666874649,-3.846975666874649,115,expanded
PATH,long,11.68,2026-06-04 08:05:00-04:00,3.938356164383569,2.1404109589041096,-0.08561643835616256,140,expanded
PATH,short,11.69,2026-06-05 04:30:00-04:00,5.517536355859706,2.1385799828913603,4.934131736526934,175,core
PATH,short,11.19,2026-06-08 06:05:00-04:00,2.5915996425379726,1.4298480786416456,0.5138516532618339,153,expanded
PATH,short,10.72,2026-06-09 16:20:00-04:00,0.6529850746268683,0.6529850746268517,-0.08955223880596028,31,expanded
PATH,short,10.44,2026-06-10 07:25:00-04:00,1.0536398467432897,5.124521072796936,-1.8448275862069021,144,expanded
PATH,short,10.66,2026-06-11 09:00:00-04:00,3.3302063789868703,0.7504690431519707,0.04502814258911324,130,core
PATH,short,10.709,2026-06-12 06:55:00-04:00,5.9669436922214905,0.7563731440844105,1.5781118685218087,144,expanded
GS,short,893.3,2025-12-16 10:00:00-05:00,2.1247061457516967,0.09963058323072876,1.7351393708720475,82,expanded
GS,short,890.54,2025-12-18 10:00:00-05:00,1.7789768005928956,0.252094234958565,1.6327172277494515,85,expanded
GS,short,891.9348,2025-12-19 10:00:00-05:00,0.18777157254095306,0.8759272538755019,-0.34365740634853625,88,expanded
GS,short,900.56,2025-12-22 09:55:00-05:00,0.4854534956027243,0.5463267300346533,-0.014113440525899586,81,core
GS,short,896.22,2025-12-23 09:55:00-05:00,0.09149539175649395,1.082323536631623,-0.6560889067416478,78,core
GS,long,901.16,2025-12-24 09:30:00-05:00,1.1895778774024621,0.27298149052331694,0.9831883350348427,53,expanded
GS,long,908.66,2025-12-26 10:25:00-05:00,0.11445425131513189,0.36922501265600094,-0.21960909471089216,74,expanded
GS,short,908.0,2025-12-29 07:40:00-05:00,1.8105726872246757,0.3423237885462539,1.7015308370044007,102,expanded
GS,long,884.06,2025-12-30 10:05:00-05:00,0.33255661380449913,0.3257584326855538,-0.07465556636427031,79,expanded
GS,short,884.5,2025-12-31 07:45:00-05:00,0.8716789146410442,0.229802148106275,0.5511588468061052,96,core
GS,short,886.74,2026-01-02 09:55:00-05:00,0.2672598506890441,3.186954462412882,-3.0741818345851084,92,core
GS,short,952.595,2026-01-05 11:10:00-05:00,0.8991124244826059,0.8004450999637831,0.3259517423459097,87,expanded
GS,long,952.44,2026-01-06 10:05:00-05:00,0.6436100961740367,0.6761580781991574,0.3706270211246874,93,expanded
GS,long,947.665,2026-01-07 09:55:00-05:00,0.5998955327040736,1.4419652514337835,-0.6188895865100019,87,core
GS,short,937.31,2026-01-08 10:00:00-05:00,0.5665148136688978,0.8407037159531114,0.1557649016867336,78,expanded
GS,long,937.61,2026-01-09 06:00:00-05:00,0.9097599215025408,0.5236718891650012,0.24183829097386345,103,expanded
GS,short,937.95,2026-01-12 10:05:00-05:00,0.5617143770989916,1.3573004957620267,-1.1418838957300452,83,expanded
GS,long,934.02,2026-01-13 10:15:00-05:00,1.2890516263035012,0.04282563542536319,0.3597353375730727,80,expanded
GS,long,930.03,2026-01-14 10:25:00-05:00,0.5204133200004336,0.7978237261163574,-0.11182434975215462,85,expanded
GS,short,911.05,2026-01-15 08:25:00-05:00,0.1646451896163767,7.7064815322979054,-7.293781900005493,113,core
GS,short,967.395,2026-01-16 09:55:00-05:00,1.0745352208766825,0.3881558205283256,0.5059980669736748,86,core
GS,long,947.705,2026-01-20 09:55:00-05:00,1.5716916128964162,0.9079829693839346,-0.3318543217562528,95,core
GS,long,953.08,2026-01-21 09:55:00-05:00,1.6619801066017454,0.12275989423763721,0.26965207537666686,82,core
GS,long,959.32,2026-01-22 06:00:00-05:00,1.212358754117489,0.8870866864028796,-0.45031897594129694,107,expanded
GS,long,931.705,2026-01-23 09:55:00-05:00,0.3536527119635463,1.572922759886454,-1.4616321689805276,88,expanded
GS,short,929.95,2026-01-26 13:55:00-05:00,0.32806064842196836,0.40701112963062186,-0.005376633152315127,38,expanded
GS,short,925.61,2026-01-27 10:05:00-05:00,0.5639524205659,0.8156783094391757,-0.40405786454338316,83,expanded
GS,short,925.41,2026-01-28 09:55:00-05:00,0.09077057736569932,1.2707880831199134,-1.1692114846392465,79,core
GS,short,939.543,2026-01-29 10:00:00-05:00,1.534043678682084,0.43819175918504655,0.07908100001809942,78,expanded
GS,short,941.375,2026-01-30 09:55:00-05:00,1.9338733235958083,0.376576815827907,0.771743460363828,90,expanded
GS,long,937.64,2026-02-02 09:55:00-05:00,1.2589479970990984,0.5449852821978599,0.9267949319568336,86,core
GS,short,950.61,2026-02-03 09:55:00-05:00,3.3189215345935836,0.046286068945197385,1.43066031285175,86,core
GS,short,921.65,2026-02-04 09:55:00-05:00,3.021754462106008,0.34456680952639357,0.7597027071013945,84,core
GS,long,898.01,2026-02-05 10:00:00-05:00,0.7416398481085922,2.3707976525873837,-1.56011625705727,94,core
GS,long,920.68,2026-02-06 11:50:00-05:00,1.2045444671329921,0.08477429725854378,0.9905721857757316,59,expanded
GS,short,929.0,2026-02-09 07:45:00-05:00,0.4951560818083986,2.1528525296017222,-1.3993541442411195,92,expanded
GS,short,955.98,2026-02-10 10:15:00-05:00,2.7249524048620333,0.6119374882319738,0.5209314002385006,80,expanded
GS,short,951.0,2026-02-11 06:55:00-05:00,2.0736067297581524,1.8012618296529965,0.6193480546792836,97,expanded
GS,short,965.31,2026-02-12 10:05:00-05:00,6.353399426091093,0.0818389947270905,6.106846505267731,99,expanded
GS,long,890.21,2026-02-13 10:05:00-05:00,1.7726154502870077,0.41900225789420675,1.6647757270756267,86,core
GS,short,915.84,2026-02-17 12:20:00-05:00,0.4946278825995901,0.5634171907756778,0.01528651292802087,48,expanded
GS,short,939.6385,2026-02-18 10:10:00-05:00,1.147622197259904,0.48777269130628514,0.653283150913891,80,expanded
GS,short,929.01,2026-02-19 08:00:00-05:00,2.4246240621737094,0.7405732984574973,1.4542362299652307,93,expanded
GS,long,914.565,2026-02-20 10:05:00-05:00,0.9343239682253266,1.0294511598410256,0.8129547927156566,78,expanded
GS,long,915.94,2026-02-23 04:10:00-05:00,1.7533899600410445,3.5144114243291127,-2.668297050025117,101,expanded
GS,long,892.62,2026-02-24 05:10:00-05:00,2.1453698102215926,1.2289664134794231,1.1068539804171984,109,expanded
GS,short,916.59,2026-02-25 09:55:00-05:00,0.5007691552384416,0.6458722002203775,-0.2629310815086318,88,core
GS,short,930.895,2026-02-26 10:00:00-05:00,1.0049361098727494,0.7073837543439417,0.6332615386268035,86,expanded
GS,long,889.32,2026-02-27 10:15:00-05:00,0.14674133045472382,3.9546957225745625,-3.3542481896280347,105,expanded
GS,long,846.22,2026-03-02 08:25:00-05:00,3.239110396823517,1.2077237597787842,1.7453971780388087,100,core
GS,short,843.94,2026-03-03 04:35:00-05:00,2.2868924331113667,2.890608337085572,-1.7844870488423283,122,expanded
GS,long,868.89,2026-03-04 06:05:00-05:00,1.1405356259135182,1.0231444716822597,-0.1599742199818143,106,core
GS,long,864.45,2026-03-05 07:50:00-05:00,0.23995604141361487,4.887500723003066,-3.28995314940136,115,expanded
GS,long,806.955,2026-03-06 10:00:00-05:00,2.503857092402913,0.11834612834669106,1.4616676270671793,85,expanded
GS,short,800.0,2026-03-09 09:55:00-04:00,0.625,4.584999999999994,-3.4712499999999977,98,expanded
GS,short,830.42,2026-03-10 09:55:00-04:00,0.490113436574256,1.8869969413068173,-0.37089665470485306,82,expanded
GS,short,832.0,2026-03-11 06:40:00-04:00,3.1117788461538445,0.3786057692307665,2.929086538461539,115,expanded
GS,long,792.89,2026-03-12 09:55:00-04:00,0.7075382461627733,1.1086027065544986,-0.6734856032993268,99,expanded
GS,long,793.33,2026-03-13 10:20:00-04:00,0.5886579355375391,1.6676540657733878,-1.5315190399959777,91,expanded
GS,short,800.89,2026-03-16 10:35:00-04:00,1.1100151081921346,0.5131790882643077,0.8104858345091037,77,expanded
GS,short,812.16,2026-03-17 10:05:00-04:00,1.069986209613862,0.1391351457840814,0.7584712371946376,79,core
GS,long,815.75,2026-03-18 05:50:00-04:00,0.13201348452344755,1.9307385841250382,-1.6753171927673862,116,expanded
GS,short,797.49,2026-03-19 10:15:00-04:00,0.6301019448519702,2.343603054583749,-1.9448519730654918,83,expanded
GS,short,810.97,2026-03-20 11:00:00-04:00,0.6128463445010329,2.0050063504198667,-1.3716413677448005,100,expanded
GS,short,831.72,2026-03-23 07:40:00-04:00,3.641850622805761,2.1413456451690407,-0.2741307170682408,112,expanded
GS,short,826.38,2026-03-24 10:00:00-04:00,0.14400154892421657,2.2532007066966777,-2.162443427962923,95,expanded
GS,short,844.805,2026-03-25 10:00:00-04:00,1.290818591272542,0.7072638064405423,0.5640354874793575,82,expanded
GS,short,834.6,2026-03-26 07:00:00-04:00,2.215432542535347,1.2221423436376626,1.0448118859333844,113,expanded
GS,long,809.455,2026-03-27 10:20:00-04:00,0.9444626322649167,1.4423284802737728,-1.1544804837823013,83,expanded
GS,long,809.2,2026-03-30 10:20:00-04:00,1.1656574394463672,0.9045971329708415,-0.5190311418685177,84,expanded
GS,short,825.66,2026-03-31 09:55:00-04:00,1.2426422498364933,2.7662718310200365,-2.5833878351864015,95,core
GS,short,861.36,2026-04-01 09:55:00-04:00,1.3014302962756612,1.0262840159747413,0.09287638153618327,88,core
GS,short,845.24,2026-04-02 09:55:00-04:00,0.09463584307415404,2.6099096114712914,-2.210023188680132,85,expanded
GS,short,866.0,2026-04-06 10:00:00-04:00,0.6928406466512702,0.8325635103926138,0.21939953810623294,79,expanded
GS,short,860.11,2026-04-07 04:05:00-04:00,1.1754310495169238,3.242608503563496,-3.0100801060329476,132,expanded
GS,long,897.74,2026-04-08 08:50:00-04:00,2.269588076726001,0.4611580190255515,0.864392808608282,99,expanded
GS,short,901.7054,2026-04-09 10:05:00-04:00,0.7114740579351183,0.853338573773643,-0.2799805790228121,87,expanded
GS,short,903.325,2026-04-10 11:00:00-04:00,0.44336202363490385,1.2046384191736084,-1.2046384191736084,78,expanded
GS,long,872.2,2026-04-13 10:15:00-04:00,2.836505388672324,0.16166016968586125,2.212795230451726,89,expanded
GS,short,895.475,2026-04-14 10:40:00-04:00,0.11334766464725272,2.0899522599737606,-1.5662078785002347,81,expanded
GS,short,914.65,2026-04-15 10:00:00-04:00,1.9187667413764777,0.0021866287650994165,1.4537473350461911,91,expanded
GS,short,896.6,2026-04-16 10:05:00-04:00,0.06691947356681048,1.235779611867045,-0.6022752621012689,78,core
GS,long,899.81,2026-04-17 04:05:00-04:00,3.2651337504584426,0.08335092964070194,2.8561585223547246,118,expanded
GS,short,933.37,2026-04-20 10:00:00-04:00,1.1126348607733256,1.079957573095347,-0.9256779197960064,90,expanded
GS,long,931.8,2026-04-21 11:30:00-04:00,0.1856621592616461,0.9937754883022099,0.02146383344065738,70,expanded
GS,short,936.285,2026-04-22 10:25:00-04:00,0.5484441169088462,0.3230853853260468,0.34264139658329945,79,expanded
GS,long,942.13,2026-04-23 10:25:00-04:00,0.23988196957956875,2.2756944370734336,-1.0752231645314336,81,expanded
GS,long,923.9,2026-04-24 10:00:00-04:00,0.5595843706028869,0.5065483277410922,0.26477973806689736,80,expanded
GS,short,925.23,2026-04-27 07:10:00-04:00,0.19778865795532363,1.783340358613534,-1.3801973563330179,92,core
GS,short,931.97,2026-04-28 10:05:00-04:00,0.8299623378434942,0.012875950942627397,0.4849941521722783,84,core
GS,short,909.935,2026-04-29 09:55:00-04:00,1.1841505162456636,0.9962250050827867,0.6236709215493365,89,core
GS,long,923.27,2026-04-30 12:05:00-04:00,0.5123095085944543,0.09639650373130139,0.12239106653524923,58,expanded
GS,long,927.0,2026-05-01 05:10:00-04:00,0.94694714131607,1.6030204962243813,-0.5361920172599801,105,expanded
GS,short,915.37,2026-05-04 09:55:00-04:00,1.7883369566404874,0.08709046615029718,1.2830877131651688,85,expanded
GS,short,913.98,2026-05-05 10:00:00-04:00,0.3211230005032998,0.985798376332085,-0.6652224337512777,84,core
GS,short,940.975,2026-05-06 10:00:00-04:00,1.0250006642046794,0.25346050638964807,0.5605887510295149,88,expanded
GS,short,934.17,2026-05-07 09:55:00-04:00,1.3049016774248736,0.22158707729856986,1.0030294271920532,83,expanded
GS,short,931.1999,2026-05-08 07:00:00-04:00,0.4012564863892252,0.921402590356809,-0.5691688755550814,101,expanded
GS,long,944.8,2026-05-11 10:05:00-04:00,0.5270956816257428,0.5789585097375015,0.021168501270114888,84,core
GS,short,927.6697,2026-05-12 09:55:00-04:00,0.43385053969101856,2.2454436099400428,-1.9105183666125987,84,core
GS,long,939.53,2026-05-13 10:05:00-04:00,2.130852660372738,0.021287239364355774,1.9233020765702054,87,expanded
GS,short,965.52,2026-05-14 09:55:00-04:00,0.5199270859226098,1.0502112851106127,-0.36042754163559726,92,core
GS,long,950.76,2026-05-15 10:10:00-04:00,0.6050422819639083,0.5006521098910336,-0.4080945769700025,84,expanded
GS,short,957.645,2026-05-18 10:20:00-04:00,1.9939539182056008,0.0892815187256257,1.4238052723086312,72,expanded
GS,short,943.4,2026-05-19 07:20:00-04:00,2.076531693873228,0.09751960992156802,0.86389654441382,114,expanded
GS,short,946.38,2026-05-20 10:10:00-04:00,0.23140810245355364,4.079819945476445,-3.970920771783009,105,core
GS,short,989.9,2026-05-21 10:25:00-04:00,1.979997979593901,0.08081624406506396,0.09091827457318692,80,expanded
GS,long,999.0,2026-05-22 10:00:00-04:00,0.636636636636638,0.4304304304304259,-0.29129129129128806,82,expanded
GS,long,1006.0,2026-05-26 05:05:00-04:00,1.0472166998011896,1.8856858846918516,-1.1083499005964192,117,expanded
GS,short,986.4475,2026-05-27 09:55:00-04:00,0.6049485654330283,1.236000902227437,-0.6684592945899352,85,expanded
GS,short,996.87,2026-05-28 10:15:00-04:00,1.0904129926670483,1.3192994071443622,-1.1154914883585627,85,expanded
GS,short,1008.76,2026-05-29 10:10:00-04:00,0.0,1.8294936357508333,-1.5107656925334083,81,expanded
GS,short,1019.98,2026-06-01 07:00:00-04:00,0.855899135277164,3.0608443302809882,-2.8931939841957677,105,expanded
GS,short,1061.45,2026-06-02 10:05:00-04:00,1.075886758679172,1.1795185830703265,0.014131612416985344,82,core
GS,long,1055.0,2026-06-03 06:05:00-04:00,0.3042464454976386,2.2739336492891002,-1.5421800947867281,119,expanded
GS,short,1086.03,2026-06-04 12:00:00-04:00,0.0441976740974023,0.9088146736278113,-0.6058764490851936,64,expanded
GS,short,1072.68,2026-06-05 11:05:00-04:00,3.4567625013983814,0.06058656822164006,3.326248275347733,74,expanded
GS,short,1057.51,2026-06-08 09:55:00-04:00,1.4354474189369426,0.1408024510406552,1.2860398483229387,82,core
GS,short,1051.9971,2026-06-09 04:25:00-04:00,4.343842772950619,1.174233274977646,2.186042147834822,106,expanded
GS,short,1024.89,2026-06-10 05:25:00-04:00,3.0422777078515804,1.1142659212207988,3.01398198831095,113,expanded
GS,short,1002.334,2026-06-11 10:20:00-04:00,0.012371125792391555,3.5544539045866888,-3.358760652636751,83,expanded
GS,short,1054.37,2026-06-12 09:55:00-04:00,0.3623016588104685,1.837116002921187,-0.9019604123789768,81,expanded
BSX,long,92.2,2025-12-15 19:00:00-05:00,0.0,0.010845986984821166,-0.010845986984821166,0,expanded
BSX,long,92.17,2025-12-16 08:20:00-05:00,1.193446891613317,1.8986655093848324,1.193446891613317,89,expanded
BSX,short,93.1,2025-12-17 08:00:00-05:00,0.11815252416756115,3.1041890440386686,-2.3124597207304,85,expanded
BSX,short,96.375,2025-12-18 10:35:00-05:00,0.8456549935149135,0.7003891050583628,0.20233463035018748,69,expanded
BSX,short,96.23,2025-12-19 08:00:00-05:00,0.8053621531746916,1.080744050711828,0.5923308739478409,87,expanded
BSX,long,95.6613,2025-12-22 08:00:00-05:00,1.1096441298623472,0.5867576543492539,-0.014216825403791006,88,expanded
BSX,short,96.112,2025-12-23 09:10:00-05:00,1.1569835192275624,0.14358248709839067,1.1569835192275624,81,expanded
BSX,long,96.04,2025-12-26 10:40:00-05:00,0.17690545605997332,0.18606830487297615,0.010412328196575286,65,expanded
BSX,long,96.1,2025-12-29 07:20:00-05:00,0.5619146722164478,0.5920915712799046,-0.35796045785639347,82,expanded
BSX,long,95.78,2025-12-30 09:20:00-05:00,0.4050950093965392,0.29233660471914924,0.3340989768218764,81,expanded
BSX,short,95.965,2025-12-31 09:35:00-05:00,0.7242223727400692,0.3074037409472221,0.6408586463815027,77,expanded
BSX,long,94.63,2026-01-02 11:20:00-05:00,0.29060551622107755,0.4225932579520262,0.0845397865370372,58,expanded
BSX,long,94.38,2026-01-05 08:00:00-05:00,1.4833651197287623,0.5509641873278195,1.1655011655011747,83,expanded
BSX,short,95.41,2026-01-06 08:35:00-05:00,0.32491353107640947,2.8089298815637846,-2.7146001467351466,83,expanded
BSX,short,97.71,2026-01-07 08:25:00-05:00,0.07164056903079846,1.4737488486337242,-0.9620304984136854,87,expanded
BSX,long,100.67,2026-01-08 10:50:00-05:00,0.22846925598490514,2.314492897586171,-2.2747591139366308,63,expanded
BSX,short,98.0,2026-01-09 09:55:00-05:00,0.7806122448979598,0.29591836734694515,0.3673469387755096,75,core
BSX,long,96.055,2026-01-12 13:30:00-05:00,0.005205351100927023,0.6350528343136886,-0.15220446619125233,32,expanded
BSX,short,95.4,2026-01-13 09:25:00-05:00,2.8406708595387924,0.05241090146750226,0.7337526205450763,87,expanded
BSX,short,93.525,2026-01-14 13:10:00-05:00,0.7099705960973017,0.2726543704891692,-0.21919272921678512,36,expanded
BSX,long,93.06,2026-01-15 07:00:00-05:00,0.29013539651837095,6.8235546958951305,-3.288201160541589,119,expanded
BSX,long,88.95,2026-01-16 10:05:00-05:00,0.18549747048902984,1.2928611579539129,-0.6183249016301261,79,expanded
BSX,long,88.8,2026-01-20 09:55:00-05:00,4.7297297297297325,0.09009009009008817,3.4561936936937,85,expanded
BSX,long,91.68,2026-01-21 10:15:00-05:00,1.3087914485165788,0.7853403141361398,1.3087914485165788,76,expanded
BSX,short,91.4,2026-01-22 09:55:00-05:00,0.5251641137855623,1.8216630196936454,0.18752735229759906,76,expanded
BSX,short,91.6849,2026-01-23 08:00:00-05:00,0.8669911839354119,0.9926389187314376,-0.37159881289067037,84,expanded
BSX,short,92.91,2026-01-26 09:20:00-05:00,1.070928855882026,1.98041115057583,-0.9579162630502643,84,expanded
BSX,short,93.45,2026-01-27 13:15:00-05:00,0.9640449438202324,0.2247191011235888,-0.1712145532370215,36,expanded
BSX,long,93.1,2026-01-28 07:10:00-05:00,1.4607948442534904,0.17185821697099526,0.5692803437164352,86,expanded
BSX,short,93.9,2026-01-29 08:00:00-05:00,3.088391906283286,0.36208732694354545,1.6719914802981974,90,expanded
BSX,long,93.05,2026-01-30 09:30:00-05:00,1.2842557764642744,1.1069317571198294,0.580333154218169,80,core
BSX,long,93.51,2026-02-02 04:15:00-05:00,0.7165009089936923,3.753609239653518,-1.7538231205218697,86,expanded
BSX,short,91.54,2026-02-03 09:30:00-05:00,0.7756172165173781,1.7369455975529704,-0.2845750491588303,90,expanded
BSX,long,78.74,2026-02-04 13:35:00-05:00,0.025400050800114597,4.381508763017512,-2.1971043942087753,67,expanded
BSX,short,75.8,2026-02-05 08:30:00-05:00,1.2401055408970947,3.7600263852242715,-3.7600263852242715,108,core
BSX,short,77.655,2026-02-06 10:00:00-05:00,3.2708775996394386,0.5730474534801278,1.5646127100637477,87,expanded
BSX,long,75.205,2026-02-09 09:55:00-05:00,0.6515524233760985,1.642178046672428,-1.1368924938501481,88,core
BSX,short,74.81,2026-02-10 09:55:00-05:00,1.1896805239941193,0.5213206790536032,0.4143831038631229,78,core
BSX,long,73.06,2026-02-11 10:00:00-05:00,1.9709827539009004,0.2942786750615979,1.0128661374212906,80,core
BSX,short,73.7,2026-02-12 06:50:00-05:00,0.7327001356852189,2.1573948439620128,-0.4070556309362241,89,expanded
BSX,long,74.2,2026-02-13 08:50:00-05:00,2.9245283018867947,0.0,0.707008086253359,84,expanded
BSX,long,74.77,2026-02-17 07:00:00-05:00,2.808613080112356,0.026748696001064626,1.9392804600775753,93,expanded
BSX,long,75.495,2026-02-18 10:00:00-05:00,1.4769190012583546,0.03311477581297527,1.4769190012583546,74,expanded
BSX,long,76.2,2026-02-19 08:15:00-05:00,0.8792650918635193,0.9186351706036782,-0.6692913385826839,85,expanded
BSX,long,75.88,2026-02-20 05:55:00-05:00,0.47443331576172826,1.8713758566157115,-1.8054823405376785,86,expanded
BSX,short,74.305,2026-02-24 12:45:00-05:00,0.03364511136532627,2.03889374873829,-2.03889374873829,42,expanded
BSX,short,74.38,2026-02-25 08:00:00-05:00,1.2637805861790774,0.8335574079053572,0.833557407905338,92,expanded
BSX,short,74.96,2026-02-26 10:30:00-05:00,0.8337780149413021,1.3297758804695938,-1.3297758804695938,70,expanded
BSX,short,76.29,2026-02-27 08:55:00-05:00,1.3370035391270285,0.7602569144055554,-0.7340411587363849,83,expanded
BSX,short,76.14,2026-03-02 05:55:00-05:00,1.4971105857630644,0.9324927764643994,-0.21013921723141132,98,expanded
BSX,short,73.9115,2026-03-03 14:55:00-05:00,0.9430196924700522,0.24826989034182112,0.015559148441038359,16,expanded
BSX,short,73.59,2026-03-04 05:10:00-05:00,2.3916292974589006,0.5707297187117838,1.3452914798206401,91,expanded
BSX,long,72.16,2026-03-05 07:10:00-05:00,1.344235033259422,1.9539911308203946,1.0406042128603126,93,expanded
BSX,short,72.7,2026-03-06 08:00:00-05:00,2.235213204951857,1.1004126547455255,1.774415405777175,84,expanded
BSX,short,71.3767,2026-03-09 08:00:00-04:00,2.6012690415779987,1.3916306021432834,-0.8032032862264622,92,expanded
BSX,long,71.74,2026-03-10 07:35:00-04:00,0.041817674937275076,2.7320880959018594,-2.4254251463618552,91,expanded
BSX,short,70.14,2026-03-11 08:00:00-04:00,2.7801539777587725,0.5132591958939255,1.325919589392653,95,expanded
BSX,long,68.755,2026-03-12 15:20:00-04:00,0.32724892735075056,0.35735582866700516,0.26470802123482245,14,expanded
BSX,long,68.85,2026-03-13 07:00:00-04:00,1.082062454611481,1.2345679012345596,-0.13071895424835034,85,expanded
BSX,long,69.6,2026-03-16 15:50:00-04:00,0.3448275862069096,0.5747126436781487,-0.5747126436781487,3,expanded
BSX,long,69.55,2026-03-17 08:00:00-04:00,3.3932422717469444,0.0,2.7778576563623325,85,expanded
BSX,long,70.63,2026-03-18 09:55:00-04:00,1.8547359478974974,0.23361177969700134,0.8070225116805996,76,expanded
BSX,long,71.13,2026-03-19 09:30:00-04:00,0.9138197666244984,2.910164487557983,-2.1519752565724675,84,core
BSX,short,70.18,2026-03-20 08:00:00-04:00,1.3738956967797167,0.6625819321743932,0.18523795953264413,84,expanded
BSX,short,69.45,2026-03-23 05:10:00-04:00,1.3678905687545035,2.361411087113032,-0.23038156947443714,92,core
BSX,short,69.47,2026-03-25 10:00:00-04:00,1.2523391391967822,0.5901828127249124,-0.4845256945444138,78,expanded
BSX,long,69.58,2026-03-26 08:00:00-04:00,2.3282552457602823,0.8623167576889829,1.1784995688416318,91,expanded
BSX,long,70.08,2026-03-27 08:00:00-04:00,0.34246575342465024,1.7551369863013755,-0.9703196347031859,86,expanded
BSX,long,64.39,2026-03-30 09:50:00-04:00,0.7143966454418291,4.884298804162142,-2.1587202981829487,92,expanded
BSX,long,62.54,2026-03-31 11:20:00-04:00,0.5756315957787007,1.7668692037096208,0.5372561560601192,63,expanded
BSX,short,62.285,2026-04-01 09:55:00-04:00,0.956731155173787,1.5493296941478742,0.48968451473067304,88,core
BSX,short,62.96,2026-04-02 11:00:00-04:00,0.8100381194409118,0.3494282083862752,0.2541296060991164,61,expanded
BSX,short,62.38,2026-04-06 15:30:00-04:00,0.01603077909587226,1.9076627124078194,-0.24046168643795862,9,core
BSX,short,61.345,2026-04-07 12:45:00-04:00,0.14671122340858472,2.3229277039693605,-2.2935854592876415,45,expanded
BSX,short,62.6804,2026-04-08 09:55:00-04:00,0.8860824117267898,0.6694277637028523,-0.13943752752056843,76,core
BSX,long,62.56,2026-04-09 07:50:00-04:00,0.2629475703324756,3.1489769820971847,-1.7423273657289056,88,expanded
BSX,long,61.63,2026-04-10 10:10:00-04:00,0.25961382443614567,0.7926334577316273,0.09524582184000428,73,expanded
BSX,long,61.53,2026-04-13 07:00:00-04:00,2.8278888347147766,0.14627011214042485,2.3892410206403416,85,expanded
BSX,long,63.28,2026-04-14 06:35:00-04:00,1.896333754740839,0.42667509481669263,1.2800252844500668,100,expanded
BSX,long,64.15,2026-04-15 04:40:00-04:00,1.5588464536243178,0.7014809041309474,1.0132501948557935,97,expanded
BSX,short,64.63,2026-04-16 09:55:00-04:00,1.9805044097168407,0.18567228841096173,1.3106916292743271,85,expanded
BSX,long,63.8808,2026-04-17 04:15:00-04:00,1.579817409925987,0.2986812939099118,0.6092597462774344,100,expanded
BSX,short,63.84,2026-04-20 06:35:00-04:00,5.075187969924815,0.468358395989963,3.8847117794486277,132,expanded
BSX,long,61.45,2026-04-21 09:05:00-04:00,0.3742880390561381,3.3604556550040763,-2.6200162733930012,115,core
BSX,long,62.0,2026-04-22 08:45:00-04:00,5.354838709677408,0.8064516129032258,4.467741935483865,108,expanded
BSX,short,65.88,2026-04-23 09:55:00-04:00,1.442015786278064,0.5464480874316932,0.19732847601699371,82,core
BSX,long,65.69,2026-04-24 04:15:00-04:00,0.426244481656266,5.678185416349516,-5.465063175521383,116,expanded
BSX,short,60.855,2026-04-27 13:30:00-04:00,1.52822282474735,0.041081258729776825,0.9120039438008376,53,expanded
BSX,long,58.99,2026-04-28 10:40:00-04:00,0.42380064417697916,1.6443464994066772,-0.8821834209188035,82,expanded
BSX,short,57.245,2026-04-29 10:40:00-04:00,1.8778932657873977,0.07878417329025247,0.8334352345182988,83,expanded
BSX,short,56.405,2026-04-30 09:55:00-04:00,0.3634429571846437,2.8100345714032455,-2.083148657033946,80,core
BSX,short,57.7,2026-05-01 06:50:00-04:00,2.0797227036395194,0.8143847487001655,1.767764298093593,109,expanded
BSX,short,56.94,2026-05-04 09:55:00-04:00,0.31612223393045263,1.3083948015454945,0.10906217070600797,84,core
BSX,long,57.01,2026-05-05 04:20:00-04:00,0.789335204350119,1.982108402034723,-1.3330994562357446,103,expanded
BSX,long,55.35,2026-05-06 09:55:00-04:00,1.5830171635049632,0.36133694670280553,1.1743450767840986,88,expanded
BSX,short,57.36,2026-05-07 10:10:00-04:00,2.3709902370990226,1.4295676429567648,1.6387726638772624,87,expanded
BSX,short,54.53,2026-05-08 14:10:00-04:00,1.6504676324958711,0.03667705849990101,0.9350816064551656,46,expanded
BSX,long,53.51,2026-05-11 10:05:00-04:00,0.8970285927864025,0.6821154924313116,-0.2158475051392212,88,expanded
BSX,long,54.17,2026-05-12 12:30:00-04:00,0.5722724755399579,0.46575595347978255,0.055381207310321465,52,expanded
BSX,short,53.875,2026-05-13 12:50:00-04:00,1.7076566125290054,0.0092807424594015,1.3085846867749389,53,core
BSX,long,53.085,2026-05-14 10:10:00-04:00,1.3222190826033757,0.32965997927852364,0.9897334463596076,82,expanded
BSX,short,53.71,2026-05-15 09:55:00-04:00,2.215602308694838,0.3351331223235891,1.9921802271457834,81,core
BSX,long,52.7,2026-05-18 04:05:00-04:00,6.878557874762809,0.17077798861480722,6.641366223908918,127,expanded
BSX,short,56.58,2026-05-19 11:20:00-04:00,0.6009190526687811,0.8130081300813022,-0.6716154118062965,71,expanded
BSX,long,56.48,2026-05-20 10:00:00-04:00,0.8055949008498678,0.49575070821528694,0.23087818696884144,81,core
BSX,short,56.95,2026-05-21 06:05:00-04:00,1.9841966637401274,1.3431079894644375,-1.3285338015803314,98,expanded
BSX,long,57.86,2026-05-22 12:20:00-04:00,0.04821984099551068,0.8683027998617379,-0.27652955409608815,58,expanded
BSX,short,57.8,2026-05-26 10:35:00-04:00,0.5882352941176408,0.6055363321799333,-0.21176470588236343,71,expanded
BSX,short,57.88,2026-05-27 04:25:00-04:00,13.545266067726336,0.0,12.577747062888736,132,expanded
BSX,long,49.145,2026-05-28 10:15:00-04:00,1.2015464441957444,1.495574320887184,0.05392206735171153,102,expanded
BSX,long,48.9838,2026-05-29 08:20:00-04:00,0.6455195391129208,1.7532327014237403,-1.3179867629706183,126,core
BSX,long,48.37,2026-06-01 08:25:00-04:00,0.5892081868927097,2.1087450899317677,-0.8889807732065325,117,core
BSX,long,47.605,2026-06-02 10:00:00-04:00,1.7330112383153091,0.21006196828063087,0.5115008927633746,100,expanded
BSX,short,48.2,2026-06-03 10:05:00-04:00,2.147302904564323,0.3423236514522804,0.829875518672211,101,expanded
BSX,short,48.5588,2026-06-04 08:30:00-04:00,1.0704547888333247,1.8663970279331483,-0.6517871117078777,113,core
BSX,short,49.46,2026-06-05 10:00:00-04:00,2.3958754549130656,0.7379700768297655,1.9611807521229252,87,expanded
BSX,short,48.82,2026-06-08 15:20:00-04:00,0.49160180253994673,0.16386726751331074,0.1843506759524855,21,expanded
BSX,long,49.31,2026-06-09 13:05:00-04:00,0.28391806935712954,0.9089434191847493,-0.7503548975867056,48,expanded
BSX,long,48.285,2026-06-10 10:55:00-04:00,0.6316661489075424,0.9837423630526962,-0.05053329191260222,81,expanded
BSX,short,47.12,2026-06-11 11:50:00-04:00,0.2758913412563571,1.8463497453310793,-0.5942275042444847,69,expanded
BSX,short,46.38,2026-06-12 09:55:00-04:00,0.8408796895213465,1.7033203967227233,-1.1427339370418155,79,core
SIMO,long,86.255,2025-12-16 09:55:00-05:00,0.6666280215639707,3.1940177381021337,-0.8753115761405084,71,core
SIMO,long,86.0,2025-12-17 09:35:00-05:00,1.2930232558139474,3.0930232558139497,-1.9534883720930312,75,expanded
SIMO,long,88.715,2025-12-18 12:30:00-05:00,0.6143267767570328,2.586935692949334,-2.429126979653949,41,expanded
SIMO,long,87.53,2025-12-19 12:05:00-05:00,1.5994516165886048,0.5712327202102135,1.39380783731292,47,expanded
SIMO,short,89.08,2025-12-22 09:30:00-05:00,0.999101930848676,1.257296811854518,-0.5276156264032318,71,core
SIMO,short,89.7,2025-12-24 08:45:00-05:00,1.9175027870680033,0.3344481605351139,0.6911928651059137,37,expanded
SIMO,short,89.665,2025-12-26 09:55:00-05:00,0.34573133329616046,1.1877544192271206,-0.630123236491382,58,expanded
SIMO,long,88.89,2025-12-29 11:10:00-05:00,0.6187422657216753,0.6524918438519499,0.2924963437957083,57,expanded
SIMO,short,91.67,2025-12-30 10:55:00-05:00,1.4944911094142082,0.23999127304461534,1.3199520017453998,50,expanded
SIMO,long,91.3,2025-12-31 09:35:00-05:00,1.8619934282584916,0.9200438116100804,1.5334063526834674,72,expanded
SIMO,long,95.18,2026-01-02 10:15:00-05:00,0.4412691741962465,2.5005253204454814,-1.491910065139737,69,expanded
SIMO,long,95.145,2026-01-05 09:40:00-05:00,0.4992380051500432,2.107309895422771,-1.6448578485469525,72,expanded
SIMO,short,104.26,2026-01-06 15:10:00-05:00,0.0,2.6171110684826395,-2.6171110684826395,14,expanded
SIMO,short,110.81,2026-01-07 13:30:00-05:00,0.28878260084830554,9.475679090334808,-8.365851457449692,41,core
SIMO,long,115.66,2026-01-08 10:20:00-05:00,0.0,10.54815839529656,-3.250907833304505,69,expanded
SIMO,long,112.85,2026-01-09 08:35:00-05:00,1.9051838723969923,4.811696942844478,1.3380593708462607,82,core
SIMO,short,112.0,2026-01-12 08:00:00-05:00,0.0,6.142857142857139,-2.964285714285708,84,expanded
SIMO,long,118.0,2026-01-13 08:40:00-05:00,1.0508474576271143,5.618644067796606,-0.9322033898305037,83,expanded
SIMO,long,113.56,2026-01-14 06:05:00-05:00,0.06806974286720142,5.538922155688629,-1.6026769989432963,80,expanded
SIMO,short,113.94,2026-01-15 06:20:00-05:00,3.2034404072318687,1.5435316833421138,0.4914867474109201,81,expanded
SIMO,short,115.8,2026-01-16 08:15:00-05:00,2.8497409326424847,1.8825561312608003,2.8497409326424847,83,expanded
SIMO,short,112.91,2026-01-20 10:20:00-05:00,0.1859888406695543,2.524134266229748,-0.08413780887432368,68,expanded
SIMO,short,114.79,2026-01-21 09:20:00-05:00,0.25263524697273826,7.152190957400465,-2.709295234776548,83,expanded
SIMO,long,124.06,2026-01-22 07:40:00-05:00,2.90827019184266,9.025149121392877,-6.480735128163796,92,expanded
SIMO,short,114.7,2026-01-23 10:25:00-05:00,2.8334786399302527,1.3775065387968597,1.8047079337401981,69,expanded
SIMO,short,114.05,2026-01-26 11:15:00-05:00,2.9285401139850973,0.8329679964927688,-0.8329679964927688,61,expanded
SIMO,short,115.93,2026-01-27 09:55:00-05:00,0.48305011644958357,2.2313465021996004,-2.2313465021996004,76,core
SIMO,short,120.17,2026-01-28 09:55:00-05:00,3.054006823666474,0.0,2.429890987767331,74,expanded
SIMO,short,118.06,2026-01-29 07:50:00-05:00,5.5564119939014045,1.5924106386583055,-1.1688971709300318,93,expanded
SIMO,short,123.9159,2026-01-30 10:15:00-05:00,5.274464374628274,0.6327678691757954,3.458716758704895,72,expanded
SIMO,long,114.6,2026-02-02 04:10:00-05:00,7.804537521815011,1.2216404886561882,5.410122164048868,95,expanded
SIMO,short,120.18,2026-02-03 09:55:00-05:00,6.536029289399238,16.4919287735064,-14.836079214511551,95,core
SIMO,long,127.1973,2026-02-04 09:55:00-05:00,2.9896074838066546,6.05146492889393,0.21439134321247416,77,core
SIMO,short,127.01,2026-02-05 14:45:00-05:00,3.0784977560822067,0.5275175183056466,1.8581214077631678,18,expanded
SIMO,long,128.85,2026-02-06 07:10:00-05:00,3.8261544431509558,0.7295304617772587,-0.659681800543263,79,expanded
SIMO,long,130.0,2026-02-09 05:40:00-05:00,6.923076923076923,1.5923076923076869,6.923076923076923,94,expanded
SIMO,long,132.415,2026-02-10 10:15:00-05:00,1.1818902692293152,2.352452516708818,-0.8269455877355277,69,expanded
SIMO,long,131.6,2026-02-11 08:05:00-05:00,6.59574468085107,1.8237082066869346,6.306990881458975,85,expanded
SIMO,short,141.845,2026-02-12 10:05:00-05:00,5.206387253692404,0.15509887553315158,2.456907187422881,73,expanded
SIMO,short,138.35,2026-02-13 08:05:00-05:00,4.589808456812428,0.0,0.9757860498735051,81,expanded
SIMO,long,134.01,2026-02-17 09:30:00-05:00,0.0,5.3801955077979216,-1.9774643683307047,77,expanded
SIMO,short,133.84,2026-02-18 11:20:00-05:00,1.9575612671847016,2.679617453676029,-0.11954572624028437,59,expanded
SIMO,long,131.125,2026-02-19 10:30:00-05:00,1.8417540514775916,0.2097235462345134,0.9037178265014316,66,expanded
SIMO,short,131.47,2026-02-20 09:15:00-05:00,0.0,4.951700007606291,-2.593747623031868,79,core
SIMO,short,138.02,2026-02-23 10:35:00-05:00,2.159107375742659,0.1557745254310994,1.8837849587016535,67,expanded
SIMO,long,138.21,2026-02-24 09:05:00-05:00,1.924607481368929,2.2501989725779707,-1.6786050213443464,80,expanded
SIMO,short,139.35,2026-02-25 09:30:00-05:00,0.4090419806243224,5.382131324004305,-1.4639397201291655,81,expanded
SIMO,long,131.67,2026-02-26 12:40:00-05:00,1.8948887369940037,1.8827371458950293,0.23543707754234244,45,expanded
SIMO,short,129.23,2026-02-27 16:00:00-05:00,0.1779772498645746,0.0,0.1779772498645746,1,expanded
SIMO,short,125.0,2026-03-02 04:20:00-05:00,1.632000000000005,4.8,-3.440000000000009,89,expanded
SIMO,long,120.54,2026-03-03 09:55:00-05:00,2.040816326530607,2.9367844698855206,-0.920856147336983,73,expanded
SIMO,short,120.99,2026-03-04 09:30:00-05:00,1.3968096536903858,2.4878089098272627,-1.0827341102570478,78,expanded
SIMO,short,123.57,2026-03-05 10:00:00-05:00,2.537023549405188,1.9097677429796962,-0.15375900299426395,71,expanded
SIMO,short,119.5,2026-03-06 09:35:00-05:00,2.8702928870292945,2.5230125523012554,0.9623430962343144,71,core
SIMO,short,122.26,2026-03-10 10:10:00-04:00,0.4604940291182745,2.506952396531979,-1.0142319646654627,70,expanded
SIMO,long,121.9245,2026-03-11 09:35:00-04:00,4.36786699965963,0.2661483130953996,1.4070182777046498,70,expanded
SIMO,short,119.28,2026-03-12 09:40:00-04:00,1.8863179074446679,2.1210596914822277,-0.6958417169684761,76,expanded
SIMO,long,121.35,2026-03-13 09:30:00-04:00,3.197362999587977,0.4449938195302778,1.5739596209311997,74,expanded
SIMO,short,124.66,2026-03-16 07:10:00-04:00,0.08422910316058863,4.283651532167498,-2.759505855928123,81,expanded
SIMO,long,126.0,2026-03-17 08:00:00-04:00,3.1746031746031744,1.5873015873015872,0.6349206349206327,88,expanded
SIMO,long,127.8,2026-03-18 05:35:00-04:00,1.564945226917069,2.3474178403755865,-2.3474178403755865,87,expanded
SIMO,short,123.0,2026-03-19 07:25:00-04:00,2.4390243902439024,4.284552845528464,-4.056910569105686,80,core
SIMO,short,124.01,2026-03-20 10:10:00-04:00,1.6611563583581987,2.3344891541004724,-0.1247480041932031,64,expanded
SIMO,short,125.6,2026-03-23 08:00:00-04:00,1.727707006369417,3.1050955414012784,1.4888535031847057,80,expanded
SIMO,long,123.205,2026-03-24 10:05:00-04:00,0.969928168499661,5.839860395276161,-3.7052067692057933,71,expanded
SIMO,long,119.8,2026-03-25 09:30:00-04:00,0.15025041736227615,7.854757929883135,-7.34557595993322,79,expanded
SIMO,long,109.0,2026-03-26 05:30:00-04:00,6.779816513761469,1.6880733944954158,1.825688073394491,84,expanded
SIMO,long,111.23,2026-03-27 09:25:00-04:00,3.3893733704935682,2.67913332733975,-1.05187449429111,75,core
SIMO,long,108.98,2026-03-30 10:20:00-04:00,0.0,5.166085520278959,-5.166085520278959,69,expanded
SIMO,long,105.3,2026-03-31 06:40:00-04:00,7.739791073124412,0.0,6.638176638176647,69,expanded
SIMO,short,117.76,2026-04-01 10:30:00-04:00,1.8766134510869603,0.7175611413043469,0.7133152173913072,67,expanded
SIMO,long,113.1,2026-04-02 10:00:00-04:00,2.555260831122901,1.246684350132623,0.7073386383731313,70,expanded
SIMO,short,116.1,2026-04-06 10:15:00-04:00,0.9474590869939659,0.9173126614987183,-0.4220499569336857,66,core
SIMO,long,116.515,2026-04-07 09:45:00-04:00,3.8492897910140322,2.0641119169205693,3.8492897910140322,73,core
SIMO,long,123.5,2026-04-08 08:00:00-04:00,1.9514170040485803,2.2672064777327914,-1.417004048582996,79,expanded
SIMO,long,122.27,2026-04-09 09:35:00-04:00,5.144352662141168,1.7256890488263672,3.868487772961482,77,expanded
SIMO,short,128.9287,2026-04-10 07:05:00-04:00,2.0466350781478337,1.3195665511247716,1.7208736301537193,82,expanded
SIMO,short,127.24,2026-04-14 09:55:00-04:00,0.8645080163470563,3.348003772398621,-3.348003772398621,74,core
SIMO,long,132.1666,2026-04-15 13:05:00-04:00,6.532210104519617,0.0,6.532210104519617,35,expanded
SIMO,long,134.7,2026-04-16 15:00:00-04:00,1.8411284335560643,0.08158871566442606,1.4847809948032666,15,expanded
SIMO,short,142.14,2026-04-17 10:05:00-04:00,3.1729280990572617,2.58899676375405,1.5477698044181714,73,expanded
SIMO,long,139.81,2026-04-20 07:00:00-04:00,1.5127673270867672,1.8301266003862497,0.851155139117372,83,expanded
SIMO,long,140.3,2026-04-21 09:55:00-04:00,2.2808267997148883,0.7697790449037865,1.6037063435495367,74,expanded
SIMO,long,144.03,2026-04-22 09:25:00-04:00,1.4719155731444868,2.63833923488163,-1.4094285912657094,79,expanded
SIMO,short,142.97,2026-04-23 10:05:00-04:00,2.650905784430295,1.4128838217808004,-0.3707071413583277,74,expanded
SIMO,long,148.5,2026-04-24 04:30:00-04:00,4.040404040404041,4.377104377104377,3.0545454545454556,92,expanded
SIMO,long,158.0,2026-04-27 04:15:00-04:00,1.2658227848101267,8.113924050632908,-5.69620253164557,99,expanded
SIMO,long,147.63,2026-04-28 04:55:00-04:00,25.313283208020053,5.019305019305017,23.958545011176593,134,expanded
SIMO,short,193.87,2026-04-29 07:55:00-04:00,2.5738897199154116,17.579150977459125,-17.34151751173467,128,expanded
SIMO,long,224.94,2026-04-30 08:35:00-04:00,1.9471414599448709,11.797457099671016,-4.7079221125633515,102,expanded
SIMO,short,221.17,2026-05-01 10:25:00-04:00,1.4332866121083274,6.307365375050875,-6.307365375050875,75,expanded
SIMO,long,230.44,2026-05-04 10:50:00-04:00,0.16650755077243734,3.662558583579239,-1.4277035236937998,75,expanded
SIMO,short,235.9439,2026-05-05 10:35:00-04:00,0.40005272439762735,5.359791035072316,-3.384533357293821,78,expanded
SIMO,short,235.2126,2026-05-06 09:55:00-04:00,2.717796580625364,5.011381193014316,-2.0353501470584447,77,expanded
SIMO,short,245.7,2026-05-07 09:55:00-04:00,3.903133903133893,2.4452991452991504,1.713471713471705,79,expanded
SIMO,short,243.99,2026-05-08 09:55:00-04:00,1.3074306324029663,4.446862576335092,-4.278863887864256,89,core
SIMO,short,258.32,2026-05-11 10:00:00-04:00,0.3561474140600867,5.295757200371635,-2.504645401052968,76,expanded
SIMO,long,254.0,2026-05-12 04:30:00-04:00,3.149606299212598,4.01964566929134,-0.16141732283464433,95,expanded
SIMO,long,259.57,2026-05-13 10:10:00-04:00,7.670377932734917,0.8610394113341349,5.944446584736298,90,core
SIMO,long,265.795,2026-05-14 13:10:00-04:00,1.4842265655862574,1.0515622942493335,1.1004721684004632,37,expanded
SIMO,short,256.0,2026-05-15 04:10:00-04:00,1.9800390625000053,3.7109375,-0.390625,98,expanded
SIMO,long,236.605,2026-05-18 14:40:00-04:00,2.161830899600604,0.6783457661503307,2.026584391707705,24,expanded
SIMO,short,235.5,2026-05-19 06:55:00-04:00,2.335456475583864,11.252653927813164,-10.305732484076426,93,expanded
SIMO,long,258.0,2026-05-20 07:00:00-04:00,0.9689922480620154,4.418217054263566,-0.5736434108527202,99,expanded
SIMO,short,253.7725,2026-05-21 10:25:00-04:00,0.1901309243515416,5.586696746101323,-5.586696746101323,73,expanded
SIMO,short,266.1601,2026-05-22 09:55:00-04:00,0.0,5.083368994826797,-4.6362696737790525,82,core
SIMO,long,282.02,2026-05-26 09:55:00-04:00,4.247925679029862,1.1360187220764488,2.4750017729239127,84,core
SIMO,long,277.66,2026-05-27 10:00:00-04:00,4.8044370813224715,3.4430598573795295,1.9268169703954352,79,core
SIMO,short,279.46,2026-05-28 09:55:00-04:00,0.0,5.278036212695914,-2.9270736420239056,84,expanded
SIMO,short,281.37,2026-05-29 11:35:00-04:00,2.175071969293103,1.2794896399758318,1.2474677470945696,61,expanded
SIMO,short,278.98,2026-06-01 09:55:00-04:00,4.724353000215071,0.724066241307614,3.46978278012761,75,core
SIMO,long,273.5,2026-06-02 06:20:00-04:00,16.43144424131627,1.9634369287020126,12.614259597806216,109,expanded
SIMO,short,308.0,2026-06-03 10:40:00-04:00,3.594155844155842,2.0584415584415505,3.3084415584415576,83,expanded
SIMO,short,290.3,2026-06-04 09:55:00-04:00,1.829142266620738,4.078539441956588,0.09989665862901152,79,expanded
SIMO,long,286.27,2026-06-05 04:50:00-04:00,0.3947322457819525,11.185244699060322,-10.752087190414635,95,expanded
SIMO,long,268.875,2026-06-08 09:55:00-04:00,0.790292887029298,3.2431427243142825,-1.4457275685727595,78,expanded
SIMO,long,267.9799,2026-06-09 10:05:00-04:00,0.007500562542195721,10.757373967226643,0.007500562542195721,73,core
SIMO,long,249.16,2026-06-10 15:00:00-04:00,1.9786482581473779,0.9003050248836096,1.9786482581473779,15,expanded
SIMO,long,261.07,2026-06-11 05:15:00-04:00,7.224116137434409,3.1255984984869944,6.484850806297164,91,expanded
SIMO,long,270.0,2026-06-12 04:05:00-04:00,6.192592592592603,3.7037037037037033,5.255555555555555,87,expanded
SCHW,long,95.27,2025-12-15 16:05:00-05:00,0.010496483677973251,0.0,0.010496483677973251,2,expanded
SCHW,short,95.29,2025-12-16 07:10:00-05:00,0.8838283135691105,1.2068422709623166,-1.16486514849407,88,expanded
SCHW,short,96.29,2025-12-17 08:30:00-05:00,0.48810883788556764,0.9450617925018138,-0.2284764773081305,85,expanded
SCHW,long,97.0,2025-12-18 09:10:00-05:00,0.38865979381442817,1.1134020618556684,0.23711340206185977,84,expanded
SCHW,short,98.605,2025-12-19 10:00:00-05:00,0.42087115257847596,0.9377820597332807,-0.3093149434612774,78,expanded
SCHW,short,99.17,2025-12-22 07:30:00-05:00,0.3327619239689405,2.5905011596248895,-2.3595845517797756,96,expanded
SCHW,short,101.815,2025-12-23 10:05:00-05:00,0.8986887983106537,0.01964347100132203,0.7022540882974054,74,expanded
SCHW,short,101.55,2025-12-24 08:00:00-05:00,0.6499261447562744,0.5514524864598742,-0.2954209748892143,52,expanded
SCHW,short,101.85,2025-12-26 08:45:00-05:00,0.3092783505154617,0.4221894943544495,-0.039273441335303146,83,expanded
SCHW,short,101.74,2025-12-29 08:00:00-05:00,0.5111067426774091,0.25555337133871153,0.42264596029093043,85,expanded
SCHW,long,101.11,2025-12-30 04:40:00-05:00,0.5340718029868522,0.9395707645138985,-0.6017208980318496,89,expanded
SCHW,short,100.39,2025-12-31 09:55:00-05:00,0.5080187269648423,0.15937842414582784,0.4880964239466031,76,core
SCHW,short,100.24,2026-01-02 05:05:00-05:00,0.8280127693535498,1.73583399840384,-1.346767757382291,92,expanded
SCHW,long,101.59,2026-01-05 08:00:00-05:00,2.8053942317157143,0.4389211536568647,1.880106309676146,95,expanded
SCHW,short,104.42,2026-01-06 10:00:00-05:00,0.8619038498372015,0.3160314116069702,0.8140203026240266,74,expanded
SCHW,long,102.96,2026-01-07 10:35:00-05:00,0.14083139083140078,1.2341686091686004,-1.0368104118104076,70,expanded
SCHW,long,101.61,2026-01-08 08:50:00-05:00,0.8660564905028988,0.6003346127349665,0.16730636748351707,87,expanded
SCHW,long,101.135,2026-01-09 10:30:00-05:00,0.3905670638255757,0.9838334898897558,-0.9462599495723615,71,expanded
SCHW,short,100.9,2026-01-12 10:05:00-05:00,0.38652130822596686,1.4271555996035654,-1.0901883052527197,77,expanded
SCHW,short,100.96,2026-01-13 09:55:00-05:00,0.7230586370839837,0.4853407290015938,-0.26733359746434915,83,core
SCHW,long,100.24,2026-01-14 10:25:00-05:00,1.6959297685554697,0.05985634477253399,1.2938946528332116,76,expanded
SCHW,short,102.56,2026-01-15 10:05:00-05:00,0.2827613104524242,1.0091653666146612,-0.41926677067081963,78,core
SCHW,short,102.55,2026-01-16 07:00:00-05:00,0.009751340809352419,2.3695758166747996,-1.3651877133105859,95,expanded
SCHW,short,102.98,2026-01-20 10:00:00-05:00,3.1365313653136573,0.4563993008351125,1.4080403961934382,98,expanded
SCHW,long,103.36,2026-01-21 09:55:00-05:00,0.18382352941176253,2.2832817337461293,-1.07391640866873,84,core
SCHW,long,105.02,2026-01-22 13:05:00-05:00,0.04760997905160651,1.5520853170824562,-0.9712435726528242,46,expanded
SCHW,short,102.095,2026-01-23 11:05:00-05:00,0.8864293060384948,0.866839708114996,0.19099857975414386,68,expanded
SCHW,short,103.06,2026-01-26 11:15:00-05:00,1.0285270716087738,0.37842033766737876,0.11643702697458232,61,expanded
SCHW,short,103.1,2026-01-27 07:10:00-05:00,0.8292919495635207,0.9699321047526674,-0.41260911736179484,86,expanded
SCHW,short,103.65,2026-01-28 09:25:00-05:00,0.8731307284129292,0.13024602026048326,0.41534008683068907,90,expanded
SCHW,short,103.94,2026-01-29 07:35:00-05:00,1.6259380411776003,1.0005772561092998,0.9043679045603211,92,expanded
SCHW,long,103.5,2026-01-30 08:20:00-05:00,1.3091787439613565,0.5990338164251252,0.3864734299516963,88,expanded
SCHW,short,104.1,2026-02-02 08:10:00-05:00,0.9702209414024889,1.1335254562920334,-1.13045148895293,91,expanded
SCHW,long,105.17,2026-02-03 07:50:00-05:00,0.5229628220975536,2.6005514880669387,-1.5879052961871272,86,expanded
SCHW,short,104.025,2026-02-04 10:05:00-05:00,1.0237923576063561,0.41816870944483353,0.40855563566451464,74,expanded
SCHW,short,103.97,2026-02-05 07:50:00-05:00,2.5199576801000334,0.17312686351832915,1.798595748773689,98,expanded
SCHW,short,104.125,2026-02-06 10:10:00-05:00,0.17767106842737312,1.1092436974789925,-0.9363745498199225,76,expanded
SCHW,short,105.1,2026-02-09 08:00:00-05:00,0.30447193149380897,2.0647002854424374,-1.8078020932445347,83,expanded
SCHW,short,107.22,2026-02-10 07:10:00-05:00,9.522477149785482,0.26114530871106245,7.061369147547104,122,expanded
SCHW,short,100.7,2026-02-11 09:00:00-05:00,5.571002979145978,0.6752730883813233,5.213505461767626,107,expanded
SCHW,long,95.43,2026-02-12 12:35:00-05:00,1.026930734569831,0.9850151943833301,-0.4401131719585054,55,expanded
SCHW,long,93.2,2026-02-17 10:00:00-05:00,0.8583690987124433,0.9656652360515083,-0.10729613733906494,75,expanded
SCHW,long,93.29,2026-02-18 07:00:00-05:00,2.7548504662879116,0.01071926251474447,1.9080287276235255,90,expanded
SCHW,short,95.4,2026-02-19 08:00:00-05:00,2.4528301886792487,0.0,1.362683438155148,96,expanded
SCHW,long,93.14,2026-02-20 10:05:00-05:00,1.9862572471548146,0.34356882112949044,1.062916040369331,78,expanded
SCHW,short,92.75,2026-02-23 09:55:00-05:00,1.5849056603773573,0.5390835579514826,-0.4204851752021569,83,expanded
SCHW,short,93.92,2026-02-24 14:10:00-05:00,0.8837308347529793,0.6707836456558725,0.8837308347529793,24,expanded
SCHW,short,93.6481,2026-02-25 09:05:00-05:00,0.15814522665168804,2.2978576180402994,-1.5366035189181706,87,expanded
SCHW,long,95.53,2026-02-26 08:00:00-05:00,2.177326494294984,0.5547995394117042,1.6539307023971508,86,expanded
SCHW,short,97.1,2026-02-27 07:45:00-05:00,3.583934088568476,1.2255406797116497,2.162718846549943,94,expanded
SCHW,short,94.0,2026-03-02 04:25:00-05:00,0.4042553191489313,2.7659574468085046,-1.0638297872340425,95,expanded
SCHW,short,95.1,2026-03-03 12:50:00-05:00,0.1577287066245967,0.9358569926393276,-0.03154574132492233,42,expanded
SCHW,long,95.0,2026-03-04 08:00:00-05:00,1.8947368421052602,0.10526315789473085,1.1789473684210574,93,expanded
SCHW,short,95.59,2026-03-05 07:50:00-05:00,1.4959723820483386,1.3076681661261638,0.8055235903337276,85,expanded
SCHW,short,92.97,2026-03-06 09:55:00-05:00,0.18285468430676746,2.4739163170915317,-1.4230396902226605,81,core
SCHW,short,93.31,2026-03-10 09:55:00-04:00,0.7716214767977696,1.2753188297074245,0.15003750937734495,76,expanded
SCHW,short,93.0,2026-03-11 07:55:00-04:00,1.9247311827957057,0.526881720430102,0.9677419354838771,83,expanded
SCHW,short,91.1,2026-03-12 09:55:00-04:00,0.6531284302963765,0.7244785949506156,-0.21953896816685275,80,core
SCHW,short,91.7,2026-03-13 08:40:00-04:00,0.0,2.290076335877856,-1.3086150490730675,89,expanded
SCHW,long,94.52,2026-03-16 11:10:00-04:00,0.35971223021583093,1.3330512060939388,-0.9733389758781229,63,expanded
SCHW,long,93.98,2026-03-17 08:30:00-04:00,1.5003192168546462,0.2234517982549563,-0.06384337092998753,85,expanded
SCHW,long,93.71,2026-03-18 10:25:00-04:00,0.17073951552663622,1.6433678369437543,-1.6433678369437543,70,expanded
SCHW,long,92.5808,2026-03-19 08:50:00-04:00,1.694951869070055,0.0,1.5221298584587717,84,expanded
SCHW,short,93.62,2026-03-20 10:35:00-04:00,0.12817773979919306,1.7624439222388286,-1.7410809656056347,79,expanded
SCHW,short,96.67,2026-03-24 11:25:00-04:00,1.1223750905141283,0.07241129616219424,0.17585600496534778,59,expanded
SCHW,long,96.86,2026-03-25 06:10:00-04:00,0.1445385091885201,2.763266570307665,-2.763266570307665,87,expanded
SCHW,long,94.47,2026-03-26 11:20:00-04:00,0.31756113051762164,0.6668783740870069,0.0,57,expanded
SCHW,long,94.46,2026-03-27 08:50:00-04:00,0.0,2.710141858987919,-2.074952360787629,87,expanded
SCHW,long,92.99,2026-03-30 07:25:00-04:00,0.7957844929562417,0.666738358963319,0.548446069469841,86,expanded
SCHW,long,94.23,2026-03-31 07:10:00-04:00,0.021224663058469723,2.186140295022819,-0.711026212458879,88,expanded
SCHW,short,93.095,2026-04-01 09:55:00-04:00,3.3245609323809004,1.9281379236264051,0.5356893495891288,81,core
SCHW,long,91.5,2026-04-02 04:05:00-04:00,2.754098360655733,0.666666666666666,1.6502732240437215,90,expanded
SCHW,short,93.41,2026-04-06 08:20:00-04:00,1.466652392677433,1.4345359169253864,0.43892516861149405,84,expanded
SCHW,short,93.39,2026-04-07 17:45:00-04:00,0.07495449191563057,1.7239533140593206,-1.7132455294999405,4,expanded
SCHW,short,94.82,2026-04-08 04:20:00-04:00,0.3374815439780565,2.0670744568656487,-1.7991984813330555,99,expanded
SCHW,short,96.28,2026-04-09 09:30:00-04:00,0.46738678853344706,1.7604902368092992,-1.0538014125467403,85,expanded
SCHW,long,94.67,2026-04-10 10:40:00-04:00,0.5704024506179276,0.5492764339283785,0.21126016689553487,68,expanded
SCHW,long,94.32,2026-04-13 06:55:00-04:00,2.682357930449535,0.39228159457166073,2.6081424936386854,93,expanded
SCHW,short,98.78,2026-04-14 12:45:00-04:00,0.6124721603563514,0.2834581899169884,-0.18515893905649283,49,expanded
SCHW,long,98.45,2026-04-15 05:00:00-04:00,3.6058913153885195,0.0,2.578567800914172,120,expanded
SCHW,long,94.67,2026-04-16 10:25:00-04:00,1.330939051441856,2.904827294813563,-1.9963029470793252,109,expanded
SCHW,short,90.69,2026-04-17 09:55:00-04:00,0.13783217554305877,2.536112029992278,-1.7503583636564144,99,core
SCHW,short,93.0555,2026-04-20 10:10:00-04:00,0.6399406805616017,0.5743884026199509,-0.31647780088226846,89,expanded
SCHW,long,92.21,2026-04-21 11:50:00-04:00,0.802515996095878,0.41210280880598144,0.3144995119835227,70,expanded
SCHW,long,92.415,2026-04-22 10:00:00-04:00,0.6330141210842328,1.0117405183141288,-0.7097332684088109,97,core
SCHW,short,90.78,2026-04-23 09:55:00-04:00,3.2385988103106387,0.37453183520599626,2.126018946904612,98,core
SCHW,short,89.335,2026-04-24 09:55:00-04:00,1.169754295628799,0.5876756030671133,0.9122964123803635,85,core
SCHW,long,88.37,2026-04-27 07:10:00-04:00,3.111915808532307,0.2489532646825833,2.9761231187054378,98,expanded
SCHW,short,90.72,2026-04-28 06:35:00-04:00,0.6007495590828943,1.3007054673721417,-0.3196649029982432,94,expanded
SCHW,short,90.6211,2026-04-29 07:00:00-04:00,1.3005801077232597,0.9588274695407543,0.15415835826314714,98,expanded
SCHW,short,92.07,2026-04-30 14:05:00-04:00,0.48875855327467,0.4996198544585728,0.2823938307809177,26,expanded
SCHW,long,92.16,2026-05-01 08:35:00-04:00,0.7580295138888878,0.9711371527777735,-0.7294921874999921,91,expanded
SCHW,short,91.175,2026-05-04 12:45:00-04:00,0.24677817384150735,0.3838771593090305,-0.3125856868659134,43,expanded
SCHW,long,91.5215,2026-05-05 07:10:00-04:00,1.4952770660445878,0.023491747840674797,1.0691476866091538,89,expanded
SCHW,long,92.62,2026-05-06 10:05:00-04:00,0.06478082487583921,1.1174692291081956,-0.669401857050318,77,expanded
SCHW,long,91.9325,2026-05-07 07:20:00-04:00,0.5411579147744293,3.559568161422788,-2.484105185870079,92,expanded
SCHW,short,88.84,2026-05-08 13:00:00-04:00,0.5965781179648819,0.2814047726249437,0.22512381809995816,45,expanded
SCHW,long,88.3,2026-05-11 10:05:00-04:00,0.21517553793884225,0.7701019252548047,-0.4530011325028216,81,expanded
SCHW,short,87.97,2026-05-12 09:55:00-04:00,0.07957258156188834,2.7509378197112673,-2.364442423553482,74,core
SCHW,long,89.8,2026-05-13 07:20:00-04:00,2.204899777282855,0.6013363028953141,1.5367483296213915,94,expanded
SCHW,short,91.31,2026-05-14 08:35:00-04:00,2.3874712517796595,2.3984229547694644,1.8727412112583595,112,expanded
SCHW,long,91.92,2026-05-15 10:50:00-04:00,0.13054830287206762,2.349869451697124,-1.1399042645778885,77,expanded
SCHW,short,93.1213,2026-05-18 10:20:00-04:00,1.2470831055838043,0.3315031040159466,0.6671942938940985,71,expanded
SCHW,long,92.17,2026-05-19 11:25:00-04:00,0.8245633069328471,0.4773787566453268,-0.3471845502875202,62,expanded
SCHW,long,92.32,2026-05-20 09:30:00-04:00,0.2599653379549492,2.805459272097042,-2.4798526863084773,93,expanded
SCHW,short,90.46,2026-05-21 09:55:00-04:00,1.3044439531284464,0.265310634534611,0.06632765863363704,83,core
SCHW,short,92.68,2026-05-22 04:45:00-04:00,2.829844626672431,1.4782045748813015,2.6974536037980146,119,core
SCHW,short,90.07,2026-05-26 12:05:00-04:00,0.7827245475741071,0.19984456533807798,0.6400577328744264,55,expanded
SCHW,long,86.37,2026-05-27 10:25:00-04:00,0.6252170892670974,1.470417969202281,-0.6599513720041766,95,expanded
SCHW,short,84.115,2026-05-28 11:50:00-04:00,0.06538667300718376,2.240979611246514,-1.8605480592046746,68,expanded
SCHW,short,86.88,2026-05-29 11:35:00-04:00,0.16689686924493097,0.7021178637200731,-0.44889502762431005,71,expanded
SCHW,short,87.445,2026-06-01 09:55:00-04:00,0.508891303104801,2.001257933558237,-0.783349533992798,78,expanded
SCHW,short,88.697,2026-06-02 07:20:00-04:00,2.792653641047616,0.0,1.3044409619265551,92,expanded
SCHW,long,87.67,2026-06-03 07:00:00-04:00,0.0,2.383939774153078,-1.688148739591655,90,expanded
SCHW,short,87.47,2026-06-04 09:55:00-04:00,0.08002743797872777,1.1775465874013962,-0.48473762432834866,78,core
SCHW,long,87.92,2026-06-05 12:20:00-04:00,1.1601455868971746,0.2786624203821708,0.14228844404004015,53,expanded
SCHW,short,88.92,2026-06-08 08:15:00-04:00,1.2932973459289312,0.08996851102114069,1.0391363022942044,92,expanded
SCHW,short,87.67,2026-06-09 12:10:00-04:00,0.34219231207938533,1.420098095129468,-0.9901904870537221,53,expanded
SCHW,short,88.08,2026-06-10 07:35:00-04:00,0.2497729336966381,2.463669391462309,-1.351044504995456,88,expanded
SCHW,long,89.49,2026-06-11 04:05:00-04:00,0.5028494803888734,1.0615711252653801,-1.0280478265728035,91,expanded
SCHW,long,89.42,2026-06-12 07:30:00-04:00,3.1201073585327577,0.9505703422053327,1.9458734063967735,89,expanded
TEM,short,69.79,2025-12-15 14:50:00-05:00,2.3069207622868593,0.014328700386861877,2.2925920618999975,41,expanded
TEM,long,68.13,2025-12-16 08:35:00-05:00,1.731982973726709,1.3430206957287423,-0.20548950535740582,118,core
TEM,long,69.23,2025-12-17 08:30:00-05:00,0.02874476383069869,7.554528383648712,-7.020078000866675,129,core
TEM,long,64.77,2025-12-18 07:35:00-05:00,2.8408213679172514,4.971437393855179,-3.906129380886204,142,core
TEM,short,62.6485,2025-12-19 08:35:00-05:00,1.1149508767169138,4.5515854330111685,-4.550627708564444,132,core
TEM,long,66.27,2025-12-22 08:25:00-05:00,2.3087369850611155,1.1015542477742415,-0.6941300739399333,126,core
TEM,short,67.1,2025-12-23 08:25:00-05:00,5.4387481371087825,0.3427719821162504,3.3093889716840392,119,core
TEM,short,64.6001,2025-12-24 08:30:00-05:00,1.9349815247964013,0.35588180204055514,0.6362219253530589,76,expanded
TEM,long,63.88,2025-12-26 08:15:00-05:00,0.3613024420788901,3.287413901064498,-2.316844082654984,132,expanded
TEM,long,61.65,2025-12-29 07:50:00-05:00,2.9845904298459103,1.2921330089213268,-0.551500405514998,128,expanded
TEM,long,61.78,2025-12-30 08:30:00-05:00,0.35610229847847014,2.8973777921657478,-2.4603431531239934,120,core
TEM,long,59.49,2025-12-31 09:50:00-05:00,0.5042864346949019,1.5296688519078898,-1.4960497562615576,109,core
TEM,long,60.36,2026-01-02 10:00:00-05:00,4.125248508946325,0.8449304174950265,3.9098740888005294,103,core
TEM,short,63.74,2026-01-05 07:55:00-05:00,1.203012237213686,2.541418261688099,-1.8983369940382817,133,core
TEM,long,65.84,2026-01-06 08:25:00-05:00,6.287970838396112,0.6379100850546805,5.164034021871189,128,core
TEM,long,68.79,2026-01-07 08:30:00-05:00,3.5179531908707475,0.37796191306876736,1.0466637592673336,113,expanded
TEM,short,68.6,2026-01-08 08:25:00-05:00,1.851311953352764,1.5160349854227497,-0.29154518950437736,117,core
TEM,long,69.68,2026-01-09 08:25:00-05:00,0.4448909299655397,5.137772675086126,-4.262342135476482,126,core
TEM,short,73.14,2026-01-12 05:20:00-05:00,6.590101175827192,4.361498496034998,5.133169264424397,175,expanded
TEM,short,69.67,2026-01-13 04:55:00-05:00,5.152863499354102,1.2774508396727438,3.2008037892923844,170,expanded
TEM,long,66.91,2026-01-14 08:25:00-05:00,4.573456882379324,1.1358541324166656,3.0638170677028804,126,core
TEM,short,69.35,2026-01-15 07:45:00-05:00,1.4275414563806705,5.638067772170167,0.07209805335255538,133,core
TEM,short,69.77,2026-01-16 08:25:00-05:00,1.719936935645697,3.0242224451770094,-0.9567149204529226,125,core
TEM,short,66.94,2026-01-20 05:55:00-05:00,1.1951000896325024,3.6965939647445567,0.3286525246489376,156,expanded
TEM,short,66.5508,2026-01-21 08:25:00-05:00,7.108554668012999,1.3962266419036415,0.9628734740979803,131,core
TEM,long,66.0,2026-01-22 07:30:00-05:00,4.212121212121214,1.4999999999999922,3.787878787878788,130,expanded
TEM,short,68.9,2026-01-23 07:55:00-05:00,5.892597968069669,0.5224963715529745,4.804063860667637,138,core
TEM,long,65.0,2026-01-26 07:05:00-05:00,7.938461538461533,0.8461538461538418,3.999999999999991,135,expanded
TEM,short,68.39,2026-01-27 07:05:00-05:00,3.1788273139347956,0.8919432665594376,1.7549349320075964,143,expanded
TEM,short,67.09,2026-01-28 07:10:00-05:00,4.307646445073782,1.028469220450138,3.115218363392463,145,expanded
TEM,short,64.78,2026-01-29 08:35:00-05:00,3.2880518678604544,0.0,2.068539672738505,122,core
TEM,long,62.22,2026-01-30 06:45:00-05:00,1.7679202828672476,4.500160720025711,-3.8894246223079425,145,expanded
TEM,short,58.26,2026-02-02 09:40:00-05:00,1.2873326467559219,2.969447305183666,-1.7679368348781346,109,expanded
TEM,short,59.6,2026-02-03 08:30:00-05:00,8.724832214765105,0.13422818791946023,6.1241610738255,127,core
TEM,short,56.1283,2026-02-04 08:25:00-05:00,11.130748659767002,0.09211039707241578,4.237256428575251,130,core
TEM,short,51.82,2026-02-05 08:25:00-05:00,2.9332304129679723,6.927827093786176,2.7265534542647636,138,core
TEM,short,54.0,2026-02-06 06:45:00-05:00,5.05555555555555,3.1851851851851833,-2.944444444444451,152,expanded
TEM,long,55.17,2026-02-09 06:35:00-05:00,4.404567699836867,2.2724306688417655,3.8439369222403466,142,expanded
TEM,short,56.69,2026-02-10 08:25:00-05:00,2.010936673134593,2.2667137061210156,1.217145881107775,115,core
TEM,short,55.01,2026-02-11 09:50:00-05:00,5.32630430830758,0.1581530630794461,2.549900018178506,103,core
TEM,short,53.9295,2026-02-12 08:30:00-05:00,8.39892823037484,0.39032440501025084,6.210886435068004,125,core
TEM,long,50.7,2026-02-13 08:25:00-05:00,3.8461538461538374,0.532544378698231,3.4714003944773135,120,core
TEM,short,52.03,2026-02-17 08:25:00-05:00,2.556217566788388,2.8252931001345356,-0.730347876225246,115,core
TEM,short,53.12,2026-02-18 07:35:00-05:00,0.00997740963855103,9.054969879518076,-7.041980421686754,138,expanded
TEM,short,58.61,2026-02-19 09:55:00-05:00,0.8701586759938543,4.36649036000682,-4.36649036000682,116,expanded
TEM,short,61.67,2026-02-20 05:50:00-05:00,6.469920544835417,1.3458731960434542,4.815955894275984,158,core
TEM,short,57.62,2026-02-23 08:25:00-05:00,3.0716765012148555,1.232211037834087,0.6594932315168266,122,core
TEM,short,57.2,2026-02-24 08:30:00-05:00,6.468531468531473,2.7972027972027873,3.076923076923086,136,core
TEM,short,53.7065,2026-02-25 16:25:00-05:00,0.8499902246469204,0.21133382365263412,0.3844972210067652,41,expanded
TEM,long,53.54,2026-02-26 07:45:00-05:00,4.389241688457231,3.4553604781471825,1.7743742995890976,143,core
TEM,long,54.43,2026-02-27 07:00:00-05:00,1.0472166084879668,4.170494212750327,-2.8293220650376614,138,expanded
TEM,long,51.11,2026-03-02 07:00:00-05:00,5.047935824691837,1.0821756994717289,3.4826844061827456,139,expanded
TEM,short,50.55,2026-03-03 06:20:00-05:00,3.5608308605341192,8.625123639960435,-1.5825914935707306,151,expanded
TEM,short,52.35,2026-03-04 06:05:00-05:00,4.011461318051579,0.2674307545367728,1.337153772683864,152,expanded
TEM,short,52.29,2026-03-05 11:05:00-05:00,2.7347485178810476,1.6255498183209056,-0.9562057754828839,100,expanded
TEM,short,51.75,2026-03-06 08:40:00-05:00,1.236714975845412,3.3816425120772946,-0.41410628019323953,123,core
TEM,short,51.07,2026-03-09 06:20:00-04:00,2.4378304288231787,3.3287644409633894,-1.9776776972782417,139,expanded
TEM,short,52.49,2026-03-10 08:25:00-04:00,3.3530196227853017,1.0668698799771292,2.362354734235096,124,core
TEM,long,51.12,2026-03-11 08:25:00-04:00,4.918231611893589,0.50860719874804,1.33039906103287,120,expanded
TEM,long,52.01,2026-03-12 08:25:00-04:00,0.32686021918862085,5.1720822918669445,-4.441453566621795,130,core
TEM,short,50.11,2026-03-13 09:15:00-04:00,1.097585312312906,2.67411694272601,0.21951706246258118,107,expanded
TEM,long,50.9118,2026-03-16 08:25:00-04:00,3.453423371399169,2.1641348371104483,-0.21959545724174423,123,core
TEM,long,51.472,2026-03-17 10:50:00-04:00,0.015542430836174164,1.8301212309605224,-1.4390348150450805,89,expanded
TEM,short,50.82,2026-03-18 08:25:00-04:00,5.076741440377801,0.2951593860684742,4.176898858717044,136,core
TEM,long,48.12,2026-03-19 05:20:00-04:00,2.7847049044056598,2.8262676641729,1.2884455527847143,153,expanded
TEM,long,48.35,2026-03-20 06:50:00-04:00,2.0268872802481837,4.591520165460183,-1.3900723888314381,147,expanded
TEM,long,47.5263,2026-03-23 08:25:00-04:00,5.16282563549024,0.48520503384442426,3.6478749660714147,113,core
TEM,long,48.305,2026-03-24 10:35:00-04:00,2.2047407100714165,1.2731601283511065,2.1633371286616327,92,expanded
TEM,long,49.7541,2026-03-25 09:00:00-04:00,2.0016440856130426,6.882045901744786,-5.635917441979652,120,expanded
TEM,short,46.2013,2026-03-26 08:25:00-04:00,2.2971215095679187,3.265492529430984,0.8781138193081214,121,expanded
TEM,short,45.1,2026-03-27 08:25:00-04:00,6.452328159645241,0.0,5.6984478935698455,129,core
TEM,short,43.0097,2026-03-30 08:20:00-04:00,2.975375322311026,0.372706621994572,2.347609957753721,120,core
TEM,long,42.7019,2026-03-31 07:35:00-04:00,6.646308478077081,0.004449450727014781,6.435545022586819,140,expanded
TEM,short,45.97,2026-04-01 08:35:00-04:00,0.8222753969980425,3.3717641940396,-2.4363715466608755,116,core
TEM,short,44.8,2026-04-02 09:20:00-04:00,1.4955357142857024,7.366071428571439,-5.645535714285722,111,expanded
TEM,long,47.92,2026-04-06 09:55:00-04:00,0.7095158597662694,1.9407345575959924,-1.4398998330551018,93,core
TEM,short,46.55,2026-04-07 09:25:00-04:00,2.642320085929102,6.337271750805592,-6.272824919441465,120,expanded
TEM,long,50.1999,2026-04-08 07:25:00-04:00,1.2153410664164725,6.434076561905504,-5.696425690091017,135,expanded
TEM,long,47.17,2026-04-09 08:15:00-04:00,1.7595929616281498,6.7203731185075295,-5.82997668009328,137,expanded
TEM,short,45.62,2026-04-10 06:55:00-04:00,7.036387549320476,0.7233669443226773,5.08548882069268,154,expanded
TEM,long,42.12,2026-04-13 04:25:00-04:00,10.636277302943979,0.0,10.434472934472943,176,core
TEM,long,46.78,2026-04-14 05:00:00-04:00,6.6267635741770015,0.3847798204360832,6.0068405301410905,168,expanded
TEM,long,49.62,2026-04-15 04:40:00-04:00,14.288593309149544,0.6852075775896742,14.026602176541719,175,core
TEM,short,56.7,2026-04-16 04:25:00-04:00,6.684303350970028,2.4098765432098745,3.880070546737218,178,expanded
TEM,long,55.98,2026-04-17 10:25:00-04:00,2.28653090389425,1.9739192568774508,-0.7425866380850197,108,expanded
TEM,short,56.53,2026-04-20 10:30:00-04:00,2.525738545904825,0.8137272244825772,-0.47762250132672207,105,expanded
TEM,long,57.62,2026-04-21 06:10:00-04:00,0.45123221103784295,5.275945852134674,-3.1759805623047526,156,expanded
TEM,short,57.22,2026-04-22 10:10:00-04:00,4.122160083886751,0.1048584411045129,3.011709192590007,107,expanded
TEM,long,54.74,2026-04-23 04:35:00-04:00,0.7672634271099645,8.604311289733285,-5.188162221410309,170,core
TEM,long,51.98,2026-04-24 06:40:00-04:00,2.924201616006162,2.8087726048480066,0.692574066948839,147,expanded
TEM,short,52.28,2026-04-27 04:30:00-04:00,1.434583014537108,2.5221882172915002,-0.8224942616679413,155,core
TEM,long,51.76,2026-04-28 06:50:00-04:00,0.46367851622875195,2.6727202472951985,-1.178516228748067,139,expanded
TEM,short,50.215,2026-04-29 09:55:00-04:00,2.6075873742905578,0.5675594941750405,0.02987155232500362,104,expanded
TEM,long,49.94,2026-04-30 04:55:00-04:00,12.09451341609932,0.24028834601521315,10.532639167000411,148,core
TEM,short,55.74,2026-05-01 09:20:00-04:00,3.799784714747043,0.8611410118406833,1.327592393254399,112,expanded
TEM,short,55.17,2026-05-04 04:25:00-04:00,3.027007431575134,1.9757114373753784,-0.8410367953597946,168,core
TEM,short,56.4,2026-05-05 08:55:00-04:00,13.291666666666663,0.2836879432624179,11.914893617021274,132,core
TEM,short,50.49,2026-05-06 04:25:00-04:00,3.9413745296098277,6.397306397306391,-4.852446028916608,184,expanded
TEM,long,52.8,2026-05-07 08:10:00-04:00,0.9659090909091006,7.765151515151506,-6.723484848484844,139,expanded
TEM,long,50.05,2026-05-08 07:40:00-04:00,0.13806193806194994,6.593406593406588,-0.5022977022976958,147,expanded
TEM,short,49.82,2026-05-11 05:10:00-04:00,4.154957848253714,0.04014452027298901,2.3083099156965043,174,expanded
TEM,short,47.32,2026-05-12 09:50:00-04:00,3.3706677937447145,0.6551141166525829,0.7607776838546058,114,expanded
TEM,short,47.0864,2026-05-13 07:25:00-04:00,3.9000645621665657,0.28585748751231554,1.9239100886880194,138,expanded
TEM,long,46.02,2026-05-14 04:25:00-04:00,3.8026944806605822,1.9534984789222096,-0.7653194263363828,167,expanded
TEM,long,44.66,2026-05-15 04:25:00-04:00,1.2091356918943266,2.168383340797124,-2.081728616211368,175,core
TEM,long,43.94,2026-05-18 04:25:00-04:00,4.050978607191627,1.843422849339998,-0.29608557123349744,174,core
TEM,long,43.57,2026-05-19 07:30:00-04:00,5.53132889602937,2.1803993573559852,4.544411292173507,139,core
TEM,short,44.64,2026-05-20 09:45:00-04:00,0.022401433691751817,2.9345878136200767,-2.37455197132617,104,expanded
TEM,short,45.05,2026-05-21 10:35:00-04:00,0.03329633740288695,3.3740288568257566,-3.3074361820199822,103,expanded
TEM,short,46.54,2026-05-22 08:10:00-04:00,1.504727116458957,2.632144391920931,1.160292221744734,136,expanded
TEM,short,46.98,2026-05-26 04:25:00-04:00,1.6174968071519684,2.6181353767560753,0.38697318007661885,167,expanded
TEM,short,46.84,2026-05-27 07:50:00-04:00,2.9461998292058125,1.3663535439794907,-0.7045260461144285,126,core
TEM,short,51.09,2026-05-28 11:10:00-04:00,0.7418281464083086,1.8761009982383903,-1.1761597181444425,103,expanded
TEM,short,52.44,2026-05-29 06:30:00-04:00,7.074752097635395,5.873379099923732,3.795003813882529,160,expanded
TEM,long,50.215,2026-06-01 09:55:00-04:00,9.02817883102658,0.5078163895250474,4.5305187692920414,118,core
TEM,short,52.52,2026-06-02 04:30:00-04:00,6.035795887281039,0.3236862147753134,5.959634424980964,181,core
TEM,short,49.03,2026-06-03 06:55:00-04:00,5.425249847032436,0.6322659596165658,4.854170915765862,150,expanded
TEM,short,46.91,2026-06-04 04:25:00-04:00,1.4069494777232927,15.050095928373485,-10.873800895331492,180,core
TEM,short,48.67,2026-06-05 10:45:00-04:00,6.163961372508732,0.164372303266896,5.485925621532775,110,expanded
TEM,short,48.18,2026-06-08 11:20:00-04:00,1.6604400166043944,1.03777501037775,0.05188875051888456,90,expanded
TEM,short,49.14,2026-06-09 10:00:00-04:00,7.794057794057791,0.0,1.9943019943020022,114,core
TEM,short,47.78,2026-06-10 08:35:00-04:00,0.5860192549183783,9.564671410632064,-2.424863959815822,131,expanded
TEM,short,48.03,2026-06-11 11:00:00-04:00,1.5198834062044637,3.6851967520299724,-3.518634186966475,103,expanded
TEM,long,49.89,2026-06-12 05:20:00-04:00,0.22048506714772384,5.552214872719991,-4.149128081779916,152,expanded
AMD,long,212.41,2025-12-15 11:30:00-05:00,0.004943270090865545,3.0177486935643314,-2.918977449272631,101,expanded
AMD,short,207.39,2025-12-16 07:45:00-05:00,1.9094459713583007,1.3645788128646574,-0.498770432518446,141,expanded
AMD,short,210.91,2025-12-17 07:20:00-05:00,6.343938172680288,1.0569911336589042,5.921957232942965,151,core
AMD,short,201.2,2025-12-18 08:05:00-05:00,0.5914512922465197,2.56461232604375,-0.39806163021869423,142,expanded
AMD,long,202.92,2025-12-19 07:45:00-05:00,6.041789867928257,0.3006110782574341,5.898827123989761,146,expanded
AMD,long,217.4,2025-12-22 07:45:00-05:00,1.3799448022079117,1.8813247470101209,-0.9752069917203349,145,core
AMD,short,213.96,2025-12-23 08:25:00-05:00,0.7851934941110519,1.4348476350719728,-0.6706861095531885,136,core
AMD,long,214.84,2025-12-24 11:55:00-05:00,0.34444237572147135,0.0884379072798351,-0.07447402718301833,55,expanded
AMD,long,216.15,2025-12-26 08:25:00-05:00,0.31459634513069945,1.443442054129079,-0.6199398565810795,136,core
AMD,long,213.14,2025-12-29 07:00:00-05:00,1.3638922773763775,1.8297832410622021,0.9571643051515548,154,expanded
AMD,short,215.9,2025-12-30 09:35:00-05:00,0.7271885132005526,0.426123205187581,0.5419175544233515,122,expanded
AMD,short,214.13,2025-12-31 07:50:00-05:00,0.21272124410404927,1.6391911455657735,0.054873207864384634,144,expanded
AMD,short,221.995,2026-01-02 10:25:00-05:00,1.259037365706442,1.515799905403279,-1.0022748260095922,114,expanded
AMD,long,229.88,2026-01-05 07:25:00-05:00,1.8009396206716612,4.0890899599791215,-3.7323821124064662,150,expanded
AMD,short,222.73,2026-01-06 08:25:00-05:00,5.154222601355897,0.4893817626722954,3.8791361738427637,137,expanded
AMD,long,212.3112,2026-01-07 08:35:00-05:00,0.7294951938475218,2.4215397020976877,-1.3052537972561133,136,expanded
AMD,long,204.315,2026-01-08 11:40:00-05:00,0.37476445684360404,0.48209872011354293,0.03181362112424332,99,expanded
AMD,short,205.47,2026-01-09 05:55:00-05:00,1.2653915413442323,0.8906409694846024,0.953910546551812,166,expanded
AMD,short,201.29,2026-01-12 08:25:00-05:00,0.740225545233236,4.267474787619854,-2.9509662675741457,138,expanded
AMD,long,210.89,2026-01-13 06:20:00-05:00,5.794490018493067,1.5126369197211806,4.9836407605860975,162,expanded
AMD,long,218.74,2026-01-14 07:25:00-05:00,2.445826094907193,1.6595044344884315,2.0160921642132195,149,core
AMD,long,228.5,2026-01-15 06:20:00-05:00,4.310722100656453,2.7002188183807387,1.199124726477028,163,expanded
AMD,short,234.32,2026-01-16 04:35:00-05:00,2.330146807784218,0.6316148856265015,1.0446824854899301,183,expanded
AMD,short,226.19,2026-01-20 05:50:00-05:00,2.0734780494274716,5.884433440912508,-3.068216985719969,169,expanded
AMD,short,233.24,2026-01-21 06:55:00-05:00,0.2743954724747105,8.60058309037901,-8.420468187274903,156,expanded
AMD,short,255.46,2026-01-22 04:45:00-05:00,3.455726923980272,0.36796367337351027,1.5423158224379543,182,expanded
AMD,short,256.89,2026-01-23 06:00:00-05:00,2.0281054147689592,3.9199657440928,-0.7512943283117315,167,expanded
AMD,short,255.9001,2026-01-26 08:25:00-05:00,2.18839304869361,0.9338800571003996,1.8366933033633126,137,core
AMD,short,253.3,2026-01-27 07:35:00-05:00,2.1081721279115686,0.8882747729964469,-0.21318594551914413,148,expanded
AMD,short,258.17,2026-01-28 05:40:00-05:00,3.083239725762098,0.20529108726806858,1.8979742030445077,170,expanded
AMD,short,253.19,2026-01-29 08:25:00-05:00,4.850112563687349,2.8989296575694246,1.2599233777005403,138,core
AMD,short,247.65,2026-01-30 07:50:00-05:00,5.289723399959618,0.5249343832020928,4.397334948516057,145,expanded
AMD,short,233.72,2026-02-02 07:55:00-05:00,3.0378230361115843,8.321923669347933,-7.325004278623997,144,expanded
AMD,long,250.49,2026-02-03 06:35:00-05:00,0.8623098726496053,11.86051339374826,-11.174098766417824,160,expanded
AMD,long,221.1,2026-02-04 07:35:00-05:00,2.9669832654907293,9.927589326096783,-7.576797829036631,148,expanded
AMD,long,203.77,2026-02-05 07:05:00-05:00,1.0551111547332666,8.229867006919571,-7.886342444913392,154,expanded
AMD,short,199.8,2026-02-06 06:25:00-05:00,4.489489489489489,4.739739739739739,-4.419419419419411,162,expanded
AMD,short,206.0,2026-02-09 06:15:00-05:00,0.9417475728155329,5.631067961165045,-4.436019417475734,164,expanded
AMD,short,217.09,2026-02-10 04:40:00-05:00,1.8517665484361374,1.0594684232345952,1.3542770279607526,179,expanded
AMD,long,212.91,2026-02-11 05:40:00-05:00,3.1656568503123426,1.7378234934948986,-0.004649852050156209,170,expanded
AMD,short,214.83,2026-02-12 04:40:00-05:00,4.510543220220652,1.688032397709812,4.203928687799663,179,expanded
AMD,short,206.569,2026-02-13 10:00:00-05:00,1.2242882523515128,1.414055351964729,-0.12063765618268078,117,expanded
AMD,long,203.2,2026-02-17 06:10:00-05:00,1.2007874015748021,4.685039370078732,-2.381938976377942,165,expanded
AMD,short,202.5699,2026-02-19 14:55:00-05:00,0.330700661845607,0.4986426907452799,-0.22713147412325882,58,expanded
AMD,long,203.29,2026-02-20 06:40:00-05:00,0.7772148162723265,2.3267253677013087,-1.667568498204529,157,expanded
AMD,short,197.42,2026-02-23 06:30:00-05:00,1.6563671360551018,0.9928072130483275,0.6281025225407663,160,core
AMD,long,215.6,2026-02-24 08:25:00-05:00,0.7884972170686535,4.220779220779218,-0.55658627087198,138,core
AMD,long,194.2,2026-03-02 05:05:00-05:00,3.0947476828012457,2.162718846549943,1.3388259526261703,177,expanded
AMD,long,190.3,2026-03-03 05:25:00-05:00,2.627430373095113,1.0930110352075735,0.23646873357855416,174,expanded
AMD,short,193.24,2026-03-04 05:40:00-05:00,2.97039950320845,5.040364313806655,-4.353291244048845,171,expanded
AMD,short,199.85,2026-03-05 07:45:00-05:00,2.486865148861646,1.9714786089567164,-0.12509382036527397,145,core
AMD,short,197.639,2026-03-06 08:25:00-05:00,3.2326109725307286,1.316035802650286,2.8430623510541944,137,core
AMD,long,189.84,2026-03-09 07:15:00-04:00,6.9163506110408735,2.4863042562157602,5.704804045512002,152,expanded
AMD,short,204.26,2026-03-10 05:45:00-04:00,1.6939195143444532,1.1407030255556705,0.3084304318026023,168,expanded
AMD,long,204.0,2026-03-11 06:35:00-04:00,2.553921568627455,1.289068627450987,-0.8083333333333338,156,expanded
AMD,short,203.1203,2026-03-12 08:05:00-04:00,3.1756057863246556,0.24601184618180386,2.8162128551405154,140,expanded
AMD,long,198.92,2026-03-13 07:30:00-04:00,0.6434747637241108,3.343052483410405,-3.0360949125276497,148,expanded
AMD,long,194.01,2026-03-16 05:35:00-04:00,3.1750940673161163,0.25771867429513945,1.4432245760527869,172,expanded
AMD,long,197.108,2026-03-17 08:25:00-04:00,1.0664204395559813,0.9375570753089744,-0.4893256488828537,138,core
AMD,long,198.0,2026-03-18 07:30:00-04:00,2.4545454545454612,1.4848484848484838,0.6464646464646471,149,core
AMD,short,197.01,2026-03-19 08:25:00-04:00,2.121719709659397,4.502309527435158,-4.0555809349779235,138,core
AMD,long,202.87,2026-03-20 06:35:00-04:00,1.6907379109774765,2.2723911864741035,-0.1528072164440293,159,expanded
AMD,long,197.3,2026-03-23 06:50:00-04:00,5.985301571211352,0.7399898631525635,2.8890015205271102,155,expanded
AMD,short,203.13,2026-03-24 07:05:00-04:00,1.7082656426918716,2.4681730911239095,-1.8756461379412213,153,expanded
AMD,long,209.8,2026-03-25 07:20:00-04:00,5.495710200190658,1.5586272640610153,4.7902764537654825,151,core
AMD,short,216.5185,2026-03-26 08:25:00-04:00,6.2204846237157465,2.0698000401813292,5.1813124513609585,138,core
AMD,long,203.66,2026-03-27 05:35:00-04:00,1.8854954335657486,2.931356181871746,-1.8953157222822279,171,core
AMD,short,204.75,2026-03-30 07:50:00-04:00,5.8046398046398,1.7973137973138007,5.406593406593403,144,expanded
AMD,short,200.675,2026-03-31 10:40:00-04:00,2.1253270213031095,2.1303102030646457,-2.10539429425688,111,expanded
AMD,short,206.45,2026-04-01 09:10:00-04:00,0.2954710583676363,3.5747154274642887,-1.9132961976265523,129,expanded
AMD,long,204.76,2026-04-02 04:25:00-04:00,6.358663801523741,2.0218792732955593,6.099824184411022,185,core
AMD,short,219.99,2026-04-06 06:15:00-04:00,1.0273194236101728,2.872857857175323,0.44547479430884046,163,expanded
AMD,long,217.28,2026-04-07 07:30:00-04:00,5.6793078055964665,0.876748895434463,5.532032400589106,149,expanded
AMD,long,231.84,2026-04-08 07:45:00-04:00,0.9316770186335388,2.0488267770876467,-0.923050379572125,146,core
AMD,short,230.6,2026-04-09 08:10:00-04:00,0.23850823937553467,2.818733738074588,-2.276669557675629,138,core
AMD,short,236.14,2026-04-10 05:50:00-04:00,0.0,5.69153891759127,-3.9637503176082043,166,expanded
AMD,long,242.29,2026-04-13 04:25:00-04:00,2.080151884105832,0.49114697263609636,1.8380865904494694,184,core
AMD,short,249.0,2026-04-14 07:35:00-04:00,1.3253012048192818,2.5943775100401636,-1.7265461847389598,148,core
AMD,short,255.2,2026-04-15 10:25:00-04:00,1.3126959247648882,1.2421630094043952,-1.2085815047021884,114,expanded
AMD,short,259.81,2026-04-16 04:25:00-04:00,1.0430699357222506,7.5170316769947165,-6.751087333051084,185,core
AMD,long,277.685,2026-04-17 09:55:00-04:00,0.8516844626105151,0.6392134973080927,-0.20706916109980325,120,expanded
AMD,short,276.49,2026-04-20 07:15:00-04:00,1.6239285326774962,4.021845274693481,0.6386849433975869,151,expanded
AMD,short,277.7,2026-04-21 08:35:00-04:00,0.3889088944904516,3.7090385307886247,-3.637018365142248,136,expanded
AMD,short,290.15,2026-04-22 07:40:00-04:00,1.3820437704635502,4.945717732207487,-4.325348957435813,146,expanded
AMD,long,299.2,2026-04-23 05:05:00-04:00,10.592947860962564,0.30080213903742553,9.859625668449198,177,expanded
AMD,short,345.6624,2026-04-24 10:10:00-04:00,0.9467040673211795,2.1198718749855403,-0.9192784636107324,117,expanded
AMD,long,348.27,2026-04-27 08:25:00-04:00,0.2928762167284115,5.587618801504575,-3.81313348838544,138,core
AMD,long,326.14,2026-04-28 04:35:00-04:00,0.41699883485620093,5.086772551664922,-0.07972036548721129,184,expanded
AMD,long,324.6,2026-04-29 05:00:00-04:00,7.606284658040664,1.7683302526186102,7.208872458410344,179,expanded
AMD,long,341.47,2026-04-30 04:25:00-04:00,3.950566667642824,2.5975927607110445,2.84944504641695,186,core
AMD,long,350.4,2026-05-01 08:05:00-04:00,3.535958904109602,0.6792237442922362,3.26775114155251,142,expanded
AMD,long,358.1,2026-05-04 07:10:00-04:00,1.047193521362748,5.4174811505166245,-4.174811505166167,153,expanded
AMD,long,348.1595,2026-05-05 07:45:00-04:00,19.054628697479178,3.3316626431276406,18.912452482267472,146,expanded
AMD,short,416.0,2026-05-06 04:25:00-04:00,3.355769230769226,3.96394230769231,0.218750000000006,186,core
AMD,long,415.0455,2026-05-07 07:40:00-04:00,1.6057275648091536,3.364811809789534,-1.7167997243675663,147,expanded
AMD,short,415.6,2026-05-08 07:50:00-04:00,0.35851780558229285,11.580846968238689,-10.971968238691044,145,expanded
AMD,short,463.15,2026-05-11 05:45:00-04:00,2.649249703119936,1.8978732592032865,1.1063370398358991,170,expanded
AMD,long,446.96,2026-05-12 04:25:00-04:00,2.6490066225165636,4.664846966171462,-0.4899767316985855,186,expanded
AMD,short,461.48,2026-05-13 04:35:00-04:00,6.24729132356766,0.2556990552136619,3.1572332495449404,184,expanded
AMD,long,435.68,2026-05-14 06:45:00-04:00,4.046547925082629,0.42921410209328054,2.713000367242011,158,expanded
AMD,long,436.03,2026-05-15 04:25:00-04:00,3.392885810609371,3.839185377152937,-3.6396578217095037,186,core
AMD,short,422.87,2026-05-18 06:45:00-04:00,2.875588242249397,3.767115189065199,0.073308581833661,158,expanded
AMD,short,414.5,2026-05-19 07:25:00-04:00,5.1001206272617585,3.4378769601930035,-0.7237635705669482,150,expanded
AMD,short,423.85,2026-05-20 06:30:00-04:00,2.556328889937486,6.025693051787186,-3.7371711690456473,161,expanded
AMD,short,446.62,2026-05-21 04:25:00-04:00,3.3630379293358965,1.327750660516772,-1.3165554610183143,185,core
AMD,short,462.46,2026-05-22 09:00:00-04:00,0.27461834537040647,4.097651688794716,-0.07568222116507865,131,expanded
AMD,short,477.2,2026-05-26 04:25:00-04:00,1.785834031852471,6.831517183570835,-6.517183570829846,186,expanded
AMD,long,511.22,2026-05-27 04:25:00-04:00,1.120848167129615,4.804135205977861,-4.150854817886629,186,core
AMD,long,488.0,2026-05-28 07:25:00-04:00,8.032766393442614,0.4077868852459035,6.909836065573777,150,expanded
AMD,long,522.4,2026-05-29 04:25:00-04:00,0.5838437978560621,3.631316998468601,-1.3916539050535954,183,core
AMD,long,492.49,2026-06-01 05:50:00-04:00,5.07827570102946,1.1553534081910288,2.938496213121073,168,expanded
AMD,long,502.5,2026-06-02 04:25:00-04:00,3.9900497512437716,0.2547263681591986,3.3377114427860795,185,core
AMD,short,540.0,2026-06-03 06:15:00-04:00,3.177222222222229,1.1925925925926026,2.7777777777777777,164,expanded
AMD,short,519.55,2026-06-04 08:25:00-04:00,3.7878741218362,2.4328746030218653,1.0682321239534125,137,core
AMD,short,509.35,2026-06-05 05:45:00-04:00,10.120742122312754,0.5202709335427461,9.924413468145678,168,expanded
AMD,long,485.0299,2026-06-08 09:55:00-04:00,2.0493788114918337,1.5091646927333797,0.9350145217851517,119,expanded
AMD,short,498.21,2026-06-09 04:25:00-04:00,12.239818550410462,1.3628791072037938,5.46155235743963,182,core
AMD,long,462.0,2026-06-10 04:25:00-04:00,3.344134199134202,5.300865800865803,-4.571818181818183,186,core
AMD,short,463.99,2026-06-11 06:30:00-04:00,2.4978986616090935,6.032457596068882,-5.944093622707382,161,expanded
AMD,short,499.602,2026-06-12 07:50:00-04:00,1.8238517860216665,4.425122397428365,-3.007994363513361,145,expanded
ABNB,short,131.81,2025-12-16 09:55:00-05:00,0.48554737880283344,0.9396100447613897,0.2612851832182743,81,expanded
ABNB,short,133.76,2025-12-17 04:30:00-05:00,1.0092703349282255,2.2876794258373225,-0.029904306220110997,103,expanded
ABNB,short,134.2,2025-12-18 08:00:00-05:00,1.05812220566318,0.9016393442623011,0.4619970193740508,92,expanded
ABNB,short,134.65,2025-12-19 10:00:00-05:00,0.1559598960267419,1.7823988117341296,-0.5198663200891115,79,expanded
ABNB,short,135.12,2025-12-22 08:50:00-05:00,0.0,2.5162818235642432,-1.902013025458846,87,expanded
ABNB,short,137.0,2025-12-23 08:30:00-05:00,1.0364963503649545,0.15328467153285252,0.6496350364963404,87,expanded
ABNB,short,136.01,2025-12-24 09:30:00-05:00,0.1470480111756405,1.455775310638937,-0.5661348430262556,43,expanded
ABNB,short,136.71,2025-12-26 09:20:00-05:00,0.4096262160778306,0.36668861092823224,-0.08046229244384845,83,expanded
ABNB,long,136.53,2025-12-29 08:00:00-05:00,0.4614370468028971,0.3881930711199012,0.18310993920750018,87,core
ABNB,long,136.98,2025-12-30 10:40:00-05:00,0.32121477587968883,0.20440940283253115,-0.20440940283253115,68,expanded
ABNB,short,136.535,2025-12-31 09:55:00-05:00,0.758047387116854,0.0,0.10781118394550702,80,core
ABNB,short,133.3,2026-01-02 10:30:00-05:00,0.7201800450112588,0.40510127531882373,0.5026256564141155,69,expanded
ABNB,long,134.64,2026-01-05 09:55:00-05:00,2.4658348187760115,0.02228163992867849,0.6387403446227078,75,expanded
ABNB,long,137.06,2026-01-06 13:30:00-05:00,0.9630818619582615,0.06566467240624792,0.7026849554939422,32,expanded
ABNB,short,137.84,2026-01-07 09:55:00-05:00,1.8235635519442808,1.2405687753917642,0.4352872896111392,77,core
ABNB,long,137.28,2026-01-08 05:15:00-05:00,1.2529137529137522,1.9886363636363562,1.2529137529137522,88,expanded
ABNB,short,140.14,2026-01-09 04:10:00-05:00,1.5912658769801555,0.8991008991009131,0.6208077636648895,98,expanded
ABNB,short,139.27,2026-01-12 04:10:00-05:00,1.6191570331011873,0.6964888346377531,0.8831765635097423,95,expanded
ABNB,long,138.0,2026-01-13 07:50:00-05:00,1.5869565217391288,1.0869565217391304,1.4999999999999951,83,expanded
ABNB,short,139.78,2026-01-14 08:05:00-05:00,6.889397624839029,0.014308198597803856,5.065102303619983,96,expanded
ABNB,short,133.14,2026-01-15 06:40:00-05:00,0.9088177857893793,1.7725702268289123,0.4055881027489801,98,expanded
ABNB,short,133.7,2026-01-16 04:50:00-05:00,2.8795811518324568,0.0,2.2737471952131583,90,expanded
ABNB,long,130.33,2026-01-20 15:25:00-05:00,0.5217524744878219,0.13642292641757003,0.5217524744878219,15,expanded
ABNB,short,131.575,2026-01-21 10:05:00-05:00,0.08360250807523104,2.5802774083222575,-1.2350370511115336,75,expanded
ABNB,short,136.38,2026-01-22 10:05:00-05:00,2.1044141369702336,0.09532189470596529,1.8917729872415194,75,expanded
ABNB,long,133.03,2026-01-23 09:15:00-05:00,1.3455611516199295,0.9922573855521261,0.27813275201082804,86,expanded
ABNB,short,132.12,2026-01-26 06:50:00-05:00,0.7114744171964863,1.8089615501059537,-0.07341810475326098,81,expanded
ABNB,short,133.39,2026-01-27 08:10:00-05:00,1.7842416972786532,0.07496813854113708,1.0170177674488239,86,expanded
ABNB,short,133.53,2026-01-28 10:20:00-05:00,1.669287800494281,0.17973489103572912,1.4828128510447014,74,expanded
ABNB,long,130.85,2026-01-29 11:05:00-05:00,0.8712265953381848,0.573175391669851,0.49675200611387527,63,expanded
ABNB,short,130.8,2026-01-30 08:00:00-05:00,1.330275229357805,0.6345565749235351,1.1238532110091732,90,expanded
ABNB,short,128.87,2026-02-02 04:40:00-05:00,0.37246837898658974,2.801272600294859,-1.885621168619544,88,expanded
ABNB,short,126.03,2026-02-03 11:20:00-05:00,4.7052289137507,0.003967309370781126,3.1183051654368064,65,expanded
ABNB,long,122.57,2026-02-04 10:15:00-05:00,2.398629354654493,0.05711022272986309,1.4543526148323427,83,expanded
ABNB,short,122.46,2026-02-05 09:55:00-05:00,1.363710599379379,0.36338396211008284,0.9717458762044731,83,expanded
ABNB,short,121.05,2026-02-06 09:55:00-05:00,1.065675340768271,1.0326311441553078,-0.7847996695580362,84,expanded
ABNB,short,121.1165,2026-02-09 08:15:00-05:00,0.7154268823818407,1.1340321095804393,0.01362324703901428,84,expanded
ABNB,short,120.9001,2026-02-10 08:00:00-05:00,1.2821329345467873,0.8105038788222678,0.29784921600560177,90,core
ABNB,short,120.77,2026-02-11 08:30:00-05:00,2.1858905357290697,1.3082719218348913,1.2783803924815713,92,expanded
ABNB,short,120.45,2026-02-12 09:55:00-05:00,8.459941884599417,3.7359900373599,-0.4649232046492339,117,expanded
ABNB,long,120.525,2026-02-13 11:10:00-05:00,2.003733665214679,0.7176934246007127,1.0163866417755605,72,expanded
ABNB,short,125.86,2026-02-17 10:05:00-05:00,2.112903225806453,0.7865882726839305,1.45399650405212,80,expanded
ABNB,long,124.14,2026-02-18 05:25:00-05:00,1.514419204124372,1.3210085387465742,0.04833252779120531,94,expanded
ABNB,short,124.19,2026-02-19 09:55:00-05:00,0.8334004348176154,1.4896529511232857,0.6361220710202046,92,expanded
ABNB,short,125.64,2026-02-20 09:55:00-05:00,0.29847182425978985,1.8783826806749437,-1.6563992359121351,84,core
ABNB,short,121.365,2026-02-23 10:45:00-05:00,1.1741441107403265,1.3471758744283815,-0.9351954846949327,72,expanded
ABNB,long,126.07,2026-02-24 13:10:00-05:00,0.39660506068057433,0.4917902752439045,-0.372808757039739,39,expanded
ABNB,long,125.81,2026-02-25 08:05:00-05:00,5.055242031634993,0.2502980685160231,4.959860106509824,97,expanded
ABNB,short,137.39,2026-02-26 11:20:00-05:00,1.68134507606083,0.04367130067690682,0.9440279496324311,65,expanded
ABNB,short,136.05,2026-02-27 07:00:00-05:00,2.9621462697537675,0.6762219772142503,1.5067989709665646,98,expanded
ABNB,short,132.1,2026-03-02 04:25:00-05:00,2.6570779712339068,2.278576835730522,-0.7563209689629058,113,expanded
ABNB,long,134.13,2026-03-03 14:50:00-05:00,0.022366360993067276,3.079102363378808,-1.1406844106463887,17,expanded
ABNB,short,133.02,2026-03-04 05:40:00-05:00,0.5412719891745593,3.6949330927679984,-1.894451962110947,96,expanded
ABNB,short,134.88,2026-03-05 07:05:00-05:00,0.26690391459073637,3.054567022538556,-0.4893238434163676,91,expanded
ABNB,short,134.7,2026-03-06 06:45:00-05:00,2.76540460282108,0.0,1.2620638455827682,87,expanded
ABNB,long,130.3,2026-03-09 06:00:00-04:00,3.069838833461243,1.485034535686878,2.4558710667689856,86,expanded
ABNB,long,132.66,2026-03-10 14:45:00-04:00,0.3505201266395322,0.3542891602593087,-0.19598974822854737,17,expanded
ABNB,long,132.87,2026-03-11 09:30:00-04:00,1.1515014675999105,1.0160307067057983,0.3913599759162955,78,expanded
ABNB,short,132.011,2026-03-12 08:00:00-04:00,4.466294475460379,0.9309830241419378,3.2656369544962107,87,expanded
ABNB,long,128.59,2026-03-13 09:55:00-04:00,0.038883272416193285,2.5641185162143274,-2.0141535111595017,78,expanded
ABNB,long,126.77,2026-03-16 06:35:00-04:00,1.9444663563934823,0.49696300386526426,0.8756014830007095,89,expanded
ABNB,long,128.97,2026-03-17 08:30:00-04:00,3.5434597193145643,0.0,1.5740094595642407,84,expanded
ABNB,short,132.29,2026-03-18 06:35:00-04:00,1.7310454304936065,1.2926147101065901,0.9675712449920638,91,expanded
ABNB,long,130.31,2026-03-19 09:55:00-04:00,0.8364668866549024,1.1894712608395452,0.5602025938147416,75,core
ABNB,long,127.92,2026-03-20 14:55:00-04:00,1.6061601000625454,0.1719824890556589,1.6061601000625454,21,expanded
ABNB,short,132.97,2026-03-23 14:00:00-04:00,0.6542829209596184,0.18801233360908476,0.6542829209596184,29,expanded
ABNB,long,129.56,2026-03-24 10:25:00-04:00,1.8832973139857963,0.8799012040753432,1.7675208397653537,73,expanded
ABNB,long,130.87,2026-03-25 07:35:00-04:00,1.5779017345457305,0.7488347214793445,0.09933521815541793,86,expanded
ABNB,short,133.0,2026-03-26 06:00:00-04:00,1.9699248120300785,1.3759398496240696,1.4060150375939884,91,expanded
ABNB,short,131.14,2026-03-27 06:00:00-04:00,6.67988409333536,0.0,6.3367393625133355,96,expanded
ABNB,short,123.12,2026-03-30 07:05:00-04:00,0.2934535412605588,2.3879142300194913,0.2934535412605588,91,expanded
ABNB,short,125.16,2026-03-31 09:55:00-04:00,1.5939597315436167,1.51406200063919,-0.6711409395973182,76,core
ABNB,short,123.62,2026-04-01 09:55:00-04:00,0.14560750687591556,2.960685973143501,-1.1972172787574742,77,expanded
ABNB,long,122.51,2026-04-02 10:15:00-04:00,2.9956738225450996,0.13060158354420928,1.9916741490490553,72,expanded
ABNB,long,126.15,2026-04-06 13:35:00-04:00,0.6341656757827959,0.2457391993658361,0.372572334522393,29,expanded
ABNB,short,126.11,2026-04-07 07:25:00-04:00,2.342240900800889,1.8000158591705622,-1.8000158591705622,95,expanded
ABNB,short,133.68,2026-04-08 09:55:00-04:00,2.1394374625972574,0.1047277079592956,1.705565529622981,78,expanded
ABNB,short,127.485,2026-04-09 09:55:00-04:00,0.5373181158567693,2.4355806565478324,-1.2746597638938026,80,core
ABNB,long,126.93,2026-04-10 10:15:00-04:00,1.6150634207830954,0.09454029780194166,1.2369022295753511,70,expanded
ABNB,short,127.25,2026-04-13 08:00:00-04:00,1.4852652259332026,3.0333988212180856,-2.2003929273084566,87,expanded
ABNB,short,130.1,2026-04-14 08:10:00-04:00,0.0,3.504996156802462,-2.3322828593389717,85,expanded
ABNB,short,132.98,2026-04-15 08:05:00-04:00,0.0,3.942773349375845,-3.767483832155226,85,expanded
ABNB,short,137.9509,2026-04-16 07:35:00-04:00,0.7545438268253368,1.4491387877860882,-0.013845505901018969,87,expanded
ABNB,long,138.5,2026-04-17 04:45:00-04:00,3.465703971119142,0.4981949458483738,2.185198555956678,94,expanded
ABNB,short,140.3,2026-04-20 06:20:00-04:00,0.21382751247327964,2.5445473984319267,-2.3592302209550975,93,expanded
ABNB,short,143.865,2026-04-21 14:05:00-04:00,1.171236923504676,0.7541792652834112,0.6221110068467036,26,expanded
ABNB,long,145.86,2026-04-22 05:05:00-04:00,0.9529686000274141,2.132181543946259,-1.117509941039369,109,expanded
ABNB,long,142.1,2026-04-23 09:55:00-04:00,0.9077410274454731,1.6115411681914091,-0.5629838142153293,82,core
ABNB,long,142.12,2026-04-24 07:05:00-04:00,0.6191950464396252,2.4345623416830904,-0.4573599774838205,86,expanded
ABNB,short,142.03,2026-04-27 07:15:00-04:00,1.429275505174964,1.1546856297965122,0.7251989016404993,86,expanded
ABNB,long,139.46,2026-04-28 10:25:00-04:00,0.7959271475691847,4.632152588555863,-1.7639466513695738,82,expanded
ABNB,long,138.93,2026-04-29 12:55:00-04:00,1.346001583531278,0.4282732311235866,0.14395738861296237,41,expanded
ABNB,short,139.15,2026-04-30 09:55:00-04:00,0.36651095939634876,1.4660438375853337,-0.6314049586776901,78,core
ABNB,long,141.22,2026-05-01 09:30:00-04:00,1.600269083699184,0.6165557286503324,0.042486899872540916,80,expanded
ABNB,long,141.395,2026-05-04 10:25:00-04:00,0.4278793450970612,2.13232433961598,-1.7504155026698416,71,expanded
ABNB,short,139.78,2026-05-05 15:20:00-04:00,1.2734296752038927,0.2289311775647397,0.5580197453140658,11,expanded
ABNB,long,140.65,2026-05-06 10:10:00-04:00,0.959829363668677,1.2086740135087215,-0.4337006754354878,80,expanded
ABNB,long,140.37,2026-05-07 05:50:00-04:00,6.789199971503883,7.387618436987964,-0.9688679917361356,136,expanded
ABNB,short,134.28,2026-05-20 12:45:00-04:00,0.2606493893357122,1.6234733392910385,-0.12652666070897572,50,expanded
ABNB,short,132.65,2026-05-21 09:55:00-04:00,1.8846588767433095,1.824349792687514,-0.9531850735016922,76,core
ABNB,long,134.04,2026-05-22 08:30:00-04:00,1.5443151298120126,1.7232915547597725,-1.5219337511190631,81,expanded
ABNB,short,134.195,2026-05-26 10:25:00-04:00,1.4382055963336986,0.12295540072284397,1.2630872983345083,69,expanded
ABNB,short,132.94,2026-05-27 10:00:00-04:00,0.7597412366481051,1.229878140514511,0.4598315029336542,77,expanded
ABNB,long,131.29,2026-05-28 09:25:00-04:00,2.5896869525477992,1.2144108462182794,2.4449691522583654,87,expanded
ABNB,short,133.54,2026-05-29 08:30:00-04:00,0.5766062602965267,1.6549348509809856,0.3594428635614721,91,expanded
ABNB,long,133.01,2026-06-01 04:25:00-04:00,3.7816705510863855,0.7029546650627789,3.0340575896549256,90,expanded
ABNB,long,137.104,2026-06-02 07:15:00-04:00,0.0,3.8394211693313176,-2.008694130003515,86,expanded
ABNB,long,132.985,2026-06-03 10:35:00-04:00,1.364815580704589,0.2519081099372169,0.8008422002481465,76,expanded
ABNB,short,136.24,2026-06-04 09:55:00-04:00,2.2386964180857394,0.730328831473873,1.9382706987668887,83,core
ABNB,short,135.4899,2026-06-05 10:00:00-04:00,2.465054590784996,0.2510150203077917,2.465054590784996,80,expanded
ABNB,long,135.015,2026-06-08 10:00:00-04:00,1.025811946820738,1.4702070140354668,-0.5221642039773241,76,core
ABNB,short,134.43,2026-06-09 09:00:00-04:00,2.83790820501376,1.4728855166257455,2.3209105110466446,83,expanded
ABNB,long,131.42,2026-06-10 09:55:00-04:00,0.3195860599604443,2.1457921168771827,-1.765332521686192,82,expanded
ABNB,long,129.52,2026-06-11 09:55:00-04:00,1.1272390364422324,1.7140210006176753,1.0423100679431703,75,expanded
ABNB,short,131.0,2026-06-12 04:30:00-04:00,1.660305343511459,1.3129770992366403,-1.0228244274809162,91,expanded
NEM,long,99.7365,2025-12-15 14:55:00-05:00,0.23411689802629154,0.5720072390749723,-0.4577060554561323,36,expanded
NEM,long,99.51,2025-12-16 10:05:00-05:00,0.3215757210330551,2.4017686664656823,-0.9345794392523433,95,expanded
NEM,long,99.34,2025-12-17 10:05:00-05:00,0.9445339238977231,1.4898328971210026,-0.765049325548626,102,expanded
NEM,short,97.96,2025-12-18 08:25:00-05:00,0.06124948958757459,2.9406900775826914,-0.8677011024908212,108,core
NEM,short,101.72,2025-12-19 15:20:00-05:00,0.5308690523004247,0.6291781360597725,0.1179709005112117,32,expanded
NEM,long,105.03,2025-12-22 09:55:00-05:00,0.6188707988193903,2.1041607159859166,-0.02856326763781885,101,core
NEM,long,105.73,2025-12-23 09:30:00-05:00,0.08512248179323673,2.298307008417674,-0.056748321195500114,103,expanded
NEM,long,104.0,2025-12-24 10:25:00-05:00,0.8846153846153862,0.207115384615387,0.7261538461538481,39,expanded
NEM,short,106.05,2025-12-26 04:05:00-05:00,1.4144271570014144,0.4148986327204128,0.04714757190004447,132,expanded
NEM,short,102.5725,2025-12-29 08:25:00-05:00,4.779546174656954,0.14029101367324373,2.42998854468791,124,core
NEM,short,101.81,2025-12-30 09:25:00-05:00,1.4827620076613357,0.8839996071112773,0.8938218249680744,99,expanded
NEM,short,100.55,2025-12-31 08:25:00-05:00,1.0343112879164515,0.8826454500248662,0.5911486822476313,110,core
NEM,long,101.02,2026-01-02 08:55:00-05:00,0.920609780241543,2.781627400514752,0.27717283706196905,100,expanded
NEM,short,102.3,2026-01-05 08:30:00-05:00,0.0,3.4799608993157407,-0.8993157380254172,112,core
NEM,short,108.44,2026-01-06 12:40:00-05:00,0.8760604942825552,1.226484691995572,0.13832534120250045,77,expanded
NEM,short,105.8304,2026-01-07 08:25:00-05:00,1.2571057087566497,3.0516751330430623,-1.0012246008708303,120,core
NEM,short,105.8798,2026-01-08 08:25:00-05:00,1.3976225871223757,1.0192690201530417,-0.11352495943513019,121,core
NEM,short,106.28,2026-01-09 08:25:00-05:00,0.25404591644711705,2.6439593526533707,-2.606322920587125,107,expanded
NEM,long,113.29,2026-01-12 11:50:00-05:00,0.10592285285549505,1.138670668196669,-0.7062406214140704,72,expanded
NEM,long,114.785,2026-01-13 09:55:00-05:00,0.18730670383761244,1.52023347998431,-0.5357842923726924,103,core
NEM,long,116.1,2026-01-14 08:30:00-05:00,0.1806201550387702,3.4022394487510668,-1.9465977605512412,111,core
NEM,long,112.96,2026-01-15 09:20:00-05:00,1.7793909348441974,0.7613314447592063,0.9737960339943419,116,expanded
NEM,short,113.005,2026-01-16 10:00:00-05:00,1.5264811291535723,1.3229503119331043,-1.1105703287465243,87,core
NEM,short,117.2,2026-01-20 08:25:00-05:00,0.40955631399317743,2.0392491467576797,-2.0392491467576797,127,core
NEM,short,121.68,2026-01-21 07:05:00-05:00,3.767422748191987,0.879355687047989,3.0243261012491836,148,expanded
NEM,short,118.85,2026-01-22 08:25:00-05:00,0.6310475389145982,3.862010938157344,-3.819941102229707,124,core
NEM,long,122.45,2026-01-23 08:25:00-05:00,1.8129848917925673,0.5798285014291612,1.723152307064107,114,core
NEM,short,129.93,2026-01-26 07:55:00-05:00,4.563995997844998,0.4233048564611583,4.363888247517895,144,expanded
NEM,short,127.42,2026-01-27 05:10:00-05:00,4.598964055878198,0.13341704598964188,0.36265892324596344,155,expanded
NEM,short,129.0,2026-01-28 08:25:00-05:00,0.7751937984496124,4.007751937984486,-3.1162015503876024,133,core
NEM,short,132.78,2026-01-29 05:10:00-05:00,6.921223075764421,1.581563488477176,3.336345835216152,167,expanded
NEM,long,116.07,2026-01-30 05:10:00-05:00,5.5397604893598755,4.152666494356848,-2.6449556302231354,168,expanded
NEM,long,112.2532,2026-02-02 08:25:00-05:00,3.6139726974375743,1.5974600278655868,2.4469681042500286,129,core
NEM,short,118.65,2026-02-03 06:45:00-05:00,3.2798988621997567,0.6321112515802781,0.0,137,expanded
NEM,short,119.79,2026-02-04 08:05:00-05:00,5.242507721846565,0.8180983387594872,1.2104516236747664,126,core
NEM,short,113.92,2026-02-05 08:25:00-05:00,9.585674157303373,1.2419241573033706,6.504564606741569,135,core
NEM,long,110.42,2026-02-06 07:30:00-05:00,4.6096721608404305,2.1825756203586275,4.280112298496651,125,expanded
NEM,short,118.51,2026-02-09 10:20:00-05:00,0.24470508817821807,2.1939076871150065,0.13500970382247135,100,core
NEM,long,119.228,2026-02-10 08:20:00-05:00,2.0985003522662544,0.4260744120508569,1.6901231254403362,111,expanded
NEM,short,123.78,2026-02-11 08:30:00-05:00,1.9259169494263995,1.1471966391985795,0.3877847794474099,119,expanded
NEM,short,123.1,2026-02-12 08:30:00-05:00,4.467912266450041,1.9740048740861147,3.5743298131600256,117,core
NEM,short,122.34,2026-02-13 10:00:00-05:00,0.11443518064410704,3.3104462972045097,-2.7055746280856647,90,core
NEM,short,121.29,2026-02-17 08:50:00-05:00,2.6300601863302924,1.937505152939232,-0.5287327891829391,106,expanded
NEM,short,126.84,2026-02-18 11:20:00-05:00,3.035320088300227,0.32324187953326755,2.4361400189214786,89,expanded
NEM,long,124.3192,2026-02-19 08:55:00-05:00,3.564051248721038,2.951434693916941,-2.766427068385253,132,core
NEM,short,120.87,2026-02-20 07:25:00-05:00,2.1179779928849194,3.9386117316124736,-1.2244560271365845,129,core
NEM,short,124.36,2026-02-23 10:10:00-05:00,1.8977163074943706,0.4744290768735955,0.2894821486008358,103,expanded
NEM,short,121.9342,2026-02-24 08:45:00-05:00,2.3079660997488807,2.317479427428893,-1.038100877358443,115,core
NEM,short,125.08,2026-02-25 08:45:00-05:00,1.539015030380554,1.5110329389190924,0.2558362647905286,110,expanded
NEM,short,123.01,2026-02-26 10:30:00-05:00,0.19510608893586626,3.999674823185108,-2.829038289569945,86,expanded
NEM,short,129.0,2026-02-27 08:50:00-05:00,0.10077519379844609,1.7131782945736493,-0.8217054263565908,111,expanded
NEM,long,133.13,2026-03-02 07:25:00-05:00,1.7877262825809326,6.534965822879883,-3.1022309021257386,124,expanded
NEM,long,121.1,2026-03-03 06:55:00-05:00,7.052023121387277,4.31048720066061,-0.9661436829066785,145,expanded
NEM,short,121.54,2026-03-04 08:25:00-05:00,2.1885798913937884,0.6064670067467484,1.6949152542372898,116,core
NEM,short,117.7,2026-03-05 08:40:00-05:00,3.0501274426508096,1.4188615123194577,1.5189464740866645,107,core
NEM,long,114.29,2026-03-06 08:30:00-05:00,2.8786420509230832,1.0237116108145958,1.5631288826668908,110,expanded
NEM,short,112.47,2026-03-09 04:05:00-04:00,2.818529385613943,4.134435849559888,-2.69405174713257,166,expanded
NEM,short,117.01,2026-03-10 07:40:00-04:00,1.5212375010682855,2.8459106059311154,-1.0255533715066991,118,expanded
NEM,long,115.33,2026-03-11 10:00:00-04:00,1.1532125205930792,1.4913725830226296,-0.39885545825023305,93,expanded
NEM,short,115.84,2026-03-12 09:55:00-04:00,1.830110497237573,1.0358252762430935,1.0030214088397815,93,expanded
NEM,short,113.55,2026-03-13 09:50:00-04:00,4.183179216204316,0.10568031704095512,3.7076177895200297,94,expanded
NEM,short,108.89,2026-03-16 08:25:00-04:00,0.587749104600974,2.984663421801818,-1.0469280925704845,101,core
NEM,short,109.73,2026-03-17 04:45:00-04:00,0.11847261459948023,2.588170965096135,-1.3214253166864147,118,expanded
NEM,short,106.5,2026-03-18 09:55:00-04:00,3.1267605633802797,1.4694835680751153,2.656525821596244,103,core
NEM,short,96.7286,2026-03-19 09:00:00-04:00,1.2184607241291645,3.1649377743500953,-2.0277353337068846,118,expanded
NEM,short,100.15,2026-03-20 08:25:00-04:00,5.801298052920621,0.2496255616575137,4.343484772840747,127,core
NEM,short,89.254,2026-03-23 08:00:00-04:00,2.637416810451071,12.723239294597436,-9.799000605014896,128,expanded
NEM,long,97.5162,2026-03-24 08:30:00-04:00,5.6952588390441745,2.1495915550441835,5.6298338122281315,129,core
NEM,long,103.56,2026-03-25 08:25:00-04:00,0.4055619930475103,2.520278099652375,-2.3271533410583203,108,core
NEM,long,101.515,2026-03-26 10:30:00-04:00,0.3891050583657548,2.743436930502878,-1.2560705314485494,87,expanded
NEM,short,99.0,2026-03-27 09:10:00-04:00,0.4949494949494898,4.545454545454546,-3.2424242424242364,102,expanded
NEM,short,104.295,2026-03-30 09:55:00-04:00,2.3634881825590903,0.7239081451651521,2.0279016251977517,92,core
NEM,short,106.44,2026-03-31 10:55:00-04:00,0.7234122510334423,2.881529500187896,-2.8372792183389666,97,expanded
NEM,short,111.48,2026-04-01 09:55:00-04:00,0.04036598493003382,3.6688195191962585,-3.008970218873339,97,core
NEM,short,113.815,2026-04-02 11:00:00-04:00,0.7819707419935866,0.5271712867372566,-0.1755480384835006,79,expanded
NEM,long,112.675,2026-04-06 10:15:00-04:00,0.7777235411581989,0.35944086975815503,0.0310627912136646,82,expanded
NEM,short,112.91,2026-04-07 08:30:00-04:00,1.3639181649100984,7.164998671508284,-4.6762908511203625,121,core
NEM,short,121.45,2026-04-08 04:25:00-04:00,4.067517496912307,0.576368876080694,3.6640592836558272,144,expanded
NEM,long,118.64,2026-04-09 11:00:00-04:00,0.7333108563722223,0.6872049898853619,0.3118678354686485,69,expanded
NEM,long,121.17,2026-04-10 10:35:00-04:00,0.3755054881571332,0.7625649913344942,-0.5299991747132149,75,expanded
NEM,long,115.76,2026-04-13 11:30:00-04:00,1.205079474775394,0.22460262612301754,1.0193503800967456,69,expanded
NEM,long,118.4,2026-04-14 09:30:00-04:00,1.5371621621621563,0.8023648648648672,0.6756756756756733,94,expanded
NEM,short,115.11,2026-04-15 09:45:00-04:00,1.8417166188862866,0.9729823646946439,1.3986621492485445,99,expanded
NEM,short,114.1,2026-04-16 10:05:00-04:00,1.2620508326029778,0.595968448729191,0.5083260297984209,89,expanded
NEM,long,115.53,2026-04-17 09:55:00-04:00,2.1639401021379725,0.0,0.8396087596295324,92,core
NEM,long,114.69,2026-04-20 09:30:00-04:00,0.3923620193565288,1.2758740953875698,0.2354172116139123,90,core
NEM,long,110.39,2026-04-21 15:35:00-04:00,0.9692906966210646,1.1050819820635887,0.9692906966210646,29,expanded
NEM,long,111.905,2026-04-22 09:55:00-04:00,0.8444662883695931,0.27255261159019417,-0.040212680398553864,79,expanded
NEM,short,110.93,2026-04-23 04:05:00-04:00,3.82223023528352,3.218245740557102,-1.2800865410619195,150,expanded
NEM,short,113.5,2026-04-24 08:45:00-04:00,1.6211453744493423,6.458149779735681,-6.0792951541850275,106,expanded
NEM,long,118.035,2026-04-27 10:05:00-04:00,0.3092303130427493,1.944338543652308,-1.7240648960054192,85,expanded
NEM,short,111.88,2026-04-28 09:55:00-04:00,2.3775473721844804,0.3575259206292507,1.7965677511619513,95,core
NEM,long,108.17,2026-04-29 09:55:00-04:00,0.15789960247758142,1.2018119626513795,-0.9854858093741357,90,core
NEM,long,110.45,2026-04-30 10:10:00-04:00,1.2222725215029373,0.19918515165233036,0.9506564056133971,92,expanded
NEM,long,110.525,2026-05-01 09:55:00-04:00,1.5426374123501454,1.9678805700067958,-1.5426374123501583,90,core
NEM,short,110.0299,2026-05-04 10:20:00-04:00,2.058440478451764,0.11824058733126065,1.3326377648257464,80,expanded
NEM,long,110.135,2026-05-05 10:05:00-04:00,0.22245426068006566,1.2121487265628619,-0.38589004403687416,84,expanded
NEM,short,116.85,2026-05-06 07:25:00-04:00,2.682926829268285,0.0,1.3350449293966522,119,expanded
NEM,short,118.19,2026-05-07 09:05:00-04:00,4.306624925966667,1.3283695744140853,3.595904898891615,100,expanded
NEM,short,115.98,2026-05-08 10:15:00-04:00,0.732884980169002,0.7415071564062764,-0.3707535782031321,81,expanded
NEM,short,119.7787,2026-05-11 10:10:00-04:00,0.0990994225183643,1.3118359107253574,-1.2700922618128236,85,expanded
NEM,long,118.065,2026-05-12 11:00:00-04:00,1.8167958328039608,2.0793630627196866,1.2069622665480855,68,expanded
NEM,long,118.545,2026-05-13 10:10:00-04:00,1.7630435699523415,0.12231641992491966,0.3500780294402902,81,core
NEM,long,119.09,2026-05-14 04:05:00-04:00,0.7137459064572964,3.0746494248047753,-2.2420018473423475,97,expanded
NEM,short,109.65,2026-05-15 09:55:00-04:00,1.07615139078888,1.0168718650250752,0.40127678978569253,94,core
NEM,short,110.525,2026-05-18 10:20:00-04:00,1.4340646912463315,0.0769056774485354,0.20357385206967518,82,expanded
NEM,long,104.765,2026-05-19 11:30:00-04:00,1.3458693265880748,0.34839879730825646,0.510666730301147,67,expanded
NEM,long,105.6,2026-05-20 10:05:00-04:00,2.244318181818186,0.9913825757575699,1.5625000000000056,85,expanded
NEM,short,107.71,2026-05-21 09:55:00-04:00,2.8688144090613585,1.763995914956834,-0.5570513415653222,87,core
NEM,long,106.375,2026-05-22 10:25:00-04:00,2.5240893066980044,0.0,1.151586368977668,77,core
NEM,short,110.49,2026-05-26 09:55:00-04:00,0.3710743053669985,1.2037288442392962,-1.0498687664042095,87,core
NEM,short,108.2,2026-05-27 10:45:00-04:00,1.0442698706099873,0.2957486136783671,0.6007393715342012,81,expanded
NEM,short,107.08,2026-05-28 10:55:00-04:00,0.2895031751961172,1.5166230855435143,-1.309581621217778,71,expanded
NEM,short,108.73,2026-05-29 04:05:00-04:00,1.2034397130506846,2.9430699898831993,-0.7852478616757036,111,core
NEM,long,106.4,2026-06-01 09:55:00-04:00,2.048872180451121,1.1090225563909837,1.5263157894736796,85,core
NEM,short,109.26,2026-06-02 11:50:00-04:00,0.3477942522423665,0.5949112209408671,-0.036609921288661945,67,expanded
NEM,long,107.43,2026-06-03 09:55:00-04:00,1.3590244810574268,0.3909522479754274,0.6236619193893581,79,expanded
NEM,short,107.9,2026-06-04 04:20:00-04:00,1.1121408711770184,2.2613531047265965,-0.09267840593141272,117,expanded
NEM,long,107.5,2026-06-05 04:20:00-04:00,0.0,8.000093023255813,-7.279999999999993,118,core
NEM,short,99.91,2026-06-08 09:55:00-04:00,1.2611350215193584,0.3503152837553884,0.7857071364227771,83,core
NEM,short,99.87,2026-06-09 09:55:00-04:00,4.926404325623312,0.28036447381596186,2.0827075197757066,83,core
NEM,short,96.41,2026-06-10 10:10:00-04:00,5.352141893994395,0.38377761642983566,4.31003007986723,95,expanded
NEM,short,93.29,2026-06-11 08:15:00-04:00,1.3613463393718621,5.263157894736838,-5.23100010719262,116,expanded
NEM,long,98.73,2026-06-12 09:30:00-04:00,1.995340828522231,1.377494176035652,1.5699382153347485,93,expanded
GILD,short,120.06,2025-12-15 15:10:00-05:00,0.5580543061802447,0.1082791937364613,-0.06663334999166941,19,core
GILD,long,120.53,2025-12-16 09:30:00-05:00,0.9209325479133821,1.9580187505185427,-1.4519206836472247,83,core
GILD,short,118.75,2025-12-17 09:55:00-05:00,0.0884210526315823,2.795789473684205,-2.736842105263158,76,core
GILD,long,121.01,2025-12-18 09:10:00-05:00,1.0577638211718048,0.11569291794066652,-0.11569291794066652,86,expanded
GILD,long,120.1,2025-12-19 06:50:00-05:00,5.137302248126572,0.08326394671106938,3.893921731890098,94,expanded
GILD,short,124.1,2025-12-22 13:20:00-05:00,0.3303787268331963,0.4678485092667236,0.07155519742142788,37,expanded
GILD,short,126.85,2025-12-23 10:10:00-05:00,1.5687820260149743,0.11824990145841993,1.2928655892786762,73,expanded
GILD,short,125.19,2025-12-24 08:05:00-05:00,0.055915009186031775,0.8467129962457083,-0.3834172058471156,44,core
GILD,long,124.96,2025-12-26 10:40:00-05:00,0.09603072983355038,0.6201984635083159,0.0,65,expanded
GILD,short,124.79,2025-12-29 10:00:00-05:00,0.47279429441461923,0.16828271496112968,-0.16828271496112968,73,expanded
GILD,long,124.6,2025-12-30 09:25:00-05:00,0.32102728731942676,1.484751203852323,-1.484751203852323,84,expanded
GILD,short,122.96,2025-12-31 15:35:00-05:00,0.33815875081326463,0.10572543916721672,0.33815875081326463,10,expanded
GILD,long,122.74,2026-01-02 08:25:00-05:00,0.0,1.262832002607135,-1.1732116669382417,86,expanded
GILD,long,121.22,2026-01-05 07:15:00-05:00,0.3132321399109056,3.580267282626632,-2.738821976571517,89,expanded
GILD,short,121.915,2026-01-06 14:30:00-05:00,0.47164007710290184,0.06972070704998871,0.34040109912644567,22,expanded
GILD,short,123.53,2026-01-07 10:25:00-05:00,0.5666639682668201,0.8176151542135555,-0.558568768720147,72,expanded
GILD,short,124.22,2026-01-08 07:00:00-05:00,3.4535501529544295,0.7164707776525524,2.9222347448075956,88,expanded
GILD,short,120.48,2026-01-09 09:10:00-05:00,0.9545152722443606,1.892430278884463,-0.5146082337317317,85,expanded
GILD,short,120.41,2026-01-12 05:20:00-05:00,0.8221908479362137,3.3801179304044573,-1.4035379121335418,96,expanded
GILD,short,122.51,2026-01-13 09:55:00-05:00,1.0693004652681433,1.057056566810874,0.6121949228634397,76,core
GILD,short,121.32,2026-01-14 05:20:00-05:00,0.13188262446422405,2.546983184965384,-2.116633696010558,90,expanded
GILD,short,123.73,2026-01-15 09:55:00-05:00,2.4084700557665917,0.29903822840054173,2.206417198739193,78,core
GILD,long,124.48,2026-01-16 14:50:00-05:00,0.5141388174807203,0.44987146529563166,0.2271850899742887,20,expanded
GILD,short,123.8938,2026-01-20 08:00:00-05:00,1.3025671986814495,1.893718652587939,-0.45700430530018044,89,expanded
GILD,short,127.74,2026-01-21 14:25:00-05:00,0.0,1.4465320181618855,-0.7123845310787622,28,core
GILD,short,129.32,2026-01-22 09:25:00-05:00,0.24744819053510145,2.922981750695949,-1.6393442622950856,86,expanded
GILD,short,131.14,2026-01-23 07:45:00-05:00,0.10675613847795208,3.9347262467592086,-3.5610797620863326,95,core
GILD,short,135.9601,2026-01-26 10:15:00-05:00,0.11775513551402206,1.8239910091269325,-1.8239910091269325,72,expanded
GILD,short,139.37,2026-01-27 09:55:00-05:00,0.32288153835116384,1.6789839994259907,-0.8825428714931404,79,expanded
GILD,short,140.86,2026-01-28 06:50:00-05:00,1.5405367031094817,0.09229021723696965,0.8093142126934649,103,expanded
GILD,short,139.31,2026-01-29 11:45:00-05:00,0.7752494436867507,0.44505060656091056,0.2027851554087997,54,expanded
GILD,long,139.26,2026-01-30 05:40:00-05:00,2.1111589831968964,0.4380295849490057,1.6372253339077991,89,expanded
GILD,short,141.99,2026-02-02 05:30:00-05:00,1.3944643989013439,1.2747376575815212,-0.7113176984294604,95,expanded
GILD,short,142.06,2026-02-03 06:45:00-05:00,0.021117837533437375,2.731240320991127,-1.759819794453048,91,expanded
GILD,short,145.675,2026-02-04 11:55:00-05:00,0.45649562382016157,0.7654024369315123,-0.24369315256563565,56,expanded
GILD,long,149.11,2026-02-05 12:45:00-05:00,1.9355509355509348,0.2749647910938401,1.904634162698662,57,expanded
GILD,long,150.3,2026-02-06 10:00:00-05:00,1.8829008649367824,0.6852960745176321,0.8439787092481629,75,expanded
GILD,long,152.15,2026-02-09 04:30:00-05:00,0.5586592178770912,1.2947748931975016,-0.7624055208675626,93,core
GILD,short,151.0,2026-02-10 07:20:00-05:00,9.271523178807946,0.6622516556291391,3.7305298013245123,128,expanded
GILD,long,156.3,2026-02-11 13:35:00-05:00,0.6333973128598724,0.5886116442738425,-0.3198976327575176,38,expanded
GILD,long,153.31,2026-02-12 10:50:00-05:00,0.2674320005218163,1.3436827343291384,-0.5574978801121964,66,expanded
GILD,long,151.64,2026-02-13 07:15:00-05:00,3.501714587180165,0.679240305987848,2.0179372197309435,83,expanded
GILD,short,154.2,2026-02-17 08:00:00-05:00,0.5771725032425333,1.0051880674448843,-0.33398184176395257,84,expanded
GILD,long,154.9,2026-02-18 07:15:00-05:00,0.716591349257576,2.517753389283412,-2.517753389283412,93,expanded
GILD,long,151.33,2026-02-19 10:15:00-05:00,0.5154298552831567,0.3832683539285089,0.23128262737064317,75,expanded
GILD,long,151.731,2026-02-20 08:00:00-05:00,1.0044091187694018,1.0815192676512981,-0.21155861359906541,85,expanded
GILD,long,149.53,2026-02-23 06:30:00-05:00,1.9594730154484097,0.7757640607235984,0.36781916672240444,94,expanded
GILD,long,148.07,2026-02-24 10:05:00-05:00,0.6939285473087077,0.6618491254136488,-0.6586074154116303,74,expanded
GILD,short,147.35,2026-02-25 09:30:00-05:00,0.6511706820495361,1.1944350186630603,0.033932813030188635,81,expanded
GILD,short,144.835,2026-02-26 11:05:00-05:00,1.2048192771084367,0.024165429626814366,0.68008423378328,62,expanded
GILD,long,149.48,2026-02-27 15:05:00-05:00,0.24752475247525058,1.6590848274016523,-0.4950495049504821,16,expanded
GILD,short,150.2926,2026-03-02 15:00:00-05:00,0.534024961974165,0.07811429172161738,0.5007565242733182,14,expanded
GILD,long,147.01,2026-03-03 08:00:00-05:00,1.931841371335286,1.012992313448053,0.0408135500986343,84,expanded
GILD,long,147.08,2026-03-04 07:00:00-05:00,1.2510198531411305,0.6663040522164931,0.7750883872722235,84,expanded
GILD,short,147.37,2026-03-05 08:25:00-05:00,2.7312207369206796,0.5767795345049836,-0.5767795345049836,85,expanded
GILD,short,144.02,2026-03-06 06:00:00-05:00,0.867935009026524,0.5624218858491892,0.530412442716294,88,expanded
GILD,short,145.28,2026-03-09 15:15:00-04:00,0.027533039647571613,1.1288546255506513,-0.8535242290748961,9,expanded
GILD,short,146.98,2026-03-10 06:05:00-04:00,0.4014151585249717,1.6328752211185233,-1.313103823649481,87,expanded
GILD,long,148.51,2026-03-11 07:10:00-04:00,0.5319507103898865,2.0200659888223016,-2.0200659888223016,85,expanded
GILD,short,145.17,2026-03-12 09:35:00-04:00,1.0126059103120473,1.2261486533030248,-0.2342081697320407,82,expanded
GILD,short,144.59,2026-03-13 07:20:00-04:00,0.2697281969707551,2.5105470641123144,-0.2766443045853833,83,expanded
GILD,short,144.81,2026-03-16 14:00:00-04:00,0.3590912229818453,0.3729024238657496,-0.13120640839720857,26,expanded
GILD,short,146.43,2026-03-17 09:30:00-04:00,2.158027726558763,0.19121764665710655,1.3863279382640177,78,expanded
GILD,long,143.16,2026-03-18 09:30:00-04:00,0.44355965353450055,2.745180217937976,-1.4738753841855163,80,expanded
GILD,long,142.28,2026-03-19 06:30:00-04:00,0.0,1.5181332583637872,-0.8152937868990697,91,expanded
GILD,short,137.71,2026-03-20 14:40:00-04:00,0.8859196862972905,1.4958971752232968,0.07123665674244173,22,expanded
GILD,long,137.18,2026-03-23 04:30:00-04:00,3.4698935704913185,0.539437235748658,-0.036083977256155975,105,core
GILD,short,138.7,2026-03-24 08:00:00-04:00,1.6113914924296937,0.7065609228550961,-0.26359048305695787,95,expanded
GILD,long,138.38,2026-03-25 15:20:00-04:00,0.3468709351062424,0.3324179794768088,0.3468709351062424,11,expanded
GILD,long,137.74,2026-03-26 14:05:00-04:00,0.12342093799911971,0.7840859590532979,-0.5808044141135554,26,expanded
GILD,long,136.75,2026-03-27 07:10:00-04:00,0.5265082266910412,2.201096892138933,-1.9085923217550376,84,expanded
GILD,short,135.94,2026-03-30 10:55:00-04:00,0.8974547594526989,0.7797557746064456,0.2479770486979494,67,expanded
GILD,short,136.67,2026-03-31 04:45:00-04:00,0.0,2.692617253237731,-2.4072583595522214,86,expanded
GILD,short,140.65,2026-04-01 14:20:00-04:00,0.4621400639886282,0.6523284749377816,-0.6523284749377816,24,core
GILD,long,139.17,2026-04-02 08:10:00-04:00,1.5592440899619286,0.3808292016957686,0.5173528777753819,88,expanded
GILD,short,140.0,2026-04-06 07:00:00-04:00,0.8214285714285755,0.6928571428571421,-0.6928571428571421,81,core
GILD,short,138.4701,2026-04-07 12:40:00-04:00,0.38282632857201987,2.43366618497423,-2.43366618497423,46,expanded
GILD,short,140.945,2026-04-08 13:30:00-04:00,0.6704742984852199,0.6052715598283103,0.6704742984852199,34,expanded
GILD,short,142.51,2026-04-09 14:10:00-04:00,0.34383552031435033,0.09122166865482806,0.3157673145744079,25,expanded
GILD,long,141.33,2026-04-10 09:55:00-04:00,0.08490766291656132,2.037783909997894,-0.08490766291658143,76,expanded
GILD,long,138.4,2026-04-13 09:25:00-04:00,0.8309248554913335,0.9971098265895921,0.4552023121387251,83,expanded
GILD,short,138.18,2026-04-14 06:50:00-04:00,0.41974236503112783,2.330293819655521,-0.5934288609060595,92,expanded
GILD,short,140.7,2026-04-15 07:20:00-04:00,1.8763326226012698,0.18479033404407913,0.6254442075337566,84,expanded
GILD,short,139.24,2026-04-16 04:30:00-04:00,1.070094800344735,0.7361390405055855,0.4668198793450199,88,core
GILD,short,139.2495,2026-04-17 08:45:00-04:00,1.8380676411764594,0.366608138628849,0.9834864757144667,83,core
GILD,short,136.44,2026-04-20 15:15:00-04:00,0.7036059806508413,0.029316915860445648,0.3591322192905373,10,expanded
GILD,long,133.0,2026-04-21 10:15:00-04:00,0.4585714285714363,0.4962406015037568,0.11338345864661942,72,expanded
GILD,short,133.25,2026-04-23 09:55:00-04:00,0.5444652908067624,0.72795497185741,0.34521575984991215,86,expanded
GILD,short,130.515,2026-04-24 12:10:00-04:00,0.5248438876757261,0.05746465923458381,0.08811247749299367,47,core
GILD,short,129.99,2026-04-27 06:40:00-04:00,1.8078313716439791,0.2615585814293433,1.64504961920148,88,expanded
GILD,short,128.31,2026-04-28 04:10:00-04:00,0.0,1.683422960018702,-0.5767282363027115,97,core
GILD,long,128.92,2026-04-29 11:05:00-04:00,0.8067018305926316,0.705864101768536,-0.705864101768536,73,expanded
GILD,short,130.55,2026-04-30 10:05:00-04:00,0.0,1.2715434699348882,-0.5974722328609736,81,expanded
GILD,long,129.4647,2026-05-01 09:55:00-04:00,2.8079468766389613,0.06766323175350546,1.9582944231130235,76,core
GILD,short,132.0,2026-05-04 07:10:00-04:00,1.5151515151515151,0.833333333333329,-0.602499999999998,84,expanded
GILD,short,133.79,2026-05-05 08:00:00-04:00,1.4201360340832692,0.1420136034083248,1.1136856267284407,88,expanded
GILD,short,134.42,2026-05-06 12:45:00-04:00,0.037196845707471324,1.8747210236572016,-1.3986013986014165,44,expanded
GILD,short,136.7,2026-05-07 05:45:00-04:00,6.715435259692754,0.2194586686174187,3.4381858083394214,117,expanded
GILD,long,132.74,2026-05-08 10:50:00-04:00,0.0,1.8080458038270346,-1.2354979659484817,67,expanded
GILD,short,133.46,2026-05-11 13:05:00-04:00,0.5095159598381588,0.47205155102652135,0.194814925820485,37,expanded
GILD,short,135.14,2026-05-12 06:25:00-04:00,1.794435400325576,1.7463371318632632,0.42178481574662813,89,expanded
GILD,long,133.65,2026-05-13 05:05:00-04:00,1.0624766180321643,1.3243546576879988,-1.197156752712304,92,expanded
GILD,short,133.56,2026-05-14 09:30:00-04:00,1.3102725366876309,0.8161126085654413,1.0182689427972549,85,expanded
GILD,long,129.23,2026-05-15 14:20:00-04:00,0.5184554669968396,0.12868528979337487,-0.12868528979337487,24,expanded
GILD,long,129.21,2026-05-18 04:35:00-04:00,1.4240383871217424,0.16252612026933516,-0.16252612026933516,87,expanded
GILD,short,129.48,2026-05-19 06:45:00-04:00,0.8804448563484604,2.2088353413654724,-1.0754556688291725,83,expanded
GILD,long,130.24,2026-05-20 07:50:00-04:00,1.3129606879606721,0.5758599508599509,-0.11133292383293167,92,expanded
GILD,short,130.63,2026-05-21 07:05:00-04:00,0.9262803337671346,0.5435198652683212,-0.4210365153487035,84,expanded
GILD,short,131.88,2026-05-22 09:25:00-04:00,0.5762814680012064,2.001819836214752,-1.8804974218987098,79,expanded
GILD,long,134.23,2026-05-26 05:00:00-04:00,1.557028980108771,0.5438426581241077,-0.5438426581241077,92,expanded
GILD,long,135.1951,2026-05-27 09:55:00-04:00,0.7358994519771807,1.3546348943119997,-0.920965330844097,75,expanded
GILD,short,134.0,2026-05-28 06:20:00-04:00,0.9029850746268716,1.873134328358202,-1.0895522388059762,87,expanded
GILD,short,135.64,2026-05-29 06:55:00-04:00,1.6095547036272484,1.150103214391037,1.2090828664110782,89,expanded
GILD,long,131.56,2026-06-01 15:35:00-04:00,0.16722408026755767,0.41045910611127395,-0.04560656734569951,6,expanded
GILD,short,131.0,2026-06-02 04:05:00-04:00,3.000000000000005,0.022900763358779493,2.6030534351145014,88,expanded
GILD,long,129.595,2026-06-03 14:25:00-04:00,0.3125120567923154,0.5825842046375211,0.2893630155484394,37,expanded
GILD,short,129.11,2026-06-04 10:45:00-04:00,0.8519866780265065,0.48021067306945714,-0.4569746727596429,71,expanded
GILD,long,129.34,2026-06-05 08:10:00-04:00,1.7937219730941651,1.0366475954847698,-0.649451059223754,88,expanded
GILD,short,129.735,2026-06-08 09:55:00-04:00,2.007939260800877,0.6050795853085108,1.4298377461749088,80,expanded
GILD,short,127.5,2026-06-09 06:00:00-04:00,3.372549019607841,1.788235294117648,1.317647058823535,91,expanded
GILD,long,125.96,2026-06-10 05:25:00-04:00,0.07939028262941293,3.9377580184185406,-2.961257542076842,96,expanded
GILD,long,126.55,2026-06-11 14:30:00-04:00,0.3160806005531455,0.8850256815487872,0.3160806005531455,23,expanded
GILD,short,125.37,2026-06-12 15:45:00-04:00,0.1116694584031272,0.5184653425859388,-0.30310281566562614,7,expanded
MCHP,long,66.75,2025-12-15 19:40:00-05:00,0.0,0.0,0.0,0,expanded
MCHP,long,66.72,2025-12-16 05:45:00-05:00,3.9118705035971217,2.712829736211035,-1.229016786570733,109,expanded
MCHP,long,63.845,2025-12-17 14:05:00-05:00,1.072910956222104,0.6421802803665073,0.41506774218811276,28,expanded
MCHP,long,64.53,2025-12-18 07:40:00-05:00,1.7976135130946793,1.2087401208740138,-0.7283434061676722,88,expanded
MCHP,short,64.22,2025-12-19 09:30:00-05:00,0.17128620367486677,3.3576767362192492,-1.2145748987854268,86,expanded
MCHP,long,65.67,2025-12-22 04:35:00-05:00,2.040505558093503,0.7613826709304096,0.8679762448606566,87,core
MCHP,long,67.22,2025-12-23 06:05:00-05:00,0.0,3.1538232668848623,-2.5587622731329946,95,core
MCHP,long,65.32,2025-12-26 09:55:00-05:00,0.3368034292712999,0.8113900796080634,-0.8113900796080634,75,expanded
MCHP,short,64.81,2025-12-29 04:10:00-05:00,1.2960962814380548,1.0183613639870337,0.18515661163401412,88,expanded
MCHP,long,64.63,2025-12-30 15:35:00-05:00,0.2088813244623319,0.1377069472381226,0.09283614420548086,7,expanded
MCHP,short,64.66,2025-12-31 08:55:00-05:00,1.5852149706155252,0.06186204763378635,1.5023198267862599,85,expanded
MCHP,short,64.53,2026-01-02 04:25:00-05:00,0.5888733922206655,2.0765535409886926,-0.7283434061676722,93,expanded
MCHP,long,67.775,2026-01-05 14:00:00-05:00,4.758391737366276,1.3353006270748817,2.102545186278122,56,expanded
MCHP,short,69.7,2026-01-06 08:25:00-05:00,0.0,8.012912482065989,-7.60401721664275,111,expanded
MCHP,long,72.79,2026-01-07 10:25:00-05:00,1.685945871685666,0.7006456930897171,1.1443879653798577,70,expanded
MCHP,short,73.47,2026-01-08 06:40:00-05:00,2.4159520892881527,1.0888798148904275,-0.8574928542262087,93,expanded
MCHP,short,74.16,2026-01-09 06:35:00-05:00,0.8764832793958893,2.5620280474649486,-1.5237324703344253,96,core
MCHP,long,73.53,2026-01-12 14:25:00-05:00,0.4079967360261079,1.3735890112879168,-0.7207942336461324,32,expanded
MCHP,long,74.49,2026-01-13 12:55:00-05:00,0.5904148207813201,1.449859041482076,0.5904148207813201,40,core
MCHP,long,73.62,2026-01-14 08:00:00-05:00,1.888073892963869,0.38101059494703005,0.5738929638685132,88,expanded
MCHP,long,75.33,2026-01-15 10:00:00-05:00,0.23894862604540928,1.7655648480021218,-1.7390150006637493,80,expanded
MCHP,short,75.015,2026-01-16 09:55:00-05:00,0.9131507031926979,0.6465373591948269,0.41991601679663765,78,expanded
MCHP,long,72.46,2026-01-20 04:30:00-05:00,2.6014352746342886,0.3966326248964822,1.1592602815346444,100,expanded
MCHP,long,74.97,2026-01-21 13:10:00-05:00,2.3609443777510952,0.02667733760170204,1.9074296385220846,44,expanded
MCHP,short,76.7,2026-01-22 11:45:00-05:00,2.0088657105606313,0.6714471968709265,1.1082138200782379,62,expanded
MCHP,long,74.28,2026-01-23 13:25:00-05:00,0.6731287022078621,1.1712439418416862,-0.982767905223484,36,expanded
MCHP,short,74.44,2026-01-26 06:25:00-05:00,0.6582482536270753,1.9210102095647594,-0.7522837184309542,89,expanded
MCHP,short,75.46,2026-01-27 06:25:00-05:00,0.7288629737609292,6.665783196395443,-6.016432547044801,125,expanded
MCHP,short,80.08,2026-01-28 07:30:00-05:00,2.347652347652342,1.7732267732267752,0.8437812187812088,110,core
MCHP,long,77.715,2026-01-29 11:30:00-05:00,3.5836067683201396,0.25091681142637506,1.6406099208646867,60,expanded
MCHP,short,77.79,2026-01-30 05:00:00-05:00,3.4837382697004857,0.9898444530145212,2.930967990744313,95,expanded
MCHP,short,77.69,2026-02-02 10:45:00-05:00,1.1841935899086133,1.7891620543184459,0.24456171965503634,74,expanded
MCHP,long,77.16,2026-02-03 07:00:00-05:00,2.6179367547952443,2.4624157594608493,0.2203214100570266,101,expanded
MCHP,short,79.25,2026-02-04 10:10:00-05:00,3.2807570977917906,0.7192429022081933,0.8328075709779137,80,expanded
MCHP,long,77.09,2026-02-05 11:00:00-05:00,2.665715397587226,6.6026722013231325,-4.579063432351798,93,expanded
MCHP,long,75.03,2026-02-06 09:50:00-05:00,2.225776356124219,2.1944555511128927,1.252832200453149,90,core
MCHP,short,75.0,2026-02-09 10:45:00-05:00,1.8133333333333324,0.7333333333333295,1.3333333333333335,70,expanded
MCHP,short,77.6114,2026-02-10 12:50:00-05:00,1.2773896618280287,0.12060083956737672,0.5908925750598547,43,expanded
MCHP,long,78.65,2026-02-11 10:50:00-05:00,3.331214240305137,0.19071837253656157,1.2078830260648297,72,expanded
MCHP,long,81.29,2026-02-12 06:25:00-05:00,2.5341370402263355,3.721244925575108,-2.767868126460819,91,core
MCHP,short,78.71,2026-02-13 16:10:00-05:00,0.19057298945495044,0.36158048532589476,-0.31762164909160207,5,expanded
MCHP,long,78.21,2026-02-17 06:25:00-05:00,2.2887098836466007,1.4064697609001335,2.2887098836466007,91,expanded
MCHP,long,80.46,2026-02-18 07:05:00-05:00,2.212279393487449,2.485707183693761,-1.864280387770321,96,expanded
MCHP,short,80.4315,2026-02-19 08:00:00-05:00,5.472358466521199,0.0,4.067436265642196,83,expanded
MCHP,long,77.995,2026-02-20 13:45:00-05:00,0.3269440348740245,0.6026027309442898,-0.19193538047311998,31,expanded
MCHP,short,76.02,2026-02-23 09:25:00-05:00,1.867929492238887,2.2757169166008997,-0.7629571165482746,81,expanded
MCHP,long,77.0,2026-02-24 07:00:00-05:00,2.83116883116884,1.8571428571428659,-1.4675324675324615,86,expanded
MCHP,long,76.16,2026-02-25 07:40:00-05:00,1.785714285714285,2.1271008403361216,-1.431197478991601,85,core
MCHP,short,75.75,2026-02-26 08:25:00-05:00,2.7986798679868046,0.277227722772269,1.029702970297031,84,expanded
MCHP,long,73.345,2026-02-27 13:10:00-05:00,1.9019701411139085,0.259049696639168,1.6565546390347037,37,expanded
MCHP,short,73.59,2026-03-02 08:05:00-05:00,1.562576437015902,1.5219459165647373,-0.5571409158853059,83,expanded
MCHP,long,72.2,2026-03-03 04:15:00-05:00,0.7202216066481939,2.063711911357353,-0.9002770083102571,97,expanded
MCHP,long,71.18,2026-03-04 04:20:00-05:00,2.135431300927221,2.5920202304018165,-1.3627423433548933,95,expanded
MCHP,long,70.04,2026-03-05 06:25:00-05:00,0.642490005711006,4.468874928612235,-2.698458023986294,90,core
MCHP,short,66.87,2026-03-06 06:50:00-05:00,4.0077762823388765,0.11963511290563525,3.0656497682069856,98,expanded
MCHP,short,63.01,2026-03-09 04:15:00-04:00,2.15838755753055,4.031106173623233,-2.9519123948579695,93,expanded
MCHP,long,65.29,2026-03-10 10:00:00-04:00,2.772246898453037,0.3216419053453943,0.2603767805176711,74,core
MCHP,long,65.33,2026-03-11 08:25:00-04:00,2.158273381294959,1.0867901423541921,-0.5051278126434996,85,expanded
MCHP,long,62.91,2026-03-12 11:35:00-04:00,0.890160546812911,0.8901605468128997,0.6358289620092286,55,expanded
MCHP,long,61.935,2026-03-13 13:25:00-04:00,0.7669330749979725,0.8799547913134765,-0.7023492371034186,36,expanded
MCHP,short,64.495,2026-03-16 13:25:00-04:00,1.465229862780072,0.39537948678191404,1.186138460345775,36,expanded
MCHP,long,63.39,2026-03-17 04:40:00-04:00,3.6283325445653847,0.0,2.0981227322921567,94,expanded
MCHP,long,64.58,2026-03-18 10:50:00-04:00,1.8736450913595664,0.06193868070608864,0.03096934035304432,69,expanded
MCHP,long,64.45,2026-03-19 05:20:00-04:00,0.07757951900697774,3.1807602792862752,-0.7447633824670349,89,expanded
MCHP,long,64.67,2026-03-23 12:25:00-04:00,0.9277872274624932,1.4256997062007177,-0.4175042523581197,47,expanded
MCHP,short,65.86,2026-03-24 13:25:00-04:00,1.2450652900091,1.2906164591557765,-0.9717582751290625,36,expanded
MCHP,short,67.35,2026-03-25 10:05:00-04:00,3.741648106904226,0.3860430586488569,3.251670378619151,72,expanded
MCHP,long,64.18,2026-03-26 04:25:00-04:00,2.8201932066064006,2.789030850732325,0.5297600498597524,91,expanded
MCHP,long,63.6,2026-03-27 07:25:00-04:00,0.33018867924528433,3.1761006289308225,-2.5157232704402537,81,expanded
MCHP,long,62.13,2026-03-30 07:25:00-04:00,1.3037180106228796,4.53887011105746,-3.7502011910510307,85,expanded
MCHP,short,60.86,2026-03-31 08:10:00-04:00,0.016431153466970112,6.7696352283930405,-6.079526782780156,91,expanded
MCHP,long,65.26,2026-04-01 04:25:00-04:00,1.9460619062212625,7.600367759730322,1.3712840943916529,100,expanded
MCHP,long,63.51,2026-04-02 07:05:00-04:00,3.6214769327665,2.251613919067863,3.290820343253025,86,expanded
MCHP,short,66.04,2026-04-06 13:55:00-04:00,0.0,2.649909145972138,-1.786795881284059,36,expanded
MCHP,long,66.19,2026-04-07 11:30:00-04:00,6.979906330261376,0.2719444024777045,6.979906330261376,67,expanded
MCHP,short,70.985,2026-04-08 09:55:00-04:00,1.7679791505247524,0.38740578995563246,0.7536803550045736,74,expanded
MCHP,short,70.55,2026-04-09 05:50:00-04:00,1.445783132530115,2.0552799433026263,-2.0552799433026263,86,expanded
MCHP,short,71.16,2026-04-10 05:40:00-04:00,0.4707700955592942,2.164137155705461,-0.7448004496908391,94,expanded
MCHP,long,71.15,2026-04-13 07:00:00-04:00,3.6823612087139703,0.7308503162333242,3.6823612087139703,89,expanded
MCHP,short,73.82,2026-04-14 04:30:00-04:00,1.0837171498238922,1.58493633161745,-1.58493633161745,93,expanded
MCHP,short,74.14,2026-04-15 09:55:00-04:00,1.6725114647963244,0.9711356892365779,-0.09441596978688047,77,expanded
MCHP,short,75.41,2026-04-16 09:55:00-04:00,0.1856517703222392,3.114706272377665,-2.33390796976529,81,expanded
MCHP,long,78.62,2026-04-17 10:15:00-04:00,1.628084456881202,0.8522004578987555,-0.3307046553040004,73,expanded
MCHP,short,78.49,2026-04-20 06:50:00-04:00,0.0891833354567374,3.6182953242451315,-2.4208179385909148,93,expanded
MCHP,short,80.68,2026-04-21 04:25:00-04:00,0.7436787307883099,1.462568170550313,-0.30986613782845807,104,expanded
MCHP,long,81.9837,2026-04-22 05:45:00-04:00,7.338409952222212,1.090094738344324,6.118655293674232,113,expanded
MCHP,long,88.465,2026-04-23 10:20:00-04:00,4.267224326004625,0.22042615723733383,2.970779404284184,94,expanded
MCHP,short,88.74,2026-04-24 10:35:00-04:00,0.9353166553977894,1.138156411990089,-0.30425963488844965,70,expanded
MCHP,short,89.42,2026-04-27 04:25:00-04:00,4.629836725564751,0.22366360993066747,2.885260568105567,102,expanded
MCHP,short,84.22,2026-04-28 15:25:00-04:00,0.32058893374494896,5.42626454523867,-4.476371408216571,31,expanded
MCHP,short,87.7,2026-04-29 09:45:00-04:00,0.5359179019384251,3.7400228050171047,-3.1927023945267927,98,expanded
MCHP,short,89.51,2026-04-30 09:55:00-04:00,0.06144564853089802,4.602837671768507,-3.8990056976874037,87,core
MCHP,short,92.29,2026-05-01 09:55:00-04:00,0.02167082024055719,2.454220392241847,-1.4194387257557568,80,core
MCHP,long,95.49,2026-05-04 10:05:00-04:00,0.1989737145250937,1.5080113100848234,-0.13854853911404416,77,expanded
MCHP,long,95.97,2026-05-05 04:10:00-04:00,3.6782327810774214,1.875586120662704,2.6466604147129376,122,expanded
MCHP,short,99.17,2026-05-06 10:05:00-04:00,0.5344358172834538,4.577997378239379,-4.490571745487546,105,expanded
MCHP,long,101.21,2026-05-07 09:55:00-04:00,8.68491255804763,1.6006323485821465,3.5371998814346535,112,core
MCHP,long,97.86,2026-05-08 12:45:00-04:00,1.6691191498058398,1.0627426936439877,1.369303086041287,55,expanded
MCHP,short,98.27,2026-05-11 10:00:00-04:00,1.7299277500763235,0.8954920118042227,-0.7835555103286966,86,core
MCHP,short,96.175,2026-05-12 10:05:00-04:00,1.8247985443202448,1.7416168442942521,-1.1177540940993012,76,expanded
MCHP,short,98.69,2026-05-13 04:05:00-04:00,2.6649103252609136,1.1956631877596584,1.9657513425878994,124,expanded
MCHP,short,96.0,2026-05-14 09:55:00-04:00,0.7604166666666707,1.4583333333333393,-0.9375000000000059,91,core
MCHP,short,93.87,2026-05-15 10:05:00-04:00,0.35155001597954433,1.8323212954085424,0.35155001597954433,79,expanded
MCHP,short,93.205,2026-05-18 11:25:00-04:00,2.225202510594923,0.6705648838581622,0.42379700659835423,60,expanded
MCHP,short,91.055,2026-05-19 10:00:00-04:00,0.9499752896601054,2.784031629235074,-0.8291691834605408,82,expanded
MCHP,short,93.0401,2026-05-20 10:10:00-04:00,0.7417231924729241,1.5011806737095186,-1.0193454220277134,80,expanded
MCHP,long,90.87,2026-05-21 15:20:00-04:00,0.4291845493562238,0.6712886541212715,0.40717508528666263,15,expanded
MCHP,short,91.5,2026-05-22 04:10:00-04:00,1.639344262295082,3.7213114754098373,-2.1092896174863465,99,expanded
MCHP,short,99.195,2026-05-26 10:15:00-04:00,2.364030445082917,0.7812893795050211,0.6892484500226701,87,expanded
MCHP,long,96.37,2026-05-27 13:35:00-04:00,1.1725640759572433,0.8586697104908172,0.179516447027085,38,expanded
MCHP,long,95.45,2026-05-28 10:30:00-04:00,2.6592980618124593,0.22001047668937448,0.7333682556312235,77,expanded
MCHP,long,96.13,2026-05-29 04:45:00-04:00,1.93487985020285,2.2261520857172585,-2.0791636325808796,100,expanded
MCHP,long,95.88,2026-06-01 04:20:00-04:00,10.826032540675854,6.935753024614093,4.297037964121824,141,core
MCHP,long,99.88,2026-06-02 06:55:00-04:00,1.6019223067681305,5.7268722466960345,-3.884661593912691,134,core
MCHP,short,94.89,2026-06-03 10:00:00-04:00,0.2318474022552417,5.111181367899667,-3.909790283486135,107,expanded
MCHP,long,98.0,2026-06-04 07:20:00-04:00,1.7346938775510232,3.485714285714282,-2.9591836734693935,120,expanded
MCHP,long,91.005,2026-06-05 12:05:00-04:00,0.3900884566782089,3.983297621009835,-3.4888192956430935,71,expanded
MCHP,long,90.95,2026-06-08 09:55:00-04:00,2.4518966465090752,1.4623419461242422,1.1544804837822948,82,expanded
MCHP,short,89.015,2026-06-09 14:05:00-04:00,0.15727686344998096,2.8590686962871446,-2.8590686962871446,34,expanded
MCHP,long,88.61,2026-06-10 11:40:00-04:00,1.0777564608960595,2.945491479516984,-0.7899785577248649,67,expanded
MCHP,short,90.62,2026-06-11 09:55:00-04:00,2.0856323107481796,4.281615537408955,-3.178106378282935,87,core
MCHP,short,94.02,2026-06-12 12:00:00-04:00,0.553073814082106,2.095298872580301,-1.3082322910019186,58,expanded
UNP,long,236.15,2025-12-16 14:40:00-05:00,0.22587338556002554,0.2549227186110539,-0.06351894982003205,18,expanded
UNP,long,235.29,2025-12-17 09:30:00-05:00,1.1262697097199226,0.3230056525989166,0.6035105614348318,79,expanded
UNP,long,238.04,2025-12-18 08:50:00-05:00,0.05041169551336101,1.664636195597381,-1.203159132918839,83,expanded
UNP,long,233.99,2025-12-19 09:25:00-05:00,0.6453267233642425,0.8333689473909214,0.10256848583271962,81,expanded
UNP,long,235.0,2025-12-22 08:00:00-05:00,0.425531914893617,1.0595744680851102,0.0,84,expanded
UNP,short,233.98,2025-12-23 09:55:00-05:00,0.3119924779895674,0.4316608257116075,-0.07265578254552352,73,expanded
UNP,short,234.52,2025-12-26 09:45:00-05:00,0.7632611291147964,0.17908920347944204,0.4605150946614414,75,expanded
UNP,short,233.44,2025-12-29 09:30:00-05:00,0.14993145990404144,0.5226182316655239,-0.46692940370116665,78,expanded
UNP,long,234.1425,2025-12-30 09:55:00-05:00,0.16549750686013373,0.541593260514432,-0.4623252933576818,75,core
UNP,short,232.3866,2025-12-31 10:05:00-05:00,0.5235241618922949,0.03158529794748095,0.45897655028301726,71,core
UNP,short,231.32,2026-01-02 08:15:00-05:00,0.7262666436105857,0.9424174303994497,-0.9424174303994497,81,expanded
UNP,long,231.91,2026-01-05 09:00:00-05:00,1.0906817299814626,0.7977232547108767,0.31839937906947213,80,expanded
UNP,short,231.8801,2026-01-06 10:45:00-05:00,0.0,1.0349745407216928,-0.750344682445801,63,expanded
UNP,short,232.63,2026-01-07 07:10:00-05:00,3.5120147874306786,1.126251988135668,2.640631045007092,86,expanded
UNP,long,228.37,2026-01-08 09:55:00-05:00,1.1385033060384437,0.2890046853789887,0.6480711126680343,73,expanded
UNP,short,229.7065,2026-01-09 09:55:00-05:00,1.2391900098604052,0.14083188764793148,0.568769277316924,75,core
UNP,short,226.1,2026-01-12 09:35:00-05:00,0.25210084033613145,1.5877930119416204,-1.5037593984962432,77,expanded
UNP,short,230.24,2026-01-13 09:30:00-05:00,1.0554204308547632,0.2256341209173009,0.9728544127866599,79,expanded
UNP,long,227.33,2026-01-14 09:30:00-05:00,1.34166190120089,0.6510359389433942,0.07038226366955376,79,expanded
UNP,long,227.41,2026-01-15 09:35:00-05:00,1.4731102414141832,0.17589376016886052,1.3631766413086472,78,expanded
UNP,long,229.45,2026-01-16 14:20:00-05:00,0.3373283939856182,0.2375245151449063,0.13510568751362054,23,expanded
UNP,short,227.52,2026-01-20 09:05:00-05:00,3.3139943741209654,0.21097046413501658,2.3681874120956437,83,expanded
UNP,short,224.7899,2026-01-21 09:35:00-05:00,0.14231066431365016,2.2866240876480743,-0.8363809939859393,79,expanded
UNP,long,232.3,2026-01-22 12:25:00-05:00,0.23676280671544678,0.6746018080068922,-0.40034438226431635,47,expanded
UNP,long,232.31,2026-01-23 09:35:00-05:00,0.5897292411002559,1.3886186561060634,-1.080452843183673,81,expanded
UNP,long,230.17,2026-01-26 11:40:00-05:00,0.9159317026545645,0.18681843854541358,0.3128122691923356,52,expanded
UNP,short,230.49,2026-01-27 07:45:00-05:00,2.204000173543326,2.772354549004289,-0.8937481018699303,89,core
UNP,short,232.15,2026-01-28 08:00:00-05:00,2.2140857204393773,0.9390480292914094,1.7088089597243217,88,expanded
UNP,long,229.34,2026-01-29 10:25:00-05:00,1.9316298944798145,0.06540507543385614,0.8732885671928176,70,expanded
UNP,short,232.5,2026-01-30 09:35:00-05:00,0.797849462365587,1.2344086021505396,-1.1182795698924708,81,expanded
UNP,short,234.415,2026-02-02 09:35:00-05:00,1.5741313482498978,0.3818015058763348,-0.3476739969711826,77,expanded
UNP,short,235.85,2026-02-03 09:35:00-05:00,0.0,2.709349162603356,-2.3913504345982677,78,expanded
UNP,long,244.77,2026-02-04 09:35:00-05:00,2.81488744535686,0.18588879356130755,2.0386485271887813,79,expanded
UNP,short,250.48,2026-02-05 09:55:00-05:00,0.5868732034493768,1.1458000638773573,-1.1458000638773573,77,core
UNP,long,251.435,2026-02-06 11:55:00-05:00,0.7377652275936086,0.5190208204903879,0.5031121363374178,51,expanded
UNP,long,250.175,2026-02-09 10:10:00-05:00,1.9046667332866938,0.11787748575997305,1.6648346157689584,72,expanded
UNP,short,255.36,2026-02-10 09:35:00-05:00,0.15076754385965668,2.6354949874686566,-2.6354949874686566,79,expanded
UNP,long,261.58,2026-02-11 08:40:00-05:00,0.8945638045722272,0.29436501261563647,0.6728343145500386,83,expanded
UNP,long,262.7,2026-02-12 08:45:00-05:00,1.0163684811572196,1.1610201751046867,-0.4149219642177294,83,expanded
UNP,long,259.38,2026-02-13 06:10:00-05:00,1.4110571362479856,0.47035237874931396,-0.23363405042794147,83,expanded
UNP,short,259.62,2026-02-17 08:55:00-05:00,0.0,1.7487096525691475,-1.3019027809875956,83,expanded
UNP,long,261.765,2026-02-18 09:35:00-05:00,1.262582851030507,0.3801119324585046,1.2358413080434794,78,expanded
UNP,long,264.5,2026-02-19 08:40:00-05:00,0.4310018903591631,0.9035916824196546,-0.5784499054820312,80,expanded
UNP,long,262.9,2026-02-20 08:45:00-05:00,1.624191707873731,0.5210726511981639,1.3665271966527215,85,expanded
UNP,short,265.755,2026-02-23 09:35:00-05:00,1.1871836842204184,0.7732686120675083,0.6653496641643539,78,expanded
UNP,short,264.96,2026-02-24 10:45:00-05:00,0.23022342995167455,0.8642436594203072,-0.5246074879227217,66,expanded
UNP,short,264.8451,2026-02-25 11:50:00-05:00,0.9383220607064237,0.17553656835637138,0.22469737971365233,54,expanded
UNP,long,265.19,2026-02-26 14:20:00-05:00,0.5316942569478581,0.1696896564727134,0.07289113465817791,21,expanded
UNP,short,262.79,2026-02-27 09:30:00-05:00,0.47562692644317706,1.36610982153049,-0.8333650443319752,79,expanded
UNP,long,265.05,2026-03-02 08:30:00-05:00,1.1658177702320223,1.0281079041690333,0.7243916242218509,82,expanded
UNP,long,263.5,2026-03-03 08:45:00-05:00,0.9165085388994385,1.869070208728657,0.4705882352941211,84,expanded
UNP,long,266.22,2026-03-04 09:30:00-05:00,0.8564345278341119,1.4837352565547461,0.17654571407105793,80,expanded
UNP,long,265.25,2026-03-05 09:55:00-05:00,0.546654099905745,2.3261074458058495,0.546654099905745,75,expanded
UNP,short,260.39,2026-03-06 05:05:00-05:00,3.222089942010057,0.5722185951841503,2.411766964937199,86,expanded
UNP,short,250.465,2026-03-09 09:35:00-04:00,1.1259058151837555,1.836863434012732,-1.05204319964865,81,expanded
UNP,long,252.61,2026-03-10 09:25:00-04:00,0.7561062507422495,1.0609239539210666,-0.9500811527651343,79,expanded
UNP,long,248.53,2026-03-11 10:15:00-04:00,1.1185772341367244,0.6156198446867587,1.0381040518247344,70,expanded
UNP,short,246.72,2026-03-12 09:35:00-04:00,1.406452658884565,0.42153047989623543,1.0619325551232184,77,expanded
UNP,long,245.5,2026-03-13 05:50:00-04:00,0.26476578411405527,1.9999999999999987,-1.421588594704688,82,expanded
UNP,short,244.51,2026-03-16 09:35:00-04:00,1.0551715676250395,0.44578953826019524,0.9406568238517783,78,expanded
UNP,short,243.18,2026-03-17 09:55:00-04:00,1.188831318365005,0.3824327658524578,0.35364750390657684,74,core
UNP,short,241.76,2026-03-18 09:35:00-04:00,2.365982792852415,0.09058570483124691,1.9688947716743839,77,expanded
UNP,long,237.21,2026-03-19 08:50:00-04:00,0.00843134775093032,2.316512794570214,-1.2773491842671056,84,expanded
UNP,short,235.14,2026-03-20 14:05:00-04:00,0.8888321850812178,0.7399846899719356,-0.7399846899719356,26,expanded
UNP,short,235.0,2026-03-23 06:15:00-04:00,0.42978723404254926,2.540425531914893,-1.4340425531914913,89,expanded
UNP,short,237.2,2026-03-24 09:35:00-04:00,0.1391231028667724,2.3187183811129852,-1.602023608768976,81,core
UNP,long,241.54,2026-03-25 09:30:00-04:00,0.36018878860644393,1.2254699014655872,-0.0869421213877534,78,expanded
UNP,long,239.21,2026-03-26 09:35:00-04:00,0.9928514694201748,0.38877973328874493,-0.008360854479332065,77,core
UNP,long,239.46,2026-03-27 09:35:00-04:00,0.7099306773573827,0.4844232857262159,-0.279796208134977,77,expanded
UNP,long,240.5,2026-03-30 08:40:00-04:00,0.810810810810806,1.0918918918918938,-1.0918918918918938,82,expanded
UNP,short,240.785,2026-03-31 09:30:00-04:00,1.1026434370911813,1.2230828332329644,-0.7620906617937198,78,expanded
UNP,short,243.13,2026-04-01 09:30:00-04:00,0.4647719327108935,1.2318512729815343,0.004113025953190024,78,expanded
UNP,short,240.48,2026-04-02 09:30:00-04:00,0.19960079840318934,1.8088822355289518,-1.7589820359281514,79,expanded
UNP,short,243.595,2026-04-06 09:35:00-04:00,0.40025452082349566,0.938032389827376,-0.7984564543607189,78,expanded
UNP,long,244.62,2026-04-07 10:10:00-04:00,0.8706974082249987,0.03270378546317247,0.8372577875889156,73,expanded
UNP,short,251.0,2026-04-08 04:15:00-04:00,1.5856573705179244,0.645418326693229,0.7529880478087595,83,core
UNP,short,250.47,2026-04-09 10:30:00-04:00,0.9462211043238731,0.3772906934962244,-0.32738451710783456,68,expanded
UNP,short,249.71,2026-04-10 09:35:00-04:00,0.17620439710063582,1.0071683152456794,-0.32037163109205996,78,expanded
UNP,long,250.67,2026-04-13 09:35:00-04:00,0.4547811864203993,0.7978617305620936,0.27526229704393274,79,expanded
UNP,short,249.46,2026-04-14 09:35:00-04:00,0.16034634811192403,1.3108313958149531,-1.034233945321889,78,expanded
UNP,short,251.84,2026-04-15 09:30:00-04:00,1.9278113087674673,0.07147395171537754,1.4453621346886971,80,expanded
UNP,long,247.46,2026-04-16 09:30:00-04:00,1.5517659419704208,0.23438131415178715,1.0264285136991804,79,expanded
UNP,short,252.54,2026-04-17 09:35:00-04:00,0.6177239249227855,1.4057179060742786,0.443137720757109,79,expanded
UNP,short,252.8767,2026-04-20 14:30:00-04:00,0.5879149799091863,0.1397123578407936,0.2755097642447852,19,expanded
UNP,long,253.52,2026-04-21 09:30:00-04:00,0.0,1.9801199116440558,-0.8953928684127526,80,expanded
UNP,short,253.24,2026-04-22 09:30:00-04:00,1.7118148791660115,0.6002211341020304,1.2794187332175049,81,expanded
UNP,long,255.0,2026-04-23 07:00:00-04:00,6.37647058823529,2.349019607843141,6.2745098039215685,87,expanded
UNP,short,269.54,2026-04-24 09:55:00-04:00,0.3450322772130321,1.0276767826667588,0.20034132225273446,77,core
UNP,short,269.45,2026-04-27 09:30:00-04:00,1.369456299870105,0.5084431248840248,0.20040823900536786,79,expanded
UNP,short,268.88,2026-04-28 07:40:00-04:00,0.7289497173460203,1.1975602499256275,0.42398095804819486,82,expanded
UNP,long,266.82,2026-04-29 09:30:00-04:00,0.3667266321864916,1.3941983359568138,-0.7645603777827825,79,expanded
UNP,short,263.62,2026-04-30 09:25:00-04:00,0.15932023366968207,2.506259009179869,-2.222896593581676,80,expanded
UNP,short,269.76,2026-05-01 09:30:00-04:00,1.4012455516014135,0.0,1.2752075919335697,78,expanded
UNP,short,265.9,2026-05-04 09:00:00-04:00,1.4817600601729966,0.3422339225272753,0.9364422715306328,80,expanded
UNP,long,263.48,2026-05-05 09:35:00-04:00,0.6001214513435429,0.5844845908607941,0.20115378776376677,77,expanded
UNP,long,264.01,2026-05-06 07:45:00-04:00,2.373016173629782,0.0,1.499943183970318,81,expanded
UNP,long,264.89,2026-05-07 16:55:00-04:00,0.0,0.0,0.0,0,expanded
UNP,long,265.24,2026-05-08 09:30:00-04:00,0.3619363595234427,0.8784497059267019,-0.24506107676068242,79,expanded
UNP,long,264.8,2026-05-11 07:50:00-04:00,0.8308157099697842,0.5513595166163279,-0.5475830815709927,79,expanded
UNP,long,264.365,2026-05-12 09:35:00-04:00,0.9891248841563661,1.257692962381561,0.4671571501522568,77,expanded
UNP,short,266.235,2026-05-13 09:40:00-04:00,0.8995811970627599,0.8845568764437287,0.5352414220519509,77,expanded
UNP,long,264.66,2026-05-14 09:35:00-04:00,1.86654575682007,0.3702486208720786,1.8476535932894982,80,expanded
UNP,short,269.97,2026-05-15 08:40:00-04:00,1.0556728525391794,0.3296662592139816,-0.07037819016927722,86,expanded
UNP,short,273.51,2026-05-18 11:20:00-04:00,1.5684984095645365,1.0931958612116592,1.5684984095645365,61,expanded
UNP,long,272.02,2026-05-19 09:35:00-04:00,1.2847217116388585,0.31247702374824127,0.2316006176016453,81,expanded
UNP,long,271.28,2026-05-20 09:35:00-04:00,1.2348864641698698,2.429224417575927,-2.020053081686804,78,expanded
UNP,long,266.04,2026-05-21 09:25:00-04:00,0.9754172304916441,0.7968726507292153,-0.2255299954894086,79,expanded
UNP,short,267.375,2026-05-22 10:25:00-04:00,0.8134642356241277,0.3796166432912525,0.5030388031790658,70,expanded
UNP,long,266.22,2026-05-26 09:30:00-04:00,2.4190519119525193,0.026294042521241838,1.8480955600630904,79,expanded
UNP,long,272.57,2026-05-27 09:30:00-04:00,2.615841802105879,0.0,2.4874344205158416,83,expanded
UNP,short,279.5,2026-05-28 07:10:00-04:00,5.246869409660115,0.17889087656529518,4.260894454382826,89,expanded
UNP,long,265.11,2026-05-29 09:20:00-04:00,1.4710497529327455,2.11233073064012,-0.9015125796838996,83,expanded
UNP,short,261.98,2026-06-01 08:40:00-04:00,1.267272310863422,0.6908924345369885,-0.26719596915794663,85,expanded
UNP,short,263.99,2026-06-02 09:35:00-04:00,1.8607901814462728,0.8519262093260982,1.8607901814462728,78,expanded
UNP,short,265.925,2026-06-03 10:35:00-04:00,1.4270941054808746,0.40421171382909227,1.4270941054808746,66,expanded
UNP,long,262.35,2026-06-04 11:00:00-04:00,0.6670478368591576,0.6594244330093455,0.6670478368591576,63,expanded
UNP,short,272.555,2026-06-05 14:00:00-04:00,0.5705270495863246,0.5778650180697432,0.15593183027279314,28,expanded
UNP,short,272.98,2026-06-08 07:40:00-04:00,2.240237380027849,0.3736537475272847,2.240237380027849,81,expanded
UNP,short,268.855,2026-06-09 09:55:00-04:00,0.3849658737981532,0.9903107623068069,-0.42588012125494473,74,expanded
UNP,long,270.48,2026-06-10 09:30:00-04:00,0.8466430050280848,1.4196983141082637,-1.2348417627920851,78,expanded
UNP,long,267.29,2026-06-11 09:20:00-04:00,0.9203486849489242,1.021362565004309,0.3703842268696742,81,expanded
UNP,short,269.97,2026-06-12 09:30:00-04:00,0.8223135903989434,1.3964514575693527,-0.7519354002296449,78,expanded
ETN,short,332.315,2025-12-15 15:40:00-05:00,0.45685569414560856,0.3896905044912255,-0.28436874652061844,13,expanded
ETN,short,330.14,2025-12-16 05:10:00-05:00,1.03895317138184,1.2615859938208094,0.07269643181680775,92,expanded
ETN,long,321.877,2025-12-17 10:35:00-05:00,0.0319998011662867,3.0949710603739904,-1.6802691711430233,77,expanded
ETN,short,315.84,2025-12-18 09:55:00-05:00,0.5825734549138726,1.0717451874366921,0.10764944275581782,82,core
ETN,short,319.02,2025-12-19 04:55:00-05:00,1.3133972791674497,0.529747351263243,-0.025076797692947444,93,expanded
ETN,long,321.93,2025-12-22 04:55:00-05:00,0.2609262883235408,1.136893113409755,-0.33237039107880384,101,core
ETN,long,321.1,2025-12-23 06:20:00-05:00,0.9669884771099224,0.5932731236375053,0.743475552787288,98,expanded
ETN,short,322.85,2025-12-24 08:00:00-05:00,0.5265603221310347,0.37788446647048796,-0.18584481957564375,53,expanded
ETN,short,324.7,2025-12-26 08:00:00-05:00,1.0409608869725888,0.0,0.6221127194333175,83,core
ETN,short,322.49,2025-12-29 10:00:00-05:00,0.564358584762316,0.8775465905919514,0.30388539179510005,74,expanded
ETN,long,321.5,2025-12-30 07:00:00-05:00,0.37122861586313277,0.45101088646966986,-0.18662519440125125,88,core
ETN,long,322.0,2025-12-31 09:30:00-05:00,0.0,1.2018633540372685,-0.9318322981366423,88,expanded
ETN,long,324.04,2026-01-02 07:00:00-05:00,1.3239106283174804,0.8702629305024049,1.3053943957535987,98,expanded
ETN,short,325.93,2026-01-05 04:50:00-05:00,1.2272573865553953,1.5362807964900476,1.1137360782990198,98,expanded
ETN,long,322.9,2026-01-06 10:05:00-05:00,3.3230102198823226,0.0681325487767019,3.2486838030349983,80,expanded
ETN,long,334.01,2026-01-07 04:15:00-05:00,0.8323104098679769,4.023831621807729,-3.5927068051854736,112,expanded
ETN,long,318.37,2026-01-08 10:35:00-05:00,0.7821088670414955,0.3172409460690363,0.6973018814586709,72,expanded
ETN,long,322.501,2026-01-09 09:55:00-05:00,0.8430981609359509,0.3103866344600409,0.7624782558813782,77,expanded
ETN,short,322.06,2026-01-12 06:40:00-05:00,0.3726013786250974,2.5181643172079777,-2.0307085636216837,96,core
ETN,short,329.77,2026-01-13 04:20:00-05:00,0.17891257543135367,1.2827121933468837,-1.131091366710137,96,expanded
ETN,short,330.73,2026-01-14 10:40:00-05:00,0.7574154143863561,0.5533214404499089,-0.06349590300244294,71,expanded
ETN,short,336.68,2026-01-15 10:00:00-05:00,1.2296542711179714,0.4900498990139011,0.49899013900439787,81,core
ETN,long,337.59,2026-01-16 04:20:00-05:00,3.5575698332296715,0.6190941674812569,1.9135637903966458,115,expanded
ETN,long,337.06,2026-01-20 08:45:00-05:00,2.2666587551177795,0.16495579422060855,0.4759093336498003,91,core
ETN,long,338.15,2026-01-21 06:55:00-05:00,2.0812065651338156,1.0971462368771197,0.18926511903002904,89,expanded
ETN,short,334.91,2026-01-22 13:25:00-05:00,0.5494013317010634,0.074646920068078,0.3612910931295083,38,expanded
ETN,short,335.0,2026-01-23 04:40:00-05:00,1.3791044776119417,0.5283582089552185,1.3313432835820835,91,expanded
ETN,short,333.7,2026-01-26 04:15:00-05:00,1.8579562481270568,3.0866047347917327,0.20976925382079373,121,expanded
ETN,long,335.4,2026-01-27 09:55:00-05:00,1.9677996422182538,0.05366726296957364,1.9677996422182538,84,core
ETN,short,341.6,2026-01-28 10:15:00-05:00,0.0,2.2336065573770476,-1.4314988290398085,83,expanded
ETN,short,353.72,2026-01-29 10:50:00-05:00,0.9496211692864517,0.5710731652154194,0.2289946850616313,81,expanded
ETN,short,351.2,2026-01-30 10:05:00-05:00,1.1873576309795033,0.9794988610478352,-0.09111617312072699,79,expanded
ETN,long,345.01,2026-02-03 08:25:00-05:00,8.950465203907132,0.5246224747108786,4.757108489609004,98,expanded
ETN,long,365.14,2026-02-04 07:25:00-05:00,3.280933340636473,2.777017034562082,1.4679301089992918,109,expanded
ETN,long,359.09,2026-02-05 10:00:00-05:00,0.377342727449948,2.528613996491126,-2.2529170959926414,90,core
ETN,short,366.855,2026-02-06 10:30:00-05:00,0.31483828760682814,2.1929645227678396,-1.3752027367760993,73,expanded
ETN,long,375.46,2026-02-09 04:10:00-05:00,1.3476801789804513,1.2517977947051588,0.7830394715815261,105,expanded
ETN,long,380.78,2026-02-10 12:25:00-05:00,0.37291874573244815,0.9173275907348063,-0.9141499028310213,51,expanded
ETN,short,397.21,2026-02-11 10:00:00-05:00,1.6645603081493316,0.08811459933033478,-0.020140479846942658,81,expanded
ETN,long,391.84,2026-02-12 13:50:00-05:00,1.7246835443038073,0.8498366680277625,-0.21437321355654732,41,expanded
ETN,short,390.415,2026-02-13 10:35:00-05:00,1.0027790940409615,1.0463225029775953,0.3573120909801208,71,expanded
ETN,short,389.94,2026-02-17 04:05:00-05:00,1.4312458326922135,0.8437195465969176,-0.3333846232753786,105,expanded
ETN,long,379.93,2026-02-18 15:30:00-05:00,0.8080435869765465,0.002632063801224148,0.4132340167925653,15,expanded
ETN,long,381.12,2026-02-19 10:45:00-05:00,0.10232997481107954,1.4116288832913506,-1.1282535684298938,72,expanded
ETN,long,374.79,2026-02-20 10:15:00-05:00,0.9898609888204072,1.272712719122719,-0.4776007897756131,75,expanded
ETN,long,362.78,2026-02-23 10:30:00-05:00,0.23705827223110804,0.8104085120458675,-0.17641545840453896,76,expanded
ETN,long,363.54,2026-02-24 06:00:00-05:00,3.908758320955054,0.9737580458821643,2.932277053419147,93,core
ETN,short,377.65,2026-02-25 04:40:00-05:00,2.3301999205613546,0.6222692969680982,1.098901098901093,102,expanded
ETN,long,376.12,2026-02-26 05:00:00-05:00,0.10103158566414853,4.21673933850899,-0.5663086249069433,91,expanded
ETN,short,372.49,2026-02-27 10:35:00-05:00,0.8751644339445397,1.0657735778141684,-0.46387822491878355,69,expanded
ETN,long,374.21,2026-03-02 10:45:00-05:00,1.2132225221132573,0.3741214825899835,0.7455706688757705,69,expanded
ETN,short,367.32,2026-03-03 07:00:00-05:00,4.511053032777958,2.0908199934661895,3.204290536861587,99,expanded
ETN,short,356.1,2026-03-04 04:40:00-05:00,1.5276607694467839,1.4658803706823842,0.02808199943836639,105,core
ETN,long,346.35,2026-03-05 13:25:00-05:00,2.9854193734661396,0.06929406669554182,2.9854193734661396,36,expanded
ETN,short,353.75,2026-03-06 04:25:00-05:00,3.7017667844523046,1.1363957597173093,1.7724381625441643,107,expanded
ETN,short,338.5,2026-03-09 09:55:00-04:00,0.07385524372230429,5.039881831610045,-4.398818316100439,85,expanded
ETN,long,361.0,2026-03-10 11:40:00-04:00,2.0193905817174573,0.2160664819944523,0.1939058171745121,57,expanded
ETN,short,361.95,2026-03-11 13:25:00-04:00,1.989225031081638,0.28180687940324317,1.989225031081638,39,expanded
ETN,short,353.68,2026-03-12 05:45:00-04:00,2.329789640352864,0.40997511875141046,1.4278443790997544,94,expanded
ETN,long,349.0,2026-03-13 05:55:00-04:00,3.4355300859598876,1.1432664756447017,1.7707736389684834,96,expanded
ETN,long,358.25,2026-03-16 04:10:00-04:00,3.279832519190509,0.34891835310537334,1.7306350314026486,98,expanded
ETN,long,359.785,2026-03-17 10:50:00-04:00,1.6533485275928586,0.43776144086052654,0.7705435190460894,68,expanded
ETN,short,362.335,2026-03-18 11:30:00-04:00,0.6885892889177155,1.266783501455844,0.48987815143443975,61,expanded
ETN,long,358.71,2026-03-19 04:45:00-04:00,1.3353405257729143,2.748738535307061,0.5714922918234818,95,expanded
ETN,long,359.0,2026-03-20 07:40:00-04:00,2.243509749303616,1.4902228412256242,-0.39275766016713787,96,expanded
ETN,long,362.78,2026-03-23 14:15:00-04:00,0.6016042780748676,0.8875902750978474,-0.2177628314680974,27,expanded
ETN,short,370.6,2026-03-24 12:15:00-04:00,0.2684835402050741,2.775661090124113,-2.131678359417155,58,expanded
ETN,short,379.8,2026-03-25 04:20:00-04:00,1.9457609268035772,0.16982622432858918,1.9457609268035772,96,core
ETN,long,360.3752,2026-03-26 13:10:00-04:00,0.8310227784819815,1.0281506607557875,0.8310227784819815,41,expanded
ETN,long,363.02,2026-03-27 04:10:00-04:00,0.6748939452371896,2.0715112115034935,-1.6098837529612695,101,expanded
ETN,long,359.31,2026-03-30 04:10:00-04:00,1.2816231109626834,4.817567003423228,-4.767470986056607,100,expanded
ETN,long,352.145,2026-03-31 09:55:00-04:00,2.0261539990628834,1.1344758551165017,1.8046543327322604,78,core
ETN,short,366.32,2026-04-01 10:25:00-04:00,0.6606245905219523,0.5759991264468262,0.20746887966804733,67,expanded
ETN,short,362.5,2026-04-02 11:00:00-04:00,0.5958344827586188,0.30344827586207523,0.5517241379310345,68,expanded
ETN,short,360.81,2026-04-07 10:05:00-04:00,0.3048695989579066,6.15005127352346,-5.0414345500401865,90,expanded
ETN,short,386.59,2026-04-08 09:55:00-04:00,1.4020021211102096,0.3104063736775513,0.6208127473550732,78,expanded
ETN,long,389.08,2026-04-09 10:40:00-04:00,3.091909118947268,0.29042870360851125,2.9865323326822257,72,expanded
ETN,long,401.46,2026-04-10 05:40:00-04:00,1.3824540427439873,0.08967269466446391,0.4159816669157615,90,expanded
ETN,long,400.06,2026-04-13 05:00:00-04:00,1.712243163525477,1.219817027445882,1.3647952807078887,112,expanded
ETN,long,403.025,2026-04-14 10:00:00-04:00,1.1922337323987362,0.39575708702933327,-0.2047019415668975,77,expanded
ETN,long,402.0,2026-04-15 04:05:00-04:00,0.46517412935323493,3.134328358208961,-1.293532338308455,98,expanded
ETN,short,395.52,2026-04-16 06:40:00-04:00,1.987257281553387,0.353964401294507,0.29834142394822183,88,core
ETN,short,395.1,2026-04-17 07:00:00-04:00,0.20754239433056187,4.001518602885346,-2.9511516071880455,96,expanded
ETN,long,406.38,2026-04-20 11:40:00-04:00,0.890791869678627,0.6053447512180667,0.7677543186180433,58,expanded
ETN,short,409.41,2026-04-21 07:20:00-04:00,0.40790405705772104,2.190957719645336,-1.5352092034879337,96,expanded
ETN,long,416.0,2026-04-22 04:35:00-04:00,0.834134615384622,2.644230769230769,-1.1538461538461564,118,expanded
ETN,short,426.05,2026-04-23 12:05:00-04:00,1.5549818096467551,0.6079098697335934,-0.2088956695223533,58,expanded
ETN,long,429.0,2026-04-24 04:05:00-04:00,0.9230769230769184,1.624708624708631,-0.9449883449883388,109,expanded
ETN,long,426.47,2026-04-27 04:35:00-04:00,0.7081389077777995,2.87659155391939,-1.796140408469535,100,expanded
ETN,short,413.66,2026-04-28 05:55:00-04:00,2.9033505777691935,1.3168302470627935,-0.5656819610307922,105,expanded
ETN,long,415.02,2026-04-29 04:05:00-04:00,1.189677605898517,1.84569418341284,-0.9686280179268425,118,expanded
ETN,short,423.37,2026-04-30 10:25:00-04:00,0.21021801261307754,2.7470061648203687,-2.7470061648203687,80,expanded
ETN,long,425.13,2026-05-01 11:25:00-04:00,0.6750640980406063,0.5398348740385331,0.3787076894126534,75,expanded
ETN,long,432.05,2026-05-04 10:55:00-04:00,0.003471820391155273,2.5575743548200465,-2.221965050341401,87,expanded
ETN,long,404.5,2026-05-05 07:55:00-04:00,2.8257107540173068,4.0148331273176785,1.9752781211372088,126,expanded
ETN,short,411.12,2026-05-06 09:55:00-04:00,0.27242654212881995,2.7388597003308015,-1.9080073944347151,91,core
ETN,long,402.915,2026-05-07 13:15:00-04:00,0.06825260911109719,1.6641227057816268,-0.7135500043433478,52,expanded
ETN,long,404.78,2026-05-08 09:55:00-04:00,0.09511339493059137,1.4279361628538894,-0.489154602500114,81,core
ETN,long,400.59,2026-05-11 04:05:00-04:00,5.065029082103902,1.0359719413864492,4.5502883247210395,115,expanded
ETN,long,397.6,2026-05-12 11:50:00-04:00,1.7354124748490887,0.30306841046278693,1.6473843058349986,65,expanded
ETN,short,403.2,2026-05-13 09:55:00-04:00,0.1339285714285624,1.5873015873015959,-0.8184523809523838,79,core
ETN,short,408.35,2026-05-14 04:20:00-04:00,1.291784008815975,0.4016162605607901,0.20815476919309972,109,expanded
ETN,short,401.5,2026-05-15 10:20:00-04:00,1.2428393524283958,0.15442092154421036,0.6726525529265214,73,expanded
ETN,short,398.0,2026-05-18 04:05:00-04:00,5.638190954773869,1.2496231155778899,3.9447236180904497,119,expanded
ETN,long,374.29,2026-05-19 09:55:00-04:00,0.7694301210291388,1.7766972133906953,-0.6385423067674912,82,core
ETN,long,375.48,2026-05-20 04:25:00-04:00,2.17055502290401,1.0706295941195372,2.17055502290401,123,expanded
ETN,long,382.25,2026-05-21 10:00:00-04:00,0.7194244604316548,0.7848266841072596,-0.1438848920863339,88,core
ETN,long,387.27,2026-05-22 10:00:00-04:00,2.0502491801585454,0.20915640250987744,0.9708988560952284,83,expanded
ETN,short,403.5,2026-05-26 10:00:00-04:00,0.2577447335811699,1.5241635687732287,-0.37174721189591076,84,expanded
ETN,long,405.94,2026-05-27 04:10:00-04:00,1.0001478050943495,2.6210770064541524,0.189683204414441,116,expanded
ETN,long,393.31,2026-05-28 10:05:00-04:00,3.1781546362919832,0.07373318756197922,2.4198723653098106,82,expanded
ETN,long,403.5,2026-05-29 04:35:00-04:00,0.3692688971499403,1.486988847583643,-0.7757125154894661,101,core
ETN,short,401.08,2026-06-01 04:15:00-04:00,1.8662112296798534,0.7853794754163843,0.7125012466340794,121,expanded
ETN,short,410.765,2026-06-02 10:05:00-04:00,0.5489756916971981,2.1703407057563378,-1.3961754287731463,88,expanded
ETN,short,419.06,2026-06-03 10:00:00-04:00,0.11334892378180278,1.7956855820168895,0.014317758793490737,93,core
ETN,long,414.54,2026-06-04 10:30:00-04:00,1.6958556472234216,1.0927775365465404,1.5583538379890913,70,expanded
ETN,long,402.26,2026-06-05 12:05:00-04:00,0.009943817431517045,2.5655048973300834,-2.2970218266792646,67,expanded
ETN,long,401.91,2026-06-08 10:05:00-04:00,1.144534846109817,0.3513970789480272,-0.3513970789480272,74,expanded
ETN,long,410.505,2026-06-09 10:00:00-04:00,0.2643085955104029,5.818418776872393,-2.780721306683237,81,core
ETN,short,394.62,2026-06-10 09:55:00-04:00,5.4001317723379465,0.3040900106431475,5.002280675079826,93,core
ETN,long,383.285,2026-06-11 11:30:00-04:00,3.364337242521878,0.5544177309312913,3.197359667088458,64,expanded
ETN,short,397.07,2026-06-12 10:00:00-04:00,2.1996121590651474,0.483541944745263,1.276852947842948,74,expanded
LRCX,short,165.27,2025-12-16 10:00:00-05:00,2.7107157983905235,0.06655775397832953,1.4703212924305722,88,expanded
LRCX,long,157.67,2025-12-17 11:25:00-05:00,1.4777700260036866,2.5813407750364648,-0.4249381619838825,88,expanded
LRCX,short,164.45,2025-12-18 10:25:00-05:00,1.0215871085436172,0.8026755852842942,-0.27363940407419707,84,expanded
LRCX,short,171.21,2025-12-19 10:00:00-05:00,1.1973599672916369,1.3842649377956922,-1.3258571345131602,97,expanded
LRCX,short,174.21,2025-12-22 09:55:00-05:00,0.7519660180242249,1.025716089776708,-0.8151082027438077,81,core
LRCX,short,175.65,2025-12-23 10:15:00-05:00,0.3586678052946174,0.9336749217193204,-0.05693139766580946,79,expanded
LRCX,long,174.64,2025-12-24 06:35:00-05:00,1.6726981218506802,0.13742556115436366,1.5918460833715078,63,expanded
LRCX,short,177.74,2025-12-26 07:00:00-05:00,0.0,1.1589962867109271,-0.2756835827613259,107,expanded
LRCX,short,176.635,2025-12-29 10:00:00-05:00,1.0671724176975066,0.49820250799671384,0.6148271860050297,84,expanded
LRCX,long,175.465,2025-12-30 10:10:00-05:00,0.19662040862850075,1.34784714900408,-0.8064286324908055,83,expanded
LRCX,short,172.48,2025-12-31 13:00:00-05:00,1.0320037105751398,0.1681354359925907,0.8232838589981375,52,expanded
LRCX,long,180.41,2026-01-02 11:35:00-05:00,3.026439776065633,0.7538384790200018,3.026439776065633,76,expanded
LRCX,short,189.48,2026-01-05 08:25:00-05:00,0.0,4.686510449651691,-2.2535359932446752,119,expanded
LRCX,short,204.53,2026-01-06 10:25:00-05:00,0.6551606121351408,2.8944409133134443,-1.6965726299320387,99,expanded
LRCX,long,203.72,2026-01-07 08:25:00-05:00,0.8148439033968174,1.9242096995876632,-0.7952091105438861,110,core
LRCX,long,198.385,2026-01-08 10:25:00-05:00,2.4371802303601626,0.869521385185369,1.469365123371233,89,expanded
LRCX,short,213.19,2026-01-09 10:25:00-05:00,0.5347342745907343,3.0020169801585466,-2.6314555091702303,94,expanded
LRCX,short,220.57,2026-01-12 10:20:00-05:00,0.6800562179806864,0.9112753320941285,0.544044974384544,85,expanded
LRCX,long,213.835,2026-01-13 15:35:00-05:00,1.0413169032197693,0.18238361353380633,0.9057918488554165,30,expanded
LRCX,short,209.86,2026-01-14 10:45:00-05:00,1.5486514819403412,0.4604974745068107,0.005527494520163727,84,expanded
LRCX,long,225.7,2026-01-15 08:25:00-05:00,2.348249889233501,3.7616304829419502,-2.3039432875498402,110,core
LRCX,short,222.11,2026-01-16 10:05:00-05:00,1.400207104587823,1.1908513799468647,-0.49074782765295344,92,expanded
LRCX,long,217.91,2026-01-20 08:25:00-05:00,3.780230370336383,0.8260290945803235,2.6570602542333956,109,expanded
LRCX,long,223.57,2026-01-21 10:00:00-05:00,4.173189605045406,0.3399382743659663,3.1220646777295786,104,core
LRCX,short,237.35,2026-01-22 09:25:00-05:00,8.802401516747413,0.06319780914261879,8.194649252159254,120,core
LRCX,short,218.5,2026-01-23 08:30:00-05:00,2.1190389016018303,2.224256292906185,1.1392219679633917,109,expanded
LRCX,short,220.475,2026-01-26 10:25:00-05:00,0.6236534754507314,2.2111350493253203,-1.4763578637033659,82,expanded
LRCX,short,235.9999,2026-01-27 10:25:00-05:00,0.28385605248137147,2.457670532911249,-2.11868733842684,108,expanded
LRCX,short,248.8,2026-01-28 07:40:00-05:00,4.686495176848885,3.285852090032139,-1.338705787781342,147,expanded
LRCX,short,247.0775,2026-01-29 08:25:00-05:00,4.153555058635444,1.7413159838512233,0.7906426121358648,127,core
LRCX,short,242.15,2026-01-30 08:30:00-05:00,4.191616766467068,4.014040883749741,3.634111088168495,115,core
LRCX,short,229.7,2026-02-02 08:50:00-05:00,0.30474531998258103,5.768393556813235,-4.484109708315199,111,core
LRCX,short,237.45,2026-02-03 09:55:00-05:00,4.569383028005894,0.0,3.3480732785849607,95,core
LRCX,long,212.09,2026-02-04 11:35:00-05:00,2.1281531425338285,3.2910556839077705,1.2400396058277126,89,expanded
LRCX,short,209.65,2026-02-05 08:30:00-05:00,2.4230860958740816,2.9573098020510318,-1.6026711185308777,123,core
LRCX,short,219.6,2026-02-06 07:05:00-05:00,2.550091074681236,5.851548269581055,-5.031602914389809,126,expanded
LRCX,short,228.08,2026-02-09 09:50:00-05:00,1.074184496667843,1.418361978253238,-0.14030164854436739,89,core
LRCX,long,223.76,2026-02-10 10:10:00-05:00,2.008848766535576,0.6703611011798356,1.7161244190203806,85,expanded
LRCX,long,236.41,2026-02-11 15:25:00-05:00,0.05498921365424283,0.9855336068694256,-0.5964214711729608,30,expanded
LRCX,short,239.75,2026-02-12 09:25:00-05:00,4.216892596454646,0.10427528675703858,1.2721584984358754,120,core
LRCX,short,236.0,2026-02-13 09:20:00-05:00,1.1059322033898362,2.8728389830508463,0.44491525423729295,97,expanded
LRCX,short,233.48,2026-02-17 10:05:00-05:00,1.0450573924961444,2.000171320884023,-0.8908685968819653,79,expanded
LRCX,short,240.315,2026-02-18 10:40:00-05:00,0.8717724653059521,2.0618771196138455,-0.5357967667436481,75,expanded
LRCX,short,233.21,2026-02-19 10:25:00-05:00,0.2615668281806156,1.99048068264654,-1.7537841430470404,85,expanded
LRCX,long,243.02,2026-02-20 10:40:00-05:00,0.8805859600032863,1.2776726195374941,0.6913011274792109,77,expanded
LRCX,short,246.1042,2026-02-23 09:55:00-05:00,3.5489439026233542,0.13644626950698366,1.4645016216708173,86,core
LRCX,long,243.8,2026-02-24 09:55:00-05:00,1.6242821985233715,1.689909762100084,0.45529122231336555,89,expanded
LRCX,short,254.11,2026-02-25 10:05:00-05:00,2.404470504899458,0.5745543268663097,2.0109401440321175,103,expanded
LRCX,short,240.27,2026-02-26 09:50:00-05:00,3.9830191035085614,0.2372331127481555,1.0690889416073612,93,core
LRCX,short,237.17,2026-02-27 10:35:00-05:00,2.137707129906815,0.9929586372644171,1.5684951722393217,88,expanded
LRCX,long,221.29,2026-03-03 09:55:00-05:00,0.9037914049437391,2.4854263635952822,-1.5884585837588636,94,expanded
LRCX,short,221.56,2026-03-04 09:55:00-05:00,1.155443220797979,1.606788228922189,-1.1012818198230718,95,expanded
LRCX,short,221.18,2026-03-05 10:00:00-05:00,5.9001718057690615,0.8183380052445982,2.712722669319106,94,core
LRCX,short,208.29,2026-03-06 09:45:00-05:00,4.724182629987039,1.4162945892745773,4.127466513034704,105,expanded
LRCX,short,196.8608,2026-03-09 08:30:00-04:00,1.4125717258082864,7.436320486353804,-6.4203741933386365,114,expanded
LRCX,short,209.5,2026-03-10 08:30:00-04:00,0.0,5.403293556085914,-2.6252983293556085,106,core
LRCX,long,220.26,2026-03-11 14:00:00-04:00,0.004176881866894212,2.3880868065014034,-1.6603105420866169,45,expanded
LRCX,long,212.09,2026-03-12 10:20:00-04:00,0.4714979489839219,1.8058371446084267,-1.3014286387854201,93,expanded
LRCX,short,214.67,2026-03-13 11:35:00-04:00,1.6571015978012755,0.13974938277356472,1.2344528811664308,71,expanded
LRCX,long,219.93,2026-03-16 09:45:00-04:00,0.5956440685672724,1.8096667121356875,-0.19551675533124485,90,expanded
LRCX,short,223.92,2026-03-17 10:00:00-04:00,1.018220793140408,1.522865309038954,-1.375446588067171,94,expanded
LRCX,long,225.21,2026-03-18 09:25:00-04:00,3.1570534168109696,0.9924070867190682,0.5727987211935491,115,core
LRCX,short,224.38,2026-03-19 07:15:00-04:00,4.180408236028164,5.1787146804528055,-4.999242356716282,126,expanded
LRCX,short,229.845,2026-03-20 09:55:00-04:00,3.39359133328983,1.1986338619504429,0.2545193499967404,112,core
LRCX,long,233.07,2026-03-23 08:25:00-04:00,2.7674089329386096,2.576479169348263,0.7851718367872367,109,core
LRCX,short,232.675,2026-03-24 09:55:00-04:00,0.05372300419039433,5.090791877081766,-4.222628129364988,100,expanded
LRCX,long,217.08,2026-03-26 10:35:00-04:00,0.5527455316012462,2.708678828081824,-1.7182605491063283,84,expanded
LRCX,short,214.18,2026-03-27 10:05:00-04:00,2.132038472313015,0.9174526099542456,1.6651414697917712,89,expanded
LRCX,short,204.03,2026-03-30 09:55:00-04:00,2.9554477282752543,1.7840023525952122,2.764299367740046,101,core
LRCX,long,207.1,2026-03-31 09:35:00-04:00,5.263157894736845,1.4292612264606508,5.263157894736845,98,expanded
LRCX,long,223.6301,2026-04-01 11:10:00-04:00,0.8361575655513284,1.3013006746408466,-1.0911321865884787,80,expanded
LRCX,long,212.28,2026-04-02 09:50:00-04:00,4.583568871302049,0.16487657810438774,2.4307518371961545,90,expanded
LRCX,long,216.98,2026-04-06 10:05:00-04:00,1.79952069315145,0.20739238639505422,1.2766153562540374,88,expanded
LRCX,short,219.54,2026-04-07 10:00:00-04:00,1.3391637059305812,7.497494761774623,-7.041996902614561,104,expanded
LRCX,long,247.57,2026-04-08 09:45:00-04:00,0.6543603829220037,2.4558710667689883,-1.6459587187462072,94,expanded
LRCX,short,255.66,2026-04-09 12:00:00-04:00,0.3950559336618912,1.697567081279826,-1.5018774935461245,81,expanded
LRCX,short,264.1,2026-04-10 09:15:00-04:00,1.8057553956834553,1.5638015903067002,-0.03786444528586365,102,expanded
LRCX,short,263.755,2026-04-13 10:00:00-04:00,1.1014009213095384,1.8483061932475213,-1.601865367481194,95,core
LRCX,long,268.49,2026-04-14 10:10:00-04:00,1.8659912845916016,0.05583075719766187,1.597824872434714,81,expanded
LRCX,short,274.3,2026-04-15 04:05:00-04:00,6.861100984323741,0.25519504192489556,3.2816624134159667,142,expanded
LRCX,short,262.9,2026-04-16 09:50:00-04:00,1.414986686953203,1.2742487637885216,0.6770635222517964,94,expanded
LRCX,long,265.83,2026-04-17 10:20:00-04:00,0.978068690516504,0.31599142308993533,0.7592446300267128,83,expanded
LRCX,long,264.21,2026-04-20 09:55:00-04:00,0.8478104538056884,0.6339654063055731,0.045418417168163416,96,core
LRCX,long,261.8799,2026-04-21 10:55:00-04:00,0.1336872360192583,1.9741492187831295,-0.3359937131486687,92,expanded
LRCX,long,262.1,2026-04-22 08:35:00-04:00,6.604349484929417,1.7932086989698761,3.6856161770316547,135,expanded
LRCX,short,265.2714,2026-04-24 08:40:00-04:00,0.43446070703439266,3.984070653677685,-1.3188756873149359,113,expanded
LRCX,short,258.435,2026-04-27 09:50:00-04:00,0.8222570472265753,1.6445140944531507,-0.3540542109234509,98,core
LRCX,short,250.04,2026-04-28 08:40:00-04:00,2.799552071668533,1.463765797472403,-0.47992321228604107,107,expanded
LRCX,short,248.045,2026-04-29 09:50:00-04:00,2.59831885343385,1.2840412022012144,-0.8083210707734579,113,expanded
LRCX,long,252.805,2026-04-30 10:00:00-04:00,2.60873004885187,1.3112873558671694,1.4141334229940028,98,core
LRCX,long,255.32,2026-05-01 09:55:00-04:00,2.005326648911172,0.26829077236409304,0.2545824847250531,90,core
LRCX,short,258.99,2026-05-04 10:30:00-04:00,1.5599057878682654,0.5560060233985858,0.5486698328120747,81,expanded
LRCX,short,269.75,2026-05-05 10:20:00-04:00,0.4300278035217887,3.7998146431881374,-3.7998146431881374,106,expanded
LRCX,long,287.147,2026-05-06 07:25:00-04:00,4.040787471225542,1.477814499193787,3.0482644777761867,131,expanded
LRCX,short,295.68,2026-05-07 09:05:00-04:00,4.241071428571436,0.7829410173160165,3.273809523809526,98,expanded
LRCX,long,295.3,2026-05-08 09:30:00-04:00,0.7179139857771774,2.6346088723332306,-0.155773789366758,95,expanded
LRCX,short,295.53,2026-05-11 10:00:00-04:00,0.4162014008729948,1.248604202619042,-0.023686258586285668,95,expanded
LRCX,short,285.02,2026-05-12 10:05:00-04:00,2.5436811451827945,1.8700442074240549,0.007017051434980637,84,expanded
LRCX,short,291.43,2026-05-13 09:55:00-04:00,1.4583261846755653,2.5941049308581827,-2.1514600418625336,88,core
LRCX,short,299.6852,2026-05-14 10:05:00-04:00,1.8479391040999056,2.774511387282385,-0.18846442867381874,103,expanded
LRCX,long,283.55,2026-05-15 11:15:00-04:00,1.5693881149709006,0.4373126432727946,-0.20454946217597744,80,expanded
LRCX,short,290.1,2026-05-18 08:15:00-04:00,5.866942433643584,1.5374008962426677,3.8952085487762877,115,expanded
LRCX,short,270.065,2026-05-19 10:00:00-04:00,2.353137207709262,2.7567437468757494,-1.5311128802325333,86,expanded
LRCX,short,282.925,2026-05-20 10:10:00-04:00,0.24211363435539535,3.7836882566051013,-2.572660599098706,99,expanded
LRCX,long,299.76,2026-05-21 10:45:00-04:00,1.748065118761679,1.1609287429944015,1.748065118761679,81,expanded
LRCX,long,308.61,2026-05-22 10:05:00-04:00,0.4439259907326414,1.5925277858786298,-1.4937947571368437,92,expanded
LRCX,long,315.06,2026-05-26 09:55:00-04:00,3.088522821049963,0.609407731860603,2.6820288199073157,100,expanded
LRCX,long,334.0,2026-05-27 07:25:00-04:00,1.7574850299401212,5.904191616766475,-5.019760479041922,129,core
LRCX,short,320.87,2026-05-28 12:55:00-04:00,1.4055536510113102,0.1651759279458886,0.5827905382242043,57,expanded
LRCX,long,320.28,2026-05-29 11:10:00-04:00,0.4901648557512234,1.0831147745722476,-0.7899338079180633,70,expanded
LRCX,long,319.0,2026-06-01 04:10:00-04:00,0.5736677115987411,3.750783699059553,-1.2539184952978055,125,expanded
LRCX,long,331.65,2026-06-02 10:40:00-04:00,1.1759384893713356,0.9917081260364805,0.2683551937283411,85,expanded
LRCX,long,339.54,2026-06-03 10:15:00-04:00,2.1293514755257,0.47852977557872217,0.8717676856924014,105,expanded
LRCX,long,333.22,2026-06-04 08:50:00-04:00,2.7456335153952347,2.5538683152271915,-0.5912010083428447,104,expanded
LRCX,short,322.07,2026-06-05 10:45:00-04:00,6.69730182879498,0.2313161735026561,6.69730182879498,93,expanded
LRCX,short,315.735,2026-06-08 10:05:00-04:00,0.04909180166913061,4.73339984480656,-2.9344228546090823,91,expanded
LRCX,short,342.05,2026-06-09 10:25:00-04:00,10.536471276129227,0.26604297617306477,6.215845636602838,90,expanded
LRCX,short,325.0,2026-06-10 08:35:00-04:00,3.043076923076919,7.126492307692301,3.043076923076919,110,core
LRCX,long,334.44,2026-06-11 08:55:00-04:00,9.771558426025598,0.9269226169118594,9.645975361798826,128,expanded
LRCX,long,361.2708,2026-06-12 07:10:00-04:00,3.4736269856296116,2.0125623216711697,2.4826805819900195,120,expanded
SMTC,short,71.93,2025-12-16 09:40:00-05:00,1.876824690671498,0.6742666481301256,1.1121924092868223,76,core
SMTC,short,67.13,2025-12-17 14:25:00-05:00,0.5735140771636986,1.9961269179204582,-1.9961269179204582,21,expanded
SMTC,long,67.13,2025-12-18 05:55:00-05:00,7.716371220020865,0.0,5.779830180247296,83,core
SMTC,short,71.3,2025-12-19 08:00:00-05:00,0.02805049088358488,4.0673211781206255,-2.6647966339411018,84,core
SMTC,short,74.5,2025-12-22 09:25:00-05:00,0.7382550335570431,1.8791946308724907,-1.073825503355701,79,expanded
SMTC,short,75.24,2025-12-23 07:15:00-05:00,0.9835194045720295,1.515151515151516,-0.31871345029240095,81,expanded
SMTC,short,76.2,2025-12-24 09:35:00-05:00,1.0826771653543343,0.3608923884514324,0.8530183727034195,41,expanded
SMTC,short,75.62,2025-12-29 14:00:00-05:00,0.3306003702724147,0.6083046813012347,-0.18513620735255296,24,expanded
SMTC,long,75.57,2025-12-30 14:10:00-05:00,0.1918750827047906,0.7542675664946318,-0.7542675664946318,23,expanded
SMTC,short,75.375,2025-12-31 09:35:00-05:00,2.2487562189054637,0.0,2.2354892205638506,77,expanded
SMTC,short,75.73,2026-01-02 09:35:00-05:00,5.5050838505215856,1.505347946652582,0.6206259078304488,77,expanded
SMTC,long,76.53,2026-01-05 08:00:00-05:00,1.3145171828041293,4.351234809878476,-2.861622892983141,80,expanded
SMTC,long,74.42,2026-01-06 09:30:00-05:00,4.46116635313087,1.3437248051599033,4.058048911582903,78,core
SMTC,short,77.44,2026-01-07 08:50:00-05:00,5.087809917355369,0.0,1.0588842975206525,79,core
SMTC,short,73.35,2026-01-08 12:30:00-05:00,2.5760054533060646,0.9543285616905287,1.581458759372865,43,expanded
SMTC,long,73.125,2026-01-09 09:30:00-05:00,7.227213675213666,1.7434529914529946,6.379487179487188,78,expanded
SMTC,short,78.19,2026-01-12 10:25:00-05:00,0.16626167029031264,2.0974549175086334,-1.9056145287121233,68,expanded
SMTC,short,80.27,2026-01-13 10:05:00-05:00,5.5811635729413105,0.22424317926997236,5.319546530459694,73,expanded
SMTC,short,71.69,2026-01-14 10:35:00-05:00,1.1717115357790535,3.598828288464219,-3.2222067233923872,66,expanded
SMTC,long,75.48,2026-01-15 08:40:00-05:00,3.6036036036036023,0.0,2.9411764705882337,83,expanded
SMTC,long,78.77,2026-01-16 09:30:00-05:00,0.5078075409419902,3.8974228767297108,-0.8632728196013618,81,core
SMTC,long,75.1872,2026-01-20 08:00:00-05:00,6.85316117637044,2.8957056520258755,2.397748552945169,79,core
SMTC,long,78.08,2026-01-21 09:30:00-05:00,3.739754098360658,1.7546106557377108,3.739754098360658,81,expanded
SMTC,short,81.8,2026-01-22 09:05:00-05:00,2.8850855745721264,2.444987775061125,2.0782396088019595,80,expanded
SMTC,short,80.0,2026-01-23 09:25:00-05:00,1.7387500000000067,2.1937499999999943,-0.649999999999995,80,expanded
SMTC,long,80.12,2026-01-26 05:00:00-05:00,2.408886669994998,2.745881178232654,1.3105341987019434,80,expanded
SMTC,long,81.19,2026-01-27 09:25:00-05:00,1.6133760315309755,3.1284640965636066,-0.2340189678531811,80,expanded
SMTC,long,80.99,2026-01-28 09:35:00-05:00,3.46956414372145,1.4075811828620826,0.7531794048647975,81,expanded
SMTC,short,82.99,2026-01-29 08:05:00-05:00,6.47065911555608,0.4940354259549474,3.1088082901554386,81,expanded
SMTC,short,83.94,2026-01-30 10:15:00-05:00,6.826304503216588,0.7743626399809456,4.395997140814865,71,expanded
SMTC,short,78.15,2026-02-02 07:00:00-05:00,0.0,13.44836852207292,-12.296865003198974,81,expanded
SMTC,long,88.83,2026-02-03 08:05:00-05:00,1.3621524259822222,5.775075987841941,-2.2177192389958336,85,expanded
SMTC,long,78.92,2026-02-04 13:10:00-05:00,5.760897110998473,1.1023821591485106,5.727318803851997,38,expanded
SMTC,long,78.27,2026-02-05 09:20:00-05:00,8.585665005749329,2.887440909671638,5.391593203015202,81,expanded
SMTC,long,85.5,2026-02-06 09:35:00-05:00,2.830409356725148,2.2105263157894743,1.1695906432748537,77,expanded
SMTC,short,85.13,2026-02-09 09:25:00-05:00,0.05873370139785875,10.3958651474216,-7.8820627275931034,105,core
SMTC,long,90.6,2026-02-10 04:05:00-05:00,1.3245033112582814,3.9735099337748285,-2.8697571743929298,87,expanded
SMTC,long,88.5,2026-02-11 05:05:00-05:00,4.519774011299435,1.9096045197740088,0.033898305084747046,83,expanded
SMTC,short,89.07,2026-02-12 08:25:00-05:00,4.198944650275059,1.218143033569112,3.6151341641405628,82,expanded
SMTC,short,86.91,2026-02-13 11:00:00-05:00,1.628121044758937,1.2541709814750932,-0.23012311586699213,61,expanded
SMTC,long,86.35,2026-02-17 04:10:00-05:00,2.802547770700639,2.588303416328894,1.5170816444701822,80,expanded
SMTC,long,87.73,2026-02-18 08:05:00-05:00,2.220905049583942,1.914966374102367,1.481819218055394,81,expanded
SMTC,long,84.93,2026-02-20 07:20:00-05:00,4.486047333097831,0.8006593665371563,2.1664900506299176,80,expanded
SMTC,long,87.17,2026-02-23 09:35:00-05:00,1.9846277389010025,1.6232648847080489,-0.40151428243662785,77,expanded
SMTC,long,87.6,2026-02-24 08:30:00-05:00,4.417808219178088,0.0,3.7139269406392685,81,expanded
SMTC,short,92.785,2026-02-25 10:05:00-05:00,1.137037236622291,1.2609796842162007,1.137037236622291,82,expanded
SMTC,long,92.71,2026-02-26 07:00:00-05:00,0.6363930536080287,5.047999137094157,-2.3945636932369743,80,expanded
SMTC,short,89.825,2026-02-27 09:35:00-05:00,2.866685221263571,0.9741163373225716,-0.43974394656275645,78,expanded
SMTC,short,93.3,2026-03-02 12:55:00-05:00,0.03215434083601408,3.386923901393351,-3.1618435155412676,38,expanded
SMTC,long,92.41,2026-03-03 14:00:00-05:00,0.2705334920463153,2.564657504599059,-0.9739205713667259,31,expanded
SMTC,short,91.61,2026-03-04 09:55:00-05:00,2.8490339482589233,1.3972273769239179,2.8490339482589233,74,core
SMTC,short,87.51,2026-03-05 10:30:00-05:00,3.239629756599255,1.1655810764484014,0.4913724145811985,66,expanded
SMTC,short,86.77,2026-03-06 10:05:00-05:00,6.246398524835775,0.9104529215166605,6.246398524835775,76,expanded
SMTC,long,81.0,2026-03-09 08:35:00-04:00,5.839506172839512,3.55555555555555,3.7654320987654284,85,expanded
SMTC,short,87.83,2026-03-10 13:55:00-04:00,1.6736878059888407,0.5123534099965876,0.9450074006603647,26,expanded
SMTC,long,87.03,2026-03-11 09:35:00-04:00,1.769504768470633,2.200965184419159,-1.9073882569228964,82,expanded
SMTC,long,83.09,2026-03-12 10:20:00-04:00,1.251654832109751,2.1061499578770007,-0.7100734143699643,69,expanded
SMTC,long,85.75,2026-03-13 09:35:00-04:00,0.43731778425655976,3.55685131195335,-1.04956268221575,77,expanded
SMTC,short,86.1,2026-03-16 08:00:00-04:00,1.8252032520325208,9.175377468060402,-2.2067363530778232,130,expanded
SMTC,long,85.03,2026-03-17 09:20:00-04:00,2.1757026931671106,7.679642479125016,-6.011407738445262,95,expanded
SMTC,short,77.45,2026-03-18 09:55:00-04:00,6.003873466752751,0.6843124596513894,5.526145900581021,88,core
SMTC,long,72.0835,2026-03-19 09:55:00-04:00,11.232112758120799,0.09502868201460837,10.926911151650506,91,expanded
SMTC,short,76.225,2026-03-20 11:00:00-04:00,6.351590685470641,0.7477861593965333,2.840275500163978,70,expanded
SMTC,short,76.73,2026-03-23 13:15:00-04:00,0.4300794995438529,1.9223250358399508,0.27368695425519085,33,expanded
SMTC,short,75.68,2026-03-24 10:30:00-04:00,0.4096194503171277,5.642177589852003,-5.047568710359399,70,expanded
SMTC,short,81.0,2026-03-25 11:05:00-04:00,3.0864197530864197,0.7716049382716049,1.1851851851851776,59,expanded
SMTC,long,78.7,2026-03-26 08:00:00-04:00,0.7623888182973244,6.302414231257951,-4.574332909784,85,expanded
SMTC,long,73.8,2026-03-27 05:10:00-04:00,3.224932249322506,4.092140921409209,-2.777777777777774,91,expanded
SMTC,short,77.0,2026-03-30 04:15:00-04:00,10.181818181818187,4.337662337662342,6.363636363636371,121,core
SMTC,short,71.4,2026-03-31 07:10:00-04:00,0.14005602240897552,8.305322128851529,-7.8431372549019525,93,expanded
SMTC,short,77.71,2026-04-01 04:15:00-04:00,1.0552052502895295,6.112469437652813,-2.136147214000786,95,expanded
SMTC,short,76.11,2026-04-02 04:05:00-04:00,0.8803048219682061,9.538825384312187,-8.54027066088556,89,expanded
SMTC,short,83.03,2026-04-06 06:45:00-04:00,1.2405154763338566,3.0952667710466018,1.2405154763338566,87,core
SMTC,short,83.03,2026-04-07 12:25:00-04:00,2.529206310971931,5.383596290497409,-4.203300012043833,52,core
SMTC,short,87.44,2026-04-08 09:55:00-04:00,1.1550777676120665,3.2136322049405335,0.7319304666056731,74,core
SMTC,long,87.01,2026-04-09 09:30:00-04:00,4.011033214573032,0.30456269394322555,1.9078266865877447,80,expanded
SMTC,short,89.6,2026-04-10 04:05:00-04:00,5.937499999999993,2.7901785714285716,3.75,90,expanded
SMTC,short,84.0,2026-04-13 04:05:00-04:00,0.5952380952380952,10.119047619047619,-9.928571428571432,98,expanded
SMTC,long,92.72,2026-04-14 10:35:00-04:00,0.6956427955133693,4.270923209663496,-1.203300258843835,66,expanded
SMTC,short,92.59,2026-04-15 10:05:00-04:00,2.1276595744680837,1.360838103466887,-0.7344205637757778,72,expanded
SMTC,long,93.23,2026-04-16 06:35:00-04:00,12.142014373055876,0.8259144052343776,7.489005684865385,89,expanded
SMTC,long,106.1,2026-04-17 10:10:00-04:00,4.194156456173424,0.2921771913289237,2.4222431668237583,77,expanded
SMTC,long,107.77,2026-04-20 10:00:00-04:00,0.26909158392874294,2.5099749466456327,-2.234944789830187,75,expanded
SMTC,long,107.08,2026-04-21 04:15:00-04:00,2.633545013074344,4.081060889054917,-2.7175943220022383,99,expanded
SMTC,long,102.075,2026-04-22 10:30:00-04:00,2.620720058780309,1.650746999755084,1.4352192015674783,75,expanded
SMTC,long,106.09,2026-04-23 14:10:00-04:00,1.3290602318785905,1.7626543500801248,-1.215948722782549,28,expanded
SMTC,short,106.235,2026-04-24 09:55:00-04:00,0.9648420953546436,6.415023297406691,-3.5440297453758185,81,core
SMTC,long,111.99,2026-04-27 04:05:00-04:00,0.008929368693637928,10.938476649700867,-9.813376194303059,94,expanded
SMTC,short,97.16,2026-04-28 10:10:00-04:00,4.6387402223137,0.5918073281185703,2.1922601893783407,73,core
SMTC,short,95.88,2026-04-29 04:10:00-04:00,0.9282436378806849,3.6921151439299194,-2.816020025031292,104,expanded
SMTC,short,100.17,2026-04-30 10:00:00-04:00,0.0648896875311947,6.369172406908251,-3.444144953578918,73,expanded
SMTC,long,105.0,2026-05-01 04:20:00-04:00,3.3333333333333335,2.714285714285709,2.1558095238095207,104,expanded
SMTC,long,106.83,2026-05-04 12:05:00-04:00,1.666198633342695,0.8986239820275145,-0.7956566507535283,48,expanded
SMTC,long,108.09,2026-05-05 05:10:00-04:00,8.936996946988616,0.8233879174761778,7.225460264594322,94,expanded
SMTC,long,116.99,2026-05-06 04:05:00-04:00,2.803658432344646,5.188477647662188,0.2191640311137698,109,expanded
SMTC,long,120.05,2026-05-07 04:25:00-04:00,8.288213244481469,2.6905456059975044,1.6243231986672244,119,expanded
SMTC,long,119.51,2026-05-08 12:10:00-04:00,2.501882687641197,0.3932725294954387,1.9663626474771938,50,expanded
SMTC,short,132.11,2026-05-11 10:40:00-04:00,2.641662251154345,5.215275149496619,-3.297327984255543,79,expanded
SMTC,long,130.41,2026-05-12 10:25:00-04:00,1.8020090483858557,4.662219154972777,-0.2760524499654821,70,expanded
SMTC,short,136.9304,2026-05-13 04:10:00-04:00,1.044618287830892,4.680918189094615,-2.9720208222571527,103,expanded
SMTC,short,138.09,2026-05-14 06:55:00-04:00,0.8110652473024872,3.49771887899195,-3.1935694112535282,98,core
SMTC,short,136.73,2026-05-15 10:15:00-04:00,1.7040883493015315,2.7718130622394628,-1.2213852117311608,78,expanded
SMTC,long,140.0,2026-05-18 04:25:00-04:00,6.521428571428569,8.035714285714286,-5.714285714285714,116,expanded
SMTC,long,129.2,2026-05-19 09:55:00-04:00,5.882275541795681,3.3591331269349767,2.321981424148607,75,core
SMTC,long,138.235,2026-05-20 10:00:00-04:00,3.901689152530103,0.16276630375810952,2.361919918978541,79,expanded
SMTC,long,144.95,2026-05-21 04:05:00-04:00,4.173853052776828,2.1179717143842662,4.173853052776828,121,expanded
SMTC,short,154.645,2026-05-22 10:30:00-04:00,0.9020660221798378,6.359727116945248,-1.5875068705745312,78,expanded
SMTC,long,164.0,2026-05-26 08:00:00-04:00,14.16713414634147,7.274390243902443,6.518292682926828,143,expanded
SMTC,long,155.345,2026-05-27 15:20:00-04:00,2.2887122211850985,1.3292993015546029,1.2713637387749812,39,expanded
SMTC,long,160.5739,2026-05-28 09:15:00-04:00,5.807980001731288,2.84224273060567,4.313341084696822,92,expanded
SMTC,short,167.2,2026-05-29 04:15:00-04:00,9.425837320574159,3.0502392344497746,8.833732057416258,116,expanded
SMTC,long,153.98,2026-06-01 04:05:00-04:00,3.1952201584621482,6.124171970385751,-2.5782569164826596,153,expanded
SMTC,short,166.64,2026-06-02 16:35:00-04:00,0.25648103696590097,1.14618338934231,-0.24201872299568025,19,expanded
SMTC,short,162.285,2026-06-03 09:55:00-04:00,1.8948146778814976,3.0748374772776343,1.7161167082601576,88,core
SMTC,short,156.945,2026-06-04 10:00:00-04:00,1.334862531460065,9.191117907547238,-5.896970276211409,82,expanded
SMTC,long,161.8756,2026-06-05 10:15:00-04:00,2.825873695603289,9.535470447677103,-9.535470447677103,88,expanded
SMTC,long,157.94,2026-06-08 09:15:00-04:00,1.7918196783588785,2.912498417120422,-0.056983664682793096,92,expanded
SMTC,long,161.52,2026-06-09 10:00:00-04:00,0.1609707776126739,11.088348192174356,-2.7984150569588966,82,expanded
SMTC,short,156.61,2026-06-10 11:00:00-04:00,4.2206755635017,0.8173169018581015,4.21429027520594,70,expanded
SMTC,short,157.53,2026-06-11 04:05:00-04:00,3.1689202056751036,5.3767536342284,-4.786389893988441,110,expanded
SMTC,long,167.21,2026-06-12 09:55:00-04:00,2.087195741881455,1.282818013276724,-0.1255905747263967,78,expanded
INCY,short,98.335,2025-12-16 09:40:00-05:00,1.967763258249848,0.0,1.3270961509126888,77,expanded
INCY,short,96.72,2025-12-17 09:25:00-05:00,0.0,2.2539288668320996,-0.94086021505376,79,core
INCY,long,98.0694,2025-12-18 09:35:00-05:00,0.27592704758059267,1.0802554109640687,-0.7947433144283491,78,expanded
INCY,short,97.77,2025-12-19 09:30:00-05:00,0.4193515393269885,6.903958269407793,-5.349289148000413,81,expanded
INCY,short,99.9,2025-12-22 14:35:00-05:00,0.07007007007007746,1.1011011011010954,-1.1011011011010954,18,expanded
INCY,short,100.98,2025-12-23 14:55:00-05:00,0.9209744503862218,0.00990295107941266,0.8206575559516713,15,expanded
INCY,short,101.0,2025-12-24 08:30:00-05:00,0.6930693069306959,0.50495049504951,0.5544554455445567,43,expanded
INCY,long,100.41,2025-12-26 09:30:00-05:00,0.0,2.270690170301764,-2.270690170301764,79,expanded
INCY,short,100.03,2025-12-29 09:30:00-05:00,2.399280215935225,0.04998500449864756,0.7397780665800209,78,expanded
INCY,short,98.71,2025-12-30 09:55:00-05:00,0.658494580083063,0.47107689190558544,-0.2026137169486403,73,expanded
INCY,long,98.16,2025-12-31 09:35:00-05:00,1.7624286878565647,0.1629991850040715,-0.1629991850040715,78,expanded
INCY,long,98.81,2026-01-02 08:35:00-05:00,2.7223965185709926,0.8804776844448988,2.7223965185709926,82,expanded
INCY,long,100.895,2026-01-05 09:55:00-05:00,1.7542990237375593,1.838545022052619,1.0951979780960444,80,expanded
INCY,short,101.73,2026-01-06 09:30:00-05:00,0.7028408532389692,6.409122186179098,-6.409122186179098,83,expanded
INCY,long,108.053,2026-01-07 08:00:00-05:00,4.208120089215475,0.5233542798441506,3.6435823160856224,95,expanded
INCY,long,107.065,2026-01-08 10:25:00-05:00,0.03269042170643682,2.218278615794144,-0.6150469341054534,70,expanded
INCY,long,107.2254,2026-01-09 09:55:00-05:00,0.7224034603741339,1.204658597683004,-0.29414672269816367,77,core
INCY,long,106.9,2026-01-12 07:25:00-05:00,1.182132834424696,2.0579981290926126,-0.23386342376052385,89,expanded
INCY,short,106.56,2026-01-13 09:30:00-05:00,3.645833333333338,0.9196696696696735,2.637012012012014,84,core
INCY,long,105.285,2026-01-14 13:35:00-05:00,2.2367858669326153,0.15671748112265949,0.4606544142090511,30,expanded
INCY,long,105.5,2026-01-15 13:50:00-05:00,0.5924170616113744,0.7440758293838831,-0.6155450236966824,27,expanded
INCY,long,105.37,2026-01-16 08:20:00-05:00,3.0464078959855687,0.5123849292967666,1.4359874727151887,88,core
INCY,long,103.34,2026-01-21 11:05:00-05:00,2.2837236307335007,0.1437971743758485,2.099864524869365,68,expanded
INCY,long,104.855,2026-01-22 14:30:00-05:00,0.37108387773592016,0.21458204186734875,0.309951838252828,21,expanded
INCY,short,104.34,2026-01-23 09:30:00-05:00,4.092390262603039,0.34502587694077,1.0446616829595585,79,expanded
INCY,short,101.93,2026-01-26 08:55:00-05:00,0.9123908564701333,1.4617875012263268,-0.3629942117139118,87,expanded
INCY,long,103.0,2026-01-27 09:30:00-05:00,2.000000000000002,0.3980582524271812,0.4563106796116494,78,expanded
INCY,long,102.93,2026-01-28 08:00:00-05:00,1.0686874574953795,3.9638589332556227,-2.5551345574662485,85,expanded
INCY,short,101.4999,2026-01-29 11:50:00-05:00,0.6156656311976629,0.3843353540249832,0.4136949888620564,50,expanded
INCY,long,100.77,2026-01-30 09:30:00-05:00,0.47633224173861666,1.4786146670636051,-0.7641163044556872,81,expanded
INCY,short,99.3,2026-02-02 06:25:00-05:00,1.641490433031214,3.7260825780463276,-3.7260825780463276,84,expanded
INCY,long,102.75,2026-02-03 09:30:00-05:00,1.6155717761557145,1.9756690997566921,-1.7810218978102175,79,expanded
INCY,short,102.0,2026-02-04 08:55:00-05:00,0.5490196078431395,1.5196078431372522,-0.9522549019607838,82,expanded
INCY,short,102.75,2026-02-05 09:00:00-05:00,0.5060827250608234,3.6350364963503643,-0.9343065693430596,82,expanded
INCY,short,105.3138,2026-02-06 10:00:00-05:00,0.16503060377652307,3.0444253269751878,-2.465203990360234,77,expanded
INCY,short,108.4,2026-02-09 08:40:00-05:00,1.6783210332103435,1.205442804428037,-0.8607933579335756,86,expanded
INCY,long,103.235,2026-02-10 10:05:00-05:00,0.6054148302416816,4.334770184530435,-3.521092652685625,75,expanded
INCY,long,99.05,2026-02-11 13:40:00-05:00,0.7470974255426645,0.4341241797072111,-0.050479555779906274,33,expanded
INCY,short,98.41,2026-02-12 08:00:00-05:00,0.5152931612640932,3.8512346306269754,-2.459099684991364,85,expanded
INCY,short,101.765,2026-02-13 09:55:00-05:00,3.0708003734093254,0.6632928806564115,3.0708003734093254,75,core
INCY,short,101.72,2026-02-17 09:30:00-05:00,1.5287062524577197,2.143138025953605,1.3763271726307567,79,expanded
INCY,short,102.395,2026-02-18 10:30:00-05:00,0.11221251037647499,1.264710190927293,-0.5908491625567694,67,expanded
INCY,long,102.99,2026-02-19 07:00:00-05:00,0.0,2.9031944849014417,-0.8641615690843776,80,expanded
INCY,long,102.5,2026-02-20 09:35:00-05:00,0.15609756097560643,2.3512195121951187,-1.951219512195122,78,expanded
INCY,short,100.98,2026-02-23 10:10:00-05:00,0.9308774014656345,0.20796197266784883,0.13368983957219757,70,expanded
INCY,long,100.86,2026-02-24 09:30:00-05:00,1.3781479278207422,0.7733491969066043,0.18837993257981137,78,expanded
INCY,short,100.86,2026-02-25 09:35:00-05:00,2.270473924251444,0.29248463216339654,0.866845131865958,79,expanded
INCY,short,99.69,2026-02-26 09:35:00-05:00,2.3924164911224706,0.5166014645400748,-0.4012438559534614,78,expanded
INCY,short,99.04,2026-02-27 09:30:00-05:00,0.18679321486268402,2.756462035541185,-1.8679321486268115,81,expanded
INCY,short,99.84,2026-03-02 07:45:00-05:00,2.3036858974358942,1.4322916666666592,1.0917467948717983,84,expanded
INCY,short,98.86,2026-03-03 09:35:00-05:00,1.8814485130487553,0.7226380740441005,0.2832288084159429,78,expanded
INCY,long,99.25,2026-03-04 09:25:00-05:00,0.16120906801007212,2.357682619647359,-1.2594458438287155,81,core
INCY,short,97.765,2026-03-05 09:35:00-05:00,1.738659029304962,1.6211323070628596,-1.1200327315501446,78,core
INCY,long,96.03,2026-03-06 08:40:00-05:00,0.3124023742580414,1.4787045714880784,0.07289388732686991,83,expanded
INCY,short,93.82,2026-03-09 08:40:00-04:00,0.0,4.044979748454489,-3.4960562779791107,82,expanded
INCY,short,97.15,2026-03-10 08:20:00-04:00,1.2866700977869274,0.7307256819351419,1.1631497683993923,82,expanded
INCY,long,96.07,2026-03-11 09:35:00-04:00,0.45799937545540953,1.5145206620172773,-1.1346934526907386,78,expanded
INCY,long,93.0,2026-03-12 09:30:00-04:00,0.48387096774193855,1.5698924731182728,-1.0430107526881707,78,core
INCY,long,91.9,2026-03-13 08:20:00-04:00,1.893362350380843,0.6800870511425462,0.6964091403699679,80,expanded
INCY,long,92.3,2026-03-16 04:05:00-04:00,1.8418201516793096,1.24593716143011,0.855904658721567,87,expanded
INCY,short,92.8207,2026-03-18 14:35:00-04:00,0.6902555141256157,0.22548849556187242,0.5263912036862524,18,expanded
INCY,short,92.23,2026-03-19 14:40:00-04:00,0.3001192670497762,1.0842459069717012,0.3001192670497762,17,expanded
INCY,long,92.08,2026-03-20 09:30:00-04:00,1.3683753258036546,1.8896611642050338,-1.7158992180712405,80,expanded
INCY,short,93.82,2026-03-23 07:15:00-04:00,4.071626518865906,0.17053933063313878,3.4837987635898413,82,expanded
INCY,long,89.39,2026-03-24 09:55:00-04:00,2.584181675802665,0.15661707126076804,1.375992840362461,73,core
INCY,short,91.12,2026-03-25 09:25:00-04:00,0.13169446883231403,2.9741000877963057,-1.218173836698858,79,expanded
INCY,long,90.99,2026-03-26 09:30:00-04:00,3.011319925266523,0.0,1.2968458072315714,80,expanded
INCY,long,91.7,2026-03-27 09:35:00-04:00,0.8724100327153731,1.6357688113413305,-1.5267175572519145,78,expanded
INCY,long,91.57,2026-03-30 07:45:00-04:00,0.13104728622911932,1.6223654035164257,-1.1336682319536968,80,expanded
INCY,short,91.59,2026-03-31 09:30:00-04:00,0.45856534556174444,3.0898569712850725,-2.860574298504193,79,expanded
INCY,long,95.1,2026-04-01 08:15:00-04:00,0.4784437434279838,1.366982124079913,-0.7366982124079857,81,expanded
INCY,long,95.43,2026-04-02 14:55:00-04:00,0.6496908728911143,0.45059205700514177,-0.45059205700514177,15,expanded
INCY,short,95.93,2026-04-06 08:25:00-04:00,2.0118836651725287,0.21890962159907615,0.42739497550298217,81,expanded
INCY,long,93.96,2026-04-07 09:35:00-04:00,0.8035334184759576,0.7769263516389845,-0.2873563218390762,77,expanded
INCY,long,90.07,2026-04-08 09:15:00-04:00,6.56156322859999,0.0,5.4735205950927135,81,expanded
INCY,short,95.56,2026-04-09 09:35:00-04:00,0.6906655504395108,2.1138551695269943,-1.9359564671410572,79,expanded
INCY,long,97.53,2026-04-10 09:30:00-04:00,0.04101302163436075,2.173690146621557,-1.0663385624935982,80,expanded
INCY,short,95.1634,2026-04-13 08:25:00-04:00,2.2292183759722692,1.772320030599998,2.2292183759722692,82,expanded
INCY,long,96.51,2026-04-14 09:35:00-04:00,1.4402652574862713,0.1450626878043732,0.9933685628432215,79,expanded
INCY,short,98.75,2026-04-15 09:30:00-04:00,3.211645569620248,1.1848101265822804,3.211645569620248,81,expanded
INCY,long,96.005,2026-04-16 10:50:00-04:00,0.1510338003229105,1.5051299411488914,-0.7135045049737017,62,expanded
INCY,long,96.67,2026-04-17 09:25:00-04:00,1.3137478017999338,4.3233681597186315,-4.3233681597186315,81,expanded
INCY,long,98.65,2026-04-20 09:30:00-04:00,0.05068423720222722,2.098327420172334,-1.423213380638632,79,expanded
INCY,long,96.48,2026-04-21 09:30:00-04:00,0.7877280265339872,1.6065505804311744,-0.2694859038142673,78,expanded
INCY,long,96.755,2026-04-22 09:45:00-04:00,1.4882951785437422,0.7803214304170281,-0.015503074776497925,77,expanded
INCY,short,96.435,2026-04-23 09:35:00-04:00,1.3843521543008326,0.36812360657438065,1.0006740291388017,77,expanded
INCY,short,94.545,2026-04-24 09:35:00-04:00,0.9677931143899796,0.6927917922682333,0.5764450790628819,77,expanded
INCY,long,94.5,2026-04-27 09:30:00-04:00,4.550264550264547,0.0,2.0832804232804216,79,core
INCY,long,88.89,2026-04-28 07:05:00-04:00,10.811114861064237,0.5399932500843785,8.223647204409948,100,expanded
INCY,short,97.74,2026-04-29 07:15:00-04:00,1.094741149989762,5.233271945979138,-0.2660118682218182,84,expanded
INCY,short,100.01,2026-04-30 09:25:00-04:00,6.009399060093996,0.8399160083991491,6.009399060093996,83,expanded
INCY,short,97.4,2026-05-01 18:40:00-04:00,0.0,0.0,0.0,0,expanded
INCY,short,97.355,2026-05-04 09:35:00-04:00,1.0424734220122205,0.23111293718863368,0.22084125109137015,77,expanded
INCY,long,96.89,2026-05-05 13:50:00-04:00,1.0892764991227226,0.6534214057178231,-0.6534214057178231,29,expanded
INCY,short,98.235,2026-05-06 09:35:00-04:00,0.6361276530768022,1.8068916374001178,-1.7763526238102556,78,expanded
INCY,long,98.0,2026-05-07 10:05:00-04:00,0.9387755102040833,0.8979591836734647,-0.23469387755102447,71,expanded
INCY,long,99.93,2026-05-08 06:35:00-04:00,0.2701891323926709,2.461723206244379,-1.3709596717702437,81,expanded
INCY,short,101.09,2026-05-11 10:10:00-04:00,2.0952616480364017,1.899297655554458,2.0952616480364017,71,expanded
INCY,short,99.81,2026-05-12 09:35:00-04:00,0.8666466285943383,1.432722172127034,0.6812944594730055,77,core
INCY,short,98.24,2026-05-13 08:35:00-04:00,1.190960912052119,0.8143322475570149,-0.5903908794788256,80,expanded
INCY,short,99.14,2026-05-14 09:30:00-04:00,2.0375226951785312,0.22422836392980044,1.523098648376039,79,expanded
INCY,short,97.7,2026-05-15 09:35:00-04:00,3.469805527123849,0.0,0.9007164790174101,78,expanded
INCY,short,94.85,2026-05-18 09:35:00-04:00,0.23194517659462188,1.8450184501845017,-0.3584607274644211,77,expanded
INCY,short,95.055,2026-05-19 09:40:00-04:00,0.6680342959339383,1.3728893798327206,-0.5733522697385592,76,expanded
INCY,short,97.8,2026-05-20 09:55:00-04:00,1.738241308793459,0.34764826175869473,0.3987730061349699,74,core
INCY,short,95.9,2026-05-21 09:30:00-04:00,0.7820646506777893,2.1220020855057316,-1.5745568300312731,78,expanded
INCY,short,97.645,2026-05-22 09:35:00-04:00,1.6437093553177222,0.5786266577909752,0.49669721951968815,77,expanded
INCY,short,97.2,2026-05-26 10:35:00-04:00,0.3703703703703698,0.5555555555555474,0.10288065843622277,65,expanded
INCY,long,97.32,2026-05-27 13:45:00-04:00,0.35963830661735363,0.40587751746814227,0.020550760378144507,28,expanded
INCY,long,97.155,2026-05-28 09:35:00-04:00,0.6535947712418353,0.6021306160259461,0.35510267098965453,77,expanded
INCY,short,98.0,2026-05-29 05:35:00-04:00,1.8061224489795877,0.4795918367346927,1.285714285714291,83,expanded
INCY,long,97.48,2026-06-01 07:00:00-04:00,0.0,3.354534263438665,-1.93885925318014,79,expanded
INCY,short,93.51,2026-06-02 09:40:00-04:00,1.422307774569563,0.5774783445620704,1.3675542722703495,79,expanded
INCY,short,97.975,2026-06-03 13:55:00-04:00,0.8624649145190089,0.5154376116356312,-0.005103342689471461,26,expanded
INCY,short,99.41,2026-06-04 09:25:00-04:00,0.6639171109546289,2.062166784025749,-1.4787244743989527,81,expanded
INCY,long,101.18,2026-06-05 09:30:00-04:00,5.129472227712984,0.3656849179679823,2.619094682743617,81,expanded
INCY,long,104.4663,2026-06-08 07:40:00-04:00,0.18340842932122034,5.586777745550487,-5.586777745550487,81,expanded
INCY,short,102.16,2026-06-09 09:30:00-04:00,0.6362568519968593,2.0253523884103424,-1.8989819890368027,79,expanded
INCY,long,106.67,2026-06-10 09:55:00-04:00,3.440517483828632,1.3218336926971002,-0.9187212899596925,74,expanded
INCY,long,105.97,2026-06-11 09:25:00-04:00,3.510427479475322,1.7882419552703557,0.028309899028027875,82,expanded
INCY,short,107.83,2026-06-12 09:30:00-04:00,1.2056014096262608,1.6785681164796462,-0.64916998979876,78,expanded
ITW,short,257.0,2025-12-16 04:05:00-05:00,2.9065758754863795,0.0,2.4669260700389115,88,expanded
ITW,long,250.31,2025-12-17 09:35:00-05:00,1.358315688546205,0.0,0.8349646438416377,77,expanded
ITW,short,252.295,2025-12-18 09:55:00-05:00,0.6430963752749654,0.7867773836183888,0.4419429635941975,73,core
ITW,short,250.41,2025-12-19 09:35:00-05:00,0.7088375064893597,0.14176750129786742,0.10782317000120212,80,expanded
ITW,short,250.84,2025-12-22 09:35:00-05:00,0.0597990751076406,0.8531334715356349,-0.2910221655238358,77,expanded
ITW,short,252.215,2025-12-23 09:35:00-05:00,0.39050016850703184,0.10903395912217975,0.15264754277104492,77,expanded
ITW,short,252.87,2025-12-26 10:40:00-05:00,0.504211650255074,0.007909202356935109,0.16213864831731584,64,expanded
ITW,short,252.46,2025-12-29 09:30:00-05:00,0.3406480234492647,0.447595658718211,0.09110354115504166,78,expanded
ITW,long,250.56,2025-12-30 12:00:00-05:00,0.27538314176245116,0.17161558109834243,0.27538314176245116,50,expanded
ITW,long,248.63,2025-12-31 09:35:00-05:00,0.3539395889474301,0.9431685637292359,-0.9371355025539895,78,expanded
ITW,short,245.51,2026-01-02 09:35:00-05:00,0.3910227689299742,1.6435175756588312,-1.6251883833652434,78,expanded
ITW,short,250.735,2026-01-05 10:30:00-05:00,0.8913793447265095,0.22932578220032648,0.6042235826669651,68,expanded
ITW,long,248.35,2026-01-06 09:30:00-05:00,2.355546607610225,0.3217233742701859,2.3354137306221103,78,expanded
ITW,long,248.995,2026-01-07 10:55:00-05:00,0.08634711540392515,1.0542380369083717,-0.8052370529528686,61,expanded
ITW,long,254.16,2026-01-09 09:00:00-05:00,0.7672332389046337,0.8223166509285503,0.37771482530689643,79,expanded
ITW,long,254.0,2026-01-12 08:35:00-05:00,0.576929133858263,0.5157480314960639,0.21259842519684727,80,expanded
ITW,short,255.26,2026-01-13 09:30:00-05:00,0.2213429444487964,0.6620700462273752,-0.6033064326569069,79,expanded
ITW,long,258.29,2026-01-14 09:35:00-05:00,1.0375934027643372,0.4529792094157791,0.1587363041542329,77,expanded
ITW,short,262.11,2026-01-15 15:15:00-05:00,0.25752546640723795,0.019075960474614233,0.08393422608829394,9,expanded
ITW,long,262.26,2026-01-16 09:35:00-05:00,0.7654617555097968,0.8426752078090367,0.46522534889041495,79,expanded
ITW,long,260.59,2026-01-20 04:20:00-05:00,0.5372424114509513,2.6344065390076294,-2.356191718791967,85,expanded
ITW,long,256.78,2026-01-21 09:30:00-05:00,2.0640236778565355,0.17719448555182807,1.2306254381182433,80,expanded
ITW,short,260.8,2026-01-22 08:00:00-05:00,0.5483128834355854,0.6940184049079763,0.19938650306749947,84,expanded
ITW,long,259.9,2026-01-23 09:30:00-05:00,0.2039245863793881,1.1312043093497492,-0.6310119276644811,78,expanded
ITW,long,259.02,2026-01-26 09:30:00-05:00,0.48644892286309593,0.6215736236583881,0.05018917458111167,78,expanded
ITW,short,259.46,2026-01-27 09:30:00-05:00,0.6609882062745607,0.4894781469205422,0.296770215062045,79,expanded
ITW,short,258.14,2026-01-28 09:30:00-05:00,0.2052762067095366,0.9490973890137091,-0.042612535833274054,78,expanded
ITW,short,261.3763,2026-01-29 10:05:00-05:00,1.1291383342713182,0.5867785258265612,-0.5676490179101926,72,expanded
ITW,long,258.92,2026-01-30 13:45:00-05:00,0.984860188475209,0.0038621968175463093,0.8996987486482295,29,expanded
ITW,short,261.8,2026-02-02 09:05:00-05:00,0.6646294881589034,1.6080977845683648,-1.6080977845683648,83,expanded
ITW,long,281.455,2026-02-03 11:10:00-05:00,0.11547138974258359,2.5350411255795744,-0.9042298058304024,59,expanded
ITW,short,281.7,2026-02-04 09:30:00-05:00,0.24849130280439782,4.249201277955281,-2.5204117855875126,79,expanded
ITW,long,288.0,2026-02-05 08:20:00-05:00,2.02430555555555,1.0416666666666665,-1.0416666666666665,84,expanded
ITW,long,292.39,2026-02-09 10:10:00-05:00,0.6121960395362429,0.978145627415443,-0.619036218748932,70,expanded
ITW,short,294.67,2026-02-10 15:35:00-05:00,0.3088200359724522,0.013574507075699465,0.24094750059389702,5,expanded
ITW,short,295.3125,2026-02-11 09:35:00-05:00,0.00253968253968023,1.5534391534391458,-0.9337566137566115,77,expanded
ITW,long,299.91,2026-02-12 09:30:00-05:00,1.0819912640458629,0.6802040612183723,-0.4868127104798227,79,expanded
ITW,long,298.01,2026-02-13 09:30:00-05:00,1.4160598637629702,0.946276970571455,0.5335391429817898,78,expanded
ITW,short,299.44,2026-02-17 09:30:00-05:00,1.23897942826609,0.6879508415709332,0.6745925728025588,78,expanded
ITW,long,297.9,2026-02-18 04:15:00-05:00,0.24840550520309138,0.8543135280295264,-0.5840886203423808,79,expanded
ITW,long,296.56,2026-02-19 09:35:00-05:00,0.12813595899649158,1.4094955489614267,-0.9239277043431378,78,expanded
ITW,short,293.51,2026-02-20 09:35:00-05:00,0.3202616605907798,1.5621273551156813,-0.5008347245409108,81,expanded
ITW,long,296.0,2026-02-23 09:35:00-05:00,0.7939189189189266,1.168918918918912,-0.699324324324322,78,expanded
ITW,long,295.18,2026-02-24 09:40:00-05:00,0.304898705874374,0.5810014228606382,-0.06436750457347981,77,expanded
ITW,short,295.48,2026-02-25 09:35:00-05:00,2.531474211452558,0.3519358332205187,1.9426018681467472,78,expanded
ITW,long,290.46,2026-02-26 09:40:00-05:00,0.3580527439234389,1.287612752186171,0.013771259381677501,80,expanded
ITW,short,289.18,2026-02-27 09:35:00-05:00,0.5187080710975862,0.8627844249256534,-0.5014178020609961,79,expanded
ITW,short,289.94,2026-03-02 09:25:00-05:00,1.6037800924329093,0.6415120369731716,-0.4242257018693586,80,expanded
ITW,short,288.18,2026-03-03 08:10:00-05:00,1.8443334027344012,0.10757165660351248,0.7495315427857675,82,expanded
ITW,short,286.8,2026-03-04 09:30:00-05:00,0.864714086471415,0.3870292887029336,-0.12900976290097788,78,expanded
ITW,short,280.825,2026-03-05 14:10:00-05:00,0.2118757233152214,2.2594142259414323,-0.5537256298406505,24,expanded
ITW,short,276.75,2026-03-06 09:55:00-05:00,0.7009936766034319,0.6757000903342384,-0.1481481481481572,73,core
ITW,long,271.37,2026-03-09 10:05:00-04:00,2.1483583299554057,0.523270811069763,1.9198879758263552,72,expanded
ITW,long,275.28,2026-03-10 14:45:00-04:00,0.1235106073815867,0.8173496076721884,-0.722900319674496,15,expanded
ITW,short,270.82,2026-03-11 11:50:00-04:00,0.23816557122811527,0.33232405287646194,-0.27693671073037446,51,expanded
ITW,short,268.74,2026-03-12 09:35:00-04:00,1.2167894619334605,1.0642256456054229,1.1609734315695484,77,expanded
ITW,short,269.15,2026-03-13 09:35:00-04:00,1.252089912688094,0.20992011889280987,0.7839494705554364,78,expanded
ITW,long,269.2,2026-03-16 09:30:00-04:00,0.33803863298663633,0.642644873699837,-0.2080237741456175,78,expanded
ITW,long,270.49,2026-03-17 09:25:00-04:00,0.4584272986062365,2.2588635439387827,-0.16266775111833995,84,expanded
ITW,long,267.301,2026-03-18 09:20:00-04:00,0.41114698411154077,2.634109112947575,-2.4545362718433448,80,expanded
ITW,short,258.0,2026-03-19 09:25:00-04:00,0.32945736434109407,1.5968992248062035,-1.4883720930232462,80,expanded
ITW,long,260.795,2026-03-20 09:35:00-04:00,0.03642707873999518,1.7887612876013803,-0.30483713261374484,82,expanded
ITW,long,261.58,2026-03-23 08:00:00-04:00,1.4603562963529297,0.225552412263925,0.4472819022861136,80,expanded
ITW,short,260.97,2026-03-24 09:35:00-04:00,0.34869908418593126,2.09985822125147,-1.5595662336667022,77,expanded
ITW,short,267.56,2026-03-25 09:35:00-04:00,1.5921662430856596,0.26909851995812917,0.41486021826880465,77,expanded
ITW,short,264.39,2026-03-26 09:35:00-04:00,1.499678505238464,0.8510155452172926,1.1422519762472039,78,expanded
ITW,long,261.705,2026-03-27 09:35:00-04:00,0.5674327964693123,1.4692115167841542,-1.0183221566267224,77,expanded
ITW,short,259.81,2026-03-30 09:35:00-04:00,1.6281128516993149,0.07659443439436983,1.3933258919980003,77,expanded
ITW,long,257.93,2026-03-31 08:30:00-04:00,1.4034815647656358,1.3647113557942117,0.8757802504555432,80,expanded
ITW,short,261.38,2026-04-01 10:20:00-04:00,0.3634555053944405,0.5891805034815291,0.3149820185171082,69,expanded
ITW,short,257.44,2026-04-02 08:00:00-04:00,0.7768800497203232,1.6003729024238675,-0.2990988191423174,80,expanded
ITW,long,259.43,2026-04-06 09:25:00-04:00,0.0,1.4493312261496432,-0.3661874108622706,79,expanded
ITW,long,257.39,2026-04-07 10:00:00-04:00,1.1927425307898494,0.042736703057622144,0.761490345390278,72,core
ITW,long,268.46,2026-04-08 13:55:00-04:00,0.4395440661551095,0.27482678983833453,0.39111971988378585,25,expanded
ITW,short,269.53,2026-04-09 09:35:00-04:00,0.18179794457016002,1.9478351203947613,-1.3542091789411326,78,expanded
ITW,long,272.58,2026-04-10 13:55:00-04:00,0.04402377283733383,0.83278303617286,-0.7557414337075362,25,expanded
ITW,short,271.71,2026-04-13 14:45:00-04:00,0.007360789076582316,1.067314416105419,-1.0305104707224657,15,core
ITW,short,272.79,2026-04-14 14:00:00-04:00,0.2639392939623986,0.20895194105355513,0.07331647054512462,27,expanded
ITW,long,270.8,2026-04-15 09:30:00-04:00,0.21048744460856467,3.2090103397341205,-2.3670605612998616,78,expanded
ITW,long,266.47,2026-04-16 09:35:00-04:00,0.4428265846061282,1.0807970878523105,-0.3227380192892309,77,expanded
ITW,long,267.49,2026-04-17 09:30:00-04:00,2.4711204157164803,0.08224606527347837,1.6785674230812402,82,expanded
ITW,short,270.54,2026-04-20 09:35:00-04:00,0.0646854439269651,0.8612404819989591,-0.7910105714496881,77,expanded
ITW,short,271.235,2026-04-21 14:05:00-04:00,0.4479510387671325,0.4000221210389439,0.068206536767011,23,expanded
ITW,short,271.12,2026-04-22 09:55:00-04:00,1.586013573325469,0.10327530244908997,1.4716730598996788,75,core
ITW,short,270.315,2026-04-23 09:55:00-04:00,0.12392948966945214,1.4076170393799852,0.12392948966945214,74,expanded
ITW,long,269.25,2026-04-24 15:55:00-04:00,0.7650882079851448,0.05942432683380687,0.7650882079851448,2,expanded
ITW,long,272.82,2026-04-27 09:35:00-04:00,0.15761307822007434,1.5981233047430592,-1.2279158419470588,77,expanded
ITW,long,270.42,2026-04-28 09:35:00-04:00,0.0,1.649286295392366,-0.72110051031728,77,expanded
ITW,short,268.36,2026-04-29 09:30:00-04:00,1.458488597406464,0.3834401550156492,1.1775227306603164,79,expanded
ITW,long,254.18,2026-04-30 09:55:00-04:00,2.0261232197655117,0.8242190573609248,-0.8242190573609248,76,core
ITW,long,260.68,2026-05-01 09:30:00-04:00,0.25318398035904865,2.869418444069364,-1.9986189964707717,78,expanded
ITW,long,251.61,2026-05-04 13:30:00-04:00,0.03974404832876051,0.45705655578077403,0.015897619331501946,31,expanded
ITW,long,252.86,2026-05-05 09:35:00-04:00,1.0440559993672334,0.4350233330696918,0.6683540298979663,77,expanded
ITW,short,258.49,2026-05-06 09:35:00-04:00,0.11605864830361382,1.4139811984989643,-0.7853301868544132,77,expanded
ITW,long,256.73,2026-05-07 15:10:00-04:00,0.04284657032678565,0.5959568418182641,-0.46741713083785186,10,expanded
ITW,short,255.0,2026-05-08 07:00:00-04:00,0.40392156862745143,0.8960784313725588,0.0941176470588271,79,expanded
ITW,short,250.98,2026-05-12 11:50:00-04:00,0.11156267431667907,0.6932823332536493,-0.1713283927006163,50,expanded
ITW,long,250.82,2026-05-13 09:30:00-04:00,0.725619966509845,0.697711506259469,-0.28705844828960964,78,expanded
ITW,short,251.66,2026-05-14 09:35:00-04:00,0.7847890010331378,0.2523245648891325,0.35365175236429564,77,expanded
ITW,long,251.0,2026-05-15 08:15:00-04:00,0.0,1.4262948207171364,-1.3227091633466108,81,expanded
ITW,short,248.58,2026-05-18 09:30:00-04:00,0.895084077560553,0.9614610990425562,-0.35401078123742674,80,expanded
ITW,long,245.555,2026-05-19 09:35:00-04:00,1.2705911099346396,0.4808698662214188,0.7391419437600528,77,expanded
ITW,short,247.37,2026-05-20 11:40:00-04:00,0.008085054776250246,1.424990904313379,-1.374459311961841,53,expanded
ITW,long,251.91,2026-05-22 09:30:00-04:00,0.32948275177643305,0.9864634194752037,0.0396967170814951,78,expanded
ITW,short,253.01,2026-05-26 09:35:00-04:00,1.3754397059404728,0.46243231492827,1.0276273665072504,77,expanded
ITW,long,252.82,2026-05-27 09:45:00-04:00,0.34411834506763883,1.1154180840123382,-1.1154180840123382,77,expanded
ITW,long,248.19,2026-05-28 09:55:00-04:00,0.6204923647205738,0.7534550143035595,0.5842298239252139,73,expanded
ITW,short,248.29,2026-05-29 09:35:00-04:00,0.5396914897901661,0.37053445567683596,0.4067823915582548,80,expanded
ITW,long,245.84,2026-06-01 09:30:00-04:00,0.18304588350145976,1.5416531077123299,-0.012203058900098086,78,expanded
ITW,short,247.985,2026-06-02 14:15:00-04:00,0.03830876867553573,0.5262415065427257,-0.26009637679697634,22,expanded
ITW,short,251.275,2026-06-03 12:05:00-04:00,3.6911750074619465,0.10944184658243188,1.032733061386926,50,expanded
ITW,long,250.26,2026-06-04 07:45:00-04:00,3.5802765124270906,0.16778550307679382,0.5514265164229184,85,expanded
ITW,short,251.51,2026-06-05 09:15:00-04:00,0.12723152160947604,0.9065245914675366,-0.48109419108584467,79,expanded
ITW,long,253.17,2026-06-08 09:30:00-04:00,0.6438361575226227,0.8828060196705713,-0.06714855630603449,79,expanded
ITW,long,254.91,2026-06-09 11:50:00-04:00,0.7845906398336779,0.25495272841395095,0.6433643246636126,50,expanded
ITW,long,254.56,2026-06-10 09:30:00-04:00,1.1391813324952869,1.7481143934632262,-1.7245443117536199,79,expanded
ITW,short,254.965,2026-06-11 14:45:00-04:00,0.3235738238581833,0.41770439079872507,0.20198850822662515,16,expanded
ITW,short,256.29,2026-06-12 09:35:00-04:00,0.8349916110655954,0.46431776503179895,-0.3433610363260351,78,expanded
LLY,long,1063.14,2025-12-15 15:35:00-05:00,0.3198073630942174,0.5963466711816078,0.03386195609232086,36,expanded
LLY,short,1070.22,2025-12-16 08:35:00-05:00,3.1759825082693287,0.11866718992356541,1.5211919044682352,104,core
LLY,short,1055.135,2025-12-17 09:55:00-05:00,1.7746544281063474,0.5823804536860219,1.3870263046908682,88,core
LLY,long,1058.17,2025-12-18 10:45:00-05:00,1.1992401976997862,0.29957379249081645,0.07843730213481077,73,expanded
LLY,long,1057.98,2025-12-19 06:40:00-05:00,1.6446435660409546,0.2816688406208074,1.2873589292803163,115,expanded
LLY,short,1071.785,2025-12-22 10:00:00-05:00,1.3557756453020127,0.522026339237816,0.7515499843718715,102,expanded
LLY,short,1077.7,2025-12-23 10:05:00-05:00,0.7766539853391591,0.21341746311589072,0.6671615477405637,78,expanded
LLY,long,1074.0,2025-12-24 08:00:00-05:00,1.0921787709497224,0.16294227188081936,0.3699999999999984,59,expanded
LLY,short,1075.428,2025-12-26 09:55:00-05:00,0.6628058782178031,0.3135495821198484,-0.006695008870876436,82,core
LLY,short,1076.395,2025-12-29 10:00:00-05:00,0.13423510885873322,0.8458790685575479,-0.3302598023959688,80,core
LLY,long,1077.13,2025-12-30 10:00:00-05:00,0.4864779553071385,0.22838468894191383,0.24323897765356925,79,core
LLY,long,1080.03,2025-12-31 07:15:00-05:00,0.32128737164708643,0.5185041156264094,-0.4610983028249232,93,core
LLY,short,1078.45,2026-01-02 04:05:00-05:00,2.4451759469609273,0.30135843108164495,0.04172655199592429,115,expanded
LLY,short,1058.64,2026-01-05 09:55:00-05:00,2.3860708078289137,0.37909015340435553,1.7031285422806808,103,core
LLY,long,1063.125,2026-01-06 10:00:00-05:00,0.7247407407407362,1.2604350382128247,0.23374485596706876,88,core
LLY,long,1099.405,2026-01-07 11:35:00-05:00,1.3452731250085241,0.28417189297847234,0.8727448028706462,70,expanded
LLY,short,1114.24,2026-01-08 09:55:00-05:00,3.956957208500854,0.33744974152785673,2.624210224009191,90,core
LLY,short,1100.5,2026-01-09 10:05:00-05:00,3.4048159927305797,0.3652885052248961,3.3166742389822805,102,expanded
LLY,short,1073.5,2026-01-12 10:05:00-05:00,0.819888216115513,0.9184909175593758,-0.7354448067070314,86,expanded
LLY,long,1076.69,2026-01-13 10:25:00-05:00,1.2568984573089679,0.43559427504667586,0.0901280777196711,82,expanded
LLY,long,1065.9358,2026-01-14 10:05:00-05:00,0.8364105980866803,0.4517908114166051,0.38127999828883014,78,expanded
LLY,long,1021.465,2026-01-15 10:50:00-05:00,1.6177646811197643,0.33921867122221827,1.0313618185645097,91,expanded
LLY,short,1030.25,2026-01-16 08:30:00-05:00,1.1890317884008734,1.9111866051929196,-0.5294054841057899,107,core
LLY,short,1042.24,2026-01-20 10:50:00-05:00,0.596791525944123,0.34636935830517923,0.13816395455941574,74,expanded
LLY,long,1039.98,2026-01-21 07:10:00-05:00,4.040462316583009,0.2028885170868793,4.040462316583009,107,core
LLY,short,1090.13,2026-01-22 10:10:00-05:00,0.9732784163356779,0.49076715621071876,0.36369974223259566,80,expanded
LLY,long,1078.55,2026-01-23 09:55:00-05:00,0.523851467247702,1.4361874739233238,-1.2563163506559691,94,expanded
LLY,long,1063.42,2026-01-26 09:55:00-05:00,0.3441725752759826,0.3658009065091967,-0.18148990991330458,80,core
LLY,short,1061.7,2026-01-27 07:20:00-05:00,2.5327305265140905,1.1010643307902472,1.7707450315531652,106,expanded
LLY,short,1015.0,2026-01-28 10:30:00-05:00,1.0699507389162575,0.96453201970443,-0.2955665024630542,83,expanded
LLY,short,1032.33,2026-01-29 10:20:00-05:00,1.2912537657531922,0.3138531283601183,1.2912537657531922,86,expanded
LLY,short,1025.07,2026-01-30 09:55:00-05:00,0.49460036875529834,2.292428809739825,-1.0545621274644827,87,expanded
LLY,short,1051.07,2026-02-02 09:55:00-05:00,1.0246700980905157,0.6031948395444781,0.4338436069909659,87,core
LLY,long,1043.495,2026-02-03 10:55:00-05:00,0.0,4.783444098917566,-3.3057178041102158,98,expanded
LLY,short,1068.68,2026-02-04 07:10:00-05:00,6.819627952240157,4.240745592693784,-3.302213946176586,137,expanded
LLY,long,1104.99,2026-02-05 08:25:00-05:00,0.22172146354266062,8.973836867301964,-6.153901845265568,133,expanded
LLY,short,1065.0,2026-02-06 06:50:00-05:00,3.495774647887326,0.7051643192488254,-0.28169014084507044,143,expanded
LLY,long,1081.5,2026-02-09 08:25:00-05:00,2.3522884882108235,3.5672676837725312,-3.3897364771151253,118,core
LLY,short,1044.7,2026-02-10 09:55:00-05:00,1.9933952330812716,0.17612711783286283,1.8617785010050774,90,core
LLY,short,1024.72,2026-02-11 09:55:00-05:00,1.1810153017409695,0.3347158248106664,1.0744398469825893,88,expanded
LLY,short,1014.085,2026-02-12 09:55:00-05:00,0.0,4.51194919558024,-2.40956132868546,91,core
LLY,short,1054.25,2026-02-13 10:05:00-05:00,1.9502015650936633,0.5349679867204077,1.2084420203936457,84,core
LLY,short,1055.295,2026-02-17 10:15:00-05:00,1.9345301550751177,0.11039567135255673,1.6388782283626921,81,expanded
LLY,long,1039.27,2026-02-18 07:05:00-05:00,0.7774495559383007,2.690349957181487,-1.9022968044877637,113,expanded
LLY,long,1011.0,2026-02-19 10:00:00-05:00,1.5084075173095945,0.19683481701285943,1.288328387734925,84,core
LLY,short,1015.1,2026-02-20 10:00:00-05:00,1.2451975174859606,0.26302827307654014,0.35464486257511796,90,core
LLY,short,1043.25,2026-02-23 08:25:00-05:00,0.8866427030913036,2.032101605559556,-1.296908698777855,112,expanded
LLY,short,1043.575,2026-02-24 14:30:00-05:00,0.21608413386676656,0.41923196703638926,0.049349591548293124,31,expanded
LLY,short,1043.99,2026-02-25 10:10:00-05:00,1.6274102242358652,0.7375549574229682,1.3122731060642387,90,expanded
LLY,short,1009.92,2026-02-26 11:15:00-05:00,0.2514951679340927,1.2466333967046928,-0.9980988593155934,73,expanded
LLY,short,1026.15,2026-02-27 09:55:00-05:00,0.404424304438931,2.616576523900006,-2.1536812356867814,95,core
LLY,short,1049.32,2026-03-02 10:10:00-05:00,3.461289215873131,0.008576983189126818,2.8751953646170816,98,expanded
LLY,short,1001.09,2026-03-03 11:00:00-05:00,0.25122616348180343,1.022885055289735,-0.5693793764796303,68,expanded
LLY,short,1006.8,2026-03-04 04:40:00-05:00,1.3051251489868878,0.88000595947557,0.17878426698450084,127,core
LLY,long,1005.0,2026-03-05 04:20:00-05:00,0.3980099502487562,3.920398009950247,-2.361194029850748,122,expanded
LLY,short,971.9,2026-03-06 09:55:00-05:00,0.180059676921494,1.9878588332132987,-1.3991665809239695,93,core
LLY,short,989.53,2026-03-09 09:55:00-04:00,0.423433347144598,1.9605267147029375,-1.330934888280302,93,core
LLY,long,998.86,2026-03-10 10:00:00-04:00,1.0271709749113982,0.19722483631340001,0.12914722783973365,80,core
LLY,long,985.81,2026-03-12 10:55:00-04:00,0.07606942514277854,1.2832087319057404,-0.8632495105547713,79,expanded
LLY,short,999.68,2026-03-13 10:05:00-04:00,1.6645326504481421,0.030009603072990176,1.5675016005121598,79,expanded
LLY,short,986.0,2026-03-16 04:50:00-04:00,1.063894523326573,1.2342799188640932,-0.15213995943204614,112,expanded
LLY,long,961.44,2026-03-17 10:25:00-04:00,0.17525794641370707,3.7641454484939314,-3.2326406223997406,99,expanded
LLY,short,928.0,2026-03-18 08:30:00-04:00,2.4665948275862055,0.10775862068965517,1.4761099137931053,108,core
LLY,short,919.5,2026-03-19 09:55:00-04:00,0.8374116367591132,0.3311582381729156,0.22079390973355478,97,expanded
LLY,short,919.49,2026-03-20 11:45:00-04:00,2.1968700040239746,0.09570522789807344,0.871754994616585,83,expanded
LLY,short,911.04,2026-03-23 09:55:00-04:00,0.4182033719704893,1.7271469968387791,-0.05817527221637759,81,expanded
LLY,long,909.4,2026-03-24 04:25:00-04:00,0.28590279305036537,1.516384429294036,-0.663085550912684,106,expanded
LLY,short,911.66,2026-03-25 09:55:00-04:00,0.28190334115788085,1.1506482679946481,-0.508961674308403,80,core
LLY,short,911.23,2026-03-26 04:40:00-04:00,1.6572435060303148,0.738562163229922,1.4628578953721936,105,core
LLY,short,890.0,2026-03-27 10:05:00-04:00,1.9651685393258438,0.39823595505618214,1.6853932584269662,90,expanded
LLY,short,886.09,2026-03-30 15:25:00-04:00,0.14991705131532776,0.22966064395264227,0.05417056958097013,18,expanded
LLY,long,914.26,2026-03-31 11:20:00-04:00,0.7853345875352814,0.530483669853217,0.7172467350644242,68,expanded
LLY,long,923.88,2026-04-01 04:10:00-04:00,5.715017101788108,0.5282071264666401,3.705026626834656,139,core
LLY,short,947.54,2026-04-02 10:15:00-04:00,1.8489984591679487,0.21844988074382876,1.220001266437295,82,expanded
LLY,short,941.05,2026-04-06 04:10:00-04:00,2.260241219913924,0.25078369905956255,1.5992774029010102,116,expanded
LLY,short,907.555,2026-04-07 09:55:00-04:00,0.7250249296185827,4.06421649376623,-3.8405385899477187,102,core
LLY,long,942.755,2026-04-08 10:00:00-04:00,1.9496263610376035,0.1426669707400149,0.7748566700786471,81,expanded
LLY,short,951.69,2026-04-09 04:10:00-04:00,1.3029452868055869,1.2677447488152593,-0.35410690455924626,109,expanded
LLY,short,947.24,2026-04-10 09:55:00-04:00,1.2351674338076986,0.0,0.7579916388666086,89,core
LLY,short,942.69,2026-04-13 09:55:00-04:00,1.6463524594511552,0.3405149094612145,1.3816949368297176,88,core
LLY,short,934.455,2026-04-14 10:00:00-04:00,2.077681643310815,0.5859030129861694,1.0653268482698515,89,expanded
LLY,short,923.925,2026-04-15 09:55:00-04:00,3.885055605162755,0.22998620017858867,1.8935519657980904,96,core
LLY,short,914.455,2026-04-16 09:55:00-04:00,1.7830292359930302,0.11974345375113193,1.26359416264333,93,core
LLY,long,920.16,2026-04-17 08:30:00-04:00,1.0682924708746349,1.2237002260476428,0.6422796035472181,112,expanded
LLY,long,925.465,2026-04-20 10:40:00-04:00,0.4511245698108469,0.6467019282198694,-0.42843327408384235,75,expanded
LLY,long,922.27,2026-04-21 04:05:00-04:00,0.1875806434124517,4.462901319570188,-0.8967005323820554,127,expanded
LLY,short,918.1,2026-04-22 10:15:00-04:00,0.3376429582834166,0.4836074501688205,-0.09911774316522907,80,expanded
LLY,short,913.1,2026-04-23 04:50:00-04:00,0.13251560617676447,1.8508378052787182,-0.42126820720621694,111,expanded
LLY,long,888.0,2026-04-24 10:00:00-04:00,0.07094594594594544,1.8320945945945952,-0.43806306306306153,103,expanded
LLY,long,881.57,2026-04-27 11:50:00-04:00,0.2450174121170149,1.5347618453441116,-1.101523418446645,76,expanded
LLY,long,871.9,2026-04-28 09:30:00-04:00,0.7168253240050465,0.9806170432388983,0.17662575983485232,102,expanded
LLY,long,862.71,2026-04-29 10:05:00-04:00,0.08693535487011857,1.4257398198699525,-0.8357385448180774,112,expanded
LLY,short,863.0,2026-04-30 06:30:00-04:00,1.3661645422943178,9.55966396292005,-8.111239860950175,152,expanded
LLY,short,941.7933,2026-05-01 07:45:00-04:00,0.24456534146081052,4.5293059528030195,-2.1284394357020746,117,expanded
LLY,short,963.5,2026-05-04 10:00:00-04:00,0.969382459782048,1.1120913336792975,-0.15568240788790866,94,expanded
LLY,long,974.395,2026-05-05 09:55:00-04:00,1.8888643722514968,0.13632048604518834,1.090420209463308,93,core
LLY,long,991.35,2026-05-06 09:30:00-04:00,0.5179805315983246,0.7918494981590782,-0.6909769506228902,103,expanded
LLY,long,979.73,2026-05-07 10:15:00-04:00,0.18576546599572702,1.289130678860502,-0.891061823155361,91,expanded
LLY,short,955.26,2026-05-08 11:15:00-04:00,0.8186252957309984,0.396750622867069,0.5533572011808245,81,expanded
LLY,short,981.87,2026-05-11 11:45:00-04:00,1.714076201533812,0.0814771812969084,1.6163035839775126,71,expanded
LLY,short,982.245,2026-05-12 10:40:00-04:00,0.123696226501538,1.555110995729169,-0.8583296428080521,83,expanded
LLY,short,998.405,2026-05-13 10:10:00-04:00,0.23988261276736214,2.4455005734146016,-1.572007351726008,87,core
LLY,long,1007.63,2026-05-14 10:00:00-04:00,0.3344481605351175,0.6579796155334791,-0.26100850510604046,92,core
LLY,short,1009.64,2026-05-15 10:45:00-04:00,1.2113228477477138,0.33180143417455954,0.5893189651756995,79,expanded
LLY,short,992.525,2026-05-18 09:55:00-04:00,1.3757839852900404,0.3501070502002517,0.33298909347371103,82,core
LLY,short,986.88,2026-05-19 04:05:00-04:00,0.2310311284046665,3.5384241245136145,-3.1624918936446216,113,expanded
LLY,short,1026.375,2026-05-20 09:55:00-04:00,2.210205821459013,0.10960906101571063,1.0887735963950778,85,expanded
LLY,short,1022.0,2026-05-21 05:25:00-04:00,2.886497064579256,3.6771037181996014,-2.1496966731898293,126,expanded
LLY,long,1059.56,2026-05-22 11:10:00-04:00,1.0173940126090073,0.086828494846903,0.47472535769564467,77,expanded
LLY,long,1077.08,2026-05-26 08:40:00-04:00,0.45679058194378075,1.5523452296951041,-0.6979425855089644,107,expanded
LLY,short,1087.21,2026-05-27 11:55:00-04:00,0.6576466368043056,0.09013897958996128,0.20235281132440333,69,expanded
LLY,long,1129.21,2026-05-28 15:45:00-04:00,0.4356939807475908,0.4259615129161047,-0.10184111015666625,28,expanded
LLY,short,1111.25,2026-05-29 09:55:00-04:00,2.5322834645669383,0.3982002249718744,0.5624386951631023,92,core
LLY,short,1088.7321,2026-06-01 09:55:00-04:00,1.573582702301148,0.10635306885873526,0.7645590682960337,97,core
LLY,long,1064.025,2026-06-02 10:25:00-04:00,0.9722421935574657,0.1903150771833454,0.026785084936900398,84,expanded
LLY,long,1079.77,2026-06-03 09:55:00-04:00,1.250960852774196,0.4417607453439142,0.5769747260990783,100,core
LLY,long,1098.0,2026-06-04 08:40:00-04:00,3.8670309653916246,0.25045537340619306,2.640255009107469,115,expanded
LLY,short,1139.4401,2026-06-05 08:40:00-04:00,2.495971486346674,2.356411714841345,1.4428226635169352,121,expanded
LLY,short,1180.99,2026-06-08 04:35:00-04:00,3.166411231255132,0.3395456354414509,2.137189984673876,164,core
LLY,short,1154.16,2026-06-09 07:40:00-04:00,1.421544673182243,1.770551743259162,0.8668555486241191,116,core
LLY,short,1156.55,2026-06-10 10:30:00-04:00,2.2956205957373186,0.8529678786044711,2.0189356275128536,87,expanded
LLY,long,1142.485,2026-06-11 10:00:00-04:00,2.4188501380762104,0.22888703133958077,1.137432876580447,87,core
LLY,short,1156.87,2026-06-12 10:00:00-04:00,2.3062228253822674,0.4434378970843837,1.9768859076646377,99,core
MAR,short,308.75,2025-12-15 15:55:00-05:00,0.307692307692304,1.0526315789473684,0.307692307692304,5,expanded
MAR,long,303.82,2025-12-16 13:15:00-05:00,0.8656441313935868,0.2534395365676986,0.7076558488578877,36,expanded
MAR,short,309.57,2025-12-17 10:35:00-05:00,0.5329973834673829,0.673514875472423,-0.2681138353199548,71,expanded
MAR,long,309.64,2025-12-18 10:05:00-05:00,0.1937734142875671,1.5324247513241198,-1.140033587391801,72,expanded
MAR,short,310.07,2025-12-19 14:50:00-05:00,0.09675234624440009,0.5192375915115985,-0.33540813364724753,19,expanded
MAR,long,310.84,2025-12-22 09:35:00-05:00,1.4669926650366756,0.047677261613683686,0.9361729507142018,78,core
MAR,long,314.52,2025-12-23 09:35:00-05:00,0.689940226376706,0.22256136334731932,-0.14307516215184682,77,expanded
MAR,short,315.65,2025-12-24 09:55:00-05:00,0.26928560114049294,0.1805797560589419,0.17741169016315614,39,core
MAR,long,315.04,2025-12-26 09:35:00-05:00,0.2920264093448321,0.3142458100558688,0.17140680548500623,77,expanded
MAR,short,315.05,2025-12-29 09:20:00-05:00,0.8316140295191253,0.16505316616409516,0.015870496746551773,80,expanded
MAR,long,314.11,2025-12-30 09:30:00-05:00,0.44659514182929966,0.559581038489701,-0.31835981025755306,80,expanded
MAR,short,316.07,2025-12-31 08:30:00-05:00,2.024867909007491,0.0,1.7405321605973407,84,core
MAR,long,312.22,2026-01-02 08:25:00-05:00,0.6661969124335353,1.0313240663634702,0.5701108192940787,82,expanded
MAR,short,313.69,2026-01-05 10:05:00-05:00,1.7166629474959325,0.3888871178552059,1.3267875928464337,71,expanded
MAR,long,311.2,2026-01-06 08:25:00-05:00,3.6632390745501398,0.5141388174807088,3.3097686375321373,81,expanded
MAR,short,323.3916,2026-01-07 08:50:00-05:00,1.812539348579249,0.0,1.357982087351676,82,core
MAR,long,317.09,2026-01-08 09:25:00-05:00,2.718471096534109,0.12299347188494951,2.466176795231654,82,expanded
MAR,short,327.0,2026-01-09 06:00:00-05:00,0.4434250764525959,1.250764525993876,-0.36085626911315194,86,expanded
MAR,long,324.65,2026-01-12 04:10:00-05:00,0.15401201293700909,1.7372555059294585,-0.8162636685661412,94,core
MAR,short,322.97,2026-01-13 09:30:00-05:00,0.9737746539926428,0.772517571291435,0.021673839675527145,81,expanded
MAR,short,318.96,2026-01-14 09:55:00-05:00,1.3199147228492536,0.4295209430649626,-0.225733634311521,74,core
MAR,short,321.22,2026-01-15 08:25:00-05:00,0.018678787124090115,2.6368221156839455,-1.1767635888176242,84,expanded
MAR,short,316.395,2026-01-20 13:40:00-05:00,1.17890611419269,0.03634697134910763,0.8075348851909818,34,expanded
MAR,long,314.825,2026-01-21 09:30:00-05:00,2.228222028110851,0.709918208528552,1.7390613833081943,82,expanded
MAR,long,320.76,2026-01-22 04:20:00-05:00,2.007731637361266,0.6391071205886056,0.3367003367003317,92,expanded
MAR,short,325.61,2026-01-23 08:00:00-05:00,2.739473603390564,0.0,2.011608980068183,85,expanded
MAR,long,316.07,2026-01-26 08:00:00-05:00,1.0757110766602442,0.9713038251020323,0.19932293479292418,82,expanded
MAR,short,317.1,2026-01-27 08:55:00-05:00,1.2109744560075786,0.0,0.9933774834437192,80,expanded
MAR,short,314.33,2026-01-28 09:35:00-05:00,0.9688862023987542,0.3531320586644653,0.7221709668183063,84,expanded
MAR,short,310.62,2026-01-29 06:55:00-05:00,0.0032193677161776145,3.261219496490888,-2.945721460305189,87,expanded
MAR,short,317.75,2026-01-30 09:35:00-05:00,1.4162077104642015,0.06608969315498962,0.7867820613690008,80,expanded
MAR,short,314.07,2026-02-02 08:10:00-05:00,0.0,2.2383545069570574,-1.6047377973063395,85,expanded
MAR,long,319.9,2026-02-03 09:55:00-05:00,0.9252891528602804,1.1972491403563565,-0.40950296967802513,79,core
MAR,short,324.9,2026-02-04 15:15:00-05:00,0.3878116343490277,0.14927670052324213,-0.030778701138818945,16,expanded
MAR,short,324.0,2026-02-05 13:10:00-05:00,0.30555555555555836,1.6975308641975309,-0.7497222222222238,42,expanded
MAR,short,327.7,2026-02-06 07:00:00-05:00,0.5187671650900179,1.910283796155017,-1.4372902044553055,82,expanded
MAR,short,332.98,2026-02-09 09:20:00-05:00,2.0571806114481417,0.0,0.3338038320619962,89,expanded
MAR,short,362.06,2026-02-10 10:05:00-05:00,1.3064133016627129,0.35077059050985526,0.2237198254432973,79,expanded
MAR,long,360.34,2026-02-11 07:35:00-05:00,2.050840872509309,1.4819337292556962,-0.5559749125825607,91,expanded
MAR,long,364.6301,2026-02-12 09:35:00-05:00,1.4726979478655142,3.3129738877838157,-2.780927849895008,80,expanded
MAR,long,354.18,2026-02-13 08:15:00-05:00,1.3834773279123544,1.1293692472753967,-0.08187927042747203,83,expanded
MAR,short,357.5,2026-02-17 10:15:00-05:00,0.5712447552447496,1.1888111888111887,-0.6853146853146821,72,expanded
MAR,long,359.94,2026-02-18 07:05:00-05:00,0.06389953881202928,2.205923209423792,-2.205923209423792,83,expanded
MAR,long,353.51,2026-02-19 09:55:00-05:00,0.39602840089390234,1.1824276540974816,-0.9759271307742323,77,expanded
MAR,long,347.035,2026-02-20 09:35:00-05:00,1.606466206578584,0.5748699698877648,0.30976702638062115,78,expanded
MAR,short,341.31,2026-02-23 12:55:00-05:00,0.5654683425624818,0.593595265301342,-0.38381529987401547,37,expanded
MAR,short,347.0,2026-02-24 08:25:00-05:00,1.585014409221902,0.253602305475503,1.109510086455338,79,expanded
MAR,long,350.62,2026-02-26 15:25:00-05:00,0.4459528834635811,0.31943414522845376,-0.31943414522845376,11,core
MAR,short,347.07,2026-02-27 08:35:00-05:00,2.178234938196906,0.25355115682715174,1.5385945198374895,80,expanded
MAR,short,336.46,2026-03-02 04:55:00-05:00,3.6259882303988555,1.5663080306723056,1.7684122926945223,98,expanded
MAR,long,324.01,2026-03-03 04:10:00-05:00,4.0492577389586755,1.3795870497824052,3.623344958488938,100,expanded
MAR,short,334.48,2026-03-04 09:55:00-05:00,0.2929921071514046,1.2766084668739481,-0.43649844534799676,74,core
MAR,short,330.775,2026-03-05 09:55:00-05:00,1.2833497090167048,1.561484392714087,-1.561484392714087,74,core
MAR,short,322.61,2026-03-06 13:35:00-05:00,0.5951458417284076,0.557949226620381,-0.12088899910107757,30,expanded
MAR,short,317.94,2026-03-09 05:25:00-04:00,2.1198968358809864,3.5824369377869996,-3.3779958482732617,90,expanded
MAR,long,326.765,2026-03-10 14:45:00-04:00,0.21116092604777068,0.4146710939053942,-0.2341132006181771,15,expanded
MAR,short,324.0,2026-03-11 08:00:00-04:00,0.32407407407407757,1.1419753086419717,-0.5246913580246878,83,expanded
MAR,short,320.85,2026-03-12 08:25:00-04:00,1.823281907433387,0.03428393330215265,1.3606669783387888,84,expanded
MAR,long,320.12,2026-03-13 09:55:00-04:00,0.15303636136448123,2.080469823816077,-1.964888166937405,75,expanded
MAR,long,316.98,2026-03-16 08:45:00-04:00,1.9780427787242039,0.0031547731718060777,1.2335163101772881,83,expanded
MAR,short,324.92,2026-03-17 09:25:00-04:00,0.0030776806598519345,1.8466083959128399,-0.7263326357257038,81,expanded
MAR,long,325.07,2026-03-18 08:50:00-04:00,1.3166394930322791,1.1136063001815009,-0.6367859230319602,82,expanded
MAR,short,324.92,2026-03-19 09:55:00-04:00,1.4957528006894045,0.5878370060322442,0.006155361319721363,75,expanded
MAR,short,324.36,2026-03-20 06:00:00-04:00,2.1735109137994852,0.2975089406831838,0.32988037982488383,84,expanded
MAR,long,329.205,2026-03-23 13:30:00-04:00,0.6211934812654777,0.8307893258000203,-0.7001716255828456,32,expanded
MAR,short,326.5,2026-03-24 07:00:00-04:00,1.3905053598774948,2.07044410413476,-0.10719754977029793,89,expanded
MAR,long,326.3,2026-03-25 06:40:00-04:00,1.0464909592399576,1.241189089794671,0.15016855654306133,85,expanded
MAR,short,325.72,2026-03-26 14:30:00-04:00,0.6539358958614921,1.0284907282328275,-0.03377133734494559,20,expanded
MAR,long,320.43,2026-03-27 10:30:00-04:00,0.33080548013606786,1.6945978840932518,-1.0236245045719907,73,expanded
MAR,short,320.085,2026-03-30 10:55:00-04:00,0.3233516097286559,1.101269975162858,-1.0669041035974884,62,expanded
MAR,short,328.53,2026-03-31 13:05:00-04:00,0.6894347548169076,0.3256932395823974,0.16132468876509687,39,core
MAR,short,327.02,2026-04-02 09:55:00-04:00,0.651336309705827,2.5350131490428782,-1.4463947159195212,74,expanded
MAR,long,332.44,2026-04-06 09:25:00-04:00,1.8228853326916143,1.335579352665142,1.8228853326916143,80,expanded
MAR,short,335.92,2026-04-07 09:55:00-04:00,2.728328173374619,0.11907597046915254,-0.023815194093827124,77,core
MAR,long,345.94,2026-04-08 04:50:00-04:00,2.2142568075388867,0.40469445568595047,0.7978262126380271,97,expanded
MAR,short,346.75,2026-04-09 08:35:00-04:00,0.640230713770736,2.0908435472242246,-2.0908435472242246,81,expanded
MAR,long,353.5,2026-04-10 09:35:00-04:00,0.999292786421507,0.4186704384724238,0.29702970297030024,78,expanded
MAR,long,352.005,2026-04-13 10:00:00-04:00,2.1974119685799955,0.68606980014489,1.9871876819931549,74,core
MAR,short,364.62,2026-04-14 12:10:00-04:00,0.13712906587680324,0.7391256650759676,-0.38396138445504285,49,expanded
MAR,short,365.875,2026-04-15 09:25:00-04:00,1.3679535360437296,0.07242910830201199,0.5179364537068621,80,expanded
MAR,long,364.54,2026-04-16 09:35:00-04:00,0.8119822241729246,0.9079936358150003,-0.14264552586822807,82,expanded
MAR,long,376.55,2026-04-17 15:50:00-04:00,0.7489045279511335,0.1460629398486287,0.3160270880361168,10,expanded
MAR,short,375.5,2026-04-20 07:05:00-04:00,0.5938748335552645,0.9800266311584572,-0.7989347536617843,87,core
MAR,short,377.52,2026-04-21 08:15:00-04:00,1.1602034329307045,0.6569188387370254,0.548315321042592,80,expanded
MAR,long,377.94,2026-04-22 08:20:00-04:00,0.0,3.140710165634758,-2.8602423665132037,90,expanded
MAR,long,369.69,2026-04-23 09:30:00-04:00,0.6491925667451046,1.8096242798019957,-1.387649111417673,87,expanded
MAR,short,369.22,2026-04-24 07:20:00-04:00,1.4137912355777116,0.39813661231785125,0.5443908780672899,83,expanded
MAR,long,359.61,2026-04-27 14:15:00-04:00,0.4449264480965396,0.3281332554712068,0.2947637718639644,21,expanded
MAR,short,357.08,2026-04-28 06:05:00-04:00,1.4394533437885029,2.6380642993166843,0.05040887196146713,96,expanded
MAR,short,350.44,2026-04-29 09:55:00-04:00,0.9702088802648035,1.8548110946239014,0.9702088802648035,79,expanded
MAR,long,352.58,2026-04-30 08:00:00-04:00,3.0290997787736136,0.0,2.586647002098816,91,expanded
MAR,short,361.66,2026-05-01 08:00:00-04:00,2.1180113919150654,0.5778908366974437,1.896809157772497,83,expanded
MAR,short,347.76,2026-05-04 14:35:00-04:00,0.38532321141016074,0.3479411088106845,0.14377731769036117,18,expanded
MAR,short,350.0,2026-05-05 08:15:00-04:00,0.7457142857142897,2.857142857142857,-1.5657142857142907,86,expanded
MAR,short,356.325,2026-05-06 09:55:00-04:00,1.2137795551813622,1.9939661825580632,-1.3541008910404795,79,core
MAR,short,351.42,2026-05-07 13:40:00-04:00,0.6444425473792057,0.5985999658528176,-0.18496386090717012,32,expanded
MAR,short,353.48,2026-05-08 09:30:00-04:00,0.3253366527102054,1.389046056353957,0.2772434083965198,82,core
MAR,long,352.02,2026-05-11 08:40:00-04:00,0.846542810067615,1.1007897278563719,0.846542810067615,82,expanded
MAR,short,354.5287,2026-05-12 09:55:00-04:00,1.4381628342077828,0.17242609695631736,1.0742994854859387,77,core
MAR,long,350.21,2026-05-13 04:35:00-04:00,1.0565089517718071,1.1278946917563715,-0.03140972559320317,83,expanded
MAR,short,352.18,2026-05-14 09:30:00-04:00,0.7447044125163294,1.3899142483957014,0.7447044125163294,79,expanded
MAR,long,354.34,2026-05-15 11:10:00-04:00,0.014110741096125576,0.9567082463170928,-0.9567082463170928,60,expanded
MAR,short,354.66,2026-05-18 09:30:00-04:00,0.4835617210849918,2.5742965093328807,-1.2744600462414655,79,expanded
MAR,long,360.0,2026-05-19 16:45:00-04:00,0.0,0.3638888888888895,-0.3638888888888895,1,expanded
MAR,long,358.95,2026-05-20 09:05:00-04:00,3.6662487811673006,0.6602590890096126,2.966987045549529,86,expanded
MAR,short,365.675,2026-05-21 09:55:00-04:00,0.236548848020786,1.497231147877204,-1.335885690845694,73,core
MAR,long,371.02,2026-05-22 09:25:00-04:00,0.0,1.0026413670422,-0.5040159560131542,79,expanded
MAR,long,371.49,2026-05-26 06:00:00-04:00,0.9448168187569023,0.734878462408145,0.9340762873832325,85,expanded
MAR,short,383.395,2026-05-27 10:10:00-04:00,0.43427796397969815,1.725374613649111,-0.6794559136139017,80,expanded
MAR,long,384.43,2026-05-28 08:05:00-04:00,1.0248939989074728,0.7322529459199328,0.27833415706370296,82,expanded
MAR,short,375.09,2026-05-29 15:50:00-04:00,0.0426564291236685,0.4825508544615965,-0.46922072036045964,7,expanded
MAR,short,374.71,2026-06-01 08:50:00-04:00,1.1035200555095916,0.9660804355368164,-0.6111392810440128,82,expanded
MAR,short,377.0,2026-06-02 09:25:00-04:00,1.0185676392572878,0.17506631299735412,0.8594164456233446,79,expanded
MAR,long,372.26,2026-06-03 08:35:00-04:00,3.126846827486162,0.26325686348251714,2.1087412023854357,93,expanded
MAR,short,384.635,2026-06-04 12:55:00-04:00,0.2872853484472339,0.3496821662095304,-0.22228866327817756,44,expanded
MAR,short,386.0,2026-06-05 08:05:00-04:00,0.5129533678756524,2.7590673575129476,-1.2953367875647668,91,expanded
MAR,short,390.85,2026-06-08 07:00:00-04:00,1.1104004093642144,1.279263144428809,-0.42727389023921175,89,expanded
MAR,short,393.0,2026-06-09 07:00:00-04:00,0.9223918575063612,1.5165394402035572,-0.6819338422391875,85,expanded
MAR,short,386.055,2026-06-10 13:15:00-04:00,0.7265804095271416,0.7913380217844626,0.3885456735439251,43,expanded
MAR,short,385.98,2026-06-11 05:30:00-04:00,0.0,2.950930100005178,-1.6555261930669944,91,expanded
MAR,short,399.0,2026-06-12 04:30:00-04:00,0.5062656641603965,1.1152882205513757,-0.2506265664160401,89,expanded
QRVO,short,87.8,2025-12-16 09:55:00-05:00,2.152619589977222,0.32232346241458004,1.400911161731212,73,core
QRVO,long,86.58,2025-12-17 04:05:00-05:00,1.5477015477015517,1.3744513744513718,-0.7623007623007584,84,expanded
QRVO,long,85.93,2025-12-18 04:05:00-05:00,1.9550797160479372,1.117188409170264,-0.9193529617130294,82,expanded
QRVO,long,85.15,2025-12-19 04:05:00-05:00,1.7381092190252374,0.5637110980622477,0.5637110980622311,85,expanded
QRVO,short,86.16,2025-12-22 07:00:00-05:00,0.046425255338895126,1.5552460538533002,0.046425255338895126,81,expanded
QRVO,short,86.23,2025-12-23 09:30:00-05:00,0.10437202829642052,1.1248985271947105,-0.02319378406586573,78,expanded
QRVO,long,86.51,2025-12-24 09:35:00-05:00,0.39301814819094805,0.6963356837359876,-0.6963356837359876,42,expanded
QRVO,long,86.38,2025-12-26 09:35:00-05:00,0.1852280620514133,0.6482982171799054,-0.2662653391988768,77,expanded
QRVO,short,86.1,2025-12-29 04:45:00-05:00,0.9872241579558587,0.24390243902439954,0.6968641114982512,80,expanded
QRVO,short,85.46,2025-12-30 09:30:00-05:00,0.35139246431078036,0.5148607535689351,0.35139246431078036,79,expanded
QRVO,short,85.46,2025-12-31 11:40:00-05:00,1.1233325532412752,0.08776035572197852,1.1116311724783392,52,expanded
QRVO,short,86.69,2026-01-02 11:10:00-05:00,1.1189295189756592,0.4383435228976762,0.48448494636059725,58,expanded
QRVO,short,86.27,2026-01-05 08:55:00-05:00,0.0,2.3067114871913867,-1.1939260461342311,79,expanded
QRVO,short,87.87,2026-01-06 09:30:00-05:00,0.39262546944349475,1.7075224763855683,-0.14794582906566,79,expanded
QRVO,short,81.0,2026-01-07 10:30:00-05:00,1.5925925925926003,0.9135802469135739,-0.31975308641975353,68,expanded
QRVO,long,81.0517,2026-01-08 08:35:00-05:00,3.958337702972311,1.4209449030680308,2.2557207313356766,82,expanded
QRVO,long,83.575,2026-01-09 09:35:00-05:00,0.0,2.2554591684116123,-2.147771462758004,77,expanded
QRVO,short,79.98,2026-01-12 09:55:00-05:00,0.21880470117529027,1.3315828957239282,-0.6001500375093646,73,core
QRVO,short,80.45,2026-01-13 08:00:00-05:00,0.6836544437538808,1.068986948415164,0.19888129272839847,83,expanded
QRVO,long,80.595,2026-01-14 14:35:00-05:00,1.7308766052484597,0.024815435200689896,0.42459209628389527,18,expanded
QRVO,long,80.51,2026-01-15 10:05:00-05:00,1.0309278350515443,0.21115389392622244,0.16147062476710403,71,expanded
QRVO,short,81.0001,2026-01-16 09:35:00-05:00,1.1853071786331093,0.7529620333802008,1.0988875322376193,77,expanded
QRVO,short,79.12,2026-01-20 09:30:00-05:00,0.3791708796764552,2.1739130434782594,-0.9226491405459931,77,expanded
QRVO,long,80.65,2026-01-21 09:30:00-05:00,1.0167389956602517,0.7563546187228759,0.6695598264104055,78,expanded
QRVO,short,82.785,2026-01-22 09:35:00-05:00,2.2286646131545558,2.276982545147074,1.4434982182762497,77,expanded
QRVO,long,81.42,2026-01-23 09:30:00-05:00,0.9641365757799024,1.6212232866617629,-0.6263817243920475,78,expanded
QRVO,short,82.115,2026-01-26 12:05:00-05:00,0.6271692139073258,0.529744869999394,0.1400474943676489,48,expanded
QRVO,long,82.47,2026-01-27 09:35:00-05:00,1.3459439796289554,11.943737116527215,-10.294652600945794,114,expanded
QRVO,short,81.33,2026-02-04 15:25:00-05:00,0.7315873601377092,0.11066027296201084,0.4549366777326995,9,expanded
QRVO,long,79.83,2026-02-05 09:25:00-05:00,4.309156958536888,0.2380057622447673,2.7057497181510666,81,expanded
QRVO,long,83.602,2026-02-06 08:35:00-05:00,0.739216765149153,0.9950718882323443,-0.8995000119614478,82,expanded
QRVO,short,83.175,2026-02-09 09:35:00-05:00,0.12623985572588398,1.3525698827772767,-0.3306281935677856,78,expanded
QRVO,short,83.9,2026-02-10 09:35:00-05:00,0.6651966626936952,1.9070321811680502,0.6651966626936952,78,expanded
QRVO,short,84.8318,2026-02-11 09:35:00-05:00,0.3321867507232006,1.553898420167914,-1.164893353671609,77,expanded
QRVO,short,86.5,2026-02-12 09:10:00-05:00,4.612716763005775,0.0,4.161849710982652,79,expanded
QRVO,long,83.7725,2026-02-13 13:50:00-05:00,0.9042346832194424,0.39690829329433414,-0.39690829329433414,27,expanded
QRVO,short,83.27,2026-02-17 09:25:00-05:00,0.672511108442419,2.113606340819029,-1.2249309475201275,80,expanded
QRVO,short,83.95,2026-02-18 09:55:00-05:00,0.25014889815367236,1.0125074449076763,-0.13103037522334654,73,core
QRVO,long,84.265,2026-02-19 09:35:00-05:00,0.0,3.8746810656856354,-3.8746810656856354,80,expanded
QRVO,short,80.99,2026-02-20 08:55:00-05:00,0.654401777997285,2.3027534263489433,-1.5434004198049143,79,expanded
QRVO,short,82.24,2026-02-23 09:30:00-05:00,1.282830739299602,0.5983706225681029,-0.26750972762645775,78,expanded
QRVO,short,84.28,2026-02-24 09:35:00-05:00,1.4000949216896141,0.49833887043189573,1.3051732320835243,77,core
QRVO,long,83.69,2026-02-25 10:15:00-05:00,0.38224399569841566,1.9835105747401085,-1.589198231568883,71,expanded
QRVO,short,83.55,2026-02-26 09:35:00-05:00,2.597247157390786,0.17953321364453106,1.3046080191502134,77,core
QRVO,long,81.81,2026-02-27 09:35:00-05:00,1.3690257914680413,1.1734506784011831,1.3323554577680032,79,expanded
QRVO,short,82.37,2026-03-02 12:50:00-05:00,1.0076484156853203,0.3156489012990056,0.5463154060944553,38,expanded
QRVO,long,81.14,2026-03-03 09:35:00-05:00,0.5299482376139913,1.4912496918905518,0.16021690904608757,77,expanded
QRVO,long,81.27,2026-03-04 09:30:00-05:00,0.3568352405561785,2.362495385751202,-2.030269472129927,79,expanded
QRVO,short,79.73,2026-03-05 09:35:00-05:00,0.9155901166436773,0.9370375015677775,0.9155901166436773,78,expanded
QRVO,long,78.27,2026-03-06 14:50:00-05:00,0.24274945700779063,1.0732081257186525,-0.6004854989140141,15,expanded
QRVO,long,76.55,2026-03-09 09:30:00-04:00,2.259960809928157,2.129327237099929,1.9464402351404433,78,expanded
QRVO,long,78.07,2026-03-10 10:10:00-04:00,1.5370821058024886,0.5764057896759174,0.12809017548355134,72,core
QRVO,short,78.26,2026-03-11 09:30:00-04:00,0.26833631484795295,1.852798364426257,-0.47278303092255347,78,expanded
QRVO,long,78.5,2026-03-12 08:00:00-04:00,1.5541401273885336,1.0318471337579647,0.3439490445859822,79,expanded
QRVO,long,78.71,2026-03-13 06:35:00-04:00,1.9946639562952708,0.902045483420142,-0.902045483420142,81,expanded
QRVO,short,78.48,2026-03-16 10:45:00-04:00,0.48419979612641395,1.2487257900101805,0.48419979612641395,65,expanded
QRVO,long,78.0,2026-03-17 13:35:00-04:00,0.41025641025640147,0.15384615384615968,-0.051282051282059295,30,expanded
QRVO,short,77.37,2026-03-18 15:00:00-04:00,0.7367196587824834,0.22618586015251022,0.7367196587824834,14,expanded
QRVO,long,76.28,2026-03-19 09:30:00-04:00,2.5825904562139472,0.20975353959097615,1.9140010487676897,79,expanded
QRVO,long,78.27,2026-03-20 09:30:00-04:00,1.418167880413951,1.2392998594608393,-0.34495975469528045,79,expanded
QRVO,short,79.05,2026-03-23 09:30:00-04:00,1.0246679316888074,1.0499683744465507,0.36685641998733975,78,expanded
QRVO,long,79.68,2026-03-24 09:35:00-04:00,1.2926706827309071,0.5271084337349419,0.15060240963854207,78,expanded
QRVO,long,80.59,2026-03-25 09:30:00-04:00,1.2471770691152733,0.831368656160816,1.2471770691152733,79,expanded
QRVO,short,80.29,2026-03-26 09:35:00-04:00,0.21173246979698807,2.12977954913438,-0.39855523726490616,77,expanded
QRVO,long,80.06,2026-03-27 09:30:00-04:00,0.012490632025969152,4.434174369223079,-3.3849612790407297,80,expanded
QRVO,short,77.47,2026-03-30 09:30:00-04:00,2.6203691751645812,0.45178778882147197,1.4844455918420107,79,expanded
QRVO,long,76.63,2026-03-31 07:30:00-04:00,1.592065770585931,1.2397233459480472,1.0048283961894955,79,expanded
QRVO,short,77.3,2026-04-01 12:00:00-04:00,0.8538163001293617,0.5174644243208354,0.29754204398448125,48,expanded
QRVO,short,76.94,2026-04-02 10:00:00-04:00,0.9617884065505523,2.4954510007798305,-2.2874967507148494,72,expanded
QRVO,short,79.36,2026-04-06 09:35:00-04:00,1.0332661290322496,0.36542338709678207,-0.052419354838712864,77,expanded
QRVO,long,78.99,2026-04-07 09:35:00-04:00,0.037979491074821035,2.474996835042408,-0.6203316875553804,79,expanded
QRVO,short,80.8,2026-04-08 07:30:00-04:00,2.4504950495049553,0.0,1.5222772277227772,80,core
QRVO,short,79.485,2026-04-09 09:35:00-04:00,0.38057495124865687,0.8555073284267557,-0.4340441592753336,77,expanded
QRVO,long,80.03,2026-04-10 09:35:00-04:00,0.524803198800452,0.8746719980007531,-0.27489691365737706,77,expanded
QRVO,short,79.54,2026-04-13 09:30:00-04:00,1.0560724163942712,0.4400301734976041,-0.2891626854412745,78,expanded
QRVO,long,80.84,2026-04-14 15:25:00-04:00,0.0,0.7686788718456313,-0.7686788718456313,8,expanded
QRVO,short,80.8,2026-04-15 07:55:00-04:00,0.8910891089108898,0.7425742574257531,-0.4826732673267334,80,expanded
QRVO,long,81.45,2026-04-16 10:50:00-04:00,0.847145488029463,0.13505217925107357,0.3314917127071774,62,expanded
QRVO,long,80.49,2026-04-17 05:45:00-04:00,3.2550627407131376,0.049695614362022675,1.6163498571251111,89,expanded
QRVO,long,80.99,2026-04-20 05:05:00-04:00,2.4817878750463085,1.9138165205580902,2.4817878750463085,87,expanded
QRVO,long,83.255,2026-04-21 09:40:00-04:00,1.1590895441715254,0.5645306588192888,-0.1981862951174008,76,expanded
QRVO,long,85.03,2026-04-22 04:30:00-04:00,0.9055627425614441,0.764436081383048,-0.05880277549099983,82,expanded
QRVO,short,84.25,2026-04-23 14:00:00-04:00,0.5103857566765659,2.480712166172111,-2.480712166172111,25,expanded
QRVO,long,85.62,2026-04-24 09:20:00-04:00,2.7563653352020547,0.1401541695865505,2.546134080822229,79,expanded
QRVO,long,88.41,2026-04-27 09:30:00-04:00,0.0,3.924895373826489,-2.725935980092746,78,expanded
QRVO,short,85.3584,2026-04-28 10:00:00-04:00,0.6658981424206603,0.7516542015782827,-0.7516542015782827,74,expanded
QRVO,long,85.605,2026-04-29 12:40:00-04:00,2.213655744407448,0.35628760002337106,1.6295777115822627,44,core
QRVO,short,87.2,2026-04-30 08:50:00-04:00,0.4690366972477133,8.153669724770642,-6.99541284403669,81,expanded
QRVO,short,93.12,2026-05-01 15:35:00-04:00,0.38659793814432925,0.47250859106528964,0.38659793814432925,10,expanded
QRVO,long,93.1358,2026-05-04 06:10:00-04:00,0.7131521928195108,1.1658245271957788,-1.1658245271957788,85,expanded
QRVO,short,95.06,2026-05-05 11:40:00-04:00,2.167052387965498,6.248685041026717,0.7994950557542658,79,expanded
QRVO,long,87.06,2026-05-06 10:05:00-04:00,2.8198943257523528,0.7810705260739798,1.7688950149322216,73,expanded
QRVO,short,89.59,2026-05-07 09:30:00-04:00,1.4064069650630708,1.830561446590022,1.2278156044201456,79,expanded
QRVO,short,90.0,2026-05-08 08:45:00-04:00,0.7421111111111145,1.8333333333333397,-0.933333333333337,83,expanded
QRVO,short,91.0516,2026-05-11 08:25:00-04:00,0.8254659994991811,2.7439386018477476,-2.7439386018477476,82,expanded
QRVO,short,91.76,2026-05-12 09:55:00-04:00,3.7380122057541487,0.0,2.3212728857890252,74,core
QRVO,short,91.79,2026-05-13 13:55:00-04:00,0.6209826778516259,0.33772742128770894,0.30504412245342755,25,core
QRVO,long,90.2,2026-05-14 09:35:00-04:00,1.4063192904656354,0.6165188470066527,-0.22172949002217607,79,expanded
QRVO,short,90.71,2026-05-15 11:45:00-04:00,0.36379671480542203,2.8332047183331577,-1.741814573916892,56,expanded
QRVO,long,92.19,2026-05-18 07:00:00-04:00,2.8311096648226486,0.2681418808981368,1.9633365874823758,82,expanded
QRVO,short,94.41,2026-05-19 10:00:00-04:00,1.727465310878082,2.2720050842071924,-0.18006567100942877,74,expanded
QRVO,short,97.06,2026-05-20 06:30:00-04:00,2.6375437873480347,2.1120956109622884,-0.7624150010302853,84,core
QRVO,short,98.64,2026-05-21 09:30:00-04:00,3.2643957826439562,0.3649635036496345,-0.3649635036496345,81,expanded
QRVO,long,98.75,2026-05-22 09:30:00-04:00,8.354430379746836,0.4962025316455645,8.354430379746836,82,expanded
QRVO,long,106.53,2026-05-26 09:55:00-04:00,2.3467567821271005,0.6570918989955907,1.379892987890734,77,expanded
QRVO,short,111.4601,2026-05-27 08:50:00-04:00,7.684453898749418,0.0,6.773814127207853,79,core
QRVO,long,103.85,2026-05-28 06:50:00-04:00,3.1776600866634683,0.9532980259990322,2.474723158401548,81,expanded
QRVO,long,107.39,2026-05-29 06:45:00-04:00,1.4992084924108384,4.0413446317161785,-3.5664400782195718,82,expanded
QRVO,long,103.16,2026-06-01 08:05:00-04:00,0.0,4.061651803024426,-4.061651803024426,81,expanded
QRVO,short,100.99,2026-06-02 09:25:00-04:00,0.3317160114862796,4.12912169521735,-1.7328448361223885,79,expanded
QRVO,long,102.99,2026-06-03 09:05:00-04:00,3.121856490921459,1.2913875133508093,0.07767744441207719,82,expanded
QRVO,long,103.75,2026-06-04 08:40:00-04:00,2.380722891566264,0.9156626506024123,0.21204819277108322,79,expanded
QRVO,short,102.38,2026-06-05 08:10:00-04:00,4.659113108028908,0.4297714397343209,4.02393045516702,84,expanded
QRVO,long,100.1448,2026-06-08 10:00:00-04:00,3.2554860561906334,0.6438676795999428,-0.6438676795999428,73,expanded
QRVO,long,99.59,2026-06-09 09:35:00-04:00,2.3195099909629504,5.703383873882927,-1.6567928506878258,77,expanded
QRVO,short,95.0,2026-06-10 16:10:00-04:00,0.0,0.0,0.0,0,expanded
QRVO,short,95.445,2026-06-11 09:35:00-04:00,0.40337367070039387,2.655979883702668,-2.3207082613023244,77,expanded
QRVO,long,96.04,2026-06-12 08:45:00-04:00,3.1653477717617577,0.08329862557269106,2.6551436901291097,79,expanded
MPC,long,179.05,2025-12-16 10:50:00-05:00,0.30996928232336124,2.1223122032951753,-1.3124825467746566,66,expanded
MPC,short,177.5,2025-12-17 09:25:00-05:00,2.614028169014091,0.016901408450704865,1.6901408450704223,82,expanded
MPC,long,173.41,2025-12-18 09:30:00-05:00,0.5593679718586004,3.6214751167752732,-3.021740384060901,82,expanded
MPC,short,168.25,2025-12-19 08:15:00-05:00,0.8973551263001561,1.3552451708766762,-0.32689450222883293,89,expanded
MPC,short,170.0,2025-12-22 08:45:00-05:00,3.1529411764705966,0.46441176470588463,2.5882352941176507,84,expanded
MPC,long,165.27,2025-12-23 09:30:00-05:00,1.0165184243964291,0.6353240152477833,-0.16457917347372167,79,expanded
MPC,short,165.54,2025-12-24 09:30:00-05:00,0.6584511296363438,0.465083967621123,-0.11477588498248022,43,expanded
MPC,short,164.1,2025-12-26 14:05:00-05:00,0.5047531992687292,0.16453382084095688,0.5047531992687292,25,expanded
MPC,long,164.56,2025-12-29 09:35:00-05:00,0.17926592124452326,1.1789013125911507,-0.5833738454059357,77,expanded
MPC,short,163.55,2025-12-30 14:10:00-05:00,0.018343014368695284,0.7673494344237207,-0.16508712931824016,22,expanded
MPC,short,164.09,2025-12-31 09:30:00-05:00,1.3163507831068295,0.04570662441342472,0.8897556219148077,79,expanded
MPC,short,162.85,2026-01-02 09:30:00-05:00,0.3193122505372931,1.590420632483883,-1.3202333435677038,80,expanded
MPC,short,177.04,2026-01-05 04:10:00-05:00,3.3486217803886027,2.2254857659286023,1.152281970176227,122,expanded
MPC,short,172.52,2026-01-06 12:25:00-05:00,1.4317180616740082,0.22026431718061407,0.5970322281474618,49,expanded
MPC,long,171.88,2026-01-07 08:25:00-05:00,3.21154293693275,1.8538515243192877,0.9308820107051398,89,expanded
MPC,short,177.27,2026-01-08 13:35:00-05:00,0.1353866982569014,0.8800135386698269,-0.8292435268234888,40,expanded
MPC,long,175.505,2026-01-09 10:05:00-05:00,1.2278852454346036,0.6410073787071593,0.3390216802940081,73,expanded
MPC,long,176.26,2026-01-12 07:30:00-05:00,0.7794167706796875,1.282140020424366,-0.4879155792579061,83,expanded
MPC,short,176.0,2026-01-13 08:55:00-05:00,0.909090909090906,1.7556818181818201,-0.2272727272727305,80,expanded
MPC,long,176.71,2026-01-14 09:20:00-05:00,3.802840812630863,0.4017882406202297,2.7106558768603883,85,expanded
MPC,long,180.0,2026-01-15 07:55:00-05:00,1.888888888888892,1.6611111111111163,-1.202611111111117,88,expanded
MPC,long,179.0,2026-01-16 08:10:00-05:00,0.0,2.256983240223459,-1.8435754189944198,82,core
MPC,short,175.23,2026-01-20 08:00:00-05:00,0.6734006734006611,1.4322889916110328,0.005706785367797127,85,expanded
MPC,long,177.89,2026-01-21 09:25:00-05:00,2.630839282702798,0.3766372477373588,-0.23047950980943088,85,expanded
MPC,long,176.48,2026-01-22 09:30:00-05:00,0.8329555757026286,1.2296010879419694,-0.5553037171350803,80,expanded
MPC,short,177.2672,2026-01-23 08:45:00-05:00,1.2438849375406238,2.449861000794287,0.7148530579825272,81,expanded
MPC,long,177.5,2026-01-26 08:30:00-05:00,0.0,2.9633802816901356,-2.2535211267605635,81,expanded
MPC,short,171.69,2026-01-27 12:25:00-05:00,0.3089871279631833,0.5853573300716381,0.26646863533112597,48,expanded
MPC,short,173.0,2026-01-28 09:30:00-05:00,1.6878034682080996,0.5780346820809248,0.40462427745664087,81,core
MPC,long,173.8,2026-01-29 08:30:00-05:00,3.9930955120828524,0.0,1.323360184119668,87,expanded
MPC,long,176.43,2026-01-30 07:35:00-05:00,0.9465510400725429,2.5109108428271876,0.32307430709062696,94,expanded
MPC,long,174.1,2026-02-02 09:55:00-05:00,1.8495117748420442,0.5269959793222228,1.52211372774268,77,expanded
MPC,long,177.36,2026-02-03 09:55:00-05:00,5.829950383400978,2.77401894451963,5.717185385656284,82,core
MPC,short,192.54,2026-02-04 10:10:00-05:00,1.2075412901215272,2.633219071361806,-1.7554793809078608,72,expanded
MPC,long,194.22,2026-02-05 07:55:00-05:00,1.199670476778917,1.6617753063536154,1.1945216764493838,84,expanded
MPC,long,197.98,2026-02-06 09:20:00-05:00,3.2275987473482246,0.9142337609859594,2.7881604202444747,83,expanded
MPC,short,203.99,2026-02-09 08:55:00-05:00,0.823569782832495,1.2059414677189957,-0.009804402176568366,85,expanded
MPC,short,204.35,2026-02-10 09:25:00-05:00,1.6589185221433749,0.21531685833129321,-0.21531685833129321,85,expanded
MPC,short,206.47,2026-02-11 09:30:00-05:00,0.6828594953261943,1.419092362086505,-1.0510001452995532,81,expanded
MPC,long,209.18,2026-02-12 09:55:00-05:00,0.0430251458074402,5.435510087006408,-5.186920355674536,75,core
MPC,long,197.63,2026-02-13 09:35:00-05:00,3.382583615847798,0.46551636897231574,2.848757779689316,78,expanded
MPC,short,200.47,2026-02-17 09:55:00-05:00,1.4166708235646248,0.3990622038210263,-0.0349179428343359,74,core
MPC,long,201.4,2026-02-18 09:30:00-05:00,0.2979145978152901,1.4945382323733958,-0.9086395233366497,79,expanded
MPC,long,201.53,2026-02-19 07:30:00-05:00,0.22378802163449282,2.590185084106584,-2.510792437850445,84,expanded
MPC,long,195.4579,2026-02-20 09:20:00-05:00,1.5308155873975897,0.44915043086003814,0.6661792641791383,81,expanded
MPC,long,191.478,2026-02-23 13:50:00-05:00,0.881041163997944,0.5420988311973234,-0.24963703401957854,28,expanded
MPC,short,192.33,2026-02-24 09:55:00-05:00,0.5667342588259779,1.559819060988925,-1.5390214735090622,74,core
MPC,short,193.075,2026-02-25 13:55:00-05:00,0.3547844102032901,1.514955328240327,-1.3077819500194254,30,expanded
MPC,short,197.045,2026-02-26 10:00:00-05:00,0.0,2.94095257428507,-1.9005810855388388,76,expanded
MPC,short,198.21,2026-02-27 08:00:00-05:00,3.9806266081428863,3.0968669592855993,1.1015589526260057,88,expanded
MPC,long,202.27,2026-03-02 05:40:00-05:00,4.029267810352487,2.0072180748504485,3.9303900726751313,112,expanded
MPC,short,211.99,2026-03-03 04:35:00-05:00,2.8020189631586385,1.689277796122455,1.8821642530308074,101,expanded
MPC,short,212.88,2026-03-04 09:55:00-05:00,0.3335212326193198,4.307591131153709,-3.414270950770392,75,expanded
MPC,long,221.11,2026-03-05 07:00:00-05:00,3.364841029351905,3.2336845913798586,-1.632671520962423,94,expanded
MPC,short,222.0,2026-03-06 07:05:00-05:00,3.4909459459459447,0.0,0.1576576576576551,93,expanded
MPC,long,222.39,2026-03-09 06:30:00-04:00,1.627771032870185,3.9165430100274206,-3.8131210935743467,98,expanded
MPC,long,213.98,2026-03-10 07:05:00-04:00,2.953547060472952,0.7500701000093419,0.584166744555566,86,expanded
MPC,long,217.39,2026-03-11 09:30:00-04:00,4.420626523759149,0.5474032844197055,3.960623763742589,88,expanded
MPC,short,231.49,2026-03-12 10:15:00-04:00,1.4255475398505384,1.9936066352758135,-0.6350166313879645,83,expanded
MPC,long,230.3281,2026-03-13 09:55:00-04:00,0.6694363388574812,1.9442265186054206,-0.5766122327236696,76,core
MPC,long,228.98,2026-03-16 07:35:00-04:00,0.8821731155559484,1.6289632282295352,0.43008122980173247,90,expanded
MPC,short,231.05,2026-03-17 08:00:00-04:00,0.9521748539277286,1.493183293659376,-0.8849599653754502,84,expanded
MPC,long,232.75,2026-03-18 08:00:00-04:00,2.685284640171858,1.2432223415682029,2.685284640171858,86,expanded
MPC,long,236.21,2026-03-19 11:30:00-04:00,0.8636382879640964,0.6350281529147792,-0.1819990686253772,57,expanded
MPC,long,237.99,2026-03-20 08:10:00-04:00,0.05882600109247715,2.5026261607630644,-0.7731417286440622,86,expanded
MPC,short,233.43,2026-03-23 12:20:00-04:00,0.8268003255794057,0.7882448699824373,0.8268003255794057,47,expanded
MPC,short,234.22,2026-03-24 07:25:00-04:00,0.0,5.516181367944662,-3.4155921782939114,101,core
MPC,long,241.82,2026-03-25 06:45:00-04:00,1.9270531800512765,1.0130675709205121,-0.17368290463980957,89,expanded
MPC,short,242.44,2026-03-26 07:00:00-04:00,0.7672001319914145,3.0380300280481745,-2.6975746576472495,91,expanded
MPC,long,249.94,2026-03-27 07:50:00-04:00,1.1562775066015905,1.6283908137953083,0.820196847243343,94,expanded
MPC,long,255.03,2026-03-30 07:25:00-04:00,0.6116927420303392,3.9995294671215107,-3.5640512880837596,92,expanded
MPC,long,246.83,2026-03-31 08:40:00-04:00,1.7380383259733387,3.2451484827614223,-1.7137300976380578,92,expanded
MPC,short,240.02,2026-04-01 07:00:00-04:00,2.853928839263404,1.7331889009249215,1.4665444546287851,100,expanded
MPC,short,243.5,2026-04-02 07:00:00-04:00,1.9342915811088328,2.1355236139630347,0.7433264887063664,96,expanded
MPC,long,238.4522,2026-04-06 07:15:00-04:00,1.4689736559360778,0.29448250005661714,0.9083162159963268,84,expanded
MPC,long,246.69,2026-04-07 10:55:00-04:00,0.1195832826624573,5.954842109530178,-5.931047063115655,76,expanded
MPC,long,231.53,2026-04-08 10:00:00-04:00,0.876776227702674,1.0452209216948072,0.418952187621474,76,core
MPC,long,234.0,2026-04-09 07:40:00-04:00,0.26179487179486594,6.4615384615384635,-5.021367521367521,91,expanded
MPC,long,223.49,2026-04-10 07:55:00-04:00,0.0,2.9173564812743344,-0.38927916237863197,84,expanded
MPC,short,226.93,2026-04-13 07:00:00-04:00,2.3267086766844405,0.6389635570440174,0.7226898162429007,96,expanded
MPC,short,224.83,2026-04-14 09:55:00-04:00,1.1697727171640901,0.20904683538673616,0.39100653827337206,75,core
MPC,short,225.2747,2026-04-15 07:25:00-04:00,2.090647551633627,0.25093807693451936,0.9964279166723979,82,expanded
MPC,short,220.5901,2026-04-16 09:10:00-04:00,0.0,4.342851288430433,-2.452467268476687,80,expanded
MPC,short,225.99,2026-04-17 06:25:00-04:00,6.7923359440683315,0.0,5.217045001991248,91,expanded
MPC,long,217.15,2026-04-20 06:05:00-04:00,1.020815104766292,1.7775731061478304,-1.3830071379230913,95,expanded
MPC,short,214.57,2026-04-21 07:55:00-04:00,0.7037330474903253,3.089900731695948,-2.9094934054154917,91,expanded
MPC,short,220.65,2026-04-22 07:00:00-04:00,0.9426240652617308,1.5816904600045232,-0.5891683661907922,88,expanded
MPC,short,222.375,2026-04-23 09:55:00-04:00,0.912872400224846,0.060708263069135876,0.5733558178752134,74,expanded
MPC,short,219.14,2026-04-24 07:30:00-04:00,0.37419001551519265,2.4824313224422863,-1.7614310486447085,83,expanded
MPC,long,224.37,2026-04-27 07:00:00-04:00,2.847974328118726,0.12033694344164114,1.2657663680527715,86,expanded
MPC,short,230.4,2026-04-28 07:00:00-04:00,1.4409722222222192,1.443142361111106,-1.171874999999995,94,expanded
MPC,short,235.55,2026-04-29 08:45:00-04:00,0.22500530672893274,4.137125875610264,-2.738272129059643,85,expanded
MPC,long,243.01,2026-04-30 04:25:00-04:00,2.5513353359944104,2.9422657503806335,2.464919139130081,95,expanded
MPC,short,246.785,2026-05-01 09:35:00-04:00,2.340093603744152,1.3027534088376536,0.2947910124197144,80,expanded
MPC,short,247.48,2026-05-04 06:15:00-04:00,0.8041053822531036,2.622110877646683,-2.622110877646683,87,expanded
MPC,short,257.81,2026-05-05 10:05:00-04:00,1.55540902214809,1.4739536868236343,-1.0472828827431009,76,expanded
MPC,short,248.77,2026-05-06 10:00:00-04:00,1.7325240181693944,0.32158218434698027,1.1888491377577723,77,expanded
MPC,short,240.75,2026-05-07 09:25:00-04:00,2.745586708203536,0.9595015576323997,-0.9387331256490097,82,expanded
MPC,long,243.05,2026-05-08 10:00:00-04:00,2.0096276486319686,0.0905163546595346,1.954330384694507,75,expanded
MPC,long,247.5,2026-05-11 07:00:00-04:00,2.416161616161612,0.06868686868686363,2.0242424242424204,93,expanded
MPC,long,257.13,2026-05-12 13:15:00-04:00,0.031112666744442144,2.088437755221096,-2.046591218449806,35,expanded
MPC,short,250.52,2026-05-13 09:55:00-04:00,1.9998403321092206,0.44507424556920827,0.5708127095641093,74,core
MPC,short,249.8223,2026-05-14 07:15:00-04:00,1.1051455374480263,0.689970430982334,0.4012051766395632,81,expanded
MPC,long,251.0,2026-05-15 05:05:00-04:00,2.3824701195219196,0.1970916334661333,1.8656573705179227,92,expanded
MPC,short,253.33,2026-05-18 05:30:00-04:00,1.5158094185449822,3.0434610981723473,-2.573718075237836,93,expanded
MPC,short,260.9,2026-05-19 07:30:00-04:00,1.6298965120735784,1.4153315446531343,-1.4153315446531343,89,expanded
MPC,long,256.72,2026-05-20 15:05:00-04:00,0.6933624181988052,2.506933624181999,0.6427235899033877,13,expanded
MPC,short,260.88,2026-05-21 09:10:00-04:00,4.9373658386997805,0.4503986507206422,4.806846059490952,84,expanded
MPC,long,248.0,2026-05-22 08:10:00-04:00,4.7430241935483854,0.8064516129032258,4.7430241935483854,86,expanded
MPC,short,252.32,2026-05-26 07:50:00-04:00,1.7041851616994226,2.3541534559289783,1.319752694990482,89,expanded
MPC,long,246.23,2026-05-27 04:10:00-04:00,1.8570036145067699,1.9778256102018343,0.33302197132762934,87,expanded
MPC,long,249.2,2026-05-28 09:20:00-04:00,1.821829855537729,0.06821829855537219,0.32102728731942676,81,expanded
MPC,short,250.44,2026-05-29 09:30:00-04:00,1.2138636000638845,0.4651812809455326,0.618910717137842,81,expanded
MPC,long,249.86,2026-06-01 04:30:00-04:00,4.44649003441928,0.0,3.5958937004722547,87,core
MPC,long,257.02,2026-06-02 09:30:00-04:00,3.0425647809508964,0.01945373900861977,2.3500116722434137,80,expanded
MPC,long,264.95,2026-06-03 07:00:00-04:00,3.7931685223627145,0.6868843177957961,1.0228344970749335,88,expanded
MPC,long,267.01,2026-06-04 07:50:00-04:00,1.2471443017115404,2.0708213175536416,0.014980712332879093,83,expanded
MPC,short,264.825,2026-06-05 13:15:00-04:00,1.1045029736618563,0.6872462947229276,0.6891343339941428,41,expanded
MPC,short,266.335,2026-06-08 10:20:00-04:00,1.2822197608275157,0.5012484277320053,1.1955995269115993,69,expanded
MPC,short,262.2801,2026-06-09 09:55:00-04:00,2.1933802831400397,1.2734096105651935,-1.0255829550164206,76,core
MPC,long,258.15,2026-06-10 07:10:00-04:00,4.3385241138872805,0.049389889599069425,3.04086771257022,86,expanded
MPC,long,265.93,2026-06-11 14:10:00-04:00,0.1654570751701567,3.271951265370585,-1.9967660662580389,30,expanded
MPC,long,266.66,2026-06-12 10:35:00-04:00,0.4387609690242102,1.66504162604065,-1.1550288757219083,66,expanded
BKR,long,46.5,2025-12-16 06:25:00-05:00,0.6021505376344111,4.1612903225806495,-3.1827956989247244,96,expanded
BKR,short,45.275,2025-12-17 09:55:00-05:00,0.8724461623412392,0.6515737161789105,-0.496963003865271,75,expanded
BKR,long,44.549,2025-12-18 15:20:00-05:00,0.404049473613324,1.108442389279221,-0.35691036835843437,14,expanded
BKR,short,44.34,2025-12-19 08:00:00-05:00,0.0676589986468226,1.8267929634641296,-0.8344609833107746,85,core
BKR,long,44.9,2025-12-22 05:45:00-05:00,2.2494432071269443,0.2672605790645823,1.5812917594654807,86,expanded
BKR,short,45.56,2025-12-23 09:30:00-05:00,1.218173836698858,0.3255048287971883,0.7243195785777116,83,expanded
BKR,short,45.135,2025-12-24 09:55:00-05:00,0.09970089730806382,0.6314390162844882,-0.2769469369668771,39,core
BKR,long,45.27,2025-12-26 09:55:00-05:00,0.48597305058537404,0.5743317870554564,0.48597305058537404,74,core
BKR,long,45.315,2025-12-29 10:10:00-05:00,0.6068630696237575,0.20964360587001846,0.23171135385634778,74,expanded
BKR,long,45.935,2025-12-30 14:20:00-05:00,1.208229019266354,0.02176989223904455,1.208229019266354,26,expanded
BKR,short,45.795,2025-12-31 14:10:00-05:00,0.7970302434763663,0.08734578010699671,0.5786657932088668,25,expanded
BKR,long,45.504,2026-01-02 09:55:00-05:00,4.186445147679327,0.052742616033757274,3.619901547116748,75,expanded
BKR,short,50.93,2026-01-05 04:05:00-05:00,5.222854898880811,1.0406440212055785,3.4949931278225037,137,expanded
BKR,long,48.99,2026-01-06 13:25:00-05:00,1.245152071851397,0.29597877117779775,0.31434986731985376,35,expanded
BKR,long,48.835,2026-01-07 12:15:00-05:00,0.6450291798914667,1.0852871915634301,-0.0716699088768377,49,expanded
BKR,short,49.14,2026-01-08 07:20:00-05:00,0.8547008547008581,2.7676027676027664,-2.7676027676027664,100,expanded
BKR,long,50.42,2026-01-09 09:55:00-05:00,0.47084490281634456,1.5470051566838579,-0.8302261007536791,78,expanded
BKR,short,49.85,2026-01-12 04:05:00-05:00,4.363089267803419,0.7021063189568734,4.032096288866596,98,expanded
BKR,short,48.18,2026-01-13 06:40:00-05:00,0.8717310087173136,2.1378165213781677,-1.9717725197177312,97,expanded
BKR,long,49.27,2026-01-14 13:00:00-05:00,2.2949056220823976,0.1217779581895723,2.0704282524862982,46,expanded
BKR,long,50.0,2026-01-15 08:00:00-05:00,6.0,0.980000000000004,5.159999999999997,98,core
BKR,short,51.53,2026-01-16 09:55:00-05:00,0.7665437609159773,1.1061517562584908,-1.1061517562584908,80,expanded
BKR,long,51.5,2026-01-20 04:15:00-05:00,0.9320388349514503,1.7087378640776747,-0.19417475728155617,101,expanded
BKR,long,53.52,2026-01-21 14:35:00-05:00,0.7150597907324361,0.5044843049327412,0.46711509715994015,27,expanded
BKR,short,53.23,2026-01-22 09:55:00-05:00,0.6199511553635136,2.8743189930490347,-2.4234454255119413,85,expanded
BKR,short,54.41,2026-01-23 10:50:00-05:00,2.174600257305641,0.9189487226612756,1.10273846719352,70,expanded
BKR,short,55.525,2026-01-26 10:35:00-05:00,0.32417829806393467,2.458352093651512,-1.3597478613237326,81,expanded
BKR,short,57.25,2026-01-27 10:10:00-05:00,2.4454148471615698,0.13100436681223204,1.8515283842794799,84,expanded
BKR,short,57.195,2026-01-28 09:55:00-05:00,1.9145030159979,0.35842293906809736,0.6906198094239061,91,expanded
BKR,long,57.33,2026-01-29 10:15:00-05:00,0.7849293563579327,1.6221873364730504,-1.0465724751439063,77,expanded
BKR,long,56.0,2026-01-30 04:40:00-05:00,1.1607142857142831,1.7142857142857157,-0.6071428571428632,94,expanded
BKR,short,55.0,2026-02-02 04:50:00-05:00,0.872727272727267,3.127272727272725,-2.6181818181818137,95,core
BKR,long,56.2,2026-02-03 07:35:00-05:00,4.00355871886121,0.10676156583630297,3.6729537366548035,98,expanded
BKR,short,58.88,2026-02-04 10:10:00-05:00,1.2058423913043492,1.1216032608695576,-0.20380434782608262,79,expanded
BKR,short,56.98,2026-02-05 10:35:00-05:00,0.11407511407511009,1.755001755001755,-1.0003510003510008,81,expanded
BKR,long,58.13,2026-02-06 09:55:00-05:00,2.425597798038872,0.01720282126269588,0.9977636332358477,83,core
BKR,long,59.16,2026-02-09 10:15:00-05:00,1.216193373901291,0.06761325219742927,1.0990534144692448,76,expanded
BKR,long,59.58,2026-02-10 07:45:00-05:00,0.4867405169519959,1.9301779120510214,-0.35246727089627533,90,expanded
BKR,long,59.85,2026-02-11 07:00:00-05:00,3.7259816207184575,1.4202172096908963,2.222222222222219,100,expanded
BKR,short,61.7,2026-02-12 04:45:00-05:00,1.7504051863857462,0.9236628849270614,0.7617504051863954,100,expanded
BKR,long,61.1378,2026-02-13 08:00:00-05:00,1.2466918992832585,1.4603076983470147,0.788710094246111,85,expanded
BKR,long,59.56,2026-02-17 13:15:00-05:00,0.8898589657488265,0.11752854264607167,-0.10073875083949341,37,expanded
BKR,short,60.96,2026-02-18 08:00:00-05:00,1.673228346456698,1.27952755905512,-0.4740813648293987,91,expanded
BKR,long,61.71,2026-02-19 04:10:00-05:00,1.7501215362177902,0.11343380327337592,1.4422297844757748,103,expanded
BKR,short,62.45,2026-02-20 08:10:00-05:00,1.3690952762209831,0.17614091273018323,0.3682946357085732,84,expanded
BKR,short,63.41,2026-02-23 10:05:00-05:00,0.55196341271092,1.529727172370287,0.48888187982967224,75,expanded
BKR,short,64.385,2026-02-24 10:50:00-05:00,0.17861303098549208,1.265822784810123,-0.5979653646035425,68,expanded
BKR,short,64.99,2026-02-25 05:05:00-05:00,1.323280504693029,0.9898445914756282,0.0,92,expanded
BKR,long,65.145,2026-02-26 11:35:00-05:00,0.7982193568194187,0.6063397037378095,-0.40678486453296586,59,expanded
BKR,long,65.28,2026-02-27 06:30:00-05:00,0.9497549019607914,0.7659313725490196,0.7659313725490196,100,expanded
BKR,long,68.86,2026-03-02 04:05:00-05:00,1.1617775196049915,6.658437409236122,-5.512634330525714,119,expanded
BKR,short,63.75,2026-03-03 11:10:00-05:00,2.870588235294115,0.4862745098039251,2.7450980392156863,63,expanded
BKR,short,62.56,2026-03-04 04:45:00-05:00,3.246483375959077,0.1086956521739096,2.68542199488491,99,expanded
BKR,short,60.83,2026-03-05 10:25:00-05:00,1.9286536248561588,0.01643925694559447,1.8411967779056344,76,expanded
BKR,long,60.49,2026-03-06 05:30:00-05:00,4.050256240700935,1.8019507356587923,-1.306000991899486,101,expanded
BKR,long,60.03,2026-03-09 04:05:00-04:00,2.41545893719806,1.9573546560053376,-0.07912710311510816,94,expanded
BKR,short,59.98,2026-03-10 04:25:00-04:00,1.5595198399466392,1.3671223741247087,0.8002667555851899,96,expanded
BKR,short,58.155,2026-03-11 09:55:00-04:00,0.19774739919181838,1.7883243057346732,-0.9429971627547088,76,expanded
BKR,short,58.1,2026-03-12 04:05:00-04:00,5.008605851979352,0.9982788296041277,3.209122203098106,110,expanded
BKR,long,55.86,2026-03-13 09:55:00-04:00,0.2864303616183382,3.1847475832438175,-2.6136770497672766,79,expanded
BKR,long,54.62,2026-03-16 06:20:00-04:00,1.4280483339436125,1.446356645917245,1.4280483339436125,93,expanded
BKR,short,57.37,2026-03-17 15:25:00-04:00,0.6797978037301736,0.052292138748476796,0.1220149904131084,11,core
BKR,short,57.13,2026-03-18 09:55:00-04:00,0.14003150708910447,1.9954489760196055,-1.050236303168203,81,expanded
BKR,long,57.815,2026-03-19 10:05:00-04:00,5.653377151258329,0.008648274669195629,4.990054484130425,90,expanded
BKR,long,60.96,2026-03-20 11:50:00-04:00,0.2788713910761183,1.738845144356959,-0.8530183727034173,70,expanded
BKR,short,62.49,2026-03-23 10:20:00-04:00,0.8481357017122758,1.024163866218596,-1.008161305808922,72,expanded
BKR,long,63.9595,2026-03-24 12:00:00-04:00,0.845066018339733,1.5001680751100284,-0.7184233772934411,59,expanded
BKR,long,63.685,2026-03-25 10:00:00-04:00,0.8871790845567993,1.9145795713276343,-1.544319698516133,83,expanded
BKR,short,62.33,2026-03-26 09:55:00-04:00,0.7861382961655622,1.6524947858174253,-0.04813091609177144,81,expanded
BKR,long,62.45,2026-03-27 08:00:00-04:00,2.049639711769406,1.297037630104087,1.3771016813450752,91,expanded
BKR,short,62.13,2026-03-30 09:55:00-04:00,2.961532271044589,1.0140028971511272,1.5171414775470882,92,core
BKR,short,61.57,2026-03-31 10:10:00-04:00,2.062692869904179,0.7958421309079129,0.9257755400357321,84,expanded
BKR,short,59.82,2026-04-01 10:10:00-04:00,1.0698762955533276,3.3099297893680992,-0.8171180207288494,78,expanded
BKR,long,60.525,2026-04-02 09:55:00-04:00,1.6150351094589,1.065675340768271,0.4867410161090502,79,core
BKR,long,60.22,2026-04-06 04:35:00-04:00,1.2618731318498868,0.6642311524410471,0.46496180670873655,92,expanded
BKR,short,60.7,2026-04-07 07:00:00-04:00,2.8006589785832006,1.4003294892915887,0.44481054365733624,108,expanded
BKR,long,62.48,2026-04-08 10:45:00-04:00,1.9727912932138367,0.38412291933417875,0.9923175416133236,72,expanded
BKR,short,62.69,2026-04-10 15:35:00-04:00,0.29510288722283484,0.8135268782900065,-0.6540118041154949,11,expanded
BKR,long,62.7,2026-04-13 11:55:00-04:00,0.26315789473684076,1.1483253588516842,-0.2551834130781558,56,expanded
BKR,long,62.4615,2026-04-14 07:30:00-04:00,0.1576971414391287,2.339841342266838,-1.987624376615999,100,expanded
BKR,short,60.95,2026-04-15 09:55:00-04:00,1.689909762100084,0.24610336341263098,1.4930270713699814,78,core
BKR,short,60.555,2026-04-16 10:25:00-04:00,0.6027578234662736,0.7513830402113753,-0.22293782511765836,73,expanded
BKR,short,59.61,2026-04-17 11:45:00-04:00,0.07549068948163346,1.2833417211877212,-0.6542526421741328,58,expanded
BKR,long,60.18,2026-04-20 04:55:00-04:00,0.4486540378863462,2.417746759720835,-1.362578929877036,98,expanded
BKR,long,59.88,2026-04-21 13:30:00-04:00,1.3527054108216352,0.30060120240480914,1.035404141616562,34,expanded
BKR,long,61.0,2026-04-22 07:05:00-04:00,2.8442622950819665,0.819672131147541,2.589180327868852,100,expanded
BKR,short,62.8,2026-04-23 05:15:00-04:00,0.7638535031847039,4.3869426751592515,-1.942675159235667,119,expanded
BKR,long,67.42,2026-04-24 10:25:00-04:00,3.6784336991990565,1.2607534856125904,3.010975971521805,82,expanded
BKR,short,69.5277,2026-04-27 10:25:00-04:00,2.240402026818084,0.0,1.6219434843954141,78,expanded
BKR,long,69.17,2026-04-28 04:10:00-04:00,1.1999421714616139,2.3854272083273176,-1.7786612693364172,116,core
BKR,long,67.55,2026-04-29 04:05:00-04:00,3.6269430051813516,0.2812731310140603,1.4063656550703225,105,expanded
BKR,short,69.65,2026-04-30 10:05:00-04:00,0.9475951184494051,0.90452261306532,-0.90452261306532,88,expanded
BKR,short,69.55,2026-05-01 09:55:00-04:00,1.006470165348674,0.5032350826743472,-0.5032350826743472,77,expanded
BKR,short,69.095,2026-05-05 09:55:00-04:00,2.5689268398581744,0.2532744771691109,2.525508358057753,82,expanded
BKR,long,67.26,2026-05-06 04:35:00-04:00,0.6839131727624052,3.330359797799597,-0.8177222717811646,122,expanded
BKR,long,63.31,2026-05-07 10:35:00-04:00,1.5479387142631558,0.23692939504028698,1.4373716632443478,75,expanded
BKR,long,64.065,2026-05-08 14:25:00-04:00,0.02341372044017883,0.9053305236868779,-0.1236244439241398,21,expanded
BKR,long,64.48,2026-05-11 04:50:00-04:00,1.4230769230769122,1.2172766749379769,-0.4342431761786618,101,expanded
BKR,long,65.02,2026-05-12 04:05:00-04:00,1.230390649031063,2.168563518917251,0.09227929867733356,100,expanded
BKR,short,65.9058,2026-05-13 04:30:00-04:00,2.0951115076366476,0.0,1.531579921645742,95,core
BKR,long,65.3285,2026-05-14 07:40:00-04:00,0.3543629503202996,1.80395998683576,-1.0232899882899633,86,expanded
BKR,long,65.02,2026-05-15 04:40:00-04:00,0.04613964933866678,1.5687480775146048,-1.1996308828052926,92,expanded
BKR,short,64.78,2026-05-18 09:55:00-04:00,0.24698981167026332,2.933004013584448,-2.5007718431614765,81,core
BKR,short,65.97,2026-05-19 10:15:00-04:00,1.3794148855540347,1.091405184174623,-0.045475216007277754,80,expanded
BKR,short,66.375,2026-05-20 10:00:00-04:00,0.5273069679849255,1.5894538606403115,-0.911487758945392,78,expanded
BKR,short,66.41,2026-05-21 06:20:00-04:00,1.219695828941428,1.8370727300105387,0.9938262309893038,88,expanded
BKR,short,66.055,2026-05-22 15:35:00-04:00,1.402316251608526,0.05298614790704199,0.06812504730906321,16,core
BKR,long,66.935,2026-05-26 14:40:00-04:00,0.41831627698513646,0.3436169418092238,-0.2913274071860871,18,expanded
BKR,long,62.79,2026-05-27 11:05:00-04:00,1.4702978181239073,0.15926102882624849,0.7803790412486096,66,expanded
BKR,long,63.79,2026-05-28 05:35:00-04:00,1.504938078068664,2.2025395830067427,1.0032920520457873,97,expanded
BKR,short,64.9475,2026-05-29 06:35:00-04:00,1.797605758497254,0.25020208630046464,1.2279148543053997,94,expanded
BKR,long,63.5,2026-06-01 04:40:00-04:00,1.4015748031496071,1.8267716535433016,-0.8346456692913404,96,expanded
BKR,long,62.78,2026-06-02 04:05:00-04:00,2.8990124243389506,0.5415737496017895,0.06371455877667911,84,expanded
BKR,short,64.34,2026-06-03 11:25:00-04:00,0.9480882810071596,1.025800435188058,-1.025800435188058,73,expanded
BKR,long,64.59,2026-06-04 09:55:00-04:00,2.8820250812819204,0.5572069979873205,2.0281777364917204,78,expanded
BKR,long,66.19,2026-06-05 04:30:00-04:00,0.090648134159242,5.975071763106202,-5.8165886085511325,91,expanded
BKR,long,64.75,2026-06-08 12:20:00-04:00,1.1583011583011582,0.7722007722007722,0.2162162162162171,54,expanded
BKR,short,66.2533,2026-06-09 07:00:00-04:00,5.574514778886476,0.0,3.461412488132659,91,expanded
BKR,short,63.56,2026-06-10 06:15:00-04:00,1.2586532410321023,1.1642542479546805,0.36186280679673377,88,expanded
BKR,short,63.625,2026-06-11 09:55:00-04:00,1.47740667976424,0.6679764243614886,0.32220039292730573,74,expanded
BKR,short,63.41,2026-06-12 04:05:00-04:00,1.43510487304841,0.8516006938968717,0.42580034694842456,81,expanded
TMO,long,568.97,2025-12-16 10:00:00-05:00,0.27769478179867607,1.400776842364277,0.20914986730406537,77,expanded
TMO,long,566.7,2025-12-17 14:05:00-05:00,0.0,0.9193576848420746,-0.7305452620434267,23,expanded
TMO,short,562.45,2025-12-18 09:30:00-05:00,1.4081251666814958,1.2374433282958346,0.010667614899112651,80,expanded
TMO,short,561.68,2025-12-19 09:30:00-05:00,0.4895136020509718,1.4581256231306179,-1.0949294972226342,82,expanded
TMO,short,568.83,2025-12-22 09:30:00-05:00,0.5414622998083858,1.2868519592848366,-1.2077422076894686,79,expanded
TMO,short,575.072,2025-12-23 09:35:00-05:00,0.16032775026431917,0.9543152857381236,-0.8465026987925081,78,expanded
TMO,short,576.89,2025-12-24 12:30:00-05:00,0.0,0.6257692107680863,-0.5390975749276316,11,core
TMO,short,578.0275,2025-12-26 09:35:00-05:00,0.20284502034938018,0.5436592549662304,-0.4692683306590045,77,expanded
TMO,long,580.12,2025-12-29 09:30:00-05:00,0.892918706474514,0.0,0.8532717368820322,78,core
TMO,long,582.42,2025-12-30 14:05:00-05:00,0.29875347687236176,0.027935167061565975,0.29875347687236176,24,expanded
TMO,long,582.065,2025-12-31 09:35:00-05:00,0.6090385094448144,0.5265734926511737,-0.4492625394071124,77,expanded
TMO,short,579.43,2026-01-02 08:40:00-05:00,0.4193776642562433,2.464490965258977,-1.9967899487427387,82,expanded
TMO,short,593.49,2026-01-05 09:25:00-05:00,0.16512493892062516,3.1188394075721564,-2.7818497363055803,84,expanded
TMO,short,622.9901,2026-01-06 10:30:00-05:00,1.1926513760010053,0.3065698796818751,-0.3065698796818751,67,expanded
TMO,long,618.7,2026-01-07 09:30:00-05:00,1.3043478260869463,1.4094068207531965,-1.4061742363019305,84,expanded
TMO,short,612.28,2026-01-08 04:10:00-05:00,1.3539557065394858,1.8096295812373493,0.9440125432808475,82,expanded
TMO,short,605.99,2026-01-09 08:05:00-05:00,0.23762768362515135,2.7079654779781794,-2.12379742239971,86,expanded
TMO,short,616.0875,2026-01-12 09:55:00-05:00,1.5383366810720822,1.3216466816807744,-0.07507050540710164,75,core
TMO,short,611.13,2026-01-13 09:55:00-05:00,2.7539148789946557,0.7925645934580265,0.6627067890628761,75,core
TMO,short,608.8,2026-01-14 09:25:00-05:00,0.27923784494085613,2.2864651773981723,-2.1402759526938384,80,expanded
TMO,short,621.99,2026-01-15 09:25:00-05:00,0.543417096737889,1.2669013971285705,-0.4308750944548867,83,expanded
TMO,short,625.36,2026-01-16 09:35:00-05:00,1.0633874888064438,0.6987974926442376,0.9850326212101779,80,expanded
TMO,long,609.415,2026-01-20 09:55:00-05:00,1.8763896523715466,0.0,1.574460753345426,74,core
TMO,short,622.8,2026-01-21 04:10:00-05:00,0.44797687861271096,2.4373795761079102,-2.1676300578034686,89,expanded
TMO,short,638.6719,2026-01-22 14:05:00-05:00,0.38666175856492807,0.14061993333353157,-0.12183094324331395,27,expanded
TMO,long,638.1601,2026-01-23 09:35:00-05:00,0.1504167997967826,2.4257392463114047,-1.921163670370504,80,expanded
TMO,long,625.34,2026-01-26 09:30:00-05:00,1.328877090862562,0.3367128282214445,0.20468864937473577,80,expanded
TMO,long,623.94,2026-01-27 12:55:00-05:00,0.4920344904958708,0.028848927781527655,-0.004808154630266757,39,expanded
TMO,short,618.4,2026-01-28 10:10:00-05:00,1.9534282018111138,0.08570504527813272,1.7609961190168155,73,expanded
TMO,short,580.605,2026-01-29 09:55:00-05:00,0.6191817156242243,2.7118264568854906,-1.3167299627113065,78,core
TMO,short,587.64,2026-01-30 09:25:00-05:00,2.2820093935062227,0.0,1.471989653529368,83,core
TMO,short,579.3,2026-02-02 09:25:00-05:00,1.0340065596409476,0.8285862247540253,-0.4263766614880075,82,expanded
TMO,short,577.34,2026-02-03 12:25:00-05:00,1.893165205944515,0.04501680119167492,1.255759171372155,44,expanded
TMO,short,573.11,2026-02-04 09:55:00-05:00,1.778018181500943,0.5531224372284481,1.355760674216116,73,expanded
TMO,short,563.73,2026-02-05 09:30:00-05:00,3.9717595302715814,0.5499086442091112,2.6129530094194062,84,expanded
TMO,long,548.79,2026-02-06 04:50:00-05:00,0.0,2.1392518085242096,-1.0860256200003504,83,expanded
TMO,short,541.01,2026-02-09 08:20:00-05:00,0.7393578676919096,1.439899447329987,-1.06282693480712,83,expanded
TMO,long,549.41,2026-02-10 09:30:00-05:00,0.28030068619065496,2.15867931053312,-1.832875266194634,80,expanded
TMO,long,528.7,2026-02-11 10:15:00-05:00,0.48042368072630287,1.2010592018157786,-0.6052581804426036,71,expanded
TMO,short,508.355,2026-02-12 09:55:00-05:00,2.894630720657814,0.9638933422509816,-0.12687983790854457,76,core
TMO,long,509.99,2026-02-13 09:20:00-05:00,2.031412380634917,1.1255122649463731,-1.0019804309888456,80,expanded
TMO,short,502.2,2026-02-17 06:15:00-05:00,0.8044603743528402,0.9856630824372736,0.12146555157308118,80,expanded
TMO,short,510.085,2026-02-18 14:15:00-05:00,0.2989697795465417,0.798886460099785,-0.6812590058519592,23,expanded
TMO,short,509.0,2026-02-19 07:10:00-05:00,0.9823182711198428,1.2789783889980335,-0.5893909626719057,85,expanded
TMO,short,509.7,2026-02-20 10:25:00-05:00,0.6268393172454372,0.47675103001765873,-0.24131842260153388,67,expanded
TMO,long,507.57,2026-02-23 09:25:00-05:00,2.5257599936954493,0.3487203735445321,1.873219457414742,83,core
TMO,long,516.01,2026-02-24 09:30:00-05:00,1.0891068002558149,0.5435941163930835,0.4646421580977135,79,expanded
TMO,long,517.78,2026-02-25 08:00:00-05:00,0.6766387268724229,1.259222063424617,-0.730039785236968,84,expanded
TMO,long,516.35,2026-02-26 09:35:00-05:00,0.8347051418611301,1.2142926309673745,-0.930550982860469,78,expanded
TMO,short,515.73,2026-02-27 09:30:00-05:00,1.2118744304190177,1.0761444942120788,-1.0431815097046895,78,expanded
TMO,long,507.73,2026-03-02 10:25:00-05:00,0.8173635593721027,1.0674965040474298,0.16741181336536465,67,expanded
TMO,long,504.74,2026-03-03 07:00:00-05:00,1.1847683956096244,2.920315409914017,-2.920315409914017,80,expanded
TMO,long,510.0,2026-03-04 09:30:00-05:00,1.4999999999999956,0.2058823529411787,0.427450980392147,80,expanded
TMO,long,508.0,2026-03-05 06:05:00-05:00,2.537401574803147,1.1811023622047243,0.9232283464567037,82,expanded
TMO,short,509.06,2026-03-06 09:35:00-05:00,2.5995364004243138,0.25340824264330736,0.9939889207559035,84,expanded
TMO,long,496.19,2026-03-09 09:35:00-04:00,2.9041294665350015,0.81823495032145,1.4873334811261807,77,core
TMO,long,502.05,2026-03-10 10:00:00-04:00,1.6815058261129383,0.8186435613982699,-0.3286525246489461,74,expanded
TMO,long,499.06,2026-03-11 09:35:00-04:00,0.44784194285256557,1.5889872961167006,-0.743397587464429,79,expanded
TMO,long,486.57,2026-03-12 10:20:00-04:00,0.0,2.5833898514088403,-1.761308753108493,69,expanded
TMO,short,476.43,2026-03-13 09:25:00-04:00,2.648867619587348,1.0809352895493571,2.608987679197365,82,expanded
TMO,short,474.01,2026-03-16 10:00:00-04:00,1.4282399105504064,0.08649606548385583,0.8459737136347315,72,expanded
TMO,long,474.98,2026-03-17 09:25:00-04:00,1.2653164343761822,0.7473998905217085,-0.3768579729672871,82,expanded
TMO,long,467.955,2026-03-18 09:55:00-04:00,0.37076214593283835,1.6892649934288497,-1.6892649934288497,77,core
TMO,short,464.99,2026-03-19 07:50:00-04:00,1.430138282543718,1.3871266048732207,-1.1226047871997185,82,expanded
TMO,short,471.6,2026-03-20 04:45:00-04:00,0.7654792196776958,3.036471586089905,-1.4122137404580084,91,expanded
TMO,long,483.0,2026-03-23 07:25:00-04:00,1.2401656314699812,2.1428571428571477,-1.010351966873705,94,expanded
TMO,long,472.87,2026-03-24 09:30:00-04:00,4.846998117875953,0.6069321377968584,3.6860024954004285,83,expanded
TMO,short,491.515,2026-03-25 09:55:00-04:00,2.46354638210431,0.2573675269320339,2.46354638210431,74,expanded
TMO,short,490.68,2026-03-26 09:35:00-04:00,0.48483736854977155,1.1371973587674216,0.3729518219613565,79,expanded
TMO,long,488.0,2026-03-27 08:15:00-04:00,0.5635245901639344,3.3135245901639374,-3.0430327868852505,83,expanded
TMO,long,478.43,2026-03-30 09:30:00-04:00,1.0764375143699136,0.8925025604581613,0.7461906653010876,79,expanded
TMO,long,484.91,2026-03-31 09:35:00-04:00,1.9488152440659066,1.083706254768937,1.255903157286914,79,expanded
TMO,short,497.22,2026-04-01 10:20:00-04:00,0.5641365994931835,0.7692771811270642,0.5389968223321682,69,expanded
TMO,short,486.94,2026-04-02 09:30:00-04:00,1.7627223066496864,4.082638518092577,-0.6078777672813858,82,expanded
TMO,long,486.365,2026-04-06 10:15:00-04:00,0.7895304966434622,0.43691466285608543,0.38756900681586687,71,expanded
TMO,long,487.9,2026-04-07 09:25:00-04:00,3.5048165607706543,1.619184259069477,1.906128304980531,85,expanded
TMO,short,500.31,2026-04-08 05:55:00-04:00,0.7075613119865723,1.9348004237372842,0.06795786612299873,87,expanded
TMO,long,498.61,2026-04-09 09:30:00-04:00,1.351757886925655,1.6766611179077864,0.37103146747958643,79,expanded
TMO,short,500.11,2026-04-10 09:30:00-04:00,0.859810841614847,0.7408370158565084,0.7998240387114836,78,expanded
TMO,short,494.96,2026-04-13 09:30:00-04:00,0.5899264587037305,4.180135768546953,-3.8932438984968565,78,expanded
TMO,long,510.45,2026-04-14 09:25:00-04:00,3.8299539621902268,0.0,3.4557743167793213,84,expanded
TMO,long,527.45,2026-04-15 05:00:00-04:00,1.0256896388283188,0.9422694094226991,-0.22138591335673172,84,expanded
TMO,short,529.27,2026-04-16 04:20:00-04:00,2.829368753188358,0.23239556370095002,2.3182874525289514,82,expanded
TMO,short,516.98,2026-04-17 07:30:00-04:00,0.0,2.53394715462881,-0.6669890518008296,87,expanded
TMO,short,522.83,2026-04-20 09:30:00-04:00,0.3232408239772114,1.1456878909014419,-0.6560449859418835,79,expanded
TMO,short,529.83,2026-04-21 06:05:00-04:00,1.2985297170790622,1.6184436517373366,0.722873374478614,84,expanded
TMO,long,532.0,2026-04-22 06:40:00-04:00,0.0,3.7593984962406015,-2.2556390977443606,90,expanded
TMO,short,472.355,2026-04-23 09:55:00-04:00,3.5471202802976562,0.8531718728498635,0.6700468926972342,87,expanded
TMO,short,466.35,2026-04-24 09:55:00-04:00,0.040741932025302394,1.854808620135092,-0.7183445909724383,75,core
TMO,long,471.39,2026-04-27 05:10:00-04:00,0.8103693332484764,1.9919811620950776,-1.6221175671948924,86,expanded
TMO,long,468.01,2026-04-28 07:35:00-04:00,1.0704899467960067,0.8311788209653611,0.4722121322194048,85,expanded
TMO,long,467.25,2026-04-29 09:30:00-04:00,1.6586409844836811,1.0893525949705671,-0.2782236490101683,83,expanded
TMO,short,464.9,2026-04-30 07:35:00-04:00,0.8388900838890035,3.243708324370841,-2.9253602925360345,85,expanded
TMO,short,477.76,2026-05-01 09:35:00-04:00,2.021935699933014,0.26582384460816766,1.7791359678499665,80,expanded
TMO,long,469.0,2026-05-04 05:00:00-04:00,0.29637526652451734,1.5127931769722873,-1.3646055437100164,85,expanded
TMO,long,465.92,2026-05-05 09:10:00-04:00,2.2643372252747276,1.3478708791208853,0.27472527472526886,86,expanded
TMO,long,469.51,2026-05-06 09:10:00-04:00,1.6847351494110936,0.6197951055355515,0.7561074311516286,88,expanded
TMO,short,477.0062,2026-05-07 07:20:00-04:00,1.8293682555908093,0.6894669293606744,-0.17270215774973274,85,expanded
TMO,long,474.5,2026-05-08 09:20:00-04:00,0.0,3.8229715489989435,-2.3825079030558496,83,expanded
TMO,long,461.895,2026-05-11 10:05:00-04:00,1.0597646651295292,3.0342393834096466,-2.012362116931328,71,expanded
TMO,long,450.2202,2026-05-12 08:45:00-04:00,2.8597117588237935,0.042245994293460036,2.5098385190180283,88,expanded
TMO,short,462.9118,2026-05-13 07:00:00-04:00,3.973067871676644,0.10444754270683794,3.845613786470773,85,expanded
TMO,short,446.03,2026-05-14 09:10:00-04:00,0.0,2.9482321816918224,-1.1142748245633765,82,expanded
TMO,long,446.44,2026-05-15 04:35:00-04:00,0.28223277484096204,2.2132201415643737,-2.2132201415643737,87,expanded
TMO,long,437.38,2026-05-18 09:15:00-04:00,1.6141570259271119,0.4824180346609387,1.0562897251817651,84,expanded
TMO,short,443.14,2026-05-19 09:35:00-04:00,0.7063230581757448,2.676355102225034,-1.098975493072168,78,expanded
TMO,long,444.15,2026-05-20 10:00:00-04:00,2.2481368906900925,0.7362377575143492,1.7156366092536315,75,expanded
TMO,long,450.095,2026-05-21 12:00:00-04:00,0.36103489263377725,0.9762827847454452,-0.24772548017640922,51,expanded
TMO,short,448.01,2026-05-22 09:25:00-04:00,0.8035534921095435,1.4385839601794588,0.6718600031249282,80,expanded
TMO,long,451.0,2026-05-26 08:20:00-04:00,0.0,1.6387583148558789,-1.5521064301552108,84,expanded
TMO,short,448.68,2026-05-27 08:45:00-04:00,0.27636622982972475,2.3000802353570458,-2.0905768030667726,88,expanded
TMO,long,485.39,2026-05-29 09:55:00-04:00,2.803930859721052,0.04942417437523998,1.712025381651868,81,expanded
TMO,long,490.96,2026-06-01 07:40:00-04:00,1.2302427896366346,1.5194720547498737,1.128401499103801,90,expanded
TMO,long,491.2616,2026-06-02 06:05:00-04:00,0.150306883338737,3.0027993232119092,-1.7061378296207137,83,expanded
TMO,long,472.57,2026-06-03 09:55:00-04:00,0.8802928666652613,0.4507268764415844,0.23911801426243634,79,core
TMO,short,484.56,2026-06-04 09:55:00-04:00,1.0669473336635331,0.8430328545484521,0.5118045236916002,74,core
TMO,long,486.37,2026-06-05 09:25:00-04:00,0.08635401032136356,3.44388017353044,-2.7900569525258536,79,expanded
TMO,short,478.02,2026-06-08 07:30:00-04:00,2.2606376302246693,0.0,2.2606376302246693,83,expanded
TMO,short,473.48,2026-06-09 09:30:00-04:00,0.019008194643919875,4.409901157387851,-3.7002618906817566,82,expanded
TMO,long,485.744,2026-06-10 04:20:00-04:00,1.8005369083303098,0.789304654303502,-0.7625415856912299,88,expanded
TMO,long,482.21,2026-06-11 09:35:00-04:00,0.2944775097986388,3.1967400095394045,-1.3583293585782035,77,expanded
TMO,short,477.9,2026-06-12 09:25:00-04:00,2.1489851433354223,0.8411801632140695,1.791169700774221,79,expanded
CAT,long,591.745,2025-12-15 14:50:00-05:00,0.11575932200524643,0.6328739575323838,-0.3523477173444704,25,expanded
CAT,long,589.48,2025-12-16 04:15:00-05:00,1.556456537965657,0.5428513265929371,-0.10354889054760585,104,expanded
CAT,short,590.2,2025-12-17 07:10:00-05:00,5.547272111148764,0.3032870213486892,4.445950525245681,108,expanded
CAT,short,569.965,2025-12-18 10:00:00-05:00,1.4132446729185237,0.7518005491565215,0.5552972550946246,77,core
CAT,short,568.72,2025-12-19 06:55:00-05:00,0.4202419468279621,2.287593191728793,-1.4541426360950875,96,expanded
CAT,long,579.91,2025-12-22 04:05:00-05:00,1.0139504405856072,0.7273542446241591,0.5328413029608098,99,expanded
CAT,short,584.28,2025-12-23 15:40:00-05:00,0.3423016362018211,0.061614294516330124,0.15745875265283069,10,expanded
CAT,long,586.19,2025-12-24 09:55:00-05:00,0.0,0.7471980074719986,-0.42818881250108404,41,core
CAT,short,585.219,2025-12-26 08:05:00-05:00,1.1224857702842992,0.0,0.4427402391241583,87,core
CAT,short,582.0,2025-12-29 05:20:00-05:00,1.264604810996566,0.3383161512027579,0.5413745704467361,90,expanded
CAT,long,579.99,2025-12-30 08:20:00-05:00,0.30345350781909874,0.7724271108122585,-0.5379403093156787,89,expanded
CAT,long,574.795,2025-12-31 12:10:00-05:00,0.28270948773040827,0.477561565427675,0.035664889221381696,48,expanded
CAT,short,595.03,2026-01-02 12:55:00-05:00,0.3411592692805359,0.7949179032989964,-0.6655126632270704,47,expanded
CAT,short,614.86,2026-01-05 10:10:00-05:00,0.37405262986695825,1.1205802947012307,-0.478157629379036,85,expanded
CAT,short,611.4732,2026-01-06 09:55:00-05:00,0.0,2.5016304884662093,-1.9668564378618687,83,expanded
CAT,long,623.0,2026-01-07 07:50:00-05:00,0.3801765650080321,4.369983948635638,-4.1524879614767265,115,core
CAT,short,597.18,2026-01-08 10:05:00-05:00,0.19592082789108128,2.076409122877525,-1.811849023744943,84,core
CAT,short,616.82,2026-01-09 09:55:00-05:00,1.040806069842109,0.3777439123244913,-0.12969748062643144,81,expanded
CAT,short,625.305,2026-01-12 10:10:00-05:00,0.28066303643821744,0.9075571121292919,-0.4519074691550639,76,expanded
CAT,short,641.31,2026-01-13 10:00:00-05:00,1.587266688496967,0.5114531193962493,0.7305359342595541,88,expanded
CAT,short,633.46,2026-01-14 09:55:00-05:00,1.6401982761342446,0.9898020395920786,-0.73248508193098,82,expanded
CAT,short,648.31,2026-01-15 10:10:00-05:00,0.6586355292992522,0.6246857213370292,0.04935910289829501,76,expanded
CAT,long,651.18,2026-01-16 09:55:00-05:00,0.0,1.5617801529530944,-0.718695291624428,86,core
CAT,short,639.405,2026-01-20 09:55:00-05:00,2.234108272534617,0.5481658729600168,1.397392888701206,86,core
CAT,long,631.755,2026-01-21 10:00:00-05:00,2.555579298937085,0.70199681838687,2.463771557011825,88,core
CAT,long,644.95,2026-01-22 10:35:00-05:00,1.093107992867657,0.18916195053880566,0.7530196139235533,72,expanded
CAT,long,646.7,2026-01-23 07:15:00-05:00,0.8489253131281906,3.576588835627036,-3.15602288541829,112,expanded
CAT,long,625.2042,2026-01-26 09:55:00-05:00,2.2066070573422225,0.6148551145369826,1.7731486768642866,81,expanded
CAT,long,639.18,2026-01-27 11:25:00-05:00,0.519415501110806,0.47560937451108665,0.27322506962045034,68,expanded
CAT,short,637.48,2026-01-28 09:55:00-05:00,1.3333751647110497,1.537303131078615,-1.1419966116584006,92,core
CAT,short,652.0,2026-01-29 08:25:00-05:00,1.4217791411042917,4.292944785276076,-2.0022546012269977,109,core
CAT,short,660.42,2026-01-30 11:10:00-05:00,1.5308440083583195,0.0,0.46485569788921244,64,expanded
CAT,long,653.01,2026-02-02 06:40:00-05:00,6.102509915621511,1.482366273104539,6.042801794765778,121,expanded
CAT,short,698.195,2026-02-03 10:10:00-05:00,0.9603334312047552,1.6950851839385734,-0.5736219823974671,79,expanded
CAT,short,708.0,2026-02-04 07:05:00-05:00,4.661016949152542,2.141242937853103,1.913841807909598,118,expanded
CAT,short,692.04,2026-02-05 04:45:00-05:00,3.89717357378185,0.5028611062944365,2.2987110571643283,129,expanded
CAT,short,705.41,2026-02-06 10:30:00-05:00,0.034022766901519556,3.1173360173516125,-2.933060206121267,85,expanded
CAT,short,736.105,2026-02-09 12:30:00-05:00,0.4150223133927991,1.0725372059692546,-0.9366870215526293,61,expanded
CAT,short,745.94,2026-02-10 09:55:00-05:00,1.0349357857200348,0.31906051425047527,0.2801833927661785,87,core
CAT,short,759.18,2026-02-11 10:20:00-05:00,0.3279854579941378,2.0969993940830993,-2.083827287336343,92,expanded
CAT,long,770.5292,2026-02-13 10:05:00-05:00,1.7482530188343355,0.4125865703726671,0.5828202227767665,91,core
CAT,long,758.0,2026-02-17 09:55:00-05:00,1.79947229551451,1.0554089709762533,0.8320844327176736,87,expanded
CAT,long,767.25,2026-02-18 09:55:00-05:00,0.7103290974258775,2.198761811665038,-1.8585858585858575,89,core
CAT,short,758.73,2026-02-19 11:00:00-05:00,0.8171549826684124,0.43098335376220553,-0.16738497225626794,69,expanded
CAT,long,758.94,2026-02-20 09:55:00-05:00,1.7168550873586839,0.8999393891480276,0.1396684849922188,85,core
CAT,short,755.88,2026-02-23 10:10:00-05:00,0.5133089908451071,0.8096523257659952,-0.1680160872096076,81,expanded
CAT,long,760.0,2026-02-24 07:00:00-05:00,1.8342105263157964,1.0934210526315717,1.118421052631579,112,expanded
CAT,long,770.5625,2026-02-25 09:55:00-05:00,0.3559088328331511,1.793819450077053,-0.3727796252737377,86,core
CAT,short,751.36,2026-02-26 15:45:00-05:00,0.7067184838160214,0.2182708688245297,0.3806431005110751,16,expanded
CAT,short,737.52,2026-02-27 09:55:00-05:00,0.8786202408070315,0.8718407636403167,-0.3362620674693592,80,expanded
CAT,short,726.0,2026-03-02 04:05:00-05:00,0.4132231404958678,4.095041322314052,-3.6253443526170868,106,expanded
CAT,short,734.0,2026-03-03 04:15:00-05:00,3.732970027247953,1.6702997275204345,1.7815940054495945,130,expanded
CAT,short,732.2,2026-03-04 09:55:00-05:00,0.18557771100793327,1.8860966948920983,0.004069926249661693,83,core
CAT,long,719.09,2026-03-05 10:10:00-05:00,1.791152706893434,3.5480398837419513,-1.7438707255002956,88,expanded
CAT,long,690.16,2026-03-06 11:15:00-05:00,0.8939955952243064,1.7155442216297552,-1.542845137359453,79,expanded
CAT,long,668.72,2026-03-09 09:55:00-04:00,6.108685249431754,0.4336643139131441,5.127706663476487,94,core
CAT,short,714.61,2026-03-10 10:15:00-04:00,0.18471613887295868,2.2642980087040416,-0.39042274807237004,83,expanded
CAT,short,710.015,2026-03-11 11:35:00-04:00,1.783765131722564,0.36266839432970366,1.580065209889934,74,expanded
CAT,short,684.14,2026-03-12 11:10:00-04:00,0.17394100622678704,2.8692957581781497,-2.712895021486839,69,expanded
CAT,long,695.49,2026-03-13 04:15:00-04:00,2.221455376784719,1.1948410473191646,-0.16391321226760794,106,expanded
CAT,short,698.74,2026-03-16 06:25:00-04:00,0.5932106362881733,1.6114720783123895,-0.14883933938231153,97,core
CAT,long,697.6,2026-03-17 04:15:00-04:00,1.6341743119266023,0.5131880733945012,0.34403669724770314,116,expanded
CAT,short,702.83,2026-03-18 10:30:00-04:00,1.481624290368944,0.8593827810423522,1.3986312479547032,83,expanded
CAT,long,680.42,2026-03-19 10:05:00-04:00,1.9208724023397388,0.4879339231650946,1.4442550189588783,75,expanded
CAT,short,682.555,2026-03-20 10:10:00-04:00,1.7749485389455644,0.7640409930335331,-0.28495872127521593,92,expanded
CAT,short,698.44,2026-03-23 09:15:00-04:00,0.555523738617506,1.9414695607353452,-0.5097073478036689,85,expanded
CAT,long,700.0,2026-03-24 07:45:00-04:00,3.7142857142857144,1.5828571428571487,3.4400000000000057,107,expanded
CAT,long,726.93,2026-03-25 04:50:00-04:00,0.4773499511644901,1.3660187363294884,-1.0303605574126664,112,core
CAT,long,712.0,2026-03-26 04:55:00-04:00,1.1235955056179776,2.186797752808996,-0.980337078651688,112,expanded
CAT,long,675.235,2026-03-30 11:10:00-04:00,0.8048901493554053,1.5794501173665412,-1.4979969936392528,77,expanded
CAT,long,693.64,2026-03-31 11:15:00-04:00,2.358572170001732,1.284527997231989,2.2144051669453915,70,expanded
CAT,short,731.005,2026-04-01 10:25:00-04:00,0.459846375879779,1.2318657191127278,0.07455489360537329,75,expanded
CAT,short,723.75,2026-04-02 10:35:00-04:00,1.0657962003454253,1.611053540587215,0.8566493955095055,74,expanded
CAT,short,710.47,2026-04-06 10:00:00-04:00,0.8726617591172106,1.555308457781462,-1.341365574901118,83,core
CAT,short,717.295,2026-04-07 09:55:00-04:00,1.1661868547808099,4.280665556012525,-4.251388898570324,104,core
CAT,short,771.945,2026-04-08 14:35:00-04:00,0.5285350640265875,0.07707803017053204,0.25196095576758054,33,expanded
CAT,short,778.02,2026-04-09 10:15:00-04:00,0.5758206729904138,2.249299503868795,-1.3148762242615895,85,expanded
CAT,short,792.55,2026-04-10 09:55:00-04:00,0.4466595167497273,0.6687275250772908,0.09967825373792993,79,core
CAT,short,792.993,2026-04-13 10:05:00-04:00,0.9663389210245248,0.12572620439271937,-0.05510767434263583,80,expanded
CAT,short,797.94,2026-04-14 04:30:00-04:00,1.9925307667243228,0.09256335062785494,0.5413940897811929,113,expanded
CAT,long,773.02,2026-04-15 10:15:00-04:00,0.7192569403120307,2.117655429355001,-0.3285814079842648,86,core
CAT,long,761.515,2026-04-16 10:20:00-04:00,1.5205084601091214,0.9277558551046191,1.4884802006526512,83,expanded
CAT,long,789.6,2026-04-17 10:10:00-04:00,1.541286727456935,0.15387537993921374,0.7244174265450896,85,expanded
CAT,long,791.36,2026-04-20 10:00:00-04:00,1.2813384553174265,0.33423473513950436,1.2168924383340067,85,core
CAT,long,809.1,2026-04-21 11:00:00-04:00,0.3955011741441023,1.3978494623655988,-0.5240390557409478,75,expanded
CAT,long,810.32,2026-04-22 10:30:00-04:00,0.6367854674696377,0.5971714878072928,-0.17894165268042814,81,expanded
CAT,short,836.59,2026-04-23 10:50:00-04:00,1.3136542392330812,1.0375452730728254,0.010757957900528553,72,expanded
CAT,short,836.99,2026-04-24 06:30:00-04:00,1.2353791562623249,0.8038925196238831,0.691764537210715,111,expanded
CAT,short,831.5,2026-04-27 05:05:00-04:00,1.7775105231509287,0.5435959110042071,0.1803968731208659,104,expanded
CAT,short,814.75,2026-04-28 10:05:00-04:00,1.196686100030684,0.7928812519177706,-0.6601656949984634,85,expanded
CAT,long,816.525,2026-04-29 09:55:00-04:00,0.818713450292405,1.2889991120908701,-0.9081167141238742,100,core
CAT,short,851.2,2026-04-30 07:00:00-04:00,1.198308270676697,5.378289473684207,-4.382048872180445,133,expanded
CAT,short,898.95,2026-05-01 10:00:00-04:00,2.15473608098337,0.4505256132154129,1.056788475443573,86,expanded
CAT,short,881.52,2026-05-04 09:55:00-04:00,1.3530833106452445,0.6477448044287182,0.5637988928214933,94,core
CAT,short,899.46,2026-05-05 09:55:00-04:00,0.4397082694060926,1.3922131056411566,-1.0628599381851271,98,core
CAT,short,918.05,2026-05-06 08:55:00-04:00,1.3833669190131184,1.4274821632808692,-0.8757692936114675,102,expanded
CAT,short,906.5,2026-05-07 09:55:00-04:00,2.164368450082736,1.0888030888030893,1.3789299503585217,101,core
CAT,long,910.435,2026-05-08 09:55:00-04:00,0.047779358218879894,1.91501864493346,-1.281255663501509,87,expanded
CAT,short,898.915,2026-05-11 10:05:00-04:00,0.42885033623868984,3.3468125462363005,-3.042990716586114,89,expanded
CAT,long,905.435,2026-05-12 09:55:00-04:00,1.021056177417485,1.2066023513559732,0.7029770220943534,85,expanded
CAT,long,918.81,2026-05-13 04:25:00-04:00,0.4549362762704002,2.3323646891087333,-1.6575788247842216,110,expanded
CAT,long,905.0,2026-05-14 05:35:00-04:00,1.8784530386740332,0.2762320441988978,1.521546961325965,117,expanded
CAT,long,885.385,2026-05-15 10:05:00-04:00,0.8036052112922637,0.5856209445608347,0.21854899281104367,79,expanded
CAT,short,886.0,2026-05-18 04:30:00-04:00,3.9700902934537194,0.9029345372460496,2.4266365688487586,119,expanded
CAT,long,852.6099,2026-05-19 10:25:00-04:00,2.023211318564325,0.8279167295617836,0.9031211108386036,75,expanded
CAT,long,860.08,2026-05-20 10:05:00-04:00,2.055622732769039,0.3511301274300176,1.2696493349455817,87,expanded
CAT,long,865.6801,2026-05-21 10:15:00-04:00,0.8068684956486726,0.5856782430368938,0.28762356902970515,84,core
CAT,long,882.4,2026-05-22 10:00:00-04:00,1.2964528558476842,0.6045897552130494,-0.32864913871259943,79,expanded
CAT,long,895.1,2026-05-26 05:25:00-04:00,1.7752206457379047,1.9081666852865646,1.7752206457379047,120,expanded
CAT,long,905.98,2026-05-27 10:00:00-04:00,0.7336806552020944,1.2362303803616024,0.4503410671317167,87,core
CAT,long,892.02,2026-05-28 10:30:00-04:00,1.4551243245667158,0.6502096365552291,-0.28003856415774686,82,expanded
CAT,short,883.89,2026-05-29 10:10:00-04:00,2.0025116247496784,0.26587018746676877,1.2207401373474034,87,expanded
CAT,long,857.38,2026-06-01 10:45:00-04:00,1.3156360073712907,0.4677039352445813,0.9762299097249766,77,expanded
CAT,long,898.01,2026-06-02 10:40:00-04:00,1.5578891103662553,0.09131301433168186,1.50443758978185,90,expanded
CAT,short,922.7475,2026-06-03 10:00:00-04:00,0.2370637687991569,1.5131441699923425,-0.40666596224861673,89,expanded
CAT,long,915.21,2026-06-04 09:55:00-04:00,3.454944766774839,0.9877514450235549,2.5414932092088143,86,core
CAT,long,912.26,2026-06-05 13:10:00-04:00,0.2806217525705456,1.2342972398219796,-1.2233354526121905,50,expanded
CAT,short,910.475,2026-06-08 09:55:00-04:00,0.8501057140503593,0.6134160740272849,-0.4969933276586372,81,core
CAT,long,910.96,2026-06-09 11:15:00-04:00,0.608149644331251,3.7290331079300985,0.1578554491964508,63,expanded
CAT,short,905.2,2026-06-10 04:40:00-04:00,5.872735307114459,0.0883782589482937,5.649580203270006,127,expanded
CAT,short,878.99,2026-06-11 09:55:00-04:00,0.7428980989544787,2.4641918565626417,-2.05008020569062,90,core
CAT,short,913.585,2026-06-12 10:00:00-04:00,0.9911502487453344,0.5899834169781669,0.2851404083911205,81,expanded
NVDA,long,177.63,2025-12-15 11:10:00-05:00,0.4419298541912946,1.1371952935877847,-1.0414907391769377,105,expanded
NVDA,long,175.18,2025-12-16 05:20:00-05:00,1.8894851010389326,0.782052745747234,1.1359744263043616,175,core
NVDA,long,177.1601,2025-12-17 08:45:00-05:00,0.3273310412446195,3.86661556411404,-3.228717978822545,134,expanded
NVDA,short,172.78,2025-12-18 05:15:00-05:00,0.8913068642203913,1.9504572288459339,-1.174904502835977,176,expanded
NVDA,short,176.64,2025-12-19 06:50:00-05:00,0.6397192028985482,2.7230525362318856,-2.6834239130434834,157,expanded
NVDA,short,183.03,2025-12-22 05:25:00-05:00,1.361525432989122,0.857782877123965,-0.14751680052450977,174,expanded
NVDA,short,187.93,2025-12-23 12:45:00-05:00,0.026605651040287007,0.7767253764699611,-0.40972702602031696,86,expanded
NVDA,long,188.71,2025-12-24 09:00:00-05:00,0.10598272481584899,1.1234168830480655,-0.3497429918923197,95,expanded
NVDA,short,189.669,2025-12-26 07:35:00-05:00,0.8799540251701706,1.592774781329572,-0.21669329199816592,148,expanded
NVDA,long,187.85,2025-12-29 05:10:00-05:00,1.5970188980569604,1.0327388874101666,-0.1232898589299899,177,expanded
NVDA,short,188.83,2025-12-31 12:25:00-05:00,1.3663083196526042,0.11915479531853747,1.2554678811629505,90,expanded
NVDA,short,189.17,2026-01-02 08:25:00-05:00,0.4810487920917675,1.9875773114130233,0.10572500925093231,138,core
NVDA,short,191.44,2026-01-05 07:45:00-05:00,2.763267864605094,1.1439615545340565,1.8021312160467973,146,expanded
NVDA,short,189.23,2026-01-06 07:25:00-05:00,1.2735824129366362,1.5557786820271717,0.5654494530465536,150,expanded
NVDA,long,187.31,2026-01-07 06:10:00-05:00,2.167529763493675,0.40040574448774763,1.0997277240937477,165,expanded
NVDA,long,184.82,2026-01-08 12:00:00-05:00,0.29217617141003166,0.600584352342812,0.10826750351694643,95,expanded
NVDA,short,185.71,2026-01-09 05:50:00-05:00,1.0984330407624885,0.6946314145711012,0.39841688654353874,169,core
NVDA,short,182.97,2026-01-12 07:30:00-05:00,0.3224572334262466,2.268131387659182,-0.9399901623216897,149,expanded
NVDA,long,184.89,2026-01-13 08:25:00-05:00,1.74152198604577,0.8058845800205423,0.4921845421602169,138,expanded
NVDA,long,184.28,2026-01-14 06:15:00-05:00,0.7163012806598616,1.888430649012367,-0.8302583025830264,164,expanded
NVDA,long,185.33,2026-01-15 08:25:00-05:00,2.3579560783467195,0.09172826849404625,1.2879188474612837,138,core
NVDA,long,188.54,2026-01-16 07:25:00-05:00,1.0077437148615709,1.3047629150312823,-1.2136416675506467,150,core
NVDA,long,182.37,2026-01-20 08:25:00-05:00,0.010966716016878767,2.610078412019516,-1.7272577726599803,138,core
NVDA,short,178.86,2026-01-21 06:55:00-05:00,0.5199597450519997,3.644750083864462,-2.801073465280102,156,core
NVDA,short,184.6,2026-01-22 06:55:00-05:00,0.6825568797399735,0.850487540628382,0.14458288190682156,156,expanded
NVDA,short,188.4,2026-01-23 06:35:00-05:00,2.600849256900215,0.6369426751592296,0.6104033970276038,160,expanded
NVDA,long,186.18,2026-01-26 06:35:00-05:00,1.5791169835642913,0.263186163927387,0.12842410570414609,160,expanded
NVDA,long,187.22,2026-01-27 07:30:00-05:00,1.4848840935797465,0.8118790727486435,1.2178186091229575,149,expanded
NVDA,short,191.78,2026-01-28 04:35:00-05:00,1.699864427990401,0.6935029721556014,0.776931901136724,184,expanded
NVDA,long,191.29,2026-01-29 08:25:00-05:00,1.1448585916671012,2.734068691515495,-0.0731873072298533,138,core
NVDA,long,190.63,2026-01-30 07:10:00-05:00,2.0248649215758348,1.2222630226092348,-0.22556785395793258,153,expanded
NVDA,short,188.5,2026-02-02 08:25:00-05:00,2.816976127320956,0.9549071618037195,1.1936339522546418,138,core
NVDA,long,186.87,2026-02-03 08:25:00-05:00,0.10702627495049427,5.693797827366627,-4.0509445068764345,138,core
NVDA,long,175.88,2026-02-04 11:00:00-05:00,1.6090516261087175,2.257220832385717,1.006367978166938,107,expanded
NVDA,long,177.08,2026-02-05 06:55:00-05:00,0.7058956403885249,3.9981929071606124,-3.631296589112275,156,expanded
NVDA,short,177.34,2026-02-06 06:35:00-05:00,3.326942596143005,5.447163640464643,-4.4209428216984366,160,expanded
NVDA,long,183.72,2026-02-09 06:00:00-05:00,5.41040714130198,0.48987589810581633,3.249510124101893,167,expanded
NVDA,long,191.02,2026-02-10 08:25:00-05:00,0.7643178724740758,1.518165637106065,-1.1263218511150657,138,core
NVDA,long,189.11,2026-02-11 07:05:00-05:00,2.19448997937707,0.5869599703876123,0.7984770768335839,154,core
NVDA,short,191.49,2026-02-12 04:35:00-05:00,2.6006579978066835,1.1071074207530442,2.245548070395327,184,expanded
NVDA,short,187.1,2026-02-13 07:25:00-05:00,2.944949225013357,0.6306787814003244,2.255478353821485,150,expanded
NVDA,short,181.26,2026-02-17 06:55:00-05:00,1.147522895288527,3.9942623855235624,-2.85225642723161,156,core
NVDA,short,188.66,2026-02-18 07:40:00-05:00,1.0071027244778996,0.9063924520301112,0.3717269161454486,147,expanded
NVDA,short,187.31,2026-02-19 06:55:00-05:00,0.8808926378730477,1.030377449148474,-0.32032459559019505,156,expanded
NVDA,short,188.35,2026-02-20 05:35:00-05:00,1.280700822936015,1.0512344040350508,-0.8752322803291811,172,expanded
NVDA,long,189.41,2026-02-23 05:50:00-05:00,2.39691674146032,0.8130510532706785,1.3251676257853287,169,expanded
NVDA,long,192.39,2026-02-24 06:05:00-05:00,0.7172929985966131,2.593689900722481,0.27548209366391246,166,expanded
NVDA,short,194.44,2026-02-25 07:20:00-05:00,0.8948775972022264,4.654392100390872,-0.7611602550915397,151,expanded
NVDA,short,197.85,2026-02-26 07:20:00-05:00,6.843568359868583,0.5761940864291205,6.494819307556226,151,expanded
NVDA,long,184.78,2026-02-27 07:25:00-05:00,1.0120142872605284,4.545946531009853,-3.7774650936248455,150,expanded
NVDA,short,175.04,2026-03-02 07:15:00-05:00,1.1026051188299695,4.810329067641692,-3.640939213893964,152,expanded
NVDA,long,177.59,2026-03-03 07:05:00-05:00,1.8638436848921685,0.8671659440283755,1.2785629821498967,154,expanded
NVDA,short,182.78,2026-03-04 05:40:00-05:00,2.970784549731922,1.0504431557063068,-0.47051099682677816,171,expanded
NVDA,long,181.91,2026-03-05 08:25:00-05:00,1.181903138914851,2.2153812324775997,0.10444725413665974,138,core
NVDA,long,181.15,2026-03-06 07:20:00-05:00,1.0212531051614653,2.390229091912784,-1.7223295611371818,150,expanded
NVDA,short,176.94,2026-03-09 06:00:00-04:00,1.7746128631174332,3.3740250932519493,-2.4923702950152573,167,expanded
NVDA,short,182.86,2026-03-10 07:30:00-04:00,1.017171606693653,1.9577819096576528,-1.0392103248386675,149,core
NVDA,long,184.96,2026-03-11 06:25:00-04:00,1.4381487889273337,0.49199826989619194,-0.3568339100346002,162,core
NVDA,long,182.475,2026-03-12 11:05:00-04:00,1.3508699821893428,0.3699136868064025,0.23290861761885812,106,expanded
NVDA,short,184.73,2026-03-13 07:50:00-04:00,2.592973528934116,0.7362096032046845,2.4532019704433368,145,expanded
NVDA,long,181.85,2026-03-16 04:45:00-04:00,3.8658234808908447,0.8798460269452815,0.513940060489424,182,expanded
NVDA,short,183.67,2026-03-17 07:00:00-04:00,1.099798551750412,0.9419066804595297,0.7281537540153394,155,expanded
NVDA,short,182.28,2026-03-18 10:30:00-04:00,1.3824884792626784,0.5266622778143559,1.1136712749615982,113,expanded
NVDA,long,179.81,2026-03-19 05:50:00-04:00,0.4727212057171427,2.2384739447194293,-0.355931260775271,169,expanded
NVDA,short,177.74,2026-03-20 07:30:00-04:00,3.386969731067858,0.9208394283785251,1.5978395409024435,149,expanded
NVDA,long,179.64,2026-03-25 11:40:00-04:00,0.08906702293477232,1.00757069694944,-0.8865508795368382,99,expanded
NVDA,long,176.99,2026-03-26 05:10:00-04:00,0.8418554720605573,3.3335216678908446,-2.666817334312672,177,expanded
NVDA,long,171.085,2026-03-27 07:35:00-04:00,1.5810854253733428,2.70917964754363,-2.621503930794642,148,expanded
NVDA,short,168.38,2026-03-30 04:25:00-04:00,2.8982064378192156,0.7245516094548039,2.887100605772657,186,core
NVDA,short,167.47,2026-03-31 08:25:00-04:00,0.39410043589896493,4.478414044306443,-4.478414044306443,138,expanded
NVDA,short,175.76,2026-04-01 04:25:00-04:00,0.773782430587156,0.9160218479745186,-0.1763768775603108,186,core
NVDA,short,173.35,2026-04-02 09:55:00-04:00,0.15748485722526456,2.38823190077878,-1.9324488029997227,120,expanded
NVDA,short,178.94,2026-04-06 05:05:00-04:00,1.7771319995529267,0.033530792444396045,1.2350508550352117,178,expanded
NVDA,long,176.74,2026-04-07 05:50:00-04:00,3.915355890007914,1.7426728527780992,3.6890913205839,169,expanded
NVDA,long,184.56,2026-04-08 07:45:00-04:00,0.3792804508019011,2.3081924577373165,-1.9560576506285157,146,expanded
NVDA,short,183.255,2026-04-09 12:25:00-04:00,0.19371913453929757,0.4501923549152913,0.1118659791001523,90,expanded
NVDA,long,182.85,2026-04-10 06:00:00-04:00,3.9103089964451767,0.09297238173365463,3.0188679245283074,167,expanded
NVDA,long,185.93,2026-04-13 04:25:00-04:00,2.006131339751514,0.252783305545097,1.6780508793632034,186,core
NVDA,short,190.72,2026-04-14 08:30:00-04:00,0.37751677852348936,3.2455956375838917,-2.8995385906040276,137,expanded
NVDA,short,199.6957,2026-04-15 12:10:00-04:00,1.9808638844001043,0.03219899076444956,0.5987610148841402,93,expanded
NVDA,short,199.4,2026-04-16 04:25:00-04:00,1.8004012036108341,0.22567703109327414,0.7522567703109327,186,core
NVDA,short,198.9086,2026-04-17 07:55:00-04:00,0.19033867816675892,1.4938519500916443,-1.0413828260819205,144,expanded
NVDA,long,199.09,2026-04-20 04:25:00-04:00,1.6525189612737918,0.6280074338239038,1.310964890250633,186,core
NVDA,long,201.6718,2026-04-21 10:05:00-04:00,0.4057086811344069,1.3248257812941575,-0.48172327514307495,118,expanded
NVDA,long,201.32,2026-04-22 12:10:00-04:00,0.6109676137492639,0.19372143850585455,0.466868666799123,93,expanded
NVDA,long,201.25,2026-04-23 04:25:00-04:00,1.2814906832298176,2.0021863354037315,-0.8696149068322998,186,core
NVDA,long,199.86,2026-04-24 06:30:00-04:00,5.548884218953255,0.20514360052037672,4.12288602021414,161,expanded
NVDA,short,208.45,2026-04-27 04:25:00-04:00,0.5133125449748108,4.965219477092839,-4.941232909570646,186,core
NVDA,long,213.22,2026-04-28 06:40:00-04:00,0.7081887252602902,2.3543757621236328,-0.28139949348090904,159,expanded
NVDA,short,214.19,2026-04-29 06:50:00-04:00,3.3895139829123635,0.09337504085157507,1.4146318689014432,157,expanded
NVDA,long,210.18,2026-04-30 04:25:00-04:00,0.43772004948139087,5.461984965267874,-4.8291940241697615,186,core
NVDA,short,200.34,2026-05-01 07:25:00-04:00,1.6072676450034935,1.3277428371767976,1.1081162024558244,150,expanded
NVDA,short,199.41,2026-05-04 04:25:00-04:00,2.3419086304598506,1.1634321247680623,0.8675592999348025,186,expanded
NVDA,short,197.68,2026-05-05 12:50:00-04:00,1.1027923917442366,0.15176042088222527,0.1365843787940157,85,expanded
NVDA,long,196.9758,2026-05-06 04:25:00-04:00,5.95210173026331,0.020713204363170593,5.22104745862182,186,expanded
NVDA,long,212.78,2026-05-07 12:40:00-04:00,0.3289782874330241,1.6824889557289275,-0.6328132343265306,87,expanded
NVDA,long,213.46,2026-05-08 07:20:00-04:00,2.033167806614824,0.2670289515600214,0.730816077953716,151,expanded
NVDA,long,214.1003,2026-05-11 07:45:00-04:00,3.829840499989961,0.41583313988817217,2.620127108649546,146,expanded
NVDA,long,217.62,2026-05-12 07:45:00-04:00,2.8168366878044275,1.2406947890818938,0.8547008547008479,146,expanded
NVDA,short,225.6133,2026-05-13 04:45:00-04:00,1.794220464839618,0.9869542265460387,-0.9688701862877781,182,expanded
NVDA,short,231.555,2026-05-14 04:25:00-04:00,1.0515428299971925,2.766081492517977,-2.726090993500463,186,core
NVDA,long,229.15,2026-05-15 06:10:00-04:00,1.2524547239799277,2.1427012873663522,-2.0685140737508223,165,expanded
NVDA,short,226.75,2026-05-18 04:25:00-04:00,3.695700110253581,1.7124145534729907,1.7640573318632855,186,core
NVDA,long,221.0,2026-05-19 04:25:00-04:00,1.5746606334841582,1.3981900452488703,0.24434389140271132,186,core
NVDA,short,224.43,2026-05-20 06:30:00-04:00,3.6447890210756166,1.1228445395000586,1.6798110769505012,161,expanded
NVDA,short,223.65,2026-05-21 06:40:00-04:00,2.5575676279901627,1.6766823161189344,1.578269617706235,159,expanded
NVDA,long,220.42,2026-05-22 05:55:00-04:00,0.489973686598318,2.799201524362575,-2.785545776245342,168,expanded
NVDA,short,217.2,2026-05-26 04:25:00-04:00,2.3941068139963115,0.5939226519337111,1.496316758747698,186,core
NVDA,short,215.88,2026-05-27 06:30:00-04:00,3.2888641838058152,0.2871965906985383,1.935797665369651,161,expanded
NVDA,long,211.54,2026-05-28 04:25:00-04:00,1.8810154107970205,0.8556301408717039,1.2338092086603072,186,core
NVDA,long,215.87,2026-05-29 11:10:00-04:00,0.9218047899198618,2.195765970259883,-1.565757168666325,105,expanded
NVDA,long,216.1,2026-06-01 07:35:00-04:00,4.113836186950493,0.4812586765386358,3.6418324849606685,148,expanded
NVDA,short,227.5,2026-06-02 04:25:00-04:00,2.945010989010995,2.1010989010989016,2.5093186813186783,186,core
NVDA,long,220.81,2026-06-03 06:05:00-04:00,1.6258321633983983,3.4781033467687186,-2.970879942031612,166,expanded
NVDA,long,212.09,2026-06-04 07:45:00-04:00,4.483945494837093,0.5280777028619947,1.98972134471215,146,expanded
NVDA,long,215.8,2026-06-05 04:25:00-04:00,0.32437442075995765,5.463392029657099,-5.450509731232626,186,expanded
NVDA,short,208.6,2026-06-08 09:40:00-04:00,1.2464046021092974,0.55086289549377,0.45541706615531574,123,expanded
NVDA,short,210.29,2026-06-09 04:55:00-04:00,5.207094964097194,0.5278425032098595,1.7670835512863095,180,expanded
NVDA,long,204.334,2026-06-10 05:40:00-04:00,1.4123934342791682,2.6691593175878747,-2.5198938992042446,171,expanded
NVDA,long,202.88,2026-06-11 06:00:00-04:00,1.749802839116725,1.6462933753943234,1.5191246056782304,167,expanded
NVDA,short,206.25,2026-06-12 07:25:00-04:00,1.3631515151515128,0.3975757575757543,0.4024727272727212,150,expanded
SOFI,long,26.555,2025-12-15 13:15:00-05:00,0.08360007531538902,3.59630954622481,-3.446808510638292,80,expanded
SOFI,long,25.7,2025-12-16 08:25:00-05:00,4.046692607003887,0.5836575875486326,3.2762645914396975,138,core
SOFI,long,26.71,2025-12-17 05:30:00-05:00,0.6739049045301374,5.765630849868959,-4.941969299887684,171,expanded
SOFI,short,26.505,2025-12-18 10:30:00-05:00,1.5280135823429453,0.7926806262969275,0.7357102433503124,113,expanded
SOFI,long,26.61,2025-12-19 05:15:00-05:00,2.9312288613303314,1.2401352874859013,2.9312288613303314,174,expanded
SOFI,long,27.64,2025-12-22 08:25:00-05:00,0.1085383502170808,1.9536903039073774,-1.049204052098405,138,core
SOFI,short,27.1203,2025-12-23 08:25:00-05:00,1.088852261958758,0.810094283617805,-0.11061824537339608,136,core
SOFI,long,27.18,2025-12-24 08:25:00-05:00,1.324503311258276,0.5518763796909439,0.8285504047093486,100,core
SOFI,long,27.49,2025-12-26 08:25:00-05:00,0.21826118588578491,1.6733357584576114,-1.6369588941433224,138,core
SOFI,short,26.93,2025-12-29 06:00:00-05:00,1.2253991830672049,1.7823988117341272,0.6312662458224959,163,expanded
SOFI,long,26.97,2025-12-30 06:10:00-05:00,0.6303299962921828,1.7430478309232431,-1.7426770485724836,162,core
SOFI,short,26.52,2025-12-31 08:25:00-05:00,1.7341628959276059,1.4328808446455468,1.4328808446455468,136,expanded
SOFI,short,26.63,2026-01-02 08:25:00-05:00,3.153961697333835,3.3045437476530326,-3.2669921141569698,138,core
SOFI,short,29.555,2026-01-05 12:25:00-05:00,1.6917611233293859,0.1184232786330575,0.7951277279648095,90,expanded
SOFI,short,29.24,2026-01-06 08:25:00-05:00,10.97811217510259,0.2051983584131405,7.865937072503411,138,core
SOFI,short,26.81,2026-01-07 08:25:00-05:00,1.659828422230512,1.3800820589332377,-0.5162252890712449,138,core
SOFI,long,26.93,2026-01-08 08:25:00-05:00,4.177497215001857,1.3367991088005922,2.4511696992202,138,core
SOFI,long,27.77,2026-01-09 08:25:00-05:00,2.1786100108030264,1.9445444724522836,-1.2265034209578627,138,core
SOFI,short,27.58,2026-01-12 06:20:00-05:00,5.003625815808554,1.7766497461929007,3.4082668600435015,163,expanded
SOFI,short,26.75,2026-01-13 06:15:00-05:00,1.9813084112149575,1.682242990654203,-1.2747663551401909,163,expanded
SOFI,short,26.91,2026-01-14 07:25:00-05:00,3.6789297658862816,0.8547008547008563,1.4808621330360405,150,core
SOFI,short,26.71,2026-01-15 08:25:00-05:00,1.8719580681392738,2.32122800449269,0.8236615499812895,138,core
SOFI,long,26.631,2026-01-16 07:30:00-05:00,0.559498329015061,2.331868874619799,-1.993916863805335,147,expanded
SOFI,short,25.37,2026-01-20 07:30:00-05:00,1.8525817895151848,3.8230193141505677,-0.8636184469846172,149,core
SOFI,short,25.5992,2026-01-21 08:25:00-05:00,2.5360167505234554,1.7609925310165981,-0.9406543954498583,138,core
SOFI,long,26.05,2026-01-22 08:25:00-05:00,1.3051823416506712,0.19193857965451327,0.30710172744721037,138,core
SOFI,long,26.09,2026-01-23 08:25:00-05:00,0.15331544653123474,1.87811422000766,-0.9908010732081316,138,core
SOFI,short,25.76,2026-01-26 07:40:00-05:00,0.6599378881987644,2.4844720496894293,-0.16187888198757272,147,core
SOFI,long,25.705,2026-01-27 10:10:00-05:00,0.5251896518187184,1.9256953900019353,-0.48628671464695583,117,core
SOFI,long,25.55,2026-01-28 07:35:00-05:00,0.9393346379647689,4.070450097847355,-2.9103718199608637,148,core
SOFI,short,24.85,2026-01-29 07:15:00-05:00,3.219315895372236,1.086519114688127,0.5633802816901431,152,expanded
SOFI,long,23.885,2026-01-30 04:40:00-05:00,10.236550136068647,6.594096713418475,-4.626334519572955,183,expanded
SOFI,short,22.35,2026-02-02 09:50:00-05:00,1.4988814317673416,2.908277404921694,0.8787472035794209,121,expanded
SOFI,short,23.04,2026-02-03 05:55:00-05:00,8.767361111111109,1.3888888888888902,5.889322916666665,168,expanded
SOFI,short,21.86,2026-02-04 07:00:00-05:00,8.188472095150958,0.2287282708142759,5.032021957913988,155,expanded
SOFI,short,20.22,2026-02-05 07:30:00-05:00,8.506429277942626,2.373887240356085,7.41839762611276,149,expanded
SOFI,long,19.87,2026-02-06 07:25:00-05:00,6.6935078007045705,5.234021137393068,6.6935078007045705,150,core
SOFI,short,21.55,2026-02-09 05:35:00-05:00,3.480278422273782,1.8561484918793436,0.6709976798143875,172,expanded
SOFI,short,21.3269,2026-02-10 09:10:00-05:00,1.3921385667865338,3.156108013822926,0.9227782753236506,129,expanded
SOFI,short,20.89,2026-02-11 05:20:00-05:00,3.590234561991383,2.1541407371948265,1.9157491622786103,175,core
SOFI,long,20.54,2026-02-12 08:25:00-05:00,1.6066212268744007,7.302823758519961,-7.010710808179152,138,expanded
SOFI,long,19.2499,2026-02-13 08:40:00-05:00,3.221315435404863,0.622860378495479,1.8239055787302731,135,expanded
SOFI,long,19.38,2026-02-17 08:35:00-05:00,2.373581011351914,1.393188854489162,0.36068111455108626,136,expanded
SOFI,short,19.64,2026-02-18 08:25:00-05:00,2.1130346232179185,1.8839103869653817,0.36150712830957993,138,core
SOFI,short,19.5,2026-02-19 07:25:00-05:00,2.717948717948724,0.769230769230762,1.104615384615379,150,core
SOFI,short,19.2654,2026-02-20 08:25:00-05:00,3.8950657655693584,0.1795965824742859,1.8447579598658708,138,core
SOFI,short,18.1,2026-02-23 13:05:00-05:00,0.5524861878453117,1.215469613259662,-0.4419889502762337,82,expanded
SOFI,long,18.05,2026-02-24 09:05:00-05:00,6.8144044321329655,0.8864265927977847,5.540166204986149,130,expanded
SOFI,long,19.18,2026-02-25 09:30:00-05:00,2.2940563086548553,1.3034410844629822,0.0,125,expanded
SOFI,long,19.27,2026-02-26 08:25:00-05:00,1.5049299429164462,3.4769071094966173,-2.646600934094437,138,core
SOFI,long,18.73,2026-02-27 07:30:00-05:00,1.761879337960482,7.581420181526971,-5.605979711692475,149,expanded
SOFI,short,18.0781,2026-03-02 14:10:00-05:00,1.1859653392778982,5.099540327799939,-3.3847583540305792,69,expanded
SOFI,long,17.755,2026-03-03 05:30:00-05:00,7.237397916079978,0.7603491974091693,4.590256265840615,173,expanded
SOFI,short,18.84,2026-03-04 04:40:00-05:00,3.07855626326963,3.290870488322723,0.16029723991507785,183,expanded
SOFI,long,19.01,2026-03-06 07:35:00-05:00,2.367175170962647,4.681746449237246,-2.3719095213045804,147,expanded
SOFI,short,18.34,2026-03-09 08:25:00-04:00,3.1079607415485295,3.298800436205019,-1.8489640130861418,138,core
SOFI,short,18.75,2026-03-10 08:25:00-04:00,3.7866666666666715,1.466666666666659,2.446400000000002,138,core
SOFI,short,18.29,2026-03-11 07:45:00-04:00,1.7495899398578474,3.061782394751243,0.10934937124111303,146,core
SOFI,long,18.21,2026-03-12 08:25:00-04:00,1.8671059857221297,3.2399780340472257,-2.9104887424492096,138,expanded
SOFI,short,17.78,2026-03-13 06:10:00-04:00,1.4060742407199098,2.0809898762654524,0.6259842519685036,164,expanded
SOFI,short,17.85,2026-03-16 06:10:00-04:00,2.1288515406162607,1.4005602240896358,1.3226890756302543,165,expanded
SOFI,long,17.56,2026-03-17 05:10:00-04:00,3.9584282460136677,6.1503416856491935,-0.3986332574031908,170,expanded
SOFI,short,17.4101,2026-03-18 08:25:00-04:00,1.7237120981499272,3.5605769065082984,1.643299004600784,138,core
SOFI,short,16.8801,2026-03-19 08:25:00-04:00,1.7778330697093054,2.457923827465495,-1.5989241769894718,138,core
SOFI,short,16.94,2026-03-20 07:35:00-04:00,1.593860684769773,2.7609208972845165,-0.6493506493506459,148,core
SOFI,long,17.1,2026-03-23 08:25:00-04:00,1.8128654970760156,1.520467836257319,0.23391812865496572,138,expanded
SOFI,short,16.31,2026-03-26 07:25:00-04:00,3.096259963212747,1.4714898835070631,2.084610668301644,150,expanded
SOFI,short,15.275,2026-03-27 14:45:00-04:00,1.5384615384615463,0.5564648117839547,1.5384615384615463,62,expanded
SOFI,long,15.215,2026-03-30 09:50:00-04:00,1.2816299704239258,1.8402891883010146,-1.6746631613539236,121,core
SOFI,short,15.5101,2026-03-31 09:55:00-04:00,1.0644676694540907,3.3204170185878805,-3.155363279411479,120,expanded
SOFI,short,16.13,2026-04-01 04:25:00-04:00,4.277743335399873,1.1779293242405537,3.0998140111593195,186,core
SOFI,long,15.1999,2026-04-02 10:05:00-04:00,4.540161448430589,0.26250172698504187,3.882262383305151,118,expanded
SOFI,short,15.975,2026-04-06 07:00:00-04:00,0.7824726134585289,2.8169014084507107,-1.5336463223787118,155,expanded
SOFI,long,16.06,2026-04-07 08:45:00-04:00,8.966376089663768,0.9339975093399664,7.036114570361162,134,expanded
SOFI,short,17.58,2026-04-08 07:30:00-04:00,7.508532423208174,1.5358361774744207,6.2571103526734815,149,core
SOFI,short,16.46,2026-04-09 05:55:00-04:00,3.311057108140958,0.4860267314702205,1.82260024301337,167,expanded
SOFI,short,16.3595,2026-04-10 08:55:00-04:00,1.6167975793881337,0.7977016412481911,0.7304624224456869,132,core
SOFI,long,15.97,2026-04-13 04:25:00-04:00,7.201001878522232,0.3757044458359455,7.134001252348156,183,expanded
SOFI,long,17.34,2026-04-14 07:25:00-04:00,4.671280276816601,0.11534025374855578,4.44059976931949,150,expanded
SOFI,short,18.35,2026-04-15 09:40:00-04:00,0.9809264305177096,5.449591280653951,-5.340599455040854,123,expanded
SOFI,short,19.45,2026-04-16 05:40:00-04:00,4.1125964010282825,2.570694087403599,1.5933161953727453,171,expanded
SOFI,short,19.34,2026-04-17 07:35:00-04:00,0.3102378490175735,4.084798345398134,-0.41365046535678307,148,expanded
SOFI,short,19.395,2026-04-20 13:05:00-04:00,0.2835782418148993,1.0569734467646397,-0.6960556844547644,82,expanded
SOFI,short,19.7,2026-04-21 05:15:00-04:00,5.124873096446695,0.45685279187817185,2.487309644670043,176,core
SOFI,short,19.27,2026-04-22 05:30:00-04:00,1.868188894654901,1.0378827192527207,1.4551115723923207,173,expanded
SOFI,long,18.8433,2026-04-23 04:25:00-04:00,0.5662490115850197,4.8468155790121665,-2.087214023021445,186,core
SOFI,short,18.5,2026-04-24 04:25:00-04:00,1.7999999999999916,0.7027027027026973,0.0540540540540625,185,core
SOFI,short,18.7944,2026-04-27 10:40:00-04:00,0.9811433192865966,0.8279061848210092,-0.7746988464649137,111,expanded
SOFI,short,18.7,2026-04-28 07:00:00-04:00,2.2994652406417098,0.9090909090909183,1.231550802139036,155,expanded
SOFI,short,16.81,2026-04-29 07:20:00-04:00,8.625817965496726,1.4277215942891255,5.94883997620463,151,expanded
SOFI,short,15.7298,2026-04-30 04:25:00-04:00,1.2066269119759945,4.069981817950653,-2.9892306323030184,186,core
SOFI,long,16.22,2026-05-01 10:10:00-04:00,3.545006165228131,1.598643649815041,1.4852034525277429,117,expanded
SOFI,long,16.4899,2026-05-04 08:10:00-04:00,1.7592586977483338,2.1825481052037894,-1.5682326757590872,141,expanded
SOFI,long,16.34,2026-05-05 07:25:00-04:00,0.42839657282741916,2.447980416156673,-1.8359853121175076,150,expanded
SOFI,short,16.15,2026-05-06 05:20:00-04:00,0.9907120743033956,2.198142414860684,-0.41733746130032695,175,expanded
SOFI,short,16.365,2026-05-07 10:05:00-04:00,3.2691720134433147,0.39718912312863597,2.7192178429575224,118,core
SOFI,short,16.08,2026-05-08 07:35:00-04:00,3.4825870646766095,0.5597014925373347,1.61691542288556,148,core
SOFI,long,15.7286,2026-05-11 09:10:00-04:00,3.8871863992980917,0.18183436542350143,3.8871863992980917,129,expanded
SOFI,long,16.1501,2026-05-12 09:55:00-04:00,0.4328146574943841,3.7157664658423024,-1.6105163435520387,120,core
SOFI,long,15.4398,2026-05-13 10:25:00-04:00,0.9728105286337898,2.7189471366209434,-0.3957305146439702,114,expanded
SOFI,short,15.34,2026-05-14 04:25:00-04:00,0.717079530638849,5.541069100391144,-4.693611473272482,186,core
SOFI,long,15.62,2026-05-15 10:20:00-04:00,1.4084507042253562,1.1203585147247053,-0.6235595390524878,115,expanded
SOFI,short,15.54,2026-05-18 05:15:00-04:00,1.2870012870012826,5.019305019305027,-1.158301158301168,176,expanded
SOFI,long,15.67,2026-05-19 04:50:00-04:00,0.19144862795149561,4.786215698787492,-2.8570516911295427,180,expanded
SOFI,short,15.28,2026-05-20 04:25:00-04:00,1.6361256544502618,2.879581151832469,-1.963350785340319,186,core
SOFI,short,15.71,2026-05-21 04:25:00-04:00,2.29153405474221,1.209420751113937,0.062380649267983784,185,core
SOFI,short,15.72,2026-05-22 08:15:00-04:00,2.2900763358778704,1.335877862595414,1.0178117048346065,140,expanded
SOFI,short,16.0,2026-05-26 04:25:00-04:00,0.8750000000000036,5.937499999999996,-0.12499999999999734,186,expanded
SOFI,short,16.0875,2026-05-27 07:40:00-04:00,0.48174048174046324,3.745143745143762,-0.9479409479409472,147,core
SOFI,long,16.3555,2026-05-28 10:35:00-04:00,5.77481581119502,0.40047690379383155,5.346825226987871,112,core
SOFI,short,17.38,2026-05-29 04:40:00-04:00,0.3452243958572999,13.924050632911403,-5.005753739930961,183,expanded
SOFI,short,18.73,2026-06-01 04:25:00-04:00,5.552589428723968,0.3491724506139901,1.5162840363053867,186,core
SOFI,long,18.47,2026-06-02 05:00:00-04:00,0.4331348132106218,5.468327016783964,-4.602057390362739,178,expanded
SOFI,long,17.45,2026-06-03 09:20:00-04:00,0.08595988538682275,6.991404011461312,-6.418338108882528,127,expanded
SOFI,short,16.6098,2026-06-04 08:25:00-04:00,0.2022902142108867,3.733940203975969,-2.349215523365724,138,expanded
SOFI,long,17.0585,2026-06-05 04:25:00-04:00,0.3605240789049584,8.081015329601072,-7.49479731512149,185,expanded
SOFI,short,16.0,2026-06-08 04:25:00-04:00,0.5000000000000004,4.125000000000001,-2.455000000000007,186,core
SOFI,long,16.5368,2026-06-09 07:25:00-04:00,3.405737506651843,5.3541192975666325,-1.3696724880266915,150,core
SOFI,short,16.03,2026-06-10 05:15:00-04:00,1.996257018091081,4.303805364940723,1.7473487211478531,176,expanded
SOFI,short,16.29,2026-06-11 05:05:00-04:00,3.898096992019643,2.455494168201364,-2.2553713934929402,178,expanded
SOFI,short,16.8387,2026-06-12 08:10:00-04:00,3.6148871349925997,0.3937358584688949,1.4769548718131418,141,expanded
XOM,long,117.05,2025-12-15 14:40:00-05:00,0.7261853908586148,0.0,0.4869713797522489,36,expanded
XOM,short,115.61,2025-12-16 09:55:00-05:00,0.8649770781074302,0.2594931234322266,0.5449355592076771,111,core
XOM,short,115.53,2025-12-17 08:40:00-05:00,0.4587553016532512,1.809053925387348,-1.6705617588505088,111,core
XOM,long,116.85,2025-12-18 10:00:00-05:00,0.1112537441163968,0.8985879332477511,-0.25673940949935575,86,expanded
XOM,short,116.325,2025-12-19 15:25:00-05:00,0.318074360627556,0.4771115409413218,-0.45991833225875484,29,expanded
XOM,short,117.58,2025-12-22 10:05:00-05:00,0.1445824119748271,0.7484266031637995,-0.5273005613199562,82,expanded
XOM,short,118.9,2025-12-23 11:00:00-05:00,0.06307821698906883,0.9503784693019305,-0.4289318755256441,70,expanded
XOM,long,119.28,2025-12-24 13:25:00-05:00,0.11737089201877982,0.181505700871895,-0.181505700871895,11,expanded
XOM,short,119.43,2025-12-26 10:00:00-05:00,0.7535795026375329,0.05861173909402426,0.2859415557230265,92,expanded
XOM,short,120.07,2025-12-29 09:55:00-05:00,0.04164237528108367,1.0242358624136016,-0.5163654534854707,90,expanded
XOM,short,121.17,2025-12-30 10:00:00-05:00,0.4456548650656154,0.2640917718907264,0.024758603614757065,93,core
XOM,long,120.7,2025-12-31 10:00:00-05:00,0.0,0.6917978458989296,-0.5162386081193107,84,expanded
XOM,long,120.0,2026-01-02 09:55:00-05:00,2.2916666666666665,0.11666666666666713,2.2083333333333384,90,core
XOM,short,126.2,2026-01-05 08:25:00-05:00,3.0190174326465944,0.39619651347068147,0.4668779714738552,123,core
XOM,long,125.77,2026-01-06 08:25:00-05:00,0.023853065118868682,3.7926373538999734,-3.5859107895364484,132,core
XOM,short,119.125,2026-01-07 15:00:00-05:00,1.0199370409234025,0.05876180482685681,0.4406295907660041,40,expanded
XOM,long,119.93,2026-01-08 09:45:00-05:00,3.0809638956057643,0.0416909864087479,2.65988493287751,109,core
XOM,short,122.68,2026-01-09 08:25:00-05:00,0.39126181936746324,1.7769807629605414,-1.4835343984349472,127,core
XOM,short,123.53,2026-01-12 08:30:00-05:00,0.7852343560268751,0.7852343560268751,-0.4128551768801142,109,expanded
XOM,short,126.55,2026-01-13 13:25:00-05:00,0.537337020940334,0.4662188858158858,-0.19691821414460833,62,expanded
XOM,short,127.27,2026-01-14 08:25:00-05:00,0.2514339592991225,3.4972892276263123,-2.6007700165003667,134,expanded
XOM,short,128.55,2026-01-15 08:25:00-05:00,0.19447685725398678,1.2796577207312188,-0.7001166861143346,109,core
XOM,short,129.6,2026-01-16 10:40:00-05:00,0.13117283950616318,0.4320987654321006,-0.33179012345679537,81,expanded
XOM,short,131.46,2026-01-20 09:55:00-05:00,1.0573558496881292,0.15594097063744414,0.5781226228510721,88,core
XOM,short,132.63,2026-01-21 10:00:00-05:00,0.03769886149437002,0.87461358666968,-0.8670738143708103,91,expanded
XOM,long,132.0,2026-01-22 08:50:00-05:00,1.6515151515151567,0.11363636363636795,1.3636363636363722,105,expanded
XOM,short,135.63,2026-01-23 10:00:00-05:00,0.8478950084789543,0.1105950011059542,0.13271400132714503,100,core
XOM,long,134.6,2026-01-26 11:20:00-05:00,0.3937592867756324,0.31946508172363064,0.31901931649332493,74,expanded
XOM,long,136.03,2026-01-27 09:55:00-05:00,0.6616187605675261,0.532970668234944,0.5660516062633317,93,expanded
XOM,long,137.24,2026-01-28 10:45:00-05:00,0.5464879044010492,0.4153308073448132,0.3351792480326286,89,expanded
XOM,short,140.32,2026-01-29 09:30:00-05:00,0.8623147092360175,1.4395667046750358,-0.1710376282782277,117,expanded
XOM,short,137.7,2026-01-30 07:25:00-05:00,1.7574437182280231,3.2716049382716226,-2.8395061728395246,139,expanded
XOM,short,139.5,2026-02-02 08:25:00-05:00,1.0322580645161274,0.8817204301075194,0.6290322580645145,117,core
XOM,short,144.2,2026-02-03 12:45:00-05:00,1.2205270457697581,0.46116504854370355,0.28307905686546025,67,expanded
XOM,short,145.2,2026-02-04 10:00:00-05:00,0.4132231404958639,1.9214876033057993,-1.639118457300292,99,expanded
XOM,short,146.8,2026-02-05 08:25:00-05:00,2.0470027247956564,0.034059945504075574,0.6130790190735733,131,core
XOM,short,146.6,2026-02-06 08:30:00-05:00,0.4092769440654805,2.025920873124147,-1.674965893587995,115,core
XOM,short,149.44,2026-02-09 09:55:00-05:00,0.5085653104924993,1.519004282655253,-1.2781049250535308,96,expanded
XOM,long,150.55,2026-02-10 10:00:00-05:00,0.9631351710395142,0.2989040185984836,0.9631351710395142,94,core
XOM,long,153.68,2026-02-11 09:25:00-05:00,2.1147839666840187,0.07808433107756672,1.2818844351900045,113,core
XOM,short,154.46,2026-02-12 08:25:00-05:00,2.9651689757866198,0.5114592774828384,2.8674090379386263,127,core
XOM,short,149.81,2026-02-13 08:30:00-05:00,1.22154729323811,1.2348975368800443,0.7409385221280379,113,core
XOM,long,148.75,2026-02-17 09:25:00-05:00,0.25546218487394656,2.420168067226887,-1.8419495798319367,108,core
XOM,short,148.85,2026-02-18 09:55:00-05:00,0.262008733624445,1.4444071212630203,-1.4376889486059892,104,expanded
XOM,long,152.94,2026-02-19 08:25:00-05:00,0.287694520727081,1.376356741205695,-1.1769321302471631,121,core
XOM,long,148.5,2026-02-20 10:15:00-05:00,0.3670033670033586,1.3737373737373684,-0.5925925925925896,99,expanded
XOM,short,150.59,2026-02-23 10:10:00-05:00,0.9761604356198944,0.3917922836841778,-0.15412710007304775,93,core
XOM,long,149.45,2026-02-24 10:05:00-05:00,0.32786885245902253,0.7547674807627875,0.04014720642355455,97,expanded
XOM,long,148.29,2026-02-25 10:30:00-05:00,0.944096028053143,0.6473801335221387,0.647380133522158,93,expanded
XOM,short,147.69,2026-02-26 10:00:00-05:00,0.005416751303412403,2.2140970952671206,-0.42142325140496917,95,core
XOM,long,150.98,2026-02-27 08:55:00-05:00,1.768446151808197,1.1458471320704662,1.2716916147834256,123,expanded
XOM,long,154.39,2026-03-02 13:40:00-05:00,0.29146965477039777,0.6477103439341927,0.23965282725565423,73,expanded
XOM,long,157.44,2026-03-03 06:55:00-05:00,0.3493394308943162,4.535060975609747,-3.7926194105691104,149,expanded
XOM,long,150.81,2026-03-04 06:15:00-05:00,1.611298985478421,1.956103706650745,-0.802334062727941,150,expanded
XOM,short,150.1418,2026-03-05 08:25:00-05:00,0.4474436832381059,1.4574222501661918,-0.38510261632670556,122,core
XOM,long,153.08,2026-03-06 07:25:00-05:00,0.47034230467729216,2.038149986934939,-1.1322184478704014,143,core
XOM,long,152.33,2026-03-09 06:10:00-04:00,3.164183023698545,2.1532199829317933,-2.120396507582235,161,expanded
XOM,short,148.88,2026-03-10 07:25:00-04:00,0.7925846319183281,1.0209564750134406,0.24852229983879942,143,core
XOM,long,148.49,2026-03-11 08:25:00-04:00,2.3570610815543134,0.6397737221361822,2.3368577008552753,131,core
XOM,long,152.56,2026-03-12 07:25:00-04:00,1.5993707393812255,0.6095962244362918,1.0159937073938197,141,core
XOM,short,154.01,2026-03-13 07:50:00-04:00,0.672034283488083,1.870008441010321,-1.5843127069670788,135,expanded
XOM,short,157.23,2026-03-16 06:35:00-04:00,1.5709470202887483,0.42612732939007564,0.050880875151042476,137,expanded
XOM,short,158.2827,2026-03-17 08:25:00-04:00,0.9367416653873065,1.3692589272232425,-0.3584093523802594,116,expanded
XOM,long,158.78,2026-03-18 08:30:00-04:00,0.8817231389343781,1.1210479909308484,-0.6046101524121477,123,core
XOM,long,158.67,2026-03-19 07:25:00-04:00,0.5609125858700541,2.4138148358227673,-0.264700321421811,132,core
XOM,short,160.5,2026-03-20 10:00:00-04:00,0.7725856697819371,1.2087227414330204,0.5856697819314628,115,expanded
XOM,long,158.07,2026-03-23 07:35:00-04:00,2.4925665844246208,1.929524894034278,1.8116024546087302,132,core
XOM,long,164.765,2026-03-24 09:50:00-04:00,1.647801414135286,0.9952356386368343,-0.30649713227930414,111,core
XOM,short,162.9,2026-03-25 07:20:00-04:00,0.2287906691221663,1.2891344383057055,-0.288520564763658,134,core
XOM,short,164.75,2026-03-26 08:25:00-04:00,1.6327769347496195,0.5644916540212485,-0.3156297420333901,127,expanded
XOM,long,165.7728,2026-03-27 08:25:00-04:00,3.346266697552315,0.586827272025313,3.346266697552315,134,expanded
XOM,short,173.4,2026-03-30 07:45:00-04:00,1.355247981545556,1.7358708189157963,0.6914648212226138,142,expanded
XOM,short,172.22,2026-03-31 07:50:00-04:00,3.629079084891418,1.2542097317384722,2.578097781906862,139,expanded
XOM,long,164.69,2026-04-01 09:10:00-04:00,3.017791001275122,3.212095452061444,-3.196308215435066,125,expanded
XOM,short,165.8,2026-04-02 05:25:00-04:00,3.745476477683961,0.6634499396863657,3.25693606755127,166,expanded
XOM,short,158.46,2026-04-06 05:50:00-04:00,0.0,3.3383819260381116,-3.0291556228701144,151,expanded
XOM,short,163.76,2026-04-07 07:05:00-04:00,7.175134342940889,1.5144113336590244,5.856130923302396,152,expanded
XOM,short,154.5,2026-04-08 07:45:00-04:00,2.2783171521035666,1.391585760517803,-1.2944983818770228,140,expanded
XOM,short,157.45,2026-04-09 08:25:00-04:00,2.5023817084788806,1.1305176246427444,2.026040012702444,131,expanded
XOM,short,153.47,2026-04-10 09:55:00-04:00,1.0099693751221812,0.3258617319345822,0.6841728025021251,98,core
XOM,long,152.94,2026-04-13 11:10:00-04:00,0.8598143062638928,1.0853929645612637,-0.41846475742120204,91,expanded
XOM,short,151.82,2026-04-14 07:25:00-04:00,3.3591753392174883,0.05269397971282604,2.0550652087998977,135,expanded
XOM,short,147.72,2026-04-15 09:55:00-04:00,0.006769564040069662,1.7001083130246473,-0.7649607365285644,104,expanded
XOM,long,148.9,2026-04-16 08:00:00-04:00,2.605775688381461,0.13431833445266425,2.068502350570842,117,core
XOM,long,144.0902,2026-04-17 09:55:00-04:00,1.8806275513532502,1.4714394178091301,1.5475722845828421,115,expanded
XOM,short,148.35,2026-04-20 09:40:00-04:00,0.6268958543983868,0.6875631951466197,0.370677451971694,104,expanded
XOM,short,146.9,2026-04-21 09:45:00-04:00,0.4492852280462876,1.347855684138863,-0.9462219196732378,108,core
XOM,short,149.57,2026-04-22 09:55:00-04:00,0.9293307481446723,0.12034498896838057,0.05348666176371203,103,expanded
XOM,long,150.2344,2026-04-23 07:25:00-04:00,0.662697757637396,1.1577907589739695,0.11828183159117735,130,expanded
XOM,long,148.94,2026-04-24 07:55:00-04:00,0.9131193769303168,1.3357727944138529,-0.060427017590978516,118,expanded
XOM,short,150.585,2026-04-27 10:15:00-04:00,1.7364943387455627,0.023242686854598123,1.4576485041670961,92,expanded
XOM,long,151.17,2026-04-28 07:25:00-04:00,0.7541178805318614,0.9327247469736036,-0.27789905404510873,130,expanded
XOM,long,152.26,2026-04-29 10:15:00-04:00,1.7667148298962285,0.23643767240245978,1.4646000262708645,109,expanded
XOM,long,152.98,2026-04-30 07:55:00-04:00,1.771473395215066,1.0720355602039393,1.482219898025894,139,expanded
XOM,short,155.4,2026-05-01 07:50:00-04:00,2.7606177606177553,0.12870012870012137,1.7760617760617885,124,expanded
XOM,short,153.39,2026-05-04 12:00:00-04:00,0.29988917139316745,0.7040876197926935,-0.38464045896082105,71,expanded
XOM,long,154.1701,2026-05-05 09:55:00-04:00,0.8626186270878784,0.7654532234200937,-0.026010231555921262,106,core
XOM,short,147.6,2026-05-06 07:25:00-04:00,0.3455284552845467,1.9376693766937763,-0.6436314363143747,137,expanded
XOM,short,145.87,2026-05-07 09:55:00-04:00,1.1517104270926215,1.3573730033591482,-1.3573730033591482,117,core
XOM,long,144.53,2026-05-08 10:00:00-04:00,0.9686570262229334,0.42198851449526764,-0.1592057012384924,103,core
XOM,short,146.0,2026-05-11 08:30:00-04:00,0.3356164383561706,2.582191780821925,-2.418082191780812,117,expanded
XOM,long,151.5,2026-05-12 08:40:00-04:00,0.2508250825082478,1.141848184818473,-0.5742574257425773,114,expanded
XOM,long,150.94,2026-05-13 09:50:00-04:00,0.5631376705975847,0.5300119252683261,0.1308466940506101,101,expanded
XOM,short,152.4953,2026-05-14 10:05:00-04:00,0.8100577525995852,0.31266537394924676,-0.2725985653328432,93,core
XOM,long,152.6625,2026-05-15 08:25:00-04:00,3.5617784328174897,0.1064439531646569,3.310701711291253,121,expanded
XOM,long,159.03,2026-05-18 07:25:00-04:00,1.6977928692699418,2.3894862604540092,0.8614726781110511,129,expanded
XOM,long,161.2,2026-05-19 09:25:00-04:00,1.3151364764268019,0.96761786600496,0.8063275434243206,101,expanded
XOM,short,162.4,2026-05-20 10:00:00-04:00,3.940886699507393,0.20935960591133215,3.8965517241379324,106,core
XOM,long,157.14,2026-05-21 10:20:00-04:00,0.14636629756905828,2.341860761104734,-1.2982054219167571,100,expanded
XOM,long,154.74,2026-05-22 11:15:00-04:00,0.3618973762440237,1.014605144112719,0.3618973762440237,80,expanded
XOM,long,154.49,2026-05-26 09:55:00-04:00,0.01294582173602292,3.2494012557447145,-2.8739724253997005,99,core
XOM,long,146.9972,2026-05-27 09:00:00-04:00,1.1481851354991863,0.8465467369446389,1.0155295475015966,102,expanded
XOM,short,149.26,2026-05-28 10:10:00-04:00,1.849122336861846,0.24788958863728028,1.7419268390727554,101,expanded
XOM,short,145.36,2026-05-29 11:10:00-04:00,0.35085305448542875,0.49876169510181223,0.0068794716565900695,80,expanded
XOM,long,148.69,2026-06-01 09:55:00-04:00,0.7961530701459351,0.6052861658484132,0.4775035308359728,103,expanded
XOM,short,149.25,2026-06-02 10:05:00-04:00,0.5025125628140703,1.0653266331658315,-0.8671356783919526,103,expanded
XOM,short,150.962,2026-06-03 07:25:00-04:00,0.623998092235118,2.6152276731892847,-1.780580543448031,127,expanded
XOM,short,151.4,2026-06-04 10:00:00-04:00,0.3038309114927397,1.3389035667106937,-0.396301188903563,88,core
XOM,short,151.08,2026-06-05 11:30:00-04:00,0.9422160444797579,0.03309504898066121,0.5559968228753001,79,expanded
XOM,long,152.07,2026-06-08 10:45:00-04:00,0.1578220556322806,0.7693825212073305,-0.14467021766291766,76,expanded
XOM,short,150.94,2026-06-09 04:10:00-04:00,2.093547104809856,0.5366370743341741,0.9871472108122493,143,core
XOM,long,150.3,2026-06-10 08:30:00-04:00,1.4770459081836318,0.49234863606121687,1.2308715901530234,129,core
XOM,short,150.83,2026-06-11 10:45:00-04:00,2.9238215209176057,0.19226944241861169,2.7779619439103795,100,expanded
XOM,long,145.4,2026-06-12 07:50:00-04:00,2.414030261347999,0.17193947730398898,1.0797799174690461,114,expanded
DPZ,long,437.0,2025-12-16 09:35:00-05:00,0.11899313501143748,1.0354691075514824,-0.7093821510297535,77,expanded
DPZ,short,433.7278,2025-12-17 09:35:00-05:00,0.0,1.907233061842012,-1.0818305859112591,78,expanded
DPZ,short,435.2528,2025-12-18 13:55:00-05:00,1.043715284542684,0.016588061007306414,0.8001786547955574,26,expanded
DPZ,long,432.03,2025-12-19 09:30:00-05:00,0.5242691479758451,0.8882716478022249,-0.08564220077308236,82,expanded
DPZ,short,431.51,2025-12-22 08:50:00-05:00,1.216657783133647,0.0,0.8365970661166632,80,expanded
DPZ,long,426.2,2025-12-23 05:55:00-05:00,1.3467855466916963,0.46222430783668944,-0.004692632566865747,88,expanded
DPZ,short,426.53,2025-12-24 09:35:00-05:00,0.5931587461608734,0.08674653599981351,0.25789510702646146,42,expanded
DPZ,short,424.74,2025-12-26 11:35:00-05:00,0.29429768799736306,0.2636907284456384,-0.19305928332626857,53,expanded
DPZ,long,424.96,2025-12-29 08:50:00-05:00,0.24472891566265542,0.9765389683734946,-0.8730233433734892,79,expanded
DPZ,short,421.86,2025-12-30 09:35:00-05:00,0.10430000474090875,0.6613568482434845,-0.014222727919215443,77,expanded
DPZ,long,418.605,2025-12-31 15:20:00-05:00,0.0,0.4980829182642434,-0.4264163113197465,8,expanded
DPZ,short,415.01,2026-01-02 08:20:00-05:00,0.0,2.505963711717798,-2.371027204163763,79,expanded
DPZ,long,417.9664,2026-01-05 08:00:00-05:00,0.4865462869742588,3.063978348498826,-1.0686026436574858,83,expanded
DPZ,short,413.9,2026-01-06 07:30:00-05:00,1.8361923169847707,0.12805025368447198,1.3022469195457809,83,expanded
DPZ,short,407.0,2026-01-07 08:10:00-05:00,1.154766584766588,0.16707616707616876,0.36855036855036855,79,expanded
DPZ,long,406.365,2026-01-08 10:10:00-05:00,0.6459709866745413,0.7247179260024837,0.06521230913095033,71,expanded
DPZ,short,405.83,2026-01-09 09:30:00-05:00,0.8501096518246529,0.7811152452997601,0.13059655520783894,80,core
DPZ,short,412.92,2026-01-12 12:00:00-05:00,0.06054441538312506,0.9735541993606465,-0.7337983144434691,49,expanded
DPZ,short,415.12,2026-01-13 09:30:00-05:00,1.659761032954323,0.43601850067450426,1.0647523607631566,81,expanded
DPZ,long,409.85,2026-01-14 10:20:00-05:00,0.2904721239477823,1.349274124679768,-0.4513846529218062,70,expanded
DPZ,long,404.85,2026-01-15 09:35:00-05:00,1.2720760775595843,0.4421390638508139,1.0473014696801166,77,expanded
DPZ,long,405.15,2026-01-16 09:35:00-05:00,0.0012341108231507967,1.5549796371714069,-1.2834752560779932,78,expanded
DPZ,long,392.815,2026-01-20 10:45:00-05:00,0.5320570752135165,2.070949429120576,-1.3174140498708071,64,expanded
DPZ,long,397.13,2026-01-21 13:20:00-05:00,0.7176491325258789,0.041548107672555706,0.5967819102057272,34,expanded
DPZ,long,397.95,2026-01-22 09:35:00-05:00,2.5254428948360377,0.23872345772081635,1.8545043347154153,77,expanded
DPZ,long,403.23,2026-01-23 09:30:00-05:00,2.5866130992237695,0.0,2.050938670237825,79,expanded
DPZ,long,417.865,2026-01-26 09:40:00-05:00,0.10410060665526001,1.9994495829992984,-0.9464779294748266,77,expanded
DPZ,long,417.865,2026-01-27 09:55:00-05:00,0.46785445060007036,1.0613475644047723,0.3649504026419962,74,core
DPZ,long,414.15,2026-01-28 09:30:00-05:00,0.20523964747072868,3.172763491488588,-2.120004829168169,79,core
DPZ,long,407.15,2026-01-29 13:25:00-05:00,0.45437799336854295,0.4912194522903107,-0.1927790740513308,33,expanded
DPZ,long,408.375,2026-01-30 09:35:00-05:00,0.642791551882461,1.1472298745026024,0.26568717477807885,79,expanded
DPZ,short,407.355,2026-02-02 09:55:00-05:00,0.5977587116888223,0.6444010752292226,-0.4578316210676213,74,core
DPZ,long,401.11,2026-02-03 15:55:00-05:00,0.04362892972002976,0.04612201141831475,0.0,3,expanded
DPZ,long,401.57,2026-02-04 08:00:00-05:00,1.0608362178449562,0.6399880469158536,0.03984361381577932,79,expanded
DPZ,short,400.14,2026-02-05 08:00:00-05:00,2.5341130604288464,1.8830909181786437,2.5341130604288464,84,expanded
DPZ,long,394.17,2026-02-06 09:35:00-05:00,1.0173275490270672,0.7255752594058436,1.0173275490270672,79,expanded
DPZ,short,390.66,2026-02-09 11:15:00-05:00,0.038396559668262456,0.657861055649412,-0.4198023857062372,59,expanded
DPZ,short,392.16,2026-02-10 09:30:00-05:00,0.8057935536515771,1.4509383924928594,0.8032435740514163,83,core
DPZ,short,389.71,2026-02-11 09:15:00-05:00,3.212645300351539,0.0,1.2085910035667495,82,expanded
DPZ,long,385.0,2026-02-12 08:10:00-05:00,0.2597402597402597,1.8181818181818181,-0.8363636363636434,82,expanded
DPZ,long,380.93,2026-02-13 08:40:00-05:00,1.165568477148032,1.97411597931378,-1.4254587457013117,81,expanded
DPZ,short,376.27,2026-02-17 08:20:00-05:00,1.4803199829909357,0.7786961490419133,-0.30828926037154836,92,expanded
DPZ,short,383.635,2026-02-18 12:30:00-05:00,0.7806899787558499,0.05604285323289893,0.16812855969866716,42,expanded
DPZ,short,387.98,2026-02-19 10:20:00-05:00,1.0258260735089484,0.7268415897726669,0.6907572555286372,72,expanded
DPZ,long,386.0,2026-02-20 05:20:00-05:00,1.0388601036269407,1.3445595854922274,0.3658808290155482,99,expanded
DPZ,long,403.6,2026-02-23 08:25:00-05:00,2.5668979187314065,2.8493557978196233,-1.1248265609514405,101,core
DPZ,short,398.82,2026-02-26 15:30:00-05:00,0.20560653929090647,0.509051702522436,-0.04513314277117668,10,expanded
DPZ,short,393.9,2026-02-27 09:35:00-05:00,0.10027925869509567,2.8484386900228555,-2.185833968012189,79,expanded
DPZ,short,398.0,2026-03-02 05:15:00-05:00,1.0050251256281406,1.7173366834170805,-0.7537688442211055,84,expanded
DPZ,short,396.68,2026-03-03 07:20:00-05:00,0.46889180195624025,3.4108097206816503,-3.2066149037007086,87,expanded
DPZ,long,409.68,2026-03-04 10:05:00-05:00,0.27582503417301196,0.7957430189416107,-0.01708650654168941,73,expanded
DPZ,long,404.91,2026-03-05 10:40:00-05:00,0.4247857548590972,0.7952384480501907,-0.7186782247907004,65,expanded
DPZ,long,400.3,2026-03-06 09:25:00-05:00,2.618361229078185,1.3240069947539372,2.023482388208835,80,expanded
DPZ,long,404.0,2026-03-09 07:20:00-04:00,3.13366336633664,1.2524752475247531,2.915841584158409,84,expanded
DPZ,short,414.32,2026-03-10 08:15:00-04:00,3.4986483877196295,0.0,3.3307588337516925,84,expanded
DPZ,long,401.01,2026-03-11 08:55:00-04:00,0.0,2.418343682202432,-1.9974564225331017,88,expanded
DPZ,long,393.05,2026-03-12 11:20:00-04:00,1.0202264342958889,0.6589492430988505,0.745452232540391,59,expanded
DPZ,short,396.14,2026-03-13 09:30:00-04:00,0.35974655424849455,1.8528802948452647,-0.9744029888423319,78,expanded
DPZ,long,400.0,2026-03-16 09:30:00-04:00,0.542500000000004,2.0,-1.8425000000000011,83,expanded
DPZ,short,395.205,2026-03-17 12:15:00-04:00,0.29731405220075946,0.7527738768487299,-0.7313672650902696,47,expanded
DPZ,short,396.21,2026-03-18 07:35:00-04:00,5.100830367734278,0.0,4.956967264834302,89,expanded
DPZ,long,373.625,2026-03-19 13:40:00-04:00,1.1629307460689267,0.36801605888256944,0.7694881231180997,30,core
DPZ,short,372.01,2026-03-20 13:55:00-04:00,0.690841644041825,0.5107389586301535,-0.5107389586301535,27,expanded
DPZ,long,377.0,2026-03-23 08:00:00-04:00,0.25464190981431817,3.602122015915115,-2.6075331564986732,82,expanded
DPZ,short,366.76,2026-03-24 08:00:00-04:00,1.9331442905442184,0.00817973606719096,1.2978514559930174,83,expanded
DPZ,long,362.55,2026-03-25 06:45:00-04:00,0.540615087574122,0.9626258447110769,-0.016549441456351476,92,expanded
DPZ,short,362.51,2026-03-26 11:50:00-04:00,1.5227166147140718,0.3282668064329254,1.095142202973703,50,expanded
DPZ,long,358.0,2026-03-27 07:35:00-04:00,0.24441340782122906,3.2430167597765402,-2.2681564245810066,84,expanded
DPZ,long,347.43,2026-03-30 09:55:00-04:00,2.129925452609152,0.3223670955300362,1.6748697579368552,74,core
DPZ,long,354.5,2026-03-31 07:00:00-04:00,2.0366713681241264,1.3906629055006983,1.2101551480959154,79,expanded
DPZ,long,353.79,2026-04-01 10:35:00-04:00,2.4562593628988942,0.18513807625993656,1.1530568981599152,65,expanded
DPZ,short,357.0,2026-04-02 09:20:00-04:00,0.0,4.261904761904755,-3.8711484593837517,80,expanded
DPZ,short,378.72,2026-04-06 13:15:00-04:00,0.09186206168146342,0.9004013519222561,-0.4700042247570692,37,expanded
DPZ,short,380.65,2026-04-07 04:20:00-04:00,3.4835150400630477,0.28241166425851716,2.078024431892807,90,expanded
DPZ,long,374.0,2026-04-08 08:10:00-04:00,0.7887700534759328,1.3609625668449132,0.5989304812834249,81,expanded
DPZ,short,373.43,2026-04-09 09:35:00-04:00,0.38373992448383704,0.8033634148300887,0.02410090244491118,80,expanded
DPZ,short,374.0,2026-04-10 07:45:00-04:00,2.6283422459893004,0.0,2.1524064171123025,80,expanded
DPZ,short,364.265,2026-04-13 11:40:00-04:00,0.20177617942981446,1.6018557917999359,-1.0976624160981714,56,expanded
DPZ,long,372.37,2026-04-14 09:35:00-04:00,1.2712624540107886,1.2031044391331251,-0.6364637323092636,83,expanded
DPZ,long,369.17,2026-04-15 09:30:00-04:00,0.22482866971855353,1.0076658450036642,-0.5607172847197749,80,expanded
DPZ,long,367.68,2026-04-16 14:30:00-04:00,0.3943646649260195,0.23349107919930162,0.35900783289817045,21,expanded
DPZ,short,372.13,2026-04-17 09:55:00-04:00,0.35200064493590155,1.3059952167253415,0.050331873270092004,76,core
DPZ,short,371.06,2026-04-20 09:00:00-04:00,0.9917533552525216,0.2991429957419322,0.4311971109793626,80,expanded
DPZ,short,372.0,2026-04-21 09:10:00-04:00,1.4072580645161326,0.0,0.2688172043010753,81,expanded
DPZ,long,369.93,2026-04-22 09:30:00-04:00,0.8542156624226119,1.1569756440407724,-1.1569756440407724,78,expanded
DPZ,short,366.0,2026-04-23 08:45:00-04:00,0.546448087431694,1.912568306010929,-1.912568306010929,80,core
DPZ,long,368.9975,2026-04-24 09:55:00-04:00,1.7405266973353515,0.5711420809084116,-0.5413315808372692,89,expanded
DPZ,long,353.95,2026-04-27 06:30:00-04:00,0.8447520836276337,7.122474925836977,-4.952676931770016,135,expanded
DPZ,long,338.47,2026-04-28 14:40:00-04:00,0.8952048926049495,0.29544715927556353,0.7474813129671677,24,expanded
DPZ,short,342.1,2026-04-29 04:30:00-04:00,4.548377667348729,0.26015784858228186,3.2446653025431225,98,expanded
DPZ,long,332.0,2026-04-30 07:05:00-04:00,2.710843373493976,0.2806325301204753,1.8292469879518107,90,expanded
DPZ,long,336.395,2026-05-01 13:05:00-04:00,0.6554794215134117,0.612375332570342,0.43341904606192927,40,expanded
DPZ,short,337.9,2026-05-04 06:30:00-04:00,2.864752885469059,0.8493637170760593,1.8052678307191377,97,expanded
DPZ,short,334.77,2026-05-05 10:35:00-04:00,1.0873136780476107,0.26286704304447694,1.0664037996236202,69,expanded
DPZ,short,331.21,2026-05-06 07:00:00-04:00,2.729386190030483,1.349596932459777,1.769270251502055,98,expanded
DPZ,short,325.08,2026-05-07 10:00:00-04:00,0.08305647840531002,3.4729912636889444,-2.1533161068044793,73,expanded
DPZ,long,333.0,2026-05-08 07:40:00-04:00,0.5765465465465418,3.5225225225225283,-2.6906906906906847,89,expanded
DPZ,long,323.37,2026-05-11 07:20:00-04:00,0.6555957571821767,4.116028079289978,-3.0522311902773924,93,expanded
DPZ,short,311.855,2026-05-12 09:55:00-04:00,0.7583652659088387,1.5311282487053284,-0.1811739430183892,83,core
DPZ,long,311.0,2026-05-13 05:20:00-04:00,0.5884244372990302,1.607717041800643,-0.482315112540193,90,expanded
DPZ,long,305.95,2026-05-14 10:00:00-04:00,0.8072887726752723,0.7713678705670907,-0.08171269815329303,86,expanded
DPZ,short,306.71,2026-05-15 10:25:00-04:00,2.1518698444784867,0.06846858596069133,1.6273352678425852,82,expanded
DPZ,long,302.2,2026-05-18 09:55:00-04:00,2.20714758438121,0.14228987425546222,1.9093315684976964,77,expanded
DPZ,long,308.93,2026-05-19 09:30:00-04:00,1.815945359790248,1.171786488848608,1.3174505551419393,79,expanded
DPZ,long,313.34,2026-05-20 09:55:00-04:00,1.6691134231186628,0.9829578094083055,1.0084891810812617,78,core
DPZ,long,313.75,2026-05-21 10:00:00-04:00,1.2812749003984005,0.2231075697211119,0.7171314741035857,74,expanded
DPZ,long,316.06,2026-05-22 05:10:00-04:00,0.7909890527115104,1.2877301778143369,0.14554198569891147,80,expanded
DPZ,short,316.65,2026-05-26 08:45:00-04:00,2.153797568293066,0.26843518079899664,1.8948365703458079,81,expanded
DPZ,long,310.99,2026-05-27 05:55:00-04:00,2.749284542911351,0.18328563619408764,0.4855461590404807,80,expanded
DPZ,long,312.0,2026-05-28 09:25:00-04:00,0.3046474358974285,1.9158653846153912,-0.4807692307692308,81,expanded
DPZ,short,310.0,2026-05-29 09:20:00-04:00,0.5806451612903263,0.8612903225806503,-0.18709677419354323,79,expanded
DPZ,long,311.32,2026-06-01 09:25:00-04:00,1.3507002441217988,0.6906077348066225,0.7644867017859422,83,core
DPZ,long,309.11,2026-06-02 10:00:00-04:00,1.125812817443616,0.6599592378117888,-0.6599592378117888,74,expanded
DPZ,short,305.62,2026-06-03 09:35:00-04:00,1.7570839604737924,0.48589751979582935,-0.3762842745893519,80,expanded
DPZ,short,308.99,2026-06-04 08:15:00-04:00,1.178031651509753,1.7007022880999372,0.5395643871970085,85,expanded
DPZ,long,308.94,2026-06-05 09:20:00-04:00,2.233443387065442,0.3172136984527799,1.3141710364472072,80,expanded
DPZ,long,311.88,2026-06-08 09:55:00-04:00,1.3178145440554103,0.2613184558163389,0.5290496344747907,73,core
DPZ,long,313.53,2026-06-09 09:30:00-04:00,1.9551558064619186,0.4210123433164269,0.6283290275252855,80,expanded
DPZ,short,318.1,2026-06-10 07:10:00-04:00,1.1411505815781187,0.7670543854133912,0.9713926438227072,86,expanded
DPZ,long,314.78,2026-06-11 04:45:00-04:00,0.6448948471948758,2.560518457335265,-0.8389351292966376,85,expanded
DPZ,long,311.99,2026-06-12 08:35:00-04:00,3.9231706144427636,0.0,3.737299272412567,83,expanded
FCX,short,47.11,2025-12-16 10:15:00-05:00,1.0401188707280875,1.1993207386966627,-0.9127573763532152,83,expanded
FCX,long,47.97,2025-12-17 10:05:00-05:00,0.562851782363984,1.2507817385866196,-0.3126954346466512,90,expanded
FCX,short,47.9,2025-12-18 10:25:00-05:00,1.2108559498956122,0.8246346555323657,-0.16701461377870208,77,expanded
FCX,long,48.24,2025-12-19 04:35:00-05:00,2.8938640132669997,0.7462686567164167,2.321724709784406,127,core
FCX,short,49.99,2025-12-22 08:40:00-05:00,0.16003200640129106,1.9203840768153648,-1.6003200640127966,111,expanded
FCX,long,51.61,2025-12-23 09:30:00-05:00,1.3369502034489396,1.201317574113539,1.3369502034489396,115,expanded
FCX,long,51.43,2025-12-24 10:05:00-05:00,1.0869142523818736,0.09721952167994781,0.9138635037915591,55,core
FCX,short,53.36,2025-12-26 08:25:00-05:00,1.349325337331332,0.7589955022488777,-0.07496251874062809,132,core
FCX,long,52.67,2025-12-29 05:25:00-05:00,3.854186443895958,3.3985190810708166,-2.582115056009112,152,expanded
FCX,long,51.53,2025-12-30 10:10:00-05:00,0.8538715311469002,0.7777993401901878,-0.6064428488259267,94,core
FCX,short,51.22,2025-12-31 09:55:00-05:00,1.0933229207340927,0.13666536509176158,0.7223740726278748,83,core
FCX,long,51.97,2026-01-02 10:05:00-05:00,0.41370021166057996,1.866461420050027,0.2501443140273284,90,expanded
FCX,long,53.442,2026-01-05 08:55:00-05:00,1.9797163279817371,0.2844204932450152,1.9795292092361745,123,core
FCX,short,54.83,2026-01-06 07:25:00-05:00,0.36476381542950165,4.176545686667881,-2.58982308954952,139,core
FCX,short,55.02,2026-01-07 07:35:00-05:00,2.126499454743733,1.944747364594693,-1.3267902580879622,127,expanded
FCX,short,55.28,2026-01-08 08:30:00-05:00,3.608900144717808,0.12662807525325667,1.9175108538350256,116,core
FCX,long,54.91,2026-01-09 08:25:00-05:00,3.2780914223274533,0.6191950464396218,3.132398470224014,118,core
FCX,long,59.19,2026-01-13 07:45:00-05:00,1.9260010136847452,1.297516472377092,0.8616320324379204,135,core
FCX,short,60.14,2026-01-14 07:35:00-05:00,1.7043565014965056,3.8576654472896577,-0.5816428333887627,140,core
FCX,long,59.6548,2026-01-15 08:25:00-05:00,1.4084365382165323,1.6005417837290523,0.7462936762842215,117,core
FCX,short,59.37,2026-01-16 07:25:00-05:00,2.812868452080166,1.2447363988546476,1.3306383695469077,135,expanded
FCX,long,58.54,2026-01-20 08:25:00-05:00,3.143149982917669,0.35872907413734345,2.8588998975059794,135,core
FCX,short,61.35,2026-01-21 05:45:00-05:00,2.607986960065202,1.2632436837815788,0.9778321108394427,160,expanded
FCX,short,61.28,2026-01-22 07:25:00-05:00,4.96083550913838,0.8159268929503916,2.986781984334206,144,core
FCX,short,60.31,2026-01-23 13:00:00-05:00,0.24871497264136241,0.9255513181893539,-0.6632399270436056,76,expanded
FCX,short,63.13,2026-01-26 05:10:00-05:00,4.7996198320925085,1.203865040392837,3.0413432599398096,174,expanded
FCX,short,61.39,2026-01-27 07:25:00-05:00,0.6841505131128877,3.4370418634956823,-3.420752565564426,144,expanded
FCX,long,63.91,2026-01-28 05:20:00-05:00,1.189172273509631,2.9572836801752365,-0.6258801439524309,169,expanded
FCX,short,66.64,2026-01-29 05:55:00-05:00,5.297118847539018,4.276710684273701,0.21008403361344624,168,expanded
FCX,long,60.29,2026-01-30 04:40:00-05:00,5.374025543207832,2.6994526455465215,-0.5471885884889734,177,expanded
FCX,long,59.75,2026-02-02 06:15:00-05:00,3.5146443514644377,7.6150627615062705,2.928870292887029,159,expanded
FCX,short,63.37,2026-02-03 07:00:00-05:00,4.118668139498185,2.50907369417705,-2.2723686286886613,142,expanded
FCX,short,65.09,2026-02-04 08:25:00-05:00,6.314333999078209,0.8603472115532375,3.6744507604854815,129,core
FCX,short,59.77,2026-02-05 08:25:00-05:00,6.6421281579387745,1.940772963024923,6.307512129831023,136,core
FCX,long,60.07,2026-02-06 06:30:00-05:00,1.864491426668882,2.913267854170135,1.0654236723822217,141,core
FCX,short,61.28,2026-02-09 08:25:00-05:00,0.21214099216710602,4.716057441253264,-3.4122062663185395,123,expanded
FCX,short,62.78,2026-02-10 10:45:00-05:00,0.3661994265689721,1.1787193373685918,-0.8601465434851849,80,expanded
FCX,long,64.89,2026-02-11 08:25:00-05:00,1.340730466944066,2.8047464940668827,0.9246417013407217,121,core
FCX,short,65.65,2026-02-12 08:25:00-05:00,6.70220868240671,0.9444021325209295,5.331302361005342,117,core
FCX,short,61.58,2026-02-13 07:25:00-05:00,2.3059434881455045,2.874309840857426,-2.224748294900949,124,core
FCX,long,61.0,2026-02-17 08:50:00-05:00,0.9508196721311448,2.950819672131143,0.14754098360656298,99,core
FCX,long,62.95,2026-02-18 09:55:00-05:00,0.3653693407466193,2.2239872915012002,-0.6036536934074702,97,core
FCX,short,62.19,2026-02-19 08:30:00-05:00,3.2963498954815846,0.7557485126226063,-0.49831162566328824,106,core
FCX,short,62.85,2026-02-20 10:00:00-05:00,1.0660302307080376,2.7048528241845595,-2.545743834526653,100,core
FCX,short,64.34,2026-02-23 08:25:00-05:00,0.7149518184644091,2.471246502953067,-2.3015231582219493,124,expanded
FCX,short,65.95,2026-02-24 08:25:00-05:00,1.7285822592873394,4.3821076573161495,-3.411675511751327,126,core
FCX,short,69.47,2026-02-25 08:40:00-05:00,1.9144954656686315,0.4030516769828719,1.2523391391967822,115,expanded
FCX,short,67.89,2026-02-26 09:00:00-05:00,3.049049933716317,1.045809397554859,-0.5302695536897915,105,expanded
FCX,short,68.8203,2026-02-27 08:25:00-05:00,2.841167504355558,0.20299243101234754,0.9013328916032046,119,core
FCX,short,68.26,2026-03-02 08:25:00-05:00,2.7102256079695404,0.5566949897450856,0.39481394667449143,106,core
FCX,short,63.4,2026-03-03 08:30:00-05:00,4.0299684542586744,3.611987381703469,-3.3753943217665734,120,core
FCX,short,66.61,2026-03-04 08:25:00-05:00,1.5080318270529847,1.8585797928238996,0.615523194715503,113,core
FCX,long,63.77,2026-03-05 10:05:00-05:00,0.3293084522502646,3.7635251685745734,-1.5692331817469058,101,expanded
FCX,short,61.47,2026-03-06 08:25:00-05:00,4.506263217829829,0.13014478607450514,3.5789816170489606,123,core
FCX,short,57.09,2026-03-09 07:30:00-04:00,2.7850761954808254,6.762305132247325,-5.097214923804513,144,expanded
FCX,short,60.86,2026-03-10 07:40:00-04:00,0.7886953664147172,3.713440683535981,-2.5049293460400976,123,expanded
FCX,short,61.62,2026-03-11 08:25:00-04:00,3.2456994482310937,0.8688737422914683,1.1035378123985715,110,core
FCX,short,59.94,2026-03-12 09:55:00-04:00,1.735068401735067,0.7007007007007036,1.0677344010677352,93,expanded
FCX,short,58.635,2026-03-13 09:45:00-04:00,4.536539609448276,0.11085529120833092,3.9822631534066697,111,expanded
FCX,long,57.25,2026-03-16 08:25:00-04:00,1.8165938864628806,0.7860262008733674,1.3100436681222707,119,core
FCX,long,58.42,2026-03-17 09:55:00-04:00,0.42793563847997257,1.5234508729887033,-0.6333447449503672,86,expanded
FCX,long,56.17,2026-03-18 10:00:00-04:00,0.9613672779063541,2.0162008189424965,-1.5844756987715873,101,expanded
FCX,short,52.7,2026-03-19 08:25:00-04:00,3.624288425047445,2.9411764705882297,-2.8827324478178324,126,core
FCX,short,53.66,2026-03-20 07:35:00-04:00,4.016026835631744,1.1554230339172653,2.4399925456578333,138,expanded
FCX,short,53.73,2026-03-23 08:25:00-04:00,0.9119672436255256,2.940629071282348,-2.2520007444630576,118,core
FCX,short,54.2862,2026-03-24 08:25:00-04:00,1.2087786582962121,6.4727315597702475,-6.454310671957142,131,core
FCX,long,58.57,2026-03-25 07:30:00-04:00,0.11951511012463767,2.9878777531159297,-2.322007853850093,117,expanded
FCX,short,57.56,2026-03-30 09:25:00-04:00,5.889506601806811,1.02501737317581,5.40305767894371,99,expanded
FCX,long,57.39,2026-03-31 11:20:00-04:00,4.007666840913046,1.5333681826102152,3.1538595574141874,89,expanded
FCX,short,60.05,2026-04-01 07:35:00-04:00,2.114904246461276,3.330557868442964,-2.1482098251457225,125,expanded
FCX,short,60.65,2026-04-02 10:25:00-04:00,0.32151690024732116,3.1162407254740323,-1.0016488046166556,89,expanded
FCX,short,60.79,2026-04-06 09:55:00-04:00,0.6415528869879924,0.7896035532159961,-0.23030103635466453,84,expanded
FCX,long,60.86,2026-04-07 10:30:00-04:00,4.83075911929017,1.478803812027602,4.682878738087417,99,expanded
FCX,short,64.5,2026-04-08 07:00:00-04:00,0.7441860465116341,2.1240310077519453,-0.5426356589147199,137,expanded
FCX,short,65.35,2026-04-09 10:00:00-04:00,1.0710022953328227,2.14231063504209,-1.2241775057383495,84,expanded
FCX,short,66.27,2026-04-10 04:50:00-04:00,0.40742417383430823,3.229213822242343,-2.399275690357633,132,expanded
FCX,short,67.25,2026-04-13 09:55:00-04:00,0.2899628252788003,1.9329368029739686,-1.4124907063197019,90,expanded
FCX,long,68.55,2026-04-14 10:00:00-04:00,0.408460977388769,1.0430342815463216,-0.3209336250911727,86,core
FCX,long,68.56,2026-04-15 09:55:00-04:00,1.3127187864643983,1.0355892648774911,0.27712952158692783,91,expanded
FCX,short,68.98,2026-04-16 10:05:00-04:00,1.826616410553791,0.2754421571469958,0.9857929834734803,84,expanded
FCX,long,68.889,2026-04-17 09:55:00-04:00,2.636124780443906,0.10741918158196238,1.9756419747710148,102,core
FCX,long,70.23,2026-04-20 09:55:00-04:00,1.0465612985903452,0.9824861170439949,0.1429588494945086,91,expanded
FCX,short,70.33,2026-04-21 09:55:00-04:00,4.166074221527076,0.554528650646951,2.8295179866344307,102,core
FCX,long,69.815,2026-04-22 11:00:00-04:00,0.7806345341259067,0.3079567428203157,0.6803695480913966,86,expanded
FCX,short,61.66,2026-04-23 10:00:00-04:00,0.900097307817061,5.741161206616942,-1.0866039571845632,111,expanded
FCX,short,60.26,2026-04-24 09:45:00-04:00,0.5559243279123811,3.6342515765018333,-1.500995685363423,97,expanded
FCX,long,60.59,2026-04-27 10:15:00-04:00,0.9902624195411689,0.5776530780656897,0.165043736590187,91,core
FCX,long,59.44,2026-04-28 08:40:00-04:00,2.3936742934051183,2.641318977119785,-1.8169582772543713,105,expanded
FCX,long,57.44,2026-04-29 09:55:00-04:00,0.4265320334261918,1.6016713091921913,-1.3838788300835627,106,core
FCX,short,58.07,2026-04-30 07:55:00-04:00,1.8081625624246551,0.5338384708110939,0.13776476666092352,123,expanded
FCX,short,57.47,2026-05-01 10:40:00-04:00,1.6008352183748071,0.19140421089263865,1.2180267965895175,86,expanded
FCX,long,56.23,2026-05-04 09:55:00-04:00,1.1737506669037947,1.316023475013329,-0.887604481593453,98,expanded
FCX,short,56.895,2026-05-05 09:55:00-04:00,0.6063801740047561,2.100360312857018,-2.100360312857018,105,expanded
FCX,long,61.36,2026-05-06 07:55:00-04:00,0.39113428943937745,2.200130378096482,-0.8963494132985613,124,expanded
FCX,long,62.1,2026-05-07 07:30:00-04:00,0.7246376811594134,3.1884057971014554,-3.091787439613529,131,expanded
FCX,short,61.88,2026-05-08 09:55:00-04:00,1.9069166127989652,0.04848093083386236,0.3393665158371054,93,core
FCX,short,62.18,2026-05-11 09:05:00-04:00,0.08041170794467217,4.503055644901904,-4.335638468961084,115,expanded
FCX,long,63.3,2026-05-12 11:15:00-04:00,4.849921011058464,0.9004739336492895,4.50236966824646,94,expanded
FCX,long,66.25,2026-05-13 07:30:00-04:00,3.9245283018867836,1.036981132075468,1.5396226415094278,122,expanded
FCX,long,65.99,2026-05-14 09:55:00-04:00,0.45461433550539687,1.5759963630853042,-0.21215335656917805,104,expanded
FCX,long,63.44,2026-05-15 08:00:00-04:00,0.575346784363181,3.247162673392174,-0.47288776796973075,118,expanded
FCX,short,63.36,2026-05-18 09:20:00-04:00,5.760732323232321,0.1578282828282851,4.166666666666668,104,expanded
FCX,long,59.41,2026-05-19 09:55:00-04:00,0.8247769735734758,1.8682040060595797,-1.0435953543174508,99,core
FCX,long,59.15,2026-05-20 09:55:00-04:00,3.2290786136940044,0.5748098055790302,2.62045646661032,93,core
FCX,short,60.87,2026-05-21 09:55:00-04:00,0.22999835715459271,3.6801379990143017,-2.7599802858551006,101,core
FCX,short,61.82,2026-05-22 11:10:00-04:00,0.25881591717891245,1.1808476221287558,-0.29116790682626936,73,expanded
FCX,long,64.54,2026-05-26 09:45:00-04:00,0.6662534862100907,1.2550356368143931,-0.2324140068174863,97,expanded
FCX,long,63.48,2026-05-27 10:50:00-04:00,0.9136735979836254,0.5434782608695634,0.34656584751103653,77,expanded
FCX,long,62.62,2026-05-28 10:05:00-04:00,5.637176620887908,0.22357074417119221,5.3730437559885065,101,expanded
FCX,long,65.45,2026-05-29 08:45:00-04:00,2.0626432391138185,1.4820473644003038,0.07639419404124852,100,core
FCX,short,65.56,2026-06-01 09:20:00-04:00,1.6473459426479535,2.9286150091519243,-1.8151311775472814,99,expanded
FCX,long,70.03,2026-06-02 09:40:00-04:00,2.941596458660577,1.3565614736541523,2.7416821362273334,114,expanded
FCX,long,70.476,2026-06-03 10:45:00-04:00,1.2898007832453686,1.2429763323684726,-1.2429763323684726,96,expanded
FCX,short,70.1,2026-06-04 09:20:00-04:00,1.496148359486448,2.5249643366619265,0.31383737517831506,98,expanded
FCX,long,65.11,2026-06-05 10:30:00-04:00,0.9983105513746056,4.215942251574255,-2.7799109199815732,95,expanded
FCX,short,64.76,2026-06-08 09:25:00-04:00,1.9302038295244086,1.4823965410747277,1.0358245830759725,94,core
FCX,short,65.86,2026-06-09 09:55:00-04:00,6.088672942605524,0.8578803522623712,2.889310658973584,88,core
FCX,long,63.635,2026-06-10 09:35:00-04:00,1.7993242712343884,3.700793588434033,-3.5907912312406642,105,expanded
FCX,long,64.02,2026-06-11 10:05:00-04:00,4.02999062792877,0.7653858169322008,3.8894095595126665,97,expanded
FCX,long,67.7036,2026-06-12 07:40:00-04:00,1.789269699100213,1.7482083670587658,1.1763037711436402,114,expanded
VRTX,short,455.71,2025-12-16 09:25:00-05:00,0.631980865023808,0.732922253187341,0.16457835026661694,83,expanded
VRTX,short,455.03,2025-12-17 09:25:00-05:00,1.6965914335318486,0.22416104432675618,1.037294244335532,82,expanded
VRTX,short,451.075,2025-12-18 09:35:00-05:00,1.2558887103031566,0.205065676439619,0.6839217425040136,78,expanded
VRTX,long,446.94,2025-12-19 09:25:00-05:00,3.0115899225846827,0.3199534613147194,2.004743365999906,87,expanded
VRTX,short,453.65,2025-12-22 09:30:00-05:00,0.1366692383996483,1.6069657224732767,-1.3163231566185494,80,core
VRTX,short,460.44,2025-12-23 09:30:00-05:00,0.7384241160628915,0.2280427417253087,0.06732690469985281,80,expanded
VRTX,long,460.765,2025-12-24 09:35:00-05:00,0.7975866222477861,0.08355669375928963,0.4828925808166903,42,expanded
VRTX,short,462.33,2025-12-26 09:40:00-05:00,0.3179547076763287,0.23385893193174226,-0.12328856011939376,76,core
VRTX,long,457.915,2025-12-29 12:45:00-05:00,0.4771627922212643,0.06879005929047917,0.23694353755609218,41,expanded
VRTX,short,460.0,2025-12-30 08:55:00-05:00,1.4347826086956572,0.0,1.3608695652173894,79,expanded
VRTX,short,453.805,2025-12-31 09:35:00-05:00,0.2567181939379294,0.46605921045383125,0.09805973931534319,77,expanded
VRTX,short,453.36,2026-01-02 08:20:00-05:00,1.0675842597494334,0.5800908770072268,0.18969472383977712,87,expanded
VRTX,short,446.6948,2026-01-05 08:05:00-05:00,0.8002779526423818,1.0040860112989944,-0.47128374899372566,82,expanded
VRTX,short,466.67,2026-01-06 13:40:00-05:00,0.6535667602374293,0.713566331669056,-0.713566331669056,31,expanded
VRTX,short,469.125,2026-01-07 09:30:00-05:00,0.35587529976019777,3.9211297628563777,-2.6719957367439435,83,expanded
VRTX,short,480.29,2026-01-08 08:45:00-05:00,3.125195194569957,1.1243207228965786,2.046680130754344,84,expanded
VRTX,long,473.01,2026-01-09 06:55:00-05:00,0.49047588845901635,2.0337836409378247,-1.8519693029745654,88,core
VRTX,long,463.84,2026-01-12 06:15:00-05:00,0.16169368747844085,2.005001724732657,-1.2590548464987872,84,expanded
VRTX,long,462.0,2026-01-13 08:30:00-05:00,0.09090909090909435,2.1645021645021645,-2.0562770562770565,87,expanded
VRTX,long,448.439,2026-01-14 11:55:00-05:00,0.4216850006355296,0.5416567247719378,0.390465592867698,51,expanded
VRTX,short,449.6,2026-01-15 09:10:00-05:00,2.9681717081850523,0.18683274021351756,2.3754448398576526,85,expanded
VRTX,long,437.17,2026-01-16 08:45:00-05:00,1.9671981151497049,0.0,0.9218381865178242,84,expanded
VRTX,short,436.07,2026-01-20 08:30:00-05:00,1.621299332675945,1.8322746348063406,-1.8322746348063406,85,expanded
VRTX,long,441.14,2026-01-21 07:05:00-05:00,5.441583170875458,0.2788230493720727,4.311556421997561,89,expanded
VRTX,long,471.15,2026-01-22 14:10:00-05:00,0.3035126817361789,1.9802610633556161,-0.8065371962220004,26,expanded
VRTX,long,464.24,2026-01-23 09:25:00-05:00,1.3139755298983211,0.3241857659831112,0.4868171635361,85,core
VRTX,long,465.83,2026-01-26 08:35:00-05:00,2.847605349591062,0.0,2.1831998797844743,81,expanded
VRTX,short,479.65,2026-01-27 09:55:00-05:00,1.90972584175961,1.115396643385807,1.1424997393932996,76,expanded
VRTX,long,473.65,2026-01-28 09:55:00-05:00,1.7924627889792062,0.26601921249867855,0.5805974875963263,81,expanded
VRTX,short,483.475,2026-01-29 10:40:00-05:00,2.187289932261243,0.040333005843113535,2.187289932261243,68,expanded
VRTX,short,474.64,2026-01-30 09:35:00-05:00,1.3989549974717652,0.1938311141075375,0.998651609640993,79,expanded
VRTX,long,468.0,2026-02-02 08:05:00-05:00,1.2264957264957286,1.0277777777777783,0.6431623931623912,85,expanded
VRTX,short,470.82,2026-02-03 06:00:00-05:00,1.974215199014489,1.27649632555966,1.0216218512382655,85,expanded
VRTX,short,467.99,2026-02-04 09:25:00-05:00,0.19017500373939322,2.292784033846881,-0.3675292207098379,82,expanded
VRTX,short,476.0,2026-02-05 09:05:00-05:00,3.8361344537815105,0.42016806722689076,3.136554621848741,89,expanded
VRTX,short,458.68,2026-02-06 09:30:00-05:00,0.0,4.273131595011765,-3.5602162727827644,81,expanded
VRTX,short,474.9465,2026-02-09 08:00:00-05:00,1.4667967865854357,0.7566115341412151,0.8583071988108155,82,expanded
VRTX,short,471.0,2026-02-10 06:40:00-05:00,1.859872611464966,0.7579617834394891,1.6985138004246285,86,expanded
VRTX,long,464.94,2026-02-11 08:55:00-05:00,0.012904890953671932,2.2669591775282876,-0.6323396567299001,83,expanded
VRTX,short,460.98,2026-02-12 07:00:00-05:00,2.1432600112803146,2.0217796867543045,0.3752874311249985,103,expanded
VRTX,short,482.375,2026-02-13 09:55:00-05:00,0.2985229334024354,4.45711324177248,-2.5262295931588503,75,core
VRTX,long,489.94,2026-02-17 06:40:00-05:00,0.8388782299873481,3.365718251214436,-2.641139731395681,90,expanded
VRTX,long,475.64,2026-02-18 09:25:00-05:00,0.43730552518712495,2.1048902531326132,-0.6162433773442011,83,expanded
VRTX,short,467.3,2026-02-19 09:20:00-05:00,0.9201797560453693,1.0571367429916536,-0.6505456879948563,80,expanded
VRTX,short,467.3,2026-02-20 09:25:00-05:00,0.492189171838222,2.5294243526642397,-1.6477637491975152,80,expanded
VRTX,short,476.0,2026-02-23 09:20:00-05:00,0.19327731092437309,2.436974789915971,-1.1596638655462148,81,expanded
VRTX,long,480.01,2026-02-24 09:25:00-05:00,2.3353680131664003,0.21041228307743398,1.6270494364700743,81,expanded
VRTX,long,482.415,2026-02-25 14:50:00-05:00,0.34721142584703096,0.1461397344610016,-0.0694630142097595,18,expanded
VRTX,short,478.67,2026-02-26 09:55:00-05:00,0.8523617523554935,0.5870432657154203,0.7667077527315302,75,core
VRTX,long,477.23,2026-02-27 08:40:00-05:00,4.310290635542609,0.8863650650629714,4.107034344026982,83,expanded
VRTX,long,496.61,2026-03-02 09:30:00-05:00,0.2849318378606882,2.4586697811159732,-1.6158353637663385,78,expanded
VRTX,short,476.08,2026-03-03 14:45:00-05:00,0.5530162997815441,0.08822046714838178,0.5530162997815441,18,expanded
VRTX,long,475.3,2026-03-04 09:30:00-05:00,1.131916684199452,1.025667999158426,0.5259835893120134,81,expanded
VRTX,long,458.19,2026-03-05 14:55:00-05:00,4.299526397346077,0.11567253759356877,0.9138130469892428,22,expanded
VRTX,short,452.58,2026-03-06 14:35:00-05:00,0.008838216447912772,1.0837862919262957,-0.34137611030094483,21,core
VRTX,short,450.95,2026-03-09 04:10:00-04:00,0.2062312894999461,13.09014303137821,-6.987470894777689,118,expanded
VRTX,short,495.21,2026-03-10 10:15:00-04:00,0.3344641667171478,2.5665879121988726,-0.7653318794047012,73,expanded
VRTX,short,497.25,2026-03-11 07:35:00-04:00,1.7023629964806386,0.46857717445952424,1.4580191050779285,85,expanded
VRTX,short,484.095,2026-03-12 13:05:00-04:00,1.328251686135987,0.4906061826707568,1.0338879765335425,36,expanded
VRTX,short,480.44,2026-03-13 08:00:00-04:00,2.364499209058366,1.29460494546666,2.114728165847978,80,expanded
VRTX,short,473.46,2026-03-16 09:55:00-04:00,2.604232670130525,0.5723609175009515,1.2926118362691685,75,core
VRTX,short,464.56,2026-03-17 09:55:00-04:00,0.6597640778370927,0.731875322886167,-0.37411744446357836,75,core
VRTX,long,463.2,2026-03-18 08:40:00-04:00,0.8203799654576882,2.6122625215889395,-2.4611398963730524,85,expanded
VRTX,long,453.82,2026-03-19 09:55:00-04:00,1.2416817240315525,0.8968313428231443,0.7954695694328178,75,expanded
VRTX,long,455.72,2026-03-20 15:20:00-04:00,0.48055823751426263,0.6220925129465541,0.4630035987009472,16,expanded
VRTX,long,454.83,2026-03-23 12:50:00-04:00,0.08574632280193549,0.848668733372899,-0.7904052063408242,38,expanded
VRTX,long,448.5546,2026-03-24 08:15:00-04:00,1.1426479630350495,1.639622021488578,0.5451733189226031,85,expanded
VRTX,long,451.51,2026-03-25 07:15:00-04:00,1.740825230891899,1.8404907975460127,0.8283315984142121,81,expanded
VRTX,long,450.72,2026-03-26 09:30:00-04:00,1.5131345402910883,0.3172701455449074,0.6700390486332938,78,expanded
VRTX,long,454.2685,2026-03-27 09:05:00-04:00,0.0,5.119989609669177,-4.615882457181161,84,expanded
VRTX,short,434.3,2026-03-30 09:35:00-04:00,0.10131245682707753,2.463734745567577,-2.4338015196868508,80,expanded
VRTX,short,446.0,2026-03-31 08:05:00-04:00,0.8778026905829641,0.5269058295964177,-0.2242152466367713,80,core
VRTX,short,446.54,2026-04-01 08:10:00-04:00,0.0,1.6661441304250453,-0.103014287633802,84,expanded
VRTX,long,444.4,2026-04-02 05:15:00-04:00,1.1734923492349307,1.7641764176417587,-1.28037803780378,84,expanded
VRTX,long,438.0,2026-04-06 07:50:00-04:00,0.7123287671232886,1.0388127853881304,-0.844748858447486,84,expanded
VRTX,short,432.0,2026-04-07 08:50:00-04:00,1.5601851851851873,0.8101851851851851,-0.6249999999999973,86,core
VRTX,long,439.15,2026-04-08 05:40:00-04:00,1.1021291130593265,1.5530001138563119,0.7833314357281107,82,expanded
VRTX,long,442.795,2026-04-09 14:25:00-04:00,0.9496493862848461,0.19309161124222682,0.6018586479070368,21,expanded
VRTX,long,441.86,2026-04-10 09:55:00-04:00,0.690263884488302,1.7222649708052356,-1.1700538632145965,76,expanded
VRTX,long,434.17,2026-04-13 09:30:00-04:00,2.5197503282124507,0.11290508326232022,1.3543082202823769,78,expanded
VRTX,short,438.0,2026-04-14 07:55:00-04:00,0.7990867579908676,1.5502283105022878,-1.4337899543378934,84,expanded
VRTX,short,448.68,2026-04-15 09:25:00-04:00,2.5608451457609007,0.0,2.070250512614777,81,expanded
VRTX,long,432.99,2026-04-16 14:45:00-04:00,0.9099517309868583,0.4249520774151901,0.8822374650684757,18,expanded
VRTX,long,438.0,2026-04-17 08:45:00-04:00,1.3479452054794512,0.09589041095890774,1.2100456621004592,84,expanded
VRTX,short,441.59,2026-04-20 07:55:00-04:00,0.8877012613510177,0.5480196562422193,0.13360809800946014,81,expanded
VRTX,long,438.37,2026-04-21 14:40:00-04:00,0.26917900403768663,0.4696945502657632,-0.4060496840568537,16,expanded
VRTX,short,438.005,2026-04-22 09:35:00-04:00,0.5833266743530341,0.6837821486056106,-0.4283969361080329,81,expanded
VRTX,long,437.02,2026-04-23 07:50:00-04:00,1.147544734794756,0.9358839412383815,-0.5812090979817774,88,expanded
VRTX,long,429.96,2026-04-24 11:25:00-04:00,0.6721555493534384,0.11163829193412442,0.07675132570472624,56,expanded
VRTX,long,428.57,2026-04-27 14:10:00-04:00,0.2566675222250794,0.6311687705625648,-0.5763352544508412,25,expanded
VRTX,long,427.02,2026-04-28 07:10:00-04:00,1.1123600768113906,0.07962156339280947,0.7306449346634829,85,expanded
VRTX,short,428.27,2026-04-29 09:15:00-04:00,1.9980853200083981,0.0980689751792131,1.6928573096411141,87,expanded
VRTX,long,422.18,2026-04-30 04:10:00-04:00,2.380501208015541,0.27002700270026675,2.380501208015541,85,expanded
VRTX,long,429.0,2026-05-01 08:35:00-04:00,0.0,1.7400932400932343,-1.7246153846153818,85,expanded
VRTX,short,428.0,2026-05-04 04:35:00-04:00,1.3761682242990623,4.439252336448598,0.6768224299065385,110,expanded
VRTX,short,421.13,2026-05-05 10:40:00-04:00,0.9735711063092212,1.2110274737017126,-0.6102628641987019,69,expanded
VRTX,short,424.7657,2026-05-06 06:15:00-04:00,1.1690444873491361,1.4818286881450224,-0.6272399113205294,89,expanded
VRTX,short,425.13,2026-05-07 09:30:00-04:00,0.36224213769906155,1.0537953096699877,-0.2116999506033395,79,expanded
VRTX,short,430.28,2026-05-08 10:30:00-04:00,1.2317560658175968,0.32304545877104285,0.12085153853304403,67,expanded
VRTX,long,426.61,2026-05-11 05:20:00-04:00,3.643843322941318,0.377393872623711,2.006516490471391,84,expanded
VRTX,short,437.37,2026-05-12 07:35:00-04:00,0.20326039737522233,3.854859729748271,-2.8856345885634602,84,expanded
VRTX,long,446.92,2026-05-13 08:15:00-04:00,1.879531012261697,0.5951848205495446,0.9397655061308485,86,expanded
VRTX,short,448.7259,2026-05-14 08:35:00-04:00,0.30439517754602763,1.7725965895884286,-0.37530706384454315,82,expanded
VRTX,long,450.19,2026-05-15 04:30:00-04:00,0.9573735533885698,3.1831004686909936,-2.7366223150225446,93,expanded
VRTX,short,435.99,2026-05-18 08:50:00-04:00,1.3165439574302182,0.928920388082298,-0.0022936305878554337,83,expanded
VRTX,long,433.99,2026-05-19 09:25:00-04:00,2.380239176017877,0.9055508191432998,0.002304200557614439,83,expanded
VRTX,short,436.67,2026-05-20 09:55:00-04:00,2.067900245036297,0.006870176563531435,1.9831909680078836,76,expanded
VRTX,short,426.18,2026-05-21 09:35:00-04:00,0.025810690318647904,2.013233844854283,-1.854498099394624,78,expanded
VRTX,long,437.38,2026-05-22 09:30:00-04:00,0.3338058438886048,1.0905848461292198,-0.8185102199460387,81,core
VRTX,short,435.02,2026-05-26 09:25:00-04:00,0.28274562089098465,1.6022251850489697,-0.2091857845616351,79,core
VRTX,long,439.28,2026-05-27 09:25:00-04:00,1.3818065926060943,0.8847432161719077,-0.4689491895829416,80,expanded
VRTX,long,445.78,2026-05-28 13:30:00-04:00,0.7873839113464148,0.08748710126070851,0.1615146484813198,32,expanded
VRTX,short,443.0,2026-05-29 09:05:00-04:00,0.6072234762979679,1.580135440180587,-1.024830699774271,83,expanded
VRTX,short,447.38,2026-06-01 05:05:00-04:00,3.1561312530734438,0.0,2.0072421654968973,86,core
VRTX,long,435.02,2026-06-02 07:25:00-04:00,0.0,2.3263298239161427,-2.2826536710955834,84,expanded
VRTX,long,425.61,2026-06-03 07:15:00-04:00,1.4778788092384962,1.3181081271586694,1.4778788092384962,93,expanded
VRTX,short,444.225,2026-06-04 10:15:00-04:00,0.9916146097135526,0.8925657043165006,-0.07633519050030356,74,expanded
VRTX,short,452.81,2026-06-05 13:10:00-04:00,1.9397539806983124,0.07729511274044804,1.6143636403789674,41,expanded
VRTX,long,444.98,2026-06-08 09:25:00-04:00,0.8337228639489426,0.7326171962784823,-0.6696930199110113,80,expanded
VRTX,short,447.28,2026-06-09 09:30:00-04:00,1.4263995707386863,0.4963333929529663,0.6841352173135274,79,core
VRTX,short,445.5122,2026-06-10 07:45:00-04:00,2.62892912921352,0.44618306748950826,2.3595762360716512,83,expanded
VRTX,short,437.51,2026-06-11 09:30:00-04:00,0.5257022696624103,1.8902196521222387,-1.4811090032227878,82,expanded
VRTX,long,443.2,2026-06-12 04:40:00-04:00,1.0153429602888087,0.7175090252707597,0.3858303249097555,86,expanded
S,long,14.865,2025-12-15 14:40:00-05:00,0.3363605785401879,0.9081735620585252,-0.7736293306424501,48,expanded
S,short,14.9,2025-12-16 09:55:00-05:00,1.4765100671140983,0.36912751677852157,0.671140939597313,99,core
S,short,14.855,2025-12-17 10:10:00-05:00,2.7263547627061673,0.33658700774149397,2.411309323460115,101,expanded
S,short,14.605,2025-12-18 10:30:00-05:00,0.7189318726463569,1.3351591920575163,-0.032865457035258276,97,expanded
S,short,14.685,2025-12-19 10:45:00-05:00,0.8512087163772556,0.6469186244467066,-0.5788219271365276,83,expanded
S,long,15.07,2025-12-22 11:35:00-05:00,0.03649635036496096,1.3934970139349756,-0.9064366290643636,67,expanded
S,short,14.75,2025-12-23 09:55:00-05:00,0.8020338983050821,0.40677966101695257,-0.20338983050847023,96,expanded
S,long,14.71,2025-12-24 10:00:00-05:00,1.1556764106050301,0.03399048266485915,0.9517335146158993,53,core
S,long,14.85,2025-12-26 09:55:00-05:00,1.6161616161616175,0.1346801346801318,1.2121212121212102,91,expanded
S,short,14.89,2025-12-29 08:30:00-05:00,0.9402283411685733,1.8132975151108097,-0.6736064472800466,114,core
S,short,15.2,2025-12-30 09:55:00-05:00,0.06578947368420912,0.9539473684210615,0.0,95,core
S,long,15.0306,2025-12-31 16:15:00-05:00,0.0625390869293269,0.536239404947244,-0.07052280015435289,20,expanded
S,long,14.94,2026-01-02 10:10:00-05:00,0.0,2.610441767068265,-1.6064257028112465,102,expanded
S,long,14.59,2026-01-05 08:25:00-05:00,2.741603838245376,0.7539410555174738,1.5764222069910925,104,expanded
S,short,14.914,2026-01-06 10:15:00-05:00,0.16092262303874974,1.9176612578785008,-1.7165079790800606,92,expanded
S,short,15.285,2026-01-07 11:25:00-05:00,0.09813542688911069,2.060843964671243,-1.4079162577690505,75,expanded
S,long,15.265,2026-01-08 10:30:00-05:00,0.8843760235833591,0.8188666885031117,0.6983295119554552,85,expanded
S,long,15.14,2026-01-09 11:15:00-05:00,0.7635402906208639,0.3124174372523111,0.2523117569352694,74,expanded
S,short,15.095,2026-01-12 09:55:00-05:00,0.8784365684001328,0.6293474660483528,0.1656177542232551,92,core
S,short,14.8464,2026-01-13 09:55:00-05:00,2.872076732406504,0.024248302618819995,1.3222060566871365,102,core
S,short,14.56,2026-01-14 08:45:00-05:00,2.8159340659340666,2.506868131868133,2.346153846153844,123,expanded
S,short,14.31,2026-01-15 08:35:00-05:00,2.1663172606568866,0.5590496156533897,1.3277428371768085,123,expanded
S,short,14.18,2026-01-16 08:35:00-05:00,2.39774330042313,0.14104372355429884,1.9746121297602213,126,core
S,long,13.755,2026-01-20 08:30:00-05:00,1.5630679752817147,1.4903671392221014,-0.9814612868048096,116,core
S,short,14.035,2026-01-21 11:00:00-05:00,4.096900605628781,0.0,1.1756323477021797,87,expanded
S,short,13.95,2026-01-22 10:30:00-05:00,0.0,1.9713261648745546,-1.5770609318996462,85,expanded
S,short,14.302,2026-01-23 09:55:00-05:00,0.7124877639490894,0.3705775416025789,0.5985176898335859,89,expanded
S,short,14.282,2026-01-26 09:55:00-05:00,0.43411286934602566,2.2265789105167317,-1.946506091583815,90,expanded
S,short,14.7899,2026-01-27 11:05:00-05:00,0.776881520497087,3.989884989080396,-2.496974286506338,96,core
S,short,15.0746,2026-01-28 08:45:00-05:00,1.8216072068247218,2.091597787005961,1.1582396879519181,119,expanded
S,long,14.025,2026-01-29 10:55:00-05:00,0.8912655971479502,1.1051693404634662,0.8912655971479502,87,expanded
S,short,14.09,2026-01-30 11:10:00-05:00,1.3484740951029064,0.07097232079488848,0.7097232079488974,76,expanded
S,long,13.93,2026-02-02 09:55:00-05:00,4.091888011486003,0.3230437903804733,4.091888011486003,96,core
S,long,13.09,2026-02-03 12:35:00-05:00,1.3750954927425494,1.6806722689075677,1.2161955691367474,73,expanded
S,long,12.89,2026-02-04 09:55:00-05:00,6.2063615205585645,1.5128006206361542,5.665632273079905,92,core
S,short,13.49,2026-02-05 09:55:00-05:00,5.707931801334318,0.7042253521126808,4.151223128243147,108,expanded
S,short,13.1974,2026-02-06 08:25:00-05:00,4.208404685771444,0.8910846075742153,-0.0356130753027089,105,core
S,long,12.94,2026-02-09 09:55:00-05:00,2.3956723338485357,3.979907264296745,1.2364760432766626,98,core
S,short,13.65,2026-02-10 09:55:00-05:00,0.73260073260073,2.8571428571428483,-1.2432234432234348,98,expanded
S,short,13.4,2026-02-11 11:50:00-05:00,0.33582089552238753,1.8656716417910446,-1.4925373134328304,63,expanded
S,short,13.54,2026-02-12 09:55:00-05:00,4.911373707533229,1.6986706056130019,2.215657311669121,92,expanded
S,short,13.72,2026-02-13 10:55:00-05:00,0.8017492711370351,1.8221574344023321,-1.384839650145769,77,expanded
S,short,13.47,2026-02-17 09:55:00-05:00,2.524127691165552,0.7423904974016307,0.965107646622129,91,core
S,short,13.32,2026-02-18 09:55:00-05:00,0.12012012012012022,1.9519519519519504,-0.7049549549549523,85,core
S,short,13.44,2026-02-19 10:20:00-05:00,0.33482142857142805,1.5625000000000062,-0.5208333333333355,77,expanded
S,short,13.6,2026-02-20 05:20:00-05:00,5.882352941176463,2.941176470588238,4.554411764705875,124,core
S,long,12.395,2026-02-23 10:10:00-05:00,1.3723275514320268,1.2908430818878591,-0.04033884630898754,92,expanded
S,long,12.93,2026-02-24 10:25:00-05:00,0.850734725444698,1.9334880123743232,-1.1778808971384402,80,expanded
S,short,12.81,2026-02-25 09:55:00-05:00,0.8587041373926715,1.522248243559721,-0.666666666666666,93,core
S,short,13.455,2026-02-26 10:40:00-05:00,3.3444816053511657,0.8547008547008563,0.5574136008918565,91,expanded
S,long,12.865,2026-02-27 10:05:00-05:00,2.603964244073059,0.19432568985620174,2.603964244073059,80,expanded
S,short,12.89,2026-03-02 04:15:00-05:00,1.7067494181536123,3.25833979829325,-0.9309542280837798,118,expanded
S,long,13.095,2026-03-03 11:20:00-05:00,3.589156166475745,0.07636502481863143,0.8781977854142818,71,expanded
S,long,13.33,2026-03-04 09:55:00-05:00,1.725431357839463,1.1627906976744138,1.2003000750187558,78,expanded
S,short,13.52,2026-03-05 06:45:00-05:00,1.2573964497041414,4.807692307692311,-3.1279585798816587,103,expanded
S,short,14.09,2026-03-06 10:25:00-05:00,2.2001419446415933,1.277501774308018,-0.5954577714691262,84,expanded
S,long,14.18,2026-03-09 09:55:00-04:00,1.7983074753173538,0.7757404795486561,0.5169252468265141,95,expanded
S,long,13.87,2026-03-10 10:10:00-04:00,3.316510454217742,0.46863734679163305,2.523431867339592,86,expanded
S,short,14.33,2026-03-11 10:00:00-04:00,2.2679692951849217,0.24424284717376232,2.163293789253318,98,core
S,short,14.285,2026-03-12 10:05:00-04:00,11.585579278963944,0.31501575078753885,8.223311165558275,118,expanded
S,short,14.375,2026-03-16 10:35:00-04:00,1.217391304347831,2.4000000000000044,0.6706086956521681,76,expanded
S,short,14.555,2026-03-17 10:15:00-04:00,2.095499828237717,0.5152868430092825,0.6526966678117407,81,expanded
S,short,14.435,2026-03-18 11:00:00-04:00,0.8659508139937652,1.5587114651887748,0.8659508139937652,83,expanded
S,short,14.445,2026-03-19 10:05:00-04:00,1.0730356524749125,1.419176185531326,-1.419176185531326,80,expanded
S,short,14.425,2026-03-20 12:30:00-04:00,2.253032928942815,0.24263431542461103,1.3518197573656865,53,expanded
S,long,14.4,2026-03-23 09:55:00-04:00,0.5208333333333284,1.805555555555554,0.22083333333333677,84,expanded
S,long,13.125,2026-03-24 13:30:00-04:00,2.3999999999999964,0.8380952380952338,0.5653333333333286,66,expanded
S,short,13.29,2026-03-25 11:20:00-04:00,0.5643340857787758,1.5801354401805936,-1.0534236267870623,72,expanded
S,short,13.5975,2026-03-26 10:25:00-04:00,2.187166758595328,0.4228718514432742,1.0847582276153769,82,expanded
S,long,12.385,2026-03-27 10:20:00-04:00,2.2664513524424668,0.04037141703672996,1.3322567622123611,85,expanded
S,short,12.9,2026-03-30 10:25:00-04:00,2.817829457364342,1.937984496124031,2.531007751937993,80,expanded
S,long,12.825,2026-03-31 10:00:00-04:00,2.1442495126705685,0.8187134502923872,0.7407407407407458,85,expanded
S,short,12.87,2026-04-01 09:55:00-04:00,0.038850038850031125,3.6519036519036567,-3.6519036519036567,88,expanded
S,short,13.055,2026-04-02 09:55:00-04:00,0.2680965147453094,3.2554576790501777,-2.1087705859823798,92,core
S,long,13.4,2026-04-06 10:35:00-04:00,1.4179104477611904,1.3432835820895501,1.345522388059694,73,expanded
S,short,13.57,2026-04-07 09:55:00-04:00,2.8739867354458406,1.4591009579955814,-1.031687546057484,98,expanded
S,long,13.765,2026-04-08 10:35:00-04:00,0.8165637486378435,3.1601888848528916,-2.620414093715956,78,expanded
S,short,12.8,2026-04-09 09:55:00-04:00,1.6406250000000067,1.2890624999999933,0.23437500000000888,93,core
S,short,12.454,2026-04-10 09:50:00-04:00,5.171029388148387,0.08832503613296316,3.64541512766983,103,core
S,short,11.8046,2026-04-13 07:25:00-04:00,0.007624146519165877,8.432306050183827,-8.432306050183827,119,core
S,short,12.78,2026-04-14 10:00:00-04:00,1.1737089201877824,1.3693270735524314,0.28482003129889405,95,core
S,short,13.055,2026-04-15 09:55:00-04:00,1.0723860589812375,1.9532746074301093,-1.1106855610877027,91,core
S,short,13.56,2026-04-16 09:55:00-04:00,0.29498525073746995,2.949852507374634,-2.654867256637164,90,core
S,long,14.24,2026-04-17 09:55:00-04:00,0.06530898876404242,2.5280898876404456,-1.5442415730337138,84,expanded
S,short,14.245,2026-04-20 10:25:00-04:00,0.5265005265005216,1.9305019305019333,0.03510003510002812,81,expanded
S,short,14.92,2026-04-21 10:35:00-04:00,4.155495978552273,0.2345844504021457,1.8766756032171539,87,expanded
S,short,14.365,2026-04-22 12:55:00-04:00,0.41768186564567,2.018795683954049,-1.1068569439610088,60,expanded
S,short,13.835,2026-04-23 14:55:00-04:00,0.1807011203469487,1.1926273942898384,-1.1926273942898384,26,expanded
S,short,13.98,2026-04-24 09:55:00-04:00,0.9298998569384891,3.5765379113018594,-2.1387696709585082,85,core
S,short,14.42,2026-04-27 10:10:00-04:00,0.27739251040221324,2.739251040221911,-1.2482662968099842,81,expanded
S,short,14.82,2026-04-28 09:55:00-04:00,2.834008097165991,0.16869095816464477,1.2820512820512786,78,core
S,long,14.66,2026-04-29 04:05:00-04:00,1.1596180081855385,2.114597544338339,0.20941336971350277,118,core
S,long,14.155,2026-04-30 10:40:00-04:00,1.8721299894030419,0.5651713175556345,0.16248675379725513,86,expanded
S,short,14.72,2026-05-01 09:55:00-04:00,1.5964673913043559,1.5285326086956497,-0.9510869565217308,86,core
S,short,15.095,2026-05-04 10:10:00-04:00,0.1656177542232551,3.4779728386882978,-3.345478635309698,91,expanded
S,long,15.86,2026-05-05 16:00:00-04:00,0.6305170239596559,1.6393442622950807,-0.33417402269860685,25,expanded
S,long,15.66,2026-05-06 09:05:00-04:00,0.6385696040868432,3.9591315453384484,-1.72413793103448,104,expanded
S,long,15.975,2026-05-07 11:00:00-04:00,0.500782472613459,2.5978090766823105,-1.5962441314553928,83,expanded
S,short,15.78,2026-05-08 10:40:00-04:00,0.12674271229404038,5.228136882129284,-4.562737642585556,91,expanded
S,long,15.86,2026-05-11 12:05:00-04:00,3.026481715006308,1.4186633039092034,2.206809583858773,65,expanded
S,long,16.09,2026-05-12 08:35:00-04:00,1.9888129272840294,2.459912989434428,-2.361715351149776,102,expanded
S,short,15.6196,2026-05-13 09:55:00-04:00,0.34956080821532337,3.715844195754047,-3.3957335655202336,87,expanded
S,long,16.09,2026-05-14 10:05:00-04:00,3.3250466128029843,0.6215040397762563,2.113113735239278,78,expanded
S,short,16.56,2026-05-15 10:25:00-04:00,0.27173913043477144,4.921497584541071,-0.8454106280193272,81,expanded
S,short,17.48,2026-05-18 10:50:00-04:00,1.3157894736842128,1.2013729977116754,-0.40045766590389176,83,expanded
S,long,17.63,2026-05-19 09:35:00-04:00,2.7793533749291095,1.3045944412932526,0.0,94,expanded
S,short,17.58,2026-05-20 09:55:00-04:00,0.6820250284413975,2.5597269624573546,-2.275312855517646,88,core
S,short,18.01,2026-05-21 10:00:00-04:00,0.6385341476957356,1.582454192115492,-0.4997223764575228,89,core
S,long,18.365,2026-05-22 09:55:00-04:00,2.4230873945004103,0.9256738361012696,1.5518649605227344,93,core
S,short,18.475,2026-05-26 09:50:00-04:00,3.8159675236806594,1.7320703653585943,1.9215155615696908,103,core
S,short,17.6056,2026-05-27 07:20:00-04:00,0.8270095878583983,3.6033989185259205,-2.3537965192893204,129,expanded
S,long,17.885,2026-05-28 11:40:00-04:00,2.3203802068772665,19.65222253284876,-16.96952753704222,99,expanded
S,short,15.95,2026-05-29 11:25:00-04:00,0.3134796238244448,7.868338557993725,-3.824451410658304,91,expanded
S,short,16.94,2026-06-01 08:45:00-04:00,0.7674144037780553,7.4380165289256075,-3.0696576151121575,123,core
S,short,17.11,2026-06-02 09:55:00-04:00,0.58445353594388,4.032729398012866,-0.5260081823495024,104,core
S,short,17.14,2026-06-03 09:30:00-04:00,7.234539089848309,0.2917152858809843,7.211785297549595,115,expanded
S,long,16.22,2026-06-04 09:15:00-04:00,3.88409371146734,1.8495684340320526,1.7262638717632623,102,expanded
S,short,16.15,2026-06-05 09:55:00-04:00,3.1535603715170146,0.6811145510836099,2.1671826625386865,97,core
S,long,15.715,2026-06-08 10:00:00-04:00,0.8590518612790313,0.6681514476614726,0.032453070314989174,87,expanded
S,short,15.0607,2026-06-09 13:25:00-04:00,0.10424482261781134,1.9872914273572861,-0.6593319035635761,45,expanded
S,long,15.355,2026-06-10 09:55:00-04:00,0.0,4.313904265711494,-4.200586128296969,92,core
S,long,14.57,2026-06-11 09:55:00-04:00,1.6472203157172287,1.8188057652711087,1.578586135895679,95,expanded
S,long,14.72,2026-06-12 10:05:00-04:00,1.7323369565217321,0.6114130434782599,0.9096467391304266,87,expanded
CSCO,long,78.425,2025-12-15 15:20:00-05:00,0.7331845712464174,0.9715014344915488,-0.1593879502709595,25,expanded
CSCO,long,77.575,2025-12-16 15:25:00-05:00,0.4189494038027751,0.6123106670963693,-0.2384788913954267,27,expanded
CSCO,short,77.3,2025-12-17 09:55:00-05:00,1.9275549805950773,0.24579560155239033,1.6558861578266508,98,core
CSCO,long,77.04,2025-12-18 09:55:00-05:00,0.9974039460020765,0.772326064382156,-0.5062305295950162,88,core
CSCO,short,78.81,2025-12-19 14:15:00-05:00,0.9643446263164638,0.4567948229920054,0.2918411369115645,32,expanded
CSCO,long,78.75,2025-12-22 04:30:00-05:00,0.5015873015872965,1.0095238095238117,-0.6603174603174553,109,expanded
CSCO,short,78.02,2025-12-24 13:55:00-05:00,0.2307100743399034,0.192258395283268,0.17944116893104406,1,expanded
CSCO,short,77.68,2025-12-26 08:00:00-05:00,0.0,0.8238928939237724,-0.4119464469618862,92,expanded
CSCO,short,77.73,2025-12-29 10:05:00-05:00,0.27016595908916496,0.4374115528109986,-0.15438054805093315,85,expanded
CSCO,short,77.44,2025-12-30 09:55:00-05:00,0.4261363636363614,0.19369834710744538,0.4261363636363614,82,core
CSCO,long,77.23,2025-12-31 08:00:00-05:00,0.7639518321895497,0.45319176485822676,-0.026285122361784253,88,expanded
CSCO,long,76.29,2026-01-02 10:05:00-05:00,0.42613710840213914,0.8978896316686358,-0.5636387468868879,80,expanded
CSCO,long,76.08,2026-01-05 04:35:00-05:00,0.913249211356468,1.150105152471083,-0.7229232386961056,115,expanded
CSCO,short,75.17,2026-01-06 11:00:00-05:00,0.4789144605560722,0.7383264600239359,-0.1463349740587993,69,expanded
CSCO,long,75.2,2026-01-07 04:55:00-05:00,0.5319148936170099,1.3364361702127787,-0.6781914893617089,128,expanded
CSCO,short,73.99,2026-01-08 09:55:00-05:00,0.5946749560751422,0.425733207190177,0.013515339910786465,82,expanded
CSCO,long,73.83,2026-01-09 05:40:00-05:00,0.6746579981037627,0.8804009210347982,0.1625355546525864,117,expanded
CSCO,long,73.31,2026-01-12 04:15:00-05:00,1.009412085663613,0.6956758968762857,0.8730050470604291,120,expanded
CSCO,short,74.95,2026-01-13 10:30:00-05:00,0.5603735823882611,0.8256170780520254,-0.49099399599732485,81,expanded
CSCO,long,74.73,2026-01-14 10:25:00-05:00,0.11374280744010938,1.2177171149471575,-0.26763013515322204,89,expanded
CSCO,short,75.485,2026-01-15 10:10:00-05:00,0.5630257667086138,0.7484930780949828,0.29807246472808413,79,expanded
CSCO,short,75.3,2026-01-16 05:40:00-05:00,0.9296148738379852,0.9163346613545786,0.14608233731739634,102,expanded
CSCO,long,74.66,2026-01-20 04:20:00-05:00,0.2812751138494615,1.94213769086526,-1.540316099651743,123,expanded
CSCO,long,74.1,2026-01-21 10:05:00-05:00,0.35087719298246306,1.4777327935222657,-0.5128205128205068,83,expanded
CSCO,long,74.08,2026-01-22 05:05:00-05:00,0.94492440604752,0.7019438444924353,0.566954643628512,122,expanded
CSCO,long,74.18,2026-01-23 09:55:00-05:00,1.1997843084389137,0.09436505796711699,0.07737934753301026,84,expanded
CSCO,short,74.28,2026-01-26 04:40:00-05:00,0.01346257404416413,4.220516962843302,-3.9983844911146997,140,expanded
CSCO,short,78.075,2026-01-27 11:10:00-05:00,0.012808197246244143,1.069484470060831,-0.8645533141210338,74,expanded
CSCO,short,78.41,2026-01-28 09:55:00-05:00,0.5037622752199924,0.8034689452876033,-0.1916847340900414,99,core
CSCO,short,79.05,2026-01-29 09:55:00-05:00,1.8026565464895599,0.06325110689436705,1.5180265654648992,94,expanded
CSCO,short,78.105,2026-01-30 09:55:00-05:00,0.4929261891044172,0.8834261570962136,0.23686063632290155,82,core
CSCO,long,77.84,2026-02-02 04:15:00-05:00,4.283144912641319,0.28263103802672,4.188078108941406,132,core
CSCO,short,82.19,2026-02-03 09:55:00-05:00,0.8881859106947366,1.7277041002555078,-1.5787808735855977,105,expanded
CSCO,short,83.92,2026-02-04 09:55:00-05:00,3.479504289799811,0.09532888465204754,2.859866539561494,104,expanded
CSCO,long,82.06,2026-02-05 09:55:00-05:00,1.5171825493541367,0.6093102607847916,0.32171581769436486,108,expanded
CSCO,short,83.81,2026-02-06 07:00:00-05:00,1.598854551962777,1.4198782961460419,-1.153203674979115,133,expanded
CSCO,short,85.575,2026-02-09 10:00:00-05:00,0.08764241893076581,1.9515045281916468,-1.5007887817703789,88,expanded
CSCO,long,86.955,2026-02-10 14:10:00-05:00,0.3680064401127105,0.9487666034155631,-0.5244091771606039,58,expanded
CSCO,short,86.36,2026-02-11 08:25:00-05:00,9.668828161185727,1.3084761463640522,8.464566929133861,138,core
CSCO,long,79.35,2026-02-12 07:55:00-05:00,1.6833018273471996,6.635160680529302,-5.860113421550084,140,expanded
CSCO,short,74.7,2026-02-13 07:25:00-05:00,1.7135207496653295,3.480589022757689,-2.6639892904953077,126,expanded
CSCO,short,77.105,2026-02-17 10:15:00-05:00,0.7587056611114816,0.5965890668568753,0.46041112768303477,88,expanded
CSCO,short,77.01,2026-02-18 09:55:00-05:00,0.07791195948578401,2.0646669263731843,-0.9381898454746092,87,expanded
CSCO,short,78.42,2026-02-19 10:25:00-05:00,0.4845702626880839,0.9372609028309097,-0.13976026523846002,78,expanded
CSCO,short,78.59,2026-02-20 09:55:00-05:00,0.5471434024685161,0.9415956228527737,-0.8143529711159188,94,expanded
CSCO,short,79.02,2026-02-23 09:55:00-05:00,2.6322450012655003,0.11389521640091549,1.3540875727663797,85,expanded
CSCO,long,77.91,2026-02-24 05:35:00-05:00,1.0268258246694868,0.5647542035682168,-0.07701193685021471,110,core
CSCO,short,78.75,2026-02-25 09:55:00-05:00,0.5650793650793564,0.9396825396825332,-0.5714285714285751,104,expanded
CSCO,long,78.7199,2026-02-26 09:50:00-05:00,0.1881354015947676,1.2701997842985024,-1.0656771667646876,84,core
CSCO,short,77.22,2026-02-27 09:55:00-05:00,0.025900025900020746,2.991452991452994,-1.8907018907019009,93,expanded
CSCO,long,78.595,2026-03-02 09:55:00-05:00,1.1705579235320336,1.1514727399961844,0.5789172339207307,81,expanded
CSCO,short,78.38,2026-03-03 04:55:00-05:00,1.0334268946159764,1.3523858127073263,-0.6634345496300207,120,expanded
CSCO,short,79.28,2026-03-04 09:55:00-05:00,0.14505549949545268,2.156912209888993,-2.156912209888993,89,expanded
CSCO,short,80.635,2026-03-05 09:55:00-05:00,1.9656476716066322,0.6572828176350234,0.4154523469957313,82,expanded
CSCO,short,78.82,2026-03-06 09:55:00-05:00,0.596295356508499,0.7992895204263001,0.4567368688150209,84,expanded
CSCO,long,77.1,2026-03-09 09:25:00-04:00,0.5966277561608404,2.4634241245136144,-1.6083009079117965,103,expanded
CSCO,short,77.96,2026-03-10 10:05:00-04:00,0.8133658286300532,1.346844535659327,0.33350436121086574,80,expanded
CSCO,long,77.61,2026-03-11 04:55:00-04:00,1.1403169694627047,0.7859811879912375,-0.7859811879912375,114,expanded
CSCO,short,77.16,2026-03-12 10:00:00-04:00,0.23328149300154566,1.2571280456194907,-0.07309486780714937,78,expanded
CSCO,short,77.71,2026-03-13 05:45:00-04:00,0.48899755501221914,1.9945952901814588,-0.6948912623858015,107,expanded
CSCO,short,78.55,2026-03-16 04:15:00-04:00,0.45830681094843984,0.789306174411209,-0.44557606619988355,110,expanded
CSCO,short,79.39,2026-03-17 10:10:00-04:00,0.4345635470462261,0.8313389595666918,0.11336440357728103,75,expanded
CSCO,short,79.8,2026-03-18 05:50:00-04:00,3.5087719298245577,0.29273182957394717,2.6691729323308215,113,expanded
CSCO,long,77.94,2026-03-19 09:55:00-04:00,1.206055940467023,0.18604054400820635,0.8596356171413931,88,expanded
CSCO,short,78.035,2026-03-20 10:10:00-04:00,1.6979560453642635,2.5181008521817176,-0.23707310822067315,92,core
CSCO,long,79.25,2026-03-23 08:25:00-04:00,0.6940063091482613,1.0473186119873796,0.31545741324921134,100,core
CSCO,short,80.375,2026-03-24 14:25:00-04:00,0.018662519440125126,2.6438569206842923,-1.4411197511664038,46,expanded
CSCO,short,81.01,2026-03-25 09:30:00-04:00,0.14812986051105362,2.0614738921120868,-0.6172077521293667,86,expanded
CSCO,short,82.635,2026-03-26 10:10:00-04:00,0.8652508017184042,0.4901070974768574,0.4659042778483755,80,expanded
CSCO,short,80.33,2026-03-27 09:55:00-04:00,1.1577243869040117,0.3859081289680098,0.9958919457238855,90,core
CSCO,long,78.365,2026-03-30 11:15:00-04:00,0.3381611688891732,2.2650417916161443,-1.550437057359777,79,expanded
CSCO,long,76.94,2026-03-31 11:20:00-04:00,1.364699766051465,0.8188198596308753,0.9097998440343162,70,expanded
CSCO,short,78.33,2026-04-01 09:55:00-04:00,0.714924039320825,1.0085535554704534,0.6000255330014028,88,expanded
CSCO,short,78.695,2026-04-02 15:05:00-04:00,0.20967024588600552,0.6417180252875146,-0.6417180252875146,28,expanded
CSCO,long,79.685,2026-04-06 12:00:00-04:00,0.9976783585367405,0.35138357281797217,0.5208006525694824,60,expanded
CSCO,long,79.85,2026-04-07 10:00:00-04:00,3.9448966812774025,0.5385097056981748,2.867877269881035,98,core
CSCO,long,82.07,2026-04-08 09:55:00-04:00,2.107956622395521,0.34117217009868034,1.9861094187888506,84,expanded
CSCO,short,83.99,2026-04-09 10:05:00-04:00,2.1907369924990943,0.11906179307061379,1.0239314204071908,81,expanded
CSCO,long,83.23,2026-04-10 04:05:00-04:00,1.597981497056348,1.93439865433137,-0.9732067764027421,100,expanded
CSCO,long,81.9,2026-04-13 10:00:00-04:00,0.708180708180706,0.7936507936508006,0.2564102564102488,82,expanded
CSCO,short,81.59,2026-04-14 09:55:00-04:00,0.1470768476529042,1.7158965559504735,-1.2501532050496336,85,core
CSCO,short,81.28,2026-04-15 09:55:00-04:00,0.4982775590551195,1.6978346456692854,-1.2549212598425148,92,core
CSCO,short,82.79,2026-04-16 10:25:00-04:00,0.10870878125377872,3.0196883681604056,-2.717719531344365,92,expanded
CSCO,short,85.27,2026-04-17 09:25:00-04:00,0.7857394159727943,1.3955670223994345,-1.219655212853297,95,core
CSCO,long,86.96,2026-04-20 09:55:00-04:00,1.5984360625574983,0.2183762649493956,1.0004599816007411,88,expanded
CSCO,long,88.095,2026-04-21 10:05:00-04:00,2.151086894829441,0.022702764061519973,1.9808161643680169,91,expanded
CSCO,short,89.76,2026-04-22 09:55:00-04:00,0.7241532976827157,0.7687165775401044,0.2785204991087344,92,expanded
CSCO,short,89.57,2026-04-23 09:50:00-04:00,1.719325667076021,0.48007145249526273,1.3174053812660407,100,expanded
CSCO,long,88.07,2026-04-24 09:55:00-04:00,1.8848643124787223,0.124900647212444,1.1452253888951986,79,expanded
CSCO,long,88.8,2026-04-27 10:00:00-04:00,0.48423423423424194,1.3063063063063025,-0.5123873873873854,79,expanded
CSCO,short,86.87,2026-04-28 11:45:00-04:00,1.260504201680671,0.16116035455278066,0.633129964314506,67,expanded
CSCO,short,87.66,2026-04-29 10:25:00-04:00,0.13689253935659404,2.5439196897102487,-1.6997490303445235,108,expanded
CSCO,short,89.51,2026-04-30 09:25:00-04:00,0.21226678583399836,2.992179644732424,-2.6713216400402127,106,core
CSCO,short,92.32,2026-05-01 10:40:00-04:00,0.964038128249552,0.4061958405545928,0.6282495667244349,80,expanded
CSCO,long,92.72,2026-05-04 09:55:00-04:00,0.40983606557376556,0.4637618636755744,0.032355478861088374,93,expanded
CSCO,short,94.13,2026-05-05 09:55:00-04:00,2.262828003824493,0.6214809306278636,1.5297992138531793,114,core
CSCO,long,91.555,2026-05-06 12:05:00-04:00,0.42051226038991957,0.5242750259406956,0.26322975260772175,77,expanded
CSCO,short,92.61,2026-05-07 09:55:00-04:00,1.0797969981643452,0.0,0.24781341107871893,97,expanded
CSCO,short,92.6,2026-05-08 09:10:00-04:00,0.0,4.773218142548599,-4.468358531317505,117,expanded
CSCO,long,96.67,2026-05-11 09:50:00-04:00,2.8447294920864796,0.2275783593669172,2.7930071376849104,113,core
CSCO,short,99.64,2026-05-12 07:25:00-04:00,1.8767563227619477,0.3010839020473677,0.11039743075070196,149,expanded
CSCO,long,99.03,2026-05-13 08:25:00-04:00,23.649399171968092,0.451984247197813,23.1949914167424,138,expanded
CSCO,long,117.38,2026-05-14 07:25:00-04:00,1.6868291020616835,13.213494632816486,-1.9424092690407235,150,expanded
CSCO,long,112.75,2026-05-15 05:40:00-04:00,5.3924611973392444,0.8425720620842597,4.655698447893575,164,core
CSCO,short,117.69,2026-05-18 08:05:00-04:00,1.4104851729118844,1.444472767439887,-1.0281247344719244,136,expanded
CSCO,short,117.63,2026-05-19 07:25:00-04:00,2.414350080761701,0.7396072430502462,1.844767491286238,136,core
CSCO,short,115.695,2026-05-20 10:10:00-04:00,1.8540127058213371,0.7476554734431126,1.6292838929945037,105,expanded
CSCO,short,115.48,2026-05-21 10:15:00-04:00,0.1255628680291048,2.710426047800481,-2.675788015240725,98,expanded
CSCO,long,119.45,2026-05-22 09:55:00-04:00,1.1301799916282915,0.4185851820845542,0.5776475512766829,98,core
CSCO,short,121.1,2026-05-26 08:50:00-04:00,3.3071841453344306,0.0330305532617723,2.4360033030553168,115,expanded
CSCO,short,119.98,2026-05-27 10:45:00-04:00,1.0085014169028237,0.25970995165860855,0.15002500416736692,91,expanded
CSCO,short,118.77,2026-05-28 09:55:00-04:00,0.6819904016165718,0.6062136903258389,-0.10945524964217368,102,expanded
CSCO,long,118.4299,2026-05-29 09:55:00-04:00,2.5332285174605427,0.8437058546870358,1.6972909712834292,108,core
CSCO,short,118.58,2026-06-01 10:00:00-04:00,0.09276437847866371,2.9600269860010164,-2.884128858154834,112,expanded
CSCO,long,120.7798,2026-06-02 08:25:00-04:00,6.595639337041471,0.09918877163234076,6.211386341093473,137,expanded
CSCO,long,126.922,2026-06-03 07:00:00-04:00,2.1887458439041234,1.5812861442460653,1.9129859283654504,155,expanded
CSCO,short,128.2652,2026-06-04 07:25:00-04:00,3.213030502427773,1.7189385741417047,-1.30503051490194,144,core
CSCO,long,125.23,2026-06-05 10:25:00-04:00,0.5988980276291623,3.3777050227581253,-3.3320290665176127,109,expanded
CSCO,short,123.305,2026-06-08 09:55:00-04:00,0.16625440979685535,2.5384209886054867,-0.609058837841118,96,core
CSCO,long,123.13,2026-06-09 10:00:00-04:00,0.0,4.8972630553074,-2.468935271664088,99,expanded
CSCO,short,119.425,2026-06-10 09:55:00-04:00,1.1932175005233385,1.2769520619635801,0.4897634498639234,103,core
CSCO,long,118.9643,2026-06-11 09:55:00-04:00,3.0140975065628957,1.390585242799724,2.7955445457166666,97,expanded
CSCO,long,122.255,2026-06-12 10:10:00-04:00,0.43760991370496977,1.2473927446730126,-1.0510817553474268,85,expanded
DE,long,486.1,2025-12-16 13:45:00-05:00,0.27566344373585167,0.3822258794486739,-0.1234313927175525,28,expanded
DE,short,486.99,2025-12-17 08:00:00-05:00,1.50003080145383,0.704326577547795,1.1253619170824927,86,expanded
DE,long,481.15,2025-12-18 08:55:00-05:00,1.2428556583186154,2.364127610932142,-1.226228826769194,80,core
DE,long,474.0,2025-12-19 09:00:00-05:00,0.5274261603375527,1.0717299578059039,-0.7067510548523255,85,expanded
DE,long,469.105,2025-12-22 13:30:00-05:00,0.1745451444772514,0.31016510162970784,-0.02451476748276166,35,expanded
DE,long,470.39,2025-12-23 09:30:00-05:00,0.1679457471459896,1.058695975679747,-0.8801207508662996,81,expanded
DE,long,466.79,2025-12-24 09:25:00-05:00,0.3438377000364107,0.5120075408642094,0.1392489127873299,46,expanded
DE,long,467.73,2025-12-26 09:30:00-05:00,0.37842344942594697,0.3420776943963446,0.37842344942594697,80,expanded
DE,short,467.01,2025-12-29 08:50:00-05:00,0.26230701698035713,1.0149675595811674,-0.6145478683539977,82,expanded
DE,long,469.88,2025-12-30 09:30:00-05:00,0.7065633778837135,0.3207414659061846,0.004256405890861881,80,expanded
DE,short,468.01,2025-12-31 09:35:00-05:00,0.6324651182666994,0.4743488387000336,0.6324651182666994,78,expanded
DE,short,467.0,2026-01-02 08:05:00-05:00,1.7301927194860778,0.7441113490364074,0.18053533190578003,82,expanded
DE,long,461.57,2026-01-05 10:00:00-05:00,1.368156509305197,0.5091318759884668,0.8102779643391055,75,expanded
DE,short,465.1,2026-01-06 09:30:00-05:00,0.1698559449580779,4.923672328531493,-4.278649752741341,84,expanded
DE,short,487.14,2026-01-07 09:30:00-05:00,2.902635792585296,0.40234840087039386,2.902635792585296,81,expanded
DE,short,475.02,2026-01-08 08:35:00-05:00,0.4841901393625436,6.075533661740561,-5.553450381036587,85,expanded
DE,long,502.02,2026-01-09 07:50:00-05:00,0.30476873431337986,3.4181905103382273,-2.7528783713796248,86,expanded
DE,long,488.0,2026-01-12 08:15:00-05:00,1.8483606557377013,0.7520491803278722,0.5614754098360675,83,expanded
DE,short,497.43,2026-01-13 14:25:00-05:00,0.14675431719036208,0.43423195223447886,-0.38598395754176784,22,expanded
DE,long,499.0,2026-01-14 09:05:00-05:00,3.4248496993988042,0.0,2.4153106212424804,81,expanded
DE,long,511.37,2026-01-15 08:00:00-05:00,1.5272698828636693,0.6296810528580142,0.7176799577605176,86,core
DE,long,515.25,2026-01-16 08:20:00-05:00,0.3027656477438031,1.0189228529839884,-0.16496846191169778,82,expanded
DE,short,508.82,2026-01-20 04:05:00-05:00,0.3400023583978653,1.7102315160567694,0.02751464172005549,102,expanded
DE,long,511.48,2026-01-21 09:20:00-05:00,3.9239070931414592,1.0867482599515206,3.914131539845152,85,expanded
DE,long,531.36,2026-01-22 04:25:00-05:00,0.23524540800963564,1.9497139415838627,-1.5827311050888229,91,expanded
DE,long,512.96,2026-01-23 10:15:00-05:00,0.4054897067997363,1.274933718028705,0.3314098565190135,76,expanded
DE,short,514.46,2026-01-26 08:05:00-05:00,0.36737550052481943,0.816390001166258,-0.40236364343193565,82,expanded
DE,short,517.94,2026-01-27 10:05:00-05:00,0.5869405722670729,0.6506545159670793,-0.29926246283352403,75,expanded
DE,short,523.87,2026-01-28 11:05:00-05:00,0.5402103575314564,0.93534655544314,-0.2157023689083161,60,expanded
DE,short,531.03,2026-01-29 06:40:00-05:00,1.787093007927991,1.1731917217483039,0.15818315349413747,88,expanded
DE,short,524.93,2026-01-30 09:30:00-05:00,1.1877774179414209,0.9639380488827195,-0.3962433086316349,81,expanded
DE,long,519.6963,2026-02-02 08:10:00-05:00,2.9447390716462767,0.0,2.4155838708107122,84,expanded
DE,long,531.99,2026-02-03 07:45:00-05:00,2.5056861971089757,0.0,2.44929415966465,84,expanded
DE,long,544.0,2026-02-04 08:00:00-05:00,5.065955882352944,0.0,4.227941176470589,84,expanded
DE,long,559.0,2026-02-05 04:25:00-05:00,2.862254025044723,0.0,1.073345259391771,113,expanded
DE,short,581.0,2026-02-06 12:30:00-05:00,0.2512908777969081,0.657934595524951,0.09122203098106242,44,expanded
DE,short,578.74,2026-02-09 09:55:00-05:00,0.11550955524069437,1.5550851850571974,-1.3339323357639055,77,expanded
DE,short,584.705,2026-02-10 09:55:00-05:00,0.19069445275823005,1.5486441880948425,-1.4443180749266613,80,core
DE,short,599.22,2026-02-11 10:20:00-05:00,0.1685524515203082,2.523280264343647,-2.2495911351423548,75,expanded
DE,short,622.43,2026-02-12 10:15:00-05:00,4.1209453271853835,0.19118615747956472,3.892807223302204,72,expanded
DE,long,596.06,2026-02-13 07:00:00-05:00,2.4994128107908646,0.0067107338187369775,1.1307586484582104,86,expanded
DE,short,604.995,2026-02-17 14:50:00-05:00,0.9181894065240125,0.07519070405539753,0.6619889420573716,15,expanded
DE,long,602.02,2026-02-18 09:20:00-05:00,0.2973323145410391,1.843792565031066,-1.747450250822229,87,expanded
DE,short,663.28,2026-02-19 11:50:00-05:00,2.119768423591838,1.6448407912193936,0.26836328549028654,70,expanded
DE,short,650.21,2026-02-20 09:55:00-05:00,0.049214869042317096,2.5699389428030823,-2.043955029913407,84,core
DE,short,656.36,2026-02-23 10:15:00-05:00,1.8160765433603447,0.2955695045401823,1.336156987019316,71,expanded
DE,long,649.8,2026-02-24 07:10:00-05:00,0.0,2.314558325638653,-0.831024930747919,90,expanded
DE,long,647.58,2026-02-25 08:00:00-05:00,0.0,3.7200037061058144,-3.619630007103378,91,expanded
DE,short,619.7001,2026-02-26 12:35:00-05:00,0.6116022895591032,0.6922542048968506,0.43732444129023235,50,expanded
DE,long,616.0,2026-02-27 07:00:00-05:00,2.544285714285723,0.407467532467531,2.2224025974026063,92,expanded
DE,long,630.68,2026-03-02 15:40:00-05:00,0.11733367159256822,0.21881144161856972,-0.21881144161856972,9,expanded
DE,long,620.0,2026-03-03 05:10:00-05:00,0.970967741935481,1.7403225806451552,-0.5855806451612836,95,expanded
DE,long,619.32,2026-03-04 07:25:00-05:00,0.5489892139766158,1.0285474391267848,-0.6555415617128599,87,expanded
DE,long,596.98,2026-03-05 11:00:00-05:00,2.8577171764548135,1.7890046567724318,2.8577171764548135,65,expanded
DE,long,580.16,2026-03-06 13:05:00-05:00,1.6960838389409876,0.31198290126860617,1.4616657473800363,39,expanded
DE,short,579.1,2026-03-09 09:55:00-04:00,0.08116042134346871,3.750647556553277,-3.125539630461064,77,expanded
DE,short,597.08,2026-03-10 09:30:00-04:00,0.9462718563676711,0.9965163797145996,0.6833255175185973,80,expanded
DE,long,595.0244,2026-03-11 08:35:00-04:00,0.5000803328401299,1.6342859217201948,-1.3485833522121133,87,expanded
DE,short,590.88,2026-03-12 08:55:00-04:00,1.4503790955862528,0.4713308962902735,0.8681965881397231,83,expanded
DE,short,585.0,2026-03-13 09:30:00-04:00,2.290598290598287,0.7979487179487191,1.7948717948717947,79,expanded
DE,short,580.49,2026-03-16 08:35:00-04:00,1.6813381798136042,0.4220572275146937,1.4625574945304844,82,expanded
DE,long,574.65,2026-03-17 10:50:00-04:00,0.3758809710258363,0.5673018359001115,-0.06960758722700379,65,core
DE,long,590.4,2026-03-18 08:00:00-04:00,0.0,3.6026422764227615,-3.387533875338754,90,expanded
DE,long,567.86,2026-03-19 07:35:00-04:00,0.37773394850843195,1.7469094495121966,0.28880357834677317,84,expanded
DE,long,570.695,2026-03-20 09:35:00-04:00,0.46346997958629066,3.4028684323500418,-0.8476681940441155,81,expanded
DE,short,570.64,2026-03-23 15:00:00-04:00,0.473152951072468,0.01051451002384325,0.46263844104864477,13,expanded
DE,long,566.0,2026-03-24 08:40:00-04:00,4.522968197879862,1.0600530035335733,3.7208480565370925,85,expanded
DE,long,586.99,2026-03-25 06:45:00-04:00,0.839298795550181,1.6831632566142518,-1.5996865363975512,90,expanded
DE,long,573.68,2026-03-26 06:45:00-04:00,2.469146562543592,1.5208304281132312,1.3090921768233346,87,expanded
DE,long,579.13,2026-03-27 08:05:00-04:00,0.4817571184362688,2.6038885915079435,-2.1566833008132904,81,expanded
DE,short,573.95,2026-03-30 09:25:00-04:00,4.043906263611819,0.003484624096172456,3.519470337137389,83,expanded
DE,long,562.5958,2026-03-31 09:05:00-04:00,0.6974989859504733,2.295751230279377,0.14472201889881053,81,expanded
DE,long,563.3,2026-04-01 07:50:00-04:00,2.8528315284928194,0.0,1.313687200426077,86,expanded
DE,short,560.63,2026-04-02 07:00:00-04:00,0.913258298699678,3.578117474983511,-2.688047375274254,90,expanded
DE,short,577.0,2026-04-06 05:05:00-04:00,1.7920277296360543,0.027729636048521345,0.5199306759098787,83,expanded
DE,short,574.0991,2026-04-07 12:25:00-04:00,1.025972693564591,4.1632010919369105,-2.7697134519109987,55,core
DE,long,595.6,2026-04-08 09:55:00-04:00,2.364002686366677,0.013431833445272151,1.9140362659502985,75,core
DE,short,607.69,2026-04-09 09:30:00-04:00,0.04031660879724935,1.852901973045451,-1.6965887212229829,80,expanded
DE,short,619.64,2026-04-10 06:40:00-04:00,2.9985152669291915,0.0,2.3142469821186546,83,expanded
DE,long,604.46,2026-04-13 09:30:00-04:00,0.5737683221387537,0.9281011150448356,-0.00992621513417912,80,expanded
DE,short,598.5381,2026-04-14 13:40:00-04:00,0.5760869692338639,0.0721591491001227,0.39063511579295296,34,expanded
DE,long,596.0,2026-04-15 07:45:00-04:00,0.8221476510067075,4.010067114093956,-3.104026845637584,90,expanded
DE,short,572.78,2026-04-16 04:20:00-04:00,1.3897133279793155,2.3080414818953225,-2.060372219700419,89,expanded
DE,short,590.46,2026-04-17 16:00:00-04:00,0.018155336517297425,0.4301730853910449,-0.008467974121863382,8,expanded
DE,long,587.5,2026-04-20 06:20:00-04:00,1.3855319148936147,0.2536170212765973,1.1948936170212734,81,expanded
DE,short,589.26,2026-04-21 14:00:00-04:00,0.44971659369378153,0.3148016155856529,0.21043342497369735,26,expanded
DE,short,591.0,2026-04-22 08:35:00-04:00,1.8995769881556663,0.3553299492385825,1.1844331641285957,83,expanded
DE,long,578.01,2026-04-23 08:05:00-04:00,2.9342052905659135,0.22144945589176188,1.6435701804467053,84,expanded
DE,long,591.98,2026-04-24 07:05:00-04:00,0.48481367613770815,5.2839622960235095,-5.064360282441977,86,expanded
DE,long,567.47,2026-04-27 14:35:00-04:00,0.34010608490315786,0.002643311540695782,0.12864116164731496,19,expanded
DE,short,568.0,2026-04-28 07:40:00-04:00,1.4507042253521143,1.1373239436619782,0.8345070422535227,90,expanded
DE,long,562.13,2026-04-29 13:35:00-04:00,0.22948428299503026,0.9019266006084091,-0.843221318911997,32,expanded
DE,short,564.77,2026-04-30 06:35:00-04:00,0.40901605963488596,5.248136409511838,-4.495635391398266,98,expanded
DE,short,593.65,2026-05-01 08:15:00-04:00,3.023667143940021,0.0,2.792891434346825,87,expanded
DE,short,577.32,2026-05-04 09:55:00-04:00,0.34383011154992266,0.805445853252958,-0.2043927111480548,76,expanded
DE,short,582.0,2026-05-05 09:25:00-04:00,1.0670103092783567,1.506013745704465,0.8196219931271556,84,expanded
DE,short,581.17,2026-05-06 06:05:00-04:00,0.2099213655212612,2.1301856599618008,-1.693136259614232,95,expanded
DE,short,591.0,2026-05-07 08:35:00-04:00,2.186125211505915,0.474619289340093,1.7698815566835933,81,expanded
DE,short,583.79,2026-05-08 08:40:00-04:00,1.968173487041575,0.035971839188755614,1.3429486630466294,83,expanded
DE,long,580.07,2026-05-11 13:20:00-04:00,1.5687761821848931,0.03792645715172777,1.3670763873325547,34,expanded
DE,short,586.72,2026-05-12 09:55:00-04:00,1.1180801745295983,0.9476411235342147,-0.16532587946550778,79,expanded
DE,short,589.2,2026-05-13 07:00:00-04:00,1.5342837746096532,0.3071961982348855,0.7813306177868344,83,core
DE,short,582.06,2026-05-14 09:00:00-04:00,1.3847369686973758,0.8736212761571036,1.2387039136858613,87,expanded
DE,long,572.01,2026-05-15 05:35:00-04:00,0.45628572927046973,2.875823849233413,-1.7796891662733083,84,expanded
DE,short,560.0,2026-05-18 07:05:00-04:00,0.4625000000000057,1.4285714285714286,-0.7946428571428653,86,expanded
DE,long,565.08,2026-05-19 07:00:00-04:00,0.23536490408436456,1.9519360090606792,-1.4086501026403404,83,expanded
DE,long,559.99,2026-05-20 07:40:00-04:00,1.3580599653565275,1.737531027339777,0.08393007017982951,103,expanded
DE,long,525.23,2026-05-21 10:20:00-04:00,2.5645907507187378,1.9191592254821774,1.2889591226700647,81,expanded
DE,long,528.16,2026-05-22 10:00:00-04:00,0.8747349288094526,1.2609815207512816,-0.030293850348373258,79,expanded
DE,short,531.5,2026-05-26 04:40:00-04:00,1.446848541862663,0.4929444967074327,0.31668861712136526,93,expanded
DE,long,526.65,2026-05-27 13:05:00-04:00,0.7196430266780742,0.11772524446976257,0.6835659356308788,41,expanded
DE,short,528.27,2026-05-28 04:10:00-04:00,1.0969769246786605,2.267760804134258,-2.0311583091979517,84,expanded
DE,long,536.27,2026-05-29 09:30:00-04:00,1.9961959460719492,0.23682100434482292,1.171051895500396,82,core
DE,long,540.12,2026-06-01 07:20:00-04:00,0.8238909871880408,2.160630970895349,0.4258312967488622,90,core
DE,long,547.0,2026-06-02 07:05:00-04:00,6.946983546617916,0.5886654478976284,5.892138939670936,102,core
DE,short,580.3345,2026-06-03 08:40:00-04:00,0.8140994547110388,2.318576614004495,-1.5431617455105486,85,core
DE,short,588.34,2026-06-04 05:00:00-04:00,0.16487065302376638,2.74841078288064,-0.3458204439609673,92,expanded
DE,short,591.63,2026-06-05 09:25:00-04:00,2.0975947805216046,1.0462620218717873,1.3843111404086914,80,expanded
DE,long,588.0,2026-06-08 08:25:00-04:00,0.7831632653061256,3.7942176870748203,-2.7210884353741496,84,core
DE,short,577.63,2026-06-09 09:30:00-04:00,1.6359953603517903,0.891574191091179,0.053667572667615154,80,expanded
DE,short,570.145,2026-06-10 09:35:00-04:00,2.130159871611604,0.9778214313902683,1.9652895316103671,81,expanded
DE,long,567.615,2026-06-11 13:45:00-04:00,1.191828968579052,0.6060445900830764,0.3849440201544965,31,expanded
DE,long,569.54,2026-06-12 09:30:00-04:00,1.57758893141834,0.40207887066754994,1.4854092776626815,79,expanded
HUM,long,274.97,2025-12-16 07:45:00-05:00,0.0,6.88075062734117,-6.153398552569376,98,expanded
HUM,short,261.13,2025-12-17 13:30:00-05:00,0.6739937961934634,1.3633056332095133,-0.14169187760885557,41,expanded
HUM,long,258.01,2025-12-18 08:00:00-05:00,3.3680865082748723,0.23254912600285488,1.2325103678152036,82,expanded
HUM,short,259.84,2025-12-19 09:30:00-05:00,0.6080665024630482,1.216133004926118,-1.0621921182266194,81,expanded
HUM,long,259.8,2025-12-22 06:25:00-05:00,1.2317167051578093,1.4665127020785227,-0.46189376443417574,88,expanded
HUM,long,256.83,2025-12-23 14:30:00-05:00,0.16742592376280296,0.46645641085542155,0.11291515788654771,19,expanded
HUM,long,258.27,2025-12-24 09:35:00-05:00,0.37944786463778923,0.6853293065396608,-0.6853293065396608,43,expanded
HUM,long,256.805,2025-12-26 09:35:00-05:00,0.8625221471544461,0.9462432585035364,0.788536048752936,78,expanded
HUM,long,256.8,2025-12-29 08:45:00-05:00,1.2461059190031107,0.21806853582554603,-0.21806853582554603,82,core
HUM,short,257.97,2025-12-31 15:05:00-05:00,0.7210140714036568,0.01162925921617735,0.3605070357018284,20,expanded
HUM,short,256.62,2026-01-02 09:35:00-05:00,0.19873743277998243,3.6552100381887596,-3.265528797443689,80,core
HUM,short,264.5,2026-01-05 08:00:00-05:00,0.4593572778827883,4.981096408317585,-2.2533459357277925,86,core
HUM,short,282.17,2026-01-06 14:35:00-05:00,1.017117340610272,0.9993975263139218,0.818655420491194,19,expanded
HUM,long,276.49,2026-01-07 09:55:00-05:00,0.8644073926724245,1.019928388006797,-1.019928388006797,75,expanded
HUM,long,277.25,2026-01-08 10:30:00-05:00,1.0532010820559121,0.11902614968439462,0.2705139765554554,72,expanded
HUM,short,279.92,2026-01-09 12:55:00-05:00,1.1360388682480733,0.05001428979708,1.0967419262646445,37,core
HUM,short,276.73,2026-01-12 09:30:00-05:00,1.8068153073392836,0.1373179633577839,0.050590828605515545,80,expanded
HUM,short,275.99,2026-01-13 08:30:00-05:00,1.135910721402946,0.713793978042672,0.7355338961556686,79,expanded
HUM,long,273.96,2026-01-14 09:35:00-05:00,1.6444006424295503,0.13140604467803943,0.0657030223390301,78,expanded
HUM,long,279.56,2026-01-15 11:25:00-05:00,2.1623265130920073,0.05902131921591804,1.5703247961081652,56,expanded
HUM,long,282.44,2026-01-16 09:30:00-05:00,0.22656139357031985,3.8486050134541863,-3.3245999150261953,84,expanded
HUM,short,271.5,2026-01-20 04:40:00-05:00,1.3296500920810363,2.9760220994475173,1.1049723756906076,87,expanded
HUM,long,268.83,2026-01-21 10:05:00-05:00,1.0155116616449125,0.8555592753784962,0.6844474203028055,74,core
HUM,short,271.2,2026-01-22 08:00:00-05:00,2.286135693215335,1.297935103244852,1.8989675516224107,85,expanded
HUM,long,266.3,2026-01-23 07:55:00-05:00,1.0833646263612433,0.863687570409317,0.07510326699210988,81,expanded
HUM,short,264.0,2026-01-26 13:20:00-05:00,15.151515151515152,0.5795454545454443,12.50045454545455,79,expanded
HUM,short,226.09,2026-01-27 06:20:00-05:00,8.792958556327124,2.6140032730328615,7.671546729178652,155,core
HUM,long,206.005,2026-01-28 07:30:00-05:00,1.6965607630882766,7.0944879978641335,-5.987718744690667,147,core
HUM,short,195.14,2026-01-29 10:00:00-05:00,0.9851901199139005,1.3528748590755433,-0.08199241570156043,92,core
HUM,long,195.52,2026-01-30 08:40:00-05:00,1.0126841243862468,1.595744680851066,-0.010229132569563334,103,expanded
HUM,short,191.58,2026-02-02 10:10:00-05:00,2.9126213592233072,0.17225180081427294,2.5669694122559763,101,core
HUM,short,191.15,2026-02-03 11:00:00-05:00,0.8945854041328841,1.1823175516609945,-0.5754642950562355,74,expanded
HUM,short,190.56,2026-02-04 09:55:00-05:00,0.17842149454240314,3.03363769941226,-0.842254408060448,84,expanded
HUM,long,192.81,2026-02-05 06:25:00-05:00,1.7582075618484447,4.050619781131686,-4.050619781131686,129,expanded
HUM,long,192.325,2026-02-06 09:40:00-05:00,2.3007929286364286,0.4445599896009306,1.1828935395814408,79,core
HUM,long,194.07,2026-02-09 04:30:00-05:00,0.5822641314989414,2.782501159375486,-2.3548204256196184,97,expanded
HUM,long,189.7,2026-02-10 07:30:00-05:00,0.9804955192409139,4.849762783342113,-4.586188719030042,121,expanded
HUM,short,169.02,2026-02-11 07:30:00-05:00,1.7867707963554667,8.22387883090757,-3.8382439947935034,115,expanded
HUM,long,182.49,2026-02-13 15:50:00-05:00,0.89319962737684,0.005479752315205944,0.7452463148665599,16,expanded
HUM,long,184.345,2026-02-17 09:55:00-05:00,1.7901217825273326,0.19257370690823714,-0.18714909544603808,75,expanded
HUM,short,187.07,2026-02-18 12:40:00-05:00,1.0958464745816985,0.48110333030416724,-0.14967659165018501,42,expanded
HUM,short,187.11,2026-02-19 11:05:00-05:00,0.1870557426113103,2.6241248463470668,-1.9721019721019708,72,expanded
HUM,short,189.3,2026-02-20 09:55:00-05:00,0.25884838880085,0.8821975699947107,-0.31695721077654215,78,core
HUM,short,189.33,2026-02-23 08:40:00-05:00,4.48951566048698,0.15053081920456166,3.8715470342787786,84,expanded
HUM,long,181.25,2026-02-24 08:00:00-05:00,0.05517241379310032,4.413793103448276,-3.5862068965517238,98,expanded
HUM,short,177.8315,2026-02-25 09:55:00-05:00,1.5360045886133846,0.5558632750665589,1.0299075248198464,80,expanded
HUM,long,176.0,2026-02-26 08:30:00-05:00,6.499999999999999,0.0,5.255681818181818,92,expanded
HUM,short,188.88,2026-02-27 12:20:00-05:00,0.14294790343074004,1.6518424396442208,-0.8576874205845006,51,expanded
HUM,long,188.83,2026-03-02 06:10:00-05:00,0.3548165016152028,3.617010009002813,-2.0143515331250437,94,expanded
HUM,long,177.425,2026-03-03 10:45:00-05:00,3.6168521910666365,0.06199802733550156,3.2774411723263333,67,expanded
HUM,short,181.095,2026-03-04 09:55:00-05:00,0.10767829040006249,2.054170463016648,-1.2893785029956697,78,expanded
HUM,long,183.02,2026-03-05 08:00:00-05:00,0.36608020981312833,2.827559829526834,-1.2129821877390443,86,core
HUM,short,180.55,2026-03-06 08:00:00-05:00,1.3071171420659171,0.5261700360011015,0.7754084741068987,94,expanded
HUM,short,175.6037,2026-03-09 09:55:00-04:00,1.0157530849293097,2.0878261676718695,-1.6664227462177605,74,core
HUM,long,178.0,2026-03-10 08:10:00-04:00,1.112359550561792,3.3932584269662875,-2.247191011235955,95,expanded
HUM,long,174.0,2026-03-11 08:00:00-04:00,0.36201149425286905,2.4252873563218382,-2.0114942528735633,98,expanded
HUM,short,170.34,2026-03-12 09:55:00-04:00,3.980274744628391,0.18052131032053806,3.8409651285663946,91,expanded
HUM,short,167.035,2026-03-13 10:20:00-04:00,1.2123207710958814,1.2721884634956746,0.6196306163378912,71,expanded
HUM,long,166.41,2026-03-16 07:20:00-04:00,4.026140255994239,0.17426837329486933,2.457784988882882,87,expanded
HUM,long,171.875,2026-03-17 10:25:00-04:00,0.2530909090909104,1.535999999999992,-0.6836363636363703,71,expanded
HUM,short,171.5,2026-03-18 14:25:00-04:00,2.0408163265306123,0.3760932944606474,1.055393586005832,24,expanded
HUM,long,170.22,2026-03-19 10:30:00-04:00,1.025143931382919,2.790506403477852,-1.2101985665609225,72,expanded
HUM,long,166.56,2026-03-20 05:20:00-04:00,3.4702209414024985,2.071325648414979,2.0413064361191195,104,expanded
HUM,long,169.08,2026-03-23 06:45:00-04:00,2.661462029808374,1.508161816891419,-0.45865862313698974,95,core
HUM,long,170.0,2026-03-24 07:50:00-04:00,2.841176470588243,1.4235294117646986,1.2117647058823542,87,expanded
HUM,long,173.31,2026-03-25 08:10:00-04:00,1.071778893312554,2.319543015405926,0.10386013501817945,88,expanded
HUM,short,173.895,2026-03-26 09:35:00-04:00,0.7964576324793807,0.750452859484159,-0.750452859484159,84,expanded
HUM,long,173.62,2026-03-27 08:50:00-04:00,0.5615712475521221,3.7495680221172627,-2.6609837576316115,85,expanded
HUM,long,170.38,2026-03-30 07:20:00-04:00,0.0763000352153982,3.45110928512736,-2.5707242634111958,84,expanded
HUM,short,172.49,2026-03-31 13:05:00-04:00,0.3072641892283617,0.9971592556090201,-0.5217693779349396,37,core
HUM,long,173.85,2026-04-01 08:40:00-04:00,2.8702904802991136,1.04112740868565,1.949956859361527,84,expanded
HUM,short,174.0,2026-04-02 07:50:00-04:00,0.0,4.597701149425287,-2.882988505747129,91,expanded
HUM,short,182.435,2026-04-06 15:40:00-04:00,0.6714720311343735,13.640474689615475,-11.267026612218054,51,expanded
HUM,long,200.01,2026-04-07 08:05:00-04:00,1.7449127543622864,4.979751012449367,-0.8549572521373829,123,expanded
HUM,short,198.49,2026-04-08 09:25:00-04:00,1.3904982618771824,1.501335079852884,0.4836515693485858,85,expanded
HUM,short,197.15,2026-04-09 09:10:00-04:00,1.3261983261476011,1.6687801166624356,-0.030433679939133797,84,expanded
HUM,short,196.62,2026-04-10 07:25:00-04:00,2.858305360594042,1.6122469738581975,2.319194385108332,94,expanded
HUM,long,190.4156,2026-04-13 08:35:00-04:00,4.219402191837211,0.20702085333345172,3.7204934889788377,93,expanded
HUM,short,199.31,2026-04-14 10:05:00-04:00,1.886508454166871,0.25086548592644625,1.5553660127439637,74,expanded
HUM,long,197.0,2026-04-15 04:05:00-04:00,1.3959390862944163,2.030456852791878,0.964467005076145,88,expanded
HUM,short,199.6,2026-04-16 08:45:00-04:00,1.6983967935871673,1.2024048096192415,-0.11272545090180078,83,expanded
HUM,short,201.775,2026-04-17 09:55:00-04:00,0.7161442200470787,1.8609837690496818,-1.4198984016850356,80,expanded
HUM,short,202.27,2026-04-20 05:05:00-04:00,0.0,4.110841943936321,-3.811736787462293,93,core
HUM,long,217.14,2026-04-21 06:00:00-04:00,3.039513677811561,0.4605323754259925,0.3960578428663598,125,expanded
HUM,long,215.02,2026-04-22 12:55:00-04:00,1.8509906055250627,0.5115803181099539,1.8509906055250627,41,expanded
HUM,short,215.4506,2026-04-23 07:05:00-04:00,1.2349002509159948,2.01874582851011,0.23235024641380433,87,expanded
HUM,short,213.6,2026-04-24 09:55:00-04:00,0.8988764044943762,0.8426966292134885,-0.7677902621722915,75,core
HUM,short,215.51,2026-04-27 07:00:00-04:00,0.5846596445640532,4.255022968771758,-3.243468980557751,96,expanded
HUM,short,227.305,2026-04-28 10:00:00-04:00,0.21776907679109764,3.037768636853567,-2.3344405094476555,98,expanded
HUM,short,224.8,2026-04-29 09:20:00-04:00,4.848754448398579,8.7855871886121,-7.4154804270462575,94,expanded
HUM,short,240.95,2026-04-30 11:05:00-04:00,1.9340112056443233,0.26976551151691464,1.6351940236563594,65,expanded
HUM,short,235.92,2026-05-01 09:35:00-04:00,2.0345879959308166,0.9367582231264869,1.6615801966768347,81,expanded
HUM,short,234.17,2026-05-04 09:30:00-04:00,0.1964384848614167,1.8021095785113375,-1.618482299184362,78,core
HUM,long,237.33,2026-05-05 08:50:00-04:00,2.260565457380011,0.0,0.7036615682804481,82,expanded
HUM,short,248.66,2026-05-06 10:25:00-04:00,0.9490871068929402,1.2547253277567783,0.6675782192552066,69,expanded
HUM,short,245.775,2026-05-07 09:30:00-04:00,2.4921167734716714,1.0314311870613353,-0.0915471467805897,79,expanded
HUM,long,250.19,2026-05-08 09:35:00-04:00,9.916463487749311,0.0,8.64143251129142,85,expanded
HUM,short,274.135,2026-05-12 09:35:00-04:00,0.5489995804986577,8.508581538293173,-7.320918525543993,84,expanded
HUM,short,296.935,2026-05-13 09:55:00-04:00,1.313418761681842,3.894791789448868,-2.5838988330779507,76,core
HUM,long,301.515,2026-05-14 15:20:00-04:00,1.1326136344792201,0.5654776710943018,-0.5654776710943018,9,expanded
HUM,short,297.06,2026-05-15 08:40:00-04:00,0.693462600148119,4.672456742745572,0.02019793981014013,80,expanded
HUM,long,299.24,2026-05-18 06:40:00-04:00,2.4461970324822864,1.9649779441251152,2.2590562758989408,83,expanded
HUM,short,307.182,2026-05-19 10:30:00-04:00,1.5475841683432114,1.9542160673476916,1.5475841683432114,68,core
HUM,short,315.12,2026-05-20 05:15:00-04:00,3.5129474485910106,0.4569687738004562,3.4970804772784914,86,expanded
HUM,short,303.02,2026-05-21 09:35:00-04:00,0.9966338855521029,1.197940729984818,-0.2178074054517936,78,expanded
HUM,long,308.05,2026-05-22 12:00:00-04:00,0.37656224638856295,0.22398961207596096,-0.03246226261971197,48,expanded
HUM,long,304.82,2026-05-26 09:35:00-04:00,0.21652122564137033,1.479561708549305,-0.8431205301489381,79,expanded
HUM,short,304.99,2026-05-27 09:25:00-04:00,0.9672448276992651,0.8869143250598328,-0.4196858913406908,79,expanded
HUM,long,305.925,2026-05-28 09:35:00-04:00,1.237231347552494,0.21410476423961086,0.9070850698700587,78,expanded
HUM,short,304.23,2026-05-29 10:40:00-04:00,0.4042993787594971,1.1110015448838035,0.4042993787594971,66,expanded
HUM,short,307.99,2026-06-01 07:20:00-04:00,0.0,8.221046137861617,-6.59758433715381,94,expanded
HUM,short,324.85,2026-06-02 09:35:00-04:00,2.06861628443897,1.065106972448816,1.2221025088502468,77,expanded
HUM,long,321.2,2026-06-03 09:30:00-04:00,3.4433374844333757,0.0,1.9738480697384906,80,expanded
HUM,long,334.7,2026-06-04 06:50:00-04:00,5.132954884971619,0.6573050492978753,4.123095309232152,89,expanded
HUM,long,351.5,2026-06-05 07:35:00-04:00,0.10810810810810681,2.500711237553349,-2.418207681365576,83,expanded
HUM,short,344.86,2026-06-08 09:35:00-04:00,0.19718146494229738,3.2331960795685135,-2.360378124456297,78,expanded
HUM,short,358.34,2026-06-09 09:35:00-04:00,0.8483563096500428,1.919964279734345,-1.8446168443377837,78,core
HUM,long,365.13,2026-06-10 09:35:00-04:00,1.1530139950154683,1.5200065730013999,-1.1311039903595967,82,expanded
HUM,short,368.85,2026-06-11 09:30:00-04:00,1.2172970042022526,1.0437847363426775,0.043378066964897655,79,expanded
HUM,long,370.74,2026-06-12 09:30:00-04:00,2.362841883799965,1.4106921292550085,2.227976479473483,80,core
