symbol,date,score,mfe,mae,hit_025,hit_050,hit_075,entry_price,resistance,touches,swing_low,sweep_i,break_i
SPY,2025-12-16,6,0.001340719568612382,0.0005470430503580448,False,False,False,678.74,679.22,78,679.45,738,739
SPY,2025-12-23,6,8.765650338216645e-05,0.0004528919341406674,False,False,False,684.49,685.15,80,684.53,203,205
SPY,2025-12-26,6,0.0006517677389451962,0.0017814984864504993,False,False,False,690.43,690.43,80,690.49,274,275
SPY,2026-01-02,6,0.00029188558085237225,0.0019264448336251258,False,False,False,685.2,686.25,80,685.88,232,233
SPY,2026-01-07,6,0.0010696114708603276,0.0006648936170211648,False,False,False,691.84,692.23,80,692.2513,371,372
SPY,2026-01-20,5,0.0007023602229993974,0.0016827380342692927,False,False,False,683.41,683.27,65,683.49,410,411
SPY,2026-01-28,6,0.0006480508071831849,0.0024193896801510155,False,False,False,694.39,694.78,80,694.765,633,634
SPY,2026-01-28,5,0.0020032282239003667,0.004568513287600102,False,False,False,693.88,694.95,80,694.75,752,753
SPY,2026-01-30,5,0.004410510028487491,0.0009688661374055685,True,False,False,691.53,691.63,80,690.84,293,296
SPY,2026-01-30,4,0.0018390604862651076,0.0009267706387476813,False,False,False,690.57,691.38,69,690.76,710,712
SPY,2026-02-02,6,0.0006825350068611424,0.0007687499550964988,False,False,False,695.935,696.15,80,696.15,654,655
SPY,2026-02-04,6,0.0006232064697528387,0.0021884692309921895,False,False,False,689.98,690.94,80,690.45,277,278
SPY,2026-02-05,4,0.0021292325890875955,0.0019665828774213232,False,False,False,676.3,678.05,65,676.1855,767,770
SPY,2026-02-06,5,0.002806913872063787,0.007844585610873185,True,False,False,676.9,681.97,80,680.42,297,299
SPY,2026-02-06,5,0.0006571453605536549,0.0042933496889512755,False,False,False,684.78,685.36,73,684.91,467,469
SPY,2026-02-10,6,0.003479511143062486,0.0,True,False,False,695.5,694.94,80,693.75,268,269
SPY,2026-02-10,4,0.00033174193362262846,0.0013269677344911696,False,False,False,693.31,694.9,80,693.39,270,274
SPY,2026-02-10,6,0.0007421070075075095,0.0035520267446718418,False,False,False,693.97,694.18,80,694.38,365,366
SPY,2026-02-11,5,0.006934952448095675,0.0008776599571241726,True,True,False,695.03,695.99,76,695.145,383,387
SPY,2026-02-11,6,0.0008799007587341165,0.00015867062862420108,False,False,False,693.26,692.6,80,693.3,682,684
SPY,2026-02-12,6,0.0006562527019627838,0.0003170302908031149,False,False,False,693.94,694.18,80,694.0,250,252
SPY,2026-02-12,6,0.0020905119591702044,0.0009082914029497779,False,False,False,693.61,694.08,80,694.06,354,355
SPY,2026-02-12,6,0.0,0.0025739272865541417,False,False,False,683.78,684.02,80,684.295,621,622
SPY,2026-02-13,6,0.003734964561950363,0.0047936946739995075,True,False,False,680.06,681.54,69,680.82,383,387
SPY,2026-02-13,7,0.003734964561950363,0.0047936946739995075,True,False,False,680.06,681.54,70,680.82,384,387
SPY,2026-02-13,6,7.332937354709509e-06,0.0046270834708258685,False,False,False,681.855,682.67,63,682.48,490,493
SPY,2026-02-13,6,0.0030387587839121695,0.0006428143581351676,True,False,False,684.49,684.9165,80,684.54,676,678
SPY,2026-02-17,6,0.0017834770432604264,0.0014297295305474443,False,False,False,678.45,679.65,80,678.46,217,219
SPY,2026-02-17,6,0.0017834770432604264,0.0014297295305474443,False,False,False,678.45,679.835,80,678.46,218,219
SPY,2026-02-17,6,0.003257280981016443,0.0018718311519867672,True,False,False,678.48,680.06,68,679.61,324,327
SPY,2026-02-17,5,0.0033307296656006234,0.0017980045097490565,True,False,False,678.53,680.06,68,679.69,327,328
SPY,2026-02-19,6,0.0002632002222578923,0.002880580210267773,False,False,False,683.89,684.46,78,683.98,421,424
SPY,2026-02-20,6,0.001646262071808011,0.00021251533857254617,False,False,False,683.2448,683.91,78,683.8701,293,294
SPY,2026-02-20,6,0.002341818181818202,0.002021818181818162,False,False,False,687.5,687.89,65,687.95,458,459
SPY,2026-02-23,7,0.0013422427124973873,0.0020425432581484214,False,False,False,685.42,687.24,80,685.7,224,226
SPY,2026-02-23,5,0.0034794002038142182,0.0018052118212258104,True,False,False,686.9,687.88,70,687.21,328,333
SPY,2026-03-02,7,0.0009181104694210049,0.008958981193543712,False,False,False,675.3,679.51,80,678.16,239,244
SPY,2026-03-02,6,0.0009181104694210049,0.008958981193543712,False,False,False,675.3,679.51,79,676.9,240,244
SPY,2026-03-02,6,0.0027664933968170437,2.9120983124363794e-05,True,False,False,686.79,687.53,57,687.875,665,666
SPY,2026-03-03,4,0.0035015356310924696,0.0012017982462647005,True,False,False,673.99,675.32,75,674.125,396,398
SPY,2026-03-03,5,0.0008247665616072036,0.00039765530648911866,False,False,False,678.98,679.7,80,678.9999,861,864
SPY,2026-03-04,6,0.006415432270945586,0.0032297370700413194,True,True,False,681.17,680.9,77,679.54,297,299
SPY,2026-03-05,6,0.0007170137110581207,0.0011560016974201607,False,False,False,683.39,684.82,80,683.54,291,296
SPY,2026-03-05,6,0.00458688620993826,0.0013819464863274638,True,False,False,680.2,681.23,72,680.245,538,541
SPY,2026-03-06,6,0.006445985304336276,0.0014045151465870954,True,True,False,676.39,677.72,76,677.35,319,320
SPY,2026-03-06,6,0.0018777383684539818,0.0031444666328872667,False,False,False,671.02,673.31,44,672.0,379,384
SPY,2026-03-06,6,0.00031218874039264826,0.004965287585294471,False,False,False,672.67,673.09,47,673.51,459,460
SPY,2026-03-06,4,0.00046013863531795446,0.0033990886286383807,False,False,False,673.71,674.1,64,673.97,490,491
SPY,2026-03-06,5,0.001899053440550685,0.0017061808254947588,False,False,False,674.02,674.75,77,674.15,531,536
SPY,2026-03-06,6,0.001899053440550685,0.0017061808254947588,False,False,False,674.02,674.72,77,674.15,535,536
SPY,2026-03-09,6,0.0038780663780662687,0.001022126022126118,True,False,False,665.28,666.22,79,665.51,332,336
SPY,2026-03-09,6,0.002967403298440263,0.0005964629745608203,True,False,False,670.62,670.61,66,670.83,541,542
SPY,2026-03-09,6,0.0018322325162167489,0.0015219350739541834,False,False,False,676.77,677.62,80,676.86,838,840
SPY,2026-03-10,6,0.002497340111124327,0.00629507033928359,False,False,False,676.72,678.33,77,676.93,236,237
SPY,2026-03-10,6,0.0025412960609911455,0.004964392305191779,True,False,False,676.82,678.33,76,676.93,237,238
SPY,2026-03-10,6,0.001686640035508191,0.00241159934901612,False,False,False,675.9,676.67,76,676.48,338,339
SPY,2026-03-10,6,0.0012765957446808577,0.0015994130594277796,False,False,False,681.5,681.62,76,681.76,571,572
SPY,2026-03-11,6,0.001612807765151562,0.000799005681818128,False,False,False,675.84,677.51,78,676.07,255,258
SPY,2026-03-11,6,0.0010088721402924988,0.0026111984807572343,False,False,False,674.02,675.51,79,675.33,561,562
SPY,2026-03-12,7,0.0010140475409348081,0.0048018133556024835,False,False,False,670.58,673.61,80,672.63,234,235
SPY,2026-03-12,6,0.00025512884006434163,0.00130580943376402,False,False,False,666.33,666.7,80,666.55,834,835
SPY,2026-03-13,5,0.0031351238373916106,0.0010450412791304237,True,False,False,669.83,670.5,74,670.37,344,345
SPY,2026-03-13,6,0.002488650246602581,6.033091506909944e-05,False,False,False,663.01,663.52,80,663.255,658,662
SPY,2026-03-17,7,0.00021034917963817893,0.007377246228739831,False,False,False,665.56,668.14,80,667.87,222,223
SPY,2026-03-17,6,0.0002085909680110648,0.001683627098946609,False,False,False,671.17,671.4,80,671.265,565,567
SPY,2026-03-18,6,0.006630228126306742,0.0011723089442737197,True,True,False,674.1397,674.08,80,672.8,200,201
SPY,2026-03-18,4,0.0038158229458152464,0.0016460412707438952,True,False,False,668.27,668.5722,79,668.265,322,325
SPY,2026-03-18,5,0.00034227261819056766,0.00128989680825536,False,False,False,666.72,666.73,80,666.72,426,431
SPY,2026-03-19,6,0.002387358207899013,0.0023351224094309625,False,False,False,658.5522,660.26,80,658.94,231,234
SPY,2026-03-19,7,0.002387358207899013,0.0023351224094309625,False,False,False,658.5522,660.26,79,658.64,232,234
SPY,2026-03-19,5,0.002399173955296294,0.002323250728863105,False,False,False,658.56,660.26,77,658.64,234,235
SPY,2026-03-19,5,0.0013699881267697064,0.003233171979176043,False,False,False,656.94,657.46,68,657.24,372,373
SPY,2026-03-19,5,0.0008677251899099337,0.0033338915191280954,False,False,False,656.89,657.24,77,657.2,620,621
SPY,2026-03-20,5,0.004386031940093229,0.000519599602659176,True,False,False,654.35,655.9408,80,654.65,341,345
SPY,2026-03-20,6,0.0,0.0024552680845840204,False,False,False,651.66,653.01,80,651.68,439,443
SPY,2026-03-20,6,0.0020021090920205186,0.0005654811939294899,False,False,False,654.31,654.2,63,654.3,855,856
SPY,2026-03-25,6,0.003219731486543959,0.003157614968713817,True,False,False,658.44,658.8,80,658.99,223,224
SPY,2026-03-25,7,0.0002281403519444817,0.001977216383519072,False,False,False,657.49,658.315,80,657.56,588,590
SPY,2026-03-26,6,0.00018453589223104593,0.00610506243464358,False,False,False,650.28,652.02,80,650.61,230,232
SPY,2026-03-26,6,0.0008444908487900051,0.00523584326249859,False,False,False,651.28,651.67,80,651.3884,320,322
SPY,2026-03-27,6,0.0005724978745354694,0.001030745221635103,False,False,False,642.4478,643.47,80,642.72,239,244
SPY,2026-03-27,6,0.003520324568931843,0.0025122883670125828,True,False,False,640.85,642.33,80,641.0,329,332
SPY,2026-03-30,6,0.005484346109248175,0.0005484346109248531,True,True,False,638.18,639.2,80,639.31,326,327
SPY,2026-03-31,6,0.0002987891177857224,0.0021858782827488387,False,False,False,635.9,637.75,80,636.35,149,150
SPY,2026-03-31,6,0.001379569825045456,0.003417570702953455,False,False,False,637.88,637.98,70,637.95,242,243
SPY,2026-04-02,7,0.0003718912218176324,0.008011156736654465,False,False,False,645.35,646.18,78,645.5,332,335
SPY,2026-04-02,6,0.0003718912218176324,0.008011156736654465,False,False,False,645.35,646.18,80,645.5,334,335
SPY,2026-04-06,6,0.000700066962926944,0.001917574724538855,False,False,False,657.08,657.58,66,657.58,375,376
SPY,2026-04-07,6,0.0019275718665573594,0.0015481285857389762,False,False,False,658.86,659.13,80,659.46,115,116
SPY,2026-04-07,6,0.003660098822668177,0.0009607759409503987,True,False,False,655.72,656.18,78,655.77,317,320
SPY,2026-04-07,5,0.004099489093523517,0.0005964144767032941,True,False,False,653.74,654.5,57,653.73,392,396
SPY,2026-04-07,5,0.00021353833013023756,0.004240261126872232,False,False,False,655.62,655.9599,74,655.76,542,546
SPY,2026-04-08,5,0.0014043698075274893,0.0007539248440410237,False,False,False,676.46,676.86,80,677.0,259,260
SPY,2026-04-08,7,0.002176359114059024,0.0014286983299773748,False,False,False,675.44,676.74,80,676.13,330,331
SPY,2026-04-09,6,0.0013249622685308172,0.0007137809176876777,False,False,False,679.3401,679.91,80,680.1,567,568
SPY,2026-04-15,5,0.00017275135321894009,0.0022313716457446568,False,False,False,694.64,695.0,80,694.75,318,319
SPY,2026-04-17,6,0.0009201455245536973,0.0026471878937161203,False,False,False,706.41,706.45,48,706.76,297,298
SPY,2026-04-17,6,0.003401503970764035,2.8111603064139166e-05,True,False,False,711.45,711.25,80,711.82,518,519
SPY,2026-04-29,4,0.0022412359217962564,0.002678206447429755,False,False,False,709.43,711.12,77,710.15,702,704
SPY,2026-04-30,6,0.0002978741165340731,0.0014469363904501692,False,False,False,718.76,718.53,80,718.69,689,694
SPY,2026-05-01,6,0.0017282141326438911,0.00013825713061154274,False,False,False,723.29,723.61,59,723.68,344,346
SPY,2026-05-04,5,0.00012498611265419373,0.0026385957115875698,False,False,False,720.08,720.3,80,720.11,328,329
SPY,2026-05-11,6,0.00025741769407946693,0.0024928871426636388,False,False,False,738.1,737.95,71,738.3401,360,361
SPY,2026-05-12,7,8.158381377142814e-05,0.002841836179701836,False,False,False,735.44,736.29,80,735.77,242,243
SPY,2026-05-14,6,0.0015636356687466334,2.6592897878871502e-05,False,False,False,748.3201,748.04,80,748.49,458,459
SPY,2026-05-15,5,0.001582942107612949,0.002530001488236176,False,False,False,739.13,740.4,79,739.45,331,336
SPY,2026-05-15,5,0.00016210520627888114,0.00228298165509423,False,False,False,740.26,740.79,70,740.37,421,426
SPY,2026-05-15,6,0.0017391538814139234,0.0012281931674170794,False,False,False,741.74,742.09,80,742.545,617,618
SPY,2026-05-18,6,0.001733514615907515,0.002501563562202506,False,False,False,735.5,737.16,80,735.76,478,482
SPY,2026-05-19,5,0.0009284797509488927,0.0021300417815888735,False,False,False,732.38,733.34,76,732.64,420,424
SPY,2026-05-20,5,0.0002299565787871266,0.0029218012363547395,False,False,False,739.27,740.51,80,739.42,717,719
SPY,2026-05-21,6,0.0019353878219442527,0.0007579141120900096,False,False,False,738.87,739.04,79,739.11,353,354
SPY,2026-05-21,5,0.0010768928593198088,0.0013952196793703532,False,False,False,738.235,739.04,79,738.35,355,357
SPY,2026-05-21,6,0.0005249202525000826,0.0009421645557693201,False,False,False,742.97,743.2721,47,743.15,582,583
SPY,2026-05-22,5,0.0024119633381571993,0.00036179450072356463,False,False,False,746.28,746.93,80,746.62,343,344
SPY,2026-06-03,6,0.0014249187663132375,0.0003029617003143841,False,False,False,750.92,752.7,80,750.85,759,764
SPY,2026-06-05,5,0.004035458226281595,0.0003228366581025398,True,False,False,743.41,744.22,80,743.64,556,558
SPY,2026-06-05,5,0.0019726549214338232,0.0005441806679818938,False,False,False,735.05,738.82,67,735.27,677,679
SPY,2026-06-08,6,0.0021423085732764275,0.0020682035597353347,False,False,False,742.19,743.47,80,743.11,316,317
SPY,2026-06-09,6,0.0003637539406676661,0.00040417104518626157,False,False,False,742.26,742.45,80,742.3,191,193
SPY,2026-06-09,5,0.0023151931143432095,0.0010214087269161628,False,False,False,734.28,735.69,50,735.11,630,634
SPY,2026-06-10,6,0.0017539532461837441,0.0021239277590507665,False,False,False,729.78,731.93,80,731.47,174,175
SPY,2026-06-10,6,0.0010627138283065515,0.004449685642393375,False,False,False,729.265,731.985,45,729.97,458,459
SPY,2026-06-10,5,0.002644596390742474,0.0008632620342838289,True,False,False,729.79,729.93,74,730.03,609,610
SPY,2026-06-10,5,0.0004555619978464907,0.0015705844998481395,False,False,False,724.38,727.36,77,724.83,712,716
SPY,2026-06-11,4,0.00183992640294377,0.002444081341224082,False,False,False,728.29,730.1799,66,728.575,351,354
QQQ,2025-12-15,6,0.005980201233365886,0.002012333657903293,True,True,False,616.2,617.22,80,617.4445,331,332
QQQ,2025-12-15,6,0.001372055796935794,0.0015517297703438826,False,False,False,612.22,612.51,57,612.84,454,455
QQQ,2025-12-16,5,0.007546550734147993,0.003855303092445284,True,True,True,609.55,609.15,80,609.68,299,301
QQQ,2025-12-16,4,0.004787748610405088,0.0001967567922084385,True,False,False,609.89,609.79,57,610.005,434,435
QQQ,2025-12-16,6,0.001961766081967243,0.002060264797379927,False,False,False,609.145,609.97,66,609.42,563,565
QQQ,2025-12-16,6,0.001815475703701303,0.0005560916569896336,False,False,False,611.41,612.12,58,612.31,778,779
QQQ,2025-12-17,7,0.008699791533297332,0.00036112342213672394,True,True,True,609.21,610.85,53,609.73,446,451
QQQ,2025-12-18,6,0.002038937121810065,0.003420152591423377,False,False,False,608.16,608.75,63,608.81,397,398
QQQ,2025-12-18,5,0.0039240692598223985,0.0004414577917299943,True,False,False,611.61,611.6799,66,611.65,645,646
QQQ,2025-12-19,5,0.00014753372784931585,0.00267199973771781,False,False,False,610.03,611.31,80,610.06,295,297
QQQ,2025-12-19,6,0.00017880364109234986,0.0027633289986994988,False,False,False,615.2,615.53,80,615.73,522,523
QQQ,2025-12-22,6,0.000932459270501972,0.0024219721311740106,False,False,False,619.33,620.43,80,619.46,319,321
QQQ,2025-12-31,6,0.0029375757086328195,0.0009367681498829701,True,False,False,619.15,619.42,80,619.2701,320,321
QQQ,2025-12-31,6,0.0020438234678397246,0.00010426845976078504,False,False,False,618.5955,619.42,80,618.978,323,324
QQQ,2026-01-02,6,0.0007749685169040301,0.00560237657011855,False,False,False,619.38,620.3888,80,619.52,324,325
QQQ,2026-01-02,4,0.009252841138067234,0.00029015878133303776,True,True,True,620.35,620.8,71,620.36,359,361
QQQ,2026-01-02,5,0.0004402054292002638,0.001956468574223415,False,False,False,613.35,613.2,52,613.4321,650,651
QQQ,2026-01-05,7,0.0013682770234712577,0.0027608429881873604,False,False,False,617.565,618.0,74,617.94,331,332
QQQ,2026-01-07,7,0.0,0.0021394331306502606,False,False,False,621.66,622.24,80,622.28,281,282
QQQ,2026-01-08,5,0.0,0.002215134961439558,False,False,False,622.4,622.89,80,622.27,271,273
QQQ,2026-01-08,6,0.006383457679444163,0.0009004373552869488,True,True,False,621.92,622.74,80,622.75,361,362
QQQ,2026-01-09,6,0.004161110486319616,0.0013334832832608342,True,False,False,622.43,623.01,80,623.1,350,351
QQQ,2026-01-14,6,3.247438582814849e-05,0.004562651208858924,False,False,False,615.87,616.15,80,616.25,706,707
QQQ,2026-01-15,6,0.0017578624392738794,0.0024130657120940793,False,False,False,625.76,626.24,80,625.91,378,382
QQQ,2026-01-15,6,0.0017578624392738794,0.0024130657120940793,False,False,False,625.76,626.24,80,625.89,381,382
QQQ,2026-01-15,5,0.00046407425188024266,0.002480396863498269,False,False,False,624.9,626.24,80,624.9,395,399
QQQ,2026-01-15,5,0.00046407425188024266,0.002480396863498269,False,False,False,624.9,626.24,80,624.9,397,399
QQQ,2026-01-20,5,0.000147306741738599,0.006235985400265063,False,False,False,610.97,611.42,52,611.02,378,379
QQQ,2026-01-20,5,0.0004404567699836571,0.0027243066884175514,False,False,False,613.0,613.92,79,613.0,471,473
QQQ,2026-01-22,6,0.005312737319520409,0.0007407468228465756,True,True,False,621.1299,621.53,80,621.81,385,386
QQQ,2026-01-28,6,0.0005534034311013088,0.0017550794529210213,False,False,False,632.45,633.17,80,632.97,657,658
QQQ,2026-01-28,6,0.0039272819408374265,0.007110280610629013,True,False,False,631.48,633.3,80,632.59,775,776
QQQ,2026-01-28,5,0.0012861021577935338,0.009780727520998527,False,False,False,629.81,633.35,80,631.15,777,778
QQQ,2026-01-29,6,0.0010381064937553539,0.0004002299805154807,False,False,False,626.14,625.94,80,626.14,682,684
QQQ,2026-01-30,7,0.00011206096116277069,0.0023052540582077525,False,False,False,624.66,626.55,80,625.58,326,327
QQQ,2026-01-30,5,0.0014068070276405536,0.0037887871085319725,False,False,False,625.53,626.39,72,625.81,414,415
QQQ,2026-01-30,6,0.0015412059655439381,0.001816019542298784,False,False,False,622.24,622.9901,48,623.04,685,686
QQQ,2026-02-02,6,0.011980609407070075,0.00017858308007087632,True,True,True,617.6397,617.29,80,617.21,239,240
QQQ,2026-02-03,6,0.00859153349255456,0.002292144196707567,True,True,True,623.87,628.62,70,624.71,391,392
QQQ,2026-02-03,5,0.003189688842598679,0.00011391745866413281,True,False,False,614.48,615.55,53,614.51,597,600
QQQ,2026-02-04,5,0.0007965407373691545,0.0010891475388517993,False,False,False,615.16,616.66,80,615.38,296,300
QQQ,2026-02-04,6,0.006428642072989776,0.0010055055550061214,True,True,False,606.66,607.5,68,606.7,766,767
QQQ,2026-02-05,6,0.008830095631601859,0.0013495051814333835,True,True,True,600.22,600.73,58,600.61,417,418
QQQ,2026-02-05,5,0.0028809805325651023,0.0020982863994404416,True,False,False,600.49,601.34,70,600.52,593,597
QQQ,2026-02-05,5,0.0023160876447554553,0.0011330500708157355,False,False,False,600.15,601.35,69,600.17,602,607
QQQ,2026-02-05,6,0.0020531481605128164,0.0007845362889762862,False,False,False,599.08,599.6,58,599.78,689,690
QQQ,2026-02-05,5,0.003276650087377412,0.0034989581933056054,True,False,False,595.12,597.89,55,595.29,780,784
QQQ,2026-02-05,5,0.003276650087377412,0.0034989581933056054,True,False,False,595.12,597.89,55,595.29,782,784
QQQ,2026-02-05,5,0.002117136953355239,0.0025405643440262866,False,False,False,590.42,591.7668,79,590.57,916,921
QQQ,2026-02-06,4,0.0029258723588183318,0.004023074493375347,True,False,False,601.53,601.82,56,601.83,421,422
QQQ,2026-02-06,5,0.0008662479801429007,0.006796714921121527,False,False,False,600.29,601.85,56,600.75,425,426
QQQ,2026-02-10,6,0.0031045804752772694,0.0019180130684957413,True,False,False,615.22,615.21,80,615.46,265,266
QQQ,2026-02-10,6,0.0015790330457429818,0.0024906397525640347,False,False,False,614.3,615.21,80,614.41,285,286
QQQ,2026-02-10,6,0.0031903118692623808,0.004167100722703356,True,False,False,614.36,614.97,80,614.75,378,381
QQQ,2026-02-10,6,0.001971936572089823,0.005475790811753416,False,False,False,613.61,614.97,80,614.63,381,382
QQQ,2026-02-11,6,0.004872502842293324,0.0017541010232254785,True,False,False,615.7,615.72,54,615.86,379,380
QQQ,2026-02-11,6,0.0037412974168780574,0.0032858351226494596,True,False,False,614.76,615.72,56,615.03,381,383
QQQ,2026-02-11,5,0.0019107344079174182,0.0014697956983978854,False,False,False,612.33,612.47,62,612.46,586,590
QQQ,2026-02-11,6,0.0010747260262818847,0.0002605396427349631,False,False,False,614.11,613.76,78,614.2,690,692
QQQ,2026-02-12,6,0.00545762601414099,0.0005701997328205485,True,True,False,613.82,615.37,80,614.05,383,387
QQQ,2026-02-12,7,0.00545762601414099,0.0005701997328205485,True,True,False,613.82,615.37,80,614.05,384,387
QQQ,2026-02-12,6,0.001924672307947705,0.0012775842044134423,False,False,False,602.7,603.86,78,603.03,573,576
QQQ,2026-02-13,6,0.004140925029220268,0.006779095007513874,True,False,False,598.9,601.27,63,599.16,392,396
QQQ,2026-02-13,5,0.0007994071161058123,0.0059303381413810105,False,False,False,600.3199,601.27,51,600.79,463,465
QQQ,2026-02-13,5,0.0010658140154542804,0.005662136957100948,False,False,False,600.48,601.4,53,600.93,465,466
QQQ,2026-02-13,6,0.0011636218561431677,0.004787472779560143,False,False,False,601.57,601.94,58,601.78,499,500
QQQ,2026-02-13,5,0.003026043819760299,0.0009921455146755234,True,False,False,604.75,605.41,80,604.89,685,688
QQQ,2026-02-17,6,0.0016944034357804169,0.0023822305730773707,False,False,False,596.08,597.51,80,596.45,234,238
QQQ,2026-02-17,6,0.0016944034357804169,0.0023822305730773707,False,False,False,596.08,597.54,79,596.45,235,238
QQQ,2026-02-17,5,0.001091116631974715,0.0029879809306385093,False,False,False,595.72,597.65,78,596.0,236,240
QQQ,2026-02-17,5,0.001091116631974715,0.0029879809306385093,False,False,False,595.72,597.45,77,596.0,238,240
QQQ,2026-02-17,5,0.004835938482169033,0.0023048233667183502,True,False,False,596.575,597.76,59,597.11,341,344
QQQ,2026-02-17,6,0.004293501048217938,0.0028511530398323613,True,False,False,596.25,597.76,59,597.11,344,345
QQQ,2026-02-19,6,0.0,0.002870988084569525,False,False,False,602.58,603.17,80,603.02,229,230
QQQ,2026-02-19,6,0.0026842968633494137,0.0045301652002452935,True,False,False,603.51,603.82,80,603.63,285,287
QQQ,2026-02-19,7,0.001735491210442773,0.005787738630041459,False,False,False,602.135,603.37,80,602.35,376,380
QQQ,2026-02-19,6,0.001735491210442773,0.005787738630041459,False,False,False,602.135,603.37,80,602.35,377,380
QQQ,2026-02-20,6,0.002542161668189703,0.0003655395862756954,True,False,False,601.85,602.99,77,602.63,320,321
QQQ,2026-02-20,5,0.0011175204193989443,0.0008792256240857995,False,False,False,608.49,608.54,59,608.63,662,664
QQQ,2026-02-23,6,0.002686616516491692,0.002231958336777751,True,False,False,604.85,606.39,74,605.59,337,338
QQQ,2026-02-24,6,0.0006263082425461003,0.002172795147759336,False,False,False,606.73,607.09,67,606.9601,499,500
QQQ,2026-02-26,7,0.003196910194411131,0.001265781701340386,True,False,False,616.22,616.25,80,616.31,291,293
QQQ,2026-02-27,6,8.255593164361352e-05,0.0039296623462395696,False,False,False,605.65,606.0,70,606.22,751,752
QQQ,2026-03-02,7,0.00028566627457582384,0.019719374894975657,False,False,False,595.1,599.8,76,598.05,240,241
QQQ,2026-03-02,5,0.00021528525296016468,0.004355386271425015,False,False,False,603.85,605.04,49,604.31,387,392
QQQ,2026-03-02,6,0.001367087773623509,0.0006258956072010862,False,False,False,607.13,607.39,80,607.5331,825,826
QQQ,2026-03-03,4,0.005527553763440989,0.0029569892473118127,True,True,False,595.2,595.96,66,595.24,415,417
QQQ,2026-03-03,6,0.005110016641172554,0.0030592862785968466,True,True,False,594.91,595.96,66,595.0,419,421
QQQ,2026-03-03,5,0.005110016641172554,0.0030592862785968466,True,True,False,594.91,595.96,66,595.0,420,421
QQQ,2026-03-03,4,0.004172625557331569,0.0007234794313114326,True,False,False,594.35,596.12,66,594.55,431,436
QQQ,2026-03-03,5,0.001419553091285652,0.0029894118040015988,False,False,False,598.78,599.07,41,598.89,547,548
QQQ,2026-03-03,6,0.0006852291339373631,0.0033258682354514305,False,False,False,598.34,599.2893,64,598.37,570,573
QQQ,2026-03-03,6,0.0024252491694352766,0.0021594684385381306,False,False,False,602.0,602.43,41,602.02,661,666
QQQ,2026-03-04,5,0.0016209600052929606,0.0038869959310594278,False,False,False,604.58,605.01,66,604.65,367,368
QQQ,2026-03-05,6,0.00101065709144394,0.0016186946911744388,False,False,False,608.515,610.42,79,608.66,296,301
QQQ,2026-03-05,6,0.0011357837731065183,0.0026995440404272955,False,False,False,607.51,609.2,78,607.69,354,357
QQQ,2026-03-05,6,0.0005803541818664567,0.0029680971015453397,False,False,False,603.08,603.85,80,603.44,681,686
QQQ,2026-03-06,6,0.007663750978314094,0.0014356894972568236,True,True,True,603.3338,604.51,76,604.01,328,329
QQQ,2026-03-06,6,0.0006961825987501187,0.004293126025626203,False,False,False,603.29,604.02,55,603.5,494,499
QQQ,2026-03-06,5,0.0006961825987501187,0.004293126025626203,False,False,False,603.29,604.02,59,603.45,498,499
QQQ,2026-03-06,5,0.002682607759691342,0.001490337644272926,True,False,False,603.89,604.37,72,604.14,544,546
QQQ,2026-03-06,5,0.000563744590539092,0.00208917112964466,False,False,False,603.11,603.47,68,603.22,648,652
QQQ,2026-03-09,6,0.0015848670756645365,0.013803680981595132,False,False,False,586.8,593.64,80,592.89,240,241
QQQ,2026-03-09,6,0.002496584065720728,0.004149727568698296,False,False,False,592.81,593.77,73,593.21,337,340
QQQ,2026-03-09,6,0.002496584065720728,0.004149727568698296,False,False,False,592.81,593.77,73,593.21,339,340
QQQ,2026-03-09,6,0.003712953712953743,6.660006660000602e-05,True,False,False,600.6,600.65,65,600.77,540,541
QQQ,2026-03-10,6,0.0016260162601626166,0.00024636610002459926,False,False,False,608.85,609.99,80,608.99,186,189
QQQ,2026-03-10,6,0.008311611665765094,0.0023115133034967263,True,True,True,609.99,608.49,74,607.01,240,241
QQQ,2026-03-10,5,0.0027505558758131586,0.003656427571440381,True,False,False,607.15,607.74,69,607.55,342,343
QQQ,2026-03-10,4,0.002471495419495156,0.002801028142094585,False,False,False,606.92,607.93,69,607.02,354,358
QQQ,2026-03-10,6,0.0015060734047080493,0.0017352584880331752,False,False,False,610.86,611.2487,80,610.97,480,483
QQQ,2026-03-11,6,0.0013040176950250525,0.0031032319830972817,False,False,False,605.82,607.62,78,607.37,572,573
QQQ,2026-03-11,4,4.94347955046843e-05,0.0010209933098243272,False,False,False,606.86,607.11,80,607.0,717,718
QQQ,2026-03-12,7,0.004070893114233105,0.006379387380231376,True,False,False,604.29,605.61,80,604.62,236,237
QQQ,2026-03-13,6,0.0009341273415737696,0.006855660644881547,False,False,False,599.49,600.73,80,599.56,332,334
QQQ,2026-03-13,6,0.0021677458788608166,0.0015956394068004048,False,False,False,600.7623,601.1,63,600.91,364,367
QQQ,2026-03-13,5,0.0021677458788608166,0.0015956394068004048,False,False,False,600.7623,601.1,63,600.91,366,367
QQQ,2026-03-13,6,0.00048476657259937143,0.003136665432572332,False,False,False,593.6878,595.08,80,593.79,534,538
QQQ,2026-03-16,6,0.002148424488708409,0.0011824661914594675,False,False,False,600.44,600.8,80,600.865,477,478
QQQ,2026-03-18,6,0.005119482106584352,0.004343302561392492,True,True,False,605.53,607.11,80,605.86,226,227
QQQ,2026-03-18,5,0.005387183131176242,0.004990580692071226,True,True,False,605.14,607.11,80,605.5926,227,229
QQQ,2026-03-18,4,0.004489449792986369,0.002294607671970861,True,False,False,601.41,602.01,73,601.47,346,348
QQQ,2026-03-18,5,0.0024685180552079136,0.0007672420982404077,False,False,False,599.55,599.75,77,599.75,601,602
QQQ,2026-03-19,6,0.005210768618300629,0.003270662359291317,True,True,False,593.0603,592.8,79,591.5,240,241
QQQ,2026-03-19,7,0.0020129914067256597,0.006495703362879816,False,False,False,591.16,592.8,78,591.43,241,242
QQQ,2026-03-19,6,0.0017934791804137616,0.0027240580004399334,False,False,False,591.03,592.8,77,591.35,242,243
QQQ,2026-03-19,6,0.0017596994974703704,0.002757990558535381,False,False,False,591.01,592.8,76,591.0836,243,244
QQQ,2026-03-19,4,0.0010344944544313905,0.00432452599803288,False,False,False,589.66,590.3996,58,590.31,381,382
QQQ,2026-03-19,6,0.0014402385712831832,0.003304076722355969,False,False,False,590.18,590.66,71,590.22,629,630
QQQ,2026-03-20,6,0.006037787049286081,0.001882568433906607,True,True,False,589.62,591.14,80,590.4042,329,330
QQQ,2026-03-20,6,0.004922381106217982,0.0003740669579855258,True,False,False,588.13,590.39,73,588.58,346,350
QQQ,2026-03-23,6,0.0005000550908150204,0.001712053022790824,False,False,False,589.935,590.34,80,590.43,675,676
QQQ,2026-03-23,5,0.0004931218010849993,0.002101719124623765,False,False,False,588.09,588.42,80,588.6,819,821
QQQ,2026-03-24,6,0.000884278547742508,0.0013604285349886375,False,False,False,588.05,588.1,80,587.89,177,178
QQQ,2026-03-24,5,0.00020421360743338304,0.0015486198563697086,False,False,False,587.62,588.04,80,587.74,191,193
QQQ,2026-03-24,6,0.003015470024247592,0.0029808626187079763,True,False,False,583.6901,585.8143,68,584.13,331,335
QQQ,2026-03-24,5,0.001172293107256417,0.0006965799622826894,False,False,False,588.59,588.65,80,588.6804,851,853
QQQ,2026-03-25,4,0.0008141388785237256,0.0005766817056208117,False,False,False,589.58,589.7,80,589.69,142,145
QQQ,2026-03-25,6,0.008975598175374347,0.0034423699784639442,True,True,True,589.71,590.14,80,590.32,226,227
QQQ,2026-03-25,7,0.00023786465501146852,0.002157772227602463,False,False,False,588.57,589.4,80,588.59,591,593
QQQ,2026-03-26,7,0.004029256479828935,0.0075627653968544225,True,False,False,583.1597,582.57,80,581.24,240,241
QQQ,2026-03-26,6,0.0003958419385928993,0.01123846895222375,False,False,False,581.04,582.57,79,581.14,241,242
QQQ,2026-03-26,6,0.0017713420925912716,0.005038866341060656,False,False,False,581.48,582.09,80,581.65,330,331
QQQ,2026-03-26,6,0.00504643059441469,0.00024030621878162403,True,True,False,582.59,583.31,67,582.63,400,402
QQQ,2026-03-27,5,0.0012271014111667024,0.01256902445437805,False,False,False,570.45,571.23,80,570.57,239,243
QQQ,2026-03-27,6,0.004378868880135075,0.003473199212155358,True,False,False,568.64,570.18,79,568.88,330,333
QQQ,2026-03-27,4,0.0027478818410809373,0.0013387116661675695,True,False,False,567.71,569.9,80,567.9,348,353
QQQ,2026-03-30,6,0.007381377032968886,0.00012361157710722427,True,True,False,566.29,567.05,80,566.62,330,331
QQQ,2026-03-30,5,0.0037439666884374018,0.00021273949383619637,True,False,False,563.6001,563.79,62,563.825,477,478
QQQ,2026-03-31,6,0.0016826923076923219,0.0014283723522852847,False,False,False,574.08,575.08,46,574.24,574,575
QQQ,2026-04-01,7,0.0020466076188839187,0.0006361682001890377,False,False,False,581.45,583.28,79,581.91,284,287
QQQ,2026-04-01,6,0.0020466076188839187,0.0006361682001890377,False,False,False,581.45,583.22,78,581.71,285,287
QQQ,2026-04-01,6,0.003936471149586004,0.0007838860297875374,True,False,False,586.82,586.8,80,587.02,573,574
QQQ,2026-04-06,6,0.0016353229762876853,0.0018227037339875478,False,False,False,587.04,588.05,62,587.94,395,396
QQQ,2026-04-06,6,0.0032050735632575744,0.0016536815725316902,True,False,False,586.57,586.93,80,587.06,537,538
QQQ,2026-04-07,4,0.0008042849564488719,0.004483460821055161,False,False,False,584.37,584.49,74,584.4,554,556
QQQ,2026-04-08,6,0.0015118151641633404,0.001042823807802431,False,False,False,608.54,608.96,80,608.85,258,259
QQQ,2026-04-08,7,0.0029643780570149836,0.001630407931358194,True,False,False,607.21,608.9,80,608.34,329,330
QQQ,2026-04-09,6,0.0008517535372579927,0.003365666889941813,False,False,False,604.635,605.5,80,604.9,322,324
QQQ,2026-04-10,6,0.0005555192471078985,0.0016340435265670358,False,False,False,612.04,612.13,80,612.14,380,381
QQQ,2026-04-15,6,0.0039021397593419073,0.000313061582828655,True,False,False,633.4217,633.38,80,633.63,507,508
QQQ,2026-04-16,6,0.0037716024213530295,0.0013643634538782496,True,False,False,637.66,638.7702,80,638.18,326,327
QQQ,2026-04-17,6,0.004113070938920063,3.0963567742540855e-05,True,False,False,649.15,649.23,80,649.33,539,540
QQQ,2026-04-20,6,0.0011595009507907796,0.0021334817494550276,False,False,False,646.83,647.29,79,646.845,333,334
QQQ,2026-04-21,6,0.005275335492827332,0.00010797470306964373,True,True,False,648.3,648.4899,69,648.61,393,394
QQQ,2026-04-22,6,0.0004469721490112107,0.00274348422496584,False,False,False,648.81,649.88,80,648.82,322,326
QQQ,2026-04-23,6,0.0009184423218222244,0.0008725202057311567,False,False,False,653.28,653.68,72,653.77,277,278
QQQ,2026-04-28,6,0.00010676427972231577,0.006085563944177548,False,False,False,655.65,656.24,77,656.36,329,330
QQQ,2026-04-29,6,0.002212523489119289,0.0004243195732557021,False,False,False,659.88,660.13,80,659.97,457,458
QQQ,2026-04-29,4,0.003572702800116379,0.003919457980018997,True,False,False,658.1012,660.69,76,659.16,715,718
QQQ,2026-05-01,5,0.0033369916649363747,0.00043010114792507877,True,False,False,674.26,674.28,41,674.6,375,376
QQQ,2026-05-01,6,0.0006531901608574139,0.0009794141948418211,False,False,False,673.7701,674.39,76,674.12,488,490
QQQ,2026-05-04,6,0.000367308776824759,0.00209254697100111,False,False,False,673.82,674.0,80,674.15,292,293
QQQ,2026-05-04,6,0.000801079974484234,0.0024329095521369347,False,False,False,674.09,674.71,80,674.36,322,323
QQQ,2026-05-07,5,0.00013655998217520444,0.005038344605521329,False,False,False,695.665,696.1,80,695.92,345,347
QQQ,2026-05-07,6,0.0009216988061119956,0.0009793049814939441,False,False,False,694.37,694.6,72,695.22,757,758
QQQ,2026-05-07,5,0.00030293850348384527,0.0005626000778984526,False,False,False,693.21,693.5304,70,693.27,874,877
QQQ,2026-05-11,5,0.0017582108446444896,0.0007595470848863684,False,False,False,710.95,710.97,80,711.0182,225,226
QQQ,2026-05-11,4,0.0009986918543315414,0.002967943398084219,False,False,False,710.93,711.31,66,711.0,348,349
QQQ,2026-05-11,5,0.002616880284761616,0.0030037846279387017,True,False,False,710.77,711.66,72,711.44,381,382
QQQ,2026-05-11,6,0.000210737651980951,0.0016286187628112882,False,False,False,712.26,713.1693,80,713.311,516,517
QQQ,2026-05-12,7,0.0018123123973494545,0.007121821373959298,False,False,False,706.28,707.81,80,706.6191,243,244
QQQ,2026-05-12,6,0.0012608196744535074,0.004094122313674916,False,False,False,705.89,707.15,79,706.01,267,270
QQQ,2026-05-12,6,0.002164532786305401,0.004711041946664677,False,False,False,706.85,707.4,79,707.59,329,330
QQQ,2026-05-13,5,0.00012675877804542448,0.0033098125378516114,False,False,False,710.01,710.22,61,710.25,445,447
QQQ,2026-05-14,5,0.0003887862925062642,0.0014718338216303272,False,False,False,720.19,720.59,80,720.42,509,510
QQQ,2026-05-15,6,0.0023146841302997606,0.012194433466945162,False,False,False,708.52,710.58,78,708.94,246,247
QQQ,2026-05-15,6,0.0024883007450764035,0.00429797401422301,False,False,False,707.31,708.46,76,707.83,337,338
QQQ,2026-05-15,4,0.0006340796685877573,0.0032972142766558893,False,False,False,709.69,710.75,44,709.95,406,411
QQQ,2026-05-15,4,0.0006340796685877573,0.0032972142766558893,False,False,False,709.69,710.75,45,709.95,407,411
QQQ,2026-05-18,5,0.0035890789454943984,0.0032401407146824338,True,False,False,702.13,704.08,79,702.38,500,503
QQQ,2026-05-18,6,0.004313965573700432,0.0003417002434614364,True,False,False,702.37,703.1,80,702.72,599,600
QQQ,2026-05-18,4,0.0001854440672163354,0.007332173119169191,False,False,False,701.02,700.96,62,701.11,683,684
QQQ,2026-05-19,5,0.003423094477407544,0.007543644454586928,True,False,False,701.12,701.16,80,701.22,294,298
QQQ,2026-05-19,5,1.431024613622053e-05,0.009058385804235892,False,False,False,698.8,700.55,80,698.78,316,321
QQQ,2026-05-19,5,0.005948012475084441,0.001286655711720332,True,True,False,699.4101,701.15,55,700.29,356,359
QQQ,2026-05-19,6,0.0059478703478645836,0.0002716575399265875,True,True,False,699.41,701.15,55,700.22,359,360
QQQ,2026-05-20,6,0.0010498687664042123,0.0047953465276299855,False,False,False,704.85,706.6,80,704.95,331,332
QQQ,2026-05-20,5,0.0031932252982218965,0.0005626828719333464,True,False,False,710.88,710.99,67,710.96,479,484
QQQ,2026-05-20,5,0.0030529840456962197,0.0004502096288585076,True,False,False,710.78,710.99,72,710.86,484,487
QQQ,2026-05-20,6,0.000971502590673652,0.003519936922730345,False,False,False,710.24,711.74,80,710.64,733,737
QQQ,2026-05-21,6,0.0036371325861704953,0.0010995982237259078,True,False,False,709.35,709.8528,70,709.57,371,372
QQQ,2026-05-22,6,0.0026328986960882455,0.0010169397080129529,True,False,False,717.84,718.87,74,718.2017,358,359
QQQ,2026-05-29,6,0.0010988712828305556,0.0006376166702843869,False,False,False,737.12,737.57,80,737.4,640,641
QQQ,2026-06-02,6,0.0017824589831880852,0.004253595300790077,False,False,False,740.55,742.1,80,740.8,324,328
QQQ,2026-06-03,6,0.007208027974651316,0.0007233483835528192,True,True,False,746.39,747.67,80,746.69,327,331
QQQ,2026-06-03,6,0.007208027974651316,0.0007233483835528192,True,True,False,746.39,747.67,80,746.71,330,331
QQQ,2026-06-04,5,0.00019058509624545503,0.002259794712624858,False,False,False,734.58,734.92,79,734.83,250,251
QQQ,2026-06-04,5,0.00035388593983937784,0.002354702599700428,False,False,False,734.7,734.7,79,734.8,251,252
QQQ,2026-06-04,5,0.0006908416076290463,0.0026685450333907147,False,False,False,738.23,738.35,54,738.7199,466,467
QQQ,2026-06-05,7,0.002333961182540227,0.00045041356154292705,False,False,False,732.66,734.2225,80,732.66,235,236
QQQ,2026-06-05,4,0.006381549484997685,0.0005737796686073694,True,True,False,714.56,715.8,79,714.76,596,598
QQQ,2026-06-08,6,0.0037791205336871604,0.0038769166288288603,True,False,False,715.775,717.97,58,717.16,331,333
QQQ,2026-06-08,5,0.0015821898627835275,0.0051764211705404685,False,False,False,714.2,717.92,73,714.68,354,357
QQQ,2026-06-08,5,0.0033979639954507946,0.0017613935813153335,True,False,False,721.02,721.53,39,721.7201,446,447
QQQ,2026-06-09,6,0.001261541020877924,0.00042975573238687086,False,False,False,721.34,721.63,80,721.7,121,122
QQQ,2026-06-09,6,0.001829014826105099,0.005487044478314982,False,False,False,721.7,722.0,80,721.95,325,326
QQQ,2026-06-09,6,0.002262475632141429,0.0028458812982910483,False,False,False,702.77,705.18,38,703.96,665,669
QQQ,2026-06-10,6,0.0028368794326241393,0.0021061680636147483,True,False,False,697.95,699.99,79,699.8,183,184
QQQ,2026-06-10,6,0.00035720919599354164,0.013288182090959685,False,False,False,699.87,702.69,58,701.05,331,334
QQQ,2026-06-10,4,0.011440288481934572,0.0015131160291310896,True,True,True,707.15,708.64,41,707.49,403,404
QQQ,2026-06-10,6,0.001577558513079427,0.007687012391005068,False,False,False,697.28,700.88,35,698.46,467,468
QQQ,2026-06-10,6,0.0026505057451503234,0.0026505057451503234,True,False,False,697.98,700.29,62,697.96,521,526
QQQ,2026-06-10,6,0.003878052801731921,0.0005662960653175657,True,False,False,697.515,697.73,50,697.62,631,632
QQQ,2026-06-11,5,0.00022876097337789621,0.006319521889565745,False,False,False,699.42,699.785,45,699.84,375,376
QQQ,2026-06-11,6,0.0027086748877326837,0.004191317984175552,True,False,False,701.45,701.92,54,701.71,503,506
NVDA,2025-12-15,6,0.008745697680979422,0.00654516729673304,True,True,True,177.23,177.32,65,177.39,323,324
NVDA,2025-12-15,6,0.007481178412715577,0.005682351040257765,True,True,False,177.0042,177.3756,62,177.11,329,333
NVDA,2025-12-15,6,0.007481178412715577,0.005682351040257765,True,True,False,177.0042,177.3756,59,177.0,332,333
NVDA,2025-12-15,5,0.006362942224484602,0.00868188116851897,True,True,False,176.805,177.3756,58,176.95,334,337
NVDA,2025-12-15,6,0.0019761786090660236,0.002358883292569845,False,False,False,177.1601,177.73,74,177.185,525,530
NVDA,2025-12-16,5,0.006228412887152611,0.0016986580601323987,True,True,False,176.61,176.991,52,176.6284,428,432
NVDA,2025-12-16,6,0.0003334751169714497,0.003686374592372073,False,False,False,176.325,176.7058,47,176.41,556,558
NVDA,2025-12-17,5,0.009320606400898353,0.00035991016282984993,True,True,True,178.1,178.0,80,178.0,291,294
NVDA,2025-12-17,6,0.013838436256703024,0.00011532030213908671,True,True,True,173.43,174.23,47,173.6601,441,446
NVDA,2025-12-17,4,0.0016590505573827552,0.003987542567744578,False,False,False,171.785,171.84,35,171.8301,606,608
NVDA,2025-12-17,4,0.0011066456986428897,0.004543071815481398,False,False,False,171.69,171.84,38,171.76,609,610
NVDA,2025-12-17,6,0.0021624780829924287,0.007948568088837017,False,False,False,171.1,171.43,72,171.14,761,762
NVDA,2025-12-17,6,0.0022620306344913695,0.0006035200658725009,False,False,False,170.9968,171.46,64,171.21,803,805
NVDA,2025-12-18,6,0.011676732815645678,0.0012436008052920037,True,True,True,173.85,174.0954,53,174.0,387,389
NVDA,2025-12-18,4,0.0002863688430697763,0.0018900343642612402,False,False,False,174.6,174.61,66,174.6,903,905
NVDA,2025-12-19,7,0.003741708713645879,0.0007936957877431532,True,False,False,176.39,176.6,75,176.45,232,233
NVDA,2025-12-19,5,5.6954094999540526e-05,0.006321904544936696,False,False,False,175.58,176.07,56,175.58,292,293
NVDA,2025-12-19,5,0.000227596017069656,0.0023897581792317922,False,False,False,175.75,175.89,76,175.7726,332,335
NVDA,2025-12-19,5,0.0013660145586898073,0.024738398544130995,False,False,False,175.84,175.96,80,175.9,376,377
NVDA,2025-12-19,4,0.004127195169242727,0.00027699296437876775,True,False,False,180.51,180.6351,51,180.525,591,592
NVDA,2025-12-22,5,0.0015304728067778144,0.006613828915004143,False,False,False,182.95,183.4,51,183.03,390,395
NVDA,2025-12-22,7,0.0013827092589136685,0.0008545077740563441,False,False,False,183.2634,183.445,72,183.35,472,475
NVDA,2025-12-23,5,0.00021229168878034204,0.0017514064324382365,False,False,False,188.42,188.42,78,188.42,654,658
NVDA,2025-12-23,6,0.0008480865048234739,0.0006890702851690631,False,False,False,188.66,188.96,78,188.73,778,780
NVDA,2025-12-24,5,0.000903678503083223,0.0010099936210929074,False,False,False,188.12,188.1599,48,188.16,528,529
NVDA,2025-12-26,5,0.003993214145895792,7.829831658627055e-05,True,False,False,191.575,191.75,53,191.59,400,403
NVDA,2025-12-29,5,0.002567394094993679,0.0025139067180145426,True,False,False,186.96,187.19,39,187.05,404,405
NVDA,2025-12-29,4,0.0019763848986882404,0.0006951275353320812,False,False,False,187.1599,187.22,73,187.17,483,484
NVDA,2025-12-29,5,0.0005329498080423347,0.0011158969034658827,False,False,False,188.0102,188.06,80,188.02,731,732
NVDA,2025-12-30,6,0.005528386136508569,0.0012949181373590607,True,True,False,188.12,188.54,80,188.2,357,360
NVDA,2025-12-30,6,0.004152028106036416,0.001316405834131777,True,False,False,187.86,188.68,80,188.01,358,361
NVDA,2025-12-30,7,0.004152028106036416,0.001316405834131777,True,False,False,187.86,188.68,80,188.01,359,361
NVDA,2025-12-30,6,0.00093097486367859,0.0005053863545684207,False,False,False,187.975,188.08,47,188.15,484,485
NVDA,2025-12-30,5,0.0010138199669174415,0.0001067178912545234,False,False,False,187.41,187.905,80,187.5,747,752
NVDA,2025-12-31,5,0.00015684856669644773,0.005266390010607202,False,False,False,188.0795,187.98,80,188.1,261,265
NVDA,2025-12-31,6,0.005393686214372641,0.0004753846967373491,True,True,False,189.11,189.65,44,189.11,357,360
NVDA,2025-12-31,5,0.00026838432635540183,0.0014492753623187428,False,False,False,186.3,187.4999,73,186.47,744,749
NVDA,2026-01-02,6,0.0009555479919751143,0.0004714318632974718,False,False,False,189.2108,189.55,73,189.13,235,240
NVDA,2026-01-02,4,0.0009555479919751143,0.0004714318632974718,False,False,False,189.2108,189.55,74,188.17,237,240
NVDA,2026-01-05,6,0.012410700318089501,0.009699118735985739,True,True,True,191.77,191.78,73,191.8509,319,320
NVDA,2026-01-05,6,0.00905190456257858,0.0012086647132691216,True,True,True,191.12,191.79,66,191.25,329,330
NVDA,2026-01-05,5,0.0007375233009459254,0.002789533170386822,False,False,False,189.9601,190.05,65,190.02,432,433
NVDA,2026-01-05,7,0.002480529179558324,0.0030406486717165964,False,False,False,187.46,187.76,62,187.56,540,541
NVDA,2026-01-05,5,0.00676791899813488,5.3290700772666695e-05,True,True,False,187.65,187.88,70,187.68,584,587
NVDA,2026-01-05,4,0.0022371364653244693,0.004474272930648788,False,False,False,187.74,187.99,61,188.0,753,754
NVDA,2026-01-05,5,0.0006401024163866461,0.00976156184989605,False,False,False,187.47,187.99,63,187.55,755,758
NVDA,2026-01-05,5,0.00026673779674570795,0.00986929847959468,False,False,False,187.45,187.99,66,187.55,758,759
NVDA,2026-01-05,6,0.002822902796271644,0.0007989347536618145,True,False,False,187.75,187.9304,62,187.82,815,816
NVDA,2026-01-06,6,0.0006080956032044474,0.0009253628744413872,False,False,False,189.115,189.19,80,189.245,207,208
NVDA,2026-01-06,6,0.0009239546739215492,0.015209065215668767,False,False,False,189.295,189.89,63,189.67,397,398
NVDA,2026-01-06,5,0.00023492689425050993,0.004511338802233392,False,False,False,188.5693,189.47,36,188.81,537,539
NVDA,2026-01-07,6,0.0005876376858090595,0.01737782055395145,False,False,False,187.02,188.0798,77,187.61,375,376
NVDA,2026-01-08,6,0.00042140750105358464,0.0008954909397386614,False,False,False,189.84,189.91,79,189.95,232,235
NVDA,2026-01-08,5,0.003344120819849,0.002049622437971928,True,False,False,185.4,186.03,39,185.585,460,465
NVDA,2026-01-12,6,5.414478315009424e-05,0.007553197249445072,False,False,False,184.69,184.86,48,184.7626,458,459
NVDA,2026-01-12,5,0.004391132055264119,0.001124558209274818,True,False,False,186.74,186.775,80,186.76,632,634
NVDA,2026-01-12,6,0.0043378139559792335,0.0011781716917474369,True,False,False,186.73,186.775,80,186.74,634,635
NVDA,2026-01-12,5,0.003911063487811509,0.0003750334851325646,True,False,False,186.65,186.81,80,186.68,643,646
NVDA,2026-01-13,6,0.0011894463667820006,0.000540657439446336,False,False,False,184.96,185.39,80,185.17,213,217
NVDA,2026-01-13,5,0.009806956052844316,0.0010245349150714356,True,True,True,185.45,185.55,47,185.465,349,350
NVDA,2026-01-14,6,0.0,0.002934304189534272,False,False,False,184.03,184.44,80,184.38,228,229
NVDA,2026-01-14,6,0.0010840108401083395,0.0013008130081301305,False,False,False,184.5,184.59,76,184.65,330,331
NVDA,2026-01-14,6,0.0007980626341571371,0.003467444548406602,False,False,False,181.69,181.82,80,181.78,576,577
NVDA,2026-01-14,6,0.0012509799067542304,0.0025993316004455807,False,False,False,181.7775,181.97,78,181.77,609,611
NVDA,2026-01-14,6,0.0014365395799515973,0.008560141080226997,False,False,False,181.0601,181.8,80,181.67,705,706
NVDA,2026-01-16,6,0.0003184544344780122,0.010774375033172343,False,False,False,188.41,188.4,80,188.47,377,378
NVDA,2026-01-16,5,0.006293984862568064,0.0009826052317089484,True,True,False,188.275,188.9015,45,188.455,426,430
NVDA,2026-01-20,7,0.007169644826825408,0.011305978380763354,True,True,False,181.32,182.51,58,182.3,238,239
NVDA,2026-01-20,6,0.001748801798386302,0.005477651913954051,False,False,False,179.8946,182.04,66,180.36,333,338
NVDA,2026-01-22,6,0.0017367706919945356,0.0064043419267300235,False,False,False,184.25,184.7885,75,184.67,387,388
NVDA,2026-01-22,6,0.0028620801382438768,0.002268063505778094,True,False,False,185.18,185.45,62,185.37,540,541
NVDA,2026-01-22,5,0.0011933174224345155,0.0026036016489476553,False,False,False,184.36,184.5054,75,184.35,808,811
NVDA,2026-01-22,6,0.001249049636146355,0.00021722602367774772,False,False,False,184.14,184.48,80,184.14,869,872
NVDA,2026-01-23,6,0.0185387714584451,0.007962818807938636,True,True,True,187.1699,187.52,75,187.22,291,292
NVDA,2026-01-23,6,0.00016015374759769985,0.004890561605808244,False,False,False,187.32,187.725,79,187.3299,514,516
NVDA,2026-01-27,6,0.00010692328254482882,0.0008019246190856843,False,False,False,187.05,187.41,79,187.08,285,290
NVDA,2026-01-27,6,0.006254655672857131,0.00503668884265329,True,True,False,186.8688,187.16,80,187.19,375,376
NVDA,2026-01-29,6,0.004188262394638935,0.0026176639966493903,True,False,False,191.01,191.12,80,191.04,267,268
NVDA,2026-01-29,6,0.010169846928077153,0.006919689662403133,True,True,True,190.76,191.47,74,191.12,383,384
NVDA,2026-01-29,5,8.800126468890957e-05,0.005322232175791699,False,False,False,189.77,190.005,51,189.83,619,623
NVDA,2026-01-29,6,0.0010251557448150417,0.0029703230554898284,False,False,False,190.215,190.35,75,190.305,677,679
NVDA,2026-01-30,5,0.0021655186808599044,0.014871634314339506,False,False,False,191.64,192.44,39,191.81,441,444
NVDA,2026-01-30,7,0.0028239723878254997,0.0009936199142349007,True,False,False,191.22,191.46,59,191.41,685,686
NVDA,2026-01-30,6,0.002876117763949082,0.000941274904565219,True,False,False,191.23,191.425,59,191.365,686,687
NVDA,2026-01-30,6,0.003510242573479415,0.0003667417614082526,True,False,False,190.87,190.92,42,190.85,795,796
NVDA,2026-02-02,5,0.0014038247602903785,0.005403400964136154,False,False,False,188.77,188.9461,62,188.91,458,459
NVDA,2026-02-02,6,0.0009491167940944204,0.002372791985235901,False,False,False,189.65,189.805,62,189.68,567,568
NVDA,2026-02-03,4,0.003453846582363125,0.0016155088852989833,True,False,False,179.51,179.64,53,179.51,837,839
NVDA,2026-02-03,5,0.002023957226888625,0.003052671980577172,False,False,False,179.2528,179.64,54,179.4511,841,843
NVDA,2026-02-04,6,0.02025905014945199,0.005645964795748977,True,True,True,180.66,180.79,53,180.7,272,275
NVDA,2026-02-04,6,0.012992806557742778,0.008195505492667088,True,True,True,179.33,180.96,59,180.5,294,295
NVDA,2026-02-04,5,2.8916777514287507e-05,0.011884795558383014,False,False,False,172.91,173.2634,42,173.27,643,644
NVDA,2026-02-04,5,0.0025587159481845864,0.005855853277388828,True,False,False,174.697,175.185,29,175.085,721,725
NVDA,2026-02-04,5,0.0025587159481845864,0.005855853277388828,True,False,False,174.697,175.185,32,175.085,724,725
NVDA,2026-02-04,6,0.004912882033704734,0.01399600114253064,True,False,False,175.05,175.49,59,175.1,764,765
NVDA,2026-02-04,5,0.0014360204424385117,0.0016073509818818137,False,False,False,177.4348,177.75,58,177.81,890,891
NVDA,2026-02-05,6,0.005472187746812586,0.0,True,True,False,177.26,177.75,64,177.32,199,203
NVDA,2026-02-05,6,0.0029734675205854402,0.002801921317474892,True,False,False,174.88,175.22,53,174.9448,582,584
NVDA,2026-02-05,6,0.005846927439630474,0.0016371396830965393,True,True,False,171.03,171.3,57,171.12,914,916
NVDA,2026-02-06,6,0.002877454299255356,0.0009027307605506465,True,False,False,177.24,177.39,64,177.25,240,241
NVDA,2026-02-06,4,0.02590320381731426,0.005453306066803045,True,True,True,176.04,176.9,45,176.09,300,302
NVDA,2026-02-06,6,0.0017094035629110263,0.0014079673494703418,False,False,False,184.4503,184.69,80,184.52,672,673
NVDA,2026-02-06,6,0.0014912423404371004,0.0020058565153733597,False,False,False,184.41,184.69,80,184.44,673,674
NVDA,2026-02-09,6,0.00038120132875888027,0.0031040679627511473,False,False,False,183.63,183.72,75,183.65,176,178
NVDA,2026-02-09,6,0.003837819491945724,0.0006526903897867008,True,False,False,191.515,191.745,67,191.575,526,531
NVDA,2026-02-09,6,0.0067567567567567155,0.0012046930651582767,True,True,False,190.92,191.13,80,190.94,654,655
NVDA,2026-02-10,6,0.0005236424569303781,0.0010472849138607563,False,False,False,190.97,191.05,51,191.15,107,108
NVDA,2026-02-10,6,0.007471264367816127,0.0,True,True,False,191.4,191.619,61,191.35,282,283
NVDA,2026-02-10,6,0.01289139263723296,0.003170444124197659,True,True,True,190.825,191.37,69,191.08,375,376
NVDA,2026-02-10,6,0.0027953586497890355,0.0012130801687764673,True,False,False,189.6,189.86,65,189.91,598,599
NVDA,2026-02-10,6,0.0021717251973091614,0.000211875629005882,False,False,False,188.79,189.04,72,188.82,752,754
NVDA,2026-02-11,5,0.0037649027400125435,0.010562643798368446,True,False,False,191.24,191.68,43,191.24,374,375
NVDA,2026-02-11,5,0.0024526332272039016,0.0017746228926353328,False,False,False,191.59,191.76,67,191.75,677,681
NVDA,2026-02-11,6,0.0029222981787820398,0.0005740228565465409,True,False,False,191.63,191.76,67,191.7,681,686
NVDA,2026-02-12,5,0.0002614105714435686,0.0016730276572384229,False,False,False,191.27,191.32,43,191.36,100,101
NVDA,2026-02-12,5,0.0,0.0038610038610039084,False,False,False,191.66,191.73,80,191.73,222,223
NVDA,2026-02-12,6,0.006995291761025496,0.0026080334947282966,True,True,False,191.6003,192.04,77,192.05,278,279
NVDA,2026-02-12,6,0.007240391955583221,0.0028164317034851333,True,True,False,191.9095,192.32,74,192.159,372,376
NVDA,2026-02-12,6,0.006777186946095209,0.0030236680221041212,True,True,False,191.82,192.32,70,191.85,376,379
NVDA,2026-02-12,6,0.002935032655543546,0.003410983896983052,True,False,False,189.095,189.49,48,189.5,578,579
NVDA,2026-02-12,5,0.0011630365827870527,0.00417635863818985,False,False,False,189.16,189.64,61,189.37,647,649
NVDA,2026-02-12,6,0.0033855268726194795,0.0023275497249259296,True,False,False,189.04,189.58,66,189.05,663,665
NVDA,2026-02-13,6,0.0035934566908017566,0.007026012335746862,True,False,False,186.45,186.88,72,186.7,290,292
NVDA,2026-02-13,6,0.0035934566908017566,0.007026012335746862,True,False,False,186.45,186.88,72,186.59,291,292
NVDA,2026-02-13,6,0.021169138190414775,0.003169997850848933,True,True,True,186.12,187.68,54,187.28,380,382
NVDA,2026-02-13,4,0.0047197960180112,0.001736016926164993,True,False,False,184.33,184.37,50,184.325,578,579
NVDA,2026-02-13,4,0.004422737756071077,0.001546601546601528,True,False,False,184.275,184.37,55,184.3,583,585
NVDA,2026-02-17,6,0.006721763085399443,0.005234159779614262,True,True,False,181.5,181.38,77,181.03,221,222
NVDA,2026-02-17,5,0.007477981498919816,0.002935800144020391,True,True,False,180.53,181.17,50,180.85,327,328
NVDA,2026-02-17,6,0.00035386667392545785,0.005906851403217508,False,False,False,183.685,184.18,56,183.6865,470,475
NVDA,2026-02-17,5,0.0007074829931972542,0.006312925170068009,False,False,False,183.75,184.234,69,183.79,502,506
NVDA,2026-02-17,5,0.00522122941113144,0.0011303692539563351,True,True,False,185.78,185.86,48,185.78,644,649
NVDA,2026-02-18,7,0.0018114976823485718,0.007885342852576001,False,False,False,187.69,188.67,66,187.88,379,380
NVDA,2026-02-19,5,0.003569032604320365,0.007003891050583694,True,False,False,186.325,187.08,80,186.51,377,381
NVDA,2026-02-19,7,0.003569032604320365,0.007003891050583694,True,False,False,186.325,187.08,80,186.51,378,381
NVDA,2026-02-19,6,0.003569032604320365,0.007003891050583694,True,False,False,186.325,187.08,80,186.51,379,381
NVDA,2026-02-20,6,0.0024089935760172217,0.0005353319057815541,False,False,False,186.8,187.25,76,187.19,305,306
NVDA,2026-02-20,5,0.0026920031670625015,0.000422275006598113,True,False,False,189.45,189.68,47,189.5,660,661
NVDA,2026-02-23,6,0.008020684924278307,0.0071764023006702215,True,True,True,189.51,189.57,80,189.49,233,234
NVDA,2026-02-23,6,0.002344653614063774,0.0009629827343475922,False,False,False,191.073,191.37,58,191.405,587,588
NVDA,2026-02-24,6,0.012429996622025756,0.003985588012565336,True,True,True,189.7587,190.66,73,190.34,384,385
NVDA,2026-02-25,5,0.0005140761141402887,0.0012905934877518487,False,False,False,194.3292,194.4,80,194.06,294,298
NVDA,2026-02-25,5,0.002008445771964233,0.011267895766814235,False,False,False,194.18,194.48,80,194.36,382,386
NVDA,2026-02-25,6,0.0014942291838418202,0.011788953009068334,False,False,False,194.08,194.65,80,194.24,386,388
NVDA,2026-02-25,5,0.019538007530273755,0.0022896102574540404,True,True,True,196.54,197.55,30,196.63,903,907
NVDA,2026-02-26,6,0.009676443906864165,0.0,True,True,True,198.42,198.43,58,198.58,139,140
NVDA,2026-02-26,5,0.011183078635765651,0.006932496710859248,True,True,True,197.62,197.65,47,197.77,285,286
NVDA,2026-02-26,6,0.03326392768269759,0.0008125539586613,True,True,True,196.91,197.39,68,197.08,364,365
NVDA,2026-02-26,6,0.00010819583446027488,0.010008114687584498,False,False,False,184.85,185.59,35,184.97,646,650
NVDA,2026-02-26,4,0.0021581375273139586,0.00229302112277111,False,False,False,185.345,185.52,50,185.44,682,685
NVDA,2026-02-26,5,0.0012150996381702995,0.0035102878436032063,False,False,False,185.17,185.53,56,185.25,694,696
NVDA,2026-02-27,6,0.0012686855314688608,0.003585415632412189,False,False,False,181.29,181.7,34,181.37,467,468
NVDA,2026-02-27,6,0.012485856063010956,8.342193414600552e-05,True,True,True,178.6101,178.825,59,178.63,748,749
NVDA,2026-03-02,5,0.0031525851197982996,0.01564828614008936,True,False,False,174.46,174.75,49,174.64,293,296
NVDA,2026-03-02,7,0.000905275285984649,0.0017831179875457005,False,False,False,182.265,182.6934,69,182.41,560,565
NVDA,2026-03-02,6,0.005012050832602936,0.0015885188431200264,True,True,False,182.56,182.54,67,182.615,660,661
NVDA,2026-03-02,6,0.002854554936458605,0.0021134685587243397,True,False,False,182.165,182.625,66,182.46,666,667
NVDA,2026-03-02,6,0.0020904389921883345,0.0038508086698206,False,False,False,181.78,182.48,79,182.26,768,769
NVDA,2026-03-03,6,0.00034003967129499733,0.005043921790875686,False,False,False,176.45,176.68,63,176.6,198,199
NVDA,2026-03-03,5,0.0069534009981495485,0.0022991083945494116,True,True,False,178.33,179.1701,28,178.47,435,439
NVDA,2026-03-03,4,0.0032856267750738066,0.0036197583115220007,True,False,False,179.57,179.87,42,179.64,548,550
NVDA,2026-03-03,6,0.0018409448212901326,0.004907141315519829,False,False,False,179.3101,179.87,59,179.34,570,572
NVDA,2026-03-03,6,0.0038868375024292104,0.001193814375746153,True,False,False,180.095,180.05,51,180.22,661,662
NVDA,2026-03-03,6,0.002028623037376735,0.0021953591774349413,False,False,False,179.925,180.23,62,179.97,769,771
NVDA,2026-03-04,6,0.008043190832966108,0.00793301013662405,True,True,True,181.52,182.2,80,182.05,385,386
NVDA,2026-03-04,6,0.002799141234339836,0.0004076419273309706,True,False,False,183.985,184.34,41,184.1,689,691
NVDA,2026-03-04,5,0.0007106931992127458,0.002241417012901952,False,False,False,182.92,182.94,77,183.0,900,901
NVDA,2026-03-05,6,0.01805646749835841,0.0015867804771285865,True,True,True,182.76,183.39,67,182.88,545,547
NVDA,2026-03-06,6,0.006748907451457647,0.0022902030204126084,True,True,False,180.77,180.99,76,180.925,319,322
NVDA,2026-03-06,4,0.006904139733186607,0.0007976894512445705,True,True,False,181.775,181.79,50,181.82,537,538
NVDA,2026-03-06,4,0.005837647317986574,0.0018173807688070497,True,True,False,181.58,181.78,50,181.66,540,541
NVDA,2026-03-06,4,0.004060773480663059,0.00027624309392271473,True,False,False,181.0,181.21,56,181.085,639,640
NVDA,2026-03-09,6,0.007984487281852434,0.007813391125812733,True,True,True,175.34,176.29,80,175.91,237,240
NVDA,2026-03-09,5,0.0019300635785649604,0.0027815622161671723,False,False,False,176.16,176.37,79,176.25,269,272
NVDA,2026-03-09,6,0.0015355741341068659,0.012398339305010398,False,False,False,175.83,176.33,61,176.0,336,339
NVDA,2026-03-09,6,0.0015355741341068659,0.012398339305010398,False,False,False,175.83,176.42,60,176.0,338,339
NVDA,2026-03-10,7,0.007884459832080864,0.006027392158913655,True,True,True,182.5997,182.61,72,182.11,236,237
NVDA,2026-03-10,5,0.004874554648954138,0.00254109643971834,True,False,False,182.0474,182.61,71,182.11,237,238
NVDA,2026-03-10,4,0.0010964906269240917,0.010909533492580198,False,False,False,182.4001,182.39,52,182.42,357,358
NVDA,2026-03-10,5,0.0013744778331760972,0.00301846112383777,False,False,False,185.525,185.71,31,185.5861,448,450
NVDA,2026-03-10,6,0.0018070989319236594,0.001402524544179474,False,False,False,185.38,185.82,60,185.52,476,477
NVDA,2026-03-10,6,0.0023445079228198895,0.0015091085480219962,False,False,False,185.54,185.82,69,185.5528,569,570
NVDA,2026-03-10,5,0.00504940818764256,0.0039092192420458185,True,True,False,184.18,184.805,61,184.21,681,686
NVDA,2026-03-13,5,0.0,0.01828966880870002,False,False,False,182.07,184.5,42,184.5,219,224
NVDA,2026-03-13,6,0.00118692723859984,0.0029253615987635327,False,False,False,181.14,181.41,76,181.1307,514,517
NVDA,2026-03-13,5,0.005189642797990382,0.0011041793187214544,True,True,False,181.13,181.4,79,181.21,558,560
NVDA,2026-03-13,6,0.0017734426956328595,0.002133673243183279,False,False,False,180.44,180.7001,72,180.585,659,660
NVDA,2026-03-16,5,0.0065169769989046975,0.005777656078860936,True,True,False,182.6,184.78,33,183.41,675,679
NVDA,2026-03-16,6,0.001096070586945737,0.0008220529402093806,False,False,False,182.47,183.2,61,182.55,755,760
NVDA,2026-03-17,7,0.0025586586096140174,0.0003810768141977962,True,False,False,183.69,183.69,80,183.67,153,155
NVDA,2026-03-17,5,0.004157094409801942,0.0002182474565146983,True,False,False,182.82,182.97,63,182.85,610,614
NVDA,2026-03-18,6,0.006772625484734333,0.0024031896881315075,True,True,False,183.09,183.4,80,183.2,234,237
NVDA,2026-03-18,6,0.00212638959366685,0.008254323042255582,False,False,False,181.1051,182.09,56,181.7,324,325
NVDA,2026-03-19,5,0.0015138772077374926,0.011998878609475834,False,False,False,178.35,179.78,54,178.48,237,239
NVDA,2026-03-19,6,0.0015138772077374926,0.011998878609475834,False,False,False,178.35,179.78,53,178.45,238,239
NVDA,2026-03-19,5,0.0003368137420005269,0.003648815538340663,False,False,False,178.14,179.78,52,178.45,239,240
NVDA,2026-03-19,6,0.0003368137420005269,0.003648815538340663,False,False,False,178.14,179.78,52,178.3,240,241
NVDA,2026-03-19,5,0.0019156657640754143,0.001988697010213214,False,False,False,178.006,178.1601,57,178.06,445,447
NVDA,2026-03-19,6,0.004262000897263296,0.00025235531628541903,True,False,False,178.32,178.36,56,178.33,522,523
NVDA,2026-03-20,6,0.00633054487904124,0.006302283517974278,True,True,False,176.92,178.3,77,177.95,321,322
NVDA,2026-03-23,6,0.0007886582043284959,0.005525117269923446,False,False,False,177.3899,177.58,52,177.43,399,404
NVDA,2026-03-23,6,0.001541313888773252,0.0021085356605022934,False,False,False,175.2401,175.555,60,175.35,536,541
NVDA,2026-03-23,6,0.0023836799911031554,0.002609508278762757,False,False,False,176.2401,176.41,76,176.25,681,682
NVDA,2026-03-23,6,0.004261121527185955,0.0005113345832623341,True,False,False,176.01,176.56,79,176.17,709,710
NVDA,2026-03-24,6,5.68892934349238e-05,0.0029582432586187863,False,False,False,175.78,175.74,80,175.78,162,163
NVDA,2026-03-24,6,0.0018387633327541716,0.005270892210168419,False,False,False,174.4107,174.9442,58,174.51,317,318
NVDA,2026-03-24,5,0.0015492311223319385,0.006024787697957375,False,False,False,174.28,174.9442,64,174.4,325,327
NVDA,2026-03-24,6,0.0021107878372982176,0.002424553596896636,False,False,False,175.29,175.56,53,175.5,453,454
NVDA,2026-03-24,5,0.0005701254275940383,0.00205245153933857,False,False,False,175.4,175.575,52,175.52,632,633
NVDA,2026-03-24,5,0.0027090997233866275,0.0007984714974191482,True,False,False,175.335,175.6015,75,175.4301,664,669
NVDA,2026-03-25,6,0.006473402758232511,0.004052913031241198,True,True,False,177.65,177.64,80,177.86,215,216
NVDA,2026-03-25,6,0.0014116318464144552,0.01547148503670248,False,False,False,177.1,177.57,66,177.17,314,316
NVDA,2026-03-26,5,0.0005676979846721221,0.013170593244393944,False,False,False,176.15,176.67,75,176.2,224,226
NVDA,2026-03-26,5,0.0005676979846721221,0.013170593244393944,False,False,False,176.15,176.67,75,176.2,225,226
NVDA,2026-03-26,4,1.987394242236387e-05,0.01340071546192712,False,False,False,176.11,176.67,75,176.17,226,227
NVDA,2026-03-26,6,0.00477245611044829,0.002840747684790637,True,False,False,176.01,176.4535,79,176.26,308,311
NVDA,2026-03-26,6,0.00477245611044829,0.002840747684790637,True,False,False,176.01,176.4535,79,176.26,310,311
NVDA,2026-03-27,5,0.006890913338005179,0.00040878299462738366,True,True,False,171.24,171.4,60,171.36,270,271
NVDA,2026-03-27,6,0.007437577474765309,0.009208429254471415,True,True,False,169.41,170.3,29,169.47,328,331
NVDA,2026-03-27,6,0.007437577474765309,0.009208429254471415,True,True,False,169.41,170.3,30,169.47,329,331
NVDA,2026-03-27,5,0.005619639160011932,0.0020112392783198756,True,True,False,169.05,170.43,41,169.08,345,349
NVDA,2026-03-27,5,0.002862254025044662,0.0004174120453191509,True,False,False,167.7,168.1401,80,167.785,639,643
NVDA,2026-03-30,6,0.0006527027828874008,0.004628256096837365,False,False,False,168.53,168.58,61,168.54,239,240
NVDA,2026-03-30,4,0.012981624184943674,0.004445761707172496,True,True,True,168.7,169.13,68,169.0,325,326
NVDA,2026-03-30,6,0.007227332457292914,0.0037032612591088557,True,True,False,167.42,169.13,74,167.7,331,335
NVDA,2026-03-31,6,0.0003196391310126009,0.005606254870905289,False,False,False,167.0634,167.21,45,167.23,247,248
NVDA,2026-03-31,7,0.004092769440654834,0.0020348232247323736,True,False,False,172.988,173.545,43,173.015,565,570
NVDA,2026-03-31,6,0.00031612829060799177,0.005000574778710223,False,False,False,173.98,174.095,57,174.0,708,709
NVDA,2026-04-01,6,0.001257358404297873,0.009315882722752446,False,False,False,174.97,176.24,42,175.34,327,329
NVDA,2026-04-01,6,0.0013082569851475927,0.0023621464747056497,False,False,False,175.73,175.86,54,175.76,709,711
NVDA,2026-04-01,6,0.0003405994550408848,0.0016462306993641693,False,False,False,176.16,176.24,55,176.2565,890,891
NVDA,2026-04-02,6,0.001990166237415145,0.017033481620229433,False,False,False,170.84,170.9,65,170.85,307,308
NVDA,2026-04-02,5,0.0023844669013284177,0.003519927330532557,False,False,False,176.14,176.7,54,176.24,464,467
NVDA,2026-04-02,6,0.0011904491833031117,0.004140199637023697,False,False,False,176.32,176.5,77,176.52,583,584
NVDA,2026-04-02,5,0.00022656471254613685,0.003398470688190282,False,False,False,176.55,176.7,79,176.6,621,622
NVDA,2026-04-06,5,0.0002832861189802344,0.006288951841359851,False,False,False,176.5,176.755,73,176.53,435,437
NVDA,2026-04-07,6,0.004138954699854391,0.0026546399109411323,True,False,False,175.165,175.46,54,175.49,355,356
NVDA,2026-04-07,6,0.003360482998234342,0.001253061456968724,True,False,False,175.57,175.75,79,175.62,623,627
NVDA,2026-04-08,6,0.005196773669679963,0.0008661289449466605,True,True,False,184.73,184.85,80,184.8,173,176
NVDA,2026-04-08,7,0.006751429349305776,0.0058807514293492185,True,True,False,183.65,184.61,80,184.4,330,331
NVDA,2026-04-08,6,0.010476918039943182,0.003901560624249719,True,True,True,183.26,184.61,77,183.57,335,339
NVDA,2026-04-08,7,0.010476918039943182,0.003901560624249719,True,True,True,183.26,184.61,77,183.57,336,339
NVDA,2026-04-09,5,0.001852861035422362,0.001305722070844664,False,False,False,183.5,183.56,80,183.54,550,551
NVDA,2026-04-16,5,0.001819468310926987,0.0018194683109268432,False,False,False,197.86,197.97,49,197.92,211,213
NVDA,2026-04-16,6,0.007451338199513376,0.0026358475263585273,True,True,False,197.28,197.87,80,197.5,322,323
NVDA,2026-04-17,6,0.004803247658896096,0.0007471607890018215,True,False,False,200.76,201.08,55,200.82,367,368
NVDA,2026-04-20,7,0.007850392519626088,0.0027001350067502976,True,True,True,199.99,200.1,80,200.0,320,321
NVDA,2026-04-20,6,0.0014566170633575468,0.006577120618035435,False,False,False,199.1601,200.2,80,199.68,325,326
NVDA,2026-04-21,5,0.0008388019933882049,0.0014802388118617031,False,False,False,202.67,202.65,80,202.724,242,243
NVDA,2026-04-21,6,0.005020356170542225,0.002533656367859788,True,True,False,200.185,200.5,60,200.37,685,688
NVDA,2026-04-21,6,0.002846578148732975,0.00526361636577178,True,False,False,199.7486,200.5,63,200.38,688,689
NVDA,2026-04-22,6,0.0038448095071653777,0.004044539871173926,True,False,False,200.27,200.97,75,200.43,303,304
NVDA,2026-04-23,5,0.0031486039966253506,0.010353910623663606,True,False,False,201.7402,202.4299,80,201.8,314,316
NVDA,2026-04-23,6,0.0031486039966253506,0.010353910623663606,True,False,False,201.7402,202.4299,80,201.8,315,316
NVDA,2026-04-23,6,0.0015599078911530825,0.0026988882561219574,False,False,False,201.935,202.5,48,202.01,363,367
NVDA,2026-04-23,5,0.007449800187478371,0.00014800927524792113,True,True,False,202.69,202.74,48,202.7,431,433
NVDA,2026-04-23,6,0.005634638196915709,0.001977066034005564,True,True,False,202.32,202.6,50,202.54,434,435
NVDA,2026-04-23,6,0.010389797643315237,0.00039278078854476076,True,True,True,201.13,201.51,73,201.3906,526,527
NVDA,2026-04-23,4,0.00030156815440290647,0.002561318858061952,False,False,False,198.96,199.12,57,199.0801,720,721
NVDA,2026-04-24,5,0.0019026075978857838,0.0016318021208449344,False,False,False,200.8822,201.15,33,201.062,226,227
NVDA,2026-04-24,6,0.003026372676178102,0.005043954460296928,True,False,False,208.17,208.34,52,208.48,684,685
NVDA,2026-04-27,5,0.0005275526353651394,0.010646971368279693,False,False,False,208.51,210.32,66,209.0,344,346
NVDA,2026-04-27,5,0.0005570513415652035,0.0065221427908272265,False,False,False,215.42,215.67,62,215.44,680,685
NVDA,2026-04-28,6,0.011190520970472049,0.0008914801579837523,True,True,True,212.68,213.25,70,212.73,188,191
NVDA,2026-04-28,6,0.003803918754037254,0.01748845666164263,True,False,False,208.995,209.9,59,209.33,327,330
NVDA,2026-04-28,5,0.014195135800132487,4.7317119335345725e-07,True,True,True,211.34,212.47,28,211.8,391,395
NVDA,2026-04-28,6,0.00019092167438304635,0.006586797766216388,False,False,False,209.51,209.6812,52,209.8,518,519
NVDA,2026-04-29,5,0.0020583832335329235,0.0,False,False,False,213.76,213.99,80,213.75,224,229
NVDA,2026-04-29,6,0.007035607569125599,0.000812665528584219,True,True,False,209.0651,209.37,76,209.07,583,588
NVDA,2026-04-29,4,0.00523988078069418,0.009181809441399848,True,True,False,208.02,209.09,72,208.6,720,723
NVDA,2026-04-29,6,4.7998464049106775e-05,0.015071517711433169,False,False,False,208.34,208.79,62,208.62,830,831
NVDA,2026-04-30,6,0.023752969121140142,0.00047505938242277585,True,True,True,210.5,210.7696,80,210.59,302,307
NVDA,2026-04-30,6,0.005125472684690048,0.003125385205714683,True,True,False,201.1912,201.755,38,201.2,433,437
NVDA,2026-04-30,5,0.001246820607451,0.004189317241035377,False,False,False,200.51,200.77,53,200.58,599,602
NVDA,2026-04-30,5,0.0014626081589953583,0.004137450044279666,False,False,False,199.3015,201.15,46,199.33,717,718
NVDA,2026-05-01,6,0.0039513829840445176,0.003450707747711671,True,False,False,199.93,201.11,63,200.19,338,342
NVDA,2026-05-01,5,0.003604866569869318,0.00027537175186505194,True,False,False,199.73,199.925,47,199.7801,585,589
NVDA,2026-05-01,6,0.0037694124742423483,0.0019098356536161002,True,False,False,198.97,198.85,44,199.0599,702,703
NVDA,2026-05-01,6,0.0020892591939990035,0.000679638532987738,False,False,False,198.635,198.76,44,198.772,707,708
NVDA,2026-05-04,6,0.0019111804053715427,0.004677362571040479,False,False,False,198.83,198.94,58,199.01,298,299
NVDA,2026-05-04,6,0.0045333199012743955,0.01611847076008658,True,False,False,198.53,199.16,78,198.88,329,330
NVDA,2026-05-04,7,0.013511158660879543,0.0031042434115879326,True,True,True,197.4072,198.17,43,197.42,414,417
NVDA,2026-05-04,6,0.001716564850810337,0.003433129701620674,False,False,False,198.07,198.47,49,198.33,713,714
NVDA,2026-05-05,6,0.005970898143502246,0.0047165077772202595,True,True,False,199.3,199.5,64,199.54,321,322
NVDA,2026-05-05,5,0.00491245748834863,0.002796321954906194,True,False,False,198.475,199.57,70,198.66,347,352
NVDA,2026-05-05,5,0.00491245748834863,0.002796321954906194,True,False,False,198.475,199.57,70,198.66,348,352
NVDA,2026-05-05,6,0.006289308176100629,0.0014088050314465467,True,True,False,198.75,199.57,70,199.0,350,351
NVDA,2026-05-05,5,0.000608285753501988,0.0022786657826854083,False,False,False,197.4401,197.66,56,197.63,513,514
NVDA,2026-05-05,6,0.004462700948323929,0.0001521375323292314,True,False,False,197.19,197.5,79,197.33,639,642
NVDA,2026-05-06,6,0.0004022728415548474,0.02911449690752749,False,False,False,198.87,200.3,59,199.25,326,330
NVDA,2026-05-06,4,0.003208189454607798,0.0147674674895306,True,False,False,204.165,205.0,44,204.31,427,431
NVDA,2026-05-06,5,0.0012662343050892438,0.004591441740042281,False,False,False,204.8594,205.0,44,205.18,468,469
NVDA,2026-05-06,4,0.0013032845699892902,0.004554174171535782,False,False,False,204.867,205.0,44,204.91,469,471
NVDA,2026-05-06,5,0.001841048732338124,0.0010521656191623179,False,False,False,207.3818,207.4499,61,207.46,753,754
NVDA,2026-05-06,6,0.008350226855874207,0.0031373684718602455,True,True,True,207.18,207.55,65,207.28,808,811
NVDA,2026-05-06,6,0.003395585738539981,0.008149405772495788,True,False,False,206.15,207.5,63,206.3,820,822
NVDA,2026-05-07,5,0.004366393167314412,0.0010551317115301355,True,False,False,208.41,208.72,77,208.55,190,193
NVDA,2026-05-07,6,0.0020779973904219147,0.017252210892572332,False,False,False,206.93,208.28,48,208.31,328,329
NVDA,2026-05-07,6,0.0022708605111851905,0.017055611924433497,False,False,False,206.97,208.28,48,208.085,329,330
NVDA,2026-05-07,4,0.0027775162414084126,0.002353827323227568,True,False,False,212.42,212.72,56,212.51,643,646
NVDA,2026-05-08,6,0.001032330721223909,0.021819717516775267,False,False,False,213.11,213.47,76,213.25,326,327
NVDA,2026-05-08,5,0.002965708989805444,0.001668211306765455,True,False,False,215.8,216.1699,50,216.0,471,474
NVDA,2026-05-08,6,0.002965708989805444,0.001668211306765455,True,False,False,215.8,216.1699,51,216.0,473,474
NVDA,2026-05-11,4,0.002219678029860484,0.0009579663076239355,False,False,False,213.995,214.0791,50,214.02,229,231
NVDA,2026-05-11,7,0.0015898251192368999,0.0010287103712709196,False,False,False,213.86,214.0791,62,213.95,241,242
NVDA,2026-05-11,6,0.004743618703410811,4.517732098495291e-05,True,False,False,221.35,221.72,73,221.45,514,518
NVDA,2026-05-12,6,0.005224085784987564,0.004078452937402689,True,True,False,218.22,218.71,22,218.64,390,391
NVDA,2026-05-12,7,0.0035806096217407325,0.005829966948218923,True,False,False,217.84,218.64,22,218.01,392,395
NVDA,2026-05-12,5,0.011042257098643262,0.0030843959383341567,True,True,True,217.3197,218.69,22,217.35,416,420
NVDA,2026-05-12,5,0.006178816802692873,0.002997187255037606,True,True,False,216.87,217.655,59,217.03,520,522
NVDA,2026-05-12,6,0.0010092206064498319,0.008578375154823636,False,False,False,217.99,218.46,33,218.2,602,607
NVDA,2026-05-12,6,0.0015854710556185978,0.0035414301929625478,False,False,False,220.25,220.93,34,220.45,714,715
NVDA,2026-05-13,5,4.0267268463285415e-05,0.002964732952785466,False,False,False,225.99,225.99,70,226.07,121,126
NVDA,2026-05-13,6,0.006878189483026328,0.0017750166407810325,True,True,False,225.35,225.46,68,225.51,257,258
NVDA,2026-05-13,6,0.005511995100448869,0.0008875547666180167,True,True,False,225.0002,225.55,74,225.0679,270,271
NVDA,2026-05-13,4,0.010073719953534026,0.0034849432579751637,True,True,True,223.82,224.85,46,224.12,344,345
NVDA,2026-05-13,5,0.00229300666034441,0.0015426322446731617,False,False,False,226.8201,227.0292,46,226.84,642,644
NVDA,2026-05-13,6,0.0006623978803266825,0.0031353499668801414,False,False,False,226.45,227.03,48,226.62,657,659
NVDA,2026-05-14,5,0.004079152924839428,0.000694323902100315,True,False,False,230.44,230.5761,53,230.6,282,283
NVDA,2026-05-14,6,0.0011915400655347083,0.004298055236392999,False,False,False,234.99,235.33,46,235.24,471,472
NVDA,2026-05-14,5,0.0013411103542234236,0.004768392370572226,False,False,False,234.88,235.33,49,234.91,474,479
NVDA,2026-05-14,4,0.0013411103542234236,0.004768392370572226,False,False,False,234.88,235.33,51,234.91,476,479
NVDA,2026-05-14,6,0.008057296329453836,0.0014920919128618081,True,True,True,234.57,235.44,69,234.75,545,549
NVDA,2026-05-14,6,0.001698225354504567,0.0014859471851914508,False,False,False,235.54,235.82,42,235.68,679,683
NVDA,2026-05-14,6,0.001389153728907357,0.002379950320023543,False,False,False,235.4671,235.82,46,235.59,683,688
NVDA,2026-05-15,6,0.005078786300299587,0.0007379433085904739,True,True,False,230.37,231.08,48,230.4,235,239
NVDA,2026-05-15,6,0.012658785196926666,0.0026858639896087232,True,True,True,227.115,228.9443,51,228.16,330,333
NVDA,2026-05-15,5,0.012658785196926666,0.0026858639896087232,True,True,True,227.115,228.9443,52,227.32,332,333
NVDA,2026-05-15,5,0.002651582110659335,0.005833480643450562,True,False,False,226.28,227.3,31,226.485,405,410
NVDA,2026-05-15,6,0.00789250538125366,0.003413562933489864,True,True,True,229.965,230.55,28,230.43,618,619
NVDA,2026-05-15,4,0.007309750685289156,0.0003045729452203506,True,True,False,229.83,230.55,34,229.84,624,628
NVDA,2026-05-18,5,0.0006766205061121642,0.007487482520636895,False,False,False,221.69,222.885,34,221.8401,448,449
NVDA,2026-05-18,5,0.008392744337153748,0.006948831332912156,True,True,True,221.62,222.885,51,221.88,478,483
NVDA,2026-05-18,5,0.0055454689516221045,0.007131052905621029,True,True,False,220.865,222.885,59,221.5,502,506
NVDA,2026-05-18,6,0.006300711663115972,0.000679932913285786,True,True,False,220.61,221.3999,55,220.8653,597,602
NVDA,2026-05-18,5,9.00696811806388e-05,0.011418834025232236,False,False,False,219.8298,220.33,44,219.88,682,687
NVDA,2026-05-19,6,0.006227423546525886,0.00970889655285133,True,True,False,220.2516,220.44,71,220.34,299,304
NVDA,2026-05-19,4,0.009815058844912967,0.002090244013268542,True,True,True,220.07,220.4827,34,220.15,359,361
NVDA,2026-05-19,5,0.0007709764355295918,0.00506012844766918,False,False,False,220.3699,221.06,42,220.5,472,474
NVDA,2026-05-19,5,0.0041257455491278345,0.0030494641015291197,True,False,False,222.99,223.7006,40,223.11,584,586
NVDA,2026-05-20,5,0.0009804271255963064,0.0016496500066877906,False,False,False,224.29,224.66,80,224.42,181,183
NVDA,2026-05-20,5,0.00040461402903125713,0.0024245580172304977,False,False,False,223.9171,224.08,77,224.0,277,278
NVDA,2026-05-20,4,0.014855687606112004,0.0029487981413635804,True,True,True,223.82,224.08,80,223.85,306,311
NVDA,2026-05-20,5,0.0035167378917378565,0.0029380341880342995,True,False,False,224.64,225.049,56,224.68,468,473
NVDA,2026-05-20,6,0.0035167378917378565,0.0029380341880342995,True,False,False,224.64,225.049,58,224.68,470,473
NVDA,2026-05-20,6,0.0035167378917378565,0.0029380341880342995,True,False,False,224.64,225.049,59,224.68,472,473
NVDA,2026-05-20,4,0.001958689458689449,0.0011574074074074934,False,False,False,224.64,224.64,74,224.66,580,581
NVDA,2026-05-20,6,0.01111212730931044,0.03781781598682999,True,True,True,218.68,223.14,56,222.9,740,741
NVDA,2026-05-20,6,0.009532414727806575,0.002032979444319029,True,True,True,221.35,222.55,40,221.52,832,834
NVDA,2026-05-20,5,0.001593154196023629,0.0013982590881175595,False,False,False,220.6315,220.77,43,220.85,922,923
NVDA,2026-05-21,6,0.013534311062828087,0.0012217092160058253,True,True,True,220.92,221.72,29,221.31,375,376
NVDA,2026-05-21,5,0.005070167496604819,0.0026256224535988414,True,True,False,220.9,221.68,37,221.061,595,599
NVDA,2026-05-21,6,0.005070167496604819,0.0026256224535988414,True,True,False,220.9,221.68,38,221.061,596,599
NVDA,2026-05-21,6,0.005070167496604819,0.0026256224535988414,True,True,False,220.9,221.68,39,221.061,597,599
NVDA,2026-05-21,6,0.003139217470427651,0.0020473157415832055,True,False,False,219.8,220.06,58,220.04,704,705
NVDA,2026-05-22,6,0.004184594157907145,0.005301091080732742,True,False,False,220.332,220.5883,79,220.61,298,300
NVDA,2026-05-22,6,0.012474391076712993,0.005190075119508247,True,True,True,219.65,220.81,77,220.32,330,331
NVDA,2026-05-22,5,0.00621890547263692,0.0008752533628155414,True,True,False,217.08,217.0498,50,217.25,576,577
NVDA,2026-05-22,4,0.004218626860136278,0.00039404756385878975,True,False,False,215.71,215.99,71,215.745,662,666
NVDA,2026-05-26,5,0.0009230408259032979,0.0036602534021586163,False,False,False,213.1,213.51,62,213.28,574,577
NVDA,2026-05-26,4,0.0022962650545947827,0.0012652889076339578,False,False,False,213.39,213.502,64,213.47,641,642
NVDA,2026-05-27,6,0.003614625330182127,0.0006951202558042805,True,False,False,215.79,216.01,73,216.1,222,223
NVDA,2026-05-27,7,0.0011960005740802755,0.0035401616992776592,False,False,False,209.03,210.23,29,209.3,411,416
NVDA,2026-05-27,6,0.0023980634896596745,0.003151485280292279,False,False,False,212.6299,212.815,70,212.71,658,660
NVDA,2026-05-28,6,0.0011367403969118983,0.01477762515985414,False,False,False,211.13,211.99,39,211.72,319,320
NVDA,2026-05-28,5,0.0014829461196243098,0.004260527740507974,False,False,False,212.415,212.77,56,212.43,466,470
NVDA,2026-05-28,4,0.001453761020446456,0.010687957231288688,False,False,False,213.24,213.45,54,213.26,557,561
NVDA,2026-05-28,5,0.0022408963585433695,9.290382819797812e-05,False,False,False,214.2,214.28,80,214.4,761,762
NVDA,2026-05-29,6,0.00820245141445678,0.012024048096192444,True,True,True,214.57,215.06,80,214.65,322,326
NVDA,2026-05-29,6,0.003185160897465955,0.01765890674036246,True,False,False,213.49,215.09,80,214.59,327,328
NVDA,2026-05-29,5,0.003115380698219104,0.004557970775227041,True,False,False,215.0299,216.27,35,215.0201,392,396
NVDA,2026-05-29,5,0.0016183474360753813,0.0012022009525130203,False,False,False,216.27,216.73,52,216.3,554,558
NVDA,2026-05-29,6,0.025658775208823675,0.0011998707831463885,True,True,True,216.69,217.1485,69,216.825,699,703
NVDA,2026-06-01,4,0.0009317927692880574,0.003856690272083604,False,False,False,214.64,214.89,67,214.75,105,108
NVDA,2026-06-01,6,0.0010191318849307402,0.0006022142956408739,False,False,False,215.87,216.06,67,215.94,232,233
NVDA,2026-06-01,6,0.0021343726800297324,0.02440608760207865,False,False,False,215.52,216.17,80,215.84,311,312
NVDA,2026-06-01,6,3.3456129720621065e-05,0.026127378637889494,False,False,False,215.2072,216.09,80,215.4,319,323
NVDA,2026-06-01,5,0.0010267857142856687,0.0038839285714285915,False,False,False,224.0,224.36,43,224.028,647,649
NVDA,2026-06-01,4,0.0018277460770327952,0.0022289586305278175,False,False,False,224.32,224.423,56,224.36,743,745
NVDA,2026-06-01,6,0.00035668108252701454,0.002184671630478439,False,False,False,224.29,224.57,80,224.29,842,846
NVDA,2026-06-02,5,0.0023496032273795323,0.029746863501352167,False,False,False,225.57,227.0,72,226.0,326,330
NVDA,2026-06-02,6,0.0029684107926100565,0.029108147623056104,True,False,False,225.71,227.0,71,226.0,330,333
NVDA,2026-06-02,5,0.005003320788133697,0.004494133274297166,True,True,False,225.85,226.6697,28,225.97,440,445
NVDA,2026-06-02,4,0.005003320788133697,0.004494133274297166,True,True,False,225.85,226.6697,30,226.0104,442,445
NVDA,2026-06-02,5,0.0076155696089782645,0.001068851874944371,True,True,True,224.54,225.23,67,224.685,555,557
NVDA,2026-06-03,6,0.02651466678682467,0.004010273509665149,True,True,True,221.93,222.76,57,222.3,327,328
NVDA,2026-06-04,4,0.007293431206474738,0.004187841144362819,True,True,False,212.52,213.49,32,212.72,344,349
NVDA,2026-06-04,3,0.007293431206474738,0.004187841144362819,True,True,False,212.52,213.49,34,212.62,346,349
NVDA,2026-06-04,4,0.007293431206474738,0.004187841144362819,True,True,False,212.52,213.49,35,212.62,347,349
NVDA,2026-06-04,4,0.00013760205485735774,0.007889184478488206,False,False,False,218.02,218.08,58,218.07,545,546
NVDA,2026-06-05,6,0.0014467556400538368,0.0017960523908065245,False,False,False,215.8623,216.0,80,215.8,174,178
NVDA,2026-06-05,5,0.0024645431295047715,0.00190653336433386,False,False,False,215.05,215.57,73,215.1,259,260
NVDA,2026-06-05,5,0.006563658577194006,0.006005548273023758,True,True,False,213.2195,215.0,67,214.35,314,319
NVDA,2026-06-05,5,0.006753346631738332,0.0013458626739407396,True,True,False,208.045,208.82,55,208.22,498,501
NVDA,2026-06-05,7,0.0049241870215982605,0.001852664423967605,True,False,False,205.11,206.21,40,205.59,704,708
NVDA,2026-06-08,4,0.018937952036543537,0.0014750666159116972,True,True,True,210.16,210.2835,75,210.25,326,328
NVDA,2026-06-08,7,0.014589811049988095,0.0027266204257354373,True,True,True,209.05,210.3,77,209.91,329,330
NVDA,2026-06-08,4,0.001955821445006977,0.0016873753643196995,False,False,False,208.608,208.9,55,208.63,506,507
NVDA,2026-06-08,6,0.006087039877300526,0.0009106595092025794,True,True,False,208.64,208.96,71,208.72,656,660
NVDA,2026-06-09,5,0.0068443929971216825,0.0028181652210055147,True,True,False,205.9496,206.8,36,206.2201,665,667
NVDA,2026-06-10,6,0.003630218746469138,0.0018716012752432848,True,False,False,203.569,204.08,73,204.02,181,182
NVDA,2026-06-10,5,0.018260615504479938,0.0025759641604986188,True,True,True,205.36,206.0998,53,205.44,405,406
NVDA,2026-06-10,6,0.0016320474777447285,0.008209693372898244,False,False,False,202.2,203.1674,29,202.19,465,466
NVDA,2026-06-10,6,0.001087870246748746,0.0019284972556001326,False,False,False,202.23,203.2,57,202.39,543,548
TSLA,2025-12-15,6,0.0019475448276130205,0.00861117765222605,False,False,False,462.1203,465.54,59,465.0,239,240
TSLA,2025-12-15,6,0.007320552082896357,0.0008600075512857493,True,True,False,476.74,477.45,61,477.5,714,715
TSLA,2025-12-16,5,0.007741012553222139,0.003919178580800205,True,True,True,472.548,472.68,80,472.55,298,299
TSLA,2025-12-16,4,0.009842484119283214,0.021169471188335596,True,True,True,470.4605,472.5,65,470.55,386,389
TSLA,2025-12-16,6,0.009842484119283214,0.021169471188335596,True,True,True,470.4605,472.5,65,470.55,388,389
TSLA,2025-12-16,6,0.0029323630136986398,0.02829601883561643,True,False,False,467.2,472.5,64,470.55,389,390
TSLA,2025-12-16,5,0.0007841568734770826,0.007404546004746943,False,False,False,475.0325,475.53,33,475.05,494,498
TSLA,2025-12-17,5,0.0041230831725399195,0.00018279679090073115,True,False,False,492.35,492.36,80,492.65,153,154
TSLA,2025-12-17,6,0.0051601060575158664,0.01162553538649804,True,True,False,490.3,490.43,69,490.39,279,284
TSLA,2025-12-17,6,0.00036342647027376505,0.0017743762960430146,False,False,False,467.77,468.084,42,468.2,908,909
TSLA,2025-12-18,5,0.002482495225970753,0.011669849352853808,False,False,False,471.3,473.96,80,473.5,298,299
TSLA,2025-12-18,6,0.0069579271044318694,0.01361151048936374,True,True,False,476.435,477.8,59,476.81,392,393
TSLA,2025-12-18,5,0.006845524789407947,0.0008608144944763563,True,True,False,487.91,489.3758,45,488.63,538,541
TSLA,2025-12-18,5,0.001311851760751007,0.0027466896240724284,False,False,False,487.86,488.96,49,487.9176,599,601
TSLA,2025-12-18,6,0.006780289759495539,0.00012365270078107756,True,True,False,485.23,486.99,49,486.71,774,775
TSLA,2025-12-19,6,0.009523515678833309,0.00027768350251455967,True,True,True,486.165,487.4699,75,486.41,389,390
TSLA,2025-12-19,6,0.00032937555883643245,0.007984862032396862,False,False,False,480.91,483.0,74,481.08,771,776
TSLA,2025-12-22,5,0.004735060157206511,0.0068923937584975566,True,False,False,487.639,487.4272,36,487.97,362,363
TSLA,2025-12-22,5,0.002929288433761221,0.0013796786683875893,True,False,False,494.318,494.39,66,494.4701,598,599
TSLA,2025-12-22,6,0.0025542784163474787,0.0008716981897058663,True,False,False,493.29,494.39,67,493.39,615,616
TSLA,2025-12-23,5,0.0028374295745896678,0.0007552870090634534,True,False,False,489.88,490.12,80,490.11,287,289
TSLA,2025-12-23,6,0.0029089787737061634,0.0087680526288739,True,False,False,486.425,487.6,50,487.12,385,386
TSLA,2025-12-23,5,0.000391252419587327,0.0063947119146657355,False,False,False,485.62,487.73,58,485.65,406,410
TSLA,2025-12-23,6,0.0028119484761478255,0.0012010049258488322,True,False,False,485.9264,485.9588,47,486.1,741,742
TSLA,2025-12-24,5,0.0,0.0027475365133141573,False,False,False,484.07,484.865,44,484.18,575,580
TSLA,2025-12-26,6,0.010398141710672148,0.0015611051418151145,True,True,True,484.1442,486.07,73,484.69,280,282
TSLA,2025-12-26,5,0.0009423097057899458,0.0033923149408439,False,False,False,477.55,478.47,37,477.75,371,374
TSLA,2025-12-26,6,0.0023155874499332725,0.0010393024032042662,False,False,False,479.36,479.2532,53,479.52,483,484
TSLA,2025-12-29,6,0.0003838105833900049,0.004998508115233763,False,False,False,468.1997,470.15,58,469.76,231,232
TSLA,2025-12-29,5,0.004087997656981926,0.009316686525857041,True,False,False,464.0169,468.6194,73,467.42,319,322
TSLA,2025-12-29,6,0.004087997656981926,0.009316686525857041,True,False,False,464.0169,468.6194,75,467.42,321,322
TSLA,2025-12-29,5,0.00021489663471862703,0.005179008896720731,False,False,False,465.34,466.5065,33,465.43,398,402
TSLA,2025-12-29,5,0.003934061704902557,0.0010929849693186607,True,False,False,467.71,467.75,55,467.75,471,472
TSLA,2025-12-29,5,0.004298706067872052,0.0015769122761541015,True,False,False,462.93,463.425,77,462.97,663,664
TSLA,2025-12-30,5,0.0006513102190573617,0.00453746119276606,False,False,False,460.61,460.8828,55,460.86,489,490
TSLA,2025-12-30,5,0.00015908385064526071,0.005114773680976739,False,False,False,460.7633,461.2799,67,461.09,522,523
TSLA,2025-12-30,6,0.006391783849370548,0.0005197928628692267,True,True,False,461.53,461.77,72,461.68,568,569
TSLA,2025-12-30,6,0.0008788311545643794,0.0005492694716027684,False,False,False,455.15,455.09,78,455.11,836,837
TSLA,2025-12-31,5,0.0,0.004450809738900477,False,False,False,453.85,453.66,80,453.8,187,189
TSLA,2025-12-31,7,0.0021783739869967286,0.005151105023510489,False,False,False,454.3297,454.89,50,456.08,245,246
TSLA,2025-12-31,6,0.0003528737153191853,0.004256539191037022,False,False,False,453.42,453.74,63,454.07,536,537
TSLA,2025-12-31,6,0.00037802139156336103,0.0075010562362411975,False,False,False,449.71,450.4749,54,449.65,721,724
TSLA,2026-01-02,5,0.00907851930009671,0.009540138925525311,True,True,True,454.92,456.4751,64,455.46,312,313
TSLA,2026-01-02,6,0.010217113665389497,0.0023340820011450263,True,True,True,454.14,456.32,61,454.5,331,333
TSLA,2026-01-02,7,0.010217113665389497,0.0023340820011450263,True,True,True,454.14,456.32,60,454.5,332,333
TSLA,2026-01-05,6,0.0023798765404654918,0.0016478438600264645,False,False,False,454.3513,455.28,53,454.45,431,436
TSLA,2026-01-05,5,0.0014719775029110353,0.0025704681767250897,False,False,False,455.17,455.79,55,455.25,521,523
TSLA,2026-01-05,6,0.00925132397213611,0.0006152899553915432,True,True,True,455.07,455.64,76,455.1,689,692
TSLA,2026-01-06,5,0.002886923050167545,0.0030028637349132554,True,False,False,431.255,432.68,34,431.37,517,522
TSLA,2026-01-07,6,0.001826758544142727,0.01311103917125287,False,False,False,432.46,435.45,80,434.4,387,388
TSLA,2026-01-07,6,0.004470198182072059,0.0004128840928207038,True,False,False,436.1999,436.949,80,436.1575,642,643
TSLA,2026-01-08,7,0.002168185951087606,0.0005828456857762339,False,False,False,428.93,429.34,80,429.17,235,236
TSLA,2026-01-08,6,0.007565481758652978,0.007226379794200128,True,True,True,427.6,427.8,75,427.7,355,358
TSLA,2026-01-08,6,0.0017743622284109362,0.015146708029282837,False,False,False,425.505,428.2788,79,427.34,385,386
TSLA,2026-01-08,6,0.0006910690838727773,0.005021538319780643,False,False,False,434.11,434.44,61,434.29,543,547
TSLA,2026-01-08,6,0.003011148143891512,0.0008504769566716573,True,False,False,435.05,435.42,60,435.2,605,606
TSLA,2026-01-08,6,9.203759735856803e-05,0.003785046191369132,False,False,False,434.605,435.1117,70,434.68,756,758
TSLA,2026-01-09,6,0.0,0.001627581780253489,False,False,False,436.23,436.34,80,436.57,166,167
TSLA,2026-01-09,5,0.0012609982165456644,0.005040555654980088,False,False,False,436.4003,437.69,80,437.44,283,284
TSLA,2026-01-09,5,0.0032245784535459114,0.00010345522538459572,True,False,False,446.57,447.59,74,446.64,662,665
TSLA,2026-01-12,6,0.0018340730006340057,0.0026265736799203536,False,False,False,441.64,441.59,80,441.55,152,153
TSLA,2026-01-12,6,0.0005216129178573461,0.00281217399192636,False,False,False,440.94,442.0,80,441.41,180,181
TSLA,2026-01-12,6,0.002773463501220324,0.0009984468604392915,True,False,False,450.7,451.18,79,451.23,629,630
TSLA,2026-01-12,7,0.0042428415931759665,0.0020658862207610608,True,False,False,450.17,451.07,77,450.23,679,683
TSLA,2026-01-13,6,0.007270667421945341,0.003321004520564692,True,True,False,450.165,451.46,56,450.85,364,365
TSLA,2026-01-13,6,0.003526156043563614,0.005400821281913979,True,False,False,448.08,450.71,60,448.19,370,372
TSLA,2026-01-13,5,0.003397357610747262,0.0032419229488175405,True,False,False,450.35,450.47,46,450.45,473,478
TSLA,2026-01-14,6,0.0,0.0036092939318745,False,False,False,443.3,444.17,80,443.97,221,222
TSLA,2026-01-14,6,0.0018677708267698459,0.0006600207030019081,False,False,False,444.38,444.65,77,444.4732,324,326
TSLA,2026-01-14,5,0.001374885426214404,0.006828597616865303,False,False,False,436.4,437.29,32,436.51,477,478
TSLA,2026-01-14,6,0.0007478709801934281,0.003525677478054938,False,False,False,435.2355,435.97,80,435.32,612,613
TSLA,2026-01-14,6,0.00027402891005002064,0.000662236532620775,False,False,False,437.91,437.8474,80,437.9,895,897
TSLA,2026-01-15,6,0.005233858078761359,0.001088375994817127,True,True,False,441.2997,441.32,80,440.77,295,296
TSLA,2026-01-15,6,0.0002041140317057851,0.0017463089379266138,False,False,False,440.93,441.11,80,441.01,346,347
TSLA,2026-01-15,5,0.00301717293164852,0.010253850865452194,True,False,False,440.81,441.77,57,440.99,417,418
TSLA,2026-01-15,6,0.00447316103379713,0.0002485089463220984,True,False,False,442.64,442.87,66,442.93,654,655
TSLA,2026-01-15,5,9.120342924885681e-05,0.0017100642984176205,False,False,False,438.58,438.65,80,438.8,864,865
TSLA,2026-01-16,6,0.009818623997090752,0.00011364411209844881,True,True,True,439.97,440.4183,35,440.47,397,398
TSLA,2026-01-20,5,0.010547827389470648,0.010174174993559567,True,True,True,426.5997,428.16,54,427.91,235,240
TSLA,2026-01-20,6,0.010547827389470648,0.010174174993559567,True,True,True,426.5997,428.16,58,427.85,239,240
TSLA,2026-01-20,5,0.0027463906240134455,0.0021586663164731906,True,False,False,426.0501,426.4399,47,426.12,407,409
TSLA,2026-01-20,6,0.0037955792665013903,0.0,True,False,False,425.495,426.13,58,425.68,520,523
TSLA,2026-01-21,6,0.004600241768962372,0.001143930989601827,True,False,False,428.2601,428.76,30,428.25,468,470
TSLA,2026-01-22,6,0.006769004841559369,0.0053004749776278705,True,True,False,435.81,436.4,80,435.65,287,288
TSLA,2026-01-22,6,0.0001376273052573683,0.003348931094595918,False,False,False,435.96,436.2,78,436.13,318,321
TSLA,2026-01-22,6,0.00226001597991099,0.002100216870220331,False,False,False,438.05,438.3799,58,438.045,523,524
TSLA,2026-01-23,6,0.0025193104075711156,0.013564739987622467,True,False,False,445.1615,447.46,61,446.09,391,392
TSLA,2026-01-23,5,0.0016574833131746457,0.007301885947229423,False,False,False,446.46,446.79,49,447.0601,436,437
TSLA,2026-01-23,5,0.0019376391982182729,0.002204899777282871,False,False,False,449.0,450.06,35,449.3201,507,512
TSLA,2026-01-23,6,0.000492997198879613,0.005221288515406127,False,False,False,446.25,446.67,65,446.26,645,650
TSLA,2026-01-23,6,0.00040253147572513097,0.002907171769125861,False,False,False,447.17,447.51,71,447.44,688,689
TSLA,2026-01-26,4,0.0017599784492434603,0.0007183585507116087,False,False,False,445.46,445.6,80,445.3,226,230
TSLA,2026-01-26,6,0.0027175154144781864,0.003242749486184097,True,False,False,437.9,439.58,34,438.08,372,375
TSLA,2026-01-28,4,0.00478931614091638,0.0015424821551922269,True,False,False,434.3,434.46,35,434.5,427,429
TSLA,2026-01-28,5,0.00403253681130032,0.002166048344355595,True,False,False,433.97,434.46,35,434.14,429,433
TSLA,2026-01-28,5,0.0014433346804457018,0.0016973615842041769,False,False,False,433.025,433.54,64,433.8,546,547
TSLA,2026-01-28,6,0.004332566105684792,0.0020974883838415265,True,False,False,433.8999,434.555,55,434.23,640,642
TSLA,2026-01-28,6,0.004291964271300089,0.0027882777023115796,True,False,False,433.601,434.555,57,433.97,642,643
TSLA,2026-01-28,6,0.020276134595156224,0.001554418358688241,True,True,True,433.7957,434.81,60,434.06,726,731
TSLA,2026-01-28,6,0.016749953729409607,0.03646122524523411,True,True,True,432.24,434.11,51,432.71,755,758
TSLA,2026-01-28,5,0.013343386569790098,0.013663262275230107,True,True,True,437.67,444.75,48,442.5,865,870
TSLA,2026-01-28,5,0.013343386569790098,0.013663262275230107,True,True,True,437.67,444.75,50,442.5,867,870
TSLA,2026-01-29,7,0.021617609537726425,0.0008350149606847439,True,True,True,431.13,438.56,65,436.43,386,389
TSLA,2026-01-29,5,0.021617609537726425,0.0008350149606847439,True,True,True,431.13,438.56,66,435.6,387,389
TSLA,2026-01-29,7,0.021617609537726425,0.0008350149606847439,True,True,True,431.13,438.56,67,435.6,388,389
TSLA,2026-01-29,6,0.0023528293366922763,0.002566722912755284,False,False,False,420.77,421.1,33,420.82,592,593
TSLA,2026-01-30,4,0.007104531569975673,0.0017531375487649312,True,True,False,437.045,438.14,33,437.3325,528,532
TSLA,2026-01-30,5,0.010549923335698133,0.000640776254662729,True,True,True,436.97,438.68,47,437.2,587,592
TSLA,2026-01-30,5,0.010549923335698133,0.000640776254662729,True,True,True,436.97,438.68,47,437.2,588,592
TSLA,2026-01-30,6,0.0014103929426782875,0.00553604630005066,False,False,False,433.0708,434.73,54,433.93,689,690
TSLA,2026-01-30,6,0.007520878512434806,0.002560789922945632,True,True,True,433.46,434.8,61,433.6186,715,719
TSLA,2026-01-30,5,0.007520878512434806,0.002560789922945632,True,True,True,433.46,434.8,63,433.6186,717,719
TSLA,2026-02-02,6,0.001974591996954808,0.0035923300185565204,False,False,False,420.34,421.84,72,421.3,140,141
TSLA,2026-02-02,7,0.006892564934084801,0.0059431941596344885,True,True,False,420.6997,423.2,41,422.6,236,237
TSLA,2026-02-02,6,0.01490125246571757,0.002210233619316983,True,True,True,420.77,422.27,79,422.1,322,323
TSLA,2026-02-02,6,0.0011690046760187258,0.002672010688042627,False,False,False,419.16,419.41,47,419.23,419,421
TSLA,2026-02-02,6,0.000798416395409867,0.0015401405023881315,False,False,False,423.338,423.4845,73,423.7,838,839
TSLA,2026-02-03,6,0.0023886172794218416,0.000586320393291402,False,False,False,426.8997,426.74,80,426.45,278,279
TSLA,2026-02-03,5,0.0007191140514885933,0.003979097751569989,False,False,False,417.18,419.0088,32,417.35,587,591
TSLA,2026-02-04,6,0.0,0.0037882351988341428,False,False,False,419.7997,421.33,80,420.8,274,275
TSLA,2026-02-04,6,0.010679125646587729,0.00030988534242329255,True,True,True,419.51,421.09,45,419.79,390,391
TSLA,2026-02-04,5,0.007937678167698855,0.0007126707952422186,True,True,True,406.92,408.87,25,407.03,490,494
TSLA,2026-02-04,7,0.007937678167698855,0.0007126707952422186,True,True,True,406.92,408.87,27,407.03,492,494
TSLA,2026-02-04,6,0.00396999108646138,0.004902446271169699,True,False,False,403.88,404.35,28,404.43,621,622
TSLA,2026-02-04,5,0.005436921865774543,0.0012298268057468222,True,True,False,406.48,408.16,51,406.75,744,747
TSLA,2026-02-05,6,0.008295417410321538,0.0011563309117417347,True,True,True,397.81,399.16,42,397.8,329,333
TSLA,2026-02-05,4,0.020384736915279648,0.001276558096032547,True,True,True,395.595,396.0549,37,395.95,407,408
TSLA,2026-02-05,4,0.019752870946527043,0.0019223959123793389,True,True,True,395.34,396.0549,38,395.85,408,409
TSLA,2026-02-05,4,0.0,0.020137323221971752,False,False,False,390.32,391.7,33,390.67,481,485
TSLA,2026-02-06,7,0.0010597220361280005,0.007929644201371537,False,False,False,410.485,411.13,50,411.07,536,537
TSLA,2026-02-06,6,0.007651702261610792,0.000617463315414779,True,True,True,412.98,413.82,80,413.29,772,773
TSLA,2026-02-09,6,0.00024443303756941346,0.003886485297352729,False,False,False,409.11,409.87,79,409.62,170,171
TSLA,2026-02-09,5,0.001218026796589525,0.002387332521315513,False,False,False,410.5,410.81,55,411.07,256,257
TSLA,2026-02-09,5,0.0030933231808880487,0.00033312711178790837,True,False,False,420.26,420.44,60,420.28,507,508
TSLA,2026-02-09,6,0.007897470019305512,0.002452830413666096,True,True,True,419.3115,420.15,80,419.407,675,679
TSLA,2026-02-10,6,0.0015536961746294667,0.005445940428187508,False,False,False,418.5503,420.04,47,419.61,253,254
TSLA,2026-02-10,4,0.00041279913194242366,0.003432129925578176,False,False,False,423.935,424.16,40,424.15,528,530
TSLA,2026-02-10,5,0.0034447039947146235,0.0010382010806729376,True,False,False,423.81,424.9555,64,424.45,577,579
TSLA,2026-02-11,5,0.014823501817755482,0.0015714788319454885,True,True,True,426.35,427.5,45,427.29,402,403
TSLA,2026-02-11,4,0.0064267049600979734,0.0015772499352620332,True,True,False,424.79,425.96,31,424.78,495,496
TSLA,2026-02-12,6,0.004093975343103027,0.0030239590602465956,True,False,False,429.9,430.12,78,430.37,244,245
TSLA,2026-02-12,7,0.0018844707923317933,0.0010014669407687933,False,False,False,429.6697,430.12,78,429.88,252,253
TSLA,2026-02-12,4,0.007060303849380253,0.003844719917979255,True,True,False,429.16,431.21,54,429.71,358,363
TSLA,2026-02-12,3,0.007060303849380253,0.003844719917979255,True,True,False,429.16,431.21,56,429.71,360,363
TSLA,2026-02-12,4,0.007060303849380253,0.003844719917979255,True,True,False,429.16,431.21,57,429.71,361,363
TSLA,2026-02-12,6,0.008406984263849946,0.0062273957510000305,True,True,True,417.51,418.95,40,417.56,521,522
TSLA,2026-02-12,6,0.004900189771553594,0.0014888659348050587,True,False,False,416.29,416.98,44,416.35,608,610
TSLA,2026-02-12,5,0.0009880946642888732,0.00481997397214055,False,False,False,414.94,416.09,58,414.98,679,682
TSLA,2026-02-13,5,0.0018589575538024566,0.0038609118425129403,False,False,False,419.59,420.2283,54,419.72,566,568
TSLA,2026-02-13,6,0.002924185150845204,0.002923947412214979,True,False,False,420.63,421.72,47,421.26,659,662
TSLA,2026-02-17,6,0.0009022694121900345,0.0037990803867481104,False,False,False,410.5204,413.0,78,411.01,217,219
TSLA,2026-02-17,6,0.0017477628465194777,0.0029496084023071085,False,False,False,410.8681,413.0,76,411.01,219,220
TSLA,2026-02-17,6,0.021890909090909023,0.0029575757575758237,True,True,True,412.5,412.39,54,412.5108,300,301
TSLA,2026-02-17,6,0.016285291925769278,0.009101437943630634,True,True,True,409.265,412.39,59,411.5001,305,306
TSLA,2026-02-17,5,0.0017500364590929641,0.0034295853385834458,False,False,False,411.42,412.28,47,411.45,603,604
TSLA,2026-02-18,6,0.001867708055400543,0.0010672617459431871,False,False,False,412.27,413.2,76,412.3,259,263
TSLA,2026-02-18,5,0.0007768687334613144,0.01041489645796403,False,False,False,411.91,412.07,40,412.34,410,411
TSLA,2026-02-18,5,0.006323939887205524,0.0005085904634236511,True,True,False,415.6586,415.86,66,415.92,568,569
TSLA,2026-02-19,6,0.0030493707647628048,0.0019361084220716636,True,False,False,413.2,414.11,31,413.25,502,504
TSLA,2026-02-20,6,0.004073170731707356,0.000560000000000012,True,False,False,410.0,411.12,77,410.8,282,283
TSLA,2026-02-20,6,0.000687622789783823,0.010068762278978445,False,False,False,407.2,409.2181,61,407.64,377,378
TSLA,2026-02-20,7,0.0015862169944847902,0.004099760847283925,False,False,False,409.78,411.05,36,410.51,454,457
TSLA,2026-02-20,5,0.0010512676331808182,0.010683812923257475,False,False,False,409.03,409.97,36,409.21,569,573
TSLA,2026-02-23,6,0.0003685413134811854,0.005331564335028662,False,False,False,407.01,408.47,80,407.7,214,215
TSLA,2026-02-24,5,0.0009156829262256652,0.002732694830103674,False,False,False,404.07,403.99,59,404.11,559,560
TSLA,2026-02-24,5,0.0003219176386102951,0.005447836961097464,False,False,False,403.83,404.6,53,403.85,574,578
TSLA,2026-02-24,5,0.0008325986874327353,0.005020080321285168,False,False,False,408.36,408.84,61,408.43,713,715
TSLA,2026-02-24,6,0.0007329587099926981,0.00019545565599800654,False,False,False,409.3,409.1337,61,409.34,766,771
TSLA,2026-02-25,5,0.0005440235985346806,0.0027442968192754763,False,False,False,413.585,414.98,66,414.407,451,455
TSLA,2026-02-25,6,0.0007485933689116473,0.002777039916930229,False,False,False,414.11,414.6799,54,414.78,528,529
TSLA,2026-02-25,5,0.0019246962588715375,0.004258390472753612,False,False,False,415.65,416.0,80,415.73,702,704
TSLA,2026-02-25,5,0.0013669392551379964,0.0009832370080816522,False,False,False,416.99,417.63,46,417.03,776,778
TSLA,2026-02-26,7,0.007285842228838358,0.0025897417277854873,True,True,False,413.13,414.85,80,414.26,359,360
TSLA,2026-02-26,6,0.010740842608262484,0.0,True,True,True,408.6644,409.53,54,408.8,484,485
TSLA,2026-02-26,6,0.0012756353645372923,0.0031508193504072345,False,False,False,407.64,407.99,66,408.02,687,688
TSLA,2026-02-27,7,0.0014674133003515673,0.008756469839917763,False,False,False,401.9999,404.2951,60,402.59,350,351
TSLA,2026-02-27,5,0.002294891005122499,0.0032803002772786097,False,False,False,401.762,403.16,41,401.95,476,481
TSLA,2026-03-02,4,0.0011479591836734404,0.0009948979591836386,False,False,False,392.0,392.26,71,392.5,113,114
TSLA,2026-03-02,6,0.007520335601371049,0.007341279991814612,True,True,True,390.94,393.6,63,392.01,238,240
TSLA,2026-03-02,7,0.006396426968281923,0.019354348336811284,True,True,False,390.7494,392.53,59,391.27,317,318
TSLA,2026-03-02,5,0.0036279601421364696,0.0018885271972765225,True,False,False,402.43,403.59,51,402.82,501,504
TSLA,2026-03-02,6,0.004641065948049896,0.0012503430895526315,True,False,False,400.77,402.15,61,402.07,664,665
TSLA,2026-03-03,7,0.00718500960201029,0.002650139539363389,True,True,False,392.4699,393.6,59,392.46,395,397
TSLA,2026-03-03,6,0.00718500960201029,0.002650139539363389,True,True,False,392.4699,393.6,60,392.54,396,397
TSLA,2026-03-04,5,0.004357475570794828,0.0011355546852099857,True,False,False,405.969,406.3652,35,406.08,550,551
TSLA,2026-03-04,6,0.0014057030747626387,0.002540575832612138,False,False,False,405.4199,405.7185,50,405.665,690,691
TSLA,2026-03-04,6,0.00312792473277174,0.0016747943451061692,True,False,False,406.02,406.2279,49,406.35,769,770
TSLA,2026-03-05,6,0.002924049064552117,0.0008673026886382503,True,False,False,403.55,405.03,76,403.66,271,276
TSLA,2026-03-05,6,0.002924049064552117,0.0008673026886382503,True,False,False,403.55,405.03,75,403.65,272,276
TSLA,2026-03-05,5,0.0008404815464859838,0.006600252144463986,False,False,False,404.53,406.0,53,404.71,465,468
TSLA,2026-03-05,6,0.0020221184811643465,0.003333999051351885,False,False,False,400.57,401.7683,61,401.25,656,657
TSLA,2026-03-06,6,0.009211493744433334,0.0012493200471035408,True,True,True,401.4984,402.74,76,402.16,313,314
TSLA,2026-03-06,5,0.0008486534531157189,0.004524477877261521,False,False,False,398.278,399.23,46,399.23,528,529
TSLA,2026-03-06,4,0.0012413637446552508,0.001993705408082697,False,False,False,398.755,399.02,32,398.75,636,637
TSLA,2026-03-09,6,0.013725111154069321,0.000837682840389171,True,True,True,387.975,390.65,71,389.39,333,334
TSLA,2026-03-09,5,0.001964308640390259,0.0024393375272820355,False,False,False,389.45,390.1817,54,389.74,539,544
TSLA,2026-03-10,5,0.003272835465635211,0.0006942378260439095,True,False,False,403.32,403.41,65,403.41,127,129
TSLA,2026-03-10,7,0.010456397821731378,0.007759888386568639,True,True,True,400.7403,402.2,60,400.35,238,239
TSLA,2026-03-10,6,0.0023144506944098144,0.0076907760465927425,False,False,False,401.78,403.44,29,401.96,380,385
TSLA,2026-03-10,6,0.003348131246744788,0.0005208204161604037,True,False,False,403.21,403.8199,40,403.39,447,448
TSLA,2026-03-10,6,0.004175626343951633,0.0020003000450067795,True,False,False,399.94,401.19,63,400.0501,679,684
TSLA,2026-03-11,6,0.0011104804678825494,0.003676924215877425,False,False,False,405.23,407.5399,74,406.37,534,535
TSLA,2026-03-11,5,0.0006764879035875489,0.005831996300025416,False,False,False,405.6244,405.831,67,405.76,630,633
TSLA,2026-03-11,6,9.867041614239034e-05,0.00705493475418736,False,False,False,405.39,405.82,68,405.61,636,640
TSLA,2026-03-12,7,0.004481765125957283,0.0073136496835677495,True,False,False,406.09,408.59,80,407.93,217,218
TSLA,2026-03-12,6,0.01152316083018673,0.003183534463611511,True,True,True,405.21,407.5,79,406.18,304,305
TSLA,2026-03-12,6,0.005192932962726774,0.004245211426556323,True,True,False,399.2734,400.17,51,399.5,531,536
TSLA,2026-03-13,5,0.0006047504048411646,0.003313067832502279,False,False,False,398.1808,398.18,80,398.35,220,224
TSLA,2026-03-13,6,0.006954906096213674,0.0043185698503566015,True,True,False,398.28,399.3796,67,399.41,309,310
TSLA,2026-03-13,6,0.004304919188359187,0.006998640551835186,True,False,False,397.22,399.3796,68,399.05,310,311
TSLA,2026-03-13,6,0.0065349544072947924,0.003115501519756741,True,True,False,394.8,396.9,31,395.18,374,375
TSLA,2026-03-13,6,0.0037299051676048574,0.003854150819007003,True,False,False,394.38,394.43,56,394.4,506,507
TSLA,2026-03-13,5,0.0016219143162715516,0.0058130242540095495,False,False,False,393.5473,395.17,50,394.11,518,521
TSLA,2026-03-13,7,0.0063430709572635325,0.0005599000025726966,True,True,False,392.5701,393.37,71,392.74,637,641
TSLA,2026-03-16,5,0.0028073791798566314,0.0018981495887595077,True,False,False,395.2797,395.4,80,395.03,214,215
TSLA,2026-03-16,6,0.0031396698803695627,0.012139720357377076,True,False,False,396.22,396.52,75,396.5504,301,302
TSLA,2026-03-16,6,0.0018880749188127785,0.005085215114669037,False,False,False,397.23,397.68,80,397.64,613,617
TSLA,2026-03-16,6,0.0033666637245136906,0.0015509349742140093,True,False,False,396.535,397.665,78,396.8501,646,647
TSLA,2026-03-17,6,0.0010662063363119818,0.010712835093419908,False,False,False,393.92,395.5,75,394.91,283,284
TSLA,2026-03-17,6,0.0001632817111923276,0.003177713302435518,False,False,False,398.085,398.17,80,398.21,663,664
TSLA,2026-03-18,5,0.005490391814324903,0.0007736461192912461,True,True,False,400.7,401.86,79,401.05,207,210
TSLA,2026-03-19,7,0.003154655039753684,0.00992562195434728,True,False,False,389.9,390.8,80,390.03,217,218
TSLA,2026-03-19,6,0.004585826933449725,0.007217527547324898,True,False,False,389.33,390.8,80,389.64,229,230
TSLA,2026-03-19,5,0.004534433879025488,0.002312039842808909,True,False,False,389.3099,390.8,79,389.5,230,231
TSLA,2026-03-19,5,0.0038694255237116276,0.002981621899498697,True,False,False,389.05,390.8,78,389.0,231,233
TSLA,2026-03-19,6,0.006740256343185957,0.005021972273083924,True,True,False,382.3,386.35,37,385.1246,319,320
TSLA,2026-03-19,6,0.002344681241240145,0.00506922704111707,False,False,False,381.715,382.12,39,382.15,445,446
TSLA,2026-03-19,6,0.0021094005895840335,0.005306256141500104,False,False,False,381.625,381.53,40,381.66,450,451
TSLA,2026-03-19,5,0.0010229508196720953,0.006295081967213055,False,False,False,381.25,381.53,41,381.41,453,454
TSLA,2026-03-19,6,0.006661945602853526,0.0014163191439138156,True,True,False,381.27,381.66,67,381.6,618,619
TSLA,2026-03-19,6,0.003737067778608267,0.003579717556351072,True,False,False,381.315,382.24,35,382.1806,683,684
TSLA,2026-03-19,6,0.0034103727799785185,0.0010886959259162634,True,False,False,381.19,382.34,35,381.2,700,701
TSLA,2026-03-20,6,0.013031267054454409,0.002568983188467613,True,True,True,375.635,379.28,46,379.24,320,321
TSLA,2026-03-20,6,0.0038526655379733997,0.001666377827843174,True,False,False,375.065,375.4,50,375.66,501,502
TSLA,2026-03-20,4,0.004504559756812978,0.0006532984907471724,True,False,False,375.02,375.4,52,375.0,504,506
TSLA,2026-03-20,5,0.0002446715963461695,0.003013538494997959,False,False,False,367.84,367.87,42,367.9,737,738
TSLA,2026-03-23,5,0.015225770925110058,0.017070484581497767,True,True,True,363.2,371.55,22,367.28,240,242
TSLA,2026-03-23,7,0.012331548007838002,0.0002090137165251054,True,True,True,382.75,383.445,61,382.93,450,455
TSLA,2026-03-23,6,0.0002101281781888026,0.0031781886951039594,False,False,False,380.72,380.8,45,380.86,676,677
TSLA,2026-03-23,6,0.0012343733585459882,0.002206114087614329,False,False,False,380.76,381.52,76,380.82,710,711
TSLA,2026-03-24,4,0.004523828094532431,0.003665860697293568,True,False,False,384.63,385.226,45,384.81,416,420
TSLA,2026-03-24,6,0.0005228758169934343,0.010980392156862716,False,False,False,382.5,384.44,69,383.37,693,698
TSLA,2026-03-25,5,0.002405999641659622,0.0028411272364278935,False,False,False,390.69,390.85,69,390.61,251,255
TSLA,2026-03-25,6,0.010473333672276182,0.0005590014744013309,True,True,True,393.38,393.84,56,393.5,401,404
TSLA,2026-03-25,6,0.010473333672276182,0.0005590014744013309,True,True,True,393.38,393.84,56,393.5,402,404
TSLA,2026-03-26,5,0.0002889262450094916,0.0038873712964907574,False,False,False,380.72,380.9,70,380.97,153,155
TSLA,2026-03-26,6,0.00249088859173022,0.0012061144759957954,False,False,False,381.39,381.4,79,381.52,199,200
TSLA,2026-03-26,6,6.313589686179942e-06,0.011331841221637459,False,False,False,380.1324,381.13,74,380.52,328,329
TSLA,2026-03-26,6,0.001280648862090174,0.002748059016568322,False,False,False,374.81,375.56,40,374.86,618,620
TSLA,2026-03-26,6,0.00040090872644655157,0.0006949084591742556,False,False,False,374.15,374.03,80,374.11,914,916
TSLA,2026-03-27,5,0.01619841010562994,0.0010617445279320111,True,True,True,367.32,369.727,76,368.52,311,315
TSLA,2026-03-27,5,0.01619841010562994,0.0010617445279320111,True,True,True,367.32,369.727,75,368.52,313,315
TSLA,2026-03-27,6,0.0023954914911588614,0.004223265345684591,False,False,False,361.095,361.42,61,361.117,685,689
TSLA,2026-03-27,6,0.0013727901460722854,0.005252751956336935,False,False,False,360.7252,361.42,62,360.9761,689,690
TSLA,2026-03-30,6,0.004837822979659128,0.009593183067619596,True,False,False,363.8,364.95,76,364.81,321,325
TSLA,2026-03-30,6,0.004837822979659128,0.009593183067619596,True,False,False,363.8,364.95,76,364.7,322,325
TSLA,2026-03-30,6,0.006490031695503499,0.0031969923574045925,True,True,False,364.405,364.95,74,364.7,325,330
TSLA,2026-03-30,6,0.007706836888037213,0.0021369583499923545,True,True,True,362.665,363.6,43,363.14,473,475
TSLA,2026-03-31,6,0.0019514914970727311,0.005045999442431007,False,False,False,358.7,359.19,55,358.68,245,246
TSLA,2026-03-31,6,0.0014004794871104354,0.00439080893246773,False,False,False,371.23,372.6,73,371.77,703,708
TSLA,2026-03-31,6,0.0014004794871104354,0.00439080893246773,False,False,False,371.23,372.6,76,371.77,706,708
TSLA,2026-04-01,7,0.004280957666085314,0.0014534115533005954,True,False,False,378.42,380.07,75,378.6,282,285
TSLA,2026-04-01,6,0.0006582411795681938,0.004555028962611799,False,False,False,379.8,380.4199,44,380.21,702,707
TSLA,2026-04-01,6,0.0006582411795681938,0.004555028962611799,False,False,False,379.8,380.4199,46,379.95,704,707
TSLA,2026-04-01,4,0.0015757957768672284,0.0013131631473894316,False,False,False,380.76,380.8,80,380.8,742,743
TSLA,2026-04-02,6,0.003701220329891365,0.000670510929328148,True,False,False,372.85,373.2,80,372.89,108,110
TSLA,2026-04-02,6,0.014068441064638802,0.000787615426398752,True,True,True,368.2,371.11,80,370.29,291,292
TSLA,2026-04-06,6,0.0028900107589174555,0.014427984220254401,True,False,False,362.49,363.7,80,362.99,326,327
TSLA,2026-04-06,5,0.01257748753986539,6.875509105218032e-05,True,True,True,362.155,363.7,63,362.51,358,360
TSLA,2026-04-07,5,0.002327745787090592,0.002941959176766584,False,False,False,341.5751,342.46,30,341.9,532,536
TSLA,2026-04-07,5,0.003856379093750893,0.0016360396155306969,True,False,False,342.29,342.58,49,342.51,610,611
TSLA,2026-04-08,5,0.0009659169311439843,0.002180212501724751,False,False,False,362.35,362.5,70,362.26,198,199
TSLA,2026-04-08,6,0.0003866014967000424,0.0045839891751581615,False,False,False,362.13,363.0,79,362.18,260,263
TSLA,2026-04-08,6,0.006144653024409353,0.00642651784204304,True,True,False,354.78,363.49,56,363.25,330,331
TSLA,2026-04-08,4,0.0007769337016574063,0.0029638581952118716,False,False,False,347.52,348.07,42,347.64,544,546
TSLA,2026-04-08,5,0.004178192715537245,0.002406062701705796,True,False,False,347.04,348.07,55,347.27,575,579
TSLA,2026-04-08,6,0.004178192715537245,0.002406062701705796,True,False,False,347.04,348.07,57,347.27,577,579
TSLA,2026-04-09,6,0.0012560979172144037,0.0027306984488651175,False,False,False,342.33,342.47,63,342.4,270,271
TSLA,2026-04-09,6,0.0016160785120324726,0.01619016836599768,False,False,False,340.33,342.25,32,341.28,444,446
TSLA,2026-04-09,6,0.0,0.0051865725399798624,False,False,False,347.05,347.6899,56,347.08,565,570
TSLA,2026-04-09,6,0.006363453121400449,0.00031674729325044247,True,True,False,347.28,347.83,52,347.36,595,600
TSLA,2026-04-09,5,0.0014465499783017505,0.0004339649934906238,False,False,False,345.65,345.73,80,345.9,864,865
TSLA,2026-04-13,5,0.002311136790408651,0.0006219846887188022,False,False,False,346.15,346.45,80,346.23,113,118
TSLA,2026-04-14,6,0.004475978297160979,0.0004967237543791465,True,False,False,365.9982,366.44,44,366.3201,522,525
TSLA,2026-04-14,6,0.003365841597758228,0.0019504958654983006,True,False,False,364.01,364.88,51,364.25,708,709
TSLA,2026-04-15,5,0.009441223254143235,0.001026219918928714,True,True,True,389.78,391.62,42,391.1101,518,519
TSLA,2026-04-15,6,0.0031898333631051115,0.004516804042156791,True,False,False,391.87,391.78,39,392.07,714,715
TSLA,2026-04-16,6,0.005017367811655703,0.0028817702302843294,True,True,False,388.65,389.8199,53,388.92,508,511
TSLA,2026-04-17,6,0.00036961980142504656,0.014874010629755616,False,False,False,392.295,394.47,37,392.5,328,329
TSLA,2026-04-17,5,0.0017246476791169525,0.006159455996846358,False,False,False,405.88,406.12,25,406.0,464,469
TSLA,2026-04-17,5,0.003703842268696955,0.0012346140895656518,True,False,False,400.935,401.95,36,401.05,597,599
TSLA,2026-04-17,6,0.0035886061753931213,0.0001993670097441646,True,False,False,401.27,401.895,70,401.3131,697,700
TSLA,2026-04-17,5,0.0035886061753931213,0.0001993670097441646,True,False,False,401.27,401.895,72,401.3131,699,700
TSLA,2026-04-20,6,0.013997273623410746,0.0,True,True,True,398.4776,399.22,42,399.25,338,339
TSLA,2026-04-20,5,0.0003055968091407575,0.003393195955918675,False,False,False,392.0198,392.2899,69,392.09,593,595
TSLA,2026-04-20,5,0.003620900698730005,0.0011727954302035105,True,False,False,392.14,392.57,78,392.25,634,635
TSLA,2026-04-20,6,0.0011720939713600865,0.000382204555878393,False,False,False,392.46,392.65,61,392.59,713,717
TSLA,2026-04-20,6,0.0011720939713600865,0.000382204555878393,False,False,False,392.46,392.65,61,392.55,716,717
TSLA,2026-04-21,6,0.0,0.003372552997261345,False,False,False,394.36,394.42,80,394.54,141,142
TSLA,2026-04-21,6,0.0017378859129011195,0.004906971989368268,False,False,False,391.28,392.24,34,391.67,371,372
TSLA,2026-04-22,5,0.0014114869373300092,0.0008468921623979471,False,False,False,389.66,389.59,80,389.6199,113,114
TSLA,2026-04-22,5,0.001950918985522104,0.0005647397063352768,False,False,False,389.56,390.05,75,389.82,567,570
TSLA,2026-04-23,6,0.00016028209648982818,0.009723780520382657,False,False,False,374.34,374.96,43,374.84,213,214
TSLA,2026-04-23,6,0.0036254098579159588,0.004291845493562268,True,False,False,375.13,376.29,49,375.7,242,243
TSLA,2026-04-23,6,0.002615076717811923,0.00221480987324879,True,False,False,374.75,376.29,60,374.9,253,256
TSLA,2026-04-23,6,0.0059716680502370405,0.033660927081380694,True,True,False,373.43,374.9,58,373.6,330,331
TSLA,2026-04-23,5,0.010635155096011914,0.008701490533100448,True,True,True,372.35,375.0,37,374.82,358,359
TSLA,2026-04-23,5,0.006472666468890839,0.007847838399093808,True,True,False,370.79,375.0,35,371.2,369,374
TSLA,2026-04-23,5,0.006472666468890839,0.007847838399093808,True,True,False,370.79,375.0,36,371.2,370,374
TSLA,2026-04-23,6,0.010680023321142665,0.0010597869295595548,True,True,True,377.34,378.75,44,377.75,523,526
TSLA,2026-04-24,6,0.005450173657494044,0.00691958322201436,True,True,False,374.3,375.62,49,375.6501,358,359
TSLA,2026-04-24,6,0.0020140365801787135,0.0007443641003827432,False,False,False,376.16,376.74,69,376.45,715,718
TSLA,2026-04-27,6,0.006509190649690891,0.0009415810373767479,True,True,False,366.405,366.63,37,366.55,403,404
TSLA,2026-04-27,6,0.004090357312503329,2.6389402016126312e-05,True,False,False,378.94,378.96,64,378.96,706,708
TSLA,2026-04-28,6,0.0026753705388196268,0.0013111991010756083,True,False,False,373.78,374.62,78,374.18,179,182
TSLA,2026-04-28,6,0.0012147910826324497,0.0022693899345880815,False,False,False,374.55,375.57,28,374.77,436,440
TSLA,2026-04-28,5,0.003241882041086847,0.0007422133863485029,True,False,False,377.25,377.635,45,377.5,671,673
TSLA,2026-04-29,6,0.003852962308525696,0.008970928257793555,True,False,False,372.7262,376.09,80,373.8201,317,320
TSLA,2026-04-30,6,0.010836328523147955,0.000616919693149558,True,True,True,372.82,373.72,72,373.76,307,308
TSLA,2026-05-01,6,0.00666046222805426,0.008994600355221174,True,True,False,381.3399,383.7,73,381.63,291,293
TSLA,2026-05-04,6,0.003190613421160995,0.01543845203787567,True,False,False,388.64,390.76,80,389.79,322,324
TSLA,2026-05-04,5,0.0025933343603964233,0.007677040004108341,True,False,False,389.46,390.7,36,389.45,373,378
TSLA,2026-05-05,6,0.007366648945596297,0.004658109921267897,True,True,False,395.01,395.73,36,396.0,352,353
TSLA,2026-05-05,4,0.006410815193979165,0.0023566378633150214,True,True,False,394.63,396.0702,36,394.82,361,365
TSLA,2026-05-05,5,0.007855539685778372,0.0014792899408285068,True,True,True,392.08,393.27,58,392.35,469,473
TSLA,2026-05-05,5,0.0,0.005074069813515298,False,False,False,391.185,391.72,80,391.32,575,577
TSLA,2026-05-05,6,0.007469941161422255,3.837298541837606e-05,True,True,False,390.9,391.8225,77,391.35,688,692
TSLA,2026-05-06,6,0.0007674044573791184,0.010262694340200757,False,False,False,391.71,393.3799,61,391.82,455,459
TSLA,2026-05-06,6,0.006905697200190134,0.0019265894362848895,True,True,False,399.67,400.4599,74,399.91,690,691
TSLA,2026-05-06,5,0.0023663872315786766,0.003776149837625557,False,False,False,397.23,397.87,80,397.3,808,812
TSLA,2026-05-07,6,0.0013828526274199979,0.005975898854207863,False,False,False,404.96,406.515,33,405.0,565,566
TSLA,2026-05-07,4,0.010908733135738098,0.00035665531108947573,True,True,True,406.555,406.66,56,406.67,623,624
TSLA,2026-05-08,6,0.002254962670436563,0.0037271144656440135,False,False,False,427.945,428.78,41,428.0,469,470
TSLA,2026-05-08,6,0.00030437123925919655,0.004893353000397965,False,False,False,427.11,428.78,65,427.39,493,498
TSLA,2026-05-08,6,0.002998799590103964,0.0012004098960620433,True,False,False,426.9375,427.915,56,427.73,651,652
TSLA,2026-05-11,5,0.001296258210107036,0.001287059871279887,False,False,False,423.9896,425.1,62,424.0,241,243
TSLA,2026-05-11,6,0.005581947743467987,0.005914489311163917,True,True,False,421.0,424.05,76,421.38,328,333
TSLA,2026-05-11,6,0.005581947743467987,0.005914489311163917,True,True,False,421.0,424.05,75,421.38,329,333
TSLA,2026-05-11,7,0.005581947743467987,0.005914489311163917,True,True,False,421.0,424.05,74,421.38,330,333
TSLA,2026-05-11,6,0.0006297229219142963,0.010165527168046147,False,False,False,444.64,445.82,37,445.0,656,657
TSLA,2026-05-12,5,0.002939809681566554,0.001208150331187268,True,False,False,438.7699,439.19,74,439.4,236,237
TSLA,2026-05-12,6,0.001967790520002962,0.019408369802565315,False,False,False,439.2744,439.71,51,439.52,312,313
TSLA,2026-05-12,6,0.005357590680072095,0.020906002781387538,True,True,False,438.63,440.4701,52,439.02,330,331
TSLA,2026-05-12,4,0.003426378546301796,0.005002512677600746,True,False,False,437.78,440.4701,54,438.41,343,347
TSLA,2026-05-13,5,0.006558134164646188,0.017319016279875303,True,True,False,433.05,435.0,49,434.52,341,342
TSLA,2026-05-13,5,0.002991472072152465,0.004755101129615563,True,False,False,447.94,448.82,28,449.24,467,468
TSLA,2026-05-13,4,0.0014309990161881457,0.00981575887666574,False,False,False,447.24,448.82,32,447.83,471,474
TSLA,2026-05-13,5,0.002580645161290378,0.0019354838709677521,True,False,False,449.5,450.4,30,449.49,529,530
TSLA,2026-05-13,5,0.005778799169994813,0.0,True,True,False,448.19,448.7,52,448.72,621,622
TSLA,2026-05-14,6,0.006737601364040845,0.0008992819771112174,True,True,False,449.1361,450.0,38,449.5801,501,503
TSLA,2026-05-14,6,0.003427312874335556,0.0016293782517333725,True,False,False,444.955,446.3,42,445.15,595,596
TSLA,2026-05-14,6,0.0033736674013764563,0.0011920291484862865,True,False,False,444.62,445.04,69,444.61,667,671
TSLA,2026-05-15,5,0.00142584458294047,0.001080882183842024,False,False,False,434.83,435.1,41,435.07,204,206
TSLA,2026-05-15,6,0.010959605361131747,0.0017218912881608551,True,True,True,429.76,432.53,60,430.8,330,332
TSLA,2026-05-18,7,0.013652507799375966,0.002303815694744508,True,True,True,416.7,419.17,68,417.29,331,334
TSLA,2026-05-18,6,0.013652507799375966,0.002303815694744508,True,True,True,416.7,419.17,68,417.29,333,334
TSLA,2026-05-18,6,0.004288185561484275,0.004872938138050337,True,False,False,410.43,410.65,37,411.6101,503,504
TSLA,2026-05-18,6,0.0007578720907490765,0.0033004107177781287,False,False,False,409.04,409.685,36,409.32,711,712
TSLA,2026-05-19,5,0.0011588342620444067,0.0012081463583017138,False,False,False,405.58,405.98,80,405.63,183,188
TSLA,2026-05-19,5,0.003783612780765592,0.007427016766845907,True,False,False,395.125,397.46,32,395.2,395,398
TSLA,2026-05-19,5,0.0009967076609256882,0.005536760248543691,False,False,False,396.4051,397.46,57,396.83,463,468
TSLA,2026-05-19,6,0.0009967076609256882,0.005536760248543691,False,False,False,396.4051,397.46,58,396.83,466,468
TSLA,2026-05-19,5,0.004688447121986174,0.0035750955626754908,True,False,False,404.185,404.56,44,404.24,632,633
TSLA,2026-05-20,5,0.0009304603330068449,0.0009059745347698447,False,False,False,408.4,408.5481,80,408.56,219,220
TSLA,2026-05-20,5,0.0018347726105144703,0.0,False,False,False,408.77,408.5481,80,408.5,220,221
TSLA,2026-05-20,6,0.0005878606770195686,0.0006613432616469451,False,False,False,408.26,408.5481,80,408.3,222,223
TSLA,2026-05-20,6,0.004839771342598246,0.0064980860325432824,True,False,False,408.3664,409.0,46,408.44,365,366
TSLA,2026-05-20,5,0.0004132010311785208,0.0074663164550804835,False,False,False,411.18,412.0473,36,411.38,459,460
TSLA,2026-05-20,5,0.0005816374559986395,0.013759444341219956,False,False,False,412.8001,413.55,69,413.02,688,691
TSLA,2026-05-21,6,0.008408259060734554,0.01401186509070293,True,True,True,421.0503,422.06,55,422.3,326,328
TSLA,2026-05-21,5,0.008525868937060862,0.0014623589426495055,True,True,True,420.485,423.07,52,420.6,340,345
TSLA,2026-05-21,4,0.00220802963033312,0.0016144732780930383,False,False,False,421.19,421.9281,40,421.37,608,613
TSLA,2026-05-21,6,0.0020597322348093715,0.0007664119943478314,False,False,False,417.53,418.47,48,417.81,713,718
TSLA,2026-05-21,6,0.0020597322348093715,0.0007664119943478314,False,False,False,417.53,418.47,51,417.5521,716,718
TSLA,2026-05-22,4,0.0008551881413910035,0.008884217027746185,False,False,False,420.96,421.42,62,421.36,342,343
TSLA,2026-05-22,5,0.004504883405766618,0.0018923781485115437,True,False,False,427.98,429.8799,20,428.16,428,432
TSLA,2026-05-22,5,0.00246543589983727,0.008510787745402162,False,False,False,427.105,428.4845,36,427.44,446,449
TSLA,2026-05-22,5,0.000738266830725957,0.003480400773422426,False,False,False,426.675,427.35,42,426.9101,516,518
TSLA,2026-05-22,6,0.007120677981929847,0.0004902761889198431,True,True,False,428.33,428.56,49,428.45,658,659
TSLA,2026-05-22,6,0.006656624543158625,0.0,True,True,False,428.1299,428.56,50,428.2401,659,661
TSLA,2026-05-26,6,0.0019837102382786595,0.008751662815935028,False,False,False,428.49,430.41,74,429.62,335,336
TSLA,2026-05-26,5,0.0066824446610051404,0.0031089609726669453,True,True,False,430.98,433.22,30,432.2401,450,455
TSLA,2026-05-27,6,0.0033410086234141904,0.002189715111291639,True,False,False,442.98,443.1,49,443.26,228,229
TSLA,2026-05-27,6,0.006679237567303537,0.005543312810959397,True,True,False,440.17,442.6676,51,440.3907,337,340
TSLA,2026-05-27,6,0.0036006472049405986,0.008659784416945857,True,False,False,438.81,442.6676,50,440.3907,340,343
TSLA,2026-05-27,5,0.0027938036614728076,0.004269976831872122,True,False,False,440.26,442.2,25,440.62,434,439
TSLA,2026-05-27,6,0.0039046140093491957,0.00274646386251474,True,False,False,440.5301,441.3987,62,440.61,541,544
TSLA,2026-05-27,5,0.0037375407756433544,0.0012459224356651218,True,False,False,441.44,441.42,61,441.48,600,601
TSLA,2026-05-27,5,0.003903590395352066,0.0003404293949434371,True,False,False,440.62,441.41,61,440.78,619,621
TSLA,2026-05-28,4,0.0011337097249620209,0.0034691517583838507,False,False,False,441.03,441.26,43,441.31,426,427
TSLA,2026-05-28,5,0.00011344299489509102,0.004628474191718708,False,False,False,440.75,441.96,77,441.2301,499,503
TSLA,2026-05-28,6,0.0011553360668735493,0.0014722606075708547,False,False,False,441.43,442.0,80,441.69,601,603
TSLA,2026-05-28,6,0.001267082993936108,0.00330075119920354,False,False,False,441.96,442.23,69,442.0,692,693
TSLA,2026-05-28,5,0.0004528267711186828,0.0015396110218036244,False,False,False,441.67,442.23,66,441.81,706,709
TSLA,2026-05-29,5,0.006529405073370503,0.0025935615970879,True,True,False,439.55,439.9,73,440.1,316,317
TSLA,2026-05-29,6,0.00309332053874364,0.006180243782629023,True,False,False,437.685,439.86,73,439.11,319,320
TSLA,2026-05-29,5,0.0006928894917124554,0.0018391227384537837,False,False,False,434.99,435.4,58,435.16,709,710
TSLA,2026-06-01,6,0.006388941668250042,0.002444185825574699,True,True,False,421.04,421.45,47,421.3,472,473
TSLA,2026-06-01,5,0.005585928214879881,0.0001901592583788545,True,True,False,420.7,421.45,47,420.81,483,486
TSLA,2026-06-01,5,0.001975955243423364,0.001356981311748585,False,False,False,420.05,420.67,78,420.21,606,610
TSLA,2026-06-02,6,0.004059296867516029,0.0,True,False,False,417.56,417.84,75,417.7,144,146
TSLA,2026-06-02,6,0.0020747388482787233,0.007816457986538345,False,False,False,414.51,418.1577,79,417.05,329,330
TSLA,2026-06-02,6,0.0006772411334877162,0.0045030594665241815,False,False,False,420.825,422.45,30,420.835,429,434
TSLA,2026-06-02,5,0.0014478306275515372,0.004129877527769887,False,False,False,421.32,421.84,65,421.4,571,572
TSLA,2026-06-02,6,0.00080666207976472,0.002182732686422017,False,False,False,421.49,422.25,70,421.6701,601,602
TSLA,2026-06-04,4,0.002214549351113244,0.00030956066198355864,False,False,False,419.95,419.67,63,420.0,126,127
TSLA,2026-06-04,6,0.003394417014811883,0.010990315229776046,True,False,False,421.28,422.3975,56,421.53,355,356
TSLA,2026-06-04,4,0.005319275815185025,0.002075233165565452,True,True,False,419.23,419.79,77,419.28,687,690
TSLA,2026-06-05,7,0.0014342730797626425,0.0032502382289105137,False,False,False,418.4001,418.78,67,418.6024,165,167
TSLA,2026-06-05,4,0.006986098857864935,0.012613319344762605,True,True,False,419.39,419.6014,64,419.5,289,293
TSLA,2026-06-05,6,0.024672504712591508,0.0005726693550311607,True,True,True,419.09,419.69,59,419.0,319,321
TSLA,2026-06-05,6,0.020746987374523906,0.0006947605471837369,True,True,True,417.41,419.69,59,418.9001,321,322
TSLA,2026-06-05,4,0.0016608978796501836,0.0025382662872087,False,False,False,390.03,391.76,48,390.46,702,706
TSLA,2026-06-08,5,0.008589444416861079,0.0012164242093242864,True,True,True,402.82,403.55,47,402.81,427,431
TSLA,2026-06-08,6,0.0053537098775946965,0.0002920205387779051,True,True,False,410.93,411.8,54,411.1601,657,660
TSLA,2026-06-09,6,0.00025325431798617923,0.007141771767208613,False,False,False,394.86,396.04,38,395.62,618,620
TSLA,2026-06-09,5,0.0024488143142763256,0.0031635158049249613,False,False,False,395.13,396.49,53,395.86,646,651
TSLA,2026-06-10,5,0.0007950144897802228,0.004667504423870933,False,False,False,389.93,390.0241,67,389.66,125,127
TSLA,2026-06-10,5,0.0007950144897802228,0.004667504423870933,False,False,False,389.93,390.0241,67,389.66,126,127
TSLA,2026-06-10,6,0.0023840041015124503,0.004819277108433723,False,False,False,390.1,390.76,58,391.22,176,177
TSLA,2026-06-10,6,0.000744945927200854,0.0037761052171901934,False,False,False,389.29,390.76,57,389.7,197,199
TSLA,2026-06-10,6,0.007971227058808525,0.003583608606374425,True,True,True,392.035,393.89,41,392.04,348,351
TSLA,2026-06-10,6,0.002684039087947812,0.007807947882736207,True,False,False,383.75,386.14,35,384.8901,459,460
TSLA,2026-06-10,6,0.0049061823116469516,0.006158824603982394,True,False,False,383.19,385.42,50,383.71,511,516
TSLA,2026-06-10,5,0.0049061823116469516,0.006158824603982394,True,False,False,383.19,385.42,51,383.71,512,516
TSLA,2026-06-10,6,0.002371891779179547,0.0014856904550904267,False,False,False,383.66,384.435,59,384.44,609,610
TSLA,2026-06-11,6,0.006099935107073388,0.005113562621674309,True,True,False,385.25,387.68,39,387.8,255,256
TSLA,2026-06-11,6,0.007431357722093208,0.01778284790487867,True,True,False,383.51,385.76,43,385.1,325,326
TSLA,2026-06-11,5,0.0007521332053842894,0.009207147859013958,False,False,False,385.57,385.8,30,386.03,372,373
META,2025-12-15,6,0.002519284603421508,0.01034214618973558,True,False,False,643.0,644.75,79,643.09,158,160
META,2025-12-15,5,0.00020014483151783516,0.00457605965825929,False,False,False,649.03,650.16,58,649.64,323,327
META,2025-12-15,5,0.00020018478595626034,0.004511857098860585,False,False,False,649.4,650.72,79,649.636,358,360
META,2025-12-15,6,0.0009694097371822421,0.002015756755093339,False,False,False,649.88,650.72,78,650.21,389,393
META,2025-12-15,6,0.005065512940922822,6.158678347620998e-05,True,True,False,649.49,651.22,79,649.91,541,542
META,2025-12-16,6,0.002706195362979814,0.0,True,False,False,657.75,657.95,50,658.7,574,575
META,2025-12-16,4,0.0015677321156772797,0.0006392694063926318,False,False,False,657.0,657.95,51,657.1,575,576
META,2025-12-17,6,0.005193227545364755,0.001002201807000352,True,True,False,658.55,658.6,80,658.5,139,140
META,2025-12-17,6,0.0030359520639147873,0.0036294464523492346,True,False,False,657.125,657.82,54,657.47,281,283
META,2025-12-17,4,0.002554822226953471,0.0031631132333707337,True,False,False,657.58,658.33,63,657.7501,345,349
META,2025-12-17,5,0.002554822226953471,0.0031631132333707337,True,False,False,657.58,658.33,65,657.7501,348,349
META,2025-12-17,5,0.0010106114199091702,0.002067159722541089,False,False,False,653.07,654.01,70,653.1211,537,538
META,2025-12-17,6,0.006603824235497971,0.0003451476081271106,True,True,False,651.895,653.66,80,652.62,588,589
META,2025-12-18,4,0.004039827593974882,0.0006908255365161914,True,False,False,665.87,666.25,79,665.93,466,468
META,2025-12-18,6,0.003192194181774385,0.003643919773534842,True,False,False,664.12,664.43,72,664.21,590,592
META,2025-12-18,6,0.0007547169811320754,0.002943396226415163,False,False,False,662.5,664.83,73,664.09,593,596
META,2025-12-19,5,0.004207468067650606,0.0,True,False,False,664.295,664.0,58,663.0,125,127
META,2025-12-19,4,0.0024144019073775408,0.00396867313525177,False,False,False,662.69,663.5,48,665.01,207,208
META,2025-12-19,4,0.0024861092390410233,0.000509203097152833,False,False,False,667.71,668.67,79,667.82,487,490
META,2025-12-19,6,0.0054699304925959575,0.0018736778482925493,True,True,False,661.8,665.87,74,664.95,589,590
META,2025-12-22,5,0.0006208170558129194,0.0024681263438417907,False,False,False,660.42,660.8399,75,661.3,622,623
META,2025-12-23,6,0.001996913860397471,0.00033281897673296916,False,False,False,661.02,661.5,80,661.5,119,120
META,2025-12-23,4,0.00030279632405269487,0.00414830963952099,False,False,False,660.51,661.1896,49,661.26,212,213
META,2025-12-23,5,0.0,0.003527283690081447,False,False,False,663.4,663.9,80,663.56,307,308
META,2025-12-23,4,0.00046688153257637145,0.0013705232085303295,False,False,False,663.98,664.49,80,664.17,338,340
META,2025-12-23,6,0.001339574647420922,0.002242658679390131,False,False,False,664.39,665.1,80,665.05,551,552
META,2025-12-26,6,0.0009680832701702503,0.003864678468777374,False,False,False,666.265,667.0,80,666.6393,106,107
META,2025-12-31,4,0.0013515656264394859,0.0014391531195493388,False,False,False,662.195,662.73,75,662.52,219,223
META,2025-12-31,5,0.000636333313117716,0.0008035660137062382,False,False,False,659.56,661.005,80,659.44,534,535
META,2026-01-02,5,0.015588428765928886,6.119108445893867e-05,True,True,True,653.69,655.86,39,654.06,243,245
META,2026-01-05,4,0.00024270740105876274,0.005248395855771047,False,False,False,659.23,660.19,31,660.255,288,289
META,2026-01-06,4,0.007716846422603566,0.00522542913565256,True,True,True,658.3,659.0,80,659.12,168,169
META,2026-01-06,6,0.0054620265450683455,0.0025767062647731953,True,True,False,656.8075,659.84,77,658.0,177,180
META,2026-01-06,5,0.0002423361201986674,0.0016963528413910163,False,False,False,660.24,660.28,52,660.2501,480,481
META,2026-01-07,5,0.000771093256018383,0.006939839304165446,False,False,False,648.43,648.5,45,648.76,286,287
META,2026-01-07,6,0.003491610907460157,0.0017959220706530302,True,False,False,652.4782,652.729,40,652.84,347,348
META,2026-01-07,6,0.00309992846318929,0.0004229133173849871,True,False,False,650.015,650.91,64,650.34,503,508
META,2026-01-08,6,0.01591331269349841,0.0014086687306501056,True,True,True,646.0,646.0,80,646.0,169,170
META,2026-01-08,5,0.0028720234739118573,0.002665001364852714,True,False,False,642.9265,643.13,56,642.97,303,304
META,2026-01-09,6,0.003055270764667544,0.011072700742424144,True,False,False,644.8201,647.23,69,645.4,228,233
META,2026-01-09,5,0.003055270764667544,0.011072700742424144,True,False,False,644.8201,647.23,69,645.4,232,233
META,2026-01-09,4,0.002078125239636241,0.0016256920693834013,False,False,False,652.03,652.4,80,652.0,497,501
META,2026-01-12,5,0.0012407234727928047,0.0013704985242325774,False,False,False,648.815,649.0718,64,649.3,380,381
META,2026-01-12,6,0.009262692747442916,0.0015914217731219256,True,True,True,647.22,647.4,80,647.36,556,557
META,2026-01-12,6,0.006761257144627409,0.0007744853544819467,True,True,False,645.59,647.25,80,645.82,571,574
META,2026-01-14,6,0.00804071409198954,0.0026164228394570926,True,True,True,626.81,627.57,78,626.5,223,224
META,2026-01-14,6,0.008922585794094225,0.0031125299281724588,True,True,True,626.5,627.57,78,626.5,224,225
META,2026-01-15,6,0.005255273492853969,0.004979958702781379,True,True,False,617.475,617.85,80,617.6,297,298
META,2026-01-15,5,0.004523723434172899,0.0007070828813628292,True,False,False,622.275,623.0,80,622.86,570,572
META,2026-01-20,6,0.0005768438401318875,0.001944787803873012,False,False,False,606.75,607.31,59,607.45,216,217
META,2026-01-20,6,0.0007471188016871317,0.013534159221495387,False,False,False,602.18,607.93,70,605.0,272,273
META,2026-01-20,4,0.0006080126203700736,0.004321819436684516,False,False,False,608.54,609.38,48,608.86,352,357
META,2026-01-20,4,0.0006080126203700736,0.004321819436684516,False,False,False,608.54,609.4399,53,608.71,356,357
META,2026-01-20,6,0.003825944170771824,0.0027586206896550902,True,False,False,609.0,609.82,69,609.25,386,387
META,2026-01-21,6,0.0038347250120353018,0.0064908116004581224,True,False,False,602.39,605.28,60,605.5,233,234
META,2026-01-21,6,0.0035574908597955507,0.00028755699790486715,True,False,False,608.575,609.76,76,609.76,443,444
META,2026-01-21,7,0.00026324015728594163,0.013392343001925109,False,False,False,607.81,608.5,64,607.86,515,517
META,2026-01-21,6,0.0003266372693123172,0.0035930099624367886,False,False,False,612.3,615.61,60,613.68,617,618
META,2026-01-22,6,0.0024326376299600807,0.0012550550829731777,False,False,False,645.39,645.81,70,646.1208,506,507
META,2026-01-22,5,0.0019592800254353295,0.0027842889893857593,False,False,False,645.0839,645.81,73,645.32,509,513
META,2026-01-22,5,0.0003021826888059698,0.003014078613988812,False,False,False,645.305,645.82,74,645.285,556,560
META,2026-01-22,6,0.0005660274949794278,0.02438570509192135,False,False,False,644.845,646.1591,80,645.7061,612,614
META,2026-01-26,4,0.011352814016416971,0.0045199619053378015,True,True,True,661.51,662.22,80,661.34,155,158
META,2026-01-26,6,0.00022667512920478928,0.010819959500710201,False,False,False,661.74,663.841,72,663.0,246,247
META,2026-01-26,4,0.0024581768521679,0.0008906437870174162,False,False,False,673.67,673.94,79,673.755,561,562
META,2026-01-27,7,0.000801293941327423,0.0008754878247837721,False,False,False,673.91,674.98,80,674.5,136,141
META,2026-01-27,5,0.0008777388496720111,0.0040827480503356104,False,False,False,673.321,674.3,80,673.8,179,181
META,2026-01-27,6,0.0008252070146755354,0.0041355406977365994,False,False,False,673.2856,674.62,80,673.31,180,182
META,2026-01-27,4,0.0005942388543074552,0.0012924695081187952,False,False,False,673.13,674.58,79,673.12,184,186
META,2026-01-27,6,0.007743857036485548,0.00234549516008942,True,True,True,671.5,674.19,78,673.08,269,270
META,2026-01-28,6,0.002142378933273735,0.008223610801160504,False,False,False,672.15,673.7,62,673.4,272,277
META,2026-01-28,6,0.002142378933273735,0.008223610801160504,False,False,False,672.15,673.7,64,672.6,275,277
META,2026-01-28,4,0.003969578927842633,0.003153403821183454,True,False,False,673.875,674.98,64,674.21,313,314
META,2026-01-28,5,0.0011645267243953013,0.0024634219169902822,False,False,False,669.8,669.95,71,669.95,480,481
META,2026-01-28,5,0.001283199045061196,0.00432706654729928,False,False,False,670.2,670.43,80,670.46,541,543
META,2026-01-28,6,0.04706339945546485,0.05238907339257395,True,True,True,668.46,671.7,80,670.36,654,656
META,2026-01-28,5,0.01848998459167951,0.10326656394453002,True,True,True,649.0,671.59,78,666.1,663,664
META,2026-01-29,6,0.018630000000000067,0.005734109589041023,True,True,True,730.0,732.41,32,731.62,389,390
META,2026-01-29,5,0.011316450455423779,0.005934308584046307,True,True,True,724.6,732.41,33,728.27,391,393
META,2026-01-29,6,0.011316450455423779,0.005934308584046307,True,True,True,724.6,732.41,33,728.27,392,393
META,2026-01-29,6,0.0010192156116652625,0.007161688364634552,False,False,False,735.86,736.62,70,736.18,748,749
META,2026-01-29,5,0.008642092553148196,0.0016551574434599758,True,True,True,737.09,737.4,61,737.7,785,786
META,2026-01-30,6,0.005568951120373748,0.0038990524957387093,True,True,False,724.535,729.0559,76,724.9,334,337
META,2026-01-30,6,0.005568951120373748,0.0038990524957387093,True,True,False,724.535,728.26,76,724.9,335,337
META,2026-01-30,6,0.005253173732060355,0.00421783640869532,True,True,False,724.305,728.26,77,724.5913,337,338
META,2026-01-30,5,0.004028548328640311,0.0016866932448633032,True,False,False,717.38,718.31,55,717.55,536,537
META,2026-01-30,6,0.0024015302774326344,0.003057762388126305,False,False,False,716.21,718.2,60,716.68,559,563
META,2026-01-30,5,0.00401275707815455,0.0012491887251993912,True,False,False,716.465,717.77,79,716.66,661,663
META,2026-02-02,5,0.0062136305355557295,0.016301973990108826,True,True,False,709.73,710.36,71,710.0,245,246
META,2026-02-02,6,0.0072950091012997185,0.004712921023296389,True,True,False,708.69,710.21,64,709.52,258,259
META,2026-02-02,7,0.004936139517121447,0.007100323899237609,True,False,False,707.01,710.21,64,707.6203,260,262
META,2026-02-03,6,0.01300148825455888,0.0004173352231354044,True,True,True,705.1885,707.0,58,706.425,247,248
META,2026-02-03,6,0.011068328099913278,0.00237677782356041,True,True,True,703.81,707.0,58,705.9,248,249
META,2026-02-03,5,0.0015912055151855026,0.0031818377262758358,False,False,False,697.71,698.35,33,697.81,334,335
META,2026-02-03,5,0.000753730968293018,0.003429978393045554,False,False,False,696.535,698.82,68,697.64,383,384
META,2026-02-03,5,0.0010420134014501748,0.0007670376427340879,False,False,False,690.97,691.07,52,690.4225,643,647
META,2026-02-04,6,0.004505287556134869,0.004795016659423525,True,False,False,690.3,691.16,65,691.24,106,107
META,2026-02-04,6,0.0012789396427688976,0.0012062726176114743,False,False,False,688.07,691.16,56,688.14,127,132
META,2026-02-04,5,0.0012789396427688976,0.0012062726176114743,False,False,False,688.07,691.16,56,688.02,128,133
META,2026-02-04,5,0.0012789396427688976,0.0012062726176114743,False,False,False,688.07,691.16,52,688.02,132,133
META,2026-02-04,6,0.014775066157012743,0.0073948838576888744,True,True,True,680.2,687.8,48,681.61,212,213
META,2026-02-04,5,0.009243578361521721,0.004185349040204641,True,True,True,670.195,673.23,68,671.78,591,592
META,2026-02-05,6,0.002320539830844832,0.026380873866446785,False,False,False,655.02,659.09,68,657.0,265,266
META,2026-02-05,6,0.009234828496042242,0.0005632800687794542,True,True,True,674.62,676.39,51,674.6,614,617
META,2026-02-06,6,0.023597352271528007,0.0001055472625562587,True,True,True,663.21,669.0,67,663.5,343,348
META,2026-02-06,4,0.0016199034170793739,0.006525459991441992,False,False,False,654.36,656.91,24,654.18,418,421
META,2026-02-06,6,0.002833853888931231,0.0042507808333967605,True,False,False,656.35,657.56,59,656.82,483,485
META,2026-02-06,6,0.007187590034421595,0.0001516369205574518,True,True,False,659.47,660.6,77,659.7,648,650
META,2026-02-09,4,0.001091736163760466,0.005943896891584472,False,False,False,659.5,662.5,50,659.53,205,209
META,2026-02-09,5,0.001091736163760466,0.005943896891584472,False,False,False,659.5,662.82,49,659.53,206,209
META,2026-02-09,5,0.001091736163760466,0.005943896891584472,False,False,False,659.5,662.09,49,659.53,207,209
META,2026-02-10,6,0.002659299422341003,0.00020683439951539638,True,False,False,676.87,677.55,73,676.8,111,112
META,2026-02-10,5,0.0032304870004722583,0.000544317572032421,True,False,False,674.7899,675.1099,46,675.0,398,399
META,2026-02-10,6,0.0018032786885246444,0.0007451564828614009,False,False,False,671.0,673.025,69,672.78,567,568
META,2026-02-11,6,0.009753776614725743,0.004073985964077568,True,True,True,672.56,675.17,54,673.84,159,160
META,2026-02-11,6,0.011774662944705208,0.00155164221654683,True,True,True,673.48,675.17,54,673.84,160,162
META,2026-02-11,6,0.0014805066622799938,0.0013907789857780883,False,False,False,668.69,668.98,70,668.865,539,543
META,2026-02-11,5,0.0010771670506566436,0.0006881900601418815,False,False,False,668.42,668.98,70,668.57,543,545
META,2026-02-12,6,0.001459354012478993,2.978273494852324e-05,False,False,False,671.53,671.0,76,671.12,107,112
META,2026-02-12,6,0.010414024617679997,0.008578888474449832,True,True,True,670.25,672.0,78,671.99,190,191
META,2026-02-12,6,0.00943806085302086,0.0014007280789801787,True,True,True,667.51,672.0,74,668.137,196,198
META,2026-02-12,6,0.0036250726544097473,0.0011776132644008793,True,False,False,653.78,654.1,43,653.87,422,424
META,2026-02-13,6,0.0021295116112786464,0.008797836291851848,False,False,False,643.34,646.01,45,645.4,133,134
META,2026-02-13,5,0.006868705620271872,0.004006744945158695,True,True,False,646.41,646.01,45,645.4,134,139
META,2026-02-13,6,0.0023462871171746735,0.009074381963111888,False,False,False,643.57,645.11,45,644.611,299,300
META,2026-02-17,6,0.002827032715050915,0.0031254417238617406,True,False,False,636.71,637.78,51,636.64,378,379
META,2026-02-18,5,0.002731339769248896,0.0011788713601759517,True,False,False,637.05,640.61,45,637.5,168,172
META,2026-02-18,4,0.002731339769248896,0.0011788713601759517,True,False,False,637.05,640.61,45,637.5,169,172
META,2026-02-18,4,0.0019009614780368825,0.0020125054986490022,False,False,False,636.52,640.61,45,636.7173,172,176
META,2026-02-18,4,0.004583723105706175,0.000296227003430082,True,False,False,641.4,641.51,68,641.68,490,491
META,2026-02-19,4,0.0012923718916899567,0.0036591252355075636,False,False,False,642.23,643.09,52,642.3,274,277
META,2026-02-19,5,0.0015229688568409556,0.003341207185926489,False,False,False,643.48,644.35,56,644.42,340,341
META,2026-02-19,6,0.0011171634260030959,0.001334730188505598,False,False,False,644.3999,644.31,61,644.5,624,625
META,2026-02-20,4,0.00027720661031132844,0.008788363414820038,False,False,False,656.55,656.39,31,656.6601,284,285
META,2026-02-23,4,0.00395174708818644,0.004537191101250903,True,False,False,649.08,650.3395,68,649.4,176,178
META,2026-02-23,5,0.00395174708818644,0.004537191101250903,True,False,False,649.08,650.04,67,649.4,177,178
META,2026-02-23,5,0.0017524897707094742,0.003968192696672663,False,False,False,647.65,649.88,65,647.79,197,201
META,2026-02-23,4,0.0017524897707094742,0.003968192696672663,False,False,False,647.65,649.88,65,647.79,198,201
META,2026-02-23,6,0.0017524897707094742,0.003968192696672663,False,False,False,647.65,649.88,65,647.79,199,201
META,2026-02-24,6,0.005766192733017342,0.008767772511848269,True,True,False,633.0,635.22,75,635.26,209,210
META,2026-02-26,6,0.004657740611501349,0.002613253808433194,True,False,False,650.53,652.0,34,650.44,206,209
META,2026-02-26,4,0.0018718042366691293,0.0012326515704893252,False,False,False,657.12,657.25,68,657.2501,480,481
META,2026-02-26,6,0.00030483622673725474,0.003109329512719236,False,False,False,656.09,657.25,68,656.35,497,502
META,2026-02-27,5,0.002203090576709689,0.0018749707035828275,False,False,False,640.01,641.09,72,640.25,445,449
META,2026-02-27,5,0.00010942287250679988,0.014670480835365457,False,False,False,639.72,640.15,65,640.18,532,533
META,2026-03-02,6,0.002083267573624649,0.02795050661279637,False,False,False,633.62,637.51,59,634.47,194,196
META,2026-03-02,5,0.004227746886632034,0.007919366450683881,True,False,False,652.83,654.6,36,652.84,312,316
META,2026-03-02,6,0.004259541984732769,0.0017404580152671548,True,False,False,655.0,655.77,76,654.99,516,517
META,2026-03-03,6,0.005557198673744083,0.004903410594480125,True,True,False,642.41,642.34,26,642.85,285,286
META,2026-03-03,4,0.0035783944834365503,0.0019811711946922483,True,False,False,651.13,653.19,35,651.39,392,397
META,2026-03-04,6,0.0005076142131980325,0.014228580218427933,False,False,False,650.1,656.06,51,653.58,109,110
META,2026-03-05,6,0.0,0.004833836858006111,False,False,False,662.0,662.68,59,662.9,103,104
META,2026-03-05,6,0.0071633891499749604,0.0005551246368876657,True,True,False,657.51,659.3999,61,657.77,374,376
META,2026-03-05,6,0.001563808332511753,0.006715988702063746,False,False,False,652.1899,653.14,61,652.03,506,509
META,2026-03-06,6,0.0006501547987615465,0.0042569659442724455,False,False,False,646.0,647.185,38,646.411,298,300
META,2026-03-09,6,0.007081188118811924,0.006558415841584137,True,True,False,631.25,636.76,76,633.54,201,203
META,2026-03-10,6,0.004051316677920303,0.007488797495549683,True,False,False,651.64,654.94,29,652.32,239,240
META,2026-03-11,4,0.0030619899872927417,0.001974983541803937,True,False,False,653.17,653.21,48,653.23,328,329
META,2026-03-12,6,0.006945941783459096,0.0064685045433544525,True,True,False,649.3,650.5,66,649.05,112,117
META,2026-03-12,6,0.006239100111373864,0.004481215504603948,True,True,False,647.369,650.5,63,648.21,130,131
META,2026-03-12,7,0.0035778452388327015,0.004801437333498579,True,False,False,645.64,649.72,66,646.26,141,146
META,2026-03-12,6,0.0,0.002939336693501015,False,False,False,637.865,638.73,79,638.125,461,463
META,2026-03-13,5,0.0013790479813590828,0.0031860763707261255,False,False,False,630.87,632.5,72,630.86,184,188
META,2026-03-13,6,0.010579893400771506,0.0019687244906125747,True,True,True,624.77,626.49,50,625.24,339,340
META,2026-03-13,5,0.00557807686071032,6.486135884540882e-05,True,True,False,616.7,617.96,63,616.73,459,464
META,2026-03-13,6,0.00557807686071032,6.486135884540882e-05,True,True,False,616.7,617.96,66,616.73,462,464
META,2026-03-13,4,0.0,0.0009797517962116635,False,False,False,612.4,613.1,77,612.12,666,667
META,2026-03-16,6,0.005554631104349404,0.0008637015554551217,True,True,False,631.005,632.55,46,631.338,370,371
META,2026-03-16,6,0.0009724395618433834,0.0031456583527608778,False,False,False,626.26,627.5,46,626.62,651,653
META,2026-03-16,6,0.0003033885578259007,0.003674532295943745,False,False,False,625.93,627.5,52,626.03,657,660
META,2026-03-16,6,0.002387319112274071,0.0017390749397706207,False,False,False,626.77,627.46,80,626.78,693,696
META,2026-03-18,5,0.005268601719568154,0.001195940267632053,True,True,False,618.76,619.65,50,619.11,195,197
META,2026-03-18,7,0.005268601719568154,0.001195940267632053,True,True,False,618.76,619.65,51,619.11,196,197
META,2026-03-19,6,0.0017952438334604387,0.005008648320750149,False,False,False,609.945,611.4072,54,610.01,171,174
META,2026-03-19,5,0.0032044434949795933,0.0033359078434916484,True,False,False,608.53,611.59,69,609.105,206,210
META,2026-03-19,5,0.0036555846465443423,0.0004116649376739285,True,False,False,607.29,608.8,63,607.82,281,283
META,2026-03-19,6,0.0010072156267027948,0.0023611776166965804,False,False,False,605.63,606.56,68,605.73,355,358
META,2026-03-23,4,0.006699278666777156,0.004941547135395106,True,True,False,603.05,604.0,50,604.0,198,199
META,2026-03-23,6,0.0008673171545325358,0.00880660495371543,False,False,False,599.55,604.38,61,601.35,222,224
META,2026-03-23,4,0.001007172793082226,0.007570361290108918,False,False,False,603.67,603.3399,44,603.77,293,294
META,2026-03-23,6,0.004019628805422017,0.001964562050371669,True,False,False,606.5983,607.31,46,607.0,357,358
META,2026-03-23,6,0.005114030166012156,0.0025083336083698833,True,True,False,605.98,606.54,52,606.02,582,583
META,2026-03-23,6,0.004916977519559043,0.00021457102300860835,True,False,False,605.86,606.54,72,605.9,602,605
META,2026-03-24,5,0.001076928255271902,0.005940860667463223,False,False,False,594.19,596.19,70,594.54,283,287
META,2026-03-24,5,0.0029105677954026,0.0032298705915227025,True,False,False,594.4201,595.69,60,594.71,325,327
META,2026-03-25,6,0.006518730931461577,0.0064353712008803025,True,True,False,599.81,601.49,66,601.1,184,186
META,2026-03-25,6,0.006518730931461577,0.0064353712008803025,True,True,False,599.81,601.49,66,601.1,185,186
META,2026-03-25,5,0.0048628805513143145,0.0010011763822491808,True,False,False,599.295,599.54,62,599.4701,447,452
META,2026-03-25,7,0.004206545333110587,0.0003339455668726757,True,False,False,598.9,599.54,62,599.051,456,458
META,2026-03-26,6,0.002764505119453933,0.011262798634812325,True,False,False,586.0,587.65,69,585.68,101,104
META,2026-03-26,7,0.0,0.017366317757694743,False,False,False,545.51,547.2,50,546.16,577,580
META,2026-03-26,7,0.0,0.017366317757694743,False,False,False,545.51,547.2,51,546.16,578,580
META,2026-03-26,6,0.0,0.017366317757694743,False,False,False,545.51,547.2,51,546.16,579,580
META,2026-03-26,5,0.0015739673127253676,0.015727776862680617,False,False,False,546.39,547.2,51,546.0,580,581
META,2026-03-27,6,0.010095190287615921,0.0038855113689180345,True,True,True,537.87,540.25,48,537.99,266,271
META,2026-03-27,6,0.010095190287615921,0.0038855113689180345,True,True,True,537.87,540.25,49,537.99,270,271
META,2026-03-30,5,0.0011448948948947072,0.0016704204204206084,False,False,False,532.8,532.9407,73,533.0,217,218
META,2026-03-30,5,0.0008636064958226278,0.0019525016427298927,False,False,False,532.65,532.9407,74,532.874,218,221
META,2026-03-30,5,0.005204167097994535,0.004790092319854082,True,True,False,531.305,533.53,55,531.24,297,299
META,2026-03-30,5,0.0018152216628928033,0.0009356812695323465,False,False,False,534.37,535.96,80,535.4419,784,789
META,2026-03-31,5,0.0027882789527460157,0.001420179311885658,True,False,False,570.2801,570.59,70,570.48,589,590
META,2026-04-01,5,0.0005723006486074727,0.010353439006624861,False,False,False,576.62,578.34,47,577.3,338,339
META,2026-04-01,6,0.007982419600275372,9.351276449246145e-05,True,True,True,588.155,588.68,42,588.63,516,517
META,2026-04-01,4,0.0,0.0037226214180592003,False,False,False,577.55,578.63,46,578.01,654,655
META,2026-04-02,6,0.0024417630598677605,0.01588037143315445,False,False,False,561.07,562.5957,65,561.1,277,279
META,2026-04-02,5,0.002612942185503472,0.0012077506082513077,True,False,False,571.31,572.74,48,571.93,407,408
META,2026-04-02,5,0.0030721831756395927,0.0013041461343883283,True,False,False,571.255,571.6394,68,571.33,515,519
META,2026-04-06,6,0.0032035186756481024,0.0024762333546900378,True,False,False,577.49,579.948,65,578.07,246,249
META,2026-04-06,6,0.0006409701169337454,0.0011953226504981455,False,False,False,577.25,577.49,64,577.39,530,531
META,2026-04-07,7,0.0013185885827809913,0.006170994567415024,False,False,False,568.79,570.27,70,569.7,195,196
META,2026-04-07,5,0.0,0.030146425495262703,False,False,False,580.5,583.46,32,582.152,720,721
META,2026-04-08,6,0.0013923882774166526,0.0025195597400874915,False,False,False,603.28,603.5,78,603.57,146,147
META,2026-04-08,6,0.008015134166376331,0.004107133967242532,True,True,True,602.61,604.874,78,603.13,295,298
META,2026-04-08,5,0.005617706237424562,0.0026076458752515162,True,True,False,621.25,624.2999,28,621.25,540,542
META,2026-04-08,7,0.005121223907688267,0.00106962271489706,True,True,False,617.04,619.6799,32,617.8,582,584
META,2026-04-09,6,0.0006995230524643157,0.001112877583465891,False,False,False,629.0,629.02,80,628.88,763,764
META,2026-04-10,6,0.004411134566306326,0.005986325971202729,True,False,False,634.78,635.5651,39,635.18,205,208
META,2026-04-10,6,0.004411134566306326,0.005986325971202729,True,False,False,634.78,635.5651,40,635.18,206,208
META,2026-04-10,7,0.007487704142758095,0.006652374046282911,True,True,False,634.36,635.5651,48,634.5,214,216
META,2026-04-13,4,0.00024808931215233117,0.014285142651354598,False,False,False,624.775,625.13,49,625.28,260,261
META,2026-04-13,5,0.001548358261369303,0.0024262933580219033,False,False,False,626.47,626.5493,36,626.64,292,293
META,2026-04-13,5,0.0004478518063010739,0.0028938485691685934,False,False,False,625.4301,627.2,54,625.5502,334,338
META,2026-04-13,5,0.00023023937585903902,0.0015492297547450486,False,False,False,629.345,629.46,55,629.35,474,476
META,2026-04-13,5,3.95660396767886e-05,0.004977407791344504,False,False,False,631.855,631.935,80,631.96,602,604
META,2026-04-14,5,0.002775481556578,0.017630663651251655,True,False,False,641.15,642.47,79,641.83,236,240
META,2026-04-14,6,0.001856271546009101,0.0177576551702621,False,False,False,641.07,642.47,79,641.7,240,241
META,2026-04-14,5,0.004540517709527531,0.000874917033729622,True,False,False,662.92,663.5,55,663.365,520,521
META,2026-04-14,6,0.002585424856365169,0.0020864832174175923,True,False,False,661.4,661.714,71,661.5,595,599
META,2026-04-15,6,0.002166557844126605,0.001280495043627898,False,False,False,673.88,675.17,51,675.02,422,423
META,2026-04-15,7,0.0025307033866766586,0.0005061406773353656,True,False,False,671.75,673.81,79,672.36,612,616
META,2026-04-16,6,0.009475240206947478,0.0005912786400590943,True,True,True,676.5,676.17,80,675.78,194,195
META,2026-04-16,6,0.0033090372490274522,0.007178374994410494,True,False,False,670.89,676.2,80,674.73,220,221
META,2026-04-17,6,0.002762186115214187,0.01593796159527321,True,False,False,677.0,679.2788,70,678.0,214,217
META,2026-04-17,7,0.0007834094570824246,0.01664375563537462,False,False,False,676.53,679.65,71,678.0,217,218
META,2026-04-17,6,0.004864742650008275,0.0002844452224143565,True,False,False,685.545,685.19,75,685.75,435,436
META,2026-04-20,4,0.0,0.0032301280142900757,False,False,False,671.8,673.18,42,672.26,365,367
META,2026-04-21,5,0.0018691853108857434,0.00014885604132247092,False,False,False,671.79,672.27,42,672.12,491,492
META,2026-04-21,6,0.005987934758322755,0.003947270425262496,True,True,False,671.35,672.49,58,672.3901,573,576
META,2026-04-21,6,0.0037917804947228025,0.007658202337767023,True,False,False,669.87,672.49,58,672.0,576,577
META,2026-04-22,6,0.0012841077689779673,0.0006284877996418306,False,False,False,674.4761,674.5038,80,674.4,155,156
META,2026-04-22,6,0.0010232834050125181,0.0029512086608334707,False,False,False,674.3,674.5038,80,674.08,159,160
META,2026-04-22,7,0.00453329369797853,0.0021031510107016606,True,False,False,672.8,675.0,80,673.61,192,193
META,2026-04-22,5,0.0004151715548174324,0.0016903413303282619,False,False,False,674.42,675.035,79,674.6,325,326
META,2026-04-23,5,0.0013875482625482008,0.00998431467181468,False,False,False,663.04,663.99,52,663.56,132,133
META,2026-04-23,6,0.003141518275538935,0.000712127460168769,True,False,False,666.875,667.55,39,667.22,357,358
META,2026-04-23,5,0.006355037006256891,0.004265347101692493,True,True,False,657.2267,665.21,52,657.74,467,472
META,2026-04-27,4,0.0017005441148127448,0.0007109075004818901,False,False,False,674.49,674.38,76,674.5,129,130
META,2026-04-27,4,0.0014131437241544126,0.007541724927855369,False,False,False,672.26,672.2405,50,672.33,260,264
META,2026-04-27,7,0.0016377962050343991,0.0020656889072505347,False,False,False,677.74,678.47,74,678.01,610,611
META,2026-04-28,6,0.0,0.011107301000402444,False,False,False,670.73,672.9,63,672.5,249,250
META,2026-04-28,5,0.0013238225580911181,0.004373568177084795,False,False,False,672.22,674.13,51,673.28,277,278
META,2026-04-28,4,0.001991971601036431,0.0033551518056408624,False,False,False,667.63,668.43,74,667.6201,399,403
META,2026-04-29,6,0.0011720178863366129,0.005158371716297082,False,False,False,669.785,670.63,58,670.25,495,496
META,2026-04-29,4,0.03643354366598967,0.037379265437745175,True,True,True,645.01,672.96,71,667.84,609,610
META,2026-04-30,6,0.005737704918032787,0.0012329508196721988,True,True,False,610.0,610.94,51,610.0,150,154
META,2026-04-30,6,0.012240605951070512,0.00257956393868204,True,True,True,608.63,613.5,27,611.42,330,331
META,2026-04-30,4,0.002738074652306016,0.0020997505002346407,True,False,False,607.215,609.09,43,608.13,515,519
META,2026-04-30,5,0.009499066331087151,0.0020784281886822645,True,True,True,615.85,616.8,65,615.89,704,705
META,2026-04-30,6,0.005186079128477691,0.0016308424932320038,True,True,False,613.18,616.8,64,613.77,709,713
META,2026-04-30,6,0.00016306297492095154,0.0015327919642566848,False,False,False,613.26,613.6439,75,613.65,889,891
META,2026-05-01,6,0.0019301230044492012,0.005103376079560332,False,False,False,611.36,614.26,75,612.5,269,270
META,2026-05-01,6,0.003544998611406007,0.0005881103687125507,True,False,False,612.13,612.65,41,612.88,400,401
META,2026-05-01,5,0.002891495409546806,0.0007187898193224664,True,False,False,612.14,613.1,64,613.36,523,524
META,2026-05-01,5,0.0034431809619284034,0.0006028023758277097,True,False,False,610.482,611.49,69,610.63,645,648
META,2026-05-01,7,0.0034431809619284034,0.0006028023758277097,True,False,False,610.482,611.49,69,611.01,647,648
META,2026-05-04,4,0.00018956092908593074,0.006782819713874954,False,False,False,606.6651,606.9,32,606.95,402,407
META,2026-05-04,5,0.00226927660686005,0.0006530292393841563,False,False,False,612.53,612.87,61,612.8,558,559
META,2026-05-05,5,0.012163109582117353,0.0016630525165897342,True,True,True,613.33,613.8,80,613.56,225,227
META,2026-05-05,6,0.009610896832178166,0.0,True,True,True,611.2749,613.8,80,613.5,228,229
META,2026-05-06,5,0.0007904096956922971,0.003655644842576781,False,False,False,607.28,608.08,51,607.5,163,167
META,2026-05-06,5,0.0007904096956922971,0.003655644842576781,False,False,False,607.28,608.08,52,607.5,164,167
META,2026-05-06,6,0.0009878169245966788,0.0034573592360882827,False,False,False,607.4,608.08,55,607.26,167,170
META,2026-05-06,5,0.0015919277019911713,0.002473610736940048,False,False,False,612.465,612.78,77,612.67,559,561
META,2026-05-06,4,0.0022004889975550494,0.0,False,False,False,613.5,613.73,70,613.69,654,655
META,2026-05-07,6,0.0017073170731706578,0.013121951219512276,False,False,False,615.0,616.29,72,616.14,246,247
META,2026-05-07,7,0.0004033103715295142,0.008195266749479796,False,False,False,619.87,622.2,44,620.29,304,309
META,2026-05-07,5,0.0004033103715295142,0.008195266749479796,False,False,False,619.87,622.2,46,620.29,306,309
META,2026-05-07,5,0.0011496563090403476,0.003046991196687857,False,False,False,621.925,621.79,53,621.93,345,347
META,2026-05-07,6,0.0006499520660350931,0.0033635019417318788,False,False,False,615.43,616.2229,80,615.97,596,597
META,2026-05-07,6,0.0006001427366508866,0.0007623434762862962,False,False,False,616.52,616.85,71,617.0,669,672
META,2026-05-08,6,0.0023776338443880387,0.0018857096007214515,False,False,False,609.85,610.29,80,609.9,615,616
META,2026-05-08,6,0.0007875307629204565,0.0016406890894175555,False,False,False,609.5,610.29,80,609.5,620,625
META,2026-05-11,5,0.0022362809566960026,0.0029013459252300784,False,False,False,601.445,602.45,47,601.75,281,285
META,2026-05-11,5,0.004513773647527426,0.0012761367407899194,True,False,False,602.6,603.2,79,602.63,422,423
META,2026-05-12,6,0.004853146148549911,0.009252884179415256,True,False,False,595.49,595.88,68,595.5361,233,234
META,2026-05-12,6,0.0005839659631267586,0.0014015183115041825,False,False,False,599.35,599.7,71,599.39,539,544
META,2026-05-12,4,0.00016691704223004963,0.0018193957603071804,False,False,False,599.1,599.7,75,599.28,543,545
META,2026-05-14,5,0.0030768239444560275,0.0009826505791195026,True,False,False,620.77,622.4,79,621.59,391,394
META,2026-05-15,6,0.0031640461046718695,0.001401381848706798,True,False,False,619.46,620.15,46,619.68,541,542
META,2026-05-18,5,0.009028381949802195,0.0007551010358015113,True,True,True,609.19,609.12,60,609.31,226,227
META,2026-05-18,5,0.005140923723802634,0.0022337559950069206,True,True,False,608.84,610.57,54,609.12,302,303
META,2026-05-18,5,0.0009702989836527945,0.004588362990494486,False,False,False,608.06,608.62,67,608.1,419,420
META,2026-05-18,6,0.0003195647364411141,0.002253341090289329,False,False,False,610.205,611.29,67,610.61,621,626
META,2026-05-19,5,0.006423420019385392,0.000985526769726034,True,True,False,608.71,608.39,44,608.81,229,230
META,2026-05-19,4,0.003936164956603534,0.0016634002536273502,True,False,False,607.19,608.1999,44,607.6037,243,246
META,2026-05-19,6,0.0016545044447393426,0.002520896908584287,False,False,False,602.96,603.235,70,603.2001,406,407
META,2026-05-19,6,0.0011741085502844952,0.0011681351319960587,False,False,False,602.67,603.27,70,602.8001,420,422
META,2026-05-20,5,0.0038387557478142733,0.0,True,False,False,605.665,605.365,51,605.73,354,355
META,2026-05-21,6,0.008076687065691502,0.00021559944939216784,True,True,True,602.97,602.02,79,602.42,172,174
META,2026-05-22,5,0.0009711294729563784,0.003127201501135732,False,False,False,607.54,608.28,46,608.23,222,223
META,2026-05-22,6,0.0007372136934569501,0.0036121829078073157,False,False,False,609.05,608.99,64,609.23,454,455
META,2026-05-26,4,0.0009437058920071095,0.001116034794026036,False,False,False,609.3,609.77,76,609.54,447,448
META,2026-05-27,5,0.0009865987009784144,0.009052043081476602,False,False,False,608.15,608.32,78,608.5,190,191
META,2026-05-27,4,0.0031446540880503146,0.0,True,False,False,636.0,636.25,77,636.26,680,681
META,2026-05-28,5,0.016165090283748976,0.005237239115141129,True,True,True,639.65,641.23,49,639.9703,270,274
META,2026-05-28,5,0.010448852513149665,0.008703445998537581,True,True,True,635.955,641.23,58,636.2,282,283
META,2026-05-28,6,0.006911896984330049,0.012308857643327106,True,True,False,633.69,641.23,58,636.2,283,284
META,2026-05-28,6,0.0007193161743152647,0.0035411269814863444,False,False,False,631.155,631.41,80,631.61,549,550
META,2026-05-28,6,0.0014293532773367909,0.001981549498650905,False,False,False,632.3839,632.89,75,633.01,608,609
META,2026-05-29,6,0.003405901919885284,0.002192246185556934,True,False,False,628.7615,632.1,77,631.7801,217,218
META,2026-05-29,4,0.0016725217169137052,0.003576903423607577,False,False,False,626.24,626.83,57,626.41,525,528
META,2026-06-01,5,0.012437131425449534,0.003985024022624499,True,True,True,622.33,635.36,59,626.58,251,253
META,2026-06-01,7,0.003030050083472545,0.001452420701168622,True,False,False,599.0,601.01,60,600.07,694,695
META,2026-06-01,6,0.0025020850708924102,0.0008340283569641367,True,False,False,599.5,599.73,68,600.0,765,766
META,2026-06-02,6,0.004612599988322698,0.01055142673639772,True,False,False,599.445,603.6,56,600.6,308,313
META,2026-06-02,5,0.004612599988322698,0.01055142673639772,True,False,False,599.445,603.6,57,600.5,310,313
META,2026-06-02,6,0.004612599988322698,0.01055142673639772,True,False,False,599.445,603.6,57,600.5,311,313
META,2026-06-02,6,0.00017487176070884382,0.0074278862167742364,False,False,False,600.44,602.2,40,602.11,351,352
META,2026-06-02,5,0.0020110442594577223,0.0021429160141763263,False,False,False,606.65,607.14,80,606.885,515,518
META,2026-06-02,7,0.004080273128487044,0.0,True,False,False,600.45,601.0,80,600.99,860,861
META,2026-06-03,6,0.0006836215666326902,0.008830111902339703,False,False,False,614.375,617.55,24,615.11,307,312
META,2026-06-03,5,0.0008209255533199049,0.002784708249497011,False,False,False,621.25,622.12,76,621.54,636,638
META,2026-06-03,4,0.0015832498626773372,0.002455652848234162,False,False,False,618.98,619.73,74,618.65,765,770
META,2026-06-04,6,0.0008911211924822881,0.009364873622812658,False,False,False,617.2,617.69,74,617.51,139,140
META,2026-06-04,5,0.0022952237210325252,0.00698047354023214,False,False,False,636.06,638.3699,36,636.32,306,310
META,2026-06-04,5,0.0022952237210325252,0.00698047354023214,False,False,False,636.06,638.3699,39,636.32,309,310
META,2026-06-04,4,0.0012903276572974749,0.0079947121588871,False,False,False,635.42,638.3699,40,636.32,310,311
META,2026-06-04,6,0.00308975987703701,0.007402876456656963,True,False,False,637.59,638.96,70,637.99,367,369
META,2026-06-04,6,0.0012642828176809915,0.0023614258565713684,False,False,False,628.815,630.2,44,628.79,484,486
META,2026-06-05,5,0.002666575660539314,0.001371821234485391,True,False,False,624.1338,625.26,80,624.182,113,116
META,2026-06-05,5,0.010702674864003567,0.0012231628416003973,True,True,True,621.34,623.0,56,622.57,213,214
META,2026-06-05,5,0.029470038793892952,0.0039449892609181355,True,True,True,600.61,609.1,76,608.16,473,474
META,2026-06-05,6,0.03018858507124969,0.0007070900333581257,True,True,True,601.055,609.1,76,608.39,474,475
META,2026-06-08,4,0.029683576092415714,0.0035325632010715113,True,True,True,597.3,597.49,65,597.28,234,239
META,2026-06-08,6,0.029668470339905724,0.0041545909905684394,True,True,True,596.93,597.4,65,597.28,239,240
META,2026-06-08,6,0.024570148700762736,0.0,True,True,True,593.81,597.56,69,596.7337,260,262
META,2026-06-08,6,0.024570148700762736,0.0,True,True,True,593.81,597.56,69,596.7337,261,262
META,2026-06-08,6,0.0034440428288890095,0.00046034235831682096,True,False,False,586.52,587.82,65,587.12,646,649
META,2026-06-08,6,0.002185120693775774,0.0017241967974324678,False,False,False,585.78,587.625,65,587.12,649,650
META,2026-06-08,5,0.000871035507506261,0.0016054379942273482,False,False,False,585.51,585.83,73,585.8,723,724
META,2026-06-09,6,0.000763591936469228,0.014100997760130227,False,False,False,589.32,591.7576,75,590.0,232,233
META,2026-06-10,4,0.0016201030661313223,0.01914823943055103,False,False,False,580.21,581.9,54,580.44,216,217
META,2026-06-10,5,0.0004336513443191674,0.005880312228967886,False,False,False,576.5,577.61,32,576.78,357,360
META,2026-06-10,6,0.0004336513443191674,0.005880312228967886,False,False,False,576.5,577.61,34,576.715,359,360
AMZN,2025-12-15,6,0.010299708248607606,0.0007956856157722873,True,True,True,226.22,227.4708,80,226.87,169,170
AMZN,2025-12-15,6,0.0017470770057787322,0.0009407337723424628,False,False,False,223.23,223.98,72,223.33,290,295
AMZN,2025-12-16,4,0.002031014233247256,0.0022301684557653008,False,False,False,222.9428,223.04,68,222.94,176,178
AMZN,2025-12-16,4,0.0018856065367693989,0.0031426775612821613,False,False,False,222.74,223.04,72,222.8,180,181
AMZN,2025-12-16,5,0.002109996852093361,0.005801142240410092,False,False,False,222.37,223.0,71,222.79,207,212
AMZN,2025-12-16,6,0.002109996852093361,0.005801142240410092,False,False,False,222.37,223.0,71,222.51,208,212
AMZN,2025-12-16,6,0.0013015887303658756,0.006615959314100539,False,False,False,222.19,223.0,71,222.32,212,214
AMZN,2025-12-16,6,0.001842613815109418,0.00022470900184266493,False,False,False,222.51,222.8,78,222.84,599,600
AMZN,2025-12-17,5,0.0073122091734988065,3.057832927100236e-05,True,True,False,225.65,226.05,73,225.5,222,224
AMZN,2025-12-17,6,0.0076152304609218785,0.002850144733912208,True,True,True,224.55,225.06,75,225.0,308,309
AMZN,2025-12-17,5,0.005311788599741096,0.0021872070704816726,True,True,False,224.03,225.06,74,224.05,316,320
AMZN,2025-12-17,4,0.0036864094372081086,0.0005585468844254788,True,False,False,223.795,224.5318,45,223.96,373,376
AMZN,2025-12-17,5,0.0005415895653743943,0.000586722029155551,False,False,False,221.57,221.5607,80,221.65,802,804
AMZN,2025-12-18,6,0.00017966223499816766,0.0029644268774704683,False,False,False,222.64,222.76,73,222.9,122,123
AMZN,2025-12-18,4,0.001801280910869957,0.010273972602739736,False,False,False,224.84,225.09,51,224.93,262,263
AMZN,2025-12-19,6,0.000351200667281198,0.004214408007375249,False,False,False,227.79,227.92,53,227.97,332,333
AMZN,2025-12-19,6,0.004959185464759167,0.00017554638813302922,True,False,False,227.86,228.7,79,228.46,565,566
AMZN,2025-12-22,6,0.007868852459016444,0.00013114754098361153,True,True,True,228.75,228.95,79,228.7814,185,186
AMZN,2025-12-22,6,0.0015747342635930783,0.00015222431214728118,False,False,False,228.61,228.715,66,228.95,573,574
AMZN,2025-12-23,6,0.00038784744667099075,0.0008618832148243423,False,False,False,232.05,231.9877,80,232.06,534,535
AMZN,2025-12-29,4,0.001639344262295185,0.0024590163934425932,False,False,False,231.8,231.9199,72,231.86,179,180
AMZN,2025-12-31,6,0.002324019460111137,0.0013777069789468858,False,False,False,232.27,232.39,79,232.4209,157,158
AMZN,2025-12-31,7,0.004283674440742543,0.000649041581930584,True,False,False,231.11,231.7699,80,231.296,479,480
AMZN,2026-01-02,7,0.008845757471659233,0.0003005839917553812,True,True,True,232.88,232.9,80,232.73,101,104
AMZN,2026-01-02,5,0.008970487756496425,0.0,True,True,True,226.855,228.03,25,227.17,266,269
AMZN,2026-01-02,5,0.002739241848546455,0.0006185384819297798,True,False,False,226.34,226.35,60,226.47,381,382
AMZN,2026-01-02,5,0.0016780230288094703,0.0013958462516927919,False,False,False,226.0994,226.35,61,226.192,384,387
AMZN,2026-01-05,4,0.0019197998231195376,0.0017472335468841052,False,False,False,231.795,232.0,25,231.85,300,305
AMZN,2026-01-05,4,0.0019197998231195376,0.0017472335468841052,False,False,False,231.795,232.0,29,231.85,304,305
AMZN,2026-01-05,6,0.0027671579670035264,4.2908326360691276e-05,True,False,False,233.055,233.3,70,233.34,436,437
AMZN,2026-01-05,5,0.0019469140574668766,0.000600867585792136,False,False,False,232.83,232.92,79,232.98,518,519
AMZN,2026-01-07,6,0.003453584654433539,0.014188823700744794,True,False,False,240.33,240.5,80,240.45,209,210
AMZN,2026-01-07,5,0.0020910251033909003,0.0028664828514173017,False,False,False,243.4691,243.645,49,243.57,334,339
AMZN,2026-01-07,4,0.0020910251033909003,0.0028664828514173017,False,False,False,243.4691,243.645,51,243.5013,337,339
AMZN,2026-01-07,5,0.0020910251033909003,0.0028664828514173017,False,False,False,243.4691,243.645,51,243.5013,338,339
AMZN,2026-01-07,4,0.0006949838518458604,0.002616409795184115,False,False,False,244.61,244.63,69,244.63,456,457
AMZN,2026-01-08,5,0.0007432488231893914,0.0062350317945329544,False,False,False,242.18,242.41,56,241.94,132,134
AMZN,2026-01-08,6,0.002268696118467233,0.010515612754197039,False,False,False,242.43,243.53,72,242.82,225,226
AMZN,2026-01-08,6,0.0011398330958681097,0.003215957663342121,False,False,False,245.65,245.79,80,245.67,587,590
AMZN,2026-01-12,5,0.0021190725893260316,0.00101456653835027,False,False,False,245.7207,245.85,80,245.7,184,188
AMZN,2026-01-12,6,0.004694231544977836,0.0,True,False,False,247.9,247.98,64,248.16,565,566
AMZN,2026-01-13,4,0.0017871649065800072,0.0012185215272136937,False,False,False,246.2,246.27,62,246.35,194,195
AMZN,2026-01-13,6,0.0008131403480241382,0.0021954789396649538,False,False,False,245.96,246.27,62,246.1,195,199
AMZN,2026-01-13,6,0.0005105687736138058,0.011579699785561148,False,False,False,244.825,246.59,66,246.28,232,233
AMZN,2026-01-13,5,0.0020070451380354744,0.0034816089129189104,False,False,False,244.14,244.365,47,244.21,344,347
AMZN,2026-01-13,5,0.0014338385907414761,0.0023756657107743104,False,False,False,244.1,244.55,60,244.6,398,399
AMZN,2026-01-14,6,0.012808821091029694,0.00016580998176086902,True,True,True,241.24,241.3,63,241.4,218,219
AMZN,2026-01-14,5,0.0036901925226156085,0.0001265208864896828,True,False,False,237.115,237.3225,66,237.26,594,595
AMZN,2026-01-15,6,0.0,0.008999915888636497,False,False,False,237.78,238.15,79,237.94,201,202
AMZN,2026-01-15,5,0.006045847678226542,0.0024771181459400595,True,True,False,238.18,239.8499,56,239.25,289,291
AMZN,2026-01-15,6,0.005765803543348359,0.0006918964252017697,True,True,False,238.475,238.8299,78,238.74,564,565
AMZN,2026-01-16,6,0.00491039576950525,0.0005875687245561185,True,False,False,238.27,239.08,79,238.51,199,204
AMZN,2026-01-16,4,0.00491039576950525,0.0005875687245561185,True,False,False,238.27,239.19,79,238.51,203,204
AMZN,2026-01-20,4,0.0007487752176797012,0.003102068758958536,False,False,False,233.715,234.65,48,233.82,391,396
AMZN,2026-01-21,6,0.0013101580924097431,0.013101144204734023,False,False,False,228.98,230.3,52,230.04,269,270
AMZN,2026-01-21,4,0.00670285287499575,0.002724993610255539,True,True,False,231.2299,231.5,56,231.34,362,363
AMZN,2026-01-21,7,0.0015815138602116822,0.017484514343452173,False,False,False,227.63,227.8,62,227.66,545,548
AMZN,2026-01-22,5,0.012347788933988527,0.0016663106173893884,True,True,True,234.05,234.25,79,234.05,269,270
AMZN,2026-01-22,6,0.008927804961799228,0.0028757833290411878,True,True,True,232.98,234.25,79,233.4,273,274
AMZN,2026-01-23,5,0.00321382361534292,0.0007930214115781031,True,False,False,239.59,239.85,70,239.61,417,420
AMZN,2026-01-26,7,0.0074584769664681775,0.001420662279327289,True,True,False,239.325,239.35,64,239.36,181,182
AMZN,2026-01-26,6,0.005318035258155061,0.0011724802143963868,True,True,False,238.81,239.3443,64,238.97,186,187
AMZN,2026-01-26,4,0.0010033025375193725,0.0033025375193344426,False,False,False,239.21,239.47,56,239.32,281,282
AMZN,2026-01-27,6,0.005156405392078944,0.0028247407172167787,True,True,False,239.314,240.1,78,239.66,235,236
AMZN,2026-01-27,4,0.0005787037037036473,0.002273478835978883,False,False,False,241.92,242.08,64,241.96,389,390
AMZN,2026-01-27,6,8.175946365796023e-05,0.0016760690049873134,False,False,False,244.62,244.745,80,244.8,702,707
AMZN,2026-01-28,6,0.0024390243902438795,0.002154471544715452,False,False,False,246.0,246.0117,71,246.04,228,229
AMZN,2026-01-28,4,0.008337472215211009,0.0013918856203029711,True,True,True,245.638,245.9,49,246.03,303,304
AMZN,2026-01-28,6,0.00103143823747834,0.0033418598894298305,False,False,False,242.38,242.95,79,242.78,533,534
AMZN,2026-01-28,5,0.0007843461030382997,0.004458388375165059,False,False,False,242.24,243.0,80,242.4601,559,561
AMZN,2026-01-28,6,0.01909307875894994,0.0008546621677227736,True,True,True,243.02,243.32,69,243.05,647,651
AMZN,2026-01-28,6,0.01682435211846978,0.004936240230357948,True,True,True,243.1,243.55,60,243.02,749,754
AMZN,2026-01-28,5,0.012763320941759618,0.0016522098306485159,True,True,True,242.1,243.51,72,242.52,771,775
AMZN,2026-01-29,6,0.012775769662221067,0.002949852507374664,True,True,True,240.69,241.83,66,240.95,260,262
AMZN,2026-01-29,6,0.012775769662221067,0.002949852507374664,True,True,True,240.69,241.83,66,240.95,261,262
AMZN,2026-01-29,4,0.006753214068496943,0.001153499297414088,True,True,False,238.405,239.42,28,238.5,305,309
AMZN,2026-01-29,6,0.0006554017315655223,0.0017566606717135283,False,False,False,239.09,239.739,56,239.23,499,503
AMZN,2026-01-30,5,0.0046373663101604845,0.0017129010695187022,True,False,False,239.36,239.68,59,239.48,142,144
AMZN,2026-01-30,4,0.0014245611094816065,0.0046088741777350435,False,False,False,238.67,239.68,58,238.58,143,148
AMZN,2026-02-02,6,0.017382763866593175,0.0,True,True,True,238.1497,237.7,80,237.67,100,101
AMZN,2026-02-03,6,0.0,0.00384930384930384,False,False,False,244.2,244.44,69,244.44,123,126
AMZN,2026-02-03,5,0.0022508696541845017,0.0006138735420503609,False,False,False,244.35,244.68,79,244.5,189,192
AMZN,2026-02-03,5,0.015987834449878818,0.0069869713534174045,True,True,True,243.31,244.48,51,243.31,243,245
AMZN,2026-02-03,6,0.020192862441275883,0.00035028434847114465,True,True,True,242.66,244.42,54,242.8801,257,262
AMZN,2026-02-03,4,0.0012589173310953057,0.0028535459504824942,False,False,False,238.3,238.395,40,238.47,644,645
AMZN,2026-02-03,4,0.0001685179890857299,0.0018436371044753663,False,False,False,238.5502,238.54,80,238.5,696,698
AMZN,2026-02-03,5,0.0001685179890857299,0.0018436371044753663,False,False,False,238.5502,238.54,80,238.5,697,698
AMZN,2026-02-04,6,0.011468753924071864,0.0,True,True,True,238.91,239.3518,73,239.2,201,203
AMZN,2026-02-04,5,0.0022824295194217507,0.0038040491990363316,False,False,False,236.59,237.81,53,236.81,296,300
AMZN,2026-02-04,5,0.00786963774004535,0.0005987767845686085,True,True,True,233.81,234.75,41,234.16,381,383
AMZN,2026-02-04,5,0.0009038089089735656,0.008392511297611436,False,False,False,232.35,232.985,67,232.39,495,498
AMZN,2026-02-05,6,0.02281368821292775,0.004020803286569588,True,True,True,228.81,228.87,47,228.82,264,265
AMZN,2026-02-05,6,0.0034118967452300376,0.00022446689113360884,True,False,False,222.75,223.49,49,223.022,591,596
AMZN,2026-02-05,7,0.005242875067216291,0.0,True,True,False,223.16,223.49,51,223.35,593,595
AMZN,2026-02-05,5,0.10848250427273547,0.025456508050733094,True,True,True,222.34,222.8,48,222.5,657,661
AMZN,2026-02-05,5,0.10848250427273547,0.025456508050733094,True,True,True,222.34,222.8,51,222.5,660,661
AMZN,2026-02-05,5,0.08650168210516618,0.0010599566800312907,True,True,True,216.99,222.6772,61,221.51,685,687
AMZN,2026-02-05,5,0.03533190578158454,0.01469729414054901,True,True,True,205.48,222.83,61,221.51,687,688
AMZN,2026-02-06,4,0.0034598703766873344,0.013400906388577554,True,False,False,205.21,205.69,33,205.22,162,165
AMZN,2026-02-06,6,0.0034598703766873344,0.013400906388577554,True,False,False,205.21,205.69,34,205.22,163,165
AMZN,2026-02-06,6,0.002929687500000111,0.008398437499999994,True,False,False,204.8,205.8,32,205.23,188,189
AMZN,2026-02-06,4,0.004028890089913002,0.004765882179531267,True,False,False,203.53,204.65,46,203.9,329,334
AMZN,2026-02-06,5,0.004028890089913002,0.004765882179531267,True,False,False,203.53,204.65,49,203.9,332,334
AMZN,2026-02-06,6,0.007383548067393503,0.015262636273538077,True,True,False,201.8,204.0,32,202.0,387,390
AMZN,2026-02-06,7,0.004670807453416138,0.01803726708074532,True,False,False,201.25,204.0,33,202.0,390,391
AMZN,2026-02-06,6,5.3430062988614794e-05,0.010416411362466606,False,False,False,204.005,204.6,27,204.55,473,474
AMZN,2026-02-09,5,0.0026158089983828736,0.001997526871492514,True,False,False,210.26,210.2,56,210.1,129,130
AMZN,2026-02-09,6,0.009639155073900799,0.007796260833822082,True,True,True,205.3292,209.4,52,208.0,282,283
AMZN,2026-02-09,5,9.551007153614236e-06,0.005577788177763376,False,False,False,209.402,209.93,43,210.281,452,453
AMZN,2026-02-09,6,0.00434806407623272,0.0009352978554785661,True,False,False,210.0935,210.37,46,210.1801,537,540
AMZN,2026-02-09,5,0.0008791574629371076,0.0014646246743817831,False,False,False,209.0638,209.06,80,209.17,802,803
AMZN,2026-02-10,6,0.003810584024496646,0.0,True,False,False,210.0203,209.999,75,209.46,218,219
AMZN,2026-02-10,6,0.012812664402888719,0.0033956669376823756,True,True,True,209.09,210.0,71,209.66,305,306
AMZN,2026-02-11,6,0.01677481374669555,0.002499399182888641,True,True,True,208.05,208.75,53,208.35,257,258
AMZN,2026-02-11,6,0.004969549330085312,0.0008769792935444912,True,False,False,205.25,205.99,52,205.45,345,350
AMZN,2026-02-12,5,0.001068501514688973,0.00025244816006377355,False,False,False,204.3984,204.89,76,204.3,184,189
AMZN,2026-02-12,4,0.001068501514688973,0.00025244816006377355,False,False,False,204.3984,204.89,76,204.3,185,189
AMZN,2026-02-12,5,0.01748103941315423,0.0005216958846202406,True,True,True,201.075,202.0299,38,201.15,334,338
AMZN,2026-02-12,4,0.0016798295098408322,0.0013288203585307076,False,False,False,199.425,199.67,40,199.43,475,480
AMZN,2026-02-13,5,0.006121215174568005,0.004633986598821003,True,True,False,198.49,199.09,51,198.66,308,313
AMZN,2026-02-13,6,0.006121215174568005,0.004633986598821003,True,True,False,198.49,199.09,55,198.66,312,313
AMZN,2026-02-13,5,0.0024020227560050283,0.008393426042983515,False,False,False,197.75,199.09,56,198.11,314,319
AMZN,2026-02-13,6,0.0005493956647686806,0.004607431824992576,False,False,False,200.22,200.54,30,200.24,466,470
AMZN,2026-02-13,6,0.00224797682086131,0.0018982915376161227,False,False,False,200.18,200.72,65,200.4,502,504
AMZN,2026-02-17,5,0.0014016656274601156,0.00445966143762182,False,False,False,197.9074,198.54,70,197.9,137,142
AMZN,2026-02-17,5,0.0014016656274601156,0.00445966143762182,False,False,False,197.9074,198.54,69,197.8,138,142
AMZN,2026-02-17,5,0.0068867733441360405,0.007038687462021546,True,True,False,197.48,199.39,39,197.5603,237,240
AMZN,2026-02-17,5,0.0,0.004199790010499492,False,False,False,200.01,200.93,76,200.59,620,622
AMZN,2026-02-18,5,0.0004911591355598935,0.002455795677799607,False,False,False,203.6,204.27,66,203.64,265,269
AMZN,2026-02-18,4,0.002402387827901556,0.001189060642092769,False,False,False,206.045,206.18,51,206.22,470,471
AMZN,2026-02-18,5,0.0007022725696631866,0.0011535242069154637,False,False,False,204.7638,204.885,68,204.78,744,746
AMZN,2026-02-19,6,0.0015016123870713971,0.010856411392560801,False,False,False,203.115,203.89,73,203.29,266,269
AMZN,2026-02-19,6,0.0015016123870713971,0.010856411392560801,False,False,False,203.115,203.89,73,203.29,267,269
AMZN,2026-02-19,6,0.0008791208791209124,0.0022466422466422857,False,False,False,204.75,205.08,43,204.87,398,400
AMZN,2026-02-20,5,0.004932604024223437,0.01391873412775944,True,False,False,204.76,205.3,55,204.79,254,255
AMZN,2026-02-20,4,0.007114549013990398,0.0019099460440242834,True,True,False,209.43,209.3563,29,209.57,357,358
AMZN,2026-02-20,4,0.004692696357081467,0.0021041506717391547,True,False,False,208.9204,209.3563,32,209.165,361,362
AMZN,2026-02-20,4,0.0011961722488038277,0.010314832535885164,False,False,False,209.0,209.41,39,209.13,484,487
AMZN,2026-02-23,6,0.001636818794531116,0.0027922202965531126,False,False,False,207.72,208.33,72,207.7,130,131
AMZN,2026-02-23,5,0.01101173302558194,0.0022600500096172284,True,True,True,207.96,208.1,77,208.0,198,201
AMZN,2026-02-23,7,0.009119378498359445,0.001833622852731111,True,True,True,207.24,208.14,79,207.75,219,220
AMZN,2026-02-23,6,0.008305886898150363,0.0019317139131694871,True,True,True,207.07,208.14,79,207.5,220,221
AMZN,2026-02-25,5,0.0004751918402364653,0.001382202945522101,False,False,False,209.81,209.6,80,209.55,161,162
AMZN,2026-02-25,5,0.004513064133016573,0.0,True,False,False,210.5,210.69,80,210.5,706,709
AMZN,2026-02-26,5,0.0004278786726252896,0.0021869354378625462,False,False,False,210.34,210.66,70,209.85,167,170
AMZN,2026-02-26,6,0.0019510200153964074,0.0012509622786758608,False,False,False,207.84,207.98,68,207.91,595,598
AMZN,2026-02-27,6,0.006872519601200348,0.004210628206369202,True,True,False,206.62,207.1,39,206.81,223,224
AMZN,2026-02-27,7,0.0035932795959988787,0.004370204914052664,True,False,False,205.94,207.1,42,206.5,226,228
AMZN,2026-02-27,6,0.00557305548824815,0.002374606251514461,True,True,False,206.35,207.1,44,206.3701,228,231
AMZN,2026-02-27,4,0.0029328333092937817,0.002307803259772055,True,False,False,207.99,208.44,56,208.005,390,394
AMZN,2026-02-27,5,0.00036096739261228276,0.0068343159667909395,False,False,False,207.775,207.99,64,207.85,459,462
AMZN,2026-02-27,5,0.003159883599864241,0.006844898590283123,True,False,False,208.9001,208.985,56,209.11,591,592
AMZN,2026-03-02,7,0.00248926200702846,0.007760640374853589,False,False,False,204.88,205.12,70,204.7,193,195
AMZN,2026-03-02,6,0.003658536585365854,0.024390243902439025,True,False,False,205.0,205.25,51,205.4,248,249
AMZN,2026-03-02,4,0.0012232166422726787,0.002183458502291492,False,False,False,208.385,208.68,74,208.46,529,531
AMZN,2026-03-03,6,0.009705882352941127,0.012009803921568571,True,True,True,204.0,204.13,43,204.0,222,223
AMZN,2026-03-03,4,0.004474162938197535,0.005162495697920308,True,False,False,203.39,203.84,46,203.39,353,354
AMZN,2026-03-04,4,0.000184877056757351,0.0037437603993343213,False,False,False,216.36,216.5,60,216.45,577,578
AMZN,2026-03-04,6,0.0015460966714371663,0.0020774664142929164,False,False,False,216.61,216.755,68,216.67,657,658
AMZN,2026-03-05,6,0.0026433135659448747,0.003194961614489924,True,False,False,217.53,218.0,46,217.76,433,434
AMZN,2026-03-06,6,0.009561642570095716,0.0022633839900225443,True,True,True,216.49,216.65,74,216.7254,185,186
AMZN,2026-03-06,5,0.009176863181312523,0.0004171301446051326,True,True,True,215.76,216.6,74,215.85,193,196
AMZN,2026-03-06,5,0.0,0.009274328859060429,False,False,False,214.56,215.191,47,214.76,316,318
AMZN,2026-03-06,4,0.0012283640424343085,0.007072399032198075,False,False,False,214.92,215.4,53,215.44,356,357
AMZN,2026-03-06,6,0.0026455026455027455,0.002134967047247654,True,False,False,215.46,216.12,55,215.52,401,403
AMZN,2026-03-09,6,0.009659063740257169,0.0014823315640988969,True,True,True,209.13,210.2201,47,209.71,243,245
AMZN,2026-03-09,5,0.00023859515174657077,0.006155754915060088,False,False,False,209.56,210.37,29,209.66,331,334
AMZN,2026-03-09,4,0.0021962282167580787,0.013129625208880401,False,False,False,209.45,209.59,72,209.545,560,561
AMZN,2026-03-10,6,0.00323427392893971,0.0005156088872222051,True,False,False,213.34,214.51,56,213.37,140,141
AMZN,2026-03-10,7,0.002933514820116871,0.005890497758794656,True,False,False,213.055,213.3,56,213.15,229,230
AMZN,2026-03-10,7,0.00042335011054143377,0.0080906910014582,False,False,False,212.59,213.3,57,212.96,232,237
AMZN,2026-03-10,5,0.002745298827034057,0.003072053621299556,True,False,False,214.84,215.12,48,215.01,444,447
AMZN,2026-03-10,6,0.002420263537738062,0.002095264701773938,False,False,False,214.77,215.28,69,214.78,468,470
AMZN,2026-03-11,6,0.007127247220908155,0.0022032060187518457,True,True,False,213.2801,213.855,32,213.76,244,245
AMZN,2026-03-11,6,0.001739784642873824,0.0011463770160343328,False,False,False,212.67,213.05,80,212.7,537,539
AMZN,2026-03-12,5,0.004013012608933103,0.0028732220454491,True,False,False,210.565,211.0,64,210.62,214,215
AMZN,2026-03-12,6,0.0019548119548119546,0.001716001716001781,False,False,False,209.79,210.14,69,209.96,411,414
AMZN,2026-03-13,5,0.0056359554855041636,0.0028179777427520818,True,True,False,209.37,210.17,54,209.4215,214,216
AMZN,2026-03-16,5,0.0031098990478923365,0.0017702502272618752,True,False,False,209.01,209.2099,43,209.45,243,244
AMZN,2026-03-16,6,0.0010521281683405015,0.002247728359636532,False,False,False,209.1,209.2264,68,209.28,323,324
AMZN,2026-03-16,6,0.002834601029905014,0.0023149241744224933,True,False,False,211.67,212.015,63,211.81,563,564
AMZN,2026-03-17,4,0.0011036390107346072,0.0030654557242139604,False,False,False,213.4756,213.8397,49,213.57,197,198
AMZN,2026-03-17,6,0.0007965887259265616,0.0034675038657982714,False,False,False,213.41,213.8099,53,213.45,217,219
AMZN,2026-03-18,6,0.001607584984921562,0.003179967378932332,False,False,False,213.0525,213.6,55,213.55,191,192
AMZN,2026-03-18,5,0.0007118113225453294,0.0028472452901818573,False,False,False,210.73,211.15,79,210.945,448,453
AMZN,2026-03-19,5,0.002987231992291036,0.0002404239942181625,True,False,False,207.55,207.5368,54,207.59,331,332
AMZN,2026-03-20,6,0.001678872965278955,0.008491690795396504,False,False,False,205.495,207.6,74,207.68,157,158
AMZN,2026-03-20,4,0.0016413227130099126,0.0007241129616220404,False,False,False,207.15,207.14,58,207.1,676,678
AMZN,2026-03-23,6,0.007640067911714793,0.0010375400867760746,True,True,True,212.04,212.3755,67,212.1,373,374
AMZN,2026-03-23,4,0.0005696112403283625,0.003512602648692311,False,False,False,210.67,210.98,77,210.75,541,543
AMZN,2026-03-23,6,0.003471384469247303,0.0006350035620991506,True,False,False,210.55,211.02,80,210.615,637,638
AMZN,2026-03-24,4,0.0012984514763874687,0.0028133115321727804,False,False,False,207.94,208.315,66,208.07,286,291
AMZN,2026-03-25,5,0.0016638935108152808,0.0030900879486570275,False,False,False,210.35,210.27,56,210.29,149,150
AMZN,2026-03-25,6,0.003864825375877802,0.0017438846208229465,True,False,False,212.17,212.4,78,212.225,477,479
AMZN,2026-03-25,6,0.003442097321765457,0.00023576009053179433,True,False,False,212.08,212.4,78,212.1,483,486
AMZN,2026-03-26,5,0.00023929169657804715,0.00861450107681269,False,False,False,208.95,209.82,65,208.95,107,109
AMZN,2026-03-26,6,0.0032138916870532333,0.012543771286036403,True,False,False,208.47,209.6,69,209.43,188,189
AMZN,2026-03-26,4,0.0006257521058964883,0.002069795427196182,False,False,False,207.75,207.99,65,207.95,631,632
AMZN,2026-03-27,6,0.01751817693846681,0.001024740155174838,True,True,True,204.93,206.3,64,205.6,211,212
AMZN,2026-03-27,6,0.01800878477306002,0.0011713030746704767,True,True,True,204.9,206.3,64,205.6,212,213
AMZN,2026-03-27,6,0.0010962180477353076,0.001843639443918504,False,False,False,200.69,201.26,69,200.89,360,363
AMZN,2026-03-27,5,0.0023397052966945384,0.0002986857825567616,False,False,False,200.88,201.0,70,200.93,449,450
AMZN,2026-03-30,7,0.0001988664611712839,0.011832554439693865,False,False,False,201.14,201.5,68,201.175,311,312
AMZN,2026-03-31,4,0.003952183459380348,0.011661380824591436,True,False,False,204.95,204.35,55,204.75,206,207
AMZN,2026-03-31,5,0.0030403868712742857,0.0017715640037346703,True,False,False,208.855,209.1,26,208.95,456,460
AMZN,2026-03-31,6,0.007955144486509785,0.00014376767144295364,True,True,True,208.67,209.09,77,208.83,591,593
AMZN,2026-03-31,6,0.0009592326139088184,0.002254196642685846,False,False,False,208.5,208.4,67,208.33,720,721
AMZN,2026-04-01,6,0.010405777820013293,0.0034685926066710527,True,True,True,210.46,210.61,71,210.55,173,178
AMZN,2026-04-01,6,0.010405777820013293,0.0034685926066710527,True,True,True,210.46,210.61,71,210.55,176,178
AMZN,2026-04-01,6,0.0003089133379274183,0.004596630468360239,False,False,False,210.415,210.56,41,210.5,631,632
AMZN,2026-04-02,6,0.001121240189148295,0.01477063325695899,False,False,False,205.13,205.6,73,205.2405,229,234
AMZN,2026-04-02,4,0.002958156400591653,0.001813063600362591,True,False,False,209.59,210.4399,58,209.87,367,372
AMZN,2026-04-02,4,4.773497541657991e-05,0.0019093990166593978,False,False,False,209.49,209.3599,75,209.4,639,640
AMZN,2026-04-06,5,0.004793708673899303,0.005060290288336522,True,False,False,210.067,210.25,80,210.1,157,158
AMZN,2026-04-06,5,0.0013934813415209613,0.004818138875767645,False,False,False,211.7,212.29,52,211.83,248,252
AMZN,2026-04-06,6,0.0005243586726287355,0.0011767474699929397,False,False,False,212.45,212.47,80,212.6,596,597
AMZN,2026-04-07,6,0.0016594756057085691,0.007538760608790496,False,False,False,210.91,211.61,70,211.26,244,245
AMZN,2026-04-07,6,0.0007835687997150281,0.009141635996675824,False,False,False,210.575,211.61,70,210.85,248,250
AMZN,2026-04-07,6,0.006773582223906746,0.0006159094139384823,True,True,False,211.07,211.9213,68,211.18,273,276
AMZN,2026-04-07,5,0.0033874382498235655,0.00032933427428837064,True,False,False,212.55,212.745,48,212.605,537,540
AMZN,2026-04-08,7,0.0008994827973914488,0.002878344951652866,False,False,False,222.35,222.59,75,222.376,218,222
AMZN,2026-04-08,6,0.01192243667611466,0.0018446034102667771,True,True,True,222.27,222.9,74,222.5,289,290
AMZN,2026-04-09,4,0.0028458357419182106,0.000444661834674831,True,False,False,224.89,225.25,42,224.8,182,186
AMZN,2026-04-09,6,0.00026840833855239454,0.013062539142882777,False,False,False,223.54,224.97,57,223.56,231,236
AMZN,2026-04-09,4,0.00044575198359630166,0.017339752161897058,False,False,False,224.34,224.9,47,224.53,280,285
AMZN,2026-04-09,5,0.005007770678639253,0.00038853393196340623,True,True,False,231.64,231.69,24,231.63,405,409
AMZN,2026-04-09,4,0.003997320714764207,0.000821071281951547,True,False,False,231.405,231.69,28,231.46,409,410
AMZN,2026-04-09,5,0.001472052647529997,0.004502749274797558,False,False,False,230.97,231.49,70,231.0403,480,485
AMZN,2026-04-09,6,0.001472052647529997,0.004502749274797558,False,False,False,230.97,231.2699,72,231.0403,483,485
AMZN,2026-04-09,6,0.0,0.0061081268411020476,False,False,False,230.84,231.2699,77,230.87,502,503
AMZN,2026-04-09,5,0.008904871992465162,0.0,True,True,True,233.58,233.2502,79,233.45,757,758
AMZN,2026-04-10,6,4.2751485614086206e-05,0.0210764824077637,False,False,False,233.91,234.3,77,234.15,239,241
AMZN,2026-04-13,6,0.002243101405112583,0.00812595226003042,False,False,False,236.28,237.74,52,237.02,257,262
AMZN,2026-04-13,5,0.0002863784912907754,0.006199252046763838,False,False,False,237.448,237.745,35,237.8114,403,404
AMZN,2026-04-14,5,0.0018166054250443736,0.019776227240824045,False,False,False,242.21,243.0,68,242.59,227,229
AMZN,2026-04-14,6,0.0037582408747387,0.0013265798359865433,True,False,False,248.76,249.18,68,249.075,612,613
AMZN,2026-04-15,7,0.0016352734540609336,0.006924676478307405,False,False,False,247.665,249.5149,80,248.95,244,245
AMZN,2026-04-15,6,0.0011261714193781971,0.0007641877488637643,False,False,False,248.63,248.6863,80,248.63,573,574
AMZN,2026-04-15,6,0.00478911783644558,0.00042256922086291934,True,False,False,248.48,248.975,79,248.52,629,632
AMZN,2026-04-16,4,0.0003223466838585402,0.0012893867354339316,False,False,False,248.18,248.0253,80,248.14,155,156
AMZN,2026-04-16,5,0.000282178417382163,0.0011287136695287666,False,False,False,248.07,248.07,80,248.12,189,190
AMZN,2026-04-16,5,0.008022899532333417,0.007901951298177745,True,True,True,248.04,248.1185,80,248.18,246,247
AMZN,2026-04-16,6,0.010935601458080263,0.00481976508707978,True,True,True,246.9,248.2102,79,247.55,265,267
AMZN,2026-04-16,6,0.010935601458080263,0.00481976508707978,True,True,True,246.9,248.26,78,247.55,266,267
AMZN,2026-04-17,6,0.008040599132834012,0.0010642491131257795,True,True,True,253.7,253.835,80,253.71,505,506
AMZN,2026-04-20,6,0.005160666048461884,0.005604160787001517,True,True,False,248.03,248.8593,60,248.61,234,235
AMZN,2026-04-20,7,0.0034732038286014845,0.0012923549129679462,True,False,False,247.61,249.01,63,247.66,239,244
AMZN,2026-04-20,6,0.0034732038286014845,0.0012923549129679462,True,False,False,247.61,249.01,65,247.66,241,244
AMZN,2026-04-20,6,0.0029031087456150915,0.0037901697512196996,True,False,False,248.01,248.2,80,248.02,617,618
AMZN,2026-04-21,6,0.0043069694596710815,0.0003915426781518963,True,False,False,255.4,255.5,78,255.5,192,193
AMZN,2026-04-21,6,0.0021526941202930252,0.0070895710359309425,False,False,False,252.1027,254.5,63,254.2185,280,281
AMZN,2026-04-21,4,0.0014872394852168394,0.0015268992048225857,False,False,False,252.145,252.54,70,252.4301,450,453
AMZN,2026-04-21,4,0.0035685932041918107,0.0003572562718323413,True,False,False,251.92,252.06,58,252.0,554,556
AMZN,2026-04-21,5,0.004330380199435872,0.0,True,False,False,251.71,251.815,58,251.77,566,567
AMZN,2026-04-22,5,0.0017067211550265576,0.0006692247684442018,False,False,False,252.531,252.65,80,252.5844,177,178
AMZN,2026-04-23,4,0.0034069548872180627,0.0018405388471177898,True,False,False,255.36,255.5,80,255.38,598,600
AMZN,2026-04-24,6,0.007032484297329539,0.005240645832530591,True,True,False,259.51,259.9,66,259.53,231,236
AMZN,2026-04-24,6,0.007032484297329539,0.005240645832530591,True,True,False,259.51,259.7809,69,259.62,235,236
AMZN,2026-04-24,6,0.004731373836468358,0.0075701981383491535,True,False,False,258.91,259.7809,69,259.5,236,239
AMZN,2026-04-27,4,0.010302223911803977,0.0041817145029460785,True,True,True,263.05,263.34,47,263.29,257,258
AMZN,2026-04-27,6,0.009850530559464617,0.001369185714829094,True,True,True,262.93,263.19,47,263.0,260,261
AMZN,2026-04-27,6,0.0058046284274041035,0.005460933323149801,True,True,False,261.86,263.19,47,263.0,261,262
AMZN,2026-04-27,6,0.004581376703699418,0.0007253846447524061,True,False,False,261.93,262.5,41,262.21,354,355
AMZN,2026-04-27,6,0.0019811033221580256,0.001866808899725728,False,False,False,262.48,262.67,54,262.5,479,482
AMZN,2026-04-28,6,0.00013634858489634845,0.013459553166208863,False,False,False,256.695,257.89,57,257.12,293,294
AMZN,2026-04-28,4,0.0013337447448605586,0.0,False,False,False,259.27,259.44,80,259.35,739,743
AMZN,2026-04-29,5,0.0006561679790024667,0.0027790643816582804,False,False,False,259.08,259.51,80,259.4,112,113
AMZN,2026-04-29,5,0.004726612720260153,0.0004915677229070387,True,False,False,264.46,265.41,32,264.5,333,338
AMZN,2026-04-29,4,0.027960590365668468,0.040733673429650605,True,True,True,256.79,263.12,61,262.03,636,638
AMZN,2026-04-30,6,0.039723983588213475,0.005818724356583372,True,True,True,268.1,272.66,52,271.5,322,323
AMZN,2026-04-30,5,0.011156147461879894,0.001968731905037602,True,True,True,259.05,259.725,40,259.04,430,431
AMZN,2026-05-01,4,0.005285171102661545,0.000722433460076037,True,True,False,263.0,263.15,78,262.86,116,117
AMZN,2026-05-01,4,0.00489505302974134,0.0018171030186158578,True,False,False,269.66,270.79,21,269.89,309,314
AMZN,2026-05-01,4,0.00489505302974134,0.0018171030186158578,True,False,False,269.66,270.79,22,269.89,310,314
AMZN,2026-05-05,5,0.00653001995283858,0.00112425176854717,True,True,False,275.65,275.78,70,275.75,364,365
AMZN,2026-05-05,4,0.005808676710836689,0.00018152114721369168,True,True,False,275.45,275.78,73,275.5,367,369
AMZN,2026-05-06,6,0.006061396076386547,0.0,True,True,False,276.174,276.5,75,276.01,183,188
AMZN,2026-05-06,5,0.005179970294835827,0.0011717077476164376,True,True,False,273.9591,273.83,39,273.975,397,399
AMZN,2026-05-06,6,0.001397244604681013,0.0017085478067604806,False,False,False,276.258,276.8836,69,276.35,643,646
AMZN,2026-05-07,6,0.001124981855131377,0.0003266076353606292,False,False,False,275.56,275.65,72,275.65,123,124
AMZN,2026-05-07,7,0.004420907744170641,0.0031793500449088254,True,False,False,274.3328,275.48,80,275.01,220,221
AMZN,2026-05-07,4,0.005933631235806917,0.0006226650062267084,True,True,False,273.02,273.25,68,273.09,374,376
AMZN,2026-05-07,5,0.0037447683383507666,0.001688817093765987,True,False,False,272.38,272.44,68,272.44,514,515
AMZN,2026-05-08,5,0.0004424497223749102,0.0020033446698048017,False,False,False,271.8953,271.87,80,271.87,136,138
AMZN,2026-05-08,6,0.0005691937645740143,0.0012658134880560708,False,False,False,272.315,272.8,80,272.33,485,490
AMZN,2026-05-08,6,0.0015038697135310428,0.002824340681509672,False,False,False,272.63,272.75,61,272.87,599,600
AMZN,2026-05-12,6,0.0002621035683528408,0.003434305612760624,False,False,False,267.07,266.9793,80,266.9852,161,162
AMZN,2026-05-12,4,0.0,0.013158203141244012,False,False,False,264.5194,264.7651,47,265.14,613,614
AMZN,2026-05-13,5,0.000830188679245386,0.0031622641509434805,False,False,False,265.0,265.55,61,265.11,295,300
AMZN,2026-05-13,6,0.0015933597658131945,0.001408085374439528,False,False,False,269.87,270.03,73,270.07,616,617
AMZN,2026-05-14,7,0.00014973422175624626,0.005989368870255383,False,False,False,267.14,267.87,68,267.41,320,325
AMZN,2026-05-15,5,0.004084211329973895,0.005687891281111655,True,False,False,261.96,262.62,79,262.14,264,267
AMZN,2026-05-15,6,0.004084211329973895,0.005687891281111655,True,False,False,261.96,262.62,79,262.14,266,267
AMZN,2026-05-18,5,0.0019706618148738037,0.004321128041846662,False,False,False,263.82,263.83,61,263.81,569,570
AMZN,2026-05-21,5,0.00116954651776957,0.002659775145250072,False,False,False,265.06,265.28,56,265.18,377,381
AMZN,2026-05-26,4,0.00221596244131446,0.007399061032863952,False,False,False,266.25,267.15,68,266.35,243,246
AMZN,2026-05-26,4,0.00868814621605899,0.0004691223658779156,True,True,True,266.455,267.08,52,266.87,277,278
AMZN,2026-05-27,4,0.0015128593040846343,0.01611195158850245,False,False,False,264.4,264.5,50,264.42,183,184
AMZN,2026-05-27,4,0.0,0.018187850602152257,False,False,False,264.0279,264.45,49,264.15,187,192
AMZN,2026-05-27,6,0.0031856571343901203,0.0013705734182842071,True,False,False,269.96,270.6,63,270.19,342,344
AMZN,2026-05-28,5,0.0023726551494030784,0.001149254837992149,False,False,False,269.74,269.95,44,269.94,306,307
AMZN,2026-05-28,6,0.002039681068051009,0.0014834044131282556,False,False,False,269.65,269.8464,44,269.94,307,308
AMZN,2026-05-28,6,0.0005268466963859646,0.0036045673696530277,False,False,False,273.5141,273.62,71,273.6123,589,590
AMZN,2026-05-29,4,0.003367251182218045,0.0016192246122140972,True,False,False,271.735,271.82,41,271.9501,288,289
AMZN,2026-05-29,6,0.002295431173791685,0.0015792566475687044,False,False,False,272.28,272.5381,68,272.47,412,413
AMZN,2026-05-29,4,0.0009990009990009318,0.0018500018500018501,False,False,False,270.27,270.72,57,270.4,635,637
AMZN,2026-06-02,6,0.0077625214542050595,0.0007411452644718276,True,True,True,256.36,257.48,79,257.01,270,271
AMZN,2026-06-02,5,0.0009750390015600624,0.00011700468018732279,False,False,False,256.4,256.3,80,256.2493,758,759
AMZN,2026-06-03,4,0.006882177127575901,0.00023596035865975412,True,True,False,254.28,255.39,64,254.54,219,222
AMZN,2026-06-04,4,0.001928526448362756,0.0014168765743072466,False,False,False,254.08,254.185,62,254.17,375,376
AMZN,2026-06-05,4,0.0020644344177946907,0.006728013931766064,False,False,False,252.66,252.3,46,252.8,193,194
AMZN,2026-06-05,6,0.0008699090549624312,0.0036773428232503235,False,False,False,252.9,253.595,49,252.94,257,258
AMZN,2026-06-05,6,0.0016211300462615026,0.0037167371792337107,False,False,False,252.91,253.0999,77,252.9,388,389
AMZN,2026-06-05,4,0.02076541599984192,0.002667298915298486,True,True,True,253.065,253.34,77,253.16,423,425
AMZN,2026-06-05,6,0.002185099378124609,0.004105190423932004,False,False,False,246.03,247.35,42,246.5,543,545
AMZN,2026-06-08,4,0.004935370152761414,0.002264273268771098,True,False,False,246.79,247.0,71,246.89,329,330
AMZN,2026-06-08,7,0.003441279116954731,0.0023127181235290087,True,False,False,246.42,246.89,71,246.73,336,338
AMZN,2026-06-09,6,0.005030927835051542,0.006226804123711302,True,True,False,242.5,243.02,43,242.545,368,369
AMZN,2026-06-09,6,0.005584281282316419,0.002647362978283294,True,True,False,241.75,243.02,54,242.3701,387,388
AMZN,2026-06-09,6,0.00020409829373819473,0.0033880316760552392,False,False,False,244.98,245.26,54,245.03,512,513
AMZN,2026-06-10,5,0.00041813176717393324,0.005692702868199713,False,False,False,238.9199,239.69,41,238.93,325,329
AMZN,2026-06-10,6,0.003328309469982483,0.0005861173909402426,True,False,False,238.86,238.8929,66,238.91,489,490
AMZN,2026-06-11,5,0.014556676011548642,0.004184275492698439,True,True,True,238.99,239.8592,60,239.1841,196,200
AMZN,2026-06-11,5,0.010665406427221224,0.001932367149758368,True,True,True,238.05,239.83,57,238.85,202,203
MSFT,2025-12-15,4,0.0051198461956407934,0.004577560445531195,True,True,False,478.53,478.79,80,478.85,168,169
MSFT,2025-12-15,6,0.007679752239055863,0.002218130074495694,True,True,True,477.88,478.79,77,478.5,176,177
MSFT,2025-12-16,6,0.003502774788461997,4.220210588504528e-05,True,False,False,473.91,474.365,76,474.105,396,397
MSFT,2025-12-17,4,0.0029758358853882645,0.0037546671141501942,True,False,False,476.74,477.81,63,477.0,237,238
MSFT,2025-12-17,5,0.001692012032085566,0.0001253342245988165,False,False,False,478.72,478.9,77,479.05,571,572
MSFT,2025-12-18,5,8.363651570267976e-05,0.0043700079454690585,False,False,False,478.26,478.99,80,478.41,124,129
MSFT,2025-12-18,5,0.007878533301914877,0.00014343233579557446,True,True,True,488.035,487.77,58,488.15,350,351
MSFT,2025-12-18,6,0.0023246245628471413,0.00032915038058006204,False,False,False,486.1,486.5,80,486.24,476,478
MSFT,2025-12-18,6,0.0036340360512894447,0.0004955503706304002,True,False,False,484.31,484.81,76,484.5,590,594
MSFT,2025-12-19,4,0.00200446354769389,0.008121177054058536,False,False,False,483.92,485.28,67,484.98,198,199
MSFT,2025-12-22,6,0.005214129673138019,0.00018548287374793904,True,True,False,485.22,487.68,78,485.7501,187,190
MSFT,2025-12-23,6,0.0012732836341979433,0.0003696629905736077,False,False,False,486.93,487.16,80,487.01,541,542
MSFT,2025-12-24,5,0.003657960173444914,0.00026715439468978327,True,False,False,486.61,487.1,80,487.15,111,112
MSFT,2025-12-26,6,0.0010474645197066912,0.0025262379592926906,False,False,False,486.89,487.08,80,487.12,104,105
MSFT,2025-12-29,5,0.0011958932298961771,0.0010647745014765325,False,False,False,486.5819,486.8,80,486.4,557,562
MSFT,2025-12-31,6,0.004646201499502531,0.0013230904932357908,True,False,False,487.495,487.7,80,487.63,139,140
MSFT,2025-12-31,6,0.003941291183413649,0.00039002360669197935,True,False,False,487.15,487.4,80,487.16,142,143
MSFT,2026-01-02,5,0.004530607944368421,0.0013486460857654332,True,False,False,474.55,475.95,33,474.75,249,254
MSFT,2026-01-05,6,0.0034174608902379777,0.004648595869329876,True,False,False,471.11,473.5844,76,472.75,233,234
MSFT,2026-01-06,5,0.0004241331778178107,0.002014632594634691,False,False,False,471.55,471.73,62,471.59,284,286
MSFT,2026-01-06,5,0.0011872455902306696,0.0009540366350067602,False,False,False,471.68,471.66,77,471.75,318,321
MSFT,2026-01-08,5,0.009347350889976078,0.004808993442281674,True,True,True,480.35,480.96,75,480.62,218,220
MSFT,2026-01-08,6,0.007177133319424155,0.000521593991237221,True,True,False,479.3,481.0,72,480.02,226,230
MSFT,2026-01-08,6,0.007177133319424155,0.000521593991237221,True,True,False,479.3,481.0,73,480.02,228,230
MSFT,2026-01-09,6,0.007352941176470588,0.0014705882352940938,True,True,False,476.0,476.12,79,476.1,219,220
MSFT,2026-01-09,7,0.007102630915356803,0.0017231234765066681,True,True,False,475.88,476.12,79,476.09,220,222
MSFT,2026-01-09,6,0.004301408569500651,0.00518724696356271,True,False,False,474.24,476.27,80,475.0,227,230
MSFT,2026-01-09,5,0.0013944945591661056,0.004526714594927192,False,False,False,472.8595,476.05,77,473.67,245,250
MSFT,2026-01-12,4,0.002581701404193729,0.0,True,False,False,476.43,476.04,80,476.15,154,156
MSFT,2026-01-12,5,0.0013789357123455868,0.0002507155840628555,False,False,False,478.63,478.98,80,478.7,365,366
MSFT,2026-01-14,6,0.0012847965738758517,0.004903640256959358,False,False,False,467.0,467.49,79,467.1,157,158
MSFT,2026-01-15,6,0.007198456234687005,0.0013876542139156637,True,True,False,461.21,461.4348,75,461.6192,318,322
MSFT,2026-01-15,6,0.001222467200768413,0.005981357375188302,False,False,False,458.09,459.4599,62,458.635,391,394
MSFT,2026-01-20,5,0.0034235229155163143,0.0033572611816675467,True,False,False,452.75,452.79,72,452.8,205,210
MSFT,2026-01-20,5,0.000682088303913304,0.0026852137165999635,False,False,False,454.34,454.65,65,454.73,435,436
MSFT,2026-01-21,6,0.00559106849558309,0.0032627513650285668,True,True,False,450.54,452.6,63,452.3,249,250
MSFT,2026-01-22,7,0.0008421612517176815,0.0015070253978102697,False,False,False,451.22,451.5,79,451.295,593,595
MSFT,2026-01-23,5,0.0038084132146525116,0.004685895241355695,True,False,False,467.36,468.18,28,467.4,392,394
MSFT,2026-01-23,5,0.0014624721116175843,0.003981767136009926,False,False,False,468.385,468.95,54,468.77,469,470
MSFT,2026-01-23,4,0.0029418244937252556,0.001277219760639562,True,False,False,469.3006,469.37,64,469.47,521,523
MSFT,2026-01-23,4,0.002618573863073199,0.0004081863205359545,True,False,False,469.1485,469.37,64,469.19,527,528
MSFT,2026-01-23,7,0.0033218319367351993,0.00109298986305478,True,False,False,466.61,468.27,64,467.18,654,659
MSFT,2026-01-23,6,0.0033218319367351993,0.00109298986305478,True,False,False,466.61,468.27,67,467.18,657,659
MSFT,2026-01-26,6,0.005168457397756814,0.001286752879109494,True,True,False,466.29,466.88,72,466.64,100,101
MSFT,2026-01-26,6,0.0003067841614742181,0.002189804187074919,False,False,False,472.645,472.9899,72,472.73,439,441
MSFT,2026-01-28,6,0.001936612385989769,0.0034983965682394524,False,False,False,480.22,481.95,76,480.8,304,308
MSFT,2026-01-28,5,0.0012743910082313409,0.0012534993523585967,False,False,False,478.66,479.43,78,478.77,475,480
MSFT,2026-01-28,5,0.0005932185750265908,0.002164727431675833,False,False,False,480.43,480.57,54,480.5001,604,607
MSFT,2026-01-28,6,0.0021019333624690243,0.001144617177582176,False,False,False,480.51,480.67,79,480.52,632,633
MSFT,2026-01-28,5,0.03690647168908046,0.0480698089393741,True,True,True,459.54,480.66,72,479.0,693,694
MSFT,2026-01-28,7,0.004556806730052982,0.055141742978574285,True,False,False,456.46,480.67,26,457.8,741,742
MSFT,2026-01-28,6,0.01969293125096384,0.004449633235676326,True,True,True,453.97,457.9,45,455.0,814,816
MSFT,2026-01-28,7,0.01969293125096384,0.004449633235676326,True,True,True,453.97,457.9,45,455.0,815,816
MSFT,2026-01-29,5,0.0036974235787292004,0.003768074984692249,True,False,False,424.62,428.65,20,425.04,447,452
MSFT,2026-01-30,6,0.0029412440543210385,0.0015625359038581007,True,False,False,435.19,436.66,71,435.55,343,348
MSFT,2026-01-30,7,0.0032272192895506724,0.008044766141859287,True,False,False,433.81,435.87,47,434.61,386,391
MSFT,2026-01-30,7,0.0032272192895506724,0.008044766141859287,True,False,False,433.81,435.87,48,434.61,387,391
MSFT,2026-01-30,6,0.0032272192895506724,0.008044766141859287,True,False,False,433.81,435.87,50,434.48,390,391
MSFT,2026-01-30,5,0.006340840305188891,0.0001035708942770385,True,True,False,434.485,435.52,46,435.0,433,438
MSFT,2026-01-30,6,0.0073871027690020595,0.0011731090875301883,True,True,False,430.48,430.84,72,430.5,689,692
MSFT,2026-01-30,5,0.008470261083068148,6.277712029720737e-05,True,True,True,430.093,430.72,78,430.2,705,710
MSFT,2026-01-30,7,0.008470261083068148,6.277712029720737e-05,True,True,True,430.093,430.72,78,430.2,707,710
MSFT,2026-02-02,5,0.0010062951955255126,0.0025508413095878283,False,False,False,427.31,427.89,80,427.35,250,251
MSFT,2026-02-02,6,0.0032927000140115475,4.6704964737709145e-05,True,False,False,428.22,428.84,44,428.53,344,346
MSFT,2026-02-02,7,0.0032927000140115475,4.6704964737709145e-05,True,False,False,428.22,428.84,44,428.53,345,346
MSFT,2026-02-02,7,0.0017016449234260429,0.000898090376252589,False,False,False,423.12,424.1122,69,423.21,679,680
MSFT,2026-02-03,5,0.0033038348082595334,0.00653687315634214,True,False,False,423.75,424.95,80,424.01,268,270
MSFT,2026-02-03,4,0.0031862166627329856,0.006655652584375722,True,False,False,423.7,424.95,78,423.8,270,271
MSFT,2026-02-03,6,0.00929310303638402,0.0003822356004682984,True,True,True,418.59,422.37,78,421.8985,356,358
MSFT,2026-02-03,5,0.003916989027564793,0.00031627861713269664,True,False,False,411.03,411.64,59,411.18,601,603
MSFT,2026-02-04,6,0.0030532871301523997,2.4232437540870198e-05,True,False,False,412.67,413.22,80,412.87,223,226
MSFT,2026-02-04,5,0.0016715244634875068,0.016380549427066127,False,False,False,409.9252,411.45,38,410.1,386,387
MSFT,2026-02-04,4,0.00016901680509959923,0.006507146996329904,False,False,False,414.16,415.84,28,414.44,455,458
MSFT,2026-02-04,5,0.003588718418073675,0.0028613405910546696,True,False,False,415.19,416.04,52,415.35,488,493
MSFT,2026-02-04,5,0.004391754061772502,0.0008651515515131197,True,False,False,416.69,417.49,67,417.43,696,697
MSFT,2026-02-05,6,0.010522204047752745,0.0,True,True,True,409.61,410.06,80,409.75,220,221
MSFT,2026-02-05,6,0.009212338708335713,0.009709470762948712,True,True,True,402.7099,405.78,66,403.46,354,355
MSFT,2026-02-05,6,0.00027546139784127616,0.012495930683895548,False,False,False,399.33,400.71,29,399.78,438,441
MSFT,2026-02-05,6,0.008284082197878202,0.0001483716214545421,True,True,True,404.39,405.5,63,404.98,551,552
MSFT,2026-02-05,5,0.0033903489765225747,0.003517805704963153,True,False,False,392.29,394.01,43,392.32,748,752
MSFT,2026-02-06,6,0.004053851158600682,0.0017016165357089405,True,False,False,399.62,400.35,77,400.61,235,236
MSFT,2026-02-06,6,0.003312262958280663,0.01327433628318584,True,False,False,395.5,399.26,54,397.92,295,296
MSFT,2026-02-06,6,0.014664297690248025,0.0020517504566951814,True,True,True,399.61,401.0,52,400.7494,382,383
MSFT,2026-02-06,6,0.003950933172787449,5.0170579972001444e-05,True,False,False,398.64,399.37,51,399.0,640,641
MSFT,2026-02-09,6,0.0027641662593718653,0.0017352368280591835,True,False,False,404.4981,405.26,48,404.72,267,268
MSFT,2026-02-09,6,0.0020165305715992886,0.020439155546703794,False,False,False,401.68,405.2,60,403.39,303,305
MSFT,2026-02-09,4,0.0009099181073703367,0.0014922656960873742,False,False,False,412.125,412.4299,80,412.16,509,511
MSFT,2026-02-10,6,0.0004333381482016631,0.002407434156675815,False,False,False,415.38,415.33,79,415.24,204,205
MSFT,2026-02-10,6,0.001832959506065627,0.002339435159057539,False,False,False,414.63,415.6,80,415.11,260,261
MSFT,2026-02-10,6,0.000854053143757637,0.017742653338626055,False,False,False,415.665,415.78,49,416.29,356,357
MSFT,2026-02-10,5,0.003729127574166868,2.375240493097766e-05,True,False,False,421.01,421.5557,59,421.25,456,459
MSFT,2026-02-10,6,0.003729127574166868,2.375240493097766e-05,True,False,False,421.01,421.5557,60,421.25,457,459
MSFT,2026-02-11,4,0.01978284397751808,0.004169424460863751,True,True,True,416.2445,416.33,39,416.19,307,309
MSFT,2026-02-11,6,0.0015634694130785345,0.003275840675021698,False,False,False,402.95,403.41,56,403.2001,528,530
MSFT,2026-02-12,6,0.011802177724006747,0.0008147946964272094,True,True,True,405.01,406.15,76,405.88,312,313
MSFT,2026-02-12,5,0.00042236024844724454,0.005217391304347883,False,False,False,402.5,403.22,37,402.6,528,529
MSFT,2026-02-12,6,0.003502527405979195,0.0019897915044554196,True,False,False,404.565,405.4,79,404.67,652,655
MSFT,2026-02-13,5,0.0,0.008728277448553506,False,False,False,399.93,401.26,66,401.16,221,225
MSFT,2026-02-13,6,0.006445523528023813,0.007290023720520118,True,True,False,402.605,403.5,47,402.7,309,310
MSFT,2026-02-13,6,0.0017219865235837228,0.012078861991514929,False,False,False,400.7,403.5,48,401.07,311,314
MSFT,2026-02-13,5,0.00538975945703156,0.00102305619323292,True,True,False,400.76,403.25,51,400.8912,376,379
MSFT,2026-02-13,5,0.0006697591347703763,0.001835636147148585,False,False,False,403.13,403.44,43,403.28,501,504
MSFT,2026-02-13,4,0.0004339255383776426,0.0021200362017876773,False,False,False,403.295,403.94,75,403.52,559,561
MSFT,2026-02-17,6,0.001532278322029675,0.003516704345641741,False,False,False,398.1,399.29,80,398.45,167,172
MSFT,2026-02-17,5,0.001958470384412516,0.00308835714465066,False,False,False,398.27,399.24,79,398.33,168,173
MSFT,2026-02-18,6,0.0007684798117600349,0.0015770106886279893,False,False,False,399.49,400.19,78,399.665,704,708
MSFT,2026-02-19,6,7.499625018742243e-05,0.0024498775061247394,False,False,False,400.02,400.38,78,400.39,177,178
MSFT,2026-02-19,6,0.0017620374651654963,0.0004218892540707466,False,False,False,400.105,400.57,80,400.1,220,225
MSFT,2026-02-19,6,0.00254452926208648,0.01323656601361268,True,False,False,398.895,400.21,78,399.7755,310,314
MSFT,2026-02-19,6,0.0019064820389323473,0.013884708007224626,False,False,False,398.64,400.21,78,398.77,313,315
MSFT,2026-02-19,6,0.0012864868915728523,0.0032224623109301936,False,False,False,400.315,400.55,38,400.44,375,376
MSFT,2026-02-20,6,0.000832849607551273,0.007672311536228865,False,False,False,396.23,396.96,71,396.6,345,346
MSFT,2026-02-20,4,0.0006184604122228088,0.007888525666107107,False,False,False,396.145,396.96,67,396.18,353,354
MSFT,2026-02-23,4,0.0023051620088580032,0.0012432334429796634,False,False,False,386.09,386.23,59,386.12,403,407
MSFT,2026-02-24,4,0.007411067193675948,0.01248179737882258,True,True,False,384.56,385.41,77,385.37,331,332
MSFT,2026-02-24,6,0.0004957200598374601,0.002046103255830451,False,False,False,387.5171,387.8599,80,387.53,666,668
MSFT,2026-02-25,4,0.001841997544003199,0.01852230863692184,False,False,False,390.88,391.1,80,390.98,301,305
MSFT,2026-02-26,5,0.000872187196292015,0.004012061102942901,False,False,False,401.29,401.415,51,401.36,610,611
MSFT,2026-02-27,5,0.002521444952675404,0.0007222229261431222,True,False,False,394.615,394.69,60,394.7601,433,434
MSFT,2026-03-02,6,0.0024881364627421503,0.0006925740669487798,False,False,False,389.85,390.25,67,390.0,149,154
MSFT,2026-03-02,6,0.006874356333676517,0.009526261585993939,True,True,False,388.4,390.04,68,389.1,207,209
MSFT,2026-03-02,5,0.001350168771096296,0.0021002625328166817,False,False,False,399.95,400.43,47,400.085,473,477
MSFT,2026-03-03,6,0.002551083591331202,0.001114551083591303,True,False,False,403.75,405.28,78,404.14,710,713
MSFT,2026-03-04,5,0.009773364039413538,0.00012890232019230327,True,True,True,404.9578,404.69,53,404.68,323,326
MSFT,2026-03-04,6,0.002202861244492813,0.0034156724914608076,False,False,False,404.02,404.7437,59,404.01,426,428
MSFT,2026-03-04,6,0.0017084352453878226,0.00905839407086934,False,False,False,406.805,408.2,39,406.93,558,562
MSFT,2026-03-05,6,0.0008721775129141442,0.004579481480576892,False,False,False,409.435,409.805,71,409.45,701,703
MSFT,2026-03-06,4,0.0010491643284128505,0.007319751128461632,False,False,False,409.85,411.2,52,410.4129,381,386
MSFT,2026-03-06,5,0.004775038576965542,0.00027945518389368334,True,False,False,411.515,412.05,70,411.53,462,463
MSFT,2026-03-06,6,0.0011711887565878426,0.002415576810462642,False,False,False,409.84,410.56,80,409.9,598,600
MSFT,2026-03-06,6,0.0011711887565878426,0.002415576810462642,False,False,False,409.84,410.56,80,409.9,599,600
MSFT,2026-03-06,4,0.0035852968437484643,0.00041465437338396766,True,False,False,409.98,410.7601,74,410.065,654,658
MSFT,2026-03-09,5,0.006173449229553537,0.008741604109047858,True,True,False,404.96,405.0,77,404.5,265,267
MSFT,2026-03-10,6,0.011983076960700481,0.002323249614829641,True,True,True,408.91,409.3714,76,409.2,276,277
MSFT,2026-03-10,7,0.008547008547008591,0.002136752136752008,True,True,True,407.16,409.45,77,407.34,278,279
MSFT,2026-03-10,6,0.0008999790415839856,0.005707839680445854,False,False,False,405.565,405.9599,79,405.9,431,432
MSFT,2026-03-10,4,0.0010092556124459064,0.0011077195746356553,False,False,False,406.24,406.5785,61,406.28,481,484
MSFT,2026-03-10,6,0.0008406477932994808,0.0037334651996538287,False,False,False,404.45,405.8718,76,405.5,559,560
MSFT,2026-03-10,4,0.00014818107727643742,0.0021980193129337044,False,False,False,404.91,405.52,70,405.5001,715,716
MSFT,2026-03-10,6,0.0010110724766342833,0.0011343739981752273,False,False,False,405.51,405.76,80,405.81,771,772
MSFT,2026-03-10,5,0.0011096042411539604,0.001035630625077095,False,False,False,405.55,405.76,80,405.75,772,773
MSFT,2026-03-11,5,0.0034352371302176963,0.0009144156389788315,True,False,False,404.63,405.6,37,405.3,279,281
MSFT,2026-03-11,6,0.0014528025430253964,0.0033277870216305533,False,False,False,402.67,403.735,78,403.56,476,477
MSFT,2026-03-11,6,0.0037546716827958223,0.0006187659332227805,True,False,False,404.03,404.49,80,404.31,717,718
MSFT,2026-03-12,6,0.0009186384288800173,0.0013158874792065685,False,False,False,402.77,403.25,80,403.1,128,129
MSFT,2026-03-12,7,0.0,0.008124223602484427,False,False,False,402.5,403.11,80,402.67,201,202
MSFT,2026-03-12,6,0.0004716278607953078,0.007794270962617252,False,False,False,402.86,403.75,62,402.8801,367,368
MSFT,2026-03-12,5,0.0005441369246371034,0.004476762879968347,False,False,False,404.31,404.36,57,404.54,406,407
MSFT,2026-03-13,6,0.0018439931292311262,0.0037890269778720824,False,False,False,395.88,396.13,80,396.12,472,473
MSFT,2026-03-13,5,0.0013761062505523764,0.0013508565945788184,False,False,False,396.045,396.2,70,396.085,504,505
MSFT,2026-03-16,6,0.004626536400882394,0.002206114087614245,True,False,False,396.625,397.71,80,397.6,256,257
MSFT,2026-03-16,5,0.0010590816249338476,0.003807398441637078,False,False,False,396.57,397.219,52,396.7001,320,324
MSFT,2026-03-16,5,0.00025236593059942646,0.004618044164037878,False,False,False,396.25,397.14,53,396.53,333,336
MSFT,2026-03-16,4,0.0008799653843427788,0.003693241353247104,False,False,False,397.9702,398.03,60,398.2,431,432
MSFT,2026-03-16,7,0.0013764361342644231,0.001927361017246081,False,False,False,399.51,399.68,56,399.62,591,592
MSFT,2026-03-17,6,0.001415951381492382,0.001591378986279175,False,False,False,399.025,399.95,50,399.11,256,258
MSFT,2026-03-17,6,0.0013772380117691532,0.0004256917490921724,False,False,False,399.35,399.54,78,399.46,418,419
MSFT,2026-03-18,6,0.008716569402168963,0.0004988795757505427,True,True,True,401.4997,400.71,77,399.8,131,132
MSFT,2026-03-18,5,0.003654934161117458,0.005607570219796749,True,False,False,399.46,400.71,77,399.64,132,134
MSFT,2026-03-18,4,0.003654934161117458,0.005607570219796749,True,False,False,399.46,400.71,76,399.64,133,134
MSFT,2026-03-18,6,0.003056877975444819,0.0005845652718616528,True,False,False,399.1,400.71,73,399.27,137,138
MSFT,2026-03-18,5,0.005095348602562763,0.000655836948844695,True,True,False,396.44,397.66,78,396.88,258,262
MSFT,2026-03-18,5,0.0011644390441475202,0.0013036654515998034,False,False,False,395.04,395.45,79,395.0801,350,351
MSFT,2026-03-19,6,0.001945176729543628,0.002021960021499374,False,False,False,390.71,391.75,77,390.83,176,177
MSFT,2026-03-19,5,0.004384502961462474,0.0012050973051973726,True,False,False,390.01,390.55,67,390.08,297,299
MSFT,2026-03-20,4,0.001639728273600363,0.0022516332214154782,False,False,False,384.21,384.85,41,384.445,295,299
MSFT,2026-03-23,5,0.001637179825719579,0.0016899920781620976,False,False,False,378.7,379.43,77,378.8,101,106
MSFT,2026-03-23,5,0.0014334115194162402,0.009147771696637975,False,False,False,383.7,384.73,61,384.61,286,287
MSFT,2026-03-23,6,0.006905503634475515,0.0007009345794393527,True,True,False,385.2,386.23,67,385.6,414,417
MSFT,2026-03-25,6,0.006603472148258649,0.0033547236127383535,True,True,False,375.56,376.75,72,376.21,298,299
MSFT,2026-03-25,6,0.004355377421509674,0.0007748830995324528,True,False,False,374.25,376.6,77,374.78,306,310
MSFT,2026-03-27,5,0.001777068322324123,0.00031749111465827505,False,False,False,362.8448,364.2,76,362.65,191,195
MSFT,2026-03-27,5,0.001777068322324123,0.00031749111465827505,False,False,False,362.8448,364.14,75,362.65,192,195
MSFT,2026-03-27,4,0.001777068322324123,0.00031749111465827505,False,False,False,362.8448,364.14,74,362.65,193,195
MSFT,2026-03-27,5,0.0015726307076837998,0.00140709063319076,False,False,False,362.45,364.14,72,362.56,195,196
MSFT,2026-03-27,5,0.010526315789473715,0.0006648199445983632,True,True,True,361.0,362.2,75,361.26,279,281
MSFT,2026-03-27,6,0.009098979138925958,0.0008322237017308991,True,True,True,360.48,362.2,75,361.26,281,282
MSFT,2026-03-30,7,0.0002979184614956439,0.002834671928410746,False,False,False,359.83,359.94,80,359.68,243,247
MSFT,2026-03-30,6,0.0036636920317425848,0.0,True,False,False,357.5901,359.35,66,357.81,609,613
MSFT,2026-03-30,5,0.005449135827232355,0.0,True,True,False,358.956,358.93,80,359.0,832,833
MSFT,2026-03-31,6,0.0025245595741178197,0.0013171615169309074,True,False,False,364.42,364.31,69,364.1978,214,215
MSFT,2026-03-31,5,0.0008133798266599575,0.0032046513597776705,False,False,False,368.3396,369.63,29,368.665,539,541
MSFT,2026-03-31,6,0.0012433776624499392,0.0025408152232673743,False,False,False,369.96,370.99,66,370.86,678,679
MSFT,2026-04-01,6,0.014614278869190249,0.000851834105307973,True,True,True,375.66,375.82,80,375.77,250,251
MSFT,2026-04-01,5,0.0016157264036623744,0.003016022620169663,False,False,False,371.35,371.4799,73,371.3501,428,429
MSFT,2026-04-02,5,0.00013720432468034512,0.005982108556061705,False,False,False,364.42,365.32,69,364.44,295,297
MSFT,2026-04-02,4,0.0019182967686155288,0.0015130228034151148,False,False,False,370.12,370.5,65,370.31,423,424
MSFT,2026-04-02,6,0.0015629631625750737,0.0015872160392357614,False,False,False,371.09,371.17,70,371.3,540,541
MSFT,2026-04-02,5,0.0004850444624090725,0.0015898679601184988,False,False,False,371.1,371.17,80,371.11,579,580
MSFT,2026-04-06,6,0.0015368968546266462,0.0021153992266196254,False,False,False,375.1065,376.22,80,376.05,136,137
MSFT,2026-04-07,6,0.004832491719606811,0.0010859531954173702,True,False,False,368.34,369.14,42,368.73,362,366
MSFT,2026-04-08,7,0.0019777760428864883,0.002055846149842612,False,False,False,384.27,385.3,80,384.9,173,174
MSFT,2026-04-08,6,0.011976438935833923,0.0004307338670707892,True,True,True,382.835,384.3461,73,382.92,324,327
MSFT,2026-04-08,4,0.001190082644628069,0.0014148760330579173,False,False,False,378.125,378.19,78,378.28,494,497
MSFT,2026-04-08,4,0.0008069210011111879,0.0017990369860839378,False,False,False,377.98,378.19,78,378.14,497,498
MSFT,2026-04-09,6,0.0005689570261076534,0.003846720338369264,False,False,False,371.3813,371.96,70,371.92,506,507
MSFT,2026-04-10,5,0.0020545934840034735,0.0005870267097153649,False,False,False,374.77,374.49,80,374.51,109,111
MSFT,2026-04-10,7,0.00562700964630216,0.006538049303322609,True,True,False,373.2,374.01,80,373.95,276,277
MSFT,2026-04-13,5,0.0005235862647005258,0.003012127085570542,False,False,False,381.79,381.99,80,381.94,622,623
MSFT,2026-04-14,6,0.005761909661487831,0.014687467846486276,True,True,False,388.76,389.4609,50,390.0,322,323
MSFT,2026-04-15,5,0.0003195202280882747,0.002765078896917859,False,False,False,406.86,406.8,47,406.94,448,450
MSFT,2026-04-15,5,0.0010419603564730533,0.002561996641210184,False,False,False,407.885,407.82,61,408.05,509,512
MSFT,2026-04-15,6,0.003922708121458677,0.0016707830887694264,True,False,False,412.98,413.4799,45,412.9701,662,664
MSFT,2026-04-16,6,0.010087908920593719,0.0050199356295336315,True,True,True,416.34,417.78,70,416.6,330,332
MSFT,2026-04-16,7,0.010087908920593719,0.0050199356295336315,True,True,True,416.34,417.78,70,416.6,331,332
MSFT,2026-04-16,4,0.007991142348240488,0.00048115342030523696,True,True,True,415.46,417.78,69,415.68,342,347
MSFT,2026-04-16,6,0.0017366554909669083,0.008200873151788596,False,False,False,414.59,414.84,46,414.6,410,411
MSFT,2026-04-16,6,0.0006760835446093751,0.009585898828926784,False,False,False,414.15,414.84,55,414.45,419,424
MSFT,2026-04-17,6,0.006366583658318931,0.0012921110745664486,True,True,False,425.66,426.3074,69,425.75,316,320
MSFT,2026-04-17,5,0.006366583658318931,0.0012921110745664486,True,True,False,425.66,426.31,69,425.75,318,320
MSFT,2026-04-17,5,0.006366583658318931,0.0012921110745664486,True,True,False,425.66,426.31,69,425.75,319,320
MSFT,2026-04-17,4,0.008671678016824957,0.0009192449984683603,True,True,True,424.37,424.65,42,424.4401,593,595
MSFT,2026-04-20,6,0.0003574247831081927,0.0022468065911423903,False,False,False,418.5496,418.75,80,418.57,163,164
MSFT,2026-04-20,5,0.006880952380952349,0.00490476190476191,True,True,False,420.0,420.76,73,420.6,308,312
MSFT,2026-04-20,6,0.007825880114176889,0.005625594671741221,True,True,True,420.4,420.76,72,420.5,312,317
MSFT,2026-04-20,6,0.004404289527853998,0.009093573728169494,True,False,False,418.9552,420.83,71,419.53,317,319
MSFT,2026-04-20,6,0.004404289527853998,0.009093573728169494,True,False,False,418.9552,420.83,70,419.53,318,319
MSFT,2026-04-20,5,0.0021960185229388837,0.0004511385878646617,False,False,False,418.94,419.35,70,418.971,550,551
MSFT,2026-04-21,5,0.0003525595825694008,0.001927325718046334,False,False,False,425.46,425.78,56,425.6,575,577
MSFT,2026-04-22,6,0.0020727829466493826,0.010952773524908673,False,False,False,424.55,426.99,66,425.71,294,298
MSFT,2026-04-22,4,0.00032579353997962205,0.005491948245368977,False,False,False,429.72,430.52,44,429.71,379,381
MSFT,2026-04-22,4,0.000556031786483815,0.002085119199314175,False,False,False,431.63,431.76,53,431.8516,446,447
MSFT,2026-04-22,6,0.0002551848930543628,0.002111075024358616,False,False,False,431.06,431.49,79,431.1601,552,553
MSFT,2026-04-22,4,0.013470202982024273,0.005434530168609856,True,True,True,430.58,432.19,62,432.65,699,700
MSFT,2026-04-24,6,0.0032827441838336633,4.757600266421288e-05,True,False,False,420.38,421.1784,64,420.27,241,243
MSFT,2026-04-24,4,0.004223638055694709,0.0012647051805188382,True,False,False,419.07,419.94,69,419.2,337,342
MSFT,2026-04-24,6,0.0020995621935653084,0.001109427750009023,False,False,False,419.135,419.28,49,419.55,462,463
MSFT,2026-04-24,6,0.0011343825376734953,0.0014806677333842918,False,False,False,418.73,419.28,52,418.87,465,466
MSFT,2026-04-24,4,0.001275840055270542,0.0033523007585379164,False,False,False,419.1748,419.23,80,419.3,541,542
MSFT,2026-04-27,6,0.03480438931297704,0.010019083969465622,True,True,True,419.2,423.0,79,422.6,269,270
MSFT,2026-04-27,7,0.026209386281588413,0.019013237063778526,True,True,True,415.5,423.0945,78,418.5,270,271
MSFT,2026-04-27,6,0.0003198691121202082,0.005323248011191873,False,False,False,421.735,422.7988,67,422.01,436,440
MSFT,2026-04-27,5,0.003405914546778581,0.0008221173043947241,True,False,False,425.73,425.92,76,426.1202,615,616
MSFT,2026-04-27,4,0.0006369126250236805,0.003019437629741396,False,False,False,423.92,425.2999,74,424.0,691,693
MSFT,2026-04-28,5,0.0005057811967017773,0.003963913099733,False,False,False,425.085,426.29,47,425.11,376,379
MSFT,2026-04-29,6,0.0016161142990982497,0.0008197681227310522,False,False,False,426.95,427.2475,80,427.31,166,167
MSFT,2026-04-29,6,0.011646162858816702,0.0003514938488575917,True,True,True,426.75,427.26,80,427.2,300,301
MSFT,2026-04-29,5,0.00017728191369913754,0.005613927267140206,False,False,False,423.055,423.4,77,423.2,618,619
MSFT,2026-04-29,4,0.02774991641591442,0.013920571237522049,True,True,True,418.74,424.6,68,421.83,710,711
MSFT,2026-04-29,6,0.011182920630310083,0.0586014087575339,True,True,True,413.13,415.2,47,414.0,797,800
MSFT,2026-04-30,6,0.0020846617942807248,0.005763476725364119,False,False,False,407.74,407.9,60,407.82,719,721
MSFT,2026-04-30,4,0.0002701375245579903,0.0077357563850688465,False,False,False,407.2,407.9,61,407.43,721,722
MSFT,2026-04-30,5,0.0006344558321132038,0.002318204001952144,False,False,False,409.8,410.37,51,410.0564,786,789
MSFT,2026-05-01,5,0.002053884257581304,0.0016184607949739094,False,False,False,413.85,414.14,45,414.35,442,443
MSFT,2026-05-01,5,0.0014698086839187432,0.0012288564406534406,False,False,False,415.02,415.15,66,415.1901,583,584
MSFT,2026-05-01,4,0.0,0.0006051803437424352,False,False,False,413.1,413.3,80,413.32,820,821
MSFT,2026-05-04,6,0.003348051822019495,0.01997913532922513,True,False,False,412.18,413.34,80,412.55,301,303
MSFT,2026-05-05,6,0.011193669786741259,0.0028466660233523278,True,True,True,414.52,415.83,80,415.0,283,287
MSFT,2026-05-05,6,0.011193669786741259,0.0028466660233523278,True,True,True,414.52,415.84,79,414.8,286,287
MSFT,2026-05-05,5,0.0004765104771215102,0.001600342110086133,False,False,False,409.225,410.02,69,409.5001,481,483
MSFT,2026-05-05,6,0.003146501701927351,0.000980853925600764,True,False,False,411.886,411.95,46,411.97,658,659
MSFT,2026-05-07,5,0.00022488946131538626,0.0052654822488371516,False,False,False,417.0938,417.23,58,417.33,204,207
MSFT,2026-05-07,5,0.0002629565882578257,0.011187607573149759,False,False,False,418.32,418.6785,55,418.6,266,269
MSFT,2026-05-07,6,0.0036760463544500774,0.0007983214056108539,True,False,False,424.641,425.705,68,424.7,442,445
MSFT,2026-05-07,6,0.004016743116706894,0.0011587991697289996,True,False,False,421.2119,421.37,79,421.2,721,723
MSFT,2026-05-07,5,0.003444589618719536,0.0015678821712793087,True,False,False,420.95,421.44,80,421.0,726,728
MSFT,2026-05-07,4,0.003455672068636905,0.0009532888465204415,True,False,False,419.6,421.39,74,419.6413,747,752
MSFT,2026-05-08,7,0.002975836209975003,7.142006903933511e-05,True,False,False,420.05,420.74,80,420.41,245,250
MSFT,2026-05-08,5,0.002975836209975003,7.142006903933511e-05,True,False,False,420.05,420.7,80,420.4,247,250
MSFT,2026-05-08,5,0.003391298073453997,0.0020443995478269784,True,False,False,415.77,416.89,50,415.8,351,352
MSFT,2026-05-08,6,0.0005051112447383753,0.0033674082982561087,False,False,False,415.75,416.72,53,415.8101,402,406
MSFT,2026-05-11,5,0.0006964043543599189,0.002138083544087283,False,False,False,409.245,410.3,66,409.67,386,391
MSFT,2026-05-11,6,0.002505412176789739,0.00021891951059321103,True,False,False,411.11,411.14,52,411.24,611,612
MSFT,2026-05-12,6,0.009342834520981877,0.0001827151470856657,True,True,True,410.475,410.69,38,410.9,291,292
MSFT,2026-05-12,4,0.0019176839731333546,0.0015933715742510596,False,False,False,407.94,408.335,80,408.0,655,658
MSFT,2026-05-13,6,0.003566316205143376,0.0004689273902956654,True,False,False,405.18,405.4101,72,405.22,530,532
MSFT,2026-05-14,5,0.004043257989088136,9.742790335156972e-05,True,False,False,410.56,410.71,34,410.6,440,441
MSFT,2026-05-14,5,0.0035456657293067334,9.781146839471932e-05,True,False,False,408.95,409.04,80,409.0,705,707
MSFT,2026-05-14,6,9.825837038483781e-05,0.005748114667518318,False,False,False,407.09,408.98,59,407.48,743,744
MSFT,2026-05-15,6,0.00014671361502347974,0.004988262910798172,False,False,False,408.96,409.3,58,409.0,118,123
MSFT,2026-05-15,4,0.0018808277780355369,0.0019094981924276248,False,False,False,411.5741,412.5,55,411.55,235,240
MSFT,2026-05-15,4,0.004613259021614338,0.0006322740791046031,True,False,False,427.03,427.3287,38,427.09,605,606
MSFT,2026-05-18,5,0.0084588257720168,0.0,True,True,True,419.68,419.6,69,419.79,275,276
MSFT,2026-05-19,6,0.001015274311205991,0.008000493395538119,False,False,False,424.8113,425.12,69,425.26,146,147
MSFT,2026-05-19,6,0.0075933964361347495,0.00848260772911816,True,True,True,427.345,428.25,64,428.0,318,319
MSFT,2026-05-19,4,0.0025342482128768553,0.0038252803213236013,True,False,False,418.27,418.4999,62,418.32,540,541
MSFT,2026-05-20,6,0.0024977566512259545,0.006475395920743133,False,False,False,412.33,415.48,59,413.2,302,304
MSFT,2026-05-20,4,0.0009282620079020954,0.002189746275051211,False,False,False,420.14,420.39,69,420.23,690,691
MSFT,2026-05-21,5,0.006405506823776876,0.002055498458376189,True,True,False,418.39,418.8945,26,418.58,303,304
MSFT,2026-05-21,6,0.0036430745631906587,0.001509958536059237,True,False,False,417.23,418.95,26,417.52,318,322
MSFT,2026-05-21,6,0.0,0.00640603484404002,False,False,False,417.575,419.17,80,418.53,658,661
MSFT,2026-05-22,4,0.008587471152244756,0.0004044633722728841,True,True,True,420.31,420.8,61,420.94,324,325
MSFT,2026-05-22,4,0.00019123658355839668,0.005115578610188232,False,False,False,418.33,418.63,57,418.37,429,430
MSFT,2026-05-26,6,0.007877041306436053,0.0026416906820365582,True,True,True,416.4,418.2,79,417.16,285,286
MSFT,2026-05-26,4,0.007700691026239911,0.0011856429418316496,True,True,True,417.495,417.77,43,417.66,355,356
MSFT,2026-05-26,6,0.0003737236133046319,0.002760732498282033,False,False,False,414.745,414.95,57,415.02,617,618
MSFT,2026-05-26,6,0.0007943767753118312,0.002238698184969445,False,False,False,415.42,415.4,80,415.47,665,667
MSFT,2026-05-26,5,0.0005057438046384807,0.0019266430652890073,False,False,False,415.23,415.52,80,415.28,682,683
MSFT,2026-05-26,7,0.0004337453914552322,0.002506084483963381,False,False,False,414.99,415.52,80,415.02,711,714
MSFT,2026-05-26,5,0.00037954779591165683,7.831938645804138e-05,False,False,False,414.9675,415.53,80,414.99,716,717
MSFT,2026-05-27,6,0.0035017145072760375,0.0001572742363476096,True,False,False,412.655,413.3,80,413.0,516,519
MSFT,2026-05-27,6,0.0013473653545027658,0.003775050677931143,False,False,False,411.915,412.28,80,412.255,630,631
MSFT,2026-05-28,4,0.0006964457252640817,0.0021133525456291918,False,False,False,416.4,416.83,78,416.51,160,162
MSFT,2026-05-28,5,0.00628856890978551,0.00036438436673516945,True,True,False,425.375,425.4695,66,425.54,509,510
MSFT,2026-05-28,6,0.0048497975327243675,0.0018127883981542091,True,False,False,424.76,425.4695,66,425.2841,510,512
MSFT,2026-05-29,6,0.0,0.003104564739278456,False,False,False,429.4966,430.14,59,430.0,163,164
MSFT,2026-05-29,6,0.0024721022110297188,0.020700968047501413,False,False,False,432.83,433.49,56,432.8,301,304
MSFT,2026-05-29,4,0.0024721022110297188,0.020700968047501413,False,False,False,432.83,433.49,57,432.8,302,304
MSFT,2026-05-29,4,0.0005869604478959521,0.0027090482210584375,False,False,False,442.96,443.52,66,443.67,517,518
MSFT,2026-06-01,5,0.004665862330368683,0.0008861935318548428,True,False,False,468.295,468.93,27,468.44,240,242
MSFT,2026-06-01,4,0.0019126276896326785,0.008280808519886985,False,False,False,460.1,461.69,42,460.1801,424,429
MSFT,2026-06-01,4,0.0038148910805246507,0.00032513276254465644,True,False,False,461.35,461.54,63,461.54,542,543
MSFT,2026-06-02,7,0.005453245127838365,0.0001340961916681617,True,True,False,447.44,448.55,80,447.65,263,264
MSFT,2026-06-02,6,0.002069889309637089,0.006030558037567712,False,False,False,444.4199,446.7,60,445.01,335,338
MSFT,2026-06-02,4,0.0007435279273595388,0.009192708920082105,False,False,False,443.83,446.66,66,444.0378,347,351
MSFT,2026-06-02,5,0.0027950590568929967,0.001713100712289223,True,False,False,443.64,444.11,61,444.0,510,511
MSFT,2026-06-02,5,0.0016446256786897475,0.0016220965598034796,False,False,False,443.87,444.15,56,444.1,562,563
MSFT,2026-06-03,5,2.289377289375207e-05,0.014171245421245416,False,False,False,436.8,437.13,80,436.93,172,173
MSFT,2026-06-03,6,0.012017472704918616,0.0014675255784961324,True,True,True,436.0401,439.1,70,436.49,319,322
MSFT,2026-06-03,7,0.012017472704918616,0.0014675255784961324,True,True,True,436.0401,439.1,70,436.49,320,322
MSFT,2026-06-03,4,0.009352517985611448,0.00143884892086332,True,True,True,430.9,432.44,35,431.1,370,374
MSFT,2026-06-03,6,0.0024566575419386802,0.0018483423410775685,False,False,False,427.41,428.38,80,427.615,702,703
MSFT,2026-06-03,6,0.00046871338176702283,0.003937192406843232,False,False,False,426.7,427.41,56,426.9651,800,802
MSFT,2026-06-03,6,0.0,0.0028083313831031797,False,False,False,427.3,427.69,73,427.55,878,881
MSFT,2026-06-04,5,0.00385150812064971,0.000580046403712297,True,False,False,431.0,431.07,70,431.12,159,160
MSFT,2026-06-04,6,0.00262864055085139,0.00716479017400201,True,False,False,429.88,433.46,77,431.25,323,324
MSFT,2026-06-04,6,0.0008849969723787681,0.004355116679864,False,False,False,429.38,430.84,47,429.4,402,406
MSFT,2026-06-05,7,0.0073001253793604694,0.005589107228647464,True,True,False,426.705,429.23,75,427.33,294,295
MSFT,2026-06-05,6,0.006504181259381073,0.00014294903866772038,True,True,False,419.73,420.33,74,420.2,577,578
MSFT,2026-06-05,5,0.0010854358628008796,0.005041246562786511,False,False,False,414.58,417.12,64,416.105,684,685
MSFT,2026-06-08,6,0.004333058971627745,0.009876779316355208,True,False,False,413.08,415.21,80,414.23,287,289
MSFT,2026-06-08,6,0.0013352272727272234,0.0050990675990676545,False,False,False,411.84,414.974,77,412.6,294,295
MSFT,2026-06-08,6,0.0011636090079595544,0.001601630751310486,False,False,False,412.08,412.18,78,412.36,632,633
MSFT,2026-06-09,6,0.0014381825273011696,0.003656396255850234,False,False,False,410.24,410.4,80,410.5,254,255
MSFT,2026-06-09,6,0.002111790627555838,0.0019408942761928176,False,False,False,409.605,410.64,61,410.32,332,333
MSFT,2026-06-09,5,0.000768887345602466,0.0031747606528100916,False,False,False,403.18,403.3177,67,403.26,603,604
MSFT,2026-06-10,6,0.0020120724346076742,0.002691146881287709,False,False,False,397.6,398.65,75,398.62,172,173
MSFT,2026-06-10,5,0.0021106588270768173,0.012236795818885381,False,False,False,397.98,398.31,51,398.1,299,301
MSFT,2026-06-10,5,0.004896472869180471,0.001516243692674837,True,False,False,402.31,402.9899,73,402.45,532,537
MSFT,2026-06-10,6,0.0023930601256357473,0.0009719313989429519,False,False,False,401.16,401.4199,57,401.39,604,605
MSFT,2026-06-11,6,0.015611931976582021,0.00045619281749754623,True,True,True,394.57,396.01,55,394.95,293,297
MSFT,2026-06-11,6,0.015611931976582021,0.00045619281749754623,True,True,True,394.57,396.01,56,394.95,294,297
MSFT,2026-06-11,7,0.00967606226335707,0.0026386711031220747,True,True,True,392.205,396.01,59,394.83,297,298
MSFT,2026-06-11,5,0.005226839693084023,0.0022786961223543716,True,True,False,388.38,390.0,38,388.79,374,377
AVGO,2025-12-15,6,0.02418763469450585,0.0007836771250244135,True,True,True,357.29,361.46,39,359.0,328,329
AVGO,2025-12-15,4,0.002143024894316467,0.0020564232033819683,False,False,False,340.64,341.05,43,341.0,605,606
AVGO,2025-12-15,6,0.001594613749113996,0.004606661941885195,False,False,False,338.64,340.44,65,339.13,710,711
AVGO,2025-12-16,5,0.0023879716981132144,0.0015625000000000873,False,False,False,339.2,339.1,53,339.33,205,206
AVGO,2025-12-16,5,0.010889327201181586,0.00949615088678119,True,True,True,336.9997,339.5,61,338.77,255,256
AVGO,2025-12-16,4,0.00026746708668914926,0.012600671639573268,False,False,False,336.49,337.14,24,336.93,400,401
AVGO,2025-12-16,5,0.0022512071605228275,0.0037981392062184094,False,False,False,339.64,340.24,31,339.8,514,519
AVGO,2025-12-16,6,3.42203079829017e-05,0.007050563455071055,False,False,False,338.98,339.27,53,339.74,617,618
AVGO,2025-12-17,6,0.02978425042726301,0.0009202588410581449,True,True,True,342.295,343.66,62,343.4001,348,349
AVGO,2025-12-17,6,0.025499574518031625,0.0012030869450393737,True,True,True,340.79,343.66,62,342.88,349,350
AVGO,2025-12-17,5,0.00132051142630773,0.01213285898491509,False,False,False,321.845,323.158,53,321.96,597,601
AVGO,2025-12-18,5,0.0009699321047526466,0.008244422890397582,False,False,False,329.92,330.13,80,329.6,262,265
AVGO,2025-12-18,6,0.01636058040275483,0.001635636717110068,True,True,True,332.2865,334.9,34,334.75,352,353
AVGO,2025-12-18,4,0.00389116980207115,0.006097187327654909,True,False,False,326.38,327.45,49,326.795,508,510
AVGO,2025-12-18,5,0.004358456468587229,0.004631809139090882,True,False,False,329.245,329.9222,51,329.46,620,622
AVGO,2025-12-19,6,0.0,0.01718228692750992,False,False,False,329.7,332.08,69,330.33,224,226
AVGO,2025-12-19,5,0.0,0.01718228692750992,False,False,False,329.7,332.08,68,330.24,225,226
AVGO,2025-12-19,5,0.00039686132488310494,0.003103063226195774,False,False,False,331.35,331.56,69,331.3993,265,266
AVGO,2025-12-19,5,0.002175620958481811,0.029340665981748896,False,False,False,330.94,331.82,76,331.4,307,309
AVGO,2025-12-19,6,0.005023930556794191,0.020987544219507128,True,True,False,336.39,336.63,51,336.8,679,680
AVGO,2025-12-19,7,0.005111473885588158,0.020897712261711224,True,True,False,336.4196,336.63,51,336.53,680,681
AVGO,2025-12-22,5,0.0002032107295266642,0.003135251255551961,False,False,False,344.47,344.56,71,344.48,246,247
AVGO,2025-12-22,6,0.013082033422107672,0.004799672217507057,True,True,True,341.69,345.2,68,345.35,299,300
AVGO,2025-12-22,6,0.0028569745523090552,0.004035108388312926,True,False,False,339.52,341.2,29,339.85,355,360
AVGO,2025-12-22,4,0.001248657950082998,0.0021619872633948014,False,False,False,339.965,340.54,63,340.0,449,453
AVGO,2025-12-23,4,0.00014767122478500408,0.012138574677338415,False,False,False,338.59,339.3,42,338.58,288,289
AVGO,2025-12-23,5,0.004068534754455215,0.0002005615724027081,True,False,False,349.02,349.55,69,349.04,559,560
AVGO,2025-12-24,6,0.0036228244253337294,0.011359859380910971,True,False,False,348.4022,350.48,80,350.3,216,217
AVGO,2025-12-24,6,0.004888477160977624,0.0014394641202878798,True,False,False,350.825,350.98,80,351.07,394,395
AVGO,2025-12-24,5,0.004249857387336021,0.0001426126640044339,True,False,False,350.6,350.98,79,350.77,395,399
AVGO,2025-12-26,5,0.001300234019367168,0.0009611662112102034,False,False,False,351.5521,352.0,80,351.7,103,105
AVGO,2025-12-29,6,0.005826194802572703,0.010066049436128204,True,True,False,346.71,348.34,75,347.69,228,233
AVGO,2025-12-29,6,0.0,0.0140143618253416,False,False,False,345.36,348.34,76,347.69,233,234
AVGO,2025-12-29,6,0.002719074826185826,0.0029600055069869385,True,False,False,348.648,349.51,41,348.84,309,313
AVGO,2025-12-29,6,0.0038356948618864513,0.000772863890081528,True,False,False,349.35,349.335,62,349.36,383,384
AVGO,2025-12-29,4,0.0029509511803805567,0.0002578501031399696,True,False,False,349.04,349.365,63,349.15,396,398
AVGO,2025-12-30,5,0.0014306560988869496,0.0014592692208646625,False,False,False,349.49,349.6,80,349.7671,166,167
AVGO,2025-12-30,4,0.0006566363091328443,0.0032260827361749378,False,False,False,350.27,350.6,75,350.27,285,286
AVGO,2025-12-30,5,0.001225664851922603,0.00048456517401595053,False,False,False,350.83,350.9699,64,350.915,341,342
AVGO,2025-12-31,5,0.0006627096179335509,0.001728807698957018,False,False,False,347.06,347.22,80,347.16,290,291
AVGO,2026-01-05,6,0.0010348287229469595,0.015766088576752185,False,False,False,348.85,352.39,80,349.459,179,181
AVGO,2026-01-05,6,0.0402715190234442,0.0009982317038389787,True,True,True,350.62,353.57,71,353.52,265,266
AVGO,2026-01-05,5,0.003423254725261745,0.006436889226988255,True,False,False,341.78,342.95,37,341.91,367,371
AVGO,2026-01-06,6,0.0,0.006081693517733354,False,False,False,342.01,343.53,80,343.55,183,186
AVGO,2026-01-06,6,0.009770460105175209,0.011000922847056399,True,True,True,341.335,343.3998,75,342.79,270,271
AVGO,2026-01-06,7,0.0006057459328486775,0.005624495211722666,False,False,False,346.68,346.95,76,346.68,481,482
AVGO,2026-01-07,6,0.0021031403053875485,0.00023048112935748798,False,False,False,347.1,347.91,50,347.34,432,436
AVGO,2026-01-07,6,0.004519529275864552,0.0009385603927515573,True,False,False,346.275,346.875,77,346.3,552,557
AVGO,2026-01-07,5,0.0002332837605341734,0.0007873326918029388,False,False,False,342.93,343.12,72,342.88,719,720
AVGO,2026-01-08,6,0.02305993631501961,0.0018093660193124388,True,True,True,340.1744,342.4997,69,341.9,245,246
AVGO,2026-01-08,6,0.0038725231673320823,0.00040684095532280844,True,False,False,331.825,332.305,79,332.29,504,505
AVGO,2026-01-09,6,0.010268281101614376,0.0062915479582146385,True,True,True,336.96,337.37,60,337.0234,301,306
AVGO,2026-01-09,6,0.002242621774362348,0.013904255001046488,False,False,False,334.43,337.4,61,336.2,318,319
AVGO,2026-01-09,4,0.003936803338778598,0.0003348014569635397,True,False,False,346.474,346.51,74,346.51,670,671
AVGO,2026-01-12,4,0.0025304537162361375,0.03669157888542332,True,False,False,339.86,340.3,78,339.8,253,258
AVGO,2026-01-12,6,0.0002525129759640929,0.0026286515006362565,False,False,False,349.685,350.21,79,349.8075,439,440
AVGO,2026-01-13,6,0.004764740917212485,0.007459088459684201,True,False,False,352.59,353.6261,54,352.9,268,269
AVGO,2026-01-14,6,0.019755355194394978,0.006977545511973832,True,True,True,348.26,351.2,77,350.5,279,280
AVGO,2026-01-14,5,0.0018441172095789763,0.0031236055332441214,False,False,False,336.15,336.45,57,336.3,465,466
AVGO,2026-01-15,6,0.015714449278681042,0.002976871994504132,True,True,True,349.36,349.13,68,349.43,352,353
AVGO,2026-01-15,6,0.006615437947769876,0.005633233186965532,True,True,False,346.16,349.13,70,348.8261,357,358
AVGO,2026-01-15,4,0.0009232811102455155,0.004933783432874684,False,False,False,346.59,347.5,32,346.69,431,436
AVGO,2026-01-15,5,0.0007352093184177012,0.0029985007496252467,False,False,False,346.84,347.65,56,346.98,472,474
AVGO,2026-01-16,6,0.0028268143532941565,0.0035190954194068607,True,False,False,346.68,347.03,53,346.29,218,219
AVGO,2026-01-16,5,0.0033902715831627315,0.005631176041117121,True,False,False,345.8425,346.28,33,346.4,355,356
AVGO,2026-01-16,5,0.0005654386499064654,0.009206501094631265,False,False,False,344.865,346.0,30,345.33,371,372
AVGO,2026-01-20,6,0.004476219842797795,0.017228984605797255,True,False,False,339.5499,342.98,73,342.5,289,290
AVGO,2026-01-20,5,0.0010638612252135513,0.012773131593723341,False,False,False,338.39,342.98,71,338.98,294,298
AVGO,2026-01-20,5,0.007207022076092016,0.0026714419915454,True,True,False,340.64,341.3899,45,340.77,366,371
AVGO,2026-01-21,6,0.006395752255106056,0.009291941955531373,True,True,False,331.47,334.08,44,334.58,294,295
AVGO,2026-01-22,6,0.010591694671147303,0.0017102736437831555,True,True,True,333.28,334.78,75,334.5782,322,326
AVGO,2026-01-22,6,0.006597577875519666,0.005754051937097141,True,True,False,331.94,335.22,74,333.73,326,327
AVGO,2026-01-23,6,0.005462434060617411,0.0019352623529044683,True,True,False,320.37,322.0,39,320.8,189,192
AVGO,2026-01-23,6,0.010861762227285375,0.000936358812697061,True,True,True,320.39,320.76,50,320.4,282,283
AVGO,2026-01-23,6,0.00405846729446074,0.006468182250547007,True,False,False,315.39,317.99,38,317.31,340,341
AVGO,2026-01-23,4,0.0037485942771460345,0.004342121704360822,True,False,False,320.12,320.96,57,320.375,484,485
AVGO,2026-01-27,6,0.004740129801949326,0.00834658490006165,True,False,False,328.5775,329.49,66,328.78,278,280
AVGO,2026-01-27,7,0.00347391516333509,0.009629449049244173,True,False,False,328.16,329.49,65,328.2,280,281
AVGO,2026-01-28,5,0.0017192629617580042,0.0005619472952589327,False,False,False,338.11,338.17,57,337.28,207,211
AVGO,2026-01-28,4,0.002645980805527736,0.00046519483367057175,True,False,False,337.493,337.63,72,337.55,237,242
AVGO,2026-01-28,6,0.014115610731445169,0.0010146527798502846,True,True,True,335.09,337.43,66,335.66,294,295
AVGO,2026-01-28,6,0.000771639961871894,0.003252991996126808,False,False,False,330.465,330.55,43,330.63,526,527
AVGO,2026-01-28,6,0.005033811444339898,0.004306031476483658,True,True,False,329.77,330.65,73,330.4,564,565
AVGO,2026-01-28,5,0.002553579571363353,0.01103480772153829,True,False,False,328.95,330.65,77,329.72,592,594
AVGO,2026-01-28,7,0.002553579571363353,0.01103480772153829,True,False,False,328.95,330.65,77,329.72,593,594
AVGO,2026-01-29,7,0.012773058252427295,0.0034890776699028434,True,True,True,329.6,330.41,46,330.13,302,303
AVGO,2026-01-29,6,0.01472727272727277,3.0303030303002743e-05,True,True,True,330.0,330.41,46,329.98,303,306
AVGO,2026-01-29,4,0.011341867607261283,0.00039529297290721393,True,True,True,328.87,330.41,46,328.9401,305,307
AVGO,2026-01-29,5,0.011341867607261283,0.00039529297290721393,True,True,True,328.87,330.136,46,328.9401,306,307
AVGO,2026-01-29,5,0.0006221642210048228,0.002928724259852122,False,False,False,329.495,329.69,38,329.53,506,507
AVGO,2026-01-30,5,0.005969880602387809,0.0009299814003719994,True,True,False,333.34,334.98,53,333.8501,453,458
AVGO,2026-01-30,6,0.002386995407299866,0.0028402223833695847,False,False,False,330.96,331.5,37,331.276,616,617
AVGO,2026-01-30,5,0.0029292746270458735,0.002295101769644232,True,False,False,331.14,331.5,37,331.276,617,618
AVGO,2026-02-02,6,0.00966586375146685,0.01245846457908724,True,True,True,323.82,328.14,34,327.7,120,121
AVGO,2026-02-03,6,0.03758631041729222,0.00015010507355134951,True,True,True,333.1,334.4,69,334.02,247,248
AVGO,2026-02-03,6,0.03343684988090581,0.0,True,True,True,331.67,334.4,68,333.05,248,249
AVGO,2026-02-03,5,0.005156300354495723,0.0012565259426361955,True,True,False,310.3,311.43,42,310.34,490,492
AVGO,2026-02-04,6,0.0073725689589423955,0.014808694546841134,True,True,False,314.68,319.0,61,318.3,285,286
AVGO,2026-02-04,5,0.0004547817047816605,0.08465436590436592,False,False,False,307.84,308.94,36,307.93,669,674
AVGO,2026-02-05,6,0.008942061607720937,0.0,True,True,True,324.31,325.16,74,324.56,187,188
AVGO,2026-02-05,4,0.015296367112810743,0.04056724028043327,True,True,True,313.8,316.1046,40,314.11,353,357
AVGO,2026-02-05,4,0.006796224673319617,0.009852138343758542,True,True,False,314.145,315.0,28,314.5,408,409
AVGO,2026-02-05,5,0.005355605852912133,0.01893557333673379,True,True,False,313.69,315.5,27,314.05,413,414
AVGO,2026-02-05,5,0.0011844548306549861,0.023208592099366238,False,False,False,312.38,314.74,25,312.6,429,432
AVGO,2026-02-05,4,0.0011844548306549861,0.023208592099366238,False,False,False,312.38,314.38,26,312.6,431,432
AVGO,2026-02-05,5,0.007047078398747082,0.01305014518286516,True,True,False,306.51,308.17,27,306.7,788,792
AVGO,2026-02-05,5,0.007047078398747082,0.01305014518286516,True,True,False,306.51,308.17,28,306.7,789,792
AVGO,2026-02-05,7,0.007047078398747082,0.01305014518286516,True,True,False,306.51,308.17,29,306.7,790,792
AVGO,2026-02-06,6,0.027207488299532068,0.0078003120124804995,True,True,True,320.5,321.67,60,320.51,274,278
AVGO,2026-02-06,5,0.014027431421446383,0.022381546134663362,True,True,True,320.8,321.99,64,321.6,360,361
AVGO,2026-02-09,5,0.005060816056589099,0.001164562785749287,True,True,False,347.77,349.1,52,347.86,479,483
AVGO,2026-02-09,6,0.005309505309505388,0.0004316670983336996,True,True,False,347.49,347.885,68,347.5801,581,583
AVGO,2026-02-09,5,0.0018162778521146668,0.006661236837512422,False,False,False,343.78,345.78,46,343.77,650,651
AVGO,2026-02-10,6,0.007775377969762387,0.0004031677465802343,True,True,True,347.25,349.13,44,347.7,203,204
AVGO,2026-02-10,6,0.00650499913162125,0.0072612728051073645,True,True,False,344.3198,346.68,52,345.02,293,298
AVGO,2026-02-10,6,0.0026822157434402798,0.011137026239067035,True,False,False,343.0,346.77,52,344.0,298,299
AVGO,2026-02-10,5,0.007208435464922371,0.002248103615820782,True,True,False,344.735,346.18,34,344.83,359,363
AVGO,2026-02-10,4,0.0008032597742110794,0.0033152721590161993,False,False,False,342.355,342.78,65,342.62,477,478
AVGO,2026-02-11,5,0.001757469244288125,0.008582308142940852,False,False,False,341.4,341.06,48,340.69,129,132
AVGO,2026-02-11,6,0.011679044706567781,0.008650065530799389,True,True,True,343.35,344.83,37,344.11,217,219
AVGO,2026-02-11,4,0.021419460774971064,0.0003518597252562112,True,True,True,341.045,344.44,46,341.4,239,244
AVGO,2026-02-11,5,0.0014247551202135986,0.006025526862570584,False,False,False,336.9,338.67,35,337.0,333,336
AVGO,2026-02-11,5,0.001497137824746781,0.004608836048730516,False,False,False,340.65,341.9,46,340.74,437,441
AVGO,2026-02-11,5,0.004052478134110748,0.0018658892128279485,True,False,False,343.0,343.38,53,343.05,553,558
AVGO,2026-02-11,6,0.0031224465974086413,0.0013423602194466543,True,False,False,342.68,343.37,61,342.9,563,568
AVGO,2026-02-12,5,0.01668895737628659,0.006827062859801093,True,True,True,343.94,343.7561,69,343.51,219,222
AVGO,2026-02-12,5,0.016387706304309805,0.005831632355514157,True,True,True,342.94,343.7561,66,342.9,225,230
AVGO,2026-02-12,4,0.002349314658526271,0.0063446459567845954,False,False,False,334.14,335.65,31,334.33,367,372
AVGO,2026-02-12,6,0.0007575757575757576,0.013986666666666583,False,False,False,330.0,331.0992,36,330.34,610,614
AVGO,2026-02-13,6,0.001431268652171175,0.013033680492112886,False,False,False,328.38,329.0,40,328.83,157,158
AVGO,2026-02-13,5,0.008982847419516564,0.01584600659364025,True,True,True,329.105,331.4,38,330.0,243,247
AVGO,2026-02-13,6,0.008033395176252322,0.016819246327442965,True,True,True,328.79,331.4,40,329.0,247,250
AVGO,2026-02-13,7,0.00584883932359539,0.0013031092793502842,True,True,False,329.98,330.66,38,330.11,443,448
AVGO,2026-02-13,6,0.00584883932359539,0.0013031092793502842,True,True,False,329.98,330.66,39,330.11,444,448
AVGO,2026-02-13,5,0.004552770751897029,0.0013029815283207215,True,False,False,326.175,327.1599,70,326.22,598,601
AVGO,2026-02-17,6,0.004268671710670817,0.020845760210969278,True,False,False,318.53,320.6,61,319.3,124,125
AVGO,2026-02-17,7,0.003768257059396322,0.021358796369004653,True,False,False,318.37,320.6,60,318.8,125,126
AVGO,2026-02-17,5,0.0020696722536490916,0.023100223045098938,False,False,False,317.8281,320.61,58,318.3135,128,129
AVGO,2026-02-17,6,0.0030886570645151695,0.02735667685713387,True,False,False,317.29,319.6,57,319.0,205,208
AVGO,2026-02-17,6,0.005377020313187786,0.024998427771838392,True,True,False,318.02,319.6,60,318.75,208,210
AVGO,2026-02-17,5,0.0011999400029999523,0.004679766011699422,False,False,False,333.35,333.61,49,333.36,546,549
AVGO,2026-02-17,4,0.004021371678533891,0.006348712773873078,True,False,False,333.1699,333.61,51,333.18,560,562
AVGO,2026-02-17,6,0.011559699248120243,0.0033082706766917975,True,True,True,332.5,334.22,59,333.18,584,588
AVGO,2026-02-17,4,0.003681056250190075,0.0020686927687019164,True,False,False,328.71,329.01,56,328.59,681,683
AVGO,2026-02-17,4,0.004044643128668261,0.0017030076331235055,True,False,False,328.83,329.01,56,328.59,683,684
AVGO,2026-02-18,6,0.0014789247986611467,0.002883738999208188,False,False,False,334.635,335.37,80,334.91,465,468
AVGO,2026-02-19,5,0.002162292029551406,0.001741846357138519,False,False,False,332.98,334.0901,49,333.24,497,500
AVGO,2026-02-19,6,0.0038729900387299756,0.001552210015522059,True,False,False,331.785,333.635,58,332.26,535,537
AVGO,2026-02-20,5,0.0038577456298976177,0.002682338758288084,True,False,False,331.8,332.53,49,331.8,165,168
AVGO,2026-02-20,6,0.009370796592437575,0.0013149006127633118,True,True,True,334.55,335.23,33,334.8001,384,386
AVGO,2026-02-20,6,0.002969908784587659,0.0006003422040568357,True,False,False,333.3099,334.01,66,333.31,524,529
AVGO,2026-02-20,5,6.980105495862588e-05,0.0005319321774439524,False,False,False,332.3732,332.24,80,332.1448,672,674
AVGO,2026-02-23,5,0.011507479861910275,0.0011507479861910103,True,True,True,330.22,330.73,51,330.47,412,415
AVGO,2026-02-24,6,0.003725369458128191,0.002832512315270985,True,False,False,324.8,325.44,40,324.92,178,179
AVGO,2026-02-24,7,0.0012654320987655094,0.005308641975308726,False,False,False,324.0,325.44,41,324.8,179,180
AVGO,2026-02-24,6,0.009387449819119835,0.001068490223314526,True,True,True,327.565,327.67,48,327.5712,425,427
AVGO,2026-02-24,6,0.0017515024660082281,0.003514412358744491,False,False,False,324.3501,324.42,48,324.45,513,514
AVGO,2026-02-24,5,0.0007345225603357804,0.003765199679032243,False,False,False,324.02,324.39,60,324.09,528,531
AVGO,2026-02-25,5,0.0,0.02157561867502639,False,False,False,328.8156,329.11,79,329.0,206,209
AVGO,2026-02-25,6,0.0002164125202942255,0.004008913660459435,False,False,False,331.3117,331.28,48,331.34,398,400
AVGO,2026-02-26,7,0.013805742211362193,0.004215027489309699,True,True,True,327.4,331.55,40,327.5,206,207
AVGO,2026-02-26,5,0.00948030486087426,0.001421742006417858,True,True,True,312.7853,313.63,56,313.25,427,432
AVGO,2026-02-27,5,0.004129606099110583,0.015628970775095348,True,False,False,314.8,315.9,57,314.8,186,187
AVGO,2026-02-27,5,0.002017082164581434,0.007690125752466191,False,False,False,317.29,318.89,24,317.7511,336,337
AVGO,2026-02-27,6,0.00412170028002392,3.1148727307101305e-05,True,False,False,317.83,318.51,64,317.89,486,489
AVGO,2026-02-27,5,0.0010990736379336344,0.004867326110849462,False,False,False,318.45,319.38,63,318.56,683,686
AVGO,2026-03-02,6,0.005230325551587558,0.03220759017401685,True,True,False,309.5792,310.26,49,309.71,239,242
AVGO,2026-03-02,5,0.000190536678310582,0.007843759923785417,False,False,False,314.9,315.39,48,315.51,425,426
AVGO,2026-03-02,6,0.0029491976913805736,0.0011574808143591333,True,False,False,315.34,316.3,68,315.64,503,504
AVGO,2026-03-03,5,0.008322087269455792,0.010699826489300122,True,True,True,311.22,311.13,45,310.86,245,247
AVGO,2026-03-03,6,0.0009873864537963111,0.01734160203371156,False,False,False,308.795,310.2,74,309.67,343,344
AVGO,2026-03-03,6,0.006913779210314204,0.003029814665592257,True,True,False,310.25,310.9,31,310.5301,395,397
AVGO,2026-03-03,6,0.002109569775618567,0.00491913315860125,False,False,False,312.86,314.5199,32,313.1701,524,528
AVGO,2026-03-03,6,0.005415737496017804,0.0016807900605288525,True,True,False,313.9,314.375,57,314.0,615,619
AVGO,2026-03-03,6,0.005415737496017804,0.0016807900605288525,True,True,False,313.9,314.375,59,314.0,617,619
AVGO,2026-03-04,5,0.0014225195791844458,0.005736974566600427,False,False,False,319.855,320.31,72,319.9,502,505
AVGO,2026-03-04,4,0.0012177144820263326,0.002123739029950988,False,False,False,320.19,320.7,68,320.46,548,549
AVGO,2026-03-04,6,0.0021519461077844242,0.0021207584830339535,False,False,False,320.64,321.14,52,321.1,627,628
AVGO,2026-03-04,4,0.012947058069478337,0.031854890398666826,True,True,True,312.04,319.07,35,316.0,725,729
AVGO,2026-03-04,4,0.002186311787072236,0.016476552598225565,False,False,False,315.6,319.07,39,316.0,729,734
AVGO,2026-03-05,5,0.0026214249948454727,0.004889399428588333,True,False,False,339.51,340.37,57,339.8,168,171
AVGO,2026-03-05,4,0.010747472297594372,0.008594946111052099,True,True,True,329.845,333.32,29,330.11,435,440
AVGO,2026-03-05,5,0.012050381494489408,0.0072665617052199176,True,True,True,330.28,333.32,29,331.2501,436,438
AVGO,2026-03-05,6,0.010458398979668432,0.004302198214419553,True,True,True,333.225,334.09,44,333.9301,553,554
AVGO,2026-03-05,5,0.007230086882556642,0.0006987058752051102,True,True,False,329.18,331.53,23,329.39,613,616
AVGO,2026-03-05,5,0.004756789934018755,0.009053245358293658,True,False,False,325.85,327.43,46,325.9,709,713
AVGO,2026-03-06,6,0.008689024390243973,0.003216463414634167,True,True,True,328.0,329.24,78,328.68,241,242
AVGO,2026-03-06,5,0.0018148285635160109,0.004018548962071358,False,False,False,339.426,339.85,40,339.5,547,548
AVGO,2026-03-09,6,0.0,0.026017262638717627,False,False,False,324.4,326.9,53,325.86,266,271
AVGO,2026-03-10,6,0.01029028651652424,0.003211142987077104,True,True,True,345.8893,347.13,76,346.36,166,167
AVGO,2026-03-10,5,0.002558279916065384,0.007961999482595093,True,False,False,347.89,349.66,42,348.48,327,331
AVGO,2026-03-10,4,0.003072561379270631,0.002158708228995769,True,False,False,347.43,349.76,47,347.64,352,357
AVGO,2026-03-10,4,0.003072561379270631,0.002158708228995769,True,False,False,347.43,349.76,49,347.64,354,357
AVGO,2026-03-10,5,0.003549066566638827,0.0014109703667369731,True,False,False,346.57,347.315,66,346.7,497,499
AVGO,2026-03-10,5,0.0013168073136426651,0.011575539146741778,False,False,False,341.28,342.46,58,341.59,629,632
AVGO,2026-03-11,4,0.0028863815271582527,0.002944692265080588,True,False,False,342.99,343.2153,64,342.65,136,139
AVGO,2026-03-11,7,0.00026343519494197105,0.012205830698981431,False,False,False,341.64,342.94,55,341.7,190,194
AVGO,2026-03-11,6,0.003913665702853398,0.007914950787114216,True,False,False,342.39,343.59,47,342.82,226,227
AVGO,2026-03-11,4,0.004100881689563189,0.0018743958522511248,True,False,False,341.39,342.915,60,341.76,305,309
AVGO,2026-03-12,6,0.0050615472161490245,0.0036239480068287052,True,True,False,333.89,335.433,33,334.2801,233,237
AVGO,2026-03-12,4,0.0004893020773096203,0.0043740640244355165,False,False,False,337.215,338.11,44,337.34,400,404
AVGO,2026-03-12,4,0.002700660439102781,5.94990182663136e-05,True,False,False,336.14,336.35,73,336.6,621,622
AVGO,2026-03-13,6,0.002593393022537743,0.003920963260265633,True,False,False,323.9,324.3193,48,323.84,378,380
AVGO,2026-03-13,6,0.0019817640634967946,0.004536586948160592,False,False,False,323.7015,324.3193,49,323.84,380,381
AVGO,2026-03-13,6,0.006235145229496677,0.00018520233354923427,True,True,False,323.97,324.725,58,324.1,421,422
AVGO,2026-03-16,6,0.0,0.005538802387839111,False,False,False,324.98,325.04,72,324.9,133,137
AVGO,2026-03-16,5,0.005948567767914306,0.00088465879625399,True,True,False,327.81,328.75,35,328.03,361,366
AVGO,2026-03-16,7,0.005948567767914306,0.00088465879625399,True,True,False,327.81,328.75,38,328.03,364,366
AVGO,2026-03-16,4,0.0019509815876113984,0.0017071088891598655,False,False,False,328.04,328.3,46,328.03,473,477
AVGO,2026-03-16,4,0.0019509815876113984,0.0017071088891598655,False,False,False,328.04,328.3,47,328.03,474,477
AVGO,2026-03-17,6,0.008831825398048703,0.003652953960449459,True,True,True,324.395,325.15,51,324.5,188,191
AVGO,2026-03-17,6,0.008831825398048703,0.003652953960449459,True,True,True,324.395,325.15,50,324.5,189,191
AVGO,2026-03-17,4,0.0015107166462091026,0.00270670065779107,False,False,False,317.73,318.78,40,318.0,331,335
AVGO,2026-03-17,4,0.005802106180098648,0.0006999860002800651,True,True,False,321.435,321.75,62,321.43,487,488
AVGO,2026-03-18,7,0.005890548115238543,0.004466050666093578,True,True,False,322.4997,323.01,63,322.0,138,139
AVGO,2026-03-18,6,0.004665629860031105,0.007589424572317256,True,False,False,321.5,323.01,62,321.9315,139,140
AVGO,2026-03-18,4,0.003989956756005993,0.002082325827473065,True,False,False,321.1313,323.01,59,321.3861,143,144
AVGO,2026-03-18,5,0.005975846317502112,0.0015174269444966323,True,True,False,319.62,319.9197,33,320.22,270,271
AVGO,2026-03-18,4,0.003001688449752922,0.00028140829216444197,True,False,False,319.82,320.2,53,319.86,374,376
AVGO,2026-03-18,6,0.003802281368821407,0.0009741382019294292,True,False,False,318.23,318.35,53,318.47,512,513
AVGO,2026-03-18,6,0.004812715701484919,0.00148814235506452,True,False,False,315.83,316.76,55,315.94,611,616
AVGO,2026-03-19,6,0.0060889175257731526,0.008279639175257893,True,True,False,310.4,311.91,69,311.0,218,219
AVGO,2026-03-19,5,0.0017061908116146698,0.003365422243093022,False,False,False,319.425,319.39,42,319.46,583,584
AVGO,2026-03-20,5,0.010010388138634453,0.0005351465357130325,True,True,True,317.67,318.55,54,318.2,187,188
AVGO,2026-03-23,7,0.039211664754642266,0.0066262029666547375,True,True,True,315.4597,317.25,24,315.0,165,166
AVGO,2026-03-23,6,0.009591798226303577,0.019183596452606973,True,True,True,317.98,318.49,35,317.86,252,253
AVGO,2026-03-23,6,0.007239113969053751,0.0010047454902386518,True,True,False,323.465,324.5,49,323.64,632,636
AVGO,2026-03-24,6,0.003943964157253739,0.0029658610462548044,True,False,False,316.94,319.0286,39,318.11,162,163
AVGO,2026-03-24,6,0.001255020080321392,0.0026982931726906275,False,False,False,318.72,319.56,46,318.97,475,478
AVGO,2026-03-25,5,0.0069033835866636585,0.0014549732223014188,True,True,False,323.03,322.61,74,322.2,130,134
AVGO,2026-03-25,6,0.00638842897753902,0.008965668051607274,True,True,False,320.11,321.16,53,320.7,211,213
AVGO,2026-03-25,7,0.00638842897753902,0.008965668051607274,True,True,False,320.11,321.16,53,320.7,212,213
AVGO,2026-03-25,6,0.005555382166599137,0.0024968009737522377,True,True,False,320.41,321.38,36,320.51,293,296
AVGO,2026-03-25,5,0.0020351931867993527,0.0044461143465464835,False,False,False,319.38,320.1499,48,319.5967,424,426
AVGO,2026-03-26,5,0.0009554444409057975,0.0035669925793815234,False,False,False,313.99,314.87,73,313.61,107,109
AVGO,2026-03-26,7,0.003352062316434719,0.0019473885838335258,True,False,False,313.24,314.9,55,313.61,258,263
AVGO,2026-03-27,5,0.012045432228077663,0.006415501947563211,True,True,True,305.51,306.41,57,305.65,198,203
AVGO,2026-03-27,6,0.012045432228077663,0.006415501947563211,True,True,True,305.51,306.41,57,305.65,202,203
AVGO,2026-03-27,5,0.004551301078460458,0.005474753471191666,True,False,False,303.21,306.4,47,303.33,218,222
AVGO,2026-03-30,6,0.020102680357380893,0.0006000800106681118,True,True,True,299.96,302.8848,64,300.05,213,218
AVGO,2026-03-30,5,0.007711821410451456,0.0013529511246407379,True,True,True,295.65,296.36,45,295.9,359,360
AVGO,2026-03-31,6,0.0016313213703099511,0.0035236541598694425,False,False,False,306.5,307.42,37,306.96,462,467
AVGO,2026-03-31,6,0.0016313213703099511,0.0035236541598694425,False,False,False,306.5,307.64,38,307.04,466,467
AVGO,2026-03-31,6,0.0017774617845716684,0.0025853989593769555,False,False,False,309.43,309.5,44,309.48,581,582
AVGO,2026-03-31,5,0.0014552275005660688,0.00038806066681759384,False,False,False,309.23,309.72,80,309.5,642,643
AVGO,2026-04-01,5,0.01480137509549285,0.0039788642729819195,True,True,True,314.16,314.7999,66,314.52,185,186
AVGO,2026-04-01,6,0.015529950619051006,0.0032364003594234627,True,True,True,314.3925,314.7999,67,314.52,186,187
AVGO,2026-04-02,5,0.0022353714661407192,0.013149243918474688,False,False,False,304.2,304.38,55,304.35,196,200
AVGO,2026-04-02,6,0.005967518777177571,0.01726182632757942,True,True,False,303.56,304.4,60,303.52,234,235
AVGO,2026-04-02,4,0.005485516312193361,0.005100567799056796,True,True,False,311.73,312.87,55,312.2,367,370
AVGO,2026-04-02,5,0.0012487189341532522,0.004486933128362831,False,False,False,312.24,312.595,65,312.53,484,485
AVGO,2026-04-02,4,0.00035176361485068214,0.003261808064980457,False,False,False,312.71,312.82,73,312.82,525,527
AVGO,2026-04-02,6,4.764569509956498e-05,0.004332880326165038,False,False,False,312.725,313.13,74,312.79,557,559
AVGO,2026-04-02,4,0.00041447473298260947,0.003315797863861057,False,False,False,313.65,313.68,67,313.255,629,634
AVGO,2026-04-06,6,0.010334268946159764,0.0024559836693035172,True,True,True,313.52,315.72,77,313.64,223,226
AVGO,2026-04-06,6,0.010334268946159764,0.0024559836693035172,True,True,True,313.52,315.72,77,313.64,224,226
AVGO,2026-04-06,6,0.002281051211206,0.00438540127224831,False,False,False,311.26,311.94,38,311.42,290,291
AVGO,2026-04-07,6,0.0016370656370655527,0.014517374517374483,False,False,False,323.75,324.3,35,324.1,313,314
AVGO,2026-04-07,5,0.003767292490118486,0.005280385375494184,True,False,False,323.84,325.5,38,324.4,338,342
AVGO,2026-04-07,6,0.003767292490118486,0.005280385375494184,True,False,False,323.84,325.5,38,324.4,339,342
AVGO,2026-04-07,5,0.0002959543046552603,0.02338039006777364,False,False,False,337.89,335.34,48,336.71,850,851
AVGO,2026-04-08,5,0.004224137931034561,0.0012931034482758293,True,False,False,348.0,348.31,67,348.2,241,243
AVGO,2026-04-08,4,0.0054920502212677256,0.0026090842258514775,True,True,False,346.865,347.91,48,347.16,336,341
AVGO,2026-04-08,5,0.0054920502212677256,0.0026090842258514775,True,True,False,346.865,348.06,49,347.16,337,341
AVGO,2026-04-08,4,0.007533393214151255,0.004259264624924021,True,True,True,345.13,346.23,46,345.55,392,395
AVGO,2026-04-08,6,0.00047097777841198746,0.0024119771076256363,False,False,False,350.335,350.94,66,350.4,704,707
AVGO,2026-04-08,7,0.00047097777841198746,0.0024119771076256363,False,False,False,350.335,350.94,66,350.65,706,707
AVGO,2026-04-09,4,0.0,0.002756798667547252,False,False,False,348.23,348.29,63,348.24,152,153
AVGO,2026-04-13,5,0.003072799020274851,0.008632467002313309,True,False,False,367.45,368.0,57,367.5,166,170
AVGO,2026-04-13,4,0.0016853779867888237,0.017750835893114342,False,False,False,367.87,367.84,61,368.0109,261,262
AVGO,2026-04-14,6,0.02906731377927828,0.0004465604557924169,True,True,True,379.12,379.3368,80,379.37,217,218
AVGO,2026-04-14,6,0.00031628887717449804,0.004727200843436992,False,False,False,379.4,379.5,73,379.45,657,658
AVGO,2026-04-15,7,0.0045182278219560055,0.021777858101827953,True,False,False,387.32,388.72,63,387.09,285,286
AVGO,2026-04-16,5,0.004200095571036986,0.0009039008073237437,True,False,False,397.61,398.13,61,398.11,428,429
AVGO,2026-04-16,6,0.002442519328112004,0.0019894734191241797,False,False,False,397.09,397.86,74,397.53,514,517
AVGO,2026-04-17,4,0.002942853689801959,0.005664761898089422,True,False,False,399.6461,399.68,71,399.78,156,157
AVGO,2026-04-17,5,0.0036023949715534736,0.004173809346351661,True,False,False,402.51,402.91,51,402.86,272,273
AVGO,2026-04-17,5,0.0025073856160472453,0.0004716864030187873,True,False,False,402.81,403.4,72,403.07,364,368
AVGO,2026-04-17,6,0.003524097880577793,0.0029781108849952563,True,False,False,402.94,403.18,74,403.11,451,452
AVGO,2026-04-17,5,0.0012187235735960033,0.005173357210366572,False,False,False,402.06,403.18,74,402.54,456,457
AVGO,2026-04-20,5,0.007527042520313141,0.0002741638004086456,True,True,True,401.22,402.24,52,401.35,296,297
AVGO,2026-04-20,6,0.0001004016064256115,0.003840361445783207,False,False,False,398.4,398.6,67,398.45,645,647
AVGO,2026-04-21,5,0.0017005101530459309,0.0008002400720215895,False,False,False,399.88,399.8596,63,399.98,138,140
AVGO,2026-04-21,6,0.007533359324890281,0.0035088601863845705,True,True,True,397.565,399.24,72,398.2,220,221
AVGO,2026-04-21,5,0.0028749953323956583,0.0012319986059422454,True,False,False,401.705,402.44,65,401.96,407,408
AVGO,2026-04-21,6,0.005581998056268556,0.005158364275212423,True,True,False,401.29,401.895,79,401.5747,588,591
AVGO,2026-04-21,6,0.0027489691365737,0.008371860552292948,True,False,False,400.15,401.895,79,401.42,591,592
AVGO,2026-04-22,6,0.002758756588994543,0.007685107640770492,True,False,False,405.98,408.31,76,406.5,191,193
AVGO,2026-04-22,7,0.0013935993093667084,0.009064561879509185,False,False,False,405.425,408.31,76,406.3,193,194
AVGO,2026-04-23,5,0.0010360986177502477,0.008736195163303222,False,False,False,424.67,426.57,46,425.09,293,297
AVGO,2026-04-23,5,0.003217715861544306,0.0018067706352224964,True,False,False,420.64,422.08,57,420.72,540,545
AVGO,2026-04-23,6,0.003217715861544306,0.0018067706352224964,True,False,False,420.64,421.88,57,420.72,542,545
AVGO,2026-04-23,5,0.0015205439430558887,0.002392271880466104,False,False,False,421.6912,421.19,78,421.2,724,726
AVGO,2026-04-23,4,0.00030821024680527143,0.0021574717276369,False,False,False,421.79,421.19,78,421.09,726,728
AVGO,2026-04-24,6,0.00037553396235277895,0.004435994930291476,False,False,False,426.06,426.43,38,426.05,146,151
AVGO,2026-04-24,5,0.0022042960322671366,0.0017451458587374026,False,False,False,426.44,426.67,68,426.9,183,184
AVGO,2026-04-24,5,0.003540818538770977,0.015007347096090425,True,False,False,415.13,414.95,27,415.59,351,352
AVGO,2026-04-24,5,0.0017252488687782808,0.016856711915535477,False,False,False,414.375,414.95,29,414.44,359,361
AVGO,2026-04-24,5,0.0007014540309829057,0.0036499387713853555,False,False,False,420.555,420.88,49,420.54,517,521
AVGO,2026-04-27,7,0.010875974486180096,0.0014538152610440952,True,True,True,423.3,424.0,80,423.87,161,163
AVGO,2026-04-27,6,0.006451304597151842,0.009175188760393844,True,True,False,418.52,420.34,57,419.2,248,250
AVGO,2026-04-27,5,0.0014648320245899999,0.010782124246572074,False,False,False,416.43,420.6204,62,417.9001,264,266
AVGO,2026-04-27,5,0.003027899935116408,0.0023790642347343597,True,False,False,416.13,416.21,62,416.32,391,392
AVGO,2026-04-27,5,0.0019726238302581085,0.0034400635088647955,False,False,False,415.69,416.21,64,415.89,393,398
AVGO,2026-04-27,4,0.0017058696331178481,0.0003820186924870826,False,False,False,416.21,416.1599,69,416.21,528,529
AVGO,2026-04-28,6,0.0005283018867924013,0.010314465408805089,False,False,False,397.5,398.7321,33,398.01,235,238
AVGO,2026-04-28,5,0.002459555868167102,0.018639469453376245,False,False,False,398.08,399.34,39,398.08,292,294
AVGO,2026-04-28,6,0.0015508529691328926,0.00242633448396625,False,False,False,399.78,400.59,76,400.25,693,694
AVGO,2026-04-29,5,0.0073575258760443666,0.005437086918568417,True,True,False,400.95,402.22,74,402.0,212,217
AVGO,2026-04-29,6,0.003205770386695985,0.009642356241234279,True,False,False,399.28,402.22,70,401.0,217,218
AVGO,2026-04-29,6,0.0026414621932898097,0.0063720580871307365,True,False,False,399.4,402.22,64,399.95,244,247
AVGO,2026-04-29,5,0.003519808282782816,0.002246686137946614,True,False,False,400.59,401.68,43,400.65,292,296
AVGO,2026-04-29,4,0.001093885556938635,0.0041115008864244795,False,False,False,397.665,398.11,49,398.26,494,495
AVGO,2026-04-29,4,0.0037422552664188127,0.01546468401486991,True,False,False,403.5,404.48,34,403.77,617,618
AVGO,2026-04-29,5,0.0008637027371298181,0.01839873240749379,False,False,False,402.3375,404.48,35,403.9,618,619
AVGO,2026-04-29,4,0.010759771629336907,0.0025374518128140427,True,True,True,409.86,410.25,43,409.7,696,697
AVGO,2026-04-29,5,0.0009111340581910952,0.007082548745672163,False,False,False,411.575,413.12,42,412.0,789,794
AVGO,2026-04-30,6,0.00494149501982396,0.009235083647616268,True,False,False,413.64,414.2,43,413.5,226,227
AVGO,2026-04-30,6,0.008373466276227535,0.012511797875172469,True,True,True,413.21,414.2,61,413.4,249,253
AVGO,2026-04-30,6,0.0066185027152832095,0.01430372381691228,True,True,False,412.48,414.2,61,413.0,252,254
AVGO,2026-04-30,6,0.0066185027152832095,0.01430372381691228,True,True,False,412.48,414.2,61,413.0,253,254
AVGO,2026-04-30,4,0.003841198064814101,0.00743903921425626,True,False,False,411.33,414.24,55,411.596,269,274
AVGO,2026-05-04,6,0.0011020603737421648,0.015404887398179221,False,False,False,417.4,419.79,74,418.6,228,229
AVGO,2026-05-04,5,0.008830970452050325,0.0010024344837461432,True,True,True,418.98,420.04,42,419.27,276,278
AVGO,2026-05-05,6,0.0001904036557502878,0.005688309215536906,False,False,False,420.16,420.31,35,420.59,246,247
AVGO,2026-05-05,5,0.001333333333333307,0.0024347826086956784,False,False,False,431.25,431.67,61,431.6225,487,488
AVGO,2026-05-06,5,0.00032255091696627776,0.010045157128375165,False,False,False,434.04,434.0,53,433.64,126,129
AVGO,2026-05-06,7,0.016676648085870938,0.008154051688395496,True,True,True,434.14,436.0541,75,434.44,280,281
AVGO,2026-05-06,6,0.021686300830883895,0.0011572198949244335,True,True,True,432.07,436.0541,74,433.18,284,289
AVGO,2026-05-06,6,0.0030554963405102454,0.002557853099315496,True,False,False,422.19,423.74,44,422.28,400,404
AVGO,2026-05-06,5,0.0030554963405102454,0.002557853099315496,True,False,False,422.19,423.74,44,422.28,401,404
AVGO,2026-05-06,5,0.002393194796578421,0.00232210980262071,False,False,False,422.03,422.26,56,422.13,609,610
AVGO,2026-05-07,6,0.01244470370910506,0.002187545573866067,True,True,True,411.42,415.0,50,413.65,488,489
AVGO,2026-05-08,6,0.0140549561957001,0.006330767415326008,True,True,True,419.9017,420.2,72,419.98,229,232
AVGO,2026-05-08,7,0.003057367774862134,0.02005344375165517,True,False,False,415.39,420.2,74,419.2858,249,252
AVGO,2026-05-08,5,0.003057367774862134,0.02005344375165517,True,False,False,415.39,420.2,74,419.2858,250,252
AVGO,2026-05-08,6,0.001922264214160254,0.006572620228123257,False,False,False,421.4301,422.405,33,421.56,310,311
AVGO,2026-05-08,5,0.004537448530869798,0.0022278988930492846,True,False,False,428.655,429.6896,57,429.4,493,494
AVGO,2026-05-08,5,0.0002572678157962758,0.00439694085179034,False,False,False,427.57,428.22,55,427.5301,555,558
AVGO,2026-05-08,5,0.001140861466821907,0.000465657741559927,False,False,False,429.5,429.5,79,429.3346,759,760
AVGO,2026-05-11,4,0.00020980488146031615,0.0026806070354568976,False,False,False,428.97,429.44,72,429.57,511,512
AVGO,2026-05-12,5,0.004220590920573241,0.00032073085005031126,True,False,False,422.7844,423.45,77,423.0,133,138
AVGO,2026-05-12,6,0.0015935307408729122,0.02114401236770124,False,False,False,420.45,421.8368,61,420.8,220,223
AVGO,2026-05-13,6,0.023637240713941174,0.007380607814761221,True,True,True,414.6,418.3,37,418.0,244,245
AVGO,2026-05-13,4,0.0021373679154658657,0.005235350624399632,False,False,False,416.4,417.51,80,416.53,565,569
AVGO,2026-05-14,5,0.004303518556772017,0.0034198627464481837,True,False,False,435.69,436.71,32,436.85,344,345
AVGO,2026-05-14,5,0.0018865522389787102,0.0063077973634564945,False,False,False,432.005,433.2699,53,432.285,430,432
AVGO,2026-05-15,7,0.0027648014859530242,0.002823775249593719,True,False,False,430.7,431.3175,32,431.11,149,150
AVGO,2026-05-15,5,0.002880557167730653,0.002707370864770757,True,False,False,430.75,431.3175,33,431.1,150,151
AVGO,2026-05-15,6,0.006018194541637472,0.000396547702355997,True,True,False,428.7,431.3175,45,428.776,189,193
AVGO,2026-05-15,6,0.0055156354741211335,0.007326504451317836,True,True,False,425.155,427.45,68,426.33,273,275
AVGO,2026-05-15,4,0.010139118132515942,0.012779768922423919,True,True,True,424.1,427.45,71,424.2,283,288
AVGO,2026-05-15,6,0.009598911028186476,0.0009622380248304936,True,True,True,426.09,427.6,44,426.44,344,347
AVGO,2026-05-15,6,0.000643086816720204,0.006302016954107029,False,False,False,427.625,429.3199,68,428.35,518,523
AVGO,2026-05-15,6,0.005603679749702384,0.0016988489107847378,True,True,False,428.29,429.325,68,428.8,560,561
AVGO,2026-05-18,5,0.01211438063597523,0.001447555766492676,True,True,True,421.4,423.0,38,422.59,235,238
AVGO,2026-05-18,5,0.01211438063597523,0.001447555766492676,True,True,True,421.4,423.56,39,421.86,237,238
AVGO,2026-05-18,5,0.002285044325074435,0.0032899852847930898,False,False,False,417.935,419.34,46,418.1033,345,350
AVGO,2026-05-18,4,0.002917264466762244,0.0026542324246772208,True,False,False,418.2,419.34,48,418.28,347,349
AVGO,2026-05-18,6,0.00503476384560063,0.009350275713258157,True,True,False,417.1,418.69,55,417.23,415,416
AVGO,2026-05-19,5,0.00261374636979667,0.0032913843175218145,True,False,False,413.2,413.83,59,413.73,491,492
AVGO,2026-05-19,6,0.0014648437500000555,0.0039306640624998945,False,False,False,409.6,411.6,68,410.13,617,621
AVGO,2026-05-19,6,0.0014648437500000555,0.0039306640624998945,False,False,False,409.6,411.6,69,410.38,619,621
AVGO,2026-05-20,5,0.002128422814779353,0.0004782972617482853,False,False,False,418.15,417.81,64,417.78,141,142
AVGO,2026-05-20,5,0.006288704334885518,0.0015913782343622747,True,True,False,416.62,417.36,69,417.2,729,730
AVGO,2026-05-21,7,0.003435012941774013,0.0007257069595297694,True,False,False,413.39,414.59,65,414.36,377,379
AVGO,2026-05-21,4,0.0030186674394455312,0.00011784877683602206,True,False,False,414.09,414.71,37,414.188,481,486
AVGO,2026-05-22,4,0.004974763940206241,0.00024149339515569743,True,False,False,414.09,414.35,44,414.23,352,353
AVGO,2026-05-26,4,0.013025141552298697,0.0002796094787613406,True,True,True,429.17,429.05,25,429.34,371,372
AVGO,2026-05-26,5,0.008588658383450484,0.0027513197791922506,True,True,True,427.2495,429.05,26,428.775,373,374
AVGO,2026-05-26,6,0.002654531664770583,0.0006636329161925784,True,False,False,421.92,422.6423,70,422.115,662,664
AVGO,2026-05-27,6,0.00045468686433579276,0.007298920716969419,False,False,False,417.87,420.0,23,418.1501,345,346
AVGO,2026-05-27,4,0.0014436901196712162,0.008005917936358365,False,False,False,419.065,419.65,43,419.7,476,477
AVGO,2026-05-27,5,0.0014981095284521805,0.0016881078638860598,False,False,False,420.53,421.4,70,420.58,560,565
AVGO,2026-05-28,6,0.0022172414624153855,0.017039018629648357,False,False,False,414.93,417.7,35,415.35,221,224
AVGO,2026-05-28,5,0.0007905706482680296,0.01109194576206218,False,False,False,417.42,418.2,27,418.16,270,271
AVGO,2026-05-29,5,0.01683456561922366,0.004551756007393647,True,True,True,432.8,432.79,71,432.5928,156,157
AVGO,2026-05-29,4,0.016220840172935895,0.005178831526136937,True,True,True,432.53,432.79,71,432.5,157,159
AVGO,2026-05-29,4,0.0,0.003212313096531264,False,False,False,432.71,433.57,67,432.78,213,217
AVGO,2026-05-29,6,0.00307139556377077,0.036460258780036905,True,False,False,432.8,433.58,80,433.04,267,269
AVGO,2026-05-29,6,0.0029792494685275182,0.03655605878546999,True,False,False,432.76,433.54,80,433.04,269,271
AVGO,2026-05-29,6,0.000439367311072051,0.03732309684580517,False,False,False,432.44,433.54,79,432.74,270,272
AVGO,2026-05-29,5,0.0008433432863036595,0.003282200898046629,False,False,False,438.73,439.42,32,439.15,394,395
AVGO,2026-05-29,6,0.004152304244451245,0.0010807367211586015,True,False,False,439.515,439.9999,68,439.87,477,478
AVGO,2026-05-29,5,0.00025260063839073563,0.006016487932578473,False,False,False,435.47,435.97,70,435.61,593,594
AVGO,2026-06-01,5,0.008511011669737641,0.0007019391067824717,True,True,True,455.88,457.35,52,455.89,271,275
AVGO,2026-06-01,5,0.0020623032671225196,0.003364810593726281,False,False,False,460.65,461.67,53,460.9,525,528
AVGO,2026-06-01,5,0.0020623032671225196,0.003364810593726281,False,False,False,460.65,461.67,55,460.9,527,528
AVGO,2026-06-01,4,0.010255854293148224,0.001160017346053827,True,True,True,461.2,461.3297,54,461.33,660,661
AVGO,2026-06-01,4,0.009762023559016855,0.0008894288131548,True,True,True,460.97,461.3297,57,461.08,663,664
AVGO,2026-06-01,5,0.001059322033898305,0.00211864406779661,False,False,False,472.0,473.7,64,472.11,885,890
AVGO,2026-06-02,5,0.0069587334452959875,0.0,True,True,False,487.6031,487.55,49,486.74,289,291
AVGO,2026-06-02,6,0.0069587334452959875,0.0,True,True,False,487.6031,487.55,50,486.91,290,291
AVGO,2026-06-02,5,0.00476907604726783,0.0019314316086788761,True,False,False,486.5303,487.55,51,486.96,291,292
AVGO,2026-06-02,6,0.011785607304804074,0.009823060952558015,True,True,True,484.065,486.7,46,484.21,327,328
AVGO,2026-06-02,6,0.004225733258394164,0.010418618206040916,True,False,False,480.39,486.7,43,480.5,331,336
AVGO,2026-06-02,5,0.0037292325742180753,0.011648614108231552,True,False,False,477.31,480.54,47,477.9,416,420
AVGO,2026-06-03,6,0.0010162601626016261,0.006077235772357742,False,False,False,492.0,493.6,44,492.53,152,153
AVGO,2026-06-03,6,0.03225412463995271,0.009984631199682506,True,True,True,491.255,492.3,60,491.4501,305,306
AVGO,2026-06-03,6,0.03101871783832543,0.002603686163560774,True,True,True,487.77,492.2881,53,491.0,328,329
AVGO,2026-06-03,6,0.005369155129497467,0.0014397975766802034,True,True,False,486.11,487.3927,62,486.765,678,679
AVGO,2026-06-03,5,0.0003131322863475583,0.011658155891704342,False,False,False,415.16,419.73,16,416.08,872,876
AVGO,2026-06-04,5,0.012200675951005477,0.005057647594621188,True,True,True,417.19,418.31,37,417.7,137,139
AVGO,2026-06-04,5,0.016099190234759805,0.00233077828771889,True,True,True,416.17,418.45,39,417.02,146,149
AVGO,2026-06-04,5,0.0059554444526136565,0.006519128495453827,True,True,False,408.03,409.6,28,408.8,285,286
AVGO,2026-06-04,6,0.005588380108320979,0.02658788774002957,True,True,False,406.2,407.6,33,407.0,295,300
AVGO,2026-06-04,6,0.005588380108320979,0.02658788774002957,True,True,False,406.2,407.6,36,406.74,299,300
AVGO,2026-06-04,5,0.0010299166257969983,0.007356302108876823,False,False,False,407.8,409.425,26,407.81,487,490
AVGO,2026-06-04,6,0.00047824007651838505,0.006217120994739414,False,False,False,418.2,419.0,28,420.02,715,716
AVGO,2026-06-05,6,0.012418833172851328,0.0048638372466237745,True,True,True,405.03,410.4528,49,407.12,314,317
AVGO,2026-06-05,5,0.0002292373205497618,0.00884820358517982,False,False,False,392.17,394.0,34,392.3301,507,512
AVGO,2026-06-05,5,0.012434709735243661,0.00018482556770574738,True,True,True,394.967,395.19,41,395.08,575,578
AVGO,2026-06-05,4,0.0123421872230522,2.53209429518925e-05,True,True,True,394.93,395.19,42,394.95,576,579
AVGO,2026-06-05,6,0.011839884564346427,0.0023834370450532844,True,True,True,388.095,388.57,42,388.1101,701,702
AVGO,2026-06-05,7,0.010373658133773694,1.2902559867866053e-05,True,True,True,387.52,388.57,44,387.755,704,705
AVGO,2026-06-08,6,0.012552829117517103,0.01179587459786794,True,True,True,396.325,399.01,65,398.0,325,326
AVGO,2026-06-08,5,0.0021396566480389816,0.0067965564114181864,False,False,False,397.26,398.63,39,397.3378,439,444
AVGO,2026-06-08,6,0.003726235741444936,0.0018250950570342897,True,False,False,394.5,395.77,46,394.63,563,565
AVGO,2026-06-08,4,0.0015727788279773752,0.000932577189666048,False,False,False,396.75,396.25,49,396.06,739,741
AVGO,2026-06-08,5,0.0037043442221658825,0.0008334396351218521,True,False,False,396.6694,397.12,80,397.3,822,823
AVGO,2026-06-09,6,0.0017954216747293663,0.002044785796219623,False,False,False,401.02,402.05,76,402.19,115,116
AVGO,2026-06-09,5,0.0015476012181119378,0.0026708601667415335,False,False,False,400.62,401.155,80,400.78,210,215
AVGO,2026-06-09,6,0.0051318062335711095,0.021078983602453413,True,True,False,399.45,401.0,46,399.9,304,306
AVGO,2026-06-09,6,0.005345394736842065,0.005679481907894684,True,True,False,389.12,389.47,21,389.58,643,644
AVGO,2026-06-09,7,0.005664812650130339,0.005356523526313709,True,True,False,389.245,389.47,22,389.27,644,645
AVGO,2026-06-09,6,0.004526748971193392,0.006507201646090465,True,False,False,388.8,389.47,23,388.94,645,648
AVGO,2026-06-09,6,0.0035272006385005652,0.007517829098117862,True,False,False,388.41,389.47,26,388.94,648,649
AVGO,2026-06-09,6,0.009280327240189176,0.0018151604243897134,True,True,True,391.15,391.1,59,390.88,748,750
AVGO,2026-06-10,5,0.0021636339835056375,0.003979578478858591,False,False,False,381.95,383.55,50,382.4858,171,174
AVGO,2026-06-10,5,0.02204073085178776,0.009920946547301242,True,True,True,382.02,386.63,37,385.25,290,293
AVGO,2026-06-10,5,0.0048311120938616305,0.008596833309881284,True,False,False,373.1025,375.5,34,373.27,392,396
AVGO,2026-06-10,4,0.002690727031766631,0.008714742774527773,True,False,False,373.505,375.75,34,373.7,433,434
AVGO,2026-06-10,6,0.003866913719487628,0.002094578264722548,True,False,False,372.39,373.75,43,372.51,678,682
AVGO,2026-06-10,6,0.003866913719487628,0.002094578264722548,True,False,False,372.39,373.75,44,372.51,679,682
AVGO,2026-06-11,4,0.011455974423871083,0.0009324630345010414,True,True,True,375.35,376.03,52,375.5,228,232
AVGO,2026-06-11,5,0.011455974423871083,0.0009324630345010414,True,True,True,375.35,376.0,52,375.5,230,232
AVGO,2026-06-11,5,0.00023955921105159837,0.010380899145572086,False,False,False,375.69,377.3099,43,375.75,439,443
AVGO,2026-06-11,5,0.006260113000344873,0.0010610361017533018,True,True,False,376.99,377.1,36,377.23,509,510
AVGO,2026-06-11,6,0.005679857738142597,0.0016455662605833919,True,True,False,376.77,377.1,36,377.04,510,512
PLTR,2025-12-15,6,0.002719303022052864,0.014864688265722768,True,False,False,183.65,184.6852,42,183.83,254,259
PLTR,2025-12-15,6,0.002719303022052864,0.014864688265722768,True,False,False,183.65,184.86,41,183.83,256,259
PLTR,2025-12-15,5,0.0005673375658516265,0.0059705524787249395,False,False,False,185.075,185.56,38,185.17,366,370
PLTR,2025-12-15,6,0.0005150631681244582,0.00507504589137241,False,False,False,185.22,185.6882,61,185.35,402,406
PLTR,2025-12-16,5,0.006553946136476278,0.007710524866442726,True,True,False,181.57,181.94,61,181.87,170,171
PLTR,2025-12-17,6,0.004893445748421845,0.00021448544676513692,True,False,False,188.824,188.48,55,188.75,198,200
PLTR,2025-12-17,5,0.023487582826051744,0.0017771911867694296,True,True,True,185.63,186.92,26,185.75,345,349
PLTR,2025-12-17,5,0.00970655894069455,0.0015148964820737825,True,True,True,178.23,178.759,62,178.3001,645,646
PLTR,2025-12-17,4,0.0035924782486669365,0.00044905978108326737,True,False,False,178.15,178.2235,69,178.21,798,801
PLTR,2025-12-17,4,0.0035924782486669365,0.00044905978108326737,True,False,False,178.15,178.2235,69,178.21,799,801
PLTR,2025-12-18,5,0.01185177240306756,0.00032176757655388144,True,True,True,186.47,186.63,59,186.63,405,406
PLTR,2025-12-18,5,0.010908669284060295,0.00047130260955631644,True,True,True,186.2922,186.63,59,186.5808,406,407
PLTR,2025-12-18,5,0.0053642313056539,0.0003180989164253163,True,True,False,186.42,186.93,73,186.62,518,523
PLTR,2025-12-19,6,0.0016051364365971715,0.0008560727661851075,False,False,False,186.9,186.96,72,186.96,108,110
PLTR,2025-12-19,6,5.355039091795719e-05,0.02425832708578773,False,False,False,186.74,186.96,73,186.75,225,229
PLTR,2025-12-19,4,0.005188135415574786,0.00241064877895403,True,True,False,190.82,191.1,44,190.85,351,356
PLTR,2025-12-22,6,0.0005141388174806906,0.022519280205655502,False,False,False,194.5,194.82,80,194.66,240,241
PLTR,2025-12-22,4,0.008822243370457077,0.003378173306926622,True,True,True,194.395,194.79,32,194.51,294,297
PLTR,2025-12-22,6,0.008822243370457077,0.003378173306926622,True,True,True,194.395,194.79,32,194.51,295,297
PLTR,2025-12-22,6,0.007673688005356032,0.0011330277591800942,True,True,True,194.17,194.79,32,194.27,299,304
PLTR,2025-12-22,5,0.007673688005356032,0.0011330277591800942,True,True,True,194.17,194.7999,32,194.27,303,304
PLTR,2025-12-22,6,0.0014507020361639352,0.0029008859644577946,False,False,False,193.01,193.11,73,193.11,583,585
PLTR,2025-12-23,6,0.0032671522903499808,0.00015394958436199395,True,False,False,192.9203,193.35,70,192.95,115,117
PLTR,2025-12-23,5,0.0,0.017711100692816617,False,False,False,191.97,192.19,60,191.82,197,198
PLTR,2025-12-23,4,0.0010344113842174062,0.0020698576972833413,False,False,False,193.25,193.35,79,193.27,495,496
PLTR,2025-12-26,6,0.016325273371322852,0.008008624672724484,True,True,True,194.79,194.64,79,194.64,136,138
PLTR,2025-12-26,6,0.012115390861719309,0.002165911613689174,True,True,True,193.9599,194.7598,77,194.5,144,145
PLTR,2025-12-26,4,0.004192432659050325,0.0002525940677078318,True,False,False,190.82,190.84,78,190.83,369,370
PLTR,2025-12-29,6,0.0034628286981927625,0.012877394221404586,True,False,False,184.82,186.37,74,185.94,217,218
PLTR,2025-12-29,5,5.387060281199647e-05,0.005548672089640689,False,False,False,185.63,186.03,46,185.6601,320,324
PLTR,2025-12-31,6,0.006545477106340754,0.002206938117100563,True,True,False,180.5216,181.4,50,181.16,204,206
PLTR,2025-12-31,6,0.0064265927977839145,0.0023268698060941134,True,True,False,180.5,181.4,52,180.69,206,207
PLTR,2026-01-02,6,0.005483826907010763,0.001647287406397229,True,True,False,182.2997,181.88,48,181.47,171,172
PLTR,2026-01-02,5,0.00325902238845476,0.0044141641074509136,True,False,False,168.1179,168.249,47,168.26,630,631
PLTR,2026-01-02,6,0.0029749509133099304,0.004700422443029812,True,False,False,168.07,168.22,47,168.08,635,636
PLTR,2026-01-02,6,0.0026188917326349487,0.005594905065174679,True,False,False,168.01,168.5399,53,168.06,643,644
PLTR,2026-01-05,6,0.0029489588103409907,0.01631997102695856,True,False,False,172.2981,173.84,54,173.5,309,310
PLTR,2026-01-05,5,0.002638976536056497,0.003786357638689671,True,False,False,174.31,174.74,44,174.317,461,463
PLTR,2026-01-06,5,0.0,0.011640638506310207,False,False,False,173.53,175.19,80,175.1,189,192
PLTR,2026-01-06,6,0.008069977426636447,0.0014108352144469526,True,True,True,177.2,177.74,25,177.7301,360,361
PLTR,2026-01-06,6,0.0010058113544926621,0.0035901877514527493,False,False,False,178.96,178.95,32,179.05,511,512
PLTR,2026-01-06,6,0.002451253481894138,0.0004406685236769418,False,False,False,179.5,179.708,72,179.6,603,605
PLTR,2026-01-08,6,0.0121402634003576,0.012899029862880036,True,True,True,184.51,186.21,72,186.13,235,236
PLTR,2026-01-08,6,0.0016800744884960654,0.0010654261946554022,False,False,False,186.1227,186.45,68,186.3,281,285
PLTR,2026-01-08,5,0.017175097491495366,0.0007190862073733742,True,True,True,180.785,181.49,33,180.81,385,388
PLTR,2026-01-08,5,0.006733251038042805,0.002581079564583144,True,True,False,178.22,178.9799,30,178.35,440,445
PLTR,2026-01-08,6,0.006733251038042805,0.002581079564583144,True,True,False,178.22,178.9799,31,178.35,441,445
PLTR,2026-01-09,6,0.012230864615037694,0.001634539510765531,True,True,True,177.42,177.94,43,177.5,235,238
PLTR,2026-01-09,6,0.0010471500537724224,0.00718854361238473,False,False,False,176.67,176.84,24,176.8,341,342
PLTR,2026-01-09,6,0.004682357114902202,0.0036017265311983596,True,False,False,177.5815,177.7,57,177.67,422,424
PLTR,2026-01-09,6,0.005182514646237133,0.00039432176656147575,True,True,False,177.52,177.89,62,177.54,438,441
PLTR,2026-01-09,6,0.0009590432133588374,0.0018052578133815956,False,False,False,177.26,177.51,80,177.3,636,637
PLTR,2026-01-12,6,0.0,0.0033564555829045804,False,False,False,178.76,179.02,62,178.8,572,575
PLTR,2026-01-12,6,0.00027982986344309024,0.005232818446384611,False,False,False,178.68,179.24,76,178.7605,618,619
PLTR,2026-01-13,5,0.0023483365949118675,0.003410679340229319,False,False,False,178.85,178.94,78,178.89,132,133
PLTR,2026-01-13,5,0.014012393925859849,0.00016748548459134176,True,True,True,179.12,179.75,49,179.41,230,231
PLTR,2026-01-13,5,0.0029639797315022427,0.0016998555206709407,True,False,False,178.7799,178.85,46,178.8855,594,595
PLTR,2026-01-13,6,0.00010851362069689648,0.0010101834998886801,False,False,False,178.7794,178.82,65,178.7686,660,665
PLTR,2026-01-14,6,0.017847089291746512,0.022393311564013016,True,True,True,177.62,178.37,80,177.9,258,259
PLTR,2026-01-14,6,0.013542933076988381,0.004608555514716264,True,True,True,176.845,178.36,73,176.95,267,270
PLTR,2026-01-14,5,0.013542933076988381,0.004608555514716264,True,True,True,176.845,178.36,72,176.95,268,270
PLTR,2026-01-14,5,0.0007999999999999221,0.005428571428571363,False,False,False,175.0,175.2699,42,175.2,503,505
PLTR,2026-01-15,6,0.003576617860735366,0.009276852576282534,True,False,False,178.94,179.05,80,178.8,289,291
PLTR,2026-01-15,5,0.00295517730227603,0.0008356556830997551,True,False,False,179.3801,179.6724,53,179.6,473,474
PLTR,2026-01-16,4,0.0240685417958402,0.0027055972042161645,True,True,True,177.41,178.0538,65,177.98,217,219
PLTR,2026-01-16,5,0.025775774789929137,0.0003371037553583399,True,True,True,177.6901,178.1,64,177.78,219,220
PLTR,2026-01-16,5,0.009962568384681935,0.0034552260293693885,True,True,True,173.65,173.63,34,173.68,357,358
PLTR,2026-01-16,4,0.009404027000519379,0.00040385392026765805,True,True,True,173.33,173.63,41,173.5,366,368
PLTR,2026-01-16,5,0.00143724874556179,0.006367557733501449,False,False,False,170.395,171.04,54,170.5,537,540
PLTR,2026-01-16,5,0.0019265573004844656,0.0006421857668282658,False,False,False,171.29,171.1889,78,171.39,646,647
PLTR,2026-01-20,5,0.001833668520052066,0.0028392286762095693,False,False,False,169.06,169.37,62,169.02,643,647
PLTR,2026-01-20,7,0.001833668520052066,0.0028392286762095693,False,False,False,169.06,169.37,62,169.1071,644,647
PLTR,2026-01-21,6,0.011395501461726775,0.011216514527772777,True,True,True,167.61,168.22,48,168.03,283,284
PLTR,2026-01-21,6,0.017203404964581313,0.00011905470563713202,True,True,True,167.99,168.76,53,168.2,374,379
PLTR,2026-01-21,6,0.002241802284091356,0.0013023117234486172,False,False,False,166.4732,166.33,47,166.37,725,726
PLTR,2026-01-22,6,0.013951906438331645,0.0011933886270063167,True,True,True,167.59,168.97,67,168.85,274,275
PLTR,2026-01-22,4,2.711178187672138e-05,0.007172572516485384,False,False,False,165.9795,166.28,44,166.0,366,370
PLTR,2026-01-22,6,0.0016300410528856668,0.0019319005071240136,False,False,False,165.64,165.78,80,165.77,590,591
PLTR,2026-01-22,5,0.0009664753850801873,0.0021141649048625447,False,False,False,165.55,165.63,74,165.59,711,712
PLTR,2026-01-23,4,0.002022124420125937,0.010705364577138167,False,False,False,168.14,168.88,27,168.21,318,321
PLTR,2026-01-23,5,0.009239225776270302,0.0,True,True,True,171.01,171.26,42,171.04,447,452
PLTR,2026-01-23,7,0.009239225776270302,0.0,True,True,True,171.01,171.26,44,171.0901,449,452
PLTR,2026-01-23,6,0.0007361601884570082,0.0032391048292107357,False,False,False,169.8,170.06,40,169.9301,508,509
PLTR,2026-01-26,6,0.0011331106870228873,0.017352695610686943,False,False,False,167.68,168.5183,73,168.5,206,207
PLTR,2026-01-26,6,0.003958568962438362,0.00029763676409299926,True,False,False,167.99,167.96,66,168.0301,590,591
PLTR,2026-01-27,6,0.00985074626865675,0.004059701492537354,True,True,True,167.5,167.85,78,167.64,233,234
PLTR,2026-01-27,6,0.006322151736434895,0.007517441038385775,True,True,False,166.9052,167.85,79,167.0101,239,240
PLTR,2026-01-27,6,0.0003022061045632091,0.001511030522816561,False,False,False,165.45,165.49,60,165.5,680,681
PLTR,2026-01-28,6,0.008174386920980891,0.00012110202845886654,True,True,True,165.15,165.35,80,165.32,135,136
PLTR,2026-01-28,6,0.0007645446238197782,0.0015229972586049345,False,False,False,164.15,164.31,56,164.21,212,213
PLTR,2026-01-28,6,0.013938766814778698,0.00459553229046196,True,True,True,164.29,164.4,76,164.3519,274,275
PLTR,2026-01-28,6,0.01026392961876837,0.0032991202346040567,True,True,True,163.68,164.41,75,164.1,278,279
PLTR,2026-01-28,5,0.0023410547067520666,0.0018592902907837252,False,False,False,162.32,162.96,46,162.58,347,348
PLTR,2026-01-28,4,0.010301011596348482,0.0001233654083393894,True,True,True,162.12,162.605,55,162.12,397,402
PLTR,2026-01-28,5,0.010301011596348482,0.0001233654083393894,True,True,True,162.12,162.605,58,162.12,400,402
PLTR,2026-01-28,6,0.0002509276146153621,0.004653795358782524,False,False,False,159.01,159.62,33,159.09,508,512
PLTR,2026-01-28,6,0.004524886877828047,0.004458898944193008,True,False,False,159.12,159.62,63,159.16,548,552
PLTR,2026-01-28,6,0.0013869625520110886,0.007186987769511955,False,False,False,158.62,159.5699,69,158.75,572,576
PLTR,2026-01-28,5,0.00289490245437387,0.003524229074889882,True,False,False,158.9,159.46,73,158.96,602,606
PLTR,2026-01-29,5,0.0008646166134186671,0.00579073482428118,False,False,False,150.24,150.24,44,150.29,508,509
PLTR,2026-01-29,7,0.0008652246256239298,0.005158069883527492,False,False,False,150.25,150.66,53,150.2301,539,544
PLTR,2026-01-30,5,0.007885311871227405,0.012743125419181796,True,True,True,149.1,149.2614,54,149.2051,331,332
PLTR,2026-01-30,5,0.007818767187604905,0.01281105372593733,True,True,True,149.09,149.2614,54,149.1,332,333
PLTR,2026-01-30,6,0.006200876306032924,0.0037748567576676934,True,True,False,148.35,149.2768,39,148.87,351,352
PLTR,2026-01-30,4,0.0036785858314290027,0.004973786799301042,True,False,False,148.78,148.84,30,148.76,425,426
PLTR,2026-02-02,5,0.0007545616682673456,0.021402112772671178,False,False,False,145.78,145.97,64,145.75,133,135
PLTR,2026-02-02,5,0.04651714087140164,0.010188083551982922,True,True,True,148.4872,149.13,36,148.87,217,218
PLTR,2026-02-02,6,0.009299524988291874,0.010236167792868142,True,True,True,149.47,150.9233,32,149.75,307,309
PLTR,2026-02-02,5,0.0011319749633773865,0.0035956851777866027,False,False,False,150.18,150.7,53,150.21,397,400
PLTR,2026-02-03,5,0.005240706886045004,0.005911029859841553,True,True,False,164.1,164.38,53,164.25,236,237
PLTR,2026-02-03,4,0.008552229688454352,0.020403176542455735,True,True,True,163.7,164.5,66,163.8,274,278
PLTR,2026-02-03,5,0.0015872046883584085,0.010316830474330003,False,False,False,163.81,164.2,29,163.96,355,357
PLTR,2026-02-03,6,0.05772755039706774,0.008124618204031842,True,True,True,163.7,164.89,45,164.37,389,390
PLTR,2026-02-03,6,0.04394446510474776,0.0003718854592785563,True,True,True,161.34,164.89,46,161.4,391,392
PLTR,2026-02-03,5,0.00730540470649079,0.0065942591155933655,True,True,False,154.68,156.6,23,155.62,470,471
PLTR,2026-02-03,5,0.0035544271659790684,0.010092034274833227,True,False,False,157.55,157.9,24,157.83,603,604
PLTR,2026-02-03,5,0.006036728728474405,0.005084196479633896,True,True,False,157.37,158.11,31,157.37,618,619
PLTR,2026-02-04,6,0.004397985849958556,0.0003186946268086645,True,False,False,156.89,157.12,77,157.08,173,175
PLTR,2026-02-04,6,0.005260456761611452,0.01687195278419294,True,True,False,155.88,156.52,44,156.04,222,225
PLTR,2026-02-04,6,0.004430176565008011,0.0011004815409310148,True,False,False,155.75,156.48,47,155.9999,226,227
PLTR,2026-02-04,6,0.06825158382862005,0.0017974005616875701,True,True,True,153.11,155.55,39,153.86,311,312
PLTR,2026-02-04,6,0.0070984266373947955,0.006073911452616056,True,True,False,136.65,137.2,27,136.68,553,554
PLTR,2026-02-04,4,0.0031592094629344413,0.010065388288883814,True,False,False,136.11,136.7199,30,136.26,564,568
PLTR,2026-02-05,5,0.032785046728971895,0.007102803738317672,True,True,True,133.75,135.5,37,134.3701,369,373
PLTR,2026-02-05,5,0.032785046728971895,0.007102803738317672,True,True,True,133.75,135.5,36,134.3701,370,373
PLTR,2026-02-05,4,0.0046285792076961076,0.004092359819092134,True,False,False,132.222,132.4,22,132.28,554,557
PLTR,2026-02-05,5,0.0020473157415831196,0.006696239005156302,False,False,False,131.88,132.1,22,132.14,558,559
PLTR,2026-02-05,6,0.009531006721604013,0.00504993734097913,True,True,True,131.665,132.534,29,131.82,583,585
PLTR,2026-02-06,6,0.011419369006661314,0.0004392065002560123,True,True,True,136.61,137.01,31,136.69,239,240
PLTR,2026-02-06,6,0.01076765309112217,0.0006592440668034237,True,True,True,136.52,137.01,31,136.69,240,241
PLTR,2026-02-06,5,0.05809312638580941,0.008869179600886833,True,True,True,135.3,135.77,39,135.4,300,303
PLTR,2026-02-06,4,0.02267021119480131,0.00029537734455782356,True,True,True,135.42,135.95,40,135.75,388,389
PLTR,2026-02-06,6,0.007790108032630281,0.005291394135371492,True,True,True,136.07,136.68,21,136.26,531,534
PLTR,2026-02-06,5,0.005482080751593033,0.003554316091692262,True,True,False,136.1162,136.7099,56,136.1301,607,610
PLTR,2026-02-06,6,0.004745613066990265,0.0001103630945812808,True,False,False,135.915,136.5,62,136.08,620,625
PLTR,2026-02-06,6,0.004745613066990265,0.0001103630945812808,True,False,False,135.915,136.5,63,136.08,621,625
PLTR,2026-02-06,5,0.003911727802789882,0.0013285113292492315,True,False,False,135.49,135.62,65,135.57,709,710
PLTR,2026-02-09,6,0.00021968365553603643,0.009226713532513114,False,False,False,136.56,137.23,42,137.2,151,152
PLTR,2026-02-09,5,0.0044312123520045335,0.00020771307900021557,True,False,False,144.43,144.67,53,144.55,608,609
PLTR,2026-02-09,5,0.0007679419156661103,0.0053057805082378584,False,False,False,143.24,143.35,70,143.35,727,728
PLTR,2026-02-09,5,0.0,0.0024304505199912807,False,False,False,143.8005,144.07,73,143.88,813,814
PLTR,2026-02-10,7,0.010756395228573414,0.002691167344687281,True,True,True,145.03,145.57,61,145.4,253,254
PLTR,2026-02-10,6,0.011263234127668446,0.003965237783218852,True,True,True,144.985,145.38,45,145.45,341,342
PLTR,2026-02-10,6,0.0034619395203336146,0.011053180396246113,True,False,False,143.85,145.38,47,144.97,343,344
PLTR,2026-02-10,6,0.010722147269758,0.0019172051409499524,True,True,True,140.83,141.1,57,140.93,554,558
PLTR,2026-02-11,6,0.023844632260384805,0.0016184139543247208,True,True,True,139.025,139.866,30,139.0934,347,349
PLTR,2026-02-12,5,0.021622810232353712,0.0005753866451659542,True,True,True,136.43,136.62,59,136.47,270,271
PLTR,2026-02-12,6,7.897022822388774e-05,0.013188028113401374,False,False,False,126.63,127.38,35,126.85,460,465
PLTR,2026-02-12,6,0.0010894941634240183,0.009882490272373595,False,False,False,128.5,128.96,32,128.57,580,581
PLTR,2026-02-12,6,0.00031065548306921436,0.00403852127990067,False,False,False,128.76,129.13,46,128.785,690,691
PLTR,2026-02-13,6,0.002123476209201811,0.003932363350373574,False,False,False,127.15,127.55,35,127.25,186,189
PLTR,2026-02-13,6,0.010357526469234267,0.006207610863894436,True,True,True,130.34,131.04,24,130.48,390,393
PLTR,2026-02-13,6,0.005070763641867763,0.003481419813819783,True,True,False,132.13,132.67,62,132.21,618,621
PLTR,2026-02-17,6,0.005463627848891686,0.005775835154542687,True,True,False,128.12,128.77,48,128.25,182,186
PLTR,2026-02-17,5,0.0025831702544031176,0.008688845401174275,True,False,False,127.75,128.77,48,128.13,183,188
PLTR,2026-02-17,6,0.0025831702544031176,0.008688845401174275,True,False,False,127.75,128.77,49,128.13,186,188
PLTR,2026-02-17,6,0.009493424636214961,0.023111041942261296,True,True,True,128.51,128.6693,35,128.8,269,270
PLTR,2026-02-17,5,0.0009323284904048212,0.01884080491026325,False,False,False,128.71,129.16,39,129.05,326,327
PLTR,2026-02-17,5,0.005550486618005004,0.005169555961070586,True,True,False,131.52,132.13,35,131.65,421,423
PLTR,2026-02-18,6,0.006926906703225398,0.0005772422252686636,True,True,False,138.59,139.1999,70,138.98,529,532
PLTR,2026-02-18,6,0.0014740653169794625,0.0020688636027781965,False,False,False,135.34,135.73,55,135.4169,695,700
PLTR,2026-02-18,6,0.002137635678948563,0.0014029387875655152,False,False,False,135.43,135.73,56,135.47,696,699
PLTR,2026-02-19,6,0.0014951035359199898,0.0031397174254316172,False,False,False,133.77,134.0,72,133.93,189,190
PLTR,2026-02-19,6,0.007029917726252764,0.002094240837696344,True,True,False,133.7,134.0,75,133.8,243,248
PLTR,2026-02-19,6,0.005020610057708256,0.004122011541632189,True,True,False,133.43,134.0,74,133.57,244,249
PLTR,2026-02-19,6,0.012065455093884493,0.021265364602971064,True,True,True,132.61,133.25,70,132.791,328,329
PLTR,2026-02-19,5,0.0013410818059902162,0.0060348681269557615,False,False,False,134.22,134.81,33,134.41,463,467
PLTR,2026-02-19,5,0.005654438574298591,0.004387975295781099,True,True,False,134.39,134.81,59,134.4209,509,513
PLTR,2026-02-19,6,0.005808519360488785,0.002422390340252801,True,True,False,134.165,134.72,68,134.23,528,531
PLTR,2026-02-19,5,0.0,0.00757689422355582,False,False,False,133.3,133.52,57,133.47,649,650
PLTR,2026-02-19,5,0.00022104464504424086,0.009759569142167437,False,False,False,133.9096,133.96,53,133.91,684,689
PLTR,2026-02-20,6,0.0064050048409921324,0.0014649586653756816,True,True,False,134.27,134.66,53,134.5,201,202
PLTR,2026-02-20,5,0.015390334572490656,0.0006855018587359939,True,True,True,134.5,134.85,51,134.59,409,412
PLTR,2026-02-20,4,0.0075101397025687,0.019678533874117506,True,True,True,133.14,133.335,28,133.35,485,486
PLTR,2026-02-20,6,0.0005926803970957482,0.0016298710920136233,False,False,False,134.98,135.05,66,135.0,680,685
PLTR,2026-02-20,6,0.0005926803970957482,0.0016298710920136233,False,False,False,134.98,135.05,66,135.0,682,685
PLTR,2026-02-23,4,0.0008283132530121508,0.003521084337349217,False,False,False,132.8,133.0641,74,132.86,166,171
PLTR,2026-02-23,5,0.0061153203441792646,0.006036373036862958,True,True,False,129.2001,130.07,25,129.31,280,283
PLTR,2026-02-23,5,0.0023789425216790903,0.001995242114956572,False,False,False,130.31,130.74,25,130.37,367,371
PLTR,2026-02-23,5,0.0023789425216790903,0.001995242114956572,False,False,False,130.31,130.74,26,130.37,368,371
PLTR,2026-02-23,5,0.0016565220741197582,0.003775329378226436,False,False,False,129.79,130.2465,71,129.9,460,465
PLTR,2026-02-23,5,0.0008096853793955752,0.0077112893275755705,False,False,False,129.68,130.14,71,129.71,485,490
PLTR,2026-02-23,5,0.0008096853793955752,0.0077112893275755705,False,False,False,129.68,130.14,71,129.71,486,490
PLTR,2026-02-24,6,0.01265723884678483,0.01757949839831248,True,True,True,127.99,129.0,59,128.35,321,322
PLTR,2026-02-24,5,0.004202334630350244,0.006770428015564238,True,False,False,128.5,129.18,24,128.52,395,398
PLTR,2026-02-24,6,0.0020990437689495595,0.0040426028142735776,False,False,False,128.63,129.045,57,129.0,489,490
PLTR,2026-02-24,6,0.006780055015303553,0.0034481422649257536,True,True,False,129.055,129.095,52,129.23,601,602
PLTR,2026-02-25,6,0.0014686557934605992,0.032155832109453476,False,False,False,129.37,130.79,77,130.12,271,276
PLTR,2026-02-25,6,0.0014686557934605992,0.032155832109453476,False,False,False,129.37,130.79,75,130.12,273,276
PLTR,2026-02-25,4,0.006948037548968865,0.0011161209254195467,True,True,False,135.29,135.5751,43,135.37,429,434
PLTR,2026-02-25,6,0.0008104691798647398,0.0023050040895234015,False,False,False,134.49,134.7178,74,134.71,538,539
PLTR,2026-02-25,4,0.0030902311707680877,0.00429530201342277,True,False,False,134.1,134.14,39,134.22,705,707
PLTR,2026-02-26,6,0.0013454925997907522,0.007025713858573736,False,False,False,133.78,134.06,79,133.9,174,179
PLTR,2026-02-26,5,0.003501974517547119,0.0018590268981445747,True,False,False,134.21,134.3,50,134.25,225,226
PLTR,2026-02-26,4,0.004410555430963619,0.022052777154817883,True,False,False,133.77,134.09,48,133.79,243,248
PLTR,2026-02-26,5,0.008373831775700969,0.01114018691588792,True,True,True,133.75,134.12,32,134.451,308,309
PLTR,2026-02-26,5,0.006286103889292635,0.013268998793727496,True,True,False,133.469,134.12,31,134.08,309,310
PLTR,2026-02-26,5,0.0025114492539518645,0.001994386172255948,True,False,False,135.38,135.66,49,135.4,597,598
PLTR,2026-02-26,4,0.0030855127828387885,0.0027916544225682887,True,False,False,136.12,136.49,49,136.13,768,772
PLTR,2026-02-27,6,0.010192088721981947,0.004911646813075235,True,True,True,136.3901,136.85,47,136.49,420,421
PLTR,2026-02-27,4,0.005040023717758513,0.00036984879928852695,True,True,False,134.92,135.3,40,134.9193,527,532
PLTR,2026-03-02,4,0.0056113337551851,0.0014061730999087188,True,True,False,142.23,142.37,54,142.4,273,275
PLTR,2026-03-02,6,0.0005488097688139706,0.007477533100089204,False,False,False,145.77,146.315,31,146.01,505,510
PLTR,2026-03-02,6,0.0007541478129714359,0.004319210201563111,False,False,False,145.86,146.55,58,146.16,544,545
PLTR,2026-03-02,6,0.005791106514994852,0.0033781454670801835,True,True,False,145.05,145.56,55,145.12,651,656
PLTR,2026-03-03,5,0.0,0.015025161754133742,False,False,False,139.1,139.6,44,139.35,189,190
PLTR,2026-03-03,5,0.019652039163203436,0.0155666690145806,True,True,True,141.97,141.93,43,141.701,282,285
PLTR,2026-03-03,5,0.021605592035585697,0.006283979382899207,True,True,True,141.63,141.7,42,141.6001,400,401
PLTR,2026-03-03,6,0.021177137191019258,0.004745378567887357,True,True,True,141.19,141.74,42,141.2501,402,407
PLTR,2026-03-04,6,0.0012850862360500354,0.00473452823807925,False,False,False,147.85,148.31,35,147.85,233,237
PLTR,2026-03-04,5,0.008106116433308823,0.018289006498291616,True,True,True,149.27,149.4511,57,149.3,350,351
PLTR,2026-03-04,5,0.007041781235329698,0.01938166454295477,True,True,False,149.11,149.4511,61,149.25,355,358
PLTR,2026-03-04,6,0.004571735915019542,0.022925910985612453,True,False,False,148.74,149.4511,66,149.06,361,362
PLTR,2026-03-04,5,0.0051970265114136705,0.002236694954279346,True,True,False,152.01,151.9799,23,152.17,433,434
PLTR,2026-03-04,6,0.002997914494264911,0.0024758863399373834,True,False,False,153.44,154.13,68,153.73,699,701
PLTR,2026-03-05,6,0.00593197996308994,0.007447930398101737,True,True,False,151.72,153.3,56,152.0,208,212
PLTR,2026-03-05,5,0.0012566137566137417,0.027711640211640198,False,False,False,151.2,151.5018,43,151.3668,281,285
PLTR,2026-03-05,4,0.0012566137566137417,0.027711640211640198,False,False,False,151.2,151.5018,44,151.3668,282,285
PLTR,2026-03-05,5,0.00868009541478912,0.0030479724357275906,True,True,True,150.92,152.14,46,151.52,476,479
PLTR,2026-03-05,4,0.0007001633714532709,0.007835161537692014,False,False,False,149.965,150.77,30,150.0201,531,536
PLTR,2026-03-06,6,0.009343834807476617,0.0015991082151695349,True,True,True,150.709,151.1,41,150.85,257,258
PLTR,2026-03-09,6,0.009668686347814879,0.005221090627820049,True,True,True,155.14,155.97,43,155.21,291,296
PLTR,2026-03-09,4,0.009668686347814879,0.005221090627820049,True,True,True,155.14,155.97,44,155.21,292,296
PLTR,2026-03-09,4,0.009029927760577953,0.005869453044375623,True,True,True,155.04,155.97,47,155.0743,295,297
PLTR,2026-03-09,6,0.006336889751050877,0.001648884578079505,True,True,False,154.65,155.0799,41,154.77,415,419
PLTR,2026-03-09,5,0.009614450810915888,0.0006150658767925859,True,True,True,154.455,154.38,41,154.54,489,490
PLTR,2026-03-10,6,0.017976507236030958,0.010059056395612843,True,True,True,154.09,154.82,62,154.5511,289,291
PLTR,2026-03-10,5,0.005102378901331988,0.007752965343582373,True,True,False,150.91,151.95,49,151.46,374,379
PLTR,2026-03-10,5,0.005102378901331988,0.007752965343582373,True,True,False,150.91,151.95,50,151.46,375,379
PLTR,2026-03-10,5,0.00021784206184860788,0.012034445611877064,False,False,False,150.5678,151.2,37,150.7136,438,440
PLTR,2026-03-10,6,0.0026808764149070046,0.006553253458661608,True,False,False,151.07,151.8389,60,151.665,566,567
PLTR,2026-03-10,6,0.0017215122823279541,0.0019863603257631686,False,False,False,151.03,151.24,45,151.2251,660,661
PLTR,2026-03-10,6,0.0007621698644661874,0.002750439076117709,False,False,False,150.885,151.15,45,150.9201,665,668
PLTR,2026-03-11,5,0.0047080904870097804,0.006091738285751993,True,False,False,151.845,152.88,34,151.94,275,278
PLTR,2026-03-11,7,0.012203166226912891,0.0005277044854882091,True,True,True,151.6,152.24,45,151.7348,321,326
PLTR,2026-03-11,6,0.012203166226912891,0.0005277044854882091,True,True,True,151.6,152.24,47,151.7348,323,326
PLTR,2026-03-11,6,0.0025229951851236405,0.004682052133488378,True,False,False,150.575,151.3698,37,151.16,471,472
PLTR,2026-03-11,6,0.001651209638662822,0.006236945600232264,False,False,False,150.8591,151.02,51,151.03,566,567
PLTR,2026-03-12,5,0.0009126466753586361,0.0060625814863103445,False,False,False,153.4,154.1,74,153.48,532,537
PLTR,2026-03-12,5,0.002998305305696647,0.004367096858297588,True,False,False,153.42,154.01,72,153.46,561,566
PLTR,2026-03-13,5,0.022079772079772058,0.0016019166019165952,True,True,True,154.44,154.65,69,154.5064,201,202
PLTR,2026-03-13,5,0.01567253008861265,0.004232244412114897,True,True,True,151.22,152.3299,35,151.67,287,289
PLTR,2026-03-17,5,0.0010501443948544565,0.00741664478865841,False,False,False,152.36,152.4409,77,152.3485,160,163
PLTR,2026-03-17,6,0.0006569438969911596,0.02548942320325841,False,False,False,152.22,152.6218,77,152.31,186,187
PLTR,2026-03-17,5,0.002836513666838562,0.005221763795771031,True,False,False,155.12,155.45,34,155.28,311,314
PLTR,2026-03-17,6,0.002836513666838562,0.005221763795771031,True,False,False,155.12,155.45,35,155.28,312,314
PLTR,2026-03-17,5,0.002836513666838562,0.005221763795771031,True,False,False,155.12,155.45,35,155.28,313,314
PLTR,2026-03-17,6,0.00019391118867559393,0.00788572167280718,False,False,False,154.71,155.45,36,155.28,314,315
PLTR,2026-03-18,6,0.000580341655886676,0.015111577978141548,False,False,False,154.2195,154.9,38,154.7387,194,195
PLTR,2026-03-18,5,0.0033129790827594575,0.0016240093542938807,True,False,False,153.94,154.22,78,154.05,372,374
PLTR,2026-03-18,5,0.002299454700742358,0.0005912883516194955,False,False,False,152.21,152.29,76,152.35,679,681
PLTR,2026-03-19,5,0.0027015582095477357,0.01862573196149137,True,False,False,151.135,151.9,49,151.45,221,226
PLTR,2026-03-19,5,0.0027015582095477357,0.01862573196149137,True,False,False,151.135,151.9,49,151.45,222,226
PLTR,2026-03-19,6,0.0012246249627448247,0.019637712355531838,False,False,False,150.985,151.9,46,151.513,226,227
PLTR,2026-03-19,5,0.0032263320840801987,0.0029656183803160115,True,False,False,153.425,154.045,60,153.6301,423,427
PLTR,2026-03-19,5,0.001138766878152018,0.016040344883682934,False,False,False,153.675,153.77,56,153.7,540,542
PLTR,2026-03-20,6,0.012502461114392604,0.0065623154164205335,True,True,True,152.37,154.23,70,153.92,211,212
PLTR,2026-03-20,5,0.00125611529816209,0.009949755388073486,False,False,False,151.26,151.6683,29,151.245,291,292
PLTR,2026-03-20,6,0.003612716763005855,0.003612716763005668,True,False,False,152.24,152.76,35,152.38,422,425
PLTR,2026-03-23,5,0.0030558827378614354,0.030820573223400132,True,False,False,152.82,153.22,32,152.92,243,244
PLTR,2026-03-23,6,0.014522035610556781,0.001262785705265924,True,True,True,158.38,159.16,54,158.55,391,395
PLTR,2026-03-23,6,0.00012483615254984227,0.0071156606953372845,False,False,False,160.21,160.41,77,160.27,650,651
PLTR,2026-03-24,6,0.007304282681982868,0.009676613809464246,True,True,False,160.18,160.52,68,160.48,129,130
PLTR,2026-03-24,6,0.030713674568423204,0.0013714832150585668,True,True,True,158.952,160.0,70,159.6,230,231
PLTR,2026-03-24,6,0.006046182543255919,0.0011577796359426695,True,True,False,155.47,155.78,66,155.6,578,583
PLTR,2026-03-24,5,0.006046182543255919,0.0011577796359426695,True,True,False,155.47,155.78,68,155.6,580,583
PLTR,2026-03-25,6,0.0022233515436411787,0.018104433998221463,False,False,False,157.42,158.29,49,158.01,238,239
PLTR,2026-03-25,6,0.0015807777426493834,0.007840657603540819,False,False,False,158.15,158.66,41,158.26,288,289
PLTR,2026-03-25,6,0.01387574897508683,0.0010097760958688105,True,True,True,158.55,159.11,63,158.6501,329,331
PLTR,2026-03-26,6,0.0,0.01942834562697569,False,False,False,151.84,153.28,38,151.84,100,102
PLTR,2026-03-26,6,0.012540594059405956,0.002244224422442267,True,True,True,151.5,152.6019,68,152.5,182,186
PLTR,2026-03-26,6,0.010384997023218826,0.0017854071575048418,True,True,True,151.17,152.6019,71,152.5,186,187
PLTR,2026-03-26,5,0.00528923406534561,0.000535618639528549,True,True,False,149.36,149.548,31,149.63,363,364
PLTR,2026-03-26,5,0.00813144719599481,0.0001680051073553018,True,True,True,148.805,149.12,63,148.88,438,439
PLTR,2026-03-26,4,0.0016194331983804364,0.0028340080971660997,False,False,False,148.2,148.5001,40,148.23,493,498
PLTR,2026-03-26,4,0.0016194331983804364,0.0028340080971660997,False,False,False,148.2,148.5001,43,148.23,496,498
PLTR,2026-03-26,5,0.0016913605304106623,0.001217779581895723,False,False,False,147.81,148.26,60,147.87,624,628
PLTR,2026-03-27,6,0.006559414485949161,0.029897120762272897,True,True,False,144.83,145.74,58,145.1,162,164
PLTR,2026-03-27,5,0.029608147298846796,0.00600256289202122,True,True,True,148.27,145.74,58,144.8,163,165
PLTR,2026-03-27,4,0.029608147298846796,0.00600256289202122,True,True,True,148.27,145.74,58,144.8,164,165
PLTR,2026-03-27,5,0.004014952235913142,0.005481794268309554,True,False,False,144.46,145.74,58,144.68,166,167
PLTR,2026-03-27,6,0.01810430872975734,0.008877014027180552,True,True,True,144.1701,144.57,46,144.3001,256,257
PLTR,2026-03-27,6,0.0149606847122678,0.000487092060399368,True,True,True,143.71,144.62,41,143.7101,271,272
PLTR,2026-03-27,5,0.0030741777466760174,0.002939118264520556,True,False,False,142.9,143.315,53,142.96,618,622
PLTR,2026-03-30,6,0.013718662952646232,0.003621169916434612,True,True,True,143.6,144.34,58,144.2,236,237
PLTR,2026-03-30,6,0.008392693419846236,0.0002821073418437158,True,True,True,141.79,142.35,34,142.0,387,392
PLTR,2026-03-30,6,0.004033419763756859,0.0016558628637279346,True,False,False,138.84,139.28,33,138.8401,504,509
PLTR,2026-03-31,4,0.0007217610970770317,0.010104655359075981,False,False,False,138.55,138.761,53,138.6001,171,172
PLTR,2026-03-31,4,0.004298918105610047,0.009027728021781324,True,False,False,139.57,139.75,45,139.5231,241,242
PLTR,2026-03-31,4,0.005777749796820148,0.007529103375648214,True,True,False,139.7776,139.75,46,139.5231,242,243
PLTR,2026-03-31,6,0.0012217910018685319,0.015236452493891078,False,False,False,139.14,139.75,52,139.14,252,255
PLTR,2026-03-31,4,0.0014424067587060097,0.006044371179339209,False,False,False,145.59,146.185,20,145.71,508,513
PLTR,2026-03-31,6,0.0018819503849444358,0.0025662959794696323,False,False,False,146.125,146.24,64,146.11,578,582
PLTR,2026-04-01,4,0.004428373470212008,0.00042997818630914354,True,False,False,149.3099,149.37,40,149.25,190,193
PLTR,2026-04-01,5,0.005546225944505395,0.0,True,True,False,148.7498,149.31,65,148.62,225,227
PLTR,2026-04-01,7,0.005546225944505395,0.0,True,True,False,148.7498,149.31,66,148.62,226,227
PLTR,2026-04-02,5,0.004846526655896592,0.0013345508182903542,True,False,False,142.37,142.78,60,142.41,109,114
PLTR,2026-04-02,4,0.0023878081325934054,0.00849778776599486,False,False,False,142.39,142.38,48,142.31,219,221
PLTR,2026-04-02,6,0.030083643775919034,0.009910733113094795,True,True,True,142.27,142.52,61,142.39,242,243
PLTR,2026-04-02,6,0.028991626205052454,0.011540356062205237,True,True,True,142.11,142.53,62,142.39,243,244
PLTR,2026-04-02,6,0.027143260011280274,0.01882402707275795,True,True,True,141.84,142.53,65,142.05,251,253
PLTR,2026-04-06,5,0.007783667717909123,0.00342212977252896,True,True,True,149.03,149.13,46,149.26,267,268
PLTR,2026-04-06,5,0.007384037054440453,0.0038262737463918453,True,True,False,148.97,149.13,45,149.07,268,269
PLTR,2026-04-06,6,0.0016170327449129545,0.006400754615281075,False,False,False,148.42,149.13,34,148.85,304,305
PLTR,2026-04-06,6,1.9626036034830157e-05,0.0019429775674408762,False,False,False,147.7629,148.295,76,147.9,616,621
PLTR,2026-04-07,5,0.009735374144530093,0.001987384666220073,True,True,True,145.8701,146.25,46,146.2135,257,258
PLTR,2026-04-08,6,0.0011657058599878528,0.003073166055829068,False,False,False,155.4423,155.6,78,155.49,180,185
PLTR,2026-04-08,7,0.039617797133478495,0.004127530956482115,True,True,True,153.845,155.6,67,154.49,289,290
PLTR,2026-04-08,6,0.006585415535035276,0.004820070613796881,True,True,False,147.28,148.61,17,147.4,370,375
PLTR,2026-04-08,5,0.0016282033130397124,0.0009202888291094115,False,False,False,141.26,141.3,67,141.3,815,816
PLTR,2026-04-09,6,0.0049557522123893,0.0005663716814160178,True,False,False,141.25,141.4,80,141.25,186,191
PLTR,2026-04-09,6,0.012507626601586445,0.0004484441732763183,True,True,True,131.12,131.4499,38,131.53,449,450
PLTR,2026-04-09,5,0.0014605273272349736,0.004227842263048527,False,False,False,130.09,130.2875,35,130.225,514,515
PLTR,2026-04-09,6,0.01053126859578471,1.5376359462891411e-06,True,True,True,130.0698,130.3,61,130.13,546,547
PLTR,2026-04-10,5,0.012501917472004874,0.0003067955207853355,True,True,True,130.38,130.6432,65,130.44,192,195
PLTR,2026-04-10,6,0.03998447204968948,0.0013198757763974182,True,True,True,128.8,129.2386,61,129.02,302,303
PLTR,2026-04-10,5,0.00613113601749519,0.004385519584488579,True,True,False,128.035,128.7,21,128.1301,432,437
PLTR,2026-04-10,5,0.00613113601749519,0.004385519584488579,True,True,False,128.035,128.7,23,128.1301,434,437
PLTR,2026-04-10,5,0.00613113601749519,0.004385519584488579,True,True,False,128.035,128.7,24,128.1301,435,437
PLTR,2026-04-10,5,0.0011705033164261076,0.0015606710885679954,False,False,False,128.15,128.095,72,128.08,724,725
PLTR,2026-04-13,6,0.009509931743231696,0.012194186670756987,True,True,True,130.39,131.2,43,131.0,320,322
PLTR,2026-04-13,6,0.008445297504798421,0.013282149712092052,True,True,True,130.25,131.2,45,131.0,322,323
PLTR,2026-04-13,5,0.00022563176895307714,0.005941636582430746,False,False,False,132.96,133.32,50,133.0,478,479
PLTR,2026-04-15,6,0.0004426737494466746,0.02751955142393403,False,False,False,135.54,136.73,79,136.27,282,283
PLTR,2026-04-15,6,0.004122988916696353,0.0013585984983911171,True,False,False,139.85,140.17,48,140.1,472,473
PLTR,2026-04-15,6,0.0017957114186119888,0.0024294919192986084,False,False,False,142.005,142.22,79,142.08,664,668
PLTR,2026-04-15,6,0.0017957114186119888,0.0024294919192986084,False,False,False,142.005,142.22,79,142.08,667,668
PLTR,2026-04-15,6,0.0014792899408284583,0.0013384051845590145,False,False,False,141.96,142.2099,79,141.96,672,674
PLTR,2026-04-16,5,0.0010921572706469652,0.0027043894320781243,False,False,False,144.21,144.34,51,144.26,224,229
PLTR,2026-04-16,6,0.005091365601896986,0.009834007532431278,True,True,False,143.38,144.34,76,143.4,286,289
PLTR,2026-04-16,6,0.025915591210324405,0.0075940006975934,True,True,True,143.35,144.27,58,143.5,313,314
PLTR,2026-04-16,5,0.02180382655368293,0.0004900445246464233,True,True,True,142.6401,144.13,58,142.65,330,333
PLTR,2026-04-16,4,0.008304836345871992,0.00034894270360814693,True,True,True,143.29,143.385,32,143.36,490,492
PLTR,2026-04-16,6,0.009662937111991846,0.0,True,True,True,142.555,142.69,73,142.61,576,577
PLTR,2026-04-17,5,0.007665833373728415,0.01331652897712716,True,True,True,144.407,144.72,77,144.4,245,248
PLTR,2026-04-17,5,0.005139725654379141,0.002757071377514559,True,True,False,146.895,147.17,48,147.11,498,500
PLTR,2026-04-17,6,0.003750937734433492,0.0008183864147855456,True,False,False,146.63,146.71,49,146.73,652,653
PLTR,2026-04-20,6,0.004270854859819358,0.006681821312943439,True,False,False,145.17,145.6,34,145.65,301,302
PLTR,2026-04-20,5,0.002076582190832154,0.0018003046669437706,False,False,False,144.42,144.897,50,144.51,388,393
PLTR,2026-04-20,5,0.0003345729248749586,0.0015203488352122795,False,False,False,145.5587,145.67,76,145.55,675,676
PLTR,2026-04-21,6,0.01343518772266383,0.018635242532200592,True,True,True,145.96,146.9638,79,146.7,248,249
PLTR,2026-04-21,6,0.0050480344034669455,0.02902239762978687,True,True,False,144.7296,146.9638,79,146.7,249,250
PLTR,2026-04-21,6,0.014106371490280802,0.000404967602591808,True,True,True,148.16,148.8999,28,148.26,324,325
PLTR,2026-04-22,5,0.0008124576844954376,0.001895734597156406,False,False,False,147.7,147.86,70,147.8,204,206
PLTR,2026-04-22,6,0.0007448033042181951,0.011104340171981954,False,False,False,147.69,147.86,71,147.65,223,228
PLTR,2026-04-22,6,0.001287262872628711,0.015514905149051437,False,False,False,147.6,148.0,72,147.69,260,261
PLTR,2026-04-22,4,0.00013224014810903352,0.006843427664638961,False,False,False,151.24,151.4,61,151.25,463,466
PLTR,2026-04-22,5,0.008745397159389877,0.005917937927406478,True,True,True,152.08,152.33,58,152.1101,629,632
PLTR,2026-04-22,4,0.01048812664907654,0.006728232189973682,True,True,True,151.6,152.39,67,152.13,659,660
PLTR,2026-04-23,6,0.027769383163762068,0.001040932137940305,True,True,True,148.905,150.1,50,149.3113,260,263
PLTR,2026-04-23,6,0.019306327055954437,0.008997425823059272,True,True,True,147.62,149.93,50,149.21,263,264
PLTR,2026-04-24,6,0.012407472682410934,0.005428269298554883,True,True,True,141.85,142.9771,62,142.5821,280,285
PLTR,2026-04-24,6,0.003922407645129164,0.006988304093567358,True,False,False,140.22,140.7759,63,140.37,433,437
PLTR,2026-04-27,5,0.0031241124680488337,0.015478557228060259,True,False,False,140.84,140.847,75,140.82,241,242
PLTR,2026-04-27,6,0.00455066523083337,0.0029527217146629475,True,False,False,143.935,144.43,32,144.11,351,353
PLTR,2026-04-28,6,0.0001415027593038788,0.006650629687278886,False,False,False,141.34,141.49,65,141.4102,413,417
PLTR,2026-04-29,6,0.0022031127851609854,0.0012564849690852524,False,False,False,140.71,140.87,69,140.701,110,111
PLTR,2026-04-29,4,0.0007323324789456077,0.004393994873672606,False,False,False,136.55,136.91,60,136.55,403,405
PLTR,2026-04-29,5,0.004821741671537088,0.003506721215663488,True,False,False,136.88,137.09,65,137.04,494,495
PLTR,2026-04-30,4,0.004801146542458014,0.002364743819419449,True,False,False,139.55,139.93,29,139.65,348,351
PLTR,2026-04-30,5,0.00044739200573577114,0.0036207205592399747,False,False,False,139.475,139.49,45,139.51,570,575
PLTR,2026-04-30,5,0.0035158211953792715,0.0020090406830738402,True,False,False,139.37,139.595,67,139.4126,604,607
PLTR,2026-05-01,4,0.001670378619153738,0.004523942093541242,False,False,False,143.68,144.055,48,143.72,403,406
PLTR,2026-05-01,6,0.0027043894320783217,0.0018306636155605129,True,False,False,144.21,144.44,71,144.24,630,635
PLTR,2026-05-04,7,0.009193054136874323,0.0029281579843378064,True,True,True,146.85,147.16,67,147.0,113,114
PLTR,2026-05-04,6,0.002041385882513158,0.018582805799468992,False,False,False,146.91,147.551,64,147.55,322,323
PLTR,2026-05-04,4,0.004016337644656252,0.006194690265486702,True,False,False,146.9,147.5276,37,147.3225,350,351
PLTR,2026-05-04,6,0.009248979591836737,0.005441496598639511,True,True,True,147.0,147.62,33,147.1201,408,409
PLTR,2026-05-04,6,0.006410151453131483,0.0017089643880474018,True,True,False,146.58,147.52,39,146.57,416,419
PLTR,2026-05-04,5,0.0013183247135178527,0.00219720785586328,False,False,False,147.915,148.04,45,147.91,613,617
PLTR,2026-05-04,4,0.0009806242180367918,0.0022655800899467724,False,False,False,147.865,148.04,54,147.88,622,623
PLTR,2026-05-04,4,0.006086208767814011,0.032456997192050904,True,True,False,143.7348,147.84,33,144.13,721,722
PLTR,2026-05-04,4,0.020257222638052835,0.007700273764726341,True,True,True,146.2935,147.08,33,146.37,782,787
PLTR,2026-05-04,4,0.020257222638052835,0.007700273764726341,True,True,True,146.2935,147.08,34,146.37,783,787
PLTR,2026-05-05,6,0.0004969473235838535,0.005182450660229943,False,False,False,140.86,141.36,50,141.0,108,111
PLTR,2026-05-05,5,0.002931515558224081,0.0050506834316392,True,False,False,141.565,141.5,35,141.6,197,199
PLTR,2026-05-05,5,0.001414927484966315,0.006579412805093787,False,False,False,141.35,141.5,39,141.4,201,202
PLTR,2026-05-05,5,0.03230237912509607,0.0013256122235400663,True,True,True,143.33,144.22,39,143.61,312,316
PLTR,2026-05-05,5,0.007737295215954068,0.0011987358785280396,True,True,True,137.645,138.39,14,137.8,385,389
PLTR,2026-05-05,5,0.012051702166393601,0.0008556344438376613,True,True,True,137.325,137.51,36,137.4542,456,458
PLTR,2026-05-05,5,0.008056505904425552,0.0,True,True,True,135.915,136.22,50,135.965,621,623
PLTR,2026-05-05,6,0.0,0.015215303936775261,False,False,False,135.39,135.71,49,135.51,692,693
PLTR,2026-05-06,6,0.009046793475782262,0.001643988005391709,True,True,True,133.7601,133.74,45,133.8,639,640
PLTR,2026-05-06,4,0.0018091168091167748,0.00307392412655568,False,False,False,133.38,133.44,56,133.4,739,740
PLTR,2026-05-06,4,0.001779929087745166,0.0031032546310769617,False,False,False,133.3761,133.44,62,133.35,746,749
PLTR,2026-05-07,4,0.0025740972273295163,0.0007964992277709351,True,False,False,135.97,136.07,62,135.89,254,256
PLTR,2026-05-07,4,0.0025740972273295163,0.0007964992277709351,True,False,False,135.97,136.07,63,135.89,255,256
PLTR,2026-05-07,6,0.006675177822359964,0.00025533467080083905,True,True,False,137.075,137.3,58,137.155,607,609
PLTR,2026-05-07,5,0.003733255252177873,0.0032208476685454774,True,False,False,136.61,136.92,61,136.602,724,727
PLTR,2026-05-07,6,0.00315874531697647,0.0,True,False,False,136.13,136.08,57,135.8234,838,840
PLTR,2026-05-08,5,0.0005219206680584042,0.016179540709812014,False,False,False,134.12,134.45,37,134.2373,344,345
PLTR,2026-05-08,6,0.001849112426035503,0.0032544378698224686,False,False,False,135.2,135.76,41,135.33,429,430
PLTR,2026-05-08,5,0.0014640398418044919,0.00212391973048206,False,False,False,136.54,136.89,44,136.54,608,612
PLTR,2026-05-08,5,0.0014640398418044919,0.00212391973048206,False,False,False,136.54,136.89,45,136.54,609,612
PLTR,2026-05-11,6,0.0011872959335114024,0.002597209854556417,False,False,False,134.76,135.34,75,134.81,225,229
PLTR,2026-05-11,6,0.004192604815120572,0.013649591239780916,True,False,False,133.33,134.72,71,133.96,315,316
PLTR,2026-05-11,5,0.0011128433556050659,0.007646622123236832,False,False,False,134.7,134.73,29,134.91,373,374
PLTR,2026-05-11,4,0.003416771893337354,0.0026739953947858106,True,False,False,134.63,135.005,34,134.7,401,406
PLTR,2026-05-11,4,0.00139449541284402,0.005064220183486222,False,False,False,136.25,136.4298,42,136.28,685,689
PLTR,2026-05-11,5,0.001040368805969279,0.0007217237376627689,False,False,False,136.2017,136.62,63,136.26,713,717
PLTR,2026-05-12,6,0.0012590781087889742,0.0017785682525567593,False,False,False,134.94,135.02,77,134.86,126,131
PLTR,2026-05-12,4,0.003246015348288244,0.005755608028335309,True,False,False,135.52,136.35,37,135.66,286,291
PLTR,2026-05-12,5,0.003246015348288244,0.005755608028335309,True,False,False,135.52,136.37,38,135.66,290,291
PLTR,2026-05-12,4,0.006846256883464709,0.0009674058639678186,True,True,False,134.38,134.35,49,134.43,456,457
PLTR,2026-05-12,5,0.004688478163660709,0.0004464152630794377,True,False,False,134.18,134.285,53,134.21,541,542
PLTR,2026-05-13,6,0.012127564006587845,0.0008227279532862845,True,True,True,133.58,134.89,68,133.76,306,309
PLTR,2026-05-13,4,0.008166692108075267,0.0013326209738971002,True,True,True,131.02,131.32,47,131.1,511,514
PLTR,2026-05-14,6,0.0006149588746253555,0.0021523560611884165,False,False,False,130.09,130.25,69,130.16,224,226
PLTR,2026-05-14,4,0.0009759027100067221,0.004797687861271563,False,False,False,133.21,133.35,31,133.328,476,477
PLTR,2026-05-14,5,0.0024647461716852583,0.0022642931629007854,False,False,False,133.1983,133.38,47,133.25,505,506
PLTR,2026-05-14,4,0.0029971527049303588,0.002023078075827827,True,False,False,133.46,133.7,71,133.47,697,701
PLTR,2026-05-15,5,0.0002216685971253163,0.0037123815907632697,False,False,False,132.1793,132.21,42,132.12,157,159
PLTR,2026-05-15,5,0.0037868480725623942,0.001609977324262992,True,False,False,132.3,132.47,72,132.4,207,210
PLTR,2026-05-15,5,0.0037868480725623942,0.001609977324262992,True,False,False,132.3,132.47,72,132.4,209,210
PLTR,2026-05-15,5,0.003939064200217645,0.005966005027954043,True,False,False,133.255,133.83,43,133.27,375,380
PLTR,2026-05-15,6,0.0010443085185738831,0.005296136058481336,False,False,False,134.06,134.14,40,134.19,500,501
PLTR,2026-05-15,5,0.004370208510795922,0.0020369615940150788,True,False,False,135.005,135.22,50,135.122,592,593
PLTR,2026-05-15,6,0.0040956294359358126,0.0017930519237953613,True,False,False,133.85,134.3,49,133.94,677,682
PLTR,2026-05-18,6,0.012170914815631049,0.0012177684374579463,True,True,True,132.9481,133.13,64,133.2,234,235
PLTR,2026-05-18,6,0.0016591251885369447,0.010482654600301771,False,False,False,132.6,132.985,56,132.65,440,442
PLTR,2026-05-18,6,0.006821994408201245,0.0009319664492078285,True,True,False,134.125,134.1899,50,134.16,535,536
PLTR,2026-05-19,5,0.0008907363420427891,0.003934085510688845,False,False,False,134.72,134.9,53,134.7,164,165
PLTR,2026-05-19,5,0.0032662130878905577,0.021629836615028923,True,False,False,134.5595,134.99,77,134.6,226,229
PLTR,2026-05-19,6,0.002456270934127161,0.004986974320803989,False,False,False,134.35,134.99,36,134.55,361,366
PLTR,2026-05-19,5,0.002456270934127161,0.004986974320803989,False,False,False,134.35,134.99,38,134.55,363,366
PLTR,2026-05-19,7,0.002456270934127161,0.004986974320803989,False,False,False,134.35,134.99,39,134.55,364,366
PLTR,2026-05-20,7,0.000754603078780733,0.024373679444612054,False,False,False,132.52,134.44,63,133.13,241,245
PLTR,2026-05-20,5,0.000754603078780733,0.024373679444612054,False,False,False,132.52,134.44,62,133.13,242,245
PLTR,2026-05-20,4,0.00117655720806943,0.0031659549403622944,False,False,False,135.82,135.869,71,135.82,454,455
PLTR,2026-05-20,4,0.002271264327367017,0.002494138554455432,False,False,False,136.3998,136.71,66,136.59,652,653
PLTR,2026-05-21,6,0.0011082379017362813,0.0014776505356484451,False,False,False,135.35,135.39,60,135.36,135,136
PLTR,2026-05-21,6,0.0034855856510058684,0.0013434028029918107,True,False,False,137.71,137.99,69,137.8,559,562
PLTR,2026-05-21,6,0.003051216854340835,0.0003995641118780009,True,False,False,137.65,137.99,71,137.83,562,563
PLTR,2026-05-22,5,0.019439477687497392,0.0013856705194770246,True,True,True,137.1899,137.9,58,137.35,269,270
PLTR,2026-05-22,6,0.0017523364485981972,0.002700788551401878,False,False,False,136.96,137.1,54,137.03,506,507
PLTR,2026-05-26,7,0.012007115327601367,0.003705899792469612,True,True,True,134.92,136.2645,79,135.5,302,304
PLTR,2026-05-27,6,0.00029837386244959004,0.004563628226167299,False,False,False,134.06,134.5595,54,134.08,197,198
PLTR,2026-05-27,6,0.004753171900145896,0.00011227965118466095,True,False,False,133.595,133.6399,65,133.625,500,501
PLTR,2026-05-27,5,0.00015055706112624383,0.0037639265281541705,False,False,False,132.84,133.11,68,132.86,591,596
PLTR,2026-05-28,5,0.002465814839722129,0.0011208249271462097,False,False,False,133.83,134.1,80,133.87,137,141
PLTR,2026-05-28,5,0.0064676713544460735,0.014560851240570709,True,True,False,133.8658,133.9992,80,133.9,265,268
PLTR,2026-05-28,5,0.006276150627615088,0.018679019725044828,True,True,False,133.84,133.93,80,133.76,280,285
PLTR,2026-05-28,5,0.005681818181818114,0.02571770334928228,True,True,False,133.76,133.93,80,133.75,286,289
PLTR,2026-05-28,6,0.00430475583103248,0.006136146545119498,True,False,False,141.7502,142.02,25,141.84,576,580
PLTR,2026-05-28,5,0.0059976851039950764,0.017151274946511825,True,True,False,142.555,142.58,32,142.56,660,661
PLTR,2026-05-28,6,0.005543550806057251,0.017615985413702965,True,True,False,142.4899,142.58,35,142.53,663,664
PLTR,2026-05-28,5,0.0019721087477109532,0.021270601493168124,False,False,False,141.98,142.58,41,142.31,670,673
PLTR,2026-05-28,6,0.000634473034896041,0.022206556221360634,False,False,False,141.85,142.58,43,142.31,673,674
PLTR,2026-05-28,5,0.0,0.003278825995807133,False,False,False,143.1,143.14,49,143.2,731,732
PLTR,2026-05-29,7,0.003488133506600228,0.0006155529717529814,True,False,False,146.21,146.77,30,146.5,164,168
PLTR,2026-05-29,5,0.013437256599021412,0.03487921221148001,True,True,True,147.7757,147.98,50,147.69,302,304
PLTR,2026-05-29,6,0.0009239613989461318,0.05468482650058162,False,False,False,146.11,147.98,63,147.5,318,320
PLTR,2026-05-29,6,0.0037181870632733665,0.002179626899160224,True,False,False,155.99,156.19,57,156.06,582,583
PLTR,2026-05-29,6,0.002834138486312385,0.011207729468599093,True,False,False,155.25,156.51,31,156.27,696,700
PLTR,2026-05-29,6,0.002641412189150861,0.011403169694627046,True,False,False,155.22,156.51,35,156.27,700,701
PLTR,2026-06-01,5,0.035343176623216184,0.005127571508000149,True,True,True,161.87,162.43,32,162.0,212,215
PLTR,2026-06-02,6,0.015735446313065865,0.005627425614489034,True,True,True,154.6,155.48,51,155.31,320,323
PLTR,2026-06-02,6,0.018275483870967668,0.0030322580645161215,True,True,True,155.0,155.48,51,155.07,323,324
PLTR,2026-06-02,6,0.0004609508758068062,0.0049387593836428285,False,False,False,151.86,152.44,78,152.03,698,702
PLTR,2026-06-02,6,0.0004609508758068062,0.0049387593836428285,False,False,False,151.86,152.49,78,152.03,700,702
PLTR,2026-06-03,6,0.030597866201435966,0.0004026035026504883,True,True,True,149.03,150.72,52,149.05,306,307
PLTR,2026-06-03,5,0.001413134595243873,0.0042365789289696195,False,False,False,141.6001,142.16,48,141.53,696,701
PLTR,2026-06-04,5,0.0036556743392415804,0.01904795069122809,True,False,False,143.585,145.4901,65,143.7101,307,310
PLTR,2026-06-04,6,0.0036556743392415804,0.01904795069122809,True,False,False,143.585,145.48,64,143.7101,308,310
PLTR,2026-06-04,6,0.0036556743392415804,0.01904795069122809,True,False,False,143.585,145.48,63,143.7101,309,310
PLTR,2026-06-04,5,0.023797116553760718,0.004064616988014448,True,True,True,143.925,145.51,55,144.18,344,347
PLTR,2026-06-04,6,0.009028314480432972,0.0,True,True,True,142.33,142.65,42,142.4102,478,481
PLTR,2026-06-04,5,0.0014127286854558779,0.004732641096277573,False,False,False,141.57,141.9238,49,141.6214,663,664
PLTR,2026-06-05,6,0.014492753623188448,0.0022544283413848468,True,True,True,139.725,141.02,47,139.83,275,276
PLTR,2026-06-05,4,0.005713437708688953,0.0056392372189655775,True,True,False,134.77,135.01,43,134.88,657,659
PLTR,2026-06-05,4,0.0014148484622831018,0.005361531014967599,False,False,False,134.29,134.52,35,134.16,700,703
PLTR,2026-06-08,4,0.009374542258678785,0.006005566134466249,True,True,True,136.54,136.5,51,136.4897,238,239
PLTR,2026-06-08,6,0.0008787989747345627,0.005419260344196123,False,False,False,136.55,137.09,39,136.63,328,333
PLTR,2026-06-08,4,0.0041822584195465055,0.0009538484114754968,True,False,False,136.29,136.44,61,136.363,599,600
PLTR,2026-06-09,5,0.005820807544945418,0.005526083112290009,True,True,False,135.72,135.77,80,135.6156,205,210
PLTR,2026-06-09,5,0.006455002627035842,0.002026570592209039,True,True,False,133.23,134.38,24,133.63,316,320
PLTR,2026-06-09,6,7.603406326048757e-05,0.0039955900243308536,False,False,False,131.52,131.79,38,131.6405,589,590
PLTR,2026-06-10,6,0.002788536018590126,0.0040805577072037845,True,False,False,129.1,129.564,57,129.33,140,141
PLTR,2026-06-10,7,0.004028734698927372,0.020553506391073496,True,False,False,129.321,129.45,40,129.45,271,273
PLTR,2026-06-10,6,7.75795190071321e-05,0.027928626842513533,False,False,False,128.9,129.5,39,129.01,288,289
PLTR,2026-06-10,5,0.002862669245648004,0.0,True,False,False,129.25,129.4,70,129.31,773,774
PLTR,2026-06-11,6,0.0033699059561127947,0.02390282131661451,True,False,False,127.6,129.752,45,128.76,241,242
PLTR,2026-06-11,6,0.003097893432465967,0.009138785625774526,True,False,False,129.12,129.53,35,129.42,281,282
PLTR,2026-06-11,5,0.006325696212296484,0.0019370516084240385,True,True,False,129.63,129.8499,55,129.7,432,436
AMD,2025-12-15,6,0.001176636701651998,0.0016788252459170206,False,False,False,212.47,212.57,72,212.6,138,139
AMD,2025-12-15,5,0.013914437998207579,0.005235602094240902,True,True,True,212.01,212.5,52,212.08,217,221
AMD,2025-12-15,5,0.010928703221838493,0.0037375218810616075,True,True,True,211.37,212.5,49,211.64,225,227
AMD,2025-12-15,6,0.0045827842481499185,0.0014652246575432002,True,False,False,211.6399,212.73,29,211.72,303,308
AMD,2025-12-15,6,0.0031315240083507148,0.0015657620041754248,True,False,False,210.76,211.4599,65,211.14,387,388
AMD,2025-12-16,6,0.014673123486682814,0.009685230024213076,True,True,True,206.5,206.19,43,206.82,132,133
AMD,2025-12-16,6,0.0033305578684428585,0.02120781701523247,True,False,False,204.17,206.01,42,205.08,133,135
AMD,2025-12-16,6,0.004161424562082576,0.012532662343946595,True,False,False,206.66,207.14,56,206.9422,209,210
AMD,2025-12-16,5,0.009728424864212366,0.003645141822570889,True,True,True,207.125,207.4,40,207.14,260,265
AMD,2025-12-16,5,0.001544774318126928,0.0040062756456672975,False,False,False,207.15,207.6799,39,207.25,386,388
AMD,2025-12-16,4,0.005681503083616204,0.0,True,True,False,209.17,208.64,40,208.6679,609,610
AMD,2025-12-17,6,0.012387706855791984,0.0004406619385342598,True,True,True,211.5,209.74,37,211.25,140,142
AMD,2025-12-17,5,0.015957192680712835,0.0018771200611533007,True,True,True,209.31,209.76,36,209.82,223,228
AMD,2025-12-17,6,0.015863156385876025,0.0009517893831526539,True,True,True,209.29,209.76,39,209.3501,228,229
AMD,2025-12-17,5,0.0026747413575574116,0.0004683320716627942,True,False,False,198.15,198.35,46,198.66,648,649
AMD,2025-12-17,4,0.002876028053887649,4.9447499873922436e-05,True,False,False,198.19,198.35,46,198.13,649,651
AMD,2025-12-18,6,0.008995870571435007,0.002162101848797732,True,True,True,204.3382,205.27,35,204.3801,336,340
AMD,2025-12-18,5,0.009793110275193032,0.000692932092654993,True,True,True,202.04,202.07,48,202.11,631,632
AMD,2025-12-18,6,0.008123946455131368,0.00011601388200302139,True,True,True,201.7,201.8599,49,201.83,641,643
AMD,2025-12-18,6,0.006695794647733502,0.0013405491286431171,True,True,False,201.41,201.8599,49,201.67,643,644
AMD,2025-12-19,6,0.005875297521818318,0.0037802772203295015,True,True,False,214.27,214.72,80,214.32,586,588
AMD,2025-12-19,7,0.003270319591970469,0.0032754667540123936,True,False,False,213.71,214.72,80,214.05,590,591
AMD,2025-12-22,6,0.01340110905730132,0.0032255083179297942,True,True,True,216.4,217.82,59,217.76,222,223
AMD,2025-12-22,6,0.0009796966161027055,0.0030805134189031344,False,False,False,214.25,214.745,80,214.37,411,415
AMD,2025-12-22,6,0.001353622106049386,0.0021938013442867757,False,False,False,214.24,214.6299,80,214.3,479,481
AMD,2025-12-22,6,0.000785636841702533,0.00433873077662351,False,False,False,214.3484,214.584,80,214.59,601,602
AMD,2025-12-23,4,0.0034262649019055186,0.007368816295879063,True,False,False,213.06,213.21,47,213.13,217,218
AMD,2025-12-23,3,0.0025836151822622275,0.008220593761743706,True,False,False,212.88,213.21,49,212.94,219,221
AMD,2025-12-24,6,0.0027516727224594487,0.0022613678945416784,True,False,False,214.5604,215.34,69,214.6501,195,200
AMD,2025-12-24,6,0.00023277467411550915,0.0018621973929235439,False,False,False,214.8,215.2,80,214.8988,350,353
AMD,2025-12-26,6,0.0004181378925850372,0.0034844824382085113,False,False,False,215.24,215.595,28,215.32,220,221
AMD,2025-12-29,5,0.000709689629068914,0.014335257380772131,False,False,False,211.36,212.22,50,211.58,206,211
AMD,2025-12-29,5,0.0029601810318478586,0.0017600318544267477,True,False,False,213.9734,214.06,60,213.97,328,329
AMD,2025-12-29,4,0.0003271945405253491,0.0042067869496120675,False,False,False,213.94,214.2,73,214.03,389,394
AMD,2025-12-30,6,0.00267739669513638,0.005080688922091191,True,False,False,215.2464,216.2,80,215.67,142,143
AMD,2025-12-30,6,0.0017777062706578256,0.0058939123674043355,False,False,False,215.0524,216.01,79,215.0,147,148
AMD,2025-12-31,6,0.004085232811847154,0.010352351330021771,True,False,False,215.41,215.53,43,215.4,155,156
AMD,2025-12-31,4,0.0030075883768277147,0.0005085137886358592,True,False,False,216.12,216.21,64,216.1,280,281
AMD,2025-12-31,5,0.0010194624652455925,0.0032437442075995766,False,False,False,215.8,216.13,71,215.8616,353,355
AMD,2025-12-31,5,0.008635020317694886,0.0,True,True,True,216.56,216.55,62,216.53,438,439
AMD,2025-12-31,6,0.0030310095593377353,0.0025647003963628415,True,False,False,214.45,214.992,78,214.6,536,538
AMD,2026-01-02,5,0.01633681920733728,0.0026787092222557243,True,True,True,217.7168,217.9,80,217.6,103,106
AMD,2026-01-02,6,0.001018399076651478,0.010025120510557404,False,False,False,220.935,221.34,48,221.12,446,447
AMD,2026-01-05,6,0.020733094217478824,0.0024490420785583016,True,True,True,228.62,229.95,73,229.8,275,280
AMD,2026-01-05,6,0.020733094217478824,0.0024490420785583016,True,True,True,228.62,229.9999,71,229.6,276,280
AMD,2026-01-05,6,0.020733094217478824,0.0024490420785583016,True,True,True,228.62,230.04,70,229.1,277,280
AMD,2026-01-05,6,0.020733094217478824,0.0024490420785583016,True,True,True,228.62,230.0,70,229.1,278,280
AMD,2026-01-05,5,0.020733094217478824,0.0024490420785583016,True,True,True,228.62,229.94,70,229.1,279,280
AMD,2026-01-05,6,0.02148211280840924,0.0016822920081296182,True,True,True,228.795,229.89,70,229.1,280,281
AMD,2026-01-06,5,0.029770992366412195,0.0013920071845532208,True,True,True,222.7,222.81,70,222.66,248,249
AMD,2026-01-06,6,0.024007949951442047,0.0012679269146509292,True,True,True,221.385,222.87,70,222.12,250,253
AMD,2026-01-06,5,0.021277575645926423,0.002164141297839983,True,True,True,217.13,218.37,32,217.48,299,301
AMD,2026-01-06,5,0.0039512792776571,0.003184186255437313,True,False,False,213.2727,213.96,32,213.51,521,523
AMD,2026-01-07,4,0.0,0.000620910350097891,False,False,False,209.37,209.73,80,209.4,716,718
AMD,2026-01-08,6,0.016996427307914813,0.002339461608718747,True,True,True,209.4499,211.1,70,210.25,223,226
AMD,2026-01-08,6,0.007809847198641831,0.0,True,True,True,206.15,207.5,30,206.2,286,291
AMD,2026-01-08,5,0.0019079301404040232,0.001663323712147172,False,False,False,204.41,204.642,80,204.5,434,438
AMD,2026-01-08,6,0.0006865774116030914,0.0021578147221813435,False,False,False,203.91,204.114,69,203.96,550,551
AMD,2026-01-09,6,0.00019377028532684427,0.003027660708230393,False,False,False,206.43,206.87,33,206.46,363,367
AMD,2026-01-09,5,0.00019377028532684427,0.003027660708230393,False,False,False,206.43,206.87,35,206.46,365,367
AMD,2026-01-09,5,0.002665117179934128,0.0004357931435212251,True,False,False,206.52,206.9,66,206.5,399,403
AMD,2026-01-12,5,0.007451564828614009,0.029806259314456036,True,True,False,201.3,201.5,57,201.4,215,216
AMD,2026-01-12,5,0.006563245823388988,0.030727923627685,True,True,False,201.12,201.5,57,201.4,216,217
AMD,2026-01-12,5,0.0005271481286240726,0.0020127474002013513,False,False,False,208.67,208.81,73,208.71,540,542
AMD,2026-01-14,6,0.0,0.008103130755064546,False,False,False,217.2,218.33,46,217.62,131,132
AMD,2026-01-14,6,0.004396926779598207,0.008760066648153248,True,False,False,216.06,217.9358,58,217.17,262,263
AMD,2026-01-14,6,0.009983127488695362,0.0008773705878382631,True,True,True,222.255,223.5614,31,222.84,404,405
AMD,2026-01-14,5,0.005486101694915218,0.001265536723163847,True,True,False,221.25,222.03,24,221.32,423,424
AMD,2026-01-14,6,0.0006817871914911926,0.015181128130539538,False,False,False,220.01,222.09,65,221.9506,591,592
AMD,2026-01-15,5,0.004945511838592478,0.03545888222679331,True,False,False,228.49,229.5479,53,228.78,310,313
AMD,2026-01-15,5,0.0018613308515588551,0.002157451668852402,False,False,False,236.39,237.36,51,236.4,429,431
AMD,2026-01-16,6,0.0,0.004301075268817204,False,False,False,232.5,233.94,55,232.89,233,236
AMD,2026-01-16,6,0.009392719560230219,0.01185906592217462,True,True,True,231.03,233.5331,53,233.45,321,322
AMD,2026-01-16,5,0.0035692784037154213,0.004858948998021934,True,False,False,232.54,232.74,46,232.971,516,517
AMD,2026-01-16,4,0.003766655903562573,0.0016575180281992936,True,False,False,232.275,232.46,44,232.4101,530,533
AMD,2026-01-16,4,0.00451865559237428,0.0008606963033093284,True,False,False,232.37,232.46,44,232.31,533,538
AMD,2026-01-16,5,0.004265402843601812,0.0020249892287806932,True,False,False,232.1,232.46,44,232.2,538,541
AMD,2026-01-16,6,0.003836636277311905,0.0006030169814581246,True,False,False,232.0001,232.4499,44,232.01,543,544
AMD,2026-01-16,6,0.002243022904714706,0.0011646465082171497,False,False,False,231.83,232.1499,67,231.81,706,710
AMD,2026-01-20,4,0.004590417310664498,0.026849194082578992,True,False,False,226.45,226.82,68,226.5,287,288
AMD,2026-01-20,7,0.000715427994276643,0.007911791936705645,False,False,False,237.62,238.38,40,237.63,411,414
AMD,2026-01-20,5,0.0008170285960008503,0.0010750376263169211,False,False,False,232.55,232.4125,75,232.32,758,759
AMD,2026-01-21,5,0.019762529283383064,0.0048651462667440885,True,True,True,249.715,251.0,33,249.9,403,405
AMD,2026-01-22,6,0.001931491190035118,0.0029957822539319282,False,False,False,253.69,254.7699,66,253.95,544,548
AMD,2026-01-22,4,0.002303689875680234,0.005679787107280368,False,False,False,251.77,253.5147,53,252.845,718,719
AMD,2026-01-23,6,0.03225187176041458,0.005951238241505131,True,True,True,260.45,261.15,61,260.68,270,271
AMD,2026-01-23,6,0.0033984706881902966,0.026840194639684824,True,False,False,258.94,260.8,46,259.75,367,368
AMD,2026-01-23,5,0.0026838850208098244,0.0007390408028316844,True,False,False,257.09,257.5063,35,257.3001,610,613
AMD,2026-01-26,7,0.0,0.017741492326412096,False,False,False,254.77,257.49,68,256.29,122,124
AMD,2026-01-26,7,0.010741286205203784,0.004889543446244495,True,True,True,254.625,256.75,54,255.8,205,206
AMD,2026-01-26,6,0.0010292138389675833,0.0062940384767635315,False,False,False,252.62,253.1133,75,252.9,423,426
AMD,2026-01-26,5,0.0015627781844077537,0.0057565626792744455,False,False,False,252.755,253.1133,77,252.96,426,427
AMD,2026-01-26,6,0.0016609324949579463,0.002174635188041318,False,False,False,252.87,253.26,68,253.17,466,467
AMD,2026-01-27,6,0.0021788268044361744,0.0019754643607317614,False,False,False,252.7507,253.32,49,252.8317,165,169
AMD,2026-01-27,6,0.012858792149368962,0.00895736295234683,True,True,True,251.19,252.3,61,251.55,248,250
AMD,2026-01-27,6,0.010495231254239975,0.011808132806576492,True,True,True,250.59,252.3,61,251.57,250,251
AMD,2026-01-27,6,0.0013438735177865747,0.0032577075098813853,False,False,False,253.0,253.92,36,253.13,323,326
AMD,2026-01-27,5,0.0012605565620835658,0.007127177216039285,False,False,False,250.3656,250.69,65,250.4792,573,575
AMD,2026-01-27,6,0.0013134328358209452,0.004298507462686617,False,False,False,251.25,251.395,52,251.27,628,629
AMD,2026-01-28,5,0.003697217357462497,0.0005837711617047445,True,False,False,256.95,257.5,76,257.0,218,221
AMD,2026-01-28,6,0.002483247930626707,0.014584154513204528,False,False,False,253.7,256.1891,61,253.84,306,311
AMD,2026-01-28,6,0.002483247930626707,0.014584154513204528,False,False,False,253.7,256.1891,63,253.8322,308,311
AMD,2026-01-28,5,0.005109242360986845,0.0019283910856643552,True,True,False,251.505,251.8,80,251.7,575,576
AMD,2026-01-28,5,0.0007062468945558738,0.009841853832668244,False,False,False,252.1781,252.755,50,252.37,696,699
AMD,2026-01-29,4,0.0027229676400947027,0.0007892659826361035,True,False,False,253.4,255.0,51,253.3,203,206
AMD,2026-01-29,5,0.019181332806011447,0.0029234724144750284,True,True,True,252.85,253.7,52,253.3,304,305
AMD,2026-01-29,6,0.0005032536212905562,0.003646473396861217,False,False,False,248.185,248.3974,61,248.16,610,611
AMD,2026-01-30,6,0.029352226720647773,0.0026433198380566326,True,True,True,247.0,247.92,70,247.61,231,232
AMD,2026-01-30,6,0.005335537466781068,0.004624495176714383,True,True,False,238.945,239.7399,33,239.13,588,589
AMD,2026-02-02,5,0.027173213135865997,0.010372612148529758,True,True,True,232.95,234.09,28,233.49,162,163
AMD,2026-02-02,5,0.005777777777777805,0.001212121212121258,True,True,False,247.5,248.82,19,247.5603,323,327
AMD,2026-02-02,6,0.0002820647137042881,0.0022968126687352283,False,False,False,248.17,248.42,54,248.31,448,451
AMD,2026-02-02,5,0.013011525641540423,2.0079514878902265e-05,True,True,True,249.01,249.5503,37,249.1,551,554
AMD,2026-02-02,6,0.004405822995553487,0.0013603232290419181,True,False,False,246.265,246.9113,28,246.34,609,612
AMD,2026-02-03,6,0.003825005976571757,0.00653438520997695,True,False,False,250.98,250.9,57,251.1,209,210
AMD,2026-02-03,6,0.0024801082113303776,0.000875238701464031,False,False,False,251.36,251.5,67,251.43,250,255
AMD,2026-02-03,7,0.002389295954125495,0.0011150047785919127,False,False,False,251.12,251.5,72,251.3,255,259
AMD,2026-02-03,6,0.029968770019218393,0.0040438821268418456,True,True,True,249.76,251.4,59,250.2197,311,313
AMD,2026-02-03,6,0.028121065149466017,0.0009089856508112221,True,True,True,248.7388,251.3283,59,248.8,312,317
AMD,2026-02-03,5,0.0006146029664836749,0.004916823731869166,False,False,False,244.06,244.4699,29,244.1,422,423
AMD,2026-02-03,5,0.06463815105790408,0.0,True,True,True,240.57,242.36,31,241.9,711,715
AMD,2026-02-03,5,0.04436674538969171,9.810296054349658e-05,True,True,True,235.4669,242.36,31,241.9,715,716
AMD,2026-02-04,6,0.007096715494495507,0.00482212719497772,True,True,False,219.82,221.13,30,220.1,233,235
AMD,2026-02-04,6,0.038472222222222234,0.011944444444444502,True,True,True,216.0,218.94,34,217.58,378,380
AMD,2026-02-04,6,0.038472222222222234,0.011944444444444502,True,True,True,216.0,218.94,35,217.58,379,380
AMD,2026-02-04,5,0.005328685258964251,0.006374501992031878,True,True,False,200.8,201.9,39,200.87,636,638
AMD,2026-02-04,6,0.00670374416525968,0.008541066640182733,True,True,False,201.38,202.67,37,201.3901,763,764
AMD,2026-02-04,5,0.0027996070726915186,0.0029469548133595007,True,False,False,203.6,204.4,35,204.0,840,841
AMD,2026-02-05,6,0.011464896450068504,0.025422992009801863,True,True,True,198.9813,200.84,27,199.41,360,361
AMD,2026-02-05,6,0.0038488807859820688,0.03332320469968593,True,False,False,197.46,200.84,27,198.7469,361,362
AMD,2026-02-05,6,0.002561300779003533,0.007005803314686063,True,False,False,191.27,191.55,32,191.37,712,715
AMD,2026-02-05,5,0.002561300779003533,0.007345637057562613,True,False,False,191.27,191.65,32,191.31,715,717
AMD,2026-02-05,6,0.0006412997007268306,0.010047028644719942,False,False,False,187.12,192.31,28,187.26,806,807
AMD,2026-02-06,7,0.03955766202274187,0.009111191974219158,True,True,True,198.6897,197.38,46,196.8,286,287
AMD,2026-02-06,4,0.0035509562217825225,0.04743012225434988,True,False,False,197.13,198.37,50,197.3,373,375
AMD,2026-02-06,4,0.002840088572253795,0.003562144988928375,True,False,False,207.74,208.0,57,208.02,593,594
AMD,2026-02-06,6,0.0002294612753776825,0.008901933199117123,False,False,False,206.135,206.79,51,206.17,703,706
AMD,2026-02-09,6,0.0007281553398058528,0.006213592233009714,False,False,False,206.0,206.4,52,206.1,135,136
AMD,2026-02-09,6,0.013394921847249377,0.033820522448829805,True,True,True,206.9217,208.41,51,207.511,268,270
AMD,2026-02-09,7,0.013394921847249377,0.033820522448829805,True,True,True,206.9217,208.41,51,207.511,269,270
AMD,2026-02-10,6,0.004401568687028219,0.00579804659836046,True,False,False,215.9003,217.61,48,216.8,178,179
AMD,2026-02-10,5,0.0040582143856703265,0.0022851945144136848,True,False,False,214.38,215.2,80,214.75,595,597
AMD,2026-02-11,6,0.002912067828579613,0.02145592230517465,True,False,False,215.0362,216.25,42,215.58,254,256
AMD,2026-02-11,5,0.006774876499647131,0.003669724770642207,True,True,False,212.55,214.31,23,212.5454,364,369
AMD,2026-02-11,5,0.00032853052987277977,0.0023935795747877194,False,False,False,213.07,213.3,62,213.2,640,645
AMD,2026-02-12,6,0.0021814806219540447,0.00197447203527512,False,False,False,215.45,215.29,67,215.45,155,158
AMD,2026-02-12,5,0.01291450958444105,0.0009789655333240271,True,True,True,214.41,215.86,54,214.545,255,257
AMD,2026-02-12,5,0.01361039253705417,0.0022939074831336815,True,True,True,212.999,213.9,32,213.0288,305,308
AMD,2026-02-12,6,0.00339898271581122,0.004266808090061082,True,False,False,207.415,208.13,46,207.48,447,450
AMD,2026-02-12,5,0.00016923337282110385,0.008389140052704174,False,False,False,206.815,207.889,50,206.89,467,472
AMD,2026-02-13,6,0.010944309927360731,0.011011138014527817,True,True,True,206.5,206.74,43,206.59,195,197
AMD,2026-02-13,4,0.012926167998063483,0.016945049624788187,True,True,True,206.55,207.75,42,207.0,303,308
AMD,2026-02-13,5,0.012926167998063483,0.016945049624788187,True,True,True,206.55,207.75,42,207.0,304,308
AMD,2026-02-13,4,0.007509295487132207,0.016938443218547157,True,True,True,205.745,207.86,45,206.087,354,358
AMD,2026-02-13,6,0.009165847203506172,0.007344817957776346,True,True,True,205.9275,207.86,33,206.2266,380,384
AMD,2026-02-13,6,0.0024971181556194934,0.0018731988472623189,False,False,False,208.2,208.915,73,208.35,571,574
AMD,2026-02-17,7,0.004050283460685184,0.012373675129406061,True,False,False,202.85,203.8,53,203.23,126,128
AMD,2026-02-17,6,0.004148469463203035,0.003105436979346357,True,False,False,202.87,203.8,52,202.75,127,132
AMD,2026-02-17,6,0.028425159115763626,0.0034398825911920007,True,True,True,200.5301,203.14,59,200.7401,223,228
AMD,2026-02-17,5,0.030436523828594235,0.016619943932719372,True,True,True,199.76,203.02,39,202.47,608,613
AMD,2026-02-17,4,0.002281484485905582,0.0032447779355099693,False,False,False,197.24,197.38,41,197.19,720,721
AMD,2026-02-17,5,0.0,0.005028188328508351,False,False,False,196.89,197.38,50,197.15,729,734
AMD,2026-02-18,7,0.003525473963922502,0.018140937196586496,True,False,False,195.69,198.5,65,196.89,302,307
AMD,2026-02-18,7,0.003525473963922502,0.018140937196586496,True,False,False,195.69,198.5,65,196.89,305,307
AMD,2026-02-18,6,0.003525473963922502,0.018140937196586496,True,False,False,195.69,198.5,65,196.89,306,307
AMD,2026-02-18,5,0.000760296193566003,0.005918918249585146,False,False,False,201.895,202.08,44,201.97,443,444
AMD,2026-02-18,7,0.00033992352216268435,0.0063421008165597155,False,False,False,201.8101,202.08,48,201.8,447,451
AMD,2026-02-19,7,0.0005036957677562375,0.004943014419290803,False,False,False,200.1208,200.58,54,200.22,190,191
AMD,2026-02-19,6,0.0003186172816601716,0.025272097646114013,False,False,False,198.3571,200.5621,55,199.15,258,263
AMD,2026-02-20,6,0.0036724565756824272,0.0014392059553349481,True,False,False,201.5,202.3,53,202.16,166,167
AMD,2026-02-20,6,0.0036512779472816395,0.015205321862651888,True,False,False,199.93,201.4211,58,200.02,246,247
AMD,2026-02-20,6,0.015043547110055525,0.00034639746634992664,True,True,True,202.08,202.49,46,202.12,374,378
AMD,2026-02-20,6,0.00044436954694374953,0.004094619617661569,False,False,False,199.3836,199.74,73,199.53,605,606
AMD,2026-02-23,6,0.007362339587913481,0.019377268776522277,True,True,False,195.59,197.99,76,197.9378,216,219
AMD,2026-02-23,6,0.00013763932129438788,0.023974920883069153,False,False,False,194.7118,197.9534,75,197.89,219,220
AMD,2026-02-23,6,0.005263695829926416,0.0007154538021258501,True,True,False,195.68,196.4,61,195.935,399,402
AMD,2026-02-23,5,0.004443990396894338,0.0003575624457270939,True,False,False,195.77,195.975,44,196.03,466,467
AMD,2026-02-23,6,0.0004072697653108614,0.0013745354579238497,False,False,False,196.43,196.53,40,196.48,644,648
AMD,2026-02-24,5,0.03917477978674079,0.00026332869726476465,True,True,True,215.7,216.48,38,215.9,196,201
AMD,2026-02-24,5,0.03917477978674079,0.00026332869726476465,True,True,True,215.7,216.48,40,215.9,198,201
AMD,2026-02-24,5,0.0018152288143689474,0.009660361134995707,False,False,False,209.34,210.6599,20,209.5,291,294
AMD,2026-02-24,5,0.005703951029493553,0.00398812836208502,True,True,False,215.64,216.23,27,215.71,450,451
AMD,2026-02-24,6,0.004242949905061071,0.00365034342108353,True,False,False,213.295,214.16,50,213.5,557,561
AMD,2026-02-25,6,0.01093320166466807,0.0060896757659118644,True,True,True,212.655,215.04,77,214.4,288,290
AMD,2026-02-25,7,0.01093320166466807,0.0060896757659118644,True,True,True,212.655,215.04,76,214.23,289,290
AMD,2026-02-25,5,0.003338505666055295,0.0023040391216439045,True,False,False,212.67,212.71,59,212.87,557,558
AMD,2026-02-25,6,0.014928211467148497,0.0009508414947227757,True,True,True,210.34,210.8,52,210.5,731,733
AMD,2026-02-26,6,0.01595762619590653,0.0,True,True,True,207.5622,208.0,70,207.75,275,276
AMD,2026-02-26,5,0.00446241463474767,0.002884544266659991,True,False,False,202.805,203.09,44,202.84,401,405
AMD,2026-02-26,4,0.003700962250185048,0.0029114236368122546,True,False,False,202.65,203.235,48,202.6701,407,409
AMD,2026-02-26,5,0.0016478921737418445,0.003688818928624117,False,False,False,203.29,203.55,51,203.45,572,573
AMD,2026-02-26,6,0.0037403415522416993,0.0025345735518480968,True,False,False,203.19,203.575,75,203.299,612,614
AMD,2026-02-27,5,0.009454727363681914,0.006153076538269083,True,True,True,199.9,200.66,46,199.83,217,218
AMD,2026-02-27,6,0.00017524973086646765,0.00713516761384965,False,False,False,199.715,200.18,45,200.15,282,283
AMD,2026-03-02,6,0.014999226843977097,0.03195711561259738,True,True,True,194.01,194.69,56,194.2,167,171
AMD,2026-03-02,6,0.005136106831022086,0.02829994863893179,True,True,False,194.7,194.69,37,194.7509,232,233
AMD,2026-03-02,7,0.021677565521857824,0.030894392667730804,True,True,True,194.21,195.01,40,194.42,243,244
AMD,2026-03-02,6,0.0018603689731796044,0.010438737016174928,False,False,False,193.51,194.449,37,193.9,319,322
AMD,2026-03-02,6,0.0038561206220079918,0.0015673885846258246,True,False,False,197.2708,197.7399,36,197.616,600,601
AMD,2026-03-03,6,0.003569366437457238,0.007191223557818511,True,False,False,190.51,191.06,61,190.7,346,347
AMD,2026-03-03,5,0.002230678388662965,0.005799763810523499,False,False,False,190.525,190.96,52,190.6,492,494
AMD,2026-03-04,6,0.0037745604963806524,0.002481902792140588,True,False,False,193.4,193.65,46,193.75,175,176
AMD,2026-03-04,4,0.018811369509043857,0.00310077519379842,True,True,True,193.5,193.66,52,193.5,292,293
AMD,2026-03-04,6,0.016269430051813402,0.012124352331606235,True,True,True,193.0,193.84,75,193.45,316,318
AMD,2026-03-04,4,0.0006609049313675417,0.00838840874428066,False,False,False,196.7,196.75,35,196.9,422,423
AMD,2026-03-04,5,0.0019856043683294977,0.0043683296103252615,False,False,False,201.45,201.6517,52,201.46,611,612
AMD,2026-03-04,5,0.004756006935843488,0.0007926678226405578,True,False,False,201.85,202.011,69,201.87,651,656
AMD,2026-03-04,6,0.004165426956263034,0.001686006148963619,True,False,False,201.66,202.1,74,201.65,805,810
AMD,2026-03-05,5,0.003168854685377976,0.0027161611588953877,True,False,False,198.81,200.32,65,199.47,175,179
AMD,2026-03-05,6,0.017720527650292344,0.0029276311861384683,True,True,True,200.9816,202.05,53,201.26,419,422
AMD,2026-03-05,5,0.003424132467930636,0.0014320028619615056,True,False,False,195.67,196.59,52,196.31,554,557
AMD,2026-03-06,5,0.009443597560975714,0.002540650406504065,True,True,True,196.8,197.56,66,197.53,203,204
AMD,2026-03-06,5,0.005972869001822266,0.0018728487548086887,True,True,False,197.56,197.82,46,197.82,505,506
AMD,2026-03-06,4,0.011232513019503813,0.003777698355968433,True,True,True,195.86,196.55,43,195.85,575,580
AMD,2026-03-09,5,0.021943242958118076,0.003822133136406694,True,True,True,189.58,189.85,57,189.2,161,163
AMD,2026-03-09,5,0.0015847860538827857,0.0162704701531959,False,False,False,189.3,189.64,63,189.2,244,246
AMD,2026-03-09,7,0.0015847860538827857,0.0162704701531959,False,False,False,189.3,189.64,62,189.2,245,246
AMD,2026-03-09,5,0.001191290903099816,0.024966415735178625,False,False,False,197.265,197.52,39,197.395,573,575
AMD,2026-03-10,6,0.005163439558229051,0.007816997634785968,True,True,False,201.8422,203.31,33,201.93,125,126
AMD,2026-03-10,5,0.0029474095414815183,0.0008301186581376822,True,False,False,204.79,205.4,29,204.83,324,327
AMD,2026-03-10,5,0.009601793634546956,0.002437003460544914,True,True,True,205.17,205.51,66,205.27,485,487
AMD,2026-03-10,6,0.003970393608156474,0.004067937846184056,True,False,False,204.01,205.51,71,205.14,490,491
AMD,2026-03-11,6,0.0012956989247311325,0.0014173998044965399,False,False,False,204.6,204.6951,69,204.59,550,551
AMD,2026-03-12,5,0.003135906125132793,0.0022113196095290577,True,False,False,197.71,197.96,69,197.8,513,515
AMD,2026-03-16,6,0.00035659391331083266,0.0031253202172352966,False,False,False,195.18,195.25,48,195.21,163,164
AMD,2026-03-16,5,0.0027370875361143092,0.006639971615388526,True,False,False,197.29,197.54,31,197.3616,285,289
AMD,2026-03-16,5,0.00012196733308262732,0.009279681258702844,False,False,False,196.774,197.54,35,197.32,289,290
AMD,2026-03-16,5,0.006699487387707421,0.0020301476932447124,True,True,False,197.03,197.9999,37,197.1068,572,577
AMD,2026-03-17,5,0.009529602595296003,0.009783049472830528,True,True,True,197.28,197.99,53,197.82,143,144
AMD,2026-03-18,5,0.007637448788629909,0.0010560922563350185,True,True,True,197.71,198.86,56,198.0,103,106
AMD,2026-03-18,4,0.0014012611350215252,0.0023521169052146875,False,False,False,199.82,200.05,45,199.9,349,351
AMD,2026-03-18,6,0.007017369233066225,0.001866321604538894,True,True,False,200.93,201.3299,27,200.93,498,501
AMD,2026-03-18,4,0.004233015509322255,0.001824566979662681,True,False,False,198.8417,199.75,66,199.13,587,588
AMD,2026-03-19,6,0.002741116751268995,0.0025380710659898475,True,False,False,197.0,197.69,57,197.0,114,116
AMD,2026-03-19,4,3.530272083115214e-05,0.01444889931159699,False,False,False,198.285,198.35,30,198.4001,325,327
AMD,2026-03-19,4,0.005714000548943193,0.0014222621453701455,True,True,False,200.385,200.7,36,200.3821,398,401
AMD,2026-03-20,6,0.009773106767508147,0.008935762695216605,True,True,True,203.62,204.5998,68,204.52,176,177
AMD,2026-03-20,5,0.00574107698269066,0.0011872117646302238,True,True,False,202.0701,202.3966,56,202.14,351,352
AMD,2026-03-20,6,0.00044444444444446127,0.001632098765432102,False,False,False,202.5,202.8,53,202.5867,694,699
AMD,2026-03-23,6,0.006997261940979594,0.03691309197850117,True,True,False,197.22,205.1,21,202.5,146,147
AMD,2026-03-23,6,0.011828737300435382,0.004837929366231253,True,True,True,206.7,207.78,42,206.76,342,346
AMD,2026-03-23,6,0.0026895236232026215,0.0016717206299519606,True,False,False,204.46,204.66,46,204.8001,566,567
AMD,2026-03-23,5,0.00019731649565899785,0.003107734806629812,False,False,False,202.72,202.78,75,202.9,706,707
AMD,2026-03-24,5,0.006674772338155375,0.004788963053025996,True,True,False,201.505,201.33,31,201.69,175,176
AMD,2026-03-24,5,0.003918895893678546,0.0017768906847114821,True,False,False,205.415,205.8,54,205.48,494,496
AMD,2026-03-25,5,0.00047619047619044914,0.00531047619047613,False,False,False,210.0,210.4,52,210.0,172,173
AMD,2026-03-25,5,0.004032988943266334,0.0012234910277323808,True,False,False,220.68,220.79,34,220.7101,544,548
AMD,2026-03-25,6,0.00372509539380938,0.0026662218430745796,True,False,False,220.6118,220.79,43,220.63,553,554
AMD,2026-03-25,4,0.0013155507167482855,0.00013609145345672808,False,False,False,220.44,220.53,68,220.61,649,650
AMD,2026-03-26,5,0.000511787318790245,0.018063081839655437,False,False,False,215.91,216.73,64,216.01,153,154
AMD,2026-03-26,6,0.01153120059518281,0.005207848972379822,True,True,True,215.06,216.31,45,215.6859,266,267
AMD,2026-03-26,6,0.00395714699353341,0.004403532477560054,True,False,False,207.22,207.99,18,207.3,343,347
AMD,2026-03-26,5,0.00395714699353341,0.004403532477560054,True,False,False,207.22,207.99,20,207.42,345,347
AMD,2026-03-26,5,0.010047224363916769,9.637625289119992e-05,True,True,True,207.52,208.25,38,207.6,408,410
AMD,2026-03-27,6,0.006435643564356492,0.0,True,True,False,202.0,201.6997,45,201.69,181,182
AMD,2026-03-27,6,0.009504752376188122,0.0037518759379689846,True,True,True,199.9,201.5464,40,200.21,254,255
AMD,2026-03-27,7,0.0009950248756218339,0.008805970149253783,False,False,False,201.0,201.31,73,201.1501,604,605
AMD,2026-03-30,6,0.010619772888921691,0.011944178745738613,True,True,True,203.865,205.55,59,204.01,228,231
AMD,2026-03-30,6,0.010619772888921691,0.011944178745738613,True,True,True,203.865,205.55,60,204.01,230,231
AMD,2026-03-30,6,0.011862455578357299,0.00015015766554883197,True,True,True,199.79,201.1,35,200.235,364,366
AMD,2026-03-31,6,0.005656565656565679,0.012272727272727307,True,True,False,198.0,199.27,69,198.65,225,227
AMD,2026-04-01,6,0.020322658319287257,0.003997110522513768,True,True,True,207.65,207.6,46,207.52,186,190
AMD,2026-04-01,5,0.020322658319287257,0.003997110522513768,True,True,True,207.65,207.6,48,207.52,188,190
AMD,2026-04-01,5,0.019708943716268326,0.004626060138781705,True,True,True,207.52,207.81,55,207.5004,195,196
AMD,2026-04-01,5,0.004862693509361257,0.0009156898212313649,True,False,False,212.845,213.345,77,212.915,475,476
AMD,2026-04-01,6,0.0029916278184758224,0.0007611074112834011,True,False,False,210.22,210.85,34,210.26,627,632
AMD,2026-04-02,5,0.002939735423811829,0.003282704556589985,True,False,False,204.1,204.6,38,204.15,112,117
AMD,2026-04-02,5,0.002939735423811829,0.003282704556589985,True,False,False,204.1,204.6,39,204.15,113,117
AMD,2026-04-02,6,0.0088576370379556,0.025379311298835222,True,True,True,202.4129,203.97,59,203.38,253,254
AMD,2026-04-02,6,0.001747930082796667,0.00045998160073594443,False,False,False,217.4,217.2299,76,217.22,701,702
AMD,2026-04-06,6,0.0010438413361168637,0.0031769084142688054,False,False,False,220.34,220.56,57,220.35,413,414
AMD,2026-04-06,6,0.00109180238376845,0.0035938495132381973,False,False,False,219.82,219.9866,73,219.92,590,591
AMD,2026-04-07,7,0.00302990310401251,0.004076017989299778,True,False,False,216.7066,217.38,34,216.7,119,124
AMD,2026-04-07,5,0.003631569207994063,0.012860843819393048,True,False,False,216.16,216.77,37,216.42,261,262
AMD,2026-04-07,6,0.0034046468829076635,0.006901311249137336,True,False,False,217.35,218.255,53,217.41,350,354
AMD,2026-04-08,5,0.000776699029126243,0.002114347357065843,False,False,False,231.75,231.75,56,231.92,208,211
AMD,2026-04-08,7,0.010827197921177999,0.0011260285838024726,True,True,True,230.9,232.15,65,231.5,272,275
AMD,2026-04-08,5,0.010827197921177999,0.0011260285838024726,True,True,True,230.9,232.15,65,231.5,273,275
AMD,2026-04-08,6,0.0050987057131650654,0.007364797141238496,True,True,False,229.47,232.15,67,231.5,275,276
AMD,2026-04-08,4,0.0020737028556615964,0.003832030068691409,False,False,False,231.47,231.71,33,231.6,437,438
AMD,2026-04-08,5,0.0104525862068966,0.0006465517241379555,True,True,True,232.0,232.565,61,232.06,584,588
AMD,2026-04-09,5,0.0007234966165892986,0.0040005107034940535,False,False,False,234.97,235.47,51,235.56,322,323
AMD,2026-04-09,6,0.0022003131214827156,0.001354038843989308,False,False,False,236.33,236.64,58,236.51,548,550
AMD,2026-04-10,5,0.002322983522379595,0.000649799845351745,False,False,False,245.4602,245.6199,74,245.535,503,506
AMD,2026-04-13,5,0.00433695254361348,0.00028465698832903574,True,False,False,245.91,245.87,70,245.94,490,492
AMD,2026-04-14,5,0.014796102490075777,0.010585829423794118,True,True,True,249.39,249.64,76,249.2812,214,218
AMD,2026-04-14,6,0.0103117699186337,0.005921211632965435,True,True,True,248.26,249.55,75,249.0,229,234
AMD,2026-04-14,6,0.006389517955354305,0.009907796829504968,True,True,False,247.28,249.71,70,249.0,234,235
AMD,2026-04-14,6,0.0006162564895177653,0.005211429477271818,False,False,False,252.33,252.58,59,252.5,435,437
AMD,2026-04-16,6,0.0018604651162791403,0.003100775193798494,False,False,False,258.0,258.51,43,258.2,127,131
AMD,2026-04-17,6,0.00541102271912847,0.0035476241668458723,True,True,False,279.06,278.61,36,279.11,478,479
AMD,2026-04-17,5,0.0014372462362113373,0.005066292982645342,False,False,False,278.31,279.19,39,278.3,489,494
AMD,2026-04-17,7,0.0009857963239662073,0.002430286773839354,False,False,False,277.745,278.05,70,277.79,640,642
AMD,2026-04-20,6,0.014209846418831561,0.0011123869671307673,True,True,True,278.68,279.84,29,279.4,263,264
AMD,2026-04-21,6,0.0018750225363284962,0.0006129881368767025,False,False,False,277.33,277.69,70,277.3,178,183
AMD,2026-04-21,5,0.0004330083062476447,0.018671000361141266,False,False,False,276.9,277.55,56,277.08,248,249
AMD,2026-04-21,5,0.0024955323064279737,0.006997763053723741,False,False,False,282.3045,283.4099,33,282.42,414,419
AMD,2026-04-21,6,0.0024251650705422183,0.015737020056292128,False,False,False,282.455,284.29,46,284.33,600,601
AMD,2026-04-22,6,0.011674495717048894,0.0112945565073226,True,True,True,289.52,291.54,73,291.07,263,264
AMD,2026-04-22,6,0.002944323250751628,0.0027569481327668283,True,False,False,299.9331,300.4,38,300.1,530,531
AMD,2026-04-22,4,0.0008613910457623847,0.003634561374525104,False,False,False,302.65,303.045,52,303.04,671,672
AMD,2026-04-23,6,0.0019900497512438564,0.002189054726368242,False,False,False,301.5,301.5,72,301.4,236,237
AMD,2026-04-23,7,0.0012102318028736063,0.00297213811380445,False,False,False,301.2646,301.5,73,301.4,237,239
AMD,2026-04-23,6,0.001596487727000659,0.015931617109026686,False,False,False,300.66,301.81,78,301.06,278,282
AMD,2026-04-23,7,0.001596487727000659,0.015931617109026686,False,False,False,300.66,301.81,76,301.06,281,282
AMD,2026-04-23,6,0.0011335819546896687,0.016280865465179265,False,False,False,304.345,305.07,33,304.2116,350,353
AMD,2026-04-23,6,0.0060710343484189485,0.0023034218557236264,True,True,False,308.02,309.3,27,308.48,413,416
AMD,2026-04-23,6,0.017531329134471713,0.0012174534121160965,True,True,True,308.02,309.24,48,308.527,489,492
AMD,2026-04-23,6,0.017945805614148866,0.0007950673373357279,True,True,True,308.15,309.24,49,308.527,492,493
AMD,2026-04-24,6,0.007358613732122608,0.032460981544122004,True,True,False,337.02,340.15,34,337.5,307,310
AMD,2026-04-27,6,0.0008243554393246551,0.006751186787572131,False,False,False,351.79,353.1,57,352.55,157,158
AMD,2026-04-27,6,0.03404817861339594,0.0011042890716803804,True,True,True,340.4,347.6,37,345.0,321,322
AMD,2026-04-27,6,0.006062420477509101,0.007300651148866128,True,True,False,334.025,335.9699,39,334.2501,413,414
AMD,2026-04-27,6,0.001971614767545032,0.012296253931941776,False,False,False,332.215,333.5999,38,332.47,470,472
AMD,2026-04-28,5,0.01668771420597963,0.0,True,True,True,319.9899,321.45,46,320.1,162,166
AMD,2026-04-28,6,0.01668771420597963,0.0,True,True,True,319.9899,321.45,47,320.1,163,166
AMD,2026-04-28,7,0.014799490770209986,0.025970719287078375,True,True,True,314.2,315.8,50,315.55,287,288
AMD,2026-04-29,6,0.02259142322901022,0.003187934892560352,True,True,True,326.23,328.43,54,327.32,271,272
AMD,2026-04-29,4,0.008254630729781868,0.0031869508913355852,True,True,True,329.4999,331.3199,17,329.68,371,375
AMD,2026-04-29,5,0.008254630729781868,0.0031869508913355852,True,True,True,329.4999,331.3199,17,329.68,372,375
AMD,2026-04-29,5,0.021590606607317177,0.0037265978527697818,True,True,True,338.11,338.1999,29,338.4001,639,640
AMD,2026-04-30,5,0.027655966789452084,5.846927439625156e-05,True,True,True,342.06,342.91,62,342.06,301,302
AMD,2026-04-30,7,0.006736482908748663,0.024710242984055945,True,True,False,339.94,343.59,34,341.06,365,370
AMD,2026-04-30,4,0.002166377816291161,0.006932409012131814,False,False,False,346.2,348.33,26,346.8146,431,436
AMD,2026-04-30,5,0.0031187978451941195,0.0011579245817976431,True,False,False,352.7,352.59,38,352.8,595,596
AMD,2026-04-30,5,0.0026140819457862586,0.003319884071148547,True,False,False,351.94,352.59,44,352.26,601,602
AMD,2026-05-04,6,0.028350298645579242,0.001934886851181957,True,True,True,356.61,358.3,54,357.1,305,306
AMD,2026-05-04,6,0.0037927080270510013,0.005380476330490892,True,False,False,340.1,342.05,38,340.2588,459,463
AMD,2026-05-04,6,0.005170298533621493,0.0018694864754339056,True,True,False,342.34,343.25,62,342.5,685,688
AMD,2026-05-05,6,0.004169901935409787,0.014022948839616894,True,False,False,347.73,349.6926,67,349.45,320,321
AMD,2026-05-05,5,0.003983160162728478,0.007810395906275236,True,False,False,352.735,354.4,36,353.23,494,496
AMD,2026-05-05,5,0.013801388929586485,0.11460134204588747,True,True,True,341.27,356.37,51,353.2701,720,724
AMD,2026-05-06,4,0.0059594755661501785,0.0054827175208581914,True,True,False,419.5,420.7842,44,419.5,115,118
AMD,2026-05-06,6,0.006670703827322082,0.017888031301089933,True,True,False,404.7399,406.78,16,406.35,379,380
AMD,2026-05-06,5,1.9567197742991612e-05,0.010826941180762004,False,False,False,413.9581,414.75,39,414.01,587,590
AMD,2026-05-06,5,0.00031104094797815133,0.00783013859879275,False,False,False,417.6299,417.865,27,417.8,662,663
AMD,2026-05-07,6,0.0048484848484848485,0.013333333333333334,True,False,False,412.5,413.33,39,413.11,321,322
AMD,2026-05-07,5,0.015520214600498088,0.0034968384748036894,True,True,True,417.52,420.27,24,418.53,382,387
AMD,2026-05-07,5,0.009213464993551381,0.005114254920274822,True,True,True,404.8097,406.8,36,405.0,514,516
AMD,2026-05-08,6,0.0016091745614433533,0.010493631295045545,False,False,False,441.22,441.0679,22,442.19,490,491
AMD,2026-05-08,6,0.000863268971710828,0.008082622361921919,False,False,False,445.4,447.65,41,446.14,614,618
AMD,2026-05-08,6,0.000863268971710828,0.008082622361921919,False,False,False,445.4,447.65,44,446.14,617,618
AMD,2026-05-08,5,0.0008850361586065417,0.023658171889950418,False,False,False,445.7445,447.65,58,446.03,650,652
AMD,2026-05-11,4,0.0054632961887004765,0.004856263278844923,True,True,False,461.26,462.39,33,461.52,143,148
AMD,2026-05-11,5,0.006906314344543641,0.0010724090597117365,True,True,False,466.24,468.42,25,466.54,238,242
AMD,2026-05-11,5,0.013391684901531739,0.008621444201312905,True,True,True,457.0,462.25,24,457.5,378,381
AMD,2026-05-11,6,0.005530438891335027,0.0011919975086178345,True,True,False,465.605,466.4799,37,466.6,625,626
AMD,2026-05-11,6,0.009511269276393817,0.006254717998490315,True,True,True,463.65,465.86,43,464.11,652,654
AMD,2026-05-11,6,0.013358407366578057,0.002615481053973974,True,True,True,462.63,465.85,37,463.0,666,670
AMD,2026-05-12,6,0.011895115837312153,0.0052924225277288135,True,True,True,447.999,452.2599,17,447.97,337,340
AMD,2026-05-12,6,2.2904779570526533e-07,0.010764788299139127,False,False,False,436.5901,437.42,35,438.0,610,611
AMD,2026-05-13,6,0.012259040768437974,2.193030548913552e-05,True,True,True,455.99,457.1,51,456.55,241,242
AMD,2026-05-13,6,0.03334955106373565,0.0021588747843779153,True,True,True,452.18,453.8,30,452.3722,301,302
AMD,2026-05-13,7,0.03034739784373741,0.0027064199831403953,True,True,True,450.78,453.8,30,452.4,302,303
AMD,2026-05-14,5,0.008858245245542328,0.0002967968767836247,True,True,True,438.01,439.87,48,438.97,105,110
AMD,2026-05-14,5,0.008511512219610749,0.0,True,True,True,438.23,438.8,47,438.22,235,236
AMD,2026-05-14,6,0.0022743996253930887,0.0026980623007112617,False,False,False,448.47,450.5799,44,448.78,457,462
AMD,2026-05-14,6,0.0022743996253930887,0.0026980623007112617,False,False,False,448.47,450.5799,45,448.78,459,462
AMD,2026-05-14,5,0.012995712754555184,0.00015608252947485327,True,True,True,447.84,449.23,58,448.15,507,509
AMD,2026-05-15,4,0.005549438530639487,0.03586455620116216,True,True,False,435.2152,435.8,48,434.8,201,206
AMD,2026-05-15,5,0.011754613743856054,0.006677177037930065,True,True,True,431.32,433.8,59,432.5,296,301
AMD,2026-05-15,5,0.011754613743856054,0.006677177037930065,True,True,True,431.32,433.8,59,432.5,297,301
AMD,2026-05-15,6,0.010332995154420292,0.008266999876230644,True,True,True,430.6399,433.8,57,431.0,301,304
AMD,2026-05-15,6,0.004500804128243977,0.005079313656295903,True,False,False,432.145,434.2,32,432.5,373,377
AMD,2026-05-15,4,0.007114442202363747,0.002502162006341838,True,True,False,433.625,434.69,41,433.5,431,432
AMD,2026-05-15,6,0.0005105760523810526,0.005247393717058652,False,False,False,430.69,432.43,50,430.6,499,502
AMD,2026-05-15,5,0.006004618937644394,0.0032794457274827158,True,True,False,433.0,433.9,37,433.73,586,587
AMD,2026-05-15,6,0.005200278562412761,0.002196001894372379,True,True,False,432.6499,433.9,43,432.6,592,594
AMD,2026-05-18,5,0.019792449286250954,0.009297520661156976,True,True,True,425.92,429.52,35,428.08,279,281
AMD,2026-05-18,4,0.012558757893737288,0.013722045486918884,True,True,True,421.22,429.27,52,422.51,292,297
AMD,2026-05-18,5,0.012558757893737288,0.013722045486918884,True,True,True,421.22,429.27,53,422.51,293,297
AMD,2026-05-18,6,0.01297519869769227,0.001340371540744926,True,True,True,417.72,420.07,39,418.64,438,440
AMD,2026-05-19,6,0.008490000523880409,0.023135957579692,True,True,True,414.2167,414.25,60,414.25,184,188
AMD,2026-05-19,6,0.005593084913198233,0.036294520713784195,True,True,False,413.01,414.5,59,414.14,188,190
AMD,2026-05-19,4,0.04031618624736201,0.0014760237627627706,True,True,True,409.885,414.571,51,411.8,237,239
AMD,2026-05-19,5,0.04031618624736201,0.0014760237627627706,True,True,True,409.885,414.571,52,411.8,238,239
AMD,2026-05-19,5,0.0,0.0047057972063400365,False,False,False,414.51,415.2,49,416.1313,699,700
AMD,2026-05-20,5,0.00033117282490416415,0.008184699815489378,False,False,False,422.74,423.565,66,422.75,214,217
AMD,2026-05-20,6,0.000842798815110706,0.011335757038951814,False,False,False,442.573,444.29,24,442.85,344,348
AMD,2026-05-20,6,0.000842798815110706,0.011335757038951814,False,False,False,442.573,444.37,25,442.85,345,348
AMD,2026-05-20,4,0.000842798815110706,0.011335757038951814,False,False,False,442.573,444.37,26,442.81,346,348
AMD,2026-05-20,5,0.010022421524663738,0.002107623318385645,True,True,True,446.0,447.08,34,446.37,424,426
AMD,2026-05-20,6,0.00031557118384272463,0.005883148498782828,False,False,False,443.64,444.7999,65,443.72,514,518
AMD,2026-05-20,6,0.00990099009900985,0.009338433843384416,True,True,True,444.4,444.99,35,445.5101,648,649
AMD,2026-05-21,6,0.007290483761072079,0.0027027027027026976,True,True,False,440.3,442.44,42,441.0,143,144
AMD,2026-05-21,4,0.009842159755406225,0.007088713416524027,True,True,True,435.8901,436.0,25,436.52,333,336
AMD,2026-05-22,5,0.0025062122068530606,0.006004244563652453,True,False,False,468.835,470.2,32,469.72,450,451
AMD,2026-05-22,6,0.004557652170209233,0.00449375985006593,True,False,False,469.54,470.2,33,469.72,451,452
AMD,2026-05-22,5,0.0007469853804290315,0.009668125066695064,False,False,False,468.55,470.939,33,469.12,538,541
AMD,2026-05-26,6,0.0032877943188548133,0.00569748208049995,True,False,False,489.69,491.6,33,490.01,385,388
AMD,2026-05-26,5,0.0007866233687650884,0.006474515419834969,False,False,False,495.79,497.09,65,496.09,561,566
AMD,2026-05-27,7,0.011946988891054366,0.0012668095887740738,True,True,True,513.1,515.25,49,513.34,226,230
AMD,2026-05-27,6,0.011946988891054366,0.0012668095887740738,True,True,True,513.1,515.25,50,513.34,227,230
AMD,2026-05-27,5,0.027032923443078134,0.010511701705672375,True,True,True,504.2,508.22,29,505.29,292,294
AMD,2026-05-27,5,0.027032923443078134,0.010511701705672375,True,True,True,504.2,508.22,30,505.29,293,294
AMD,2026-05-27,6,0.02276892430278886,0.00539820717131475,True,True,True,502.0,508.22,31,505.29,294,298
AMD,2026-05-27,5,0.02276892430278886,0.00539820717131475,True,True,True,502.0,508.22,31,502.68,295,298
AMD,2026-05-27,6,0.02276892430278886,0.00539820717131475,True,True,True,502.0,508.22,32,502.68,297,298
AMD,2026-05-28,7,0.0,0.02903723130042071,False,False,False,493.8694,497.38,32,494.3232,271,275
AMD,2026-05-28,5,0.0,0.02903723130042071,False,False,False,493.8694,497.38,32,494.3232,272,275
AMD,2026-05-28,4,0.0,0.02903723130042071,False,False,False,493.8694,497.38,33,494.3232,273,275
AMD,2026-05-28,6,0.0,0.02903723130042071,False,False,False,493.8694,497.38,34,494.3232,274,275
AMD,2026-05-28,5,0.003885348476229932,0.00537007221156343,True,False,False,518.615,519.2999,48,518.69,482,486
AMD,2026-05-28,5,0.0016619963281476733,0.005410184558894513,False,False,False,517.45,519.36,67,517.66,586,591
AMD,2026-05-29,6,0.0022157716497338787,0.010159651669085631,False,False,False,516.75,519.9,70,519.3,247,248
AMD,2026-05-29,6,0.01645176598617107,0.003933456587711388,True,True,True,516.0601,520.26,56,516.1785,290,294
AMD,2026-06-01,7,0.005990220048899751,0.008557457212713913,True,True,False,490.8,493.3846,29,491.95,123,127
AMD,2026-06-01,5,0.0051758166512264735,0.005155677286824832,True,True,False,496.54,497.8,34,496.72,246,247
AMD,2026-06-01,6,0.012185347145422623,0.004738182445389108,True,True,True,492.805,497.1,49,493.6155,331,335
AMD,2026-06-01,5,0.012185347145422623,0.004738182445389108,True,True,True,492.805,497.1,49,493.2,333,335
AMD,2026-06-01,5,0.0029949174202736754,0.0028193196562186977,True,False,False,512.535,513.27,39,512.5201,619,624
AMD,2026-06-01,6,0.0026446506816563088,0.0031716290462667487,True,False,False,512.355,513.27,44,512.5201,624,625
AMD,2026-06-01,6,0.0014727540500736377,0.002690230731467854,False,False,False,509.25,511.98,60,509.36,708,711
AMD,2026-06-02,6,0.00480501945834318,0.01994142641569384,True,False,False,503.64,504.518,68,504.0,211,215
AMD,2026-06-02,5,0.0019092148840831962,0.0045975063315800485,False,False,False,513.3,514.12,26,514.28,404,405
AMD,2026-06-02,7,0.005330186522478951,0.0,True,True,False,513.9595,514.405,48,513.9701,453,458
AMD,2026-06-02,5,0.005330186522478951,0.0,True,True,False,513.9595,514.405,48,513.9701,456,458
AMD,2026-06-03,5,0.001244002132575229,0.005378204708501305,False,False,False,534.565,535.0,27,535.62,241,242
AMD,2026-06-03,6,0.019083068288119658,0.017848456501403112,True,True,True,534.5,537.0,38,535.4208,289,290
AMD,2026-06-03,6,0.019706641238501212,0.017201406027970854,True,True,True,534.84,536.3,38,535.4208,290,291
AMD,2026-06-03,7,0.011835915413321267,0.025368464699008483,True,True,True,530.58,536.3,40,532.6,295,297
AMD,2026-06-03,6,0.011835915413321267,0.025368464699008483,True,True,True,530.58,536.3,40,532.6,296,297
AMD,2026-06-03,5,0.008415886524822613,0.020784680851063893,True,True,True,528.75,536.3,42,530.0,305,309
AMD,2026-06-03,6,0.004838375661275931,0.015964757045766928,True,False,False,531.17,535.42,33,532.2,371,372
AMD,2026-06-03,7,0.000991526679020496,0.015181051864704868,False,False,False,529.2848,536.0,34,530.3201,403,408
AMD,2026-06-03,4,0.00811820400917225,0.004271765663140874,True,True,True,540.76,541.8,29,541.01,618,619
AMD,2026-06-03,6,0.00831792975970425,0.0029390018484288945,True,True,True,541.0,542.76,45,541.67,681,683
AMD,2026-06-04,6,0.01994260926313367,0.001554732336513072,True,True,True,520.99,521.75,40,520.51,267,270
AMD,2026-06-05,6,0.007941473042844054,0.0113921606487739,True,True,True,466.11,468.0,23,468.2,610,611
AMD,2026-06-05,5,0.0011253331720572106,0.007356784614254809,False,False,False,462.974,467.81,23,463.45,617,618
AMD,2026-06-08,6,0.008962097794743051,0.016969898139119987,True,True,True,482.03,485.45,36,485.6,273,274
AMD,2026-06-08,5,0.004718995781030352,0.018782019896869534,True,False,False,479.975,486.0,37,481.1209,298,301
AMD,2026-06-08,6,0.0019434954276712601,0.007323909085329645,False,False,False,488.81,490.7,28,490.6701,393,394
AMD,2026-06-08,6,0.0038093677678332823,0.006461588875007741,True,False,False,488.27,490.66,50,488.3301,484,487
AMD,2026-06-08,6,0.006234083732301114,0.003259651624732537,True,True,False,490.85,491.87,39,491.0,584,587
AMD,2026-06-08,6,0.008160600620205646,0.0036314672759914573,True,True,True,490.16,492.0,54,490.54,602,605
AMD,2026-06-08,5,0.007722243729497383,0.0004278815786792305,True,True,True,490.79,490.85,67,491.4,740,741
AMD,2026-06-09,6,0.005779194898365951,0.001195695496213563,True,True,False,501.8,502.38,35,502.13,151,152
AMD,2026-06-09,5,0.02620830707435361,0.00746702640221958,True,True,True,501.2571,501.5,47,501.5,235,236
AMD,2026-06-09,5,0.025552982512177615,0.008145013175756576,True,True,True,500.92,501.5,47,501.33,236,237
AMD,2026-06-09,7,0.022411521350626244,0.006059591906017665,True,True,True,498.3999,501.5,47,501.33,237,241
AMD,2026-06-09,6,0.02040693232538497,0.00812256222606462,True,True,True,497.38,501.82,45,500.03,241,242
AMD,2026-06-09,6,0.004108108108108059,0.01606486486486488,True,False,False,462.5,466.6,24,464.54,581,586
AMD,2026-06-10,5,0.0045606301961725075,0.00039278154799573796,True,False,False,458.27,460.09,42,458.0,135,138
AMD,2026-06-10,5,0.03234021276595748,0.00425531914893617,True,True,True,470.0,471.5499,23,470.42,331,332
AMD,2026-06-10,5,0.03771029631208702,0.006053933063312727,True,True,True,469.1,471.5499,25,469.32,334,335
AMD,2026-06-10,7,0.030809644452078306,0.0016746822397802079,True,True,True,465.76,471.5499,26,467.54,338,342
AMD,2026-06-10,6,0.003928347297609724,0.01731863873077391,True,False,False,454.135,458.79,23,455.2801,394,395
AMD,2026-06-10,6,0.0050298821224562225,0.00484101390096517,True,True,False,454.285,458.79,28,454.58,448,453
AMD,2026-06-10,6,0.008888888888888889,0.03602222222222218,True,True,True,450.0,453.11,44,451.21,642,647
AMD,2026-06-10,6,0.008888888888888889,0.03602222222222218,True,True,True,450.0,453.0987,45,450.3601,646,647
AMD,2026-06-10,5,0.0035746201966041615,0.01072386058981223,True,False,False,447.6,453.0987,42,448.5,651,653
AMD,2026-06-10,4,0.010208775425268832,6.83952638291259e-05,True,True,True,447.3994,447.16,51,447.2075,735,739
AMD,2026-06-10,6,0.008494581259170164,0.0008376137613156751,True,True,True,446.6259,447.16,56,447.0,740,743
AMD,2026-06-11,5,0.001545579671783984,0.012916887241926994,False,False,False,472.25,475.91,25,472.93,538,540
