date,sym,level,setup,direction,exit_cfg,tp,sl,entry_px,result,pnl_pts,bars_held,time_bucket
2025-06-02,NQ,VWAP,breakout,long,TP25_SL12,25,12,21405.0,TP,25.0,4,09:30-09:45
2025-06-02,NQ,VWAP,breakout,long,TP40_SL20,40,20,21405.0,TP,40.0,4,09:30-09:45
2025-06-02,NQ,OR15High,reject,short,TP25_SL12,25,12,21434.0,TP,25.0,1,09:30-09:45
2025-06-02,NQ,OR15High,reject,short,TP40_SL20,40,20,21434.0,TP,40.0,5,09:30-09:45
2025-06-02,NQ,VWAP,reject,short,TP25_SL12,25,12,21390.75,TP,25.0,2,09:45-10:00
2025-06-02,NQ,VWAP,reject,short,TP40_SL20,40,20,21390.75,TP,40.0,2,09:45-10:00
2025-06-02,NQ,OR15Low,breakout,long,TP25_SL12,25,12,21324.0,SL,-12.0,0,09:45-10:00
2025-06-02,NQ,OR15Low,breakout,long,TP40_SL20,40,20,21324.0,SL,-20.0,2,09:45-10:00
2025-06-02,NQ,OR15Low,reject,short,TP25_SL12,25,12,21253.25,SL,-12.0,0,10:00-10:30
2025-06-02,NQ,OR15Low,reject,short,TP40_SL20,40,20,21253.25,SL,-20.0,0,10:00-10:30
2025-06-02,NQ,GlobexHigh,reject,short,TP25_SL12,25,12,21529.0,TP,25.0,27,14:00-close
2025-06-02,NQ,GlobexHigh,reject,short,TP40_SL20,40,20,21529.0,EOD,-5.25,34,14:00-close
2025-06-03,NQ,OR15High,reject,short,TP25_SL12,25,12,21541.25,TP,25.0,6,09:30-09:45
2025-06-03,NQ,OR15High,reject,short,TP40_SL20,40,20,21541.25,SL,-20.0,9,09:30-09:45
2025-06-03,NQ,OR15Low,breakout,long,TP25_SL12,25,12,21541.25,SL,-12.0,0,09:30-09:45
2025-06-03,NQ,OR15Low,breakout,long,TP40_SL20,40,20,21541.25,SL,-20.0,1,09:30-09:45
2025-06-03,NQ,VWAP,reject,short,TP25_SL12,25,12,21541.25,TP,25.0,6,09:30-09:45
2025-06-03,NQ,VWAP,reject,short,TP40_SL20,40,20,21541.25,SL,-20.0,9,09:30-09:45
2025-06-03,NQ,PriorRTHHigh,reject,short,TP25_SL12,25,12,21547.25,TP,25.0,0,09:30-09:45
2025-06-03,NQ,PriorRTHHigh,reject,short,TP40_SL20,40,20,21547.25,SL,-20.0,8,09:30-09:45
2025-06-03,NQ,GlobexHigh,reject,short,TP25_SL12,25,12,21697.5,SL,-12.0,6,12:00-14:00
2025-06-03,NQ,GlobexHigh,reject,short,TP40_SL20,40,20,21697.5,SL,-20.0,8,12:00-14:00
2025-06-04,NQ,GlobexHigh,reject,short,TP25_SL12,25,12,21741.0,SL,-12.0,1,09:30-09:45
2025-06-04,NQ,GlobexHigh,reject,short,TP40_SL20,40,20,21741.0,SL,-20.0,3,09:30-09:45
2025-06-04,NQ,PriorRTHHigh,reject,short,TP25_SL12,25,12,21741.0,SL,-12.0,1,09:30-09:45
2025-06-04,NQ,PriorRTHHigh,reject,short,TP40_SL20,40,20,21741.0,SL,-20.0,3,09:30-09:45
2025-06-04,NQ,OR15Low,breakout,long,TP25_SL12,25,12,21741.0,TP,25.0,3,09:30-09:45
2025-06-04,NQ,OR15Low,breakout,long,TP40_SL20,40,20,21741.0,TP,40.0,4,09:30-09:45
2025-06-04,NQ,VWAP,reject,short,TP25_SL12,25,12,21741.0,SL,-12.0,1,09:30-09:45
2025-06-04,NQ,VWAP,reject,short,TP40_SL20,40,20,21741.0,SL,-20.0,3,09:30-09:45
2025-06-04,NQ,OR15High,reject,short,TP25_SL12,25,12,21773.75,SL,-12.0,0,09:30-09:45
2025-06-04,NQ,OR15High,reject,short,TP40_SL20,40,20,21773.75,TP,40.0,19,09:30-09:45
2025-06-04,NQ,OR15Low,reject,short,TP25_SL12,25,12,21719.5,TP,25.0,1,10:00-10:30
2025-06-04,NQ,OR15Low,reject,short,TP40_SL20,40,20,21719.5,TP,40.0,3,10:00-10:30
2025-06-04,NQ,GlobexLow,breakout,long,TP25_SL12,25,12,21702.75,SL,-12.0,0,10:00-10:30
2025-06-04,NQ,GlobexLow,breakout,long,TP40_SL20,40,20,21702.75,SL,-20.0,2,10:00-10:30
2025-06-04,NQ,GlobexLow,reject,short,TP25_SL12,25,12,21707.5,SL,-12.0,1,10:00-10:30
2025-06-04,NQ,GlobexLow,reject,short,TP40_SL20,40,20,21707.5,SL,-20.0,3,10:00-10:30
2025-06-05,NQ,PriorRTHHigh,reject,short,TP25_SL12,25,12,21792.0,SL,-12.0,0,09:30-09:45
2025-06-05,NQ,PriorRTHHigh,reject,short,TP40_SL20,40,20,21792.0,SL,-20.0,1,09:30-09:45
2025-06-05,NQ,OR15High,reject,short,TP25_SL12,25,12,21792.0,SL,-12.0,0,09:30-09:45
2025-06-05,NQ,OR15High,reject,short,TP40_SL20,40,20,21792.0,SL,-20.0,1,09:30-09:45
2025-06-05,NQ,OR15Low,breakout,long,TP25_SL12,25,12,21792.0,SL,-12.0,0,09:30-09:45
2025-06-05,NQ,OR15Low,breakout,long,TP40_SL20,40,20,21792.0,SL,-20.0,5,09:30-09:45
2025-06-05,NQ,VWAP,reject,short,TP25_SL12,25,12,21792.0,SL,-12.0,0,09:30-09:45
2025-06-05,NQ,VWAP,reject,short,TP40_SL20,40,20,21792.0,SL,-20.0,1,09:30-09:45
2025-06-05,NQ,OR15Low,reject,short,TP25_SL12,25,12,21774.75,SL,-12.0,1,09:30-09:45
2025-06-05,NQ,OR15Low,reject,short,TP40_SL20,40,20,21774.75,TP,40.0,2,09:30-09:45
2025-06-05,NQ,GlobexHigh,reject,short,TP25_SL12,25,12,21855.0,TP,25.0,1,10:30-11:00
2025-06-05,NQ,GlobexHigh,reject,short,TP40_SL20,40,20,21855.0,TP,40.0,1,10:30-11:00
2025-06-05,NQ,PriorRTHLow,breakout,long,TP25_SL12,25,12,21686.0,TP,25.0,0,12:00-14:00
2025-06-05,NQ,PriorRTHLow,breakout,long,TP40_SL20,40,20,21686.0,TP,40.0,2,12:00-14:00
2025-06-05,NQ,PriorRTHLow,reject,short,TP25_SL12,25,12,21640.75,SL,-12.0,1,14:00-close
2025-06-05,NQ,PriorRTHLow,reject,short,TP40_SL20,40,20,21640.75,SL,-20.0,1,14:00-close
2025-06-05,NQ,GlobexLow,breakout,long,TP25_SL12,25,12,21540.0,SL,-12.0,0,14:00-close
2025-06-05,NQ,GlobexLow,breakout,long,TP40_SL20,40,20,21540.0,SL,-20.0,0,14:00-close
2025-06-06,NQ,GlobexHigh,reject,short,TP25_SL12,25,12,21790.25,SL,-12.0,4,09:30-09:45
2025-06-06,NQ,GlobexHigh,reject,short,TP40_SL20,40,20,21790.25,SL,-20.0,4,09:30-09:45
2025-06-06,NQ,OR15Low,breakout,long,TP25_SL12,25,12,21790.25,SL,-12.0,0,09:30-09:45
2025-06-06,NQ,OR15Low,breakout,long,TP40_SL20,40,20,21790.25,SL,-20.0,1,09:30-09:45
2025-06-06,NQ,VWAP,reject,short,TP25_SL12,25,12,21790.25,SL,-12.0,4,09:30-09:45
2025-06-06,NQ,VWAP,reject,short,TP40_SL20,40,20,21790.25,SL,-20.0,4,09:30-09:45
2025-06-06,NQ,OR15Low,reject,short,TP25_SL12,25,12,21783.0,SL,-12.0,0,09:30-09:45
2025-06-06,NQ,OR15Low,reject,short,TP40_SL20,40,20,21783.0,SL,-20.0,0,09:30-09:45
2025-06-06,NQ,OR15High,reject,short,TP25_SL12,25,12,21820.0,SL,-12.0,0,09:30-09:45
2025-06-06,NQ,OR15High,reject,short,TP40_SL20,40,20,21820.0,SL,-20.0,1,09:30-09:45
2025-06-09,NQ,OR15High,reject,short,TP25_SL12,25,12,21782.0,SL,-12.0,0,09:30-09:45
2025-06-09,NQ,OR15High,reject,short,TP40_SL20,40,20,21782.0,SL,-20.0,12,09:30-09:45
2025-06-09,NQ,OR15Low,breakout,long,TP25_SL12,25,12,21782.0,SL,-12.0,2,09:30-09:45
2025-06-09,NQ,OR15Low,breakout,long,TP40_SL20,40,20,21782.0,SL,-20.0,3,09:30-09:45
2025-06-09,NQ,VWAP,reject,short,TP25_SL12,25,12,21782.0,SL,-12.0,0,09:30-09:45
2025-06-09,NQ,VWAP,reject,short,TP40_SL20,40,20,21782.0,SL,-20.0,12,09:30-09:45
2025-06-09,NQ,GlobexLow,breakout,long,TP25_SL12,25,12,21766.0,SL,-12.0,0,09:30-09:45
2025-06-09,NQ,GlobexLow,breakout,long,TP40_SL20,40,20,21766.0,TP,40.0,14,09:30-09:45
2025-06-09,NQ,PriorRTHLow,breakout,long,TP25_SL12,25,12,21766.0,SL,-12.0,0,09:30-09:45
2025-06-09,NQ,PriorRTHLow,breakout,long,TP40_SL20,40,20,21766.0,TP,40.0,14,09:30-09:45
2025-06-09,NQ,OR15Low,reject,short,TP25_SL12,25,12,21781.25,SL,-12.0,0,09:30-09:45
2025-06-09,NQ,OR15Low,reject,short,TP40_SL20,40,20,21781.25,SL,-20.0,1,09:30-09:45
2025-06-09,NQ,PriorRTHHigh,reject,short,TP25_SL12,25,12,21852.0,SL,-12.0,1,10:00-10:30
2025-06-09,NQ,PriorRTHHigh,reject,short,TP40_SL20,40,20,21852.0,SL,-20.0,5,10:00-10:30
2025-06-10,NQ,OR15Low,breakout,long,TP25_SL12,25,12,21849.75,SL,-12.0,1,09:30-09:45
2025-06-10,NQ,OR15Low,breakout,long,TP40_SL20,40,20,21849.75,SL,-20.0,1,09:30-09:45
2025-06-10,NQ,VWAP,reject,short,TP25_SL12,25,12,21846.75,TP,25.0,0,09:30-09:45
2025-06-10,NQ,VWAP,reject,short,TP40_SL20,40,20,21846.75,SL,-20.0,5,09:30-09:45
2025-06-10,NQ,OR15Low,reject,short,TP25_SL12,25,12,21833.25,SL,-12.0,1,09:30-09:45
2025-06-10,NQ,OR15Low,reject,short,TP40_SL20,40,20,21833.25,SL,-20.0,1,09:30-09:45
2025-06-10,NQ,PriorRTHHigh,reject,short,TP25_SL12,25,12,21874.5,TP,25.0,1,09:30-09:45
2025-06-10,NQ,PriorRTHHigh,reject,short,TP40_SL20,40,20,21874.5,TP,40.0,2,09:30-09:45
2025-06-10,NQ,OR15High,reject,short,TP25_SL12,25,12,21874.5,TP,25.0,1,09:30-09:45
2025-06-10,NQ,OR15High,reject,short,TP40_SL20,40,20,21874.5,TP,40.0,2,09:30-09:45
2025-06-10,NQ,GlobexLow,breakout,long,TP25_SL12,25,12,21773.75,TP,25.0,3,11:00-12:00
2025-06-10,NQ,GlobexLow,breakout,long,TP40_SL20,40,20,21773.75,TP,40.0,5,11:00-12:00
2025-06-10,NQ,PriorRTHLow,breakout,long,TP25_SL12,25,12,21773.75,TP,25.0,3,11:00-12:00
2025-06-10,NQ,PriorRTHLow,breakout,long,TP40_SL20,40,20,21773.75,TP,40.0,5,11:00-12:00
2025-06-10,NQ,PriorRTHLow,reject,short,TP25_SL12,25,12,21777.75,SL,-12.0,0,11:00-12:00
2025-06-10,NQ,PriorRTHLow,reject,short,TP40_SL20,40,20,21777.75,SL,-20.0,0,11:00-12:00
2025-06-10,NQ,GlobexHigh,reject,short,TP25_SL12,25,12,21977.25,TP,25.0,10,14:00-close
2025-06-10,NQ,GlobexHigh,reject,short,TP40_SL20,40,20,21977.25,TP,40.0,32,14:00-close
2025-06-11,NQ,PriorRTHHigh,reject,short,TP25_SL12,25,12,21988.0,TP,25.0,0,09:30-09:45
2025-06-11,NQ,PriorRTHHigh,reject,short,TP40_SL20,40,20,21988.0,TP,40.0,13,09:30-09:45
2025-06-11,NQ,OR15High,reject,short,TP25_SL12,25,12,21988.0,TP,25.0,0,09:30-09:45
2025-06-11,NQ,OR15High,reject,short,TP40_SL20,40,20,21988.0,TP,40.0,13,09:30-09:45
2025-06-11,NQ,VWAP,reject,short,TP25_SL12,25,12,21988.0,TP,25.0,0,09:30-09:45
2025-06-11,NQ,VWAP,reject,short,TP40_SL20,40,20,21988.0,TP,40.0,13,09:30-09:45
2025-06-11,NQ,OR15Low,breakout,long,TP25_SL12,25,12,21979.0,SL,-12.0,0,09:30-09:45
2025-06-11,NQ,OR15Low,breakout,long,TP40_SL20,40,20,21979.0,SL,-20.0,1,09:30-09:45
2025-06-11,NQ,OR15Low,reject,short,TP25_SL12,25,12,21966.25,SL,-12.0,0,09:30-09:45
2025-06-11,NQ,OR15Low,reject,short,TP40_SL20,40,20,21966.25,SL,-20.0,0,09:30-09:45
2025-06-11,NQ,GlobexLow,breakout,long,TP25_SL12,25,12,21821.0,TP,25.0,2,14:00-close
2025-06-11,NQ,GlobexLow,breakout,long,TP40_SL20,40,20,21821.0,TP,40.0,6,14:00-close
2025-06-12,NQ,OR15High,reject,short,TP25_SL12,25,12,21843.25,SL,-12.0,0,09:30-09:45
2025-06-12,NQ,OR15High,reject,short,TP40_SL20,40,20,21843.25,SL,-20.0,1,09:30-09:45
2025-06-12,NQ,OR15Low,breakout,long,TP25_SL12,25,12,21843.25,SL,-12.0,3,09:30-09:45
2025-06-12,NQ,OR15Low,breakout,long,TP40_SL20,40,20,21843.25,TP,40.0,11,09:30-09:45
2025-06-12,NQ,VWAP,reject,short,TP25_SL12,25,12,21843.25,SL,-12.0,0,09:30-09:45
2025-06-12,NQ,VWAP,reject,short,TP40_SL20,40,20,21843.25,SL,-20.0,1,09:30-09:45
2025-06-12,NQ,PriorRTHLow,breakout,long,TP25_SL12,25,12,21840.5,TP,25.0,1,09:30-09:45
2025-06-12,NQ,PriorRTHLow,breakout,long,TP40_SL20,40,20,21840.5,TP,40.0,2,09:30-09:45
2025-06-12,NQ,GlobexHigh,reject,short,TP25_SL12,25,12,21891.0,SL,-12.0,2,10:00-10:30
2025-06-12,NQ,GlobexHigh,reject,short,TP40_SL20,40,20,21891.0,SL,-20.0,4,10:00-10:30
2025-06-13,NQ,GlobexHigh,breakout,long,TP25_SL12,25,12,21760.5,SL,-12.0,0,09:30-09:45
2025-06-13,NQ,GlobexHigh,breakout,long,TP40_SL20,40,20,21760.5,SL,-20.0,3,09:30-09:45
2025-06-13,NQ,VWAP,reject,short,TP25_SL12,25,12,21760.5,SL,-12.0,0,09:30-09:45
2025-06-13,NQ,VWAP,reject,short,TP40_SL20,40,20,21760.5,SL,-20.0,6,09:30-09:45
2025-06-13,NQ,OR15High,reject,short,TP25_SL12,25,12,21755.75,TP,25.0,3,09:30-09:45
2025-06-13,NQ,OR15High,reject,short,TP40_SL20,40,20,21755.75,SL,-20.0,5,09:30-09:45
2025-06-13,NQ,OR15Low,breakout,long,TP25_SL12,25,12,21689.25,SL,-12.0,1,10:00-10:30
2025-06-13,NQ,OR15Low,breakout,long,TP40_SL20,40,20,21689.25,SL,-20.0,9,10:00-10:30
2025-06-13,NQ,GlobexHigh,reject,short,TP25_SL12,25,12,21692.5,SL,-12.0,2,10:00-10:30
2025-06-13,NQ,GlobexHigh,reject,short,TP40_SL20,40,20,21692.5,TP,40.0,8,10:00-10:30
2025-06-13,NQ,OR15Low,reject,short,TP25_SL12,25,12,21662.75,SL,-12.0,1,10:00-10:30
2025-06-13,NQ,OR15Low,reject,short,TP40_SL20,40,20,21662.75,SL,-20.0,2,10:00-10:30
2025-06-13,NQ,PriorRTHLow,reject,short,TP25_SL12,25,12,21791.5,SL,-12.0,6,11:00-12:00
2025-06-13,NQ,PriorRTHLow,reject,short,TP40_SL20,40,20,21791.5,SL,-20.0,8,11:00-12:00
2025-06-16,NQ,PriorRTHHigh,reject,short,TP25_SL12,25,12,21844.75,SL,-12.0,1,09:30-09:45
2025-06-16,NQ,PriorRTHHigh,reject,short,TP40_SL20,40,20,21844.75,SL,-20.0,6,09:30-09:45
2025-06-16,NQ,OR15High,reject,short,TP25_SL12,25,12,21844.75,SL,-12.0,1,09:30-09:45
2025-06-16,NQ,OR15High,reject,short,TP40_SL20,40,20,21844.75,SL,-20.0,6,09:30-09:45
2025-06-16,NQ,VWAP,reject,short,TP25_SL12,25,12,21844.75,SL,-12.0,1,09:30-09:45
2025-06-16,NQ,VWAP,reject,short,TP40_SL20,40,20,21844.75,SL,-20.0,6,09:30-09:45
2025-06-16,NQ,OR15Low,breakout,long,TP25_SL12,25,12,21845.25,TP,25.0,3,09:30-09:45
2025-06-16,NQ,OR15Low,breakout,long,TP40_SL20,40,20,21845.25,TP,40.0,9,09:30-09:45
2025-06-16,NQ,GlobexHigh,reject,short,TP25_SL12,25,12,21933.0,SL,-12.0,2,09:45-10:00
2025-06-16,NQ,GlobexHigh,reject,short,TP40_SL20,40,20,21933.0,SL,-20.0,2,09:45-10:00
2025-06-17,NQ,GlobexHigh,reject,short,TP25_SL12,25,12,21859.0,TP,25.0,9,09:30-09:45
2025-06-17,NQ,GlobexHigh,reject,short,TP40_SL20,40,20,21859.0,TP,40.0,9,09:30-09:45
2025-06-17,NQ,OR15High,reject,short,TP25_SL12,25,12,21859.0,TP,25.0,9,09:30-09:45
2025-06-17,NQ,OR15High,reject,short,TP40_SL20,40,20,21859.0,TP,40.0,9,09:30-09:45
2025-06-17,NQ,OR15Low,breakout,long,TP25_SL12,25,12,21859.0,SL,-12.0,4,09:30-09:45
2025-06-17,NQ,OR15Low,breakout,long,TP40_SL20,40,20,21859.0,SL,-20.0,9,09:30-09:45
2025-06-17,NQ,VWAP,reject,short,TP25_SL12,25,12,21859.0,TP,25.0,9,09:30-09:45
2025-06-17,NQ,VWAP,reject,short,TP40_SL20,40,20,21859.0,TP,40.0,9,09:30-09:45
2025-06-17,NQ,PriorRTHLow,breakout,long,TP25_SL12,25,12,21827.5,SL,-12.0,0,09:30-09:45
2025-06-17,NQ,PriorRTHLow,breakout,long,TP40_SL20,40,20,21827.5,SL,-20.0,1,09:30-09:45
2025-06-17,NQ,OR15Low,reject,short,TP25_SL12,25,12,21834.75,SL,-12.0,2,09:45-10:00
2025-06-17,NQ,OR15Low,reject,short,TP40_SL20,40,20,21834.75,SL,-20.0,3,09:45-10:00
2025-06-17,NQ,PriorRTHLow,reject,short,TP25_SL12,25,12,21796.25,SL,-12.0,1,12:00-14:00
2025-06-17,NQ,PriorRTHLow,reject,short,TP40_SL20,40,20,21796.25,SL,-20.0,1,12:00-14:00
2025-06-18,NQ,PriorRTHLow,breakout,long,TP25_SL12,25,12,21725.25,SL,-12.0,0,09:30-09:45
2025-06-18,NQ,PriorRTHLow,breakout,long,TP40_SL20,40,20,21725.25,SL,-20.0,1,09:30-09:45
2025-06-18,NQ,OR15High,reject,short,TP25_SL12,25,12,21725.25,SL,-12.0,4,09:30-09:45
2025-06-18,NQ,OR15High,reject,short,TP40_SL20,40,20,21725.25,SL,-20.0,7,09:30-09:45
2025-06-18,NQ,OR15Low,breakout,long,TP25_SL12,25,12,21725.25,SL,-12.0,0,09:30-09:45
2025-06-18,NQ,OR15Low,breakout,long,TP40_SL20,40,20,21725.25,SL,-20.0,1,09:30-09:45
2025-06-18,NQ,VWAP,reject,short,TP25_SL12,25,12,21725.25,SL,-12.0,4,09:30-09:45
2025-06-18,NQ,VWAP,reject,short,TP40_SL20,40,20,21725.25,SL,-20.0,7,09:30-09:45
2025-06-18,NQ,OR15Low,reject,short,TP25_SL12,25,12,21708.0,SL,-12.0,0,09:30-09:45
2025-06-18,NQ,OR15Low,reject,short,TP40_SL20,40,20,21708.0,SL,-20.0,2,09:30-09:45
2025-06-18,NQ,GlobexHigh,reject,short,TP25_SL12,25,12,21821.25,SL,-12.0,3,10:00-10:30
2025-06-18,NQ,GlobexHigh,reject,short,TP40_SL20,40,20,21821.25,SL,-20.0,5,10:00-10:30
2025-06-18,NQ,PriorRTHLow,reject,short,TP25_SL12,25,12,21689.25,TP,25.0,1,14:00-close
2025-06-18,NQ,PriorRTHLow,reject,short,TP40_SL20,40,20,21689.25,SL,-20.0,3,14:00-close
2025-06-19,NQ,GlobexLow,breakout,long,TP25_SL12,25,12,21545.25,SL,-12.0,2,09:30-09:45
2025-06-19,NQ,GlobexLow,breakout,long,TP40_SL20,40,20,21545.25,SL,-20.0,4,09:30-09:45
2025-06-19,NQ,OR15High,reject,short,TP25_SL12,25,12,21545.25,TP,25.0,4,09:30-09:45
2025-06-19,NQ,OR15High,reject,short,TP40_SL20,40,20,21545.25,TP,40.0,6,09:30-09:45
2025-06-19,NQ,VWAP,reject,short,TP25_SL12,25,12,21545.25,TP,25.0,4,09:30-09:45
2025-06-19,NQ,VWAP,reject,short,TP40_SL20,40,20,21545.25,TP,40.0,6,09:30-09:45
2025-06-19,NQ,OR15Low,breakout,long,TP25_SL12,25,12,21543.0,SL,-12.0,2,09:30-09:45
2025-06-19,NQ,OR15Low,breakout,long,TP40_SL20,40,20,21543.0,SL,-20.0,3,09:30-09:45
2025-06-19,NQ,GlobexLow,reject,short,TP25_SL12,25,12,21526.25,TP,25.0,6,09:30-09:45
2025-06-19,NQ,GlobexLow,reject,short,TP40_SL20,40,20,21526.25,TP,40.0,9,09:30-09:45
2025-06-19,NQ,OR15Low,reject,short,TP25_SL12,25,12,21505.0,TP,25.0,4,09:30-09:45
2025-06-19,NQ,OR15Low,reject,short,TP40_SL20,40,20,21505.0,TP,40.0,5,09:30-09:45
2025-06-23,NQ,GlobexLow,breakout,long,TP25_SL12,25,12,21810.5,SL,-12.0,0,09:30-09:45
2025-06-23,NQ,GlobexLow,breakout,long,TP40_SL20,40,20,21810.5,SL,-20.0,0,09:30-09:45
2025-06-23,NQ,OR15Low,breakout,long,TP25_SL12,25,12,21810.5,SL,-12.0,0,09:30-09:45
2025-06-23,NQ,OR15Low,breakout,long,TP40_SL20,40,20,21810.5,SL,-20.0,0,09:30-09:45
2025-06-23,NQ,VWAP,reject,short,TP25_SL12,25,12,21810.5,TP,25.0,0,09:30-09:45
2025-06-23,NQ,VWAP,reject,short,TP40_SL20,40,20,21810.5,TP,40.0,0,09:30-09:45
2025-06-23,NQ,OR15Low,reject,short,TP25_SL12,25,12,21842.75,SL,-12.0,0,09:30-09:45
2025-06-23,NQ,OR15Low,reject,short,TP40_SL20,40,20,21842.75,SL,-20.0,1,09:30-09:45
2025-06-23,NQ,OR15High,reject,short,TP25_SL12,25,12,21855.0,SL,-12.0,0,09:30-09:45
2025-06-23,NQ,OR15High,reject,short,TP40_SL20,40,20,21855.0,SL,-20.0,2,09:30-09:45
2025-06-23,NQ,GlobexLow,reject,short,TP25_SL12,25,12,21796.25,SL,-12.0,0,12:00-14:00
2025-06-23,NQ,GlobexLow,reject,short,TP40_SL20,40,20,21796.25,SL,-20.0,0,12:00-14:00
2025-06-24,NQ,OR15Low,breakout,long,TP25_SL12,25,12,22289.75,SL,-12.0,0,09:30-09:45
2025-06-24,NQ,OR15Low,breakout,long,TP40_SL20,40,20,22289.75,SL,-20.0,0,09:30-09:45
2025-06-24,NQ,VWAP,reject,short,TP25_SL12,25,12,22289.75,TP,25.0,0,09:30-09:45
2025-06-24,NQ,VWAP,reject,short,TP40_SL20,40,20,22289.75,SL,-20.0,3,09:30-09:45
2025-06-24,NQ,GlobexLow,breakout,long,TP25_SL12,25,12,22283.0,TP,25.0,2,09:30-09:45
2025-06-24,NQ,GlobexLow,breakout,long,TP40_SL20,40,20,22283.0,TP,40.0,8,09:30-09:45
2025-06-24,NQ,OR15High,reject,short,TP25_SL12,25,12,22283.0,SL,-12.0,0,09:30-09:45
2025-06-24,NQ,OR15High,reject,short,TP40_SL20,40,20,22283.0,SL,-20.0,1,09:30-09:45
2025-06-24,NQ,OR15Low,reject,short,TP25_SL12,25,12,22297.5,SL,-12.0,1,09:30-09:45
2025-06-24,NQ,OR15Low,reject,short,TP40_SL20,40,20,22297.5,SL,-20.0,2,09:30-09:45
2025-06-24,NQ,GlobexHigh,reject,short,TP25_SL12,25,12,22404.5,SL,-12.0,56,12:00-14:00
2025-06-24,NQ,GlobexHigh,reject,short,TP40_SL20,40,20,22404.5,SL,-20.0,60,12:00-14:00
2025-06-25,NQ,GlobexHigh,reject,short,TP25_SL12,25,12,22511.75,SL,-12.0,2,09:30-09:45
2025-06-25,NQ,GlobexHigh,reject,short,TP40_SL20,40,20,22511.75,SL,-20.0,3,09:30-09:45
2025-06-25,NQ,OR15High,reject,short,TP25_SL12,25,12,22511.75,SL,-12.0,2,09:30-09:45
2025-06-25,NQ,OR15High,reject,short,TP40_SL20,40,20,22511.75,SL,-20.0,3,09:30-09:45
2025-06-25,NQ,OR15Low,breakout,long,TP25_SL12,25,12,22511.75,SL,-12.0,0,09:30-09:45
2025-06-25,NQ,OR15Low,breakout,long,TP40_SL20,40,20,22511.75,SL,-20.0,17,09:30-09:45
2025-06-25,NQ,VWAP,reject,short,TP25_SL12,25,12,22511.75,SL,-12.0,2,09:30-09:45
2025-06-25,NQ,VWAP,reject,short,TP40_SL20,40,20,22511.75,SL,-20.0,3,09:30-09:45
2025-06-25,NQ,PriorRTHHigh,breakout,long,TP25_SL12,25,12,22501.0,SL,-12.0,1,09:45-10:00
2025-06-25,NQ,PriorRTHHigh,breakout,long,TP40_SL20,40,20,22501.0,SL,-20.0,20,09:45-10:00
2025-06-25,NQ,OR15Low,reject,short,TP25_SL12,25,12,22498.5,SL,-12.0,1,09:45-10:00
2025-06-25,NQ,OR15Low,reject,short,TP40_SL20,40,20,22498.5,SL,-20.0,3,09:45-10:00
2025-06-25,NQ,PriorRTHHigh,reject,short,TP25_SL12,25,12,22458.5,SL,-12.0,21,11:00-12:00
2025-06-25,NQ,PriorRTHHigh,reject,short,TP40_SL20,40,20,22458.5,TP,40.0,101,11:00-12:00
2025-06-25,NQ,GlobexLow,breakout,long,TP25_SL12,25,12,22463.75,SL,-12.0,2,11:00-12:00
2025-06-25,NQ,GlobexLow,breakout,long,TP40_SL20,40,20,22463.75,SL,-20.0,21,11:00-12:00
2025-06-25,NQ,GlobexLow,reject,short,TP25_SL12,25,12,22430.75,SL,-12.0,21,12:00-14:00
2025-06-25,NQ,GlobexLow,reject,short,TP40_SL20,40,20,22430.75,SL,-20.0,45,12:00-14:00
2025-06-26,NQ,GlobexLow,breakout,long,TP25_SL12,25,12,22537.75,SL,-12.0,0,09:30-09:45
2025-06-26,NQ,GlobexLow,breakout,long,TP40_SL20,40,20,22537.75,SL,-20.0,0,09:30-09:45
2025-06-26,NQ,PriorRTHHigh,reject,short,TP25_SL12,25,12,22537.75,TP,25.0,4,09:30-09:45
2025-06-26,NQ,PriorRTHHigh,reject,short,TP40_SL20,40,20,22537.75,TP,40.0,10,09:30-09:45
2025-06-26,NQ,OR15High,reject,short,TP25_SL12,25,12,22537.75,TP,25.0,4,09:30-09:45
2025-06-26,NQ,OR15High,reject,short,TP40_SL20,40,20,22537.75,TP,40.0,10,09:30-09:45
2025-06-26,NQ,OR15Low,breakout,long,TP25_SL12,25,12,22537.75,SL,-12.0,0,09:30-09:45
2025-06-26,NQ,OR15Low,breakout,long,TP40_SL20,40,20,22537.75,SL,-20.0,0,09:30-09:45
2025-06-26,NQ,VWAP,reject,short,TP25_SL12,25,12,22537.75,TP,25.0,4,09:30-09:45
2025-06-26,NQ,VWAP,reject,short,TP40_SL20,40,20,22537.75,TP,40.0,10,09:30-09:45
2025-06-26,NQ,OR15Low,reject,short,TP25_SL12,25,12,22507.5,SL,-12.0,2,09:30-09:45
2025-06-26,NQ,OR15Low,reject,short,TP40_SL20,40,20,22507.5,SL,-20.0,3,09:30-09:45
2025-06-26,NQ,GlobexLow,reject,short,TP25_SL12,25,12,22487.25,SL,-12.0,2,09:45-10:00
2025-06-26,NQ,GlobexLow,reject,short,TP40_SL20,40,20,22487.25,SL,-20.0,3,09:45-10:00
2025-06-26,NQ,GlobexHigh,reject,short,TP25_SL12,25,12,22679.75,EOD,6.5,5,14:00-close
2025-06-26,NQ,GlobexHigh,reject,short,TP40_SL20,40,20,22679.75,EOD,6.5,5,14:00-close
2025-06-27,NQ,OR15High,reject,short,TP25_SL12,25,12,22701.25,SL,-12.0,0,09:30-09:45
2025-06-27,NQ,OR15High,reject,short,TP40_SL20,40,20,22701.25,SL,-20.0,0,09:30-09:45
2025-06-27,NQ,OR15Low,breakout,long,TP25_SL12,25,12,22701.25,TP,25.0,1,09:30-09:45
2025-06-27,NQ,OR15Low,breakout,long,TP40_SL20,40,20,22701.25,TP,40.0,6,09:30-09:45
2025-06-27,NQ,VWAP,reject,short,TP25_SL12,25,12,22701.25,SL,-12.0,0,09:30-09:45
2025-06-27,NQ,VWAP,reject,short,TP40_SL20,40,20,22701.25,SL,-20.0,0,09:30-09:45
2025-06-27,NQ,GlobexLow,breakout,long,TP25_SL12,25,12,22717.75,SL,-12.0,1,09:30-09:45
2025-06-27,NQ,GlobexLow,breakout,long,TP40_SL20,40,20,22717.75,TP,40.0,20,09:30-09:45
2025-06-27,NQ,PriorRTHHigh,breakout,long,TP25_SL12,25,12,22717.75,SL,-12.0,1,09:30-09:45
2025-06-27,NQ,PriorRTHHigh,breakout,long,TP40_SL20,40,20,22717.75,TP,40.0,20,09:30-09:45
2025-06-27,NQ,GlobexLow,reject,short,TP25_SL12,25,12,22707.5,SL,-12.0,0,09:30-09:45
2025-06-27,NQ,GlobexLow,reject,short,TP40_SL20,40,20,22707.5,SL,-20.0,1,09:30-09:45
2025-06-27,NQ,PriorRTHHigh,reject,short,TP25_SL12,25,12,22707.5,SL,-12.0,0,09:30-09:45
2025-06-27,NQ,PriorRTHHigh,reject,short,TP40_SL20,40,20,22707.5,SL,-20.0,1,09:30-09:45
2025-06-27,NQ,OR15Low,reject,short,TP25_SL12,25,12,22707.5,SL,-12.0,0,09:30-09:45
2025-06-27,NQ,OR15Low,reject,short,TP40_SL20,40,20,22707.5,SL,-20.0,1,09:30-09:45
2025-06-27,NQ,GlobexHigh,reject,short,TP25_SL12,25,12,22797.25,SL,-12.0,2,10:00-10:30
2025-06-27,NQ,GlobexHigh,reject,short,TP40_SL20,40,20,22797.25,SL,-20.0,2,10:00-10:30
2025-06-30,NQ,OR15High,reject,short,TP25_SL12,25,12,22831.75,SL,-12.0,5,09:30-09:45
2025-06-30,NQ,OR15High,reject,short,TP40_SL20,40,20,22831.75,SL,-20.0,39,09:30-09:45
2025-06-30,NQ,OR15Low,breakout,long,TP25_SL12,25,12,22831.75,SL,-12.0,1,09:30-09:45
2025-06-30,NQ,OR15Low,breakout,long,TP40_SL20,40,20,22831.75,SL,-20.0,3,09:30-09:45
2025-06-30,NQ,VWAP,reject,short,TP25_SL12,25,12,22831.75,SL,-12.0,5,09:30-09:45
2025-06-30,NQ,VWAP,reject,short,TP40_SL20,40,20,22831.75,SL,-20.0,39,09:30-09:45
2025-06-30,NQ,GlobexLow,reject,short,TP25_SL12,25,12,22828.75,SL,-12.0,4,09:30-09:45
2025-06-30,NQ,GlobexLow,reject,short,TP40_SL20,40,20,22828.75,SL,-20.0,37,09:30-09:45
2025-06-30,NQ,PriorRTHHigh,reject,short,TP25_SL12,25,12,22821.0,SL,-12.0,1,09:30-09:45
2025-06-30,NQ,PriorRTHHigh,reject,short,TP40_SL20,40,20,22821.0,SL,-20.0,2,09:30-09:45
2025-06-30,NQ,OR15Low,reject,short,TP25_SL12,25,12,22833.0,TP,25.0,4,09:30-09:45
2025-06-30,NQ,OR15Low,reject,short,TP40_SL20,40,20,22833.0,SL,-20.0,32,09:30-09:45
2025-06-30,NQ,GlobexHigh,reject,short,TP25_SL12,25,12,22877.25,SL,-12.0,11,14:00-close
2025-06-30,NQ,GlobexHigh,reject,short,TP40_SL20,40,20,22877.25,SL,-20.0,18,14:00-close
2025-07-01,NQ,PriorRTHLow,breakout,long,TP25_SL12,25,12,22813.5,SL,-12.0,0,09:30-09:45
2025-07-01,NQ,PriorRTHLow,breakout,long,TP40_SL20,40,20,22813.5,SL,-20.0,9,09:30-09:45
2025-07-01,NQ,OR15Low,breakout,long,TP25_SL12,25,12,22813.5,SL,-12.0,0,09:30-09:45
2025-07-01,NQ,OR15Low,breakout,long,TP40_SL20,40,20,22813.5,SL,-20.0,9,09:30-09:45
2025-07-01,NQ,OR15High,reject,short,TP25_SL12,25,12,22804.25,SL,-12.0,1,09:30-09:45
2025-07-01,NQ,OR15High,reject,short,TP40_SL20,40,20,22804.25,SL,-20.0,14,09:30-09:45
2025-07-01,NQ,VWAP,reject,short,TP25_SL12,25,12,22804.25,SL,-12.0,1,09:30-09:45
2025-07-01,NQ,VWAP,reject,short,TP40_SL20,40,20,22804.25,SL,-20.0,14,09:30-09:45
2025-07-01,NQ,PriorRTHLow,reject,short,TP25_SL12,25,12,22819.75,SL,-12.0,4,09:45-10:00
2025-07-01,NQ,PriorRTHLow,reject,short,TP40_SL20,40,20,22819.75,SL,-20.0,19,09:45-10:00
2025-07-01,NQ,OR15Low,reject,short,TP25_SL12,25,12,22819.75,SL,-12.0,4,09:45-10:00
2025-07-01,NQ,OR15Low,reject,short,TP40_SL20,40,20,22819.75,SL,-20.0,19,09:45-10:00
2025-07-01,NQ,GlobexLow,breakout,long,TP25_SL12,25,12,22723.5,SL,-12.0,0,10:30-11:00
2025-07-01,NQ,GlobexLow,breakout,long,TP40_SL20,40,20,22723.5,SL,-20.0,2,10:30-11:00
2025-07-01,NQ,GlobexLow,reject,short,TP25_SL12,25,12,22677.75,SL,-12.0,0,11:00-12:00
2025-07-01,NQ,GlobexLow,reject,short,TP40_SL20,40,20,22677.75,SL,-20.0,0,11:00-12:00
2025-07-02,NQ,OR15High,reject,short,TP25_SL12,25,12,22678.5,SL,-12.0,2,09:30-09:45
2025-07-02,NQ,OR15High,reject,short,TP40_SL20,40,20,22678.5,SL,-20.0,4,09:30-09:45
2025-07-02,NQ,OR15Low,reject,short,TP25_SL12,25,12,22678.5,SL,-12.0,2,09:30-09:45
2025-07-02,NQ,OR15Low,reject,short,TP40_SL20,40,20,22678.5,SL,-20.0,4,09:30-09:45
2025-07-02,NQ,VWAP,reject,short,TP25_SL12,25,12,22678.5,SL,-12.0,2,09:30-09:45
2025-07-02,NQ,VWAP,reject,short,TP40_SL20,40,20,22678.5,SL,-20.0,4,09:30-09:45
2025-07-02,NQ,PriorRTHHigh,reject,short,TP25_SL12,25,12,22817.0,SL,-12.0,6,10:30-11:00
2025-07-02,NQ,PriorRTHHigh,reject,short,TP40_SL20,40,20,22817.0,SL,-20.0,10,10:30-11:00
2025-07-03,NQ,OR15High,reject,short,TP25_SL12,25,12,22971.0,SL,-12.0,2,09:30-09:45
2025-07-03,NQ,OR15High,reject,short,TP40_SL20,40,20,22971.0,SL,-20.0,18,09:30-09:45
2025-07-03,NQ,OR15Low,breakout,long,TP25_SL12,25,12,22971.0,SL,-12.0,1,09:30-09:45
2025-07-03,NQ,OR15Low,breakout,long,TP40_SL20,40,20,22971.0,SL,-20.0,6,09:30-09:45
2025-07-03,NQ,VWAP,reject,short,TP25_SL12,25,12,22971.0,SL,-12.0,2,09:30-09:45
2025-07-03,NQ,VWAP,reject,short,TP40_SL20,40,20,22971.0,SL,-20.0,18,09:30-09:45
2025-07-03,NQ,OR15Low,reject,short,TP25_SL12,25,12,22958.0,SL,-12.0,0,09:45-10:00
2025-07-03,NQ,OR15Low,reject,short,TP40_SL20,40,20,22958.0,SL,-20.0,4,09:45-10:00
2025-07-03,NQ,GlobexHigh,reject,short,TP25_SL12,25,12,23051.5,SL,-12.0,6,10:00-10:30
2025-07-03,NQ,GlobexHigh,reject,short,TP40_SL20,40,20,23051.5,SL,-20.0,70,10:00-10:30
2025-07-04,NQ,GlobexLow,breakout,long,TP25_SL12,25,12,22917.0,SL,-12.0,2,09:30-09:45
2025-07-04,NQ,GlobexLow,breakout,long,TP40_SL20,40,20,22917.0,SL,-20.0,2,09:30-09:45
2025-07-04,NQ,OR15Low,breakout,long,TP25_SL12,25,12,22917.0,SL,-12.0,2,09:30-09:45
2025-07-04,NQ,OR15Low,breakout,long,TP40_SL20,40,20,22917.0,SL,-20.0,2,09:30-09:45
2025-07-04,NQ,PriorRTHLow,reject,short,TP25_SL12,25,12,22912.25,SL,-12.0,8,09:30-09:45
2025-07-04,NQ,PriorRTHLow,reject,short,TP40_SL20,40,20,22912.25,SL,-20.0,12,09:30-09:45
2025-07-04,NQ,OR15High,reject,short,TP25_SL12,25,12,22912.25,SL,-12.0,8,09:30-09:45
2025-07-04,NQ,OR15High,reject,short,TP40_SL20,40,20,22912.25,SL,-20.0,12,09:30-09:45
2025-07-04,NQ,VWAP,reject,short,TP25_SL12,25,12,22912.25,SL,-12.0,8,09:30-09:45
2025-07-04,NQ,VWAP,reject,short,TP40_SL20,40,20,22912.25,SL,-20.0,12,09:30-09:45
2025-07-04,NQ,GlobexLow,reject,short,TP25_SL12,25,12,22890.0,SL,-12.0,2,09:30-09:45
2025-07-04,NQ,GlobexLow,reject,short,TP40_SL20,40,20,22890.0,SL,-20.0,2,09:30-09:45
2025-07-04,NQ,OR15Low,reject,short,TP25_SL12,25,12,22890.0,SL,-12.0,2,09:30-09:45
2025-07-04,NQ,OR15Low,reject,short,TP40_SL20,40,20,22890.0,SL,-20.0,2,09:30-09:45
2025-07-07,NQ,OR15High,reject,short,TP25_SL12,25,12,22951.75,TP,25.0,0,09:30-09:45
2025-07-07,NQ,OR15High,reject,short,TP40_SL20,40,20,22951.75,TP,40.0,1,09:30-09:45
2025-07-07,NQ,OR15Low,breakout,long,TP25_SL12,25,12,22951.75,SL,-12.0,0,09:30-09:45
2025-07-07,NQ,OR15Low,breakout,long,TP40_SL20,40,20,22951.75,SL,-20.0,0,09:30-09:45
2025-07-07,NQ,VWAP,reject,short,TP25_SL12,25,12,22951.75,TP,25.0,0,09:30-09:45
2025-07-07,NQ,VWAP,reject,short,TP40_SL20,40,20,22951.75,TP,40.0,1,09:30-09:45
2025-07-07,NQ,PriorRTHHigh,reject,short,TP25_SL12,25,12,22922.0,SL,-12.0,1,09:30-09:45
2025-07-07,NQ,PriorRTHHigh,reject,short,TP40_SL20,40,20,22922.0,SL,-20.0,3,09:30-09:45
2025-07-07,NQ,PriorRTHLow,breakout,long,TP25_SL12,25,12,22922.0,SL,-12.0,0,09:30-09:45
2025-07-07,NQ,PriorRTHLow,breakout,long,TP40_SL20,40,20,22922.0,SL,-20.0,0,09:30-09:45
2025-07-07,NQ,OR15Low,reject,short,TP25_SL12,25,12,22923.0,SL,-12.0,0,09:30-09:45
2025-07-07,NQ,OR15Low,reject,short,TP40_SL20,40,20,22923.0,SL,-20.0,0,09:30-09:45
2025-07-07,NQ,PriorRTHLow,reject,short,TP25_SL12,25,12,22891.0,SL,-12.0,4,10:30-11:00
2025-07-07,NQ,PriorRTHLow,reject,short,TP40_SL20,40,20,22891.0,SL,-20.0,5,10:30-11:00
2025-07-07,NQ,GlobexLow,breakout,long,TP25_SL12,25,12,22853.0,SL,-12.0,0,12:00-14:00
2025-07-07,NQ,GlobexLow,breakout,long,TP40_SL20,40,20,22853.0,TP,40.0,1,12:00-14:00
2025-07-07,NQ,GlobexLow,reject,short,TP25_SL12,25,12,22799.5,SL,-12.0,2,14:00-close
2025-07-07,NQ,GlobexLow,reject,short,TP40_SL20,40,20,22799.5,SL,-20.0,2,14:00-close
2025-07-08,NQ,OR15High,reject,short,TP25_SL12,25,12,22915.75,TP,25.0,7,09:30-09:45
2025-07-08,NQ,OR15High,reject,short,TP40_SL20,40,20,22915.75,TP,40.0,27,09:30-09:45
2025-07-08,NQ,OR15Low,breakout,long,TP25_SL12,25,12,22915.75,SL,-12.0,1,09:30-09:45
2025-07-08,NQ,OR15Low,breakout,long,TP40_SL20,40,20,22915.75,SL,-20.0,3,09:30-09:45
2025-07-08,NQ,VWAP,reject,short,TP25_SL12,25,12,22915.75,TP,25.0,7,09:30-09:45
2025-07-08,NQ,VWAP,reject,short,TP40_SL20,40,20,22915.75,TP,40.0,27,09:30-09:45
2025-07-08,NQ,GlobexLow,breakout,long,TP25_SL12,25,12,22901.75,SL,-12.0,5,09:30-09:45
2025-07-08,NQ,GlobexLow,breakout,long,TP40_SL20,40,20,22901.75,SL,-20.0,24,09:30-09:45
2025-07-08,NQ,OR15Low,reject,short,TP25_SL12,25,12,22894.75,SL,-12.0,0,09:30-09:45
2025-07-08,NQ,OR15Low,reject,short,TP40_SL20,40,20,22894.75,SL,-20.0,1,09:30-09:45
2025-07-08,NQ,GlobexLow,reject,short,TP25_SL12,25,12,22856.5,SL,-12.0,3,10:30-11:00
2025-07-08,NQ,GlobexLow,reject,short,TP40_SL20,40,20,22856.5,SL,-20.0,4,10:30-11:00
2025-07-08,NQ,GlobexHigh,reject,short,TP25_SL12,25,12,22951.25,TP,25.0,3,12:00-14:00
2025-07-08,NQ,GlobexHigh,reject,short,TP40_SL20,40,20,22951.25,TP,40.0,6,12:00-14:00
2025-07-08,NQ,PriorRTHHigh,reject,short,TP25_SL12,25,12,22951.25,TP,25.0,3,12:00-14:00
2025-07-08,NQ,PriorRTHHigh,reject,short,TP40_SL20,40,20,22951.25,TP,40.0,6,12:00-14:00
2025-07-09,NQ,PriorRTHHigh,breakout,long,TP25_SL12,25,12,23013.5,TP,25.0,2,09:30-09:45
2025-07-09,NQ,PriorRTHHigh,breakout,long,TP40_SL20,40,20,23013.5,TP,40.0,7,09:30-09:45
2025-07-09,NQ,OR15Low,breakout,long,TP25_SL12,25,12,23013.5,TP,25.0,2,09:30-09:45
2025-07-09,NQ,OR15Low,breakout,long,TP40_SL20,40,20,23013.5,TP,40.0,7,09:30-09:45
2025-07-09,NQ,VWAP,reject,short,TP25_SL12,25,12,23027.25,SL,-12.0,1,09:30-09:45
2025-07-09,NQ,VWAP,reject,short,TP40_SL20,40,20,23027.25,SL,-20.0,3,09:30-09:45
2025-07-09,NQ,GlobexHigh,reject,short,TP25_SL12,25,12,23084.0,SL,-12.0,8,09:45-10:00
2025-07-09,NQ,GlobexHigh,reject,short,TP40_SL20,40,20,23084.0,SL,-20.0,8,09:45-10:00
2025-07-09,NQ,OR15High,reject,short,TP25_SL12,25,12,23084.0,SL,-12.0,8,09:45-10:00
2025-07-09,NQ,OR15High,reject,short,TP40_SL20,40,20,23084.0,SL,-20.0,8,09:45-10:00
2025-07-09,NQ,PriorRTHHigh,reject,short,TP25_SL12,25,12,22993.75,TP,25.0,6,10:30-11:00
2025-07-09,NQ,PriorRTHHigh,reject,short,TP40_SL20,40,20,22993.75,TP,40.0,9,10:30-11:00
2025-07-09,NQ,OR15Low,reject,short,TP25_SL12,25,12,22993.75,TP,25.0,6,10:30-11:00
2025-07-09,NQ,OR15Low,reject,short,TP40_SL20,40,20,22993.75,TP,40.0,9,10:30-11:00
2025-07-10,NQ,GlobexHigh,reject,short,TP25_SL12,25,12,23043.5,TP,25.0,13,09:30-09:45
2025-07-10,NQ,GlobexHigh,reject,short,TP40_SL20,40,20,23043.5,TP,40.0,15,09:30-09:45
2025-07-10,NQ,OR15High,reject,short,TP25_SL12,25,12,23043.5,TP,25.0,13,09:30-09:45
2025-07-10,NQ,OR15High,reject,short,TP40_SL20,40,20,23043.5,TP,40.0,15,09:30-09:45
2025-07-10,NQ,OR15Low,breakout,long,TP25_SL12,25,12,23043.5,SL,-12.0,0,09:30-09:45
2025-07-10,NQ,OR15Low,breakout,long,TP40_SL20,40,20,23043.5,SL,-20.0,1,09:30-09:45
2025-07-10,NQ,VWAP,reject,short,TP25_SL12,25,12,23043.5,TP,25.0,13,09:30-09:45
2025-07-10,NQ,VWAP,reject,short,TP40_SL20,40,20,23043.5,TP,40.0,15,09:30-09:45
2025-07-10,NQ,OR15Low,reject,short,TP25_SL12,25,12,23030.5,TP,25.0,7,09:30-09:45
2025-07-10,NQ,OR15Low,reject,short,TP40_SL20,40,20,23030.5,TP,40.0,8,09:30-09:45
2025-07-10,NQ,PriorRTHLow,breakout,long,TP25_SL12,25,12,22966.25,SL,-12.0,0,09:45-10:00
2025-07-10,NQ,PriorRTHLow,breakout,long,TP40_SL20,40,20,22966.25,SL,-20.0,0,09:45-10:00
2025-07-10,NQ,PriorRTHLow,reject,short,TP25_SL12,25,12,22932.25,TP,25.0,2,10:00-10:30
2025-07-10,NQ,PriorRTHLow,reject,short,TP40_SL20,40,20,22932.25,SL,-20.0,11,10:00-10:30
2025-07-11,NQ,PriorRTHLow,breakout,long,TP25_SL12,25,12,22927.75,SL,-12.0,2,09:30-09:45
2025-07-11,NQ,PriorRTHLow,breakout,long,TP40_SL20,40,20,22927.75,SL,-20.0,4,09:30-09:45
2025-07-11,NQ,OR15High,reject,short,TP25_SL12,25,12,22927.75,TP,25.0,4,09:30-09:45
2025-07-11,NQ,OR15High,reject,short,TP40_SL20,40,20,22927.75,TP,40.0,5,09:30-09:45
2025-07-11,NQ,VWAP,reject,short,TP25_SL12,25,12,22927.75,TP,25.0,4,09:30-09:45
2025-07-11,NQ,VWAP,reject,short,TP40_SL20,40,20,22927.75,TP,40.0,5,09:30-09:45
2025-07-11,NQ,OR15Low,breakout,long,TP25_SL12,25,12,22920.5,SL,-12.0,1,09:30-09:45
2025-07-11,NQ,OR15Low,breakout,long,TP40_SL20,40,20,22920.5,SL,-20.0,1,09:30-09:45
2025-07-11,NQ,GlobexLow,breakout,long,TP25_SL12,25,12,22895.0,SL,-12.0,1,09:30-09:45
2025-07-11,NQ,GlobexLow,breakout,long,TP40_SL20,40,20,22895.0,SL,-20.0,1,09:30-09:45
2025-07-11,NQ,PriorRTHLow,reject,short,TP25_SL12,25,12,22888.75,TP,25.0,6,09:30-09:45
2025-07-11,NQ,PriorRTHLow,reject,short,TP40_SL20,40,20,22888.75,SL,-20.0,9,09:30-09:45
2025-07-11,NQ,OR15Low,reject,short,TP25_SL12,25,12,22874.5,SL,-12.0,2,09:30-09:45
2025-07-11,NQ,OR15Low,reject,short,TP40_SL20,40,20,22874.5,SL,-20.0,3,09:30-09:45
2025-07-11,NQ,GlobexHigh,reject,short,TP25_SL12,25,12,22957.25,SL,-12.0,4,10:00-10:30
2025-07-11,NQ,GlobexHigh,reject,short,TP40_SL20,40,20,22957.25,SL,-20.0,10,10:00-10:30
2025-07-14,NQ,OR15High,reject,short,TP25_SL12,25,12,22948.0,SL,-12.0,0,09:30-09:45
2025-07-14,NQ,OR15High,reject,short,TP40_SL20,40,20,22948.0,TP,40.0,8,09:30-09:45
2025-07-14,NQ,VWAP,reject,short,TP25_SL12,25,12,22948.0,SL,-12.0,0,09:30-09:45
2025-07-14,NQ,VWAP,reject,short,TP40_SL20,40,20,22948.0,TP,40.0,8,09:30-09:45
2025-07-14,NQ,PriorRTHLow,breakout,long,TP25_SL12,25,12,22913.75,SL,-12.0,0,09:30-09:45
2025-07-14,NQ,PriorRTHLow,breakout,long,TP40_SL20,40,20,22913.75,SL,-20.0,0,09:30-09:45
2025-07-14,NQ,OR15Low,breakout,long,TP25_SL12,25,12,22878.0,SL,-12.0,0,09:30-09:45
2025-07-14,NQ,OR15Low,breakout,long,TP40_SL20,40,20,22878.0,SL,-20.0,0,09:30-09:45
2025-07-14,NQ,PriorRTHLow,reject,short,TP25_SL12,25,12,22853.75,SL,-12.0,0,09:45-10:00
2025-07-14,NQ,PriorRTHLow,reject,short,TP40_SL20,40,20,22853.75,SL,-20.0,2,09:45-10:00
2025-07-14,NQ,GlobexLow,breakout,long,TP25_SL12,25,12,22865.5,SL,-12.0,0,09:45-10:00
2025-07-14,NQ,GlobexLow,breakout,long,TP40_SL20,40,20,22865.5,TP,40.0,2,09:45-10:00
2025-07-14,NQ,OR15Low,reject,short,TP25_SL12,25,12,22862.0,SL,-12.0,0,09:45-10:00
2025-07-14,NQ,OR15Low,reject,short,TP40_SL20,40,20,22862.0,SL,-20.0,0,09:45-10:00
2025-07-14,NQ,PriorRTHHigh,reject,short,TP25_SL12,25,12,23008.25,SL,-12.0,11,11:00-12:00
2025-07-14,NQ,PriorRTHHigh,reject,short,TP40_SL20,40,20,23008.25,SL,-20.0,65,11:00-12:00
2025-07-15,NQ,GlobexHigh,reject,short,TP25_SL12,25,12,23192.25,TP,25.0,1,09:30-09:45
2025-07-15,NQ,GlobexHigh,reject,short,TP40_SL20,40,20,23192.25,TP,40.0,7,09:30-09:45
2025-07-15,NQ,OR15High,reject,short,TP25_SL12,25,12,23192.25,TP,25.0,1,09:30-09:45
2025-07-15,NQ,OR15High,reject,short,TP40_SL20,40,20,23192.25,TP,40.0,7,09:30-09:45
2025-07-15,NQ,VWAP,reject,short,TP25_SL12,25,12,23192.25,TP,25.0,1,09:30-09:45
2025-07-15,NQ,VWAP,reject,short,TP40_SL20,40,20,23192.25,TP,40.0,7,09:30-09:45
2025-07-15,NQ,OR15Low,breakout,long,TP25_SL12,25,12,23161.5,SL,-12.0,5,09:30-09:45
2025-07-15,NQ,OR15Low,breakout,long,TP40_SL20,40,20,23161.5,SL,-20.0,5,09:30-09:45
2025-07-15,NQ,OR15Low,reject,short,TP25_SL12,25,12,23161.5,TP,25.0,12,09:45-10:00
2025-07-15,NQ,OR15Low,reject,short,TP40_SL20,40,20,23161.5,TP,40.0,13,09:45-10:00
2025-07-15,NQ,PriorRTHHigh,breakout,long,TP25_SL12,25,12,23123.25,SL,-12.0,1,10:30-11:00
2025-07-15,NQ,PriorRTHHigh,breakout,long,TP40_SL20,40,20,23123.25,SL,-20.0,1,10:30-11:00
2025-07-15,NQ,PriorRTHHigh,reject,short,TP25_SL12,25,12,23073.75,EOD,21.5,1,14:00-close
2025-07-15,NQ,PriorRTHHigh,reject,short,TP40_SL20,40,20,23073.75,EOD,21.5,1,14:00-close
2025-07-16,NQ,GlobexHigh,reject,short,TP25_SL12,25,12,23041.0,SL,-12.0,0,09:30-09:45
2025-07-16,NQ,GlobexHigh,reject,short,TP40_SL20,40,20,23041.0,TP,40.0,9,09:30-09:45
2025-07-16,NQ,PriorRTHLow,reject,short,TP25_SL12,25,12,23041.0,SL,-12.0,0,09:30-09:45
2025-07-16,NQ,PriorRTHLow,reject,short,TP40_SL20,40,20,23041.0,TP,40.0,9,09:30-09:45
2025-07-16,NQ,OR15High,reject,short,TP25_SL12,25,12,23041.0,SL,-12.0,0,09:30-09:45
2025-07-16,NQ,OR15High,reject,short,TP40_SL20,40,20,23041.0,TP,40.0,9,09:30-09:45
2025-07-16,NQ,OR15Low,breakout,long,TP25_SL12,25,12,23041.0,SL,-12.0,1,09:30-09:45
2025-07-16,NQ,OR15Low,breakout,long,TP40_SL20,40,20,23041.0,SL,-20.0,1,09:30-09:45
2025-07-16,NQ,VWAP,reject,short,TP25_SL12,25,12,23041.0,SL,-12.0,0,09:30-09:45
2025-07-16,NQ,VWAP,reject,short,TP40_SL20,40,20,23041.0,TP,40.0,9,09:30-09:45
2025-07-16,NQ,OR15Low,reject,short,TP25_SL12,25,12,23014.75,SL,-12.0,4,09:30-09:45
2025-07-16,NQ,OR15Low,reject,short,TP40_SL20,40,20,23014.75,TP,40.0,6,09:30-09:45
2025-07-16,NQ,GlobexLow,breakout,long,TP25_SL12,25,12,22975.0,SL,-12.0,3,09:45-10:00
2025-07-16,NQ,GlobexLow,breakout,long,TP40_SL20,40,20,22975.0,SL,-20.0,15,09:45-10:00
2025-07-16,NQ,GlobexLow,reject,short,TP25_SL12,25,12,22909.0,SL,-12.0,0,11:00-12:00
2025-07-16,NQ,GlobexLow,reject,short,TP40_SL20,40,20,22909.0,SL,-20.0,1,11:00-12:00
2025-07-17,NQ,PriorRTHHigh,reject,short,TP25_SL12,25,12,23082.0,SL,-12.0,7,09:30-09:45
2025-07-17,NQ,PriorRTHHigh,reject,short,TP40_SL20,40,20,23082.0,SL,-20.0,8,09:30-09:45
2025-07-17,NQ,OR15High,reject,short,TP25_SL12,25,12,23082.0,SL,-12.0,7,09:30-09:45
2025-07-17,NQ,OR15High,reject,short,TP40_SL20,40,20,23082.0,SL,-20.0,8,09:30-09:45
2025-07-17,NQ,OR15Low,breakout,long,TP25_SL12,25,12,23082.0,SL,-12.0,0,09:30-09:45
2025-07-17,NQ,OR15Low,breakout,long,TP40_SL20,40,20,23082.0,TP,40.0,9,09:30-09:45
2025-07-17,NQ,VWAP,reject,short,TP25_SL12,25,12,23082.0,SL,-12.0,7,09:30-09:45
2025-07-17,NQ,VWAP,reject,short,TP40_SL20,40,20,23082.0,SL,-20.0,8,09:30-09:45
2025-07-17,NQ,GlobexLow,breakout,long,TP25_SL12,25,12,23073.75,TP,25.0,7,09:30-09:45
2025-07-17,NQ,GlobexLow,breakout,long,TP40_SL20,40,20,23073.75,TP,40.0,7,09:30-09:45
2025-07-17,NQ,OR15Low,reject,short,TP25_SL12,25,12,23073.0,SL,-12.0,0,09:30-09:45
2025-07-17,NQ,OR15Low,reject,short,TP40_SL20,40,20,23073.0,SL,-20.0,1,09:30-09:45
2025-07-17,NQ,GlobexHigh,reject,short,TP25_SL12,25,12,23249.75,SL,-12.0,5,12:00-14:00
2025-07-17,NQ,GlobexHigh,reject,short,TP40_SL20,40,20,23249.75,SL,-20.0,5,12:00-14:00
2025-07-18,NQ,GlobexLow,breakout,long,TP25_SL12,25,12,23297.0,SL,-12.0,0,09:30-09:45
2025-07-18,NQ,GlobexLow,breakout,long,TP40_SL20,40,20,23297.0,SL,-20.0,3,09:30-09:45
2025-07-18,NQ,PriorRTHHigh,reject,short,TP25_SL12,25,12,23297.0,SL,-12.0,1,09:30-09:45
2025-07-18,NQ,PriorRTHHigh,reject,short,TP40_SL20,40,20,23297.0,TP,40.0,19,09:30-09:45
2025-07-18,NQ,OR15High,reject,short,TP25_SL12,25,12,23297.0,SL,-12.0,1,09:30-09:45
2025-07-18,NQ,OR15High,reject,short,TP40_SL20,40,20,23297.0,TP,40.0,19,09:30-09:45
2025-07-18,NQ,OR15Low,breakout,long,TP25_SL12,25,12,23297.0,SL,-12.0,0,09:30-09:45
2025-07-18,NQ,OR15Low,breakout,long,TP40_SL20,40,20,23297.0,SL,-20.0,3,09:30-09:45
2025-07-18,NQ,VWAP,reject,short,TP25_SL12,25,12,23297.0,SL,-12.0,1,09:30-09:45
2025-07-18,NQ,VWAP,reject,short,TP40_SL20,40,20,23297.0,TP,40.0,19,09:30-09:45
2025-07-18,NQ,GlobexHigh,reject,short,TP25_SL12,25,12,23291.5,TP,25.0,3,09:30-09:45
2025-07-18,NQ,GlobexHigh,reject,short,TP40_SL20,40,20,23291.5,TP,40.0,28,09:30-09:45
2025-07-18,NQ,OR15Low,reject,short,TP25_SL12,25,12,23267.75,SL,-12.0,1,09:45-10:00
2025-07-18,NQ,OR15Low,reject,short,TP40_SL20,40,20,23267.75,SL,-20.0,1,09:45-10:00
2025-07-18,NQ,GlobexLow,reject,short,TP25_SL12,25,12,23260.25,SL,-12.0,3,09:45-10:00
2025-07-18,NQ,GlobexLow,reject,short,TP40_SL20,40,20,23260.25,SL,-20.0,3,09:45-10:00
2025-07-21,NQ,OR15Low,breakout,long,TP25_SL12,25,12,23295.25,TP,25.0,3,09:30-09:45
2025-07-21,NQ,OR15Low,breakout,long,TP40_SL20,40,20,23295.25,TP,40.0,7,09:30-09:45
2025-07-21,NQ,VWAP,breakout,long,TP25_SL12,25,12,23316.0,TP,25.0,4,09:30-09:45
2025-07-21,NQ,VWAP,breakout,long,TP40_SL20,40,20,23316.0,TP,40.0,7,09:30-09:45
2025-07-21,NQ,PriorRTHHigh,breakout,long,TP25_SL12,25,12,23345.5,SL,-12.0,1,09:30-09:45
2025-07-21,NQ,PriorRTHHigh,breakout,long,TP40_SL20,40,20,23345.5,TP,40.0,5,09:30-09:45
2025-07-21,NQ,OR15High,breakout,long,TP25_SL12,25,12,23375.5,TP,25.0,13,09:45-10:00
2025-07-21,NQ,OR15High,breakout,long,TP40_SL20,40,20,23375.5,TP,40.0,32,09:45-10:00
2025-07-21,NQ,GlobexHigh,reject,short,TP25_SL12,25,12,23371.0,SL,-12.0,1,09:45-10:00
2025-07-21,NQ,GlobexHigh,reject,short,TP40_SL20,40,20,23371.0,SL,-20.0,5,09:45-10:00
2025-07-21,NQ,OR15High,reject,short,TP25_SL12,25,12,23371.0,SL,-12.0,1,09:45-10:00
2025-07-21,NQ,OR15High,reject,short,TP40_SL20,40,20,23371.0,SL,-20.0,5,09:45-10:00
2025-07-21,NQ,VWAP,reject,short,TP25_SL12,25,12,23383.0,SL,-12.0,4,11:00-12:00
2025-07-21,NQ,VWAP,reject,short,TP40_SL20,40,20,23383.0,SL,-20.0,27,11:00-12:00
2025-07-22,NQ,GlobexHigh,reject,short,TP25_SL12,25,12,23294.25,SL,-12.0,2,09:30-09:45
2025-07-22,NQ,GlobexHigh,reject,short,TP40_SL20,40,20,23294.25,SL,-20.0,6,09:30-09:45
2025-07-22,NQ,PriorRTHLow,breakout,long,TP25_SL12,25,12,23294.25,SL,-12.0,8,09:30-09:45
2025-07-22,NQ,PriorRTHLow,breakout,long,TP40_SL20,40,20,23294.25,SL,-20.0,8,09:30-09:45
2025-07-22,NQ,OR15Low,breakout,long,TP25_SL12,25,12,23294.25,SL,-12.0,8,09:30-09:45
2025-07-22,NQ,OR15Low,breakout,long,TP40_SL20,40,20,23294.25,SL,-20.0,8,09:30-09:45
2025-07-22,NQ,VWAP,reject,short,TP25_SL12,25,12,23294.25,SL,-12.0,2,09:30-09:45
2025-07-22,NQ,VWAP,reject,short,TP40_SL20,40,20,23294.25,SL,-20.0,6,09:30-09:45
2025-07-22,NQ,OR15Low,reject,short,TP25_SL12,25,12,23261.5,SL,-12.0,0,09:30-09:45
2025-07-22,NQ,OR15Low,reject,short,TP40_SL20,40,20,23261.5,SL,-20.0,0,09:30-09:45
2025-07-22,NQ,PriorRTHLow,reject,short,TP25_SL12,25,12,23232.25,TP,25.0,3,09:45-10:00
2025-07-22,NQ,PriorRTHLow,reject,short,TP40_SL20,40,20,23232.25,TP,40.0,4,09:45-10:00
2025-07-22,NQ,GlobexLow,breakout,long,TP25_SL12,25,12,23213.0,SL,-12.0,1,09:45-10:00
2025-07-22,NQ,GlobexLow,breakout,long,TP40_SL20,40,20,23213.0,SL,-20.0,1,09:45-10:00
2025-07-22,NQ,GlobexLow,reject,short,TP25_SL12,25,12,23141.75,TP,25.0,0,09:45-10:00
2025-07-22,NQ,GlobexLow,reject,short,TP40_SL20,40,20,23141.75,SL,-20.0,2,09:45-10:00
2025-07-23,NQ,GlobexLow,reject,short,TP25_SL12,25,12,23202.5,SL,-12.0,0,09:30-09:45
2025-07-23,NQ,GlobexLow,reject,short,TP40_SL20,40,20,23202.5,SL,-20.0,2,09:30-09:45
2025-07-23,NQ,VWAP,reject,short,TP25_SL12,25,12,23202.5,SL,-12.0,0,09:30-09:45
2025-07-23,NQ,VWAP,reject,short,TP40_SL20,40,20,23202.5,SL,-20.0,2,09:30-09:45
2025-07-23,NQ,OR15Low,reject,short,TP25_SL12,25,12,23225.5,TP,25.0,8,09:30-09:45
2025-07-23,NQ,OR15Low,reject,short,TP40_SL20,40,20,23225.5,TP,40.0,9,09:30-09:45
2025-07-23,NQ,PriorRTHLow,breakout,long,TP25_SL12,25,12,23159.0,TP,25.0,8,10:00-10:30
2025-07-23,NQ,PriorRTHLow,breakout,long,TP40_SL20,40,20,23159.0,TP,40.0,55,10:00-10:30
2025-07-23,NQ,OR15High,reject,short,TP25_SL12,25,12,23266.0,SL,-12.0,0,11:00-12:00
2025-07-23,NQ,OR15High,reject,short,TP40_SL20,40,20,23266.0,SL,-20.0,0,11:00-12:00
2025-07-24,NQ,GlobexLow,breakout,long,TP25_SL12,25,12,23358.25,SL,-12.0,3,09:30-09:45
2025-07-24,NQ,GlobexLow,breakout,long,TP40_SL20,40,20,23358.25,SL,-20.0,5,09:30-09:45
2025-07-24,NQ,PriorRTHHigh,breakout,long,TP25_SL12,25,12,23358.25,SL,-12.0,3,09:30-09:45
2025-07-24,NQ,PriorRTHHigh,breakout,long,TP40_SL20,40,20,23358.25,SL,-20.0,5,09:30-09:45
2025-07-24,NQ,OR15High,reject,short,TP25_SL12,25,12,23358.25,SL,-12.0,1,09:30-09:45
2025-07-24,NQ,OR15High,reject,short,TP40_SL20,40,20,23358.25,SL,-20.0,13,09:30-09:45
2025-07-24,NQ,VWAP,reject,short,TP25_SL12,25,12,23358.25,SL,-12.0,1,09:30-09:45
2025-07-24,NQ,VWAP,reject,short,TP40_SL20,40,20,23358.25,SL,-20.0,13,09:30-09:45
2025-07-24,NQ,OR15Low,breakout,long,TP25_SL12,25,12,23355.5,SL,-12.0,4,09:30-09:45
2025-07-24,NQ,OR15Low,breakout,long,TP40_SL20,40,20,23355.5,SL,-20.0,6,09:30-09:45
2025-07-24,NQ,OR15Low,reject,short,TP25_SL12,25,12,23335.5,SL,-12.0,0,09:30-09:45
2025-07-24,NQ,OR15Low,reject,short,TP40_SL20,40,20,23335.5,SL,-20.0,2,09:30-09:45
2025-07-24,NQ,GlobexLow,reject,short,TP25_SL12,25,12,23329.25,TP,25.0,3,10:00-10:30
2025-07-24,NQ,GlobexLow,reject,short,TP40_SL20,40,20,23329.25,SL,-20.0,26,10:00-10:30
2025-07-24,NQ,PriorRTHHigh,reject,short,TP25_SL12,25,12,23310.5,SL,-12.0,2,10:00-10:30
2025-07-24,NQ,PriorRTHHigh,reject,short,TP40_SL20,40,20,23310.5,SL,-20.0,5,10:00-10:30
2025-07-24,NQ,GlobexHigh,reject,short,TP25_SL12,25,12,23405.75,TP,25.0,41,12:00-14:00
2025-07-24,NQ,GlobexHigh,reject,short,TP40_SL20,40,20,23405.75,EOD,29.0,163,12:00-14:00
2025-07-25,NQ,GlobexLow,reject,short,TP25_SL12,25,12,23357.5,SL,-12.0,1,09:30-09:45
2025-07-25,NQ,GlobexLow,reject,short,TP40_SL20,40,20,23357.5,SL,-20.0,2,09:30-09:45
2025-07-25,NQ,OR15High,reject,short,TP25_SL12,25,12,23357.5,SL,-12.0,1,09:30-09:45
2025-07-25,NQ,OR15High,reject,short,TP40_SL20,40,20,23357.5,SL,-20.0,2,09:30-09:45
2025-07-25,NQ,OR15Low,breakout,long,TP25_SL12,25,12,23357.5,SL,-12.0,4,09:30-09:45
2025-07-25,NQ,OR15Low,breakout,long,TP40_SL20,40,20,23357.5,SL,-20.0,5,09:30-09:45
2025-07-25,NQ,VWAP,reject,short,TP25_SL12,25,12,23357.5,SL,-12.0,1,09:30-09:45
2025-07-25,NQ,VWAP,reject,short,TP40_SL20,40,20,23357.5,SL,-20.0,2,09:30-09:45
2025-07-25,NQ,PriorRTHLow,breakout,long,TP25_SL12,25,12,23346.0,SL,-12.0,0,09:30-09:45
2025-07-25,NQ,PriorRTHLow,breakout,long,TP40_SL20,40,20,23346.0,TP,40.0,13,09:30-09:45
2025-07-25,NQ,PriorRTHHigh,reject,short,TP25_SL12,25,12,23384.25,SL,-12.0,0,09:45-10:00
2025-07-25,NQ,PriorRTHHigh,reject,short,TP40_SL20,40,20,23384.25,SL,-20.0,3,09:45-10:00
2025-07-25,NQ,GlobexHigh,reject,short,TP25_SL12,25,12,23387.75,SL,-12.0,1,10:00-10:30
2025-07-25,NQ,GlobexHigh,reject,short,TP40_SL20,40,20,23387.75,SL,-20.0,5,10:00-10:30
2025-07-28,NQ,PriorRTHHigh,reject,short,TP25_SL12,25,12,23475.25,SL,-12.0,0,09:30-09:45
2025-07-28,NQ,PriorRTHHigh,reject,short,TP40_SL20,40,20,23475.25,SL,-20.0,2,09:30-09:45
2025-07-28,NQ,OR15High,reject,short,TP25_SL12,25,12,23475.25,SL,-12.0,0,09:30-09:45
2025-07-28,NQ,OR15High,reject,short,TP40_SL20,40,20,23475.25,SL,-20.0,2,09:30-09:45
2025-07-28,NQ,VWAP,reject,short,TP25_SL12,25,12,23475.25,SL,-12.0,0,09:30-09:45
2025-07-28,NQ,VWAP,reject,short,TP40_SL20,40,20,23475.25,SL,-20.0,2,09:30-09:45
2025-07-28,NQ,GlobexLow,breakout,long,TP25_SL12,25,12,23498.0,SL,-12.0,3,09:30-09:45
2025-07-28,NQ,GlobexLow,breakout,long,TP40_SL20,40,20,23498.0,SL,-20.0,4,09:30-09:45
2025-07-28,NQ,OR15Low,breakout,long,TP25_SL12,25,12,23498.0,SL,-12.0,3,09:30-09:45
2025-07-28,NQ,OR15Low,breakout,long,TP40_SL20,40,20,23498.0,SL,-20.0,4,09:30-09:45
2025-07-28,NQ,GlobexLow,reject,short,TP25_SL12,25,12,23493.25,SL,-12.0,6,09:30-09:45
2025-07-28,NQ,GlobexLow,reject,short,TP40_SL20,40,20,23493.25,SL,-20.0,6,09:30-09:45
2025-07-28,NQ,OR15Low,reject,short,TP25_SL12,25,12,23493.25,SL,-12.0,6,09:30-09:45
2025-07-28,NQ,OR15Low,reject,short,TP40_SL20,40,20,23493.25,SL,-20.0,6,09:30-09:45
2025-07-29,NQ,OR15Low,breakout,long,TP25_SL12,25,12,23623.0,TP,25.0,4,09:30-09:45
2025-07-29,NQ,OR15Low,breakout,long,TP40_SL20,40,20,23623.0,SL,-20.0,15,09:30-09:45
2025-07-29,NQ,GlobexHigh,breakout,long,TP25_SL12,25,12,23641.75,SL,-12.0,4,09:30-09:45
2025-07-29,NQ,GlobexHigh,breakout,long,TP40_SL20,40,20,23641.75,SL,-20.0,5,09:30-09:45
2025-07-29,NQ,GlobexHigh,reject,short,TP25_SL12,25,12,23636.5,TP,25.0,4,09:30-09:45
2025-07-29,NQ,GlobexHigh,reject,short,TP40_SL20,40,20,23636.5,TP,40.0,7,09:30-09:45
2025-07-29,NQ,OR15High,reject,short,TP25_SL12,25,12,23636.5,TP,25.0,4,09:30-09:45
2025-07-29,NQ,OR15High,reject,short,TP40_SL20,40,20,23636.5,TP,40.0,7,09:30-09:45
2025-07-29,NQ,VWAP,reject,short,TP25_SL12,25,12,23636.5,TP,25.0,4,09:30-09:45
2025-07-29,NQ,VWAP,reject,short,TP40_SL20,40,20,23636.5,TP,40.0,7,09:30-09:45
2025-07-29,NQ,PriorRTHHigh,breakout,long,TP25_SL12,25,12,23590.0,SL,-12.0,0,09:45-10:00
2025-07-29,NQ,PriorRTHHigh,breakout,long,TP40_SL20,40,20,23590.0,SL,-20.0,0,09:45-10:00
2025-07-29,NQ,OR15Low,reject,short,TP25_SL12,25,12,23590.0,TP,25.0,0,09:45-10:00
2025-07-29,NQ,OR15Low,reject,short,TP40_SL20,40,20,23590.0,TP,40.0,36,09:45-10:00
2025-07-29,NQ,PriorRTHHigh,reject,short,TP25_SL12,25,12,23556.5,SL,-12.0,1,10:30-11:00
2025-07-29,NQ,PriorRTHHigh,reject,short,TP40_SL20,40,20,23556.5,SL,-20.0,7,10:30-11:00
2025-07-29,NQ,GlobexLow,breakout,long,TP25_SL12,25,12,23504.0,SL,-12.0,6,11:00-12:00
2025-07-29,NQ,GlobexLow,breakout,long,TP40_SL20,40,20,23504.0,SL,-20.0,8,11:00-12:00
2025-07-29,NQ,PriorRTHLow,breakout,long,TP25_SL12,25,12,23479.0,SL,-12.0,2,11:00-12:00
2025-07-29,NQ,PriorRTHLow,breakout,long,TP40_SL20,40,20,23479.0,SL,-20.0,3,11:00-12:00
2025-07-29,NQ,GlobexLow,reject,short,TP25_SL12,25,12,23455.5,SL,-12.0,0,11:00-12:00
2025-07-29,NQ,GlobexLow,reject,short,TP40_SL20,40,20,23455.5,SL,-20.0,0,11:00-12:00
2025-07-29,NQ,PriorRTHLow,reject,short,TP25_SL12,25,12,23467.75,SL,-12.0,0,11:00-12:00
2025-07-29,NQ,PriorRTHLow,reject,short,TP40_SL20,40,20,23467.75,SL,-20.0,0,11:00-12:00
2025-07-30,NQ,GlobexLow,reject,short,TP25_SL12,25,12,23459.0,SL,-12.0,0,09:30-09:45
2025-07-30,NQ,GlobexLow,reject,short,TP40_SL20,40,20,23459.0,SL,-20.0,0,09:30-09:45
2025-07-30,NQ,PriorRTHLow,breakout,long,TP25_SL12,25,12,23459.0,TP,25.0,0,09:30-09:45
2025-07-30,NQ,PriorRTHLow,breakout,long,TP40_SL20,40,20,23459.0,TP,40.0,2,09:30-09:45
2025-07-30,NQ,VWAP,reject,short,TP25_SL12,25,12,23459.0,SL,-12.0,0,09:30-09:45
2025-07-30,NQ,VWAP,reject,short,TP40_SL20,40,20,23459.0,SL,-20.0,0,09:30-09:45
2025-07-30,NQ,OR15Low,breakout,long,TP25_SL12,25,12,23486.75,TP,25.0,10,09:30-09:45
2025-07-30,NQ,OR15Low,breakout,long,TP40_SL20,40,20,23486.75,TP,40.0,57,09:30-09:45
2025-07-30,NQ,OR15High,reject,short,TP25_SL12,25,12,23496.0,SL,-12.0,7,09:30-09:45
2025-07-30,NQ,OR15High,reject,short,TP40_SL20,40,20,23496.0,SL,-20.0,8,09:30-09:45
2025-07-30,NQ,OR15Low,reject,short,TP25_SL12,25,12,23496.0,SL,-12.0,7,09:30-09:45
2025-07-30,NQ,OR15Low,reject,short,TP40_SL20,40,20,23496.0,SL,-20.0,8,09:30-09:45
2025-07-30,NQ,PriorRTHLow,reject,short,TP25_SL12,25,12,23389.25,SL,-12.0,0,14:00-close
2025-07-30,NQ,PriorRTHLow,reject,short,TP40_SL20,40,20,23389.25,SL,-20.0,1,14:00-close
2025-07-31,NQ,OR15Low,breakout,long,TP25_SL12,25,12,23661.0,TP,25.0,0,09:30-09:45
2025-07-31,NQ,OR15Low,breakout,long,TP40_SL20,40,20,23661.0,SL,-20.0,4,09:30-09:45
2025-07-31,NQ,VWAP,reject,short,TP25_SL12,25,12,23661.0,SL,-12.0,0,09:30-09:45
2025-07-31,NQ,VWAP,reject,short,TP40_SL20,40,20,23661.0,SL,-20.0,0,09:30-09:45
2025-07-31,NQ,PriorRTHHigh,breakout,long,TP25_SL12,25,12,23629.5,SL,-12.0,1,09:30-09:45
2025-07-31,NQ,PriorRTHHigh,breakout,long,TP40_SL20,40,20,23629.5,SL,-20.0,2,09:30-09:45
2025-07-31,NQ,OR15Low,reject,short,TP25_SL12,25,12,23618.5,SL,-12.0,1,09:45-10:00
2025-07-31,NQ,OR15Low,reject,short,TP40_SL20,40,20,23618.5,SL,-20.0,2,09:45-10:00
2025-07-31,NQ,PriorRTHHigh,reject,short,TP25_SL12,25,12,23592.25,SL,-12.0,1,10:30-11:00
2025-07-31,NQ,PriorRTHHigh,reject,short,TP40_SL20,40,20,23592.25,TP,40.0,12,10:30-11:00
2025-07-31,NQ,PriorRTHLow,breakout,long,TP25_SL12,25,12,23400.0,SL,-12.0,2,12:00-14:00
2025-07-31,NQ,PriorRTHLow,breakout,long,TP40_SL20,40,20,23400.0,SL,-20.0,4,12:00-14:00
2025-07-31,NQ,PriorRTHLow,reject,short,TP25_SL12,25,12,23370.5,SL,-12.0,3,14:00-close
2025-07-31,NQ,PriorRTHLow,reject,short,TP40_SL20,40,20,23370.5,TP,40.0,6,14:00-close
2025-08-01,NQ,GlobexLow,breakout,long,TP25_SL12,25,12,23034.25,SL,-12.0,0,09:30-09:45
2025-08-01,NQ,GlobexLow,breakout,long,TP40_SL20,40,20,23034.25,SL,-20.0,0,09:30-09:45
2025-08-01,NQ,OR15High,reject,short,TP25_SL12,25,12,23034.25,TP,25.0,1,09:30-09:45
2025-08-01,NQ,OR15High,reject,short,TP40_SL20,40,20,23034.25,TP,40.0,3,09:30-09:45
2025-08-01,NQ,VWAP,reject,short,TP25_SL12,25,12,23034.25,TP,25.0,1,09:30-09:45
2025-08-01,NQ,VWAP,reject,short,TP40_SL20,40,20,23034.25,TP,40.0,3,09:30-09:45
2025-08-01,NQ,GlobexLow,reject,short,TP25_SL12,25,12,23030.25,TP,25.0,0,09:30-09:45
2025-08-01,NQ,GlobexLow,reject,short,TP40_SL20,40,20,23030.25,TP,40.0,2,09:30-09:45
2025-08-01,NQ,OR15Low,breakout,long,TP25_SL12,25,12,22961.75,SL,-12.0,0,09:30-09:45
2025-08-01,NQ,OR15Low,breakout,long,TP40_SL20,40,20,22961.75,SL,-20.0,0,09:30-09:45
2025-08-01,NQ,OR15Low,reject,short,TP25_SL12,25,12,22898.0,SL,-12.0,0,09:45-10:00
2025-08-01,NQ,OR15Low,reject,short,TP40_SL20,40,20,22898.0,SL,-20.0,0,09:45-10:00
2025-08-04,NQ,PriorRTHHigh,reject,short,TP25_SL12,25,12,23105.75,SL,-12.0,0,09:30-09:45
2025-08-04,NQ,PriorRTHHigh,reject,short,TP40_SL20,40,20,23105.75,SL,-20.0,0,09:30-09:45
2025-08-04,NQ,OR15Low,reject,short,TP25_SL12,25,12,23105.75,SL,-12.0,0,09:30-09:45
2025-08-04,NQ,OR15Low,reject,short,TP40_SL20,40,20,23105.75,SL,-20.0,0,09:30-09:45
2025-08-04,NQ,VWAP,reject,short,TP25_SL12,25,12,23105.75,SL,-12.0,0,09:30-09:45
2025-08-04,NQ,VWAP,reject,short,TP40_SL20,40,20,23105.75,SL,-20.0,0,09:30-09:45
2025-08-04,NQ,OR15High,breakout,long,TP25_SL12,25,12,23216.25,SL,-12.0,2,09:45-10:00
2025-08-04,NQ,OR15High,breakout,long,TP40_SL20,40,20,23216.25,TP,40.0,10,09:45-10:00
2025-08-04,NQ,OR15High,reject,short,TP25_SL12,25,12,23212.75,SL,-12.0,3,09:45-10:00
2025-08-04,NQ,OR15High,reject,short,TP40_SL20,40,20,23212.75,SL,-20.0,4,09:45-10:00
2025-08-05,NQ,PriorRTHHigh,reject,short,TP25_SL12,25,12,23308.75,SL,-12.0,0,09:30-09:45
2025-08-05,NQ,PriorRTHHigh,reject,short,TP40_SL20,40,20,23308.75,SL,-20.0,0,09:30-09:45
2025-08-05,NQ,OR15Low,reject,short,TP25_SL12,25,12,23308.75,SL,-12.0,0,09:30-09:45
2025-08-05,NQ,OR15Low,reject,short,TP40_SL20,40,20,23308.75,SL,-20.0,0,09:30-09:45
2025-08-05,NQ,VWAP,reject,short,TP25_SL12,25,12,23308.75,SL,-12.0,0,09:30-09:45
2025-08-05,NQ,VWAP,reject,short,TP40_SL20,40,20,23308.75,SL,-20.0,0,09:30-09:45
2025-08-05,NQ,OR15High,breakout,long,TP25_SL12,25,12,23393.0,SL,-12.0,0,09:45-10:00
2025-08-05,NQ,OR15High,breakout,long,TP40_SL20,40,20,23393.0,SL,-20.0,1,09:45-10:00
2025-08-05,NQ,GlobexHigh,reject,short,TP25_SL12,25,12,23381.25,TP,25.0,10,09:45-10:00
2025-08-05,NQ,GlobexHigh,reject,short,TP40_SL20,40,20,23381.25,TP,40.0,10,09:45-10:00
2025-08-05,NQ,OR15High,reject,short,TP25_SL12,25,12,23381.25,TP,25.0,10,09:45-10:00
2025-08-05,NQ,OR15High,reject,short,TP40_SL20,40,20,23381.25,TP,40.0,10,09:45-10:00
2025-08-05,NQ,PriorRTHLow,breakout,long,TP25_SL12,25,12,23124.5,TP,25.0,1,11:00-12:00
2025-08-05,NQ,PriorRTHLow,breakout,long,TP40_SL20,40,20,23124.5,TP,40.0,12,11:00-12:00
2025-08-06,NQ,OR15Low,breakout,long,TP25_SL12,25,12,23211.0,SL,-12.0,0,09:30-09:45
2025-08-06,NQ,OR15Low,breakout,long,TP40_SL20,40,20,23211.0,SL,-20.0,3,09:30-09:45
2025-08-06,NQ,OR15High,reject,short,TP25_SL12,25,12,23197.75,SL,-12.0,0,09:30-09:45
2025-08-06,NQ,OR15High,reject,short,TP40_SL20,40,20,23197.75,SL,-20.0,0,09:30-09:45
2025-08-06,NQ,VWAP,reject,short,TP25_SL12,25,12,23197.75,SL,-12.0,0,09:30-09:45
2025-08-06,NQ,VWAP,reject,short,TP40_SL20,40,20,23197.75,SL,-20.0,0,09:30-09:45
2025-08-06,NQ,GlobexLow,breakout,long,TP25_SL12,25,12,23159.5,TP,25.0,4,09:30-09:45
2025-08-06,NQ,GlobexLow,breakout,long,TP40_SL20,40,20,23159.5,TP,40.0,4,09:30-09:45
2025-08-06,NQ,PriorRTHLow,breakout,long,TP25_SL12,25,12,23159.5,TP,25.0,4,09:30-09:45
2025-08-06,NQ,PriorRTHLow,breakout,long,TP40_SL20,40,20,23159.5,TP,40.0,4,09:30-09:45
2025-08-06,NQ,OR15Low,reject,short,TP25_SL12,25,12,23150.0,SL,-12.0,0,09:30-09:45
2025-08-06,NQ,OR15Low,reject,short,TP40_SL20,40,20,23150.0,SL,-20.0,1,09:30-09:45
2025-08-06,NQ,PriorRTHHigh,reject,short,TP25_SL12,25,12,23359.75,SL,-12.0,2,12:00-14:00
2025-08-06,NQ,PriorRTHHigh,reject,short,TP40_SL20,40,20,23359.75,SL,-20.0,3,12:00-14:00
2025-08-07,NQ,OR15Low,breakout,long,TP25_SL12,25,12,23617.25,SL,-12.0,2,09:30-09:45
2025-08-07,NQ,OR15Low,breakout,long,TP40_SL20,40,20,23617.25,SL,-20.0,2,09:30-09:45
2025-08-07,NQ,GlobexHigh,reject,short,TP25_SL12,25,12,23615.0,SL,-12.0,4,09:30-09:45
2025-08-07,NQ,GlobexHigh,reject,short,TP40_SL20,40,20,23615.0,SL,-20.0,5,09:30-09:45
2025-08-07,NQ,OR15High,reject,short,TP25_SL12,25,12,23615.0,SL,-12.0,4,09:30-09:45
2025-08-07,NQ,OR15High,reject,short,TP40_SL20,40,20,23615.0,SL,-20.0,5,09:30-09:45
2025-08-07,NQ,OR15Low,reject,short,TP25_SL12,25,12,23615.0,SL,-12.0,4,09:30-09:45
2025-08-07,NQ,OR15Low,reject,short,TP40_SL20,40,20,23615.0,SL,-20.0,5,09:30-09:45
2025-08-07,NQ,VWAP,reject,short,TP25_SL12,25,12,23615.0,SL,-12.0,4,09:30-09:45
2025-08-07,NQ,VWAP,reject,short,TP40_SL20,40,20,23615.0,SL,-20.0,5,09:30-09:45
2025-08-07,NQ,GlobexLow,breakout,long,TP25_SL12,25,12,23501.5,TP,25.0,2,11:00-12:00
2025-08-07,NQ,GlobexLow,breakout,long,TP40_SL20,40,20,23501.5,SL,-20.0,21,11:00-12:00
2025-08-07,NQ,PriorRTHHigh,breakout,long,TP25_SL12,25,12,23490.5,SL,-12.0,0,11:00-12:00
2025-08-07,NQ,PriorRTHHigh,breakout,long,TP40_SL20,40,20,23490.5,SL,-20.0,14,11:00-12:00
2025-08-07,NQ,GlobexLow,reject,short,TP25_SL12,25,12,23499.75,SL,-12.0,1,12:00-14:00
2025-08-07,NQ,GlobexLow,reject,short,TP40_SL20,40,20,23499.75,TP,40.0,25,12:00-14:00
2025-08-07,NQ,PriorRTHHigh,reject,short,TP25_SL12,25,12,23425.5,TP,25.0,4,12:00-14:00
2025-08-07,NQ,PriorRTHHigh,reject,short,TP40_SL20,40,20,23425.5,SL,-20.0,8,12:00-14:00
2025-08-08,NQ,GlobexHigh,reject,short,TP25_SL12,25,12,23550.5,SL,-12.0,3,09:30-09:45
2025-08-08,NQ,GlobexHigh,reject,short,TP40_SL20,40,20,23550.5,SL,-20.0,3,09:30-09:45
2025-08-08,NQ,GlobexLow,breakout,long,TP25_SL12,25,12,23550.5,SL,-12.0,1,09:30-09:45
2025-08-08,NQ,GlobexLow,breakout,long,TP40_SL20,40,20,23550.5,SL,-20.0,1,09:30-09:45
2025-08-08,NQ,OR15Low,breakout,long,TP25_SL12,25,12,23550.5,SL,-12.0,1,09:30-09:45
2025-08-08,NQ,OR15Low,breakout,long,TP40_SL20,40,20,23550.5,SL,-20.0,1,09:30-09:45
2025-08-08,NQ,VWAP,reject,short,TP25_SL12,25,12,23550.5,SL,-12.0,3,09:30-09:45
2025-08-08,NQ,VWAP,reject,short,TP40_SL20,40,20,23550.5,SL,-20.0,3,09:30-09:45
2025-08-08,NQ,OR15High,reject,short,TP25_SL12,25,12,23600.25,SL,-12.0,1,09:30-09:45
2025-08-08,NQ,OR15High,reject,short,TP40_SL20,40,20,23600.25,SL,-20.0,1,09:30-09:45
2025-08-08,NQ,PriorRTHHigh,reject,short,TP25_SL12,25,12,23652.0,SL,-12.0,0,10:00-10:30
2025-08-08,NQ,PriorRTHHigh,reject,short,TP40_SL20,40,20,23652.0,SL,-20.0,1,10:00-10:30
2025-08-11,NQ,PriorRTHHigh,reject,short,TP25_SL12,25,12,23696.75,SL,-12.0,5,09:30-09:45
2025-08-11,NQ,PriorRTHHigh,reject,short,TP40_SL20,40,20,23696.75,SL,-20.0,6,09:30-09:45
2025-08-11,NQ,OR15High,reject,short,TP25_SL12,25,12,23696.75,SL,-12.0,5,09:30-09:45
2025-08-11,NQ,OR15High,reject,short,TP40_SL20,40,20,23696.75,SL,-20.0,6,09:30-09:45
2025-08-11,NQ,VWAP,reject,short,TP25_SL12,25,12,23696.75,SL,-12.0,5,09:30-09:45
2025-08-11,NQ,VWAP,reject,short,TP40_SL20,40,20,23696.75,SL,-20.0,6,09:30-09:45
2025-08-11,NQ,OR15Low,reject,short,TP25_SL12,25,12,23692.5,SL,-12.0,0,09:30-09:45
2025-08-11,NQ,OR15Low,reject,short,TP40_SL20,40,20,23692.5,SL,-20.0,2,09:30-09:45
2025-08-11,NQ,GlobexHigh,reject,short,TP25_SL12,25,12,23735.0,SL,-12.0,6,10:00-10:30
2025-08-11,NQ,GlobexHigh,reject,short,TP40_SL20,40,20,23735.0,SL,-20.0,7,10:00-10:30
2025-08-11,NQ,GlobexLow,breakout,long,TP25_SL12,25,12,23656.75,TP,25.0,4,14:00-close
2025-08-11,NQ,GlobexLow,breakout,long,TP40_SL20,40,20,23656.75,SL,-20.0,61,14:00-close
2025-08-11,NQ,GlobexLow,reject,short,TP25_SL12,25,12,23604.25,SL,-12.0,5,14:00-close
2025-08-11,NQ,GlobexLow,reject,short,TP40_SL20,40,20,23604.25,SL,-20.0,6,14:00-close
2025-08-12,NQ,OR15Low,reject,short,TP25_SL12,25,12,23725.0,SL,-12.0,0,09:30-09:45
2025-08-12,NQ,OR15Low,reject,short,TP40_SL20,40,20,23725.0,SL,-20.0,0,09:30-09:45
2025-08-12,NQ,VWAP,reject,short,TP25_SL12,25,12,23725.0,SL,-12.0,0,09:30-09:45
2025-08-12,NQ,VWAP,reject,short,TP40_SL20,40,20,23725.0,SL,-20.0,0,09:30-09:45
2025-08-12,NQ,PriorRTHHigh,reject,short,TP25_SL12,25,12,23763.5,SL,-12.0,0,09:30-09:45
2025-08-12,NQ,PriorRTHHigh,reject,short,TP40_SL20,40,20,23763.5,SL,-20.0,1,09:30-09:45
2025-08-12,NQ,OR15High,reject,short,TP25_SL12,25,12,23763.5,SL,-12.0,0,09:30-09:45
2025-08-12,NQ,OR15High,reject,short,TP40_SL20,40,20,23763.5,SL,-20.0,1,09:30-09:45
2025-08-12,NQ,GlobexLow,breakout,long,TP25_SL12,25,12,23628.0,TP,25.0,1,10:00-10:30
2025-08-12,NQ,GlobexLow,breakout,long,TP40_SL20,40,20,23628.0,TP,40.0,4,10:00-10:30
2025-08-12,NQ,PriorRTHLow,breakout,long,TP25_SL12,25,12,23628.0,TP,25.0,1,10:00-10:30
2025-08-12,NQ,PriorRTHLow,breakout,long,TP40_SL20,40,20,23628.0,TP,40.0,4,10:00-10:30
2025-08-13,NQ,OR15Low,breakout,long,TP25_SL12,25,12,24059.0,SL,-12.0,2,09:30-09:45
2025-08-13,NQ,OR15Low,breakout,long,TP40_SL20,40,20,24059.0,SL,-20.0,8,09:30-09:45
2025-08-13,NQ,GlobexHigh,reject,short,TP25_SL12,25,12,24055.0,SL,-12.0,1,09:30-09:45
2025-08-13,NQ,GlobexHigh,reject,short,TP40_SL20,40,20,24055.0,TP,40.0,18,09:30-09:45
2025-08-13,NQ,OR15High,reject,short,TP25_SL12,25,12,24055.0,SL,-12.0,1,09:30-09:45
2025-08-13,NQ,OR15High,reject,short,TP40_SL20,40,20,24055.0,TP,40.0,18,09:30-09:45
2025-08-13,NQ,OR15Low,reject,short,TP25_SL12,25,12,24055.0,SL,-12.0,1,09:30-09:45
2025-08-13,NQ,OR15Low,reject,short,TP40_SL20,40,20,24055.0,TP,40.0,18,09:30-09:45
2025-08-13,NQ,VWAP,reject,short,TP25_SL12,25,12,24055.0,SL,-12.0,1,09:30-09:45
2025-08-13,NQ,VWAP,reject,short,TP40_SL20,40,20,24055.0,TP,40.0,18,09:30-09:45
2025-08-13,NQ,PriorRTHHigh,breakout,long,TP25_SL12,25,12,24004.0,SL,-12.0,3,10:00-10:30
2025-08-13,NQ,PriorRTHHigh,breakout,long,TP40_SL20,40,20,24004.0,SL,-20.0,10,10:00-10:30
2025-08-13,NQ,GlobexLow,breakout,long,TP25_SL12,25,12,23971.25,SL,-12.0,0,10:00-10:30
2025-08-13,NQ,GlobexLow,breakout,long,TP40_SL20,40,20,23971.25,SL,-20.0,0,10:00-10:30
2025-08-13,NQ,PriorRTHHigh,reject,short,TP25_SL12,25,12,23953.75,SL,-12.0,1,10:00-10:30
2025-08-13,NQ,PriorRTHHigh,reject,short,TP40_SL20,40,20,23953.75,TP,40.0,41,10:00-10:30
2025-08-13,NQ,GlobexLow,reject,short,TP25_SL12,25,12,23916.75,SL,-12.0,1,11:00-12:00
2025-08-13,NQ,GlobexLow,reject,short,TP40_SL20,40,20,23916.75,SL,-20.0,12,11:00-12:00
2025-08-14,NQ,OR15Low,breakout,long,TP25_SL12,25,12,23880.5,SL,-12.0,0,09:30-09:45
2025-08-14,NQ,OR15Low,breakout,long,TP40_SL20,40,20,23880.5,TP,40.0,8,09:30-09:45
2025-08-14,NQ,PriorRTHLow,reject,short,TP25_SL12,25,12,23869.25,SL,-12.0,0,09:30-09:45
2025-08-14,NQ,PriorRTHLow,reject,short,TP40_SL20,40,20,23869.25,SL,-20.0,0,09:30-09:45
2025-08-14,NQ,OR15Low,reject,short,TP25_SL12,25,12,23869.25,SL,-12.0,0,09:30-09:45
2025-08-14,NQ,OR15Low,reject,short,TP40_SL20,40,20,23869.25,SL,-20.0,0,09:30-09:45
2025-08-14,NQ,VWAP,reject,short,TP25_SL12,25,12,23869.25,SL,-12.0,0,09:30-09:45
2025-08-14,NQ,VWAP,reject,short,TP40_SL20,40,20,23869.25,SL,-20.0,0,09:30-09:45
2025-08-14,NQ,OR15High,reject,short,TP25_SL12,25,12,23900.75,SL,-12.0,0,09:30-09:45
2025-08-14,NQ,OR15High,reject,short,TP40_SL20,40,20,23900.75,SL,-20.0,0,09:30-09:45
2025-08-14,NQ,GlobexHigh,reject,short,TP25_SL12,25,12,23932.25,TP,25.0,1,09:45-10:00
2025-08-14,NQ,GlobexHigh,reject,short,TP40_SL20,40,20,23932.25,SL,-20.0,25,09:45-10:00
2025-08-15,NQ,GlobexLow,reject,short,TP25_SL12,25,12,23867.25,SL,-12.0,3,09:30-09:45
2025-08-15,NQ,GlobexLow,reject,short,TP40_SL20,40,20,23867.25,TP,40.0,12,09:30-09:45
2025-08-15,NQ,VWAP,reject,short,TP25_SL12,25,12,23867.25,SL,-12.0,3,09:30-09:45
2025-08-15,NQ,VWAP,reject,short,TP40_SL20,40,20,23867.25,TP,40.0,12,09:30-09:45
2025-08-15,NQ,PriorRTHLow,breakout,long,TP25_SL12,25,12,23863.75,SL,-12.0,5,09:30-09:45
2025-08-15,NQ,PriorRTHLow,breakout,long,TP40_SL20,40,20,23863.75,SL,-20.0,6,09:30-09:45
2025-08-15,NQ,OR15High,reject,short,TP25_SL12,25,12,23863.75,SL,-12.0,2,09:30-09:45
2025-08-15,NQ,OR15High,reject,short,TP40_SL20,40,20,23863.75,SL,-20.0,3,09:30-09:45
2025-08-15,NQ,OR15Low,breakout,long,TP25_SL12,25,12,23863.75,SL,-12.0,5,09:30-09:45
2025-08-15,NQ,OR15Low,breakout,long,TP40_SL20,40,20,23863.75,SL,-20.0,6,09:30-09:45
2025-08-15,NQ,PriorRTHLow,reject,short,TP25_SL12,25,12,23837.5,SL,-12.0,0,09:30-09:45
2025-08-15,NQ,PriorRTHLow,reject,short,TP40_SL20,40,20,23837.5,SL,-20.0,1,09:30-09:45
2025-08-15,NQ,OR15Low,reject,short,TP25_SL12,25,12,23837.5,SL,-12.0,0,09:30-09:45
2025-08-15,NQ,OR15Low,reject,short,TP40_SL20,40,20,23837.5,SL,-20.0,0,09:30-09:45
2025-08-18,NQ,GlobexLow,breakout,long,TP25_SL12,25,12,23785.5,TP,25.0,1,09:30-09:45
2025-08-18,NQ,GlobexLow,breakout,long,TP40_SL20,40,20,23785.5,SL,-20.0,18,09:30-09:45
2025-08-18,NQ,PriorRTHLow,breakout,long,TP25_SL12,25,12,23785.5,TP,25.0,1,09:30-09:45
2025-08-18,NQ,PriorRTHLow,breakout,long,TP40_SL20,40,20,23785.5,SL,-20.0,18,09:30-09:45
2025-08-18,NQ,OR15High,reject,short,TP25_SL12,25,12,23785.5,SL,-12.0,0,09:30-09:45
2025-08-18,NQ,OR15High,reject,short,TP40_SL20,40,20,23785.5,SL,-20.0,1,09:30-09:45
2025-08-18,NQ,OR15Low,breakout,long,TP25_SL12,25,12,23785.5,TP,25.0,1,09:30-09:45
2025-08-18,NQ,OR15Low,breakout,long,TP40_SL20,40,20,23785.5,SL,-20.0,18,09:30-09:45
2025-08-18,NQ,VWAP,reject,short,TP25_SL12,25,12,23785.5,SL,-12.0,0,09:30-09:45
2025-08-18,NQ,VWAP,reject,short,TP40_SL20,40,20,23785.5,SL,-20.0,1,09:30-09:45
2025-08-18,NQ,OR15Low,reject,short,TP25_SL12,25,12,23774.75,SL,-12.0,1,09:30-09:45
2025-08-18,NQ,OR15Low,reject,short,TP40_SL20,40,20,23774.75,SL,-20.0,4,09:30-09:45
2025-08-18,NQ,GlobexLow,reject,short,TP25_SL12,25,12,23751.25,SL,-12.0,3,09:45-10:00
2025-08-18,NQ,GlobexLow,reject,short,TP40_SL20,40,20,23751.25,SL,-20.0,5,09:45-10:00
2025-08-18,NQ,PriorRTHLow,reject,short,TP25_SL12,25,12,23751.25,SL,-12.0,3,09:45-10:00
2025-08-18,NQ,PriorRTHLow,reject,short,TP40_SL20,40,20,23751.25,SL,-20.0,5,09:45-10:00
2025-08-19,NQ,OR15High,reject,short,TP25_SL12,25,12,23691.25,TP,25.0,1,09:30-09:45
2025-08-19,NQ,OR15High,reject,short,TP40_SL20,40,20,23691.25,SL,-20.0,7,09:30-09:45
2025-08-19,NQ,OR15Low,breakout,long,TP25_SL12,25,12,23691.25,SL,-12.0,0,09:30-09:45
2025-08-19,NQ,OR15Low,breakout,long,TP40_SL20,40,20,23691.25,SL,-20.0,1,09:30-09:45
2025-08-19,NQ,VWAP,reject,short,TP25_SL12,25,12,23691.25,TP,25.0,1,09:30-09:45
2025-08-19,NQ,VWAP,reject,short,TP40_SL20,40,20,23691.25,SL,-20.0,7,09:30-09:45
2025-08-19,NQ,PriorRTHLow,reject,short,TP25_SL12,25,12,23681.25,SL,-12.0,3,09:30-09:45
2025-08-19,NQ,PriorRTHLow,reject,short,TP40_SL20,40,20,23681.25,SL,-20.0,4,09:30-09:45
2025-08-19,NQ,OR15Low,reject,short,TP25_SL12,25,12,23665.75,SL,-12.0,0,09:30-09:45
2025-08-19,NQ,OR15Low,reject,short,TP40_SL20,40,20,23665.75,SL,-20.0,1,09:30-09:45
2025-08-20,NQ,OR15Low,breakout,long,TP25_SL12,25,12,23365.5,TP,25.0,0,09:30-09:45
2025-08-20,NQ,OR15Low,breakout,long,TP40_SL20,40,20,23365.5,SL,-20.0,8,09:30-09:45
2025-08-20,NQ,VWAP,reject,short,TP25_SL12,25,12,23365.5,SL,-12.0,0,09:30-09:45
2025-08-20,NQ,VWAP,reject,short,TP40_SL20,40,20,23365.5,SL,-20.0,0,09:30-09:45
2025-08-20,NQ,GlobexLow,breakout,long,TP25_SL12,25,12,23304.25,SL,-12.0,0,09:45-10:00
2025-08-20,NQ,GlobexLow,breakout,long,TP40_SL20,40,20,23304.25,SL,-20.0,0,09:45-10:00
2025-08-20,NQ,OR15Low,reject,short,TP25_SL12,25,12,23304.25,TP,25.0,1,09:45-10:00
2025-08-20,NQ,OR15Low,reject,short,TP40_SL20,40,20,23304.25,TP,40.0,3,09:45-10:00
2025-08-20,NQ,GlobexLow,reject,short,TP25_SL12,25,12,23245.75,TP,25.0,0,09:45-10:00
2025-08-20,NQ,GlobexLow,reject,short,TP40_SL20,40,20,23245.75,TP,40.0,2,09:45-10:00
2025-08-21,NQ,GlobexLow,breakout,long,TP25_SL12,25,12,23240.25,TP,25.0,0,09:30-09:45
2025-08-21,NQ,GlobexLow,breakout,long,TP40_SL20,40,20,23240.25,TP,40.0,4,09:30-09:45
2025-08-21,NQ,OR15Low,breakout,long,TP25_SL12,25,12,23270.25,SL,-12.0,0,09:30-09:45
2025-08-21,NQ,OR15Low,breakout,long,TP40_SL20,40,20,23270.25,SL,-20.0,0,09:30-09:45
2025-08-21,NQ,OR15High,reject,short,TP25_SL12,25,12,23242.25,SL,-12.0,0,09:30-09:45
2025-08-21,NQ,OR15High,reject,short,TP40_SL20,40,20,23242.25,SL,-20.0,1,09:30-09:45
2025-08-21,NQ,VWAP,reject,short,TP25_SL12,25,12,23242.25,SL,-12.0,0,09:30-09:45
2025-08-21,NQ,VWAP,reject,short,TP40_SL20,40,20,23242.25,SL,-20.0,1,09:30-09:45
2025-08-21,NQ,OR15Low,reject,short,TP25_SL12,25,12,23181.5,SL,-12.0,0,09:45-10:00
2025-08-21,NQ,OR15Low,reject,short,TP40_SL20,40,20,23181.5,SL,-20.0,0,09:45-10:00
2025-08-21,NQ,GlobexHigh,reject,short,TP25_SL12,25,12,23318.75,TP,25.0,3,10:30-11:00
2025-08-21,NQ,GlobexHigh,reject,short,TP40_SL20,40,20,23318.75,TP,40.0,7,10:30-11:00
2025-08-21,NQ,GlobexLow,reject,short,TP25_SL12,25,12,23186.0,SL,-12.0,8,12:00-14:00
2025-08-21,NQ,GlobexLow,reject,short,TP40_SL20,40,20,23186.0,SL,-20.0,8,12:00-14:00
2025-08-22,NQ,OR15Low,reject,short,TP25_SL12,25,12,23228.0,SL,-12.0,0,09:30-09:45
2025-08-22,NQ,OR15Low,reject,short,TP40_SL20,40,20,23228.0,SL,-20.0,0,09:30-09:45
2025-08-22,NQ,VWAP,reject,short,TP25_SL12,25,12,23228.0,SL,-12.0,0,09:30-09:45
2025-08-22,NQ,VWAP,reject,short,TP40_SL20,40,20,23228.0,SL,-20.0,0,09:30-09:45
2025-08-22,NQ,GlobexHigh,reject,short,TP25_SL12,25,12,23240.25,SL,-12.0,0,09:30-09:45
2025-08-22,NQ,GlobexHigh,reject,short,TP40_SL20,40,20,23240.25,SL,-20.0,0,09:30-09:45
2025-08-22,NQ,PriorRTHHigh,reject,short,TP25_SL12,25,12,23304.75,SL,-12.0,0,09:45-10:00
2025-08-22,NQ,PriorRTHHigh,reject,short,TP40_SL20,40,20,23304.75,SL,-20.0,2,09:45-10:00
2025-08-22,NQ,OR15High,reject,short,TP25_SL12,25,12,23304.75,SL,-12.0,0,09:45-10:00
2025-08-22,NQ,OR15High,reject,short,TP40_SL20,40,20,23304.75,SL,-20.0,2,09:45-10:00
2025-08-25,NQ,OR15High,reject,short,TP25_SL12,25,12,23466.25,SL,-12.0,2,09:30-09:45
2025-08-25,NQ,OR15High,reject,short,TP40_SL20,40,20,23466.25,SL,-20.0,2,09:30-09:45
2025-08-25,NQ,OR15Low,breakout,long,TP25_SL12,25,12,23466.25,SL,-12.0,0,09:30-09:45
2025-08-25,NQ,OR15Low,breakout,long,TP40_SL20,40,20,23466.25,SL,-20.0,1,09:30-09:45
2025-08-25,NQ,VWAP,reject,short,TP25_SL12,25,12,23466.25,SL,-12.0,2,09:30-09:45
2025-08-25,NQ,VWAP,reject,short,TP40_SL20,40,20,23466.25,SL,-20.0,2,09:30-09:45
2025-08-25,NQ,GlobexHigh,reject,short,TP25_SL12,25,12,23540.0,SL,-12.0,3,10:00-10:30
2025-08-25,NQ,GlobexHigh,reject,short,TP40_SL20,40,20,23540.0,SL,-20.0,5,10:00-10:30
2025-08-26,NQ,OR15Low,breakout,long,TP25_SL12,25,12,23500.25,SL,-12.0,3,09:30-09:45
2025-08-26,NQ,OR15Low,breakout,long,TP40_SL20,40,20,23500.25,SL,-20.0,4,09:30-09:45
2025-08-26,NQ,OR15High,reject,short,TP25_SL12,25,12,23502.0,TP,25.0,2,09:30-09:45
2025-08-26,NQ,OR15High,reject,short,TP40_SL20,40,20,23502.0,TP,40.0,11,09:30-09:45
2025-08-26,NQ,VWAP,reject,short,TP25_SL12,25,12,23502.0,TP,25.0,2,09:30-09:45
2025-08-26,NQ,VWAP,reject,short,TP40_SL20,40,20,23502.0,TP,40.0,11,09:30-09:45
2025-08-26,NQ,PriorRTHLow,breakout,long,TP25_SL12,25,12,23497.75,SL,-12.0,0,09:30-09:45
2025-08-26,NQ,PriorRTHLow,breakout,long,TP40_SL20,40,20,23497.75,SL,-20.0,1,09:30-09:45
2025-08-26,NQ,OR15Low,reject,short,TP25_SL12,25,12,23499.75,TP,25.0,1,09:30-09:45
2025-08-26,NQ,OR15Low,reject,short,TP40_SL20,40,20,23499.75,TP,40.0,2,09:30-09:45
2025-08-26,NQ,GlobexLow,breakout,long,TP25_SL12,25,12,23458.25,SL,-12.0,0,09:45-10:00
2025-08-26,NQ,GlobexLow,breakout,long,TP40_SL20,40,20,23458.25,SL,-20.0,1,09:45-10:00
2025-08-26,NQ,PriorRTHLow,reject,short,TP25_SL12,25,12,23436.25,SL,-12.0,0,09:45-10:00
2025-08-26,NQ,PriorRTHLow,reject,short,TP40_SL20,40,20,23436.25,SL,-20.0,1,09:45-10:00
2025-08-26,NQ,PriorRTHHigh,reject,short,TP25_SL12,25,12,23574.5,SL,-12.0,0,14:00-close
2025-08-26,NQ,PriorRTHHigh,reject,short,TP40_SL20,40,20,23574.5,SL,-20.0,2,14:00-close
2025-08-27,NQ,OR15Low,breakout,long,TP25_SL12,25,12,23555.5,SL,-12.0,0,09:30-09:45
2025-08-27,NQ,OR15Low,breakout,long,TP40_SL20,40,20,23555.5,SL,-20.0,9,09:30-09:45
2025-08-27,NQ,OR15High,reject,short,TP25_SL12,25,12,23545.75,SL,-12.0,1,09:30-09:45
2025-08-27,NQ,OR15High,reject,short,TP40_SL20,40,20,23545.75,TP,40.0,11,09:30-09:45
2025-08-27,NQ,VWAP,reject,short,TP25_SL12,25,12,23545.75,SL,-12.0,1,09:30-09:45
2025-08-27,NQ,VWAP,reject,short,TP40_SL20,40,20,23545.75,TP,40.0,11,09:30-09:45
2025-08-27,NQ,GlobexLow,breakout,long,TP25_SL12,25,12,23532.25,SL,-12.0,0,09:30-09:45
2025-08-27,NQ,GlobexLow,breakout,long,TP40_SL20,40,20,23532.25,SL,-20.0,2,09:30-09:45
2025-08-27,NQ,OR15Low,reject,short,TP25_SL12,25,12,23501.75,SL,-12.0,1,09:45-10:00
2025-08-27,NQ,OR15Low,reject,short,TP40_SL20,40,20,23501.75,SL,-20.0,1,09:45-10:00
2025-08-27,NQ,GlobexLow,reject,short,TP25_SL12,25,12,23510.5,SL,-12.0,4,09:45-10:00
2025-08-27,NQ,GlobexLow,reject,short,TP40_SL20,40,20,23510.5,SL,-20.0,5,09:45-10:00
2025-08-27,NQ,GlobexHigh,reject,short,TP25_SL12,25,12,23602.25,TP,25.0,55,10:30-11:00
2025-08-27,NQ,GlobexHigh,reject,short,TP40_SL20,40,20,23602.25,SL,-20.0,63,10:30-11:00
2025-08-27,NQ,PriorRTHHigh,reject,short,TP25_SL12,25,12,23602.25,TP,25.0,55,10:30-11:00
2025-08-27,NQ,PriorRTHHigh,reject,short,TP40_SL20,40,20,23602.25,SL,-20.0,63,10:30-11:00
2025-08-28,NQ,OR15High,reject,short,TP25_SL12,25,12,23714.5,SL,-12.0,0,09:30-09:45
2025-08-28,NQ,OR15High,reject,short,TP40_SL20,40,20,23714.5,SL,-20.0,0,09:30-09:45
2025-08-28,NQ,VWAP,breakout,long,TP25_SL12,25,12,23714.5,TP,25.0,0,09:30-09:45
2025-08-28,NQ,VWAP,breakout,long,TP40_SL20,40,20,23714.5,SL,-20.0,2,09:30-09:45
2025-08-28,NQ,GlobexHigh,reject,short,TP25_SL12,25,12,23728.0,TP,25.0,0,09:30-09:45
2025-08-28,NQ,GlobexHigh,reject,short,TP40_SL20,40,20,23728.0,TP,40.0,0,09:30-09:45
2025-08-28,NQ,PriorRTHHigh,breakout,long,TP25_SL12,25,12,23694.0,SL,-12.0,1,09:30-09:45
2025-08-28,NQ,PriorRTHHigh,breakout,long,TP40_SL20,40,20,23694.0,TP,40.0,6,09:30-09:45
2025-08-28,NQ,VWAP,reject,short,TP25_SL12,25,12,23705.5,TP,25.0,0,09:30-09:45
2025-08-28,NQ,VWAP,reject,short,TP40_SL20,40,20,23705.5,SL,-20.0,2,09:30-09:45
2025-08-28,NQ,OR15Low,breakout,long,TP25_SL12,25,12,23673.25,TP,25.0,0,09:45-10:00
2025-08-28,NQ,OR15Low,breakout,long,TP40_SL20,40,20,23673.25,SL,-20.0,4,09:45-10:00
2025-08-28,NQ,PriorRTHHigh,reject,short,TP25_SL12,25,12,23618.25,SL,-12.0,0,09:45-10:00
2025-08-28,NQ,PriorRTHHigh,reject,short,TP40_SL20,40,20,23618.25,TP,40.0,5,09:45-10:00
2025-08-28,NQ,OR15Low,reject,short,TP25_SL12,25,12,23607.25,SL,-12.0,0,09:45-10:00
2025-08-28,NQ,OR15Low,reject,short,TP40_SL20,40,20,23607.25,SL,-20.0,0,09:45-10:00
2025-08-28,NQ,GlobexLow,breakout,long,TP25_SL12,25,12,23578.5,TP,25.0,0,09:45-10:00
2025-08-28,NQ,GlobexLow,breakout,long,TP40_SL20,40,20,23578.5,TP,40.0,3,09:45-10:00
2025-08-29,NQ,GlobexLow,breakout,long,TP25_SL12,25,12,23642.5,SL,-12.0,2,09:30-09:45
2025-08-29,NQ,GlobexLow,breakout,long,TP40_SL20,40,20,23642.5,SL,-20.0,4,09:30-09:45
2025-08-29,NQ,OR15High,reject,short,TP25_SL12,25,12,23642.5,TP,25.0,4,09:30-09:45
2025-08-29,NQ,OR15High,reject,short,TP40_SL20,40,20,23642.5,TP,40.0,6,09:30-09:45
2025-08-29,NQ,VWAP,reject,short,TP25_SL12,25,12,23642.5,TP,25.0,4,09:30-09:45
2025-08-29,NQ,VWAP,reject,short,TP40_SL20,40,20,23642.5,TP,40.0,6,09:30-09:45
2025-08-29,NQ,OR15Low,breakout,long,TP25_SL12,25,12,23638.25,SL,-12.0,3,09:30-09:45
2025-08-29,NQ,OR15Low,breakout,long,TP40_SL20,40,20,23638.25,SL,-20.0,3,09:30-09:45
2025-08-29,NQ,PriorRTHLow,breakout,long,TP25_SL12,25,12,23626.25,SL,-12.0,1,09:30-09:45
2025-08-29,NQ,PriorRTHLow,breakout,long,TP40_SL20,40,20,23626.25,SL,-20.0,1,09:30-09:45
2025-08-29,NQ,GlobexLow,reject,short,TP25_SL12,25,12,23624.0,TP,25.0,0,09:30-09:45
2025-08-29,NQ,GlobexLow,reject,short,TP40_SL20,40,20,23624.0,TP,40.0,6,09:30-09:45
2025-08-29,NQ,OR15Low,reject,short,TP25_SL12,25,12,23591.0,SL,-12.0,0,09:30-09:45
2025-08-29,NQ,OR15Low,reject,short,TP40_SL20,40,20,23591.0,TP,40.0,2,09:30-09:45
2025-08-29,NQ,PriorRTHLow,reject,short,TP25_SL12,25,12,23555.5,TP,25.0,3,09:45-10:00
2025-08-29,NQ,PriorRTHLow,reject,short,TP40_SL20,40,20,23555.5,TP,40.0,9,09:45-10:00
2025-09-01,NQ,OR15High,reject,short,TP25_SL12,25,12,23447.25,SL,-12.0,1,09:30-09:45
2025-09-01,NQ,OR15High,reject,short,TP40_SL20,40,20,23447.25,SL,-20.0,2,09:30-09:45
2025-09-01,NQ,OR15Low,reject,short,TP25_SL12,25,12,23447.25,SL,-12.0,1,09:30-09:45
2025-09-01,NQ,OR15Low,reject,short,TP40_SL20,40,20,23447.25,SL,-20.0,2,09:30-09:45
2025-09-01,NQ,VWAP,reject,short,TP25_SL12,25,12,23447.25,SL,-12.0,1,09:30-09:45
2025-09-01,NQ,VWAP,reject,short,TP40_SL20,40,20,23447.25,SL,-20.0,2,09:30-09:45
2025-09-01,NQ,GlobexHigh,reject,short,TP25_SL12,25,12,23482.5,SL,-12.0,42,10:00-10:30
2025-09-01,NQ,GlobexHigh,reject,short,TP40_SL20,40,20,23482.5,SL,-20.0,65,10:00-10:30
2025-09-02,NQ,GlobexLow,reject,short,TP25_SL12,25,12,23068.0,SL,-12.0,0,09:30-09:45
2025-09-02,NQ,GlobexLow,reject,short,TP40_SL20,40,20,23068.0,SL,-20.0,0,09:30-09:45
2025-09-02,NQ,OR15Low,reject,short,TP25_SL12,25,12,23068.0,SL,-12.0,0,09:30-09:45
2025-09-02,NQ,OR15Low,reject,short,TP40_SL20,40,20,23068.0,SL,-20.0,0,09:30-09:45
2025-09-02,NQ,VWAP,reject,short,TP25_SL12,25,12,23068.0,SL,-12.0,0,09:30-09:45
2025-09-02,NQ,VWAP,reject,short,TP40_SL20,40,20,23068.0,SL,-20.0,0,09:30-09:45
2025-09-02,NQ,OR15High,reject,short,TP25_SL12,25,12,23133.75,SL,-12.0,0,09:30-09:45
2025-09-02,NQ,OR15High,reject,short,TP40_SL20,40,20,23133.75,SL,-20.0,1,09:30-09:45
2025-09-03,NQ,OR15High,reject,short,TP25_SL12,25,12,23393.75,SL,-12.0,0,09:30-09:45
2025-09-03,NQ,OR15High,reject,short,TP40_SL20,40,20,23393.75,SL,-20.0,0,09:30-09:45
2025-09-03,NQ,VWAP,reject,short,TP25_SL12,25,12,23393.75,SL,-12.0,0,09:30-09:45
2025-09-03,NQ,VWAP,reject,short,TP40_SL20,40,20,23393.75,SL,-20.0,0,09:30-09:45
2025-09-03,NQ,OR15Low,breakout,long,TP25_SL12,25,12,23398.5,SL,-12.0,0,09:30-09:45
2025-09-03,NQ,OR15Low,breakout,long,TP40_SL20,40,20,23398.5,SL,-20.0,2,09:30-09:45
2025-09-03,NQ,OR15Low,reject,short,TP25_SL12,25,12,23392.75,SL,-12.0,4,09:30-09:45
2025-09-03,NQ,OR15Low,reject,short,TP40_SL20,40,20,23392.75,SL,-20.0,9,09:30-09:45
2025-09-03,NQ,GlobexHigh,reject,short,TP25_SL12,25,12,23504.5,SL,-12.0,1,10:30-11:00
2025-09-03,NQ,GlobexHigh,reject,short,TP40_SL20,40,20,23504.5,SL,-20.0,4,10:30-11:00
2025-09-03,NQ,GlobexLow,breakout,long,TP25_SL12,25,12,23358.5,TP,25.0,1,12:00-14:00
2025-09-03,NQ,GlobexLow,breakout,long,TP40_SL20,40,20,23358.5,TP,40.0,5,12:00-14:00
2025-09-03,NQ,PriorRTHHigh,breakout,long,TP25_SL12,25,12,23337.0,TP,25.0,8,14:00-close
2025-09-03,NQ,PriorRTHHigh,breakout,long,TP40_SL20,40,20,23337.0,TP,40.0,89,14:00-close
2025-09-03,NQ,GlobexLow,reject,short,TP25_SL12,25,12,23346.25,SL,-12.0,18,14:00-close
2025-09-03,NQ,GlobexLow,reject,short,TP40_SL20,40,20,23346.25,SL,-20.0,44,14:00-close
2025-09-04,NQ,GlobexLow,breakout,long,TP25_SL12,25,12,23505.5,TP,25.0,1,09:30-09:45
2025-09-04,NQ,GlobexLow,breakout,long,TP40_SL20,40,20,23505.5,TP,40.0,2,09:30-09:45
2025-09-04,NQ,OR15Low,breakout,long,TP25_SL12,25,12,23505.5,TP,25.0,1,09:30-09:45
2025-09-04,NQ,OR15Low,breakout,long,TP40_SL20,40,20,23505.5,TP,40.0,2,09:30-09:45
2025-09-04,NQ,VWAP,breakout,long,TP25_SL12,25,12,23535.25,SL,-12.0,1,09:30-09:45
2025-09-04,NQ,VWAP,breakout,long,TP40_SL20,40,20,23535.25,SL,-20.0,1,09:30-09:45
2025-09-04,NQ,PriorRTHHigh,reject,short,TP25_SL12,25,12,23531.0,SL,-12.0,0,09:30-09:45
2025-09-04,NQ,PriorRTHHigh,reject,short,TP40_SL20,40,20,23531.0,TP,40.0,2,09:30-09:45
2025-09-04,NQ,OR15High,reject,short,TP25_SL12,25,12,23531.0,SL,-12.0,0,09:30-09:45
2025-09-04,NQ,OR15High,reject,short,TP40_SL20,40,20,23531.0,TP,40.0,2,09:30-09:45
2025-09-04,NQ,VWAP,reject,short,TP25_SL12,25,12,23531.0,SL,-12.0,0,09:30-09:45
2025-09-04,NQ,VWAP,reject,short,TP40_SL20,40,20,23531.0,TP,40.0,2,09:30-09:45
2025-09-04,NQ,OR15Low,reject,short,TP25_SL12,25,12,23456.25,TP,25.0,1,10:00-10:30
2025-09-04,NQ,OR15Low,reject,short,TP40_SL20,40,20,23456.25,TP,40.0,12,10:00-10:30
2025-09-04,NQ,GlobexLow,reject,short,TP25_SL12,25,12,23439.5,SL,-12.0,3,10:00-10:30
2025-09-04,NQ,GlobexLow,reject,short,TP40_SL20,40,20,23439.5,SL,-20.0,8,10:00-10:30
2025-09-05,NQ,GlobexHigh,reject,short,TP25_SL12,25,12,23855.25,SL,-12.0,0,09:30-09:45
2025-09-05,NQ,GlobexHigh,reject,short,TP40_SL20,40,20,23855.25,SL,-20.0,0,09:30-09:45
2025-09-05,NQ,OR15High,reject,short,TP25_SL12,25,12,23855.25,SL,-12.0,0,09:30-09:45
2025-09-05,NQ,OR15High,reject,short,TP40_SL20,40,20,23855.25,SL,-20.0,0,09:30-09:45
2025-09-05,NQ,OR15Low,breakout,long,TP25_SL12,25,12,23855.25,SL,-12.0,2,09:30-09:45
2025-09-05,NQ,OR15Low,breakout,long,TP40_SL20,40,20,23855.25,SL,-20.0,2,09:30-09:45
2025-09-05,NQ,VWAP,reject,short,TP25_SL12,25,12,23855.25,SL,-12.0,0,09:30-09:45
2025-09-05,NQ,VWAP,reject,short,TP40_SL20,40,20,23855.25,SL,-20.0,0,09:30-09:45
2025-09-05,NQ,OR15Low,reject,short,TP25_SL12,25,12,23836.25,SL,-12.0,0,09:30-09:45
2025-09-05,NQ,OR15Low,reject,short,TP40_SL20,40,20,23836.25,SL,-20.0,0,09:30-09:45
2025-09-05,NQ,GlobexLow,breakout,long,TP25_SL12,25,12,23771.0,SL,-12.0,1,10:00-10:30
2025-09-05,NQ,GlobexLow,breakout,long,TP40_SL20,40,20,23771.0,SL,-20.0,2,10:00-10:30
2025-09-05,NQ,PriorRTHHigh,breakout,long,TP25_SL12,25,12,23740.75,SL,-12.0,0,10:00-10:30
2025-09-05,NQ,PriorRTHHigh,breakout,long,TP40_SL20,40,20,23740.75,SL,-20.0,0,10:00-10:30
2025-09-05,NQ,GlobexLow,reject,short,TP25_SL12,25,12,23703.0,SL,-12.0,1,10:00-10:30
2025-09-05,NQ,GlobexLow,reject,short,TP40_SL20,40,20,23703.0,SL,-20.0,1,10:00-10:30
2025-09-05,NQ,PriorRTHHigh,reject,short,TP25_SL12,25,12,23663.5,SL,-12.0,0,10:00-10:30
2025-09-05,NQ,PriorRTHHigh,reject,short,TP40_SL20,40,20,23663.5,SL,-20.0,0,10:00-10:30
2025-09-08,NQ,GlobexLow,breakout,long,TP25_SL12,25,12,23792.0,TP,25.0,1,09:30-09:45
2025-09-08,NQ,GlobexLow,breakout,long,TP40_SL20,40,20,23792.0,TP,40.0,3,09:30-09:45
2025-09-08,NQ,OR15Low,breakout,long,TP25_SL12,25,12,23792.0,TP,25.0,1,09:30-09:45
2025-09-08,NQ,OR15Low,breakout,long,TP40_SL20,40,20,23792.0,TP,40.0,3,09:30-09:45
2025-09-08,NQ,VWAP,reject,short,TP25_SL12,25,12,23792.0,SL,-12.0,0,09:30-09:45
2025-09-08,NQ,VWAP,reject,short,TP40_SL20,40,20,23792.0,SL,-20.0,1,09:30-09:45
2025-09-08,NQ,GlobexHigh,reject,short,TP25_SL12,25,12,23808.0,SL,-12.0,1,09:30-09:45
2025-09-08,NQ,GlobexHigh,reject,short,TP40_SL20,40,20,23808.0,SL,-20.0,1,09:30-09:45
2025-09-08,NQ,OR15High,reject,short,TP25_SL12,25,12,23808.0,SL,-12.0,1,09:30-09:45
2025-09-08,NQ,OR15High,reject,short,TP40_SL20,40,20,23808.0,SL,-20.0,1,09:30-09:45
2025-09-08,NQ,PriorRTHHigh,reject,short,TP25_SL12,25,12,23859.25,SL,-12.0,4,10:30-11:00
2025-09-08,NQ,PriorRTHHigh,reject,short,TP40_SL20,40,20,23859.25,SL,-20.0,5,10:30-11:00
2025-09-08,NQ,OR15Low,reject,short,TP25_SL12,25,12,23788.5,SL,-12.0,3,12:00-14:00
2025-09-08,NQ,OR15Low,reject,short,TP40_SL20,40,20,23788.5,SL,-20.0,8,12:00-14:00
2025-09-09,NQ,GlobexLow,breakout,long,TP25_SL12,25,12,23844.0,SL,-12.0,2,09:30-09:45
2025-09-09,NQ,GlobexLow,breakout,long,TP40_SL20,40,20,23844.0,SL,-20.0,7,09:30-09:45
2025-09-09,NQ,OR15Low,breakout,long,TP25_SL12,25,12,23844.0,SL,-12.0,2,09:30-09:45
2025-09-09,NQ,OR15Low,breakout,long,TP40_SL20,40,20,23844.0,SL,-20.0,7,09:30-09:45
2025-09-09,NQ,OR15High,reject,short,TP25_SL12,25,12,23840.5,TP,25.0,17,09:30-09:45
2025-09-09,NQ,OR15High,reject,short,TP40_SL20,40,20,23840.5,TP,40.0,26,09:30-09:45
2025-09-09,NQ,VWAP,reject,short,TP25_SL12,25,12,23840.5,TP,25.0,17,09:30-09:45
2025-09-09,NQ,VWAP,reject,short,TP40_SL20,40,20,23840.5,TP,40.0,26,09:30-09:45
2025-09-09,NQ,OR15Low,reject,short,TP25_SL12,25,12,23834.5,SL,-12.0,1,09:45-10:00
2025-09-09,NQ,OR15Low,reject,short,TP40_SL20,40,20,23834.5,TP,40.0,13,09:45-10:00
2025-09-09,NQ,GlobexLow,reject,short,TP25_SL12,25,12,23807.5,SL,-12.0,1,09:45-10:00
2025-09-09,NQ,GlobexLow,reject,short,TP40_SL20,40,20,23807.5,SL,-20.0,2,09:45-10:00
2025-09-09,NQ,PriorRTHLow,breakout,long,TP25_SL12,25,12,23807.5,TP,25.0,2,09:45-10:00
2025-09-09,NQ,PriorRTHLow,breakout,long,TP40_SL20,40,20,23807.5,SL,-20.0,5,09:45-10:00
2025-09-09,NQ,PriorRTHLow,reject,short,TP25_SL12,25,12,23754.25,TP,25.0,8,10:30-11:00
2025-09-09,NQ,PriorRTHLow,reject,short,TP40_SL20,40,20,23754.25,SL,-20.0,17,10:30-11:00
2025-09-09,NQ,PriorRTHHigh,reject,short,TP25_SL12,25,12,23875.0,EOD,7.25,3,14:00-close
2025-09-09,NQ,PriorRTHHigh,reject,short,TP40_SL20,40,20,23875.0,EOD,7.25,3,14:00-close
2025-09-10,NQ,PriorRTHHigh,breakout,long,TP25_SL12,25,12,23938.0,TP,25.0,1,09:30-09:45
2025-09-10,NQ,PriorRTHHigh,breakout,long,TP40_SL20,40,20,23938.0,SL,-20.0,9,09:30-09:45
2025-09-10,NQ,OR15Low,breakout,long,TP25_SL12,25,12,23938.0,TP,25.0,1,09:30-09:45
2025-09-10,NQ,OR15Low,breakout,long,TP40_SL20,40,20,23938.0,SL,-20.0,9,09:30-09:45
2025-09-10,NQ,VWAP,reject,short,TP25_SL12,25,12,23938.0,SL,-12.0,0,09:30-09:45
2025-09-10,NQ,VWAP,reject,short,TP40_SL20,40,20,23938.0,SL,-20.0,0,09:30-09:45
2025-09-10,NQ,OR15Low,reject,short,TP25_SL12,25,12,23922.0,SL,-12.0,0,09:30-09:45
2025-09-10,NQ,OR15Low,reject,short,TP40_SL20,40,20,23922.0,SL,-20.0,0,09:30-09:45
2025-09-10,NQ,GlobexLow,breakout,long,TP25_SL12,25,12,23915.25,TP,25.0,2,09:45-10:00
2025-09-10,NQ,GlobexLow,breakout,long,TP40_SL20,40,20,23915.25,TP,40.0,10,09:45-10:00
2025-09-10,NQ,OR15High,reject,short,TP25_SL12,25,12,23954.0,SL,-12.0,2,10:00-10:30
2025-09-10,NQ,OR15High,reject,short,TP40_SL20,40,20,23954.0,SL,-20.0,6,10:00-10:30
2025-09-10,NQ,PriorRTHHigh,reject,short,TP25_SL12,25,12,23928.0,TP,25.0,18,12:00-14:00
2025-09-10,NQ,PriorRTHHigh,reject,short,TP40_SL20,40,20,23928.0,TP,40.0,21,12:00-14:00
2025-09-10,NQ,GlobexLow,reject,short,TP25_SL12,25,12,23858.5,SL,-12.0,1,14:00-close
2025-09-10,NQ,GlobexLow,reject,short,TP40_SL20,40,20,23858.5,SL,-20.0,13,14:00-close
2025-09-11,NQ,PriorRTHHigh,reject,short,TP25_SL12,25,12,23981.5,SL,-12.0,0,09:30-09:45
2025-09-11,NQ,PriorRTHHigh,reject,short,TP40_SL20,40,20,23981.5,TP,40.0,5,09:30-09:45
2025-09-11,NQ,OR15High,reject,short,TP25_SL12,25,12,23981.5,SL,-12.0,0,09:30-09:45
2025-09-11,NQ,OR15High,reject,short,TP40_SL20,40,20,23981.5,TP,40.0,5,09:30-09:45
2025-09-11,NQ,VWAP,reject,short,TP25_SL12,25,12,23981.5,SL,-12.0,0,09:30-09:45
2025-09-11,NQ,VWAP,reject,short,TP40_SL20,40,20,23981.5,TP,40.0,5,09:30-09:45
2025-09-11,NQ,OR15Low,breakout,long,TP25_SL12,25,12,23951.5,SL,-12.0,2,09:30-09:45
2025-09-11,NQ,OR15Low,breakout,long,TP40_SL20,40,20,23951.5,SL,-20.0,2,09:30-09:45
2025-09-11,NQ,OR15Low,reject,short,TP25_SL12,25,12,23918.25,SL,-12.0,0,09:45-10:00
2025-09-11,NQ,OR15Low,reject,short,TP40_SL20,40,20,23918.25,SL,-20.0,0,09:45-10:00
2025-09-11,NQ,GlobexHigh,reject,short,TP25_SL12,25,12,24002.25,TP,25.0,7,10:30-11:00
2025-09-11,NQ,GlobexHigh,reject,short,TP40_SL20,40,20,24002.25,SL,-20.0,30,10:30-11:00
2025-09-12,NQ,GlobexHigh,reject,short,TP25_SL12,25,12,24031.0,SL,-12.0,0,09:30-09:45
2025-09-12,NQ,GlobexHigh,reject,short,TP40_SL20,40,20,24031.0,SL,-20.0,30,09:30-09:45
2025-09-12,NQ,PriorRTHHigh,reject,short,TP25_SL12,25,12,24031.0,SL,-12.0,0,09:30-09:45
2025-09-12,NQ,PriorRTHHigh,reject,short,TP40_SL20,40,20,24031.0,SL,-20.0,30,09:30-09:45
2025-09-12,NQ,OR15High,reject,short,TP25_SL12,25,12,24031.0,SL,-12.0,0,09:30-09:45
2025-09-12,NQ,OR15High,reject,short,TP40_SL20,40,20,24031.0,SL,-20.0,30,09:30-09:45
2025-09-12,NQ,OR15Low,breakout,long,TP25_SL12,25,12,24031.0,SL,-12.0,2,09:30-09:45
2025-09-12,NQ,OR15Low,breakout,long,TP40_SL20,40,20,24031.0,SL,-20.0,3,09:30-09:45
2025-09-12,NQ,VWAP,reject,short,TP25_SL12,25,12,24031.0,SL,-12.0,0,09:30-09:45
2025-09-12,NQ,VWAP,reject,short,TP40_SL20,40,20,24031.0,SL,-20.0,30,09:30-09:45
2025-09-12,NQ,GlobexLow,breakout,long,TP25_SL12,25,12,24021.25,SL,-12.0,0,09:30-09:45
2025-09-12,NQ,GlobexLow,breakout,long,TP40_SL20,40,20,24021.25,TP,40.0,45,09:30-09:45
2025-09-12,NQ,OR15Low,reject,short,TP25_SL12,25,12,24023.25,SL,-12.0,6,09:45-10:00
2025-09-12,NQ,OR15Low,reject,short,TP40_SL20,40,20,24023.25,SL,-20.0,6,09:45-10:00
2025-09-15,NQ,PriorRTHHigh,breakout,long,TP25_SL12,25,12,24208.75,SL,-12.0,0,09:30-09:45
2025-09-15,NQ,PriorRTHHigh,breakout,long,TP40_SL20,40,20,24208.75,SL,-20.0,1,09:30-09:45
2025-09-15,NQ,OR15Low,breakout,long,TP25_SL12,25,12,24208.75,SL,-12.0,0,09:30-09:45
2025-09-15,NQ,OR15Low,breakout,long,TP40_SL20,40,20,24208.75,SL,-20.0,1,09:30-09:45
2025-09-15,NQ,OR15High,reject,short,TP25_SL12,25,12,24192.0,SL,-12.0,0,09:30-09:45
2025-09-15,NQ,OR15High,reject,short,TP40_SL20,40,20,24192.0,SL,-20.0,3,09:30-09:45
2025-09-15,NQ,VWAP,reject,short,TP25_SL12,25,12,24192.0,SL,-12.0,0,09:30-09:45
2025-09-15,NQ,VWAP,reject,short,TP40_SL20,40,20,24192.0,SL,-20.0,3,09:30-09:45
2025-09-16,NQ,PriorRTHHigh,breakout,long,TP25_SL12,25,12,24342.75,SL,-12.0,0,09:30-09:45
2025-09-16,NQ,PriorRTHHigh,breakout,long,TP40_SL20,40,20,24342.75,SL,-20.0,0,09:30-09:45
2025-09-16,NQ,OR15Low,breakout,long,TP25_SL12,25,12,24342.75,SL,-12.0,0,09:30-09:45
2025-09-16,NQ,OR15Low,breakout,long,TP40_SL20,40,20,24342.75,SL,-20.0,0,09:30-09:45
2025-09-16,NQ,GlobexLow,breakout,long,TP25_SL12,25,12,24324.25,SL,-12.0,5,09:30-09:45
2025-09-16,NQ,GlobexLow,breakout,long,TP40_SL20,40,20,24324.25,SL,-20.0,11,09:30-09:45
2025-09-16,NQ,OR15High,reject,short,TP25_SL12,25,12,24324.25,TP,25.0,16,09:30-09:45
2025-09-16,NQ,OR15High,reject,short,TP40_SL20,40,20,24324.25,TP,40.0,18,09:30-09:45
2025-09-16,NQ,VWAP,reject,short,TP25_SL12,25,12,24324.25,TP,25.0,16,09:30-09:45
2025-09-16,NQ,VWAP,reject,short,TP40_SL20,40,20,24324.25,TP,40.0,18,09:30-09:45
2025-09-16,NQ,PriorRTHHigh,reject,short,TP25_SL12,25,12,24318.25,TP,25.0,13,09:30-09:45
2025-09-16,NQ,PriorRTHHigh,reject,short,TP40_SL20,40,20,24318.25,TP,40.0,84,09:30-09:45
2025-09-16,NQ,OR15Low,reject,short,TP25_SL12,25,12,24318.25,TP,25.0,13,09:30-09:45
2025-09-16,NQ,OR15Low,reject,short,TP40_SL20,40,20,24318.25,TP,40.0,84,09:30-09:45
2025-09-16,NQ,GlobexLow,reject,short,TP25_SL12,25,12,24287.5,SL,-12.0,2,09:45-10:00
2025-09-16,NQ,GlobexLow,reject,short,TP40_SL20,40,20,24287.5,SL,-20.0,11,09:45-10:00
2025-09-17,NQ,PriorRTHLow,breakout,long,TP25_SL12,25,12,24277.5,SL,-12.0,1,09:30-09:45
2025-09-17,NQ,PriorRTHLow,breakout,long,TP40_SL20,40,20,24277.5,SL,-20.0,1,09:30-09:45
2025-09-17,NQ,OR15High,reject,short,TP25_SL12,25,12,24277.5,TP,25.0,3,09:30-09:45
2025-09-17,NQ,OR15High,reject,short,TP40_SL20,40,20,24277.5,TP,40.0,7,09:30-09:45
2025-09-17,NQ,VWAP,reject,short,TP25_SL12,25,12,24277.5,TP,25.0,3,09:30-09:45
2025-09-17,NQ,VWAP,reject,short,TP40_SL20,40,20,24277.5,TP,40.0,7,09:30-09:45
2025-09-17,NQ,OR15Low,breakout,long,TP25_SL12,25,12,24267.5,SL,-12.0,1,09:30-09:45
2025-09-17,NQ,OR15Low,breakout,long,TP40_SL20,40,20,24267.5,SL,-20.0,2,09:30-09:45
2025-09-17,NQ,GlobexLow,breakout,long,TP25_SL12,25,12,24261.25,SL,-12.0,1,09:30-09:45
2025-09-17,NQ,GlobexLow,breakout,long,TP40_SL20,40,20,24261.25,SL,-20.0,4,09:30-09:45
2025-09-17,NQ,PriorRTHLow,reject,short,TP25_SL12,25,12,24261.25,TP,25.0,5,09:30-09:45
2025-09-17,NQ,PriorRTHLow,reject,short,TP40_SL20,40,20,24261.25,TP,40.0,26,09:30-09:45
2025-09-17,NQ,OR15Low,reject,short,TP25_SL12,25,12,24232.75,SL,-12.0,1,09:30-09:45
2025-09-17,NQ,OR15Low,reject,short,TP40_SL20,40,20,24232.75,SL,-20.0,6,09:30-09:45
2025-09-17,NQ,GlobexLow,reject,short,TP25_SL12,25,12,24225.75,SL,-12.0,0,09:45-10:00
2025-09-17,NQ,GlobexLow,reject,short,TP40_SL20,40,20,24225.75,SL,-20.0,1,09:45-10:00
2025-09-18,NQ,OR15High,reject,short,TP25_SL12,25,12,24451.25,SL,-12.0,2,09:30-09:45
2025-09-18,NQ,OR15High,reject,short,TP40_SL20,40,20,24451.25,TP,40.0,6,09:30-09:45
2025-09-18,NQ,VWAP,reject,short,TP25_SL12,25,12,24451.25,SL,-12.0,2,09:30-09:45
2025-09-18,NQ,VWAP,reject,short,TP40_SL20,40,20,24451.25,TP,40.0,6,09:30-09:45
2025-09-18,NQ,OR15Low,breakout,long,TP25_SL12,25,12,24425.0,SL,-12.0,0,09:30-09:45
2025-09-18,NQ,OR15Low,breakout,long,TP40_SL20,40,20,24425.0,SL,-20.0,0,09:30-09:45
2025-09-18,NQ,GlobexLow,breakout,long,TP25_SL12,25,12,24398.0,SL,-12.0,3,09:30-09:45
2025-09-18,NQ,GlobexLow,breakout,long,TP40_SL20,40,20,24398.0,SL,-20.0,4,09:30-09:45
2025-09-18,NQ,OR15Low,reject,short,TP25_SL12,25,12,24368.75,SL,-12.0,1,09:45-10:00
2025-09-18,NQ,OR15Low,reject,short,TP40_SL20,40,20,24368.75,SL,-20.0,2,09:45-10:00
2025-09-18,NQ,PriorRTHHigh,breakout,long,TP25_SL12,25,12,24372.0,TP,25.0,2,09:45-10:00
2025-09-18,NQ,PriorRTHHigh,breakout,long,TP40_SL20,40,20,24372.0,TP,40.0,2,09:45-10:00
2025-09-18,NQ,GlobexHigh,reject,short,TP25_SL12,25,12,24501.5,SL,-12.0,4,10:00-10:30
2025-09-18,NQ,GlobexHigh,reject,short,TP40_SL20,40,20,24501.5,SL,-20.0,6,10:00-10:30
2025-09-22,NQ,OR15Low,breakout,long,TP25_SL12,25,12,24850.0,SL,-12.0,2,09:30-09:45
2025-09-22,NQ,OR15Low,breakout,long,TP40_SL20,40,20,24850.0,SL,-20.0,7,09:30-09:45
2025-09-22,NQ,OR15High,reject,short,TP25_SL12,25,12,24838.75,SL,-12.0,1,09:30-09:45
2025-09-22,NQ,OR15High,reject,short,TP40_SL20,40,20,24838.75,SL,-20.0,12,09:30-09:45
2025-09-22,NQ,VWAP,reject,short,TP25_SL12,25,12,24838.75,SL,-12.0,1,09:30-09:45
2025-09-22,NQ,VWAP,reject,short,TP40_SL20,40,20,24838.75,SL,-20.0,12,09:30-09:45
2025-09-22,NQ,OR15Low,reject,short,TP25_SL12,25,12,24842.0,SL,-12.0,1,09:45-10:00
2025-09-22,NQ,OR15Low,reject,short,TP40_SL20,40,20,24842.0,SL,-20.0,3,09:45-10:00
2025-09-22,NQ,GlobexHigh,reject,short,TP25_SL12,25,12,24978.75,SL,-12.0,4,12:00-14:00
2025-09-22,NQ,GlobexHigh,reject,short,TP40_SL20,40,20,24978.75,SL,-20.0,61,12:00-14:00
2025-09-23,NQ,OR15Low,breakout,long,TP25_SL12,25,12,24998.5,SL,-12.0,2,09:30-09:45
2025-09-23,NQ,OR15Low,breakout,long,TP40_SL20,40,20,24998.5,SL,-20.0,3,09:30-09:45
2025-09-23,NQ,GlobexHigh,reject,short,TP25_SL12,25,12,24991.5,TP,25.0,5,09:30-09:45
2025-09-23,NQ,GlobexHigh,reject,short,TP40_SL20,40,20,24991.5,TP,40.0,6,09:30-09:45
2025-09-23,NQ,PriorRTHHigh,reject,short,TP25_SL12,25,12,24991.5,TP,25.0,5,09:30-09:45
2025-09-23,NQ,PriorRTHHigh,reject,short,TP40_SL20,40,20,24991.5,TP,40.0,6,09:30-09:45
2025-09-23,NQ,OR15High,reject,short,TP25_SL12,25,12,24991.5,TP,25.0,5,09:30-09:45
2025-09-23,NQ,OR15High,reject,short,TP40_SL20,40,20,24991.5,TP,40.0,6,09:30-09:45
2025-09-23,NQ,VWAP,reject,short,TP25_SL12,25,12,24991.5,TP,25.0,5,09:30-09:45
2025-09-23,NQ,VWAP,reject,short,TP40_SL20,40,20,24991.5,TP,40.0,6,09:30-09:45
2025-09-23,NQ,OR15Low,reject,short,TP25_SL12,25,12,24950.25,SL,-12.0,1,09:30-09:45
2025-09-23,NQ,OR15Low,reject,short,TP40_SL20,40,20,24950.25,SL,-20.0,6,09:30-09:45
2025-09-23,NQ,GlobexLow,breakout,long,TP25_SL12,25,12,24867.25,SL,-12.0,4,12:00-14:00
2025-09-23,NQ,GlobexLow,breakout,long,TP40_SL20,40,20,24867.25,SL,-20.0,4,12:00-14:00
2025-09-23,NQ,PriorRTHLow,breakout,long,TP25_SL12,25,12,24867.25,SL,-12.0,4,12:00-14:00
2025-09-23,NQ,PriorRTHLow,breakout,long,TP40_SL20,40,20,24867.25,SL,-20.0,4,12:00-14:00
2025-09-23,NQ,PriorRTHLow,reject,short,TP25_SL12,25,12,24821.5,TP,25.0,1,12:00-14:00
2025-09-23,NQ,PriorRTHLow,reject,short,TP40_SL20,40,20,24821.5,TP,40.0,1,12:00-14:00
2025-09-23,NQ,GlobexLow,reject,short,TP25_SL12,25,12,24807.75,TP,25.0,0,12:00-14:00
2025-09-23,NQ,GlobexLow,reject,short,TP40_SL20,40,20,24807.75,SL,-20.0,7,12:00-14:00
2025-09-24,NQ,OR15High,reject,short,TP25_SL12,25,12,24850.25,TP,25.0,4,09:30-09:45
2025-09-24,NQ,OR15High,reject,short,TP40_SL20,40,20,24850.25,TP,40.0,16,09:30-09:45
2025-09-24,NQ,OR15Low,breakout,long,TP25_SL12,25,12,24850.25,SL,-12.0,0,09:30-09:45
2025-09-24,NQ,OR15Low,breakout,long,TP40_SL20,40,20,24850.25,SL,-20.0,0,09:30-09:45
2025-09-24,NQ,VWAP,reject,short,TP25_SL12,25,12,24850.25,TP,25.0,4,09:30-09:45
2025-09-24,NQ,VWAP,reject,short,TP40_SL20,40,20,24850.25,TP,40.0,16,09:30-09:45
2025-09-24,NQ,PriorRTHLow,breakout,long,TP25_SL12,25,12,24831.75,SL,-12.0,15,09:30-09:45
2025-09-24,NQ,PriorRTHLow,breakout,long,TP40_SL20,40,20,24831.75,SL,-20.0,15,09:30-09:45
2025-09-24,NQ,OR15Low,reject,short,TP25_SL12,25,12,24842.5,TP,25.0,12,09:30-09:45
2025-09-24,NQ,OR15Low,reject,short,TP40_SL20,40,20,24842.5,TP,40.0,13,09:30-09:45
2025-09-24,NQ,GlobexLow,breakout,long,TP25_SL12,25,12,24791.0,TP,25.0,1,09:45-10:00
2025-09-24,NQ,GlobexLow,breakout,long,TP40_SL20,40,20,24791.0,TP,40.0,11,09:45-10:00
2025-09-24,NQ,PriorRTHLow,reject,short,TP25_SL12,25,12,24802.75,SL,-12.0,0,09:45-10:00
2025-09-24,NQ,PriorRTHLow,reject,short,TP40_SL20,40,20,24802.75,SL,-20.0,4,09:45-10:00
2025-09-24,NQ,GlobexLow,reject,short,TP25_SL12,25,12,24736.5,TP,25.0,4,11:00-12:00
2025-09-24,NQ,GlobexLow,reject,short,TP40_SL20,40,20,24736.5,TP,40.0,8,11:00-12:00
2025-09-25,NQ,GlobexLow,reject,short,TP25_SL12,25,12,24518.75,TP,25.0,1,09:30-09:45
2025-09-25,NQ,GlobexLow,reject,short,TP40_SL20,40,20,24518.75,TP,40.0,1,09:30-09:45
2025-09-25,NQ,OR15High,reject,short,TP25_SL12,25,12,24518.75,TP,25.0,1,09:30-09:45
2025-09-25,NQ,OR15High,reject,short,TP40_SL20,40,20,24518.75,TP,40.0,1,09:30-09:45
2025-09-25,NQ,VWAP,reject,short,TP25_SL12,25,12,24518.75,TP,25.0,1,09:30-09:45
2025-09-25,NQ,VWAP,reject,short,TP40_SL20,40,20,24518.75,TP,40.0,1,09:30-09:45
2025-09-25,NQ,OR15Low,breakout,long,TP25_SL12,25,12,24450.25,SL,-12.0,0,09:30-09:45
2025-09-25,NQ,OR15Low,breakout,long,TP40_SL20,40,20,24450.25,SL,-20.0,1,09:30-09:45
2025-09-25,NQ,OR15Low,reject,short,TP25_SL12,25,12,24429.0,SL,-12.0,1,09:30-09:45
2025-09-25,NQ,OR15Low,reject,short,TP40_SL20,40,20,24429.0,SL,-20.0,1,09:30-09:45
2025-09-25,NQ,PriorRTHLow,reject,short,TP25_SL12,25,12,24598.0,SL,-12.0,3,10:00-10:30
2025-09-25,NQ,PriorRTHLow,reject,short,TP40_SL20,40,20,24598.0,SL,-20.0,3,10:00-10:30
2025-09-26,NQ,OR15Low,breakout,long,TP25_SL12,25,12,24689.25,SL,-12.0,3,09:30-09:45
2025-09-26,NQ,OR15Low,breakout,long,TP40_SL20,40,20,24689.25,SL,-20.0,7,09:30-09:45
2025-09-26,NQ,VWAP,breakout,long,TP25_SL12,25,12,24691.0,SL,-12.0,2,09:30-09:45
2025-09-26,NQ,VWAP,breakout,long,TP40_SL20,40,20,24691.0,SL,-20.0,6,09:30-09:45
2025-09-26,NQ,PriorRTHHigh,reject,short,TP25_SL12,25,12,24686.25,SL,-12.0,1,09:30-09:45
2025-09-26,NQ,PriorRTHHigh,reject,short,TP40_SL20,40,20,24686.25,SL,-20.0,7,09:30-09:45
2025-09-26,NQ,OR15High,reject,short,TP25_SL12,25,12,24686.25,SL,-12.0,1,09:30-09:45
2025-09-26,NQ,OR15High,reject,short,TP40_SL20,40,20,24686.25,SL,-20.0,7,09:30-09:45
2025-09-26,NQ,VWAP,reject,short,TP25_SL12,25,12,24686.25,SL,-12.0,1,09:30-09:45
2025-09-26,NQ,VWAP,reject,short,TP40_SL20,40,20,24686.25,SL,-20.0,7,09:30-09:45
2025-09-26,NQ,GlobexHigh,reject,short,TP25_SL12,25,12,24708.5,TP,25.0,0,10:00-10:30
2025-09-26,NQ,GlobexHigh,reject,short,TP40_SL20,40,20,24708.5,TP,40.0,2,10:00-10:30
2025-09-26,NQ,GlobexLow,breakout,long,TP25_SL12,25,12,24618.0,SL,-12.0,3,10:00-10:30
2025-09-26,NQ,GlobexLow,breakout,long,TP40_SL20,40,20,24618.0,SL,-20.0,3,10:00-10:30
2025-09-26,NQ,OR15Low,reject,short,TP25_SL12,25,12,24595.75,SL,-12.0,0,10:00-10:30
2025-09-26,NQ,OR15Low,reject,short,TP40_SL20,40,20,24595.75,TP,40.0,11,10:00-10:30
2025-09-26,NQ,GlobexLow,reject,short,TP25_SL12,25,12,24547.0,TP,25.0,1,10:00-10:30
2025-09-26,NQ,GlobexLow,reject,short,TP40_SL20,40,20,24547.0,SL,-20.0,3,10:00-10:30
2025-09-29,NQ,OR15Low,breakout,long,TP25_SL12,25,12,24879.25,SL,-12.0,2,09:30-09:45
2025-09-29,NQ,OR15Low,breakout,long,TP40_SL20,40,20,24879.25,TP,40.0,11,09:30-09:45
2025-09-29,NQ,GlobexHigh,reject,short,TP25_SL12,25,12,24872.0,SL,-12.0,0,09:30-09:45
2025-09-29,NQ,GlobexHigh,reject,short,TP40_SL20,40,20,24872.0,SL,-20.0,2,09:30-09:45
2025-09-29,NQ,VWAP,reject,short,TP25_SL12,25,12,24872.0,SL,-12.0,0,09:30-09:45
2025-09-29,NQ,VWAP,reject,short,TP40_SL20,40,20,24872.0,SL,-20.0,2,09:30-09:45
2025-09-29,NQ,OR15High,reject,short,TP25_SL12,25,12,24875.5,SL,-12.0,2,09:30-09:45
2025-09-29,NQ,OR15High,reject,short,TP40_SL20,40,20,24875.5,SL,-20.0,4,09:30-09:45
2025-09-29,NQ,OR15Low,reject,short,TP25_SL12,25,12,24859.5,TP,25.0,21,11:00-12:00
2025-09-29,NQ,OR15Low,reject,short,TP40_SL20,40,20,24859.5,TP,40.0,90,11:00-12:00
2025-09-29,NQ,GlobexLow,breakout,long,TP25_SL12,25,12,24857.75,SL,-12.0,3,11:00-12:00
2025-09-29,NQ,GlobexLow,breakout,long,TP40_SL20,40,20,24857.75,SL,-20.0,17,11:00-12:00
2025-09-29,NQ,GlobexLow,reject,short,TP25_SL12,25,12,24824.75,SL,-12.0,16,12:00-14:00
2025-09-29,NQ,GlobexLow,reject,short,TP40_SL20,40,20,24824.75,SL,-20.0,50,12:00-14:00
2025-09-29,NQ,PriorRTHHigh,breakout,long,TP25_SL12,25,12,24788.75,TP,25.0,7,14:00-close
2025-09-29,NQ,PriorRTHHigh,breakout,long,TP40_SL20,40,20,24788.75,TP,40.0,24,14:00-close
2025-09-30,NQ,GlobexLow,breakout,long,TP25_SL12,25,12,24794.75,SL,-12.0,0,09:30-09:45
2025-09-30,NQ,GlobexLow,breakout,long,TP40_SL20,40,20,24794.75,SL,-20.0,0,09:30-09:45
2025-09-30,NQ,PriorRTHLow,breakout,long,TP25_SL12,25,12,24794.75,SL,-12.0,0,09:30-09:45
2025-09-30,NQ,PriorRTHLow,breakout,long,TP40_SL20,40,20,24794.75,SL,-20.0,0,09:30-09:45
2025-09-30,NQ,OR15High,reject,short,TP25_SL12,25,12,24794.75,TP,25.0,1,09:30-09:45
2025-09-30,NQ,OR15High,reject,short,TP40_SL20,40,20,24794.75,TP,40.0,4,09:30-09:45
2025-09-30,NQ,VWAP,reject,short,TP25_SL12,25,12,24794.75,TP,25.0,1,09:30-09:45
2025-09-30,NQ,VWAP,reject,short,TP40_SL20,40,20,24794.75,TP,40.0,4,09:30-09:45
2025-09-30,NQ,OR15Low,breakout,long,TP25_SL12,25,12,24772.0,SL,-12.0,0,09:30-09:45
2025-09-30,NQ,OR15Low,breakout,long,TP40_SL20,40,20,24772.0,SL,-20.0,3,09:30-09:45
2025-09-30,NQ,PriorRTHLow,reject,short,TP25_SL12,25,12,24762.25,SL,-12.0,0,09:30-09:45
2025-09-30,NQ,PriorRTHLow,reject,short,TP40_SL20,40,20,24762.25,SL,-20.0,1,09:30-09:45
2025-09-30,NQ,GlobexLow,reject,short,TP25_SL12,25,12,24768.5,TP,25.0,2,09:30-09:45
2025-09-30,NQ,GlobexLow,reject,short,TP40_SL20,40,20,24768.5,SL,-20.0,7,09:30-09:45
2025-09-30,NQ,OR15Low,reject,short,TP25_SL12,25,12,24794.25,TP,25.0,2,09:45-10:00
2025-09-30,NQ,OR15Low,reject,short,TP40_SL20,40,20,24794.25,TP,40.0,7,09:45-10:00
2025-09-30,NQ,GlobexHigh,reject,short,TP25_SL12,25,12,24837.25,SL,-12.0,3,10:30-11:00
2025-09-30,NQ,GlobexHigh,reject,short,TP40_SL20,40,20,24837.25,SL,-20.0,3,10:30-11:00
2025-10-01,NQ,VWAP,breakout,long,TP25_SL12,25,12,24819.25,SL,-12.0,2,09:30-09:45
2025-10-01,NQ,VWAP,breakout,long,TP40_SL20,40,20,24819.25,SL,-20.0,14,09:30-09:45
2025-10-01,NQ,OR15High,reject,short,TP25_SL12,25,12,24816.0,SL,-12.0,0,09:30-09:45
2025-10-01,NQ,OR15High,reject,short,TP40_SL20,40,20,24816.0,SL,-20.0,1,09:30-09:45
2025-10-01,NQ,VWAP,reject,short,TP25_SL12,25,12,24816.0,SL,-12.0,0,09:30-09:45
2025-10-01,NQ,VWAP,reject,short,TP40_SL20,40,20,24816.0,SL,-20.0,1,09:30-09:45
2025-10-01,NQ,OR15Low,breakout,long,TP25_SL12,25,12,24773.75,SL,-12.0,0,09:45-10:00
2025-10-01,NQ,OR15Low,breakout,long,TP40_SL20,40,20,24773.75,SL,-20.0,0,09:45-10:00
2025-10-01,NQ,PriorRTHLow,breakout,long,TP25_SL12,25,12,24736.75,TP,25.0,1,09:45-10:00
2025-10-01,NQ,PriorRTHLow,breakout,long,TP40_SL20,40,20,24736.75,TP,40.0,4,09:45-10:00
2025-10-01,NQ,OR15Low,reject,short,TP25_SL12,25,12,24753.25,SL,-12.0,1,09:45-10:00
2025-10-01,NQ,OR15Low,reject,short,TP40_SL20,40,20,24753.25,SL,-20.0,2,09:45-10:00
2025-10-01,NQ,PriorRTHHigh,reject,short,TP25_SL12,25,12,24879.0,SL,-12.0,2,10:30-11:00
2025-10-01,NQ,PriorRTHHigh,reject,short,TP40_SL20,40,20,24879.0,SL,-20.0,3,10:30-11:00
2025-10-02,NQ,OR15High,reject,short,TP25_SL12,25,12,25138.75,TP,25.0,1,09:30-09:45
2025-10-02,NQ,OR15High,reject,short,TP40_SL20,40,20,25138.75,TP,40.0,4,09:30-09:45
2025-10-02,NQ,VWAP,reject,short,TP25_SL12,25,12,25138.75,TP,25.0,1,09:30-09:45
2025-10-02,NQ,VWAP,reject,short,TP40_SL20,40,20,25138.75,TP,40.0,4,09:30-09:45
2025-10-02,NQ,GlobexLow,breakout,long,TP25_SL12,25,12,25093.75,SL,-12.0,0,09:30-09:45
2025-10-02,NQ,GlobexLow,breakout,long,TP40_SL20,40,20,25093.75,SL,-20.0,2,09:30-09:45
2025-10-02,NQ,PriorRTHHigh,breakout,long,TP25_SL12,25,12,25084.0,SL,-12.0,1,09:30-09:45
2025-10-02,NQ,PriorRTHHigh,breakout,long,TP40_SL20,40,20,25084.0,SL,-20.0,1,09:30-09:45
2025-10-02,NQ,OR15Low,breakout,long,TP25_SL12,25,12,25084.0,SL,-12.0,1,09:30-09:45
2025-10-02,NQ,OR15Low,breakout,long,TP40_SL20,40,20,25084.0,SL,-20.0,1,09:30-09:45
2025-10-02,NQ,GlobexLow,reject,short,TP25_SL12,25,12,25055.5,SL,-12.0,3,09:30-09:45
2025-10-02,NQ,GlobexLow,reject,short,TP40_SL20,40,20,25055.5,TP,40.0,9,09:30-09:45
2025-10-02,NQ,PriorRTHHigh,reject,short,TP25_SL12,25,12,25058.5,TP,25.0,0,09:45-10:00
2025-10-02,NQ,PriorRTHHigh,reject,short,TP40_SL20,40,20,25058.5,TP,40.0,3,09:45-10:00
2025-10-02,NQ,OR15Low,reject,short,TP25_SL12,25,12,25058.5,TP,25.0,0,09:45-10:00
2025-10-02,NQ,OR15Low,reject,short,TP40_SL20,40,20,25058.5,TP,40.0,3,09:45-10:00
2025-10-03,NQ,GlobexLow,breakout,long,TP25_SL12,25,12,25149.0,SL,-12.0,0,09:30-09:45
2025-10-03,NQ,GlobexLow,breakout,long,TP40_SL20,40,20,25149.0,SL,-20.0,8,09:30-09:45
2025-10-03,NQ,PriorRTHHigh,reject,short,TP25_SL12,25,12,25149.0,SL,-12.0,5,09:30-09:45
2025-10-03,NQ,PriorRTHHigh,reject,short,TP40_SL20,40,20,25149.0,TP,40.0,23,09:30-09:45
2025-10-03,NQ,OR15High,reject,short,TP25_SL12,25,12,25149.0,SL,-12.0,5,09:30-09:45
2025-10-03,NQ,OR15High,reject,short,TP40_SL20,40,20,25149.0,TP,40.0,23,09:30-09:45
2025-10-03,NQ,OR15Low,breakout,long,TP25_SL12,25,12,25149.0,SL,-12.0,0,09:30-09:45
2025-10-03,NQ,OR15Low,breakout,long,TP40_SL20,40,20,25149.0,SL,-20.0,8,09:30-09:45
2025-10-03,NQ,VWAP,reject,short,TP25_SL12,25,12,25149.0,SL,-12.0,5,09:30-09:45
2025-10-03,NQ,VWAP,reject,short,TP40_SL20,40,20,25149.0,TP,40.0,23,09:30-09:45
2025-10-03,NQ,OR15Low,reject,short,TP25_SL12,25,12,25137.5,TP,25.0,1,09:45-10:00
2025-10-03,NQ,OR15Low,reject,short,TP40_SL20,40,20,25137.5,TP,40.0,5,09:45-10:00
2025-10-03,NQ,GlobexLow,reject,short,TP25_SL12,25,12,25103.75,TP,25.0,1,09:45-10:00
2025-10-03,NQ,GlobexLow,reject,short,TP40_SL20,40,20,25103.75,TP,40.0,9,09:45-10:00
2025-10-03,NQ,PriorRTHLow,breakout,long,TP25_SL12,25,12,25051.25,SL,-12.0,0,12:00-14:00
2025-10-03,NQ,PriorRTHLow,breakout,long,TP40_SL20,40,20,25051.25,SL,-20.0,0,12:00-14:00
2025-10-03,NQ,PriorRTHLow,reject,short,TP25_SL12,25,12,24988.0,TP,25.0,4,12:00-14:00
2025-10-03,NQ,PriorRTHLow,reject,short,TP40_SL20,40,20,24988.0,TP,40.0,5,12:00-14:00
2025-10-06,NQ,OR15High,reject,short,TP25_SL12,25,12,25173.25,SL,-12.0,1,09:30-09:45
2025-10-06,NQ,OR15High,reject,short,TP40_SL20,40,20,25173.25,SL,-20.0,5,09:30-09:45
2025-10-06,NQ,VWAP,reject,short,TP25_SL12,25,12,25173.25,SL,-12.0,1,09:30-09:45
2025-10-06,NQ,VWAP,reject,short,TP40_SL20,40,20,25173.25,SL,-20.0,5,09:30-09:45
2025-10-06,NQ,PriorRTHHigh,reject,short,TP25_SL12,25,12,25167.5,SL,-12.0,0,09:30-09:45
2025-10-06,NQ,PriorRTHHigh,reject,short,TP40_SL20,40,20,25167.5,SL,-20.0,3,09:30-09:45
2025-10-06,NQ,OR15Low,breakout,long,TP25_SL12,25,12,25167.5,SL,-12.0,1,09:30-09:45
2025-10-06,NQ,OR15Low,breakout,long,TP40_SL20,40,20,25167.5,SL,-20.0,9,09:30-09:45
2025-10-06,NQ,OR15Low,reject,short,TP25_SL12,25,12,25160.0,SL,-12.0,0,09:45-10:00
2025-10-06,NQ,OR15Low,reject,short,TP40_SL20,40,20,25160.0,SL,-20.0,32,09:45-10:00
2025-10-06,NQ,GlobexHigh,reject,short,TP25_SL12,25,12,25218.5,SL,-12.0,30,12:00-14:00
2025-10-06,NQ,GlobexHigh,reject,short,TP40_SL20,40,20,25218.5,SL,-20.0,60,12:00-14:00
2025-10-07,NQ,PriorRTHHigh,reject,short,TP25_SL12,25,12,25226.25,SL,-12.0,1,09:30-09:45
2025-10-07,NQ,PriorRTHHigh,reject,short,TP40_SL20,40,20,25226.25,SL,-20.0,3,09:30-09:45
2025-10-07,NQ,OR15Low,reject,short,TP25_SL12,25,12,25226.25,SL,-12.0,1,09:30-09:45
2025-10-07,NQ,OR15Low,reject,short,TP40_SL20,40,20,25226.25,SL,-20.0,3,09:30-09:45
2025-10-07,NQ,VWAP,reject,short,TP25_SL12,25,12,25226.25,SL,-12.0,1,09:30-09:45
2025-10-07,NQ,VWAP,reject,short,TP40_SL20,40,20,25226.25,SL,-20.0,3,09:30-09:45
2025-10-07,NQ,OR15High,reject,short,TP25_SL12,25,12,25230.25,SL,-12.0,1,09:30-09:45
2025-10-07,NQ,OR15High,reject,short,TP40_SL20,40,20,25230.25,SL,-20.0,2,09:30-09:45
2025-10-07,NQ,GlobexHigh,reject,short,TP25_SL12,25,12,25246.5,SL,-12.0,4,09:30-09:45
2025-10-07,NQ,GlobexHigh,reject,short,TP40_SL20,40,20,25246.5,TP,40.0,57,09:30-09:45
2025-10-07,NQ,PriorRTHLow,breakout,long,TP25_SL12,25,12,25158.0,SL,-12.0,0,11:00-12:00
2025-10-07,NQ,PriorRTHLow,breakout,long,TP40_SL20,40,20,25158.0,SL,-20.0,1,11:00-12:00
2025-10-07,NQ,GlobexLow,breakout,long,TP25_SL12,25,12,25094.0,SL,-12.0,0,11:00-12:00
2025-10-07,NQ,GlobexLow,breakout,long,TP40_SL20,40,20,25094.0,SL,-20.0,1,11:00-12:00
2025-10-07,NQ,PriorRTHLow,reject,short,TP25_SL12,25,12,25094.0,TP,25.0,1,11:00-12:00
2025-10-07,NQ,PriorRTHLow,reject,short,TP40_SL20,40,20,25094.0,TP,40.0,1,11:00-12:00
2025-10-07,NQ,GlobexLow,reject,short,TP25_SL12,25,12,25039.5,TP,25.0,2,11:00-12:00
2025-10-07,NQ,GlobexLow,reject,short,TP40_SL20,40,20,25039.5,TP,40.0,2,11:00-12:00
2025-10-08,NQ,OR15Low,breakout,long,TP25_SL12,25,12,25125.5,SL,-12.0,2,09:30-09:45
2025-10-08,NQ,OR15Low,breakout,long,TP40_SL20,40,20,25125.5,TP,40.0,15,09:30-09:45
2025-10-08,NQ,OR15High,reject,short,TP25_SL12,25,12,25116.75,SL,-12.0,0,09:30-09:45
2025-10-08,NQ,OR15High,reject,short,TP40_SL20,40,20,25116.75,SL,-20.0,3,09:30-09:45
2025-10-08,NQ,VWAP,reject,short,TP25_SL12,25,12,25116.75,SL,-12.0,0,09:30-09:45
2025-10-08,NQ,VWAP,reject,short,TP40_SL20,40,20,25116.75,SL,-20.0,3,09:30-09:45
2025-10-08,NQ,PriorRTHHigh,reject,short,TP25_SL12,25,12,25233.5,SL,-12.0,6,11:00-12:00
2025-10-08,NQ,PriorRTHHigh,reject,short,TP40_SL20,40,20,25233.5,SL,-20.0,19,11:00-12:00
2025-10-09,NQ,GlobexLow,breakout,long,TP25_SL12,25,12,25310.75,SL,-12.0,0,09:30-09:45
2025-10-09,NQ,GlobexLow,breakout,long,TP40_SL20,40,20,25310.75,SL,-20.0,5,09:30-09:45
2025-10-09,NQ,PriorRTHHigh,reject,short,TP25_SL12,25,12,25310.75,TP,25.0,7,09:30-09:45
2025-10-09,NQ,PriorRTHHigh,reject,short,TP40_SL20,40,20,25310.75,TP,40.0,9,09:30-09:45
2025-10-09,NQ,OR15High,reject,short,TP25_SL12,25,12,25310.75,TP,25.0,7,09:30-09:45
2025-10-09,NQ,OR15High,reject,short,TP40_SL20,40,20,25310.75,TP,40.0,9,09:30-09:45
2025-10-09,NQ,VWAP,reject,short,TP25_SL12,25,12,25310.75,TP,25.0,7,09:30-09:45
2025-10-09,NQ,VWAP,reject,short,TP40_SL20,40,20,25310.75,TP,40.0,9,09:30-09:45
2025-10-09,NQ,OR15Low,breakout,long,TP25_SL12,25,12,25303.5,SL,-12.0,4,09:30-09:45
2025-10-09,NQ,OR15Low,breakout,long,TP40_SL20,40,20,25303.5,SL,-20.0,7,09:30-09:45
2025-10-09,NQ,GlobexLow,reject,short,TP25_SL12,25,12,25301.75,TP,25.0,3,09:30-09:45
2025-10-09,NQ,GlobexLow,reject,short,TP40_SL20,40,20,25301.75,TP,40.0,4,09:30-09:45
2025-10-09,NQ,OR15Low,reject,short,TP25_SL12,25,12,25263.0,SL,-12.0,1,09:45-10:00
2025-10-09,NQ,OR15Low,reject,short,TP40_SL20,40,20,25263.0,SL,-20.0,2,09:45-10:00
2025-10-10,NQ,OR15Low,breakout,long,TP25_SL12,25,12,25335.75,SL,-12.0,0,09:30-09:45
2025-10-10,NQ,OR15Low,breakout,long,TP40_SL20,40,20,25335.75,TP,40.0,5,09:30-09:45
2025-10-10,NQ,GlobexHigh,reject,short,TP25_SL12,25,12,25324.0,SL,-12.0,1,09:30-09:45
2025-10-10,NQ,GlobexHigh,reject,short,TP40_SL20,40,20,25324.0,SL,-20.0,2,09:30-09:45
2025-10-10,NQ,PriorRTHHigh,reject,short,TP25_SL12,25,12,25324.0,SL,-12.0,1,09:30-09:45
2025-10-10,NQ,PriorRTHHigh,reject,short,TP40_SL20,40,20,25324.0,SL,-20.0,2,09:30-09:45
2025-10-10,NQ,VWAP,reject,short,TP25_SL12,25,12,25324.0,SL,-12.0,1,09:30-09:45
2025-10-10,NQ,VWAP,reject,short,TP40_SL20,40,20,25324.0,SL,-20.0,2,09:30-09:45
2025-10-10,NQ,OR15High,reject,short,TP25_SL12,25,12,25363.5,SL,-12.0,4,09:30-09:45
2025-10-10,NQ,OR15High,reject,short,TP40_SL20,40,20,25363.5,SL,-20.0,4,09:30-09:45
2025-10-10,NQ,OR15Low,reject,short,TP25_SL12,25,12,25331.25,SL,-12.0,1,10:00-10:30
2025-10-10,NQ,OR15Low,reject,short,TP40_SL20,40,20,25331.25,SL,-20.0,2,10:00-10:30
2025-10-10,NQ,GlobexLow,breakout,long,TP25_SL12,25,12,25263.5,SL,-12.0,0,10:30-11:00
2025-10-10,NQ,GlobexLow,breakout,long,TP40_SL20,40,20,25263.5,SL,-20.0,0,10:30-11:00
2025-10-10,NQ,GlobexLow,reject,short,TP25_SL12,25,12,25193.0,TP,25.0,0,11:00-12:00
2025-10-10,NQ,GlobexLow,reject,short,TP40_SL20,40,20,25193.0,TP,40.0,0,11:00-12:00
2025-10-10,NQ,PriorRTHLow,breakout,long,TP25_SL12,25,12,25193.0,SL,-12.0,0,11:00-12:00
2025-10-10,NQ,PriorRTHLow,breakout,long,TP40_SL20,40,20,25193.0,SL,-20.0,0,11:00-12:00
2025-10-10,NQ,PriorRTHLow,reject,short,TP25_SL12,25,12,25108.5,TP,25.0,0,11:00-12:00
2025-10-10,NQ,PriorRTHLow,reject,short,TP40_SL20,40,20,25108.5,TP,40.0,0,11:00-12:00
2025-10-13,NQ,OR15High,reject,short,TP25_SL12,25,12,24812.0,TP,25.0,0,09:30-09:45
2025-10-13,NQ,OR15High,reject,short,TP40_SL20,40,20,24812.0,TP,40.0,1,09:30-09:45
2025-10-13,NQ,VWAP,reject,short,TP25_SL12,25,12,24812.0,TP,25.0,0,09:30-09:45
2025-10-13,NQ,VWAP,reject,short,TP40_SL20,40,20,24812.0,TP,40.0,1,09:30-09:45
2025-10-13,NQ,GlobexLow,breakout,long,TP25_SL12,25,12,24759.75,SL,-12.0,0,09:30-09:45
2025-10-13,NQ,GlobexLow,breakout,long,TP40_SL20,40,20,24759.75,SL,-20.0,0,09:30-09:45
2025-10-13,NQ,OR15Low,breakout,long,TP25_SL12,25,12,24759.75,SL,-12.0,0,09:30-09:45
2025-10-13,NQ,OR15Low,breakout,long,TP40_SL20,40,20,24759.75,SL,-20.0,0,09:30-09:45
2025-10-13,NQ,GlobexLow,reject,short,TP25_SL12,25,12,24738.25,SL,-12.0,0,09:30-09:45
2025-10-13,NQ,GlobexLow,reject,short,TP40_SL20,40,20,24738.25,SL,-20.0,0,09:30-09:45
2025-10-13,NQ,OR15Low,reject,short,TP25_SL12,25,12,24758.25,TP,25.0,1,09:30-09:45
2025-10-13,NQ,OR15Low,reject,short,TP40_SL20,40,20,24758.25,SL,-20.0,2,09:30-09:45
2025-10-14,NQ,OR15High,reject,short,TP25_SL12,25,12,24611.5,TP,25.0,0,09:30-09:45
2025-10-14,NQ,OR15High,reject,short,TP40_SL20,40,20,24611.5,TP,40.0,0,09:30-09:45
2025-10-14,NQ,VWAP,reject,short,TP25_SL12,25,12,24611.5,TP,25.0,0,09:30-09:45
2025-10-14,NQ,VWAP,reject,short,TP40_SL20,40,20,24611.5,TP,40.0,0,09:30-09:45
2025-10-14,NQ,GlobexLow,breakout,long,TP25_SL12,25,12,24542.75,SL,-12.0,0,09:30-09:45
2025-10-14,NQ,GlobexLow,breakout,long,TP40_SL20,40,20,24542.75,SL,-20.0,0,09:30-09:45
2025-10-14,NQ,GlobexLow,reject,short,TP25_SL12,25,12,24501.5,SL,-12.0,0,09:30-09:45
2025-10-14,NQ,GlobexLow,reject,short,TP40_SL20,40,20,24501.5,SL,-20.0,0,09:30-09:45
2025-10-14,NQ,OR15Low,breakout,long,TP25_SL12,25,12,24501.5,TP,25.0,0,09:30-09:45
2025-10-14,NQ,OR15Low,breakout,long,TP40_SL20,40,20,24501.5,SL,-20.0,3,09:30-09:45
2025-10-14,NQ,OR15Low,reject,short,TP25_SL12,25,12,24452.5,TP,25.0,0,09:45-10:00
2025-10-14,NQ,OR15Low,reject,short,TP40_SL20,40,20,24452.5,SL,-20.0,0,09:45-10:00
2025-10-14,NQ,PriorRTHLow,reject,short,TP25_SL12,25,12,24700.0,SL,-12.0,4,10:30-11:00
2025-10-14,NQ,PriorRTHLow,reject,short,TP40_SL20,40,20,24700.0,SL,-20.0,4,10:30-11:00
2025-10-14,NQ,GlobexHigh,reject,short,TP25_SL12,25,12,24895.0,SL,-12.0,2,12:00-14:00
2025-10-14,NQ,GlobexHigh,reject,short,TP40_SL20,40,20,24895.0,SL,-20.0,2,12:00-14:00
2025-10-14,NQ,PriorRTHHigh,reject,short,TP25_SL12,25,12,24934.5,TP,25.0,2,12:00-14:00
2025-10-14,NQ,PriorRTHHigh,reject,short,TP40_SL20,40,20,24934.5,TP,40.0,2,12:00-14:00
2025-10-15,NQ,OR15High,reject,short,TP25_SL12,25,12,24966.0,SL,-12.0,0,09:30-09:45
2025-10-15,NQ,OR15High,reject,short,TP40_SL20,40,20,24966.0,SL,-20.0,0,09:30-09:45
2025-10-15,NQ,OR15Low,breakout,long,TP25_SL12,25,12,24966.0,SL,-12.0,1,09:30-09:45
2025-10-15,NQ,OR15Low,breakout,long,TP40_SL20,40,20,24966.0,SL,-20.0,5,09:30-09:45
2025-10-15,NQ,VWAP,reject,short,TP25_SL12,25,12,24966.0,SL,-12.0,0,09:30-09:45
2025-10-15,NQ,VWAP,reject,short,TP40_SL20,40,20,24966.0,SL,-20.0,0,09:30-09:45
2025-10-15,NQ,PriorRTHHigh,breakout,long,TP25_SL12,25,12,24960.75,TP,25.0,1,09:30-09:45
2025-10-15,NQ,PriorRTHHigh,breakout,long,TP40_SL20,40,20,24960.75,SL,-20.0,3,09:30-09:45
2025-10-15,NQ,PriorRTHHigh,reject,short,TP25_SL12,25,12,24973.5,TP,25.0,0,09:30-09:45
2025-10-15,NQ,PriorRTHHigh,reject,short,TP40_SL20,40,20,24973.5,TP,40.0,0,09:30-09:45
2025-10-15,NQ,OR15Low,reject,short,TP25_SL12,25,12,24974.5,TP,25.0,0,09:45-10:00
2025-10-15,NQ,OR15Low,reject,short,TP40_SL20,40,20,24974.5,TP,40.0,1,09:45-10:00
2025-10-15,NQ,GlobexHigh,reject,short,TP25_SL12,25,12,25006.25,SL,-12.0,0,09:45-10:00
2025-10-15,NQ,GlobexHigh,reject,short,TP40_SL20,40,20,25006.25,SL,-20.0,2,09:45-10:00
2025-10-15,NQ,GlobexLow,breakout,long,TP25_SL12,25,12,24855.25,SL,-12.0,0,12:00-14:00
2025-10-15,NQ,GlobexLow,breakout,long,TP40_SL20,40,20,24855.25,SL,-20.0,1,12:00-14:00
2025-10-15,NQ,GlobexLow,reject,short,TP25_SL12,25,12,24791.0,TP,25.0,0,12:00-14:00
2025-10-15,NQ,GlobexLow,reject,short,TP40_SL20,40,20,24791.0,TP,40.0,1,12:00-14:00
2025-10-16,NQ,GlobexHigh,reject,short,TP25_SL12,25,12,25078.0,SL,-12.0,0,09:30-09:45
2025-10-16,NQ,GlobexHigh,reject,short,TP40_SL20,40,20,25078.0,TP,40.0,7,09:30-09:45
2025-10-16,NQ,PriorRTHHigh,reject,short,TP25_SL12,25,12,25078.0,SL,-12.0,0,09:30-09:45
2025-10-16,NQ,PriorRTHHigh,reject,short,TP40_SL20,40,20,25078.0,TP,40.0,7,09:30-09:45
2025-10-16,NQ,OR15High,reject,short,TP25_SL12,25,12,25078.0,SL,-12.0,0,09:30-09:45
2025-10-16,NQ,OR15High,reject,short,TP40_SL20,40,20,25078.0,TP,40.0,7,09:30-09:45
2025-10-16,NQ,OR15Low,breakout,long,TP25_SL12,25,12,25078.0,SL,-12.0,3,09:30-09:45
2025-10-16,NQ,OR15Low,breakout,long,TP40_SL20,40,20,25078.0,SL,-20.0,4,09:30-09:45
2025-10-16,NQ,VWAP,reject,short,TP25_SL12,25,12,25078.0,SL,-12.0,0,09:30-09:45
2025-10-16,NQ,VWAP,reject,short,TP40_SL20,40,20,25078.0,TP,40.0,7,09:30-09:45
2025-10-16,NQ,OR15Low,reject,short,TP25_SL12,25,12,25050.75,SL,-12.0,0,09:30-09:45
2025-10-16,NQ,OR15Low,reject,short,TP40_SL20,40,20,25050.75,SL,-20.0,0,09:30-09:45
2025-10-16,NQ,GlobexLow,breakout,long,TP25_SL12,25,12,24766.5,TP,25.0,0,12:00-14:00
2025-10-16,NQ,GlobexLow,breakout,long,TP40_SL20,40,20,24766.5,TP,40.0,0,12:00-14:00
2025-10-16,NQ,PriorRTHLow,breakout,long,TP25_SL12,25,12,24699.0,SL,-12.0,2,14:00-close
2025-10-16,NQ,PriorRTHLow,breakout,long,TP40_SL20,40,20,24699.0,SL,-20.0,3,14:00-close
2025-10-16,NQ,GlobexLow,reject,short,TP25_SL12,25,12,24712.5,TP,25.0,1,14:00-close
2025-10-16,NQ,GlobexLow,reject,short,TP40_SL20,40,20,24712.5,TP,40.0,2,14:00-close
2025-10-16,NQ,PriorRTHLow,reject,short,TP25_SL12,25,12,24709.5,TP,25.0,0,14:00-close
2025-10-16,NQ,PriorRTHLow,reject,short,TP40_SL20,40,20,24709.5,TP,40.0,0,14:00-close
2025-10-17,NQ,VWAP,reject,short,TP25_SL12,25,12,24744.5,TP,25.0,0,09:30-09:45
2025-10-17,NQ,VWAP,reject,short,TP40_SL20,40,20,24744.5,SL,-20.0,1,09:30-09:45
2025-10-17,NQ,OR15Low,breakout,long,TP25_SL12,25,12,24761.0,TP,25.0,0,09:30-09:45
2025-10-17,NQ,OR15Low,breakout,long,TP40_SL20,40,20,24761.0,TP,40.0,1,09:30-09:45
2025-10-17,NQ,GlobexHigh,reject,short,TP25_SL12,25,12,24782.25,SL,-12.0,1,09:30-09:45
2025-10-17,NQ,GlobexHigh,reject,short,TP40_SL20,40,20,24782.25,SL,-20.0,1,09:30-09:45
2025-10-17,NQ,OR15High,reject,short,TP25_SL12,25,12,24766.0,SL,-12.0,0,09:30-09:45
2025-10-17,NQ,OR15High,reject,short,TP40_SL20,40,20,24766.0,SL,-20.0,0,09:30-09:45
2025-10-17,NQ,PriorRTHLow,breakout,long,TP25_SL12,25,12,24692.5,SL,-12.0,0,09:30-09:45
2025-10-17,NQ,PriorRTHLow,breakout,long,TP40_SL20,40,20,24692.5,SL,-20.0,0,09:30-09:45
2025-10-17,NQ,OR15Low,reject,short,TP25_SL12,25,12,24694.5,SL,-12.0,0,09:45-10:00
2025-10-17,NQ,OR15Low,reject,short,TP40_SL20,40,20,24694.5,SL,-20.0,0,09:45-10:00
2025-10-20,NQ,VWAP,reject,short,TP25_SL12,25,12,25186.25,SL,-12.0,0,09:30-09:45
2025-10-20,NQ,VWAP,reject,short,TP40_SL20,40,20,25186.25,SL,-20.0,2,09:30-09:45
2025-10-20,NQ,OR15High,reject,short,TP25_SL12,25,12,25187.5,SL,-12.0,1,09:30-09:45
2025-10-20,NQ,OR15High,reject,short,TP40_SL20,40,20,25187.5,SL,-20.0,1,09:30-09:45
2025-10-20,NQ,GlobexHigh,reject,short,TP25_SL12,25,12,25326.25,TP,25.0,2,11:00-12:00
2025-10-20,NQ,GlobexHigh,reject,short,TP40_SL20,40,20,25326.25,SL,-20.0,86,11:00-12:00
2025-10-21,NQ,GlobexLow,breakout,long,TP25_SL12,25,12,25258.75,TP,25.0,1,09:30-09:45
2025-10-21,NQ,GlobexLow,breakout,long,TP40_SL20,40,20,25258.75,SL,-20.0,9,09:30-09:45
2025-10-21,NQ,OR15High,reject,short,TP25_SL12,25,12,25258.75,SL,-12.0,0,09:30-09:45
2025-10-21,NQ,OR15High,reject,short,TP40_SL20,40,20,25258.75,SL,-20.0,1,09:30-09:45
2025-10-21,NQ,OR15Low,breakout,long,TP25_SL12,25,12,25258.75,TP,25.0,1,09:30-09:45
2025-10-21,NQ,OR15Low,breakout,long,TP40_SL20,40,20,25258.75,SL,-20.0,9,09:30-09:45
2025-10-21,NQ,VWAP,reject,short,TP25_SL12,25,12,25258.75,SL,-12.0,0,09:30-09:45
2025-10-21,NQ,VWAP,reject,short,TP40_SL20,40,20,25258.75,SL,-20.0,1,09:30-09:45
2025-10-21,NQ,OR15Low,reject,short,TP25_SL12,25,12,25237.75,SL,-12.0,0,09:45-10:00
2025-10-21,NQ,OR15Low,reject,short,TP40_SL20,40,20,25237.75,SL,-20.0,0,09:45-10:00
2025-10-21,NQ,GlobexLow,reject,short,TP25_SL12,25,12,25221.25,SL,-12.0,0,09:45-10:00
2025-10-21,NQ,GlobexLow,reject,short,TP40_SL20,40,20,25221.25,SL,-20.0,2,09:45-10:00
2025-10-21,NQ,GlobexHigh,reject,short,TP25_SL12,25,12,25314.5,SL,-12.0,3,11:00-12:00
2025-10-21,NQ,GlobexHigh,reject,short,TP40_SL20,40,20,25314.5,SL,-20.0,4,11:00-12:00
2025-10-21,NQ,PriorRTHHigh,reject,short,TP25_SL12,25,12,25328.5,SL,-12.0,24,12:00-14:00
2025-10-21,NQ,PriorRTHHigh,reject,short,TP40_SL20,40,20,25328.5,SL,-20.0,44,12:00-14:00
2025-10-22,NQ,OR15Low,breakout,long,TP25_SL12,25,12,25217.5,SL,-12.0,0,09:30-09:45
2025-10-22,NQ,OR15Low,breakout,long,TP40_SL20,40,20,25217.5,SL,-20.0,0,09:30-09:45
2025-10-22,NQ,PriorRTHLow,reject,short,TP25_SL12,25,12,25196.0,SL,-12.0,5,09:30-09:45
2025-10-22,NQ,PriorRTHLow,reject,short,TP40_SL20,40,20,25196.0,SL,-20.0,5,09:30-09:45
2025-10-22,NQ,VWAP,reject,short,TP25_SL12,25,12,25196.0,SL,-12.0,5,09:30-09:45
2025-10-22,NQ,VWAP,reject,short,TP40_SL20,40,20,25196.0,SL,-20.0,5,09:30-09:45
2025-10-22,NQ,OR15Low,reject,short,TP25_SL12,25,12,25187.0,SL,-12.0,0,09:30-09:45
2025-10-22,NQ,OR15Low,reject,short,TP40_SL20,40,20,25187.0,SL,-20.0,2,09:30-09:45
2025-10-22,NQ,OR15High,reject,short,TP25_SL12,25,12,25232.75,SL,-12.0,0,09:30-09:45
2025-10-22,NQ,OR15High,reject,short,TP40_SL20,40,20,25232.75,SL,-20.0,0,09:30-09:45
2025-10-22,NQ,GlobexLow,breakout,long,TP25_SL12,25,12,24938.0,TP,25.0,0,12:00-14:00
2025-10-22,NQ,GlobexLow,breakout,long,TP40_SL20,40,20,24938.0,SL,-20.0,0,12:00-14:00
2025-10-22,NQ,GlobexLow,reject,short,TP25_SL12,25,12,24923.25,TP,25.0,0,12:00-14:00
2025-10-22,NQ,GlobexLow,reject,short,TP40_SL20,40,20,24923.25,TP,40.0,0,12:00-14:00
2025-10-23,NQ,OR15Low,reject,short,TP25_SL12,25,12,25029.0,SL,-12.0,0,09:30-09:45
2025-10-23,NQ,OR15Low,reject,short,TP40_SL20,40,20,25029.0,SL,-20.0,3,09:30-09:45
2025-10-23,NQ,VWAP,reject,short,TP25_SL12,25,12,25029.0,SL,-12.0,0,09:30-09:45
2025-10-23,NQ,VWAP,reject,short,TP40_SL20,40,20,25029.0,SL,-20.0,3,09:30-09:45
2025-10-23,NQ,OR15High,reject,short,TP25_SL12,25,12,25064.0,SL,-12.0,1,09:30-09:45
2025-10-23,NQ,OR15High,reject,short,TP40_SL20,40,20,25064.0,SL,-20.0,1,09:30-09:45
2025-10-23,NQ,PriorRTHHigh,reject,short,TP25_SL12,25,12,25255.75,SL,-12.0,4,12:00-14:00
2025-10-23,NQ,PriorRTHHigh,reject,short,TP40_SL20,40,20,25255.75,SL,-20.0,5,12:00-14:00
2025-10-24,NQ,OR15Low,breakout,long,TP25_SL12,25,12,25468.5,TP,25.0,0,09:30-09:45
2025-10-24,NQ,OR15Low,breakout,long,TP40_SL20,40,20,25468.5,TP,40.0,2,09:30-09:45
2025-10-24,NQ,VWAP,breakout,long,TP25_SL12,25,12,25503.25,TP,25.0,1,09:30-09:45
2025-10-24,NQ,VWAP,breakout,long,TP40_SL20,40,20,25503.25,SL,-20.0,12,09:30-09:45
2025-10-24,NQ,GlobexHigh,reject,short,TP25_SL12,25,12,25506.0,SL,-12.0,0,09:30-09:45
2025-10-24,NQ,GlobexHigh,reject,short,TP40_SL20,40,20,25506.0,SL,-20.0,5,09:30-09:45
2025-10-24,NQ,OR15High,reject,short,TP25_SL12,25,12,25506.0,SL,-12.0,0,09:30-09:45
2025-10-24,NQ,OR15High,reject,short,TP40_SL20,40,20,25506.0,SL,-20.0,5,09:30-09:45
2025-10-24,NQ,VWAP,reject,short,TP25_SL12,25,12,25506.0,SL,-12.0,0,09:30-09:45
2025-10-24,NQ,VWAP,reject,short,TP40_SL20,40,20,25506.0,SL,-20.0,5,09:30-09:45
2025-10-27,NQ,OR15High,reject,short,TP25_SL12,25,12,25839.5,TP,25.0,2,09:30-09:45
2025-10-27,NQ,OR15High,reject,short,TP40_SL20,40,20,25839.5,TP,40.0,2,09:30-09:45
2025-10-27,NQ,OR15Low,breakout,long,TP25_SL12,25,12,25839.5,SL,-12.0,1,09:30-09:45
2025-10-27,NQ,OR15Low,breakout,long,TP40_SL20,40,20,25839.5,SL,-20.0,2,09:30-09:45
2025-10-27,NQ,VWAP,reject,short,TP25_SL12,25,12,25839.5,TP,25.0,2,09:30-09:45
2025-10-27,NQ,VWAP,reject,short,TP40_SL20,40,20,25839.5,TP,40.0,2,09:30-09:45
2025-10-27,NQ,GlobexLow,breakout,long,TP25_SL12,25,12,25808.75,TP,25.0,2,09:30-09:45
2025-10-27,NQ,GlobexLow,breakout,long,TP40_SL20,40,20,25808.75,TP,40.0,19,09:30-09:45
2025-10-27,NQ,OR15Low,reject,short,TP25_SL12,25,12,25814.0,SL,-12.0,1,09:30-09:45
2025-10-27,NQ,OR15Low,reject,short,TP40_SL20,40,20,25814.0,SL,-20.0,2,09:30-09:45
2025-10-28,NQ,OR15Low,breakout,long,TP25_SL12,25,12,26092.75,SL,-12.0,0,09:30-09:45
2025-10-28,NQ,OR15Low,breakout,long,TP40_SL20,40,20,26092.75,SL,-20.0,1,09:30-09:45
2025-10-28,NQ,OR15High,reject,short,TP25_SL12,25,12,26080.75,TP,25.0,1,09:30-09:45
2025-10-28,NQ,OR15High,reject,short,TP40_SL20,40,20,26080.75,TP,40.0,14,09:30-09:45
2025-10-28,NQ,VWAP,reject,short,TP25_SL12,25,12,26080.75,TP,25.0,1,09:30-09:45
2025-10-28,NQ,VWAP,reject,short,TP40_SL20,40,20,26080.75,TP,40.0,14,09:30-09:45
2025-10-28,NQ,OR15Low,reject,short,TP25_SL12,25,12,26056.75,TP,25.0,5,09:45-10:00
2025-10-28,NQ,OR15Low,reject,short,TP40_SL20,40,20,26056.75,SL,-20.0,8,09:45-10:00
2025-10-28,NQ,PriorRTHHigh,breakout,long,TP25_SL12,25,12,26042.0,SL,-12.0,0,09:45-10:00
2025-10-28,NQ,PriorRTHHigh,breakout,long,TP40_SL20,40,20,26042.0,TP,40.0,2,09:45-10:00
2025-10-28,NQ,GlobexHigh,reject,short,TP25_SL12,25,12,26216.5,TP,25.0,4,14:00-close
2025-10-28,NQ,GlobexHigh,reject,short,TP40_SL20,40,20,26216.5,TP,40.0,13,14:00-close
2025-10-29,NQ,PriorRTHHigh,breakout,long,TP25_SL12,25,12,26287.25,SL,-12.0,1,09:30-09:45
2025-10-29,NQ,PriorRTHHigh,breakout,long,TP40_SL20,40,20,26287.25,SL,-20.0,4,09:30-09:45
2025-10-29,NQ,OR15High,reject,short,TP25_SL12,25,12,26278.0,SL,-12.0,13,09:30-09:45
2025-10-29,NQ,OR15High,reject,short,TP40_SL20,40,20,26278.0,SL,-20.0,19,09:30-09:45
2025-10-29,NQ,OR15Low,breakout,long,TP25_SL12,25,12,26278.0,SL,-12.0,3,09:30-09:45
2025-10-29,NQ,OR15Low,breakout,long,TP40_SL20,40,20,26278.0,SL,-20.0,3,09:30-09:45
2025-10-29,NQ,VWAP,reject,short,TP25_SL12,25,12,26278.0,SL,-12.0,13,09:30-09:45
2025-10-29,NQ,VWAP,reject,short,TP40_SL20,40,20,26278.0,SL,-20.0,19,09:30-09:45
2025-10-29,NQ,OR15Low,reject,short,TP25_SL12,25,12,26257.5,SL,-12.0,0,09:30-09:45
2025-10-29,NQ,OR15Low,reject,short,TP40_SL20,40,20,26257.5,SL,-20.0,1,09:30-09:45
2025-10-29,NQ,PriorRTHHigh,reject,short,TP25_SL12,25,12,26240.25,SL,-12.0,1,11:00-12:00
2025-10-29,NQ,PriorRTHHigh,reject,short,TP40_SL20,40,20,26240.25,SL,-20.0,2,11:00-12:00
2025-10-29,NQ,GlobexLow,breakout,long,TP25_SL12,25,12,26153.25,TP,25.0,0,14:00-close
2025-10-29,NQ,GlobexLow,breakout,long,TP40_SL20,40,20,26153.25,SL,-20.0,0,14:00-close
2025-10-29,NQ,GlobexLow,reject,short,TP25_SL12,25,12,26163.0,TP,25.0,0,14:00-close
2025-10-29,NQ,GlobexLow,reject,short,TP40_SL20,40,20,26163.0,TP,40.0,0,14:00-close
2025-10-29,NQ,PriorRTHLow,breakout,long,TP25_SL12,25,12,26070.0,SL,-12.0,0,14:00-close
2025-10-29,NQ,PriorRTHLow,breakout,long,TP40_SL20,40,20,26070.0,TP,40.0,1,14:00-close
2025-10-30,NQ,GlobexLow,reject,short,TP25_SL12,25,12,26067.5,TP,25.0,2,09:30-09:45
2025-10-30,NQ,GlobexLow,reject,short,TP40_SL20,40,20,26067.5,TP,40.0,2,09:30-09:45
2025-10-30,NQ,PriorRTHLow,breakout,long,TP25_SL12,25,12,26067.5,SL,-12.0,0,09:30-09:45
2025-10-30,NQ,PriorRTHLow,breakout,long,TP40_SL20,40,20,26067.5,SL,-20.0,1,09:30-09:45
2025-10-30,NQ,VWAP,reject,short,TP25_SL12,25,12,26067.5,TP,25.0,2,09:30-09:45
2025-10-30,NQ,VWAP,reject,short,TP40_SL20,40,20,26067.5,TP,40.0,2,09:30-09:45
2025-10-30,NQ,PriorRTHLow,reject,short,TP25_SL12,25,12,26044.0,TP,25.0,1,09:30-09:45
2025-10-30,NQ,PriorRTHLow,reject,short,TP40_SL20,40,20,26044.0,TP,40.0,1,09:30-09:45
2025-10-30,NQ,OR15Low,breakout,long,TP25_SL12,25,12,25970.75,SL,-12.0,0,09:30-09:45
2025-10-30,NQ,OR15Low,breakout,long,TP40_SL20,40,20,25970.75,SL,-20.0,1,09:30-09:45
2025-10-30,NQ,OR15Low,reject,short,TP25_SL12,25,12,25950.75,SL,-12.0,0,09:30-09:45
2025-10-30,NQ,OR15Low,reject,short,TP40_SL20,40,20,25950.75,SL,-20.0,0,09:30-09:45
2025-10-30,NQ,OR15High,reject,short,TP25_SL12,25,12,26099.25,SL,-12.0,0,09:45-10:00
2025-10-30,NQ,OR15High,reject,short,TP40_SL20,40,20,26099.25,SL,-20.0,0,09:45-10:00
2025-10-31,NQ,PriorRTHHigh,reject,short,TP25_SL12,25,12,26174.25,TP,25.0,1,09:30-09:45
2025-10-31,NQ,PriorRTHHigh,reject,short,TP40_SL20,40,20,26174.25,TP,40.0,7,09:30-09:45
2025-10-31,NQ,OR15High,reject,short,TP25_SL12,25,12,26174.25,TP,25.0,1,09:30-09:45
2025-10-31,NQ,OR15High,reject,short,TP40_SL20,40,20,26174.25,TP,40.0,7,09:30-09:45
2025-10-31,NQ,VWAP,reject,short,TP25_SL12,25,12,26174.25,TP,25.0,1,09:30-09:45
2025-10-31,NQ,VWAP,reject,short,TP40_SL20,40,20,26174.25,TP,40.0,7,09:30-09:45
2025-10-31,NQ,GlobexLow,breakout,long,TP25_SL12,25,12,26152.0,SL,-12.0,6,09:30-09:45
2025-10-31,NQ,GlobexLow,breakout,long,TP40_SL20,40,20,26152.0,SL,-20.0,7,09:30-09:45
2025-10-31,NQ,OR15Low,breakout,long,TP25_SL12,25,12,26152.0,SL,-12.0,6,09:30-09:45
2025-10-31,NQ,OR15Low,breakout,long,TP40_SL20,40,20,26152.0,SL,-20.0,7,09:30-09:45
2025-10-31,NQ,GlobexLow,reject,short,TP25_SL12,25,12,26151.0,TP,25.0,2,09:30-09:45
2025-10-31,NQ,GlobexLow,reject,short,TP40_SL20,40,20,26151.0,TP,40.0,5,09:30-09:45
2025-10-31,NQ,OR15Low,reject,short,TP25_SL12,25,12,26096.0,SL,-12.0,0,09:45-10:00
2025-10-31,NQ,OR15Low,reject,short,TP40_SL20,40,20,26096.0,SL,-20.0,1,09:45-10:00
2025-10-31,NQ,PriorRTHLow,breakout,long,TP25_SL12,25,12,25921.5,SL,-12.0,1,12:00-14:00
2025-10-31,NQ,PriorRTHLow,breakout,long,TP40_SL20,40,20,25921.5,SL,-20.0,11,12:00-14:00
2025-11-03,NQ,PriorRTHHigh,breakout,long,TP25_SL12,25,12,26249.75,SL,-12.0,1,09:30-09:45
2025-11-03,NQ,PriorRTHHigh,breakout,long,TP40_SL20,40,20,26249.75,SL,-20.0,1,09:30-09:45
2025-11-03,NQ,GlobexHigh,reject,short,TP25_SL12,25,12,26235.25,TP,25.0,0,09:30-09:45
2025-11-03,NQ,GlobexHigh,reject,short,TP40_SL20,40,20,26235.25,TP,40.0,2,09:30-09:45
2025-11-03,NQ,OR15High,reject,short,TP25_SL12,25,12,26235.25,TP,25.0,0,09:30-09:45
2025-11-03,NQ,OR15High,reject,short,TP40_SL20,40,20,26235.25,TP,40.0,2,09:30-09:45
2025-11-03,NQ,VWAP,reject,short,TP25_SL12,25,12,26235.25,TP,25.0,0,09:30-09:45
2025-11-03,NQ,VWAP,reject,short,TP40_SL20,40,20,26235.25,TP,40.0,2,09:30-09:45
2025-11-03,NQ,OR15Low,breakout,long,TP25_SL12,25,12,26209.25,SL,-12.0,1,09:30-09:45
2025-11-03,NQ,OR15Low,breakout,long,TP40_SL20,40,20,26209.25,SL,-20.0,1,09:30-09:45
2025-11-03,NQ,PriorRTHHigh,reject,short,TP25_SL12,25,12,26190.25,TP,25.0,3,09:30-09:45
2025-11-03,NQ,PriorRTHHigh,reject,short,TP40_SL20,40,20,26190.25,TP,40.0,12,09:30-09:45
2025-11-03,NQ,OR15Low,reject,short,TP25_SL12,25,12,26165.25,SL,-12.0,0,09:45-10:00
2025-11-03,NQ,OR15Low,reject,short,TP40_SL20,40,20,26165.25,TP,40.0,4,09:45-10:00
2025-11-04,NQ,OR15High,reject,short,TP25_SL12,25,12,25714.75,TP,25.0,0,09:30-09:45
2025-11-04,NQ,OR15High,reject,short,TP40_SL20,40,20,25714.75,TP,40.0,0,09:30-09:45
2025-11-04,NQ,OR15Low,breakout,long,TP25_SL12,25,12,25714.75,SL,-12.0,0,09:30-09:45
2025-11-04,NQ,OR15Low,breakout,long,TP40_SL20,40,20,25714.75,SL,-20.0,0,09:30-09:45
2025-11-04,NQ,VWAP,reject,short,TP25_SL12,25,12,25714.75,TP,25.0,0,09:30-09:45
2025-11-04,NQ,VWAP,reject,short,TP40_SL20,40,20,25714.75,TP,40.0,0,09:30-09:45
2025-11-04,NQ,OR15Low,reject,short,TP25_SL12,25,12,25670.0,SL,-12.0,0,09:30-09:45
2025-11-04,NQ,OR15Low,reject,short,TP40_SL20,40,20,25670.0,SL,-20.0,0,09:30-09:45
2025-11-05,NQ,PriorRTHLow,reject,short,TP25_SL12,25,12,25538.5,SL,-12.0,0,09:30-09:45
2025-11-05,NQ,PriorRTHLow,reject,short,TP40_SL20,40,20,25538.5,TP,40.0,2,09:30-09:45
2025-11-05,NQ,OR15High,reject,short,TP25_SL12,25,12,25538.5,SL,-12.0,0,09:30-09:45
2025-11-05,NQ,OR15High,reject,short,TP40_SL20,40,20,25538.5,TP,40.0,2,09:30-09:45
2025-11-05,NQ,OR15Low,breakout,long,TP25_SL12,25,12,25538.5,SL,-12.0,0,09:30-09:45
2025-11-05,NQ,OR15Low,breakout,long,TP40_SL20,40,20,25538.5,SL,-20.0,1,09:30-09:45
2025-11-05,NQ,VWAP,reject,short,TP25_SL12,25,12,25538.5,SL,-12.0,0,09:30-09:45
2025-11-05,NQ,VWAP,reject,short,TP40_SL20,40,20,25538.5,TP,40.0,2,09:30-09:45
2025-11-05,NQ,OR15Low,reject,short,TP25_SL12,25,12,25553.5,TP,25.0,1,09:30-09:45
2025-11-05,NQ,OR15Low,reject,short,TP40_SL20,40,20,25553.5,TP,40.0,2,09:30-09:45
2025-11-05,NQ,GlobexHigh,reject,short,TP25_SL12,25,12,25733.75,SL,-12.0,4,11:00-12:00
2025-11-05,NQ,GlobexHigh,reject,short,TP40_SL20,40,20,25733.75,SL,-20.0,6,11:00-12:00
2025-11-05,NQ,PriorRTHHigh,reject,short,TP25_SL12,25,12,25851.25,TP,25.0,7,14:00-close
2025-11-05,NQ,PriorRTHHigh,reject,short,TP40_SL20,40,20,25851.25,SL,-20.0,36,14:00-close
2025-11-06,NQ,OR15Low,breakout,long,TP25_SL12,25,12,25664.75,SL,-12.0,0,09:30-09:45
2025-11-06,NQ,OR15Low,breakout,long,TP40_SL20,40,20,25664.75,SL,-20.0,0,09:30-09:45
2025-11-06,NQ,OR15High,reject,short,TP25_SL12,25,12,25632.5,SL,-12.0,0,09:30-09:45
2025-11-06,NQ,OR15High,reject,short,TP40_SL20,40,20,25632.5,SL,-20.0,0,09:30-09:45
2025-11-06,NQ,VWAP,reject,short,TP25_SL12,25,12,25632.5,SL,-12.0,0,09:30-09:45
2025-11-06,NQ,VWAP,reject,short,TP40_SL20,40,20,25632.5,SL,-20.0,0,09:30-09:45
2025-11-06,NQ,OR15Low,reject,short,TP25_SL12,25,12,25602.25,SL,-12.0,1,09:30-09:45
2025-11-06,NQ,OR15Low,reject,short,TP40_SL20,40,20,25602.25,SL,-20.0,2,09:30-09:45
2025-11-06,NQ,PriorRTHLow,breakout,long,TP25_SL12,25,12,25530.75,SL,-12.0,1,09:45-10:00
2025-11-06,NQ,PriorRTHLow,breakout,long,TP40_SL20,40,20,25530.75,SL,-20.0,1,09:45-10:00
2025-11-06,NQ,PriorRTHLow,reject,short,TP25_SL12,25,12,25466.25,TP,25.0,0,10:00-10:30
2025-11-06,NQ,PriorRTHLow,reject,short,TP40_SL20,40,20,25466.25,TP,40.0,2,10:00-10:30
2025-11-06,NQ,GlobexLow,breakout,long,TP25_SL12,25,12,25207.0,TP,25.0,0,11:00-12:00
2025-11-06,NQ,GlobexLow,breakout,long,TP40_SL20,40,20,25207.0,TP,40.0,3,11:00-12:00
2025-11-07,NQ,GlobexLow,reject,short,TP25_SL12,25,12,25051.5,SL,-12.0,0,09:30-09:45
2025-11-07,NQ,GlobexLow,reject,short,TP40_SL20,40,20,25051.5,SL,-20.0,0,09:30-09:45
2025-11-07,NQ,OR15High,reject,short,TP25_SL12,25,12,25051.5,SL,-12.0,0,09:30-09:45
2025-11-07,NQ,OR15High,reject,short,TP40_SL20,40,20,25051.5,SL,-20.0,0,09:30-09:45
2025-11-07,NQ,VWAP,reject,short,TP25_SL12,25,12,25051.5,SL,-12.0,0,09:30-09:45
2025-11-07,NQ,VWAP,reject,short,TP40_SL20,40,20,25051.5,SL,-20.0,0,09:30-09:45
2025-11-07,NQ,OR15Low,breakout,long,TP25_SL12,25,12,24951.25,SL,-12.0,0,09:30-09:45
2025-11-07,NQ,OR15Low,breakout,long,TP40_SL20,40,20,24951.25,SL,-20.0,0,09:30-09:45
2025-11-07,NQ,OR15Low,reject,short,TP25_SL12,25,12,24942.5,SL,-12.0,0,09:30-09:45
2025-11-07,NQ,OR15Low,reject,short,TP40_SL20,40,20,24942.5,SL,-20.0,0,09:30-09:45
2025-11-10,NQ,OR15Low,breakout,long,TP25_SL12,25,12,25577.0,TP,25.0,2,09:30-09:45
2025-11-10,NQ,OR15Low,breakout,long,TP40_SL20,40,20,25577.0,TP,40.0,6,09:30-09:45
2025-11-10,NQ,VWAP,reject,short,TP25_SL12,25,12,25570.0,SL,-12.0,0,09:30-09:45
2025-11-10,NQ,VWAP,reject,short,TP40_SL20,40,20,25570.0,SL,-20.0,0,09:30-09:45
2025-11-10,NQ,OR15High,reject,short,TP25_SL12,25,12,25631.0,TP,25.0,2,09:45-10:00
2025-11-10,NQ,OR15High,reject,short,TP40_SL20,40,20,25631.0,TP,40.0,5,09:45-10:00
2025-11-10,NQ,OR15Low,reject,short,TP25_SL12,25,12,25523.75,TP,25.0,0,11:00-12:00
2025-11-10,NQ,OR15Low,reject,short,TP40_SL20,40,20,25523.75,TP,40.0,5,11:00-12:00
2025-11-10,NQ,GlobexLow,breakout,long,TP25_SL12,25,12,25502.25,SL,-12.0,4,11:00-12:00
2025-11-10,NQ,GlobexLow,breakout,long,TP40_SL20,40,20,25502.25,SL,-20.0,4,11:00-12:00
2025-11-10,NQ,GlobexLow,reject,short,TP25_SL12,25,12,25474.5,SL,-12.0,3,11:00-12:00
2025-11-10,NQ,GlobexLow,reject,short,TP40_SL20,40,20,25474.5,SL,-20.0,8,11:00-12:00
2025-11-10,NQ,GlobexHigh,reject,short,TP25_SL12,25,12,25739.25,SL,-12.0,3,14:00-close
2025-11-10,NQ,GlobexHigh,reject,short,TP40_SL20,40,20,25739.25,SL,-20.0,3,14:00-close
2025-11-11,NQ,GlobexLow,breakout,long,TP25_SL12,25,12,25629.5,SL,-12.0,1,09:30-09:45
2025-11-11,NQ,GlobexLow,breakout,long,TP40_SL20,40,20,25629.5,SL,-20.0,1,09:30-09:45
2025-11-11,NQ,OR15Low,breakout,long,TP25_SL12,25,12,25627.25,SL,-12.0,0,09:30-09:45
2025-11-11,NQ,OR15Low,breakout,long,TP40_SL20,40,20,25627.25,SL,-20.0,0,09:30-09:45
2025-11-11,NQ,OR15High,reject,short,TP25_SL12,25,12,25617.25,SL,-12.0,1,09:30-09:45
2025-11-11,NQ,OR15High,reject,short,TP40_SL20,40,20,25617.25,SL,-20.0,2,09:30-09:45
2025-11-11,NQ,VWAP,reject,short,TP25_SL12,25,12,25617.25,SL,-12.0,1,09:30-09:45
2025-11-11,NQ,VWAP,reject,short,TP40_SL20,40,20,25617.25,SL,-20.0,2,09:30-09:45
2025-11-11,NQ,OR15Low,reject,short,TP25_SL12,25,12,25606.5,TP,25.0,1,09:45-10:00
2025-11-11,NQ,OR15Low,reject,short,TP40_SL20,40,20,25606.5,TP,40.0,2,09:45-10:00
2025-11-11,NQ,GlobexLow,reject,short,TP25_SL12,25,12,25572.75,SL,-12.0,1,09:45-10:00
2025-11-11,NQ,GlobexLow,reject,short,TP40_SL20,40,20,25572.75,SL,-20.0,2,09:45-10:00
2025-11-11,NQ,PriorRTHLow,breakout,long,TP25_SL12,25,12,25508.5,TP,25.0,4,10:30-11:00
2025-11-11,NQ,PriorRTHLow,breakout,long,TP40_SL20,40,20,25508.5,TP,40.0,4,10:30-11:00
2025-11-12,NQ,PriorRTHHigh,reject,short,TP25_SL12,25,12,25705.25,TP,25.0,1,09:30-09:45
2025-11-12,NQ,PriorRTHHigh,reject,short,TP40_SL20,40,20,25705.25,TP,40.0,7,09:30-09:45
2025-11-12,NQ,OR15Low,breakout,long,TP25_SL12,25,12,25705.25,SL,-12.0,0,09:30-09:45
2025-11-12,NQ,OR15Low,breakout,long,TP40_SL20,40,20,25705.25,SL,-20.0,1,09:30-09:45
2025-11-12,NQ,VWAP,reject,short,TP25_SL12,25,12,25705.25,TP,25.0,1,09:30-09:45
2025-11-12,NQ,VWAP,reject,short,TP40_SL20,40,20,25705.25,TP,40.0,7,09:30-09:45
2025-11-12,NQ,OR15Low,reject,short,TP25_SL12,25,12,25644.75,SL,-12.0,0,09:45-10:00
2025-11-12,NQ,OR15Low,reject,short,TP40_SL20,40,20,25644.75,TP,40.0,1,09:45-10:00
2025-11-12,NQ,GlobexLow,breakout,long,TP25_SL12,25,12,25536.5,TP,25.0,0,10:30-11:00
2025-11-12,NQ,GlobexLow,breakout,long,TP40_SL20,40,20,25536.5,TP,40.0,2,10:30-11:00
2025-11-12,NQ,PriorRTHLow,breakout,long,TP25_SL12,25,12,25510.0,SL,-12.0,3,11:00-12:00
2025-11-12,NQ,PriorRTHLow,breakout,long,TP40_SL20,40,20,25510.0,TP,40.0,9,11:00-12:00
2025-11-12,NQ,GlobexLow,reject,short,TP25_SL12,25,12,25503.5,SL,-12.0,0,11:00-12:00
2025-11-12,NQ,GlobexLow,reject,short,TP40_SL20,40,20,25503.5,SL,-20.0,2,11:00-12:00
2025-11-13,NQ,PriorRTHLow,reject,short,TP25_SL12,25,12,25452.75,SL,-12.0,0,09:30-09:45
2025-11-13,NQ,PriorRTHLow,reject,short,TP40_SL20,40,20,25452.75,SL,-20.0,0,09:30-09:45
2025-11-13,NQ,VWAP,reject,short,TP25_SL12,25,12,25452.75,SL,-12.0,0,09:30-09:45
2025-11-13,NQ,VWAP,reject,short,TP40_SL20,40,20,25452.75,SL,-20.0,0,09:30-09:45
2025-11-13,NQ,OR15High,reject,short,TP25_SL12,25,12,25434.25,TP,25.0,0,09:30-09:45
2025-11-13,NQ,OR15High,reject,short,TP40_SL20,40,20,25434.25,TP,40.0,0,09:30-09:45
2025-11-13,NQ,OR15Low,breakout,long,TP25_SL12,25,12,25346.5,SL,-12.0,0,09:30-09:45
2025-11-13,NQ,OR15Low,breakout,long,TP40_SL20,40,20,25346.5,SL,-20.0,0,09:30-09:45
2025-11-13,NQ,OR15Low,reject,short,TP25_SL12,25,12,25297.0,SL,-12.0,0,09:45-10:00
2025-11-13,NQ,OR15Low,reject,short,TP40_SL20,40,20,25297.0,SL,-20.0,0,09:45-10:00
2025-11-13,NQ,GlobexLow,breakout,long,TP25_SL12,25,12,25073.25,SL,-12.0,2,12:00-14:00
2025-11-13,NQ,GlobexLow,breakout,long,TP40_SL20,40,20,25073.25,SL,-20.0,5,12:00-14:00
2025-11-13,NQ,GlobexLow,reject,short,TP25_SL12,25,12,25017.0,SL,-12.0,0,12:00-14:00
2025-11-13,NQ,GlobexLow,reject,short,TP40_SL20,40,20,25017.0,SL,-20.0,0,12:00-14:00
2025-11-14,NQ,GlobexLow,breakout,long,TP25_SL12,25,12,24647.25,SL,-12.0,0,09:30-09:45
2025-11-14,NQ,GlobexLow,breakout,long,TP40_SL20,40,20,24647.25,SL,-20.0,0,09:30-09:45
2025-11-14,NQ,OR15Low,breakout,long,TP25_SL12,25,12,24647.25,SL,-12.0,0,09:30-09:45
2025-11-14,NQ,OR15Low,breakout,long,TP40_SL20,40,20,24647.25,SL,-20.0,0,09:30-09:45
2025-11-14,NQ,VWAP,reject,short,TP25_SL12,25,12,24647.25,SL,-12.0,1,09:30-09:45
2025-11-14,NQ,VWAP,reject,short,TP40_SL20,40,20,24647.25,SL,-20.0,2,09:30-09:45
2025-11-14,NQ,GlobexLow,reject,short,TP25_SL12,25,12,24636.25,SL,-12.0,0,09:30-09:45
2025-11-14,NQ,GlobexLow,reject,short,TP40_SL20,40,20,24636.25,SL,-20.0,0,09:30-09:45
2025-11-14,NQ,OR15Low,reject,short,TP25_SL12,25,12,24643.5,SL,-12.0,0,09:30-09:45
2025-11-14,NQ,OR15Low,reject,short,TP40_SL20,40,20,24643.5,SL,-20.0,0,09:30-09:45
2025-11-14,NQ,OR15High,reject,short,TP25_SL12,25,12,24808.5,SL,-12.0,0,09:30-09:45
2025-11-14,NQ,OR15High,reject,short,TP40_SL20,40,20,24808.5,SL,-20.0,0,09:30-09:45
2025-11-14,NQ,PriorRTHLow,reject,short,TP25_SL12,25,12,24928.5,SL,-12.0,0,10:00-10:30
2025-11-14,NQ,PriorRTHLow,reject,short,TP40_SL20,40,20,24928.5,SL,-20.0,2,10:00-10:30
2025-11-14,NQ,GlobexHigh,breakout,long,TP25_SL12,25,12,25162.75,SL,-12.0,0,10:30-11:00
2025-11-14,NQ,GlobexHigh,breakout,long,TP40_SL20,40,20,25162.75,SL,-20.0,1,10:30-11:00
2025-11-14,NQ,GlobexHigh,reject,short,TP25_SL12,25,12,25150.5,SL,-12.0,2,10:30-11:00
2025-11-14,NQ,GlobexHigh,reject,short,TP40_SL20,40,20,25150.5,TP,40.0,7,10:30-11:00
2025-11-17,NQ,VWAP,breakout,long,TP25_SL12,25,12,25068.0,TP,25.0,1,09:30-09:45
2025-11-17,NQ,VWAP,breakout,long,TP40_SL20,40,20,25068.0,TP,40.0,2,09:30-09:45
2025-11-17,NQ,VWAP,reject,short,TP25_SL12,25,12,25059.75,SL,-12.0,0,09:30-09:45
2025-11-17,NQ,VWAP,reject,short,TP40_SL20,40,20,25059.75,SL,-20.0,0,09:30-09:45
2025-11-17,NQ,OR15High,reject,short,TP25_SL12,25,12,25157.25,SL,-12.0,0,09:30-09:45
2025-11-17,NQ,OR15High,reject,short,TP40_SL20,40,20,25157.25,SL,-20.0,1,09:30-09:45
2025-11-17,NQ,OR15Low,breakout,long,TP25_SL12,25,12,25001.75,SL,-12.0,5,11:00-12:00
2025-11-17,NQ,OR15Low,breakout,long,TP40_SL20,40,20,25001.75,SL,-20.0,5,11:00-12:00
2025-11-17,NQ,OR15Low,reject,short,TP25_SL12,25,12,24965.5,SL,-12.0,4,11:00-12:00
2025-11-17,NQ,OR15Low,reject,short,TP40_SL20,40,20,24965.5,SL,-20.0,4,11:00-12:00
2025-11-18,NQ,OR15Low,breakout,long,TP25_SL12,25,12,24793.0,TP,25.0,0,09:30-09:45
2025-11-18,NQ,OR15Low,breakout,long,TP40_SL20,40,20,24793.0,SL,-20.0,1,09:30-09:45
2025-11-18,NQ,PriorRTHLow,reject,short,TP25_SL12,25,12,24788.5,TP,25.0,0,09:30-09:45
2025-11-18,NQ,PriorRTHLow,reject,short,TP40_SL20,40,20,24788.5,TP,40.0,0,09:30-09:45
2025-11-18,NQ,VWAP,reject,short,TP25_SL12,25,12,24788.5,TP,25.0,0,09:30-09:45
2025-11-18,NQ,VWAP,reject,short,TP40_SL20,40,20,24788.5,TP,40.0,0,09:30-09:45
2025-11-18,NQ,OR15High,reject,short,TP25_SL12,25,12,24743.75,TP,25.0,0,09:30-09:45
2025-11-18,NQ,OR15High,reject,short,TP40_SL20,40,20,24743.75,SL,-20.0,0,09:30-09:45
2025-11-18,NQ,OR15Low,reject,short,TP25_SL12,25,12,24654.25,SL,-12.0,0,09:45-10:00
2025-11-18,NQ,OR15Low,reject,short,TP40_SL20,40,20,24654.25,SL,-20.0,0,09:45-10:00
2025-11-18,NQ,GlobexLow,breakout,long,TP25_SL12,25,12,24558.75,TP,25.0,0,09:45-10:00
2025-11-18,NQ,GlobexLow,breakout,long,TP40_SL20,40,20,24558.75,SL,-20.0,2,09:45-10:00
2025-11-18,NQ,GlobexLow,reject,short,TP25_SL12,25,12,24471.25,TP,25.0,1,10:00-10:30
2025-11-18,NQ,GlobexLow,reject,short,TP40_SL20,40,20,24471.25,TP,40.0,2,10:00-10:30
2025-11-19,NQ,OR15Low,breakout,long,TP25_SL12,25,12,24585.25,TP,25.0,0,09:30-09:45
2025-11-19,NQ,OR15Low,breakout,long,TP40_SL20,40,20,24585.25,TP,40.0,0,09:30-09:45
2025-11-19,NQ,VWAP,reject,short,TP25_SL12,25,12,24585.25,SL,-12.0,0,09:30-09:45
2025-11-19,NQ,VWAP,reject,short,TP40_SL20,40,20,24585.25,SL,-20.0,0,09:30-09:45
2025-11-19,NQ,OR15Low,reject,short,TP25_SL12,25,12,24631.25,SL,-12.0,0,09:30-09:45
2025-11-19,NQ,OR15Low,reject,short,TP40_SL20,40,20,24631.25,SL,-20.0,0,09:30-09:45
2025-11-19,NQ,OR15High,reject,short,TP25_SL12,25,12,24743.25,SL,-12.0,0,09:45-10:00
2025-11-19,NQ,OR15High,reject,short,TP40_SL20,40,20,24743.25,SL,-20.0,0,09:45-10:00
2025-11-19,NQ,PriorRTHHigh,breakout,long,TP25_SL12,25,12,24858.75,TP,25.0,1,09:45-10:00
2025-11-19,NQ,PriorRTHHigh,breakout,long,TP40_SL20,40,20,24858.75,TP,40.0,1,09:45-10:00
2025-11-19,NQ,PriorRTHHigh,reject,short,TP25_SL12,25,12,24825.0,TP,25.0,2,10:30-11:00
2025-11-19,NQ,PriorRTHHigh,reject,short,TP40_SL20,40,20,24825.0,TP,40.0,3,10:30-11:00
2025-11-20,NQ,OR15Low,breakout,long,TP25_SL12,25,12,25194.25,SL,-12.0,0,09:30-09:45
2025-11-20,NQ,OR15Low,breakout,long,TP40_SL20,40,20,25194.25,SL,-20.0,0,09:30-09:45
2025-11-20,NQ,VWAP,reject,short,TP25_SL12,25,12,25194.25,TP,25.0,0,09:30-09:45
2025-11-20,NQ,VWAP,reject,short,TP40_SL20,40,20,25194.25,TP,40.0,0,09:30-09:45
2025-11-20,NQ,OR15High,reject,short,TP25_SL12,25,12,25189.25,SL,-12.0,0,09:30-09:45
2025-11-20,NQ,OR15High,reject,short,TP40_SL20,40,20,25189.25,SL,-20.0,0,09:30-09:45
2025-11-20,NQ,OR15Low,reject,short,TP25_SL12,25,12,25174.25,SL,-12.0,0,09:30-09:45
2025-11-20,NQ,OR15Low,reject,short,TP40_SL20,40,20,25174.25,SL,-20.0,0,09:30-09:45
2025-11-20,NQ,GlobexHigh,reject,short,TP25_SL12,25,12,25243.5,TP,25.0,0,09:45-10:00
2025-11-20,NQ,GlobexHigh,reject,short,TP40_SL20,40,20,25243.5,TP,40.0,0,09:45-10:00
2025-11-20,NQ,PriorRTHHigh,breakout,long,TP25_SL12,25,12,25017.75,TP,25.0,0,11:00-12:00
2025-11-20,NQ,PriorRTHHigh,breakout,long,TP40_SL20,40,20,25017.75,SL,-20.0,2,11:00-12:00
2025-11-20,NQ,PriorRTHHigh,reject,short,TP25_SL12,25,12,24968.0,TP,25.0,0,11:00-12:00
2025-11-20,NQ,PriorRTHHigh,reject,short,TP40_SL20,40,20,24968.0,SL,-20.0,0,11:00-12:00
2025-11-20,NQ,PriorRTHLow,breakout,long,TP25_SL12,25,12,24565.0,SL,-12.0,0,11:00-12:00
2025-11-20,NQ,PriorRTHLow,breakout,long,TP40_SL20,40,20,24565.0,SL,-20.0,0,11:00-12:00
2025-11-20,NQ,PriorRTHLow,reject,short,TP25_SL12,25,12,24533.5,TP,25.0,0,12:00-14:00
2025-11-20,NQ,PriorRTHLow,reject,short,TP40_SL20,40,20,24533.5,TP,40.0,0,12:00-14:00
2025-11-21,NQ,GlobexHigh,reject,short,TP25_SL12,25,12,24245.75,TP,25.0,0,09:30-09:45
2025-11-21,NQ,GlobexHigh,reject,short,TP40_SL20,40,20,24245.75,TP,40.0,0,09:30-09:45
2025-11-21,NQ,OR15High,reject,short,TP25_SL12,25,12,24245.75,TP,25.0,0,09:30-09:45
2025-11-21,NQ,OR15High,reject,short,TP40_SL20,40,20,24245.75,TP,40.0,0,09:30-09:45
2025-11-21,NQ,OR15Low,breakout,long,TP25_SL12,25,12,24245.75,SL,-12.0,0,09:30-09:45
2025-11-21,NQ,OR15Low,breakout,long,TP40_SL20,40,20,24245.75,SL,-20.0,0,09:30-09:45
2025-11-21,NQ,VWAP,reject,short,TP25_SL12,25,12,24245.75,TP,25.0,0,09:30-09:45
2025-11-21,NQ,VWAP,reject,short,TP40_SL20,40,20,24245.75,TP,40.0,0,09:30-09:45
2025-11-21,NQ,PriorRTHLow,breakout,long,TP25_SL12,25,12,24146.0,SL,-12.0,0,09:45-10:00
2025-11-21,NQ,PriorRTHLow,breakout,long,TP40_SL20,40,20,24146.0,SL,-20.0,0,09:45-10:00
2025-11-21,NQ,OR15Low,reject,short,TP25_SL12,25,12,24112.75,SL,-12.0,0,09:45-10:00
2025-11-21,NQ,OR15Low,reject,short,TP40_SL20,40,20,24112.75,SL,-20.0,0,09:45-10:00
2025-11-21,NQ,PriorRTHLow,reject,short,TP25_SL12,25,12,24127.75,SL,-12.0,0,10:00-10:30
2025-11-21,NQ,PriorRTHLow,reject,short,TP40_SL20,40,20,24127.75,SL,-20.0,1,10:00-10:30
2025-11-21,NQ,GlobexLow,breakout,long,TP25_SL12,25,12,23951.75,SL,-12.0,0,10:30-11:00
2025-11-21,NQ,GlobexLow,breakout,long,TP40_SL20,40,20,23951.75,SL,-20.0,0,10:30-11:00
2025-11-24,NQ,VWAP,breakout,long,TP25_SL12,25,12,24637.5,TP,25.0,1,09:30-09:45
2025-11-24,NQ,VWAP,breakout,long,TP40_SL20,40,20,24637.5,TP,40.0,1,09:30-09:45
2025-11-24,NQ,PriorRTHHigh,breakout,long,TP25_SL12,25,12,24650.0,TP,25.0,0,09:30-09:45
2025-11-24,NQ,PriorRTHHigh,breakout,long,TP40_SL20,40,20,24650.0,TP,40.0,1,09:30-09:45
2025-11-24,NQ,VWAP,reject,short,TP25_SL12,25,12,24705.0,TP,25.0,1,09:30-09:45
2025-11-24,NQ,VWAP,reject,short,TP40_SL20,40,20,24705.0,TP,40.0,3,09:30-09:45
2025-11-24,NQ,OR15High,reject,short,TP25_SL12,25,12,24704.25,TP,25.0,0,09:30-09:45
2025-11-24,NQ,OR15High,reject,short,TP40_SL20,40,20,24704.25,TP,40.0,2,09:30-09:45
2025-11-24,NQ,PriorRTHHigh,reject,short,TP25_SL12,25,12,24616.0,SL,-12.0,0,09:45-10:00
2025-11-24,NQ,PriorRTHHigh,reject,short,TP40_SL20,40,20,24616.0,SL,-20.0,0,09:45-10:00
2025-11-24,NQ,GlobexHigh,reject,short,TP25_SL12,25,12,24950.0,TP,25.0,6,14:00-close
2025-11-24,NQ,GlobexHigh,reject,short,TP40_SL20,40,20,24950.0,SL,-20.0,33,14:00-close
2025-11-25,NQ,OR15High,reject,short,TP25_SL12,25,12,24844.25,SL,-12.0,1,09:30-09:45
2025-11-25,NQ,OR15High,reject,short,TP40_SL20,40,20,24844.25,SL,-20.0,1,09:30-09:45
2025-11-25,NQ,VWAP,reject,short,TP25_SL12,25,12,24844.25,SL,-12.0,1,09:30-09:45
2025-11-25,NQ,VWAP,reject,short,TP40_SL20,40,20,24844.25,SL,-20.0,1,09:30-09:45
2025-11-25,NQ,GlobexLow,breakout,long,TP25_SL12,25,12,24868.0,SL,-12.0,0,09:30-09:45
2025-11-25,NQ,GlobexLow,breakout,long,TP40_SL20,40,20,24868.0,SL,-20.0,1,09:30-09:45
2025-11-25,NQ,GlobexLow,reject,short,TP25_SL12,25,12,24794.25,TP,25.0,1,09:30-09:45
2025-11-25,NQ,GlobexLow,reject,short,TP40_SL20,40,20,24794.25,TP,40.0,1,09:30-09:45
2025-11-25,NQ,OR15Low,breakout,long,TP25_SL12,25,12,24724.0,TP,25.0,0,09:30-09:45
2025-11-25,NQ,OR15Low,breakout,long,TP40_SL20,40,20,24724.0,SL,-20.0,1,09:30-09:45
2025-11-25,NQ,OR15Low,reject,short,TP25_SL12,25,12,24688.0,SL,-12.0,1,09:45-10:00
2025-11-25,NQ,OR15Low,reject,short,TP40_SL20,40,20,24688.0,TP,40.0,2,09:45-10:00
2025-11-25,NQ,PriorRTHHigh,reject,short,TP25_SL12,25,12,24991.0,SL,-12.0,2,12:00-14:00
2025-11-25,NQ,PriorRTHHigh,reject,short,TP40_SL20,40,20,24991.0,SL,-20.0,2,12:00-14:00
2025-11-26,NQ,OR15Low,breakout,long,TP25_SL12,25,12,25265.0,SL,-12.0,0,09:30-09:45
2025-11-26,NQ,OR15Low,breakout,long,TP40_SL20,40,20,25265.0,SL,-20.0,0,09:30-09:45
2025-11-26,NQ,OR15High,reject,short,TP25_SL12,25,12,25248.0,SL,-12.0,2,09:30-09:45
2025-11-26,NQ,OR15High,reject,short,TP40_SL20,40,20,25248.0,TP,40.0,4,09:30-09:45
2025-11-26,NQ,VWAP,reject,short,TP25_SL12,25,12,25248.0,SL,-12.0,2,09:30-09:45
2025-11-26,NQ,VWAP,reject,short,TP40_SL20,40,20,25248.0,TP,40.0,4,09:30-09:45
2025-11-26,NQ,OR15Low,reject,short,TP25_SL12,25,12,25223.5,TP,25.0,1,09:30-09:45
2025-11-26,NQ,OR15Low,reject,short,TP40_SL20,40,20,25223.5,SL,-20.0,4,09:30-09:45
2025-11-26,NQ,PriorRTHHigh,breakout,long,TP25_SL12,25,12,25186.5,SL,-12.0,0,09:45-10:00
2025-11-26,NQ,PriorRTHHigh,breakout,long,TP40_SL20,40,20,25186.5,SL,-20.0,0,09:45-10:00
2025-11-26,NQ,GlobexLow,breakout,long,TP25_SL12,25,12,25167.0,SL,-12.0,0,10:00-10:30
2025-11-26,NQ,GlobexLow,breakout,long,TP40_SL20,40,20,25167.0,SL,-20.0,0,10:00-10:30
2025-11-26,NQ,PriorRTHHigh,reject,short,TP25_SL12,25,12,25153.0,SL,-12.0,0,10:00-10:30
2025-11-26,NQ,PriorRTHHigh,reject,short,TP40_SL20,40,20,25153.0,SL,-20.0,0,10:00-10:30
2025-11-26,NQ,GlobexHigh,reject,short,TP25_SL12,25,12,25323.25,SL,-12.0,3,11:00-12:00
2025-11-26,NQ,GlobexHigh,reject,short,TP40_SL20,40,20,25323.25,SL,-20.0,6,11:00-12:00
2025-11-27,NQ,GlobexLow,breakout,long,TP25_SL12,25,12,25311.0,SL,-12.0,1,09:30-09:45
2025-11-27,NQ,GlobexLow,breakout,long,TP40_SL20,40,20,25311.0,SL,-20.0,5,09:30-09:45
2025-11-27,NQ,OR15Low,breakout,long,TP25_SL12,25,12,25311.0,SL,-12.0,1,09:30-09:45
2025-11-27,NQ,OR15Low,breakout,long,TP40_SL20,40,20,25311.0,SL,-20.0,5,09:30-09:45
2025-11-27,NQ,GlobexLow,reject,short,TP25_SL12,25,12,25299.25,EOD,-2.5,203,09:30-09:45
2025-11-27,NQ,GlobexLow,reject,short,TP40_SL20,40,20,25299.25,EOD,-2.5,203,09:30-09:45
2025-11-27,NQ,OR15High,reject,short,TP25_SL12,25,12,25299.25,EOD,-2.5,203,09:30-09:45
2025-11-27,NQ,OR15High,reject,short,TP40_SL20,40,20,25299.25,EOD,-2.5,203,09:30-09:45
2025-11-27,NQ,VWAP,reject,short,TP25_SL12,25,12,25299.25,EOD,-2.5,203,09:30-09:45
2025-11-27,NQ,VWAP,reject,short,TP40_SL20,40,20,25299.25,EOD,-2.5,203,09:30-09:45
2025-11-27,NQ,OR15Low,reject,short,TP25_SL12,25,12,25294.5,SL,-12.0,33,09:30-09:45
2025-11-27,NQ,OR15Low,reject,short,TP40_SL20,40,20,25294.5,EOD,-7.25,200,09:30-09:45
2025-11-28,NQ,PriorRTHHigh,breakout,long,TP25_SL12,25,12,25377.75,TP,25.0,3,09:30-09:45
2025-11-28,NQ,PriorRTHHigh,breakout,long,TP40_SL20,40,20,25377.75,TP,40.0,4,09:30-09:45
2025-11-28,NQ,OR15Low,breakout,long,TP25_SL12,25,12,25377.75,TP,25.0,3,09:30-09:45
2025-11-28,NQ,OR15Low,breakout,long,TP40_SL20,40,20,25377.75,TP,40.0,4,09:30-09:45
2025-11-28,NQ,GlobexLow,breakout,long,TP25_SL12,25,12,25383.5,TP,25.0,3,09:30-09:45
2025-11-28,NQ,GlobexLow,breakout,long,TP40_SL20,40,20,25383.5,SL,-20.0,6,09:30-09:45
2025-11-28,NQ,GlobexHigh,reject,short,TP25_SL12,25,12,25395.0,TP,25.0,1,09:30-09:45
2025-11-28,NQ,GlobexHigh,reject,short,TP40_SL20,40,20,25395.0,TP,40.0,1,09:30-09:45
2025-11-28,NQ,GlobexLow,reject,short,TP25_SL12,25,12,25395.0,TP,25.0,1,09:30-09:45
2025-11-28,NQ,GlobexLow,reject,short,TP40_SL20,40,20,25395.0,TP,40.0,1,09:30-09:45
2025-11-28,NQ,OR15High,reject,short,TP25_SL12,25,12,25395.0,TP,25.0,1,09:30-09:45
2025-11-28,NQ,OR15High,reject,short,TP40_SL20,40,20,25395.0,TP,40.0,1,09:30-09:45
2025-11-28,NQ,VWAP,reject,short,TP25_SL12,25,12,25395.0,TP,25.0,1,09:30-09:45
2025-11-28,NQ,VWAP,reject,short,TP40_SL20,40,20,25395.0,TP,40.0,1,09:30-09:45
2025-11-28,NQ,PriorRTHLow,breakout,long,TP25_SL12,25,12,25343.0,TP,25.0,1,09:30-09:45
2025-11-28,NQ,PriorRTHLow,breakout,long,TP40_SL20,40,20,25343.0,TP,40.0,6,09:30-09:45
2025-11-28,NQ,OR15Low,reject,short,TP25_SL12,25,12,25357.75,SL,-12.0,2,09:45-10:00
2025-11-28,NQ,OR15Low,reject,short,TP40_SL20,40,20,25357.75,SL,-20.0,3,09:45-10:00
2025-12-01,NQ,GlobexLow,breakout,long,TP25_SL12,25,12,25262.75,TP,25.0,0,09:30-09:45
2025-12-01,NQ,GlobexLow,breakout,long,TP40_SL20,40,20,25262.75,TP,40.0,2,09:30-09:45
2025-12-01,NQ,OR15Low,breakout,long,TP25_SL12,25,12,25262.75,TP,25.0,0,09:30-09:45
2025-12-01,NQ,OR15Low,breakout,long,TP40_SL20,40,20,25262.75,TP,40.0,2,09:30-09:45
2025-12-01,NQ,VWAP,reject,short,TP25_SL12,25,12,25262.75,SL,-12.0,0,09:30-09:45
2025-12-01,NQ,VWAP,reject,short,TP40_SL20,40,20,25262.75,SL,-20.0,0,09:30-09:45
2025-12-01,NQ,OR15High,reject,short,TP25_SL12,25,12,25293.5,SL,-12.0,0,09:30-09:45
2025-12-01,NQ,OR15High,reject,short,TP40_SL20,40,20,25293.5,SL,-20.0,0,09:30-09:45
2025-12-01,NQ,PriorRTHLow,reject,short,TP25_SL12,25,12,25306.0,TP,25.0,0,09:30-09:45
2025-12-01,NQ,PriorRTHLow,reject,short,TP40_SL20,40,20,25306.0,TP,40.0,0,09:30-09:45
2025-12-01,NQ,GlobexHigh,reject,short,TP25_SL12,25,12,25407.75,TP,25.0,5,11:00-12:00
2025-12-01,NQ,GlobexHigh,reject,short,TP40_SL20,40,20,25407.75,TP,40.0,6,11:00-12:00
2025-12-01,NQ,PriorRTHHigh,reject,short,TP25_SL12,25,12,25468.75,SL,-12.0,22,12:00-14:00
2025-12-01,NQ,PriorRTHHigh,reject,short,TP40_SL20,40,20,25468.75,SL,-20.0,64,12:00-14:00
2025-12-02,NQ,PriorRTHHigh,reject,short,TP25_SL12,25,12,25514.25,SL,-12.0,0,09:30-09:45
2025-12-02,NQ,PriorRTHHigh,reject,short,TP40_SL20,40,20,25514.25,SL,-20.0,1,09:30-09:45
2025-12-02,NQ,OR15Low,reject,short,TP25_SL12,25,12,25514.25,SL,-12.0,0,09:30-09:45
2025-12-02,NQ,OR15Low,reject,short,TP40_SL20,40,20,25514.25,SL,-20.0,1,09:30-09:45
2025-12-02,NQ,VWAP,reject,short,TP25_SL12,25,12,25514.25,SL,-12.0,0,09:30-09:45
2025-12-02,NQ,VWAP,reject,short,TP40_SL20,40,20,25514.25,SL,-20.0,1,09:30-09:45
2025-12-02,NQ,OR15High,reject,short,TP25_SL12,25,12,25595.0,SL,-12.0,0,09:30-09:45
2025-12-02,NQ,OR15High,reject,short,TP40_SL20,40,20,25595.0,SL,-20.0,19,09:30-09:45
2025-12-02,NQ,GlobexHigh,reject,short,TP25_SL12,25,12,25625.5,SL,-12.0,3,10:00-10:30
2025-12-02,NQ,GlobexHigh,reject,short,TP40_SL20,40,20,25625.5,SL,-20.0,14,10:00-10:30
2025-12-03,NQ,OR15Low,breakout,long,TP25_SL12,25,12,25525.25,SL,-12.0,0,09:30-09:45
2025-12-03,NQ,OR15Low,breakout,long,TP40_SL20,40,20,25525.25,SL,-20.0,1,09:30-09:45
2025-12-03,NQ,OR15High,reject,short,TP25_SL12,25,12,25517.75,TP,25.0,0,09:30-09:45
2025-12-03,NQ,OR15High,reject,short,TP40_SL20,40,20,25517.75,TP,40.0,0,09:30-09:45
2025-12-03,NQ,VWAP,reject,short,TP25_SL12,25,12,25517.75,TP,25.0,0,09:30-09:45
2025-12-03,NQ,VWAP,reject,short,TP40_SL20,40,20,25517.75,TP,40.0,0,09:30-09:45
2025-12-03,NQ,GlobexLow,breakout,long,TP25_SL12,25,12,25491.25,SL,-12.0,0,09:30-09:45
2025-12-03,NQ,GlobexLow,breakout,long,TP40_SL20,40,20,25491.25,SL,-20.0,3,09:30-09:45
2025-12-03,NQ,PriorRTHLow,breakout,long,TP25_SL12,25,12,25463.0,TP,25.0,1,09:30-09:45
2025-12-03,NQ,PriorRTHLow,breakout,long,TP40_SL20,40,20,25463.0,TP,40.0,1,09:30-09:45
2025-12-03,NQ,OR15Low,reject,short,TP25_SL12,25,12,25484.25,SL,-12.0,0,09:30-09:45
2025-12-03,NQ,OR15Low,reject,short,TP40_SL20,40,20,25484.25,SL,-20.0,0,09:30-09:45
2025-12-03,NQ,GlobexHigh,reject,short,TP25_SL12,25,12,25641.25,SL,-12.0,35,12:00-14:00
2025-12-03,NQ,GlobexHigh,reject,short,TP40_SL20,40,20,25641.25,SL,-20.0,58,12:00-14:00
2025-12-03,NQ,PriorRTHHigh,reject,short,TP25_SL12,25,12,25641.25,SL,-12.0,35,12:00-14:00
2025-12-03,NQ,PriorRTHHigh,reject,short,TP40_SL20,40,20,25641.25,SL,-20.0,58,12:00-14:00
2025-12-04,NQ,GlobexLow,breakout,long,TP25_SL12,25,12,25656.25,SL,-12.0,0,09:30-09:45
2025-12-04,NQ,GlobexLow,breakout,long,TP40_SL20,40,20,25656.25,SL,-20.0,0,09:30-09:45
2025-12-04,NQ,PriorRTHHigh,reject,short,TP25_SL12,25,12,25656.25,TP,25.0,0,09:30-09:45
2025-12-04,NQ,PriorRTHHigh,reject,short,TP40_SL20,40,20,25656.25,TP,40.0,0,09:30-09:45
2025-12-04,NQ,VWAP,reject,short,TP25_SL12,25,12,25656.25,TP,25.0,0,09:30-09:45
2025-12-04,NQ,VWAP,reject,short,TP40_SL20,40,20,25656.25,TP,40.0,0,09:30-09:45
2025-12-04,NQ,OR15Low,breakout,long,TP25_SL12,25,12,25567.5,TP,25.0,0,09:30-09:45
2025-12-04,NQ,OR15Low,breakout,long,TP40_SL20,40,20,25567.5,TP,40.0,0,09:30-09:45
2025-12-04,NQ,GlobexLow,reject,short,TP25_SL12,25,12,25613.25,SL,-12.0,1,09:30-09:45
2025-12-04,NQ,GlobexLow,reject,short,TP40_SL20,40,20,25613.25,SL,-20.0,2,09:30-09:45
2025-12-04,NQ,OR15Low,reject,short,TP25_SL12,25,12,25613.25,SL,-12.0,1,09:30-09:45
2025-12-04,NQ,OR15Low,reject,short,TP40_SL20,40,20,25613.25,SL,-20.0,2,09:30-09:45
2025-12-05,NQ,GlobexHigh,reject,short,TP25_SL12,25,12,25758.0,SL,-12.0,0,09:30-09:45
2025-12-05,NQ,GlobexHigh,reject,short,TP40_SL20,40,20,25758.0,TP,40.0,7,09:30-09:45
2025-12-05,NQ,PriorRTHHigh,breakout,long,TP25_SL12,25,12,25758.0,SL,-12.0,2,09:30-09:45
2025-12-05,NQ,PriorRTHHigh,breakout,long,TP40_SL20,40,20,25758.0,SL,-20.0,6,09:30-09:45
2025-12-05,NQ,OR15High,reject,short,TP25_SL12,25,12,25758.0,SL,-12.0,0,09:30-09:45
2025-12-05,NQ,OR15High,reject,short,TP40_SL20,40,20,25758.0,TP,40.0,7,09:30-09:45
2025-12-05,NQ,VWAP,reject,short,TP25_SL12,25,12,25758.0,SL,-12.0,0,09:30-09:45
2025-12-05,NQ,VWAP,reject,short,TP40_SL20,40,20,25758.0,TP,40.0,7,09:30-09:45
2025-12-05,NQ,OR15Low,breakout,long,TP25_SL12,25,12,25707.25,SL,-12.0,0,09:30-09:45
2025-12-05,NQ,OR15Low,breakout,long,TP40_SL20,40,20,25707.25,SL,-20.0,0,09:30-09:45
2025-12-05,NQ,PriorRTHHigh,reject,short,TP25_SL12,25,12,25695.25,SL,-12.0,0,09:30-09:45
2025-12-05,NQ,PriorRTHHigh,reject,short,TP40_SL20,40,20,25695.25,SL,-20.0,1,09:30-09:45
2025-12-05,NQ,OR15Low,reject,short,TP25_SL12,25,12,25704.75,SL,-12.0,1,09:30-09:45
2025-12-05,NQ,OR15Low,reject,short,TP40_SL20,40,20,25704.75,SL,-20.0,1,09:30-09:45
2025-12-08,NQ,OR15Low,breakout,long,TP25_SL12,25,12,25842.25,SL,-12.0,0,09:30-09:45
2025-12-08,NQ,OR15Low,breakout,long,TP40_SL20,40,20,25842.25,SL,-20.0,1,09:30-09:45
2025-12-08,NQ,GlobexHigh,reject,short,TP25_SL12,25,12,25832.0,TP,25.0,5,09:30-09:45
2025-12-08,NQ,GlobexHigh,reject,short,TP40_SL20,40,20,25832.0,TP,40.0,6,09:30-09:45
2025-12-08,NQ,PriorRTHHigh,reject,short,TP25_SL12,25,12,25832.0,TP,25.0,5,09:30-09:45
2025-12-08,NQ,PriorRTHHigh,reject,short,TP40_SL20,40,20,25832.0,TP,40.0,6,09:30-09:45
2025-12-08,NQ,OR15High,reject,short,TP25_SL12,25,12,25832.0,TP,25.0,5,09:30-09:45
2025-12-08,NQ,OR15High,reject,short,TP40_SL20,40,20,25832.0,TP,40.0,6,09:30-09:45
2025-12-08,NQ,VWAP,reject,short,TP25_SL12,25,12,25832.0,TP,25.0,5,09:30-09:45
2025-12-08,NQ,VWAP,reject,short,TP40_SL20,40,20,25832.0,TP,40.0,6,09:30-09:45
2025-12-08,NQ,OR15Low,reject,short,TP25_SL12,25,12,25799.0,TP,25.0,2,09:45-10:00
2025-12-08,NQ,OR15Low,reject,short,TP40_SL20,40,20,25799.0,TP,40.0,2,09:45-10:00
2025-12-08,NQ,GlobexLow,breakout,long,TP25_SL12,25,12,25759.0,SL,-12.0,2,09:45-10:00
2025-12-08,NQ,GlobexLow,breakout,long,TP40_SL20,40,20,25759.0,SL,-20.0,8,09:45-10:00
2025-12-08,NQ,PriorRTHLow,breakout,long,TP25_SL12,25,12,25704.25,SL,-12.0,0,10:00-10:30
2025-12-08,NQ,PriorRTHLow,breakout,long,TP40_SL20,40,20,25704.25,SL,-20.0,0,10:00-10:30
2025-12-08,NQ,GlobexLow,reject,short,TP25_SL12,25,12,25688.0,SL,-12.0,0,10:30-11:00
2025-12-08,NQ,GlobexLow,reject,short,TP40_SL20,40,20,25688.0,SL,-20.0,1,10:30-11:00
2025-12-08,NQ,PriorRTHLow,reject,short,TP25_SL12,25,12,25658.5,SL,-12.0,0,10:30-11:00
2025-12-08,NQ,PriorRTHLow,reject,short,TP40_SL20,40,20,25658.5,SL,-20.0,0,10:30-11:00
2025-12-09,NQ,GlobexLow,reject,short,TP25_SL12,25,12,25569.75,SL,-12.0,0,09:30-09:45
2025-12-09,NQ,GlobexLow,reject,short,TP40_SL20,40,20,25569.75,SL,-20.0,0,09:30-09:45
2025-12-09,NQ,PriorRTHLow,reject,short,TP25_SL12,25,12,25569.75,SL,-12.0,0,09:30-09:45
2025-12-09,NQ,PriorRTHLow,reject,short,TP40_SL20,40,20,25569.75,SL,-20.0,0,09:30-09:45
2025-12-09,NQ,VWAP,reject,short,TP25_SL12,25,12,25569.75,SL,-12.0,0,09:30-09:45
2025-12-09,NQ,VWAP,reject,short,TP40_SL20,40,20,25569.75,SL,-20.0,0,09:30-09:45
2025-12-09,NQ,OR15Low,reject,short,TP25_SL12,25,12,25580.25,SL,-12.0,0,09:30-09:45
2025-12-09,NQ,OR15Low,reject,short,TP40_SL20,40,20,25580.25,SL,-20.0,0,09:30-09:45
2025-12-09,NQ,OR15High,reject,short,TP25_SL12,25,12,25607.5,SL,-12.0,0,09:30-09:45
2025-12-09,NQ,OR15High,reject,short,TP40_SL20,40,20,25607.5,SL,-20.0,1,09:30-09:45
2025-12-09,NQ,GlobexHigh,reject,short,TP25_SL12,25,12,25688.75,SL,-12.0,1,11:00-12:00
2025-12-09,NQ,GlobexHigh,reject,short,TP40_SL20,40,20,25688.75,SL,-20.0,12,11:00-12:00
2025-12-10,NQ,PriorRTHLow,breakout,long,TP25_SL12,25,12,25624.0,SL,-12.0,2,09:30-09:45
2025-12-10,NQ,PriorRTHLow,breakout,long,TP40_SL20,40,20,25624.0,SL,-20.0,2,09:30-09:45
2025-12-10,NQ,OR15High,reject,short,TP25_SL12,25,12,25624.0,SL,-12.0,0,09:30-09:45
2025-12-10,NQ,OR15High,reject,short,TP40_SL20,40,20,25624.0,TP,40.0,2,09:30-09:45
2025-12-10,NQ,OR15Low,breakout,long,TP25_SL12,25,12,25624.0,SL,-12.0,2,09:30-09:45
2025-12-10,NQ,OR15Low,breakout,long,TP40_SL20,40,20,25624.0,SL,-20.0,2,09:30-09:45
2025-12-10,NQ,VWAP,reject,short,TP25_SL12,25,12,25624.0,SL,-12.0,0,09:30-09:45
2025-12-10,NQ,VWAP,reject,short,TP40_SL20,40,20,25624.0,TP,40.0,2,09:30-09:45
2025-12-10,NQ,PriorRTHLow,reject,short,TP25_SL12,25,12,25586.0,SL,-12.0,3,10:30-11:00
2025-12-10,NQ,PriorRTHLow,reject,short,TP40_SL20,40,20,25586.0,SL,-20.0,3,10:30-11:00
2025-12-10,NQ,OR15Low,reject,short,TP25_SL12,25,12,25586.0,SL,-12.0,3,10:30-11:00
2025-12-10,NQ,OR15Low,reject,short,TP40_SL20,40,20,25586.0,SL,-20.0,3,10:30-11:00
2025-12-10,NQ,PriorRTHHigh,reject,short,TP25_SL12,25,12,25673.0,TP,25.0,0,14:00-close
2025-12-10,NQ,PriorRTHHigh,reject,short,TP40_SL20,40,20,25673.0,SL,-20.0,4,14:00-close
2025-12-10,NQ,GlobexHigh,reject,short,TP25_SL12,25,12,25717.5,SL,-12.0,1,14:00-close
2025-12-10,NQ,GlobexHigh,reject,short,TP40_SL20,40,20,25717.5,SL,-20.0,1,14:00-close
2025-12-11,NQ,OR15Low,breakout,long,TP25_SL12,25,12,25604.5,SL,-12.0,0,09:30-09:45
2025-12-11,NQ,OR15Low,breakout,long,TP40_SL20,40,20,25604.5,SL,-20.0,0,09:30-09:45
2025-12-11,NQ,VWAP,reject,short,TP25_SL12,25,12,25604.5,TP,25.0,1,09:30-09:45
2025-12-11,NQ,VWAP,reject,short,TP40_SL20,40,20,25604.5,TP,40.0,1,09:30-09:45
2025-12-11,NQ,PriorRTHLow,breakout,long,TP25_SL12,25,12,25573.25,TP,25.0,0,09:30-09:45
2025-12-11,NQ,PriorRTHLow,breakout,long,TP40_SL20,40,20,25573.25,TP,40.0,3,09:30-09:45
2025-12-11,NQ,OR15High,reject,short,TP25_SL12,25,12,25585.5,TP,25.0,2,09:30-09:45
2025-12-11,NQ,OR15High,reject,short,TP40_SL20,40,20,25585.5,TP,40.0,5,09:30-09:45
2025-12-11,NQ,OR15Low,reject,short,TP25_SL12,25,12,25580.25,SL,-12.0,0,09:30-09:45
2025-12-11,NQ,OR15Low,reject,short,TP40_SL20,40,20,25580.25,TP,40.0,3,09:30-09:45
2025-12-11,NQ,GlobexLow,breakout,long,TP25_SL12,25,12,25511.0,SL,-12.0,0,09:45-10:00
2025-12-11,NQ,GlobexLow,breakout,long,TP40_SL20,40,20,25511.0,SL,-20.0,0,09:45-10:00
2025-12-11,NQ,PriorRTHLow,reject,short,TP25_SL12,25,12,25511.0,TP,25.0,0,09:45-10:00
2025-12-11,NQ,PriorRTHLow,reject,short,TP40_SL20,40,20,25511.0,TP,40.0,1,09:45-10:00
2025-12-11,NQ,GlobexLow,reject,short,TP25_SL12,25,12,25463.25,TP,25.0,1,09:45-10:00
2025-12-11,NQ,GlobexLow,reject,short,TP40_SL20,40,20,25463.25,TP,40.0,3,09:45-10:00
2025-12-11,NQ,GlobexHigh,reject,short,TP25_SL12,25,12,25701.25,SL,-12.0,3,14:00-close
2025-12-11,NQ,GlobexHigh,reject,short,TP40_SL20,40,20,25701.25,SL,-20.0,10,14:00-close
2025-12-12,NQ,GlobexLow,reject,short,TP25_SL12,25,12,25553.0,SL,-12.0,0,09:30-09:45
2025-12-12,NQ,GlobexLow,reject,short,TP40_SL20,40,20,25553.0,SL,-20.0,0,09:30-09:45
2025-12-12,NQ,OR15Low,reject,short,TP25_SL12,25,12,25553.0,SL,-12.0,0,09:30-09:45
2025-12-12,NQ,OR15Low,reject,short,TP40_SL20,40,20,25553.0,SL,-20.0,0,09:30-09:45
2025-12-12,NQ,VWAP,reject,short,TP25_SL12,25,12,25553.0,SL,-12.0,0,09:30-09:45
2025-12-12,NQ,VWAP,reject,short,TP40_SL20,40,20,25553.0,SL,-20.0,0,09:30-09:45
2025-12-12,NQ,OR15High,reject,short,TP25_SL12,25,12,25583.5,TP,25.0,0,09:30-09:45
2025-12-12,NQ,OR15High,reject,short,TP40_SL20,40,20,25583.5,TP,40.0,3,09:30-09:45
2025-12-12,NQ,PriorRTHLow,breakout,long,TP25_SL12,25,12,25431.75,SL,-12.0,0,10:00-10:30
2025-12-12,NQ,PriorRTHLow,breakout,long,TP40_SL20,40,20,25431.75,SL,-20.0,0,10:00-10:30
2025-12-12,NQ,PriorRTHLow,reject,short,TP25_SL12,25,12,25368.75,SL,-12.0,1,10:00-10:30
2025-12-12,NQ,PriorRTHLow,reject,short,TP40_SL20,40,20,25368.75,TP,40.0,2,10:00-10:30
2025-12-15,NQ,GlobexHigh,reject,short,TP25_SL12,25,12,25378.0,TP,25.0,0,09:30-09:45
2025-12-15,NQ,GlobexHigh,reject,short,TP40_SL20,40,20,25378.0,TP,40.0,0,09:30-09:45
2025-12-15,NQ,OR15High,reject,short,TP25_SL12,25,12,25378.0,TP,25.0,0,09:30-09:45
2025-12-15,NQ,OR15High,reject,short,TP40_SL20,40,20,25378.0,TP,40.0,0,09:30-09:45
2025-12-15,NQ,VWAP,reject,short,TP25_SL12,25,12,25378.0,TP,25.0,0,09:30-09:45
2025-12-15,NQ,VWAP,reject,short,TP40_SL20,40,20,25378.0,TP,40.0,0,09:30-09:45
2025-12-15,NQ,OR15Low,breakout,long,TP25_SL12,25,12,25318.0,TP,25.0,0,09:30-09:45
2025-12-15,NQ,OR15Low,breakout,long,TP40_SL20,40,20,25318.0,TP,40.0,1,09:30-09:45
2025-12-15,NQ,OR15Low,reject,short,TP25_SL12,25,12,25301.0,TP,25.0,2,09:30-09:45
2025-12-15,NQ,OR15Low,reject,short,TP40_SL20,40,20,25301.0,TP,40.0,3,09:30-09:45
2025-12-15,NQ,PriorRTHLow,breakout,long,TP25_SL12,25,12,25176.25,TP,25.0,0,10:00-10:30
2025-12-15,NQ,PriorRTHLow,breakout,long,TP40_SL20,40,20,25176.25,TP,40.0,0,10:00-10:30
2025-12-15,NQ,PriorRTHLow,reject,short,TP25_SL12,25,12,25065.5,SL,-12.0,0,10:00-10:30
2025-12-15,NQ,PriorRTHLow,reject,short,TP40_SL20,40,20,25065.5,SL,-20.0,4,10:00-10:30
2025-12-16,NQ,PriorRTHLow,reject,short,TP25_SL12,25,12,25031.25,SL,-12.0,0,09:30-09:45
2025-12-16,NQ,PriorRTHLow,reject,short,TP40_SL20,40,20,25031.25,SL,-20.0,0,09:30-09:45
2025-12-16,NQ,VWAP,reject,short,TP25_SL12,25,12,25031.25,SL,-12.0,0,09:30-09:45
2025-12-16,NQ,VWAP,reject,short,TP40_SL20,40,20,25031.25,SL,-20.0,0,09:30-09:45
2025-12-16,NQ,OR15Low,breakout,long,TP25_SL12,25,12,25053.5,SL,-12.0,0,09:30-09:45
2025-12-16,NQ,OR15Low,breakout,long,TP40_SL20,40,20,25053.5,SL,-20.0,0,09:30-09:45
2025-12-16,NQ,OR15High,reject,short,TP25_SL12,25,12,25089.75,TP,25.0,1,09:30-09:45
2025-12-16,NQ,OR15High,reject,short,TP40_SL20,40,20,25089.75,TP,40.0,2,09:30-09:45
2025-12-16,NQ,GlobexHigh,reject,short,TP25_SL12,25,12,25126.5,TP,25.0,1,09:45-10:00
2025-12-16,NQ,GlobexHigh,reject,short,TP40_SL20,40,20,25126.5,TP,40.0,2,09:45-10:00
2025-12-16,NQ,OR15Low,reject,short,TP25_SL12,25,12,24942.5,SL,-12.0,0,10:00-10:30
2025-12-16,NQ,OR15Low,reject,short,TP40_SL20,40,20,24942.5,SL,-20.0,1,10:00-10:30
2025-12-17,NQ,PriorRTHHigh,reject,short,TP25_SL12,25,12,25179.0,SL,-12.0,0,09:30-09:45
2025-12-17,NQ,PriorRTHHigh,reject,short,TP40_SL20,40,20,25179.0,TP,40.0,2,09:30-09:45
2025-12-17,NQ,OR15High,reject,short,TP25_SL12,25,12,25179.0,SL,-12.0,0,09:30-09:45
2025-12-17,NQ,OR15High,reject,short,TP40_SL20,40,20,25179.0,TP,40.0,2,09:30-09:45
2025-12-17,NQ,VWAP,reject,short,TP25_SL12,25,12,25179.0,SL,-12.0,0,09:30-09:45
2025-12-17,NQ,VWAP,reject,short,TP40_SL20,40,20,25179.0,TP,40.0,2,09:30-09:45
2025-12-17,NQ,OR15Low,breakout,long,TP25_SL12,25,12,25107.0,SL,-12.0,2,09:30-09:45
2025-12-17,NQ,OR15Low,breakout,long,TP40_SL20,40,20,25107.0,SL,-20.0,3,09:30-09:45
2025-12-17,NQ,OR15Low,reject,short,TP25_SL12,25,12,25076.0,SL,-12.0,1,09:30-09:45
2025-12-17,NQ,OR15Low,reject,short,TP40_SL20,40,20,25076.0,SL,-20.0,1,09:30-09:45
2025-12-17,NQ,PriorRTHLow,breakout,long,TP25_SL12,25,12,24989.25,SL,-12.0,0,10:30-11:00
2025-12-17,NQ,PriorRTHLow,breakout,long,TP40_SL20,40,20,24989.25,SL,-20.0,1,10:30-11:00
2025-12-17,NQ,PriorRTHLow,reject,short,TP25_SL12,25,12,24921.5,TP,25.0,0,10:30-11:00
2025-12-17,NQ,PriorRTHLow,reject,short,TP40_SL20,40,20,24921.5,TP,40.0,1,10:30-11:00
2025-12-17,NQ,GlobexLow,breakout,long,TP25_SL12,25,12,24742.5,SL,-12.0,2,12:00-14:00
2025-12-17,NQ,GlobexLow,breakout,long,TP40_SL20,40,20,24742.5,SL,-20.0,5,12:00-14:00
2025-12-17,NQ,GlobexLow,reject,short,TP25_SL12,25,12,24670.25,EOD,9.25,3,14:00-close
2025-12-17,NQ,GlobexLow,reject,short,TP40_SL20,40,20,24670.25,EOD,9.25,3,14:00-close
2025-12-18,NQ,GlobexHigh,reject,short,TP25_SL12,25,12,25069.25,TP,25.0,0,09:30-09:45
2025-12-18,NQ,GlobexHigh,reject,short,TP40_SL20,40,20,25069.25,TP,40.0,2,09:30-09:45
2025-12-18,NQ,OR15High,reject,short,TP25_SL12,25,12,25069.25,TP,25.0,0,09:30-09:45
2025-12-18,NQ,OR15High,reject,short,TP40_SL20,40,20,25069.25,TP,40.0,2,09:30-09:45
2025-12-18,NQ,VWAP,reject,short,TP25_SL12,25,12,25041.75,TP,25.0,1,09:30-09:45
2025-12-18,NQ,VWAP,reject,short,TP40_SL20,40,20,25041.75,TP,40.0,4,09:30-09:45
2025-12-18,NQ,OR15Low,breakout,long,TP25_SL12,25,12,24985.5,SL,-12.0,0,09:30-09:45
2025-12-18,NQ,OR15Low,breakout,long,TP40_SL20,40,20,24985.5,SL,-20.0,0,09:30-09:45
2025-12-18,NQ,OR15Low,reject,short,TP25_SL12,25,12,24962.25,SL,-12.0,0,09:30-09:45
2025-12-18,NQ,OR15Low,reject,short,TP40_SL20,40,20,24962.25,SL,-20.0,2,09:30-09:45
2025-12-22,NQ,GlobexHigh,reject,short,TP25_SL12,25,12,25765.5,TP,25.0,0,09:30-09:45
2025-12-22,NQ,GlobexHigh,reject,short,TP40_SL20,40,20,25765.5,TP,40.0,0,09:30-09:45
2025-12-22,NQ,OR15High,reject,short,TP25_SL12,25,12,25765.5,TP,25.0,0,09:30-09:45
2025-12-22,NQ,OR15High,reject,short,TP40_SL20,40,20,25765.5,TP,40.0,0,09:30-09:45
2025-12-22,NQ,VWAP,reject,short,TP25_SL12,25,12,25765.5,TP,25.0,0,09:30-09:45
2025-12-22,NQ,VWAP,reject,short,TP40_SL20,40,20,25765.5,TP,40.0,0,09:30-09:45
2025-12-22,NQ,GlobexLow,breakout,long,TP25_SL12,25,12,25706.25,SL,-12.0,1,09:30-09:45
2025-12-22,NQ,GlobexLow,breakout,long,TP40_SL20,40,20,25706.25,SL,-20.0,1,09:30-09:45
2025-12-22,NQ,OR15Low,breakout,long,TP25_SL12,25,12,25706.25,SL,-12.0,1,09:30-09:45
2025-12-22,NQ,OR15Low,breakout,long,TP40_SL20,40,20,25706.25,SL,-20.0,1,09:30-09:45
2025-12-22,NQ,OR15Low,reject,short,TP25_SL12,25,12,25690.0,SL,-12.0,0,09:45-10:00
2025-12-22,NQ,OR15Low,reject,short,TP40_SL20,40,20,25690.0,SL,-20.0,0,09:45-10:00
2025-12-22,NQ,GlobexLow,reject,short,TP25_SL12,25,12,25660.5,TP,25.0,0,10:30-11:00
2025-12-22,NQ,GlobexLow,reject,short,TP40_SL20,40,20,25660.5,SL,-20.0,9,10:30-11:00
2025-12-23,NQ,OR15High,reject,short,TP25_SL12,25,12,25701.0,SL,-12.0,2,09:30-09:45
2025-12-23,NQ,OR15High,reject,short,TP40_SL20,40,20,25701.0,SL,-20.0,3,09:30-09:45
2025-12-23,NQ,OR15Low,breakout,long,TP25_SL12,25,12,25704.0,TP,25.0,2,09:30-09:45
2025-12-23,NQ,OR15Low,breakout,long,TP40_SL20,40,20,25704.0,TP,40.0,14,09:30-09:45
2025-12-23,NQ,VWAP,reject,short,TP25_SL12,25,12,25704.0,SL,-12.0,1,09:30-09:45
2025-12-23,NQ,VWAP,reject,short,TP40_SL20,40,20,25704.0,SL,-20.0,2,09:30-09:45
2025-12-23,NQ,PriorRTHLow,breakout,long,TP25_SL12,25,12,25696.5,SL,-12.0,0,09:45-10:00
2025-12-23,NQ,PriorRTHLow,breakout,long,TP40_SL20,40,20,25696.5,SL,-20.0,1,09:45-10:00
2025-12-23,NQ,GlobexLow,breakout,long,TP25_SL12,25,12,25648.75,SL,-12.0,0,10:00-10:30
2025-12-23,NQ,GlobexLow,breakout,long,TP40_SL20,40,20,25648.75,SL,-20.0,0,10:00-10:30
2025-12-23,NQ,PriorRTHLow,reject,short,TP25_SL12,25,12,25636.0,SL,-12.0,2,10:00-10:30
2025-12-23,NQ,PriorRTHLow,reject,short,TP40_SL20,40,20,25636.0,SL,-20.0,3,10:00-10:30
2025-12-23,NQ,OR15Low,reject,short,TP25_SL12,25,12,25636.0,SL,-12.0,2,10:00-10:30
2025-12-23,NQ,OR15Low,reject,short,TP40_SL20,40,20,25636.0,SL,-20.0,3,10:00-10:30
2025-12-23,NQ,PriorRTHHigh,reject,short,TP25_SL12,25,12,25764.75,SL,-12.0,65,12:00-14:00
2025-12-23,NQ,PriorRTHHigh,reject,short,TP40_SL20,40,20,25764.75,SL,-20.0,110,12:00-14:00
2025-12-23,NQ,GlobexHigh,reject,short,TP25_SL12,25,12,25803.75,SL,-12.0,6,14:00-close
2025-12-23,NQ,GlobexHigh,reject,short,TP40_SL20,40,20,25803.75,EOD,-7.5,9,14:00-close
2025-12-24,NQ,GlobexLow,breakout,long,TP25_SL12,25,12,25810.5,SL,-12.0,2,09:30-09:45
2025-12-24,NQ,GlobexLow,breakout,long,TP40_SL20,40,20,25810.5,SL,-20.0,5,09:30-09:45
2025-12-24,NQ,OR15Low,breakout,long,TP25_SL12,25,12,25819.25,SL,-12.0,1,09:30-09:45
2025-12-24,NQ,OR15Low,breakout,long,TP40_SL20,40,20,25819.25,SL,-20.0,1,09:30-09:45
2025-12-24,NQ,GlobexHigh,reject,short,TP25_SL12,25,12,25808.0,SL,-12.0,6,09:30-09:45
2025-12-24,NQ,GlobexHigh,reject,short,TP40_SL20,40,20,25808.0,SL,-20.0,33,09:30-09:45
2025-12-24,NQ,PriorRTHHigh,reject,short,TP25_SL12,25,12,25808.0,SL,-12.0,6,09:30-09:45
2025-12-24,NQ,PriorRTHHigh,reject,short,TP40_SL20,40,20,25808.0,SL,-20.0,33,09:30-09:45
2025-12-24,NQ,OR15High,reject,short,TP25_SL12,25,12,25808.0,SL,-12.0,6,09:30-09:45
2025-12-24,NQ,OR15High,reject,short,TP40_SL20,40,20,25808.0,SL,-20.0,33,09:30-09:45
2025-12-24,NQ,OR15Low,reject,short,TP25_SL12,25,12,25808.0,SL,-12.0,6,09:30-09:45
2025-12-24,NQ,OR15Low,reject,short,TP40_SL20,40,20,25808.0,SL,-20.0,33,09:30-09:45
2025-12-24,NQ,VWAP,reject,short,TP25_SL12,25,12,25808.0,SL,-12.0,6,09:30-09:45
2025-12-24,NQ,VWAP,reject,short,TP40_SL20,40,20,25808.0,SL,-20.0,33,09:30-09:45
2025-12-24,NQ,GlobexLow,reject,short,TP25_SL12,25,12,25799.25,SL,-12.0,16,09:30-09:45
2025-12-24,NQ,GlobexLow,reject,short,TP40_SL20,40,20,25799.25,SL,-20.0,21,09:30-09:45
2025-12-26,NQ,GlobexLow,breakout,long,TP25_SL12,25,12,25883.5,TP,25.0,0,09:30-09:45
2025-12-26,NQ,GlobexLow,breakout,long,TP40_SL20,40,20,25883.5,TP,40.0,3,09:30-09:45
2025-12-26,NQ,OR15Low,breakout,long,TP25_SL12,25,12,25899.0,TP,25.0,1,09:30-09:45
2025-12-26,NQ,OR15Low,breakout,long,TP40_SL20,40,20,25899.0,SL,-20.0,16,09:30-09:45
2025-12-26,NQ,PriorRTHHigh,breakout,long,TP25_SL12,25,12,25923.5,SL,-12.0,0,09:30-09:45
2025-12-26,NQ,PriorRTHHigh,breakout,long,TP40_SL20,40,20,25923.5,SL,-20.0,0,09:30-09:45
2025-12-26,NQ,VWAP,breakout,long,TP25_SL12,25,12,25923.5,SL,-12.0,0,09:30-09:45
2025-12-26,NQ,VWAP,breakout,long,TP40_SL20,40,20,25923.5,SL,-20.0,0,09:30-09:45
2025-12-26,NQ,GlobexHigh,reject,short,TP25_SL12,25,12,25903.0,SL,-12.0,0,09:30-09:45
2025-12-26,NQ,GlobexHigh,reject,short,TP40_SL20,40,20,25903.0,SL,-20.0,3,09:30-09:45
2025-12-26,NQ,PriorRTHHigh,reject,short,TP25_SL12,25,12,25903.0,SL,-12.0,0,09:30-09:45
2025-12-26,NQ,PriorRTHHigh,reject,short,TP40_SL20,40,20,25903.0,SL,-20.0,3,09:30-09:45
2025-12-26,NQ,OR15High,reject,short,TP25_SL12,25,12,25903.0,SL,-12.0,0,09:30-09:45
2025-12-26,NQ,OR15High,reject,short,TP40_SL20,40,20,25903.0,SL,-20.0,3,09:30-09:45
2025-12-26,NQ,OR15Low,reject,short,TP25_SL12,25,12,25903.0,SL,-12.0,0,09:30-09:45
2025-12-26,NQ,OR15Low,reject,short,TP40_SL20,40,20,25903.0,SL,-20.0,3,09:30-09:45
2025-12-26,NQ,VWAP,reject,short,TP25_SL12,25,12,25903.0,SL,-12.0,0,09:30-09:45
2025-12-26,NQ,VWAP,reject,short,TP40_SL20,40,20,25903.0,SL,-20.0,3,09:30-09:45
2025-12-26,NQ,GlobexLow,reject,short,TP25_SL12,25,12,25858.5,SL,-12.0,9,10:00-10:30
2025-12-26,NQ,GlobexLow,reject,short,TP40_SL20,40,20,25858.5,SL,-20.0,9,10:00-10:30
2025-12-26,NQ,PriorRTHLow,breakout,long,TP25_SL12,25,12,25836.25,TP,25.0,1,10:00-10:30
2025-12-26,NQ,PriorRTHLow,breakout,long,TP40_SL20,40,20,25836.25,TP,40.0,4,10:00-10:30
2025-12-29,NQ,GlobexLow,breakout,long,TP25_SL12,25,12,25709.0,TP,25.0,2,09:30-09:45
2025-12-29,NQ,GlobexLow,breakout,long,TP40_SL20,40,20,25709.0,TP,40.0,3,09:30-09:45
2025-12-29,NQ,OR15Low,breakout,long,TP25_SL12,25,12,25707.0,TP,25.0,1,09:30-09:45
2025-12-29,NQ,OR15Low,breakout,long,TP40_SL20,40,20,25707.0,TP,40.0,2,09:30-09:45
2025-12-29,NQ,VWAP,breakout,long,TP25_SL12,25,12,25797.75,SL,-12.0,3,09:30-09:45
2025-12-29,NQ,VWAP,breakout,long,TP40_SL20,40,20,25797.75,SL,-20.0,8,09:30-09:45
2025-12-29,NQ,OR15High,reject,short,TP25_SL12,25,12,25802.5,TP,25.0,7,09:30-09:45
2025-12-29,NQ,OR15High,reject,short,TP40_SL20,40,20,25802.5,TP,40.0,7,09:30-09:45
2025-12-29,NQ,VWAP,reject,short,TP25_SL12,25,12,25802.5,TP,25.0,7,09:30-09:45
2025-12-29,NQ,VWAP,reject,short,TP40_SL20,40,20,25802.5,TP,40.0,7,09:30-09:45
2025-12-29,NQ,PriorRTHLow,reject,short,TP25_SL12,25,12,25799.5,TP,25.0,6,09:30-09:45
2025-12-29,NQ,PriorRTHLow,reject,short,TP40_SL20,40,20,25799.5,TP,40.0,6,09:30-09:45
2025-12-29,NQ,OR15Low,reject,short,TP25_SL12,25,12,25695.0,SL,-12.0,3,11:00-12:00
2025-12-29,NQ,OR15Low,reject,short,TP40_SL20,40,20,25695.0,TP,40.0,29,11:00-12:00
2025-12-29,NQ,GlobexLow,reject,short,TP25_SL12,25,12,25675.0,TP,25.0,4,12:00-14:00
2025-12-29,NQ,GlobexLow,reject,short,TP40_SL20,40,20,25675.0,SL,-20.0,26,12:00-14:00
2025-12-30,NQ,OR15Low,breakout,long,TP25_SL12,25,12,25724.5,SL,-12.0,2,09:30-09:45
2025-12-30,NQ,OR15Low,breakout,long,TP40_SL20,40,20,25724.5,SL,-20.0,2,09:30-09:45
2025-12-30,NQ,GlobexHigh,reject,short,TP25_SL12,25,12,25701.25,TP,25.0,10,09:30-09:45
2025-12-30,NQ,GlobexHigh,reject,short,TP40_SL20,40,20,25701.25,SL,-20.0,13,09:30-09:45
2025-12-30,NQ,PriorRTHLow,breakout,long,TP25_SL12,25,12,25701.25,SL,-12.0,3,09:30-09:45
2025-12-30,NQ,PriorRTHLow,breakout,long,TP40_SL20,40,20,25701.25,SL,-20.0,9,09:30-09:45
2025-12-30,NQ,OR15High,reject,short,TP25_SL12,25,12,25701.25,TP,25.0,10,09:30-09:45
2025-12-30,NQ,OR15High,reject,short,TP40_SL20,40,20,25701.25,SL,-20.0,13,09:30-09:45
2025-12-30,NQ,VWAP,reject,short,TP25_SL12,25,12,25701.25,TP,25.0,10,09:30-09:45
2025-12-30,NQ,VWAP,reject,short,TP40_SL20,40,20,25701.25,SL,-20.0,13,09:30-09:45
2025-12-30,NQ,OR15Low,reject,short,TP25_SL12,25,12,25693.0,SL,-12.0,3,09:30-09:45
2025-12-30,NQ,OR15Low,reject,short,TP40_SL20,40,20,25693.0,SL,-20.0,5,09:30-09:45
2025-12-30,NQ,PriorRTHHigh,reject,short,TP25_SL12,25,12,25781.0,TP,25.0,12,11:00-12:00
2025-12-30,NQ,PriorRTHHigh,reject,short,TP40_SL20,40,20,25781.0,TP,40.0,14,11:00-12:00
2025-12-31,NQ,GlobexHigh,reject,short,TP25_SL12,25,12,25662.5,SL,-12.0,2,09:30-09:45
2025-12-31,NQ,GlobexHigh,reject,short,TP40_SL20,40,20,25662.5,SL,-20.0,2,09:30-09:45
2025-12-31,NQ,PriorRTHLow,reject,short,TP25_SL12,25,12,25662.5,SL,-12.0,2,09:30-09:45
2025-12-31,NQ,PriorRTHLow,reject,short,TP40_SL20,40,20,25662.5,SL,-20.0,2,09:30-09:45
2025-12-31,NQ,OR15High,reject,short,TP25_SL12,25,12,25662.5,SL,-12.0,2,09:30-09:45
2025-12-31,NQ,OR15High,reject,short,TP40_SL20,40,20,25662.5,SL,-20.0,2,09:30-09:45
2025-12-31,NQ,VWAP,reject,short,TP25_SL12,25,12,25662.5,SL,-12.0,2,09:30-09:45
2025-12-31,NQ,VWAP,reject,short,TP40_SL20,40,20,25662.5,SL,-20.0,2,09:30-09:45
2025-12-31,NQ,OR15Low,breakout,long,TP25_SL12,25,12,25658.5,SL,-12.0,2,09:30-09:45
2025-12-31,NQ,OR15Low,breakout,long,TP40_SL20,40,20,25658.5,SL,-20.0,2,09:30-09:45
2025-12-31,NQ,OR15Low,reject,short,TP25_SL12,25,12,25620.0,TP,25.0,3,09:30-09:45
2025-12-31,NQ,OR15Low,reject,short,TP40_SL20,40,20,25620.0,TP,40.0,36,09:30-09:45
2025-12-31,NQ,GlobexLow,breakout,long,TP25_SL12,25,12,25594.75,SL,-12.0,1,09:45-10:00
2025-12-31,NQ,GlobexLow,breakout,long,TP40_SL20,40,20,25594.75,TP,40.0,9,09:45-10:00
2025-12-31,NQ,GlobexLow,reject,short,TP25_SL12,25,12,25550.0,SL,-12.0,4,10:30-11:00
2025-12-31,NQ,GlobexLow,reject,short,TP40_SL20,40,20,25550.0,SL,-20.0,19,10:30-11:00
2026-01-02,NQ,GlobexHigh,reject,short,TP25_SL12,25,12,25670.0,SL,-12.0,1,09:30-09:45
2026-01-02,NQ,GlobexHigh,reject,short,TP40_SL20,40,20,25670.0,SL,-20.0,3,09:30-09:45
2026-01-02,NQ,OR15High,reject,short,TP25_SL12,25,12,25670.0,SL,-12.0,1,09:30-09:45
2026-01-02,NQ,OR15High,reject,short,TP40_SL20,40,20,25670.0,SL,-20.0,3,09:30-09:45
2026-01-02,NQ,OR15Low,breakout,long,TP25_SL12,25,12,25670.0,SL,-12.0,0,09:30-09:45
2026-01-02,NQ,OR15Low,breakout,long,TP40_SL20,40,20,25670.0,SL,-20.0,7,09:30-09:45
2026-01-02,NQ,VWAP,reject,short,TP25_SL12,25,12,25670.0,SL,-12.0,1,09:30-09:45
2026-01-02,NQ,VWAP,reject,short,TP40_SL20,40,20,25670.0,SL,-20.0,3,09:30-09:45
2026-01-02,NQ,GlobexLow,breakout,long,TP25_SL12,25,12,25658.5,TP,25.0,0,09:30-09:45
2026-01-02,NQ,GlobexLow,breakout,long,TP40_SL20,40,20,25658.5,TP,40.0,2,09:30-09:45
2026-01-02,NQ,PriorRTHHigh,reject,short,TP25_SL12,25,12,25658.5,SL,-12.0,0,09:30-09:45
2026-01-02,NQ,PriorRTHHigh,reject,short,TP40_SL20,40,20,25658.5,SL,-20.0,0,09:30-09:45
2026-01-02,NQ,OR15Low,reject,short,TP25_SL12,25,12,25624.25,TP,25.0,0,10:00-10:30
2026-01-02,NQ,OR15Low,reject,short,TP40_SL20,40,20,25624.25,TP,40.0,1,10:00-10:30
2026-01-02,NQ,GlobexLow,reject,short,TP25_SL12,25,12,25603.75,TP,25.0,1,10:00-10:30
2026-01-02,NQ,GlobexLow,reject,short,TP40_SL20,40,20,25603.75,TP,40.0,2,10:00-10:30
2026-01-02,NQ,PriorRTHLow,breakout,long,TP25_SL12,25,12,25485.5,SL,-12.0,2,10:00-10:30
2026-01-02,NQ,PriorRTHLow,breakout,long,TP40_SL20,40,20,25485.5,SL,-20.0,2,10:00-10:30
2026-01-02,NQ,PriorRTHLow,reject,short,TP25_SL12,25,12,25474.75,TP,25.0,0,10:30-11:00
2026-01-02,NQ,PriorRTHLow,reject,short,TP40_SL20,40,20,25474.75,TP,40.0,1,10:30-11:00
2026-01-05,NQ,GlobexHigh,reject,short,TP25_SL12,25,12,25599.25,SL,-12.0,0,09:30-09:45
2026-01-05,NQ,GlobexHigh,reject,short,TP40_SL20,40,20,25599.25,SL,-20.0,0,09:30-09:45
2026-01-05,NQ,OR15High,reject,short,TP25_SL12,25,12,25599.25,SL,-12.0,0,09:30-09:45
2026-01-05,NQ,OR15High,reject,short,TP40_SL20,40,20,25599.25,SL,-20.0,0,09:30-09:45
2026-01-05,NQ,VWAP,reject,short,TP25_SL12,25,12,25599.25,SL,-12.0,0,09:30-09:45
2026-01-05,NQ,VWAP,reject,short,TP40_SL20,40,20,25599.25,SL,-20.0,0,09:30-09:45
2026-01-05,NQ,OR15Low,breakout,long,TP25_SL12,25,12,25590.25,SL,-12.0,0,09:30-09:45
2026-01-05,NQ,OR15Low,breakout,long,TP40_SL20,40,20,25590.25,SL,-20.0,1,09:30-09:45
2026-01-05,NQ,OR15Low,reject,short,TP25_SL12,25,12,25569.0,SL,-12.0,0,09:30-09:45
2026-01-05,NQ,OR15Low,reject,short,TP40_SL20,40,20,25569.0,SL,-20.0,0,09:30-09:45
2026-01-06,NQ,OR15High,reject,short,TP25_SL12,25,12,25660.25,SL,-12.0,1,09:30-09:45
2026-01-06,NQ,OR15High,reject,short,TP40_SL20,40,20,25660.25,TP,40.0,7,09:30-09:45
2026-01-06,NQ,OR15Low,breakout,long,TP25_SL12,25,12,25660.25,SL,-12.0,0,09:30-09:45
2026-01-06,NQ,OR15Low,breakout,long,TP40_SL20,40,20,25660.25,SL,-20.0,2,09:30-09:45
2026-01-06,NQ,VWAP,reject,short,TP25_SL12,25,12,25660.25,SL,-12.0,1,09:30-09:45
2026-01-06,NQ,VWAP,reject,short,TP40_SL20,40,20,25660.25,TP,40.0,7,09:30-09:45
2026-01-06,NQ,PriorRTHHigh,reject,short,TP25_SL12,25,12,25692.75,SL,-12.0,0,09:45-10:00
2026-01-06,NQ,PriorRTHHigh,reject,short,TP40_SL20,40,20,25692.75,SL,-20.0,0,09:45-10:00
2026-01-06,NQ,GlobexHigh,reject,short,TP25_SL12,25,12,25808.25,SL,-12.0,20,14:00-close
2026-01-06,NQ,GlobexHigh,reject,short,TP40_SL20,40,20,25808.25,SL,-20.0,41,14:00-close
2026-01-07,NQ,GlobexLow,breakout,long,TP25_SL12,25,12,25794.5,TP,25.0,1,09:30-09:45
2026-01-07,NQ,GlobexLow,breakout,long,TP40_SL20,40,20,25794.5,TP,40.0,6,09:30-09:45
2026-01-07,NQ,OR15Low,reject,short,TP25_SL12,25,12,25799.25,SL,-12.0,0,09:30-09:45
2026-01-07,NQ,OR15Low,reject,short,TP40_SL20,40,20,25799.25,SL,-20.0,0,09:30-09:45
2026-01-07,NQ,VWAP,reject,short,TP25_SL12,25,12,25799.25,SL,-12.0,0,09:30-09:45
2026-01-07,NQ,VWAP,reject,short,TP40_SL20,40,20,25799.25,SL,-20.0,0,09:30-09:45
2026-01-07,NQ,GlobexHigh,reject,short,TP25_SL12,25,12,25809.75,SL,-12.0,1,09:30-09:45
2026-01-07,NQ,GlobexHigh,reject,short,TP40_SL20,40,20,25809.75,SL,-20.0,2,09:30-09:45
2026-01-07,NQ,PriorRTHHigh,reject,short,TP25_SL12,25,12,25809.75,SL,-12.0,1,09:30-09:45
2026-01-07,NQ,PriorRTHHigh,reject,short,TP40_SL20,40,20,25809.75,SL,-20.0,2,09:30-09:45
2026-01-07,NQ,OR15High,reject,short,TP25_SL12,25,12,25843.75,SL,-12.0,0,09:30-09:45
2026-01-07,NQ,OR15High,reject,short,TP40_SL20,40,20,25843.75,SL,-20.0,3,09:30-09:45
2026-01-08,NQ,PriorRTHLow,reject,short,TP25_SL12,25,12,25747.0,SL,-12.0,0,09:30-09:45
2026-01-08,NQ,PriorRTHLow,reject,short,TP40_SL20,40,20,25747.0,TP,40.0,1,09:30-09:45
2026-01-08,NQ,VWAP,reject,short,TP25_SL12,25,12,25747.0,SL,-12.0,0,09:30-09:45
2026-01-08,NQ,VWAP,reject,short,TP40_SL20,40,20,25747.0,TP,40.0,1,09:30-09:45
2026-01-08,NQ,GlobexLow,breakout,long,TP25_SL12,25,12,25688.25,SL,-12.0,0,09:30-09:45
2026-01-08,NQ,GlobexLow,breakout,long,TP40_SL20,40,20,25688.25,SL,-20.0,1,09:30-09:45
2026-01-08,NQ,OR15Low,breakout,long,TP25_SL12,25,12,25637.75,SL,-12.0,0,09:30-09:45
2026-01-08,NQ,OR15Low,breakout,long,TP40_SL20,40,20,25637.75,SL,-20.0,1,09:30-09:45
2026-01-08,NQ,GlobexLow,reject,short,TP25_SL12,25,12,25625.25,TP,25.0,1,09:30-09:45
2026-01-08,NQ,GlobexLow,reject,short,TP40_SL20,40,20,25625.25,SL,-20.0,2,09:30-09:45
2026-01-08,NQ,OR15Low,reject,short,TP25_SL12,25,12,25651.75,SL,-12.0,0,09:45-10:00
2026-01-08,NQ,OR15Low,reject,short,TP40_SL20,40,20,25651.75,TP,40.0,8,09:45-10:00
2026-01-09,NQ,VWAP,reject,short,TP25_SL12,25,12,25670.75,SL,-12.0,0,09:30-09:45
2026-01-09,NQ,VWAP,reject,short,TP40_SL20,40,20,25670.75,SL,-20.0,0,09:30-09:45
2026-01-09,NQ,GlobexLow,reject,short,TP25_SL12,25,12,25675.75,SL,-12.0,0,09:30-09:45
2026-01-09,NQ,GlobexLow,reject,short,TP40_SL20,40,20,25675.75,SL,-20.0,0,09:30-09:45
2026-01-09,NQ,OR15Low,reject,short,TP25_SL12,25,12,25675.75,SL,-12.0,0,09:30-09:45
2026-01-09,NQ,OR15Low,reject,short,TP40_SL20,40,20,25675.75,SL,-20.0,0,09:30-09:45
2026-01-09,NQ,OR15High,reject,short,TP25_SL12,25,12,25765.75,TP,25.0,1,09:30-09:45
2026-01-09,NQ,OR15High,reject,short,TP40_SL20,40,20,25765.75,TP,40.0,9,09:30-09:45
2026-01-09,NQ,PriorRTHHigh,reject,short,TP25_SL12,25,12,25755.75,SL,-12.0,1,09:30-09:45
2026-01-09,NQ,PriorRTHHigh,reject,short,TP40_SL20,40,20,25755.75,SL,-20.0,1,09:30-09:45
2026-01-09,NQ,GlobexHigh,reject,short,TP25_SL12,25,12,25800.0,SL,-12.0,0,10:00-10:30
2026-01-09,NQ,GlobexHigh,reject,short,TP40_SL20,40,20,25800.0,SL,-20.0,1,10:00-10:30
2026-01-12,NQ,VWAP,reject,short,TP25_SL12,25,12,25830.75,SL,-12.0,0,09:30-09:45
2026-01-12,NQ,VWAP,reject,short,TP40_SL20,40,20,25830.75,SL,-20.0,1,09:30-09:45
2026-01-12,NQ,OR15High,reject,short,TP25_SL12,25,12,25868.0,SL,-12.0,2,09:30-09:45
2026-01-12,NQ,OR15High,reject,short,TP40_SL20,40,20,25868.0,SL,-20.0,2,09:30-09:45
2026-01-12,NQ,GlobexHigh,reject,short,TP25_SL12,25,12,25915.0,SL,-12.0,2,10:00-10:30
2026-01-12,NQ,GlobexHigh,reject,short,TP40_SL20,40,20,25915.0,TP,40.0,16,10:00-10:30
2026-01-12,NQ,PriorRTHHigh,reject,short,TP25_SL12,25,12,25942.5,SL,-12.0,30,11:00-12:00
2026-01-12,NQ,PriorRTHHigh,reject,short,TP40_SL20,40,20,25942.5,SL,-20.0,32,11:00-12:00
2026-01-13,NQ,VWAP,reject,short,TP25_SL12,25,12,25949.5,SL,-12.0,0,09:30-09:45
2026-01-13,NQ,VWAP,reject,short,TP40_SL20,40,20,25949.5,SL,-20.0,0,09:30-09:45
2026-01-13,NQ,OR15Low,breakout,long,TP25_SL12,25,12,25983.5,SL,-12.0,0,09:30-09:45
2026-01-13,NQ,OR15Low,breakout,long,TP40_SL20,40,20,25983.5,TP,40.0,5,09:30-09:45
2026-01-13,NQ,PriorRTHHigh,reject,short,TP25_SL12,25,12,25981.0,SL,-12.0,1,09:30-09:45
2026-01-13,NQ,PriorRTHHigh,reject,short,TP40_SL20,40,20,25981.0,SL,-20.0,1,09:30-09:45
2026-01-13,NQ,GlobexHigh,reject,short,TP25_SL12,25,12,26021.5,TP,25.0,0,09:30-09:45
2026-01-13,NQ,GlobexHigh,reject,short,TP40_SL20,40,20,26021.5,TP,40.0,0,09:30-09:45
2026-01-13,NQ,OR15High,reject,short,TP25_SL12,25,12,26021.5,TP,25.0,0,09:30-09:45
2026-01-13,NQ,OR15High,reject,short,TP40_SL20,40,20,26021.5,TP,40.0,0,09:30-09:45
2026-01-13,NQ,GlobexLow,breakout,long,TP25_SL12,25,12,25905.75,SL,-12.0,0,10:00-10:30
2026-01-13,NQ,GlobexLow,breakout,long,TP40_SL20,40,20,25905.75,TP,40.0,2,10:00-10:30
2026-01-13,NQ,OR15Low,reject,short,TP25_SL12,25,12,25917.25,SL,-12.0,0,10:00-10:30
2026-01-13,NQ,OR15Low,reject,short,TP40_SL20,40,20,25917.25,SL,-20.0,1,10:00-10:30
2026-01-13,NQ,GlobexLow,reject,short,TP25_SL12,25,12,25861.25,TP,25.0,3,10:00-10:30
2026-01-13,NQ,GlobexLow,reject,short,TP40_SL20,40,20,25861.25,TP,40.0,6,10:00-10:30
2026-01-14,NQ,OR15Low,breakout,long,TP25_SL12,25,12,25690.0,TP,25.0,0,09:30-09:45
2026-01-14,NQ,OR15Low,breakout,long,TP40_SL20,40,20,25690.0,TP,40.0,0,09:30-09:45
2026-01-14,NQ,VWAP,reject,short,TP25_SL12,25,12,25690.0,SL,-12.0,0,09:30-09:45
2026-01-14,NQ,VWAP,reject,short,TP40_SL20,40,20,25690.0,SL,-20.0,0,09:30-09:45
2026-01-14,NQ,PriorRTHLow,reject,short,TP25_SL12,25,12,25747.25,TP,25.0,0,09:30-09:45
2026-01-14,NQ,PriorRTHLow,reject,short,TP40_SL20,40,20,25747.25,TP,40.0,0,09:30-09:45
2026-01-14,NQ,OR15High,reject,short,TP25_SL12,25,12,25747.25,TP,25.0,0,09:30-09:45
2026-01-14,NQ,OR15High,reject,short,TP40_SL20,40,20,25747.25,TP,40.0,0,09:30-09:45
2026-01-14,NQ,OR15Low,reject,short,TP25_SL12,25,12,25617.0,SL,-12.0,0,09:45-10:00
2026-01-14,NQ,OR15Low,reject,short,TP40_SL20,40,20,25617.0,SL,-20.0,0,09:45-10:00
2026-01-14,NQ,GlobexLow,breakout,long,TP25_SL12,25,12,25620.5,TP,25.0,0,09:45-10:00
2026-01-14,NQ,GlobexLow,breakout,long,TP40_SL20,40,20,25620.5,SL,-20.0,4,09:45-10:00
2026-01-14,NQ,GlobexLow,reject,short,TP25_SL12,25,12,25552.75,SL,-12.0,0,10:00-10:30
2026-01-14,NQ,GlobexLow,reject,short,TP40_SL20,40,20,25552.75,SL,-20.0,3,10:00-10:30
2026-01-15,NQ,GlobexHigh,reject,short,TP25_SL12,25,12,25917.75,SL,-12.0,0,09:30-09:45
2026-01-15,NQ,GlobexHigh,reject,short,TP40_SL20,40,20,25917.75,TP,40.0,2,09:30-09:45
2026-01-15,NQ,OR15High,reject,short,TP25_SL12,25,12,25917.75,SL,-12.0,0,09:30-09:45
2026-01-15,NQ,OR15High,reject,short,TP40_SL20,40,20,25917.75,TP,40.0,2,09:30-09:45
2026-01-15,NQ,OR15Low,breakout,long,TP25_SL12,25,12,25917.75,SL,-12.0,0,09:30-09:45
2026-01-15,NQ,OR15Low,breakout,long,TP40_SL20,40,20,25917.75,SL,-20.0,1,09:30-09:45
2026-01-15,NQ,VWAP,reject,short,TP25_SL12,25,12,25917.75,SL,-12.0,0,09:30-09:45
2026-01-15,NQ,VWAP,reject,short,TP40_SL20,40,20,25917.75,TP,40.0,2,09:30-09:45
2026-01-15,NQ,OR15Low,reject,short,TP25_SL12,25,12,25870.25,SL,-12.0,0,09:30-09:45
2026-01-15,NQ,OR15Low,reject,short,TP40_SL20,40,20,25870.25,SL,-20.0,1,09:30-09:45
2026-01-15,NQ,PriorRTHHigh,breakout,long,TP25_SL12,25,12,25848.75,TP,25.0,1,10:00-10:30
2026-01-15,NQ,PriorRTHHigh,breakout,long,TP40_SL20,40,20,25848.75,TP,40.0,6,10:00-10:30
2026-01-15,NQ,PriorRTHHigh,reject,short,TP25_SL12,25,12,25801.5,TP,25.0,1,14:00-close
2026-01-15,NQ,PriorRTHHigh,reject,short,TP40_SL20,40,20,25801.5,TP,40.0,2,14:00-close
2026-01-16,NQ,GlobexHigh,reject,short,TP25_SL12,25,12,25845.5,SL,-12.0,0,09:30-09:45
2026-01-16,NQ,GlobexHigh,reject,short,TP40_SL20,40,20,25845.5,SL,-20.0,0,09:30-09:45
2026-01-16,NQ,GlobexLow,breakout,long,TP25_SL12,25,12,25845.5,TP,25.0,1,09:30-09:45
2026-01-16,NQ,GlobexLow,breakout,long,TP40_SL20,40,20,25845.5,SL,-20.0,11,09:30-09:45
2026-01-16,NQ,OR15High,reject,short,TP25_SL12,25,12,25845.5,SL,-12.0,0,09:30-09:45
2026-01-16,NQ,OR15High,reject,short,TP40_SL20,40,20,25845.5,SL,-20.0,0,09:30-09:45
2026-01-16,NQ,OR15Low,breakout,long,TP25_SL12,25,12,25845.5,TP,25.0,1,09:30-09:45
2026-01-16,NQ,OR15Low,breakout,long,TP40_SL20,40,20,25845.5,SL,-20.0,11,09:30-09:45
2026-01-16,NQ,VWAP,reject,short,TP25_SL12,25,12,25845.5,SL,-12.0,0,09:30-09:45
2026-01-16,NQ,VWAP,reject,short,TP40_SL20,40,20,25845.5,SL,-20.0,0,09:30-09:45
2026-01-16,NQ,OR15Low,reject,short,TP25_SL12,25,12,25829.5,TP,25.0,4,09:45-10:00
2026-01-16,NQ,OR15Low,reject,short,TP40_SL20,40,20,25829.5,TP,40.0,6,09:45-10:00
2026-01-16,NQ,GlobexLow,reject,short,TP25_SL12,25,12,25808.5,TP,25.0,1,09:45-10:00
2026-01-16,NQ,GlobexLow,reject,short,TP40_SL20,40,20,25808.5,TP,40.0,2,09:45-10:00
2026-01-16,NQ,PriorRTHLow,breakout,long,TP25_SL12,25,12,25729.0,SL,-12.0,1,10:00-10:30
2026-01-16,NQ,PriorRTHLow,breakout,long,TP40_SL20,40,20,25729.0,SL,-20.0,17,10:00-10:30
2026-01-16,NQ,PriorRTHLow,reject,short,TP25_SL12,25,12,25686.25,SL,-12.0,0,10:00-10:30
2026-01-16,NQ,PriorRTHLow,reject,short,TP40_SL20,40,20,25686.25,SL,-20.0,2,10:00-10:30
2026-01-19,NQ,OR15High,reject,short,TP25_SL12,25,12,25272.25,TP,25.0,2,09:30-09:45
2026-01-19,NQ,OR15High,reject,short,TP40_SL20,40,20,25272.25,SL,-20.0,22,09:30-09:45
2026-01-19,NQ,OR15Low,breakout,long,TP25_SL12,25,12,25272.25,SL,-12.0,0,09:30-09:45
2026-01-19,NQ,OR15Low,breakout,long,TP40_SL20,40,20,25272.25,SL,-20.0,2,09:30-09:45
2026-01-19,NQ,VWAP,reject,short,TP25_SL12,25,12,25272.25,TP,25.0,2,09:30-09:45
2026-01-19,NQ,VWAP,reject,short,TP40_SL20,40,20,25272.25,SL,-20.0,22,09:30-09:45
2026-01-19,NQ,GlobexLow,reject,short,TP25_SL12,25,12,25260.5,SL,-12.0,16,09:30-09:45
2026-01-19,NQ,GlobexLow,reject,short,TP40_SL20,40,20,25260.5,SL,-20.0,18,09:30-09:45
2026-01-19,NQ,OR15Low,reject,short,TP25_SL12,25,12,25246.5,SL,-12.0,6,09:30-09:45
2026-01-19,NQ,OR15Low,reject,short,TP40_SL20,40,20,25246.5,SL,-20.0,7,09:30-09:45
2026-01-19,NQ,GlobexHigh,reject,short,TP25_SL12,25,12,25403.0,EOD,4.75,12,12:00-14:00
2026-01-19,NQ,GlobexHigh,reject,short,TP40_SL20,40,20,25403.0,EOD,4.75,12,12:00-14:00
2026-01-20,NQ,PriorRTHLow,reject,short,TP25_SL12,25,12,25251.5,SL,-12.0,0,09:30-09:45
2026-01-20,NQ,PriorRTHLow,reject,short,TP40_SL20,40,20,25251.5,SL,-20.0,0,09:30-09:45
2026-01-20,NQ,OR15Low,reject,short,TP25_SL12,25,12,25251.5,SL,-12.0,0,09:30-09:45
2026-01-20,NQ,OR15Low,reject,short,TP40_SL20,40,20,25251.5,SL,-20.0,0,09:30-09:45
2026-01-20,NQ,VWAP,reject,short,TP25_SL12,25,12,25251.5,SL,-12.0,0,09:30-09:45
2026-01-20,NQ,VWAP,reject,short,TP40_SL20,40,20,25251.5,SL,-20.0,0,09:30-09:45
2026-01-20,NQ,OR15High,reject,short,TP25_SL12,25,12,25311.5,TP,25.0,0,09:30-09:45
2026-01-20,NQ,OR15High,reject,short,TP40_SL20,40,20,25311.5,SL,-20.0,2,09:30-09:45
2026-01-20,NQ,GlobexHigh,reject,short,TP25_SL12,25,12,25373.0,SL,-12.0,0,10:30-11:00
2026-01-20,NQ,GlobexHigh,reject,short,TP40_SL20,40,20,25373.0,SL,-20.0,4,10:30-11:00
2026-01-20,NQ,PriorRTHHigh,reject,short,TP25_SL12,25,12,25373.0,SL,-12.0,0,10:30-11:00
2026-01-20,NQ,PriorRTHHigh,reject,short,TP40_SL20,40,20,25373.0,SL,-20.0,4,10:30-11:00
2026-01-20,NQ,GlobexLow,breakout,long,TP25_SL12,25,12,25139.75,TP,25.0,7,14:00-close
2026-01-20,NQ,GlobexLow,breakout,long,TP40_SL20,40,20,25139.75,SL,-20.0,42,14:00-close
2026-01-20,NQ,GlobexLow,reject,short,TP25_SL12,25,12,25122.25,SL,-12.0,7,14:00-close
2026-01-20,NQ,GlobexLow,reject,short,TP40_SL20,40,20,25122.25,SL,-20.0,7,14:00-close
2026-01-21,NQ,OR15High,reject,short,TP25_SL12,25,12,25157.5,SL,-12.0,0,09:30-09:45
2026-01-21,NQ,OR15High,reject,short,TP40_SL20,40,20,25157.5,SL,-20.0,0,09:30-09:45
2026-01-21,NQ,OR15Low,breakout,long,TP25_SL12,25,12,25157.5,TP,25.0,0,09:30-09:45
2026-01-21,NQ,OR15Low,breakout,long,TP40_SL20,40,20,25157.5,TP,40.0,5,09:30-09:45
2026-01-21,NQ,VWAP,reject,short,TP25_SL12,25,12,25157.5,SL,-12.0,0,09:30-09:45
2026-01-21,NQ,VWAP,reject,short,TP40_SL20,40,20,25157.5,SL,-20.0,0,09:30-09:45
2026-01-21,NQ,PriorRTHLow,breakout,long,TP25_SL12,25,12,25156.75,SL,-12.0,0,09:30-09:45
2026-01-21,NQ,PriorRTHLow,breakout,long,TP40_SL20,40,20,25156.75,TP,40.0,2,09:30-09:45
2026-01-21,NQ,OR15Low,reject,short,TP25_SL12,25,12,25161.5,SL,-12.0,0,09:30-09:45
2026-01-21,NQ,OR15Low,reject,short,TP40_SL20,40,20,25161.5,SL,-20.0,0,09:30-09:45
2026-01-21,NQ,PriorRTHHigh,reject,short,TP25_SL12,25,12,25412.0,SL,-12.0,0,10:30-11:00
2026-01-21,NQ,PriorRTHHigh,reject,short,TP40_SL20,40,20,25412.0,SL,-20.0,0,10:30-11:00
2026-01-21,NQ,GlobexHigh,reject,short,TP25_SL12,25,12,25607.5,SL,-12.0,1,14:00-close
2026-01-21,NQ,GlobexHigh,reject,short,TP40_SL20,40,20,25607.5,SL,-20.0,1,14:00-close
2026-01-22,NQ,VWAP,reject,short,TP25_SL12,25,12,25690.0,TP,25.0,2,09:30-09:45
2026-01-22,NQ,VWAP,reject,short,TP40_SL20,40,20,25690.0,TP,40.0,2,09:30-09:45
2026-01-22,NQ,PriorRTHHigh,breakout,long,TP25_SL12,25,12,25675.75,SL,-12.0,1,09:30-09:45
2026-01-22,NQ,PriorRTHHigh,breakout,long,TP40_SL20,40,20,25675.75,SL,-20.0,1,09:30-09:45
2026-01-22,NQ,OR15Low,breakout,long,TP25_SL12,25,12,25652.75,SL,-12.0,0,09:30-09:45
2026-01-22,NQ,OR15Low,breakout,long,TP40_SL20,40,20,25652.75,TP,40.0,3,09:30-09:45
2026-01-22,NQ,PriorRTHHigh,reject,short,TP25_SL12,25,12,25641.75,SL,-12.0,0,09:30-09:45
2026-01-22,NQ,PriorRTHHigh,reject,short,TP40_SL20,40,20,25641.75,SL,-20.0,0,09:30-09:45
2026-01-22,NQ,OR15Low,reject,short,TP25_SL12,25,12,25646.5,TP,25.0,1,09:45-10:00
2026-01-22,NQ,OR15Low,reject,short,TP40_SL20,40,20,25646.5,TP,40.0,1,09:45-10:00
2026-01-22,NQ,OR15High,reject,short,TP25_SL12,25,12,25693.5,SL,-12.0,0,12:00-14:00
2026-01-22,NQ,OR15High,reject,short,TP40_SL20,40,20,25693.5,SL,-20.0,10,12:00-14:00
2026-01-22,NQ,GlobexHigh,reject,short,TP25_SL12,25,12,25705.0,SL,-12.0,1,12:00-14:00
2026-01-22,NQ,GlobexHigh,reject,short,TP40_SL20,40,20,25705.0,TP,40.0,101,12:00-14:00
2026-01-23,NQ,OR15High,reject,short,TP25_SL12,25,12,25599.75,SL,-12.0,0,09:30-09:45
2026-01-23,NQ,OR15High,reject,short,TP40_SL20,40,20,25599.75,SL,-20.0,3,09:30-09:45
2026-01-23,NQ,OR15Low,breakout,long,TP25_SL12,25,12,25599.75,SL,-12.0,0,09:30-09:45
2026-01-23,NQ,OR15Low,breakout,long,TP40_SL20,40,20,25599.75,SL,-20.0,3,09:30-09:45
2026-01-23,NQ,VWAP,reject,short,TP25_SL12,25,12,25599.75,SL,-12.0,0,09:30-09:45
2026-01-23,NQ,VWAP,reject,short,TP40_SL20,40,20,25599.75,SL,-20.0,3,09:30-09:45
2026-01-23,NQ,GlobexLow,breakout,long,TP25_SL12,25,12,25605.0,SL,-12.0,0,09:30-09:45
2026-01-23,NQ,GlobexLow,breakout,long,TP40_SL20,40,20,25605.0,SL,-20.0,2,09:30-09:45
2026-01-23,NQ,PriorRTHLow,breakout,long,TP25_SL12,25,12,25605.0,SL,-12.0,0,09:30-09:45
2026-01-23,NQ,PriorRTHLow,breakout,long,TP40_SL20,40,20,25605.0,SL,-20.0,2,09:30-09:45
2026-01-23,NQ,OR15Low,reject,short,TP25_SL12,25,12,25576.5,SL,-12.0,1,09:30-09:45
2026-01-23,NQ,OR15Low,reject,short,TP40_SL20,40,20,25576.5,SL,-20.0,1,09:30-09:45
2026-01-23,NQ,GlobexHigh,reject,short,TP25_SL12,25,12,25700.25,TP,25.0,9,10:00-10:30
2026-01-23,NQ,GlobexHigh,reject,short,TP40_SL20,40,20,25700.25,SL,-20.0,12,10:00-10:30
2026-01-23,NQ,PriorRTHHigh,reject,short,TP25_SL12,25,12,25700.25,TP,25.0,9,10:00-10:30
2026-01-23,NQ,PriorRTHHigh,reject,short,TP40_SL20,40,20,25700.25,SL,-20.0,12,10:00-10:30
2026-01-26,NQ,OR15Low,breakout,long,TP25_SL12,25,12,25755.5,SL,-12.0,0,09:30-09:45
2026-01-26,NQ,OR15Low,breakout,long,TP40_SL20,40,20,25755.5,SL,-20.0,0,09:30-09:45
2026-01-26,NQ,VWAP,breakout,long,TP25_SL12,25,12,25794.25,SL,-12.0,0,09:30-09:45
2026-01-26,NQ,VWAP,breakout,long,TP40_SL20,40,20,25794.25,SL,-20.0,0,09:30-09:45
2026-01-26,NQ,PriorRTHHigh,reject,short,TP25_SL12,25,12,25794.75,SL,-12.0,0,09:30-09:45
2026-01-26,NQ,PriorRTHHigh,reject,short,TP40_SL20,40,20,25794.75,SL,-20.0,1,09:30-09:45
2026-01-26,NQ,OR15High,reject,short,TP25_SL12,25,12,25794.75,SL,-12.0,0,09:30-09:45
2026-01-26,NQ,OR15High,reject,short,TP40_SL20,40,20,25794.75,SL,-20.0,1,09:30-09:45
2026-01-26,NQ,VWAP,reject,short,TP25_SL12,25,12,25794.75,SL,-12.0,0,09:30-09:45
2026-01-26,NQ,VWAP,reject,short,TP40_SL20,40,20,25794.75,SL,-20.0,1,09:30-09:45
2026-01-27,NQ,GlobexLow,breakout,long,TP25_SL12,25,12,25994.0,SL,-12.0,0,09:30-09:45
2026-01-27,NQ,GlobexLow,breakout,long,TP40_SL20,40,20,25994.0,SL,-20.0,0,09:30-09:45
2026-01-27,NQ,OR15High,reject,short,TP25_SL12,25,12,25994.0,TP,25.0,1,09:30-09:45
2026-01-27,NQ,OR15High,reject,short,TP40_SL20,40,20,25994.0,TP,40.0,2,09:30-09:45
2026-01-27,NQ,VWAP,reject,short,TP25_SL12,25,12,25994.0,TP,25.0,1,09:30-09:45
2026-01-27,NQ,VWAP,reject,short,TP40_SL20,40,20,25994.0,TP,40.0,2,09:30-09:45
2026-01-27,NQ,PriorRTHHigh,breakout,long,TP25_SL12,25,12,25976.25,SL,-12.0,0,09:30-09:45
2026-01-27,NQ,PriorRTHHigh,breakout,long,TP40_SL20,40,20,25976.25,SL,-20.0,0,09:30-09:45
2026-01-27,NQ,OR15Low,breakout,long,TP25_SL12,25,12,25962.0,SL,-12.0,0,09:30-09:45
2026-01-27,NQ,OR15Low,breakout,long,TP40_SL20,40,20,25962.0,SL,-20.0,1,09:30-09:45
2026-01-27,NQ,GlobexLow,reject,short,TP25_SL12,25,12,25951.75,TP,25.0,1,09:30-09:45
2026-01-27,NQ,GlobexLow,reject,short,TP40_SL20,40,20,25951.75,SL,-20.0,6,09:30-09:45
2026-01-27,NQ,PriorRTHHigh,reject,short,TP25_SL12,25,12,25920.25,SL,-12.0,0,09:30-09:45
2026-01-27,NQ,PriorRTHHigh,reject,short,TP40_SL20,40,20,25920.25,SL,-20.0,2,09:30-09:45
2026-01-27,NQ,OR15Low,reject,short,TP25_SL12,25,12,25960.0,SL,-12.0,2,09:30-09:45
2026-01-27,NQ,OR15Low,reject,short,TP40_SL20,40,20,25960.0,SL,-20.0,4,09:30-09:45
2026-01-28,NQ,OR15Low,breakout,long,TP25_SL12,25,12,26282.5,SL,-12.0,0,09:30-09:45
2026-01-28,NQ,OR15Low,breakout,long,TP40_SL20,40,20,26282.5,SL,-20.0,0,09:30-09:45
2026-01-28,NQ,OR15High,reject,short,TP25_SL12,25,12,26262.5,TP,25.0,0,09:30-09:45
2026-01-28,NQ,OR15High,reject,short,TP40_SL20,40,20,26262.5,TP,40.0,2,09:30-09:45
2026-01-28,NQ,VWAP,reject,short,TP25_SL12,25,12,26262.5,TP,25.0,0,09:30-09:45
2026-01-28,NQ,VWAP,reject,short,TP40_SL20,40,20,26262.5,TP,40.0,2,09:30-09:45
2026-01-28,NQ,OR15Low,reject,short,TP25_SL12,25,12,26220.5,SL,-12.0,0,09:30-09:45
2026-01-28,NQ,OR15Low,reject,short,TP40_SL20,40,20,26220.5,SL,-20.0,0,09:30-09:45
2026-01-28,NQ,PriorRTHHigh,breakout,long,TP25_SL12,25,12,26167.75,TP,25.0,19,10:30-11:00
2026-01-28,NQ,PriorRTHHigh,breakout,long,TP40_SL20,40,20,26167.75,SL,-20.0,43,10:30-11:00
2026-01-28,NQ,GlobexLow,breakout,long,TP25_SL12,25,12,26138.75,SL,-12.0,0,11:00-12:00
2026-01-28,NQ,GlobexLow,breakout,long,TP40_SL20,40,20,26138.75,SL,-20.0,9,11:00-12:00
2026-01-28,NQ,PriorRTHHigh,reject,short,TP25_SL12,25,12,26122.0,SL,-12.0,2,11:00-12:00
2026-01-28,NQ,PriorRTHHigh,reject,short,TP40_SL20,40,20,26122.0,SL,-20.0,19,11:00-12:00
2026-01-28,NQ,GlobexLow,reject,short,TP25_SL12,25,12,26117.25,SL,-12.0,1,12:00-14:00
2026-01-28,NQ,GlobexLow,reject,short,TP40_SL20,40,20,26117.25,SL,-20.0,3,12:00-14:00
2026-01-29,NQ,OR15High,reject,short,TP25_SL12,25,12,26127.5,TP,25.0,1,09:30-09:45
2026-01-29,NQ,OR15High,reject,short,TP40_SL20,40,20,26127.5,TP,40.0,1,09:30-09:45
2026-01-29,NQ,VWAP,reject,short,TP25_SL12,25,12,26127.5,TP,25.0,1,09:30-09:45
2026-01-29,NQ,VWAP,reject,short,TP40_SL20,40,20,26127.5,TP,40.0,1,09:30-09:45
2026-01-29,NQ,PriorRTHLow,breakout,long,TP25_SL12,25,12,26110.25,SL,-12.0,0,09:30-09:45
2026-01-29,NQ,PriorRTHLow,breakout,long,TP40_SL20,40,20,26110.25,SL,-20.0,0,09:30-09:45
2026-01-29,NQ,PriorRTHLow,reject,short,TP25_SL12,25,12,26064.0,TP,25.0,0,09:30-09:45
2026-01-29,NQ,PriorRTHLow,reject,short,TP40_SL20,40,20,26064.0,TP,40.0,0,09:30-09:45
2026-01-29,NQ,OR15Low,breakout,long,TP25_SL12,25,12,26006.5,SL,-12.0,0,09:30-09:45
2026-01-29,NQ,OR15Low,breakout,long,TP40_SL20,40,20,26006.5,SL,-20.0,0,09:30-09:45
2026-01-29,NQ,OR15Low,reject,short,TP25_SL12,25,12,25951.75,TP,25.0,0,09:45-10:00
2026-01-29,NQ,OR15Low,reject,short,TP40_SL20,40,20,25951.75,TP,40.0,0,09:45-10:00
2026-01-29,NQ,GlobexLow,breakout,long,TP25_SL12,25,12,25788.75,SL,-12.0,1,10:00-10:30
2026-01-29,NQ,GlobexLow,breakout,long,TP40_SL20,40,20,25788.75,SL,-20.0,1,10:00-10:30
2026-01-29,NQ,GlobexLow,reject,short,TP25_SL12,25,12,25746.5,SL,-12.0,0,10:00-10:30
2026-01-29,NQ,GlobexLow,reject,short,TP40_SL20,40,20,25746.5,SL,-20.0,1,10:00-10:30
2026-01-30,NQ,GlobexHigh,reject,short,TP25_SL12,25,12,25838.25,SL,-12.0,0,09:30-09:45
2026-01-30,NQ,GlobexHigh,reject,short,TP40_SL20,40,20,25838.25,SL,-20.0,0,09:30-09:45
2026-01-30,NQ,VWAP,reject,short,TP25_SL12,25,12,25838.25,SL,-12.0,0,09:30-09:45
2026-01-30,NQ,VWAP,reject,short,TP40_SL20,40,20,25838.25,SL,-20.0,0,09:30-09:45
2026-01-30,NQ,OR15Low,reject,short,TP25_SL12,25,12,25890.0,TP,25.0,2,09:30-09:45
2026-01-30,NQ,OR15Low,reject,short,TP40_SL20,40,20,25890.0,TP,40.0,2,09:30-09:45
2026-01-30,NQ,OR15High,reject,short,TP25_SL12,25,12,25913.0,SL,-12.0,0,09:30-09:45
2026-01-30,NQ,OR15High,reject,short,TP40_SL20,40,20,25913.0,TP,40.0,2,09:30-09:45
2026-01-30,NQ,GlobexLow,breakout,long,TP25_SL12,25,12,25701.5,SL,-12.0,1,12:00-14:00
2026-01-30,NQ,GlobexLow,breakout,long,TP40_SL20,40,20,25701.5,TP,40.0,15,12:00-14:00
2026-01-30,NQ,GlobexLow,reject,short,TP25_SL12,25,12,25641.0,SL,-12.0,0,12:00-14:00
2026-01-30,NQ,GlobexLow,reject,short,TP40_SL20,40,20,25641.0,TP,40.0,3,12:00-14:00
2026-01-30,NQ,PriorRTHLow,breakout,long,TP25_SL12,25,12,25595.0,SL,-12.0,0,12:00-14:00
2026-01-30,NQ,PriorRTHLow,breakout,long,TP40_SL20,40,20,25595.0,SL,-20.0,0,12:00-14:00
2026-02-02,NQ,VWAP,reject,short,TP25_SL12,25,12,25637.0,TP,25.0,1,09:30-09:45
2026-02-02,NQ,VWAP,reject,short,TP40_SL20,40,20,25637.0,SL,-20.0,2,09:30-09:45
2026-02-02,NQ,PriorRTHLow,breakout,long,TP25_SL12,25,12,25621.0,SL,-12.0,0,09:30-09:45
2026-02-02,NQ,PriorRTHLow,breakout,long,TP40_SL20,40,20,25621.0,TP,40.0,1,09:30-09:45
2026-02-02,NQ,OR15High,reject,short,TP25_SL12,25,12,25700.0,SL,-12.0,2,09:30-09:45
2026-02-02,NQ,OR15High,reject,short,TP40_SL20,40,20,25700.0,SL,-20.0,3,09:30-09:45
2026-02-02,NQ,PriorRTHHigh,reject,short,TP25_SL12,25,12,25905.75,SL,-12.0,1,12:00-14:00
2026-02-02,NQ,PriorRTHHigh,reject,short,TP40_SL20,40,20,25905.75,SL,-20.0,24,12:00-14:00
2026-02-03,NQ,PriorRTHHigh,reject,short,TP25_SL12,25,12,25882.5,TP,25.0,1,09:30-09:45
2026-02-03,NQ,PriorRTHHigh,reject,short,TP40_SL20,40,20,25882.5,TP,40.0,1,09:30-09:45
2026-02-03,NQ,OR15High,reject,short,TP25_SL12,25,12,25882.5,TP,25.0,1,09:30-09:45
2026-02-03,NQ,OR15High,reject,short,TP40_SL20,40,20,25882.5,TP,40.0,1,09:30-09:45
2026-02-03,NQ,VWAP,reject,short,TP25_SL12,25,12,25882.5,TP,25.0,1,09:30-09:45
2026-02-03,NQ,VWAP,reject,short,TP40_SL20,40,20,25882.5,TP,40.0,1,09:30-09:45
2026-02-03,NQ,OR15Low,breakout,long,TP25_SL12,25,12,25747.25,TP,25.0,1,09:30-09:45
2026-02-03,NQ,OR15Low,breakout,long,TP40_SL20,40,20,25747.25,TP,40.0,3,09:30-09:45
2026-02-03,NQ,OR15Low,reject,short,TP25_SL12,25,12,25752.5,SL,-12.0,0,09:45-10:00
2026-02-03,NQ,OR15Low,reject,short,TP40_SL20,40,20,25752.5,SL,-20.0,0,09:45-10:00
2026-02-03,NQ,PriorRTHLow,breakout,long,TP25_SL12,25,12,25592.75,SL,-12.0,0,10:00-10:30
2026-02-03,NQ,PriorRTHLow,breakout,long,TP40_SL20,40,20,25592.75,SL,-20.0,0,10:00-10:30
2026-02-03,NQ,PriorRTHLow,reject,short,TP25_SL12,25,12,25580.0,TP,25.0,0,10:00-10:30
2026-02-03,NQ,PriorRTHLow,reject,short,TP40_SL20,40,20,25580.0,SL,-20.0,3,10:00-10:30
2026-02-03,NQ,GlobexLow,breakout,long,TP25_SL12,25,12,25425.0,SL,-12.0,0,12:00-14:00
2026-02-03,NQ,GlobexLow,breakout,long,TP40_SL20,40,20,25425.0,SL,-20.0,0,12:00-14:00
2026-02-03,NQ,GlobexLow,reject,short,TP25_SL12,25,12,25369.25,SL,-12.0,8,12:00-14:00
2026-02-03,NQ,GlobexLow,reject,short,TP40_SL20,40,20,25369.25,SL,-20.0,9,12:00-14:00
2026-02-04,NQ,PriorRTHLow,breakout,long,TP25_SL12,25,12,25268.25,TP,25.0,0,09:30-09:45
2026-02-04,NQ,PriorRTHLow,breakout,long,TP40_SL20,40,20,25268.25,TP,40.0,2,09:30-09:45
2026-02-04,NQ,OR15Low,breakout,long,TP25_SL12,25,12,25268.25,TP,25.0,0,09:30-09:45
2026-02-04,NQ,OR15Low,breakout,long,TP40_SL20,40,20,25268.25,TP,40.0,2,09:30-09:45
2026-02-04,NQ,VWAP,reject,short,TP25_SL12,25,12,25268.25,SL,-12.0,0,09:30-09:45
2026-02-04,NQ,VWAP,reject,short,TP40_SL20,40,20,25268.25,SL,-20.0,0,09:30-09:45
2026-02-04,NQ,OR15Low,reject,short,TP25_SL12,25,12,25265.75,SL,-12.0,0,09:30-09:45
2026-02-04,NQ,OR15Low,reject,short,TP40_SL20,40,20,25265.75,SL,-20.0,0,09:30-09:45
2026-02-04,NQ,OR15High,reject,short,TP25_SL12,25,12,25318.0,SL,-12.0,0,09:30-09:45
2026-02-04,NQ,OR15High,reject,short,TP40_SL20,40,20,25318.0,SL,-20.0,0,09:30-09:45
2026-02-04,NQ,PriorRTHLow,reject,short,TP25_SL12,25,12,25194.25,TP,25.0,0,10:00-10:30
2026-02-04,NQ,PriorRTHLow,reject,short,TP40_SL20,40,20,25194.25,TP,40.0,0,10:00-10:30
2026-02-04,NQ,GlobexLow,breakout,long,TP25_SL12,25,12,24963.75,SL,-12.0,1,11:00-12:00
2026-02-04,NQ,GlobexLow,breakout,long,TP40_SL20,40,20,24963.75,SL,-20.0,2,11:00-12:00
2026-02-04,NQ,GlobexLow,reject,short,TP25_SL12,25,12,24898.75,TP,25.0,1,12:00-14:00
2026-02-04,NQ,GlobexLow,reject,short,TP40_SL20,40,20,24898.75,SL,-20.0,2,12:00-14:00
2026-02-05,NQ,OR15Low,breakout,long,TP25_SL12,25,12,24720.25,TP,25.0,0,09:30-09:45
2026-02-05,NQ,OR15Low,breakout,long,TP40_SL20,40,20,24720.25,TP,40.0,0,09:30-09:45
2026-02-05,NQ,VWAP,reject,short,TP25_SL12,25,12,24720.25,SL,-12.0,0,09:30-09:45
2026-02-05,NQ,VWAP,reject,short,TP40_SL20,40,20,24720.25,SL,-20.0,0,09:30-09:45
2026-02-05,NQ,PriorRTHLow,reject,short,TP25_SL12,25,12,24712.25,SL,-12.0,0,09:30-09:45
2026-02-05,NQ,PriorRTHLow,reject,short,TP40_SL20,40,20,24712.25,SL,-20.0,0,09:30-09:45
2026-02-05,NQ,OR15Low,reject,short,TP25_SL12,25,12,24712.25,SL,-12.0,0,09:30-09:45
2026-02-05,NQ,OR15Low,reject,short,TP40_SL20,40,20,24712.25,SL,-20.0,0,09:30-09:45
2026-02-05,NQ,OR15High,reject,short,TP25_SL12,25,12,24855.75,SL,-12.0,0,09:30-09:45
2026-02-05,NQ,OR15High,reject,short,TP40_SL20,40,20,24855.75,SL,-20.0,0,09:30-09:45
2026-02-06,NQ,OR15Low,breakout,long,TP25_SL12,25,12,24834.0,TP,25.0,0,09:30-09:45
2026-02-06,NQ,OR15Low,breakout,long,TP40_SL20,40,20,24834.0,TP,40.0,1,09:30-09:45
2026-02-06,NQ,GlobexHigh,reject,short,TP25_SL12,25,12,24857.5,SL,-12.0,0,09:30-09:45
2026-02-06,NQ,GlobexHigh,reject,short,TP40_SL20,40,20,24857.5,SL,-20.0,3,09:30-09:45
2026-02-06,NQ,VWAP,breakout,long,TP25_SL12,25,12,24857.5,SL,-12.0,0,09:30-09:45
2026-02-06,NQ,VWAP,breakout,long,TP40_SL20,40,20,24857.5,SL,-20.0,0,09:30-09:45
2026-02-06,NQ,OR15High,reject,short,TP25_SL12,25,12,24855.75,SL,-12.0,0,09:30-09:45
2026-02-06,NQ,OR15High,reject,short,TP40_SL20,40,20,24855.75,SL,-20.0,1,09:30-09:45
2026-02-06,NQ,PriorRTHHigh,reject,short,TP25_SL12,25,12,24920.5,SL,-12.0,0,09:45-10:00
2026-02-06,NQ,PriorRTHHigh,reject,short,TP40_SL20,40,20,24920.5,SL,-20.0,0,09:45-10:00
2026-02-06,NQ,VWAP,reject,short,TP25_SL12,25,12,24859.25,SL,-12.0,0,09:45-10:00
2026-02-06,NQ,VWAP,reject,short,TP40_SL20,40,20,24859.25,SL,-20.0,0,09:45-10:00
2026-02-09,NQ,GlobexLow,reject,short,TP25_SL12,25,12,25030.0,TP,25.0,0,09:30-09:45
2026-02-09,NQ,GlobexLow,reject,short,TP40_SL20,40,20,25030.0,SL,-20.0,0,09:30-09:45
2026-02-09,NQ,OR15Low,reject,short,TP25_SL12,25,12,25030.0,TP,25.0,0,09:30-09:45
2026-02-09,NQ,OR15Low,reject,short,TP40_SL20,40,20,25030.0,SL,-20.0,0,09:30-09:45
2026-02-09,NQ,VWAP,reject,short,TP25_SL12,25,12,25030.0,TP,25.0,0,09:30-09:45
2026-02-09,NQ,VWAP,reject,short,TP40_SL20,40,20,25030.0,SL,-20.0,0,09:30-09:45
2026-02-09,NQ,OR15High,reject,short,TP25_SL12,25,12,25120.5,SL,-12.0,0,09:30-09:45
2026-02-09,NQ,OR15High,reject,short,TP40_SL20,40,20,25120.5,SL,-20.0,0,09:30-09:45
2026-02-09,NQ,PriorRTHHigh,reject,short,TP25_SL12,25,12,25198.5,SL,-12.0,0,10:00-10:30
2026-02-09,NQ,PriorRTHHigh,reject,short,TP40_SL20,40,20,25198.5,SL,-20.0,4,10:00-10:30
2026-02-09,NQ,GlobexHigh,reject,short,TP25_SL12,25,12,25390.75,SL,-12.0,2,12:00-14:00
2026-02-09,NQ,GlobexHigh,reject,short,TP40_SL20,40,20,25390.75,SL,-20.0,11,12:00-14:00
2026-02-10,NQ,GlobexHigh,reject,short,TP25_SL12,25,12,25380.5,TP,25.0,0,09:30-09:45
2026-02-10,NQ,GlobexHigh,reject,short,TP40_SL20,40,20,25380.5,TP,40.0,3,09:30-09:45
2026-02-10,NQ,PriorRTHHigh,reject,short,TP25_SL12,25,12,25380.5,TP,25.0,0,09:30-09:45
2026-02-10,NQ,PriorRTHHigh,reject,short,TP40_SL20,40,20,25380.5,TP,40.0,3,09:30-09:45
2026-02-10,NQ,OR15High,reject,short,TP25_SL12,25,12,25380.5,TP,25.0,0,09:30-09:45
2026-02-10,NQ,OR15High,reject,short,TP40_SL20,40,20,25380.5,TP,40.0,3,09:30-09:45
2026-02-10,NQ,VWAP,reject,short,TP25_SL12,25,12,25380.5,TP,25.0,0,09:30-09:45
2026-02-10,NQ,VWAP,reject,short,TP40_SL20,40,20,25380.5,TP,40.0,3,09:30-09:45
2026-02-10,NQ,OR15Low,breakout,long,TP25_SL12,25,12,25305.25,TP,25.0,1,09:30-09:45
2026-02-10,NQ,OR15Low,breakout,long,TP40_SL20,40,20,25305.25,SL,-20.0,3,09:30-09:45
2026-02-10,NQ,GlobexLow,breakout,long,TP25_SL12,25,12,25306.75,TP,25.0,0,09:30-09:45
2026-02-10,NQ,GlobexLow,breakout,long,TP40_SL20,40,20,25306.75,SL,-20.0,2,09:30-09:45
2026-02-10,NQ,OR15Low,reject,short,TP25_SL12,25,12,25294.25,SL,-12.0,0,09:45-10:00
2026-02-10,NQ,OR15Low,reject,short,TP40_SL20,40,20,25294.25,SL,-20.0,0,09:45-10:00
2026-02-10,NQ,GlobexLow,reject,short,TP25_SL12,25,12,25257.25,SL,-12.0,7,14:00-close
2026-02-10,NQ,GlobexLow,reject,short,TP40_SL20,40,20,25257.25,TP,40.0,43,14:00-close
2026-02-11,NQ,GlobexHigh,reject,short,TP25_SL12,25,12,25428.25,TP,25.0,0,09:30-09:45
2026-02-11,NQ,GlobexHigh,reject,short,TP40_SL20,40,20,25428.25,TP,40.0,1,09:30-09:45
2026-02-11,NQ,PriorRTHHigh,reject,short,TP25_SL12,25,12,25428.25,TP,25.0,0,09:30-09:45
2026-02-11,NQ,PriorRTHHigh,reject,short,TP40_SL20,40,20,25428.25,TP,40.0,1,09:30-09:45
2026-02-11,NQ,OR15High,reject,short,TP25_SL12,25,12,25428.25,TP,25.0,0,09:30-09:45
2026-02-11,NQ,OR15High,reject,short,TP40_SL20,40,20,25428.25,TP,40.0,1,09:30-09:45
2026-02-11,NQ,VWAP,reject,short,TP25_SL12,25,12,25428.25,TP,25.0,0,09:30-09:45
2026-02-11,NQ,VWAP,reject,short,TP40_SL20,40,20,25428.25,TP,40.0,1,09:30-09:45
2026-02-11,NQ,OR15Low,breakout,long,TP25_SL12,25,12,25386.5,SL,-12.0,0,09:30-09:45
2026-02-11,NQ,OR15Low,breakout,long,TP40_SL20,40,20,25386.5,SL,-20.0,0,09:30-09:45
2026-02-11,NQ,OR15Low,reject,short,TP25_SL12,25,12,25361.25,SL,-12.0,0,09:30-09:45
2026-02-11,NQ,OR15Low,reject,short,TP40_SL20,40,20,25361.25,SL,-20.0,0,09:30-09:45
2026-02-11,NQ,PriorRTHLow,breakout,long,TP25_SL12,25,12,25235.75,SL,-12.0,0,10:00-10:30
2026-02-11,NQ,PriorRTHLow,breakout,long,TP40_SL20,40,20,25235.75,SL,-20.0,1,10:00-10:30
2026-02-11,NQ,GlobexLow,breakout,long,TP25_SL12,25,12,25177.5,SL,-12.0,0,10:00-10:30
2026-02-11,NQ,GlobexLow,breakout,long,TP40_SL20,40,20,25177.5,SL,-20.0,0,10:00-10:30
2026-02-11,NQ,PriorRTHLow,reject,short,TP25_SL12,25,12,25152.25,SL,-12.0,0,10:00-10:30
2026-02-11,NQ,PriorRTHLow,reject,short,TP40_SL20,40,20,25152.25,SL,-20.0,0,10:00-10:30
2026-02-11,NQ,GlobexLow,reject,short,TP25_SL12,25,12,25168.0,TP,25.0,2,10:00-10:30
2026-02-11,NQ,GlobexLow,reject,short,TP40_SL20,40,20,25168.0,TP,40.0,4,10:00-10:30
2026-02-12,NQ,OR15Low,breakout,long,TP25_SL12,25,12,25372.0,SL,-12.0,0,09:30-09:45
2026-02-12,NQ,OR15Low,breakout,long,TP40_SL20,40,20,25372.0,SL,-20.0,0,09:30-09:45
2026-02-12,NQ,OR15High,reject,short,TP25_SL12,25,12,25358.25,SL,-12.0,1,09:30-09:45
2026-02-12,NQ,OR15High,reject,short,TP40_SL20,40,20,25358.25,SL,-20.0,3,09:30-09:45
2026-02-12,NQ,VWAP,reject,short,TP25_SL12,25,12,25358.25,SL,-12.0,1,09:30-09:45
2026-02-12,NQ,VWAP,reject,short,TP40_SL20,40,20,25358.25,SL,-20.0,3,09:30-09:45
2026-02-12,NQ,OR15Low,reject,short,TP25_SL12,25,12,25273.75,SL,-12.0,0,09:45-10:00
2026-02-12,NQ,OR15Low,reject,short,TP40_SL20,40,20,25273.75,SL,-20.0,0,09:45-10:00
2026-02-12,NQ,PriorRTHLow,breakout,long,TP25_SL12,25,12,25097.75,SL,-12.0,1,10:30-11:00
2026-02-12,NQ,PriorRTHLow,breakout,long,TP40_SL20,40,20,25097.75,SL,-20.0,11,10:30-11:00
2026-02-12,NQ,PriorRTHLow,reject,short,TP25_SL12,25,12,25045.0,TP,25.0,2,10:30-11:00
2026-02-12,NQ,PriorRTHLow,reject,short,TP40_SL20,40,20,25045.0,TP,40.0,4,10:30-11:00
2026-02-12,NQ,GlobexLow,breakout,long,TP25_SL12,25,12,24744.75,SL,-12.0,0,14:00-close
2026-02-12,NQ,GlobexLow,breakout,long,TP40_SL20,40,20,24744.75,SL,-20.0,0,14:00-close
2026-02-13,NQ,PriorRTHLow,breakout,long,TP25_SL12,25,12,24787.5,SL,-12.0,0,09:30-09:45
2026-02-13,NQ,PriorRTHLow,breakout,long,TP40_SL20,40,20,24787.5,SL,-20.0,0,09:30-09:45
2026-02-13,NQ,PriorRTHLow,reject,short,TP25_SL12,25,12,24736.5,SL,-12.0,0,09:30-09:45
2026-02-13,NQ,PriorRTHLow,reject,short,TP40_SL20,40,20,24736.5,SL,-20.0,0,09:30-09:45
2026-02-13,NQ,OR15High,reject,short,TP25_SL12,25,12,24736.5,SL,-12.0,0,09:30-09:45
2026-02-13,NQ,OR15High,reject,short,TP40_SL20,40,20,24736.5,SL,-20.0,0,09:30-09:45
2026-02-13,NQ,VWAP,reject,short,TP25_SL12,25,12,24736.5,SL,-12.0,0,09:30-09:45
2026-02-13,NQ,VWAP,reject,short,TP40_SL20,40,20,24736.5,SL,-20.0,0,09:30-09:45
2026-02-13,NQ,GlobexHigh,reject,short,TP25_SL12,25,12,24718.75,TP,25.0,0,09:30-09:45
2026-02-13,NQ,GlobexHigh,reject,short,TP40_SL20,40,20,24718.75,TP,40.0,2,09:30-09:45
2026-02-13,NQ,GlobexLow,breakout,long,TP25_SL12,25,12,24672.75,SL,-12.0,0,09:30-09:45
2026-02-13,NQ,GlobexLow,breakout,long,TP40_SL20,40,20,24672.75,SL,-20.0,0,09:30-09:45
2026-02-13,NQ,GlobexLow,reject,short,TP25_SL12,25,12,24599.75,SL,-12.0,0,09:30-09:45
2026-02-13,NQ,GlobexLow,reject,short,TP40_SL20,40,20,24599.75,SL,-20.0,1,09:30-09:45
2026-02-13,NQ,OR15Low,breakout,long,TP25_SL12,25,12,24599.75,SL,-12.0,0,09:30-09:45
2026-02-13,NQ,OR15Low,breakout,long,TP40_SL20,40,20,24599.75,SL,-20.0,0,09:30-09:45
2026-02-16,NQ,OR15High,reject,short,TP25_SL12,25,12,24762.5,TP,25.0,2,09:30-09:45
2026-02-16,NQ,OR15High,reject,short,TP40_SL20,40,20,24762.5,TP,40.0,8,09:30-09:45
2026-02-16,NQ,OR15Low,breakout,long,TP25_SL12,25,12,24762.5,SL,-12.0,0,09:30-09:45
2026-02-16,NQ,OR15Low,breakout,long,TP40_SL20,40,20,24762.5,SL,-20.0,2,09:30-09:45
2026-02-16,NQ,VWAP,reject,short,TP25_SL12,25,12,24762.5,TP,25.0,2,09:30-09:45
2026-02-16,NQ,VWAP,reject,short,TP40_SL20,40,20,24762.5,TP,40.0,8,09:30-09:45
2026-02-16,NQ,OR15Low,reject,short,TP25_SL12,25,12,24704.5,SL,-12.0,1,09:45-10:00
2026-02-16,NQ,OR15Low,reject,short,TP40_SL20,40,20,24704.5,SL,-20.0,2,09:45-10:00
2026-02-17,NQ,PriorRTHLow,reject,short,TP25_SL12,25,12,24665.5,SL,-12.0,0,09:30-09:45
2026-02-17,NQ,PriorRTHLow,reject,short,TP40_SL20,40,20,24665.5,SL,-20.0,0,09:30-09:45
2026-02-17,NQ,OR15Low,reject,short,TP25_SL12,25,12,24665.5,SL,-12.0,0,09:30-09:45
2026-02-17,NQ,OR15Low,reject,short,TP40_SL20,40,20,24665.5,SL,-20.0,0,09:30-09:45
2026-02-17,NQ,VWAP,reject,short,TP25_SL12,25,12,24665.5,SL,-12.0,0,09:30-09:45
2026-02-17,NQ,VWAP,reject,short,TP40_SL20,40,20,24665.5,SL,-20.0,0,09:30-09:45
2026-02-17,NQ,PriorRTHHigh,reject,short,TP25_SL12,25,12,24781.0,SL,-12.0,0,09:30-09:45
2026-02-17,NQ,PriorRTHHigh,reject,short,TP40_SL20,40,20,24781.0,SL,-20.0,0,09:30-09:45
2026-02-17,NQ,OR15High,reject,short,TP25_SL12,25,12,24777.0,SL,-12.0,0,09:30-09:45
2026-02-17,NQ,OR15High,reject,short,TP40_SL20,40,20,24777.0,SL,-20.0,0,09:30-09:45
2026-02-17,NQ,GlobexHigh,reject,short,TP25_SL12,25,12,24793.0,SL,-12.0,0,09:30-09:45
2026-02-17,NQ,GlobexHigh,reject,short,TP40_SL20,40,20,24793.0,TP,40.0,1,09:30-09:45
2026-02-17,NQ,GlobexLow,breakout,long,TP25_SL12,25,12,24570.75,SL,-12.0,1,09:45-10:00
2026-02-17,NQ,GlobexLow,breakout,long,TP40_SL20,40,20,24570.75,SL,-20.0,1,09:45-10:00
2026-02-17,NQ,GlobexLow,reject,short,TP25_SL12,25,12,24515.5,SL,-12.0,0,09:45-10:00
2026-02-17,NQ,GlobexLow,reject,short,TP40_SL20,40,20,24515.5,SL,-20.0,0,09:45-10:00
2026-02-18,NQ,GlobexLow,reject,short,TP25_SL12,25,12,24783.25,SL,-12.0,0,09:30-09:45
2026-02-18,NQ,GlobexLow,reject,short,TP40_SL20,40,20,24783.25,SL,-20.0,0,09:30-09:45
2026-02-18,NQ,OR15Low,breakout,long,TP25_SL12,25,12,24783.25,TP,25.0,0,09:30-09:45
2026-02-18,NQ,OR15Low,breakout,long,TP40_SL20,40,20,24783.25,TP,40.0,0,09:30-09:45
2026-02-18,NQ,VWAP,reject,short,TP25_SL12,25,12,24783.25,SL,-12.0,0,09:30-09:45
2026-02-18,NQ,VWAP,reject,short,TP40_SL20,40,20,24783.25,SL,-20.0,0,09:30-09:45
2026-02-18,NQ,PriorRTHHigh,reject,short,TP25_SL12,25,12,24850.75,TP,25.0,0,09:45-10:00
2026-02-18,NQ,PriorRTHHigh,reject,short,TP40_SL20,40,20,24850.75,SL,-20.0,0,09:45-10:00
2026-02-18,NQ,OR15High,reject,short,TP25_SL12,25,12,24850.75,TP,25.0,0,09:45-10:00
2026-02-18,NQ,OR15High,reject,short,TP40_SL20,40,20,24850.75,SL,-20.0,0,09:45-10:00
2026-02-18,NQ,GlobexHigh,reject,short,TP25_SL12,25,12,25027.75,TP,25.0,2,10:00-10:30
2026-02-18,NQ,GlobexHigh,reject,short,TP40_SL20,40,20,25027.75,SL,-20.0,8,10:00-10:30
2026-02-19,NQ,GlobexLow,breakout,long,TP25_SL12,25,12,24844.0,SL,-12.0,0,09:30-09:45
2026-02-19,NQ,GlobexLow,breakout,long,TP40_SL20,40,20,24844.0,SL,-20.0,2,09:30-09:45
2026-02-19,NQ,OR15High,reject,short,TP25_SL12,25,12,24844.0,SL,-12.0,0,09:30-09:45
2026-02-19,NQ,OR15High,reject,short,TP40_SL20,40,20,24844.0,SL,-20.0,0,09:30-09:45
2026-02-19,NQ,VWAP,reject,short,TP25_SL12,25,12,24844.0,SL,-12.0,0,09:30-09:45
2026-02-19,NQ,VWAP,reject,short,TP40_SL20,40,20,24844.0,SL,-20.0,0,09:30-09:45
2026-02-19,NQ,OR15Low,breakout,long,TP25_SL12,25,12,24806.0,SL,-12.0,0,09:30-09:45
2026-02-19,NQ,OR15Low,breakout,long,TP40_SL20,40,20,24806.0,SL,-20.0,0,09:30-09:45
2026-02-19,NQ,GlobexLow,reject,short,TP25_SL12,25,12,24795.25,SL,-12.0,0,09:30-09:45
2026-02-19,NQ,GlobexLow,reject,short,TP40_SL20,40,20,24795.25,SL,-20.0,0,09:30-09:45
2026-02-19,NQ,PriorRTHLow,breakout,long,TP25_SL12,25,12,24795.25,TP,25.0,0,09:30-09:45
2026-02-19,NQ,PriorRTHLow,breakout,long,TP40_SL20,40,20,24795.25,TP,40.0,2,09:30-09:45
2026-02-19,NQ,OR15Low,reject,short,TP25_SL12,25,12,24806.25,SL,-12.0,0,09:30-09:45
2026-02-19,NQ,OR15Low,reject,short,TP40_SL20,40,20,24806.25,SL,-20.0,0,09:30-09:45
2026-02-19,NQ,PriorRTHLow,reject,short,TP25_SL12,25,12,24758.0,SL,-12.0,0,12:00-14:00
2026-02-19,NQ,PriorRTHLow,reject,short,TP40_SL20,40,20,24758.0,SL,-20.0,1,12:00-14:00
2026-02-20,NQ,GlobexLow,breakout,long,TP25_SL12,25,12,24782.0,TP,25.0,0,09:30-09:45
2026-02-20,NQ,GlobexLow,breakout,long,TP40_SL20,40,20,24782.0,TP,40.0,2,09:30-09:45
2026-02-20,NQ,PriorRTHLow,breakout,long,TP25_SL12,25,12,24806.75,SL,-12.0,0,09:30-09:45
2026-02-20,NQ,PriorRTHLow,breakout,long,TP40_SL20,40,20,24806.75,TP,40.0,1,09:30-09:45
2026-02-20,NQ,VWAP,breakout,long,TP25_SL12,25,12,24806.75,SL,-12.0,0,09:30-09:45
2026-02-20,NQ,VWAP,breakout,long,TP40_SL20,40,20,24806.75,TP,40.0,1,09:30-09:45
2026-02-20,NQ,PriorRTHLow,reject,short,TP25_SL12,25,12,24803.75,SL,-12.0,0,09:30-09:45
2026-02-20,NQ,PriorRTHLow,reject,short,TP40_SL20,40,20,24803.75,SL,-20.0,0,09:30-09:45
2026-02-20,NQ,VWAP,reject,short,TP25_SL12,25,12,24803.75,SL,-12.0,0,09:30-09:45
2026-02-20,NQ,VWAP,reject,short,TP40_SL20,40,20,24803.75,SL,-20.0,0,09:30-09:45
2026-02-20,NQ,PriorRTHHigh,reject,short,TP25_SL12,25,12,24908.5,SL,-12.0,0,09:30-09:45
2026-02-20,NQ,PriorRTHHigh,reject,short,TP40_SL20,40,20,24908.5,SL,-20.0,1,09:30-09:45
2026-02-20,NQ,OR15High,reject,short,TP25_SL12,25,12,24908.5,SL,-12.0,0,09:30-09:45
2026-02-20,NQ,OR15High,reject,short,TP40_SL20,40,20,24908.5,SL,-20.0,1,09:30-09:45
2026-02-20,NQ,GlobexHigh,reject,short,TP25_SL12,25,12,24998.25,TP,25.0,0,10:00-10:30
2026-02-20,NQ,GlobexHigh,reject,short,TP40_SL20,40,20,24998.25,TP,40.0,0,10:00-10:30
2026-02-23,NQ,GlobexHigh,reject,short,TP25_SL12,25,12,25020.0,SL,-12.0,0,09:30-09:45
2026-02-23,NQ,GlobexHigh,reject,short,TP40_SL20,40,20,25020.0,TP,40.0,3,09:30-09:45
2026-02-23,NQ,OR15High,reject,short,TP25_SL12,25,12,25020.0,SL,-12.0,0,09:30-09:45
2026-02-23,NQ,OR15High,reject,short,TP40_SL20,40,20,25020.0,TP,40.0,3,09:30-09:45
2026-02-23,NQ,VWAP,reject,short,TP25_SL12,25,12,25020.0,SL,-12.0,0,09:30-09:45
2026-02-23,NQ,VWAP,reject,short,TP40_SL20,40,20,25020.0,TP,40.0,3,09:30-09:45
2026-02-23,NQ,OR15Low,breakout,long,TP25_SL12,25,12,24908.25,SL,-12.0,0,09:30-09:45
2026-02-23,NQ,OR15Low,breakout,long,TP40_SL20,40,20,24908.25,SL,-20.0,0,09:30-09:45
2026-02-23,NQ,OR15Low,reject,short,TP25_SL12,25,12,24868.25,SL,-12.0,0,09:45-10:00
2026-02-23,NQ,OR15Low,reject,short,TP40_SL20,40,20,24868.25,SL,-20.0,0,09:45-10:00
2026-02-23,NQ,GlobexLow,breakout,long,TP25_SL12,25,12,24829.0,SL,-12.0,1,10:30-11:00
2026-02-23,NQ,GlobexLow,breakout,long,TP40_SL20,40,20,24829.0,SL,-20.0,7,10:30-11:00
2026-02-23,NQ,GlobexLow,reject,short,TP25_SL12,25,12,24763.5,TP,25.0,4,10:30-11:00
2026-02-23,NQ,GlobexLow,reject,short,TP40_SL20,40,20,24763.5,TP,40.0,5,10:30-11:00
2026-02-23,NQ,PriorRTHLow,breakout,long,TP25_SL12,25,12,24724.25,SL,-12.0,0,11:00-12:00
2026-02-23,NQ,PriorRTHLow,breakout,long,TP40_SL20,40,20,24724.25,SL,-20.0,1,11:00-12:00
2026-02-23,NQ,PriorRTHLow,reject,short,TP25_SL12,25,12,24682.5,SL,-12.0,1,11:00-12:00
2026-02-23,NQ,PriorRTHLow,reject,short,TP40_SL20,40,20,24682.5,SL,-20.0,1,11:00-12:00
2026-02-24,NQ,GlobexLow,reject,short,TP25_SL12,25,12,24768.25,TP,25.0,0,09:30-09:45
2026-02-24,NQ,GlobexLow,reject,short,TP40_SL20,40,20,24768.25,TP,40.0,0,09:30-09:45
2026-02-24,NQ,VWAP,reject,short,TP25_SL12,25,12,24768.25,TP,25.0,0,09:30-09:45
2026-02-24,NQ,VWAP,reject,short,TP40_SL20,40,20,24768.25,TP,40.0,0,09:30-09:45
2026-02-24,NQ,OR15Low,breakout,long,TP25_SL12,25,12,24721.75,TP,25.0,0,09:30-09:45
2026-02-24,NQ,OR15Low,breakout,long,TP40_SL20,40,20,24721.75,SL,-20.0,2,09:30-09:45
2026-02-24,NQ,PriorRTHLow,breakout,long,TP25_SL12,25,12,24739.0,SL,-12.0,0,09:30-09:45
2026-02-24,NQ,PriorRTHLow,breakout,long,TP40_SL20,40,20,24739.0,SL,-20.0,1,09:30-09:45
2026-02-24,NQ,OR15Low,reject,short,TP25_SL12,25,12,24803.75,SL,-12.0,0,09:30-09:45
2026-02-24,NQ,OR15Low,reject,short,TP40_SL20,40,20,24803.75,SL,-20.0,0,09:30-09:45
2026-02-24,NQ,OR15High,reject,short,TP25_SL12,25,12,24918.25,SL,-12.0,0,09:45-10:00
2026-02-24,NQ,OR15High,reject,short,TP40_SL20,40,20,24918.25,SL,-20.0,0,09:45-10:00
2026-02-24,NQ,PriorRTHHigh,reject,short,TP25_SL12,25,12,25005.5,SL,-12.0,0,10:30-11:00
2026-02-24,NQ,PriorRTHHigh,reject,short,TP40_SL20,40,20,25005.5,SL,-20.0,11,10:30-11:00
2026-02-25,NQ,VWAP,reject,short,TP25_SL12,25,12,25222.25,SL,-12.0,0,09:30-09:45
2026-02-25,NQ,VWAP,reject,short,TP40_SL20,40,20,25222.25,SL,-20.0,0,09:30-09:45
2026-02-25,NQ,OR15High,reject,short,TP25_SL12,25,12,25248.75,SL,-12.0,0,09:30-09:45
2026-02-25,NQ,OR15High,reject,short,TP40_SL20,40,20,25248.75,SL,-20.0,0,09:30-09:45
2026-02-25,NQ,GlobexHigh,reject,short,TP25_SL12,25,12,25382.0,EOD,-2.5,6,14:00-close
2026-02-25,NQ,GlobexHigh,reject,short,TP40_SL20,40,20,25382.0,EOD,-2.5,6,14:00-close
2026-02-26,NQ,OR15High,reject,short,TP25_SL12,25,12,25284.75,TP,25.0,1,09:30-09:45
2026-02-26,NQ,OR15High,reject,short,TP40_SL20,40,20,25284.75,TP,40.0,3,09:30-09:45
2026-02-26,NQ,VWAP,reject,short,TP25_SL12,25,12,25284.75,TP,25.0,1,09:30-09:45
2026-02-26,NQ,VWAP,reject,short,TP40_SL20,40,20,25284.75,TP,40.0,3,09:30-09:45
2026-02-26,NQ,OR15Low,breakout,long,TP25_SL12,25,12,25276.75,SL,-12.0,0,09:30-09:45
2026-02-26,NQ,OR15Low,breakout,long,TP40_SL20,40,20,25276.75,SL,-20.0,0,09:30-09:45
2026-02-26,NQ,OR15Low,reject,short,TP25_SL12,25,12,25250.25,SL,-12.0,0,09:30-09:45
2026-02-26,NQ,OR15Low,reject,short,TP40_SL20,40,20,25250.25,SL,-20.0,0,09:30-09:45
2026-02-26,NQ,PriorRTHLow,breakout,long,TP25_SL12,25,12,25215.5,SL,-12.0,0,09:45-10:00
2026-02-26,NQ,PriorRTHLow,breakout,long,TP40_SL20,40,20,25215.5,SL,-20.0,0,09:45-10:00
2026-02-26,NQ,PriorRTHLow,reject,short,TP25_SL12,25,12,25157.0,SL,-12.0,0,10:00-10:30
2026-02-26,NQ,PriorRTHLow,reject,short,TP40_SL20,40,20,25157.0,SL,-20.0,0,10:00-10:30
2026-02-26,NQ,GlobexLow,breakout,long,TP25_SL12,25,12,24994.25,TP,25.0,0,10:00-10:30
2026-02-26,NQ,GlobexLow,breakout,long,TP40_SL20,40,20,24994.25,SL,-20.0,1,10:00-10:30
2026-02-26,NQ,GlobexLow,reject,short,TP25_SL12,25,12,24938.0,TP,25.0,1,10:00-10:30
2026-02-26,NQ,GlobexLow,reject,short,TP40_SL20,40,20,24938.0,SL,-20.0,5,10:00-10:30
2026-02-27,NQ,GlobexLow,breakout,long,TP25_SL12,25,12,24880.5,SL,-12.0,1,09:30-09:45
2026-02-27,NQ,GlobexLow,breakout,long,TP40_SL20,40,20,24880.5,SL,-20.0,2,09:30-09:45
2026-02-27,NQ,OR15Low,breakout,long,TP25_SL12,25,12,24880.5,SL,-12.0,1,09:30-09:45
2026-02-27,NQ,OR15Low,breakout,long,TP40_SL20,40,20,24880.5,SL,-20.0,2,09:30-09:45
2026-02-27,NQ,VWAP,breakout,long,TP25_SL12,25,12,24892.75,SL,-12.0,0,09:30-09:45
2026-02-27,NQ,VWAP,breakout,long,TP40_SL20,40,20,24892.75,SL,-20.0,0,09:30-09:45
2026-02-27,NQ,PriorRTHLow,reject,short,TP25_SL12,25,12,24881.25,TP,25.0,1,09:30-09:45
2026-02-27,NQ,PriorRTHLow,reject,short,TP40_SL20,40,20,24881.25,TP,40.0,3,09:30-09:45
2026-02-27,NQ,OR15High,reject,short,TP25_SL12,25,12,24881.25,TP,25.0,1,09:30-09:45
2026-02-27,NQ,OR15High,reject,short,TP40_SL20,40,20,24881.25,TP,40.0,3,09:30-09:45
2026-02-27,NQ,VWAP,reject,short,TP25_SL12,25,12,24881.25,TP,25.0,1,09:30-09:45
2026-02-27,NQ,VWAP,reject,short,TP40_SL20,40,20,24881.25,TP,40.0,3,09:30-09:45
2026-02-27,NQ,GlobexLow,reject,short,TP25_SL12,25,12,24845.25,TP,25.0,0,09:45-10:00
2026-02-27,NQ,GlobexLow,reject,short,TP40_SL20,40,20,24845.25,SL,-20.0,0,09:45-10:00
2026-02-27,NQ,OR15Low,reject,short,TP25_SL12,25,12,24845.25,TP,25.0,0,09:45-10:00
2026-02-27,NQ,OR15Low,reject,short,TP40_SL20,40,20,24845.25,SL,-20.0,0,09:45-10:00
2026-03-02,NQ,VWAP,breakout,long,TP25_SL12,25,12,24781.5,TP,25.0,0,09:30-09:45
2026-03-02,NQ,VWAP,breakout,long,TP40_SL20,40,20,24781.5,TP,40.0,1,09:30-09:45
2026-03-02,NQ,PriorRTHLow,reject,short,TP25_SL12,25,12,24787.0,SL,-12.0,0,09:30-09:45
2026-03-02,NQ,PriorRTHLow,reject,short,TP40_SL20,40,20,24787.0,SL,-20.0,0,09:30-09:45
2026-03-02,NQ,VWAP,reject,short,TP25_SL12,25,12,24787.0,SL,-12.0,0,09:30-09:45
2026-03-02,NQ,VWAP,reject,short,TP40_SL20,40,20,24787.0,SL,-20.0,0,09:30-09:45
2026-03-02,NQ,OR15High,reject,short,TP25_SL12,25,12,24848.75,SL,-12.0,0,09:30-09:45
2026-03-02,NQ,OR15High,reject,short,TP40_SL20,40,20,24848.75,TP,40.0,1,09:30-09:45
2026-03-02,NQ,GlobexHigh,reject,short,TP25_SL12,25,12,24974.0,TP,25.0,2,11:00-12:00
2026-03-02,NQ,GlobexHigh,reject,short,TP40_SL20,40,20,24974.0,TP,40.0,6,11:00-12:00
2026-03-02,NQ,PriorRTHHigh,reject,short,TP25_SL12,25,12,25018.25,SL,-12.0,6,11:00-12:00
2026-03-02,NQ,PriorRTHHigh,reject,short,TP40_SL20,40,20,25018.25,SL,-20.0,9,11:00-12:00
2026-03-03,NQ,PriorRTHLow,reject,short,TP25_SL12,25,12,24578.75,SL,-12.0,0,09:30-09:45
2026-03-03,NQ,PriorRTHLow,reject,short,TP40_SL20,40,20,24578.75,TP,40.0,1,09:30-09:45
2026-03-03,NQ,VWAP,reject,short,TP25_SL12,25,12,24578.75,SL,-12.0,0,09:30-09:45
2026-03-03,NQ,VWAP,reject,short,TP40_SL20,40,20,24578.75,TP,40.0,1,09:30-09:45
2026-03-03,NQ,OR15Low,breakout,long,TP25_SL12,25,12,24529.0,TP,25.0,0,09:30-09:45
2026-03-03,NQ,OR15Low,breakout,long,TP40_SL20,40,20,24529.0,SL,-20.0,0,09:30-09:45
2026-03-03,NQ,OR15Low,reject,short,TP25_SL12,25,12,24593.5,SL,-12.0,0,09:30-09:45
2026-03-03,NQ,OR15Low,reject,short,TP40_SL20,40,20,24593.5,SL,-20.0,0,09:30-09:45
2026-03-03,NQ,OR15High,reject,short,TP25_SL12,25,12,24592.75,SL,-12.0,0,09:30-09:45
2026-03-03,NQ,OR15High,reject,short,TP40_SL20,40,20,24592.75,TP,40.0,2,09:30-09:45
2026-03-03,NQ,GlobexLow,breakout,long,TP25_SL12,25,12,24415.25,SL,-12.0,0,10:00-10:30
2026-03-03,NQ,GlobexLow,breakout,long,TP40_SL20,40,20,24415.25,SL,-20.0,1,10:00-10:30
2026-03-03,NQ,GlobexLow,reject,short,TP25_SL12,25,12,24366.0,SL,-12.0,0,10:00-10:30
2026-03-03,NQ,GlobexLow,reject,short,TP40_SL20,40,20,24366.0,SL,-20.0,3,10:00-10:30
2026-03-03,NQ,GlobexHigh,reject,short,TP25_SL12,25,12,24818.75,TP,25.0,2,12:00-14:00
2026-03-03,NQ,GlobexHigh,reject,short,TP40_SL20,40,20,24818.75,TP,40.0,5,12:00-14:00
2026-03-04,NQ,VWAP,reject,short,TP25_SL12,25,12,24924.0,SL,-12.0,0,09:30-09:45
2026-03-04,NQ,VWAP,reject,short,TP40_SL20,40,20,24924.0,SL,-20.0,0,09:30-09:45
2026-03-04,NQ,PriorRTHHigh,breakout,long,TP25_SL12,25,12,24908.75,SL,-12.0,0,09:30-09:45
2026-03-04,NQ,PriorRTHHigh,breakout,long,TP40_SL20,40,20,24908.75,SL,-20.0,0,09:30-09:45
2026-03-04,NQ,OR15High,reject,short,TP25_SL12,25,12,24908.75,TP,25.0,0,09:30-09:45
2026-03-04,NQ,OR15High,reject,short,TP40_SL20,40,20,24908.75,TP,40.0,4,09:30-09:45
2026-03-04,NQ,OR15Low,breakout,long,TP25_SL12,25,12,24884.5,SL,-12.0,0,09:30-09:45
2026-03-04,NQ,OR15Low,breakout,long,TP40_SL20,40,20,24884.5,SL,-20.0,3,09:30-09:45
2026-03-04,NQ,PriorRTHHigh,reject,short,TP25_SL12,25,12,24848.75,SL,-12.0,0,09:30-09:45
2026-03-04,NQ,PriorRTHHigh,reject,short,TP40_SL20,40,20,24848.75,SL,-20.0,0,09:30-09:45
2026-03-04,NQ,OR15Low,reject,short,TP25_SL12,25,12,24874.5,SL,-12.0,0,09:45-10:00
2026-03-04,NQ,OR15Low,reject,short,TP40_SL20,40,20,24874.5,SL,-20.0,0,09:45-10:00
2026-03-05,NQ,VWAP,breakout,long,TP25_SL12,25,12,25084.5,TP,25.0,1,09:30-09:45
2026-03-05,NQ,VWAP,breakout,long,TP40_SL20,40,20,25084.5,TP,40.0,4,09:30-09:45
2026-03-05,NQ,VWAP,reject,short,TP25_SL12,25,12,25097.25,SL,-12.0,0,09:30-09:45
2026-03-05,NQ,VWAP,reject,short,TP40_SL20,40,20,25097.25,SL,-20.0,0,09:30-09:45
2026-03-05,NQ,OR15High,reject,short,TP25_SL12,25,12,25103.5,SL,-12.0,0,09:30-09:45
2026-03-05,NQ,OR15High,reject,short,TP40_SL20,40,20,25103.5,SL,-20.0,0,09:30-09:45
2026-03-05,NQ,GlobexHigh,reject,short,TP25_SL12,25,12,25184.25,SL,-12.0,0,10:00-10:30
2026-03-05,NQ,GlobexHigh,reject,short,TP40_SL20,40,20,25184.25,TP,40.0,5,10:00-10:30
2026-03-05,NQ,PriorRTHHigh,reject,short,TP25_SL12,25,12,25184.25,SL,-12.0,0,10:00-10:30
2026-03-05,NQ,PriorRTHHigh,reject,short,TP40_SL20,40,20,25184.25,TP,40.0,5,10:00-10:30
2026-03-05,NQ,OR15Low,breakout,long,TP25_SL12,25,12,25023.25,SL,-12.0,1,10:00-10:30
2026-03-05,NQ,OR15Low,breakout,long,TP40_SL20,40,20,25023.25,SL,-20.0,2,10:00-10:30
2026-03-05,NQ,GlobexLow,breakout,long,TP25_SL12,25,12,25011.75,SL,-12.0,1,10:00-10:30
2026-03-05,NQ,GlobexLow,breakout,long,TP40_SL20,40,20,25011.75,SL,-20.0,1,10:00-10:30
2026-03-05,NQ,GlobexLow,reject,short,TP25_SL12,25,12,24939.75,SL,-12.0,0,10:30-11:00
2026-03-05,NQ,GlobexLow,reject,short,TP40_SL20,40,20,24939.75,SL,-20.0,1,10:30-11:00
2026-03-05,NQ,OR15Low,reject,short,TP25_SL12,25,12,24939.75,SL,-12.0,0,10:30-11:00
2026-03-05,NQ,OR15Low,reject,short,TP40_SL20,40,20,24939.75,SL,-20.0,1,10:30-11:00
2026-03-05,NQ,PriorRTHLow,breakout,long,TP25_SL12,25,12,24879.75,SL,-12.0,1,12:00-14:00
2026-03-05,NQ,PriorRTHLow,breakout,long,TP40_SL20,40,20,24879.75,SL,-20.0,3,12:00-14:00
2026-03-05,NQ,PriorRTHLow,reject,short,TP25_SL12,25,12,24828.5,TP,25.0,1,12:00-14:00
2026-03-05,NQ,PriorRTHLow,reject,short,TP40_SL20,40,20,24828.5,SL,-20.0,3,12:00-14:00
2026-03-06,NQ,OR15High,reject,short,TP25_SL12,25,12,24697.5,TP,25.0,1,09:30-09:45
2026-03-06,NQ,OR15High,reject,short,TP40_SL20,40,20,24697.5,TP,40.0,1,09:30-09:45
2026-03-06,NQ,VWAP,reject,short,TP25_SL12,25,12,24697.5,TP,25.0,1,09:30-09:45
2026-03-06,NQ,VWAP,reject,short,TP40_SL20,40,20,24697.5,TP,40.0,1,09:30-09:45
2026-03-06,NQ,GlobexLow,breakout,long,TP25_SL12,25,12,24651.5,SL,-12.0,0,09:30-09:45
2026-03-06,NQ,GlobexLow,breakout,long,TP40_SL20,40,20,24651.5,SL,-20.0,0,09:30-09:45
2026-03-06,NQ,OR15Low,breakout,long,TP25_SL12,25,12,24651.5,SL,-12.0,0,09:30-09:45
2026-03-06,NQ,OR15Low,breakout,long,TP40_SL20,40,20,24651.5,SL,-20.0,0,09:30-09:45
2026-03-06,NQ,GlobexLow,reject,short,TP25_SL12,25,12,24632.0,SL,-12.0,0,09:30-09:45
2026-03-06,NQ,GlobexLow,reject,short,TP40_SL20,40,20,24632.0,SL,-20.0,0,09:30-09:45
2026-03-06,NQ,OR15Low,reject,short,TP25_SL12,25,12,24632.0,SL,-12.0,0,09:30-09:45
2026-03-06,NQ,OR15Low,reject,short,TP40_SL20,40,20,24632.0,SL,-20.0,0,09:30-09:45
2026-03-06,NQ,PriorRTHLow,reject,short,TP25_SL12,25,12,24740.25,SL,-12.0,0,10:00-10:30
2026-03-06,NQ,PriorRTHLow,reject,short,TP40_SL20,40,20,24740.25,SL,-20.0,0,10:00-10:30
2026-03-09,NQ,OR15High,reject,short,TP25_SL12,25,12,24496.75,TP,25.0,0,09:30-09:45
2026-03-09,NQ,OR15High,reject,short,TP40_SL20,40,20,24496.75,TP,40.0,0,09:30-09:45
2026-03-09,NQ,VWAP,reject,short,TP25_SL12,25,12,24496.75,TP,25.0,0,09:30-09:45
2026-03-09,NQ,VWAP,reject,short,TP40_SL20,40,20,24496.75,TP,40.0,0,09:30-09:45
2026-03-09,NQ,OR15Low,breakout,long,TP25_SL12,25,12,24399.25,SL,-12.0,0,09:30-09:45
2026-03-09,NQ,OR15Low,breakout,long,TP40_SL20,40,20,24399.25,SL,-20.0,0,09:30-09:45
2026-03-09,NQ,OR15Low,reject,short,TP25_SL12,25,12,24384.0,TP,25.0,0,09:30-09:45
2026-03-09,NQ,OR15Low,reject,short,TP40_SL20,40,20,24384.0,TP,40.0,1,09:30-09:45
2026-03-09,NQ,PriorRTHLow,reject,short,TP25_SL12,25,12,24568.25,TP,25.0,2,10:30-11:00
2026-03-09,NQ,PriorRTHLow,reject,short,TP40_SL20,40,20,24568.25,SL,-20.0,9,10:30-11:00
2026-03-09,NQ,PriorRTHHigh,reject,short,TP25_SL12,25,12,24910.0,TP,25.0,0,14:00-close
2026-03-09,NQ,PriorRTHHigh,reject,short,TP40_SL20,40,20,24910.0,SL,-20.0,0,14:00-close
2026-03-09,NQ,GlobexHigh,reject,short,TP25_SL12,25,12,24955.0,SL,-12.0,0,14:00-close
2026-03-09,NQ,GlobexHigh,reject,short,TP40_SL20,40,20,24955.0,SL,-20.0,0,14:00-close
2026-03-10,NQ,PriorRTHHigh,reject,short,TP25_SL12,25,12,25066.5,TP,25.0,0,09:30-09:45
2026-03-10,NQ,PriorRTHHigh,reject,short,TP40_SL20,40,20,25066.5,TP,40.0,0,09:30-09:45
2026-03-10,NQ,OR15High,reject,short,TP25_SL12,25,12,25066.5,TP,25.0,0,09:30-09:45
2026-03-10,NQ,OR15High,reject,short,TP40_SL20,40,20,25066.5,TP,40.0,0,09:30-09:45
2026-03-10,NQ,VWAP,reject,short,TP25_SL12,25,12,25066.5,TP,25.0,0,09:30-09:45
2026-03-10,NQ,VWAP,reject,short,TP40_SL20,40,20,25066.5,TP,40.0,0,09:30-09:45
2026-03-10,NQ,OR15Low,breakout,long,TP25_SL12,25,12,25004.0,TP,25.0,0,09:30-09:45
2026-03-10,NQ,OR15Low,breakout,long,TP40_SL20,40,20,25004.0,SL,-20.0,7,09:30-09:45
2026-03-10,NQ,OR15Low,reject,short,TP25_SL12,25,12,25012.75,SL,-12.0,0,09:45-10:00
2026-03-10,NQ,OR15Low,reject,short,TP40_SL20,40,20,25012.75,SL,-20.0,0,09:45-10:00
2026-03-10,NQ,GlobexLow,breakout,long,TP25_SL12,25,12,24923.5,SL,-12.0,0,10:00-10:30
2026-03-10,NQ,GlobexLow,breakout,long,TP40_SL20,40,20,24923.5,SL,-20.0,0,10:00-10:30
2026-03-10,NQ,GlobexHigh,breakout,long,TP25_SL12,25,12,25171.5,SL,-12.0,1,11:00-12:00
2026-03-10,NQ,GlobexHigh,breakout,long,TP40_SL20,40,20,25171.5,SL,-20.0,1,11:00-12:00
2026-03-10,NQ,GlobexHigh,reject,short,TP25_SL12,25,12,25168.75,TP,25.0,1,11:00-12:00
2026-03-10,NQ,GlobexHigh,reject,short,TP40_SL20,40,20,25168.75,TP,40.0,4,11:00-12:00
2026-03-11,NQ,OR15Low,breakout,long,TP25_SL12,25,12,25088.25,SL,-12.0,0,09:30-09:45
2026-03-11,NQ,OR15Low,breakout,long,TP40_SL20,40,20,25088.25,SL,-20.0,11,09:30-09:45
2026-03-11,NQ,GlobexHigh,reject,short,TP25_SL12,25,12,25081.25,SL,-12.0,0,09:30-09:45
2026-03-11,NQ,GlobexHigh,reject,short,TP40_SL20,40,20,25081.25,SL,-20.0,3,09:30-09:45
2026-03-11,NQ,OR15High,reject,short,TP25_SL12,25,12,25081.25,SL,-12.0,0,09:30-09:45
2026-03-11,NQ,OR15High,reject,short,TP40_SL20,40,20,25081.25,SL,-20.0,3,09:30-09:45
2026-03-11,NQ,VWAP,reject,short,TP25_SL12,25,12,25081.25,SL,-12.0,0,09:30-09:45
2026-03-11,NQ,VWAP,reject,short,TP40_SL20,40,20,25081.25,SL,-20.0,3,09:30-09:45
2026-03-11,NQ,OR15Low,reject,short,TP25_SL12,25,12,25029.0,SL,-12.0,1,09:45-10:00
2026-03-11,NQ,OR15Low,reject,short,TP40_SL20,40,20,25029.0,SL,-20.0,2,09:45-10:00
2026-03-11,NQ,PriorRTHLow,breakout,long,TP25_SL12,25,12,24934.5,SL,-12.0,0,11:00-12:00
2026-03-11,NQ,PriorRTHLow,breakout,long,TP40_SL20,40,20,24934.5,SL,-20.0,1,11:00-12:00
2026-03-11,NQ,PriorRTHLow,reject,short,TP25_SL12,25,12,24895.0,SL,-12.0,0,11:00-12:00
2026-03-11,NQ,PriorRTHLow,reject,short,TP40_SL20,40,20,24895.0,SL,-20.0,0,11:00-12:00
2026-03-12,NQ,VWAP,reject,short,TP25_SL12,25,12,24773.25,SL,-12.0,0,09:30-09:45
2026-03-12,NQ,VWAP,reject,short,TP40_SL20,40,20,24773.25,SL,-20.0,0,09:30-09:45
2026-03-12,NQ,OR15Low,breakout,long,TP25_SL12,25,12,24793.0,TP,25.0,0,09:30-09:45
2026-03-12,NQ,OR15Low,breakout,long,TP40_SL20,40,20,24793.0,TP,40.0,4,09:30-09:45
2026-03-12,NQ,OR15Low,reject,short,TP25_SL12,25,12,24813.5,SL,-12.0,3,09:30-09:45
2026-03-12,NQ,OR15Low,reject,short,TP40_SL20,40,20,24813.5,SL,-20.0,3,09:30-09:45
2026-03-12,NQ,OR15High,reject,short,TP25_SL12,25,12,24816.5,SL,-12.0,2,09:30-09:45
2026-03-12,NQ,OR15High,reject,short,TP40_SL20,40,20,24816.5,TP,40.0,6,09:30-09:45
2026-03-13,NQ,OR15Low,breakout,long,TP25_SL12,25,12,24662.0,TP,25.0,0,09:30-09:45
2026-03-13,NQ,OR15Low,breakout,long,TP40_SL20,40,20,24662.0,SL,-20.0,2,09:30-09:45
2026-03-13,NQ,VWAP,reject,short,TP25_SL12,25,12,24662.0,SL,-12.0,0,09:30-09:45
2026-03-13,NQ,VWAP,reject,short,TP40_SL20,40,20,24662.0,SL,-20.0,0,09:30-09:45
2026-03-13,NQ,OR15Low,reject,short,TP25_SL12,25,12,24676.75,SL,-12.0,1,09:30-09:45
2026-03-13,NQ,OR15Low,reject,short,TP40_SL20,40,20,24676.75,SL,-20.0,1,09:30-09:45
2026-03-13,NQ,GlobexHigh,breakout,long,TP25_SL12,25,12,24796.0,SL,-12.0,0,09:45-10:00
2026-03-13,NQ,GlobexHigh,breakout,long,TP40_SL20,40,20,24796.0,SL,-20.0,1,09:45-10:00
2026-03-13,NQ,GlobexHigh,reject,short,TP25_SL12,25,12,24787.25,TP,25.0,2,09:45-10:00
2026-03-13,NQ,GlobexHigh,reject,short,TP40_SL20,40,20,24787.25,TP,40.0,3,09:45-10:00
2026-03-13,NQ,OR15High,reject,short,TP25_SL12,25,12,24787.25,TP,25.0,2,09:45-10:00
2026-03-13,NQ,OR15High,reject,short,TP40_SL20,40,20,24787.25,TP,40.0,3,09:45-10:00
2026-03-13,NQ,PriorRTHLow,breakout,long,TP25_SL12,25,12,24585.0,SL,-12.0,0,10:30-11:00
2026-03-13,NQ,PriorRTHLow,breakout,long,TP40_SL20,40,20,24585.0,SL,-20.0,0,10:30-11:00
2026-03-13,NQ,PriorRTHLow,reject,short,TP25_SL12,25,12,24568.25,SL,-12.0,0,10:30-11:00
2026-03-13,NQ,PriorRTHLow,reject,short,TP40_SL20,40,20,24568.25,SL,-20.0,1,10:30-11:00
2026-03-13,NQ,GlobexLow,breakout,long,TP25_SL12,25,12,24449.5,TP,25.0,1,11:00-12:00
2026-03-13,NQ,GlobexLow,breakout,long,TP40_SL20,40,20,24449.5,SL,-20.0,4,11:00-12:00
2026-03-13,NQ,GlobexLow,reject,short,TP25_SL12,25,12,24434.0,SL,-12.0,0,11:00-12:00
2026-03-13,NQ,GlobexLow,reject,short,TP40_SL20,40,20,24434.0,TP,40.0,8,11:00-12:00
2026-03-16,NQ,OR15Low,breakout,long,TP25_SL12,25,12,24685.75,TP,25.0,2,09:30-09:45
2026-03-16,NQ,OR15Low,breakout,long,TP40_SL20,40,20,24685.75,SL,-20.0,10,09:30-09:45
2026-03-16,NQ,GlobexHigh,reject,short,TP25_SL12,25,12,24691.25,SL,-12.0,0,09:30-09:45
2026-03-16,NQ,GlobexHigh,reject,short,TP40_SL20,40,20,24691.25,SL,-20.0,0,09:30-09:45
2026-03-16,NQ,OR15High,reject,short,TP25_SL12,25,12,24691.25,SL,-12.0,0,09:30-09:45
2026-03-16,NQ,OR15High,reject,short,TP40_SL20,40,20,24691.25,SL,-20.0,0,09:30-09:45
2026-03-16,NQ,VWAP,reject,short,TP25_SL12,25,12,24691.25,SL,-12.0,0,09:30-09:45
2026-03-16,NQ,VWAP,reject,short,TP40_SL20,40,20,24691.25,SL,-20.0,0,09:30-09:45
2026-03-16,NQ,OR15Low,reject,short,TP25_SL12,25,12,24660.25,SL,-12.0,0,10:30-11:00
2026-03-16,NQ,OR15Low,reject,short,TP40_SL20,40,20,24660.25,SL,-20.0,0,10:30-11:00
2026-03-16,NQ,PriorRTHHigh,reject,short,TP25_SL12,25,12,24770.25,TP,25.0,0,14:00-close
2026-03-16,NQ,PriorRTHHigh,reject,short,TP40_SL20,40,20,24770.25,TP,40.0,1,14:00-close
2026-03-17,NQ,OR15Low,breakout,long,TP25_SL12,25,12,24840.75,SL,-12.0,0,09:30-09:45
2026-03-17,NQ,OR15Low,breakout,long,TP40_SL20,40,20,24840.75,TP,40.0,13,09:30-09:45
2026-03-17,NQ,PriorRTHHigh,breakout,long,TP25_SL12,25,12,24849.75,SL,-12.0,0,09:30-09:45
2026-03-17,NQ,PriorRTHHigh,breakout,long,TP40_SL20,40,20,24849.75,SL,-20.0,2,09:30-09:45
2026-03-17,NQ,VWAP,breakout,long,TP25_SL12,25,12,24849.75,SL,-12.0,0,09:30-09:45
2026-03-17,NQ,VWAP,breakout,long,TP40_SL20,40,20,24849.75,SL,-20.0,2,09:30-09:45
2026-03-17,NQ,PriorRTHHigh,reject,short,TP25_SL12,25,12,24838.75,SL,-12.0,0,09:30-09:45
2026-03-17,NQ,PriorRTHHigh,reject,short,TP40_SL20,40,20,24838.75,SL,-20.0,10,09:30-09:45
2026-03-17,NQ,OR15High,reject,short,TP25_SL12,25,12,24838.75,SL,-12.0,0,09:30-09:45
2026-03-17,NQ,OR15High,reject,short,TP40_SL20,40,20,24838.75,SL,-20.0,10,09:30-09:45
2026-03-17,NQ,VWAP,reject,short,TP25_SL12,25,12,24838.75,SL,-12.0,0,09:30-09:45
2026-03-17,NQ,VWAP,reject,short,TP40_SL20,40,20,24838.75,SL,-20.0,10,09:30-09:45
2026-03-17,NQ,OR15Low,reject,short,TP25_SL12,25,12,24744.75,SL,-12.0,1,11:00-12:00
2026-03-17,NQ,OR15Low,reject,short,TP40_SL20,40,20,24744.75,SL,-20.0,1,11:00-12:00
2026-03-18,NQ,OR15Low,breakout,long,TP25_SL12,25,12,24724.25,TP,25.0,3,09:30-09:45
2026-03-18,NQ,OR15Low,breakout,long,TP40_SL20,40,20,24724.25,TP,40.0,6,09:30-09:45
2026-03-18,NQ,VWAP,breakout,long,TP25_SL12,25,12,24753.25,SL,-12.0,0,09:30-09:45
2026-03-18,NQ,VWAP,breakout,long,TP40_SL20,40,20,24753.25,SL,-20.0,4,09:30-09:45
2026-03-18,NQ,PriorRTHLow,reject,short,TP25_SL12,25,12,24744.5,SL,-12.0,0,09:30-09:45
2026-03-18,NQ,PriorRTHLow,reject,short,TP40_SL20,40,20,24744.5,SL,-20.0,0,09:30-09:45
2026-03-18,NQ,OR15High,reject,short,TP25_SL12,25,12,24744.5,SL,-12.0,0,09:30-09:45
2026-03-18,NQ,OR15High,reject,short,TP40_SL20,40,20,24744.5,SL,-20.0,0,09:30-09:45
2026-03-18,NQ,VWAP,reject,short,TP25_SL12,25,12,24744.5,SL,-12.0,0,09:30-09:45
2026-03-18,NQ,VWAP,reject,short,TP40_SL20,40,20,24744.5,SL,-20.0,0,09:30-09:45
2026-03-18,NQ,OR15Low,reject,short,TP25_SL12,25,12,24675.75,SL,-12.0,0,10:00-10:30
2026-03-18,NQ,OR15Low,reject,short,TP40_SL20,40,20,24675.75,SL,-20.0,1,10:00-10:30
2026-03-19,NQ,OR15Low,breakout,long,TP25_SL12,25,12,24135.75,SL,-12.0,2,09:30-09:45
2026-03-19,NQ,OR15Low,breakout,long,TP40_SL20,40,20,24135.75,SL,-20.0,3,09:30-09:45
2026-03-19,NQ,VWAP,reject,short,TP25_SL12,25,12,24135.75,SL,-12.0,0,09:30-09:45
2026-03-19,NQ,VWAP,reject,short,TP40_SL20,40,20,24135.75,SL,-20.0,0,09:30-09:45
2026-03-19,NQ,GlobexLow,reject,short,TP25_SL12,25,12,24147.75,TP,25.0,1,09:30-09:45
2026-03-19,NQ,GlobexLow,reject,short,TP40_SL20,40,20,24147.75,SL,-20.0,4,09:30-09:45
2026-03-19,NQ,OR15Low,reject,short,TP25_SL12,25,12,24170.75,SL,-12.0,0,09:30-09:45
2026-03-19,NQ,OR15Low,reject,short,TP40_SL20,40,20,24170.75,SL,-20.0,0,09:30-09:45
2026-03-19,NQ,OR15High,reject,short,TP25_SL12,25,12,24223.75,SL,-12.0,1,09:30-09:45
2026-03-19,NQ,OR15High,reject,short,TP40_SL20,40,20,24223.75,TP,40.0,3,09:30-09:45
2026-03-19,NQ,GlobexHigh,reject,short,TP25_SL12,25,12,24414.5,SL,-12.0,0,14:00-close
2026-03-19,NQ,GlobexHigh,reject,short,TP40_SL20,40,20,24414.5,SL,-20.0,0,14:00-close
2026-03-19,NQ,PriorRTHLow,reject,short,TP25_SL12,25,12,24414.5,SL,-12.0,0,14:00-close
2026-03-19,NQ,PriorRTHLow,reject,short,TP40_SL20,40,20,24414.5,SL,-20.0,0,14:00-close
2026-03-23,NQ,PriorRTHHigh,reject,short,TP25_SL12,25,12,24465.75,SL,-12.0,0,09:30-09:45
2026-03-23,NQ,PriorRTHHigh,reject,short,TP40_SL20,40,20,24465.75,SL,-20.0,0,09:30-09:45
2026-03-23,NQ,OR15Low,breakout,long,TP25_SL12,25,12,24465.75,TP,25.0,0,09:30-09:45
2026-03-23,NQ,OR15Low,breakout,long,TP40_SL20,40,20,24465.75,SL,-20.0,2,09:30-09:45
2026-03-23,NQ,VWAP,reject,short,TP25_SL12,25,12,24465.75,SL,-12.0,0,09:30-09:45
2026-03-23,NQ,VWAP,reject,short,TP40_SL20,40,20,24465.75,SL,-20.0,0,09:30-09:45
2026-03-23,NQ,OR15High,reject,short,TP25_SL12,25,12,24516.0,TP,25.0,0,09:30-09:45
2026-03-23,NQ,OR15High,reject,short,TP40_SL20,40,20,24516.0,TP,40.0,0,09:30-09:45
2026-03-23,NQ,OR15Low,reject,short,TP25_SL12,25,12,24465.75,TP,25.0,0,11:00-12:00
2026-03-23,NQ,OR15Low,reject,short,TP40_SL20,40,20,24465.75,TP,40.0,1,11:00-12:00
2026-03-24,NQ,PriorRTHLow,reject,short,TP25_SL12,25,12,24289.5,SL,-12.0,1,09:30-09:45
2026-03-24,NQ,PriorRTHLow,reject,short,TP40_SL20,40,20,24289.5,SL,-20.0,2,09:30-09:45
2026-03-24,NQ,OR15High,reject,short,TP25_SL12,25,12,24289.5,SL,-12.0,1,09:30-09:45
2026-03-24,NQ,OR15High,reject,short,TP40_SL20,40,20,24289.5,SL,-20.0,2,09:30-09:45
2026-03-24,NQ,VWAP,reject,short,TP25_SL12,25,12,24289.5,SL,-12.0,1,09:30-09:45
2026-03-24,NQ,VWAP,reject,short,TP40_SL20,40,20,24289.5,SL,-20.0,2,09:30-09:45
2026-03-24,NQ,GlobexLow,breakout,long,TP25_SL12,25,12,24247.0,SL,-12.0,0,09:30-09:45
2026-03-24,NQ,GlobexLow,breakout,long,TP40_SL20,40,20,24247.0,SL,-20.0,2,09:30-09:45
2026-03-24,NQ,OR15Low,breakout,long,TP25_SL12,25,12,24178.5,SL,-12.0,0,09:30-09:45
2026-03-24,NQ,OR15Low,breakout,long,TP40_SL20,40,20,24178.5,SL,-20.0,0,09:30-09:45
2026-03-24,NQ,GlobexLow,reject,short,TP25_SL12,25,12,24142.0,SL,-12.0,0,09:30-09:45
2026-03-24,NQ,GlobexLow,reject,short,TP40_SL20,40,20,24142.0,SL,-20.0,0,09:30-09:45
2026-03-24,NQ,OR15Low,reject,short,TP25_SL12,25,12,24174.25,SL,-12.0,0,09:30-09:45
2026-03-24,NQ,OR15Low,reject,short,TP40_SL20,40,20,24174.25,SL,-20.0,1,09:30-09:45
2026-03-25,NQ,OR15Low,breakout,long,TP25_SL12,25,12,24460.25,SL,-12.0,0,09:30-09:45
2026-03-25,NQ,OR15Low,breakout,long,TP40_SL20,40,20,24460.25,SL,-20.0,0,09:30-09:45
2026-03-25,NQ,VWAP,reject,short,TP25_SL12,25,12,24460.25,TP,25.0,0,09:30-09:45
2026-03-25,NQ,VWAP,reject,short,TP40_SL20,40,20,24460.25,SL,-20.0,2,09:30-09:45
2026-03-25,NQ,PriorRTHHigh,breakout,long,TP25_SL12,25,12,24437.75,TP,25.0,0,09:30-09:45
2026-03-25,NQ,PriorRTHHigh,breakout,long,TP40_SL20,40,20,24437.75,TP,40.0,1,09:30-09:45
2026-03-25,NQ,GlobexHigh,reject,short,TP25_SL12,25,12,24503.5,TP,25.0,0,09:30-09:45
2026-03-25,NQ,GlobexHigh,reject,short,TP40_SL20,40,20,24503.5,TP,40.0,5,09:30-09:45
2026-03-25,NQ,OR15High,reject,short,TP25_SL12,25,12,24503.5,TP,25.0,0,09:30-09:45
2026-03-25,NQ,OR15High,reject,short,TP40_SL20,40,20,24503.5,TP,40.0,5,09:30-09:45
2026-03-25,NQ,OR15Low,reject,short,TP25_SL12,25,12,24379.75,SL,-12.0,0,09:45-10:00
2026-03-25,NQ,OR15Low,reject,short,TP40_SL20,40,20,24379.75,SL,-20.0,0,09:45-10:00
2026-03-25,NQ,PriorRTHHigh,reject,short,TP25_SL12,25,12,24377.25,SL,-12.0,1,09:45-10:00
2026-03-25,NQ,PriorRTHHigh,reject,short,TP40_SL20,40,20,24377.25,SL,-20.0,1,09:45-10:00
2026-03-25,NQ,GlobexLow,breakout,long,TP25_SL12,25,12,24291.5,TP,25.0,0,11:00-12:00
2026-03-25,NQ,GlobexLow,breakout,long,TP40_SL20,40,20,24291.5,TP,40.0,2,11:00-12:00
2026-03-26,NQ,OR15Low,breakout,long,TP25_SL12,25,12,24103.0,SL,-12.0,0,09:30-09:45
2026-03-26,NQ,OR15Low,breakout,long,TP40_SL20,40,20,24103.0,SL,-20.0,6,09:30-09:45
2026-03-26,NQ,VWAP,reject,short,TP25_SL12,25,12,24103.0,SL,-12.0,1,09:30-09:45
2026-03-26,NQ,VWAP,reject,short,TP40_SL20,40,20,24103.0,SL,-20.0,1,09:30-09:45
2026-03-26,NQ,OR15Low,reject,short,TP25_SL12,25,12,24080.75,SL,-12.0,0,09:30-09:45
2026-03-26,NQ,OR15Low,reject,short,TP40_SL20,40,20,24080.75,SL,-20.0,0,09:30-09:45
2026-03-26,NQ,OR15High,reject,short,TP25_SL12,25,12,24172.25,TP,25.0,1,09:45-10:00
2026-03-26,NQ,OR15High,reject,short,TP40_SL20,40,20,24172.25,SL,-20.0,1,09:45-10:00
2026-03-26,NQ,GlobexLow,breakout,long,TP25_SL12,25,12,23860.75,TP,25.0,1,14:00-close
2026-03-26,NQ,GlobexLow,breakout,long,TP40_SL20,40,20,23860.75,TP,40.0,3,14:00-close
2026-03-26,NQ,GlobexLow,reject,short,TP25_SL12,25,12,23817.75,SL,-12.0,3,14:00-close
2026-03-26,NQ,GlobexLow,reject,short,TP40_SL20,40,20,23817.75,SL,-20.0,5,14:00-close
2026-03-27,NQ,GlobexLow,breakout,long,TP25_SL12,25,12,23607.0,SL,-12.0,0,09:30-09:45
2026-03-27,NQ,GlobexLow,breakout,long,TP40_SL20,40,20,23607.0,SL,-20.0,0,09:30-09:45
2026-03-27,NQ,OR15High,reject,short,TP25_SL12,25,12,23607.0,TP,25.0,0,09:30-09:45
2026-03-27,NQ,OR15High,reject,short,TP40_SL20,40,20,23607.0,TP,40.0,1,09:30-09:45
2026-03-27,NQ,VWAP,reject,short,TP25_SL12,25,12,23607.0,TP,25.0,0,09:30-09:45
2026-03-27,NQ,VWAP,reject,short,TP40_SL20,40,20,23607.0,TP,40.0,1,09:30-09:45
2026-03-27,NQ,OR15Low,breakout,long,TP25_SL12,25,12,23564.75,SL,-12.0,0,09:30-09:45
2026-03-27,NQ,OR15Low,breakout,long,TP40_SL20,40,20,23564.75,SL,-20.0,0,09:30-09:45
2026-03-27,NQ,GlobexLow,reject,short,TP25_SL12,25,12,23554.0,SL,-12.0,0,09:30-09:45
2026-03-27,NQ,GlobexLow,reject,short,TP40_SL20,40,20,23554.0,SL,-20.0,1,09:30-09:45
2026-03-27,NQ,OR15Low,reject,short,TP25_SL12,25,12,23525.75,TP,25.0,0,09:45-10:00
2026-03-27,NQ,OR15Low,reject,short,TP40_SL20,40,20,23525.75,TP,40.0,1,09:45-10:00
2026-03-30,NQ,OR15High,reject,short,TP25_SL12,25,12,23504.75,TP,25.0,1,09:30-09:45
2026-03-30,NQ,OR15High,reject,short,TP40_SL20,40,20,23504.75,TP,40.0,1,09:30-09:45
2026-03-30,NQ,VWAP,reject,short,TP25_SL12,25,12,23504.75,TP,25.0,1,09:30-09:45
2026-03-30,NQ,VWAP,reject,short,TP40_SL20,40,20,23504.75,TP,40.0,1,09:30-09:45
2026-03-30,NQ,OR15Low,breakout,long,TP25_SL12,25,12,23433.5,SL,-12.0,0,09:30-09:45
2026-03-30,NQ,OR15Low,breakout,long,TP40_SL20,40,20,23433.5,SL,-20.0,0,09:30-09:45
2026-03-30,NQ,OR15Low,reject,short,TP25_SL12,25,12,23363.25,SL,-12.0,0,09:45-10:00
2026-03-30,NQ,OR15Low,reject,short,TP40_SL20,40,20,23363.25,SL,-20.0,0,09:45-10:00
2026-03-30,NQ,PriorRTHLow,breakout,long,TP25_SL12,25,12,23316.0,SL,-12.0,0,09:45-10:00
2026-03-30,NQ,PriorRTHLow,breakout,long,TP40_SL20,40,20,23316.0,SL,-20.0,1,09:45-10:00
2026-03-30,NQ,PriorRTHLow,reject,short,TP25_SL12,25,12,23274.25,SL,-12.0,0,10:30-11:00
2026-03-30,NQ,PriorRTHLow,reject,short,TP40_SL20,40,20,23274.25,SL,-20.0,1,10:30-11:00
2026-03-31,NQ,OR15Low,breakout,long,TP25_SL12,25,12,23389.5,TP,25.0,0,09:30-09:45
2026-03-31,NQ,OR15Low,breakout,long,TP40_SL20,40,20,23389.5,TP,40.0,1,09:30-09:45
2026-03-31,NQ,VWAP,reject,short,TP25_SL12,25,12,23389.5,SL,-12.0,0,09:30-09:45
2026-03-31,NQ,VWAP,reject,short,TP40_SL20,40,20,23389.5,SL,-20.0,0,09:30-09:45
2026-03-31,NQ,OR15High,reject,short,TP25_SL12,25,12,23427.25,TP,25.0,0,09:30-09:45
2026-03-31,NQ,OR15High,reject,short,TP40_SL20,40,20,23427.25,SL,-20.0,1,09:30-09:45
2026-03-31,NQ,PriorRTHHigh,reject,short,TP25_SL12,25,12,23513.0,SL,-12.0,2,09:45-10:00
2026-03-31,NQ,PriorRTHHigh,reject,short,TP40_SL20,40,20,23513.0,SL,-20.0,2,09:45-10:00
2026-03-31,NQ,OR15Low,reject,short,TP25_SL12,25,12,23381.25,SL,-12.0,0,10:30-11:00
2026-03-31,NQ,OR15Low,reject,short,TP40_SL20,40,20,23381.25,SL,-20.0,0,10:30-11:00
2026-04-01,NQ,OR15Low,breakout,long,TP25_SL12,25,12,24123.75,TP,25.0,1,09:30-09:45
2026-04-01,NQ,OR15Low,breakout,long,TP40_SL20,40,20,24123.75,TP,40.0,3,09:30-09:45
2026-04-01,NQ,VWAP,breakout,long,TP25_SL12,25,12,24142.0,TP,25.0,2,09:30-09:45
2026-04-01,NQ,VWAP,breakout,long,TP40_SL20,40,20,24142.0,TP,40.0,4,09:30-09:45
2026-04-01,NQ,VWAP,reject,short,TP25_SL12,25,12,24164.25,SL,-12.0,0,09:30-09:45
2026-04-01,NQ,VWAP,reject,short,TP40_SL20,40,20,24164.25,SL,-20.0,1,09:30-09:45
2026-04-01,NQ,OR15High,reject,short,TP25_SL12,25,12,24157.5,TP,25.0,1,09:30-09:45
2026-04-01,NQ,OR15High,reject,short,TP40_SL20,40,20,24157.5,TP,40.0,1,09:30-09:45
2026-04-01,NQ,GlobexHigh,reject,short,TP25_SL12,25,12,24187.5,SL,-12.0,0,10:30-11:00
2026-04-01,NQ,GlobexHigh,reject,short,TP40_SL20,40,20,24187.5,SL,-20.0,1,10:30-11:00
2026-04-02,NQ,OR15High,reject,short,TP25_SL12,25,12,23776.75,SL,-12.0,0,09:30-09:45
2026-04-02,NQ,OR15High,reject,short,TP40_SL20,40,20,23776.75,TP,40.0,2,09:30-09:45
2026-04-02,NQ,VWAP,reject,short,TP25_SL12,25,12,23776.75,SL,-12.0,0,09:30-09:45
2026-04-02,NQ,VWAP,reject,short,TP40_SL20,40,20,23776.75,TP,40.0,2,09:30-09:45
2026-04-02,NQ,OR15Low,breakout,long,TP25_SL12,25,12,23718.25,SL,-12.0,0,09:30-09:45
2026-04-02,NQ,OR15Low,breakout,long,TP40_SL20,40,20,23718.25,SL,-20.0,0,09:30-09:45
2026-04-02,NQ,GlobexLow,breakout,long,TP25_SL12,25,12,23689.25,TP,25.0,1,09:30-09:45
2026-04-02,NQ,GlobexLow,breakout,long,TP40_SL20,40,20,23689.25,TP,40.0,1,09:30-09:45
2026-04-02,NQ,OR15Low,reject,short,TP25_SL12,25,12,23706.0,SL,-12.0,2,09:30-09:45
2026-04-02,NQ,OR15Low,reject,short,TP40_SL20,40,20,23706.0,SL,-20.0,2,09:30-09:45
2026-04-02,NQ,PriorRTHLow,reject,short,TP25_SL12,25,12,24018.25,SL,-12.0,0,10:30-11:00
2026-04-02,NQ,PriorRTHLow,reject,short,TP40_SL20,40,20,24018.25,SL,-20.0,0,10:30-11:00
2026-04-02,NQ,GlobexHigh,reject,short,TP25_SL12,25,12,24156.5,SL,-12.0,0,10:30-11:00
2026-04-02,NQ,GlobexHigh,reject,short,TP40_SL20,40,20,24156.5,SL,-20.0,0,10:30-11:00
2026-04-06,NQ,PriorRTHHigh,breakout,long,TP25_SL12,25,12,24316.5,TP,25.0,0,09:30-09:45
2026-04-06,NQ,PriorRTHHigh,breakout,long,TP40_SL20,40,20,24316.5,TP,40.0,0,09:30-09:45
2026-04-06,NQ,OR15High,reject,short,TP25_SL12,25,12,24316.5,SL,-12.0,0,09:30-09:45
2026-04-06,NQ,OR15High,reject,short,TP40_SL20,40,20,24316.5,SL,-20.0,0,09:30-09:45
2026-04-06,NQ,VWAP,reject,short,TP25_SL12,25,12,24354.5,TP,25.0,0,09:30-09:45
2026-04-06,NQ,VWAP,reject,short,TP40_SL20,40,20,24354.5,TP,40.0,1,09:30-09:45
2026-04-06,NQ,OR15Low,breakout,long,TP25_SL12,25,12,24253.0,TP,25.0,0,09:30-09:45
2026-04-06,NQ,OR15Low,breakout,long,TP40_SL20,40,20,24253.0,TP,40.0,2,09:30-09:45
2026-04-06,NQ,PriorRTHHigh,reject,short,TP25_SL12,25,12,24266.75,SL,-12.0,0,09:30-09:45
2026-04-06,NQ,PriorRTHHigh,reject,short,TP40_SL20,40,20,24266.75,SL,-20.0,0,09:30-09:45
2026-04-06,NQ,OR15Low,reject,short,TP25_SL12,25,12,24290.25,SL,-12.0,0,09:30-09:45
2026-04-06,NQ,OR15Low,reject,short,TP40_SL20,40,20,24290.25,SL,-20.0,0,09:30-09:45
2026-04-06,NQ,GlobexHigh,reject,short,TP25_SL12,25,12,24370.5,SL,-12.0,3,09:45-10:00
2026-04-06,NQ,GlobexHigh,reject,short,TP40_SL20,40,20,24370.5,SL,-20.0,3,09:45-10:00
2026-04-07,NQ,PriorRTHLow,reject,short,TP25_SL12,25,12,24219.0,SL,-12.0,0,09:30-09:45
2026-04-07,NQ,PriorRTHLow,reject,short,TP40_SL20,40,20,24219.0,SL,-20.0,3,09:30-09:45
2026-04-07,NQ,VWAP,reject,short,TP25_SL12,25,12,24219.0,SL,-12.0,0,09:30-09:45
2026-04-07,NQ,VWAP,reject,short,TP40_SL20,40,20,24219.0,SL,-20.0,3,09:30-09:45
2026-04-07,NQ,OR15Low,breakout,long,TP25_SL12,25,12,24222.25,SL,-12.0,1,09:30-09:45
2026-04-07,NQ,OR15Low,breakout,long,TP40_SL20,40,20,24222.25,SL,-20.0,1,09:30-09:45
2026-04-07,NQ,OR15Low,reject,short,TP25_SL12,25,12,24206.0,TP,25.0,1,09:30-09:45
2026-04-07,NQ,OR15Low,reject,short,TP40_SL20,40,20,24206.0,TP,40.0,3,09:30-09:45
2026-04-07,NQ,GlobexLow,breakout,long,TP25_SL12,25,12,24190.25,SL,-12.0,0,09:45-10:00
2026-04-07,NQ,GlobexLow,breakout,long,TP40_SL20,40,20,24190.25,SL,-20.0,1,09:45-10:00
2026-04-07,NQ,GlobexLow,reject,short,TP25_SL12,25,12,24103.75,TP,25.0,3,10:00-10:30
2026-04-07,NQ,GlobexLow,reject,short,TP40_SL20,40,20,24103.75,TP,40.0,4,10:00-10:30
2026-04-07,NQ,OR15High,reject,short,TP25_SL12,25,12,24274.0,TP,25.0,2,12:00-14:00
2026-04-07,NQ,OR15High,reject,short,TP40_SL20,40,20,24274.0,TP,40.0,5,12:00-14:00
2026-04-08,NQ,OR15Low,breakout,long,TP25_SL12,25,12,25151.5,SL,-12.0,0,09:30-09:45
2026-04-08,NQ,OR15Low,breakout,long,TP40_SL20,40,20,25151.5,SL,-20.0,5,09:30-09:45
2026-04-08,NQ,VWAP,reject,short,TP25_SL12,25,12,25151.5,SL,-12.0,1,09:30-09:45
2026-04-08,NQ,VWAP,reject,short,TP40_SL20,40,20,25151.5,SL,-20.0,1,09:30-09:45
2026-04-08,NQ,OR15Low,reject,short,TP25_SL12,25,12,25099.25,SL,-12.0,0,09:45-10:00
2026-04-08,NQ,OR15Low,reject,short,TP40_SL20,40,20,25099.25,SL,-20.0,1,09:45-10:00
2026-04-08,NQ,GlobexLow,breakout,long,TP25_SL12,25,12,25051.75,SL,-12.0,0,10:30-11:00
2026-04-08,NQ,GlobexLow,breakout,long,TP40_SL20,40,20,25051.75,SL,-20.0,3,10:30-11:00
2026-04-08,NQ,GlobexLow,reject,short,TP25_SL12,25,12,24966.5,TP,25.0,0,10:30-11:00
2026-04-08,NQ,GlobexLow,reject,short,TP40_SL20,40,20,24966.5,TP,40.0,0,10:30-11:00
2026-04-09,NQ,OR15High,reject,short,TP25_SL12,25,12,25048.0,TP,25.0,1,09:30-09:45
2026-04-09,NQ,OR15High,reject,short,TP40_SL20,40,20,25048.0,SL,-20.0,4,09:30-09:45
2026-04-09,NQ,OR15Low,breakout,long,TP25_SL12,25,12,25048.0,SL,-12.0,1,09:30-09:45
2026-04-09,NQ,OR15Low,breakout,long,TP40_SL20,40,20,25048.0,SL,-20.0,1,09:30-09:45
2026-04-09,NQ,VWAP,reject,short,TP25_SL12,25,12,25048.0,TP,25.0,1,09:30-09:45
2026-04-09,NQ,VWAP,reject,short,TP40_SL20,40,20,25048.0,SL,-20.0,4,09:30-09:45
2026-04-09,NQ,OR15Low,reject,short,TP25_SL12,25,12,25028.25,SL,-12.0,0,09:30-09:45
2026-04-09,NQ,OR15Low,reject,short,TP40_SL20,40,20,25028.25,SL,-20.0,0,09:30-09:45
2026-04-09,NQ,GlobexLow,breakout,long,TP25_SL12,25,12,25015.0,SL,-12.0,0,10:00-10:30
2026-04-09,NQ,GlobexLow,breakout,long,TP40_SL20,40,20,25015.0,SL,-20.0,5,10:00-10:30
2026-04-09,NQ,PriorRTHLow,breakout,long,TP25_SL12,25,12,24989.25,SL,-12.0,6,10:00-10:30
2026-04-09,NQ,PriorRTHLow,breakout,long,TP40_SL20,40,20,24989.25,SL,-20.0,6,10:00-10:30
2026-04-09,NQ,GlobexLow,reject,short,TP25_SL12,25,12,24970.75,SL,-12.0,5,10:30-11:00
2026-04-09,NQ,GlobexLow,reject,short,TP40_SL20,40,20,24970.75,SL,-20.0,8,10:30-11:00
2026-04-09,NQ,PriorRTHHigh,reject,short,TP25_SL12,25,12,25236.75,SL,-12.0,4,12:00-14:00
2026-04-09,NQ,PriorRTHHigh,reject,short,TP40_SL20,40,20,25236.75,TP,40.0,28,12:00-14:00
2026-04-10,NQ,OR15Low,breakout,long,TP25_SL12,25,12,25357.75,SL,-12.0,1,09:30-09:45
2026-04-10,NQ,OR15Low,breakout,long,TP40_SL20,40,20,25357.75,SL,-20.0,1,09:30-09:45
2026-04-10,NQ,GlobexHigh,reject,short,TP25_SL12,25,12,25337.0,SL,-12.0,2,09:30-09:45
2026-04-10,NQ,GlobexHigh,reject,short,TP40_SL20,40,20,25337.0,SL,-20.0,3,09:30-09:45
2026-04-10,NQ,OR15High,reject,short,TP25_SL12,25,12,25337.0,SL,-12.0,2,09:30-09:45
2026-04-10,NQ,OR15High,reject,short,TP40_SL20,40,20,25337.0,SL,-20.0,3,09:30-09:45
2026-04-10,NQ,VWAP,reject,short,TP25_SL12,25,12,25337.0,SL,-12.0,2,09:30-09:45
2026-04-10,NQ,VWAP,reject,short,TP40_SL20,40,20,25337.0,SL,-20.0,3,09:30-09:45
2026-04-10,NQ,PriorRTHHigh,breakout,long,TP25_SL12,25,12,25313.75,TP,25.0,1,09:30-09:45
2026-04-10,NQ,PriorRTHHigh,breakout,long,TP40_SL20,40,20,25313.75,TP,40.0,2,09:30-09:45
2026-04-10,NQ,OR15Low,reject,short,TP25_SL12,25,12,25318.75,SL,-12.0,2,09:30-09:45
2026-04-10,NQ,OR15Low,reject,short,TP40_SL20,40,20,25318.75,SL,-20.0,2,09:30-09:45
2026-04-10,NQ,PriorRTHHigh,reject,short,TP25_SL12,25,12,25272.75,SL,-12.0,1,10:00-10:30
2026-04-10,NQ,PriorRTHHigh,reject,short,TP40_SL20,40,20,25272.75,SL,-20.0,1,10:00-10:30
2026-04-10,NQ,GlobexLow,breakout,long,TP25_SL12,25,12,25253.0,TP,25.0,12,11:00-12:00
2026-04-10,NQ,GlobexLow,breakout,long,TP40_SL20,40,20,25253.0,TP,40.0,15,11:00-12:00
2026-04-13,NQ,PriorRTHLow,reject,short,TP25_SL12,25,12,25203.25,SL,-12.0,0,09:30-09:45
2026-04-13,NQ,PriorRTHLow,reject,short,TP40_SL20,40,20,25203.25,SL,-20.0,1,09:30-09:45
2026-04-13,NQ,OR15High,reject,short,TP25_SL12,25,12,25203.25,SL,-12.0,0,09:30-09:45
2026-04-13,NQ,OR15High,reject,short,TP40_SL20,40,20,25203.25,SL,-20.0,1,09:30-09:45
2026-04-13,NQ,OR15Low,breakout,long,TP25_SL12,25,12,25203.25,TP,25.0,1,09:30-09:45
2026-04-13,NQ,OR15Low,breakout,long,TP40_SL20,40,20,25203.25,SL,-20.0,3,09:30-09:45
2026-04-13,NQ,VWAP,reject,short,TP25_SL12,25,12,25203.25,SL,-12.0,0,09:30-09:45
2026-04-13,NQ,VWAP,reject,short,TP40_SL20,40,20,25203.25,SL,-20.0,1,09:30-09:45
2026-04-13,NQ,OR15Low,reject,short,TP25_SL12,25,12,25198.75,SL,-12.0,0,09:30-09:45
2026-04-13,NQ,OR15Low,reject,short,TP40_SL20,40,20,25198.75,SL,-20.0,5,09:30-09:45
2026-04-13,NQ,PriorRTHHigh,reject,short,TP25_SL12,25,12,25373.5,SL,-12.0,0,12:00-14:00
2026-04-13,NQ,PriorRTHHigh,reject,short,TP40_SL20,40,20,25373.5,SL,-20.0,0,12:00-14:00
2026-04-14,NQ,OR15Low,breakout,long,TP25_SL12,25,12,25705.0,TP,25.0,2,09:30-09:45
2026-04-14,NQ,OR15Low,breakout,long,TP40_SL20,40,20,25705.0,TP,40.0,2,09:30-09:45
2026-04-14,NQ,VWAP,breakout,long,TP25_SL12,25,12,25738.0,SL,-12.0,2,09:30-09:45
2026-04-14,NQ,VWAP,breakout,long,TP40_SL20,40,20,25738.0,SL,-20.0,2,09:30-09:45
2026-04-14,NQ,OR15High,reject,short,TP25_SL12,25,12,25708.0,SL,-12.0,0,09:30-09:45
2026-04-14,NQ,OR15High,reject,short,TP40_SL20,40,20,25708.0,SL,-20.0,1,09:30-09:45
2026-04-14,NQ,VWAP,reject,short,TP25_SL12,25,12,25708.0,SL,-12.0,0,09:30-09:45
2026-04-14,NQ,VWAP,reject,short,TP40_SL20,40,20,25708.0,SL,-20.0,1,09:30-09:45
2026-04-15,NQ,OR15Low,breakout,long,TP25_SL12,25,12,26034.25,SL,-12.0,0,09:30-09:45
2026-04-15,NQ,OR15Low,breakout,long,TP40_SL20,40,20,26034.25,SL,-20.0,1,09:30-09:45
2026-04-15,NQ,PriorRTHHigh,reject,short,TP25_SL12,25,12,26019.0,SL,-12.0,1,09:30-09:45
2026-04-15,NQ,PriorRTHHigh,reject,short,TP40_SL20,40,20,26019.0,SL,-20.0,3,09:30-09:45
2026-04-15,NQ,OR15High,reject,short,TP25_SL12,25,12,26019.0,SL,-12.0,1,09:30-09:45
2026-04-15,NQ,OR15High,reject,short,TP40_SL20,40,20,26019.0,SL,-20.0,3,09:30-09:45
2026-04-15,NQ,VWAP,reject,short,TP25_SL12,25,12,26019.0,SL,-12.0,1,09:30-09:45
2026-04-15,NQ,VWAP,reject,short,TP40_SL20,40,20,26019.0,SL,-20.0,3,09:30-09:45
2026-04-15,NQ,GlobexLow,breakout,long,TP25_SL12,25,12,25990.0,TP,25.0,0,09:45-10:00
2026-04-15,NQ,GlobexLow,breakout,long,TP40_SL20,40,20,25990.0,TP,40.0,2,09:45-10:00
2026-04-15,NQ,OR15Low,reject,short,TP25_SL12,25,12,26011.0,SL,-12.0,0,09:45-10:00
2026-04-15,NQ,OR15Low,reject,short,TP40_SL20,40,20,26011.0,SL,-20.0,1,09:45-10:00
2026-04-16,NQ,OR15Low,breakout,long,TP25_SL12,25,12,26392.0,SL,-12.0,0,09:30-09:45
2026-04-16,NQ,OR15Low,breakout,long,TP40_SL20,40,20,26392.0,SL,-20.0,3,09:30-09:45
2026-04-16,NQ,GlobexLow,breakout,long,TP25_SL12,25,12,26377.0,SL,-12.0,2,09:30-09:45
2026-04-16,NQ,GlobexLow,breakout,long,TP40_SL20,40,20,26377.0,SL,-20.0,7,09:30-09:45
2026-04-16,NQ,PriorRTHHigh,reject,short,TP25_SL12,25,12,26377.0,SL,-12.0,0,09:30-09:45
2026-04-16,NQ,PriorRTHHigh,reject,short,TP40_SL20,40,20,26377.0,SL,-20.0,0,09:30-09:45
2026-04-16,NQ,VWAP,reject,short,TP25_SL12,25,12,26377.0,SL,-12.0,0,09:30-09:45
2026-04-16,NQ,VWAP,reject,short,TP40_SL20,40,20,26377.0,SL,-20.0,0,09:30-09:45
2026-04-16,NQ,GlobexLow,reject,short,TP25_SL12,25,12,26377.0,SL,-12.0,1,09:30-09:45
2026-04-16,NQ,GlobexLow,reject,short,TP40_SL20,40,20,26377.0,SL,-20.0,1,09:30-09:45
2026-04-16,NQ,OR15Low,reject,short,TP25_SL12,25,12,26368.0,SL,-12.0,0,09:30-09:45
2026-04-16,NQ,OR15Low,reject,short,TP40_SL20,40,20,26368.0,SL,-20.0,1,09:30-09:45
2026-04-16,NQ,GlobexHigh,reject,short,TP25_SL12,25,12,26471.5,SL,-12.0,2,11:00-12:00
2026-04-16,NQ,GlobexHigh,reject,short,TP40_SL20,40,20,26471.5,SL,-20.0,2,11:00-12:00
2026-04-16,NQ,OR15High,reject,short,TP25_SL12,25,12,26471.5,SL,-12.0,2,11:00-12:00
2026-04-16,NQ,OR15High,reject,short,TP40_SL20,40,20,26471.5,SL,-20.0,2,11:00-12:00
2026-04-17,NQ,OR15High,reject,short,TP25_SL12,25,12,26681.0,TP,25.0,0,09:30-09:45
2026-04-17,NQ,OR15High,reject,short,TP40_SL20,40,20,26681.0,TP,40.0,0,09:30-09:45
2026-04-17,NQ,OR15Low,breakout,long,TP25_SL12,25,12,26681.0,SL,-12.0,0,09:30-09:45
2026-04-17,NQ,OR15Low,breakout,long,TP40_SL20,40,20,26681.0,SL,-20.0,0,09:30-09:45
2026-04-17,NQ,VWAP,reject,short,TP25_SL12,25,12,26681.0,TP,25.0,0,09:30-09:45
2026-04-17,NQ,VWAP,reject,short,TP40_SL20,40,20,26681.0,TP,40.0,0,09:30-09:45
2026-04-17,NQ,GlobexHigh,reject,short,TP25_SL12,25,12,26778.5,SL,-12.0,0,10:30-11:00
2026-04-17,NQ,GlobexHigh,reject,short,TP40_SL20,40,20,26778.5,SL,-20.0,3,10:30-11:00
2026-04-20,NQ,OR15Low,breakout,long,TP25_SL12,25,12,26766.25,TP,25.0,0,09:30-09:45
2026-04-20,NQ,OR15Low,breakout,long,TP40_SL20,40,20,26766.25,TP,40.0,1,09:30-09:45
2026-04-20,NQ,VWAP,reject,short,TP25_SL12,25,12,26766.25,SL,-12.0,0,09:30-09:45
2026-04-20,NQ,VWAP,reject,short,TP40_SL20,40,20,26766.25,SL,-20.0,0,09:30-09:45
2026-04-20,NQ,GlobexHigh,reject,short,TP25_SL12,25,12,26796.75,SL,-12.0,0,09:30-09:45
2026-04-20,NQ,GlobexHigh,reject,short,TP40_SL20,40,20,26796.75,TP,40.0,1,09:30-09:45
2026-04-20,NQ,OR15High,reject,short,TP25_SL12,25,12,26796.75,SL,-12.0,0,09:30-09:45
2026-04-20,NQ,OR15High,reject,short,TP40_SL20,40,20,26796.75,TP,40.0,1,09:30-09:45
2026-04-20,NQ,OR15Low,reject,short,TP25_SL12,25,12,26750.5,SL,-12.0,0,09:30-09:45
2026-04-20,NQ,OR15Low,reject,short,TP40_SL20,40,20,26750.5,SL,-20.0,10,09:30-09:45
2026-04-20,NQ,GlobexLow,breakout,long,TP25_SL12,25,12,26658.5,SL,-12.0,4,10:30-11:00
2026-04-20,NQ,GlobexLow,breakout,long,TP40_SL20,40,20,26658.5,SL,-20.0,4,10:30-11:00
2026-04-20,NQ,PriorRTHLow,breakout,long,TP25_SL12,25,12,26658.5,SL,-12.0,4,10:30-11:00
2026-04-20,NQ,PriorRTHLow,breakout,long,TP40_SL20,40,20,26658.5,SL,-20.0,4,10:30-11:00
2026-04-20,NQ,GlobexLow,reject,short,TP25_SL12,25,12,26659.75,SL,-12.0,0,10:30-11:00
2026-04-20,NQ,GlobexLow,reject,short,TP40_SL20,40,20,26659.75,TP,40.0,10,10:30-11:00
2026-04-20,NQ,PriorRTHLow,reject,short,TP25_SL12,25,12,26659.75,SL,-12.0,0,10:30-11:00
2026-04-20,NQ,PriorRTHLow,reject,short,TP40_SL20,40,20,26659.75,TP,40.0,10,10:30-11:00
2026-04-21,NQ,VWAP,reject,short,TP25_SL12,25,12,26749.75,SL,-12.0,0,09:30-09:45
2026-04-21,NQ,VWAP,reject,short,TP40_SL20,40,20,26749.75,SL,-20.0,10,09:30-09:45
2026-04-21,NQ,GlobexLow,breakout,long,TP25_SL12,25,12,26747.5,SL,-12.0,3,09:30-09:45
2026-04-21,NQ,GlobexLow,breakout,long,TP40_SL20,40,20,26747.5,TP,40.0,12,09:30-09:45
2026-04-21,NQ,OR15Low,breakout,long,TP25_SL12,25,12,26747.5,SL,-12.0,3,09:30-09:45
2026-04-21,NQ,OR15Low,breakout,long,TP40_SL20,40,20,26747.5,TP,40.0,12,09:30-09:45
2026-04-21,NQ,GlobexLow,reject,short,TP25_SL12,25,12,26750.5,SL,-12.0,0,09:30-09:45
2026-04-21,NQ,GlobexLow,reject,short,TP40_SL20,40,20,26750.5,SL,-20.0,6,09:30-09:45
2026-04-21,NQ,OR15Low,reject,short,TP25_SL12,25,12,26750.5,SL,-12.0,0,09:30-09:45
2026-04-21,NQ,OR15Low,reject,short,TP40_SL20,40,20,26750.5,SL,-20.0,6,09:30-09:45
2026-04-21,NQ,PriorRTHHigh,reject,short,TP25_SL12,25,12,26837.0,SL,-12.0,4,10:00-10:30
2026-04-21,NQ,PriorRTHHigh,reject,short,TP40_SL20,40,20,26837.0,SL,-20.0,4,10:00-10:30
2026-04-21,NQ,OR15High,reject,short,TP25_SL12,25,12,26837.0,SL,-12.0,4,10:00-10:30
2026-04-21,NQ,OR15High,reject,short,TP40_SL20,40,20,26837.0,SL,-20.0,4,10:00-10:30
2026-04-21,NQ,GlobexHigh,reject,short,TP25_SL12,25,12,26853.75,SL,-12.0,1,10:00-10:30
2026-04-21,NQ,GlobexHigh,reject,short,TP40_SL20,40,20,26853.75,SL,-20.0,2,10:00-10:30
2026-04-21,NQ,PriorRTHLow,breakout,long,TP25_SL12,25,12,26634.0,SL,-12.0,5,12:00-14:00
2026-04-21,NQ,PriorRTHLow,breakout,long,TP40_SL20,40,20,26634.0,SL,-20.0,6,12:00-14:00
2026-04-21,NQ,PriorRTHLow,reject,short,TP25_SL12,25,12,26588.75,SL,-12.0,0,14:00-close
2026-04-21,NQ,PriorRTHLow,reject,short,TP40_SL20,40,20,26588.75,SL,-20.0,1,14:00-close
2026-04-22,NQ,PriorRTHHigh,reject,short,TP25_SL12,25,12,26838.0,SL,-12.0,4,09:30-09:45
2026-04-22,NQ,PriorRTHHigh,reject,short,TP40_SL20,40,20,26838.0,SL,-20.0,10,09:30-09:45
2026-04-22,NQ,OR15High,reject,short,TP25_SL12,25,12,26838.0,SL,-12.0,4,09:30-09:45
2026-04-22,NQ,OR15High,reject,short,TP40_SL20,40,20,26838.0,SL,-20.0,10,09:30-09:45
2026-04-22,NQ,OR15Low,breakout,long,TP25_SL12,25,12,26838.0,SL,-12.0,0,09:30-09:45
2026-04-22,NQ,OR15Low,breakout,long,TP40_SL20,40,20,26838.0,SL,-20.0,0,09:30-09:45
2026-04-22,NQ,VWAP,reject,short,TP25_SL12,25,12,26838.0,SL,-12.0,4,09:30-09:45
2026-04-22,NQ,VWAP,reject,short,TP40_SL20,40,20,26838.0,SL,-20.0,10,09:30-09:45
2026-04-22,NQ,GlobexLow,breakout,long,TP25_SL12,25,12,26831.5,SL,-12.0,0,09:30-09:45
2026-04-22,NQ,GlobexLow,breakout,long,TP40_SL20,40,20,26831.5,TP,40.0,13,09:30-09:45
2026-04-22,NQ,OR15Low,reject,short,TP25_SL12,25,12,26823.25,SL,-12.0,1,09:30-09:45
2026-04-22,NQ,OR15Low,reject,short,TP40_SL20,40,20,26823.25,SL,-20.0,2,09:30-09:45
2026-04-22,NQ,GlobexHigh,reject,short,TP25_SL12,25,12,27070.75,SL,-12.0,2,14:00-close
2026-04-22,NQ,GlobexHigh,reject,short,TP40_SL20,40,20,27070.75,SL,-20.0,2,14:00-close
2026-04-23,NQ,OR15Low,breakout,long,TP25_SL12,25,12,27001.0,TP,25.0,1,09:30-09:45
2026-04-23,NQ,OR15Low,breakout,long,TP40_SL20,40,20,27001.0,TP,40.0,5,09:30-09:45
2026-04-23,NQ,VWAP,reject,short,TP25_SL12,25,12,27001.0,SL,-12.0,1,09:30-09:45
2026-04-23,NQ,VWAP,reject,short,TP40_SL20,40,20,27001.0,SL,-20.0,1,09:30-09:45
2026-04-23,NQ,PriorRTHHigh,reject,short,TP25_SL12,25,12,27081.0,TP,25.0,0,09:45-10:00
2026-04-23,NQ,PriorRTHHigh,reject,short,TP40_SL20,40,20,27081.0,TP,40.0,6,09:45-10:00
2026-04-23,NQ,OR15High,reject,short,TP25_SL12,25,12,27081.0,TP,25.0,0,09:45-10:00
2026-04-23,NQ,OR15High,reject,short,TP40_SL20,40,20,27081.0,TP,40.0,6,09:45-10:00
2026-04-23,NQ,OR15Low,reject,short,TP25_SL12,25,12,27011.75,SL,-12.0,1,10:00-10:30
2026-04-23,NQ,OR15Low,reject,short,TP40_SL20,40,20,27011.75,SL,-20.0,13,10:00-10:30
2026-04-23,NQ,GlobexHigh,reject,short,TP25_SL12,25,12,27099.5,SL,-12.0,1,11:00-12:00
2026-04-23,NQ,GlobexHigh,reject,short,TP40_SL20,40,20,27099.5,SL,-20.0,2,11:00-12:00
2026-04-23,NQ,GlobexLow,breakout,long,TP25_SL12,25,12,26959.75,SL,-12.0,0,12:00-14:00
2026-04-23,NQ,GlobexLow,breakout,long,TP40_SL20,40,20,26959.75,SL,-20.0,0,12:00-14:00
2026-04-23,NQ,GlobexLow,reject,short,TP25_SL12,25,12,26906.75,TP,25.0,1,12:00-14:00
2026-04-23,NQ,GlobexLow,reject,short,TP40_SL20,40,20,26906.75,TP,40.0,1,12:00-14:00
2026-04-23,NQ,PriorRTHLow,breakout,long,TP25_SL12,25,12,26883.25,SL,-12.0,0,12:00-14:00
2026-04-23,NQ,PriorRTHLow,breakout,long,TP40_SL20,40,20,26883.25,SL,-20.0,2,12:00-14:00
2026-04-23,NQ,PriorRTHLow,reject,short,TP25_SL12,25,12,26779.5,TP,25.0,1,12:00-14:00
2026-04-23,NQ,PriorRTHLow,reject,short,TP40_SL20,40,20,26779.5,TP,40.0,2,12:00-14:00
2026-04-24,NQ,PriorRTHHigh,breakout,long,TP25_SL12,25,12,27207.0,TP,25.0,1,09:30-09:45
2026-04-24,NQ,PriorRTHHigh,breakout,long,TP40_SL20,40,20,27207.0,TP,40.0,6,09:30-09:45
2026-04-24,NQ,OR15Low,breakout,long,TP25_SL12,25,12,27207.0,TP,25.0,1,09:30-09:45
2026-04-24,NQ,OR15Low,breakout,long,TP40_SL20,40,20,27207.0,TP,40.0,6,09:30-09:45
2026-04-24,NQ,VWAP,reject,short,TP25_SL12,25,12,27207.0,SL,-12.0,0,09:30-09:45
2026-04-24,NQ,VWAP,reject,short,TP40_SL20,40,20,27207.0,SL,-20.0,0,09:30-09:45
2026-04-24,NQ,OR15High,reject,short,TP25_SL12,25,12,27201.75,SL,-12.0,0,09:30-09:45
2026-04-24,NQ,OR15High,reject,short,TP40_SL20,40,20,27201.75,SL,-20.0,0,09:30-09:45
2026-04-24,NQ,OR15Low,reject,short,TP25_SL12,25,12,27154.0,SL,-12.0,1,09:45-10:00
2026-04-24,NQ,OR15Low,reject,short,TP40_SL20,40,20,27154.0,SL,-20.0,1,09:45-10:00
2026-04-24,NQ,PriorRTHHigh,reject,short,TP25_SL12,25,12,27155.0,SL,-12.0,0,09:45-10:00
2026-04-24,NQ,PriorRTHHigh,reject,short,TP40_SL20,40,20,27155.0,SL,-20.0,0,09:45-10:00
2026-04-24,NQ,GlobexHigh,reject,short,TP25_SL12,25,12,27331.25,SL,-12.0,11,11:00-12:00
2026-04-24,NQ,GlobexHigh,reject,short,TP40_SL20,40,20,27331.25,SL,-20.0,11,11:00-12:00
2026-04-27,NQ,OR15Low,breakout,long,TP25_SL12,25,12,27389.5,SL,-12.0,0,09:30-09:45
2026-04-27,NQ,OR15Low,breakout,long,TP40_SL20,40,20,27389.5,SL,-20.0,0,09:30-09:45
2026-04-27,NQ,GlobexLow,reject,short,TP25_SL12,25,12,27378.0,SL,-12.0,2,09:30-09:45
2026-04-27,NQ,GlobexLow,reject,short,TP40_SL20,40,20,27378.0,SL,-20.0,3,09:30-09:45
2026-04-27,NQ,VWAP,reject,short,TP25_SL12,25,12,27378.0,SL,-12.0,2,09:30-09:45
2026-04-27,NQ,VWAP,reject,short,TP40_SL20,40,20,27378.0,SL,-20.0,3,09:30-09:45
2026-04-27,NQ,OR15High,reject,short,TP25_SL12,25,12,27392.5,TP,25.0,2,09:30-09:45
2026-04-27,NQ,OR15High,reject,short,TP40_SL20,40,20,27392.5,TP,40.0,6,09:30-09:45
2026-04-27,NQ,OR15Low,reject,short,TP25_SL12,25,12,27392.5,TP,25.0,2,09:30-09:45
2026-04-27,NQ,OR15Low,reject,short,TP40_SL20,40,20,27392.5,TP,40.0,6,09:30-09:45
2026-04-27,NQ,PriorRTHHigh,reject,short,TP25_SL12,25,12,27422.0,SL,-12.0,7,12:00-14:00
2026-04-27,NQ,PriorRTHHigh,reject,short,TP40_SL20,40,20,27422.0,SL,-20.0,125,12:00-14:00
2026-04-28,NQ,GlobexLow,breakout,long,TP25_SL12,25,12,27136.75,TP,25.0,2,09:30-09:45
2026-04-28,NQ,GlobexLow,breakout,long,TP40_SL20,40,20,27136.75,TP,40.0,4,09:30-09:45
2026-04-28,NQ,OR15Low,reject,short,TP25_SL12,25,12,27134.0,SL,-12.0,0,09:30-09:45
2026-04-28,NQ,OR15Low,reject,short,TP40_SL20,40,20,27134.0,SL,-20.0,1,09:30-09:45
2026-04-28,NQ,VWAP,reject,short,TP25_SL12,25,12,27134.0,SL,-12.0,0,09:30-09:45
2026-04-28,NQ,VWAP,reject,short,TP40_SL20,40,20,27134.0,SL,-20.0,1,09:30-09:45
2026-04-28,NQ,OR15High,reject,short,TP25_SL12,25,12,27220.25,SL,-12.0,3,09:30-09:45
2026-04-28,NQ,OR15High,reject,short,TP40_SL20,40,20,27220.25,SL,-20.0,4,09:30-09:45
2026-04-28,NQ,GlobexLow,reject,short,TP25_SL12,25,12,27029.25,SL,-12.0,0,10:30-11:00
2026-04-28,NQ,GlobexLow,reject,short,TP40_SL20,40,20,27029.25,SL,-20.0,0,10:30-11:00
2026-04-29,NQ,GlobexLow,reject,short,TP25_SL12,25,12,27140.0,SL,-12.0,0,09:30-09:45
2026-04-29,NQ,GlobexLow,reject,short,TP40_SL20,40,20,27140.0,SL,-20.0,3,09:30-09:45
2026-04-29,NQ,OR15Low,breakout,long,TP25_SL12,25,12,27140.0,SL,-12.0,2,09:30-09:45
2026-04-29,NQ,OR15Low,breakout,long,TP40_SL20,40,20,27140.0,TP,40.0,4,09:30-09:45
2026-04-29,NQ,VWAP,reject,short,TP25_SL12,25,12,27140.0,SL,-12.0,0,09:30-09:45
2026-04-29,NQ,VWAP,reject,short,TP40_SL20,40,20,27140.0,SL,-20.0,3,09:30-09:45
2026-04-29,NQ,OR15Low,reject,short,TP25_SL12,25,12,27167.0,SL,-12.0,0,09:30-09:45
2026-04-29,NQ,OR15Low,reject,short,TP40_SL20,40,20,27167.0,SL,-20.0,1,09:30-09:45
2026-04-29,NQ,OR15High,reject,short,TP25_SL12,25,12,27180.0,SL,-12.0,0,09:30-09:45
2026-04-29,NQ,OR15High,reject,short,TP40_SL20,40,20,27180.0,SL,-20.0,0,09:30-09:45
2026-04-29,NQ,PriorRTHHigh,reject,short,TP25_SL12,25,12,27221.75,TP,25.0,2,09:45-10:00
2026-04-29,NQ,PriorRTHHigh,reject,short,TP40_SL20,40,20,27221.75,TP,40.0,9,09:45-10:00
2026-04-30,NQ,PriorRTHHigh,breakout,long,TP25_SL12,25,12,27401.25,SL,-12.0,0,09:30-09:45
2026-04-30,NQ,PriorRTHHigh,breakout,long,TP40_SL20,40,20,27401.25,SL,-20.0,0,09:30-09:45
2026-04-30,NQ,VWAP,reject,short,TP25_SL12,25,12,27401.25,TP,25.0,0,09:30-09:45
2026-04-30,NQ,VWAP,reject,short,TP40_SL20,40,20,27401.25,TP,40.0,0,09:30-09:45
2026-04-30,NQ,PriorRTHHigh,reject,short,TP25_SL12,25,12,27333.5,SL,-12.0,0,09:30-09:45
2026-04-30,NQ,PriorRTHHigh,reject,short,TP40_SL20,40,20,27333.5,SL,-20.0,0,09:30-09:45
2026-04-30,NQ,OR15Low,breakout,long,TP25_SL12,25,12,27333.5,TP,25.0,0,09:30-09:45
2026-04-30,NQ,OR15Low,breakout,long,TP40_SL20,40,20,27333.5,SL,-20.0,2,09:30-09:45
2026-04-30,NQ,OR15Low,reject,short,TP25_SL12,25,12,27278.5,SL,-12.0,0,09:30-09:45
2026-04-30,NQ,OR15Low,reject,short,TP40_SL20,40,20,27278.5,SL,-20.0,0,09:30-09:45
2026-04-30,NQ,GlobexLow,breakout,long,TP25_SL12,25,12,27242.75,SL,-12.0,0,09:45-10:00
2026-04-30,NQ,GlobexLow,breakout,long,TP40_SL20,40,20,27242.75,SL,-20.0,1,09:45-10:00
2026-04-30,NQ,PriorRTHLow,breakout,long,TP25_SL12,25,12,27168.0,TP,25.0,1,10:00-10:30
2026-04-30,NQ,PriorRTHLow,breakout,long,TP40_SL20,40,20,27168.0,TP,40.0,2,10:00-10:30
2026-04-30,NQ,GlobexLow,reject,short,TP25_SL12,25,12,27178.0,SL,-12.0,0,10:00-10:30
2026-04-30,NQ,GlobexLow,reject,short,TP40_SL20,40,20,27178.0,SL,-20.0,0,10:00-10:30
2026-04-30,NQ,OR15High,reject,short,TP25_SL12,25,12,27481.75,SL,-12.0,5,12:00-14:00
2026-04-30,NQ,OR15High,reject,short,TP40_SL20,40,20,27481.75,SL,-20.0,10,12:00-14:00
2026-05-01,NQ,GlobexHigh,breakout,long,TP25_SL12,25,12,27702.75,TP,25.0,0,09:30-09:45
2026-05-01,NQ,GlobexHigh,breakout,long,TP40_SL20,40,20,27702.75,TP,40.0,1,09:30-09:45
2026-05-01,NQ,VWAP,breakout,long,TP25_SL12,25,12,27702.75,TP,25.0,0,09:30-09:45
2026-05-01,NQ,VWAP,breakout,long,TP40_SL20,40,20,27702.75,TP,40.0,1,09:30-09:45
2026-05-01,NQ,OR15High,reject,short,TP25_SL12,25,12,27770.5,SL,-12.0,1,09:30-09:45
2026-05-01,NQ,OR15High,reject,short,TP40_SL20,40,20,27770.5,SL,-20.0,2,09:30-09:45
2026-05-01,NQ,VWAP,reject,short,TP25_SL12,25,12,27770.5,SL,-12.0,1,09:30-09:45
2026-05-01,NQ,VWAP,reject,short,TP40_SL20,40,20,27770.5,SL,-20.0,2,09:30-09:45
2026-05-04,NQ,OR15High,reject,short,TP25_SL12,25,12,27824.5,SL,-12.0,0,09:30-09:45
2026-05-04,NQ,OR15High,reject,short,TP40_SL20,40,20,27824.5,SL,-20.0,0,09:30-09:45
2026-05-04,NQ,VWAP,reject,short,TP25_SL12,25,12,27824.5,SL,-12.0,0,09:30-09:45
2026-05-04,NQ,VWAP,reject,short,TP40_SL20,40,20,27824.5,SL,-20.0,0,09:30-09:45
2026-05-04,NQ,OR15Low,reject,short,TP25_SL12,25,12,27830.5,SL,-12.0,3,09:30-09:45
2026-05-04,NQ,OR15Low,reject,short,TP40_SL20,40,20,27830.5,SL,-20.0,3,09:30-09:45
2026-05-04,NQ,PriorRTHHigh,reject,short,TP25_SL12,25,12,27881.0,SL,-12.0,1,09:45-10:00
2026-05-04,NQ,PriorRTHHigh,reject,short,TP40_SL20,40,20,27881.0,TP,40.0,7,09:45-10:00
2026-05-04,NQ,GlobexHigh,reject,short,TP25_SL12,25,12,27910.75,TP,25.0,0,10:30-11:00
2026-05-04,NQ,GlobexHigh,reject,short,TP40_SL20,40,20,27910.75,TP,40.0,3,10:30-11:00
2026-05-04,NQ,GlobexLow,breakout,long,TP25_SL12,25,12,27753.0,SL,-12.0,0,11:00-12:00
2026-05-04,NQ,GlobexLow,breakout,long,TP40_SL20,40,20,27753.0,SL,-20.0,1,11:00-12:00
2026-05-04,NQ,PriorRTHLow,breakout,long,TP25_SL12,25,12,27657.5,SL,-12.0,0,12:00-14:00
2026-05-04,NQ,PriorRTHLow,breakout,long,TP40_SL20,40,20,27657.5,SL,-20.0,0,12:00-14:00
2026-05-04,NQ,GlobexLow,reject,short,TP25_SL12,25,12,27652.25,SL,-12.0,0,12:00-14:00
2026-05-04,NQ,GlobexLow,reject,short,TP40_SL20,40,20,27652.25,SL,-20.0,2,12:00-14:00
2026-05-04,NQ,PriorRTHLow,reject,short,TP25_SL12,25,12,27645.5,SL,-12.0,0,12:00-14:00
2026-05-04,NQ,PriorRTHLow,reject,short,TP40_SL20,40,20,27645.5,SL,-20.0,0,12:00-14:00
2026-05-05,NQ,PriorRTHHigh,breakout,long,TP25_SL12,25,12,28006.5,TP,25.0,2,09:30-09:45
2026-05-05,NQ,PriorRTHHigh,breakout,long,TP40_SL20,40,20,28006.5,TP,40.0,3,09:30-09:45
2026-05-05,NQ,OR15Low,breakout,long,TP25_SL12,25,12,28022.5,TP,25.0,2,09:30-09:45
2026-05-05,NQ,OR15Low,breakout,long,TP40_SL20,40,20,28022.5,TP,40.0,7,09:30-09:45
2026-05-05,NQ,VWAP,breakout,long,TP25_SL12,25,12,28056.75,SL,-12.0,0,09:30-09:45
2026-05-05,NQ,VWAP,breakout,long,TP40_SL20,40,20,28056.75,SL,-20.0,0,09:30-09:45
2026-05-05,NQ,OR15High,reject,short,TP25_SL12,25,12,28035.25,SL,-12.0,0,09:30-09:45
2026-05-05,NQ,OR15High,reject,short,TP40_SL20,40,20,28035.25,SL,-20.0,1,09:30-09:45
2026-05-05,NQ,VWAP,reject,short,TP25_SL12,25,12,28035.25,SL,-12.0,0,09:30-09:45
2026-05-05,NQ,VWAP,reject,short,TP40_SL20,40,20,28035.25,SL,-20.0,1,09:30-09:45
2026-05-06,NQ,OR15Low,breakout,long,TP25_SL12,25,12,28420.0,SL,-12.0,0,09:30-09:45
2026-05-06,NQ,OR15Low,breakout,long,TP40_SL20,40,20,28420.0,SL,-20.0,5,09:30-09:45
2026-05-06,NQ,VWAP,reject,short,TP25_SL12,25,12,28410.25,SL,-12.0,0,09:30-09:45
2026-05-06,NQ,VWAP,reject,short,TP40_SL20,40,20,28410.25,SL,-20.0,0,09:30-09:45
2026-05-06,NQ,OR15High,reject,short,TP25_SL12,25,12,28440.5,TP,25.0,0,09:30-09:45
2026-05-06,NQ,OR15High,reject,short,TP40_SL20,40,20,28440.5,TP,40.0,1,09:30-09:45
2026-05-06,NQ,GlobexHigh,reject,short,TP25_SL12,25,12,28675.5,SL,-12.0,6,14:00-close
2026-05-06,NQ,GlobexHigh,reject,short,TP40_SL20,40,20,28675.5,SL,-20.0,17,14:00-close
2026-05-07,NQ,PriorRTHHigh,breakout,long,TP25_SL12,25,12,28760.0,SL,-12.0,1,09:30-09:45
2026-05-07,NQ,PriorRTHHigh,breakout,long,TP40_SL20,40,20,28760.0,SL,-20.0,9,09:30-09:45
2026-05-07,NQ,OR15Low,breakout,long,TP25_SL12,25,12,28760.0,SL,-12.0,1,09:30-09:45
2026-05-07,NQ,OR15Low,breakout,long,TP40_SL20,40,20,28760.0,SL,-20.0,9,09:30-09:45
2026-05-07,NQ,PriorRTHHigh,reject,short,TP25_SL12,25,12,28755.5,SL,-12.0,1,09:30-09:45
2026-05-07,NQ,PriorRTHHigh,reject,short,TP40_SL20,40,20,28755.5,SL,-20.0,1,09:30-09:45
2026-05-07,NQ,OR15High,reject,short,TP25_SL12,25,12,28755.5,SL,-12.0,1,09:30-09:45
2026-05-07,NQ,OR15High,reject,short,TP40_SL20,40,20,28755.5,SL,-20.0,1,09:30-09:45
2026-05-07,NQ,OR15Low,reject,short,TP25_SL12,25,12,28755.5,SL,-12.0,1,09:30-09:45
2026-05-07,NQ,OR15Low,reject,short,TP40_SL20,40,20,28755.5,SL,-20.0,1,09:30-09:45
2026-05-07,NQ,VWAP,reject,short,TP25_SL12,25,12,28755.5,SL,-12.0,1,09:30-09:45
2026-05-07,NQ,VWAP,reject,short,TP40_SL20,40,20,28755.5,SL,-20.0,1,09:30-09:45
2026-05-07,NQ,GlobexHigh,reject,short,TP25_SL12,25,12,28781.0,SL,-12.0,1,09:45-10:00
2026-05-07,NQ,GlobexHigh,reject,short,TP40_SL20,40,20,28781.0,SL,-20.0,5,09:45-10:00
2026-05-07,NQ,GlobexLow,breakout,long,TP25_SL12,25,12,28584.5,SL,-12.0,0,12:00-14:00
2026-05-07,NQ,GlobexLow,breakout,long,TP40_SL20,40,20,28584.5,SL,-20.0,0,12:00-14:00
2026-05-08,NQ,VWAP,breakout,long,TP25_SL12,25,12,28936.0,TP,25.0,1,09:30-09:45
2026-05-08,NQ,VWAP,breakout,long,TP40_SL20,40,20,28936.0,TP,40.0,3,09:30-09:45
2026-05-08,NQ,GlobexHigh,reject,short,TP25_SL12,25,12,28959.5,SL,-12.0,1,09:30-09:45
2026-05-08,NQ,GlobexHigh,reject,short,TP40_SL20,40,20,28959.5,SL,-20.0,4,09:30-09:45
2026-05-08,NQ,PriorRTHHigh,reject,short,TP25_SL12,25,12,28959.5,SL,-12.0,1,09:30-09:45
2026-05-08,NQ,PriorRTHHigh,reject,short,TP40_SL20,40,20,28959.5,SL,-20.0,4,09:30-09:45
2026-05-08,NQ,OR15High,reject,short,TP25_SL12,25,12,28959.5,SL,-12.0,1,09:30-09:45
2026-05-08,NQ,OR15High,reject,short,TP40_SL20,40,20,28959.5,SL,-20.0,4,09:30-09:45
2026-05-08,NQ,VWAP,reject,short,TP25_SL12,25,12,28959.5,SL,-12.0,1,09:30-09:45
2026-05-08,NQ,VWAP,reject,short,TP40_SL20,40,20,28959.5,SL,-20.0,4,09:30-09:45
2026-05-11,NQ,PriorRTHHigh,breakout,long,TP25_SL12,25,12,29423.0,SL,-12.0,0,09:30-09:45
2026-05-11,NQ,PriorRTHHigh,breakout,long,TP40_SL20,40,20,29423.0,SL,-20.0,2,09:30-09:45
2026-05-11,NQ,VWAP,breakout,long,TP25_SL12,25,12,29423.0,SL,-12.0,0,09:30-09:45
2026-05-11,NQ,VWAP,breakout,long,TP40_SL20,40,20,29423.0,SL,-20.0,2,09:30-09:45
2026-05-11,NQ,GlobexHigh,reject,short,TP25_SL12,25,12,29372.25,TP,25.0,0,09:30-09:45
2026-05-11,NQ,GlobexHigh,reject,short,TP40_SL20,40,20,29372.25,TP,40.0,2,09:30-09:45
2026-05-11,NQ,OR15High,reject,short,TP25_SL12,25,12,29372.25,TP,25.0,0,09:30-09:45
2026-05-11,NQ,OR15High,reject,short,TP40_SL20,40,20,29372.25,TP,40.0,2,09:30-09:45
2026-05-11,NQ,OR15Low,breakout,long,TP25_SL12,25,12,29351.75,TP,25.0,0,09:30-09:45
2026-05-11,NQ,OR15Low,breakout,long,TP40_SL20,40,20,29351.75,TP,40.0,7,09:30-09:45
2026-05-11,NQ,VWAP,reject,short,TP25_SL12,25,12,29351.75,SL,-12.0,0,09:30-09:45
2026-05-11,NQ,VWAP,reject,short,TP40_SL20,40,20,29351.75,SL,-20.0,0,09:30-09:45
2026-05-11,NQ,PriorRTHHigh,reject,short,TP25_SL12,25,12,29348.5,SL,-12.0,0,09:30-09:45
2026-05-11,NQ,PriorRTHHigh,reject,short,TP40_SL20,40,20,29348.5,SL,-20.0,0,09:30-09:45
2026-05-11,NQ,GlobexLow,breakout,long,TP25_SL12,25,12,29286.25,TP,25.0,0,10:30-11:00
2026-05-11,NQ,GlobexLow,breakout,long,TP40_SL20,40,20,29286.25,SL,-20.0,1,10:30-11:00
2026-05-11,NQ,OR15Low,reject,short,TP25_SL12,25,12,29296.0,TP,25.0,0,10:30-11:00
2026-05-11,NQ,OR15Low,reject,short,TP40_SL20,40,20,29296.0,TP,40.0,0,10:30-11:00
2026-05-12,NQ,OR15Low,breakout,long,TP25_SL12,25,12,29177.75,TP,25.0,0,09:30-09:45
2026-05-12,NQ,OR15Low,breakout,long,TP40_SL20,40,20,29177.75,SL,-20.0,1,09:30-09:45
2026-05-12,NQ,VWAP,reject,short,TP25_SL12,25,12,29152.75,SL,-12.0,0,09:30-09:45
2026-05-12,NQ,VWAP,reject,short,TP40_SL20,40,20,29152.75,SL,-20.0,0,09:30-09:45
2026-05-12,NQ,OR15Low,reject,short,TP25_SL12,25,12,29169.75,SL,-12.0,0,09:30-09:45
2026-05-12,NQ,OR15Low,reject,short,TP40_SL20,40,20,29169.75,SL,-20.0,1,09:30-09:45
2026-05-12,NQ,PriorRTHLow,reject,short,TP25_SL12,25,12,29233.0,SL,-12.0,0,09:30-09:45
2026-05-12,NQ,PriorRTHLow,reject,short,TP40_SL20,40,20,29233.0,SL,-20.0,0,09:30-09:45
2026-05-12,NQ,OR15High,reject,short,TP25_SL12,25,12,29276.25,TP,25.0,0,09:45-10:00
2026-05-12,NQ,OR15High,reject,short,TP40_SL20,40,20,29276.25,TP,40.0,1,09:45-10:00
2026-05-12,NQ,GlobexLow,breakout,long,TP25_SL12,25,12,29129.0,SL,-12.0,0,10:00-10:30
2026-05-12,NQ,GlobexLow,breakout,long,TP40_SL20,40,20,29129.0,SL,-20.0,0,10:00-10:30
2026-05-12,NQ,GlobexLow,reject,short,TP25_SL12,25,12,29038.25,SL,-12.0,0,10:30-11:00
2026-05-12,NQ,GlobexLow,reject,short,TP40_SL20,40,20,29038.25,SL,-20.0,0,10:30-11:00
2026-05-13,NQ,PriorRTHHigh,reject,short,TP25_SL12,25,12,29238.75,SL,-12.0,0,09:30-09:45
2026-05-13,NQ,PriorRTHHigh,reject,short,TP40_SL20,40,20,29238.75,SL,-20.0,0,09:30-09:45
2026-05-13,NQ,OR15High,reject,short,TP25_SL12,25,12,29238.75,SL,-12.0,0,09:30-09:45
2026-05-13,NQ,OR15High,reject,short,TP40_SL20,40,20,29238.75,SL,-20.0,0,09:30-09:45
2026-05-13,NQ,OR15Low,breakout,long,TP25_SL12,25,12,29238.75,TP,25.0,0,09:30-09:45
2026-05-13,NQ,OR15Low,breakout,long,TP40_SL20,40,20,29238.75,SL,-20.0,2,09:30-09:45
2026-05-13,NQ,VWAP,reject,short,TP25_SL12,25,12,29238.75,SL,-12.0,0,09:30-09:45
2026-05-13,NQ,VWAP,reject,short,TP40_SL20,40,20,29238.75,SL,-20.0,0,09:30-09:45
2026-05-13,NQ,GlobexLow,breakout,long,TP25_SL12,25,12,29264.25,SL,-12.0,0,09:30-09:45
2026-05-13,NQ,GlobexLow,breakout,long,TP40_SL20,40,20,29264.25,SL,-20.0,1,09:30-09:45
2026-05-13,NQ,GlobexLow,reject,short,TP25_SL12,25,12,29192.0,SL,-12.0,1,09:30-09:45
2026-05-13,NQ,GlobexLow,reject,short,TP40_SL20,40,20,29192.0,SL,-20.0,2,09:30-09:45
2026-05-13,NQ,OR15Low,reject,short,TP25_SL12,25,12,29238.25,TP,25.0,1,09:30-09:45
2026-05-13,NQ,OR15Low,reject,short,TP40_SL20,40,20,29238.25,TP,40.0,2,09:30-09:45
2026-05-14,NQ,GlobexLow,breakout,long,TP25_SL12,25,12,29515.5,TP,25.0,0,09:30-09:45
2026-05-14,NQ,GlobexLow,breakout,long,TP40_SL20,40,20,29515.5,TP,40.0,2,09:30-09:45
2026-05-14,NQ,OR15Low,breakout,long,TP25_SL12,25,12,29515.5,TP,25.0,0,09:30-09:45
2026-05-14,NQ,OR15Low,breakout,long,TP40_SL20,40,20,29515.5,TP,40.0,2,09:30-09:45
2026-05-14,NQ,VWAP,breakout,long,TP25_SL12,25,12,29551.0,TP,25.0,2,09:30-09:45
2026-05-14,NQ,VWAP,breakout,long,TP40_SL20,40,20,29551.0,TP,40.0,3,09:30-09:45
2026-05-14,NQ,PriorRTHHigh,reject,short,TP25_SL12,25,12,29557.75,SL,-12.0,0,09:30-09:45
2026-05-14,NQ,PriorRTHHigh,reject,short,TP40_SL20,40,20,29557.75,SL,-20.0,0,09:30-09:45
2026-05-14,NQ,VWAP,reject,short,TP25_SL12,25,12,29557.75,SL,-12.0,0,09:30-09:45
2026-05-14,NQ,VWAP,reject,short,TP40_SL20,40,20,29557.75,SL,-20.0,0,09:30-09:45
2026-05-14,NQ,OR15High,reject,short,TP25_SL12,25,12,29653.75,SL,-12.0,0,09:45-10:00
2026-05-14,NQ,OR15High,reject,short,TP40_SL20,40,20,29653.75,SL,-20.0,2,09:45-10:00
2026-05-14,NQ,GlobexHigh,reject,short,TP25_SL12,25,12,29713.0,TP,25.0,1,10:30-11:00
2026-05-14,NQ,GlobexHigh,reject,short,TP40_SL20,40,20,29713.0,TP,40.0,6,10:30-11:00
2026-05-15,NQ,OR15High,reject,short,TP25_SL12,25,12,29247.25,TP,25.0,0,09:30-09:45
2026-05-15,NQ,OR15High,reject,short,TP40_SL20,40,20,29247.25,TP,40.0,0,09:30-09:45
2026-05-15,NQ,VWAP,reject,short,TP25_SL12,25,12,29247.25,TP,25.0,0,09:30-09:45
2026-05-15,NQ,VWAP,reject,short,TP40_SL20,40,20,29247.25,TP,40.0,0,09:30-09:45
2026-05-15,NQ,OR15Low,breakout,long,TP25_SL12,25,12,29212.25,TP,25.0,0,09:30-09:45
2026-05-15,NQ,OR15Low,breakout,long,TP40_SL20,40,20,29212.25,TP,40.0,0,09:30-09:45
2026-05-15,NQ,GlobexLow,breakout,long,TP25_SL12,25,12,29254.0,SL,-12.0,0,09:30-09:45
2026-05-15,NQ,GlobexLow,breakout,long,TP40_SL20,40,20,29254.0,SL,-20.0,0,09:30-09:45
2026-05-15,NQ,OR15Low,reject,short,TP25_SL12,25,12,29167.5,SL,-12.0,0,09:30-09:45
2026-05-15,NQ,OR15Low,reject,short,TP40_SL20,40,20,29167.5,SL,-20.0,0,09:30-09:45
2026-05-15,NQ,GlobexLow,reject,short,TP25_SL12,25,12,29104.0,SL,-12.0,0,09:45-10:00
2026-05-15,NQ,GlobexLow,reject,short,TP40_SL20,40,20,29104.0,SL,-20.0,0,09:45-10:00
2026-05-15,NQ,PriorRTHLow,reject,short,TP25_SL12,25,12,29430.75,TP,25.0,1,12:00-14:00
2026-05-15,NQ,PriorRTHLow,reject,short,TP40_SL20,40,20,29430.75,SL,-20.0,18,12:00-14:00
2026-05-18,NQ,OR15High,reject,short,TP25_SL12,25,12,29295.25,SL,-12.0,0,09:30-09:45
2026-05-18,NQ,OR15High,reject,short,TP40_SL20,40,20,29295.25,SL,-20.0,0,09:30-09:45
2026-05-18,NQ,VWAP,reject,short,TP25_SL12,25,12,29295.25,SL,-12.0,0,09:30-09:45
2026-05-18,NQ,VWAP,reject,short,TP40_SL20,40,20,29295.25,SL,-20.0,0,09:30-09:45
2026-05-18,NQ,OR15Low,breakout,long,TP25_SL12,25,12,29214.25,TP,25.0,0,09:30-09:45
2026-05-18,NQ,OR15Low,breakout,long,TP40_SL20,40,20,29214.25,SL,-20.0,1,09:30-09:45
2026-05-18,NQ,PriorRTHLow,breakout,long,TP25_SL12,25,12,29190.75,SL,-12.0,0,09:45-10:00
2026-05-18,NQ,PriorRTHLow,breakout,long,TP40_SL20,40,20,29190.75,SL,-20.0,0,09:45-10:00
2026-05-18,NQ,OR15Low,reject,short,TP25_SL12,25,12,29190.75,TP,25.0,0,09:45-10:00
2026-05-18,NQ,OR15Low,reject,short,TP40_SL20,40,20,29190.75,TP,40.0,1,09:45-10:00
2026-05-18,NQ,PriorRTHLow,reject,short,TP25_SL12,25,12,29044.25,TP,25.0,0,10:30-11:00
2026-05-18,NQ,PriorRTHLow,reject,short,TP40_SL20,40,20,29044.25,TP,40.0,1,10:30-11:00
2026-05-18,NQ,GlobexLow,breakout,long,TP25_SL12,25,12,28985.5,TP,25.0,0,10:30-11:00
2026-05-18,NQ,GlobexLow,breakout,long,TP40_SL20,40,20,28985.5,TP,40.0,1,10:30-11:00
2026-05-18,NQ,GlobexLow,reject,short,TP25_SL12,25,12,28921.25,TP,25.0,0,12:00-14:00
2026-05-18,NQ,GlobexLow,reject,short,TP40_SL20,40,20,28921.25,TP,40.0,0,12:00-14:00
2026-05-19,NQ,VWAP,reject,short,TP25_SL12,25,12,28978.0,TP,25.0,1,09:30-09:45
2026-05-19,NQ,VWAP,reject,short,TP40_SL20,40,20,28978.0,SL,-20.0,2,09:30-09:45
2026-05-19,NQ,OR15High,reject,short,TP25_SL12,25,12,29047.0,TP,25.0,0,09:30-09:45
2026-05-19,NQ,OR15High,reject,short,TP40_SL20,40,20,29047.0,TP,40.0,2,09:30-09:45
2026-05-19,NQ,OR15Low,breakout,long,TP25_SL12,25,12,28910.25,TP,25.0,0,09:45-10:00
2026-05-19,NQ,OR15Low,breakout,long,TP40_SL20,40,20,28910.25,SL,-20.0,1,09:45-10:00
2026-05-19,NQ,PriorRTHLow,breakout,long,TP25_SL12,25,12,28951.0,TP,25.0,0,09:45-10:00
2026-05-19,NQ,PriorRTHLow,breakout,long,TP40_SL20,40,20,28951.0,TP,40.0,1,09:45-10:00
2026-05-19,NQ,GlobexLow,breakout,long,TP25_SL12,25,12,28837.0,TP,25.0,0,10:00-10:30
2026-05-19,NQ,GlobexLow,breakout,long,TP40_SL20,40,20,28837.0,SL,-20.0,1,10:00-10:30
2026-05-19,NQ,OR15Low,reject,short,TP25_SL12,25,12,28832.75,TP,25.0,0,10:00-10:30
2026-05-19,NQ,OR15Low,reject,short,TP40_SL20,40,20,28832.75,TP,40.0,0,10:00-10:30
2026-05-19,NQ,GlobexLow,reject,short,TP25_SL12,25,12,28780.5,SL,-12.0,0,10:00-10:30
2026-05-19,NQ,GlobexLow,reject,short,TP40_SL20,40,20,28780.5,SL,-20.0,0,10:00-10:30
2026-05-19,NQ,PriorRTHLow,reject,short,TP25_SL12,25,12,28780.5,SL,-12.0,0,10:00-10:30
2026-05-19,NQ,PriorRTHLow,reject,short,TP40_SL20,40,20,28780.5,SL,-20.0,0,10:00-10:30
2026-05-19,NQ,GlobexHigh,reject,short,TP25_SL12,25,12,29094.75,TP,25.0,2,12:00-14:00
2026-05-19,NQ,GlobexHigh,reject,short,TP40_SL20,40,20,29094.75,SL,-20.0,4,12:00-14:00
2026-05-20,NQ,PriorRTHHigh,reject,short,TP25_SL12,25,12,29134.5,TP,25.0,0,09:30-09:45
2026-05-20,NQ,PriorRTHHigh,reject,short,TP40_SL20,40,20,29134.5,TP,40.0,0,09:30-09:45
2026-05-20,NQ,OR15High,reject,short,TP25_SL12,25,12,29134.5,TP,25.0,0,09:30-09:45
2026-05-20,NQ,OR15High,reject,short,TP40_SL20,40,20,29134.5,TP,40.0,0,09:30-09:45
2026-05-20,NQ,VWAP,reject,short,TP25_SL12,25,12,29134.5,TP,25.0,0,09:30-09:45
2026-05-20,NQ,VWAP,reject,short,TP40_SL20,40,20,29134.5,TP,40.0,0,09:30-09:45
2026-05-20,NQ,OR15Low,breakout,long,TP25_SL12,25,12,29066.75,SL,-12.0,0,09:30-09:45
2026-05-20,NQ,OR15Low,breakout,long,TP40_SL20,40,20,29066.75,SL,-20.0,0,09:30-09:45
2026-05-20,NQ,OR15Low,reject,short,TP25_SL12,25,12,29093.75,SL,-12.0,0,09:30-09:45
2026-05-20,NQ,OR15Low,reject,short,TP40_SL20,40,20,29093.75,SL,-20.0,0,09:30-09:45
2026-05-20,NQ,GlobexHigh,reject,short,TP25_SL12,25,12,29373.75,TP,25.0,0,11:00-12:00
2026-05-20,NQ,GlobexHigh,reject,short,TP40_SL20,40,20,29373.75,TP,40.0,0,11:00-12:00
2026-05-21,NQ,GlobexLow,reject,short,TP25_SL12,25,12,29212.25,SL,-12.0,0,09:30-09:45
2026-05-21,NQ,GlobexLow,reject,short,TP40_SL20,40,20,29212.25,SL,-20.0,1,09:30-09:45
2026-05-21,NQ,OR15Low,reject,short,TP25_SL12,25,12,29212.25,SL,-12.0,0,09:30-09:45
2026-05-21,NQ,OR15Low,reject,short,TP40_SL20,40,20,29212.25,SL,-20.0,1,09:30-09:45
2026-05-21,NQ,VWAP,reject,short,TP25_SL12,25,12,29212.25,SL,-12.0,0,09:30-09:45
2026-05-21,NQ,VWAP,reject,short,TP40_SL20,40,20,29212.25,SL,-20.0,1,09:30-09:45
2026-05-21,NQ,OR15High,reject,short,TP25_SL12,25,12,29237.0,SL,-12.0,0,09:30-09:45
2026-05-21,NQ,OR15High,reject,short,TP40_SL20,40,20,29237.0,SL,-20.0,1,09:30-09:45
2026-05-21,NQ,PriorRTHHigh,reject,short,TP25_SL12,25,12,29346.5,SL,-12.0,2,12:00-14:00
2026-05-21,NQ,PriorRTHHigh,reject,short,TP40_SL20,40,20,29346.5,SL,-20.0,2,12:00-14:00
2026-05-22,NQ,GlobexHigh,reject,short,TP25_SL12,25,12,29641.75,TP,25.0,0,09:30-09:45
2026-05-22,NQ,GlobexHigh,reject,short,TP40_SL20,40,20,29641.75,TP,40.0,0,09:30-09:45
2026-05-22,NQ,VWAP,breakout,long,TP25_SL12,25,12,29641.75,SL,-12.0,0,09:30-09:45
2026-05-22,NQ,VWAP,breakout,long,TP40_SL20,40,20,29641.75,SL,-20.0,0,09:30-09:45
2026-05-22,NQ,PriorRTHHigh,breakout,long,TP25_SL12,25,12,29606.75,TP,25.0,0,09:30-09:45
2026-05-22,NQ,PriorRTHHigh,breakout,long,TP40_SL20,40,20,29606.75,TP,40.0,0,09:30-09:45
2026-05-22,NQ,OR15Low,breakout,long,TP25_SL12,25,12,29606.75,TP,25.0,0,09:30-09:45
2026-05-22,NQ,OR15Low,breakout,long,TP40_SL20,40,20,29606.75,TP,40.0,0,09:30-09:45
2026-05-22,NQ,OR15High,reject,short,TP25_SL12,25,12,29672.75,TP,25.0,1,09:30-09:45
2026-05-22,NQ,OR15High,reject,short,TP40_SL20,40,20,29672.75,TP,40.0,1,09:30-09:45
2026-05-22,NQ,VWAP,reject,short,TP25_SL12,25,12,29672.75,TP,25.0,1,09:30-09:45
2026-05-22,NQ,VWAP,reject,short,TP40_SL20,40,20,29672.75,TP,40.0,1,09:30-09:45
2026-05-22,NQ,PriorRTHHigh,reject,short,TP25_SL12,25,12,29568.5,TP,25.0,2,10:00-10:30
2026-05-22,NQ,PriorRTHHigh,reject,short,TP40_SL20,40,20,29568.5,TP,40.0,2,10:00-10:30
2026-05-22,NQ,OR15Low,reject,short,TP25_SL12,25,12,29568.5,TP,25.0,2,10:00-10:30
2026-05-22,NQ,OR15Low,reject,short,TP40_SL20,40,20,29568.5,TP,40.0,2,10:00-10:30
2026-05-22,NQ,GlobexLow,breakout,long,TP25_SL12,25,12,29492.75,TP,25.0,0,10:00-10:30
2026-05-22,NQ,GlobexLow,breakout,long,TP40_SL20,40,20,29492.75,TP,40.0,1,10:00-10:30
2026-05-25,NQ,OR15Low,breakout,long,TP25_SL12,25,12,29974.75,SL,-12.0,28,09:30-09:45
2026-05-25,NQ,OR15Low,breakout,long,TP40_SL20,40,20,29974.75,SL,-20.0,33,09:30-09:45
2026-05-25,NQ,GlobexHigh,reject,short,TP25_SL12,25,12,29974.25,TP,25.0,8,10:00-10:30
2026-05-25,NQ,GlobexHigh,reject,short,TP40_SL20,40,20,29974.25,TP,40.0,25,10:00-10:30
2026-05-25,NQ,OR15High,reject,short,TP25_SL12,25,12,29974.25,TP,25.0,8,10:00-10:30
2026-05-25,NQ,OR15High,reject,short,TP40_SL20,40,20,29974.25,TP,40.0,25,10:00-10:30
2026-05-25,NQ,OR15Low,reject,short,TP25_SL12,25,12,29974.25,TP,25.0,8,10:00-10:30
2026-05-25,NQ,OR15Low,reject,short,TP40_SL20,40,20,29974.25,TP,40.0,25,10:00-10:30
2026-05-25,NQ,VWAP,reject,short,TP25_SL12,25,12,29974.25,TP,25.0,8,10:00-10:30
2026-05-25,NQ,VWAP,reject,short,TP40_SL20,40,20,29974.25,TP,40.0,25,10:00-10:30
2026-05-26,NQ,PriorRTHLow,reject,short,TP25_SL12,25,12,29880.75,TP,25.0,1,09:30-09:45
2026-05-26,NQ,PriorRTHLow,reject,short,TP40_SL20,40,20,29880.75,TP,40.0,2,09:30-09:45
2026-05-26,NQ,OR15Low,breakout,long,TP25_SL12,25,12,29880.75,SL,-12.0,0,09:30-09:45
2026-05-26,NQ,OR15Low,breakout,long,TP40_SL20,40,20,29880.75,SL,-20.0,1,09:30-09:45
2026-05-26,NQ,VWAP,reject,short,TP25_SL12,25,12,29880.75,TP,25.0,1,09:30-09:45
2026-05-26,NQ,VWAP,reject,short,TP40_SL20,40,20,29880.75,TP,40.0,2,09:30-09:45
2026-05-26,NQ,OR15High,reject,short,TP25_SL12,25,12,29866.5,TP,25.0,1,09:30-09:45
2026-05-26,NQ,OR15High,reject,short,TP40_SL20,40,20,29866.5,SL,-20.0,7,09:30-09:45
2026-05-26,NQ,PriorRTHHigh,reject,short,TP25_SL12,25,12,29936.0,SL,-12.0,0,09:45-10:00
2026-05-26,NQ,PriorRTHHigh,reject,short,TP40_SL20,40,20,29936.0,SL,-20.0,1,09:45-10:00
2026-05-27,NQ,OR15High,reject,short,TP25_SL12,25,12,30145.0,SL,-12.0,0,09:30-09:45
2026-05-27,NQ,OR15High,reject,short,TP40_SL20,40,20,30145.0,TP,40.0,2,09:30-09:45
2026-05-27,NQ,VWAP,reject,short,TP25_SL12,25,12,30145.0,SL,-12.0,0,09:30-09:45
2026-05-27,NQ,VWAP,reject,short,TP40_SL20,40,20,30145.0,TP,40.0,2,09:30-09:45
2026-05-27,NQ,PriorRTHHigh,reject,short,TP25_SL12,25,12,30102.75,TP,25.0,0,09:30-09:45
2026-05-27,NQ,PriorRTHHigh,reject,short,TP40_SL20,40,20,30102.75,TP,40.0,1,09:30-09:45
2026-05-27,NQ,OR15Low,breakout,long,TP25_SL12,25,12,29987.75,SL,-12.0,0,09:30-09:45
2026-05-27,NQ,OR15Low,breakout,long,TP40_SL20,40,20,29987.75,SL,-20.0,0,09:30-09:45
2026-05-27,NQ,OR15Low,reject,short,TP25_SL12,25,12,29956.75,SL,-12.0,0,09:45-10:00
2026-05-27,NQ,OR15Low,reject,short,TP40_SL20,40,20,29956.75,SL,-20.0,1,09:45-10:00
2026-05-27,NQ,PriorRTHLow,breakout,long,TP25_SL12,25,12,29895.25,TP,25.0,0,10:30-11:00
2026-05-27,NQ,PriorRTHLow,breakout,long,TP40_SL20,40,20,29895.25,TP,40.0,0,10:30-11:00
2026-05-28,NQ,OR15High,reject,short,TP25_SL12,25,12,30065.0,TP,25.0,0,09:30-09:45
2026-05-28,NQ,OR15High,reject,short,TP40_SL20,40,20,30065.0,TP,40.0,0,09:30-09:45
2026-05-28,NQ,VWAP,reject,short,TP25_SL12,25,12,30065.0,TP,25.0,0,09:30-09:45
2026-05-28,NQ,VWAP,reject,short,TP40_SL20,40,20,30065.0,TP,40.0,0,09:30-09:45
2026-05-28,NQ,OR15Low,breakout,long,TP25_SL12,25,12,30014.0,SL,-12.0,0,09:30-09:45
2026-05-28,NQ,OR15Low,breakout,long,TP40_SL20,40,20,30014.0,SL,-20.0,1,09:30-09:45
2026-05-28,NQ,OR15Low,reject,short,TP25_SL12,25,12,29953.75,TP,25.0,3,09:45-10:00
2026-05-28,NQ,OR15Low,reject,short,TP40_SL20,40,20,29953.75,SL,-20.0,6,09:45-10:00
2026-05-28,NQ,PriorRTHLow,breakout,long,TP25_SL12,25,12,29946.5,SL,-12.0,0,09:45-10:00
2026-05-28,NQ,PriorRTHLow,breakout,long,TP40_SL20,40,20,29946.5,SL,-20.0,3,09:45-10:00
2026-05-28,NQ,PriorRTHHigh,reject,short,TP25_SL12,25,12,30161.0,TP,25.0,0,10:00-10:30
2026-05-28,NQ,PriorRTHHigh,reject,short,TP40_SL20,40,20,30161.0,TP,40.0,1,10:00-10:30
2026-05-28,NQ,GlobexHigh,reject,short,TP25_SL12,25,12,30319.25,TP,25.0,22,12:00-14:00
2026-05-28,NQ,GlobexHigh,reject,short,TP40_SL20,40,20,30319.25,SL,-20.0,38,12:00-14:00
2026-05-29,NQ,GlobexHigh,reject,short,TP25_SL12,25,12,30404.5,SL,-12.0,0,09:30-09:45
2026-05-29,NQ,GlobexHigh,reject,short,TP40_SL20,40,20,30404.5,SL,-20.0,2,09:30-09:45
2026-05-29,NQ,PriorRTHHigh,breakout,long,TP25_SL12,25,12,30404.5,SL,-12.0,0,09:30-09:45
2026-05-29,NQ,PriorRTHHigh,breakout,long,TP40_SL20,40,20,30404.5,SL,-20.0,0,09:30-09:45
2026-05-29,NQ,OR15Low,breakout,long,TP25_SL12,25,12,30404.5,SL,-12.0,0,09:30-09:45
2026-05-29,NQ,OR15Low,breakout,long,TP40_SL20,40,20,30404.5,SL,-20.0,0,09:30-09:45
2026-05-29,NQ,VWAP,reject,short,TP25_SL12,25,12,30404.5,SL,-12.0,0,09:30-09:45
2026-05-29,NQ,VWAP,reject,short,TP40_SL20,40,20,30404.5,SL,-20.0,2,09:30-09:45
2026-05-29,NQ,OR15High,reject,short,TP25_SL12,25,12,30435.0,SL,-12.0,0,09:30-09:45
2026-05-29,NQ,OR15High,reject,short,TP40_SL20,40,20,30435.0,SL,-20.0,0,09:30-09:45
2026-05-29,NQ,OR15Low,reject,short,TP25_SL12,25,12,30349.0,SL,-12.0,0,10:00-10:30
2026-05-29,NQ,OR15Low,reject,short,TP40_SL20,40,20,30349.0,SL,-20.0,0,10:00-10:30
2026-05-29,NQ,GlobexLow,breakout,long,TP25_SL12,25,12,30325.5,SL,-12.0,0,10:30-11:00
2026-05-29,NQ,GlobexLow,breakout,long,TP40_SL20,40,20,30325.5,SL,-20.0,1,10:30-11:00
2026-05-29,NQ,PriorRTHHigh,reject,short,TP25_SL12,25,12,30325.5,TP,25.0,1,10:30-11:00
2026-05-29,NQ,PriorRTHHigh,reject,short,TP40_SL20,40,20,30325.5,TP,40.0,2,10:30-11:00
2026-05-29,NQ,GlobexLow,reject,short,TP25_SL12,25,12,30300.25,SL,-12.0,0,10:30-11:00
2026-05-29,NQ,GlobexLow,reject,short,TP40_SL20,40,20,30300.25,SL,-20.0,0,10:30-11:00
