date,sym,level,setup,direction,exit_cfg,tp,sl,entry_px,result,pnl_pts,bars_held,time_bucket
2025-06-02,ES,OR15Low,breakout,long,TP8_SL4,8,4,5911.25,SL,-4.0,13,09:30-09:45
2025-06-02,ES,OR15Low,breakout,long,TP12_SL6,12,6,5911.25,SL,-6.0,13,09:30-09:45
2025-06-02,ES,VWAP,breakout,long,TP8_SL4,8,4,5913.75,SL,-4.0,2,09:30-09:45
2025-06-02,ES,VWAP,breakout,long,TP12_SL6,12,6,5913.75,SL,-6.0,12,09:30-09:45
2025-06-02,ES,OR15High,reject,short,TP8_SL4,8,4,5912.5,SL,-4.0,1,09:30-09:45
2025-06-02,ES,OR15High,reject,short,TP12_SL6,12,6,5912.5,TP,12.0,13,09:30-09:45
2025-06-02,ES,VWAP,reject,short,TP8_SL4,8,4,5912.5,SL,-4.0,1,09:30-09:45
2025-06-02,ES,VWAP,reject,short,TP12_SL6,12,6,5912.5,TP,12.0,13,09:30-09:45
2025-06-02,ES,OR15Low,reject,short,TP8_SL4,8,4,5890.75,SL,-4.0,3,09:45-10:00
2025-06-02,ES,OR15Low,reject,short,TP12_SL6,12,6,5890.75,TP,12.0,7,09:45-10:00
2025-06-02,ES,GlobexLow,breakout,long,TP8_SL4,8,4,5879.0,TP,8.0,4,10:00-10:30
2025-06-02,ES,GlobexLow,breakout,long,TP12_SL6,12,6,5879.0,TP,12.0,5,10:00-10:30
2025-06-02,ES,GlobexHigh,reject,short,TP8_SL4,8,4,5944.0,SL,-4.0,33,14:00-close
2025-06-02,ES,GlobexHigh,reject,short,TP12_SL6,12,6,5944.0,EOD,-3.25,34,14:00-close
2025-06-03,ES,PriorRTHHigh,reject,short,TP8_SL4,8,4,5943.5,SL,-4.0,8,09:30-09:45
2025-06-03,ES,PriorRTHHigh,reject,short,TP12_SL6,12,6,5943.5,SL,-6.0,9,09:30-09:45
2025-06-03,ES,OR15High,reject,short,TP8_SL4,8,4,5943.5,SL,-4.0,8,09:30-09:45
2025-06-03,ES,OR15High,reject,short,TP12_SL6,12,6,5943.5,SL,-6.0,9,09:30-09:45
2025-06-03,ES,OR15Low,breakout,long,TP8_SL4,8,4,5943.5,TP,8.0,9,09:30-09:45
2025-06-03,ES,OR15Low,breakout,long,TP12_SL6,12,6,5943.5,TP,12.0,46,09:30-09:45
2025-06-03,ES,VWAP,reject,short,TP8_SL4,8,4,5943.5,SL,-4.0,8,09:30-09:45
2025-06-03,ES,VWAP,reject,short,TP12_SL6,12,6,5943.5,SL,-6.0,9,09:30-09:45
2025-06-03,ES,OR15Low,reject,short,TP8_SL4,8,4,5942.25,SL,-4.0,2,09:30-09:45
2025-06-03,ES,OR15Low,reject,short,TP12_SL6,12,6,5942.25,SL,-6.0,2,09:30-09:45
2025-06-03,ES,GlobexHigh,reject,short,TP8_SL4,8,4,5979.25,SL,-4.0,8,12:00-14:00
2025-06-03,ES,GlobexHigh,reject,short,TP12_SL6,12,6,5979.25,SL,-6.0,12,12:00-14:00
2025-06-04,ES,OR15Low,breakout,long,TP8_SL4,8,4,5995.0,SL,-4.0,25,09:30-09:45
2025-06-04,ES,OR15Low,breakout,long,TP12_SL6,12,6,5995.0,SL,-6.0,25,09:30-09:45
2025-06-04,ES,PriorRTHHigh,breakout,long,TP8_SL4,8,4,5997.25,SL,-4.0,3,09:30-09:45
2025-06-04,ES,PriorRTHHigh,breakout,long,TP12_SL6,12,6,5997.25,SL,-6.0,12,09:30-09:45
2025-06-04,ES,GlobexHigh,reject,short,TP8_SL4,8,4,5995.5,TP,8.0,19,09:30-09:45
2025-06-04,ES,GlobexHigh,reject,short,TP12_SL6,12,6,5995.5,TP,12.0,19,09:30-09:45
2025-06-04,ES,PriorRTHHigh,reject,short,TP8_SL4,8,4,5995.5,TP,8.0,19,09:30-09:45
2025-06-04,ES,PriorRTHHigh,reject,short,TP12_SL6,12,6,5995.5,TP,12.0,19,09:30-09:45
2025-06-04,ES,OR15High,reject,short,TP8_SL4,8,4,5995.5,TP,8.0,19,09:30-09:45
2025-06-04,ES,OR15High,reject,short,TP12_SL6,12,6,5995.5,TP,12.0,19,09:30-09:45
2025-06-04,ES,OR15Low,reject,short,TP8_SL4,8,4,5995.5,TP,8.0,19,09:30-09:45
2025-06-04,ES,OR15Low,reject,short,TP12_SL6,12,6,5995.5,TP,12.0,19,09:30-09:45
2025-06-04,ES,VWAP,reject,short,TP8_SL4,8,4,5995.5,TP,8.0,19,09:30-09:45
2025-06-04,ES,VWAP,reject,short,TP12_SL6,12,6,5995.5,TP,12.0,19,09:30-09:45
2025-06-04,ES,GlobexLow,breakout,long,TP8_SL4,8,4,5981.75,SL,-4.0,1,10:00-10:30
2025-06-04,ES,GlobexLow,breakout,long,TP12_SL6,12,6,5981.75,SL,-6.0,1,10:00-10:30
2025-06-05,ES,PriorRTHHigh,reject,short,TP8_SL4,8,4,5984.75,TP,8.0,6,09:30-09:45
2025-06-05,ES,PriorRTHHigh,reject,short,TP12_SL6,12,6,5984.75,TP,12.0,6,09:30-09:45
2025-06-05,ES,PriorRTHLow,breakout,long,TP8_SL4,8,4,5984.75,SL,-4.0,3,09:30-09:45
2025-06-05,ES,PriorRTHLow,breakout,long,TP12_SL6,12,6,5984.75,SL,-6.0,5,09:30-09:45
2025-06-05,ES,OR15High,reject,short,TP8_SL4,8,4,5984.75,TP,8.0,6,09:30-09:45
2025-06-05,ES,OR15High,reject,short,TP12_SL6,12,6,5984.75,TP,12.0,6,09:30-09:45
2025-06-05,ES,OR15Low,breakout,long,TP8_SL4,8,4,5984.75,SL,-4.0,3,09:30-09:45
2025-06-05,ES,OR15Low,breakout,long,TP12_SL6,12,6,5984.75,SL,-6.0,5,09:30-09:45
2025-06-05,ES,VWAP,reject,short,TP8_SL4,8,4,5984.75,TP,8.0,6,09:30-09:45
2025-06-05,ES,VWAP,reject,short,TP12_SL6,12,6,5984.75,TP,12.0,6,09:30-09:45
2025-06-05,ES,PriorRTHLow,reject,short,TP8_SL4,8,4,5976.5,TP,8.0,2,09:30-09:45
2025-06-05,ES,PriorRTHLow,reject,short,TP12_SL6,12,6,5976.5,TP,12.0,3,09:30-09:45
2025-06-05,ES,OR15Low,reject,short,TP8_SL4,8,4,5976.5,TP,8.0,2,09:30-09:45
2025-06-05,ES,OR15Low,reject,short,TP12_SL6,12,6,5976.5,TP,12.0,3,09:30-09:45
2025-06-05,ES,GlobexLow,breakout,long,TP8_SL4,8,4,5939.75,SL,-4.0,0,14:00-close
2025-06-05,ES,GlobexLow,breakout,long,TP12_SL6,12,6,5939.75,SL,-6.0,1,14:00-close
2025-06-05,ES,GlobexLow,reject,short,TP8_SL4,8,4,5934.0,SL,-4.0,4,14:00-close
2025-06-05,ES,GlobexLow,reject,short,TP12_SL6,12,6,5934.0,SL,-6.0,4,14:00-close
2025-06-06,ES,OR15Low,breakout,long,TP8_SL4,8,4,6007.0,TP,8.0,5,09:30-09:45
2025-06-06,ES,OR15Low,breakout,long,TP12_SL6,12,6,6007.0,TP,12.0,7,09:30-09:45
2025-06-06,ES,VWAP,breakout,long,TP8_SL4,8,4,6013.25,TP,8.0,4,09:30-09:45
2025-06-06,ES,VWAP,breakout,long,TP12_SL6,12,6,6013.25,SL,-6.0,49,09:30-09:45
2025-06-06,ES,GlobexHigh,breakout,long,TP8_SL4,8,4,6014.75,TP,8.0,4,09:30-09:45
2025-06-06,ES,GlobexHigh,breakout,long,TP12_SL6,12,6,6014.75,SL,-6.0,48,09:30-09:45
2025-06-06,ES,PriorRTHHigh,breakout,long,TP8_SL4,8,4,6019.25,SL,-4.0,13,09:30-09:45
2025-06-06,ES,PriorRTHHigh,breakout,long,TP12_SL6,12,6,6019.25,SL,-6.0,13,09:30-09:45
2025-06-06,ES,OR15High,reject,short,TP8_SL4,8,4,6021.0,TP,8.0,8,09:45-10:00
2025-06-06,ES,OR15High,reject,short,TP12_SL6,12,6,6021.0,TP,12.0,40,09:45-10:00
2025-06-06,ES,VWAP,reject,short,TP8_SL4,8,4,6021.0,TP,8.0,8,09:45-10:00
2025-06-06,ES,VWAP,reject,short,TP12_SL6,12,6,6021.0,TP,12.0,40,09:45-10:00
2025-06-06,ES,PriorRTHHigh,reject,short,TP8_SL4,8,4,6015.5,TP,8.0,18,10:00-10:30
2025-06-06,ES,PriorRTHHigh,reject,short,TP12_SL6,12,6,6015.5,TP,12.0,21,10:00-10:30
2025-06-06,ES,GlobexHigh,reject,short,TP8_SL4,8,4,6011.0,SL,-4.0,4,10:30-11:00
2025-06-06,ES,GlobexHigh,reject,short,TP12_SL6,12,6,6011.0,SL,-6.0,20,10:30-11:00
2025-06-06,ES,OR15Low,reject,short,TP8_SL4,8,4,5996.25,SL,-4.0,3,11:00-12:00
2025-06-06,ES,OR15Low,reject,short,TP12_SL6,12,6,5996.25,SL,-6.0,5,11:00-12:00
2025-06-09,ES,GlobexLow,breakout,long,TP8_SL4,8,4,6004.5,SL,-4.0,2,09:30-09:45
2025-06-09,ES,GlobexLow,breakout,long,TP12_SL6,12,6,6004.5,TP,12.0,58,09:30-09:45
2025-06-09,ES,OR15High,reject,short,TP8_SL4,8,4,6004.5,SL,-4.0,9,09:30-09:45
2025-06-09,ES,OR15High,reject,short,TP12_SL6,12,6,6004.5,SL,-6.0,38,09:30-09:45
2025-06-09,ES,OR15Low,breakout,long,TP8_SL4,8,4,6004.5,SL,-4.0,2,09:30-09:45
2025-06-09,ES,OR15Low,breakout,long,TP12_SL6,12,6,6004.5,TP,12.0,58,09:30-09:45
2025-06-09,ES,VWAP,reject,short,TP8_SL4,8,4,6004.5,SL,-4.0,9,09:30-09:45
2025-06-09,ES,VWAP,reject,short,TP12_SL6,12,6,6004.5,SL,-6.0,38,09:30-09:45
2025-06-09,ES,OR15Low,reject,short,TP8_SL4,8,4,6001.75,SL,-4.0,1,09:30-09:45
2025-06-09,ES,OR15Low,reject,short,TP12_SL6,12,6,6001.75,SL,-6.0,5,09:30-09:45
2025-06-09,ES,PriorRTHHigh,reject,short,TP8_SL4,8,4,6016.25,TP,8.0,11,10:30-11:00
2025-06-09,ES,PriorRTHHigh,reject,short,TP12_SL6,12,6,6016.25,SL,-6.0,137,10:30-11:00
2025-06-10,ES,PriorRTHHigh,reject,short,TP8_SL4,8,4,6017.5,SL,-4.0,2,09:30-09:45
2025-06-10,ES,PriorRTHHigh,reject,short,TP12_SL6,12,6,6017.5,SL,-6.0,4,09:30-09:45
2025-06-10,ES,OR15High,reject,short,TP8_SL4,8,4,6017.5,SL,-4.0,2,09:30-09:45
2025-06-10,ES,OR15High,reject,short,TP12_SL6,12,6,6017.5,SL,-6.0,4,09:30-09:45
2025-06-10,ES,OR15Low,reject,short,TP8_SL4,8,4,6017.5,SL,-4.0,2,09:30-09:45
2025-06-10,ES,OR15Low,reject,short,TP12_SL6,12,6,6017.5,SL,-6.0,4,09:30-09:45
2025-06-10,ES,VWAP,reject,short,TP8_SL4,8,4,6017.5,SL,-4.0,2,09:30-09:45
2025-06-10,ES,VWAP,reject,short,TP12_SL6,12,6,6017.5,SL,-6.0,4,09:30-09:45
2025-06-10,ES,PriorRTHLow,breakout,long,TP8_SL4,8,4,6015.25,SL,-4.0,0,11:00-12:00
2025-06-10,ES,PriorRTHLow,breakout,long,TP12_SL6,12,6,6015.25,SL,-6.0,0,11:00-12:00
2025-06-10,ES,GlobexHigh,reject,short,TP8_SL4,8,4,6045.75,TP,8.0,10,14:00-close
2025-06-10,ES,GlobexHigh,reject,short,TP12_SL6,12,6,6045.75,TP,12.0,35,14:00-close
2025-06-11,ES,PriorRTHHigh,reject,short,TP8_SL4,8,4,6047.75,TP,8.0,13,09:30-09:45
2025-06-11,ES,PriorRTHHigh,reject,short,TP12_SL6,12,6,6047.75,TP,12.0,14,09:30-09:45
2025-06-11,ES,OR15High,reject,short,TP8_SL4,8,4,6047.75,TP,8.0,13,09:30-09:45
2025-06-11,ES,OR15High,reject,short,TP12_SL6,12,6,6047.75,TP,12.0,14,09:30-09:45
2025-06-11,ES,VWAP,reject,short,TP8_SL4,8,4,6047.75,TP,8.0,13,09:30-09:45
2025-06-11,ES,VWAP,reject,short,TP12_SL6,12,6,6047.75,TP,12.0,14,09:30-09:45
2025-06-11,ES,OR15Low,breakout,long,TP8_SL4,8,4,6045.5,SL,-4.0,1,09:30-09:45
2025-06-11,ES,OR15Low,breakout,long,TP12_SL6,12,6,6045.5,SL,-6.0,12,09:30-09:45
2025-06-11,ES,OR15Low,reject,short,TP8_SL4,8,4,6042.5,SL,-4.0,0,09:30-09:45
2025-06-11,ES,OR15Low,reject,short,TP12_SL6,12,6,6042.5,SL,-6.0,2,09:30-09:45
2025-06-11,ES,PriorRTHLow,breakout,long,TP8_SL4,8,4,6015.5,SL,-4.0,0,14:00-close
2025-06-11,ES,PriorRTHLow,breakout,long,TP12_SL6,12,6,6015.5,SL,-6.0,1,14:00-close
2025-06-11,ES,GlobexLow,breakout,long,TP8_SL4,8,4,6014.0,TP,8.0,3,14:00-close
2025-06-11,ES,GlobexLow,breakout,long,TP12_SL6,12,6,6014.0,TP,12.0,8,14:00-close
2025-06-12,ES,PriorRTHLow,breakout,long,TP8_SL4,8,4,6010.5,TP,8.0,6,09:30-09:45
2025-06-12,ES,PriorRTHLow,breakout,long,TP12_SL6,12,6,6010.5,TP,12.0,16,09:30-09:45
2025-06-12,ES,OR15High,reject,short,TP8_SL4,8,4,6010.5,SL,-4.0,1,09:30-09:45
2025-06-12,ES,OR15High,reject,short,TP12_SL6,12,6,6010.5,SL,-6.0,5,09:30-09:45
2025-06-12,ES,VWAP,reject,short,TP8_SL4,8,4,6010.5,SL,-4.0,1,09:30-09:45
2025-06-12,ES,VWAP,reject,short,TP12_SL6,12,6,6010.5,SL,-6.0,5,09:30-09:45
2025-06-12,ES,OR15Low,reject,short,TP8_SL4,8,4,6011.0,SL,-4.0,3,09:30-09:45
2025-06-12,ES,OR15Low,reject,short,TP12_SL6,12,6,6011.0,SL,-6.0,3,09:30-09:45
2025-06-12,ES,GlobexHigh,reject,short,TP8_SL4,8,4,6041.25,SL,-4.0,3,10:30-11:00
2025-06-12,ES,GlobexHigh,reject,short,TP12_SL6,12,6,6041.25,SL,-6.0,4,10:30-11:00
2025-06-13,ES,GlobexHigh,breakout,long,TP8_SL4,8,4,6008.0,SL,-4.0,3,09:30-09:45
2025-06-13,ES,GlobexHigh,breakout,long,TP12_SL6,12,6,6008.0,SL,-6.0,12,09:30-09:45
2025-06-13,ES,PriorRTHLow,reject,short,TP8_SL4,8,4,6008.0,SL,-4.0,6,09:30-09:45
2025-06-13,ES,PriorRTHLow,reject,short,TP12_SL6,12,6,6008.0,TP,12.0,21,09:30-09:45
2025-06-13,ES,OR15High,reject,short,TP8_SL4,8,4,6008.0,SL,-4.0,6,09:30-09:45
2025-06-13,ES,OR15High,reject,short,TP12_SL6,12,6,6008.0,TP,12.0,21,09:30-09:45
2025-06-13,ES,VWAP,reject,short,TP8_SL4,8,4,6008.0,SL,-4.0,6,09:30-09:45
2025-06-13,ES,VWAP,reject,short,TP12_SL6,12,6,6008.0,TP,12.0,21,09:30-09:45
2025-06-13,ES,OR15Low,breakout,long,TP8_SL4,8,4,6005.75,SL,-4.0,8,09:30-09:45
2025-06-13,ES,OR15Low,breakout,long,TP12_SL6,12,6,6005.75,SL,-6.0,12,09:30-09:45
2025-06-13,ES,GlobexHigh,reject,short,TP8_SL4,8,4,6003.25,SL,-4.0,3,09:45-10:00
2025-06-13,ES,GlobexHigh,reject,short,TP12_SL6,12,6,6003.25,TP,12.0,10,09:45-10:00
2025-06-13,ES,OR15Low,reject,short,TP8_SL4,8,4,5995.75,SL,-4.0,3,09:45-10:00
2025-06-13,ES,OR15Low,reject,short,TP12_SL6,12,6,5995.75,SL,-6.0,3,09:45-10:00
2025-06-16,ES,OR15High,reject,short,TP8_SL4,8,4,6022.25,SL,-4.0,4,09:30-09:45
2025-06-16,ES,OR15High,reject,short,TP12_SL6,12,6,6022.25,SL,-6.0,12,09:30-09:45
2025-06-16,ES,OR15Low,breakout,long,TP8_SL4,8,4,6022.25,TP,8.0,16,09:30-09:45
2025-06-16,ES,OR15Low,breakout,long,TP12_SL6,12,6,6022.25,TP,12.0,16,09:30-09:45
2025-06-16,ES,VWAP,reject,short,TP8_SL4,8,4,6022.25,SL,-4.0,4,09:30-09:45
2025-06-16,ES,VWAP,reject,short,TP12_SL6,12,6,6022.25,SL,-6.0,12,09:30-09:45
2025-06-16,ES,PriorRTHHigh,reject,short,TP8_SL4,8,4,6024.25,SL,-4.0,0,09:45-10:00
2025-06-16,ES,PriorRTHHigh,reject,short,TP12_SL6,12,6,6024.25,SL,-6.0,4,09:45-10:00
2025-06-16,ES,GlobexHigh,reject,short,TP8_SL4,8,4,6031.75,SL,-4.0,2,09:45-10:00
2025-06-16,ES,GlobexHigh,reject,short,TP12_SL6,12,6,6031.75,SL,-6.0,2,09:45-10:00
2025-06-17,ES,OR15Low,breakout,long,TP8_SL4,8,4,6014.75,SL,-4.0,4,09:30-09:45
2025-06-17,ES,OR15Low,breakout,long,TP12_SL6,12,6,6014.75,SL,-6.0,9,09:30-09:45
2025-06-17,ES,GlobexHigh,reject,short,TP8_SL4,8,4,6013.0,SL,-4.0,6,09:30-09:45
2025-06-17,ES,GlobexHigh,reject,short,TP12_SL6,12,6,6013.0,SL,-6.0,18,09:30-09:45
2025-06-17,ES,PriorRTHLow,reject,short,TP8_SL4,8,4,6013.0,SL,-4.0,6,09:30-09:45
2025-06-17,ES,PriorRTHLow,reject,short,TP12_SL6,12,6,6013.0,SL,-6.0,18,09:30-09:45
2025-06-17,ES,OR15High,reject,short,TP8_SL4,8,4,6013.0,SL,-4.0,6,09:30-09:45
2025-06-17,ES,OR15High,reject,short,TP12_SL6,12,6,6013.0,SL,-6.0,18,09:30-09:45
2025-06-17,ES,VWAP,reject,short,TP8_SL4,8,4,6013.0,SL,-4.0,6,09:30-09:45
2025-06-17,ES,VWAP,reject,short,TP12_SL6,12,6,6013.0,SL,-6.0,18,09:30-09:45
2025-06-17,ES,OR15Low,reject,short,TP8_SL4,8,4,6012.5,SL,-4.0,10,09:30-09:45
2025-06-17,ES,OR15Low,reject,short,TP12_SL6,12,6,6012.5,SL,-6.0,10,09:30-09:45
2025-06-18,ES,PriorRTHLow,breakout,long,TP8_SL4,8,4,5984.75,TP,8.0,14,09:30-09:45
2025-06-18,ES,PriorRTHLow,breakout,long,TP12_SL6,12,6,5984.75,TP,12.0,16,09:30-09:45
2025-06-18,ES,OR15High,reject,short,TP8_SL4,8,4,5984.75,SL,-4.0,4,09:30-09:45
2025-06-18,ES,OR15High,reject,short,TP12_SL6,12,6,5984.75,SL,-6.0,11,09:30-09:45
2025-06-18,ES,VWAP,reject,short,TP8_SL4,8,4,5984.75,SL,-4.0,4,09:30-09:45
2025-06-18,ES,VWAP,reject,short,TP12_SL6,12,6,5984.75,SL,-6.0,11,09:30-09:45
2025-06-18,ES,OR15Low,reject,short,TP8_SL4,8,4,5983.0,SL,-4.0,0,09:30-09:45
2025-06-18,ES,OR15Low,reject,short,TP12_SL6,12,6,5983.0,SL,-6.0,2,09:30-09:45
2025-06-18,ES,GlobexHigh,reject,short,TP8_SL4,8,4,5999.75,SL,-4.0,8,09:45-10:00
2025-06-18,ES,GlobexHigh,reject,short,TP12_SL6,12,6,5999.75,SL,-6.0,9,09:45-10:00
2025-06-18,ES,PriorRTHLow,reject,short,TP8_SL4,8,4,5981.0,SL,-4.0,3,14:00-close
2025-06-18,ES,PriorRTHLow,reject,short,TP12_SL6,12,6,5981.0,SL,-6.0,4,14:00-close
2025-06-19,ES,GlobexLow,breakout,long,TP8_SL4,8,4,5943.0,SL,-4.0,3,09:30-09:45
2025-06-19,ES,GlobexLow,breakout,long,TP12_SL6,12,6,5943.0,SL,-6.0,4,09:30-09:45
2025-06-19,ES,OR15Low,breakout,long,TP8_SL4,8,4,5943.0,SL,-4.0,3,09:30-09:45
2025-06-19,ES,OR15Low,breakout,long,TP12_SL6,12,6,5943.0,SL,-6.0,4,09:30-09:45
2025-06-19,ES,OR15High,reject,short,TP8_SL4,8,4,5942.25,TP,8.0,4,09:30-09:45
2025-06-19,ES,OR15High,reject,short,TP12_SL6,12,6,5942.25,TP,12.0,12,09:30-09:45
2025-06-19,ES,VWAP,reject,short,TP8_SL4,8,4,5942.25,TP,8.0,4,09:30-09:45
2025-06-19,ES,VWAP,reject,short,TP12_SL6,12,6,5942.25,TP,12.0,12,09:30-09:45
2025-06-19,ES,GlobexLow,reject,short,TP8_SL4,8,4,5938.5,TP,8.0,9,09:30-09:45
2025-06-19,ES,GlobexLow,reject,short,TP12_SL6,12,6,5938.5,TP,12.0,10,09:30-09:45
2025-06-19,ES,OR15Low,reject,short,TP8_SL4,8,4,5933.75,TP,8.0,4,09:30-09:45
2025-06-19,ES,OR15Low,reject,short,TP12_SL6,12,6,5933.75,TP,12.0,5,09:30-09:45
2025-06-23,ES,OR15Low,breakout,long,TP8_SL4,8,4,6015.75,SL,-4.0,0,09:30-09:45
2025-06-23,ES,OR15Low,breakout,long,TP12_SL6,12,6,6015.75,TP,12.0,4,09:30-09:45
2025-06-23,ES,VWAP,reject,short,TP8_SL4,8,4,6015.75,SL,-4.0,3,09:30-09:45
2025-06-23,ES,VWAP,reject,short,TP12_SL6,12,6,6015.75,SL,-6.0,3,09:30-09:45
2025-06-23,ES,GlobexLow,breakout,long,TP8_SL4,8,4,6014.25,TP,8.0,2,09:30-09:45
2025-06-23,ES,GlobexLow,breakout,long,TP12_SL6,12,6,6014.25,TP,12.0,3,09:30-09:45
2025-06-23,ES,OR15High,reject,short,TP8_SL4,8,4,6030.25,SL,-4.0,1,09:45-10:00
2025-06-23,ES,OR15High,reject,short,TP12_SL6,12,6,6030.25,SL,-6.0,2,09:45-10:00
2025-06-23,ES,OR15Low,reject,short,TP8_SL4,8,4,6009.5,TP,8.0,1,12:00-14:00
2025-06-23,ES,OR15Low,reject,short,TP12_SL6,12,6,6009.5,TP,12.0,3,12:00-14:00
2025-06-23,ES,GlobexLow,reject,short,TP8_SL4,8,4,5998.5,SL,-4.0,0,12:00-14:00
2025-06-23,ES,GlobexLow,reject,short,TP12_SL6,12,6,5998.5,SL,-6.0,0,12:00-14:00
2025-06-24,ES,OR15Low,breakout,long,TP8_SL4,8,4,6121.5,SL,-4.0,0,09:30-09:45
2025-06-24,ES,OR15Low,breakout,long,TP12_SL6,12,6,6121.5,SL,-6.0,25,09:30-09:45
2025-06-24,ES,GlobexLow,breakout,long,TP8_SL4,8,4,6119.75,TP,8.0,7,09:30-09:45
2025-06-24,ES,GlobexLow,breakout,long,TP12_SL6,12,6,6119.75,SL,-6.0,25,09:30-09:45
2025-06-24,ES,VWAP,reject,short,TP8_SL4,8,4,6119.75,SL,-4.0,2,09:30-09:45
2025-06-24,ES,VWAP,reject,short,TP12_SL6,12,6,6119.75,SL,-6.0,4,09:30-09:45
2025-06-24,ES,OR15High,reject,short,TP8_SL4,8,4,6125.5,SL,-4.0,1,09:45-10:00
2025-06-24,ES,OR15High,reject,short,TP12_SL6,12,6,6125.5,TP,12.0,14,09:45-10:00
2025-06-24,ES,OR15Low,reject,short,TP8_SL4,8,4,6115.75,SL,-4.0,2,09:45-10:00
2025-06-24,ES,OR15Low,reject,short,TP12_SL6,12,6,6115.75,SL,-6.0,2,09:45-10:00
2025-06-24,ES,GlobexHigh,reject,short,TP8_SL4,8,4,6145.5,SL,-4.0,66,12:00-14:00
2025-06-24,ES,GlobexHigh,reject,short,TP12_SL6,12,6,6145.5,SL,-6.0,73,12:00-14:00
2025-06-25,ES,GlobexHigh,reject,short,TP8_SL4,8,4,6154.25,SL,-4.0,1,09:30-09:45
2025-06-25,ES,GlobexHigh,reject,short,TP12_SL6,12,6,6154.25,SL,-6.0,9,09:30-09:45
2025-06-25,ES,GlobexLow,breakout,long,TP8_SL4,8,4,6154.25,SL,-4.0,16,09:30-09:45
2025-06-25,ES,GlobexLow,breakout,long,TP12_SL6,12,6,6154.25,SL,-6.0,40,09:30-09:45
2025-06-25,ES,PriorRTHHigh,reject,short,TP8_SL4,8,4,6154.25,SL,-4.0,1,09:30-09:45
2025-06-25,ES,PriorRTHHigh,reject,short,TP12_SL6,12,6,6154.25,SL,-6.0,9,09:30-09:45
2025-06-25,ES,OR15High,reject,short,TP8_SL4,8,4,6154.25,SL,-4.0,1,09:30-09:45
2025-06-25,ES,OR15High,reject,short,TP12_SL6,12,6,6154.25,SL,-6.0,9,09:30-09:45
2025-06-25,ES,OR15Low,reject,short,TP8_SL4,8,4,6154.25,SL,-4.0,1,09:30-09:45
2025-06-25,ES,OR15Low,reject,short,TP12_SL6,12,6,6154.25,SL,-6.0,9,09:30-09:45
2025-06-25,ES,VWAP,reject,short,TP8_SL4,8,4,6154.25,SL,-4.0,1,09:30-09:45
2025-06-25,ES,VWAP,reject,short,TP12_SL6,12,6,6154.25,SL,-6.0,9,09:30-09:45
2025-06-25,ES,GlobexLow,reject,short,TP8_SL4,8,4,6145.0,SL,-4.0,14,11:00-12:00
2025-06-25,ES,GlobexLow,reject,short,TP12_SL6,12,6,6145.0,TP,12.0,146,11:00-12:00
2025-06-26,ES,PriorRTHHigh,breakout,long,TP8_SL4,8,4,6166.5,SL,-4.0,12,09:30-09:45
2025-06-26,ES,PriorRTHHigh,breakout,long,TP12_SL6,12,6,6166.5,SL,-6.0,12,09:30-09:45
2025-06-26,ES,OR15High,reject,short,TP8_SL4,8,4,6166.25,SL,-4.0,23,09:30-09:45
2025-06-26,ES,OR15High,reject,short,TP12_SL6,12,6,6166.25,SL,-6.0,23,09:30-09:45
2025-06-26,ES,OR15Low,reject,short,TP8_SL4,8,4,6166.25,SL,-4.0,23,09:30-09:45
2025-06-26,ES,OR15Low,reject,short,TP12_SL6,12,6,6166.25,SL,-6.0,23,09:30-09:45
2025-06-26,ES,VWAP,reject,short,TP8_SL4,8,4,6166.25,SL,-4.0,23,09:30-09:45
2025-06-26,ES,VWAP,reject,short,TP12_SL6,12,6,6166.25,SL,-6.0,23,09:30-09:45
2025-06-26,ES,GlobexLow,breakout,long,TP8_SL4,8,4,6164.0,SL,-4.0,5,09:45-10:00
2025-06-26,ES,GlobexLow,breakout,long,TP12_SL6,12,6,6164.0,TP,12.0,43,09:45-10:00
2025-06-26,ES,PriorRTHHigh,reject,short,TP8_SL4,8,4,6165.5,SL,-4.0,13,09:45-10:00
2025-06-26,ES,PriorRTHHigh,reject,short,TP12_SL6,12,6,6165.5,SL,-6.0,13,09:45-10:00
2025-06-27,ES,GlobexLow,breakout,long,TP8_SL4,8,4,6205.25,TP,8.0,16,09:30-09:45
2025-06-27,ES,GlobexLow,breakout,long,TP12_SL6,12,6,6205.25,TP,12.0,22,09:30-09:45
2025-06-27,ES,PriorRTHHigh,breakout,long,TP8_SL4,8,4,6205.25,TP,8.0,16,09:30-09:45
2025-06-27,ES,PriorRTHHigh,breakout,long,TP12_SL6,12,6,6205.25,TP,12.0,22,09:30-09:45
2025-06-27,ES,OR15High,reject,short,TP8_SL4,8,4,6205.0,SL,-4.0,1,09:30-09:45
2025-06-27,ES,OR15High,reject,short,TP12_SL6,12,6,6205.0,SL,-6.0,1,09:30-09:45
2025-06-27,ES,OR15Low,reject,short,TP8_SL4,8,4,6205.0,SL,-4.0,1,09:30-09:45
2025-06-27,ES,OR15Low,reject,short,TP12_SL6,12,6,6205.0,SL,-6.0,1,09:30-09:45
2025-06-27,ES,VWAP,reject,short,TP8_SL4,8,4,6205.0,SL,-4.0,1,09:30-09:45
2025-06-27,ES,VWAP,reject,short,TP12_SL6,12,6,6205.0,SL,-6.0,1,09:30-09:45
2025-06-27,ES,GlobexHigh,reject,short,TP8_SL4,8,4,6218.5,SL,-4.0,0,10:00-10:30
2025-06-27,ES,GlobexHigh,reject,short,TP12_SL6,12,6,6218.5,SL,-6.0,0,10:00-10:30
2025-06-27,ES,PriorRTHHigh,reject,short,TP8_SL4,8,4,6203.25,TP,8.0,2,14:00-close
2025-06-27,ES,PriorRTHHigh,reject,short,TP12_SL6,12,6,6203.25,TP,12.0,11,14:00-close
2025-06-27,ES,GlobexLow,reject,short,TP8_SL4,8,4,6201.5,TP,8.0,2,14:00-close
2025-06-27,ES,GlobexLow,reject,short,TP12_SL6,12,6,6201.5,TP,12.0,11,14:00-close
2025-06-30,ES,GlobexLow,reject,short,TP8_SL4,8,4,6240.0,TP,8.0,67,09:30-09:45
2025-06-30,ES,GlobexLow,reject,short,TP12_SL6,12,6,6240.0,TP,12.0,264,09:30-09:45
2025-06-30,ES,OR15High,reject,short,TP8_SL4,8,4,6240.0,TP,8.0,67,09:30-09:45
2025-06-30,ES,OR15High,reject,short,TP12_SL6,12,6,6240.0,TP,12.0,264,09:30-09:45
2025-06-30,ES,OR15Low,breakout,long,TP8_SL4,8,4,6240.0,SL,-4.0,3,09:30-09:45
2025-06-30,ES,OR15Low,breakout,long,TP12_SL6,12,6,6240.0,SL,-6.0,48,09:30-09:45
2025-06-30,ES,VWAP,reject,short,TP8_SL4,8,4,6240.0,TP,8.0,67,09:30-09:45
2025-06-30,ES,VWAP,reject,short,TP12_SL6,12,6,6240.0,TP,12.0,264,09:30-09:45
2025-06-30,ES,PriorRTHHigh,reject,short,TP8_SL4,8,4,6238.25,SL,-4.0,2,09:30-09:45
2025-06-30,ES,PriorRTHHigh,reject,short,TP12_SL6,12,6,6238.25,SL,-6.0,186,09:30-09:45
2025-06-30,ES,OR15Low,reject,short,TP8_SL4,8,4,6238.25,SL,-4.0,2,09:30-09:45
2025-06-30,ES,OR15Low,reject,short,TP12_SL6,12,6,6238.25,SL,-6.0,186,09:30-09:45
2025-06-30,ES,GlobexHigh,reject,short,TP8_SL4,8,4,6252.75,SL,-4.0,18,14:00-close
2025-06-30,ES,GlobexHigh,reject,short,TP12_SL6,12,6,6252.75,SL,-6.0,20,14:00-close
2025-07-01,ES,GlobexLow,breakout,long,TP8_SL4,8,4,6239.75,SL,-4.0,11,09:30-09:45
2025-07-01,ES,GlobexLow,breakout,long,TP12_SL6,12,6,6239.75,TP,12.0,42,09:30-09:45
2025-07-01,ES,PriorRTHLow,breakout,long,TP8_SL4,8,4,6238.5,TP,8.0,14,09:30-09:45
2025-07-01,ES,PriorRTHLow,breakout,long,TP12_SL6,12,6,6238.5,TP,12.0,39,09:30-09:45
2025-07-01,ES,OR15High,reject,short,TP8_SL4,8,4,6237.25,SL,-4.0,2,09:30-09:45
2025-07-01,ES,OR15High,reject,short,TP12_SL6,12,6,6237.25,SL,-6.0,4,09:30-09:45
2025-07-01,ES,OR15Low,reject,short,TP8_SL4,8,4,6237.25,SL,-4.0,2,09:30-09:45
2025-07-01,ES,OR15Low,reject,short,TP12_SL6,12,6,6237.25,SL,-6.0,4,09:30-09:45
2025-07-01,ES,VWAP,reject,short,TP8_SL4,8,4,6237.25,SL,-4.0,2,09:30-09:45
2025-07-01,ES,VWAP,reject,short,TP12_SL6,12,6,6237.25,SL,-6.0,4,09:30-09:45
2025-07-01,ES,GlobexLow,reject,short,TP8_SL4,8,4,6229.5,SL,-4.0,4,11:00-12:00
2025-07-01,ES,GlobexLow,reject,short,TP12_SL6,12,6,6229.5,SL,-6.0,5,11:00-12:00
2025-07-01,ES,GlobexHigh,reject,short,TP8_SL4,8,4,6252.0,SL,-4.0,13,12:00-14:00
2025-07-01,ES,GlobexHigh,reject,short,TP12_SL6,12,6,6252.0,SL,-6.0,19,12:00-14:00
2025-07-01,ES,PriorRTHHigh,reject,short,TP8_SL4,8,4,6257.75,TP,8.0,64,12:00-14:00
2025-07-01,ES,PriorRTHHigh,reject,short,TP12_SL6,12,6,6257.75,TP,12.0,64,12:00-14:00
2025-07-02,ES,PriorRTHLow,breakout,long,TP8_SL4,8,4,6242.75,SL,-4.0,1,09:30-09:45
2025-07-02,ES,PriorRTHLow,breakout,long,TP12_SL6,12,6,6242.75,TP,12.0,52,09:30-09:45
2025-07-02,ES,OR15High,reject,short,TP8_SL4,8,4,6242.75,SL,-4.0,12,09:30-09:45
2025-07-02,ES,OR15High,reject,short,TP12_SL6,12,6,6242.75,SL,-6.0,30,09:30-09:45
2025-07-02,ES,VWAP,reject,short,TP8_SL4,8,4,6242.75,SL,-4.0,12,09:30-09:45
2025-07-02,ES,VWAP,reject,short,TP12_SL6,12,6,6242.75,SL,-6.0,30,09:30-09:45
2025-07-02,ES,GlobexLow,breakout,long,TP8_SL4,8,4,6241.75,TP,8.0,31,09:30-09:45
2025-07-02,ES,GlobexLow,breakout,long,TP12_SL6,12,6,6241.75,TP,12.0,50,09:30-09:45
2025-07-02,ES,OR15Low,reject,short,TP8_SL4,8,4,6239.5,SL,-4.0,3,09:30-09:45
2025-07-02,ES,OR15Low,reject,short,TP12_SL6,12,6,6239.5,SL,-6.0,5,09:30-09:45
2025-07-02,ES,GlobexLow,reject,short,TP8_SL4,8,4,6242.25,SL,-4.0,1,09:30-09:45
2025-07-02,ES,GlobexLow,reject,short,TP12_SL6,12,6,6242.25,SL,-6.0,2,09:30-09:45
2025-07-02,ES,PriorRTHHigh,reject,short,TP8_SL4,8,4,6255.75,SL,-4.0,3,10:00-10:30
2025-07-02,ES,PriorRTHHigh,reject,short,TP12_SL6,12,6,6255.75,SL,-6.0,10,10:00-10:30
2025-07-03,ES,OR15Low,breakout,long,TP8_SL4,8,4,6300.5,TP,8.0,17,09:30-09:45
2025-07-03,ES,OR15Low,breakout,long,TP12_SL6,12,6,6300.5,TP,12.0,18,09:30-09:45
2025-07-03,ES,OR15High,reject,short,TP8_SL4,8,4,6301.75,SL,-4.0,4,09:30-09:45
2025-07-03,ES,OR15High,reject,short,TP12_SL6,12,6,6301.75,SL,-6.0,8,09:30-09:45
2025-07-03,ES,VWAP,reject,short,TP8_SL4,8,4,6301.75,SL,-4.0,4,09:30-09:45
2025-07-03,ES,VWAP,reject,short,TP12_SL6,12,6,6301.75,SL,-6.0,8,09:30-09:45
2025-07-03,ES,GlobexHigh,reject,short,TP8_SL4,8,4,6316.5,SL,-4.0,5,10:00-10:30
2025-07-03,ES,GlobexHigh,reject,short,TP12_SL6,12,6,6316.5,SL,-6.0,22,10:00-10:30
2025-07-04,ES,GlobexLow,breakout,long,TP8_SL4,8,4,6284.25,SL,-4.0,3,09:30-09:45
2025-07-04,ES,GlobexLow,breakout,long,TP12_SL6,12,6,6284.25,EOD,-0.75,207,09:30-09:45
2025-07-04,ES,OR15High,reject,short,TP8_SL4,8,4,6281.25,SL,-4.0,5,09:30-09:45
2025-07-04,ES,OR15High,reject,short,TP12_SL6,12,6,6281.25,SL,-6.0,17,09:30-09:45
2025-07-04,ES,OR15Low,reject,short,TP8_SL4,8,4,6281.25,SL,-4.0,5,09:30-09:45
2025-07-04,ES,OR15Low,reject,short,TP12_SL6,12,6,6281.25,SL,-6.0,17,09:30-09:45
2025-07-04,ES,VWAP,reject,short,TP8_SL4,8,4,6281.25,SL,-4.0,5,09:30-09:45
2025-07-04,ES,VWAP,reject,short,TP12_SL6,12,6,6281.25,SL,-6.0,17,09:30-09:45
2025-07-04,ES,GlobexLow,reject,short,TP8_SL4,8,4,6285.5,SL,-4.0,31,09:45-10:00
2025-07-04,ES,GlobexLow,reject,short,TP12_SL6,12,6,6285.5,SL,-6.0,31,09:45-10:00
2025-07-04,ES,PriorRTHLow,reject,short,TP8_SL4,8,4,6285.5,SL,-4.0,31,09:45-10:00
2025-07-04,ES,PriorRTHLow,reject,short,TP12_SL6,12,6,6285.5,SL,-6.0,31,09:45-10:00
2025-07-07,ES,PriorRTHHigh,breakout,long,TP8_SL4,8,4,6301.75,SL,-4.0,1,09:30-09:45
2025-07-07,ES,PriorRTHHigh,breakout,long,TP12_SL6,12,6,6301.75,SL,-6.0,29,09:30-09:45
2025-07-07,ES,OR15High,reject,short,TP8_SL4,8,4,6301.75,SL,-4.0,18,09:30-09:45
2025-07-07,ES,OR15High,reject,short,TP12_SL6,12,6,6301.75,SL,-6.0,19,09:30-09:45
2025-07-07,ES,OR15Low,breakout,long,TP8_SL4,8,4,6301.75,SL,-4.0,1,09:30-09:45
2025-07-07,ES,OR15Low,breakout,long,TP12_SL6,12,6,6301.75,SL,-6.0,29,09:30-09:45
2025-07-07,ES,VWAP,reject,short,TP8_SL4,8,4,6301.75,SL,-4.0,18,09:30-09:45
2025-07-07,ES,VWAP,reject,short,TP12_SL6,12,6,6301.75,SL,-6.0,19,09:30-09:45
2025-07-07,ES,OR15Low,reject,short,TP8_SL4,8,4,6301.75,SL,-4.0,11,09:30-09:45
2025-07-07,ES,OR15Low,reject,short,TP12_SL6,12,6,6301.75,SL,-6.0,12,09:30-09:45
2025-07-07,ES,GlobexHigh,reject,short,TP8_SL4,8,4,6306.0,TP,8.0,8,09:45-10:00
2025-07-07,ES,GlobexHigh,reject,short,TP12_SL6,12,6,6306.0,TP,12.0,21,09:45-10:00
2025-07-07,ES,PriorRTHHigh,reject,short,TP8_SL4,8,4,6294.5,SL,-4.0,1,10:00-10:30
2025-07-07,ES,PriorRTHHigh,reject,short,TP12_SL6,12,6,6294.5,SL,-6.0,7,10:00-10:30
2025-07-07,ES,PriorRTHLow,breakout,long,TP8_SL4,8,4,6290.25,SL,-4.0,22,10:30-11:00
2025-07-07,ES,PriorRTHLow,breakout,long,TP12_SL6,12,6,6290.25,SL,-6.0,27,10:30-11:00
2025-07-07,ES,PriorRTHLow,reject,short,TP8_SL4,8,4,6287.0,SL,-4.0,25,11:00-12:00
2025-07-07,ES,PriorRTHLow,reject,short,TP12_SL6,12,6,6287.0,TP,12.0,43,11:00-12:00
2025-07-07,ES,GlobexLow,breakout,long,TP8_SL4,8,4,6264.75,SL,-4.0,0,12:00-14:00
2025-07-07,ES,GlobexLow,breakout,long,TP12_SL6,12,6,6264.75,TP,12.0,1,12:00-14:00
2025-07-07,ES,GlobexLow,reject,short,TP8_SL4,8,4,6248.75,SL,-4.0,3,14:00-close
2025-07-07,ES,GlobexLow,reject,short,TP12_SL6,12,6,6248.75,SL,-6.0,4,14:00-close
2025-07-08,ES,OR15High,reject,short,TP8_SL4,8,4,6276.25,SL,-4.0,9,09:30-09:45
2025-07-08,ES,OR15High,reject,short,TP12_SL6,12,6,6276.25,SL,-6.0,12,09:30-09:45
2025-07-08,ES,VWAP,reject,short,TP8_SL4,8,4,6276.25,SL,-4.0,9,09:30-09:45
2025-07-08,ES,VWAP,reject,short,TP12_SL6,12,6,6276.25,SL,-6.0,12,09:30-09:45
2025-07-08,ES,OR15Low,reject,short,TP8_SL4,8,4,6273.25,SL,-4.0,5,09:30-09:45
2025-07-08,ES,OR15Low,reject,short,TP12_SL6,12,6,6273.25,SL,-6.0,7,09:30-09:45
2025-07-08,ES,GlobexHigh,reject,short,TP8_SL4,8,4,6280.5,TP,8.0,11,09:45-10:00
2025-07-08,ES,GlobexHigh,reject,short,TP12_SL6,12,6,6280.5,TP,12.0,14,09:45-10:00
2025-07-08,ES,GlobexLow,breakout,long,TP8_SL4,8,4,6272.25,SL,-4.0,2,10:00-10:30
2025-07-08,ES,GlobexLow,breakout,long,TP12_SL6,12,6,6272.25,SL,-6.0,4,10:00-10:30
2025-07-09,ES,PriorRTHHigh,breakout,long,TP8_SL4,8,4,6301.25,TP,8.0,10,09:30-09:45
2025-07-09,ES,PriorRTHHigh,breakout,long,TP12_SL6,12,6,6301.25,TP,12.0,13,09:30-09:45
2025-07-09,ES,OR15Low,breakout,long,TP8_SL4,8,4,6301.0,TP,8.0,9,09:30-09:45
2025-07-09,ES,OR15Low,breakout,long,TP12_SL6,12,6,6301.0,TP,12.0,12,09:30-09:45
2025-07-09,ES,VWAP,breakout,long,TP8_SL4,8,4,6306.75,TP,8.0,8,09:30-09:45
2025-07-09,ES,VWAP,breakout,long,TP12_SL6,12,6,6306.75,SL,-6.0,46,09:30-09:45
2025-07-09,ES,GlobexHigh,reject,short,TP8_SL4,8,4,6311.75,TP,8.0,33,09:45-10:00
2025-07-09,ES,GlobexHigh,reject,short,TP12_SL6,12,6,6311.75,TP,12.0,34,09:45-10:00
2025-07-09,ES,OR15High,reject,short,TP8_SL4,8,4,6311.75,TP,8.0,33,09:45-10:00
2025-07-09,ES,OR15High,reject,short,TP12_SL6,12,6,6311.75,TP,12.0,34,09:45-10:00
2025-07-09,ES,VWAP,reject,short,TP8_SL4,8,4,6311.75,TP,8.0,33,09:45-10:00
2025-07-09,ES,VWAP,reject,short,TP12_SL6,12,6,6311.75,TP,12.0,34,09:45-10:00
2025-07-09,ES,OR15Low,reject,short,TP8_SL4,8,4,6292.5,TP,8.0,13,10:30-11:00
2025-07-09,ES,OR15Low,reject,short,TP12_SL6,12,6,6292.5,TP,12.0,17,10:30-11:00
2025-07-09,ES,PriorRTHHigh,reject,short,TP8_SL4,8,4,6291.25,TP,8.0,14,10:30-11:00
2025-07-09,ES,PriorRTHHigh,reject,short,TP12_SL6,12,6,6291.25,TP,12.0,21,10:30-11:00
2025-07-10,ES,OR15High,reject,short,TP8_SL4,8,4,6303.5,SL,-4.0,44,09:30-09:45
2025-07-10,ES,OR15High,reject,short,TP12_SL6,12,6,6303.5,SL,-6.0,64,09:30-09:45
2025-07-10,ES,VWAP,reject,short,TP8_SL4,8,4,6303.5,SL,-4.0,44,09:30-09:45
2025-07-10,ES,VWAP,reject,short,TP12_SL6,12,6,6303.5,SL,-6.0,64,09:30-09:45
2025-07-10,ES,OR15Low,reject,short,TP8_SL4,8,4,6303.5,SL,-4.0,38,09:30-09:45
2025-07-10,ES,OR15Low,reject,short,TP12_SL6,12,6,6303.5,SL,-6.0,58,09:30-09:45
2025-07-10,ES,PriorRTHHigh,reject,short,TP8_SL4,8,4,6314.25,SL,-4.0,6,10:30-11:00
2025-07-10,ES,PriorRTHHigh,reject,short,TP12_SL6,12,6,6314.25,SL,-6.0,21,10:30-11:00
2025-07-10,ES,GlobexHigh,reject,short,TP8_SL4,8,4,6321.0,SL,-4.0,51,12:00-14:00
2025-07-10,ES,GlobexHigh,reject,short,TP12_SL6,12,6,6321.0,SL,-6.0,61,12:00-14:00
2025-07-11,ES,PriorRTHLow,reject,short,TP8_SL4,8,4,6291.25,TP,8.0,6,09:30-09:45
2025-07-11,ES,PriorRTHLow,reject,short,TP12_SL6,12,6,6291.25,TP,12.0,12,09:30-09:45
2025-07-11,ES,OR15High,reject,short,TP8_SL4,8,4,6291.25,TP,8.0,6,09:30-09:45
2025-07-11,ES,OR15High,reject,short,TP12_SL6,12,6,6291.25,TP,12.0,12,09:30-09:45
2025-07-11,ES,OR15Low,breakout,long,TP8_SL4,8,4,6291.25,SL,-4.0,2,09:30-09:45
2025-07-11,ES,OR15Low,breakout,long,TP12_SL6,12,6,6291.25,SL,-6.0,5,09:30-09:45
2025-07-11,ES,VWAP,reject,short,TP8_SL4,8,4,6291.25,TP,8.0,6,09:30-09:45
2025-07-11,ES,VWAP,reject,short,TP12_SL6,12,6,6291.25,TP,12.0,12,09:30-09:45
2025-07-11,ES,GlobexLow,breakout,long,TP8_SL4,8,4,6289.5,SL,-4.0,4,09:30-09:45
2025-07-11,ES,GlobexLow,breakout,long,TP12_SL6,12,6,6289.5,SL,-6.0,5,09:30-09:45
2025-07-11,ES,OR15Low,reject,short,TP8_SL4,8,4,6283.25,SL,-4.0,7,09:30-09:45
2025-07-11,ES,OR15Low,reject,short,TP12_SL6,12,6,6283.25,SL,-6.0,8,09:30-09:45
2025-07-11,ES,GlobexLow,reject,short,TP8_SL4,8,4,6289.5,SL,-4.0,4,09:45-10:00
2025-07-11,ES,GlobexLow,reject,short,TP12_SL6,12,6,6289.5,SL,-6.0,5,09:45-10:00
2025-07-11,ES,GlobexHigh,reject,short,TP8_SL4,8,4,6304.5,TP,8.0,14,10:30-11:00
2025-07-11,ES,GlobexHigh,reject,short,TP12_SL6,12,6,6304.5,TP,12.0,35,10:30-11:00
2025-07-14,ES,PriorRTHLow,breakout,long,TP8_SL4,8,4,6292.75,SL,-4.0,2,09:30-09:45
2025-07-14,ES,PriorRTHLow,breakout,long,TP12_SL6,12,6,6292.75,SL,-6.0,9,09:30-09:45
2025-07-14,ES,OR15High,reject,short,TP8_SL4,8,4,6292.75,TP,8.0,9,09:30-09:45
2025-07-14,ES,OR15High,reject,short,TP12_SL6,12,6,6292.75,TP,12.0,10,09:30-09:45
2025-07-14,ES,OR15Low,breakout,long,TP8_SL4,8,4,6292.75,SL,-4.0,2,09:30-09:45
2025-07-14,ES,OR15Low,breakout,long,TP12_SL6,12,6,6292.75,SL,-6.0,9,09:30-09:45
2025-07-14,ES,VWAP,reject,short,TP8_SL4,8,4,6292.75,TP,8.0,9,09:30-09:45
2025-07-14,ES,VWAP,reject,short,TP12_SL6,12,6,6292.75,TP,12.0,10,09:30-09:45
2025-07-14,ES,PriorRTHLow,reject,short,TP8_SL4,8,4,6281.5,SL,-4.0,0,09:45-10:00
2025-07-14,ES,PriorRTHLow,reject,short,TP12_SL6,12,6,6281.5,SL,-6.0,2,09:45-10:00
2025-07-14,ES,OR15Low,reject,short,TP8_SL4,8,4,6281.5,SL,-4.0,0,09:45-10:00
2025-07-14,ES,OR15Low,reject,short,TP12_SL6,12,6,6281.5,SL,-6.0,2,09:45-10:00
2025-07-14,ES,PriorRTHHigh,reject,short,TP8_SL4,8,4,6302.25,SL,-4.0,67,11:00-12:00
2025-07-14,ES,PriorRTHHigh,reject,short,TP12_SL6,12,6,6302.25,SL,-6.0,76,11:00-12:00
2025-07-15,ES,GlobexHigh,reject,short,TP8_SL4,8,4,6337.25,TP,8.0,5,09:30-09:45
2025-07-15,ES,GlobexHigh,reject,short,TP12_SL6,12,6,6337.25,TP,12.0,7,09:30-09:45
2025-07-15,ES,OR15High,reject,short,TP8_SL4,8,4,6337.25,TP,8.0,5,09:30-09:45
2025-07-15,ES,OR15High,reject,short,TP12_SL6,12,6,6337.25,TP,12.0,7,09:30-09:45
2025-07-15,ES,VWAP,reject,short,TP8_SL4,8,4,6337.25,TP,8.0,5,09:30-09:45
2025-07-15,ES,VWAP,reject,short,TP12_SL6,12,6,6337.25,TP,12.0,7,09:30-09:45
2025-07-15,ES,OR15Low,breakout,long,TP8_SL4,8,4,6333.5,SL,-4.0,4,09:30-09:45
2025-07-15,ES,OR15Low,breakout,long,TP12_SL6,12,6,6333.5,SL,-6.0,5,09:30-09:45
2025-07-15,ES,PriorRTHHigh,breakout,long,TP8_SL4,8,4,6327.75,SL,-4.0,0,09:30-09:45
2025-07-15,ES,PriorRTHHigh,breakout,long,TP12_SL6,12,6,6327.75,SL,-6.0,0,09:30-09:45
2025-07-15,ES,OR15Low,reject,short,TP8_SL4,8,4,6324.25,SL,-4.0,3,09:30-09:45
2025-07-15,ES,OR15Low,reject,short,TP12_SL6,12,6,6324.25,TP,12.0,50,09:30-09:45
2025-07-15,ES,PriorRTHHigh,reject,short,TP8_SL4,8,4,6317.0,SL,-4.0,2,10:00-10:30
2025-07-15,ES,PriorRTHHigh,reject,short,TP12_SL6,12,6,6317.0,SL,-6.0,7,10:00-10:30
2025-07-15,ES,PriorRTHLow,breakout,long,TP8_SL4,8,4,6294.0,TP,8.0,32,12:00-14:00
2025-07-15,ES,PriorRTHLow,breakout,long,TP12_SL6,12,6,6294.0,TP,12.0,39,12:00-14:00
2025-07-16,ES,GlobexHigh,reject,short,TP8_SL4,8,4,6294.5,SL,-4.0,0,09:30-09:45
2025-07-16,ES,GlobexHigh,reject,short,TP12_SL6,12,6,6294.5,SL,-6.0,0,09:30-09:45
2025-07-16,ES,PriorRTHLow,breakout,long,TP8_SL4,8,4,6294.5,SL,-4.0,12,09:30-09:45
2025-07-16,ES,PriorRTHLow,breakout,long,TP12_SL6,12,6,6294.5,SL,-6.0,16,09:30-09:45
2025-07-16,ES,OR15High,reject,short,TP8_SL4,8,4,6294.5,SL,-4.0,0,09:30-09:45
2025-07-16,ES,OR15High,reject,short,TP12_SL6,12,6,6294.5,SL,-6.0,0,09:30-09:45
2025-07-16,ES,VWAP,reject,short,TP8_SL4,8,4,6294.5,SL,-4.0,0,09:30-09:45
2025-07-16,ES,VWAP,reject,short,TP12_SL6,12,6,6294.5,SL,-6.0,0,09:30-09:45
2025-07-16,ES,OR15Low,breakout,long,TP8_SL4,8,4,6296.0,SL,-4.0,6,09:30-09:45
2025-07-16,ES,OR15Low,breakout,long,TP12_SL6,12,6,6296.0,SL,-6.0,10,09:30-09:45
2025-07-16,ES,OR15Low,reject,short,TP8_SL4,8,4,6296.25,TP,8.0,11,09:30-09:45
2025-07-16,ES,OR15Low,reject,short,TP12_SL6,12,6,6296.25,TP,12.0,12,09:30-09:45
2025-07-16,ES,PriorRTHLow,reject,short,TP8_SL4,8,4,6283.5,SL,-4.0,17,09:45-10:00
2025-07-16,ES,PriorRTHLow,reject,short,TP12_SL6,12,6,6283.5,SL,-6.0,27,09:45-10:00
2025-07-16,ES,GlobexLow,breakout,long,TP8_SL4,8,4,6274.75,SL,-4.0,1,11:00-12:00
2025-07-16,ES,GlobexLow,breakout,long,TP12_SL6,12,6,6274.75,SL,-6.0,1,11:00-12:00
2025-07-16,ES,GlobexLow,reject,short,TP8_SL4,8,4,6258.75,SL,-4.0,0,11:00-12:00
2025-07-16,ES,GlobexLow,reject,short,TP12_SL6,12,6,6258.75,SL,-6.0,0,11:00-12:00
2025-07-17,ES,PriorRTHHigh,reject,short,TP8_SL4,8,4,6305.75,SL,-4.0,4,09:30-09:45
2025-07-17,ES,PriorRTHHigh,reject,short,TP12_SL6,12,6,6305.75,SL,-6.0,7,09:30-09:45
2025-07-17,ES,VWAP,reject,short,TP8_SL4,8,4,6305.75,SL,-4.0,4,09:30-09:45
2025-07-17,ES,VWAP,reject,short,TP12_SL6,12,6,6305.75,SL,-6.0,7,09:30-09:45
2025-07-17,ES,OR15Low,breakout,long,TP8_SL4,8,4,6308.5,TP,8.0,4,09:30-09:45
2025-07-17,ES,OR15Low,breakout,long,TP12_SL6,12,6,6308.5,TP,12.0,11,09:30-09:45
2025-07-17,ES,OR15High,reject,short,TP8_SL4,8,4,6318.25,SL,-4.0,5,09:45-10:00
2025-07-17,ES,OR15High,reject,short,TP12_SL6,12,6,6318.25,SL,-6.0,69,09:45-10:00
2025-07-18,ES,GlobexLow,breakout,long,TP8_SL4,8,4,6350.0,SL,-4.0,3,09:30-09:45
2025-07-18,ES,GlobexLow,breakout,long,TP12_SL6,12,6,6350.0,SL,-6.0,6,09:30-09:45
2025-07-18,ES,OR15Low,breakout,long,TP8_SL4,8,4,6350.0,SL,-4.0,3,09:30-09:45
2025-07-18,ES,OR15Low,breakout,long,TP12_SL6,12,6,6350.0,SL,-6.0,6,09:30-09:45
2025-07-18,ES,GlobexHigh,reject,short,TP8_SL4,8,4,6347.75,SL,-4.0,25,09:30-09:45
2025-07-18,ES,GlobexHigh,reject,short,TP12_SL6,12,6,6347.75,TP,12.0,41,09:30-09:45
2025-07-18,ES,PriorRTHHigh,reject,short,TP8_SL4,8,4,6347.75,SL,-4.0,25,09:30-09:45
2025-07-18,ES,PriorRTHHigh,reject,short,TP12_SL6,12,6,6347.75,TP,12.0,41,09:30-09:45
2025-07-18,ES,OR15High,reject,short,TP8_SL4,8,4,6347.75,SL,-4.0,25,09:30-09:45
2025-07-18,ES,OR15High,reject,short,TP12_SL6,12,6,6347.75,TP,12.0,41,09:30-09:45
2025-07-18,ES,VWAP,reject,short,TP8_SL4,8,4,6347.75,SL,-4.0,25,09:30-09:45
2025-07-18,ES,VWAP,reject,short,TP12_SL6,12,6,6347.75,TP,12.0,41,09:30-09:45
2025-07-18,ES,OR15Low,reject,short,TP8_SL4,8,4,6346.5,SL,-4.0,11,09:30-09:45
2025-07-18,ES,OR15Low,reject,short,TP12_SL6,12,6,6346.5,SL,-6.0,23,09:30-09:45
2025-07-18,ES,GlobexLow,reject,short,TP8_SL4,8,4,6349.0,TP,8.0,10,10:00-10:30
2025-07-18,ES,GlobexLow,reject,short,TP12_SL6,12,6,6349.0,TP,12.0,15,10:00-10:30
2025-07-21,ES,GlobexLow,breakout,long,TP8_SL4,8,4,6348.75,TP,8.0,12,09:30-09:45
2025-07-21,ES,GlobexLow,breakout,long,TP12_SL6,12,6,6348.75,TP,12.0,19,09:30-09:45
2025-07-21,ES,OR15Low,breakout,long,TP8_SL4,8,4,6351.25,TP,8.0,5,09:30-09:45
2025-07-21,ES,OR15Low,breakout,long,TP12_SL6,12,6,6351.25,TP,12.0,14,09:30-09:45
2025-07-21,ES,VWAP,breakout,long,TP8_SL4,8,4,6357.75,TP,8.0,13,09:45-10:00
2025-07-21,ES,VWAP,breakout,long,TP12_SL6,12,6,6357.75,TP,12.0,34,09:45-10:00
2025-07-21,ES,PriorRTHHigh,breakout,long,TP8_SL4,8,4,6360.25,TP,8.0,6,09:45-10:00
2025-07-21,ES,PriorRTHHigh,breakout,long,TP12_SL6,12,6,6360.25,TP,12.0,34,09:45-10:00
2025-07-21,ES,OR15High,breakout,long,TP8_SL4,8,4,6360.25,TP,8.0,6,09:45-10:00
2025-07-21,ES,OR15High,breakout,long,TP12_SL6,12,6,6360.25,TP,12.0,34,09:45-10:00
2025-07-21,ES,GlobexHigh,breakout,long,TP8_SL4,8,4,6363.5,TP,8.0,32,09:45-10:00
2025-07-21,ES,GlobexHigh,breakout,long,TP12_SL6,12,6,6363.5,SL,-6.0,312,09:45-10:00
2025-07-21,ES,VWAP,reject,short,TP8_SL4,8,4,6366.0,SL,-4.0,15,10:00-10:30
2025-07-21,ES,VWAP,reject,short,TP12_SL6,12,6,6366.0,SL,-6.0,22,10:00-10:30
2025-07-21,ES,GlobexHigh,reject,short,TP8_SL4,8,4,6354.0,TP,8.0,33,14:00-close
2025-07-21,ES,GlobexHigh,reject,short,TP12_SL6,12,6,6354.0,TP,12.0,47,14:00-close
2025-07-21,ES,PriorRTHHigh,reject,short,TP8_SL4,8,4,6354.0,TP,8.0,33,14:00-close
2025-07-21,ES,PriorRTHHigh,reject,short,TP12_SL6,12,6,6354.0,TP,12.0,47,14:00-close
2025-07-21,ES,OR15High,reject,short,TP8_SL4,8,4,6354.0,TP,8.0,33,14:00-close
2025-07-21,ES,OR15High,reject,short,TP12_SL6,12,6,6354.0,TP,12.0,47,14:00-close
2025-07-21,ES,OR15Low,reject,short,TP8_SL4,8,4,6345.25,SL,-4.0,5,14:00-close
2025-07-21,ES,OR15Low,reject,short,TP12_SL6,12,6,6345.25,EOD,0.0,14,14:00-close
2025-07-21,ES,GlobexLow,reject,short,TP8_SL4,8,4,6345.75,EOD,0.5,5,14:00-close
2025-07-21,ES,GlobexLow,reject,short,TP12_SL6,12,6,6345.75,EOD,0.5,5,14:00-close
2025-07-22,ES,GlobexLow,breakout,long,TP8_SL4,8,4,6341.0,TP,8.0,6,09:30-09:45
2025-07-22,ES,GlobexLow,breakout,long,TP12_SL6,12,6,6341.0,SL,-6.0,18,09:30-09:45
2025-07-22,ES,PriorRTHLow,breakout,long,TP8_SL4,8,4,6348.25,SL,-4.0,3,09:30-09:45
2025-07-22,ES,PriorRTHLow,breakout,long,TP12_SL6,12,6,6348.25,SL,-6.0,6,09:30-09:45
2025-07-22,ES,OR15Low,breakout,long,TP8_SL4,8,4,6348.25,SL,-4.0,3,09:30-09:45
2025-07-22,ES,OR15Low,breakout,long,TP12_SL6,12,6,6348.25,SL,-6.0,6,09:30-09:45
2025-07-22,ES,PriorRTHLow,reject,short,TP8_SL4,8,4,6344.25,TP,8.0,5,09:30-09:45
2025-07-22,ES,PriorRTHLow,reject,short,TP12_SL6,12,6,6344.25,TP,12.0,8,09:30-09:45
2025-07-22,ES,OR15High,reject,short,TP8_SL4,8,4,6344.25,TP,8.0,5,09:30-09:45
2025-07-22,ES,OR15High,reject,short,TP12_SL6,12,6,6344.25,TP,12.0,8,09:30-09:45
2025-07-22,ES,OR15Low,reject,short,TP8_SL4,8,4,6344.25,TP,8.0,5,09:30-09:45
2025-07-22,ES,OR15Low,reject,short,TP12_SL6,12,6,6344.25,TP,12.0,8,09:30-09:45
2025-07-22,ES,VWAP,reject,short,TP8_SL4,8,4,6344.25,TP,8.0,5,09:30-09:45
2025-07-22,ES,VWAP,reject,short,TP12_SL6,12,6,6344.25,TP,12.0,8,09:30-09:45
2025-07-22,ES,GlobexLow,reject,short,TP8_SL4,8,4,6337.25,TP,8.0,1,09:45-10:00
2025-07-22,ES,GlobexLow,reject,short,TP12_SL6,12,6,6337.25,TP,12.0,2,09:45-10:00
2025-07-23,ES,GlobexLow,breakout,long,TP8_SL4,8,4,6366.25,SL,-4.0,12,09:30-09:45
2025-07-23,ES,GlobexLow,breakout,long,TP12_SL6,12,6,6366.25,SL,-6.0,12,09:30-09:45
2025-07-23,ES,PriorRTHHigh,breakout,long,TP8_SL4,8,4,6366.25,SL,-4.0,12,09:30-09:45
2025-07-23,ES,PriorRTHHigh,breakout,long,TP12_SL6,12,6,6366.25,SL,-6.0,12,09:30-09:45
2025-07-23,ES,OR15Low,breakout,long,TP8_SL4,8,4,6370.0,SL,-4.0,0,09:30-09:45
2025-07-23,ES,OR15Low,breakout,long,TP12_SL6,12,6,6370.0,SL,-6.0,1,09:30-09:45
2025-07-23,ES,OR15High,reject,short,TP8_SL4,8,4,6365.75,TP,8.0,4,09:30-09:45
2025-07-23,ES,OR15High,reject,short,TP12_SL6,12,6,6365.75,TP,12.0,19,09:30-09:45
2025-07-23,ES,OR15Low,reject,short,TP8_SL4,8,4,6365.75,TP,8.0,4,09:30-09:45
2025-07-23,ES,OR15Low,reject,short,TP12_SL6,12,6,6365.75,TP,12.0,19,09:30-09:45
2025-07-23,ES,VWAP,reject,short,TP8_SL4,8,4,6365.75,TP,8.0,4,09:30-09:45
2025-07-23,ES,VWAP,reject,short,TP12_SL6,12,6,6365.75,TP,12.0,19,09:30-09:45
2025-07-23,ES,GlobexLow,reject,short,TP8_SL4,8,4,6358.5,SL,-4.0,1,09:45-10:00
2025-07-23,ES,GlobexLow,reject,short,TP12_SL6,12,6,6358.5,SL,-6.0,43,09:45-10:00
2025-07-23,ES,PriorRTHHigh,reject,short,TP8_SL4,8,4,6356.0,SL,-4.0,9,09:45-10:00
2025-07-23,ES,PriorRTHHigh,reject,short,TP12_SL6,12,6,6356.0,SL,-6.0,28,09:45-10:00
2025-07-24,ES,GlobexLow,breakout,long,TP8_SL4,8,4,6401.0,SL,-4.0,5,09:30-09:45
2025-07-24,ES,GlobexLow,breakout,long,TP12_SL6,12,6,6401.0,TP,12.0,87,09:30-09:45
2025-07-24,ES,PriorRTHHigh,reject,short,TP8_SL4,8,4,6401.0,SL,-4.0,13,09:30-09:45
2025-07-24,ES,PriorRTHHigh,reject,short,TP12_SL6,12,6,6401.0,SL,-6.0,14,09:30-09:45
2025-07-24,ES,OR15High,reject,short,TP8_SL4,8,4,6401.0,SL,-4.0,13,09:30-09:45
2025-07-24,ES,OR15High,reject,short,TP12_SL6,12,6,6401.0,SL,-6.0,14,09:30-09:45
2025-07-24,ES,VWAP,reject,short,TP8_SL4,8,4,6401.0,SL,-4.0,13,09:30-09:45
2025-07-24,ES,VWAP,reject,short,TP12_SL6,12,6,6401.0,SL,-6.0,14,09:30-09:45
2025-07-24,ES,OR15Low,reject,short,TP8_SL4,8,4,6400.0,SL,-4.0,9,09:30-09:45
2025-07-24,ES,OR15Low,reject,short,TP12_SL6,12,6,6400.0,SL,-6.0,11,09:30-09:45
2025-07-24,ES,GlobexHigh,reject,short,TP8_SL4,8,4,6412.5,TP,8.0,68,11:00-12:00
2025-07-24,ES,GlobexHigh,reject,short,TP12_SL6,12,6,6412.5,TP,12.0,80,11:00-12:00
2025-07-25,ES,GlobexLow,reject,short,TP8_SL4,8,4,6403.5,SL,-4.0,2,09:30-09:45
2025-07-25,ES,GlobexLow,reject,short,TP12_SL6,12,6,6403.5,SL,-6.0,20,09:30-09:45
2025-07-25,ES,PriorRTHLow,breakout,long,TP8_SL4,8,4,6403.5,TP,8.0,61,09:30-09:45
2025-07-25,ES,PriorRTHLow,breakout,long,TP12_SL6,12,6,6403.5,TP,12.0,73,09:30-09:45
2025-07-25,ES,OR15High,reject,short,TP8_SL4,8,4,6403.5,SL,-4.0,2,09:30-09:45
2025-07-25,ES,OR15High,reject,short,TP12_SL6,12,6,6403.5,SL,-6.0,20,09:30-09:45
2025-07-25,ES,OR15Low,reject,short,TP8_SL4,8,4,6403.5,SL,-4.0,2,09:30-09:45
2025-07-25,ES,OR15Low,reject,short,TP12_SL6,12,6,6403.5,SL,-6.0,20,09:30-09:45
2025-07-25,ES,VWAP,reject,short,TP8_SL4,8,4,6403.5,SL,-4.0,2,09:30-09:45
2025-07-25,ES,VWAP,reject,short,TP12_SL6,12,6,6403.5,SL,-6.0,20,09:30-09:45
2025-07-25,ES,GlobexHigh,reject,short,TP8_SL4,8,4,6412.25,SL,-4.0,74,10:30-11:00
2025-07-25,ES,GlobexHigh,reject,short,TP12_SL6,12,6,6412.25,SL,-6.0,76,10:30-11:00
2025-07-25,ES,PriorRTHHigh,reject,short,TP8_SL4,8,4,6412.25,SL,-4.0,74,10:30-11:00
2025-07-25,ES,PriorRTHHigh,reject,short,TP12_SL6,12,6,6412.25,SL,-6.0,76,10:30-11:00
2025-07-28,ES,PriorRTHHigh,reject,short,TP8_SL4,8,4,6428.25,SL,-4.0,32,09:30-09:45
2025-07-28,ES,PriorRTHHigh,reject,short,TP12_SL6,12,6,6428.25,SL,-6.0,44,09:30-09:45
2025-07-28,ES,OR15High,reject,short,TP8_SL4,8,4,6428.25,SL,-4.0,32,09:30-09:45
2025-07-28,ES,OR15High,reject,short,TP12_SL6,12,6,6428.25,SL,-6.0,44,09:30-09:45
2025-07-28,ES,VWAP,reject,short,TP8_SL4,8,4,6428.25,SL,-4.0,32,09:30-09:45
2025-07-28,ES,VWAP,reject,short,TP12_SL6,12,6,6428.25,SL,-6.0,44,09:30-09:45
2025-07-28,ES,GlobexLow,breakout,long,TP8_SL4,8,4,6429.25,SL,-4.0,5,09:30-09:45
2025-07-28,ES,GlobexLow,breakout,long,TP12_SL6,12,6,6429.25,SL,-6.0,103,09:30-09:45
2025-07-28,ES,OR15Low,reject,short,TP8_SL4,8,4,6426.25,SL,-4.0,5,09:30-09:45
2025-07-28,ES,OR15Low,reject,short,TP12_SL6,12,6,6426.25,SL,-6.0,24,09:30-09:45
2025-07-28,ES,GlobexLow,reject,short,TP8_SL4,8,4,6425.75,SL,-4.0,15,09:45-10:00
2025-07-28,ES,GlobexLow,reject,short,TP12_SL6,12,6,6425.75,SL,-6.0,16,09:45-10:00
2025-07-28,ES,PriorRTHLow,breakout,long,TP8_SL4,8,4,6416.25,SL,-4.0,37,12:00-14:00
2025-07-28,ES,PriorRTHLow,breakout,long,TP12_SL6,12,6,6416.25,SL,-6.0,39,12:00-14:00
2025-07-29,ES,GlobexHigh,reject,short,TP8_SL4,8,4,6436.75,TP,8.0,16,09:30-09:45
2025-07-29,ES,GlobexHigh,reject,short,TP12_SL6,12,6,6436.75,TP,12.0,72,09:30-09:45
2025-07-29,ES,PriorRTHHigh,reject,short,TP8_SL4,8,4,6436.75,TP,8.0,16,09:30-09:45
2025-07-29,ES,PriorRTHHigh,reject,short,TP12_SL6,12,6,6436.75,TP,12.0,72,09:30-09:45
2025-07-29,ES,OR15High,reject,short,TP8_SL4,8,4,6436.75,TP,8.0,16,09:30-09:45
2025-07-29,ES,OR15High,reject,short,TP12_SL6,12,6,6436.75,TP,12.0,72,09:30-09:45
2025-07-29,ES,VWAP,reject,short,TP8_SL4,8,4,6436.75,TP,8.0,16,09:30-09:45
2025-07-29,ES,VWAP,reject,short,TP12_SL6,12,6,6436.75,TP,12.0,72,09:30-09:45
2025-07-29,ES,OR15Low,breakout,long,TP8_SL4,8,4,6438.25,SL,-4.0,2,09:30-09:45
2025-07-29,ES,OR15Low,breakout,long,TP12_SL6,12,6,6438.25,SL,-6.0,7,09:30-09:45
2025-07-29,ES,OR15Low,reject,short,TP8_SL4,8,4,6435.25,TP,8.0,6,09:30-09:45
2025-07-29,ES,OR15Low,reject,short,TP12_SL6,12,6,6435.25,TP,12.0,68,09:30-09:45
2025-07-29,ES,PriorRTHLow,breakout,long,TP8_SL4,8,4,6420.75,SL,-4.0,15,10:30-11:00
2025-07-29,ES,PriorRTHLow,breakout,long,TP12_SL6,12,6,6420.75,SL,-6.0,26,10:30-11:00
2025-07-29,ES,GlobexLow,breakout,long,TP8_SL4,8,4,6415.75,SL,-4.0,7,11:00-12:00
2025-07-29,ES,GlobexLow,breakout,long,TP12_SL6,12,6,6415.75,SL,-6.0,10,11:00-12:00
2025-07-29,ES,PriorRTHLow,reject,short,TP8_SL4,8,4,6410.5,TP,8.0,15,11:00-12:00
2025-07-29,ES,PriorRTHLow,reject,short,TP12_SL6,12,6,6410.5,SL,-6.0,96,11:00-12:00
2025-07-29,ES,GlobexLow,reject,short,TP8_SL4,8,4,6404.5,SL,-4.0,0,11:00-12:00
2025-07-29,ES,GlobexLow,reject,short,TP12_SL6,12,6,6404.5,SL,-6.0,1,11:00-12:00
2025-07-30,ES,PriorRTHLow,breakout,long,TP8_SL4,8,4,6406.5,TP,8.0,12,09:30-09:45
2025-07-30,ES,PriorRTHLow,breakout,long,TP12_SL6,12,6,6406.5,TP,12.0,50,09:30-09:45
2025-07-30,ES,GlobexLow,breakout,long,TP8_SL4,8,4,6411.0,SL,-4.0,12,09:30-09:45
2025-07-30,ES,GlobexLow,breakout,long,TP12_SL6,12,6,6411.0,SL,-6.0,95,09:30-09:45
2025-07-30,ES,OR15Low,breakout,long,TP8_SL4,8,4,6411.0,SL,-4.0,12,09:30-09:45
2025-07-30,ES,OR15Low,breakout,long,TP12_SL6,12,6,6411.0,SL,-6.0,95,09:30-09:45
2025-07-30,ES,GlobexLow,reject,short,TP8_SL4,8,4,6409.75,SL,-4.0,6,09:30-09:45
2025-07-30,ES,GlobexLow,reject,short,TP12_SL6,12,6,6409.75,SL,-6.0,42,09:30-09:45
2025-07-30,ES,OR15High,reject,short,TP8_SL4,8,4,6409.75,SL,-4.0,6,09:30-09:45
2025-07-30,ES,OR15High,reject,short,TP12_SL6,12,6,6409.75,SL,-6.0,42,09:30-09:45
2025-07-30,ES,OR15Low,reject,short,TP8_SL4,8,4,6409.75,SL,-4.0,6,09:30-09:45
2025-07-30,ES,OR15Low,reject,short,TP12_SL6,12,6,6409.75,SL,-6.0,42,09:30-09:45
2025-07-30,ES,VWAP,reject,short,TP8_SL4,8,4,6409.75,SL,-4.0,6,09:30-09:45
2025-07-30,ES,VWAP,reject,short,TP12_SL6,12,6,6409.75,SL,-6.0,42,09:30-09:45
2025-07-30,ES,PriorRTHLow,reject,short,TP8_SL4,8,4,6398.0,TP,8.0,1,14:00-close
2025-07-30,ES,PriorRTHLow,reject,short,TP12_SL6,12,6,6398.0,TP,12.0,2,14:00-close
2025-07-31,ES,PriorRTHHigh,breakout,long,TP8_SL4,8,4,6438.25,SL,-4.0,7,09:30-09:45
2025-07-31,ES,PriorRTHHigh,breakout,long,TP12_SL6,12,6,6438.25,SL,-6.0,7,09:30-09:45
2025-07-31,ES,OR15Low,breakout,long,TP8_SL4,8,4,6438.25,SL,-4.0,7,09:30-09:45
2025-07-31,ES,OR15Low,breakout,long,TP12_SL6,12,6,6438.25,SL,-6.0,7,09:30-09:45
2025-07-31,ES,OR15High,reject,short,TP8_SL4,8,4,6437.75,TP,8.0,8,09:30-09:45
2025-07-31,ES,OR15High,reject,short,TP12_SL6,12,6,6437.75,SL,-6.0,16,09:30-09:45
2025-07-31,ES,VWAP,reject,short,TP8_SL4,8,4,6437.75,TP,8.0,8,09:30-09:45
2025-07-31,ES,VWAP,reject,short,TP12_SL6,12,6,6437.75,SL,-6.0,16,09:30-09:45
2025-07-31,ES,PriorRTHHigh,reject,short,TP8_SL4,8,4,6431.5,SL,-4.0,1,09:30-09:45
2025-07-31,ES,PriorRTHHigh,reject,short,TP12_SL6,12,6,6431.5,SL,-6.0,5,09:30-09:45
2025-07-31,ES,OR15Low,reject,short,TP8_SL4,8,4,6431.5,SL,-4.0,1,09:30-09:45
2025-07-31,ES,OR15Low,reject,short,TP12_SL6,12,6,6431.5,SL,-6.0,5,09:30-09:45
2025-07-31,ES,PriorRTHLow,breakout,long,TP8_SL4,8,4,6379.75,SL,-4.0,7,14:00-close
2025-07-31,ES,PriorRTHLow,breakout,long,TP12_SL6,12,6,6379.75,SL,-6.0,7,14:00-close
2025-07-31,ES,PriorRTHLow,reject,short,TP8_SL4,8,4,6362.5,SL,-4.0,3,14:00-close
2025-07-31,ES,PriorRTHLow,reject,short,TP12_SL6,12,6,6362.5,SL,-6.0,4,14:00-close
2025-07-31,ES,GlobexLow,breakout,long,TP8_SL4,8,4,6364.0,TP,8.0,3,14:00-close
2025-07-31,ES,GlobexLow,breakout,long,TP12_SL6,12,6,6364.0,TP,12.0,3,14:00-close
2025-08-01,ES,VWAP,reject,short,TP8_SL4,8,4,6294.0,TP,8.0,3,09:30-09:45
2025-08-01,ES,VWAP,reject,short,TP12_SL6,12,6,6294.0,TP,12.0,7,09:30-09:45
2025-08-01,ES,GlobexLow,reject,short,TP8_SL4,8,4,6294.25,TP,8.0,2,09:30-09:45
2025-08-01,ES,GlobexLow,reject,short,TP12_SL6,12,6,6294.25,TP,12.0,6,09:30-09:45
2025-08-01,ES,OR15Low,breakout,long,TP8_SL4,8,4,6280.75,SL,-4.0,1,09:30-09:45
2025-08-01,ES,OR15Low,breakout,long,TP12_SL6,12,6,6280.75,SL,-6.0,1,09:30-09:45
2025-08-01,ES,OR15Low,reject,short,TP8_SL4,8,4,6270.5,TP,8.0,3,09:45-10:00
2025-08-01,ES,OR15Low,reject,short,TP12_SL6,12,6,6270.5,TP,12.0,9,09:45-10:00
2025-08-04,ES,OR15Low,breakout,long,TP8_SL4,8,4,6312.0,TP,8.0,3,09:30-09:45
2025-08-04,ES,OR15Low,breakout,long,TP12_SL6,12,6,6312.0,TP,12.0,10,09:30-09:45
2025-08-04,ES,PriorRTHHigh,breakout,long,TP8_SL4,8,4,6318.5,TP,8.0,8,09:30-09:45
2025-08-04,ES,PriorRTHHigh,breakout,long,TP12_SL6,12,6,6318.5,TP,12.0,9,09:30-09:45
2025-08-04,ES,VWAP,breakout,long,TP8_SL4,8,4,6318.5,TP,8.0,8,09:30-09:45
2025-08-04,ES,VWAP,breakout,long,TP12_SL6,12,6,6318.5,TP,12.0,9,09:30-09:45
2025-08-04,ES,PriorRTHHigh,reject,short,TP8_SL4,8,4,6319.0,SL,-4.0,1,09:30-09:45
2025-08-04,ES,PriorRTHHigh,reject,short,TP12_SL6,12,6,6319.0,SL,-6.0,2,09:30-09:45
2025-08-04,ES,OR15High,reject,short,TP8_SL4,8,4,6319.0,SL,-4.0,1,09:30-09:45
2025-08-04,ES,OR15High,reject,short,TP12_SL6,12,6,6319.0,SL,-6.0,2,09:30-09:45
2025-08-04,ES,VWAP,reject,short,TP8_SL4,8,4,6319.0,SL,-4.0,1,09:30-09:45
2025-08-04,ES,VWAP,reject,short,TP12_SL6,12,6,6319.0,SL,-6.0,2,09:30-09:45
2025-08-05,ES,PriorRTHHigh,reject,short,TP8_SL4,8,4,6358.5,SL,-4.0,0,09:30-09:45
2025-08-05,ES,PriorRTHHigh,reject,short,TP12_SL6,12,6,6358.5,SL,-6.0,2,09:30-09:45
2025-08-05,ES,OR15Low,reject,short,TP8_SL4,8,4,6358.5,SL,-4.0,0,09:30-09:45
2025-08-05,ES,OR15Low,reject,short,TP12_SL6,12,6,6358.5,SL,-6.0,2,09:30-09:45
2025-08-05,ES,VWAP,reject,short,TP8_SL4,8,4,6358.5,SL,-4.0,0,09:30-09:45
2025-08-05,ES,VWAP,reject,short,TP12_SL6,12,6,6358.5,SL,-6.0,2,09:30-09:45
2025-08-05,ES,OR15High,reject,short,TP8_SL4,8,4,6365.5,SL,-4.0,0,09:45-10:00
2025-08-05,ES,OR15High,reject,short,TP12_SL6,12,6,6365.5,SL,-6.0,3,09:45-10:00
2025-08-05,ES,GlobexHigh,reject,short,TP8_SL4,8,4,6368.5,TP,8.0,10,09:45-10:00
2025-08-05,ES,GlobexHigh,reject,short,TP12_SL6,12,6,6368.5,TP,12.0,10,09:45-10:00
2025-08-05,ES,GlobexLow,breakout,long,TP8_SL4,8,4,6323.75,SL,-4.0,1,10:30-11:00
2025-08-05,ES,GlobexLow,breakout,long,TP12_SL6,12,6,6323.75,SL,-6.0,4,10:30-11:00
2025-08-05,ES,GlobexLow,reject,short,TP8_SL4,8,4,6318.25,SL,-4.0,1,10:30-11:00
2025-08-05,ES,GlobexLow,reject,short,TP12_SL6,12,6,6318.25,SL,-6.0,2,10:30-11:00
2025-08-06,ES,OR15Low,breakout,long,TP8_SL4,8,4,6336.0,SL,-4.0,3,09:30-09:45
2025-08-06,ES,OR15Low,breakout,long,TP12_SL6,12,6,6336.0,SL,-6.0,4,09:30-09:45
2025-08-06,ES,GlobexLow,reject,short,TP8_SL4,8,4,6334.75,SL,-4.0,0,09:30-09:45
2025-08-06,ES,GlobexLow,reject,short,TP12_SL6,12,6,6334.75,SL,-6.0,15,09:30-09:45
2025-08-06,ES,OR15High,reject,short,TP8_SL4,8,4,6334.75,SL,-4.0,0,09:30-09:45
2025-08-06,ES,OR15High,reject,short,TP12_SL6,12,6,6334.75,SL,-6.0,15,09:30-09:45
2025-08-06,ES,VWAP,reject,short,TP8_SL4,8,4,6334.75,SL,-4.0,0,09:30-09:45
2025-08-06,ES,VWAP,reject,short,TP12_SL6,12,6,6334.75,SL,-6.0,15,09:30-09:45
2025-08-06,ES,PriorRTHLow,breakout,long,TP8_SL4,8,4,6329.0,TP,8.0,5,09:30-09:45
2025-08-06,ES,PriorRTHLow,breakout,long,TP12_SL6,12,6,6329.0,TP,12.0,9,09:30-09:45
2025-08-06,ES,OR15Low,reject,short,TP8_SL4,8,4,6327.25,SL,-4.0,1,09:30-09:45
2025-08-06,ES,OR15Low,reject,short,TP12_SL6,12,6,6327.25,SL,-6.0,3,09:30-09:45
2025-08-06,ES,PriorRTHHigh,reject,short,TP8_SL4,8,4,6365.25,TP,8.0,3,11:00-12:00
2025-08-06,ES,PriorRTHHigh,reject,short,TP12_SL6,12,6,6365.25,SL,-6.0,14,11:00-12:00
2025-08-07,ES,OR15Low,breakout,long,TP8_SL4,8,4,6412.0,SL,-4.0,1,09:30-09:45
2025-08-07,ES,OR15Low,breakout,long,TP12_SL6,12,6,6412.0,SL,-6.0,2,09:30-09:45
2025-08-07,ES,OR15High,reject,short,TP8_SL4,8,4,6410.25,SL,-4.0,4,09:30-09:45
2025-08-07,ES,OR15High,reject,short,TP12_SL6,12,6,6410.25,TP,12.0,10,09:30-09:45
2025-08-07,ES,OR15Low,reject,short,TP8_SL4,8,4,6410.25,SL,-4.0,4,09:30-09:45
2025-08-07,ES,OR15Low,reject,short,TP12_SL6,12,6,6410.25,TP,12.0,10,09:30-09:45
2025-08-07,ES,VWAP,reject,short,TP8_SL4,8,4,6410.25,SL,-4.0,4,09:30-09:45
2025-08-07,ES,VWAP,reject,short,TP12_SL6,12,6,6410.25,TP,12.0,10,09:30-09:45
2025-08-07,ES,PriorRTHHigh,breakout,long,TP8_SL4,8,4,6390.0,SL,-4.0,4,10:00-10:30
2025-08-07,ES,PriorRTHHigh,breakout,long,TP12_SL6,12,6,6390.0,SL,-6.0,11,10:00-10:30
2025-08-07,ES,GlobexLow,breakout,long,TP8_SL4,8,4,6384.0,SL,-4.0,1,10:00-10:30
2025-08-07,ES,GlobexLow,breakout,long,TP12_SL6,12,6,6384.0,SL,-6.0,1,10:00-10:30
2025-08-07,ES,PriorRTHHigh,reject,short,TP8_SL4,8,4,6379.0,SL,-4.0,14,10:00-10:30
2025-08-07,ES,PriorRTHHigh,reject,short,TP12_SL6,12,6,6379.0,SL,-6.0,20,10:00-10:30
2025-08-07,ES,GlobexLow,reject,short,TP8_SL4,8,4,6372.75,TP,8.0,19,10:30-11:00
2025-08-07,ES,GlobexLow,reject,short,TP12_SL6,12,6,6372.75,TP,12.0,40,10:30-11:00
2025-08-07,ES,PriorRTHLow,breakout,long,TP8_SL4,8,4,6337.75,TP,8.0,21,14:00-close
2025-08-07,ES,PriorRTHLow,breakout,long,TP12_SL6,12,6,6337.75,TP,12.0,38,14:00-close
2025-08-08,ES,GlobexHigh,reject,short,TP8_SL4,8,4,6384.0,SL,-4.0,8,09:30-09:45
2025-08-08,ES,GlobexHigh,reject,short,TP12_SL6,12,6,6384.0,SL,-6.0,9,09:30-09:45
2025-08-08,ES,OR15High,reject,short,TP8_SL4,8,4,6384.0,SL,-4.0,8,09:30-09:45
2025-08-08,ES,OR15High,reject,short,TP12_SL6,12,6,6384.0,SL,-6.0,9,09:30-09:45
2025-08-08,ES,VWAP,reject,short,TP8_SL4,8,4,6384.0,SL,-4.0,8,09:30-09:45
2025-08-08,ES,VWAP,reject,short,TP12_SL6,12,6,6384.0,SL,-6.0,9,09:30-09:45
2025-08-08,ES,GlobexLow,breakout,long,TP8_SL4,8,4,6383.25,TP,8.0,10,09:30-09:45
2025-08-08,ES,GlobexLow,breakout,long,TP12_SL6,12,6,6383.25,TP,12.0,12,09:30-09:45
2025-08-08,ES,OR15Low,breakout,long,TP8_SL4,8,4,6384.25,TP,8.0,6,09:30-09:45
2025-08-08,ES,OR15Low,breakout,long,TP12_SL6,12,6,6384.25,TP,12.0,8,09:30-09:45
2025-08-08,ES,OR15Low,reject,short,TP8_SL4,8,4,6384.0,SL,-4.0,0,09:30-09:45
2025-08-08,ES,OR15Low,reject,short,TP12_SL6,12,6,6384.0,SL,-6.0,1,09:30-09:45
2025-08-08,ES,PriorRTHHigh,reject,short,TP8_SL4,8,4,6406.5,SL,-4.0,20,10:00-10:30
2025-08-08,ES,PriorRTHHigh,reject,short,TP12_SL6,12,6,6406.5,SL,-6.0,22,10:00-10:30
2025-08-11,ES,PriorRTHHigh,reject,short,TP8_SL4,8,4,6411.5,SL,-4.0,2,09:30-09:45
2025-08-11,ES,PriorRTHHigh,reject,short,TP12_SL6,12,6,6411.5,SL,-6.0,8,09:30-09:45
2025-08-11,ES,OR15High,reject,short,TP8_SL4,8,4,6411.5,SL,-4.0,2,09:30-09:45
2025-08-11,ES,OR15High,reject,short,TP12_SL6,12,6,6411.5,SL,-6.0,8,09:30-09:45
2025-08-11,ES,OR15Low,reject,short,TP8_SL4,8,4,6411.5,SL,-4.0,2,09:30-09:45
2025-08-11,ES,OR15Low,reject,short,TP12_SL6,12,6,6411.5,SL,-6.0,8,09:30-09:45
2025-08-11,ES,VWAP,reject,short,TP8_SL4,8,4,6411.5,SL,-4.0,2,09:30-09:45
2025-08-11,ES,VWAP,reject,short,TP12_SL6,12,6,6411.5,SL,-6.0,8,09:30-09:45
2025-08-11,ES,GlobexHigh,reject,short,TP8_SL4,8,4,6428.0,TP,8.0,27,12:00-14:00
2025-08-11,ES,GlobexHigh,reject,short,TP12_SL6,12,6,6428.0,TP,12.0,30,12:00-14:00
2025-08-11,ES,GlobexLow,breakout,long,TP8_SL4,8,4,6406.25,SL,-4.0,63,12:00-14:00
2025-08-11,ES,GlobexLow,breakout,long,TP12_SL6,12,6,6406.25,SL,-6.0,63,12:00-14:00
2025-08-11,ES,PriorRTHLow,breakout,long,TP8_SL4,8,4,6392.0,SL,-4.0,3,14:00-close
2025-08-11,ES,PriorRTHLow,breakout,long,TP12_SL6,12,6,6392.0,EOD,8.0,8,14:00-close
2025-08-11,ES,GlobexLow,reject,short,TP8_SL4,8,4,6389.5,SL,-4.0,5,14:00-close
2025-08-11,ES,GlobexLow,reject,short,TP12_SL6,12,6,6389.5,SL,-6.0,6,14:00-close
2025-08-12,ES,OR15Low,breakout,long,TP8_SL4,8,4,6434.75,SL,-4.0,9,09:30-09:45
2025-08-12,ES,OR15Low,breakout,long,TP12_SL6,12,6,6434.75,SL,-6.0,9,09:30-09:45
2025-08-12,ES,VWAP,breakout,long,TP8_SL4,8,4,6435.25,SL,-4.0,1,09:30-09:45
2025-08-12,ES,VWAP,breakout,long,TP12_SL6,12,6,6435.25,SL,-6.0,8,09:30-09:45
2025-08-12,ES,PriorRTHHigh,reject,short,TP8_SL4,8,4,6433.0,SL,-4.0,1,09:30-09:45
2025-08-12,ES,PriorRTHHigh,reject,short,TP12_SL6,12,6,6433.0,SL,-6.0,2,09:30-09:45
2025-08-12,ES,OR15High,reject,short,TP8_SL4,8,4,6433.0,SL,-4.0,1,09:30-09:45
2025-08-12,ES,OR15High,reject,short,TP12_SL6,12,6,6433.0,SL,-6.0,2,09:30-09:45
2025-08-12,ES,VWAP,reject,short,TP8_SL4,8,4,6433.0,SL,-4.0,1,09:30-09:45
2025-08-12,ES,VWAP,reject,short,TP12_SL6,12,6,6433.0,SL,-6.0,2,09:30-09:45
2025-08-12,ES,OR15Low,reject,short,TP8_SL4,8,4,6423.75,SL,-4.0,0,09:45-10:00
2025-08-12,ES,OR15Low,reject,short,TP12_SL6,12,6,6423.75,TP,12.0,4,09:45-10:00
2025-08-13,ES,OR15Low,breakout,long,TP8_SL4,8,4,6492.25,TP,8.0,16,09:30-09:45
2025-08-13,ES,OR15Low,breakout,long,TP12_SL6,12,6,6492.25,SL,-6.0,50,09:30-09:45
2025-08-13,ES,GlobexHigh,reject,short,TP8_SL4,8,4,6492.75,SL,-4.0,2,09:30-09:45
2025-08-13,ES,GlobexHigh,reject,short,TP12_SL6,12,6,6492.75,SL,-6.0,4,09:30-09:45
2025-08-13,ES,OR15High,reject,short,TP8_SL4,8,4,6492.75,SL,-4.0,2,09:30-09:45
2025-08-13,ES,OR15High,reject,short,TP12_SL6,12,6,6492.75,SL,-6.0,4,09:30-09:45
2025-08-13,ES,OR15Low,reject,short,TP8_SL4,8,4,6492.75,SL,-4.0,2,09:30-09:45
2025-08-13,ES,OR15Low,reject,short,TP12_SL6,12,6,6492.75,SL,-6.0,4,09:30-09:45
2025-08-13,ES,VWAP,reject,short,TP8_SL4,8,4,6492.75,SL,-4.0,2,09:30-09:45
2025-08-13,ES,VWAP,reject,short,TP12_SL6,12,6,6492.75,SL,-6.0,4,09:30-09:45
2025-08-13,ES,PriorRTHHigh,breakout,long,TP8_SL4,8,4,6482.75,SL,-4.0,4,10:00-10:30
2025-08-13,ES,PriorRTHHigh,breakout,long,TP12_SL6,12,6,6482.75,SL,-6.0,20,10:00-10:30
2025-08-13,ES,GlobexLow,breakout,long,TP8_SL4,8,4,6475.75,SL,-4.0,23,10:30-11:00
2025-08-13,ES,GlobexLow,breakout,long,TP12_SL6,12,6,6475.75,SL,-6.0,98,10:30-11:00
2025-08-13,ES,PriorRTHHigh,reject,short,TP8_SL4,8,4,6472.25,SL,-4.0,3,11:00-12:00
2025-08-13,ES,PriorRTHHigh,reject,short,TP12_SL6,12,6,6472.25,SL,-6.0,5,11:00-12:00
2025-08-14,ES,GlobexLow,breakout,long,TP8_SL4,8,4,6465.5,TP,8.0,2,09:30-09:45
2025-08-14,ES,GlobexLow,breakout,long,TP12_SL6,12,6,6465.5,TP,12.0,17,09:30-09:45
2025-08-14,ES,PriorRTHLow,reject,short,TP8_SL4,8,4,6464.0,SL,-4.0,0,09:30-09:45
2025-08-14,ES,PriorRTHLow,reject,short,TP12_SL6,12,6,6464.0,SL,-6.0,0,09:30-09:45
2025-08-14,ES,OR15High,reject,short,TP8_SL4,8,4,6464.0,SL,-4.0,0,09:30-09:45
2025-08-14,ES,OR15High,reject,short,TP12_SL6,12,6,6464.0,SL,-6.0,0,09:30-09:45
2025-08-14,ES,OR15Low,reject,short,TP8_SL4,8,4,6464.0,SL,-4.0,0,09:30-09:45
2025-08-14,ES,OR15Low,reject,short,TP12_SL6,12,6,6464.0,SL,-6.0,0,09:30-09:45
2025-08-14,ES,VWAP,reject,short,TP8_SL4,8,4,6464.0,SL,-4.0,0,09:30-09:45
2025-08-14,ES,VWAP,reject,short,TP12_SL6,12,6,6464.0,SL,-6.0,0,09:30-09:45
2025-08-14,ES,GlobexHigh,reject,short,TP8_SL4,8,4,6491.0,TP,8.0,16,10:30-11:00
2025-08-14,ES,GlobexHigh,reject,short,TP12_SL6,12,6,6491.0,TP,12.0,32,10:30-11:00
2025-08-15,ES,GlobexLow,reject,short,TP8_SL4,8,4,6490.75,TP,8.0,12,09:30-09:45
2025-08-15,ES,GlobexLow,reject,short,TP12_SL6,12,6,6490.75,TP,12.0,15,09:30-09:45
2025-08-15,ES,PriorRTHHigh,reject,short,TP8_SL4,8,4,6490.75,TP,8.0,12,09:30-09:45
2025-08-15,ES,PriorRTHHigh,reject,short,TP12_SL6,12,6,6490.75,TP,12.0,15,09:30-09:45
2025-08-15,ES,OR15High,reject,short,TP8_SL4,8,4,6490.75,TP,8.0,12,09:30-09:45
2025-08-15,ES,OR15High,reject,short,TP12_SL6,12,6,6490.75,TP,12.0,15,09:30-09:45
2025-08-15,ES,OR15Low,reject,short,TP8_SL4,8,4,6490.75,TP,8.0,12,09:30-09:45
2025-08-15,ES,OR15Low,reject,short,TP12_SL6,12,6,6490.75,TP,12.0,15,09:30-09:45
2025-08-15,ES,VWAP,reject,short,TP8_SL4,8,4,6490.75,TP,8.0,12,09:30-09:45
2025-08-15,ES,VWAP,reject,short,TP12_SL6,12,6,6490.75,TP,12.0,15,09:30-09:45
2025-08-15,ES,PriorRTHLow,breakout,long,TP8_SL4,8,4,6475.75,SL,-4.0,10,09:45-10:00
2025-08-15,ES,PriorRTHLow,breakout,long,TP12_SL6,12,6,6475.75,SL,-6.0,10,09:45-10:00
2025-08-15,ES,PriorRTHLow,reject,short,TP8_SL4,8,4,6462.75,SL,-4.0,2,11:00-12:00
2025-08-15,ES,PriorRTHLow,reject,short,TP12_SL6,12,6,6462.75,SL,-6.0,3,11:00-12:00
2025-08-18,ES,GlobexLow,breakout,long,TP8_SL4,8,4,6466.0,TP,8.0,16,09:30-09:45
2025-08-18,ES,GlobexLow,breakout,long,TP12_SL6,12,6,6466.0,SL,-6.0,74,09:30-09:45
2025-08-18,ES,PriorRTHLow,breakout,long,TP8_SL4,8,4,6469.25,SL,-4.0,6,09:30-09:45
2025-08-18,ES,PriorRTHLow,breakout,long,TP12_SL6,12,6,6469.25,SL,-6.0,22,09:30-09:45
2025-08-18,ES,PriorRTHLow,reject,short,TP8_SL4,8,4,6468.25,SL,-4.0,8,09:30-09:45
2025-08-18,ES,PriorRTHLow,reject,short,TP12_SL6,12,6,6468.25,SL,-6.0,46,09:30-09:45
2025-08-18,ES,OR15High,reject,short,TP8_SL4,8,4,6468.25,SL,-4.0,8,09:30-09:45
2025-08-18,ES,OR15High,reject,short,TP12_SL6,12,6,6468.25,SL,-6.0,46,09:30-09:45
2025-08-18,ES,OR15Low,reject,short,TP8_SL4,8,4,6468.25,SL,-4.0,8,09:30-09:45
2025-08-18,ES,OR15Low,reject,short,TP12_SL6,12,6,6468.25,SL,-6.0,46,09:30-09:45
2025-08-18,ES,VWAP,reject,short,TP8_SL4,8,4,6468.25,SL,-4.0,8,09:30-09:45
2025-08-18,ES,VWAP,reject,short,TP12_SL6,12,6,6468.25,SL,-6.0,46,09:30-09:45
2025-08-18,ES,GlobexHigh,reject,short,TP8_SL4,8,4,6467.5,TP,8.0,18,10:00-10:30
2025-08-18,ES,GlobexHigh,reject,short,TP12_SL6,12,6,6467.5,SL,-6.0,182,10:00-10:30
2025-08-18,ES,GlobexLow,reject,short,TP8_SL4,8,4,6462.25,SL,-4.0,14,11:00-12:00
2025-08-18,ES,GlobexLow,reject,short,TP12_SL6,12,6,6462.25,SL,-6.0,16,11:00-12:00
2025-08-19,ES,GlobexHigh,reject,short,TP8_SL4,8,4,6457.0,SL,-4.0,4,09:30-09:45
2025-08-19,ES,GlobexHigh,reject,short,TP12_SL6,12,6,6457.0,SL,-6.0,7,09:30-09:45
2025-08-19,ES,OR15High,reject,short,TP8_SL4,8,4,6457.0,SL,-4.0,4,09:30-09:45
2025-08-19,ES,OR15High,reject,short,TP12_SL6,12,6,6457.0,SL,-6.0,7,09:30-09:45
2025-08-19,ES,VWAP,reject,short,TP8_SL4,8,4,6457.0,SL,-4.0,4,09:30-09:45
2025-08-19,ES,VWAP,reject,short,TP12_SL6,12,6,6457.0,SL,-6.0,7,09:30-09:45
2025-08-19,ES,PriorRTHLow,reject,short,TP8_SL4,8,4,6457.5,SL,-4.0,3,09:30-09:45
2025-08-19,ES,PriorRTHLow,reject,short,TP12_SL6,12,6,6457.5,SL,-6.0,6,09:30-09:45
2025-08-19,ES,OR15Low,breakout,long,TP8_SL4,8,4,6462.0,TP,8.0,24,09:30-09:45
2025-08-19,ES,OR15Low,breakout,long,TP12_SL6,12,6,6462.0,TP,12.0,25,09:30-09:45
2025-08-19,ES,PriorRTHHigh,reject,short,TP8_SL4,8,4,6463.5,SL,-4.0,17,09:45-10:00
2025-08-19,ES,PriorRTHHigh,reject,short,TP12_SL6,12,6,6463.5,SL,-6.0,18,09:45-10:00
2025-08-19,ES,OR15Low,reject,short,TP8_SL4,8,4,6463.5,SL,-4.0,17,09:45-10:00
2025-08-19,ES,OR15Low,reject,short,TP12_SL6,12,6,6463.5,SL,-6.0,18,09:45-10:00
2025-08-19,ES,GlobexLow,breakout,long,TP8_SL4,8,4,6422.0,TP,8.0,82,14:00-close
2025-08-19,ES,GlobexLow,breakout,long,TP12_SL6,12,6,6422.0,TP,12.0,82,14:00-close
2025-08-20,ES,GlobexHigh,reject,short,TP8_SL4,8,4,6419.75,SL,-4.0,0,09:30-09:45
2025-08-20,ES,GlobexHigh,reject,short,TP12_SL6,12,6,6419.75,TP,12.0,16,09:30-09:45
2025-08-20,ES,PriorRTHLow,reject,short,TP8_SL4,8,4,6419.75,SL,-4.0,0,09:30-09:45
2025-08-20,ES,PriorRTHLow,reject,short,TP12_SL6,12,6,6419.75,TP,12.0,16,09:30-09:45
2025-08-20,ES,OR15High,reject,short,TP8_SL4,8,4,6419.75,SL,-4.0,0,09:30-09:45
2025-08-20,ES,OR15High,reject,short,TP12_SL6,12,6,6419.75,TP,12.0,16,09:30-09:45
2025-08-20,ES,OR15Low,breakout,long,TP8_SL4,8,4,6419.75,SL,-4.0,8,09:30-09:45
2025-08-20,ES,OR15Low,breakout,long,TP12_SL6,12,6,6419.75,SL,-6.0,12,09:30-09:45
2025-08-20,ES,VWAP,reject,short,TP8_SL4,8,4,6419.75,SL,-4.0,0,09:30-09:45
2025-08-20,ES,VWAP,reject,short,TP12_SL6,12,6,6419.75,TP,12.0,16,09:30-09:45
2025-08-20,ES,OR15Low,reject,short,TP8_SL4,8,4,6416.75,SL,-4.0,0,09:30-09:45
2025-08-20,ES,OR15Low,reject,short,TP12_SL6,12,6,6416.75,SL,-6.0,0,09:30-09:45
2025-08-20,ES,GlobexLow,breakout,long,TP8_SL4,8,4,6413.25,SL,-4.0,1,09:45-10:00
2025-08-20,ES,GlobexLow,breakout,long,TP12_SL6,12,6,6413.25,SL,-6.0,4,09:45-10:00
2025-08-20,ES,GlobexLow,reject,short,TP8_SL4,8,4,6400.0,TP,8.0,0,09:45-10:00
2025-08-20,ES,GlobexLow,reject,short,TP12_SL6,12,6,6400.0,TP,12.0,1,09:45-10:00
2025-08-21,ES,GlobexLow,breakout,long,TP8_SL4,8,4,6397.0,SL,-4.0,0,09:30-09:45
2025-08-21,ES,GlobexLow,breakout,long,TP12_SL6,12,6,6397.0,SL,-6.0,0,09:30-09:45
2025-08-21,ES,OR15Low,breakout,long,TP8_SL4,8,4,6397.0,SL,-4.0,0,09:30-09:45
2025-08-21,ES,OR15Low,breakout,long,TP12_SL6,12,6,6397.0,SL,-6.0,0,09:30-09:45
2025-08-21,ES,OR15High,reject,short,TP8_SL4,8,4,6391.5,SL,-4.0,2,09:30-09:45
2025-08-21,ES,OR15High,reject,short,TP12_SL6,12,6,6391.5,TP,12.0,10,09:30-09:45
2025-08-21,ES,OR15Low,reject,short,TP8_SL4,8,4,6391.5,SL,-4.0,2,09:30-09:45
2025-08-21,ES,OR15Low,reject,short,TP12_SL6,12,6,6391.5,TP,12.0,10,09:30-09:45
2025-08-21,ES,VWAP,reject,short,TP8_SL4,8,4,6391.5,SL,-4.0,2,09:30-09:45
2025-08-21,ES,VWAP,reject,short,TP12_SL6,12,6,6391.5,TP,12.0,10,09:30-09:45
2025-08-21,ES,GlobexLow,reject,short,TP8_SL4,8,4,6377.0,SL,-4.0,0,09:45-10:00
2025-08-21,ES,GlobexLow,reject,short,TP12_SL6,12,6,6377.0,SL,-6.0,0,09:45-10:00
2025-08-21,ES,PriorRTHLow,breakout,long,TP8_SL4,8,4,6376.0,SL,-4.0,8,12:00-14:00
2025-08-21,ES,PriorRTHLow,breakout,long,TP12_SL6,12,6,6376.0,TP,12.0,21,12:00-14:00
2025-08-22,ES,GlobexHigh,reject,short,TP8_SL4,8,4,6406.75,SL,-4.0,0,09:30-09:45
2025-08-22,ES,GlobexHigh,reject,short,TP12_SL6,12,6,6406.75,SL,-6.0,3,09:30-09:45
2025-08-22,ES,PriorRTHHigh,reject,short,TP8_SL4,8,4,6406.75,SL,-4.0,0,09:30-09:45
2025-08-22,ES,PriorRTHHigh,reject,short,TP12_SL6,12,6,6406.75,SL,-6.0,3,09:30-09:45
2025-08-22,ES,OR15Low,reject,short,TP8_SL4,8,4,6406.75,SL,-4.0,0,09:30-09:45
2025-08-22,ES,OR15Low,reject,short,TP12_SL6,12,6,6406.75,SL,-6.0,3,09:30-09:45
2025-08-22,ES,VWAP,reject,short,TP8_SL4,8,4,6406.75,SL,-4.0,0,09:30-09:45
2025-08-22,ES,VWAP,reject,short,TP12_SL6,12,6,6406.75,SL,-6.0,3,09:30-09:45
2025-08-22,ES,OR15High,reject,short,TP8_SL4,8,4,6421.25,SL,-4.0,2,09:45-10:00
2025-08-22,ES,OR15High,reject,short,TP12_SL6,12,6,6421.25,SL,-6.0,3,09:45-10:00
2025-08-25,ES,OR15High,reject,short,TP8_SL4,8,4,6466.75,SL,-4.0,4,09:30-09:45
2025-08-25,ES,OR15High,reject,short,TP12_SL6,12,6,6466.75,SL,-6.0,5,09:30-09:45
2025-08-25,ES,OR15Low,reject,short,TP8_SL4,8,4,6466.75,SL,-4.0,4,09:30-09:45
2025-08-25,ES,OR15Low,reject,short,TP12_SL6,12,6,6466.75,SL,-6.0,5,09:30-09:45
2025-08-25,ES,VWAP,reject,short,TP8_SL4,8,4,6466.75,SL,-4.0,4,09:30-09:45
2025-08-25,ES,VWAP,reject,short,TP12_SL6,12,6,6466.75,SL,-6.0,5,09:30-09:45
2025-08-25,ES,GlobexHigh,reject,short,TP8_SL4,8,4,6471.0,SL,-4.0,7,10:00-10:30
2025-08-25,ES,GlobexHigh,reject,short,TP12_SL6,12,6,6471.0,SL,-6.0,69,10:00-10:30
2025-08-26,ES,OR15Low,breakout,long,TP8_SL4,8,4,6455.5,SL,-4.0,2,09:30-09:45
2025-08-26,ES,OR15Low,breakout,long,TP12_SL6,12,6,6455.5,SL,-6.0,4,09:30-09:45
2025-08-26,ES,PriorRTHLow,reject,short,TP8_SL4,8,4,6451.25,SL,-4.0,5,09:30-09:45
2025-08-26,ES,PriorRTHLow,reject,short,TP12_SL6,12,6,6451.25,SL,-6.0,7,09:30-09:45
2025-08-26,ES,OR15High,reject,short,TP8_SL4,8,4,6451.25,SL,-4.0,5,09:30-09:45
2025-08-26,ES,OR15High,reject,short,TP12_SL6,12,6,6451.25,SL,-6.0,7,09:30-09:45
2025-08-26,ES,OR15Low,reject,short,TP8_SL4,8,4,6451.25,SL,-4.0,5,09:30-09:45
2025-08-26,ES,OR15Low,reject,short,TP12_SL6,12,6,6451.25,SL,-6.0,7,09:30-09:45
2025-08-26,ES,VWAP,reject,short,TP8_SL4,8,4,6451.25,SL,-4.0,5,09:30-09:45
2025-08-26,ES,VWAP,reject,short,TP12_SL6,12,6,6451.25,SL,-6.0,7,09:30-09:45
2025-08-26,ES,GlobexLow,breakout,long,TP8_SL4,8,4,6447.75,TP,8.0,5,09:45-10:00
2025-08-26,ES,GlobexLow,breakout,long,TP12_SL6,12,6,6447.75,TP,12.0,34,09:45-10:00
2025-08-26,ES,PriorRTHHigh,reject,short,TP8_SL4,8,4,6473.0,SL,-4.0,5,14:00-close
2025-08-26,ES,PriorRTHHigh,reject,short,TP12_SL6,12,6,6473.0,SL,-6.0,25,14:00-close
2025-08-27,ES,GlobexLow,breakout,long,TP8_SL4,8,4,6479.0,TP,8.0,40,09:30-09:45
2025-08-27,ES,GlobexLow,breakout,long,TP12_SL6,12,6,6479.0,TP,12.0,46,09:30-09:45
2025-08-27,ES,OR15Low,breakout,long,TP8_SL4,8,4,6481.25,SL,-4.0,11,09:30-09:45
2025-08-27,ES,OR15Low,breakout,long,TP12_SL6,12,6,6481.25,TP,12.0,92,09:30-09:45
2025-08-27,ES,PriorRTHHigh,reject,short,TP8_SL4,8,4,6479.75,SL,-4.0,16,09:45-10:00
2025-08-27,ES,PriorRTHHigh,reject,short,TP12_SL6,12,6,6479.75,SL,-6.0,27,09:45-10:00
2025-08-27,ES,OR15High,reject,short,TP8_SL4,8,4,6479.75,SL,-4.0,16,09:45-10:00
2025-08-27,ES,OR15High,reject,short,TP12_SL6,12,6,6479.75,SL,-6.0,27,09:45-10:00
2025-08-27,ES,OR15Low,reject,short,TP8_SL4,8,4,6479.75,SL,-4.0,16,09:45-10:00
2025-08-27,ES,OR15Low,reject,short,TP12_SL6,12,6,6479.75,SL,-6.0,27,09:45-10:00
2025-08-27,ES,VWAP,reject,short,TP8_SL4,8,4,6479.75,SL,-4.0,16,09:45-10:00
2025-08-27,ES,VWAP,reject,short,TP12_SL6,12,6,6479.75,SL,-6.0,27,09:45-10:00
2025-08-27,ES,GlobexHigh,reject,short,TP8_SL4,8,4,6489.5,SL,-4.0,28,10:30-11:00
2025-08-27,ES,GlobexHigh,reject,short,TP12_SL6,12,6,6489.5,SL,-6.0,68,10:30-11:00
2025-08-28,ES,OR15Low,breakout,long,TP8_SL4,8,4,6505.5,SL,-4.0,2,09:30-09:45
2025-08-28,ES,OR15Low,breakout,long,TP12_SL6,12,6,6505.5,SL,-6.0,2,09:30-09:45
2025-08-28,ES,PriorRTHHigh,reject,short,TP8_SL4,8,4,6500.25,TP,8.0,14,09:30-09:45
2025-08-28,ES,PriorRTHHigh,reject,short,TP12_SL6,12,6,6500.25,TP,12.0,14,09:30-09:45
2025-08-28,ES,OR15High,reject,short,TP8_SL4,8,4,6500.25,TP,8.0,14,09:30-09:45
2025-08-28,ES,OR15High,reject,short,TP12_SL6,12,6,6500.25,TP,12.0,14,09:30-09:45
2025-08-28,ES,VWAP,reject,short,TP8_SL4,8,4,6500.25,TP,8.0,14,09:30-09:45
2025-08-28,ES,VWAP,reject,short,TP12_SL6,12,6,6500.25,TP,12.0,14,09:30-09:45
2025-08-28,ES,GlobexLow,breakout,long,TP8_SL4,8,4,6499.75,SL,-4.0,7,09:30-09:45
2025-08-28,ES,GlobexLow,breakout,long,TP12_SL6,12,6,6499.75,SL,-6.0,9,09:30-09:45
2025-08-28,ES,OR15Low,reject,short,TP8_SL4,8,4,6498.25,SL,-4.0,0,09:30-09:45
2025-08-28,ES,OR15Low,reject,short,TP12_SL6,12,6,6498.25,TP,12.0,8,09:30-09:45
2025-08-28,ES,PriorRTHLow,breakout,long,TP8_SL4,8,4,6489.25,SL,-4.0,0,09:45-10:00
2025-08-28,ES,PriorRTHLow,breakout,long,TP12_SL6,12,6,6489.25,SL,-6.0,3,09:45-10:00
2025-08-28,ES,GlobexLow,reject,short,TP8_SL4,8,4,6485.25,SL,-4.0,0,09:45-10:00
2025-08-28,ES,GlobexLow,reject,short,TP12_SL6,12,6,6485.25,SL,-6.0,12,09:45-10:00
2025-08-28,ES,GlobexHigh,reject,short,TP8_SL4,8,4,6509.25,SL,-4.0,97,12:00-14:00
2025-08-28,ES,GlobexHigh,reject,short,TP12_SL6,12,6,6509.25,SL,-6.0,120,12:00-14:00
2025-08-29,ES,GlobexLow,breakout,long,TP8_SL4,8,4,6499.5,SL,-4.0,4,09:30-09:45
2025-08-29,ES,GlobexLow,breakout,long,TP12_SL6,12,6,6499.5,SL,-6.0,6,09:30-09:45
2025-08-29,ES,OR15Low,breakout,long,TP8_SL4,8,4,6499.5,SL,-4.0,4,09:30-09:45
2025-08-29,ES,OR15Low,breakout,long,TP12_SL6,12,6,6499.5,SL,-6.0,6,09:30-09:45
2025-08-29,ES,OR15High,reject,short,TP8_SL4,8,4,6498.25,TP,8.0,11,09:30-09:45
2025-08-29,ES,OR15High,reject,short,TP12_SL6,12,6,6498.25,TP,12.0,12,09:30-09:45
2025-08-29,ES,VWAP,reject,short,TP8_SL4,8,4,6498.25,TP,8.0,11,09:30-09:45
2025-08-29,ES,VWAP,reject,short,TP12_SL6,12,6,6498.25,TP,12.0,12,09:30-09:45
2025-08-29,ES,PriorRTHLow,breakout,long,TP8_SL4,8,4,6492.75,SL,-4.0,6,09:30-09:45
2025-08-29,ES,PriorRTHLow,breakout,long,TP12_SL6,12,6,6492.75,SL,-6.0,7,09:30-09:45
2025-08-29,ES,OR15Low,reject,short,TP8_SL4,8,4,6492.75,SL,-4.0,2,09:30-09:45
2025-08-29,ES,OR15Low,reject,short,TP12_SL6,12,6,6492.75,TP,12.0,16,09:30-09:45
2025-08-29,ES,GlobexLow,reject,short,TP8_SL4,8,4,6490.75,TP,8.0,4,09:45-10:00
2025-08-29,ES,GlobexLow,reject,short,TP12_SL6,12,6,6490.75,TP,12.0,11,09:45-10:00
2025-08-29,ES,PriorRTHLow,reject,short,TP8_SL4,8,4,6483.75,TP,8.0,8,09:45-10:00
2025-08-29,ES,PriorRTHLow,reject,short,TP12_SL6,12,6,6483.75,TP,12.0,9,09:45-10:00
2025-09-01,ES,GlobexLow,breakout,long,TP8_SL4,8,4,6468.75,TP,8.0,15,09:30-09:45
2025-09-01,ES,GlobexLow,breakout,long,TP12_SL6,12,6,6468.75,TP,12.0,83,09:30-09:45
2025-09-01,ES,PriorRTHLow,breakout,long,TP8_SL4,8,4,6468.75,TP,8.0,15,09:30-09:45
2025-09-01,ES,PriorRTHLow,breakout,long,TP12_SL6,12,6,6468.75,TP,12.0,83,09:30-09:45
2025-09-01,ES,OR15High,reject,short,TP8_SL4,8,4,6468.75,SL,-4.0,3,09:30-09:45
2025-09-01,ES,OR15High,reject,short,TP12_SL6,12,6,6468.75,SL,-6.0,6,09:30-09:45
2025-09-01,ES,OR15Low,reject,short,TP8_SL4,8,4,6468.75,SL,-4.0,3,09:30-09:45
2025-09-01,ES,OR15Low,reject,short,TP12_SL6,12,6,6468.75,SL,-6.0,6,09:30-09:45
2025-09-01,ES,VWAP,reject,short,TP8_SL4,8,4,6468.75,SL,-4.0,3,09:30-09:45
2025-09-01,ES,VWAP,reject,short,TP12_SL6,12,6,6468.75,SL,-6.0,6,09:30-09:45
2025-09-01,ES,GlobexHigh,reject,short,TP8_SL4,8,4,6478.0,SL,-4.0,18,11:00-12:00
2025-09-01,ES,GlobexHigh,reject,short,TP12_SL6,12,6,6478.0,SL,-6.0,32,11:00-12:00
2025-09-02,ES,GlobexLow,reject,short,TP8_SL4,8,4,6385.5,SL,-4.0,2,09:30-09:45
2025-09-02,ES,GlobexLow,reject,short,TP12_SL6,12,6,6385.5,SL,-6.0,2,09:30-09:45
2025-09-02,ES,OR15Low,reject,short,TP8_SL4,8,4,6385.5,SL,-4.0,2,09:30-09:45
2025-09-02,ES,OR15Low,reject,short,TP12_SL6,12,6,6385.5,SL,-6.0,2,09:30-09:45
2025-09-02,ES,VWAP,reject,short,TP8_SL4,8,4,6385.5,SL,-4.0,2,09:30-09:45
2025-09-02,ES,VWAP,reject,short,TP12_SL6,12,6,6385.5,SL,-6.0,2,09:30-09:45
2025-09-02,ES,OR15High,reject,short,TP8_SL4,8,4,6391.25,SL,-4.0,1,09:30-09:45
2025-09-02,ES,OR15High,reject,short,TP12_SL6,12,6,6391.25,SL,-6.0,1,09:30-09:45
2025-09-03,ES,OR15Low,breakout,long,TP8_SL4,8,4,6450.75,SL,-4.0,10,09:30-09:45
2025-09-03,ES,OR15Low,breakout,long,TP12_SL6,12,6,6450.75,SL,-6.0,13,09:30-09:45
2025-09-03,ES,OR15High,reject,short,TP8_SL4,8,4,6450.5,TP,8.0,18,09:30-09:45
2025-09-03,ES,OR15High,reject,short,TP12_SL6,12,6,6450.5,TP,12.0,36,09:30-09:45
2025-09-03,ES,OR15Low,reject,short,TP8_SL4,8,4,6450.5,TP,8.0,18,09:30-09:45
2025-09-03,ES,OR15Low,reject,short,TP12_SL6,12,6,6450.5,TP,12.0,36,09:30-09:45
2025-09-03,ES,VWAP,reject,short,TP8_SL4,8,4,6450.5,TP,8.0,18,09:30-09:45
2025-09-03,ES,VWAP,reject,short,TP12_SL6,12,6,6450.5,TP,12.0,36,09:30-09:45
2025-09-03,ES,PriorRTHHigh,breakout,long,TP8_SL4,8,4,6442.0,TP,8.0,5,09:45-10:00
2025-09-03,ES,PriorRTHHigh,breakout,long,TP12_SL6,12,6,6442.0,TP,12.0,27,09:45-10:00
2025-09-03,ES,GlobexLow,breakout,long,TP8_SL4,8,4,6440.25,TP,8.0,4,10:00-10:30
2025-09-03,ES,GlobexLow,breakout,long,TP12_SL6,12,6,6440.25,TP,12.0,11,10:00-10:30
2025-09-03,ES,PriorRTHHigh,reject,short,TP8_SL4,8,4,6434.25,SL,-4.0,101,12:00-14:00
2025-09-03,ES,PriorRTHHigh,reject,short,TP12_SL6,12,6,6434.25,SL,-6.0,101,12:00-14:00
2025-09-03,ES,GlobexLow,reject,short,TP8_SL4,8,4,6427.5,SL,-4.0,0,14:00-close
2025-09-03,ES,GlobexLow,reject,short,TP12_SL6,12,6,6427.5,SL,-6.0,13,14:00-close
2025-09-04,ES,GlobexLow,breakout,long,TP8_SL4,8,4,6466.5,TP,8.0,2,09:30-09:45
2025-09-04,ES,GlobexLow,breakout,long,TP12_SL6,12,6,6466.5,SL,-6.0,32,09:30-09:45
2025-09-04,ES,PriorRTHHigh,breakout,long,TP8_SL4,8,4,6472.5,SL,-4.0,2,09:30-09:45
2025-09-04,ES,PriorRTHHigh,breakout,long,TP12_SL6,12,6,6472.5,SL,-6.0,12,09:30-09:45
2025-09-04,ES,OR15Low,breakout,long,TP8_SL4,8,4,6472.5,SL,-4.0,2,09:30-09:45
2025-09-04,ES,OR15Low,breakout,long,TP12_SL6,12,6,6472.5,SL,-6.0,12,09:30-09:45
2025-09-04,ES,PriorRTHHigh,reject,short,TP8_SL4,8,4,6471.25,TP,8.0,27,09:30-09:45
2025-09-04,ES,PriorRTHHigh,reject,short,TP12_SL6,12,6,6471.25,TP,12.0,32,09:30-09:45
2025-09-04,ES,OR15High,reject,short,TP8_SL4,8,4,6471.25,TP,8.0,27,09:30-09:45
2025-09-04,ES,OR15High,reject,short,TP12_SL6,12,6,6471.25,TP,12.0,32,09:30-09:45
2025-09-04,ES,OR15Low,reject,short,TP8_SL4,8,4,6471.25,TP,8.0,27,09:30-09:45
2025-09-04,ES,OR15Low,reject,short,TP12_SL6,12,6,6471.25,TP,12.0,32,09:30-09:45
2025-09-04,ES,VWAP,reject,short,TP8_SL4,8,4,6471.25,TP,8.0,27,09:30-09:45
2025-09-04,ES,VWAP,reject,short,TP12_SL6,12,6,6471.25,TP,12.0,32,09:30-09:45
2025-09-04,ES,GlobexLow,reject,short,TP8_SL4,8,4,6461.0,SL,-4.0,3,10:00-10:30
2025-09-04,ES,GlobexLow,reject,short,TP12_SL6,12,6,6461.0,SL,-6.0,14,10:00-10:30
2025-09-05,ES,GlobexHigh,reject,short,TP8_SL4,8,4,6537.75,SL,-4.0,16,09:30-09:45
2025-09-05,ES,GlobexHigh,reject,short,TP12_SL6,12,6,6537.75,TP,12.0,24,09:30-09:45
2025-09-05,ES,OR15High,reject,short,TP8_SL4,8,4,6537.75,SL,-4.0,16,09:30-09:45
2025-09-05,ES,OR15High,reject,short,TP12_SL6,12,6,6537.75,TP,12.0,24,09:30-09:45
2025-09-05,ES,OR15Low,breakout,long,TP8_SL4,8,4,6537.75,SL,-4.0,2,09:30-09:45
2025-09-05,ES,OR15Low,breakout,long,TP12_SL6,12,6,6537.75,SL,-6.0,13,09:30-09:45
2025-09-05,ES,VWAP,reject,short,TP8_SL4,8,4,6537.75,SL,-4.0,16,09:30-09:45
2025-09-05,ES,VWAP,reject,short,TP12_SL6,12,6,6537.75,TP,12.0,24,09:30-09:45
2025-09-05,ES,OR15Low,reject,short,TP8_SL4,8,4,6535.25,SL,-4.0,6,09:30-09:45
2025-09-05,ES,OR15Low,reject,short,TP12_SL6,12,6,6535.25,SL,-6.0,14,09:30-09:45
2025-09-05,ES,PriorRTHHigh,breakout,long,TP8_SL4,8,4,6525.5,SL,-4.0,3,09:45-10:00
2025-09-05,ES,PriorRTHHigh,breakout,long,TP12_SL6,12,6,6525.5,SL,-6.0,3,09:45-10:00
2025-09-05,ES,GlobexLow,breakout,long,TP8_SL4,8,4,6516.75,SL,-4.0,1,10:00-10:30
2025-09-05,ES,GlobexLow,breakout,long,TP12_SL6,12,6,6516.75,SL,-6.0,3,10:00-10:30
2025-09-05,ES,PriorRTHHigh,reject,short,TP8_SL4,8,4,6514.5,TP,8.0,3,10:00-10:30
2025-09-05,ES,PriorRTHHigh,reject,short,TP12_SL6,12,6,6514.5,TP,12.0,5,10:00-10:30
2025-09-05,ES,GlobexLow,reject,short,TP8_SL4,8,4,6496.5,SL,-4.0,1,10:00-10:30
2025-09-05,ES,GlobexLow,reject,short,TP12_SL6,12,6,6496.5,SL,-6.0,1,10:00-10:30
2025-09-05,ES,PriorRTHLow,breakout,long,TP8_SL4,8,4,6470.5,SL,-4.0,3,10:30-11:00
2025-09-05,ES,PriorRTHLow,breakout,long,TP12_SL6,12,6,6470.5,SL,-6.0,4,10:30-11:00
2025-09-05,ES,PriorRTHLow,reject,short,TP8_SL4,8,4,6457.75,SL,-4.0,0,11:00-12:00
2025-09-05,ES,PriorRTHLow,reject,short,TP12_SL6,12,6,6457.75,SL,-6.0,5,11:00-12:00
2025-09-08,ES,GlobexLow,breakout,long,TP8_SL4,8,4,6501.25,SL,-4.0,28,09:30-09:45
2025-09-08,ES,GlobexLow,breakout,long,TP12_SL6,12,6,6501.25,SL,-6.0,46,09:30-09:45
2025-09-08,ES,OR15Low,breakout,long,TP8_SL4,8,4,6506.25,SL,-4.0,2,09:30-09:45
2025-09-08,ES,OR15Low,breakout,long,TP12_SL6,12,6,6506.25,SL,-6.0,2,09:30-09:45
2025-09-08,ES,GlobexHigh,reject,short,TP8_SL4,8,4,6500.75,SL,-4.0,2,09:30-09:45
2025-09-08,ES,GlobexHigh,reject,short,TP12_SL6,12,6,6500.75,SL,-6.0,4,09:30-09:45
2025-09-08,ES,OR15High,reject,short,TP8_SL4,8,4,6500.75,SL,-4.0,2,09:30-09:45
2025-09-08,ES,OR15High,reject,short,TP12_SL6,12,6,6500.75,SL,-6.0,4,09:30-09:45
2025-09-08,ES,OR15Low,reject,short,TP8_SL4,8,4,6500.75,SL,-4.0,2,09:30-09:45
2025-09-08,ES,OR15Low,reject,short,TP12_SL6,12,6,6500.75,SL,-6.0,4,09:30-09:45
2025-09-08,ES,VWAP,reject,short,TP8_SL4,8,4,6500.75,SL,-4.0,2,09:30-09:45
2025-09-08,ES,VWAP,reject,short,TP12_SL6,12,6,6500.75,SL,-6.0,4,09:30-09:45
2025-09-08,ES,GlobexLow,reject,short,TP8_SL4,8,4,6499.0,SL,-4.0,7,12:00-14:00
2025-09-08,ES,GlobexLow,reject,short,TP12_SL6,12,6,6499.0,SL,-6.0,9,12:00-14:00
2025-09-09,ES,GlobexLow,breakout,long,TP8_SL4,8,4,6510.5,SL,-4.0,10,09:30-09:45
2025-09-09,ES,GlobexLow,breakout,long,TP12_SL6,12,6,6510.5,SL,-6.0,21,09:30-09:45
2025-09-09,ES,PriorRTHHigh,reject,short,TP8_SL4,8,4,6509.5,TP,8.0,23,09:30-09:45
2025-09-09,ES,PriorRTHHigh,reject,short,TP12_SL6,12,6,6509.5,TP,12.0,52,09:30-09:45
2025-09-09,ES,OR15High,reject,short,TP8_SL4,8,4,6509.5,TP,8.0,23,09:30-09:45
2025-09-09,ES,OR15High,reject,short,TP12_SL6,12,6,6509.5,TP,12.0,52,09:30-09:45
2025-09-09,ES,OR15Low,reject,short,TP8_SL4,8,4,6509.5,TP,8.0,23,09:30-09:45
2025-09-09,ES,OR15Low,reject,short,TP12_SL6,12,6,6509.5,TP,12.0,52,09:30-09:45
2025-09-09,ES,VWAP,reject,short,TP8_SL4,8,4,6509.5,TP,8.0,23,09:30-09:45
2025-09-09,ES,VWAP,reject,short,TP12_SL6,12,6,6509.5,TP,12.0,52,09:30-09:45
2025-09-09,ES,GlobexLow,reject,short,TP8_SL4,8,4,6506.75,SL,-4.0,9,09:45-10:00
2025-09-09,ES,GlobexLow,reject,short,TP12_SL6,12,6,6506.75,SL,-6.0,19,09:45-10:00
2025-09-09,ES,PriorRTHLow,breakout,long,TP8_SL4,8,4,6503.5,TP,8.0,4,09:45-10:00
2025-09-09,ES,PriorRTHLow,breakout,long,TP12_SL6,12,6,6503.5,SL,-6.0,36,09:45-10:00
2025-09-09,ES,PriorRTHLow,reject,short,TP8_SL4,8,4,6490.25,SL,-4.0,1,10:30-11:00
2025-09-09,ES,PriorRTHLow,reject,short,TP12_SL6,12,6,6490.25,SL,-6.0,8,10:30-11:00
2025-09-10,ES,OR15High,reject,short,TP8_SL4,8,4,6551.0,SL,-4.0,11,09:30-09:45
2025-09-10,ES,OR15High,reject,short,TP12_SL6,12,6,6551.0,SL,-6.0,24,09:30-09:45
2025-09-10,ES,OR15Low,reject,short,TP8_SL4,8,4,6551.0,SL,-4.0,11,09:30-09:45
2025-09-10,ES,OR15Low,reject,short,TP12_SL6,12,6,6551.0,SL,-6.0,24,09:30-09:45
2025-09-10,ES,VWAP,reject,short,TP8_SL4,8,4,6551.0,SL,-4.0,11,09:30-09:45
2025-09-10,ES,VWAP,reject,short,TP12_SL6,12,6,6551.0,SL,-6.0,24,09:30-09:45
2025-09-10,ES,GlobexHigh,reject,short,TP8_SL4,8,4,6558.75,TP,8.0,26,10:00-10:30
2025-09-10,ES,GlobexHigh,reject,short,TP12_SL6,12,6,6558.75,TP,12.0,57,10:00-10:30
2025-09-10,ES,GlobexLow,breakout,long,TP8_SL4,8,4,6542.75,TP,8.0,26,11:00-12:00
2025-09-10,ES,GlobexLow,breakout,long,TP12_SL6,12,6,6542.75,SL,-6.0,154,11:00-12:00
2025-09-10,ES,PriorRTHHigh,breakout,long,TP8_SL4,8,4,6539.75,TP,8.0,21,12:00-14:00
2025-09-10,ES,PriorRTHHigh,breakout,long,TP12_SL6,12,6,6539.75,SL,-6.0,98,12:00-14:00
2025-09-10,ES,GlobexLow,reject,short,TP8_SL4,8,4,6532.75,SL,-4.0,14,14:00-close
2025-09-10,ES,GlobexLow,reject,short,TP12_SL6,12,6,6532.75,SL,-6.0,90,14:00-close
2025-09-10,ES,PriorRTHHigh,reject,short,TP8_SL4,8,4,6533.25,SL,-4.0,18,14:00-close
2025-09-10,ES,PriorRTHHigh,reject,short,TP12_SL6,12,6,6533.25,SL,-6.0,71,14:00-close
2025-09-11,ES,OR15Low,breakout,long,TP8_SL4,8,4,6560.75,SL,-4.0,3,09:30-09:45
2025-09-11,ES,OR15Low,breakout,long,TP12_SL6,12,6,6560.75,SL,-6.0,6,09:30-09:45
2025-09-11,ES,PriorRTHHigh,reject,short,TP8_SL4,8,4,6558.0,SL,-4.0,11,09:30-09:45
2025-09-11,ES,PriorRTHHigh,reject,short,TP12_SL6,12,6,6558.0,SL,-6.0,16,09:30-09:45
2025-09-11,ES,OR15High,reject,short,TP8_SL4,8,4,6558.0,SL,-4.0,11,09:30-09:45
2025-09-11,ES,OR15High,reject,short,TP12_SL6,12,6,6558.0,SL,-6.0,16,09:30-09:45
2025-09-11,ES,VWAP,reject,short,TP8_SL4,8,4,6558.0,SL,-4.0,11,09:30-09:45
2025-09-11,ES,VWAP,reject,short,TP12_SL6,12,6,6558.0,SL,-6.0,16,09:30-09:45
2025-09-11,ES,OR15Low,reject,short,TP8_SL4,8,4,6555.5,SL,-4.0,4,09:30-09:45
2025-09-11,ES,OR15Low,reject,short,TP12_SL6,12,6,6555.5,SL,-6.0,5,09:30-09:45
2025-09-11,ES,GlobexHigh,reject,short,TP8_SL4,8,4,6589.75,SL,-4.0,45,11:00-12:00
2025-09-11,ES,GlobexHigh,reject,short,TP12_SL6,12,6,6589.75,SL,-6.0,233,11:00-12:00
2025-09-12,ES,GlobexLow,breakout,long,TP8_SL4,8,4,6588.25,TP,8.0,78,09:30-09:45
2025-09-12,ES,GlobexLow,breakout,long,TP12_SL6,12,6,6588.25,TP,12.0,296,09:30-09:45
2025-09-12,ES,GlobexHigh,reject,short,TP8_SL4,8,4,6587.5,SL,-4.0,17,09:30-09:45
2025-09-12,ES,GlobexHigh,reject,short,TP12_SL6,12,6,6587.5,SL,-6.0,18,09:30-09:45
2025-09-12,ES,OR15High,reject,short,TP8_SL4,8,4,6587.5,SL,-4.0,17,09:30-09:45
2025-09-12,ES,OR15High,reject,short,TP12_SL6,12,6,6587.5,SL,-6.0,18,09:30-09:45
2025-09-12,ES,OR15Low,reject,short,TP8_SL4,8,4,6587.5,SL,-4.0,17,09:30-09:45
2025-09-12,ES,OR15Low,reject,short,TP12_SL6,12,6,6587.5,SL,-6.0,18,09:30-09:45
2025-09-12,ES,VWAP,reject,short,TP8_SL4,8,4,6587.5,SL,-4.0,17,09:30-09:45
2025-09-12,ES,VWAP,reject,short,TP12_SL6,12,6,6587.5,SL,-6.0,18,09:30-09:45
2025-09-12,ES,PriorRTHHigh,reject,short,TP8_SL4,8,4,6591.0,SL,-4.0,5,10:00-10:30
2025-09-12,ES,PriorRTHHigh,reject,short,TP12_SL6,12,6,6591.0,SL,-6.0,53,10:00-10:30
2025-09-15,ES,PriorRTHHigh,breakout,long,TP8_SL4,8,4,6612.25,SL,-4.0,11,09:30-09:45
2025-09-15,ES,PriorRTHHigh,breakout,long,TP12_SL6,12,6,6612.25,SL,-6.0,310,09:30-09:45
2025-09-15,ES,OR15High,reject,short,TP8_SL4,8,4,6610.25,SL,-4.0,5,09:30-09:45
2025-09-15,ES,OR15High,reject,short,TP12_SL6,12,6,6610.25,SL,-6.0,15,09:30-09:45
2025-09-15,ES,OR15Low,reject,short,TP8_SL4,8,4,6610.25,SL,-4.0,5,09:30-09:45
2025-09-15,ES,OR15Low,reject,short,TP12_SL6,12,6,6610.25,SL,-6.0,15,09:30-09:45
2025-09-15,ES,VWAP,reject,short,TP8_SL4,8,4,6610.25,SL,-4.0,5,09:30-09:45
2025-09-15,ES,VWAP,reject,short,TP12_SL6,12,6,6610.25,SL,-6.0,15,09:30-09:45
2025-09-15,ES,PriorRTHHigh,reject,short,TP8_SL4,8,4,6611.25,SL,-4.0,6,09:30-09:45
2025-09-15,ES,PriorRTHHigh,reject,short,TP12_SL6,12,6,6611.25,SL,-6.0,8,09:30-09:45
2025-09-15,ES,GlobexHigh,reject,short,TP8_SL4,8,4,6618.0,SL,-4.0,9,10:30-11:00
2025-09-15,ES,GlobexHigh,reject,short,TP12_SL6,12,6,6618.0,TP,12.0,248,10:30-11:00
2025-09-16,ES,OR15Low,breakout,long,TP8_SL4,8,4,6627.5,SL,-4.0,4,09:30-09:45
2025-09-16,ES,OR15Low,breakout,long,TP12_SL6,12,6,6627.5,SL,-6.0,6,09:30-09:45
2025-09-16,ES,PriorRTHHigh,reject,short,TP8_SL4,8,4,6625.75,TP,8.0,11,09:30-09:45
2025-09-16,ES,PriorRTHHigh,reject,short,TP12_SL6,12,6,6625.75,TP,12.0,17,09:30-09:45
2025-09-16,ES,OR15High,reject,short,TP8_SL4,8,4,6625.75,TP,8.0,11,09:30-09:45
2025-09-16,ES,OR15High,reject,short,TP12_SL6,12,6,6625.75,TP,12.0,17,09:30-09:45
2025-09-16,ES,VWAP,reject,short,TP8_SL4,8,4,6625.75,TP,8.0,11,09:30-09:45
2025-09-16,ES,VWAP,reject,short,TP12_SL6,12,6,6625.75,TP,12.0,17,09:30-09:45
2025-09-16,ES,GlobexLow,breakout,long,TP8_SL4,8,4,6620.25,SL,-4.0,9,09:30-09:45
2025-09-16,ES,GlobexLow,breakout,long,TP12_SL6,12,6,6620.25,SL,-6.0,9,09:30-09:45
2025-09-16,ES,OR15Low,reject,short,TP8_SL4,8,4,6620.25,TP,8.0,21,09:30-09:45
2025-09-16,ES,OR15Low,reject,short,TP12_SL6,12,6,6620.25,TP,12.0,31,09:30-09:45
2025-09-16,ES,PriorRTHLow,breakout,long,TP8_SL4,8,4,6620.0,SL,-4.0,8,09:30-09:45
2025-09-16,ES,PriorRTHLow,breakout,long,TP12_SL6,12,6,6620.0,SL,-6.0,8,09:30-09:45
2025-09-16,ES,GlobexLow,reject,short,TP8_SL4,8,4,6612.5,SL,-4.0,13,10:00-10:30
2025-09-16,ES,GlobexLow,reject,short,TP12_SL6,12,6,6612.5,SL,-6.0,285,10:00-10:30
2025-09-16,ES,PriorRTHLow,reject,short,TP8_SL4,8,4,6611.5,SL,-4.0,168,10:00-10:30
2025-09-16,ES,PriorRTHLow,reject,short,TP12_SL6,12,6,6611.5,SL,-6.0,260,10:00-10:30
2025-09-17,ES,PriorRTHLow,breakout,long,TP8_SL4,8,4,6614.5,SL,-4.0,7,09:30-09:45
2025-09-17,ES,PriorRTHLow,breakout,long,TP12_SL6,12,6,6614.5,SL,-6.0,12,09:30-09:45
2025-09-17,ES,OR15High,reject,short,TP8_SL4,8,4,6613.5,SL,-4.0,16,09:30-09:45
2025-09-17,ES,OR15High,reject,short,TP12_SL6,12,6,6613.5,TP,12.0,89,09:30-09:45
2025-09-17,ES,VWAP,reject,short,TP8_SL4,8,4,6613.5,SL,-4.0,16,09:30-09:45
2025-09-17,ES,VWAP,reject,short,TP12_SL6,12,6,6613.5,TP,12.0,89,09:30-09:45
2025-09-17,ES,OR15Low,reject,short,TP8_SL4,8,4,6613.0,SL,-4.0,12,09:30-09:45
2025-09-17,ES,OR15Low,reject,short,TP12_SL6,12,6,6613.0,TP,12.0,108,09:30-09:45
2025-09-17,ES,GlobexLow,breakout,long,TP8_SL4,8,4,6609.0,TP,8.0,6,09:45-10:00
2025-09-17,ES,GlobexLow,breakout,long,TP12_SL6,12,6,6609.0,SL,-6.0,30,09:45-10:00
2025-09-17,ES,PriorRTHLow,reject,short,TP8_SL4,8,4,6613.75,TP,8.0,7,09:45-10:00
2025-09-17,ES,PriorRTHLow,reject,short,TP12_SL6,12,6,6613.75,TP,12.0,71,09:45-10:00
2025-09-17,ES,GlobexLow,reject,short,TP8_SL4,8,4,6601.0,SL,-4.0,21,11:00-12:00
2025-09-17,ES,GlobexLow,reject,short,TP12_SL6,12,6,6601.0,SL,-6.0,140,11:00-12:00
2025-09-17,ES,GlobexHigh,reject,short,TP8_SL4,8,4,6613.5,SL,-4.0,0,14:00-close
2025-09-17,ES,GlobexHigh,reject,short,TP12_SL6,12,6,6613.5,SL,-6.0,0,14:00-close
2025-09-17,ES,PriorRTHHigh,reject,short,TP8_SL4,8,4,6613.5,SL,-4.0,0,14:00-close
2025-09-17,ES,PriorRTHHigh,reject,short,TP12_SL6,12,6,6613.5,SL,-6.0,0,14:00-close
2025-09-18,ES,GlobexLow,breakout,long,TP8_SL4,8,4,6628.5,SL,-4.0,7,09:30-09:45
2025-09-18,ES,GlobexLow,breakout,long,TP12_SL6,12,6,6628.5,SL,-6.0,8,09:30-09:45
2025-09-18,ES,PriorRTHHigh,reject,short,TP8_SL4,8,4,6628.5,SL,-4.0,2,09:30-09:45
2025-09-18,ES,PriorRTHHigh,reject,short,TP12_SL6,12,6,6628.5,SL,-6.0,3,09:30-09:45
2025-09-18,ES,OR15High,reject,short,TP8_SL4,8,4,6628.5,SL,-4.0,2,09:30-09:45
2025-09-18,ES,OR15High,reject,short,TP12_SL6,12,6,6628.5,SL,-6.0,3,09:30-09:45
2025-09-18,ES,OR15Low,breakout,long,TP8_SL4,8,4,6628.5,SL,-4.0,7,09:30-09:45
2025-09-18,ES,OR15Low,breakout,long,TP12_SL6,12,6,6628.5,SL,-6.0,8,09:30-09:45
2025-09-18,ES,VWAP,reject,short,TP8_SL4,8,4,6628.5,SL,-4.0,2,09:30-09:45
2025-09-18,ES,VWAP,reject,short,TP12_SL6,12,6,6628.5,SL,-6.0,3,09:30-09:45
2025-09-18,ES,GlobexLow,reject,short,TP8_SL4,8,4,6620.75,SL,-4.0,6,09:30-09:45
2025-09-18,ES,GlobexLow,reject,short,TP12_SL6,12,6,6620.75,SL,-6.0,7,09:30-09:45
2025-09-18,ES,OR15Low,reject,short,TP8_SL4,8,4,6618.0,SL,-4.0,4,09:45-10:00
2025-09-18,ES,OR15Low,reject,short,TP12_SL6,12,6,6618.0,SL,-6.0,4,09:45-10:00
2025-09-18,ES,GlobexHigh,reject,short,TP8_SL4,8,4,6657.75,TP,8.0,6,10:30-11:00
2025-09-18,ES,GlobexHigh,reject,short,TP12_SL6,12,6,6657.75,TP,12.0,12,10:30-11:00
2025-09-22,ES,GlobexLow,breakout,long,TP8_SL4,8,4,6710.75,SL,-4.0,2,09:30-09:45
2025-09-22,ES,GlobexLow,breakout,long,TP12_SL6,12,6,6710.75,TP,12.0,50,09:30-09:45
2025-09-22,ES,OR15High,reject,short,TP8_SL4,8,4,6708.0,SL,-4.0,6,09:30-09:45
2025-09-22,ES,OR15High,reject,short,TP12_SL6,12,6,6708.0,SL,-6.0,9,09:30-09:45
2025-09-22,ES,OR15Low,reject,short,TP8_SL4,8,4,6708.0,SL,-4.0,6,09:30-09:45
2025-09-22,ES,OR15Low,reject,short,TP12_SL6,12,6,6708.0,SL,-6.0,9,09:30-09:45
2025-09-22,ES,VWAP,reject,short,TP8_SL4,8,4,6708.0,SL,-4.0,6,09:30-09:45
2025-09-22,ES,VWAP,reject,short,TP12_SL6,12,6,6708.0,SL,-6.0,9,09:30-09:45
2025-09-22,ES,GlobexHigh,reject,short,TP8_SL4,8,4,6745.75,SL,-4.0,9,12:00-14:00
2025-09-22,ES,GlobexHigh,reject,short,TP12_SL6,12,6,6745.75,SL,-6.0,28,12:00-14:00
2025-09-23,ES,GlobexHigh,reject,short,TP8_SL4,8,4,6751.25,SL,-4.0,8,09:30-09:45
2025-09-23,ES,GlobexHigh,reject,short,TP12_SL6,12,6,6751.25,TP,12.0,120,09:30-09:45
2025-09-23,ES,PriorRTHHigh,reject,short,TP8_SL4,8,4,6751.25,SL,-4.0,8,09:30-09:45
2025-09-23,ES,PriorRTHHigh,reject,short,TP12_SL6,12,6,6751.25,TP,12.0,120,09:30-09:45
2025-09-23,ES,OR15High,reject,short,TP8_SL4,8,4,6751.25,SL,-4.0,8,09:30-09:45
2025-09-23,ES,OR15High,reject,short,TP12_SL6,12,6,6751.25,TP,12.0,120,09:30-09:45
2025-09-23,ES,OR15Low,reject,short,TP8_SL4,8,4,6751.25,SL,-4.0,8,09:30-09:45
2025-09-23,ES,OR15Low,reject,short,TP12_SL6,12,6,6751.25,TP,12.0,120,09:30-09:45
2025-09-23,ES,VWAP,reject,short,TP8_SL4,8,4,6751.25,SL,-4.0,8,09:30-09:45
2025-09-23,ES,VWAP,reject,short,TP12_SL6,12,6,6751.25,TP,12.0,120,09:30-09:45
2025-09-23,ES,GlobexLow,breakout,long,TP8_SL4,8,4,6723.75,SL,-4.0,0,12:00-14:00
2025-09-23,ES,GlobexLow,breakout,long,TP12_SL6,12,6,6723.75,SL,-6.0,4,12:00-14:00
2025-09-23,ES,PriorRTHLow,breakout,long,TP8_SL4,8,4,6719.75,SL,-4.0,6,12:00-14:00
2025-09-23,ES,PriorRTHLow,breakout,long,TP12_SL6,12,6,6719.75,SL,-6.0,6,12:00-14:00
2025-09-23,ES,GlobexLow,reject,short,TP8_SL4,8,4,6711.5,TP,8.0,4,12:00-14:00
2025-09-23,ES,GlobexLow,reject,short,TP12_SL6,12,6,6711.5,SL,-6.0,136,12:00-14:00
2025-09-23,ES,PriorRTHLow,reject,short,TP8_SL4,8,4,6706.5,SL,-4.0,1,12:00-14:00
2025-09-23,ES,PriorRTHLow,reject,short,TP12_SL6,12,6,6706.5,SL,-6.0,7,12:00-14:00
2025-09-24,ES,OR15Low,breakout,long,TP8_SL4,8,4,6723.5,SL,-4.0,4,09:30-09:45
2025-09-24,ES,OR15Low,breakout,long,TP12_SL6,12,6,6723.5,SL,-6.0,5,09:30-09:45
2025-09-24,ES,GlobexHigh,reject,short,TP8_SL4,8,4,6721.0,TP,8.0,15,09:30-09:45
2025-09-24,ES,GlobexHigh,reject,short,TP12_SL6,12,6,6721.0,TP,12.0,17,09:30-09:45
2025-09-24,ES,OR15High,reject,short,TP8_SL4,8,4,6721.0,TP,8.0,15,09:30-09:45
2025-09-24,ES,OR15High,reject,short,TP12_SL6,12,6,6721.0,TP,12.0,17,09:30-09:45
2025-09-24,ES,VWAP,reject,short,TP8_SL4,8,4,6721.0,TP,8.0,15,09:30-09:45
2025-09-24,ES,VWAP,reject,short,TP12_SL6,12,6,6721.0,TP,12.0,17,09:30-09:45
2025-09-24,ES,OR15Low,reject,short,TP8_SL4,8,4,6718.25,TP,8.0,12,09:30-09:45
2025-09-24,ES,OR15Low,reject,short,TP12_SL6,12,6,6718.25,TP,12.0,13,09:30-09:45
2025-09-24,ES,PriorRTHLow,breakout,long,TP8_SL4,8,4,6711.5,SL,-4.0,1,09:45-10:00
2025-09-24,ES,PriorRTHLow,breakout,long,TP12_SL6,12,6,6711.5,SL,-6.0,103,09:45-10:00
2025-09-24,ES,GlobexLow,breakout,long,TP8_SL4,8,4,6707.0,TP,8.0,12,09:45-10:00
2025-09-24,ES,GlobexLow,breakout,long,TP12_SL6,12,6,6707.0,TP,12.0,60,09:45-10:00
2025-09-24,ES,PriorRTHLow,reject,short,TP8_SL4,8,4,6708.0,TP,8.0,18,11:00-12:00
2025-09-24,ES,PriorRTHLow,reject,short,TP12_SL6,12,6,6708.0,TP,12.0,20,11:00-12:00
2025-09-24,ES,GlobexLow,reject,short,TP8_SL4,8,4,6696.25,TP,8.0,9,11:00-12:00
2025-09-24,ES,GlobexLow,reject,short,TP12_SL6,12,6,6696.25,TP,12.0,10,11:00-12:00
2025-09-25,ES,GlobexLow,reject,short,TP8_SL4,8,4,6652.5,TP,8.0,1,09:30-09:45
2025-09-25,ES,GlobexLow,reject,short,TP12_SL6,12,6,6652.5,TP,12.0,5,09:30-09:45
2025-09-25,ES,OR15High,reject,short,TP8_SL4,8,4,6652.5,TP,8.0,1,09:30-09:45
2025-09-25,ES,OR15High,reject,short,TP12_SL6,12,6,6652.5,TP,12.0,5,09:30-09:45
2025-09-25,ES,VWAP,reject,short,TP8_SL4,8,4,6652.5,TP,8.0,1,09:30-09:45
2025-09-25,ES,VWAP,reject,short,TP12_SL6,12,6,6652.5,TP,12.0,5,09:30-09:45
2025-09-25,ES,OR15Low,breakout,long,TP8_SL4,8,4,6644.75,SL,-4.0,3,09:30-09:45
2025-09-25,ES,OR15Low,breakout,long,TP12_SL6,12,6,6644.75,SL,-6.0,3,09:30-09:45
2025-09-25,ES,OR15Low,reject,short,TP8_SL4,8,4,6632.0,SL,-4.0,1,09:30-09:45
2025-09-25,ES,OR15Low,reject,short,TP12_SL6,12,6,6632.0,SL,-6.0,1,09:30-09:45
2025-09-25,ES,PriorRTHLow,reject,short,TP8_SL4,8,4,6667.75,SL,-4.0,22,10:00-10:30
2025-09-25,ES,PriorRTHLow,reject,short,TP12_SL6,12,6,6667.75,TP,12.0,40,10:00-10:30
2025-09-26,ES,PriorRTHHigh,breakout,long,TP8_SL4,8,4,6684.75,TP,8.0,9,09:30-09:45
2025-09-26,ES,PriorRTHHigh,breakout,long,TP12_SL6,12,6,6684.75,TP,12.0,14,09:30-09:45
2025-09-26,ES,VWAP,breakout,long,TP8_SL4,8,4,6684.75,TP,8.0,9,09:30-09:45
2025-09-26,ES,VWAP,breakout,long,TP12_SL6,12,6,6684.75,TP,12.0,14,09:30-09:45
2025-09-26,ES,GlobexHigh,reject,short,TP8_SL4,8,4,6685.75,SL,-4.0,4,09:30-09:45
2025-09-26,ES,GlobexHigh,reject,short,TP12_SL6,12,6,6685.75,SL,-6.0,6,09:30-09:45
2025-09-26,ES,PriorRTHHigh,reject,short,TP8_SL4,8,4,6685.75,SL,-4.0,4,09:30-09:45
2025-09-26,ES,PriorRTHHigh,reject,short,TP12_SL6,12,6,6685.75,SL,-6.0,6,09:30-09:45
2025-09-26,ES,VWAP,reject,short,TP8_SL4,8,4,6685.75,SL,-4.0,4,09:30-09:45
2025-09-26,ES,VWAP,reject,short,TP12_SL6,12,6,6685.75,SL,-6.0,6,09:30-09:45
2025-09-26,ES,OR15High,reject,short,TP8_SL4,8,4,6684.5,SL,-4.0,0,09:30-09:45
2025-09-26,ES,OR15High,reject,short,TP12_SL6,12,6,6684.5,SL,-6.0,3,09:30-09:45
2025-09-26,ES,OR15Low,breakout,long,TP8_SL4,8,4,6677.5,SL,-4.0,3,10:00-10:30
2025-09-26,ES,OR15Low,breakout,long,TP12_SL6,12,6,6677.5,SL,-6.0,5,10:00-10:30
2025-09-26,ES,GlobexLow,breakout,long,TP8_SL4,8,4,6666.75,SL,-4.0,0,10:00-10:30
2025-09-26,ES,GlobexLow,breakout,long,TP12_SL6,12,6,6666.75,SL,-6.0,0,10:00-10:30
2025-09-26,ES,OR15Low,reject,short,TP8_SL4,8,4,6666.75,TP,8.0,2,10:00-10:30
2025-09-26,ES,OR15Low,reject,short,TP12_SL6,12,6,6666.75,SL,-6.0,14,10:00-10:30
2025-09-29,ES,OR15Low,breakout,long,TP8_SL4,8,4,6724.25,SL,-4.0,1,09:30-09:45
2025-09-29,ES,OR15Low,breakout,long,TP12_SL6,12,6,6724.25,SL,-6.0,5,09:30-09:45
2025-09-29,ES,OR15High,reject,short,TP8_SL4,8,4,6721.5,SL,-4.0,11,09:30-09:45
2025-09-29,ES,OR15High,reject,short,TP12_SL6,12,6,6721.5,SL,-6.0,34,09:30-09:45
2025-09-29,ES,VWAP,reject,short,TP8_SL4,8,4,6721.5,SL,-4.0,11,09:30-09:45
2025-09-29,ES,VWAP,reject,short,TP12_SL6,12,6,6721.5,SL,-6.0,34,09:30-09:45
2025-09-29,ES,GlobexLow,breakout,long,TP8_SL4,8,4,6720.25,SL,-4.0,4,09:30-09:45
2025-09-29,ES,GlobexLow,breakout,long,TP12_SL6,12,6,6720.25,SL,-6.0,99,09:30-09:45
2025-09-29,ES,OR15Low,reject,short,TP8_SL4,8,4,6720.0,SL,-4.0,7,09:30-09:45
2025-09-29,ES,OR15Low,reject,short,TP12_SL6,12,6,6720.0,SL,-6.0,8,09:30-09:45
2025-09-29,ES,PriorRTHHigh,breakout,long,TP8_SL4,8,4,6718.5,TP,8.0,19,09:30-09:45
2025-09-29,ES,PriorRTHHigh,breakout,long,TP12_SL6,12,6,6718.5,TP,12.0,28,09:30-09:45
2025-09-29,ES,GlobexHigh,reject,short,TP8_SL4,8,4,6727.0,TP,8.0,8,10:00-10:30
2025-09-29,ES,GlobexHigh,reject,short,TP12_SL6,12,6,6727.0,TP,12.0,63,10:00-10:30
2025-09-29,ES,GlobexLow,reject,short,TP8_SL4,8,4,6709.5,SL,-4.0,3,11:00-12:00
2025-09-29,ES,GlobexLow,reject,short,TP12_SL6,12,6,6709.5,SL,-6.0,37,11:00-12:00
2025-09-29,ES,PriorRTHHigh,reject,short,TP8_SL4,8,4,6709.75,SL,-4.0,9,12:00-14:00
2025-09-29,ES,PriorRTHHigh,reject,short,TP12_SL6,12,6,6709.75,SL,-6.0,11,12:00-14:00
2025-09-30,ES,GlobexLow,breakout,long,TP8_SL4,8,4,6707.25,SL,-4.0,1,09:30-09:45
2025-09-30,ES,GlobexLow,breakout,long,TP12_SL6,12,6,6707.25,SL,-6.0,1,09:30-09:45
2025-09-30,ES,PriorRTHLow,breakout,long,TP8_SL4,8,4,6707.25,SL,-4.0,1,09:30-09:45
2025-09-30,ES,PriorRTHLow,breakout,long,TP12_SL6,12,6,6707.25,SL,-6.0,1,09:30-09:45
2025-09-30,ES,OR15Low,breakout,long,TP8_SL4,8,4,6707.25,SL,-4.0,1,09:30-09:45
2025-09-30,ES,OR15Low,breakout,long,TP12_SL6,12,6,6707.25,SL,-6.0,1,09:30-09:45
2025-09-30,ES,OR15High,reject,short,TP8_SL4,8,4,6704.0,SL,-4.0,10,09:30-09:45
2025-09-30,ES,OR15High,reject,short,TP12_SL6,12,6,6704.0,SL,-6.0,11,09:30-09:45
2025-09-30,ES,VWAP,reject,short,TP8_SL4,8,4,6704.0,SL,-4.0,10,09:30-09:45
2025-09-30,ES,VWAP,reject,short,TP12_SL6,12,6,6704.0,SL,-6.0,11,09:30-09:45
2025-09-30,ES,OR15Low,reject,short,TP8_SL4,8,4,6701.0,SL,-4.0,4,09:30-09:45
2025-09-30,ES,OR15Low,reject,short,TP12_SL6,12,6,6701.0,SL,-6.0,8,09:30-09:45
2025-09-30,ES,PriorRTHLow,reject,short,TP8_SL4,8,4,6706.25,TP,8.0,5,09:45-10:00
2025-09-30,ES,PriorRTHLow,reject,short,TP12_SL6,12,6,6706.25,SL,-6.0,13,09:45-10:00
2025-09-30,ES,GlobexLow,reject,short,TP8_SL4,8,4,6695.0,SL,-4.0,1,10:30-11:00
2025-09-30,ES,GlobexLow,reject,short,TP12_SL6,12,6,6695.0,SL,-6.0,4,10:30-11:00
2025-09-30,ES,PriorRTHHigh,reject,short,TP8_SL4,8,4,6721.5,SL,-4.0,4,14:00-close
2025-09-30,ES,PriorRTHHigh,reject,short,TP12_SL6,12,6,6721.5,SL,-6.0,14,14:00-close
2025-09-30,ES,GlobexHigh,reject,short,TP8_SL4,8,4,6731.25,SL,-4.0,13,14:00-close
2025-09-30,ES,GlobexHigh,reject,short,TP12_SL6,12,6,6731.25,SL,-6.0,14,14:00-close
2025-10-01,ES,OR15Low,breakout,long,TP8_SL4,8,4,6719.5,TP,8.0,7,09:30-09:45
2025-10-01,ES,OR15Low,breakout,long,TP12_SL6,12,6,6719.5,SL,-6.0,15,09:30-09:45
2025-10-01,ES,VWAP,breakout,long,TP8_SL4,8,4,6719.5,TP,8.0,7,09:30-09:45
2025-10-01,ES,VWAP,breakout,long,TP12_SL6,12,6,6719.5,SL,-6.0,15,09:30-09:45
2025-10-01,ES,OR15High,reject,short,TP8_SL4,8,4,6723.5,TP,8.0,2,09:45-10:00
2025-10-01,ES,OR15High,reject,short,TP12_SL6,12,6,6723.5,TP,12.0,3,09:45-10:00
2025-10-01,ES,VWAP,reject,short,TP8_SL4,8,4,6723.5,TP,8.0,2,09:45-10:00
2025-10-01,ES,VWAP,reject,short,TP12_SL6,12,6,6723.5,TP,12.0,3,09:45-10:00
2025-10-01,ES,PriorRTHLow,breakout,long,TP8_SL4,8,4,6710.75,TP,8.0,5,09:45-10:00
2025-10-01,ES,PriorRTHLow,breakout,long,TP12_SL6,12,6,6710.75,TP,12.0,24,09:45-10:00
2025-10-01,ES,OR15Low,reject,short,TP8_SL4,8,4,6713.0,SL,-4.0,1,09:45-10:00
2025-10-01,ES,OR15Low,reject,short,TP12_SL6,12,6,6713.0,SL,-6.0,4,09:45-10:00
2025-10-01,ES,PriorRTHHigh,reject,short,TP8_SL4,8,4,6734.5,SL,-4.0,23,11:00-12:00
2025-10-01,ES,PriorRTHHigh,reject,short,TP12_SL6,12,6,6734.5,SL,-6.0,26,11:00-12:00
2025-10-01,ES,GlobexHigh,reject,short,TP8_SL4,8,4,6765.75,EOD,5.25,48,14:00-close
2025-10-01,ES,GlobexHigh,reject,short,TP12_SL6,12,6,6765.75,EOD,5.25,48,14:00-close
2025-10-02,ES,PriorRTHHigh,breakout,long,TP8_SL4,8,4,6778.0,SL,-4.0,5,09:30-09:45
2025-10-02,ES,PriorRTHHigh,breakout,long,TP12_SL6,12,6,6778.0,SL,-6.0,6,09:30-09:45
2025-10-02,ES,GlobexHigh,reject,short,TP8_SL4,8,4,6776.75,TP,8.0,5,09:30-09:45
2025-10-02,ES,GlobexHigh,reject,short,TP12_SL6,12,6,6776.75,TP,12.0,8,09:30-09:45
2025-10-02,ES,OR15High,reject,short,TP8_SL4,8,4,6776.75,TP,8.0,5,09:30-09:45
2025-10-02,ES,OR15High,reject,short,TP12_SL6,12,6,6776.75,TP,12.0,8,09:30-09:45
2025-10-02,ES,OR15Low,breakout,long,TP8_SL4,8,4,6776.75,SL,-4.0,3,09:30-09:45
2025-10-02,ES,OR15Low,breakout,long,TP12_SL6,12,6,6776.75,SL,-6.0,5,09:30-09:45
2025-10-02,ES,VWAP,reject,short,TP8_SL4,8,4,6776.75,TP,8.0,5,09:30-09:45
2025-10-02,ES,VWAP,reject,short,TP12_SL6,12,6,6776.75,TP,12.0,8,09:30-09:45
2025-10-02,ES,GlobexLow,breakout,long,TP8_SL4,8,4,6772.5,SL,-4.0,0,09:30-09:45
2025-10-02,ES,GlobexLow,breakout,long,TP12_SL6,12,6,6772.5,SL,-6.0,1,09:30-09:45
2025-10-02,ES,PriorRTHHigh,reject,short,TP8_SL4,8,4,6768.25,TP,8.0,30,09:30-09:45
2025-10-02,ES,PriorRTHHigh,reject,short,TP12_SL6,12,6,6768.25,TP,12.0,63,09:30-09:45
2025-10-02,ES,OR15Low,reject,short,TP8_SL4,8,4,6766.5,SL,-4.0,4,09:30-09:45
2025-10-02,ES,OR15Low,reject,short,TP12_SL6,12,6,6766.5,TP,12.0,63,09:30-09:45
2025-10-02,ES,GlobexLow,reject,short,TP8_SL4,8,4,6765.25,SL,-4.0,3,09:45-10:00
2025-10-02,ES,GlobexLow,reject,short,TP12_SL6,12,6,6765.25,TP,12.0,56,09:45-10:00
2025-10-03,ES,GlobexLow,breakout,long,TP8_SL4,8,4,6777.5,TP,8.0,7,09:30-09:45
2025-10-03,ES,GlobexLow,breakout,long,TP12_SL6,12,6,6777.5,TP,12.0,62,09:30-09:45
2025-10-03,ES,OR15Low,breakout,long,TP8_SL4,8,4,6777.5,TP,8.0,7,09:30-09:45
2025-10-03,ES,OR15Low,breakout,long,TP12_SL6,12,6,6777.5,TP,12.0,62,09:30-09:45
2025-10-03,ES,GlobexHigh,reject,short,TP8_SL4,8,4,6778.5,SL,-4.0,4,09:30-09:45
2025-10-03,ES,GlobexHigh,reject,short,TP12_SL6,12,6,6778.5,SL,-6.0,8,09:30-09:45
2025-10-03,ES,PriorRTHHigh,reject,short,TP8_SL4,8,4,6778.5,SL,-4.0,4,09:30-09:45
2025-10-03,ES,PriorRTHHigh,reject,short,TP12_SL6,12,6,6778.5,SL,-6.0,8,09:30-09:45
2025-10-03,ES,OR15High,reject,short,TP8_SL4,8,4,6778.5,SL,-4.0,4,09:30-09:45
2025-10-03,ES,OR15High,reject,short,TP12_SL6,12,6,6778.5,SL,-6.0,8,09:30-09:45
2025-10-03,ES,VWAP,reject,short,TP8_SL4,8,4,6778.5,SL,-4.0,4,09:30-09:45
2025-10-03,ES,VWAP,reject,short,TP12_SL6,12,6,6778.5,SL,-6.0,8,09:30-09:45
2025-10-03,ES,OR15Low,reject,short,TP8_SL4,8,4,6774.0,SL,-4.0,3,10:00-10:30
2025-10-03,ES,OR15Low,reject,short,TP12_SL6,12,6,6774.0,SL,-6.0,9,10:00-10:30
2025-10-03,ES,GlobexLow,reject,short,TP8_SL4,8,4,6766.5,TP,8.0,2,12:00-14:00
2025-10-03,ES,GlobexLow,reject,short,TP12_SL6,12,6,6766.5,TP,12.0,3,12:00-14:00
2025-10-03,ES,PriorRTHLow,breakout,long,TP8_SL4,8,4,6755.0,TP,8.0,0,12:00-14:00
2025-10-03,ES,PriorRTHLow,breakout,long,TP12_SL6,12,6,6755.0,TP,12.0,16,12:00-14:00
2025-10-06,ES,GlobexLow,breakout,long,TP8_SL4,8,4,6784.75,SL,-4.0,2,09:30-09:45
2025-10-06,ES,GlobexLow,breakout,long,TP12_SL6,12,6,6784.75,SL,-6.0,6,09:30-09:45
2025-10-06,ES,OR15Low,breakout,long,TP8_SL4,8,4,6784.75,SL,-4.0,2,09:30-09:45
2025-10-06,ES,OR15Low,breakout,long,TP12_SL6,12,6,6784.75,SL,-6.0,6,09:30-09:45
2025-10-06,ES,OR15High,reject,short,TP8_SL4,8,4,6783.0,TP,8.0,9,09:30-09:45
2025-10-06,ES,OR15High,reject,short,TP12_SL6,12,6,6783.0,TP,12.0,23,09:30-09:45
2025-10-06,ES,VWAP,reject,short,TP8_SL4,8,4,6783.0,TP,8.0,9,09:30-09:45
2025-10-06,ES,VWAP,reject,short,TP12_SL6,12,6,6783.0,TP,12.0,23,09:30-09:45
2025-10-06,ES,GlobexLow,reject,short,TP8_SL4,8,4,6774.0,SL,-4.0,2,09:30-09:45
2025-10-06,ES,GlobexLow,reject,short,TP12_SL6,12,6,6774.0,SL,-6.0,3,09:30-09:45
2025-10-06,ES,OR15Low,reject,short,TP8_SL4,8,4,6774.0,SL,-4.0,2,09:30-09:45
2025-10-06,ES,OR15Low,reject,short,TP12_SL6,12,6,6774.0,SL,-6.0,3,09:30-09:45
2025-10-06,ES,PriorRTHLow,breakout,long,TP8_SL4,8,4,6767.75,TP,8.0,13,10:00-10:30
2025-10-06,ES,PriorRTHLow,breakout,long,TP12_SL6,12,6,6767.75,TP,12.0,31,10:00-10:30
2025-10-06,ES,GlobexHigh,reject,short,TP8_SL4,8,4,6788.25,SL,-4.0,72,12:00-14:00
2025-10-06,ES,GlobexHigh,reject,short,TP12_SL6,12,6,6788.25,SL,-6.0,74,12:00-14:00
2025-10-06,ES,PriorRTHHigh,reject,short,TP8_SL4,8,4,6792.0,SL,-4.0,23,12:00-14:00
2025-10-06,ES,PriorRTHHigh,reject,short,TP12_SL6,12,6,6792.0,EOD,3.5,144,12:00-14:00
2025-10-07,ES,OR15Low,breakout,long,TP8_SL4,8,4,6800.75,SL,-4.0,6,09:30-09:45
2025-10-07,ES,OR15Low,breakout,long,TP12_SL6,12,6,6800.75,SL,-6.0,12,09:30-09:45
2025-10-07,ES,GlobexHigh,reject,short,TP8_SL4,8,4,6797.25,TP,8.0,22,09:30-09:45
2025-10-07,ES,GlobexHigh,reject,short,TP12_SL6,12,6,6797.25,TP,12.0,44,09:30-09:45
2025-10-07,ES,PriorRTHHigh,reject,short,TP8_SL4,8,4,6797.25,TP,8.0,22,09:30-09:45
2025-10-07,ES,PriorRTHHigh,reject,short,TP12_SL6,12,6,6797.25,TP,12.0,44,09:30-09:45
2025-10-07,ES,OR15High,reject,short,TP8_SL4,8,4,6797.25,TP,8.0,22,09:30-09:45
2025-10-07,ES,OR15High,reject,short,TP12_SL6,12,6,6797.25,TP,12.0,44,09:30-09:45
2025-10-07,ES,OR15Low,reject,short,TP8_SL4,8,4,6797.25,TP,8.0,22,09:30-09:45
2025-10-07,ES,OR15Low,reject,short,TP12_SL6,12,6,6797.25,TP,12.0,44,09:30-09:45
2025-10-07,ES,VWAP,reject,short,TP8_SL4,8,4,6797.25,TP,8.0,22,09:30-09:45
2025-10-07,ES,VWAP,reject,short,TP12_SL6,12,6,6797.25,TP,12.0,44,09:30-09:45
2025-10-07,ES,PriorRTHLow,breakout,long,TP8_SL4,8,4,6782.25,SL,-4.0,18,10:30-11:00
2025-10-07,ES,PriorRTHLow,breakout,long,TP12_SL6,12,6,6782.25,SL,-6.0,25,10:30-11:00
2025-10-07,ES,GlobexLow,breakout,long,TP8_SL4,8,4,6770.5,SL,-4.0,0,11:00-12:00
2025-10-07,ES,GlobexLow,breakout,long,TP12_SL6,12,6,6770.5,SL,-6.0,1,11:00-12:00
2025-10-07,ES,PriorRTHLow,reject,short,TP8_SL4,8,4,6765.0,SL,-4.0,8,11:00-12:00
2025-10-07,ES,PriorRTHLow,reject,short,TP12_SL6,12,6,6765.0,SL,-6.0,11,11:00-12:00
2025-10-07,ES,GlobexLow,reject,short,TP8_SL4,8,4,6761.5,TP,8.0,6,11:00-12:00
2025-10-07,ES,GlobexLow,reject,short,TP12_SL6,12,6,6761.5,TP,12.0,15,11:00-12:00
2025-10-08,ES,GlobexLow,breakout,long,TP8_SL4,8,4,6774.0,SL,-4.0,1,09:30-09:45
2025-10-08,ES,GlobexLow,breakout,long,TP12_SL6,12,6,6774.0,SL,-6.0,2,09:30-09:45
2025-10-08,ES,OR15Low,breakout,long,TP8_SL4,8,4,6774.0,SL,-4.0,1,09:30-09:45
2025-10-08,ES,OR15Low,breakout,long,TP12_SL6,12,6,6774.0,SL,-6.0,2,09:30-09:45
2025-10-08,ES,OR15High,reject,short,TP8_SL4,8,4,6771.5,SL,-4.0,15,09:30-09:45
2025-10-08,ES,OR15High,reject,short,TP12_SL6,12,6,6771.5,SL,-6.0,26,09:30-09:45
2025-10-08,ES,VWAP,reject,short,TP8_SL4,8,4,6771.5,SL,-4.0,15,09:30-09:45
2025-10-08,ES,VWAP,reject,short,TP12_SL6,12,6,6771.5,SL,-6.0,26,09:30-09:45
2025-10-08,ES,OR15Low,reject,short,TP8_SL4,8,4,6767.25,SL,-4.0,9,09:30-09:45
2025-10-08,ES,OR15Low,reject,short,TP12_SL6,12,6,6767.25,SL,-6.0,10,09:30-09:45
2025-10-08,ES,PriorRTHHigh,reject,short,TP8_SL4,8,4,6795.0,SL,-4.0,18,11:00-12:00
2025-10-08,ES,PriorRTHHigh,reject,short,TP12_SL6,12,6,6795.0,SL,-6.0,19,11:00-12:00
2025-10-09,ES,GlobexHigh,reject,short,TP8_SL4,8,4,6805.5,TP,8.0,10,09:30-09:45
2025-10-09,ES,GlobexHigh,reject,short,TP12_SL6,12,6,6805.5,TP,12.0,18,09:30-09:45
2025-10-09,ES,PriorRTHHigh,reject,short,TP8_SL4,8,4,6805.5,TP,8.0,10,09:30-09:45
2025-10-09,ES,PriorRTHHigh,reject,short,TP12_SL6,12,6,6805.5,TP,12.0,18,09:30-09:45
2025-10-09,ES,OR15High,reject,short,TP8_SL4,8,4,6805.5,TP,8.0,10,09:30-09:45
2025-10-09,ES,OR15High,reject,short,TP12_SL6,12,6,6805.5,TP,12.0,18,09:30-09:45
2025-10-09,ES,OR15Low,breakout,long,TP8_SL4,8,4,6805.5,SL,-4.0,8,09:30-09:45
2025-10-09,ES,OR15Low,breakout,long,TP12_SL6,12,6,6805.5,SL,-6.0,9,09:30-09:45
2025-10-09,ES,VWAP,reject,short,TP8_SL4,8,4,6805.5,TP,8.0,10,09:30-09:45
2025-10-09,ES,VWAP,reject,short,TP12_SL6,12,6,6805.5,TP,12.0,18,09:30-09:45
2025-10-09,ES,OR15Low,reject,short,TP8_SL4,8,4,6797.0,TP,8.0,8,09:45-10:00
2025-10-09,ES,OR15Low,reject,short,TP12_SL6,12,6,6797.0,TP,12.0,16,09:45-10:00
2025-10-09,ES,GlobexLow,breakout,long,TP8_SL4,8,4,6792.25,SL,-4.0,1,09:45-10:00
2025-10-09,ES,GlobexLow,breakout,long,TP12_SL6,12,6,6792.25,SL,-6.0,3,09:45-10:00
2025-10-09,ES,GlobexLow,reject,short,TP8_SL4,8,4,6781.75,TP,8.0,5,10:30-11:00
2025-10-09,ES,GlobexLow,reject,short,TP12_SL6,12,6,6781.75,TP,12.0,15,10:30-11:00
2025-10-09,ES,PriorRTHLow,breakout,long,TP8_SL4,8,4,6779.5,SL,-4.0,1,10:30-11:00
2025-10-09,ES,PriorRTHLow,breakout,long,TP12_SL6,12,6,6779.5,SL,-6.0,5,10:30-11:00
2025-10-09,ES,PriorRTHLow,reject,short,TP8_SL4,8,4,6766.75,SL,-4.0,6,12:00-14:00
2025-10-09,ES,PriorRTHLow,reject,short,TP12_SL6,12,6,6766.75,SL,-6.0,6,12:00-14:00
2025-10-10,ES,OR15Low,breakout,long,TP8_SL4,8,4,6794.25,TP,8.0,5,09:30-09:45
2025-10-10,ES,OR15Low,breakout,long,TP12_SL6,12,6,6794.25,TP,12.0,14,09:30-09:45
2025-10-10,ES,GlobexHigh,breakout,long,TP8_SL4,8,4,6801.0,SL,-4.0,10,09:30-09:45
2025-10-10,ES,GlobexHigh,breakout,long,TP12_SL6,12,6,6801.0,SL,-6.0,11,09:30-09:45
2025-10-10,ES,VWAP,breakout,long,TP8_SL4,8,4,6801.0,SL,-4.0,10,09:30-09:45
2025-10-10,ES,VWAP,breakout,long,TP12_SL6,12,6,6801.0,SL,-6.0,11,09:30-09:45
2025-10-10,ES,GlobexHigh,reject,short,TP8_SL4,8,4,6797.75,TP,8.0,11,09:45-10:00
2025-10-10,ES,GlobexHigh,reject,short,TP12_SL6,12,6,6797.75,TP,12.0,26,09:45-10:00
2025-10-10,ES,PriorRTHHigh,reject,short,TP8_SL4,8,4,6797.75,TP,8.0,11,09:45-10:00
2025-10-10,ES,PriorRTHHigh,reject,short,TP12_SL6,12,6,6797.75,TP,12.0,26,09:45-10:00
2025-10-10,ES,OR15High,reject,short,TP8_SL4,8,4,6797.75,TP,8.0,11,09:45-10:00
2025-10-10,ES,OR15High,reject,short,TP12_SL6,12,6,6797.75,TP,12.0,26,09:45-10:00
2025-10-10,ES,VWAP,reject,short,TP8_SL4,8,4,6797.75,TP,8.0,11,09:45-10:00
2025-10-10,ES,VWAP,reject,short,TP12_SL6,12,6,6797.75,TP,12.0,26,09:45-10:00
2025-10-10,ES,GlobexLow,breakout,long,TP8_SL4,8,4,6787.0,TP,8.0,8,10:00-10:30
2025-10-10,ES,GlobexLow,breakout,long,TP12_SL6,12,6,6787.0,SL,-6.0,40,10:00-10:30
2025-10-10,ES,OR15Low,reject,short,TP8_SL4,8,4,6785.75,SL,-4.0,0,10:00-10:30
2025-10-10,ES,OR15Low,reject,short,TP12_SL6,12,6,6785.75,SL,-6.0,2,10:00-10:30
2025-10-10,ES,PriorRTHLow,breakout,long,TP8_SL4,8,4,6764.0,SL,-4.0,0,10:30-11:00
2025-10-10,ES,PriorRTHLow,breakout,long,TP12_SL6,12,6,6764.0,SL,-6.0,0,10:30-11:00
2025-10-10,ES,GlobexLow,reject,short,TP8_SL4,8,4,6757.5,TP,8.0,0,11:00-12:00
2025-10-10,ES,GlobexLow,reject,short,TP12_SL6,12,6,6757.5,TP,12.0,0,11:00-12:00
2025-10-10,ES,PriorRTHLow,reject,short,TP8_SL4,8,4,6757.5,TP,8.0,0,11:00-12:00
2025-10-10,ES,PriorRTHLow,reject,short,TP12_SL6,12,6,6757.5,TP,12.0,0,11:00-12:00
2025-10-13,ES,OR15High,reject,short,TP8_SL4,8,4,6676.25,TP,8.0,1,09:30-09:45
2025-10-13,ES,OR15High,reject,short,TP12_SL6,12,6,6676.25,TP,12.0,1,09:30-09:45
2025-10-13,ES,OR15Low,breakout,long,TP8_SL4,8,4,6676.25,SL,-4.0,0,09:30-09:45
2025-10-13,ES,OR15Low,breakout,long,TP12_SL6,12,6,6676.25,SL,-6.0,0,09:30-09:45
2025-10-13,ES,VWAP,reject,short,TP8_SL4,8,4,6676.25,TP,8.0,1,09:30-09:45
2025-10-13,ES,VWAP,reject,short,TP12_SL6,12,6,6676.25,TP,12.0,1,09:30-09:45
2025-10-13,ES,GlobexLow,breakout,long,TP8_SL4,8,4,6662.5,TP,8.0,1,09:30-09:45
2025-10-13,ES,GlobexLow,breakout,long,TP12_SL6,12,6,6662.5,TP,12.0,7,09:30-09:45
2025-10-13,ES,OR15Low,reject,short,TP8_SL4,8,4,6670.0,SL,-4.0,3,09:30-09:45
2025-10-13,ES,OR15Low,reject,short,TP12_SL6,12,6,6670.0,SL,-6.0,3,09:30-09:45
2025-10-14,ES,OR15High,reject,short,TP8_SL4,8,4,6623.75,TP,8.0,2,09:30-09:45
2025-10-14,ES,OR15High,reject,short,TP12_SL6,12,6,6623.75,TP,12.0,3,09:30-09:45
2025-10-14,ES,VWAP,reject,short,TP8_SL4,8,4,6623.75,TP,8.0,2,09:30-09:45
2025-10-14,ES,VWAP,reject,short,TP12_SL6,12,6,6623.75,TP,12.0,3,09:30-09:45
2025-10-14,ES,GlobexLow,breakout,long,TP8_SL4,8,4,6618.0,SL,-4.0,0,09:30-09:45
2025-10-14,ES,GlobexLow,breakout,long,TP12_SL6,12,6,6618.0,SL,-6.0,1,09:30-09:45
2025-10-14,ES,OR15Low,breakout,long,TP8_SL4,8,4,6613.25,SL,-4.0,2,09:30-09:45
2025-10-14,ES,OR15Low,breakout,long,TP12_SL6,12,6,6613.25,SL,-6.0,3,09:30-09:45
2025-10-14,ES,GlobexLow,reject,short,TP8_SL4,8,4,6599.5,SL,-4.0,1,09:30-09:45
2025-10-14,ES,GlobexLow,reject,short,TP12_SL6,12,6,6599.5,SL,-6.0,1,09:30-09:45
2025-10-14,ES,PriorRTHLow,reject,short,TP8_SL4,8,4,6656.75,SL,-4.0,4,10:30-11:00
2025-10-14,ES,PriorRTHLow,reject,short,TP12_SL6,12,6,6656.75,SL,-6.0,5,10:30-11:00
2025-10-14,ES,GlobexHigh,reject,short,TP8_SL4,8,4,6697.25,SL,-4.0,5,12:00-14:00
2025-10-14,ES,GlobexHigh,reject,short,TP12_SL6,12,6,6697.25,SL,-6.0,7,12:00-14:00
2025-10-14,ES,PriorRTHHigh,reject,short,TP8_SL4,8,4,6704.5,SL,-4.0,0,12:00-14:00
2025-10-14,ES,PriorRTHHigh,reject,short,TP12_SL6,12,6,6704.5,SL,-6.0,1,12:00-14:00
2025-10-15,ES,PriorRTHHigh,breakout,long,TP8_SL4,8,4,6732.0,SL,-4.0,1,09:30-09:45
2025-10-15,ES,PriorRTHHigh,breakout,long,TP12_SL6,12,6,6732.0,SL,-6.0,15,09:30-09:45
2025-10-15,ES,GlobexHigh,reject,short,TP8_SL4,8,4,6729.25,SL,-4.0,0,09:30-09:45
2025-10-15,ES,GlobexHigh,reject,short,TP12_SL6,12,6,6729.25,SL,-6.0,1,09:30-09:45
2025-10-15,ES,OR15High,reject,short,TP8_SL4,8,4,6729.25,SL,-4.0,0,09:30-09:45
2025-10-15,ES,OR15High,reject,short,TP12_SL6,12,6,6729.25,SL,-6.0,1,09:30-09:45
2025-10-15,ES,OR15Low,reject,short,TP8_SL4,8,4,6729.25,SL,-4.0,0,09:30-09:45
2025-10-15,ES,OR15Low,reject,short,TP12_SL6,12,6,6729.25,SL,-6.0,1,09:30-09:45
2025-10-15,ES,VWAP,reject,short,TP8_SL4,8,4,6729.25,SL,-4.0,0,09:30-09:45
2025-10-15,ES,VWAP,reject,short,TP12_SL6,12,6,6729.25,SL,-6.0,1,09:30-09:45
2025-10-15,ES,PriorRTHHigh,reject,short,TP8_SL4,8,4,6722.75,SL,-4.0,0,11:00-12:00
2025-10-15,ES,PriorRTHHigh,reject,short,TP12_SL6,12,6,6722.75,TP,12.0,11,11:00-12:00
2025-10-15,ES,GlobexLow,breakout,long,TP8_SL4,8,4,6711.25,SL,-4.0,0,11:00-12:00
2025-10-15,ES,GlobexLow,breakout,long,TP12_SL6,12,6,6711.25,SL,-6.0,0,11:00-12:00
2025-10-15,ES,GlobexLow,reject,short,TP8_SL4,8,4,6693.5,TP,8.0,6,12:00-14:00
2025-10-15,ES,GlobexLow,reject,short,TP12_SL6,12,6,6693.5,TP,12.0,6,12:00-14:00
2025-10-16,ES,OR15High,reject,short,TP8_SL4,8,4,6732.75,SL,-4.0,12,09:30-09:45
2025-10-16,ES,OR15High,reject,short,TP12_SL6,12,6,6732.75,SL,-6.0,12,09:30-09:45
2025-10-16,ES,OR15Low,breakout,long,TP8_SL4,8,4,6732.75,SL,-4.0,1,09:30-09:45
2025-10-16,ES,OR15Low,breakout,long,TP12_SL6,12,6,6732.75,SL,-6.0,7,09:30-09:45
2025-10-16,ES,VWAP,reject,short,TP8_SL4,8,4,6732.75,SL,-4.0,12,09:30-09:45
2025-10-16,ES,VWAP,reject,short,TP12_SL6,12,6,6732.75,SL,-6.0,12,09:30-09:45
2025-10-16,ES,OR15Low,reject,short,TP8_SL4,8,4,6729.0,SL,-4.0,0,09:30-09:45
2025-10-16,ES,OR15Low,reject,short,TP12_SL6,12,6,6729.0,SL,-6.0,1,09:30-09:45
2025-10-16,ES,GlobexHigh,reject,short,TP8_SL4,8,4,6739.5,TP,8.0,0,09:45-10:00
2025-10-16,ES,GlobexHigh,reject,short,TP12_SL6,12,6,6739.5,TP,12.0,3,09:45-10:00
2025-10-16,ES,PriorRTHLow,breakout,long,TP8_SL4,8,4,6659.5,TP,8.0,0,12:00-14:00
2025-10-16,ES,PriorRTHLow,breakout,long,TP12_SL6,12,6,6659.5,TP,12.0,2,12:00-14:00
2025-10-16,ES,GlobexLow,breakout,long,TP8_SL4,8,4,6642.75,SL,-4.0,3,14:00-close
2025-10-16,ES,GlobexLow,breakout,long,TP12_SL6,12,6,6642.75,SL,-6.0,3,14:00-close
2025-10-16,ES,PriorRTHLow,reject,short,TP8_SL4,8,4,6642.75,SL,-4.0,1,14:00-close
2025-10-16,ES,PriorRTHLow,reject,short,TP12_SL6,12,6,6642.75,SL,-6.0,4,14:00-close
2025-10-16,ES,GlobexLow,reject,short,TP8_SL4,8,4,6639.0,SL,-4.0,0,14:00-close
2025-10-16,ES,GlobexLow,reject,short,TP12_SL6,12,6,6639.0,SL,-6.0,1,14:00-close
2025-10-17,ES,OR15Low,breakout,long,TP8_SL4,8,4,6655.5,SL,-4.0,0,09:30-09:45
2025-10-17,ES,OR15Low,breakout,long,TP12_SL6,12,6,6655.5,TP,12.0,2,09:30-09:45
2025-10-17,ES,VWAP,reject,short,TP8_SL4,8,4,6655.5,SL,-4.0,1,09:30-09:45
2025-10-17,ES,VWAP,reject,short,TP12_SL6,12,6,6655.5,SL,-6.0,1,09:30-09:45
2025-10-17,ES,GlobexHigh,reject,short,TP8_SL4,8,4,6663.0,SL,-4.0,0,09:30-09:45
2025-10-17,ES,GlobexHigh,reject,short,TP12_SL6,12,6,6663.0,SL,-6.0,0,09:30-09:45
2025-10-17,ES,OR15High,reject,short,TP8_SL4,8,4,6663.0,SL,-4.0,0,09:30-09:45
2025-10-17,ES,OR15High,reject,short,TP12_SL6,12,6,6663.0,SL,-6.0,0,09:30-09:45
2025-10-17,ES,PriorRTHLow,breakout,long,TP8_SL4,8,4,6644.5,TP,8.0,3,09:30-09:45
2025-10-17,ES,PriorRTHLow,breakout,long,TP12_SL6,12,6,6644.5,TP,12.0,4,09:30-09:45
2025-10-17,ES,OR15Low,reject,short,TP8_SL4,8,4,6645.0,SL,-4.0,0,09:45-10:00
2025-10-17,ES,OR15Low,reject,short,TP12_SL6,12,6,6645.0,SL,-6.0,0,09:45-10:00
2025-10-20,ES,OR15Low,breakout,long,TP8_SL4,8,4,6745.25,TP,8.0,14,09:30-09:45
2025-10-20,ES,OR15Low,breakout,long,TP12_SL6,12,6,6745.25,TP,12.0,35,09:30-09:45
2025-10-20,ES,OR15High,reject,short,TP8_SL4,8,4,6746.75,SL,-4.0,2,09:30-09:45
2025-10-20,ES,OR15High,reject,short,TP12_SL6,12,6,6746.75,SL,-6.0,7,09:30-09:45
2025-10-20,ES,VWAP,reject,short,TP8_SL4,8,4,6746.75,SL,-4.0,2,09:30-09:45
2025-10-20,ES,VWAP,reject,short,TP12_SL6,12,6,6746.75,SL,-6.0,7,09:30-09:45
2025-10-20,ES,GlobexHigh,reject,short,TP8_SL4,8,4,6777.25,SL,-4.0,13,12:00-14:00
2025-10-20,ES,GlobexHigh,reject,short,TP12_SL6,12,6,6777.25,EOD,4.0,151,12:00-14:00
2025-10-21,ES,GlobexHigh,reject,short,TP8_SL4,8,4,6770.25,SL,-4.0,1,09:30-09:45
2025-10-21,ES,GlobexHigh,reject,short,TP12_SL6,12,6,6770.25,SL,-6.0,1,09:30-09:45
2025-10-21,ES,GlobexLow,breakout,long,TP8_SL4,8,4,6770.25,SL,-4.0,13,09:30-09:45
2025-10-21,ES,GlobexLow,breakout,long,TP12_SL6,12,6,6770.25,SL,-6.0,15,09:30-09:45
2025-10-21,ES,OR15High,reject,short,TP8_SL4,8,4,6770.25,SL,-4.0,1,09:30-09:45
2025-10-21,ES,OR15High,reject,short,TP12_SL6,12,6,6770.25,SL,-6.0,1,09:30-09:45
2025-10-21,ES,VWAP,reject,short,TP8_SL4,8,4,6770.25,SL,-4.0,1,09:30-09:45
2025-10-21,ES,VWAP,reject,short,TP12_SL6,12,6,6770.25,SL,-6.0,1,09:30-09:45
2025-10-21,ES,OR15Low,breakout,long,TP8_SL4,8,4,6774.75,SL,-4.0,6,09:30-09:45
2025-10-21,ES,OR15Low,breakout,long,TP12_SL6,12,6,6774.75,SL,-6.0,7,09:30-09:45
2025-10-21,ES,PriorRTHHigh,reject,short,TP8_SL4,8,4,6770.75,TP,8.0,15,09:30-09:45
2025-10-21,ES,PriorRTHHigh,reject,short,TP12_SL6,12,6,6770.75,SL,-6.0,38,09:30-09:45
2025-10-21,ES,OR15Low,reject,short,TP8_SL4,8,4,6770.75,TP,8.0,15,09:30-09:45
2025-10-21,ES,OR15Low,reject,short,TP12_SL6,12,6,6770.75,SL,-6.0,38,09:30-09:45
2025-10-21,ES,GlobexLow,reject,short,TP8_SL4,8,4,6764.75,SL,-4.0,11,09:45-10:00
2025-10-21,ES,GlobexLow,reject,short,TP12_SL6,12,6,6764.75,SL,-6.0,21,09:45-10:00
2025-10-22,ES,PriorRTHLow,breakout,long,TP8_SL4,8,4,6770.0,SL,-4.0,0,09:30-09:45
2025-10-22,ES,PriorRTHLow,breakout,long,TP12_SL6,12,6,6770.0,SL,-6.0,2,09:30-09:45
2025-10-22,ES,VWAP,reject,short,TP8_SL4,8,4,6766.5,SL,-4.0,4,09:30-09:45
2025-10-22,ES,VWAP,reject,short,TP12_SL6,12,6,6766.5,SL,-6.0,5,09:30-09:45
2025-10-22,ES,OR15Low,reject,short,TP8_SL4,8,4,6765.5,SL,-4.0,1,09:30-09:45
2025-10-22,ES,OR15Low,reject,short,TP12_SL6,12,6,6765.5,SL,-6.0,2,09:30-09:45
2025-10-22,ES,OR15High,reject,short,TP8_SL4,8,4,6770.75,SL,-4.0,2,09:30-09:45
2025-10-22,ES,OR15High,reject,short,TP12_SL6,12,6,6770.75,SL,-6.0,3,09:30-09:45
2025-10-22,ES,PriorRTHLow,reject,short,TP8_SL4,8,4,6761.0,TP,8.0,2,10:00-10:30
2025-10-22,ES,PriorRTHLow,reject,short,TP12_SL6,12,6,6761.0,TP,12.0,4,10:00-10:30
2025-10-22,ES,GlobexLow,breakout,long,TP8_SL4,8,4,6733.0,SL,-4.0,5,12:00-14:00
2025-10-22,ES,GlobexLow,breakout,long,TP12_SL6,12,6,6733.0,SL,-6.0,5,12:00-14:00
2025-10-22,ES,GlobexLow,reject,short,TP8_SL4,8,4,6708.75,TP,8.0,0,12:00-14:00
2025-10-22,ES,GlobexLow,reject,short,TP12_SL6,12,6,6708.75,SL,-6.0,1,12:00-14:00
2025-10-23,ES,OR15Low,breakout,long,TP8_SL4,8,4,6742.25,TP,8.0,9,09:30-09:45
2025-10-23,ES,OR15Low,breakout,long,TP12_SL6,12,6,6742.25,TP,12.0,10,09:30-09:45
2025-10-23,ES,VWAP,breakout,long,TP8_SL4,8,4,6757.0,SL,-4.0,1,09:45-10:00
2025-10-23,ES,VWAP,breakout,long,TP12_SL6,12,6,6757.0,SL,-6.0,24,09:45-10:00
2025-10-23,ES,OR15High,reject,short,TP8_SL4,8,4,6753.75,SL,-4.0,1,09:45-10:00
2025-10-23,ES,OR15High,reject,short,TP12_SL6,12,6,6753.75,SL,-6.0,2,09:45-10:00
2025-10-23,ES,VWAP,reject,short,TP8_SL4,8,4,6753.75,SL,-4.0,1,09:45-10:00
2025-10-23,ES,VWAP,reject,short,TP12_SL6,12,6,6753.75,SL,-6.0,2,09:45-10:00
2025-10-23,ES,PriorRTHHigh,reject,short,TP8_SL4,8,4,6770.0,SL,-4.0,4,12:00-14:00
2025-10-23,ES,PriorRTHHigh,reject,short,TP12_SL6,12,6,6770.0,SL,-6.0,28,12:00-14:00
2025-10-23,ES,GlobexHigh,reject,short,TP8_SL4,8,4,6778.5,SL,-4.0,13,12:00-14:00
2025-10-23,ES,GlobexHigh,reject,short,TP12_SL6,12,6,6778.5,SL,-6.0,49,12:00-14:00
2025-10-24,ES,OR15Low,breakout,long,TP8_SL4,8,4,6826.5,TP,8.0,10,09:30-09:45
2025-10-24,ES,OR15Low,breakout,long,TP12_SL6,12,6,6826.5,SL,-6.0,54,09:30-09:45
2025-10-24,ES,VWAP,breakout,long,TP8_SL4,8,4,6826.5,TP,8.0,10,09:30-09:45
2025-10-24,ES,VWAP,breakout,long,TP12_SL6,12,6,6826.5,SL,-6.0,54,09:30-09:45
2025-10-24,ES,GlobexHigh,reject,short,TP8_SL4,8,4,6828.0,SL,-4.0,5,09:30-09:45
2025-10-24,ES,GlobexHigh,reject,short,TP12_SL6,12,6,6828.0,SL,-6.0,6,09:30-09:45
2025-10-24,ES,OR15High,reject,short,TP8_SL4,8,4,6828.0,SL,-4.0,5,09:30-09:45
2025-10-24,ES,OR15High,reject,short,TP12_SL6,12,6,6828.0,SL,-6.0,6,09:30-09:45
2025-10-24,ES,VWAP,reject,short,TP8_SL4,8,4,6828.0,SL,-4.0,5,09:30-09:45
2025-10-24,ES,VWAP,reject,short,TP12_SL6,12,6,6828.0,SL,-6.0,6,09:30-09:45
2025-10-27,ES,GlobexLow,breakout,long,TP8_SL4,8,4,6882.0,SL,-4.0,2,09:30-09:45
2025-10-27,ES,GlobexLow,breakout,long,TP12_SL6,12,6,6882.0,TP,12.0,198,09:30-09:45
2025-10-27,ES,OR15High,reject,short,TP8_SL4,8,4,6882.0,SL,-4.0,21,09:30-09:45
2025-10-27,ES,OR15High,reject,short,TP12_SL6,12,6,6882.0,SL,-6.0,25,09:30-09:45
2025-10-27,ES,OR15Low,breakout,long,TP8_SL4,8,4,6882.0,SL,-4.0,2,09:30-09:45
2025-10-27,ES,OR15Low,breakout,long,TP12_SL6,12,6,6882.0,TP,12.0,198,09:30-09:45
2025-10-27,ES,VWAP,reject,short,TP8_SL4,8,4,6882.0,SL,-4.0,21,09:30-09:45
2025-10-27,ES,VWAP,reject,short,TP12_SL6,12,6,6882.0,SL,-6.0,25,09:30-09:45
2025-10-27,ES,GlobexLow,reject,short,TP8_SL4,8,4,6878.75,SL,-4.0,1,09:30-09:45
2025-10-27,ES,GlobexLow,reject,short,TP12_SL6,12,6,6878.75,SL,-6.0,6,09:30-09:45
2025-10-27,ES,OR15Low,reject,short,TP8_SL4,8,4,6878.75,SL,-4.0,1,09:30-09:45
2025-10-27,ES,OR15Low,reject,short,TP12_SL6,12,6,6878.75,SL,-6.0,6,09:30-09:45
2025-10-28,ES,PriorRTHHigh,breakout,long,TP8_SL4,8,4,6922.75,SL,-4.0,2,09:30-09:45
2025-10-28,ES,PriorRTHHigh,breakout,long,TP12_SL6,12,6,6922.75,SL,-6.0,5,09:30-09:45
2025-10-28,ES,OR15High,reject,short,TP8_SL4,8,4,6922.75,TP,8.0,9,09:30-09:45
2025-10-28,ES,OR15High,reject,short,TP12_SL6,12,6,6922.75,TP,12.0,14,09:30-09:45
2025-10-28,ES,OR15Low,breakout,long,TP8_SL4,8,4,6922.75,SL,-4.0,2,09:30-09:45
2025-10-28,ES,OR15Low,breakout,long,TP12_SL6,12,6,6922.75,SL,-6.0,5,09:30-09:45
2025-10-28,ES,VWAP,reject,short,TP8_SL4,8,4,6922.75,TP,8.0,9,09:30-09:45
2025-10-28,ES,VWAP,reject,short,TP12_SL6,12,6,6922.75,TP,12.0,14,09:30-09:45
2025-10-28,ES,OR15Low,reject,short,TP8_SL4,8,4,6916.5,TP,8.0,7,09:30-09:45
2025-10-28,ES,OR15Low,reject,short,TP12_SL6,12,6,6916.5,TP,12.0,114,09:30-09:45
2025-10-28,ES,GlobexLow,breakout,long,TP8_SL4,8,4,6916.0,SL,-4.0,5,09:30-09:45
2025-10-28,ES,GlobexLow,breakout,long,TP12_SL6,12,6,6916.0,SL,-6.0,5,09:30-09:45
2025-10-28,ES,PriorRTHHigh,reject,short,TP8_SL4,8,4,6913.5,SL,-4.0,10,09:45-10:00
2025-10-28,ES,PriorRTHHigh,reject,short,TP12_SL6,12,6,6913.5,SL,-6.0,164,09:45-10:00
2025-10-28,ES,GlobexLow,reject,short,TP8_SL4,8,4,6906.5,SL,-4.0,14,11:00-12:00
2025-10-28,ES,GlobexLow,reject,short,TP12_SL6,12,6,6906.5,SL,-6.0,19,11:00-12:00
2025-10-28,ES,GlobexHigh,reject,short,TP8_SL4,8,4,6936.25,SL,-4.0,57,14:00-close
2025-10-28,ES,GlobexHigh,reject,short,TP12_SL6,12,6,6936.25,SL,-6.0,58,14:00-close
2025-10-29,ES,OR15Low,breakout,long,TP8_SL4,8,4,6942.5,TP,8.0,22,09:30-09:45
2025-10-29,ES,OR15Low,breakout,long,TP12_SL6,12,6,6942.5,SL,-6.0,70,09:30-09:45
2025-10-29,ES,GlobexHigh,reject,short,TP8_SL4,8,4,6945.0,SL,-4.0,8,09:45-10:00
2025-10-29,ES,GlobexHigh,reject,short,TP12_SL6,12,6,6945.0,SL,-6.0,11,09:45-10:00
2025-10-29,ES,PriorRTHHigh,reject,short,TP8_SL4,8,4,6945.0,SL,-4.0,8,09:45-10:00
2025-10-29,ES,PriorRTHHigh,reject,short,TP12_SL6,12,6,6945.0,SL,-6.0,11,09:45-10:00
2025-10-29,ES,OR15High,reject,short,TP8_SL4,8,4,6945.0,SL,-4.0,8,09:45-10:00
2025-10-29,ES,OR15High,reject,short,TP12_SL6,12,6,6945.0,SL,-6.0,11,09:45-10:00
2025-10-29,ES,OR15Low,reject,short,TP8_SL4,8,4,6945.0,SL,-4.0,8,09:45-10:00
2025-10-29,ES,OR15Low,reject,short,TP12_SL6,12,6,6945.0,SL,-6.0,11,09:45-10:00
2025-10-29,ES,VWAP,reject,short,TP8_SL4,8,4,6945.0,SL,-4.0,8,09:45-10:00
2025-10-29,ES,VWAP,reject,short,TP12_SL6,12,6,6945.0,SL,-6.0,11,09:45-10:00
2025-10-29,ES,GlobexLow,breakout,long,TP8_SL4,8,4,6911.0,SL,-4.0,0,14:00-close
2025-10-29,ES,GlobexLow,breakout,long,TP12_SL6,12,6,6911.0,SL,-6.0,0,14:00-close
2025-10-29,ES,PriorRTHLow,breakout,long,TP8_SL4,8,4,6911.0,SL,-4.0,0,14:00-close
2025-10-29,ES,PriorRTHLow,breakout,long,TP12_SL6,12,6,6911.0,SL,-6.0,0,14:00-close
2025-10-29,ES,GlobexLow,reject,short,TP8_SL4,8,4,6905.5,TP,8.0,0,14:00-close
2025-10-29,ES,GlobexLow,reject,short,TP12_SL6,12,6,6905.5,TP,12.0,1,14:00-close
2025-10-29,ES,PriorRTHLow,reject,short,TP8_SL4,8,4,6905.5,TP,8.0,0,14:00-close
2025-10-29,ES,PriorRTHLow,reject,short,TP12_SL6,12,6,6905.5,TP,12.0,1,14:00-close
2025-10-30,ES,GlobexLow,reject,short,TP8_SL4,8,4,6885.75,TP,8.0,2,09:30-09:45
2025-10-30,ES,GlobexLow,reject,short,TP12_SL6,12,6,6885.75,TP,12.0,2,09:30-09:45
2025-10-30,ES,OR15High,reject,short,TP8_SL4,8,4,6885.75,TP,8.0,2,09:30-09:45
2025-10-30,ES,OR15High,reject,short,TP12_SL6,12,6,6885.75,TP,12.0,2,09:30-09:45
2025-10-30,ES,VWAP,reject,short,TP8_SL4,8,4,6885.75,TP,8.0,2,09:30-09:45
2025-10-30,ES,VWAP,reject,short,TP12_SL6,12,6,6885.75,TP,12.0,2,09:30-09:45
2025-10-30,ES,PriorRTHLow,reject,short,TP8_SL4,8,4,6880.75,TP,8.0,0,09:30-09:45
2025-10-30,ES,PriorRTHLow,reject,short,TP12_SL6,12,6,6880.75,TP,12.0,2,09:30-09:45
2025-10-30,ES,OR15Low,breakout,long,TP8_SL4,8,4,6880.75,SL,-4.0,0,09:30-09:45
2025-10-30,ES,OR15Low,breakout,long,TP12_SL6,12,6,6880.75,SL,-6.0,0,09:30-09:45
2025-10-30,ES,OR15Low,reject,short,TP8_SL4,8,4,6870.0,SL,-4.0,2,09:30-09:45
2025-10-30,ES,OR15Low,reject,short,TP12_SL6,12,6,6870.0,SL,-6.0,3,09:30-09:45
2025-10-31,ES,OR15High,reject,short,TP8_SL4,8,4,6896.25,TP,8.0,8,09:30-09:45
2025-10-31,ES,OR15High,reject,short,TP12_SL6,12,6,6896.25,TP,12.0,9,09:30-09:45
2025-10-31,ES,VWAP,reject,short,TP8_SL4,8,4,6896.25,TP,8.0,8,09:30-09:45
2025-10-31,ES,VWAP,reject,short,TP12_SL6,12,6,6896.25,TP,12.0,9,09:30-09:45
2025-10-31,ES,GlobexLow,reject,short,TP8_SL4,8,4,6894.25,SL,-4.0,1,09:30-09:45
2025-10-31,ES,GlobexLow,reject,short,TP12_SL6,12,6,6894.25,TP,12.0,9,09:30-09:45
2025-10-31,ES,OR15Low,breakout,long,TP8_SL4,8,4,6894.25,SL,-4.0,6,09:30-09:45
2025-10-31,ES,OR15Low,breakout,long,TP12_SL6,12,6,6894.25,SL,-6.0,7,09:30-09:45
2025-10-31,ES,OR15Low,reject,short,TP8_SL4,8,4,6881.25,SL,-4.0,1,09:45-10:00
2025-10-31,ES,OR15Low,reject,short,TP12_SL6,12,6,6881.25,SL,-6.0,1,09:45-10:00
2025-10-31,ES,PriorRTHLow,breakout,long,TP8_SL4,8,4,6865.75,SL,-4.0,7,12:00-14:00
2025-10-31,ES,PriorRTHLow,breakout,long,TP12_SL6,12,6,6865.75,SL,-6.0,7,12:00-14:00
2025-10-31,ES,PriorRTHLow,reject,short,TP8_SL4,8,4,6853.75,SL,-4.0,2,12:00-14:00
2025-10-31,ES,PriorRTHLow,reject,short,TP12_SL6,12,6,6853.75,SL,-6.0,46,12:00-14:00
2025-11-03,ES,GlobexHigh,reject,short,TP8_SL4,8,4,6901.25,TP,8.0,4,09:30-09:45
2025-11-03,ES,GlobexHigh,reject,short,TP12_SL6,12,6,6901.25,TP,12.0,6,09:30-09:45
2025-11-03,ES,PriorRTHHigh,reject,short,TP8_SL4,8,4,6901.25,TP,8.0,4,09:30-09:45
2025-11-03,ES,PriorRTHHigh,reject,short,TP12_SL6,12,6,6901.25,TP,12.0,6,09:30-09:45
2025-11-03,ES,OR15High,reject,short,TP8_SL4,8,4,6901.25,TP,8.0,4,09:30-09:45
2025-11-03,ES,OR15High,reject,short,TP12_SL6,12,6,6901.25,TP,12.0,6,09:30-09:45
2025-11-03,ES,VWAP,reject,short,TP8_SL4,8,4,6901.25,TP,8.0,4,09:30-09:45
2025-11-03,ES,VWAP,reject,short,TP12_SL6,12,6,6901.25,TP,12.0,6,09:30-09:45
2025-11-03,ES,OR15Low,breakout,long,TP8_SL4,8,4,6894.5,SL,-4.0,1,09:30-09:45
2025-11-03,ES,OR15Low,breakout,long,TP12_SL6,12,6,6894.5,SL,-6.0,3,09:30-09:45
2025-11-03,ES,OR15Low,reject,short,TP8_SL4,8,4,6882.0,SL,-4.0,4,09:30-09:45
2025-11-03,ES,OR15Low,reject,short,TP12_SL6,12,6,6882.0,TP,12.0,17,09:30-09:45
2025-11-03,ES,GlobexLow,breakout,long,TP8_SL4,8,4,6856.75,SL,-4.0,2,10:00-10:30
2025-11-03,ES,GlobexLow,breakout,long,TP12_SL6,12,6,6856.75,SL,-6.0,3,10:00-10:30
2025-11-03,ES,PriorRTHLow,breakout,long,TP8_SL4,8,4,6856.75,SL,-4.0,2,10:00-10:30
2025-11-03,ES,PriorRTHLow,breakout,long,TP12_SL6,12,6,6856.75,SL,-6.0,3,10:00-10:30
2025-11-04,ES,OR15Low,breakout,long,TP8_SL4,8,4,6806.25,SL,-4.0,0,09:30-09:45
2025-11-04,ES,OR15Low,breakout,long,TP12_SL6,12,6,6806.25,SL,-6.0,0,09:30-09:45
2025-11-04,ES,VWAP,reject,short,TP8_SL4,8,4,6806.25,TP,8.0,1,09:30-09:45
2025-11-04,ES,VWAP,reject,short,TP12_SL6,12,6,6806.25,SL,-6.0,8,09:30-09:45
2025-11-04,ES,OR15Low,reject,short,TP8_SL4,8,4,6797.0,SL,-4.0,0,09:30-09:45
2025-11-04,ES,OR15Low,reject,short,TP12_SL6,12,6,6797.0,SL,-6.0,0,09:30-09:45
2025-11-04,ES,OR15High,reject,short,TP8_SL4,8,4,6817.25,SL,-4.0,2,09:45-10:00
2025-11-04,ES,OR15High,reject,short,TP12_SL6,12,6,6817.25,SL,-6.0,4,09:45-10:00
2025-11-04,ES,GlobexHigh,reject,short,TP8_SL4,8,4,6841.75,SL,-4.0,9,10:00-10:30
2025-11-04,ES,GlobexHigh,reject,short,TP12_SL6,12,6,6841.75,SL,-6.0,10,10:00-10:30
2025-11-04,ES,PriorRTHLow,reject,short,TP8_SL4,8,4,6841.75,SL,-4.0,9,10:00-10:30
2025-11-04,ES,PriorRTHLow,reject,short,TP12_SL6,12,6,6841.75,SL,-6.0,10,10:00-10:30
2025-11-05,ES,OR15Low,breakout,long,TP8_SL4,8,4,6800.25,SL,-4.0,1,09:30-09:45
2025-11-05,ES,OR15Low,breakout,long,TP12_SL6,12,6,6800.25,SL,-6.0,1,09:30-09:45
2025-11-05,ES,PriorRTHLow,reject,short,TP8_SL4,8,4,6793.0,SL,-4.0,1,09:30-09:45
2025-11-05,ES,PriorRTHLow,reject,short,TP12_SL6,12,6,6793.0,SL,-6.0,2,09:30-09:45
2025-11-05,ES,OR15High,reject,short,TP8_SL4,8,4,6793.0,SL,-4.0,1,09:30-09:45
2025-11-05,ES,OR15High,reject,short,TP12_SL6,12,6,6793.0,SL,-6.0,2,09:30-09:45
2025-11-05,ES,VWAP,reject,short,TP8_SL4,8,4,6793.0,SL,-4.0,1,09:30-09:45
2025-11-05,ES,VWAP,reject,short,TP12_SL6,12,6,6793.0,SL,-6.0,2,09:30-09:45
2025-11-05,ES,OR15Low,reject,short,TP8_SL4,8,4,6793.25,SL,-4.0,0,09:30-09:45
2025-11-05,ES,OR15Low,reject,short,TP12_SL6,12,6,6793.25,SL,-6.0,0,09:30-09:45
2025-11-05,ES,GlobexHigh,reject,short,TP8_SL4,8,4,6824.0,TP,8.0,7,10:00-10:30
2025-11-05,ES,GlobexHigh,reject,short,TP12_SL6,12,6,6824.0,TP,12.0,13,10:00-10:30
2025-11-05,ES,PriorRTHHigh,reject,short,TP8_SL4,8,4,6842.5,SL,-4.0,21,12:00-14:00
2025-11-05,ES,PriorRTHHigh,reject,short,TP12_SL6,12,6,6842.5,SL,-6.0,27,12:00-14:00
2025-11-06,ES,OR15Low,breakout,long,TP8_SL4,8,4,6820.0,SL,-4.0,0,09:30-09:45
2025-11-06,ES,OR15Low,breakout,long,TP12_SL6,12,6,6820.0,SL,-6.0,2,09:30-09:45
2025-11-06,ES,OR15High,reject,short,TP8_SL4,8,4,6816.75,SL,-4.0,0,09:30-09:45
2025-11-06,ES,OR15High,reject,short,TP12_SL6,12,6,6816.75,TP,12.0,7,09:30-09:45
2025-11-06,ES,VWAP,reject,short,TP8_SL4,8,4,6816.75,SL,-4.0,0,09:30-09:45
2025-11-06,ES,VWAP,reject,short,TP12_SL6,12,6,6816.75,TP,12.0,7,09:30-09:45
2025-11-06,ES,OR15Low,reject,short,TP8_SL4,8,4,6807.0,SL,-4.0,2,09:30-09:45
2025-11-06,ES,OR15Low,reject,short,TP12_SL6,12,6,6807.0,SL,-6.0,2,09:30-09:45
2025-11-06,ES,PriorRTHLow,breakout,long,TP8_SL4,8,4,6804.0,SL,-4.0,1,09:45-10:00
2025-11-06,ES,PriorRTHLow,breakout,long,TP12_SL6,12,6,6804.0,SL,-6.0,3,09:45-10:00
2025-11-06,ES,PriorRTHLow,reject,short,TP8_SL4,8,4,6783.25,TP,8.0,3,10:00-10:30
2025-11-06,ES,PriorRTHLow,reject,short,TP12_SL6,12,6,6783.25,SL,-6.0,10,10:00-10:30
2025-11-06,ES,GlobexLow,breakout,long,TP8_SL4,8,4,6745.75,SL,-4.0,7,11:00-12:00
2025-11-06,ES,GlobexLow,breakout,long,TP12_SL6,12,6,6745.75,SL,-6.0,20,11:00-12:00
2025-11-07,ES,GlobexLow,reject,short,TP8_SL4,8,4,6707.0,TP,8.0,3,09:30-09:45
2025-11-07,ES,GlobexLow,reject,short,TP12_SL6,12,6,6707.0,TP,12.0,3,09:30-09:45
2025-11-07,ES,VWAP,reject,short,TP8_SL4,8,4,6707.0,TP,8.0,3,09:30-09:45
2025-11-07,ES,VWAP,reject,short,TP12_SL6,12,6,6707.0,TP,12.0,3,09:30-09:45
2025-11-07,ES,OR15Low,breakout,long,TP8_SL4,8,4,6700.0,SL,-4.0,0,09:30-09:45
2025-11-07,ES,OR15Low,breakout,long,TP12_SL6,12,6,6700.0,SL,-6.0,0,09:30-09:45
2025-11-07,ES,OR15Low,reject,short,TP8_SL4,8,4,6692.5,SL,-4.0,0,09:30-09:45
2025-11-07,ES,OR15Low,reject,short,TP12_SL6,12,6,6692.5,SL,-6.0,0,09:30-09:45
2025-11-07,ES,PriorRTHLow,reject,short,TP8_SL4,8,4,6736.25,TP,8.0,5,14:00-close
2025-11-07,ES,PriorRTHLow,reject,short,TP12_SL6,12,6,6736.25,SL,-6.0,17,14:00-close
2025-11-07,ES,OR15High,reject,short,TP8_SL4,8,4,6736.25,TP,8.0,5,14:00-close
2025-11-07,ES,OR15High,reject,short,TP12_SL6,12,6,6736.25,SL,-6.0,17,14:00-close
2025-11-10,ES,OR15Low,breakout,long,TP8_SL4,8,4,6820.75,TP,8.0,4,09:30-09:45
2025-11-10,ES,OR15Low,breakout,long,TP12_SL6,12,6,6820.75,TP,12.0,7,09:30-09:45
2025-11-10,ES,VWAP,reject,short,TP8_SL4,8,4,6820.75,SL,-4.0,2,09:30-09:45
2025-11-10,ES,VWAP,reject,short,TP12_SL6,12,6,6820.75,SL,-6.0,2,09:30-09:45
2025-11-10,ES,OR15High,reject,short,TP8_SL4,8,4,6831.0,SL,-4.0,1,09:45-10:00
2025-11-10,ES,OR15High,reject,short,TP12_SL6,12,6,6831.0,TP,12.0,63,09:45-10:00
2025-11-10,ES,OR15Low,reject,short,TP8_SL4,8,4,6814.75,TP,8.0,1,10:30-11:00
2025-11-10,ES,OR15Low,reject,short,TP12_SL6,12,6,6814.75,TP,12.0,9,10:30-11:00
2025-11-10,ES,GlobexLow,breakout,long,TP8_SL4,8,4,6809.0,SL,-4.0,7,10:30-11:00
2025-11-10,ES,GlobexLow,breakout,long,TP12_SL6,12,6,6809.0,SL,-6.0,8,10:30-11:00
2025-11-10,ES,GlobexLow,reject,short,TP8_SL4,8,4,6806.75,TP,8.0,8,11:00-12:00
2025-11-10,ES,GlobexLow,reject,short,TP12_SL6,12,6,6806.75,TP,12.0,26,11:00-12:00
2025-11-10,ES,GlobexHigh,reject,short,TP8_SL4,8,4,6855.5,SL,-4.0,2,14:00-close
2025-11-10,ES,GlobexHigh,reject,short,TP12_SL6,12,6,6855.5,SL,-6.0,8,14:00-close
2025-11-11,ES,GlobexLow,breakout,long,TP8_SL4,8,4,6845.0,SL,-4.0,9,09:30-09:45
2025-11-11,ES,GlobexLow,breakout,long,TP12_SL6,12,6,6845.0,SL,-6.0,17,09:30-09:45
2025-11-11,ES,OR15High,reject,short,TP8_SL4,8,4,6844.0,SL,-4.0,2,09:30-09:45
2025-11-11,ES,OR15High,reject,short,TP12_SL6,12,6,6844.0,SL,-6.0,22,09:30-09:45
2025-11-11,ES,OR15Low,reject,short,TP8_SL4,8,4,6844.0,SL,-4.0,2,09:30-09:45
2025-11-11,ES,OR15Low,reject,short,TP12_SL6,12,6,6844.0,SL,-6.0,22,09:30-09:45
2025-11-11,ES,VWAP,reject,short,TP8_SL4,8,4,6844.0,SL,-4.0,2,09:30-09:45
2025-11-11,ES,VWAP,reject,short,TP12_SL6,12,6,6844.0,SL,-6.0,22,09:30-09:45
2025-11-11,ES,GlobexLow,reject,short,TP8_SL4,8,4,6838.75,SL,-4.0,0,10:00-10:30
2025-11-11,ES,GlobexLow,reject,short,TP12_SL6,12,6,6838.75,SL,-6.0,71,10:00-10:30
2025-11-11,ES,PriorRTHHigh,reject,short,TP8_SL4,8,4,6865.75,SL,-4.0,4,12:00-14:00
2025-11-11,ES,PriorRTHHigh,reject,short,TP12_SL6,12,6,6865.75,SL,-6.0,6,12:00-14:00
2025-11-12,ES,PriorRTHHigh,breakout,long,TP8_SL4,8,4,6888.75,SL,-4.0,7,09:30-09:45
2025-11-12,ES,PriorRTHHigh,breakout,long,TP12_SL6,12,6,6888.75,SL,-6.0,9,09:30-09:45
2025-11-12,ES,OR15Low,breakout,long,TP8_SL4,8,4,6891.0,SL,-4.0,2,09:30-09:45
2025-11-12,ES,OR15Low,breakout,long,TP12_SL6,12,6,6891.0,SL,-6.0,5,09:30-09:45
2025-11-12,ES,PriorRTHHigh,reject,short,TP8_SL4,8,4,6888.0,TP,8.0,5,09:30-09:45
2025-11-12,ES,PriorRTHHigh,reject,short,TP12_SL6,12,6,6888.0,TP,12.0,6,09:30-09:45
2025-11-12,ES,OR15High,reject,short,TP8_SL4,8,4,6888.0,TP,8.0,5,09:30-09:45
2025-11-12,ES,OR15High,reject,short,TP12_SL6,12,6,6888.0,TP,12.0,6,09:30-09:45
2025-11-12,ES,OR15Low,reject,short,TP8_SL4,8,4,6888.0,TP,8.0,5,09:30-09:45
2025-11-12,ES,OR15Low,reject,short,TP12_SL6,12,6,6888.0,TP,12.0,6,09:30-09:45
2025-11-12,ES,VWAP,reject,short,TP8_SL4,8,4,6888.0,TP,8.0,5,09:30-09:45
2025-11-12,ES,VWAP,reject,short,TP12_SL6,12,6,6888.0,TP,12.0,6,09:30-09:45
2025-11-12,ES,GlobexLow,breakout,long,TP8_SL4,8,4,6861.5,TP,8.0,2,10:30-11:00
2025-11-12,ES,GlobexLow,breakout,long,TP12_SL6,12,6,6861.5,TP,12.0,5,10:30-11:00
2025-11-12,ES,GlobexLow,reject,short,TP8_SL4,8,4,6861.75,SL,-4.0,7,11:00-12:00
2025-11-12,ES,GlobexLow,reject,short,TP12_SL6,12,6,6861.75,SL,-6.0,8,11:00-12:00
2025-11-13,ES,PriorRTHLow,reject,short,TP8_SL4,8,4,6842.75,TP,8.0,1,09:30-09:45
2025-11-13,ES,PriorRTHLow,reject,short,TP12_SL6,12,6,6842.75,TP,12.0,2,09:30-09:45
2025-11-13,ES,OR15High,reject,short,TP8_SL4,8,4,6842.75,TP,8.0,1,09:30-09:45
2025-11-13,ES,OR15High,reject,short,TP12_SL6,12,6,6842.75,TP,12.0,2,09:30-09:45
2025-11-13,ES,VWAP,reject,short,TP8_SL4,8,4,6842.75,TP,8.0,1,09:30-09:45
2025-11-13,ES,VWAP,reject,short,TP12_SL6,12,6,6842.75,TP,12.0,2,09:30-09:45
2025-11-13,ES,OR15Low,breakout,long,TP8_SL4,8,4,6833.0,SL,-4.0,2,09:30-09:45
2025-11-13,ES,OR15Low,breakout,long,TP12_SL6,12,6,6833.0,SL,-6.0,3,09:30-09:45
2025-11-13,ES,OR15Low,reject,short,TP8_SL4,8,4,6823.5,SL,-4.0,0,09:45-10:00
2025-11-13,ES,OR15Low,reject,short,TP12_SL6,12,6,6823.5,SL,-6.0,1,09:45-10:00
2025-11-13,ES,GlobexLow,breakout,long,TP8_SL4,8,4,6766.25,SL,-4.0,4,12:00-14:00
2025-11-13,ES,GlobexLow,breakout,long,TP12_SL6,12,6,6766.25,SL,-6.0,5,12:00-14:00
2025-11-13,ES,GlobexLow,reject,short,TP8_SL4,8,4,6751.25,SL,-4.0,0,14:00-close
2025-11-13,ES,GlobexLow,reject,short,TP12_SL6,12,6,6751.25,SL,-6.0,2,14:00-close
2025-11-14,ES,GlobexLow,breakout,long,TP8_SL4,8,4,6673.75,TP,8.0,2,09:30-09:45
2025-11-14,ES,GlobexLow,breakout,long,TP12_SL6,12,6,6673.75,TP,12.0,3,09:30-09:45
2025-11-14,ES,OR15Low,breakout,long,TP8_SL4,8,4,6673.75,TP,8.0,2,09:30-09:45
2025-11-14,ES,OR15Low,breakout,long,TP12_SL6,12,6,6673.75,TP,12.0,3,09:30-09:45
2025-11-14,ES,VWAP,reject,short,TP8_SL4,8,4,6673.75,SL,-4.0,2,09:30-09:45
2025-11-14,ES,VWAP,reject,short,TP12_SL6,12,6,6673.75,SL,-6.0,2,09:30-09:45
2025-11-14,ES,GlobexLow,reject,short,TP8_SL4,8,4,6672.25,SL,-4.0,0,09:30-09:45
2025-11-14,ES,GlobexLow,reject,short,TP12_SL6,12,6,6672.25,SL,-6.0,1,09:30-09:45
2025-11-14,ES,OR15High,reject,short,TP8_SL4,8,4,6697.75,SL,-4.0,1,09:30-09:45
2025-11-14,ES,OR15High,reject,short,TP12_SL6,12,6,6697.75,SL,-6.0,1,09:30-09:45
2025-11-14,ES,PriorRTHLow,reject,short,TP8_SL4,8,4,6731.75,SL,-4.0,0,10:30-11:00
2025-11-14,ES,PriorRTHLow,reject,short,TP12_SL6,12,6,6731.75,SL,-6.0,1,10:30-11:00
2025-11-14,ES,GlobexHigh,reject,short,TP8_SL4,8,4,6760.75,SL,-4.0,2,10:30-11:00
2025-11-14,ES,GlobexHigh,reject,short,TP12_SL6,12,6,6760.75,TP,12.0,16,10:30-11:00
2025-11-17,ES,OR15Low,breakout,long,TP8_SL4,8,4,6740.25,TP,8.0,0,09:30-09:45
2025-11-17,ES,OR15Low,breakout,long,TP12_SL6,12,6,6740.25,TP,12.0,1,09:30-09:45
2025-11-17,ES,VWAP,breakout,long,TP8_SL4,8,4,6740.25,TP,8.0,0,09:30-09:45
2025-11-17,ES,VWAP,breakout,long,TP12_SL6,12,6,6740.25,TP,12.0,1,09:30-09:45
2025-11-17,ES,OR15High,reject,short,TP8_SL4,8,4,6759.25,SL,-4.0,1,09:30-09:45
2025-11-17,ES,OR15High,reject,short,TP12_SL6,12,6,6759.25,SL,-6.0,5,09:30-09:45
2025-11-17,ES,VWAP,reject,short,TP8_SL4,8,4,6753.0,TP,8.0,1,10:00-10:30
2025-11-17,ES,VWAP,reject,short,TP12_SL6,12,6,6753.0,SL,-6.0,8,10:00-10:30
2025-11-17,ES,OR15Low,reject,short,TP8_SL4,8,4,6728.25,TP,8.0,3,11:00-12:00
2025-11-17,ES,OR15Low,reject,short,TP12_SL6,12,6,6728.25,TP,12.0,4,11:00-12:00
2025-11-17,ES,PriorRTHLow,breakout,long,TP8_SL4,8,4,6686.0,SL,-4.0,3,14:00-close
2025-11-17,ES,PriorRTHLow,breakout,long,TP12_SL6,12,6,6686.0,SL,-6.0,4,14:00-close
2025-11-17,ES,PriorRTHLow,reject,short,TP8_SL4,8,4,6677.5,TP,8.0,4,14:00-close
2025-11-17,ES,PriorRTHLow,reject,short,TP12_SL6,12,6,6677.5,TP,12.0,7,14:00-close
2025-11-18,ES,PriorRTHLow,reject,short,TP8_SL4,8,4,6673.5,TP,8.0,0,09:30-09:45
2025-11-18,ES,PriorRTHLow,reject,short,TP12_SL6,12,6,6673.5,TP,12.0,1,09:30-09:45
2025-11-18,ES,OR15High,reject,short,TP8_SL4,8,4,6673.5,TP,8.0,0,09:30-09:45
2025-11-18,ES,OR15High,reject,short,TP12_SL6,12,6,6673.5,TP,12.0,1,09:30-09:45
2025-11-18,ES,OR15Low,reject,short,TP8_SL4,8,4,6673.5,TP,8.0,0,09:30-09:45
2025-11-18,ES,OR15Low,reject,short,TP12_SL6,12,6,6673.5,TP,12.0,1,09:30-09:45
2025-11-18,ES,VWAP,reject,short,TP8_SL4,8,4,6673.5,TP,8.0,0,09:30-09:45
2025-11-18,ES,VWAP,reject,short,TP12_SL6,12,6,6673.5,TP,12.0,1,09:30-09:45
2025-11-18,ES,GlobexLow,breakout,long,TP8_SL4,8,4,6633.5,SL,-4.0,2,09:45-10:00
2025-11-18,ES,GlobexLow,breakout,long,TP12_SL6,12,6,6633.5,SL,-6.0,2,09:45-10:00
2025-11-18,ES,GlobexLow,reject,short,TP8_SL4,8,4,6624.75,TP,8.0,1,10:00-10:30
2025-11-18,ES,GlobexLow,reject,short,TP12_SL6,12,6,6624.75,TP,12.0,1,10:00-10:30
2025-11-18,ES,GlobexHigh,reject,short,TP8_SL4,8,4,6673.0,SL,-4.0,0,12:00-14:00
2025-11-18,ES,GlobexHigh,reject,short,TP12_SL6,12,6,6673.0,SL,-6.0,6,12:00-14:00
2025-11-19,ES,VWAP,reject,short,TP8_SL4,8,4,6638.0,SL,-4.0,0,09:30-09:45
2025-11-19,ES,VWAP,reject,short,TP12_SL6,12,6,6638.0,SL,-6.0,0,09:30-09:45
2025-11-19,ES,OR15Low,breakout,long,TP8_SL4,8,4,6649.0,TP,8.0,1,09:30-09:45
2025-11-19,ES,OR15Low,breakout,long,TP12_SL6,12,6,6649.0,TP,12.0,7,09:30-09:45
2025-11-19,ES,OR15High,reject,short,TP8_SL4,8,4,6668.0,SL,-4.0,0,09:45-10:00
2025-11-19,ES,OR15High,reject,short,TP12_SL6,12,6,6668.0,SL,-6.0,1,09:45-10:00
2025-11-19,ES,PriorRTHHigh,breakout,long,TP8_SL4,8,4,6697.0,SL,-4.0,5,10:00-10:30
2025-11-19,ES,PriorRTHHigh,breakout,long,TP12_SL6,12,6,6697.0,TP,12.0,12,10:00-10:30
2025-11-19,ES,PriorRTHHigh,reject,short,TP8_SL4,8,4,6696.5,SL,-4.0,2,10:00-10:30
2025-11-19,ES,PriorRTHHigh,reject,short,TP12_SL6,12,6,6696.5,SL,-6.0,2,10:00-10:30
2025-11-19,ES,OR15Low,reject,short,TP8_SL4,8,4,6636.5,TP,8.0,1,12:00-14:00
2025-11-19,ES,OR15Low,reject,short,TP12_SL6,12,6,6636.5,TP,12.0,2,12:00-14:00
2025-11-19,ES,GlobexLow,breakout,long,TP8_SL4,8,4,6625.0,TP,8.0,3,12:00-14:00
2025-11-19,ES,GlobexLow,breakout,long,TP12_SL6,12,6,6625.0,TP,12.0,4,12:00-14:00
2025-11-20,ES,OR15Low,breakout,long,TP8_SL4,8,4,6771.25,SL,-4.0,0,09:30-09:45
2025-11-20,ES,OR15Low,breakout,long,TP12_SL6,12,6,6771.25,SL,-6.0,0,09:30-09:45
2025-11-20,ES,GlobexHigh,reject,short,TP8_SL4,8,4,6766.75,SL,-4.0,0,09:30-09:45
2025-11-20,ES,GlobexHigh,reject,short,TP12_SL6,12,6,6766.75,SL,-6.0,1,09:30-09:45
2025-11-20,ES,OR15High,reject,short,TP8_SL4,8,4,6766.75,SL,-4.0,0,09:30-09:45
2025-11-20,ES,OR15High,reject,short,TP12_SL6,12,6,6766.75,SL,-6.0,1,09:30-09:45
2025-11-20,ES,VWAP,reject,short,TP8_SL4,8,4,6766.75,SL,-4.0,0,09:30-09:45
2025-11-20,ES,VWAP,reject,short,TP12_SL6,12,6,6766.75,SL,-6.0,1,09:30-09:45
2025-11-20,ES,OR15Low,reject,short,TP8_SL4,8,4,6759.0,TP,8.0,4,11:00-12:00
2025-11-20,ES,OR15Low,reject,short,TP12_SL6,12,6,6759.0,TP,12.0,8,11:00-12:00
2025-11-20,ES,PriorRTHHigh,breakout,long,TP8_SL4,8,4,6729.25,SL,-4.0,0,11:00-12:00
2025-11-20,ES,PriorRTHHigh,breakout,long,TP12_SL6,12,6,6729.25,SL,-6.0,0,11:00-12:00
2025-11-20,ES,PriorRTHHigh,reject,short,TP8_SL4,8,4,6723.5,TP,8.0,0,11:00-12:00
2025-11-20,ES,PriorRTHHigh,reject,short,TP12_SL6,12,6,6723.5,TP,12.0,1,11:00-12:00
2025-11-20,ES,PriorRTHLow,breakout,long,TP8_SL4,8,4,6636.0,TP,8.0,0,12:00-14:00
2025-11-20,ES,PriorRTHLow,breakout,long,TP12_SL6,12,6,6636.0,TP,12.0,0,12:00-14:00
2025-11-20,ES,PriorRTHLow,reject,short,TP8_SL4,8,4,6623.0,TP,8.0,0,12:00-14:00
2025-11-20,ES,PriorRTHLow,reject,short,TP12_SL6,12,6,6623.0,SL,-6.0,1,12:00-14:00
2025-11-21,ES,OR15High,reject,short,TP8_SL4,8,4,6587.5,TP,8.0,0,09:30-09:45
2025-11-21,ES,OR15High,reject,short,TP12_SL6,12,6,6587.5,TP,12.0,0,09:30-09:45
2025-11-21,ES,OR15Low,breakout,long,TP8_SL4,8,4,6587.5,SL,-4.0,0,09:30-09:45
2025-11-21,ES,OR15Low,breakout,long,TP12_SL6,12,6,6587.5,SL,-6.0,0,09:30-09:45
2025-11-21,ES,VWAP,reject,short,TP8_SL4,8,4,6587.5,TP,8.0,0,09:30-09:45
2025-11-21,ES,VWAP,reject,short,TP12_SL6,12,6,6587.5,TP,12.0,0,09:30-09:45
2025-11-21,ES,GlobexHigh,reject,short,TP8_SL4,8,4,6579.5,SL,-4.0,0,09:30-09:45
2025-11-21,ES,GlobexHigh,reject,short,TP12_SL6,12,6,6579.5,SL,-6.0,2,09:30-09:45
2025-11-21,ES,OR15Low,reject,short,TP8_SL4,8,4,6580.25,TP,8.0,2,09:30-09:45
2025-11-21,ES,OR15Low,reject,short,TP12_SL6,12,6,6580.25,TP,12.0,3,09:30-09:45
2025-11-21,ES,PriorRTHLow,breakout,long,TP8_SL4,8,4,6565.75,TP,8.0,1,09:45-10:00
2025-11-21,ES,PriorRTHLow,breakout,long,TP12_SL6,12,6,6565.75,TP,12.0,1,09:45-10:00
2025-11-21,ES,PriorRTHLow,reject,short,TP8_SL4,8,4,6544.5,SL,-4.0,0,10:30-11:00
2025-11-21,ES,PriorRTHLow,reject,short,TP12_SL6,12,6,6544.5,SL,-6.0,1,10:30-11:00
2025-11-24,ES,OR15Low,breakout,long,TP8_SL4,8,4,6676.75,TP,8.0,2,09:30-09:45
2025-11-24,ES,OR15Low,breakout,long,TP12_SL6,12,6,6676.75,SL,-6.0,6,09:30-09:45
2025-11-24,ES,VWAP,breakout,long,TP8_SL4,8,4,6677.25,TP,8.0,1,09:30-09:45
2025-11-24,ES,VWAP,breakout,long,TP12_SL6,12,6,6677.25,SL,-6.0,5,09:30-09:45
2025-11-24,ES,PriorRTHHigh,reject,short,TP8_SL4,8,4,6683.0,TP,8.0,0,09:30-09:45
2025-11-24,ES,PriorRTHHigh,reject,short,TP12_SL6,12,6,6683.0,TP,12.0,2,09:30-09:45
2025-11-24,ES,OR15High,reject,short,TP8_SL4,8,4,6683.0,TP,8.0,0,09:30-09:45
2025-11-24,ES,OR15High,reject,short,TP12_SL6,12,6,6683.0,TP,12.0,2,09:30-09:45
2025-11-24,ES,VWAP,reject,short,TP8_SL4,8,4,6683.0,TP,8.0,0,09:30-09:45
2025-11-24,ES,VWAP,reject,short,TP12_SL6,12,6,6683.0,TP,12.0,2,09:30-09:45
2025-11-24,ES,OR15Low,reject,short,TP8_SL4,8,4,6649.5,SL,-4.0,0,09:45-10:00
2025-11-24,ES,OR15Low,reject,short,TP12_SL6,12,6,6649.5,SL,-6.0,0,09:45-10:00
2025-11-24,ES,GlobexHigh,reject,short,TP8_SL4,8,4,6721.25,SL,-4.0,7,12:00-14:00
2025-11-24,ES,GlobexHigh,reject,short,TP12_SL6,12,6,6721.25,SL,-6.0,17,12:00-14:00
2025-11-25,ES,VWAP,breakout,long,TP8_SL4,8,4,6727.75,SL,-4.0,1,09:30-09:45
2025-11-25,ES,VWAP,breakout,long,TP12_SL6,12,6,6727.75,SL,-6.0,3,09:30-09:45
2025-11-25,ES,PriorRTHHigh,reject,short,TP8_SL4,8,4,6726.0,TP,8.0,3,09:30-09:45
2025-11-25,ES,PriorRTHHigh,reject,short,TP12_SL6,12,6,6726.0,TP,12.0,4,09:30-09:45
2025-11-25,ES,OR15High,reject,short,TP8_SL4,8,4,6726.0,TP,8.0,3,09:30-09:45
2025-11-25,ES,OR15High,reject,short,TP12_SL6,12,6,6726.0,TP,12.0,4,09:30-09:45
2025-11-25,ES,VWAP,reject,short,TP8_SL4,8,4,6726.0,TP,8.0,3,09:30-09:45
2025-11-25,ES,VWAP,reject,short,TP12_SL6,12,6,6726.0,TP,12.0,4,09:30-09:45
2025-11-25,ES,GlobexLow,breakout,long,TP8_SL4,8,4,6712.25,SL,-4.0,0,09:30-09:45
2025-11-25,ES,GlobexLow,breakout,long,TP12_SL6,12,6,6712.25,SL,-6.0,0,09:30-09:45
2025-11-25,ES,OR15Low,breakout,long,TP8_SL4,8,4,6712.25,SL,-4.0,0,09:30-09:45
2025-11-25,ES,OR15Low,breakout,long,TP12_SL6,12,6,6712.25,SL,-6.0,0,09:30-09:45
2025-11-25,ES,GlobexLow,reject,short,TP8_SL4,8,4,6697.0,TP,8.0,1,09:45-10:00
2025-11-25,ES,GlobexLow,reject,short,TP12_SL6,12,6,6697.0,TP,12.0,2,09:45-10:00
2025-11-25,ES,OR15Low,reject,short,TP8_SL4,8,4,6697.0,TP,8.0,1,09:45-10:00
2025-11-25,ES,OR15Low,reject,short,TP12_SL6,12,6,6697.0,TP,12.0,2,09:45-10:00
2025-11-26,ES,OR15Low,breakout,long,TP8_SL4,8,4,6811.75,SL,-4.0,4,09:30-09:45
2025-11-26,ES,OR15Low,breakout,long,TP12_SL6,12,6,6811.75,SL,-6.0,4,09:30-09:45
2025-11-26,ES,OR15High,reject,short,TP8_SL4,8,4,6810.5,SL,-4.0,2,09:30-09:45
2025-11-26,ES,OR15High,reject,short,TP12_SL6,12,6,6810.5,SL,-6.0,4,09:30-09:45
2025-11-26,ES,VWAP,reject,short,TP8_SL4,8,4,6810.5,SL,-4.0,2,09:30-09:45
2025-11-26,ES,VWAP,reject,short,TP12_SL6,12,6,6810.5,SL,-6.0,4,09:30-09:45
2025-11-26,ES,PriorRTHHigh,breakout,long,TP8_SL4,8,4,6808.5,TP,8.0,3,09:30-09:45
2025-11-26,ES,PriorRTHHigh,breakout,long,TP12_SL6,12,6,6808.5,TP,12.0,6,09:30-09:45
2025-11-26,ES,GlobexLow,breakout,long,TP8_SL4,8,4,6802.0,SL,-4.0,0,10:00-10:30
2025-11-26,ES,GlobexLow,breakout,long,TP12_SL6,12,6,6802.0,SL,-6.0,0,10:00-10:30
2025-11-26,ES,OR15Low,reject,short,TP8_SL4,8,4,6800.75,SL,-4.0,0,10:00-10:30
2025-11-26,ES,OR15Low,reject,short,TP12_SL6,12,6,6800.75,SL,-6.0,1,10:00-10:30
2025-11-26,ES,GlobexHigh,reject,short,TP8_SL4,8,4,6834.5,SL,-4.0,5,11:00-12:00
2025-11-26,ES,GlobexHigh,reject,short,TP12_SL6,12,6,6834.5,SL,-6.0,9,11:00-12:00
2025-11-27,ES,GlobexLow,breakout,long,TP8_SL4,8,4,6830.5,SL,-4.0,5,09:30-09:45
2025-11-27,ES,GlobexLow,breakout,long,TP12_SL6,12,6,6830.5,EOD,-2.5,204,09:30-09:45
2025-11-27,ES,OR15High,reject,short,TP8_SL4,8,4,6828.5,EOD,0.5,201,09:30-09:45
2025-11-27,ES,OR15High,reject,short,TP12_SL6,12,6,6828.5,EOD,0.5,201,09:30-09:45
2025-11-27,ES,OR15Low,reject,short,TP8_SL4,8,4,6828.5,EOD,0.5,201,09:30-09:45
2025-11-27,ES,OR15Low,reject,short,TP12_SL6,12,6,6828.5,EOD,0.5,201,09:30-09:45
2025-11-27,ES,VWAP,reject,short,TP8_SL4,8,4,6828.5,EOD,0.5,201,09:30-09:45
2025-11-27,ES,VWAP,reject,short,TP12_SL6,12,6,6828.5,EOD,0.5,201,09:30-09:45
2025-11-27,ES,GlobexLow,reject,short,TP8_SL4,8,4,6827.0,EOD,-1.0,198,09:30-09:45
2025-11-27,ES,GlobexLow,reject,short,TP12_SL6,12,6,6827.0,EOD,-1.0,198,09:30-09:45
2025-11-28,ES,PriorRTHLow,breakout,long,TP8_SL4,8,4,6838.75,SL,-4.0,7,09:30-09:45
2025-11-28,ES,PriorRTHLow,breakout,long,TP12_SL6,12,6,6838.75,SL,-6.0,8,09:30-09:45
2025-11-28,ES,PriorRTHHigh,breakout,long,TP8_SL4,8,4,6840.0,SL,-4.0,6,09:30-09:45
2025-11-28,ES,PriorRTHHigh,breakout,long,TP12_SL6,12,6,6840.0,SL,-6.0,6,09:30-09:45
2025-11-28,ES,OR15Low,breakout,long,TP8_SL4,8,4,6840.0,SL,-4.0,6,09:30-09:45
2025-11-28,ES,OR15Low,breakout,long,TP12_SL6,12,6,6840.0,SL,-6.0,6,09:30-09:45
2025-11-28,ES,GlobexLow,breakout,long,TP8_SL4,8,4,6839.25,SL,-4.0,4,09:30-09:45
2025-11-28,ES,GlobexLow,breakout,long,TP12_SL6,12,6,6839.25,SL,-6.0,5,09:30-09:45
2025-11-28,ES,GlobexHigh,reject,short,TP8_SL4,8,4,6839.75,TP,8.0,2,09:30-09:45
2025-11-28,ES,GlobexHigh,reject,short,TP12_SL6,12,6,6839.75,SL,-6.0,37,09:30-09:45
2025-11-28,ES,GlobexLow,reject,short,TP8_SL4,8,4,6839.75,TP,8.0,2,09:30-09:45
2025-11-28,ES,GlobexLow,reject,short,TP12_SL6,12,6,6839.75,SL,-6.0,37,09:30-09:45
2025-11-28,ES,PriorRTHHigh,reject,short,TP8_SL4,8,4,6839.75,TP,8.0,2,09:30-09:45
2025-11-28,ES,PriorRTHHigh,reject,short,TP12_SL6,12,6,6839.75,SL,-6.0,37,09:30-09:45
2025-11-28,ES,OR15High,reject,short,TP8_SL4,8,4,6839.75,TP,8.0,2,09:30-09:45
2025-11-28,ES,OR15High,reject,short,TP12_SL6,12,6,6839.75,SL,-6.0,37,09:30-09:45
2025-11-28,ES,VWAP,reject,short,TP8_SL4,8,4,6839.75,TP,8.0,2,09:30-09:45
2025-11-28,ES,VWAP,reject,short,TP12_SL6,12,6,6839.75,SL,-6.0,37,09:30-09:45
2025-11-28,ES,OR15Low,reject,short,TP8_SL4,8,4,6835.25,SL,-4.0,2,09:45-10:00
2025-11-28,ES,OR15Low,reject,short,TP12_SL6,12,6,6835.25,SL,-6.0,3,09:45-10:00
2025-12-01,ES,GlobexLow,breakout,long,TP8_SL4,8,4,6817.5,TP,8.0,4,09:30-09:45
2025-12-01,ES,GlobexLow,breakout,long,TP12_SL6,12,6,6817.5,TP,12.0,14,09:30-09:45
2025-12-01,ES,OR15Low,breakout,long,TP8_SL4,8,4,6822.0,SL,-4.0,5,09:30-09:45
2025-12-01,ES,OR15Low,breakout,long,TP12_SL6,12,6,6822.0,SL,-6.0,6,09:30-09:45
2025-12-01,ES,VWAP,breakout,long,TP8_SL4,8,4,6826.25,SL,-4.0,0,09:30-09:45
2025-12-01,ES,VWAP,breakout,long,TP12_SL6,12,6,6826.25,SL,-6.0,0,09:30-09:45
2025-12-01,ES,GlobexHigh,reject,short,TP8_SL4,8,4,6819.5,SL,-4.0,0,09:30-09:45
2025-12-01,ES,GlobexHigh,reject,short,TP12_SL6,12,6,6819.5,SL,-6.0,7,09:30-09:45
2025-12-01,ES,PriorRTHLow,reject,short,TP8_SL4,8,4,6819.5,SL,-4.0,0,09:30-09:45
2025-12-01,ES,PriorRTHLow,reject,short,TP12_SL6,12,6,6819.5,SL,-6.0,7,09:30-09:45
2025-12-01,ES,OR15High,reject,short,TP8_SL4,8,4,6819.5,SL,-4.0,0,09:30-09:45
2025-12-01,ES,OR15High,reject,short,TP12_SL6,12,6,6819.5,SL,-6.0,7,09:30-09:45
2025-12-01,ES,OR15Low,reject,short,TP8_SL4,8,4,6819.5,SL,-4.0,0,09:30-09:45
2025-12-01,ES,OR15Low,reject,short,TP12_SL6,12,6,6819.5,SL,-6.0,7,09:30-09:45
2025-12-01,ES,VWAP,reject,short,TP8_SL4,8,4,6819.5,SL,-4.0,0,09:30-09:45
2025-12-01,ES,VWAP,reject,short,TP12_SL6,12,6,6819.5,SL,-6.0,7,09:30-09:45
2025-12-02,ES,OR15Low,reject,short,TP8_SL4,8,4,6843.0,SL,-4.0,1,09:30-09:45
2025-12-02,ES,OR15Low,reject,short,TP12_SL6,12,6,6843.0,SL,-6.0,1,09:30-09:45
2025-12-02,ES,VWAP,reject,short,TP8_SL4,8,4,6843.0,SL,-4.0,1,09:30-09:45
2025-12-02,ES,VWAP,reject,short,TP12_SL6,12,6,6843.0,SL,-6.0,1,09:30-09:45
2025-12-02,ES,GlobexHigh,reject,short,TP8_SL4,8,4,6851.0,TP,8.0,8,09:30-09:45
2025-12-02,ES,GlobexHigh,reject,short,TP12_SL6,12,6,6851.0,SL,-6.0,24,09:30-09:45
2025-12-02,ES,PriorRTHHigh,reject,short,TP8_SL4,8,4,6851.0,TP,8.0,8,09:30-09:45
2025-12-02,ES,PriorRTHHigh,reject,short,TP12_SL6,12,6,6851.0,SL,-6.0,24,09:30-09:45
2025-12-02,ES,OR15High,reject,short,TP8_SL4,8,4,6851.0,TP,8.0,8,09:30-09:45
2025-12-02,ES,OR15High,reject,short,TP12_SL6,12,6,6851.0,SL,-6.0,24,09:30-09:45
2025-12-02,ES,GlobexLow,breakout,long,TP8_SL4,8,4,6825.5,SL,-4.0,3,11:00-12:00
2025-12-02,ES,GlobexLow,breakout,long,TP12_SL6,12,6,6825.5,SL,-6.0,6,11:00-12:00
2025-12-02,ES,PriorRTHLow,breakout,long,TP8_SL4,8,4,6825.5,SL,-4.0,3,11:00-12:00
2025-12-02,ES,PriorRTHLow,breakout,long,TP12_SL6,12,6,6825.5,SL,-6.0,6,11:00-12:00
2025-12-03,ES,GlobexLow,breakout,long,TP8_SL4,8,4,6835.0,SL,-4.0,1,09:30-09:45
2025-12-03,ES,GlobexLow,breakout,long,TP12_SL6,12,6,6835.0,SL,-6.0,1,09:30-09:45
2025-12-03,ES,PriorRTHLow,breakout,long,TP8_SL4,8,4,6835.0,SL,-4.0,1,09:30-09:45
2025-12-03,ES,PriorRTHLow,breakout,long,TP12_SL6,12,6,6835.0,SL,-6.0,1,09:30-09:45
2025-12-03,ES,OR15High,reject,short,TP8_SL4,8,4,6834.0,SL,-4.0,7,09:30-09:45
2025-12-03,ES,OR15High,reject,short,TP12_SL6,12,6,6834.0,TP,12.0,19,09:30-09:45
2025-12-03,ES,OR15Low,breakout,long,TP8_SL4,8,4,6834.0,SL,-4.0,0,09:30-09:45
2025-12-03,ES,OR15Low,breakout,long,TP12_SL6,12,6,6834.0,SL,-6.0,1,09:30-09:45
2025-12-03,ES,VWAP,reject,short,TP8_SL4,8,4,6834.0,SL,-4.0,7,09:30-09:45
2025-12-03,ES,VWAP,reject,short,TP12_SL6,12,6,6834.0,TP,12.0,19,09:30-09:45
2025-12-03,ES,PriorRTHHigh,reject,short,TP8_SL4,8,4,6856.0,TP,8.0,11,11:00-12:00
2025-12-03,ES,PriorRTHHigh,reject,short,TP12_SL6,12,6,6856.0,TP,12.0,12,11:00-12:00
2025-12-03,ES,GlobexHigh,reject,short,TP8_SL4,8,4,6859.5,SL,-4.0,5,12:00-14:00
2025-12-03,ES,GlobexHigh,reject,short,TP12_SL6,12,6,6859.5,SL,-6.0,12,12:00-14:00
2025-12-04,ES,OR15Low,breakout,long,TP8_SL4,8,4,6875.25,SL,-4.0,0,09:30-09:45
2025-12-04,ES,OR15Low,breakout,long,TP12_SL6,12,6,6875.25,SL,-6.0,1,09:30-09:45
2025-12-04,ES,GlobexHigh,reject,short,TP8_SL4,8,4,6871.25,TP,8.0,0,09:30-09:45
2025-12-04,ES,GlobexHigh,reject,short,TP12_SL6,12,6,6871.25,TP,12.0,12,09:30-09:45
2025-12-04,ES,PriorRTHHigh,reject,short,TP8_SL4,8,4,6871.25,TP,8.0,0,09:30-09:45
2025-12-04,ES,PriorRTHHigh,reject,short,TP12_SL6,12,6,6871.25,TP,12.0,12,09:30-09:45
2025-12-04,ES,OR15High,reject,short,TP8_SL4,8,4,6871.25,TP,8.0,0,09:30-09:45
2025-12-04,ES,OR15High,reject,short,TP12_SL6,12,6,6871.25,TP,12.0,12,09:30-09:45
2025-12-04,ES,VWAP,reject,short,TP8_SL4,8,4,6871.25,TP,8.0,0,09:30-09:45
2025-12-04,ES,VWAP,reject,short,TP12_SL6,12,6,6871.25,TP,12.0,12,09:30-09:45
2025-12-04,ES,GlobexLow,breakout,long,TP8_SL4,8,4,6862.5,TP,8.0,1,09:30-09:45
2025-12-04,ES,GlobexLow,breakout,long,TP12_SL6,12,6,6862.5,SL,-6.0,12,09:30-09:45
2025-12-04,ES,OR15Low,reject,short,TP8_SL4,8,4,6866.75,SL,-4.0,2,09:30-09:45
2025-12-04,ES,OR15Low,reject,short,TP12_SL6,12,6,6866.75,TP,12.0,13,09:30-09:45
2025-12-04,ES,GlobexLow,reject,short,TP8_SL4,8,4,6857.75,TP,8.0,23,09:45-10:00
2025-12-04,ES,GlobexLow,reject,short,TP12_SL6,12,6,6857.75,TP,12.0,35,09:45-10:00
2025-12-05,ES,GlobexHigh,reject,short,TP8_SL4,8,4,6882.5,TP,8.0,8,09:30-09:45
2025-12-05,ES,GlobexHigh,reject,short,TP12_SL6,12,6,6882.5,SL,-6.0,19,09:30-09:45
2025-12-05,ES,PriorRTHHigh,breakout,long,TP8_SL4,8,4,6882.5,SL,-4.0,7,09:30-09:45
2025-12-05,ES,PriorRTHHigh,breakout,long,TP12_SL6,12,6,6882.5,SL,-6.0,8,09:30-09:45
2025-12-05,ES,OR15High,reject,short,TP8_SL4,8,4,6882.5,TP,8.0,8,09:30-09:45
2025-12-05,ES,OR15High,reject,short,TP12_SL6,12,6,6882.5,SL,-6.0,19,09:30-09:45
2025-12-05,ES,OR15Low,breakout,long,TP8_SL4,8,4,6882.5,SL,-4.0,7,09:30-09:45
2025-12-05,ES,OR15Low,breakout,long,TP12_SL6,12,6,6882.5,SL,-6.0,8,09:30-09:45
2025-12-05,ES,VWAP,reject,short,TP8_SL4,8,4,6882.5,TP,8.0,8,09:30-09:45
2025-12-05,ES,VWAP,reject,short,TP12_SL6,12,6,6882.5,SL,-6.0,19,09:30-09:45
2025-12-05,ES,PriorRTHHigh,reject,short,TP8_SL4,8,4,6881.0,SL,-4.0,9,09:30-09:45
2025-12-05,ES,PriorRTHHigh,reject,short,TP12_SL6,12,6,6881.0,SL,-6.0,10,09:30-09:45
2025-12-05,ES,OR15Low,reject,short,TP8_SL4,8,4,6873.25,SL,-4.0,1,11:00-12:00
2025-12-05,ES,OR15Low,reject,short,TP12_SL6,12,6,6873.25,SL,-6.0,4,11:00-12:00
2025-12-05,ES,GlobexLow,breakout,long,TP8_SL4,8,4,6868.75,TP,8.0,12,12:00-14:00
2025-12-05,ES,GlobexLow,breakout,long,TP12_SL6,12,6,6868.75,TP,12.0,15,12:00-14:00
2025-12-08,ES,PriorRTHLow,breakout,long,TP8_SL4,8,4,6882.0,SL,-4.0,5,09:30-09:45
2025-12-08,ES,PriorRTHLow,breakout,long,TP12_SL6,12,6,6882.0,SL,-6.0,7,09:30-09:45
2025-12-08,ES,OR15High,reject,short,TP8_SL4,8,4,6882.0,TP,8.0,9,09:30-09:45
2025-12-08,ES,OR15High,reject,short,TP12_SL6,12,6,6882.0,TP,12.0,16,09:30-09:45
2025-12-08,ES,OR15Low,breakout,long,TP8_SL4,8,4,6882.0,SL,-4.0,5,09:30-09:45
2025-12-08,ES,OR15Low,breakout,long,TP12_SL6,12,6,6882.0,SL,-6.0,7,09:30-09:45
2025-12-08,ES,VWAP,reject,short,TP8_SL4,8,4,6882.0,TP,8.0,9,09:30-09:45
2025-12-08,ES,VWAP,reject,short,TP12_SL6,12,6,6882.0,TP,12.0,16,09:30-09:45
2025-12-08,ES,OR15Low,reject,short,TP8_SL4,8,4,6874.0,SL,-4.0,0,09:30-09:45
2025-12-08,ES,OR15Low,reject,short,TP12_SL6,12,6,6874.0,SL,-6.0,4,09:30-09:45
2025-12-08,ES,GlobexLow,breakout,long,TP8_SL4,8,4,6878.5,SL,-4.0,4,09:30-09:45
2025-12-08,ES,GlobexLow,breakout,long,TP12_SL6,12,6,6878.5,SL,-6.0,4,09:30-09:45
2025-12-08,ES,PriorRTHLow,reject,short,TP8_SL4,8,4,6869.5,TP,8.0,14,10:00-10:30
2025-12-08,ES,PriorRTHLow,reject,short,TP12_SL6,12,6,6869.5,TP,12.0,43,10:00-10:30
2025-12-08,ES,GlobexLow,reject,short,TP8_SL4,8,4,6866.25,TP,8.0,15,10:30-11:00
2025-12-08,ES,GlobexLow,reject,short,TP12_SL6,12,6,6866.25,TP,12.0,20,10:30-11:00
2025-12-09,ES,GlobexLow,breakout,long,TP8_SL4,8,4,6847.75,TP,8.0,1,09:30-09:45
2025-12-09,ES,GlobexLow,breakout,long,TP12_SL6,12,6,6847.75,TP,12.0,7,09:30-09:45
2025-12-09,ES,PriorRTHLow,breakout,long,TP8_SL4,8,4,6847.75,TP,8.0,1,09:30-09:45
2025-12-09,ES,PriorRTHLow,breakout,long,TP12_SL6,12,6,6847.75,TP,12.0,7,09:30-09:45
2025-12-09,ES,OR15High,reject,short,TP8_SL4,8,4,6847.75,SL,-4.0,0,09:30-09:45
2025-12-09,ES,OR15High,reject,short,TP12_SL6,12,6,6847.75,SL,-6.0,1,09:30-09:45
2025-12-09,ES,VWAP,reject,short,TP8_SL4,8,4,6847.75,SL,-4.0,0,09:30-09:45
2025-12-09,ES,VWAP,reject,short,TP12_SL6,12,6,6847.75,SL,-6.0,1,09:30-09:45
2025-12-09,ES,OR15Low,breakout,long,TP8_SL4,8,4,6854.0,TP,8.0,14,09:30-09:45
2025-12-09,ES,OR15Low,breakout,long,TP12_SL6,12,6,6854.0,TP,12.0,25,09:30-09:45
2025-12-09,ES,OR15Low,reject,short,TP8_SL4,8,4,6854.25,SL,-4.0,1,09:30-09:45
2025-12-09,ES,OR15Low,reject,short,TP12_SL6,12,6,6854.25,SL,-6.0,8,09:30-09:45
2025-12-09,ES,GlobexHigh,reject,short,TP8_SL4,8,4,6860.25,SL,-4.0,4,09:45-10:00
2025-12-09,ES,GlobexHigh,reject,short,TP12_SL6,12,6,6860.25,SL,-6.0,4,09:45-10:00
2025-12-09,ES,GlobexLow,reject,short,TP8_SL4,8,4,6845.25,SL,-4.0,0,14:00-close
2025-12-09,ES,GlobexLow,reject,short,TP12_SL6,12,6,6845.25,EOD,-4.0,1,14:00-close
2025-12-10,ES,PriorRTHLow,reject,short,TP8_SL4,8,4,6840.25,TP,8.0,3,09:30-09:45
2025-12-10,ES,PriorRTHLow,reject,short,TP12_SL6,12,6,6840.25,SL,-6.0,10,09:30-09:45
2025-12-10,ES,OR15High,reject,short,TP8_SL4,8,4,6840.25,TP,8.0,3,09:30-09:45
2025-12-10,ES,OR15High,reject,short,TP12_SL6,12,6,6840.25,SL,-6.0,10,09:30-09:45
2025-12-10,ES,OR15Low,breakout,long,TP8_SL4,8,4,6840.25,SL,-4.0,2,09:30-09:45
2025-12-10,ES,OR15Low,breakout,long,TP12_SL6,12,6,6840.25,SL,-6.0,2,09:30-09:45
2025-12-10,ES,VWAP,reject,short,TP8_SL4,8,4,6840.25,TP,8.0,3,09:30-09:45
2025-12-10,ES,VWAP,reject,short,TP12_SL6,12,6,6840.25,SL,-6.0,10,09:30-09:45
2025-12-10,ES,GlobexLow,breakout,long,TP8_SL4,8,4,6833.25,TP,8.0,1,09:30-09:45
2025-12-10,ES,GlobexLow,breakout,long,TP12_SL6,12,6,6833.25,TP,12.0,5,09:30-09:45
2025-12-10,ES,PriorRTHHigh,reject,short,TP8_SL4,8,4,6858.25,TP,8.0,1,14:00-close
2025-12-10,ES,PriorRTHHigh,reject,short,TP12_SL6,12,6,6858.25,SL,-6.0,4,14:00-close
2025-12-10,ES,GlobexHigh,reject,short,TP8_SL4,8,4,6871.5,SL,-4.0,1,14:00-close
2025-12-10,ES,GlobexHigh,reject,short,TP12_SL6,12,6,6871.5,SL,-6.0,1,14:00-close
2025-12-11,ES,OR15Low,reject,short,TP8_SL4,8,4,6864.5,SL,-4.0,1,09:30-09:45
2025-12-11,ES,OR15Low,reject,short,TP12_SL6,12,6,6864.5,SL,-6.0,3,09:30-09:45
2025-12-11,ES,VWAP,reject,short,TP8_SL4,8,4,6864.5,SL,-4.0,1,09:30-09:45
2025-12-11,ES,VWAP,reject,short,TP12_SL6,12,6,6864.5,SL,-6.0,3,09:30-09:45
2025-12-11,ES,OR15High,reject,short,TP8_SL4,8,4,6863.75,SL,-4.0,0,09:30-09:45
2025-12-11,ES,OR15High,reject,short,TP12_SL6,12,6,6863.75,SL,-6.0,1,09:30-09:45
2025-12-11,ES,PriorRTHLow,breakout,long,TP8_SL4,8,4,6845.5,SL,-4.0,2,09:45-10:00
2025-12-11,ES,PriorRTHLow,breakout,long,TP12_SL6,12,6,6845.5,SL,-6.0,3,09:45-10:00
2025-12-11,ES,GlobexLow,breakout,long,TP8_SL4,8,4,6845.25,SL,-4.0,0,09:45-10:00
2025-12-11,ES,GlobexLow,breakout,long,TP12_SL6,12,6,6845.25,SL,-6.0,1,09:45-10:00
2025-12-11,ES,PriorRTHHigh,reject,short,TP8_SL4,8,4,6898.5,SL,-4.0,29,12:00-14:00
2025-12-11,ES,PriorRTHHigh,reject,short,TP12_SL6,12,6,6898.5,SL,-6.0,29,12:00-14:00
2025-12-11,ES,GlobexHigh,reject,short,TP8_SL4,8,4,6905.25,TP,8.0,42,14:00-close
2025-12-11,ES,GlobexHigh,reject,short,TP12_SL6,12,6,6905.25,EOD,-2.75,65,14:00-close
2025-12-12,ES,GlobexLow,breakout,long,TP8_SL4,8,4,6896.0,SL,-4.0,12,09:30-09:45
2025-12-12,ES,GlobexLow,breakout,long,TP12_SL6,12,6,6896.0,SL,-6.0,15,09:30-09:45
2025-12-12,ES,OR15High,reject,short,TP8_SL4,8,4,6896.0,SL,-4.0,0,09:30-09:45
2025-12-12,ES,OR15High,reject,short,TP12_SL6,12,6,6896.0,SL,-6.0,4,09:30-09:45
2025-12-12,ES,OR15Low,reject,short,TP8_SL4,8,4,6896.0,SL,-4.0,0,09:30-09:45
2025-12-12,ES,OR15Low,reject,short,TP12_SL6,12,6,6896.0,SL,-6.0,4,09:30-09:45
2025-12-12,ES,VWAP,reject,short,TP8_SL4,8,4,6896.0,SL,-4.0,0,09:30-09:45
2025-12-12,ES,VWAP,reject,short,TP12_SL6,12,6,6896.0,SL,-6.0,4,09:30-09:45
2025-12-12,ES,PriorRTHHigh,reject,short,TP8_SL4,8,4,6897.0,TP,8.0,6,09:30-09:45
2025-12-12,ES,PriorRTHHigh,reject,short,TP12_SL6,12,6,6897.0,TP,12.0,18,09:30-09:45
2025-12-12,ES,GlobexLow,reject,short,TP8_SL4,8,4,6892.0,SL,-4.0,0,09:45-10:00
2025-12-12,ES,GlobexLow,reject,short,TP12_SL6,12,6,6892.0,TP,12.0,18,09:45-10:00
2025-12-12,ES,PriorRTHLow,breakout,long,TP8_SL4,8,4,6851.0,SL,-4.0,0,10:30-11:00
2025-12-12,ES,PriorRTHLow,breakout,long,TP12_SL6,12,6,6851.0,TP,12.0,7,10:30-11:00
2025-12-12,ES,PriorRTHLow,reject,short,TP8_SL4,8,4,6830.75,SL,-4.0,0,11:00-12:00
2025-12-12,ES,PriorRTHLow,reject,short,TP12_SL6,12,6,6830.75,SL,-6.0,0,11:00-12:00
2025-12-15,ES,GlobexHigh,reject,short,TP8_SL4,8,4,6864.25,TP,8.0,1,09:30-09:45
2025-12-15,ES,GlobexHigh,reject,short,TP12_SL6,12,6,6864.25,TP,12.0,6,09:30-09:45
2025-12-15,ES,OR15High,reject,short,TP8_SL4,8,4,6864.25,TP,8.0,1,09:30-09:45
2025-12-15,ES,OR15High,reject,short,TP12_SL6,12,6,6864.25,TP,12.0,6,09:30-09:45
2025-12-15,ES,VWAP,reject,short,TP8_SL4,8,4,6864.25,TP,8.0,1,09:30-09:45
2025-12-15,ES,VWAP,reject,short,TP12_SL6,12,6,6864.25,TP,12.0,6,09:30-09:45
2025-12-15,ES,OR15Low,breakout,long,TP8_SL4,8,4,6858.0,SL,-4.0,0,09:30-09:45
2025-12-15,ES,OR15Low,breakout,long,TP12_SL6,12,6,6858.0,SL,-6.0,5,09:30-09:45
2025-12-15,ES,OR15Low,reject,short,TP8_SL4,8,4,6854.25,TP,8.0,3,09:30-09:45
2025-12-15,ES,OR15Low,reject,short,TP12_SL6,12,6,6854.25,TP,12.0,9,09:30-09:45
2025-12-15,ES,PriorRTHLow,breakout,long,TP8_SL4,8,4,6825.25,SL,-4.0,1,10:00-10:30
2025-12-15,ES,PriorRTHLow,breakout,long,TP12_SL6,12,6,6825.25,SL,-6.0,1,10:00-10:30
2025-12-15,ES,PriorRTHLow,reject,short,TP8_SL4,8,4,6819.5,SL,-4.0,0,10:30-11:00
2025-12-15,ES,PriorRTHLow,reject,short,TP12_SL6,12,6,6819.5,SL,-6.0,0,10:30-11:00
2025-12-16,ES,PriorRTHLow,breakout,long,TP8_SL4,8,4,6810.5,SL,-4.0,0,09:30-09:45
2025-12-16,ES,PriorRTHLow,breakout,long,TP12_SL6,12,6,6810.5,SL,-6.0,7,09:30-09:45
2025-12-16,ES,OR15High,reject,short,TP8_SL4,8,4,6810.5,SL,-4.0,3,09:30-09:45
2025-12-16,ES,OR15High,reject,short,TP12_SL6,12,6,6810.5,SL,-6.0,3,09:30-09:45
2025-12-16,ES,VWAP,reject,short,TP8_SL4,8,4,6810.5,SL,-4.0,3,09:30-09:45
2025-12-16,ES,VWAP,reject,short,TP12_SL6,12,6,6810.5,SL,-6.0,3,09:30-09:45
2025-12-16,ES,OR15Low,breakout,long,TP8_SL4,8,4,6811.25,SL,-4.0,0,09:30-09:45
2025-12-16,ES,OR15Low,breakout,long,TP12_SL6,12,6,6811.25,SL,-6.0,6,09:30-09:45
2025-12-16,ES,PriorRTHLow,reject,short,TP8_SL4,8,4,6808.75,SL,-4.0,1,09:30-09:45
2025-12-16,ES,PriorRTHLow,reject,short,TP12_SL6,12,6,6808.75,SL,-6.0,1,09:30-09:45
2025-12-16,ES,OR15Low,reject,short,TP8_SL4,8,4,6794.75,SL,-4.0,0,09:30-09:45
2025-12-16,ES,OR15Low,reject,short,TP12_SL6,12,6,6794.75,SL,-6.0,0,09:30-09:45
2025-12-16,ES,GlobexLow,breakout,long,TP8_SL4,8,4,6789.5,SL,-4.0,1,10:00-10:30
2025-12-16,ES,GlobexLow,breakout,long,TP12_SL6,12,6,6789.5,SL,-6.0,2,10:00-10:30
2025-12-16,ES,GlobexLow,reject,short,TP8_SL4,8,4,6790.0,SL,-4.0,0,10:30-11:00
2025-12-16,ES,GlobexLow,reject,short,TP12_SL6,12,6,6790.0,SL,-6.0,0,10:30-11:00
2025-12-17,ES,OR15High,reject,short,TP8_SL4,8,4,6809.75,SL,-4.0,0,09:30-09:45
2025-12-17,ES,OR15High,reject,short,TP12_SL6,12,6,6809.75,TP,12.0,7,09:30-09:45
2025-12-17,ES,VWAP,reject,short,TP8_SL4,8,4,6809.75,SL,-4.0,0,09:30-09:45
2025-12-17,ES,VWAP,reject,short,TP12_SL6,12,6,6809.75,TP,12.0,7,09:30-09:45
2025-12-17,ES,OR15Low,breakout,long,TP8_SL4,8,4,6801.75,SL,-4.0,3,09:30-09:45
2025-12-17,ES,OR15Low,breakout,long,TP12_SL6,12,6,6801.75,SL,-6.0,4,09:30-09:45
2025-12-17,ES,OR15Low,reject,short,TP8_SL4,8,4,6795.0,TP,8.0,0,09:45-10:00
2025-12-17,ES,OR15Low,reject,short,TP12_SL6,12,6,6795.0,SL,-6.0,4,09:45-10:00
2025-12-17,ES,PriorRTHLow,breakout,long,TP8_SL4,8,4,6775.25,SL,-4.0,1,10:30-11:00
2025-12-17,ES,PriorRTHLow,breakout,long,TP12_SL6,12,6,6775.25,SL,-6.0,1,10:30-11:00
2025-12-17,ES,PriorRTHLow,reject,short,TP8_SL4,8,4,6757.0,SL,-4.0,1,10:30-11:00
2025-12-17,ES,PriorRTHLow,reject,short,TP12_SL6,12,6,6757.0,SL,-6.0,11,10:30-11:00
2025-12-17,ES,GlobexLow,breakout,long,TP8_SL4,8,4,6737.5,SL,-4.0,6,12:00-14:00
2025-12-17,ES,GlobexLow,breakout,long,TP12_SL6,12,6,6737.5,SL,-6.0,110,12:00-14:00
2025-12-17,ES,GlobexLow,reject,short,TP8_SL4,8,4,6724.75,SL,-4.0,1,14:00-close
2025-12-17,ES,GlobexLow,reject,short,TP12_SL6,12,6,6724.75,EOD,0.0,2,14:00-close
2025-12-18,ES,OR15High,reject,short,TP8_SL4,8,4,6793.25,TP,8.0,2,09:30-09:45
2025-12-18,ES,OR15High,reject,short,TP12_SL6,12,6,6793.25,TP,12.0,5,09:30-09:45
2025-12-18,ES,VWAP,reject,short,TP8_SL4,8,4,6793.25,TP,8.0,2,09:30-09:45
2025-12-18,ES,VWAP,reject,short,TP12_SL6,12,6,6793.25,TP,12.0,5,09:30-09:45
2025-12-18,ES,GlobexHigh,reject,short,TP8_SL4,8,4,6789.25,TP,8.0,3,09:30-09:45
2025-12-18,ES,GlobexHigh,reject,short,TP12_SL6,12,6,6789.25,TP,12.0,4,09:30-09:45
2025-12-18,ES,OR15Low,breakout,long,TP8_SL4,8,4,6783.75,SL,-4.0,3,09:30-09:45
2025-12-18,ES,OR15Low,breakout,long,TP12_SL6,12,6,6783.75,SL,-6.0,3,09:30-09:45
2025-12-18,ES,OR15Low,reject,short,TP8_SL4,8,4,6772.0,SL,-4.0,1,09:45-10:00
2025-12-18,ES,OR15Low,reject,short,TP12_SL6,12,6,6772.0,SL,-6.0,2,09:45-10:00
2025-12-18,ES,PriorRTHHigh,reject,short,TP8_SL4,8,4,6814.0,SL,-4.0,32,10:30-11:00
2025-12-18,ES,PriorRTHHigh,reject,short,TP12_SL6,12,6,6814.0,TP,12.0,82,10:30-11:00
2025-12-22,ES,OR15High,reject,short,TP8_SL4,8,4,6923.75,TP,8.0,3,09:30-09:45
2025-12-22,ES,OR15High,reject,short,TP12_SL6,12,6,6923.75,TP,12.0,9,09:30-09:45
2025-12-22,ES,OR15Low,breakout,long,TP8_SL4,8,4,6923.75,SL,-4.0,0,09:30-09:45
2025-12-22,ES,OR15Low,breakout,long,TP12_SL6,12,6,6923.75,SL,-6.0,0,09:30-09:45
2025-12-22,ES,VWAP,reject,short,TP8_SL4,8,4,6923.75,TP,8.0,3,09:30-09:45
2025-12-22,ES,VWAP,reject,short,TP12_SL6,12,6,6923.75,TP,12.0,9,09:30-09:45
2025-12-22,ES,GlobexLow,breakout,long,TP8_SL4,8,4,6915.25,TP,8.0,15,09:30-09:45
2025-12-22,ES,GlobexLow,breakout,long,TP12_SL6,12,6,6915.25,SL,-6.0,57,09:30-09:45
2025-12-22,ES,OR15Low,reject,short,TP8_SL4,8,4,6914.0,SL,-4.0,5,09:30-09:45
2025-12-22,ES,OR15Low,reject,short,TP12_SL6,12,6,6914.0,SL,-6.0,9,09:30-09:45
2025-12-22,ES,GlobexHigh,reject,short,TP8_SL4,8,4,6928.75,SL,-4.0,33,11:00-12:00
2025-12-22,ES,GlobexHigh,reject,short,TP12_SL6,12,6,6928.75,SL,-6.0,86,11:00-12:00
2025-12-23,ES,PriorRTHHigh,reject,short,TP8_SL4,8,4,6929.5,SL,-4.0,5,09:30-09:45
2025-12-23,ES,PriorRTHHigh,reject,short,TP12_SL6,12,6,6929.5,SL,-6.0,7,09:30-09:45
2025-12-23,ES,OR15High,reject,short,TP8_SL4,8,4,6929.5,SL,-4.0,5,09:30-09:45
2025-12-23,ES,OR15High,reject,short,TP12_SL6,12,6,6929.5,SL,-6.0,7,09:30-09:45
2025-12-23,ES,OR15Low,breakout,long,TP8_SL4,8,4,6929.5,TP,8.0,9,09:30-09:45
2025-12-23,ES,OR15Low,breakout,long,TP12_SL6,12,6,6929.5,TP,12.0,14,09:30-09:45
2025-12-23,ES,VWAP,reject,short,TP8_SL4,8,4,6929.5,SL,-4.0,5,09:30-09:45
2025-12-23,ES,VWAP,reject,short,TP12_SL6,12,6,6929.5,SL,-6.0,7,09:30-09:45
2025-12-23,ES,GlobexLow,breakout,long,TP8_SL4,8,4,6929.75,TP,8.0,8,09:30-09:45
2025-12-23,ES,GlobexLow,breakout,long,TP12_SL6,12,6,6929.75,TP,12.0,13,09:30-09:45
2025-12-23,ES,GlobexHigh,reject,short,TP8_SL4,8,4,6950.25,SL,-4.0,16,12:00-14:00
2025-12-23,ES,GlobexHigh,reject,short,TP12_SL6,12,6,6950.25,SL,-6.0,29,12:00-14:00
2025-12-24,ES,GlobexLow,breakout,long,TP8_SL4,8,4,6962.0,TP,8.0,37,09:30-09:45
2025-12-24,ES,GlobexLow,breakout,long,TP12_SL6,12,6,6962.0,TP,12.0,79,09:30-09:45
2025-12-24,ES,GlobexHigh,reject,short,TP8_SL4,8,4,6960.25,SL,-4.0,2,09:30-09:45
2025-12-24,ES,GlobexHigh,reject,short,TP12_SL6,12,6,6960.25,SL,-6.0,3,09:30-09:45
2025-12-24,ES,PriorRTHHigh,reject,short,TP8_SL4,8,4,6960.25,SL,-4.0,2,09:30-09:45
2025-12-24,ES,PriorRTHHigh,reject,short,TP12_SL6,12,6,6960.25,SL,-6.0,3,09:30-09:45
2025-12-24,ES,OR15High,reject,short,TP8_SL4,8,4,6960.25,SL,-4.0,2,09:30-09:45
2025-12-24,ES,OR15High,reject,short,TP12_SL6,12,6,6960.25,SL,-6.0,3,09:30-09:45
2025-12-24,ES,OR15Low,reject,short,TP8_SL4,8,4,6960.25,SL,-4.0,2,09:30-09:45
2025-12-24,ES,OR15Low,reject,short,TP12_SL6,12,6,6960.25,SL,-6.0,3,09:30-09:45
2025-12-24,ES,VWAP,reject,short,TP8_SL4,8,4,6960.25,SL,-4.0,2,09:30-09:45
2025-12-24,ES,VWAP,reject,short,TP12_SL6,12,6,6960.25,SL,-6.0,3,09:30-09:45
2025-12-26,ES,GlobexLow,breakout,long,TP8_SL4,8,4,6987.25,SL,-4.0,17,09:30-09:45
2025-12-26,ES,GlobexLow,breakout,long,TP12_SL6,12,6,6987.25,SL,-6.0,27,09:30-09:45
2025-12-26,ES,OR15Low,breakout,long,TP8_SL4,8,4,6986.25,SL,-4.0,16,09:30-09:45
2025-12-26,ES,OR15Low,breakout,long,TP12_SL6,12,6,6986.25,SL,-6.0,26,09:30-09:45
2025-12-26,ES,GlobexHigh,breakout,long,TP8_SL4,8,4,6992.75,SL,-4.0,3,09:45-10:00
2025-12-26,ES,GlobexHigh,breakout,long,TP12_SL6,12,6,6992.75,SL,-6.0,4,09:45-10:00
2025-12-26,ES,GlobexHigh,reject,short,TP8_SL4,8,4,6989.5,TP,8.0,1,09:45-10:00
2025-12-26,ES,GlobexHigh,reject,short,TP12_SL6,12,6,6989.5,TP,12.0,11,09:45-10:00
2025-12-26,ES,PriorRTHHigh,reject,short,TP8_SL4,8,4,6989.5,TP,8.0,1,09:45-10:00
2025-12-26,ES,PriorRTHHigh,reject,short,TP12_SL6,12,6,6989.5,TP,12.0,11,09:45-10:00
2025-12-26,ES,OR15High,reject,short,TP8_SL4,8,4,6989.5,TP,8.0,1,09:45-10:00
2025-12-26,ES,OR15High,reject,short,TP12_SL6,12,6,6989.5,TP,12.0,11,09:45-10:00
2025-12-26,ES,OR15Low,reject,short,TP8_SL4,8,4,6989.5,TP,8.0,1,09:45-10:00
2025-12-26,ES,OR15Low,reject,short,TP12_SL6,12,6,6989.5,TP,12.0,11,09:45-10:00
2025-12-26,ES,VWAP,reject,short,TP8_SL4,8,4,6989.5,TP,8.0,1,09:45-10:00
2025-12-26,ES,VWAP,reject,short,TP12_SL6,12,6,6989.5,TP,12.0,11,09:45-10:00
2025-12-26,ES,GlobexLow,reject,short,TP8_SL4,8,4,6976.25,SL,-4.0,8,10:00-10:30
2025-12-26,ES,GlobexLow,reject,short,TP12_SL6,12,6,6976.25,SL,-6.0,8,10:00-10:30
2025-12-26,ES,PriorRTHLow,breakout,long,TP8_SL4,8,4,6971.25,TP,8.0,99,12:00-14:00
2025-12-26,ES,PriorRTHLow,breakout,long,TP12_SL6,12,6,6971.25,EOD,8.75,229,12:00-14:00
2025-12-29,ES,GlobexLow,breakout,long,TP8_SL4,8,4,6953.75,TP,8.0,3,09:30-09:45
2025-12-29,ES,GlobexLow,breakout,long,TP12_SL6,12,6,6953.75,TP,12.0,3,09:30-09:45
2025-12-29,ES,OR15Low,breakout,long,TP8_SL4,8,4,6956.5,TP,8.0,0,09:30-09:45
2025-12-29,ES,OR15Low,breakout,long,TP12_SL6,12,6,6956.5,SL,-6.0,15,09:30-09:45
2025-12-29,ES,VWAP,breakout,long,TP8_SL4,8,4,6965.25,SL,-4.0,2,09:30-09:45
2025-12-29,ES,VWAP,breakout,long,TP12_SL6,12,6,6965.25,SL,-6.0,3,09:30-09:45
2025-12-29,ES,PriorRTHLow,reject,short,TP8_SL4,8,4,6964.25,TP,8.0,6,09:30-09:45
2025-12-29,ES,PriorRTHLow,reject,short,TP12_SL6,12,6,6964.25,TP,12.0,6,09:30-09:45
2025-12-29,ES,OR15High,reject,short,TP8_SL4,8,4,6964.25,TP,8.0,6,09:30-09:45
2025-12-29,ES,OR15High,reject,short,TP12_SL6,12,6,6964.25,TP,12.0,6,09:30-09:45
2025-12-29,ES,VWAP,reject,short,TP8_SL4,8,4,6964.25,TP,8.0,6,09:30-09:45
2025-12-29,ES,VWAP,reject,short,TP12_SL6,12,6,6964.25,TP,12.0,6,09:30-09:45
2025-12-29,ES,OR15Low,reject,short,TP8_SL4,8,4,6953.75,TP,8.0,15,09:45-10:00
2025-12-29,ES,OR15Low,reject,short,TP12_SL6,12,6,6953.75,SL,-6.0,40,09:45-10:00
2025-12-29,ES,GlobexLow,reject,short,TP8_SL4,8,4,6944.25,SL,-4.0,3,10:00-10:30
2025-12-29,ES,GlobexLow,reject,short,TP12_SL6,12,6,6944.25,SL,-6.0,4,10:00-10:30
2025-12-30,ES,PriorRTHLow,breakout,long,TP8_SL4,8,4,6951.75,SL,-4.0,0,09:30-09:45
2025-12-30,ES,PriorRTHLow,breakout,long,TP12_SL6,12,6,6951.75,SL,-6.0,12,09:30-09:45
2025-12-30,ES,GlobexHigh,reject,short,TP8_SL4,8,4,6948.25,SL,-4.0,14,09:30-09:45
2025-12-30,ES,GlobexHigh,reject,short,TP12_SL6,12,6,6948.25,SL,-6.0,15,09:30-09:45
2025-12-30,ES,OR15High,reject,short,TP8_SL4,8,4,6948.25,SL,-4.0,14,09:30-09:45
2025-12-30,ES,OR15High,reject,short,TP12_SL6,12,6,6948.25,SL,-6.0,15,09:30-09:45
2025-12-30,ES,OR15Low,reject,short,TP8_SL4,8,4,6948.25,SL,-4.0,14,09:30-09:45
2025-12-30,ES,OR15Low,reject,short,TP12_SL6,12,6,6948.25,SL,-6.0,15,09:30-09:45
2025-12-30,ES,VWAP,reject,short,TP8_SL4,8,4,6948.25,SL,-4.0,14,09:30-09:45
2025-12-30,ES,VWAP,reject,short,TP12_SL6,12,6,6948.25,SL,-6.0,15,09:30-09:45
2025-12-30,ES,GlobexLow,breakout,long,TP8_SL4,8,4,6942.5,TP,8.0,17,10:30-11:00
2025-12-30,ES,GlobexLow,breakout,long,TP12_SL6,12,6,6942.5,TP,12.0,28,10:30-11:00
2025-12-30,ES,PriorRTHHigh,reject,short,TP8_SL4,8,4,6958.0,TP,8.0,13,11:00-12:00
2025-12-30,ES,PriorRTHHigh,reject,short,TP12_SL6,12,6,6958.0,TP,12.0,36,11:00-12:00
2025-12-31,ES,GlobexHigh,reject,short,TP8_SL4,8,4,6941.75,TP,8.0,4,09:30-09:45
2025-12-31,ES,GlobexHigh,reject,short,TP12_SL6,12,6,6941.75,TP,12.0,11,09:30-09:45
2025-12-31,ES,PriorRTHLow,reject,short,TP8_SL4,8,4,6941.75,TP,8.0,4,09:30-09:45
2025-12-31,ES,PriorRTHLow,reject,short,TP12_SL6,12,6,6941.75,TP,12.0,11,09:30-09:45
2025-12-31,ES,OR15High,reject,short,TP8_SL4,8,4,6941.75,TP,8.0,4,09:30-09:45
2025-12-31,ES,OR15High,reject,short,TP12_SL6,12,6,6941.75,TP,12.0,11,09:30-09:45
2025-12-31,ES,OR15Low,breakout,long,TP8_SL4,8,4,6941.75,SL,-4.0,3,09:30-09:45
2025-12-31,ES,OR15Low,breakout,long,TP12_SL6,12,6,6941.75,SL,-6.0,3,09:30-09:45
2025-12-31,ES,VWAP,reject,short,TP8_SL4,8,4,6941.75,TP,8.0,4,09:30-09:45
2025-12-31,ES,VWAP,reject,short,TP12_SL6,12,6,6941.75,TP,12.0,11,09:30-09:45
2025-12-31,ES,GlobexLow,breakout,long,TP8_SL4,8,4,6936.0,SL,-4.0,1,09:30-09:45
2025-12-31,ES,GlobexLow,breakout,long,TP12_SL6,12,6,6936.0,SL,-6.0,6,09:30-09:45
2025-12-31,ES,OR15Low,reject,short,TP8_SL4,8,4,6930.0,SL,-4.0,8,09:30-09:45
2025-12-31,ES,OR15Low,reject,short,TP12_SL6,12,6,6930.0,SL,-6.0,10,09:30-09:45
2025-12-31,ES,GlobexLow,reject,short,TP8_SL4,8,4,6932.5,TP,8.0,20,09:45-10:00
2025-12-31,ES,GlobexLow,reject,short,TP12_SL6,12,6,6932.5,TP,12.0,49,09:45-10:00
2026-01-02,ES,OR15High,reject,short,TP8_SL4,8,4,6918.5,SL,-4.0,4,09:30-09:45
2026-01-02,ES,OR15High,reject,short,TP12_SL6,12,6,6918.5,SL,-6.0,14,09:30-09:45
2026-01-02,ES,OR15Low,breakout,long,TP8_SL4,8,4,6918.5,SL,-4.0,2,09:30-09:45
2026-01-02,ES,OR15Low,breakout,long,TP12_SL6,12,6,6918.5,SL,-6.0,7,09:30-09:45
2026-01-02,ES,VWAP,reject,short,TP8_SL4,8,4,6918.5,SL,-4.0,4,09:30-09:45
2026-01-02,ES,VWAP,reject,short,TP12_SL6,12,6,6918.5,SL,-6.0,14,09:30-09:45
2026-01-02,ES,GlobexLow,reject,short,TP8_SL4,8,4,6915.75,SL,-4.0,0,09:30-09:45
2026-01-02,ES,GlobexLow,reject,short,TP12_SL6,12,6,6915.75,SL,-6.0,2,09:30-09:45
2026-01-02,ES,OR15Low,reject,short,TP8_SL4,8,4,6919.0,SL,-4.0,0,09:45-10:00
2026-01-02,ES,OR15Low,reject,short,TP12_SL6,12,6,6919.0,SL,-6.0,0,09:45-10:00
2026-01-02,ES,GlobexHigh,reject,short,TP8_SL4,8,4,6935.5,SL,-4.0,9,09:45-10:00
2026-01-02,ES,GlobexHigh,reject,short,TP12_SL6,12,6,6935.5,TP,12.0,19,09:45-10:00
2026-01-02,ES,PriorRTHLow,breakout,long,TP8_SL4,8,4,6901.75,SL,-4.0,1,10:00-10:30
2026-01-02,ES,PriorRTHLow,breakout,long,TP12_SL6,12,6,6901.75,SL,-6.0,1,10:00-10:30
2026-01-02,ES,PriorRTHLow,reject,short,TP8_SL4,8,4,6890.75,SL,-4.0,4,10:00-10:30
2026-01-02,ES,PriorRTHLow,reject,short,TP12_SL6,12,6,6890.75,SL,-6.0,7,10:00-10:30
2026-01-05,ES,PriorRTHHigh,reject,short,TP8_SL4,8,4,6940.0,SL,-4.0,11,09:30-09:45
2026-01-05,ES,PriorRTHHigh,reject,short,TP12_SL6,12,6,6940.0,SL,-6.0,12,09:30-09:45
2026-01-05,ES,OR15High,reject,short,TP8_SL4,8,4,6940.0,SL,-4.0,11,09:30-09:45
2026-01-05,ES,OR15High,reject,short,TP12_SL6,12,6,6940.0,SL,-6.0,12,09:30-09:45
2026-01-05,ES,OR15Low,breakout,long,TP8_SL4,8,4,6940.0,SL,-4.0,3,09:30-09:45
2026-01-05,ES,OR15Low,breakout,long,TP12_SL6,12,6,6940.0,SL,-6.0,19,09:30-09:45
2026-01-05,ES,VWAP,reject,short,TP8_SL4,8,4,6940.0,SL,-4.0,11,09:30-09:45
2026-01-05,ES,VWAP,reject,short,TP12_SL6,12,6,6940.0,SL,-6.0,12,09:30-09:45
2026-01-05,ES,OR15Low,reject,short,TP8_SL4,8,4,6938.25,SL,-4.0,5,09:45-10:00
2026-01-05,ES,OR15Low,reject,short,TP12_SL6,12,6,6938.25,SL,-6.0,5,09:45-10:00
2026-01-05,ES,GlobexHigh,reject,short,TP8_SL4,8,4,6942.0,SL,-4.0,2,10:00-10:30
2026-01-05,ES,GlobexHigh,reject,short,TP12_SL6,12,6,6942.0,SL,-6.0,11,10:00-10:30
2026-01-06,ES,OR15Low,breakout,long,TP8_SL4,8,4,6952.25,SL,-4.0,1,09:30-09:45
2026-01-06,ES,OR15Low,breakout,long,TP12_SL6,12,6,6952.25,SL,-6.0,8,09:30-09:45
2026-01-06,ES,OR15High,reject,short,TP8_SL4,8,4,6950.25,SL,-4.0,9,09:30-09:45
2026-01-06,ES,OR15High,reject,short,TP12_SL6,12,6,6950.25,SL,-6.0,9,09:30-09:45
2026-01-06,ES,VWAP,reject,short,TP8_SL4,8,4,6950.25,SL,-4.0,9,09:30-09:45
2026-01-06,ES,VWAP,reject,short,TP12_SL6,12,6,6950.25,SL,-6.0,9,09:30-09:45
2026-01-06,ES,OR15Low,reject,short,TP8_SL4,8,4,6949.0,SL,-4.0,6,09:30-09:45
2026-01-06,ES,OR15Low,reject,short,TP12_SL6,12,6,6949.0,SL,-6.0,6,09:30-09:45
2026-01-06,ES,PriorRTHLow,breakout,long,TP8_SL4,8,4,6948.0,TP,8.0,3,09:30-09:45
2026-01-06,ES,PriorRTHLow,breakout,long,TP12_SL6,12,6,6948.0,TP,12.0,7,09:30-09:45
2026-01-06,ES,PriorRTHHigh,reject,short,TP8_SL4,8,4,6963.0,SL,-4.0,2,09:45-10:00
2026-01-06,ES,PriorRTHHigh,reject,short,TP12_SL6,12,6,6963.0,SL,-6.0,5,09:45-10:00
2026-01-06,ES,GlobexHigh,reject,short,TP8_SL4,8,4,6986.75,SL,-4.0,47,14:00-close
2026-01-06,ES,GlobexHigh,reject,short,TP12_SL6,12,6,6986.75,EOD,0.5,65,14:00-close
2026-01-07,ES,GlobexHigh,reject,short,TP8_SL4,8,4,6984.25,SL,-4.0,1,09:30-09:45
2026-01-07,ES,GlobexHigh,reject,short,TP12_SL6,12,6,6984.25,SL,-6.0,2,09:30-09:45
2026-01-07,ES,PriorRTHHigh,reject,short,TP8_SL4,8,4,6984.25,SL,-4.0,1,09:30-09:45
2026-01-07,ES,PriorRTHHigh,reject,short,TP12_SL6,12,6,6984.25,SL,-6.0,2,09:30-09:45
2026-01-07,ES,OR15Low,reject,short,TP8_SL4,8,4,6984.25,SL,-4.0,1,09:30-09:45
2026-01-07,ES,OR15Low,reject,short,TP12_SL6,12,6,6984.25,SL,-6.0,2,09:30-09:45
2026-01-07,ES,VWAP,reject,short,TP8_SL4,8,4,6984.25,SL,-4.0,1,09:30-09:45
2026-01-07,ES,VWAP,reject,short,TP12_SL6,12,6,6984.25,SL,-6.0,2,09:30-09:45
2026-01-07,ES,OR15High,reject,short,TP8_SL4,8,4,6994.25,TP,8.0,11,09:45-10:00
2026-01-07,ES,OR15High,reject,short,TP12_SL6,12,6,6994.25,TP,12.0,24,09:45-10:00
2026-01-07,ES,GlobexLow,breakout,long,TP8_SL4,8,4,6967.0,SL,-4.0,4,14:00-close
2026-01-07,ES,GlobexLow,breakout,long,TP12_SL6,12,6,6967.0,SL,-6.0,6,14:00-close
2026-01-07,ES,PriorRTHLow,breakout,long,TP8_SL4,8,4,6963.0,EOD,0.0,19,14:00-close
2026-01-07,ES,PriorRTHLow,breakout,long,TP12_SL6,12,6,6963.0,EOD,0.0,19,14:00-close
2026-01-08,ES,OR15Low,breakout,long,TP8_SL4,8,4,6954.75,SL,-4.0,1,09:30-09:45
2026-01-08,ES,OR15Low,breakout,long,TP12_SL6,12,6,6954.75,SL,-6.0,1,09:30-09:45
2026-01-08,ES,PriorRTHLow,reject,short,TP8_SL4,8,4,6954.25,SL,-4.0,3,09:30-09:45
2026-01-08,ES,PriorRTHLow,reject,short,TP12_SL6,12,6,6954.25,TP,12.0,8,09:30-09:45
2026-01-08,ES,OR15High,reject,short,TP8_SL4,8,4,6954.25,SL,-4.0,3,09:30-09:45
2026-01-08,ES,OR15High,reject,short,TP12_SL6,12,6,6954.25,TP,12.0,8,09:30-09:45
2026-01-08,ES,VWAP,reject,short,TP8_SL4,8,4,6954.25,SL,-4.0,3,09:30-09:45
2026-01-08,ES,VWAP,reject,short,TP12_SL6,12,6,6954.25,TP,12.0,8,09:30-09:45
2026-01-08,ES,GlobexLow,breakout,long,TP8_SL4,8,4,6949.75,TP,8.0,2,09:30-09:45
2026-01-08,ES,GlobexLow,breakout,long,TP12_SL6,12,6,6949.75,SL,-6.0,7,09:30-09:45
2026-01-08,ES,OR15Low,reject,short,TP8_SL4,8,4,6945.0,SL,-4.0,2,09:30-09:45
2026-01-08,ES,OR15Low,reject,short,TP12_SL6,12,6,6945.0,SL,-6.0,3,09:30-09:45
2026-01-08,ES,GlobexHigh,reject,short,TP8_SL4,8,4,6963.25,SL,-4.0,50,11:00-12:00
2026-01-08,ES,GlobexHigh,reject,short,TP12_SL6,12,6,6963.25,SL,-6.0,59,11:00-12:00
2026-01-09,ES,GlobexLow,breakout,long,TP8_SL4,8,4,6972.0,TP,8.0,4,09:30-09:45
2026-01-09,ES,GlobexLow,breakout,long,TP12_SL6,12,6,6972.0,TP,12.0,5,09:30-09:45
2026-01-09,ES,OR15Low,breakout,long,TP8_SL4,8,4,6978.5,TP,8.0,1,09:30-09:45
2026-01-09,ES,OR15Low,breakout,long,TP12_SL6,12,6,6978.5,SL,-6.0,11,09:30-09:45
2026-01-09,ES,GlobexHigh,reject,short,TP8_SL4,8,4,6982.75,TP,8.0,6,09:30-09:45
2026-01-09,ES,GlobexHigh,reject,short,TP12_SL6,12,6,6982.75,TP,12.0,9,09:30-09:45
2026-01-09,ES,PriorRTHHigh,reject,short,TP8_SL4,8,4,6982.75,TP,8.0,6,09:30-09:45
2026-01-09,ES,PriorRTHHigh,reject,short,TP12_SL6,12,6,6982.75,TP,12.0,9,09:30-09:45
2026-01-09,ES,OR15High,reject,short,TP8_SL4,8,4,6982.75,TP,8.0,6,09:30-09:45
2026-01-09,ES,OR15High,reject,short,TP12_SL6,12,6,6982.75,TP,12.0,9,09:30-09:45
2026-01-09,ES,OR15Low,reject,short,TP8_SL4,8,4,6982.75,TP,8.0,6,09:30-09:45
2026-01-09,ES,OR15Low,reject,short,TP12_SL6,12,6,6982.75,TP,12.0,9,09:30-09:45
2026-01-09,ES,VWAP,reject,short,TP8_SL4,8,4,6982.75,TP,8.0,6,09:30-09:45
2026-01-09,ES,VWAP,reject,short,TP12_SL6,12,6,6982.75,TP,12.0,9,09:30-09:45
2026-01-09,ES,GlobexLow,reject,short,TP8_SL4,8,4,6960.0,SL,-4.0,1,10:00-10:30
2026-01-09,ES,GlobexLow,reject,short,TP12_SL6,12,6,6960.0,SL,-6.0,2,10:00-10:30
2026-01-12,ES,OR15Low,breakout,long,TP8_SL4,8,4,6981.25,TP,8.0,6,09:30-09:45
2026-01-12,ES,OR15Low,breakout,long,TP12_SL6,12,6,6981.25,TP,12.0,8,09:30-09:45
2026-01-12,ES,VWAP,reject,short,TP8_SL4,8,4,6981.25,SL,-4.0,3,09:30-09:45
2026-01-12,ES,VWAP,reject,short,TP12_SL6,12,6,6981.25,SL,-6.0,3,09:30-09:45
2026-01-12,ES,OR15High,reject,short,TP8_SL4,8,4,6991.0,SL,-4.0,4,09:45-10:00
2026-01-12,ES,OR15High,reject,short,TP12_SL6,12,6,6991.0,SL,-6.0,5,09:45-10:00
2026-01-12,ES,GlobexHigh,reject,short,TP8_SL4,8,4,7006.5,SL,-4.0,23,11:00-12:00
2026-01-12,ES,GlobexHigh,reject,short,TP12_SL6,12,6,7006.5,SL,-6.0,34,11:00-12:00
2026-01-12,ES,PriorRTHHigh,reject,short,TP8_SL4,8,4,7006.5,SL,-4.0,23,11:00-12:00
2026-01-12,ES,PriorRTHHigh,reject,short,TP12_SL6,12,6,7006.5,SL,-6.0,34,11:00-12:00
2026-01-13,ES,PriorRTHHigh,reject,short,TP8_SL4,8,4,7018.0,SL,-4.0,0,09:30-09:45
2026-01-13,ES,PriorRTHHigh,reject,short,TP12_SL6,12,6,7018.0,SL,-6.0,7,09:30-09:45
2026-01-13,ES,OR15High,reject,short,TP8_SL4,8,4,7018.0,SL,-4.0,0,09:30-09:45
2026-01-13,ES,OR15High,reject,short,TP12_SL6,12,6,7018.0,SL,-6.0,7,09:30-09:45
2026-01-13,ES,VWAP,reject,short,TP8_SL4,8,4,7018.0,SL,-4.0,0,09:30-09:45
2026-01-13,ES,VWAP,reject,short,TP12_SL6,12,6,7018.0,SL,-6.0,7,09:30-09:45
2026-01-13,ES,OR15Low,breakout,long,TP8_SL4,8,4,7022.0,SL,-4.0,2,09:30-09:45
2026-01-13,ES,OR15Low,breakout,long,TP12_SL6,12,6,7022.0,SL,-6.0,7,09:30-09:45
2026-01-13,ES,OR15Low,reject,short,TP8_SL4,8,4,7014.25,TP,8.0,6,09:45-10:00
2026-01-13,ES,OR15Low,reject,short,TP12_SL6,12,6,7014.25,TP,12.0,17,09:45-10:00
2026-01-13,ES,GlobexLow,breakout,long,TP8_SL4,8,4,6997.25,SL,-4.0,14,10:00-10:30
2026-01-13,ES,GlobexLow,breakout,long,TP12_SL6,12,6,6997.25,SL,-6.0,15,10:00-10:30
2026-01-13,ES,GlobexLow,reject,short,TP8_SL4,8,4,6990.25,SL,-4.0,0,10:00-10:30
2026-01-13,ES,GlobexLow,reject,short,TP12_SL6,12,6,6990.25,SL,-6.0,15,10:00-10:30
2026-01-13,ES,PriorRTHLow,breakout,long,TP8_SL4,8,4,6983.75,SL,-4.0,5,14:00-close
2026-01-13,ES,PriorRTHLow,breakout,long,TP12_SL6,12,6,6983.75,SL,-6.0,5,14:00-close
2026-01-14,ES,GlobexLow,breakout,long,TP8_SL4,8,4,6963.5,TP,8.0,0,09:30-09:45
2026-01-14,ES,GlobexLow,breakout,long,TP12_SL6,12,6,6963.5,TP,12.0,1,09:30-09:45
2026-01-14,ES,PriorRTHLow,reject,short,TP8_SL4,8,4,6963.5,SL,-4.0,0,09:30-09:45
2026-01-14,ES,PriorRTHLow,reject,short,TP12_SL6,12,6,6963.5,SL,-6.0,0,09:30-09:45
2026-01-14,ES,OR15High,reject,short,TP8_SL4,8,4,6963.5,SL,-4.0,0,09:30-09:45
2026-01-14,ES,OR15High,reject,short,TP12_SL6,12,6,6963.5,SL,-6.0,0,09:30-09:45
2026-01-14,ES,OR15Low,breakout,long,TP8_SL4,8,4,6963.5,TP,8.0,0,09:30-09:45
2026-01-14,ES,OR15Low,breakout,long,TP12_SL6,12,6,6963.5,TP,12.0,1,09:30-09:45
2026-01-14,ES,VWAP,reject,short,TP8_SL4,8,4,6963.5,SL,-4.0,0,09:30-09:45
2026-01-14,ES,VWAP,reject,short,TP12_SL6,12,6,6963.5,SL,-6.0,0,09:30-09:45
2026-01-14,ES,OR15Low,reject,short,TP8_SL4,8,4,6954.5,SL,-4.0,0,09:45-10:00
2026-01-14,ES,OR15Low,reject,short,TP12_SL6,12,6,6954.5,SL,-6.0,0,09:45-10:00
2026-01-14,ES,GlobexLow,reject,short,TP8_SL4,8,4,6941.25,SL,-4.0,0,10:00-10:30
2026-01-14,ES,GlobexLow,reject,short,TP12_SL6,12,6,6941.25,SL,-6.0,4,10:00-10:30
2026-01-15,ES,OR15Low,breakout,long,TP8_SL4,8,4,7007.5,SL,-4.0,2,09:30-09:45
2026-01-15,ES,OR15Low,breakout,long,TP12_SL6,12,6,7007.5,SL,-6.0,4,09:30-09:45
2026-01-15,ES,GlobexHigh,reject,short,TP8_SL4,8,4,7006.0,TP,8.0,7,09:30-09:45
2026-01-15,ES,GlobexHigh,reject,short,TP12_SL6,12,6,7006.0,SL,-6.0,62,09:30-09:45
2026-01-15,ES,OR15High,reject,short,TP8_SL4,8,4,7006.0,TP,8.0,7,09:30-09:45
2026-01-15,ES,OR15High,reject,short,TP12_SL6,12,6,7006.0,SL,-6.0,62,09:30-09:45
2026-01-15,ES,VWAP,reject,short,TP8_SL4,8,4,7006.0,TP,8.0,7,09:30-09:45
2026-01-15,ES,VWAP,reject,short,TP12_SL6,12,6,7006.0,SL,-6.0,62,09:30-09:45
2026-01-15,ES,OR15Low,reject,short,TP8_SL4,8,4,7003.0,SL,-4.0,4,09:30-09:45
2026-01-15,ES,OR15Low,reject,short,TP12_SL6,12,6,7003.0,SL,-6.0,43,09:30-09:45
2026-01-15,ES,PriorRTHHigh,breakout,long,TP8_SL4,8,4,6993.5,TP,8.0,4,10:30-11:00
2026-01-15,ES,PriorRTHHigh,breakout,long,TP12_SL6,12,6,6993.5,TP,12.0,4,10:30-11:00
2026-01-15,ES,PriorRTHHigh,reject,short,TP8_SL4,8,4,6978.75,SL,-4.0,16,14:00-close
2026-01-15,ES,PriorRTHHigh,reject,short,TP12_SL6,12,6,6978.75,SL,-6.0,16,14:00-close
2026-01-16,ES,GlobexHigh,reject,short,TP8_SL4,8,4,6998.0,TP,8.0,20,09:30-09:45
2026-01-16,ES,GlobexHigh,reject,short,TP12_SL6,12,6,6998.0,TP,12.0,22,09:30-09:45
2026-01-16,ES,GlobexLow,breakout,long,TP8_SL4,8,4,6998.0,SL,-4.0,8,09:30-09:45
2026-01-16,ES,GlobexLow,breakout,long,TP12_SL6,12,6,6998.0,SL,-6.0,11,09:30-09:45
2026-01-16,ES,OR15High,reject,short,TP8_SL4,8,4,6998.0,TP,8.0,20,09:30-09:45
2026-01-16,ES,OR15High,reject,short,TP12_SL6,12,6,6998.0,TP,12.0,22,09:30-09:45
2026-01-16,ES,OR15Low,breakout,long,TP8_SL4,8,4,6998.0,SL,-4.0,8,09:30-09:45
2026-01-16,ES,OR15Low,breakout,long,TP12_SL6,12,6,6998.0,SL,-6.0,11,09:30-09:45
2026-01-16,ES,VWAP,reject,short,TP8_SL4,8,4,6998.0,TP,8.0,20,09:30-09:45
2026-01-16,ES,VWAP,reject,short,TP12_SL6,12,6,6998.0,TP,12.0,22,09:30-09:45
2026-01-16,ES,OR15Low,reject,short,TP8_SL4,8,4,6990.75,SL,-4.0,0,09:45-10:00
2026-01-16,ES,OR15Low,reject,short,TP12_SL6,12,6,6990.75,SL,-6.0,0,09:45-10:00
2026-01-16,ES,GlobexLow,reject,short,TP8_SL4,8,4,6994.25,TP,8.0,6,09:45-10:00
2026-01-16,ES,GlobexLow,reject,short,TP12_SL6,12,6,6994.25,TP,12.0,10,09:45-10:00
2026-01-16,ES,PriorRTHLow,breakout,long,TP8_SL4,8,4,6988.5,SL,-4.0,2,09:45-10:00
2026-01-16,ES,PriorRTHLow,breakout,long,TP12_SL6,12,6,6988.5,SL,-6.0,4,09:45-10:00
2026-01-16,ES,PriorRTHLow,reject,short,TP8_SL4,8,4,6975.5,SL,-4.0,0,10:00-10:30
2026-01-16,ES,PriorRTHLow,reject,short,TP12_SL6,12,6,6975.5,SL,-6.0,1,10:00-10:30
2026-01-19,ES,GlobexLow,reject,short,TP8_SL4,8,4,6892.5,SL,-4.0,21,09:30-09:45
2026-01-19,ES,GlobexLow,reject,short,TP12_SL6,12,6,6892.5,SL,-6.0,22,09:30-09:45
2026-01-19,ES,OR15High,reject,short,TP8_SL4,8,4,6892.5,SL,-4.0,21,09:30-09:45
2026-01-19,ES,OR15High,reject,short,TP12_SL6,12,6,6892.5,SL,-6.0,22,09:30-09:45
2026-01-19,ES,VWAP,reject,short,TP8_SL4,8,4,6892.5,SL,-4.0,21,09:30-09:45
2026-01-19,ES,VWAP,reject,short,TP12_SL6,12,6,6892.5,SL,-6.0,22,09:30-09:45
2026-01-19,ES,OR15Low,reject,short,TP8_SL4,8,4,6891.0,SL,-4.0,15,09:30-09:45
2026-01-19,ES,OR15Low,reject,short,TP12_SL6,12,6,6891.0,SL,-6.0,17,09:30-09:45
2026-01-20,ES,PriorRTHLow,reject,short,TP8_SL4,8,4,6872.5,SL,-4.0,0,09:30-09:45
2026-01-20,ES,PriorRTHLow,reject,short,TP12_SL6,12,6,6872.5,SL,-6.0,1,09:30-09:45
2026-01-20,ES,OR15High,reject,short,TP8_SL4,8,4,6872.5,SL,-4.0,0,09:30-09:45
2026-01-20,ES,OR15High,reject,short,TP12_SL6,12,6,6872.5,SL,-6.0,1,09:30-09:45
2026-01-20,ES,VWAP,reject,short,TP8_SL4,8,4,6872.5,SL,-4.0,0,09:30-09:45
2026-01-20,ES,VWAP,reject,short,TP12_SL6,12,6,6872.5,SL,-6.0,1,09:30-09:45
2026-01-20,ES,OR15Low,breakout,long,TP8_SL4,8,4,6883.75,SL,-4.0,0,09:30-09:45
2026-01-20,ES,OR15Low,breakout,long,TP12_SL6,12,6,6883.75,SL,-6.0,0,09:30-09:45
2026-01-20,ES,OR15Low,reject,short,TP8_SL4,8,4,6872.0,SL,-4.0,2,10:00-10:30
2026-01-20,ES,OR15Low,reject,short,TP12_SL6,12,6,6872.0,SL,-6.0,3,10:00-10:30
2026-01-20,ES,GlobexHigh,reject,short,TP8_SL4,8,4,6899.0,SL,-4.0,6,10:30-11:00
2026-01-20,ES,GlobexHigh,reject,short,TP12_SL6,12,6,6899.0,TP,12.0,20,10:30-11:00
2026-01-20,ES,GlobexLow,breakout,long,TP8_SL4,8,4,6843.75,SL,-4.0,2,12:00-14:00
2026-01-20,ES,GlobexLow,breakout,long,TP12_SL6,12,6,6843.75,SL,-6.0,3,12:00-14:00
2026-01-20,ES,GlobexLow,reject,short,TP8_SL4,8,4,6832.5,SL,-4.0,8,14:00-close
2026-01-20,ES,GlobexLow,reject,short,TP12_SL6,12,6,6832.5,SL,-6.0,10,14:00-close
2026-01-21,ES,OR15High,reject,short,TP8_SL4,8,4,6850.5,SL,-4.0,0,09:30-09:45
2026-01-21,ES,OR15High,reject,short,TP12_SL6,12,6,6850.5,SL,-6.0,1,09:30-09:45
2026-01-21,ES,OR15Low,breakout,long,TP8_SL4,8,4,6850.5,TP,8.0,5,09:30-09:45
2026-01-21,ES,OR15Low,breakout,long,TP12_SL6,12,6,6850.5,TP,12.0,5,09:30-09:45
2026-01-21,ES,VWAP,reject,short,TP8_SL4,8,4,6850.5,SL,-4.0,0,09:30-09:45
2026-01-21,ES,VWAP,reject,short,TP12_SL6,12,6,6850.5,SL,-6.0,1,09:30-09:45
2026-01-21,ES,PriorRTHHigh,reject,short,TP8_SL4,8,4,6898.0,SL,-4.0,1,10:30-11:00
2026-01-21,ES,PriorRTHHigh,reject,short,TP12_SL6,12,6,6898.0,SL,-6.0,5,10:30-11:00
2026-01-21,ES,OR15Low,reject,short,TP8_SL4,8,4,6842.25,SL,-4.0,4,12:00-14:00
2026-01-21,ES,OR15Low,reject,short,TP12_SL6,12,6,6842.25,SL,-6.0,4,12:00-14:00
2026-01-21,ES,GlobexHigh,reject,short,TP8_SL4,8,4,6940.75,TP,8.0,0,14:00-close
2026-01-21,ES,GlobexHigh,reject,short,TP12_SL6,12,6,6940.75,TP,12.0,17,14:00-close
2026-01-22,ES,PriorRTHHigh,breakout,long,TP8_SL4,8,4,6960.25,SL,-4.0,1,09:30-09:45
2026-01-22,ES,PriorRTHHigh,breakout,long,TP12_SL6,12,6,6960.25,SL,-6.0,2,09:30-09:45
2026-01-22,ES,OR15Low,breakout,long,TP8_SL4,8,4,6960.25,SL,-4.0,1,09:30-09:45
2026-01-22,ES,OR15Low,breakout,long,TP12_SL6,12,6,6960.25,SL,-6.0,2,09:30-09:45
2026-01-22,ES,GlobexHigh,reject,short,TP8_SL4,8,4,6956.75,SL,-4.0,4,09:30-09:45
2026-01-22,ES,GlobexHigh,reject,short,TP12_SL6,12,6,6956.75,SL,-6.0,5,09:30-09:45
2026-01-22,ES,OR15High,reject,short,TP8_SL4,8,4,6956.75,SL,-4.0,4,09:30-09:45
2026-01-22,ES,OR15High,reject,short,TP12_SL6,12,6,6956.75,SL,-6.0,5,09:30-09:45
2026-01-22,ES,VWAP,reject,short,TP8_SL4,8,4,6956.75,SL,-4.0,4,09:30-09:45
2026-01-22,ES,VWAP,reject,short,TP12_SL6,12,6,6956.75,SL,-6.0,5,09:30-09:45
2026-01-22,ES,OR15Low,reject,short,TP8_SL4,8,4,6951.25,TP,8.0,1,09:45-10:00
2026-01-22,ES,OR15Low,reject,short,TP12_SL6,12,6,6951.25,TP,12.0,3,09:45-10:00
2026-01-22,ES,PriorRTHHigh,reject,short,TP8_SL4,8,4,6942.75,TP,8.0,1,09:45-10:00
2026-01-22,ES,PriorRTHHigh,reject,short,TP12_SL6,12,6,6942.75,TP,12.0,10,09:45-10:00
2026-01-23,ES,GlobexLow,breakout,long,TP8_SL4,8,4,6932.25,SL,-4.0,4,09:30-09:45
2026-01-23,ES,GlobexLow,breakout,long,TP12_SL6,12,6,6932.25,SL,-6.0,4,09:30-09:45
2026-01-23,ES,PriorRTHLow,breakout,long,TP8_SL4,8,4,6932.25,SL,-4.0,4,09:30-09:45
2026-01-23,ES,PriorRTHLow,breakout,long,TP12_SL6,12,6,6932.25,SL,-6.0,4,09:30-09:45
2026-01-23,ES,OR15High,reject,short,TP8_SL4,8,4,6932.25,SL,-4.0,12,09:30-09:45
2026-01-23,ES,OR15High,reject,short,TP12_SL6,12,6,6932.25,SL,-6.0,23,09:30-09:45
2026-01-23,ES,OR15Low,breakout,long,TP8_SL4,8,4,6932.25,SL,-4.0,4,09:30-09:45
2026-01-23,ES,OR15Low,breakout,long,TP12_SL6,12,6,6932.25,SL,-6.0,4,09:30-09:45
2026-01-23,ES,VWAP,reject,short,TP8_SL4,8,4,6932.25,SL,-4.0,12,09:30-09:45
2026-01-23,ES,VWAP,reject,short,TP12_SL6,12,6,6932.25,SL,-6.0,23,09:30-09:45
2026-01-23,ES,GlobexLow,reject,short,TP8_SL4,8,4,6931.25,SL,-4.0,8,09:45-10:00
2026-01-23,ES,GlobexLow,reject,short,TP12_SL6,12,6,6931.25,SL,-6.0,9,09:45-10:00
2026-01-23,ES,PriorRTHLow,reject,short,TP8_SL4,8,4,6931.25,SL,-4.0,8,09:45-10:00
2026-01-23,ES,PriorRTHLow,reject,short,TP12_SL6,12,6,6931.25,SL,-6.0,9,09:45-10:00
2026-01-23,ES,OR15Low,reject,short,TP8_SL4,8,4,6931.25,SL,-4.0,8,09:45-10:00
2026-01-23,ES,OR15Low,reject,short,TP12_SL6,12,6,6931.25,SL,-6.0,9,09:45-10:00
2026-01-23,ES,GlobexHigh,reject,short,TP8_SL4,8,4,6959.5,TP,8.0,26,11:00-12:00
2026-01-23,ES,GlobexHigh,reject,short,TP12_SL6,12,6,6959.5,TP,12.0,54,11:00-12:00
2026-01-23,ES,PriorRTHHigh,reject,short,TP8_SL4,8,4,6959.5,TP,8.0,26,11:00-12:00
2026-01-23,ES,PriorRTHHigh,reject,short,TP12_SL6,12,6,6959.5,TP,12.0,54,11:00-12:00
2026-01-26,ES,PriorRTHHigh,reject,short,TP8_SL4,8,4,6961.75,SL,-4.0,0,09:30-09:45
2026-01-26,ES,PriorRTHHigh,reject,short,TP12_SL6,12,6,6961.75,SL,-6.0,2,09:30-09:45
2026-01-26,ES,OR15Low,breakout,long,TP8_SL4,8,4,6961.75,TP,8.0,2,09:30-09:45
2026-01-26,ES,OR15Low,breakout,long,TP12_SL6,12,6,6961.75,TP,12.0,8,09:30-09:45
2026-01-26,ES,VWAP,reject,short,TP8_SL4,8,4,6961.75,SL,-4.0,0,09:30-09:45
2026-01-26,ES,VWAP,reject,short,TP12_SL6,12,6,6961.75,SL,-6.0,2,09:30-09:45
2026-01-26,ES,OR15High,reject,short,TP8_SL4,8,4,6975.75,SL,-4.0,3,09:45-10:00
2026-01-26,ES,OR15High,reject,short,TP12_SL6,12,6,6975.75,SL,-6.0,27,09:45-10:00
2026-01-27,ES,GlobexLow,reject,short,TP8_SL4,8,4,6991.5,SL,-4.0,5,09:30-09:45
2026-01-27,ES,GlobexLow,reject,short,TP12_SL6,12,6,6991.5,SL,-6.0,10,09:30-09:45
2026-01-27,ES,PriorRTHHigh,reject,short,TP8_SL4,8,4,6991.5,SL,-4.0,5,09:30-09:45
2026-01-27,ES,PriorRTHHigh,reject,short,TP12_SL6,12,6,6991.5,SL,-6.0,10,09:30-09:45
2026-01-27,ES,OR15High,reject,short,TP8_SL4,8,4,6991.5,SL,-4.0,5,09:30-09:45
2026-01-27,ES,OR15High,reject,short,TP12_SL6,12,6,6991.5,SL,-6.0,10,09:30-09:45
2026-01-27,ES,OR15Low,reject,short,TP8_SL4,8,4,6991.5,SL,-4.0,5,09:30-09:45
2026-01-27,ES,OR15Low,reject,short,TP12_SL6,12,6,6991.5,SL,-6.0,10,09:30-09:45
2026-01-27,ES,VWAP,reject,short,TP8_SL4,8,4,6991.5,SL,-4.0,5,09:30-09:45
2026-01-27,ES,VWAP,reject,short,TP12_SL6,12,6,6991.5,SL,-6.0,10,09:30-09:45
2026-01-28,ES,PriorRTHHigh,breakout,long,TP8_SL4,8,4,7026.25,SL,-4.0,3,09:30-09:45
2026-01-28,ES,PriorRTHHigh,breakout,long,TP12_SL6,12,6,7026.25,SL,-6.0,29,09:30-09:45
2026-01-28,ES,OR15High,reject,short,TP8_SL4,8,4,7026.0,SL,-4.0,10,09:30-09:45
2026-01-28,ES,OR15High,reject,short,TP12_SL6,12,6,7026.0,TP,12.0,39,09:30-09:45
2026-01-28,ES,VWAP,reject,short,TP8_SL4,8,4,7026.0,SL,-4.0,10,09:30-09:45
2026-01-28,ES,VWAP,reject,short,TP12_SL6,12,6,7026.0,TP,12.0,39,09:30-09:45
2026-01-28,ES,OR15Low,reject,short,TP8_SL4,8,4,7023.0,SL,-4.0,5,09:30-09:45
2026-01-28,ES,OR15Low,reject,short,TP12_SL6,12,6,7023.0,SL,-6.0,7,09:30-09:45
2026-01-28,ES,PriorRTHHigh,reject,short,TP8_SL4,8,4,7023.25,SL,-4.0,4,09:45-10:00
2026-01-28,ES,PriorRTHHigh,reject,short,TP12_SL6,12,6,7023.25,SL,-6.0,5,09:45-10:00
2026-01-28,ES,PriorRTHLow,breakout,long,TP8_SL4,8,4,7001.0,SL,-4.0,11,11:00-12:00
2026-01-28,ES,PriorRTHLow,breakout,long,TP12_SL6,12,6,7001.0,SL,-6.0,139,11:00-12:00
2026-01-28,ES,GlobexLow,breakout,long,TP8_SL4,8,4,6998.25,TP,8.0,20,11:00-12:00
2026-01-28,ES,GlobexLow,breakout,long,TP12_SL6,12,6,6998.25,SL,-6.0,130,11:00-12:00
2026-01-29,ES,OR15High,reject,short,TP8_SL4,8,4,7014.0,TP,8.0,2,09:30-09:45
2026-01-29,ES,OR15High,reject,short,TP12_SL6,12,6,7014.0,TP,12.0,3,09:30-09:45
2026-01-29,ES,VWAP,reject,short,TP8_SL4,8,4,7014.0,TP,8.0,2,09:30-09:45
2026-01-29,ES,VWAP,reject,short,TP12_SL6,12,6,7014.0,TP,12.0,3,09:30-09:45
2026-01-29,ES,PriorRTHLow,breakout,long,TP8_SL4,8,4,7007.75,SL,-4.0,0,09:30-09:45
2026-01-29,ES,PriorRTHLow,breakout,long,TP12_SL6,12,6,7007.75,SL,-6.0,0,09:30-09:45
2026-01-29,ES,OR15Low,breakout,long,TP8_SL4,8,4,6995.0,SL,-4.0,0,09:30-09:45
2026-01-29,ES,OR15Low,breakout,long,TP12_SL6,12,6,6995.0,SL,-6.0,0,09:30-09:45
2026-01-29,ES,PriorRTHLow,reject,short,TP8_SL4,8,4,6983.0,TP,8.0,1,09:45-10:00
2026-01-29,ES,PriorRTHLow,reject,short,TP12_SL6,12,6,6983.0,SL,-6.0,3,09:45-10:00
2026-01-29,ES,OR15Low,reject,short,TP8_SL4,8,4,6982.5,TP,8.0,0,09:45-10:00
2026-01-29,ES,OR15Low,reject,short,TP12_SL6,12,6,6982.5,SL,-6.0,2,09:45-10:00
2026-01-29,ES,GlobexLow,breakout,long,TP8_SL4,8,4,6953.25,SL,-4.0,1,10:00-10:30
2026-01-29,ES,GlobexLow,breakout,long,TP12_SL6,12,6,6953.25,SL,-6.0,2,10:00-10:30
2026-01-29,ES,GlobexLow,reject,short,TP8_SL4,8,4,6945.25,SL,-4.0,0,10:00-10:30
2026-01-29,ES,GlobexLow,reject,short,TP12_SL6,12,6,6945.25,SL,-6.0,0,10:00-10:30
2026-01-30,ES,GlobexHigh,reject,short,TP8_SL4,8,4,6968.75,SL,-4.0,0,09:30-09:45
2026-01-30,ES,GlobexHigh,reject,short,TP12_SL6,12,6,6968.75,SL,-6.0,0,09:30-09:45
2026-01-30,ES,VWAP,reject,short,TP8_SL4,8,4,6968.75,SL,-4.0,0,09:30-09:45
2026-01-30,ES,VWAP,reject,short,TP12_SL6,12,6,6968.75,SL,-6.0,0,09:30-09:45
2026-01-30,ES,OR15Low,breakout,long,TP8_SL4,8,4,6975.75,SL,-4.0,3,09:30-09:45
2026-01-30,ES,OR15Low,breakout,long,TP12_SL6,12,6,6975.75,SL,-6.0,12,09:30-09:45
2026-01-30,ES,OR15High,reject,short,TP8_SL4,8,4,6980.0,TP,8.0,0,09:30-09:45
2026-01-30,ES,OR15High,reject,short,TP12_SL6,12,6,6980.0,TP,12.0,9,09:30-09:45
2026-01-30,ES,OR15Low,reject,short,TP8_SL4,8,4,6966.75,SL,-4.0,2,10:00-10:30
2026-01-30,ES,OR15Low,reject,short,TP12_SL6,12,6,6966.75,SL,-6.0,2,10:00-10:30
2026-01-30,ES,GlobexLow,breakout,long,TP8_SL4,8,4,6935.0,SL,-4.0,0,12:00-14:00
2026-01-30,ES,GlobexLow,breakout,long,TP12_SL6,12,6,6935.0,SL,-6.0,1,12:00-14:00
2026-02-02,ES,OR15Low,breakout,long,TP8_SL4,8,4,6958.75,SL,-4.0,0,09:30-09:45
2026-02-02,ES,OR15Low,breakout,long,TP12_SL6,12,6,6958.75,TP,12.0,9,09:30-09:45
2026-02-02,ES,VWAP,breakout,long,TP8_SL4,8,4,6957.0,TP,8.0,2,09:30-09:45
2026-02-02,ES,VWAP,breakout,long,TP12_SL6,12,6,6957.0,TP,12.0,2,09:30-09:45
2026-02-02,ES,OR15High,reject,short,TP8_SL4,8,4,6966.0,SL,-4.0,2,09:30-09:45
2026-02-02,ES,OR15High,reject,short,TP12_SL6,12,6,6966.0,SL,-6.0,3,09:30-09:45
2026-02-02,ES,VWAP,reject,short,TP8_SL4,8,4,6966.0,SL,-4.0,2,09:30-09:45
2026-02-02,ES,VWAP,reject,short,TP12_SL6,12,6,6966.0,SL,-6.0,3,09:30-09:45
2026-02-02,ES,PriorRTHHigh,reject,short,TP8_SL4,8,4,6982.5,TP,8.0,5,09:45-10:00
2026-02-02,ES,PriorRTHHigh,reject,short,TP12_SL6,12,6,6982.5,TP,12.0,5,09:45-10:00
2026-02-02,ES,GlobexHigh,reject,short,TP8_SL4,8,4,7012.0,SL,-4.0,70,12:00-14:00
2026-02-02,ES,GlobexHigh,reject,short,TP12_SL6,12,6,7012.0,TP,12.0,120,12:00-14:00
2026-02-03,ES,PriorRTHHigh,reject,short,TP8_SL4,8,4,7008.0,SL,-4.0,2,09:30-09:45
2026-02-03,ES,PriorRTHHigh,reject,short,TP12_SL6,12,6,7008.0,TP,12.0,10,09:30-09:45
2026-02-03,ES,OR15High,reject,short,TP8_SL4,8,4,7008.0,SL,-4.0,2,09:30-09:45
2026-02-03,ES,OR15High,reject,short,TP12_SL6,12,6,7008.0,TP,12.0,10,09:30-09:45
2026-02-03,ES,OR15Low,breakout,long,TP8_SL4,8,4,7008.0,SL,-4.0,1,09:30-09:45
2026-02-03,ES,OR15Low,breakout,long,TP12_SL6,12,6,7008.0,SL,-6.0,5,09:30-09:45
2026-02-03,ES,VWAP,reject,short,TP8_SL4,8,4,7008.0,SL,-4.0,2,09:30-09:45
2026-02-03,ES,VWAP,reject,short,TP12_SL6,12,6,7008.0,TP,12.0,10,09:30-09:45
2026-02-03,ES,OR15Low,reject,short,TP8_SL4,8,4,6998.75,SL,-4.0,2,09:45-10:00
2026-02-03,ES,OR15Low,reject,short,TP12_SL6,12,6,6998.75,SL,-6.0,2,09:45-10:00
2026-02-03,ES,PriorRTHLow,breakout,long,TP8_SL4,8,4,6956.0,TP,8.0,0,10:00-10:30
2026-02-03,ES,PriorRTHLow,breakout,long,TP12_SL6,12,6,6956.0,TP,12.0,1,10:00-10:30
2026-02-03,ES,GlobexLow,breakout,long,TP8_SL4,8,4,6933.0,TP,8.0,5,12:00-14:00
2026-02-03,ES,GlobexLow,breakout,long,TP12_SL6,12,6,6933.0,TP,12.0,5,12:00-14:00
2026-02-03,ES,PriorRTHLow,reject,short,TP8_SL4,8,4,6938.0,SL,-4.0,4,12:00-14:00
2026-02-03,ES,PriorRTHLow,reject,short,TP12_SL6,12,6,6938.0,SL,-6.0,4,12:00-14:00
2026-02-03,ES,GlobexLow,reject,short,TP8_SL4,8,4,6931.25,TP,8.0,7,12:00-14:00
2026-02-03,ES,GlobexLow,reject,short,TP12_SL6,12,6,6931.25,TP,12.0,39,12:00-14:00
2026-02-04,ES,VWAP,reject,short,TP8_SL4,8,4,6940.25,SL,-4.0,0,09:30-09:45
2026-02-04,ES,VWAP,reject,short,TP12_SL6,12,6,6940.25,SL,-6.0,1,09:30-09:45
2026-02-04,ES,OR15Low,reject,short,TP8_SL4,8,4,6939.25,SL,-4.0,0,09:30-09:45
2026-02-04,ES,OR15Low,reject,short,TP12_SL6,12,6,6939.25,SL,-6.0,0,09:30-09:45
2026-02-04,ES,OR15High,reject,short,TP8_SL4,8,4,6945.5,SL,-4.0,0,09:30-09:45
2026-02-04,ES,OR15High,reject,short,TP12_SL6,12,6,6945.5,SL,-6.0,0,09:30-09:45
2026-02-04,ES,GlobexHigh,reject,short,TP8_SL4,8,4,6955.75,TP,8.0,0,09:45-10:00
2026-02-04,ES,GlobexHigh,reject,short,TP12_SL6,12,6,6955.75,TP,12.0,1,09:45-10:00
2026-02-04,ES,GlobexLow,breakout,long,TP8_SL4,8,4,6902.0,SL,-4.0,1,11:00-12:00
2026-02-04,ES,GlobexLow,breakout,long,TP12_SL6,12,6,6902.0,SL,-6.0,2,11:00-12:00
2026-02-04,ES,PriorRTHLow,breakout,long,TP8_SL4,8,4,6899.5,SL,-4.0,2,11:00-12:00
2026-02-04,ES,PriorRTHLow,breakout,long,TP12_SL6,12,6,6899.5,SL,-6.0,3,11:00-12:00
2026-02-04,ES,GlobexLow,reject,short,TP8_SL4,8,4,6892.25,SL,-4.0,1,11:00-12:00
2026-02-04,ES,GlobexLow,reject,short,TP12_SL6,12,6,6892.25,SL,-6.0,3,11:00-12:00
2026-02-04,ES,PriorRTHLow,reject,short,TP8_SL4,8,4,6884.0,SL,-4.0,2,12:00-14:00
2026-02-04,ES,PriorRTHLow,reject,short,TP12_SL6,12,6,6884.0,SL,-6.0,2,12:00-14:00
2026-02-05,ES,VWAP,reject,short,TP8_SL4,8,4,6840.75,SL,-4.0,0,09:30-09:45
2026-02-05,ES,VWAP,reject,short,TP12_SL6,12,6,6840.75,SL,-6.0,0,09:30-09:45
2026-02-05,ES,OR15Low,reject,short,TP8_SL4,8,4,6841.5,SL,-4.0,0,09:30-09:45
2026-02-05,ES,OR15Low,reject,short,TP12_SL6,12,6,6841.5,SL,-6.0,0,09:30-09:45
2026-02-05,ES,PriorRTHLow,reject,short,TP8_SL4,8,4,6847.25,SL,-4.0,0,09:30-09:45
2026-02-05,ES,PriorRTHLow,reject,short,TP12_SL6,12,6,6847.25,SL,-6.0,0,09:30-09:45
2026-02-05,ES,OR15High,reject,short,TP8_SL4,8,4,6865.0,SL,-4.0,0,09:30-09:45
2026-02-05,ES,OR15High,reject,short,TP12_SL6,12,6,6865.0,SL,-6.0,0,09:30-09:45
2026-02-06,ES,OR15Low,breakout,long,TP8_SL4,8,4,6874.75,TP,8.0,1,09:30-09:45
2026-02-06,ES,OR15Low,breakout,long,TP12_SL6,12,6,6874.75,TP,12.0,1,09:30-09:45
2026-02-06,ES,VWAP,breakout,long,TP8_SL4,8,4,6881.5,SL,-4.0,0,09:30-09:45
2026-02-06,ES,VWAP,breakout,long,TP12_SL6,12,6,6881.5,TP,12.0,6,09:30-09:45
2026-02-06,ES,GlobexHigh,reject,short,TP8_SL4,8,4,6879.75,SL,-4.0,0,09:30-09:45
2026-02-06,ES,GlobexHigh,reject,short,TP12_SL6,12,6,6879.75,SL,-6.0,3,09:30-09:45
2026-02-06,ES,PriorRTHHigh,reject,short,TP8_SL4,8,4,6879.75,SL,-4.0,0,09:30-09:45
2026-02-06,ES,PriorRTHHigh,reject,short,TP12_SL6,12,6,6879.75,SL,-6.0,3,09:30-09:45
2026-02-06,ES,VWAP,reject,short,TP8_SL4,8,4,6879.75,SL,-4.0,0,09:30-09:45
2026-02-06,ES,VWAP,reject,short,TP12_SL6,12,6,6879.75,SL,-6.0,3,09:30-09:45
2026-02-06,ES,OR15High,reject,short,TP8_SL4,8,4,6884.0,SL,-4.0,0,09:30-09:45
2026-02-06,ES,OR15High,reject,short,TP12_SL6,12,6,6884.0,SL,-6.0,1,09:30-09:45
2026-02-09,ES,GlobexLow,breakout,long,TP8_SL4,8,4,6936.25,TP,8.0,4,09:30-09:45
2026-02-09,ES,GlobexLow,breakout,long,TP12_SL6,12,6,6936.25,TP,12.0,6,09:30-09:45
2026-02-09,ES,OR15Low,breakout,long,TP8_SL4,8,4,6939.0,SL,-4.0,2,09:30-09:45
2026-02-09,ES,OR15Low,breakout,long,TP12_SL6,12,6,6939.0,TP,12.0,5,09:30-09:45
2026-02-09,ES,OR15Low,reject,short,TP8_SL4,8,4,6938.75,SL,-4.0,0,09:30-09:45
2026-02-09,ES,OR15Low,reject,short,TP12_SL6,12,6,6938.75,SL,-6.0,0,09:30-09:45
2026-02-09,ES,VWAP,reject,short,TP8_SL4,8,4,6938.75,SL,-4.0,0,09:30-09:45
2026-02-09,ES,VWAP,reject,short,TP12_SL6,12,6,6938.75,SL,-6.0,0,09:30-09:45
2026-02-09,ES,OR15High,reject,short,TP8_SL4,8,4,6950.25,SL,-4.0,0,09:30-09:45
2026-02-09,ES,OR15High,reject,short,TP12_SL6,12,6,6950.25,SL,-6.0,0,09:30-09:45
2026-02-09,ES,PriorRTHHigh,reject,short,TP8_SL4,8,4,6957.0,SL,-4.0,5,10:00-10:30
2026-02-09,ES,PriorRTHHigh,reject,short,TP12_SL6,12,6,6957.0,SL,-6.0,5,10:00-10:30
2026-02-09,ES,GlobexHigh,reject,short,TP8_SL4,8,4,6983.0,SL,-4.0,18,11:00-12:00
2026-02-09,ES,GlobexHigh,reject,short,TP12_SL6,12,6,6983.0,SL,-6.0,20,11:00-12:00
2026-02-10,ES,GlobexHigh,reject,short,TP8_SL4,8,4,6990.0,SL,-4.0,0,09:30-09:45
2026-02-10,ES,GlobexHigh,reject,short,TP12_SL6,12,6,6990.0,TP,12.0,4,09:30-09:45
2026-02-10,ES,PriorRTHHigh,reject,short,TP8_SL4,8,4,6990.0,SL,-4.0,0,09:30-09:45
2026-02-10,ES,PriorRTHHigh,reject,short,TP12_SL6,12,6,6990.0,TP,12.0,4,09:30-09:45
2026-02-10,ES,OR15High,reject,short,TP8_SL4,8,4,6990.0,SL,-4.0,0,09:30-09:45
2026-02-10,ES,OR15High,reject,short,TP12_SL6,12,6,6990.0,TP,12.0,4,09:30-09:45
2026-02-10,ES,VWAP,reject,short,TP8_SL4,8,4,6990.0,SL,-4.0,0,09:30-09:45
2026-02-10,ES,VWAP,reject,short,TP12_SL6,12,6,6990.0,TP,12.0,4,09:30-09:45
2026-02-10,ES,OR15Low,breakout,long,TP8_SL4,8,4,6989.5,SL,-4.0,0,09:30-09:45
2026-02-10,ES,OR15Low,breakout,long,TP12_SL6,12,6,6989.5,SL,-6.0,1,09:30-09:45
2026-02-10,ES,GlobexLow,breakout,long,TP8_SL4,8,4,6981.25,SL,-4.0,4,09:30-09:45
2026-02-10,ES,GlobexLow,breakout,long,TP12_SL6,12,6,6981.25,SL,-6.0,4,09:30-09:45
2026-02-10,ES,OR15Low,reject,short,TP8_SL4,8,4,6977.5,SL,-4.0,0,09:45-10:00
2026-02-10,ES,OR15Low,reject,short,TP12_SL6,12,6,6977.5,SL,-6.0,2,09:45-10:00
2026-02-10,ES,GlobexLow,reject,short,TP8_SL4,8,4,6974.25,SL,-4.0,13,12:00-14:00
2026-02-10,ES,GlobexLow,reject,short,TP12_SL6,12,6,6974.25,SL,-6.0,44,12:00-14:00
2026-02-11,ES,GlobexHigh,reject,short,TP8_SL4,8,4,7006.25,TP,8.0,1,09:30-09:45
2026-02-11,ES,GlobexHigh,reject,short,TP12_SL6,12,6,7006.25,TP,12.0,3,09:30-09:45
2026-02-11,ES,PriorRTHHigh,reject,short,TP8_SL4,8,4,7006.25,TP,8.0,1,09:30-09:45
2026-02-11,ES,PriorRTHHigh,reject,short,TP12_SL6,12,6,7006.25,TP,12.0,3,09:30-09:45
2026-02-11,ES,OR15High,reject,short,TP8_SL4,8,4,7006.25,TP,8.0,1,09:30-09:45
2026-02-11,ES,OR15High,reject,short,TP12_SL6,12,6,7006.25,TP,12.0,3,09:30-09:45
2026-02-11,ES,OR15Low,breakout,long,TP8_SL4,8,4,7006.25,SL,-4.0,0,09:30-09:45
2026-02-11,ES,OR15Low,breakout,long,TP12_SL6,12,6,7006.25,SL,-6.0,0,09:30-09:45
2026-02-11,ES,VWAP,reject,short,TP8_SL4,8,4,7006.25,TP,8.0,1,09:30-09:45
2026-02-11,ES,VWAP,reject,short,TP12_SL6,12,6,7006.25,TP,12.0,3,09:30-09:45
2026-02-11,ES,OR15Low,reject,short,TP8_SL4,8,4,6994.5,SL,-4.0,0,09:30-09:45
2026-02-11,ES,OR15Low,reject,short,TP12_SL6,12,6,6994.5,SL,-6.0,4,09:30-09:45
2026-02-11,ES,PriorRTHLow,breakout,long,TP8_SL4,8,4,6970.5,SL,-4.0,0,10:00-10:30
2026-02-11,ES,PriorRTHLow,breakout,long,TP12_SL6,12,6,6970.5,SL,-6.0,1,10:00-10:30
2026-02-11,ES,GlobexLow,breakout,long,TP8_SL4,8,4,6966.25,SL,-4.0,1,10:00-10:30
2026-02-11,ES,GlobexLow,breakout,long,TP12_SL6,12,6,6966.25,SL,-6.0,1,10:00-10:30
2026-02-11,ES,GlobexLow,reject,short,TP8_SL4,8,4,6949.5,SL,-4.0,0,10:00-10:30
2026-02-11,ES,GlobexLow,reject,short,TP12_SL6,12,6,6949.5,SL,-6.0,0,10:00-10:30
2026-02-11,ES,PriorRTHLow,reject,short,TP8_SL4,8,4,6949.5,SL,-4.0,0,10:00-10:30
2026-02-11,ES,PriorRTHLow,reject,short,TP12_SL6,12,6,6949.5,SL,-6.0,0,10:00-10:30
2026-02-12,ES,OR15Low,breakout,long,TP8_SL4,8,4,6987.25,SL,-4.0,3,09:30-09:45
2026-02-12,ES,OR15Low,breakout,long,TP12_SL6,12,6,6987.25,SL,-6.0,10,09:30-09:45
2026-02-12,ES,GlobexHigh,reject,short,TP8_SL4,8,4,6985.0,SL,-4.0,3,09:30-09:45
2026-02-12,ES,GlobexHigh,reject,short,TP12_SL6,12,6,6985.0,SL,-6.0,3,09:30-09:45
2026-02-12,ES,OR15High,reject,short,TP8_SL4,8,4,6985.0,SL,-4.0,3,09:30-09:45
2026-02-12,ES,OR15High,reject,short,TP12_SL6,12,6,6985.0,SL,-6.0,3,09:30-09:45
2026-02-12,ES,OR15Low,reject,short,TP8_SL4,8,4,6985.0,SL,-4.0,3,09:30-09:45
2026-02-12,ES,OR15Low,reject,short,TP12_SL6,12,6,6985.0,SL,-6.0,3,09:30-09:45
2026-02-12,ES,VWAP,reject,short,TP8_SL4,8,4,6985.0,SL,-4.0,3,09:30-09:45
2026-02-12,ES,VWAP,reject,short,TP12_SL6,12,6,6985.0,SL,-6.0,3,09:30-09:45
2026-02-12,ES,PriorRTHLow,breakout,long,TP8_SL4,8,4,6944.5,SL,-4.0,8,10:30-11:00
2026-02-12,ES,PriorRTHLow,breakout,long,TP12_SL6,12,6,6944.5,SL,-6.0,11,10:30-11:00
2026-02-12,ES,PriorRTHLow,reject,short,TP8_SL4,8,4,6931.25,TP,8.0,3,10:30-11:00
2026-02-12,ES,PriorRTHLow,reject,short,TP12_SL6,12,6,6931.25,TP,12.0,5,10:30-11:00
2026-02-12,ES,GlobexLow,breakout,long,TP8_SL4,8,4,6847.0,SL,-4.0,0,14:00-close
2026-02-12,ES,GlobexLow,breakout,long,TP12_SL6,12,6,6847.0,EOD,3.5,9,14:00-close
2026-02-13,ES,PriorRTHLow,breakout,long,TP8_SL4,8,4,6855.75,SL,-4.0,0,09:30-09:45
2026-02-13,ES,PriorRTHLow,breakout,long,TP12_SL6,12,6,6855.75,SL,-6.0,0,09:30-09:45
2026-02-13,ES,OR15High,reject,short,TP8_SL4,8,4,6855.75,TP,8.0,0,09:30-09:45
2026-02-13,ES,OR15High,reject,short,TP12_SL6,12,6,6855.75,TP,12.0,2,09:30-09:45
2026-02-13,ES,VWAP,reject,short,TP8_SL4,8,4,6855.75,TP,8.0,0,09:30-09:45
2026-02-13,ES,VWAP,reject,short,TP12_SL6,12,6,6855.75,TP,12.0,2,09:30-09:45
2026-02-13,ES,GlobexHigh,reject,short,TP8_SL4,8,4,6848.25,SL,-4.0,0,09:30-09:45
2026-02-13,ES,GlobexHigh,reject,short,TP12_SL6,12,6,6848.25,SL,-6.0,0,09:30-09:45
2026-02-13,ES,PriorRTHLow,reject,short,TP8_SL4,8,4,6843.5,TP,8.0,0,09:30-09:45
2026-02-13,ES,PriorRTHLow,reject,short,TP12_SL6,12,6,6843.5,TP,12.0,3,09:30-09:45
2026-02-13,ES,GlobexLow,breakout,long,TP8_SL4,8,4,6832.75,SL,-4.0,0,09:30-09:45
2026-02-13,ES,GlobexLow,breakout,long,TP12_SL6,12,6,6832.75,SL,-6.0,0,09:30-09:45
2026-02-13,ES,OR15Low,breakout,long,TP8_SL4,8,4,6816.25,SL,-4.0,0,09:30-09:45
2026-02-13,ES,OR15Low,breakout,long,TP12_SL6,12,6,6816.25,SL,-6.0,0,09:30-09:45
2026-02-13,ES,GlobexLow,reject,short,TP8_SL4,8,4,6816.5,SL,-4.0,0,09:30-09:45
2026-02-13,ES,GlobexLow,reject,short,TP12_SL6,12,6,6816.5,SL,-6.0,0,09:30-09:45
2026-02-16,ES,OR15Low,breakout,long,TP8_SL4,8,4,6860.0,SL,-4.0,1,09:30-09:45
2026-02-16,ES,OR15Low,breakout,long,TP12_SL6,12,6,6860.0,SL,-6.0,3,09:30-09:45
2026-02-16,ES,OR15High,reject,short,TP8_SL4,8,4,6854.5,TP,8.0,10,09:30-09:45
2026-02-16,ES,OR15High,reject,short,TP12_SL6,12,6,6854.5,SL,-6.0,18,09:30-09:45
2026-02-16,ES,VWAP,reject,short,TP8_SL4,8,4,6854.5,TP,8.0,10,09:30-09:45
2026-02-16,ES,VWAP,reject,short,TP12_SL6,12,6,6854.5,SL,-6.0,18,09:30-09:45
2026-02-16,ES,OR15Low,reject,short,TP8_SL4,8,4,6848.75,SL,-4.0,4,09:45-10:00
2026-02-16,ES,OR15Low,reject,short,TP12_SL6,12,6,6848.75,SL,-6.0,6,09:45-10:00
2026-02-17,ES,PriorRTHLow,reject,short,TP8_SL4,8,4,6839.5,SL,-4.0,0,09:30-09:45
2026-02-17,ES,PriorRTHLow,reject,short,TP12_SL6,12,6,6839.5,SL,-6.0,1,09:30-09:45
2026-02-17,ES,OR15Low,breakout,long,TP8_SL4,8,4,6839.5,TP,8.0,1,09:30-09:45
2026-02-17,ES,OR15Low,breakout,long,TP12_SL6,12,6,6839.5,TP,12.0,1,09:30-09:45
2026-02-17,ES,VWAP,reject,short,TP8_SL4,8,4,6839.5,SL,-4.0,0,09:30-09:45
2026-02-17,ES,VWAP,reject,short,TP12_SL6,12,6,6839.5,SL,-6.0,1,09:30-09:45
2026-02-17,ES,PriorRTHHigh,reject,short,TP8_SL4,8,4,6853.25,SL,-4.0,0,09:30-09:45
2026-02-17,ES,PriorRTHHigh,reject,short,TP12_SL6,12,6,6853.25,SL,-6.0,0,09:30-09:45
2026-02-17,ES,OR15High,reject,short,TP8_SL4,8,4,6853.25,SL,-4.0,0,09:30-09:45
2026-02-17,ES,OR15High,reject,short,TP12_SL6,12,6,6853.25,SL,-6.0,0,09:30-09:45
2026-02-17,ES,OR15Low,reject,short,TP8_SL4,8,4,6835.75,TP,8.0,1,09:45-10:00
2026-02-17,ES,OR15Low,reject,short,TP12_SL6,12,6,6835.75,TP,12.0,1,09:45-10:00
2026-02-17,ES,GlobexLow,breakout,long,TP8_SL4,8,4,6819.0,SL,-4.0,1,09:45-10:00
2026-02-17,ES,GlobexLow,breakout,long,TP12_SL6,12,6,6819.0,SL,-6.0,1,09:45-10:00
2026-02-17,ES,GlobexLow,reject,short,TP8_SL4,8,4,6806.75,SL,-4.0,0,09:45-10:00
2026-02-17,ES,GlobexLow,reject,short,TP12_SL6,12,6,6806.75,SL,-6.0,6,09:45-10:00
2026-02-17,ES,GlobexHigh,reject,short,TP8_SL4,8,4,6871.25,SL,-4.0,10,12:00-14:00
2026-02-17,ES,GlobexHigh,reject,short,TP12_SL6,12,6,6871.25,SL,-6.0,10,12:00-14:00
2026-02-18,ES,GlobexLow,reject,short,TP8_SL4,8,4,6869.25,SL,-4.0,0,09:30-09:45
2026-02-18,ES,GlobexLow,reject,short,TP12_SL6,12,6,6869.25,SL,-6.0,0,09:30-09:45
2026-02-18,ES,OR15Low,breakout,long,TP8_SL4,8,4,6869.25,TP,8.0,0,09:30-09:45
2026-02-18,ES,OR15Low,breakout,long,TP12_SL6,12,6,6869.25,TP,12.0,8,09:30-09:45
2026-02-18,ES,VWAP,reject,short,TP8_SL4,8,4,6869.25,SL,-4.0,0,09:30-09:45
2026-02-18,ES,VWAP,reject,short,TP12_SL6,12,6,6869.25,SL,-6.0,0,09:30-09:45
2026-02-18,ES,PriorRTHHigh,reject,short,TP8_SL4,8,4,6868.5,SL,-4.0,0,09:30-09:45
2026-02-18,ES,PriorRTHHigh,reject,short,TP12_SL6,12,6,6868.5,SL,-6.0,0,09:30-09:45
2026-02-18,ES,OR15High,reject,short,TP8_SL4,8,4,6883.75,TP,8.0,3,09:45-10:00
2026-02-18,ES,OR15High,reject,short,TP12_SL6,12,6,6883.75,TP,12.0,3,09:45-10:00
2026-02-18,ES,GlobexHigh,reject,short,TP8_SL4,8,4,6910.75,SL,-4.0,8,10:00-10:30
2026-02-18,ES,GlobexHigh,reject,short,TP12_SL6,12,6,6910.75,SL,-6.0,9,10:00-10:30
2026-02-19,ES,GlobexLow,breakout,long,TP8_SL4,8,4,6870.75,SL,-4.0,2,09:30-09:45
2026-02-19,ES,GlobexLow,breakout,long,TP12_SL6,12,6,6870.75,SL,-6.0,2,09:30-09:45
2026-02-19,ES,PriorRTHLow,breakout,long,TP8_SL4,8,4,6870.75,SL,-4.0,2,09:30-09:45
2026-02-19,ES,PriorRTHLow,breakout,long,TP12_SL6,12,6,6870.75,SL,-6.0,2,09:30-09:45
2026-02-19,ES,OR15High,reject,short,TP8_SL4,8,4,6870.75,SL,-4.0,1,09:30-09:45
2026-02-19,ES,OR15High,reject,short,TP12_SL6,12,6,6870.75,SL,-6.0,1,09:30-09:45
2026-02-19,ES,OR15Low,breakout,long,TP8_SL4,8,4,6870.75,SL,-4.0,2,09:30-09:45
2026-02-19,ES,OR15Low,breakout,long,TP12_SL6,12,6,6870.75,SL,-6.0,2,09:30-09:45
2026-02-19,ES,VWAP,reject,short,TP8_SL4,8,4,6870.75,SL,-4.0,1,09:30-09:45
2026-02-19,ES,VWAP,reject,short,TP12_SL6,12,6,6870.75,SL,-6.0,1,09:30-09:45
2026-02-19,ES,GlobexLow,reject,short,TP8_SL4,8,4,6868.75,SL,-4.0,3,09:30-09:45
2026-02-19,ES,GlobexLow,reject,short,TP12_SL6,12,6,6868.75,SL,-6.0,4,09:30-09:45
2026-02-19,ES,PriorRTHLow,reject,short,TP8_SL4,8,4,6868.75,SL,-4.0,3,09:30-09:45
2026-02-19,ES,PriorRTHLow,reject,short,TP12_SL6,12,6,6868.75,SL,-6.0,4,09:30-09:45
2026-02-19,ES,OR15Low,reject,short,TP8_SL4,8,4,6868.75,SL,-4.0,3,09:30-09:45
2026-02-19,ES,OR15Low,reject,short,TP12_SL6,12,6,6868.75,SL,-6.0,4,09:30-09:45
2026-02-20,ES,GlobexLow,breakout,long,TP8_SL4,8,4,6862.5,TP,8.0,1,09:30-09:45
2026-02-20,ES,GlobexLow,breakout,long,TP12_SL6,12,6,6862.5,TP,12.0,3,09:30-09:45
2026-02-20,ES,PriorRTHLow,breakout,long,TP8_SL4,8,4,6862.5,TP,8.0,1,09:30-09:45
2026-02-20,ES,PriorRTHLow,breakout,long,TP12_SL6,12,6,6862.5,TP,12.0,3,09:30-09:45
2026-02-20,ES,OR15Low,breakout,long,TP8_SL4,8,4,6862.5,TP,8.0,1,09:30-09:45
2026-02-20,ES,OR15Low,breakout,long,TP12_SL6,12,6,6862.5,TP,12.0,3,09:30-09:45
2026-02-20,ES,VWAP,breakout,long,TP8_SL4,8,4,6863.25,TP,8.0,1,09:30-09:45
2026-02-20,ES,VWAP,breakout,long,TP12_SL6,12,6,6863.25,TP,12.0,2,09:30-09:45
2026-02-20,ES,VWAP,reject,short,TP8_SL4,8,4,6867.75,SL,-4.0,2,09:30-09:45
2026-02-20,ES,VWAP,reject,short,TP12_SL6,12,6,6867.75,SL,-6.0,2,09:30-09:45
2026-02-20,ES,OR15High,reject,short,TP8_SL4,8,4,6876.5,SL,-4.0,2,09:30-09:45
2026-02-20,ES,OR15High,reject,short,TP12_SL6,12,6,6876.5,SL,-6.0,16,09:30-09:45
2026-02-20,ES,GlobexHigh,reject,short,TP8_SL4,8,4,6907.25,TP,8.0,0,10:00-10:30
2026-02-20,ES,GlobexHigh,reject,short,TP12_SL6,12,6,6907.25,TP,12.0,0,10:00-10:30
2026-02-20,ES,PriorRTHHigh,reject,short,TP8_SL4,8,4,6907.25,TP,8.0,0,10:00-10:30
2026-02-20,ES,PriorRTHHigh,reject,short,TP12_SL6,12,6,6907.25,TP,12.0,0,10:00-10:30
2026-02-23,ES,GlobexHigh,breakout,long,TP8_SL4,8,4,6926.0,SL,-4.0,0,09:30-09:45
2026-02-23,ES,GlobexHigh,breakout,long,TP12_SL6,12,6,6926.0,SL,-6.0,2,09:30-09:45
2026-02-23,ES,PriorRTHHigh,reject,short,TP8_SL4,8,4,6923.75,SL,-4.0,3,09:30-09:45
2026-02-23,ES,PriorRTHHigh,reject,short,TP12_SL6,12,6,6923.75,SL,-6.0,3,09:30-09:45
2026-02-23,ES,OR15High,reject,short,TP8_SL4,8,4,6923.75,SL,-4.0,3,09:30-09:45
2026-02-23,ES,OR15High,reject,short,TP12_SL6,12,6,6923.75,SL,-6.0,3,09:30-09:45
2026-02-23,ES,VWAP,reject,short,TP8_SL4,8,4,6923.75,SL,-4.0,3,09:30-09:45
2026-02-23,ES,VWAP,reject,short,TP12_SL6,12,6,6923.75,SL,-6.0,3,09:30-09:45
2026-02-23,ES,OR15Low,breakout,long,TP8_SL4,8,4,6913.75,SL,-4.0,0,09:30-09:45
2026-02-23,ES,OR15Low,breakout,long,TP12_SL6,12,6,6913.75,SL,-6.0,1,09:30-09:45
2026-02-23,ES,GlobexHigh,reject,short,TP8_SL4,8,4,6910.0,TP,8.0,3,09:30-09:45
2026-02-23,ES,GlobexHigh,reject,short,TP12_SL6,12,6,6910.0,TP,12.0,7,09:30-09:45
2026-02-23,ES,OR15Low,reject,short,TP8_SL4,8,4,6905.25,TP,8.0,4,09:45-10:00
2026-02-23,ES,OR15Low,reject,short,TP12_SL6,12,6,6905.25,SL,-6.0,6,09:45-10:00
2026-02-23,ES,GlobexLow,breakout,long,TP8_SL4,8,4,6868.75,SL,-4.0,7,10:30-11:00
2026-02-23,ES,GlobexLow,breakout,long,TP12_SL6,12,6,6868.75,SL,-6.0,9,10:30-11:00
2026-02-23,ES,PriorRTHLow,breakout,long,TP8_SL4,8,4,6857.25,SL,-4.0,5,10:30-11:00
2026-02-23,ES,PriorRTHLow,breakout,long,TP12_SL6,12,6,6857.25,SL,-6.0,6,10:30-11:00
2026-02-23,ES,GlobexLow,reject,short,TP8_SL4,8,4,6854.75,TP,8.0,5,10:30-11:00
2026-02-23,ES,GlobexLow,reject,short,TP12_SL6,12,6,6854.75,TP,12.0,6,10:30-11:00
2026-02-23,ES,PriorRTHLow,reject,short,TP8_SL4,8,4,6847.0,TP,8.0,1,11:00-12:00
2026-02-23,ES,PriorRTHLow,reject,short,TP12_SL6,12,6,6847.0,TP,12.0,10,11:00-12:00
2026-02-24,ES,GlobexLow,reject,short,TP8_SL4,8,4,6841.0,TP,8.0,2,09:30-09:45
2026-02-24,ES,GlobexLow,reject,short,TP12_SL6,12,6,6841.0,TP,12.0,3,09:30-09:45
2026-02-24,ES,OR15Low,breakout,long,TP8_SL4,8,4,6841.0,SL,-4.0,0,09:30-09:45
2026-02-24,ES,OR15Low,breakout,long,TP12_SL6,12,6,6841.0,SL,-6.0,1,09:30-09:45
2026-02-24,ES,VWAP,reject,short,TP8_SL4,8,4,6841.0,TP,8.0,2,09:30-09:45
2026-02-24,ES,VWAP,reject,short,TP12_SL6,12,6,6841.0,TP,12.0,3,09:30-09:45
2026-02-24,ES,PriorRTHLow,breakout,long,TP8_SL4,8,4,6838.0,SL,-4.0,1,09:30-09:45
2026-02-24,ES,PriorRTHLow,breakout,long,TP12_SL6,12,6,6838.0,SL,-6.0,1,09:30-09:45
2026-02-24,ES,PriorRTHLow,reject,short,TP8_SL4,8,4,6834.0,SL,-4.0,2,09:30-09:45
2026-02-24,ES,PriorRTHLow,reject,short,TP12_SL6,12,6,6834.0,SL,-6.0,2,09:30-09:45
2026-02-24,ES,OR15Low,reject,short,TP8_SL4,8,4,6851.5,SL,-4.0,0,09:30-09:45
2026-02-24,ES,OR15Low,reject,short,TP12_SL6,12,6,6851.5,SL,-6.0,0,09:30-09:45
2026-02-24,ES,OR15High,reject,short,TP8_SL4,8,4,6875.0,TP,8.0,6,09:45-10:00
2026-02-24,ES,OR15High,reject,short,TP12_SL6,12,6,6875.0,TP,12.0,7,09:45-10:00
2026-02-24,ES,GlobexHigh,reject,short,TP8_SL4,8,4,6905.0,SL,-4.0,1,14:00-close
2026-02-24,ES,GlobexHigh,reject,short,TP12_SL6,12,6,6905.0,EOD,1.75,7,14:00-close
2026-02-25,ES,OR15High,reject,short,TP8_SL4,8,4,6935.5,SL,-4.0,3,09:30-09:45
2026-02-25,ES,OR15High,reject,short,TP12_SL6,12,6,6935.5,SL,-6.0,4,09:30-09:45
2026-02-25,ES,VWAP,reject,short,TP8_SL4,8,4,6935.5,SL,-4.0,3,09:30-09:45
2026-02-25,ES,VWAP,reject,short,TP12_SL6,12,6,6935.5,SL,-6.0,4,09:30-09:45
2026-02-25,ES,OR15Low,breakout,long,TP8_SL4,8,4,6937.25,TP,8.0,11,09:30-09:45
2026-02-25,ES,OR15Low,breakout,long,TP12_SL6,12,6,6937.25,SL,-6.0,41,09:30-09:45
2026-02-25,ES,OR15Low,reject,short,TP8_SL4,8,4,6933.0,SL,-4.0,1,10:00-10:30
2026-02-25,ES,OR15Low,reject,short,TP12_SL6,12,6,6933.0,SL,-6.0,17,10:00-10:30
2026-02-25,ES,GlobexHigh,reject,short,TP8_SL4,8,4,6962.25,EOD,2.75,4,14:00-close
2026-02-25,ES,GlobexHigh,reject,short,TP12_SL6,12,6,6962.25,EOD,2.75,4,14:00-close
2026-02-26,ES,OR15High,reject,short,TP8_SL4,8,4,6951.0,TP,8.0,8,09:30-09:45
2026-02-26,ES,OR15High,reject,short,TP12_SL6,12,6,6951.0,TP,12.0,10,09:30-09:45
2026-02-26,ES,OR15Low,breakout,long,TP8_SL4,8,4,6951.0,SL,-4.0,3,09:30-09:45
2026-02-26,ES,OR15Low,breakout,long,TP12_SL6,12,6,6951.0,SL,-6.0,3,09:30-09:45
2026-02-26,ES,VWAP,reject,short,TP8_SL4,8,4,6951.0,TP,8.0,8,09:30-09:45
2026-02-26,ES,VWAP,reject,short,TP12_SL6,12,6,6951.0,TP,12.0,10,09:30-09:45
2026-02-26,ES,PriorRTHLow,breakout,long,TP8_SL4,8,4,6944.0,SL,-4.0,1,09:30-09:45
2026-02-26,ES,PriorRTHLow,breakout,long,TP12_SL6,12,6,6944.0,SL,-6.0,1,09:30-09:45
2026-02-26,ES,OR15Low,reject,short,TP8_SL4,8,4,6937.5,SL,-4.0,0,09:45-10:00
2026-02-26,ES,OR15Low,reject,short,TP12_SL6,12,6,6937.5,SL,-6.0,4,09:45-10:00
2026-02-26,ES,PriorRTHLow,reject,short,TP8_SL4,8,4,6931.5,TP,8.0,0,10:00-10:30
2026-02-26,ES,PriorRTHLow,reject,short,TP12_SL6,12,6,6931.5,TP,12.0,11,10:00-10:30
2026-02-26,ES,GlobexLow,breakout,long,TP8_SL4,8,4,6894.75,SL,-4.0,0,10:00-10:30
2026-02-26,ES,GlobexLow,breakout,long,TP12_SL6,12,6,6894.75,SL,-6.0,1,10:00-10:30
2026-02-26,ES,GlobexLow,reject,short,TP8_SL4,8,4,6881.0,SL,-4.0,0,10:00-10:30
2026-02-26,ES,GlobexLow,reject,short,TP12_SL6,12,6,6881.0,SL,-6.0,3,10:00-10:30
2026-02-27,ES,GlobexLow,breakout,long,TP8_SL4,8,4,6864.75,SL,-4.0,0,09:30-09:45
2026-02-27,ES,GlobexLow,breakout,long,TP12_SL6,12,6,6864.75,SL,-6.0,1,09:30-09:45
2026-02-27,ES,PriorRTHLow,reject,short,TP8_SL4,8,4,6863.5,TP,8.0,2,09:30-09:45
2026-02-27,ES,PriorRTHLow,reject,short,TP12_SL6,12,6,6863.5,TP,12.0,7,09:30-09:45
2026-02-27,ES,OR15High,reject,short,TP8_SL4,8,4,6863.5,TP,8.0,2,09:30-09:45
2026-02-27,ES,OR15High,reject,short,TP12_SL6,12,6,6863.5,TP,12.0,7,09:30-09:45
2026-02-27,ES,VWAP,reject,short,TP8_SL4,8,4,6863.5,TP,8.0,2,09:30-09:45
2026-02-27,ES,VWAP,reject,short,TP12_SL6,12,6,6863.5,TP,12.0,7,09:30-09:45
2026-02-27,ES,OR15Low,breakout,long,TP8_SL4,8,4,6854.25,TP,8.0,0,09:30-09:45
2026-02-27,ES,OR15Low,breakout,long,TP12_SL6,12,6,6854.25,TP,12.0,1,09:30-09:45
2026-02-27,ES,GlobexLow,reject,short,TP8_SL4,8,4,6842.5,SL,-4.0,0,09:30-09:45
2026-02-27,ES,GlobexLow,reject,short,TP12_SL6,12,6,6842.5,SL,-6.0,0,09:30-09:45
2026-02-27,ES,OR15Low,reject,short,TP8_SL4,8,4,6851.25,SL,-4.0,1,09:45-10:00
2026-02-27,ES,OR15Low,reject,short,TP12_SL6,12,6,6851.25,SL,-6.0,1,09:45-10:00
2026-03-02,ES,VWAP,breakout,long,TP8_SL4,8,4,6828.5,TP,8.0,1,09:30-09:45
2026-03-02,ES,VWAP,breakout,long,TP12_SL6,12,6,6828.5,TP,12.0,2,09:30-09:45
2026-03-02,ES,VWAP,reject,short,TP8_SL4,8,4,6829.0,SL,-4.0,0,09:30-09:45
2026-03-02,ES,VWAP,reject,short,TP12_SL6,12,6,6829.0,SL,-6.0,0,09:30-09:45
2026-03-02,ES,PriorRTHLow,reject,short,TP8_SL4,8,4,6842.5,TP,8.0,1,09:30-09:45
2026-03-02,ES,PriorRTHLow,reject,short,TP12_SL6,12,6,6842.5,SL,-6.0,7,09:30-09:45
2026-03-02,ES,OR15High,reject,short,TP8_SL4,8,4,6842.5,TP,8.0,1,09:30-09:45
2026-03-02,ES,OR15High,reject,short,TP12_SL6,12,6,6842.5,SL,-6.0,7,09:30-09:45
2026-03-02,ES,GlobexHigh,reject,short,TP8_SL4,8,4,6874.5,TP,8.0,10,11:00-12:00
2026-03-02,ES,GlobexHigh,reject,short,TP12_SL6,12,6,6874.5,TP,12.0,10,11:00-12:00
2026-03-02,ES,PriorRTHHigh,reject,short,TP8_SL4,8,4,6889.5,TP,8.0,22,11:00-12:00
2026-03-02,ES,PriorRTHHigh,reject,short,TP12_SL6,12,6,6889.5,SL,-6.0,30,11:00-12:00
2026-03-03,ES,VWAP,reject,short,TP8_SL4,8,4,6780.75,TP,8.0,1,09:30-09:45
2026-03-03,ES,VWAP,reject,short,TP12_SL6,12,6,6780.75,TP,12.0,1,09:30-09:45
2026-03-03,ES,OR15High,reject,short,TP8_SL4,8,4,6780.0,TP,8.0,0,09:30-09:45
2026-03-03,ES,OR15High,reject,short,TP12_SL6,12,6,6780.0,TP,12.0,0,09:30-09:45
2026-03-03,ES,OR15Low,breakout,long,TP8_SL4,8,4,6772.25,TP,8.0,0,09:30-09:45
2026-03-03,ES,OR15Low,breakout,long,TP12_SL6,12,6,6772.25,TP,12.0,0,09:30-09:45
2026-03-03,ES,GlobexLow,breakout,long,TP8_SL4,8,4,6756.75,SL,-4.0,0,09:45-10:00
2026-03-03,ES,GlobexLow,breakout,long,TP12_SL6,12,6,6756.75,TP,12.0,1,09:45-10:00
2026-03-03,ES,OR15Low,reject,short,TP8_SL4,8,4,6759.5,TP,8.0,1,09:45-10:00
2026-03-03,ES,OR15Low,reject,short,TP12_SL6,12,6,6759.5,TP,12.0,1,09:45-10:00
2026-03-03,ES,GlobexLow,reject,short,TP8_SL4,8,4,6746.25,SL,-4.0,0,10:00-10:30
2026-03-03,ES,GlobexLow,reject,short,TP12_SL6,12,6,6746.25,SL,-6.0,0,10:00-10:30
2026-03-03,ES,PriorRTHLow,reject,short,TP8_SL4,8,4,6801.5,TP,8.0,1,11:00-12:00
2026-03-03,ES,PriorRTHLow,reject,short,TP12_SL6,12,6,6801.5,TP,12.0,21,11:00-12:00
2026-03-03,ES,GlobexHigh,reject,short,TP8_SL4,8,4,6839.0,TP,8.0,2,12:00-14:00
2026-03-03,ES,GlobexHigh,reject,short,TP12_SL6,12,6,6839.0,TP,12.0,24,12:00-14:00
2026-03-04,ES,PriorRTHHigh,reject,short,TP8_SL4,8,4,6846.5,SL,-4.0,0,09:30-09:45
2026-03-04,ES,PriorRTHHigh,reject,short,TP12_SL6,12,6,6846.5,TP,12.0,2,09:30-09:45
2026-03-04,ES,OR15High,reject,short,TP8_SL4,8,4,6846.5,SL,-4.0,0,09:30-09:45
2026-03-04,ES,OR15High,reject,short,TP12_SL6,12,6,6846.5,TP,12.0,2,09:30-09:45
2026-03-04,ES,VWAP,reject,short,TP8_SL4,8,4,6846.5,SL,-4.0,0,09:30-09:45
2026-03-04,ES,VWAP,reject,short,TP12_SL6,12,6,6846.5,TP,12.0,2,09:30-09:45
2026-03-04,ES,OR15Low,breakout,long,TP8_SL4,8,4,6831.25,SL,-4.0,3,09:30-09:45
2026-03-04,ES,OR15Low,breakout,long,TP12_SL6,12,6,6831.25,SL,-6.0,4,09:30-09:45
2026-03-04,ES,OR15Low,reject,short,TP8_SL4,8,4,6824.75,SL,-4.0,3,09:30-09:45
2026-03-04,ES,OR15Low,reject,short,TP12_SL6,12,6,6824.75,SL,-6.0,4,09:30-09:45
2026-03-04,ES,GlobexHigh,reject,short,TP8_SL4,8,4,6890.0,TP,8.0,14,14:00-close
2026-03-04,ES,GlobexHigh,reject,short,TP12_SL6,12,6,6890.0,TP,12.0,20,14:00-close
2026-03-05,ES,OR15Low,breakout,long,TP8_SL4,8,4,6855.5,TP,8.0,2,09:30-09:45
2026-03-05,ES,OR15Low,breakout,long,TP12_SL6,12,6,6855.5,SL,-6.0,10,09:30-09:45
2026-03-05,ES,VWAP,breakout,long,TP8_SL4,8,4,6863.0,SL,-4.0,4,09:30-09:45
2026-03-05,ES,VWAP,breakout,long,TP12_SL6,12,6,6863.0,SL,-6.0,4,09:30-09:45
2026-03-05,ES,OR15High,reject,short,TP8_SL4,8,4,6862.0,SL,-4.0,1,09:30-09:45
2026-03-05,ES,OR15High,reject,short,TP12_SL6,12,6,6862.0,TP,12.0,3,09:30-09:45
2026-03-05,ES,VWAP,reject,short,TP8_SL4,8,4,6862.0,SL,-4.0,1,09:30-09:45
2026-03-05,ES,VWAP,reject,short,TP12_SL6,12,6,6862.0,TP,12.0,3,09:30-09:45
2026-03-05,ES,OR15Low,reject,short,TP8_SL4,8,4,6839.25,TP,8.0,1,10:00-10:30
2026-03-05,ES,OR15Low,reject,short,TP12_SL6,12,6,6839.25,TP,12.0,4,10:00-10:30
2026-03-05,ES,GlobexLow,breakout,long,TP8_SL4,8,4,6831.75,SL,-4.0,2,10:00-10:30
2026-03-05,ES,GlobexLow,breakout,long,TP12_SL6,12,6,6831.75,SL,-6.0,3,10:00-10:30
2026-03-05,ES,PriorRTHLow,breakout,long,TP8_SL4,8,4,6832.75,SL,-4.0,1,10:00-10:30
2026-03-05,ES,PriorRTHLow,breakout,long,TP12_SL6,12,6,6832.75,SL,-6.0,2,10:00-10:30
2026-03-05,ES,GlobexLow,reject,short,TP8_SL4,8,4,6816.25,SL,-4.0,1,10:30-11:00
2026-03-05,ES,GlobexLow,reject,short,TP12_SL6,12,6,6816.25,SL,-6.0,1,10:30-11:00
2026-03-05,ES,PriorRTHLow,reject,short,TP8_SL4,8,4,6816.25,SL,-4.0,1,10:30-11:00
2026-03-05,ES,PriorRTHLow,reject,short,TP12_SL6,12,6,6816.25,SL,-6.0,1,10:30-11:00
2026-03-06,ES,VWAP,reject,short,TP8_SL4,8,4,6745.5,TP,8.0,2,09:30-09:45
2026-03-06,ES,VWAP,reject,short,TP12_SL6,12,6,6745.5,TP,12.0,2,09:30-09:45
2026-03-06,ES,GlobexLow,breakout,long,TP8_SL4,8,4,6739.25,SL,-4.0,1,09:30-09:45
2026-03-06,ES,GlobexLow,breakout,long,TP12_SL6,12,6,6739.25,SL,-6.0,1,09:30-09:45
2026-03-06,ES,GlobexLow,reject,short,TP8_SL4,8,4,6728.5,SL,-4.0,2,09:30-09:45
2026-03-06,ES,GlobexLow,reject,short,TP12_SL6,12,6,6728.5,SL,-6.0,2,09:30-09:45
2026-03-06,ES,OR15Low,breakout,long,TP8_SL4,8,4,6728.5,SL,-4.0,0,09:30-09:45
2026-03-06,ES,OR15Low,breakout,long,TP12_SL6,12,6,6728.5,SL,-6.0,0,09:30-09:45
2026-03-06,ES,OR15Low,reject,short,TP8_SL4,8,4,6725.75,SL,-4.0,0,09:30-09:45
2026-03-06,ES,OR15Low,reject,short,TP12_SL6,12,6,6725.75,SL,-6.0,0,09:30-09:45
2026-03-06,ES,OR15High,reject,short,TP8_SL4,8,4,6746.25,SL,-4.0,0,10:00-10:30
2026-03-06,ES,OR15High,reject,short,TP12_SL6,12,6,6746.25,SL,-6.0,1,10:00-10:30
2026-03-06,ES,PriorRTHLow,reject,short,TP8_SL4,8,4,6774.5,TP,8.0,1,10:30-11:00
2026-03-06,ES,PriorRTHLow,reject,short,TP12_SL6,12,6,6774.5,TP,12.0,3,10:30-11:00
2026-03-09,ES,OR15High,reject,short,TP8_SL4,8,4,6685.75,TP,8.0,0,09:30-09:45
2026-03-09,ES,OR15High,reject,short,TP12_SL6,12,6,6685.75,TP,12.0,3,09:30-09:45
2026-03-09,ES,VWAP,reject,short,TP8_SL4,8,4,6685.75,TP,8.0,0,09:30-09:45
2026-03-09,ES,VWAP,reject,short,TP12_SL6,12,6,6685.75,TP,12.0,3,09:30-09:45
2026-03-09,ES,OR15Low,breakout,long,TP8_SL4,8,4,6668.75,SL,-4.0,0,09:30-09:45
2026-03-09,ES,OR15Low,breakout,long,TP12_SL6,12,6,6668.75,SL,-6.0,1,09:30-09:45
2026-03-09,ES,OR15Low,reject,short,TP8_SL4,8,4,6652.5,SL,-4.0,0,09:45-10:00
2026-03-09,ES,OR15Low,reject,short,TP12_SL6,12,6,6652.5,SL,-6.0,0,09:45-10:00
2026-03-09,ES,PriorRTHLow,reject,short,TP8_SL4,8,4,6704.75,SL,-4.0,1,11:00-12:00
2026-03-09,ES,PriorRTHLow,reject,short,TP12_SL6,12,6,6704.75,SL,-6.0,3,11:00-12:00
2026-03-09,ES,PriorRTHHigh,reject,short,TP8_SL4,8,4,6770.25,SL,-4.0,1,14:00-close
2026-03-09,ES,PriorRTHHigh,reject,short,TP12_SL6,12,6,6770.25,SL,-6.0,1,14:00-close
2026-03-09,ES,GlobexHigh,reject,short,TP8_SL4,8,4,6779.25,SL,-4.0,0,14:00-close
2026-03-09,ES,GlobexHigh,reject,short,TP12_SL6,12,6,6779.25,SL,-6.0,0,14:00-close
2026-03-10,ES,OR15High,reject,short,TP8_SL4,8,4,6801.0,TP,8.0,0,09:30-09:45
2026-03-10,ES,OR15High,reject,short,TP12_SL6,12,6,6801.0,TP,12.0,2,09:30-09:45
2026-03-10,ES,VWAP,reject,short,TP8_SL4,8,4,6801.0,TP,8.0,0,09:30-09:45
2026-03-10,ES,VWAP,reject,short,TP12_SL6,12,6,6801.0,TP,12.0,2,09:30-09:45
2026-03-10,ES,OR15Low,breakout,long,TP8_SL4,8,4,6786.25,TP,8.0,0,09:30-09:45
2026-03-10,ES,OR15Low,breakout,long,TP12_SL6,12,6,6786.25,SL,-6.0,6,09:30-09:45
2026-03-10,ES,GlobexLow,breakout,long,TP8_SL4,8,4,6780.75,SL,-4.0,0,09:30-09:45
2026-03-10,ES,GlobexLow,breakout,long,TP12_SL6,12,6,6780.75,TP,12.0,4,09:30-09:45
2026-03-10,ES,OR15Low,reject,short,TP8_SL4,8,4,6785.0,SL,-4.0,0,09:45-10:00
2026-03-10,ES,OR15Low,reject,short,TP12_SL6,12,6,6785.0,SL,-6.0,0,09:45-10:00
2026-03-10,ES,GlobexLow,reject,short,TP8_SL4,8,4,6774.75,SL,-4.0,1,10:00-10:30
2026-03-10,ES,GlobexLow,reject,short,TP12_SL6,12,6,6774.75,SL,-6.0,2,10:00-10:30
2026-03-10,ES,PriorRTHHigh,reject,short,TP8_SL4,8,4,6817.0,SL,-4.0,3,10:30-11:00
2026-03-10,ES,PriorRTHHigh,reject,short,TP12_SL6,12,6,6817.0,SL,-6.0,4,10:30-11:00
2026-03-10,ES,GlobexHigh,reject,short,TP8_SL4,8,4,6829.75,TP,8.0,4,11:00-12:00
2026-03-10,ES,GlobexHigh,reject,short,TP12_SL6,12,6,6829.75,SL,-6.0,36,11:00-12:00
2026-03-11,ES,OR15High,reject,short,TP8_SL4,8,4,6796.0,SL,-4.0,3,09:30-09:45
2026-03-11,ES,OR15High,reject,short,TP12_SL6,12,6,6796.0,SL,-6.0,6,09:30-09:45
2026-03-11,ES,OR15Low,breakout,long,TP8_SL4,8,4,6796.0,SL,-4.0,9,09:30-09:45
2026-03-11,ES,OR15Low,breakout,long,TP12_SL6,12,6,6796.0,SL,-6.0,10,09:30-09:45
2026-03-11,ES,VWAP,reject,short,TP8_SL4,8,4,6796.0,SL,-4.0,3,09:30-09:45
2026-03-11,ES,VWAP,reject,short,TP12_SL6,12,6,6796.0,SL,-6.0,6,09:30-09:45
2026-03-11,ES,OR15Low,reject,short,TP8_SL4,8,4,6790.5,SL,-4.0,0,09:45-10:00
2026-03-11,ES,OR15Low,reject,short,TP12_SL6,12,6,6790.5,TP,12.0,6,09:45-10:00
2026-03-11,ES,PriorRTHLow,breakout,long,TP8_SL4,8,4,6780.25,TP,8.0,1,09:45-10:00
2026-03-11,ES,PriorRTHLow,breakout,long,TP12_SL6,12,6,6780.25,TP,12.0,1,09:45-10:00
2026-03-11,ES,GlobexHigh,reject,short,TP8_SL4,8,4,6810.25,TP,8.0,1,10:00-10:30
2026-03-11,ES,GlobexHigh,reject,short,TP12_SL6,12,6,6810.25,TP,12.0,1,10:00-10:30
2026-03-11,ES,PriorRTHLow,reject,short,TP8_SL4,8,4,6772.25,SL,-4.0,1,11:00-12:00
2026-03-11,ES,PriorRTHLow,reject,short,TP12_SL6,12,6,6772.25,SL,-6.0,2,11:00-12:00
2026-03-12,ES,OR15Low,reject,short,TP8_SL4,8,4,6721.0,SL,-4.0,1,09:30-09:45
2026-03-12,ES,OR15Low,reject,short,TP12_SL6,12,6,6721.0,SL,-6.0,1,09:30-09:45
2026-03-12,ES,VWAP,reject,short,TP8_SL4,8,4,6721.0,SL,-4.0,1,09:30-09:45
2026-03-12,ES,VWAP,reject,short,TP12_SL6,12,6,6721.0,SL,-6.0,1,09:30-09:45
2026-03-12,ES,OR15High,reject,short,TP8_SL4,8,4,6723.0,SL,-4.0,1,09:30-09:45
2026-03-12,ES,OR15High,reject,short,TP12_SL6,12,6,6723.0,SL,-6.0,2,09:30-09:45
2026-03-12,ES,GlobexLow,breakout,long,TP8_SL4,8,4,6683.5,SL,-4.0,3,14:00-close
2026-03-12,ES,GlobexLow,breakout,long,TP12_SL6,12,6,6683.5,SL,-6.0,7,14:00-close
2026-03-13,ES,OR15Low,breakout,long,TP8_SL4,8,4,6711.0,SL,-4.0,2,09:30-09:45
2026-03-13,ES,OR15Low,breakout,long,TP12_SL6,12,6,6711.0,SL,-6.0,2,09:30-09:45
2026-03-13,ES,VWAP,reject,short,TP8_SL4,8,4,6711.0,SL,-4.0,0,09:30-09:45
2026-03-13,ES,VWAP,reject,short,TP12_SL6,12,6,6711.0,SL,-6.0,0,09:30-09:45
2026-03-13,ES,GlobexHigh,breakout,long,TP8_SL4,8,4,6734.75,SL,-4.0,1,09:45-10:00
2026-03-13,ES,GlobexHigh,breakout,long,TP12_SL6,12,6,6734.75,SL,-6.0,2,09:45-10:00
2026-03-13,ES,GlobexHigh,reject,short,TP8_SL4,8,4,6728.75,TP,8.0,1,09:45-10:00
2026-03-13,ES,GlobexHigh,reject,short,TP12_SL6,12,6,6728.75,TP,12.0,13,09:45-10:00
2026-03-13,ES,PriorRTHHigh,reject,short,TP8_SL4,8,4,6728.75,TP,8.0,1,09:45-10:00
2026-03-13,ES,PriorRTHHigh,reject,short,TP12_SL6,12,6,6728.75,TP,12.0,13,09:45-10:00
2026-03-13,ES,OR15High,reject,short,TP8_SL4,8,4,6728.75,TP,8.0,1,09:45-10:00
2026-03-13,ES,OR15High,reject,short,TP12_SL6,12,6,6728.75,TP,12.0,13,09:45-10:00
2026-03-13,ES,OR15Low,reject,short,TP8_SL4,8,4,6703.5,TP,8.0,5,10:00-10:30
2026-03-13,ES,OR15Low,reject,short,TP12_SL6,12,6,6703.5,TP,12.0,6,10:00-10:30
2026-03-13,ES,PriorRTHLow,breakout,long,TP8_SL4,8,4,6692.25,SL,-4.0,0,10:30-11:00
2026-03-13,ES,PriorRTHLow,breakout,long,TP12_SL6,12,6,6692.25,SL,-6.0,1,10:30-11:00
2026-03-13,ES,PriorRTHLow,reject,short,TP8_SL4,8,4,6684.75,TP,8.0,4,10:30-11:00
2026-03-13,ES,PriorRTHLow,reject,short,TP12_SL6,12,6,6684.75,TP,12.0,5,10:30-11:00
2026-03-13,ES,GlobexLow,breakout,long,TP8_SL4,8,4,6655.5,TP,8.0,2,11:00-12:00
2026-03-13,ES,GlobexLow,breakout,long,TP12_SL6,12,6,6655.5,SL,-6.0,6,11:00-12:00
2026-03-13,ES,GlobexLow,reject,short,TP8_SL4,8,4,6638.25,SL,-4.0,2,12:00-14:00
2026-03-13,ES,GlobexLow,reject,short,TP12_SL6,12,6,6638.25,SL,-6.0,13,12:00-14:00
2026-03-16,ES,OR15Low,breakout,long,TP8_SL4,8,4,6699.5,TP,8.0,7,09:30-09:45
2026-03-16,ES,OR15Low,breakout,long,TP12_SL6,12,6,6699.5,TP,12.0,9,09:30-09:45
2026-03-16,ES,GlobexHigh,reject,short,TP8_SL4,8,4,6700.25,SL,-4.0,1,09:30-09:45
2026-03-16,ES,GlobexHigh,reject,short,TP12_SL6,12,6,6700.25,SL,-6.0,1,09:30-09:45
2026-03-16,ES,VWAP,reject,short,TP8_SL4,8,4,6700.25,SL,-4.0,1,09:30-09:45
2026-03-16,ES,VWAP,reject,short,TP12_SL6,12,6,6700.25,SL,-6.0,1,09:30-09:45
2026-03-16,ES,OR15High,breakout,long,TP8_SL4,8,4,6717.5,SL,-4.0,1,09:45-10:00
2026-03-16,ES,OR15High,breakout,long,TP12_SL6,12,6,6717.5,SL,-6.0,1,09:45-10:00
2026-03-16,ES,OR15High,reject,short,TP8_SL4,8,4,6711.5,SL,-4.0,7,09:45-10:00
2026-03-16,ES,OR15High,reject,short,TP12_SL6,12,6,6711.5,SL,-6.0,8,09:45-10:00
2026-03-16,ES,OR15Low,reject,short,TP8_SL4,8,4,6691.75,SL,-4.0,0,10:30-11:00
2026-03-16,ES,OR15Low,reject,short,TP12_SL6,12,6,6691.75,SL,-6.0,0,10:30-11:00
2026-03-16,ES,PriorRTHHigh,reject,short,TP8_SL4,8,4,6719.5,TP,8.0,1,14:00-close
2026-03-16,ES,PriorRTHHigh,reject,short,TP12_SL6,12,6,6719.5,TP,12.0,7,14:00-close
2026-03-17,ES,PriorRTHHigh,breakout,long,TP8_SL4,8,4,6748.5,TP,8.0,13,09:30-09:45
2026-03-17,ES,PriorRTHHigh,breakout,long,TP12_SL6,12,6,6748.5,SL,-6.0,37,09:30-09:45
2026-03-17,ES,OR15Low,breakout,long,TP8_SL4,8,4,6748.5,TP,8.0,13,09:30-09:45
2026-03-17,ES,OR15Low,breakout,long,TP12_SL6,12,6,6748.5,SL,-6.0,37,09:30-09:45
2026-03-17,ES,VWAP,breakout,long,TP8_SL4,8,4,6751.0,SL,-4.0,0,09:30-09:45
2026-03-17,ES,VWAP,breakout,long,TP12_SL6,12,6,6751.0,SL,-6.0,3,09:30-09:45
2026-03-17,ES,GlobexHigh,reject,short,TP8_SL4,8,4,6748.0,SL,-4.0,4,09:30-09:45
2026-03-17,ES,GlobexHigh,reject,short,TP12_SL6,12,6,6748.0,SL,-6.0,11,09:30-09:45
2026-03-17,ES,OR15High,reject,short,TP8_SL4,8,4,6748.0,SL,-4.0,4,09:30-09:45
2026-03-17,ES,OR15High,reject,short,TP12_SL6,12,6,6748.0,SL,-6.0,11,09:30-09:45
2026-03-17,ES,VWAP,reject,short,TP8_SL4,8,4,6748.0,SL,-4.0,4,09:30-09:45
2026-03-17,ES,VWAP,reject,short,TP12_SL6,12,6,6748.0,SL,-6.0,11,09:30-09:45
2026-03-17,ES,PriorRTHHigh,reject,short,TP8_SL4,8,4,6735.75,SL,-4.0,5,10:00-10:30
2026-03-17,ES,PriorRTHHigh,reject,short,TP12_SL6,12,6,6735.75,SL,-6.0,5,10:00-10:30
2026-03-17,ES,OR15Low,reject,short,TP8_SL4,8,4,6729.0,SL,-4.0,0,10:00-10:30
2026-03-17,ES,OR15Low,reject,short,TP12_SL6,12,6,6729.0,SL,-6.0,0,10:00-10:30
2026-03-18,ES,OR15High,reject,short,TP8_SL4,8,4,6698.5,SL,-4.0,3,09:30-09:45
2026-03-18,ES,OR15High,reject,short,TP12_SL6,12,6,6698.5,SL,-6.0,3,09:30-09:45
2026-03-18,ES,OR15Low,reject,short,TP8_SL4,8,4,6698.5,SL,-4.0,3,09:30-09:45
2026-03-18,ES,OR15Low,reject,short,TP12_SL6,12,6,6698.5,SL,-6.0,3,09:30-09:45
2026-03-18,ES,VWAP,reject,short,TP8_SL4,8,4,6698.5,SL,-4.0,3,09:30-09:45
2026-03-18,ES,VWAP,reject,short,TP12_SL6,12,6,6698.5,SL,-6.0,3,09:30-09:45
2026-03-18,ES,PriorRTHLow,reject,short,TP8_SL4,8,4,6697.25,SL,-4.0,2,09:30-09:45
2026-03-18,ES,PriorRTHLow,reject,short,TP12_SL6,12,6,6697.25,SL,-6.0,2,09:30-09:45
2026-03-19,ES,GlobexLow,reject,short,TP8_SL4,8,4,6571.25,SL,-4.0,0,09:30-09:45
2026-03-19,ES,GlobexLow,reject,short,TP12_SL6,12,6,6571.25,SL,-6.0,6,09:30-09:45
2026-03-19,ES,OR15Low,breakout,long,TP8_SL4,8,4,6571.25,SL,-4.0,2,09:30-09:45
2026-03-19,ES,OR15Low,breakout,long,TP12_SL6,12,6,6571.25,SL,-6.0,2,09:30-09:45
2026-03-19,ES,VWAP,reject,short,TP8_SL4,8,4,6571.25,SL,-4.0,0,09:30-09:45
2026-03-19,ES,VWAP,reject,short,TP12_SL6,12,6,6571.25,SL,-6.0,6,09:30-09:45
2026-03-19,ES,OR15High,reject,short,TP8_SL4,8,4,6582.75,SL,-4.0,3,09:45-10:00
2026-03-19,ES,OR15High,reject,short,TP12_SL6,12,6,6582.75,SL,-6.0,3,09:45-10:00
2026-03-19,ES,PriorRTHLow,reject,short,TP8_SL4,8,4,6611.5,SL,-4.0,1,14:00-close
2026-03-19,ES,PriorRTHLow,reject,short,TP12_SL6,12,6,6611.5,SL,-6.0,1,14:00-close
2026-03-19,ES,GlobexHigh,reject,short,TP8_SL4,8,4,6625.5,SL,-4.0,0,14:00-close
2026-03-19,ES,GlobexHigh,reject,short,TP12_SL6,12,6,6625.5,SL,-6.0,0,14:00-close
2026-03-23,ES,PriorRTHHigh,breakout,long,TP8_SL4,8,4,6645.5,SL,-4.0,2,09:30-09:45
2026-03-23,ES,PriorRTHHigh,breakout,long,TP12_SL6,12,6,6645.5,SL,-6.0,2,09:30-09:45
2026-03-23,ES,OR15Low,breakout,long,TP8_SL4,8,4,6645.5,SL,-4.0,2,09:30-09:45
2026-03-23,ES,OR15Low,breakout,long,TP12_SL6,12,6,6645.5,SL,-6.0,2,09:30-09:45
2026-03-23,ES,VWAP,reject,short,TP8_SL4,8,4,6645.5,SL,-4.0,0,09:30-09:45
2026-03-23,ES,VWAP,reject,short,TP12_SL6,12,6,6645.5,SL,-6.0,4,09:30-09:45
2026-03-23,ES,PriorRTHHigh,reject,short,TP8_SL4,8,4,6649.75,SL,-4.0,0,09:30-09:45
2026-03-23,ES,PriorRTHHigh,reject,short,TP12_SL6,12,6,6649.75,SL,-6.0,0,09:30-09:45
2026-03-23,ES,OR15Low,reject,short,TP8_SL4,8,4,6649.75,SL,-4.0,0,09:30-09:45
2026-03-23,ES,OR15Low,reject,short,TP12_SL6,12,6,6649.75,SL,-6.0,0,09:30-09:45
2026-03-23,ES,OR15High,reject,short,TP8_SL4,8,4,6667.25,TP,8.0,0,09:30-09:45
2026-03-23,ES,OR15High,reject,short,TP12_SL6,12,6,6667.25,TP,12.0,1,09:30-09:45
2026-03-24,ES,OR15High,reject,short,TP8_SL4,8,4,6599.25,TP,8.0,3,09:30-09:45
2026-03-24,ES,OR15High,reject,short,TP12_SL6,12,6,6599.25,TP,12.0,3,09:30-09:45
2026-03-24,ES,VWAP,reject,short,TP8_SL4,8,4,6599.25,TP,8.0,3,09:30-09:45
2026-03-24,ES,VWAP,reject,short,TP12_SL6,12,6,6599.25,TP,12.0,3,09:30-09:45
2026-03-24,ES,GlobexLow,breakout,long,TP8_SL4,8,4,6594.75,SL,-4.0,2,09:30-09:45
2026-03-24,ES,GlobexLow,breakout,long,TP12_SL6,12,6,6594.75,SL,-6.0,2,09:30-09:45
2026-03-24,ES,OR15Low,breakout,long,TP8_SL4,8,4,6583.25,SL,-4.0,0,09:30-09:45
2026-03-24,ES,OR15Low,breakout,long,TP12_SL6,12,6,6583.25,SL,-6.0,0,09:30-09:45
2026-03-24,ES,GlobexLow,reject,short,TP8_SL4,8,4,6583.25,SL,-4.0,1,09:30-09:45
2026-03-24,ES,GlobexLow,reject,short,TP12_SL6,12,6,6583.25,SL,-6.0,2,09:30-09:45
2026-03-24,ES,OR15Low,reject,short,TP8_SL4,8,4,6583.25,SL,-4.0,1,09:30-09:45
2026-03-24,ES,OR15Low,reject,short,TP12_SL6,12,6,6583.25,SL,-6.0,2,09:30-09:45
2026-03-24,ES,PriorRTHLow,reject,short,TP8_SL4,8,4,6606.25,SL,-4.0,1,10:00-10:30
2026-03-24,ES,PriorRTHLow,reject,short,TP12_SL6,12,6,6606.25,TP,12.0,4,10:00-10:30
2026-03-25,ES,OR15Low,breakout,long,TP8_SL4,8,4,6675.75,SL,-4.0,0,09:30-09:45
2026-03-25,ES,OR15Low,breakout,long,TP12_SL6,12,6,6675.75,SL,-6.0,0,09:30-09:45
2026-03-25,ES,GlobexHigh,reject,short,TP8_SL4,8,4,6670.5,SL,-4.0,1,09:30-09:45
2026-03-25,ES,GlobexHigh,reject,short,TP12_SL6,12,6,6670.5,SL,-6.0,1,09:30-09:45
2026-03-25,ES,VWAP,reject,short,TP8_SL4,8,4,6670.5,SL,-4.0,1,09:30-09:45
2026-03-25,ES,VWAP,reject,short,TP12_SL6,12,6,6670.5,SL,-6.0,1,09:30-09:45
2026-03-25,ES,OR15High,reject,short,TP8_SL4,8,4,6680.5,TP,8.0,5,09:30-09:45
2026-03-25,ES,OR15High,reject,short,TP12_SL6,12,6,6680.5,TP,12.0,5,09:30-09:45
2026-03-25,ES,OR15Low,reject,short,TP8_SL4,8,4,6661.75,TP,8.0,2,09:45-10:00
2026-03-25,ES,OR15Low,reject,short,TP12_SL6,12,6,6661.75,TP,12.0,3,09:45-10:00
2026-03-25,ES,PriorRTHHigh,breakout,long,TP8_SL4,8,4,6660.0,SL,-4.0,1,09:45-10:00
2026-03-25,ES,PriorRTHHigh,breakout,long,TP12_SL6,12,6,6660.0,SL,-6.0,1,09:45-10:00
2026-03-25,ES,PriorRTHHigh,reject,short,TP8_SL4,8,4,6646.25,SL,-4.0,1,09:45-10:00
2026-03-25,ES,PriorRTHHigh,reject,short,TP12_SL6,12,6,6646.25,TP,12.0,8,09:45-10:00
2026-03-25,ES,GlobexLow,breakout,long,TP8_SL4,8,4,6617.5,TP,8.0,0,11:00-12:00
2026-03-25,ES,GlobexLow,breakout,long,TP12_SL6,12,6,6617.5,TP,12.0,2,11:00-12:00
2026-03-26,ES,OR15Low,breakout,long,TP8_SL4,8,4,6585.75,SL,-4.0,6,09:30-09:45
2026-03-26,ES,OR15Low,breakout,long,TP12_SL6,12,6,6585.75,SL,-6.0,7,09:30-09:45
2026-03-26,ES,VWAP,reject,short,TP8_SL4,8,4,6585.75,SL,-4.0,2,09:30-09:45
2026-03-26,ES,VWAP,reject,short,TP12_SL6,12,6,6585.75,SL,-6.0,10,09:30-09:45
2026-03-26,ES,OR15Low,reject,short,TP8_SL4,8,4,6584.25,SL,-4.0,1,09:30-09:45
2026-03-26,ES,OR15Low,reject,short,TP12_SL6,12,6,6584.25,SL,-6.0,1,09:30-09:45
2026-03-26,ES,PriorRTHLow,reject,short,TP8_SL4,8,4,6605.0,SL,-4.0,0,09:45-10:00
2026-03-26,ES,PriorRTHLow,reject,short,TP12_SL6,12,6,6605.0,SL,-6.0,0,09:45-10:00
2026-03-26,ES,OR15High,reject,short,TP8_SL4,8,4,6605.0,SL,-4.0,0,09:45-10:00
2026-03-26,ES,OR15High,reject,short,TP12_SL6,12,6,6605.0,SL,-6.0,0,09:45-10:00
2026-03-26,ES,GlobexLow,breakout,long,TP8_SL4,8,4,6545.0,SL,-4.0,5,12:00-14:00
2026-03-26,ES,GlobexLow,breakout,long,TP12_SL6,12,6,6545.0,SL,-6.0,7,12:00-14:00
2026-03-26,ES,GlobexLow,reject,short,TP8_SL4,8,4,6543.75,SL,-4.0,46,14:00-close
2026-03-26,ES,GlobexLow,reject,short,TP12_SL6,12,6,6543.75,TP,12.0,64,14:00-close
2026-03-27,ES,OR15Low,breakout,long,TP8_SL4,8,4,6480.25,SL,-4.0,1,09:30-09:45
2026-03-27,ES,OR15Low,breakout,long,TP12_SL6,12,6,6480.25,SL,-6.0,1,09:30-09:45
2026-03-27,ES,VWAP,reject,short,TP8_SL4,8,4,6480.25,TP,8.0,1,09:30-09:45
2026-03-27,ES,VWAP,reject,short,TP12_SL6,12,6,6480.25,TP,12.0,2,09:30-09:45
2026-03-27,ES,GlobexLow,reject,short,TP8_SL4,8,4,6477.0,TP,8.0,1,09:30-09:45
2026-03-27,ES,GlobexLow,reject,short,TP12_SL6,12,6,6477.0,SL,-6.0,7,09:30-09:45
2026-03-27,ES,OR15Low,reject,short,TP8_SL4,8,4,6478.5,SL,-4.0,1,09:30-09:45
2026-03-27,ES,OR15Low,reject,short,TP12_SL6,12,6,6478.5,SL,-6.0,5,09:30-09:45
2026-03-27,ES,OR15High,reject,short,TP8_SL4,8,4,6487.5,TP,8.0,0,09:45-10:00
2026-03-27,ES,OR15High,reject,short,TP12_SL6,12,6,6487.5,TP,12.0,1,09:45-10:00
2026-03-30,ES,OR15High,reject,short,TP8_SL4,8,4,6464.75,SL,-4.0,0,09:30-09:45
2026-03-30,ES,OR15High,reject,short,TP12_SL6,12,6,6464.75,TP,12.0,2,09:30-09:45
2026-03-30,ES,VWAP,reject,short,TP8_SL4,8,4,6464.75,SL,-4.0,0,09:30-09:45
2026-03-30,ES,VWAP,reject,short,TP12_SL6,12,6,6464.75,TP,12.0,2,09:30-09:45
2026-03-30,ES,OR15Low,breakout,long,TP8_SL4,8,4,6450.0,SL,-4.0,0,09:30-09:45
2026-03-30,ES,OR15Low,breakout,long,TP12_SL6,12,6,6450.0,SL,-6.0,2,09:30-09:45
2026-03-30,ES,OR15Low,reject,short,TP8_SL4,8,4,6438.75,TP,8.0,1,09:45-10:00
2026-03-30,ES,OR15Low,reject,short,TP12_SL6,12,6,6438.75,TP,12.0,5,09:45-10:00
2026-03-30,ES,PriorRTHLow,breakout,long,TP8_SL4,8,4,6408.25,SL,-4.0,5,12:00-14:00
2026-03-30,ES,PriorRTHLow,breakout,long,TP12_SL6,12,6,6408.25,SL,-6.0,6,12:00-14:00
2026-03-30,ES,PriorRTHLow,reject,short,TP8_SL4,8,4,6401.0,SL,-4.0,12,12:00-14:00
2026-03-30,ES,PriorRTHLow,reject,short,TP12_SL6,12,6,6401.0,SL,-6.0,15,12:00-14:00
2026-03-30,ES,GlobexLow,breakout,long,TP8_SL4,8,4,6365.5,SL,-4.0,16,14:00-close
2026-03-30,ES,GlobexLow,breakout,long,TP12_SL6,12,6,6365.5,SL,-6.0,17,14:00-close
2026-03-31,ES,PriorRTHHigh,reject,short,TP8_SL4,8,4,6452.0,SL,-4.0,0,09:30-09:45
2026-03-31,ES,PriorRTHHigh,reject,short,TP12_SL6,12,6,6452.0,SL,-6.0,0,09:30-09:45
2026-03-31,ES,OR15Low,breakout,long,TP8_SL4,8,4,6452.0,TP,8.0,0,09:30-09:45
2026-03-31,ES,OR15Low,breakout,long,TP12_SL6,12,6,6452.0,TP,12.0,1,09:30-09:45
2026-03-31,ES,VWAP,reject,short,TP8_SL4,8,4,6452.0,SL,-4.0,0,09:30-09:45
2026-03-31,ES,VWAP,reject,short,TP12_SL6,12,6,6452.0,SL,-6.0,0,09:30-09:45
2026-03-31,ES,OR15Low,reject,short,TP8_SL4,8,4,6459.5,SL,-4.0,1,09:30-09:45
2026-03-31,ES,OR15Low,reject,short,TP12_SL6,12,6,6459.5,SL,-6.0,3,09:30-09:45
2026-03-31,ES,OR15High,reject,short,TP8_SL4,8,4,6466.75,SL,-4.0,0,09:30-09:45
2026-03-31,ES,OR15High,reject,short,TP12_SL6,12,6,6466.75,SL,-6.0,0,09:30-09:45
2026-04-01,ES,VWAP,breakout,long,TP8_SL4,8,4,6618.5,SL,-4.0,1,09:30-09:45
2026-04-01,ES,VWAP,breakout,long,TP12_SL6,12,6,6618.5,SL,-6.0,8,09:30-09:45
2026-04-01,ES,VWAP,reject,short,TP8_SL4,8,4,6617.5,SL,-4.0,1,09:30-09:45
2026-04-01,ES,VWAP,reject,short,TP12_SL6,12,6,6617.5,SL,-6.0,1,09:30-09:45
2026-04-01,ES,OR15High,reject,short,TP8_SL4,8,4,6618.75,SL,-4.0,0,09:30-09:45
2026-04-01,ES,OR15High,reject,short,TP12_SL6,12,6,6618.75,SL,-6.0,2,09:30-09:45
2026-04-01,ES,OR15Low,breakout,long,TP8_SL4,8,4,6618.75,TP,8.0,2,09:30-09:45
2026-04-01,ES,OR15Low,breakout,long,TP12_SL6,12,6,6618.75,SL,-6.0,6,09:30-09:45
2026-04-01,ES,OR15Low,reject,short,TP8_SL4,8,4,6605.25,SL,-4.0,5,09:45-10:00
2026-04-01,ES,OR15Low,reject,short,TP12_SL6,12,6,6605.25,SL,-6.0,6,09:45-10:00
2026-04-01,ES,GlobexHigh,reject,short,TP8_SL4,8,4,6634.5,SL,-4.0,1,11:00-12:00
2026-04-01,ES,GlobexHigh,reject,short,TP12_SL6,12,6,6634.5,SL,-6.0,32,11:00-12:00
2026-04-02,ES,OR15High,reject,short,TP8_SL4,8,4,6530.0,SL,-4.0,0,09:30-09:45
2026-04-02,ES,OR15High,reject,short,TP12_SL6,12,6,6530.0,TP,12.0,6,09:30-09:45
2026-04-02,ES,VWAP,reject,short,TP8_SL4,8,4,6530.0,SL,-4.0,0,09:30-09:45
2026-04-02,ES,VWAP,reject,short,TP12_SL6,12,6,6530.0,TP,12.0,6,09:30-09:45
2026-04-02,ES,OR15Low,breakout,long,TP8_SL4,8,4,6533.25,SL,-4.0,1,09:30-09:45
2026-04-02,ES,OR15Low,breakout,long,TP12_SL6,12,6,6533.25,SL,-6.0,1,09:30-09:45
2026-04-02,ES,GlobexLow,breakout,long,TP8_SL4,8,4,6517.0,TP,8.0,1,09:30-09:45
2026-04-02,ES,GlobexLow,breakout,long,TP12_SL6,12,6,6517.0,TP,12.0,5,09:30-09:45
2026-04-02,ES,OR15Low,reject,short,TP8_SL4,8,4,6519.0,SL,-4.0,2,09:30-09:45
2026-04-02,ES,OR15Low,reject,short,TP12_SL6,12,6,6519.0,SL,-6.0,2,09:30-09:45
2026-04-02,ES,PriorRTHLow,reject,short,TP8_SL4,8,4,6626.5,SL,-4.0,0,10:30-11:00
2026-04-02,ES,PriorRTHLow,reject,short,TP12_SL6,12,6,6626.5,SL,-6.0,0,10:30-11:00
2026-04-02,ES,GlobexHigh,reject,short,TP8_SL4,8,4,6637.0,TP,8.0,0,10:30-11:00
2026-04-02,ES,GlobexHigh,reject,short,TP12_SL6,12,6,6637.0,TP,12.0,0,10:30-11:00
2026-04-06,ES,OR15Low,breakout,long,TP8_SL4,8,4,6623.75,TP,8.0,0,09:30-09:45
2026-04-06,ES,OR15Low,breakout,long,TP12_SL6,12,6,6623.75,TP,12.0,0,09:30-09:45
2026-04-06,ES,VWAP,reject,short,TP8_SL4,8,4,6623.75,SL,-4.0,0,09:30-09:45
2026-04-06,ES,VWAP,reject,short,TP12_SL6,12,6,6623.75,SL,-6.0,0,09:30-09:45
2026-04-06,ES,OR15High,reject,short,TP8_SL4,8,4,6634.25,TP,8.0,0,09:30-09:45
2026-04-06,ES,OR15High,reject,short,TP12_SL6,12,6,6634.25,TP,12.0,0,09:30-09:45
2026-04-06,ES,GlobexLow,breakout,long,TP8_SL4,8,4,6621.0,TP,8.0,2,09:30-09:45
2026-04-06,ES,GlobexLow,breakout,long,TP12_SL6,12,6,6621.0,TP,12.0,4,09:30-09:45
2026-04-06,ES,PriorRTHHigh,reject,short,TP8_SL4,8,4,6621.0,SL,-4.0,1,09:30-09:45
2026-04-06,ES,PriorRTHHigh,reject,short,TP12_SL6,12,6,6621.0,SL,-6.0,2,09:30-09:45
2026-04-06,ES,OR15Low,reject,short,TP8_SL4,8,4,6633.0,SL,-4.0,1,09:30-09:45
2026-04-06,ES,OR15Low,reject,short,TP12_SL6,12,6,6633.0,SL,-6.0,1,09:30-09:45
2026-04-06,ES,GlobexHigh,reject,short,TP8_SL4,8,4,6643.0,SL,-4.0,0,10:00-10:30
2026-04-06,ES,GlobexHigh,reject,short,TP12_SL6,12,6,6643.0,TP,12.0,2,10:00-10:30
2026-04-07,ES,OR15Low,breakout,long,TP8_SL4,8,4,6621.5,SL,-4.0,2,09:30-09:45
2026-04-07,ES,OR15Low,breakout,long,TP12_SL6,12,6,6621.5,SL,-6.0,2,09:30-09:45
2026-04-07,ES,VWAP,reject,short,TP8_SL4,8,4,6621.5,SL,-4.0,3,09:30-09:45
2026-04-07,ES,VWAP,reject,short,TP12_SL6,12,6,6621.5,TP,12.0,12,09:30-09:45
2026-04-07,ES,PriorRTHLow,reject,short,TP8_SL4,8,4,6619.75,SL,-4.0,1,09:30-09:45
2026-04-07,ES,PriorRTHLow,reject,short,TP12_SL6,12,6,6619.75,SL,-6.0,1,09:30-09:45
2026-04-07,ES,GlobexLow,breakout,long,TP8_SL4,8,4,6618.0,TP,8.0,0,09:30-09:45
2026-04-07,ES,GlobexLow,breakout,long,TP12_SL6,12,6,6618.0,SL,-6.0,4,09:30-09:45
2026-04-07,ES,OR15Low,reject,short,TP8_SL4,8,4,6614.5,TP,8.0,3,09:30-09:45
2026-04-07,ES,OR15Low,reject,short,TP12_SL6,12,6,6614.5,SL,-6.0,11,09:30-09:45
2026-04-07,ES,GlobexLow,reject,short,TP8_SL4,8,4,6598.0,TP,8.0,4,10:00-10:30
2026-04-07,ES,GlobexLow,reject,short,TP12_SL6,12,6,6598.0,TP,12.0,4,10:00-10:30
2026-04-07,ES,OR15High,reject,short,TP8_SL4,8,4,6616.75,SL,-4.0,18,12:00-14:00
2026-04-07,ES,OR15High,reject,short,TP12_SL6,12,6,6616.75,SL,-6.0,18,12:00-14:00
2026-04-07,ES,PriorRTHHigh,reject,short,TP8_SL4,8,4,6645.25,SL,-4.0,1,14:00-close
2026-04-07,ES,PriorRTHHigh,reject,short,TP12_SL6,12,6,6645.25,SL,-6.0,5,14:00-close
2026-04-08,ES,OR15High,reject,short,TP8_SL4,8,4,6824.75,TP,8.0,7,09:30-09:45
2026-04-08,ES,OR15High,reject,short,TP12_SL6,12,6,6824.75,TP,12.0,18,09:30-09:45
2026-04-08,ES,OR15Low,breakout,long,TP8_SL4,8,4,6824.75,SL,-4.0,0,09:30-09:45
2026-04-08,ES,OR15Low,breakout,long,TP12_SL6,12,6,6824.75,SL,-6.0,5,09:30-09:45
2026-04-08,ES,VWAP,reject,short,TP8_SL4,8,4,6824.75,TP,8.0,7,09:30-09:45
2026-04-08,ES,VWAP,reject,short,TP12_SL6,12,6,6824.75,TP,12.0,18,09:30-09:45
2026-04-08,ES,GlobexLow,breakout,long,TP8_SL4,8,4,6818.25,SL,-4.0,0,09:30-09:45
2026-04-08,ES,GlobexLow,breakout,long,TP12_SL6,12,6,6818.25,SL,-6.0,10,09:30-09:45
2026-04-08,ES,OR15Low,reject,short,TP8_SL4,8,4,6814.5,SL,-4.0,1,09:30-09:45
2026-04-08,ES,OR15Low,reject,short,TP12_SL6,12,6,6814.5,SL,-6.0,1,09:30-09:45
2026-04-08,ES,GlobexLow,reject,short,TP8_SL4,8,4,6807.25,SL,-4.0,0,09:45-10:00
2026-04-08,ES,GlobexLow,reject,short,TP12_SL6,12,6,6807.25,SL,-6.0,3,09:45-10:00
2026-04-09,ES,OR15High,reject,short,TP8_SL4,8,4,6810.75,SL,-4.0,1,09:30-09:45
2026-04-09,ES,OR15High,reject,short,TP12_SL6,12,6,6810.75,SL,-6.0,3,09:30-09:45
2026-04-09,ES,OR15Low,reject,short,TP8_SL4,8,4,6810.75,SL,-4.0,1,09:30-09:45
2026-04-09,ES,OR15Low,reject,short,TP12_SL6,12,6,6810.75,SL,-6.0,3,09:30-09:45
2026-04-09,ES,VWAP,reject,short,TP8_SL4,8,4,6810.75,SL,-4.0,1,09:30-09:45
2026-04-09,ES,VWAP,reject,short,TP12_SL6,12,6,6810.75,SL,-6.0,3,09:30-09:45
2026-04-09,ES,GlobexLow,breakout,long,TP8_SL4,8,4,6808.25,SL,-4.0,7,10:00-10:30
2026-04-09,ES,GlobexLow,breakout,long,TP12_SL6,12,6,6808.25,SL,-6.0,13,10:00-10:30
2026-04-09,ES,PriorRTHHigh,reject,short,TP8_SL4,8,4,6841.25,TP,8.0,4,11:00-12:00
2026-04-09,ES,PriorRTHHigh,reject,short,TP12_SL6,12,6,6841.25,SL,-6.0,14,11:00-12:00
2026-04-09,ES,GlobexHigh,reject,short,TP8_SL4,8,4,6864.25,SL,-4.0,15,12:00-14:00
2026-04-09,ES,GlobexHigh,reject,short,TP12_SL6,12,6,6864.25,SL,-6.0,64,12:00-14:00
2026-04-10,ES,GlobexHigh,reject,short,TP8_SL4,8,4,6876.25,TP,8.0,2,09:30-09:45
2026-04-10,ES,GlobexHigh,reject,short,TP12_SL6,12,6,6876.25,TP,12.0,17,09:30-09:45
2026-04-10,ES,PriorRTHHigh,reject,short,TP8_SL4,8,4,6876.25,TP,8.0,2,09:30-09:45
2026-04-10,ES,PriorRTHHigh,reject,short,TP12_SL6,12,6,6876.25,TP,12.0,17,09:30-09:45
2026-04-10,ES,OR15High,reject,short,TP8_SL4,8,4,6876.25,TP,8.0,2,09:30-09:45
2026-04-10,ES,OR15High,reject,short,TP12_SL6,12,6,6876.25,TP,12.0,17,09:30-09:45
2026-04-10,ES,OR15Low,breakout,long,TP8_SL4,8,4,6876.25,SL,-4.0,1,09:30-09:45
2026-04-10,ES,OR15Low,breakout,long,TP12_SL6,12,6,6876.25,SL,-6.0,2,09:30-09:45
2026-04-10,ES,VWAP,reject,short,TP8_SL4,8,4,6876.25,TP,8.0,2,09:30-09:45
2026-04-10,ES,VWAP,reject,short,TP12_SL6,12,6,6876.25,TP,12.0,17,09:30-09:45
2026-04-10,ES,OR15Low,reject,short,TP8_SL4,8,4,6869.5,SL,-4.0,33,09:30-09:45
2026-04-10,ES,OR15Low,reject,short,TP12_SL6,12,6,6869.5,SL,-6.0,35,09:30-09:45
2026-04-10,ES,GlobexLow,breakout,long,TP8_SL4,8,4,6864.5,TP,8.0,22,09:45-10:00
2026-04-10,ES,GlobexLow,breakout,long,TP12_SL6,12,6,6864.5,TP,12.0,29,09:45-10:00
2026-04-10,ES,GlobexLow,reject,short,TP8_SL4,8,4,6854.0,SL,-4.0,0,12:00-14:00
2026-04-10,ES,GlobexLow,reject,short,TP12_SL6,12,6,6854.0,SL,-6.0,8,12:00-14:00
2026-04-13,ES,OR15High,reject,short,TP8_SL4,8,4,6832.75,SL,-4.0,15,09:30-09:45
2026-04-13,ES,OR15High,reject,short,TP12_SL6,12,6,6832.75,SL,-6.0,15,09:30-09:45
2026-04-13,ES,OR15Low,breakout,long,TP8_SL4,8,4,6832.75,SL,-4.0,3,09:30-09:45
2026-04-13,ES,OR15Low,breakout,long,TP12_SL6,12,6,6832.75,SL,-6.0,4,09:30-09:45
2026-04-13,ES,VWAP,reject,short,TP8_SL4,8,4,6832.75,SL,-4.0,15,09:30-09:45
2026-04-13,ES,VWAP,reject,short,TP12_SL6,12,6,6832.75,SL,-6.0,15,09:30-09:45
2026-04-13,ES,OR15Low,reject,short,TP8_SL4,8,4,6830.5,SL,-4.0,3,09:45-10:00
2026-04-13,ES,OR15Low,reject,short,TP12_SL6,12,6,6830.5,SL,-6.0,3,09:45-10:00
2026-04-13,ES,PriorRTHLow,reject,short,TP8_SL4,8,4,6845.0,SL,-4.0,3,09:45-10:00
2026-04-13,ES,PriorRTHLow,reject,short,TP12_SL6,12,6,6845.0,SL,-6.0,5,09:45-10:00
2026-04-13,ES,PriorRTHHigh,reject,short,TP8_SL4,8,4,6873.25,SL,-4.0,0,12:00-14:00
2026-04-13,ES,PriorRTHHigh,reject,short,TP12_SL6,12,6,6873.25,SL,-6.0,0,12:00-14:00
2026-04-14,ES,OR15Low,breakout,long,TP8_SL4,8,4,6945.75,TP,8.0,2,09:30-09:45
2026-04-14,ES,OR15Low,breakout,long,TP12_SL6,12,6,6945.75,TP,12.0,7,09:30-09:45
2026-04-14,ES,VWAP,breakout,long,TP8_SL4,8,4,6954.5,TP,8.0,28,09:30-09:45
2026-04-14,ES,VWAP,breakout,long,TP12_SL6,12,6,6954.5,TP,12.0,32,09:30-09:45
2026-04-14,ES,OR15High,reject,short,TP8_SL4,8,4,6956.75,SL,-4.0,18,09:45-10:00
2026-04-14,ES,OR15High,reject,short,TP12_SL6,12,6,6956.75,SL,-6.0,19,09:45-10:00
2026-04-14,ES,VWAP,reject,short,TP8_SL4,8,4,6956.75,SL,-4.0,18,09:45-10:00
2026-04-14,ES,VWAP,reject,short,TP12_SL6,12,6,6956.75,SL,-6.0,19,09:45-10:00
2026-04-14,ES,GlobexHigh,reject,short,TP8_SL4,8,4,7002.0,SL,-4.0,4,14:00-close
2026-04-14,ES,GlobexHigh,reject,short,TP12_SL6,12,6,7002.0,EOD,-4.0,25,14:00-close
2026-04-15,ES,OR15Low,breakout,long,TP8_SL4,8,4,7016.5,TP,8.0,6,09:30-09:45
2026-04-15,ES,OR15Low,breakout,long,TP12_SL6,12,6,7016.5,SL,-6.0,11,09:30-09:45
2026-04-15,ES,PriorRTHHigh,breakout,long,TP8_SL4,8,4,7018.25,SL,-4.0,9,09:30-09:45
2026-04-15,ES,PriorRTHHigh,breakout,long,TP12_SL6,12,6,7018.25,SL,-6.0,10,09:30-09:45
2026-04-15,ES,OR15High,reject,short,TP8_SL4,8,4,7018.75,TP,8.0,1,09:30-09:45
2026-04-15,ES,OR15High,reject,short,TP12_SL6,12,6,7018.75,TP,12.0,1,09:30-09:45
2026-04-15,ES,VWAP,reject,short,TP8_SL4,8,4,7018.75,TP,8.0,1,09:30-09:45
2026-04-15,ES,VWAP,reject,short,TP12_SL6,12,6,7018.75,TP,12.0,1,09:30-09:45
2026-04-15,ES,GlobexLow,breakout,long,TP8_SL4,8,4,7005.5,TP,8.0,2,09:45-10:00
2026-04-15,ES,GlobexLow,breakout,long,TP12_SL6,12,6,7005.5,TP,12.0,14,09:45-10:00
2026-04-15,ES,PriorRTHHigh,reject,short,TP8_SL4,8,4,7007.75,SL,-4.0,1,09:45-10:00
2026-04-15,ES,PriorRTHHigh,reject,short,TP12_SL6,12,6,7007.75,SL,-6.0,1,09:45-10:00
2026-04-15,ES,OR15Low,reject,short,TP8_SL4,8,4,7007.75,SL,-4.0,1,09:45-10:00
2026-04-15,ES,OR15Low,reject,short,TP12_SL6,12,6,7007.75,SL,-6.0,1,09:45-10:00
2026-04-16,ES,GlobexLow,breakout,long,TP8_SL4,8,4,7070.5,SL,-4.0,6,09:30-09:45
2026-04-16,ES,GlobexLow,breakout,long,TP12_SL6,12,6,7070.5,SL,-6.0,8,09:30-09:45
2026-04-16,ES,OR15Low,breakout,long,TP8_SL4,8,4,7070.25,SL,-4.0,5,09:30-09:45
2026-04-16,ES,OR15Low,breakout,long,TP12_SL6,12,6,7070.25,SL,-6.0,7,09:30-09:45
2026-04-16,ES,PriorRTHHigh,reject,short,TP8_SL4,8,4,7068.75,TP,8.0,12,09:30-09:45
2026-04-16,ES,PriorRTHHigh,reject,short,TP12_SL6,12,6,7068.75,TP,12.0,13,09:30-09:45
2026-04-16,ES,OR15High,reject,short,TP8_SL4,8,4,7068.75,TP,8.0,12,09:30-09:45
2026-04-16,ES,OR15High,reject,short,TP12_SL6,12,6,7068.75,TP,12.0,13,09:30-09:45
2026-04-16,ES,VWAP,reject,short,TP8_SL4,8,4,7068.75,TP,8.0,12,09:30-09:45
2026-04-16,ES,VWAP,reject,short,TP12_SL6,12,6,7068.75,TP,12.0,13,09:30-09:45
2026-04-16,ES,OR15Low,reject,short,TP8_SL4,8,4,7065.0,SL,-4.0,1,09:30-09:45
2026-04-16,ES,OR15Low,reject,short,TP12_SL6,12,6,7065.0,TP,12.0,10,09:30-09:45
2026-04-16,ES,GlobexLow,reject,short,TP8_SL4,8,4,7066.0,TP,8.0,4,09:45-10:00
2026-04-16,ES,GlobexLow,reject,short,TP12_SL6,12,6,7066.0,TP,12.0,5,09:45-10:00
2026-04-16,ES,GlobexHigh,reject,short,TP8_SL4,8,4,7077.75,TP,8.0,10,11:00-12:00
2026-04-16,ES,GlobexHigh,reject,short,TP12_SL6,12,6,7077.75,SL,-6.0,18,11:00-12:00
2026-04-17,ES,OR15High,reject,short,TP8_SL4,8,4,7124.25,SL,-4.0,0,09:30-09:45
2026-04-17,ES,OR15High,reject,short,TP12_SL6,12,6,7124.25,SL,-6.0,0,09:30-09:45
2026-04-17,ES,OR15Low,breakout,long,TP8_SL4,8,4,7124.25,TP,8.0,1,09:30-09:45
2026-04-17,ES,OR15Low,breakout,long,TP12_SL6,12,6,7124.25,SL,-6.0,14,09:30-09:45
2026-04-17,ES,VWAP,reject,short,TP8_SL4,8,4,7124.25,SL,-4.0,0,09:30-09:45
2026-04-17,ES,VWAP,reject,short,TP12_SL6,12,6,7124.25,SL,-6.0,0,09:30-09:45
2026-04-17,ES,GlobexHigh,reject,short,TP8_SL4,8,4,7150.5,SL,-4.0,12,10:00-10:30
2026-04-17,ES,GlobexHigh,reject,short,TP12_SL6,12,6,7150.5,SL,-6.0,19,10:00-10:30
2026-04-20,ES,OR15Low,breakout,long,TP8_SL4,8,4,7150.25,SL,-4.0,5,09:30-09:45
2026-04-20,ES,OR15Low,breakout,long,TP12_SL6,12,6,7150.25,SL,-6.0,5,09:30-09:45
2026-04-20,ES,OR15High,reject,short,TP8_SL4,8,4,7147.25,SL,-4.0,9,09:30-09:45
2026-04-20,ES,OR15High,reject,short,TP12_SL6,12,6,7147.25,SL,-6.0,15,09:30-09:45
2026-04-20,ES,VWAP,reject,short,TP8_SL4,8,4,7147.25,SL,-4.0,9,09:30-09:45
2026-04-20,ES,VWAP,reject,short,TP12_SL6,12,6,7147.25,SL,-6.0,15,09:30-09:45
2026-04-20,ES,OR15Low,reject,short,TP8_SL4,8,4,7148.0,SL,-4.0,3,09:45-10:00
2026-04-20,ES,OR15Low,reject,short,TP12_SL6,12,6,7148.0,SL,-6.0,5,09:45-10:00
2026-04-20,ES,GlobexHigh,reject,short,TP8_SL4,8,4,7155.25,TP,8.0,10,10:00-10:30
2026-04-20,ES,GlobexHigh,reject,short,TP12_SL6,12,6,7155.25,TP,12.0,33,10:00-10:30
2026-04-20,ES,PriorRTHLow,breakout,long,TP8_SL4,8,4,7131.5,SL,-4.0,6,10:30-11:00
2026-04-20,ES,PriorRTHLow,breakout,long,TP12_SL6,12,6,7131.5,SL,-6.0,7,10:30-11:00
2026-04-20,ES,GlobexLow,breakout,long,TP8_SL4,8,4,7124.25,TP,8.0,14,11:00-12:00
2026-04-20,ES,GlobexLow,breakout,long,TP12_SL6,12,6,7124.25,TP,12.0,14,11:00-12:00
2026-04-21,ES,PriorRTHHigh,reject,short,TP8_SL4,8,4,7150.0,SL,-4.0,4,09:30-09:45
2026-04-21,ES,PriorRTHHigh,reject,short,TP12_SL6,12,6,7150.0,SL,-6.0,7,09:30-09:45
2026-04-21,ES,VWAP,reject,short,TP8_SL4,8,4,7150.0,SL,-4.0,4,09:30-09:45
2026-04-21,ES,VWAP,reject,short,TP12_SL6,12,6,7150.0,SL,-6.0,7,09:30-09:45
2026-04-21,ES,OR15Low,reject,short,TP8_SL4,8,4,7149.0,SL,-4.0,1,09:30-09:45
2026-04-21,ES,OR15Low,reject,short,TP12_SL6,12,6,7149.0,SL,-6.0,2,09:30-09:45
2026-04-21,ES,OR15High,reject,short,TP8_SL4,8,4,7165.75,SL,-4.0,3,10:00-10:30
2026-04-21,ES,OR15High,reject,short,TP12_SL6,12,6,7165.75,SL,-6.0,4,10:00-10:30
2026-04-21,ES,GlobexLow,breakout,long,TP8_SL4,8,4,7135.5,SL,-4.0,0,11:00-12:00
2026-04-21,ES,GlobexLow,breakout,long,TP12_SL6,12,6,7135.5,SL,-6.0,0,11:00-12:00
2026-04-21,ES,PriorRTHLow,breakout,long,TP8_SL4,8,4,7135.5,SL,-4.0,0,11:00-12:00
2026-04-21,ES,PriorRTHLow,breakout,long,TP12_SL6,12,6,7135.5,SL,-6.0,0,11:00-12:00
2026-04-21,ES,GlobexLow,reject,short,TP8_SL4,8,4,7122.5,SL,-4.0,1,11:00-12:00
2026-04-21,ES,GlobexLow,reject,short,TP12_SL6,12,6,7122.5,SL,-6.0,1,11:00-12:00
2026-04-21,ES,PriorRTHLow,reject,short,TP8_SL4,8,4,7122.5,SL,-4.0,1,11:00-12:00
2026-04-21,ES,PriorRTHLow,reject,short,TP12_SL6,12,6,7122.5,SL,-6.0,1,11:00-12:00
2026-04-22,ES,OR15Low,breakout,long,TP8_SL4,8,4,7147.5,SL,-4.0,0,09:30-09:45
2026-04-22,ES,OR15Low,breakout,long,TP12_SL6,12,6,7147.5,SL,-6.0,2,09:30-09:45
2026-04-22,ES,OR15High,reject,short,TP8_SL4,8,4,7143.75,SL,-4.0,2,09:30-09:45
2026-04-22,ES,OR15High,reject,short,TP12_SL6,12,6,7143.75,SL,-6.0,6,09:30-09:45
2026-04-22,ES,VWAP,reject,short,TP8_SL4,8,4,7143.75,SL,-4.0,2,09:30-09:45
2026-04-22,ES,VWAP,reject,short,TP12_SL6,12,6,7143.75,SL,-6.0,6,09:30-09:45
2026-04-22,ES,OR15Low,reject,short,TP8_SL4,8,4,7142.0,SL,-4.0,1,09:30-09:45
2026-04-22,ES,OR15Low,reject,short,TP12_SL6,12,6,7142.0,SL,-6.0,1,09:30-09:45
2026-04-22,ES,GlobexHigh,reject,short,TP8_SL4,8,4,7153.5,SL,-4.0,6,10:00-10:30
2026-04-22,ES,GlobexHigh,reject,short,TP12_SL6,12,6,7153.5,SL,-6.0,10,10:00-10:30
2026-04-22,ES,PriorRTHHigh,reject,short,TP8_SL4,8,4,7162.25,TP,8.0,11,10:00-10:30
2026-04-22,ES,PriorRTHHigh,reject,short,TP12_SL6,12,6,7162.25,TP,12.0,81,10:00-10:30
2026-04-23,ES,PriorRTHLow,breakout,long,TP8_SL4,8,4,7157.0,SL,-4.0,1,09:30-09:45
2026-04-23,ES,PriorRTHLow,breakout,long,TP12_SL6,12,6,7157.0,TP,12.0,15,09:30-09:45
2026-04-23,ES,OR15High,reject,short,TP8_SL4,8,4,7152.75,SL,-4.0,1,09:30-09:45
2026-04-23,ES,OR15High,reject,short,TP12_SL6,12,6,7152.75,SL,-6.0,3,09:30-09:45
2026-04-23,ES,VWAP,reject,short,TP8_SL4,8,4,7152.75,SL,-4.0,1,09:30-09:45
2026-04-23,ES,VWAP,reject,short,TP12_SL6,12,6,7152.75,SL,-6.0,3,09:30-09:45
2026-04-23,ES,OR15Low,breakout,long,TP8_SL4,8,4,7157.25,TP,8.0,8,09:30-09:45
2026-04-23,ES,OR15Low,breakout,long,TP12_SL6,12,6,7157.25,TP,12.0,10,09:30-09:45
2026-04-23,ES,GlobexHigh,reject,short,TP8_SL4,8,4,7162.25,SL,-4.0,1,09:45-10:00
2026-04-23,ES,GlobexHigh,reject,short,TP12_SL6,12,6,7162.25,TP,12.0,11,09:45-10:00
2026-04-23,ES,PriorRTHHigh,reject,short,TP8_SL4,8,4,7162.25,SL,-4.0,1,09:45-10:00
2026-04-23,ES,PriorRTHHigh,reject,short,TP12_SL6,12,6,7162.25,TP,12.0,11,09:45-10:00
2026-04-23,ES,OR15Low,reject,short,TP8_SL4,8,4,7157.0,SL,-4.0,0,10:00-10:30
2026-04-23,ES,OR15Low,reject,short,TP12_SL6,12,6,7157.0,SL,-6.0,10,10:00-10:30
2026-04-23,ES,GlobexLow,breakout,long,TP8_SL4,8,4,7135.75,SL,-4.0,0,12:00-14:00
2026-04-23,ES,GlobexLow,breakout,long,TP12_SL6,12,6,7135.75,SL,-6.0,5,12:00-14:00
2026-04-23,ES,PriorRTHLow,reject,short,TP8_SL4,8,4,7135.75,TP,8.0,6,12:00-14:00
2026-04-23,ES,PriorRTHLow,reject,short,TP12_SL6,12,6,7135.75,TP,12.0,6,12:00-14:00
2026-04-23,ES,GlobexLow,reject,short,TP8_SL4,8,4,7125.5,TP,8.0,4,12:00-14:00
2026-04-23,ES,GlobexLow,reject,short,TP12_SL6,12,6,7125.5,SL,-6.0,17,12:00-14:00
2026-04-24,ES,OR15High,reject,short,TP8_SL4,8,4,7155.0,SL,-4.0,6,09:30-09:45
2026-04-24,ES,OR15High,reject,short,TP12_SL6,12,6,7155.0,SL,-6.0,39,09:30-09:45
2026-04-24,ES,VWAP,reject,short,TP8_SL4,8,4,7155.0,SL,-4.0,6,09:30-09:45
2026-04-24,ES,VWAP,reject,short,TP12_SL6,12,6,7155.0,SL,-6.0,39,09:30-09:45
2026-04-24,ES,OR15Low,reject,short,TP8_SL4,8,4,7153.75,SL,-4.0,2,09:30-09:45
2026-04-24,ES,OR15Low,reject,short,TP12_SL6,12,6,7153.75,SL,-6.0,5,09:30-09:45
2026-04-24,ES,GlobexLow,breakout,long,TP8_SL4,8,4,7150.25,SL,-4.0,0,09:45-10:00
2026-04-24,ES,GlobexLow,breakout,long,TP12_SL6,12,6,7150.25,TP,12.0,18,09:45-10:00
2026-04-24,ES,PriorRTHHigh,reject,short,TP8_SL4,8,4,7173.25,SL,-4.0,18,11:00-12:00
2026-04-24,ES,PriorRTHHigh,reject,short,TP12_SL6,12,6,7173.25,SL,-6.0,18,11:00-12:00
2026-04-24,ES,GlobexHigh,reject,short,TP8_SL4,8,4,7186.25,SL,-4.0,1,11:00-12:00
2026-04-24,ES,GlobexHigh,reject,short,TP12_SL6,12,6,7186.25,SL,-6.0,4,11:00-12:00
2026-04-27,ES,GlobexLow,breakout,long,TP8_SL4,8,4,7193.75,SL,-4.0,12,09:30-09:45
2026-04-27,ES,GlobexLow,breakout,long,TP12_SL6,12,6,7193.75,SL,-6.0,13,09:30-09:45
2026-04-27,ES,OR15Low,breakout,long,TP8_SL4,8,4,7193.75,SL,-4.0,12,09:30-09:45
2026-04-27,ES,OR15Low,breakout,long,TP12_SL6,12,6,7193.75,SL,-6.0,13,09:30-09:45
2026-04-27,ES,PriorRTHHigh,reject,short,TP8_SL4,8,4,7191.5,SL,-4.0,0,09:30-09:45
2026-04-27,ES,PriorRTHHigh,reject,short,TP12_SL6,12,6,7191.5,SL,-6.0,3,09:30-09:45
2026-04-27,ES,OR15High,reject,short,TP8_SL4,8,4,7191.5,SL,-4.0,0,09:30-09:45
2026-04-27,ES,OR15High,reject,short,TP12_SL6,12,6,7191.5,SL,-6.0,3,09:30-09:45
2026-04-27,ES,VWAP,reject,short,TP8_SL4,8,4,7191.5,SL,-4.0,0,09:30-09:45
2026-04-27,ES,VWAP,reject,short,TP12_SL6,12,6,7191.5,SL,-6.0,3,09:30-09:45
2026-04-27,ES,OR15Low,reject,short,TP8_SL4,8,4,7185.0,SL,-4.0,5,09:45-10:00
2026-04-27,ES,OR15Low,reject,short,TP12_SL6,12,6,7185.0,SL,-6.0,5,09:45-10:00
2026-04-27,ES,GlobexLow,reject,short,TP8_SL4,8,4,7185.0,SL,-4.0,4,09:45-10:00
2026-04-27,ES,GlobexLow,reject,short,TP12_SL6,12,6,7185.0,SL,-6.0,4,09:45-10:00
2026-04-28,ES,GlobexLow,breakout,long,TP8_SL4,8,4,7168.0,TP,8.0,8,09:30-09:45
2026-04-28,ES,GlobexLow,breakout,long,TP12_SL6,12,6,7168.0,TP,12.0,9,09:30-09:45
2026-04-28,ES,OR15Low,breakout,long,TP8_SL4,8,4,7169.25,TP,8.0,6,09:30-09:45
2026-04-28,ES,OR15Low,breakout,long,TP12_SL6,12,6,7169.25,TP,12.0,7,09:30-09:45
2026-04-28,ES,VWAP,breakout,long,TP8_SL4,8,4,7180.25,SL,-4.0,2,09:30-09:45
2026-04-28,ES,VWAP,breakout,long,TP12_SL6,12,6,7180.25,SL,-6.0,6,09:30-09:45
2026-04-28,ES,PriorRTHLow,reject,short,TP8_SL4,8,4,7178.5,TP,8.0,9,09:30-09:45
2026-04-28,ES,PriorRTHLow,reject,short,TP12_SL6,12,6,7178.5,TP,12.0,11,09:30-09:45
2026-04-28,ES,OR15High,reject,short,TP8_SL4,8,4,7178.5,TP,8.0,9,09:30-09:45
2026-04-28,ES,OR15High,reject,short,TP12_SL6,12,6,7178.5,TP,12.0,11,09:30-09:45
2026-04-28,ES,VWAP,reject,short,TP8_SL4,8,4,7178.5,TP,8.0,9,09:30-09:45
2026-04-28,ES,VWAP,reject,short,TP12_SL6,12,6,7178.5,TP,12.0,11,09:30-09:45
2026-04-28,ES,OR15Low,reject,short,TP8_SL4,8,4,7167.5,SL,-4.0,2,10:00-10:30
2026-04-28,ES,OR15Low,reject,short,TP12_SL6,12,6,7167.5,SL,-6.0,4,10:00-10:30
2026-04-28,ES,GlobexLow,reject,short,TP8_SL4,8,4,7156.75,SL,-4.0,3,10:30-11:00
2026-04-28,ES,GlobexLow,reject,short,TP12_SL6,12,6,7156.75,SL,-6.0,17,10:30-11:00
2026-04-29,ES,GlobexLow,breakout,long,TP8_SL4,8,4,7153.0,TP,8.0,22,09:30-09:45
2026-04-29,ES,GlobexLow,breakout,long,TP12_SL6,12,6,7153.0,TP,12.0,40,09:30-09:45
2026-04-29,ES,PriorRTHLow,breakout,long,TP8_SL4,8,4,7153.0,TP,8.0,22,09:30-09:45
2026-04-29,ES,PriorRTHLow,breakout,long,TP12_SL6,12,6,7153.0,TP,12.0,40,09:30-09:45
2026-04-29,ES,OR15High,reject,short,TP8_SL4,8,4,7153.0,SL,-4.0,0,09:30-09:45
2026-04-29,ES,OR15High,reject,short,TP12_SL6,12,6,7153.0,SL,-6.0,4,09:30-09:45
2026-04-29,ES,VWAP,reject,short,TP8_SL4,8,4,7153.0,SL,-4.0,0,09:30-09:45
2026-04-29,ES,VWAP,reject,short,TP12_SL6,12,6,7153.0,SL,-6.0,4,09:30-09:45
2026-04-29,ES,OR15Low,reject,short,TP8_SL4,8,4,7154.5,SL,-4.0,1,09:30-09:45
2026-04-29,ES,OR15Low,reject,short,TP12_SL6,12,6,7154.5,SL,-6.0,19,09:30-09:45
2026-04-29,ES,GlobexLow,reject,short,TP8_SL4,8,4,7159.75,SL,-4.0,13,09:45-10:00
2026-04-29,ES,GlobexLow,reject,short,TP12_SL6,12,6,7159.75,SL,-6.0,14,09:45-10:00
2026-04-29,ES,PriorRTHLow,reject,short,TP8_SL4,8,4,7149.25,SL,-4.0,0,11:00-12:00
2026-04-29,ES,PriorRTHLow,reject,short,TP12_SL6,12,6,7149.25,SL,-6.0,3,11:00-12:00
2026-04-30,ES,PriorRTHHigh,breakout,long,TP8_SL4,8,4,7187.25,SL,-4.0,1,09:30-09:45
2026-04-30,ES,PriorRTHHigh,breakout,long,TP12_SL6,12,6,7187.25,SL,-6.0,1,09:30-09:45
2026-04-30,ES,VWAP,reject,short,TP8_SL4,8,4,7183.75,TP,8.0,1,09:30-09:45
2026-04-30,ES,VWAP,reject,short,TP12_SL6,12,6,7183.75,TP,12.0,5,09:30-09:45
2026-04-30,ES,OR15Low,breakout,long,TP8_SL4,8,4,7181.25,SL,-4.0,0,09:30-09:45
2026-04-30,ES,OR15Low,breakout,long,TP12_SL6,12,6,7181.25,SL,-6.0,0,09:30-09:45
2026-04-30,ES,PriorRTHHigh,reject,short,TP8_SL4,8,4,7176.25,TP,8.0,2,09:30-09:45
2026-04-30,ES,PriorRTHHigh,reject,short,TP12_SL6,12,6,7176.25,SL,-6.0,6,09:30-09:45
2026-04-30,ES,OR15Low,reject,short,TP8_SL4,8,4,7169.25,SL,-4.0,0,09:30-09:45
2026-04-30,ES,OR15Low,reject,short,TP12_SL6,12,6,7169.25,SL,-6.0,1,09:30-09:45
2026-04-30,ES,OR15High,reject,short,TP8_SL4,8,4,7193.5,SL,-4.0,6,11:00-12:00
2026-04-30,ES,OR15High,reject,short,TP12_SL6,12,6,7193.5,SL,-6.0,26,11:00-12:00
2026-05-01,ES,OR15Low,breakout,long,TP8_SL4,8,4,7270.75,TP,8.0,21,09:30-09:45
2026-05-01,ES,OR15Low,breakout,long,TP12_SL6,12,6,7270.75,TP,12.0,22,09:30-09:45
2026-05-01,ES,VWAP,breakout,long,TP8_SL4,8,4,7276.0,SL,-4.0,3,09:30-09:45
2026-05-01,ES,VWAP,breakout,long,TP12_SL6,12,6,7276.0,TP,12.0,18,09:30-09:45
2026-05-01,ES,GlobexHigh,reject,short,TP8_SL4,8,4,7272.5,SL,-4.0,1,09:30-09:45
2026-05-01,ES,GlobexHigh,reject,short,TP12_SL6,12,6,7272.5,SL,-6.0,11,09:30-09:45
2026-05-01,ES,OR15High,reject,short,TP8_SL4,8,4,7272.5,SL,-4.0,1,09:30-09:45
2026-05-01,ES,OR15High,reject,short,TP12_SL6,12,6,7272.5,SL,-6.0,11,09:30-09:45
2026-05-01,ES,VWAP,reject,short,TP8_SL4,8,4,7272.5,SL,-4.0,1,09:30-09:45
2026-05-01,ES,VWAP,reject,short,TP12_SL6,12,6,7272.5,SL,-6.0,11,09:30-09:45
2026-05-01,ES,PriorRTHHigh,breakout,long,TP8_SL4,8,4,7269.5,TP,8.0,27,12:00-14:00
2026-05-01,ES,PriorRTHHigh,breakout,long,TP12_SL6,12,6,7269.5,TP,12.0,42,12:00-14:00
2026-05-01,ES,OR15Low,reject,short,TP8_SL4,8,4,7262.0,SL,-4.0,16,14:00-close
2026-05-01,ES,OR15Low,reject,short,TP12_SL6,12,6,7262.0,SL,-6.0,22,14:00-close
2026-05-01,ES,GlobexLow,breakout,long,TP8_SL4,8,4,7262.25,TP,8.0,24,14:00-close
2026-05-01,ES,GlobexLow,breakout,long,TP12_SL6,12,6,7262.25,TP,12.0,31,14:00-close
2026-05-04,ES,PriorRTHLow,reject,short,TP8_SL4,8,4,7246.5,SL,-4.0,3,09:30-09:45
2026-05-04,ES,PriorRTHLow,reject,short,TP12_SL6,12,6,7246.5,SL,-6.0,4,09:30-09:45
2026-05-04,ES,OR15High,reject,short,TP8_SL4,8,4,7246.5,SL,-4.0,3,09:30-09:45
2026-05-04,ES,OR15High,reject,short,TP12_SL6,12,6,7246.5,SL,-6.0,4,09:30-09:45
2026-05-04,ES,OR15Low,reject,short,TP8_SL4,8,4,7246.5,SL,-4.0,3,09:30-09:45
2026-05-04,ES,OR15Low,reject,short,TP12_SL6,12,6,7246.5,SL,-6.0,4,09:30-09:45
2026-05-04,ES,VWAP,reject,short,TP8_SL4,8,4,7246.5,SL,-4.0,3,09:30-09:45
2026-05-04,ES,VWAP,reject,short,TP12_SL6,12,6,7246.5,SL,-6.0,4,09:30-09:45
2026-05-04,ES,GlobexHigh,reject,short,TP8_SL4,8,4,7266.0,TP,8.0,2,10:30-11:00
2026-05-04,ES,GlobexHigh,reject,short,TP12_SL6,12,6,7266.0,TP,12.0,3,10:30-11:00
2026-05-04,ES,GlobexLow,breakout,long,TP8_SL4,8,4,7225.5,TP,8.0,4,11:00-12:00
2026-05-04,ES,GlobexLow,breakout,long,TP12_SL6,12,6,7225.5,SL,-6.0,30,11:00-12:00
2026-05-04,ES,GlobexLow,reject,short,TP8_SL4,8,4,7207.0,SL,-4.0,2,12:00-14:00
2026-05-04,ES,GlobexLow,reject,short,TP12_SL6,12,6,7207.0,SL,-6.0,2,12:00-14:00
2026-05-05,ES,OR15Low,breakout,long,TP8_SL4,8,4,7272.75,SL,-4.0,2,09:30-09:45
2026-05-05,ES,OR15Low,breakout,long,TP12_SL6,12,6,7272.75,SL,-6.0,42,09:30-09:45
2026-05-05,ES,PriorRTHHigh,reject,short,TP8_SL4,8,4,7268.75,SL,-4.0,2,09:30-09:45
2026-05-05,ES,PriorRTHHigh,reject,short,TP12_SL6,12,6,7268.75,SL,-6.0,6,09:30-09:45
2026-05-05,ES,OR15High,reject,short,TP8_SL4,8,4,7268.75,SL,-4.0,2,09:30-09:45
2026-05-05,ES,OR15High,reject,short,TP12_SL6,12,6,7268.75,SL,-6.0,6,09:30-09:45
2026-05-05,ES,OR15Low,reject,short,TP8_SL4,8,4,7268.75,SL,-4.0,2,09:30-09:45
2026-05-05,ES,OR15Low,reject,short,TP12_SL6,12,6,7268.75,SL,-6.0,6,09:30-09:45
2026-05-05,ES,VWAP,reject,short,TP8_SL4,8,4,7268.75,SL,-4.0,2,09:30-09:45
2026-05-05,ES,VWAP,reject,short,TP12_SL6,12,6,7268.75,SL,-6.0,6,09:30-09:45
2026-05-06,ES,OR15Low,breakout,long,TP8_SL4,8,4,7338.75,SL,-4.0,17,09:30-09:45
2026-05-06,ES,OR15Low,breakout,long,TP12_SL6,12,6,7338.75,SL,-6.0,17,09:30-09:45
2026-05-06,ES,OR15High,reject,short,TP8_SL4,8,4,7340.75,TP,8.0,12,09:30-09:45
2026-05-06,ES,OR15High,reject,short,TP12_SL6,12,6,7340.75,SL,-6.0,16,09:30-09:45
2026-05-06,ES,VWAP,reject,short,TP8_SL4,8,4,7340.75,TP,8.0,12,09:30-09:45
2026-05-06,ES,VWAP,reject,short,TP12_SL6,12,6,7340.75,SL,-6.0,16,09:30-09:45
2026-05-06,ES,GlobexHigh,reject,short,TP8_SL4,8,4,7386.25,SL,-4.0,16,14:00-close
2026-05-06,ES,GlobexHigh,reject,short,TP12_SL6,12,6,7386.25,SL,-6.0,16,14:00-close
2026-05-07,ES,PriorRTHHigh,reject,short,TP8_SL4,8,4,7394.0,TP,8.0,12,09:30-09:45
2026-05-07,ES,PriorRTHHigh,reject,short,TP12_SL6,12,6,7394.0,SL,-6.0,64,09:30-09:45
2026-05-07,ES,OR15High,reject,short,TP8_SL4,8,4,7394.0,TP,8.0,12,09:30-09:45
2026-05-07,ES,OR15High,reject,short,TP12_SL6,12,6,7394.0,SL,-6.0,64,09:30-09:45
2026-05-07,ES,VWAP,reject,short,TP8_SL4,8,4,7394.0,TP,8.0,12,09:30-09:45
2026-05-07,ES,VWAP,reject,short,TP12_SL6,12,6,7394.0,SL,-6.0,64,09:30-09:45
2026-05-07,ES,OR15Low,reject,short,TP8_SL4,8,4,7392.5,TP,8.0,8,09:30-09:45
2026-05-07,ES,OR15Low,reject,short,TP12_SL6,12,6,7392.5,SL,-6.0,41,09:30-09:45
2026-05-07,ES,GlobexHigh,reject,short,TP8_SL4,8,4,7403.25,TP,8.0,20,11:00-12:00
2026-05-07,ES,GlobexHigh,reject,short,TP12_SL6,12,6,7403.25,TP,12.0,20,11:00-12:00
2026-05-07,ES,GlobexLow,breakout,long,TP8_SL4,8,4,7351.25,TP,8.0,0,12:00-14:00
2026-05-07,ES,GlobexLow,breakout,long,TP12_SL6,12,6,7351.25,TP,12.0,9,12:00-14:00
2026-05-08,ES,OR15Low,breakout,long,TP8_SL4,8,4,7399.75,SL,-4.0,3,09:30-09:45
2026-05-08,ES,OR15Low,breakout,long,TP12_SL6,12,6,7399.75,SL,-6.0,4,09:30-09:45
2026-05-08,ES,OR15High,reject,short,TP8_SL4,8,4,7397.5,SL,-4.0,6,09:30-09:45
2026-05-08,ES,OR15High,reject,short,TP12_SL6,12,6,7397.5,SL,-6.0,6,09:30-09:45
2026-05-08,ES,OR15Low,reject,short,TP8_SL4,8,4,7397.5,SL,-4.0,6,09:30-09:45
2026-05-08,ES,OR15Low,reject,short,TP12_SL6,12,6,7397.5,SL,-6.0,6,09:30-09:45
2026-05-08,ES,VWAP,reject,short,TP8_SL4,8,4,7397.5,SL,-4.0,6,09:30-09:45
2026-05-08,ES,VWAP,reject,short,TP12_SL6,12,6,7397.5,SL,-6.0,6,09:30-09:45
2026-05-08,ES,GlobexHigh,reject,short,TP8_SL4,8,4,7407.0,SL,-4.0,5,09:45-10:00
2026-05-08,ES,GlobexHigh,reject,short,TP12_SL6,12,6,7407.0,SL,-6.0,5,09:45-10:00
2026-05-08,ES,PriorRTHHigh,reject,short,TP8_SL4,8,4,7407.0,SL,-4.0,5,09:45-10:00
2026-05-08,ES,PriorRTHHigh,reject,short,TP12_SL6,12,6,7407.0,SL,-6.0,5,09:45-10:00
2026-05-11,ES,OR15Low,breakout,long,TP8_SL4,8,4,7422.5,TP,8.0,12,09:30-09:45
2026-05-11,ES,OR15Low,breakout,long,TP12_SL6,12,6,7422.5,TP,12.0,14,09:30-09:45
2026-05-11,ES,PriorRTHHigh,reject,short,TP8_SL4,8,4,7421.0,SL,-4.0,5,09:30-09:45
2026-05-11,ES,PriorRTHHigh,reject,short,TP12_SL6,12,6,7421.0,SL,-6.0,7,09:30-09:45
2026-05-11,ES,OR15High,reject,short,TP8_SL4,8,4,7421.0,SL,-4.0,5,09:30-09:45
2026-05-11,ES,OR15High,reject,short,TP12_SL6,12,6,7421.0,SL,-6.0,7,09:30-09:45
2026-05-11,ES,VWAP,reject,short,TP8_SL4,8,4,7421.0,SL,-4.0,5,09:30-09:45
2026-05-11,ES,VWAP,reject,short,TP12_SL6,12,6,7421.0,SL,-6.0,7,09:30-09:45
2026-05-11,ES,GlobexHigh,reject,short,TP8_SL4,8,4,7433.25,SL,-4.0,23,09:45-10:00
2026-05-11,ES,GlobexHigh,reject,short,TP12_SL6,12,6,7433.25,SL,-6.0,24,09:45-10:00
2026-05-12,ES,GlobexLow,breakout,long,TP8_SL4,8,4,7409.75,SL,-4.0,2,09:30-09:45
2026-05-12,ES,GlobexLow,breakout,long,TP12_SL6,12,6,7409.75,SL,-6.0,2,09:30-09:45
2026-05-12,ES,OR15Low,breakout,long,TP8_SL4,8,4,7408.25,SL,-4.0,1,09:30-09:45
2026-05-12,ES,OR15Low,breakout,long,TP12_SL6,12,6,7408.25,SL,-6.0,1,09:30-09:45
2026-05-12,ES,PriorRTHLow,reject,short,TP8_SL4,8,4,7402.5,SL,-4.0,3,09:30-09:45
2026-05-12,ES,PriorRTHLow,reject,short,TP12_SL6,12,6,7402.5,SL,-6.0,4,09:30-09:45
2026-05-12,ES,OR15High,reject,short,TP8_SL4,8,4,7402.5,SL,-4.0,3,09:30-09:45
2026-05-12,ES,OR15High,reject,short,TP12_SL6,12,6,7402.5,SL,-6.0,4,09:30-09:45
2026-05-12,ES,VWAP,reject,short,TP8_SL4,8,4,7402.5,SL,-4.0,3,09:30-09:45
2026-05-12,ES,VWAP,reject,short,TP12_SL6,12,6,7402.5,SL,-6.0,4,09:30-09:45
2026-05-12,ES,GlobexLow,reject,short,TP8_SL4,8,4,7405.75,SL,-4.0,1,09:30-09:45
2026-05-12,ES,GlobexLow,reject,short,TP12_SL6,12,6,7405.75,SL,-6.0,1,09:30-09:45
2026-05-12,ES,OR15Low,reject,short,TP8_SL4,8,4,7405.75,SL,-4.0,1,09:30-09:45
2026-05-12,ES,OR15Low,reject,short,TP12_SL6,12,6,7405.75,SL,-6.0,1,09:30-09:45
2026-05-12,ES,GlobexHigh,reject,short,TP8_SL4,8,4,7428.5,EOD,0.25,5,14:00-close
2026-05-12,ES,GlobexHigh,reject,short,TP12_SL6,12,6,7428.5,EOD,0.25,5,14:00-close
2026-05-13,ES,GlobexLow,reject,short,TP8_SL4,8,4,7416.75,SL,-4.0,0,09:30-09:45
2026-05-13,ES,GlobexLow,reject,short,TP12_SL6,12,6,7416.75,TP,12.0,14,09:30-09:45
2026-05-13,ES,OR15High,reject,short,TP8_SL4,8,4,7416.75,SL,-4.0,0,09:30-09:45
2026-05-13,ES,OR15High,reject,short,TP12_SL6,12,6,7416.75,TP,12.0,14,09:30-09:45
2026-05-13,ES,OR15Low,breakout,long,TP8_SL4,8,4,7416.75,SL,-4.0,3,09:30-09:45
2026-05-13,ES,OR15Low,breakout,long,TP12_SL6,12,6,7416.75,SL,-6.0,7,09:30-09:45
2026-05-13,ES,VWAP,reject,short,TP8_SL4,8,4,7416.75,SL,-4.0,0,09:30-09:45
2026-05-13,ES,VWAP,reject,short,TP12_SL6,12,6,7416.75,TP,12.0,14,09:30-09:45
2026-05-13,ES,OR15Low,reject,short,TP8_SL4,8,4,7412.0,SL,-4.0,3,09:30-09:45
2026-05-13,ES,OR15Low,reject,short,TP12_SL6,12,6,7412.0,SL,-6.0,4,09:30-09:45
2026-05-13,ES,PriorRTHHigh,reject,short,TP8_SL4,8,4,7428.0,SL,-4.0,25,10:00-10:30
2026-05-13,ES,PriorRTHHigh,reject,short,TP12_SL6,12,6,7428.0,SL,-6.0,27,10:00-10:30
2026-05-13,ES,GlobexHigh,reject,short,TP8_SL4,8,4,7479.75,SL,-4.0,2,14:00-close
2026-05-13,ES,GlobexHigh,reject,short,TP12_SL6,12,6,7479.75,TP,12.0,98,14:00-close
2026-05-14,ES,OR15Low,breakout,long,TP8_SL4,8,4,7490.25,TP,8.0,5,09:30-09:45
2026-05-14,ES,OR15Low,breakout,long,TP12_SL6,12,6,7490.25,TP,12.0,12,09:30-09:45
2026-05-14,ES,PriorRTHHigh,breakout,long,TP8_SL4,8,4,7492.25,SL,-4.0,0,09:30-09:45
2026-05-14,ES,PriorRTHHigh,breakout,long,TP12_SL6,12,6,7492.25,SL,-6.0,24,09:30-09:45
2026-05-14,ES,PriorRTHHigh,reject,short,TP8_SL4,8,4,7487.75,SL,-4.0,1,09:30-09:45
2026-05-14,ES,PriorRTHHigh,reject,short,TP12_SL6,12,6,7487.75,SL,-6.0,1,09:30-09:45
2026-05-14,ES,VWAP,reject,short,TP8_SL4,8,4,7487.75,SL,-4.0,1,09:30-09:45
2026-05-14,ES,VWAP,reject,short,TP12_SL6,12,6,7487.75,SL,-6.0,1,09:30-09:45
2026-05-14,ES,OR15High,reject,short,TP8_SL4,8,4,7497.0,SL,-4.0,0,09:45-10:00
2026-05-14,ES,OR15High,reject,short,TP12_SL6,12,6,7497.0,SL,-6.0,0,09:45-10:00
2026-05-14,ES,GlobexLow,breakout,long,TP8_SL4,8,4,7488.5,TP,8.0,1,10:00-10:30
2026-05-14,ES,GlobexLow,breakout,long,TP12_SL6,12,6,7488.5,TP,12.0,13,10:00-10:30
2026-05-14,ES,GlobexHigh,reject,short,TP8_SL4,8,4,7527.75,SL,-4.0,3,11:00-12:00
2026-05-14,ES,GlobexHigh,reject,short,TP12_SL6,12,6,7527.75,SL,-6.0,16,11:00-12:00
2026-05-15,ES,GlobexLow,breakout,long,TP8_SL4,8,4,7443.25,SL,-4.0,0,09:30-09:45
2026-05-15,ES,GlobexLow,breakout,long,TP12_SL6,12,6,7443.25,SL,-6.0,0,09:30-09:45
2026-05-15,ES,VWAP,reject,short,TP8_SL4,8,4,7443.25,TP,8.0,0,09:30-09:45
2026-05-15,ES,VWAP,reject,short,TP12_SL6,12,6,7443.25,TP,12.0,7,09:30-09:45
2026-05-15,ES,OR15Low,breakout,long,TP8_SL4,8,4,7435.75,SL,-4.0,4,09:30-09:45
2026-05-15,ES,OR15Low,breakout,long,TP12_SL6,12,6,7435.75,SL,-6.0,10,09:30-09:45
2026-05-15,ES,GlobexLow,reject,short,TP8_SL4,8,4,7438.0,TP,8.0,2,09:30-09:45
2026-05-15,ES,GlobexLow,reject,short,TP12_SL6,12,6,7438.0,TP,12.0,3,09:30-09:45
2026-05-15,ES,OR15Low,reject,short,TP8_SL4,8,4,7427.5,SL,-4.0,3,09:45-10:00
2026-05-15,ES,OR15Low,reject,short,TP12_SL6,12,6,7427.5,SL,-6.0,3,09:45-10:00
2026-05-15,ES,OR15High,reject,short,TP8_SL4,8,4,7463.75,SL,-4.0,0,10:00-10:30
2026-05-15,ES,OR15High,reject,short,TP12_SL6,12,6,7463.75,TP,12.0,4,10:00-10:30
2026-05-15,ES,PriorRTHLow,reject,short,TP8_SL4,8,4,7471.0,TP,8.0,8,14:00-close
2026-05-15,ES,PriorRTHLow,reject,short,TP12_SL6,12,6,7471.0,TP,12.0,8,14:00-close
2026-05-18,ES,PriorRTHLow,breakout,long,TP8_SL4,8,4,7433.5,SL,-4.0,0,09:30-09:45
2026-05-18,ES,PriorRTHLow,breakout,long,TP12_SL6,12,6,7433.5,SL,-6.0,1,09:30-09:45
2026-05-18,ES,OR15High,reject,short,TP8_SL4,8,4,7433.5,TP,8.0,1,09:30-09:45
2026-05-18,ES,OR15High,reject,short,TP12_SL6,12,6,7433.5,TP,12.0,10,09:30-09:45
2026-05-18,ES,OR15Low,breakout,long,TP8_SL4,8,4,7433.5,SL,-4.0,0,09:30-09:45
2026-05-18,ES,OR15Low,breakout,long,TP12_SL6,12,6,7433.5,SL,-6.0,1,09:30-09:45
2026-05-18,ES,VWAP,reject,short,TP8_SL4,8,4,7433.5,TP,8.0,1,09:30-09:45
2026-05-18,ES,VWAP,reject,short,TP12_SL6,12,6,7433.5,TP,12.0,10,09:30-09:45
2026-05-18,ES,PriorRTHLow,reject,short,TP8_SL4,8,4,7424.25,SL,-4.0,1,09:45-10:00
2026-05-18,ES,PriorRTHLow,reject,short,TP12_SL6,12,6,7424.25,SL,-6.0,2,09:45-10:00
2026-05-18,ES,OR15Low,reject,short,TP8_SL4,8,4,7424.25,SL,-4.0,1,09:45-10:00
2026-05-18,ES,OR15Low,reject,short,TP12_SL6,12,6,7424.25,SL,-6.0,2,09:45-10:00
2026-05-18,ES,GlobexHigh,reject,short,TP8_SL4,8,4,7449.0,TP,8.0,2,09:45-10:00
2026-05-18,ES,GlobexHigh,reject,short,TP12_SL6,12,6,7449.0,TP,12.0,3,09:45-10:00
2026-05-18,ES,GlobexLow,breakout,long,TP8_SL4,8,4,7386.75,SL,-4.0,1,12:00-14:00
2026-05-18,ES,GlobexLow,breakout,long,TP12_SL6,12,6,7386.75,TP,12.0,7,12:00-14:00
2026-05-18,ES,GlobexLow,reject,short,TP8_SL4,8,4,7387.0,TP,8.0,15,14:00-close
2026-05-18,ES,GlobexLow,reject,short,TP12_SL6,12,6,7387.0,TP,12.0,16,14:00-close
2026-05-19,ES,PriorRTHLow,breakout,long,TP8_SL4,8,4,7382.75,SL,-4.0,2,09:30-09:45
2026-05-19,ES,PriorRTHLow,breakout,long,TP12_SL6,12,6,7382.75,TP,12.0,4,09:30-09:45
2026-05-19,ES,OR15Low,breakout,long,TP8_SL4,8,4,7382.75,SL,-4.0,2,09:30-09:45
2026-05-19,ES,OR15Low,breakout,long,TP12_SL6,12,6,7382.75,TP,12.0,4,09:30-09:45
2026-05-19,ES,VWAP,reject,short,TP8_SL4,8,4,7382.75,SL,-4.0,0,09:30-09:45
2026-05-19,ES,VWAP,reject,short,TP12_SL6,12,6,7382.75,SL,-6.0,1,09:30-09:45
2026-05-19,ES,OR15High,reject,short,TP8_SL4,8,4,7383.75,SL,-4.0,0,09:30-09:45
2026-05-19,ES,OR15High,reject,short,TP12_SL6,12,6,7383.75,SL,-6.0,0,09:30-09:45
2026-05-19,ES,PriorRTHLow,reject,short,TP8_SL4,8,4,7376.5,SL,-4.0,1,09:45-10:00
2026-05-19,ES,PriorRTHLow,reject,short,TP12_SL6,12,6,7376.5,SL,-6.0,1,09:45-10:00
2026-05-19,ES,OR15Low,reject,short,TP8_SL4,8,4,7376.5,SL,-4.0,1,09:45-10:00
2026-05-19,ES,OR15Low,reject,short,TP12_SL6,12,6,7376.5,SL,-6.0,1,09:45-10:00
2026-05-19,ES,GlobexLow,breakout,long,TP8_SL4,8,4,7370.25,TP,8.0,0,09:45-10:00
2026-05-19,ES,GlobexLow,breakout,long,TP12_SL6,12,6,7370.25,TP,12.0,0,09:45-10:00
2026-05-19,ES,GlobexLow,reject,short,TP8_SL4,8,4,7362.0,SL,-4.0,0,10:00-10:30
2026-05-19,ES,GlobexLow,reject,short,TP12_SL6,12,6,7362.0,SL,-6.0,1,10:00-10:30
2026-05-20,ES,OR15High,reject,short,TP8_SL4,8,4,7390.75,SL,-4.0,1,09:30-09:45
2026-05-20,ES,OR15High,reject,short,TP12_SL6,12,6,7390.75,SL,-6.0,11,09:30-09:45
2026-05-20,ES,OR15Low,breakout,long,TP8_SL4,8,4,7390.75,SL,-4.0,2,09:30-09:45
2026-05-20,ES,OR15Low,breakout,long,TP12_SL6,12,6,7390.75,SL,-6.0,2,09:30-09:45
2026-05-20,ES,VWAP,reject,short,TP8_SL4,8,4,7390.75,SL,-4.0,1,09:30-09:45
2026-05-20,ES,VWAP,reject,short,TP12_SL6,12,6,7390.75,SL,-6.0,11,09:30-09:45
2026-05-20,ES,OR15Low,reject,short,TP8_SL4,8,4,7385.25,SL,-4.0,1,09:30-09:45
2026-05-20,ES,OR15Low,reject,short,TP12_SL6,12,6,7385.25,SL,-6.0,1,09:30-09:45
2026-05-20,ES,PriorRTHHigh,reject,short,TP8_SL4,8,4,7406.75,TP,8.0,1,09:45-10:00
2026-05-20,ES,PriorRTHHigh,reject,short,TP12_SL6,12,6,7406.75,TP,12.0,3,09:45-10:00
2026-05-20,ES,GlobexLow,breakout,long,TP8_SL4,8,4,7380.0,TP,8.0,0,10:00-10:30
2026-05-20,ES,GlobexLow,breakout,long,TP12_SL6,12,6,7380.0,TP,12.0,0,10:00-10:30
2026-05-20,ES,GlobexHigh,reject,short,TP8_SL4,8,4,7442.25,SL,-4.0,2,11:00-12:00
2026-05-20,ES,GlobexHigh,reject,short,TP12_SL6,12,6,7442.25,TP,12.0,11,11:00-12:00
2026-05-21,ES,GlobexLow,reject,short,TP8_SL4,8,4,7416.75,SL,-4.0,1,09:30-09:45
2026-05-21,ES,GlobexLow,reject,short,TP12_SL6,12,6,7416.75,SL,-6.0,2,09:30-09:45
2026-05-21,ES,OR15High,reject,short,TP8_SL4,8,4,7416.75,SL,-4.0,1,09:30-09:45
2026-05-21,ES,OR15High,reject,short,TP12_SL6,12,6,7416.75,SL,-6.0,2,09:30-09:45
2026-05-21,ES,VWAP,reject,short,TP8_SL4,8,4,7416.75,SL,-4.0,1,09:30-09:45
2026-05-21,ES,VWAP,reject,short,TP12_SL6,12,6,7416.75,SL,-6.0,2,09:30-09:45
2026-05-21,ES,OR15Low,reject,short,TP8_SL4,8,4,7418.5,TP,8.0,12,09:30-09:45
2026-05-21,ES,OR15Low,reject,short,TP12_SL6,12,6,7418.5,SL,-6.0,16,09:30-09:45
2026-05-21,ES,PriorRTHHigh,reject,short,TP8_SL4,8,4,7454.0,SL,-4.0,2,12:00-14:00
2026-05-21,ES,PriorRTHHigh,reject,short,TP12_SL6,12,6,7454.0,SL,-6.0,2,12:00-14:00
2026-05-21,ES,GlobexHigh,reject,short,TP8_SL4,8,4,7481.25,TP,8.0,5,12:00-14:00
2026-05-21,ES,GlobexHigh,reject,short,TP12_SL6,12,6,7481.25,TP,12.0,8,12:00-14:00
2026-05-22,ES,OR15Low,breakout,long,TP8_SL4,8,4,7507.0,SL,-4.0,0,09:30-09:45
2026-05-22,ES,OR15Low,breakout,long,TP12_SL6,12,6,7507.0,SL,-6.0,0,09:30-09:45
2026-05-22,ES,GlobexHigh,reject,short,TP8_SL4,8,4,7501.5,SL,-4.0,0,09:30-09:45
2026-05-22,ES,GlobexHigh,reject,short,TP12_SL6,12,6,7501.5,SL,-6.0,3,09:30-09:45
2026-05-22,ES,PriorRTHHigh,breakout,long,TP8_SL4,8,4,7501.5,TP,8.0,3,09:30-09:45
2026-05-22,ES,PriorRTHHigh,breakout,long,TP12_SL6,12,6,7501.5,TP,12.0,5,09:30-09:45
2026-05-22,ES,VWAP,reject,short,TP8_SL4,8,4,7501.5,SL,-4.0,0,09:30-09:45
2026-05-22,ES,VWAP,reject,short,TP12_SL6,12,6,7501.5,SL,-6.0,3,09:30-09:45
2026-05-22,ES,OR15High,reject,short,TP8_SL4,8,4,7509.5,SL,-4.0,4,09:30-09:45
2026-05-22,ES,OR15High,reject,short,TP12_SL6,12,6,7509.5,SL,-6.0,5,09:30-09:45
2026-05-22,ES,OR15Low,reject,short,TP8_SL4,8,4,7491.0,SL,-4.0,1,10:00-10:30
2026-05-22,ES,OR15Low,reject,short,TP12_SL6,12,6,7491.0,SL,-6.0,3,10:00-10:30
2026-05-22,ES,PriorRTHHigh,reject,short,TP8_SL4,8,4,7491.5,SL,-4.0,1,10:00-10:30
2026-05-22,ES,PriorRTHHigh,reject,short,TP12_SL6,12,6,7491.5,SL,-6.0,2,10:00-10:30
2026-05-22,ES,GlobexLow,breakout,long,TP8_SL4,8,4,7484.5,SL,-4.0,0,10:00-10:30
2026-05-22,ES,GlobexLow,breakout,long,TP12_SL6,12,6,7484.5,TP,12.0,13,10:00-10:30
2026-05-25,ES,GlobexHigh,reject,short,TP8_SL4,8,4,7562.0,SL,-4.0,61,10:00-10:30
2026-05-25,ES,GlobexHigh,reject,short,TP12_SL6,12,6,7562.0,SL,-6.0,61,10:00-10:30
2026-05-25,ES,OR15High,reject,short,TP8_SL4,8,4,7562.0,SL,-4.0,61,10:00-10:30
2026-05-25,ES,OR15High,reject,short,TP12_SL6,12,6,7562.0,SL,-6.0,61,10:00-10:30
2026-05-25,ES,OR15Low,reject,short,TP8_SL4,8,4,7562.0,SL,-4.0,61,10:00-10:30
2026-05-25,ES,OR15Low,reject,short,TP12_SL6,12,6,7562.0,SL,-6.0,61,10:00-10:30
2026-05-25,ES,VWAP,reject,short,TP8_SL4,8,4,7562.0,SL,-4.0,61,10:00-10:30
2026-05-25,ES,VWAP,reject,short,TP12_SL6,12,6,7562.0,SL,-6.0,61,10:00-10:30
2026-05-26,ES,OR15High,reject,short,TP8_SL4,8,4,7530.5,SL,-4.0,8,09:30-09:45
2026-05-26,ES,OR15High,reject,short,TP12_SL6,12,6,7530.5,SL,-6.0,8,09:30-09:45
2026-05-26,ES,VWAP,reject,short,TP8_SL4,8,4,7530.5,SL,-4.0,8,09:30-09:45
2026-05-26,ES,VWAP,reject,short,TP12_SL6,12,6,7530.5,SL,-6.0,8,09:30-09:45
2026-05-26,ES,GlobexLow,reject,short,TP8_SL4,8,4,7528.25,SL,-4.0,3,09:30-09:45
2026-05-26,ES,GlobexLow,reject,short,TP12_SL6,12,6,7528.25,SL,-6.0,6,09:30-09:45
2026-05-26,ES,OR15Low,reject,short,TP8_SL4,8,4,7528.25,SL,-4.0,3,09:30-09:45
2026-05-26,ES,OR15Low,reject,short,TP12_SL6,12,6,7528.25,SL,-6.0,6,09:30-09:45
2026-05-26,ES,GlobexHigh,reject,short,TP8_SL4,8,4,7537.25,SL,-4.0,8,09:45-10:00
2026-05-26,ES,GlobexHigh,reject,short,TP12_SL6,12,6,7537.25,SL,-6.0,11,09:45-10:00
2026-05-26,ES,PriorRTHLow,reject,short,TP8_SL4,8,4,7548.75,SL,-4.0,6,10:00-10:30
2026-05-26,ES,PriorRTHLow,reject,short,TP12_SL6,12,6,7548.75,SL,-6.0,7,10:00-10:30
2026-05-27,ES,OR15High,reject,short,TP8_SL4,8,4,7540.75,SL,-4.0,3,09:30-09:45
2026-05-27,ES,OR15High,reject,short,TP12_SL6,12,6,7540.75,TP,12.0,11,09:30-09:45
2026-05-27,ES,OR15Low,breakout,long,TP8_SL4,8,4,7540.75,SL,-4.0,5,09:30-09:45
2026-05-27,ES,OR15Low,breakout,long,TP12_SL6,12,6,7540.75,SL,-6.0,8,09:30-09:45
2026-05-27,ES,VWAP,reject,short,TP8_SL4,8,4,7540.75,SL,-4.0,3,09:30-09:45
2026-05-27,ES,VWAP,reject,short,TP12_SL6,12,6,7540.75,TP,12.0,11,09:30-09:45
2026-05-27,ES,PriorRTHLow,breakout,long,TP8_SL4,8,4,7529.5,SL,-4.0,0,09:30-09:45
2026-05-27,ES,PriorRTHLow,breakout,long,TP12_SL6,12,6,7529.5,TP,12.0,17,09:30-09:45
2026-05-27,ES,GlobexLow,breakout,long,TP8_SL4,8,4,7528.25,TP,8.0,7,09:45-10:00
2026-05-27,ES,GlobexLow,breakout,long,TP12_SL6,12,6,7528.25,TP,12.0,16,09:45-10:00
2026-05-27,ES,OR15Low,reject,short,TP8_SL4,8,4,7529.0,SL,-4.0,3,09:45-10:00
2026-05-27,ES,OR15Low,reject,short,TP12_SL6,12,6,7529.0,SL,-6.0,4,09:45-10:00
2026-05-27,ES,PriorRTHLow,reject,short,TP8_SL4,8,4,7519.75,SL,-4.0,5,11:00-12:00
2026-05-27,ES,PriorRTHLow,reject,short,TP12_SL6,12,6,7519.75,SL,-6.0,5,11:00-12:00
2026-05-28,ES,OR15Low,breakout,long,TP8_SL4,8,4,7532.75,SL,-4.0,0,09:30-09:45
2026-05-28,ES,OR15Low,breakout,long,TP12_SL6,12,6,7532.75,SL,-6.0,2,09:30-09:45
2026-05-28,ES,PriorRTHLow,breakout,long,TP8_SL4,8,4,7529.0,TP,8.0,19,09:30-09:45
2026-05-28,ES,PriorRTHLow,breakout,long,TP12_SL6,12,6,7529.0,TP,12.0,38,09:30-09:45
2026-05-28,ES,OR15High,reject,short,TP8_SL4,8,4,7529.0,SL,-4.0,16,09:30-09:45
2026-05-28,ES,OR15High,reject,short,TP12_SL6,12,6,7529.0,SL,-6.0,18,09:30-09:45
2026-05-28,ES,VWAP,reject,short,TP8_SL4,8,4,7529.0,SL,-4.0,16,09:30-09:45
2026-05-28,ES,VWAP,reject,short,TP12_SL6,12,6,7529.0,SL,-6.0,18,09:30-09:45
2026-05-28,ES,OR15Low,reject,short,TP8_SL4,8,4,7528.25,SL,-4.0,14,09:30-09:45
2026-05-28,ES,OR15Low,reject,short,TP12_SL6,12,6,7528.25,SL,-6.0,16,09:30-09:45
2026-05-28,ES,PriorRTHHigh,reject,short,TP8_SL4,8,4,7534.75,SL,-4.0,4,10:00-10:30
2026-05-28,ES,PriorRTHHigh,reject,short,TP12_SL6,12,6,7534.75,SL,-6.0,8,10:00-10:30
2026-05-28,ES,GlobexHigh,reject,short,TP8_SL4,8,4,7582.75,EOD,0.75,16,14:00-close
2026-05-28,ES,GlobexHigh,reject,short,TP12_SL6,12,6,7582.75,EOD,0.75,16,14:00-close
2026-05-29,ES,GlobexLow,breakout,long,TP8_SL4,8,4,7592.25,TP,8.0,7,09:30-09:45
2026-05-29,ES,GlobexLow,breakout,long,TP12_SL6,12,6,7592.25,TP,12.0,8,09:30-09:45
2026-05-29,ES,PriorRTHHigh,breakout,long,TP8_SL4,8,4,7596.75,TP,8.0,7,09:30-09:45
2026-05-29,ES,PriorRTHHigh,breakout,long,TP12_SL6,12,6,7596.75,TP,12.0,8,09:30-09:45
2026-05-29,ES,OR15Low,breakout,long,TP8_SL4,8,4,7596.75,TP,8.0,7,09:30-09:45
2026-05-29,ES,OR15Low,breakout,long,TP12_SL6,12,6,7596.75,TP,12.0,8,09:30-09:45
2026-05-29,ES,GlobexHigh,breakout,long,TP8_SL4,8,4,7602.75,TP,8.0,17,09:30-09:45
2026-05-29,ES,GlobexHigh,breakout,long,TP12_SL6,12,6,7602.75,SL,-6.0,36,09:30-09:45
2026-05-29,ES,VWAP,breakout,long,TP8_SL4,8,4,7602.75,TP,8.0,17,09:30-09:45
2026-05-29,ES,VWAP,breakout,long,TP12_SL6,12,6,7602.75,SL,-6.0,36,09:30-09:45
2026-05-29,ES,GlobexHigh,reject,short,TP8_SL4,8,4,7604.0,SL,-4.0,0,09:45-10:00
2026-05-29,ES,GlobexHigh,reject,short,TP12_SL6,12,6,7604.0,SL,-6.0,7,09:45-10:00
2026-05-29,ES,OR15High,reject,short,TP8_SL4,8,4,7604.0,SL,-4.0,0,09:45-10:00
2026-05-29,ES,OR15High,reject,short,TP12_SL6,12,6,7604.0,SL,-6.0,7,09:45-10:00
2026-05-29,ES,VWAP,reject,short,TP8_SL4,8,4,7604.0,SL,-4.0,0,09:45-10:00
2026-05-29,ES,VWAP,reject,short,TP12_SL6,12,6,7604.0,SL,-6.0,7,09:45-10:00
2026-05-29,ES,PriorRTHHigh,reject,short,TP8_SL4,8,4,7593.75,SL,-4.0,1,10:30-11:00
2026-05-29,ES,PriorRTHHigh,reject,short,TP12_SL6,12,6,7593.75,SL,-6.0,1,10:30-11:00
2026-05-29,ES,OR15Low,reject,short,TP8_SL4,8,4,7593.75,SL,-4.0,1,10:30-11:00
2026-05-29,ES,OR15Low,reject,short,TP12_SL6,12,6,7593.75,SL,-6.0,1,10:30-11:00
2026-05-29,ES,GlobexLow,reject,short,TP8_SL4,8,4,7582.25,SL,-4.0,6,10:30-11:00
2026-05-29,ES,GlobexLow,reject,short,TP12_SL6,12,6,7582.25,SL,-6.0,6,10:30-11:00
