sym,date,gap_pct,gap_bucket,level,level_val,entry_time,entry_price,ret_eod,TP1.0_SL0.5_result,TP1.0_SL0.5_ret,TP1.5_SL0.5_result,TP1.5_SL0.5_ret,TP2.0_SL1.0_result,TP2.0_SL1.0_ret
AAPL,2026-01-26,1.424,gap_1_2,PMH,251.96,09:39,252.6348,1.102,TP,1.0,TP,1.5,EOD,1.1025
AAPL,2026-01-27,1.456,gap_1_2,PMH,259.8,09:32,260.525,-0.866,SL,-0.5,SL,-0.5,EOD,-0.8656
AAPL,2026-04-17,1.409,gap_1_2,PDH,267.16,09:31,267.454,1.021,TP,1.0,TP,1.5,EOD,1.0211
AAPL,2026-05-01,2.821,gap_2plus,PMH,282.42,09:32,283.02,-1.014,SL,-0.5,SL,-0.5,SL,-1.0
AAPL,2026-06-15,1.02,gap_1_2,PMH,294.9,09:40,295.1185,0.472,EOD,0.4715,EOD,0.4715,EOD,0.4715
ABBV,2026-03-30,1.405,gap_1_2,PMH,211.46,09:36,211.965,0.592,EOD,0.5921,EOD,0.5921,EOD,0.5921
ABBV,2026-05-15,1.096,gap_1_2,PMH,213.0,09:32,213.4682,-1.451,SL,-0.5,SL,-0.5,SL,-1.0
ABBV,2026-06-04,2.473,gap_2plus,PMH,222.39,09:32,223.245,0.75,SL,-0.5,SL,-0.5,SL,-1.0
ABBV,2026-06-05,1.089,gap_1_2,PMH,227.3121,10:07,227.32,-0.031,TP,1.0,EOD,-0.0308,EOD,-0.0308
ABBV,2026-06-12,1.219,gap_1_2,BOTH,227.43,09:32,227.674,-0.019,SL,-0.5,SL,-0.5,SL,-1.0
ABNB,2025-12-17,1.477,gap_1_2,PMH,134.69,09:31,134.76,-0.735,TP,1.0,TP,1.5,EOD,-0.7346
ABNB,2026-01-15,1.333,gap_1_2,PMH,134.75,09:36,135.3,-1.988,SL,-0.5,SL,-0.5,SL,-1.0
ABNB,2026-02-13,9.059,gap_2plus,PDH,121.48,10:30,121.76,-0.337,TP,1.0,SL,-0.5,SL,-1.0
ABNB,2026-03-23,1.361,gap_1_2,PDH,130.71,09:36,131.01,1.214,TP,1.0,TP,1.5,TP,2.0
ABNB,2026-03-31,1.609,gap_1_2,PMH,125.02,09:51,125.04,0.944,SL,-0.5,SL,-0.5,SL,-1.0
ABNB,2026-04-16,1.025,gap_1_2,PMH,138.33,09:49,138.37,-0.426,SL,-0.5,SL,-0.5,SL,-1.0
ABNB,2026-04-17,1.945,gap_1_2,BOTH,139.95,09:35,140.88,0.476,TP,1.0,TP,1.5,EOD,0.4756
ABNB,2026-04-22,2.681,gap_2plus,PDH,145.77,09:36,146.1,-1.342,SL,-0.5,SL,-0.5,SL,-1.0
ABNB,2026-04-30,1.241,gap_1_2,BOTH,140.36,09:31,141.18,-0.567,SL,-0.5,SL,-0.5,SL,-1.0
ABNB,2026-05-06,1.378,gap_1_2,PDH,140.815,09:53,140.96,-0.809,SL,-0.5,SL,-0.5,SL,-1.0
ABNB,2026-06-04,1.796,gap_1_2,PMH,135.94,09:42,136.0,-1.669,SL,-0.5,SL,-0.5,SL,-1.0
ABNB,2026-06-12,1.147,gap_1_2,PDH,130.98,09:35,131.21,0.815,SL,-0.5,SL,-0.5,SL,-1.0
ABNB,2026-06-15,1.618,gap_1_2,PMH,135.0,09:31,137.095,1.364,TP,1.0,TP,1.5,TP,2.0
ABT,2026-03-13,1.165,gap_1_2,PMH,108.7705,09:47,108.87,-0.781,SL,-0.5,SL,-0.5,SL,-1.0
ABT,2026-03-25,1.336,gap_1_2,PMH,105.18,09:37,105.35,-0.494,SL,-0.5,SL,-0.5,SL,-1.0
ABT,2026-04-08,1.282,gap_1_2,PDH,102.865,10:13,102.925,0.685,EOD,0.685,EOD,0.685,EOD,0.685
ABT,2026-04-28,1.066,gap_1_2,PMH,94.0,09:32,94.19,-0.356,SL,-0.5,SL,-0.5,EOD,-0.3557
ABT,2026-05-12,1.029,gap_1_2,PMH,83.35,09:48,83.5796,0.946,TP,1.0,TP,1.5,EOD,0.9457
ABT,2026-05-15,1.178,gap_1_2,PMH,85.83,09:39,85.91,-1.665,SL,-0.5,SL,-0.5,SL,-1.0
ABT,2026-06-05,1.135,gap_1_2,PMH,91.69,09:32,91.735,-0.709,TP,1.0,SL,-0.5,EOD,-0.7086
ACN,2026-01-22,1.104,gap_1_2,PDH,285.535,09:35,285.575,-0.149,TP,1.0,SL,-0.5,EOD,-0.1488
ACN,2026-02-26,1.284,gap_1_2,PDH,196.82,09:32,197.25,5.141,SL,-0.5,SL,-0.5,SL,-1.0
ACN,2026-03-25,1.018,gap_1_2,PMH,195.13,09:37,195.6,-1.728,SL,-0.5,SL,-0.5,SL,-1.0
ACN,2026-03-30,1.293,gap_1_2,PDH,195.54,09:37,195.85,0.883,SL,-0.5,SL,-0.5,EOD,0.8833
ACN,2026-03-31,1.225,gap_1_2,PDH,198.5676,09:46,198.6,-0.206,SL,-0.5,SL,-0.5,SL,-1.0
ACN,2026-04-15,1.392,gap_1_2,BOTH,194.3,09:34,194.705,-0.36,SL,-0.5,SL,-0.5,SL,-1.0
ACN,2026-04-16,1.152,gap_1_2,PMH,195.69,09:32,196.14,-1.071,SL,-0.5,SL,-0.5,SL,-1.0
ACN,2026-05-01,1.449,gap_1_2,PDH,178.99,11:48,179.06,0.424,EOD,0.4244,EOD,0.4244,EOD,0.4244
ACN,2026-05-14,1.523,gap_1_2,PMH,164.3506,09:34,164.875,-0.537,SL,-0.5,SL,-0.5,SL,-1.0
ACN,2026-05-15,2.122,gap_2plus,PDH,166.07,09:46,166.48,1.412,SL,-0.5,SL,-0.5,EOD,1.4116
ACN,2026-05-19,1.391,gap_1_2,PMH,180.0,09:38,180.435,-2.037,TP,1.0,TP,1.5,TP,2.0
ACN,2026-06-01,3.361,gap_2plus,PMH,194.0,10:11,194.38,1.142,SL,-0.5,SL,-0.5,EOD,1.1421
ADI,2025-12-18,1.693,gap_1_2,PMH,276.41,09:31,276.56,-0.589,SL,-0.5,SL,-0.5,SL,-1.0
ADI,2025-12-22,1.152,gap_1_2,PMH,277.78,09:33,278.065,-0.811,SL,-0.5,SL,-0.5,EOD,-0.811
ADI,2026-01-15,1.306,gap_1_2,PDH,298.86,09:38,298.88,1.077,TP,1.0,TP,1.5,TP,2.0
ADI,2026-01-16,1.797,gap_1_2,PMH,307.74,09:32,308.0,-2.549,SL,-0.5,SL,-0.5,SL,-1.0
ADI,2026-01-21,1.14,gap_1_2,PDH,302.03,09:46,302.08,0.96,TP,1.0,TP,1.5,TP,2.0
ADI,2026-01-22,1.472,gap_1_2,PDH,308.15,11:47,308.27,0.081,EOD,0.0811,EOD,0.0811,EOD,0.0811
ADI,2026-02-04,1.449,gap_1_2,PMH,315.66,09:35,316.255,1.323,TP,1.0,TP,1.5,SL,-1.0
ADI,2026-02-24,1.107,gap_1_2,PMH,359.0,09:34,359.44,-0.926,SL,-0.5,SL,-0.5,SL,-1.0
ADI,2026-02-25,1.379,gap_1_2,PMH,360.0,09:32,360.01,0.203,EOD,0.2028,EOD,0.2028,EOD,0.2028
ADI,2026-03-04,1.366,gap_1_2,PMH,342.25,10:32,342.4,-0.266,SL,-0.5,SL,-0.5,EOD,-0.2658
ADI,2026-03-13,1.077,gap_1_2,PMH,309.81,09:33,309.97,-1.223,SL,-0.5,SL,-0.5,SL,-1.0
ADI,2026-03-16,1.881,gap_1_2,PDH,311.245,09:41,311.48,-0.18,SL,-0.5,SL,-0.5,EOD,-0.1798
ADI,2026-03-25,1.066,gap_1_2,PMH,326.76,09:40,327.625,-1.708,SL,-0.5,SL,-0.5,SL,-1.0
ADI,2026-03-31,2.003,gap_2plus,PMH,307.0,10:58,307.015,3.601,TP,1.0,TP,1.5,TP,2.0
ADI,2026-04-17,1.602,gap_1_2,PMH,365.9223,10:35,366.0793,1.483,TP,1.0,TP,1.5,EOD,1.4835
ADI,2026-04-22,1.358,gap_1_2,PMH,380.15,09:31,380.29,0.289,SL,-0.5,SL,-0.5,EOD,0.2893
ADI,2026-04-23,4.098,gap_2plus,PMH,401.67,09:35,401.72,0.582,SL,-0.5,SL,-0.5,EOD,0.5825
ADI,2026-04-29,2.536,gap_2plus,PDH,393.1,09:31,393.45,-1.019,SL,-0.5,SL,-0.5,SL,-1.0
ADI,2026-05-04,1.126,gap_1_2,PDH,399.0499,10:05,399.14,-0.509,SL,-0.5,SL,-0.5,SL,-1.0
ADI,2026-05-13,1.942,gap_1_2,PMH,435.0,09:41,435.11,-0.602,SL,-0.5,SL,-0.5,SL,-1.0
ADI,2026-05-18,2.372,gap_2plus,PDH,422.18,09:50,422.68,-0.972,SL,-0.5,SL,-0.5,SL,-1.0
ADI,2026-05-22,1.252,gap_1_2,PMH,390.0,09:31,391.67,1.376,TP,1.0,TP,1.5,TP,2.0
ADI,2026-06-02,2.138,gap_2plus,PMH,412.02,09:32,413.0,2.433,TP,1.0,TP,1.5,TP,2.0
ADI,2026-06-11,2.416,gap_2plus,PMH,404.99,10:22,405.485,1.636,SL,-0.5,SL,-0.5,SL,-1.0
ADI,2026-06-15,2.753,gap_2plus,PMH,430.0,09:31,430.09,-0.618,SL,-0.5,SL,-0.5,SL,-1.0
ADSK,2026-02-02,2.543,gap_2plus,PDH,255.67,09:33,256.32,-0.289,TP,1.0,SL,-0.5,SL,-1.0
ADSK,2026-02-05,1.027,gap_1_2,PMH,245.24,09:34,246.06,-3.304,SL,-0.5,SL,-0.5,SL,-1.0
ADSK,2026-03-30,1.121,gap_1_2,PMH,234.0,09:34,234.25,0.61,SL,-0.5,SL,-0.5,EOD,0.6105
ADSK,2026-04-08,2.632,gap_2plus,PMH,240.8,09:42,240.885,-0.127,SL,-0.5,SL,-0.5,EOD,-0.1266
ADSK,2026-04-15,2.712,gap_2plus,PMH,234.94,09:34,236.065,1.379,TP,1.0,TP,1.5,EOD,1.3789
ADSK,2026-04-16,2.169,gap_2plus,PDH,240.78,10:28,240.88,0.98,TP,1.0,EOD,0.9797,EOD,0.9797
ADSK,2026-04-17,2.602,gap_2plus,PDH,245.58,09:33,245.72,-1.506,TP,1.0,SL,-0.5,SL,-1.0
ADSK,2026-04-28,1.247,gap_1_2,PMH,239.0,09:31,239.88,-2.126,SL,-0.5,SL,-0.5,SL,-1.0
ADSK,2026-05-01,2.055,gap_2plus,PMH,241.87,09:41,243.42,0.386,SL,-0.5,SL,-0.5,SL,-1.0
ADSK,2026-05-07,1.427,gap_1_2,PDH,248.75,09:39,249.01,0.839,TP,1.0,TP,1.5,TP,2.0
ADSK,2026-05-19,2.254,gap_2plus,PMH,250.12,09:47,250.43,-2.5,SL,-0.5,SL,-0.5,SL,-1.0
ADSK,2026-06-01,2.396,gap_2plus,PMH,240.0,09:34,240.95,3.03,SL,-0.5,SL,-0.5,SL,-1.0
ADSK,2026-06-04,3.028,gap_2plus,PDH,235.2493,09:41,236.1,-1.042,SL,-0.5,SL,-0.5,SL,-1.0
ALAB,2025-12-17,3.704,gap_2plus,PMH,151.28,09:33,151.483,-7.343,SL,-0.5,SL,-0.5,SL,-1.0
ALAB,2025-12-18,3.299,gap_2plus,PMH,147.2,10:03,147.2084,-0.909,SL,-0.5,SL,-0.5,SL,-1.0
ALAB,2025-12-22,1.632,gap_1_2,PMH,169.0,09:41,169.873,1.705,TP,1.0,TP,1.5,TP,2.0
ALAB,2025-12-26,1.432,gap_1_2,PDH,172.33,09:38,172.3899,-3.057,SL,-0.5,SL,-0.5,SL,-1.0
ALAB,2026-01-02,3.226,gap_2plus,PDH,174.22,10:26,174.71,2.747,SL,-0.5,SL,-0.5,SL,-1.0
ALAB,2026-01-05,3.058,gap_2plus,PDH,182.9,09:36,183.13,-8.721,SL,-0.5,SL,-0.5,SL,-1.0
ALAB,2026-01-13,1.606,gap_1_2,BOTH,175.8,09:34,176.88,2.058,TP,1.0,SL,-0.5,SL,-1.0
ALAB,2026-01-15,2.561,gap_2plus,PMH,178.5,09:34,178.51,-2.302,SL,-0.5,SL,-0.5,SL,-1.0
ALAB,2026-01-16,2.689,gap_2plus,BOTH,179.96,09:36,182.17,-0.082,SL,-0.5,SL,-0.5,SL,-1.0
ALAB,2026-01-28,1.275,gap_1_2,PMH,174.8,09:31,175.105,-4.155,SL,-0.5,SL,-0.5,SL,-1.0
ALAB,2026-02-03,2.012,gap_2plus,PMH,157.5,09:31,162.43,-2.309,SL,-0.5,SL,-0.5,SL,-1.0
ALAB,2026-02-06,6.981,gap_2plus,PMH,154.05,09:31,154.32,10.051,TP,1.0,SL,-0.5,TP,2.0
ALAB,2026-02-12,1.656,gap_1_2,PMH,147.7997,09:42,148.3899,-14.711,SL,-0.5,SL,-0.5,SL,-1.0
ALAB,2026-02-13,1.327,gap_1_2,PMH,129.76,11:05,130.39,-0.821,SL,-0.5,SL,-0.5,SL,-1.0
ALAB,2026-02-24,1.095,gap_1_2,PDH,128.56,09:36,129.19,-0.612,TP,1.0,TP,1.5,SL,-1.0
ALAB,2026-03-04,1.866,gap_1_2,PMH,113.4,10:00,113.57,0.264,TP,1.0,TP,1.5,TP,2.0
ALAB,2026-03-05,4.962,gap_2plus,PMH,122.0,09:34,122.44,-1.846,TP,1.0,SL,-0.5,SL,-1.0
ALAB,2026-03-13,1.176,gap_1_2,PMH,121.8,09:31,122.72,-1.899,SL,-0.5,SL,-0.5,SL,-1.0
ALAB,2026-03-16,2.168,gap_2plus,PMH,123.5,09:42,123.95,2.775,TP,1.0,SL,-0.5,SL,-1.0
ALAB,2026-03-17,2.222,gap_2plus,PDH,130.1399,09:52,130.4399,-2.208,TP,1.0,TP,1.5,TP,2.0
ALAB,2026-03-23,1.041,gap_1_2,PMH,120.0,09:31,121.6,1.76,SL,-0.5,SL,-0.5,SL,-1.0
ALAB,2026-03-25,2.399,gap_2plus,PMH,125.23,09:32,125.745,-4.338,SL,-0.5,SL,-0.5,SL,-1.0
ALAB,2026-04-01,1.607,gap_1_2,PDH,110.44,09:38,110.93,-4.156,SL,-0.5,SL,-0.5,SL,-1.0
ALAB,2026-04-13,1.979,gap_1_2,PDH,151.38,09:31,151.665,9.99,TP,1.0,TP,1.5,TP,2.0
ALAB,2026-04-17,1.751,gap_1_2,PDH,173.58,09:34,174.25,-0.166,SL,-0.5,SL,-0.5,SL,-1.0
ALAB,2026-04-21,7.281,gap_2plus,PMH,193.8,10:13,194.23,-1.04,TP,1.0,SL,-0.5,SL,-1.0
ALAB,2026-04-22,3.283,gap_2plus,PDH,196.77,09:34,197.04,-1.451,TP,1.0,TP,1.5,SL,-1.0
ALAB,2026-04-24,2.974,gap_2plus,PMH,205.82,09:31,206.81,2.896,TP,1.0,SL,-0.5,TP,2.0
ALAB,2026-04-29,2.264,gap_2plus,PMH,189.0,09:52,189.19,4.112,TP,1.0,TP,1.5,SL,-1.0
ALAB,2026-04-30,1.467,gap_1_2,PDH,196.97,09:32,197.96,-1.591,SL,-0.5,SL,-0.5,SL,-1.0
ALAB,2026-05-05,3.217,gap_2plus,PDH,209.38,09:32,209.94,2.789,SL,-0.5,SL,-0.5,TP,2.0
ALAB,2026-05-13,1.985,gap_1_2,PMH,210.5,09:34,210.57,6.482,SL,-0.5,SL,-0.5,SL,-1.0
ALAB,2026-05-20,3.025,gap_2plus,PDH,255.96,09:31,259.7095,10.731,TP,1.0,TP,1.5,SL,-1.0
ALAB,2026-05-27,1.481,gap_1_2,PDH,321.99,09:33,322.84,0.768,SL,-0.5,SL,-0.5,SL,-1.0
ALAB,2026-05-28,2.705,gap_2plus,PMH,335.52,09:31,337.76,3.351,TP,1.0,TP,1.5,SL,-1.0
ALAB,2026-06-02,2.16,gap_2plus,PDH,333.4299,09:31,338.1641,5.209,TP,1.0,SL,-0.5,SL,-1.0
ALAB,2026-06-03,2.462,gap_2plus,PDH,356.39,10:13,357.07,1.745,SL,-0.5,SL,-0.5,SL,-1.0
ALAB,2026-06-08,4.468,gap_2plus,PMH,332.5,09:36,332.5674,3.961,SL,-0.5,SL,-0.5,TP,2.0
ALAB,2026-06-09,2.464,gap_2plus,PDH,353.79,09:35,356.9385,-4.269,SL,-0.5,SL,-0.5,TP,2.0
ALAB,2026-06-11,2.547,gap_2plus,PMH,348.25,09:43,348.8,5.201,SL,-0.5,SL,-0.5,TP,2.0
ALAB,2026-06-12,3.488,gap_2plus,PDH,367.88,09:43,368.0,-0.266,SL,-0.5,SL,-0.5,SL,-1.0
ALAB,2026-06-15,5.163,gap_2plus,BOTH,390.9899,10:25,391.23,-0.565,TP,1.0,SL,-0.5,SL,-1.0
AMAT,2025-12-18,4.295,gap_2plus,PMH,259.92,09:32,260.0201,-2.534,SL,-0.5,SL,-0.5,SL,-1.0
AMAT,2026-01-02,4.155,gap_2plus,PMH,266.98,10:29,267.165,0.608,TP,1.0,SL,-0.5,EOD,0.6082
AMAT,2026-01-09,2.418,gap_2plus,PMH,290.9882,09:35,291.45,3.314,TP,1.0,TP,1.5,TP,2.0
AMAT,2026-01-16,2.07,gap_2plus,PMH,327.2,09:35,327.9438,-0.279,SL,-0.5,SL,-0.5,SL,-1.0
AMAT,2026-01-27,1.545,gap_1_2,PMH,325.48,09:38,326.81,1.753,TP,1.0,TP,1.5,TP,2.0
AMAT,2026-01-28,2.331,gap_2plus,PDH,336.47,11:12,336.605,0.079,SL,-0.5,SL,-0.5,EOD,0.0787
AMAT,2026-02-03,2.6,gap_2plus,PMH,336.03,09:36,337.37,-5.555,SL,-0.5,SL,-0.5,SL,-1.0
AMAT,2026-02-06,1.536,gap_1_2,PMH,313.0,09:32,314.4,2.592,TP,1.0,TP,1.5,TP,2.0
AMAT,2026-02-11,2.685,gap_2plus,PMH,339.0,09:33,340.25,-0.123,TP,1.0,SL,-0.5,SL,-1.0
AMAT,2026-02-13,11.167,gap_2plus,PMH,369.72,09:48,370.5151,-4.239,SL,-0.5,SL,-0.5,SL,-1.0
AMAT,2026-02-25,1.873,gap_1_2,PMH,388.51,09:35,389.035,1.51,TP,1.0,TP,1.5,EOD,1.5101
AMAT,2026-03-04,2.284,gap_2plus,PDH,359.53,10:35,359.5802,-0.503,SL,-0.5,SL,-0.5,SL,-1.0
AMAT,2026-03-13,1.42,gap_1_2,PDH,345.48,09:41,345.56,-1.163,TP,1.0,SL,-0.5,SL,-1.0
AMAT,2026-03-16,1.663,gap_1_2,PDH,349.2499,09:53,349.37,-0.913,SL,-0.5,SL,-0.5,SL,-1.0
AMAT,2026-03-30,1.901,gap_1_2,PMH,343.16,09:31,344.2,-6.127,SL,-0.5,SL,-0.5,SL,-1.0
AMAT,2026-03-31,1.795,gap_1_2,PMH,331.9799,09:53,332.69,2.738,SL,-0.5,SL,-0.5,SL,-1.0
AMAT,2026-04-08,6.946,gap_2plus,PMH,382.65,09:31,382.92,0.705,TP,1.0,TP,1.5,SL,-1.0
AMAT,2026-04-10,1.179,gap_1_2,PMH,405.0,09:51,405.56,-1.502,SL,-0.5,SL,-0.5,SL,-1.0
AMAT,2026-04-17,2.183,gap_2plus,PDH,393.51,09:48,393.96,0.759,SL,-0.5,SL,-0.5,EOD,0.759
AMAT,2026-04-22,1.392,gap_1_2,PDH,397.51,10:36,398.21,1.321,SL,-0.5,SL,-0.5,EOD,1.3209
AMAT,2026-04-24,2.127,gap_2plus,PMH,416.3603,09:32,416.99,-0.017,SL,-0.5,SL,-0.5,SL,-1.0
AMAT,2026-05-05,3.316,gap_2plus,PMH,404.0,09:37,404.63,1.562,SL,-0.5,SL,-0.5,TP,2.0
AMAT,2026-05-06,2.399,gap_2plus,PMH,428.65,09:34,431.14,-0.589,SL,-0.5,SL,-0.5,SL,-1.0
AMAT,2026-05-08,3.072,gap_2plus,PMH,424.91,09:35,425.49,2.344,TP,1.0,TP,1.5,TP,2.0
AMAT,2026-05-11,1.246,gap_1_2,PDH,438.04,09:32,438.37,1.179,TP,1.0,TP,1.5,TP,2.0
AMAT,2026-05-14,1.571,gap_1_2,PDH,440.5,09:33,441.05,-0.037,TP,1.0,TP,1.5,EOD,-0.0374
AMAT,2026-05-20,2.428,gap_2plus,PMH,417.0,10:14,417.76,2.106,TP,1.0,TP,1.5,TP,2.0
AMAT,2026-05-22,1.605,gap_1_2,PMH,435.31,09:31,435.51,-0.769,SL,-0.5,SL,-0.5,SL,-1.0
AMAT,2026-05-26,3.078,gap_2plus,PMH,445.47,09:45,445.51,2.137,TP,1.0,TP,1.5,TP,2.0
AMAT,2026-05-27,1.358,gap_1_2,PDH,456.78,09:31,457.025,-1.922,TP,1.0,SL,-0.5,SL,-1.0
AMAT,2026-06-02,1.641,gap_1_2,BOTH,463.8799,09:33,467.29,4.875,TP,1.0,TP,1.5,TP,2.0
AMAT,2026-06-08,5.063,gap_2plus,PMH,479.0,09:32,479.11,2.718,TP,1.0,TP,1.5,TP,2.0
AMAT,2026-06-11,5.086,gap_2plus,PMH,523.02,09:39,523.72,5.476,TP,1.0,TP,1.5,TP,2.0
AMD,2025-12-18,2.875,gap_2plus,PMH,204.5,09:51,204.7,-1.817,SL,-0.5,SL,-0.5,SL,-1.0
AMD,2025-12-19,1.801,gap_1_2,PDH,206.36,09:33,206.53,3.38,SL,-0.5,SL,-0.5,TP,2.0
AMD,2025-12-22,3.04,gap_2plus,PDH,215.18,09:40,215.22,-0.125,SL,-0.5,SL,-0.5,EOD,-0.1255
AMD,2026-01-15,1.951,gap_1_2,PMH,231.36,09:31,232.68,-2.05,TP,1.0,SL,-0.5,TP,2.0
AMD,2026-01-21,1.712,gap_1_2,PMH,238.55,09:38,239.08,4.427,TP,1.0,TP,1.5,TP,2.0
AMD,2026-01-23,2.909,gap_2plus,PMH,262.5,09:44,262.835,-1.212,SL,-0.5,SL,-0.5,SL,-1.0
AMD,2026-02-03,2.14,gap_2plus,PDH,249.97,09:35,250.455,-3.332,SL,-0.5,SL,-0.5,SL,-1.0
AMD,2026-02-06,2.411,gap_2plus,PMH,201.75,09:36,202.5398,2.819,TP,1.0,TP,1.5,TP,2.0
AMD,2026-02-11,1.882,gap_1_2,PMH,217.74,09:31,218.04,-2.082,SL,-0.5,SL,-0.5,SL,-1.0
AMD,2026-02-12,1.091,gap_1_2,PMH,216.45,09:32,217.5,-5.333,SL,-0.5,SL,-0.5,SL,-1.0
AMD,2026-03-23,2.452,gap_2plus,PMH,207.2,09:31,207.815,-2.5,SL,-0.5,SL,-0.5,SL,-1.0
AMD,2026-03-30,1.475,gap_1_2,PMH,206.0,09:31,207.395,-5.47,SL,-0.5,SL,-0.5,SL,-1.0
AMD,2026-03-31,1.046,gap_1_2,PMH,200.02,09:54,200.17,1.584,SL,-0.5,SL,-0.5,SL,-1.0
AMD,2026-04-01,2.08,gap_2plus,PMH,209.0,09:34,209.15,0.497,SL,-0.5,SL,-0.5,TP,2.0
AMD,2026-04-14,1.22,gap_1_2,PDH,247.33,09:35,247.335,3.123,SL,-0.5,SL,-0.5,TP,2.0
AMD,2026-04-16,2.685,gap_2plus,PMH,265.6,09:33,266.47,4.425,TP,1.0,SL,-0.5,SL,-1.0
AMD,2026-04-22,2.389,gap_2plus,PMH,292.7,10:22,292.955,3.579,TP,1.0,TP,1.5,TP,2.0
AMD,2026-04-24,10.325,gap_2plus,PMH,346.5,09:48,347.58,0.052,SL,-0.5,SL,-0.5,SL,-1.0
AMD,2026-04-29,1.111,gap_1_2,PDH,327.5,10:28,327.72,2.85,TP,1.0,TP,1.5,TP,2.0
AMD,2026-04-30,1.274,gap_1_2,PDH,340.17,09:43,340.2,4.159,SL,-0.5,SL,-0.5,SL,-1.0
AMD,2026-05-05,2.999,gap_2plus,PMH,352.4,10:35,352.955,0.67,SL,-0.5,SL,-0.5,EOD,0.6701
AMD,2026-05-08,2.456,gap_2plus,PDH,421.71,09:31,424.405,7.209,SL,-0.5,SL,-0.5,TP,2.0
AMD,2026-05-11,1.233,gap_1_2,PDH,456.29,09:42,457.93,0.214,SL,-0.5,SL,-0.5,SL,-1.0
AMD,2026-05-20,3.364,gap_2plus,BOTH,428.75,09:32,431.15,3.811,SL,-0.5,SL,-0.5,TP,2.0
AMD,2026-05-22,4.511,gap_2plus,PMH,470.5,11:08,471.25,-0.794,SL,-0.5,SL,-0.5,SL,-1.0
AMD,2026-05-26,3.698,gap_2plus,PMH,486.37,09:31,487.491,3.328,SL,-0.5,SL,-0.5,SL,-1.0
AMD,2026-06-08,3.993,gap_2plus,PMH,489.675,10:36,489.84,0.033,SL,-0.5,SL,-0.5,EOD,0.0327
AMD,2026-06-11,2.206,gap_2plus,PMH,466.23,09:35,468.92,4.114,SL,-0.5,SL,-0.5,SL,-1.0
AMD,2026-06-12,2.351,gap_2plus,PMH,502.5,09:35,506.5,1.459,SL,-0.5,SL,-0.5,SL,-1.0
AMGN,2026-02-04,4.576,gap_2plus,PDH,349.5,09:33,349.88,4.67,TP,1.0,TP,1.5,TP,2.0
AMGN,2026-03-23,1.124,gap_1_2,PDH,351.245,09:41,351.675,-0.556,SL,-0.5,SL,-0.5,EOD,-0.5559
AMGN,2026-04-08,1.651,gap_1_2,PMH,346.09,09:52,346.115,1.07,TP,1.0,TP,1.5,EOD,1.0705
AMGN,2026-04-17,1.214,gap_1_2,PDH,351.2518,09:38,351.47,1.07,SL,-0.5,SL,-0.5,EOD,1.0698
AMGN,2026-04-28,1.309,gap_1_2,PMH,344.5309,09:33,346.0,-1.858,SL,-0.5,SL,-0.5,SL,-1.0
AMGN,2026-05-27,1.063,gap_1_2,PMH,339.0,09:41,339.14,-0.896,SL,-0.5,SL,-0.5,EOD,-0.8964
AMGN,2026-06-04,2.226,gap_2plus,PMH,346.15,09:34,346.61,-0.286,SL,-0.5,SL,-0.5,SL,-1.0
AMGN,2026-06-11,1.605,gap_1_2,PMH,343.6,09:31,344.74,2.645,TP,1.0,TP,1.5,TP,2.0
AMZN,2025-12-18,2.047,gap_2plus,PMH,226.0,09:32,226.01,0.332,SL,-0.5,SL,-0.5,EOD,0.3318
AMZN,2026-01-05,1.033,gap_1_2,PMH,229.0,09:36,229.1,1.724,TP,1.0,TP,1.5,TP,2.0
AMZN,2026-01-22,1.165,gap_1_2,PDH,232.3,10:12,232.34,0.839,TP,1.0,EOD,0.8393,EOD,0.8393
AMZN,2026-03-23,2.182,gap_2plus,PMH,211.7,09:49,211.735,-0.767,SL,-0.5,SL,-0.5,EOD,-0.7675
AMZN,2026-03-25,2.113,gap_2plus,PMH,212.24,09:33,212.44,-0.346,SL,-0.5,SL,-0.5,SL,-1.0
AMZN,2026-03-30,1.079,gap_1_2,PMH,201.97,09:38,202.26,-0.672,SL,-0.5,SL,-0.5,SL,-1.0
AMZN,2026-03-31,1.986,gap_1_2,PMH,205.37,09:34,205.435,1.39,TP,1.0,TP,1.5,TP,2.0
AMZN,2026-04-01,1.027,gap_1_2,PDH,210.28,09:34,210.515,0.026,SL,-0.5,SL,-0.5,SL,-1.0
AMZN,2026-04-09,1.8,gap_1_2,PMH,225.75,09:46,225.8,3.477,SL,-0.5,SL,-0.5,TP,2.0
AMZN,2026-04-17,2.062,gap_2plus,PMH,255.15,10:33,255.24,-1.869,SL,-0.5,SL,-0.5,SL,-1.0
AMZN,2026-04-22,1.036,gap_1_2,PMH,253.14,10:02,253.15,0.865,TP,1.0,EOD,0.8651,EOD,0.8651
AMZN,2026-04-24,1.905,gap_1_2,PDH,258.79,09:33,259.68,1.61,SL,-0.5,SL,-0.5,EOD,1.6097
AMZN,2026-05-05,1.48,gap_1_2,PMH,276.66,09:32,276.95,-1.246,SL,-0.5,SL,-0.5,SL,-1.0
AMZN,2026-06-04,1.284,gap_1_2,PMH,254.13,09:57,254.3125,-0.156,EOD,-0.1563,EOD,-0.1563,EOD,-0.1563
AMZN,2026-06-09,1.036,gap_1_2,PMH,247.92,09:31,248.13,-1.644,SL,-0.5,SL,-0.5,SL,-1.0
AMZN,2026-06-15,2.708,gap_2plus,PMH,245.85,09:31,246.12,-0.006,EOD,-0.0061,EOD,-0.0061,EOD,-0.0061
AON,2026-01-30,1.169,gap_1_2,PMH,347.1,09:33,348.195,0.442,SL,-0.5,SL,-0.5,SL,-1.0
AON,2026-02-13,1.136,gap_1_2,BOTH,316.5,09:39,318.11,1.078,SL,-0.5,SL,-0.5,EOD,1.0782
AON,2026-02-17,1.029,gap_1_2,PMH,324.31,09:41,324.36,0.493,SL,-0.5,SL,-0.5,SL,-1.0
AON,2026-05-01,4.77,gap_2plus,PMH,325.0,09:31,325.78,-4.3,SL,-0.5,SL,-0.5,SL,-1.0
APH,2025-12-18,2.15,gap_2plus,PDH,129.91,09:34,130.05,-0.338,SL,-0.5,SL,-0.5,SL,-1.0
APH,2026-01-02,1.465,gap_1_2,PDH,137.145,09:31,137.19,1.837,TP,1.0,TP,1.5,TP,2.0
APH,2026-01-12,1.085,gap_1_2,PMH,142.3,09:31,142.84,1.596,TP,1.0,TP,1.5,TP,2.0
APH,2026-01-15,2.275,gap_2plus,PMH,150.4,09:31,150.52,2.498,TP,1.0,TP,1.5,TP,2.0
APH,2026-01-27,1.485,gap_1_2,PMH,157.99,09:32,158.27,5.516,TP,1.0,TP,1.5,TP,2.0
APH,2026-01-29,1.558,gap_1_2,PMH,148.74,09:42,149.055,0.416,TP,1.0,TP,1.5,SL,-1.0
APH,2026-02-06,3.566,gap_2plus,PMH,132.99,09:31,133.21,2.252,TP,1.0,TP,1.5,TP,2.0
APH,2026-02-10,1.283,gap_1_2,PDH,145.265,09:35,145.8,-1.125,SL,-0.5,SL,-0.5,SL,-1.0
APH,2026-02-12,2.256,gap_2plus,BOTH,147.77,09:32,148.325,-3.071,SL,-0.5,SL,-0.5,SL,-1.0
APH,2026-03-05,2.433,gap_2plus,PMH,137.99,09:31,138.005,-1.257,SL,-0.5,SL,-0.5,SL,-1.0
APH,2026-03-23,1.838,gap_1_2,PDH,130.83,09:49,131.04,-0.282,TP,1.0,TP,1.5,EOD,-0.2824
APH,2026-03-25,1.469,gap_1_2,PMH,130.25,10:18,130.54,-1.379,SL,-0.5,SL,-0.5,SL,-1.0
APH,2026-03-30,1.465,gap_1_2,PDH,126.015,09:31,126.07,-5.505,SL,-0.5,SL,-0.5,SL,-1.0
APH,2026-03-31,2.644,gap_2plus,PMH,122.45,09:37,122.54,3.134,TP,1.0,SL,-0.5,TP,2.0
APH,2026-04-14,1.818,gap_1_2,PMH,147.97,10:46,147.98,0.561,EOD,0.5609,EOD,0.5609,EOD,0.5609
APH,2026-05-26,3.543,gap_2plus,PMH,137.99,09:33,138.4,0.838,TP,1.0,TP,1.5,SL,-1.0
APH,2026-06-08,3.772,gap_2plus,PMH,143.76,09:32,144.5,-0.616,SL,-0.5,SL,-0.5,SL,-1.0
APH,2026-06-15,1.748,gap_1_2,PDH,155.29,09:48,155.88,1.764,TP,1.0,TP,1.5,TP,2.0
APP,2025-12-18,2.727,gap_2plus,PDH,688.99,09:32,688.995,0.786,SL,-0.5,SL,-0.5,SL,-1.0
APP,2025-12-22,1.385,gap_1_2,PDH,732.0,09:46,733.5553,-0.016,SL,-0.5,SL,-0.5,SL,-1.0
APP,2026-01-26,1.461,gap_1_2,PMH,543.55,09:31,550.43,-2.662,SL,-0.5,SL,-0.5,SL,-1.0
APP,2026-01-27,2.061,gap_2plus,PMH,550.5,10:05,551.11,-1.316,SL,-0.5,SL,-0.5,SL,-1.0
APP,2026-01-29,1.318,gap_1_2,PDH,557.9699,09:48,558.335,2.005,SL,-0.5,SL,-0.5,SL,-1.0
APP,2026-02-06,6.373,gap_2plus,PMH,399.32,09:32,400.0,1.625,SL,-0.5,SL,-0.5,SL,-1.0
APP,2026-02-09,3.651,gap_2plus,PMH,435.38,09:38,436.9518,5.408,TP,1.0,TP,1.5,TP,2.0
APP,2026-02-10,2.768,gap_2plus,PDH,471.7299,09:35,477.195,-0.829,SL,-0.5,SL,-0.5,SL,-1.0
APP,2026-03-31,2.008,gap_2plus,PMH,381.5972,09:49,381.615,4.338,SL,-0.5,SL,-0.5,TP,2.0
APP,2026-04-08,7.182,gap_2plus,PDH,415.6,10:26,415.85,-5.86,SL,-0.5,SL,-0.5,SL,-1.0
APP,2026-04-14,2.66,gap_2plus,PMH,431.99,09:37,432.95,0.129,SL,-0.5,SL,-0.5,SL,-1.0
APP,2026-04-15,1.206,gap_1_2,PDH,436.04,09:32,436.5,6.41,TP,1.0,TP,1.5,TP,2.0
APP,2026-04-16,4.095,gap_2plus,PDH,465.91,09:59,466.11,-0.019,SL,-0.5,SL,-0.5,TP,2.0
APP,2026-04-17,2.678,gap_2plus,PMH,481.0,09:38,481.4773,-0.866,SL,-0.5,SL,-0.5,SL,-1.0
APP,2026-04-22,1.884,gap_1_2,PMH,484.0,10:29,484.42,-0.149,SL,-0.5,SL,-0.5,SL,-1.0
APP,2026-05-01,2.768,gap_2plus,PMH,458.15,10:27,458.22,0.388,SL,-0.5,SL,-0.5,EOD,0.3885
APP,2026-05-04,1.511,gap_1_2,PMH,466.74,09:32,468.77,1.348,TP,1.0,TP,1.5,TP,2.0
APP,2026-05-27,1.307,gap_1_2,PMH,531.6,09:38,531.67,6.835,TP,1.0,TP,1.5,TP,2.0
APP,2026-06-05,3.389,gap_2plus,PDH,587.0,09:33,593.91,-6.196,SL,-0.5,SL,-0.5,SL,-1.0
APP,2026-06-15,2.567,gap_2plus,PMH,514.0422,09:33,516.64,0.819,SL,-0.5,SL,-0.5,SL,-1.0
ARM,2025-12-18,2.243,gap_2plus,PMH,117.6,09:32,117.639,-3.476,SL,-0.5,SL,-0.5,SL,-1.0
ARM,2025-12-22,2.58,gap_2plus,PDH,115.21,09:42,115.56,-1.982,SL,-0.5,SL,-0.5,SL,-1.0
ARM,2026-01-02,3.22,gap_2plus,PMH,113.75,11:14,113.86,0.799,TP,1.0,TP,1.5,EOD,0.7992
ARM,2026-01-05,4.871,gap_2plus,PMH,120.6,09:43,120.845,-3.918,SL,-0.5,SL,-0.5,SL,-1.0
ARM,2026-01-15,2.942,gap_2plus,PMH,108.5,09:33,108.51,-3.106,SL,-0.5,SL,-0.5,SL,-1.0
ARM,2026-01-16,1.303,gap_1_2,PMH,107.47,09:49,107.625,-1.761,SL,-0.5,SL,-0.5,SL,-1.0
ARM,2026-01-21,3.682,gap_2plus,PMH,112.78,09:32,112.924,0.838,TP,1.0,TP,1.5,TP,2.0
ARM,2026-01-22,6.002,gap_2plus,PMH,122.0,09:39,122.52,-2.71,SL,-0.5,SL,-0.5,SL,-1.0
ARM,2026-01-27,1.351,gap_1_2,PDH,116.4399,10:04,116.505,-1.343,SL,-0.5,SL,-0.5,SL,-1.0
ARM,2026-02-06,1.542,gap_1_2,PDH,115.1,09:31,115.5224,7.122,TP,1.0,TP,1.5,TP,2.0
ARM,2026-02-11,1.214,gap_1_2,PMH,128.5,09:40,128.6399,-2.674,SL,-0.5,SL,-0.5,SL,-1.0
ARM,2026-02-18,1.324,gap_1_2,PMH,129.4723,09:38,129.475,-1.715,SL,-0.5,SL,-0.5,SL,-1.0
ARM,2026-03-16,2.816,gap_2plus,PMH,119.49,09:33,120.39,1.013,SL,-0.5,SL,-0.5,SL,-1.0
ARM,2026-03-17,2.927,gap_2plus,PMH,125.55,09:41,125.63,1.345,SL,-0.5,SL,-0.5,EOD,1.3452
ARM,2026-03-20,5.447,gap_2plus,PMH,137.24,09:41,137.245,-3.508,SL,-0.5,SL,-0.5,SL,-1.0
ARM,2026-03-25,9.802,gap_2plus,PMH,154.0,09:35,155.25,1.134,TP,1.0,SL,-0.5,SL,-1.0
ARM,2026-03-31,1.985,gap_1_2,PDH,145.75,09:58,146.165,3.458,SL,-0.5,SL,-0.5,SL,-1.0
ARM,2026-04-01,2.156,gap_2plus,PMH,155.09,09:31,155.1855,-0.055,TP,1.0,TP,1.5,TP,2.0
ARM,2026-04-08,5.329,gap_2plus,PDH,145.5,10:58,145.62,2.307,TP,1.0,TP,1.5,TP,2.0
ARM,2026-04-14,2.099,gap_2plus,PDH,157.77,09:56,158.49,1.748,TP,1.0,TP,1.5,TP,2.0
ARM,2026-04-17,2.746,gap_2plus,PDH,166.09,09:35,166.575,0.099,SL,-0.5,SL,-0.5,SL,-1.0
ARM,2026-04-22,2.57,gap_2plus,PDH,179.4,09:32,180.3,9.024,TP,1.0,TP,1.5,TP,2.0
ARM,2026-04-24,8.482,gap_2plus,PMH,224.96,09:32,227.95,3.009,TP,1.0,TP,1.5,SL,-1.0
ARM,2026-04-30,1.14,gap_1_2,PDH,203.5,09:38,203.685,3.262,TP,1.0,TP,1.5,TP,2.0
ARM,2026-05-08,1.636,gap_1_2,PMH,217.77,09:42,218.47,-2.385,TP,1.0,SL,-0.5,SL,-1.0
ARM,2026-05-13,1.771,gap_1_2,PMH,213.3,09:33,213.725,3.577,SL,-0.5,SL,-0.5,SL,-1.0
ARM,2026-05-21,4.016,gap_2plus,PMH,268.49,09:31,272.55,9.385,TP,1.0,TP,1.5,TP,2.0
ARM,2026-05-26,2.958,gap_2plus,PDH,315.0,10:35,315.15,2.024,SL,-0.5,SL,-0.5,SL,-1.0
ARM,2026-05-28,2.373,gap_2plus,PDH,323.77,10:09,326.0601,2.803,SL,-0.5,SL,-0.5,SL,-1.0
ARM,2026-05-29,1.146,gap_1_2,PDH,349.42,09:37,350.6,0.776,SL,-0.5,SL,-0.5,SL,-1.0
ARM,2026-06-01,10.282,gap_2plus,PMH,411.05,11:15,412.7338,-0.931,TP,1.0,TP,1.5,TP,2.0
ARM,2026-06-08,3.361,gap_2plus,PMH,357.7506,11:06,357.9,-3.238,TP,1.0,TP,1.5,SL,-1.0
ARM,2026-06-11,2.408,gap_2plus,PMH,318.95,09:34,321.65,6.426,TP,1.0,SL,-0.5,TP,2.0
ARM,2026-06-12,3.269,gap_2plus,PMH,356.95,09:31,356.96,6.421,TP,1.0,TP,1.5,TP,2.0
ARM,2026-06-15,2.586,gap_2plus,PDH,385.8,10:18,385.8199,6.928,SL,-0.5,SL,-0.5,SL,-1.0
AVGO,2025-12-19,1.004,gap_1_2,PMH,335.42,09:31,335.575,1.469,TP,1.0,TP,1.5,TP,2.0
AVGO,2026-01-02,1.979,gap_1_2,PDH,349.95,11:13,350.45,-0.816,SL,-0.5,SL,-0.5,SL,-1.0
AVGO,2026-01-09,1.662,gap_1_2,PMH,338.5,10:02,338.65,1.866,SL,-0.5,SL,-0.5,TP,2.0
AVGO,2026-01-27,1.545,gap_1_2,PDH,328.68,09:31,329.02,1.149,SL,-0.5,SL,-0.5,EOD,1.1489
AVGO,2026-01-28,1.818,gap_1_2,PDH,334.76,09:55,334.7601,-0.451,SL,-0.5,SL,-0.5,SL,-1.0
AVGO,2026-02-03,1.697,gap_1_2,BOTH,336.055,09:35,338.33,-5.311,SL,-0.5,SL,-0.5,SL,-1.0
AVGO,2026-02-05,2.118,gap_2plus,PDH,319.51,09:38,320.44,-3.13,TP,1.0,TP,1.5,SL,-1.0
AVGO,2026-02-06,3.122,gap_2plus,PMH,323.45,09:38,324.205,2.688,TP,1.0,SL,-0.5,TP,2.0
AVGO,2026-02-25,1.662,gap_1_2,PMH,332.0,09:39,332.49,-0.056,SL,-0.5,SL,-0.5,EOD,-0.0556
AVGO,2026-03-16,1.276,gap_1_2,PMH,326.78,11:08,326.795,-0.577,SL,-0.5,SL,-0.5,EOD,-0.5768
AVGO,2026-03-23,2.381,gap_2plus,PMH,319.49,09:32,320.735,0.528,TP,1.0,TP,1.5,EOD,0.5285
AVGO,2026-03-25,1.347,gap_1_2,PMH,323.8,10:22,324.1708,-1.66,SL,-0.5,SL,-0.5,SL,-1.0
AVGO,2026-03-31,2.161,gap_2plus,PMH,300.47,09:53,300.67,2.91,TP,1.0,TP,1.5,TP,2.0
AVGO,2026-04-07,3.958,gap_2plus,PMH,327.5,09:38,327.825,1.838,SL,-0.5,SL,-0.5,SL,-1.0
AVGO,2026-04-08,5.473,gap_2plus,PMH,352.5,09:34,353.125,-0.704,SL,-0.5,SL,-0.5,SL,-1.0
AVGO,2026-04-15,2.363,gap_2plus,PMH,393.49,09:48,393.86,0.698,SL,-0.5,SL,-0.5,SL,-1.0
AVGO,2026-04-22,1.176,gap_1_2,PMH,409.95,10:20,410.62,2.918,TP,1.0,TP,1.5,TP,2.0
AVGO,2026-04-30,2.48,gap_2plus,PMH,416.17,09:32,416.195,0.309,SL,-0.5,SL,-0.5,SL,-1.0
AVGO,2026-05-05,1.186,gap_1_2,PMH,422.19,09:41,422.6001,1.159,SL,-0.5,SL,-0.5,TP,2.0
AVGO,2026-05-08,1.752,gap_1_2,PMH,421.49,09:38,422.1799,1.829,SL,-0.5,SL,-0.5,TP,2.0
AVGO,2026-05-29,1.449,gap_1_2,PMH,435.25,09:31,438.445,2.006,TP,1.0,TP,1.5,TP,2.0
AVGO,2026-06-03,2.748,gap_2plus,PDH,488.82,11:19,488.97,-2.002,SL,-0.5,SL,-0.5,SL,-1.0
AVGO,2026-06-09,1.263,gap_1_2,PDH,402.84,09:43,404.3,-2.859,SL,-0.5,SL,-0.5,SL,-1.0
AXP,2025-12-18,1.19,gap_1_2,PMH,378.88,09:45,378.95,-0.9,SL,-0.5,SL,-0.5,SL,-1.0
AXP,2026-01-16,1.055,gap_1_2,PDH,361.1,09:31,362.35,0.679,TP,1.0,TP,1.5,EOD,0.6789
AXP,2026-02-06,1.095,gap_1_2,PDH,357.3199,09:33,358.0,0.327,SL,-0.5,SL,-0.5,EOD,0.3268
AXP,2026-02-11,1.214,gap_1_2,PMH,367.78,09:33,368.05,-3.793,SL,-0.5,SL,-0.5,SL,-1.0
AXP,2026-03-17,1.915,gap_1_2,PMH,303.5,10:04,303.63,-1.093,SL,-0.5,SL,-0.5,SL,-1.0
AXP,2026-03-31,1.835,gap_1_2,PDH,301.46,09:49,301.655,0.313,SL,-0.5,SL,-0.5,SL,-1.0
AXP,2026-04-01,1.378,gap_1_2,PMH,306.22,09:32,306.4,-1.606,SL,-0.5,SL,-0.5,SL,-1.0
AXP,2026-04-17,1.317,gap_1_2,PMH,331.73,09:31,331.745,-0.005,TP,1.0,TP,1.5,TP,2.0
AXP,2026-05-06,1.033,gap_1_2,PDH,320.6,11:33,320.605,0.401,EOD,0.4008,EOD,0.4008,EOD,0.4008
AXP,2026-05-14,1.128,gap_1_2,PMH,312.96,09:37,313.06,-0.093,SL,-0.5,SL,-0.5,EOD,-0.0926
AXP,2026-05-22,1.153,gap_1_2,PMH,313.0,09:41,313.1399,-0.415,SL,-0.5,SL,-0.5,EOD,-0.4151
AXP,2026-05-27,1.001,gap_1_2,PDH,314.565,09:39,314.67,-0.677,SL,-0.5,SL,-0.5,EOD,-0.6769
AXP,2026-06-04,1.717,gap_1_2,PMH,305.51,09:31,306.015,2.15,TP,1.0,TP,1.5,TP,2.0
AXP,2026-06-12,1.046,gap_1_2,PMH,322.4,09:32,322.52,0.899,SL,-0.5,SL,-0.5,SL,-1.0
AXP,2026-06-15,1.315,gap_1_2,PMH,330.5,09:31,330.795,1.404,TP,1.0,TP,1.5,TP,2.0
BAC,2026-02-11,1.047,gap_1_2,PMH,56.0,09:32,56.07,-3.995,SL,-0.5,SL,-0.5,SL,-1.0
BAC,2026-03-17,1.264,gap_1_2,PDH,47.68,09:31,47.725,-0.911,SL,-0.5,SL,-0.5,SL,-1.0
BAC,2026-03-30,1.278,gap_1_2,PMH,47.54,09:36,47.6103,-0.82,SL,-0.5,SL,-0.5,SL,-1.0
BAC,2026-04-17,1.262,gap_1_2,PMH,54.25,10:24,54.2501,-0.655,SL,-0.5,SL,-0.5,EOD,-0.6546
BAC,2026-05-06,1.28,gap_1_2,PMH,53.9338,09:38,54.17,-1.117,SL,-0.5,SL,-0.5,SL,-1.0
BAC,2026-06-04,1.354,gap_1_2,PMH,53.13,09:32,53.23,1.653,TP,1.0,TP,1.5,TP,2.0
BAC,2026-06-15,1.114,gap_1_2,PDH,56.19,09:41,56.27,-0.658,SL,-0.5,SL,-0.5,EOD,-0.6575
BIIB,2026-02-06,1.179,gap_1_2,BOTH,187.73,09:31,189.925,5.842,SL,-0.5,SL,-0.5,TP,2.0
BIIB,2026-04-08,1.407,gap_1_2,PMH,178.28,09:55,178.295,0.872,SL,-0.5,SL,-0.5,SL,-1.0
BIIB,2026-04-20,1.404,gap_1_2,PMH,181.53,10:18,181.76,0.853,TP,1.0,EOD,0.8528,EOD,0.8528
BIIB,2026-04-22,1.799,gap_1_2,PMH,191.65,10:21,191.655,-0.79,SL,-0.5,SL,-0.5,SL,-1.0
BIIB,2026-06-04,1.046,gap_1_2,PMH,198.0,09:32,198.99,-1.259,SL,-0.5,SL,-0.5,SL,-1.0
BIIB,2026-06-09,1.5,gap_1_2,PMH,194.85,09:34,195.05,2.102,SL,-0.5,SL,-0.5,TP,2.0
BKNG,2026-03-05,6.432,gap_2plus,PMH,4567.97,09:31,4595.0,0.435,SL,-0.5,SL,-0.5,SL,-1.0
BKNG,2026-04-08,4.399,gap_2plus,PMH,183.0,09:31,183.77,-1.483,TP,1.0,TP,1.5,SL,-1.0
BKNG,2026-04-15,1.259,gap_1_2,PMH,184.0,09:33,184.87,0.417,SL,-0.5,SL,-0.5,EOD,0.4165
BKNG,2026-04-17,2.342,gap_2plus,PMH,189.62,09:35,189.64,1.281,SL,-0.5,SL,-0.5,EOD,1.2814
BKNG,2026-05-26,1.074,gap_1_2,PMH,163.13,09:32,163.99,-0.421,TP,1.0,SL,-0.5,SL,-1.0
BKNG,2026-06-04,2.409,gap_2plus,PDH,168.42,09:35,168.485,-0.579,TP,1.0,TP,1.5,SL,-1.0
BKNG,2026-06-12,1.645,gap_1_2,PDH,165.0,09:37,165.3,-0.218,SL,-0.5,SL,-0.5,SL,-1.0
BLK,2026-03-13,1.1,gap_1_2,PMH,933.9272,09:34,935.845,-1.235,SL,-0.5,SL,-0.5,SL,-1.0
BLK,2026-03-17,1.572,gap_1_2,PMH,959.99,09:50,961.0399,1.076,SL,-0.5,SL,-0.5,EOD,1.0759
BLK,2026-03-23,1.994,gap_1_2,PDH,971.79,09:39,972.28,0.266,TP,1.0,TP,1.5,EOD,0.2664
BLK,2026-03-25,1.224,gap_1_2,PDH,978.6799,10:18,978.74,0.289,SL,-0.5,SL,-0.5,SL,-1.0
BLK,2026-03-31,1.742,gap_1_2,PMH,952.0,10:04,952.39,1.018,SL,-0.5,SL,-0.5,SL,-1.0
BLK,2026-04-01,1.337,gap_1_2,PMH,974.45,09:33,974.85,-1.845,SL,-0.5,SL,-0.5,SL,-1.0
BLK,2026-04-14,2.591,gap_2plus,PMH,1060.0,09:39,1061.682,-0.626,SL,-0.5,SL,-0.5,EOD,-0.6256
BLK,2026-04-17,1.329,gap_1_2,PMH,1040.84,09:35,1042.25,0.98,TP,1.0,TP,1.5,TP,2.0
BLK,2026-04-22,1.092,gap_1_2,PMH,1054.99,09:37,1056.87,0.489,EOD,0.4892,EOD,0.4892,EOD,0.4892
BLK,2026-06-09,1.148,gap_1_2,PMH,999.0,09:37,1000.175,1.146,SL,-0.5,SL,-0.5,SL,-1.0
BLK,2026-06-12,1.138,gap_1_2,PDH,1022.02,09:31,1027.03,0.527,TP,1.0,EOD,0.5268,EOD,0.5268
BLK,2026-06-15,1.701,gap_1_2,PDH,1041.45,10:36,1042.21,0.133,TP,1.0,EOD,0.1334,EOD,0.1334
BSX,2026-02-05,2.573,gap_2plus,PMH,76.99,09:46,77.04,0.779,SL,-0.5,SL,-0.5,SL,-1.0
BSX,2026-03-25,1.232,gap_1_2,PDH,69.245,10:26,69.25,0.751,SL,-0.5,SL,-0.5,EOD,0.7509
BSX,2026-04-01,1.578,gap_1_2,PDH,63.91,09:32,63.925,-3.004,SL,-0.5,SL,-0.5,SL,-1.0
BSX,2026-04-08,1.584,gap_1_2,PMH,63.06,09:31,63.46,-1.402,SL,-0.5,SL,-0.5,SL,-1.0
BSX,2026-04-17,1.041,gap_1_2,PMH,64.18,09:32,64.475,-0.38,SL,-0.5,SL,-0.5,EOD,-0.38
BSX,2026-04-22,5.068,gap_2plus,PMH,64.69,09:41,64.74,0.201,SL,-0.5,SL,-0.5,SL,-1.0
BSX,2026-04-23,1.079,gap_1_2,PMH,65.78,09:31,66.125,-0.643,SL,-0.5,SL,-0.5,SL,-1.0
BSX,2026-05-12,1.03,gap_1_2,PMH,53.99,09:32,54.02,0.222,SL,-0.5,SL,-0.5,EOD,0.2221
BSX,2026-05-15,1.157,gap_1_2,PDH,53.69,10:02,53.74,-1.954,SL,-0.5,SL,-0.5,SL,-1.0
BSX,2026-05-18,1.651,gap_1_2,PMH,54.0,09:32,54.089,3.422,SL,-0.5,SL,-0.5,TP,2.0
BSX,2026-06-04,1.782,gap_1_2,PDH,48.59,09:34,48.66,0.39,TP,1.0,TP,1.5,EOD,0.3905
BSX,2026-06-05,1.228,gap_1_2,PDH,49.4651,09:51,49.5598,-2.027,SL,-0.5,SL,-0.5,SL,-1.0
CAT,2025-12-18,1.173,gap_1_2,PMH,569.0,09:57,570.03,-0.742,SL,-0.5,SL,-0.5,SL,-1.0
CAT,2025-12-19,1.218,gap_1_2,PMH,572.0,09:31,573.555,0.5,TP,1.0,EOD,0.4995,EOD,0.4995
CAT,2026-01-29,1.812,gap_1_2,PDH,647.28,11:08,649.86,2.273,TP,1.0,TP,1.5,TP,2.0
CAT,2026-02-11,2.22,gap_2plus,PMH,758.0,10:21,759.82,1.998,TP,1.0,TP,1.5,TP,2.0
CAT,2026-03-04,2.012,gap_2plus,PMH,736.58,09:37,737.19,-0.665,SL,-0.5,SL,-0.5,EOD,-0.6647
CAT,2026-03-10,1.105,gap_1_2,PMH,712.89,09:31,714.895,0.282,SL,-0.5,SL,-0.5,TP,2.0
CAT,2026-03-16,1.634,gap_1_2,PDH,706.9287,09:31,706.98,-1.017,SL,-0.5,SL,-0.5,SL,-1.0
CAT,2026-03-23,2.719,gap_2plus,PMH,703.3,09:42,703.5,-0.237,TP,1.0,SL,-0.5,SL,-1.0
CAT,2026-03-25,1.482,gap_1_2,PDH,721.15,09:45,721.585,-0.371,SL,-0.5,SL,-0.5,EOD,-0.3707
CAT,2026-03-30,1.032,gap_1_2,PMH,701.11,09:33,701.425,-4.812,SL,-0.5,SL,-0.5,SL,-1.0
CAT,2026-03-31,1.847,gap_1_2,PMH,682.0,09:33,682.73,3.76,SL,-0.5,SL,-0.5,TP,2.0
CAT,2026-04-08,5.536,gap_2plus,PMH,762.0,09:32,765.16,0.876,TP,1.0,SL,-0.5,SL,-1.0
CAT,2026-04-17,1.104,gap_1_2,PMH,789.0,10:07,789.63,0.61,TP,1.0,TP,1.5,EOD,0.6104
CAT,2026-04-30,5.325,gap_2plus,PMH,868.9994,09:34,869.0,2.488,TP,1.0,TP,1.5,TP,2.0
CAT,2026-05-05,1.537,gap_1_2,PDH,892.84,09:39,892.93,1.306,TP,1.0,TP,1.5,EOD,1.3058
CAT,2026-05-08,1.717,gap_1_2,PMH,911.71,09:42,912.535,-1.657,SL,-0.5,SL,-0.5,SL,-1.0
CAT,2026-05-20,1.259,gap_1_2,PDH,869.86,10:31,869.93,0.339,SL,-0.5,SL,-0.5,EOD,0.3391
CAT,2026-05-22,1.417,gap_1_2,PDH,872.665,09:45,873.13,0.762,TP,1.0,TP,1.5,TP,2.0
CAT,2026-06-08,1.353,gap_1_2,PMH,923.2348,09:32,923.465,-0.846,SL,-0.5,SL,-0.5,SL,-1.0
CAT,2026-06-09,1.293,gap_1_2,BOTH,926.5,09:37,930.21,-1.697,SL,-0.5,SL,-0.5,SL,-1.0
CAT,2026-06-11,1.896,gap_1_2,PMH,875.77,09:31,877.63,2.246,SL,-0.5,SL,-0.5,TP,2.0
CAT,2026-06-15,2.694,gap_2plus,PMH,933.3,09:44,936.1,-0.228,SL,-0.5,SL,-0.5,EOD,-0.2275
CB,2026-01-08,1.083,gap_1_2,BOTH,309.8052,09:31,310.405,0.81,TP,1.0,EOD,0.8102,EOD,0.8102
CB,2026-04-28,1.423,gap_1_2,BOTH,329.603,09:31,329.98,0.112,SL,-0.5,SL,-0.5,EOD,0.1121
CB,2026-06-04,1.243,gap_1_2,PMH,316.95,09:31,318.5,-1.265,SL,-0.5,SL,-0.5,SL,-1.0
CB,2026-06-10,1.184,gap_1_2,PDH,328.67,09:33,328.815,0.528,SL,-0.5,SL,-0.5,EOD,0.5277
CDNS,2026-01-15,1.406,gap_1_2,PMH,318.0,09:34,318.905,0.525,TP,1.0,TP,1.5,TP,2.0
CDNS,2026-01-22,1.02,gap_1_2,PDH,316.16,09:32,316.18,0.288,SL,-0.5,SL,-0.5,SL,-1.0
CDNS,2026-01-28,1.13,gap_1_2,PDH,323.0,09:45,323.255,-0.908,SL,-0.5,SL,-0.5,SL,-1.0
CDNS,2026-02-06,2.266,gap_2plus,BOTH,276.35,09:32,276.56,2.473,TP,1.0,TP,1.5,TP,2.0
CDNS,2026-02-18,6.941,gap_2plus,PMH,305.53,10:22,306.085,-0.358,TP,1.0,TP,1.5,SL,-1.0
CDNS,2026-02-25,1.346,gap_1_2,PMH,296.58,09:31,298.015,1.307,SL,-0.5,SL,-0.5,SL,-1.0
CDNS,2026-03-23,1.398,gap_1_2,PMH,294.26,09:52,294.97,-0.831,TP,1.0,SL,-0.5,EOD,-0.8306
CDNS,2026-04-08,3.75,gap_2plus,PMH,290.0,09:32,290.58,-0.351,SL,-0.5,SL,-0.5,SL,-1.0
CDNS,2026-04-14,1.748,gap_1_2,PMH,292.87,10:07,292.9999,-0.218,SL,-0.5,SL,-0.5,EOD,-0.2184
CDNS,2026-04-16,1.786,gap_1_2,PMH,311.0,09:32,312.5,-1.766,SL,-0.5,SL,-0.5,SL,-1.0
CDNS,2026-04-17,3.046,gap_2plus,PDH,312.88,09:34,313.135,-0.666,TP,1.0,SL,-0.5,SL,-1.0
CDNS,2026-04-22,2.123,gap_2plus,PDH,331.23,10:25,331.53,0.024,SL,-0.5,SL,-0.5,SL,-1.0
CDNS,2026-04-24,1.794,gap_1_2,PMH,321.5,09:31,322.28,3.289,TP,1.0,TP,1.5,TP,2.0
CDNS,2026-05-01,2.314,gap_2plus,PMH,338.14,09:40,339.0,0.572,SL,-0.5,SL,-0.5,SL,-1.0
CDNS,2026-05-26,1.772,gap_1_2,PMH,379.98,10:05,380.49,0.323,EOD,0.3233,EOD,0.3233,EOD,0.3233
CDNS,2026-06-08,1.813,gap_1_2,PMH,384.97,09:34,385.43,2.286,SL,-0.5,SL,-0.5,TP,2.0
CDNS,2026-06-15,1.725,gap_1_2,PDH,389.8,09:32,389.91,1.164,TP,1.0,TP,1.5,TP,2.0
CI,2026-02-05,2.028,gap_2plus,PMH,277.0,09:31,277.7,2.532,SL,-0.5,SL,-0.5,SL,-1.0
CI,2026-02-09,1.055,gap_1_2,PMH,295.67,09:31,296.305,-0.599,SL,-0.5,SL,-0.5,SL,-1.0
CI,2026-02-17,1.061,gap_1_2,BOTH,293.31,09:37,294.215,-1.152,TP,1.0,SL,-0.5,SL,-1.0
CI,2026-04-21,1.421,gap_1_2,PDH,281.0,10:56,281.17,-1.59,SL,-0.5,SL,-0.5,SL,-1.0
CI,2026-06-04,2.286,gap_2plus,PMH,277.088,09:31,278.0,0.986,TP,1.0,TP,1.5,TP,2.0
CI,2026-06-10,1.02,gap_1_2,PDH,295.04,10:03,295.05,0.241,SL,-0.5,SL,-0.5,EOD,0.2406
CL,2026-01-30,4.224,gap_2plus,PMH,89.59,09:40,89.615,0.776,SL,-0.5,SL,-0.5,SL,-1.0
CL,2026-03-23,1.562,gap_1_2,PDH,86.145,10:44,86.155,-1.155,SL,-0.5,SL,-0.5,SL,-1.0
CL,2026-03-30,1.471,gap_1_2,PDH,85.53,10:31,85.565,0.187,TP,1.0,EOD,0.187,EOD,0.187
CL,2026-04-28,1.289,gap_1_2,PDH,85.3,09:34,85.48,0.234,SL,-0.5,SL,-0.5,EOD,0.234
CL,2026-05-01,3.292,gap_2plus,PMH,88.59,10:50,88.62,-1.557,SL,-0.5,SL,-0.5,SL,-1.0
CL,2026-05-06,1.32,gap_1_2,PMH,87.94,09:35,87.97,0.171,SL,-0.5,SL,-0.5,EOD,0.1705
CL,2026-06-05,1.01,gap_1_2,PDH,87.15,10:14,87.165,1.623,TP,1.0,TP,1.5,TP,2.0
CME,2026-02-27,1.062,gap_1_2,PMH,321.06,09:35,321.1,-0.399,SL,-0.5,SL,-0.5,SL,-1.0
CME,2026-03-02,1.029,gap_1_2,PMH,322.57,09:38,322.845,1.12,TP,1.0,TP,1.5,EOD,1.1197
CME,2026-03-12,1.619,gap_1_2,PDH,305.655,09:31,305.91,1.703,TP,1.0,TP,1.5,TP,2.0
CME,2026-03-26,1.201,gap_1_2,PMH,298.0,11:43,298.12,-0.101,EOD,-0.1006,EOD,-0.1006,EOD,-0.1006
CME,2026-05-12,1.161,gap_1_2,PDH,284.21,10:18,284.33,0.499,TP,1.0,EOD,0.4994,EOD,0.4994
CME,2026-05-15,1.203,gap_1_2,PMH,303.63,09:45,304.03,-1.71,SL,-0.5,SL,-0.5,SL,-1.0
CME,2026-05-21,1.33,gap_1_2,PMH,292.69,09:39,292.73,-1.182,SL,-0.5,SL,-0.5,SL,-1.0
CME,2026-06-03,1.473,gap_1_2,PMH,254.2,09:32,254.24,-0.629,SL,-0.5,SL,-0.5,SL,-1.0
CME,2026-06-04,1.476,gap_1_2,BOTH,257.5,09:31,258.2,-0.786,SL,-0.5,SL,-0.5,SL,-1.0
CME,2026-06-10,1.256,gap_1_2,PMH,259.24,09:32,259.36,1.739,SL,-0.5,SL,-0.5,SL,-1.0
COIN,2025-12-16,1.25,gap_1_2,PMH,255.1,09:36,256.1,-1.359,SL,-0.5,SL,-0.5,SL,-1.0
COIN,2025-12-22,2.676,gap_2plus,PMH,252.33,10:05,252.5,-1.786,SL,-0.5,SL,-0.5,SL,-1.0
COIN,2026-01-02,2.039,gap_2plus,BOTH,232.39,10:33,233.06,1.489,SL,-0.5,SL,-0.5,SL,-1.0
COIN,2026-01-13,1.062,gap_1_2,PDH,248.0,09:33,249.96,1.082,SL,-0.5,SL,-0.5,SL,-1.0
COIN,2026-01-14,1.684,gap_1_2,PDH,255.51,09:36,255.68,0.07,TP,1.0,TP,1.5,TP,2.0
COIN,2026-01-28,1.245,gap_1_2,BOTH,213.555,09:34,214.095,-2.17,SL,-0.5,SL,-0.5,SL,-1.0
COIN,2026-02-06,5.791,gap_2plus,PMH,155.88,09:32,155.9026,5.912,SL,-0.5,SL,-0.5,SL,-1.0
COIN,2026-02-13,9.14,gap_2plus,PDH,153.2,09:51,154.01,6.792,SL,-0.5,SL,-0.5,TP,2.0
COIN,2026-02-25,6.017,gap_2plus,PMH,172.97,09:31,173.1,6.291,SL,-0.5,SL,-0.5,SL,-1.0
COIN,2026-03-13,5.422,gap_2plus,PDH,198.0,10:50,198.1951,-1.332,TP,1.0,TP,1.5,TP,2.0
COIN,2026-03-16,3.199,gap_2plus,PMH,203.99,09:36,204.1025,-0.462,SL,-0.5,SL,-0.5,SL,-1.0
COIN,2026-03-25,2.078,gap_2plus,PMH,187.17,09:35,187.305,-3.334,TP,1.0,TP,1.5,SL,-1.0
COIN,2026-03-31,1.448,gap_1_2,PMH,164.4,09:34,164.45,6.154,SL,-0.5,SL,-0.5,TP,2.0
COIN,2026-04-01,2.538,gap_2plus,PDH,175.84,09:32,176.5899,-2.044,SL,-0.5,SL,-0.5,SL,-1.0
COIN,2026-04-17,2.683,gap_2plus,PMH,208.46,10:16,208.5699,-1.036,TP,1.0,TP,1.5,TP,2.0
COIN,2026-04-22,4.211,gap_2plus,PMH,205.78,09:31,205.9,0.175,SL,-0.5,SL,-0.5,SL,-1.0
COIN,2026-05-01,2.2,gap_2plus,PMH,191.8,09:33,192.295,-0.559,SL,-0.5,SL,-0.5,SL,-1.0
COIN,2026-05-04,4.28,gap_2plus,PMH,201.57,09:38,201.585,0.642,SL,-0.5,SL,-0.5,SL,-1.0
COIN,2026-05-05,2.957,gap_2plus,PDH,206.71,09:32,207.465,-4.726,SL,-0.5,SL,-0.5,SL,-1.0
COIN,2026-06-08,2.692,gap_2plus,PDH,158.7,10:23,159.0,1.956,TP,1.0,TP,1.5,TP,2.0
COIN,2026-06-15,6.341,gap_2plus,PMH,170.4,09:31,171.3142,-0.983,SL,-0.5,SL,-0.5,SL,-1.0
COST,2026-01-05,1.152,gap_1_2,PDH,863.1,09:32,867.74,0.915,TP,1.0,EOD,0.915,EOD,0.915
COST,2026-01-08,2.104,gap_2plus,PMH,901.7676,09:40,901.79,1.499,TP,1.0,TP,1.5,TP,2.0
COST,2026-02-05,1.757,gap_1_2,BOTH,994.5999,09:33,997.855,-0.858,SL,-0.5,SL,-0.5,SL,-1.0
COST,2026-04-02,1.127,gap_1_2,PDH,1003.13,09:33,1005.35,0.94,TP,1.0,EOD,0.94,EOD,0.94
COST,2026-06-04,2.572,gap_2plus,PMH,988.5,09:35,988.67,-1.654,SL,-0.5,SL,-0.5,SL,-1.0
CPRT,2026-02-26,1.353,gap_1_2,PMH,36.35,09:33,36.38,2.089,TP,1.0,TP,1.5,TP,2.0
CPRT,2026-03-16,1.012,gap_1_2,PMH,34.55,09:43,34.59,-2.082,SL,-0.5,SL,-0.5,SL,-1.0
CPRT,2026-03-17,1.004,gap_1_2,PMH,34.2,11:06,34.215,-0.511,SL,-0.5,SL,-0.5,EOD,-0.5115
CPRT,2026-03-23,1.247,gap_1_2,PDH,33.06,09:37,33.1299,0.785,TP,1.0,TP,1.5,TP,2.0
CPRT,2026-04-08,1.662,gap_1_2,PMH,33.98,09:31,34.01,-2.411,SL,-0.5,SL,-0.5,SL,-1.0
CPRT,2026-04-17,1.533,gap_1_2,PDH,33.7,09:56,33.72,-0.83,SL,-0.5,SL,-0.5,SL,-1.0
CPRT,2026-06-04,1.746,gap_1_2,PMH,31.04,09:31,31.06,-0.998,TP,1.0,TP,1.5,TP,2.0
CRM,2026-01-27,1.12,gap_1_2,PDH,230.949,09:50,230.955,-1.05,SL,-0.5,SL,-0.5,SL,-1.0
CRM,2026-02-26,2.511,gap_2plus,PMH,197.5,09:56,197.55,0.957,SL,-0.5,SL,-0.5,SL,-1.0
CRM,2026-03-16,1.214,gap_1_2,PMH,198.0,11:13,198.07,0.076,SL,-0.5,SL,-0.5,EOD,0.0757
CRM,2026-03-25,1.464,gap_1_2,PMH,186.79,09:37,187.1536,-2.802,SL,-0.5,SL,-0.5,SL,-1.0
CRM,2026-04-13,1.267,gap_1_2,PMH,166.51,09:31,166.6219,3.732,SL,-0.5,SL,-0.5,TP,2.0
CRM,2026-04-14,1.371,gap_1_2,PMH,175.0,09:32,175.46,-2.36,TP,1.0,SL,-0.5,SL,-1.0
CRM,2026-04-15,1.693,gap_1_2,PMH,174.49,09:33,175.25,1.341,TP,1.0,TP,1.5,TP,2.0
CRM,2026-04-16,3.604,gap_2plus,PMH,184.0,09:32,184.02,-1.505,SL,-0.5,SL,-0.5,SL,-1.0
CRM,2026-04-17,2.306,gap_2plus,PDH,184.55,11:15,184.855,-1.442,SL,-0.5,SL,-0.5,SL,-1.0
CRM,2026-04-24,1.374,gap_1_2,PMH,176.13,09:31,177.07,0.621,SL,-0.5,SL,-0.5,SL,-1.0
CRM,2026-04-28,1.209,gap_1_2,PMH,183.4,09:32,183.97,-1.424,SL,-0.5,SL,-0.5,SL,-1.0
CRM,2026-05-01,3.206,gap_2plus,PMH,182.5,09:39,182.6305,0.618,SL,-0.5,SL,-0.5,SL,-1.0
CRM,2026-05-07,1.916,gap_1_2,PDH,187.1,09:41,187.285,-0.553,SL,-0.5,SL,-0.5,SL,-1.0
CRM,2026-05-19,3.093,gap_2plus,PMH,185.0,09:32,185.85,-3.454,SL,-0.5,SL,-0.5,SL,-1.0
CRM,2026-05-22,2.008,gap_2plus,PMH,180.35,09:33,181.0001,-0.519,TP,1.0,SL,-0.5,SL,-1.0
CRM,2026-06-01,3.992,gap_2plus,PMH,205.25,09:46,205.8,1.861,SL,-0.5,SL,-0.5,SL,-1.0
CRWD,2025-12-18,2.057,gap_2plus,PMH,480.31,09:31,481.4375,-0.872,SL,-0.5,SL,-0.5,SL,-1.0
CRWD,2026-01-05,1.12,gap_1_2,PMH,459.1,09:44,459.2,-0.571,TP,1.0,TP,1.5,EOD,-0.5706
CRWD,2026-01-09,1.833,gap_1_2,PMH,472.32,09:36,472.635,-0.428,SL,-0.5,SL,-0.5,SL,-1.0
CRWD,2026-01-27,2.168,gap_2plus,PMH,483.0,09:45,483.15,-1.316,SL,-0.5,SL,-0.5,SL,-1.0
CRWD,2026-02-06,2.294,gap_2plus,PMH,392.0,09:41,392.046,0.889,TP,1.0,SL,-0.5,SL,-1.0
CRWD,2026-02-13,1.168,gap_1_2,PMH,417.8,09:43,419.41,2.439,SL,-0.5,SL,-0.5,TP,2.0
CRWD,2026-03-02,1.057,gap_1_2,PMH,376.61,09:31,379.525,1.364,TP,1.0,TP,1.5,TP,2.0
CRWD,2026-03-10,2.504,gap_2plus,PDH,438.28,09:31,441.7,-1.245,SL,-0.5,SL,-0.5,SL,-1.0
CRWD,2026-03-11,1.557,gap_1_2,PDH,447.95,09:34,449.555,-1.655,SL,-0.5,SL,-0.5,SL,-1.0
CRWD,2026-03-30,2.519,gap_2plus,PMH,385.94,09:39,385.9804,-1.57,SL,-0.5,SL,-0.5,SL,-1.0
CRWD,2026-04-01,1.608,gap_1_2,PDH,392.88,09:32,395.42,-0.534,SL,-0.5,SL,-0.5,SL,-1.0
CRWD,2026-04-08,3.944,gap_2plus,PMH,440.1,09:48,440.65,-3.191,SL,-0.5,SL,-0.5,SL,-1.0
CRWD,2026-04-15,2.136,gap_2plus,PMH,409.0,09:36,409.2,0.477,SL,-0.5,SL,-0.5,SL,-1.0
CRWD,2026-04-16,2.668,gap_2plus,PMH,420.97,09:37,421.04,-0.675,SL,-0.5,SL,-0.5,SL,-1.0
CRWD,2026-04-17,2.451,gap_2plus,PDH,425.77,09:33,426.89,-0.691,TP,1.0,SL,-0.5,SL,-1.0
CRWD,2026-04-21,1.581,gap_1_2,PMH,442.63,09:35,442.74,1.577,TP,1.0,TP,1.5,TP,2.0
CRWD,2026-04-22,1.247,gap_1_2,PMH,456.39,09:31,457.54,1.998,SL,-0.5,SL,-0.5,SL,-1.0
CRWD,2026-04-27,1.207,gap_1_2,PDH,451.045,09:44,451.145,0.761,TP,1.0,SL,-0.5,EOD,0.7614
CRWD,2026-05-01,1.802,gap_1_2,PMH,454.25,09:33,454.6,0.243,SL,-0.5,SL,-0.5,SL,-1.0
CRWD,2026-05-05,1.091,gap_1_2,BOTH,471.81,09:32,476.18,0.05,SL,-0.5,SL,-0.5,SL,-1.0
CRWV,2025-12-18,4.485,gap_2plus,PMH,67.89,10:28,68.09,-0.69,TP,1.0,SL,-0.5,SL,-1.0
CRWV,2025-12-22,2.497,gap_2plus,PMH,86.12,09:33,86.42,-1.851,SL,-0.5,SL,-0.5,SL,-1.0
CRWV,2026-01-02,3.225,gap_2plus,BOTH,73.675,09:36,74.16,6.944,SL,-0.5,SL,-0.5,TP,2.0
CRWV,2026-01-05,4.615,gap_2plus,PMH,83.52,09:32,83.76,-8.238,SL,-0.5,SL,-0.5,SL,-1.0
CRWV,2026-01-09,1.635,gap_1_2,PMH,78.55,09:36,78.635,2.016,TP,1.0,SL,-0.5,SL,-1.0
CRWV,2026-01-14,1.966,gap_1_2,PMH,89.25,09:33,90.1703,-0.444,TP,1.0,TP,1.5,TP,2.0
CRWV,2026-01-16,2.345,gap_2plus,PMH,98.21,10:11,98.35,2.827,SL,-0.5,SL,-0.5,SL,-1.0
CRWV,2026-01-22,3.7,gap_2plus,PDH,95.92,09:51,96.0,-4.478,SL,-0.5,SL,-0.5,SL,-1.0
CRWV,2026-01-27,5.444,gap_2plus,PMH,104.81,09:44,105.085,3.535,SL,-0.5,SL,-0.5,SL,-1.0
CRWV,2026-01-28,4.871,gap_2plus,PDH,111.79,09:43,111.795,-5.157,SL,-0.5,SL,-0.5,SL,-1.0
CRWV,2026-02-06,4.49,gap_2plus,PMH,79.38,09:38,80.01,12.423,SL,-0.5,SL,-0.5,SL,-1.0
CRWV,2026-02-25,1.733,gap_1_2,PMH,102.06,09:33,102.5033,-4.34,SL,-0.5,SL,-0.5,SL,-1.0
CRWV,2026-03-04,5.52,gap_2plus,PMH,78.65,09:57,78.75,0.935,SL,-0.5,SL,-0.5,TP,2.0
CRWV,2026-03-11,5.502,gap_2plus,PMH,79.5,09:36,79.61,3.002,TP,1.0,TP,1.5,TP,2.0
CRWV,2026-03-13,1.541,gap_1_2,PDH,82.38,09:34,82.41,-1.638,SL,-0.5,SL,-0.5,TP,2.0
CRWV,2026-03-16,5.934,gap_2plus,PDH,84.44,09:42,84.89,1.06,SL,-0.5,SL,-0.5,SL,-1.0
CRWV,2026-03-25,2.674,gap_2plus,PMH,85.65,09:36,85.9,2.014,SL,-0.5,SL,-0.5,TP,2.0
CRWV,2026-03-31,5.568,gap_2plus,PMH,73.427,09:33,73.4501,5.391,TP,1.0,SL,-0.5,TP,2.0
CRWV,2026-04-01,2.687,gap_2plus,PMH,79.77,09:32,80.1,-2.072,SL,-0.5,SL,-0.5,SL,-1.0
CRWV,2026-04-10,1.676,gap_1_2,PDH,94.96,09:36,95.405,6.818,SL,-0.5,SL,-0.5,SL,-1.0
CRWV,2026-04-13,2.272,gap_2plus,PMH,105.04,09:32,105.37,4.65,SL,-0.5,SL,-0.5,TP,2.0
CRWV,2026-04-14,4.153,gap_2plus,PDH,114.1,09:32,114.13,2.681,TP,1.0,TP,1.5,TP,2.0
CRWV,2026-04-15,2.253,gap_2plus,PDH,119.06,09:32,119.97,-1.059,SL,-0.5,SL,-0.5,SL,-1.0
CRWV,2026-04-22,2.736,gap_2plus,PDH,120.82,09:36,120.855,1.361,SL,-0.5,SL,-0.5,SL,-1.0
CRWV,2026-04-29,2.388,gap_2plus,PMH,108.7995,09:33,108.92,4.857,SL,-0.5,SL,-0.5,SL,-1.0
CRWV,2026-04-30,2.469,gap_2plus,PDH,115.47,09:40,115.7,-3.552,TP,1.0,TP,1.5,SL,-1.0
CRWV,2026-05-01,2.258,gap_2plus,PMH,114.9,09:33,115.26,3.227,SL,-0.5,SL,-0.5,TP,2.0
CRWV,2026-05-04,1.849,gap_1_2,PMH,123.0,09:32,123.15,1.868,TP,1.0,TP,1.5,TP,2.0
CRWV,2026-05-06,2.542,gap_2plus,PMH,136.65,09:35,137.325,0.521,SL,-0.5,SL,-0.5,SL,-1.0
CRWV,2026-05-13,4.779,gap_2plus,PDH,110.98,09:33,111.09,0.18,SL,-0.5,SL,-0.5,SL,-1.0
CRWV,2026-05-20,1.693,gap_1_2,PDH,101.31,10:16,101.97,-0.706,SL,-0.5,SL,-0.5,SL,-1.0
CRWV,2026-05-22,1.599,gap_1_2,PDH,108.44,09:36,108.6901,-2.972,SL,-0.5,SL,-0.5,SL,-1.0
CRWV,2026-05-28,3.557,gap_2plus,PDH,105.55,09:35,105.79,1.002,SL,-0.5,SL,-0.5,SL,-1.0
CRWV,2026-06-01,4.744,gap_2plus,PMH,117.0,09:31,117.75,6.021,TP,1.0,TP,1.5,TP,2.0
CRWV,2026-06-02,4.085,gap_2plus,PDH,127.8485,09:31,130.52,-8.612,TP,1.0,SL,-0.5,SL,-1.0
CRWV,2026-06-09,1.582,gap_1_2,PDH,104.3,09:31,104.89,-6.168,SL,-0.5,SL,-0.5,SL,-1.0
CRWV,2026-06-12,3.549,gap_2plus,PMH,102.59,10:38,102.6,-1.998,SL,-0.5,SL,-0.5,SL,-1.0
CRWV,2026-06-15,3.431,gap_2plus,PMH,107.55,09:34,107.75,-0.929,SL,-0.5,SL,-0.5,SL,-1.0
CSCO,2026-01-15,1.102,gap_1_2,PMH,75.32,09:32,75.36,-0.119,EOD,-0.1194,EOD,-0.1194,EOD,-0.1194
CSCO,2026-01-26,2.534,gap_2plus,PMH,76.55,09:40,76.635,0.502,SL,-0.5,SL,-0.5,EOD,0.5024
CSCO,2026-02-04,1.005,gap_1_2,PMH,84.0,09:35,84.1,-3.496,SL,-0.5,SL,-0.5,SL,-1.0
CSCO,2026-02-06,1.451,gap_1_2,PDH,83.305,09:31,83.62,1.387,SL,-0.5,SL,-0.5,EOD,1.3872
CSCO,2026-03-10,1.234,gap_1_2,PDH,77.56,09:59,77.58,0.18,TP,1.0,TP,1.5,EOD,0.1805
CSCO,2026-03-23,1.217,gap_1_2,PDH,79.04,10:19,79.065,-0.36,SL,-0.5,SL,-0.5,EOD,-0.3605
CSCO,2026-05-05,1.252,gap_1_2,PMH,93.73,09:32,93.81,0.533,EOD,0.533,EOD,0.533,EOD,0.533
CSCO,2026-05-12,1.033,gap_1_2,PDH,98.83,09:32,98.98,0.349,SL,-0.5,SL,-0.5,SL,-1.0
CSCO,2026-06-08,1.57,gap_1_2,PMH,123.51,10:01,123.53,0.534,TP,1.0,TP,1.5,TP,2.0
CTAS,2025-12-18,2.506,gap_2plus,PMH,195.5,09:47,195.52,-2.9,SL,-0.5,SL,-0.5,SL,-1.0
CTAS,2025-12-26,2.575,gap_2plus,PDH,191.54,09:53,191.57,-0.235,SL,-0.5,SL,-0.5,EOD,-0.2349
CTAS,2026-03-23,1.545,gap_1_2,PMH,183.19,10:46,183.24,-1.108,SL,-0.5,SL,-0.5,SL,-1.0
CTAS,2026-03-25,3.234,gap_2plus,PMH,184.16,09:33,184.74,-4.255,SL,-0.5,SL,-0.5,SL,-1.0
CTAS,2026-04-17,1.183,gap_1_2,PDH,178.74,09:48,178.83,0.212,TP,1.0,EOD,0.2125,EOD,0.2125
CTAS,2026-06-04,2.306,gap_2plus,PMH,179.0,09:43,179.07,0.519,SL,-0.5,SL,-0.5,EOD,0.5193
CVX,2026-01-21,1.028,gap_1_2,PMH,167.1816,09:31,167.21,-0.299,SL,-0.5,SL,-0.5,EOD,-0.299
CVX,2026-01-29,1.607,gap_1_2,PMH,173.49,09:34,173.87,-1.582,SL,-0.5,SL,-0.5,SL,-1.0
CVX,2026-03-02,1.917,gap_1_2,PDH,187.545,09:46,187.8,0.911,TP,1.0,EOD,0.9105,EOD,0.9105
CVX,2026-04-02,2.615,gap_2plus,PMH,203.7094,09:35,204.011,-2.491,SL,-0.5,SL,-0.5,SL,-1.0
CVX,2026-04-13,1.543,gap_1_2,PDH,190.96,09:33,191.19,0.282,SL,-0.5,SL,-0.5,EOD,0.2824
CVX,2026-04-28,1.867,gap_1_2,PMH,188.75,09:31,188.8,-0.236,SL,-0.5,SL,-0.5,SL,-1.0
CVX,2026-05-15,1.05,gap_1_2,PMH,188.9,09:37,189.295,0.948,SL,-0.5,SL,-0.5,EOD,0.9483
CVX,2026-05-21,1.27,gap_1_2,PMH,193.65,09:48,193.69,-1.368,SL,-0.5,SL,-0.5,SL,-1.0
CVX,2026-06-01,1.061,gap_1_2,PMH,184.74,09:40,185.06,0.421,TP,1.0,TP,1.5,EOD,0.4215
CVX,2026-06-10,1.317,gap_1_2,PDH,189.3829,09:31,189.465,0.198,SL,-0.5,SL,-0.5,EOD,0.1979
CVX,2026-06-11,1.038,gap_1_2,PMH,191.65,09:39,192.015,-3.242,SL,-0.5,SL,-0.5,SL,-1.0
DASH,2025-12-18,1.261,gap_1_2,PDH,229.91,10:07,230.47,0.208,SL,-0.5,SL,-0.5,EOD,0.2083
DASH,2026-01-22,1.511,gap_1_2,PMH,209.64,10:02,210.3,-1.26,SL,-0.5,SL,-0.5,SL,-1.0
DASH,2026-02-02,1.349,gap_1_2,PMH,208.0,09:33,208.31,-0.355,SL,-0.5,SL,-0.5,EOD,-0.3552
DASH,2026-02-06,1.607,gap_1_2,PMH,188.06,09:33,188.115,-3.043,SL,-0.5,SL,-0.5,SL,-1.0
DASH,2026-02-25,1.168,gap_1_2,PMH,166.8,09:43,166.99,3.617,TP,1.0,TP,1.5,TP,2.0
DASH,2026-03-05,4.13,gap_2plus,PMH,185.65,10:27,185.94,-1.323,SL,-0.5,SL,-0.5,SL,-1.0
DASH,2026-03-16,1.035,gap_1_2,PDH,165.08,09:35,165.6325,1.278,SL,-0.5,SL,-0.5,SL,-1.0
DASH,2026-03-23,1.679,gap_1_2,PDH,158.9107,09:36,158.94,0.654,TP,1.0,TP,1.5,TP,2.0
DASH,2026-03-25,2.043,gap_2plus,PMH,158.33,09:32,158.66,-3.624,SL,-0.5,SL,-0.5,SL,-1.0
DASH,2026-03-31,1.331,gap_1_2,PDH,149.8499,09:33,150.5,-0.256,SL,-0.5,SL,-0.5,SL,-1.0
DASH,2026-04-01,1.542,gap_1_2,PDH,152.95,09:34,153.46,-1.948,SL,-0.5,SL,-0.5,SL,-1.0
DASH,2026-04-15,1.107,gap_1_2,PDH,166.46,09:34,166.87,7.829,TP,1.0,TP,1.5,TP,2.0
DASH,2026-04-16,1.253,gap_1_2,PDH,180.96,09:34,181.37,-1.13,SL,-0.5,SL,-0.5,SL,-1.0
DASH,2026-04-17,3.246,gap_2plus,PMH,185.72,09:34,186.25,-1.251,TP,1.0,SL,-0.5,SL,-1.0
DASH,2026-04-27,1.131,gap_1_2,PMH,178.5,09:35,179.0625,-2.81,TP,1.0,SL,-0.5,SL,-1.0
DASH,2026-05-07,7.992,gap_2plus,PDH,172.5699,10:05,172.77,-0.77,TP,1.0,SL,-0.5,SL,-1.0
DASH,2026-06-01,1.381,gap_1_2,PMH,161.04,09:34,161.6256,1.958,SL,-0.5,SL,-0.5,SL,-1.0
DDOG,2025-12-22,1.432,gap_1_2,PDH,141.25,09:47,141.645,0.145,TP,1.0,EOD,0.1447,EOD,0.1447
DDOG,2026-01-22,3.767,gap_2plus,PMH,129.06,09:32,129.5,1.32,SL,-0.5,SL,-0.5,TP,2.0
DDOG,2026-01-27,3.369,gap_2plus,PMH,141.04,09:32,141.09,-2.02,SL,-0.5,SL,-0.5,SL,-1.0
DDOG,2026-01-28,1.027,gap_1_2,PMH,140.35,09:44,140.79,-0.149,SL,-0.5,SL,-0.5,SL,-1.0
DDOG,2026-02-09,3.035,gap_2plus,PDH,112.38,09:55,112.655,1.434,SL,-0.5,SL,-0.5,SL,-1.0
DDOG,2026-02-12,2.8,gap_2plus,BOTH,131.38,09:35,131.53,-4.106,TP,1.0,SL,-0.5,SL,-1.0
DDOG,2026-02-17,1.23,gap_1_2,PMH,126.9,09:31,127.67,-4.057,SL,-0.5,SL,-0.5,SL,-1.0
DDOG,2026-03-11,1.657,gap_1_2,PMH,124.18,09:32,124.405,2.496,TP,1.0,TP,1.5,TP,2.0
DDOG,2026-03-16,1.02,gap_1_2,PMH,125.99,10:51,126.21,0.293,TP,1.0,SL,-0.5,EOD,0.2932
DDOG,2026-03-25,1.876,gap_1_2,PMH,124.8416,09:32,125.44,-1.706,SL,-0.5,SL,-0.5,SL,-1.0
DDOG,2026-03-30,1.293,gap_1_2,PMH,116.1,09:31,116.41,-0.515,TP,1.0,TP,1.5,TP,2.0
DDOG,2026-04-01,2.127,gap_2plus,PDH,119.9353,10:07,119.99,-1.067,TP,1.0,SL,-0.5,SL,-1.0
DDOG,2026-04-08,4.634,gap_2plus,PMH,122.2,09:32,122.25,-4.703,SL,-0.5,SL,-0.5,SL,-1.0
DDOG,2026-04-15,2.442,gap_2plus,BOTH,113.16,09:33,114.82,5.461,TP,1.0,SL,-0.5,TP,2.0
DDOG,2026-04-17,2.641,gap_2plus,PMH,126.7,09:36,127.1,-0.378,TP,1.0,SL,-0.5,SL,-1.0
DDOG,2026-04-21,1.257,gap_1_2,PMH,131.5,09:41,131.59,-1.755,TP,1.0,TP,1.5,TP,2.0
DDOG,2026-05-01,4.766,gap_2plus,PMH,138.56,09:41,140.451,0.056,SL,-0.5,SL,-0.5,SL,-1.0
DDOG,2026-05-22,1.334,gap_1_2,PMH,220.27,10:13,220.395,0.864,SL,-0.5,SL,-0.5,EOD,0.8644
DDOG,2026-05-28,4.85,gap_2plus,PDH,226.48,10:48,226.595,-0.598,SL,-0.5,SL,-0.5,EOD,-0.598
DDOG,2026-05-29,3.778,gap_2plus,PMH,233.94,09:42,234.3825,5.605,TP,1.0,TP,1.5,TP,2.0
DDOG,2026-06-01,1.719,gap_1_2,PMH,259.93,09:46,260.62,6.496,SL,-0.5,SL,-0.5,SL,-1.0
DDOG,2026-06-15,2.658,gap_2plus,PDH,236.81,11:51,236.8996,-1.608,SL,-0.5,SL,-0.5,SL,-1.0
DE,2026-02-19,6.78,gap_2plus,PMH,633.54,09:36,634.59,4.373,TP,1.0,TP,1.5,TP,2.0
DE,2026-04-08,2.8,gap_2plus,PMH,599.99,10:12,600.1225,1.544,SL,-0.5,SL,-0.5,EOD,1.5443
DE,2026-06-02,3.497,gap_2plus,PMH,563.42,09:32,563.6544,2.817,SL,-0.5,SL,-0.5,SL,-1.0
DE,2026-06-15,1.136,gap_1_2,PMH,584.0,11:27,584.1,-1.498,SL,-0.5,SL,-0.5,SL,-1.0
DHR,2026-03-23,1.764,gap_1_2,PDH,191.28,09:36,191.57,-0.82,SL,-0.5,SL,-0.5,SL,-1.0
DHR,2026-03-31,1.533,gap_1_2,PMH,187.32,09:52,187.42,1.12,SL,-0.5,SL,-0.5,SL,-1.0
DHR,2026-04-08,2.528,gap_2plus,PMH,197.34,09:37,197.39,-0.578,SL,-0.5,SL,-0.5,SL,-1.0
DHR,2026-04-28,1.118,gap_1_2,PDH,181.45,09:33,181.61,-1.448,SL,-0.5,SL,-0.5,SL,-1.0
DHR,2026-05-06,1.197,gap_1_2,PMH,175.99,10:30,176.25,-0.806,SL,-0.5,SL,-0.5,SL,-1.0
DHR,2026-06-04,2.33,gap_2plus,PMH,183.87,09:36,184.28,1.254,TP,1.0,TP,1.5,EOD,1.2535
DLTR,2025-12-26,2.032,gap_2plus,PDH,122.59,09:33,122.9,0.846,TP,1.0,EOD,0.8462,EOD,0.8462
DLTR,2026-02-17,2.878,gap_2plus,PMH,130.0,09:33,130.49,-1.502,SL,-0.5,SL,-0.5,SL,-1.0
DLTR,2026-03-16,3.899,gap_2plus,PMH,111.22,09:34,111.5065,2.451,SL,-0.5,SL,-0.5,SL,-1.0
DLTR,2026-03-23,2.322,gap_2plus,PDH,106.92,09:32,107.025,1.126,TP,1.0,TP,1.5,TP,2.0
DLTR,2026-03-30,1.803,gap_1_2,PDH,107.39,09:43,107.42,-1.573,SL,-0.5,SL,-0.5,SL,-1.0
DLTR,2026-03-31,1.608,gap_1_2,PDH,108.96,09:39,109.4991,0.001,SL,-0.5,SL,-0.5,SL,-1.0
DLTR,2026-04-21,1.071,gap_1_2,PMH,108.85,09:50,109.07,-4.809,SL,-0.5,SL,-0.5,SL,-1.0
DLTR,2026-05-06,2.124,gap_2plus,PDH,95.735,09:59,95.86,0.647,TP,1.0,SL,-0.5,EOD,0.6468
DLTR,2026-06-02,1.5,gap_1_2,PMH,112.43,09:42,112.64,-2.912,SL,-0.5,SL,-0.5,SL,-1.0
DLTR,2026-06-04,2.071,gap_2plus,PMH,114.0,09:31,114.055,-4.143,SL,-0.5,SL,-0.5,SL,-1.0
DLTR,2026-06-15,1.193,gap_1_2,PDH,116.1199,09:35,116.255,-2.894,SL,-0.5,SL,-0.5,SL,-1.0
DUK,2026-03-30,1.147,gap_1_2,PDH,131.21,09:32,131.39,0.266,TP,1.0,EOD,0.2664,EOD,0.2664
DUK,2026-04-28,1.094,gap_1_2,PDH,128.34,09:31,128.48,-0.529,SL,-0.5,SL,-0.5,SL,-1.0
DUK,2026-05-05,1.098,gap_1_2,PMH,128.46,09:33,128.65,-0.793,SL,-0.5,SL,-0.5,EOD,-0.7928
DXCM,2026-03-23,1.733,gap_1_2,PDH,67.91,09:31,67.925,-2.922,SL,-0.5,SL,-0.5,SL,-1.0
DXCM,2026-04-17,1.878,gap_1_2,PMH,62.44,09:50,62.46,2.482,TP,1.0,TP,1.5,TP,2.0
DXCM,2026-05-01,1.596,gap_1_2,PMH,60.1,09:40,60.18,1.944,TP,1.0,SL,-0.5,TP,2.0
DXCM,2026-05-12,1.365,gap_1_2,PMH,60.08,09:49,60.2,1.545,TP,1.0,TP,1.5,TP,2.0
DXCM,2026-05-15,3.148,gap_2plus,PMH,61.49,09:58,61.5,0.195,SL,-0.5,SL,-0.5,SL,-1.0
DXCM,2026-06-04,1.718,gap_1_2,PMH,74.02,09:36,74.125,-2.071,SL,-0.5,SL,-0.5,SL,-1.0
DXCM,2026-06-05,1.212,gap_1_2,PDH,74.92,09:33,74.95,-2.815,SL,-0.5,SL,-0.5,SL,-1.0
DXCM,2026-06-08,1.085,gap_1_2,PMH,74.06,09:31,74.45,2.928,SL,-0.5,SL,-0.5,SL,-1.0
DXCM,2026-06-09,1.109,gap_1_2,PMH,76.99,09:31,77.27,1.178,SL,-0.5,SL,-0.5,TP,2.0
ELV,2026-01-08,1.475,gap_1_2,BOTH,374.87,09:33,375.28,-0.132,SL,-0.5,SL,-0.5,SL,-1.0
ELV,2026-02-25,1.422,gap_1_2,PMH,332.5,09:33,333.49,-0.891,SL,-0.5,SL,-0.5,SL,-1.0
ELV,2026-03-10,2.244,gap_2plus,PDH,288.05,09:31,288.25,-1.929,SL,-0.5,SL,-0.5,SL,-1.0
ELV,2026-03-13,1.188,gap_1_2,PMH,292.47,09:39,292.65,-0.318,SL,-0.5,SL,-0.5,SL,-1.0
ELV,2026-03-25,2.222,gap_2plus,PDH,290.38,10:10,291.4125,1.626,SL,-0.5,SL,-0.5,TP,2.0
ELV,2026-04-22,3.018,gap_2plus,PDH,332.93,09:47,332.97,-1.439,TP,1.0,TP,1.5,SL,-1.0
ELV,2026-05-06,1.059,gap_1_2,PDH,373.73,09:47,374.09,0.174,TP,1.0,EOD,0.1738,EOD,0.1738
EMR,2026-01-05,1.642,gap_1_2,PMH,138.29,09:32,141.0,1.337,SL,-0.5,SL,-0.5,TP,2.0
EMR,2026-01-15,1.269,gap_1_2,PMH,150.45,09:31,150.8,-1.85,SL,-0.5,SL,-0.5,SL,-1.0
EMR,2026-01-21,1.095,gap_1_2,PMH,146.72,09:34,147.085,1.683,SL,-0.5,SL,-0.5,TP,2.0
EMR,2026-01-29,1.018,gap_1_2,PDH,149.69,10:56,149.705,0.665,SL,-0.5,SL,-0.5,EOD,0.6646
EMR,2026-02-06,1.226,gap_1_2,PDH,156.01,10:40,156.03,0.859,EOD,0.8588,EOD,0.8588,EOD,0.8588
EMR,2026-03-16,1.059,gap_1_2,PMH,134.0,09:42,134.01,-0.687,SL,-0.5,SL,-0.5,SL,-1.0
EMR,2026-03-25,1.806,gap_1_2,PMH,131.98,09:32,132.52,-1.238,SL,-0.5,SL,-0.5,SL,-1.0
EMR,2026-03-31,2.32,gap_2plus,PMH,126.5,09:35,126.6,3.531,TP,1.0,TP,1.5,TP,2.0
EMR,2026-05-05,2.111,gap_2plus,PDH,139.4732,09:32,139.87,-1.008,SL,-0.5,SL,-0.5,SL,-1.0
EMR,2026-05-06,2.557,gap_2plus,PMH,145.0,09:37,145.895,1.347,SL,-0.5,SL,-0.5,SL,-1.0
EMR,2026-05-08,1.056,gap_1_2,PMH,142.47,10:02,142.61,-0.926,SL,-0.5,SL,-0.5,SL,-1.0
EMR,2026-06-12,1.267,gap_1_2,PDH,142.5999,09:42,142.64,0.287,SL,-0.5,SL,-0.5,EOD,0.2874
ENPH,2025-12-16,1.1,gap_1_2,PMH,31.81,09:31,31.92,-0.172,TP,1.0,TP,1.5,TP,2.0
ENPH,2025-12-18,3.353,gap_2plus,PMH,32.82,09:31,32.88,0.335,TP,1.0,TP,1.5,TP,2.0
ENPH,2026-01-05,3.261,gap_2plus,PDH,34.7563,09:33,34.77,-2.243,SL,-0.5,SL,-0.5,SL,-1.0
ENPH,2026-01-09,1.806,gap_1_2,BOTH,36.18,09:31,36.27,-2.895,SL,-0.5,SL,-0.5,SL,-1.0
ENPH,2026-01-20,2.187,gap_2plus,BOTH,35.7899,09:31,36.01,-4.11,SL,-0.5,SL,-0.5,SL,-1.0
ENPH,2026-01-21,1.651,gap_1_2,PMH,35.12,09:32,35.2006,2.157,SL,-0.5,SL,-0.5,SL,-1.0
ENPH,2026-01-23,2.52,gap_2plus,PDH,41.15,09:42,41.17,-4.202,SL,-0.5,SL,-0.5,TP,2.0
ENPH,2026-01-28,2.054,gap_2plus,PMH,40.8,09:39,40.83,-0.882,SL,-0.5,SL,-0.5,SL,-1.0
ENPH,2026-02-06,2.876,gap_2plus,PMH,49.21,09:31,50.15,-0.738,TP,1.0,SL,-0.5,TP,2.0
ENPH,2026-02-10,1.214,gap_1_2,PMH,51.0,09:31,51.45,-2.313,SL,-0.5,SL,-0.5,SL,-1.0
ENPH,2026-02-11,1.592,gap_1_2,PMH,51.3,09:32,51.62,-6.606,SL,-0.5,SL,-0.5,SL,-1.0
ENPH,2026-02-18,2.771,gap_2plus,PDH,46.17,09:38,46.41,-0.808,SL,-0.5,SL,-0.5,SL,-1.0
ENPH,2026-03-10,1.26,gap_1_2,PMH,41.44,09:35,41.48,5.135,TP,1.0,TP,1.5,TP,2.0
ENPH,2026-03-13,2.042,gap_2plus,PMH,43.25,09:31,43.64,1.02,SL,-0.5,SL,-0.5,SL,-1.0
ENPH,2026-03-16,1.508,gap_1_2,PDH,45.53,10:03,45.56,0.746,SL,-0.5,SL,-0.5,SL,-1.0
ENPH,2026-03-31,1.122,gap_1_2,PMH,36.42,09:47,36.57,3.418,SL,-0.5,SL,-0.5,TP,2.0
ENPH,2026-04-01,1.084,gap_1_2,PDH,37.99,09:31,38.18,0.262,TP,1.0,SL,-0.5,SL,-1.0
ENPH,2026-04-08,6.07,gap_2plus,PDH,33.43,09:33,33.63,-3.152,SL,-0.5,SL,-0.5,SL,-1.0
ENPH,2026-04-13,1.667,gap_1_2,PDH,31.88,09:37,31.92,-1.723,SL,-0.5,SL,-0.5,SL,-1.0
ENPH,2026-04-14,2.104,gap_2plus,PDH,32.2,09:32,32.3084,-0.949,SL,-0.5,SL,-0.5,SL,-1.0
ENPH,2026-04-15,1.495,gap_1_2,PDH,32.5899,09:38,32.64,-1.501,TP,1.0,SL,-0.5,TP,2.0
ENPH,2026-04-17,1.954,gap_1_2,PMH,32.72,09:34,32.87,-1.232,SL,-0.5,SL,-0.5,SL,-1.0
ENPH,2026-04-22,1.16,gap_1_2,PMH,34.45,09:31,34.505,2.478,SL,-0.5,SL,-0.5,SL,-1.0
ENPH,2026-04-24,1.63,gap_1_2,PDH,36.5,09:31,36.5899,-2.295,SL,-0.5,SL,-0.5,SL,-1.0
ENPH,2026-04-30,1.348,gap_1_2,PMH,31.61,09:31,31.85,3.485,SL,-0.5,SL,-0.5,TP,2.0
ENPH,2026-05-05,1.506,gap_1_2,PMH,33.09,10:06,33.18,8.514,TP,1.0,TP,1.5,TP,2.0
ENPH,2026-05-08,1.199,gap_1_2,PMH,36.18,09:31,36.5,-0.137,SL,-0.5,SL,-0.5,SL,-1.0
ENPH,2026-05-13,2.614,gap_2plus,PMH,38.64,09:32,38.9468,7.839,SL,-0.5,SL,-0.5,SL,-1.0
ENPH,2026-05-20,2.503,gap_2plus,PMH,48.01,10:01,48.2426,10.172,TP,1.0,SL,-0.5,TP,2.0
ENPH,2026-05-26,4.061,gap_2plus,PDH,64.94,09:37,65.0239,2.854,SL,-0.5,SL,-0.5,TP,2.0
ENPH,2026-05-27,1.779,gap_1_2,BOTH,68.9,09:33,69.42,1.196,SL,-0.5,SL,-0.5,SL,-1.0
ENPH,2026-05-29,4.452,gap_2plus,PDH,72.47,09:31,72.515,-5.647,SL,-0.5,SL,-0.5,SL,-1.0
ENPH,2026-06-11,2.354,gap_2plus,PMH,52.4027,09:55,52.59,4.488,SL,-0.5,SL,-0.5,SL,-1.0
EQIX,2026-02-12,10.431,gap_2plus,PMH,975.0,09:35,975.175,-1.959,SL,-0.5,SL,-0.5,SL,-1.0
EQIX,2026-04-08,1.081,gap_1_2,PDH,1008.735,09:59,1010.15,0.787,TP,1.0,EOD,0.787,EOD,0.787
EQIX,2026-06-03,1.052,gap_1_2,PMH,1083.06,09:31,1084.6,-0.746,TP,1.0,TP,1.5,TP,2.0
FANG,2025-12-17,1.06,gap_1_2,PMH,151.68,09:59,151.91,1.461,SL,-0.5,SL,-0.5,EOD,1.4614
FANG,2025-12-22,1.296,gap_1_2,PDH,150.92,10:03,150.95,-1.646,SL,-0.5,SL,-0.5,SL,-1.0
FANG,2026-01-13,1.646,gap_1_2,PMH,149.74,09:31,150.32,0.672,TP,1.0,TP,1.5,TP,2.0
FANG,2026-01-20,1.065,gap_1_2,PMH,152.9,09:31,153.2393,-2.962,SL,-0.5,SL,-0.5,SL,-1.0
FANG,2026-01-21,2.085,gap_2plus,PDH,154.0,09:33,154.43,-0.926,TP,1.0,SL,-0.5,SL,-1.0
FANG,2026-01-23,1.08,gap_1_2,PMH,154.79,09:33,155.0,-0.645,SL,-0.5,SL,-0.5,EOD,-0.6452
FANG,2026-01-28,1.024,gap_1_2,PDH,159.265,10:12,159.28,0.659,SL,-0.5,SL,-0.5,EOD,0.6592
FANG,2026-01-29,2.913,gap_2plus,PMH,165.0,10:33,165.09,-1.211,SL,-0.5,SL,-0.5,SL,-1.0
FANG,2026-02-11,1.861,gap_1_2,PMH,168.03,09:32,168.58,0.16,SL,-0.5,SL,-0.5,SL,-1.0
FANG,2026-02-18,1.542,gap_1_2,PMH,171.8,10:58,171.89,1.233,TP,1.0,EOD,1.2333,EOD,1.2333
FANG,2026-02-19,1.299,gap_1_2,PMH,176.77,09:44,176.865,-1.173,SL,-0.5,SL,-0.5,SL,-1.0
FANG,2026-02-27,1.413,gap_1_2,BOTH,170.24,09:47,170.96,1.819,SL,-0.5,SL,-0.5,SL,-1.0
FANG,2026-03-02,4.09,gap_2plus,PDH,174.46,09:40,175.25,2.094,SL,-0.5,SL,-0.5,TP,2.0
FANG,2026-03-06,2.051,gap_2plus,PDH,179.78,09:46,180.315,0.114,SL,-0.5,SL,-0.5,EOD,0.1137
FANG,2026-03-09,1.734,gap_1_2,PDH,183.08,09:34,183.21,-0.191,SL,-0.5,SL,-0.5,SL,-1.0
FANG,2026-03-12,1.096,gap_1_2,PDH,178.05,09:37,178.2,-0.617,TP,1.0,TP,1.5,EOD,-0.6173
FANG,2026-03-19,1.096,gap_1_2,PMH,193.0,09:38,193.16,-1.465,SL,-0.5,SL,-0.5,SL,-1.0
FANG,2026-03-26,1.464,gap_1_2,PMH,199.0,09:31,199.135,1.524,SL,-0.5,SL,-0.5,TP,2.0
FANG,2026-03-27,1.009,gap_1_2,PDH,204.155,09:39,204.2,-1.146,SL,-0.5,SL,-0.5,SL,-1.0
FANG,2026-04-02,3.457,gap_2plus,PMH,199.47,09:34,199.645,-2.888,SL,-0.5,SL,-0.5,SL,-1.0
FANG,2026-04-13,1.249,gap_1_2,PDH,189.68,10:03,189.73,-0.332,SL,-0.5,SL,-0.5,SL,-1.0
FANG,2026-04-23,1.109,gap_1_2,PMH,196.88,09:33,197.33,-0.872,SL,-0.5,SL,-0.5,SL,-1.0
FANG,2026-04-28,1.817,gap_1_2,PDH,198.14,10:16,198.215,0.941,SL,-0.5,SL,-0.5,EOD,0.9409
FANG,2026-04-29,1.225,gap_1_2,PMH,202.99,09:34,203.215,1.041,SL,-0.5,SL,-0.5,EOD,1.0408
FANG,2026-05-12,1.31,gap_1_2,PDH,197.03,10:16,197.115,0.51,TP,1.0,EOD,0.5099,EOD,0.5099
FANG,2026-05-28,1.11,gap_1_2,PDH,194.68,09:44,195.0,-0.451,SL,-0.5,SL,-0.5,SL,-1.0
FANG,2026-06-10,1.302,gap_1_2,PMH,196.99,09:33,196.995,-0.267,SL,-0.5,SL,-0.5,EOD,-0.2665
FAST,2026-03-05,3.036,gap_2plus,PMH,48.24,09:33,48.305,-2.07,SL,-0.5,SL,-0.5,SL,-1.0
FAST,2026-03-23,1.965,gap_1_2,PDH,44.795,09:56,44.8,-0.804,TP,1.0,SL,-0.5,EOD,-0.8036
FAST,2026-03-31,1.33,gap_1_2,PDH,45.46,09:42,45.47,2.089,SL,-0.5,SL,-0.5,TP,2.0
FAST,2026-04-08,1.929,gap_1_2,PMH,47.0,09:32,47.11,2.314,TP,1.0,TP,1.5,TP,2.0
FAST,2026-04-17,1.275,gap_1_2,BOTH,45.19,09:31,45.345,0.97,TP,1.0,EOD,0.9703,EOD,0.9703
FAST,2026-05-06,1.072,gap_1_2,PMH,45.0,09:35,45.0201,-0.711,SL,-0.5,SL,-0.5,SL,-1.0
FCX,2025-12-17,1.178,gap_1_2,PDH,47.675,09:45,47.7,0.304,TP,1.0,SL,-0.5,EOD,0.304
FCX,2025-12-22,1.771,gap_1_2,PMH,50.13,09:31,50.42,0.436,TP,1.0,SL,-0.5,EOD,0.4363
FCX,2025-12-23,1.915,gap_1_2,PMH,51.55,10:16,51.56,0.659,TP,1.0,EOD,0.6594,EOD,0.6594
FCX,2026-01-02,1.841,gap_1_2,PMH,52.11,10:06,52.12,-0.355,SL,-0.5,SL,-0.5,SL,-1.0
FCX,2026-01-05,3.254,gap_2plus,PMH,53.75,09:33,53.925,0.89,SL,-0.5,SL,-0.5,SL,-1.0
FCX,2026-01-06,2.95,gap_2plus,PMH,56.01,10:56,56.05,0.178,TP,1.0,TP,1.5,EOD,0.1784
FCX,2026-01-09,2.269,gap_2plus,PMH,55.43,09:43,55.465,1.866,TP,1.0,TP,1.5,TP,2.0
FCX,2026-01-13,2.257,gap_2plus,PDH,58.83,10:21,58.88,0.756,SL,-0.5,SL,-0.5,EOD,0.7558
FCX,2026-01-14,1.492,gap_1_2,PDH,60.09,09:47,60.16,0.416,SL,-0.5,SL,-0.5,SL,-1.0
FCX,2026-01-21,2.481,gap_2plus,PMH,61.75,09:38,61.76,-1.878,SL,-0.5,SL,-0.5,SL,-1.0
FCX,2026-01-28,2.004,gap_2plus,PMH,64.45,09:41,64.545,-1.402,SL,-0.5,SL,-0.5,SL,-1.0
FCX,2026-01-29,9.035,gap_2plus,PDH,64.67,11:14,64.75,0.556,SL,-0.5,SL,-0.5,EOD,0.556
FCX,2026-02-03,5.481,gap_2plus,PMH,64.06,09:41,64.19,0.717,SL,-0.5,SL,-0.5,SL,-1.0
FCX,2026-02-06,1.908,gap_1_2,PMH,60.4956,09:36,60.6,0.083,SL,-0.5,SL,-0.5,SL,-1.0
FCX,2026-02-09,1.162,gap_1_2,PMH,61.5,09:32,62.1,2.399,TP,1.0,TP,1.5,TP,2.0
FCX,2026-02-11,2.909,gap_2plus,PDH,63.52,10:21,63.66,2.765,SL,-0.5,SL,-0.5,TP,2.0
FCX,2026-02-18,2.717,gap_2plus,PMH,62.9,09:54,62.95,-0.683,SL,-0.5,SL,-0.5,SL,-1.0
FCX,2026-02-25,1.65,gap_1_2,PDH,68.84,09:38,68.99,-0.232,SL,-0.5,SL,-0.5,SL,-1.0
FCX,2026-03-04,1.99,gap_1_2,PMH,67.02,09:31,67.15,-1.839,SL,-0.5,SL,-0.5,SL,-1.0
FCX,2026-03-16,1.508,gap_1_2,PMH,57.5,09:35,57.53,0.661,SL,-0.5,SL,-0.5,SL,-1.0
FCX,2026-03-23,4.165,gap_2plus,PDH,53.92,09:41,53.97,1.816,TP,1.0,TP,1.5,TP,2.0
FCX,2026-03-30,2.428,gap_2plus,PMH,57.78,09:31,57.93,-5.679,SL,-0.5,SL,-0.5,SL,-1.0
FCX,2026-03-31,3.102,gap_2plus,PMH,56.35,09:35,56.38,4.257,TP,1.0,TP,1.5,TP,2.0
FCX,2026-04-01,3.351,gap_2plus,PMH,60.94,10:29,61.01,0.352,TP,1.0,TP,1.5,EOD,0.3524
FCX,2026-04-08,7.364,gap_2plus,PMH,65.24,09:46,65.265,-0.253,SL,-0.5,SL,-0.5,SL,-1.0
FCX,2026-04-10,1.174,gap_1_2,PMH,67.62,09:33,67.6801,0.236,SL,-0.5,SL,-0.5,EOD,0.2363
FCX,2026-04-17,1.596,gap_1_2,PDH,69.51,10:10,69.595,0.898,TP,1.0,TP,1.5,EOD,0.8981
FCX,2026-04-22,2.686,gap_2plus,PMH,69.47,09:43,69.69,0.904,TP,1.0,EOD,0.904,EOD,0.904
FCX,2026-05-05,2.554,gap_2plus,PMH,57.17,09:31,57.375,0.566,SL,-0.5,SL,-0.5,SL,-1.0
FCX,2026-05-07,1.216,gap_1_2,PDH,61.2799,09:52,61.33,-1.174,TP,1.0,TP,1.5,SL,-1.0
FCX,2026-05-08,1.93,gap_1_2,PMH,62.11,09:35,62.16,-0.82,SL,-0.5,SL,-0.5,SL,-1.0
FCX,2026-05-13,1.204,gap_1_2,PDH,66.37,09:34,66.375,1.168,SL,-0.5,SL,-0.5,TP,2.0
FCX,2026-05-26,1.71,gap_1_2,PMH,63.9,09:35,63.93,0.688,TP,1.0,TP,1.5,EOD,0.6883
FCX,2026-06-02,1.253,gap_1_2,PMH,68.0,09:33,68.465,4.769,TP,1.0,TP,1.5,TP,2.0
FCX,2026-06-08,1.925,gap_1_2,PMH,65.03,09:33,65.06,-1.798,SL,-0.5,SL,-0.5,SL,-1.0
FCX,2026-06-09,2.003,gap_2plus,PDH,65.72,09:33,65.73,-2.282,SL,-0.5,SL,-0.5,SL,-1.0
FCX,2026-06-11,1.53,gap_1_2,PMH,63.49,09:46,63.748,4.035,TP,1.0,TP,1.5,TP,2.0
FCX,2026-06-12,1.342,gap_1_2,PMH,68.08,09:35,68.35,0.066,SL,-0.5,SL,-0.5,SL,-1.0
FCX,2026-06-15,4.087,gap_2plus,PMH,71.43,09:47,71.53,-1.964,SL,-0.5,SL,-0.5,SL,-1.0
FTNT,2026-01-05,1.085,gap_1_2,PMH,78.8,09:33,78.8488,-1.153,TP,1.0,SL,-0.5,SL,-1.0
FTNT,2026-01-23,7.549,gap_2plus,PMH,84.0,09:31,84.3,-3.179,SL,-0.5,SL,-0.5,SL,-1.0
FTNT,2026-02-06,4.283,gap_2plus,BOTH,81.775,09:32,83.21,-0.517,SL,-0.5,SL,-0.5,SL,-1.0
FTNT,2026-03-16,1.09,gap_1_2,PMH,84.5,09:33,84.72,-0.26,TP,1.0,SL,-0.5,EOD,-0.2597
FTNT,2026-04-08,1.29,gap_1_2,PDH,83.95,11:34,83.975,-0.542,SL,-0.5,SL,-0.5,SL,-1.0
FTNT,2026-04-22,1.209,gap_1_2,PMH,86.33,09:31,86.69,0.461,SL,-0.5,SL,-0.5,SL,-1.0
FTNT,2026-04-28,1.255,gap_1_2,PDH,86.755,09:32,87.3,-1.787,SL,-0.5,SL,-0.5,SL,-1.0
FTNT,2026-05-01,2.147,gap_2plus,PMH,86.0,09:41,86.12,0.197,SL,-0.5,SL,-0.5,SL,-1.0
FTNT,2026-05-19,1.024,gap_1_2,PDH,126.61,10:00,126.7,0.718,SL,-0.5,SL,-0.5,SL,-1.0
FTNT,2026-06-01,2.342,gap_2plus,PMH,142.0,10:05,142.31,3.429,TP,1.0,TP,1.5,TP,2.0
FTNT,2026-06-11,1.773,gap_1_2,PDH,141.3,09:34,141.4,2.567,TP,1.0,SL,-0.5,TP,2.0
GD,2026-01-05,1.316,gap_1_2,PMH,348.0,09:32,350.75,1.388,TP,1.0,TP,1.5,EOD,1.3885
GD,2026-01-08,3.223,gap_2plus,PDH,363.0,09:36,364.19,-3.5,SL,-0.5,SL,-0.5,SL,-1.0
GD,2026-01-13,1.197,gap_1_2,PDH,361.095,09:47,361.46,0.462,TP,1.0,EOD,0.462,EOD,0.462
GD,2026-03-23,1.341,gap_1_2,PMH,350.0,10:41,350.07,-0.803,SL,-0.5,SL,-0.5,EOD,-0.8027
GD,2026-03-31,1.151,gap_1_2,PMH,342.26,09:35,342.495,0.226,SL,-0.5,SL,-0.5,EOD,0.2263
GD,2026-04-01,1.031,gap_1_2,PMH,348.05,09:45,348.3301,0.629,TP,1.0,EOD,0.6287,EOD,0.6287
GD,2026-04-29,7.775,gap_2plus,PMH,340.0,09:38,340.26,-0.4,TP,1.0,TP,1.5,TP,2.0
GD,2026-06-11,2.272,gap_2plus,PMH,350.24,09:32,350.795,2.313,TP,1.0,TP,1.5,TP,2.0
GE,2025-12-18,1.325,gap_1_2,PMH,297.5236,09:34,298.34,1.123,TP,1.0,EOD,1.1229,EOD,1.1229
GE,2026-02-11,1.004,gap_1_2,PDH,320.07,09:31,320.22,-2.008,SL,-0.5,SL,-0.5,SL,-1.0
GE,2026-02-12,1.272,gap_1_2,PDH,321.78,09:32,322.5,-2.986,SL,-0.5,SL,-0.5,SL,-1.0
GE,2026-02-18,1.012,gap_1_2,PDH,330.4,09:31,330.95,-0.462,SL,-0.5,SL,-0.5,SL,-1.0
GE,2026-02-20,1.246,gap_1_2,PMH,341.0,09:38,341.36,0.536,SL,-0.5,SL,-0.5,SL,-1.0
GE,2026-03-16,1.348,gap_1_2,PMH,303.5,09:45,303.61,0.158,SL,-0.5,SL,-0.5,SL,-1.0
GE,2026-03-23,3.661,gap_2plus,PDH,293.43,09:41,293.5,-0.644,SL,-0.5,SL,-0.5,TP,2.0
GE,2026-03-25,1.531,gap_1_2,PMH,295.47,09:35,295.77,0.321,SL,-0.5,SL,-0.5,EOD,0.3212
GE,2026-03-31,1.716,gap_1_2,PMH,278.15,09:54,278.765,1.774,TP,1.0,TP,1.5,TP,2.0
GE,2026-04-08,7.387,gap_2plus,PMH,311.31,09:34,311.95,-1.205,SL,-0.5,SL,-0.5,SL,-1.0
GE,2026-04-14,1.013,gap_1_2,PMH,314.16,09:34,314.39,1.136,TP,1.0,TP,1.5,EOD,1.1355
GE,2026-04-17,3.99,gap_2plus,PMH,313.11,10:41,313.17,-2.899,SL,-0.5,SL,-0.5,SL,-1.0
GE,2026-05-06,4.796,gap_2plus,PMH,305.88,09:35,306.3775,-0.184,SL,-0.5,SL,-0.5,SL,-1.0
GE,2026-05-20,1.293,gap_1_2,PDH,287.42,09:33,287.81,4.329,TP,1.0,TP,1.5,TP,2.0
GE,2026-06-15,2.431,gap_2plus,PMH,343.67,09:31,344.06,-0.485,TP,1.0,SL,-0.5,EOD,-0.4854
GEHC,2026-02-04,1.181,gap_1_2,PMH,83.43,09:44,83.455,-1.072,SL,-0.5,SL,-0.5,TP,2.0
GEHC,2026-03-16,1.526,gap_1_2,PMH,71.89,09:41,71.95,0.32,SL,-0.5,SL,-0.5,EOD,0.3197
GEHC,2026-03-23,3.259,gap_2plus,PMH,71.98,09:52,72.0,-0.528,SL,-0.5,SL,-0.5,EOD,-0.5278
GEHC,2026-03-25,1.846,gap_1_2,PMH,72.57,09:31,73.0,-1.082,SL,-0.5,SL,-0.5,SL,-1.0
GEHC,2026-03-31,1.673,gap_1_2,PMH,69.69,09:33,69.735,2.029,SL,-0.5,SL,-0.5,SL,-1.0
GEHC,2026-04-08,4.446,gap_2plus,PMH,73.5,09:44,73.65,0.149,SL,-0.5,SL,-0.5,EOD,0.1494
GEHC,2026-04-17,2.774,gap_2plus,PMH,75.27,09:32,75.54,-1.178,SL,-0.5,SL,-0.5,SL,-1.0
GEHC,2026-05-01,1.184,gap_1_2,PDH,61.03,09:34,61.115,-0.155,SL,-0.5,SL,-0.5,SL,-1.0
GEHC,2026-05-06,1.54,gap_1_2,PDH,61.48,09:46,61.5,0.374,SL,-0.5,SL,-0.5,EOD,0.374
GEHC,2026-05-08,1.924,gap_1_2,PMH,62.57,09:35,62.66,1.293,SL,-0.5,SL,-0.5,SL,-1.0
GEHC,2026-05-27,1.176,gap_1_2,BOTH,64.98,09:36,65.16,-1.949,SL,-0.5,SL,-0.5,SL,-1.0
GEHC,2026-06-15,1.366,gap_1_2,PDH,65.41,09:53,65.46,-1.085,SL,-0.5,SL,-0.5,SL,-1.0
GILD,2026-02-11,1.151,gap_1_2,PMH,150.84,09:32,151.27,2.968,SL,-0.5,SL,-0.5,SL,-1.0
GILD,2026-03-25,1.209,gap_1_2,PMH,139.88,10:03,139.9,-1.187,SL,-0.5,SL,-0.5,SL,-1.0
GILD,2026-06-04,1.272,gap_1_2,PDH,129.86,09:44,130.1,-0.684,SL,-0.5,SL,-0.5,SL,-1.0
GOOGL,2025-12-18,1.682,gap_1_2,PMH,302.52,10:42,302.59,-0.063,EOD,-0.0628,EOD,-0.0628,EOD,-0.0628
GOOGL,2026-01-02,1.246,gap_1_2,PMH,318.0,10:09,318.0641,-0.926,SL,-0.5,SL,-0.5,SL,-1.0
GOOGL,2026-01-08,2.154,gap_2plus,PDH,326.15,09:35,326.78,-0.422,SL,-0.5,SL,-0.5,SL,-1.0
GOOGL,2026-01-22,1.681,gap_1_2,PDH,332.4799,09:31,332.63,-0.64,SL,-0.5,SL,-0.5,SL,-1.0
GOOGL,2026-02-03,1.03,gap_1_2,PDH,344.83,09:38,344.89,-1.493,SL,-0.5,SL,-0.5,SL,-1.0
GOOGL,2026-02-23,1.274,gap_1_2,PDH,316.5,09:48,316.965,-1.705,SL,-0.5,SL,-0.5,SL,-1.0
GOOGL,2026-03-31,1.759,gap_1_2,PMH,278.25,09:33,278.46,3.268,TP,1.0,TP,1.5,TP,2.0
GOOGL,2026-04-14,1.102,gap_1_2,PMH,325.5,09:44,325.9,2.157,TP,1.0,TP,1.5,TP,2.0
GOOGL,2026-05-06,1.552,gap_1_2,PMH,398.0,10:59,398.02,-0.058,SL,-0.5,SL,-0.5,EOD,-0.0578
GOOGL,2026-06-09,1.038,gap_1_2,PDH,366.2,10:19,366.492,-0.691,SL,-0.5,SL,-0.5,SL,-1.0
GOOGL,2026-06-12,1.404,gap_1_2,PDH,358.8,09:58,359.43,0.061,TP,1.0,TP,1.5,EOD,0.0612
GOOGL,2026-06-15,2.305,gap_2plus,PMH,370.4,09:32,371.74,-0.654,SL,-0.5,SL,-0.5,SL,-1.0
GS,2026-02-25,1.381,gap_1_2,PMH,914.0,09:37,914.35,0.757,SL,-0.5,SL,-0.5,EOD,0.7568
GS,2026-03-16,1.245,gap_1_2,PDH,798.0,09:56,798.88,-0.529,SL,-0.5,SL,-0.5,EOD,-0.5295
GS,2026-03-17,1.466,gap_1_2,PMH,805.77,11:07,806.2825,0.116,EOD,0.1163,EOD,0.1163,EOD,0.1163
GS,2026-03-23,2.354,gap_2plus,PMH,847.0,11:03,848.17,-1.927,SL,-0.5,SL,-0.5,SL,-1.0
GS,2026-03-25,1.081,gap_1_2,PMH,850.0,09:32,850.87,-1.048,SL,-0.5,SL,-0.5,SL,-1.0
GS,2026-03-30,1.025,gap_1_2,PMH,815.3,11:00,815.58,-0.926,SL,-0.5,SL,-0.5,SL,-1.0
GS,2026-03-31,1.964,gap_1_2,PDH,818.6325,09:46,819.44,3.244,TP,1.0,TP,1.5,TP,2.0
GS,2026-04-01,1.647,gap_1_2,PMH,861.99,09:58,863.0,-0.32,SL,-0.5,SL,-0.5,SL,-1.0
GS,2026-04-08,4.697,gap_2plus,PMH,905.0,10:24,905.62,0.001,SL,-0.5,SL,-0.5,SL,-1.0
GS,2026-04-17,1.724,gap_1_2,PMH,916.37,09:41,917.3035,0.912,SL,-0.5,SL,-0.5,EOD,0.9121
GS,2026-04-22,1.346,gap_1_2,PMH,937.76,09:32,938.53,-0.427,SL,-0.5,SL,-0.5,EOD,-0.4273
GS,2026-05-06,1.859,gap_1_2,PMH,942.7611,09:38,943.89,-0.678,SL,-0.5,SL,-0.5,SL,-1.0
GS,2026-05-08,1.107,gap_1_2,PMH,934.9999,09:40,935.0,0.164,SL,-0.5,SL,-0.5,EOD,0.1636
GS,2026-05-14,1.374,gap_1_2,PMH,967.0,09:38,968.285,0.1,SL,-0.5,SL,-0.5,EOD,0.0997
GS,2026-05-20,1.719,gap_1_2,PMH,945.81,09:37,946.69,3.74,TP,1.0,TP,1.5,TP,2.0
GS,2026-06-08,1.298,gap_1_2,PMH,1053.0,09:41,1054.11,-0.864,SL,-0.5,SL,-0.5,SL,-1.0
GS,2026-06-11,1.268,gap_1_2,PMH,1015.88,09:50,1016.34,1.885,SL,-0.5,SL,-0.5,SL,-1.0
GS,2026-06-12,1.69,gap_1_2,PMH,1053.77,09:31,1055.06,0.762,SL,-0.5,SL,-0.5,EOD,0.762
HCA,2026-01-27,6.874,gap_2plus,PMH,512.0,09:41,514.736,-1.738,SL,-0.5,SL,-0.5,TP,2.0
HCA,2026-03-23,1.3,gap_1_2,PMH,499.0,09:41,499.19,-0.923,SL,-0.5,SL,-0.5,SL,-1.0
HCA,2026-04-08,1.712,gap_1_2,PMH,503.0,09:46,503.415,0.311,EOD,0.3109,EOD,0.3109,EOD,0.3109
HCA,2026-06-05,1.003,gap_1_2,PDH,369.245,09:40,369.34,0.774,SL,-0.5,SL,-0.5,EOD,0.7744
HCA,2026-06-09,1.293,gap_1_2,PMH,366.44,09:38,366.875,2.187,TP,1.0,TP,1.5,TP,2.0
HCA,2026-06-15,1.24,gap_1_2,PDH,389.96,09:34,390.28,-0.072,SL,-0.5,SL,-0.5,SL,-1.0
HD,2025-12-18,1.9,gap_1_2,PMH,365.0,09:31,365.43,-2.835,SL,-0.5,SL,-0.5,SL,-1.0
HD,2026-01-07,1.159,gap_1_2,PMH,353.76,09:52,353.9289,-1.359,SL,-0.5,SL,-0.5,SL,-1.0
HD,2026-01-09,1.11,gap_1_2,PMH,365.0,09:31,365.22,2.549,SL,-0.5,SL,-0.5,SL,-1.0
HD,2026-02-24,3.215,gap_2plus,PMH,393.0,09:33,393.395,-2.228,SL,-0.5,SL,-0.5,SL,-1.0
HD,2026-03-23,3.453,gap_2plus,PDH,330.23,09:36,330.3441,0.165,TP,1.0,EOD,0.1653,EOD,0.1653
HD,2026-03-30,1.306,gap_1_2,PMH,324.67,09:33,325.6,-0.666,SL,-0.5,SL,-0.5,EOD,-0.6665
HD,2026-04-17,1.688,gap_1_2,PMH,343.76,09:31,344.735,1.353,TP,1.0,TP,1.5,TP,2.0
HD,2026-05-27,1.372,gap_1_2,PDH,316.79,09:34,317.6695,0.101,TP,1.0,EOD,0.1009,EOD,0.1009
HD,2026-06-04,1.533,gap_1_2,PDH,313.52,10:26,313.53,-1.113,SL,-0.5,SL,-0.5,SL,-1.0
HD,2026-06-11,1.047,gap_1_2,PMH,321.99,09:32,322.29,1.16,TP,1.0,SL,-0.5,SL,-1.0
HD,2026-06-15,1.641,gap_1_2,PMH,333.5968,09:47,333.61,-1.097,SL,-0.5,SL,-0.5,SL,-1.0
HON,2026-01-14,1.326,gap_1_2,PDH,211.21,10:09,211.48,0.757,TP,1.0,EOD,0.7566,EOD,0.7566
HON,2026-01-16,1.93,gap_1_2,PMH,219.411,10:07,219.51,-0.023,EOD,-0.0228,EOD,-0.0228,EOD,-0.0228
HON,2026-02-04,1.113,gap_1_2,PMH,233.75,09:34,234.04,0.581,EOD,0.5811,EOD,0.5811,EOD,0.5811
HON,2026-03-25,1.115,gap_1_2,BOTH,224.64,09:31,224.94,0.378,SL,-0.5,SL,-0.5,SL,-1.0
HON,2026-04-08,2.535,gap_2plus,PMH,229.9,09:31,230.15,1.004,SL,-0.5,SL,-0.5,EOD,1.0037
HON,2026-05-06,1.942,gap_1_2,PMH,213.83,09:36,213.995,1.339,TP,1.0,TP,1.5,EOD,1.3388
HON,2026-05-26,2.514,gap_2plus,PMH,234.17,10:09,234.24,-1.076,SL,-0.5,SL,-0.5,SL,-1.0
HON,2026-06-11,1.059,gap_1_2,PMH,211.3282,11:13,211.37,3.624,SL,-0.5,SL,-0.5,TP,2.0
HON,2026-06-15,3.06,gap_2plus,PMH,228.12,09:58,228.435,-0.444,SL,-0.5,SL,-0.5,EOD,-0.4443
HOOD,2025-12-16,1.245,gap_1_2,PMH,117.31,09:31,117.585,1.535,SL,-0.5,SL,-0.5,SL,-1.0
HOOD,2025-12-17,1.323,gap_1_2,PMH,121.87,09:31,122.13,-5.183,SL,-0.5,SL,-0.5,SL,-1.0
HOOD,2025-12-18,5.242,gap_2plus,PMH,122.2,09:46,122.4364,-4.285,SL,-0.5,SL,-0.5,SL,-1.0
HOOD,2025-12-19,1.843,gap_1_2,PMH,120.5,09:31,120.59,0.605,SL,-0.5,SL,-0.5,SL,-1.0
HOOD,2025-12-22,1.805,gap_1_2,PMH,124.25,09:38,124.302,-1.554,SL,-0.5,SL,-0.5,SL,-1.0
HOOD,2026-01-05,2.387,gap_2plus,PMH,117.98,09:36,118.18,4.299,TP,1.0,TP,1.5,TP,2.0
HOOD,2026-01-09,1.474,gap_1_2,PMH,117.09,09:33,117.22,-1.646,SL,-0.5,SL,-0.5,SL,-1.0
HOOD,2026-01-30,1.541,gap_1_2,PMH,102.98,09:53,103.0,-3.427,TP,1.0,SL,-0.5,SL,-1.0
HOOD,2026-02-06,7.156,gap_2plus,PDH,79.41,09:33,80.3785,3.031,SL,-0.5,SL,-0.5,TP,2.0
HOOD,2026-02-09,2.494,gap_2plus,PDH,84.3,09:31,84.61,2.328,SL,-0.5,SL,-0.5,TP,2.0
HOOD,2026-02-13,1.977,gap_1_2,PMH,73.7898,09:55,74.3501,2.179,SL,-0.5,SL,-0.5,TP,2.0
HOOD,2026-02-25,4.825,gap_2plus,PMH,77.0,11:30,77.0089,0.677,TP,1.0,SL,-0.5,EOD,0.6767
HOOD,2026-03-04,4.772,gap_2plus,PMH,80.51,09:37,80.82,1.732,SL,-0.5,SL,-0.5,TP,2.0
HOOD,2026-03-10,1.096,gap_1_2,PDH,79.65,09:34,79.72,-1.505,SL,-0.5,SL,-0.5,SL,-1.0
HOOD,2026-03-16,2.351,gap_2plus,PMH,75.56,10:18,75.5701,-0.371,SL,-0.5,SL,-0.5,SL,-1.0
HOOD,2026-03-23,1.255,gap_1_2,PMH,72.68,10:10,72.7,-0.344,TP,1.0,SL,-0.5,SL,-1.0
HOOD,2026-03-30,1.015,gap_1_2,PMH,67.8,09:31,67.84,-3.965,SL,-0.5,SL,-0.5,SL,-1.0
HOOD,2026-03-31,1.028,gap_1_2,PMH,66.6,09:49,66.685,3.846,SL,-0.5,SL,-0.5,SL,-1.0
HOOD,2026-04-01,2.7,gap_2plus,PDH,69.4127,09:49,69.585,0.754,TP,1.0,TP,1.5,TP,2.0
HOOD,2026-04-15,5.627,gap_2plus,PMH,86.08,11:16,86.165,1.422,SL,-0.5,SL,-0.5,SL,-1.0
HOOD,2026-04-16,2.071,gap_2plus,PDH,87.55,09:40,87.72,-1.026,SL,-0.5,SL,-0.5,SL,-1.0
HOOD,2026-04-17,3.72,gap_2plus,PMH,91.63,09:34,91.71,-0.998,SL,-0.5,SL,-0.5,SL,-1.0
HOOD,2026-05-01,1.214,gap_1_2,PDH,73.8746,09:35,73.965,-0.372,SL,-0.5,SL,-0.5,SL,-1.0
HOOD,2026-05-04,1.371,gap_1_2,PMH,76.37,09:32,76.415,0.216,TP,1.0,TP,1.5,TP,2.0
HOOD,2026-05-05,1.306,gap_1_2,PDH,78.29,11:05,78.35,-1.659,SL,-0.5,SL,-0.5,SL,-1.0
HOOD,2026-05-26,1.175,gap_1_2,PMH,75.1,11:17,75.135,-1.417,SL,-0.5,SL,-0.5,SL,-1.0
HOOD,2026-05-29,1.084,gap_1_2,PMH,86.0,09:31,86.1196,9.557,SL,-0.5,SL,-0.5,TP,2.0
HOOD,2026-06-15,5.968,gap_2plus,PMH,98.96,10:18,99.035,-0.894,TP,1.0,TP,1.5,SL,-1.0
IBM,2026-01-05,1.507,gap_1_2,PMH,296.0,09:31,297.03,-0.66,SL,-0.5,SL,-0.5,EOD,-0.6599
IBM,2026-01-16,1.017,gap_1_2,PMH,303.5,09:34,304.21,0.496,SL,-0.5,SL,-0.5,EOD,0.4964
IBM,2026-02-24,1.983,gap_1_2,PMH,230.5,09:38,231.2701,-0.826,TP,1.0,TP,1.5,TP,2.0
IBM,2026-02-25,1.683,gap_1_2,PMH,233.6,09:51,234.7,1.231,TP,1.0,TP,1.5,TP,2.0
IBM,2026-03-31,1.247,gap_1_2,PDH,240.21,09:48,240.325,0.847,SL,-0.5,SL,-0.5,SL,-1.0
IBM,2026-04-08,1.44,gap_1_2,PDH,245.76,09:44,246.555,-1.945,SL,-0.5,SL,-0.5,SL,-1.0
IBM,2026-04-13,1.235,gap_1_2,PMH,233.85,09:49,233.855,1.708,SL,-0.5,SL,-0.5,EOD,1.7083
IBM,2026-04-16,1.609,gap_1_2,PMH,248.5949,11:22,248.74,0.909,EOD,0.9086,EOD,0.9086,EOD,0.9086
IBM,2026-04-17,1.462,gap_1_2,PDH,251.22,11:49,251.39,0.831,EOD,0.8314,EOD,0.8314,EOD,0.8314
IBM,2026-04-28,1.092,gap_1_2,PMH,230.25,09:46,230.405,1.126,TP,1.0,EOD,1.1263,EOD,1.1263
IBM,2026-05-01,1.55,gap_1_2,PMH,234.85,09:35,235.44,-1.363,SL,-0.5,SL,-0.5,SL,-1.0
IBM,2026-05-28,2.225,gap_2plus,PDH,257.62,09:33,258.39,2.252,TP,1.0,TP,1.5,TP,2.0
IBM,2026-05-29,4.954,gap_2plus,PMH,281.5,09:55,282.13,5.625,TP,1.0,TP,1.5,TP,2.0
ICE,2026-02-05,2.373,gap_2plus,PMH,168.99,11:49,169.48,-0.714,SL,-0.5,SL,-0.5,SL,-1.0
ICE,2026-03-16,1.018,gap_1_2,PDH,160.6,09:32,160.61,0.56,EOD,0.5604,EOD,0.5604,EOD,0.5604
ICE,2026-03-30,1.029,gap_1_2,PDH,156.49,10:57,156.59,0.249,EOD,0.2491,EOD,0.2491,EOD,0.2491
ICE,2026-04-28,1.236,gap_1_2,PMH,158.98,09:31,159.245,-1.84,SL,-0.5,SL,-0.5,SL,-1.0
ICE,2026-06-04,2.373,gap_2plus,PDH,142.0,09:32,142.27,-0.162,SL,-0.5,SL,-0.5,EOD,-0.1617
IDXX,2026-03-25,1.91,gap_1_2,PDH,576.51,09:31,581.0,-0.921,SL,-0.5,SL,-0.5,SL,-1.0
IDXX,2026-04-17,2.24,gap_2plus,PMH,583.13,09:36,584.0,0.954,SL,-0.5,SL,-0.5,EOD,0.9538
IDXX,2026-05-05,1.134,gap_1_2,PDH,570.6301,10:00,571.36,-1.482,TP,1.0,TP,1.5,TP,2.0
ILMN,2026-01-13,3.036,gap_2plus,PDH,145.7,10:57,146.155,0.462,SL,-0.5,SL,-0.5,SL,-1.0
ILMN,2026-02-04,1.241,gap_1_2,PMH,137.19,09:35,137.29,-2.367,SL,-0.5,SL,-0.5,SL,-1.0
ILMN,2026-03-17,1.039,gap_1_2,PMH,120.82,09:49,121.12,-0.248,TP,1.0,TP,1.5,EOD,-0.2477
ILMN,2026-04-08,3.59,gap_2plus,PDH,129.06,10:17,129.1675,-0.904,SL,-0.5,SL,-0.5,SL,-1.0
ILMN,2026-04-30,1.122,gap_1_2,PMH,121.66,09:33,122.24,3.681,TP,1.0,TP,1.5,TP,2.0
INTU,2026-03-19,1.647,gap_1_2,PMH,454.15,09:33,455.55,-0.035,TP,1.0,TP,1.5,TP,2.0
INTU,2026-04-14,1.129,gap_1_2,PMH,373.0,09:32,374.275,-1.995,TP,1.0,SL,-0.5,SL,-1.0
INTU,2026-04-15,2.233,gap_2plus,PMH,375.0,09:33,378.35,2.971,TP,1.0,TP,1.5,TP,2.0
INTU,2026-04-16,2.8,gap_2plus,PMH,400.61,09:32,402.235,-3.768,SL,-0.5,SL,-0.5,SL,-1.0
INTU,2026-04-28,1.918,gap_1_2,PDH,398.99,09:31,401.0,-0.152,SL,-0.5,SL,-0.5,SL,-1.0
INTU,2026-05-01,3.558,gap_2plus,PDH,390.19,10:29,390.59,2.153,TP,1.0,TP,1.5,TP,2.0
INTU,2026-05-07,1.856,gap_1_2,PMH,398.05,09:35,398.27,2.179,TP,1.0,TP,1.5,TP,2.0
INTU,2026-05-15,1.784,gap_1_2,PMH,387.74,09:45,388.36,1.197,SL,-0.5,SL,-0.5,TP,2.0
INTU,2026-05-19,3.921,gap_2plus,PMH,418.0,09:45,418.53,-4.47,TP,1.0,SL,-0.5,SL,-1.0
INTU,2026-05-29,1.302,gap_1_2,PMH,317.8782,09:43,317.955,4.266,SL,-0.5,SL,-0.5,TP,2.0
INTU,2026-06-01,2.166,gap_2plus,PMH,345.0,09:37,345.925,2.262,TP,1.0,TP,1.5,TP,2.0
ISRG,2026-01-15,1.275,gap_1_2,PDH,551.0,09:31,552.0,-1.993,SL,-0.5,SL,-0.5,SL,-1.0
ISRG,2026-02-06,1.236,gap_1_2,PDH,489.51,09:45,490.71,-0.548,SL,-0.5,SL,-0.5,SL,-1.0
ISRG,2026-03-23,1.987,gap_1_2,PDH,484.92,09:50,485.0,-1.437,SL,-0.5,SL,-0.5,SL,-1.0
ISRG,2026-04-08,3.762,gap_2plus,PMH,469.0,10:17,469.67,-1.603,SL,-0.5,SL,-0.5,SL,-1.0
ISRG,2026-04-17,1.201,gap_1_2,PDH,471.8,11:36,472.005,-0.592,SL,-0.5,SL,-0.5,SL,-1.0
ISRG,2026-04-22,2.2,gap_2plus,PMH,466.14,09:32,466.645,3.621,TP,1.0,TP,1.5,TP,2.0
ISRG,2026-06-04,1.559,gap_1_2,PMH,414.0,09:36,415.1,0.903,TP,1.0,TP,1.5,TP,2.0
ITW,2026-02-04,1.04,gap_1_2,PDH,282.8799,09:31,284.35,1.593,TP,1.0,TP,1.5,TP,2.0
ITW,2026-03-23,2.204,gap_2plus,PDH,262.28,09:33,262.54,0.065,SL,-0.5,SL,-0.5,EOD,0.0648
ITW,2026-04-08,2.679,gap_2plus,PMH,265.49,09:31,266.645,1.067,TP,1.0,EOD,1.067,EOD,1.067
ITW,2026-05-01,1.027,gap_1_2,PMH,259.49,09:35,260.28,-1.844,SL,-0.5,SL,-0.5,SL,-1.0
ITW,2026-06-04,1.383,gap_1_2,PMH,253.6,09:33,253.71,-1.013,SL,-0.5,SL,-0.5,SL,-1.0
JNJ,2026-03-30,1.302,gap_1_2,PDH,242.68,10:46,242.745,-0.113,SL,-0.5,SL,-0.5,EOD,-0.1133
JNJ,2026-04-28,1.074,gap_1_2,PDH,227.91,09:36,228.07,-0.127,TP,1.0,SL,-0.5,EOD,-0.1272
JNJ,2026-06-04,1.57,gap_1_2,PMH,227.35,10:15,227.5173,0.313,SL,-0.5,SL,-0.5,EOD,0.3133
JPM,2026-02-11,1.587,gap_1_2,PMH,322.48,09:45,322.765,-3.741,SL,-0.5,SL,-0.5,SL,-1.0
JPM,2026-03-16,1.023,gap_1_2,PMH,286.5,09:39,286.625,-0.176,SL,-0.5,SL,-0.5,EOD,-0.1762
JPM,2026-03-17,1.007,gap_1_2,PDH,289.2699,10:04,289.345,-0.848,SL,-0.5,SL,-0.5,SL,-1.0
JPM,2026-03-31,1.628,gap_1_2,PDH,287.25,09:41,287.48,2.345,TP,1.0,TP,1.5,TP,2.0
JPM,2026-04-28,1.133,gap_1_2,PDH,312.58,10:06,312.595,-0.366,EOD,-0.3663,EOD,-0.3663,EOD,-0.3663
JPM,2026-06-04,1.622,gap_1_2,PMH,305.56,09:31,305.925,1.623,TP,1.0,TP,1.5,TP,2.0
JPM,2026-06-05,1.094,gap_1_2,PDH,312.91,10:04,313.0,-0.179,SL,-0.5,SL,-0.5,SL,-1.0
KDP,2026-02-24,2.849,gap_2plus,PMH,31.01,09:33,31.025,0.016,SL,-0.5,SL,-0.5,SL,-1.0
KDP,2026-04-23,2.826,gap_2plus,PMH,28.0,09:43,28.035,1.801,SL,-0.5,SL,-0.5,TP,2.0
KDP,2026-04-28,1.723,gap_1_2,PMH,28.69,10:40,28.735,0.261,TP,1.0,TP,1.5,EOD,0.261
KDP,2026-06-05,1.065,gap_1_2,PMH,30.59,09:43,30.595,-0.18,SL,-0.5,SL,-0.5,EOD,-0.1798
KLAC,2025-12-18,4.35,gap_2plus,PMH,1220.01,09:40,1221.58,0.026,SL,-0.5,SL,-0.5,EOD,0.0262
KLAC,2025-12-22,2.251,gap_2plus,PDH,1263.57,10:23,1263.61,0.219,SL,-0.5,SL,-0.5,EOD,0.2192
KLAC,2026-01-02,3.694,gap_2plus,PMH,1258.0,11:03,1258.38,1.268,SL,-0.5,SL,-0.5,EOD,1.2683
KLAC,2026-01-09,2.424,gap_2plus,PDH,1353.81,09:36,1362.85,2.679,TP,1.0,TP,1.5,TP,2.0
KLAC,2026-01-15,7.267,gap_2plus,PMH,1550.0,09:38,1551.405,-0.348,TP,1.0,SL,-0.5,EOD,-0.3477
KLAC,2026-01-21,1.467,gap_1_2,PMH,1508.0,09:45,1509.5,0.653,SL,-0.5,SL,-0.5,SL,-1.0
KLAC,2026-01-27,1.223,gap_1_2,PMH,1581.27,09:41,1585.18,2.002,TP,1.0,TP,1.5,TP,2.0
KLAC,2026-01-28,1.53,gap_1_2,PDH,1618.19,10:04,1619.94,0.447,SL,-0.5,SL,-0.5,SL,-1.0
KLAC,2026-02-06,3.341,gap_2plus,PMH,1385.1,09:31,1393.42,3.496,SL,-0.5,SL,-0.5,TP,2.0
KLAC,2026-02-11,2.661,gap_2plus,PMH,1481.59,09:33,1485.26,-0.413,TP,1.0,SL,-0.5,SL,-1.0
KLAC,2026-02-24,1.37,gap_1_2,PMH,1509.7,09:45,1516.83,-0.649,SL,-0.5,SL,-0.5,SL,-1.0
KLAC,2026-03-04,2.243,gap_2plus,PMH,1468.72,10:09,1468.85,0.507,SL,-0.5,SL,-0.5,EOD,0.5065
KLAC,2026-03-16,2.271,gap_2plus,PDH,1445.85,09:33,1449.0367,-0.697,SL,-0.5,SL,-0.5,SL,-1.0
KLAC,2026-03-23,2.26,gap_2plus,PDH,1534.9999,09:39,1535.0,-1.539,TP,1.0,TP,1.5,TP,2.0
KLAC,2026-03-31,2.412,gap_2plus,PMH,1421.4,09:34,1421.83,3.551,SL,-0.5,SL,-0.5,SL,-1.0
KLAC,2026-04-08,7.088,gap_2plus,PMH,1662.0,10:02,1663.42,0.526,SL,-0.5,SL,-0.5,SL,-1.0
KLAC,2026-04-14,1.131,gap_1_2,PDH,1771.82,09:49,1772.585,1.316,TP,1.0,EOD,1.3159,EOD,1.3159
KLAC,2026-05-05,1.866,gap_1_2,BOTH,1751.0,11:11,1751.65,-1.038,SL,-0.5,SL,-0.5,SL,-1.0
KLAC,2026-05-06,2.843,gap_2plus,PMH,1800.0,09:34,1802.35,0.773,SL,-0.5,SL,-0.5,SL,-1.0
KLAC,2026-05-08,3.504,gap_2plus,PDH,1819.99,09:31,1821.81,2.6,TP,1.0,TP,1.5,TP,2.0
KLAC,2026-05-13,1.174,gap_1_2,PDH,1814.38,09:37,1820.3,1.615,SL,-0.5,SL,-0.5,SL,-1.0
KLAC,2026-05-20,2.068,gap_2plus,PMH,1785.0,09:33,1786.3,2.355,SL,-0.5,SL,-0.5,TP,2.0
KLAC,2026-05-22,1.609,gap_1_2,PDH,1875.0,09:32,1880.9425,0.386,SL,-0.5,SL,-0.5,SL,-1.0
KLAC,2026-05-26,2.569,gap_2plus,PMH,1959.89,10:04,1960.0,2.604,TP,1.0,TP,1.5,TP,2.0
KLAC,2026-06-02,1.732,gap_1_2,PMH,1975.0,09:38,1975.355,3.484,TP,1.0,SL,-0.5,TP,2.0
KLAC,2026-06-08,5.229,gap_2plus,PMH,2028.95,09:32,2042.16,3.175,SL,-0.5,SL,-0.5,TP,2.0
KLAC,2026-06-09,3.092,gap_2plus,PMH,2168.88,09:32,2181.0,-1.904,TP,1.0,TP,1.5,TP,2.0
KLAC,2026-06-11,3.342,gap_2plus,PMH,2245.0,09:31,2250.51,7.098,SL,-0.5,SL,-0.5,SL,-1.0
KLAC,2026-06-15,3.548,gap_2plus,PDH,254.93,10:26,255.75,0.211,SL,-0.5,SL,-0.5,SL,-1.0
KO,2026-04-23,1.085,gap_1_2,BOTH,75.38,09:31,75.7313,0.751,TP,1.0,EOD,0.7509,EOD,0.7509
KO,2026-04-28,5.408,gap_2plus,PMH,79.51,09:31,79.55,-1.471,SL,-0.5,SL,-0.5,SL,-1.0
KO,2026-05-15,1.093,gap_1_2,PDH,80.92,09:32,81.105,-0.345,SL,-0.5,SL,-0.5,EOD,-0.3452
KO,2026-06-10,1.66,gap_1_2,PMH,82.68,09:33,82.835,0.905,SL,-0.5,SL,-0.5,EOD,0.9054
LCID,2025-12-18,1.753,gap_1_2,PDH,11.7199,09:54,11.7244,-2.255,TP,1.0,TP,1.5,TP,2.0
LCID,2025-12-22,1.271,gap_1_2,BOTH,11.9745,09:31,12.0631,1.881,SL,-0.5,SL,-0.5,TP,2.0
LCID,2026-01-02,1.418,gap_1_2,PMH,10.74,09:36,10.79,3.151,SL,-0.5,SL,-0.5,TP,2.0
LCID,2026-01-05,1.078,gap_1_2,PDH,11.26,09:38,11.31,3.271,TP,1.0,TP,1.5,TP,2.0
LCID,2026-01-06,2.226,gap_2plus,PMH,11.95,09:36,11.951,-2.644,TP,1.0,TP,1.5,SL,-1.0
LCID,2026-01-09,1.422,gap_1_2,PMH,11.45,11:53,11.4575,-0.851,SL,-0.5,SL,-0.5,SL,-1.0
LCID,2026-01-28,1.775,gap_1_2,PMH,11.17,09:31,11.215,-2.809,TP,1.0,TP,1.5,TP,2.0
LCID,2026-02-04,1.001,gap_1_2,PDH,10.62,09:35,10.69,-2.984,SL,-0.5,SL,-0.5,SL,-1.0
LCID,2026-02-06,1.518,gap_1_2,PMH,9.78,09:32,9.85,10.152,SL,-0.5,SL,-0.5,TP,2.0
LCID,2026-02-13,3.518,gap_2plus,PMH,10.36,09:41,10.42,-1.056,TP,1.0,SL,-0.5,SL,-1.0
LCID,2026-03-10,1.878,gap_1_2,PMH,10.68,09:36,10.7,-4.159,SL,-0.5,SL,-0.5,SL,-1.0
LCID,2026-03-16,1.715,gap_1_2,PDH,10.11,09:33,10.1163,-2.058,SL,-0.5,SL,-0.5,SL,-1.0
LCID,2026-03-23,1.488,gap_1_2,PMH,10.28,09:33,10.29,0.097,TP,1.0,TP,1.5,TP,2.0
LCID,2026-03-25,1.69,gap_1_2,PDH,10.55,11:18,10.5803,0.801,SL,-0.5,SL,-0.5,EOD,0.8005
LCID,2026-03-31,2.183,gap_2plus,PMH,9.41,09:54,9.435,1.113,SL,-0.5,SL,-0.5,SL,-1.0
LCID,2026-04-01,1.572,gap_1_2,PDH,9.66,09:55,9.67,-0.931,SL,-0.5,SL,-0.5,SL,-1.0
LCID,2026-04-08,5.769,gap_2plus,PDH,9.29,09:49,9.295,-5.056,SL,-0.5,SL,-0.5,SL,-1.0
LCID,2026-04-21,6.37,gap_2plus,PMH,7.36,09:31,7.3702,-3.395,TP,1.0,SL,-0.5,SL,-1.0
LCID,2026-04-24,1.038,gap_1_2,PMH,6.35,11:50,6.37,-1.805,SL,-0.5,SL,-0.5,SL,-1.0
LCID,2026-06-15,3.547,gap_2plus,PMH,5.39,10:12,5.395,-2.78,SL,-0.5,SL,-0.5,SL,-1.0
LIN,2026-03-13,1.548,gap_1_2,PMH,499.64,09:32,499.93,-1.212,SL,-0.5,SL,-0.5,SL,-1.0
LIN,2026-04-02,1.249,gap_1_2,PMH,500.2,09:41,500.5,0.438,SL,-0.5,SL,-0.5,EOD,0.4376
LIN,2026-06-09,1.222,gap_1_2,BOTH,510.27,09:33,511.25,0.839,TP,1.0,EOD,0.8391,EOD,0.8391
LIN,2026-06-10,1.534,gap_1_2,PDH,517.08,09:52,518.48,-1.826,SL,-0.5,SL,-0.5,SL,-1.0
LLY,2025-12-17,1.021,gap_1_2,PMH,1059.47,10:02,1060.0,-1.737,SL,-0.5,SL,-0.5,SL,-1.0
LLY,2026-02-04,7.23,gap_2plus,PMH,1102.34,10:45,1104.535,0.335,SL,-0.5,SL,-0.5,SL,-1.0
LLY,2026-02-09,1.806,gap_1_2,PMH,1084.0,09:51,1085.305,-3.747,SL,-0.5,SL,-0.5,SL,-1.0
LLY,2026-02-23,3.697,gap_2plus,PMH,1058.51,11:58,1059.13,-0.077,SL,-0.5,SL,-0.5,SL,-1.0
LLY,2026-03-25,1.077,gap_1_2,PMH,912.5,09:35,914.07,0.252,SL,-0.5,SL,-0.5,EOD,0.2516
LLY,2026-03-30,1.233,gap_1_2,PMH,887.46,09:32,889.99,-0.361,SL,-0.5,SL,-0.5,EOD,-0.3607
LLY,2026-04-08,1.141,gap_1_2,PMH,948.75,10:21,949.22,0.43,TP,1.0,EOD,0.4298,EOD,0.4298
LLY,2026-04-17,1.591,gap_1_2,PDH,920.0,09:31,921.7801,0.573,EOD,0.5728,EOD,0.5728,EOD,0.5728
LLY,2026-04-30,5.584,gap_2plus,PMH,919.51,10:00,920.24,1.525,SL,-0.5,SL,-0.5,TP,2.0
LLY,2026-05-28,1.144,gap_1_2,PMH,1104.2,09:31,1106.85,1.871,TP,1.0,TP,1.5,TP,2.0
LLY,2026-06-04,2.342,gap_2plus,PMH,1108.0,09:37,1108.26,1.555,TP,1.0,TP,1.5,TP,2.0
LLY,2026-06-05,1.553,gap_1_2,BOTH,1140.46,09:33,1153.385,-1.777,SL,-0.5,SL,-0.5,SL,-1.0
LLY,2026-06-08,2.305,gap_2plus,PDH,1166.29,09:32,1169.18,-1.822,SL,-0.5,SL,-0.5,SL,-1.0
LLY,2026-06-09,1.491,gap_1_2,PMH,1163.0,11:01,1166.05,-1.888,SL,-0.5,SL,-0.5,SL,-1.0
LOW,2026-01-07,2.183,gap_2plus,PMH,252.0,09:31,255.585,-3.3,SL,-0.5,SL,-0.5,SL,-1.0
LOW,2026-01-09,1.487,gap_1_2,PMH,259.65,10:05,259.85,2.832,TP,1.0,TP,1.5,TP,2.0
LOW,2026-02-24,1.334,gap_1_2,PMH,278.8,09:32,279.33,-0.304,SL,-0.5,SL,-0.5,EOD,-0.3043
LOW,2026-03-16,1.313,gap_1_2,PDH,241.8213,09:39,241.84,0.116,EOD,0.1158,EOD,0.1158,EOD,0.1158
LOW,2026-03-23,3.039,gap_2plus,PMH,231.7,09:34,232.01,0.965,TP,1.0,TP,1.5,TP,2.0
LOW,2026-03-25,1.241,gap_1_2,PMH,236.98,09:40,237.15,-0.401,SL,-0.5,SL,-0.5,SL,-1.0
LOW,2026-03-30,1.09,gap_1_2,PMH,231.99,09:32,232.04,0.215,EOD,0.2155,EOD,0.2155,EOD,0.2155
LOW,2026-03-31,1.733,gap_1_2,PMH,235.28,09:49,235.43,0.361,SL,-0.5,SL,-0.5,SL,-1.0
LOW,2026-04-08,5.469,gap_2plus,PMH,244.95,09:32,245.68,-0.818,SL,-0.5,SL,-0.5,SL,-1.0
LOW,2026-05-14,1.084,gap_1_2,BOTH,223.0,09:32,223.25,0.202,SL,-0.5,SL,-0.5,EOD,0.2016
LOW,2026-05-27,1.376,gap_1_2,PDH,217.31,09:34,217.85,-0.427,TP,1.0,EOD,-0.4269,EOD,-0.4269
LOW,2026-06-04,2.206,gap_2plus,PMH,212.0,09:31,213.08,-2.548,SL,-0.5,SL,-0.5,SL,-1.0
LOW,2026-06-15,1.925,gap_1_2,PDH,223.56,09:47,223.62,-1.511,SL,-0.5,SL,-0.5,SL,-1.0
LRCX,2025-12-18,5.284,gap_2plus,PDH,164.5213,09:31,164.56,0.073,TP,1.0,TP,1.5,TP,2.0
LRCX,2025-12-22,2.009,gap_2plus,PDH,173.58,09:48,173.98,0.764,SL,-0.5,SL,-0.5,EOD,0.7645
LRCX,2026-01-09,1.821,gap_1_2,PMH,207.8836,09:36,208.15,4.871,TP,1.0,TP,1.5,TP,2.0
LRCX,2026-01-16,1.904,gap_1_2,PMH,223.88,09:31,224.508,-0.73,SL,-0.5,SL,-0.5,SL,-1.0
LRCX,2026-01-27,3.477,gap_2plus,PMH,231.0,09:33,231.275,3.102,TP,1.0,TP,1.5,TP,2.0
LRCX,2026-01-28,1.132,gap_1_2,PDH,239.5,09:39,240.325,-0.227,SL,-0.5,SL,-0.5,SL,-1.0
LRCX,2026-01-29,2.194,gap_2plus,PDH,243.99,10:03,244.335,1.594,SL,-0.5,SL,-0.5,SL,-1.0
LRCX,2026-02-06,3.285,gap_2plus,PMH,222.0,09:35,222.175,3.896,TP,1.0,TP,1.5,TP,2.0
LRCX,2026-02-11,4.185,gap_2plus,PMH,236.75,09:34,237.0401,-0.81,SL,-0.5,SL,-0.5,SL,-1.0
LRCX,2026-02-13,2.11,gap_2plus,BOTH,237.5124,09:32,239.96,-1.847,SL,-0.5,SL,-0.5,SL,-1.0
LRCX,2026-02-25,2.347,gap_2plus,PMH,250.4716,11:00,250.63,-0.455,SL,-0.5,SL,-0.5,EOD,-0.4549
LRCX,2026-03-04,2.018,gap_2plus,PMH,223.1667,09:34,223.35,-0.177,SL,-0.5,SL,-0.5,SL,-1.0
LRCX,2026-03-13,1.083,gap_1_2,PDH,215.165,09:34,215.23,-1.408,SL,-0.5,SL,-0.5,SL,-1.0
LRCX,2026-03-16,3.016,gap_2plus,PMH,219.17,09:32,219.2775,0.047,SL,-0.5,SL,-0.5,SL,-1.0
LRCX,2026-03-23,1.046,gap_1_2,PDH,236.84,09:52,236.895,-1.518,SL,-0.5,SL,-0.5,SL,-1.0
LRCX,2026-03-31,3.008,gap_2plus,PMH,207.09,09:34,207.235,3.057,SL,-0.5,SL,-0.5,SL,-1.0
LRCX,2026-04-01,1.213,gap_1_2,PMH,220.49,09:48,220.765,0.541,TP,1.0,TP,1.5,TP,2.0
LRCX,2026-04-08,8.245,gap_2plus,PMH,242.61,10:59,242.7625,1.552,TP,1.0,TP,1.5,EOD,1.5519
LRCX,2026-04-10,1.616,gap_1_2,PMH,265.5,11:13,266.35,-1.01,SL,-0.5,SL,-0.5,SL,-1.0
LRCX,2026-04-14,1.497,gap_1_2,PDH,267.54,09:51,267.575,1.807,TP,1.0,TP,1.5,TP,2.0
LRCX,2026-04-17,2.659,gap_2plus,PDH,266.25,09:34,266.38,0.473,SL,-0.5,SL,-0.5,SL,-1.0
LRCX,2026-04-24,3.37,gap_2plus,PDH,272.8199,10:09,272.87,-1.95,SL,-0.5,SL,-0.5,SL,-1.0
LRCX,2026-04-30,1.254,gap_1_2,PMH,252.4,09:53,252.74,2.018,SL,-0.5,SL,-0.5,SL,-1.0
LRCX,2026-05-06,4.076,gap_2plus,PMH,288.88,09:31,289.16,2.684,TP,1.0,TP,1.5,TP,2.0
LRCX,2026-05-13,2.018,gap_2plus,PDH,290.35,09:49,290.4675,1.712,SL,-0.5,SL,-0.5,SL,-1.0
LRCX,2026-05-20,2.294,gap_2plus,PMH,282.5,09:33,282.715,3.309,SL,-0.5,SL,-0.5,TP,2.0
LRCX,2026-05-26,2.852,gap_2plus,PMH,317.125,10:14,317.36,1.616,TP,1.0,SL,-0.5,SL,-1.0
LRCX,2026-05-29,1.242,gap_1_2,PMH,322.0,09:46,322.26,-1.161,SL,-0.5,SL,-0.5,SL,-1.0
LRCX,2026-06-02,2.37,gap_2plus,PMH,325.0,09:34,325.39,2.769,TP,1.0,TP,1.5,TP,2.0
LRCX,2026-06-08,5.058,gap_2plus,PMH,320.0,09:32,321.7,0.78,SL,-0.5,SL,-0.5,SL,-1.0
LRCX,2026-06-09,3.479,gap_2plus,PDH,330.68,10:50,331.3,-1.25,SL,-0.5,SL,-0.5,SL,-1.0
LRCX,2026-06-11,4.476,gap_2plus,PMH,343.88,09:53,345.02,4.956,TP,1.0,SL,-0.5,SL,-1.0
LRCX,2026-06-15,5.136,gap_2plus,PMH,388.0,09:31,388.87,0.013,SL,-0.5,SL,-0.5,SL,-1.0
MA,2026-01-29,2.001,gap_2plus,PMH,536.0,09:31,537.49,1.142,SL,-0.5,SL,-0.5,SL,-1.0
MA,2026-03-31,1.215,gap_1_2,PMH,500.0,09:42,500.285,-0.125,SL,-0.5,SL,-0.5,SL,-1.0
MA,2026-04-08,1.951,gap_1_2,PMH,510.23,09:36,510.375,-0.602,SL,-0.5,SL,-0.5,EOD,-0.6025
MA,2026-04-28,1.08,gap_1_2,PMH,511.31,10:18,511.69,-0.784,TP,1.0,SL,-0.5,EOD,-0.7837
MA,2026-04-29,4.395,gap_2plus,PMH,528.23,09:36,528.41,-0.615,SL,-0.5,SL,-0.5,SL,-1.0
MA,2026-06-04,1.615,gap_1_2,PMH,479.0,09:33,479.45,0.488,TP,1.0,TP,1.5,EOD,0.4881
MCD,2026-02-02,1.296,gap_1_2,PDH,316.05,09:32,316.57,0.607,EOD,0.6065,EOD,0.6065,EOD,0.6065
MCD,2026-02-12,2.096,gap_2plus,PDH,325.2,10:17,325.41,2.053,TP,1.0,TP,1.5,TP,2.0
MCD,2026-03-23,1.433,gap_1_2,PDH,311.37,09:33,311.475,-0.955,SL,-0.5,SL,-0.5,SL,-1.0
MCD,2026-05-12,1.311,gap_1_2,PDH,276.74,09:56,276.76,-0.668,SL,-0.5,SL,-0.5,EOD,-0.6684
MCD,2026-06-04,1.617,gap_1_2,PDH,276.85,09:33,277.66,-1.772,SL,-0.5,SL,-0.5,SL,-1.0
MCHP,2025-12-16,2.783,gap_2plus,PDH,68.085,09:37,68.11,-3.289,SL,-0.5,SL,-0.5,SL,-1.0
MCHP,2025-12-22,1.733,gap_1_2,PMH,66.24,09:37,66.27,-0.06,SL,-0.5,SL,-0.5,EOD,-0.0604
MCHP,2026-01-02,2.3,gap_2plus,PDH,64.65,09:41,64.69,0.495,SL,-0.5,SL,-0.5,EOD,0.4947
MCHP,2026-01-06,5.172,gap_2plus,PMH,71.2,09:35,71.4,4.818,TP,1.0,TP,1.5,TP,2.0
MCHP,2026-01-16,1.088,gap_1_2,PMH,75.37,09:31,75.66,-1.282,SL,-0.5,SL,-0.5,SL,-1.0
MCHP,2026-01-22,3.701,gap_2plus,PDH,76.74,11:47,76.76,-1.674,SL,-0.5,SL,-0.5,SL,-1.0
MCHP,2026-02-04,1.209,gap_1_2,PDH,79.18,09:42,79.195,-1.294,SL,-0.5,SL,-0.5,SL,-1.0
MCHP,2026-02-11,1.743,gap_1_2,PMH,78.48,09:31,78.485,2.86,TP,1.0,TP,1.5,TP,2.0
MCHP,2026-02-12,1.561,gap_1_2,PMH,82.21,10:09,82.22,-4.001,SL,-0.5,SL,-0.5,SL,-1.0
MCHP,2026-02-18,2.179,gap_2plus,PDH,79.625,09:35,79.89,-0.976,SL,-0.5,SL,-0.5,SL,-1.0
MCHP,2026-03-16,2.341,gap_2plus,PMH,63.5255,09:33,63.58,0.417,TP,1.0,TP,1.5,TP,2.0
MCHP,2026-03-23,3.014,gap_2plus,PDH,64.34,09:36,64.48,-0.233,TP,1.0,TP,1.5,TP,2.0
MCHP,2026-03-31,1.981,gap_1_2,PMH,61.47,09:37,61.58,4.937,TP,1.0,TP,1.5,TP,2.0
MCHP,2026-04-22,1.384,gap_1_2,BOTH,81.86,09:34,82.055,0.518,SL,-0.5,SL,-0.5,SL,-1.0
MCHP,2026-04-23,4.195,gap_2plus,PMH,86.8745,09:35,87.33,3.779,TP,1.0,TP,1.5,TP,2.0
MCHP,2026-04-29,5.669,gap_2plus,PMH,89.5,10:43,89.555,0.731,SL,-0.5,SL,-0.5,SL,-1.0
MCHP,2026-05-04,2.422,gap_2plus,PDH,94.555,09:52,94.6464,0.691,TP,1.0,SL,-0.5,EOD,0.6906
MCHP,2026-05-13,1.955,gap_1_2,PDH,98.145,09:42,98.18,-1.518,SL,-0.5,SL,-0.5,SL,-1.0
MCHP,2026-05-26,1.765,gap_1_2,PMH,97.62,09:39,97.6891,0.339,TP,1.0,TP,1.5,TP,2.0
MCHP,2026-06-08,4.915,gap_2plus,PMH,92.99,11:06,93.09,-1.901,SL,-0.5,SL,-0.5,SL,-1.0
MCHP,2026-06-09,1.829,gap_1_2,PDH,93.18,09:40,93.42,-2.087,TP,1.0,SL,-0.5,SL,-1.0
MCHP,2026-06-15,3.755,gap_2plus,PMH,99.98,09:35,100.5925,-0.281,SL,-0.5,SL,-0.5,SL,-1.0
MCO,2025-12-16,1.419,gap_1_2,PMH,493.0,09:32,495.495,-0.504,SL,-0.5,SL,-0.5,EOD,-0.5035
MCO,2026-02-05,1.03,gap_1_2,PMH,464.4,09:44,464.41,-1.428,SL,-0.5,SL,-0.5,SL,-1.0
MCO,2026-02-18,3.534,gap_2plus,PMH,443.99,09:38,444.5,1.393,TP,1.0,TP,1.5,EOD,1.3926
MCO,2026-02-26,1.019,gap_1_2,PMH,470.0,09:31,473.27,1.318,SL,-0.5,SL,-0.5,EOD,1.318
MCO,2026-03-13,1.044,gap_1_2,PMH,430.72,09:38,431.16,-0.25,SL,-0.5,SL,-0.5,EOD,-0.2505
MCO,2026-03-23,1.886,gap_1_2,PMH,444.71,09:58,445.185,-0.9,SL,-0.5,SL,-0.5,SL,-1.0
MCO,2026-03-25,1.11,gap_1_2,PMH,434.99,09:32,436.45,-1.92,SL,-0.5,SL,-0.5,SL,-1.0
MCO,2026-03-31,1.467,gap_1_2,PDH,435.695,09:36,436.105,0.031,SL,-0.5,SL,-0.5,SL,-1.0
MCO,2026-04-08,2.787,gap_2plus,PMH,452.99,09:38,453.9,-1.368,SL,-0.5,SL,-0.5,SL,-1.0
MCO,2026-04-22,3.282,gap_2plus,PDH,473.375,09:32,475.495,-1.848,TP,1.0,SL,-0.5,SL,-1.0
MDT,2026-03-23,1.206,gap_1_2,PDH,87.275,10:55,87.28,-0.126,SL,-0.5,SL,-0.5,EOD,-0.126
MDT,2026-04-08,1.672,gap_1_2,PDH,86.97,09:41,87.06,1.821,TP,1.0,TP,1.5,TP,2.0
MELI,2026-01-05,2.022,gap_2plus,PDH,2035.0,09:31,2035.03,5.576,TP,1.0,TP,1.5,TP,2.0
MELI,2026-01-15,1.67,gap_1_2,PMH,2140.22,09:33,2140.78,-1.902,SL,-0.5,SL,-0.5,SL,-1.0
MELI,2026-01-22,2.804,gap_2plus,PMH,2130.0,09:32,2134.945,0.886,TP,1.0,SL,-0.5,SL,-1.0
MELI,2026-02-12,3.626,gap_2plus,PMH,2097.0,09:37,2101.0,-4.474,SL,-0.5,SL,-0.5,SL,-1.0
MELI,2026-02-24,1.132,gap_1_2,PMH,1892.46,09:32,1897.11,1.21,SL,-0.5,SL,-0.5,SL,-1.0
MELI,2026-03-04,1.036,gap_1_2,PMH,1744.6,09:38,1748.65,1.165,SL,-0.5,SL,-0.5,TP,2.0
MELI,2026-03-23,1.831,gap_1_2,PMH,1670.0,09:59,1670.01,-0.27,TP,1.0,SL,-0.5,EOD,-0.2701
MELI,2026-03-25,1.556,gap_1_2,PDH,1653.52,10:04,1654.47,-0.84,SL,-0.5,SL,-0.5,SL,-1.0
MELI,2026-03-31,1.629,gap_1_2,PDH,1633.5829,09:37,1637.49,5.526,TP,1.0,TP,1.5,TP,2.0
MELI,2026-04-08,4.648,gap_2plus,PMH,1826.0,09:37,1830.58,-2.996,SL,-0.5,SL,-0.5,SL,-1.0
MELI,2026-04-17,1.889,gap_1_2,PMH,1860.0,10:21,1860.145,-0.233,SL,-0.5,SL,-0.5,EOD,-0.2325
MELI,2026-06-04,1.756,gap_1_2,PMH,1667.65,09:35,1668.44,-2.017,SL,-0.5,SL,-0.5,SL,-1.0
MELI,2026-06-15,1.838,gap_1_2,PDH,1632.86,09:31,1643.23,0.169,SL,-0.5,SL,-0.5,SL,-1.0
META,2025-12-18,1.169,gap_1_2,PMH,659.02,09:45,660.405,0.602,TP,1.0,TP,1.5,EOD,0.6019
META,2026-01-22,2.659,gap_2plus,PMH,631.0,09:33,633.22,2.304,SL,-0.5,SL,-0.5,TP,2.0
META,2026-03-16,3.085,gap_2plus,PDH,629.1699,09:33,630.9,-0.518,SL,-0.5,SL,-0.5,SL,-1.0
META,2026-03-23,1.961,gap_1_2,PDH,603.955,09:53,604.355,-0.069,SL,-0.5,SL,-0.5,EOD,-0.0687
META,2026-03-30,2.03,gap_2plus,PMH,536.84,09:31,536.954,-0.107,SL,-0.5,SL,-0.5,SL,-1.0
META,2026-04-01,1.402,gap_1_2,PMH,580.68,09:34,581.795,-0.448,SL,-0.5,SL,-0.5,SL,-1.0
META,2026-04-09,2.331,gap_2plus,BOTH,629.67,09:44,630.234,-0.315,SL,-0.5,SL,-0.5,SL,-1.0
META,2026-04-14,1.371,gap_1_2,PMH,643.69,09:35,644.295,2.833,TP,1.0,TP,1.5,TP,2.0
META,2026-06-09,1.148,gap_1_2,PDH,592.0,09:35,593.065,-1.411,SL,-0.5,SL,-0.5,SL,-1.0
MMC,2025-12-26,1.265,gap_1_2,PMH,187.6,09:39,187.8599,-0.431,SL,-0.5,SL,-0.5,EOD,-0.4311
MRK,2026-01-08,1.851,gap_1_2,BOTH,111.3,09:36,111.905,-0.818,SL,-0.5,SL,-0.5,SL,-1.0
MRK,2026-02-13,1.861,gap_1_2,PMH,122.0,09:31,122.325,-0.781,SL,-0.5,SL,-0.5,SL,-1.0
MRK,2026-03-23,1.752,gap_1_2,PDH,115.18,09:35,115.2,0.425,TP,1.0,EOD,0.4253,EOD,0.4253
MRK,2026-04-28,1.161,gap_1_2,PMH,111.48,09:33,111.685,-1.464,SL,-0.5,SL,-0.5,SL,-1.0
MRK,2026-05-01,2.951,gap_2plus,PMH,112.65,09:35,113.0025,-0.737,TP,1.0,SL,-0.5,EOD,-0.7367
MRK,2026-05-22,4.039,gap_2plus,PMH,121.09,09:35,121.475,0.77,SL,-0.5,SL,-0.5,SL,-1.0
MRK,2026-06-04,2.074,gap_2plus,PDH,117.33,09:34,118.45,1.537,TP,1.0,SL,-0.5,EOD,1.5365
MRNA,2025-12-19,1.13,gap_1_2,PMH,31.39,09:37,31.41,7.354,TP,1.0,TP,1.5,TP,2.0
MRNA,2026-01-02,1.153,gap_1_2,PMH,30.16,09:32,30.28,1.948,TP,1.0,TP,1.5,TP,2.0
MRNA,2026-01-09,1.24,gap_1_2,PMH,34.28,09:31,34.37,-0.233,SL,-0.5,SL,-0.5,SL,-1.0
MRNA,2026-01-16,5.691,gap_2plus,PDH,40.99,09:40,41.1,1.776,SL,-0.5,SL,-0.5,TP,2.0
MRNA,2026-01-29,1.303,gap_1_2,PMH,46.2,09:53,46.375,1.013,SL,-0.5,SL,-0.5,TP,2.0
MRNA,2026-02-10,2.193,gap_2plus,PDH,41.9986,09:33,42.165,-0.391,TP,1.0,TP,1.5,TP,2.0
MRNA,2026-02-13,4.338,gap_2plus,PMH,42.93,09:33,43.42,-2.741,SL,-0.5,SL,-0.5,SL,-1.0
MRNA,2026-03-09,1.447,gap_1_2,PDH,52.77,10:30,52.88,5.427,SL,-0.5,SL,-0.5,SL,-1.0
MRNA,2026-03-13,1.742,gap_1_2,PMH,54.5,09:32,54.635,-3.816,SL,-0.5,SL,-0.5,SL,-1.0
MRNA,2026-03-25,2.466,gap_2plus,PMH,52.85,09:34,53.0682,0.889,SL,-0.5,SL,-0.5,TP,2.0
MRNA,2026-03-31,1.638,gap_1_2,PDH,49.85,09:35,49.95,1.682,SL,-0.5,SL,-0.5,SL,-1.0
MRNA,2026-04-01,1.674,gap_1_2,PDH,51.62,09:33,51.9,-3.584,SL,-0.5,SL,-0.5,SL,-1.0
MRNA,2026-04-15,1.703,gap_1_2,PMH,53.8,09:58,53.95,0.519,SL,-0.5,SL,-0.5,SL,-1.0
MRNA,2026-04-17,1.517,gap_1_2,PMH,55.6759,09:31,55.85,-3.814,SL,-0.5,SL,-0.5,SL,-1.0
MRNA,2026-04-22,2.252,gap_2plus,PMH,55.62,10:29,55.7025,-0.148,SL,-0.5,SL,-0.5,SL,-1.0
MRNA,2026-04-30,1.028,gap_1_2,PMH,46.23,09:35,46.42,-1.142,TP,1.0,TP,1.5,TP,2.0
MRNA,2026-05-07,6.031,gap_2plus,PDH,49.05,11:08,49.09,-1.08,SL,-0.5,SL,-0.5,SL,-1.0
MRNA,2026-05-11,6.902,gap_2plus,PDH,57.779,09:52,57.84,-8.593,SL,-0.5,SL,-0.5,SL,-1.0
MRNA,2026-06-08,1.476,gap_1_2,PMH,48.3799,10:48,48.385,-1.808,TP,1.0,SL,-0.5,SL,-1.0
MRNA,2026-06-15,2.905,gap_2plus,PMH,51.4,10:46,51.48,1.301,SL,-0.5,SL,-0.5,SL,-1.0
MRVL,2025-12-17,2.927,gap_2plus,PDH,84.4499,09:43,84.48,-3.279,TP,1.0,TP,1.5,TP,2.0
MRVL,2025-12-18,3.488,gap_2plus,PMH,84.75,09:32,84.87,-0.566,SL,-0.5,SL,-0.5,SL,-1.0
MRVL,2026-01-02,1.742,gap_1_2,PMH,87.35,09:31,87.925,1.643,TP,1.0,TP,1.5,TP,2.0
MRVL,2026-01-06,2.828,gap_2plus,PMH,93.0,09:32,93.12,-5.287,SL,-0.5,SL,-0.5,SL,-1.0
MRVL,2026-01-16,1.356,gap_1_2,PMH,82.04,09:48,82.15,-2.056,SL,-0.5,SL,-0.5,SL,-1.0
MRVL,2026-01-22,2.254,gap_2plus,PMH,84.8,09:39,84.8035,-1.938,SL,-0.5,SL,-0.5,SL,-1.0
MRVL,2026-01-27,1.32,gap_1_2,PMH,83.27,10:09,83.271,-0.422,SL,-0.5,SL,-0.5,EOD,-0.4215
MRVL,2026-01-28,1.954,gap_1_2,PMH,84.81,09:37,84.841,-1.439,SL,-0.5,SL,-0.5,SL,-1.0
MRVL,2026-02-06,3.509,gap_2plus,PMH,78.06,09:32,78.09,2.854,SL,-0.5,SL,-0.5,TP,2.0
MRVL,2026-03-04,1.522,gap_1_2,PDH,79.08,10:54,79.1075,-1.261,SL,-0.5,SL,-0.5,SL,-1.0
MRVL,2026-03-05,1.011,gap_1_2,PDH,79.5,09:32,79.645,-4.953,SL,-0.5,SL,-0.5,SL,-1.0
MRVL,2026-03-06,11.909,gap_2plus,PMH,87.4,09:33,87.6765,2.08,SL,-0.5,SL,-0.5,SL,-1.0
MRVL,2026-03-16,1.366,gap_1_2,PMH,89.98,09:31,89.9988,1.724,TP,1.0,TP,1.5,TP,2.0
MRVL,2026-03-23,1.659,gap_1_2,BOTH,90.48,09:49,90.63,-0.563,TP,1.0,SL,-0.5,SL,-1.0
MRVL,2026-03-25,1.895,gap_1_2,PMH,95.39,09:31,95.42,3.144,TP,1.0,TP,1.5,TP,2.0
MRVL,2026-04-01,1.908,gap_1_2,PMH,103.09,09:34,103.5999,3.021,SL,-0.5,SL,-0.5,SL,-1.0
MRVL,2026-04-06,2.091,gap_2plus,PMH,111.0,09:33,111.6701,-1.934,SL,-0.5,SL,-0.5,SL,-1.0
MRVL,2026-04-09,3.945,gap_2plus,PMH,120.2208,10:44,120.43,-0.423,TP,1.0,SL,-0.5,SL,-1.0
MRVL,2026-04-13,1.254,gap_1_2,PDH,129.84,09:31,130.18,0.837,TP,1.0,TP,1.5,TP,2.0
MRVL,2026-04-14,3.687,gap_2plus,PDH,133.2,09:51,133.4,0.292,SL,-0.5,SL,-0.5,SL,-1.0
MRVL,2026-04-17,1.128,gap_1_2,PDH,134.69,09:57,134.7425,3.702,TP,1.0,TP,1.5,TP,2.0
MRVL,2026-04-22,1.54,gap_1_2,PDH,154.95,10:36,155.13,1.399,TP,1.0,TP,1.5,TP,2.0
MRVL,2026-04-30,2.191,gap_2plus,PDH,157.21,09:32,157.325,4.98,SL,-0.5,SL,-0.5,TP,2.0
MRVL,2026-05-05,2.864,gap_2plus,PDH,166.82,09:37,167.1,0.993,SL,-0.5,SL,-0.5,SL,-1.0
MRVL,2026-05-06,2.275,gap_2plus,PDH,172.981,09:51,173.02,-0.503,SL,-0.5,SL,-0.5,SL,-1.0
MRVL,2026-05-08,3.063,gap_2plus,PMH,165.43,09:31,165.62,2.729,SL,-0.5,SL,-0.5,TP,2.0
MRVL,2026-05-13,2.797,gap_2plus,PMH,171.6,09:32,172.07,3.423,SL,-0.5,SL,-0.5,SL,-1.0
MRVL,2026-05-14,1.568,gap_1_2,PDH,182.31,09:34,182.665,-0.14,TP,1.0,TP,1.5,TP,2.0
MRVL,2026-05-21,2.992,gap_2plus,PDH,193.32,09:55,193.63,-1.529,SL,-0.5,SL,-0.5,SL,-1.0
MRVL,2026-05-22,2.066,gap_2plus,PDH,194.58,09:38,194.68,0.868,SL,-0.5,SL,-0.5,SL,-1.0
MRVL,2026-05-26,7.725,gap_2plus,PMH,213.55,09:33,214.585,-2.957,TP,1.0,SL,-0.5,SL,-1.0
MRVL,2026-06-02,15.737,gap_2plus,PMH,283.14,11:35,283.535,2.598,SL,-0.5,SL,-0.5,SL,-1.0
MRVL,2026-06-08,9.436,gap_2plus,PMH,289.08,09:32,290.375,-0.739,SL,-0.5,SL,-0.5,SL,-1.0
MRVL,2026-06-11,3.223,gap_2plus,PMH,265.95,09:36,266.82,5.247,SL,-0.5,SL,-0.5,SL,-1.0
MS,2026-02-06,1.769,gap_1_2,PDH,179.45,09:33,180.285,-0.175,SL,-0.5,SL,-0.5,EOD,-0.1747
MS,2026-02-11,1.057,gap_1_2,PMH,179.95,09:46,180.05,-1.894,SL,-0.5,SL,-0.5,SL,-1.0
MS,2026-02-18,1.137,gap_1_2,PDH,174.2,09:33,174.82,1.018,TP,1.0,EOD,1.0182,EOD,1.0182
MS,2026-02-25,1.144,gap_1_2,PMH,170.9,09:40,171.015,1.593,SL,-0.5,SL,-0.5,EOD,1.5934
MS,2026-03-16,1.033,gap_1_2,PMH,156.7,09:40,157.07,-0.866,TP,1.0,SL,-0.5,SL,-1.0
MS,2026-03-17,1.021,gap_1_2,PDH,159.085,09:31,159.215,-0.87,SL,-0.5,SL,-0.5,EOD,-0.8699
MS,2026-03-30,1.156,gap_1_2,PMH,160.5,09:31,160.745,-1.515,SL,-0.5,SL,-0.5,SL,-1.0
MS,2026-03-31,2.015,gap_2plus,PDH,161.24,09:49,161.27,2.003,SL,-0.5,SL,-0.5,TP,2.0
MS,2026-04-01,2.681,gap_2plus,PDH,165.29,10:31,165.4,0.496,SL,-0.5,SL,-0.5,SL,-1.0
MS,2026-04-08,5.041,gap_2plus,PMH,176.8,10:15,176.98,-0.531,SL,-0.5,SL,-0.5,SL,-1.0
MS,2026-04-15,2.77,gap_2plus,PMH,189.4363,09:31,189.844,0.878,TP,1.0,TP,1.5,TP,2.0
MS,2026-04-22,1.257,gap_1_2,PMH,191.5,09:37,191.6,-0.313,SL,-0.5,SL,-0.5,EOD,-0.3132
MS,2026-05-06,1.548,gap_1_2,PMH,193.44,09:33,193.82,-0.284,SL,-0.5,SL,-0.5,EOD,-0.2838
MS,2026-05-20,1.247,gap_1_2,PMH,191.15,09:36,191.16,3.442,TP,1.0,TP,1.5,TP,2.0
MS,2026-06-09,1.027,gap_1_2,PMH,214.4,09:58,214.495,-1.974,SL,-0.5,SL,-0.5,SL,-1.0
MS,2026-06-12,1.143,gap_1_2,PMH,215.6098,09:31,216.1,-0.949,SL,-0.5,SL,-0.5,SL,-1.0
MS,2026-06-15,2.198,gap_2plus,PDH,217.6237,09:44,217.74,0.152,TP,1.0,EOD,0.1516,EOD,0.1516
MSFT,2026-02-10,1.447,gap_1_2,PMH,420.63,09:58,420.695,-1.748,SL,-0.5,SL,-0.5,SL,-1.0
MSFT,2026-02-26,1.054,gap_1_2,PDH,401.47,09:39,402.8729,-0.264,TP,1.0,SL,-0.5,SL,-1.0
MSFT,2026-03-30,1.471,gap_1_2,PDH,362.45,10:24,362.47,-1.024,SL,-0.5,SL,-0.5,SL,-1.0
MSFT,2026-04-15,1.244,gap_1_2,PMH,399.5,09:33,399.695,2.897,TP,1.0,TP,1.5,TP,2.0
MSFT,2026-04-16,2.098,gap_2plus,PDH,414.3699,10:06,414.42,1.357,TP,1.0,TP,1.5,EOD,1.3573
MSFT,2026-04-17,1.137,gap_1_2,PMH,427.89,10:41,427.9,-1.227,SL,-0.5,SL,-0.5,SL,-1.0
MSFT,2026-05-01,1.224,gap_1_2,PDH,414.42,09:34,414.63,-0.029,SL,-0.5,SL,-0.5,SL,-1.0
MSFT,2026-05-15,1.155,gap_1_2,PMH,415.12,09:34,415.14,1.648,TP,1.0,TP,1.5,TP,2.0
MSFT,2026-05-19,1.47,gap_1_2,PDH,425.12,09:36,425.97,-1.965,TP,1.0,SL,-0.5,SL,-1.0
MU,2025-12-18,13.69,gap_2plus,PMH,260.0,09:33,260.97,-4.765,SL,-0.5,SL,-0.5,SL,-1.0
MU,2025-12-19,1.277,gap_1_2,PDH,263.65,09:42,264.655,0.486,TP,1.0,SL,-0.5,SL,-1.0
MU,2026-01-05,3.105,gap_2plus,PDH,315.6,09:36,316.27,-1.303,SL,-0.5,SL,-0.5,SL,-1.0
MU,2026-01-06,1.967,gap_1_2,PDH,325.53,09:31,325.88,5.361,SL,-0.5,SL,-0.5,SL,-1.0
MU,2026-01-09,1.772,gap_1_2,PMH,333.82,09:36,334.79,3.041,SL,-0.5,SL,-0.5,TP,2.0
MU,2026-01-16,4.896,gap_2plus,PMH,359.9,09:31,361.34,0.41,SL,-0.5,SL,-0.5,SL,-1.0
MU,2026-01-21,2.156,gap_2plus,PMH,375.96,09:43,379.2,2.566,SL,-0.5,SL,-0.5,TP,2.0
MU,2026-01-27,4.017,gap_2plus,PMH,410.55,09:59,410.57,-0.08,SL,-0.5,SL,-0.5,SL,-1.0
MU,2026-01-28,2.988,gap_2plus,PMH,434.76,09:44,435.01,0.041,SL,-0.5,SL,-0.5,SL,-1.0
MU,2026-01-29,1.039,gap_1_2,PDH,438.94,09:44,439.79,-0.91,TP,1.0,SL,-0.5,SL,-1.0
MU,2026-01-30,2.448,gap_2plus,PDH,444.71,10:01,445.25,-6.855,SL,-0.5,SL,-0.5,SL,-1.0
MU,2026-02-11,5.964,gap_2plus,PMH,400.75,09:43,401.86,2.12,SL,-0.5,SL,-0.5,SL,-1.0
MU,2026-02-12,3.092,gap_2plus,PMH,429.37,09:32,430.29,-3.814,SL,-0.5,SL,-0.5,SL,-1.0
MU,2026-02-24,1.982,gap_1_2,PMH,430.0,09:44,430.42,-2.846,TP,1.0,SL,-0.5,SL,-1.0
MU,2026-02-25,1.992,gap_1_2,PMH,426.88,09:33,429.7198,-0.209,TP,1.0,TP,1.5,SL,-1.0
MU,2026-03-04,3.608,gap_2plus,PDH,390.09,09:37,391.775,2.265,SL,-0.5,SL,-0.5,SL,-1.0
MU,2026-03-11,1.867,gap_1_2,PMH,412.99,09:58,413.43,1.255,TP,1.0,TP,1.5,TP,2.0
MU,2026-03-16,4.7,gap_2plus,PMH,446.69,10:18,446.73,-1.108,TP,1.0,SL,-0.5,SL,-1.0
MU,2026-03-17,2.434,gap_2plus,PDH,454.86,10:26,455.0,1.468,SL,-0.5,SL,-0.5,EOD,1.4681
MU,2026-04-01,3.31,gap_2plus,PMH,352.48,09:35,353.1601,4.143,SL,-0.5,SL,-0.5,SL,-1.0
MU,2026-04-06,1.928,gap_1_2,PMH,383.0,09:50,384.88,-1.886,SL,-0.5,SL,-0.5,SL,-1.0
MU,2026-04-14,1.88,gap_1_2,PDH,426.88,09:33,427.62,8.84,SL,-0.5,SL,-0.5,TP,2.0
MU,2026-04-17,2.121,gap_2plus,PDH,462.34,09:47,464.3184,-2.003,SL,-0.5,SL,-0.5,SL,-1.0
MU,2026-04-22,2.963,gap_2plus,PMH,464.09,09:34,466.0,4.577,SL,-0.5,SL,-0.5,SL,-1.0
MU,2026-04-24,2.925,gap_2plus,PMH,499.25,09:39,499.91,-0.782,SL,-0.5,SL,-0.5,SL,-1.0
MU,2026-04-27,2.933,gap_2plus,PMH,516.19,09:33,516.62,1.564,TP,1.0,TP,1.5,TP,2.0
MU,2026-04-29,4.458,gap_2plus,PDH,518.8333,10:12,519.03,-0.118,TP,1.0,SL,-0.5,SL,-1.0
MU,2026-05-04,3.367,gap_2plus,PMH,564.29,09:33,569.98,1.119,SL,-0.5,SL,-0.5,TP,2.0
MU,2026-05-05,5.776,gap_2plus,PMH,612.5,09:33,615.66,4.035,TP,1.0,TP,1.5,TP,2.0
MU,2026-05-06,3.102,gap_2plus,PDH,651.74,09:34,659.78,1.032,SL,-0.5,SL,-0.5,SL,-1.0
MU,2026-05-11,6.172,gap_2plus,PMH,801.17,09:31,801.67,-0.768,TP,1.0,TP,1.5,TP,2.0
MU,2026-05-13,6.137,gap_2plus,PDH,782.76,10:09,788.03,1.924,SL,-0.5,SL,-0.5,TP,2.0
MU,2026-05-18,3.682,gap_2plus,PDH,749.59,09:33,755.43,-9.76,SL,-0.5,SL,-0.5,SL,-1.0
MU,2026-05-20,5.227,gap_2plus,PDH,725.95,09:32,726.0,0.828,SL,-0.5,SL,-0.5,SL,-1.0
MU,2026-05-27,6.64,gap_2plus,PDH,916.7999,09:39,920.765,0.841,SL,-0.5,SL,-0.5,SL,-1.0
NEE,2026-01-29,1.142,gap_1_2,PDH,88.62,09:35,89.11,-1.1,SL,-0.5,SL,-0.5,SL,-1.0
NEE,2026-02-04,1.042,gap_1_2,PMH,89.5,11:44,89.505,0.52,TP,1.0,EOD,0.5195,EOD,0.5195
NEE,2026-02-06,1.48,gap_1_2,BOTH,90.49,09:31,90.8,-1.509,SL,-0.5,SL,-0.5,SL,-1.0
NEE,2026-03-13,1.123,gap_1_2,PDH,92.73,11:05,92.755,0.038,EOD,0.0377,EOD,0.0377,EOD,0.0377
NEE,2026-03-23,1.641,gap_1_2,PMH,91.11,09:52,91.22,-1.074,SL,-0.5,SL,-0.5,SL,-1.0
NEE,2026-03-30,1.467,gap_1_2,PMH,92.49,09:31,92.5,-0.481,SL,-0.5,SL,-0.5,SL,-1.0
NEE,2026-04-28,1.065,gap_1_2,PMH,95.95,10:56,96.02,0.51,EOD,0.5103,EOD,0.5103,EOD,0.5103
NFLX,2025-12-17,1.539,gap_1_2,PMH,96.58,09:33,97.05,-2.36,SL,-0.5,SL,-0.5,SL,-1.0
NFLX,2026-01-07,1.049,gap_1_2,PMH,91.81,09:31,91.8391,-1.224,SL,-0.5,SL,-0.5,SL,-1.0
NFLX,2026-01-20,1.051,gap_1_2,PMH,89.61,09:38,89.735,-2.769,SL,-0.5,SL,-0.5,SL,-1.0
NFLX,2026-02-05,1.465,gap_1_2,PMH,82.24,09:33,82.46,-1.995,TP,1.0,SL,-0.5,SL,-1.0
NFLX,2026-03-27,1.317,gap_1_2,PMH,95.22,09:32,95.265,-1.926,SL,-0.5,SL,-0.5,SL,-1.0
NFLX,2026-04-06,2.34,gap_2plus,PDH,98.71,10:40,98.775,0.208,SL,-0.5,SL,-0.5,EOD,0.2075
NOC,2026-01-08,7.079,gap_2plus,PMH,630.4734,09:42,633.54,-6.783,SL,-0.5,SL,-0.5,SL,-1.0
NOC,2026-01-13,1.56,gap_1_2,PDH,635.76,10:04,636.05,-1.704,SL,-0.5,SL,-0.5,SL,-1.0
NOC,2026-02-03,1.312,gap_1_2,BOTH,690.47,09:38,692.98,1.71,TP,1.0,TP,1.5,TP,2.0
NOC,2026-02-18,1.235,gap_1_2,BOTH,706.04,09:32,708.115,2.365,SL,-0.5,SL,-0.5,TP,2.0
NOC,2026-02-27,1.22,gap_1_2,PMH,720.352,09:33,723.5,0.198,SL,-0.5,SL,-0.5,SL,-1.0
NOC,2026-03-30,1.516,gap_1_2,PMH,679.01,09:48,679.76,-1.211,SL,-0.5,SL,-0.5,SL,-1.0
NOC,2026-03-31,1.24,gap_1_2,PMH,673.4,09:33,676.99,0.742,SL,-0.5,SL,-0.5,SL,-1.0
NOC,2026-04-01,1.075,gap_1_2,PMH,691.99,09:47,693.44,0.549,TP,1.0,EOD,0.5494,EOD,0.5494
NOC,2026-06-04,1.186,gap_1_2,PMH,532.5,09:39,533.36,2.231,TP,1.0,TP,1.5,TP,2.0
NOW,2025-12-16,1.27,gap_1_2,PMH,774.0,09:31,775.01,0.788,TP,1.0,SL,-0.5,EOD,0.7884
NOW,2025-12-22,1.07,gap_1_2,PDH,156.16,10:30,156.405,0.163,SL,-0.5,SL,-0.5,EOD,0.163
NOW,2026-01-26,1.089,gap_1_2,PDH,133.85,09:35,133.96,1.769,SL,-0.5,SL,-0.5,EOD,1.7692
NOW,2026-02-02,1.669,gap_1_2,PDH,118.83,09:42,118.895,-0.77,TP,1.0,TP,1.5,TP,2.0
NOW,2026-02-10,1.054,gap_1_2,PMH,106.72,09:45,106.9,-0.393,TP,1.0,TP,1.5,EOD,-0.3929
NOW,2026-02-12,1.342,gap_1_2,PMH,102.54,09:31,102.78,0.501,SL,-0.5,SL,-0.5,SL,-1.0
NOW,2026-02-13,1.796,gap_1_2,PMH,105.13,09:43,105.59,1.392,TP,1.0,TP,1.5,EOD,1.3922
NOW,2026-02-17,2.335,gap_2plus,PDH,107.69,09:45,107.8199,-1.734,SL,-0.5,SL,-0.5,SL,-1.0
NOW,2026-02-26,3.099,gap_2plus,PMH,107.4,09:37,107.74,1.466,TP,1.0,TP,1.5,TP,2.0
NOW,2026-03-25,1.768,gap_1_2,PMH,106.34,09:31,106.68,-3.393,SL,-0.5,SL,-0.5,SL,-1.0
NOW,2026-04-08,4.187,gap_2plus,PDH,103.96,09:35,104.035,-6.291,SL,-0.5,SL,-0.5,SL,-1.0
NOW,2026-04-13,1.88,gap_1_2,PMH,85.2797,09:46,85.86,3.715,TP,1.0,TP,1.5,TP,2.0
NOW,2026-04-14,1.898,gap_1_2,PMH,90.99,09:32,91.24,-3.77,TP,1.0,SL,-0.5,SL,-1.0
NOW,2026-04-15,2.728,gap_2plus,PMH,90.59,09:33,91.03,3.482,TP,1.0,TP,1.5,TP,2.0
NOW,2026-04-16,3.62,gap_2plus,PMH,99.2,09:32,99.3,-2.88,SL,-0.5,SL,-0.5,SL,-1.0
NOW,2026-04-22,1.348,gap_1_2,PMH,102.8,09:31,103.39,-0.232,SL,-0.5,SL,-0.5,SL,-1.0
NOW,2026-04-24,1.025,gap_1_2,PMH,87.0,09:31,87.185,3.424,SL,-0.5,SL,-0.5,SL,-1.0
NOW,2026-05-01,2.978,gap_2plus,PDH,88.71,10:06,88.84,2.572,SL,-0.5,SL,-0.5,SL,-1.0
NOW,2026-05-15,1.734,gap_1_2,PMH,93.38,09:32,93.71,1.473,SL,-0.5,SL,-0.5,SL,-1.0
NOW,2026-05-18,3.965,gap_2plus,PMH,100.9,09:52,100.9449,2.462,TP,1.0,TP,1.5,TP,2.0
NOW,2026-05-19,6.487,gap_2plus,PMH,110.28,09:51,110.8,-8.105,SL,-0.5,SL,-0.5,SL,-1.0
NOW,2026-05-22,2.529,gap_2plus,PMH,102.95,09:35,103.01,-0.874,TP,1.0,TP,1.5,SL,-1.0
NOW,2026-05-28,4.738,gap_2plus,PDH,105.4,09:38,105.89,2.691,TP,1.0,TP,1.5,TP,2.0
NOW,2026-05-29,8.957,gap_2plus,PMH,120.01,10:00,120.08,3.589,TP,1.0,TP,1.5,TP,2.0
NOW,2026-06-04,3.422,gap_2plus,PMH,122.52,09:39,122.94,-2.814,SL,-0.5,SL,-0.5,SL,-1.0
NVDA,2025-12-18,2.13,gap_2plus,PMH,174.61,10:26,174.6503,-0.367,SL,-0.5,SL,-0.5,SL,-1.0
NVDA,2025-12-19,1.526,gap_1_2,PMH,177.3,09:32,177.75,1.823,TP,1.0,TP,1.5,TP,2.0
NVDA,2025-12-31,1.077,gap_1_2,PMH,190.2,09:31,190.345,-2.025,SL,-0.5,SL,-0.5,SL,-1.0
NVDA,2026-01-02,1.794,gap_1_2,BOTH,190.27,09:31,190.84,-1.064,TP,1.0,SL,-0.5,SL,-1.0
NVDA,2026-01-05,1.568,gap_1_2,PDH,192.9299,09:31,193.2693,-2.669,SL,-0.5,SL,-0.5,SL,-1.0
NVDA,2026-01-06,1.276,gap_1_2,PMH,190.72,09:47,191.1952,-2.053,SL,-0.5,SL,-0.5,SL,-1.0
NVDA,2026-01-15,1.801,gap_1_2,PMH,186.82,09:39,187.35,-0.112,TP,1.0,SL,-0.5,EOD,-0.1121
NVDA,2026-01-16,1.021,gap_1_2,BOTH,189.41,09:35,189.81,-1.891,SL,-0.5,SL,-0.5,SL,-1.0
NVDA,2026-01-23,1.439,gap_1_2,PMH,189.0,09:31,189.33,-0.877,SL,-0.5,SL,-0.5,SL,-1.0
NVDA,2026-01-28,1.457,gap_1_2,PDH,190.0,11:54,190.0831,0.761,TP,1.0,EOD,0.7612,EOD,0.7612
NVDA,2026-02-06,2.798,gap_2plus,PDH,176.815,09:33,177.05,4.722,TP,1.0,TP,1.5,TP,2.0
NVDA,2026-02-11,2.025,gap_2plus,PDH,192.48,09:31,192.6645,-1.362,SL,-0.5,SL,-0.5,SL,-1.0
NVDA,2026-02-18,2.005,gap_2plus,PMH,189.31,10:04,189.695,-0.978,SL,-0.5,SL,-0.5,SL,-1.0
NVDA,2026-03-13,1.044,gap_1_2,PMH,185.77,09:31,185.86,-3.013,SL,-0.5,SL,-0.5,SL,-1.0
NVDA,2026-03-16,1.492,gap_1_2,PMH,183.92,09:33,184.215,-0.589,TP,1.0,TP,1.5,TP,2.0
NVDA,2026-03-23,2.538,gap_2plus,PDH,178.26,11:11,178.3,-1.565,SL,-0.5,SL,-0.5,SL,-1.0
NVDA,2026-03-25,1.021,gap_1_2,PMH,178.37,09:34,178.76,-0.05,TP,1.0,SL,-0.5,EOD,-0.0503
NVDA,2026-03-31,1.163,gap_1_2,PMH,168.13,09:34,168.66,3.35,TP,1.0,TP,1.5,TP,2.0
NVDA,2026-05-06,1.73,gap_1_2,PDH,200.24,09:32,201.22,3.196,SL,-0.5,SL,-0.5,TP,2.0
NVDA,2026-05-13,1.82,gap_1_2,PMH,226.67,09:34,226.79,-0.423,SL,-0.5,SL,-0.5,SL,-1.0
NVDA,2026-05-14,1.78,gap_1_2,PMH,233.22,10:22,233.755,0.853,TP,1.0,EOD,0.8535,EOD,0.8535
NXPI,2025-12-22,1.502,gap_1_2,PDH,229.12,09:35,229.435,-0.216,SL,-0.5,SL,-0.5,EOD,-0.2157
NXPI,2026-01-02,1.761,gap_1_2,PMH,221.4,09:33,221.5,-0.122,SL,-0.5,SL,-0.5,EOD,-0.1219
NXPI,2026-01-21,1.743,gap_1_2,PDH,234.82,09:48,235.04,-0.583,SL,-0.5,SL,-0.5,SL,-1.0
NXPI,2026-01-22,1.909,gap_1_2,PMH,240.0,09:36,240.64,-1.612,SL,-0.5,SL,-0.5,SL,-1.0
NXPI,2026-01-28,1.846,gap_1_2,PDH,234.205,09:31,237.01,1.278,TP,1.0,TP,1.5,TP,2.0
NXPI,2026-02-06,1.161,gap_1_2,PMH,226.0,09:52,226.16,-0.822,SL,-0.5,SL,-0.5,SL,-1.0
NXPI,2026-02-11,1.779,gap_1_2,PMH,240.76,09:34,241.57,3.378,TP,1.0,SL,-0.5,TP,2.0
NXPI,2026-02-18,1.289,gap_1_2,PDH,246.535,09:32,247.195,-3.991,SL,-0.5,SL,-0.5,SL,-1.0
NXPI,2026-03-04,1.17,gap_1_2,PMH,217.72,09:56,217.7725,-0.69,SL,-0.5,SL,-0.5,SL,-1.0
NXPI,2026-03-13,1.276,gap_1_2,PMH,193.99,09:37,194.475,-1.843,SL,-0.5,SL,-0.5,SL,-1.0
NXPI,2026-03-16,1.75,gap_1_2,PMH,193.74,09:46,194.24,-1.256,SL,-0.5,SL,-0.5,SL,-1.0
NXPI,2026-03-17,1.011,gap_1_2,PDH,195.98,09:40,196.0,-0.98,SL,-0.5,SL,-0.5,SL,-1.0
NXPI,2026-03-25,1.4,gap_1_2,PMH,199.49,09:56,199.58,-0.987,SL,-0.5,SL,-0.5,SL,-1.0
NXPI,2026-03-31,2.145,gap_2plus,PMH,192.5373,09:37,192.81,2.106,TP,1.0,SL,-0.5,SL,-1.0
NXPI,2026-04-08,5.002,gap_2plus,PMH,205.35,09:52,205.46,-0.574,SL,-0.5,SL,-0.5,SL,-1.0
NXPI,2026-04-22,1.7,gap_1_2,PDH,226.61,09:41,226.705,-0.395,SL,-0.5,SL,-0.5,EOD,-0.3948
NXPI,2026-04-23,3.41,gap_2plus,PMH,235.03,09:31,236.11,2.135,SL,-0.5,SL,-0.5,TP,2.0
NXPI,2026-04-29,22.145,gap_2plus,PMH,283.0,09:32,283.705,1.99,SL,-0.5,SL,-0.5,SL,-1.0
NXPI,2026-05-13,1.784,gap_1_2,PMH,299.48,09:33,299.665,-0.445,SL,-0.5,SL,-0.5,SL,-1.0
NXPI,2026-05-20,1.278,gap_1_2,PDH,298.63,09:40,299.0,3.732,TP,1.0,TP,1.5,TP,2.0
NXPI,2026-05-26,1.14,gap_1_2,PMH,323.58,09:36,324.16,2.625,TP,1.0,TP,1.5,TP,2.0
NXPI,2026-05-27,1.326,gap_1_2,PDH,334.9,09:31,334.99,-1.702,SL,-0.5,SL,-0.5,SL,-1.0
NXPI,2026-06-02,2.79,gap_2plus,PMH,320.0,09:33,320.59,0.905,TP,1.0,SL,-0.5,EOD,0.9046
NXPI,2026-06-09,2.452,gap_2plus,PMH,308.83,09:45,309.3387,-3.856,SL,-0.5,SL,-0.5,SL,-1.0
NXPI,2026-06-11,2.249,gap_2plus,PMH,294.0,09:50,294.595,2.7,TP,1.0,SL,-0.5,SL,-1.0
NXPI,2026-06-15,3.54,gap_2plus,PMH,319.8,09:35,319.815,-1.23,SL,-0.5,SL,-0.5,SL,-1.0
ODFL,2026-01-21,1.135,gap_1_2,PMH,172.1,09:33,172.365,3.478,TP,1.0,TP,1.5,TP,2.0
ODFL,2026-02-12,2.245,gap_2plus,PMH,198.0,09:34,198.425,-6.514,SL,-0.5,SL,-0.5,SL,-1.0
ODFL,2026-03-04,2.751,gap_2plus,PMH,213.5,11:42,213.65,1.194,TP,1.0,EOD,1.1935,EOD,1.1935
ODFL,2026-03-16,1.344,gap_1_2,PMH,181.58,10:13,181.68,0.407,SL,-0.5,SL,-0.5,EOD,0.4073
ODFL,2026-03-17,1.952,gap_1_2,PMH,184.85,09:34,185.06,-0.335,TP,1.0,TP,1.5,SL,-1.0
ODFL,2026-03-23,3.202,gap_2plus,PMH,189.88,09:39,190.16,-1.294,TP,1.0,TP,1.5,SL,-1.0
ODFL,2026-04-08,3.185,gap_2plus,PMH,205.39,09:31,206.37,0.562,TP,1.0,TP,1.5,SL,-1.0
ODFL,2026-04-17,1.578,gap_1_2,PMH,215.97,09:36,216.07,0.805,SL,-0.5,SL,-0.5,SL,-1.0
ODFL,2026-04-23,1.491,gap_1_2,PMH,223.35,09:33,223.48,-0.309,TP,1.0,TP,1.5,EOD,-0.3088
ODFL,2026-04-28,1.606,gap_1_2,PMH,222.5,09:33,222.565,-0.348,SL,-0.5,SL,-0.5,SL,-1.0
ODFL,2026-04-29,1.344,gap_1_2,PDH,224.0425,09:55,224.99,-6.996,SL,-0.5,SL,-0.5,TP,2.0
ODFL,2026-05-26,1.306,gap_1_2,PMH,214.14,09:33,214.155,1.146,TP,1.0,TP,1.5,TP,2.0
ODFL,2026-06-03,2.584,gap_2plus,PMH,231.47,09:34,232.26,1.636,TP,1.0,TP,1.5,EOD,1.6361
ODFL,2026-06-04,1.512,gap_1_2,PMH,240.07,09:39,240.08,2.287,TP,1.0,TP,1.5,TP,2.0
ON,2025-12-18,3.056,gap_2plus,PDH,55.18,09:31,55.22,-1.612,SL,-0.5,SL,-0.5,SL,-1.0
ON,2026-01-02,2.031,gap_2plus,PMH,55.85,09:34,55.865,1.441,SL,-0.5,SL,-0.5,TP,2.0
ON,2026-01-06,3.936,gap_2plus,PMH,61.57,09:46,61.68,0.097,SL,-0.5,SL,-0.5,SL,-1.0
ON,2026-01-09,1.149,gap_1_2,PDH,61.34,09:31,61.4,1.238,SL,-0.5,SL,-0.5,TP,2.0
ON,2026-01-16,1.493,gap_1_2,PMH,61.19,09:45,61.25,-1.518,SL,-0.5,SL,-0.5,SL,-1.0
ON,2026-01-21,1.665,gap_1_2,BOTH,61.22,09:33,61.535,2.56,SL,-0.5,SL,-0.5,TP,2.0
ON,2026-01-22,2.852,gap_2plus,PDH,63.84,09:55,63.93,-1.361,SL,-0.5,SL,-0.5,SL,-1.0
ON,2026-01-28,3.416,gap_2plus,PMH,66.22,09:37,66.31,-2.066,SL,-0.5,SL,-0.5,SL,-1.0
ON,2026-02-06,1.743,gap_1_2,PMH,64.77,09:51,64.78,0.648,SL,-0.5,SL,-0.5,SL,-1.0
ON,2026-02-11,2.799,gap_2plus,PMH,69.4,09:31,69.56,2.315,SL,-0.5,SL,-0.5,TP,2.0
ON,2026-02-18,2.202,gap_2plus,PDH,73.1,09:31,73.34,-3.695,SL,-0.5,SL,-0.5,SL,-1.0
ON,2026-02-25,1.829,gap_1_2,PMH,71.45,09:31,71.79,-2.932,SL,-0.5,SL,-0.5,SL,-1.0
ON,2026-03-13,1.196,gap_1_2,BOTH,58.9285,09:33,59.035,-0.796,SL,-0.5,SL,-0.5,SL,-1.0
ON,2026-03-16,2.262,gap_2plus,PMH,60.0,09:34,60.055,-0.308,SL,-0.5,SL,-0.5,SL,-1.0
ON,2026-03-23,2.546,gap_2plus,PDH,60.34,09:36,60.53,-1.09,TP,1.0,TP,1.5,SL,-1.0
ON,2026-03-25,2.229,gap_2plus,PMH,64.16,09:38,64.1877,-1.687,SL,-0.5,SL,-0.5,SL,-1.0
ON,2026-04-01,1.195,gap_1_2,PMH,62.96,09:34,63.05,-1.364,TP,1.0,SL,-0.5,SL,-1.0
ON,2026-04-06,1.174,gap_1_2,PMH,62.95,10:09,63.03,0.73,TP,1.0,EOD,0.7298,EOD,0.7298
ON,2026-04-08,5.799,gap_2plus,PMH,67.4662,09:44,67.55,1.244,SL,-0.5,SL,-0.5,SL,-1.0
ON,2026-04-13,2.258,gap_2plus,PDH,70.11,09:59,70.14,1.24,TP,1.0,TP,1.5,EOD,1.2404
ON,2026-04-22,1.911,gap_1_2,PDH,87.51,10:12,87.75,1.413,SL,-0.5,SL,-0.5,TP,2.0
ON,2026-04-23,4.427,gap_2plus,PMH,93.74,09:32,94.04,3.966,TP,1.0,SL,-0.5,TP,2.0
ON,2026-04-29,6.71,gap_2plus,PMH,99.71,10:17,99.839,-0.941,TP,1.0,SL,-0.5,SL,-1.0
ON,2026-04-30,1.041,gap_1_2,PMH,100.01,10:13,100.06,0.72,SL,-0.5,SL,-0.5,EOD,0.7196
ON,2026-05-04,1.786,gap_1_2,PMH,104.88,10:05,104.96,-2.744,SL,-0.5,SL,-0.5,SL,-1.0
ON,2026-05-13,4.772,gap_2plus,PMH,109.52,09:32,109.81,5.382,TP,1.0,TP,1.5,TP,2.0
ON,2026-05-20,1.886,gap_1_2,PMH,108.89,09:42,108.95,1.092,SL,-0.5,SL,-0.5,EOD,1.0922
ON,2026-05-26,5.792,gap_2plus,PMH,124.2088,09:37,124.22,2.238,SL,-0.5,SL,-0.5,TP,2.0
ON,2026-06-02,3.33,gap_2plus,PMH,126.8723,09:35,126.97,1.323,TP,1.0,TP,1.5,TP,2.0
ON,2026-06-03,1.049,gap_1_2,PMH,130.0,09:33,130.23,2.841,SL,-0.5,SL,-0.5,SL,-1.0
ON,2026-06-08,4.633,gap_2plus,PMH,123.99,11:05,124.03,-2.548,SL,-0.5,SL,-0.5,SL,-1.0
ON,2026-06-15,5.737,gap_2plus,PMH,123.91,09:45,123.98,1.484,SL,-0.5,SL,-0.5,SL,-1.0
ORCL,2025-12-18,2.387,gap_2plus,PMH,183.5,09:34,184.25,-2.328,SL,-0.5,SL,-0.5,SL,-1.0
ORCL,2025-12-19,4.682,gap_2plus,PMH,192.61,09:43,192.7305,-0.213,TP,1.0,SL,-0.5,SL,-1.0
ORCL,2025-12-22,2.34,gap_2plus,PDH,195.12,09:33,195.285,1.58,SL,-0.5,SL,-0.5,SL,-1.0
ORCL,2026-01-02,1.298,gap_1_2,PDH,197.2,09:33,197.6,-0.951,SL,-0.5,SL,-0.5,SL,-1.0
ORCL,2026-01-05,1.339,gap_1_2,PMH,199.99,09:36,200.24,-3.795,SL,-0.5,SL,-0.5,SL,-1.0
ORCL,2026-01-09,1.057,gap_1_2,PDH,190.95,09:41,191.05,3.962,SL,-0.5,SL,-0.5,TP,2.0
ORCL,2026-01-26,1.101,gap_1_2,BOTH,179.48,09:31,179.76,1.485,TP,1.0,TP,1.5,TP,2.0
ORCL,2026-02-02,3.846,gap_2plus,PDH,168.9,10:13,169.02,-5.283,SL,-0.5,SL,-0.5,SL,-1.0
ORCL,2026-02-06,2.426,gap_2plus,PMH,140.0,10:10,140.255,1.8,TP,1.0,SL,-0.5,TP,2.0
ORCL,2026-02-09,3.999,gap_2plus,PMH,150.49,09:32,150.69,3.915,TP,1.0,TP,1.5,TP,2.0
ORCL,2026-02-10,2.178,gap_2plus,PDH,159.75,09:35,160.4939,-0.401,SL,-0.5,SL,-0.5,SL,-1.0
ORCL,2026-02-13,1.681,gap_1_2,PMH,159.18,09:31,159.9185,0.113,SL,-0.5,SL,-0.5,SL,-1.0
ORCL,2026-02-25,2.073,gap_2plus,PMH,150.48,09:52,150.65,-1.825,TP,1.0,TP,1.5,SL,-1.0
ORCL,2026-03-11,11.298,gap_2plus,PMH,167.55,09:33,169.1502,-3.583,SL,-0.5,SL,-0.5,SL,-1.0
ORCL,2026-03-23,1.169,gap_1_2,PMH,152.83,09:39,153.1,0.738,TP,1.0,TP,1.5,SL,-1.0
ORCL,2026-03-31,1.088,gap_1_2,PDH,141.2,09:35,141.24,4.163,SL,-0.5,SL,-0.5,TP,2.0
ORCL,2026-04-08,4.98,gap_2plus,PMH,150.56,09:34,150.81,-4.708,SL,-0.5,SL,-0.5,SL,-1.0
ORCL,2026-04-13,1.202,gap_1_2,PDH,140.165,09:33,140.25,10.98,TP,1.0,TP,1.5,TP,2.0
ORCL,2026-04-14,7.915,gap_2plus,PMH,168.68,09:37,168.835,-3.432,SL,-0.5,SL,-0.5,SL,-1.0
ORCL,2026-04-15,2.361,gap_2plus,PMH,167.2,09:32,168.34,0.861,TP,1.0,TP,1.5,TP,2.0
ORCL,2026-04-17,2.568,gap_2plus,PDH,180.27,10:42,180.395,-2.957,SL,-0.5,SL,-0.5,SL,-1.0
ORCL,2026-04-22,2.765,gap_2plus,PDH,185.34,09:47,185.69,0.975,SL,-0.5,SL,-0.5,EOD,0.9747
ORCL,2026-05-04,2.426,gap_2plus,PMH,178.89,09:36,179.12,0.687,SL,-0.5,SL,-0.5,TP,2.0
ORCL,2026-05-13,1.199,gap_1_2,PMH,190.0,10:25,190.3899,-0.326,SL,-0.5,SL,-0.5,SL,-1.0
ORCL,2026-05-22,1.044,gap_1_2,PMH,191.77,09:32,191.8625,0.103,TP,1.0,TP,1.5,TP,2.0
ORCL,2026-05-28,1.661,gap_1_2,PMH,196.31,09:33,196.605,3.609,SL,-0.5,SL,-0.5,SL,-1.0
ORCL,2026-05-29,2.602,gap_2plus,PMH,214.308,09:39,214.3819,5.303,TP,1.0,TP,1.5,TP,2.0
ORCL,2026-06-01,2.104,gap_2plus,PDH,226.29,09:33,227.17,9.227,TP,1.0,TP,1.5,TP,2.0
PANW,2025-12-19,1.087,gap_1_2,PDH,186.92,09:40,187.29,-0.219,SL,-0.5,SL,-0.5,EOD,-0.2189
PANW,2026-01-05,2.207,gap_2plus,PMH,183.41,09:43,183.8,-0.898,TP,1.0,SL,-0.5,SL,-1.0
PANW,2026-01-07,1.211,gap_1_2,PMH,188.1,09:31,188.12,3.067,TP,1.0,TP,1.5,TP,2.0
PANW,2026-01-27,1.724,gap_1_2,PMH,188.51,09:31,189.03,-2.915,SL,-0.5,SL,-0.5,SL,-1.0
PANW,2026-02-13,1.654,gap_1_2,PMH,166.0,09:38,166.135,0.491,TP,1.0,TP,1.5,TP,2.0
PANW,2026-02-26,1.367,gap_1_2,PDH,145.36,09:37,146.04,2.369,TP,1.0,TP,1.5,TP,2.0
PANW,2026-03-25,1.463,gap_1_2,PMH,159.6,09:37,159.76,-4.088,SL,-0.5,SL,-0.5,SL,-1.0
PANW,2026-03-30,3.35,gap_2plus,PMH,153.0,09:33,153.415,0.596,TP,1.0,TP,1.5,TP,2.0
PANW,2026-04-08,2.363,gap_2plus,PMH,175.0,09:46,175.56,-1.037,SL,-0.5,SL,-0.5,SL,-1.0
PANW,2026-04-16,2.736,gap_2plus,PMH,168.29,09:37,168.64,-0.99,SL,-0.5,SL,-0.5,SL,-1.0
PANW,2026-05-01,1.483,gap_1_2,PDH,180.85,09:32,181.63,-0.281,SL,-0.5,SL,-0.5,SL,-1.0
PANW,2026-06-01,1.301,gap_1_2,PMH,290.0,10:21,290.925,3.288,SL,-0.5,SL,-0.5,TP,2.0
PCAR,2026-01-28,1.524,gap_1_2,PMH,123.36,09:31,124.39,-1.077,SL,-0.5,SL,-0.5,SL,-1.0
PCAR,2026-03-04,2.789,gap_2plus,PMH,124.99,09:44,125.2,-0.248,SL,-0.5,SL,-0.5,EOD,-0.2476
PCAR,2026-03-16,1.006,gap_1_2,PMH,116.0,09:51,116.105,-0.409,SL,-0.5,SL,-0.5,SL,-1.0
PCAR,2026-03-23,3.054,gap_2plus,PDH,113.37,09:41,113.49,0.705,TP,1.0,EOD,0.7049,EOD,0.7049
PCAR,2026-03-25,1.002,gap_1_2,PDH,117.015,10:42,117.045,-0.611,SL,-0.5,SL,-0.5,EOD,-0.6109
PCAR,2026-03-30,1.1,gap_1_2,PMH,112.77,10:02,112.795,-0.315,SL,-0.5,SL,-0.5,EOD,-0.3147
PCAR,2026-03-31,1.112,gap_1_2,PDH,114.01,09:45,114.055,1.258,TP,1.0,TP,1.5,TP,2.0
PCAR,2026-04-08,1.768,gap_1_2,PMH,122.0,09:31,122.57,1.305,TP,1.0,TP,1.5,EOD,1.3054
PCAR,2026-04-17,1.206,gap_1_2,PMH,125.86,09:31,126.0,0.206,SL,-0.5,SL,-0.5,EOD,0.2063
PCAR,2026-05-06,1.825,gap_1_2,PMH,115.74,09:35,115.97,0.414,EOD,0.4139,EOD,0.4139,EOD,0.4139
PCAR,2026-06-04,1.469,gap_1_2,PDH,115.7975,09:33,115.86,1.903,SL,-0.5,SL,-0.5,SL,-1.0
PCAR,2026-06-15,1.78,gap_1_2,PMH,120.84,09:31,121.7,-0.887,SL,-0.5,SL,-0.5,SL,-1.0
PG,2025-12-17,1.026,gap_1_2,PMH,146.6684,09:31,146.67,0.777,TP,1.0,EOD,0.7773,EOD,0.7773
PG,2026-01-22,1.404,gap_1_2,PMH,149.04,09:31,149.1287,0.531,SL,-0.5,SL,-0.5,EOD,0.5306
PG,2026-02-05,1.103,gap_1_2,PMH,158.77,09:33,158.79,-0.139,SL,-0.5,SL,-0.5,SL,-1.0
PG,2026-04-08,1.324,gap_1_2,PDH,142.77,09:32,144.06,0.597,SL,-0.5,SL,-0.5,EOD,0.597
PG,2026-04-28,1.092,gap_1_2,PMH,150.18,09:33,150.2,-0.686,SL,-0.5,SL,-0.5,SL,-1.0
PG,2026-05-06,1.021,gap_1_2,PMH,146.38,10:12,146.41,1.025,TP,1.0,TP,1.5,EOD,1.0245
PG,2026-06-05,1.019,gap_1_2,PDH,143.14,09:37,143.245,2.3,TP,1.0,TP,1.5,TP,2.0
PH,2026-01-29,2.201,gap_2plus,PMH,950.0,09:33,961.825,-1.418,SL,-0.5,SL,-0.5,SL,-1.0
PH,2026-02-06,1.044,gap_1_2,PMH,977.07,09:35,980.95,-0.456,SL,-0.5,SL,-0.5,EOD,-0.4557
PH,2026-03-16,1.32,gap_1_2,PMH,896.0,10:20,896.77,-0.238,SL,-0.5,SL,-0.5,SL,-1.0
PH,2026-03-18,1.947,gap_1_2,PDH,905.9981,09:37,906.95,0.667,TP,1.0,TP,1.5,EOD,0.6671
PH,2026-03-23,3.08,gap_2plus,PMH,916.15,09:32,917.535,-1.252,SL,-0.5,SL,-0.5,SL,-1.0
PH,2026-04-17,7.528,gap_2plus,PMH,980.4005,09:48,981.73,0.755,TP,1.0,TP,1.5,TP,2.0
PH,2026-05-06,2.159,gap_2plus,PMH,896.9,09:34,897.91,0.442,TP,1.0,TP,1.5,EOD,0.4421
PH,2026-06-04,1.011,gap_1_2,PDH,858.84,09:43,859.34,1.528,TP,1.0,TP,1.5,EOD,1.5279
PLD,2026-01-21,2.836,gap_2plus,PDH,132.38,09:33,132.565,-1.105,SL,-0.5,SL,-0.5,SL,-1.0
PLD,2026-01-29,1.046,gap_1_2,PMH,128.06,09:35,128.76,1.219,SL,-0.5,SL,-0.5,SL,-1.0
PLD,2026-03-13,1.031,gap_1_2,PDH,132.9,09:34,133.075,-0.988,SL,-0.5,SL,-0.5,SL,-1.0
PLD,2026-03-16,1.207,gap_1_2,PMH,133.1,09:31,133.5,0.427,SL,-0.5,SL,-0.5,EOD,0.427
PLD,2026-03-23,2.305,gap_2plus,PMH,131.02,09:52,131.09,-0.587,TP,1.0,SL,-0.5,EOD,-0.5874
PLD,2026-03-30,1.428,gap_1_2,PDH,130.35,10:02,130.37,-1.212,SL,-0.5,SL,-0.5,SL,-1.0
PLD,2026-03-31,1.336,gap_1_2,PMH,130.82,10:01,130.88,1.024,TP,1.0,TP,1.5,EOD,1.0238
PLD,2026-04-08,2.154,gap_2plus,PMH,136.63,09:31,136.67,0.571,TP,1.0,EOD,0.5707,EOD,0.5707
PLD,2026-04-16,2.097,gap_2plus,PMH,142.5,09:31,143.39,-0.921,TP,1.0,SL,-0.5,SL,-1.0
PLD,2026-06-04,1.198,gap_1_2,PDH,142.66,11:52,142.71,0.75,SL,-0.5,SL,-0.5,EOD,0.7498
PLTR,2025-12-18,2.363,gap_2plus,PMH,182.78,09:32,182.907,1.511,TP,1.0,SL,-0.5,TP,2.0
PLTR,2026-02-18,2.127,gap_2plus,PMH,137.42,09:43,137.81,-1.792,TP,1.0,TP,1.5,TP,2.0
PLTR,2026-02-25,1.437,gap_1_2,PMH,131.084,09:31,131.43,2.1,SL,-0.5,SL,-0.5,SL,-1.0
PLTR,2026-03-02,2.762,gap_2plus,PMH,143.66,09:34,143.73,0.96,SL,-0.5,SL,-0.5,SL,-1.0
PLTR,2026-03-23,1.658,gap_1_2,PDH,156.65,09:33,157.0912,2.367,TP,1.0,TP,1.5,TP,2.0
PLTR,2026-03-25,1.706,gap_1_2,PMH,158.77,09:35,159.0474,-2.551,SL,-0.5,SL,-0.5,SL,-1.0
PLTR,2026-03-31,1.803,gap_1_2,PMH,140.2,09:31,140.27,4.285,SL,-0.5,SL,-0.5,TP,2.0
PLTR,2026-04-13,1.671,gap_1_2,PMH,133.04,10:52,133.0635,-0.544,TP,1.0,SL,-0.5,SL,-1.0
PLTR,2026-04-14,1.579,gap_1_2,PMH,135.52,09:31,136.53,-0.637,SL,-0.5,SL,-0.5,SL,-1.0
PLTR,2026-04-16,1.505,gap_1_2,PDH,142.58,10:48,142.69,0.035,TP,1.0,SL,-0.5,SL,-1.0
PLTR,2026-04-17,1.814,gap_1_2,PMH,145.34,09:37,145.46,0.626,TP,1.0,TP,1.5,EOD,0.6256
PLTR,2026-04-22,1.637,gap_1_2,PMH,148.54,09:31,149.025,2.399,SL,-0.5,SL,-0.5,SL,-1.0
PLTR,2026-05-01,2.956,gap_2plus,PMH,143.34,10:48,143.46,0.432,TP,1.0,EOD,0.4321,EOD,0.4321
PLTR,2026-05-04,2.547,gap_2plus,PMH,148.66,09:35,148.86,-1.814,SL,-0.5,SL,-0.5,SL,-1.0
PLTR,2026-05-07,1.002,gap_1_2,PMH,136.5,09:35,136.98,0.095,TP,1.0,TP,1.5,TP,2.0
PLTR,2026-05-29,3.118,gap_2plus,PMH,148.8,09:33,149.5,4.742,SL,-0.5,SL,-0.5,TP,2.0
PLTR,2026-06-01,2.165,gap_2plus,PDH,157.7794,09:31,157.93,1.71,SL,-0.5,SL,-0.5,TP,2.0
PM,2026-02-04,1.294,gap_1_2,PMH,179.0,09:32,179.13,0.715,SL,-0.5,SL,-0.5,SL,-1.0
PM,2026-02-05,1.158,gap_1_2,PMH,182.1,09:33,182.83,-0.432,SL,-0.5,SL,-0.5,SL,-1.0
PM,2026-03-16,1.036,gap_1_2,PDH,176.05,09:42,176.12,-0.744,SL,-0.5,SL,-0.5,EOD,-0.7438
PM,2026-03-30,1.358,gap_1_2,PMH,165.04,10:44,165.07,-0.151,SL,-0.5,SL,-0.5,EOD,-0.1515
PM,2026-03-31,1.007,gap_1_2,PDH,165.74,09:35,165.86,-0.314,SL,-0.5,SL,-0.5,SL,-1.0
PM,2026-04-22,3.049,gap_2plus,PDH,157.67,09:32,157.915,3.79,TP,1.0,TP,1.5,TP,2.0
PM,2026-04-28,1.479,gap_1_2,PMH,163.38,09:31,163.62,1.393,TP,1.0,TP,1.5,EOD,1.3935
PM,2026-06-04,1.028,gap_1_2,PDH,178.92,09:49,178.94,-2.205,SL,-0.5,SL,-0.5,SL,-1.0
PM,2026-06-05,1.014,gap_1_2,PMH,177.49,09:32,177.61,0.394,SL,-0.5,SL,-0.5,SL,-1.0
PM,2026-06-10,1.384,gap_1_2,PMH,180.0,09:31,180.69,1.251,SL,-0.5,SL,-0.5,EOD,1.2508
PYPL,2025-12-16,1.408,gap_1_2,PMH,61.98,09:37,61.985,-1.105,SL,-0.5,SL,-0.5,SL,-1.0
PYPL,2026-03-23,1.613,gap_1_2,PDH,44.55,09:40,44.58,2.064,TP,1.0,TP,1.5,TP,2.0
PYPL,2026-03-25,1.878,gap_1_2,PDH,45.265,09:35,45.445,-1.309,SL,-0.5,SL,-0.5,SL,-1.0
PYPL,2026-04-08,2.496,gap_2plus,PMH,46.2686,09:36,46.27,-0.908,SL,-0.5,SL,-0.5,SL,-1.0
PYPL,2026-04-15,1.042,gap_1_2,PDH,48.334,09:34,48.34,2.544,TP,1.0,TP,1.5,TP,2.0
PYPL,2026-04-17,1.225,gap_1_2,PDH,49.95,09:33,50.145,1.326,TP,1.0,TP,1.5,TP,2.0
PYPL,2026-04-21,1.03,gap_1_2,PDH,51.51,11:07,51.535,-1.242,SL,-0.5,SL,-0.5,SL,-1.0
PYPL,2026-06-04,1.924,gap_1_2,PMH,43.52,10:01,43.54,-1.803,SL,-0.5,SL,-0.5,SL,-1.0
PYPL,2026-06-15,1.975,gap_1_2,PMH,42.39,09:35,42.53,-0.118,TP,1.0,TP,1.5,EOD,-0.1176
QCOM,2025-12-18,2.055,gap_2plus,PMH,176.07,09:31,176.99,-1.588,SL,-0.5,SL,-0.5,SL,-1.0
QCOM,2025-12-22,1.284,gap_1_2,PMH,177.73,09:31,178.155,-2.203,SL,-0.5,SL,-0.5,SL,-1.0
QCOM,2026-01-02,1.585,gap_1_2,PDH,173.775,09:34,173.81,-0.501,SL,-0.5,SL,-0.5,EOD,-0.5005
QCOM,2026-01-21,1.434,gap_1_2,PMH,156.77,10:31,157.0,-0.42,SL,-0.5,SL,-0.5,SL,-1.0
QCOM,2026-01-22,1.362,gap_1_2,PMH,158.9,09:35,158.96,-0.73,SL,-0.5,SL,-0.5,SL,-1.0
QCOM,2026-02-04,1.033,gap_1_2,PMH,148.72,09:31,149.3891,-0.374,TP,1.0,TP,1.5,TP,2.0
QCOM,2026-02-24,1.506,gap_1_2,PDH,144.06,09:37,144.185,0.406,TP,1.0,TP,1.5,EOD,0.4057
QCOM,2026-03-17,3.2,gap_2plus,PDH,131.8662,10:18,131.8735,-0.253,SL,-0.5,SL,-0.5,EOD,-0.2529
QCOM,2026-03-23,2.431,gap_2plus,PDH,132.75,09:45,132.837,-3.393,SL,-0.5,SL,-0.5,SL,-1.0
QCOM,2026-03-25,1.422,gap_1_2,PMH,130.51,09:31,130.98,-0.489,SL,-0.5,SL,-0.5,EOD,-0.4886
QCOM,2026-03-31,1.078,gap_1_2,PMH,128.51,09:36,128.515,0.198,SL,-0.5,SL,-0.5,SL,-1.0
QCOM,2026-04-17,1.651,gap_1_2,PDH,135.7014,10:05,135.75,0.339,EOD,0.3389,EOD,0.3389,EOD,0.3389
QCOM,2026-04-29,1.12,gap_1_2,PMH,152.1,09:32,152.27,2.522,TP,1.0,TP,1.5,TP,2.0
QCOM,2026-04-30,10.211,gap_2plus,PMH,175.9794,10:12,176.3599,1.854,TP,1.0,TP,1.5,TP,2.0
QCOM,2026-05-08,5.034,gap_2plus,PMH,217.5,09:58,217.85,0.592,TP,1.0,SL,-0.5,SL,-1.0
QCOM,2026-05-11,5.846,gap_2plus,PMH,241.5,09:31,241.945,-1.812,TP,1.0,TP,1.5,TP,2.0
QCOM,2026-05-18,2.626,gap_2plus,PDH,207.4,09:32,207.46,-1.805,TP,1.0,SL,-0.5,SL,-1.0
QCOM,2026-05-26,1.064,gap_1_2,PDH,243.0,09:31,244.13,1.917,SL,-0.5,SL,-0.5,SL,-1.0
QCOM,2026-05-28,1.264,gap_1_2,PMH,236.69,10:12,236.75,2.733,SL,-0.5,SL,-0.5,TP,2.0
QCOM,2026-05-29,2.866,gap_2plus,PMH,258.23,09:47,259.1,-3.111,SL,-0.5,SL,-0.5,SL,-1.0
QCOM,2026-06-02,1.288,gap_1_2,PMH,234.0,09:44,234.5001,2.678,SL,-0.5,SL,-0.5,SL,-1.0
QCOM,2026-06-15,3.881,gap_2plus,PMH,223.8,09:40,224.3,-1.574,SL,-0.5,SL,-0.5,SL,-1.0
RBLX,2026-01-14,2.3,gap_2plus,PDH,85.48,09:33,85.57,-3.179,TP,1.0,SL,-0.5,SL,-1.0
RBLX,2026-01-15,1.207,gap_1_2,PMH,83.79,09:31,84.5,0.154,SL,-0.5,SL,-0.5,SL,-1.0
RBLX,2026-01-16,1.619,gap_1_2,PMH,87.0,09:33,87.545,-0.291,TP,1.0,TP,1.5,TP,2.0
RBLX,2026-01-28,1.844,gap_1_2,PMH,73.25,09:45,73.32,2.687,TP,1.0,TP,1.5,TP,2.0
RBLX,2026-02-02,2.009,gap_2plus,PMH,67.85,09:35,67.915,-0.714,TP,1.0,TP,1.5,TP,2.0
RBLX,2026-02-06,11.348,gap_2plus,PDH,64.84,10:30,64.88,2.327,TP,1.0,TP,1.5,TP,2.0
RBLX,2026-02-09,3.57,gap_2plus,PDH,69.2,09:31,70.6872,3.923,SL,-0.5,SL,-0.5,SL,-1.0
RBLX,2026-02-10,1.688,gap_1_2,PMH,75.6797,09:33,75.8325,-5.133,SL,-0.5,SL,-0.5,SL,-1.0
RBLX,2026-02-13,1.178,gap_1_2,PMH,64.05,09:31,64.11,-1.466,SL,-0.5,SL,-0.5,SL,-1.0
RBLX,2026-02-17,1.124,gap_1_2,PMH,63.99,09:37,64.27,-1.914,SL,-0.5,SL,-0.5,SL,-1.0
RBLX,2026-03-10,1.437,gap_1_2,PMH,63.74,09:32,63.89,-7.904,SL,-0.5,SL,-0.5,SL,-1.0
RBLX,2026-03-11,1.037,gap_1_2,PMH,60.0,09:33,60.55,-0.248,SL,-0.5,SL,-0.5,SL,-1.0
RBLX,2026-03-13,1.226,gap_1_2,PMH,57.24,10:04,57.25,-1.45,TP,1.0,SL,-0.5,SL,-1.0
RBLX,2026-03-25,2.872,gap_2plus,PDH,57.005,09:31,57.0125,-0.636,SL,-0.5,SL,-0.5,SL,-1.0
RBLX,2026-03-31,2.255,gap_2plus,PDH,52.91,09:31,53.16,6.452,TP,1.0,TP,1.5,TP,2.0
RBLX,2026-04-08,4.512,gap_2plus,PDH,57.71,10:43,57.81,-4.117,SL,-0.5,SL,-0.5,SL,-1.0
RBLX,2026-04-15,1.166,gap_1_2,BOTH,59.04,09:32,59.29,0.793,TP,1.0,TP,1.5,TP,2.0
RBLX,2026-04-16,2.677,gap_2plus,PDH,61.2,09:33,61.27,-1.371,SL,-0.5,SL,-0.5,SL,-1.0
RBLX,2026-04-17,2.168,gap_2plus,PMH,62.0,09:38,62.0525,-2.76,SL,-0.5,SL,-0.5,SL,-1.0
RBLX,2026-04-22,1.714,gap_1_2,PMH,62.5,09:32,62.52,-4.623,SL,-0.5,SL,-0.5,SL,-1.0
RBLX,2026-05-07,1.188,gap_1_2,PDH,44.64,09:35,45.115,-0.765,SL,-0.5,SL,-0.5,SL,-1.0
RBLX,2026-05-12,1.767,gap_1_2,PMH,42.0,09:31,42.38,-1.982,TP,1.0,TP,1.5,TP,2.0
RBLX,2026-06-04,1.557,gap_1_2,PDH,44.81,09:33,44.89,-3.497,SL,-0.5,SL,-0.5,SL,-1.0
RBLX,2026-06-15,1.708,gap_1_2,BOTH,44.0,09:33,44.505,2.595,SL,-0.5,SL,-0.5,SL,-1.0
REGN,2026-01-07,1.274,gap_1_2,PDH,787.656,09:31,787.999,3.08,SL,-0.5,SL,-0.5,SL,-1.0
REGN,2026-03-23,1.482,gap_1_2,PDH,744.85,10:01,745.98,-1.328,SL,-0.5,SL,-0.5,SL,-1.0
REGN,2026-04-17,1.166,gap_1_2,PMH,754.0,09:31,754.9,-0.54,SL,-0.5,SL,-0.5,SL,-1.0
REGN,2026-06-04,1.418,gap_1_2,PMH,627.0,09:39,627.85,0.139,SL,-0.5,SL,-0.5,SL,-1.0
REGN,2026-06-09,2.101,gap_2plus,PMH,622.45,09:48,622.52,-1.073,SL,-0.5,SL,-0.5,SL,-1.0
RIVN,2025-12-17,1.103,gap_1_2,PMH,18.15,09:31,18.3142,-3.818,SL,-0.5,SL,-0.5,SL,-1.0
RIVN,2025-12-18,3.662,gap_2plus,PMH,18.47,10:21,18.5601,9.321,SL,-0.5,SL,-0.5,SL,-1.0
RIVN,2026-01-21,1.609,gap_1_2,PDH,16.3,09:38,16.36,0.733,SL,-0.5,SL,-0.5,SL,-1.0
RIVN,2026-02-10,1.565,gap_1_2,PMH,14.97,09:40,14.975,-0.134,TP,1.0,TP,1.5,TP,2.0
RIVN,2026-02-11,1.371,gap_1_2,PMH,15.2,09:32,15.215,-2.925,SL,-0.5,SL,-0.5,SL,-1.0
RIVN,2026-02-25,1.124,gap_1_2,PDH,15.35,09:38,15.37,-0.748,TP,1.0,TP,1.5,TP,2.0
RIVN,2026-03-10,5.164,gap_2plus,PMH,16.99,09:44,17.1,-3.333,TP,1.0,TP,1.5,TP,2.0
RIVN,2026-03-16,1.076,gap_1_2,PMH,15.18,10:36,15.205,0.888,TP,1.0,TP,1.5,EOD,0.8879
RIVN,2026-03-19,6.894,gap_2plus,PDH,16.038,10:46,16.065,0.498,TP,1.0,TP,1.5,SL,-1.0
RIVN,2026-03-23,2.951,gap_2plus,PDH,16.05,10:01,16.075,-1.773,SL,-0.5,SL,-0.5,SL,-1.0
RIVN,2026-04-01,2.988,gap_2plus,PDH,15.16,09:49,15.175,-1.483,SL,-0.5,SL,-0.5,SL,-1.0
RIVN,2026-04-14,2.771,gap_2plus,PMH,16.34,09:32,16.385,-2.411,SL,-0.5,SL,-0.5,SL,-1.0
RIVN,2026-04-16,1.402,gap_1_2,PMH,16.7,09:33,16.71,1.107,SL,-0.5,SL,-0.5,SL,-1.0
RIVN,2026-04-17,1.302,gap_1_2,PMH,17.18,09:33,17.21,0.116,TP,1.0,TP,1.5,TP,2.0
RIVN,2026-04-22,1.399,gap_1_2,BOTH,17.43,09:31,17.5,1.429,SL,-0.5,SL,-0.5,SL,-1.0
RIVN,2026-04-30,1.059,gap_1_2,PDH,16.14,10:28,16.145,1.456,TP,1.0,TP,1.5,TP,2.0
RIVN,2026-05-05,1.034,gap_1_2,PMH,14.73,09:49,14.735,-1.018,TP,1.0,TP,1.5,TP,2.0
RIVN,2026-05-20,1.396,gap_1_2,PMH,13.09,10:16,13.11,4.805,SL,-0.5,SL,-0.5,TP,2.0
RIVN,2026-06-08,2.202,gap_2plus,PMH,16.79,09:45,16.895,-0.326,TP,1.0,TP,1.5,TP,2.0
RIVN,2026-06-15,1.55,gap_1_2,PDH,16.775,10:47,16.78,-0.626,TP,1.0,SL,-0.5,SL,-1.0
ROST,2026-03-31,1.35,gap_1_2,PDH,212.61,09:40,212.73,1.81,TP,1.0,TP,1.5,TP,2.0
ROST,2026-04-08,1.711,gap_1_2,PDH,220.61,09:32,220.655,1.724,TP,1.0,TP,1.5,EOD,1.7244
ROST,2026-04-17,1.054,gap_1_2,PMH,224.27,09:32,224.62,1.425,SL,-0.5,SL,-0.5,EOD,1.4246
ROST,2026-04-22,1.033,gap_1_2,PMH,226.27,09:32,226.28,0.027,SL,-0.5,SL,-0.5,EOD,0.0265
ROST,2026-05-22,5.468,gap_2plus,PMH,232.73,09:34,233.61,0.527,SL,-0.5,SL,-0.5,SL,-1.0
ROST,2026-06-11,1.203,gap_1_2,PDH,233.76,09:34,234.01,2.141,TP,1.0,TP,1.5,TP,2.0
ROST,2026-06-12,1.109,gap_1_2,PDH,240.51,09:31,240.52,-0.162,SL,-0.5,SL,-0.5,EOD,-0.1621
RTX,2026-01-08,2.843,gap_2plus,PDH,193.79,09:40,194.185,-3.613,TP,1.0,SL,-0.5,SL,-1.0
RTX,2026-01-27,2.816,gap_2plus,PDH,195.89,10:13,195.985,2.681,TP,1.0,TP,1.5,TP,2.0
RTX,2026-03-25,1.025,gap_1_2,PDH,195.14,09:34,195.17,-0.092,SL,-0.5,SL,-0.5,EOD,-0.0922
RTX,2026-03-30,1.492,gap_1_2,PMH,192.11,09:31,192.19,-2.648,SL,-0.5,SL,-0.5,SL,-1.0
RTX,2026-03-31,1.09,gap_1_2,PMH,189.7,10:16,189.7139,1.658,TP,1.0,TP,1.5,EOD,1.6583
RTX,2026-04-28,1.073,gap_1_2,PMH,175.0,09:31,175.09,0.337,SL,-0.5,SL,-0.5,SL,-1.0
RTX,2026-05-06,1.117,gap_1_2,PDH,174.15,09:38,174.355,1.345,TP,1.0,TP,1.5,TP,2.0
RTX,2026-06-04,2.247,gap_2plus,PMH,178.0,09:31,178.47,0.532,TP,1.0,EOD,0.5323,EOD,0.5323
SCHW,2026-01-22,1.208,gap_1_2,PDH,104.8299,10:16,104.975,-0.881,SL,-0.5,SL,-0.5,SL,-1.0
SCHW,2026-02-06,1.235,gap_1_2,PMH,103.44,09:31,103.46,1.556,TP,1.0,TP,1.5,EOD,1.5562
SCHW,2026-03-04,1.008,gap_1_2,BOTH,95.99,10:12,96.08,-0.052,EOD,-0.052,EOD,-0.052,EOD,-0.052
SCHW,2026-03-16,1.139,gap_1_2,PDH,93.8,10:48,93.86,-0.266,TP,1.0,SL,-0.5,EOD,-0.2664
SCHW,2026-03-31,1.016,gap_1_2,PDH,93.73,09:50,93.88,0.107,SL,-0.5,SL,-0.5,SL,-1.0
SCHW,2026-04-01,1.096,gap_1_2,PDH,94.13,11:43,94.19,-1.943,SL,-0.5,SL,-0.5,SL,-1.0
SCHW,2026-04-15,1.037,gap_1_2,PMH,99.7,09:31,99.71,0.582,TP,1.0,SL,-0.5,EOD,0.5817
SCHW,2026-05-15,1.151,gap_1_2,PDH,92.1703,09:54,92.32,-1.549,SL,-0.5,SL,-0.5,SL,-1.0
SCHW,2026-06-04,1.016,gap_1_2,BOTH,87.555,09:57,87.615,0.399,TP,1.0,EOD,0.3995,EOD,0.3995
SHW,2025-12-18,1.113,gap_1_2,PMH,333.24,09:31,333.75,-2.541,SL,-0.5,SL,-0.5,SL,-1.0
SHW,2026-02-02,1.015,gap_1_2,PDH,358.0,10:04,358.07,-0.436,TP,1.0,EOD,-0.4357,EOD,-0.4357
SHW,2026-02-04,1.482,gap_1_2,PDH,369.44,10:16,369.625,-0.312,SL,-0.5,SL,-0.5,SL,-1.0
SHW,2026-03-13,1.18,gap_1_2,PDH,324.89,09:31,325.64,-1.815,TP,1.0,SL,-0.5,SL,-1.0
SHW,2026-03-16,1.554,gap_1_2,PMH,324.0,09:44,324.085,-0.427,SL,-0.5,SL,-0.5,EOD,-0.4274
SHW,2026-03-23,1.025,gap_1_2,PDH,312.04,09:39,313.15,0.278,TP,1.0,TP,1.5,EOD,0.2778
SHW,2026-03-25,1.415,gap_1_2,PDH,316.71,09:57,316.78,1.635,SL,-0.5,SL,-0.5,SL,-1.0
SHW,2026-04-08,5.615,gap_2plus,PMH,333.38,09:45,333.65,0.602,TP,1.0,EOD,0.6024,EOD,0.6024
SHW,2026-04-16,1.764,gap_1_2,PDH,334.55,09:31,334.725,-0.402,TP,1.0,SL,-0.5,EOD,-0.4018
SHW,2026-05-06,3.393,gap_2plus,PMH,323.4,09:39,324.01,-0.093,SL,-0.5,SL,-0.5,EOD,-0.0926
SHW,2026-06-04,1.535,gap_1_2,PDH,302.03,09:31,302.8,-0.913,SL,-0.5,SL,-0.5,SL,-1.0
SHW,2026-06-09,1.176,gap_1_2,PDH,304.43,09:31,305.07,1.78,TP,1.0,TP,1.5,EOD,1.7799
SHW,2026-06-12,1.423,gap_1_2,PMH,320.0,10:52,320.86,-1.119,SL,-0.5,SL,-0.5,SL,-1.0
SHW,2026-06-15,2.323,gap_2plus,PMH,323.3,09:43,323.375,-0.988,SL,-0.5,SL,-0.5,SL,-1.0
SMCI,2026-01-02,2.427,gap_2plus,PMH,30.2,09:31,30.325,2.127,SL,-0.5,SL,-0.5,TP,2.0
SMCI,2026-01-05,1.97,gap_1_2,PMH,31.79,09:31,31.96,-5.898,SL,-0.5,SL,-0.5,SL,-1.0
SMCI,2026-01-15,1.538,gap_1_2,BOTH,28.755,09:31,28.925,1.711,TP,1.0,TP,1.5,TP,2.0
SMCI,2026-01-16,1.02,gap_1_2,PDH,29.855,09:31,29.9583,9.018,TP,1.0,TP,1.5,TP,2.0
SMCI,2026-01-22,2.325,gap_2plus,PDH,32.68,09:51,32.79,-1.006,TP,1.0,TP,1.5,TP,2.0
SMCI,2026-01-28,1.186,gap_1_2,PMH,31.94,10:06,31.9957,-2.456,TP,1.0,SL,-0.5,SL,-1.0
SMCI,2026-02-04,10.682,gap_2plus,PMH,33.51,09:34,33.56,0.566,SL,-0.5,SL,-0.5,SL,-1.0
SMCI,2026-02-06,3.21,gap_2plus,PMH,31.9,09:43,31.93,7.563,TP,1.0,TP,1.5,TP,2.0
SMCI,2026-02-19,5.148,gap_2plus,PMH,31.36,09:42,31.4399,2.322,SL,-0.5,SL,-0.5,TP,2.0
SMCI,2026-03-11,2.249,gap_2plus,PMH,32.58,09:31,32.6,-2.485,TP,1.0,SL,-0.5,SL,-1.0
SMCI,2026-03-16,2.389,gap_2plus,PDH,31.225,10:06,31.265,1.871,SL,-0.5,SL,-0.5,SL,-1.0
SMCI,2026-03-25,1.505,gap_1_2,PMH,22.95,09:32,22.97,4.811,TP,1.0,TP,1.5,TP,2.0
SMCI,2026-03-30,1.117,gap_1_2,PMH,22.2399,09:31,22.245,-5.439,SL,-0.5,SL,-0.5,SL,-1.0
SMCI,2026-03-31,1.735,gap_1_2,PMH,21.489,09:34,21.52,5.855,SL,-0.5,SL,-0.5,TP,2.0
SMCI,2026-04-10,1.853,gap_1_2,PDH,23.95,09:32,24.0,5.25,SL,-0.5,SL,-0.5,TP,2.0
SMCI,2026-04-14,3.93,gap_2plus,PMH,27.06,10:11,27.11,0.406,TP,1.0,TP,1.5,TP,2.0
SMCI,2026-04-15,1.837,gap_1_2,PDH,27.795,09:33,27.865,-2.046,SL,-0.5,SL,-0.5,SL,-1.0
SMCI,2026-04-16,1.044,gap_1_2,PMH,27.68,11:02,27.715,2.399,TP,1.0,TP,1.5,TP,2.0
SMCI,2026-04-17,2.361,gap_2plus,PDH,28.72,09:45,28.785,-0.799,SL,-0.5,SL,-0.5,SL,-1.0
SMCI,2026-04-21,1.076,gap_1_2,PMH,29.4645,09:51,29.585,-3.972,TP,1.0,SL,-0.5,SL,-1.0
SMCI,2026-04-24,2.881,gap_2plus,PDH,27.6,09:37,27.695,4.929,TP,1.0,TP,1.5,TP,2.0
SMCI,2026-04-30,2.3,gap_2plus,PMH,27.0,11:18,27.055,1.238,TP,1.0,TP,1.5,EOD,1.2382
SMCI,2026-05-04,1.514,gap_1_2,PMH,27.76,09:38,27.85,0.215,SL,-0.5,SL,-0.5,TP,2.0
SMCI,2026-05-06,12.749,gap_2plus,PMH,33.37,09:32,33.42,3.68,SL,-0.5,SL,-0.5,SL,-1.0
SMCI,2026-05-20,1.455,gap_1_2,BOTH,31.345,09:37,31.58,5.953,SL,-0.5,SL,-0.5,TP,2.0
SMCI,2026-05-22,1.046,gap_1_2,PMH,34.04,09:34,34.095,4.355,TP,1.0,TP,1.5,TP,2.0
SMCI,2026-05-26,1.209,gap_1_2,PDH,35.935,09:39,35.98,3.099,SL,-0.5,SL,-0.5,SL,-1.0
SMCI,2026-05-27,3.221,gap_2plus,PDH,37.91,09:52,38.04,0.394,SL,-0.5,SL,-0.5,SL,-1.0
SMCI,2026-05-29,7.722,gap_2plus,PMH,46.78,09:40,46.97,-1.831,SL,-0.5,SL,-0.5,TP,2.0
SMCI,2026-06-02,3.999,gap_2plus,PMH,49.75,10:08,49.7689,0.806,TP,1.0,TP,1.5,SL,-1.0
SMCI,2026-06-15,4.039,gap_2plus,PDH,31.81,09:35,31.97,-3.472,SL,-0.5,SL,-0.5,SL,-1.0
SNPS,2025-12-18,1.6,gap_1_2,PMH,462.253,09:31,466.09,-1.701,SL,-0.5,SL,-0.5,SL,-1.0
SNPS,2026-01-02,1.816,gap_1_2,PMH,478.8,09:42,479.89,0.108,TP,1.0,SL,-0.5,SL,-1.0
SNPS,2026-01-05,1.045,gap_1_2,BOTH,485.0,09:52,487.195,1.44,TP,1.0,TP,1.5,TP,2.0
SNPS,2026-02-06,3.543,gap_2plus,PMH,424.0,09:43,424.075,0.64,SL,-0.5,SL,-0.5,SL,-1.0
SNPS,2026-02-18,3.933,gap_2plus,PMH,439.99,09:31,441.795,0.105,SL,-0.5,SL,-0.5,SL,-1.0
SNPS,2026-03-16,1.862,gap_1_2,PDH,425.49,09:57,425.855,-0.053,EOD,-0.0528,EOD,-0.0528,EOD,-0.0528
SNPS,2026-03-31,1.736,gap_1_2,BOTH,389.35,09:36,390.98,1.35,TP,1.0,SL,-0.5,EOD,1.3505
SNPS,2026-04-01,1.777,gap_1_2,PDH,397.47,09:51,397.575,-0.187,TP,1.0,EOD,-0.1874,EOD,-0.1874
SNPS,2026-04-14,1.724,gap_1_2,PMH,425.03,09:32,426.79,-1.877,SL,-0.5,SL,-0.5,SL,-1.0
SNPS,2026-04-15,1.309,gap_1_2,PMH,424.94,09:33,425.665,3.004,TP,1.0,SL,-0.5,TP,2.0
SNPS,2026-04-16,1.806,gap_1_2,PMH,446.09,09:32,448.93,-1.733,SL,-0.5,SL,-0.5,SL,-1.0
SNPS,2026-04-17,2.584,gap_2plus,PMH,453.0,09:37,453.93,-0.943,SL,-0.5,SL,-0.5,SL,-1.0
SNPS,2026-04-24,2.743,gap_2plus,PMH,473.68,09:31,475.38,5.366,TP,1.0,TP,1.5,TP,2.0
SNPS,2026-05-01,1.772,gap_1_2,PMH,489.2,10:29,489.26,-0.047,SL,-0.5,SL,-0.5,EOD,-0.047
SNPS,2026-05-26,1.071,gap_1_2,BOTH,534.0,10:00,534.47,-0.024,EOD,-0.0243,EOD,-0.0243,EOD,-0.0243
SNPS,2026-06-15,1.893,gap_1_2,PDH,461.09,09:34,461.33,-1.461,SL,-0.5,SL,-0.5,SL,-1.0
SO,2026-02-20,1.557,gap_1_2,PDH,95.655,09:34,95.765,-1.54,SL,-0.5,SL,-0.5,SL,-1.0
SO,2026-03-30,1.215,gap_1_2,PDH,96.555,09:40,96.58,0.373,TP,1.0,EOD,0.3727,EOD,0.3727
SO,2026-04-30,1.048,gap_1_2,BOTH,94.41,09:32,94.65,2.166,TP,1.0,TP,1.5,TP,2.0
SPGI,2026-03-23,1.19,gap_1_2,PDH,428.2699,09:38,428.52,0.121,TP,1.0,SL,-0.5,EOD,0.1213
SPGI,2026-03-25,1.588,gap_1_2,PMH,416.5,09:33,417.055,-2.09,SL,-0.5,SL,-0.5,SL,-1.0
SPGI,2026-03-31,1.215,gap_1_2,PMH,422.55,09:42,423.76,0.359,SL,-0.5,SL,-0.5,SL,-1.0
SPGI,2026-04-08,1.758,gap_1_2,PDH,436.97,09:31,438.055,-0.25,SL,-0.5,SL,-0.5,EOD,-0.25
SPGI,2026-04-17,1.392,gap_1_2,PDH,440.45,09:37,440.51,0.472,SL,-0.5,SL,-0.5,EOD,0.4722
SPGI,2026-04-22,1.228,gap_1_2,PDH,453.605,09:36,454.86,-1.303,SL,-0.5,SL,-0.5,SL,-1.0
SPGI,2026-04-28,1.125,gap_1_2,PMH,446.62,09:32,446.7,-2.968,TP,1.0,TP,1.5,SL,-1.0
SYK,2026-01-30,4.245,gap_2plus,PMH,369.0,09:32,373.68,-1.148,SL,-0.5,SL,-0.5,SL,-1.0
SYK,2026-02-13,1.052,gap_1_2,PDH,372.05,10:38,372.13,-1.628,SL,-0.5,SL,-0.5,SL,-1.0
SYK,2026-03-13,1.139,gap_1_2,PMH,339.98,09:32,340.99,-1.238,TP,1.0,SL,-0.5,SL,-1.0
SYK,2026-03-16,1.134,gap_1_2,PDH,344.4,09:41,346.66,0.865,SL,-0.5,SL,-0.5,EOD,0.8654
SYK,2026-04-10,1.133,gap_1_2,PMH,341.0,11:06,341.14,-0.58,SL,-0.5,SL,-0.5,SL,-1.0
SYK,2026-04-17,1.055,gap_1_2,PDH,342.78,09:31,343.73,-0.137,SL,-0.5,SL,-0.5,EOD,-0.1367
SYK,2026-05-12,1.136,gap_1_2,PDH,286.34,09:36,286.44,2.821,SL,-0.5,SL,-0.5,TP,2.0
SYK,2026-05-15,1.43,gap_1_2,PMH,310.18,09:42,310.8899,-1.309,SL,-0.5,SL,-0.5,SL,-1.0
SYK,2026-06-04,1.661,gap_1_2,PMH,301.03,11:02,301.17,-0.017,SL,-0.5,SL,-0.5,SL,-1.0
SYK,2026-06-05,1.491,gap_1_2,PDH,306.45,09:31,306.625,-0.308,TP,1.0,SL,-0.5,EOD,-0.3082
T,2026-01-30,1.573,gap_1_2,PMH,25.55,09:32,25.585,2.482,SL,-0.5,SL,-0.5,SL,-1.0
T,2026-04-28,1.646,gap_1_2,PMH,25.96,09:49,25.975,0.366,TP,1.0,EOD,0.3657,EOD,0.3657
T,2026-06-04,1.358,gap_1_2,PMH,23.95,09:39,23.955,-4.863,SL,-0.5,SL,-0.5,SL,-1.0
TEAM,2026-01-28,1.195,gap_1_2,PMH,135.49,09:34,135.615,-0.594,SL,-0.5,SL,-0.5,TP,2.0
TEAM,2026-02-17,1.256,gap_1_2,PMH,86.09,09:31,86.32,-4.866,TP,1.0,SL,-0.5,SL,-1.0
TEAM,2026-03-16,2.035,gap_2plus,PDH,76.09,09:31,76.39,-0.327,SL,-0.5,SL,-0.5,SL,-1.0
TEAM,2026-03-19,1.184,gap_1_2,BOTH,74.47,09:34,74.61,-0.08,TP,1.0,TP,1.5,TP,2.0
TEAM,2026-04-14,1.501,gap_1_2,PMH,62.3255,09:32,62.74,-4.861,TP,1.0,SL,-0.5,SL,-1.0
TEAM,2026-04-15,2.597,gap_2plus,PMH,61.03,09:33,61.49,7.335,TP,1.0,TP,1.5,TP,2.0
TEAM,2026-04-16,5.606,gap_2plus,PMH,69.99,09:32,70.565,-2.6,SL,-0.5,SL,-0.5,SL,-1.0
TEAM,2026-04-24,1.76,gap_1_2,PMH,69.9,09:34,70.14,2.096,SL,-0.5,SL,-0.5,SL,-1.0
TEAM,2026-05-01,20.89,gap_2plus,PMH,86.6,09:35,86.8889,2.257,SL,-0.5,SL,-0.5,SL,-1.0
TEAM,2026-05-07,3.176,gap_2plus,PDH,91.48,09:48,92.3,0.076,SL,-0.5,SL,-0.5,SL,-1.0
TEAM,2026-05-19,3.567,gap_2plus,PDH,91.4,09:38,91.72,-5.549,TP,1.0,SL,-0.5,TP,2.0
TEAM,2026-05-22,1.752,gap_1_2,BOTH,84.28,10:29,84.345,1.31,SL,-0.5,SL,-0.5,TP,2.0
TEAM,2026-05-28,2.133,gap_2plus,PDH,90.84,09:42,91.1,2.404,TP,1.0,TP,1.5,TP,2.0
TEAM,2026-05-29,5.017,gap_2plus,PMH,98.23,09:38,98.67,9.01,TP,1.0,SL,-0.5,SL,-1.0
TEAM,2026-06-01,6.155,gap_2plus,PMH,116.24,11:18,116.25,-0.335,SL,-0.5,SL,-0.5,SL,-1.0
TEAM,2026-06-04,3.952,gap_2plus,PMH,105.01,09:52,105.1648,-3.504,SL,-0.5,SL,-0.5,SL,-1.0
TEAM,2026-06-15,1.637,gap_1_2,PDH,90.05,09:35,90.4,1.283,TP,1.0,SL,-0.5,SL,-1.0
TJX,2026-02-12,1.582,gap_1_2,PMH,153.0,09:34,153.435,0.473,SL,-0.5,SL,-0.5,EOD,0.4725
TJX,2026-03-23,1.49,gap_1_2,PDH,156.68,09:38,156.765,-0.182,SL,-0.5,SL,-0.5,EOD,-0.1818
TJX,2026-03-30,1.27,gap_1_2,PMH,156.81,09:57,156.85,-0.663,SL,-0.5,SL,-0.5,SL,-1.0
TJX,2026-05-20,1.443,gap_1_2,PMH,158.18,09:33,158.3292,0.582,TP,1.0,SL,-0.5,EOD,0.5816
TJX,2026-06-04,1.343,gap_1_2,PMH,160.25,09:31,160.645,-1.248,SL,-0.5,SL,-0.5,SL,-1.0
TMO,2026-03-17,1.174,gap_1_2,PDH,474.5037,10:27,474.93,-0.472,SL,-0.5,SL,-0.5,EOD,-0.4716
TMO,2026-03-25,1.046,gap_1_2,BOTH,495.69,09:42,495.865,-1.038,SL,-0.5,SL,-0.5,SL,-1.0
TMO,2026-03-31,1.56,gap_1_2,PDH,483.58,11:06,483.715,1.707,TP,1.0,TP,1.5,TP,2.0
TMO,2026-04-17,1.407,gap_1_2,PMH,522.0,09:31,523.06,0.669,SL,-0.5,SL,-0.5,EOD,0.6691
TMO,2026-06-04,1.724,gap_1_2,PMH,479.87,09:49,480.15,0.392,TP,1.0,TP,1.5,EOD,0.3915
TSLA,2025-12-18,2.346,gap_2plus,PMH,478.75,09:43,479.435,0.826,SL,-0.5,SL,-0.5,TP,2.0
TSLA,2025-12-22,1.849,gap_1_2,BOTH,490.35,09:31,494.215,-1.102,SL,-0.5,SL,-0.5,SL,-1.0
TSLA,2026-01-05,2.214,gap_2plus,PMH,448.68,09:33,449.85,0.409,TP,1.0,TP,1.5,EOD,0.409
TSLA,2026-01-29,1.432,gap_1_2,PDH,438.26,09:31,438.375,-5.004,SL,-0.5,SL,-0.5,SL,-1.0
TSLA,2026-01-30,2.24,gap_2plus,PMH,428.365,10:06,429.0628,0.363,TP,1.0,TP,1.5,TP,2.0
TSLA,2026-03-04,1.401,gap_1_2,PMH,402.0,09:33,403.11,0.732,SL,-0.5,SL,-0.5,SL,-1.0
TSLA,2026-03-16,1.291,gap_1_2,PMH,397.31,09:31,398.65,-0.793,TP,1.0,SL,-0.5,SL,-1.0
TSLA,2026-03-23,1.413,gap_1_2,PDH,379.89,09:39,380.25,0.158,TP,1.0,SL,-0.5,EOD,0.1578
TSLA,2026-03-25,1.801,gap_1_2,PMH,392.5448,09:32,393.2854,-1.868,SL,-0.5,SL,-0.5,SL,-1.0
TSLA,2026-03-30,1.133,gap_1_2,PMH,366.25,09:31,366.93,-3.175,SL,-0.5,SL,-0.5,SL,-1.0
TSLA,2026-04-01,1.867,gap_1_2,PMH,381.15,10:58,381.5,-0.063,SL,-0.5,SL,-0.5,SL,-1.0
TSLA,2026-04-08,4.972,gap_2plus,PDH,348.02,10:34,348.04,-1.379,SL,-0.5,SL,-0.5,SL,-1.0
TSLA,2026-04-14,1.491,gap_1_2,PMH,359.9,09:31,360.9699,0.884,SL,-0.5,SL,-0.5,SL,-1.0
TSLA,2026-04-17,1.834,gap_1_2,PDH,394.06,09:37,394.45,1.574,TP,1.0,TP,1.5,TP,2.0
TTWO,2026-02-02,2.342,gap_2plus,PMH,226.0,09:33,226.04,-1.911,SL,-0.5,SL,-0.5,SL,-1.0
TTWO,2026-02-09,1.013,gap_1_2,PDH,198.07,09:33,198.34,3.368,TP,1.0,TP,1.5,TP,2.0
TTWO,2026-02-10,3.644,gap_2plus,PMH,211.63,09:35,212.285,-0.728,SL,-0.5,SL,-0.5,SL,-1.0
TTWO,2026-03-30,1.629,gap_1_2,PDH,194.0,09:39,194.315,-0.61,SL,-0.5,SL,-0.5,SL,-1.0
TTWO,2026-04-08,2.259,gap_2plus,PMH,203.93,09:31,204.63,-1.227,SL,-0.5,SL,-0.5,SL,-1.0
TTWO,2026-04-15,1.268,gap_1_2,PDH,207.84,09:33,208.32,2.808,TP,1.0,TP,1.5,TP,2.0
TTWO,2026-04-16,1.177,gap_1_2,PDH,215.37,09:36,215.58,-0.761,SL,-0.5,SL,-0.5,SL,-1.0
TTWO,2026-05-04,1.556,gap_1_2,PMH,219.0,09:31,219.665,2.547,TP,1.0,TP,1.5,TP,2.0
TTWO,2026-05-07,1.6,gap_1_2,PDH,225.14,09:39,225.48,-0.883,SL,-0.5,SL,-0.5,SL,-1.0
TTWO,2026-05-12,1.287,gap_1_2,PDH,224.9273,09:57,224.995,0.473,TP,1.0,TP,1.5,EOD,0.4733
TTWO,2026-05-14,5.469,gap_2plus,PMH,243.97,10:53,245.07,-1.085,SL,-0.5,SL,-0.5,SL,-1.0
TTWO,2026-06-01,1.521,gap_1_2,PMH,228.695,09:32,228.725,-0.754,SL,-0.5,SL,-0.5,SL,-1.0
TXN,2025-12-18,1.485,gap_1_2,PMH,177.02,09:40,177.09,-0.525,SL,-0.5,SL,-0.5,EOD,-0.5252
TXN,2025-12-22,1.804,gap_1_2,PDH,178.24,10:32,178.365,0.255,EOD,0.2551,EOD,0.2551,EOD,0.2551
TXN,2026-01-02,1.141,gap_1_2,BOTH,176.0772,09:33,176.97,0.305,SL,-0.5,SL,-0.5,SL,-1.0
TXN,2026-01-06,1.645,gap_1_2,PDH,182.89,09:32,183.18,4.859,TP,1.0,TP,1.5,TP,2.0
TXN,2026-01-22,1.476,gap_1_2,PDH,196.13,10:10,196.1325,-0.588,SL,-0.5,SL,-0.5,SL,-1.0
TXN,2026-03-16,1.944,gap_1_2,PDH,193.75,10:00,193.78,0.186,SL,-0.5,SL,-0.5,EOD,0.1858
TXN,2026-03-23,3.91,gap_2plus,PDH,190.33,09:43,190.49,-1.003,SL,-0.5,SL,-0.5,SL,-1.0
TXN,2026-03-25,1.485,gap_1_2,PMH,198.0,09:31,198.205,-0.694,SL,-0.5,SL,-0.5,SL,-1.0
TXN,2026-03-31,2.087,gap_2plus,PMH,190.95,09:58,191.13,1.564,SL,-0.5,SL,-0.5,SL,-1.0
TXN,2026-04-06,1.088,gap_1_2,PMH,196.76,10:09,196.855,1.298,TP,1.0,EOD,1.2979,EOD,1.2979
TXN,2026-04-08,3.57,gap_2plus,PMH,208.5,09:31,209.3,-0.186,SL,-0.5,SL,-0.5,SL,-1.0
TXN,2026-04-09,1.733,gap_1_2,PMH,213.13,09:53,213.31,0.755,TP,1.0,EOD,0.7548,EOD,0.7548
TXN,2026-04-17,2.317,gap_2plus,PMH,230.0,11:53,230.07,-0.113,SL,-0.5,SL,-0.5,EOD,-0.113
TXN,2026-04-20,1.014,gap_1_2,PDH,230.53,09:34,230.6,1.344,TP,1.0,EOD,1.3443,EOD,1.3443
TXN,2026-04-22,1.387,gap_1_2,PDH,236.0,09:32,236.2,0.085,SL,-0.5,SL,-0.5,EOD,0.0847
TXN,2026-04-23,10.114,gap_2plus,PMH,265.6,09:31,268.4,5.22,TP,1.0,TP,1.5,TP,2.0
TXN,2026-04-29,1.764,gap_1_2,PMH,271.75,09:31,272.03,-1.0,SL,-0.5,SL,-0.5,SL,-1.0
TXN,2026-05-11,1.132,gap_1_2,PMH,291.99,09:31,292.2151,1.898,TP,1.0,SL,-0.5,SL,-1.0
TXN,2026-05-13,2.54,gap_2plus,PMH,305.0,09:33,305.175,0.405,TP,1.0,EOD,0.4047,EOD,0.4047
TXN,2026-05-18,1.949,gap_1_2,BOTH,307.5,09:32,307.81,-2.378,SL,-0.5,SL,-0.5,SL,-1.0
TXN,2026-05-26,2.988,gap_2plus,PMH,319.9007,09:35,320.565,1.34,TP,1.0,TP,1.5,EOD,1.3398
TXN,2026-06-02,2.892,gap_2plus,BOTH,302.0,09:38,302.31,1.905,SL,-0.5,SL,-0.5,SL,-1.0
TXN,2026-06-08,3.141,gap_2plus,PMH,295.0,11:05,295.11,-1.444,SL,-0.5,SL,-0.5,SL,-1.0
TXN,2026-06-11,2.525,gap_2plus,PMH,289.98,09:46,290.84,2.128,SL,-0.5,SL,-0.5,SL,-1.0
TXN,2026-06-15,3.009,gap_2plus,PMH,313.28,09:50,313.7999,-0.147,SL,-0.5,SL,-0.5,SL,-1.0
UNH,2026-01-06,1.818,gap_1_2,PMH,348.38,09:36,349.125,-0.033,SL,-0.5,SL,-0.5,SL,-1.0
UNH,2026-02-25,1.21,gap_1_2,PMH,278.0,09:34,278.59,2.007,TP,1.0,TP,1.5,TP,2.0
UNH,2026-04-01,1.342,gap_1_2,PDH,271.88,09:44,272.275,0.608,SL,-0.5,SL,-0.5,EOD,0.6078
UNH,2026-04-17,1.157,gap_1_2,PDH,318.61,09:31,319.355,1.62,TP,1.0,TP,1.5,EOD,1.6205
UNH,2026-04-21,9.119,gap_2plus,PMH,353.85,09:44,354.705,-2.449,SL,-0.5,SL,-0.5,SL,-1.0
UNH,2026-04-22,1.439,gap_1_2,PDH,357.68,11:09,357.78,-1.219,SL,-0.5,SL,-0.5,SL,-1.0
UNP,2026-01-27,1.736,gap_1_2,BOTH,231.74,09:36,232.465,0.037,TP,1.0,TP,1.5,EOD,0.0366
UNP,2026-03-23,1.856,gap_1_2,PMH,238.61,09:41,239.19,-0.318,EOD,-0.3177,EOD,-0.3177,EOD,-0.3177
UNP,2026-03-30,1.198,gap_1_2,PMH,240.74,10:02,240.755,-0.609,SL,-0.5,SL,-0.5,EOD,-0.6085
UNP,2026-04-08,1.771,gap_1_2,PMH,251.47,09:32,251.69,-1.021,SL,-0.5,SL,-0.5,SL,-1.0
USB,2026-01-21,1.14,gap_1_2,PDH,55.3425,09:33,55.51,-0.036,TP,1.0,SL,-0.5,EOD,-0.036
USB,2026-02-17,1.014,gap_1_2,BOTH,58.14,10:29,58.16,0.069,EOD,0.0688,EOD,0.0688,EOD,0.0688
USB,2026-02-26,1.356,gap_1_2,PMH,56.95,11:34,56.965,0.535,SL,-0.5,SL,-0.5,EOD,0.5354
USB,2026-03-13,1.166,gap_1_2,PDH,52.03,09:37,52.04,-1.97,SL,-0.5,SL,-0.5,SL,-1.0
USB,2026-03-16,1.068,gap_1_2,PMH,51.58,09:38,51.6,-0.853,SL,-0.5,SL,-0.5,SL,-1.0
USB,2026-03-17,1.622,gap_1_2,PDH,51.975,10:06,51.98,-0.748,SL,-0.5,SL,-0.5,SL,-1.0
USB,2026-04-01,1.423,gap_1_2,PMH,52.63,09:35,52.65,0.228,SL,-0.5,SL,-0.5,EOD,0.2279
USB,2026-04-08,2.831,gap_2plus,PMH,55.53,09:37,55.59,-0.396,SL,-0.5,SL,-0.5,SL,-1.0
USB,2026-04-28,1.126,gap_1_2,PDH,56.42,11:05,56.44,-0.39,SL,-0.5,SL,-0.5,EOD,-0.3898
USB,2026-06-04,1.166,gap_1_2,PDH,54.4,09:43,54.425,1.902,TP,1.0,TP,1.5,TP,2.0
V,2026-03-30,1.09,gap_1_2,PMH,298.72,09:35,298.96,0.201,SL,-0.5,SL,-0.5,SL,-1.0
V,2026-04-08,1.736,gap_1_2,PMH,310.16,09:33,310.2,-0.4,SL,-0.5,SL,-0.5,EOD,-0.3997
V,2026-04-29,8.758,gap_2plus,PMH,336.34,10:15,336.38,-0.455,TP,1.0,SL,-0.5,EOD,-0.4548
VRSK,2026-02-05,2.01,gap_2plus,BOTH,193.79,09:32,195.1,-5.366,TP,1.0,SL,-0.5,SL,-1.0
VRSK,2026-02-18,9.656,gap_2plus,PDH,183.62,09:34,185.47,-0.701,TP,1.0,TP,1.5,SL,-1.0
VRSK,2026-02-23,1.08,gap_1_2,BOTH,185.19,09:38,185.53,-2.107,SL,-0.5,SL,-0.5,SL,-1.0
VRSK,2026-02-26,1.322,gap_1_2,PMH,199.0,09:32,199.385,1.617,SL,-0.5,SL,-0.5,TP,2.0
VRSK,2026-03-02,1.146,gap_1_2,PMH,209.91,09:32,210.35,2.111,SL,-0.5,SL,-0.5,TP,2.0
VRSK,2026-03-30,1.155,gap_1_2,PDH,185.84,09:31,185.89,0.818,SL,-0.5,SL,-0.5,TP,2.0
VRSK,2026-04-16,1.092,gap_1_2,PDH,179.51,09:32,180.38,-1.12,SL,-0.5,SL,-0.5,SL,-1.0
VRSK,2026-04-28,1.847,gap_1_2,PDH,180.22,10:52,180.37,-2.062,SL,-0.5,SL,-0.5,SL,-1.0
VRSK,2026-04-29,5.004,gap_2plus,PDH,180.41,10:07,180.515,4.246,TP,1.0,TP,1.5,TP,2.0
VRSK,2026-05-01,1.322,gap_1_2,PMH,187.18,09:36,187.77,-3.579,SL,-0.5,SL,-0.5,SL,-1.0
VRSK,2026-05-19,1.798,gap_1_2,PMH,174.27,09:41,174.4,-2.099,TP,1.0,TP,1.5,TP,2.0
VRSK,2026-06-04,2.652,gap_2plus,PMH,182.27,09:31,182.82,-1.543,SL,-0.5,SL,-0.5,SL,-1.0
VRSK,2026-06-05,1.65,gap_1_2,PMH,183.54,09:33,183.59,-1.013,SL,-0.5,SL,-0.5,SL,-1.0
VRTX,2026-01-06,1.321,gap_1_2,PMH,456.34,09:31,457.1725,2.408,TP,1.0,TP,1.5,TP,2.0
VRTX,2026-03-10,4.837,gap_2plus,PMH,491.8067,09:32,495.51,0.705,SL,-0.5,SL,-0.5,TP,2.0
VRTX,2026-03-16,1.234,gap_1_2,PMH,474.55,09:50,474.7,-1.816,SL,-0.5,SL,-0.5,SL,-1.0
VRTX,2026-04-08,1.054,gap_1_2,PDH,435.5,09:56,436.68,1.614,TP,1.0,TP,1.5,EOD,1.6145
VRTX,2026-04-17,1.357,gap_1_2,PMH,440.78,09:56,440.84,0.077,SL,-0.5,SL,-0.5,EOD,0.0771
VRTX,2026-04-28,1.23,gap_1_2,PMH,431.06,09:32,431.245,-0.259,SL,-0.5,SL,-0.5,SL,-1.0
VZ,2026-01-30,5.514,gap_2plus,PMH,42.11,09:31,42.8,4.019,SL,-0.5,SL,-0.5,SL,-1.0
VZ,2026-02-04,1.212,gap_1_2,PDH,46.76,09:33,46.765,0.513,SL,-0.5,SL,-0.5,SL,-1.0
VZ,2026-02-19,1.759,gap_1_2,PMH,48.88,09:31,48.885,-0.542,SL,-0.5,SL,-0.5,EOD,-0.5421
VZ,2026-06-04,1.04,gap_1_2,PMH,47.3,09:31,47.315,-5.157,SL,-0.5,SL,-0.5,SL,-1.0
VZ,2026-06-10,1.508,gap_1_2,PMH,46.51,09:39,46.5457,0.858,SL,-0.5,SL,-0.5,SL,-1.0
VZ,2026-06-12,1.044,gap_1_2,PMH,47.37,09:33,47.38,1.499,TP,1.0,TP,1.5,EOD,1.4985
WDAY,2026-02-26,2.793,gap_2plus,PMH,137.96,09:39,138.2954,0.538,TP,1.0,TP,1.5,TP,2.0
WDAY,2026-03-23,1.015,gap_1_2,PDH,136.88,09:33,136.965,0.04,SL,-0.5,SL,-0.5,SL,-1.0
WDAY,2026-03-25,1.64,gap_1_2,PMH,130.78,09:47,131.0,-2.962,SL,-0.5,SL,-0.5,SL,-1.0
WDAY,2026-04-13,1.573,gap_1_2,PDH,114.25,09:33,114.325,4.894,TP,1.0,TP,1.5,TP,2.0
WDAY,2026-04-15,1.965,gap_1_2,PMH,120.02,09:34,120.675,2.863,TP,1.0,TP,1.5,TP,2.0
WDAY,2026-04-16,4.616,gap_2plus,PMH,129.6,09:32,130.38,-4.226,SL,-0.5,SL,-0.5,SL,-1.0
WDAY,2026-04-28,2.092,gap_2plus,PDH,120.69,09:45,121.0,0.149,SL,-0.5,SL,-0.5,SL,-1.0
WDAY,2026-05-01,5.394,gap_2plus,PDH,122.57,10:21,122.71,3.488,SL,-0.5,SL,-0.5,TP,2.0
WDAY,2026-05-07,2.52,gap_2plus,PDH,127.295,10:03,127.37,2.779,TP,1.0,TP,1.5,TP,2.0
WDAY,2026-05-19,3.018,gap_2plus,PMH,134.0,09:47,134.77,-4.029,SL,-0.5,SL,-0.5,SL,-1.0
WDAY,2026-05-28,1.847,gap_1_2,PMH,128.66,09:58,128.955,0.826,TP,1.0,SL,-0.5,SL,-1.0
WDAY,2026-05-29,2.507,gap_2plus,PMH,134.0,09:42,134.1,9.031,SL,-0.5,SL,-0.5,TP,2.0
WDAY,2026-06-01,4.268,gap_2plus,PMH,158.0,10:58,158.16,-0.594,SL,-0.5,SL,-0.5,SL,-1.0
WDAY,2026-06-04,4.172,gap_2plus,PMH,151.9,10:02,151.985,-2.681,SL,-0.5,SL,-0.5,SL,-1.0
WELL,2026-02-11,3.656,gap_2plus,PMH,208.82,09:36,208.85,-0.46,TP,1.0,SL,-0.5,SL,-1.0
WELL,2026-03-30,1.155,gap_1_2,PDH,197.98,10:05,198.0,-1.354,SL,-0.5,SL,-0.5,SL,-1.0
WELL,2026-06-04,1.266,gap_1_2,PDH,200.92,10:14,200.99,-0.08,SL,-0.5,SL,-0.5,SL,-1.0
WMT,2026-02-19,1.335,gap_1_2,BOTH,128.81,09:38,129.27,-3.442,SL,-0.5,SL,-0.5,SL,-1.0
XOM,2026-01-05,2.096,gap_2plus,PDH,122.68,10:10,122.84,2.092,TP,1.0,TP,1.5,TP,2.0
XOM,2026-01-20,1.263,gap_1_2,PMH,131.5,10:04,131.58,-0.836,SL,-0.5,SL,-0.5,SL,-1.0
XOM,2026-01-23,1.07,gap_1_2,PMH,135.25,09:33,135.7651,-0.586,SL,-0.5,SL,-0.5,EOD,-0.5856
XOM,2026-01-29,1.992,gap_1_2,PMH,140.8,09:31,140.91,-0.362,TP,1.0,SL,-0.5,SL,-1.0
XOM,2026-02-11,1.59,gap_1_2,PMH,154.33,09:31,154.38,0.761,TP,1.0,TP,1.5,EOD,0.7611
XOM,2026-02-18,1.306,gap_1_2,PMH,148.5,09:31,148.73,1.284,SL,-0.5,SL,-0.5,EOD,1.2842
XOM,2026-02-27,1.642,gap_1_2,PDH,150.96,09:36,151.215,0.903,SL,-0.5,SL,-0.5,SL,-1.0
XOM,2026-03-02,4.437,gap_2plus,PDH,153.65,10:31,153.995,0.127,SL,-0.5,SL,-0.5,EOD,0.1266
XOM,2026-04-02,2.301,gap_2plus,PMH,166.5,09:40,166.89,-3.727,SL,-0.5,SL,-0.5,SL,-1.0
XOM,2026-04-28,2.261,gap_2plus,PMH,151.69,09:31,151.85,-0.83,SL,-0.5,SL,-0.5,SL,-1.0
XOM,2026-05-11,1.122,gap_1_2,BOTH,146.5,09:49,146.655,2.063,TP,1.0,TP,1.5,TP,2.0
XOM,2026-06-01,1.163,gap_1_2,PMH,148.0,09:40,148.12,0.905,TP,1.0,EOD,0.9047,EOD,0.9047
XOM,2026-06-10,1.619,gap_1_2,PDH,151.13,09:32,151.15,-0.324,SL,-0.5,SL,-0.5,SL,-1.0
ZS,2026-01-26,1.226,gap_1_2,PMH,214.2,09:52,214.5,-0.068,SL,-0.5,SL,-0.5,SL,-1.0
ZS,2026-01-27,4.5,gap_2plus,PMH,225.05,09:36,225.14,-2.452,SL,-0.5,SL,-0.5,SL,-1.0
ZS,2026-02-13,1.953,gap_1_2,PDH,173.99,09:31,174.365,1.976,SL,-0.5,SL,-0.5,TP,2.0
ZS,2026-02-26,2.575,gap_2plus,PMH,160.6,09:39,160.845,4.075,TP,1.0,TP,1.5,TP,2.0
ZS,2026-03-25,1.944,gap_1_2,PMH,142.75,09:37,142.935,-2.403,SL,-0.5,SL,-0.5,SL,-1.0
ZS,2026-03-30,1.532,gap_1_2,BOTH,135.6599,09:31,136.14,0.852,TP,1.0,TP,1.5,TP,2.0
ZS,2026-04-08,4.511,gap_2plus,PDH,142.7,09:47,143.195,-3.74,SL,-0.5,SL,-0.5,SL,-1.0
ZS,2026-04-15,2.054,gap_2plus,PMH,125.48,09:34,125.88,4.107,SL,-0.5,SL,-0.5,TP,2.0
ZS,2026-04-16,2.877,gap_2plus,PMH,135.5,09:31,136.32,-1.452,TP,1.0,SL,-0.5,SL,-1.0
ZS,2026-04-17,2.829,gap_2plus,BOTH,138.0,09:45,138.34,-2.653,SL,-0.5,SL,-0.5,SL,-1.0
ZS,2026-05-01,3.566,gap_2plus,PMH,135.4,09:41,135.63,3.089,SL,-0.5,SL,-0.5,SL,-1.0
ZS,2026-05-15,1.574,gap_1_2,PMH,157.68,10:17,157.81,2.053,SL,-0.5,SL,-0.5,TP,2.0
ZS,2026-05-18,1.434,gap_1_2,PMH,165.8731,09:39,166.215,5.087,TP,1.0,TP,1.5,TP,2.0
ZS,2026-05-19,1.992,gap_1_2,PDH,178.26,09:38,179.41,-2.302,SL,-0.5,SL,-0.5,SL,-1.0
ZS,2026-05-26,1.404,gap_1_2,PDH,183.02,09:40,183.344,0.68,TP,1.0,TP,1.5,TP,2.0
ZS,2026-05-29,1.269,gap_1_2,BOTH,132.9693,10:04,133.5,4.704,SL,-0.5,SL,-0.5,SL,-1.0
ZS,2026-06-01,3.377,gap_2plus,PMH,147.0,09:36,147.795,5.335,TP,1.0,TP,1.5,TP,2.0
ZS,2026-06-04,1.131,gap_1_2,PMH,136.08,09:51,136.095,-0.606,SL,-0.5,SL,-0.5,SL,-1.0
ZTS,2026-02-06,1.026,gap_1_2,PMH,127.99,09:56,128.06,-0.476,SL,-0.5,SL,-0.5,SL,-1.0
ZTS,2026-02-12,2.977,gap_2plus,PDH,129.76,10:59,129.95,-3.324,SL,-0.5,SL,-0.5,SL,-1.0
ZTS,2026-03-23,1.306,gap_1_2,PDH,117.19,11:13,117.2,-1.681,SL,-0.5,SL,-0.5,SL,-1.0
ZTS,2026-03-25,1.139,gap_1_2,PDH,117.11,10:04,117.16,-0.358,SL,-0.5,SL,-0.5,SL,-1.0
ZTS,2026-03-30,1.324,gap_1_2,PMH,115.11,11:01,115.235,0.985,TP,1.0,EOD,0.9849,EOD,0.9849
ZTS,2026-04-08,1.678,gap_1_2,PDH,118.48,09:32,118.53,1.029,TP,1.0,EOD,1.0293,EOD,1.0293
ZTS,2026-05-01,1.061,gap_1_2,PDH,115.535,09:32,115.54,-1.203,SL,-0.5,SL,-0.5,SL,-1.0
ZTS,2026-05-12,1.291,gap_1_2,PMH,77.61,09:35,77.805,-1.112,SL,-0.5,SL,-0.5,SL,-1.0
ZTS,2026-05-19,2.097,gap_2plus,PDH,77.955,09:38,78.06,1.115,TP,1.0,TP,1.5,TP,2.0
ZTS,2026-05-22,1.012,gap_1_2,BOTH,80.42,09:32,80.7,0.781,TP,1.0,TP,1.5,TP,2.0
ZTS,2026-06-04,2.241,gap_2plus,PMH,80.24,09:38,80.29,-0.934,TP,1.0,TP,1.5,SL,-1.0
ZTS,2026-06-15,1.571,gap_1_2,PMH,80.79,09:47,80.855,-1.119,SL,-0.5,SL,-0.5,SL,-1.0
